# 3ds Max Wavefront OBJ Exporter v0.97b - (c)2007 guruware
# File Created: 11.05.2022 16:16:48

#
# object 31343IN_SS
#

v  -1.8842 7.0517 4.7808
v  -2.8937 7.0119 4.7793
v  -3.9181 6.9547 4.7759
v  -4.9405 6.8723 4.7725
v  -5.9346 6.7544 4.7709
v  -6.8815 6.5946 4.7707
v  -7.7779 6.3785 4.7652
v  -8.6200 6.0666 4.7466
v  -9.3535 5.5730 4.7290
v  -9.7930 4.9507 4.7117
v  -10.0068 4.2971 4.6848
v  -10.0563 3.6086 4.6685
v  -9.9761 2.9175 4.6498
v  -9.8108 2.2494 4.6311
v  -9.5989 1.5778 4.6119
v  -9.3143 0.7832 4.5890
v  -9.0021 -0.0013 4.5649
v  -8.6168 -0.8569 4.5397
v  -8.1488 -1.7778 4.5126
v  -7.5866 -2.7590 4.4824
v  -6.9288 -3.7797 4.4509
v  -6.1996 -4.8032 4.4186
v  -5.3437 -5.8868 4.3855
v  -4.3651 -6.9963 4.3523
v  -3.3757 -7.9332 4.3223
v  -2.2686 -8.7228 4.2989
v  -1.0113 -9.2492 4.2785
v  -0.9840 -9.0671 4.3689
v  -6.0278 -4.6812 4.4772
v  -6.7554 -3.6638 4.5075
v  -7.4145 -2.6494 4.5430
v  -7.9794 -1.6762 4.5776
v  -8.4421 -0.7708 4.6028
v  -8.8286 0.0708 4.6290
v  -9.1441 0.8419 4.6538
v  -9.4247 1.6263 4.6798
v  -9.6281 2.2857 4.7045
v  -9.7883 2.9315 4.7248
v  -9.8693 3.5911 4.7376
v  -9.8258 4.2472 4.7587
v  -9.6158 4.8710 4.7770
v  -9.2234 5.4020 4.7892
v  -8.5103 5.8973 4.8058
v  -7.6871 6.2274 4.8295
v  -6.8181 6.4327 4.8309
v  -5.8972 6.5762 4.8206
v  -4.9265 6.6833 4.8168
v  -3.9073 6.7590 4.8224
v  -2.8862 6.8106 4.8230
v  -1.8811 6.8495 4.8242
v  -0.0005 6.8849 4.8285
v  0.0028 -9.3858 4.3628
v  0.0039 -9.3281 4.4046
v  0.0022 -9.2559 4.4005
v  -1.0229 -9.2644 4.3495
v  -1.0201 -9.2249 4.3979
v  -1.0005 -9.1562 4.4078
v  -2.2703 -8.7215 4.3817
v  -3.3283 -7.8732 4.4440
v  -3.3705 -7.9270 4.4094
v  -4.3081 -6.9409 4.4691
v  -4.3564 -6.9889 4.4374
v  -5.2839 -5.8376 4.4994
v  -5.3346 -5.8802 4.4682
v  -6.0730 -4.7155 4.5190
v  -6.1294 -4.7571 4.5298
v  -6.1862 -4.7974 4.5027
v  -6.8019 -3.6960 4.5484
v  -6.8589 -3.7346 4.5591
v  -6.9168 -3.7733 4.5336
v  -8.0287 -1.7037 4.6113
v  -8.0866 -1.7364 4.6179
v  -8.1409 -1.7692 4.5902
v  -8.4916 -0.7955 4.6379
v  -8.5510 -0.8245 4.6450
v  -8.6088 -0.8529 4.6188
v  -8.8788 0.0488 4.6635
v  -8.9387 0.0235 4.6700
v  -8.9968 -0.0004 4.6434
v  -7.4622 -2.6793 4.5805
v  -7.5193 -2.7148 4.5890
v  -7.5754 -2.7506 4.5624
v  -9.1968 0.8223 4.6874
v  -9.2582 0.8004 4.6925
v  -9.3143 0.7814 4.6635
v  -9.6884 2.2718 4.7328
v  -9.7533 2.2578 4.7340
v  -9.8097 2.2474 4.7036
v  -9.4806 1.6089 4.7116
v  -9.5436 1.5903 4.7151
v  -9.5995 1.5753 4.6852
v  -9.8487 2.9253 4.7510
v  -9.9141 2.9194 4.7526
v  -9.9742 2.9157 4.7250
v  -9.9239 3.5950 4.7663
v  -9.9875 3.6000 4.7716
v  -10.0542 3.6060 4.7510
v  -9.8915 4.2666 4.7865
v  -9.9618 4.2910 4.7885
v  -10.0217 4.3091 4.7493
v  -9.6736 4.9003 4.8027
v  -9.7323 4.9356 4.8071
v  -9.8052 4.9546 4.7677
v  -9.2705 5.4543 4.8207
v  -9.3242 5.5095 4.8234
v  -9.3579 5.5631 4.7989
v  -8.5557 5.9534 4.8371
v  -8.5994 6.0107 4.8385
v  -8.6114 6.0527 4.8206
v  -7.7184 6.2883 4.8492
v  -7.7501 6.3466 4.8418
v  -7.7744 6.3776 4.8058
v  -6.8387 6.4949 4.8561
v  -6.8604 6.5573 4.8507
v  -6.8780 6.5935 4.8150
v  -5.9080 6.6297 4.8565
v  -5.9206 6.6926 4.8625
v  -5.9321 6.7459 4.8340
v  -4.9309 6.7328 4.8575
v  -4.9363 6.7954 4.8676
v  -4.9409 6.8561 4.8433
v  -3.9109 6.8121 4.8616
v  -3.9150 6.8761 4.8711
v  -3.9185 6.9381 4.8479
v  -2.8887 6.8632 4.8631
v  -2.8915 6.9279 4.8739
v  -2.8939 6.9927 4.8533
v  -1.8826 6.9000 4.8639
v  -1.8842 6.9647 4.8760
v  -1.8852 7.0318 4.8569
v  -2.1840 -8.5456 4.3820
v  -2.2119 -8.6015 4.4170
v  -2.2445 -8.6669 4.4214
v  -3.2449 -7.7654 4.3952
v  -3.2827 -7.8146 4.4356
v  -4.2161 -6.8475 4.4177
v  -4.2572 -6.8897 4.4592
v  -5.1876 -5.7544 4.4496
v  -5.2307 -5.7921 4.4901
v  -0.9080 7.0755 4.7817
v  -0.9069 6.8641 4.8136
v  -0.9096 7.0557 4.8593
v  -0.9097 6.9876 4.8775
v  -0.9091 6.9232 4.8647
v  -1.8486 6.2650 4.1902
v  -1.8120 5.5990 3.5191
v  -1.7748 4.9142 2.8686
v  -1.7367 4.1987 2.2518
v  -1.6981 3.4647 1.6554
v  -0.0005 3.4536 1.6276
v  -0.0005 4.1943 2.2205
v  -0.0005 4.9163 2.8339
v  -0.0006 5.6038 3.4854
v  -0.0006 6.2676 4.1630
v  -0.8102 -6.4102 2.4838
v  -0.8751 -7.3528 3.0711
v  -0.9312 -8.2578 3.7183
v  -2.8044 6.2265 4.1879
v  -2.7138 5.5612 3.5156
v  -2.6225 4.8777 2.8633
v  -2.5298 4.1632 2.2452
v  -3.7721 6.1765 4.1866
v  -3.6225 5.5132 3.5136
v  -3.4720 4.8310 2.8617
v  -3.3193 4.1190 2.2429
v  -4.7409 6.1017 4.1822
v  -4.5356 5.4392 3.5111
v  -4.3289 4.7573 2.8617
v  -4.1189 4.0471 2.2446
v  -5.6099 6.0010 4.1831
v  -5.2594 4.6179 2.8596
v  -7.1983 5.6785 4.1822
v  -6.9533 4.9282 3.4923
v  -7.9108 5.3898 4.1568
v  -6.3420 4.3059 2.8408
v  -5.8037 3.6181 2.2171
v  -5.1476 2.9603 1.6341
v  -8.5285 4.9478 4.1287
v  -7.9537 4.1975 3.4472
v  -1.9091 -6.9369 3.1071
v  -2.0644 -7.7967 3.7427
v  -2.8308 -6.2973 3.1310
v  -3.0621 -7.0815 3.7635
v  -3.6552 -5.5585 3.1559
v  -3.9650 -6.2474 3.7888
v  -4.4716 -4.6873 3.1837
v  -4.8636 -5.2587 3.8202
v  -4.1846 -2.8591 2.0394
v  -4.6961 -3.3529 2.6046
v  -5.1826 -3.8279 3.2073
v  -5.6436 -4.2864 3.8462
v  -4.2120 -1.6940 1.5340
v  -4.7827 -2.1265 2.0603
v  -5.3133 -2.5674 2.6324
v  -5.8380 -2.9612 3.2380
v  -6.3374 -3.3401 3.8774
v  -5.3248 -1.3757 2.0793
v  -5.8685 -1.7834 2.6620
v  -6.4287 -2.0963 3.2718
v  -6.9629 -2.3953 3.9144
v  -5.7877 -0.6244 2.0905
v  -6.3331 -1.0428 2.6853
v  -6.9274 -1.2742 3.3009
v  -7.4962 -1.4932 3.9470
v  -5.5466 0.3488 1.5706
v  -6.2363 0.1906 2.1197
v  -6.8355 -0.0858 2.7071
v  -7.9270 -0.6651 3.9691
v  -7.4834 -0.1887 3.3281
v  -8.2839 0.1032 3.9899
v  -5.8112 1.0768 1.5800
v  -6.5918 1.1278 2.1363
v  -7.2907 1.0298 2.7289
v  -8.5696 0.8031 4.0103
v  -8.0055 1.0907 3.3595
v  -8.8184 1.5167 4.0318
v  -6.7232 1.8032 2.1464
v  -7.5297 1.9803 2.7499
v  -8.9937 2.1143 4.0504
v  -8.3065 2.1917 3.3902
v  -9.1225 2.7002 4.0717
v  -5.8118 2.1348 1.6039
v  -6.6885 2.4959 2.1680
v  -7.5367 2.8671 2.7789
v  -9.1814 3.2985 4.0844
v  -4.9286 3.9072 2.2307
v  -5.6415 5.2855 3.5113
v  -6.4281 5.8675 4.1883
v  -8.3547 3.2328 3.4193
v  -9.1186 3.8904 4.0979
v  -5.5890 2.5928 1.6235
v  -6.4139 3.1234 2.1967
v  -7.1719 3.6854 2.8052
v  -8.9105 4.4478 4.1105
v  -0.6996 -5.3985 1.9150
v  -1.7389 -6.0528 2.5154
v  -1.5064 -5.1384 1.9516
v  -2.5804 -5.4918 2.5386
v  -2.2682 -4.6981 1.9875
v  -3.3236 -4.8502 2.5611
v  -2.9708 -4.1213 2.0054
v  -2.5348 -3.3971 1.4860
v  -4.0555 -4.0977 2.5848
v  -3.6162 -3.4891 2.0232
v  -3.1500 -2.8564 1.5074
v  -0.9116 6.2782 4.1786
v  -0.9162 5.6111 3.5064
v  -0.9205 4.9243 2.8559
v  -0.9242 4.2049 2.2412
v  0.0000 -9.3763 4.2785
v  1.7066 -9.0767 4.2849
v  3.3014 -8.3674 4.3075
v  5.0706 -7.2646 4.3433
v  6.0621 -6.5466 4.3661
v  7.1803 -5.6677 4.3916
v  8.4518 -4.5805 4.4222
v  9.5855 -3.5322 4.4564
v  10.6891 -2.4406 4.4936
v  11.7534 -1.2979 4.5236
v  12.4606 -0.4801 4.5455
v  13.1039 0.3198 4.5667
v  13.7306 1.1835 4.5879
v  14.2397 2.0535 4.6105
v  14.4595 2.5738 4.6212
v  14.6204 3.1382 4.6366
v  14.6893 3.7990 4.6551
v  14.5843 4.4067 4.6711
v  14.2987 4.9192 4.6884
v  13.8670 5.3225 4.7026
v  13.3940 5.5964 4.7167
v  12.8640 5.8150 4.7241
v  11.8079 6.1311 4.7357
v  10.7516 6.3607 4.7459
v  9.3747 6.5971 4.7587
v  7.9977 6.7736 4.7674
v  6.6173 6.8973 4.7708
v  5.5006 6.9672 4.7735
v  4.3860 7.0169 4.7767
v  3.2849 7.0473 4.7724
v  2.2004 7.0692 4.7784
v  1.0909 7.0798 4.7804
v  0.0005 7.0829 4.7819
v  1.0930 6.8769 4.8248
v  2.1938 6.8650 4.8225
v  3.2993 6.8495 4.8266
v  4.3986 6.8216 4.8252
v  5.4979 6.7775 4.8213
v  6.5964 6.7186 4.8213
v  7.9784 6.6001 4.8187
v  9.3544 6.4254 4.8169
v  10.7214 6.1893 4.8101
v  11.7827 5.9644 4.7992
v  12.7973 5.6844 4.7999
v  13.3005 5.4633 4.7915
v  13.7722 5.1915 4.7890
v  14.2106 4.8112 4.7860
v  14.4764 4.3530 4.7759
v  14.5693 3.7783 4.7622
v  14.4927 3.1566 4.7443
v  14.3205 2.6183 4.7280
v  14.0934 2.1241 4.7171
v  13.5741 1.2842 4.6895
v  12.9326 0.4253 4.6606
v  12.2835 -0.3801 4.6341
v  11.6110 -1.1697 4.6110
v  10.5529 -2.3137 4.5700
v  9.4512 -3.4099 4.5363
v  8.3069 -4.4536 4.5001
v  7.0744 -5.4976 4.4739
v  5.9465 -6.3871 4.4471
v  4.9558 -7.1086 4.4246
v  3.1995 -8.2111 4.4011
v  1.6347 -8.8930 4.3656
v  -0.0004 -9.1946 4.3687
v  -0.0007 7.0043 4.8786
v  1.6804 -9.0213 4.4164
v  3.2690 -8.3366 4.4330
v  5.0345 -7.2259 4.4693
v  6.0266 -6.5043 4.4915
v  7.1505 -5.6172 4.5191
v  8.4059 -4.5545 4.5522
v  9.5475 -3.5062 4.5842
v  10.6511 -2.4089 4.6184
v  11.7137 -1.2650 4.6517
v  12.4051 -0.4611 4.6745
v  13.0530 0.3423 4.6959
v  13.6930 1.2048 4.7170
v  14.2140 2.0624 4.7368
v  14.4482 2.5727 4.7488
v  14.6228 3.1320 4.7624
v  14.7005 3.7875 4.7787
v  14.6006 4.4016 4.7978
v  14.3068 4.9021 4.8138
v  13.8520 5.2993 4.8268
v  13.3676 5.5732 4.8353
v  12.8455 5.7938 4.8416
v  11.8075 6.0878 4.8522
v  10.7443 6.3112 4.8599
v  9.3703 6.5442 4.8674
v  7.9909 6.7179 4.8729
v  6.6092 6.8387 4.8765
v  5.5016 6.9007 4.8786
v  4.4004 6.9473 4.8796
v  3.3057 6.9764 4.8802
v  2.2009 6.9980 4.8799
v  1.0964 7.0074 4.8792
v  1.6548 -8.9502 4.4056
v  3.2314 -8.2701 4.4331
v  4.9910 -7.1624 4.4623
v  5.9820 -6.4409 4.4851
v  7.1076 -5.5526 4.5114
v  8.3505 -4.4990 4.5419
v  9.4938 -3.4531 4.5746
v  10.5965 -2.3565 4.6086
v  11.6574 -1.2135 4.6459
v  12.3395 -0.4175 4.6705
v  12.9884 0.3863 4.6949
v  13.6297 1.2466 4.7193
v  14.1498 2.0948 4.7416
v  14.3794 2.5968 4.7537
v  14.5518 3.1450 4.7674
v  14.6282 3.7820 4.7839
v  14.5309 4.3741 4.7982
v  14.2533 4.8515 4.8107
v  13.8080 5.2397 4.8204
v  13.3304 5.5119 4.8265
v  12.8186 5.7322 4.8342
v  11.7935 6.0182 4.8423
v  10.7316 6.2429 4.8504
v  9.3615 6.4777 4.8566
v  7.9838 6.6520 4.8606
v  6.6022 6.7714 4.8650
v  5.4996 6.8325 4.8663
v  4.4000 6.8780 4.8686
v  3.3024 6.9068 4.8694
v  2.2005 6.9305 4.8709
v  -0.0007 6.9387 4.8679
v  1.0983 6.9411 4.8712
v  -0.0004 7.0682 4.8583
v  1.0939 7.0673 4.8554
v  1.7028 -9.0855 4.3751
v  3.2972 -8.3777 4.3878
v  5.0688 -7.2713 4.4261
v  6.0622 -6.5509 4.4471
v  7.1848 -5.6672 4.4718
v  8.4501 -4.5926 4.5081
v  9.5886 -3.5433 4.5405
v  10.6914 -2.4460 4.5745
v  11.7579 -1.3039 4.6098
v  12.4584 -0.4926 4.6328
v  13.1048 0.3101 4.6534
v  13.7401 1.1751 4.6719
v  14.2558 2.0430 4.6875
v  14.4843 2.5621 4.6937
v  14.6518 3.1290 4.7037
v  14.7224 3.7940 4.7174
v  14.6244 4.4153 4.7371
v  14.3327 4.9335 4.7609
v  13.8830 5.3421 4.7830
v  13.3957 5.6150 4.7928
v  12.8645 5.8321 4.7964
v  11.8156 6.1388 4.8117
v  10.7539 6.3654 4.8244
v  9.3771 6.5995 4.8361
v  7.9974 6.7736 4.8444
v  6.6153 6.8952 4.8485
v  5.5027 6.9612 4.8543
v  4.3984 7.0082 4.8558
v  3.3087 7.0394 4.8566
v  2.2011 7.0593 4.8563
v  2.5173 -8.7588 4.2968
v  2.4240 -8.6029 4.3942
v  2.4855 -8.7349 4.4182
v  2.4524 -8.6661 4.4233
v  2.5100 -8.7708 4.3723
v  0.8313 -9.1078 4.3640
v  0.8644 -9.2973 4.2818
v  0.8526 -9.2583 4.4052
v  0.8459 -9.1853 4.4056
v  0.8631 -9.3045 4.3662
v  4.1313 -7.8836 4.3224
v  4.0204 -7.7246 4.4064
v  4.0949 -7.8431 4.4508
v  4.0539 -7.7786 4.4439
v  4.1286 -7.8912 4.4078
v  1.0845 4.1553 2.1822
v  1.0870 4.8798 2.7943
v  1.0891 5.5682 3.4461
v  1.0911 6.2337 4.1232
v  -0.0004 -4.4803 1.4348
v  0.0000 -5.4964 1.9147
v  0.0005 -6.4786 2.4534
v  0.0007 -7.4323 3.0415
v  0.0006 -8.3547 3.6840
v  0.7085 -8.2442 3.6445
v  0.5765 -7.3355 3.0039
v  0.5167 -6.3876 2.4171
v  2.1100 4.1550 2.1800
v  2.1317 4.8778 2.7905
v  2.1526 5.5630 3.4426
v  2.1733 6.2265 4.1188
v  2.9935 3.3917 1.5883
v  3.0569 4.1403 2.1723
v  3.1187 4.8645 2.7836
v  3.1791 5.5499 3.4383
v  3.2392 6.2127 4.1180
v  3.6610 3.3477 1.5734
v  3.8124 4.1033 2.1547
v  3.9605 4.8317 2.7673
v  4.1065 5.5202 3.4251
v  4.2524 6.1845 4.1101
v  4.6761 4.0386 2.1341
v  5.0216 4.7669 2.7469
v  5.2471 6.1408 4.0988
v  5.3640 5.4543 3.4077
v  6.1647 6.0913 4.0964
v  1.5183 -8.0457 3.6510
v  1.6585 -7.0610 3.0168
v  2.1878 -7.8049 3.6706
v  1.4512 -6.1662 2.4274
v  1.2325 -5.2421 1.8899
v  2.9413 -7.4372 3.6775
v  2.6594 -6.6231 3.0284
v  2.3600 -5.7783 2.4358
v  2.0449 -4.9043 1.8965
v  3.7088 -6.9861 3.6788
v  3.3708 -6.2070 3.0276
v  3.0132 -5.3980 2.4329
v  2.6367 -4.5595 1.8934
v  2.2385 -3.6876 1.4170
v  4.5685 -6.4200 3.6916
v  4.1524 -5.6919 3.0355
v  3.7144 -4.9338 2.4375
v  3.2550 -4.1465 1.8961
v  5.4586 -5.7664 3.7071
v  4.9404 -5.1074 3.0439
v  4.3982 -4.4183 2.4410
v  3.8324 -3.7000 1.8968
v  3.2393 -2.9496 1.4187
v  6.4863 -4.9505 3.7260
v  5.8664 -4.3651 3.0565
v  5.2211 -3.7495 2.4492
v  4.5502 -3.1051 1.9030
v  3.8492 -2.4290 1.4260
v  7.5889 -4.0021 3.7441
v  6.8374 -3.5132 3.0684
v  6.0589 -2.9947 2.4568
v  5.2533 -2.4479 1.9085
v  8.6219 -3.0351 3.7701
v  7.7583 -2.6253 3.0837
v  6.8661 -2.1870 2.4636
v  5.9447 -1.7209 1.9099
v  4.9909 -1.2267 1.4283
v  9.6054 -2.0311 3.7939
v  8.6224 -1.7149 3.0994
v  7.6094 -1.3711 2.4734
v  6.5654 -1.0008 1.9170
v  5.4886 -0.6059 1.4323
v  10.5440 -0.9869 3.8253
v  9.4406 -0.7716 3.1232
v  8.3067 -0.5301 2.4905
v  7.1404 -0.2637 1.9306
v  5.9409 0.0235 1.4428
v  11.1325 -0.2658 3.8414
v  9.9447 -0.1199 3.1334
v  8.7261 0.0511 2.4959
v  7.4743 0.2457 1.9332
v  11.6891 0.4565 3.8614
v  10.4086 0.5174 3.1473
v  9.0967 0.6026 2.5058
v  7.7517 0.7099 1.9400
v  5.8717 3.8471 2.0810
v  6.5766 4.5702 2.6949
v  7.3974 5.9720 4.0730
v  7.2759 5.2499 3.3636
v  8.5476 5.8257 4.0660
v  6.8920 3.5814 2.0500
v  7.9934 4.2647 2.6562
v  9.7278 5.6074 4.0438
v  9.0857 4.9052 3.3232
v  10.6161 5.4129 4.0331
v  7.6122 3.2509 2.0376
v  8.9919 3.8832 2.6319
v  11.7090 5.0459 4.0125
v  10.3564 4.4808 3.2934
v  8.0158 2.8885 2.0222
v  9.5403 3.4517 2.6091
v  12.5284 4.5106 3.9885
v  11.0438 3.9925 3.2660
v  6.6139 1.9749 1.4960
v  8.2478 2.4055 2.0088
v  9.8572 2.8304 2.5883
v  12.9972 3.6613 3.9613
v  11.4401 3.2491 3.2395
v  6.6267 1.6193 1.4817
v  8.2414 1.8606 1.9884
v  9.8289 2.1060 2.5627
v  12.9143 2.6180 3.9300
v  11.3863 2.3582 3.2105
v  6.5409 1.2583 1.4651
v  8.0652 1.3138 1.9632
v  9.5560 1.3845 2.5348
v  12.6566 1.9337 3.9149
v  11.0149 1.4720 3.1809
v  12.2280 1.2211 3.8854
v  0.4049 -4.4532 1.4325
v  0.4652 -5.4711 1.9147
v  -1.6980 6.6718 3.9752
v  -1.4850 6.1898 3.0863
v  -1.3074 5.7552 2.3672
v  -1.1340 5.2971 1.6881
v  -0.9718 4.8287 1.0651
v  -2.6502 6.6320 3.9750
v  -2.3711 6.1511 3.0863
v  -2.1383 5.7187 2.3673
v  -1.9108 5.2636 1.6883
v  -1.6938 4.7999 1.0662
v  -3.6162 6.5744 3.9741
v  -3.2699 6.0959 3.0864
v  -2.9811 5.6686 2.3673
v  -2.6976 5.2139 1.6885
v  -2.4177 4.7543 1.0661
v  -4.5803 6.4929 3.9731
v  -4.1665 6.0191 3.0864
v  -3.8201 5.5951 2.3675
v  -3.4797 5.1449 1.6889
v  -3.1572 4.6919 1.0708
v  -5.5183 6.3826 3.9771
v  -5.0366 5.9196 3.0864
v  -4.6300 5.4993 2.3677
v  -4.2273 5.0537 1.6898
v  -3.8507 4.6098 1.0744
v  -6.4142 6.2370 3.9852
v  -5.8626 5.7779 3.0870
v  -5.3974 5.3685 2.3686
v  -4.9329 4.9370 1.6913
v  -4.4992 4.5067 1.0799
v  -7.2640 6.0320 3.9827
v  -6.6519 5.5879 3.0871
v  -6.1287 5.1926 2.3692
v  -5.6011 4.7762 1.6926
v  -5.1088 4.3632 1.0874
v  -8.0592 5.7287 3.9511
v  -7.4140 5.3238 3.0857
v  -6.8352 4.9492 2.3677
v  -6.2442 4.5534 1.6911
v  -5.6885 4.1617 1.0872
v  -8.7548 5.2535 3.9053
v  -8.1107 4.9139 3.0831
v  -7.4923 4.5804 2.3640
v  -6.8494 4.2254 1.6859
v  -6.2296 3.8671 1.0733
v  -9.1764 4.6892 3.8788
v  -8.5527 4.4032 3.0809
v  -7.9065 4.1158 2.3607
v  -7.2606 3.8221 1.6799
v  -6.6000 3.5182 1.0530
v  -9.4083 4.0652 3.8529
v  -8.8119 3.8269 3.0780
v  -8.1802 3.5918 2.3562
v  -7.5224 3.3419 1.6737
v  -6.8478 3.0984 1.0334
v  -9.4733 3.4094 3.8335
v  -8.9050 3.2112 3.0755
v  -8.3017 3.0175 2.3527
v  -7.6580 2.8172 1.6676
v  -6.9867 2.6298 1.0139
v  -9.4079 2.7479 3.8145
v  -8.8667 2.5829 3.0736
v  -8.2842 2.4243 2.3503
v  -7.6649 2.2685 1.6632
v  -7.0083 2.1359 1.0043
v  -9.2587 2.1080 3.7959
v  -8.7413 1.9677 3.0727
v  -8.1745 1.8412 2.3486
v  -7.5706 1.7241 1.6619
v  -6.9351 1.6393 1.0024
v  -9.0621 1.4675 3.7775
v  -8.5666 1.3485 3.0727
v  -8.0118 1.2559 2.3458
v  -7.4291 1.1819 1.6607
v  -6.8088 1.1365 0.9981
v  -8.7949 0.7129 3.7571
v  -8.3265 0.6397 3.0727
v  -7.7822 0.5911 2.3432
v  -7.2143 0.5605 1.6582
v  -6.6072 0.5533 0.9946
v  -8.4949 -0.0297 3.7378
v  -8.0517 -0.0570 3.0725
v  -7.5147 -0.0663 2.3420
v  -6.9564 -0.0514 1.6561
v  -6.3589 -0.0165 0.9933
v  -8.1251 -0.8384 3.7205
v  -7.7058 -0.8151 3.0725
v  -7.1756 -0.7835 2.3435
v  -6.6242 -0.7189 1.6568
v  -6.0378 -0.6329 0.9961
v  -7.6737 -1.7064 3.7053
v  -7.2729 -1.6391 3.0722
v  -6.7574 -1.5497 2.3458
v  -6.2167 -1.4315 1.6608
v  -5.6420 -1.2858 1.0048
v  -7.1325 -2.6298 3.6878
v  -6.7535 -2.5158 3.0719
v  -6.2564 -2.3649 2.3485
v  -5.7281 -2.1840 1.6640
v  -5.1712 -1.9686 1.0142
v  -6.5032 -3.5907 3.6686
v  -6.1492 -3.4281 3.0716
v  -5.6700 -3.2067 2.3499
v  -5.1585 -2.9576 1.6669
v  -4.6281 -2.6664 1.0216
v  -5.8033 -4.5501 3.6510
v  -5.4760 -4.3394 3.0713
v  -5.0225 -4.0463 2.3506
v  -4.5326 -3.7255 1.6695
v  -4.0361 -3.3477 1.0284
v  -4.2608 -4.9261 2.3518
v  -3.7984 -4.5209 1.6733
v  -3.3567 -4.0663 1.0566
v  -3.3912 -5.8111 2.3534
v  -3.0134 -5.2794 1.6809
v  -2.6589 -4.6958 1.0680
v  -2.5880 -6.4811 2.3515
v  -2.3028 -5.8317 1.6819
v  -2.0098 -5.1685 1.0735
v  -1.6431 -7.0862 2.3581
v  -1.4459 -6.3420 1.6891
v  -1.2302 -5.5893 1.0780
v  -0.8209 -8.6968 3.6064
v  -0.7434 -8.1887 3.0746
v  -0.6313 -7.4410 2.3598
v  -0.5283 -6.6518 1.6932
v  -0.4702 -5.8493 1.0897
v  1.0462 -5.8526 1.0954
v  0.0005 -5.9292 1.0954
v  -2.0480 -8.1994 3.6003
v  -1.8581 -7.7590 3.0728
v  -3.1038 -7.4755 3.6018
v  -2.8691 -7.0928 3.0720
v  -4.0370 -6.5924 3.6265
v  -3.7777 -6.2747 3.0715
v  -4.9733 -5.5570 3.6427
v  -4.6821 -5.2979 3.0713
v  -0.7770 6.6773 3.9845
v  -0.6281 6.2134 3.0863
v  -0.5037 5.7766 2.3672
v  -0.3825 5.3157 1.6881
v  -0.2702 4.8435 1.0639
v  1.6740 -8.5100 3.6029
v  1.6376 -8.0214 3.0737
v  1.1272 -6.6097 1.6934
v  3.1751 -7.8536 3.6130
v  3.0572 -7.4094 3.0735
v  2.3819 -6.2083 1.6909
v  4.8487 -6.8281 3.6325
v  4.6460 -6.4408 3.0737
v  3.6702 -5.5275 1.6881
v  5.7859 -6.1554 3.6484
v  5.5331 -5.7999 3.0742
v  5.1806 -5.3063 2.3583
v  4.7989 -4.7742 1.6871
v  4.4077 -4.2073 1.0711
v  6.8410 -5.3284 3.6684
v  6.5268 -5.0092 3.0750
v  6.1057 -4.5760 2.3589
v  5.6523 -4.1023 1.6877
v  5.1902 -3.5919 1.0739
v  8.0367 -4.3003 3.6967
v  7.6428 -4.0235 3.0763
v  7.1416 -3.6592 2.3604
v  6.6042 -3.2522 1.6897
v  6.0670 -2.8015 1.0800
v  9.1027 -3.3097 3.7276
v  8.6256 -3.0733 3.0778
v  8.0488 -2.7708 2.3623
v  7.4327 -2.4245 1.6926
v  6.8335 -2.0349 1.0908
v  10.1362 -2.2746 3.7647
v  9.5679 -2.0849 3.0796
v  8.9167 -1.8465 2.3646
v  8.2272 -1.5668 1.6958
v  7.5662 -1.2454 1.1036
v  11.1336 -1.1931 3.7948
v  10.4734 -1.0597 3.0812
v  9.7483 -0.8885 2.3667
v  8.9849 -0.6778 1.6990
v  8.2448 -0.4459 1.1135
v  11.7950 -0.4193 3.8177
v  11.0637 -0.3284 3.0824
v  10.2869 -0.2065 2.3684
v  9.4726 -0.0472 1.7018
v  8.7013 0.1524 1.1208
v  12.3956 0.3371 3.8405
v  11.5913 0.3830 3.0837
v  10.7636 0.4561 2.3703
v  9.8991 0.5642 1.7050
v  9.0810 0.7085 1.1307
v  12.9788 1.1520 3.8650
v  12.0929 1.1420 3.0852
v  11.2074 1.1578 2.3726
v  10.2843 1.2052 1.7094
v  9.4145 1.2747 1.1453
v  13.4512 1.9688 3.8913
v  12.4804 1.8919 3.0869
v  11.5425 1.8404 2.3753
v  10.5680 1.8142 1.7143
v  9.6529 1.7871 1.1586
v  13.6554 2.4520 3.9043
v  12.6420 2.3249 3.0878
v  11.7209 2.4194 2.3776
v  9.7766 2.1904 1.1713
v  13.8060 2.9749 3.9200
v  12.7526 2.7818 3.0887
v  10.7102 2.3009 1.7187
v  13.8714 3.5843 3.9384
v  12.7877 3.3150 3.0897
v  11.7606 3.2652 2.3802
v  9.8143 2.7360 1.1865
v  13.7799 4.1406 3.9492
v  12.7060 3.7810 3.0901
v  10.7417 2.9787 1.7234
v  13.5243 4.6121 3.9544
v  12.5051 4.1915 3.0898
v  11.4677 3.9470 2.3779
v  9.6572 3.1346 1.1684
v  13.1314 4.9899 3.9538
v  12.1996 4.5349 3.0888
v  10.5500 3.4941 1.7182
v  12.6968 5.2551 3.9526
v  11.8371 4.7921 3.0879
v  10.8864 4.4501 2.3732
v  9.2965 3.4963 1.1234
v  12.2028 5.4679 3.9511
v  11.4106 5.0051 3.0872
v  10.1246 3.9445 1.7069
v  11.2114 5.7759 3.9530
v  10.5134 5.3164 3.0865
v  9.9005 4.8741 2.3702
v  9.2828 4.3845 1.6983
v  8.6137 3.8833 1.0887
v  10.2181 6.0033 3.9547
v  9.5975 5.5350 3.0864
v  9.0598 5.0939 2.3692
v  8.5236 4.6133 1.6952
v  7.9801 4.1077 1.0790
v  8.9202 6.2300 3.9633
v  8.3920 5.7514 3.0865
v  7.9407 5.3086 2.3688
v  7.4905 4.8228 1.6937
v  7.0837 4.3226 1.0834
v  7.6212 6.3927 3.9726
v  7.1873 5.9188 3.0864
v  6.8180 5.4731 2.3684
v  6.4522 4.9905 1.6921
v  6.1199 4.4891 1.0779
v  6.3195 6.5093 3.9754
v  5.9793 6.0423 3.0862
v  5.6897 5.5963 2.3678
v  5.4040 5.1164 1.6907
v  5.1510 4.6165 1.0713
v  5.2664 6.5752 3.9777
v  5.0003 6.1135 3.0861
v  4.7742 5.6693 2.3674
v  4.5516 5.1927 1.6897
v  4.3614 4.6965 1.0689
v  4.2153 6.6221 3.9803
v  4.0219 6.1641 3.0861
v  3.8579 5.7217 2.3672
v  3.6967 5.2483 1.6890
v  3.5542 4.7572 1.0651
v  3.1770 6.6507 3.9768
v  3.0554 6.1975 3.0858
v  2.9518 5.7565 2.3668
v  2.8500 5.2857 1.6882
v  2.7618 4.7991 1.0640
v  2.1543 6.6714 3.9818
v  2.1022 6.2169 3.0860
v  2.0578 5.7773 2.3669
v  2.0140 5.3089 1.6881
v  1.9720 4.8272 1.0653
v  1.1080 6.6814 3.9835
v  1.1273 6.2255 3.0861
v  1.1431 5.7866 2.3670
v  1.1582 5.3201 1.6880
v  1.1757 4.8418 1.0624
v  0.0798 6.6844 3.9847
v  0.1695 6.2257 3.0862
v  0.2444 5.7870 2.3671
v  0.3172 5.3220 1.6881
v  0.3918 4.8466 1.0647
v  2.4357 -8.2161 3.6087
v  2.3562 -7.7466 3.0736
v  2.5530 -6.9121 2.3592
v  2.2048 -5.4882 1.0808
v  0.8686 -8.7128 3.5996
v  0.8334 -8.2170 3.0735
v  1.1862 -7.3892 2.3600
v  3.9598 -7.4050 3.6200
v  3.8022 -6.9875 3.0735
v  3.9599 -6.1392 2.3583
v  3.3765 -4.8877 1.0732
v  0.0001 -6.7241 1.6938
v  -0.0002 -7.5213 2.3604
v  -0.0001 -8.7862 3.5984
v  -0.0000 -8.2671 3.0740
v  -0.8293 4.3747 0.5313
v  -1.4957 4.3527 0.5322
v  -2.1482 4.3135 0.5310
v  -2.8628 4.2570 0.5353
v  -3.5097 4.1807 0.5375
v  -4.1039 4.0855 0.5405
v  -4.6559 3.9551 0.5452
v  -5.1763 3.7746 0.5454
v  -5.6647 3.5176 0.5374
v  -6.0039 3.2286 0.5253
v  -6.2513 2.8758 0.5138
v  -6.4080 2.4665 0.5032
v  -6.4593 2.0279 0.5006
v  -6.4165 1.5749 0.5020
v  -6.3088 1.1031 0.5006
v  -6.1190 0.5519 0.4988
v  -5.8756 0.0186 0.4978
v  -5.5567 -0.5518 0.4982
v  -5.1614 -1.1499 0.5020
v  -4.6957 -1.7659 0.5058
v  -4.1599 -2.3905 0.5071
v  -3.5790 -2.9870 0.5077
v  -0.4244 -4.9692 0.5294
v  0.0006 -5.0416 0.5315
v  -0.9996 -4.7870 0.5244
v  -1.6914 -4.4617 0.5232
v  -2.3087 -4.0726 0.5227
v  -2.9291 -3.5830 0.5191
v  -0.1734 4.3843 0.5302
v  0.9677 -5.0088 0.5320
v  2.0162 -4.6990 0.5240
v  3.0726 -4.1966 0.5220
v  4.0043 -3.5973 0.5222
v  4.7155 -3.0388 0.5246
v  5.5180 -2.2973 0.5282
v  6.2207 -1.5830 0.5353
v  6.8810 -0.8613 0.5439
v  7.4495 -0.1751 0.5489
v  7.8683 0.4105 0.5524
v  8.1765 0.9018 0.5574
v  8.4231 1.3710 0.5649
v  8.5742 1.7498 0.5704
v  8.6458 2.0524 0.5761
v  8.6581 2.4467 0.5842
v  8.5531 2.7579 0.5738
v  8.3040 3.0656 0.5471
v  7.8652 3.3742 0.5294
v  7.4156 3.5790 0.5277
v  6.7142 3.7981 0.5371
v  5.8251 3.9745 0.5353
v  4.9402 4.1068 0.5316
v  4.2159 4.1970 0.5312
v  3.4389 4.2682 0.5289
v  2.6939 4.3203 0.5291
v  1.9332 4.3582 0.5308
v  1.1961 4.3746 0.5285
v  0.4674 4.3865 0.5308
v  0.6911 0.9245 0.0000
v  -1.6562 2.6630 1.0070
v  -0.0006 2.6783 1.0094
v  -2.3325 2.6357 1.0038
v  -2.9979 2.5890 1.0048
v  -3.6656 2.5003 1.0090
v  -4.0827 2.3864 1.0182
v  -4.4138 2.2212 1.0244
v  -3.0244 -1.7367 1.0136
v  -3.5414 -1.1836 1.0106
v  -4.0063 -0.6255 1.0112
v  -4.4059 -0.0621 1.0096
v  -4.7407 0.5331 1.0195
v  -4.8987 1.0273 1.0236
v  -4.9193 1.3709 1.0275
v  -4.8299 1.7323 1.0296
v  -4.6694 1.9960 1.0280
v  -0.4529 -3.3320 1.0114
v  -1.0313 -3.1586 1.0076
v  -1.5752 -2.8962 1.0105
v  -2.0656 -2.5760 1.0145
v  -2.5893 -2.1408 1.0120
v  -0.9357 2.6721 1.0070
v  1.0790 2.6652 1.0036
v  0.0000 -3.3730 1.0123
v  2.0588 2.6503 1.0078
v  2.9282 2.6179 1.0148
v  3.5038 2.5686 1.0200
v  3.9596 2.4792 1.0246
v  0.7505 -3.2662 1.0115
v  1.3557 -3.0395 1.0153
v  1.8148 -2.7757 1.0156
v  2.2555 -2.4625 1.0161
v  2.6208 -2.1662 1.0175
v  3.1095 -1.7206 1.0198
v  3.5439 -1.2666 1.0191
v  4.0050 -0.7091 1.0145
v  4.3803 -0.1938 1.0127
v  4.7080 0.3259 1.0166
v  4.8733 0.6743 1.0198
v  4.9654 0.9517 1.0241
v  4.4286 2.2795 1.0266
v  4.6465 2.1074 1.0253
v  4.8031 1.9175 1.0236
v  4.9100 1.7194 1.0229
v  4.9652 1.5411 1.0226
v  4.9929 1.3767 1.0235
v  4.9971 1.2009 1.0241
v  1.0818 3.4117 1.5913
v  0.3442 -3.3548 1.0135
v  -2.4363 3.4320 1.6453
v  -3.1647 3.3893 1.6439
v  -3.9056 3.3194 1.6479
v  -3.6468 -2.3417 1.5168
v  -4.7290 -1.0287 1.5521
v  -5.1738 -0.3601 1.5658
v  -5.8813 1.5951 1.5884
v  -4.5318 3.1951 1.6373
v  -0.5968 -4.4356 1.4472
v  -1.2915 -4.2147 1.4638
v  -1.9429 -3.8290 1.4689
v  -0.9278 3.4677 1.6461
v  2.0876 3.4112 1.5927
v  4.3267 3.2798 1.5581
v  1.0078 -4.2932 1.4218
v  1.7127 -3.9956 1.4197
v  2.7707 -3.3260 1.4199
v  4.4172 -1.8718 1.4288
v  6.1892 0.4581 1.4443
v  6.3730 0.8326 1.4505
v  5.1591 3.0860 1.5183
v  5.7785 2.8580 1.5076
v  6.2157 2.5901 1.5077
v  6.4704 2.3072 1.5018
v  -1.6784 2.5666 0.7883
v  0.0024 2.5905 0.8052
v  -2.3245 2.5438 0.7879
v  -2.9739 2.4976 0.7966
v  -3.6425 2.4004 0.7951
v  -4.0076 2.2904 0.7903
v  -4.3097 2.1346 0.7925
v  -2.9262 -1.6520 0.7974
v  -3.4441 -1.1113 0.7900
v  -3.8861 -0.5889 0.7948
v  -4.2877 -0.0320 0.7919
v  -4.6135 0.5415 0.7931
v  -4.7750 1.0394 0.7957
v  -4.7901 1.3480 0.8030
v  -4.7010 1.6886 0.7992
v  -4.5608 1.9148 0.7976
v  -0.4154 -3.1796 0.7898
v  -0.9684 -3.0249 0.7933
v  -1.5039 -2.7646 0.7913
v  -1.9721 -2.4637 0.7965
v  -2.4877 -2.0565 0.7946
v  -0.9326 2.5822 0.7930
v  1.0781 2.5821 0.7987
v  0.0013 -3.2154 0.7849
v  2.0736 2.5567 0.7971
v  2.9212 2.5186 0.8022
v  3.4840 2.4612 0.8101
v  3.9381 2.3525 0.8080
v  0.6986 -3.1206 0.7874
v  1.3051 -2.8915 0.7980
v  1.7402 -2.6416 0.7974
v  2.1598 -2.3419 0.7976
v  2.5258 -2.0442 0.7932
v  2.9985 -1.6091 0.7938
v  3.3981 -1.1925 0.7921
v  3.8470 -0.6522 0.7874
v  4.2325 -0.1191 0.7867
v  4.5477 0.3790 0.7973
v  4.6922 0.6777 0.8006
v  4.7872 0.9679 0.8009
v  4.3266 2.1611 0.8035
v  4.5038 2.0158 0.7988
v  4.6460 1.8426 0.7951
v  4.7394 1.6668 0.7983
v  4.7932 1.4999 0.8018
v  4.8176 1.3408 0.8022
v  4.8186 1.1660 0.8009
v  0.3148 -3.1955 0.7858
v  -1.6630 2.6066 0.9446
v  -1.6704 2.5764 0.8709
v  0.0004 2.6268 0.9507
v  0.0014 2.5980 0.8824
v  -2.3286 2.5823 0.9417
v  -2.3260 2.5535 0.8690
v  -2.9875 2.5356 0.9457
v  -2.9795 2.5060 0.8760
v  -3.6528 2.4429 0.9496
v  -3.6453 2.4108 0.8776
v  -4.0474 2.3282 0.9566
v  -4.0229 2.2978 0.8798
v  -4.3616 2.1667 0.9644
v  -4.3277 2.1391 0.8863
v  -2.9725 -1.6891 0.9574
v  -2.9399 -1.6610 0.8851
v  -3.4885 -1.1413 0.9523
v  -3.4565 -1.1175 0.8785
v  -3.9452 -0.5970 0.9534
v  -3.9054 -0.5850 0.8811
v  -4.3433 -0.0374 0.9516
v  -4.3054 -0.0282 0.8781
v  -4.6727 0.5470 0.9589
v  -4.6315 0.5493 0.8828
v  -4.8277 1.0367 0.9644
v  -4.7868 1.0406 0.8882
v  -4.8458 1.3602 0.9704
v  -4.8028 1.3525 0.8955
v  -4.7588 1.7059 0.9709
v  -4.7160 1.6914 0.8940
v  -4.6097 1.9494 0.9690
v  -4.5742 1.9229 0.8918
v  -0.4346 -3.2506 0.9593
v  -0.4223 -3.2005 0.8849
v  -1.0001 -3.0873 0.9558
v  -0.9794 -3.0433 0.8840
v  -1.5361 -2.8253 0.9585
v  -1.5128 -2.7822 0.8848
v  -2.0170 -2.5148 0.9609
v  -1.9866 -2.4782 0.8875
v  -2.5370 -2.0915 0.9566
v  -2.5031 -2.0633 0.8842
v  -0.9344 2.6195 0.9454
v  -0.9334 2.5908 0.8735
v  1.0784 2.6156 0.9445
v  1.0781 2.5886 0.8759
v  0.0010 -3.2887 0.9587
v  0.0014 -3.2367 0.8825
v  2.0630 2.5954 0.9480
v  2.0679 2.5651 0.8774
v  2.9241 2.5612 0.9575
v  2.9217 2.5273 0.8846
v  3.4934 2.5081 0.9631
v  3.4867 2.4727 0.8930
v  3.9442 2.4115 0.9683
v  3.9366 2.3691 0.8963
v  0.7246 -3.1883 0.9583
v  0.7073 -3.1397 0.8837
v  1.3261 -2.9633 0.9639
v  1.3092 -2.9141 0.8913
v  1.7740 -2.7060 0.9636
v  1.7491 -2.6613 0.8909
v  2.2052 -2.3981 0.9646
v  2.1734 -2.3580 0.8917
v  2.5684 -2.1015 0.9647
v  2.5365 -2.0606 0.8901
v  3.0506 -1.6609 0.9665
v  3.0136 -1.6237 0.8911
v  3.4705 -1.2197 0.9655
v  3.4221 -1.1951 0.8902
v  3.9268 -0.6702 0.9618
v  3.8741 -0.6513 0.8861
v  4.3046 -0.1511 0.9606
v  4.2554 -0.1263 0.8852
v  4.6271 0.3585 0.9670
v  4.5739 0.3761 0.8937
v  4.7835 0.6870 0.9711
v  4.7239 0.6879 0.8975
v  4.8733 0.9648 0.9758
v  4.8154 0.9703 0.9002
v  4.3776 2.2118 0.9743
v  4.3434 2.1726 0.8998
v  4.5755 2.0527 0.9742
v  4.5277 2.0220 0.8989
v  4.7231 1.8739 0.9728
v  4.6710 1.8492 0.8963
v  4.8214 1.6886 0.9751
v  4.7655 1.6717 0.8994
v  4.8763 1.5199 0.9751
v  4.8194 1.5064 0.9010
v  4.9007 1.3614 0.9767
v  4.8428 1.3493 0.9025
v  4.9032 1.1913 0.9770
v  4.8444 1.1798 0.9025
v  0.3300 -3.2690 0.9607
v  0.3203 -3.2159 0.8847
v  -1.6402 2.3717 0.5785
v  -0.0000 2.4094 0.5831
v  -2.2916 2.3506 0.5794
v  -2.9312 2.3084 0.5798
v  -3.5356 2.2166 0.5799
v  -3.8882 2.1223 0.5821
v  -4.1753 1.9793 0.5835
v  -2.7689 -1.5057 0.5797
v  -3.2812 -0.9717 0.5795
v  -3.7049 -0.4758 0.5798
v  -4.0967 0.0633 0.5806
v  -4.4034 0.5894 0.5824
v  -4.5539 1.0244 0.5824
v  -4.5777 1.3137 0.5830
v  -4.5066 1.6076 0.5846
v  -4.3871 1.8007 0.5851
v  -0.3703 -2.9825 0.5809
v  -0.9088 -2.8273 0.5794
v  -1.4334 -2.5714 0.5799
v  -1.8637 -2.2890 0.5799
v  -2.3668 -1.8914 0.5808
v  -0.9042 2.3835 0.5782
v  1.0625 2.3889 0.5795
v  0.0001 -3.0028 0.5794
v  2.0332 2.3690 0.5807
v  2.8640 2.3228 0.5811
v  3.4094 2.2695 0.5838
v  3.8284 2.1783 0.5861
v  0.6803 -2.9165 0.5811
v  1.2492 -2.6909 0.5810
v  1.6614 -2.4444 0.5806
v  2.0476 -2.1689 0.5815
v  2.4029 -1.8656 0.5804
v  2.8660 -1.4470 0.5822
v  3.2548 -1.0327 0.5817
v  3.6857 -0.5124 0.5808
v  4.0299 -0.0451 0.5808
v  4.3140 0.3991 0.5815
v  4.4705 0.6982 0.5829
v  4.5684 0.9661 0.5839
v  4.1793 2.0121 0.5862
v  4.3324 1.8941 0.5864
v  4.4406 1.7694 0.5858
v  4.5385 1.6046 0.5858
v  4.5871 1.4550 0.5857
v  4.6085 1.3186 0.5857
v  4.6034 1.1540 0.5847
v  0.3045 -2.9928 0.5808
v  -1.6665 2.5333 0.6888
v  -1.6537 2.4684 0.6189
v  0.0017 2.5629 0.7020
v  0.0008 2.5020 0.6284
v  -2.3153 2.5107 0.6895
v  -2.3042 2.4466 0.6198
v  -2.9634 2.4672 0.6944
v  -2.9491 2.4041 0.6222
v  -3.6138 2.3721 0.6922
v  -3.5782 2.3109 0.6204
v  -3.9791 2.2631 0.6912
v  -3.9393 2.2074 0.6216
v  -4.2829 2.1090 0.6919
v  -4.2382 2.0577 0.6219
v  -2.8991 -1.6291 0.6892
v  -2.8466 -1.5800 0.6169
v  -3.4153 -1.0878 0.6854
v  -3.3610 -1.0413 0.6154
v  -3.8525 -0.5722 0.6892
v  -3.7921 -0.5346 0.6175
v  -4.2519 -0.0183 0.6886
v  -4.1885 0.0133 0.6179
v  -4.5738 0.5441 0.6899
v  -4.5040 0.5597 0.6193
v  -4.7348 1.0284 0.6904
v  -4.6610 1.0229 0.6194
v  -4.7550 1.3402 0.6939
v  -4.6842 1.3284 0.6207
v  -4.6683 1.6751 0.6934
v  -4.6034 1.6480 0.6220
v  -4.5282 1.8980 0.6945
v  -4.4702 1.8602 0.6235
v  -0.4063 -3.1451 0.6896
v  -0.3914 -3.0796 0.6197
v  -0.9605 -2.9903 0.6896
v  -0.9407 -2.9244 0.6183
v  -1.4966 -2.7287 0.6895
v  -1.4731 -2.6643 0.6190
v  -1.9564 -2.4339 0.6910
v  -1.9201 -2.3755 0.6190
v  -2.4689 -2.0265 0.6916
v  -2.4288 -1.9716 0.6202
v  -0.9234 2.5495 0.6909
v  -0.9140 2.4833 0.6192
v  1.0821 2.5512 0.6971
v  1.0857 2.4875 0.6241
v  0.0005 -3.1778 0.6843
v  0.0002 -3.1073 0.6154
v  2.0766 2.5260 0.6962
v  2.0784 2.4627 0.6240
v  2.9050 2.4884 0.6972
v  2.8859 2.4230 0.6237
v  3.4653 2.4335 0.7020
v  3.4402 2.3695 0.6267
v  3.9133 2.3282 0.7016
v  3.8767 2.2701 0.6277
v  0.7015 -3.0829 0.6879
v  0.6954 -3.0148 0.6191
v  1.3015 -2.8555 0.6929
v  1.2829 -2.7885 0.6207
v  1.7330 -2.6054 0.6915
v  1.7067 -2.5394 0.6195
v  2.1431 -2.3113 0.6929
v  2.1058 -2.2535 0.6206
v  2.5070 -2.0102 0.6884
v  2.4664 -1.9509 0.6173
v  2.9775 -1.5787 0.6902
v  2.9333 -1.5246 0.6197
v  3.3750 -1.1614 0.6883
v  3.3274 -1.1081 0.6180
v  3.8188 -0.6256 0.6855
v  3.7651 -0.5790 0.6165
v  4.1917 -0.1124 0.6855
v  4.1241 -0.0879 0.6169
v  4.5004 0.3689 0.6907
v  4.4225 0.3751 0.6186
v  4.6522 0.6707 0.6919
v  4.5775 0.6774 0.6202
v  4.7476 0.9583 0.6944
v  4.6749 0.9576 0.6218
v  4.2957 2.1408 0.6986
v  4.2468 2.0916 0.6257
v  4.4698 1.9994 0.6955
v  4.4126 1.9589 0.6246
v  4.6048 1.8369 0.6923
v  4.5363 1.8130 0.6225
v  4.7034 1.6590 0.6940
v  4.6363 1.6387 0.6232
v  4.7589 1.4929 0.6950
v  4.6900 1.4780 0.6232
v  4.7822 1.3369 0.6957
v  4.7126 1.3289 0.6235
v  4.7827 1.1592 0.6946
v  4.7105 1.1548 0.6220
v  0.3155 -3.1584 0.6874
v  0.3123 -3.0911 0.6188
v  -0.4920 1.3319 0.3794
v  -0.0021 1.4012 0.3824
v  -0.6852 1.2513 0.3755
v  -0.9420 1.0791 0.3699
v  -1.1272 0.9020 0.3673
v  -1.2621 -0.6681 0.3730
v  -1.3586 -0.4426 0.3710
v  -1.4231 -0.1991 0.3694
v  -1.4421 0.0114 0.3679
v  -1.4231 0.2357 0.3663
v  -1.3667 0.4672 0.3652
v  -1.2662 0.6887 0.3653
v  -0.1940 -1.4176 0.3759
v  -0.4718 -1.3492 0.3762
v  -0.7507 -1.2075 0.3758
v  -0.9801 -1.0303 0.3753
v  -1.1433 -0.8473 0.3742
v  -0.2222 1.3923 0.3828
v  0.1360 1.3962 0.3822
v  0.0032 -1.4256 0.3751
v  0.3066 1.3721 0.3808
v  0.5200 1.3137 0.3777
v  0.6911 1.2433 0.3748
v  0.8826 1.1254 0.3711
v  0.3655 -1.3774 0.3755
v  0.5789 -1.3010 0.3758
v  0.8292 -1.1581 0.3760
v  0.9970 -1.0185 0.3755
v  1.1564 -0.8335 0.3744
v  1.2882 -0.6211 0.3729
v  1.3835 -0.3592 0.3702
v  1.4270 -0.1570 0.3689
v  1.4372 0.0100 0.3675
v  1.4302 0.1733 0.3665
v  1.3979 0.3545 0.3654
v  1.0175 1.0147 0.3689
v  1.1463 0.8738 0.3671
v  1.2550 0.7128 0.3654
v  1.3436 0.5336 0.3651
v  0.1763 -1.4136 0.3751
v  -0.3792 1.0682 0.2371
v  -0.0000 1.1402 0.2425
v  -0.5263 0.9966 0.2300
v  -0.7249 0.8538 0.2226
v  -0.8571 0.7165 0.2202
v  -0.9962 -0.5184 0.2257
v  -1.0688 -0.3364 0.2235
v  -1.1082 -0.1605 0.2233
v  -1.1170 0.0014 0.2194
v  -1.0975 0.1948 0.2179
v  -1.0433 0.3847 0.2155
v  -0.9673 0.5528 0.2175
v  -0.1595 -1.1151 0.2300
v  -0.3736 -1.0633 0.2307
v  -0.5930 -0.9586 0.2307
v  -0.7863 -0.8074 0.2299
v  -0.9139 -0.6593 0.2304
v  -0.1727 1.1252 0.2420
v  0.1089 1.1348 0.2424
v  -0.0000 -1.1267 0.2291
v  0.2471 1.1086 0.2392
v  0.4171 1.0504 0.2336
v  0.5366 0.9903 0.2289
v  0.6834 0.8879 0.2241
v  0.3060 -1.0851 0.2305
v  0.4970 -1.0110 0.2301
v  0.6754 -0.9029 0.2312
v  0.8066 -0.7860 0.2293
v  0.9213 -0.6457 0.2284
v  1.0166 -0.4773 0.2267
v  1.0881 -0.2673 0.2241
v  1.1148 -0.1075 0.2222
v  1.1170 0.0017 0.2195
v  1.1033 0.1608 0.2186
v  1.0762 0.2871 0.2174
v  0.7928 0.7888 0.2210
v  0.8891 0.6758 0.2209
v  0.9627 0.5582 0.2164
v  1.0267 0.4314 0.2162
v  0.1537 -1.1161 0.2302
v  -0.2883 0.8522 0.0588
v  -0.0010 0.9020 0.0600
v  -0.4077 0.8016 0.0571
v  -0.5661 0.7017 0.0597
v  -0.6841 0.5874 0.0602
v  -0.7984 -0.4154 0.0600
v  -0.8584 -0.2700 0.0588
v  -0.8917 -0.1296 0.0597
v  -0.9018 0.0014 0.0600
v  -0.8859 0.1670 0.0597
v  -0.8418 0.3197 0.0593
v  -0.7767 0.4579 0.0607
v  -0.1255 -0.8915 0.0588
v  -0.2912 -0.8531 0.0610
v  -0.4677 -0.7706 0.0607
v  -0.6255 -0.6476 0.0590
v  -0.7282 -0.5319 0.0610
v  -0.1299 0.8920 0.0605
v  0.0921 0.8958 0.0595
v  0.0004 -0.8994 0.0573
v  0.2036 0.8784 0.0607
v  0.3274 0.8396 0.0590
v  0.4318 0.7915 0.0605
v  0.5542 0.7131 0.0620
v  0.2601 -0.8625 0.0590
v  0.4106 -0.8006 0.0580
v  0.5528 -0.7106 0.0593
v  0.6552 -0.6163 0.0583
v  0.7459 -0.5041 0.0589
v  0.8213 -0.3717 0.0607
v  0.8688 -0.2351 0.0583
v  0.8954 -0.0959 0.0593
v  0.9009 0.0108 0.0594
v  0.8900 0.1376 0.0594
v  0.8687 0.2380 0.0592
v  0.6417 0.6353 0.0612
v  0.7060 0.5602 0.0595
v  0.7780 0.4533 0.0596
v  0.8289 0.3526 0.0596
v  0.1284 -0.8922 0.0602
v  -0.4614 1.2578 0.3607
v  -0.4324 1.1892 0.3308
v  -0.4049 1.1258 0.2899
v  -0.0015 1.3283 0.3620
v  -0.0009 1.2604 0.3318
v  -0.0004 1.1977 0.2921
v  -0.6415 1.1795 0.3575
v  -0.6004 1.1132 0.3273
v  -0.5619 1.0521 0.2851
v  -0.8819 1.0152 0.3535
v  -0.8256 0.9563 0.3236
v  -0.7731 0.9024 0.2804
v  -1.0521 0.8491 0.3525
v  -0.9820 0.8006 0.3230
v  -0.9171 0.7564 0.2787
v  -1.1876 -0.6262 0.3553
v  -1.1184 -0.5873 0.3249
v  -1.0544 -0.5514 0.2820
v  -1.2773 -0.4129 0.3538
v  -1.2018 -0.3854 0.3237
v  -1.1322 -0.3599 0.2805
v  -1.3348 -0.1877 0.3538
v  -1.2529 -0.1775 0.3243
v  -1.1774 -0.1685 0.2807
v  -1.3507 0.0091 0.3529
v  -1.2662 0.0066 0.3229
v  -1.1882 0.0041 0.2786
v  -1.3318 0.2240 0.3515
v  -1.2471 0.2132 0.3219
v  -1.1691 0.2034 0.2772
v  -1.2760 0.4431 0.3509
v  -1.1919 0.4213 0.3210
v  -1.1144 0.4018 0.2759
v  -1.1829 0.6498 0.3505
v  -1.1052 0.6141 0.3211
v  -1.0334 0.5817 0.2767
v  -0.1840 -1.3328 0.3586
v  -0.1748 -1.2541 0.3287
v  -0.1666 -1.1814 0.2860
v  -0.4441 -1.2692 0.3588
v  -0.4185 -1.1948 0.3288
v  -0.3950 -1.1261 0.2863
v  -0.7067 -1.1379 0.3574
v  -0.6657 -1.0731 0.3272
v  -0.6277 -1.0132 0.2854
v  -0.9256 -0.9681 0.3569
v  -0.8751 -0.9102 0.3267
v  -0.8285 -0.8565 0.2847
v  -1.0790 -0.7949 0.3563
v  -1.0193 -0.7461 0.3266
v  -0.9641 -0.7008 0.2848
v  -0.2088 1.3175 0.3632
v  -0.1961 1.2483 0.3326
v  -0.1839 1.1841 0.2926
v  0.1286 1.3231 0.3619
v  0.1216 1.2553 0.3316
v  0.1150 1.1924 0.2920
v  0.0023 -1.3417 0.3575
v  0.0015 -1.2641 0.3271
v  0.0008 -1.1923 0.2844
v  0.2902 1.2982 0.3609
v  0.2748 1.2299 0.3302
v  0.2604 1.1666 0.2900
v  0.4917 1.2399 0.3582
v  0.4651 1.1716 0.3273
v  0.4402 1.1084 0.2859
v  0.6486 1.1719 0.3566
v  0.6086 1.1060 0.3262
v  0.5711 1.0452 0.2841
v  0.8275 1.0582 0.3541
v  0.7759 0.9963 0.3240
v  0.7277 0.9394 0.2809
v  0.3482 -1.2958 0.3576
v  0.3325 -1.2198 0.3275
v  0.3184 -1.1495 0.2854
v  0.5546 -1.2204 0.3576
v  0.5328 -1.1452 0.3274
v  0.5135 -1.0753 0.2852
v  0.7857 -1.0871 0.3579
v  0.7454 -1.0208 0.3279
v  0.7086 -0.9593 0.2860
v  0.9432 -0.9540 0.3572
v  0.8935 -0.8938 0.3267
v  0.8478 -0.8377 0.2845
v  1.0904 -0.7812 0.3565
v  1.0291 -0.7325 0.3264
v  0.9726 -0.6873 0.2840
v  1.2120 -0.5810 0.3558
v  1.1412 -0.5437 0.3259
v  1.0760 -0.5091 0.2830
v  1.3008 -0.3335 0.3534
v  1.2239 -0.3097 0.3236
v  1.1529 -0.2877 0.2806
v  1.3441 -0.1440 0.3453
v  1.2579 -0.1304 0.3235
v  1.1831 -0.1185 0.2799
v  1.3474 0.0081 0.3520
v  1.2641 0.0060 0.3220
v  1.1872 0.0038 0.2780
v  1.3385 0.1692 0.3515
v  1.2534 0.1656 0.3219
v  1.1750 0.1628 0.2776
v  1.3076 0.3353 0.3509
v  1.2240 0.3176 0.3213
v  1.1469 0.3015 0.2767
v  0.9549 0.9511 0.3527
v  0.8964 0.8922 0.3228
v  0.8423 0.8381 0.2791
v  1.0695 0.8241 0.3520
v  1.0058 0.7741 0.3244
v  0.9444 0.7239 0.2800
v  1.1731 0.6688 0.3510
v  1.0971 0.6284 0.3213
v  1.0270 0.5916 0.2764
v  1.2548 0.5042 0.3508
v  1.1725 0.4774 0.3210
v  1.0964 0.4531 0.2763
v  0.1694 -1.3304 0.3573
v  0.1633 -1.2530 0.3273
v  0.1580 -1.1814 0.2852
v  0.0573 0.0423 0.0596
v  -0.9039 2.2795 1.0146
v  -0.0052 2.2819 1.0161
v  1.0479 2.2775 1.0144
v  1.9871 2.2524 1.0138
v  2.8380 2.2139 1.0128
v  3.3478 2.1539 1.0123
v  3.7382 2.0567 1.0120
v  4.0514 1.9179 1.0116
v  4.2037 1.8060 1.0115
v  4.3064 1.6955 1.0114
v  4.3886 1.5603 1.0114
v  4.4370 1.4204 1.0114
v  4.4552 1.2946 1.0115
v  4.4486 1.1423 1.0118
v  4.4221 0.9918 1.0121
v  4.3595 0.7746 1.0125
v  4.2824 0.5933 1.0129
v  4.1586 0.3544 1.0135
v  3.9396 -0.0019 1.0145
v  3.6313 -0.4164 1.0150
v  3.1858 -0.9396 1.0149
v  2.7844 -1.3609 1.0148
v  2.3460 -1.7732 1.0148
v  1.9793 -2.0822 1.0148
v  1.6210 -2.3441 1.0148
v  1.2077 -2.5914 1.0149
v  0.6778 -2.8095 1.0152
v  0.2976 -2.8916 1.0156
v  0.0059 -2.9113 1.0157
v  -0.3515 -2.8861 1.0153
v  -0.8725 -2.7429 1.0151
v  -1.3714 -2.5028 1.0147
v  -1.8011 -2.2179 1.0147
v  -2.3003 -1.8206 1.0144
v  -2.6963 -1.4509 1.0147
v  -3.2075 -0.9203 1.0146
v  -3.6275 -0.4244 1.0149
v  -3.9392 -0.0060 1.0143
v  -4.2825 0.5934 1.0129
v  -4.4405 1.0548 1.0119
v  -4.4534 1.2979 1.0115
v  -4.4031 1.5296 1.0113
v  -4.2651 1.7202 1.0114
v  -4.0801 1.8949 1.0115
v  -3.8308 2.0261 1.0118
v  -3.4850 2.1229 1.0123
v  -3.2149 2.1762 1.0124
v  -2.9134 2.2130 1.0124
v  -2.2778 2.2414 1.0135
v  -1.6129 2.2609 1.0142
v  -4.0320 -0.0672 0.8939
v  -1.8663 -2.3076 0.8939
v  3.2708 -1.0159 0.8939
v  1.9910 2.3702 0.8939
v  -0.9055 2.3901 0.8939
v  0.3566 0.3024 1.0946
v  0.0058 -2.9692 0.9945
v  0.0057 -3.0048 0.9536
v  0.3055 -2.9487 0.9945
v  0.3104 -2.9842 0.9536
v  0.6952 -2.8658 0.9937
v  0.7060 -2.9006 0.9512
v  1.2342 -2.6443 0.9942
v  1.2507 -2.6773 0.9525
v  1.6535 -2.3931 0.9947
v  1.6738 -2.4238 0.9543
v  2.0159 -2.1289 0.9949
v  2.0388 -2.1582 0.9544
v  2.3859 -1.8181 0.9951
v  2.4109 -1.8462 0.9543
v  2.8267 -1.4034 0.9953
v  2.8533 -1.4301 0.9547
v  3.2307 -0.9799 0.9955
v  3.2588 -1.0051 0.9549
v  3.6783 -0.4539 0.9955
v  3.7078 -0.4774 0.9549
v  3.9890 -0.0355 0.9951
v  4.0200 -0.0567 0.9548
v  4.2121 0.3240 0.9955
v  4.2459 0.3046 0.9555
v  4.3385 0.5667 0.9956
v  4.3742 0.5498 0.9558
v  4.4171 0.7539 0.9949
v  4.4539 0.7407 0.9554
v  4.4831 0.9775 0.9955
v  4.5220 0.9683 0.9560
v  4.5110 1.1356 0.9954
v  4.5509 1.1313 0.9561
v  4.5163 1.2978 0.9944
v  4.5555 1.2998 0.9550
v  4.4969 1.4350 0.9945
v  4.5353 1.4443 0.9552
v  4.4448 1.5867 0.9947
v  4.4809 1.6036 0.9555
v  4.3557 1.7326 0.9947
v  4.3875 1.7564 0.9555
v  4.2452 1.8522 0.9942
v  4.2720 1.8819 0.9538
v  4.0827 1.9719 0.9945
v  4.1028 2.0066 0.9540
v  3.7585 2.1165 0.9957
v  3.7715 2.1551 0.9560
v  3.3587 2.2144 0.9944
v  3.3655 2.2531 0.9539
v  2.8428 2.2742 0.9941
v  2.8457 2.3126 0.9534
v  1.9892 2.3142 0.9956
v  1.9904 2.3531 0.9553
v  1.0488 2.3362 0.9946
v  1.0493 2.3731 0.9545
v  -0.0051 2.3420 0.9961
v  -0.0051 2.3794 0.9552
v  -0.9048 2.3381 0.9946
v  -0.9052 2.3748 0.9542
v  -1.6157 2.3623 0.9556
v  -1.6146 2.3231 0.9961
v  -2.2802 2.3036 0.9957
v  -2.2817 2.3429 0.9556
v  -2.9181 2.2702 0.9927
v  -2.9210 2.3066 0.9531
v  -0.3610 -2.9416 0.9935
v  -0.3669 -2.9760 0.9529
v  -0.8931 -2.7979 0.9944
v  -0.9058 -2.8319 0.9536
v  -1.3999 -2.5531 0.9940
v  -1.4177 -2.5844 0.9535
v  -1.8359 -2.2656 0.9944
v  -1.8574 -2.2953 0.9539
v  -2.3378 -1.8640 0.9936
v  -2.3612 -1.8911 0.9533
v  -2.7379 -1.4932 0.9947
v  -2.7638 -1.5196 0.9541
v  -3.2511 -0.9597 0.9943
v  -3.2783 -0.9842 0.9536
v  -3.6738 -0.4612 0.9948
v  -3.7028 -0.4842 0.9543
v  -3.9883 -0.0383 0.9945
v  -4.0191 -0.0587 0.9543
v  -4.3392 0.5675 0.9954
v  -4.3749 0.5511 0.9555
v  -4.4998 1.0431 0.9942
v  -4.5379 1.0356 0.9549
v  -4.5156 1.3028 0.9949
v  -4.5554 1.3058 0.9556
v  -4.4589 1.5541 0.9946
v  -4.4952 1.5699 0.9555
v  -4.3176 1.7660 0.9994
v  -4.3515 1.7956 0.9610
v  -4.1168 1.9469 0.9963
v  -4.1404 1.9807 0.9573
v  -3.8533 2.0834 0.9949
v  -3.8677 2.1203 0.9556
v  -3.4992 2.1847 0.9959
v  -3.5081 2.2242 0.9563
v  -3.2238 2.2353 0.9937
v  -3.2294 2.2729 0.9540
v  -0.6939 1.9502 1.0326
v  -0.4838 1.6209 1.0514
v  -0.2737 1.2914 1.0662
v  -0.0636 0.9619 1.0797
v  0.1465 0.6322 1.0876
v  0.0551 1.9522 1.0349
v  0.1154 1.6225 1.0528
v  0.1757 1.2926 1.0663
v  0.2360 0.9627 1.0791
v  0.2963 0.6325 1.0871
v  0.9327 1.9485 1.0312
v  0.8175 1.6195 1.0492
v  0.7023 1.2903 1.0640
v  0.5870 0.9612 1.0779
v  0.4718 0.6318 1.0867
v  1.7153 1.9275 1.0295
v  1.4436 1.6026 1.0453
v  1.1719 1.2777 1.0609
v  0.9001 0.9527 1.0757
v  0.6283 0.6276 1.0861
v  2.4245 1.8953 1.0269
v  2.0109 1.5768 1.0423
v  1.5973 1.2583 1.0584
v  1.1838 0.9398 1.0736
v  0.7702 0.6211 1.0851
v  2.8493 1.8453 1.0259
v  2.3508 1.5368 1.0402
v  1.8522 1.2283 1.0565
v  1.3537 0.9197 1.0721
v  0.8552 0.6111 1.0847
v  3.1746 1.7643 1.0248
v  2.6110 1.4720 1.0398
v  2.0474 1.1796 1.0559
v  1.4838 0.8873 1.0714
v  0.9202 0.5949 1.0846
v  3.4356 1.6487 1.0247
v  2.8198 1.3795 1.0409
v  2.2040 1.1102 1.0564
v  1.5882 0.8410 1.0713
v  0.9724 0.5717 1.0847
v  3.5625 1.5554 1.0231
v  2.9213 1.3048 1.0412
v  2.2802 1.0543 1.0575
v  1.6390 0.8037 1.0717
v  0.9978 0.5531 1.0850
v  3.6481 1.4633 1.0226
v  2.9898 1.2312 1.0414
v  2.3316 0.9990 1.0582
v  1.6733 0.7668 1.0722
v  1.0150 0.5347 1.0853
v  3.7166 1.3506 1.0229
v  3.0447 1.1410 1.0422
v  2.3727 0.9314 1.0586
v  1.7007 0.7218 1.0730
v  1.0287 0.5121 1.0858
v  3.7569 1.2341 1.0241
v  3.0769 1.0478 1.0434
v  2.3969 0.8614 1.0595
v  1.7168 0.6751 1.0739
v  1.0368 0.4888 1.0863
v  3.7721 1.1292 1.0258
v  3.0891 0.9639 1.0448
v  2.4060 0.7985 1.0605
v  1.7229 0.6331 1.0746
v  1.0398 0.4678 1.0868
v  3.7667 1.0023 1.0284
v  3.0847 0.8623 1.0467
v  2.4028 0.7223 1.0620
v  1.7208 0.5824 1.0756
v  1.0387 0.4424 1.0875
v  3.7446 0.8769 1.0286
v  3.0672 0.7619 1.0482
v  2.3896 0.6471 1.0636
v  1.7120 0.5322 1.0767
v  1.0343 0.4173 1.0882
v  3.6925 0.6958 1.0284
v  3.0255 0.6171 1.0500
v  2.3583 0.5384 1.0662
v  1.6911 0.4597 1.0783
v  1.0239 0.3811 1.0892
v  3.6282 0.5447 1.0316
v  2.9740 0.4962 1.0519
v  2.3198 0.4477 1.0686
v  1.6655 0.3993 1.0799
v  1.0111 0.3508 1.0900
v  3.5251 0.3457 1.0365
v  2.8916 0.3370 1.0547
v  2.2579 0.3283 1.0715
v  1.6242 0.3196 1.0816
v  0.9905 0.3110 1.0905
v  3.3426 0.0487 1.0373
v  2.7456 0.0994 1.0572
v  2.1485 0.1500 1.0728
v  1.5512 0.2008 1.0832
v  0.9540 0.2516 1.0912
v  3.0858 -0.2968 1.0394
v  2.5402 -0.1771 1.0608
v  1.9944 -0.0573 1.0749
v  1.4485 0.0625 1.0855
v  0.9026 0.1824 1.0921
v  2.7145 -0.7328 1.0382
v  2.2431 -0.5260 1.0605
v  1.7717 -0.3190 1.0780
v  1.3001 -0.1120 1.0886
v  0.8284 0.0952 1.0934
v  2.3799 -1.0838 1.0375
v  1.9754 -0.8067 1.0565
v  1.5709 -0.5296 1.0750
v  1.1663 -0.2525 1.0913
v  0.7615 0.0249 1.0944
v  2.0146 -1.4274 1.0343
v  1.6831 -1.0816 1.0538
v  1.3516 -0.7358 1.0732
v  1.0202 -0.3899 1.0908
v  0.6884 -0.0438 1.0955
v  1.7089 -1.6849 1.0341
v  1.4386 -1.2876 1.0534
v  1.1682 -0.8903 1.0722
v  0.8978 -0.4929 1.0887
v  0.6273 -0.0954 1.0964
v  1.4103 -1.9032 1.0339
v  1.1997 -1.4622 1.0527
v  0.9890 -1.0212 1.0702
v  0.7784 -0.5802 1.0872
v  0.5676 -0.1391 1.0972
v  1.0659 -2.1092 1.0333
v  0.9241 -1.6270 1.0509
v  0.7823 -1.1448 1.0685
v  0.6405 -0.6626 1.0860
v  0.4986 -0.1803 1.0977
v  0.6243 -2.2910 1.0329
v  0.5708 -1.7724 1.0503
v  0.5173 -1.2539 1.0676
v  0.4638 -0.7353 1.0849
v  0.4103 -0.2167 1.0983
v  0.3074 -2.3594 1.0328
v  0.3173 -1.8271 1.0498
v  0.3271 -1.2949 1.0670
v  0.3370 -0.7627 1.0845
v  0.3468 -0.2304 1.0987
v  0.0644 -2.3758 1.0333
v  0.1228 -1.8402 1.0506
v  0.1813 -1.3047 1.0675
v  0.2397 -0.7692 1.0846
v  0.2981 -0.2336 1.0989
v  -0.2335 -2.3548 1.0335
v  -0.1155 -1.8235 1.0512
v  0.0025 -1.2922 1.0687
v  0.1205 -0.7609 1.0854
v  0.2385 -0.2294 1.0991
v  -0.6677 -2.2355 1.0343
v  -0.4629 -1.7281 1.0528
v  -0.2581 -1.2206 1.0702
v  -0.0533 -0.7132 1.0874
v  0.1516 -0.2056 1.0993
v  -1.0835 -2.0354 1.0356
v  -0.7956 -1.5680 1.0544
v  -0.5077 -1.1006 1.0730
v  -0.2197 -0.6331 1.0894
v  0.0684 -0.1655 1.0992
v  -1.4417 -1.7980 1.0367
v  -1.0821 -1.3781 1.0574
v  -0.7226 -0.9582 1.0753
v  -0.3630 -0.5382 1.0919
v  -0.0033 -0.1180 1.0990
v  -1.8577 -1.4669 1.0382
v  -1.4150 -1.1132 1.0596
v  -0.9723 -0.7596 1.0791
v  -0.5295 -0.4058 1.0955
v  -0.0865 -0.0517 1.0981
v  -2.1877 -1.1589 1.0407
v  -1.6790 -0.8668 1.0619
v  -1.1703 -0.5747 1.0827
v  -0.6615 -0.2825 1.0972
v  -0.1525 0.0099 1.0974
v  -2.6138 -0.7168 1.0422
v  -2.0199 -0.5131 1.0662
v  -1.4260 -0.3094 1.0857
v  -0.8319 -0.1056 1.0939
v  -0.2377 0.0984 1.0963
v  -2.9637 -0.3035 1.0434
v  -2.2999 -0.1825 1.0672
v  -1.6359 -0.0614 1.0801
v  -0.9718 0.0598 1.0917
v  -0.3077 0.1811 1.0955
v  -3.2235 0.0453 1.0399
v  -2.5077 0.0966 1.0616
v  -1.7917 0.1480 1.0776
v  -1.0758 0.1994 1.0902
v  -0.3596 0.2509 1.0949
v  -3.5095 0.5448 1.0362
v  -2.7364 0.4963 1.0562
v  -1.9633 0.4478 1.0736
v  -1.1901 0.3993 1.0870
v  -0.4168 0.3508 1.0940
v  -3.6411 0.9294 1.0316
v  -2.8417 0.8040 1.0494
v  -2.0422 0.6786 1.0679
v  -1.2427 0.5532 1.0822
v  -0.4431 0.4278 1.0920
v  -3.6518 1.1320 1.0291
v  -2.8503 0.9661 1.0485
v  -2.0486 0.8002 1.0655
v  -1.2470 0.6343 1.0801
v  -0.4453 0.4684 1.0910
v  -3.6098 1.3251 1.0264
v  -2.8166 1.1206 1.0452
v  -2.0234 0.9161 1.0637
v  -1.2302 0.7116 1.0784
v  -0.4368 0.5070 1.0900
v  -3.4949 1.4840 1.0264
v  -2.7246 1.2477 1.0425
v  -1.9544 1.0114 1.0627
v  -1.1841 0.7752 1.0775
v  -0.4138 0.5388 1.0893
v  -3.3407 1.6295 1.0265
v  -2.6012 1.3641 1.0408
v  -1.8618 1.0988 1.0602
v  -1.1224 0.8334 1.0769
v  -0.3830 0.5680 1.0887
v  -3.1330 1.7388 1.0254
v  -2.4351 1.4516 1.0409
v  -1.7372 1.1644 1.0589
v  -1.0393 0.8772 1.0765
v  -0.3414 0.5899 1.0882
v  -2.8447 1.8195 1.0253
v  -2.2045 1.5161 1.0422
v  -1.5642 1.2128 1.0589
v  -0.9240 0.9095 1.0766
v  -0.2837 0.6060 1.0880
v  -2.6197 1.8639 1.0260
v  -2.0244 1.5517 1.0423
v  -1.4292 1.2395 1.0593
v  -0.8340 0.9273 1.0768
v  -0.2387 0.6149 1.0879
v  -2.3684 1.8946 1.0271
v  -1.8234 1.5762 1.0429
v  -1.2784 1.2579 1.0603
v  -0.7335 0.9396 1.0773
v  -0.1884 0.6211 1.0879
v  -1.8387 1.9182 1.0273
v  -1.3997 1.5952 1.0454
v  -0.9606 1.2722 1.0627
v  -0.5216 0.9491 1.0785
v  -0.0825 0.6258 1.0880
v  -1.2847 1.9346 1.0305
v  -0.9564 1.6084 1.0487
v  -0.6282 1.2821 1.0649
v  -0.2999 0.9557 1.0791
v  0.0283 0.6291 1.0881
v  0.7098 -2.9124 0.8939
v  4.1106 2.0200 0.8939
v  2.8468 2.3277 0.8939
v  -2.2822 2.3598 0.8939
v  -0.3610 -2.9416 0.7943
v  -0.3669 -2.9760 0.8349
v  0.0057 -3.0048 0.8342
v  0.0058 -2.9692 0.7933
v  0.3104 -2.9842 0.8342
v  0.3055 -2.9487 0.7933
v  0.7060 -2.9006 0.8366
v  0.6952 -2.8658 0.7941
v  1.2507 -2.6773 0.8353
v  1.2342 -2.6443 0.7936
v  1.6738 -2.4238 0.8335
v  1.6535 -2.3931 0.7931
v  2.0388 -2.1582 0.8334
v  2.0159 -2.1289 0.7929
v  2.4109 -1.8462 0.8335
v  2.3859 -1.8181 0.7927
v  2.8533 -1.4301 0.8331
v  2.8267 -1.4034 0.7925
v  3.2588 -1.0051 0.8329
v  3.2307 -0.9799 0.7923
v  3.7078 -0.4774 0.8329
v  3.6783 -0.4539 0.7923
v  4.0200 -0.0567 0.8330
v  3.9890 -0.0355 0.7927
v  4.2459 0.3046 0.8323
v  4.2121 0.3240 0.7923
v  4.3742 0.5498 0.8320
v  4.3385 0.5667 0.7922
v  4.4539 0.7407 0.8324
v  4.4171 0.7539 0.7929
v  4.5220 0.9683 0.8318
v  4.4831 0.9775 0.7923
v  4.5509 1.1313 0.8317
v  4.5110 1.1356 0.7924
v  4.5555 1.2998 0.8328
v  4.5163 1.2978 0.7934
v  4.5353 1.4443 0.8326
v  4.4969 1.4350 0.7933
v  4.4809 1.6036 0.8323
v  4.4448 1.5867 0.7931
v  4.3875 1.7564 0.8323
v  4.3557 1.7326 0.7931
v  4.2720 1.8819 0.8340
v  4.2452 1.8522 0.7936
v  4.1028 2.0066 0.8338
v  4.0827 1.9719 0.7933
v  3.7715 2.1551 0.8318
v  3.7585 2.1165 0.7921
v  3.3655 2.2531 0.8339
v  3.3587 2.2144 0.7934
v  2.8457 2.3126 0.8344
v  2.8428 2.2742 0.7937
v  1.9904 2.3531 0.8325
v  1.9892 2.3142 0.7922
v  1.0493 2.3731 0.8333
v  1.0488 2.3362 0.7932
v  -0.0051 2.3794 0.8326
v  -0.0051 2.3420 0.7917
v  -0.9052 2.3748 0.8336
v  -0.9048 2.3381 0.7932
v  -1.6157 2.3623 0.8322
v  -1.6146 2.3231 0.7917
v  -2.2802 2.3036 0.7921
v  -2.2817 2.3429 0.8322
v  -2.9210 2.3066 0.8347
v  -2.9181 2.2702 0.7951
v  -0.8931 -2.7979 0.7935
v  -0.9058 -2.8319 0.8342
v  -1.3999 -2.5531 0.7938
v  -1.4177 -2.5844 0.8343
v  -1.8359 -2.2656 0.7934
v  -1.8574 -2.2953 0.8339
v  -2.3378 -1.8640 0.7942
v  -2.3612 -1.8911 0.8345
v  -2.7379 -1.4932 0.7932
v  -2.7638 -1.5196 0.8337
v  -3.2511 -0.9597 0.7935
v  -3.2783 -0.9842 0.8342
v  -3.6738 -0.4612 0.7930
v  -3.7028 -0.4842 0.8336
v  -3.9883 -0.0383 0.7933
v  -4.0191 -0.0587 0.8335
v  -4.3392 0.5675 0.7924
v  -4.3749 0.5511 0.8323
v  -4.4998 1.0431 0.7936
v  -4.5379 1.0356 0.8330
v  -4.5156 1.3028 0.7929
v  -4.5554 1.3058 0.8322
v  -4.4589 1.5541 0.7932
v  -4.4952 1.5699 0.8323
v  -4.3176 1.7660 0.7884
v  -4.3515 1.7956 0.8268
v  -4.1168 1.9469 0.7915
v  -4.1404 1.9807 0.8305
v  -3.8533 2.0834 0.7929
v  -3.8677 2.1203 0.8322
v  -3.4992 2.1847 0.7919
v  -3.5081 2.2242 0.8315
v  -3.2238 2.2353 0.7941
v  -3.2294 2.2729 0.8338
v  -0.9564 1.6084 0.7392
v  -0.6282 1.2821 0.7229
v  -0.2737 1.2914 0.7217
v  -0.4838 1.6209 0.7364
v  0.1757 1.2926 0.7215
v  0.1154 1.6225 0.7350
v  0.7023 1.2903 0.7238
v  0.8175 1.6195 0.7386
v  1.1719 1.2777 0.7269
v  1.4436 1.6026 0.7425
v  1.5973 1.2583 0.7294
v  2.0109 1.5768 0.7456
v  1.8522 1.2283 0.7313
v  2.3508 1.5368 0.7476
v  2.0474 1.1796 0.7319
v  2.6110 1.4720 0.7480
v  2.2040 1.1102 0.7314
v  2.8198 1.3795 0.7469
v  2.2802 1.0543 0.7303
v  2.9213 1.3048 0.7466
v  2.3316 0.9990 0.7297
v  2.9898 1.2312 0.7464
v  2.3727 0.9314 0.7292
v  3.0447 1.1410 0.7456
v  2.3969 0.8614 0.7283
v  3.0769 1.0478 0.7444
v  2.4060 0.7985 0.7273
v  3.0891 0.9639 0.7430
v  2.4028 0.7223 0.7258
v  3.0847 0.8623 0.7411
v  2.3896 0.6471 0.7242
v  3.0672 0.7619 0.7396
v  2.3583 0.5384 0.7216
v  3.0255 0.6171 0.7378
v  2.3198 0.4477 0.7192
v  2.9740 0.4962 0.7359
v  2.2579 0.3283 0.7163
v  2.8916 0.3370 0.7331
v  2.1485 0.1500 0.7150
v  2.7456 0.0994 0.7306
v  1.9944 -0.0573 0.7129
v  2.5402 -0.1771 0.7271
v  1.7717 -0.3190 0.7098
v  2.2431 -0.5260 0.7273
v  1.5709 -0.5296 0.7128
v  1.9754 -0.8067 0.7313
v  1.3516 -0.7358 0.7146
v  1.6831 -1.0816 0.7340
v  1.1682 -0.8903 0.7156
v  1.4386 -1.2876 0.7344
v  0.9890 -1.0212 0.7176
v  1.1997 -1.4622 0.7351
v  0.7823 -1.1448 0.7193
v  0.9241 -1.6270 0.7369
v  0.5173 -1.2539 0.7202
v  0.5708 -1.7724 0.7375
v  0.3271 -1.2949 0.7208
v  0.3173 -1.8271 0.7380
v  0.1813 -1.3047 0.7203
v  0.1228 -1.8402 0.7372
v  0.0025 -1.2922 0.7191
v  -0.1155 -1.8235 0.7367
v  -0.2581 -1.2206 0.7176
v  -0.4629 -1.7281 0.7350
v  -0.5077 -1.1006 0.7148
v  -0.7956 -1.5680 0.7334
v  -0.7226 -0.9582 0.7125
v  -1.0821 -1.3781 0.7304
v  -0.9723 -0.7596 0.7087
v  -1.4150 -1.1132 0.7282
v  -1.1703 -0.5747 0.7051
v  -1.6790 -0.8668 0.7259
v  -1.4260 -0.3094 0.7021
v  -2.0199 -0.5131 0.7216
v  -1.6359 -0.0614 0.7077
v  -2.2999 -0.1825 0.7206
v  -1.7917 0.1480 0.7102
v  -2.5077 0.0966 0.7262
v  -1.9633 0.4478 0.7142
v  -2.7364 0.4963 0.7316
v  -2.0422 0.6786 0.7199
v  -2.8417 0.8040 0.7384
v  -2.0486 0.8002 0.7223
v  -2.8503 0.9661 0.7393
v  -2.0234 0.9161 0.7241
v  -2.8166 1.1206 0.7426
v  -1.9544 1.0114 0.7251
v  -2.7246 1.2477 0.7453
v  -1.8618 1.0988 0.7276
v  -2.6012 1.3641 0.7470
v  -1.7372 1.1644 0.7289
v  -2.4351 1.4516 0.7469
v  -1.5642 1.2128 0.7289
v  -2.2045 1.5161 0.7456
v  -1.4292 1.2395 0.7285
v  -2.0244 1.5517 0.7455
v  -1.2784 1.2579 0.7275
v  -1.8234 1.5762 0.7449
v  -0.9606 1.2722 0.7251
v  -1.3997 1.5952 0.7424
v  -0.3694 -2.9907 0.8939
v  0.0057 -3.0190 0.8939
v  0.0059 -2.9113 0.7721
v  -0.3515 -2.8861 0.7726
v  0.3127 -2.9992 0.8939
v  0.2976 -2.8916 0.7722
v  0.6778 -2.8095 0.7726
v  1.2565 -2.6890 0.8939
v  1.2077 -2.5914 0.7729
v  1.6822 -2.4365 0.8939
v  1.6210 -2.3441 0.7730
v  2.0484 -2.1703 0.8939
v  1.9793 -2.0822 0.7730
v  2.4218 -1.8584 0.8939
v  2.3460 -1.7732 0.7730
v  2.8648 -1.4416 0.8939
v  2.7844 -1.3609 0.7730
v  3.1858 -0.9396 0.7729
v  3.7201 -0.4873 0.8939
v  3.6313 -0.4164 0.7728
v  4.0330 -0.0656 0.8939
v  3.9396 -0.0019 0.7733
v  4.2614 0.2959 0.8939
v  4.1586 0.3544 0.7743
v  4.3899 0.5422 0.8939
v  4.2824 0.5933 0.7749
v  4.4700 0.7348 0.8939
v  4.3595 0.7746 0.7753
v  4.5402 0.9641 0.8939
v  4.4221 0.9918 0.7757
v  4.5687 1.1292 0.8939
v  4.4486 1.1423 0.7760
v  4.5743 1.3008 0.8939
v  4.4552 1.2946 0.7763
v  4.5538 1.4489 0.8939
v  4.4370 1.4204 0.7764
v  4.4972 1.6112 0.8939
v  4.3886 1.5603 0.7764
v  4.4019 1.7674 0.8939
v  4.3064 1.6955 0.7764
v  4.2826 1.8939 0.8939
v  4.2037 1.8060 0.7763
v  4.0514 1.9179 0.7762
v  3.7770 2.1712 0.8939
v  3.7382 2.0567 0.7758
v  3.3683 2.2690 0.8939
v  3.3478 2.1539 0.7755
v  2.8380 2.2139 0.7750
v  1.9871 2.2524 0.7741
v  1.0496 2.3887 0.8939
v  1.0479 2.2775 0.7734
v  -0.0050 2.3944 0.8939
v  -0.0052 2.2819 0.7717
v  -0.9039 2.2795 0.7732
v  -1.6163 2.3796 0.8939
v  -1.6129 2.2609 0.7736
v  -2.9222 2.3226 0.8939
v  -2.9134 2.2130 0.7755
v  -2.2778 2.2414 0.7743
v  -0.9112 -2.8462 0.8939
v  -0.8725 -2.7429 0.7727
v  -1.4250 -2.5974 0.8939
v  -1.3714 -2.5028 0.7731
v  -1.8011 -2.2179 0.7731
v  -2.3712 -1.9027 0.8939
v  -2.3003 -1.8206 0.7734
v  -2.7746 -1.5305 0.8939
v  -2.6963 -1.4509 0.7731
v  -3.2899 -0.9947 0.8939
v  -3.2075 -0.9203 0.7732
v  -3.7149 -0.4939 0.8939
v  -3.6275 -0.4244 0.7729
v  -3.9392 -0.0060 0.7735
v  -4.3906 0.5438 0.8939
v  -4.2825 0.5934 0.7749
v  -4.5547 1.0322 0.8939
v  -4.4405 1.0548 0.7759
v  -4.5740 1.3072 0.8939
v  -4.4534 1.2979 0.7763
v  -4.5125 1.5780 0.8939
v  -4.4031 1.5296 0.7765
v  -4.3671 1.8095 0.8939
v  -4.2651 1.7202 0.7764
v  -4.1516 1.9960 0.8939
v  -4.0801 1.8949 0.7763
v  -3.8743 2.1373 0.8939
v  -3.8308 2.0261 0.7760
v  -3.5121 2.2424 0.8939
v  -3.4850 2.1229 0.7755
v  -3.2320 2.2894 0.8939
v  -3.2149 2.1762 0.7754
v  0.0283 0.6291 0.6997
v  0.3566 0.3024 0.6932
v  0.1465 0.6322 0.7002
v  -0.2999 0.9557 0.7087
v  -0.0636 0.9619 0.7081
v  -0.6939 1.9502 0.7552
v  -1.2847 1.9346 0.7573
v  0.2963 0.6325 0.7007
v  0.2360 0.9627 0.7087
v  0.0551 1.9522 0.7529
v  0.4718 0.6318 0.7011
v  0.5870 0.9612 0.7099
v  0.9327 1.9485 0.7566
v  0.6283 0.6276 0.7017
v  0.9001 0.9527 0.7121
v  1.7153 1.9275 0.7583
v  0.7702 0.6211 0.7027
v  1.1838 0.9398 0.7142
v  2.4245 1.8953 0.7609
v  0.8552 0.6111 0.7031
v  1.3537 0.9197 0.7157
v  2.8493 1.8453 0.7619
v  0.9202 0.5949 0.7032
v  1.4838 0.8873 0.7164
v  3.1746 1.7643 0.7630
v  0.9724 0.5717 0.7031
v  1.5882 0.8410 0.7165
v  3.4356 1.6487 0.7631
v  0.9978 0.5531 0.7028
v  1.6390 0.8037 0.7161
v  3.5625 1.5554 0.7647
v  1.0150 0.5347 0.7025
v  1.6733 0.7668 0.7156
v  3.6481 1.4633 0.7652
v  1.0287 0.5121 0.7020
v  1.7007 0.7218 0.7148
v  3.7166 1.3506 0.7649
v  1.0368 0.4888 0.7015
v  1.7168 0.6751 0.7139
v  3.7569 1.2341 0.7637
v  1.0398 0.4678 0.7010
v  1.7229 0.6331 0.7132
v  3.7721 1.1292 0.7620
v  1.0387 0.4424 0.7003
v  1.7208 0.5824 0.7122
v  3.7667 1.0023 0.7594
v  1.0343 0.4173 0.6996
v  1.7120 0.5322 0.7111
v  3.7446 0.8769 0.7592
v  1.0239 0.3811 0.6986
v  1.6911 0.4597 0.7095
v  3.6925 0.6958 0.7594
v  1.0111 0.3508 0.6978
v  1.6655 0.3993 0.7079
v  3.6282 0.5447 0.7562
v  0.9905 0.3110 0.6973
v  1.6242 0.3196 0.7062
v  3.5251 0.3457 0.7513
v  0.9540 0.2516 0.6966
v  1.5512 0.2008 0.7046
v  3.3426 0.0487 0.7505
v  0.9026 0.1824 0.6957
v  1.4485 0.0625 0.7023
v  3.0858 -0.2968 0.7484
v  0.8284 0.0952 0.6944
v  1.3001 -0.1120 0.6992
v  2.7145 -0.7328 0.7496
v  0.7615 0.0249 0.6934
v  1.1663 -0.2525 0.6965
v  2.3799 -1.0838 0.7503
v  0.6884 -0.0438 0.6923
v  1.0202 -0.3899 0.6970
v  2.0146 -1.4274 0.7535
v  0.6273 -0.0954 0.6914
v  0.8978 -0.4929 0.6991
v  1.7089 -1.6849 0.7537
v  0.5676 -0.1391 0.6906
v  0.7784 -0.5802 0.7006
v  1.4103 -1.9032 0.7539
v  0.4986 -0.1803 0.6901
v  0.6405 -0.6626 0.7018
v  1.0659 -2.1092 0.7545
v  0.4103 -0.2167 0.6895
v  0.4638 -0.7353 0.7029
v  0.6243 -2.2910 0.7549
v  0.3468 -0.2304 0.6891
v  0.3370 -0.7627 0.7033
v  0.3074 -2.3594 0.7550
v  0.2981 -0.2336 0.6889
v  0.2397 -0.7692 0.7032
v  0.0644 -2.3758 0.7545
v  0.2385 -0.2294 0.6887
v  0.1205 -0.7609 0.7024
v  -0.2335 -2.3548 0.7543
v  0.1516 -0.2056 0.6886
v  -0.0533 -0.7132 0.7004
v  -0.6677 -2.2355 0.7535
v  0.0684 -0.1655 0.6886
v  -0.2197 -0.6331 0.6984
v  -1.0835 -2.0354 0.7522
v  -0.0033 -0.1180 0.6888
v  -0.3630 -0.5382 0.6959
v  -1.4417 -1.7980 0.7511
v  -0.0865 -0.0517 0.6897
v  -0.5295 -0.4058 0.6923
v  -1.8577 -1.4669 0.7496
v  -0.1525 0.0099 0.6904
v  -0.6615 -0.2825 0.6906
v  -2.1877 -1.1589 0.7471
v  -0.2377 0.0984 0.6915
v  -0.8319 -0.1056 0.6939
v  -2.6138 -0.7168 0.7456
v  -0.3077 0.1811 0.6923
v  -0.9718 0.0598 0.6961
v  -2.9637 -0.3035 0.7444
v  -0.3596 0.2509 0.6929
v  -1.0758 0.1994 0.6976
v  -3.2235 0.0453 0.7480
v  -0.4168 0.3508 0.6938
v  -1.1901 0.3993 0.7008
v  -3.5095 0.5448 0.7516
v  -0.4431 0.4278 0.6958
v  -1.2427 0.5532 0.7056
v  -3.6411 0.9294 0.7562
v  -0.4453 0.4684 0.6968
v  -1.2470 0.6343 0.7077
v  -3.6518 1.1320 0.7587
v  -0.4368 0.5070 0.6978
v  -1.2302 0.7116 0.7094
v  -3.6098 1.3251 0.7614
v  -0.4138 0.5388 0.6985
v  -1.1841 0.7752 0.7103
v  -3.4949 1.4840 0.7614
v  -0.3830 0.5680 0.6991
v  -1.1224 0.8334 0.7109
v  -3.3407 1.6295 0.7613
v  -0.3414 0.5899 0.6996
v  -1.0393 0.8772 0.7113
v  -3.1330 1.7388 0.7625
v  -0.2837 0.6060 0.6998
v  -0.9240 0.9095 0.7112
v  -2.8447 1.8195 0.7625
v  -0.2387 0.6149 0.6999
v  -0.8340 0.9273 0.7110
v  -2.6197 1.8639 0.7618
v  -0.1884 0.6211 0.6999
v  -0.7335 0.9396 0.7105
v  -2.3684 1.8946 0.7607
v  -0.0825 0.6258 0.6998
v  -0.5216 0.9491 0.7093
v  -1.8387 1.9182 0.7605
v  -0.3828 -4.0449 0.0000
v  -0.3786 -4.0254 0.0000
v  -0.3837 -4.0623 0.0098
v  0.0005 -4.1092 0.0000
v  0.0005 -4.1267 0.0097
v  0.0032 -4.0894 0.0000
v  -3.0927 -2.6010 0.0000
v  -3.0781 -2.5873 0.0000
v  -3.1051 -2.6106 0.0125
v  -2.4848 -3.0583 0.0000
v  -2.4952 -3.0706 0.0119
v  -2.4723 -3.0427 0.0000
v  -3.6664 -2.0892 0.0000
v  -3.6500 -2.0778 0.0000
v  -3.6794 -2.0971 0.0130
v  -4.1962 -1.5411 0.0000
v  -4.1783 -1.5321 0.0000
v  -4.2097 -1.5472 0.0135
v  -4.6549 -0.9980 0.0000
v  -4.6361 -0.9912 0.0000
v  -4.6689 -1.0022 0.0137
v  -5.0486 -0.4599 0.0000
v  -5.0291 -0.4552 0.0000
v  -5.0628 -0.4625 0.0138
v  -5.3661 0.0589 0.0000
v  -5.3463 0.0617 0.0000
v  -5.3805 0.0577 0.0139
v  -5.6054 0.5505 0.0000
v  -5.5854 0.5517 0.0000
v  -5.6198 0.5507 0.0139
v  -5.7838 1.0656 0.0000
v  -5.7638 1.0652 0.0000
v  -5.7983 1.0669 0.0137
v  -5.8722 1.5057 0.0000
v  -5.8523 1.5039 0.0000
v  -5.8869 1.5077 0.0134
v  -5.8816 1.9120 0.0000
v  -5.8618 1.9091 0.0000
v  -5.8966 1.9152 0.0128
v  -5.7990 2.2899 0.0000
v  -5.7795 2.2858 0.0000
v  -5.8142 2.2945 0.0122
v  -5.6286 2.6358 0.0000
v  -5.6093 2.6306 0.0000
v  -5.6435 2.6416 0.0121
v  -5.3875 2.9175 0.0000
v  -5.3684 2.9113 0.0000
v  -5.4016 2.9248 0.0121
v  -5.0857 3.1440 0.0000
v  -5.0671 3.1368 0.0000
v  -5.0990 3.1526 0.0123
v  -4.6538 3.3624 0.0000
v  -4.6356 3.3541 0.0000
v  -4.6659 3.3721 0.0127
v  -4.1942 3.5206 0.0000
v  -4.1765 3.5112 0.0000
v  -4.2052 3.5310 0.0130
v  -3.7000 3.6362 0.0000
v  -3.6830 3.6257 0.0000
v  -3.7100 3.6474 0.0133
v  -3.1603 3.7233 0.0000
v  -3.1441 3.7115 0.0000
v  -3.1691 3.7350 0.0136
v  -2.5582 3.7942 0.0000
v  -2.5432 3.7809 0.0000
v  -2.5662 3.8063 0.0138
v  -1.8601 3.8451 0.0000
v  -1.8470 3.8301 0.0000
v  -1.8678 3.8575 0.0138
v  -1.2902 3.8740 0.0000
v  -1.2790 3.8574 0.0000
v  -1.2957 3.8869 0.0142
v  -0.6850 3.8868 0.0000
v  -0.6766 3.8686 0.0000
v  -0.6889 3.9002 0.0143
v  0.5510 3.8930 0.0000
v  0.5519 3.8730 0.0000
v  0.5486 3.9067 0.0144
v  -0.0766 3.8897 0.0000
v  -0.0792 3.9034 0.0143
v  -0.0716 3.8703 0.0000
v  0.8954 -4.1189 0.0000
v  0.8966 -4.1361 0.0100
v  0.8946 -4.0989 0.0000
v  -0.7582 -3.9422 0.0000
v  -0.7524 -3.9230 0.0000
v  -0.7628 -3.9588 0.0101
v  -1.3515 -3.7158 0.0000
v  -1.3434 -3.6975 0.0000
v  -1.3585 -3.7313 0.0106
v  -1.9466 -3.4065 0.0000
v  -1.9362 -3.3894 0.0000
v  -1.9546 -3.4210 0.0112
v  1.2202 3.8707 0.0000
v  1.2167 3.8511 0.0000
v  1.2195 3.8847 0.0143
v  1.8203 -3.8630 0.0000
v  1.8242 -3.8797 0.0102
v  1.8157 -3.8435 0.0000
v  2.7566 -3.4598 0.0000
v  2.7632 -3.4753 0.0107
v  2.7480 -3.4417 0.0000
v  3.5828 -2.9444 0.0000
v  3.5918 -2.9585 0.0110
v  3.5708 -2.9284 0.0000
v  4.2201 -2.4450 0.0000
v  4.2308 -2.4578 0.0111
v  4.2056 -2.4312 0.0000
v  4.9501 -1.7500 0.0000
v  4.9621 -1.7617 0.0110
v  4.9331 -1.7394 0.0000
v  5.5903 -1.0871 0.0000
v  5.6034 -1.0975 0.0110
v  5.5718 -1.0795 0.0000
v  6.1763 -0.4371 0.0000
v  6.1906 -0.4458 0.0110
v  6.1569 -0.4323 0.0000
v  6.6244 0.1170 0.0000
v  6.6404 0.1113 0.0106
v  6.6046 0.1197 0.0000
v  7.0086 0.6998 0.0000
v  7.0248 0.6943 0.0103
v  6.9886 0.7005 0.0000
v  7.2425 1.1191 0.0000
v  7.2594 1.1152 0.0100
v  7.2225 1.1185 0.0000
v  7.4001 1.4786 0.0000
v  7.4175 1.4768 0.0096
v  7.3802 1.4770 0.0000
v  7.4629 1.7082 0.0000
v  7.4807 1.7089 0.0091
v  7.4430 1.7059 0.0000
v  7.4826 1.9080 0.0000
v  7.5004 1.9102 0.0088
v  7.4628 1.9052 0.0000
v  7.4694 2.1557 0.0000
v  7.4869 2.1600 0.0086
v  7.4497 2.1521 0.0000
v  7.4067 2.4003 0.0000
v  7.4239 2.4057 0.0086
v  7.3871 2.3960 0.0000
v  7.2544 2.6665 0.0000
v  7.2712 2.6729 0.0088
v  7.2350 2.6614 0.0000
v  7.0671 2.8619 0.0000
v  7.0819 2.8713 0.0097
v  7.0480 2.8561 0.0000
v  6.8205 3.0218 0.0000
v  6.8328 3.0333 0.0107
v  6.8015 3.0153 0.0000
v  6.3466 3.2301 0.0000
v  6.3551 3.2434 0.0123
v  6.3281 3.2225 0.0000
v  5.5333 3.4188 0.0000
v  5.5403 3.4324 0.0129
v  5.5155 3.4096 0.0000
v  4.7393 3.5537 0.0000
v  4.7442 3.5679 0.0132
v  4.7225 3.5428 0.0000
v  4.0860 3.6557 0.0000
v  4.0892 3.6700 0.0137
v  4.0704 3.6432 0.0000
v  1.8926 3.8544 0.0000
v  1.8850 3.8359 0.0000
v  1.8937 3.8683 0.0144
v  2.6323 3.8038 0.0000
v  2.6211 3.7872 0.0000
v  2.6339 3.8179 0.0141
v  3.3303 3.7392 0.0000
v  3.3167 3.7246 0.0000
v  3.3331 3.7534 0.0138
v  0.0004 -9.3568 4.2556
v  -1.0065 -9.2304 4.2555
v  -2.2598 -8.7062 4.2754
v  -3.3648 -7.9191 4.2982
v  -4.3531 -6.9840 4.3277
v  -5.3314 -5.8757 4.3605
v  -6.1874 -4.7932 4.3931
v  -6.9166 -3.7706 4.4250
v  -7.5742 -2.7507 4.4564
v  -8.1362 -1.7702 4.4864
v  -8.6039 -0.8500 4.5134
v  -8.9889 0.0051 4.5387
v  -9.3008 0.7890 4.5628
v  -9.5850 1.5832 4.5859
v  -9.7961 2.2542 4.6053
v  -9.9603 2.9210 4.6245
v  -10.0391 3.6096 4.6438
v  -9.9889 4.2942 4.6609
v  -9.7760 4.9430 4.6880
v  -9.3404 5.5605 4.7048
v  -8.6118 6.0518 4.7217
v  -7.7730 6.3637 4.7396
v  -6.8784 6.5802 4.7445
v  -5.9325 6.7403 4.7445
v  -4.9391 6.8586 4.7459
v  -3.9171 6.9414 4.7491
v  -2.8930 6.9988 4.7523
v  -1.8837 7.0387 4.7538
v  -0.9078 7.0622 4.7548
v  0.0005 7.0695 4.7550
v  1.0908 7.0664 4.7536
v  2.2001 7.0558 4.7516
v  3.2846 7.0338 4.7456
v  4.3855 7.0034 4.7499
v  5.4998 6.9536 4.7467
v  6.6162 6.8837 4.7441
v  7.9961 6.7598 4.7409
v  9.3724 6.5830 4.7323
v  10.7485 6.3461 4.7199
v  11.8037 6.1157 4.7103
v  12.8579 5.7987 4.6996
v  13.3852 5.5797 4.6933
v  13.8543 5.3065 4.6805
v  14.2810 4.9062 4.6677
v  14.5627 4.3997 4.6511
v  14.6667 3.7987 4.6351
v  14.5989 3.1429 4.6161
v  14.4395 2.5813 4.6000
v  14.2215 2.0630 4.5886
v  13.7144 1.1946 4.5652
v  13.0893 0.3316 4.5433
v  12.4469 -0.4680 4.5217
v  11.7404 -1.2856 4.4994
v  10.6771 -2.4281 4.4692
v  9.5741 -3.5196 4.4316
v  8.4411 -4.5677 4.3973
v  7.1701 -5.6546 4.3666
v  6.0524 -6.5331 4.3412
v  5.0614 -7.2504 4.3185
v  4.1225 -7.8687 4.2979
v  3.2933 -8.3516 4.2833
v  2.5101 -8.7420 4.2730
v  1.7010 -9.0588 4.2615
v  0.8611 -9.2783 4.2588
v  -2.1731 -8.5262 4.3617
v  -0.9780 -9.0449 4.3494
v  -0.0001 -9.1713 4.3496
v  0.8271 -9.0851 4.3448
v  1.6282 -8.8711 4.3461
v  2.4154 -8.5820 4.3743
v  3.1890 -8.1914 4.3810
v  4.0089 -7.7058 4.3861
v  4.9436 -7.0904 4.4041
v  5.9335 -6.3694 4.4265
v  7.0609 -5.4804 4.4534
v  8.2926 -4.4368 4.4798
v  9.4361 -3.3935 4.5163
v  10.5369 -2.2977 4.5503
v  11.5941 -1.1540 4.5917
v  12.2658 -0.3649 4.6153
v  12.9141 0.4402 4.6422
v  13.5543 1.2983 4.6720
v  14.0715 2.1362 4.7005
v  14.2967 2.6279 4.7124
v  14.4672 3.1626 4.7296
v  14.5426 3.7781 4.7480
v  14.4510 4.3442 4.7617
v  14.1902 4.7946 4.7709
v  13.7574 5.1710 4.7726
v  13.2894 5.4418 4.7737
v  12.7894 5.6628 4.7805
v  11.7775 5.9433 4.7786
v  10.7173 6.1686 4.7887
v  9.3513 6.4050 4.7951
v  7.9762 6.5800 4.7966
v  6.5949 6.6986 4.7990
v  5.4969 6.7575 4.7990
v  4.3979 6.8016 4.8029
v  3.2989 6.8294 4.8043
v  2.1936 6.8449 4.8002
v  1.0928 6.8567 4.8027
v  -0.0002 6.8645 4.8064
v  -0.9064 6.8437 4.7915
v  -1.8806 6.8292 4.8021
v  -2.8853 6.7902 4.8010
v  -3.9060 6.7386 4.8004
v  -4.9246 6.6628 4.7949
v  -5.8946 6.5556 4.7989
v  -6.8141 6.4121 4.8095
v  -7.6803 6.2070 4.8085
v  -8.4992 5.8780 4.7856
v  -9.2070 5.3857 4.7697
v  -9.5950 4.8606 4.7577
v  -9.8034 4.2433 4.7389
v  -9.8475 3.5922 4.7169
v  -9.7680 2.9358 4.7031
v  -9.6091 2.2918 4.6821
v  -9.4065 1.6331 4.6569
v  -9.1265 0.8494 4.6307
v  -8.8115 0.0789 4.6057
v  -8.4254 -0.7621 4.5795
v  -7.9631 -1.6666 4.5544
v  -7.3986 -2.6389 4.5199
v  -6.7398 -3.6524 4.4845
v  -6.0124 -4.6690 4.4545
v  -5.1726 -5.7412 4.4273
v  -4.2016 -6.8329 4.3958
v  -3.2315 -7.7489 4.3740
v  -0.9359 2.6955 1.0258
v  -0.0005 2.7018 1.0281
v  1.0793 2.6887 1.0221
v  2.0593 2.6742 1.0260
v  2.9295 2.6420 1.0326
v  3.5071 2.5930 1.0371
v  3.9671 2.5038 1.0403
v  4.4425 2.3027 1.0401
v  4.6662 2.1274 1.0364
v  4.8269 1.9334 1.0330
v  4.9367 1.7306 1.0314
v  4.9934 1.5478 1.0307
v  5.0217 1.3795 1.0317
v  5.0259 1.1995 1.0325
v  4.9934 0.9453 1.0330
v  4.8997 0.6636 1.0292
v  4.7329 0.3122 1.0265
v  4.4036 -0.2097 1.0230
v  4.0271 -0.7262 1.0252
v  3.5648 -1.2852 1.0300
v  3.1290 -1.7406 1.0309
v  2.6389 -2.1873 1.0287
v  2.2723 -2.4847 1.0273
v  1.8299 -2.7991 1.0268
v  1.3675 -3.0648 1.0265
v  0.7584 -3.2931 1.0225
v  0.3479 -3.3827 1.0244
v  -0.0006 -3.4010 1.0231
v  -0.4582 -3.3595 1.0226
v  -1.0413 -3.1843 1.0194
v  -1.5885 -2.9200 1.0232
v  -2.0815 -2.5976 1.0281
v  -2.6067 -2.1606 1.0264
v  -3.0427 -1.7550 1.0287
v  -3.5605 -1.2004 1.0264
v  -4.0262 -0.6408 1.0277
v  -4.4268 -0.0754 1.0265
v  -4.7635 0.5230 1.0364
v  -4.9237 1.0226 1.0398
v  -4.9453 1.3732 1.0429
v  -4.8543 1.7425 1.0444
v  -4.6895 2.0130 1.0430
v  -4.4280 2.2425 1.0403
v  -4.0913 2.4096 1.0353
v  -3.6701 2.5239 1.0270
v  -3.0002 2.6125 1.0233
v  -2.3339 2.6590 1.0226
v  -1.6569 2.6863 1.0258
v  -0.3464 -2.8564 1.0163
v  0.0060 -2.8812 1.0167
v  0.2934 -2.8618 1.0166
v  0.6689 -2.7808 1.0163
v  1.1942 -2.5645 1.0161
v  1.6044 -2.3191 1.0160
v  1.9608 -2.0586 1.0160
v  2.3261 -1.7508 1.0161
v  2.7632 -1.3396 1.0162
v  3.1635 -0.9195 1.0163
v  3.6079 -0.3978 1.0164
v  3.9148 0.0150 1.0158
v  4.1325 0.3692 1.0146
v  4.2552 0.6060 1.0138
v  4.3312 0.7846 1.0132
v  4.3929 0.9985 1.0128
v  4.4187 1.1456 1.0125
v  4.4251 1.2931 1.0121
v  4.4077 1.4133 1.0120
v  4.3613 1.5475 1.0119
v  4.2823 1.6773 1.0119
v  4.1836 1.7835 1.0120
v  4.0363 1.8918 1.0123
v  3.7284 2.0282 1.0128
v  3.3424 2.1244 1.0133
v  2.8356 2.1840 1.0140
v  1.9860 2.2225 1.0151
v  1.0474 2.2476 1.0160
v  -0.0052 2.2519 1.0177
v  -0.9035 2.2496 1.0162
v  -1.6121 2.2310 1.0155
v  -2.2767 2.2114 1.0147
v  -2.9109 2.1831 1.0135
v  -3.2102 2.1466 1.0133
v  -3.4780 2.0937 1.0132
v  -3.8197 1.9981 1.0126
v  -4.0625 1.8703 1.0122
v  -4.2425 1.7004 1.0120
v  -4.3751 1.5171 1.0119
v  -4.4233 1.2955 1.0122
v  -4.4108 1.0606 1.0127
v  -4.2551 0.6058 1.0139
v  -3.9141 0.0104 1.0155
v  -3.6040 -0.4058 1.0162
v  -3.1853 -0.9002 1.0161
v  -2.6752 -1.4296 1.0161
v  -2.2808 -1.7978 1.0157
v  -1.7835 -2.1936 1.0160
v  -1.3566 -2.4766 1.0158
v  -0.8619 -2.7147 1.0161
# 2755 vertices

o 31343IN_SS
g 31343IN_SS
s 1
f 55 56 133 58 
f 52 53 56 55 
f 65 66 63 139 
f 68 69 66 65 
f 80 81 69 68 
f 74 75 72 71 
f 77 78 75 74 
f 83 84 78 77 
f 71 72 81 80 
f 89 90 84 83 
f 92 93 87 86 
f 86 87 90 89 
f 95 96 93 92 
f 98 99 96 95 
f 101 102 99 98 
f 104 105 102 101 
f 107 108 105 104 
f 110 111 108 107 
f 113 114 111 110 
f 116 117 114 113 
f 119 120 117 116 
f 122 123 120 119 
f 125 126 123 122 
f 128 129 126 125 
f 377 315 143 144 
f 57 28 131 132 
f 56 57 132 133 
f 54 314 28 57 
f 53 54 57 56 
f 55 27 250 52 
f 132 131 134 135 
f 135 134 136 137 
f 137 136 138 139 
f 67 22 23 64 
f 66 67 64 63 
f 139 138 29 65 
f 70 21 22 67 
f 69 70 67 66 
f 65 29 30 68 
f 82 20 21 70 
f 81 82 70 69 
f 68 30 31 80 
f 76 18 19 73 
f 75 76 73 72 
f 71 32 33 74 
f 79 17 18 76 
f 78 79 76 75 
f 74 33 34 77 
f 85 16 17 79 
f 84 85 79 78 
f 77 34 35 83 
f 73 19 20 82 
f 72 73 82 81 
f 80 31 32 71 
f 91 15 16 85 
f 90 91 85 84 
f 83 35 36 89 
f 94 13 14 88 
f 93 94 88 87 
f 86 37 38 92 
f 88 14 15 91 
f 87 88 91 90 
f 89 36 37 86 
f 97 12 13 94 
f 96 97 94 93 
f 92 38 39 95 
f 100 11 12 97 
f 99 100 97 96 
f 95 39 40 98 
f 103 10 11 100 
f 102 103 100 99 
f 98 40 41 101 
f 106 9 10 103 
f 105 106 103 102 
f 101 41 42 104 
f 109 8 9 106 
f 108 109 106 105 
f 104 42 43 107 
f 112 7 8 109 
f 111 112 109 108 
f 107 43 44 110 
f 115 6 7 112 
f 114 115 112 111 
f 110 44 45 113 
f 118 5 6 115 
f 117 118 115 114 
f 113 45 46 116 
f 121 4 5 118 
f 120 121 118 117 
f 116 46 47 119 
f 124 3 4 121 
f 123 124 121 120 
f 119 47 48 122 
f 127 2 3 124 
f 126 127 124 123 
f 122 48 49 125 
f 130 1 2 127 
f 129 130 127 126 
f 125 49 50 128 
f 379 282 140 142 
f 315 379 142 143 
f 128 50 141 144 
f 247 248 152 153 
f 433 432 155 156 
f 148 147 160 161 
f 161 160 164 165 
f 165 164 168 169 
f 169 168 171 226 
f 226 171 175 176 
f 176 175 233 232 
f 188 189 243 244 
f 193 194 189 188 
f 197 198 194 193 
f 201 202 198 197 
f 206 207 202 201 
f 212 213 207 206 
f 217 218 213 212 
f 223 224 218 217 
f 232 233 224 223 
f 26 27 55 58 
f 156 155 236 180 
f 59 133 132 135 
f 25 26 58 60 
f 60 58 133 59 
f 180 236 238 182 
f 61 59 135 137 
f 24 25 60 62 
f 62 60 59 61 
f 182 238 240 184 
f 63 61 137 139 
f 23 24 62 64 
f 64 62 61 63 
f 184 240 243 186 
f 143 129 128 144 
f 140 1 130 142 
f 142 130 129 143 
f 141 51 377 144 
f 146 147 248 247 
f 249 965 150 151 
f 248 249 151 152 
f 154 2631 2632 246 
f 153 154 246 247 
f 432 431 235 155 
f 157 2595 2596 434 
f 156 157 434 433 
f 145 2633 2634 158 
f 146 145 158 159 
f 147 146 159 160 
f 161 954 149 148 
f 158 2634 2635 162 
f 159 158 162 163 
f 160 159 163 164 
f 165 955 954 161 
f 162 2635 2636 166 
f 163 162 166 167 
f 164 163 167 168 
f 169 956 955 165 
f 166 2636 2637 170 
f 167 166 170 227 
f 168 167 227 171 
f 226 961 956 169 
f 228 2638 2639 172 
f 227 228 172 173 
f 171 227 173 175 
f 176 177 961 226 
f 172 2639 2640 174 
f 173 172 174 
f 174 2640 2641 178 
f 173 174 178 179 
f 175 173 179 233 
f 232 231 177 176 
f 178 2641 2642 234 
f 179 178 234 
f 191 2654 2655 187 
f 190 191 187 186 
f 189 190 186 243 
f 244 245 957 188 
f 196 2653 2654 191 
f 195 196 191 190 
f 194 195 190 189 
f 188 957 192 193 
f 200 2652 2653 196 
f 199 200 196 195 
f 198 199 195 194 
f 193 192 958 197 
f 204 2651 2652 200 
f 203 204 200 199 
f 202 203 199 198 
f 197 958 959 201 
f 208 2650 2651 204 
f 209 208 204 203 
f 207 209 203 202 
f 201 959 205 206 
f 210 2649 2650 208 
f 209 210 208 
f 214 2648 2649 210 
f 215 214 210 209 
f 213 215 209 207 
f 206 205 211 212 
f 216 2647 2648 214 
f 215 216 214 
f 219 2646 2647 216 
f 220 219 216 215 
f 218 220 215 213 
f 212 211 960 217 
f 221 2645 2646 219 
f 220 221 219 
f 225 2644 2645 221 
f 229 225 221 220 
f 224 229 220 218 
f 217 960 222 223 
f 170 2637 2638 228 
f 170 228 227 
f 230 2643 2644 225 
f 229 230 225 
f 234 2642 2643 230 
f 179 234 230 229 
f 233 179 229 224 
f 223 222 231 232 
f 431 430 962 235 
f 235 962 963 237 
f 155 235 237 236 
f 181 2594 2595 157 
f 180 181 157 156 
f 237 963 964 239 
f 236 237 239 238 
f 183 2657 2594 181 
f 182 183 181 180 
f 239 964 242 241 
f 238 239 241 240 
f 185 2656 2657 183 
f 184 185 183 182 
f 241 242 245 244 
f 240 241 244 243 
f 187 2655 2656 185 
f 186 187 185 184 
f 148 149 965 249 
f 147 148 249 248 
f 246 2632 2633 145 
f 247 246 145 146 
f 281 380 410 280 
f 313 416 419 347 
f 312 412 414 348 
f 311 422 424 349 
f 310 311 349 350 
f 309 310 350 351 
f 308 309 351 352 
f 307 308 352 353 
f 306 307 353 354 
f 305 306 354 355 
f 304 305 355 356 
f 303 304 356 357 
f 302 303 357 358 
f 301 302 358 359 
f 300 301 359 360 
f 299 300 360 361 
f 298 299 361 362 
f 297 298 362 363 
f 296 297 363 364 
f 295 296 364 365 
f 294 295 365 366 
f 293 294 366 367 
f 292 293 367 368 
f 291 292 368 369 
f 290 291 369 370 
f 289 290 370 371 
f 288 289 371 372 
f 287 288 372 373 
f 286 287 373 374 
f 285 286 374 375 
f 284 285 375 376 
f 281 282 379 380 
f 346 378 376 345 
f 53 52 420 418 
f 316 381 415 413 
f 317 382 425 423 
f 318 383 384 319 
f 319 384 385 320 
f 320 385 386 321 
f 321 386 387 322 
f 322 387 388 323 
f 323 388 389 324 
f 324 389 390 325 
f 325 390 391 326 
f 326 391 392 327 
f 327 392 393 328 
f 328 393 394 329 
f 329 394 395 330 
f 330 395 396 331 
f 331 396 397 332 
f 332 397 398 333 
f 333 398 399 334 
f 334 399 400 335 
f 335 400 401 336 
f 336 401 402 337 
f 337 402 403 338 
f 338 403 404 339 
f 339 404 405 340 
f 340 405 406 341 
f 341 406 407 342 
f 342 407 408 343 
f 343 408 409 344 
f 344 409 410 345 
f 315 377 378 346 
f 54 53 418 419 
f 347 316 413 414 
f 348 317 423 424 
f 349 318 319 350 
f 350 319 320 351 
f 351 320 321 352 
f 352 321 322 353 
f 353 322 323 354 
f 354 323 324 355 
f 355 324 325 356 
f 356 325 326 357 
f 357 326 327 358 
f 358 327 328 359 
f 359 328 329 360 
f 360 329 330 361 
f 361 330 331 362 
f 362 331 332 363 
f 363 332 333 364 
f 364 333 334 365 
f 365 334 335 366 
f 366 335 336 367 
f 367 336 337 368 
f 368 337 338 369 
f 369 338 339 370 
f 370 339 340 371 
f 371 340 341 372 
f 372 341 342 373 
f 373 342 343 374 
f 374 343 344 375 
f 375 344 345 376 
f 378 283 284 376 
f 377 51 283 378 
f 380 346 345 410 
f 379 315 346 380 
f 52 250 417 420 
f 381 251 411 415 
f 382 252 421 425 
f 383 253 254 384 
f 384 254 255 385 
f 385 255 256 386 
f 386 256 257 387 
f 387 257 258 388 
f 388 258 259 389 
f 389 259 260 390 
f 390 260 261 391 
f 391 261 262 392 
f 392 262 263 393 
f 393 263 264 394 
f 394 264 265 395 
f 395 265 266 396 
f 396 266 267 397 
f 397 267 268 398 
f 398 268 269 399 
f 399 269 270 400 
f 400 270 271 401 
f 401 271 272 402 
f 402 272 273 403 
f 403 273 274 404 
f 404 274 275 405 
f 405 275 276 406 
f 406 276 277 407 
f 407 277 278 408 
f 408 278 279 409 
f 409 279 280 410 
f 412 313 347 414 
f 415 382 317 413 
f 413 317 348 414 
f 411 252 382 415 
f 416 314 54 419 
f 420 381 316 418 
f 418 316 347 419 
f 417 251 381 420 
f 422 312 348 424 
f 425 383 318 423 
f 423 318 349 424 
f 421 253 383 425 
f 153 152 427 428 
f 436 437 432 433 
f 438 439 427 426 
f 443 444 439 438 
f 448 449 444 443 
f 452 453 449 448 
f 461 460 464 465 
f 465 464 468 469 
f 469 468 473 474 
f 474 473 477 478 
f 478 477 482 483 
f 483 482 487 488 
f 488 487 491 492 
f 492 491 496 497 
f 497 496 501 502 
f 502 501 506 507 
f 507 506 510 511 
f 511 510 542 541 
f 512 513 453 452 
f 517 518 513 512 
f 522 523 518 517 
f 526 527 523 522 
f 531 532 527 526 
f 536 537 532 531 
f 541 542 537 536 
f 151 150 952 426 
f 152 151 426 427 
f 429 2630 2631 154 
f 428 429 154 153 
f 461 968 546 547 
f 437 547 431 432 
f 434 2596 2597 435 
f 433 434 435 436 
f 441 2629 2630 429 
f 440 441 429 428 
f 439 440 428 427 
f 426 952 966 438 
f 446 2628 2629 441 
f 445 446 441 440 
f 444 445 440 439 
f 438 966 442 443 
f 451 2627 2628 446 
f 450 451 446 445 
f 449 450 445 444 
f 443 442 447 448 
f 454 2626 2627 451 
f 455 454 451 450 
f 453 455 450 449 
f 448 447 967 452 
f 456 2625 2626 454 
f 455 456 454 
f 435 2597 2598 457 
f 436 435 457 458 
f 437 436 458 460 
f 457 2598 2599 459 
f 458 457 459 
f 459 2599 2600 462 
f 458 459 462 463 
f 460 458 463 464 
f 465 969 968 461 
f 462 2600 2601 466 
f 463 462 466 467 
f 464 463 467 468 
f 469 470 969 465 
f 466 2601 2602 471 
f 467 466 471 472 
f 468 467 472 473 
f 474 970 470 469 
f 471 2602 2603 475 
f 472 471 475 476 
f 473 472 476 477 
f 478 479 970 474 
f 475 2603 2604 480 
f 476 475 480 481 
f 477 476 481 482 
f 483 484 479 478 
f 480 2604 2605 485 
f 481 480 485 486 
f 482 481 486 487 
f 488 971 484 483 
f 485 2605 2606 489 
f 486 485 489 490 
f 487 486 490 491 
f 492 493 971 488 
f 489 2606 2607 494 
f 490 489 494 495 
f 491 490 495 496 
f 497 498 493 492 
f 494 2607 2608 499 
f 495 494 499 500 
f 496 495 500 501 
f 502 503 498 497 
f 499 2608 2609 504 
f 500 499 504 505 
f 501 500 505 506 
f 507 972 503 502 
f 504 2609 2610 508 
f 505 504 508 509 
f 506 505 509 510 
f 511 973 972 507 
f 508 2610 2611 545 
f 509 508 545 544 
f 510 509 544 542 
f 541 540 973 511 
f 514 2624 2625 456 
f 515 514 456 455 
f 513 515 455 453 
f 452 967 974 512 
f 516 2623 2624 514 
f 515 516 514 
f 519 2622 2623 516 
f 520 519 516 515 
f 518 520 515 513 
f 512 974 975 517 
f 521 2621 2622 519 
f 520 521 519 
f 524 2620 2621 521 
f 525 524 521 520 
f 523 525 520 518 
f 517 975 976 522 
f 2619 2620 524 
f 528 2618 2619 524 
f 529 528 524 525 
f 527 529 525 523 
f 522 976 977 526 
f 2617 2618 528 
f 533 2616 2617 528 
f 534 533 528 529 
f 532 534 529 527 
f 526 977 530 531 
f 2615 2616 533 
f 538 2614 2615 533 
f 539 538 533 534 
f 537 539 534 532 
f 531 530 535 536 
f 2613 2614 538 
f 543 2612 2613 538 
f 544 543 538 539 
f 542 544 539 537 
f 536 535 540 541 
f 545 2611 2612 543 
f 544 545 543 
f 546 430 431 547 
f 437 460 461 547 
f 654 655 658 684 
f 649 650 655 654 
f 644 645 650 649 
f 639 640 645 644 
f 634 635 640 639 
f 629 630 635 634 
f 624 625 630 629 
f 619 620 625 624 
f 614 615 620 619 
f 609 610 615 614 
f 604 605 610 609 
f 599 600 605 604 
f 594 595 600 599 
f 589 590 595 594 
f 584 585 590 589 
f 579 580 585 584 
f 574 575 580 579 
f 569 570 575 574 
f 564 565 570 569 
f 559 560 565 564 
f 554 555 560 559 
f 549 550 555 554 
f 828 829 687 686 
f 671 672 844 846 
f 678 667 672 671 
f 680 664 667 678 
f 682 661 664 680 
f 684 658 661 682 
f 686 687 550 549 
f 823 824 829 828 
f 846 844 838 837 
f 691 838 834 833 
f 694 834 841 840 
f 697 841 701 700 
f 700 701 706 705 
f 705 706 711 710 
f 710 711 716 715 
f 715 716 721 720 
f 720 721 726 725 
f 725 726 731 730 
f 730 731 736 735 
f 735 736 741 740 
f 740 741 746 745 
f 745 746 751 750 
f 750 751 754 
f 754 751 758 757 
f 757 758 761 
f 761 758 765 764 
f 764 765 768 
f 768 765 772 771 
f 771 772 775 
f 775 772 779 778 
f 778 779 784 783 
f 783 784 789 788 
f 788 789 794 793 
f 793 794 799 798 
f 798 799 804 803 
f 818 819 824 823 
f 813 814 819 818 
f 808 809 814 813 
f 803 804 809 808 
f 833 834 694 
f 837 838 691 
f 840 841 697 
f 674 869 870 676 
f 657 868 874 660 
f 656 657 660 659 
f 655 656 659 658 
f 683 2535 2536 653 
f 684 683 653 654 
f 652 867 868 657 
f 651 652 657 656 
f 650 651 656 655 
f 653 2536 2537 648 
f 654 653 648 649 
f 647 866 867 652 
f 646 647 652 651 
f 645 646 651 650 
f 648 2537 2538 643 
f 649 648 643 644 
f 642 865 866 647 
f 641 642 647 646 
f 640 641 646 645 
f 643 2538 2539 638 
f 644 643 638 639 
f 637 864 865 642 
f 636 637 642 641 
f 635 636 641 640 
f 638 2539 2540 633 
f 639 638 633 634 
f 632 863 864 637 
f 631 632 637 636 
f 630 631 636 635 
f 633 2540 2541 628 
f 634 633 628 629 
f 627 862 863 632 
f 626 627 632 631 
f 625 626 631 630 
f 628 2541 2542 623 
f 629 628 623 624 
f 622 861 862 627 
f 621 622 627 626 
f 620 621 626 625 
f 623 2542 2543 618 
f 624 623 618 619 
f 617 860 861 622 
f 616 617 622 621 
f 615 616 621 620 
f 618 2543 2544 613 
f 619 618 613 614 
f 612 859 860 617 
f 611 612 617 616 
f 610 611 616 615 
f 613 2544 2545 608 
f 614 613 608 609 
f 607 858 859 612 
f 606 607 612 611 
f 605 606 611 610 
f 608 2545 2546 603 
f 609 608 603 604 
f 602 857 858 607 
f 601 602 607 606 
f 600 601 606 605 
f 603 2546 2547 598 
f 604 603 598 599 
f 597 856 857 602 
f 596 597 602 601 
f 595 596 601 600 
f 598 2547 2548 593 
f 599 598 593 594 
f 592 855 856 597 
f 591 592 597 596 
f 590 591 596 595 
f 593 2548 2549 588 
f 594 593 588 589 
f 587 854 855 592 
f 586 587 592 591 
f 585 586 591 590 
f 588 2549 2550 583 
f 589 588 583 584 
f 582 853 854 587 
f 581 582 587 586 
f 580 581 586 585 
f 583 2550 2551 578 
f 584 583 578 579 
f 577 852 853 582 
f 576 577 582 581 
f 575 576 581 580 
f 578 2551 2552 573 
f 579 578 573 574 
f 572 851 852 577 
f 571 572 577 576 
f 570 571 576 575 
f 573 2552 2553 568 
f 574 573 568 569 
f 567 850 851 572 
f 566 567 572 571 
f 565 566 571 570 
f 568 2553 2554 563 
f 569 568 563 564 
f 562 849 850 567 
f 561 562 567 566 
f 560 561 566 565 
f 563 2554 2555 558 
f 564 563 558 559 
f 557 848 849 562 
f 556 557 562 561 
f 555 556 561 560 
f 558 2555 2556 553 
f 559 558 553 554 
f 552 847 848 557 
f 551 552 557 556 
f 550 551 556 555 
f 553 2556 2557 548 
f 554 553 548 549 
f 831 903 875 689 
f 830 831 689 688 
f 829 830 688 687 
f 685 2558 2559 827 
f 686 685 827 828 
f 676 870 876 675 
f 673 674 676 843 
f 672 673 843 844 
f 669 871 869 674 
f 668 669 674 673 
f 667 668 673 672 
f 670 2531 2532 677 
f 671 670 677 678 
f 666 872 871 669 
f 665 666 669 668 
f 664 665 668 667 
f 677 2532 2533 679 
f 678 677 679 680 
f 663 873 872 666 
f 662 663 666 665 
f 661 662 665 664 
f 679 2533 2534 681 
f 680 679 681 682 
f 660 874 873 663 
f 659 660 663 662 
f 658 659 662 661 
f 681 2534 2535 683 
f 682 681 683 684 
f 689 875 847 552 
f 688 689 552 551 
f 687 688 551 550 
f 548 2557 2558 685 
f 549 548 685 686 
f 826 902 903 831 
f 825 826 831 830 
f 824 825 830 829 
f 827 2559 2560 822 
f 828 827 822 823 
f 843 676 675 692 
f 844 843 692 838 
f 836 2593 2530 845 
f 837 836 845 846 
f 675 876 877 835 
f 692 675 835 695 
f 838 692 695 834 
f 832 2591 2592 690 
f 833 832 690 691 
f 835 877 878 842 
f 695 835 842 698 
f 834 695 698 841 
f 839 2589 2590 693 
f 840 839 693 694 
f 842 878 879 703 
f 698 842 703 702 
f 841 698 702 701 
f 699 2587 2588 696 
f 700 699 696 697 
f 703 879 880 708 
f 702 703 708 707 
f 701 702 707 706 
f 704 2586 2587 699 
f 705 704 699 700 
f 708 880 881 713 
f 707 708 713 712 
f 706 707 712 711 
f 709 2585 2586 704 
f 710 709 704 705 
f 713 881 882 718 
f 712 713 718 717 
f 711 712 717 716 
f 714 2584 2585 709 
f 715 714 709 710 
f 718 882 883 723 
f 717 718 723 722 
f 716 717 722 721 
f 719 2583 2584 714 
f 720 719 714 715 
f 723 883 884 728 
f 722 723 728 727 
f 721 722 727 726 
f 724 2582 2583 719 
f 725 724 719 720 
f 728 884 885 733 
f 727 728 733 732 
f 726 727 732 731 
f 729 2581 2582 724 
f 730 729 724 725 
f 733 885 886 738 
f 732 733 738 737 
f 731 732 737 736 
f 734 2580 2581 729 
f 735 734 729 730 
f 738 886 887 743 
f 737 738 743 742 
f 736 737 742 741 
f 739 2579 2580 734 
f 740 739 734 735 
f 743 887 888 748 
f 742 743 748 747 
f 741 742 747 746 
f 744 2578 2579 739 
f 745 744 739 740 
f 748 888 889 752 
f 747 748 752 755 
f 746 747 755 751 
f 749 2577 2578 744 
f 750 749 744 745 
f 753 2576 2577 749 
f 754 753 749 750 
f 752 889 890 759 
f 755 752 759 762 
f 751 755 762 758 
f 756 2575 2576 753 
f 757 756 753 754 
f 760 2574 2575 756 
f 761 760 756 757 
f 759 890 891 766 
f 762 759 766 769 
f 758 762 769 765 
f 763 2573 2574 760 
f 764 763 760 761 
f 767 2572 2573 763 
f 768 767 763 764 
f 766 891 892 773 
f 769 766 773 776 
f 765 769 776 772 
f 770 2571 2572 767 
f 771 770 767 768 
f 774 2570 2571 770 
f 775 774 770 771 
f 773 892 893 781 
f 776 773 781 780 
f 772 776 780 779 
f 777 2569 2570 774 
f 778 777 774 775 
f 781 893 894 786 
f 780 781 786 785 
f 779 780 785 784 
f 782 2568 2569 777 
f 783 782 777 778 
f 786 894 895 791 
f 785 786 791 790 
f 784 785 790 789 
f 787 2567 2568 782 
f 788 787 782 783 
f 791 895 896 796 
f 790 791 796 795 
f 789 790 795 794 
f 792 2566 2567 787 
f 793 792 787 788 
f 796 896 897 801 
f 795 796 801 800 
f 794 795 800 799 
f 797 2565 2566 792 
f 798 797 792 793 
f 801 897 898 806 
f 800 801 806 805 
f 799 800 805 804 
f 802 2564 2565 797 
f 803 802 797 798 
f 821 901 902 826 
f 820 821 826 825 
f 819 820 825 824 
f 822 2560 2561 817 
f 823 822 817 818 
f 816 900 901 821 
f 815 816 821 820 
f 814 815 820 819 
f 817 2561 2562 812 
f 818 817 812 813 
f 811 899 900 816 
f 810 811 816 815 
f 809 810 815 814 
f 812 2562 2563 807 
f 813 812 807 808 
f 806 898 899 811 
f 805 806 811 810 
f 804 805 810 809 
f 807 2563 2564 802 
f 808 807 802 803 
f 693 2590 2591 832 
f 694 693 832 833 
f 690 2592 2593 836 
f 691 690 836 837 
f 696 2588 2589 839 
f 697 696 839 840 
f 2530 2531 670 845 
f 845 670 671 846 
f 869 2361 2363 870 
f 868 2367 2369 874 
f 867 2373 2367 868 
f 866 2376 2373 867 
f 865 2379 2376 866 
f 864 2382 2379 865 
f 863 2385 2382 864 
f 862 2388 2385 863 
f 861 2391 2388 862 
f 860 2394 2391 861 
f 859 2397 2394 860 
f 858 2400 2397 859 
f 857 2403 2400 858 
f 856 2406 2403 857 
f 855 2409 2406 856 
f 854 2412 2409 855 
f 853 2415 2412 854 
f 852 2418 2415 853 
f 851 2421 2418 852 
f 850 2424 2421 851 
f 849 2427 2424 850 
f 848 2430 2427 849 
f 847 2433 2430 848 
f 903 2436 2438 875 
f 870 2363 2441 876 
f 871 2445 2361 869 
f 872 2448 2445 871 
f 873 2451 2448 872 
f 874 2369 2451 873 
f 875 2438 2433 847 
f 902 2454 2436 903 
f 876 2441 2456 877 
f 877 2456 2459 878 
f 878 2459 2462 879 
f 879 2462 2465 880 
f 880 2465 2468 881 
f 881 2468 2471 882 
f 882 2471 2474 883 
f 883 2474 2477 884 
f 884 2477 2480 885 
f 885 2480 2483 886 
f 886 2483 2486 887 
f 887 2486 2489 888 
f 888 2489 2492 889 
f 889 2492 2495 890 
f 890 2495 2498 891 
f 891 2498 2501 892 
f 892 2501 2504 893 
f 893 2504 2507 894 
f 894 2507 2510 895 
f 895 2510 2513 896 
f 896 2513 2516 897 
f 897 2516 2519 898 
f 901 2523 2454 902 
f 900 2526 2523 901 
f 899 2529 2526 900 
f 898 2519 2529 899 
f 2364 2360 904 
f 2370 2366 904 
f 2366 2372 904 
f 2372 2375 904 
f 2375 2378 904 
f 2378 2381 904 
f 2381 2384 904 
f 2384 2387 904 
f 2387 2390 904 
f 2390 2393 904 
f 2393 2396 904 
f 2396 2399 904 
f 2399 2402 904 
f 2402 2405 904 
f 2405 2408 904 
f 2408 2411 904 
f 2411 2414 904 
f 2414 2417 904 
f 2417 2420 904 
f 2420 2423 904 
f 2423 2426 904 
f 2426 2429 904 
f 2429 2432 904 
f 2439 2435 904 
f 2442 2364 904 
f 2360 2444 904 
f 2444 2447 904 
f 2447 2450 904 
f 2450 2370 904 
f 2432 2439 904 
f 2435 2453 904 
f 2457 2442 904 
f 2460 2457 904 
f 2463 2460 904 
f 2466 2463 904 
f 2469 2466 904 
f 2472 2469 904 
f 2475 2472 904 
f 2478 2475 904 
f 2481 2478 904 
f 2484 2481 904 
f 2487 2484 904 
f 2490 2487 904 
f 2493 2490 904 
f 2496 2493 904 
f 2499 2496 904 
f 2502 2499 904 
f 2505 2502 904 
f 2508 2505 904 
f 2511 2508 904 
f 2514 2511 904 
f 2517 2514 904 
f 2520 2517 904 
f 2453 2522 904 
f 2522 2525 904 
f 2525 2528 904 
f 2528 2520 904 
f 965 2658 2659 150 
f 954 2704 2705 149 
f 955 2703 2704 954 
f 956 2702 2703 955 
f 961 2701 2702 956 
f 177 2700 2701 961 
f 231 2699 2700 177 
f 245 2690 2691 957 
f 957 2691 2692 192 
f 192 2692 2693 958 
f 958 2693 2694 959 
f 959 2694 2695 205 
f 205 2695 2696 211 
f 211 2696 2697 960 
f 960 2697 2698 222 
f 222 2698 2699 231 
f 430 2685 2686 962 
f 962 2686 2687 963 
f 963 2687 2688 964 
f 964 2688 2689 242 
f 242 2689 2690 245 
f 149 2705 2658 965 
f 150 2659 2660 952 
f 968 2683 2684 546 
f 952 2660 2661 966 
f 966 2661 2662 442 
f 442 2662 2663 447 
f 447 2663 2664 967 
f 969 2682 2683 968 
f 470 2681 2682 969 
f 970 2680 2681 470 
f 479 2679 2680 970 
f 484 2678 2679 479 
f 971 2677 2678 484 
f 493 2676 2677 971 
f 498 2675 2676 493 
f 503 2674 2675 498 
f 972 2673 2674 503 
f 973 2672 2673 972 
f 540 2671 2672 973 
f 967 2664 2665 974 
f 974 2665 2666 975 
f 975 2666 2667 976 
f 976 2667 2668 977 
f 977 2668 2669 530 
f 530 2669 2670 535 
f 535 2670 2671 540 
f 2684 2685 430 546 
f 1068 1069 1029 1028 
f 1030 1031 1027 1026 
f 1032 1033 1031 1030 
f 1034 1035 1033 1032 
f 1036 1037 1035 1034 
f 1038 1039 1037 1036 
f 1056 1057 1039 1038 
f 1066 1067 1041 1040 
f 1040 1041 1043 1042 
f 1042 1043 1045 1044 
f 1044 1045 1047 1046 
f 1046 1047 1049 1048 
f 1048 1049 1051 1050 
f 1050 1051 1053 1052 
f 1052 1053 1055 1054 
f 1054 1055 1057 1056 
f 1072 1073 1059 1058 
f 1058 1059 1061 1060 
f 1060 1061 1063 1062 
f 1062 1063 1065 1064 
f 1064 1065 1067 1066 
f 1026 1027 1069 1068 
f 1028 1029 1071 1070 
f 1082 1083 1121 1120 
f 1070 1071 1075 1074 
f 1074 1075 1077 1076 
f 1076 1077 1079 1078 
f 1078 1079 1081 1080 
f 1084 1085 1083 1082 
f 1086 1087 1085 1084 
f 1088 1089 1087 1086 
f 1090 1091 1089 1088 
f 1092 1093 1091 1090 
f 1094 1095 1093 1092 
f 1096 1097 1095 1094 
f 1098 1099 1097 1096 
f 1100 1101 1099 1098 
f 1102 1103 1101 1100 
f 1104 1105 1103 1102 
f 1118 1119 1105 1104 
f 1080 1081 1107 1106 
f 1106 1107 1109 1108 
f 1108 1109 1111 1110 
f 1110 1111 1113 1112 
f 1112 1113 1115 1114 
f 1114 1115 1117 1116 
f 1116 1117 1119 1118 
f 1120 1121 1073 1072 
f 1069 999 979 1029 
f 1028 906 926 1068 
f 1031 980 978 1027 
f 1026 905 907 1030 
f 1033 981 980 1031 
f 1030 907 908 1032 
f 1035 982 981 1033 
f 1032 908 909 1034 
f 1037 983 982 1035 
f 1034 909 910 1036 
f 1039 984 983 1037 
f 1036 910 911 1038 
f 1057 993 984 1039 
f 1038 911 920 1056 
f 1067 998 985 1041 
f 1040 912 925 1066 
f 1041 985 986 1043 
f 1042 913 912 1040 
f 1043 986 987 1045 
f 1044 914 913 1042 
f 1045 987 988 1047 
f 1046 915 914 1044 
f 1047 988 989 1049 
f 1048 916 915 1046 
f 1049 989 990 1051 
f 1050 917 916 1048 
f 1051 990 991 1053 
f 1052 918 917 1050 
f 1053 991 992 1055 
f 1054 919 918 1052 
f 1055 992 993 1057 
f 1056 920 919 1054 
f 1073 1001 994 1059 
f 1058 921 928 1072 
f 1059 994 995 1061 
f 1060 922 921 1058 
f 1061 995 996 1063 
f 1062 923 922 1060 
f 1063 996 997 1065 
f 1064 924 923 1062 
f 1065 997 998 1067 
f 1066 925 924 1064 
f 1027 978 999 1069 
f 1068 926 905 1026 
f 1029 979 1000 1071 
f 1070 927 906 1028 
f 1083 1006 1025 1121 
f 1120 953 933 1082 
f 1071 1000 1002 1075 
f 1074 929 927 1070 
f 1075 1002 1003 1077 
f 1076 930 929 1074 
f 1077 1003 1004 1079 
f 1078 931 930 1076 
f 1079 1004 1005 1081 
f 1080 932 931 1078 
f 1085 1007 1006 1083 
f 1082 933 934 1084 
f 1087 1008 1007 1085 
f 1084 934 935 1086 
f 1089 1009 1008 1087 
f 1086 935 936 1088 
f 1091 1010 1009 1089 
f 1088 936 937 1090 
f 1093 1011 1010 1091 
f 1090 937 938 1092 
f 1095 1012 1011 1093 
f 1092 938 939 1094 
f 1097 1013 1012 1095 
f 1094 939 940 1096 
f 1099 1014 1013 1097 
f 1096 940 941 1098 
f 1101 1015 1014 1099 
f 1098 941 942 1100 
f 1103 1016 1015 1101 
f 1100 942 943 1102 
f 1105 1017 1016 1103 
f 1102 943 944 1104 
f 1119 1024 1017 1105 
f 1104 944 951 1118 
f 1081 1005 1018 1107 
f 1106 945 932 1080 
f 1107 1018 1019 1109 
f 1108 946 945 1106 
f 1109 1019 1020 1111 
f 1110 947 946 1108 
f 1111 1020 1021 1113 
f 1112 948 947 1110 
f 1113 1021 1022 1115 
f 1114 949 948 1112 
f 1115 1022 1023 1117 
f 1116 950 949 1114 
f 1117 1023 1024 1119 
f 1118 951 950 1116 
f 1121 1025 1001 1073 
f 1072 928 953 1120 
f 1212 1213 1173 1172 
f 1174 1175 1171 1170 
f 1176 1177 1175 1174 
f 1178 1179 1177 1176 
f 1180 1181 1179 1178 
f 1182 1183 1181 1180 
f 1200 1201 1183 1182 
f 1210 1211 1185 1184 
f 1184 1185 1187 1186 
f 1186 1187 1189 1188 
f 1188 1189 1191 1190 
f 1190 1191 1193 1192 
f 1192 1193 1195 1194 
f 1194 1195 1197 1196 
f 1196 1197 1199 1198 
f 1198 1199 1201 1200 
f 1216 1217 1203 1202 
f 1202 1203 1205 1204 
f 1204 1205 1207 1206 
f 1206 1207 1209 1208 
f 1208 1209 1211 1210 
f 1170 1171 1213 1212 
f 1172 1173 1215 1214 
f 1226 1227 1265 1264 
f 1214 1215 1219 1218 
f 1218 1219 1221 1220 
f 1220 1221 1223 1222 
f 1222 1223 1225 1224 
f 1228 1229 1227 1226 
f 1230 1231 1229 1228 
f 1232 1233 1231 1230 
f 1234 1235 1233 1232 
f 1236 1237 1235 1234 
f 1238 1239 1237 1236 
f 1240 1241 1239 1238 
f 1242 1243 1241 1240 
f 1244 1245 1243 1242 
f 1246 1247 1245 1244 
f 1248 1249 1247 1246 
f 1262 1263 1249 1248 
f 1224 1225 1251 1250 
f 1250 1251 1253 1252 
f 1252 1253 1255 1254 
f 1254 1255 1257 1256 
f 1256 1257 1259 1258 
f 1258 1259 1261 1260 
f 1260 1261 1263 1262 
f 1264 1265 1217 1216 
f 1213 1143 1123 1173 
f 1172 979 999 1212 
f 1175 1124 1122 1171 
f 1170 978 980 1174 
f 1177 1125 1124 1175 
f 1174 980 981 1176 
f 1179 1126 1125 1177 
f 1176 981 982 1178 
f 1181 1127 1126 1179 
f 1178 982 983 1180 
f 1183 1128 1127 1181 
f 1180 983 984 1182 
f 1201 1137 1128 1183 
f 1182 984 993 1200 
f 1211 1142 1129 1185 
f 1184 985 998 1210 
f 1185 1129 1130 1187 
f 1186 986 985 1184 
f 1187 1130 1131 1189 
f 1188 987 986 1186 
f 1189 1131 1132 1191 
f 1190 988 987 1188 
f 1191 1132 1133 1193 
f 1192 989 988 1190 
f 1193 1133 1134 1195 
f 1194 990 989 1192 
f 1195 1134 1135 1197 
f 1196 991 990 1194 
f 1197 1135 1136 1199 
f 1198 992 991 1196 
f 1199 1136 1137 1201 
f 1200 993 992 1198 
f 1217 1145 1138 1203 
f 1202 994 1001 1216 
f 1203 1138 1139 1205 
f 1204 995 994 1202 
f 1205 1139 1140 1207 
f 1206 996 995 1204 
f 1207 1140 1141 1209 
f 1208 997 996 1206 
f 1209 1141 1142 1211 
f 1210 998 997 1208 
f 1171 1122 1143 1213 
f 1212 999 978 1170 
f 1173 1123 1144 1215 
f 1214 1000 979 1172 
f 1227 1150 1169 1265 
f 1264 1025 1006 1226 
f 1215 1144 1146 1219 
f 1218 1002 1000 1214 
f 1219 1146 1147 1221 
f 1220 1003 1002 1218 
f 1221 1147 1148 1223 
f 1222 1004 1003 1220 
f 1223 1148 1149 1225 
f 1224 1005 1004 1222 
f 1229 1151 1150 1227 
f 1226 1006 1007 1228 
f 1231 1152 1151 1229 
f 1228 1007 1008 1230 
f 1233 1153 1152 1231 
f 1230 1008 1009 1232 
f 1235 1154 1153 1233 
f 1232 1009 1010 1234 
f 1237 1155 1154 1235 
f 1234 1010 1011 1236 
f 1239 1156 1155 1237 
f 1236 1011 1012 1238 
f 1241 1157 1156 1239 
f 1238 1012 1013 1240 
f 1243 1158 1157 1241 
f 1240 1013 1014 1242 
f 1245 1159 1158 1243 
f 1242 1014 1015 1244 
f 1247 1160 1159 1245 
f 1244 1015 1016 1246 
f 1249 1161 1160 1247 
f 1246 1016 1017 1248 
f 1263 1168 1161 1249 
f 1248 1017 1024 1262 
f 1225 1149 1162 1251 
f 1250 1018 1005 1224 
f 1251 1162 1163 1253 
f 1252 1019 1018 1250 
f 1253 1163 1164 1255 
f 1254 1020 1019 1252 
f 1255 1164 1165 1257 
f 1256 1021 1020 1254 
f 1257 1165 1166 1259 
f 1258 1022 1021 1256 
f 1259 1166 1167 1261 
f 1260 1023 1022 1258 
f 1261 1167 1168 1263 
f 1262 1024 1023 1260 
f 1265 1169 1145 1217 
f 1216 1001 1025 1264 
f 1123 1143 1283 1267 
f 1122 1124 1268 1266 
f 1124 1125 1269 1268 
f 1125 1126 1269 
f 1126 1127 1270 1269 
f 1127 1128 1270 
f 1128 1137 1277 1270 
f 1129 1142 1282 1271 
f 1130 1129 1271 1272 
f 1131 1130 1272 1273 
f 1132 1131 1273 1274 
f 1133 1132 1274 1275 
f 1134 1133 1275 1276 
f 1135 1134 1276 
f 1136 1135 1276 1277 
f 1137 1136 1277 
f 1138 1145 1285 1278 
f 1139 1138 1278 1279 
f 1140 1139 1279 1280 
f 1141 1140 1280 1281 
f 1142 1141 1281 1282 
f 1143 1122 1266 1283 
f 1144 1123 1267 1284 
f 1169 1150 1290 1305 
f 1146 1144 1284 1286 
f 1147 1146 1286 1287 
f 1148 1147 1287 1288 
f 1149 1148 1288 1289 
f 1150 1151 1291 1290 
f 1151 1152 1292 1291 
f 1152 1153 1293 1292 
f 1153 1154 1294 1293 
f 1154 1155 1295 1294 
f 1155 1156 1296 1295 
f 1156 1157 1297 1296 
f 1157 1158 1298 1297 
f 1158 1159 1299 1298 
f 1159 1160 1300 1299 
f 1160 1161 1304 1300 
f 1161 1168 1304 
f 1162 1149 1289 1301 
f 1163 1162 1301 
f 1164 1163 1301 1302 
f 1165 1164 1302 
f 1166 1165 1302 1303 
f 1167 1166 1303 
f 1168 1167 1303 1304 
f 1145 1169 1305 1285 
f 1437 1438 1390 1389 
f 1392 1393 1387 1386 
f 1395 1396 1393 1392 
f 1398 1399 1396 1395 
f 1419 1420 1399 1398 
f 1434 1435 1402 1401 
f 1401 1402 1405 1404 
f 1404 1405 1408 1407 
f 1407 1408 1411 1410 
f 1410 1411 1414 1413 
f 1413 1414 1417 1416 
f 1416 1417 1420 1419 
f 1443 1444 1423 1422 
f 1422 1423 1426 1425 
f 1425 1426 1429 1428 
f 1428 1429 1432 1431 
f 1431 1432 1435 1434 
f 1386 1387 1438 1437 
f 1389 1390 1441 1440 
f 1458 1459 1504 1503 
f 1440 1441 1447 1446 
f 1446 1447 1450 1449 
f 1449 1450 1453 1452 
f 1452 1453 1456 1455 
f 1461 1462 1459 1458 
f 1464 1465 1462 1461 
f 1467 1468 1465 1464 
f 1470 1471 1468 1467 
f 1473 1474 1471 1470 
f 1476 1477 1474 1473 
f 1479 1480 1477 1476 
f 1482 1483 1480 1479 
f 1485 1486 1483 1482 
f 1488 1489 1486 1485 
f 1500 1501 1489 1488 
f 1455 1456 1492 1491 
f 1491 1492 1495 1494 
f 1494 1495 1498 1497 
f 1497 1498 1501 1500 
f 1503 1504 1444 1443 
f 1307 1323 1363 1347 
f 1306 1308 1348 1346 
f 1308 1309 1349 1348 
f 1309 1310 1350 1349 
f 1310 1317 1357 1350 
f 1311 1322 1362 1351 
f 1312 1311 1351 1352 
f 1313 1312 1352 1353 
f 1314 1313 1353 1354 
f 1315 1314 1354 1355 
f 1316 1315 1355 1356 
f 1317 1316 1356 1357 
f 1318 1325 1365 1358 
f 1319 1318 1358 1359 
f 1320 1319 1359 1360 
f 1321 1320 1360 1361 
f 1322 1321 1361 1362 
f 1323 1306 1346 1363 
f 1324 1307 1347 1364 
f 1345 1330 1370 1385 
f 1326 1324 1364 1366 
f 1327 1326 1366 1367 
f 1328 1327 1367 1368 
f 1329 1328 1368 1369 
f 1330 1331 1371 1370 
f 1331 1332 1372 1371 
f 1332 1333 1373 1372 
f 1333 1334 1374 1373 
f 1334 1335 1375 1374 
f 1335 1336 1376 1375 
f 1336 1337 1377 1376 
f 1337 1338 1378 1377 
f 1338 1339 1379 1378 
f 1339 1340 1380 1379 
f 1340 1344 1384 1380 
f 1341 1329 1369 1381 
f 1342 1341 1381 1382 
f 1343 1342 1382 1383 
f 1344 1343 1383 1384 
f 1325 1345 1385 1365 
f 1439 1323 1307 1391 
f 1438 1439 1391 1390 
f 1389 1267 1283 1437 
f 1394 1308 1306 1388 
f 1393 1394 1388 1387 
f 1386 1266 1268 1392 
f 1397 1309 1308 1394 
f 1396 1397 1394 1393 
f 1392 1268 1269 1395 
f 1400 1310 1309 1397 
f 1399 1400 1397 1396 
f 1395 1269 1270 1398 
f 1421 1317 1310 1400 
f 1420 1421 1400 1399 
f 1398 1270 1277 1419 
f 1436 1322 1311 1403 
f 1435 1436 1403 1402 
f 1401 1271 1282 1434 
f 1403 1311 1312 1406 
f 1402 1403 1406 1405 
f 1404 1272 1271 1401 
f 1406 1312 1313 1409 
f 1405 1406 1409 1408 
f 1407 1273 1272 1404 
f 1409 1313 1314 1412 
f 1408 1409 1412 1411 
f 1410 1274 1273 1407 
f 1412 1314 1315 1415 
f 1411 1412 1415 1414 
f 1413 1275 1274 1410 
f 1415 1315 1316 1418 
f 1414 1415 1418 1417 
f 1416 1276 1275 1413 
f 1418 1316 1317 1421 
f 1417 1418 1421 1420 
f 1419 1277 1276 1416 
f 1445 1325 1318 1424 
f 1444 1445 1424 1423 
f 1422 1278 1285 1443 
f 1424 1318 1319 1427 
f 1423 1424 1427 1426 
f 1425 1279 1278 1422 
f 1427 1319 1320 1430 
f 1426 1427 1430 1429 
f 1428 1280 1279 1425 
f 1430 1320 1321 1433 
f 1429 1430 1433 1432 
f 1431 1281 1280 1428 
f 1433 1321 1322 1436 
f 1432 1433 1436 1435 
f 1434 1282 1281 1431 
f 1388 1306 1323 1439 
f 1387 1388 1439 1438 
f 1437 1283 1266 1386 
f 1391 1307 1324 1442 
f 1390 1391 1442 1441 
f 1440 1284 1267 1389 
f 1460 1330 1345 1505 
f 1459 1460 1505 1504 
f 1503 1305 1290 1458 
f 1442 1324 1326 1448 
f 1441 1442 1448 1447 
f 1446 1286 1284 1440 
f 1448 1326 1327 1451 
f 1447 1448 1451 1450 
f 1449 1287 1286 1446 
f 1451 1327 1328 1454 
f 1450 1451 1454 1453 
f 1452 1288 1287 1449 
f 1454 1328 1329 1457 
f 1453 1454 1457 1456 
f 1455 1289 1288 1452 
f 1463 1331 1330 1460 
f 1462 1463 1460 1459 
f 1458 1290 1291 1461 
f 1466 1332 1331 1463 
f 1465 1466 1463 1462 
f 1461 1291 1292 1464 
f 1469 1333 1332 1466 
f 1468 1469 1466 1465 
f 1464 1292 1293 1467 
f 1472 1334 1333 1469 
f 1471 1472 1469 1468 
f 1467 1293 1294 1470 
f 1475 1335 1334 1472 
f 1474 1475 1472 1471 
f 1470 1294 1295 1473 
f 1478 1336 1335 1475 
f 1477 1478 1475 1474 
f 1473 1295 1296 1476 
f 1481 1337 1336 1478 
f 1480 1481 1478 1477 
f 1476 1296 1297 1479 
f 1484 1338 1337 1481 
f 1483 1484 1481 1480 
f 1479 1297 1298 1482 
f 1487 1339 1338 1484 
f 1486 1487 1484 1483 
f 1482 1298 1299 1485 
f 1490 1340 1339 1487 
f 1489 1490 1487 1486 
f 1485 1299 1300 1488 
f 1502 1344 1340 1490 
f 1501 1502 1490 1489 
f 1488 1300 1304 1500 
f 1457 1329 1341 1493 
f 1456 1457 1493 1492 
f 1491 1301 1289 1455 
f 1493 1341 1342 1496 
f 1492 1493 1496 1495 
f 1494 1302 1301 1491 
f 1496 1342 1343 1499 
f 1495 1496 1499 1498 
f 1497 1303 1302 1494 
f 1499 1343 1344 1502 
f 1498 1499 1502 1501 
f 1500 1304 1303 1497 
f 1505 1345 1325 1445 
f 1504 1505 1445 1444 
f 1443 1285 1305 1503 
f 1347 1363 1506 
f 1346 1348 1506 
f 1348 1349 1506 
f 1349 1350 1506 
f 1350 1357 1506 
f 1351 1362 1506 
f 1352 1351 1506 
f 1353 1352 1506 
f 1354 1353 1506 
f 1355 1354 1506 
f 1356 1355 1506 
f 1357 1356 1506 
f 1358 1365 1506 
f 1359 1358 1506 
f 1360 1359 1506 
f 1361 1360 1506 
f 1362 1361 1506 
f 1363 1346 1506 
f 1364 1347 1506 
f 1385 1370 1506 
f 1366 1364 1506 
f 1367 1366 1506 
f 1368 1367 1506 
f 1369 1368 1506 
f 1370 1371 1506 
f 1371 1372 1506 
f 1372 1373 1506 
f 1373 1374 1506 
f 1374 1375 1506 
f 1375 1376 1506 
f 1376 1377 1506 
f 1377 1378 1506 
f 1378 1379 1506 
f 1379 1380 1506 
f 1380 1384 1506 
f 1381 1369 1506 
f 1382 1381 1506 
f 1383 1382 1506 
f 1384 1383 1506 
f 1365 1385 1506 
f 1627 1628 1564 1563 
f 1563 1564 1566 1565 
f 1565 1566 1568 1567 
f 1567 1568 1570 1569 
f 1569 1570 1572 1571 
f 1571 1572 1574 1573 
f 1573 1574 1576 1575 
f 1575 1576 1578 1577 
f 1577 1578 1580 1579 
f 1579 1580 1582 1581 
f 1581 1582 1584 1583 
f 1583 1584 1586 1585 
f 1585 1586 1588 1587 
f 1587 1588 1590 1589 
f 1589 1590 1592 1591 
f 1591 1592 1594 1593 
f 1593 1594 1596 1595 
f 1595 1596 1598 1597 
f 1597 1598 1600 1599 
f 1599 1600 1602 1601 
f 1601 1602 1604 1603 
f 1603 1604 1606 1605 
f 1605 1606 1608 1607 
f 1607 1608 1610 1609 
f 1609 1610 1612 1611 
f 1611 1612 1614 1613 
f 1613 1614 1616 1615 
f 1615 1616 1618 1617 
f 1617 1618 1620 1619 
f 1619 1620 1621 1622 
f 1623 1624 1626 1625 
f 1629 1630 1628 1627 
f 1631 1632 1630 1629 
f 1633 1634 1632 1631 
f 1635 1636 1634 1633 
f 1637 1638 1636 1635 
f 1639 1640 1638 1637 
f 1641 1642 1640 1639 
f 1643 1644 1642 1641 
f 1645 1646 1644 1643 
f 1647 1648 1646 1645 
f 1649 1650 1648 1647 
f 1651 1652 1650 1649 
f 1653 1654 1652 1651 
f 1655 1656 1654 1653 
f 1657 1658 1656 1655 
f 1659 1660 1658 1657 
f 1661 1662 1660 1659 
f 1625 1626 1662 1661 
f 1624 1623 1622 1621 
f 1909 1910 1665 1664 
f 1664 1665 1670 1669 
f 1669 1670 1675 1674 
f 1674 1675 1680 1679 
f 1679 1680 1685 1684 
f 1684 1685 1690 1689 
f 1689 1690 1695 1694 
f 1694 1695 1700 1699 
f 1699 1700 1705 1704 
f 1704 1705 1710 1709 
f 1709 1710 1715 1714 
f 1714 1715 1720 1719 
f 1719 1720 1725 1724 
f 1724 1725 1730 1729 
f 1729 1730 1735 1734 
f 1734 1735 1740 1739 
f 1739 1740 1745 1744 
f 1744 1745 1750 1749 
f 1749 1750 1755 1754 
f 1754 1755 1760 1759 
f 1759 1760 1765 1764 
f 1764 1765 1770 1769 
f 1769 1770 1775 1774 
f 1774 1775 1780 1779 
f 1779 1780 1785 1784 
f 1784 1785 1790 1789 
f 1789 1790 1795 1794 
f 1794 1795 1800 1799 
f 1799 1800 1805 1804 
f 1804 1805 1810 1809 
f 1809 1810 1815 1814 
f 1814 1815 1820 1819 
f 1819 1820 1825 1824 
f 1824 1825 1830 1829 
f 1829 1830 1835 1834 
f 1834 1835 1840 1839 
f 1839 1840 1845 1844 
f 1844 1845 1850 1849 
f 1849 1850 1855 1854 
f 1854 1855 1860 1859 
f 1859 1860 1865 1864 
f 1864 1865 1870 1869 
f 1869 1870 1875 1874 
f 1874 1875 1880 1879 
f 1879 1880 1885 1884 
f 1884 1885 1890 1889 
f 1889 1890 1895 1894 
f 1894 1895 1900 1899 
f 1899 1900 1905 1904 
f 1904 1905 1910 1909 
f 1628 2117 2118 1564 
f 1563 1535 1536 1627 
f 1564 2118 2121 1566 
f 1565 1534 1535 1563 
f 1566 2121 1913 1568 
f 1567 1533 1534 1565 
f 1568 1913 2124 1570 
f 1569 1532 1533 1567 
f 1570 2124 2126 1572 
f 1571 1531 1532 1569 
f 1572 2126 2128 1574 
f 1573 1530 1531 1571 
f 1574 2128 2130 1576 
f 1575 1529 1530 1573 
f 1576 2130 2132 1578 
f 1577 1528 1529 1575 
f 1578 2132 1559 1580 
f 1579 1527 1528 1577 
f 1580 1559 2135 1582 
f 1581 1526 1527 1579 
f 1582 2135 2137 1584 
f 1583 1525 1526 1581 
f 1584 2137 2139 1586 
f 1585 1524 1525 1583 
f 1586 2139 2141 1588 
f 1587 1523 1524 1585 
f 1588 2141 2143 1590 
f 1589 1522 1523 1587 
f 1590 2143 2145 1592 
f 1591 1521 1522 1589 
f 1592 2145 2147 1594 
f 1593 1520 1521 1591 
f 1594 2147 2149 1596 
f 1595 1519 1520 1593 
f 1596 2149 2151 1598 
f 1597 1518 1519 1595 
f 1598 2151 2153 1600 
f 1599 1517 1518 1597 
f 1600 2153 2155 1602 
f 1601 1516 1517 1599 
f 1602 2155 2157 1604 
f 1603 1515 1516 1601 
f 1604 2157 1914 1606 
f 1605 1514 1515 1603 
f 1606 1914 2160 1608 
f 1607 1513 1514 1605 
f 1608 2160 2162 1610 
f 1609 1512 1513 1607 
f 1610 2162 1915 1612 
f 1611 1511 1512 1609 
f 1612 1915 1560 1614 
f 1613 1510 1511 1611 
f 1614 1560 2166 1616 
f 1615 1509 1510 1613 
f 1616 2166 2168 1618 
f 1617 1508 1509 1615 
f 1618 2168 1561 1620 
f 1619 1507 1508 1617 
f 1620 1561 2171 1621 
f 1622 1556 1507 1619 
f 1624 1916 2173 1626 
f 1625 1554 1555 1623 
f 1630 2176 2117 1628 
f 1627 1536 1537 1629 
f 1632 2178 2176 1630 
f 1629 1537 1538 1631 
f 1634 1558 2178 1632 
f 1631 1538 1539 1633 
f 1636 2181 1558 1634 
f 1633 1539 1540 1635 
f 1638 2183 2181 1636 
f 1635 1540 1541 1637 
f 1640 2185 2183 1638 
f 1637 1541 1542 1639 
f 1642 2187 2185 1640 
f 1639 1542 1543 1641 
f 1644 1557 2187 1642 
f 1641 1543 1544 1643 
f 1646 2190 1557 1644 
f 1643 1544 1545 1645 
f 1648 2192 2190 1646 
f 1645 1545 1546 1647 
f 1650 2194 2192 1648 
f 1647 1546 1547 1649 
f 1652 2196 2194 1650 
f 1649 1547 1548 1651 
f 1654 2198 2196 1652 
f 1651 1548 1549 1653 
f 1656 2200 2198 1654 
f 1653 1549 1550 1655 
f 1658 2202 2200 1656 
f 1655 1550 1551 1657 
f 1660 2204 2202 1658 
f 1657 1551 1552 1659 
f 1662 2206 2204 1660 
f 1659 1552 1553 1661 
f 1626 2173 2206 1662 
f 1661 1553 1554 1625 
f 1623 1555 1556 1622 
f 1621 2171 1916 1624 
f 1912 1562 1667 
f 1911 1912 1667 1666 
f 1910 1911 1666 1665 
f 1663 2735 2736 1908 
f 1664 1663 1908 1909 
f 1667 1562 1672 
f 1666 1667 1672 1671 
f 1665 1666 1671 1670 
f 1668 2734 2735 1663 
f 1669 1668 1663 1664 
f 1672 1562 1677 
f 1671 1672 1677 1676 
f 1670 1671 1676 1675 
f 1673 2733 2734 1668 
f 1674 1673 1668 1669 
f 1677 1562 1682 
f 1676 1677 1682 1681 
f 1675 1676 1681 1680 
f 1678 2732 2733 1673 
f 1679 1678 1673 1674 
f 1682 1562 1687 
f 1681 1682 1687 1686 
f 1680 1681 1686 1685 
f 1683 2731 2732 1678 
f 1684 1683 1678 1679 
f 1687 1562 1692 
f 1686 1687 1692 1691 
f 1685 1686 1691 1690 
f 1688 2730 2731 1683 
f 1689 1688 1683 1684 
f 1692 1562 1697 
f 1691 1692 1697 1696 
f 1690 1691 1696 1695 
f 1693 2729 2730 1688 
f 1694 1693 1688 1689 
f 1697 1562 1702 
f 1696 1697 1702 1701 
f 1695 1696 1701 1700 
f 1698 2728 2729 1693 
f 1699 1698 1693 1694 
f 1702 1562 1707 
f 1701 1702 1707 1706 
f 1700 1701 1706 1705 
f 1703 2727 2728 1698 
f 1704 1703 1698 1699 
f 1707 1562 1712 
f 1706 1707 1712 1711 
f 1705 1706 1711 1710 
f 1708 2726 2727 1703 
f 1709 1708 1703 1704 
f 1712 1562 1717 
f 1711 1712 1717 1716 
f 1710 1711 1716 1715 
f 1713 2725 2726 1708 
f 1714 1713 1708 1709 
f 1717 1562 1722 
f 1716 1717 1722 1721 
f 1715 1716 1721 1720 
f 1718 2724 2725 1713 
f 1719 1718 1713 1714 
f 1722 1562 1727 
f 1721 1722 1727 1726 
f 1720 1721 1726 1725 
f 1723 2723 2724 1718 
f 1724 1723 1718 1719 
f 1727 1562 1732 
f 1726 1727 1732 1731 
f 1725 1726 1731 1730 
f 1728 2722 2723 1723 
f 1729 1728 1723 1724 
f 1732 1562 1737 
f 1731 1732 1737 1736 
f 1730 1731 1736 1735 
f 1733 2721 2722 1728 
f 1734 1733 1728 1729 
f 1737 1562 1742 
f 1736 1737 1742 1741 
f 1735 1736 1741 1740 
f 1738 2720 2721 1733 
f 1739 1738 1733 1734 
f 1742 1562 1747 
f 1741 1742 1747 1746 
f 1740 1741 1746 1745 
f 1743 2719 2720 1738 
f 1744 1743 1738 1739 
f 1747 1562 1752 
f 1746 1747 1752 1751 
f 1745 1746 1751 1750 
f 1748 2718 2719 1743 
f 1749 1748 1743 1744 
f 1752 1562 1757 
f 1751 1752 1757 1756 
f 1750 1751 1756 1755 
f 1753 2717 2718 1748 
f 1754 1753 1748 1749 
f 1757 1562 1762 
f 1756 1757 1762 1761 
f 1755 1756 1761 1760 
f 1758 2716 2717 1753 
f 1759 1758 1753 1754 
f 1762 1562 1767 
f 1761 1762 1767 1766 
f 1760 1761 1766 1765 
f 1763 2715 2716 1758 
f 1764 1763 1758 1759 
f 1767 1562 1772 
f 1766 1767 1772 1771 
f 1765 1766 1771 1770 
f 1768 2714 2715 1763 
f 1769 1768 1763 1764 
f 1772 1562 1777 
f 1771 1772 1777 1776 
f 1770 1771 1776 1775 
f 1773 2713 2714 1768 
f 1774 1773 1768 1769 
f 1777 1562 1782 
f 1776 1777 1782 1781 
f 1775 1776 1781 1780 
f 1778 2712 2713 1773 
f 1779 1778 1773 1774 
f 1782 1562 1787 
f 1781 1782 1787 1786 
f 1780 1781 1786 1785 
f 1783 2711 2712 1778 
f 1784 1783 1778 1779 
f 1787 1562 1792 
f 1786 1787 1792 1791 
f 1785 1786 1791 1790 
f 1788 2710 2711 1783 
f 1789 1788 1783 1784 
f 1792 1562 1797 
f 1791 1792 1797 1796 
f 1790 1791 1796 1795 
f 1793 2709 2710 1788 
f 1794 1793 1788 1789 
f 1797 1562 1802 
f 1796 1797 1802 1801 
f 1795 1796 1801 1800 
f 1798 2708 2709 1793 
f 1799 1798 1793 1794 
f 1802 1562 1807 
f 1801 1802 1807 1806 
f 1800 1801 1806 1805 
f 1803 2707 2708 1798 
f 1804 1803 1798 1799 
f 1807 1562 1812 
f 1806 1807 1812 1811 
f 1805 1806 1811 1810 
f 1808 2706 2707 1803 
f 1809 1808 1803 1804 
f 1812 1562 1817 
f 1811 1812 1817 1816 
f 1810 1811 1816 1815 
f 1813 2755 2706 1808 
f 1814 1813 1808 1809 
f 1817 1562 1822 
f 1816 1817 1822 1821 
f 1815 1816 1821 1820 
f 1818 2754 2755 1813 
f 1819 1818 1813 1814 
f 1822 1562 1827 
f 1821 1822 1827 1826 
f 1820 1821 1826 1825 
f 1823 2753 2754 1818 
f 1824 1823 1818 1819 
f 1827 1562 1832 
f 1826 1827 1832 1831 
f 1825 1826 1831 1830 
f 1828 2752 2753 1823 
f 1829 1828 1823 1824 
f 1832 1562 1837 
f 1831 1832 1837 1836 
f 1830 1831 1836 1835 
f 1833 2751 2752 1828 
f 1834 1833 1828 1829 
f 1837 1562 1842 
f 1836 1837 1842 1841 
f 1835 1836 1841 1840 
f 1838 2750 2751 1833 
f 1839 1838 1833 1834 
f 1842 1562 1847 
f 1841 1842 1847 1846 
f 1840 1841 1846 1845 
f 1843 2749 2750 1838 
f 1844 1843 1838 1839 
f 1847 1562 1852 
f 1846 1847 1852 1851 
f 1845 1846 1851 1850 
f 1848 2748 2749 1843 
f 1849 1848 1843 1844 
f 1852 1562 1857 
f 1851 1852 1857 1856 
f 1850 1851 1856 1855 
f 1853 2747 2748 1848 
f 1854 1853 1848 1849 
f 1857 1562 1862 
f 1856 1857 1862 1861 
f 1855 1856 1861 1860 
f 1858 2746 2747 1853 
f 1859 1858 1853 1854 
f 1862 1562 1867 
f 1861 1862 1867 1866 
f 1860 1861 1866 1865 
f 1863 2745 2746 1858 
f 1864 1863 1858 1859 
f 1867 1562 1872 
f 1866 1867 1872 1871 
f 1865 1866 1871 1870 
f 1868 2744 2745 1863 
f 1869 1868 1863 1864 
f 1872 1562 1877 
f 1871 1872 1877 1876 
f 1870 1871 1876 1875 
f 1873 2743 2744 1868 
f 1874 1873 1868 1869 
f 1877 1562 1882 
f 1876 1877 1882 1881 
f 1875 1876 1881 1880 
f 1878 2742 2743 1873 
f 1879 1878 1873 1874 
f 1882 1562 1887 
f 1881 1882 1887 1886 
f 1880 1881 1886 1885 
f 1883 2741 2742 1878 
f 1884 1883 1878 1879 
f 1887 1562 1892 
f 1886 1887 1892 1891 
f 1885 1886 1891 1890 
f 1888 2740 2741 1883 
f 1889 1888 1883 1884 
f 1892 1562 1897 
f 1891 1892 1897 1896 
f 1890 1891 1896 1895 
f 1893 2739 2740 1888 
f 1894 1893 1888 1889 
f 1897 1562 1902 
f 1896 1897 1902 1901 
f 1895 1896 1901 1900 
f 1898 2738 2739 1893 
f 1899 1898 1893 1894 
f 1902 1562 1907 
f 1901 1902 1907 1906 
f 1900 1901 1906 1905 
f 1903 2737 2738 1898 
f 1904 1903 1898 1899 
f 1907 1562 1912 
f 1906 1907 1912 1911 
f 1905 1906 1911 1910 
f 1908 2736 2737 1903 
f 1909 1908 1903 1904 
f 1917 1920 1919 1918 
f 1920 1922 1921 1919 
f 1922 1924 1923 1921 
f 1924 1926 1925 1923 
f 1926 1928 1927 1925 
f 1928 1930 1929 1927 
f 1930 1932 1931 1929 
f 1932 1934 1933 1931 
f 1934 1936 1935 1933 
f 1936 1938 1937 1935 
f 1938 1940 1939 1937 
f 1940 1942 1941 1939 
f 1942 1944 1943 1941 
f 1944 1946 1945 1943 
f 1946 1948 1947 1945 
f 1948 1950 1949 1947 
f 1950 1952 1951 1949 
f 1952 1954 1953 1951 
f 1954 1956 1955 1953 
f 1956 1958 1957 1955 
f 1958 1960 1959 1957 
f 1960 1962 1961 1959 
f 1962 1964 1963 1961 
f 1964 1966 1965 1963 
f 1966 1968 1967 1965 
f 1968 1970 1969 1967 
f 1970 1972 1971 1969 
f 1972 1974 1973 1971 
f 1974 1976 1975 1973 
f 1976 1978 1977 1975 
f 1979 1982 1981 1980 
f 1983 1917 1918 1984 
f 1985 1983 1984 1986 
f 1987 1985 1986 1988 
f 1989 1987 1988 1990 
f 1991 1989 1990 1992 
f 1993 1991 1992 1994 
f 1995 1993 1994 1996 
f 1997 1995 1996 1998 
f 1999 1997 1998 2000 
f 2001 1999 2000 2002 
f 2003 2001 2002 2004 
f 2005 2003 2004 2006 
f 2007 2005 2006 2008 
f 2009 2007 2008 2010 
f 2011 2009 2010 2012 
f 2013 2011 2012 2014 
f 2015 2013 2014 2016 
f 1982 2015 2016 1981 
f 1980 1977 1978 1979 
f 2017 2020 2019 2018 
f 2020 2022 2021 2019 
f 2022 2024 2023 2021 
f 2024 2026 2025 2023 
f 2026 2028 2027 2025 
f 2028 2030 2029 2027 
f 2030 2032 2031 2029 
f 2032 2034 2033 2031 
f 2034 2036 2035 2033 
f 2036 2038 2037 2035 
f 2038 2040 2039 2037 
f 2040 2042 2041 2039 
f 2042 2044 2043 2041 
f 2044 2046 2045 2043 
f 2046 2048 2047 2045 
f 2048 2050 2049 2047 
f 2050 2052 2051 2049 
f 2052 2054 2053 2051 
f 2054 2056 2055 2053 
f 2056 2058 2057 2055 
f 2058 2060 2059 2057 
f 2060 2062 2061 2059 
f 2062 2064 2063 2061 
f 2064 2066 2065 2063 
f 2066 2068 2067 2065 
f 2068 2070 2069 2067 
f 2070 2072 2071 2069 
f 2072 2074 2073 2071 
f 2074 2076 2075 2073 
f 2076 2078 2077 2075 
f 2078 2080 2079 2077 
f 2080 2082 2081 2079 
f 2082 2084 2083 2081 
f 2084 2086 2085 2083 
f 2086 2088 2087 2085 
f 2088 2090 2089 2087 
f 2090 2092 2091 2089 
f 2092 2094 2093 2091 
f 2094 2096 2095 2093 
f 2096 2098 2097 2095 
f 2098 2100 2099 2097 
f 2100 2102 2101 2099 
f 2102 2104 2103 2101 
f 2104 2106 2105 2103 
f 2106 2108 2107 2105 
f 2108 2110 2109 2107 
f 2110 2112 2111 2109 
f 2112 2114 2113 2111 
f 2114 2116 2115 2113 
f 2116 2017 2018 2115 
f 1918 1919 2118 2117 
f 1920 1917 2120 2119 
f 1919 1921 2121 2118 
f 1922 1920 2119 2122 
f 1921 1923 1913 2121 
f 1924 1922 2122 2123 
f 1923 1925 2124 1913 
f 1926 1924 2123 2125 
f 1925 1927 2126 2124 
f 1928 1926 2125 2127 
f 1927 1929 2128 2126 
f 1930 1928 2127 2129 
f 1929 1931 2130 2128 
f 1932 1930 2129 2131 
f 1931 1933 2132 2130 
f 1934 1932 2131 2133 
f 1933 1935 1559 2132 
f 1936 1934 2133 2134 
f 1935 1937 2135 1559 
f 1938 1936 2134 2136 
f 1937 1939 2137 2135 
f 1940 1938 2136 2138 
f 1939 1941 2139 2137 
f 1942 1940 2138 2140 
f 1941 1943 2141 2139 
f 1944 1942 2140 2142 
f 1943 1945 2143 2141 
f 1946 1944 2142 2144 
f 1945 1947 2145 2143 
f 1948 1946 2144 2146 
f 1947 1949 2147 2145 
f 1950 1948 2146 2148 
f 1949 1951 2149 2147 
f 1952 1950 2148 2150 
f 1951 1953 2151 2149 
f 1954 1952 2150 2152 
f 1953 1955 2153 2151 
f 1956 1954 2152 2154 
f 1955 1957 2155 2153 
f 1958 1956 2154 2156 
f 1957 1959 2157 2155 
f 1960 1958 2156 2158 
f 1959 1961 1914 2157 
f 1962 1960 2158 2159 
f 1961 1963 2160 1914 
f 1964 1962 2159 2161 
f 1963 1965 2162 2160 
f 1966 1964 2161 2163 
f 1965 1967 1915 2162 
f 1968 1966 2163 2164 
f 1967 1969 1560 1915 
f 1970 1968 2164 2165 
f 1969 1971 2166 1560 
f 1972 1970 2165 2167 
f 1971 1973 2168 2166 
f 1974 1972 2167 2169 
f 1973 1975 1561 2168 
f 1976 1974 2169 2170 
f 1975 1977 2171 1561 
f 1978 1976 2170 2172 
f 1980 1981 2173 1916 
f 1982 1979 2175 2174 
f 1984 1918 2117 2176 
f 1917 1983 2177 2120 
f 1986 1984 2176 2178 
f 1983 1985 2179 2177 
f 1988 1986 2178 1558 
f 1985 1987 2180 2179 
f 1990 1988 1558 2181 
f 1987 1989 2182 2180 
f 1992 1990 2181 2183 
f 1989 1991 2184 2182 
f 1994 1992 2183 2185 
f 1991 1993 2186 2184 
f 1996 1994 2185 2187 
f 1993 1995 2188 2186 
f 1998 1996 2187 1557 
f 1995 1997 2189 2188 
f 2000 1998 1557 2190 
f 1997 1999 2191 2189 
f 2002 2000 2190 2192 
f 1999 2001 2193 2191 
f 2004 2002 2192 2194 
f 2001 2003 2195 2193 
f 2006 2004 2194 2196 
f 2003 2005 2197 2195 
f 2008 2006 2196 2198 
f 2005 2007 2199 2197 
f 2010 2008 2198 2200 
f 2007 2009 2201 2199 
f 2012 2010 2200 2202 
f 2009 2011 2203 2201 
f 2014 2012 2202 2204 
f 2011 2013 2205 2203 
f 2016 2014 2204 2206 
f 2013 2015 2207 2205 
f 1981 2016 2206 2173 
f 2015 1982 2174 2207 
f 1979 1978 2172 2175 
f 1977 1980 1916 2171 
f 2208 2210 2209 
f 2211 2212 2210 2208 
f 2018 2019 2212 2211 
f 2213 2214 2172 2170 
f 2020 2017 2214 2213 
f 2210 2215 2209 
f 2212 2216 2215 2210 
f 2019 2021 2216 2212 
f 2217 2213 2170 2169 
f 2022 2020 2213 2217 
f 2215 2218 2209 
f 2216 2219 2218 2215 
f 2021 2023 2219 2216 
f 2220 2217 2169 2167 
f 2024 2022 2217 2220 
f 2218 2221 2209 
f 2219 2222 2221 2218 
f 2023 2025 2222 2219 
f 2223 2220 2167 2165 
f 2026 2024 2220 2223 
f 2221 2224 2209 
f 2222 2225 2224 2221 
f 2025 2027 2225 2222 
f 2226 2223 2165 2164 
f 2028 2026 2223 2226 
f 2224 2227 2209 
f 2225 2228 2227 2224 
f 2027 2029 2228 2225 
f 2229 2226 2164 2163 
f 2030 2028 2226 2229 
f 2227 2230 2209 
f 2228 2231 2230 2227 
f 2029 2031 2231 2228 
f 2232 2229 2163 2161 
f 2032 2030 2229 2232 
f 2230 2233 2209 
f 2231 2234 2233 2230 
f 2031 2033 2234 2231 
f 2235 2232 2161 2159 
f 2034 2032 2232 2235 
f 2233 2236 2209 
f 2234 2237 2236 2233 
f 2033 2035 2237 2234 
f 2238 2235 2159 2158 
f 2036 2034 2235 2238 
f 2236 2239 2209 
f 2237 2240 2239 2236 
f 2035 2037 2240 2237 
f 2241 2238 2158 2156 
f 2038 2036 2238 2241 
f 2239 2242 2209 
f 2240 2243 2242 2239 
f 2037 2039 2243 2240 
f 2244 2241 2156 2154 
f 2040 2038 2241 2244 
f 2242 2245 2209 
f 2243 2246 2245 2242 
f 2039 2041 2246 2243 
f 2247 2244 2154 2152 
f 2042 2040 2244 2247 
f 2245 2248 2209 
f 2246 2249 2248 2245 
f 2041 2043 2249 2246 
f 2250 2247 2152 2150 
f 2044 2042 2247 2250 
f 2248 2251 2209 
f 2249 2252 2251 2248 
f 2043 2045 2252 2249 
f 2253 2250 2150 2148 
f 2046 2044 2250 2253 
f 2251 2254 2209 
f 2252 2255 2254 2251 
f 2045 2047 2255 2252 
f 2256 2253 2148 2146 
f 2048 2046 2253 2256 
f 2254 2257 2209 
f 2255 2258 2257 2254 
f 2047 2049 2258 2255 
f 2259 2256 2146 2144 
f 2050 2048 2256 2259 
f 2257 2260 2209 
f 2258 2261 2260 2257 
f 2049 2051 2261 2258 
f 2262 2259 2144 2142 
f 2052 2050 2259 2262 
f 2260 2263 2209 
f 2261 2264 2263 2260 
f 2051 2053 2264 2261 
f 2265 2262 2142 2140 
f 2054 2052 2262 2265 
f 2263 2266 2209 
f 2264 2267 2266 2263 
f 2053 2055 2267 2264 
f 2268 2265 2140 2138 
f 2056 2054 2265 2268 
f 2266 2269 2209 
f 2267 2270 2269 2266 
f 2055 2057 2270 2267 
f 2271 2268 2138 2136 
f 2058 2056 2268 2271 
f 2269 2272 2209 
f 2270 2273 2272 2269 
f 2057 2059 2273 2270 
f 2274 2271 2136 2134 
f 2060 2058 2271 2274 
f 2272 2275 2209 
f 2273 2276 2275 2272 
f 2059 2061 2276 2273 
f 2277 2274 2134 2133 
f 2062 2060 2274 2277 
f 2275 2278 2209 
f 2276 2279 2278 2275 
f 2061 2063 2279 2276 
f 2280 2277 2133 2131 
f 2064 2062 2277 2280 
f 2278 2281 2209 
f 2279 2282 2281 2278 
f 2063 2065 2282 2279 
f 2283 2280 2131 2129 
f 2066 2064 2280 2283 
f 2281 2284 2209 
f 2282 2285 2284 2281 
f 2065 2067 2285 2282 
f 2286 2283 2129 2127 
f 2068 2066 2283 2286 
f 2284 2287 2209 
f 2285 2288 2287 2284 
f 2067 2069 2288 2285 
f 2289 2286 2127 2125 
f 2070 2068 2286 2289 
f 2287 2290 2209 
f 2288 2291 2290 2287 
f 2069 2071 2291 2288 
f 2292 2289 2125 2123 
f 2072 2070 2289 2292 
f 2290 2293 2209 
f 2291 2294 2293 2290 
f 2071 2073 2294 2291 
f 2295 2292 2123 2122 
f 2074 2072 2292 2295 
f 2293 2296 2209 
f 2294 2297 2296 2293 
f 2073 2075 2297 2294 
f 2298 2295 2122 2119 
f 2076 2074 2295 2298 
f 2296 2299 2209 
f 2297 2300 2299 2296 
f 2075 2077 2300 2297 
f 2301 2298 2119 2120 
f 2078 2076 2298 2301 
f 2299 2302 2209 
f 2300 2303 2302 2299 
f 2077 2079 2303 2300 
f 2304 2301 2120 2177 
f 2080 2078 2301 2304 
f 2302 2305 2209 
f 2303 2306 2305 2302 
f 2079 2081 2306 2303 
f 2307 2304 2177 2179 
f 2082 2080 2304 2307 
f 2305 2308 2209 
f 2306 2309 2308 2305 
f 2081 2083 2309 2306 
f 2310 2307 2179 2180 
f 2084 2082 2307 2310 
f 2308 2311 2209 
f 2309 2312 2311 2308 
f 2083 2085 2312 2309 
f 2313 2310 2180 2182 
f 2086 2084 2310 2313 
f 2311 2314 2209 
f 2312 2315 2314 2311 
f 2085 2087 2315 2312 
f 2316 2313 2182 2184 
f 2088 2086 2313 2316 
f 2314 2317 2209 
f 2315 2318 2317 2314 
f 2087 2089 2318 2315 
f 2319 2316 2184 2186 
f 2090 2088 2316 2319 
f 2317 2320 2209 
f 2318 2321 2320 2317 
f 2089 2091 2321 2318 
f 2322 2319 2186 2188 
f 2092 2090 2319 2322 
f 2320 2323 2209 
f 2321 2324 2323 2320 
f 2091 2093 2324 2321 
f 2325 2322 2188 2189 
f 2094 2092 2322 2325 
f 2323 2326 2209 
f 2324 2327 2326 2323 
f 2093 2095 2327 2324 
f 2328 2325 2189 2191 
f 2096 2094 2325 2328 
f 2326 2329 2209 
f 2327 2330 2329 2326 
f 2095 2097 2330 2327 
f 2331 2328 2191 2193 
f 2098 2096 2328 2331 
f 2329 2332 2209 
f 2330 2333 2332 2329 
f 2097 2099 2333 2330 
f 2334 2331 2193 2195 
f 2100 2098 2331 2334 
f 2332 2335 2209 
f 2333 2336 2335 2332 
f 2099 2101 2336 2333 
f 2337 2334 2195 2197 
f 2102 2100 2334 2337 
f 2335 2338 2209 
f 2336 2339 2338 2335 
f 2101 2103 2339 2336 
f 2340 2337 2197 2199 
f 2104 2102 2337 2340 
f 2338 2341 2209 
f 2339 2342 2341 2338 
f 2103 2105 2342 2339 
f 2343 2340 2199 2201 
f 2106 2104 2340 2343 
f 2341 2344 2209 
f 2342 2345 2344 2341 
f 2105 2107 2345 2342 
f 2346 2343 2201 2203 
f 2108 2106 2343 2346 
f 2344 2347 2209 
f 2345 2348 2347 2344 
f 2107 2109 2348 2345 
f 2349 2346 2203 2205 
f 2110 2108 2346 2349 
f 2347 2350 2209 
f 2348 2351 2350 2347 
f 2109 2111 2351 2348 
f 2352 2349 2205 2207 
f 2112 2110 2349 2352 
f 2350 2353 2209 
f 2351 2354 2353 2350 
f 2111 2113 2354 2351 
f 2355 2352 2207 2174 
f 2114 2112 2352 2355 
f 2353 2356 2209 
f 2354 2357 2356 2353 
f 2113 2115 2357 2354 
f 2358 2355 2174 2175 
f 2116 2114 2355 2358 
f 2356 2208 2209 
f 2357 2211 2208 2356 
f 2115 2018 2211 2357 
f 2214 2358 2175 2172 
f 2017 2116 2358 2214 
f 2363 2361 2359 2362 
f 2369 2367 2365 2368 
f 2367 2373 2371 2365 
f 2373 2376 2374 2371 
f 2376 2379 2377 2374 
f 2379 2382 2380 2377 
f 2382 2385 2383 2380 
f 2385 2388 2386 2383 
f 2388 2391 2389 2386 
f 2391 2394 2392 2389 
f 2394 2397 2395 2392 
f 2397 2400 2398 2395 
f 2400 2403 2401 2398 
f 2403 2406 2404 2401 
f 2406 2409 2407 2404 
f 2409 2412 2410 2407 
f 2412 2415 2413 2410 
f 2415 2418 2416 2413 
f 2418 2421 2419 2416 
f 2421 2424 2422 2419 
f 2424 2427 2425 2422 
f 2427 2430 2428 2425 
f 2430 2433 2431 2428 
f 2438 2436 2434 2437 
f 2441 2363 2362 2440 
f 2361 2445 2443 2359 
f 2445 2448 2446 2443 
f 2448 2451 2449 2446 
f 2451 2369 2368 2449 
f 2433 2438 2437 2431 
f 2436 2454 2452 2434 
f 2456 2441 2440 2455 
f 2459 2456 2455 2458 
f 2462 2459 2458 2461 
f 2465 2462 2461 2464 
f 2468 2465 2464 2467 
f 2471 2468 2467 2470 
f 2474 2471 2470 2473 
f 2477 2474 2473 2476 
f 2480 2477 2476 2479 
f 2483 2480 2479 2482 
f 2486 2483 2482 2485 
f 2489 2486 2485 2488 
f 2492 2489 2488 2491 
f 2495 2492 2491 2494 
f 2498 2495 2494 2497 
f 2501 2498 2497 2500 
f 2504 2501 2500 2503 
f 2507 2504 2503 2506 
f 2510 2507 2506 2509 
f 2513 2510 2509 2512 
f 2516 2513 2512 2515 
f 2519 2516 2515 2518 
f 2454 2523 2521 2452 
f 2523 2526 2524 2521 
f 2526 2529 2527 2524 
f 2529 2519 2518 2527 
f 2360 2364 2362 2359 
f 2366 2370 2368 2365 
f 2372 2366 2365 2371 
f 2375 2372 2371 2374 
f 2378 2375 2374 2377 
f 2381 2378 2377 2380 
f 2384 2381 2380 2383 
f 2387 2384 2383 2386 
f 2390 2387 2386 2389 
f 2393 2390 2389 2392 
f 2396 2393 2392 2395 
f 2399 2396 2395 2398 
f 2402 2399 2398 2401 
f 2405 2402 2401 2404 
f 2408 2405 2404 2407 
f 2411 2408 2407 2410 
f 2414 2411 2410 2413 
f 2417 2414 2413 2416 
f 2420 2417 2416 2419 
f 2423 2420 2419 2422 
f 2426 2423 2422 2425 
f 2429 2426 2425 2428 
f 2432 2429 2428 2431 
f 2435 2439 2437 2434 
f 2364 2442 2440 2362 
f 2444 2360 2359 2443 
f 2447 2444 2443 2446 
f 2450 2447 2446 2449 
f 2370 2450 2449 2368 
f 2439 2432 2431 2437 
f 2453 2435 2434 2452 
f 2442 2457 2455 2440 
f 2457 2460 2458 2455 
f 2460 2463 2461 2458 
f 2463 2466 2464 2461 
f 2466 2469 2467 2464 
f 2469 2472 2470 2467 
f 2472 2475 2473 2470 
f 2475 2478 2476 2473 
f 2478 2481 2479 2476 
f 2481 2484 2482 2479 
f 2484 2487 2485 2482 
f 2487 2490 2488 2485 
f 2490 2493 2491 2488 
f 2493 2496 2494 2491 
f 2496 2499 2497 2494 
f 2499 2502 2500 2497 
f 2502 2505 2503 2500 
f 2505 2508 2506 2503 
f 2508 2511 2509 2506 
f 2511 2514 2512 2509 
f 2514 2517 2515 2512 
f 2517 2520 2518 2515 
f 2522 2453 2452 2521 
f 2525 2522 2521 2524 
f 2528 2525 2524 2527 
f 2520 2528 2527 2518 
f 250 27 2531 2530 
f 27 26 2532 2531 
f 26 25 2533 2532 
f 25 24 2534 2533 
f 24 23 2535 2534 
f 23 22 2536 2535 
f 22 21 2537 2536 
f 21 20 2538 2537 
f 20 19 2539 2538 
f 19 18 2540 2539 
f 18 17 2541 2540 
f 17 16 2542 2541 
f 16 15 2543 2542 
f 15 14 2544 2543 
f 14 13 2545 2544 
f 13 12 2546 2545 
f 12 11 2547 2546 
f 11 10 2548 2547 
f 10 9 2549 2548 
f 9 8 2550 2549 
f 8 7 2551 2550 
f 7 6 2552 2551 
f 6 5 2553 2552 
f 5 4 2554 2553 
f 4 3 2555 2554 
f 3 2 2556 2555 
f 2 1 2557 2556 
f 1 140 2558 2557 
f 140 282 2559 2558 
f 282 281 2560 2559 
f 281 280 2561 2560 
f 280 279 2562 2561 
f 279 278 2563 2562 
f 278 277 2564 2563 
f 277 276 2565 2564 
f 276 275 2566 2565 
f 275 274 2567 2566 
f 274 273 2568 2567 
f 273 272 2569 2568 
f 272 271 2570 2569 
f 271 270 2571 2570 
f 270 269 2572 2571 
f 269 268 2573 2572 
f 268 267 2574 2573 
f 267 266 2575 2574 
f 266 265 2576 2575 
f 265 264 2577 2576 
f 264 263 2578 2577 
f 263 262 2579 2578 
f 262 261 2580 2579 
f 261 260 2581 2580 
f 260 259 2582 2581 
f 259 258 2583 2582 
f 258 257 2584 2583 
f 257 256 2585 2584 
f 256 255 2586 2585 
f 255 254 2587 2586 
f 254 253 2588 2587 
f 253 421 2589 2588 
f 421 252 2590 2589 
f 252 411 2591 2590 
f 411 251 2592 2591 
f 251 417 2593 2592 
f 417 250 2530 2593 
f 131 28 2595 2594 
f 28 314 2596 2595 
f 314 416 2597 2596 
f 416 313 2598 2597 
f 313 412 2599 2598 
f 412 312 2600 2599 
f 312 422 2601 2600 
f 422 311 2602 2601 
f 311 310 2603 2602 
f 310 309 2604 2603 
f 309 308 2605 2604 
f 308 307 2606 2605 
f 307 306 2607 2606 
f 306 305 2608 2607 
f 305 304 2609 2608 
f 304 303 2610 2609 
f 303 302 2611 2610 
f 302 301 2612 2611 
f 301 300 2613 2612 
f 300 299 2614 2613 
f 299 298 2615 2614 
f 298 297 2616 2615 
f 297 296 2617 2616 
f 296 295 2618 2617 
f 295 294 2619 2618 
f 294 293 2620 2619 
f 293 292 2621 2620 
f 292 291 2622 2621 
f 291 290 2623 2622 
f 290 289 2624 2623 
f 289 288 2625 2624 
f 288 287 2626 2625 
f 287 286 2627 2626 
f 286 285 2628 2627 
f 285 284 2629 2628 
f 284 283 2630 2629 
f 283 51 2631 2630 
f 51 141 2632 2631 
f 141 50 2633 2632 
f 50 49 2634 2633 
f 49 48 2635 2634 
f 48 47 2636 2635 
f 47 46 2637 2636 
f 46 45 2638 2637 
f 45 44 2639 2638 
f 44 43 2640 2639 
f 43 42 2641 2640 
f 42 41 2642 2641 
f 41 40 2643 2642 
f 40 39 2644 2643 
f 39 38 2645 2644 
f 38 37 2646 2645 
f 37 36 2647 2646 
f 36 35 2648 2647 
f 35 34 2649 2648 
f 34 33 2650 2649 
f 33 32 2651 2650 
f 32 31 2652 2651 
f 31 30 2653 2652 
f 30 29 2654 2653 
f 29 138 2655 2654 
f 138 136 2656 2655 
f 136 134 2657 2656 
f 134 131 2594 2657 
f 926 906 2659 2658 
f 906 927 2660 2659 
f 927 929 2661 2660 
f 929 930 2662 2661 
f 930 931 2663 2662 
f 931 932 2664 2663 
f 932 945 2665 2664 
f 945 946 2666 2665 
f 946 947 2667 2666 
f 947 948 2668 2667 
f 948 949 2669 2668 
f 949 950 2670 2669 
f 950 951 2671 2670 
f 951 944 2672 2671 
f 944 943 2673 2672 
f 943 942 2674 2673 
f 942 941 2675 2674 
f 941 940 2676 2675 
f 940 939 2677 2676 
f 939 938 2678 2677 
f 938 937 2679 2678 
f 937 936 2680 2679 
f 936 935 2681 2680 
f 935 934 2682 2681 
f 934 933 2683 2682 
f 933 953 2684 2683 
f 953 928 2685 2684 
f 928 921 2686 2685 
f 921 922 2687 2686 
f 922 923 2688 2687 
f 923 924 2689 2688 
f 924 925 2690 2689 
f 925 912 2691 2690 
f 912 913 2692 2691 
f 913 914 2693 2692 
f 914 915 2694 2693 
f 915 916 2695 2694 
f 916 917 2696 2695 
f 917 918 2697 2696 
f 918 919 2698 2697 
f 919 920 2699 2698 
f 920 911 2700 2699 
f 911 910 2701 2700 
f 910 909 2702 2701 
f 909 908 2703 2702 
f 908 907 2704 2703 
f 907 905 2705 2704 
f 905 926 2658 2705 
f 1536 1535 2707 2706 
f 1535 1534 2708 2707 
f 1534 1533 2709 2708 
f 1533 1532 2710 2709 
f 1532 1531 2711 2710 
f 1531 1530 2712 2711 
f 1530 1529 2713 2712 
f 1529 1528 2714 2713 
f 1528 1527 2715 2714 
f 1527 1526 2716 2715 
f 1526 1525 2717 2716 
f 1525 1524 2718 2717 
f 1524 1523 2719 2718 
f 1523 1522 2720 2719 
f 1522 1521 2721 2720 
f 1521 1520 2722 2721 
f 1520 1519 2723 2722 
f 1519 1518 2724 2723 
f 1518 1517 2725 2724 
f 1517 1516 2726 2725 
f 1516 1515 2727 2726 
f 1515 1514 2728 2727 
f 1514 1513 2729 2728 
f 1513 1512 2730 2729 
f 1512 1511 2731 2730 
f 1511 1510 2732 2731 
f 1510 1509 2733 2732 
f 1509 1508 2734 2733 
f 1508 1507 2735 2734 
f 1507 1556 2736 2735 
f 1556 1555 2737 2736 
f 1555 1554 2738 2737 
f 1554 1553 2739 2738 
f 1553 1552 2740 2739 
f 1552 1551 2741 2740 
f 1551 1550 2742 2741 
f 1550 1549 2743 2742 
f 1549 1548 2744 2743 
f 1548 1547 2745 2744 
f 1547 1546 2746 2745 
f 1546 1545 2747 2746 
f 1545 1544 2748 2747 
f 1544 1543 2749 2748 
f 1543 1542 2750 2749 
f 1542 1541 2751 2750 
f 1541 1540 2752 2751 
f 1540 1539 2753 2752 
f 1539 1538 2754 2753 
f 1538 1537 2755 2754 
f 1537 1536 2706 2755 
# 2637 polygons - 228 triangles

