# 3ds Max Wavefront OBJ Exporter v0.97b - (c)2007 guruware
# File Created: 21.03.2022 17:45:49

#
# object 23975IN_4ND
#

v  0.1600 -3.1926 2.3220
v  0.2420 -3.2814 2.3374
v  0.2792 -3.3951 2.3581
v  0.2464 -3.3869 2.3647
v  0.0336 -3.2004 2.3430
v  0.0341 -3.1707 2.3238
v  0.0932 -3.1866 2.3271
v  0.1425 -3.2133 2.3323
v  0.1848 -3.2501 2.3389
v  0.2172 -3.2956 2.3471
v  0.2389 -3.3410 2.3547
v  0.0287 -3.2226 2.3709
v  0.0703 -3.2336 2.3739
v  0.1088 -3.2531 2.3784
v  0.1419 -3.2809 2.3841
v  0.1680 -3.3153 2.3906
v  0.2078 -3.3454 2.3716
v  0.1906 -3.3075 2.3644
v  0.1612 -3.2685 2.3574
v  0.1239 -3.2366 2.3513
v  0.0806 -3.2136 2.3464
v  0.0297 -2.8379 2.1235
v  0.1422 -3.9958 2.3647
v  0.1524 -4.0381 2.3468
v  0.2526 -3.9554 2.3584
v  0.3529 -3.8944 2.3475
v  0.3770 -3.9290 2.3289
v  0.4676 -3.8431 2.3133
v  0.5036 -3.7179 2.3135
v  0.5382 -3.7406 2.2939
v  0.5486 -3.6114 2.2918
v  0.5860 -3.6268 2.2718
v  0.5709 -3.4986 2.2692
v  0.5703 -3.3840 2.2470
v  0.6093 -3.3838 2.2251
v  0.5466 -3.2716 2.2261
v  0.5843 -3.2635 2.2027
v  0.5005 -3.1656 2.2072
v  0.5354 -3.1502 2.1821
v  0.4334 -3.0706 2.1904
v  0.3479 -2.9910 2.1759
v  0.3730 -2.9636 2.1481
v  0.2481 -2.9301 2.1643
v  0.1431 -2.8921 2.1568
v  0.1514 -2.8573 2.1282
v  0.0323 -2.8735 2.1527
v  0.2703 -3.9950 2.3401
v  0.6099 -3.5063 2.2485
v  0.4640 -3.0487 2.1637
v  0.2665 -2.8984 2.1358
v  0.2887 -2.8425 2.0465
v  0.1600 -4.0715 2.3229
v  0.1654 -4.1188 2.2772
v  0.2835 -4.0263 2.3158
v  0.3014 -4.0708 2.2682
v  0.3954 -3.9575 2.3043
v  0.4229 -3.9964 2.2552
v  0.4911 -3.8679 2.2888
v  0.5233 -3.9023 2.2382
v  0.5664 -3.7611 2.2700
v  0.5997 -3.7964 2.2189
v  0.6183 -3.6415 2.2486
v  0.6591 -3.6613 2.1948
v  0.6447 -3.5142 2.2256
v  0.6869 -3.5271 2.1703
v  0.6445 -3.3841 2.2020
v  0.6871 -3.3957 2.1470
v  0.6178 -3.2568 2.1787
v  0.6575 -3.2520 2.1204
v  0.5656 -3.1374 2.1568
v  0.5991 -3.1219 2.0971
v  0.4901 -3.0308 2.1369
v  0.5265 -3.0202 2.0788
v  0.3942 -2.9415 2.1201
v  0.4182 -2.9193 2.0608
v  0.2820 -2.8731 2.1069
v  0.1580 -2.8290 2.0989
v  0.0309 -2.8095 2.0938
v  0.0293 -2.7814 2.0361
v  0.0296 -2.8261 2.0241
v  0.0293 -2.7856 2.0158
v  0.0407 -3.0500 2.2675
v  0.0379 -2.9591 2.2140
v  0.4779 -3.4629 2.3078
v  0.3802 -3.4282 2.3375
v  0.3729 -3.5058 2.3544
v  0.4627 -3.5584 2.3278
v  0.3715 -3.3501 2.3222
v  0.4731 -3.3661 2.2888
v  0.3467 -3.2752 2.3088
v  0.4486 -3.2720 2.2716
v  0.3068 -3.2067 2.2971
v  0.4053 -3.1844 2.2564
v  0.2535 -3.1480 2.2871
v  0.3449 -3.1072 2.2430
v  0.2244 -3.1213 2.2815
v  0.2873 -3.0539 2.2327
v  0.1552 -3.0812 2.2738
v  0.2025 -3.0031 2.2232
v  0.0993 -3.0612 2.2697
v  0.1224 -2.9742 2.2171
v  0.2876 -2.8415 2.0299
v  0.1680 -4.1256 2.2612
v  0.3044 -4.0767 2.2530
v  0.4271 -4.0013 2.2402
v  0.5268 -3.9076 2.2229
v  0.6029 -3.8016 2.2032
v  0.6636 -3.6638 2.1784
v  0.6908 -3.5289 2.1550
v  0.6910 -3.3976 2.1301
v  0.6607 -3.2536 2.1042
v  0.6019 -3.1230 2.0803
v  0.5290 -3.0208 2.0618
v  0.4200 -2.9193 2.0439
v  0.0288 -2.7810 2.0188
v  0.2868 -2.8463 2.0267
v  0.4175 -2.9232 2.0405
v  0.5271 -3.0250 2.0588
v  0.5983 -3.1250 2.0767
v  0.6573 -3.2550 2.1001
v  0.6877 -3.3987 2.1259
v  0.6879 -3.5300 2.1495
v  0.6601 -3.6640 2.1734
v  0.5992 -3.8021 2.1982
v  0.5245 -3.9064 2.2170
v  0.4253 -3.9999 2.2338
v  0.3022 -4.0754 2.2473
v  0.1675 -4.1231 2.2558
v  0.2834 -2.8885 2.0335
v  0.3976 -2.9562 2.0460
v  0.4982 -3.0516 2.0635
v  0.5697 -3.1481 2.0809
v  0.6203 -3.2727 2.1032
v  0.6479 -3.4108 2.1280
v  0.6471 -3.5383 2.1509
v  0.6213 -3.6561 2.1721
v  0.5629 -3.7850 2.1954
v  0.4914 -3.8837 2.2134
v  0.3996 -3.9703 2.2284
v  0.2810 -4.0422 2.2413
v  0.1547 -4.0856 2.2490
v  0.0048 -4.1030 2.2522
v  0.2822 -2.9000 2.0261
v  0.3894 -2.9623 2.0346
v  0.4907 -3.0611 2.0552
v  0.5598 -3.1551 2.0709
v  0.6115 -3.2763 2.0961
v  0.6395 -3.4125 2.1162
v  0.6367 -3.5404 2.1408
v  0.6116 -3.6547 2.1614
v  0.5539 -3.7814 2.1873
v  0.4843 -3.8780 2.2037
v  0.3933 -3.9622 2.2188
v  0.2778 -4.0333 2.2316
v  0.1521 -4.0770 2.2400
v  0.0056 -4.0947 2.2428
v  0.2833 -2.8965 2.0319
v  0.3917 -2.9624 2.0441
v  0.4936 -3.0574 2.0621
v  0.5607 -3.1558 2.0779
v  0.6154 -3.2745 2.1021
v  0.6412 -3.4118 2.1256
v  0.6398 -3.5396 2.1487
v  0.6147 -3.6553 2.1697
v  0.5566 -3.7826 2.1924
v  0.4863 -3.8799 2.2104
v  0.3947 -3.9639 2.2258
v  0.2774 -4.0342 2.2376
v  0.1529 -4.0789 2.2453
v  0.0048 -4.0972 2.2488
v  0.0329 -2.8389 2.0173
v  0.0310 -2.8336 2.0217
v  0.1556 -2.8480 2.0561
v  0.1552 -2.8495 2.0425
v  0.1550 -2.8532 2.0257
v  0.1547 -2.8544 2.0191
v  0.2258 -2.8180 2.0428
v  0.2258 -2.8256 2.0431
v  0.2351 -2.8212 2.0430
v  0.2248 -2.8237 2.0546
v  0.2329 -2.8257 2.0533
v  0.2249 -2.8299 2.0549
v  0.2206 -2.8255 2.0607
v  0.2285 -2.8306 2.0657
v  0.2202 -2.8334 2.0623
v  0.2136 -2.8244 2.0628
v  0.2157 -2.8300 2.0724
v  0.2137 -2.8332 2.0643
v  0.1548 -2.8082 2.0600
v  0.1555 -2.8135 2.0705
v  0.1557 -2.8183 2.0617
v  0.0963 -2.7974 2.0579
v  0.0943 -2.8013 2.0667
v  0.0960 -2.8029 2.0589
v  0.0830 -2.7912 2.0486
v  0.0841 -2.7984 2.0498
v  0.0731 -2.7905 2.0485
v  0.0821 -2.7856 2.0370
v  0.0724 -2.7852 2.0370
v  0.0830 -2.7924 2.0367
v  0.0875 -2.7949 2.0553
v  0.0880 -2.8011 2.0567
v  0.0783 -2.7971 2.0619
v  0.0809 -2.7898 2.0166
v  0.0736 -2.7888 2.0161
v  0.0810 -2.8298 2.0237
v  0.0738 -2.8282 2.0235
v  0.2266 -2.8175 2.0255
v  0.2265 -2.8252 2.0292
v  0.2369 -2.8210 2.0258
v  0.0812 -2.7848 2.0197
v  0.0736 -2.7839 2.0195
v  0.2268 -2.8224 2.0224
v  0.2353 -2.8257 2.0230
v  0.2268 -2.8656 2.0301
v  0.2338 -2.8677 2.0305
v  0.2281 -2.8772 2.0218
v  0.2352 -2.8804 2.0224
v  0.2270 -2.8715 2.0291
v  0.2347 -2.8752 2.0294
v  0.0808 -2.8378 2.0222
v  0.0738 -2.8367 2.0215
v  0.0813 -2.8412 2.0153
v  0.0735 -2.8406 2.0155
v  0.0821 -2.7923 2.0220
v  0.3977 -3.8565 2.3403
v  0.4251 -3.8890 2.3212
v  0.4459 -3.9156 2.2965
v  0.4759 -3.9519 2.2467
v  0.4792 -3.9568 2.2326
v  0.4774 -3.9555 2.2258
v  0.4460 -3.9279 2.2219
v  0.4426 -3.9234 2.2175
v  0.4418 -3.9234 2.2102
v  0.1985 -3.9791 2.3618
v  0.2125 -4.0201 2.3437
v  0.3040 -3.9272 2.3537
v  0.3253 -3.9646 2.3352
v  0.2229 -4.0525 2.3195
v  0.3412 -3.9946 2.3107
v  0.2346 -4.0982 2.2736
v  0.3633 -4.0370 2.2624
v  0.2374 -4.1048 2.2579
v  0.3677 -4.0421 2.2471
v  0.3668 -4.0401 2.2410
v  0.2372 -4.1025 2.2522
v  0.3428 -4.0090 2.2353
v  0.2201 -4.0664 2.2456
v  0.3393 -4.0022 2.2318
v  0.3393 -4.0012 2.2242
v  0.2165 -4.0596 2.2415
v  0.2156 -4.0587 2.2353
v  0.0733 -4.0072 2.3671
v  0.0788 -4.0508 2.3495
v  0.0831 -4.0853 2.3260
v  0.0862 -4.1332 2.2799
v  0.0878 -4.1407 2.2635
v  0.0875 -4.1386 2.2582
v  0.0780 -4.0977 2.2512
v  0.0777 -4.0922 2.2473
v  0.0785 -4.0903 2.2418
v  0.0352 -2.9157 2.1843
v  0.5043 -3.5868 2.3120
v  0.5253 -3.4807 2.2894
v  0.1329 -2.9326 2.1879
v  0.5225 -3.3748 2.2687
v  0.4983 -3.2714 2.2498
v  0.4535 -3.1745 2.2327
v  0.3896 -3.0883 2.2177
v  0.3179 -3.0218 2.2052
v  0.2255 -2.9661 2.1945
v  0.0407 -3.0041 2.2417
v  0.4295 -3.4453 2.3238
v  0.4183 -3.5321 2.3421
v  0.1116 -3.0173 2.2445
v  0.4227 -3.3578 2.3066
v  0.3981 -3.2732 2.2913
v  0.3565 -3.1951 2.2778
v  0.2996 -3.1270 2.2661
v  0.2561 -3.0871 2.2581
v  0.1790 -3.0416 2.2495
v  0.0372 -3.0970 2.2913
v  0.3298 -3.4117 2.3491
v  0.3286 -3.4758 2.3625
v  0.1017 -3.1114 2.2942
v  0.3186 -3.3404 2.3354
v  0.2930 -3.2742 2.3236
v  0.2541 -3.2162 2.3137
v  0.2081 -3.1695 2.3053
v  0.1930 -3.1558 2.3023
v  0.1314 -3.1212 2.2957
v  0.2259 -2.8709 2.0499
v  0.2152 -2.8681 2.0467
v  0.2258 -2.8614 2.0489
v  0.2254 -2.8686 2.0585
v  0.2260 -2.8620 2.0576
v  0.2209 -2.8659 2.0681
v  0.2210 -2.8583 2.0666
v  0.2130 -2.8618 2.0695
v  0.2129 -2.8548 2.0682
v  0.2137 -2.8650 2.0608
v  0.1557 -2.8463 2.0658
v  0.1557 -2.8383 2.0653
v  0.0947 -2.8342 2.0645
v  0.0948 -2.8274 2.0631
v  0.0847 -2.8338 2.0564
v  0.0934 -2.8354 2.0569
v  0.0842 -2.8264 2.0552
v  0.0829 -2.8359 2.0457
v  0.0829 -2.8284 2.0448
v  0.0902 -2.8374 2.0429
v  0.0891 -2.8332 2.0614
v  0.0894 -2.8260 2.0610
v  0.2265 -2.8719 2.0374
v  0.2157 -2.8706 2.0337
v  0.2265 -2.8619 2.0359
v  0.0813 -2.8377 2.0321
v  0.0823 -2.8290 2.0324
v  0.0892 -2.8399 2.0286
v  0.0873 -2.8421 2.0151
v  0.2169 -2.8725 2.0212
v  -0.2645 -3.3963 2.3618
v  -0.2938 -3.4072 2.3573
v  -0.0583 -3.2028 2.3418
v  -0.0675 -3.1740 2.3236
v  -0.0166 -3.1675 2.3227
v  -0.0124 -3.1970 2.3415
v  -0.0765 -3.1486 2.3126
v  -0.1159 -3.1907 2.3264
v  -0.1639 -3.2193 2.3311
v  -0.1823 -3.1989 2.3211
v  -0.2048 -3.2577 2.3373
v  -0.2364 -3.3038 2.3448
v  -0.2609 -3.2908 2.3357
v  -0.2555 -3.3503 2.3528
v  -0.0519 -3.2263 2.3693
v  -0.0119 -3.2202 2.3690
v  -0.0898 -3.2402 2.3716
v  -0.1258 -3.2625 2.3750
v  -0.1557 -3.2919 2.3794
v  -0.1789 -3.3267 2.3851
v  -0.2134 -3.3680 2.3757
v  -0.2060 -3.3171 2.3598
v  -0.1789 -3.2770 2.3535
v  -0.1436 -3.2435 2.3483
v  -0.1019 -3.2184 2.3444
v  -0.0647 -2.8747 2.1520
v  -0.1753 -2.8967 2.1555
v  -0.1888 -2.8634 2.1263
v  -0.0719 -2.8396 2.1227
v  -0.1444 -4.0429 2.3455
v  -0.1357 -4.0002 2.3638
v  -0.0665 -4.0095 2.3667
v  -0.0705 -4.0532 2.3488
v  -0.2633 -4.0036 2.3378
v  -0.2471 -3.9635 2.3569
v  -0.1924 -3.9854 2.3606
v  -0.2049 -4.0268 2.3418
v  -0.3717 -3.9414 2.3258
v  -0.3486 -3.9052 2.3458
v  -0.2993 -3.9368 2.3519
v  -0.3191 -3.9751 2.3324
v  -0.4649 -3.8588 2.3097
v  -0.4364 -3.8286 2.3300
v  -0.4209 -3.9030 2.3177
v  -0.5388 -3.7594 2.2902
v  -0.5066 -3.7359 2.3104
v  -0.5906 -3.6477 2.2683
v  -0.5548 -3.6312 2.2888
v  -0.6190 -3.5285 2.2452
v  -0.5811 -3.5196 2.2661
v  -0.6228 -3.4064 2.2218
v  -0.5837 -3.4002 2.2431
v  -0.5997 -3.2783 2.1985
v  -0.5609 -3.2820 2.2213
v  -0.5510 -3.1595 2.1779
v  -0.5140 -3.1715 2.2021
v  -0.4861 -3.0623 2.1606
v  -0.4520 -3.0799 2.1869
v  -0.4026 -2.9783 2.1460
v  -0.3768 -3.0046 2.1739
v  -0.2987 -2.9092 2.1343
v  -0.2794 -2.9399 2.1630
v  -0.1505 -4.0760 2.3213
v  -0.0734 -4.0875 2.3252
v  -0.2749 -4.0345 2.3129
v  -0.2138 -4.0588 2.3172
v  -0.3882 -3.9693 2.3002
v  -0.3332 -4.0046 2.3071
v  -0.4858 -3.8833 2.2840
v  -0.4395 -3.9292 2.2920
v  -0.5639 -3.7797 2.2646
v  -0.6193 -3.6629 2.2431
v  -0.6499 -3.5375 2.2201
v  -0.6545 -3.4119 2.1974
v  -0.6304 -3.2739 2.1728
v  -0.5816 -3.1538 2.1513
v  -0.5147 -3.0518 2.1329
v  -0.4230 -2.9590 2.1169
v  -0.3142 -2.8861 2.1046
v  -0.2003 -2.8396 2.0990
v  -0.0791 -2.8147 2.0965
v  -0.3215 -2.8593 2.0503
v  -0.1542 -4.1211 2.2778
v  -0.0752 -4.1347 2.2798
v  -0.2228 -4.1019 2.2743
v  -0.4112 -4.0046 2.2567
v  -0.3524 -4.0434 2.2634
v  -0.4652 -3.9601 2.2491
v  -0.5127 -3.9137 2.2401
v  -0.5886 -3.8130 2.2221
v  -0.6514 -3.6806 2.1987
v  -0.6835 -3.5488 2.1744
v  -0.6882 -3.4204 2.1515
v  -0.6656 -3.2797 2.1245
v  -0.6120 -3.1477 2.1025
v  -0.5453 -3.0446 2.0836
v  -0.4438 -2.9406 2.0652
v  -0.2034 -2.8109 2.0412
v  -0.0784 -2.7851 2.0364
v  -0.1998 -2.8555 2.0271
v  -0.2015 -2.8153 2.0211
v  -0.0780 -2.8298 2.0220
v  -0.0778 -2.7890 2.0164
v  -0.0470 -2.9585 2.2132
v  -0.0380 -3.0024 2.2408
v  -0.1247 -3.0170 2.2430
v  -0.1419 -2.9757 2.2158
v  -0.4900 -3.4806 2.3052
v  -0.4424 -3.4612 2.3216
v  -0.4282 -3.5474 2.3400
v  -0.4717 -3.5753 2.3253
v  -0.1082 -3.0599 2.2684
v  -0.3939 -3.4423 2.3356
v  -0.4386 -3.3736 2.3043
v  -0.3878 -3.3640 2.3202
v  -0.4170 -3.2883 2.2889
v  -0.3657 -3.2884 2.3067
v  -0.3782 -3.2088 2.2755
v  -0.3283 -3.2186 2.2952
v  -0.3239 -3.1387 2.2642
v  -0.2772 -3.1579 2.2855
v  -0.2819 -3.0972 2.2564
v  -0.2491 -3.1302 2.2801
v  -0.2066 -3.0488 2.2484
v  -0.1814 -3.0874 2.2730
v  -0.0308 -3.0477 2.2666
v  -0.0260 -3.0946 2.2904
v  -0.0930 -3.1036 2.2913
v  -0.1588 -2.9355 2.1865
v  -0.0559 -2.9158 2.1835
v  -0.3441 -3.4240 2.3474
v  -0.3396 -3.4825 2.3599
v  -0.3837 -3.5196 2.3522
v  -0.5143 -3.6034 2.3081
v  -0.5366 -3.5000 2.2867
v  -0.5375 -3.3943 2.2660
v  -0.4885 -3.3838 2.2861
v  -0.3358 -3.3525 2.3334
v  -0.5153 -3.2868 2.2461
v  -0.4674 -3.2890 2.2689
v  -0.3121 -3.2855 2.3216
v  -0.4713 -3.1854 2.2292
v  -0.4252 -3.1970 2.2535
v  -0.2756 -3.2260 2.3119
v  -0.4125 -3.1009 2.2150
v  -0.3697 -3.1206 2.2408
v  -0.2311 -3.1777 2.3038
v  -0.3458 -3.0343 2.2033
v  -0.3141 -3.0653 2.2309
v  -0.2165 -3.1634 2.3011
v  -0.2556 -2.9750 2.1934
v  -0.2313 -3.0113 2.2219
v  -0.1565 -3.1262 2.2949
v  0.0035 -4.0143 2.3669
v  -0.3192 -2.8571 2.0325
v  -0.0759 -4.1418 2.2639
v  -0.1562 -4.1283 2.2616
v  -0.2899 -4.0760 2.2690
v  -0.2255 -4.1086 2.2583
v  -0.2925 -4.0820 2.2535
v  -0.3558 -4.0489 2.2479
v  -0.4154 -4.0095 2.2410
v  -0.4678 -3.9668 2.2333
v  -0.5157 -3.9193 2.2241
v  -0.5928 -3.8172 2.2057
v  -0.6555 -3.6855 2.1818
v  -0.6873 -3.5525 2.1577
v  -0.6923 -3.4247 2.1347
v  -0.6685 -3.2820 2.1092
v  -0.6157 -3.1495 2.0847
v  -0.5495 -3.0469 2.0659
v  -0.4461 -2.9407 2.0473
v  -0.2026 -2.8103 2.0241
v  -0.0787 -2.7848 2.0193
v  -0.3171 -2.8611 2.0294
v  -0.4428 -2.9446 2.0443
v  -0.5462 -3.0512 2.0632
v  -0.6118 -3.1529 2.0817
v  -0.6630 -3.2829 2.1050
v  -0.6865 -3.4267 2.1308
v  -0.6824 -3.5544 2.1537
v  -0.6507 -3.6843 2.1771
v  -0.5881 -3.8158 2.2006
v  -0.5128 -3.9172 2.2188
v  -0.4658 -3.9655 2.2276
v  -0.4125 -4.0073 2.2350
v  -0.3540 -4.0468 2.2421
v  -0.2904 -4.0796 2.2480
v  -0.2245 -4.1061 2.2527
v  -0.1562 -4.1253 2.2562
v  -0.0762 -4.1390 2.2586
v  -0.3157 -2.9055 2.0367
v  -0.4228 -2.9783 2.0499
v  -0.5166 -3.0782 2.0683
v  -0.5794 -3.1794 2.0864
v  -0.6273 -3.3027 2.1085
v  -0.6475 -3.4358 2.1327
v  -0.6409 -3.5617 2.1553
v  -0.6116 -3.6763 2.1763
v  -0.5521 -3.7998 2.1985
v  -0.4805 -3.8932 2.2152
v  -0.4360 -3.9372 2.2220
v  -0.3873 -3.9764 2.2295
v  -0.3311 -4.0141 2.2362
v  -0.2706 -4.0442 2.2416
v  -0.2067 -4.0694 2.2461
v  -0.1456 -4.0880 2.2495
v  -0.0692 -4.1001 2.2528
v  -0.3141 -2.9133 2.0347
v  -0.3146 -2.9150 2.0255
v  -0.4179 -2.9837 2.0495
v  -0.4144 -2.9864 2.0410
v  -0.5119 -3.0828 2.0660
v  -0.5101 -3.0842 2.0571
v  -0.5748 -3.1828 2.0846
v  -0.5711 -3.1854 2.0788
v  -0.6209 -3.3046 2.1062
v  -0.6175 -3.3063 2.0994
v  -0.6412 -3.4369 2.1317
v  -0.6380 -3.4391 2.1232
v  -0.6336 -3.5624 2.1520
v  -0.6299 -3.5645 2.1464
v  -0.6053 -3.6734 2.1734
v  -0.6028 -3.6722 2.1656
v  -0.5458 -3.7970 2.1957
v  -0.5440 -3.7963 2.1868
v  -0.4764 -3.8893 2.2120
v  -0.4752 -3.8873 2.2031
v  -0.4310 -3.9324 2.2196
v  -0.4293 -3.9311 2.2119
v  -0.3818 -3.9696 2.2198
v  -0.3831 -3.9707 2.2253
v  -0.3268 -4.0082 2.2330
v  -0.3255 -4.0077 2.2257
v  -0.2655 -4.0381 2.2312
v  -0.2671 -4.0396 2.2381
v  -0.2047 -4.0637 2.2422
v  -0.2038 -4.0620 2.2358
v  -0.1417 -4.0798 2.2387
v  -0.1426 -4.0806 2.2467
v  -0.0677 -4.0939 2.2487
v  -0.0663 -4.0914 2.2411
v  -0.1988 -2.8626 2.0262
v  -0.0774 -2.8368 2.0211
v  -0.1981 -2.8673 2.0205
v  -0.0774 -2.8410 2.0154
v  0.0043 -4.0580 2.3491
v  0.0049 -4.0922 2.3254
v  0.0058 -4.1399 2.2795
v  0.0059 -4.1457 2.2659
v  0.0064 -4.1435 2.2595
v  0.0163 -3.4636 2.1271
v  0.2762 -2.9224 2.0297
v  0.3750 -2.9840 2.0428
v  0.4710 -3.0758 2.0587
v  0.5372 -3.1709 2.0776
v  0.5874 -3.2888 2.0975
v  0.6121 -3.4186 2.1205
v  0.6093 -3.5414 2.1439
v  0.5857 -3.6477 2.1627
v  0.5311 -3.7704 2.1853
v  0.4645 -3.8631 2.2001
v  0.4239 -3.9052 2.2088
v  0.3794 -3.9435 2.2159
v  0.3252 -3.9825 2.2158
v  0.2675 -4.0133 2.2286
v  0.2081 -4.0384 2.2329
v  0.1468 -4.0572 2.2352
v  0.0736 -4.0687 2.2378
v  0.0047 -4.0762 2.2400
v  -0.0644 -4.0712 2.2376
v  -0.1380 -4.0623 2.2349
v  -0.1999 -4.0457 2.2324
v  -0.2602 -4.0227 2.2279
v  -0.3191 -3.9929 2.2221
v  -0.3744 -3.9571 2.2150
v  -0.4203 -3.9203 2.2078
v  -0.4624 -3.8797 2.1990
v  -0.5322 -3.7895 2.1840
v  -0.5911 -3.6689 2.1613
v  -0.6184 -3.5634 2.1424
v  -0.6256 -3.4409 2.1190
v  -0.6055 -3.3102 2.0960
v  -0.5595 -3.1906 2.0763
v  -0.4968 -3.0932 2.0575
v  -0.4041 -2.9980 2.0419
v  -0.3079 -2.9331 2.0290
v  -0.1944 -2.8856 2.0214
v  -0.0734 -2.8608 2.0186
v  0.0321 -2.8580 2.0186
v  0.0964 -2.8635 2.0181
v  0.1545 -2.8765 2.0205
v  0.2254 -2.8980 2.0249
v  0.1885 -3.3487 2.3899
v  0.4376 -3.8138 2.3324
v  -0.4706 -3.7103 2.3284
v  -0.4129 -3.8081 2.3428
v  -0.4337 -3.7781 2.3387
v  -0.4530 -3.7417 2.3343
v  -0.3952 -3.8701 2.3380
v  0.2886 -2.8408 2.0393
v  0.2359 -2.8194 2.0350
v  0.0872 -4.1384 2.2725
v  0.1671 -4.1238 2.2701
v  0.2365 -4.1028 2.2664
v  0.3036 -4.0747 2.2619
v  0.3666 -4.0402 2.2564
v  0.4256 -3.9994 2.2494
v  0.4779 -3.9548 2.2417
v  0.5257 -3.9054 2.2329
v  0.6018 -3.7991 2.2140
v  0.6623 -3.6622 2.1893
v  0.6894 -3.5275 2.1658
v  0.6898 -3.3967 2.1421
v  0.6596 -3.2519 2.1156
v  0.6012 -3.1215 2.0917
v  0.5288 -3.0199 2.0728
v  0.4197 -2.9181 2.0541
v  0.0748 -2.7829 2.0272
v  0.0290 -2.7796 2.0267
v  -0.0788 -2.7835 2.0268
v  0.2262 -2.8245 2.0361
v  0.2262 -2.8616 2.0419
v  0.0826 -2.7923 2.0293
v  0.0826 -2.8289 2.0381
v  0.0897 -2.8386 2.0358
v  0.1547 -2.8514 2.0352
v  0.2151 -2.8693 2.0395
v  0.2262 -2.8161 2.0340
v  0.0816 -2.7836 2.0281
v  0.0059 -4.1440 2.2732
v  0.2262 -2.8716 2.0430
v  0.0821 -2.8371 2.0385
v  -0.3204 -2.8566 2.0386
v  -0.1554 -4.1269 2.2688
v  -0.0755 -4.1400 2.2719
v  -0.2920 -4.0809 2.2597
v  -0.2248 -4.1075 2.2647
v  -0.4145 -4.0091 2.2463
v  -0.3551 -4.0481 2.2537
v  -0.5155 -3.9186 2.2293
v  -0.4673 -3.9665 2.2378
v  -0.5927 -3.8166 2.2110
v  -0.6556 -3.6843 2.1874
v  -0.6872 -3.5521 2.1640
v  -0.6923 -3.4236 2.1402
v  -0.6684 -3.2808 2.1148
v  -0.6158 -3.1486 2.0896
v  -0.5491 -3.0454 2.0713
v  -0.4463 -2.9397 2.0530
v  -0.2033 -2.8093 2.0307
v  0.1611 -4.0771 2.3178
v  0.0837 -4.0909 2.3210
v  0.0050 -4.0979 2.3204
v  -0.0739 -4.0931 2.3201
v  -0.1514 -4.0815 2.3162
v  -0.2152 -4.0642 2.3121
v  -0.2768 -4.0397 2.3077
v  -0.3354 -4.0096 2.3019
v  -0.3907 -3.9741 2.2950
v  -0.4425 -3.9336 2.2866
v  -0.4892 -3.8872 2.2786
v  -0.5677 -3.7830 2.2591
v  -0.6235 -3.6654 2.2374
v  -0.6543 -3.5392 2.2144
v  -0.6589 -3.4126 2.1915
v  -0.6346 -3.2738 2.1667
v  -0.5855 -3.1528 2.1452
v  -0.5180 -3.0502 2.1268
v  -0.4258 -2.9567 2.1105
v  -0.3162 -2.8833 2.0982
v  -0.2016 -2.8363 2.0926
v  -0.0797 -2.8110 2.0902
v  0.0312 -2.8058 2.0871
v  0.1593 -2.8252 2.0921
v  0.2842 -2.8697 2.1004
v  0.3973 -2.9385 2.1137
v  0.4941 -3.0285 2.1307
v  0.5704 -3.1358 2.1507
v  0.6231 -3.2562 2.1729
v  0.6500 -3.3846 2.1964
v  0.6500 -3.5156 2.2201
v  0.6233 -3.6441 2.2432
v  0.5708 -3.7646 2.2646
v  0.4949 -3.8720 2.2835
v  0.4493 -3.9201 2.2912
v  0.3983 -3.9623 2.2990
v  0.3437 -3.9996 2.3054
v  0.2857 -4.0315 2.3106
v  0.2246 -4.0579 2.3144
v  0.2802 -3.4275 2.3648
v  -0.0202 -3.1419 2.3119
v  0.1066 -3.1632 2.3163
v  0.2051 -3.2336 2.3296
v  0.2655 -3.3368 2.3476
v  -0.0162 -2.8716 2.1516
v  -0.0211 -2.8363 2.1223
v  0.5285 -3.6637 2.3031
v  0.5653 -3.6852 2.2828
v  0.5629 -3.5556 2.2804
v  0.6010 -3.5671 2.2602
v  0.5735 -3.4414 2.2579
v  0.6127 -3.4451 2.2366
v  0.5614 -3.3273 2.2363
v  0.5999 -3.3231 2.2137
v  0.5264 -3.2175 2.2164
v  0.5629 -3.2057 2.1921
v  0.4695 -3.1164 2.1985
v  0.5024 -3.0977 2.1725
v  0.3928 -3.0286 2.1829
v  0.4207 -3.0039 2.1555
v  0.2998 -2.9576 2.1693
v  0.3217 -2.9278 2.1410
v  0.5315 -3.8164 2.2798
v  0.5955 -3.7027 2.2595
v  0.6348 -3.5785 2.2372
v  0.6480 -3.4492 2.2137
v  0.5949 -3.1958 2.1675
v  0.5307 -3.0822 2.1465
v  0.4444 -2.9838 2.1281
v  0.3399 -2.9042 2.1125
v  -0.0241 -2.8100 2.0940
v  0.5640 -3.8510 2.2290
v  0.6334 -3.7303 2.2067
v  0.6768 -3.5949 2.1822
v  0.6905 -3.4617 2.1583
v  0.6345 -3.3198 2.1902
v  0.6761 -3.3233 2.1337
v  0.6314 -3.1848 2.1085
v  0.5653 -3.0694 2.0875
v  0.4748 -2.9666 2.0691
v  0.3553 -2.8772 2.0529
v  -0.0258 -2.7811 2.0358
v  -0.0238 -2.8256 2.0237
v  -0.0243 -2.7849 2.0151
v  0.0014 -3.0012 2.2408
v  -0.0044 -2.9565 2.2130
v  0.4277 -3.4897 2.3324
v  0.4720 -3.5095 2.3178
v  0.4282 -3.4014 2.3151
v  0.3780 -3.3889 2.3296
v  0.4127 -3.3149 2.2987
v  0.3611 -3.3120 2.3153
v  0.3794 -3.2331 2.2843
v  0.3287 -3.2399 2.3027
v  0.3295 -3.1599 2.2720
v  0.2813 -3.1764 2.2922
v  0.2786 -3.1062 2.2619
v  0.2394 -3.1341 2.2841
v  0.2190 -3.0620 2.2532
v  0.1911 -3.0992 2.2771
v  -0.0045 -3.0940 2.2904
v  0.0050 -3.0471 2.2667
v  -0.0103 -2.9134 2.1833
v  0.3314 -3.4439 2.3553
v  0.3784 -3.4672 2.3456
v  0.5191 -3.5335 2.2998
v  0.5266 -3.4277 2.2789
v  0.4783 -3.4145 2.2980
v  0.3239 -3.3644 2.3402
v  0.5131 -3.3226 2.2590
v  0.4633 -3.3185 2.2800
v  0.3115 -3.3175 2.3312
v  0.4785 -3.2219 2.2409
v  0.4294 -3.2271 2.2637
v  0.2716 -3.2391 2.3176
v  0.4237 -3.1299 2.2250
v  0.3770 -3.1444 2.2496
v  0.2360 -3.1965 2.3104
v  0.3554 -3.0534 2.2112
v  0.3173 -3.0793 2.2377
v  0.2007 -3.1624 2.3037
v  0.2734 -2.9911 2.1993
v  0.2464 -3.0260 2.2273
v  0.1559 -3.1326 2.2979
v  0.4863 -3.6359 2.3227
v  0.4361 -3.5983 2.3424
v  0.5674 -3.8564 2.2133
v  0.6370 -3.7343 2.1911
v  0.6806 -3.5970 2.1669
v  0.6942 -3.4634 2.1420
v  0.6797 -3.3245 2.1169
v  0.6347 -3.1864 2.0922
v  0.5680 -3.0704 2.0708
v  0.4774 -2.9674 2.0521
v  0.3560 -2.8768 2.0362
v  -0.0251 -2.7809 2.0187
v  0.3540 -2.8810 2.0329
v  0.4749 -2.9709 2.0491
v  0.5651 -3.0731 2.0674
v  0.6320 -3.1892 2.0883
v  0.6768 -3.3261 2.1129
v  0.6913 -3.4645 2.1377
v  0.6780 -3.5972 2.1616
v  0.6331 -3.7354 2.1862
v  0.5650 -3.8544 2.2076
v  0.3431 -2.9170 2.0354
v  0.4483 -3.0000 2.0533
v  0.5350 -3.0997 2.0722
v  0.5987 -3.2121 2.0923
v  0.6386 -3.3420 2.1156
v  0.6509 -3.4741 2.1393
v  0.6364 -3.5989 2.1613
v  0.5952 -3.7235 2.1846
v  0.5292 -3.8356 2.2049
v  0.3395 -2.9279 2.0366
v  0.3372 -2.9300 2.0311
v  0.4428 -3.0063 2.0521
v  0.4414 -3.0085 2.0451
v  0.5300 -3.1046 2.0701
v  0.5270 -3.1067 2.0636
v  0.5914 -3.2155 2.0900
v  0.5883 -3.2166 2.0840
v  0.6320 -3.3440 2.1131
v  0.6291 -3.3442 2.1052
v  0.6437 -3.4747 2.1370
v  0.6408 -3.4756 2.1310
v  0.6293 -3.5982 2.1584
v  0.6265 -3.5981 2.1525
v  0.5873 -3.7225 2.1823
v  0.5852 -3.7218 2.1754
v  0.5241 -3.8328 2.2012
v  0.5217 -3.8313 2.1944
v  -0.0224 -2.8326 2.0213
v  -0.0209 -2.8383 2.0174
v  -0.1300 -3.1686 2.3162
v  -0.2261 -3.2417 2.3282
v  -0.2826 -3.3469 2.3459
v  -0.1309 -2.8487 2.1240
v  -0.1206 -2.8830 2.1532
v  -0.5045 -3.8109 2.3004
v  -0.5677 -3.7048 2.2794
v  -0.5329 -3.6827 2.3001
v  -0.6078 -3.5888 2.2568
v  -0.5711 -3.5761 2.2773
v  -0.6242 -3.4675 2.2335
v  -0.5856 -3.4599 2.2544
v  -0.6148 -3.3418 2.2099
v  -0.5755 -3.3407 2.2317
v  -0.5786 -3.2177 2.1881
v  -0.5404 -3.2256 2.2114
v  -0.5210 -3.1094 2.1689
v  -0.4852 -3.1244 2.1940
v  -0.4465 -3.0183 2.1529
v  -0.4163 -3.0404 2.1800
v  -0.3524 -2.9412 2.1397
v  -0.3298 -2.9698 2.1680
v  -0.2449 -2.8836 2.1297
v  -0.2285 -2.9158 2.1587
v  -0.5275 -3.8334 2.2747
v  -0.5946 -3.7227 2.2540
v  -0.6378 -3.6010 2.2317
v  -0.6554 -3.4748 2.2087
v  -0.6091 -3.2127 2.1618
v  -0.5507 -3.1012 2.1417
v  -0.4713 -3.0031 2.1244
v  -0.3706 -2.9198 2.1100
v  -0.2585 -2.8601 2.1011
v  -0.1403 -2.8247 2.0978
v  -0.5531 -3.8653 2.2313
v  -0.6239 -3.7485 2.2106
v  -0.6710 -3.6156 2.1865
v  -0.6888 -3.4868 2.1634
v  -0.6809 -3.3499 2.1377
v  -0.6462 -3.3423 2.1850
v  -0.6419 -3.2112 2.1130
v  -0.5811 -3.0944 2.0924
v  -0.4975 -2.9897 2.0734
v  -0.3850 -2.8965 2.0567
v  -0.2631 -2.8321 2.0452
v  -0.1410 -2.7951 2.0385
v  -0.2587 -2.8765 2.0291
v  -0.2606 -2.8362 2.0249
v  -0.1405 -2.7994 2.0183
v  -0.1408 -2.8397 2.0240
v  -0.0949 -2.9647 2.2140
v  -0.0818 -3.0075 2.2415
v  -0.4825 -3.5268 2.3154
v  -0.4396 -3.5059 2.3301
v  -0.1665 -3.0308 2.2453
v  -0.3929 -3.4030 2.3277
v  -0.4425 -3.4173 2.3128
v  -0.3788 -3.3257 2.3132
v  -0.4302 -3.3305 2.2963
v  -0.3490 -3.2525 2.3006
v  -0.3998 -3.2476 2.2819
v  -0.3039 -3.1873 2.2904
v  -0.3525 -3.1727 2.2698
v  -0.2636 -3.1435 2.2826
v  -0.3037 -3.1171 2.2601
v  -0.2165 -3.1069 2.2762
v  -0.2456 -3.0710 2.2520
v  -0.1455 -3.0717 2.2703
v  -0.0698 -3.0519 2.2672
v  -0.0493 -3.0963 2.2904
v  -0.1078 -2.9231 2.1845
v  -0.3910 -3.4813 2.3437
v  -0.3444 -3.4525 2.3530
v  -0.5287 -3.5526 2.2971
v  -0.1875 -2.9912 2.2184
v  -0.1336 -3.1166 2.2934
v  -0.4920 -3.4322 2.2954
v  -0.5398 -3.4472 2.2761
v  -0.3401 -3.3782 2.3384
v  -0.4805 -3.3359 2.2772
v  -0.5294 -3.3400 2.2559
v  -0.3287 -3.3279 2.3290
v  -0.4488 -3.2419 2.2609
v  -0.4961 -3.2350 2.2375
v  -0.2891 -3.2454 2.3150
v  -0.3992 -3.1576 2.2470
v  -0.4439 -3.1418 2.2219
v  -0.2615 -3.2098 2.3093
v  -0.3432 -3.0917 2.2356
v  -0.3807 -3.0660 2.2088
v  -0.2241 -3.1703 2.3024
v  -0.2742 -3.0361 2.2260
v  -0.3023 -3.0024 2.1979
v  -0.1799 -3.1388 2.2971
v  -0.2082 -2.9528 2.1895
v  -0.4697 -3.6255 2.3293
v  -0.4915 -3.6542 2.3203
v  -0.2620 -2.8311 2.0280
v  -0.5570 -3.8696 2.2153
v  -0.6275 -3.7534 2.1939
v  -0.6748 -3.6196 2.1703
v  -0.6929 -3.4887 2.1464
v  -0.6840 -3.3517 2.1216
v  -0.6451 -3.2133 2.0960
v  -0.5849 -3.0968 2.0751
v  -0.5007 -2.9911 2.0561
v  -0.3850 -2.8955 2.0394
v  -0.1413 -2.7948 2.0212
v  -0.3831 -2.8999 2.0363
v  -0.4973 -2.9950 2.0534
v  -0.5808 -3.1001 2.0722
v  -0.6404 -3.2156 2.0930
v  -0.6781 -3.3550 2.1180
v  -0.6879 -3.4915 2.1425
v  -0.6688 -3.6213 2.1657
v  -0.6227 -3.7524 2.1893
v  -0.5542 -3.8692 2.2104
v  -0.3711 -2.9390 2.0422
v  -0.4733 -3.0241 2.0531
v  -0.5552 -3.1260 2.0714
v  -0.6074 -3.2378 2.0969
v  -0.6414 -3.3681 2.1202
v  -0.6473 -3.4994 2.1438
v  -0.6287 -3.6195 2.1655
v  -0.5848 -3.7406 2.1874
v  -0.5174 -3.8483 2.2072
v  -0.2571 -2.8861 2.0302
v  -0.3658 -2.9507 2.0344
v  -0.3675 -2.9464 2.0413
v  -0.4642 -3.0334 2.0500
v  -0.4662 -3.0308 2.0561
v  -0.5438 -3.1337 2.0677
v  -0.5452 -3.1326 2.0751
v  -0.5982 -3.2445 2.0870
v  -0.5997 -3.2427 2.0950
v  -0.6314 -3.3731 2.1112
v  -0.6341 -3.3705 2.1179
v  -0.6373 -3.5017 2.1350
v  -0.6397 -3.4997 2.1404
v  -0.6190 -3.6205 2.1559
v  -0.6221 -3.6182 2.1629
v  -0.5765 -3.7362 2.1776
v  -0.5777 -3.7379 2.1836
v  -0.5101 -3.8439 2.1960
v  -0.5110 -3.8441 2.2028
v  -0.2568 -2.8904 2.0252
v  -0.1395 -2.8471 2.0228
v  -0.1394 -2.8517 2.0176
v  0.3272 -2.9507 2.0360
v  0.4255 -3.0274 2.0503
v  0.5066 -3.1217 2.0679
v  0.5655 -3.2285 2.0876
v  0.6034 -3.3531 2.1086
v  0.6139 -3.4801 2.1322
v  0.6002 -3.5951 2.1534
v  0.5617 -3.7104 2.1745
v  0.5002 -3.8184 2.1928
v  -0.0207 -2.8573 2.0187
v  -0.3577 -2.9631 2.0351
v  -0.4530 -3.0432 2.0492
v  -0.5307 -3.1403 2.0666
v  -0.5858 -3.2492 2.0862
v  -0.6192 -3.3750 2.1071
v  -0.6252 -3.5023 2.1307
v  -0.6074 -3.6168 2.1520
v  -0.5649 -3.7307 2.1731
v  -0.4996 -3.8364 2.1916
v  -0.2524 -2.9065 2.0245
v  -0.1345 -2.8703 2.0195
v  0.5664 -3.8541 2.2238
v  0.6358 -3.7323 2.2019
v  0.6792 -3.5955 2.1776
v  0.6928 -3.4621 2.1540
v  0.6787 -3.3235 2.1287
v  0.6340 -3.1852 2.1034
v  0.5673 -3.0690 2.0819
v  0.4771 -2.9660 2.0629
v  0.3563 -2.8759 2.0461
v  -0.0250 -2.7796 2.0264
v  -0.2630 -2.8303 2.0341
v  -0.5569 -3.8689 2.2202
v  -0.6273 -3.7528 2.1998
v  -0.6749 -3.6185 2.1755
v  -0.6929 -3.4886 2.1516
v  -0.6841 -3.3511 2.1275
v  -0.6453 -3.2127 2.1010
v  -0.5848 -3.0956 2.0801
v  -0.5005 -2.9899 2.0616
v  -0.3857 -2.8947 2.0452
v  -0.1417 -2.7936 2.0282
v  -0.5311 -3.8370 2.2692
v  -0.5986 -3.7256 2.2485
v  -0.6421 -3.6031 2.2260
v  -0.6598 -3.4760 2.2028
v  -0.6506 -3.3425 2.1789
v  -0.6132 -3.2121 2.1557
v  -0.5543 -3.0999 2.1356
v  -0.4743 -3.0012 2.1182
v  -0.3730 -2.9172 2.1037
v  -0.2601 -2.8570 2.0947
v  -0.1412 -2.8209 2.0912
v  -0.0258 -2.8070 2.0890
v  0.3436 -2.9026 2.1076
v  0.4482 -2.9810 2.1215
v  0.5350 -3.0802 2.1403
v  0.5999 -3.1947 2.1615
v  0.6399 -3.3197 2.1845
v  0.6534 -3.4502 2.2082
v  0.6400 -3.5806 2.2318
v  0.6002 -3.7057 2.2541
v  0.5356 -3.8201 2.2745
v  0.0356 -3.1442 2.3125
v  0.1966 -2.9086 2.1601
v  0.2100 -2.8751 2.1315
v  0.0882 -2.8802 2.1546
v  0.0910 -2.8449 2.1255
v  0.2212 -2.8481 2.1025
v  0.0949 -2.8160 2.0956
v  0.0764 -3.0093 2.2428
v  0.0702 -3.0544 2.2685
v  0.1458 -3.0280 2.2467
v  0.1276 -3.0701 2.2715
v  0.0844 -2.9222 2.1856
v  0.0805 -2.9650 2.2151
v  0.0609 -3.1013 2.2924
v  0.1800 -2.9472 2.1908
v  0.1630 -2.9867 2.2198
v  0.1167 -3.1158 2.2948
v  0.0951 -2.8127 2.0893
v  0.2210 -2.8441 2.0964
v  0.5036 -3.7928 2.3052
v  0.4690 -3.7690 2.3251
v  -0.4672 -3.7886 2.3230
v  0.2099 -3.4041 2.3836
v  0.2434 -3.4406 2.3722
v  0.2720 -3.4692 2.3720
v  -0.0062 -3.2446 2.4100
v  0.0270 -3.2461 2.4105
v  0.0645 -3.2563 2.4127
v  0.0977 -3.2746 2.4156
v  0.1273 -3.3000 2.4201
v  0.1606 -3.3409 2.4246
v  0.4040 -3.6542 2.3516
v  0.4058 -3.6867 2.3512
v  0.3781 -3.5852 2.3578
v  0.3964 -3.6226 2.3543
v  0.3085 -3.5074 2.3692
v  0.3506 -3.5513 2.3639
v  0.4023 -3.7175 2.3532
v  -0.2572 -3.4558 2.3705
v  -0.2106 -3.4057 2.3830
v  -0.2849 -3.4841 2.3700
v  -0.0418 -3.2498 2.4112
v  -0.0773 -3.2637 2.4136
v  -0.1128 -3.2871 2.4178
v  -0.1322 -3.3100 2.4215
v  -0.1800 -3.3714 2.4012
v  -0.4052 -3.6791 2.3494
v  -0.4010 -3.6418 2.3523
v  -0.3869 -3.6024 2.3551
v  -0.3575 -3.5600 2.3614
v  -0.3195 -3.5201 2.3669
v  -0.3994 -3.7237 2.3507
v  -0.3873 -3.7550 2.3543
v  -0.3700 -3.7818 2.3554
v  -0.3410 -3.8109 2.3618
v  -0.3028 -3.8413 2.3682
v  -0.2587 -3.8699 2.3732
v  -0.2195 -3.8903 2.3764
v  -0.1698 -3.9106 2.3799
v  -0.1223 -3.9246 2.3820
v  -0.0635 -3.9354 2.3849
v  0.0013 -3.9394 2.3845
v  0.0592 -3.9359 2.3838
v  0.1212 -3.9254 2.3842
v  0.1726 -3.9099 2.3797
v  0.2159 -3.8926 2.3784
v  0.2665 -3.8658 2.3720
v  0.3127 -3.8344 2.3665
v  0.3462 -3.8069 2.3616
v  0.3863 -3.7588 2.3551
v  -0.0769 -3.2732 2.4085
v  -0.1121 -3.2992 2.4120
v  -0.1578 -3.3442 2.4200
v  -0.1263 -3.3132 2.4146
v  -0.0402 -3.2587 2.4057
v  -0.0057 -3.2538 2.4043
v  0.0256 -3.2553 2.4039
v  0.0631 -3.2664 2.4062
v  0.0928 -3.2830 2.4084
v  0.1226 -3.3086 2.4145
v  0.1577 -3.3433 2.4199
v  0.1822 -3.3661 2.4066
v  0.1791 -3.3687 2.4031
v  0.1994 -3.4079 2.3084
v  0.2346 -3.4443 2.3059
v  0.2628 -3.4736 2.3039
v  0.4008 -3.6506 2.2918
v  0.4053 -3.6825 2.2896
v  0.3701 -3.5861 2.2962
v  0.3907 -3.6206 2.2938
v  0.2994 -3.5114 2.3013
v  0.3414 -3.5549 2.2983
v  0.4027 -3.7132 2.2875
v  -0.2478 -3.4604 2.3048
v  -0.1995 -3.4104 2.3083
v  -0.2754 -3.4889 2.3028
v  -0.1666 -3.3763 2.3107
v  -0.4027 -3.6751 2.2901
v  -0.3954 -3.6391 2.2925
v  -0.3789 -3.6025 2.2950
v  -0.3476 -3.5637 2.2977
v  -0.3099 -3.5247 2.3004
v  -0.3990 -3.7192 2.2871
v  -0.3863 -3.7496 2.2851
v  -0.3693 -3.7763 2.2833
v  -0.3404 -3.8047 2.2815
v  -0.3023 -3.8344 2.2795
v  -0.2584 -3.8627 2.2777
v  -0.2195 -3.8836 2.2763
v  -0.1695 -3.9024 2.2751
v  -0.1222 -3.9170 2.2741
v  -0.0635 -3.9274 2.2734
v  0.0013 -3.9311 2.2732
v  0.0591 -3.9280 2.2734
v  0.1135 -3.9182 2.2758
v  0.1726 -3.9029 2.2750
v  0.2159 -3.8856 2.2762
v  0.2668 -3.8600 2.2778
v  0.3131 -3.8291 2.2799
v  0.3463 -3.8015 2.2817
v  0.3864 -3.7541 2.2848
v  -0.0663 -3.2861 2.3169
v  -0.0993 -3.3077 2.3155
v  -0.1423 -3.3511 2.3126
v  -0.1127 -3.3204 2.3146
v  -0.0345 -3.2748 2.3176
v  -0.0047 -3.2708 2.3179
v  0.0221 -3.2720 2.3178
v  0.0552 -3.2805 2.3172
v  0.0815 -3.2932 2.3164
v  0.1100 -3.3155 2.3150
v  0.1430 -3.3494 2.3127
v  0.1659 -3.3732 2.3110
v  0.2266 -3.4520 2.3053
v  0.1914 -3.4156 2.3079
v  0.1579 -3.3808 2.3104
v  0.1350 -3.3571 2.3122
v  0.1026 -3.3237 2.3144
v  0.0756 -3.3027 2.3158
v  0.0514 -3.2909 2.3165
v  0.0205 -3.2830 2.3170
v  -0.0042 -3.2819 2.3171
v  -0.0319 -3.2856 2.3169
v  -0.0613 -3.2961 2.3162
v  -0.0924 -3.3164 2.3149
v  -0.1048 -3.3283 2.3141
v  -0.1343 -3.3587 2.3121
v  -0.1586 -3.3839 2.3102
v  -0.1916 -3.4181 2.3077
v  -0.2398 -3.4681 2.3042
v  -0.2674 -3.4966 2.3023
v  -0.3019 -3.5324 2.2999
v  -0.3392 -3.5710 2.2972
v  -0.3693 -3.6083 2.2946
v  -0.3848 -3.6425 2.2923
v  -0.3915 -3.6757 2.2900
v  -0.3881 -3.7166 2.2873
v  -0.3764 -3.7445 2.2855
v  -0.3606 -3.7693 2.2838
v  -0.3331 -3.7964 2.2820
v  -0.2959 -3.8254 2.2802
v  -0.2527 -3.8531 2.2783
v  -0.2149 -3.8735 2.2770
v  -0.1659 -3.8919 2.2758
v  -0.1196 -3.9062 2.2748
v  -0.0622 -3.9163 2.2742
v  0.0013 -3.9200 2.2739
v  0.0579 -3.9169 2.2741
v  0.1104 -3.9068 2.2758
v  0.1690 -3.8924 2.2758
v  0.2113 -3.8755 2.2769
v  0.2612 -3.8504 2.2785
v  0.3064 -3.8202 2.2805
v  0.3384 -3.7936 2.2822
v  0.3768 -3.7483 2.2852
v  0.3917 -3.7106 2.2877
v  0.3942 -3.6828 2.2896
v  0.3900 -3.6531 2.2916
v  0.3805 -3.6252 2.2935
v  0.3612 -3.5928 2.2957
v  0.3333 -3.5625 2.2978
v  0.2914 -3.5191 2.3008
v  0.2548 -3.4812 2.3034
v  0.2144 -3.3678 2.3758
v  0.2166 -3.4010 2.3845
v  0.2160 -3.3904 2.3821
v  0.2472 -3.4359 2.3750
v  0.2470 -3.4252 2.3732
v  0.2758 -3.4664 2.3735
v  0.2770 -3.4558 2.3712
v  -0.0090 -3.2338 2.4037
v  -0.0099 -3.2297 2.3934
v  0.0286 -3.2353 2.4037
v  0.0286 -3.2313 2.3934
v  0.0667 -3.2462 2.4063
v  0.0679 -3.2422 2.3960
v  0.1032 -3.2652 2.4087
v  0.1051 -3.2611 2.3986
v  0.1350 -3.2937 2.4150
v  0.1372 -3.2895 2.4049
v  0.1638 -3.3381 2.4217
v  0.1642 -3.3322 2.4126
v  0.4104 -3.6533 2.3543
v  0.4229 -3.6456 2.3493
v  0.4120 -3.6841 2.3538
v  0.4242 -3.6801 2.3491
v  0.3832 -3.5824 2.3601
v  0.3891 -3.5739 2.3572
v  0.4026 -3.6213 2.3560
v  0.4147 -3.6155 2.3525
v  0.3137 -3.5028 2.3707
v  0.3187 -3.4935 2.3679
v  0.3542 -3.5474 2.3655
v  0.3584 -3.5377 2.3630
v  0.4084 -3.7189 2.3540
v  0.4163 -3.7254 2.3506
v  0.3916 -3.7618 2.3569
v  0.3980 -3.7693 2.3537
v  -0.2600 -3.4522 2.3741
v  -0.2608 -3.4416 2.3719
v  -0.2149 -3.4018 2.3856
v  -0.2147 -3.3909 2.3827
v  -0.2886 -3.4801 2.3729
v  -0.2894 -3.4693 2.3707
v  -0.0462 -3.2398 2.4055
v  -0.0478 -3.2359 2.3952
v  -0.0821 -3.2534 2.4071
v  -0.0843 -3.2496 2.3969
v  -0.1155 -3.2757 2.4112
v  -0.1183 -3.2720 2.4011
v  -0.1412 -3.3028 2.4159
v  -0.1449 -3.3001 2.4056
v  -0.1629 -3.3381 2.4220
v  -0.1663 -3.3354 2.4107
v  -0.1863 -3.3682 2.4014
v  -0.1880 -3.3608 2.3959
v  -0.4058 -3.6408 2.3554
v  -0.4133 -3.6334 2.3523
v  -0.3912 -3.6004 2.3585
v  -0.3973 -3.5917 2.3556
v  -0.3614 -3.5580 2.3643
v  -0.3668 -3.5488 2.3616
v  -0.3221 -3.5167 2.3702
v  -0.3270 -3.5072 2.3675
v  -0.4100 -3.6799 2.3543
v  -0.4235 -3.6772 2.3491
v  -0.4047 -3.7260 2.3547
v  -0.4143 -3.7297 2.3509
v  -0.3924 -3.7577 2.3568
v  -0.4017 -3.7619 2.3528
v  -0.3738 -3.7852 2.3603
v  -0.3821 -3.7912 2.3565
v  -0.3437 -3.8142 2.3660
v  -0.3507 -3.8217 2.3625
v  -0.3057 -3.8446 2.3719
v  -0.3118 -3.8531 2.3685
v  -0.2615 -3.8733 2.3772
v  -0.2669 -3.8822 2.3740
v  -0.2208 -3.8951 2.3809
v  -0.2245 -3.9047 2.3778
v  -0.1713 -3.9150 2.3842
v  -0.1743 -3.9251 2.3811
v  -0.1222 -3.9287 2.3866
v  -0.1241 -3.9387 2.3838
v  -0.0633 -3.9394 2.3881
v  -0.0637 -3.9496 2.3854
v  0.0014 -3.9437 2.3896
v  0.0017 -3.9543 2.3863
v  0.0604 -3.9406 2.3881
v  0.0624 -3.9510 2.3850
v  0.1234 -3.9309 2.3861
v  0.1264 -3.9409 2.3837
v  0.1749 -3.9146 2.3839
v  0.1784 -3.9242 2.3809
v  0.2190 -3.8969 2.3809
v  0.2240 -3.9057 2.3778
v  0.2698 -3.8702 2.3762
v  0.2751 -3.8788 2.3730
v  0.3165 -3.8386 2.3703
v  0.3220 -3.8471 2.3670
v  0.3510 -3.8109 2.3645
v  0.3583 -3.8179 2.3610
v  0.1840 -3.3626 2.4045
v  0.1864 -3.3553 2.3968
v  0.2419 -3.4407 2.3642
v  0.2074 -3.4031 2.3760
v  0.1760 -3.3670 2.3959
v  0.1558 -3.3431 2.4118
v  0.1225 -3.3102 2.4067
v  0.0927 -3.2846 2.4002
v  0.0629 -3.2679 2.3982
v  0.0254 -3.2573 2.3964
v  -0.0058 -3.2554 2.3969
v  -0.0402 -3.2603 2.3981
v  -0.0768 -3.2746 2.4009
v  -0.1119 -3.3006 2.4046
v  -0.1262 -3.3146 2.4071
v  -0.1560 -3.3439 2.4124
v  -0.1769 -3.3697 2.3942
v  -0.2084 -3.4050 2.3759
v  -0.2560 -3.4560 2.3634
v  -0.2839 -3.4847 2.3625
v  -0.3183 -3.5205 2.3595
v  -0.3561 -3.5601 2.3540
v  -0.3860 -3.6021 2.3477
v  -0.4004 -3.6414 2.3450
v  -0.4051 -3.6790 2.3420
v  -0.3994 -3.7242 2.3435
v  -0.3874 -3.7556 2.3471
v  -0.3701 -3.7828 2.3481
v  -0.3406 -3.8122 2.3544
v  -0.3027 -3.8425 2.3609
v  -0.2587 -3.8710 2.3658
v  -0.2195 -3.8915 2.3688
v  -0.1698 -3.9118 2.3725
v  -0.1223 -3.9259 2.3743
v  -0.0635 -3.9365 2.3772
v  0.0012 -3.9407 2.3767
v  0.0593 -3.9373 2.3759
v  0.1211 -3.9260 2.3765
v  0.1725 -3.9112 2.3718
v  0.2157 -3.8935 2.3706
v  0.2663 -3.8671 2.3640
v  0.3127 -3.8357 2.3585
v  0.3462 -3.8081 2.3536
v  0.3862 -3.7594 2.3472
v  0.4017 -3.7179 2.3453
v  0.4057 -3.6869 2.3430
v  0.4037 -3.6539 2.3434
v  0.3954 -3.6223 2.3462
v  0.3768 -3.5851 2.3498
v  0.3489 -3.5516 2.3561
v  0.3071 -3.5079 2.3612
v  0.2707 -3.4701 2.3642
v  0.2005 -3.4074 2.3161
v  0.2356 -3.4438 2.3135
v  0.2639 -3.4730 2.3116
v  0.3005 -3.5109 2.3090
v  0.3424 -3.5545 2.3060
v  0.3711 -3.5859 2.3039
v  0.3914 -3.6207 2.3015
v  0.4013 -3.6510 2.2995
v  0.4055 -3.6830 2.2974
v  0.4027 -3.7137 2.2953
v  0.3864 -3.7546 2.2926
v  0.3463 -3.8021 2.2894
v  0.3131 -3.8296 2.2876
v  0.2668 -3.8605 2.2856
v  0.2159 -3.8861 2.2839
v  0.1726 -3.9034 2.2828
v  0.1151 -3.9197 2.2829
v  0.0592 -3.9285 2.2811
v  0.0013 -3.9317 2.2809
v  -0.0635 -3.9279 2.2812
v  -0.1223 -3.9175 2.2819
v  -0.1695 -3.9029 2.2828
v  -0.2195 -3.8841 2.2841
v  -0.2584 -3.8632 2.2854
v  -0.3023 -3.8349 2.2873
v  -0.3404 -3.8052 2.2892
v  -0.3693 -3.7768 2.2911
v  -0.3863 -3.7502 2.2929
v  -0.3990 -3.7198 2.2949
v  -0.4029 -3.6756 2.2978
v  -0.3960 -3.6394 2.3003
v  -0.3798 -3.6024 2.3028
v  -0.3486 -3.5633 2.3054
v  -0.3110 -3.5242 2.3081
v  -0.2764 -3.4885 2.3105
v  -0.2489 -3.4599 2.3124
v  -0.2006 -3.4100 2.3159
v  -0.1676 -3.3758 2.3184
v  -0.1433 -3.3506 2.3203
v  -0.1137 -3.3199 2.3223
v  -0.1003 -3.3070 2.3231
v  -0.0670 -3.2851 2.3245
v  -0.0350 -3.2734 2.3252
v  -0.0048 -3.2693 2.3255
v  0.0224 -3.2706 2.3254
v  0.0559 -3.2792 2.3249
v  0.0824 -3.2923 2.3240
v  0.1111 -3.3148 2.3226
v  0.1440 -3.3489 2.3204
v  0.1670 -3.3727 2.3186
v  -0.0008 -3.6069 2.2950
v  0.4429 -3.7473 2.3384
v  0.4180 -3.7916 2.3435
v  0.4643 -3.6991 2.3323
v  -0.3732 -3.8460 2.3508
v  -0.3303 -3.8792 2.3573
v  -0.2832 -3.9096 2.3632
v  -0.2359 -3.9342 2.3677
v  -0.1834 -3.9553 2.3712
v  -0.1300 -3.9696 2.3743
v  -0.0652 -3.9797 2.3766
v  0.0026 -3.9844 2.3770
v  0.0679 -3.9793 2.3765
v  0.1343 -3.9684 2.3743
v  0.1885 -3.9518 2.3718
v  0.2385 -3.9307 2.3688
v  0.2897 -3.9032 2.3640
v  0.3376 -3.8709 2.3579
v  0.3781 -3.8373 2.3511
v  0.0585 -6.1744 -2.3571
v  0.1160 -6.1884 -2.3476
v  0.1712 -6.2124 -2.3312
v  0.2203 -6.2458 -2.3085
v  0.2602 -6.2869 -2.2805
v  0.2885 -6.3328 -2.2493
v  0.3047 -6.3804 -2.2168
v  0.3095 -6.4269 -2.1851
v  0.3040 -6.4734 -2.1535
v  0.2871 -6.5209 -2.1212
v  0.2581 -6.5665 -2.0901
v  0.2176 -6.6071 -2.0624
v  0.1679 -6.6400 -2.0400
v  0.1124 -6.6634 -2.0240
v  0.0548 -6.6768 -2.0149
v  0.0004 -6.6808 -2.0122
v  0.0004 -6.6782 -2.0223
v  0.0534 -6.6743 -2.0250
v  0.0004 -6.7345 -2.1316
v  0.1096 -6.6613 -2.0339
v  0.0525 -6.7305 -2.1343
v  0.1637 -6.6385 -2.0494
v  0.1058 -6.7179 -2.1429
v  0.2121 -6.6064 -2.0713
v  0.1571 -6.6959 -2.1579
v  0.2515 -6.5668 -2.0983
v  0.2028 -6.6652 -2.1788
v  0.2798 -6.5223 -2.1285
v  0.2400 -6.6274 -2.2046
v  0.2963 -6.4761 -2.1601
v  0.2666 -6.5850 -2.2335
v  0.3017 -6.4308 -2.1909
v  0.2819 -6.5408 -2.2640
v  0.2970 -6.3855 -2.2218
v  0.2854 -6.4982 -2.2967
v  0.2812 -6.3390 -2.2534
v  0.2536 -6.2943 -2.2839
v  0.2666 -6.4108 -2.3521
v  0.2148 -6.2543 -2.3111
v  0.2400 -6.3684 -2.3810
v  0.1668 -6.2217 -2.3333
v  0.2028 -6.3306 -2.4067
v  0.1130 -6.1983 -2.3492
v  0.1570 -6.2998 -2.4277
v  0.0571 -6.1847 -2.3585
v  0.1057 -6.2779 -2.4426
v  0.0525 -6.2652 -2.4512
v  0.2330 -6.4945 -2.2576
v  0.2819 -6.4554 -2.3222
v  0.1019 -6.4842 -2.2040
v  0.0947 -6.4937 -2.1957
v  0.1289 -6.4984 -2.2025
v  0.2402 -6.5250 -2.2417
v  0.2402 -6.4404 -2.2994
v  0.1216 -6.4230 -2.2515
v  0.1288 -6.4138 -2.2602
v  0.0947 -6.4091 -2.2533
v  0.0184 -6.4552 -2.2109
v  0.0103 -6.4602 -2.2071
v  0.0381 -6.4558 -2.2118
v  0.0364 -6.4468 -2.2178
v  0.0479 -6.4704 -2.2030
v  0.0462 -6.4614 -2.2089
v  0.0741 -6.4582 -2.2154
v  0.0659 -6.4627 -2.2108
v  0.0938 -6.4602 -2.2183
v  0.0921 -6.4511 -2.2241
v  0.1036 -6.4755 -2.2104
v  0.1019 -6.4664 -2.2162
v  0.1216 -6.4690 -2.2201
v  0.1302 -6.4652 -2.2256
v  0.1494 -6.4685 -2.2305
v  0.1478 -6.4593 -2.2361
v  0.1593 -6.4845 -2.2237
v  0.1576 -6.4753 -2.2293
v  0.1746 -6.4789 -2.2346
v  0.1854 -6.4762 -2.2417
v  0.1773 -6.4795 -2.2354
v  0.2051 -6.4812 -2.2491
v  0.2034 -6.4718 -2.2545
v  0.2150 -6.4980 -2.2435
v  0.2133 -6.4886 -2.2489
v  0.2133 -6.4426 -2.2802
v  0.2150 -6.4520 -2.2749
v  0.2060 -6.4302 -2.2843
v  0.1845 -6.4247 -2.2763
v  0.2051 -6.4352 -2.2804
v  0.1854 -6.4302 -2.2731
v  0.1773 -6.4334 -2.2668
v  0.1576 -6.4293 -2.2606
v  0.1593 -6.4385 -2.2550
v  0.1503 -6.4175 -2.2656
v  0.1494 -6.4225 -2.2618
v  0.1302 -6.4192 -2.2569
v  0.1019 -6.4203 -2.2475
v  0.1036 -6.4295 -2.2418
v  0.0938 -6.4142 -2.2496
v  0.0732 -6.4069 -2.2501
v  0.0659 -6.4167 -2.2422
v  0.0741 -6.4122 -2.2467
v  0.0462 -6.4154 -2.2402
v  0.0479 -6.4244 -2.2343
v  0.0390 -6.4046 -2.2468
v  0.0175 -6.4039 -2.2457
v  0.0381 -6.4098 -2.2432
v  0.0102 -6.4142 -2.2385
v  0.0184 -6.4092 -2.2422
v  0.0004 -6.4141 -2.2384
v  0.0004 -6.4780 -2.1949
v  0.0103 -6.4780 -2.1950
v  0.0175 -6.4885 -2.1881
v  0.0390 -6.4892 -2.1891
v  0.0184 -6.4834 -2.1917
v  0.0462 -6.4792 -2.1968
v  0.0381 -6.4840 -2.1926
v  0.0659 -6.4806 -2.1987
v  0.0642 -6.4715 -2.2046
v  0.0732 -6.4915 -2.1925
v  0.0741 -6.4864 -2.1962
v  0.0938 -6.4884 -2.1991
v  0.1216 -6.4869 -2.2080
v  0.1199 -6.4777 -2.2137
v  0.1302 -6.4934 -2.2064
v  0.1504 -6.5021 -2.2080
v  0.1576 -6.4931 -2.2171
v  0.1494 -6.4967 -2.2113
v  0.1773 -6.4973 -2.2233
v  0.1756 -6.4880 -2.2288
v  0.1845 -6.5094 -2.2187
v  0.2060 -6.5148 -2.2267
v  0.1854 -6.5044 -2.2225
v  0.2051 -6.5094 -2.2299
v  0.2133 -6.5065 -2.2367
v  0.2330 -6.5124 -2.2454
v  0.0004 -6.4320 -2.2262
v  0.0102 -6.4320 -2.2263
v  0.0086 -6.4231 -2.2324
v  0.0201 -6.4463 -2.2170
v  0.0184 -6.4373 -2.2230
v  0.0462 -6.4332 -2.2281
v  0.0381 -6.4380 -2.2240
v  0.0659 -6.4345 -2.2300
v  0.0642 -6.4255 -2.2359
v  0.0758 -6.4495 -2.2217
v  0.0741 -6.4404 -2.2275
v  0.0938 -6.4424 -2.2304
v  0.1019 -6.4382 -2.2354
v  0.1216 -6.4409 -2.2393
v  0.1199 -6.4317 -2.2450
v  0.1314 -6.4565 -2.2320
v  0.1302 -6.4474 -2.2377
v  0.1576 -6.4471 -2.2485
v  0.1494 -6.4507 -2.2427
v  0.1773 -6.4513 -2.2546
v  0.1756 -6.4420 -2.2601
v  0.1871 -6.4677 -2.2484
v  0.1854 -6.4583 -2.2539
v  0.2051 -6.4634 -2.2612
v  0.2133 -6.4604 -2.2681
v  0.2329 -6.4664 -2.2768
v  0.2428 -6.4837 -2.2719
v  0.2329 -6.4485 -2.2889
v  0.0462 -6.7012 -2.1654
v  0.0390 -6.5731 -2.3123
v  0.2150 -6.5755 -2.2584
v  0.1871 -6.6015 -2.2471
v  0.2034 -6.5570 -2.2806
v  0.1593 -6.6259 -2.2334
v  0.1036 -6.6698 -2.1990
v  0.1314 -6.6486 -2.2174
v  0.0921 -6.6531 -2.2239
v  0.1756 -6.5834 -2.2699
v  0.0201 -6.6921 -2.1823
v  0.0086 -6.6752 -2.2069
v  0.0364 -6.6566 -2.2291
v  0.0479 -6.6741 -2.2053
v  0.1199 -6.6314 -2.2415
v  0.1477 -6.6082 -2.2569
v  0.0947 -6.5696 -2.3071
v  0.0201 -6.6571 -2.2298
v  0.0086 -6.6384 -2.2519
v  0.0175 -6.5737 -2.3132
v  0.0479 -6.6374 -2.2503
v  0.0201 -6.5772 -2.3102
v  0.0184 -6.5855 -2.3033
v  0.0102 -6.5903 -2.2993
v  0.0479 -6.5974 -2.2905
v  0.0462 -6.6055 -2.2832
v  0.0659 -6.7001 -2.1637
v  0.0944 -6.6923 -2.1687
v  0.0364 -6.6182 -2.2717
v  0.0381 -6.6104 -2.2793
v  0.1288 -6.5659 -2.3017
v  0.1503 -6.5629 -2.2973
v  0.0201 -6.6187 -2.2723
v  0.1845 -6.5572 -2.2890
v  0.2060 -6.5530 -2.2827
v  0.1871 -6.5602 -2.2854
v  0.0938 -6.6223 -2.2584
v  0.2428 -6.5479 -2.2673
v  0.2402 -6.5451 -2.2712
v  0.2330 -6.5633 -2.2596
v  0.0741 -6.6239 -2.2608
v  0.0659 -6.6289 -2.2570
v  0.0758 -6.5746 -2.3065
v  0.0937 -6.5814 -2.2973
v  0.0741 -6.5830 -2.2997
v  0.0659 -6.5883 -2.2963
v  0.0102 -6.6458 -2.2435
v  0.0102 -6.6064 -2.2846
v  0.0004 -6.6065 -2.2847
v  0.0184 -6.6856 -2.1920
v  0.0102 -6.6819 -2.1976
v  0.1216 -6.5993 -2.2742
v  0.0184 -6.6499 -2.2384
v  0.1297 -6.5775 -2.2916
v  0.1216 -6.5833 -2.2889
v  0.1019 -6.6015 -2.2773
v  0.0921 -6.6148 -2.2666
v  0.0938 -6.6068 -2.2741
v  0.2133 -6.5679 -2.2663
v  0.0381 -6.5849 -2.3025
v  0.0364 -6.5767 -2.3096
v  0.0462 -6.6673 -2.2145
v  0.1019 -6.6632 -2.2084
v  0.0184 -6.6109 -2.2800
v  0.0381 -6.6636 -2.2202
v  0.2051 -6.5649 -2.2731
v  0.1773 -6.5750 -2.2768
v  0.1854 -6.5688 -2.2788
v  0.1576 -6.5783 -2.2816
v  0.1854 -6.5941 -2.2553
v  0.2051 -6.5901 -2.2496
v  0.1576 -6.6187 -2.2420
v  0.1298 -6.6417 -2.2264
v  0.0938 -6.6600 -2.2148
v  0.0462 -6.6299 -2.2586
v  0.1199 -6.5915 -2.2819
v  0.1019 -6.5854 -2.2921
v  0.1773 -6.5910 -2.2620
v  0.1773 -6.6153 -2.2371
v  0.2026 -6.6216 -2.2169
v  0.1494 -6.6389 -2.2223
v  0.1216 -6.6609 -2.2051
v  0.0938 -6.6813 -2.1856
v  0.0741 -6.6830 -2.1881
v  0.0758 -6.6894 -2.1783
v  0.0642 -6.6732 -2.2040
v  0.0659 -6.6798 -2.1945
v  0.0381 -6.6259 -2.2637
v  0.0102 -6.6309 -2.2600
v  0.0184 -6.6264 -2.2645
v  0.1216 -6.6385 -2.2328
v  0.1314 -6.5690 -2.2983
v  0.1494 -6.5748 -2.2876
v  0.1477 -6.5668 -2.2950
v  0.1593 -6.5861 -2.2739
v  0.1494 -6.6001 -2.2643
v  0.1576 -6.5943 -2.2668
v  0.1297 -6.6029 -2.2683
v  0.0462 -6.5894 -2.2979
v  0.1494 -6.6156 -2.2486
v  0.0741 -6.6084 -2.2764
v  0.0659 -6.6044 -2.2816
v  0.0642 -6.5965 -2.2892
v  0.0758 -6.6161 -2.2685
v  0.1036 -6.6332 -2.2442
v  0.0184 -6.6642 -2.2210
v  0.0102 -6.6683 -2.2160
v  0.0381 -6.6494 -2.2376
v  0.0462 -6.6448 -2.2421
v  0.0659 -6.6437 -2.2405
v  0.0642 -6.6365 -2.2490
v  0.0758 -6.6544 -2.2259
v  0.0732 -6.5713 -2.3096
v  0.0921 -6.5733 -2.3046
v  0.1036 -6.5933 -2.2845
v  0.1314 -6.6104 -2.2602
v  0.1216 -6.6237 -2.2494
v  0.1297 -6.6183 -2.2526
v  0.1019 -6.6259 -2.2526
v  0.0938 -6.6458 -2.2323
v  0.1019 -6.6407 -2.2361
v  0.0741 -6.6474 -2.2347
v  0.0659 -6.6662 -2.2129
v  0.0741 -6.6616 -2.2173
v  0.0381 -6.6851 -2.1911
v  0.0462 -6.6809 -2.1961
v  0.0364 -6.6917 -2.1816
v  0.0103 -6.7023 -2.1669
v  0.0457 -6.7042 -2.1606
v  0.0004 -6.7077 -2.1582
v  0.2591 -6.4161 -2.3568
v  0.2741 -6.4595 -2.3273
v  0.2329 -6.3764 -2.3839
v  0.2089 -6.3891 -2.3752
v  0.1938 -6.3720 -2.3869
v  0.1953 -6.3369 -2.4108
v  0.1503 -6.3077 -2.4306
v  0.1367 -6.3294 -2.4159
v  0.1017 -6.2876 -2.4444
v  0.1148 -6.3189 -2.4230
v  0.0921 -6.3103 -2.4289
v  0.0497 -6.2753 -2.4527
v  0.0659 -6.3038 -2.4336
v  0.0462 -6.3049 -2.4353
v  0.2741 -6.5441 -2.2697
v  0.2320 -6.5776 -2.2469
v  0.2589 -6.5855 -2.2415
v  0.2343 -6.6265 -2.2135
v  0.1766 -6.6474 -2.1993
v  0.1574 -6.6616 -2.1896
v  0.1960 -6.6655 -2.1870
v  0.1367 -6.6741 -2.1811
v  0.1148 -6.6847 -2.1739
v  0.1518 -6.6947 -2.1671
v  0.0999 -6.7162 -2.1524
v  0.0459 -6.7288 -2.1438
v  0.0004 -6.7319 -2.1417
v  0.0364 -6.4847 -2.3723
v  0.0390 -6.4885 -2.3699
v  0.2051 -6.4550 -2.3479
v  0.1773 -6.4351 -2.3682
v  0.0364 -6.3235 -2.4324
v  0.0479 -6.3520 -2.4247
v  0.2133 -6.4476 -2.3482
v  0.0937 -6.3660 -2.4150
v  0.1494 -6.4137 -2.3861
v  0.1854 -6.4278 -2.3686
v  0.1019 -6.3589 -2.4157
v  0.1216 -6.3906 -2.4017
v  0.0102 -6.3420 -2.4292
v  0.0184 -6.3353 -2.4306
v  0.1576 -6.4064 -2.3866
v  0.1297 -6.3834 -2.4023
v  0.0462 -6.3630 -2.4218
v  0.0381 -6.3697 -2.4204
v  0.0920 -6.4813 -2.3672
v  0.0946 -6.4850 -2.3647
v  0.0102 -6.3979 -2.4124
v  0.0184 -6.3917 -2.4143
v  0.0175 -6.4891 -2.3708
v  0.0085 -6.4604 -2.3861
v  0.0102 -6.4701 -2.3812
v  0.0479 -6.4593 -2.3845
v  0.0462 -6.4496 -2.3893
v  0.0757 -6.3212 -2.4290
v  0.0364 -6.4342 -2.3970
v  0.0381 -6.4441 -2.3925
v  0.1477 -6.4747 -2.3577
v  0.1503 -6.4783 -2.3550
v  0.2034 -6.4649 -2.3433
v  0.2060 -6.4684 -2.3404
v  0.1845 -6.4726 -2.3466
v  0.0184 -6.4756 -2.3781
v  0.0201 -6.4851 -2.3729
v  0.0757 -6.4320 -2.3939
v  0.0740 -6.4220 -2.3983
v  0.2402 -6.4605 -2.3288
v  0.2428 -6.4559 -2.3300
v  0.2320 -6.4260 -2.3501
v  0.0642 -6.4064 -2.4057
v  0.0659 -6.4166 -2.4015
v  0.1288 -6.4813 -2.3593
v  0.0381 -6.3348 -2.4297
v  0.0462 -6.3409 -2.4277
v  0.0757 -6.4826 -2.3692
v  0.0741 -6.4731 -2.3745
v  0.0642 -6.4585 -2.3832
v  0.0659 -6.4681 -2.3782
v  0.0184 -6.4447 -2.3933
v  0.0102 -6.4505 -2.3908
v  0.1036 -6.4553 -2.3785
v  0.1019 -6.4456 -2.3835
v  0.0937 -6.4406 -2.3873
v  0.0920 -6.4307 -2.3919
v  0.1248 -6.4606 -2.3712
v  0.0462 -6.4692 -2.3798
v  0.0381 -6.4751 -2.3773
v  0.2329 -6.4431 -2.3415
v  0.0659 -6.3619 -2.4202
v  0.1216 -6.3566 -2.4124
v  0.1854 -6.4589 -2.3536
v  0.1871 -6.4682 -2.3481
v  0.1756 -6.4453 -2.3639
v  0.1773 -6.4548 -2.3587
v  0.2051 -6.4239 -2.3628
v  0.2149 -6.4375 -2.3524
v  0.2217 -6.4072 -2.3629
v  0.1494 -6.3806 -2.3982
v  0.1773 -6.4031 -2.3817
v  0.0740 -6.3677 -2.4175
v  0.1199 -6.4535 -2.3759
v  0.1216 -6.4630 -2.3708
v  0.1576 -6.4384 -2.3730
v  0.1871 -6.4174 -2.3724
v  0.1765 -6.3562 -2.3976
v  0.1593 -6.3958 -2.3901
v  0.1574 -6.3419 -2.4074
v  0.1314 -6.3725 -2.4054
v  0.1036 -6.3477 -2.4184
v  0.0937 -6.3310 -2.4242
v  0.0659 -6.3398 -2.4260
v  0.0740 -6.3327 -2.4267
v  0.0642 -6.3511 -2.4233
v  0.0757 -6.3783 -2.4140
v  0.0102 -6.4187 -2.4045
v  0.0085 -6.4084 -2.4086
v  0.0201 -6.4346 -2.3977
v  0.0184 -6.4245 -2.4020
v  0.0381 -6.4240 -2.4012
v  0.0462 -6.4177 -2.4031
v  0.1314 -6.4770 -2.3610
v  0.1297 -6.4676 -2.3664
v  0.1576 -6.4581 -2.3635
v  0.1494 -6.4649 -2.3624
v  0.1593 -6.4480 -2.3680
v  0.1477 -6.4241 -2.3822
v  0.1494 -6.4339 -2.3775
v  0.1019 -6.3928 -2.4049
v  0.1297 -6.4164 -2.3901
v  0.0659 -6.4485 -2.3878
v  0.0740 -6.4422 -2.3896
v  0.1019 -6.4137 -2.3972
v  0.0937 -6.4204 -2.3960
v  0.0731 -6.4867 -2.3673
v  0.1019 -6.4652 -2.3739
v  0.0937 -6.4715 -2.3722
v  0.1297 -6.4366 -2.3815
v  0.1216 -6.4434 -2.3803
v  0.1314 -6.4264 -2.3856
v  0.1199 -6.4013 -2.3982
v  0.1216 -6.4115 -2.3940
v  0.1036 -6.4031 -2.4009
v  0.0920 -6.3770 -2.4119
v  0.0937 -6.3875 -2.4082
v  0.0659 -6.3958 -2.4093
v  0.0740 -6.3891 -2.4106
v  0.0462 -6.3969 -2.4109
v  0.0479 -6.4073 -2.4070
v  0.0364 -6.3805 -2.4172
v  0.0381 -6.3911 -2.4135
v  0.0184 -6.3702 -2.4212
v  0.0201 -6.3810 -2.4178
v  0.0085 -6.3531 -2.4263
v  0.0102 -6.3640 -2.4232
v  0.0102 -6.3060 -2.4369
v  0.0201 -6.3240 -2.4330
v  0.0004 -6.6309 -2.2600
v  0.0004 -6.6384 -2.2519
v  0.0004 -6.6458 -2.2435
v  0.0004 -6.6683 -2.2160
v  0.0004 -6.6752 -2.2069
v  0.0004 -6.6819 -2.1976
v  0.0004 -6.7023 -2.1669
v  0.0086 -6.4691 -2.2010
v  0.0004 -6.4602 -2.2071
v  0.0085 -6.5985 -2.2920
v  0.0004 -6.5904 -2.2994
v  0.0004 -6.5981 -2.2923
v  0.0004 -6.4688 -2.2012
v  0.0004 -6.4234 -2.2321
v  0.0659 -6.2272 -2.3212
v  0.0462 -6.2272 -2.3212
v  0.0364 -6.3793 -2.2175
v  0.0390 -6.3830 -2.2150
v  0.2051 -6.3704 -2.2236
v  0.1773 -6.3474 -2.2393
v  0.0364 -6.2412 -2.3116
v  0.0479 -6.2643 -2.2959
v  0.2133 -6.3652 -2.2272
v  0.0938 -6.2783 -2.2863
v  0.1494 -6.3244 -2.2550
v  0.1854 -6.3422 -2.2428
v  0.1019 -6.2732 -2.2898
v  0.1216 -6.3014 -2.2706
v  0.0102 -6.2553 -2.3020
v  0.0184 -6.2502 -2.3055
v  0.1576 -6.3192 -2.2585
v  0.1298 -6.2962 -2.2742
v  0.0462 -6.2732 -2.2898
v  0.0381 -6.2783 -2.2863
v  0.0921 -6.3793 -2.2175
v  0.0947 -6.3830 -2.2150
v  0.0102 -6.3014 -2.2706
v  0.0184 -6.2962 -2.2741
v  0.0175 -6.3830 -2.2150
v  0.0086 -6.3563 -2.2332
v  0.0103 -6.3652 -2.2271
v  0.0479 -6.3563 -2.2332
v  0.0462 -6.3474 -2.2393
v  0.0758 -6.2412 -2.3116
v  0.0364 -6.3333 -2.2489
v  0.0381 -6.3422 -2.2428
v  0.1478 -6.3793 -2.2176
v  0.1504 -6.3830 -2.2150
v  0.2034 -6.3793 -2.2176
v  0.2060 -6.3830 -2.2150
v  0.1845 -6.3830 -2.2150
v  0.0184 -6.3704 -2.2236
v  0.0201 -6.3793 -2.2175
v  0.0758 -6.3333 -2.2489
v  0.0741 -6.3244 -2.2550
v  0.2402 -6.3830 -2.2150
v  0.2428 -6.3793 -2.2176
v  0.0642 -6.3103 -2.2646
v  0.0659 -6.3192 -2.2585
v  0.1289 -6.3830 -2.2150
v  0.0381 -6.2502 -2.3055
v  0.0462 -6.2553 -2.3020
v  0.0758 -6.3793 -2.2175
v  0.0741 -6.3704 -2.2236
v  0.0642 -6.3563 -2.2332
v  0.0659 -6.3652 -2.2271
v  0.0184 -6.3422 -2.2428
v  0.0102 -6.3474 -2.2393
v  0.1036 -6.3563 -2.2332
v  0.1019 -6.3474 -2.2393
v  0.0938 -6.3422 -2.2428
v  0.0921 -6.3333 -2.2489
v  0.1248 -6.3633 -2.2284
v  0.0462 -6.3652 -2.2271
v  0.0381 -6.3704 -2.2236
v  0.2330 -6.3652 -2.2272
v  0.0659 -6.2732 -2.2898
v  0.1216 -6.2732 -2.2898
v  0.1854 -6.3704 -2.2236
v  0.1871 -6.3793 -2.2176
v  0.1756 -6.3563 -2.2332
v  0.1773 -6.3652 -2.2272
v  0.2051 -6.3422 -2.2428
v  0.2150 -6.3563 -2.2332
v  0.1494 -6.2962 -2.2742
v  0.1773 -6.3192 -2.2585
v  0.0741 -6.2783 -2.2863
v  0.1199 -6.3563 -2.2332
v  0.1216 -6.3652 -2.2272
v  0.1576 -6.3474 -2.2393
v  0.1871 -6.3333 -2.2489
v  0.1593 -6.3103 -2.2646
v  0.1314 -6.2873 -2.2802
v  0.1036 -6.2643 -2.2959
v  0.0938 -6.2502 -2.3055
v  0.0659 -6.2553 -2.3020
v  0.0741 -6.2502 -2.3055
v  0.0642 -6.2643 -2.2959
v  0.0758 -6.2873 -2.2802
v  0.0102 -6.3192 -2.2585
v  0.0086 -6.3103 -2.2645
v  0.0201 -6.3333 -2.2489
v  0.0184 -6.3244 -2.2550
v  0.0381 -6.3244 -2.2550
v  0.0462 -6.3192 -2.2585
v  0.1314 -6.3793 -2.2176
v  0.1298 -6.3704 -2.2236
v  0.1576 -6.3652 -2.2272
v  0.1494 -6.3704 -2.2236
v  0.1593 -6.3563 -2.2332
v  0.1478 -6.3333 -2.2489
v  0.1494 -6.3422 -2.2428
v  0.1019 -6.3014 -2.2706
v  0.1298 -6.3244 -2.2550
v  0.0659 -6.3474 -2.2393
v  0.0741 -6.3422 -2.2428
v  0.1019 -6.3192 -2.2585
v  0.0938 -6.3244 -2.2550
v  0.0732 -6.3830 -2.2150
v  0.1019 -6.3652 -2.2271
v  0.0938 -6.3704 -2.2236
v  0.1298 -6.3422 -2.2428
v  0.1216 -6.3474 -2.2393
v  0.1314 -6.3333 -2.2489
v  0.1199 -6.3103 -2.2646
v  0.1216 -6.3192 -2.2585
v  0.1036 -6.3103 -2.2646
v  0.0921 -6.2873 -2.2802
v  0.0938 -6.2962 -2.2742
v  0.0659 -6.3014 -2.2706
v  0.0741 -6.2962 -2.2742
v  0.0462 -6.3014 -2.2706
v  0.0479 -6.3103 -2.2646
v  0.0364 -6.2873 -2.2802
v  0.0381 -6.2962 -2.2741
v  0.0184 -6.2783 -2.2863
v  0.0201 -6.2873 -2.2802
v  0.0086 -6.2643 -2.2959
v  0.0102 -6.2732 -2.2898
v  0.0102 -6.2272 -2.3212
v  0.0201 -6.2412 -2.3116
v  0.0463 -6.6234 -2.0512
v  0.0390 -6.4676 -2.1574
v  0.2150 -6.4943 -2.1392
v  0.1871 -6.5173 -2.1235
v  0.2034 -6.4713 -2.1549
v  0.1593 -6.5403 -2.1078
v  0.1036 -6.5864 -2.0765
v  0.1315 -6.5634 -2.0922
v  0.0921 -6.5634 -2.0922
v  0.1756 -6.4943 -2.1392
v  0.0201 -6.6094 -2.0608
v  0.0086 -6.5864 -2.0765
v  0.0364 -6.5634 -2.0922
v  0.0480 -6.5864 -2.0765
v  0.1199 -6.5404 -2.1079
v  0.1478 -6.5174 -2.1235
v  0.0947 -6.4676 -2.1574
v  0.0201 -6.5634 -2.0922
v  0.0086 -6.5404 -2.1079
v  0.0175 -6.4676 -2.1574
v  0.0480 -6.5404 -2.1079
v  0.0201 -6.4714 -2.1549
v  0.0184 -6.4803 -2.1488
v  0.0103 -6.4854 -2.1453
v  0.0479 -6.4944 -2.1392
v  0.0463 -6.5033 -2.1331
v  0.0660 -6.6234 -2.0512
v  0.0364 -6.5174 -2.1235
v  0.0381 -6.5085 -2.1296
v  0.1289 -6.4676 -2.1574
v  0.1504 -6.4676 -2.1574
v  0.0201 -6.5174 -2.1235
v  0.1845 -6.4676 -2.1574
v  0.2060 -6.4676 -2.1574
v  0.1871 -6.4713 -2.1549
v  0.0938 -6.5263 -2.1175
v  0.2428 -6.4713 -2.1548
v  0.2402 -6.4676 -2.1574
v  0.2330 -6.4854 -2.1453
v  0.0741 -6.5263 -2.1175
v  0.0659 -6.5315 -2.1139
v  0.0758 -6.4714 -2.1549
v  0.0938 -6.4803 -2.1488
v  0.0741 -6.4803 -2.1488
v  0.0659 -6.4854 -2.1453
v  0.0103 -6.5493 -2.1018
v  0.0103 -6.5033 -2.1331
v  0.0004 -6.5033 -2.1331
v  0.0184 -6.6005 -2.0669
v  0.0103 -6.5953 -2.0704
v  0.1216 -6.5033 -2.1331
v  0.0184 -6.5545 -2.0982
v  0.1298 -6.4803 -2.1488
v  0.1216 -6.4854 -2.1453
v  0.1019 -6.5033 -2.1331
v  0.0921 -6.5174 -2.1235
v  0.0938 -6.5084 -2.1296
v  0.2133 -6.4854 -2.1453
v  0.0381 -6.4803 -2.1488
v  0.0364 -6.4714 -2.1549
v  0.0463 -6.5775 -2.0826
v  0.1019 -6.5774 -2.0826
v  0.0184 -6.5085 -2.1296
v  0.0381 -6.5723 -2.0861
v  0.2051 -6.4802 -2.1488
v  0.1773 -6.4854 -2.1453
v  0.1854 -6.4802 -2.1488
v  0.1576 -6.4854 -2.1453
v  0.1855 -6.5084 -2.1296
v  0.2051 -6.5084 -2.1296
v  0.1576 -6.5314 -2.1139
v  0.1298 -6.5544 -2.0982
v  0.0938 -6.5723 -2.0861
v  0.0463 -6.5315 -2.1139
v  0.1199 -6.4944 -2.1392
v  0.1019 -6.4854 -2.1453
v  0.1773 -6.5033 -2.1331
v  0.1773 -6.5314 -2.1139
v  0.1495 -6.5544 -2.0982
v  0.1216 -6.5774 -2.0826
v  0.0938 -6.6004 -2.0669
v  0.0741 -6.6005 -2.0669
v  0.0758 -6.6094 -2.0608
v  0.0643 -6.5864 -2.0765
v  0.0660 -6.5953 -2.0704
v  0.0381 -6.5263 -2.1175
v  0.0103 -6.5315 -2.1139
v  0.0184 -6.5263 -2.1175
v  0.1216 -6.5493 -2.1018
v  0.1315 -6.4713 -2.1549
v  0.1495 -6.4803 -2.1488
v  0.1478 -6.4713 -2.1549
v  0.1593 -6.4943 -2.1392
v  0.1495 -6.5084 -2.1296
v  0.1576 -6.5033 -2.1331
v  0.1298 -6.5084 -2.1296
v  0.0463 -6.4854 -2.1453
v  0.1495 -6.5263 -2.1174
v  0.0741 -6.5085 -2.1296
v  0.0659 -6.5033 -2.1331
v  0.0643 -6.4944 -2.1392
v  0.0758 -6.5174 -2.1235
v  0.1036 -6.5404 -2.1079
v  0.0184 -6.5723 -2.0861
v  0.0103 -6.5775 -2.0826
v  0.0381 -6.5545 -2.0983
v  0.0463 -6.5493 -2.1018
v  0.0659 -6.5493 -2.1018
v  0.0643 -6.5404 -2.1079
v  0.0758 -6.5634 -2.0922
v  0.0732 -6.4676 -2.1574
v  0.0921 -6.4714 -2.1549
v  0.1036 -6.4944 -2.1392
v  0.1315 -6.5174 -2.1235
v  0.1216 -6.5314 -2.1139
v  0.1298 -6.5263 -2.1175
v  0.1019 -6.5314 -2.1139
v  0.0938 -6.5545 -2.0983
v  0.1019 -6.5493 -2.1018
v  0.0741 -6.5545 -2.0983
v  0.0660 -6.5775 -2.0826
v  0.0741 -6.5723 -2.0861
v  0.0381 -6.6005 -2.0669
v  0.0463 -6.5953 -2.0704
v  0.0364 -6.6094 -2.0608
v  0.0103 -6.6235 -2.0512
v  0.0004 -6.5315 -2.1139
v  0.0004 -6.5493 -2.1018
v  0.0004 -6.5775 -2.0826
v  0.0004 -6.5953 -2.0704
v  0.0004 -6.6235 -2.0512
v  0.0086 -6.4944 -2.1392
v  0.0004 -6.4854 -2.1453
v  0.2330 -6.4395 -2.1767
v  0.1019 -6.4572 -2.1644
v  0.0947 -6.4676 -2.1574
v  0.1289 -6.4676 -2.1574
v  0.2402 -6.4677 -2.1575
v  0.2330 -6.3934 -2.2080
v  0.2402 -6.3831 -2.2151
v  0.1216 -6.3934 -2.2080
v  0.1289 -6.3830 -2.2150
v  0.0947 -6.3830 -2.2150
v  0.0184 -6.4342 -2.1801
v  0.0103 -6.4394 -2.1766
v  0.0381 -6.4342 -2.1801
v  0.0364 -6.4253 -2.1862
v  0.0479 -6.4483 -2.1705
v  0.0463 -6.4394 -2.1766
v  0.0741 -6.4342 -2.1801
v  0.0659 -6.4394 -2.1766
v  0.0938 -6.4342 -2.1801
v  0.0921 -6.4253 -2.1862
v  0.1036 -6.4483 -2.1705
v  0.1019 -6.4394 -2.1766
v  0.1216 -6.4394 -2.1766
v  0.1302 -6.4342 -2.1801
v  0.1495 -6.4342 -2.1802
v  0.1478 -6.4253 -2.1862
v  0.1593 -6.4483 -2.1706
v  0.1576 -6.4394 -2.1766
v  0.1746 -6.4394 -2.1766
v  0.1854 -6.4343 -2.1802
v  0.1773 -6.4394 -2.1766
v  0.2051 -6.4343 -2.1802
v  0.2034 -6.4253 -2.1863
v  0.2150 -6.4484 -2.1706
v  0.2133 -6.4394 -2.1767
v  0.2133 -6.3934 -2.2080
v  0.2150 -6.4023 -2.2020
v  0.2060 -6.3830 -2.2151
v  0.1845 -6.3830 -2.2151
v  0.2051 -6.3882 -2.2115
v  0.1854 -6.3882 -2.2115
v  0.1773 -6.3934 -2.2080
v  0.1576 -6.3934 -2.2080
v  0.1593 -6.4023 -2.2019
v  0.1504 -6.3830 -2.2150
v  0.1494 -6.3882 -2.2115
v  0.1302 -6.3882 -2.2115
v  0.1019 -6.3934 -2.2079
v  0.1036 -6.4023 -2.2019
v  0.0938 -6.3882 -2.2115
v  0.0732 -6.3830 -2.2150
v  0.0659 -6.3934 -2.2079
v  0.0741 -6.3882 -2.2114
v  0.0462 -6.3934 -2.2079
v  0.0479 -6.4023 -2.2018
v  0.0390 -6.3830 -2.2150
v  0.0175 -6.3830 -2.2150
v  0.0381 -6.3882 -2.2114
v  0.0103 -6.3934 -2.2079
v  0.0184 -6.3882 -2.2114
v  0.0004 -6.3934 -2.2079
v  0.0004 -6.4572 -2.1644
v  0.0103 -6.4572 -2.1644
v  0.0175 -6.4676 -2.1574
v  0.0390 -6.4676 -2.1574
v  0.0184 -6.4624 -2.1609
v  0.0463 -6.4572 -2.1644
v  0.0381 -6.4624 -2.1609
v  0.0659 -6.4572 -2.1644
v  0.0642 -6.4483 -2.1705
v  0.0732 -6.4676 -2.1574
v  0.0741 -6.4624 -2.1609
v  0.0938 -6.4624 -2.1609
v  0.1216 -6.4572 -2.1645
v  0.1199 -6.4483 -2.1705
v  0.1302 -6.4624 -2.1609
v  0.1504 -6.4676 -2.1574
v  0.1576 -6.4573 -2.1645
v  0.1495 -6.4624 -2.1610
v  0.1773 -6.4573 -2.1645
v  0.1756 -6.4483 -2.1706
v  0.1845 -6.4676 -2.1574
v  0.2060 -6.4676 -2.1575
v  0.1854 -6.4624 -2.1610
v  0.2051 -6.4624 -2.1610
v  0.2133 -6.4573 -2.1645
v  0.2330 -6.4573 -2.1646
v  0.0004 -6.4112 -2.1958
v  0.0103 -6.4112 -2.1958
v  0.0086 -6.4023 -2.2018
v  0.0201 -6.4253 -2.1862
v  0.0184 -6.4164 -2.1922
v  0.0462 -6.4112 -2.1958
v  0.0381 -6.4164 -2.1922
v  0.0659 -6.4112 -2.1958
v  0.0642 -6.4023 -2.2018
v  0.0758 -6.4253 -2.1862
v  0.0741 -6.4164 -2.1923
v  0.0938 -6.4164 -2.1923
v  0.1019 -6.4112 -2.1958
v  0.1216 -6.4112 -2.1958
v  0.1199 -6.4023 -2.2019
v  0.1315 -6.4253 -2.1862
v  0.1302 -6.4164 -2.1923
v  0.1576 -6.4112 -2.1958
v  0.1494 -6.4164 -2.1923
v  0.1773 -6.4112 -2.1958
v  0.1756 -6.4023 -2.2019
v  0.1871 -6.4253 -2.1863
v  0.1854 -6.4164 -2.1923
v  0.2051 -6.4164 -2.1923
v  0.2133 -6.4113 -2.1959
v  0.2330 -6.4113 -2.1959
v  0.2428 -6.4254 -2.1863
v  0.0086 -6.4483 -2.1705
v  0.0004 -6.4394 -2.1766
v  0.0004 -6.2958 -2.4387
v  0.0096 -6.2961 -2.4386
v  0.0467 -6.2993 -2.4364
v  0.0004 -6.6813 -2.0287
v  0.0004 -6.7312 -2.1255
v  0.0527 -6.7273 -2.1281
v  0.1061 -6.7146 -2.1367
v  0.1575 -6.6926 -2.1517
v  0.2034 -6.6618 -2.1727
v  0.2407 -6.6238 -2.1986
v  0.2674 -6.5813 -2.2276
v  0.2828 -6.5368 -2.2583
v  0.2873 -6.4928 -2.2895
v  0.2828 -6.4516 -2.3164
v  0.2674 -6.4066 -2.3465
v  0.2407 -6.3641 -2.3755
v  0.2034 -6.3262 -2.4013
v  0.1575 -6.2953 -2.4223
v  0.1061 -6.2733 -2.4373
v  0.0526 -6.2606 -2.4459
v  0.0569 -6.1893 -2.3637
v  0.1127 -6.2028 -2.3545
v  0.1664 -6.2262 -2.3386
v  0.2142 -6.2587 -2.3165
v  0.2529 -6.2986 -2.2893
v  0.2804 -6.3432 -2.2590
v  0.2961 -6.3895 -2.2274
v  0.3008 -6.4347 -2.1966
v  0.2955 -6.4798 -2.1659
v  0.2790 -6.5260 -2.1345
v  0.2508 -6.5703 -2.1043
v  0.2115 -6.6098 -2.0774
v  0.1632 -6.6418 -2.0556
v  0.1093 -6.6646 -2.0400
v  0.0532 -6.6776 -2.0312
v  0.2380 -6.5633 -2.2567
v  0.0004 -6.0277 -2.3186
v  0.0929 -6.0364 -2.3127
v  0.1670 -6.0576 -2.2982
v  0.2388 -6.0923 -2.2746
v  0.3011 -6.1385 -2.2431
v  0.3479 -6.1914 -2.2071
v  0.3790 -6.2465 -2.1696
v  0.3977 -6.3028 -2.1312
v  0.4039 -6.3626 -2.0905
v  0.3927 -6.4388 -2.0386
v  0.3671 -6.4993 -1.9974
v  0.3275 -6.5563 -1.9586
v  0.2716 -6.6079 -1.9235
v  0.2007 -6.6504 -1.8945
v  0.1314 -6.6764 -1.8768
v  0.0712 -6.6891 -1.8681
v  0.0005 -6.6944 -1.8644
v  0.0004 -6.1012 -2.4010
v  0.0881 -6.1168 -2.3963
v  0.0854 -6.1221 -2.3927
v  0.0893 -6.1101 -2.3950
v  0.1592 -6.1369 -2.3826
v  0.1552 -6.1417 -2.3794
v  0.1612 -6.1304 -2.3812
v  0.2264 -6.1694 -2.3605
v  0.2213 -6.1734 -2.3578
v  0.2295 -6.1634 -2.3587
v  0.2851 -6.2132 -2.3307
v  0.2791 -6.2162 -2.3287
v  0.2890 -6.2079 -2.3284
v  0.3315 -6.2657 -2.2950
v  0.3249 -6.2676 -2.2937
v  0.3356 -6.2605 -2.2926
v  0.3606 -6.3146 -2.2612
v  0.3539 -6.3163 -2.2601
v  0.3654 -6.3108 -2.2578
v  0.3779 -6.3676 -2.2256
v  0.3710 -6.3688 -2.2248
v  0.3828 -6.3647 -2.2216
v  0.3843 -6.4253 -2.1863
v  0.3773 -6.4255 -2.1862
v  0.3891 -6.4229 -2.1818
v  0.3737 -6.4978 -2.1369
v  0.3672 -6.4956 -2.1384
v  0.3784 -6.4964 -2.1319
v  0.3494 -6.5566 -2.0969
v  0.3436 -6.5533 -2.0991
v  0.3539 -6.5556 -2.0916
v  0.3101 -6.6121 -2.0590
v  0.3053 -6.6079 -2.0619
v  0.3144 -6.6115 -2.0535
v  0.2571 -6.6606 -2.0260
v  0.2535 -6.6557 -2.0293
v  0.2607 -6.6608 -2.0200
v  0.1936 -6.6990 -1.9998
v  0.1913 -6.6936 -2.0035
v  0.1954 -6.7001 -1.9931
v  0.1239 -6.7253 -1.9819
v  0.1228 -6.7196 -1.9858
v  0.1258 -6.7264 -1.9752
v  0.0703 -6.7373 -1.9737
v  0.0688 -6.7316 -1.9776
v  0.0705 -6.7386 -1.9669
v  0.0004 -6.7426 -1.9701
v  0.0005 -6.7439 -1.9632
v  0.0004 -6.7368 -1.9741
v  0.0004 -6.0812 -2.3971
v  0.0004 -6.0880 -2.3984
v  0.0004 -6.0772 -2.3914
v  0.0928 -6.0898 -2.3911
v  0.0917 -6.0966 -2.3924
v  0.0928 -6.0858 -2.3853
v  0.1669 -6.1112 -2.3770
v  0.1650 -6.1177 -2.3784
v  0.1669 -6.1072 -2.3712
v  0.2388 -6.1459 -2.3533
v  0.2357 -6.1519 -2.3551
v  0.2388 -6.1420 -2.3475
v  0.3011 -6.1916 -2.3212
v  0.2971 -6.1969 -2.3235
v  0.3011 -6.1877 -2.3154
v  0.3479 -6.2448 -2.2854
v  0.3439 -6.2500 -2.2878
v  0.3479 -6.2409 -2.2796
v  0.3790 -6.3000 -2.2481
v  0.3742 -6.3038 -2.2515
v  0.3790 -6.2961 -2.2424
v  0.3977 -6.3562 -2.2096
v  0.3927 -6.3590 -2.2136
v  0.3977 -6.3522 -2.2038
v  0.4039 -6.4156 -2.1684
v  0.3991 -6.4180 -2.1728
v  0.4039 -6.4117 -2.1626
v  0.3927 -6.4922 -2.1169
v  0.3880 -6.4936 -2.1219
v  0.3927 -6.4883 -2.1112
v  0.3671 -6.5529 -2.0761
v  0.3626 -6.5538 -2.0814
v  0.3671 -6.5489 -2.0703
v  0.3274 -6.6096 -2.0368
v  0.3232 -6.6102 -2.0423
v  0.3275 -6.6056 -2.0310
v  0.2716 -6.6612 -2.0017
v  0.2680 -6.6610 -2.0077
v  0.2716 -6.6572 -1.9959
v  0.2007 -6.7036 -1.9726
v  0.1990 -6.7025 -1.9793
v  0.2007 -6.6997 -1.9668
v  0.1314 -6.7297 -1.9551
v  0.1295 -6.7286 -1.9617
v  0.1314 -6.7258 -1.9493
v  0.0712 -6.7425 -1.9465
v  0.0710 -6.7412 -1.9534
v  0.0712 -6.7386 -1.9407
v  0.0005 -6.7477 -1.9427
v  0.0005 -6.7438 -1.9369
v  0.0005 -6.7464 -1.9495
v  0.0469 -6.7099 -2.1567
v  0.0679 -6.7056 -2.1599
v  0.0970 -6.6978 -2.1650
v  0.1181 -6.6898 -2.1704
v  0.1406 -6.6790 -2.1778
v  0.1618 -6.6661 -2.1865
v  0.1816 -6.6514 -2.1966
v  0.2084 -6.6249 -2.2146
v  0.2385 -6.5799 -2.2453
v  0.2447 -6.5650 -2.2555
v  0.2512 -6.5484 -2.2668
v  0.2649 -6.5495 -2.2660
v  0.2524 -6.5833 -2.2430
v  0.2272 -6.6230 -2.2160
v  0.1900 -6.6610 -2.1900
v  0.1472 -6.6895 -2.1707
v  0.0988 -6.7102 -2.1566
v  0.0461 -6.7228 -2.1480
v  0.0004 -6.7257 -2.1460
v  0.0004 -6.7130 -2.1546
v  0.2498 -6.5441 -2.2697
v  0.2644 -6.5441 -2.2697
v  0.2720 -6.5370 -2.2587
v  0.2732 -6.5303 -2.2643
v  0.2751 -6.4913 -2.2929
v  0.2704 -6.4513 -2.3159
v  0.2660 -6.4591 -2.3276
v  0.2510 -6.5291 -2.2475
v  0.2466 -6.5185 -2.2518
v  0.2460 -6.4935 -2.2685
v  0.2505 -6.4855 -2.2769
v  0.2501 -6.4765 -2.2833
v  0.2473 -6.4496 -2.2992
v  0.2500 -6.4440 -2.3047
v  0.2497 -6.4596 -2.3274
v  0.2490 -6.4555 -2.3302
v  0.2403 -6.4456 -2.3375
v  0.2526 -6.4183 -2.3554
v  0.2644 -6.4524 -2.3322
v  0.2468 -6.4430 -2.3385
v  0.2385 -6.4238 -2.3516
v  0.2279 -6.4045 -2.3647
v  0.2148 -6.3859 -2.3774
v  0.1992 -6.3683 -2.3894
v  0.1815 -6.3521 -2.4004
v  0.1618 -6.3374 -2.4104
v  0.1405 -6.3246 -2.4192
v  0.1180 -6.3137 -2.4265
v  0.0946 -6.3049 -2.4325
v  0.0678 -6.2982 -2.4374
v  0.0479 -6.2936 -2.4402
v  0.0484 -6.2810 -2.4489
v  0.0991 -6.2930 -2.4407
v  0.1466 -6.3126 -2.4273
v  0.1903 -6.3410 -2.4080
v  0.2271 -6.3796 -2.3817
v  -0.0846 -6.1221 -2.3927
v  -0.0578 -6.1744 -2.3571
v  0.0004 -6.1699 -2.3602
v  0.0004 -6.1138 -2.3983
v  -0.1544 -6.1417 -2.3793
v  -0.1152 -6.1884 -2.3475
v  -0.2205 -6.1733 -2.3578
v  -0.1704 -6.2124 -2.3312
v  -0.2784 -6.2162 -2.3286
v  -0.2195 -6.2458 -2.3084
v  -0.3241 -6.2676 -2.2935
v  -0.2594 -6.2869 -2.2804
v  -0.3531 -6.3163 -2.2599
v  -0.2877 -6.3328 -2.2492
v  -0.3702 -6.3688 -2.2246
v  -0.3039 -6.3804 -2.2167
v  -0.3764 -6.4255 -2.1860
v  -0.3087 -6.4269 -2.1850
v  -0.3664 -6.4956 -2.1383
v  -0.3031 -6.4734 -2.1534
v  -0.3428 -6.5533 -2.0990
v  -0.2862 -6.5208 -2.1211
v  -0.3044 -6.6079 -2.0618
v  -0.2572 -6.5664 -2.0900
v  -0.2526 -6.6557 -2.0292
v  -0.2167 -6.6071 -2.0623
v  -0.1904 -6.6936 -2.0035
v  -0.1671 -6.6400 -2.0399
v  -0.1219 -6.7196 -1.9857
v  -0.1115 -6.6634 -2.0240
v  -0.0679 -6.7316 -1.9776
v  -0.0539 -6.6768 -2.0149
v  -0.0518 -6.7273 -2.1281
v  -0.0524 -6.6776 -2.0312
v  -0.1053 -6.7146 -2.1367
v  -0.1084 -6.6646 -2.0400
v  -0.1567 -6.6926 -2.1517
v  -0.1624 -6.6418 -2.0555
v  -0.2026 -6.6618 -2.1727
v  -0.2107 -6.6098 -2.0773
v  -0.2399 -6.6238 -2.1985
v  -0.2500 -6.5703 -2.1042
v  -0.2666 -6.5813 -2.2275
v  -0.2782 -6.5260 -2.1344
v  -0.2820 -6.5368 -2.2582
v  -0.2946 -6.4798 -2.1658
v  -0.2865 -6.4928 -2.2893
v  -0.3000 -6.4347 -2.1965
v  -0.2820 -6.4516 -2.3163
v  -0.2953 -6.3895 -2.2273
v  -0.2666 -6.4066 -2.3464
v  -0.2796 -6.3432 -2.2588
v  -0.2399 -6.3641 -2.3754
v  -0.2521 -6.2986 -2.2892
v  -0.2027 -6.3262 -2.4012
v  -0.2134 -6.2587 -2.3164
v  -0.1567 -6.2953 -2.4222
v  -0.1656 -6.2262 -2.3386
v  -0.1053 -6.2733 -2.4373
v  -0.1120 -6.2028 -2.3545
v  -0.0519 -6.2606 -2.4459
v  -0.0561 -6.1893 -2.3637
v  0.0004 -6.2568 -2.4486
v  0.0004 -6.1850 -2.3667
v  -0.2846 -6.4981 -2.2966
v  -0.2743 -6.4913 -2.2928
v  -0.2696 -6.4513 -2.3158
v  -0.2811 -6.4554 -2.3221
v  -0.0929 -6.4884 -2.1990
v  -0.1011 -6.4842 -2.2040
v  -0.0939 -6.4937 -2.1957
v  -0.1208 -6.4869 -2.2079
v  -0.1294 -6.4934 -2.2064
v  -0.1280 -6.4984 -2.2025
v  -0.2724 -6.5303 -2.2642
v  -0.2811 -6.5408 -2.2639
v  -0.2712 -6.5370 -2.2586
v  -0.1294 -6.4192 -2.2569
v  -0.1208 -6.4230 -2.2514
v  -0.1280 -6.4138 -2.2601
v  -0.1011 -6.4203 -2.2475
v  -0.0930 -6.4142 -2.2496
v  -0.0939 -6.4091 -2.2533
v  -0.0193 -6.4463 -2.2170
v  -0.0356 -6.4468 -2.2178
v  -0.0373 -6.4558 -2.2118
v  -0.0176 -6.4552 -2.2109
v  -0.0454 -6.4614 -2.2089
v  -0.0471 -6.4704 -2.2029
v  -0.0651 -6.4627 -2.2108
v  -0.0634 -6.4715 -2.2045
v  -0.0750 -6.4495 -2.2216
v  -0.0733 -6.4582 -2.2153
v  -0.0913 -6.4511 -2.2240
v  -0.0930 -6.4602 -2.2182
v  -0.1011 -6.4663 -2.2161
v  -0.1028 -6.4755 -2.2104
v  -0.1208 -6.4690 -2.2201
v  -0.1191 -6.4777 -2.2136
v  -0.1306 -6.4565 -2.2319
v  -0.1294 -6.4652 -2.2255
v  -0.1469 -6.4593 -2.2361
v  -0.1486 -6.4685 -2.2304
v  -0.1568 -6.4753 -2.2292
v  -0.1585 -6.4845 -2.2236
v  -0.1738 -6.4789 -2.2345
v  -0.1748 -6.4880 -2.2287
v  -0.1765 -6.4795 -2.2354
v  -0.1846 -6.4762 -2.2417
v  -0.1863 -6.4677 -2.2483
v  -0.2026 -6.4718 -2.2544
v  -0.2043 -6.4812 -2.2490
v  -0.2125 -6.4886 -2.2488
v  -0.2142 -6.4980 -2.2434
v  -0.2322 -6.4945 -2.2575
v  -0.2043 -6.4352 -2.2804
v  -0.2052 -6.4302 -2.2843
v  -0.2125 -6.4426 -2.2801
v  -0.2142 -6.4520 -2.2748
v  -0.1846 -6.4302 -2.2730
v  -0.1837 -6.4247 -2.2762
v  -0.1748 -6.4420 -2.2601
v  -0.1765 -6.4334 -2.2667
v  -0.1585 -6.4385 -2.2550
v  -0.1568 -6.4293 -2.2606
v  -0.1486 -6.4225 -2.2618
v  -0.1495 -6.4175 -2.2656
v  -0.1191 -6.4317 -2.2450
v  -0.1028 -6.4295 -2.2417
v  -0.0733 -6.4122 -2.2467
v  -0.0724 -6.4069 -2.2501
v  -0.0634 -6.4255 -2.2359
v  -0.0651 -6.4167 -2.2421
v  -0.0471 -6.4244 -2.2343
v  -0.0454 -6.4154 -2.2402
v  -0.0373 -6.4098 -2.2432
v  -0.0382 -6.4046 -2.2468
v  -0.0176 -6.4092 -2.2422
v  -0.0167 -6.4039 -2.2457
v  -0.0077 -6.4231 -2.2324
v  -0.0094 -6.4142 -2.2385
v  -0.0077 -6.4691 -2.2010
v  -0.0094 -6.4780 -2.1950
v  -0.0176 -6.4834 -2.1917
v  -0.0167 -6.4885 -2.1881
v  -0.0373 -6.4840 -2.1926
v  -0.0382 -6.4892 -2.1891
v  -0.0454 -6.4792 -2.1967
v  -0.0651 -6.4806 -2.1987
v  -0.0733 -6.4864 -2.1961
v  -0.0724 -6.4915 -2.1925
v  -0.1486 -6.4967 -2.2113
v  -0.1495 -6.5021 -2.2080
v  -0.1568 -6.4931 -2.2171
v  -0.1765 -6.4973 -2.2232
v  -0.1846 -6.5044 -2.2225
v  -0.1837 -6.5093 -2.2186
v  -0.2043 -6.5094 -2.2298
v  -0.2052 -6.5148 -2.2266
v  -0.2125 -6.5064 -2.2367
v  -0.2322 -6.5124 -2.2453
v  -0.0176 -6.4373 -2.2230
v  -0.0094 -6.4320 -2.2263
v  -0.0373 -6.4380 -2.2240
v  -0.0454 -6.4332 -2.2281
v  -0.0651 -6.4345 -2.2300
v  -0.0733 -6.4404 -2.2275
v  -0.0930 -6.4424 -2.2304
v  -0.1011 -6.4382 -2.2353
v  -0.1208 -6.4409 -2.2393
v  -0.1294 -6.4474 -2.2377
v  -0.1486 -6.4507 -2.2426
v  -0.1568 -6.4471 -2.2484
v  -0.1765 -6.4513 -2.2546
v  -0.1846 -6.4583 -2.2538
v  -0.2043 -6.4633 -2.2612
v  -0.2125 -6.4604 -2.2680
v  -0.0449 -6.7042 -2.1605
v  -0.0454 -6.7012 -2.1654
v  -0.0651 -6.7001 -2.1637
v  -0.2125 -6.5678 -2.2662
v  -0.2142 -6.5755 -2.2583
v  -0.2043 -6.5649 -2.2730
v  -0.2026 -6.5570 -2.2806
v  -0.1846 -6.5941 -2.2553
v  -0.1863 -6.6015 -2.2470
v  -0.1765 -6.5910 -2.2619
v  -0.1748 -6.5834 -2.2699
v  -0.1568 -6.6187 -2.2420
v  -0.1585 -6.6259 -2.2333
v  -0.1486 -6.6156 -2.2485
v  -0.1470 -6.6082 -2.2568
v  -0.1011 -6.6632 -2.2084
v  -0.1208 -6.6609 -2.2051
v  -0.1028 -6.6698 -2.1990
v  -0.0930 -6.6600 -2.2148
v  -0.1290 -6.6417 -2.2263
v  -0.1486 -6.6389 -2.2222
v  -0.1306 -6.6486 -2.2173
v  -0.1208 -6.6385 -2.2328
v  -0.0913 -6.6531 -2.2239
v  -0.0094 -6.6819 -2.1976
v  -0.0077 -6.6752 -2.2069
v  -0.0176 -6.6856 -2.1920
v  -0.0193 -6.6921 -2.1823
v  -0.0454 -6.6673 -2.2145
v  -0.0373 -6.6636 -2.2202
v  -0.0356 -6.6566 -2.2291
v  -0.0471 -6.6741 -2.2053
v  -0.1191 -6.6314 -2.2415
v  -0.0094 -6.6458 -2.2435
v  -0.0176 -6.6499 -2.2384
v  -0.0193 -6.6571 -2.2298
v  -0.0078 -6.6384 -2.2519
v  -0.0373 -6.6259 -2.2637
v  -0.0454 -6.6299 -2.2585
v  -0.0471 -6.6374 -2.2503
v  -0.0356 -6.6182 -2.2716
v  -0.0078 -6.5985 -2.2920
v  -0.0095 -6.5903 -2.2993
v  -0.0193 -6.5772 -2.3102
v  -0.0176 -6.5855 -2.3033
v  -0.0750 -6.6894 -2.1783
v  -0.0936 -6.6923 -2.1686
v  -0.0373 -6.6104 -2.2793
v  -0.0471 -6.5974 -2.2905
v  -0.0454 -6.6055 -2.2832
v  -0.1470 -6.5668 -2.2950
v  -0.1307 -6.5690 -2.2982
v  -0.1281 -6.5659 -2.3016
v  -0.1496 -6.5629 -2.2973
v  -0.0095 -6.6064 -2.2846
v  -0.0176 -6.6109 -2.2800
v  -0.0193 -6.6187 -2.2723
v  -0.1863 -6.5602 -2.2853
v  -0.1837 -6.5572 -2.2889
v  -0.2052 -6.5530 -2.2827
v  -0.0750 -6.6161 -2.2685
v  -0.0733 -6.6239 -2.2608
v  -0.0651 -6.6289 -2.2569
v  -0.0913 -6.6148 -2.2665
v  -0.0930 -6.6223 -2.2584
v  -0.2516 -6.5833 -2.2429
v  -0.2439 -6.5649 -2.2554
v  -0.2504 -6.5483 -2.2667
v  -0.2641 -6.5495 -2.2659
v  -0.2377 -6.5799 -2.2452
v  -0.0634 -6.6365 -2.2489
v  -0.0913 -6.5733 -2.3045
v  -0.0930 -6.5814 -2.2973
v  -0.0733 -6.5830 -2.2996
v  -0.0750 -6.5746 -2.3065
v  -0.0651 -6.5883 -2.2963
v  -0.0634 -6.5965 -2.2892
v  -0.0373 -6.6851 -2.1911
v  -0.0356 -6.6917 -2.1816
v  -0.1028 -6.5933 -2.2845
v  -0.1011 -6.6015 -2.2773
v  -0.0930 -6.6068 -2.2740
v  -0.1191 -6.5915 -2.2819
v  -0.1208 -6.5993 -2.2741
v  -0.1208 -6.5832 -2.2889
v  -0.1290 -6.5775 -2.2915
v  -0.2312 -6.5776 -2.2468
v  -0.2322 -6.5633 -2.2595
v  -0.0651 -6.6662 -2.2129
v  -0.0634 -6.6732 -2.2039
v  -0.1846 -6.5688 -2.2787
v  -0.1765 -6.5750 -2.2767
v  -0.1585 -6.5861 -2.2739
v  -0.1568 -6.5783 -2.2816
v  -0.2043 -6.5901 -2.2495
v  -0.1765 -6.6153 -2.2370
v  -0.2018 -6.6216 -2.2168
v  -0.0733 -6.6616 -2.2172
v  -0.0750 -6.6544 -2.2259
v  -0.1011 -6.5854 -2.2920
v  -0.1568 -6.5943 -2.2668
v  -0.1757 -6.6474 -2.1993
v  -0.1566 -6.6616 -2.1895
v  -0.1359 -6.6741 -2.1811
v  -0.1140 -6.6847 -2.1739
v  -0.0930 -6.6813 -2.1856
v  -0.0733 -6.6830 -2.1881
v  -0.0651 -6.6798 -2.1945
v  -0.0454 -6.6809 -2.1961
v  -0.0176 -6.6264 -2.2645
v  -0.0094 -6.6309 -2.2600
v  -0.1011 -6.6407 -2.2360
v  -0.1028 -6.6332 -2.2441
v  -0.1486 -6.5748 -2.2876
v  -0.1486 -6.6001 -2.2642
v  -0.1306 -6.6104 -2.2601
v  -0.1290 -6.6029 -2.2682
v  -0.1290 -6.6183 -2.2525
v  -0.0733 -6.6084 -2.2764
v  -0.0454 -6.5894 -2.2979
v  -0.0651 -6.6044 -2.2816
v  -0.1011 -6.6259 -2.2526
v  -0.0094 -6.6683 -2.2160
v  -0.0176 -6.6642 -2.2210
v  -0.0454 -6.6448 -2.2420
v  -0.0373 -6.6494 -2.2376
v  -0.0733 -6.6474 -2.2347
v  -0.0651 -6.6437 -2.2404
v  -0.0939 -6.5696 -2.3071
v  -0.0724 -6.5713 -2.3096
v  -0.1208 -6.6237 -2.2494
v  -0.0930 -6.6458 -2.2323
v  -0.0094 -6.7023 -2.1669
v  -0.0461 -6.7099 -2.1566
v  -0.0452 -6.7228 -2.1479
v  -0.2312 -6.4260 -2.3500
v  -0.2395 -6.4456 -2.3374
v  -0.2322 -6.4431 -2.3414
v  -0.2377 -6.4238 -2.3515
v  -0.2271 -6.4045 -2.3646
v  -0.2263 -6.3795 -2.3817
v  -0.2518 -6.4183 -2.3553
v  -0.2140 -6.3859 -2.3773
v  -0.1985 -6.3683 -2.3893
v  -0.1807 -6.3521 -2.4004
v  -0.1611 -6.3374 -2.4104
v  -0.1896 -6.3410 -2.4079
v  -0.1398 -6.3246 -2.4191
v  -0.1458 -6.3126 -2.4272
v  -0.1173 -6.3137 -2.4265
v  -0.0938 -6.3049 -2.4325
v  -0.0984 -6.2930 -2.4407
v  -0.0671 -6.2982 -2.4374
v  -0.0477 -6.2810 -2.4488
v  -0.0455 -6.3049 -2.4353
v  -0.0459 -6.2993 -2.4363
v  -0.0652 -6.3038 -2.4336
v  -0.0095 -6.3060 -2.4369
v  -0.0088 -6.2961 -2.4386
v  -0.2264 -6.6230 -2.2159
v  -0.2076 -6.6249 -2.2146
v  -0.1892 -6.6610 -2.1900
v  -0.1808 -6.6514 -2.1965
v  -0.1464 -6.6895 -2.1706
v  -0.1397 -6.6790 -2.1777
v  -0.1610 -6.6661 -2.1865
v  -0.1172 -6.6898 -2.1704
v  -0.0979 -6.7102 -2.1565
v  -0.0961 -6.6977 -2.1650
v  -0.0671 -6.7056 -2.1599
v  -0.2142 -6.4375 -2.3524
v  -0.2125 -6.4476 -2.3481
v  -0.2026 -6.4649 -2.3432
v  -0.2043 -6.4550 -2.3478
v  -0.1863 -6.4174 -2.3724
v  -0.1847 -6.4278 -2.3685
v  -0.1748 -6.4453 -2.3639
v  -0.1765 -6.4351 -2.3681
v  -0.0455 -6.3409 -2.4276
v  -0.0472 -6.3520 -2.4247
v  -0.0373 -6.3348 -2.4297
v  -0.0356 -6.3235 -2.4323
v  -0.1028 -6.3477 -2.4184
v  -0.1011 -6.3589 -2.4156
v  -0.0913 -6.3770 -2.4119
v  -0.0930 -6.3660 -2.4150
v  -0.1585 -6.3958 -2.3900
v  -0.1568 -6.4064 -2.3865
v  -0.1470 -6.4241 -2.3822
v  -0.1487 -6.4136 -2.3860
v  -0.1307 -6.3725 -2.4054
v  -0.1290 -6.3834 -2.4022
v  -0.1191 -6.4013 -2.3982
v  -0.1208 -6.3906 -2.4017
v  -0.0176 -6.3353 -2.4305
v  -0.0078 -6.3531 -2.4263
v  -0.0095 -6.3420 -2.4291
v  -0.0193 -6.3240 -2.4330
v  -0.0373 -6.3697 -2.4204
v  -0.0455 -6.3630 -2.4218
v  -0.0356 -6.3805 -2.4171
v  -0.0176 -6.3917 -2.4143
v  -0.0078 -6.4084 -2.4086
v  -0.0095 -6.3979 -2.4124
v  -0.0193 -6.3810 -2.4178
v  -0.0193 -6.4851 -2.3729
v  -0.0356 -6.4847 -2.3723
v  -0.0382 -6.4885 -2.3699
v  -0.0167 -6.4891 -2.3708
v  -0.0095 -6.4701 -2.3812
v  -0.0078 -6.4604 -2.3861
v  -0.0176 -6.4756 -2.3781
v  0.0004 -6.4702 -2.3812
v  0.0004 -6.4597 -2.3864
v  -0.0455 -6.4496 -2.3893
v  -0.0651 -6.4485 -2.3878
v  -0.0635 -6.4585 -2.3832
v  -0.0471 -6.4593 -2.3845
v  -0.0913 -6.3103 -2.4288
v  -0.0750 -6.3212 -2.4290
v  -0.0356 -6.4342 -2.3970
v  -0.1281 -6.4813 -2.3592
v  -0.1307 -6.4770 -2.3609
v  -0.1470 -6.4747 -2.3576
v  -0.1496 -6.4783 -2.3549
v  -0.1837 -6.4726 -2.3465
v  -0.1863 -6.4682 -2.3480
v  -0.2052 -6.4684 -2.3403
v  -0.0733 -6.4220 -2.3983
v  -0.0750 -6.4320 -2.3939
v  -0.0651 -6.4166 -2.4015
v  -0.0930 -6.4204 -2.3959
v  -0.0913 -6.4307 -2.3919
v  -0.2482 -6.4555 -2.3301
v  -0.2420 -6.4559 -2.3299
v  -0.0635 -6.4064 -2.4057
v  -0.0455 -6.4177 -2.4031
v  -0.0472 -6.4073 -2.4070
v  -0.0652 -6.3398 -2.4260
v  -0.0635 -6.3510 -2.4233
v  -0.0733 -6.4731 -2.3745
v  -0.0930 -6.4715 -2.3721
v  -0.0913 -6.4813 -2.3672
v  -0.0750 -6.4826 -2.3692
v  -0.0651 -6.4681 -2.3782
v  -0.1011 -6.4456 -2.3835
v  -0.1028 -6.4553 -2.3785
v  -0.0930 -6.4406 -2.3872
v  -0.1208 -6.4434 -2.3803
v  -0.1191 -6.4535 -2.3759
v  -0.1290 -6.4676 -2.3664
v  -0.1208 -6.4630 -2.3707
v  -0.1241 -6.4606 -2.3712
v  -0.0373 -6.4751 -2.3773
v  -0.0455 -6.4692 -2.3797
v  -0.0651 -6.3619 -2.4201
v  -0.1208 -6.3566 -2.4123
v  -0.1846 -6.4589 -2.3535
v  -0.1765 -6.4548 -2.3586
v  -0.1568 -6.4581 -2.3635
v  -0.1585 -6.4480 -2.3679
v  -0.0176 -6.3702 -2.4212
v  -0.2043 -6.4239 -2.3627
v  -0.2209 -6.4072 -2.3628
v  -0.1487 -6.3806 -2.3981
v  -0.1930 -6.3720 -2.3868
v  -0.1765 -6.4031 -2.3816
v  -0.0750 -6.3783 -2.4139
v  -0.0733 -6.3677 -2.4174
v  -0.1011 -6.4652 -2.3739
v  -0.1568 -6.4384 -2.3730
v  -0.2081 -6.3891 -2.3751
v  -0.1758 -6.3562 -2.3976
v  -0.1566 -6.3419 -2.4073
v  -0.1360 -6.3294 -2.4158
v  -0.1140 -6.3189 -2.4230
v  -0.0930 -6.3310 -2.4242
v  -0.0733 -6.3327 -2.4267
v  -0.0176 -6.4245 -2.4020
v  -0.0095 -6.4187 -2.4045
v  -0.0193 -6.4346 -2.3977
v  -0.0373 -6.4240 -2.4012
v  -0.1487 -6.4649 -2.3624
v  -0.1487 -6.4339 -2.3774
v  -0.1290 -6.4366 -2.3814
v  -0.1307 -6.4264 -2.3855
v  -0.1028 -6.4031 -2.4009
v  -0.1011 -6.3928 -2.4049
v  -0.1290 -6.4164 -2.3901
v  -0.0733 -6.4422 -2.3896
v  -0.1011 -6.4136 -2.3971
v  -0.1208 -6.4115 -2.3939
v  -0.0930 -6.3875 -2.4082
v  -0.0733 -6.3891 -2.4106
v  -0.0651 -6.3958 -2.4093
v  -0.0455 -6.3969 -2.4109
v  -0.0373 -6.3911 -2.4135
v  -0.0095 -6.3640 -2.4232
v  0.0004 -6.3060 -2.4369
v  0.0004 -6.3420 -2.4292
v  0.0004 -6.3531 -2.4263
v  0.0004 -6.3640 -2.4232
v  0.0004 -6.3979 -2.4124
v  0.0004 -6.4084 -2.4086
v  0.0004 -6.4187 -2.4045
v  -0.0094 -6.4602 -2.2071
v  -0.0382 -6.5731 -2.3123
v  -0.0356 -6.5767 -2.3096
v  -0.0167 -6.5737 -2.3132
v  -0.0373 -6.5849 -2.3025
v  -0.0095 -6.4505 -2.3908
v  -0.0176 -6.4447 -2.3933
v  0.0004 -6.4506 -2.3908
v  -0.0939 -6.4850 -2.3647
v  -0.0724 -6.4867 -2.3672
v  -0.0373 -6.4441 -2.3925
v  -0.0454 -6.2271 -2.3211
v  -0.0356 -6.2412 -2.3115
v  -0.0651 -6.2271 -2.3211
v  -0.0382 -6.3830 -2.2150
v  -0.0167 -6.3830 -2.2150
v  -0.2043 -6.3704 -2.2236
v  -0.2142 -6.3563 -2.2332
v  -0.1765 -6.3474 -2.2392
v  -0.1863 -6.3333 -2.2488
v  -0.0454 -6.2553 -2.3019
v  -0.0471 -6.2642 -2.2959
v  -0.0373 -6.2502 -2.3055
v  -0.2125 -6.3652 -2.2271
v  -0.2026 -6.3793 -2.2175
v  -0.0930 -6.2783 -2.2863
v  -0.1028 -6.2642 -2.2959
v  -0.1289 -6.3244 -2.2549
v  -0.1486 -6.3244 -2.2549
v  -0.1585 -6.3103 -2.2645
v  -0.1846 -6.3422 -2.2428
v  -0.1748 -6.3563 -2.2332
v  -0.1011 -6.2732 -2.2898
v  -0.0913 -6.2873 -2.2802
v  -0.1208 -6.3013 -2.2706
v  -0.1306 -6.2873 -2.2802
v  -0.0094 -6.2553 -2.3020
v  -0.0193 -6.2412 -2.3116
v  -0.0176 -6.2502 -2.3055
v  -0.0078 -6.2643 -2.2959
v  -0.1568 -6.3192 -2.2584
v  -0.1469 -6.3333 -2.2488
v  -0.1290 -6.2962 -2.2741
v  -0.1191 -6.3103 -2.2645
v  -0.0454 -6.2732 -2.2898
v  -0.0356 -6.2873 -2.2802
v  -0.0373 -6.2783 -2.2863
v  -0.0939 -6.3830 -2.2150
v  -0.0724 -6.3830 -2.2150
v  -0.0094 -6.3014 -2.2706
v  -0.0193 -6.2873 -2.2802
v  -0.0176 -6.2962 -2.2741
v  -0.0078 -6.3103 -2.2645
v  -0.0193 -6.3793 -2.2175
v  -0.0077 -6.3563 -2.2332
v  -0.0176 -6.3704 -2.2236
v  -0.0094 -6.3652 -2.2271
v  0.0004 -6.3652 -2.2271
v  -0.0454 -6.3474 -2.2393
v  -0.0651 -6.3474 -2.2393
v  -0.0750 -6.2412 -2.3115
v  -0.0356 -6.3333 -2.2489
v  -0.0471 -6.3563 -2.2332
v  -0.0373 -6.3422 -2.2428
v  -0.0176 -6.3422 -2.2428
v  -0.1495 -6.3830 -2.2150
v  -0.1280 -6.3830 -2.2150
v  -0.2052 -6.3830 -2.2150
v  -0.1837 -6.3830 -2.2150
v  -0.0750 -6.3333 -2.2489
v  -0.0651 -6.3192 -2.2585
v  -0.0733 -6.3244 -2.2549
v  -0.0930 -6.3244 -2.2549
v  -0.2394 -6.4605 -2.3287
v  -0.2394 -6.4404 -2.2993
v  -0.2394 -6.3830 -2.2150
v  -0.2420 -6.3793 -2.2175
v  -0.2321 -6.3652 -2.2271
v  -0.0634 -6.3103 -2.2645
v  -0.0454 -6.3192 -2.2585
v  -0.0651 -6.2553 -2.3019
v  -0.0733 -6.3704 -2.2236
v  -0.0930 -6.3704 -2.2236
v  -0.0634 -6.3563 -2.2332
v  -0.0750 -6.3793 -2.2175
v  -0.0651 -6.3652 -2.2271
v  0.0004 -6.3474 -2.2393
v  -0.0094 -6.3474 -2.2393
v  -0.0193 -6.3333 -2.2489
v  -0.1028 -6.3563 -2.2332
v  -0.0930 -6.3422 -2.2428
v  -0.1011 -6.3474 -2.2393
v  -0.1208 -6.3474 -2.2393
v  -0.0913 -6.3333 -2.2489
v  -0.1240 -6.3633 -2.2284
v  -0.1289 -6.3704 -2.2236
v  -0.1306 -6.3793 -2.2175
v  -0.1208 -6.3652 -2.2271
v  -0.0373 -6.3704 -2.2236
v  -0.0454 -6.3652 -2.2271
v  -0.0356 -6.3793 -2.2175
v  -0.0651 -6.2732 -2.2898
v  -0.1208 -6.2732 -2.2898
v  -0.1846 -6.3704 -2.2236
v  -0.1863 -6.3793 -2.2175
v  -0.1765 -6.3652 -2.2271
v  -0.1568 -6.3652 -2.2271
v  -0.2043 -6.3422 -2.2428
v  -0.1486 -6.2962 -2.2741
v  -0.1765 -6.3192 -2.2584
v  -0.0733 -6.2783 -2.2863
v  -0.1191 -6.3563 -2.2332
v  -0.1011 -6.3652 -2.2271
v  -0.1568 -6.3474 -2.2392
v  -0.0930 -6.2502 -2.3055
v  -0.0733 -6.2502 -2.3055
v  -0.0634 -6.2642 -2.2959
v  -0.0750 -6.2873 -2.2802
v  -0.0094 -6.3192 -2.2585
v  0.0004 -6.3192 -2.2585
v  -0.0176 -6.3244 -2.2549
v  -0.0373 -6.3244 -2.2549
v  -0.0471 -6.3103 -2.2645
v  -0.1486 -6.3704 -2.2236
v  -0.1469 -6.3793 -2.2175
v  -0.1585 -6.3563 -2.2332
v  -0.1486 -6.3422 -2.2428
v  -0.1289 -6.3422 -2.2428
v  -0.1011 -6.3013 -2.2706
v  -0.0733 -6.3422 -2.2428
v  -0.1011 -6.3192 -2.2584
v  -0.1028 -6.3103 -2.2645
v  -0.0913 -6.3793 -2.2175
v  -0.1306 -6.3333 -2.2488
v  -0.1208 -6.3192 -2.2584
v  -0.0930 -6.2962 -2.2741
v  -0.0733 -6.2962 -2.2741
v  -0.0651 -6.3013 -2.2706
v  -0.0454 -6.3013 -2.2706
v  -0.0373 -6.2962 -2.2741
v  -0.0176 -6.2783 -2.2863
v  -0.0094 -6.2732 -2.2898
v  0.0004 -6.2732 -2.2898
v  -0.0095 -6.2272 -2.3211
v  0.0004 -6.2272 -2.3212
v  0.0004 -6.2553 -2.3020
v  0.0004 -6.3014 -2.2706
v  -0.0454 -6.6234 -2.0512
v  -0.0651 -6.6234 -2.0512
v  -0.0167 -6.4676 -2.1574
v  -0.0382 -6.4676 -2.1574
v  -0.0356 -6.4714 -2.1549
v  -0.2141 -6.4943 -2.1391
v  -0.2043 -6.4802 -2.1487
v  -0.1863 -6.5173 -2.1234
v  -0.1765 -6.5032 -2.1331
v  -0.2026 -6.4713 -2.1548
v  -0.2124 -6.4854 -2.1452
v  -0.1585 -6.5403 -2.1078
v  -0.1486 -6.5263 -2.1174
v  -0.1028 -6.5864 -2.0764
v  -0.0929 -6.5723 -2.0861
v  -0.1306 -6.5634 -2.0921
v  -0.1208 -6.5493 -2.1017
v  -0.0912 -6.5634 -2.0921
v  -0.1011 -6.5774 -2.0825
v  -0.1748 -6.4943 -2.1391
v  -0.1846 -6.5084 -2.1295
v  -0.0193 -6.6094 -2.0608
v  -0.0094 -6.5953 -2.0704
v  -0.0077 -6.5864 -2.0765
v  -0.0176 -6.6005 -2.0669
v  -0.0356 -6.5634 -2.0922
v  -0.0454 -6.5775 -2.0825
v  -0.0471 -6.5864 -2.0765
v  -0.0373 -6.5723 -2.0861
v  -0.1191 -6.5404 -2.1078
v  -0.1289 -6.5544 -2.0982
v  -0.1469 -6.5173 -2.1235
v  -0.1568 -6.5314 -2.1139
v  -0.0938 -6.4676 -2.1574
v  -0.0913 -6.4714 -2.1549
v  -0.0193 -6.5634 -2.0922
v  -0.0094 -6.5493 -2.1018
v  -0.0077 -6.5404 -2.1078
v  -0.0176 -6.5545 -2.0982
v  -0.0193 -6.4714 -2.1549
v  -0.0471 -6.5404 -2.1078
v  -0.0373 -6.5263 -2.1174
v  -0.0356 -6.5174 -2.1235
v  -0.0454 -6.5315 -2.1139
v  -0.0176 -6.4803 -2.1488
v  -0.0077 -6.4944 -2.1392
v  -0.0094 -6.4854 -2.1453
v  -0.0749 -6.6094 -2.0608
v  -0.0454 -6.5033 -2.1331
v  -0.0373 -6.5085 -2.1296
v  -0.0471 -6.4944 -2.1392
v  -0.1280 -6.4676 -2.1574
v  -0.1495 -6.4676 -2.1574
v  -0.1469 -6.4713 -2.1548
v  -0.0193 -6.5174 -2.1235
v  -0.0094 -6.5033 -2.1331
v  -0.0176 -6.5085 -2.1296
v  -0.1837 -6.4676 -2.1573
v  -0.2052 -6.4676 -2.1573
v  -0.1863 -6.4713 -2.1548
v  -0.0651 -6.5315 -2.1139
v  -0.0749 -6.5174 -2.1235
v  -0.0929 -6.5263 -2.1174
v  -0.0732 -6.5263 -2.1174
v  -0.2394 -6.5451 -2.2711
v  -0.2420 -6.5479 -2.2672
v  -0.2420 -6.4713 -2.1548
v  -0.2394 -6.4676 -2.1573
v  -0.2394 -6.5250 -2.2416
v  -0.2321 -6.4854 -2.1452
v  -0.0634 -6.5404 -2.1078
v  -0.1306 -6.4713 -2.1548
v  -0.0929 -6.4803 -2.1488
v  -0.0733 -6.4803 -2.1488
v  -0.0651 -6.4854 -2.1453
v  -0.0749 -6.4714 -2.1549
v  -0.0634 -6.4944 -2.1392
v  -0.0372 -6.6005 -2.0669
v  -0.0929 -6.5084 -2.1296
v  -0.1028 -6.4944 -2.1392
v  -0.1208 -6.5033 -2.1331
v  -0.1011 -6.5033 -2.1331
v  -0.0373 -6.5545 -2.0982
v  -0.1289 -6.4803 -2.1488
v  -0.1191 -6.4943 -2.1392
v  -0.1208 -6.4854 -2.1452
v  -0.0912 -6.5174 -2.1235
v  -0.0373 -6.4803 -2.1488
v  -0.0454 -6.4854 -2.1453
v  -0.0651 -6.5775 -2.0825
v  -0.1208 -6.5774 -2.0825
v  -0.1846 -6.4802 -2.1487
v  -0.1765 -6.4854 -2.1452
v  -0.1568 -6.4854 -2.1452
v  -0.2043 -6.5084 -2.1295
v  -0.1764 -6.5314 -2.1138
v  -0.1486 -6.5544 -2.0982
v  -0.0732 -6.5723 -2.0861
v  -0.1011 -6.4854 -2.1453
v  -0.1568 -6.5033 -2.1331
v  -0.0929 -6.6004 -2.0668
v  -0.0732 -6.6004 -2.0669
v  -0.0651 -6.5953 -2.0704
v  -0.0634 -6.5864 -2.0765
v  -0.0454 -6.5953 -2.0704
v  -0.0176 -6.5263 -2.1175
v  -0.0094 -6.5315 -2.1139
v  -0.1011 -6.5493 -2.1017
v  -0.1486 -6.4803 -2.1487
v  -0.1585 -6.4943 -2.1391
v  -0.1486 -6.5084 -2.1295
v  -0.1289 -6.5084 -2.1296
v  -0.1289 -6.5263 -2.1174
v  -0.0733 -6.5084 -2.1296
v  -0.0651 -6.5033 -2.1331
v  -0.1011 -6.5314 -2.1139
v  -0.1028 -6.5404 -2.1078
v  -0.0176 -6.5723 -2.0861
v  -0.0094 -6.5775 -2.0826
v  -0.0454 -6.5493 -2.1018
v  -0.0651 -6.5493 -2.1018
v  -0.0732 -6.5545 -2.0982
v  -0.0749 -6.5634 -2.0921
v  -0.0723 -6.4676 -2.1574
v  -0.1306 -6.5174 -2.1235
v  -0.1208 -6.5314 -2.1139
v  -0.0929 -6.5544 -2.0982
v  -0.0356 -6.6094 -2.0608
v  -0.0094 -6.6234 -2.0512
v  -0.2420 -6.4836 -2.2718
v  -0.2321 -6.4394 -2.1766
v  -0.2420 -6.4254 -2.1862
v  -0.1011 -6.4572 -2.1644
v  -0.0938 -6.4676 -2.1573
v  -0.1280 -6.4676 -2.1574
v  -0.1208 -6.4572 -2.1644
v  -0.2394 -6.4677 -2.1574
v  -0.2321 -6.4573 -2.1645
v  -0.2322 -6.4485 -2.2888
v  -0.2321 -6.3934 -2.2080
v  -0.2394 -6.3831 -2.2150
v  -0.1208 -6.3934 -2.2079
v  -0.1280 -6.3830 -2.2150
v  -0.0939 -6.3830 -2.2150
v  -0.1011 -6.3934 -2.2079
v  -0.0094 -6.4394 -2.1766
v  -0.0176 -6.4342 -2.1801
v  -0.0077 -6.4483 -2.1705
v  -0.0193 -6.4253 -2.1862
v  -0.0373 -6.4342 -2.1801
v  -0.0356 -6.4253 -2.1862
v  -0.0454 -6.4394 -2.1766
v  -0.0471 -6.4483 -2.1705
v  -0.0651 -6.4394 -2.1766
v  -0.0733 -6.4342 -2.1801
v  -0.0634 -6.4483 -2.1705
v  -0.0749 -6.4253 -2.1862
v  -0.0929 -6.4342 -2.1801
v  -0.0913 -6.4253 -2.1862
v  -0.1011 -6.4394 -2.1766
v  -0.1028 -6.4483 -2.1705
v  -0.1208 -6.4394 -2.1766
v  -0.1294 -6.4342 -2.1801
v  -0.1191 -6.4483 -2.1705
v  -0.1306 -6.4253 -2.1862
v  -0.1486 -6.4342 -2.1801
v  -0.1469 -6.4253 -2.1862
v  -0.1568 -6.4394 -2.1766
v  -0.1585 -6.4483 -2.1705
v  -0.1738 -6.4394 -2.1766
v  -0.1765 -6.4394 -2.1766
v  -0.1846 -6.4342 -2.1801
v  -0.1748 -6.4483 -2.1705
v  -0.1863 -6.4253 -2.1862
v  -0.2043 -6.4343 -2.1801
v  -0.2026 -6.4253 -2.1862
v  -0.2125 -6.4394 -2.1766
v  -0.2141 -6.4484 -2.1705
v  -0.2125 -6.3934 -2.2079
v  -0.2141 -6.4023 -2.2019
v  -0.2043 -6.3882 -2.2115
v  -0.2052 -6.3830 -2.2150
v  -0.1846 -6.3882 -2.2114
v  -0.1765 -6.3934 -2.2079
v  -0.1837 -6.3830 -2.2150
v  -0.1748 -6.4023 -2.2018
v  -0.1568 -6.3934 -2.2079
v  -0.1585 -6.4023 -2.2018
v  -0.1486 -6.3882 -2.2114
v  -0.1495 -6.3830 -2.2150
v  -0.1294 -6.3882 -2.2114
v  -0.1191 -6.4023 -2.2018
v  -0.1028 -6.4023 -2.2018
v  -0.0929 -6.3882 -2.2114
v  -0.0733 -6.3882 -2.2114
v  -0.0651 -6.3934 -2.2079
v  -0.0724 -6.3830 -2.2150
v  -0.0634 -6.4023 -2.2018
v  -0.0454 -6.3934 -2.2079
v  -0.0471 -6.4023 -2.2018
v  -0.0373 -6.3882 -2.2114
v  -0.0382 -6.3830 -2.2150
v  -0.0176 -6.3882 -2.2114
v  -0.0094 -6.3934 -2.2079
v  -0.0167 -6.3830 -2.2150
v  -0.0077 -6.4023 -2.2018
v  -0.0094 -6.4572 -2.1644
v  -0.0176 -6.4624 -2.1609
v  -0.0167 -6.4676 -2.1573
v  -0.0373 -6.4624 -2.1609
v  -0.0454 -6.4572 -2.1644
v  -0.0382 -6.4676 -2.1573
v  -0.0651 -6.4572 -2.1644
v  -0.0733 -6.4624 -2.1609
v  -0.0723 -6.4676 -2.1573
v  -0.0929 -6.4624 -2.1609
v  -0.1294 -6.4624 -2.1609
v  -0.1486 -6.4624 -2.1609
v  -0.1568 -6.4572 -2.1644
v  -0.1495 -6.4676 -2.1574
v  -0.1765 -6.4573 -2.1644
v  -0.1846 -6.4624 -2.1609
v  -0.1837 -6.4676 -2.1574
v  -0.2043 -6.4624 -2.1609
v  -0.2125 -6.4573 -2.1645
v  -0.2052 -6.4676 -2.1574
v  -0.0094 -6.4112 -2.1958
v  -0.0176 -6.4164 -2.1922
v  -0.0373 -6.4164 -2.1922
v  -0.0454 -6.4112 -2.1957
v  -0.0651 -6.4112 -2.1957
v  -0.0733 -6.4164 -2.1922
v  -0.0929 -6.4164 -2.1922
v  -0.1011 -6.4112 -2.1958
v  -0.1208 -6.4112 -2.1958
v  -0.1294 -6.4164 -2.1922
v  -0.1486 -6.4164 -2.1922
v  -0.1568 -6.4112 -2.1958
v  -0.1765 -6.4112 -2.1958
v  -0.1846 -6.4164 -2.1923
v  -0.2043 -6.4164 -2.1923
v  -0.2125 -6.4113 -2.1958
v  -0.2322 -6.4663 -2.2767
v  -0.2321 -6.4113 -2.1958
v  -0.0563 -6.1847 -2.3584
v  0.0004 -6.1802 -2.3615
v  -0.0525 -6.6743 -2.0249
v  -0.1123 -6.1983 -2.3492
v  -0.1661 -6.2217 -2.3332
v  -0.2140 -6.2543 -2.3110
v  -0.2528 -6.2943 -2.2838
v  -0.2804 -6.3390 -2.2533
v  -0.2962 -6.3854 -2.2217
v  -0.3008 -6.4308 -2.1908
v  -0.2955 -6.4761 -2.1599
v  -0.2790 -6.5223 -2.1284
v  -0.2507 -6.5668 -2.0982
v  -0.2112 -6.6064 -2.0712
v  -0.1628 -6.6385 -2.0493
v  -0.1087 -6.6613 -2.0338
v  -0.0490 -6.2753 -2.4527
v  0.0004 -6.2716 -2.4552
v  0.0004 -6.2613 -2.4539
v  -0.0517 -6.2652 -2.4512
v  -0.2733 -6.4595 -2.3272
v  -0.2584 -6.4161 -2.3567
v  -0.2658 -6.4108 -2.3520
v  -0.2581 -6.5855 -2.2414
v  -0.2733 -6.5441 -2.2696
v  -0.2658 -6.5850 -2.2334
v  -0.0451 -6.7288 -2.1438
v  -0.0517 -6.7305 -2.1343
v  -0.2335 -6.6265 -2.2134
v  -0.2392 -6.6274 -2.2045
v  -0.1951 -6.6655 -2.1869
v  -0.2020 -6.6652 -2.1787
v  -0.1509 -6.6947 -2.1670
v  -0.1562 -6.6959 -2.1578
v  -0.0990 -6.7162 -2.1524
v  -0.1050 -6.7179 -2.1429
v  -0.1009 -6.2876 -2.4443
v  -0.1050 -6.2779 -2.4426
v  -0.1496 -6.3077 -2.4306
v  -0.1563 -6.2998 -2.4276
v  -0.1946 -6.3369 -2.4107
v  -0.2021 -6.3306 -2.4067
v  -0.2392 -6.3684 -2.3809
v  -0.2322 -6.3763 -2.3838
v  -0.2636 -6.5441 -2.2696
v  -0.2652 -6.4591 -2.3275
v  0.0004 -6.2918 -2.4422
v  0.0004 -6.2772 -2.4516
v  -0.0472 -6.2936 -2.4402
v  -0.2372 -6.5633 -2.2566
v  -0.0885 -6.1100 -2.3950
v  -0.0909 -6.0965 -2.3924
v  -0.1604 -6.1303 -2.3811
v  -0.1642 -6.1177 -2.3783
v  -0.2288 -6.1634 -2.3586
v  -0.2349 -6.1519 -2.3550
v  -0.2882 -6.2079 -2.3283
v  -0.2964 -6.1969 -2.3234
v  -0.3348 -6.2605 -2.2925
v  -0.3431 -6.2500 -2.2876
v  -0.3646 -6.3108 -2.2576
v  -0.3734 -6.3038 -2.2514
v  -0.3820 -6.3647 -2.2214
v  -0.3919 -6.3590 -2.2135
v  -0.3883 -6.4229 -2.1817
v  -0.3982 -6.4180 -2.1727
v  -0.3776 -6.4964 -2.1318
v  -0.3871 -6.4936 -2.1217
v  -0.3530 -6.5556 -2.0915
v  -0.3618 -6.5538 -2.0812
v  -0.3135 -6.6115 -2.0534
v  -0.3223 -6.6102 -2.0422
v  -0.2598 -6.6608 -2.0199
v  -0.2671 -6.6610 -2.0076
v  -0.1945 -6.7001 -1.9931
v  -0.1981 -6.7025 -1.9792
v  -0.1249 -6.7264 -1.9752
v  -0.1286 -6.7286 -1.9617
v  -0.0696 -6.7386 -1.9668
v  -0.0701 -6.7412 -1.9533
v  -0.0921 -6.0858 -2.3853
v  -0.0921 -6.0364 -2.3126
v  -0.1662 -6.1072 -2.3711
v  -0.1662 -6.0576 -2.2982
v  -0.2381 -6.1420 -2.3474
v  -0.2380 -6.0923 -2.2745
v  -0.3003 -6.1877 -2.3152
v  -0.3003 -6.1385 -2.2430
v  -0.3471 -6.2408 -2.2795
v  -0.3471 -6.1914 -2.2069
v  -0.3782 -6.2961 -2.2422
v  -0.3782 -6.2465 -2.1694
v  -0.3969 -6.3522 -2.2037
v  -0.3968 -6.3028 -2.1311
v  -0.4031 -6.4116 -2.1624
v  -0.4031 -6.3626 -2.0904
v  -0.3919 -6.4883 -2.1110
v  -0.3918 -6.4388 -2.0384
v  -0.3663 -6.5489 -2.0702
v  -0.3662 -6.4993 -1.9973
v  -0.3266 -6.6056 -2.0309
v  -0.3266 -6.5563 -1.9585
v  -0.2707 -6.6572 -1.9958
v  -0.2707 -6.6079 -1.9233
v  -0.1998 -6.6997 -1.9668
v  -0.1998 -6.6504 -1.8944
v  -0.1305 -6.7258 -1.9492
v  -0.1304 -6.6764 -1.8767
v  -0.0703 -6.7386 -1.9407
v  -0.0703 -6.6891 -1.8680
v  0.0004 -6.1080 -2.4023
v  -0.0874 -6.1168 -2.3963
v  -0.1584 -6.1369 -2.3826
v  -0.2256 -6.1694 -2.3605
v  -0.2843 -6.2132 -2.3306
v  -0.3307 -6.2656 -2.2949
v  -0.3598 -6.3146 -2.2610
v  -0.3770 -6.3676 -2.2254
v  -0.3834 -6.4253 -2.1861
v  -0.3728 -6.4978 -2.1367
v  -0.3485 -6.5566 -2.0967
v  -0.3092 -6.6121 -2.0589
v  -0.2562 -6.6606 -2.0259
v  -0.1927 -6.6990 -1.9998
v  -0.1230 -6.7253 -1.9818
v  -0.0694 -6.7373 -1.9737
v  -0.0921 -6.0898 -2.3910
v  -0.1662 -6.1112 -2.3769
v  -0.2381 -6.1459 -2.3532
v  -0.3003 -6.1916 -2.3210
v  -0.3471 -6.2448 -2.2853
v  -0.3782 -6.3000 -2.2480
v  -0.3969 -6.3562 -2.2094
v  -0.4031 -6.4156 -2.1682
v  -0.3919 -6.4922 -2.1168
v  -0.3663 -6.5528 -2.0759
v  -0.3266 -6.6095 -2.0367
v  -0.2707 -6.6612 -2.0016
v  -0.1998 -6.7036 -1.9725
v  -0.1305 -6.7297 -1.9550
v  -0.0703 -6.7425 -1.9465
v  -0.2490 -6.5441 -2.2696
v  -0.2502 -6.5291 -2.2474
v  -0.2458 -6.5185 -2.2517
v  -0.2452 -6.4935 -2.2684
v  -0.2493 -6.4765 -2.2832
v  -0.2465 -6.4496 -2.2991
v  -0.2493 -6.4440 -2.3046
v  -0.2490 -6.4596 -2.3273
v  -0.2497 -6.4855 -2.2768
v  -0.2636 -6.4523 -2.3321
v  -0.2460 -6.4430 -2.3384
v  0.0004 -6.4521 -2.1741
v  0.0004 -6.6443 -2.0433
v  0.1016 -6.2371 -2.3210
v  0.1103 -6.4521 -2.1741
v  0.1103 -6.6363 -2.0487
v  0.2115 -6.3014 -2.2770
v  0.2663 -6.4522 -2.1740
v  0.2062 -6.5657 -2.0968
v  0.0004 -6.2292 -2.3264
v  -0.1009 -6.2371 -2.3210
v  -0.1096 -6.4521 -2.1741
v  -0.1096 -6.6362 -2.0488
v  -0.2107 -6.3014 -2.2771
v  -0.2656 -6.4521 -2.1742
v  -0.2055 -6.5656 -2.0969
v  -0.1270 -2.7167 6.2641
v  -0.1960 -2.7166 6.2641
v  -0.2123 -2.7166 6.2641
v  -0.1802 -2.7167 6.2641
v  -0.1536 -2.7167 6.2641
v  -0.0894 -2.7167 6.2641
v  -0.3108 -2.8602 4.2497
v  -0.3506 -2.8931 4.2577
v  -0.1907 -3.3381 4.3857
v  -0.1373 -2.7912 4.2340
v  -0.2859 -3.3017 4.3757
v  -0.3284 -3.2736 4.3678
v  -0.3650 -3.2390 4.3575
v  -0.3885 -3.2068 4.3475
v  -0.4081 -3.1674 4.3365
v  -0.4214 -3.1280 4.3240
v  -0.4279 -3.0899 4.3121
v  -0.2080 -2.8067 4.2377
v  -0.4291 -3.0629 4.3018
v  -0.4264 -3.0305 4.2929
v  -0.4169 -2.9969 4.2832
v  -0.2614 -2.8293 4.2426
v  -0.4016 -2.9614 4.2744
v  -0.3842 -2.9319 4.2672
v  -0.2397 -3.3231 4.3815
v  -0.1276 -3.3508 4.3896
v  -0.2394 -2.7341 5.2252
v  -0.2696 -2.7550 5.2304
v  -0.1558 -3.0961 5.3198
v  -0.1107 -2.6996 5.2164
v  -0.2301 -3.0730 5.3136
v  -0.2653 -3.0509 5.3080
v  -0.2940 -3.0220 5.3004
v  -0.3123 -2.9959 5.2931
v  -0.3274 -2.9650 5.2854
v  -0.3370 -2.9324 5.2761
v  -0.3399 -2.9018 5.2676
v  -0.1636 -2.7079 5.2187
v  -0.3385 -2.8797 5.2604
v  -0.3330 -2.8527 5.2539
v  -0.3233 -2.8280 5.2473
v  -0.2025 -2.7183 5.2213
v  -0.3104 -2.8035 5.2414
v  -0.2947 -2.7814 5.2366
v  -0.1937 -3.0870 5.3172
v  -0.1070 -3.1030 5.3222
v  -0.3064 -2.8259 4.7425
v  -0.1725 -3.2119 4.8500
v  -0.1222 -2.7515 4.7241
v  -0.2564 -3.1822 4.8418
v  -0.2948 -3.1575 4.8350
v  -0.3271 -3.1259 4.8261
v  -0.3478 -3.0973 4.8175
v  -0.3648 -3.0628 4.8082
v  -0.3761 -3.0273 4.7973
v  -0.3805 -2.9938 4.7872
v  -0.1829 -2.7636 4.7271
v  -0.3802 -2.9699 4.7785
v  -0.3751 -2.9405 4.7709
v  -0.3653 -2.9119 4.7629
v  -0.2285 -2.7786 4.7308
v  -0.3512 -2.8826 4.7558
v  -0.3347 -2.8575 4.7500
v  -0.2721 -2.8000 4.7361
v  -0.2156 -3.1995 4.8464
v  -0.1169 -3.2220 4.8533
v  -0.2389 -2.6804 5.7222
v  -0.1402 -2.9874 5.7952
v  -0.1008 -2.6376 5.7119
v  -0.2050 -2.9698 5.7910
v  -0.2369 -2.9505 5.7865
v  -0.2630 -2.9251 5.7804
v  -0.2801 -2.9015 5.7744
v  -0.2940 -2.8735 5.7682
v  -0.3029 -2.8419 5.7604
v  -0.3053 -2.8138 5.7537
v  -0.1470 -2.6427 5.7133
v  -0.3037 -2.7924 5.7478
v  -0.2980 -2.7667 5.7420
v  -0.2890 -2.7448 5.7366
v  -0.1802 -2.6505 5.7150
v  -0.2775 -2.7234 5.7316
v  -0.2621 -2.7028 5.7274
v  -0.2115 -2.6627 5.7178
v  -0.1730 -2.9808 5.7934
v  -0.0977 -2.9917 5.7967
v  -0.4066 -2.9545 3.5958
v  -0.2111 -3.5460 3.7219
v  -0.1603 -2.8234 3.5691
v  -0.3120 -3.5001 3.7121
v  -0.3590 -3.4695 3.7052
v  -0.4017 -3.4337 3.6967
v  -0.4326 -3.3992 3.6881
v  -0.4644 -3.3521 3.6787
v  -0.4888 -3.2976 3.6667
v  -0.5037 -3.2374 3.6541
v  -0.2396 -2.8469 3.5733
v  -0.5072 -3.1897 3.6423
v  -0.5023 -3.1381 3.6321
v  -0.4883 -3.0863 3.6211
v  -0.3037 -2.8772 3.5809
v  -0.4686 -3.0343 3.6112
v  -0.4449 -2.9973 3.6035
v  -0.3624 -2.9171 3.5893
v  -0.2627 -3.5257 3.7175
v  -0.1432 -3.5630 3.7261
v  -0.0158 -3.5826 2.5396
v  -0.0838 -3.5624 2.5360
v  -0.1135 -3.5437 2.5326
v  -0.1362 -3.5241 2.5291
v  -0.1614 -3.4916 2.5233
v  -0.1773 -3.4593 2.5175
v  -0.1851 -3.4228 2.5109
v  -0.1867 -3.3843 2.5040
v  -0.1862 -3.3420 2.4964
v  -0.2091 -3.3076 2.6521
v  -0.2091 -3.3572 2.6585
v  -0.2067 -3.3989 2.6602
v  -0.1949 -3.4436 2.6655
v  -0.1746 -3.4832 2.6742
v  -0.1503 -3.5127 2.6852
v  -0.1251 -3.5349 2.6892
v  -0.0960 -3.5537 2.6880
v  -0.0661 -3.5659 2.6924
v  -0.0377 -3.6046 2.6965
v  -0.5753 -3.3128 2.7130
v  -0.2381 -3.8413 2.7838
v  -0.3443 -3.7796 2.7850
v  -0.4974 -3.6212 2.7645
v  -0.5445 -3.5324 2.7482
v  -0.5732 -3.4235 2.7298
v  -0.5412 -3.1810 2.6926
v  -0.4828 -3.0787 2.6797
v  -0.4045 -2.9912 2.6551
v  -0.3253 -2.9303 2.6289
v  -0.0225 -3.9493 2.6048
v  -0.4346 -3.7003 2.7774
v  -0.2066 -3.3327 2.5142
v  -0.2066 -3.3824 2.5225
v  -0.2050 -3.4191 2.5304
v  -0.1946 -3.4620 2.5394
v  -0.1758 -3.5009 2.5466
v  -0.1502 -3.5336 2.5517
v  -0.1255 -3.5558 2.5549
v  -0.0929 -3.5762 2.5577
v  -0.0622 -3.5886 2.5595
v  -0.0354 -3.6256 2.5661
v  -0.4456 -2.9263 2.4104
v  -0.2500 -3.9938 2.5901
v  -0.3852 -3.9235 2.5793
v  -0.4500 -3.8738 2.5710
v  -0.5080 -3.8167 2.5608
v  -0.5542 -3.7606 2.5508
v  -0.6025 -3.6813 2.5386
v  -0.6425 -3.5872 2.5229
v  -0.6674 -3.4775 2.5051
v  -0.6729 -3.3880 2.4885
v  -0.6636 -3.2969 2.4735
v  -0.6396 -3.2076 2.4576
v  -0.6038 -3.1248 2.4439
v  -0.1634 -4.0163 2.5940
v  -0.5128 -2.9923 2.4213
v  -0.5697 -3.0668 2.4338
v  -0.1824 -2.7921 2.3881
v  -0.2850 -2.8243 2.3938
v  -0.3199 -3.9633 2.5853
v  -0.3689 -2.8692 2.4009
v  -0.0193 -3.9336 2.6026
v  -0.0160 -3.9134 2.5990
v  -0.0515 -3.8748 2.7675
v  -0.0382 -3.8492 2.7593
v  -0.0354 -3.9095 2.6185
v  -0.0433 -3.9340 2.6206
v  -0.0165 -3.2326 2.7529
v  -0.0154 -3.2394 2.7541
v  -0.0165 -3.2339 2.7460
v  -0.0326 -3.2358 2.7536
v  -0.0326 -3.2370 2.7468
v  -0.0305 -3.2424 2.7548
v  -0.0267 -3.4652 2.7941
v  -0.0252 -3.4584 2.7929
v  -0.0267 -3.4664 2.7872
v  -0.0506 -3.4567 2.7927
v  -0.0479 -3.4504 2.7916
v  -0.0506 -3.4579 2.7858
v  -0.0702 -3.4451 2.7911
v  -0.0663 -3.4393 2.7901
v  -0.0702 -3.4463 2.7842
v  -0.0896 -3.4279 2.7876
v  -0.0846 -3.4230 2.7866
v  -0.0896 -3.4291 2.7806
v  -0.1034 -3.4092 2.7839
v  -0.0977 -3.4053 2.7833
v  -0.1034 -3.4104 2.7771
v  -0.1140 -3.3861 2.7803
v  -0.1075 -3.3835 2.7798
v  -0.1140 -3.3874 2.7734
v  -0.1189 -3.3628 2.7761
v  -0.1120 -3.3615 2.7759
v  -0.1189 -3.3640 2.7692
v  -0.1196 -3.3379 2.7712
v  -0.1126 -3.3381 2.7713
v  -0.1196 -3.3392 2.7643
v  -0.1133 -3.3116 2.7670
v  -0.1065 -3.3133 2.7673
v  -0.1133 -3.3128 2.7601
v  -0.1044 -3.2914 2.7632
v  -0.0981 -3.2943 2.7637
v  -0.1044 -3.2926 2.7563
v  -0.0897 -3.2715 2.7601
v  -0.0842 -3.2757 2.7608
v  -0.0897 -3.2727 2.7532
v  -0.0741 -3.2565 2.7570
v  -0.0695 -3.2617 2.7580
v  -0.0741 -3.2577 2.7501
v  -0.0543 -3.2443 2.7550
v  -0.0509 -3.2503 2.7560
v  -0.0543 -3.2455 2.7481
v  -0.0573 -3.1990 2.4712
v  -0.0291 -3.1922 2.4701
v  -0.1877 -3.3013 2.4892
v  -0.1584 -3.2662 2.4829
v  -0.1263 -3.2357 2.4775
v  -0.0878 -3.2129 2.4736
v  -0.4580 -2.9398 2.1443
v  -0.5252 -3.0077 2.1565
v  -0.5824 -3.0838 2.1701
v  -0.2505 -4.0791 2.3487
v  -0.1784 -2.7950 2.1184
v  -0.2810 -2.8244 2.1236
v  -0.3971 -4.0024 2.3349
v  -0.3267 -4.0464 2.3428
v  -0.4671 -3.9504 2.3260
v  -0.5282 -3.8894 2.3154
v  -0.5723 -3.8244 2.3030
v  -0.6199 -3.7450 2.2888
v  -0.6617 -3.6383 2.2696
v  -0.6863 -3.5177 2.2480
v  -0.3746 -2.8739 2.1325
v  -0.6909 -3.4236 2.2311
v  -0.6801 -3.3288 2.2141
v  -0.6552 -3.2315 2.1967
v  -0.6189 -3.1482 2.1817
v  -0.1596 -4.1015 2.3527
v  -0.2077 -2.5993 6.2337
v  -0.2035 -2.6034 6.2410
v  -0.1811 -2.5902 6.2387
v  -0.2286 -2.6174 6.2371
v  -0.2232 -2.6204 6.2442
v  -0.0850 -2.8821 6.2842
v  -0.1229 -2.8725 6.2891
v  -0.1203 -2.8803 6.2840
v  -0.0895 -2.5677 6.2275
v  -0.0881 -2.5729 6.2352
v  -0.1301 -2.5703 6.2279
v  -0.1291 -2.5755 6.2356
v  -0.1511 -2.8754 6.2833
v  -0.1516 -2.8675 6.2883
v  -0.1790 -2.8580 6.2870
v  -0.1805 -2.8659 6.2820
v  -0.2062 -2.8417 6.2843
v  -0.2095 -2.8491 6.2793
v  -0.2292 -2.8199 6.2802
v  -0.2337 -2.8263 6.2750
v  -0.2473 -2.7941 6.2755
v  -0.2528 -2.7999 6.2700
v  -0.2588 -2.7687 6.2707
v  -0.2643 -2.7743 6.2653
v  -0.2648 -2.7416 6.2661
v  -0.2713 -2.7454 6.2604
v  -0.2661 -2.7197 6.2620
v  -0.2729 -2.7226 6.2560
v  -0.1575 -2.5757 6.2290
v  -0.1557 -2.5807 6.2367
v  -0.2638 -2.6977 6.2579
v  -0.2703 -2.6984 6.2517
v  -0.2583 -2.6764 6.2540
v  -0.2642 -2.6749 6.2473
v  -0.2497 -2.6577 6.2510
v  -0.2557 -2.6554 6.2439
v  -0.1838 -2.5852 6.2311
v  -0.2379 -2.6385 6.2477
v  -0.2438 -2.6361 6.2409
v  -0.0871 -2.8746 6.2894
v  -0.1277 -2.5847 6.2404
v  -0.1276 -2.5917 6.2417
v  -0.1529 -2.5898 6.2413
v  -0.1530 -2.5967 6.2426
v  -0.1974 -2.6109 6.2451
v  -0.1959 -2.6173 6.2463
v  -0.2154 -2.6263 6.2479
v  -0.2122 -2.6321 6.2489
v  -0.2293 -2.6433 6.2510
v  -0.2248 -2.6483 6.2518
v  -0.2409 -2.6623 6.2544
v  -0.2357 -2.6665 6.2551
v  -0.1768 -2.5989 6.2430
v  -0.1770 -2.6059 6.2442
v  -0.0866 -2.5823 6.2400
v  -0.0867 -2.5893 6.2412
v  -0.1512 -2.8568 6.2893
v  -0.1514 -2.8500 6.2880
v  -0.1252 -2.8618 6.2901
v  -0.1252 -2.8549 6.2889
v  -0.2220 -2.8122 6.2812
v  -0.2168 -2.8073 6.2804
v  -0.2009 -2.8324 6.2849
v  -0.1982 -2.8263 6.2838
v  -0.2392 -2.7875 6.2768
v  -0.2326 -2.7848 6.2763
v  -0.1762 -2.8409 6.2864
v  -0.1760 -2.8478 6.2876
v  -0.0890 -2.8573 6.2893
v  -0.0890 -2.8642 6.2906
v  -0.2492 -2.6797 6.2575
v  -0.2427 -2.6848 6.2584
v  -0.2538 -2.6983 6.2608
v  -0.2472 -2.7015 6.2614
v  -0.2560 -2.7176 6.2643
v  -0.2491 -2.7169 6.2641
v  -0.2549 -2.7382 6.2680
v  -0.2477 -2.7380 6.2679
v  -0.2503 -2.7628 6.2724
v  -0.2441 -2.7601 6.2719
v  -0.2099 -2.5984 6.2233
v  -0.2103 -2.5996 6.2163
v  -0.1855 -2.5849 6.2136
v  -0.2316 -2.6173 6.2270
v  -0.2320 -2.6185 6.2200
v  -0.0829 -2.8869 6.2751
v  -0.1173 -2.8853 6.2748
v  -0.1177 -2.8868 6.2679
v  -0.0908 -2.5667 6.2171
v  -0.0910 -2.5677 6.2101
v  -0.1306 -2.5695 6.2177
v  -0.1308 -2.5705 6.2108
v  -0.1497 -2.8809 6.2741
v  -0.1500 -2.8823 6.2672
v  -0.1809 -2.8728 6.2656
v  -0.1806 -2.8714 6.2726
v  -0.2106 -2.8544 6.2700
v  -0.2110 -2.8558 6.2629
v  -0.2358 -2.8312 6.2658
v  -0.2362 -2.8325 6.2588
v  -0.2549 -2.8045 6.2605
v  -0.2552 -2.8059 6.2535
v  -0.2668 -2.7795 6.2563
v  -0.2671 -2.7809 6.2494
v  -0.2744 -2.7492 6.2512
v  -0.2748 -2.7505 6.2443
v  -0.2762 -2.7261 6.2466
v  -0.2766 -2.7274 6.2397
v  -0.1584 -2.5746 6.2187
v  -0.1587 -2.5757 6.2118
v  -0.2739 -2.7001 6.2423
v  -0.2743 -2.7014 6.2354
v  -0.2672 -2.6750 6.2375
v  -0.2676 -2.6763 6.2305
v  -0.2585 -2.6552 6.2338
v  -0.2589 -2.6565 6.2268
v  -0.1851 -2.5838 6.2206
v  -0.2470 -2.6362 6.2311
v  -0.2475 -2.6374 6.2241
v  -0.0831 -2.8883 6.2682
v  -0.0170 -3.2769 2.5088
v  -0.0175 -3.2752 2.5012
v  -0.0346 -3.2788 2.5018
v  -0.0335 -3.2805 2.5093
v  -0.0254 -3.5083 2.5504
v  -0.0269 -3.5127 2.5438
v  -0.0495 -3.5004 2.5488
v  -0.0518 -3.5039 2.5424
v  -0.0714 -3.4877 2.5460
v  -0.0726 -3.4922 2.5399
v  -0.0898 -3.4707 2.5434
v  -0.0924 -3.4736 2.5369
v  -0.1035 -3.4520 2.5394
v  -0.1061 -3.4543 2.5335
v  -0.1139 -3.4282 2.5361
v  -0.1168 -3.4301 2.5291
v  -0.1189 -3.4049 2.5314
v  -0.1219 -3.4065 2.5247
v  -0.1189 -3.3819 2.5274
v  -0.1220 -3.3829 2.5204
v  -0.1132 -3.3554 2.5228
v  -0.1159 -3.3557 2.5160
v  -0.1044 -3.3360 2.5194
v  -0.1067 -3.3356 2.5124
v  -0.0897 -3.3154 2.5156
v  -0.0921 -3.3153 2.5088
v  -0.0737 -3.3008 2.5127
v  -0.0758 -3.2995 2.5054
v  -0.0550 -3.2893 2.5110
v  -0.0568 -3.2878 2.5035
v  -0.0425 -3.2625 2.4822
v  -0.0400 -3.2687 2.4860
v  -0.0203 -3.2641 2.4853
v  -0.0216 -3.2577 2.4813
v  -0.0320 -3.5278 2.5325
v  -0.0326 -3.5354 2.5313
v  -0.0603 -3.5177 2.5310
v  -0.0639 -3.5243 2.5291
v  -0.0829 -3.5038 2.5284
v  -0.0877 -3.5097 2.5265
v  -0.1034 -3.4851 2.5249
v  -0.1085 -3.4908 2.5231
v  -0.1196 -3.4625 2.5205
v  -0.1261 -3.4666 2.5188
v  -0.1315 -3.4349 2.5154
v  -0.1384 -3.4378 2.5136
v  -0.1360 -3.4097 2.5111
v  -0.1430 -3.4113 2.5089
v  -0.1359 -3.3813 2.5059
v  -0.1432 -3.3811 2.5034
v  -0.1287 -3.3534 2.5013
v  -0.1355 -3.3513 2.4983
v  -0.1184 -3.3309 2.4972
v  -0.1249 -3.3283 2.4940
v  -0.1036 -3.3098 2.4933
v  -0.1095 -3.3064 2.4900
v  -0.0842 -3.2915 2.4900
v  -0.0885 -3.2866 2.4861
v  -0.0628 -3.2782 2.4878
v  -0.0661 -3.2723 2.4839
v  -0.0483 -3.5762 2.5385
v  -0.0390 -3.6089 2.5658
v  -0.0480 -3.5966 2.5636
v  -0.0412 -3.5875 2.6945
v  -0.0507 -3.5746 2.6932
v  -0.2104 -2.9312 2.6487
v  -0.2067 -2.9186 2.4401
v  -0.1869 -2.9214 2.4210
v  -0.1114 -2.9006 2.4172
v  -0.2034 -3.3365 2.5045
v  -0.1966 -3.3396 2.4986
v  -0.1967 -3.3844 2.5067
v  -0.2034 -3.3838 2.5129
v  -0.1954 -3.4227 2.5139
v  -0.2020 -3.4215 2.5205
v  -0.1866 -3.4620 2.5215
v  -0.1925 -3.4630 2.5289
v  -0.1697 -3.4973 2.5278
v  -0.1745 -3.5004 2.5357
v  -0.1433 -3.5303 2.5331
v  -0.1483 -3.5336 2.5409
v  -0.1197 -3.5514 2.5370
v  -0.1238 -3.5553 2.5445
v  -0.0885 -3.5706 2.5403
v  -0.0915 -3.5752 2.5476
v  -0.0360 -3.5862 2.5420
v  -0.0511 -3.5886 2.5474
v  -0.0325 -3.9109 2.6081
v  -0.0259 -3.9123 2.6017
v  -0.0296 -3.9329 2.6050
v  -0.0375 -3.9324 2.6113
v  -0.0539 -3.9515 2.6124
v  -0.0376 -3.9493 2.6068
v  -0.0619 -3.5852 2.5469
v  -0.0568 -3.5820 2.5413
v  -0.0297 -3.6163 2.5518
v  -0.0233 -3.6005 2.5435
v  -0.0421 -3.5942 2.5491
v  -0.0299 -3.5894 2.5435
v  -0.0343 -3.6047 2.5515
v  -0.0253 -3.5944 2.5435
v  -0.0209 -3.9403 2.6038
v  -0.0560 -3.9458 2.6207
v  -0.0660 -3.8834 2.7680
v  -0.0448 -3.9432 2.6124
v  -0.0335 -3.9406 2.6062
v  -0.0244 -3.9577 2.6023
v  -0.0426 -3.9571 2.6046
v  -0.0594 -3.9554 2.6108
v  -0.1974 -2.9210 2.4240
v  -0.2048 -2.9198 2.4322
v  -0.1967 -3.3067 2.4927
v  -0.2035 -3.3166 2.5010
v  -0.2193 -2.8762 2.4142
v  -0.2357 -2.8764 2.4193
v  -0.2213 -2.9057 2.6286
v  -0.2400 -2.8938 2.6075
v  -0.2107 -2.9006 2.4338
v  -0.2237 -2.8851 2.4292
v  -0.1979 -2.8867 2.4147
v  -0.1998 -2.9016 2.4195
v  -0.2081 -2.8870 2.4166
v  -0.2073 -2.9018 2.4261
v  -0.2170 -2.8857 2.4206
v  -0.1146 -2.8870 2.4148
v  -0.1903 -2.9015 2.4174
v  -0.1185 -2.8728 2.4122
v  -0.1220 -2.8580 2.4096
v  -0.2072 -2.8767 2.4129
v  -0.2246 -2.8691 2.4080
v  -0.2405 -2.8736 2.4145
v  -0.2105 -2.8658 2.4065
v  -0.1254 -2.8475 2.4031
v  -0.1457 -3.8725 2.7762
v  -0.0806 -3.8854 2.7676
v  -0.0875 -3.8844 2.7687
v  -0.0775 -3.9508 2.6208
v  -0.0831 -3.9523 2.6169
v  -0.0656 -3.9576 2.6078
v  -0.0718 -3.9586 2.6047
v  -0.0464 -3.9613 2.6010
v  -0.0555 -3.9634 2.5963
v  -0.0243 -3.9649 2.5952
v  -0.0218 -3.9689 2.5870
v  -0.2667 -2.8967 2.6059
v  -0.2727 -2.8994 2.6082
v  -0.2611 -2.8814 2.4291
v  -0.2654 -2.8829 2.4238
v  -0.2298 -2.8671 2.3988
v  -0.2283 -2.8661 2.3920
v  -0.2131 -2.8615 2.3949
v  -0.2140 -2.8612 2.3880
v  -0.2456 -2.8736 2.4083
v  -0.2510 -2.8754 2.4040
v  -0.1281 -2.8426 2.3914
v  -0.1286 -2.8421 2.3843
v  -0.2529 -2.8928 2.6044
v  -0.2404 -2.8786 2.4276
v  -0.0351 -2.7168 6.2641
v  -0.0338 -2.5880 6.2410
v  -0.0350 -2.8598 6.2898
v  -0.0355 -2.5672 6.2272
v  -0.0346 -2.5721 6.2348
v  -0.0340 -2.8831 6.2837
v  -0.0345 -2.8763 6.2890
v  -0.0399 -2.6351 5.7116
v  -0.0365 -2.5672 6.2101
v  -0.0334 -2.8887 6.2680
v  -0.0384 -2.9938 5.7972
v  -0.0636 -2.8095 3.5674
v  -0.0541 -2.7813 4.2326
v  -0.0574 -3.5730 3.7280
v  -0.0510 -3.3630 4.3928
v  -0.0483 -2.7448 4.7230
v  -0.0436 -2.6950 5.2157
v  -0.0459 -3.2276 4.8547
v  -0.0421 -3.1068 5.3232
v  -0.0677 -2.7769 2.3854
v  -0.0643 -4.0284 2.5948
v  -0.0708 -2.7801 2.1156
v  -0.0611 -4.1163 2.3557
v  -0.0364 -2.5662 6.2170
v  -0.0337 -2.5810 6.2397
v  -0.0334 -2.8872 6.2748
v  -0.0350 -2.8667 6.2908
v  -0.6321 -3.4817 2.3648
v  -0.6345 -3.4836 2.3585
v  -0.6308 -3.4806 2.3716
v  -0.6293 -3.3438 2.3401
v  -0.6281 -3.3432 2.3470
v  -0.6322 -3.3442 2.3322
v  -0.2969 -3.9320 2.5239
v  -0.2973 -3.9357 2.5180
v  -0.2954 -3.9296 2.5303
v  -0.4086 -3.8675 2.4880
v  -0.4072 -3.8655 2.4946
v  -0.4107 -3.8699 2.4816
v  -0.4926 -3.7941 2.4508
v  -0.4913 -3.7921 2.4574
v  -0.4945 -3.7977 2.4439
v  -0.5591 -3.7056 2.4172
v  -0.5617 -3.7072 2.4109
v  -0.5574 -3.7038 2.4238
v  -0.6053 -3.6023 2.3908
v  -0.6040 -3.6009 2.3975
v  -0.6079 -3.6039 2.3845
v  -0.5990 -3.2254 2.3228
v  -0.5974 -3.2248 2.3296
v  -0.6013 -3.2257 2.3162
v  -0.5347 -3.1014 2.3161
v  -0.5336 -3.1010 2.3230
v  -0.5367 -3.1010 2.3096
v  -0.4528 -3.0026 2.3194
v  -0.4518 -3.0024 2.3263
v  -0.4552 -3.0017 2.3137
v  -0.3361 -2.9124 2.3332
v  -0.3364 -2.9132 2.3401
v  -0.3368 -2.9111 2.3260
v  -0.1305 -2.8403 2.3552
v  -0.1300 -2.8408 2.3622
v  -0.1308 -2.8388 2.3467
v  -0.2189 -2.8598 2.3501
v  -0.2213 -2.8586 2.3398
v  -0.2192 -2.8605 2.3579
v  -0.1662 -3.9681 2.5539
v  -0.1669 -3.9724 2.5466
v  -0.1654 -3.9653 2.5604
v  -0.5201 -3.0106 2.1582
v  -0.4539 -2.9437 2.1472
v  -0.5765 -3.0853 2.1715
v  -0.0689 -2.7856 2.1184
v  -0.2493 -4.0729 2.3494
v  -0.1762 -2.8001 2.1216
v  -0.2781 -2.8297 2.1260
v  -0.3241 -4.0406 2.3432
v  -0.3934 -3.9971 2.3360
v  -0.4618 -3.9443 2.3254
v  -0.5224 -3.8835 2.3140
v  -0.5678 -3.8204 2.3033
v  -0.6138 -3.7413 2.2891
v  -0.6560 -3.6355 2.2701
v  -0.6801 -3.5169 2.2491
v  -0.3710 -2.8787 2.1348
v  -0.6844 -3.4225 2.2320
v  -0.6738 -3.3298 2.2155
v  -0.6481 -3.2319 2.1977
v  -0.6128 -3.1508 2.1837
v  -0.0608 -4.1083 2.3549
v  -0.1585 -4.0950 2.3538
v  -0.4653 -2.9314 2.1455
v  -0.5337 -3.0013 2.1586
v  -0.5922 -3.0795 2.1726
v  -0.0710 -2.7684 2.1173
v  -0.2546 -4.0882 2.3535
v  -0.1808 -2.7841 2.1192
v  -0.2847 -2.8142 2.1253
v  -0.4036 -4.0102 2.3393
v  -0.3320 -4.0548 2.3476
v  -0.4733 -3.9560 2.3312
v  -0.5348 -3.8935 2.3207
v  -0.5800 -3.8307 2.3076
v  -0.6277 -3.7510 2.2938
v  -0.6713 -3.6416 2.2736
v  -0.6964 -3.5206 2.2515
v  -0.3801 -2.8645 2.1343
v  -0.7010 -3.4233 2.2341
v  -0.6903 -3.3264 2.2167
v  -0.6648 -3.2289 2.1996
v  -0.6283 -3.1434 2.1840
v  -0.0631 -4.1245 2.3617
v  -0.1624 -4.1113 2.3576
v  -0.4714 -2.9207 2.1656
v  -0.5409 -2.9930 2.1782
v  -0.5401 -2.9930 2.1851
v  -0.6008 -3.0732 2.1923
v  -0.5999 -3.0731 2.1992
v  -0.0719 -2.7572 2.1374
v  -0.0718 -2.7578 2.1443
v  -0.2607 -4.0912 2.3755
v  -0.2605 -4.0884 2.3818
v  -0.1664 -4.1124 2.3872
v  -0.1821 -2.7718 2.1461
v  -0.1821 -2.7713 2.1389
v  -0.2867 -2.8028 2.1449
v  -0.2867 -2.8034 2.1519
v  -0.4097 -4.0131 2.3612
v  -0.3379 -4.0576 2.3691
v  -0.3374 -4.0548 2.3755
v  -0.4090 -4.0104 2.3678
v  -0.4791 -3.9568 2.3510
v  -0.4782 -3.9543 2.3576
v  -0.5407 -3.8924 2.3393
v  -0.5398 -3.8902 2.3459
v  -0.5860 -3.8336 2.3287
v  -0.5851 -3.8314 2.3353
v  -0.6325 -3.7550 2.3154
v  -0.6316 -3.7528 2.3220
v  -0.6795 -3.6414 2.2940
v  -0.6785 -3.6398 2.3008
v  -0.7053 -3.5203 2.2712
v  -0.7043 -3.5191 2.2780
v  -0.3838 -2.8538 2.1539
v  -0.3834 -2.8542 2.1609
v  -0.7101 -3.4197 2.2532
v  -0.7090 -3.4188 2.2601
v  -0.6991 -3.3217 2.2364
v  -0.6980 -3.3210 2.2433
v  -0.6730 -3.2235 2.2186
v  -0.6721 -3.2230 2.2255
v  -0.4706 -2.9208 2.1728
v  -0.6367 -3.1370 2.2035
v  -0.6357 -3.1367 2.2104
v  -0.0671 -4.1269 2.3827
v  -0.0670 -4.1240 2.3890
v  -0.1665 -4.1154 2.3807
v  -0.5397 -2.9955 2.1668
v  -0.5992 -3.0752 2.1810
v  -0.0717 -2.7596 2.1256
v  -0.2588 -4.0930 2.3638
v  -0.1652 -4.1170 2.3685
v  -0.1821 -2.7746 2.1271
v  -0.2867 -2.8056 2.1334
v  -0.3364 -4.0592 2.3577
v  -0.4086 -4.0145 2.3494
v  -0.4779 -3.9584 2.3405
v  -0.5396 -3.8946 2.3295
v  -0.5853 -3.8342 2.3174
v  -0.6324 -3.7550 2.3038
v  -0.6780 -3.6426 2.2829
v  -0.7037 -3.5212 2.2603
v  -0.3835 -2.8565 2.1425
v  -0.7084 -3.4217 2.2424
v  -0.6977 -3.3237 2.2252
v  -0.6717 -3.2256 2.2078
v  -0.4707 -2.9236 2.1536
v  -0.6352 -3.1391 2.1923
v  -0.0656 -4.1286 2.3718
v  -0.4947 -3.3488 3.1025
v  -0.4966 -3.2573 3.0828
v  -0.4693 -3.1529 3.0613
v  -0.4071 -3.0327 3.2774
v  -0.3394 -2.9684 3.2165
v  -0.2821 -2.9506 3.0190
v  -0.2577 -2.9382 3.0157
v  -0.2438 -2.9615 3.0186
v  -0.2400 -3.2411 3.0630
v  -0.2400 -3.2963 3.0718
v  -0.2345 -3.3450 3.0793
v  -0.2213 -3.3938 3.0863
v  -0.1940 -3.4376 3.0919
v  -0.1650 -3.4706 3.0956
v  -0.1371 -3.4940 3.0978
v  -0.1060 -3.5125 3.0991
v  -0.0721 -3.5309 3.1002
v  -0.0744 -3.6971 3.2141
v  -0.1230 -3.6930 3.2168
v  -0.1894 -3.6737 3.2256
v  -0.2756 -3.6268 3.2453
v  -0.3513 -3.5692 3.2510
v  -0.4238 -3.5158 3.1290
v  -0.4699 -3.4334 3.1178
v  -0.4484 -2.9462 2.1612
v  -0.5149 -3.0120 2.1646
v  -0.5127 -3.0126 2.1724
v  -0.5703 -3.0852 2.1774
v  -0.5686 -3.0860 2.1841
v  -0.0688 -2.7893 2.1247
v  -0.0667 -2.7905 2.1312
v  -0.2492 -4.0670 2.3541
v  -0.2508 -4.0629 2.3595
v  -0.1581 -4.0891 2.3599
v  -0.1742 -2.8030 2.1285
v  -0.1729 -2.8041 2.1350
v  -0.2753 -2.8333 2.1334
v  -0.2735 -2.8341 2.1401
v  -0.3892 -3.9892 2.3473
v  -0.3225 -4.0351 2.3480
v  -0.3205 -4.0318 2.3548
v  -0.3903 -3.9924 2.3415
v  -0.4575 -3.9380 2.3317
v  -0.4579 -3.9327 2.3380
v  -0.5172 -3.8760 2.3201
v  -0.5161 -3.8723 2.3260
v  -0.5635 -3.8151 2.3089
v  -0.5603 -3.8143 2.3151
v  -0.6084 -3.7364 2.2961
v  -0.6059 -3.7348 2.3024
v  -0.6506 -3.6314 2.2758
v  -0.6481 -3.6298 2.2821
v  -0.6747 -3.5143 2.2550
v  -0.6722 -3.5125 2.2613
v  -0.3674 -2.8819 2.1426
v  -0.3629 -2.8811 2.1502
v  -0.6783 -3.4200 2.2382
v  -0.6758 -3.4159 2.2433
v  -0.6679 -3.3298 2.2228
v  -0.6658 -3.3307 2.2294
v  -0.6412 -3.2303 2.2047
v  -0.6388 -3.2300 2.2113
v  -0.4503 -2.9458 2.1548
v  -0.6074 -3.1521 2.1920
v  -0.6041 -3.1496 2.1976
v  -0.1583 -4.0855 2.3657
v  -0.0608 -4.1001 2.3620
v  -0.0590 -4.0966 2.3679
v  -0.5013 -2.9909 2.5247
v  -0.4397 -2.9754 3.1526
v  -0.5564 -3.0623 2.5367
v  -0.4849 -3.0284 3.1621
v  -0.0651 -2.7826 2.4752
v  -0.0670 -2.8102 3.1557
v  -0.2215 -3.7033 3.2906
v  -0.2453 -3.9510 2.6884
v  -0.1752 -2.8250 3.1222
v  -0.1797 -2.7984 2.4920
v  -0.2795 -2.8297 2.4976
v  -0.2520 -2.8498 3.1283
v  -0.3132 -3.9216 2.6837
v  -0.2787 -3.6800 3.2863
v  -0.3332 -3.6504 3.2812
v  -0.3768 -3.8835 2.6780
v  -0.3863 -3.6137 3.2741
v  -0.4398 -3.8358 2.6698
v  -0.4348 -3.5716 3.2657
v  -0.4966 -3.7812 2.6601
v  -0.4720 -3.5310 3.2572
v  -0.5411 -3.7271 2.6502
v  -0.5110 -3.4737 3.2476
v  -0.5883 -3.6514 2.6385
v  -0.5422 -3.4055 3.2346
v  -0.6273 -3.5613 2.6233
v  -0.5612 -3.3274 3.2203
v  -0.6517 -3.4562 2.6061
v  -0.3613 -2.8731 2.5047
v  -0.3221 -2.8849 3.1360
v  -0.5657 -3.2646 3.2068
v  -0.6572 -3.3706 2.5900
v  -0.5590 -3.1988 3.1948
v  -0.6482 -3.2831 2.5754
v  -0.5409 -3.1336 3.1821
v  -0.6247 -3.1975 2.5599
v  -0.4361 -2.9282 2.5141
v  -0.3872 -2.9290 3.1445
v  -0.5126 -3.0721 3.1706
v  -0.5899 -3.1179 2.5466
v  -0.0635 -3.9847 2.6932
v  -0.0591 -3.7325 3.2959
v  -0.1484 -3.7220 3.2945
v  -0.1609 -3.9729 2.6923
v  -0.4687 -2.9848 2.8386
v  -0.5189 -3.0466 2.8493
v  -0.2322 -3.8239 2.9881
v  -0.1920 -2.8187 2.8094
v  -0.2644 -2.8431 2.8128
v  -0.2944 -3.7978 2.9837
v  -0.3531 -3.7642 2.9784
v  -0.4109 -3.7223 2.9709
v  -0.4637 -3.6747 2.9621
v  -0.5046 -3.6277 2.9531
v  -0.5479 -3.5616 2.9426
v  -0.5833 -3.4829 2.9286
v  -0.6053 -3.3917 2.9130
v  -0.3400 -2.8821 2.8199
v  -0.6103 -3.3177 2.8982
v  -0.6022 -3.2412 2.8850
v  -0.5814 -3.1661 2.8709
v  -0.4094 -2.9313 2.8291
v  -0.5499 -3.0957 2.8585
v  -0.0611 -3.8551 2.9931
v  -0.1540 -3.8440 2.9920
v  -0.4834 -2.9883 2.6914
v  -0.5360 -3.0543 2.7029
v  -0.1570 -3.9030 2.8516
v  -0.1928 -2.8116 2.6564
v  -0.2712 -2.8374 2.6651
v  -0.3026 -3.8546 2.8432
v  -0.3493 -2.8788 2.6730
v  -0.0621 -3.9144 2.8526
v  -0.4214 -2.9305 2.6816
v  -0.2379 -3.8821 2.8478
v  -0.3634 -3.8189 2.8377
v  -0.4238 -3.7746 2.8300
v  -0.4784 -3.7238 2.8207
v  -0.5217 -3.6742 2.8116
v  -0.5668 -3.6036 2.8005
v  -0.6039 -3.5195 2.7859
v  -0.6270 -3.4219 2.7695
v  -0.6322 -3.3424 2.7540
v  -0.6237 -3.2608 2.7402
v  -0.6013 -3.1809 2.7253
v  -0.5681 -3.1064 2.7125
v  -0.3963 -2.9306 3.0081
v  -0.2259 -3.7546 3.1605
v  -0.3413 -3.6987 3.1509
v  -0.3966 -3.6601 3.1437
v  -0.4469 -3.6156 3.1351
v  -0.4857 -3.5723 3.1264
v  -0.5266 -3.5114 3.1163
v  -0.5597 -3.4387 3.1029
v  -0.5800 -3.3551 3.0880
v  -0.5847 -3.2875 3.0738
v  -0.5771 -3.2172 3.0612
v  -0.5580 -3.1478 3.0478
v  -0.5285 -3.0824 3.0359
v  -0.4518 -2.9799 3.0169
v  -0.4992 -3.0366 3.0270
v  -0.1507 -3.7738 3.1644
v  -0.1855 -2.8240 2.9888
v  -0.2571 -2.8475 2.9918
v  -0.2852 -3.7301 3.1561
v  -0.3295 -2.8843 2.9989
v  -0.0599 -3.7846 3.1656
v  -0.1244 -2.8095 2.8083
v  -0.0962 -2.8149 3.0642
v  -0.0528 -2.8124 3.0979
v  -0.0656 -2.7902 2.5502
v  -0.1070 -2.7967 2.5947
v  -0.1236 -2.8033 2.6604
v  -0.1251 -2.8153 2.9848
v  -0.0262 -2.8118 3.1067
v  -0.1165 -2.8167 3.0271
v  -0.0737 -2.8138 3.0849
v  -0.0326 -2.7877 2.5350
v  -0.0884 -2.7934 2.5695
v  -0.1184 -2.8006 2.6236
v  -0.5221 -3.2552 3.0769
v  -0.5168 -3.2508 3.1069
v  -0.5227 -3.2558 3.0732
v  -0.5191 -3.3541 3.0921
v  -0.5196 -3.3548 3.0888
v  -0.5143 -3.3495 3.1179
v  -0.2936 -3.6649 3.1264
v  -0.2927 -3.6630 3.1326
v  -0.2936 -3.6654 3.1254
v  -0.2022 -3.7089 3.1275
v  -0.2020 -3.7091 3.1271
v  -0.2019 -3.7082 3.1295
v  -0.4420 -3.5333 3.1152
v  -0.4393 -3.5284 3.1344
v  -0.4422 -3.5339 3.1129
v  -0.3733 -3.6067 3.1222
v  -0.3735 -3.6071 3.1207
v  -0.3716 -3.6038 3.1324
v  -0.4920 -3.4472 3.1050
v  -0.4880 -3.4411 3.1322
v  -0.4923 -3.4481 3.1021
v  -0.4929 -3.1439 3.0583
v  -0.4886 -3.1451 3.0611
v  -0.4925 -3.1446 3.0539
v  -0.4391 -3.0561 3.0399
v  -0.4350 -3.0534 3.0686
v  -0.4393 -3.0562 3.0368
v  -0.3652 -2.9814 3.0233
v  -0.3624 -2.9801 3.0436
v  -0.3652 -2.9813 3.0207
v  -0.2978 -2.9281 3.0162
v  -0.2938 -2.9338 3.0169
v  -0.2979 -2.9288 3.0092
v  -0.2130 -3.2950 3.0702
v  -0.2200 -3.2953 3.0706
v  -0.2130 -3.2960 3.0632
v  -0.2130 -3.2412 3.0616
v  -0.2129 -3.2423 3.0547
v  -0.2200 -3.2412 3.0619
v  -0.2077 -3.3422 3.0774
v  -0.2146 -3.3429 3.0779
v  -0.2077 -3.3431 3.0705
v  -0.1952 -3.3812 3.0829
v  -0.2014 -3.3842 3.0838
v  -0.1952 -3.3822 3.0760
v  -0.1719 -3.4223 3.0882
v  -0.1776 -3.4262 3.0892
v  -0.1719 -3.4233 3.0813
v  -0.1461 -3.4516 3.0915
v  -0.1510 -3.4565 3.0926
v  -0.1462 -3.4527 3.0846
v  -0.1215 -3.4723 3.0935
v  -0.1255 -3.4779 3.0946
v  -0.1215 -3.4734 3.0866
v  -0.0938 -3.4888 3.0946
v  -0.0969 -3.4949 3.0958
v  -0.0938 -3.4899 3.0877
v  -0.0674 -3.5001 3.0950
v  -0.0685 -3.5070 3.0961
v  -0.0674 -3.5013 3.0881
v  -0.0445 -3.5204 3.0970
v  -0.0510 -3.5229 3.0977
v  -0.0445 -3.5216 3.0901
v  -0.0535 -3.5085 3.0956
v  -0.0535 -3.5097 3.0887
v  -0.0580 -3.5139 3.0967
v  -0.0462 -3.7053 3.1218
v  -0.0484 -3.7049 3.1368
v  -0.0464 -3.7071 3.1194
v  -0.0404 -3.5358 3.0992
v  -0.0403 -3.5369 3.0923
v  -0.0473 -3.5347 3.0994
v  -0.0628 -3.7293 3.1216
v  -0.0625 -3.7300 3.1194
v  -0.0636 -3.7294 3.1225
v  -0.1323 -3.7274 3.1263
v  -0.1322 -3.7272 3.1270
v  -0.1318 -3.7276 3.1262
v  -0.0903 -3.7343 3.1245
v  -0.0896 -3.7343 3.1248
v  -0.0890 -3.7354 3.1223
v  -0.2137 -2.9574 3.0164
v  -0.2137 -2.9569 3.0094
v  -0.2207 -2.9583 3.0169
v  -0.0846 -3.7351 3.1238
v  -0.0838 -3.7362 3.1209
v  -0.0842 -3.7348 3.1244
v  -0.0742 -3.7343 3.1225
v  -0.0742 -3.7339 3.1235
v  -0.0740 -3.7356 3.1190
v  -0.2223 -2.9252 3.0117
v  -0.2288 -2.9276 3.0124
v  -0.2223 -2.9248 3.0047
v  -0.2435 -2.9104 3.0105
v  -0.2434 -2.9101 3.0035
v  -0.2466 -2.9166 3.0116
v  -0.2575 -2.9090 3.0110
v  -0.2574 -2.9087 3.0040
v  -0.2576 -2.9159 3.0121
v  -0.2765 -2.9159 3.0131
v  -0.2720 -2.9212 3.0137
v  -0.2764 -2.9157 3.0061
v  -0.2710 -2.9129 3.0124
v  -0.2677 -2.9190 3.0132
v  -0.2709 -2.9126 3.0054
v  -0.1144 -2.9316 3.0432
v  -0.1144 -2.9247 3.0418
v  -0.1108 -2.9319 3.0372
v  -0.0951 -2.9292 3.0811
v  -0.0925 -2.9295 3.0746
v  -0.0951 -2.9223 3.0797
v  -0.0742 -2.9277 3.1025
v  -0.0742 -2.9209 3.1011
v  -0.0722 -2.9281 3.0958
v  -0.0527 -2.9267 3.1161
v  -0.0513 -2.9271 3.1092
v  -0.0526 -2.9199 3.1147
v  -0.0274 -2.9259 3.1251
v  -0.0274 -2.9191 3.1237
v  -0.0267 -2.9263 3.1182
v  -0.0333 -2.9589 2.5642
v  -0.0333 -2.9520 2.5631
v  -0.0325 -2.9585 2.5711
v  -0.0641 -2.9583 2.5788
v  -0.0624 -2.9579 2.5856
v  -0.0641 -2.9514 2.5777
v  -0.0861 -2.9574 2.5977
v  -0.0861 -2.9505 2.5966
v  -0.0838 -2.9570 2.6043
v  -0.1032 -2.9562 2.6210
v  -0.1002 -2.9558 2.6273
v  -0.1032 -2.9493 2.6199
v  -0.1196 -2.9527 2.6836
v  -0.1196 -2.9458 2.6824
v  -0.1154 -2.9523 2.6892
v  -0.1197 -2.9440 2.8315
v  -0.1128 -2.9439 2.8323
v  -0.1197 -2.9371 2.8303
v  -0.1148 -2.9547 2.6489
v  -0.1148 -2.9478 2.6478
v  -0.1113 -2.9543 2.6550
v  -0.1198 -2.9338 3.0066
v  -0.1156 -2.9341 3.0010
v  -0.1198 -2.9269 3.0053
v  -0.1334 -2.8136 2.9857
v  -0.1421 -2.8147 2.9854
v  -0.1338 -2.8074 2.8076
v  -0.1406 -2.8087 2.8079
v  -0.0769 -2.8098 3.0940
v  -0.0802 -2.8102 3.1011
v  -0.1024 -2.8117 3.0729
v  -0.1073 -2.8126 3.0777
v  -0.0264 -2.8077 3.1164
v  -0.0258 -2.8078 3.1243
v  -0.0557 -2.8087 3.1070
v  -0.0579 -2.8090 3.1144
v  -0.0324 -2.7847 2.5277
v  -0.0330 -2.7847 2.5226
v  -0.1150 -2.7940 2.5895
v  -0.1194 -2.7939 2.5872
v  -0.0932 -2.7902 2.5626
v  -0.0971 -2.7903 2.5567
v  -0.1342 -2.8005 2.6598
v  -0.1409 -2.8016 2.6583
v  -0.1269 -2.7973 2.6201
v  -0.1334 -2.7981 2.6192
v  -0.1246 -2.8136 3.0348
v  -0.1303 -2.8145 3.0381
v  -0.0688 -2.7872 2.5428
v  -0.0684 -2.7867 2.5359
v  -0.0950 -2.8249 3.0597
v  -0.0950 -2.8318 3.0611
v  -0.1143 -2.8271 3.0218
v  -0.1143 -2.8340 3.0232
v  -0.0525 -2.8219 3.0946
v  -0.0525 -2.8287 3.0960
v  -0.0741 -2.8237 3.0811
v  -0.0741 -2.8305 3.0825
v  -0.0273 -2.8215 3.1037
v  -0.0273 -2.8284 3.1051
v  -0.0642 -2.7976 2.5539
v  -0.0642 -2.8045 2.5550
v  -0.0335 -2.7943 2.5391
v  -0.0335 -2.8012 2.5402
v  -0.1033 -2.8052 2.5967
v  -0.1033 -2.8121 2.5978
v  -0.0862 -2.8014 2.5731
v  -0.0862 -2.8083 2.5742
v  -0.1197 -2.8181 2.8088
v  -0.1197 -2.8250 2.8100
v  -0.1197 -2.8139 2.6600
v  -0.1197 -2.8208 2.6612
v  -0.1150 -2.8097 2.6250
v  -0.1150 -2.8166 2.6261
v  -0.1197 -2.8252 2.9850
v  -0.1197 -2.8321 2.9863
v  0.0000 -2.6349 5.7118
v  0.0000 -2.5672 6.2100
v  0.0000 -2.8887 6.2681
v  0.0000 -2.7808 4.2328
v  0.0000 -2.7440 4.7232
v  0.0000 -2.7747 2.3858
v  0.0000 -4.1260 2.3892
v  0.0000 -3.5160 2.5444
v  0.0000 -2.7831 2.1177
v  0.0000 -3.1905 2.4697
v  0.0000 -3.5114 2.5505
v  0.0000 -3.4693 2.7874
v  0.0000 -3.2327 2.7456
v  0.0000 -3.4611 2.7931
v  0.0000 -3.2384 2.7537
v  0.0000 -3.4680 2.7943
v  0.0000 -3.2315 2.7525
v  0.0000 -3.9777 2.5681
v  0.0000 -2.7887 2.1318
v  0.0000 -2.8672 6.2909
v  0.0000 -2.8765 6.2889
v  0.0000 -2.5817 6.2399
v  0.0000 -2.5887 6.2411
v  0.0000 -2.8602 6.2899
v  0.0000 -3.9405 2.6038
v  0.0000 -2.8494 2.4080
v  0.0000 -2.8344 2.3901
v  0.0000 -2.8339 2.3832
v  0.0000 -3.3636 4.3928
v  0.0000 -3.2285 4.8548
v  0.0000 -4.1122 2.3549
v  0.0000 -3.9843 2.5555
v  0.0000 -4.1207 2.3573
v  0.0000 -2.7550 2.1374
v  0.0000 -2.8079 3.1621
v  0.0000 -3.7862 3.1657
v  0.0000 -3.8570 2.9932
v  0.0000 -2.8076 3.1255
v  0.0000 -2.7868 2.5302
v  0.0000 -2.9187 3.1270
v  0.0000 -2.9519 2.5581
v  0.0000 -2.9259 3.1214
v  0.0000 -2.9421 2.8454
v  0.0000 -2.9255 3.1284
v  0.0000 -2.7839 2.5232
v  0.0000 -2.8075 3.1185
v  0.0000 -2.7934 2.5341
v  0.0867 -2.5893 6.2412
v  0.0894 -2.7167 6.2641
v  0.0351 -2.7168 6.2641
v  0.0338 -2.5880 6.2410
v  0.1276 -2.5917 6.2417
v  0.1530 -2.5967 6.2426
v  0.1536 -2.7167 6.2641
v  0.1270 -2.7167 6.2641
v  0.1959 -2.6173 6.2463
v  0.2122 -2.6321 6.2489
v  0.2131 -2.7166 6.2641
v  0.1968 -2.7166 6.2641
v  0.2248 -2.6483 6.2518
v  0.2357 -2.6665 6.2551
v  0.1770 -2.6059 6.2442
v  0.1776 -2.7167 6.2641
v  0.0890 -2.8573 6.2893
v  0.0350 -2.8598 6.2898
v  0.1514 -2.8500 6.2880
v  0.1252 -2.8549 6.2889
v  0.2168 -2.8073 6.2804
v  0.1982 -2.8263 6.2838
v  0.2326 -2.7848 6.2763
v  0.1762 -2.8409 6.2864
v  0.2427 -2.6848 6.2584
v  0.2472 -2.7015 6.2614
v  0.2491 -2.7169 6.2641
v  0.2477 -2.7380 6.2679
v  0.2441 -2.7601 6.2719
v  0.1811 -2.5901 6.2388
v  0.1839 -2.5850 6.2312
v  0.2079 -2.5990 6.2338
v  0.2036 -2.6032 6.2412
v  0.2289 -2.6171 6.2373
v  0.2233 -2.6202 6.2444
v  0.1229 -2.8725 6.2892
v  0.1203 -2.8803 6.2840
v  0.0850 -2.8821 6.2842
v  0.0871 -2.8746 6.2894
v  0.0881 -2.5729 6.2352
v  0.0895 -2.5676 6.2275
v  0.1301 -2.5703 6.2279
v  0.1291 -2.5755 6.2357
v  0.1790 -2.8581 6.2871
v  0.1806 -2.8660 6.2821
v  0.1511 -2.8755 6.2835
v  0.1517 -2.8675 6.2884
v  0.2063 -2.8417 6.2845
v  0.2097 -2.8493 6.2795
v  0.2293 -2.8200 6.2805
v  0.2340 -2.8265 6.2753
v  0.2475 -2.7941 6.2758
v  0.2532 -2.8001 6.2703
v  0.2590 -2.7687 6.2711
v  0.2647 -2.7744 6.2657
v  0.2650 -2.7416 6.2664
v  0.2718 -2.7454 6.2608
v  0.2663 -2.7197 6.2623
v  0.2734 -2.7225 6.2564
v  0.1576 -2.5755 6.2291
v  0.1557 -2.5806 6.2368
v  0.2640 -2.6976 6.2582
v  0.2708 -2.6982 6.2520
v  0.2584 -2.6763 6.2543
v  0.2647 -2.6747 6.2475
v  0.2499 -2.6576 6.2513
v  0.2561 -2.6551 6.2442
v  0.2380 -2.6384 6.2479
v  0.2441 -2.6358 6.2411
v  0.0340 -2.8831 6.2837
v  0.0345 -2.8763 6.2890
v  0.2106 -2.5992 6.2162
v  0.1855 -2.5848 6.2136
v  0.2118 -2.6622 5.7177
v  0.2394 -2.6798 5.7221
v  0.2322 -2.6183 6.2200
v  0.2626 -2.7024 5.7274
v  0.0831 -2.8884 6.2682
v  0.1177 -2.8868 6.2679
v  0.1402 -2.9872 5.7951
v  0.0977 -2.9916 5.7967
v  0.1308 -2.5704 6.2108
v  0.0910 -2.5677 6.2101
v  0.1008 -2.6375 5.7118
v  0.1470 -2.6426 5.7133
v  0.1500 -2.8823 6.2672
v  0.1811 -2.8730 6.2656
v  0.2052 -2.9701 5.7910
v  0.1731 -2.9810 5.7935
v  0.2112 -2.8562 6.2630
v  0.2370 -2.9507 5.7866
v  0.2366 -2.8329 6.2589
v  0.2633 -2.9253 5.7805
v  0.2557 -2.8061 6.2536
v  0.2805 -2.9018 5.7745
v  0.2677 -2.7811 6.2495
v  0.2946 -2.8737 5.7683
v  0.2755 -2.7507 6.2444
v  0.3036 -2.8421 5.7605
v  0.2773 -2.7273 6.2397
v  0.3060 -2.8138 5.7538
v  0.1587 -2.5756 6.2118
v  0.1804 -2.6501 5.7150
v  0.2749 -2.7013 6.2354
v  0.3045 -2.7923 5.7478
v  0.2683 -2.6760 6.2305
v  0.2987 -2.7664 5.7420
v  0.2595 -2.6562 6.2268
v  0.2897 -2.7444 5.7365
v  0.2478 -2.6372 6.2241
v  0.2781 -2.7230 5.7316
v  0.3108 -2.8602 4.2497
v  0.3624 -2.9171 3.5893
v  0.4066 -2.9545 3.5958
v  0.3506 -2.8931 4.2577
v  0.4449 -2.9973 3.6035
v  0.3842 -2.9319 4.2672
v  0.1907 -3.3381 4.3857
v  0.2111 -3.5462 3.7220
v  0.1433 -3.5631 3.7262
v  0.1276 -3.3508 4.3896
v  0.1373 -2.7912 4.2340
v  0.1603 -2.8234 3.5691
v  0.2396 -2.8469 3.5733
v  0.2080 -2.8067 4.2377
v  0.2859 -3.3017 4.3757
v  0.3121 -3.5004 3.7122
v  0.2628 -3.5260 3.7176
v  0.2397 -3.3231 4.3815
v  0.3284 -3.2736 4.3678
v  0.3592 -3.4698 3.7053
v  0.3650 -3.2390 4.3575
v  0.4021 -3.4340 3.6968
v  0.3885 -3.2068 4.3475
v  0.4330 -3.3995 3.6883
v  0.4081 -3.1673 4.3365
v  0.4652 -3.3525 3.6789
v  0.4214 -3.1280 4.3240
v  0.4888 -3.2976 3.6667
v  0.4279 -3.0899 4.3121
v  0.5037 -3.2374 3.6541
v  0.3037 -2.8772 3.5809
v  0.2614 -2.8293 4.2426
v  0.4291 -3.0629 4.3018
v  0.5072 -3.1897 3.6423
v  0.4264 -3.0305 4.2929
v  0.5023 -3.1381 3.6321
v  0.4169 -2.9969 4.2832
v  0.4883 -3.0863 3.6211
v  0.4016 -2.9614 4.2744
v  0.4686 -3.0343 3.6112
v  0.0574 -3.5730 3.7280
v  0.0510 -3.3630 4.3928
v  0.2397 -2.7337 5.2251
v  0.2720 -2.8001 4.7361
v  0.3068 -2.8255 4.7425
v  0.2700 -2.7545 5.2304
v  0.3355 -2.8569 4.7500
v  0.2954 -2.7808 5.2366
v  0.1558 -3.0958 5.3197
v  0.1725 -3.2121 4.8500
v  0.1169 -3.2220 4.8533
v  0.1070 -3.1030 5.3222
v  0.1107 -2.6991 5.2164
v  0.1222 -2.7511 4.7241
v  0.1830 -2.7633 4.7271
v  0.1637 -2.7073 5.2186
v  0.2302 -3.0731 5.3136
v  0.2565 -3.1823 4.8418
v  0.2157 -3.1995 4.8464
v  0.1937 -3.0872 5.3172
v  0.2656 -3.0513 5.3081
v  0.2950 -3.1577 4.8351
v  0.2944 -3.0223 5.3005
v  0.3274 -3.1261 4.8261
v  0.3127 -2.9961 5.2931
v  0.3483 -3.0976 4.8176
v  0.3280 -2.9653 5.2855
v  0.3654 -3.0629 4.8083
v  0.3378 -2.9325 5.2762
v  0.3767 -3.0274 4.7974
v  0.3406 -2.9018 5.2677
v  0.3813 -2.9938 4.7873
v  0.2294 -2.7766 4.7306
v  0.2026 -2.7179 5.2212
v  0.3393 -2.8796 5.2605
v  0.3809 -2.9698 4.7786
v  0.3337 -2.8525 5.2539
v  0.3758 -2.9403 4.7709
v  0.3241 -2.8276 5.2473
v  0.3662 -2.9116 4.7630
v  0.3111 -2.8030 5.2414
v  0.3519 -2.8822 4.7558
v  0.0459 -3.2276 4.8547
v  0.0421 -3.1067 5.3232
v  0.0384 -2.9938 5.7972
v  0.4710 -2.9203 2.1728
v  0.5410 -2.9922 2.1853
v  0.5133 -2.9918 2.4214
v  0.4460 -2.9258 2.4105
v  0.6004 -3.0727 2.1993
v  0.5704 -3.0664 2.4339
v  0.2605 -4.0887 2.3820
v  0.1664 -4.1125 2.3872
v  0.1635 -4.0164 2.5940
v  0.2501 -3.9940 2.5902
v  0.1821 -2.7717 2.1461
v  0.2867 -2.8032 2.1519
v  0.2851 -2.8240 2.3938
v  0.1825 -2.7919 2.3881
v  0.4092 -4.0107 2.3679
v  0.3376 -4.0551 2.3756
v  0.3200 -3.9635 2.5854
v  0.3854 -3.9238 2.5794
v  0.4786 -3.9547 2.3578
v  0.4503 -3.8741 2.5711
v  0.5402 -3.8906 2.3461
v  0.5084 -3.8170 2.5610
v  0.5855 -3.8317 2.3355
v  0.5546 -3.7609 2.5509
v  0.6321 -3.7531 2.3222
v  0.6030 -3.6815 2.5387
v  0.6787 -3.6398 2.3008
v  0.6430 -3.5874 2.5230
v  0.7054 -3.5192 2.2782
v  0.6682 -3.4776 2.5052
v  0.3837 -2.8538 2.1609
v  0.3692 -2.8688 2.4009
v  0.7098 -3.4187 2.2602
v  0.6737 -3.3880 2.4886
v  0.6989 -3.3209 2.2434
v  0.6644 -3.2967 2.4736
v  0.6728 -3.2228 2.2256
v  0.6403 -3.2073 2.4577
v  0.6364 -3.1364 2.2105
v  0.6045 -3.1245 2.4440
v  0.5740 -3.4235 2.7299
v  0.5760 -3.3127 2.7131
v  0.5234 -3.2557 3.0733
v  0.5205 -3.3549 3.0890
v  0.3445 -3.7799 2.7851
v  0.2939 -3.6658 3.1256
v  0.2021 -3.7094 3.1272
v  0.2383 -3.8417 2.7839
v  0.4981 -3.6216 2.7647
v  0.4427 -3.5343 3.1131
v  0.3740 -3.6076 3.1209
v  0.4352 -3.7008 2.7777
v  0.5452 -3.5326 2.7484
v  0.4930 -3.4484 3.1023
v  0.5417 -3.1808 2.6926
v  0.4932 -3.1444 3.0539
v  0.4830 -3.0786 2.6797
v  0.4395 -3.0561 3.0368
v  0.4045 -2.9912 2.6551
v  0.3683 -2.9778 3.0209
v  0.3253 -2.9303 2.6289
v  0.2983 -2.9282 3.0093
v  0.2034 -3.3365 2.5045
v  0.1966 -3.3396 2.4986
v  0.1967 -3.3844 2.5067
v  0.2034 -3.3838 2.5129
v  0.1954 -3.4227 2.5139
v  0.2020 -3.4215 2.5205
v  0.1866 -3.4620 2.5215
v  0.1925 -3.4630 2.5289
v  0.1697 -3.4973 2.5278
v  0.1745 -3.5004 2.5357
v  0.1433 -3.5303 2.5331
v  0.1483 -3.5336 2.5409
v  0.1197 -3.5514 2.5370
v  0.1238 -3.5553 2.5444
v  0.0885 -3.5706 2.5403
v  0.0915 -3.5752 2.5476
v  0.0619 -3.5852 2.5469
v  0.0568 -3.5820 2.5413
v  0.0360 -3.5862 2.5420
v  0.0511 -3.5886 2.5474
v  0.0297 -3.6163 2.5518
v  0.0233 -3.6005 2.5435
v  0.0261 -3.9124 2.6013
v  0.0330 -3.9109 2.6077
v  0.0298 -3.9329 2.6047
v  0.0380 -3.9323 2.6110
v  0.2066 -3.3327 2.5142
v  0.2066 -3.3824 2.5225
v  0.2091 -3.3572 2.6585
v  0.2091 -3.3076 2.6521
v  0.2050 -3.4191 2.5304
v  0.2067 -3.3989 2.6602
v  0.1946 -3.4620 2.5394
v  0.1949 -3.4436 2.6655
v  0.1758 -3.5009 2.5466
v  0.1746 -3.4832 2.6742
v  0.1502 -3.5336 2.5517
v  0.1503 -3.5127 2.6852
v  0.1255 -3.5558 2.5549
v  0.1251 -3.5349 2.6892
v  0.0929 -3.5762 2.5577
v  0.0960 -3.5537 2.6880
v  0.0622 -3.5886 2.5595
v  0.0661 -3.5659 2.6924
v  0.0480 -3.5966 2.5636
v  0.0390 -3.6089 2.5658
v  0.0412 -3.5875 2.6945
v  0.0507 -3.5746 2.6932
v  0.0362 -3.9094 2.6183
v  0.0389 -3.8490 2.7592
v  0.0377 -3.6046 2.6965
v  0.0354 -3.6256 2.5661
v  0.0438 -3.9337 2.6204
v  0.0518 -3.8745 2.7674
v  0.2130 -3.2960 3.0632
v  0.2129 -3.2423 3.0547
v  0.2077 -3.3431 3.0705
v  0.1952 -3.3822 3.0760
v  0.1719 -3.4233 3.0813
v  0.1462 -3.4527 3.0846
v  0.1215 -3.4734 3.0866
v  0.0938 -3.4899 3.0877
v  0.0674 -3.5013 3.0881
v  0.0445 -3.5216 3.0901
v  0.0535 -3.5097 3.0887
v  0.0471 -3.7069 3.1193
v  0.0403 -3.5369 3.0923
v  0.0638 -3.7292 3.1224
v  0.6317 -3.4807 2.3717
v  0.6288 -3.3431 2.3471
v  0.2955 -3.9299 2.5305
v  0.4075 -3.8659 2.4948
v  0.4918 -3.7924 2.4576
v  0.5578 -3.7040 2.4239
v  0.6046 -3.6011 2.3977
v  0.5979 -3.2246 2.3297
v  0.5340 -3.1007 2.3231
v  0.4520 -3.0022 2.3263
v  0.3366 -2.9128 2.3402
v  0.0875 -3.8844 2.7687
v  0.1457 -3.8727 2.7763
v  0.1318 -3.7277 3.1262
v  0.0896 -3.7343 3.1248
v  0.0400 -3.2687 2.4860
v  0.0203 -3.2641 2.4853
v  0.0175 -3.2752 2.5012
v  0.0346 -3.2788 2.5018
v  0.0320 -3.5278 2.5325
v  0.0603 -3.5177 2.5310
v  0.0518 -3.5039 2.5424
v  0.0269 -3.5127 2.5438
v  0.0829 -3.5038 2.5284
v  0.0726 -3.4922 2.5399
v  0.1034 -3.4851 2.5249
v  0.0924 -3.4736 2.5369
v  0.1196 -3.4625 2.5205
v  0.1061 -3.4543 2.5335
v  0.1315 -3.4349 2.5154
v  0.1168 -3.4301 2.5291
v  0.1360 -3.4097 2.5111
v  0.1219 -3.4065 2.5247
v  0.1359 -3.3813 2.5059
v  0.1220 -3.3829 2.5204
v  0.1287 -3.3534 2.5013
v  0.1159 -3.3557 2.5160
v  0.1184 -3.3309 2.4972
v  0.1067 -3.3356 2.5124
v  0.1036 -3.3098 2.4933
v  0.0921 -3.3153 2.5088
v  0.0842 -3.2915 2.4900
v  0.0758 -3.2995 2.5054
v  0.0628 -3.2782 2.4878
v  0.0568 -3.2878 2.5035
v  0.0000 -3.2625 2.4851
v  0.0000 -3.2740 2.5009
v  0.5419 -2.9922 2.1781
v  0.4718 -2.9202 2.1656
v  0.4709 -2.9233 2.1534
v  0.5407 -2.9948 2.1662
v  0.6013 -3.0729 2.1922
v  0.5997 -3.0749 2.1807
v  0.1665 -4.1155 2.3807
v  0.2609 -4.0915 2.3755
v  0.2589 -4.0932 2.3638
v  0.1652 -4.1171 2.3684
v  0.2868 -2.8026 2.1449
v  0.1821 -2.7711 2.1389
v  0.1821 -2.7745 2.1270
v  0.2868 -2.8054 2.1333
v  0.3381 -4.0579 2.3692
v  0.4100 -4.0134 2.3613
v  0.4088 -4.0148 2.3493
v  0.3366 -4.0595 2.3576
v  0.4795 -3.9572 2.3511
v  0.4782 -3.9588 2.3404
v  0.5412 -3.8928 2.3394
v  0.5400 -3.8950 2.3294
v  0.5865 -3.8339 2.3288
v  0.5857 -3.8345 2.3173
v  0.6330 -3.7553 2.3155
v  0.6329 -3.7553 2.3036
v  0.6798 -3.6414 2.2941
v  0.6786 -3.6429 2.2827
v  0.7061 -3.5204 2.2712
v  0.7043 -3.5214 2.2600
v  0.3841 -2.8534 2.1539
v  0.3837 -2.8563 2.1423
v  0.7108 -3.4197 2.2532
v  0.7091 -3.4217 2.2421
v  0.6999 -3.3216 2.2364
v  0.6983 -3.3236 2.2249
v  0.6738 -3.2233 2.2185
v  0.6722 -3.2255 2.2075
v  0.6374 -3.1367 2.2034
v  0.6357 -3.1389 2.1920
v  0.4506 -2.9454 2.1550
v  0.5156 -3.0113 2.1651
v  0.5203 -3.0103 2.1587
v  0.4540 -2.9435 2.1474
v  0.5707 -3.0848 2.1776
v  0.5767 -3.0851 2.1717
v  0.2493 -4.0672 2.3543
v  0.1580 -4.0891 2.3598
v  0.1585 -4.0950 2.3538
v  0.2494 -4.0729 2.3495
v  0.1742 -2.8028 2.1286
v  0.2754 -2.8330 2.1335
v  0.2781 -2.8296 2.1261
v  0.1762 -2.8001 2.1216
v  0.3906 -3.9927 2.3418
v  0.3225 -4.0353 2.3481
v  0.3242 -4.0406 2.3434
v  0.3935 -3.9971 2.3361
v  0.4578 -3.9383 2.3321
v  0.4619 -3.9444 2.3256
v  0.5175 -3.8762 2.3204
v  0.5224 -3.8835 2.3141
v  0.5638 -3.8153 2.3091
v  0.5679 -3.8204 2.3036
v  0.6087 -3.7365 2.2963
v  0.6139 -3.7413 2.2893
v  0.6509 -3.6314 2.2760
v  0.6561 -3.6355 2.2703
v  0.6749 -3.5143 2.2552
v  0.6802 -3.5169 2.2494
v  0.3676 -2.8816 2.1427
v  0.3710 -2.8786 2.1349
v  0.6789 -3.4199 2.2386
v  0.6846 -3.4224 2.2323
v  0.6685 -3.3296 2.2231
v  0.6740 -3.3297 2.2158
v  0.6418 -3.2300 2.2050
v  0.6482 -3.2318 2.1980
v  0.6080 -3.1517 2.1923
v  0.6130 -3.1507 2.1839
v  0.0608 -4.0999 2.3619
v  0.0608 -4.1083 2.3549
v  0.0573 -3.1990 2.4712
v  0.0291 -3.1922 2.4701
v  0.0216 -3.2577 2.4813
v  0.0425 -3.2625 2.4822
v  0.0158 -3.5826 2.5396
v  0.0483 -3.5762 2.5385
v  0.0326 -3.5354 2.5313
v  0.0000 -3.5399 2.5318
v  0.0838 -3.5624 2.5360
v  0.1135 -3.5437 2.5326
v  0.0877 -3.5097 2.5265
v  0.0639 -3.5243 2.5291
v  0.1362 -3.5241 2.5291
v  0.1085 -3.4908 2.5231
v  0.1614 -3.4916 2.5233
v  0.1261 -3.4666 2.5188
v  0.1773 -3.4593 2.5175
v  0.1384 -3.4378 2.5136
v  0.1851 -3.4228 2.5109
v  0.1430 -3.4113 2.5089
v  0.1867 -3.3843 2.5040
v  0.1432 -3.3811 2.5034
v  0.1862 -3.3420 2.4964
v  0.1355 -3.3513 2.4983
v  0.1877 -3.3013 2.4892
v  0.1249 -3.3283 2.4940
v  0.1584 -3.2662 2.4829
v  0.1095 -3.3064 2.4900
v  0.1263 -3.2357 2.4775
v  0.0885 -3.2866 2.4861
v  0.0878 -3.2129 2.4736
v  0.0661 -3.2723 2.4839
v  0.0000 -3.2562 2.4810
v  0.0335 -3.2805 2.5093
v  0.0170 -3.2769 2.5088
v  0.0165 -3.2339 2.7460
v  0.0326 -3.2370 2.7468
v  0.0254 -3.5083 2.5504
v  0.0495 -3.5004 2.5488
v  0.0506 -3.4579 2.7858
v  0.0267 -3.4664 2.7872
v  0.0714 -3.4877 2.5460
v  0.0702 -3.4463 2.7842
v  0.0898 -3.4707 2.5434
v  0.0896 -3.4291 2.7806
v  0.1035 -3.4520 2.5394
v  0.1034 -3.4104 2.7771
v  0.1139 -3.4282 2.5361
v  0.1140 -3.3874 2.7734
v  0.1189 -3.4049 2.5314
v  0.1189 -3.3640 2.7692
v  0.1189 -3.3819 2.5274
v  0.1196 -3.3392 2.7643
v  0.1132 -3.3554 2.5228
v  0.1133 -3.3128 2.7601
v  0.1044 -3.3360 2.5194
v  0.1044 -3.2926 2.7563
v  0.0897 -3.3154 2.5156
v  0.0897 -3.2727 2.7532
v  0.0737 -3.3008 2.5127
v  0.0741 -3.2577 2.7501
v  0.0550 -3.2893 2.5110
v  0.0543 -3.2455 2.7481
v  0.0000 -3.2758 2.5087
v  0.0305 -3.2424 2.7548
v  0.0154 -3.2394 2.7541
v  0.0252 -3.4584 2.7929
v  0.0479 -3.4504 2.7916
v  0.0663 -3.4393 2.7901
v  0.0846 -3.4230 2.7866
v  0.0977 -3.4053 2.7833
v  0.1075 -3.3835 2.7798
v  0.1120 -3.3615 2.7759
v  0.1126 -3.3381 2.7713
v  0.1066 -3.3133 2.7673
v  0.0981 -3.2943 2.7637
v  0.0842 -3.2757 2.7608
v  0.0695 -3.2617 2.7580
v  0.0509 -3.2503 2.7560
v  0.0000 -3.3401 2.7720
v  0.0165 -3.2326 2.7529
v  0.0326 -3.2358 2.7536
v  0.0506 -3.4567 2.7927
v  0.0267 -3.4652 2.7941
v  0.0702 -3.4451 2.7911
v  0.0896 -3.4279 2.7876
v  0.1034 -3.4092 2.7839
v  0.1140 -3.3861 2.7803
v  0.1189 -3.3628 2.7761
v  0.1196 -3.3379 2.7712
v  0.1133 -3.3116 2.7670
v  0.1044 -3.2914 2.7632
v  0.0897 -3.2715 2.7601
v  0.0741 -3.2565 2.7570
v  0.0543 -3.2443 2.7550
v  0.2214 -2.8584 2.3398
v  0.2736 -2.8338 2.1401
v  0.1729 -2.8039 2.1351
v  0.1309 -2.8387 2.3467
v  0.2975 -3.9360 2.5182
v  0.1669 -3.9724 2.5466
v  0.1583 -4.0854 2.3656
v  0.2509 -4.0631 2.3597
v  0.3206 -4.0318 2.3549
v  0.3894 -3.9895 2.3475
v  0.4110 -3.8702 2.4819
v  0.4582 -3.9329 2.3382
v  0.4949 -3.7979 2.4442
v  0.5164 -3.8725 2.3261
v  0.5607 -3.8145 2.3153
v  0.5620 -3.7074 2.4111
v  0.6061 -3.7350 2.3026
v  0.6083 -3.6040 2.3846
v  0.6487 -3.6299 2.2824
v  0.6349 -3.4836 2.3586
v  0.6725 -3.5125 2.2614
v  0.6328 -3.3441 2.3325
v  0.6766 -3.4158 2.2436
v  0.6664 -3.3305 2.2296
v  0.6018 -3.2255 2.3163
v  0.6395 -3.2297 2.2115
v  0.5371 -3.1008 2.3098
v  0.6047 -3.1493 2.1978
v  0.5690 -3.0857 2.1843
v  0.4549 -3.0020 2.3136
v  0.5135 -3.0118 2.1726
v  0.4487 -2.9458 2.1614
v  0.3371 -2.9106 2.3262
v  0.3631 -2.8807 2.1503
v  0.1852 -2.5836 6.2206
v  0.2102 -2.5980 6.2234
v  0.1974 -2.6109 6.2451
v  0.1768 -2.5989 6.2430
v  0.2318 -2.6171 6.2270
v  0.2154 -2.6263 6.2479
v  0.0866 -2.5823 6.2400
v  0.0337 -2.5810 6.2397
v  0.0346 -2.5721 6.2348
v  0.1173 -2.8854 6.2748
v  0.0829 -2.8869 6.2751
v  0.0890 -2.8642 6.2906
v  0.1252 -2.8618 6.2901
v  0.0908 -2.5667 6.2171
v  0.1306 -2.5694 6.2177
v  0.1277 -2.5847 6.2404
v  0.1807 -2.8716 6.2727
v  0.1497 -2.8809 6.2741
v  0.1512 -2.8568 6.2893
v  0.1760 -2.8478 6.2876
v  0.2109 -2.8548 6.2701
v  0.2009 -2.8324 6.2849
v  0.2362 -2.8315 6.2660
v  0.2220 -2.8122 6.2813
v  0.2553 -2.8047 6.2607
v  0.2392 -2.7875 6.2768
v  0.2674 -2.7797 6.2565
v  0.2503 -2.7628 6.2724
v  0.2752 -2.7493 6.2514
v  0.2549 -2.7382 6.2680
v  0.2769 -2.7261 6.2467
v  0.2560 -2.7176 6.2643
v  0.1584 -2.5745 6.2187
v  0.1529 -2.5898 6.2413
v  0.2745 -2.7000 6.2424
v  0.2538 -2.6983 6.2608
v  0.2679 -2.6747 6.2376
v  0.2492 -2.6797 6.2575
v  0.2591 -2.6549 6.2339
v  0.2409 -2.6623 6.2544
v  0.2474 -2.6359 6.2311
v  0.2293 -2.6433 6.2510
v  0.0334 -2.8872 6.2748
v  0.5019 -2.9903 2.5247
v  0.4838 -2.9878 2.6914
v  0.4218 -2.9300 2.6816
v  0.4366 -2.9276 2.5142
v  0.5575 -3.0615 2.5368
v  0.5366 -3.0538 2.7030
v  0.1608 -3.9722 2.6920
v  0.1570 -3.9031 2.8516
v  0.2380 -3.8823 2.8479
v  0.2454 -3.9511 2.6885
v  0.2797 -2.8294 2.4976
v  0.2715 -2.8368 2.6652
v  0.1928 -2.8116 2.6564
v  0.1797 -2.7982 2.4921
v  0.3132 -3.9218 2.6838
v  0.3027 -3.8548 2.8433
v  0.3636 -3.8191 2.8378
v  0.3765 -3.8832 2.6778
v  0.3865 -3.6140 3.2742
v  0.3966 -3.6600 3.1437
v  0.3415 -3.6989 3.1510
v  0.3333 -3.6507 3.2813
v  0.4352 -3.5720 3.2658
v  0.4472 -3.6159 3.1352
v  0.4723 -3.5312 3.2573
v  0.4859 -3.5725 3.1265
v  0.5116 -3.4740 3.2477
v  0.5270 -3.5116 3.1164
v  0.5426 -3.4056 3.2347
v  0.5601 -3.4389 3.1030
v  0.5618 -3.3275 3.2204
v  0.5806 -3.3551 3.0880
v  0.3615 -2.8727 2.5047
v  0.3501 -2.8776 2.6731
v  0.5665 -3.2646 3.2069
v  0.5855 -3.2874 3.0739
v  0.5590 -3.1988 3.1948
v  0.5783 -3.2169 3.0613
v  0.5416 -3.1334 3.1821
v  0.5589 -3.1474 3.0479
v  0.5132 -3.0717 3.1707
v  0.5291 -3.0820 3.0359
v  0.4854 -3.0280 3.1621
v  0.4999 -3.0361 3.0270
v  0.0635 -3.9847 2.6932
v  0.0621 -3.9144 2.8526
v  0.0000 -3.5323 2.5330
v  0.0343 -3.6047 2.5515
v  0.0253 -3.5944 2.5435
v  0.0299 -3.5894 2.5435
v  0.0421 -3.5942 2.5491
v  0.2104 -2.9312 2.6487
v  0.2074 -2.9187 2.4400
v  0.2137 -2.9569 3.0094
v  0.1114 -2.9006 2.4172
v  0.0000 -2.8925 2.4158
v  0.1869 -2.9214 2.4210
v  0.1967 -3.3067 2.4927
v  0.1976 -2.9211 2.4236
v  0.0160 -3.9134 2.5989
v  0.0193 -3.9336 2.6026
v  0.1655 -3.9654 2.5604
v  0.0831 -3.9523 2.6169
v  0.0718 -3.9586 2.6047
v  0.0555 -3.9634 2.5963
v  0.0656 -3.9576 2.6078
v  0.0775 -3.9509 2.6208
v  0.0595 -3.9553 2.6107
v  0.0209 -3.9403 2.6038
v  0.0000 -3.9336 2.6026
v  0.0451 -3.9430 2.6121
v  0.0336 -3.9406 2.6059
v  0.0377 -3.9492 2.6066
v  0.0540 -3.9514 2.6122
v  0.0562 -3.9456 2.6206
v  0.0806 -3.8855 2.7677
v  0.0661 -3.8832 2.7679
v  0.0842 -3.7348 3.1243
v  0.0743 -3.7337 3.1234
v  0.0225 -3.9493 2.6048
v  0.0244 -3.9577 2.6023
v  0.0000 -3.9478 2.6049
v  0.0000 -3.9573 2.6027
v  0.0426 -3.9571 2.6046
v  0.0243 -3.9649 2.5953
v  0.0464 -3.9612 2.6010
v  0.2035 -3.3166 2.5010
v  0.2054 -2.9199 2.4318
v  0.2213 -2.9057 2.6286
v  0.2400 -2.8938 2.6075
v  0.2239 -2.8855 2.4291
v  0.2112 -2.9010 2.4337
v  0.2223 -2.9248 3.0047
v  0.2434 -2.9101 3.0035
v  0.2172 -2.8860 2.4205
v  0.2077 -2.9020 2.4258
v  0.1999 -2.9017 2.4193
v  0.2082 -2.8871 2.4165
v  0.1979 -2.8867 2.4147
v  0.1903 -2.9015 2.4174
v  0.2529 -2.8928 2.6044
v  0.2405 -2.8787 2.4275
v  0.2574 -2.9087 3.0040
v  0.2358 -2.8765 2.4193
v  0.2193 -2.8763 2.4141
v  0.2072 -2.8767 2.4129
v  0.1146 -2.8870 2.4148
v  0.1185 -2.8728 2.4122
v  0.1220 -2.8580 2.4096
v  0.2611 -2.8812 2.4292
v  0.2405 -2.8737 2.4145
v  0.2246 -2.8691 2.4080
v  0.2298 -2.8669 2.3989
v  0.2131 -2.8613 2.3949
v  0.2106 -2.8657 2.4066
v  0.2457 -2.8733 2.4084
v  0.1254 -2.8474 2.4032
v  0.1281 -2.8426 2.3914
v  0.0000 -2.8389 2.4014
v  0.2655 -2.8827 2.4238
v  0.2727 -2.8994 2.6082
v  0.2764 -2.9156 3.0061
v  0.1286 -2.8421 2.3843
v  0.2140 -2.8610 2.3880
v  0.2193 -2.8603 2.3579
v  0.1301 -2.8406 2.3622
v  0.2284 -2.8659 2.3921
v  0.2511 -2.8751 2.4040
v  0.0218 -3.9688 2.5870
v  0.2667 -2.8967 2.6059
v  0.2709 -2.9126 3.0054
v  0.0000 -2.7168 6.2641
v  0.0355 -2.5672 6.2272
v  0.0000 -2.8832 6.2836
v  0.0399 -2.6351 5.7116
v  0.0365 -2.5672 6.2101
v  0.0334 -2.8887 6.2680
v  0.0636 -2.8095 3.5674
v  0.0541 -2.7813 4.2326
v  0.0000 -3.5746 3.7282
v  0.0483 -2.7447 4.7230
v  0.0436 -2.6949 5.2157
v  0.0000 -3.1073 5.3233
v  0.0000 -2.9941 5.7972
v  0.0718 -2.7577 2.1443
v  0.0677 -2.7770 2.3854
v  0.0643 -4.0285 2.5948
v  0.0670 -4.1240 2.3891
v  0.0708 -2.7801 2.1156
v  0.1784 -2.7950 2.1184
v  0.1808 -2.7841 2.1191
v  0.0710 -2.7684 2.1173
v  0.0671 -4.1270 2.3827
v  0.0656 -4.1287 2.3718
v  0.0688 -2.7893 2.1247
v  0.0689 -2.7856 2.1185
v  0.0000 -4.1023 2.3610
v  0.0364 -2.5662 6.2170
v  0.0000 -2.5723 6.2351
v  0.0000 -2.8872 6.2750
v  0.0350 -2.8667 6.2908
v  0.6328 -3.4818 2.3650
v  0.6299 -3.3436 2.3403
v  0.2971 -3.9323 2.5241
v  0.4090 -3.8678 2.4882
v  0.4930 -3.7943 2.4510
v  0.5595 -3.7058 2.4174
v  0.6058 -3.6024 2.3910
v  0.5994 -3.2252 2.3229
v  0.5351 -3.1011 2.3163
v  0.4531 -3.0023 2.3194
v  0.3364 -2.9120 2.3333
v  0.1305 -2.8402 2.3552
v  0.2189 -2.8596 2.3501
v  0.0000 -3.9807 2.5615
v  0.1662 -3.9681 2.5539
v  0.0000 -2.8317 2.3545
v  0.4968 -3.2578 3.0795
v  0.2400 -3.2411 3.0630
v  0.2400 -3.2963 3.0718
v  0.4952 -3.3501 3.0946
v  0.5252 -3.0077 2.1565
v  0.4580 -2.9398 2.1444
v  0.5824 -3.0838 2.1701
v  0.0000 -2.7776 2.1152
v  0.1596 -4.1015 2.3527
v  0.2505 -4.0791 2.3487
v  0.2810 -2.8244 2.1236
v  0.3267 -4.0464 2.3428
v  0.3971 -4.0024 2.3350
v  0.4671 -3.9504 2.3259
v  0.5282 -3.8895 2.3152
v  0.5723 -3.8244 2.3030
v  0.6199 -3.7450 2.2888
v  0.6618 -3.6383 2.2696
v  0.6863 -3.5177 2.2480
v  0.3746 -2.8739 2.1325
v  0.6909 -3.4236 2.2311
v  0.6801 -3.3288 2.2141
v  0.6552 -3.2315 2.1966
v  0.6189 -3.1482 2.1817
v  0.0611 -4.1163 2.3557
v  0.4654 -2.9313 2.1453
v  0.5340 -3.0012 2.1580
v  0.5924 -3.0795 2.1723
v  0.2546 -4.0883 2.3534
v  0.1624 -4.1114 2.3575
v  0.2847 -2.8141 2.1252
v  0.4037 -4.0103 2.3391
v  0.3320 -4.0549 2.3474
v  0.4735 -3.9562 2.3310
v  0.5350 -3.8938 2.3204
v  0.5802 -3.8309 2.3073
v  0.6279 -3.7511 2.2935
v  0.6715 -3.6417 2.2733
v  0.6966 -3.5207 2.2512
v  0.3801 -2.8644 2.1341
v  0.7012 -3.4234 2.2338
v  0.6905 -3.3264 2.2164
v  0.6651 -3.2289 2.1993
v  0.6285 -3.1434 2.1837
v  0.0631 -4.1245 2.3617
v  0.0000 -4.1276 2.3636
v  0.0717 -2.7596 2.1256
v  0.0000 -2.7556 2.1444
v  0.0719 -2.7571 2.1374
v  0.0000 -2.7573 2.1252
v  0.0000 -4.1307 2.3730
v  0.5147 -3.3506 3.1106
v  0.5182 -3.2550 3.0807
v  0.4885 -3.1450 3.0617
v  0.4693 -3.1529 3.0613
v  0.4363 -3.0573 3.0443
v  0.4196 -3.0697 3.0454
v  0.3632 -2.9825 3.0284
v  0.3494 -2.9981 3.0302
v  0.2939 -2.9338 3.0169
v  0.2821 -2.9506 3.0190
v  0.2720 -2.9212 3.0137
v  0.2577 -2.9382 3.0157
v  0.2677 -2.9190 3.0132
v  0.2576 -2.9159 3.0121
v  0.2466 -2.9166 3.0116
v  0.2288 -2.9276 3.0124
v  0.2207 -2.9583 3.0169
v  0.2438 -2.9615 3.0186
v  0.2200 -3.2412 3.0619
v  0.2200 -3.2953 3.0706
v  0.2146 -3.3429 3.0779
v  0.2345 -3.3450 3.0793
v  0.2015 -3.3842 3.0838
v  0.2213 -3.3938 3.0863
v  0.1776 -3.4262 3.0892
v  0.1940 -3.4376 3.0919
v  0.1510 -3.4565 3.0926
v  0.1650 -3.4706 3.0956
v  0.1255 -3.4779 3.0946
v  0.1371 -3.4940 3.0978
v  0.0969 -3.4949 3.0958
v  0.1060 -3.5125 3.0991
v  0.0685 -3.5070 3.0961
v  0.0721 -3.5309 3.1002
v  0.0580 -3.5139 3.0967
v  0.0510 -3.5229 3.0977
v  0.0473 -3.5347 3.0994
v  0.0486 -3.7056 3.1324
v  0.0744 -3.6973 3.2133
v  0.0626 -3.7303 3.1177
v  0.0740 -3.7358 3.1181
v  0.0838 -3.7362 3.1208
v  0.0890 -3.7355 3.1220
v  0.1322 -3.7270 3.1277
v  0.1229 -3.6929 3.2176
v  0.2018 -3.7079 3.1312
v  0.1894 -3.6736 3.2266
v  0.2926 -3.6625 3.1354
v  0.2755 -3.6265 3.2471
v  0.3713 -3.6029 3.1378
v  0.3503 -3.5663 3.2689
v  0.4390 -3.5276 3.1389
v  0.4147 -3.4889 3.2976
v  0.4876 -3.4400 3.1392
v  0.4676 -3.4265 3.1605
v  0.0667 -2.7904 2.1312
v  0.0590 -4.0965 2.3678
v  0.0000 -4.0986 2.3670
v  0.4401 -2.9750 3.1526
v  0.3875 -2.9286 3.1445
v  0.0670 -2.8101 3.1557
v  0.0000 -2.8074 3.5675
v  0.1485 -3.7221 3.2946
v  0.2216 -3.7035 3.2907
v  0.2520 -2.8498 3.1283
v  0.1752 -2.8249 3.1222
v  0.2789 -3.6803 3.2864
v  0.4396 -3.8356 2.6698
v  0.4966 -3.7812 2.6601
v  0.5411 -3.7271 2.6502
v  0.5883 -3.6514 2.6385
v  0.6278 -3.5614 2.6234
v  0.6523 -3.4563 2.6062
v  0.3223 -2.8846 3.1360
v  0.6578 -3.3706 2.5901
v  0.6489 -3.2830 2.5755
v  0.6257 -3.1971 2.5601
v  0.5908 -3.1174 2.5467
v  0.0591 -3.7325 3.2959
v  0.0650 -2.7827 2.4752
v  0.0000 -4.0306 2.5949
v  0.0000 -3.9866 2.6932
v  0.4692 -2.9844 2.8386
v  0.4523 -2.9794 3.0170
v  0.3970 -2.9298 3.0082
v  0.4100 -2.9307 2.8292
v  0.5196 -3.0461 2.8493
v  0.1540 -3.8441 2.9920
v  0.1507 -3.7740 3.1644
v  0.2259 -3.7547 3.1605
v  0.2322 -3.8240 2.9882
v  0.2645 -2.8427 2.8128
v  0.2573 -2.8470 2.9919
v  0.1857 -2.8235 2.9888
v  0.1920 -2.8185 2.8094
v  0.2944 -3.7979 2.9837
v  0.2853 -3.7303 3.1562
v  0.3531 -3.7643 2.9784
v  0.4110 -3.7224 2.9709
v  0.4240 -3.7748 2.8301
v  0.4641 -3.6750 2.9622
v  0.4786 -3.7240 2.8208
v  0.5052 -3.6281 2.9533
v  0.5219 -3.6743 2.8117
v  0.5483 -3.5618 2.9427
v  0.5668 -3.6036 2.8005
v  0.5838 -3.4831 2.9288
v  0.6040 -3.5196 2.7860
v  0.6059 -3.3918 2.9131
v  0.6274 -3.4219 2.7696
v  0.3403 -2.8817 2.8199
v  0.3298 -2.8838 2.9990
v  0.6110 -3.3176 2.8983
v  0.6326 -3.3424 2.7541
v  0.6030 -3.2411 2.8851
v  0.6242 -3.2607 2.7402
v  0.5823 -3.1658 2.8710
v  0.6021 -3.1806 2.7254
v  0.5506 -3.0953 2.8586
v  0.5688 -3.1060 2.7125
v  0.0611 -3.8551 2.9931
v  0.0599 -3.7846 3.1656
v  0.1422 -2.8146 2.9856
v  0.1407 -2.8082 2.8080
v  0.0818 -2.8102 3.0991
v  0.1069 -2.8123 3.0766
v  0.0259 -2.8078 3.1239
v  0.0573 -2.8089 3.1139
v  0.1205 -2.7954 2.5854
v  0.0981 -2.7907 2.5558
v  0.1410 -2.8013 2.6588
v  0.1352 -2.7985 2.6191
v  0.1297 -2.8143 3.0368
v  0.0689 -2.7866 2.5344
v  0.1246 -2.8136 3.0348
v  0.1024 -2.8117 3.0729
v  0.0962 -2.8149 3.0642
v  0.1165 -2.8167 3.0271
v  0.0779 -2.8098 3.0944
v  0.0557 -2.8087 3.1070
v  0.0529 -2.8124 3.0979
v  0.0737 -2.8138 3.0849
v  0.0264 -2.8077 3.1164
v  0.0000 -2.8117 3.1095
v  0.0262 -2.8118 3.1067
v  0.0324 -2.7847 2.5277
v  0.0688 -2.7872 2.5428
v  0.0656 -2.7902 2.5502
v  0.0326 -2.7877 2.5350
v  0.0932 -2.7902 2.5626
v  0.1150 -2.7940 2.5895
v  0.1070 -2.7967 2.5947
v  0.0884 -2.7934 2.5695
v  0.1342 -2.8005 2.6598
v  0.1338 -2.8072 2.8076
v  0.1244 -2.8095 2.8083
v  0.1236 -2.8033 2.6604
v  0.1269 -2.7973 2.6201
v  0.1184 -2.8006 2.6236
v  0.1368 -2.8139 2.9852
v  0.1251 -2.8153 2.9848
v  0.0950 -2.8249 3.0597
v  0.1143 -2.8271 3.0218
v  0.0525 -2.8219 3.0946
v  0.0741 -2.8237 3.0811
v  0.0642 -2.7976 2.5539
v  0.0335 -2.7943 2.5391
v  0.1033 -2.8052 2.5967
v  0.0862 -2.8014 2.5731
v  0.1197 -2.8181 2.8088
v  0.1197 -2.8139 2.6600
v  0.1150 -2.8097 2.6250
v  0.1197 -2.8252 2.9850
v  0.0273 -2.8215 3.1037
v  0.1143 -2.8340 3.0232
v  0.0950 -2.8318 3.0611
v  0.0951 -2.9223 3.0797
v  0.1144 -2.9247 3.0418
v  0.0741 -2.8305 3.0825
v  0.0525 -2.8287 3.0960
v  0.0527 -2.9199 3.1147
v  0.0742 -2.9209 3.1011
v  0.0273 -2.8284 3.1051
v  0.0000 -2.8284 3.1084
v  0.0274 -2.9191 3.1237
v  0.0335 -2.8012 2.5402
v  0.0642 -2.8045 2.5550
v  0.0641 -2.9514 2.5777
v  0.0333 -2.9520 2.5631
v  0.0862 -2.8083 2.5742
v  0.1033 -2.8121 2.5978
v  0.1032 -2.9493 2.6199
v  0.0861 -2.9505 2.5966
v  0.1197 -2.8208 2.6612
v  0.1197 -2.8250 2.8100
v  0.1197 -2.9371 2.8303
v  0.1196 -2.9458 2.6824
v  0.1150 -2.8166 2.6261
v  0.1148 -2.9478 2.6478
v  0.1197 -2.8321 2.9863
v  0.1198 -2.9269 3.0053
v  0.5244 -3.2545 3.0796
v  0.5198 -3.3541 3.0931
v  0.2938 -3.6652 3.1270
v  0.2022 -3.7091 3.1279
v  0.4424 -3.5335 3.1159
v  0.3737 -3.6070 3.1231
v  0.4926 -3.4474 3.1058
v  0.4927 -3.1440 3.0580
v  0.4392 -3.0560 3.0401
v  0.3678 -2.9773 3.0279
v  0.2978 -2.9281 3.0162
v  0.2130 -3.2950 3.0702
v  0.2130 -3.2412 3.0616
v  0.2077 -3.3422 3.0774
v  0.1952 -3.3812 3.0829
v  0.1719 -3.4223 3.0882
v  0.1461 -3.4516 3.0915
v  0.1215 -3.4723 3.0935
v  0.0938 -3.4888 3.0946
v  0.0674 -3.5001 3.0950
v  0.0445 -3.5204 3.0970
v  0.0535 -3.5085 3.0956
v  0.0469 -3.7052 3.1211
v  0.0404 -3.5358 3.0992
v  0.0630 -3.7291 3.1212
v  0.1323 -3.7275 3.1264
v  0.0903 -3.7343 3.1244
v  0.2137 -2.9574 3.0164
v  0.0846 -3.7351 3.1238
v  0.0742 -3.7341 3.1223
v  0.2223 -2.9252 3.0117
v  0.2435 -2.9104 3.0105
v  0.2575 -2.9090 3.0110
v  0.2765 -2.9159 3.0131
v  0.2710 -2.9129 3.0124
v  0.1108 -2.9319 3.0372
v  0.0925 -2.9295 3.0746
v  0.0722 -2.9281 3.0958
v  0.0513 -2.9271 3.1092
v  0.0267 -2.9263 3.1182
v  0.0325 -2.9585 2.5711
v  0.0624 -2.9579 2.5856
v  0.0838 -2.9570 2.6043
v  0.1002 -2.9558 2.6273
v  0.1113 -2.9543 2.6550
v  0.1154 -2.9523 2.6892
v  0.1128 -2.9439 2.8323
v  0.1156 -2.9341 3.0010
v  0.0951 -2.9292 3.0811
v  0.1144 -2.9316 3.0432
v  0.0527 -2.9267 3.1161
v  0.0742 -2.9277 3.1025
v  0.0274 -2.9259 3.1251
v  0.0641 -2.9583 2.5788
v  0.0333 -2.9589 2.5642
v  0.1032 -2.9562 2.6210
v  0.0861 -2.9574 2.5977
v  0.1197 -2.9440 2.8315
v  0.1196 -2.9527 2.6836
v  0.1148 -2.9547 2.6489
v  0.1198 -2.9338 3.0066
v  0.0000 -2.9584 2.5662
v  0.0000 -2.9589 2.5592
v  0.0330 -2.7847 2.5226
v  0.0000 -2.8004 2.5351
v  0.0000 -2.5671 6.2274
v  0.0000 -2.6945 5.2159
v  0.0000 -3.9128 2.5988
v  0.0000 -3.5817 2.5394
v  0.0000 -2.7664 2.1167
v  0.0000 -4.1290 2.3828
v  0.0000 -2.7874 2.1250
v  0.0000 -2.8303 2.3472
v  0.0000 -2.5662 6.2170
v  0.0000 -3.9692 2.5869
v  0.0000 -3.9663 2.5933
v  0.0000 -2.8770 2.4130
v  0.0000 -2.8627 2.4104
v  0.0000 -3.9162 2.8526
v  0.0000 -2.8323 2.3615
v  0.0000 -2.7804 2.4720
v  0.0000 -3.7343 3.2961
v  0.0000 -2.7834 2.5162
v  0.0000 -2.8216 3.1070
v  -0.2043 -6.0448 -2.1848
v  -0.2641 -6.0849 -2.1573
v  -0.2042 -6.1342 -2.1235
v  -0.1580 -6.1032 -2.1447
v  -0.1061 -6.0811 -2.1599
v  -0.1373 -6.0162 -2.2044
v  -0.0523 -6.0683 -2.1687
v  -0.0677 -5.9997 -2.2158
v  -0.0523 -6.5376 -1.8468
v  -0.0677 -6.6063 -1.7997
v  -0.1061 -6.5248 -1.8555
v  -0.1373 -6.5897 -1.8110
v  -0.1580 -6.5027 -1.8707
v  -0.2043 -6.5611 -1.8307
v  -0.2042 -6.4717 -1.8920
v  -0.2641 -6.5211 -1.8581
v  -0.2418 -6.4336 -1.9182
v  -0.3127 -6.4717 -1.8920
v  -0.2684 -6.3918 -1.9468
v  -0.3467 -6.4178 -1.9293
v  -0.2842 -6.3464 -1.9779
v  -0.3674 -6.3591 -1.9692
v  -0.2890 -6.3030 -2.0077
v  -0.3736 -6.3030 -2.0077
v  -0.2842 -6.2596 -2.0375
v  -0.3674 -6.2468 -2.0462
v  -0.2687 -6.2151 -2.0680
v  -0.3474 -6.1894 -2.0856
v  -0.2418 -6.1724 -2.0973
v  -0.3127 -6.1342 -2.1235
v  -0.0677 -6.7176 -1.9620
v  -0.1373 -6.7011 -1.9734
v  -0.2043 -6.6725 -1.9930
v  -0.2641 -6.6324 -2.0205
v  -0.3127 -6.5831 -2.0543
v  -0.3468 -6.5291 -2.0914
v  -0.3674 -6.4704 -2.1316
v  -0.3736 -6.4143 -2.1701
v  -0.3674 -6.3582 -2.2086
v  -0.3474 -6.3008 -2.2479
v  -0.3127 -6.2455 -2.2858
v  -0.2641 -6.1962 -2.3197
v  -0.2043 -6.1562 -2.3471
v  -0.1373 -6.1275 -2.3668
v  -0.0677 -6.1110 -2.3781
v  -0.0739 -6.1026 -2.4256
v  -0.1500 -6.1206 -2.4133
v  -0.2231 -6.1519 -2.3918
v  -0.2884 -6.1956 -2.3618
v  -0.3415 -6.2495 -2.3249
v  -0.3794 -6.3098 -2.2835
v  -0.4012 -6.3725 -2.2405
v  -0.4081 -6.4338 -2.1984
v  -0.4012 -6.4951 -2.1564
v  -0.3788 -6.5592 -2.1126
v  -0.3415 -6.6181 -2.0720
v  -0.2884 -6.6720 -2.0351
v  -0.2231 -6.7157 -2.0051
v  -0.1500 -6.7470 -1.9836
v  -0.0739 -6.7650 -1.9713
v  -0.3931 -6.3081 -2.2907
v  -0.4158 -6.3731 -2.2461
v  -0.4061 -6.3746 -2.2451
v  -0.3840 -6.3111 -2.2886
v  -0.3456 -6.2500 -2.3305
v  -0.3539 -6.2456 -2.3335
v  -0.2919 -6.1955 -2.3679
v  -0.2989 -6.1898 -2.3718
v  -0.2258 -6.1513 -2.3982
v  -0.2312 -6.1445 -2.4029
v  -0.1518 -6.1196 -2.4199
v  -0.1554 -6.1121 -2.4251
v  -0.0748 -6.1014 -2.4325
v  -0.0766 -6.0934 -2.4379
v  -0.0748 -6.7718 -1.9726
v  -0.0766 -6.7798 -1.9671
v  -0.1518 -6.7536 -1.9851
v  -0.1554 -6.7611 -1.9799
v  -0.2258 -6.7219 -2.0068
v  -0.2312 -6.7287 -2.0022
v  -0.2919 -6.6776 -2.0372
v  -0.2989 -6.6834 -2.0333
v  -0.3456 -6.6231 -2.0746
v  -0.3539 -6.6276 -2.0715
v  -0.3835 -6.5635 -2.1155
v  -0.3924 -6.5666 -2.1137
v  -0.4061 -6.4986 -2.1600
v  -0.4158 -6.5001 -2.1590
v  -0.4130 -6.4366 -2.2025
v  -0.4229 -6.4366 -2.2025
v  -0.2145 0.0000 -1.1614
v  -0.2145 0.0000 1.1614
v  -0.4344 0.0000 1.0982
v  -0.6459 0.0000 0.9886
v  -0.8348 0.0000 0.8352
v  -0.9882 0.0000 0.6463
v  -1.0978 0.0000 0.4348
v  -1.1610 0.0000 0.2149
v  -1.1807 0.0000 0.0000
v  -1.1610 0.0000 -0.2149
v  -1.0978 0.0000 -0.4348
v  -0.9882 0.0000 -0.6463
v  -0.8348 0.0000 -0.8352
v  -0.6459 0.0000 -0.9886
v  -0.4344 0.0000 -1.0982
v  -0.2477 -0.0069 -1.3406
v  -0.5015 -0.0062 -1.2677
v  -0.7459 -0.0052 -1.1415
v  -0.9642 -0.0041 -0.9646
v  -1.1413 -0.0031 -0.7464
v  -1.2684 -0.0027 -0.5023
v  -1.3416 -0.0023 -0.2483
v  -1.3644 -0.0022 0.0000
v  -1.3416 -0.0023 0.2483
v  -1.2684 -0.0025 0.5023
v  -1.1417 -0.0030 0.7467
v  -0.9643 -0.0036 0.9647
v  -0.7460 -0.0045 1.1416
v  -0.5016 -0.0054 1.2679
v  -0.2477 -0.0060 1.3408
v  -0.2153 -0.4964 -1.1637
v  -0.4425 -0.4965 -1.1163
v  -0.6701 -0.4965 -1.0240
v  -0.8835 -0.4966 -0.8827
v  -1.0666 -0.4965 -0.6971
v  -1.2051 -0.4967 -0.4772
v  -1.2902 -0.4968 -0.2280
v  -1.3178 -0.4968 0.0000
v  -1.2942 -0.4968 0.2396
v  -1.2148 -0.4967 0.4810
v  -1.0788 -0.4963 0.7052
v  -0.8960 -0.4966 0.8957
v  -0.6814 -0.4965 1.0415
v  -0.4508 -0.4965 1.1376
v  -0.2196 -0.4964 1.1870
v  -0.1851 -0.9686 -1.0005
v  -0.3866 -0.9687 -0.9737
v  -0.5962 -0.9689 -0.9100
v  -0.8014 -0.9691 -0.7999
v  -0.9861 -0.9691 -0.6444
v  -1.1366 -0.9694 -0.4401
v  -1.2292 -0.9695 -0.2080
v  -1.2593 -0.9695 0.0127
v  -1.2333 -0.9695 0.2410
v  -1.1534 -0.9695 0.4568
v  -1.0118 -0.9693 0.6615
v  -0.8273 -0.9692 0.8272
v  -0.6185 -0.9690 0.9457
v  -0.4023 -0.9688 1.0156
v  -0.1930 -0.9687 1.0452
v  -0.1784 -1.2525 -0.9106
v  -0.3719 -1.2529 -0.8892
v  -0.5739 -1.2533 -0.8341
v  -0.7744 -1.2538 -0.7355
v  -0.9594 -1.2545 -0.5931
v  -1.1062 -1.2548 -0.4060
v  -1.1971 -1.2549 -0.1900
v  -1.2257 -1.2549 0.0315
v  -1.1967 -1.2549 0.2520
v  -1.1057 -1.2546 0.4659
v  -0.9592 -1.2540 0.6509
v  -0.7768 -1.2532 0.7954
v  -0.5774 -1.2524 0.8960
v  -0.3751 -1.2516 0.9540
v  -0.1802 -1.2511 0.9781
v  -0.1723 -1.5390 -0.8296
v  -0.1669 -1.8251 -0.7593
v  -0.3587 -1.5392 -0.8121
v  -0.3473 -1.8254 -0.7446
v  -0.5539 -1.5394 -0.7644
v  -0.5368 -1.8258 -0.7024
v  -0.7502 -1.5397 -0.6755
v  -0.7294 -1.8263 -0.6209
v  -0.9327 -1.5399 -0.5420
v  -0.9104 -1.8269 -0.4951
v  -1.0793 -1.5402 -0.3633
v  -1.0550 -1.8273 -0.3217
v  -1.1679 -1.5403 -0.1530
v  -1.1383 -1.8275 -0.1152
v  -1.1909 -1.5403 0.0629
v  -1.1545 -1.8275 0.0952
v  -1.1558 -1.5403 0.2748
v  -1.1166 -1.8273 0.2988
v  -1.0608 -1.5402 0.4766
v  -1.0223 -1.8270 0.4909
v  -0.9135 -1.5401 0.6470
v  -0.8821 -1.8272 0.6546
v  -0.7360 -1.5400 0.7784
v  -0.7139 -1.8283 0.7838
v  -0.5458 -1.5400 0.8698
v  -0.5330 -1.8300 0.8784
v  -0.3549 -1.5400 0.9243
v  -0.3491 -1.8320 0.9400
v  -0.1709 -1.5400 0.9494
v  -0.1689 -1.8337 0.9726
v  -0.1068 -6.1953 -2.7197
v  -0.0938 -6.2424 -2.6837
v  -0.1999 -6.2184 -2.7021
v  -0.1759 -6.2628 -2.6681
v  -0.2908 -6.2587 -2.6712
v  -0.2580 -6.3002 -2.6394
v  -0.3652 -6.3064 -2.6347
v  -0.3217 -6.3446 -2.6054
v  -0.4319 -6.3721 -2.5844
v  -0.3770 -6.4027 -2.5610
v  -0.4809 -6.4457 -2.5280
v  -0.4170 -6.4687 -2.5104
v  -0.5056 -6.5179 -2.4727
v  -0.4372 -6.5315 -2.4623
v  -0.5143 -6.5980 -2.4114
v  -0.4427 -6.5937 -2.4147
v  -0.5043 -6.6742 -2.3530
v  -0.4329 -6.6616 -2.3627
v  -0.4745 -6.7495 -2.2953
v  -0.4052 -6.7288 -2.3112
v  -0.4263 -6.8188 -2.2422
v  -0.3610 -6.7904 -2.2640
v  -0.3638 -6.8794 -2.1958
v  -0.3103 -6.8377 -2.2278
v  -0.2894 -6.9299 -2.1570
v  -0.2432 -6.8807 -2.1949
v  -0.2024 -6.9681 -2.1279
v  -0.1670 -6.9128 -2.1703
v  -0.1072 -6.9907 -2.1106
v  -0.0827 -6.9341 -2.1540
v  -0.1037 -5.9042 -2.4011
v  -0.2083 -5.9265 -2.3850
v  -0.3049 -5.9630 -2.3583
v  -0.3879 -6.0106 -2.3227
v  -0.4683 -6.0766 -2.2679
v  -0.5209 -6.1469 -2.2140
v  -0.5547 -6.2214 -2.1524
v  -0.5684 -6.3064 -2.0868
v  -0.5611 -6.3833 -2.0248
v  -0.5326 -6.4625 -1.9601
v  -0.4845 -6.5362 -1.9008
v  -0.4140 -6.6067 -1.8469
v  -0.3288 -6.6628 -1.8024
v  -0.2292 -6.7066 -1.7684
v  -0.1230 -6.7336 -1.7473
v  -0.5767 -3.8887 2.2051
v  -0.6474 -3.7737 2.1840
v  -0.1460 -2.7696 2.0052
v  -0.2813 -2.8102 2.0125
v  -0.4061 -2.8777 2.0254
v  -0.5228 -2.9760 2.0417
v  -0.6146 -3.0969 2.0626
v  -0.6785 -3.2275 2.0853
v  -0.7132 -3.3733 2.1124
v  -0.7184 -3.5179 2.1371
v  -0.6952 -3.6479 2.1612
v  -0.1348 -4.1637 2.2544
v  -0.2479 -4.1314 2.2495
v  -0.3688 -4.0771 2.2380
v  -0.4863 -3.9892 2.2230
v  -0.0991 -5.4414 -1.8832
v  -0.1001 -5.2445 -1.6808
v  -0.2238 -5.2661 -1.6645
v  -0.2181 -5.4623 -1.8671
v  -0.3291 -5.3020 -1.6407
v  -0.3198 -5.4969 -1.8437
v  -0.4274 -5.3519 -1.6050
v  -0.4142 -5.5447 -1.8088
v  -0.5195 -5.4173 -1.5492
v  -0.5047 -5.6097 -1.7532
v  -0.5826 -5.4857 -1.4918
v  -0.5636 -5.6752 -1.6986
v  -0.6288 -5.5737 -1.4254
v  -0.6073 -5.7578 -1.6328
v  -0.6493 -5.6613 -1.3530
v  -0.6262 -5.8416 -1.5638
v  -0.6452 -5.7506 -1.2800
v  -0.6218 -5.9279 -1.4930
v  -0.6192 -5.8300 -1.2124
v  -0.5958 -6.0057 -1.4253
v  -0.5745 -5.9047 -1.1496
v  -0.5509 -6.0791 -1.3629
v  -0.4910 -5.9917 -1.0808
v  -0.4713 -6.1625 -1.2991
v  -0.3881 -6.0611 -1.0265
v  -0.3727 -6.2287 -1.2465
v  -0.2716 -6.1121 -0.9880
v  -0.2613 -6.2773 -1.2088
v  -0.1423 -6.1440 -0.9631
v  -0.1379 -6.3077 -1.1844
v  -0.0979 -5.0663 -1.5109
v  -0.0944 -4.8729 -1.3437
v  -0.2231 -5.0884 -1.4950
v  -0.2156 -4.8952 -1.3290
v  -0.3283 -5.1251 -1.4729
v  -0.3184 -4.9332 -1.3093
v  -0.4295 -5.1764 -1.4381
v  -0.4156 -4.9855 -1.2800
v  -0.5307 -5.2511 -1.3810
v  -0.5289 -5.0702 -1.2250
v  -0.5966 -5.3244 -1.3243
v  -0.6011 -5.1496 -1.1679
v  -0.6466 -5.4224 -1.2562
v  -0.6647 -5.2595 -1.0796
v  -0.6682 -5.5138 -1.1787
v  -0.6874 -5.3652 -1.0038
v  -0.0782 -4.4494 -1.0419
v  -0.0917 -4.5853 -1.1275
v  -0.4175 -4.6424 -1.0264
v  -0.4320 -4.4976 -0.9311
v  -0.5664 -4.5605 -0.8434
v  -0.5413 -4.7183 -0.9567
v  -0.0938 -4.7456 -1.2426
v  -0.5270 -4.8810 -1.0794
v  -0.4190 -4.8150 -1.1418
v  -0.1946 -4.5980 -1.1135
v  -0.2056 -4.7507 -1.2191
v  -0.3034 -4.7685 -1.1865
v  -0.3014 -4.6120 -1.0783
v  -0.8127 -3.7476 -0.3587
v  -0.8668 -3.9029 -0.2244
v  -0.8073 -4.0700 -0.3674
v  -0.6997 -3.9422 -0.5135
v  -0.9495 -3.3897 -0.0789
v  -0.9332 -3.5846 0.1110
v  -0.9087 -3.7462 -0.0631
v  -0.8949 -3.5570 -0.2154
v  -0.9067 -2.9251 0.6675
v  -0.8948 -3.1211 0.7125
v  -0.9326 -3.2506 0.4911
v  -0.9632 -2.9898 0.4350
v  -0.8704 -4.0471 -0.0996
v  -0.8598 -4.1879 0.0106
v  -0.8358 -4.3315 -0.1373
v  -0.8398 -4.2127 -0.2425
v  -0.9180 -3.7251 0.1994
v  -0.8987 -3.9046 0.3130
v  -0.8803 -4.0476 0.1623
v  -0.8969 -3.8811 0.0439
v  -0.8941 -3.3340 0.7513
v  -0.8949 -3.5048 0.7969
v  -0.9103 -3.5996 0.6166
v  -0.9184 -3.4200 0.5456
v  -0.7773 -4.7732 -0.3375
v  -0.7545 -4.9216 -0.5022
v  -0.7500 -4.8105 -0.5756
v  -0.7823 -4.6441 -0.4234
v  -0.6346 -4.7996 -0.8716
v  -0.6119 -4.9632 -1.0090
v  -0.7617 -4.5273 -0.5085
v  -0.7200 -4.7055 -0.6564
v  -0.6636 -4.6256 -0.7422
v  -0.7049 -4.4206 -0.6063
v  -0.7313 -5.0675 -0.6641
v  -0.7090 -5.2117 -0.8258
v  -0.6906 -5.1081 -0.8972
v  -0.7194 -4.9603 -0.7329
v  -0.7990 -4.3582 -0.3869
v  -0.8104 -4.4890 -0.2818
v  -0.6920 -4.8844 -0.7923
v  -0.6697 -5.0512 -0.9355
v  -0.7528 -4.2534 -0.4893
v  -0.6023 -4.3525 -0.7174
v  -0.6551 -4.1457 -0.5996
v  -0.7982 -4.6310 -0.1797
v  -0.7724 -4.7569 -0.0888
v  -0.7550 -4.8969 -0.2477
v  -0.7264 -4.8820 -0.0118
v  -0.7130 -5.0164 -0.1780
v  -0.6590 -5.0005 0.0582
v  -0.6492 -5.1296 -0.1158
v  -0.5511 -5.1197 0.1371
v  -0.5436 -5.2454 -0.0412
v  -0.4261 -5.2052 0.2019
v  -0.4207 -5.3271 0.0210
v  -0.2936 -5.2620 0.2431
v  -0.2902 -5.3821 0.0610
v  -0.1460 -5.2948 0.2681
v  -0.1452 -5.4144 0.0855
v  -0.8742 -4.0672 0.4188
v  -0.8872 -3.9363 0.5595
v  -0.8474 -4.1164 0.6491
v  -0.8344 -4.2348 0.5127
v  -0.8391 -4.3420 0.1289
v  -0.8583 -4.1983 0.2783
v  -0.8209 -4.3533 0.3765
v  -0.8052 -4.4842 0.2247
v  -0.8192 -4.4853 -0.0209
v  -0.7897 -4.6154 0.0731
v  -0.7019 -5.3196 -0.7434
v  -0.6825 -5.4645 -0.9215
v  -0.7191 -5.1818 -0.5784
v  -0.7370 -5.0415 -0.4134
v  -0.7892 -4.2793 0.7324
v  -0.7778 -4.3852 0.5988
v  -0.7668 -4.4925 0.4661
v  -0.7546 -4.6189 0.3114
v  -0.7406 -4.7450 0.1567
v  -0.6717 -5.4146 -0.6819
v  -0.6548 -5.5511 -0.8588
v  -0.6851 -5.2838 -0.5154
v  -0.6990 -5.1516 -0.3477
v  -0.7108 -4.4304 0.8195
v  -0.7025 -4.5253 0.6862
v  -0.6934 -4.6224 0.5547
v  -0.6816 -4.7447 0.3940
v  -0.6704 -4.8678 0.2339
v  -0.6206 -5.5031 -0.6248
v  -0.6078 -5.6328 -0.8010
v  -0.6312 -5.3797 -0.4574
v  -0.6407 -5.2556 -0.2882
v  -0.5949 -4.5736 0.9212
v  -0.5864 -4.6646 0.7883
v  -0.5784 -4.7566 0.6560
v  -0.5682 -4.8739 0.4872
v  -0.5598 -4.9922 0.3190
v  -0.5238 -5.6015 -0.5470
v  -0.5171 -5.7270 -0.7254
v  -0.5301 -5.4840 -0.3802
v  -0.5368 -5.3657 -0.2121
v  -0.4615 -4.6815 0.9986
v  -0.4540 -4.7674 0.8640
v  -0.4472 -4.8547 0.7302
v  -0.4390 -4.9676 0.5581
v  -0.4324 -5.0819 0.3869
v  -0.4098 -5.6763 -0.4895
v  -0.4064 -5.8001 -0.6689
v  -0.4129 -5.5604 -0.3216
v  -0.4166 -5.4447 -0.1519
v  -0.3196 -4.7532 1.0474
v  -0.3139 -4.8356 0.9117
v  -0.3089 -4.9199 0.7771
v  -0.3028 -5.0295 0.6028
v  -0.2979 -5.1409 0.4296
v  -0.2844 -5.7293 -0.4508
v  -0.2830 -5.8532 -0.6300
v  -0.2857 -5.6136 -0.2829
v  -0.2879 -5.4986 -0.1125
v  -0.1548 -4.7948 1.0769
v  -0.1525 -4.8747 0.9404
v  -0.1505 -4.9563 0.8048
v  -0.1485 -5.0643 0.6293
v  -0.1471 -5.1745 0.4551
v  -0.1457 -5.7620 -0.4259
v  -0.1461 -5.8863 -0.6049
v  -0.1452 -5.6458 -0.2584
v  -0.1452 -5.5308 -0.0881
v  -0.6639 -5.6076 -1.1016
v  -0.6374 -5.6900 -1.0370
v  -0.5922 -5.7677 -0.9771
v  -0.5057 -5.8583 -0.9049
v  -0.3992 -5.9302 -0.8491
v  -0.2789 -5.9827 -0.8099
v  -0.1451 -6.0154 -0.7847
v  -0.1876 -4.4496 -1.0210
v  -0.3011 -4.4612 -0.9861
v  -0.1860 -2.5113 1.3598
v  -0.1860 -2.6049 1.4905
v  -0.3528 -2.6758 1.4896
v  -0.3818 -2.5914 1.3400
v  -0.5005 -2.7815 1.4900
v  -0.5416 -2.7094 1.3107
v  -0.6231 -2.9260 1.4931
v  -0.7001 -2.8857 1.2140
v  -0.7050 -3.0827 1.4988
v  -0.7644 -3.0855 1.2270
v  -0.7669 -3.2462 1.5062
v  -0.8079 -3.2622 1.2371
v  -0.8063 -3.4078 1.5161
v  -0.8416 -3.4303 1.2530
v  -0.8190 -3.5816 1.5226
v  -0.8501 -3.6108 1.2763
v  -0.7976 -3.7480 1.5559
v  -0.8273 -3.7943 1.3197
v  -0.7470 -3.9118 1.5873
v  -0.7738 -3.9718 1.3635
v  -0.6703 -4.0636 1.6237
v  -0.6924 -4.1347 1.4164
v  -0.5760 -4.1860 1.6673
v  -0.5917 -4.2658 1.4805
v  -0.4549 -4.2935 1.7066
v  -0.4651 -4.3753 1.5346
v  -0.3209 -4.3715 1.7323
v  -0.3269 -4.4544 1.5702
v  -0.1647 -4.4205 1.7499
v  -0.1643 -4.5033 1.5932
v  -0.1741 -2.7116 1.7288
v  -0.3089 -2.7580 1.7340
v  -0.4457 -2.8363 1.7438
v  -0.5705 -2.9525 1.7542
v  -0.6602 -3.0904 1.7677
v  -0.7285 -3.2354 1.7835
v  -0.7682 -3.3925 1.8026
v  -0.7773 -3.5515 1.8178
v  -0.7552 -3.7016 1.8476
v  -0.8486 -3.8312 1.1251
v  -0.8734 -3.6300 1.0621
v  -0.7059 -3.8473 1.8759
v  -0.7933 -4.0196 1.1823
v  -0.6315 -3.9817 1.9048
v  -0.7098 -4.1927 1.2481
v  -0.5382 -4.0945 1.9344
v  -0.6023 -4.3333 1.3281
v  -0.4141 -4.1939 1.9619
v  -0.4716 -4.4478 1.3943
v  -0.2892 -4.2588 1.9816
v  -0.3290 -4.5263 1.4362
v  -0.1515 -4.2993 1.9919
v  -0.1621 -4.5744 1.4630
v  -0.0987 -5.6302 -2.0884
v  -0.2140 -5.6509 -2.0717
v  -0.3121 -5.6849 -2.0474
v  -0.4023 -5.7314 -2.0120
v  -0.4908 -5.7967 -1.9558
v  -0.5454 -5.8611 -1.9036
v  -0.5857 -5.9380 -1.8388
v  -0.6034 -6.0197 -1.7711
v  -0.5985 -6.1035 -1.7020
v  -0.5725 -6.1801 -1.6340
v  -0.5272 -6.2522 -1.5719
v  -0.4513 -6.3318 -1.5131
v  -0.3569 -6.3949 -1.4623
v  -0.2504 -6.4409 -1.4254
v  -0.1331 -6.4699 -1.4016
v  -0.9099 -3.7587 0.4615
v  -0.8946 -3.7979 0.7039
v  -0.8583 -3.9951 0.7892
v  -0.8007 -4.1754 0.8663
v  -0.7180 -4.3412 0.9493
v  -0.6026 -4.4878 1.0484
v  -0.4684 -4.6011 1.1263
v  -0.3246 -4.6761 1.1750
v  -0.1568 -4.7204 1.2049
v  -0.8901 -3.6866 0.8631
v  -0.9261 -3.5767 0.3632
v  -0.1592 -4.6471 1.3336
v  -0.1099 -6.1817 -2.7227
v  -0.2044 -6.2046 -2.7050
v  -0.2999 -6.2464 -2.6735
v  -0.3746 -6.2953 -2.6361
v  -0.4441 -6.3643 -2.5835
v  -0.4922 -6.4373 -2.5269
v  -0.5187 -6.5122 -2.4703
v  -0.5276 -6.5962 -2.4056
v  -0.5170 -6.6718 -2.3472
v  -0.4871 -6.7504 -2.2871
v  -0.4379 -6.8225 -2.2320
v  -0.3730 -6.8837 -2.1848
v  -0.2985 -6.9332 -2.1463
v  -0.2069 -6.9739 -2.1153
v  -0.1115 -6.9973 -2.0974
v  -0.0921 -6.2505 -2.6714
v  -0.0769 -6.9187 -2.1585
v  -0.1608 -6.8988 -2.1734
v  -0.2345 -6.8677 -2.1968
v  -0.3014 -6.8250 -2.2298
v  -0.3503 -6.7789 -2.2651
v  -0.3923 -6.7201 -2.3104
v  -0.4186 -6.6560 -2.3598
v  -0.4285 -6.5897 -2.4108
v  -0.4229 -6.5286 -2.4578
v  -0.4029 -6.4678 -2.5042
v  -0.3645 -6.4045 -2.5527
v  -0.3125 -6.3503 -2.5945
v  -0.2496 -6.3065 -2.6280
v  -0.1691 -6.2703 -2.6560
v  -0.9434 -3.4261 0.2888
v  -0.9881 -3.1106 0.1857
v  -0.4692 -4.3070 -0.8126
v  -0.3098 -4.2685 -0.8818
v  -0.1921 -4.2576 -0.9144
v  -0.0840 -4.2465 -0.9270
v  -0.5109 -4.0746 -0.7007
v  -0.3594 -4.0273 -0.7632
v  -0.2272 -4.0091 -0.7983
v  -0.1106 -3.9933 -0.8104
v  -0.5573 -3.8593 -0.6165
v  -0.4017 -3.7930 -0.6799
v  -0.2479 -3.7793 -0.7198
v  -0.1224 -3.7769 -0.7370
v  -0.5861 -3.5806 -0.5548
v  -0.6771 -3.6279 -0.4986
v  -0.4420 -3.5368 -0.6160
v  -0.2790 -3.5276 -0.6586
v  -0.1333 -3.5290 -0.6772
v  -0.8236 -3.1876 -0.3660
v  -0.9179 -3.2713 -0.2221
v  -0.8502 -3.4583 -0.3146
v  -0.7517 -3.3799 -0.4276
v  -0.6490 -3.1081 -0.4996
v  -0.6216 -3.3133 -0.5161
v  -0.4734 -3.2737 -0.5797
v  -0.4775 -3.0977 -0.5725
v  -0.3068 -3.2707 -0.6217
v  -0.3187 -3.1080 -0.6101
v  -0.1423 -3.2762 -0.6404
v  -0.1493 -3.1068 -0.6271
v  -0.9101 -2.9543 -0.2884
v  -0.9833 -3.0319 -0.1148
v  -0.6710 -2.8774 -0.4974
v  -0.4907 -2.8635 -0.5726
v  -0.3242 -2.8640 -0.6085
v  -0.1530 -2.8617 -0.6234
v  -0.8296 -3.0792 0.9621
v  -0.8110 -2.8916 0.9318
v  -0.8698 -3.4622 1.0284
v  -0.8496 -3.2728 0.9979
v  -0.8311 -2.9213 -0.3824
v  -0.1536 -2.6480 -0.6329
v  -0.3265 -2.6497 -0.6192
v  -0.5003 -2.6509 -0.5832
v  -0.6825 -2.6608 -0.5093
v  -0.8457 -2.6896 -0.3960
v  -0.7626 -3.6845 -0.4232
v  -0.9647 -2.7336 -0.2446
v  -1.0255 -2.7996 -0.0503
v  -1.0246 -2.8179 0.1872
v  -0.1791 -2.4061 1.2523
v  -0.8602 -3.8946 0.9412
v  -0.8035 -4.0863 1.0089
v  -0.7201 -4.2626 1.0851
v  -0.6064 -4.4083 1.1794
v  -0.4721 -4.5234 1.2555
v  -0.3281 -4.6008 1.3037
v  -0.9863 -2.7922 0.4158
v  -0.9186 -2.7570 0.6373
v  -0.8536 -2.1146 0.6964
v  -0.8294 -2.3226 0.7511
v  -0.9605 -2.3263 0.5620
v  -0.9857 -2.1147 0.5256
v  -0.3594 -2.1150 1.0141
v  -0.1752 -2.1151 1.0613
v  -0.1740 -2.2028 1.1058
v  -0.3731 -2.2335 1.0634
v  -0.5418 -2.1149 0.9344
v  -0.5532 -2.2797 0.9882
v  -0.7141 -2.1149 0.8220
v  -0.6967 -2.3069 0.8868
v  -0.1584 -2.2741 -0.6750
v  -0.1553 -2.4607 -0.6505
v  -0.3327 -2.2746 -0.6616
v  -0.3289 -2.4617 -0.6366
v  -0.5153 -2.2762 -0.6244
v  -0.5082 -2.4634 -0.6016
v  -0.7015 -2.2792 -0.5501
v  -0.6920 -2.4699 -0.5277
v  -0.8781 -2.2863 -0.4299
v  -0.8618 -2.4878 -0.4109
v  -1.0188 -2.3098 -0.2522
v  -0.9978 -2.5230 -0.2358
v  -1.0853 -2.3366 -0.0447
v  -1.0576 -2.5695 -0.0307
v  -1.0866 -2.3403 0.1584
v  -1.0546 -2.5851 0.1791
v  -0.1754 -2.3083 1.1739
v  -1.0456 -2.3361 0.3608
v  -1.0153 -2.5637 0.3913
v  -0.9381 -2.5415 0.5995
v  -0.8115 -2.5208 0.8172
v  -0.8048 -2.7191 0.8846
v  -0.3913 -2.4816 1.2197
v  -0.3867 -2.3634 1.1326
v  -0.5594 -2.5917 1.1678
v  -0.5619 -2.4452 1.0634
v  -0.6780 -2.6868 1.0864
v  -0.6803 -2.5010 0.9781
v  -0.1621 -2.1139 -0.7009
v  -0.3376 -2.1140 -0.6881
v  -0.5226 -2.1142 -0.6494
v  -0.7122 -2.1144 -0.5729
v  -0.8906 -2.1146 -0.4510
v  -1.0321 -2.1146 -0.2809
v  -1.1087 -2.1146 -0.0774
v  -1.1167 -2.1146 0.1273
v  -1.0755 -2.1147 0.3341
v  -0.0919 -6.2480 -2.6570
v  -0.0729 -6.9051 -2.1488
v  -0.1579 -6.8860 -2.1649
v  -0.2307 -6.8554 -2.1872
v  -0.2988 -6.8122 -2.2215
v  -0.3467 -6.7660 -2.2563
v  -0.3874 -6.7087 -2.3003
v  -0.4129 -6.6465 -2.3485
v  -0.4225 -6.5808 -2.4002
v  -0.4168 -6.5193 -2.4472
v  -0.3969 -6.4593 -2.4929
v  -0.3588 -6.3979 -2.5404
v  -0.3094 -6.3463 -2.5800
v  -0.2461 -6.3018 -2.6137
v  -0.1658 -6.2658 -2.6413
v  -0.0770 -6.0974 -2.4436
v  -0.0765 -6.7838 -1.9729
v  -0.1555 -6.7650 -1.9857
v  -0.2312 -6.7327 -2.0079
v  -0.2989 -6.6873 -2.0390
v  -0.3537 -6.6318 -2.0771
v  -0.3923 -6.5706 -2.1191
v  -0.4157 -6.5044 -2.1645
v  -0.4229 -6.4407 -2.2082
v  -0.4158 -6.3772 -2.2518
v  -0.3932 -6.3123 -2.2963
v  -0.3540 -6.2498 -2.3392
v  -0.2992 -6.1940 -2.3774
v  -0.2316 -6.1486 -2.4085
v  -0.1557 -6.1161 -2.4308
v  -0.2312 -0.2637 -1.2504
v  -0.4724 -0.2637 -1.1931
v  -0.7092 -0.2626 -1.0845
v  -0.9261 -0.2614 -0.9259
v  -1.1077 -0.2595 -0.7242
v  -1.2412 -0.2597 -0.4915
v  -1.3203 -0.2594 -0.2444
v  -1.3464 -0.2592 0.0000
v  -1.3229 -0.2594 0.2449
v  -1.2462 -0.2594 0.4935
v  -1.1134 -0.2598 0.7280
v  -0.9317 -0.2604 0.9317
v  -0.7139 -0.2610 1.0917
v  -0.4759 -0.2618 1.2019
v  -0.2335 -0.2627 1.2626
v  -0.2000 -0.7326 -1.0803
v  -0.4144 -0.7326 -1.0444
v  -0.6333 -0.7327 -0.9672
v  -0.8426 -0.7327 -0.8416
v  -1.0265 -0.7327 -0.6708
v  -1.1693 -0.7327 -0.4630
v  -1.2597 -0.7327 -0.2180
v  -1.2893 -0.7327 0.0000
v  -1.2659 -0.7327 0.2344
v  -1.1840 -0.7327 0.4689
v  -1.0451 -0.7327 0.6832
v  -0.8616 -0.7327 0.8613
v  -0.6500 -0.7327 0.9936
v  -0.4264 -0.7326 1.0761
v  -0.2061 -0.7326 1.1146
v  -0.2458 -0.0006 -1.3304
v  -0.2440 0.0000 -1.3205
v  -0.4977 -0.0004 -1.2580
v  -0.4940 0.0000 -1.2487
v  -0.7401 -0.0002 -1.1326
v  -0.7346 0.0000 -1.1242
v  -0.9565 -0.0000 -0.9568
v  -0.9494 0.0000 -0.9498
v  -1.1323 0.0000 -0.7405
v  -1.1239 0.0000 -0.7350
v  -1.2578 0.0000 -0.4981
v  -1.2485 0.0000 -0.4944
v  -1.3302 0.0000 -0.2462
v  -1.3204 0.0000 -0.2444
v  -1.3528 0.0000 0.0000
v  -1.3428 0.0000 0.0000
v  -1.3302 0.0000 0.2462
v  -1.3204 -0.0000 0.2444
v  -1.2578 0.0000 0.4981
v  -1.2485 0.0000 0.4944
v  -1.1323 0.0000 0.7405
v  -1.1239 -0.0000 0.7350
v  -0.9565 -0.0000 0.9569
v  -0.9494 0.0000 0.9498
v  -0.7401 -0.0001 1.1326
v  -0.7346 0.0000 1.1242
v  -0.4977 -0.0002 1.2581
v  -0.4940 0.0000 1.2488
v  -0.2458 -0.0004 1.3305
v  -0.2440 0.0000 1.3206
v  -0.2478 -0.0327 -1.3413
v  -0.2471 -0.0420 -1.3377
v  -0.5024 -0.0310 -1.2700
v  -0.5011 -0.0404 -1.2668
v  -0.7484 -0.0288 -1.1454
v  -0.7467 -0.0383 -1.1427
v  -0.9690 -0.0262 -0.9694
v  -0.9672 -0.0359 -0.9676
v  -1.1489 -0.0225 -0.7513
v  -1.1472 -0.0323 -0.7502
v  -1.2771 -0.0228 -0.5057
v  -1.2756 -0.0326 -0.5052
v  -1.3516 -0.0220 -0.2502
v  -1.3500 -0.0319 -0.2499
v  -1.3750 -0.0216 0.0000
v  -1.3738 -0.0316 0.0000
v  -1.3516 -0.0221 0.2502
v  -1.3503 -0.0320 0.2500
v  -1.2777 -0.0221 0.5060
v  -1.2764 -0.0321 0.5055
v  -1.1491 -0.0236 0.7515
v  -1.1476 -0.0334 0.7505
v  -0.9696 -0.0249 0.9700
v  -0.9681 -0.0347 0.9684
v  -0.7491 -0.0269 1.1464
v  -0.7477 -0.0365 1.1442
v  -0.5031 -0.0290 1.2717
v  -0.5019 -0.0385 1.2688
v  -0.2482 -0.0307 1.3433
v  -0.2476 -0.0401 1.3400
v  -0.2485 -0.0196 -1.3452
v  -0.5034 -0.0182 -1.2727
v  -0.7492 -0.0163 -1.1465
v  -0.9691 -0.0142 -0.9695
v  -1.1476 -0.0117 -0.7505
v  -1.2758 -0.0115 -0.5052
v  -1.3497 -0.0108 -0.2498
v  -1.3728 -0.0105 0.0000
v  -1.3498 -0.0107 0.2499
v  -1.2759 -0.0110 0.5053
v  -1.1482 -0.0121 0.7509
v  -0.9695 -0.0132 0.9699
v  -0.7495 -0.0149 1.1471
v  -0.5037 -0.0165 1.2734
v  -0.2487 -0.0178 1.3462
v  -0.1057 -6.9852 -2.1148
v  -0.1997 -6.9629 -2.1318
v  -0.2854 -6.9254 -2.1605
v  -0.3587 -6.8755 -2.1988
v  -0.4205 -6.8157 -2.2446
v  -0.4680 -6.7474 -2.2969
v  -0.4974 -6.6730 -2.3539
v  -0.5073 -6.5979 -2.4114
v  -0.4987 -6.5188 -2.4720
v  -0.4744 -6.4477 -2.5264
v  -0.4260 -6.3751 -2.5820
v  -0.3602 -6.3103 -2.6317
v  -0.2869 -6.2634 -2.6677
v  -0.1971 -6.2235 -2.6981
v  -0.1054 -6.2007 -2.7155
v  -0.0953 -6.2369 -2.6879
v  -0.1787 -6.2577 -2.6720
v  -0.2621 -6.2957 -2.6429
v  -0.3268 -6.3408 -2.6083
v  -0.3830 -6.3998 -2.5632
v  -0.4236 -6.4668 -2.5119
v  -0.4441 -6.5306 -2.4630
v  -0.4497 -6.5938 -2.4146
v  -0.4398 -6.6628 -2.3618
v  -0.4117 -6.7311 -2.3095
v  -0.3667 -6.7936 -2.2616
v  -0.3153 -6.8417 -2.2247
v  -0.2471 -6.8854 -2.1913
v  -0.1697 -6.9179 -2.1663
v  -0.0841 -6.9396 -2.1497
v  -0.0729 -6.9011 -2.1430
v  -0.1580 -6.8820 -2.1591
v  -0.2308 -6.8514 -2.1815
v  -0.2990 -6.8081 -2.2158
v  -0.3469 -6.7619 -2.2507
v  -0.3875 -6.7044 -2.2947
v  -0.4130 -6.6422 -2.3430
v  -0.4225 -6.5765 -2.3947
v  -0.4168 -6.5151 -2.4416
v  -0.3968 -6.4551 -2.4873
v  -0.3586 -6.3937 -2.5348
v  -0.3093 -6.3422 -2.5743
v  -0.2459 -6.2978 -2.6080
v  -0.1656 -6.2618 -2.6356
v  -0.0917 -6.2440 -2.6513
v  -0.1114 -6.1695 -2.7156
v  -0.1112 -6.1631 -2.7080
v  -0.2057 -6.1922 -2.6970
v  -0.2058 -6.1857 -2.6894
v  -0.3043 -6.2345 -2.6646
v  -0.3043 -6.2279 -2.6571
v  -0.3783 -6.2841 -2.6279
v  -0.3785 -6.2774 -2.6205
v  -0.4501 -6.3550 -2.5740
v  -0.4506 -6.3483 -2.5666
v  -0.4965 -6.4266 -2.5185
v  -0.4971 -6.4199 -2.5111
v  -0.5242 -6.5030 -2.4610
v  -0.5249 -6.4962 -2.4537
v  -0.5336 -6.5898 -2.3939
v  -0.5344 -6.5831 -2.3866
v  -0.5232 -6.6641 -2.3367
v  -0.5241 -6.6575 -2.3293
v  -0.4923 -6.7434 -2.2744
v  -0.4933 -6.7368 -2.2670
v  -0.4420 -6.8165 -2.2176
v  -0.4430 -6.8099 -2.2102
v  -0.3770 -6.8795 -2.1712
v  -0.3779 -6.8731 -2.1636
v  -0.3037 -6.9281 -2.1339
v  -0.3043 -6.9219 -2.1261
v  -0.2083 -6.9695 -2.1013
v  -0.2088 -6.9633 -2.0934
v  -0.1142 -6.9934 -2.0829
v  -0.1144 -6.9873 -2.0750
v  0.0000 -6.6114 -1.7962
v  0.0000 -6.5416 -1.8441
v  0.0000 -6.1059 -2.3816
v  0.0000 -6.0970 -2.4295
v  0.0000 -6.7706 -1.9674
v  0.0000 -6.0957 -2.4363
v  0.0000 -6.7856 -1.9632
v  0.0000 -6.7775 -1.9687
v  0.0000 0.0000 -1.1811
v  0.0000 0.0000 -1.3429
v  0.0000 -0.0070 -1.3632
v  0.0000 -0.0006 -1.3529
v  0.0000 -0.0004 1.3530
v  0.0000 -0.0419 -1.3603
v  0.0000 -0.0399 1.3628
v  0.0000 -0.4963 -1.1773
v  0.0000 -0.7326 -1.0897
v  0.0000 -0.4964 1.2012
v  0.0000 -0.7325 1.1245
v  0.0000 -1.2524 -0.9157
v  0.0000 -0.9685 -1.0067
v  0.0000 -0.9685 1.0518
v  0.0000 -1.8250 -0.7621
v  0.0000 -1.8342 0.9826
v  0.0000 -6.2293 -2.6937
v  0.0000 -6.1922 -2.7221
v  0.0000 -5.8981 -2.4074
v  0.0000 -6.9973 -2.0673
v  0.0000 -3.5142 2.1484
v  0.0000 -4.1767 2.2569
v  0.0000 -6.3179 -1.1738
v  0.0000 -6.1539 -0.9518
v  0.0000 -4.5823 -1.1321
v  0.0000 -4.7482 -1.2522
v  0.0000 -5.4224 0.0961
v  0.0000 -4.8040 1.0876
v  0.0000 -5.1824 0.4657
v  0.0000 -5.6544 -0.2473
v  0.0000 -5.6244 -2.0928
v  0.0000 -2.6858 1.7271
v  0.0000 -4.5865 1.4723
v  0.0000 -4.6576 1.3440
v  0.0000 -6.1866 -2.7264
v  0.0000 -7.0077 -2.0898
v  0.0000 -6.2349 -2.6894
v  0.0000 -4.2322 -0.9239
v  0.0000 -3.7739 -0.7416
v  0.0000 -3.5273 -0.6816
v  0.0000 -3.1060 -0.6306
v  0.0000 -3.2730 -0.6436
v  0.0000 -2.8611 -0.6262
v  0.0000 -2.2730 -0.6770
v  0.0000 -2.2965 1.1849
v  0.0000 -6.2395 -2.6633
v  0.0000 -6.9117 -2.1469
v  0.0000 -6.0916 -2.4477
v  0.0000 -0.0305 1.3663
v  0.0000 -6.1600 -2.7232
v  0.0000 -7.0034 -2.0752
v  0.2043 -6.0448 -2.1848
v  0.1580 -6.1032 -2.1447
v  0.2042 -6.1342 -2.1235
v  0.2641 -6.0849 -2.1573
v  0.1373 -6.0162 -2.2044
v  0.1061 -6.0811 -2.1599
v  0.0677 -5.9997 -2.2158
v  0.0523 -6.0683 -2.1687
v  0.0000 -5.9946 -2.2193
v  0.0000 -6.0644 -2.1714
v  0.0523 -6.5376 -1.8468
v  0.0677 -6.6063 -1.7997
v  0.1373 -6.5897 -1.8110
v  0.1061 -6.5248 -1.8555
v  0.2043 -6.5611 -1.8307
v  0.1580 -6.5027 -1.8707
v  0.2641 -6.5211 -1.8581
v  0.2042 -6.4717 -1.8920
v  0.3127 -6.4717 -1.8920
v  0.2418 -6.4336 -1.9182
v  0.3467 -6.4178 -1.9293
v  0.2684 -6.3918 -1.9468
v  0.3674 -6.3591 -1.9692
v  0.2842 -6.3464 -1.9779
v  0.3736 -6.3030 -2.0077
v  0.2890 -6.3030 -2.0077
v  0.3674 -6.2468 -2.0462
v  0.2842 -6.2596 -2.0375
v  0.3474 -6.1894 -2.0856
v  0.2687 -6.2151 -2.0680
v  0.3127 -6.1342 -2.1235
v  0.2418 -6.1724 -2.0973
v  0.0677 -6.7176 -1.9620
v  0.1373 -6.7011 -1.9734
v  0.2043 -6.6725 -1.9930
v  0.2641 -6.6324 -2.0205
v  0.3127 -6.5831 -2.0543
v  0.3468 -6.5291 -2.0914
v  0.3674 -6.4704 -2.1316
v  0.3736 -6.4143 -2.1701
v  0.3674 -6.3582 -2.2086
v  0.3474 -6.3008 -2.2479
v  0.3127 -6.2455 -2.2858
v  0.2641 -6.1962 -2.3197
v  0.2043 -6.1562 -2.3471
v  0.1373 -6.1275 -2.3668
v  0.0677 -6.1110 -2.3781
v  0.0739 -6.1026 -2.4256
v  0.1500 -6.1206 -2.4133
v  0.2231 -6.1519 -2.3918
v  0.2884 -6.1956 -2.3618
v  0.3415 -6.2495 -2.3249
v  0.3794 -6.3098 -2.2835
v  0.4012 -6.3725 -2.2405
v  0.4081 -6.4338 -2.1984
v  0.4012 -6.4951 -2.1564
v  0.3788 -6.5592 -2.1126
v  0.3415 -6.6181 -2.0720
v  0.2884 -6.6720 -2.0351
v  0.2231 -6.7157 -2.0051
v  0.1500 -6.7470 -1.9836
v  0.0739 -6.7650 -1.9713
v  0.3931 -6.3081 -2.2907
v  0.3840 -6.3111 -2.2886
v  0.4061 -6.3746 -2.2451
v  0.4158 -6.3731 -2.2461
v  0.3539 -6.2456 -2.3335
v  0.3456 -6.2500 -2.3305
v  0.2989 -6.1898 -2.3718
v  0.2919 -6.1955 -2.3679
v  0.2312 -6.1445 -2.4029
v  0.2258 -6.1513 -2.3982
v  0.1554 -6.1121 -2.4251
v  0.1518 -6.1196 -2.4199
v  0.0766 -6.0934 -2.4379
v  0.0748 -6.1014 -2.4325
v  0.0000 -6.0876 -2.4419
v  0.0748 -6.7718 -1.9726
v  0.0766 -6.7798 -1.9671
v  0.1554 -6.7611 -1.9799
v  0.1518 -6.7536 -1.9851
v  0.2312 -6.7287 -2.0022
v  0.2258 -6.7219 -2.0068
v  0.2989 -6.6834 -2.0333
v  0.2919 -6.6776 -2.0372
v  0.3539 -6.6276 -2.0715
v  0.3456 -6.6231 -2.0746
v  0.3924 -6.5666 -2.1137
v  0.3835 -6.5635 -2.1155
v  0.4158 -6.5001 -2.1590
v  0.4061 -6.4986 -2.1600
v  0.4229 -6.4366 -2.2025
v  0.4130 -6.4366 -2.2025
v  0.2145 0.0000 -1.1614
v  0.0000 0.0000 0.0000
v  0.2145 0.0000 1.1614
v  0.4344 0.0000 1.0982
v  0.6459 0.0000 0.9886
v  0.8348 0.0000 0.8352
v  0.9882 0.0000 0.6463
v  1.0978 0.0000 0.4348
v  1.1610 0.0000 0.2149
v  1.1807 0.0000 0.0000
v  1.1610 0.0000 -0.2149
v  1.0978 0.0000 -0.4348
v  0.9882 0.0000 -0.6463
v  0.8348 0.0000 -0.8352
v  0.6459 0.0000 -0.9886
v  0.4344 0.0000 -1.0982
v  0.2440 0.0000 -1.3205
v  0.4940 0.0000 -1.2487
v  0.7346 0.0000 -1.1242
v  0.9494 0.0000 -0.9498
v  1.1239 0.0000 -0.7350
v  1.2485 0.0000 -0.4944
v  1.3204 0.0000 -0.2444
v  1.3428 -0.0000 0.0000
v  1.3204 0.0000 0.2444
v  1.2485 -0.0000 0.4944
v  1.1239 0.0000 0.7350
v  0.9494 0.0000 0.9498
v  0.7346 0.0000 1.1242
v  0.4940 0.0000 1.2488
v  0.2440 0.0000 1.3206
v  0.0000 0.0000 1.3430
v  0.0000 0.0000 1.1811
v  0.2477 -0.0069 -1.3406
v  0.5015 -0.0062 -1.2677
v  0.4977 -0.0004 -1.2580
v  0.2458 -0.0006 -1.3304
v  0.7459 -0.0052 -1.1415
v  0.7401 -0.0002 -1.1326
v  0.9642 -0.0041 -0.9646
v  0.9565 -0.0000 -0.9568
v  1.1413 -0.0031 -0.7464
v  1.1323 0.0000 -0.7405
v  1.2684 -0.0027 -0.5023
v  1.2578 0.0000 -0.4981
v  1.3416 -0.0023 -0.2483
v  1.3302 0.0000 -0.2462
v  1.3644 -0.0022 0.0000
v  1.3528 0.0000 0.0000
v  1.3416 -0.0023 0.2483
v  1.3302 0.0000 0.2462
v  1.2684 -0.0025 0.5023
v  1.2578 -0.0000 0.4981
v  1.1417 -0.0030 0.7467
v  1.1323 0.0000 0.7405
v  0.9643 -0.0036 0.9647
v  0.9565 -0.0000 0.9569
v  0.7460 -0.0045 1.1416
v  0.7401 -0.0001 1.1326
v  0.5016 -0.0054 1.2679
v  0.4977 -0.0002 1.2581
v  0.2477 -0.0060 1.3408
v  0.2458 -0.0004 1.3305
v  0.0000 -0.0060 1.3635
v  0.2471 -0.0420 -1.3377
v  0.2312 -0.2637 -1.2504
v  0.4724 -0.2637 -1.1931
v  0.5011 -0.0404 -1.2668
v  0.7092 -0.2626 -1.0845
v  0.7467 -0.0383 -1.1427
v  0.9262 -0.2614 -0.9259
v  0.9672 -0.0359 -0.9676
v  1.1077 -0.2595 -0.7242
v  1.1472 -0.0323 -0.7502
v  1.2412 -0.2597 -0.4915
v  1.2756 -0.0326 -0.5052
v  1.3203 -0.2594 -0.2444
v  1.3500 -0.0319 -0.2499
v  1.3464 -0.2592 0.0000
v  1.3738 -0.0316 0.0000
v  1.3229 -0.2594 0.2449
v  1.3503 -0.0320 0.2500
v  1.2467 -0.2595 0.4937
v  1.2764 -0.0321 0.5055
v  1.1139 -0.2599 0.7284
v  1.1476 -0.0334 0.7505
v  0.9320 -0.2605 0.9320
v  0.9681 -0.0347 0.9684
v  0.7141 -0.2611 1.0920
v  0.7477 -0.0365 1.1442
v  0.4760 -0.2619 1.2021
v  0.5019 -0.0385 1.2688
v  0.2335 -0.2627 1.2627
v  0.2476 -0.0401 1.3400
v  0.0000 -0.2626 1.2813
v  0.2153 -0.4964 -1.1637
v  0.2000 -0.7326 -1.0803
v  0.4425 -0.4965 -1.1163
v  0.4144 -0.7326 -1.0444
v  0.6701 -0.4965 -1.0240
v  0.6333 -0.7327 -0.9672
v  0.8835 -0.4966 -0.8827
v  0.8426 -0.7327 -0.8416
v  1.0666 -0.4965 -0.6971
v  1.0265 -0.7327 -0.6708
v  1.2051 -0.4967 -0.4772
v  1.1693 -0.7327 -0.4630
v  1.2902 -0.4968 -0.2280
v  1.2597 -0.7327 -0.2180
v  1.3178 -0.4968 0.0000
v  1.2893 -0.7327 0.0000
v  1.2949 -0.4969 0.2397
v  1.2667 -0.7328 0.2346
v  1.2154 -0.4968 0.4813
v  1.1847 -0.7328 0.4692
v  1.0792 -0.4964 0.7056
v  1.0456 -0.7328 0.6836
v  0.8964 -0.4967 0.8961
v  0.8619 -0.7328 0.8618
v  0.6816 -0.4966 1.0419
v  0.6502 -0.7328 0.9940
v  0.4509 -0.4966 1.1379
v  0.4265 -0.7327 1.0764
v  0.2196 -0.4965 1.1872
v  0.2061 -0.7326 1.1147
v  0.0000 -0.0196 -1.3679
v  0.2485 -0.0196 -1.3452
v  0.5034 -0.0182 -1.2727
v  0.7492 -0.0163 -1.1465
v  0.9691 -0.0142 -0.9695
v  1.1476 -0.0117 -0.7505
v  1.2758 -0.0115 -0.5052
v  1.3497 -0.0108 -0.2498
v  1.3728 -0.0105 0.0000
v  1.3498 -0.0107 0.2499
v  1.2759 -0.0110 0.5053
v  1.1482 -0.0121 0.7509
v  0.9695 -0.0132 0.9699
v  0.7495 -0.0149 1.1471
v  0.5037 -0.0165 1.2734
v  0.2487 -0.0178 1.3462
v  0.1851 -0.9686 -1.0005
v  0.1784 -1.2525 -0.9106
v  0.3719 -1.2529 -0.8893
v  0.3866 -0.9687 -0.9738
v  0.5740 -1.2534 -0.8344
v  0.5963 -0.9690 -0.9101
v  0.7746 -1.2539 -0.7358
v  0.8014 -0.9691 -0.7999
v  0.9585 -1.2543 -0.5923
v  0.9861 -0.9691 -0.6444
v  1.1061 -1.2548 -0.4059
v  1.1366 -0.9694 -0.4401
v  1.1977 -1.2550 -0.1901
v  1.2292 -0.9695 -0.2080
v  1.2274 -1.2551 0.0315
v  1.2593 -0.9695 0.0127
v  1.1971 -1.2550 0.2521
v  1.2352 -0.9698 0.2415
v  1.1062 -1.2547 0.4662
v  1.1540 -0.9695 0.4571
v  0.9595 -1.2541 0.6512
v  1.0122 -0.9694 0.6619
v  0.7770 -1.2533 0.7958
v  0.8275 -0.9693 0.8275
v  0.5775 -1.2524 0.8963
v  0.6187 -0.9691 0.9460
v  0.3751 -1.2516 0.9541
v  0.4023 -0.9689 1.0157
v  0.1803 -1.2511 0.9781
v  0.1930 -0.9687 1.0452
v  0.0000 -1.2509 0.9839
v  0.1723 -1.5390 -0.8295
v  0.0000 -1.5389 -0.8333
v  0.1669 -1.8251 -0.7593
v  0.3587 -1.5392 -0.8122
v  0.3473 -1.8254 -0.7447
v  0.5540 -1.5395 -0.7646
v  0.5369 -1.8259 -0.7026
v  0.7504 -1.5398 -0.6758
v  0.7295 -1.8264 -0.6212
v  0.9330 -1.5400 -0.5423
v  0.9106 -1.8270 -0.4954
v  1.0796 -1.5403 -0.3635
v  1.0552 -1.8273 -0.3218
v  1.1685 -1.5404 -0.1531
v  1.1389 -1.8275 -0.1153
v  1.1916 -1.5404 0.0630
v  1.1553 -1.8276 0.0952
v  1.1564 -1.5404 0.2750
v  1.1172 -1.8274 0.2990
v  1.0614 -1.5402 0.4769
v  1.0228 -1.8271 0.4912
v  0.9139 -1.5401 0.6473
v  0.8825 -1.8272 0.6550
v  0.7362 -1.5400 0.7787
v  0.7141 -1.8283 0.7841
v  0.5459 -1.5400 0.8700
v  0.5332 -1.8300 0.8787
v  0.3549 -1.5400 0.9242
v  0.3491 -1.8320 0.9401
v  0.1709 -1.5400 0.9494
v  0.1689 -1.8337 0.9726
v  0.1054 -6.2007 -2.7155
v  0.0953 -6.2369 -2.6879
v  0.1787 -6.2577 -2.6720
v  0.1971 -6.2235 -2.6981
v  0.2621 -6.2957 -2.6429
v  0.2869 -6.2634 -2.6677
v  0.3268 -6.3408 -2.6083
v  0.3602 -6.3103 -2.6317
v  0.3830 -6.3998 -2.5632
v  0.4260 -6.3751 -2.5820
v  0.4236 -6.4668 -2.5119
v  0.4744 -6.4477 -2.5264
v  0.4441 -6.5306 -2.4630
v  0.4987 -6.5188 -2.4720
v  0.4497 -6.5938 -2.4146
v  0.5073 -6.5979 -2.4114
v  0.4398 -6.6628 -2.3618
v  0.4974 -6.6730 -2.3539
v  0.4117 -6.7311 -2.3095
v  0.4680 -6.7474 -2.2969
v  0.3667 -6.7936 -2.2616
v  0.4205 -6.8157 -2.2446
v  0.3153 -6.8417 -2.2247
v  0.3587 -6.8755 -2.1988
v  0.2471 -6.8854 -2.1913
v  0.2854 -6.9254 -2.1605
v  0.1697 -6.9179 -2.1663
v  0.1997 -6.9629 -2.1318
v  0.0841 -6.9396 -2.1497
v  0.1057 -6.9852 -2.1148
v  0.0000 -6.9447 -2.1458
v  0.0000 -6.9948 -2.1075
v  0.1112 -6.1631 -2.7080
v  0.1037 -5.9042 -2.4011
v  0.0000 -6.1536 -2.7155
v  0.2058 -6.1857 -2.6894
v  0.2083 -5.9265 -2.3850
v  0.3043 -6.2279 -2.6571
v  0.3049 -5.9630 -2.3583
v  0.3785 -6.2774 -2.6205
v  0.3879 -6.0106 -2.3227
v  0.4506 -6.3483 -2.5666
v  0.4683 -6.0766 -2.2679
v  0.4971 -6.4199 -2.5111
v  0.5209 -6.1469 -2.2140
v  0.5249 -6.4962 -2.4537
v  0.5547 -6.2214 -2.1524
v  0.5344 -6.5831 -2.3866
v  0.5684 -6.3064 -2.0868
v  0.5241 -6.6575 -2.3293
v  0.5611 -6.3833 -2.0248
v  0.4933 -6.7368 -2.2670
v  0.5326 -6.4625 -1.9601
v  0.4430 -6.8099 -2.2102
v  0.4845 -6.5362 -1.9008
v  0.3779 -6.8731 -2.1636
v  0.4140 -6.6067 -1.8469
v  0.3043 -6.9219 -2.1261
v  0.3288 -6.6628 -1.8024
v  0.2088 -6.9633 -2.0934
v  0.2292 -6.7066 -1.7684
v  0.1144 -6.9873 -2.0750
v  0.1230 -6.7336 -1.7473
v  0.6477 -3.7738 2.1844
v  0.5769 -3.8888 2.2054
v  0.1460 -2.7695 2.0053
v  0.2814 -2.8101 2.0126
v  0.4061 -2.8775 2.0256
v  0.5228 -2.9760 2.0417
v  0.6148 -3.0968 2.0629
v  0.6788 -3.2274 2.0857
v  0.7135 -3.3732 2.1127
v  0.7187 -3.5178 2.1375
v  0.6955 -3.6479 2.1616
v  0.1348 -4.1637 2.2545
v  0.2480 -4.1314 2.2496
v  0.3689 -4.0772 2.2382
v  0.4864 -3.9894 2.2233
v  0.0991 -5.4414 -1.8832
v  0.2181 -5.4623 -1.8671
v  0.2238 -5.2661 -1.6645
v  0.1001 -5.2445 -1.6808
v  0.3198 -5.4969 -1.8437
v  0.3291 -5.3020 -1.6407
v  0.4142 -5.5447 -1.8088
v  0.4274 -5.3519 -1.6050
v  0.5047 -5.6097 -1.7532
v  0.5195 -5.4173 -1.5492
v  0.5636 -5.6752 -1.6986
v  0.5826 -5.4857 -1.4918
v  0.6073 -5.7578 -1.6328
v  0.6288 -5.5737 -1.4254
v  0.6262 -5.8416 -1.5638
v  0.6493 -5.6613 -1.3530
v  0.6218 -5.9279 -1.4930
v  0.6452 -5.7506 -1.2800
v  0.5958 -6.0057 -1.4253
v  0.6192 -5.8300 -1.2124
v  0.5509 -6.0791 -1.3629
v  0.5745 -5.9047 -1.1496
v  0.4713 -6.1625 -1.2991
v  0.4910 -5.9917 -1.0808
v  0.3727 -6.2287 -1.2465
v  0.3881 -6.0611 -1.0265
v  0.2613 -6.2773 -1.2088
v  0.2716 -6.1121 -0.9880
v  0.1379 -6.3077 -1.1844
v  0.1423 -6.1440 -0.9631
v  0.0979 -5.0663 -1.5109
v  0.0944 -4.8729 -1.3437
v  0.0000 -4.8692 -1.3488
v  0.0000 -5.0599 -1.5147
v  0.2231 -5.0884 -1.4950
v  0.2157 -4.8950 -1.3293
v  0.3283 -5.1251 -1.4729
v  0.3186 -4.9330 -1.3095
v  0.4295 -5.1764 -1.4381
v  0.4160 -4.9852 -1.2804
v  0.5308 -5.2510 -1.3811
v  0.5294 -5.0700 -1.2253
v  0.5966 -5.3244 -1.3243
v  0.6018 -5.1494 -1.1682
v  0.6466 -5.4224 -1.2562
v  0.6652 -5.2595 -1.0798
v  0.6682 -5.5138 -1.1787
v  0.6881 -5.3652 -1.0039
v  0.4177 -4.6422 -1.0267
v  0.5417 -4.7181 -0.9570
v  0.5669 -4.5603 -0.8438
v  0.4322 -4.4974 -0.9315
v  0.0917 -4.5852 -1.1277
v  0.0938 -4.7456 -1.2427
v  0.4192 -4.8148 -1.1421
v  0.5274 -4.8808 -1.0797
v  0.1946 -4.5979 -1.1137
v  0.2057 -4.7506 -1.2193
v  0.3015 -4.6119 -1.0785
v  0.3035 -4.7683 -1.1867
v  0.8132 -3.7476 -0.3590
v  0.7001 -3.9422 -0.5139
v  0.8079 -4.0699 -0.3677
v  0.8675 -3.9030 -0.2246
v  0.9502 -3.3898 -0.0790
v  0.8956 -3.5571 -0.2156
v  0.9094 -3.7463 -0.0632
v  0.9341 -3.5847 0.1109
v  0.9080 -2.9250 0.6679
v  0.9639 -2.9899 0.4351
v  0.9330 -3.2507 0.4911
v  0.8955 -3.1211 0.7127
v  0.8711 -4.0471 -0.0997
v  0.8405 -4.2127 -0.2427
v  0.8366 -4.3316 -0.1373
v  0.8605 -4.1880 0.0106
v  0.9188 -3.7252 0.1994
v  0.8977 -3.8812 0.0439
v  0.8811 -4.0477 0.1623
v  0.8996 -3.9047 0.3130
v  0.8948 -3.3340 0.7514
v  0.9191 -3.4201 0.5456
v  0.9110 -3.5997 0.6166
v  0.8956 -3.5048 0.7970
v  0.7774 -4.7732 -0.3375
v  0.7831 -4.6441 -0.4235
v  0.7507 -4.8105 -0.5758
v  0.7553 -4.9217 -0.5023
v  0.6124 -4.9630 -1.0093
v  0.6351 -4.7995 -0.8719
v  0.7624 -4.5273 -0.5087
v  0.7055 -4.4205 -0.6067
v  0.6642 -4.6255 -0.7425
v  0.7207 -4.7054 -0.6566
v  0.7321 -5.0676 -0.6641
v  0.7201 -4.9603 -0.7331
v  0.6913 -5.1080 -0.8974
v  0.7098 -5.2117 -0.8259
v  0.8112 -4.4890 -0.2818
v  0.8007 -4.3699 -0.3777
v  0.6874 -4.8766 -0.7997
v  0.6703 -5.0510 -0.9358
v  0.7534 -4.2534 -0.4897
v  0.6027 -4.3524 -0.7178
v  0.6555 -4.1456 -0.6000
v  0.7555 -4.8970 -0.2476
v  0.7731 -4.7571 -0.0887
v  0.7989 -4.6311 -0.1797
v  0.7138 -5.0167 -0.1779
v  0.7275 -4.8824 -0.0116
v  0.6498 -5.1299 -0.1156
v  0.6596 -5.0008 0.0584
v  0.5437 -5.2455 -0.0411
v  0.5514 -5.1199 0.1372
v  0.4208 -5.3272 0.0210
v  0.4260 -5.2052 0.2019
v  0.2902 -5.3821 0.0610
v  0.2936 -5.2620 0.2431
v  0.1453 -5.4144 0.0856
v  0.1460 -5.2948 0.2681
v  0.0000 -5.3027 0.2786
v  0.8749 -4.0673 0.4188
v  0.8353 -4.2350 0.5128
v  0.8483 -4.1165 0.6492
v  0.8881 -3.9364 0.5596
v  0.8395 -4.3421 0.1289
v  0.8060 -4.4844 0.2248
v  0.8216 -4.3534 0.3766
v  0.8591 -4.1984 0.2783
v  0.8195 -4.4854 -0.0209
v  0.7904 -4.6156 0.0732
v  0.7026 -5.3198 -0.7433
v  0.6832 -5.4646 -0.9215
v  0.7200 -5.1820 -0.5783
v  0.7375 -5.0416 -0.4134
v  0.7796 -4.3858 0.5991
v  0.7899 -4.2796 0.7325
v  0.7553 -4.6191 0.3115
v  0.7681 -4.4929 0.4664
v  0.7419 -4.7454 0.1569
v  0.6724 -5.4148 -0.6818
v  0.6554 -5.5513 -0.8587
v  0.6865 -5.2842 -0.5152
v  0.7001 -5.1520 -0.3475
v  0.7031 -4.5255 0.6864
v  0.7114 -4.4306 0.8196
v  0.6822 -4.7450 0.3942
v  0.6940 -4.6227 0.5548
v  0.6709 -4.8681 0.2341
v  0.6211 -5.5034 -0.6246
v  0.6084 -5.6331 -0.8008
v  0.6318 -5.3800 -0.4573
v  0.6412 -5.2559 -0.2880
v  0.5868 -4.6649 0.7885
v  0.5953 -4.5739 0.9214
v  0.5686 -4.8742 0.4874
v  0.5788 -4.7569 0.6561
v  0.5602 -4.9925 0.3192
v  0.5241 -5.6017 -0.5468
v  0.5173 -5.7272 -0.7253
v  0.5305 -5.4843 -0.3800
v  0.5368 -5.3657 -0.2121
v  0.4543 -4.7677 0.8642
v  0.4618 -4.6818 0.9988
v  0.4392 -4.9679 0.5583
v  0.4475 -4.8550 0.7304
v  0.4323 -5.0816 0.3867
v  0.4100 -5.6765 -0.4894
v  0.4063 -5.8000 -0.6690
v  0.4131 -5.5607 -0.3215
v  0.4168 -5.4449 -0.1517
v  0.3140 -4.8358 0.9118
v  0.3197 -4.7534 1.0475
v  0.3029 -5.0297 0.6029
v  0.3090 -4.9202 0.7772
v  0.2979 -5.1408 0.4295
v  0.2845 -5.7295 -0.4506
v  0.2830 -5.8532 -0.6299
v  0.2858 -5.6138 -0.2827
v  0.2879 -5.4987 -0.1125
v  0.1525 -4.8748 0.9404
v  0.1548 -4.7949 1.0770
v  0.1485 -5.0643 0.6292
v  0.1506 -4.9564 0.8048
v  0.1471 -5.1745 0.4551
v  0.1457 -5.7621 -0.4258
v  0.1461 -5.8863 -0.6049
v  0.1452 -5.6459 -0.2583
v  0.1452 -5.5309 -0.0880
v  0.0000 -4.8834 0.9511
v  0.0000 -5.0724 0.6399
v  0.0000 -4.9646 0.8156
v  0.6639 -5.6076 -1.1016
v  0.6374 -5.6900 -1.0370
v  0.5922 -5.7677 -0.9771
v  0.5057 -5.8583 -0.9049
v  0.3992 -5.9302 -0.8491
v  0.2789 -5.9827 -0.8099
v  0.1451 -6.0154 -0.7847
v  0.1877 -4.4494 -1.0213
v  0.0782 -4.4493 -1.0420
v  0.3013 -4.4610 -0.9864
v  0.1861 -2.5110 1.3601
v  0.3821 -2.5911 1.3403
v  0.3530 -2.6756 1.4898
v  0.1860 -2.6049 1.4905
v  0.5427 -2.7084 1.3116
v  0.5009 -2.7811 1.4902
v  0.7013 -2.8851 1.2145
v  0.6233 -2.9258 1.4932
v  0.7651 -3.0853 1.2271
v  0.7050 -3.0827 1.4988
v  0.8086 -3.2621 1.2372
v  0.7661 -3.2464 1.5061
v  0.8423 -3.4302 1.2531
v  0.8066 -3.4078 1.5161
v  0.8508 -3.6108 1.2764
v  0.8197 -3.5817 1.5227
v  0.8279 -3.7944 1.3198
v  0.7983 -3.7481 1.5560
v  0.7745 -3.9720 1.3636
v  0.7476 -3.9120 1.5874
v  0.6930 -4.1350 1.4165
v  0.6708 -4.0639 1.6239
v  0.5920 -4.2660 1.4806
v  0.5764 -4.1863 1.6674
v  0.4654 -4.3757 1.5348
v  0.4552 -4.2938 1.7067
v  0.3270 -4.4545 1.5702
v  0.3209 -4.3715 1.7323
v  0.1643 -4.5033 1.5932
v  0.1647 -4.4205 1.7499
v  0.0000 -4.5169 1.6015
v  0.0000 -4.4356 1.7564
v  0.3099 -2.7559 1.7346
v  0.1725 -2.7107 1.7288
v  0.4467 -2.8350 1.7442
v  0.5710 -2.9521 1.7543
v  0.6608 -3.0901 1.7678
v  0.7285 -3.2354 1.7835
v  0.7686 -3.3924 1.8026
v  0.7779 -3.5515 1.8179
v  0.7559 -3.7017 1.8477
v  0.8741 -3.6300 1.0622
v  0.8493 -3.8313 1.1252
v  0.7065 -3.8475 1.8761
v  0.7929 -4.0194 1.1822
v  0.6322 -3.9821 1.9051
v  0.7104 -4.1930 1.2483
v  0.5389 -4.0951 1.9347
v  0.6022 -4.3333 1.3281
v  0.4141 -4.1939 1.9619
v  0.4704 -4.4464 1.3935
v  0.2893 -4.2590 1.9816
v  0.3292 -4.5266 1.4364
v  0.1516 -4.2995 1.9920
v  0.1621 -4.5744 1.4630
v  0.0000 -4.3132 1.9968
v  0.0000 -5.4346 -1.8862
v  0.0987 -5.6302 -2.0884
v  0.2140 -5.6509 -2.0717
v  0.3121 -5.6849 -2.0474
v  0.4023 -5.7314 -2.0120
v  0.4908 -5.7967 -1.9558
v  0.5454 -5.8611 -1.9036
v  0.5857 -5.9380 -1.8388
v  0.6034 -6.0197 -1.7711
v  0.5985 -6.1035 -1.7020
v  0.5725 -6.1801 -1.6340
v  0.5272 -6.2522 -1.5719
v  0.4513 -6.3318 -1.5131
v  0.3569 -6.3949 -1.4623
v  0.2504 -6.4409 -1.4254
v  0.1331 -6.4699 -1.4016
v  0.0000 -6.0252 -0.7732
v  0.9106 -3.7588 0.4615
v  0.8590 -3.9952 0.7892
v  0.8953 -3.7980 0.7039
v  0.8014 -4.1756 0.8664
v  0.7186 -4.3415 0.9495
v  0.6030 -4.4881 1.0486
v  0.4687 -4.6014 1.1265
v  0.3247 -4.6764 1.1751
v  0.1568 -4.7204 1.2049
v  0.0000 -4.7301 1.2154
v  0.8909 -3.6866 0.8631
v  0.9268 -3.5767 0.3633
v  0.1068 -6.1953 -2.7197
v  0.1999 -6.2184 -2.7021
v  0.2044 -6.2046 -2.7050
v  0.1099 -6.1817 -2.7227
v  0.2908 -6.2587 -2.6712
v  0.2999 -6.2464 -2.6735
v  0.3652 -6.3064 -2.6347
v  0.3746 -6.2953 -2.6361
v  0.4319 -6.3721 -2.5844
v  0.4441 -6.3643 -2.5835
v  0.4809 -6.4457 -2.5280
v  0.4922 -6.4373 -2.5269
v  0.5056 -6.5179 -2.4727
v  0.5187 -6.5122 -2.4703
v  0.5143 -6.5980 -2.4114
v  0.5276 -6.5962 -2.4056
v  0.5043 -6.6742 -2.3530
v  0.5170 -6.6718 -2.3472
v  0.4745 -6.7495 -2.2953
v  0.4871 -6.7504 -2.2871
v  0.4263 -6.8188 -2.2422
v  0.4379 -6.8225 -2.2320
v  0.3638 -6.8794 -2.1958
v  0.3730 -6.8837 -2.1848
v  0.2894 -6.9299 -2.1570
v  0.2985 -6.9332 -2.1463
v  0.2024 -6.9681 -2.1279
v  0.2069 -6.9739 -2.1153
v  0.1072 -6.9907 -2.1106
v  0.1115 -6.9973 -2.0974
v  0.0000 -7.0004 -2.1032
v  0.0827 -6.9341 -2.1540
v  0.0769 -6.9187 -2.1585
v  0.0000 -6.9247 -2.1541
v  0.0000 -6.9392 -2.1501
v  0.1670 -6.9128 -2.1703
v  0.1608 -6.8988 -2.1734
v  0.2432 -6.8807 -2.1949
v  0.2345 -6.8677 -2.1968
v  0.3103 -6.8377 -2.2278
v  0.3014 -6.8250 -2.2298
v  0.3610 -6.7904 -2.2640
v  0.3503 -6.7789 -2.2651
v  0.4052 -6.7288 -2.3112
v  0.3923 -6.7201 -2.3104
v  0.4329 -6.6616 -2.3627
v  0.4186 -6.6560 -2.3598
v  0.4427 -6.5937 -2.4147
v  0.4285 -6.5897 -2.4108
v  0.4372 -6.5315 -2.4623
v  0.4229 -6.5286 -2.4578
v  0.4170 -6.4687 -2.5104
v  0.4029 -6.4678 -2.5042
v  0.3770 -6.4027 -2.5610
v  0.3645 -6.4045 -2.5527
v  0.3217 -6.3446 -2.6054
v  0.3125 -6.3503 -2.5945
v  0.2580 -6.3002 -2.6394
v  0.2496 -6.3065 -2.6280
v  0.1759 -6.2628 -2.6681
v  0.1691 -6.2703 -2.6560
v  0.0938 -6.2424 -2.6837
v  0.0921 -6.2505 -2.6714
v  0.0000 -6.7438 -1.7385
v  0.0000 -6.4802 -1.3915
v  0.9439 -3.4262 0.2888
v  0.9888 -3.1107 0.1857
v  0.4695 -4.3068 -0.8130
v  0.3099 -4.2683 -0.8821
v  0.1922 -4.2575 -0.9147
v  0.0840 -4.2464 -0.9271
v  0.0000 -4.4555 -1.0498
v  0.5112 -4.0745 -0.7010
v  0.3595 -4.0272 -0.7635
v  0.2272 -4.0091 -0.7984
v  0.1106 -3.9933 -0.8104
v  0.0000 -3.9940 -0.8167
v  0.5577 -3.8592 -0.6172
v  0.4018 -3.7930 -0.6801
v  0.2479 -3.7793 -0.7198
v  0.1224 -3.7769 -0.7370
v  0.5863 -3.5806 -0.5552
v  0.4421 -3.5368 -0.6162
v  0.2790 -3.5276 -0.6586
v  0.1333 -3.5290 -0.6772
v  0.8240 -3.1877 -0.3664
v  0.7521 -3.3799 -0.4280
v  0.8507 -3.4583 -0.3150
v  0.9184 -3.2714 -0.2223
v  0.6490 -3.1081 -0.4996
v  0.4775 -3.0977 -0.5725
v  0.4734 -3.2737 -0.5797
v  0.6219 -3.3133 -0.5165
v  0.3187 -3.1080 -0.6101
v  0.3068 -3.2707 -0.6217
v  0.1493 -3.1068 -0.6271
v  0.1423 -3.2762 -0.6404
v  0.9106 -2.9544 -0.2888
v  0.9839 -3.0319 -0.1150
v  0.6710 -2.8774 -0.4974
v  0.4907 -2.8635 -0.5726
v  0.3242 -2.8640 -0.6085
v  0.1530 -2.8617 -0.6234
v  0.8133 -2.8912 0.9326
v  0.8303 -3.0791 0.9623
v  0.8705 -3.4621 1.0285
v  0.8489 -3.2729 0.9978
v  0.6774 -3.6278 -0.4990
v  0.8315 -2.9213 -0.3828
v  0.1536 -2.6480 -0.6335
v  0.0000 -2.6467 -0.6356
v  0.3265 -2.6497 -0.6197
v  0.5004 -2.6510 -0.5834
v  0.6827 -2.6609 -0.5095
v  0.8460 -2.6897 -0.3963
v  0.7630 -3.6845 -0.4235
v  0.9652 -2.7337 -0.2448
v  1.0262 -2.7997 -0.0504
v  1.0251 -2.8180 0.1872
v  0.8609 -3.8947 0.9413
v  0.8042 -4.0865 1.0091
v  0.7207 -4.2629 1.0852
v  0.6068 -4.4086 1.1795
v  0.4720 -4.5232 1.2555
v  0.3283 -4.6011 1.3039
v  0.1592 -4.6471 1.3336
v  0.9864 -2.7922 0.4158
v  0.9196 -2.7570 0.6377
v  0.8539 -2.1146 0.6967
v  0.9862 -2.1147 0.5259
v  0.9611 -2.3263 0.5623
v  0.8308 -2.3224 0.7522
v  0.3595 -2.1150 1.0143
v  0.3735 -2.2331 1.0642
v  0.1741 -2.2028 1.1059
v  0.1752 -2.1151 1.0614
v  0.5420 -2.1148 0.9347
v  0.5540 -2.2792 0.9894
v  0.7148 -2.1147 0.8229
v  0.6976 -2.3066 0.8877
v  0.1553 -2.4607 -0.6506
v  0.3290 -2.4618 -0.6375
v  0.3327 -2.2747 -0.6621
v  0.1584 -2.2741 -0.6751
v  0.5082 -2.4634 -0.6016
v  0.5154 -2.2763 -0.6246
v  0.6920 -2.4698 -0.5276
v  0.7016 -2.2793 -0.5504
v  0.8619 -2.4878 -0.4111
v  0.8784 -2.2864 -0.4303
v  0.9978 -2.5230 -0.2358
v  1.0188 -2.3098 -0.2522
v  1.0582 -2.5695 -0.0309
v  1.0860 -2.3367 -0.0448
v  1.0553 -2.5852 0.1792
v  1.0873 -2.3404 0.1585
v  0.1754 -2.3082 1.1740
v  0.0000 -2.1974 1.1189
v  1.0160 -2.5638 0.3915
v  1.0462 -2.3362 0.3610
v  0.9387 -2.5415 0.5997
v  0.8126 -2.5206 0.8179
v  0.8063 -2.7188 0.8853
v  0.3872 -2.3629 1.1334
v  0.3917 -2.4812 1.2202
v  0.1791 -2.4060 1.2525
v  0.5636 -2.4439 1.0656
v  0.5607 -2.5908 1.1690
v  0.6811 -2.5007 0.9787
v  0.6790 -2.6864 1.0871
v  0.0000 -2.7550 2.0030
v  0.0000 -2.5752 1.4917
v  0.0000 -2.1139 -0.7032
v  0.1621 -2.1139 -0.7009
v  0.3376 -2.1140 -0.6882
v  0.5227 -2.1142 -0.6496
v  0.7123 -2.1144 -0.5732
v  0.8909 -2.1146 -0.4513
v  1.0327 -2.1147 -0.2813
v  1.1094 -2.1147 -0.0775
v  1.1174 -2.1147 0.1274
v  1.0761 -2.1147 0.3343
v  0.0000 -6.2422 -2.6773
v  0.0919 -6.2480 -2.6570
v  0.1579 -6.8860 -2.1649
v  0.0729 -6.9051 -2.1488
v  0.2307 -6.8554 -2.1872
v  0.2988 -6.8122 -2.2215
v  0.3467 -6.7660 -2.2563
v  0.3874 -6.7087 -2.3003
v  0.4129 -6.6465 -2.3485
v  0.4225 -6.5808 -2.4002
v  0.4168 -6.5193 -2.4472
v  0.3969 -6.4593 -2.4929
v  0.3588 -6.3979 -2.5404
v  0.3094 -6.3463 -2.5800
v  0.2461 -6.3018 -2.6137
v  0.1658 -6.2658 -2.6413
v  0.2057 -6.1922 -2.6970
v  0.1114 -6.1695 -2.7156
v  0.3043 -6.2345 -2.6646
v  0.3783 -6.2841 -2.6279
v  0.4501 -6.3550 -2.5740
v  0.4965 -6.4266 -2.5185
v  0.5242 -6.5030 -2.4610
v  0.5336 -6.5898 -2.3939
v  0.5232 -6.6641 -2.3367
v  0.4923 -6.7434 -2.2744
v  0.4420 -6.8165 -2.2176
v  0.3770 -6.8795 -2.1712
v  0.3037 -6.9281 -2.1339
v  0.2083 -6.9695 -2.1013
v  0.1142 -6.9934 -2.0829
v  0.0729 -6.9011 -2.1430
v  0.0765 -6.7838 -1.9729
v  0.0000 -6.7895 -1.9689
v  0.0000 -6.9077 -2.1411
v  0.1580 -6.8820 -2.1591
v  0.1555 -6.7650 -1.9857
v  0.2308 -6.8514 -2.1815
v  0.2312 -6.7327 -2.0079
v  0.2990 -6.8081 -2.2158
v  0.2989 -6.6873 -2.0390
v  0.3469 -6.7619 -2.2507
v  0.3537 -6.6318 -2.0771
v  0.3875 -6.7044 -2.2947
v  0.3923 -6.5706 -2.1191
v  0.4130 -6.6422 -2.3430
v  0.4157 -6.5044 -2.1645
v  0.4225 -6.5765 -2.3947
v  0.4229 -6.4407 -2.2082
v  0.4168 -6.5151 -2.4416
v  0.4158 -6.3772 -2.2518
v  0.3968 -6.4551 -2.4873
v  0.3932 -6.3123 -2.2963
v  0.3586 -6.3937 -2.5348
v  0.3540 -6.2498 -2.3392
v  0.3093 -6.3422 -2.5743
v  0.2992 -6.1940 -2.3774
v  0.2459 -6.2978 -2.6080
v  0.2316 -6.1486 -2.4085
v  0.1656 -6.2618 -2.6356
v  0.1557 -6.1161 -2.4308
v  0.0917 -6.2440 -2.6513
v  0.0770 -6.0974 -2.4436
v  0.0000 -2.3879 1.2612
v  0.0000 -2.1151 1.0754
v  0.5024 -0.0310 -1.2700
v  0.2478 -0.0327 -1.3413
v  0.7484 -0.0288 -1.1454
v  0.9690 -0.0262 -0.9694
v  1.1489 -0.0225 -0.7513
v  1.2771 -0.0228 -0.5057
v  1.3516 -0.0220 -0.2502
v  1.3750 -0.0216 0.0000
v  1.3516 -0.0221 0.2502
v  1.2777 -0.0221 0.5060
v  1.1491 -0.0236 0.7515
v  0.9696 -0.0249 0.9700
v  0.7491 -0.0269 1.1464
v  0.5031 -0.0290 1.2717
v  0.2482 -0.0307 1.3433
v  0.0000 -0.0178 1.3689
v  0.0000 -6.2355 -2.6576
v  0.0000 -6.7227 -1.9585
v  0.0000 -0.2637 -1.2687
v  0.0000 -1.5400 0.9565
v  0.0000 -5.7711 -0.4145
v  0.0000 -5.8959 -0.5930
v  0.0000 -5.5391 -0.0773
v  0.0000 -5.2367 -1.6825
v  0.0000 -2.4881 1.3643
v  0.0000 -6.1727 -2.7301
v  0.0000 -2.4595 -0.6526
v  0.0000 -0.0326 -1.3642
v  -0.1472 -2.7587 1.9824
v  -0.1481 -2.7554 1.9659
v  0.0000 -2.7438 1.9801
v  0.0000 -2.7400 1.9635
v  -0.6609 -3.7828 2.1613
v  -0.6635 -3.7865 2.1449
v  -0.5899 -3.8996 2.1833
v  -0.5924 -3.9045 2.1669
v  -0.2844 -2.7996 1.9909
v  -0.2860 -2.7969 1.9742
v  -0.4115 -2.8666 2.0026
v  -0.4137 -2.8647 1.9859
v  -0.5314 -2.9680 2.0185
v  -0.5339 -2.9670 2.0018
v  -0.6260 -3.0924 2.0383
v  -0.6281 -3.0923 2.0216
v  -0.6902 -3.2247 2.0609
v  -0.6925 -3.2253 2.0442
v  -0.7273 -3.3776 2.0887
v  -0.7297 -3.3785 2.0720
v  -0.7317 -3.5212 2.1124
v  -0.7343 -3.5229 2.0957
v  -0.7086 -3.6544 2.1385
v  -0.7113 -3.6570 2.1219
v  -0.1401 -4.1804 2.2367
v  -0.1409 -4.1882 2.2206
v  0.0000 -4.1940 2.2389
v  0.0000 -4.2019 2.2229
v  -0.2578 -4.1470 2.2312
v  -0.2599 -4.1542 2.2152
v  -0.3732 -4.0943 2.2173
v  -0.3758 -4.1006 2.2011
v  -0.4979 -4.0014 2.2025
v  -0.5003 -4.0070 2.1862
v  0.5901 -3.8997 2.1834
v  0.5926 -3.9045 2.1670
v  0.6618 -3.7828 2.1611
v  0.6644 -3.7866 2.1446
v  0.1472 -2.7587 1.9825
v  0.1481 -2.7553 1.9659
v  0.2846 -2.7992 1.9910
v  0.2862 -2.7964 1.9744
v  0.4107 -2.8657 2.0025
v  0.4131 -2.8637 1.9858
v  0.5317 -2.9677 2.0186
v  0.5342 -2.9667 2.0020
v  0.6266 -3.0920 2.0385
v  0.6287 -3.0919 2.0218
v  0.6908 -3.2244 2.0611
v  0.6931 -3.2251 2.0444
v  0.7283 -3.3774 2.0890
v  0.7306 -3.3783 2.0723
v  0.7322 -3.5222 2.1144
v  0.7348 -3.5238 2.0978
v  0.7095 -3.6545 2.1378
v  0.7121 -3.6572 2.1212
v  0.1386 -4.1811 2.2365
v  0.1395 -4.1888 2.2205
v  0.2562 -4.1486 2.2307
v  0.2583 -4.1557 2.2146
v  0.3761 -4.0915 2.2202
v  0.3785 -4.0979 2.2040
v  0.4978 -4.0015 2.2027
v  0.5003 -4.0072 2.1864
v  -0.6244 -3.7640 2.1913
v  -0.6059 -3.7566 2.1901
v  -0.5553 -3.8756 2.2114
v  -0.5387 -3.8648 2.2095
v  -0.6700 -3.6409 2.1693
v  -0.6504 -3.6372 2.1687
v  -0.6923 -3.5163 2.1469
v  -0.6723 -3.5163 2.1470
v  -0.6862 -3.3734 2.1213
v  -0.6666 -3.3774 2.1220
v  -0.6559 -3.2366 2.0967
v  -0.6373 -3.2445 2.0982
v  -0.5933 -3.1098 2.0740
v  -0.5766 -3.1211 2.0761
v  -0.5067 -2.9930 2.0530
v  -0.4926 -3.0075 2.0557
v  -0.3973 -2.8975 2.0359
v  -0.3863 -2.9145 2.0390
v  -0.2751 -2.8306 2.0239
v  -0.2675 -2.8494 2.0273
v  -0.1430 -2.7917 2.0169
v  -0.1391 -2.8115 2.0205
v  0.0000 -2.7779 2.0144
v  0.0000 -2.7981 2.0181
v  -0.2345 -4.1089 2.2532
v  -0.2274 -4.0909 2.2501
v  -0.1286 -4.1386 2.2586
v  -0.1247 -4.1196 2.2552
v  -0.3584 -4.0529 2.2432
v  -0.3476 -4.0366 2.2403
v  -0.4657 -3.9707 2.2284
v  -0.4517 -3.9569 2.2260
v  0.0000 -4.1521 2.2610
v  0.0000 -4.1327 2.2575
v  0.5553 -3.8756 2.2114
v  0.5387 -3.8648 2.2095
v  0.6244 -3.7640 2.1913
v  0.6059 -3.7566 2.1901
v  0.6700 -3.6409 2.1693
v  0.6504 -3.6372 2.1687
v  0.6923 -3.5163 2.1469
v  0.6723 -3.5163 2.1470
v  0.6862 -3.3734 2.1213
v  0.6666 -3.3774 2.1220
v  0.6559 -3.2366 2.0967
v  0.6373 -3.2445 2.0982
v  0.5933 -3.1098 2.0740
v  0.5766 -3.1211 2.0761
v  0.5067 -2.9930 2.0530
v  0.4926 -3.0075 2.0557
v  0.3973 -2.8975 2.0359
v  0.3863 -2.9145 2.0390
v  0.2751 -2.8306 2.0239
v  0.2675 -2.8494 2.0273
v  0.1430 -2.7917 2.0169
v  0.1391 -2.8115 2.0205
v  0.1286 -4.1386 2.2586
v  0.1247 -4.1196 2.2552
v  0.2345 -4.1089 2.2532
v  0.2274 -4.0909 2.2501
v  0.3584 -4.0529 2.2432
v  0.3476 -4.0366 2.2403
v  0.4657 -3.9707 2.2284
v  0.4517 -3.9569 2.2260
v  0.0012 -2.7926 2.6771
v  0.0003 -2.8053 2.8202
v  0.0216 -2.8227 3.1191
v  0.1337 -2.8296 2.9877
v  0.1307 -2.8305 3.0162
v  0.1226 -2.8300 3.0411
v  0.1099 -2.8287 3.0641
v  0.0920 -2.8269 3.0846
v  0.0701 -2.8252 3.1013
v  0.0458 -2.8237 3.1128
v  0.1339 -2.8197 2.8089
v  0.1336 -2.8044 2.6598
v  0.0372 -2.7802 2.5255
v  0.1319 -2.8019 2.6349
v  0.1215 -2.7970 2.6012
v  0.1056 -2.7917 2.5742
v  0.0871 -2.7872 2.5538
v  0.0650 -2.7836 2.5374
v  0.0012 -2.8152 2.9898
v  -0.0204 -2.8228 3.1192
v  0.0005 -2.8223 3.1208
v  -0.1331 -2.8297 2.9879
v  -0.1299 -2.8303 3.0155
v  -0.0450 -2.8238 3.1130
v  -0.1220 -2.8300 3.0409
v  -0.1091 -2.8286 3.0639
v  -0.0911 -2.8270 3.0848
v  -0.0690 -2.8251 3.1015
v  -0.1322 -2.8171 2.8080
v  -0.1331 -2.8046 2.6599
v  0.0003 -2.7785 2.5194
v  -0.0332 -2.7800 2.5244
v  -0.0621 -2.7831 2.5363
v  -0.1308 -2.8017 2.6331
v  -0.1195 -2.7965 2.5988
v  -0.1030 -2.7912 2.5717
v  -0.0846 -2.7869 2.5521
v  0.0006 -2.9638 2.8595
v  0.1146 -3.0084 2.6193
v  0.1149 -3.0015 2.6186
v  0.1086 -3.0077 2.6229
v  0.1311 -3.0027 2.6555
v  0.1244 -3.0022 2.6574
v  0.1312 -2.9957 2.6547
v  0.1365 -2.9962 2.6920
v  0.1295 -2.9959 2.6925
v  0.1365 -2.9893 2.6908
v  0.0007 -3.0166 2.5577
v  0.0007 -3.0097 2.5565
v  0.0007 -3.0154 2.5646
v  0.0257 -3.0168 2.5601
v  0.0244 -3.0156 2.5669
v  0.0261 -3.0099 2.5590
v  0.0511 -3.0161 2.5675
v  0.0485 -3.0149 2.5739
v  0.0515 -3.0092 2.5665
v  0.0757 -3.0144 2.5803
v  0.0718 -3.0133 2.5860
v  0.0761 -3.0075 2.5794
v  0.0971 -3.0118 2.5977
v  0.0921 -3.0109 2.6025
v  0.0974 -3.0049 2.5968
v  0.1261 -2.9320 3.0571
v  0.1261 -2.9251 3.0560
v  0.1197 -2.9323 3.0544
v  0.1133 -2.9276 3.0806
v  0.1075 -2.9282 3.0767
v  0.1132 -2.9207 3.0795
v  0.1364 -2.9411 3.0067
v  0.1364 -2.9341 3.0059
v  0.1294 -2.9410 3.0063
v  0.1339 -2.9366 3.0318
v  0.1270 -2.9367 3.0304
v  0.1338 -2.9297 3.0307
v  0.0526 -2.9177 3.1294
v  0.0521 -2.9108 3.1284
v  0.0499 -2.9188 3.1230
v  0.0272 -2.9158 3.1369
v  0.0258 -2.9170 3.1301
v  0.0268 -2.9089 3.1357
v  0.0755 -2.9203 3.1175
v  0.0752 -2.9134 3.1165
v  0.0716 -2.9212 3.1117
v  0.0960 -2.9236 3.1011
v  0.0959 -2.9167 3.1001
v  0.0911 -2.9244 3.0962
v  0.1364 -2.9699 2.8420
v  0.1364 -2.9631 2.8404
v  0.1294 -2.9698 2.8420
v  0.0007 -2.9148 3.1394
v  0.0007 -2.9160 3.1325
v  0.0007 -2.9079 3.1382
v  -0.1300 -2.9970 2.6545
v  -0.1301 -2.9900 2.6536
v  -0.1233 -2.9968 2.6564
v  -0.1134 -3.0035 2.6183
v  -0.1074 -3.0030 2.6220
v  -0.1136 -2.9965 2.6176
v  -0.1352 -2.9902 2.6910
v  -0.1352 -2.9834 2.6898
v  -0.1283 -2.9903 2.6915
v  -0.0243 -3.0157 2.5599
v  -0.0246 -3.0088 2.5588
v  -0.0230 -3.0145 2.5667
v  -0.0497 -3.0139 2.5671
v  -0.0501 -3.0070 2.5660
v  -0.0471 -3.0128 2.5735
v  -0.0744 -3.0111 2.5796
v  -0.0747 -3.0042 2.5787
v  -0.0705 -3.0102 2.5854
v  -0.0958 -3.0076 2.5969
v  -0.0960 -3.0007 2.5960
v  -0.0908 -3.0069 2.6017
v  -0.1121 -2.9227 3.0799
v  -0.1120 -2.9158 3.0788
v  -0.1063 -2.9235 3.0760
v  -0.1249 -2.9265 3.0562
v  -0.1185 -2.9271 3.0536
v  -0.1249 -2.9196 3.0551
v  -0.1327 -2.9308 3.0308
v  -0.1326 -2.9239 3.0297
v  -0.1258 -2.9312 3.0295
v  -0.1352 -2.9352 3.0057
v  -0.1282 -2.9354 3.0053
v  -0.1352 -2.9282 3.0049
v  -0.0258 -2.9147 3.1367
v  -0.0255 -2.9078 3.1356
v  -0.0245 -2.9159 3.1300
v  -0.0512 -2.9154 3.1291
v  -0.0485 -2.9166 3.1227
v  -0.0508 -2.9085 3.1280
v  -0.0741 -2.9170 3.1170
v  -0.0703 -2.9181 3.1113
v  -0.0739 -2.9101 3.1160
v  -0.0947 -2.9194 3.1005
v  -0.0898 -2.9204 3.0956
v  -0.0946 -2.9125 3.0994
v  -0.1352 -2.9640 2.8410
v  -0.1282 -2.9641 2.8410
v  -0.1352 -2.9572 2.8394
v  0.1000 -3.0066 2.6280
v  0.1147 -3.0015 2.6602
v  0.1195 -2.9956 2.6932
v  0.1194 -2.9696 2.8419
v  0.1194 -2.9409 3.0058
v  0.1172 -2.9368 3.0284
v  0.1104 -2.9328 3.0506
v  0.0992 -2.9289 3.0712
v  0.0841 -2.9255 3.0892
v  0.0661 -2.9226 3.1035
v  0.0461 -2.9203 3.1138
v  0.0239 -2.9186 3.1204
v  0.0007 -2.9177 3.1226
v  -0.0225 -2.9176 3.1203
v  -0.0447 -2.9183 3.1136
v  -0.0647 -2.9197 3.1031
v  -0.0828 -2.9218 3.0886
v  -0.0979 -2.9246 3.0705
v  -0.1092 -2.9280 3.0498
v  -0.1160 -2.9317 3.0276
v  -0.1182 -2.9357 3.0049
v  -0.1182 -2.9644 2.8410
v  -0.1183 -2.9904 2.6922
v  -0.1136 -2.9965 2.6592
v  -0.0988 -3.0022 2.6272
v  -0.0837 -3.0058 2.6087
v  -0.0650 -3.0089 2.5937
v  -0.0434 -3.0113 2.5827
v  -0.0212 -3.0129 2.5764
v  0.0007 -3.0137 2.5745
v  0.0225 -3.0138 2.5766
v  0.0447 -3.0132 2.5831
v  0.0663 -3.0117 2.5943
v  0.0849 -3.0095 2.6095
v  0.0441 -2.8210 3.1072
v  0.0417 -2.8206 3.1006
v  0.0211 -2.8202 3.1130
v  0.0200 -2.8199 3.1060
v  0.0356 -2.7770 2.5334
v  0.0339 -2.7777 2.5402
v  0.0624 -2.7800 2.5441
v  0.0595 -2.7805 2.5505
v  0.1261 -2.7985 2.6365
v  0.1195 -2.7977 2.6387
v  0.1279 -2.8013 2.6605
v  0.1210 -2.8006 2.6614
v  0.1165 -2.7934 2.6049
v  0.1106 -2.7931 2.6086
v  0.1008 -2.7881 2.5784
v  0.0958 -2.7882 2.5833
v  0.0834 -2.7838 2.5600
v  0.0794 -2.7840 2.5658
v  0.0006 -2.8199 3.1145
v  0.0007 -2.8197 3.1075
v  0.1277 -2.8263 2.9883
v  0.1208 -2.8254 2.9884
v  0.1255 -2.8272 3.0150
v  0.1187 -2.8259 3.0137
v  0.1178 -2.8268 3.0389
v  0.1115 -2.8257 3.0362
v  0.1056 -2.8257 3.0608
v  0.0999 -2.8248 3.0568
v  0.0885 -2.8241 3.0804
v  0.0837 -2.8235 3.0754
v  0.0676 -2.8224 3.0962
v  0.0639 -2.8219 3.0903
v  0.1293 -2.8152 2.8097
v  0.1224 -2.8144 2.8104
v  0.0002 -2.7755 2.5278
v  0.0003 -2.7763 2.5347
v  -0.0188 -2.8202 3.1133
v  -0.0176 -2.8199 3.1064
v  -0.0435 -2.8210 3.1074
v  -0.0410 -2.8206 3.1009
v  -0.0598 -2.7798 2.5433
v  -0.0569 -2.7803 2.5497
v  -0.0315 -2.7768 2.5319
v  -0.0299 -2.7774 2.5387
v  -0.1268 -2.8013 2.6609
v  -0.1199 -2.8005 2.6618
v  -0.1251 -2.7983 2.6352
v  -0.1185 -2.7975 2.6375
v  -0.1140 -2.7928 2.6020
v  -0.1082 -2.7924 2.6059
v  -0.0982 -2.7877 2.5768
v  -0.0933 -2.7877 2.5818
v  -0.0811 -2.7835 2.5583
v  -0.0771 -2.7838 2.5641
v  -0.1244 -2.8270 3.0142
v  -0.1176 -2.8260 3.0129
v  -0.1271 -2.8263 2.9882
v  -0.1202 -2.8254 2.9883
v  -0.1170 -2.8268 3.0387
v  -0.1105 -2.8259 3.0360
v  -0.1047 -2.8257 3.0602
v  -0.0989 -2.8250 3.0564
v  -0.0870 -2.8241 3.0810
v  -0.0822 -2.8235 3.0760
v  -0.0658 -2.8223 3.0967
v  -0.0621 -2.8218 3.0908
v  -0.1245 -2.8145 2.8084
v  -0.1175 -2.8136 2.8092
v  0.1232 -2.8039 2.5995
v  0.1228 -2.8109 2.6001
v  0.1338 -2.8087 2.6345
v  0.1337 -2.8157 2.6352
v  0.1361 -2.8104 2.6597
v  0.1362 -2.8173 2.6609
v  0.0004 -2.7870 2.5169
v  0.0004 -2.7939 2.5181
v  0.0374 -2.7885 2.5228
v  0.0370 -2.7954 2.5239
v  0.0655 -2.7914 2.5347
v  0.0651 -2.7983 2.5356
v  0.0878 -2.7946 2.5511
v  0.0874 -2.8015 2.5521
v  0.1070 -2.7992 2.5728
v  0.1068 -2.8062 2.5736
v  0.1248 -2.8356 3.0426
v  0.1249 -2.8425 3.0436
v  0.1118 -2.8344 3.0661
v  0.1119 -2.8413 3.0672
v  0.1362 -2.8358 2.9875
v  0.1362 -2.8427 2.9888
v  0.1330 -2.8366 3.0171
v  0.1330 -2.8435 3.0181
v  0.0466 -2.8292 3.1161
v  0.0471 -2.8361 3.1172
v  0.0216 -2.8284 3.1225
v  0.0221 -2.8353 3.1237
v  0.0712 -2.8308 3.1044
v  0.0716 -2.8377 3.1054
v  0.0937 -2.8323 3.0871
v  0.0939 -2.8392 3.0882
v  0.1362 -2.8264 2.8088
v  0.1362 -2.8332 2.8104
v  0.0004 -2.8280 3.1242
v  0.0004 -2.8349 3.1254
v  -0.1326 -2.8085 2.6322
v  -0.1325 -2.8155 2.6330
v  -0.1211 -2.8038 2.5978
v  -0.1208 -2.8108 2.5985
v  -0.1355 -2.8115 2.6597
v  -0.1355 -2.8184 2.6609
v  -0.0335 -2.7881 2.5221
v  -0.0332 -2.7950 2.5232
v  -0.0620 -2.7909 2.5338
v  -0.0616 -2.7978 2.5348
v  -0.0849 -2.7947 2.5498
v  -0.0846 -2.8016 2.5508
v  -0.1039 -2.7992 2.5698
v  -0.1037 -2.8061 2.5707
v  -0.1104 -2.8349 3.0658
v  -0.1105 -2.8418 3.0669
v  -0.1241 -2.8361 3.0422
v  -0.1242 -2.8430 3.0433
v  -0.1322 -2.8365 3.0164
v  -0.1323 -2.8434 3.0175
v  -0.1354 -2.8363 2.9879
v  -0.1354 -2.8431 2.9891
v  -0.0215 -2.8287 3.1222
v  -0.0219 -2.8356 3.1234
v  -0.0456 -2.8292 3.1163
v  -0.0460 -2.8361 3.1173
v  -0.0706 -2.8310 3.1039
v  -0.0709 -2.8379 3.1050
v  -0.0928 -2.8331 3.0866
v  -0.0930 -2.8400 3.0877
v  -0.1354 -2.8239 2.8083
v  -0.1355 -2.8307 2.8099
v  0.0282 -2.8188 3.0637
v  0.0147 -2.8170 3.0268
v  0.0075 -2.8168 3.0286
v  0.0137 -2.8183 3.0673
v  0.0328 -2.7906 2.6459
v  0.0644 -2.7885 2.6148
v  0.0534 -2.7867 2.6029
v  0.0273 -2.7897 2.6400
v  0.0812 -2.7960 2.6668
v  0.0413 -2.7937 2.6720
v  0.0423 -2.8068 2.8187
v  0.0825 -2.8095 2.8147
v  0.0412 -2.8171 2.9894
v  0.0811 -2.8200 2.9890
v  0.0803 -2.7941 2.6517
v  0.0408 -2.7929 2.6645
v  0.0743 -2.7910 2.6317
v  0.0378 -2.7917 2.6544
v  0.0401 -2.7846 2.5927
v  0.0206 -2.7886 2.6349
v  0.0230 -2.7827 2.5858
v  0.0121 -2.7877 2.6314
v  0.0006 -2.7817 2.5822
v  0.0009 -2.7872 2.6296
v  0.0405 -2.8173 2.9978
v  0.0797 -2.8204 3.0058
v  0.0381 -2.8175 3.0053
v  0.0749 -2.8204 3.0208
v  0.0342 -2.8176 3.0122
v  0.0671 -2.8200 3.0345
v  0.0288 -2.8176 3.0183
v  0.0563 -2.8199 3.0469
v  0.0221 -2.8173 3.0233
v  0.0430 -2.8196 3.0568
v  0.0011 -2.8167 3.0290
v  0.0009 -2.8182 3.0682
v  -0.0129 -2.8169 3.0268
v  -0.0269 -2.8188 3.0638
v  -0.0113 -2.8183 3.0675
v  -0.0051 -2.8168 3.0287
v  -0.0619 -2.7881 2.6138
v  -0.0303 -2.7903 2.6454
v  -0.0249 -2.7894 2.6394
v  -0.0511 -2.7863 2.6018
v  -0.0393 -2.7937 2.6721
v  -0.0797 -2.7959 2.6671
v  -0.0778 -2.8089 2.8139
v  -0.0379 -2.8066 2.8183
v  -0.0799 -2.8199 2.9889
v  -0.0394 -2.8170 2.9894
v  -0.0388 -2.7928 2.6641
v  -0.0788 -2.7940 2.6509
v  -0.0354 -2.7915 2.6535
v  -0.0719 -2.7907 2.6299
v  -0.0182 -2.7885 2.6346
v  -0.0375 -2.7844 2.5921
v  -0.0092 -2.7875 2.6309
v  -0.0196 -2.7825 2.5848
v  -0.0781 -2.8204 3.0053
v  -0.0385 -2.8172 2.9976
v  -0.0735 -2.8204 3.0206
v  -0.0362 -2.8174 3.0052
v  -0.0657 -2.8199 3.0342
v  -0.0323 -2.8175 3.0120
v  -0.0545 -2.8197 3.0473
v  -0.0266 -2.8174 3.0186
v  -0.0410 -2.8195 3.0571
v  -0.0199 -2.8172 3.0235
# 8200 vertices

o 23975IN_4ND
g 23975IN_4ND
s 1
f 4 1241 1243 1245 
f 3 4 712 
f 5 6 326 327 
f 6 1058 713 326 
f 7 714 1058 6 
f 8 1 714 7 
f 9 715 1 8 
f 9 10 2 715 
f 10 11 716 2 
f 11 4 3 716 
f 1251 12 337 1249 
f 327 337 12 5 
f 1251 1253 13 12 
f 1253 1255 14 13 
f 1255 1257 15 14 
f 1257 1259 16 15 
f 615 16 1259 1341 
f 16 615 17 18 
f 1243 1241 615 1341 
f 16 18 19 15 
f 17 11 10 18 
f 18 10 9 19 
f 15 19 20 14 
f 14 20 21 13 
f 19 9 8 20 
f 20 8 7 21 
f 13 21 5 12 
f 21 7 6 5 
f 347 717 718 350 
f 24 23 253 254 
f 47 25 235 236 
f 27 26 237 238 
f 28 616 226 227 
f 1078 616 28 1077 
f 32 31 719 720 
f 48 33 721 722 
f 35 34 723 724 
f 37 36 725 726 
f 39 38 727 728 
f 49 40 729 730 
f 42 41 731 732 
f 50 43 733 734 
f 45 44 1059 1060 
f 22 46 1061 1062 
f 52 24 254 255 
f 54 47 236 239 
f 56 27 238 240 
f 58 28 227 228 
f 1077 28 58 735 
f 62 32 720 736 
f 64 48 722 737 
f 66 35 724 738 
f 68 739 728 37 
f 39 70 740 730 
f 72 741 732 49 
f 74 742 734 42 
f 76 1063 1060 50 
f 77 1064 1062 45 
f 78 743 718 22 
f 697 51 181 184 
f 673 674 256 53 
f 53 241 711 673 
f 708 709 242 57 
f 57 229 707 708 
f 59 744 1057 706 
f 704 1056 745 63 
f 63 746 1055 704 
f 65 747 1054 703 
f 701 1053 749 69 
f 69 750 1052 701 
f 71 751 1051 700 
f 698 1050 752 75 
f 75 753 1049 698 
f 697 184 187 
f 190 193 1075 696 
f 695 79 754 1048 
f 695 203 197 79 
f 695 193 203 
f 205 207 80 81 
f 66 748 726 35 
f 80 755 756 81 
f 187 1076 697 
f 425 426 757 758 
f 84 273 759 760 
f 100 275 1065 1066 
f 85 273 761 762 
f 88 276 763 764 
f 90 277 765 766 
f 92 278 767 768 
f 94 279 769 770 
f 96 280 771 772 
f 98 281 1067 1068 
f 447 448 773 774 
f 83 262 775 758 
f 85 283 776 777 
f 87 263 778 760 
f 101 265 1069 1070 
f 82 282 1071 1066 
f 84 264 779 780 
f 88 286 781 762 
f 89 266 782 783 
f 90 287 784 764 
f 91 267 785 786 
f 92 288 787 766 
f 93 268 788 789 
f 94 289 790 768 
f 95 269 791 792 
f 96 290 793 770 
f 97 270 794 795 
f 98 291 796 772 
f 99 271 1072 1073 
f 100 285 1074 1068 
f 1261 797 798 1267 
f 87 274 1265 798 
f 86 284 1269 1271 
f 616 1078 1443 1444 
f 29 1445 1443 1078 
f 179 51 622 623 
f 53 256 624 625 
f 55 241 626 627 
f 57 242 628 629 
f 59 229 630 631 
f 61 744 1016 632 
f 63 745 1017 633 
f 65 746 1018 634 
f 67 747 1019 635 
f 69 749 1020 636 
f 71 750 1021 637 
f 73 751 1022 638 
f 75 752 1023 639 
f 51 753 1024 622 
f 79 199 640 641 
f 420 754 1025 642 
f 210 102 116 214 
f 116 102 807 809 
f 117 114 806 810 
f 118 113 805 811 
f 119 112 804 812 
f 120 111 803 813 
f 121 110 802 814 
f 122 109 801 815 
f 123 108 800 816 
f 124 107 799 817 
f 125 106 230 231 
f 126 105 244 245 
f 127 104 243 246 
f 128 103 257 258 
s 2
f 182 178 294 296 
f 185 182 296 298 
f 188 185 298 300 
f 191 188 300 303 
f 194 191 303 305 
f 200 196 308 310 
f 196 202 313 308 
f 202 194 305 313 
f 178 643 644 294 
f 225 645 646 318 
s 1
f 216 214 116 129 
f 129 116 809 818 
f 130 117 810 819 
f 131 118 811 820 
f 132 119 812 821 
f 133 120 813 822 
f 134 121 814 823 
f 135 122 815 824 
f 136 123 816 825 
f 137 124 817 826 
f 138 125 231 232 
f 139 126 245 247 
f 140 127 246 248 
f 141 128 258 259 
f 115 212 205 81 
f 495 808 756 424 
f 216 129 157 220 
f 143 157 827 828 
f 144 158 829 830 
f 145 159 831 832 
f 146 160 833 834 
f 147 161 835 836 
f 148 162 837 838 
f 149 163 839 840 
f 150 164 841 842 
f 151 165 843 844 
f 152 166 233 234 
f 153 167 249 250 
f 154 168 251 252 
f 155 169 260 261 
f 157 143 218 220 
f 157 129 818 827 
f 158 130 819 829 
f 159 131 820 831 
f 160 132 821 833 
f 161 133 822 835 
f 162 134 823 837 
f 163 135 824 839 
f 164 136 825 841 
f 165 137 826 843 
f 166 138 232 233 
f 167 139 247 249 
f 168 140 248 251 
f 169 141 259 260 
f 80 207 222 172 
f 423 755 845 565 
f 222 224 171 172 
f 172 171 846 845 
s 4
f 311 307 173 174 
f 319 647 648 175 
f 223 317 319 320 
f 173 301 293 174 
f 174 293 649 648 
f 175 315 321 176 
s 1
f 181 179 177 180 
f 184 181 180 183 
f 187 184 183 186 
f 193 190 189 192 
f 197 195 198 199 
f 197 203 201 195 
f 203 193 192 201 
f 207 205 204 206 
f 190 187 186 189 
f 179 623 650 177 
f 212 640 651 211 
f 210 214 213 208 
s 2
f 182 180 177 178 
f 182 185 183 180 
f 185 188 186 183 
f 188 191 189 186 
f 191 194 192 189 
f 196 200 198 195 
f 202 196 195 201 
f 194 202 201 192 
f 209 643 650 208 
f 200 645 651 198 
f 209 208 213 
f 314 316 215 
s 1
f 214 216 215 213 
f 205 212 211 204 
s 2
f 225 318 206 204 
f 225 204 211 
s 1
f 216 220 219 215 
f 220 218 217 219 
f 222 207 206 221 
f 224 222 221 223 
s 2
f 314 219 217 
f 314 215 219 
f 317 221 206 
f 317 223 221 
s 1
f 226 26 27 227 
f 227 27 56 228 
f 229 59 706 707 
f 229 57 629 630 
f 230 105 126 231 
f 231 126 139 232 
f 233 167 153 234 
f 232 139 167 233 
f 235 23 24 236 
f 237 25 47 238 
f 236 24 52 239 
f 238 47 54 240 
f 241 55 710 711 
f 709 710 55 242 
f 241 53 625 626 
f 242 55 627 628 
f 244 104 127 245 
f 243 103 128 246 
f 245 127 140 247 
f 246 128 141 248 
f 249 168 154 250 
f 251 169 155 252 
f 247 140 168 249 
f 248 141 169 251 
f 253 475 568 254 
f 254 568 569 255 
f 674 675 570 256 
f 256 570 652 624 
f 257 571 572 258 
f 258 572 142 259 
f 260 170 156 261 
f 259 142 170 260 
f 262 46 717 775 
f 263 31 721 778 
f 265 44 1061 1069 
f 264 33 723 779 
f 266 34 725 782 
f 267 36 727 785 
f 268 38 729 788 
f 269 40 731 791 
f 270 41 733 794 
f 271 43 1059 1072 
f 426 447 774 757 
f 273 85 777 759 
f 275 101 1070 1065 
f 273 84 780 761 
f 276 89 783 763 
f 277 91 786 765 
f 278 93 789 767 
f 279 95 792 769 
f 280 97 795 771 
f 281 99 1073 1067 
f 274 86 1271 1265 
f 448 713 773 
f 283 3 712 776 
f 282 1058 1071 
f 286 716 781 
f 287 2 716 784 
f 288 715 787 
f 289 1 715 790 
f 290 1 793 
f 291 714 796 
f 285 714 1074 
s 2
f 296 294 292 295 
f 298 296 295 297 
f 300 298 297 299 
f 303 300 299 302 
f 305 303 302 304 
f 310 308 306 309 
f 308 313 312 306 
f 313 305 304 312 
f 294 644 653 292 
f 318 646 654 317 
s 4
f 307 311 309 306 
f 311 647 654 309 
f 301 297 295 
f 293 301 295 292 
f 315 649 653 314 
f 173 307 304 302 
f 301 173 302 299 
f 301 299 297 
f 307 306 312 
f 307 312 304 
s 2
f 316 209 213 215 
f 318 317 206 
s 4
f 315 314 217 321 
f 319 175 176 320 
s 1
f 322 1277 1279 342 
f 323 1281 1277 322 
f 324 327 326 325 
f 325 326 713 328 
f 329 325 328 847 
f 330 329 847 331 
f 332 330 331 848 
f 332 848 334 333 
f 333 334 849 335 
f 335 849 323 322 
f 1283 1249 337 336 
f 327 324 336 337 
f 1283 336 338 1285 
f 1285 338 339 1287 
f 1287 339 340 1289 
f 1289 340 341 1291 
f 1293 1291 341 342 
f 1279 1293 342 
f 322 342 335 
f 341 340 344 343 
f 342 343 333 335 
f 343 344 332 333 
f 340 339 345 344 
f 339 338 346 345 
f 344 345 330 332 
f 345 346 329 330 
f 338 336 324 346 
f 346 324 325 329 
f 347 350 850 851 
f 351 354 353 352 
f 355 358 357 356 
f 359 362 361 360 
f 363 365 621 364 
f 366 852 1079 367 
f 368 853 854 369 
f 370 855 856 371 
f 372 857 858 373 
f 374 859 860 375 
f 376 861 862 377 
f 378 863 864 379 
f 380 865 866 381 
f 382 867 868 383 
f 382 383 870 869 
f 384 385 354 351 
f 386 387 358 355 
f 388 389 362 359 
f 390 391 365 363 
f 392 871 852 366 
f 393 872 853 368 
f 394 873 855 370 
f 395 874 857 372 
f 396 374 861 875 
f 376 863 876 397 
f 398 378 865 877 
f 399 380 867 878 
f 400 382 869 879 
f 401 349 850 880 
f 404 405 676 677 
f 677 678 406 404 
f 407 408 680 681 
f 681 682 409 407 
f 683 1037 881 410 
f 412 882 1038 685 
f 685 1039 883 412 
f 686 1040 884 413 
f 415 885 1041 688 
f 688 1042 887 415 
f 689 1043 888 416 
f 418 889 1044 691 
f 691 1045 890 418 
f 693 419 891 1046 
f 693 1047 892 419 
f 422 421 893 894 
f 395 372 859 886 
f 421 422 895 896 
f 425 897 898 426 
f 429 899 900 430 
f 433 427 901 914 
f 434 902 903 430 
f 436 904 905 435 
f 438 906 907 437 
f 440 908 909 439 
f 442 910 911 441 
f 444 912 913 443 
f 447 915 916 448 
f 428 897 917 450 
f 434 918 919 452 
f 432 899 920 455 
f 428 450 941 921 
f 433 914 922 449 
f 429 923 924 456 
f 436 902 925 459 
f 458 926 927 457 
f 438 904 928 462 
f 461 929 930 460 
f 440 906 931 465 
f 464 932 933 463 
f 442 908 934 468 
f 467 935 936 466 
f 444 910 937 471 
f 470 938 939 469 
f 446 912 940 474 
f 1303 942 943 617 
f 432 1295 1297 431 
f 454 1299 1301 453 
f 619 620 367 1079 
f 432 942 1303 1295 
f 367 620 617 
f 419 672 1026 891 
f 404 656 657 405 
f 479 658 659 406 
f 407 660 661 408 
f 410 662 663 409 
f 411 664 1027 881 
f 412 665 1028 882 
f 413 666 1029 883 
f 414 667 1030 884 
f 415 668 1031 885 
f 416 669 1032 887 
f 417 670 1033 888 
f 418 671 1034 889 
f 403 655 1035 890 
f 420 642 1036 892 
f 494 422 894 944 
f 496 955 953 476 
f 497 956 952 493 
f 498 957 951 492 
f 499 958 950 491 
f 500 959 949 490 
f 501 960 948 489 
f 502 961 947 488 
f 503 962 946 487 
f 504 963 945 486 
f 505 506 484 485 
f 507 508 482 483 
f 509 510 480 481 
f 511 512 477 478 
f 513 964 955 496 
f 514 965 956 497 
f 515 966 957 498 
f 516 967 958 499 
f 517 968 959 500 
f 518 969 960 501 
f 519 970 961 502 
f 520 971 962 503 
f 521 972 963 504 
f 522 523 506 505 
f 524 525 508 507 
f 526 527 510 509 
f 528 529 512 511 
f 495 424 895 954 
f 421 564 973 893 
f 531 974 975 530 
f 533 976 977 532 
f 535 978 979 534 
f 537 980 981 536 
f 539 982 983 538 
f 541 984 985 540 
f 543 986 987 542 
f 545 988 989 544 
f 547 990 991 546 
f 549 551 550 548 
f 552 555 554 553 
f 556 559 558 557 
f 560 563 562 561 
f 530 973 992 531 
f 530 975 964 513 
f 532 977 965 514 
f 534 979 966 515 
f 536 981 967 516 
f 538 983 968 517 
f 540 985 969 518 
f 542 987 970 519 
f 544 989 971 520 
f 546 991 972 521 
f 548 550 523 522 
f 553 554 525 524 
f 557 558 527 526 
f 561 562 529 528 
f 423 565 993 896 
f 564 993 994 566 
f 621 365 359 360 
f 365 391 388 359 
f 682 683 410 409 
f 621 1446 618 364 
f 409 663 660 407 
f 484 506 507 483 
f 506 523 524 507 
f 550 551 552 553 
f 523 550 553 524 
f 357 358 351 352 
f 361 362 355 356 
f 358 387 384 351 
f 362 389 386 355 
f 678 679 479 406 
f 680 408 479 679 
f 406 659 656 404 
f 408 661 658 479 
f 482 508 509 481 
f 480 510 511 478 
f 508 525 526 509 
f 510 527 528 511 
f 554 555 556 557 
f 558 559 560 561 
f 525 554 557 526 
f 527 558 561 528 
f 353 354 568 475 
f 354 385 569 568 
f 676 405 570 675 
f 405 657 652 570 
f 477 512 572 571 
f 512 529 142 572 
f 562 563 156 170 
f 529 562 170 142 
f 450 917 851 348 
f 455 920 856 369 
f 450 348 870 941 
f 456 924 858 371 
f 457 927 860 373 
f 460 930 862 375 
f 463 933 864 377 
f 466 936 866 379 
f 469 939 868 381 
f 617 943 854 367 
f 426 898 915 447 
f 430 900 918 434 
f 427 428 921 901 
f 430 903 923 429 
f 435 905 926 458 
f 437 907 929 461 
f 439 909 932 464 
f 441 911 935 467 
f 443 913 938 470 
f 431 1297 1299 454 
f 448 916 713 
f 452 919 323 
f 449 922 847 328 
f 459 925 849 
f 462 928 849 334 
f 465 931 848 
f 468 934 848 331 
f 471 937 331 
f 474 940 847 
f 995 575 573 
f 996 576 573 
f 997 577 573 
f 998 578 573 
f 999 579 573 
f 1000 580 573 
f 1001 581 573 
f 1002 582 573 
f 1003 583 573 
f 583 584 573 
f 585 586 573 
f 587 588 573 
f 589 590 573 
f 614 574 573 
f 611 612 573 
f 1004 611 573 
f 612 613 573 
f 584 585 573 
f 586 587 573 
f 588 589 573 
f 590 591 573 
f 613 614 573 
f 1005 608 573 
f 1006 607 573 
f 1007 606 573 
f 1008 605 573 
f 1009 604 573 
f 1010 603 573 
f 1011 602 573 
f 1012 601 573 
f 1013 600 573 
f 598 599 573 
f 596 597 573 
f 594 595 573 
f 592 593 573 
f 609 573 1014 
f 1015 610 573 
f 597 598 573 
f 595 596 573 
f 593 594 573 
f 591 592 573 
f 143 828 995 574 
f 144 830 996 575 
f 145 832 997 576 
f 146 834 998 577 
f 147 836 999 578 
f 148 838 1000 579 
f 149 840 1001 580 
f 150 842 1002 581 
f 151 844 1003 582 
f 152 234 584 583 
f 234 153 585 584 
f 153 250 586 585 
f 250 154 587 586 
f 154 252 588 587 
f 252 155 589 588 
f 155 261 590 589 
f 261 156 591 590 
f 156 563 592 591 
f 563 560 593 592 
f 560 559 594 593 
f 559 556 595 594 
f 556 555 596 595 
f 555 552 597 596 
f 552 551 598 597 
f 551 549 599 598 
f 549 990 1013 599 
f 547 988 1012 600 
f 545 986 1011 601 
f 543 984 1010 602 
f 541 982 1009 603 
f 539 980 1008 604 
f 537 978 1007 605 
f 535 976 1006 606 
f 533 974 1005 607 
f 531 992 1014 608 
f 566 994 1015 609 
f 567 846 1004 610 
f 171 224 612 611 
f 224 223 612 
f 223 320 612 
f 320 176 613 612 
f 176 321 614 613 
f 321 217 614 
f 217 218 614 
f 218 143 574 614 
f 622 102 210 623 
f 624 257 103 625 
f 626 243 104 627 
f 628 244 105 629 
f 630 230 106 631 
f 631 106 799 1016 
f 632 107 800 1017 
f 633 108 801 1018 
f 634 109 802 1019 
f 635 110 803 1020 
f 636 111 804 1021 
f 637 112 805 1022 
f 638 113 806 1023 
f 639 114 807 1024 
f 640 212 115 641 
f 641 115 808 1025 
s 2
f 643 209 316 644 
f 645 200 310 646 
s 4
f 647 311 174 648 
f 649 315 175 648 
s 1
f 623 210 208 650 
f 640 199 198 651 
s 2
f 643 178 177 650 
f 645 225 211 651 
s 1
f 629 105 230 630 
f 625 103 243 626 
f 627 104 244 628 
f 652 571 257 624 
s 2
f 644 316 314 653 
f 646 310 309 654 
s 4
f 647 319 317 654 
f 649 293 292 653 
s 1
f 672 494 944 1026 
f 656 478 477 657 
f 658 481 480 659 
f 660 483 482 661 
f 662 485 484 663 
f 664 486 945 1027 
f 665 487 946 1028 
f 666 488 947 1029 
f 667 489 948 1030 
f 668 490 949 1031 
f 669 491 950 1032 
f 670 492 951 1033 
f 671 493 952 1034 
f 655 476 953 1035 
f 642 495 954 1036 
f 663 484 483 660 
f 659 480 478 656 
f 661 482 481 658 
f 657 477 571 652 
f 52 255 674 673 
f 255 569 675 674 
f 569 385 676 675 
f 385 384 677 676 
f 384 387 678 677 
f 387 386 679 678 
f 386 389 680 679 
f 389 388 681 680 
f 388 391 682 681 
f 391 390 683 682 
f 390 871 1037 683 
f 392 872 1038 684 
f 393 873 1039 685 
f 394 874 1040 686 
f 395 886 1041 687 
f 396 875 1042 688 
f 397 876 1043 689 
f 398 877 1044 690 
f 399 878 1045 691 
f 400 879 1046 692 
f 401 880 1047 693 
f 402 743 1048 694 
f 78 1064 1075 695 
f 77 1063 1076 696 
f 76 742 1049 697 
f 74 741 1050 698 
f 72 740 1051 699 
f 70 739 1052 700 
f 68 748 1053 701 
f 66 738 1054 702 
f 64 737 1055 703 
f 62 736 1056 704 
f 60 735 1057 705 
f 58 228 707 706 
f 228 56 708 707 
f 56 240 709 708 
f 240 54 710 709 
f 54 239 711 710 
f 239 52 673 711 
f 717 46 22 718 
f 719 29 30 720 
f 721 31 32 722 
f 723 33 48 724 
f 725 34 35 726 
f 727 36 37 728 
f 729 38 39 730 
f 731 40 49 732 
f 733 41 42 734 
f 720 30 60 736 
f 722 32 62 737 
f 724 48 64 738 
f 739 70 39 728 
f 740 72 49 730 
f 741 74 42 732 
f 742 76 50 734 
f 743 402 350 718 
f 744 61 705 1057 
f 1056 705 61 745 
f 746 65 703 1055 
f 747 67 702 1054 
f 1053 702 67 749 
f 750 71 700 1052 
f 751 73 699 1051 
f 1050 699 73 752 
f 753 51 697 1049 
f 754 420 694 1048 
f 748 68 37 726 
f 755 423 424 756 
f 757 272 83 758 
f 759 274 87 760 
f 761 276 88 762 
f 763 277 90 764 
f 765 278 92 766 
f 767 279 94 768 
f 769 280 96 770 
f 771 281 98 772 
f 773 282 82 774 
f 775 451 425 758 
f 776 284 86 777 
f 778 264 84 760 
f 779 266 89 780 
f 781 283 85 762 
f 782 267 91 783 
f 784 286 88 764 
f 785 268 93 786 
f 787 287 90 766 
f 788 269 95 789 
f 790 288 92 768 
f 791 270 97 792 
f 793 289 94 770 
f 794 271 99 795 
f 796 290 96 772 
f 797 263 87 798 
f 744 59 631 1016 
f 745 61 632 1017 
f 746 63 633 1018 
f 747 65 634 1019 
f 749 67 635 1020 
f 750 69 636 1021 
f 751 71 637 1022 
f 752 73 638 1023 
f 753 75 639 1024 
f 754 79 641 1025 
f 807 114 117 809 
f 806 113 118 810 
f 805 112 119 811 
f 804 111 120 812 
f 803 110 121 813 
f 802 109 122 814 
f 801 108 123 815 
f 800 107 124 816 
f 799 106 125 817 
f 809 117 130 818 
f 810 118 131 819 
f 811 119 132 820 
f 812 120 133 821 
f 813 121 134 822 
f 814 122 135 823 
f 815 123 136 824 
f 816 124 137 825 
f 817 125 138 826 
f 808 115 81 756 
f 827 158 144 828 
f 829 159 145 830 
f 831 160 146 832 
f 833 161 147 834 
f 835 162 148 836 
f 837 163 149 838 
f 839 164 150 840 
f 841 165 151 842 
f 843 166 152 844 
f 818 130 158 827 
f 819 131 159 829 
f 820 132 160 831 
f 821 133 161 833 
f 822 134 162 835 
f 823 135 163 837 
f 824 136 164 839 
f 825 137 165 841 
f 826 138 166 843 
f 755 80 172 845 
f 846 567 565 845 
f 717 347 451 775 
f 721 33 264 778 
f 723 34 266 779 
f 725 36 267 782 
f 727 38 268 785 
f 729 40 269 788 
f 731 41 270 791 
f 733 43 271 794 
f 719 31 263 797 
f 774 82 272 757 
f 777 86 274 759 
f 780 89 276 761 
f 783 91 277 763 
f 786 93 278 765 
f 789 95 279 767 
f 792 97 280 769 
f 795 99 281 771 
f 713 1058 282 773 
f 712 284 776 
f 716 3 283 781 
f 716 286 784 
f 715 2 287 787 
f 715 288 790 
f 714 1 290 796 
f 850 349 348 851 
f 853 366 367 854 
f 855 368 369 856 
f 857 370 371 858 
f 859 372 373 860 
f 861 374 375 862 
f 863 376 377 864 
f 865 378 379 866 
f 867 380 381 868 
f 870 348 349 869 
f 871 390 363 852 
f 872 392 366 853 
f 873 393 368 855 
f 874 394 370 857 
f 861 376 397 875 
f 863 378 398 876 
f 865 380 399 877 
f 867 382 400 878 
f 869 349 401 879 
f 850 350 402 880 
f 1037 684 411 881 
f 882 411 684 1038 
f 1039 686 413 883 
f 1040 687 414 884 
f 885 414 687 1041 
f 1042 689 416 887 
f 1043 690 417 888 
f 889 417 690 1044 
f 1045 692 403 890 
f 891 403 692 1046 
f 1047 694 420 892 
f 893 513 496 894 
f 859 374 396 886 
f 895 424 423 896 
f 897 428 427 898 
f 899 432 431 900 
f 901 445 446 914 
f 902 436 435 903 
f 904 438 437 905 
f 906 440 439 907 
f 908 442 441 909 
f 910 444 443 911 
f 912 446 445 913 
f 915 433 449 916 
f 897 425 451 917 
f 918 454 453 919 
f 899 429 456 920 
f 941 472 473 921 
f 914 446 474 922 
f 923 458 457 924 
f 902 434 452 925 
f 926 461 460 927 
f 904 436 459 928 
f 929 464 463 930 
f 906 438 462 931 
f 932 467 466 933 
f 908 440 465 934 
f 935 470 469 936 
f 910 442 468 937 
f 938 473 472 939 
f 912 444 471 940 
f 942 432 455 943 
f 1026 655 403 891 
f 1027 662 410 881 
f 1028 664 411 882 
f 1029 665 412 883 
f 1030 666 413 884 
f 1031 667 414 885 
f 1032 668 415 887 
f 1033 669 416 888 
f 1034 670 417 889 
f 1035 671 418 890 
f 1036 672 419 892 
f 894 496 476 944 
f 955 497 493 953 
f 956 498 492 952 
f 957 499 491 951 
f 958 500 490 950 
f 959 501 489 949 
f 960 502 488 948 
f 961 503 487 947 
f 962 504 486 946 
f 963 505 485 945 
f 964 514 497 955 
f 965 515 498 956 
f 966 516 499 957 
f 967 517 500 958 
f 968 518 501 959 
f 969 519 502 960 
f 970 520 503 961 
f 971 521 504 962 
f 972 522 505 963 
f 895 422 494 954 
f 973 530 513 893 
f 974 533 532 975 
f 976 535 534 977 
f 978 537 536 979 
f 980 539 538 981 
f 982 541 540 983 
f 984 543 542 985 
f 986 545 544 987 
f 988 547 546 989 
f 990 549 548 991 
f 973 564 566 992 
f 975 532 514 964 
f 977 534 515 965 
f 979 536 516 966 
f 981 538 517 967 
f 983 540 518 968 
f 985 542 519 969 
f 987 544 520 970 
f 989 546 521 971 
f 991 548 522 972 
f 993 564 421 896 
f 993 565 567 994 
f 917 451 347 851 
f 920 456 371 856 
f 870 383 472 941 
f 924 457 373 858 
f 927 460 375 860 
f 930 463 377 862 
f 933 466 379 864 
f 936 469 381 866 
f 939 472 383 868 
f 943 455 369 854 
f 898 427 433 915 
f 900 431 454 918 
f 921 473 445 901 
f 903 435 458 923 
f 905 437 461 926 
f 907 439 464 929 
f 909 441 467 932 
f 911 443 470 935 
f 913 445 473 938 
f 916 449 328 713 
f 919 453 323 
f 922 474 847 
f 925 452 323 849 
f 928 459 849 
f 931 462 334 848 
f 934 465 848 
f 940 471 331 847 
f 828 144 575 995 
f 830 145 576 996 
f 832 146 577 997 
f 834 147 578 998 
f 836 148 579 999 
f 838 149 580 1000 
f 840 150 581 1001 
f 842 151 582 1002 
f 844 152 583 1003 
f 990 547 600 1013 
f 988 545 601 1012 
f 986 543 602 1011 
f 984 541 603 1010 
f 982 539 604 1009 
f 980 537 605 1008 
f 978 535 606 1007 
f 976 533 607 1006 
f 974 531 608 1005 
f 992 566 609 1014 
f 994 567 610 1015 
f 846 171 611 1004 
f 799 107 632 1016 
f 800 108 633 1017 
f 801 109 634 1018 
f 802 110 635 1019 
f 803 111 636 1020 
f 804 112 637 1021 
f 805 113 638 1022 
f 806 114 639 1023 
f 807 102 622 1024 
f 808 495 642 1025 
f 944 476 655 1026 
f 945 485 662 1027 
f 946 486 664 1028 
f 947 487 665 1029 
f 948 488 666 1030 
f 949 489 667 1031 
f 950 490 668 1032 
f 951 491 669 1033 
f 952 492 670 1034 
f 953 493 671 1035 
f 954 494 672 1036 
f 871 392 684 1037 
f 872 393 685 1038 
f 873 394 686 1039 
f 874 395 687 1040 
f 886 396 688 1041 
f 875 397 689 1042 
f 876 398 690 1043 
f 877 399 691 1044 
f 878 400 692 1045 
f 879 401 693 1046 
f 880 402 694 1047 
f 743 78 695 1048 
f 742 74 698 1049 
f 741 72 699 1050 
f 740 70 700 1051 
f 739 68 701 1052 
f 748 66 702 1053 
f 738 64 703 1054 
f 737 62 704 1055 
f 736 60 705 1056 
f 735 58 706 1057 
f 937 468 331 
f 1 289 793 
f 1059 43 50 1060 
f 1061 44 45 1062 
f 1063 77 45 1060 
f 1064 78 22 1062 
f 1065 272 82 1066 
f 1067 275 100 1068 
f 1069 262 83 1070 
f 1071 285 100 1066 
f 1072 265 101 1073 
f 1074 291 98 1068 
f 1061 46 262 1069 
f 1059 44 265 1072 
f 1070 83 272 1065 
f 1073 101 275 1067 
f 1058 714 285 1071 
f 1064 77 696 1075 
f 1063 76 697 1076 
f 187 190 696 1076 
f 193 695 1075 
f 714 291 1074 
f 573 574 995 
f 573 575 996 
f 573 576 997 
f 573 577 998 
f 573 578 999 
f 573 579 1000 
f 573 580 1001 
f 573 581 1002 
f 573 582 1003 
f 573 610 1004 
f 573 607 1005 
f 573 606 1006 
f 573 605 1007 
f 573 604 1008 
f 573 603 1009 
f 573 602 1010 
f 573 601 1011 
f 573 600 1012 
f 573 599 1013 
f 573 608 1014 
f 573 609 1015 
f 735 60 30 1077 
f 1077 30 29 1078 
f 852 363 364 1079 
f 1079 364 618 619 
f 1303 617 620 1305 
f 1305 620 619 1307 
f 1307 619 618 1309 
f 1311 1446 1447 1313 
f 1313 1447 1448 1315 
f 1315 1448 1449 1317 
f 1317 1449 1450 1319 
f 1319 1450 1451 1321 
f 1321 1451 1452 1323 
f 1323 1452 1453 1325 
f 1325 1453 1454 1327 
f 1327 1454 1455 1329 
f 1329 1455 1456 1331 
f 1331 1456 1457 1333 
f 1333 1457 1458 1335 
f 1335 1458 1459 1337 
f 1337 1459 1460 1339 
f 1339 1460 1444 1275 
f 1244 1242 1080 1081 
f 1246 1244 1081 1082 
f 1250 1248 1083 1084 
f 1252 1250 1084 1085 
f 1254 1252 1085 1086 
f 1256 1254 1086 1087 
f 1258 1256 1087 1088 
f 1088 1139 1340 1258 
f 1242 1139 1140 1080 
f 1262 1260 1089 1090 
f 1266 1264 1091 1092 
f 1270 1268 1093 1094 
f 1260 1266 1092 1089 
f 1272 1262 1090 1095 
f 1274 1272 1095 1127 
f 1264 1270 1094 1091 
f 1268 1246 1082 1093 
f 1278 1276 1096 1097 
f 1276 1280 1098 1096 
f 1248 1282 1099 1083 
f 1282 1284 1100 1099 
f 1284 1286 1101 1100 
f 1286 1288 1102 1101 
f 1288 1290 1130 1102 
f 1290 1292 1103 1130 
f 1292 1278 1097 1103 
f 1296 1294 1105 1106 
f 1300 1298 1107 1108 
f 1294 1302 1104 1105 
f 1298 1296 1106 1107 
f 1280 1300 1108 1098 
f 1302 1304 1109 1104 
f 1304 1306 1110 1109 
f 1306 1308 1111 1110 
f 1308 1310 1112 1111 
f 1310 1312 1113 1112 
f 1312 1314 1114 1113 
f 1314 1316 1115 1114 
f 1316 1318 1116 1115 
f 1318 1320 1117 1116 
f 1320 1322 1118 1117 
f 1322 1324 1119 1118 
f 1324 1326 1120 1119 
f 1326 1328 1121 1120 
f 1328 1330 1122 1121 
f 1330 1332 1123 1122 
f 1332 1334 1124 1123 
f 1334 1336 1125 1124 
f 1336 1338 1126 1125 
f 1338 1274 1127 1126 
f 1100 1101 1129 1128 
f 1129 1101 1102 1131 
f 1102 1130 1131 
f 1132 1099 1100 1128 
f 1133 1083 1099 1132 
f 1134 1084 1083 1133 
f 1135 1085 1084 1134 
f 1136 1086 1085 1135 
f 1137 1087 1086 1136 
f 1138 1088 1087 1137 
f 1088 1138 1139 
f 1139 1138 1140 
f 1342 1343 1392 1393 
f 1391 1342 1393 1394 
f 1385 1386 1399 1400 
f 1387 1388 1397 1398 
f 1389 1390 1395 1396 
f 1386 1387 1398 1399 
f 1384 1385 1400 1401 
f 1383 1384 1401 1402 
f 1388 1389 1396 1397 
f 1390 1391 1394 1395 
f 1357 1358 1427 1428 
f 1358 1359 1426 1427 
f 1355 1356 1429 1430 
f 1356 1357 1428 1429 
f 1362 1363 1422 1423 
f 1360 1361 1424 1425 
f 1363 1364 1421 1422 
f 1361 1362 1423 1424 
f 1359 1360 1425 1426 
f 1364 1365 1420 1421 
f 1365 1366 1419 1420 
f 1366 1367 1418 1419 
f 1367 1368 1417 1418 
f 1368 1369 1416 1417 
f 1369 1370 1415 1416 
f 1370 1371 1414 1415 
f 1371 1372 1413 1414 
f 1372 1373 1412 1413 
f 1373 1374 1411 1412 
f 1374 1375 1410 1411 
f 1375 1376 1409 1410 
f 1376 1377 1408 1409 
f 1377 1378 1407 1408 
f 1378 1379 1406 1407 
f 1379 1380 1405 1406 
f 1380 1381 1404 1405 
f 1381 1382 1403 1404 
f 1382 1383 1402 1403 
f 1352 1353 1432 1433 
f 1354 1355 1430 1431 
f 1353 1354 1431 1432 
f 1351 1352 1433 1434 
f 1350 1351 1434 1435 
f 1349 1350 1435 1436 
f 1348 1349 1436 1437 
f 1347 1348 1437 1438 
f 1346 1347 1438 1439 
f 1345 1346 1439 1440 
f 1344 1345 1440 1441 
f 1343 1344 1441 1392 
s 2
f 1142 1141 1192 1191 
f 1141 1190 1193 1192 
f 1190 1189 1194 1193 
f 1189 1188 1195 1194 
f 1188 1187 1196 1195 
f 1187 1186 1197 1196 
f 1186 1185 1198 1197 
f 1185 1184 1199 1198 
f 1184 1183 1200 1199 
f 1183 1179 1201 1200 
f 1179 1180 1202 1201 
f 1180 1182 1203 1202 
f 1182 1181 1204 1203 
f 1181 1154 1205 1204 
f 1154 1152 1206 1205 
f 1152 1151 1207 1206 
f 1151 1153 1208 1207 
f 1153 1159 1209 1208 
f 1159 1158 1210 1209 
f 1158 1157 1211 1210 
f 1157 1156 1212 1211 
f 1156 1155 1213 1212 
f 1155 1160 1214 1213 
f 1160 1161 1215 1214 
f 1161 1162 1216 1215 
f 1162 1163 1217 1216 
f 1163 1164 1218 1217 
f 1164 1165 1219 1218 
f 1165 1166 1220 1219 
f 1166 1167 1221 1220 
f 1167 1168 1222 1221 
f 1168 1169 1223 1222 
f 1169 1170 1224 1223 
f 1170 1171 1225 1224 
f 1171 1172 1226 1225 
f 1172 1173 1227 1226 
f 1173 1174 1228 1227 
f 1174 1175 1229 1228 
f 1175 1176 1230 1229 
f 1176 1177 1231 1230 
f 1177 1178 1232 1231 
f 1178 1150 1233 1232 
f 1150 1145 1234 1233 
f 1145 1144 1235 1234 
f 1144 1147 1236 1235 
f 1147 1146 1237 1236 
f 1146 1149 1238 1237 
f 1149 1148 1239 1238 
f 1148 1143 1240 1239 
f 1143 1142 1191 1240 
s 1
f 4 11 17 1241 
f 712 1247 1269 284 
f 4 1245 1247 712 
f 1241 17 615 
f 341 343 342 
f 453 1301 1281 323 
f 1245 1243 1242 1244 
f 1251 1249 1248 1250 
f 1253 1251 1250 1252 
f 1255 1253 1252 1254 
f 1257 1255 1254 1256 
f 1259 1257 1256 1258 
f 1341 1259 1258 1340 
f 1243 1341 1340 1242 
f 1263 1261 1260 1262 
f 1267 1265 1264 1266 
f 1271 1269 1268 1270 
f 1275 1273 1272 1274 
f 1273 1263 1262 1272 
f 1265 1271 1270 1264 
f 1279 1277 1276 1278 
f 1277 1281 1280 1276 
f 1249 1283 1282 1248 
f 1283 1285 1284 1282 
f 1285 1287 1286 1284 
f 1287 1289 1288 1286 
f 1289 1291 1290 1288 
f 1291 1293 1292 1290 
f 1293 1279 1278 1292 
f 1297 1295 1294 1296 
f 1301 1299 1298 1300 
f 1295 1303 1302 1294 
f 1299 1297 1296 1298 
f 1261 1267 1266 1260 
f 1303 1305 1304 1302 
f 1305 1307 1306 1304 
f 1307 1309 1308 1306 
f 1309 1311 1310 1308 
f 1311 1313 1312 1310 
f 1313 1315 1314 1312 
f 1315 1317 1316 1314 
f 1317 1319 1318 1316 
f 1319 1321 1320 1318 
f 1321 1323 1322 1320 
f 1323 1325 1324 1322 
f 1325 1327 1326 1324 
f 1327 1329 1328 1326 
f 1329 1331 1330 1328 
f 1331 1333 1332 1330 
f 1333 1335 1334 1332 
f 1335 1337 1336 1334 
f 1337 1339 1338 1336 
f 1339 1275 1274 1338 
f 1269 1247 1246 1268 
f 1247 1245 1244 1246 
f 1281 1301 1300 1280 
f 1081 1080 1343 1342 
f 1080 1140 1344 1343 
f 1140 1138 1345 1344 
f 1138 1137 1346 1345 
f 1137 1136 1347 1346 
f 1136 1135 1348 1347 
f 1135 1134 1349 1348 
f 1134 1133 1350 1349 
f 1133 1132 1351 1350 
f 1132 1128 1352 1351 
f 1128 1129 1353 1352 
f 1129 1131 1354 1353 
f 1131 1130 1355 1354 
f 1130 1103 1356 1355 
f 1103 1097 1357 1356 
f 1097 1096 1358 1357 
f 1096 1098 1359 1358 
f 1098 1108 1360 1359 
f 1108 1107 1361 1360 
f 1107 1106 1362 1361 
f 1106 1105 1363 1362 
f 1105 1104 1364 1363 
f 1104 1109 1365 1364 
f 1109 1110 1366 1365 
f 1110 1111 1367 1366 
f 1111 1112 1368 1367 
f 1112 1113 1369 1368 
f 1113 1114 1370 1369 
f 1114 1115 1371 1370 
f 1115 1116 1372 1371 
f 1116 1117 1373 1372 
f 1117 1118 1374 1373 
f 1118 1119 1375 1374 
f 1119 1120 1376 1375 
f 1120 1121 1377 1376 
f 1121 1122 1378 1377 
f 1122 1123 1379 1378 
f 1123 1124 1380 1379 
f 1124 1125 1381 1380 
f 1125 1126 1382 1381 
f 1126 1127 1383 1382 
f 1127 1095 1384 1383 
f 1095 1090 1385 1384 
f 1090 1089 1386 1385 
f 1089 1092 1387 1386 
f 1092 1091 1388 1387 
f 1091 1094 1389 1388 
f 1094 1093 1390 1389 
f 1093 1082 1391 1390 
f 1082 1081 1342 1391 
f 1141 1142 1393 1392 
f 1142 1143 1394 1393 
f 1143 1148 1395 1394 
f 1148 1149 1396 1395 
f 1149 1146 1397 1396 
f 1146 1147 1398 1397 
f 1147 1144 1399 1398 
f 1144 1145 1400 1399 
f 1145 1150 1401 1400 
f 1150 1178 1402 1401 
f 1178 1177 1403 1402 
f 1177 1176 1404 1403 
f 1176 1175 1405 1404 
f 1175 1174 1406 1405 
f 1174 1173 1407 1406 
f 1173 1172 1408 1407 
f 1172 1171 1409 1408 
f 1171 1170 1410 1409 
f 1170 1169 1411 1410 
f 1169 1168 1412 1411 
f 1168 1167 1413 1412 
f 1167 1166 1414 1413 
f 1166 1165 1415 1414 
f 1165 1164 1416 1415 
f 1164 1163 1417 1416 
f 1163 1162 1418 1417 
f 1162 1161 1419 1418 
f 1161 1160 1420 1419 
f 1160 1155 1421 1420 
f 1155 1156 1422 1421 
f 1156 1157 1423 1422 
f 1157 1158 1424 1423 
f 1158 1159 1425 1424 
f 1159 1153 1426 1425 
f 1153 1151 1427 1426 
f 1151 1152 1428 1427 
f 1152 1154 1429 1428 
f 1154 1181 1430 1429 
f 1181 1182 1431 1430 
f 1182 1180 1432 1431 
f 1180 1179 1433 1432 
f 1179 1183 1434 1433 
f 1183 1184 1435 1434 
f 1184 1185 1436 1435 
f 1185 1186 1437 1436 
f 1186 1187 1438 1437 
f 1187 1188 1439 1438 
f 1188 1189 1440 1439 
f 1189 1190 1441 1440 
f 1190 1141 1392 1441 
s 2
f 1192 1193 1442 
f 1193 1194 1442 
f 1194 1195 1442 
f 1195 1196 1442 
f 1196 1197 1442 
f 1197 1198 1442 
f 1198 1199 1442 
f 1199 1200 1442 
f 1200 1201 1442 
f 1201 1202 1442 
f 1202 1203 1442 
f 1203 1204 1442 
f 1204 1205 1442 
f 1205 1206 1442 
f 1206 1207 1442 
f 1207 1208 1442 
f 1208 1209 1442 
f 1209 1210 1442 
f 1210 1211 1442 
f 1211 1212 1442 
f 1212 1213 1442 
f 1213 1214 1442 
f 1214 1215 1442 
f 1215 1216 1442 
f 1216 1217 1442 
f 1217 1218 1442 
f 1218 1219 1442 
f 1219 1220 1442 
f 1220 1221 1442 
f 1221 1222 1442 
f 1222 1223 1442 
f 1223 1224 1442 
f 1224 1225 1442 
f 1225 1226 1442 
f 1226 1227 1442 
f 1227 1228 1442 
f 1228 1229 1442 
f 1229 1230 1442 
f 1230 1231 1442 
f 1231 1232 1442 
f 1232 1233 1442 
f 1233 1234 1442 
f 1234 1235 1442 
f 1235 1236 1442 
f 1236 1237 1442 
f 1237 1238 1442 
f 1238 1239 1442 
f 1239 1240 1442 
f 1240 1191 1442 
f 1191 1192 1442 
s 1
f 1443 1273 1275 1444 
f 1445 1263 1273 1443 
f 1446 621 360 1447 
f 1447 360 361 1448 
f 1448 361 356 1449 
f 1449 356 357 1450 
f 1450 357 352 1451 
f 1451 352 353 1452 
f 1452 353 475 1453 
f 1453 475 253 1454 
f 1454 253 23 1455 
f 1455 23 235 1456 
f 1456 235 25 1457 
f 1457 25 237 1458 
f 1458 237 26 1459 
f 1459 26 226 1460 
f 1460 226 616 1444 
f 1446 1311 1309 618 
f 1445 29 719 797 
f 1261 1263 1445 797 
f 1265 1267 798 
f 51 179 181 
f 197 199 79 
f 1242 1340 1139 
f 2354 1461 2510 2511 
f 2354 2357 1462 1461 
f 2357 2360 1463 1462 
f 2360 2363 1464 1463 
f 2363 2366 1465 1464 
f 2366 2369 1466 1465 
f 2369 2372 1467 1466 
f 2375 1468 1467 2372 
f 2378 1469 1468 2375 
f 2378 2381 1470 1469 
f 2381 2384 1471 1470 
f 2384 2387 1472 1471 
f 2387 2390 1473 1472 
f 2390 2393 1474 1473 
f 2393 2396 1475 1474 
f 2400 1476 1475 2396 
f 2303 2304 2333 2302 
f 2304 2305 2332 2333 
f 2305 2306 2331 2332 
f 2306 2307 2330 2331 
f 2307 2308 2329 2330 
f 2308 2309 2328 2329 
f 2309 2310 2327 2328 
f 2310 2311 2326 2327 
f 2311 2312 2325 2326 
f 2312 2313 2324 2325 
f 2313 2314 2323 2324 
f 2314 2315 2322 2323 
f 2315 2316 2321 2322 
f 2316 2317 2320 2321 
f 2317 2318 2319 2320 
f 2318 2570 2571 2319 
s 2
f 1495 2476 2477 1509 
f 1580 1510 1511 
f 1581 1583 1512 
f 2475 1493 2474 
f 1554 1515 1516 
f 1555 1557 1517 
f 1598 1521 1520 1518 
f 1523 1522 1520 1521 
f 1525 1577 1522 1523 
f 1525 1604 1524 1577 
f 1604 1527 1526 1524 
f 1529 1528 1526 1527 
f 1530 1582 1528 1529 
f 1530 1610 1531 1582 
f 1610 1533 1532 1531 
f 1535 1534 1532 1533 
f 1536 1588 1534 1535 
f 1538 1537 1588 1536 
f 1616 1537 1538 
f 1616 1540 1539 1537 
f 1542 1541 1539 1540 
f 1508 1541 1542 
f 1547 1545 1543 1544 
f 1547 1548 1546 1545 
f 1548 1615 1549 1546 
f 1551 1550 1549 1615 
f 1553 1552 1550 1551 
f 1553 1554 1516 1552 
f 1609 1515 1554 
f 1609 1556 1555 1515 
f 1557 1555 1556 
f 1560 1558 1517 1557 
f 1560 1603 1559 1558 
f 1603 1562 1561 1559 
f 1565 1563 1561 1562 
f 1565 1567 1564 1563 
f 1567 1597 1566 1564 
f 1597 1922 1568 1566 
f 1916 1570 1569 1921 
f 1573 1571 1570 1916 
f 1573 1575 1572 1571 
f 1575 1522 1574 1572 
f 1522 1577 1576 1574 
f 1579 1578 1576 1577 
f 1579 1580 1511 1578 
f 1528 1510 1580 
f 1528 1582 1581 1510 
f 1583 1581 1582 
f 1586 1584 1512 1583 
f 1586 1534 1585 1584 
f 1534 1588 1587 1585 
f 1591 1589 1587 1588 
f 1591 1592 1590 1589 
f 1592 1541 1593 1590 
f 1541 1508 1594 1593 
f 1599 1598 1596 1597 
f 1601 1521 1598 1599 
f 1601 1562 1600 1521 
f 1562 1603 1602 1600 
f 1605 1604 1602 1603 
f 1606 1527 1604 1605 
f 1607 1527 1606 
f 1556 1607 1606 
f 1556 1609 1608 1607 
f 1611 1610 1608 1609 
f 1613 1533 1610 1611 
f 1613 1551 1612 1533 
f 1551 1615 1614 1612 
f 1615 1617 1614 
f 1617 1616 1614 
f 1618 1540 1616 1617 
f 1618 1544 1619 1540 
f 1493 2475 2476 1495 
s 1
f 1751 1623 1649 
f 1681 1625 1688 1627 
f 1692 1626 1700 1632 
f 1694 1628 1722 1638 
f 1685 1704 1629 1696 
f 1695 1703 1630 1713 
f 1696 1631 1685 
f 1673 1634 1672 1633 
f 1684 1687 1635 
f 1684 1636 1687 
f 1713 1637 1695 
f 1669 1675 1640 
f 1669 1641 1675 
f 1710 1697 1643 
f 1710 1651 1697 
f 1918 1646 1644 1645 
f 1707 1650 1649 
f 1651 1652 1647 1648 
f 1716 1714 1653 1654 
f 1670 1918 1686 1655 
f 1627 1658 1656 1657 
f 1726 1663 1664 
f 1726 1679 1659 1663 
f 2464 2461 2462 2463 
f 2460 2461 2464 
f 1733 1664 1663 
f 1736 1666 1667 1665 
f 1668 1665 1667 
f 1725 1668 1667 
f 1747 1749 1633 1672 
f 1737 1678 1680 
f 1737 1698 1674 1678 
f 1677 1714 1676 1698 
f 1679 1680 1678 
f 1768 1625 1681 1662 
f 1745 1708 1636 1684 
f 1688 1690 1658 1627 
f 1690 1632 1689 1658 
f 1632 1717 1691 1689 
f 1768 1693 1625 
f 1701 1702 1628 1694 
f 1746 1734 1631 1696 
f 1733 1643 1664 
f 1698 1737 1699 1677 
f 1719 1717 1632 1700 
f 1768 1702 1693 
f 1702 1701 1626 
f 1771 1703 1628 1702 
f 1772 1630 1703 1771 
f 1772 1774 1704 1630 
f 1774 1775 1629 1704 
f 1775 1650 1705 1629 
f 1707 1706 1705 1650 
f 1709 1708 1706 1707 
f 1748 1636 1708 1709 
f 1710 1655 1651 
f 1712 1655 1710 
f 1641 1711 1712 
f 1743 1727 1637 1713 
f 1714 1716 1715 1676 
f 1691 1717 1715 1716 
f 1719 1638 1718 1717 
f 1638 1738 1720 1718 
f 1740 1738 1638 1722 
f 1679 1726 1723 1680 
f 1721 1668 1725 1647 
f 1723 1726 1724 1725 
f 1741 1727 1659 1679 
f 1729 1640 1728 1634 
f 1640 1635 1687 1728 
f 1643 1731 1730 
f 1744 1734 1732 1733 
f 1639 1736 1665 1735 
f 1699 1737 1666 1736 
f 1720 1738 1674 1698 
f 1740 1637 1739 1738 
f 1637 1727 1741 1739 
f 1743 1631 1742 1727 
f 1631 1734 1744 1742 
f 1746 1708 1745 1734 
f 1748 1749 1747 1636 
f 1623 1633 1749 
f 1751 1750 1633 1623 
f 2471 2452 2469 2470 
f 1752 1915 1750 
f 1821 2488 1840 
f 2492 2493 2507 2489 
f 2494 2507 2493 
f 2494 2495 2507 
f 2496 2497 2506 
f 2497 2498 2505 2506 
f 2499 2505 2498 
f 2499 2500 2504 2505 
f 2501 2503 2504 2500 
f 1766 2301 1765 
f 2301 1766 1907 2300 
f 2465 2459 2460 2464 
f 2465 2466 2458 2459 
f 2467 2456 2457 2466 
f 2467 2455 2456 
f 2468 2454 2455 2467 
f 2469 2452 2453 2468 
f 1848 1786 1812 1782 
f 1856 1789 1845 1783 
f 1826 1785 1825 1784 
f 1861 1790 1895 1787 
f 1858 1794 1878 1788 
f 1860 1795 1892 1791 
f 1793 1905 1792 1908 
f 1797 1785 1796 1901 
f 1801 1868 1800 1904 
f 1816 1780 1781 1802 
f 1816 1804 1803 1815 
f 1804 2897 2898 1803 
f 1806 1882 1829 1805 
f 1765 1763 1807 
f 1805 1808 1806 
f 1824 1873 1810 1811 
f 1814 1844 1812 1813 
f 1818 1817 1823 
f 1885 1836 1817 1818 
f 2487 1820 1840 2488 
f 1823 1822 1818 
f 1872 1900 1822 1823 
f 1793 1908 1784 1825 
f 1863 1865 1785 1826 
f 1828 1888 1798 1827 
f 1827 1830 1829 1828 
f 1834 1833 1835 1836 
f 1890 1853 1833 1834 
f 1874 1873 1854 1837 
f 1839 1805 1838 1780 
f 1786 1848 1821 1840 
f 1785 1865 1841 1796 
f 1861 1842 1790 
f 1844 1843 1782 1812 
f 1846 1845 1843 1844 
f 1875 1877 1845 1846 
f 1901 1904 1903 1797 
f 1856 1847 1789 
f 1847 1849 1821 1848 
f 1860 1850 1795 
f 1858 1757 1851 1794 
f 1895 1866 1852 1787 
f 1854 1853 1837 
f 1887 1833 1853 1854 
f 1845 1877 1855 1783 
f 1856 1756 1849 1847 
f 1851 1757 1756 1856 
f 1858 1850 1857 1757 
f 1850 1860 1859 1857 
f 1842 1760 1859 1860 
f 1861 1762 1760 1842 
f 1862 1763 1762 1861 
f 1862 1864 1807 1763 
f 1864 1865 1863 1807 
f 1852 1866 1841 1865 
f 1870 1867 1868 
f 1870 1869 1867 
f 1871 1900 1872 1808 
f 1876 1810 1873 1874 
f 1876 1877 1875 1810 
f 1879 1878 1855 1877 
f 1889 1891 1878 1879 
f 1892 1894 1880 1791 
f 1878 1891 1881 1788 
f 1883 1817 1836 1835 
f 1882 1817 1883 1829 
f 1885 1894 1884 1836 
f 1890 1891 1889 1853 
f 1893 1892 1881 1891 
f 1884 1894 1892 1893 
f 1896 1895 1880 1894 
f 1898 1866 1895 1896 
f 1898 1822 1897 1866 
f 1900 1899 1897 1822 
f 1900 1902 1899 
f 1902 1901 1899 
f 1906 1905 1903 1904 
f 1766 1784 1908 1907 
f 2300 1907 2983 2299 
f 2984 1792 1905 2985 
f 2985 1905 1906 2986 
f 2987 1800 1868 2988 
f 2988 1868 1867 2989 
f 1909 1711 1641 1910 
f 1910 1641 1669 1911 
f 1912 1729 1634 1913 
f 1913 1634 1673 1914 
s 2
f 1916 1921 1917 1519 
f 1519 1598 1518 1916 
s 1
f 1752 1750 1751 
f 2454 2468 2453 
f 1624 1683 1644 1642 
f 1683 1721 1647 1682 
f 1644 1683 1682 1645 
f 1670 1671 1920 1918 
f 1686 1652 1655 
f 1712 1711 1655 
f 1920 1919 1646 1918 
s 2
f 1597 1596 1595 1922 
s 1
f 1816 1815 1839 1780 
f 1832 1869 1831 1803 
f 2898 2997 1832 1803 
f 1798 1799 1886 1827 
f 1888 1833 1887 1798 
f 1829 1830 1838 1805 
f 1805 1809 1808 
f 1808 1809 1831 1869 
f 1870 1871 1808 1869 
f 1902 1801 1904 1901 
f 1733 1732 1643 
f 1697 1664 1643 
f 1643 1732 1731 
f 1730 1731 1635 
f 1655 1652 1651 
f 1725 1724 1648 1647 
f 1675 1730 1635 1640 
f 2466 2457 2458 
f 1692 1693 1702 1626 
s 2
f 1784 1766 1924 1929 
s 4
f 1766 1765 1923 1924 
s 2
f 1802 1781 1926 1947 
f 1848 1782 1927 1992 
f 1856 1783 1928 1999 
s 4
f 1826 1784 1929 1970 
s 2
f 1825 1785 1930 1969 
f 1812 1786 1931 1957 
f 1861 1787 1932 2002 
f 1858 1788 1933 2000 
f 1845 1789 1934 1989 
f 1895 1790 1935 2036 
f 1860 1791 1936 2001 
f 1908 1792 1937 2049 
f 1905 1793 1938 2046 
f 1878 1794 1939 2019 
f 1892 1795 1940 2033 
f 1901 1796 1941 2042 
s 4
f 1785 1797 1942 1930 
s 2
f 1886 1799 1944 2027 
f 1904 1800 1945 2045 
f 1868 1801 1946 2009 
s 4
f 1816 1802 1947 1961 
s 2
f 1815 1803 1948 1960 
f 1804 1816 1961 1949 
s 4
f 2897 1804 1949 3047 
s 2
f 1882 1806 1951 2023 
f 1765 1807 1952 1923 
s 4
f 1806 1808 1953 1951 
s 2
f 1809 1805 1950 1954 
s 4
f 1831 1809 1954 1975 
s 2
f 1824 1811 1956 1968 
f 1814 1813 1958 1959 
f 1823 1817 1962 1967 
f 1885 1818 1963 2026 
s 4
f 1820 1514 1964 1965 
s 2
f 1840 1820 1965 1984 
s 4
f 1818 1822 1966 1963 
f 1872 1823 1967 2013 
f 1793 1825 1969 1938 
s 2
f 1863 1826 1970 2004 
f 1888 1828 1972 2029 
s 4
f 1828 1829 1973 1972 
s 2
f 1830 1827 1971 1974 
f 1832 2997 3076 1976 
s 8
f 1803 1831 1975 1948 
s 4
f 1869 1832 1976 2010 
s 2
f 1835 1833 1977 1979 
f 1890 1834 1978 2031 
s 4
f 1834 1836 1980 1978 
s 2
f 1874 1837 1981 2015 
f 1854 1873 2014 1997 
s 4
f 1839 1815 1960 1983 
s 2
f 1780 1838 1982 1925 
s 8
f 1805 1839 1983 1950 
s 4
f 1786 1840 1984 1931 
f 1796 1841 1985 1941 
f 1790 1842 1986 1935 
f 1782 1843 1987 1927 
s 2
f 1846 1844 1988 1990 
s 8
f 1843 1845 1989 1987 
s 4
f 1875 1846 1990 2016 
f 1789 1847 1991 1934 
s 8
f 1847 1848 1992 1991 
s 4
f 1795 1850 1993 1940 
f 1794 1851 1994 1939 
f 1787 1852 1995 1932 
s 2
f 1837 1853 1996 1981 
s 4
f 1887 1854 1997 2028 
f 1783 1855 1998 1928 
s 8
f 1851 1856 1999 1994 
f 1850 1858 2000 1993 
f 1842 1860 2001 1986 
s 4
f 1862 1861 2002 2003 
s 2
f 1864 1862 2003 2005 
s 4
f 1807 1863 2004 1952 
f 1865 1864 2005 2006 
s 2
f 1852 1865 2006 1995 
f 1841 1866 2007 1985 
f 2989 1867 2008 3109 
s 4
f 1870 1868 2009 2011 
s 8
f 1867 1869 2010 2008 
s 2
f 1871 1870 2011 2012 
f 1808 1872 2013 1953 
s 4
f 1900 1871 2012 2041 
f 1838 1830 1974 1982 
f 1876 1874 2015 2017 
s 2
f 1810 1875 2016 1955 
f 1877 1876 2017 2018 
s 4
f 1879 1877 2018 2020 
s 8
f 1855 1878 2019 1998 
s 2
f 1889 1879 2020 2030 
s 4
f 1791 1880 2021 1936 
f 1883 1835 1979 2024 
s 2
f 1829 1883 2024 1973 
s 4
f 1817 1882 2023 1962 
s 2
f 1836 1884 2025 1980 
s 4
f 1894 1885 2026 2035 
s 2
f 1798 1887 2028 1943 
s 4
f 1833 1888 2029 1977 
f 1853 1889 2030 1996 
f 1891 1890 2031 2032 
s 2
f 1893 1891 2032 2034 
s 4
f 1881 1892 2033 2022 
f 1884 1893 2034 2025 
s 2
f 1896 1894 2035 2037 
s 8
f 1880 1895 2036 2021 
s 4
f 1898 1896 2037 2039 
f 1866 1897 2038 2007 
s 2
f 1822 1898 2039 1966 
f 1897 1899 2040 2038 
f 1902 1900 2041 2043 
s 4
f 1899 1901 2042 2040 
f 1801 1902 2043 1946 
s 2
f 1797 1903 2044 1942 
s 4
f 1906 1904 2045 2047 
f 1903 1905 2046 2044 
s 2
f 2986 1906 2047 3132 
f 2983 1907 2048 3134 
s 4
f 1907 1908 2049 2048 
f 1792 2984 3135 1937 
f 1800 2987 3136 1945 
s 2
f 1649 1623 2050 2076 
f 1624 1642 2069 2051 
s 4
f 1683 1624 2051 2109 
s 2
f 1688 1625 2052 2114 
f 1700 1626 2053 2126 
f 1681 1627 2054 2107 
f 1722 1628 2055 2147 
f 1696 1629 2056 2122 
f 1713 1630 2057 2138 
f 1685 1631 2058 2111 
f 1692 1632 2059 2118 
f 1673 1633 2060 2099 
f 1672 1634 2061 2098 
f 1684 1635 2062 2110 
f 1687 1636 2063 2113 
f 1695 1637 2064 2121 
f 1694 1638 2065 2120 
f 1736 1639 2066 2161 
f 1669 1640 2067 2095 
f 1675 1641 2068 2101 
s 4
f 1642 1644 2071 2069 
s 2
f 1710 1643 2070 2135 
f 1697 1651 2077 2123 
f 1918 1645 2072 2181 
f 1644 1646 2073 2071 
s 4
f 1646 1919 2182 2073 
f 1707 1649 2076 2132 
f 1651 1648 2075 2077 
s 2
f 1647 1652 2078 2074 
f 1654 1653 2079 2080 
s 4
f 1716 1654 2080 2141 
s 2
f 1670 1655 2081 2096 
s 4
f 1686 1918 2181 2112 
s 2
f 1657 1656 2082 2083 
s 4
f 1627 1657 2083 2054 
f 1656 1658 2084 2082 
s 2
f 1726 1664 2090 2151 
f 1663 1659 2085 2089 
s 4
f 1661 1660 1513 
s 2
f 1660 1662 2088 2086 
s 4
f 1733 1663 2089 2158 
f 1653 1714 2139 2079 
s 2
f 1667 1666 2092 2093 
f 1665 1668 2094 2091 
s 4
f 1725 1667 2093 2150 
f 1911 1669 2095 2177 
f 1671 1670 2096 2097 
f 1747 1672 2098 2172 
f 1914 1673 2099 2179 
s 2
f 1737 1680 2106 2162 
f 1678 1674 2100 2104 
s 4
f 1730 1675 2101 2155 
s 2
f 1698 1676 2102 2124 
f 1714 1677 2103 2139 
s 4
f 1679 1678 2104 2105 
f 1662 1681 2107 2088 
f 1645 1682 2108 2072 
s 2
f 1721 1683 2109 2146 
s 8
f 1682 1647 2074 2108 
s 4
f 1745 1684 2110 2170 
f 1704 1685 2111 2129 
s 8
f 1652 1686 2112 2078 
s 4
f 1690 1688 2114 2116 
s 2
f 1658 1689 2115 2084 
s 8
f 1632 1690 2116 2059 
s 4
f 1689 1691 2117 2115 
f 1693 1692 2118 2119 
s 8
f 1625 1693 2119 2052 
s 4
f 1701 1694 2120 2127 
f 1703 1695 2121 2128 
f 1746 1696 2122 2171 
f 1664 1697 2123 2090 
f 1677 1699 2125 2103 
f 1719 1700 2126 2144 
s 8
f 1626 1701 2127 2053 
f 1628 1703 2128 2055 
f 1630 1704 2129 2057 
s 4
f 1629 1705 2130 2056 
s 2
f 1705 1706 2131 2130 
f 1709 1707 2132 2134 
s 4
f 1706 1708 2133 2131 
f 1748 1709 2134 2173 
f 1712 1710 2135 2137 
f 1655 1711 2136 2081 
s 8
f 1641 1712 2137 2068 
s 4
f 1743 1713 2138 2168 
f 1676 1715 2140 2102 
s 2
f 1691 1716 2141 2117 
f 1715 1717 2142 2140 
s 4
f 1717 1718 2143 2142 
s 8
f 1638 1719 2144 2065 
s 2
f 1718 1720 2145 2143 
s 4
f 1668 1721 2146 2094 
f 1740 1722 2147 2165 
f 1680 1723 2148 2106 
s 2
f 1648 1724 2149 2075 
f 1723 1725 2150 2148 
s 4
f 1724 1726 2151 2149 
s 2
f 1741 1679 2105 2166 
s 4
f 1659 1727 2152 2085 
f 1634 1728 2153 2061 
f 1640 1729 2154 2067 
s 8
f 1728 1687 2113 2153 
s 4
f 1635 1731 2156 2062 
s 8
f 1643 1730 2155 2070 
s 2
f 1731 1732 2157 2156 
f 1744 1733 2158 2169 
s 4
f 1732 1734 2159 2157 
f 1735 1665 2091 2160 
s 8
f 1639 1735 2160 2066 
f 1699 1736 2161 2125 
s 4
f 1666 1737 2162 2092 
f 1720 1698 2124 2145 
f 1674 1738 2163 2100 
s 2
f 1738 1739 2164 2163 
s 8
f 1637 1740 2165 2064 
s 4
f 1739 1741 2166 2164 
s 2
f 1727 1742 2167 2152 
s 8
f 1631 1743 2168 2058 
s 4
f 1742 1744 2169 2167 
s 2
f 1734 1745 2170 2159 
f 1708 1746 2171 2133 
s 8
f 1636 1747 2172 2063 
s 2
f 1749 1748 2173 2174 
s 4
f 1623 1749 2174 2050 
f 1633 1750 2175 2060 
s 2
f 1711 1909 2176 2136 
f 1729 1912 2178 2154 
f 1750 1915 2180 2175 
s 1
f 1621 1508 2183 2296 
f 1511 1510 2184 2185 
f 1581 1512 2186 2256 
f 1594 1513 2187 2269 
f 1514 1622 2188 2189 
f 1516 1515 2190 2191 
f 1555 1517 2192 2230 
f 1519 1917 2298 2194 
f 1916 1518 2193 2297 
s 4
f 1598 1519 2194 2273 
f 1518 1520 2195 2193 
s 1
f 1523 1521 2196 2198 
f 1520 1522 2197 2195 
s 4
f 1525 1523 2198 2200 
s 1
f 1577 1524 2199 2252 
f 1604 1525 2200 2279 
s 4
f 1524 1526 2201 2199 
s 1
f 1529 1527 2202 2204 
f 1526 1528 2203 2201 
s 4
f 1530 1529 2204 2205 
s 1
f 1582 1531 2206 2257 
f 1610 1530 2205 2285 
s 4
f 1531 1532 2207 2206 
s 1
f 1535 1533 2208 2210 
f 1532 1534 2209 2207 
s 4
f 1536 1535 2210 2211 
f 1538 1536 2211 2213 
s 1
f 1588 1537 2212 2263 
f 1616 1538 2213 2291 
s 4
f 1537 1539 2214 2212 
s 1
f 1542 1540 2215 2217 
f 1539 1541 2216 2214 
s 4
f 1508 1542 2217 2183 
f 1622 1543 2218 2188 
s 1
f 1547 1544 2219 2222 
f 1543 1545 2220 2218 
s 4
f 1548 1547 2222 2223 
s 1
f 1546 1549 2224 2221 
f 1615 1548 2223 2290 
s 4
f 1549 1550 2225 2224 
s 1
f 1553 1551 2226 2228 
f 1550 1552 2227 2225 
s 4
f 1554 1553 2228 2229 
s 1
f 1609 1554 2229 2284 
s 4
f 1515 1555 2230 2190 
s 1
f 1557 1556 2231 2232 
s 4
f 1560 1557 2232 2235 
s 1
f 1558 1559 2234 2233 
f 1603 1560 2235 2278 
s 4
f 1559 1561 2236 2234 
s 1
f 1565 1562 2237 2240 
f 1561 1563 2238 2236 
s 4
f 1567 1565 2240 2242 
s 1
f 1564 1566 2241 2239 
f 1597 1567 2242 2272 
s 4
f 1566 1568 2243 2241 
s 1
f 1569 1570 2245 2244 
s 4
f 1573 1916 2297 2248 
f 1570 1571 2246 2245 
s 1
f 1575 1573 2248 2250 
f 1572 1574 2249 2247 
s 4
f 1522 1575 2250 2197 
f 1574 1576 2251 2249 
f 1579 1577 2252 2254 
s 1
f 1576 1578 2253 2251 
f 1580 1579 2254 2255 
s 4
f 1528 1580 2255 2203 
f 1510 1581 2256 2184 
f 1583 1582 2257 2258 
s 1
f 1586 1583 2258 2261 
f 1584 1585 2260 2259 
s 4
f 1534 1586 2261 2209 
f 1585 1587 2262 2260 
f 1591 1588 2263 2266 
s 1
f 1587 1589 2264 2262 
f 1592 1591 2266 2267 
f 1590 1593 2268 2265 
s 4
f 1541 1592 2267 2216 
f 1593 1594 2269 2268 
s 1
f 1595 1596 2271 2270 
s 4
f 1599 1597 2272 2274 
s 8
f 1596 1598 2273 2271 
s 1
f 1601 1599 2274 2276 
s 4
f 1521 1600 2275 2196 
f 1562 1601 2276 2237 
s 1
f 1600 1602 2277 2275 
s 4
f 1605 1603 2278 2280 
f 1602 1604 2279 2277 
s 1
f 1606 1605 2280 2281 
s 4
f 1527 1607 2282 2202 
f 1556 1606 2281 2231 
s 1
f 1607 1608 2283 2282 
s 4
f 1611 1609 2284 2286 
f 1608 1610 2285 2283 
s 1
f 1613 1611 2286 2288 
s 4
f 1533 1612 2287 2208 
f 1551 1613 2288 2226 
s 1
f 1612 1614 2289 2287 
s 4
f 1617 1615 2290 2292 
f 1614 1616 2291 2289 
s 1
f 1618 1617 2292 2293 
s 4
f 1540 1619 2294 2215 
f 1544 1618 2293 2219 
s 1
f 1619 1620 2295 2294 
s 4
f 1620 1621 2296 2295 
s 1
f 1505 3382 2510 1461 
f 1477 1478 1475 1476 
f 1503 1505 1461 1462 
f 1501 1503 1462 1463 
f 1499 1501 1463 1464 
f 1497 1499 1464 1465 
f 1496 1497 1465 1466 
f 1494 1496 1466 1467 
f 1492 1494 1467 1468 
f 1490 1492 1468 1469 
f 1488 1490 1469 1470 
f 1486 1488 1470 1471 
f 1484 1486 1471 1472 
f 1482 1484 1472 1473 
f 1480 1482 1473 1474 
f 1478 1480 1474 1475 
f 1764 3398 3399 1507 
f 1754 1753 1498 1509 
f 1769 1767 1493 1491 
f 1779 1778 1481 1479 
f 1770 1769 1491 1489 
f 1773 1770 1489 1487 
f 1776 1773 1487 1485 
f 1777 1776 1485 1483 
f 1778 1777 1483 1481 
f 1761 1764 1507 1506 
f 1759 1761 1506 1504 
f 1758 1759 1504 1502 
f 1758 1502 1500 1755 
f 1755 1500 1498 1753 
f 2495 2496 2506 2507 
s 8
f 1767 2473 2474 1493 
f 2478 1754 1509 2477 
s 1
f 3427 3428 2503 2502 
f 2502 2503 2501 
f 1479 1481 2304 2303 
f 1481 1483 2305 2304 
f 1483 1485 2306 2305 
f 1485 1487 2307 2306 
f 1487 1489 2308 2307 
f 1489 1491 2309 2308 
f 1491 1493 2310 2309 
f 1493 1495 2311 2310 
f 1495 1509 2312 2311 
f 1509 1498 2313 2312 
f 1498 1500 2314 2313 
f 1500 1502 2315 2314 
f 1502 1504 2316 2315 
f 1504 1506 2317 2316 
f 1506 1507 2318 2317 
f 1507 3399 2570 2318 
f 3382 1505 2319 2571 
f 1505 1503 2320 2319 
f 1503 1501 2321 2320 
f 1501 1499 2322 2321 
f 1499 1497 2323 2322 
f 1497 1496 2324 2323 
f 1496 1494 2325 2324 
f 1494 1492 2326 2325 
f 1492 1490 2327 2326 
f 1490 1488 2328 2327 
f 1488 1486 2329 2328 
f 1486 1484 2330 2329 
f 1484 1482 2331 2330 
f 1482 1480 2332 2331 
f 1480 1478 2333 2332 
f 1478 1477 2302 2333 
s 4
f 2014 1873 1824 1968 
f 1956 1811 1810 1955 
f 1988 1844 1814 1959 
f 1958 1813 1812 1957 
f 1944 1799 1798 1943 
f 1886 2027 1971 1827 
f 1926 1781 1780 1925 
s 1
f 1768 1662 2334 
f 2334 1662 1660 
f 2355 2352 2402 2405 
f 2358 2355 2405 2408 
f 2361 2358 2408 2411 
f 2364 2361 2411 2414 
f 2367 2364 2414 2417 
f 2370 2367 2417 2420 
f 2373 2370 2420 2423 
f 2376 2373 2423 2426 
f 2379 2376 2426 2429 
f 2382 2379 2429 2432 
f 2385 2382 2432 2435 
f 2388 2385 2435 2438 
f 2391 2388 2438 2441 
f 2394 2391 2441 2444 
f 2397 2394 2444 2447 
f 2399 2397 2447 2451 
f 2406 2403 2335 2336 
f 2409 2406 2336 2337 
f 2412 2409 2337 2338 
f 2415 2412 2338 2339 
f 2418 2415 2339 2340 
f 2421 2418 2340 2341 
f 2424 2421 2341 2342 
f 2427 2424 2342 2343 
f 2430 2427 2343 2344 
f 2433 2430 2344 2345 
f 2436 2433 2345 2346 
f 2439 2436 2346 2347 
f 2442 2439 2347 2348 
f 2445 2442 2348 2349 
f 2448 2445 2349 2350 
f 2450 2448 2350 2351 
f 2354 2511 3491 2353 
f 2357 2354 2353 2356 
f 2360 2357 2356 2359 
f 2363 2360 2359 2362 
f 2366 2363 2362 2365 
f 2369 2366 2365 2368 
f 2372 2369 2368 2371 
f 2375 2372 2371 2374 
f 2378 2375 2374 2377 
f 2381 2378 2377 2380 
f 2384 2381 2380 2383 
f 2387 2384 2383 2386 
f 2390 2387 2386 2389 
f 2393 2390 2389 2392 
f 2396 2393 2392 2395 
f 2400 2396 2395 2398 
f 2352 2355 2353 3491 
f 2405 2402 2401 2404 
f 2355 2358 2356 2353 
f 2408 2405 2404 2407 
f 2358 2361 2359 2356 
f 2411 2408 2407 2410 
f 2361 2364 2362 2359 
f 2414 2411 2410 2413 
f 2364 2367 2365 2362 
f 2417 2414 2413 2416 
f 2367 2370 2368 2365 
f 2420 2417 2416 2419 
f 2370 2373 2371 2368 
f 2423 2420 2419 2422 
f 2373 2376 2374 2371 
f 2426 2423 2422 2425 
f 2376 2379 2377 2374 
f 2429 2426 2425 2428 
f 2379 2382 2380 2377 
f 2432 2429 2428 2431 
f 2382 2385 2383 2380 
f 2435 2432 2431 2434 
f 2385 2388 2386 2383 
f 2438 2435 2434 2437 
f 2388 2391 2389 2386 
f 2441 2438 2437 2440 
f 2391 2394 2392 2389 
f 2444 2441 2440 2443 
f 2394 2397 2395 2392 
f 2447 2444 2443 2446 
f 2397 2399 2398 2395 
f 2451 2447 2446 2449 
f 2403 2406 2404 2401 
f 2406 2409 2407 2404 
f 2409 2412 2410 2407 
f 2412 2415 2413 2410 
f 2415 2418 2416 2413 
f 2418 2421 2419 2416 
f 2421 2424 2422 2419 
f 2424 2427 2425 2422 
f 2427 2430 2428 2425 
f 2430 2433 2431 2428 
f 2433 2436 2434 2431 
f 2436 2439 2437 2434 
f 2439 2442 2440 2437 
f 2442 2445 2443 2440 
f 2445 2448 2446 2443 
f 2448 2450 2449 2446 
f 1751 1649 2453 2452 
f 1649 1650 2454 2453 
f 1650 1775 2455 2454 
f 1775 1774 2456 2455 
f 1774 1772 2457 2456 
f 1772 1771 2458 2457 
f 1771 1702 2459 2458 
f 1702 1768 2460 2459 
f 1768 2334 2461 2460 
f 2334 1660 2462 2461 
f 1660 1661 2462 
f 1661 2472 2462 
f 1767 1769 2464 2463 
f 1769 1770 2465 2464 
f 1770 1773 2466 2465 
f 1773 1776 2467 2466 
f 1776 1777 2468 2467 
f 1777 1778 2469 2468 
f 1778 1779 2470 2469 
f 1752 1751 2452 2471 
f 2472 2463 2462 
s 8
f 2472 1661 1513 
s 1
f 2473 1767 2463 
f 2463 2472 2473 
s 8
f 2473 2472 2479 2474 
s 2
f 2475 2480 2481 2476 
f 2476 2483 2484 2477 
f 2477 2484 2485 
s 8
f 2477 2485 2486 2478 
s 2
f 1620 1619 1544 1622 
f 2476 2482 2483 
f 2482 2476 2481 
f 2475 2474 2479 2480 
s 8
f 2472 1513 2479 
s 2
f 2479 1513 1594 2480 
f 2480 1594 1508 2481 
f 2481 1508 1621 2482 
f 2482 1621 1620 2483 
f 2483 1620 1622 2484 
f 2484 1622 1514 2485 
s 8
f 2485 1514 1819 2486 
s 1
f 2486 1819 1820 2487 
f 2492 2489 2490 2491 
f 2491 2490 2487 
f 1753 1754 2490 2489 
f 1754 2478 2490 
f 2487 2488 2491 
f 2488 1821 2492 2491 
f 1821 1849 2493 2492 
f 1849 1756 2494 2493 
f 1756 1757 2495 2494 
f 1757 1857 2496 2495 
f 1857 1859 2497 2496 
f 1859 1760 2498 2497 
f 1760 1762 2499 2498 
f 1762 1763 2500 2499 
f 1763 1765 2501 2500 
f 1765 2301 2502 2501 
f 2301 2300 3427 2502 
f 2300 2299 3427 
f 3398 1764 2503 3428 
f 1764 1761 2504 2503 
f 1761 1759 2505 2504 
f 1759 1758 2506 2505 
f 1758 1755 2507 2506 
f 1755 1753 2489 2507 
f 2478 2486 2487 2490 
f 2508 2511 2510 2509 
f 2508 2509 2513 2512 
f 2512 2513 2515 2514 
f 2514 2515 2517 2516 
f 2516 2517 2519 2518 
f 2518 2519 2521 2520 
f 2520 2521 2523 2522 
f 2524 2522 2523 2525 
f 2526 2524 2525 2527 
f 2526 2527 2529 2528 
f 2528 2529 2531 2530 
f 2530 2531 2533 2532 
f 2532 2533 2535 2534 
f 2534 2535 2537 2536 
f 2536 2537 2539 2538 
f 2400 2538 2539 1476 
f 2303 2302 2541 2540 
f 2540 2541 2543 2542 
f 2542 2543 2545 2544 
f 2544 2545 2547 2546 
f 2546 2547 2549 2548 
f 2548 2549 2551 2550 
f 2550 2551 2553 2552 
f 2552 2553 2555 2554 
f 2554 2555 2557 2556 
f 2556 2557 2559 2558 
f 2558 2559 2561 2560 
f 2560 2561 2563 2562 
f 2562 2563 2565 2564 
f 2564 2565 2567 2566 
f 2566 2567 2569 2568 
f 2568 2569 2571 2570 
s 2
f 2572 2575 2574 2573 
f 2576 2578 2577 
f 2579 2581 2580 
f 2582 2584 2583 
f 2585 2587 2586 
f 2588 2590 2589 
f 2591 2594 2593 2592 
f 2595 2592 2593 2596 
f 2597 2595 2596 2598 
f 2597 2598 2600 2599 
f 2599 2600 2602 2601 
f 2603 2601 2602 2604 
f 2605 2603 2604 2606 
f 2605 2606 2608 2607 
f 2607 2608 2610 2609 
f 2611 2609 2610 2612 
f 2613 2611 2612 2614 
f 2615 2613 2614 2616 
f 2617 2615 2616 
f 2617 2616 2619 2618 
f 2620 2618 2619 2621 
f 2622 2620 2621 
f 2623 2626 2625 2624 
f 2623 2624 2628 2627 
f 2627 2628 2630 2629 
f 2631 2629 2630 2632 
f 2633 2631 2632 2634 
f 2633 2634 2587 2585 
f 2635 2585 2586 
f 2635 2586 2588 2636 
f 2589 2636 2588 
f 2637 2589 2590 2638 
f 2637 2638 2640 2639 
f 2639 2640 2642 2641 
f 2643 2641 2642 2644 
f 2643 2644 2646 2645 
f 2645 2646 2648 2647 
f 2647 2648 1568 1922 
f 2649 1921 1569 2650 
f 2651 2649 2650 2652 
f 2651 2652 2654 2653 
f 2653 2654 2655 2596 
f 2596 2655 2656 2598 
f 2657 2598 2656 2658 
f 2657 2658 2578 2576 
f 2604 2576 2577 
f 2604 2577 2579 2606 
f 2580 2606 2579 
f 2659 2580 2581 2660 
f 2659 2660 2661 2612 
f 2612 2661 2662 2614 
f 2663 2614 2662 2664 
f 2663 2664 2666 2665 
f 2665 2666 2667 2621 
f 2621 2667 2668 2622 
f 2669 2647 2670 2591 
f 2671 2669 2591 2592 
f 2671 2592 2672 2641 
f 2641 2672 2673 2639 
f 2674 2639 2673 2599 
f 2675 2674 2599 2601 
f 2676 2675 2601 
f 2636 2675 2676 
f 2636 2676 2677 2635 
f 2678 2635 2677 2607 
f 2679 2678 2607 2609 
f 2679 2609 2680 2631 
f 2631 2680 2681 2629 
f 2629 2681 2682 
f 2682 2681 2617 
f 2683 2682 2617 2618 
f 2683 2618 2684 2626 
f 2583 2572 2573 2582 
s 1
f 2685 2687 2686 
f 2688 2691 2690 2689 
f 2692 2695 2694 2693 
f 2696 2699 2698 2697 
f 2700 2703 2702 2701 
f 2704 2707 2706 2705 
f 2703 2700 2708 
f 2709 2712 2711 2710 
f 2713 2715 2714 
f 2713 2714 2716 
f 2707 2704 2717 
f 2718 2720 2719 
f 2718 2719 2721 
f 2722 2724 2723 
f 2722 2723 2725 
f 2726 2729 2728 2727 
f 2730 2687 2731 
f 2725 2734 2733 2732 
f 2735 2738 2737 2736 
f 2739 2741 2740 2726 
f 2691 2744 2743 2742 
f 2745 2747 2746 
f 2745 2746 2749 2748 
f 2750 2753 2752 2751 
f 2754 2750 2751 
f 2755 2746 2747 
f 2756 2759 2758 2757 
f 2760 2758 2759 
f 2761 2758 2760 
f 2762 2711 2712 2763 
f 2764 2766 2765 
f 2764 2765 2768 2767 
f 2769 2767 2770 2736 
f 2748 2765 2766 
f 2771 2772 2688 2689 
f 2773 2713 2716 2774 
f 2690 2691 2742 2775 
f 2775 2742 2776 2695 
f 2695 2776 2778 2777 
f 2771 2689 2779 
f 2780 2696 2697 2781 
f 2782 2703 2708 2783 
f 2755 2747 2724 
f 2767 2769 2784 2764 
f 2785 2694 2695 2777 
f 2771 2779 2781 
f 2781 2693 2780 
f 2786 2781 2697 2705 
f 2787 2786 2705 2706 
f 2787 2706 2701 2788 
f 2788 2701 2702 2789 
f 2789 2702 2790 2731 
f 2730 2731 2790 2791 
f 2792 2730 2791 2774 
f 2793 2792 2774 2716 
f 2722 2725 2741 
f 2794 2722 2741 
f 2721 2794 2795 
f 2796 2707 2717 2797 
f 2736 2770 2798 2735 
f 2778 2735 2798 2777 
f 2785 2777 2799 2699 
f 2699 2799 2801 2800 
f 2802 2698 2699 2800 
f 2748 2766 2803 2745 
f 2804 2733 2761 2760 
f 2803 2761 2805 2745 
f 2806 2748 2749 2797 
f 2807 2710 2808 2720 
f 2720 2808 2714 2715 
f 2724 2810 2809 
f 2811 2755 2812 2783 
f 2813 2814 2759 2756 
f 2784 2756 2757 2764 
f 2801 2767 2768 2800 
f 2802 2800 2815 2717 
f 2717 2815 2806 2797 
f 2796 2797 2816 2708 
f 2708 2816 2811 2783 
f 2782 2783 2773 2774 
f 2793 2716 2762 2763 
f 2686 2763 2712 
f 2685 2686 2712 2817 
f 2471 2470 2819 2818 
f 1752 2817 1915 
f 2820 2822 2821 
f 2823 2826 2825 2824 
f 2827 2824 2825 
f 2827 2825 2828 
f 2829 2831 2830 
f 2830 2831 2833 2832 
f 2834 2832 2833 
f 2834 2833 2836 2835 
f 2837 2835 2836 2838 
f 2839 2841 2840 
f 2840 2843 2842 2839 
f 2844 2750 2754 2845 
f 2844 2845 2847 2846 
f 2848 2846 2850 2849 
f 2848 2849 2851 
f 2852 2848 2851 2853 
f 2819 2852 2854 2818 
f 2855 2858 2857 2856 
f 2859 2862 2861 2860 
f 2863 2866 2865 2864 
f 2867 2870 2869 2868 
f 2871 2874 2873 2872 
f 2875 2878 2877 2876 
f 2879 2882 2881 2880 
f 2883 2885 2884 2864 
f 2886 2889 2888 2887 
f 2890 2893 2892 2891 
f 2890 2896 2895 2894 
f 2894 2895 2898 2897 
f 2899 2902 2901 2900 
f 2841 2904 2903 
f 2902 2899 2905 
f 2906 2909 2908 2907 
f 2910 2912 2857 2911 
f 2913 2915 2914 
f 2916 2913 2914 2917 
f 2918 2821 2822 2919 
f 2915 2913 2920 
f 2921 2915 2920 2922 
f 2879 2865 2866 2882 
f 2923 2863 2864 2924 
f 2925 2928 2927 2926 
f 2928 2925 2901 2929 
f 2930 2917 2932 2931 
f 2933 2930 2931 2934 
f 2935 2937 2936 2907 
f 2938 2891 2939 2902 
f 2856 2822 2820 2855 
f 2864 2884 2940 2924 
f 2867 2868 2941 
f 2911 2857 2858 2942 
f 2943 2911 2942 2861 
f 2944 2943 2861 2945 
f 2885 2883 2946 2889 
f 2859 2860 2947 
f 2947 2855 2820 2948 
f 2875 2876 2949 
f 2871 2872 2951 2950 
f 2869 2870 2953 2952 
f 2936 2937 2934 
f 2954 2936 2934 2931 
f 2861 2862 2955 2945 
f 2859 2947 2948 2956 
f 2951 2859 2956 2950 
f 2871 2950 2957 2949 
f 2949 2957 2958 2875 
f 2941 2875 2958 2959 
f 2867 2941 2959 2960 
f 2961 2867 2960 2903 
f 2961 2903 2904 2962 
f 2962 2904 2923 2924 
f 2953 2924 2940 2952 
f 2963 2887 2964 
f 2963 2964 2965 
f 2966 2905 2921 2922 
f 2967 2935 2907 2908 
f 2967 2908 2944 2945 
f 2968 2945 2955 2873 
f 2969 2968 2873 2970 
f 2877 2878 2972 2971 
f 2873 2874 2973 2970 
f 2974 2932 2917 2914 
f 2900 2901 2974 2914 
f 2916 2917 2975 2971 
f 2933 2934 2969 2970 
f 2976 2970 2973 2877 
f 2975 2976 2877 2971 
f 2977 2971 2972 2869 
f 2978 2977 2869 2952 
f 2978 2952 2979 2920 
f 2922 2920 2979 2980 
f 2922 2980 2981 
f 2981 2980 2885 
f 2982 2889 2946 2880 
f 2839 2842 2882 2866 
f 2843 2299 2983 2842 
f 2984 2985 2880 2881 
f 2985 2986 2982 2880 
f 2987 2988 2887 2888 
f 2988 2989 2964 2887 
f 1909 1910 2721 2795 
f 1910 1911 2718 2721 
f 1912 1913 2710 2807 
f 1913 1914 2709 2710 
s 2
f 2649 2990 1917 1921 
f 2990 2649 2594 2591 
s 1
f 1752 2685 2817 
f 2853 2854 2852 
f 2991 2993 2728 2992 
f 2992 2994 2733 2804 
f 2728 2729 2994 2992 
f 2739 2726 1920 1671 
f 2740 2741 2732 
f 2794 2741 2795 
f 1920 2726 2727 1919 
s 2
f 2647 1922 1595 2670 
s 1
f 2890 2891 2938 2896 
f 2995 2895 2996 2965 
f 2898 2895 2995 2997 
f 2927 2928 2999 2998 
f 2926 2927 2954 2931 
f 2901 2902 2939 2929 
f 2902 2905 3000 
f 2905 2965 2996 3000 
f 2963 2965 2905 2966 
f 2981 2885 2889 2886 
f 2755 2724 2812 
f 2723 2724 2747 
f 2724 2809 2812 
f 2810 2715 2809 
f 2741 2725 2732 
f 2761 2733 2734 2805 
f 2719 2720 2715 2810 
f 2846 2847 2850 
f 2692 2693 2781 2779 
s 2
f 2866 3002 3001 2839 
s 4
f 2839 3001 3003 2841 
s 2
f 2893 3005 3004 2892 
f 2855 3007 3006 2858 
f 2859 3009 3008 2862 
s 4
f 2863 3010 3002 2866 
s 2
f 2865 3012 3011 2864 
f 2857 3014 3013 2856 
f 2867 3016 3015 2870 
f 2871 3019 3018 2874 
f 2861 3021 3020 2860 
f 2869 3023 3022 2868 
f 2875 3025 3024 2878 
f 2882 3027 3026 2881 
f 2880 3029 3028 2879 
f 2873 3031 3030 2872 
f 2877 3033 3032 2876 
f 2885 3035 3034 2884 
s 4
f 2864 3011 3036 2883 
s 2
f 2999 3038 3037 2998 
f 2889 3040 3039 2888 
f 2887 3042 3041 2886 
s 4
f 2890 3043 3005 2893 
s 2
f 2896 3045 3044 2895 
f 2894 3046 3043 2890 
s 4
f 2897 3047 3046 2894 
s 2
f 2900 3049 3048 2899 
f 2841 3003 3050 2904 
s 4
f 2899 3048 3051 2905 
s 2
f 3000 3053 3052 2902 
s 4
f 2996 3054 3053 3000 
s 2
f 2906 3056 3055 2909 
f 2910 3058 3057 2912 
f 2915 3060 3059 2914 
f 2916 3062 3061 2913 
s 4
f 2919 3064 3063 
s 2
f 2822 3067 3066 2919 
s 4
f 2913 3061 3068 2920 
f 2921 3069 3060 2915 
f 2879 3028 3012 2865 
s 2
f 2923 3070 3010 2863 
f 2926 3072 3071 2925 
s 4
f 2925 3071 3073 2901 
s 2
f 2929 3075 3074 2928 
f 2995 3077 3076 2997 
s 8
f 2895 3044 3054 2996 
s 4
f 2965 3078 3077 2995 
s 2
f 2932 3080 3079 2931 
f 2933 3082 3081 2930 
s 4
f 2930 3081 3083 2917 
s 2
f 2935 3085 3084 2937 
f 2936 3087 3086 2907 
s 4
f 2938 3088 3045 2896 
s 2
f 2891 3090 3089 2939 
s 8
f 2902 3052 3088 2938 
s 4
f 2856 3013 3067 2822 
f 2884 3034 3091 2940 
f 2868 3022 3092 2941 
f 2858 3006 3093 2942 
s 2
f 2943 3095 3094 2911 
s 8
f 2942 3093 3021 2861 
s 4
f 2944 3096 3095 2943 
f 2860 3020 3097 2947 
s 8
f 2947 3097 3007 2855 
s 4
f 2876 3032 3098 2949 
f 2872 3030 3099 2951 
f 2870 3015 3100 2953 
s 2
f 2937 3084 3101 2934 
s 4
f 2954 3102 3087 2936 
f 2862 3008 3103 2955 
s 8
f 2951 3099 3009 2859 
f 2949 3098 3019 2871 
f 2941 3092 3025 2875 
s 4
f 2961 3104 3016 2867 
s 2
f 2962 3105 3104 2961 
s 4
f 2904 3050 3070 2923 
f 2924 3106 3105 2962 
s 2
f 2953 3100 3106 2924 
f 2940 3091 3107 2952 
f 2989 3109 3108 2964 
s 4
f 2963 3110 3042 2887 
s 8
f 2964 3108 3078 2965 
s 2
f 2966 3111 3110 2963 
f 2905 3051 3069 2921 
s 4
f 2922 3112 3111 2966 
f 2939 3089 3075 2929 
f 2967 3113 3085 2935 
s 2
f 2908 3114 3096 2944 
f 2945 3115 3113 2967 
s 4
f 2968 3116 3115 2945 
s 8
f 2955 3103 3031 2873 
s 2
f 2969 3117 3116 2968 
s 4
f 2878 3024 3118 2972 
f 2974 3119 3080 2932 
s 2
f 2901 3073 3119 2974 
s 4
f 2914 3059 3049 2900 
s 2
f 2917 3083 3120 2975 
s 4
f 2971 3121 3062 2916 
s 2
f 2927 3122 3102 2954 
s 4
f 2931 3079 3072 2926 
f 2934 3101 3117 2969 
f 2970 3123 3082 2933 
s 2
f 2976 3124 3123 2970 
s 4
f 2973 3017 3033 2877 
f 2975 3120 3124 2976 
s 2
f 2977 3125 3121 2971 
s 8
f 2972 3118 3023 2869 
s 4
f 2978 3126 3125 2977 
f 2952 3107 3127 2979 
s 2
f 2920 3068 3126 2978 
f 2979 3127 3128 2980 
f 2981 3129 3112 2922 
s 4
f 2980 3128 3035 2885 
f 2886 3041 3129 2981 
s 2
f 2883 3036 3130 2946 
s 4
f 2982 3131 3040 2889 
f 2946 3130 3029 2880 
s 2
f 2986 3132 3131 2982 
f 2983 3134 3133 2842 
s 4
f 2842 3133 3027 2882 
f 2881 3026 3135 2984 
f 2888 3039 3136 2987 
s 2
f 2687 3138 3137 2686 
f 2991 3140 3139 2993 
s 4
f 2992 3141 3140 2991 
s 2
f 2690 3143 3142 2689 
f 2694 3145 3144 2693 
f 2688 3147 3146 2691 
f 2698 3149 3148 2697 
f 2703 3151 3150 2702 
f 2707 3153 3152 2706 
f 2700 3155 3154 2708 
f 2692 3157 3156 2695 
f 2709 3159 3158 2712 
f 2711 3161 3160 2710 
f 2713 3163 3162 2715 
f 2714 3165 3164 2716 
f 2704 3167 3166 2717 
f 2696 3169 3168 2699 
f 2756 3171 3170 2813 
f 2718 3173 3172 2720 
f 2719 3175 3174 2721 
s 4
f 2993 3139 3176 2728 
s 2
f 2722 3178 3177 2724 
f 2723 3180 3179 2725 
f 2726 3182 3181 2729 
f 2728 3176 3183 2727 
s 4
f 2727 3183 2182 1919 
f 2730 3184 3138 2687 
f 2725 3179 3185 2734 
s 2
f 2733 3187 3186 2732 
f 2738 3189 3188 2737 
s 4
f 2735 3190 3189 2738 
s 2
f 2739 3192 3191 2741 
s 4
f 2740 3193 3182 2726 
s 2
f 2744 3195 3194 2743 
s 4
f 2691 3146 3195 2744 
f 2743 3194 3196 2742 
s 2
f 2745 3198 3197 2747 
f 2746 3200 3199 2749 
s 4
f 3201 3205 3202 
s 2
f 3202 3203 3206 2772 
s 4
f 2755 3207 3200 2746 
f 2737 3188 3208 2736 
s 2
f 2758 3210 3209 2757 
f 2759 3212 3211 2760 
s 4
f 2761 3213 3210 2758 
f 1911 2177 3173 2718 
f 1671 2097 3192 2739 
f 2762 3214 3161 2711 
f 1914 2179 3159 2709 
s 2
f 2764 3216 3215 2766 
f 2765 3218 3217 2768 
s 4
f 2810 3219 3175 2719 
s 2
f 2767 3221 3220 2770 
f 2736 3208 3222 2769 
s 4
f 2748 3223 3218 2765 
f 2772 3206 3147 2688 
f 2729 3181 3224 2994 
s 2
f 2804 3225 3141 2992 
s 8
f 2994 3224 3187 2733 
s 4
f 2773 3226 3163 2713 
f 2701 3227 3155 2700 
s 8
f 2732 3186 3193 2740 
s 4
f 2775 3228 3143 2690 
s 2
f 2742 3196 3229 2776 
s 8
f 2695 3156 3228 2775 
s 4
f 2776 3229 3230 2778 
f 2779 3231 3157 2692 
s 8
f 2689 3142 3231 2779 
s 4
f 2780 3232 3169 2696 
f 2705 3233 3167 2704 
f 2782 3234 3151 2703 
f 2747 3197 3180 2723 
f 2769 3222 3235 2784 
f 2785 3236 3145 2694 
s 8
f 2693 3144 3232 2780 
f 2697 3148 3233 2705 
f 2706 3152 3227 2701 
s 4
f 2702 3150 3237 2790 
s 2
f 2790 3237 3238 2791 
f 2792 3239 3184 2730 
s 4
f 2791 3238 3240 2774 
f 2793 3241 3239 2792 
f 2794 3242 3178 2722 
f 2741 3191 3243 2795 
s 8
f 2721 3174 3242 2794 
s 4
f 2796 3244 3153 2707 
f 2770 3220 3245 2798 
s 2
f 2778 3230 3190 2735 
f 2798 3245 3246 2777 
s 4
f 2777 3246 3247 2799 
s 8
f 2699 3168 3236 2785 
s 2
f 2799 3247 3248 2801 
s 4
f 2760 3211 3225 2804 
f 2802 3249 3149 2698 
f 2766 3215 3250 2803 
s 2
f 2734 3185 3251 2805 
f 2803 3250 3213 2761 
s 4
f 2805 3251 3198 2745 
s 2
f 2806 3252 3223 2748 
s 4
f 2749 3199 3253 2797 
f 2710 3160 3254 2808 
f 2720 3172 3255 2807 
s 8
f 2808 3254 3165 2714 
s 4
f 2715 3162 3256 2809 
s 8
f 2724 3177 3219 2810 
s 2
f 2809 3256 3257 2812 
f 2811 3258 3207 2755 
s 4
f 2812 3257 3259 2783 
f 2814 3260 3212 2759 
s 8
f 2813 3170 3260 2814 
f 2784 3235 3171 2756 
s 4
f 2757 3209 3216 2764 
f 2801 3248 3221 2767 
f 2768 3217 3261 2800 
s 2
f 2800 3261 3262 2815 
s 8
f 2717 3166 3249 2802 
s 4
f 2815 3262 3252 2806 
s 2
f 2797 3253 3263 2816 
s 8
f 2708 3154 3244 2796 
s 4
f 2816 3263 3258 2811 
s 2
f 2783 3259 3226 2773 
f 2774 3240 3234 2782 
s 8
f 2716 3164 3214 2762 
s 2
f 2763 3264 3241 2793 
s 4
f 2686 3137 3264 2763 
f 2712 3158 3265 2817 
s 2
f 2795 3243 2176 1909 
f 2807 3255 2178 1912 
f 2817 3265 2180 1915 
s 1
f 3266 3268 3267 2622 
f 2578 3270 3269 2577 
f 2579 3272 3271 2581 
f 2668 3274 3273 3205 
f 3064 3277 3276 3275 
f 2587 3279 3278 2586 
f 2588 3281 3280 2590 
f 2990 3282 2298 1917 
f 2649 3284 3283 2594 
s 4
f 2591 3285 3282 2990 
f 2594 3283 3286 2593 
s 1
f 2595 3288 3287 2592 
f 2593 3286 3289 2596 
s 4
f 2597 3290 3288 2595 
s 1
f 2598 3292 3291 2600 
f 2599 3293 3290 2597 
s 4
f 2600 3291 3294 2602 
s 1
f 2603 3296 3295 2601 
f 2602 3294 3297 2604 
s 4
f 2605 3298 3296 2603 
s 1
f 2606 3300 3299 2608 
f 2607 3301 3298 2605 
s 4
f 2608 3299 3302 2610 
s 1
f 2611 3304 3303 2609 
f 2610 3302 3305 2612 
s 4
f 2613 3306 3304 2611 
f 2615 3307 3306 2613 
s 1
f 2614 3309 3308 2616 
f 2617 3310 3307 2615 
s 4
f 2616 3308 3311 2619 
s 1
f 2620 3313 3312 2618 
f 2619 3311 3314 2621 
s 4
f 2622 3267 3313 2620 
f 3275 3276 3315 2625 
s 1
f 2623 3317 3316 2626 
f 2625 3315 3318 2624 
s 4
f 2627 3319 3317 2623 
s 1
f 2628 3321 3320 2630 
f 2629 3322 3319 2627 
s 4
f 2630 3320 3323 2632 
s 1
f 2633 3325 3324 2631 
f 2632 3323 3326 2634 
s 4
f 2585 3327 3325 2633 
s 1
f 2635 3328 3327 2585 
s 4
f 2586 3278 3281 2588 
s 1
f 2589 3330 3329 2636 
s 4
f 2637 3331 3330 2589 
s 1
f 2638 3333 3332 2640 
f 2639 3334 3331 2637 
s 4
f 2640 3332 3335 2642 
s 1
f 2643 3337 3336 2641 
f 2642 3335 3338 2644 
s 4
f 2645 3339 3337 2643 
s 1
f 2646 3341 3340 2648 
f 2647 3342 3339 2645 
s 4
f 2648 3340 2243 1568 
s 1
f 1569 2244 3343 2650 
s 4
f 2651 3344 3284 2649 
f 2650 3343 3345 2652 
s 1
f 2653 3346 3344 2651 
f 2654 3348 3347 2655 
s 4
f 2596 3289 3346 2653 
f 2655 3347 3349 2656 
f 2657 3350 3292 2598 
s 1
f 2656 3349 3351 2658 
f 2576 3352 3350 2657 
s 4
f 2604 3297 3352 2576 
f 2577 3269 3272 2579 
f 2580 3353 3300 2606 
s 1
f 2659 3354 3353 2580 
f 2660 3356 3355 2661 
s 4
f 2612 3305 3354 2659 
f 2661 3355 3357 2662 
f 2663 3358 3309 2614 
s 1
f 2662 3357 3359 2664 
f 2665 3360 3358 2663 
f 2666 3362 3361 2667 
s 4
f 2621 3314 3360 2665 
f 2667 3361 3274 2668 
s 1
f 1595 2270 3363 2670 
s 4
f 2669 3364 3342 2647 
s 8
f 2670 3363 3285 2591 
s 1
f 2671 3365 3364 2669 
s 4
f 2592 3287 3366 2672 
f 2641 3336 3365 2671 
s 1
f 2672 3366 3367 2673 
s 4
f 2674 3368 3334 2639 
f 2673 3367 3293 2599 
s 1
f 2675 3369 3368 2674 
s 4
f 2601 3295 3370 2676 
f 2636 3329 3369 2675 
s 1
f 2676 3370 3371 2677 
s 4
f 2678 3372 3328 2635 
f 2677 3371 3301 2607 
s 1
f 2679 3373 3372 2678 
s 4
f 2609 3303 3374 2680 
f 2631 3324 3373 2679 
s 1
f 2680 3374 3375 2681 
s 4
f 2682 3376 3322 2629 
f 2681 3375 3310 2617 
s 1
f 2683 3377 3376 2682 
s 4
f 2618 3312 3378 2684 
f 2626 3316 3377 2683 
s 1
f 2684 3378 3380 3379 
s 4
f 3379 3380 3268 3266 
s 1
f 3381 2509 2510 3382 
f 1477 1476 2539 3383 
f 3384 2513 2509 3381 
f 3385 2515 2513 3384 
f 3386 2517 2515 3385 
f 3387 2519 2517 3386 
f 3388 2521 2519 3387 
f 3389 2523 2521 3388 
f 3390 2525 2523 3389 
f 3391 2527 2525 3390 
f 3392 2529 2527 3391 
f 3393 2531 2529 3392 
f 3394 2533 2531 3393 
f 3395 2535 2533 3394 
f 3396 2537 2535 3395 
f 3383 2539 2537 3396 
f 3397 3400 3399 3398 
f 3401 2575 3403 3402 
f 3404 3406 2583 3405 
f 1779 1479 3408 3407 
f 3409 3410 3406 3404 
f 3411 3412 3410 3409 
f 3413 3414 3412 3411 
f 3415 3416 3414 3413 
f 3407 3408 3416 3415 
f 3417 3418 3400 3397 
f 3419 3420 3418 3417 
f 3421 3422 3420 3419 
f 3421 3424 3423 3422 
f 3424 3402 3403 3423 
f 2828 2825 2831 2829 
s 8
f 3405 2583 2584 3425 
f 3426 2574 2575 3401 
s 1
f 3427 3429 2838 3428 
f 3429 2837 2838 
f 1479 2303 2540 3408 
f 3408 2540 2542 3416 
f 3416 2542 2544 3414 
f 3414 2544 2546 3412 
f 3412 2546 2548 3410 
f 3410 2548 2550 3406 
f 3406 2550 2552 2583 
f 2583 2552 2554 2572 
f 2572 2554 2556 2575 
f 2575 2556 2558 3403 
f 3403 2558 2560 3423 
f 3423 2560 2562 3422 
f 3422 2562 2564 3420 
f 3420 2564 2566 3418 
f 3418 2566 2568 3400 
f 3400 2568 2570 3399 
f 3382 2571 2569 3381 
f 3381 2569 2567 3384 
f 3384 2567 2565 3385 
f 3385 2565 2563 3386 
f 3386 2563 2561 3387 
f 3387 2561 2559 3388 
f 3388 2559 2557 3389 
f 3389 2557 2555 3390 
f 3390 2555 2553 3391 
f 3391 2553 2551 3392 
f 3392 2551 2549 3393 
f 3393 2549 2547 3394 
f 3394 2547 2545 3395 
f 3395 2545 2543 3396 
f 3396 2543 2541 3383 
f 3383 2541 2302 1477 
s 4
f 3086 3056 2906 2907 
f 3055 3114 2908 2909 
f 3094 3058 2910 2911 
f 3057 3014 2857 2912 
f 3037 3122 2927 2998 
f 2999 2928 3074 3038 
f 3004 3090 2891 2892 
s 1
f 2771 3430 2772 
f 3430 3202 2772 
f 3431 3432 2402 2352 
f 3433 3434 3432 3431 
f 3435 3436 3434 3433 
f 3437 3438 3436 3435 
f 3439 3440 3438 3437 
f 3441 3442 3440 3439 
f 3443 3444 3442 3441 
f 3445 3446 3444 3443 
f 3447 3448 3446 3445 
f 3449 3450 3448 3447 
f 3451 3452 3450 3449 
f 3453 3454 3452 3451 
f 3455 3456 3454 3453 
f 3457 3458 3456 3455 
f 3459 3460 3458 3457 
f 2399 2451 3460 3459 
f 3461 3462 2335 2403 
f 3463 3464 3462 3461 
f 3465 3466 3464 3463 
f 3467 3468 3466 3465 
f 3469 3470 3468 3467 
f 3471 3472 3470 3469 
f 3473 3474 3472 3471 
f 3475 3476 3474 3473 
f 3477 3478 3476 3475 
f 3479 3480 3478 3477 
f 3481 3482 3480 3479 
f 3483 3484 3482 3481 
f 3485 3486 3484 3483 
f 3487 3488 3486 3485 
f 3489 3490 3488 3487 
f 2450 2351 3490 3489 
f 2508 3492 3491 2511 
f 2512 3493 3492 2508 
f 2514 3494 3493 2512 
f 2516 3495 3494 2514 
f 2518 3496 3495 2516 
f 2520 3497 3496 2518 
f 2522 3498 3497 2520 
f 2524 3499 3498 2522 
f 2526 3500 3499 2524 
f 2528 3501 3500 2526 
f 2530 3502 3501 2528 
f 2532 3503 3502 2530 
f 2534 3504 3503 2532 
f 2536 3505 3504 2534 
f 2538 3506 3505 2536 
f 2400 2398 3506 2538 
f 2352 3491 3492 3431 
f 3432 3507 2401 2402 
f 3431 3492 3493 3433 
f 3434 3508 3507 3432 
f 3433 3493 3494 3435 
f 3436 3509 3508 3434 
f 3435 3494 3495 3437 
f 3438 3510 3509 3436 
f 3437 3495 3496 3439 
f 3440 3511 3510 3438 
f 3439 3496 3497 3441 
f 3442 3512 3511 3440 
f 3441 3497 3498 3443 
f 3444 3513 3512 3442 
f 3443 3498 3499 3445 
f 3446 3514 3513 3444 
f 3445 3499 3500 3447 
f 3448 3515 3514 3446 
f 3447 3500 3501 3449 
f 3450 3516 3515 3448 
f 3449 3501 3502 3451 
f 3452 3517 3516 3450 
f 3451 3502 3503 3453 
f 3454 3518 3517 3452 
f 3453 3503 3504 3455 
f 3456 3519 3518 3454 
f 3455 3504 3505 3457 
f 3458 3520 3519 3456 
f 3457 3505 3506 3459 
f 3460 3521 3520 3458 
f 3459 3506 2398 2399 
f 2451 2449 3521 3460 
f 2403 2401 3507 3461 
f 3461 3507 3508 3463 
f 3463 3508 3509 3465 
f 3465 3509 3510 3467 
f 3467 3510 3511 3469 
f 3469 3511 3512 3471 
f 3471 3512 3513 3473 
f 3473 3513 3514 3475 
f 3475 3514 3515 3477 
f 3477 3515 3516 3479 
f 3479 3516 3517 3481 
f 3481 3517 3518 3483 
f 3483 3518 3519 3485 
f 3485 3519 3520 3487 
f 3487 3520 3521 3489 
f 3489 3521 2449 2450 
f 2685 2818 2854 2687 
f 2687 2854 2853 2731 
f 2731 2853 2851 2789 
f 2789 2851 2849 2788 
f 2788 2849 2850 2787 
f 2787 2850 2847 2786 
f 2786 2847 2845 2781 
f 2781 2845 2754 2771 
f 2771 2754 2751 3430 
f 3430 2751 2752 3202 
f 3202 2752 3201 
f 3201 2752 3522 
f 3405 2753 2750 3404 
f 3404 2750 2844 3409 
f 3409 2844 2846 3411 
f 3411 2846 2848 3413 
f 3413 2848 2852 3415 
f 3415 2852 2819 3407 
f 3407 2819 2470 1779 
f 1752 2471 2818 2685 
f 3522 2752 2753 
s 8
f 3522 3205 3201 
s 1
f 3425 2753 3405 
f 2753 3425 3522 
s 8
f 3425 2584 3523 3522 
s 2
f 2582 2573 3525 3524 
f 2573 2574 3527 3526 
f 2574 3528 3527 
s 8
f 2574 3426 3529 3528 
s 2
f 3379 3275 2626 2684 
f 2573 3526 3530 
f 3530 3525 2573 
f 2582 3524 3523 2584 
s 8
f 3522 3523 3205 
s 2
f 3523 3524 2668 3205 
f 3524 3525 2622 2668 
f 3525 3530 3266 2622 
f 3530 3526 3379 3266 
f 3526 3527 3275 3379 
f 3527 3528 3064 3275 
s 8
f 3528 3529 3063 3064 
s 1
f 3529 2918 2919 3063 
f 2823 3532 3531 2826 
f 3532 2918 3531 
f 3402 2826 3531 3401 
f 3401 3531 3426 
f 2918 3532 2821 
f 2821 3532 2823 2820 
f 2820 2823 2824 2948 
f 2948 2824 2827 2956 
f 2956 2827 2828 2950 
f 2950 2828 2829 2957 
f 2957 2829 2830 2958 
f 2958 2830 2832 2959 
f 2959 2832 2834 2960 
f 2960 2834 2835 2903 
f 2903 2835 2837 2841 
f 2841 2837 3429 2840 
f 2840 3429 3427 2843 
f 2843 3427 2299 
f 3398 3428 2838 3397 
f 3397 2838 2836 3417 
f 3417 2836 2833 3419 
f 3419 2833 2831 3421 
f 3421 2831 2825 3424 
f 3424 2825 2826 3402 
f 3426 3531 2918 3529 
s 2
f 3275 2625 2626 
s 4
f 2919 3066 3065 3064 
f 3205 3204 3203 3202 
f 1660 2086 2087 1513 
f 1820 1819 1514 
s 2
f 1544 1543 1622 
s 8
f 1788 1881 2022 1933 
f 3018 3017 2973 2874 
s 1
f 3541 3535 3536 3533 
f 3533 3536 3537 3534 
f 3535 3538 3539 3536 
f 3536 3539 3540 3537 
f 3541 3533 3543 3542 
f 3533 3534 3544 3543 
f 3542 3543 3546 3545 
f 3543 3544 3547 3546 
f 3847 3553 4070 4071 
f 3833 3835 3552 3548 
f 3837 3839 3550 3549 
f 3839 3841 3550 
f 3841 3843 3550 
f 3845 3837 3549 3551 
f 3835 3845 3551 3552 
f 3847 3833 3548 3553 
f 3553 3860 4072 4070 
f 3552 3849 3851 3548 
f 3550 3853 3855 3549 
f 3550 3857 3853 
f 3549 3855 3858 3551 
f 3551 3858 3849 3552 
f 3548 3851 3860 3553 
f 3843 3863 3550 
f 3863 3865 3550 
f 3865 3867 3550 
f 3867 3869 3550 
f 3869 3871 3550 
f 3871 3857 3550 
f 3794 3828 3792 3793 
f 3793 3792 3795 3796 
f 3798 3799 3797 3831 
f 3801 3800 3802 3803 
f 3806 3807 3804 3805 
f 3808 3809 3807 3806 
f 3810 3811 3809 3808 
f 3812 3813 3811 3810 
f 3814 3815 3813 3812 
f 3816 3817 3815 3814 
f 3818 3819 3817 3816 
f 3803 3802 3820 3821 
f 3822 3823 3819 3818 
f 3824 3825 3823 3822 
f 3826 3827 3825 3824 
f 3821 3820 3828 3794 
f 3829 3830 3827 3826 
f 3796 3795 3830 3829 
f 3805 3804 3799 3798 
f 3831 3797 4075 4076 
f 3873 3874 3631 3614 
f 3876 3873 3614 3630 
f 3911 3879 3615 3633 
f 3883 3881 3616 3624 
f 3885 3886 3617 3632 
f 3886 3889 3618 3617 
f 3889 3891 3619 3618 
f 3891 3893 3620 3619 
f 3893 3895 3621 3620 
f 3895 3897 3622 3621 
f 3897 3899 3623 3622 
f 3901 3883 3624 3628 
f 3899 3903 3625 3623 
f 3903 3905 3626 3625 
f 3905 3907 3627 3626 
f 3874 3901 3628 3631 
f 3907 3910 3629 3627 
f 3910 3876 3630 3629 
f 3879 3885 3632 3615 
f 3554 3651 3634 3555 
f 3555 3634 3650 3571 
f 3556 3635 3653 3573 
f 3557 3636 3644 3565 
f 3558 3637 3652 3572 
f 3559 3638 3637 3558 
f 3560 3639 3638 3559 
f 3561 3640 3639 3560 
f 3562 3641 3640 3561 
f 3563 3642 3641 3562 
f 3564 3643 3642 3563 
f 3565 3644 3648 3569 
f 3566 3645 3643 3564 
f 3567 3646 3645 3566 
f 3568 3647 3646 3567 
f 3569 3648 3651 3554 
f 3570 3649 3647 3568 
f 3571 3650 3649 3570 
f 3572 3652 3635 3556 
f 3573 3653 4083 4084 
f 3574 3611 3594 3575 
f 3575 3594 3610 3591 
f 3576 3595 3613 3593 
f 3577 3596 3604 3585 
f 3578 3597 3612 3592 
f 3579 3598 3597 3578 
f 3580 3599 3598 3579 
f 3581 3600 3599 3580 
f 3582 3601 3600 3581 
f 3583 3602 3601 3582 
f 3584 3603 3602 3583 
f 3585 3604 3608 3589 
f 3586 3605 3603 3584 
f 3587 3606 3605 3586 
f 3588 3607 3606 3587 
f 3589 3608 3611 3574 
f 3590 3609 3607 3588 
f 3591 3610 3609 3590 
f 3592 3612 3595 3576 
f 3593 3613 4087 4088 
f 3611 3554 3555 3594 
f 3594 3555 3571 3610 
f 3595 3556 3573 3613 
f 3596 3557 3565 3604 
f 3597 3558 3572 3612 
f 3598 3559 3558 3597 
f 3599 3560 3559 3598 
f 3600 3561 3560 3599 
f 3601 3562 3561 3600 
f 3602 3563 3562 3601 
f 3603 3564 3563 3602 
f 3604 3565 3569 3608 
f 3605 3566 3564 3603 
f 3606 3567 3566 3605 
f 3607 3568 3567 3606 
f 3608 3569 3554 3611 
f 3609 3570 3568 3607 
f 3610 3571 3570 3609 
f 3612 3572 3556 3595 
f 3613 3573 4084 4087 
f 3631 3574 3575 3614 
f 3614 3575 3591 3630 
f 3615 3576 3593 3633 
f 3616 3577 3585 3624 
f 3617 3578 3592 3632 
f 3618 3579 3578 3617 
f 3619 3580 3579 3618 
f 3620 3581 3580 3619 
f 3621 3582 3581 3620 
f 3622 3583 3582 3621 
f 3623 3584 3583 3622 
f 3624 3585 3589 3628 
f 3625 3586 3584 3623 
f 3626 3587 3586 3625 
f 3627 3588 3587 3626 
f 3628 3589 3574 3631 
f 3629 3590 3588 3627 
f 3630 3591 3590 3629 
f 3632 3592 3576 3615 
f 3633 3593 4088 4080 
f 4221 4185 3709 3695 
f 4185 4187 3710 3709 
f 4191 4192 3708 3696 
f 4193 4196 3712 3711 
f 4200 4199 3713 3697 
f 4202 4200 3697 3698 
f 4204 4202 3698 3699 
f 4206 4204 3699 3700 
f 4208 4206 3700 3701 
f 4210 4208 3701 3702 
f 4212 4210 3702 3703 
f 4196 4214 3714 3712 
f 4216 4212 3703 3704 
f 4218 4216 3704 3705 
f 4220 4218 3705 3706 
f 4214 4221 3695 3714 
f 4223 4220 3706 3707 
f 4187 4223 3707 3710 
f 4199 4191 3696 3713 
f 3678 3673 4439 4441 
f 3675 4445 4447 3674 
f 3676 4451 4453 3684 
f 3677 4457 4451 3676 
f 3678 4441 4457 3677 
f 3679 4460 4439 3673 
f 3680 4463 4460 3679 
f 3681 4466 4463 3680 
f 3682 4469 4466 3681 
f 3981 3982 3983 3984 
f 3984 3983 3985 3986 
f 3986 3985 3987 3988 
f 3988 3987 3989 3990 
f 3990 3989 3991 3992 
f 3992 3991 3993 3994 
f 3994 3993 3995 3996 
f 4005 4006 3997 3998 
f 4007 4008 4000 3999 
f 3999 4000 4001 4002 
f 3685 3686 3664 3663 
f 3686 3687 3665 3664 
f 3687 3688 3666 3665 
f 3688 3689 3667 3666 
f 3689 3690 3668 3667 
f 3690 3691 3669 3668 
f 3691 3692 3670 3669 
f 3692 3693 3671 3670 
f 3974 3973 3975 3976 
f 3719 3718 3672 3694 
f 3719 3720 3717 3718 
f 3663 3664 4472 4474 
f 3664 3665 4478 4472 
f 3665 3666 4481 4478 
f 3666 3667 4484 4481 
f 3667 3668 4487 4484 
f 3668 3669 4490 4487 
f 3669 3670 4493 4490 
f 3670 3671 4496 4493 
f 3976 3975 4499 4501 
f 3718 4505 4507 3672 
f 3718 3717 4511 4505 
f 4099 4101 3673 3678 
f 4105 4107 3675 3674 
f 4107 4110 3684 3675 
f 4114 4116 3677 3676 
f 4116 4099 3678 3677 
f 4101 4119 3679 3673 
f 4119 4122 3680 3679 
f 4122 4125 3681 3680 
f 4125 4128 3682 3681 
f 4047 4045 4514 4516 
f 4453 4445 3675 3684 
f 4110 4114 3676 3684 
f 3943 3944 3913 3914 
f 3946 3948 3919 3917 
f 3948 3950 3921 3919 
f 3950 3952 3923 3921 
f 3952 3954 3925 3923 
f 3954 3956 3927 3925 
f 3956 3958 3929 3927 
f 3958 3960 3931 3929 
f 3960 3962 3933 3931 
f 3962 3964 3935 3933 
f 3964 3966 3937 3935 
f 3966 3968 3939 3937 
f 3968 3970 3941 3939 
f 3970 3943 3914 3941 
f 3944 5051 5052 3913 
f 4184 4183 4246 4227 
f 4186 4184 4227 4228 
f 4226 4190 4230 4231 
f 4195 4194 4232 4233 
f 4198 4197 4235 4234 
f 4197 4201 4236 4235 
f 4201 4203 4237 4236 
f 4203 4205 4238 4237 
f 4205 4207 4239 4238 
f 4207 4209 4240 4239 
f 4209 4211 4241 4240 
f 4213 4195 4233 4242 
f 4211 4215 4243 4241 
f 4215 4217 4244 4243 
f 4217 4219 4245 4244 
f 4183 4213 4242 4246 
f 4219 4222 4247 4245 
f 4222 4186 4228 4247 
f 4190 4198 4234 4230 
f 4311 4274 4139 4140 
f 4274 4276 4141 4139 
f 4280 4282 4160 4143 
f 4283 4285 4145 4144 
f 4290 4288 4146 4147 
f 4291 4290 4147 4148 
f 4293 4291 4148 4149 
f 4295 4293 4149 4150 
f 4297 4295 4150 4151 
f 4299 4297 4151 4152 
f 4301 4299 4152 4153 
f 4285 4303 4154 4145 
f 4305 4301 4153 4155 
f 4307 4305 4155 4156 
f 4309 4307 4156 4157 
f 4303 4311 4140 4154 
f 4312 4309 4157 4158 
f 4276 4312 4158 4141 
f 4288 4280 4143 4146 
f 4282 4315 4159 4160 
f 3766 3767 3945 3942 
f 3654 3972 3947 5142 
f 3655 3656 3951 3949 
f 3656 3657 3953 3951 
f 3657 3658 3955 3953 
f 3658 3659 3957 3955 
f 3659 3660 3959 3957 
f 3660 3661 3961 3959 
f 3661 3662 3963 3961 
f 3662 3768 3965 3963 
f 3768 3769 3967 3965 
f 3769 3770 3969 3967 
f 3770 3771 3971 3969 
f 3771 3766 3942 3971 
f 3767 4642 5167 3945 
f 3915 3912 3723 3725 
f 3916 3918 3732 3729 
f 3918 3920 3735 3732 
f 3920 3922 3738 3735 
f 3922 3924 3741 3738 
f 3924 3926 3744 3741 
f 3926 3928 3747 3744 
f 3928 3930 3750 3747 
f 3930 3932 3753 3750 
f 3932 3934 3756 3753 
f 3934 3936 3759 3756 
f 3936 3938 3762 3759 
f 3938 3940 3765 3762 
f 3940 3915 3725 3765 
f 3912 5198 4645 3723 
s 2
f 3726 3722 5214 
f 3728 3731 5214 
f 3731 3734 5214 
f 3734 3737 5214 
f 3737 3740 5214 
f 3740 3743 5214 
f 3743 3746 5214 
f 3746 3749 5214 
f 3749 3752 5214 
f 3752 3755 5214 
f 3755 3758 5214 
f 3758 3761 5214 
f 3761 3764 5214 
f 3764 3726 5214 
f 3722 4647 5214 
s 1
f 3725 3723 3721 3724 
f 3729 3732 3730 3727 
f 3732 3735 3733 3730 
f 3735 3738 3736 3733 
f 3738 3741 3739 3736 
f 3741 3744 3742 3739 
f 3744 3747 3745 3742 
f 3747 3750 3748 3745 
f 3750 3753 3751 3748 
f 3753 3756 3754 3751 
f 3756 3759 3757 3754 
f 3759 3762 3760 3757 
f 3762 3765 3763 3760 
f 3765 3725 3724 3763 
f 3723 4645 4649 3721 
s 2
f 3722 3726 3724 3721 
f 3728 4646 4648 3727 
f 3731 3728 3727 3730 
f 3734 3731 3730 3733 
f 3737 3734 3733 3736 
f 3740 3737 3736 3739 
f 3743 3740 3739 3742 
f 3746 3743 3742 3745 
f 3749 3746 3745 3748 
f 3752 3749 3748 3751 
f 3755 3752 3751 3754 
f 3758 3755 3754 3757 
f 3761 3758 3757 3760 
f 3764 3761 3760 3763 
f 3726 3764 3763 3724 
s 1
f 4134 4286 4284 4132 
f 4104 4137 4314 4281 
f 4104 4281 4289 
f 4104 4289 4287 4108 
f 4108 4287 4292 
f 4111 4108 4292 4294 
f 4111 4294 4296 
f 4113 4111 4296 4298 
f 4117 4113 4298 4300 
f 4098 4117 4300 4302 
f 4102 4098 4302 4306 
f 4102 4306 4308 
f 4120 4102 4308 4310 
f 4123 4120 4310 4313 
f 4123 4313 4277 
f 4126 4123 4277 4275 
f 4126 4275 4273 
f 4134 4129 4304 4286 
f 4129 4273 4304 
f 4129 4126 4273 
f 3828 3908 3872 3792 
f 3793 3836 3844 3794 
f 3792 3872 3875 3795 
f 3796 3838 3836 3793 
f 3801 3846 4094 4074 
f 3799 3878 3877 3797 
f 3831 3861 3850 3798 
f 3800 3880 3882 3802 
f 3803 3832 3846 3801 
f 3807 3887 3884 3804 
f 3805 3848 3859 3806 
f 3809 3888 3887 3807 
f 3806 3859 3854 3808 
f 3811 3890 3888 3809 
f 3808 3854 3852 3810 
f 3813 3892 3890 3811 
f 3810 3852 3856 3812 
f 3815 3894 3892 3813 
f 3812 3856 3870 3814 
f 3817 3896 3894 3815 
f 3814 3870 3868 3816 
f 3819 3898 3896 3817 
f 3816 3868 3866 3818 
f 3802 3882 3900 3820 
f 3821 3834 3832 3803 
f 3823 3902 3898 3819 
f 3818 3866 3864 3822 
f 3825 3904 3902 3823 
f 3822 3864 3862 3824 
f 3827 3906 3904 3825 
f 3824 3862 3842 3826 
f 3820 3900 3908 3828 
f 3794 3844 3834 3821 
f 3830 3909 3906 3827 
f 3826 3842 3840 3829 
f 3795 3875 3909 3830 
f 3829 3840 3838 3796 
f 3804 3884 3878 3799 
f 3798 3850 3848 3805 
f 3797 3877 4095 4075 
f 3835 3833 3832 3834 
f 3839 3837 3836 3838 
f 3841 3839 3838 3840 
f 3843 3841 3840 3842 
f 3837 3845 3844 3836 
f 3845 3835 3834 3844 
f 3833 3847 3846 3832 
f 3851 3849 3848 3850 
f 3855 3853 3852 3854 
f 3853 3857 3856 3852 
f 3858 3855 3854 3859 
f 3849 3858 3859 3848 
f 3860 3851 3850 3861 
f 3863 3843 3842 3862 
f 3865 3863 3862 3864 
f 3867 3865 3864 3866 
f 3869 3867 3866 3868 
f 3871 3869 3868 3870 
f 3857 3871 3870 3856 
f 3874 3873 3872 3908 
f 3873 3876 3875 3872 
f 3879 3911 3877 3878 
f 3881 3883 3882 3880 
f 3886 3885 3884 3887 
f 3889 3886 3887 3888 
f 3891 3889 3888 3890 
f 3893 3891 3890 3892 
f 3895 3893 3892 3894 
f 3897 3895 3894 3896 
f 3899 3897 3896 3898 
f 3883 3901 3900 3882 
f 3903 3899 3898 3902 
f 3905 3903 3902 3904 
f 3907 3905 3904 3906 
f 3901 3874 3908 3900 
f 3910 3907 3906 3909 
f 3876 3910 3909 3875 
f 3885 3879 3878 3884 
f 4317 4382 4390 4353 
f 4319 4383 4382 4317 
f 4360 4384 4391 4324 
f 4327 4386 4385 4326 
f 4329 4387 4392 4332 
f 4333 4406 4405 4331 
f 4335 4407 4406 4333 
f 4337 4408 4407 4335 
f 4339 4409 4408 4337 
f 4341 4410 4409 4339 
f 4343 4411 4410 4341 
f 4345 4388 4386 4327 
f 4347 4412 4411 4343 
f 4349 4413 4412 4347 
f 4351 4414 4413 4349 
f 4353 4390 4388 4345 
f 4355 4415 4414 4351 
f 4320 4417 4415 4355 
f 4324 4391 4387 4329 
f 4357 4389 4384 4360 
f 3914 3913 3912 3915 
f 3917 3919 3918 3916 
f 3919 3921 3920 3918 
f 3921 3923 3922 3920 
f 3923 3925 3924 3922 
f 3925 3927 3926 3924 
f 3927 3929 3928 3926 
f 3929 3931 3930 3928 
f 3931 3933 3932 3930 
f 3933 3935 3934 3932 
f 3935 3937 3936 3934 
f 3937 3939 3938 3936 
f 3939 3941 3940 3938 
f 3941 3914 3915 3940 
f 3913 5052 5198 3912 
f 3944 3943 3942 3945 
f 3946 5353 5142 3947 
f 3948 3946 3947 3949 
f 3950 3948 3949 3951 
f 3952 3950 3951 3953 
f 3954 3952 3953 3955 
f 3956 3954 3955 3957 
f 3958 3956 3957 3959 
f 3960 3958 3959 3961 
f 3962 3960 3961 3963 
f 3964 3962 3963 3965 
f 3966 3964 3965 3967 
f 3968 3966 3967 3969 
f 3970 3968 3969 3971 
f 3943 3970 3971 3942 
f 3996 3995 4006 4005 
f 3972 3655 3949 3947 
f 4011 4012 4008 4007 
f 3973 3694 3672 3975 
f 3976 3671 3693 3974 
f 3975 3672 4507 4499 
f 4501 4496 3671 3976 
f 3998 3997 4010 4009 
f 4009 4010 4012 4011 
f 3685 3663 3977 3978 
f 3663 4474 4519 3977 
f 3767 3766 3980 5362 
f 3769 3768 3979 3980 
f 3770 3769 3980 
f 3771 3770 3980 
f 3766 3771 3980 
f 3979 3768 4023 4021 
f 3982 3662 3661 3983 
f 3984 3686 3685 3981 
f 3983 3661 3660 3985 
f 3986 3687 3686 3984 
f 3985 3660 3659 3987 
f 3988 3688 3687 3986 
f 3987 3659 3658 3989 
f 3990 3689 3688 3988 
f 3989 3658 3657 3991 
f 3992 3690 3689 3990 
f 3991 3657 3656 3993 
f 3994 3691 3690 3992 
f 3993 3656 3655 3995 
f 3996 3692 3691 3994 
f 4006 3972 3654 3997 
f 3998 3693 4005 
f 4008 3654 3716 4000 
f 3999 3719 3694 4007 
f 4000 3716 3715 4001 
f 4002 3720 3719 3999 
f 3995 3655 3972 4006 
f 4005 3693 3692 3996 
f 4012 3654 4008 
f 4007 3694 3973 4011 
f 3997 3654 4010 
f 4009 3974 3693 3998 
f 4010 3654 4012 
f 4011 3973 3974 4009 
f 4138 4045 4047 4049 
f 4138 4051 4053 
f 4050 4048 4020 
f 4138 4049 4051 
f 4013 3715 5376 4657 
f 4016 4002 4001 4017 
f 4017 4004 4003 4016 
f 4014 4048 4046 4015 
f 4015 3717 3720 4014 
f 4015 4046 4523 4525 
f 4525 4511 3717 4015 
f 4014 3720 4002 4016 
f 4016 4003 4048 4014 
f 4013 3683 4004 4017 
f 4017 4001 3715 4013 
f 4018 3683 5388 5389 
f 4019 4004 3683 4018 
f 4018 4054 4052 4019 
f 4020 4003 4004 4019 
f 4019 4052 4050 4020 
f 4048 4003 4020 
f 3982 3981 4024 4023 
f 3981 3685 4024 
f 3768 3662 3982 4023 
f 4024 4022 4021 4023 
f 3685 3978 4022 4024 
f 4027 4028 4030 4029 
f 4529 4531 4028 4027 
f 4029 4030 4035 4034 
f 4032 4033 4031 4037 
f 4034 4035 4033 4032 
f 4028 4068 4069 4030 
f 4029 3978 3977 4027 
f 4531 4534 4068 4028 
f 4027 3977 4519 4529 
f 4030 4069 4026 4035 
f 4034 4022 3978 4029 
f 4033 4025 4040 4031 
f 4037 3979 4021 4032 
f 4035 4026 4025 4033 
f 4032 4021 4022 4034 
f 4036 3980 3979 4037 
f 4038 4036 4037 4031 
f 4039 4038 4031 4040 
f 4026 4058 4042 
f 4041 4060 4062 4043 
f 4043 4040 4025 4041 
f 4042 4064 4060 4041 
f 4041 4025 4026 4042 
f 4044 4039 4040 4043 
f 4043 4062 4066 4044 
f 4044 4066 4659 5425 
f 4058 4064 4042 
f 4059 4057 3682 4128 
f 4057 4538 4469 3682 
f 4067 4063 4135 4131 
f 4135 4061 4065 4128 
f 4065 4059 4128 
f 4135 4063 4061 
f 4045 3674 4447 4514 
f 4138 4105 3674 4045 
f 4047 4516 4523 4046 
f 4049 4047 4046 4048 
f 4053 4051 4050 4052 
f 4055 4053 4052 4054 
f 4051 4049 4048 4050 
f 4057 4059 4058 4056 
f 4057 4056 4541 4538 
f 4063 4067 4066 4062 
f 4067 4660 4659 4066 
f 4065 4061 4060 4064 
f 4059 4065 4064 4058 
f 4061 4063 4062 4060 
f 4068 4056 4058 4069 
f 4534 4541 4056 4068 
f 4069 4058 4026 
f 4070 5438 4655 4071 
f 4072 4656 5438 4070 
f 4073 3800 3801 4074 
f 4075 5440 4653 4076 
f 4077 3616 3881 4078 
f 4079 3911 3633 4080 
f 4081 3636 3557 4082 
f 4083 5446 4661 4084 
f 4085 3596 3577 4086 
f 4087 4662 5449 4088 
f 4082 3557 3596 4085 
f 4084 4661 4662 4087 
f 4086 3577 3616 4077 
f 4088 5449 5450 4080 
f 4189 4193 3711 4089 
f 4090 3708 4192 4225 
f 4091 3776 4166 4164 
f 4224 4226 4231 4248 
f 4278 4283 4144 4142 
f 4315 5463 4663 4159 
f 4093 3880 3800 4073 
f 4094 4654 5465 4074 
f 4095 5466 5440 4075 
f 4096 3861 3831 4076 
f 4094 3846 3847 4071 
f 4072 3860 3861 4096 
f 4078 3881 3880 4093 
f 4095 3877 3911 4079 
f 4101 4099 4097 4100 
f 4107 4105 4103 4106 
f 4110 4107 4106 4109 
f 4116 4114 4112 4115 
f 4099 4116 4115 4097 
f 4119 4101 4100 4118 
f 4122 4119 4118 4121 
f 4125 4122 4121 4124 
f 4128 4125 4124 4127 
f 4114 4110 4109 4112 
f 4134 4132 4130 4133 
f 4138 4650 5481 4136 
f 4137 4104 4103 4136 
f 4104 4108 4106 4103 
f 4108 4111 4109 4106 
f 4111 4113 4112 4109 
f 4113 4117 4115 4112 
f 4117 4098 4097 4115 
f 4098 4102 4100 4097 
f 4102 4120 4118 4100 
f 4120 4123 4121 4118 
f 4123 4126 4124 4121 
f 4129 4134 4133 4127 
f 4126 4129 4127 4124 
f 4131 4135 4133 4130 
f 4135 4128 4127 4133 
f 4105 4138 4136 4103 
f 4132 5808 5483 4130 
s 2
f 4250 4257 4258 4249 
s 1
f 4139 3773 3772 4140 
f 4141 3774 3773 4139 
f 4142 4091 5491 4641 
f 4160 3791 3775 4143 
f 4145 3777 3776 4144 
f 4146 3779 3778 4147 
f 4147 3778 3780 4148 
f 4148 3780 3781 4149 
f 4149 3781 3782 4150 
f 4150 3782 3783 4151 
f 4151 3783 3784 4152 
f 4152 3784 3785 4153 
f 4154 3786 3777 4145 
f 4153 3785 3787 4155 
f 4155 3787 3788 4156 
f 4156 3788 3789 4157 
f 4140 3772 3786 4154 
f 4157 3789 3790 4158 
f 4158 3790 3774 4141 
f 4143 3775 3779 4146 
f 4159 4092 3791 4160 
f 4144 3776 4091 4142 
f 4161 3772 3773 4162 
f 4162 3773 3774 4163 
f 4165 3775 3791 4182 
f 4166 3776 3777 4167 
f 4168 3778 3779 4169 
f 4170 3780 3778 4168 
f 4171 3781 3780 4170 
f 4172 3782 3781 4171 
f 4173 3783 3782 4172 
f 4174 3784 3783 4173 
f 4175 3785 3784 4174 
f 4167 3777 3786 4176 
f 4177 3787 3785 4175 
f 4178 3788 3787 4177 
f 4179 3789 3788 4178 
f 4176 3786 3772 4161 
f 4180 3790 3789 4179 
f 4163 3774 3790 4180 
f 4169 3779 3775 4165 
f 4181 4092 4665 5529 
f 4166 4232 4229 4164 
f 4182 3791 4092 4181 
f 4185 4221 4183 4184 
f 4187 4185 4184 4186 
f 4189 5531 4666 4188 
f 4192 4191 4190 4226 
f 4196 4193 4194 4195 
f 4199 4200 4197 4198 
f 4200 4202 4201 4197 
f 4202 4204 4203 4201 
f 4204 4206 4205 4203 
f 4206 4208 4207 4205 
f 4208 4210 4209 4207 
f 4210 4212 4211 4209 
f 4214 4196 4195 4213 
f 4212 4216 4215 4211 
f 4216 4218 4217 4215 
f 4218 4220 4219 4217 
f 4221 4214 4213 4183 
f 4220 4223 4222 4219 
f 4223 4187 4186 4222 
f 4191 4199 4198 4190 
f 4193 4189 4188 4194 
f 4225 4192 4226 4224 
f 4246 4161 4162 4227 
f 4227 4162 4163 4228 
f 4229 4188 4666 5533 
f 4230 4165 4182 4231 
f 4232 4166 4167 4233 
f 4235 4168 4169 4234 
f 4236 4170 4168 4235 
f 4237 4171 4170 4236 
f 4238 4172 4171 4237 
f 4239 4173 4172 4238 
f 4240 4174 4173 4239 
f 4241 4175 4174 4240 
f 4233 4167 4176 4242 
f 4243 4177 4175 4241 
f 4244 4178 4177 4243 
f 4245 4179 4178 4244 
f 4242 4176 4161 4246 
f 4247 4180 4179 4245 
f 4228 4163 4180 4247 
f 4234 4169 4165 4230 
f 4248 4181 5529 5534 
f 4231 4182 4181 4248 
f 4232 4194 4188 4229 
s 2
f 4442 4438 4250 4249 
f 4438 4459 4251 4250 
f 4459 4462 4252 4251 
f 4462 4465 4253 4252 
f 4465 4468 4254 4253 
f 4468 4537 4255 4254 
f 4537 4540 4255 
f 4540 4535 4255 
f 4535 4532 4255 
f 4532 4528 4255 
f 4528 4520 4256 4255 
f 4520 4475 4257 4256 
f 4475 4471 4258 4257 
f 4471 4477 4259 4258 
f 4477 4480 4260 4259 
f 4480 4483 4261 4260 
f 4483 4486 4262 4261 
f 4486 4489 4263 4262 
f 4489 4492 4264 4263 
f 4492 4495 4265 4264 
f 4495 4502 4265 
f 4502 4498 4265 
f 4498 4508 4265 
f 4508 4504 4266 4265 
f 4504 4510 4266 
f 4510 4526 4266 
f 4526 4522 4266 
f 4522 4517 4266 
f 4517 4513 4267 4266 
f 4513 4448 4268 4267 
f 4448 4444 4269 4268 
f 4444 4454 4270 4269 
f 4454 4450 4271 4270 
f 4450 4456 4272 4271 
f 4456 4442 4249 4272 
f 4264 4265 4266 4267 
f 4263 4264 4267 4268 
f 4262 4263 4268 4269 
f 4261 4262 4269 4270 
f 4260 4261 4270 4271 
f 4259 4260 4271 4272 
f 4258 4259 4272 4249 
f 4250 4251 4257 
f 4251 4252 4257 
f 4252 4253 4257 
f 4253 4254 4256 4257 
f 4254 4255 4256 
s 1
f 4284 4286 4285 4283 
f 4281 4314 4282 4280 
f 4289 4281 4280 4288 
f 4287 4289 4288 4290 
f 4292 4287 4290 4291 
f 4294 4292 4291 4293 
f 4296 4294 4293 4295 
f 4298 4296 4295 4297 
f 4300 4298 4297 4299 
f 4302 4300 4299 4301 
f 4306 4302 4301 4305 
f 4308 4306 4305 4307 
f 4310 4308 4307 4309 
f 4313 4310 4309 4312 
f 4277 4313 4312 4276 
f 4275 4277 4276 4274 
f 4273 4275 4274 4311 
f 4286 4304 4303 4285 
f 4304 4273 4311 4303 
f 4279 4284 4283 4278 
f 4316 5592 5463 4315 
f 4314 4316 4315 4282 
f 4318 3634 3651 4354 
f 4353 3695 3709 4317 
f 4320 3650 3634 4318 
f 4317 3709 3710 4319 
f 4322 4081 5596 4667 
f 4359 3653 3635 4323 
f 4324 3696 3708 4360 
f 4328 3644 3636 4325 
f 4326 3711 3712 4327 
f 4330 3652 3637 4331 
f 4332 3697 3713 4329 
f 4334 3698 3697 4332 
f 4331 3637 3638 4333 
f 4336 3699 3698 4334 
f 4333 3638 3639 4335 
f 4338 3700 3699 4336 
f 4335 3639 3640 4337 
f 4340 3701 3700 4338 
f 4337 3640 3641 4339 
f 4342 3702 3701 4340 
f 4339 3641 3642 4341 
f 4344 3703 3702 4342 
f 4341 3642 3643 4343 
f 4346 3648 3644 4328 
f 4327 3712 3714 4345 
f 4348 3704 3703 4344 
f 4343 3643 3645 4347 
f 4350 3705 3704 4348 
f 4347 3645 3646 4349 
f 4352 3706 3705 4350 
f 4349 3646 3647 4351 
f 4354 3651 3648 4346 
f 4345 3714 3695 4353 
f 4356 3707 3706 4352 
f 4351 3647 3649 4355 
f 4319 3710 3707 4356 
f 4355 3649 3650 4320 
f 4323 3635 3652 4330 
f 4329 3713 3696 4324 
f 4358 4083 3653 4359 
f 4360 3708 4090 4357 
f 4325 3636 4081 4322 
f 4321 4089 3711 4326 
f 4357 4090 5615 5616 
f 4361 4416 4403 4378 
f 4362 4417 4416 4361 
f 4381 4418 4404 4363 
f 4365 4420 4419 4364 
f 4366 4421 4405 4367 
f 4368 4393 4392 4367 
f 4369 4394 4393 4368 
f 4370 4395 4394 4369 
f 4371 4396 4395 4370 
f 4372 4397 4396 4371 
f 4373 4398 4397 4372 
f 4374 4422 4420 4365 
f 4375 4399 4398 4373 
f 4376 4400 4399 4375 
f 4377 4401 4400 4376 
f 4378 4403 4422 4374 
f 4379 4402 4401 4377 
f 4362 4383 4402 4379 
f 4363 4404 4421 4366 
f 4380 4423 4418 4381 
f 4364 4419 4582 4584 
f 4325 4322 4586 4588 
f 4322 4667 4590 4592 
f 4326 4596 4598 
f 4385 4600 4602 
f 4382 4361 4378 4390 
f 4383 4362 4361 4382 
f 4384 4381 4363 4391 
f 4386 4365 4364 4385 
f 4387 4366 4367 4392 
f 4388 4374 4365 4386 
f 4390 4378 4374 4388 
f 4391 4363 4366 4387 
f 4389 4380 4381 4384 
f 4393 4334 4332 4392 
f 4394 4336 4334 4393 
f 4395 4338 4336 4394 
f 4396 4340 4338 4395 
f 4397 4342 4340 4396 
f 4398 4344 4342 4397 
f 4399 4348 4344 4398 
f 4400 4350 4348 4399 
f 4401 4352 4350 4400 
f 4402 4356 4352 4401 
f 4383 4319 4356 4402 
f 4385 4364 4584 4600 
f 4406 4368 4367 4405 
f 4407 4369 4368 4406 
f 4408 4370 4369 4407 
f 4409 4371 4370 4408 
f 4410 4372 4371 4409 
f 4411 4373 4372 4410 
f 4412 4375 4373 4411 
f 4413 4376 4375 4412 
f 4414 4377 4376 4413 
f 4415 4379 4377 4414 
f 4417 4362 4379 4415 
f 4416 4318 4354 4403 
f 4417 4320 4318 4416 
f 4418 4359 4323 4404 
f 4420 4328 4325 4419 
f 4421 4330 4331 4405 
f 4422 4346 4328 4420 
f 4403 4354 4346 4422 
f 4404 4323 4330 4421 
f 4423 4358 4359 4418 
f 4419 4325 4604 4582 
f 4598 4606 4321 4326 
f 4602 4596 4326 4385 
f 4325 4588 4604 
f 4322 4592 4586 
f 4603 4587 4425 4432 
f 4585 4591 4426 4433 
f 4589 4678 5678 4431 
f 4593 4605 4427 4434 
f 4597 4595 4428 4435 
f 4599 4583 4424 4429 
f 4601 4599 4429 4436 
f 4583 4581 4430 4424 
f 4591 4589 4431 4426 
f 4581 4603 4432 4430 
f 4587 4585 4433 4425 
f 4605 4597 4435 4427 
f 4595 4601 4436 4428 
f 4425 4607 4609 4432 
f 4426 4611 4613 4433 
f 4427 4617 4619 4434 
f 4428 4621 4623 4435 
f 4424 4625 4627 4429 
f 4429 4627 4629 4436 
f 4430 4631 4625 4424 
f 4431 4615 4611 4426 
f 4432 4609 4631 4430 
f 4433 4613 4607 4425 
f 4434 4619 4679 4671 
f 4435 4623 4617 4427 
f 4436 4629 4621 4428 
f 4610 4608 4547 4543 
f 4614 4612 4553 4549 
f 4616 5718 4672 4555 
f 4620 4618 4562 4558 
f 4624 4622 4568 4564 
f 4628 4626 4574 4570 
f 4630 4628 4570 4576 
f 4626 4632 4580 4574 
f 4612 4616 4555 4553 
f 4632 4610 4543 4580 
f 4608 4614 4549 4547 
f 4618 4624 4564 4562 
f 4622 4630 4576 4568 
f 4441 4439 4437 4440 
f 4447 4445 4443 4446 
f 4453 4451 4449 4452 
f 4451 4457 4455 4449 
f 4457 4441 4440 4455 
f 4439 4460 4458 4437 
f 4460 4463 4461 4458 
f 4463 4466 4464 4461 
f 4466 4469 4467 4464 
f 4474 4472 4470 4473 
f 4472 4478 4476 4470 
f 4478 4481 4479 4476 
f 4481 4484 4482 4479 
f 4484 4487 4485 4482 
f 4487 4490 4488 4485 
f 4490 4493 4491 4488 
f 4493 4496 4494 4491 
f 4501 4499 4497 4500 
f 4507 4505 4503 4506 
f 4505 4511 4509 4503 
f 4516 4514 4512 4515 
f 4445 4453 4452 4443 
f 4499 4507 4506 4497 
f 4496 4501 4500 4494 
f 4519 4474 4473 4518 
f 4525 4523 4521 4524 
f 4511 4525 4524 4509 
f 4531 4529 4527 4530 
f 4534 4531 4530 4533 
f 4529 4519 4518 4527 
f 4469 4538 4536 4467 
f 4514 4447 4446 4512 
f 4523 4516 4515 4521 
f 4538 4541 4539 4536 
f 4541 4534 4533 4539 
s 2
f 4438 4442 4440 4437 
f 4459 4438 4437 4458 
f 4462 4459 4458 4461 
f 4465 4462 4461 4464 
f 4468 4465 4464 4467 
f 4537 4468 4467 4536 
f 4540 4537 4536 4539 
f 4535 4540 4539 4533 
f 4532 4535 4533 4530 
f 4528 4532 4530 4527 
f 4520 4528 4527 4518 
f 4475 4520 4518 4473 
f 4471 4475 4473 4470 
f 4477 4471 4470 4476 
f 4480 4477 4476 4479 
f 4483 4480 4479 4482 
f 4486 4483 4482 4485 
f 4489 4486 4485 4488 
f 4492 4489 4488 4491 
f 4495 4492 4491 4494 
f 4502 4495 4494 4500 
f 4498 4502 4500 4497 
f 4508 4498 4497 4506 
f 4504 4508 4506 4503 
f 4510 4504 4503 4509 
f 4526 4510 4509 4524 
f 4522 4526 4524 4521 
f 4517 4522 4521 4515 
f 4513 4517 4515 4512 
f 4448 4513 4512 4446 
f 4444 4448 4446 4443 
f 4454 4444 4443 4452 
f 4450 4454 4452 4449 
f 4456 4450 4449 4455 
f 4442 4456 4455 4440 
f 4544 4546 4675 
f 4546 4550 4675 
f 4550 4552 4675 
f 4552 4556 4675 
f 4556 4674 4675 
f 4559 4561 4675 
f 4561 4565 4675 
f 4565 4567 4675 
f 4567 4577 4675 
f 4577 4571 4675 
f 4571 4573 4675 
f 4573 4579 4675 
f 4579 4544 4675 
s 1
f 4543 4547 4545 4542 
f 4549 4553 4551 4548 
f 4555 4672 4676 4554 
f 4558 4562 4560 4557 
f 4564 4568 4566 4563 
f 4570 4574 4572 4569 
f 4576 4570 4569 4575 
f 4574 4580 4578 4572 
f 4553 4555 4554 4551 
f 4580 4543 4542 4578 
f 4547 4549 4548 4545 
f 4562 4564 4563 4560 
f 4568 4576 4575 4566 
s 2
f 4546 4544 4542 4545 
f 4550 4546 4545 4548 
f 4552 4550 4548 4551 
f 4556 4552 4551 4554 
f 4559 5797 5798 4557 
f 4561 4559 4557 4560 
f 4565 4561 4560 4563 
f 4567 4565 4563 4566 
f 4577 4567 4566 4575 
f 4571 4577 4575 4569 
f 4573 4571 4569 4572 
f 4579 4573 4572 4578 
f 4544 4579 4578 4542 
s 1
f 4584 4582 4581 4583 
f 4588 4586 4585 4587 
f 4592 4590 4589 4591 
f 4598 4596 4595 4597 
f 4602 4600 4599 4601 
f 4600 4584 4583 4599 
f 4582 4604 4603 4581 
f 4594 4606 4605 4593 
f 4606 4598 4597 4605 
f 4596 4602 4601 4595 
f 4604 4588 4587 4603 
f 4586 4592 4591 4585 
f 4590 4670 4678 4589 
f 4608 4610 4609 4607 
f 4612 4614 4613 4611 
f 4618 4620 4619 4617 
f 4622 4624 4623 4621 
f 4626 4628 4627 4625 
f 4628 4630 4629 4627 
f 4632 4626 4625 4631 
f 4616 4612 4611 4615 
f 4610 4632 4631 4609 
f 4614 4608 4607 4613 
f 4620 5800 4679 4619 
f 4624 4618 4617 4623 
f 4630 4622 4621 4629 
f 5801 4073 4074 5465 
f 4633 4077 4078 4634 
f 4635 4079 4080 5450 
f 5596 4081 4082 4636 
f 4637 4085 4086 5802 
f 4636 4082 4085 4637 
f 5802 4086 4077 4633 
f 5531 4189 4089 4638 
f 5615 4090 4225 4639 
f 5803 3716 3654 5804 
f 5376 3715 3716 5803 
f 5353 3946 3917 4640 
f 5805 4164 4229 5533 
f 5806 4224 4248 5534 
f 5807 4278 4142 4641 
f 5804 3654 5142 
f 4643 3916 3729 4644 
s 2
f 4646 3728 5214 
s 1
f 4644 3729 3727 4648 
s 2
f 4647 3722 3721 4649 
s 1
f 4650 4138 4053 4055 
f 5808 4279 4651 
f 5809 4093 4073 5801 
f 4652 4096 4076 4653 
f 4654 4094 4071 4655 
f 4656 4072 4096 4652 
f 4634 4078 4093 5809 
f 5466 4095 4079 4635 
f 4640 3917 3916 4643 
f 5051 3944 3945 5167 
f 4642 3767 5362 
f 4650 4055 5810 
f 5388 3683 4013 4657 
f 5811 4054 4018 5389 
f 5362 3980 4036 5812 
f 5812 4036 4038 5813 
f 5813 4038 4039 4658 
f 4658 4039 4044 5425 
f 5810 4055 4054 5811 
f 5814 4389 4357 5616 
f 4132 4284 4279 5808 
f 5592 4316 4664 
f 4664 4316 4314 4137 
f 4660 4067 4131 5815 
f 4664 4137 4136 5481 
f 5815 4131 4130 5483 
f 4665 4092 4159 4663 
f 5491 4091 4164 5805 
f 4639 4225 4224 5806 
f 4651 4279 4278 5807 
f 4638 4089 4321 5816 
f 5446 4083 4358 5817 
f 4668 4423 4380 4669 
f 5816 4594 5818 
f 4669 4380 4389 5814 
f 5817 4358 4423 4668 
f 5816 4321 4606 4594 
f 4670 4590 4667 
f 4677 4593 4434 4671 
f 5819 4615 4431 5678 
f 5800 4620 4558 4673 
s 2
f 5797 4559 4675 
s 1
f 4673 4558 4557 5798 
s 2
f 4674 4556 4554 4676 
s 1
f 5818 4594 4593 4677 
f 5718 4616 4615 5819 
f 4680 4683 4682 4681 
f 4684 4687 4686 4685 
f 4688 4691 4690 4689 
f 4689 4690 4692 
f 4692 4690 4693 
f 4694 4695 4691 4688 
f 4685 4686 4695 4694 
f 4680 4681 4687 4684 
f 4681 4682 4697 4696 
f 4686 4687 4699 4698 
f 4690 4691 4701 4700 
f 4690 4700 4702 
f 4691 4695 4703 4701 
f 4695 4686 4698 4703 
f 4687 4681 4696 4699 
f 4693 4690 4704 
f 4704 4690 4705 
f 4705 4690 4706 
f 4706 4690 4707 
f 4707 4690 4708 
f 4708 4690 4702 
f 4709 4712 4711 4710 
f 4712 4714 4713 4711 
f 4715 4718 4717 4716 
f 4719 4722 4721 4720 
f 4723 4726 4725 4724 
f 4727 4723 4724 4728 
f 4729 4727 4728 4730 
f 4731 4729 4730 4732 
f 4733 4731 4732 4734 
f 4735 4733 4734 4736 
f 4737 4735 4736 4738 
f 4722 4740 4739 4721 
f 4741 4737 4738 4742 
f 4743 4741 4742 4744 
f 4745 4743 4744 4746 
f 4740 4709 4710 4739 
f 4747 4745 4746 4748 
f 4714 4747 4748 4713 
f 4726 4715 4716 4725 
f 4718 4750 4749 4717 
f 4751 4754 4753 4752 
f 4755 4756 4754 4751 
f 4757 4760 4759 4758 
f 4761 4764 4763 4762 
f 4765 4768 4767 4766 
f 4766 4767 4770 4769 
f 4769 4770 4772 4771 
f 4771 4772 4774 4773 
f 4773 4774 4776 4775 
f 4775 4776 4778 4777 
f 4777 4778 4780 4779 
f 4781 4782 4764 4761 
f 4779 4780 4784 4783 
f 4783 4784 4786 4785 
f 4785 4786 4788 4787 
f 4752 4753 4782 4781 
f 4787 4788 4790 4789 
f 4789 4790 4756 4755 
f 4758 4759 4768 4765 
f 4791 4794 4793 4792 
f 4794 4796 4795 4793 
f 4797 4800 4799 4798 
f 4801 4804 4803 4802 
f 4805 4808 4807 4806 
f 4809 4805 4806 4810 
f 4811 4809 4810 4812 
f 4813 4811 4812 4814 
f 4815 4813 4814 4816 
f 4817 4815 4816 4818 
f 4819 4817 4818 4820 
f 4804 4822 4821 4803 
f 4823 4819 4820 4824 
f 4825 4823 4824 4826 
f 4827 4825 4826 4828 
f 4822 4791 4792 4821 
f 4829 4827 4828 4830 
f 4796 4829 4830 4795 
f 4808 4797 4798 4807 
f 4800 4832 4831 4799 
f 4833 4836 4835 4834 
f 4836 4838 4837 4835 
f 4839 4842 4841 4840 
f 4843 4846 4845 4844 
f 4847 4850 4849 4848 
f 4851 4847 4848 4852 
f 4853 4851 4852 4854 
f 4855 4853 4854 4856 
f 4857 4855 4856 4858 
f 4859 4857 4858 4860 
f 4861 4859 4860 4862 
f 4846 4864 4863 4845 
f 4865 4861 4862 4866 
f 4867 4865 4866 4868 
f 4869 4867 4868 4870 
f 4864 4833 4834 4863 
f 4871 4869 4870 4872 
f 4838 4871 4872 4837 
f 4850 4839 4840 4849 
f 4842 4874 4873 4841 
f 4834 4835 4794 4791 
f 4835 4837 4796 4794 
f 4840 4841 4800 4797 
f 4844 4845 4804 4801 
f 4848 4849 4808 4805 
f 4852 4848 4805 4809 
f 4854 4852 4809 4811 
f 4856 4854 4811 4813 
f 4858 4856 4813 4815 
f 4860 4858 4815 4817 
f 4862 4860 4817 4819 
f 4845 4863 4822 4804 
f 4866 4862 4819 4823 
f 4868 4866 4823 4825 
f 4870 4868 4825 4827 
f 4863 4834 4791 4822 
f 4872 4870 4827 4829 
f 4837 4872 4829 4796 
f 4849 4840 4797 4808 
f 4841 4873 4832 4800 
f 4753 4754 4836 4833 
f 4754 4756 4838 4836 
f 4759 4760 4842 4839 
f 4763 4764 4846 4843 
f 4767 4768 4850 4847 
f 4770 4767 4847 4851 
f 4772 4770 4851 4853 
f 4774 4772 4853 4855 
f 4776 4774 4855 4857 
f 4778 4776 4857 4859 
f 4780 4778 4859 4861 
f 4764 4782 4864 4846 
f 4784 4780 4861 4865 
f 4786 4784 4865 4867 
f 4788 4786 4867 4869 
f 4782 4753 4833 4864 
f 4790 4788 4869 4871 
f 4756 4790 4871 4838 
f 4768 4759 4839 4850 
f 4760 4875 4874 4842 
f 4876 4879 4878 4877 
f 4877 4878 4881 4880 
f 4882 4885 4884 4883 
f 4886 4889 4888 4887 
f 4890 4893 4892 4891 
f 4894 4895 4893 4890 
f 4896 4897 4895 4894 
f 4898 4899 4897 4896 
f 4900 4901 4899 4898 
f 4902 4903 4901 4900 
f 4904 4905 4903 4902 
f 4887 4888 4907 4906 
f 4908 4909 4905 4904 
f 4910 4911 4909 4908 
f 4912 4913 4911 4910 
f 4906 4907 4879 4876 
f 4914 4915 4913 4912 
f 4880 4881 4915 4914 
f 4891 4892 4885 4882 
f 4916 4919 4918 4917 
f 4920 4923 4922 4921 
f 4924 4927 4926 4925 
f 4928 4924 4925 4929 
f 4916 4928 4929 4919 
f 4930 4917 4918 4931 
f 4932 4930 4931 4933 
f 4934 4932 4933 4935 
f 4936 4934 4935 4937 
f 4938 4941 4940 4939 
f 4941 4943 4942 4940 
f 4943 4945 4944 4942 
f 4945 4947 4946 4944 
f 4947 4949 4948 4946 
f 4949 4951 4950 4948 
f 4951 4953 4952 4950 
f 4954 4957 4956 4955 
f 4958 4961 4960 4959 
f 4961 4963 4962 4960 
f 4964 4967 4966 4965 
f 4965 4966 4969 4968 
f 4968 4969 4971 4970 
f 4970 4971 4973 4972 
f 4972 4973 4975 4974 
f 4974 4975 4977 4976 
f 4976 4977 4979 4978 
f 4978 4979 4981 4980 
f 4982 4985 4984 4983 
f 4986 4989 4988 4987 
f 4986 4987 4991 4990 
f 4967 4993 4992 4966 
f 4966 4992 4994 4969 
f 4969 4994 4995 4971 
f 4971 4995 4996 4973 
f 4973 4996 4997 4975 
f 4975 4997 4998 4977 
f 4977 4998 4999 4979 
f 4979 4999 5000 4981 
f 4985 5002 5001 4984 
f 4987 4988 5004 5003 
f 4987 5003 5005 4991 
f 5006 4916 4917 5007 
f 5008 4923 4920 5009 
f 5009 4920 4927 5010 
f 5011 4924 4928 5012 
f 5012 4928 4916 5006 
f 5007 4917 4930 5013 
f 5013 4930 4932 5014 
f 5014 4932 4934 5015 
f 5015 4934 4936 5016 
f 5017 5020 5019 5018 
f 4926 4927 4920 4921 
f 5010 4927 4924 5011 
f 5021 5024 5023 5022 
f 5025 5028 5027 5026 
f 5026 5027 5030 5029 
f 5029 5030 5032 5031 
f 5031 5032 5034 5033 
f 5033 5034 5036 5035 
f 5035 5036 5038 5037 
f 5037 5038 5040 5039 
f 5039 5040 5042 5041 
f 5041 5042 5044 5043 
f 5043 5044 5046 5045 
f 5045 5046 5048 5047 
f 5047 5048 5050 5049 
f 5049 5050 5024 5021 
f 5022 5023 5052 5051 
f 5053 5056 5055 5054 
f 5057 5058 5056 5053 
f 5059 5062 5061 5060 
f 5063 5066 5065 5064 
f 5067 5070 5069 5068 
f 5068 5069 5072 5071 
f 5071 5072 5074 5073 
f 5073 5074 5076 5075 
f 5075 5076 5078 5077 
f 5077 5078 5080 5079 
f 5079 5080 5082 5081 
f 5083 5084 5066 5063 
f 5081 5082 5086 5085 
f 5085 5086 5088 5087 
f 5087 5088 5090 5089 
f 5054 5055 5084 5083 
f 5089 5090 5092 5091 
f 5091 5092 5058 5057 
f 5060 5061 5070 5067 
f 5093 5096 5095 5094 
f 5094 5095 5098 5097 
f 5099 5102 5101 5100 
f 5103 5106 5105 5104 
f 5107 5110 5109 5108 
f 5111 5112 5110 5107 
f 5113 5114 5112 5111 
f 5115 5116 5114 5113 
f 5117 5118 5116 5115 
f 5119 5120 5118 5117 
f 5121 5122 5120 5119 
f 5104 5105 5124 5123 
f 5125 5126 5122 5121 
f 5127 5128 5126 5125 
f 5129 5130 5128 5127 
f 5123 5124 5096 5093 
f 5131 5132 5130 5129 
f 5097 5098 5132 5131 
f 5108 5109 5102 5099 
f 5100 5101 5134 5133 
f 5135 5138 5137 5136 
f 5139 5142 5141 5140 
f 5143 5146 5145 5144 
f 5144 5145 5148 5147 
f 5147 5148 5150 5149 
f 5149 5150 5152 5151 
f 5151 5152 5154 5153 
f 5153 5154 5156 5155 
f 5155 5156 5158 5157 
f 5157 5158 5160 5159 
f 5159 5160 5162 5161 
f 5161 5162 5164 5163 
f 5163 5164 5166 5165 
f 5165 5166 5138 5135 
f 5136 5137 5167 4642 
f 5168 5171 5170 5169 
f 5172 5175 5174 5173 
f 5173 5174 5177 5176 
f 5176 5177 5179 5178 
f 5178 5179 5181 5180 
f 5180 5181 5183 5182 
f 5182 5183 5185 5184 
f 5184 5185 5187 5186 
f 5186 5187 5189 5188 
f 5188 5189 5191 5190 
f 5190 5191 5193 5192 
f 5192 5193 5195 5194 
f 5194 5195 5197 5196 
f 5196 5197 5171 5168 
f 5169 5170 4645 5198 
s 2
f 5199 5214 5200 
f 5201 5214 5202 
f 5202 5214 5203 
f 5203 5214 5204 
f 5204 5214 5205 
f 5205 5214 5206 
f 5206 5214 5207 
f 5207 5214 5208 
f 5208 5214 5209 
f 5209 5214 5210 
f 5210 5214 5211 
f 5211 5214 5212 
f 5212 5214 5213 
f 5213 5214 5199 
f 5200 5214 4647 
s 1
f 5171 5216 5215 5170 
f 5175 5218 5217 5174 
f 5174 5217 5219 5177 
f 5177 5219 5220 5179 
f 5179 5220 5221 5181 
f 5181 5221 5222 5183 
f 5183 5222 5223 5185 
f 5185 5223 5224 5187 
f 5187 5224 5225 5189 
f 5189 5225 5226 5191 
f 5191 5226 5227 5193 
f 5193 5227 5228 5195 
f 5195 5228 5229 5197 
f 5197 5229 5216 5171 
f 5170 5215 4649 4645 
s 2
f 5200 5215 5216 5199 
f 5201 5218 4648 4646 
f 5202 5217 5218 5201 
f 5203 5219 5217 5202 
f 5204 5220 5219 5203 
f 5205 5221 5220 5204 
f 5206 5222 5221 5205 
f 5207 5223 5222 5206 
f 5208 5224 5223 5207 
f 5209 5225 5224 5208 
f 5210 5226 5225 5209 
f 5211 5227 5226 5210 
f 5212 5228 5227 5211 
f 5213 5229 5228 5212 
f 5199 5216 5229 5213 
s 1
f 5230 5233 5232 5231 
f 5234 5237 5236 5235 
f 5234 5238 5237 
f 5234 5240 5239 5238 
f 5240 5241 5239 
f 5242 5243 5241 5240 
f 5242 5244 5243 
f 5245 5246 5244 5242 
f 5247 5248 5246 5245 
f 5249 5250 5248 5247 
f 5251 5252 5250 5249 
f 5251 5253 5252 
f 5254 5255 5253 5251 
f 5256 5257 5255 5254 
f 5256 5258 5257 
f 5259 5260 5258 5256 
f 5259 5261 5260 
f 5230 5231 5263 5262 
f 5262 5263 5261 
f 5262 5261 5259 
f 4710 4711 5265 5264 
f 4712 4709 5267 5266 
f 4711 4713 5268 5265 
f 4714 4712 5266 5269 
f 4719 5272 5271 5270 
f 4716 4717 5274 5273 
f 4718 4715 5276 5275 
f 4720 4721 5278 5277 
f 4722 4719 5270 5279 
f 4724 4725 5281 5280 
f 4726 4723 5283 5282 
f 4728 4724 5280 5284 
f 4723 4727 5285 5283 
f 4730 4728 5284 5286 
f 4727 4729 5287 5285 
f 4732 4730 5286 5288 
f 4729 4731 5289 5287 
f 4734 4732 5288 5290 
f 4731 4733 5291 5289 
f 4736 4734 5290 5292 
f 4733 4735 5293 5291 
f 4738 4736 5292 5294 
f 4735 4737 5295 5293 
f 4721 4739 5296 5278 
f 4740 4722 5279 5297 
f 4742 4738 5294 5298 
f 4737 4741 5299 5295 
f 4744 4742 5298 5300 
f 4741 4743 5301 5299 
f 4746 4744 5300 5302 
f 4743 4745 5303 5301 
f 4739 4710 5264 5296 
f 4709 4740 5297 5267 
f 4748 4746 5302 5304 
f 4745 4747 5305 5303 
f 4713 4748 5304 5268 
f 4747 4714 5269 5305 
f 4725 4716 5273 5281 
f 4715 4726 5282 5276 
f 4717 4749 5306 5274 
f 4685 5297 5279 4684 
f 4689 5269 5266 4688 
f 4692 5305 5269 4689 
f 4693 5303 5305 4692 
f 4688 5266 5267 4694 
f 4694 5267 5297 4685 
f 4684 5279 5270 4680 
f 4699 5276 5282 4698 
f 4701 5285 5287 4700 
f 4700 5287 5289 4702 
f 4703 5283 5285 4701 
f 4698 5282 5283 4703 
f 4696 5275 5276 4699 
f 4704 5301 5303 4693 
f 4705 5299 5301 4704 
f 4706 5295 5299 4705 
f 4707 5293 5295 4706 
f 4708 5291 5293 4707 
f 4702 5289 5291 4708 
f 4752 5264 5265 4751 
f 4751 5265 5268 4755 
f 4758 5273 5274 4757 
f 4762 5277 5278 4761 
f 4766 5280 5281 4765 
f 4769 5284 5280 4766 
f 4771 5286 5284 4769 
f 4773 5288 5286 4771 
f 4775 5290 5288 4773 
f 4777 5292 5290 4775 
f 4779 5294 5292 4777 
f 4761 5278 5296 4781 
f 4783 5298 5294 4779 
f 4785 5300 5298 4783 
f 4787 5302 5300 4785 
f 4781 5296 5264 4752 
f 4789 5304 5302 4787 
f 4755 5268 5304 4789 
f 4765 5281 5273 4758 
f 5307 5310 5309 5308 
f 5311 5307 5308 5312 
f 5313 5316 5315 5314 
f 5317 5320 5319 5318 
f 5321 5324 5323 5322 
f 5325 5328 5327 5326 
f 5329 5325 5326 5330 
f 5331 5329 5330 5332 
f 5333 5331 5332 5334 
f 5335 5333 5334 5336 
f 5337 5335 5336 5338 
f 5339 5317 5318 5340 
f 5341 5337 5338 5342 
f 5343 5341 5342 5344 
f 5345 5343 5344 5346 
f 5310 5339 5340 5309 
f 5347 5345 5346 5348 
f 5349 5347 5348 5350 
f 5316 5321 5322 5315 
f 5351 5313 5314 5352 
f 5024 5168 5169 5023 
f 5028 5172 5173 5027 
f 5027 5173 5176 5030 
f 5030 5176 5178 5032 
f 5032 5178 5180 5034 
f 5034 5180 5182 5036 
f 5036 5182 5184 5038 
f 5038 5184 5186 5040 
f 5040 5186 5188 5042 
f 5042 5188 5190 5044 
f 5044 5190 5192 5046 
f 5046 5192 5194 5048 
f 5048 5194 5196 5050 
f 5050 5196 5168 5024 
f 5023 5169 5198 5052 
f 5022 5137 5138 5021 
f 5025 5141 5142 5353 
f 5026 5146 5141 5025 
f 5029 5145 5146 5026 
f 5031 5148 5145 5029 
f 5033 5150 5148 5031 
f 5035 5152 5150 5033 
f 5037 5154 5152 5035 
f 5039 5156 5154 5037 
f 5041 5158 5156 5039 
f 5043 5160 5158 5041 
f 5045 5162 5160 5043 
f 5047 5164 5162 5045 
f 5049 5166 5164 5047 
f 5021 5138 5166 5049 
f 4953 4954 4955 4952 
f 5140 5141 5146 5143 
f 5354 4958 4959 5355 
f 4983 4984 4988 4989 
f 4985 4982 4980 4981 
f 4984 5001 5004 4988 
f 5002 4985 4981 5000 
f 4957 5357 5356 4956 
f 5357 5354 5355 5356 
f 4964 5359 5358 4967 
f 4967 5358 5360 4993 
f 5136 5362 5361 5135 
f 5161 5361 5363 5159 
f 5163 5361 5161 
f 5165 5361 5163 
f 5135 5361 5165 
f 5363 5365 5364 5159 
f 4939 4940 5155 5157 
f 4941 4938 4964 4965 
f 4940 4942 5153 5155 
f 4943 4941 4965 4968 
f 4942 4944 5151 5153 
f 4945 4943 4968 4970 
f 4944 4946 5149 5151 
f 4947 4945 4970 4972 
f 4946 4948 5147 5149 
f 4949 4947 4972 4974 
f 4948 4950 5144 5147 
f 4951 4949 4974 4976 
f 4950 4952 5143 5144 
f 4953 4951 4976 4978 
f 4955 4956 5139 5140 
f 4957 4954 4980 
f 4959 4960 5366 5139 
f 4961 4958 4989 4986 
f 4960 4962 5367 5366 
f 4963 4961 4986 4990 
f 4952 4955 5140 5143 
f 4954 4953 4978 4980 
f 5355 4959 5139 
f 4958 5354 4983 4989 
f 4956 5356 5139 
f 5357 4957 4980 4982 
f 5356 5355 5139 
f 5354 5357 4982 4983 
f 5368 5369 5017 5018 
f 5368 5371 5370 
f 5372 5374 5373 
f 5368 5370 5369 
f 5375 4657 5376 5367 
f 5377 5378 4962 4963 
f 5378 5377 5380 5379 
f 5381 5383 5382 5373 
f 5383 5381 4990 4991 
f 5383 5385 5384 5382 
f 5385 5383 4991 5005 
f 5381 5377 4963 4990 
f 5377 5381 5373 5380 
f 5375 5378 5379 5386 
f 5378 5375 5367 4962 
f 5387 5389 5388 5386 
f 5390 5387 5386 5379 
f 5387 5390 5392 5391 
f 5374 5390 5379 5380 
f 5390 5374 5372 5392 
f 5373 5374 5380 
f 4939 5364 5393 4938 
f 4938 5393 4964 
f 5159 5364 4939 5157 
f 5393 5364 5365 5394 
f 4964 5393 5394 5359 
f 5395 5398 5397 5396 
f 5399 5395 5396 5400 
f 5398 5402 5401 5397 
f 5403 5406 5405 5404 
f 5402 5403 5404 5401 
f 5396 5397 5408 5407 
f 5398 5395 5358 5359 
f 5400 5396 5407 5409 
f 5395 5399 5360 5358 
f 5397 5401 5410 5408 
f 5402 5398 5359 5394 
f 5404 5405 5412 5411 
f 5406 5403 5365 5363 
f 5401 5404 5411 5410 
f 5403 5402 5394 5365 
f 5413 5406 5363 5361 
f 5414 5405 5406 5413 
f 5415 5412 5405 5414 
f 5410 5417 5416 
f 5418 5421 5420 5419 
f 5421 5418 5411 5412 
f 5417 5418 5419 5422 
f 5418 5417 5410 5411 
f 5423 5421 5412 5415 
f 5421 5423 5424 5420 
f 5423 5425 4659 5424 
f 5416 5417 5422 
f 5426 5016 4936 5427 
f 5427 4936 4937 5428 
f 5429 5432 5431 5430 
f 5431 5016 5434 5433 
f 5434 5016 5426 
f 5431 5433 5430 
f 5018 5019 4922 4923 
f 5368 5018 4923 5008 
f 5017 5382 5384 5020 
f 5369 5373 5382 5017 
f 5371 5392 5372 5370 
f 5435 5391 5392 5371 
f 5370 5372 5373 5369 
f 5427 5436 5416 5426 
f 5427 5428 5437 5436 
f 5430 5420 5424 5429 
f 5429 5424 4659 4660 
f 5434 5422 5419 5433 
f 5426 5416 5422 5434 
f 5433 5419 5420 5430 
f 5407 5408 5416 5436 
f 5409 5407 5436 5437 
f 5408 5410 5416 
f 4682 4683 4655 5438 
f 4697 4682 5438 4656 
f 5439 5272 4719 4720 
f 4749 4750 4653 5440 
f 5441 5442 4762 4763 
f 5443 4875 4760 4757 
f 5444 5445 4801 4802 
f 4831 4832 4661 5446 
f 5447 5448 4843 4844 
f 4873 4874 5449 4662 
f 5445 5447 4844 4801 
f 4832 4873 4662 4661 
f 5448 5441 4763 4843 
f 4874 4875 5450 5449 
f 5451 5452 4889 4886 
f 5453 5454 4883 4884 
f 5455 5458 5457 5456 
f 5459 5460 5062 5059 
f 5461 5462 5106 5103 
f 5133 5134 4663 5463 
f 5464 5439 4720 5277 
f 5271 5272 5465 4654 
f 5306 4749 5440 5466 
f 5467 4750 4718 5275 
f 5271 4683 4680 5270 
f 4697 5467 5275 4696 
f 5442 5464 5277 4762 
f 5306 5443 4757 5274 
f 5007 5469 5468 5006 
f 5009 5471 5470 5008 
f 5010 5472 5471 5009 
f 5012 5474 5473 5011 
f 5006 5468 5474 5012 
f 5013 5475 5469 5007 
f 5014 5476 5475 5013 
f 5015 5477 5476 5014 
f 5016 5478 5477 5015 
f 5011 5473 5472 5010 
f 5230 5480 5479 5233 
f 5368 5482 5481 4650 
f 5235 5482 5470 5234 
f 5234 5470 5471 5240 
f 5240 5471 5472 5242 
f 5242 5472 5473 5245 
f 5245 5473 5474 5247 
f 5247 5474 5468 5249 
f 5249 5468 5469 5251 
f 5251 5469 5475 5254 
f 5254 5475 5476 5256 
f 5256 5476 5477 5259 
f 5262 5478 5480 5230 
f 5259 5477 5478 5262 
f 5432 5479 5480 5431 
f 5431 5480 5478 5016 
f 5008 5470 5482 5368 
f 5233 5479 5483 5808 
s 2
f 5484 5487 5486 5485 
s 1
f 5095 5096 5489 5488 
f 5098 5095 5488 5490 
f 5462 4641 5491 5455 
f 5101 5102 5493 5492 
f 5105 5106 5456 5494 
f 5109 5110 5496 5495 
f 5110 5112 5497 5496 
f 5112 5114 5498 5497 
f 5114 5116 5499 5498 
f 5116 5118 5500 5499 
f 5118 5120 5501 5500 
f 5120 5122 5502 5501 
f 5124 5105 5494 5503 
f 5122 5126 5504 5502 
f 5126 5128 5505 5504 
f 5128 5130 5506 5505 
f 5096 5124 5503 5489 
f 5130 5132 5507 5506 
f 5132 5098 5490 5507 
f 5102 5109 5495 5493 
f 5134 5101 5492 5508 
f 5106 5462 5455 5456 
f 5509 5510 5488 5489 
f 5510 5511 5490 5488 
f 5512 5513 5492 5493 
f 5457 5514 5494 5456 
f 5515 5516 5495 5496 
f 5517 5515 5496 5497 
f 5518 5517 5497 5498 
f 5519 5518 5498 5499 
f 5520 5519 5499 5500 
f 5521 5520 5500 5501 
f 5522 5521 5501 5502 
f 5514 5523 5503 5494 
f 5524 5522 5502 5504 
f 5525 5524 5504 5505 
f 5526 5525 5505 5506 
f 5523 5509 5489 5503 
f 5527 5526 5506 5507 
f 5511 5527 5507 5490 
f 5516 5512 5493 5495 
f 5528 5529 4665 5508 
f 5457 5458 5530 5065 
f 5513 5528 5508 5492 
f 4877 5053 5054 4876 
f 4880 5057 5053 4877 
f 5451 5532 4666 5531 
f 4883 5059 5060 4882 
f 4887 5063 5064 4886 
f 4891 5067 5068 4890 
f 4890 5068 5071 4894 
f 4894 5071 5073 4896 
f 4896 5073 5075 4898 
f 4898 5075 5077 4900 
f 4900 5077 5079 4902 
f 4902 5079 5081 4904 
f 4906 5083 5063 4887 
f 4904 5081 5085 4908 
f 4908 5085 5087 4910 
f 4910 5087 5089 4912 
f 4876 5054 5083 4906 
f 4912 5089 5091 4914 
f 4914 5091 5057 4880 
f 4882 5060 5067 4891 
f 4886 5064 5532 5451 
f 5454 5459 5059 4883 
f 5055 5056 5510 5509 
f 5056 5058 5511 5510 
f 5530 5533 4666 5532 
f 5061 5062 5513 5512 
f 5065 5066 5514 5457 
f 5069 5070 5516 5515 
f 5072 5069 5515 5517 
f 5074 5072 5517 5518 
f 5076 5074 5518 5519 
f 5078 5076 5519 5520 
f 5080 5078 5520 5521 
f 5082 5080 5521 5522 
f 5066 5084 5523 5514 
f 5086 5082 5522 5524 
f 5088 5086 5524 5525 
f 5090 5088 5525 5526 
f 5084 5055 5509 5523 
f 5092 5090 5526 5527 
f 5058 5092 5527 5511 
f 5070 5061 5512 5516 
f 5460 5534 5529 5528 
f 5062 5460 5528 5513 
f 5065 5530 5532 5064 
s 2
f 5535 5487 5484 5536 
f 5536 5484 5538 5537 
f 5537 5538 5540 5539 
f 5539 5540 5542 5541 
f 5541 5542 5544 5543 
f 5543 5544 5546 5545 
f 5545 5546 5547 
f 5547 5546 5548 
f 5548 5546 5549 
f 5549 5546 5550 
f 5550 5546 5552 5551 
f 5551 5552 5485 5553 
f 5553 5485 5486 5554 
f 5554 5486 5556 5555 
f 5555 5556 5558 5557 
f 5557 5558 5560 5559 
f 5559 5560 5562 5561 
f 5561 5562 5564 5563 
f 5563 5564 5566 5565 
f 5565 5566 5568 5567 
f 5567 5568 5569 
f 5569 5568 5570 
f 5570 5568 5571 
f 5571 5568 5573 5572 
f 5572 5573 5574 
f 5574 5573 5575 
f 5575 5573 5576 
f 5576 5573 5577 
f 5577 5573 5579 5578 
f 5578 5579 5581 5580 
f 5580 5581 5583 5582 
f 5582 5583 5585 5584 
f 5584 5585 5587 5586 
f 5586 5587 5589 5588 
f 5588 5589 5487 5535 
f 5566 5579 5573 5568 
f 5564 5581 5579 5566 
f 5562 5583 5581 5564 
f 5560 5585 5583 5562 
f 5558 5587 5585 5560 
f 5556 5589 5587 5558 
f 5486 5487 5589 5556 
f 5484 5485 5538 
f 5538 5485 5540 
f 5540 5485 5542 
f 5542 5485 5552 5544 
f 5544 5552 5546 
s 1
f 5232 5103 5104 5231 
f 5237 5099 5100 5236 
f 5238 5108 5099 5237 
f 5239 5107 5108 5238 
f 5241 5111 5107 5239 
f 5243 5113 5111 5241 
f 5244 5115 5113 5243 
f 5246 5117 5115 5244 
f 5248 5119 5117 5246 
f 5250 5121 5119 5248 
f 5252 5125 5121 5250 
f 5253 5127 5125 5252 
f 5255 5129 5127 5253 
f 5257 5131 5129 5255 
f 5258 5097 5131 5257 
f 5260 5094 5097 5258 
f 5261 5093 5094 5260 
f 5231 5104 5123 5263 
f 5263 5123 5093 5261 
f 5590 5461 5103 5232 
f 5591 5133 5463 5592 
f 5236 5100 5133 5591 
f 5593 5594 4792 4793 
f 5310 5307 4878 4879 
f 5349 5593 4793 4795 
f 5307 5311 4881 4878 
f 5595 4667 5596 5444 
f 5597 5598 4798 4799 
f 5316 5313 4884 4885 
f 5599 5600 4802 4803 
f 5320 5317 4888 4889 
f 5601 5328 4806 4807 
f 5324 5321 4892 4893 
f 5602 5324 4893 4895 
f 5328 5325 4810 4806 
f 5603 5602 4895 4897 
f 5325 5329 4812 4810 
f 5604 5603 4897 4899 
f 5329 5331 4814 4812 
f 5605 5604 4899 4901 
f 5331 5333 4816 4814 
f 5606 5605 4901 4903 
f 5333 5335 4818 4816 
f 5607 5606 4903 4905 
f 5335 5337 4820 4818 
f 5608 5599 4803 4821 
f 5317 5339 4907 4888 
f 5609 5607 4905 4909 
f 5337 5341 4824 4820 
f 5610 5609 4909 4911 
f 5341 5343 4826 4824 
f 5611 5610 4911 4913 
f 5343 5345 4828 4826 
f 5594 5608 4821 4792 
f 5339 5310 4879 4907 
f 5612 5611 4913 4915 
f 5345 5347 4830 4828 
f 5311 5612 4915 4881 
f 5347 5349 4795 4830 
f 5598 5601 4807 4798 
f 5321 5316 4885 4892 
f 5613 5597 4799 4831 
f 5313 5351 5453 4884 
f 5600 5595 5444 4802 
f 5614 5320 4889 5452 
f 5351 5616 5615 5453 
f 5617 5620 5619 5618 
f 5621 5617 5618 5350 
f 5622 5625 5624 5623 
f 5626 5629 5628 5627 
f 5630 5632 5327 5631 
f 5633 5632 5323 5634 
f 5635 5633 5634 5636 
f 5637 5635 5636 5638 
f 5639 5637 5638 5640 
f 5641 5639 5640 5642 
f 5643 5641 5642 5644 
f 5645 5626 5627 5646 
f 5647 5643 5644 5648 
f 5649 5647 5648 5650 
f 5651 5649 5650 5652 
f 5620 5645 5646 5619 
f 5653 5651 5652 5654 
f 5621 5653 5654 5312 
f 5625 5630 5631 5624 
f 5655 5622 5623 5656 
f 5629 5658 5657 5628 
f 5600 5660 5659 5595 
f 5595 5662 5661 4667 
f 5320 5664 5663 
f 5319 5666 5665 
f 5308 5309 5620 5617 
f 5312 5308 5617 5621 
f 5314 5315 5625 5622 
f 5318 5319 5629 5626 
f 5322 5323 5632 5630 
f 5340 5318 5626 5645 
f 5309 5340 5645 5620 
f 5315 5322 5630 5625 
f 5352 5314 5622 5655 
f 5634 5323 5324 5602 
f 5636 5634 5602 5603 
f 5638 5636 5603 5604 
f 5640 5638 5604 5605 
f 5642 5640 5605 5606 
f 5644 5642 5606 5607 
f 5648 5644 5607 5609 
f 5650 5648 5609 5610 
f 5652 5650 5610 5611 
f 5654 5652 5611 5612 
f 5312 5654 5612 5311 
f 5319 5665 5658 5629 
f 5326 5327 5632 5633 
f 5330 5326 5633 5635 
f 5332 5330 5635 5637 
f 5334 5332 5637 5639 
f 5336 5334 5639 5641 
f 5338 5336 5641 5643 
f 5342 5338 5643 5647 
f 5344 5342 5647 5649 
f 5346 5344 5649 5651 
f 5348 5346 5651 5653 
f 5350 5348 5653 5621 
f 5618 5619 5594 5593 
f 5350 5618 5593 5349 
f 5623 5624 5598 5597 
f 5627 5628 5600 5599 
f 5631 5327 5328 5601 
f 5646 5627 5599 5608 
f 5619 5646 5608 5594 
f 5624 5631 5601 5598 
f 5656 5623 5597 5613 
f 5628 5657 5667 5600 
f 5664 5320 5614 5668 
f 5666 5319 5320 5663 
f 5600 5667 5660 
f 5595 5659 5662 
f 5669 5672 5671 5670 
f 5673 5676 5675 5674 
f 5677 5679 5678 4678 
f 5680 5683 5682 5681 
f 5684 5687 5686 5685 
f 5688 5691 5690 5689 
f 5692 5693 5691 5688 
f 5689 5690 5695 5694 
f 5674 5675 5679 5677 
f 5694 5695 5672 5669 
f 5670 5671 5676 5673 
f 5681 5682 5687 5684 
f 5685 5686 5693 5692 
f 5671 5672 5697 5696 
f 5675 5676 5699 5698 
f 5682 5683 5701 5700 
f 5686 5687 5703 5702 
f 5690 5691 5705 5704 
f 5691 5693 5706 5705 
f 5695 5690 5704 5707 
f 5679 5675 5698 5708 
f 5672 5695 5707 5697 
f 5676 5671 5696 5699 
f 5683 4671 4679 5701 
f 5687 5682 5700 5703 
f 5693 5686 5702 5706 
f 5709 5712 5711 5710 
f 5713 5716 5715 5714 
f 5717 5719 4672 5718 
f 5720 5723 5722 5721 
f 5724 5727 5726 5725 
f 5728 5731 5730 5729 
f 5732 5733 5731 5728 
f 5729 5730 5735 5734 
f 5714 5715 5719 5717 
f 5734 5735 5712 5709 
f 5710 5711 5716 5713 
f 5721 5722 5727 5724 
f 5725 5726 5733 5732 
f 4919 5737 5736 4918 
f 4922 5739 5738 4921 
f 4926 5741 5740 4925 
f 4925 5740 5742 4929 
f 4929 5742 5737 4919 
f 4918 5736 5743 4931 
f 4931 5743 5744 4933 
f 4933 5744 5745 4935 
f 4935 5745 5746 4937 
f 4993 5748 5747 4992 
f 4992 5747 5749 4994 
f 4994 5749 5750 4995 
f 4995 5750 5751 4996 
f 4996 5751 5752 4997 
f 4997 5752 5753 4998 
f 4998 5753 5754 4999 
f 4999 5754 5755 5000 
f 5002 5757 5756 5001 
f 5004 5759 5758 5003 
f 5003 5758 5760 5005 
f 5020 5762 5761 5019 
f 4921 5738 5741 4926 
f 5001 5756 5759 5004 
f 5000 5755 5757 5002 
f 5360 5763 5748 4993 
f 5385 5765 5764 5384 
f 5005 5760 5765 5385 
f 5400 5767 5766 5399 
f 5409 5768 5767 5400 
f 5399 5766 5763 5360 
f 4937 5746 5769 5428 
f 5019 5761 5739 4922 
f 5384 5764 5762 5020 
f 5428 5769 5770 5437 
f 5437 5770 5768 5409 
s 2
f 5536 5736 5737 5535 
f 5537 5743 5736 5536 
f 5539 5744 5743 5537 
f 5541 5745 5744 5539 
f 5543 5746 5745 5541 
f 5545 5769 5746 5543 
f 5547 5770 5769 5545 
f 5548 5768 5770 5547 
f 5549 5767 5768 5548 
f 5550 5766 5767 5549 
f 5551 5763 5766 5550 
f 5553 5748 5763 5551 
f 5554 5747 5748 5553 
f 5555 5749 5747 5554 
f 5557 5750 5749 5555 
f 5559 5751 5750 5557 
f 5561 5752 5751 5559 
f 5563 5753 5752 5561 
f 5565 5754 5753 5563 
f 5567 5755 5754 5565 
f 5569 5757 5755 5567 
f 5570 5756 5757 5569 
f 5571 5759 5756 5570 
f 5572 5758 5759 5571 
f 5574 5760 5758 5572 
f 5575 5765 5760 5574 
f 5576 5764 5765 5575 
f 5577 5762 5764 5576 
f 5578 5761 5762 5577 
f 5580 5739 5761 5578 
f 5582 5738 5739 5580 
f 5584 5741 5738 5582 
f 5586 5740 5741 5584 
f 5588 5742 5740 5586 
f 5535 5737 5742 5588 
f 5771 4675 5772 
f 5772 4675 5773 
f 5773 4675 5774 
f 5774 4675 5775 
f 5775 4675 4674 
f 5776 4675 5777 
f 5777 4675 5778 
f 5778 4675 5779 
f 5779 4675 5780 
f 5780 4675 5781 
f 5781 4675 5782 
f 5782 4675 5783 
f 5783 4675 5771 
s 1
f 5712 5785 5784 5711 
f 5716 5787 5786 5715 
f 5719 5788 4676 4672 
f 5723 5790 5789 5722 
f 5727 5792 5791 5726 
f 5731 5794 5793 5730 
f 5733 5795 5794 5731 
f 5730 5793 5796 5735 
f 5715 5786 5788 5719 
f 5735 5796 5785 5712 
f 5711 5784 5787 5716 
f 5722 5789 5792 5727 
f 5726 5791 5795 5733 
s 2
f 5772 5784 5785 5771 
f 5773 5787 5784 5772 
f 5774 5786 5787 5773 
f 5775 5788 5786 5774 
f 5776 5790 5798 5797 
f 5777 5789 5790 5776 
f 5778 5792 5789 5777 
f 5779 5791 5792 5778 
f 5780 5795 5791 5779 
f 5781 5794 5795 5780 
f 5782 5793 5794 5781 
f 5783 5796 5793 5782 
f 5771 5785 5796 5783 
s 1
f 5658 5689 5694 5657 
f 5660 5670 5673 5659 
f 5662 5674 5677 5661 
f 5664 5684 5685 5663 
f 5666 5692 5688 5665 
f 5665 5688 5689 5658 
f 5657 5694 5669 5667 
f 5799 5680 5681 5668 
f 5668 5681 5684 5664 
f 5663 5685 5692 5666 
f 5667 5669 5670 5660 
f 5659 5673 5674 5662 
f 5661 5677 4678 4670 
f 5710 5696 5697 5709 
f 5714 5698 5699 5713 
f 5721 5700 5701 5720 
f 5725 5702 5703 5724 
f 5729 5704 5705 5728 
f 5728 5705 5706 5732 
f 5734 5707 5704 5729 
f 5717 5708 5698 5714 
f 5709 5697 5707 5734 
f 5713 5699 5696 5710 
f 5720 5701 4679 5800 
f 5724 5703 5700 5721 
f 5732 5706 5702 5725 
f 5801 5465 5272 5439 
f 4633 4634 5442 5441 
f 4635 5450 4875 5443 
f 5596 4636 5445 5444 
f 4637 5802 5448 5447 
f 4636 4637 5447 5445 
f 5802 4633 5441 5448 
f 5531 4638 5452 5451 
f 5615 4639 5454 5453 
f 5803 5804 5139 5366 
f 5376 5803 5366 5367 
f 5353 4640 5028 5025 
f 5805 5533 5530 5458 
f 5806 5534 5460 5459 
f 5807 4641 5462 5461 
f 5804 5142 5139 
f 4643 4644 5175 5172 
s 2
f 4646 5214 5201 
s 1
f 4644 4648 5218 5175 
s 2
f 4647 4649 5215 5200 
s 1
f 4650 5435 5371 5368 
f 5808 4651 5590 
f 5809 5801 5439 5464 
f 4652 4653 4750 5467 
f 4654 4655 4683 5271 
f 4656 4652 5467 4697 
f 4634 5809 5464 5442 
f 5466 4635 5443 5306 
f 4640 4643 5172 5028 
f 5051 5167 5137 5022 
f 4642 5362 5136 
f 4650 5810 5435 
f 5388 4657 5375 5386 
f 5811 5389 5387 5391 
f 5362 5812 5413 5361 
f 5812 5813 5414 5413 
f 5813 4658 5415 5414 
f 4658 5425 5423 5415 
f 5810 5811 5391 5435 
f 5814 5616 5351 5352 
f 5808 5590 5232 5233 
f 5592 4664 5591 
f 4664 5235 5236 5591 
f 4660 5815 5432 5429 
f 4664 5481 5482 5235 
f 5815 5483 5479 5432 
f 4665 4663 5134 5508 
f 5491 5805 5458 5455 
f 4639 5806 5459 5454 
f 4651 5807 5461 5590 
f 4638 5816 5614 5452 
f 5446 5817 5613 4831 
f 4668 4669 5655 5656 
f 5816 5818 5799 
f 4669 5814 5352 5655 
f 5817 4668 5656 5613 
f 5816 5799 5668 5614 
f 4670 4667 5661 
f 4677 4671 5683 5680 
f 5819 5678 5679 5708 
f 5800 4673 5723 5720 
s 2
f 5797 4675 5776 
s 1
f 4673 5798 5790 5723 
s 2
f 4674 4676 5788 5775 
s 1
f 5818 4677 5680 5799 
f 5718 5819 5708 5717 
f 5820 5823 5822 5821 
f 5823 5820 5825 5824 
f 5824 5825 5827 5826 
f 5826 5827 6767 6768 
f 5828 5829 5831 5830 
f 5830 5831 5833 5832 
f 5832 5833 5835 5834 
f 5834 5835 5837 5836 
f 5836 5837 5839 5838 
f 5838 5839 5841 5840 
f 5840 5841 5843 5842 
f 5842 5843 5845 5844 
f 5844 5845 5847 5846 
f 5846 5847 5849 5848 
f 5848 5849 5821 5822 
s 2
f 5831 5829 5850 5851 
f 5831 5851 5852 5833 
f 5835 5833 5852 5853 
f 5837 5835 5853 5854 
f 5837 5854 5855 5839 
f 5839 5855 5856 5841 
f 5841 5856 5857 5843 
f 5845 5843 5857 5858 
f 5847 5845 5858 5859 
f 5849 5847 5859 5860 
f 5821 5849 5860 5861 
f 5820 5821 5861 5862 
f 5825 5820 5862 5863 
f 5827 5825 5863 5864 
f 5865 6703 6702 5864 
f 5866 5865 5864 5863 
f 5867 5866 5863 5862 
f 5868 5867 5862 5861 
f 5869 5868 5861 5860 
f 5870 5869 5860 5859 
f 5871 5870 5859 5858 
f 5872 5871 5858 5857 
f 5873 5872 5857 5856 
f 5874 5873 5856 5855 
f 5875 5874 5855 5854 
f 5876 5875 5854 5853 
f 5877 5876 5853 5852 
f 5878 5877 5852 5851 
f 5879 5878 5851 5850 
f 5880 5883 5882 5881 
f 5883 5880 5885 5884 
f 5884 5885 5887 5886 
f 5886 5887 5889 5888 
f 5888 5889 5891 5890 
f 5890 5891 5893 5892 
f 5892 5893 6835 6705 
f 5894 5895 5897 5896 
f 5896 5897 5899 5898 
f 5898 5899 5901 5900 
f 5900 5901 5903 5902 
f 5902 5903 5905 5904 
f 5904 5905 5907 5906 
f 5906 5907 5909 5908 
f 5908 5909 5881 5882 
s 1
f 5910 6853 6708 
f 5911 6853 5912 
f 5912 6853 5913 
f 5913 6853 5914 
f 5914 6853 5915 
f 5915 6853 5916 
f 5916 6853 5917 
f 5917 6853 5918 
f 5918 6853 5919 
f 5919 6853 5920 
f 5920 6853 5921 
f 5921 6853 5922 
f 5922 6853 5923 
f 5923 6853 5924 
f 5924 6853 5910 
f 5910 6551 6553 5924 
f 5924 6553 6555 5923 
f 5923 6555 6557 5922 
f 5922 6557 6559 5921 
f 5921 6559 6561 5920 
f 5920 6561 6563 5919 
f 5919 6563 6565 5918 
f 5918 6565 6567 5917 
f 5917 6567 6569 5916 
f 5916 6569 6571 5915 
f 5915 6571 6573 5914 
f 5914 6573 6575 5913 
f 5913 6575 6577 5912 
f 5912 6577 6579 5911 
f 5911 6579 6883 6884 
f 5925 5926 6552 6550 
f 5926 5927 6554 6552 
f 5927 5928 6556 6554 
f 5928 5929 6558 6556 
f 5929 5930 6560 6558 
f 5930 5931 6562 6560 
f 5931 5932 6564 6562 
f 5932 5933 6566 6564 
f 5933 5934 6568 6566 
f 5934 5935 6570 6568 
f 5935 5936 6572 6570 
f 5936 5937 6574 6572 
f 5937 5938 6576 6574 
f 5938 5939 6578 6576 
f 5939 6915 6712 6578 
f 6581 6520 6521 6583 
f 6583 6521 6522 6585 
f 6585 6522 6523 6587 
f 6587 6523 6524 6589 
f 6589 6524 6525 6591 
f 6591 6525 6526 6593 
f 6593 6526 6527 6595 
f 6595 6527 6528 6597 
f 6597 6528 6529 6599 
f 6599 6529 6530 6601 
f 6601 6530 6531 6603 
f 6603 6531 6532 6605 
f 6605 6532 6533 6607 
f 6607 6533 6534 6609 
f 6609 6534 6946 6714 
f 5940 6715 6716 6535 
f 5941 5940 6535 6536 
f 5942 5941 6536 6537 
f 5943 5942 6537 6538 
f 5944 5943 6538 6539 
f 5945 5944 6539 6540 
f 5946 5945 6540 6541 
f 5947 5946 6541 6542 
f 5948 5947 6542 6543 
f 5949 5948 6543 6544 
f 5950 5949 6544 6545 
f 5951 5950 6545 6546 
f 5952 5951 6546 6547 
f 5953 5952 6547 6548 
f 5954 5953 6548 6549 
f 5925 6710 6977 6610 
f 5926 5925 6610 6611 
f 5927 5926 6611 6612 
f 5928 5927 6612 6613 
f 5929 5928 6613 6614 
f 5930 5929 6614 6615 
f 5931 5930 6615 6616 
f 5932 5931 6616 6617 
f 5933 5932 6617 6618 
f 5934 5933 6618 6619 
f 5935 5934 6619 6620 
f 5936 5935 6620 6621 
f 5937 5936 6621 6622 
f 5938 5937 6622 6623 
f 5939 5938 6623 6624 
f 5955 5970 5971 5956 
f 5956 5971 5972 5957 
f 5957 5972 5973 5958 
f 5958 5973 5974 5959 
f 5959 5974 5975 5960 
f 5960 5975 5976 5961 
f 5961 5976 5977 5962 
f 5962 5977 5978 5963 
f 5963 5978 5979 5964 
f 5964 5979 5980 5965 
f 5965 5980 5981 5966 
f 5966 5981 5982 5967 
f 5967 5982 5983 5968 
f 5968 5983 5984 5969 
f 5969 5984 7023 6721 
f 5985 7025 6722 5986 
f 5987 5985 5986 5988 
f 5989 5987 5988 5990 
f 5991 5989 5990 5992 
f 5993 5991 5992 5994 
f 5995 5993 5994 5996 
f 5997 5995 5996 5998 
f 5999 5997 5998 6000 
f 6001 5999 6000 6002 
f 6003 6001 6002 6004 
f 6005 6003 6004 6006 
f 6007 6005 6006 6008 
f 6009 6007 6008 6010 
f 6011 6009 6010 6012 
f 6013 6011 6012 6014 
f 6639 6640 6641 6638 
f 6638 6641 6642 6637 
f 6637 6642 6643 6636 
f 6636 6643 6644 6635 
f 6635 6644 6645 6634 
f 6634 6645 6646 6633 
f 6633 6646 6647 6632 
f 6632 6647 6648 6631 
f 6631 6648 6649 6630 
f 6630 6649 6650 6629 
f 6629 6650 6651 6628 
f 6628 6651 6652 6627 
f 6627 6652 6653 6626 
f 6626 6653 6654 6625 
f 6625 6654 7085 7086 
f 6671 6045 6726 7089 
f 6673 6046 6045 6671 
f 6675 6047 6046 6673 
f 6677 6048 6047 6675 
f 6679 6049 6048 6677 
f 6681 6050 6049 6679 
f 6683 6051 6050 6681 
f 6685 6052 6051 6683 
f 6687 6053 6052 6685 
f 6689 6054 6053 6687 
f 6691 6055 6054 6689 
f 6693 6056 6055 6691 
f 6695 6057 6056 6693 
f 6697 6058 6057 6695 
f 6699 6059 6058 6697 
f 7762 6728 7760 
f 7760 6728 7764 
f 7764 6728 7766 
f 7766 6728 7768 
f 7768 6728 7770 
f 7770 6728 7772 
f 7772 6728 7774 
f 7774 6728 7776 
f 7776 6728 7778 
f 7778 6728 7780 
f 7780 6728 7782 
f 7786 6728 7784 
f 7784 6728 7788 
f 7788 6728 7790 
f 7790 6728 7762 
f 6061 6060 7761 7759 
f 6062 6063 7777 7779 
f 6063 6064 7775 7777 
f 6064 6065 7773 7775 
f 6065 6066 7771 7773 
f 6066 6067 7769 7771 
f 6067 6068 7767 7769 
f 6068 6069 7765 7767 
f 6069 6070 7763 7765 
f 6070 6061 7759 7763 
f 6071 6729 7791 7785 
f 6072 6071 7785 7783 
f 6073 6072 7783 7787 
f 6074 6073 7787 7789 
f 6060 6074 7789 7761 
f 6075 6078 6077 6076 
f 6078 6080 6079 6077 
f 6080 6082 6081 6079 
f 6082 6084 6083 6081 
f 6084 6086 6085 6083 
f 6086 6088 6087 6085 
f 6088 6090 6089 6087 
f 6090 6092 6091 6089 
f 6092 6094 6093 6091 
f 6094 6096 6095 6093 
f 6096 6098 6097 6095 
f 6098 6100 6099 6097 
f 6100 6102 6101 6099 
f 6102 6104 6103 6101 
f 6104 6730 6731 6103 
f 6105 6106 7165 7166 
f 6107 6108 6106 6105 
f 6109 6110 6108 6107 
f 6111 6112 6110 6109 
f 6113 6114 6112 6111 
f 6115 6116 6114 6113 
f 6117 6118 6116 6115 
f 6119 6120 6118 6117 
f 6123 6126 6125 6124 
f 6122 6732 6733 6127 
f 6126 6123 6129 6128 
f 6130 6122 6127 6131 
f 6123 6133 6132 6129 
f 6133 6130 6131 6132 
f 6134 6137 6136 6135 
f 6138 6141 6140 6139 
f 6142 6145 6144 6143 
f 6146 6149 6148 6147 
f 6135 6136 6149 6146 
f 6150 6153 6152 6151 
f 6139 6140 6153 6150 
f 6154 6157 6156 6155 
f 6143 6144 6157 6154 
f 6158 6161 6160 6159 
f 6128 6163 6162 6126 
f 6164 6167 6166 6165 
f 6168 6171 6170 6169 
f 6164 6161 6173 6172 
f 6174 6162 6163 6175 
f 6167 6164 6172 6176 
f 6126 6162 6166 6125 
f 6177 6167 6176 6178 
f 6158 6181 6180 6179 
f 6181 6183 6182 6180 
f 6183 6185 6184 6182 
f 6185 6187 6186 6184 
f 6187 6189 6188 6186 
f 6189 6191 6190 6188 
f 6191 6193 6192 6190 
f 6193 6734 7253 6192 
f 6194 6197 6196 6195 
f 6198 6201 6200 6199 
f 6202 6203 6201 6198 
f 6204 6169 6120 6205 
f 6206 6168 6169 6204 
f 6181 6158 6159 6207 
f 6197 6209 6208 6196 
f 6201 6211 6210 6200 
f 6203 6212 6211 6201 
f 6213 6204 6205 6214 
f 6215 6206 6204 6213 
f 6183 6181 6207 6216 
f 6209 6218 6217 6208 
f 6211 6220 6219 6210 
f 6212 6221 6220 6211 
f 6222 6213 6214 6223 
f 6224 6215 6213 6222 
f 6185 6183 6216 6225 
f 6218 6227 6226 6217 
f 6220 6229 6228 6219 
f 6221 6230 6229 6220 
f 6231 6222 6223 6232 
f 6233 6224 6222 6231 
f 6187 6185 6225 6234 
f 6227 6236 6235 6226 
f 6229 6238 6237 6228 
f 6230 6239 6238 6229 
f 6240 6231 6232 6241 
f 6242 6233 6231 6240 
f 6189 6187 6234 6243 
f 6236 6245 6244 6235 
f 6238 6247 6246 6237 
f 6239 6248 6247 6238 
f 6249 6240 6241 6250 
f 6251 6242 6240 6249 
f 6191 6189 6243 6252 
f 6245 6254 6253 6244 
f 6247 6256 6255 6246 
f 6248 6257 6256 6247 
f 6258 6249 6250 6259 
f 6260 6251 6249 6258 
f 6193 6191 6252 6261 
f 6254 7322 6735 6253 
f 6256 7323 7324 6255 
f 6257 6736 7323 6256 
f 6106 6108 6131 6127 
f 6108 6110 6132 6131 
f 6110 6112 6129 6132 
f 6112 6114 6128 6129 
f 6114 6116 6163 6128 
f 6116 6118 6175 6163 
f 6118 6120 6169 6170 
f 6205 6120 6119 6262 
f 6214 6205 6262 6263 
f 6223 6214 6263 6264 
f 6232 6223 6264 6265 
f 6241 6232 6265 6266 
f 6250 6241 6266 6267 
f 6259 6250 6267 6268 
f 6269 6121 6122 6130 
f 6124 6270 6133 6123 
f 6270 6269 6130 6133 
f 6159 6160 6171 6168 
f 6165 6166 6162 6174 
f 6125 6166 6167 6177 
f 6207 6159 6168 6206 
f 6216 6207 6206 6215 
f 6225 6216 6215 6224 
f 6234 6225 6224 6233 
f 6243 6234 6233 6242 
f 6252 6243 6242 6251 
f 6261 6252 6251 6260 
f 6172 6173 6148 6149 
f 6176 6172 6149 6136 
f 6178 6176 6136 6137 
f 6179 6180 6203 6202 
f 6180 6182 6212 6203 
f 6182 6184 6221 6212 
f 6184 6186 6230 6221 
f 6186 6188 6239 6230 
f 6188 6190 6248 6239 
f 6190 6192 6257 6248 
f 6192 7253 6736 6257 
f 6271 6274 6273 6272 
f 6274 6276 6275 6273 
f 6276 6278 6277 6275 
f 6278 6280 6279 6277 
f 6280 6282 6281 6279 
f 6282 6284 6283 6281 
f 6284 6286 6285 6283 
f 6286 6288 6287 6285 
f 6288 6290 6289 6287 
f 6290 6292 6291 6289 
f 6292 6294 6293 6291 
f 6294 6296 6295 6293 
f 6296 6298 6297 6295 
f 6298 6300 6299 6297 
f 6300 7365 7366 6299 
f 6272 6273 6302 6301 
f 6273 6275 6303 6302 
f 6275 6277 6304 6303 
f 6277 6279 6305 6304 
f 6279 6281 6306 6305 
f 6281 6283 6307 6306 
f 6283 6285 6308 6307 
f 6285 6287 6309 6308 
f 6288 6286 6311 6310 
f 6287 6289 6312 6309 
f 6290 6288 6310 6313 
f 6289 6291 6314 6312 
f 6292 6290 6313 6315 
f 6291 6293 6316 6314 
f 6294 6292 6315 6317 
f 6293 6295 6318 6316 
f 6296 6294 6317 6319 
f 6295 6297 6320 6318 
f 6298 6296 6319 6321 
f 6297 6299 6322 6320 
f 6300 6298 6321 6323 
f 6299 7366 7390 6322 
f 6075 7391 6738 6324 
f 6076 6077 6107 6105 
f 6078 6075 6324 6325 
f 6077 6079 6109 6107 
f 6080 6078 6325 6326 
f 6079 6081 6111 6109 
f 6082 6080 6326 6327 
f 6081 6083 6113 6111 
f 6084 6082 6327 6328 
f 6083 6085 6115 6113 
f 6086 6084 6328 6329 
f 6085 6087 6117 6115 
f 6088 6086 6329 6330 
f 6087 6089 6119 6117 
f 6090 6088 6330 6331 
f 6089 6091 6262 6119 
f 6092 6090 6331 6332 
f 6091 6093 6263 6262 
f 6094 6092 6332 6333 
f 6093 6095 6264 6263 
f 6096 6094 6333 6334 
f 6095 6097 6265 6264 
f 6098 6096 6334 6335 
f 6097 6099 6266 6265 
f 6100 6098 6335 6336 
f 6099 6101 6267 6266 
f 6102 6100 6336 6337 
f 6101 6103 6268 6267 
f 6104 6102 6337 6338 
f 6103 6731 7407 6268 
f 6195 6339 6151 6194 
f 6195 6196 6341 6340 
f 6196 6208 6342 6341 
f 6208 6217 6343 6342 
f 6217 6226 6344 6343 
f 6226 6235 6345 6344 
f 6235 6244 6346 6345 
f 6244 6253 6347 6346 
f 6253 6735 7417 6347 
f 6147 6148 6202 6198 
f 6151 6152 6199 6194 
f 6155 6156 6340 6348 
f 6160 6161 6164 6165 
f 6170 6171 6174 6175 
f 6173 6161 6158 6179 
f 6171 6160 6165 6174 
f 6148 6173 6179 6202 
f 6151 6339 6349 6150 
f 6118 6170 6175 
f 6015 6017 6352 6351 
f 6017 6019 6353 6352 
f 6019 6021 6354 6353 
f 6021 6023 6355 6354 
f 6023 6025 6356 6355 
f 6025 6027 6357 6356 
f 6027 6029 6358 6357 
f 6029 6031 6359 6358 
f 6031 6033 6360 6359 
f 6033 6035 6361 6360 
f 6035 6037 6362 6361 
f 6037 6039 6363 6362 
f 6039 6041 6364 6363 
f 6041 6043 6365 6364 
f 6043 7450 6743 6365 
f 6044 6367 7453 7454 
f 6042 6368 6367 6044 
f 6040 6369 6368 6042 
f 6038 6370 6369 6040 
f 6036 6371 6370 6038 
f 6034 6372 6371 6036 
f 6032 6373 6372 6034 
f 6030 6374 6373 6032 
f 6028 6375 6374 6030 
f 6026 6376 6375 6028 
f 6024 6377 6376 6026 
f 6022 6378 6377 6024 
f 6020 6379 6378 6022 
f 6018 6380 6379 6020 
f 6016 6366 6380 6018 
f 6045 6046 6325 6324 
f 6046 6047 6326 6325 
f 6047 6048 6327 6326 
f 6048 6049 6328 6327 
f 6049 6050 6329 6328 
f 6050 6051 6330 6329 
f 6051 6052 6331 6330 
f 6052 6053 6332 6331 
f 6053 6054 6333 6332 
f 6054 6055 6334 6333 
f 6055 6056 6335 6334 
f 6056 6057 6336 6335 
f 6057 6058 6337 6336 
f 6058 6059 6338 6337 
f 6059 7483 7484 6338 
f 6349 6381 6139 6150 
f 6381 6382 6138 6139 
f 6383 6124 6125 6177 
f 6383 6384 6270 6124 
f 6384 6385 6269 6270 
f 6385 6386 6121 6269 
f 6386 6745 7491 6121 
f 6387 6383 6177 6178 
f 6387 6388 6384 6383 
f 6388 6389 6385 6384 
f 6389 6390 6386 6385 
f 6390 7496 6745 6386 
f 6391 6387 6178 6137 
f 6391 6392 6388 6387 
f 6392 6393 6389 6388 
f 6393 6394 6390 6389 
f 6394 6746 7496 6390 
f 6395 6397 6392 6391 
f 6397 6398 6393 6392 
f 6398 6399 6394 6393 
f 6399 6747 6746 6394 
f 6400 6403 6402 6401 
f 6404 6407 6406 6405 
f 6407 6409 6408 6406 
f 6409 6411 6410 6408 
f 6411 6748 6749 6410 
f 6412 6400 6401 6413 
f 6414 6415 6407 6404 
f 6415 6416 6409 6407 
f 6416 6417 6411 6409 
f 6417 6750 6748 6411 
f 6278 6419 6418 6280 
f 6284 6420 6311 6286 
f 6282 6421 6420 6284 
f 6280 6418 6421 6282 
f 6401 6402 6141 6138 
f 6396 6403 6405 6395 
f 6413 6401 6138 6382 
f 6400 6422 6414 6404 
f 6417 6423 7530 6750 
f 6416 6424 6423 6417 
f 6415 6425 6424 6416 
f 6414 6426 6425 6415 
f 6422 6427 6426 6414 
f 6428 6137 6134 
f 6400 6412 6422 
f 6412 6429 6427 6422 
f 6413 6430 6429 6412 
f 6382 6431 6430 6413 
f 6144 6145 6382 6381 
f 6156 6157 6349 6339 
f 6157 6144 6381 6349 
f 6310 6311 6348 6433 
f 6313 6310 6433 6434 
f 6315 6313 6434 6435 
f 6317 6315 6435 6436 
f 6319 6317 6436 6437 
f 6321 6319 6437 6438 
f 6323 6321 6438 6350 
f 6340 6341 6433 6348 
f 6341 6342 6434 6433 
f 6342 6343 6435 6434 
f 6343 6344 6436 6435 
f 6344 6345 6437 6436 
f 6345 6346 6438 6437 
f 6346 6347 6350 6438 
f 6347 7417 6741 6350 
f 6340 6156 6339 6195 
f 6323 6740 7365 6300 
f 6418 6419 6142 6143 
f 6311 6420 6155 6348 
f 6420 6421 6154 6155 
f 6421 6418 6143 6154 
f 6145 6439 6431 6382 
f 6142 6440 6439 6145 
f 6441 6444 6443 6442 
f 6445 6448 6447 6446 
f 6449 6450 6448 6445 
f 6451 6452 6450 6449 
f 6441 6442 6452 6451 
f 6454 6456 6455 6453 
f 6456 6458 6457 6455 
f 6458 6460 6459 6457 
f 6460 6462 6461 6459 
f 6462 6464 6463 6461 
f 6464 6466 6465 6463 
f 6466 6468 6467 6465 
f 6469 6752 7577 6447 
f 6468 6471 6470 6467 
f 6471 6472 6443 6470 
f 6473 6472 6440 6474 
f 6469 6476 6475 6432 
f 6476 6478 6477 6475 
f 6478 6480 6479 6477 
f 6480 6473 6474 6479 
f 6060 6061 7699 7701 
f 6062 7590 7697 7695 
f 6063 6062 7695 7703 
f 6064 6063 7703 7705 
f 6065 6064 7705 7707 
f 6066 6065 7707 7709 
f 6067 6066 7709 7711 
f 6068 6067 7711 7713 
f 6069 6068 7713 7715 
f 6070 6069 7715 7717 
f 6061 6070 7717 7699 
f 6071 6072 7723 7719 
f 6072 6073 7725 7723 
f 6073 6074 7727 7725 
f 6074 6060 7701 7727 
f 6301 6302 7704 7696 
f 6302 6303 7706 7704 
f 6303 6304 7708 7706 
f 6304 6305 7710 7708 
f 6305 6306 7712 7710 
f 6306 6307 7714 7712 
f 6307 6308 7716 7714 
f 6308 6309 7718 7716 
f 6309 6312 7700 7718 
f 6312 6314 7702 7700 
f 6314 6316 7728 7702 
f 6316 6318 7726 7728 
f 6318 6320 7724 7726 
f 6320 6322 7720 7724 
f 6322 7390 7722 7720 
f 6301 6739 7591 6272 
f 5970 6719 7025 5985 
f 5971 5970 5985 5987 
f 5972 5971 5987 5989 
f 5973 5972 5989 5991 
f 5974 5973 5991 5993 
f 5975 5974 5993 5995 
f 5976 5975 5995 5997 
f 5977 5976 5997 5999 
f 5978 5977 5999 6001 
f 5979 5978 6001 6003 
f 5980 5979 6003 6005 
f 5981 5980 6005 6007 
f 5982 5981 6007 6009 
f 5983 5982 6009 6011 
f 5984 5983 6011 6013 
f 5986 6722 7592 6481 
f 5988 5986 6481 6482 
f 5990 5988 6482 6483 
f 5992 5990 6483 6484 
f 5994 5992 6484 6485 
f 5996 5994 6485 6486 
f 5998 5996 6486 6487 
f 6000 5998 6487 6488 
f 6002 6000 6488 6489 
f 6004 6002 6489 6444 
f 6006 6004 6444 6441 
f 6008 6006 6441 6451 
f 6010 6008 6451 6449 
f 6012 6010 6449 6445 
f 6014 6012 6445 6446 
f 6366 7602 6753 6490 
f 6367 6368 6492 6491 
f 6368 6369 6493 6492 
f 6369 6370 6494 6493 
f 6370 6371 6495 6494 
f 6371 6372 6496 6495 
f 6372 6373 6497 6496 
f 6373 6374 6498 6497 
f 6374 6375 6499 6498 
f 6375 6376 6500 6499 
f 6376 6377 6501 6500 
f 6377 6378 6502 6501 
f 6378 6379 6503 6502 
f 6379 6380 6504 6503 
f 6380 6366 6490 6504 
f 6351 6352 6672 6670 
f 6352 6353 6674 6672 
f 6353 6354 6676 6674 
f 6354 6355 6678 6676 
f 6355 6356 6680 6678 
f 6356 6357 6682 6680 
f 6357 6358 6684 6682 
f 6358 6359 6686 6684 
f 6359 6360 6688 6686 
f 6360 6361 6690 6688 
f 6361 6362 6692 6690 
f 6362 6363 6694 6692 
f 6363 6364 6696 6694 
f 6364 6365 6698 6696 
f 6365 6743 6758 6698 
f 6655 6506 7635 7636 
f 6656 6507 6506 6655 
f 6657 6508 6507 6656 
f 6658 6509 6508 6657 
f 6659 6510 6509 6658 
f 6660 6511 6510 6659 
f 6661 6512 6511 6660 
f 6662 6513 6512 6661 
f 6663 6514 6513 6662 
f 6664 6515 6514 6663 
f 6665 6516 6515 6664 
f 6666 6517 6516 6665 
f 6667 6518 6517 6666 
f 6668 6519 6518 6667 
f 6669 6505 6519 6668 
f 6423 6424 6456 6454 
f 6424 6425 6458 6456 
f 6425 6426 6460 6458 
f 6426 6427 6462 6460 
f 6427 6429 6464 6462 
f 6429 6430 6466 6464 
f 6430 6431 6468 6466 
f 6432 7665 6752 6469 
f 6431 6439 6471 6468 
f 6439 6440 6472 6471 
f 6442 6443 6472 6473 
f 6447 6448 6476 6469 
f 6448 6450 6478 6476 
f 6450 6452 6480 6478 
f 6452 6442 6473 6480 
f 6453 6455 6482 6481 
f 6455 6457 6483 6482 
f 6457 6459 6484 6483 
f 6459 6461 6485 6484 
f 6461 6463 6486 6485 
f 6463 6465 6487 6486 
f 6465 6467 6488 6487 
f 6447 7577 7666 6446 
f 6467 6470 6489 6488 
f 6470 6443 6444 6489 
f 6474 6440 6142 6419 
f 6432 6475 6274 6271 
f 6475 6477 6276 6274 
f 6477 6479 6278 6276 
f 6479 6474 6419 6278 
f 6140 6141 6134 6135 
f 6152 6153 6146 6147 
f 6153 6140 6135 6146 
f 6199 6200 6197 6194 
f 6200 6210 6209 6197 
f 6210 6219 6218 6209 
f 6219 6228 6227 6218 
f 6228 6237 6236 6227 
f 6237 6246 6245 6236 
f 6246 6255 6254 6245 
f 6255 7324 7322 6254 
f 6199 6152 6147 6198 
f 6402 6403 6396 6428 
f 6405 6406 6397 6395 
f 6406 6408 6398 6397 
f 6408 6410 6399 6398 
f 6410 6749 6747 6399 
f 6141 6402 6428 6134 
f 6405 6403 6400 6404 
s 2
f 5865 5892 6705 6703 
f 5866 5890 5892 5865 
f 5867 5888 5890 5866 
f 5868 5886 5888 5867 
f 5869 5884 5886 5868 
f 5870 5883 5884 5869 
f 5871 5882 5883 5870 
f 5872 5908 5882 5871 
f 5873 5906 5908 5872 
f 5874 5904 5906 5873 
f 5875 5902 5904 5874 
f 5876 5900 5902 5875 
f 5877 5898 5900 5876 
f 5878 5896 5898 5877 
f 5879 5894 5896 5878 
s 1
f 6506 5895 6706 7635 
f 6507 5897 5895 6506 
f 6508 5899 5897 6507 
f 6509 5901 5899 6508 
f 6510 5903 5901 6509 
f 6511 5905 5903 6510 
f 6512 5907 5905 6511 
f 6513 5909 5907 6512 
f 6514 5881 5909 6513 
f 6515 5880 5881 6514 
f 6516 5885 5880 6515 
f 6517 5887 5885 6516 
f 6518 5889 5887 6517 
f 6519 5891 5889 6518 
f 6505 5893 5891 6519 
f 6520 5940 5941 6521 
f 6521 5941 5942 6522 
f 6522 5942 5943 6523 
f 6523 5943 5944 6524 
f 6524 5944 5945 6525 
f 6525 5945 5946 6526 
f 6526 5946 5947 6527 
f 6527 5947 5948 6528 
f 6528 5948 5949 6529 
f 6529 5949 5950 6530 
f 6530 5950 5951 6531 
f 6531 5951 5952 6532 
f 6532 5952 5953 6533 
f 6533 5953 5954 6534 
f 6534 5954 6717 6946 
f 6535 5955 5956 6536 
f 6536 5956 5957 6537 
f 6537 5957 5958 6538 
f 6538 5958 5959 6539 
f 6539 5959 5960 6540 
f 6540 5960 5961 6541 
f 6541 5961 5962 6542 
f 6542 5962 5963 6543 
f 6543 5963 5964 6544 
f 6544 5964 5965 6545 
f 6545 5965 5966 6546 
f 6546 5966 5967 6547 
f 6547 5967 5968 6548 
f 6548 5968 5969 6549 
f 6549 5969 6721 6718 
f 6551 6709 6711 6550 
f 6553 6551 6550 6552 
f 6555 6553 6552 6554 
f 6557 6555 6554 6556 
f 6559 6557 6556 6558 
f 6561 6559 6558 6560 
f 6563 6561 6560 6562 
f 6565 6563 6562 6564 
f 6567 6565 6564 6566 
f 6569 6567 6566 6568 
f 6571 6569 6568 6570 
f 6573 6571 6570 6572 
f 6575 6573 6572 6574 
f 6577 6575 6574 6576 
f 6579 6577 6576 6578 
f 6581 6583 6582 6580 
f 6583 6585 6584 6582 
f 6585 6587 6586 6584 
f 6587 6589 6588 6586 
f 6589 6591 6590 6588 
f 6591 6593 6592 6590 
f 6593 6595 6594 6592 
f 6595 6597 6596 6594 
f 6597 6599 6598 6596 
f 6599 6601 6600 6598 
f 6601 6603 6602 6600 
f 6603 6605 6604 6602 
f 6605 6607 6606 6604 
f 6607 6609 6608 6606 
f 6609 6714 6756 6608 
f 6610 6580 6582 6611 
f 6611 6582 6584 6612 
f 6612 6584 6586 6613 
f 6613 6586 6588 6614 
f 6614 6588 6590 6615 
f 6615 6590 6592 6616 
f 6616 6592 6594 6617 
f 6617 6594 6596 6618 
f 6618 6596 6598 6619 
f 6619 6598 6600 6620 
f 6620 6600 6602 6621 
f 6621 6602 6604 6622 
f 6622 6604 6606 6623 
f 6623 6606 6608 6624 
f 6624 6608 6756 7682 
f 6043 6041 6626 6625 
f 6041 6039 6627 6626 
f 6039 6037 6628 6627 
f 6037 6035 6629 6628 
f 6035 6033 6630 6629 
f 6033 6031 6631 6630 
f 6031 6029 6632 6631 
f 6029 6027 6633 6632 
f 6027 6025 6634 6633 
f 6025 6023 6635 6634 
f 6023 6021 6636 6635 
f 6021 6019 6637 6636 
f 6019 6017 6638 6637 
f 6017 6015 6639 6638 
f 6015 6742 6725 6639 
f 6016 6018 6641 6640 
f 6018 6020 6642 6641 
f 6020 6022 6643 6642 
f 6022 6024 6644 6643 
f 6024 6026 6645 6644 
f 6026 6028 6646 6645 
f 6028 6030 6647 6646 
f 6030 6032 6648 6647 
f 6032 6034 6649 6648 
f 6034 6036 6650 6649 
f 6036 6038 6651 6650 
f 6038 6040 6652 6651 
f 6040 6042 6653 6652 
f 6042 6044 6654 6653 
f 6044 7454 7085 6654 
f 6491 6492 6656 6655 
f 6492 6493 6657 6656 
f 6493 6494 6658 6657 
f 6494 6495 6659 6658 
f 6495 6496 6660 6659 
f 6496 6497 6661 6660 
f 6497 6498 6662 6661 
f 6498 6499 6663 6662 
f 6499 6500 6664 6663 
f 6500 6501 6665 6664 
f 6501 6502 6666 6665 
f 6502 6503 6667 6666 
f 6503 6504 6668 6667 
f 6504 6490 6669 6668 
f 6490 6753 7683 6669 
f 6671 7089 6757 6670 
f 6673 6671 6670 6672 
f 6675 6673 6672 6674 
f 6677 6675 6674 6676 
f 6679 6677 6676 6678 
f 6681 6679 6678 6680 
f 6683 6681 6680 6682 
f 6685 6683 6682 6684 
f 6687 6685 6684 6686 
f 6689 6687 6686 6688 
f 6691 6689 6688 6690 
f 6693 6691 6690 6692 
f 6695 6693 6692 6694 
f 6697 6695 6694 6696 
f 6699 6697 6696 6698 
f 6428 6396 6391 6137 
f 6396 6395 6391 
f 6700 5829 5828 6701 
s 2
f 7684 5850 5829 6700 
f 6767 5827 5864 6702 
f 6704 5879 5850 7684 
f 6706 5895 5894 6707 
s 1
f 6853 5911 6884 
f 6709 6551 5910 6708 
f 6710 5925 6550 6711 
f 7685 6520 6581 6713 
f 6717 5954 6549 6718 
f 6915 5939 6624 7682 
f 6719 5970 5955 6720 
f 7686 6013 6014 6723 
f 6724 6640 6639 6725 
f 7483 6059 6699 6727 
f 6728 7786 7792 
f 7590 6062 7779 7781 
f 6732 6122 6121 7491 
f 7687 6258 6259 7688 
f 6737 6260 6258 7687 
f 6734 6193 6261 7689 
f 7165 6106 6127 6733 
f 7688 6259 6268 7407 
f 7689 6261 6260 6737 
f 6730 6104 6338 7484 
f 7391 6075 6076 7690 
f 7691 6271 6272 7591 
f 6739 6301 7696 7698 
f 6740 6323 6350 6741 
f 7690 6076 6105 7166 
f 6742 6015 6351 7692 
f 7602 6366 6016 6744 
f 6726 6045 6324 6738 
f 7665 6432 6271 7691 
f 7693 6454 6453 6751 
f 6729 6071 7719 7721 
f 7023 5984 6013 7686 
f 6723 6014 6446 7666 
f 7453 6367 6491 6754 
f 7692 6351 6670 6757 
f 6755 6505 6669 7683 
f 7530 6423 6454 7693 
f 6751 6453 6481 7592 
s 2
f 6707 5894 5879 6704 
s 1
f 6835 5893 6505 6755 
f 6715 5940 6520 7685 
f 6720 5955 6535 6716 
f 6883 6579 6578 6712 
f 6713 6581 6580 7694 
f 7694 6580 6610 6977 
f 7450 6043 6625 7086 
f 6744 6016 6640 6724 
f 6754 6491 6655 7636 
f 6727 6699 6698 6758 
f 6759 6762 6761 6760 
f 6760 6764 6763 6759 
f 6764 6766 6765 6763 
f 6766 6768 6767 6765 
f 6769 6772 6771 6770 
f 6772 6774 6773 6771 
f 6774 6776 6775 6773 
f 6776 6778 6777 6775 
f 6778 6780 6779 6777 
f 6780 6782 6781 6779 
f 6782 6784 6783 6781 
f 6784 6786 6785 6783 
f 6786 6788 6787 6785 
f 6788 6790 6789 6787 
f 6790 6761 6762 6789 
s 2
f 6771 6792 6791 6770 
f 6771 6773 6793 6792 
f 6775 6794 6793 6773 
f 6777 6795 6794 6775 
f 6777 6779 6796 6795 
f 6779 6781 6797 6796 
f 6781 6783 6798 6797 
f 6785 6799 6798 6783 
f 6787 6800 6799 6785 
f 6789 6801 6800 6787 
f 6762 6802 6801 6789 
f 6759 6803 6802 6762 
f 6763 6804 6803 6759 
f 6765 6805 6804 6763 
f 6806 6805 6702 6703 
f 6807 6804 6805 6806 
f 6808 6803 6804 6807 
f 6809 6802 6803 6808 
f 6810 6801 6802 6809 
f 6811 6800 6801 6810 
f 6812 6799 6800 6811 
f 6813 6798 6799 6812 
f 6814 6797 6798 6813 
f 6815 6796 6797 6814 
f 6816 6795 6796 6815 
f 6817 6794 6795 6816 
f 6818 6793 6794 6817 
f 6819 6792 6793 6818 
f 6820 6791 6792 6819 
f 6821 6824 6823 6822 
f 6822 6826 6825 6821 
f 6826 6828 6827 6825 
f 6828 6830 6829 6827 
f 6830 6832 6831 6829 
f 6832 6834 6833 6831 
f 6834 6705 6835 6833 
f 6836 6839 6838 6837 
f 6839 6841 6840 6838 
f 6841 6843 6842 6840 
f 6843 6845 6844 6842 
f 6845 6847 6846 6844 
f 6847 6849 6848 6846 
f 6849 6851 6850 6848 
f 6851 6823 6824 6850 
s 1
f 6852 6708 6853 
f 6854 6855 6853 
f 6855 6856 6853 
f 6856 6857 6853 
f 6857 6858 6853 
f 6858 6859 6853 
f 6859 6860 6853 
f 6860 6861 6853 
f 6861 6862 6853 
f 6862 6863 6853 
f 6863 6864 6853 
f 6864 6865 6853 
f 6865 6866 6853 
f 6866 6867 6853 
f 6867 6852 6853 
f 6852 6867 6869 6868 
f 6867 6866 6870 6869 
f 6866 6865 6871 6870 
f 6865 6864 6872 6871 
f 6864 6863 6873 6872 
f 6863 6862 6874 6873 
f 6862 6861 6875 6874 
f 6861 6860 6876 6875 
f 6860 6859 6877 6876 
f 6859 6858 6878 6877 
f 6858 6857 6879 6878 
f 6857 6856 6880 6879 
f 6856 6855 6881 6880 
f 6855 6854 6882 6881 
f 6854 6884 6883 6882 
f 6885 6888 6887 6886 
f 6886 6887 6890 6889 
f 6889 6890 6892 6891 
f 6891 6892 6894 6893 
f 6893 6894 6896 6895 
f 6895 6896 6898 6897 
f 6897 6898 6900 6899 
f 6899 6900 6902 6901 
f 6901 6902 6904 6903 
f 6903 6904 6906 6905 
f 6905 6906 6908 6907 
f 6907 6908 6910 6909 
f 6909 6910 6912 6911 
f 6911 6912 6914 6913 
f 6913 6914 6712 6915 
f 6916 6919 6918 6917 
f 6919 6921 6920 6918 
f 6921 6923 6922 6920 
f 6923 6925 6924 6922 
f 6925 6927 6926 6924 
f 6927 6929 6928 6926 
f 6929 6931 6930 6928 
f 6931 6933 6932 6930 
f 6933 6935 6934 6932 
f 6935 6937 6936 6934 
f 6937 6939 6938 6936 
f 6939 6941 6940 6938 
f 6941 6943 6942 6940 
f 6943 6945 6944 6942 
f 6945 6714 6946 6944 
f 6947 6948 6716 6715 
f 6949 6950 6948 6947 
f 6951 6952 6950 6949 
f 6953 6954 6952 6951 
f 6955 6956 6954 6953 
f 6957 6958 6956 6955 
f 6959 6960 6958 6957 
f 6961 6962 6960 6959 
f 6963 6964 6962 6961 
f 6965 6966 6964 6963 
f 6967 6968 6966 6965 
f 6969 6970 6968 6967 
f 6971 6972 6970 6969 
f 6973 6974 6972 6971 
f 6975 6976 6974 6973 
f 6885 6978 6977 6710 
f 6886 6979 6978 6885 
f 6889 6980 6979 6886 
f 6891 6981 6980 6889 
f 6893 6982 6981 6891 
f 6895 6983 6982 6893 
f 6897 6984 6983 6895 
f 6899 6985 6984 6897 
f 6901 6986 6985 6899 
f 6903 6987 6986 6901 
f 6905 6988 6987 6903 
f 6907 6989 6988 6905 
f 6909 6990 6989 6907 
f 6911 6991 6990 6909 
f 6913 6992 6991 6911 
f 6993 6996 6995 6994 
f 6996 6998 6997 6995 
f 6998 7000 6999 6997 
f 7000 7002 7001 6999 
f 7002 7004 7003 7001 
f 7004 7006 7005 7003 
f 7006 7008 7007 7005 
f 7008 7010 7009 7007 
f 7010 7012 7011 7009 
f 7012 7014 7013 7011 
f 7014 7016 7015 7013 
f 7016 7018 7017 7015 
f 7018 7020 7019 7017 
f 7020 7022 7021 7019 
f 7022 6721 7023 7021 
f 7024 7026 6722 7025 
f 7027 7028 7026 7024 
f 7029 7030 7028 7027 
f 7031 7032 7030 7029 
f 7033 7034 7032 7031 
f 7035 7036 7034 7033 
f 7037 7038 7036 7035 
f 7039 7040 7038 7037 
f 7041 7042 7040 7039 
f 7043 7044 7042 7041 
f 7045 7046 7044 7043 
f 7047 7048 7046 7045 
f 7049 7050 7048 7047 
f 7051 7052 7050 7049 
f 7053 7054 7052 7051 
f 7055 7058 7057 7056 
f 7058 7060 7059 7057 
f 7060 7062 7061 7059 
f 7062 7064 7063 7061 
f 7064 7066 7065 7063 
f 7066 7068 7067 7065 
f 7068 7070 7069 7067 
f 7070 7072 7071 7069 
f 7072 7074 7073 7071 
f 7074 7076 7075 7073 
f 7076 7078 7077 7075 
f 7078 7080 7079 7077 
f 7080 7082 7081 7079 
f 7082 7084 7083 7081 
f 7084 7086 7085 7083 
f 7087 7089 6726 7088 
f 7090 7087 7088 7091 
f 7092 7090 7091 7093 
f 7094 7092 7093 7095 
f 7096 7094 7095 7097 
f 7098 7096 7097 7099 
f 7100 7098 7099 7101 
f 7102 7100 7101 7103 
f 7104 7102 7103 7105 
f 7106 7104 7105 7107 
f 7108 7106 7107 7109 
f 7110 7108 7109 7111 
f 7112 7110 7111 7113 
f 7114 7112 7113 7115 
f 7116 7114 7115 7117 
f 7794 7796 6728 
f 7796 7798 6728 
f 7798 7800 6728 
f 7800 7802 6728 
f 7802 7804 6728 
f 7804 7806 6728 
f 7806 7808 6728 
f 7808 7810 6728 
f 7810 7812 6728 
f 7812 7814 6728 
f 7814 7782 6728 
f 7816 7818 6728 
f 7818 7820 6728 
f 7820 7822 6728 
f 7822 7794 6728 
f 7795 7793 7119 7118 
f 7813 7811 7121 7120 
f 7811 7809 7122 7121 
f 7809 7807 7123 7122 
f 7807 7805 7124 7123 
f 7805 7803 7125 7124 
f 7803 7801 7126 7125 
f 7801 7799 7127 7126 
f 7799 7797 7128 7127 
f 7797 7795 7118 7128 
f 7815 7791 6729 7129 
f 7817 7815 7129 7130 
f 7819 7817 7130 7131 
f 7821 7819 7131 7132 
f 7793 7821 7132 7119 
f 7133 7136 7135 7134 
f 7134 7135 7138 7137 
f 7137 7138 7140 7139 
f 7139 7140 7142 7141 
f 7141 7142 7144 7143 
f 7143 7144 7146 7145 
f 7145 7146 7148 7147 
f 7147 7148 7150 7149 
f 7149 7150 7152 7151 
f 7151 7152 7154 7153 
f 7153 7154 7156 7155 
f 7155 7156 7158 7157 
f 7157 7158 7160 7159 
f 7159 7160 7162 7161 
f 7161 7162 6731 6730 
f 7163 7166 7165 7164 
f 7167 7163 7164 7168 
f 7169 7167 7168 7170 
f 7171 7169 7170 7172 
f 7173 7171 7172 7174 
f 7175 7173 7174 7176 
f 7177 7175 7176 7178 
f 7179 7177 7178 7180 
f 7181 7184 7183 7182 
f 7185 7186 6733 6732 
f 7182 7188 7187 7181 
f 7189 7190 7186 7185 
f 7181 7187 7192 7191 
f 7191 7192 7190 7189 
f 7193 7196 7195 7194 
f 7197 7200 7199 7198 
f 7201 7204 7203 7202 
f 7205 7208 7207 7206 
f 7196 7205 7206 7195 
f 7209 7212 7211 7210 
f 7200 7209 7210 7199 
f 7213 7216 7215 7214 
f 7204 7213 7214 7203 
f 7217 7220 7219 7218 
f 7188 7182 7222 7221 
f 7223 7226 7225 7224 
f 7227 7230 7229 7228 
f 7223 7232 7231 7218 
f 7233 7234 7221 7222 
f 7224 7235 7232 7223 
f 7182 7183 7225 7222 
f 7236 7237 7235 7224 
f 7217 7240 7239 7238 
f 7238 7239 7242 7241 
f 7241 7242 7244 7243 
f 7243 7244 7246 7245 
f 7245 7246 7248 7247 
f 7247 7248 7250 7249 
f 7249 7250 7252 7251 
f 7251 7252 7253 6734 
f 7254 7257 7256 7255 
f 7258 7261 7260 7259 
f 7262 7258 7259 7263 
f 7264 7265 7180 7230 
f 7266 7264 7230 7227 
f 7238 7267 7220 7217 
f 7255 7256 7269 7268 
f 7259 7260 7271 7270 
f 7263 7259 7270 7272 
f 7273 7274 7265 7264 
f 7275 7273 7264 7266 
f 7241 7276 7267 7238 
f 7268 7269 7278 7277 
f 7270 7271 7280 7279 
f 7272 7270 7279 7281 
f 7282 7283 7274 7273 
f 7284 7282 7273 7275 
f 7243 7285 7276 7241 
f 7277 7278 7287 7286 
f 7279 7280 7289 7288 
f 7281 7279 7288 7290 
f 7291 7292 7283 7282 
f 7293 7291 7282 7284 
f 7245 7294 7285 7243 
f 7286 7287 7296 7295 
f 7288 7289 7298 7297 
f 7290 7288 7297 7299 
f 7300 7301 7292 7291 
f 7302 7300 7291 7293 
f 7247 7303 7294 7245 
f 7295 7296 7305 7304 
f 7297 7298 7307 7306 
f 7299 7297 7306 7308 
f 7309 7310 7301 7300 
f 7311 7309 7300 7302 
f 7249 7312 7303 7247 
f 7304 7305 7314 7313 
f 7306 7307 7316 7315 
f 7308 7306 7315 7317 
f 7318 7319 7310 7309 
f 7320 7318 7309 7311 
f 7251 7321 7312 7249 
f 7313 7314 6735 7322 
f 7315 7316 7324 7323 
f 7317 7315 7323 6736 
f 7164 7186 7190 7168 
f 7168 7190 7192 7170 
f 7170 7192 7187 7172 
f 7172 7187 7188 7174 
f 7174 7188 7221 7176 
f 7176 7221 7234 7178 
f 7178 7229 7230 7180 
f 7265 7325 7179 7180 
f 7274 7326 7325 7265 
f 7283 7327 7326 7274 
f 7292 7328 7327 7283 
f 7301 7329 7328 7292 
f 7310 7330 7329 7301 
f 7319 7331 7330 7310 
f 7332 7189 7185 7333 
f 7184 7181 7191 7334 
f 7334 7191 7189 7332 
f 7220 7227 7228 7219 
f 7226 7233 7222 7225 
f 7183 7236 7224 7225 
f 7267 7266 7227 7220 
f 7276 7275 7266 7267 
f 7285 7284 7275 7276 
f 7294 7293 7284 7285 
f 7303 7302 7293 7294 
f 7312 7311 7302 7303 
f 7321 7320 7311 7312 
f 7232 7206 7207 7231 
f 7235 7195 7206 7232 
f 7237 7194 7195 7235 
f 7240 7262 7263 7239 
f 7239 7263 7272 7242 
f 7242 7272 7281 7244 
f 7244 7281 7290 7246 
f 7246 7290 7299 7248 
f 7248 7299 7308 7250 
f 7250 7308 7317 7252 
f 7252 7317 6736 7253 
f 7335 7338 7337 7336 
f 7336 7337 7340 7339 
f 7339 7340 7342 7341 
f 7341 7342 7344 7343 
f 7343 7344 7346 7345 
f 7345 7346 7348 7347 
f 7347 7348 7350 7349 
f 7349 7350 7352 7351 
f 7351 7352 7354 7353 
f 7353 7354 7356 7355 
f 7355 7356 7358 7357 
f 7357 7358 7360 7359 
f 7359 7360 7362 7361 
f 7361 7362 7364 7363 
f 7363 7364 7366 7365 
f 7338 7368 7367 7337 
f 7337 7367 7369 7340 
f 7340 7369 7370 7342 
f 7342 7370 7371 7344 
f 7344 7371 7372 7346 
f 7346 7372 7373 7348 
f 7348 7373 7374 7350 
f 7350 7374 7375 7352 
f 7351 7377 7376 7349 
f 7352 7375 7378 7354 
f 7353 7379 7377 7351 
f 7354 7378 7380 7356 
f 7355 7381 7379 7353 
f 7356 7380 7382 7358 
f 7357 7383 7381 7355 
f 7358 7382 7384 7360 
f 7359 7385 7383 7357 
f 7360 7384 7386 7362 
f 7361 7387 7385 7359 
f 7362 7386 7388 7364 
f 7363 7389 7387 7361 
f 7364 7388 7390 7366 
f 7133 7392 6738 7391 
f 7136 7163 7167 7135 
f 7134 7393 7392 7133 
f 7135 7167 7169 7138 
f 7137 7394 7393 7134 
f 7138 7169 7171 7140 
f 7139 7395 7394 7137 
f 7140 7171 7173 7142 
f 7141 7396 7395 7139 
f 7142 7173 7175 7144 
f 7143 7397 7396 7141 
f 7144 7175 7177 7146 
f 7145 7398 7397 7143 
f 7146 7177 7179 7148 
f 7147 7399 7398 7145 
f 7148 7179 7325 7150 
f 7149 7400 7399 7147 
f 7150 7325 7326 7152 
f 7151 7401 7400 7149 
f 7152 7326 7327 7154 
f 7153 7402 7401 7151 
f 7154 7327 7328 7156 
f 7155 7403 7402 7153 
f 7156 7328 7329 7158 
f 7157 7404 7403 7155 
f 7158 7329 7330 7160 
f 7159 7405 7404 7157 
f 7160 7330 7331 7162 
f 7161 7406 7405 7159 
f 7162 7331 7407 6731 
f 7257 7254 7212 7408 
f 7257 7410 7409 7256 
f 7256 7409 7411 7269 
f 7269 7411 7412 7278 
f 7278 7412 7413 7287 
f 7287 7413 7414 7296 
f 7296 7414 7415 7305 
f 7305 7415 7416 7314 
f 7314 7416 7417 6735 
f 7208 7258 7262 7207 
f 7212 7254 7261 7211 
f 7216 7418 7410 7215 
f 7219 7226 7223 7218 
f 7229 7234 7233 7228 
f 7231 7240 7217 7218 
f 7228 7233 7226 7219 
f 7207 7262 7240 7231 
f 7212 7209 7419 7408 
f 7178 7234 7229 
f 7420 7423 7422 7421 
f 7421 7422 7425 7424 
f 7424 7425 7427 7426 
f 7426 7427 7429 7428 
f 7428 7429 7431 7430 
f 7430 7431 7433 7432 
f 7432 7433 7435 7434 
f 7434 7435 7437 7436 
f 7436 7437 7439 7438 
f 7438 7439 7441 7440 
f 7440 7441 7443 7442 
f 7442 7443 7445 7444 
f 7444 7445 7447 7446 
f 7446 7447 7449 7448 
f 7448 7449 6743 7450 
f 7451 7454 7453 7452 
f 7455 7451 7452 7456 
f 7457 7455 7456 7458 
f 7459 7457 7458 7460 
f 7461 7459 7460 7462 
f 7463 7461 7462 7464 
f 7465 7463 7464 7466 
f 7467 7465 7466 7468 
f 7469 7467 7468 7470 
f 7471 7469 7470 7472 
f 7473 7471 7472 7474 
f 7475 7473 7474 7476 
f 7477 7475 7476 7478 
f 7479 7477 7478 7480 
f 7481 7479 7480 7482 
f 7088 7392 7393 7091 
f 7091 7393 7394 7093 
f 7093 7394 7395 7095 
f 7095 7395 7396 7097 
f 7097 7396 7397 7099 
f 7099 7397 7398 7101 
f 7101 7398 7399 7103 
f 7103 7399 7400 7105 
f 7105 7400 7401 7107 
f 7107 7401 7402 7109 
f 7109 7402 7403 7111 
f 7111 7403 7404 7113 
f 7113 7404 7405 7115 
f 7115 7405 7406 7117 
f 7117 7406 7484 7483 
f 7419 7209 7200 7485 
f 7485 7200 7197 7486 
f 7487 7236 7183 7184 
f 7487 7184 7334 7488 
f 7488 7334 7332 7489 
f 7489 7332 7333 7490 
f 7490 7333 7491 6745 
f 7492 7237 7236 7487 
f 7492 7487 7488 7493 
f 7493 7488 7489 7494 
f 7494 7489 7490 7495 
f 7495 7490 6745 7496 
f 7497 7194 7237 7492 
f 7497 7492 7493 7498 
f 7498 7493 7494 7499 
f 7499 7494 7495 7500 
f 7500 7495 7496 6746 
f 7501 7497 7498 7502 
f 7502 7498 7499 7503 
f 7503 7499 7500 7504 
f 7504 7500 6746 6747 
f 7505 7508 7507 7506 
f 7509 7512 7511 7510 
f 7510 7511 7514 7513 
f 7513 7514 7516 7515 
f 7515 7516 6749 6748 
f 7517 7518 7508 7505 
f 7519 7509 7510 7520 
f 7520 7510 7513 7521 
f 7521 7513 7515 7522 
f 7522 7515 6748 6750 
f 7341 7343 7524 7523 
f 7347 7349 7376 7525 
f 7345 7347 7525 7526 
f 7343 7345 7526 7524 
f 7508 7197 7198 7507 
f 7527 7501 7512 7506 
f 7518 7486 7197 7508 
f 7505 7509 7519 7528 
f 7522 6750 7530 7529 
f 7521 7522 7529 7531 
f 7520 7521 7531 7532 
f 7519 7520 7532 7533 
f 7528 7519 7533 7534 
f 7535 7193 7194 
f 7505 7528 7517 
f 7517 7528 7534 7536 
f 7518 7517 7536 7537 
f 7486 7518 7537 7538 
f 7203 7485 7486 7202 
f 7215 7408 7419 7214 
f 7214 7419 7485 7203 
f 7377 7539 7418 7376 
f 7379 7540 7539 7377 
f 7381 7541 7540 7379 
f 7383 7542 7541 7381 
f 7385 7543 7542 7383 
f 7387 7544 7543 7385 
f 7389 7545 7544 7387 
f 7410 7418 7539 7409 
f 7409 7539 7540 7411 
f 7411 7540 7541 7412 
f 7412 7541 7542 7413 
f 7413 7542 7543 7414 
f 7414 7543 7544 7415 
f 7415 7544 7545 7416 
f 7416 7545 6741 7417 
f 7410 7257 7408 7215 
f 7389 7363 7365 6740 
f 7524 7204 7201 7523 
f 7376 7418 7216 7525 
f 7525 7216 7213 7526 
f 7526 7213 7204 7524 
f 7202 7486 7538 7546 
f 7201 7202 7546 7547 
f 7548 7551 7550 7549 
f 7552 7555 7554 7553 
f 7556 7552 7553 7557 
f 7558 7556 7557 7559 
f 7548 7558 7559 7551 
f 7560 7563 7562 7561 
f 7561 7562 7565 7564 
f 7564 7565 7567 7566 
f 7566 7567 7569 7568 
f 7568 7569 7571 7570 
f 7570 7571 7573 7572 
f 7572 7573 7575 7574 
f 7576 7554 7577 6752 
f 7574 7575 7579 7578 
f 7578 7579 7550 7580 
f 7581 7582 7547 7580 
f 7576 7585 7584 7583 
f 7583 7584 7587 7586 
f 7586 7587 7589 7588 
f 7588 7589 7582 7581 
f 7119 7729 7731 7118 
f 7120 7733 7697 7590 
f 7121 7735 7733 7120 
f 7122 7737 7735 7121 
f 7123 7739 7737 7122 
f 7124 7741 7739 7123 
f 7125 7743 7741 7124 
f 7126 7745 7743 7125 
f 7127 7747 7745 7126 
f 7128 7749 7747 7127 
f 7118 7731 7749 7128 
f 7129 7751 7753 7130 
f 7130 7753 7755 7131 
f 7131 7755 7757 7132 
f 7132 7757 7729 7119 
f 7368 7734 7736 7367 
f 7367 7736 7738 7369 
f 7369 7738 7740 7370 
f 7370 7740 7742 7371 
f 7371 7742 7744 7372 
f 7372 7744 7746 7373 
f 7373 7746 7748 7374 
f 7374 7748 7750 7375 
f 7375 7750 7732 7378 
f 7378 7732 7730 7380 
f 7380 7730 7758 7382 
f 7382 7758 7756 7384 
f 7384 7756 7754 7386 
f 7386 7754 7752 7388 
f 7388 7752 7722 7390 
f 7368 7338 7591 6739 
f 6994 7024 7025 6719 
f 6995 7027 7024 6994 
f 6997 7029 7027 6995 
f 6999 7031 7029 6997 
f 7001 7033 7031 6999 
f 7003 7035 7033 7001 
f 7005 7037 7035 7003 
f 7007 7039 7037 7005 
f 7009 7041 7039 7007 
f 7011 7043 7041 7009 
f 7013 7045 7043 7011 
f 7015 7047 7045 7013 
f 7017 7049 7047 7015 
f 7019 7051 7049 7017 
f 7021 7053 7051 7019 
f 7026 7593 7592 6722 
f 7028 7594 7593 7026 
f 7030 7595 7594 7028 
f 7032 7596 7595 7030 
f 7034 7597 7596 7032 
f 7036 7598 7597 7034 
f 7038 7599 7598 7036 
f 7040 7600 7599 7038 
f 7042 7601 7600 7040 
f 7044 7549 7601 7042 
f 7046 7548 7549 7044 
f 7048 7558 7548 7046 
f 7050 7556 7558 7048 
f 7052 7552 7556 7050 
f 7054 7555 7552 7052 
f 7482 7603 6753 7602 
f 7452 7605 7604 7456 
f 7456 7604 7606 7458 
f 7458 7606 7607 7460 
f 7460 7607 7608 7462 
f 7462 7608 7609 7464 
f 7464 7609 7610 7466 
f 7466 7610 7611 7468 
f 7468 7611 7612 7470 
f 7470 7612 7613 7472 
f 7472 7613 7614 7474 
f 7474 7614 7615 7476 
f 7476 7615 7616 7478 
f 7478 7616 7617 7480 
f 7480 7617 7603 7482 
f 7423 7619 7618 7422 
f 7422 7618 7620 7425 
f 7425 7620 7621 7427 
f 7427 7621 7622 7429 
f 7429 7622 7623 7431 
f 7431 7623 7624 7433 
f 7433 7624 7625 7435 
f 7435 7625 7626 7437 
f 7437 7626 7627 7439 
f 7439 7627 7628 7441 
f 7441 7628 7629 7443 
f 7443 7629 7630 7445 
f 7445 7630 7631 7447 
f 7447 7631 7632 7449 
f 7449 7632 6758 6743 
f 7633 7636 7635 7634 
f 7637 7633 7634 7638 
f 7639 7637 7638 7640 
f 7641 7639 7640 7642 
f 7643 7641 7642 7644 
f 7645 7643 7644 7646 
f 7647 7645 7646 7648 
f 7649 7647 7648 7650 
f 7651 7649 7650 7652 
f 7653 7651 7652 7654 
f 7655 7653 7654 7656 
f 7657 7655 7656 7658 
f 7659 7657 7658 7660 
f 7661 7659 7660 7662 
f 7663 7661 7662 7664 
f 7529 7560 7561 7531 
f 7531 7561 7564 7532 
f 7532 7564 7566 7533 
f 7533 7566 7568 7534 
f 7534 7568 7570 7536 
f 7536 7570 7572 7537 
f 7537 7572 7574 7538 
f 7585 7576 6752 7665 
f 7538 7574 7578 7546 
f 7546 7578 7580 7547 
f 7551 7581 7580 7550 
f 7554 7576 7583 7553 
f 7553 7583 7586 7557 
f 7557 7586 7588 7559 
f 7559 7588 7581 7551 
f 7563 7593 7594 7562 
f 7562 7594 7595 7565 
f 7565 7595 7596 7567 
f 7567 7596 7597 7569 
f 7569 7597 7598 7571 
f 7571 7598 7599 7573 
f 7573 7599 7600 7575 
f 7554 7555 7666 7577 
f 7575 7600 7601 7579 
f 7579 7601 7549 7550 
f 7582 7523 7201 7547 
f 7585 7335 7336 7584 
f 7584 7336 7339 7587 
f 7587 7339 7341 7589 
f 7589 7341 7523 7582 
f 7199 7196 7193 7198 
f 7211 7208 7205 7210 
f 7210 7205 7196 7199 
f 7261 7254 7255 7260 
f 7260 7255 7268 7271 
f 7271 7268 7277 7280 
f 7280 7277 7286 7289 
f 7289 7286 7295 7298 
f 7298 7295 7304 7307 
f 7307 7304 7313 7316 
f 7316 7313 7322 7324 
f 7261 7258 7208 7211 
f 7507 7535 7527 7506 
f 7512 7501 7502 7511 
f 7511 7502 7503 7514 
f 7514 7503 7504 7516 
f 7516 7504 6747 6749 
f 7198 7193 7535 7507 
f 7512 7509 7505 7506 
s 2
f 6806 6703 6705 6834 
f 6807 6806 6834 6832 
f 6808 6807 6832 6830 
f 6809 6808 6830 6828 
f 6810 6809 6828 6826 
f 6811 6810 6826 6822 
f 6812 6811 6822 6823 
f 6813 6812 6823 6851 
f 6814 6813 6851 6849 
f 6815 6814 6849 6847 
f 6816 6815 6847 6845 
f 6817 6816 6845 6843 
f 6818 6817 6843 6841 
f 6819 6818 6841 6839 
f 6820 6819 6839 6836 
s 1
f 7634 7635 6706 6837 
f 7638 7634 6837 6838 
f 7640 7638 6838 6840 
f 7642 7640 6840 6842 
f 7644 7642 6842 6844 
f 7646 7644 6844 6846 
f 7648 7646 6846 6848 
f 7650 7648 6848 6850 
f 7652 7650 6850 6824 
f 7654 7652 6824 6821 
f 7656 7654 6821 6825 
f 7658 7656 6825 6827 
f 7660 7658 6827 6829 
f 7662 7660 6829 6831 
f 7664 7662 6831 6833 
f 6917 6918 6949 6947 
f 6918 6920 6951 6949 
f 6920 6922 6953 6951 
f 6922 6924 6955 6953 
f 6924 6926 6957 6955 
f 6926 6928 6959 6957 
f 6928 6930 6961 6959 
f 6930 6932 6963 6961 
f 6932 6934 6965 6963 
f 6934 6936 6967 6965 
f 6936 6938 6969 6967 
f 6938 6940 6971 6969 
f 6940 6942 6973 6971 
f 6942 6944 6975 6973 
f 6944 6946 6717 6975 
f 6948 6950 6996 6993 
f 6950 6952 6998 6996 
f 6952 6954 7000 6998 
f 6954 6956 7002 7000 
f 6956 6958 7004 7002 
f 6958 6960 7006 7004 
f 6960 6962 7008 7006 
f 6962 6964 7010 7008 
f 6964 6966 7012 7010 
f 6966 6968 7014 7012 
f 6968 6970 7016 7014 
f 6970 6972 7018 7016 
f 6972 6974 7020 7018 
f 6974 6976 7022 7020 
f 6976 6718 6721 7022 
f 6868 6888 6711 6709 
f 6869 6887 6888 6868 
f 6870 6890 6887 6869 
f 6871 6892 6890 6870 
f 6872 6894 6892 6871 
f 6873 6896 6894 6872 
f 6874 6898 6896 6873 
f 6875 6900 6898 6874 
f 6876 6902 6900 6875 
f 6877 6904 6902 6876 
f 6878 6906 6904 6877 
f 6879 6908 6906 6878 
f 6880 6910 6908 6879 
f 6881 6912 6910 6880 
f 6882 6914 6912 6881 
f 6916 7668 7667 6919 
f 6919 7667 7669 6921 
f 6921 7669 7670 6923 
f 6923 7670 7671 6925 
f 6925 7671 7672 6927 
f 6927 7672 7673 6929 
f 6929 7673 7674 6931 
f 6931 7674 7675 6933 
f 6933 7675 7676 6935 
f 6935 7676 7677 6937 
f 6937 7677 7678 6939 
f 6939 7678 7679 6941 
f 6941 7679 7680 6943 
f 6943 7680 7681 6945 
f 6945 7681 6756 6714 
f 6978 6979 7667 7668 
f 6979 6980 7669 7667 
f 6980 6981 7670 7669 
f 6981 6982 7671 7670 
f 6982 6983 7672 7671 
f 6983 6984 7673 7672 
f 6984 6985 7674 7673 
f 6985 6986 7675 7674 
f 6986 6987 7676 7675 
f 6987 6988 7677 7676 
f 6988 6989 7678 7677 
f 6989 6990 7679 7678 
f 6990 6991 7680 7679 
f 6991 6992 7681 7680 
f 6992 7682 6756 7681 
f 7448 7084 7082 7446 
f 7446 7082 7080 7444 
f 7444 7080 7078 7442 
f 7442 7078 7076 7440 
f 7440 7076 7074 7438 
f 7438 7074 7072 7436 
f 7436 7072 7070 7434 
f 7434 7070 7068 7432 
f 7432 7068 7066 7430 
f 7430 7066 7064 7428 
f 7428 7064 7062 7426 
f 7426 7062 7060 7424 
f 7424 7060 7058 7421 
f 7421 7058 7055 7420 
f 7420 7055 6725 6742 
f 7481 7056 7057 7479 
f 7479 7057 7059 7477 
f 7477 7059 7061 7475 
f 7475 7061 7063 7473 
f 7473 7063 7065 7471 
f 7471 7065 7067 7469 
f 7469 7067 7069 7467 
f 7467 7069 7071 7465 
f 7465 7071 7073 7463 
f 7463 7073 7075 7461 
f 7461 7075 7077 7459 
f 7459 7077 7079 7457 
f 7457 7079 7081 7455 
f 7455 7081 7083 7451 
f 7451 7083 7085 7454 
f 7605 7633 7637 7604 
f 7604 7637 7639 7606 
f 7606 7639 7641 7607 
f 7607 7641 7643 7608 
f 7608 7643 7645 7609 
f 7609 7645 7647 7610 
f 7610 7647 7649 7611 
f 7611 7649 7651 7612 
f 7612 7651 7653 7613 
f 7613 7653 7655 7614 
f 7614 7655 7657 7615 
f 7615 7657 7659 7616 
f 7616 7659 7661 7617 
f 7617 7661 7663 7603 
f 7603 7663 7683 6753 
f 7087 7619 6757 7089 
f 7090 7618 7619 7087 
f 7092 7620 7618 7090 
f 7094 7621 7620 7092 
f 7096 7622 7621 7094 
f 7098 7623 7622 7096 
f 7100 7624 7623 7098 
f 7102 7625 7624 7100 
f 7104 7626 7625 7102 
f 7106 7627 7626 7104 
f 7108 7628 7627 7106 
f 7110 7629 7628 7108 
f 7112 7630 7629 7110 
f 7114 7631 7630 7112 
f 7116 7632 7631 7114 
f 7535 7194 7497 7527 
f 7527 7497 7501 
f 6700 6701 6769 6770 
s 2
f 7684 6700 6770 6791 
f 6767 6702 6805 6765 
f 6704 7684 6791 6820 
f 6706 6707 6836 6837 
s 1
f 6853 6884 6854 
f 6709 6708 6852 6868 
f 6710 6711 6888 6885 
f 7685 6713 6916 6917 
f 6717 6718 6976 6975 
f 6915 7682 6992 6913 
f 6719 6720 6993 6994 
f 7686 6723 7054 7053 
f 6724 6725 7055 7056 
f 7483 6727 7116 7117 
f 6728 7792 7816 
f 7590 7781 7813 7120 
f 6732 7491 7333 7185 
f 7687 7688 7319 7318 
f 6737 7687 7318 7320 
f 6734 7689 7321 7251 
f 7165 6733 7186 7164 
f 7688 7407 7331 7319 
f 7689 6737 7320 7321 
f 6730 7484 7406 7161 
f 7391 7690 7136 7133 
f 7691 7591 7338 7335 
f 6739 7698 7734 7368 
f 6740 6741 7545 7389 
f 7690 7166 7163 7136 
f 6742 7692 7423 7420 
f 7602 6744 7481 7482 
f 6726 6738 7392 7088 
f 7665 7691 7335 7585 
f 7693 6751 7563 7560 
f 6729 7721 7751 7129 
f 7023 7686 7053 7021 
f 6723 7666 7555 7054 
f 7453 6754 7605 7452 
f 7692 6757 7619 7423 
f 6755 7683 7663 7664 
f 7530 7693 7560 7529 
f 6751 7592 7593 7563 
s 2
f 6707 6704 6820 6836 
s 1
f 6835 6755 7664 6833 
f 6715 7685 6917 6947 
f 6720 6716 6948 6993 
f 6883 6712 6914 6882 
f 6713 7694 7668 6916 
f 7694 6977 6978 7668 
f 7450 7086 7084 7448 
f 6744 6724 7056 7481 
f 6754 7636 7633 7605 
f 6727 6758 7632 7116 
f 7696 7704 7703 7695 
f 7704 7706 7705 7703 
f 7706 7708 7707 7705 
f 7708 7710 7709 7707 
f 7710 7712 7711 7709 
f 7712 7714 7713 7711 
f 7714 7716 7715 7713 
f 7716 7718 7717 7715 
f 7718 7700 7699 7717 
f 7700 7702 7701 7699 
f 7702 7728 7727 7701 
f 7728 7726 7725 7727 
f 7726 7724 7723 7725 
f 7724 7720 7719 7723 
f 7720 7722 7721 7719 
f 7698 7696 7695 7697 
f 7736 7734 7733 7735 
f 7738 7736 7735 7737 
f 7740 7738 7737 7739 
f 7742 7740 7739 7741 
f 7744 7742 7741 7743 
f 7746 7744 7743 7745 
f 7748 7746 7745 7747 
f 7750 7748 7747 7749 
f 7732 7750 7749 7731 
f 7730 7732 7731 7729 
f 7758 7730 7729 7757 
f 7756 7758 7757 7755 
f 7754 7756 7755 7753 
f 7752 7754 7753 7751 
f 7722 7752 7751 7721 
f 7734 7698 7697 7733 
f 7762 7760 7759 7761 
f 7760 7764 7763 7759 
f 7764 7766 7765 7763 
f 7766 7768 7767 7765 
f 7768 7770 7769 7767 
f 7770 7772 7771 7769 
f 7772 7774 7773 7771 
f 7774 7776 7775 7773 
f 7776 7778 7777 7775 
f 7778 7780 7779 7777 
f 7780 7782 7781 7779 
f 7786 7784 7783 7785 
f 7784 7788 7787 7783 
f 7788 7790 7789 7787 
f 7790 7762 7761 7789 
f 7792 7786 7785 7791 
f 7796 7794 7793 7795 
f 7798 7796 7795 7797 
f 7800 7798 7797 7799 
f 7802 7800 7799 7801 
f 7804 7802 7801 7803 
f 7806 7804 7803 7805 
f 7808 7806 7805 7807 
f 7810 7808 7807 7809 
f 7812 7810 7809 7811 
f 7814 7812 7811 7813 
f 7782 7814 7813 7781 
f 7818 7816 7815 7817 
f 7820 7818 7817 7819 
f 7822 7820 7819 7821 
f 7794 7822 7821 7793 
f 7816 7792 7791 7815 
f 8133 8134 8135 8136 
f 8137 8138 8139 8140 
f 8141 8142 8143 8144 
f 8145 8146 8144 8143 
f 8066 8068 7866 7862 
f 8068 8070 7869 7866 
f 7875 7871 8072 8074 
f 7878 7875 8074 8076 
f 7881 7878 8076 8078 
f 7884 7881 8078 8080 
f 7862 7884 8080 8066 
f 8082 8084 7890 7886 
f 7896 7892 8086 8088 
f 7886 7896 8088 8082 
f 8090 8092 7902 7898 
f 8094 8090 7898 7904 
f 8096 8094 7904 7907 
f 8084 8096 7907 7890 
f 8098 8086 7892 7910 
f 7910 7869 8070 8098 
f 8092 8100 7914 7902 
f 8099 8091 7825 7843 
f 8087 8085 7826 7827 
f 7825 7832 7997 7999 
f 8081 8087 7827 7828 
f 8083 8081 7828 7829 
f 8095 8083 7829 7830 
f 8093 8095 7830 7831 
f 8089 8093 7831 7832 
f 8142 8141 8147 8148 
f 8148 8147 8149 8150 
f 8150 8149 8138 8137 
f 8151 8152 8140 8139 
f 8153 8154 8152 8151 
f 8155 8156 8154 8153 
f 8085 8097 7833 7826 
f 8097 8069 7834 7833 
f 8073 8071 7853 7835 
f 7840 7835 8001 8003 
f 8005 8007 7834 7836 
f 8009 8005 7836 7837 
f 8011 8009 7837 7838 
f 8013 8011 7838 7839 
f 8003 8013 7839 7840 
f 8146 8145 8157 8158 
f 8158 8157 8159 8160 
f 8160 8159 8161 8162 
f 8162 8161 8163 8164 
f 8164 8163 8165 8166 
f 8166 8165 8134 8133 
f 8167 8168 8136 8135 
f 7825 7999 8015 7843 
f 7826 8017 8019 7827 
f 7825 8091 8089 7832 
f 7827 8019 8021 7828 
f 7828 8021 8023 7829 
f 7829 8023 8025 7830 
f 7830 8025 8027 7831 
f 7831 8027 7997 7832 
f 7833 8029 8017 7826 
f 7834 8007 8029 7833 
f 7853 8031 8001 7835 
f 7840 8075 8073 7835 
f 7834 8069 8067 7836 
f 7836 8067 8065 7837 
f 7837 8065 8079 7838 
f 7838 8079 8077 7839 
f 7839 8077 8075 7840 
f 8169 8170 8171 8172 
f 8173 8174 8175 8176 
f 8177 8178 8179 8180 
f 8181 8182 8180 8179 
f 7920 7916 8102 8104 
f 7916 7922 8106 8102 
f 7925 8108 8072 7871 
f 7928 8110 8108 7925 
f 7931 8112 8110 7928 
f 7934 8114 8112 7931 
f 7920 8104 8114 7934 
f 7941 7937 8116 8118 
f 7943 8120 8122 7947 
f 7941 8118 8120 7943 
f 7953 7949 8124 8126 
f 7956 7953 8126 8128 
f 7959 7956 8128 8130 
f 7937 7959 8130 8116 
f 7962 7947 8122 8132 
f 7962 8132 8106 7922 
f 7949 7914 8100 8124 
f 7843 7842 8123 8099 
f 7845 7844 8121 8119 
f 7842 8033 8035 7846 
f 7847 7845 8119 8117 
f 7848 7847 8117 8115 
f 7849 7848 8115 8129 
f 7850 7849 8129 8127 
f 7846 7850 8127 8125 
f 8183 8184 8178 8177 
f 8185 8186 8184 8183 
f 8174 8173 8186 8185 
f 8187 8188 8176 8175 
f 8189 8190 8188 8187 
f 8156 8155 8190 8189 
f 7844 7851 8131 8121 
f 7851 7852 8105 8131 
f 7854 7853 8071 8107 
f 7855 8037 8039 7854 
f 7856 7852 8041 8043 
f 7857 7856 8043 8045 
f 7858 7857 8045 8047 
f 7859 7858 8047 8049 
f 7855 7859 8049 8037 
f 8182 8181 8191 8192 
f 8192 8191 8193 8194 
f 8194 8193 8195 8196 
f 8196 8195 8197 8198 
f 8198 8197 8199 8200 
f 8200 8199 8170 8169 
f 8172 8171 8168 8167 
f 7842 7843 8015 8033 
f 7844 7845 8051 8053 
f 7842 7846 8125 8123 
f 7845 7847 8055 8051 
f 7847 7848 8057 8055 
f 7848 7849 8059 8057 
f 7849 7850 8061 8059 
f 7850 7846 8035 8061 
f 7851 7844 8053 8063 
f 7852 7851 8063 8041 
f 7853 7854 8039 8031 
f 7855 7854 8107 8109 
f 7852 7856 8101 8105 
f 7856 7857 8103 8101 
f 7857 7858 8113 8103 
f 7858 7859 8111 8113 
f 7859 7855 8109 8111 
s off
f 7963 7964 7860 
f 7964 7965 7860 
f 7965 7966 7860 
f 7966 7967 7860 
f 7967 7968 7860 
f 7968 7969 7860 
f 7969 7970 7860 
f 7970 7971 7860 
f 7971 7972 7860 
f 7972 7973 7860 
f 7973 7974 7860 
f 7974 7975 7860 
f 7975 7976 7860 
f 7976 7977 7860 
f 7977 7978 7860 
f 7978 7979 7860 
f 7979 7980 7860 
f 7980 7981 7860 
f 7981 7982 7860 
f 7982 7983 7860 
f 7983 7984 7860 
f 7984 7985 7860 
f 7985 7986 7860 
f 7986 7987 7860 
f 7987 7988 7860 
f 7988 7989 7860 
f 7989 7990 7860 
f 7990 7991 7860 
f 7991 7992 7860 
f 7992 7993 7860 
f 7993 7994 7860 
f 7994 7995 7860 
f 7995 7996 7860 
f 7996 7963 7860 
s 1
f 7862 7866 7864 7861 
f 7866 7869 7867 7864 
f 7871 7875 7873 7870 
f 7875 7878 7876 7873 
f 7878 7881 7879 7876 
f 7881 7884 7882 7879 
f 7884 7862 7861 7882 
f 7886 7890 7888 7885 
f 7892 7896 7894 7891 
f 7896 7886 7885 7894 
f 7898 7902 7900 7897 
f 7904 7898 7897 7903 
f 7907 7904 7903 7906 
f 7890 7907 7906 7888 
f 7910 7892 7891 7909 
f 7869 7910 7909 7867 
f 7902 7914 7912 7900 
f 7916 7920 7918 7915 
f 7922 7916 7915 7921 
f 7925 7871 7870 7924 
f 7928 7925 7924 7927 
f 7931 7928 7927 7930 
f 7934 7931 7930 7933 
f 7920 7934 7933 7918 
f 7937 7941 7939 7936 
f 7943 7947 7945 7942 
f 7941 7943 7942 7939 
f 7949 7953 7951 7948 
f 7953 7956 7954 7951 
f 7956 7959 7957 7954 
f 7959 7937 7936 7957 
f 7947 7962 7960 7945 
f 7962 7922 7921 7960 
f 7914 7949 7948 7912 
s off
f 7865 7863 7861 7864 
f 7868 7865 7864 7867 
f 7911 7868 7867 7909 
f 7893 7911 7909 7891 
f 7895 7893 7891 7894 
f 7887 7895 7894 7885 
f 7889 7887 7885 7888 
f 7908 7889 7888 7906 
f 7905 7908 7906 7903 
f 7899 7905 7903 7897 
f 7901 7899 7897 7900 
f 7913 7901 7900 7912 
f 7950 7913 7912 7948 
f 7952 7950 7948 7951 
f 7955 7952 7951 7954 
f 7958 7955 7954 7957 
f 7938 7958 7957 7936 
f 7940 7938 7936 7939 
f 7944 7940 7939 7942 
f 7946 7944 7942 7945 
f 7961 7946 7945 7960 
f 7923 7961 7960 7921 
f 7917 7923 7921 7915 
f 7919 7917 7915 7918 
f 7935 7919 7918 7933 
f 7932 7935 7933 7930 
f 7929 7932 7930 7927 
f 7926 7929 7927 7924 
f 7872 7926 7924 7870 
f 7874 7872 7870 7873 
f 7877 7874 7873 7876 
f 7880 7877 7876 7879 
f 7883 7880 7879 7882 
f 7863 7883 7882 7861 
f 7863 7865 7964 7963 
f 7865 7868 7965 7964 
f 7868 7911 7966 7965 
f 7911 7893 7967 7966 
f 7893 7895 7968 7967 
f 7895 7887 7969 7968 
f 7887 7889 7970 7969 
f 7889 7908 7971 7970 
f 7908 7905 7972 7971 
f 7905 7899 7973 7972 
f 7899 7901 7974 7973 
f 7901 7913 7975 7974 
f 7913 7950 7976 7975 
f 7950 7952 7977 7976 
f 7952 7955 7978 7977 
f 7955 7958 7979 7978 
f 7958 7938 7980 7979 
f 7938 7940 7981 7980 
f 7940 7944 7982 7981 
f 7944 7946 7983 7982 
f 7946 7961 7984 7983 
f 7961 7923 7985 7984 
f 7923 7917 7986 7985 
f 7917 7919 7987 7986 
f 7919 7935 7988 7987 
f 7935 7932 7989 7988 
f 7932 7929 7990 7989 
f 7929 7926 7991 7990 
f 7926 7872 7992 7991 
f 7872 7874 7993 7992 
f 7874 7877 7994 7993 
f 7877 7880 7995 7994 
f 7880 7883 7996 7995 
f 7883 7863 7963 7996 
s 1
f 7998 8000 7999 7997 
f 8014 8012 8011 8013 
f 8008 8030 8029 8007 
f 8030 8018 8017 8029 
f 8006 8008 8007 8005 
f 8010 8006 8005 8009 
f 8012 8010 8009 8011 
f 8004 8014 8013 8003 
f 8002 8004 8003 8001 
f 8032 8002 8001 8031 
f 8018 8020 8019 8017 
f 8020 8022 8021 8019 
f 8022 8024 8023 8021 
f 8024 8026 8025 8023 
f 8026 8028 8027 8025 
f 8028 7998 7997 8027 
f 8000 8016 8015 7999 
f 8034 8036 8035 8033 
f 8048 8050 8049 8047 
f 8064 8042 8041 8063 
f 8054 8064 8063 8053 
f 8042 8044 8043 8041 
f 8044 8046 8045 8043 
f 8046 8048 8047 8045 
f 8050 8038 8037 8049 
f 8038 8040 8039 8037 
f 8040 8032 8031 8039 
f 8052 8054 8053 8051 
f 8056 8052 8051 8055 
f 8058 8056 8055 8057 
f 8060 8058 8057 8059 
f 8062 8060 8059 8061 
f 8036 8062 8061 8035 
f 8016 8034 8033 8015 
f 8068 8066 8065 8067 
f 8070 8068 8067 8069 
f 8074 8072 8071 8073 
f 8076 8074 8073 8075 
f 8078 8076 8075 8077 
f 8080 8078 8077 8079 
f 8066 8080 8079 8065 
f 8084 8082 8081 8083 
f 8088 8086 8085 8087 
f 8082 8088 8087 8081 
f 8092 8090 8089 8091 
f 8090 8094 8093 8089 
f 8094 8096 8095 8093 
f 8096 8084 8083 8095 
f 8086 8098 8097 8085 
f 8098 8070 8069 8097 
f 8100 8092 8091 8099 
f 8104 8102 8101 8103 
f 8102 8106 8105 8101 
f 8072 8108 8107 8071 
f 8108 8110 8109 8107 
f 8110 8112 8111 8109 
f 8112 8114 8113 8111 
f 8114 8104 8103 8113 
f 8118 8116 8115 8117 
f 8122 8120 8119 8121 
f 8120 8118 8117 8119 
f 8126 8124 8123 8125 
f 8128 8126 8125 8127 
f 8130 8128 8127 8129 
f 8116 8130 8129 8115 
f 8132 8122 8121 8131 
f 8106 8132 8131 8105 
f 8124 8100 8099 8123 
f 8134 7841 8135 
f 8136 8000 7998 8133 
f 8138 8012 8014 8139 
f 8140 7823 8137 
f 8142 7823 7824 8143 
f 8144 8030 8008 8141 
f 8146 8018 8030 8144 
f 8143 7824 7841 8145 
f 8141 8008 8006 8147 
f 8148 7823 8142 
f 8147 8006 8010 8149 
f 8150 7823 8148 
f 8149 8010 8012 8138 
f 8137 7823 8150 
f 8152 7823 8140 
f 8139 8014 8004 8151 
f 8154 7823 8152 
f 8151 8004 8002 8153 
f 8156 7823 8154 
f 8153 8002 8032 8155 
f 8145 7841 8157 
f 8158 8020 8018 8146 
f 8157 7841 8159 
f 8160 8022 8020 8158 
f 8159 7841 8161 
f 8162 8024 8022 8160 
f 8161 7841 8163 
f 8164 8026 8024 8162 
f 8163 7841 8165 
f 8166 8028 8026 8164 
f 8165 7841 8134 
f 8133 7998 8028 8166 
f 8168 8016 8000 8136 
f 8135 7841 8167 
f 8170 8036 8034 8171 
f 8172 7841 8169 
f 8174 7823 8175 
f 8176 8050 8048 8173 
f 8178 8042 8064 8179 
f 8180 7824 7823 8177 
f 8182 7841 7824 8180 
f 8179 8064 8054 8181 
f 8184 8044 8042 8178 
f 8177 7823 8183 
f 8186 8046 8044 8184 
f 8183 7823 8185 
f 8173 8048 8046 8186 
f 8185 7823 8174 
f 8188 8038 8050 8176 
f 8175 7823 8187 
f 8190 8040 8038 8188 
f 8187 7823 8189 
f 8155 8032 8040 8190 
f 8189 7823 8156 
f 8181 8054 8052 8191 
f 8192 7841 8182 
f 8191 8052 8056 8193 
f 8194 7841 8192 
f 8193 8056 8058 8195 
f 8196 7841 8194 
f 8195 8058 8060 8197 
f 8198 7841 8196 
f 8197 8060 8062 8199 
f 8200 7841 8198 
f 8199 8062 8036 8170 
f 8169 7841 8200 
f 8171 8034 8016 8168 
f 8167 7841 8172 
# 7520 polygons - 668 triangles

