# 3ds Max Wavefront OBJ Exporter v0.97b - (c)2007 guruware
# File Created: 09.12.2021 16:15:23

#
# object 9301M_CL
#

v  0.1398 -0.7047 -0.9883
v  0.2742 -0.6640 -0.9883
v  0.3981 -0.5977 -0.9883
v  0.5067 -0.5086 -0.9883
v  0.5958 -0.4001 -0.9883
v  0.6620 -0.2762 -0.9883
v  0.6886 -0.1418 -0.9883
v  0.6891 -0.0000 -0.9883
v  0.1398 -0.7046 -1.4608
v  0.2741 -0.6637 -1.4608
v  0.3982 -0.5979 -1.4608
v  0.5070 -0.5090 -1.4608
v  0.5964 -0.4004 -1.4608
v  0.6629 -0.2766 -1.4610
v  0.6890 -0.2039 -0.9883
v  0.6889 -0.1979 -0.9883
v  0.6869 -0.2095 -0.9883
v  0.6890 -0.2039 -1.4548
v  0.6890 -0.2039 -1.4608
v  0.6870 -0.2096 -1.4668
v  0.7185 -0.0000 -1.4608
v  0.7125 -0.0000 -1.4608
v  0.7185 -0.0000 -1.4668
v  0.7065 -0.1307 -1.4608
v  0.7065 -0.1308 -1.4668
v  0.7005 -0.1307 -1.4608
v  0.6890 -0.1307 -1.4608
v  0.6890 -0.1309 -1.4548
v  0.6950 -0.1307 -1.4608
v  0.6890 -0.0000 -1.4608
v  0.6890 -0.0000 -1.4548
v  0.6950 -0.0000 -1.4608
v  0.6950 -0.1531 -1.4608
v  0.6890 -0.1979 -1.4548
v  -0.0000 -0.7185 -0.9883
v  -0.0000 -0.7185 -1.4608
v  0.0984 -0.4942 -0.9881
v  -0.0000 -0.5034 -0.9881
v  0.1931 -0.4656 -0.9881
v  0.2803 -0.4188 -0.9881
v  0.3560 -0.3571 -0.9881
v  0.4175 -0.2822 -0.9881
v  0.4646 -0.1950 -0.9881
v  0.4937 -0.1004 -0.9881
v  -0.0000 -0.7125 -0.9883
v  0.1386 -0.6988 -0.9883
v  0.2719 -0.6584 -0.9883
v  0.3947 -0.5927 -0.9883
v  0.5024 -0.5044 -0.9883
v  0.5908 -0.3967 -0.9883
v  0.6565 -0.2737 -0.9883
v  0.6830 -0.2028 -0.9883
v  0.6826 -0.1418 -0.9883
v  0.6831 -0.0000 -0.9883
v  0.0996 -0.5001 -0.9881
v  0.5007 -0.1016 -0.9881
v  0.4717 -0.1973 -0.9881
v  0.4226 -0.2856 -0.9881
v  0.3602 -0.3614 -0.9881
v  0.2836 -0.4239 -0.9881
v  0.1954 -0.4712 -0.9881
v  0.7056 -0.1359 -2.0888
v  -0.0000 -0.7185 -2.0885
v  0.1398 -0.7046 -2.0885
v  0.2741 -0.6638 -2.0885
v  0.3982 -0.5979 -2.0885
v  0.5070 -0.5090 -2.0885
v  0.5964 -0.4004 -2.0885
v  0.6693 -0.2598 -2.0884
v  0.0000 0.7125 -0.9883
v  0.1386 0.6988 -0.9883
v  0.0996 0.5001 -0.9881
v  0.0000 0.5094 -0.9881
v  0.0000 0.7185 -0.9883
v  0.0000 0.7185 -1.4608
v  0.1398 0.7046 -1.4608
v  0.1398 0.7047 -0.9883
v  0.2719 0.6584 -0.9883
v  0.1954 0.4712 -0.9881
v  0.2741 0.6637 -1.4608
v  0.2742 0.6640 -0.9883
v  0.3947 0.5927 -0.9883
v  0.2836 0.4239 -0.9881
v  0.3982 0.5979 -1.4608
v  0.3981 0.5977 -0.9883
v  0.5024 0.5044 -0.9883
v  0.3602 0.3614 -0.9881
v  0.5070 0.5090 -1.4608
v  0.5067 0.5086 -0.9883
v  0.5908 0.3967 -0.9883
v  0.4226 0.2856 -0.9881
v  0.5964 0.4004 -1.4608
v  0.5958 0.4001 -0.9883
v  0.6565 0.2737 -0.9883
v  0.4717 0.1973 -0.9881
v  0.6629 0.2766 -1.4610
v  0.6620 0.2762 -0.9883
v  0.6830 0.2028 -0.9883
v  0.6870 0.2096 -1.4668
v  0.6869 0.2095 -0.9883
v  0.6826 0.1418 -0.9883
v  0.5105 -0.0000 -0.9881
v  0.5007 0.1016 -0.9881
v  0.0000 0.7185 -2.0885
v  0.1398 0.7046 -2.0885
v  0.2741 0.6638 -2.0885
v  0.3982 0.5979 -2.0885
v  0.5070 0.5090 -2.0885
v  0.5964 0.4004 -2.0885
v  0.6693 0.2598 -2.0884
v  0.7065 0.1308 -1.4668
v  0.7056 0.1359 -2.0888
v  0.7185 -0.0000 -2.0886
v  0.6886 0.1418 -0.9883
v  0.6890 0.1309 -1.4548
v  0.6950 0.1531 -1.4608
v  0.7005 0.1307 -1.4608
v  0.6950 0.1307 -1.4608
v  0.6889 0.1979 -0.9883
v  0.6890 0.1979 -1.4548
v  0.6890 0.2039 -1.4548
v  0.6890 0.2039 -1.4608
v  0.6890 0.2039 -0.9883
v  0.7065 0.1307 -1.4608
v  0.6890 0.1307 -1.4608
v  0.0984 0.4942 -0.9881
v  0.0000 0.5034 -0.9881
v  0.5039 -0.0000 -0.9881
v  0.4937 0.1004 -0.9881
v  0.4646 0.1950 -0.9881
v  0.4175 0.2822 -0.9881
v  0.3560 0.3571 -0.9881
v  0.2803 0.4188 -0.9881
v  0.1931 0.4656 -0.9881
v  -0.1386 -0.6988 -0.9883
v  -0.0996 -0.5001 -0.9881
v  -0.0000 -0.5094 -0.9881
v  -0.1398 -0.7046 -1.4608
v  -0.1398 -0.7047 -0.9883
v  -0.2719 -0.6584 -0.9883
v  -0.1954 -0.4712 -0.9881
v  -0.2741 -0.6637 -1.4608
v  -0.2742 -0.6640 -0.9883
v  -0.3947 -0.5927 -0.9883
v  -0.2836 -0.4239 -0.9881
v  -0.3982 -0.5979 -1.4608
v  -0.3981 -0.5977 -0.9883
v  -0.5024 -0.5044 -0.9883
v  -0.3602 -0.3614 -0.9881
v  -0.5070 -0.5090 -1.4608
v  -0.5067 -0.5086 -0.9883
v  -0.5908 -0.3967 -0.9883
v  -0.4226 -0.2856 -0.9881
v  -0.5964 -0.4004 -1.4608
v  -0.5958 -0.4001 -0.9883
v  -0.6565 -0.2737 -0.9883
v  -0.4717 -0.1973 -0.9881
v  -0.6629 -0.2766 -1.4610
v  -0.6620 -0.2762 -0.9883
v  -0.6830 -0.2028 -0.9883
v  -0.6870 -0.2096 -1.4668
v  -0.6869 -0.2095 -0.9883
v  -0.6826 -0.1418 -0.9883
v  -0.6831 -0.0000 -0.9883
v  -0.5105 -0.0000 -0.9881
v  -0.5007 -0.1016 -0.9881
v  -0.1398 -0.7046 -2.0885
v  -0.2741 -0.6638 -2.0885
v  -0.3982 -0.5979 -2.0885
v  -0.5070 -0.5090 -2.0885
v  -0.5964 -0.4004 -2.0885
v  -0.6693 -0.2598 -2.0884
v  -0.7065 -0.1308 -1.4668
v  -0.7056 -0.1359 -2.0888
v  -0.7185 -0.0000 -2.0886
v  -0.7185 -0.0000 -1.4668
v  -0.6886 -0.1418 -0.9883
v  -0.6890 -0.1309 -1.4548
v  -0.6890 -0.0000 -1.4548
v  -0.6891 -0.0000 -0.9883
v  -0.6950 -0.1531 -1.4608
v  -0.7005 -0.1307 -1.4608
v  -0.6950 -0.1307 -1.4608
v  -0.6889 -0.1979 -0.9883
v  -0.6890 -0.1979 -1.4548
v  -0.7125 -0.0000 -1.4608
v  -0.6950 -0.0000 -1.4608
v  -0.6890 -0.2039 -1.4548
v  -0.6890 -0.2039 -1.4608
v  -0.6890 -0.2039 -0.9883
v  -0.7065 -0.1307 -1.4608
v  -0.7185 -0.0000 -1.4608
v  -0.6890 -0.1307 -1.4608
v  -0.6890 -0.0000 -1.4608
v  -0.0984 -0.4942 -0.9881
v  -0.5039 -0.0000 -0.9881
v  -0.4937 -0.1004 -0.9881
v  -0.4646 -0.1950 -0.9881
v  -0.4175 -0.2822 -0.9881
v  -0.3560 -0.3571 -0.9881
v  -0.2803 -0.4188 -0.9881
v  -0.1931 -0.4656 -0.9881
v  -0.0996 0.5001 -0.9881
v  -0.1386 0.6988 -0.9883
v  -0.1398 0.7047 -0.9883
v  -0.1398 0.7046 -1.4608
v  -0.1954 0.4712 -0.9881
v  -0.2719 0.6584 -0.9883
v  -0.2742 0.6640 -0.9883
v  -0.2741 0.6637 -1.4608
v  -0.2836 0.4239 -0.9881
v  -0.3947 0.5927 -0.9883
v  -0.3981 0.5977 -0.9883
v  -0.3982 0.5979 -1.4608
v  -0.3602 0.3614 -0.9881
v  -0.5024 0.5044 -0.9883
v  -0.5067 0.5086 -0.9883
v  -0.5070 0.5090 -1.4608
v  -0.4226 0.2856 -0.9881
v  -0.5908 0.3967 -0.9883
v  -0.5958 0.4001 -0.9883
v  -0.5964 0.4004 -1.4608
v  -0.4717 0.1973 -0.9881
v  -0.6565 0.2737 -0.9883
v  -0.6620 0.2762 -0.9883
v  -0.6629 0.2766 -1.4610
v  -0.6830 0.2028 -0.9883
v  -0.6869 0.2095 -0.9883
v  -0.6870 0.2096 -1.4668
v  -0.6826 0.1418 -0.9883
v  -0.5007 0.1016 -0.9881
v  -0.1398 0.7046 -2.0885
v  -0.2741 0.6638 -2.0885
v  -0.3982 0.5979 -2.0885
v  -0.5070 0.5090 -2.0885
v  -0.5964 0.4004 -2.0885
v  -0.6693 0.2598 -2.0884
v  -0.7065 0.1308 -1.4668
v  -0.7056 0.1359 -2.0888
v  -0.6886 0.1418 -0.9883
v  -0.6890 0.1309 -1.4548
v  -0.6950 0.1531 -1.4608
v  -0.6950 0.1307 -1.4608
v  -0.7005 0.1307 -1.4608
v  -0.6890 0.1979 -1.4548
v  -0.6889 0.1979 -0.9883
v  -0.6890 0.2039 -1.4608
v  -0.6890 0.2039 -1.4548
v  -0.6890 0.2039 -0.9883
v  -0.7065 0.1307 -1.4608
v  -0.6890 0.1307 -1.4608
v  -0.0984 0.4942 -0.9881
v  -0.4937 0.1004 -0.9881
v  -0.4646 0.1950 -0.9881
v  -0.4175 0.2822 -0.9881
v  -0.3560 0.3571 -0.9881
v  -0.2803 0.4188 -0.9881
v  -0.1931 0.4656 -0.9881
v  -0.0000 -0.0000 -1.0395
v  0.0984 -0.4942 -1.0395
v  0.0972 -0.4883 -1.0395
v  0.0984 -0.4942 -1.0335
v  -0.0000 -0.5034 -1.0395
v  -0.0000 -0.5034 -1.0335
v  -0.0000 -0.4974 -1.0395
v  0.1931 -0.4656 -1.0395
v  0.1908 -0.4600 -1.0395
v  0.1931 -0.4656 -1.0335
v  0.2803 -0.4188 -1.0395
v  0.2769 -0.4139 -1.0395
v  0.2803 -0.4188 -1.0335
v  0.3560 -0.3571 -1.0395
v  0.3517 -0.3529 -1.0395
v  0.3560 -0.3571 -1.0335
v  0.4175 -0.2822 -1.0395
v  0.4126 -0.2789 -1.0395
v  0.4175 -0.2822 -1.0335
v  0.4646 -0.1950 -1.0395
v  0.4591 -0.1927 -1.0395
v  0.4646 -0.1950 -1.0335
v  0.5039 -0.0000 -1.0395
v  0.4979 -0.0000 -1.0395
v  0.5039 -0.0000 -1.0335
v  0.4937 -0.1004 -1.0395
v  0.4937 -0.1004 -1.0335
v  0.4878 -0.0992 -1.0395
v  0.0000 0.5034 -1.0395
v  -0.0000 0.4974 -1.0395
v  0.0000 0.5034 -1.0335
v  0.0984 0.4942 -1.0395
v  0.0984 0.4942 -1.0335
v  0.0972 0.4883 -1.0395
v  0.4937 0.1004 -1.0395
v  0.4878 0.0992 -1.0395
v  0.4937 0.1004 -1.0335
v  0.4646 0.1950 -1.0395
v  0.4591 0.1927 -1.0395
v  0.4646 0.1950 -1.0335
v  0.4175 0.2822 -1.0395
v  0.4126 0.2789 -1.0395
v  0.4175 0.2822 -1.0335
v  0.3560 0.3571 -1.0395
v  0.3517 0.3529 -1.0395
v  0.3560 0.3571 -1.0335
v  0.2803 0.4188 -1.0395
v  0.2769 0.4139 -1.0395
v  0.2803 0.4188 -1.0335
v  0.1931 0.4656 -1.0395
v  0.1908 0.4600 -1.0395
v  0.1931 0.4656 -1.0335
v  -0.0984 -0.4942 -1.0395
v  -0.0984 -0.4942 -1.0335
v  -0.0972 -0.4883 -1.0395
v  -0.4937 -0.1004 -1.0395
v  -0.4878 -0.0992 -1.0395
v  -0.4937 -0.1004 -1.0335
v  -0.5039 -0.0000 -1.0395
v  -0.5039 -0.0000 -1.0335
v  -0.4979 -0.0000 -1.0395
v  -0.4646 -0.1950 -1.0395
v  -0.4591 -0.1927 -1.0395
v  -0.4646 -0.1950 -1.0335
v  -0.4175 -0.2822 -1.0395
v  -0.4126 -0.2789 -1.0395
v  -0.4175 -0.2822 -1.0335
v  -0.3560 -0.3571 -1.0395
v  -0.3517 -0.3529 -1.0395
v  -0.3560 -0.3571 -1.0335
v  -0.2803 -0.4188 -1.0395
v  -0.2769 -0.4139 -1.0395
v  -0.2803 -0.4188 -1.0335
v  -0.1931 -0.4656 -1.0395
v  -0.1908 -0.4600 -1.0395
v  -0.1931 -0.4656 -1.0335
v  -0.0984 0.4942 -1.0395
v  -0.0972 0.4883 -1.0395
v  -0.0984 0.4942 -1.0335
v  -0.4937 0.1004 -1.0395
v  -0.4937 0.1004 -1.0335
v  -0.4878 0.0992 -1.0395
v  -0.4646 0.1950 -1.0395
v  -0.4646 0.1950 -1.0335
v  -0.4591 0.1927 -1.0395
v  -0.4175 0.2822 -1.0395
v  -0.4175 0.2822 -1.0335
v  -0.4126 0.2789 -1.0395
v  -0.3560 0.3571 -1.0395
v  -0.3560 0.3571 -1.0335
v  -0.3517 0.3529 -1.0395
v  -0.2803 0.4188 -1.0395
v  -0.2803 0.4188 -1.0335
v  -0.2769 0.4139 -1.0395
v  -0.1931 0.4656 -1.0395
v  -0.1931 0.4656 -1.0335
v  -0.1908 0.4600 -1.0395
v  0.0000 0.4278 -0.6996
v  0.0000 0.4926 -0.5757
v  0.0000 0.4961 -0.5369
v  0.0000 -0.4796 -0.6217
v  0.0000 -0.4926 -0.5757
v  0.0000 -0.4961 -0.5369
v  0.0000 -0.4961 -0.1687
v  0.0000 -0.4961 -0.0200
v  0.0000 0.4932 -0.0098
v  0.0000 -0.3788 -0.9089
v  0.0000 -0.4932 -0.0098
v  0.0762 0.3832 -0.7291
v  0.0834 0.4195 -0.6995
v  0.0893 0.4489 -0.6631
v  0.0936 0.4703 -0.6217
v  0.0961 0.4830 -0.5757
v  0.0968 0.4864 -0.5369
v  0.0968 0.4864 -0.1687
v  0.0922 0.4638 -1.0422
v  0.1809 0.4368 -1.0422
v  0.1649 0.3982 -0.9718
v  0.0841 0.4227 -0.9718
v  0.1450 0.3502 -0.9089
v  0.0739 0.3717 -0.9089
v  0.0653 0.3285 -0.8680
v  0.1282 0.3094 -0.8680
v  0.1200 0.2897 -0.8384
v  0.0612 0.3075 -0.8384
v  0.1191 0.2875 -0.7966
v  0.0607 0.3052 -0.7966
v  0.1265 0.3055 -0.7631
v  0.0645 0.3243 -0.7631
v  0.1354 0.3270 -0.7482
v  0.0690 0.3471 -0.7482
v  0.1495 0.3609 -0.7291
v  0.1637 0.3951 -0.6995
v  0.1752 0.4229 -0.6631
v  0.1835 0.4430 -0.6217
v  0.1885 0.4550 -0.5757
v  0.1898 0.4582 -0.5369
v  0.1898 0.4582 -0.1687
v  0.2627 0.3932 -1.0422
v  0.2395 0.3584 -0.9718
v  0.2106 0.3151 -0.9089
v  0.1861 0.2785 -0.8680
v  0.1742 0.2607 -0.8384
v  0.1729 0.2587 -0.7966
v  0.1837 0.2749 -0.7631
v  0.1966 0.2943 -0.7482
v  0.2170 0.3248 -0.7291
v  0.2376 0.3556 -0.6995
v  0.2543 0.3806 -0.6631
v  0.2664 0.3987 -0.6217
v  0.2736 0.4095 -0.5757
v  0.2755 0.4124 -0.5369
v  0.2755 0.4124 -0.1687
v  0.3344 0.3344 -1.0421
v  0.3048 0.3048 -0.9717
v  0.2680 0.2680 -0.9089
v  0.2369 0.2369 -0.8680
v  0.2218 0.2218 -0.8384
v  0.2201 0.2201 -0.7966
v  0.2338 0.2338 -0.7631
v  0.2503 0.2503 -0.7482
v  0.2763 0.2763 -0.7291
v  0.3025 0.3025 -0.6996
v  0.3237 0.3237 -0.6632
v  0.3392 0.3392 -0.6217
v  0.3483 0.3483 -0.5757
v  0.3508 0.3508 -0.5369
v  0.3508 0.3508 -0.1687
v  0.3932 0.2627 -1.0422
v  0.3584 0.2395 -0.9718
v  0.3151 0.2106 -0.9089
v  0.2785 0.1861 -0.8680
v  0.2607 0.1742 -0.8384
v  0.2587 0.1729 -0.7966
v  0.2749 0.1837 -0.7631
v  0.2943 0.1966 -0.7482
v  0.3248 0.2170 -0.7291
v  0.3556 0.2376 -0.6995
v  0.3806 0.2543 -0.6631
v  0.3987 0.2664 -0.6217
v  0.4095 0.2737 -0.5757
v  0.4124 0.2755 -0.5369
v  0.4124 0.2755 -0.1687
v  0.4368 0.1809 -1.0422
v  0.3982 0.1649 -0.9718
v  0.3502 0.1450 -0.9089
v  0.3094 0.1282 -0.8680
v  0.2897 0.1200 -0.8384
v  0.2875 0.1191 -0.7966
v  0.3055 0.1265 -0.7631
v  0.3270 0.1354 -0.7482
v  0.3609 0.1495 -0.7291
v  0.3951 0.1637 -0.6995
v  0.4228 0.1752 -0.6632
v  0.4638 0.0922 -1.0422
v  0.4227 0.0841 -0.9718
v  0.3717 0.0739 -0.9089
v  0.3285 0.0653 -0.8680
v  0.3075 0.0612 -0.8384
v  0.3052 0.0607 -0.7966
v  0.3243 0.0645 -0.7631
v  0.3471 0.0690 -0.7482
v  0.3832 0.0762 -0.7291
v  0.4195 0.0834 -0.6995
v  0.4727 -0.0000 -1.0422
v  0.4309 -0.0000 -0.9717
v  0.3788 -0.0000 -0.9089
v  0.3346 -0.0000 -0.8680
v  0.3132 -0.0000 -0.8384
v  0.3108 -0.0000 -0.7966
v  0.3305 -0.0000 -0.7631
v  0.3538 -0.0000 -0.7482
v  0.3907 -0.0000 -0.7291
v  0.4278 -0.0000 -0.6996
v  0.4547 -0.0000 -0.6679
v  0.4547 0.0454 -0.6644
v  0.4547 0.0896 -0.6543
v  0.4547 0.1430 -0.6288
v  0.4546 0.1677 -0.6080
v  0.4430 0.1835 -0.6217
v  0.4546 0.1873 -0.5808
v  0.4547 0.1982 -0.5370
v  0.4961 -0.0000 -0.0200
v  0.4862 0.0979 -0.0197
v  0.4937 0.0482 -0.1296
v  0.4961 -0.0000 -0.1274
v  0.4551 0.1970 -0.0199
v  0.4547 0.1983 -0.1694
v  0.4731 0.1490 -0.1503
v  0.0968 0.4864 -0.0200
v  0.1898 0.4582 -0.0200
v  0.2755 0.4124 -0.0200
v  0.3508 0.3508 -0.0200
v  0.4124 0.2755 -0.0199
v  0.4547 -0.0000 -0.5368
v  0.4548 -0.0000 -0.1692
v  0.4547 -0.0000 -0.5749
v  0.4547 0.1170 -0.6435
v  0.0000 0.3346 -0.8680
v  0.4865 0.0962 -0.1370
v  0.0962 0.4837 -0.0098
v  0.0949 0.4774 -0.0031
v  0.1887 0.4556 -0.0098
v  0.1863 0.4497 -0.0031
v  0.2740 0.4100 -0.0098
v  0.2704 0.4047 -0.0031
v  0.3487 0.3487 -0.0098
v  0.3442 0.3442 -0.0032
v  0.4101 0.2739 -0.0097
v  0.4047 0.2703 -0.0030
v  0.4521 0.1965 -0.0096
v  0.4458 0.1946 -0.0030
v  0.4835 0.0964 -0.0094
v  0.4771 0.0941 -0.0028
v  0.4932 -0.0000 -0.0098
v  0.0930 0.4675 0.0000
v  0.1824 0.4404 0.0000
v  0.2648 0.3963 0.0000
v  0.3371 0.3371 0.0000
v  0.3962 0.2646 0.0000
v  0.4360 0.1913 0.0000
v  0.4671 0.0911 0.0000
v  0.4867 -0.0000 -0.0031
v  0.4766 -0.0000 0.0000
v  0.0000 -0.3907 -0.7291
v  0.0834 -0.4195 -0.6995
v  0.0762 -0.3832 -0.7291
v  0.0000 -0.4578 -0.6632
v  0.0893 -0.4489 -0.6631
v  0.0961 -0.4830 -0.5757
v  0.0936 -0.4703 -0.6217
v  0.0968 -0.4864 -0.1687
v  0.0968 -0.4864 -0.5369
v  0.0922 -0.4638 -1.0422
v  0.0841 -0.4227 -0.9718
v  0.1649 -0.3982 -0.9718
v  0.1809 -0.4368 -1.0422
v  0.0739 -0.3717 -0.9089
v  0.1450 -0.3502 -0.9089
v  0.0653 -0.3285 -0.8680
v  0.0612 -0.3075 -0.8384
v  0.1200 -0.2897 -0.8384
v  0.1282 -0.3094 -0.8680
v  0.0607 -0.3052 -0.7966
v  0.1191 -0.2875 -0.7966
v  0.0645 -0.3243 -0.7631
v  0.1265 -0.3055 -0.7631
v  0.0690 -0.3471 -0.7482
v  0.1354 -0.3270 -0.7482
v  0.1495 -0.3609 -0.7291
v  0.1637 -0.3951 -0.6995
v  0.1752 -0.4229 -0.6631
v  0.1885 -0.4550 -0.5757
v  0.1835 -0.4430 -0.6217
v  0.1898 -0.4582 -0.1687
v  0.1898 -0.4582 -0.5369
v  0.2395 -0.3584 -0.9718
v  0.2627 -0.3932 -1.0422
v  0.2106 -0.3151 -0.9089
v  0.1742 -0.2607 -0.8384
v  0.1861 -0.2785 -0.8680
v  0.1729 -0.2587 -0.7966
v  0.1837 -0.2749 -0.7631
v  0.1966 -0.2943 -0.7482
v  0.2170 -0.3248 -0.7291
v  0.2376 -0.3556 -0.6995
v  0.2543 -0.3806 -0.6631
v  0.2736 -0.4095 -0.5757
v  0.2664 -0.3987 -0.6217
v  0.2755 -0.4124 -0.1687
v  0.2755 -0.4124 -0.5369
v  0.3048 -0.3048 -0.9717
v  0.3344 -0.3344 -1.0421
v  0.2680 -0.2680 -0.9089
v  0.2218 -0.2218 -0.8384
v  0.2369 -0.2369 -0.8680
v  0.2201 -0.2201 -0.7966
v  0.2338 -0.2338 -0.7631
v  0.2503 -0.2503 -0.7482
v  0.2763 -0.2763 -0.7291
v  0.3025 -0.3025 -0.6996
v  0.3237 -0.3237 -0.6632
v  0.3483 -0.3483 -0.5757
v  0.3392 -0.3392 -0.6217
v  0.3508 -0.3508 -0.1687
v  0.3508 -0.3508 -0.5369
v  0.3584 -0.2395 -0.9718
v  0.3932 -0.2627 -1.0422
v  0.3151 -0.2106 -0.9089
v  0.2607 -0.1742 -0.8384
v  0.2785 -0.1861 -0.8680
v  0.2587 -0.1729 -0.7966
v  0.2749 -0.1837 -0.7631
v  0.2943 -0.1966 -0.7482
v  0.3248 -0.2170 -0.7291
v  0.3556 -0.2376 -0.6995
v  0.3806 -0.2543 -0.6631
v  0.4095 -0.2737 -0.5757
v  0.3987 -0.2664 -0.6217
v  0.4124 -0.2755 -0.1687
v  0.4124 -0.2755 -0.5369
v  0.3982 -0.1649 -0.9718
v  0.4368 -0.1809 -1.0422
v  0.3502 -0.1450 -0.9089
v  0.2897 -0.1200 -0.8384
v  0.3094 -0.1282 -0.8680
v  0.2875 -0.1191 -0.7966
v  0.3055 -0.1265 -0.7631
v  0.3270 -0.1354 -0.7482
v  0.3609 -0.1495 -0.7291
v  0.3951 -0.1637 -0.6995
v  0.4228 -0.1752 -0.6632
v  0.4227 -0.0841 -0.9718
v  0.4638 -0.0922 -1.0422
v  0.3717 -0.0739 -0.9089
v  0.3075 -0.0612 -0.8384
v  0.3285 -0.0653 -0.8680
v  0.3052 -0.0607 -0.7966
v  0.3243 -0.0645 -0.7631
v  0.3471 -0.0690 -0.7482
v  0.3832 -0.0762 -0.7291
v  0.4195 -0.0834 -0.6995
v  0.4547 -0.0454 -0.6644
v  0.4547 -0.0896 -0.6543
v  0.4547 -0.1430 -0.6288
v  0.4430 -0.1835 -0.6217
v  0.4546 -0.1677 -0.6080
v  0.4546 -0.1873 -0.5808
v  0.4547 -0.1982 -0.5370
v  0.4937 -0.0482 -0.1296
v  0.4862 -0.0979 -0.0197
v  0.4551 -0.1970 -0.0199
v  0.4731 -0.1490 -0.1503
v  0.4547 -0.1983 -0.1694
v  0.0968 -0.4864 -0.0200
v  0.1898 -0.4582 -0.0200
v  0.2755 -0.4124 -0.0200
v  0.3508 -0.3508 -0.0200
v  0.4124 -0.2755 -0.0199
v  0.4547 -0.1170 -0.6435
v  0.4865 -0.0962 -0.1370
v  0.0962 -0.4837 -0.0098
v  0.0949 -0.4774 -0.0031
v  0.1887 -0.4556 -0.0098
v  0.1863 -0.4497 -0.0031
v  0.2740 -0.4100 -0.0098
v  0.2704 -0.4047 -0.0031
v  0.3487 -0.3487 -0.0098
v  0.3442 -0.3442 -0.0032
v  0.4101 -0.2739 -0.0097
v  0.4047 -0.2703 -0.0030
v  0.4521 -0.1965 -0.0096
v  0.4458 -0.1946 -0.0030
v  0.4835 -0.0964 -0.0094
v  0.4771 -0.0941 -0.0028
v  0.0930 -0.4675 0.0000
v  0.1824 -0.4404 0.0000
v  0.2648 -0.3963 0.0000
v  0.3371 -0.3371 0.0000
v  0.3962 -0.2646 0.0000
v  0.4360 -0.1913 0.0000
v  0.4671 -0.0911 0.0000
v  0.0000 0.3132 -0.8384
v  0.0000 0.3538 -0.7482
v  0.0000 -0.4727 -1.0422
v  0.0000 -0.3305 -0.7631
v  0.4547 -0.0000 -0.6619
v  0.4547 0.0445 -0.6585
v  0.4547 0.0878 -0.6485
v  0.4547 0.1144 -0.6380
v  0.4547 0.1395 -0.6239
v  0.4546 0.1633 -0.6039
v  0.4546 0.1817 -0.5782
v  0.4547 0.1922 -0.5362
v  0.4547 0.1922 -0.1694
v  0.4693 0.1465 -0.1542
v  0.4825 0.0946 -0.1411
v  0.4895 0.0474 -0.1339
v  0.4918 -0.0000 -0.1317
v  0.4895 -0.0474 -0.1339
v  0.4825 -0.0946 -0.1411
v  0.4693 -0.1465 -0.1542
v  0.4547 -0.1922 -0.1694
v  0.4547 -0.1922 -0.5362
v  0.4546 -0.1817 -0.5782
v  0.4546 -0.1633 -0.6039
v  0.4547 -0.1395 -0.6239
v  0.4547 -0.1144 -0.6380
v  0.4547 -0.0878 -0.6485
v  0.4547 -0.0445 -0.6585
v  0.4508 0.0461 -0.6689
v  0.4508 -0.0000 -0.6724
v  0.4508 -0.0461 -0.6689
v  0.4507 -0.0909 -0.6586
v  0.4510 -0.1191 -0.6478
v  0.4515 -0.1459 -0.6330
v  0.4517 -0.1716 -0.6116
v  0.4516 -0.1921 -0.5830
v  0.4518 -0.2034 -0.5376
v  0.4520 -0.2037 -0.1652
v  0.4726 -0.1506 -0.1445
v  0.4863 -0.0974 -0.1311
v  0.4936 -0.0488 -0.1236
v  0.4959 -0.0000 -0.1214
v  0.4936 0.0488 -0.1236
v  0.4863 0.0974 -0.1311
v  0.4726 0.1506 -0.1445
v  0.4520 0.2037 -0.1652
v  0.4518 0.2034 -0.5376
v  0.4516 0.1921 -0.5830
v  0.4517 0.1716 -0.6116
v  0.4515 0.1459 -0.6330
v  0.4510 0.1191 -0.6478
v  0.4507 0.0909 -0.6586
v  0.0000 0.3907 -0.7291
v  -0.0834 0.4195 -0.6995
v  -0.0762 0.3832 -0.7291
v  0.0000 0.4578 -0.6632
v  -0.0893 0.4489 -0.6631
v  0.0000 0.4796 -0.6217
v  -0.0961 0.4830 -0.5757
v  -0.0936 0.4703 -0.6217
v  0.0000 0.4961 -0.1687
v  -0.0968 0.4864 -0.1687
v  -0.0968 0.4864 -0.5369
v  -0.0922 0.4638 -1.0422
v  -0.0841 0.4227 -0.9718
v  -0.1649 0.3982 -0.9718
v  -0.1809 0.4368 -1.0422
v  -0.0739 0.3717 -0.9089
v  -0.1450 0.3502 -0.9089
v  -0.0653 0.3285 -0.8680
v  -0.0612 0.3075 -0.8384
v  -0.1200 0.2897 -0.8384
v  -0.1282 0.3094 -0.8680
v  -0.0607 0.3052 -0.7966
v  -0.1191 0.2875 -0.7966
v  -0.0645 0.3243 -0.7631
v  -0.1265 0.3055 -0.7631
v  -0.0690 0.3471 -0.7482
v  -0.1354 0.3270 -0.7482
v  -0.1495 0.3609 -0.7291
v  -0.1637 0.3951 -0.6995
v  -0.1752 0.4229 -0.6631
v  -0.1885 0.4550 -0.5757
v  -0.1835 0.4430 -0.6217
v  -0.1898 0.4582 -0.1687
v  -0.1898 0.4582 -0.5369
v  -0.2395 0.3584 -0.9718
v  -0.2627 0.3932 -1.0422
v  -0.2106 0.3151 -0.9089
v  -0.1742 0.2607 -0.8384
v  -0.1861 0.2785 -0.8680
v  -0.1729 0.2587 -0.7966
v  -0.1837 0.2749 -0.7631
v  -0.1966 0.2943 -0.7482
v  -0.2170 0.3248 -0.7291
v  -0.2376 0.3556 -0.6995
v  -0.2543 0.3806 -0.6631
v  -0.2736 0.4095 -0.5757
v  -0.2664 0.3987 -0.6217
v  -0.2755 0.4124 -0.1687
v  -0.2755 0.4124 -0.5369
v  -0.3048 0.3048 -0.9717
v  -0.3344 0.3344 -1.0421
v  -0.2680 0.2680 -0.9089
v  -0.2218 0.2218 -0.8384
v  -0.2369 0.2369 -0.8680
v  -0.2201 0.2201 -0.7966
v  -0.2338 0.2338 -0.7631
v  -0.2503 0.2503 -0.7482
v  -0.2763 0.2763 -0.7291
v  -0.3025 0.3025 -0.6996
v  -0.3237 0.3237 -0.6632
v  -0.3483 0.3483 -0.5757
v  -0.3392 0.3392 -0.6217
v  -0.3508 0.3508 -0.1687
v  -0.3508 0.3508 -0.5369
v  -0.3584 0.2395 -0.9718
v  -0.3932 0.2627 -1.0422
v  -0.3151 0.2106 -0.9089
v  -0.2607 0.1742 -0.8384
v  -0.2785 0.1861 -0.8680
v  -0.2587 0.1729 -0.7966
v  -0.2749 0.1837 -0.7631
v  -0.2943 0.1966 -0.7482
v  -0.3248 0.2170 -0.7291
v  -0.3556 0.2376 -0.6995
v  -0.3806 0.2543 -0.6631
v  -0.4095 0.2737 -0.5757
v  -0.3987 0.2664 -0.6217
v  -0.4124 0.2755 -0.1687
v  -0.4124 0.2755 -0.5369
v  -0.3982 0.1649 -0.9718
v  -0.4368 0.1809 -1.0422
v  -0.3502 0.1450 -0.9089
v  -0.2897 0.1200 -0.8384
v  -0.3094 0.1282 -0.8680
v  -0.2875 0.1191 -0.7966
v  -0.3055 0.1265 -0.7631
v  -0.3270 0.1354 -0.7482
v  -0.3609 0.1495 -0.7291
v  -0.3951 0.1637 -0.6995
v  -0.4228 0.1752 -0.6632
v  -0.4227 0.0841 -0.9718
v  -0.4638 0.0922 -1.0422
v  -0.3717 0.0739 -0.9089
v  -0.3075 0.0612 -0.8384
v  -0.3285 0.0653 -0.8680
v  -0.3052 0.0607 -0.7966
v  -0.3243 0.0645 -0.7631
v  -0.3471 0.0690 -0.7482
v  -0.3832 0.0762 -0.7291
v  -0.4195 0.0834 -0.6995
v  -0.4309 -0.0000 -0.9717
v  -0.4727 -0.0000 -1.0422
v  -0.3788 -0.0000 -0.9089
v  -0.3132 -0.0000 -0.8384
v  -0.3346 -0.0000 -0.8680
v  -0.3108 -0.0000 -0.7966
v  -0.3305 -0.0000 -0.7631
v  -0.3538 -0.0000 -0.7482
v  -0.3907 -0.0000 -0.7291
v  -0.4278 -0.0000 -0.6996
v  -0.4508 -0.0000 -0.6724
v  -0.4508 0.0461 -0.6689
v  -0.4507 0.0909 -0.6586
v  -0.4515 0.1459 -0.6330
v  -0.4430 0.1835 -0.6217
v  -0.4517 0.1716 -0.6116
v  -0.4516 0.1921 -0.5830
v  -0.4518 0.2034 -0.5376
v  -0.4959 -0.0000 -0.1214
v  -0.4936 0.0488 -0.1236
v  -0.4862 0.0979 -0.0197
v  -0.4961 -0.0000 -0.0200
v  -0.4551 0.1970 -0.0199
v  -0.4726 0.1506 -0.1445
v  -0.4520 0.2037 -0.1652
v  0.0000 0.4961 -0.0200
v  -0.0968 0.4864 -0.0200
v  -0.1898 0.4582 -0.0200
v  -0.2755 0.4124 -0.0200
v  -0.3508 0.3508 -0.0200
v  -0.4124 0.2755 -0.0199
v  -0.4547 -0.0000 -0.5368
v  -0.4547 0.1922 -0.5362
v  -0.4547 0.1922 -0.1694
v  -0.4548 -0.0000 -0.1692
v  -0.4547 -0.0000 -0.5749
v  -0.4546 0.1817 -0.5782
v  -0.4547 0.1395 -0.6239
v  -0.4546 0.1633 -0.6039
v  -0.4547 0.0445 -0.6585
v  -0.4547 0.0878 -0.6485
v  -0.4547 0.1144 -0.6380
v  -0.4547 -0.0000 -0.6619
v  -0.4510 0.1191 -0.6478
v  0.0000 0.3788 -0.9089
v  -0.4863 0.0974 -0.1311
v  -0.0962 0.4837 -0.0098
v  0.0000 0.4867 -0.0031
v  -0.0949 0.4774 -0.0031
v  -0.1887 0.4556 -0.0098
v  -0.1863 0.4497 -0.0031
v  -0.2740 0.4100 -0.0098
v  -0.2704 0.4047 -0.0031
v  -0.3487 0.3487 -0.0098
v  -0.3442 0.3442 -0.0032
v  -0.4101 0.2739 -0.0097
v  -0.4047 0.2703 -0.0030
v  -0.4521 0.1965 -0.0096
v  -0.4458 0.1946 -0.0030
v  -0.4835 0.0964 -0.0094
v  -0.4771 0.0941 -0.0028
v  -0.4932 -0.0000 -0.0098
v  0.0000 0.4766 0.0000
v  -0.0930 0.4675 0.0000
v  -0.1824 0.4404 0.0000
v  -0.2648 0.3963 0.0000
v  -0.3371 0.3371 0.0000
v  -0.3962 0.2646 0.0000
v  -0.4360 0.1913 0.0000
v  -0.4671 0.0911 0.0000
v  -0.4918 -0.0000 -0.1317
v  -0.4895 0.0474 -0.1339
v  -0.4867 -0.0000 -0.0031
v  -0.4766 -0.0000 0.0000
v  -0.0762 -0.3832 -0.7291
v  -0.0834 -0.4195 -0.6995
v  0.0000 -0.4278 -0.6996
v  -0.0893 -0.4489 -0.6631
v  -0.0936 -0.4703 -0.6217
v  -0.0961 -0.4830 -0.5757
v  -0.0968 -0.4864 -0.5369
v  -0.0968 -0.4864 -0.1687
v  -0.0922 -0.4638 -1.0422
v  -0.1809 -0.4368 -1.0422
v  -0.1649 -0.3982 -0.9718
v  -0.0841 -0.4227 -0.9718
v  -0.1450 -0.3502 -0.9089
v  -0.0739 -0.3717 -0.9089
v  -0.0653 -0.3285 -0.8680
v  -0.1282 -0.3094 -0.8680
v  -0.1200 -0.2897 -0.8384
v  -0.0612 -0.3075 -0.8384
v  -0.1191 -0.2875 -0.7966
v  -0.0607 -0.3052 -0.7966
v  -0.1265 -0.3055 -0.7631
v  -0.0645 -0.3243 -0.7631
v  -0.1354 -0.3270 -0.7482
v  -0.0690 -0.3471 -0.7482
v  -0.1495 -0.3609 -0.7291
v  -0.1637 -0.3951 -0.6995
v  -0.1752 -0.4229 -0.6631
v  -0.1835 -0.4430 -0.6217
v  -0.1885 -0.4550 -0.5757
v  -0.1898 -0.4582 -0.5369
v  -0.1898 -0.4582 -0.1687
v  -0.2627 -0.3932 -1.0422
v  -0.2395 -0.3584 -0.9718
v  -0.2106 -0.3151 -0.9089
v  -0.1861 -0.2785 -0.8680
v  -0.1742 -0.2607 -0.8384
v  -0.1729 -0.2587 -0.7966
v  -0.1837 -0.2749 -0.7631
v  -0.1966 -0.2943 -0.7482
v  -0.2170 -0.3248 -0.7291
v  -0.2376 -0.3556 -0.6995
v  -0.2543 -0.3806 -0.6631
v  -0.2664 -0.3987 -0.6217
v  -0.2736 -0.4095 -0.5757
v  -0.2755 -0.4124 -0.5369
v  -0.2755 -0.4124 -0.1687
v  -0.3344 -0.3344 -1.0421
v  -0.3048 -0.3048 -0.9717
v  -0.2680 -0.2680 -0.9089
v  -0.2369 -0.2369 -0.8680
v  -0.2218 -0.2218 -0.8384
v  -0.2201 -0.2201 -0.7966
v  -0.2338 -0.2338 -0.7631
v  -0.2503 -0.2503 -0.7482
v  -0.2763 -0.2763 -0.7291
v  -0.3025 -0.3025 -0.6996
v  -0.3237 -0.3237 -0.6632
v  -0.3392 -0.3392 -0.6217
v  -0.3483 -0.3483 -0.5757
v  -0.3508 -0.3508 -0.5369
v  -0.3508 -0.3508 -0.1687
v  -0.3932 -0.2627 -1.0422
v  -0.3584 -0.2395 -0.9718
v  -0.3151 -0.2106 -0.9089
v  -0.2785 -0.1861 -0.8680
v  -0.2607 -0.1742 -0.8384
v  -0.2587 -0.1729 -0.7966
v  -0.2749 -0.1837 -0.7631
v  -0.2943 -0.1966 -0.7482
v  -0.3248 -0.2170 -0.7291
v  -0.3556 -0.2376 -0.6995
v  -0.3806 -0.2543 -0.6631
v  -0.3987 -0.2664 -0.6217
v  -0.4095 -0.2737 -0.5757
v  -0.4124 -0.2755 -0.5369
v  -0.4124 -0.2755 -0.1687
v  -0.4368 -0.1809 -1.0422
v  -0.3982 -0.1649 -0.9718
v  -0.3502 -0.1450 -0.9089
v  -0.3094 -0.1282 -0.8680
v  -0.2897 -0.1200 -0.8384
v  -0.2875 -0.1191 -0.7966
v  -0.3055 -0.1265 -0.7631
v  -0.3270 -0.1354 -0.7482
v  -0.3609 -0.1495 -0.7291
v  -0.3951 -0.1637 -0.6995
v  -0.4228 -0.1752 -0.6632
v  -0.4638 -0.0922 -1.0422
v  -0.4227 -0.0841 -0.9718
v  -0.3717 -0.0739 -0.9089
v  -0.3285 -0.0653 -0.8680
v  -0.3075 -0.0612 -0.8384
v  -0.3052 -0.0607 -0.7966
v  -0.3243 -0.0645 -0.7631
v  -0.3471 -0.0690 -0.7482
v  -0.3832 -0.0762 -0.7291
v  -0.4195 -0.0834 -0.6995
v  -0.4508 -0.0461 -0.6689
v  -0.4507 -0.0909 -0.6586
v  -0.4515 -0.1459 -0.6330
v  -0.4517 -0.1716 -0.6116
v  -0.4430 -0.1835 -0.6217
v  -0.4516 -0.1921 -0.5830
v  -0.4518 -0.2034 -0.5376
v  -0.4862 -0.0979 -0.0197
v  -0.4936 -0.0488 -0.1236
v  -0.4520 -0.2037 -0.1652
v  -0.4726 -0.1506 -0.1445
v  -0.4551 -0.1970 -0.0199
v  -0.0968 -0.4864 -0.0200
v  -0.1898 -0.4582 -0.0200
v  -0.2755 -0.4124 -0.0200
v  -0.3508 -0.3508 -0.0200
v  -0.4124 -0.2755 -0.0199
v  -0.4547 -0.1922 -0.1694
v  -0.4547 -0.1922 -0.5362
v  -0.4546 -0.1817 -0.5782
v  -0.4546 -0.1633 -0.6039
v  -0.4547 -0.1395 -0.6239
v  -0.4547 -0.0878 -0.6485
v  -0.4547 -0.0445 -0.6585
v  -0.4547 -0.1144 -0.6380
v  -0.4510 -0.1191 -0.6478
v  0.0000 -0.3346 -0.8680
v  -0.4863 -0.0974 -0.1311
v  -0.0962 -0.4837 -0.0098
v  -0.0949 -0.4774 -0.0031
v  0.0000 -0.4867 -0.0031
v  -0.1887 -0.4556 -0.0098
v  -0.1863 -0.4497 -0.0031
v  -0.2740 -0.4100 -0.0098
v  -0.2704 -0.4047 -0.0031
v  -0.3487 -0.3487 -0.0098
v  -0.3442 -0.3442 -0.0032
v  -0.4101 -0.2739 -0.0097
v  -0.4047 -0.2703 -0.0030
v  -0.4521 -0.1965 -0.0096
v  -0.4458 -0.1946 -0.0030
v  -0.4835 -0.0964 -0.0094
v  -0.4771 -0.0941 -0.0028
v  -0.0930 -0.4675 0.0000
v  0.0000 -0.4766 0.0000
v  -0.1824 -0.4404 0.0000
v  -0.2648 -0.3963 0.0000
v  -0.3371 -0.3371 0.0000
v  -0.3962 -0.2646 0.0000
v  -0.4360 -0.1913 0.0000
v  -0.4671 -0.0911 0.0000
v  -0.4895 -0.0474 -0.1339
v  0.0000 0.4727 -1.0422
v  0.0000 0.4309 -0.9717
v  0.0000 0.3108 -0.7966
v  0.0000 0.3305 -0.7631
v  0.0000 -0.4309 -0.9717
v  0.0000 -0.3132 -0.8384
v  0.0000 -0.3108 -0.7966
v  0.0000 -0.3538 -0.7482
v  -0.4825 0.0946 -0.1411
v  -0.4693 0.1465 -0.1542
v  -0.4825 -0.0946 -0.1411
v  -0.4693 -0.1465 -0.1542
v  -0.4547 -0.0000 -0.6679
v  -0.4547 0.0454 -0.6644
v  -0.4547 0.0896 -0.6543
v  -0.4547 0.1170 -0.6435
v  -0.4547 0.1430 -0.6288
v  -0.4546 0.1677 -0.6080
v  -0.4546 0.1873 -0.5808
v  -0.4547 0.1982 -0.5370
v  -0.4547 0.1983 -0.1694
v  -0.4731 0.1490 -0.1503
v  -0.4865 0.0962 -0.1370
v  -0.4937 0.0482 -0.1296
v  -0.4961 -0.0000 -0.1274
v  -0.4937 -0.0482 -0.1296
v  -0.4865 -0.0962 -0.1370
v  -0.4731 -0.1490 -0.1503
v  -0.4547 -0.1983 -0.1694
v  -0.4547 -0.1982 -0.5370
v  -0.4546 -0.1873 -0.5808
v  -0.4546 -0.1677 -0.6080
v  -0.4547 -0.1430 -0.6288
v  -0.4547 -0.1170 -0.6435
v  -0.4547 -0.0896 -0.6543
v  -0.4547 -0.0454 -0.6644
v  0.0000 -0.0000 -0.1804
v  0.0000 0.4353 0.0000
v  0.0000 0.4311 -0.0042
v  0.0000 0.4413 0.0000
v  0.0849 0.4271 0.0000
v  0.0861 0.4330 0.0000
v  0.0841 0.4229 -0.0042
v  0.1666 0.4023 0.0000
v  0.1689 0.4078 0.0000
v  0.1650 0.3983 -0.0042
v  0.2419 0.3620 0.0000
v  0.2452 0.3670 0.0000
v  0.2395 0.3585 -0.0042
v  0.3079 0.3079 0.0000
v  0.3122 0.3122 0.0000
v  0.3049 0.3049 -0.0042
v  0.3619 0.2417 0.0000
v  0.3669 0.2450 0.0000
v  0.3584 0.2393 -0.0042
v  0.3983 0.1748 0.0000
v  0.4038 0.1772 0.0000
v  0.3944 0.1730 -0.0042
v  0.4267 0.0832 0.0000
v  0.4326 0.0843 0.0000
v  0.4225 0.0824 -0.0042
v  0.4353 -0.0000 0.0000
v  0.4413 -0.0000 0.0000
v  0.4311 -0.0000 -0.0042
v  0.0849 -0.4271 0.0000
v  0.0841 -0.4229 -0.0042
v  0.0861 -0.4330 0.0000
v  0.0000 -0.4353 0.0000
v  0.0000 -0.4413 0.0000
v  0.0000 -0.4311 -0.0042
v  0.1666 -0.4023 0.0000
v  0.1650 -0.3983 -0.0042
v  0.1689 -0.4078 0.0000
v  0.2419 -0.3620 0.0000
v  0.2395 -0.3585 -0.0042
v  0.2452 -0.3670 0.0000
v  0.3079 -0.3079 0.0000
v  0.3049 -0.3049 -0.0042
v  0.3122 -0.3122 0.0000
v  0.3619 -0.2417 0.0000
v  0.3584 -0.2393 -0.0042
v  0.3669 -0.2450 0.0000
v  0.3983 -0.1748 0.0000
v  0.3944 -0.1730 -0.0042
v  0.4038 -0.1772 0.0000
v  0.4267 -0.0832 0.0000
v  0.4225 -0.0824 -0.0042
v  0.4326 -0.0843 0.0000
v  -0.0849 0.4271 0.0000
v  -0.0841 0.4229 -0.0042
v  -0.0861 0.4330 0.0000
v  -0.1666 0.4023 0.0000
v  -0.1650 0.3983 -0.0042
v  -0.1689 0.4078 0.0000
v  -0.2419 0.3620 0.0000
v  -0.2395 0.3585 -0.0042
v  -0.2452 0.3670 0.0000
v  -0.3079 0.3079 0.0000
v  -0.3049 0.3049 -0.0042
v  -0.3122 0.3122 0.0000
v  -0.3619 0.2417 0.0000
v  -0.3584 0.2393 -0.0042
v  -0.3669 0.2450 0.0000
v  -0.3983 0.1748 0.0000
v  -0.3944 0.1730 -0.0042
v  -0.4038 0.1772 0.0000
v  -0.4267 0.0832 0.0000
v  -0.4225 0.0824 -0.0042
v  -0.4326 0.0843 0.0000
v  -0.4353 -0.0000 0.0000
v  -0.4311 -0.0000 -0.0042
v  -0.4413 -0.0000 0.0000
v  -0.0849 -0.4271 0.0000
v  -0.0861 -0.4330 0.0000
v  -0.0841 -0.4229 -0.0042
v  -0.1666 -0.4023 0.0000
v  -0.1689 -0.4078 0.0000
v  -0.1650 -0.3983 -0.0042
v  -0.2419 -0.3620 0.0000
v  -0.2452 -0.3670 0.0000
v  -0.2395 -0.3585 -0.0042
v  -0.3079 -0.3079 0.0000
v  -0.3122 -0.3122 0.0000
v  -0.3049 -0.3049 -0.0042
v  -0.3619 -0.2417 0.0000
v  -0.3669 -0.2450 0.0000
v  -0.3584 -0.2393 -0.0042
v  -0.3983 -0.1748 0.0000
v  -0.4038 -0.1772 0.0000
v  -0.3944 -0.1730 -0.0042
v  -0.4267 -0.0832 0.0000
v  -0.4326 -0.0843 0.0000
v  -0.4225 -0.0824 -0.0042
v  0.0000 0.3799 -0.0551
v  0.0000 0.3799 -0.0611
v  0.0000 0.3841 -0.0508
v  0.0741 0.3727 -0.0551
v  0.0749 0.3768 -0.0508
v  0.0741 0.3727 -0.0611
v  0.1454 0.3510 -0.0551
v  0.1470 0.3550 -0.0508
v  0.1454 0.3510 -0.0611
v  0.2111 0.3159 -0.0551
v  0.2135 0.3195 -0.0508
v  0.2111 0.3159 -0.0611
v  0.2687 0.2687 -0.0551
v  0.2717 0.2717 -0.0508
v  0.2687 0.2687 -0.0611
v  0.3158 0.2109 -0.0551
v  0.3194 0.2133 -0.0508
v  0.3158 0.2109 -0.0611
v  0.3475 0.1525 -0.0551
v  0.3514 0.1542 -0.0508
v  0.3475 0.1525 -0.0611
v  0.3723 0.0726 -0.0550
v  0.3765 0.0734 -0.0508
v  0.3723 0.0726 -0.0610
v  0.3799 -0.0000 -0.0551
v  0.3841 -0.0000 -0.0508
v  0.3799 -0.0000 -0.0611
v  0.0741 -0.3727 -0.0551
v  0.0741 -0.3727 -0.0611
v  0.0749 -0.3768 -0.0508
v  0.0000 -0.3799 -0.0551
v  0.0000 -0.3841 -0.0508
v  0.0000 -0.3799 -0.0611
v  0.1454 -0.3510 -0.0551
v  0.1454 -0.3510 -0.0611
v  0.1470 -0.3550 -0.0508
v  0.2111 -0.3159 -0.0551
v  0.2111 -0.3159 -0.0611
v  0.2135 -0.3195 -0.0508
v  0.2687 -0.2687 -0.0551
v  0.2687 -0.2687 -0.0611
v  0.2717 -0.2717 -0.0508
v  0.3158 -0.2109 -0.0551
v  0.3158 -0.2109 -0.0611
v  0.3194 -0.2133 -0.0508
v  0.3475 -0.1525 -0.0551
v  0.3475 -0.1525 -0.0611
v  0.3514 -0.1542 -0.0508
v  0.3723 -0.0726 -0.0550
v  0.3723 -0.0726 -0.0610
v  0.3765 -0.0734 -0.0508
v  -0.0741 0.3727 -0.0551
v  -0.0741 0.3727 -0.0611
v  -0.0749 0.3768 -0.0508
v  -0.1454 0.3510 -0.0551
v  -0.1454 0.3510 -0.0611
v  -0.1470 0.3550 -0.0508
v  -0.2111 0.3159 -0.0551
v  -0.2111 0.3159 -0.0611
v  -0.2135 0.3195 -0.0508
v  -0.2687 0.2687 -0.0551
v  -0.2687 0.2687 -0.0611
v  -0.2717 0.2717 -0.0508
v  -0.3158 0.2109 -0.0551
v  -0.3158 0.2109 -0.0611
v  -0.3194 0.2133 -0.0508
v  -0.3475 0.1525 -0.0551
v  -0.3475 0.1525 -0.0611
v  -0.3514 0.1542 -0.0508
v  -0.3723 0.0726 -0.0550
v  -0.3723 0.0726 -0.0610
v  -0.3765 0.0734 -0.0508
v  -0.3799 -0.0000 -0.0551
v  -0.3799 -0.0000 -0.0611
v  -0.3841 -0.0000 -0.0508
v  -0.0741 -0.3727 -0.0551
v  -0.0749 -0.3768 -0.0508
v  -0.0741 -0.3727 -0.0611
v  -0.1454 -0.3510 -0.0551
v  -0.1470 -0.3550 -0.0508
v  -0.1454 -0.3510 -0.0611
v  -0.2111 -0.3159 -0.0551
v  -0.2135 -0.3195 -0.0508
v  -0.2111 -0.3159 -0.0611
v  -0.2687 -0.2687 -0.0551
v  -0.2717 -0.2717 -0.0508
v  -0.2687 -0.2687 -0.0611
v  -0.3158 -0.2109 -0.0551
v  -0.3194 -0.2133 -0.0508
v  -0.3158 -0.2109 -0.0611
v  -0.3475 -0.1525 -0.0551
v  -0.3514 -0.1542 -0.0508
v  -0.3475 -0.1525 -0.0611
v  -0.3723 -0.0726 -0.0550
v  -0.3765 -0.0734 -0.0508
v  -0.3723 -0.0726 -0.0610
v  0.0000 0.3799 -0.1804
v  0.0000 0.3739 -0.1804
v  0.0000 0.3799 -0.1744
v  0.0741 0.3727 -0.1804
v  0.0741 0.3727 -0.1744
v  0.0729 0.3668 -0.1804
v  0.1454 0.3510 -0.1804
v  0.1454 0.3510 -0.1744
v  0.1431 0.3455 -0.1804
v  0.2111 0.3159 -0.1804
v  0.2111 0.3159 -0.1744
v  0.2078 0.3109 -0.1804
v  0.2687 0.2687 -0.1804
v  0.2687 0.2687 -0.1744
v  0.2645 0.2645 -0.1804
v  0.3158 0.2109 -0.1803
v  0.3158 0.2109 -0.1743
v  0.3108 0.2076 -0.1803
v  0.3475 0.1525 -0.1803
v  0.3475 0.1525 -0.1743
v  0.3420 0.1501 -0.1803
v  0.3723 0.0726 -0.1803
v  0.3723 0.0726 -0.1743
v  0.3665 0.0714 -0.1803
v  0.3799 -0.0000 -0.1804
v  0.3799 -0.0000 -0.1744
v  0.3739 -0.0000 -0.1804
v  0.0741 -0.3727 -0.1804
v  0.0729 -0.3668 -0.1804
v  0.0741 -0.3727 -0.1744
v  0.0000 -0.3799 -0.1804
v  0.0000 -0.3799 -0.1744
v  0.0000 -0.3739 -0.1804
v  0.1454 -0.3510 -0.1804
v  0.1431 -0.3455 -0.1804
v  0.1454 -0.3510 -0.1744
v  0.2111 -0.3159 -0.1804
v  0.2078 -0.3109 -0.1804
v  0.2111 -0.3159 -0.1744
v  0.2687 -0.2687 -0.1804
v  0.2645 -0.2645 -0.1804
v  0.2687 -0.2687 -0.1744
v  0.3158 -0.2109 -0.1803
v  0.3108 -0.2076 -0.1803
v  0.3158 -0.2109 -0.1743
v  0.3475 -0.1525 -0.1803
v  0.3420 -0.1501 -0.1803
v  0.3475 -0.1525 -0.1743
v  0.3723 -0.0726 -0.1803
v  0.3665 -0.0714 -0.1803
v  0.3723 -0.0726 -0.1743
v  -0.0741 0.3727 -0.1804
v  -0.0729 0.3668 -0.1804
v  -0.0741 0.3727 -0.1744
v  -0.1454 0.3510 -0.1804
v  -0.1431 0.3455 -0.1804
v  -0.1454 0.3510 -0.1744
v  -0.2111 0.3159 -0.1804
v  -0.2078 0.3109 -0.1804
v  -0.2111 0.3159 -0.1744
v  -0.2687 0.2687 -0.1804
v  -0.2645 0.2645 -0.1804
v  -0.2687 0.2687 -0.1744
v  -0.3158 0.2109 -0.1803
v  -0.3108 0.2076 -0.1803
v  -0.3158 0.2109 -0.1743
v  -0.3475 0.1525 -0.1803
v  -0.3420 0.1501 -0.1803
v  -0.3475 0.1525 -0.1743
v  -0.3723 0.0726 -0.1803
v  -0.3665 0.0714 -0.1803
v  -0.3723 0.0726 -0.1743
v  -0.3799 -0.0000 -0.1804
v  -0.3739 -0.0000 -0.1804
v  -0.3799 -0.0000 -0.1744
v  -0.0741 -0.3727 -0.1804
v  -0.0741 -0.3727 -0.1744
v  -0.0729 -0.3668 -0.1804
v  -0.1454 -0.3510 -0.1804
v  -0.1454 -0.3510 -0.1744
v  -0.1431 -0.3455 -0.1804
v  -0.2111 -0.3159 -0.1804
v  -0.2111 -0.3159 -0.1744
v  -0.2078 -0.3109 -0.1804
v  -0.2687 -0.2687 -0.1804
v  -0.2687 -0.2687 -0.1744
v  -0.2645 -0.2645 -0.1804
v  -0.3158 -0.2109 -0.1803
v  -0.3158 -0.2109 -0.1743
v  -0.3108 -0.2076 -0.1803
v  -0.3475 -0.1525 -0.1803
v  -0.3475 -0.1525 -0.1743
v  -0.3420 -0.1501 -0.1803
v  -0.3723 -0.0726 -0.1803
v  -0.3723 -0.0726 -0.1743
v  -0.3665 -0.0714 -0.1803
v  -0.0394 -0.4777 -0.9903
v  -0.0394 -0.4834 -0.9892
v  -0.0394 -0.4892 -0.9903
v  -0.0393 -0.4940 -0.9936
v  -0.0391 -0.4973 -0.9984
v  -0.0389 -0.4985 -1.0042
v  -0.0910 -0.4917 -1.0042
v  -0.1840 -0.4649 -1.0042
v  -0.2736 -0.4185 -1.0042
v  -0.3536 -0.3536 -1.0042
v  -0.4185 -0.2736 -1.0042
v  -0.4649 -0.1840 -1.0042
v  -0.4917 -0.0910 -1.0042
v  -0.5000 -0.0000 -1.0042
v  -0.4917 0.0910 -1.0042
v  -0.4649 0.1840 -1.0042
v  -0.4185 0.2736 -1.0042
v  -0.3536 0.3536 -1.0042
v  -0.0855 0.4622 -1.0042
v  0.0000 0.4700 -1.0042
v  -0.0391 -0.4695 -0.9984
v  -0.0389 -0.4684 -1.0042
v  -0.0393 -0.4728 -0.9936
v  -0.0855 -0.4622 -1.0042
v  -0.1730 -0.4370 -1.0042
v  -0.2572 -0.3934 -1.0042
v  -0.3323 -0.3323 -1.0042
v  -0.3934 -0.2572 -1.0042
v  -0.4370 -0.1730 -1.0042
v  -0.4622 -0.0855 -1.0042
v  -0.4700 -0.0000 -1.0042
v  -0.4622 0.0855 -1.0042
v  -0.4370 0.1730 -1.0042
v  -0.3934 0.2572 -1.0042
v  -0.3323 0.3323 -1.0042
v  -0.2572 0.3934 -1.0042
v  -0.1730 0.4370 -1.0042
v  0.0000 0.4744 -0.9936
v  0.0000 0.4795 -0.9902
v  0.0000 0.4905 -0.9902
v  0.0000 0.4956 -0.9936
v  0.0000 0.4989 -0.9987
v  -0.0910 0.4917 -1.0042
v  -0.1840 0.4649 -1.0042
v  -0.2736 0.4185 -1.0042
v  -0.2730 0.4176 -0.9987
v  -0.3528 0.3528 -0.9987
v  -0.0872 -0.4715 -0.9902
v  -0.0863 -0.4665 -0.9936
v  -0.0883 -0.4769 -0.9892
v  -0.0893 -0.4823 -0.9902
v  -0.0902 -0.4873 -0.9936
v  -0.0908 -0.4906 -0.9987
v  -0.1837 -0.4639 -0.9987
v  -0.2730 -0.4176 -0.9987
v  -0.3528 -0.3528 -0.9987
v  -0.4176 -0.2730 -0.9987
v  -0.4639 -0.1837 -0.9987
v  -0.4906 -0.0908 -0.9987
v  -0.4989 -0.0000 -0.9987
v  -0.4906 0.0908 -0.9987
v  -0.4639 0.1837 -0.9987
v  -0.4176 0.2730 -0.9987
v  -0.0857 -0.4632 -0.9987
v  -0.1734 -0.4380 -0.9987
v  -0.2578 -0.3943 -0.9987
v  -0.3331 -0.3331 -0.9987
v  -0.3943 -0.2578 -0.9987
v  -0.4380 -0.1734 -0.9987
v  -0.4632 -0.0857 -0.9987
v  -0.4711 -0.0000 -0.9987
v  -0.4632 0.0857 -0.9987
v  -0.4380 0.1734 -0.9987
v  -0.3943 0.2578 -0.9987
v  -0.3331 0.3331 -0.9987
v  -0.2578 0.3943 -0.9987
v  -0.1734 0.4380 -0.9987
v  -0.0857 0.4632 -0.9987
v  -0.0863 0.4665 -0.9936
v  -0.0872 0.4715 -0.9902
v  -0.0883 0.4769 -0.9892
v  -0.0893 0.4823 -0.9902
v  -0.0902 0.4873 -0.9936
v  -0.0908 0.4906 -0.9987
v  -0.1837 0.4639 -0.9987
v  -0.1824 -0.4608 -0.9936
v  -0.1806 -0.4561 -0.9902
v  -0.1785 -0.4509 -0.9892
v  -0.1765 -0.4458 -0.9902
v  -0.1746 -0.4411 -0.9936
v  -0.2712 -0.4148 -0.9936
v  -0.2684 -0.4106 -0.9902
v  -0.2654 -0.4059 -0.9892
v  -0.2624 -0.4013 -0.9902
v  -0.2596 -0.3971 -0.9936
v  -0.3504 -0.3504 -0.9936
v  -0.3469 -0.3469 -0.9902
v  -0.3429 -0.3429 -0.9892
v  -0.3390 -0.3390 -0.9902
v  -0.3354 -0.3354 -0.9936
v  -0.4148 -0.2712 -0.9936
v  -0.4106 -0.2684 -0.9902
v  -0.4059 -0.2654 -0.9892
v  -0.4013 -0.2624 -0.9902
v  -0.3971 -0.2596 -0.9936
v  -0.4608 -0.1824 -0.9936
v  -0.4561 -0.1806 -0.9902
v  -0.4509 -0.1785 -0.9892
v  -0.4458 -0.1765 -0.9902
v  -0.4411 -0.1746 -0.9936
v  -0.4873 -0.0902 -0.9936
v  -0.4823 -0.0893 -0.9902
v  -0.4769 -0.0883 -0.9892
v  -0.4715 -0.0872 -0.9902
v  -0.4665 -0.0863 -0.9936
v  -0.4956 -0.0000 -0.9936
v  -0.4905 -0.0000 -0.9902
v  -0.4850 -0.0000 -0.9892
v  -0.4795 -0.0000 -0.9902
v  -0.4744 -0.0000 -0.9936
v  -0.4873 0.0902 -0.9936
v  -0.4823 0.0893 -0.9902
v  -0.4769 0.0883 -0.9892
v  -0.4715 0.0872 -0.9902
v  -0.4665 0.0863 -0.9936
v  -0.4608 0.1824 -0.9936
v  -0.4561 0.1806 -0.9902
v  -0.4509 0.1785 -0.9892
v  -0.4458 0.1765 -0.9902
v  -0.4411 0.1746 -0.9936
v  -0.4148 0.2712 -0.9936
v  -0.4106 0.2684 -0.9902
v  -0.4059 0.2654 -0.9892
v  -0.4013 0.2624 -0.9902
v  -0.3971 0.2596 -0.9936
v  -0.3504 0.3504 -0.9936
v  -0.3469 0.3468 -0.9902
v  -0.3429 0.3429 -0.9892
v  -0.3390 0.3390 -0.9902
v  -0.3354 0.3354 -0.9936
v  -0.2712 0.4148 -0.9936
v  -0.2684 0.4106 -0.9902
v  -0.2654 0.4059 -0.9892
v  -0.2624 0.4013 -0.9902
v  -0.2596 0.3971 -0.9936
v  -0.1824 0.4608 -0.9936
v  -0.1806 0.4561 -0.9902
v  -0.1785 0.4509 -0.9892
v  -0.1765 0.4458 -0.9902
v  -0.1746 0.4411 -0.9936
v  0.0391 -0.4695 -0.9984
v  0.0389 -0.4684 -1.0042
v  0.0855 -0.4622 -1.0042
v  0.1730 -0.4370 -1.0042
v  0.2572 -0.3934 -1.0042
v  0.3323 -0.3323 -1.0042
v  0.3934 -0.2572 -1.0042
v  0.4370 -0.1730 -1.0042
v  0.4622 -0.0855 -1.0042
v  0.4700 -0.0000 -1.0042
v  0.0000 0.4711 -0.9987
v  0.0910 0.4917 -1.0042
v  0.0000 0.5000 -1.0042
v  0.0391 -0.4973 -0.9984
v  0.0389 -0.4985 -1.0042
v  0.0393 -0.4728 -0.9936
v  0.0394 -0.4777 -0.9903
v  0.0394 -0.4834 -0.9892
v  0.0394 -0.4892 -0.9903
v  0.0393 -0.4940 -0.9936
v  0.0910 -0.4917 -1.0042
v  0.1840 -0.4649 -1.0042
v  0.2736 -0.4185 -1.0042
v  0.3536 -0.3536 -1.0042
v  0.4185 -0.2736 -1.0042
v  0.4649 -0.1840 -1.0042
v  0.4917 -0.0910 -1.0042
v  0.5000 -0.0000 -1.0042
v  0.4917 0.0910 -1.0042
v  0.4649 0.1840 -1.0042
v  0.4185 0.2736 -1.0042
v  0.3536 0.3536 -1.0042
v  0.2736 0.4185 -1.0042
v  0.1840 0.4649 -1.0042
v  0.0000 0.4850 -0.9892
v  0.0855 0.4622 -1.0042
v  0.1730 0.4370 -1.0042
v  0.2572 0.3934 -1.0042
v  0.3323 0.3323 -1.0042
v  0.3934 0.2572 -1.0042
v  0.4370 0.1730 -1.0042
v  0.4622 0.0855 -1.0042
v  0.4632 0.0857 -0.9987
v  0.4711 -0.0000 -0.9987
v  0.0863 -0.4665 -0.9936
v  0.0857 -0.4632 -0.9987
v  0.1734 -0.4380 -0.9987
v  0.2578 -0.3943 -0.9987
v  0.3331 -0.3331 -0.9987
v  0.3943 -0.2578 -0.9987
v  0.4380 -0.1734 -0.9987
v  0.4632 -0.0857 -0.9987
v  0.0872 -0.4715 -0.9902
v  0.0883 -0.4769 -0.9892
v  0.0893 -0.4823 -0.9902
v  0.0902 -0.4873 -0.9936
v  0.0908 -0.4906 -0.9987
v  0.1837 -0.4639 -0.9987
v  0.2730 -0.4176 -0.9987
v  0.3528 -0.3528 -0.9987
v  0.4176 -0.2730 -0.9987
v  0.4639 -0.1837 -0.9987
v  0.4906 -0.0908 -0.9987
v  0.4989 -0.0000 -0.9987
v  0.4906 0.0908 -0.9987
v  0.4639 0.1837 -0.9987
v  0.4176 0.2730 -0.9987
v  0.3528 0.3528 -0.9987
v  0.2730 0.4176 -0.9987
v  0.1837 0.4639 -0.9987
v  0.0908 0.4906 -0.9987
v  0.0902 0.4873 -0.9936
v  0.0893 0.4823 -0.9902
v  0.0883 0.4769 -0.9892
v  0.0872 0.4715 -0.9902
v  0.0863 0.4665 -0.9936
v  0.0857 0.4632 -0.9987
v  0.1734 0.4380 -0.9987
v  0.2578 0.3943 -0.9987
v  0.3331 0.3331 -0.9987
v  0.3943 0.2578 -0.9987
v  0.4380 0.1734 -0.9987
v  0.1824 0.4608 -0.9936
v  0.1806 0.4561 -0.9902
v  0.1785 0.4509 -0.9892
v  0.1765 0.4458 -0.9902
v  0.1746 0.4411 -0.9936
v  0.2712 0.4148 -0.9936
v  0.2684 0.4106 -0.9902
v  0.2654 0.4059 -0.9892
v  0.2624 0.4013 -0.9902
v  0.2596 0.3971 -0.9936
v  0.3504 0.3504 -0.9936
v  0.3466 0.3466 -0.9900
v  0.3429 0.3429 -0.9892
v  0.3395 0.3395 -0.9897
v  0.3354 0.3354 -0.9936
v  0.4148 0.2712 -0.9936
v  0.4106 0.2684 -0.9902
v  0.4059 0.2654 -0.9892
v  0.4013 0.2624 -0.9902
v  0.3971 0.2596 -0.9936
v  0.4608 0.1824 -0.9936
v  0.4561 0.1806 -0.9902
v  0.4509 0.1785 -0.9892
v  0.4458 0.1765 -0.9902
v  0.4411 0.1746 -0.9936
v  0.4873 0.0902 -0.9936
v  0.4823 0.0893 -0.9902
v  0.4769 0.0883 -0.9892
v  0.4715 0.0872 -0.9902
v  0.4665 0.0863 -0.9936
v  0.4956 -0.0000 -0.9936
v  0.4905 -0.0000 -0.9902
v  0.4850 -0.0000 -0.9892
v  0.4795 -0.0000 -0.9902
v  0.4744 -0.0000 -0.9936
v  0.4873 -0.0902 -0.9936
v  0.4823 -0.0893 -0.9902
v  0.4769 -0.0883 -0.9892
v  0.4715 -0.0872 -0.9902
v  0.4665 -0.0863 -0.9936
v  0.4608 -0.1824 -0.9936
v  0.4561 -0.1806 -0.9902
v  0.4509 -0.1785 -0.9892
v  0.4458 -0.1765 -0.9902
v  0.4411 -0.1746 -0.9936
v  0.4148 -0.2712 -0.9936
v  0.4106 -0.2684 -0.9902
v  0.4059 -0.2654 -0.9892
v  0.4013 -0.2624 -0.9902
v  0.3971 -0.2596 -0.9936
v  0.3504 -0.3504 -0.9936
v  0.3469 -0.3469 -0.9902
v  0.3429 -0.3429 -0.9892
v  0.3390 -0.3390 -0.9902
v  0.3354 -0.3354 -0.9936
v  0.2712 -0.4148 -0.9936
v  0.2684 -0.4106 -0.9902
v  0.2654 -0.4059 -0.9892
v  0.2624 -0.4013 -0.9902
v  0.2596 -0.3971 -0.9936
v  0.1824 -0.4608 -0.9936
v  0.1806 -0.4561 -0.9902
v  0.1785 -0.4509 -0.9892
v  0.1765 -0.4458 -0.9902
v  0.1746 -0.4411 -0.9936
v  -0.0371 -0.4986 -1.0547
v  -0.0910 -0.4917 -1.0542
v  -0.1840 -0.4649 -1.0542
v  -0.2736 -0.4185 -1.0542
v  -0.3536 -0.3536 -1.0542
v  -0.4185 -0.2736 -1.0542
v  -0.4649 -0.1840 -1.0542
v  -0.4917 -0.0910 -1.0542
v  -0.5000 -0.0000 -1.0542
v  -0.4917 0.0910 -1.0542
v  -0.4649 0.1840 -1.0542
v  -0.4185 0.2736 -1.0542
v  -0.3536 0.3536 -1.0542
v  -0.0910 0.4917 -1.0542
v  -0.1840 0.4649 -1.0542
v  -0.2736 0.4185 -1.0542
v  0.0910 0.4917 -1.0542
v  0.0000 0.5000 -1.0542
v  0.0372 -0.4986 -1.0542
v  0.0910 -0.4917 -1.0542
v  0.1840 -0.4649 -1.0542
v  0.2736 -0.4185 -1.0542
v  0.3536 -0.3536 -1.0542
v  0.4185 -0.2736 -1.0542
v  0.4649 -0.1840 -1.0542
v  0.4917 -0.0910 -1.0542
v  0.5000 -0.0000 -1.0542
v  0.4917 0.0910 -1.0542
v  0.4649 0.1840 -1.0542
v  0.4185 0.2736 -1.0542
v  0.3536 0.3536 -1.0542
v  0.2736 0.4185 -1.0542
v  0.1840 0.4649 -1.0542
v  -0.0855 0.4622 -1.0476
v  0.0000 0.4700 -1.0476
v  -0.0374 -0.4685 -1.0476
v  -0.0855 -0.4622 -1.0476
v  -0.1730 -0.4370 -1.0476
v  -0.2572 -0.3934 -1.0476
v  -0.3323 -0.3323 -1.0476
v  -0.3934 -0.2572 -1.0476
v  -0.4370 -0.1730 -1.0476
v  -0.4622 -0.0855 -1.0476
v  -0.4700 -0.0000 -1.0476
v  -0.4622 0.0855 -1.0476
v  -0.4370 0.1730 -1.0476
v  -0.3934 0.2572 -1.0476
v  -0.3323 0.3323 -1.0476
v  -0.2572 0.3934 -1.0476
v  -0.1730 0.4370 -1.0476
v  0.0374 -0.4685 -1.0476
v  0.0855 -0.4622 -1.0476
v  0.1730 -0.4370 -1.0476
v  0.2572 -0.3934 -1.0476
v  0.3323 -0.3323 -1.0476
v  0.3934 -0.2572 -1.0476
v  0.4370 -0.1730 -1.0476
v  0.4622 -0.0855 -1.0476
v  0.4700 -0.0000 -1.0476
v  0.0855 0.4622 -1.0476
v  0.1730 0.4370 -1.0476
v  0.2572 0.3934 -1.0476
v  0.3323 0.3323 -1.0476
v  0.3934 0.2572 -1.0476
v  0.4370 0.1730 -1.0476
v  0.4622 0.0855 -1.0476
v  -0.0375 -0.5034 -1.0592
v  -0.0918 -0.4961 -1.0592
v  -0.1857 -0.4691 -1.0592
v  -0.2761 -0.4223 -1.0592
v  -0.3567 -0.3567 -1.0592
v  -0.4223 -0.2761 -1.0592
v  -0.4691 -0.1857 -1.0592
v  -0.4961 -0.0918 -1.0592
v  -0.5045 -0.0000 -1.0592
v  -0.4961 0.0918 -1.0592
v  -0.4691 0.1857 -1.0592
v  -0.4223 0.2761 -1.0592
v  -0.3567 0.3567 -1.0592
v  -0.0918 0.4961 -1.0592
v  -0.1857 0.4691 -1.0592
v  -0.2761 0.4223 -1.0592
v  0.0918 0.4961 -1.0592
v  0.0000 0.5045 -1.0592
v  0.0375 -0.5031 -1.0592
v  0.0918 -0.4961 -1.0592
v  0.1857 -0.4691 -1.0592
v  0.2761 -0.4223 -1.0592
v  0.3567 -0.3567 -1.0592
v  0.4223 -0.2761 -1.0592
v  0.4691 -0.1857 -1.0592
v  0.4961 -0.0918 -1.0592
v  0.5045 -0.0000 -1.0592
v  0.4961 0.0918 -1.0592
v  0.4691 0.1857 -1.0592
v  0.4223 0.2761 -1.0592
v  0.3567 0.3567 -1.0592
v  0.2761 0.4223 -1.0592
v  0.1857 0.4691 -1.0592
v  -0.0389 -0.5226 -1.0592
v  -0.0954 -0.5153 -1.0592
v  -0.1929 -0.4872 -1.0592
v  -0.2867 -0.4386 -1.0592
v  -0.3705 -0.3705 -1.0592
v  -0.4386 -0.2868 -1.0592
v  -0.4872 -0.1929 -1.0592
v  -0.5153 -0.0954 -1.0592
v  -0.5240 -0.0000 -1.0592
v  -0.5153 0.0953 -1.0592
v  -0.4872 0.1929 -1.0592
v  -0.4386 0.2867 -1.0592
v  -0.3705 0.3705 -1.0592
v  -0.0954 0.5153 -1.0592
v  -0.1929 0.4872 -1.0592
v  -0.2868 0.4386 -1.0592
v  0.0954 0.5153 -1.0592
v  0.0000 0.5240 -1.0592
v  0.0389 -0.5226 -1.0592
v  0.0954 -0.5153 -1.0592
v  0.1929 -0.4872 -1.0592
v  0.2868 -0.4386 -1.0592
v  0.3705 -0.3705 -1.0592
v  0.4386 -0.2868 -1.0592
v  0.4872 -0.1929 -1.0592
v  0.5153 -0.0954 -1.0592
v  0.5240 -0.0000 -1.0592
v  0.5153 0.0954 -1.0592
v  0.4872 0.1929 -1.0592
v  0.4386 0.2867 -1.0592
v  0.3705 0.3705 -1.0592
v  0.2868 0.4386 -1.0592
v  0.1929 0.4872 -1.0592
v  -0.0389 -0.4834 -1.0042
v  -0.0373 -0.4836 -1.0511
v  0.0373 -0.4836 -1.0509
v  0.0389 -0.4834 -1.0042
v  -0.0440 -0.4721 -0.9936
v  -0.0442 -0.4770 -0.9903
v  -0.0443 -0.4828 -0.9892
v  -0.0441 -0.4967 -0.9985
v  -0.0439 -0.4978 -1.0042
v  -0.0436 -0.4678 -1.0042
v  -0.0438 -0.4689 -0.9985
v  -0.0442 -0.4934 -0.9936
v  -0.0443 -0.4885 -0.9903
v  -0.0422 -0.4980 -1.0546
v  -0.0422 -0.4679 -1.0476
v  -0.0426 -0.5027 -1.0592
v  -0.0441 -0.5219 -1.0592
v  0.0438 -0.4722 -0.9936
v  0.0436 -0.4689 -0.9985
v  0.0434 -0.4678 -1.0042
v  0.0438 -0.4978 -1.0042
v  0.0439 -0.4771 -0.9903
v  0.0441 -0.4828 -0.9892
v  0.0441 -0.4885 -0.9903
v  0.0441 -0.4934 -0.9936
v  0.0440 -0.4967 -0.9985
v  0.0422 -0.4980 -1.0542
v  0.0420 -0.4679 -1.0476
v  0.0426 -0.5024 -1.0592
v  0.0442 -0.5219 -1.0592
v  6.2406 -6.3185 -2.4411
v  6.3185 -6.3185 -2.4411
v  6.3346 -6.2795 -2.4411
v  6.3185 -6.2406 -2.4411
v  6.2795 -6.2244 -2.4411
v  6.2406 -6.2406 -2.4411
v  6.2244 -6.2795 -2.4411
v  6.2795 -6.3346 -2.4411
v  6.2322 -6.2322 -2.4293
v  6.2795 -6.2126 -2.4293
v  6.3269 -6.3269 -2.4293
v  6.2795 -6.3465 -2.4293
v  6.2795 -6.3465 -2.3152
v  6.3269 -6.3269 -2.3152
v  6.3465 -6.2795 -2.3152
v  6.3465 -6.2795 -2.4293
v  6.3269 -6.2322 -2.3152
v  6.3269 -6.2322 -2.4293
v  6.2795 -6.2126 -2.3152
v  6.2322 -6.2322 -2.3152
v  6.2126 -6.2795 -2.3152
v  6.2126 -6.2795 -2.4293
v  6.2322 -6.3269 -2.3152
v  6.2322 -6.3269 -2.4293
v  6.2539 -6.2795 -2.2871
v  6.2614 -6.2976 -2.2871
v  6.2795 -6.3051 -2.2871
v  6.2976 -6.2976 -2.2871
v  6.3051 -6.2795 -2.2871
v  6.2976 -6.2614 -2.2871
v  6.2795 -6.2539 -2.2871
v  6.2614 -6.2614 -2.2871
v  6.2539 -6.2795 -2.4411
v  6.2539 -6.2795 -2.4351
v  6.2479 -6.2795 -2.4411
v  6.2614 -6.2976 -2.4411
v  6.2572 -6.3019 -2.4411
v  6.2614 -6.2976 -2.4351
v  6.2795 -6.3051 -2.4411
v  6.2795 -6.3111 -2.4411
v  6.2795 -6.3051 -2.4351
v  6.2976 -6.2976 -2.4411
v  6.3019 -6.3019 -2.4411
v  6.2976 -6.2976 -2.4351
v  6.3051 -6.2795 -2.4411
v  6.3111 -6.2795 -2.4411
v  6.3051 -6.2795 -2.4351
v  6.2976 -6.2614 -2.4411
v  6.3019 -6.2572 -2.4411
v  6.2976 -6.2614 -2.4351
v  6.2795 -6.2539 -2.4411
v  6.2795 -6.2479 -2.4411
v  6.2795 -6.2539 -2.4351
v  6.2614 -6.2614 -2.4411
v  6.2572 -6.2572 -2.4411
v  6.2614 -6.2614 -2.4351
v  6.3447 -6.2795 -2.4354
v  6.3408 -6.2795 -2.4393
v  6.2795 -6.3408 -2.4393
v  6.2795 -6.3447 -2.4354
v  6.3228 -6.2362 -2.4393
v  6.3256 -6.2334 -2.4354
v  6.2795 -6.2183 -2.4393
v  6.2795 -6.2143 -2.4354
v  6.2362 -6.2362 -2.4393
v  6.2334 -6.2334 -2.4354
v  6.2183 -6.2795 -2.4393
v  6.2144 -6.2795 -2.4354
v  6.2362 -6.3228 -2.4393
v  6.2334 -6.3256 -2.4354
v  6.3256 -6.3256 -2.4354
v  6.3228 -6.3228 -2.4393
v  6.2406 6.2405 -2.4411
v  6.3185 6.2405 -2.4411
v  6.3346 6.2795 -2.4411
v  6.3185 6.3185 -2.4411
v  6.2795 6.3346 -2.4411
v  6.2406 6.3185 -2.4411
v  6.2244 6.2795 -2.4411
v  6.2795 6.2244 -2.4411
v  6.2322 6.3268 -2.4293
v  6.2795 6.3465 -2.4293
v  6.3269 6.2322 -2.4293
v  6.2795 6.2126 -2.4293
v  6.2795 6.2126 -2.3152
v  6.3269 6.2322 -2.3152
v  6.3465 6.2795 -2.3152
v  6.3465 6.2795 -2.4293
v  6.3269 6.3268 -2.3152
v  6.3269 6.3268 -2.4293
v  6.2795 6.3465 -2.3152
v  6.2322 6.3268 -2.3152
v  6.2126 6.2795 -2.3152
v  6.2126 6.2795 -2.4293
v  6.2322 6.2322 -2.3152
v  6.2322 6.2322 -2.4293
v  6.2539 6.2795 -2.2871
v  6.2614 6.2614 -2.2871
v  6.2795 6.2539 -2.2871
v  6.2976 6.2614 -2.2871
v  6.3051 6.2795 -2.2871
v  6.2976 6.2976 -2.2871
v  6.2795 6.3051 -2.2871
v  6.2614 6.2976 -2.2871
v  6.2539 6.2795 -2.4411
v  6.2539 6.2795 -2.4351
v  6.2479 6.2795 -2.4411
v  6.2614 6.2614 -2.4411
v  6.2572 6.2572 -2.4411
v  6.2614 6.2614 -2.4351
v  6.2795 6.2539 -2.4411
v  6.2795 6.2479 -2.4411
v  6.2795 6.2539 -2.4351
v  6.2976 6.2614 -2.4411
v  6.3019 6.2572 -2.4411
v  6.2976 6.2614 -2.4351
v  6.3051 6.2795 -2.4411
v  6.3111 6.2795 -2.4411
v  6.3051 6.2795 -2.4351
v  6.2976 6.2976 -2.4411
v  6.3019 6.3019 -2.4411
v  6.2976 6.2976 -2.4351
v  6.2795 6.3051 -2.4411
v  6.2795 6.3111 -2.4411
v  6.2795 6.3051 -2.4351
v  6.2614 6.2976 -2.4411
v  6.2572 6.3019 -2.4411
v  6.2614 6.2976 -2.4351
v  6.3447 6.2795 -2.4354
v  6.3408 6.2795 -2.4393
v  6.2795 6.2183 -2.4393
v  6.2795 6.2143 -2.4354
v  6.3228 6.3228 -2.4393
v  6.3256 6.3256 -2.4354
v  6.2795 6.3408 -2.4393
v  6.2795 6.3447 -2.4354
v  6.2362 6.3228 -2.4393
v  6.2334 6.3256 -2.4354
v  6.2183 6.2795 -2.4393
v  6.2143 6.2795 -2.4354
v  6.2362 6.2362 -2.4393
v  6.2334 6.2334 -2.4354
v  6.3256 6.2334 -2.4354
v  6.3228 6.2362 -2.4393
v  6.2406 5.0988 -2.4411
v  6.3185 5.0988 -2.4411
v  6.3346 5.1378 -2.4411
v  6.3185 5.1768 -2.4411
v  6.2795 5.1929 -2.4411
v  6.2406 5.1768 -2.4411
v  6.2244 5.1378 -2.4411
v  6.2795 5.0827 -2.4411
v  6.2322 5.1851 -2.4293
v  6.2795 5.2047 -2.4293
v  6.3269 5.0905 -2.4293
v  6.2795 5.0709 -2.4293
v  6.2795 5.0709 -2.3152
v  6.3269 5.0905 -2.3152
v  6.3465 5.1378 -2.3152
v  6.3465 5.1378 -2.4293
v  6.3269 5.1851 -2.3152
v  6.3269 5.1851 -2.4293
v  6.2795 5.2047 -2.3152
v  6.2322 5.1851 -2.3152
v  6.2126 5.1378 -2.3152
v  6.2126 5.1378 -2.4293
v  6.2322 5.0905 -2.3152
v  6.2322 5.0905 -2.4293
v  6.2539 5.1378 -2.2871
v  6.2614 5.1197 -2.2871
v  6.2795 5.1122 -2.2871
v  6.2976 5.1197 -2.2871
v  6.3051 5.1378 -2.2871
v  6.2976 5.1559 -2.2871
v  6.2795 5.1634 -2.2871
v  6.2614 5.1559 -2.2871
v  6.2539 5.1378 -2.4411
v  6.2539 5.1378 -2.4351
v  6.2479 5.1378 -2.4411
v  6.2614 5.1197 -2.4411
v  6.2572 5.1155 -2.4411
v  6.2614 5.1197 -2.4351
v  6.2795 5.1122 -2.4411
v  6.2795 5.1062 -2.4411
v  6.2795 5.1122 -2.4351
v  6.2976 5.1197 -2.4411
v  6.3019 5.1155 -2.4411
v  6.2976 5.1197 -2.4351
v  6.3051 5.1378 -2.4411
v  6.3111 5.1378 -2.4411
v  6.3051 5.1378 -2.4351
v  6.2976 5.1559 -2.4411
v  6.3019 5.1601 -2.4411
v  6.2976 5.1559 -2.4351
v  6.2795 5.1634 -2.4411
v  6.2795 5.1694 -2.4411
v  6.2795 5.1634 -2.4351
v  6.2614 5.1559 -2.4411
v  6.2572 5.1601 -2.4411
v  6.2614 5.1559 -2.4351
v  6.3447 5.1378 -2.4354
v  6.3408 5.1378 -2.4393
v  6.2795 5.0765 -2.4393
v  6.2795 5.0726 -2.4354
v  6.3228 5.1811 -2.4393
v  6.3256 5.1839 -2.4354
v  6.2795 5.1990 -2.4393
v  6.2795 5.2030 -2.4354
v  6.2362 5.1811 -2.4393
v  6.2334 5.1839 -2.4354
v  6.2183 5.1378 -2.4393
v  6.2143 5.1378 -2.4354
v  6.2362 5.0945 -2.4393
v  6.2334 5.0917 -2.4354
v  6.3256 5.0917 -2.4354
v  6.3228 5.0945 -2.4393
v  6.2406 3.9571 -2.4411
v  6.3185 3.9571 -2.4411
v  6.3346 3.9961 -2.4411
v  6.3185 4.0350 -2.4411
v  6.2795 4.0512 -2.4411
v  6.2406 4.0350 -2.4411
v  6.2244 3.9961 -2.4411
v  6.2795 3.9409 -2.4411
v  6.2322 4.0434 -2.4293
v  6.2795 4.0630 -2.4293
v  6.3269 3.9487 -2.4293
v  6.2795 3.9291 -2.4293
v  6.2795 3.9291 -2.3152
v  6.3269 3.9487 -2.3152
v  6.3465 3.9961 -2.3152
v  6.3465 3.9961 -2.4293
v  6.3269 4.0434 -2.3152
v  6.3269 4.0434 -2.4293
v  6.2795 4.0630 -2.3152
v  6.2322 4.0434 -2.3152
v  6.2126 3.9961 -2.3152
v  6.2126 3.9961 -2.4293
v  6.2322 3.9487 -2.3152
v  6.2322 3.9487 -2.4293
v  6.2539 3.9961 -2.2871
v  6.2614 3.9780 -2.2871
v  6.2795 3.9705 -2.2871
v  6.2976 3.9780 -2.2871
v  6.3051 3.9961 -2.2871
v  6.2976 4.0142 -2.2871
v  6.2795 4.0216 -2.2871
v  6.2614 4.0142 -2.2871
v  6.2539 3.9961 -2.4411
v  6.2539 3.9961 -2.4351
v  6.2479 3.9961 -2.4411
v  6.2614 3.9780 -2.4411
v  6.2572 3.9737 -2.4411
v  6.2614 3.9780 -2.4351
v  6.2795 3.9705 -2.4411
v  6.2795 3.9645 -2.4411
v  6.2795 3.9705 -2.4351
v  6.2976 3.9780 -2.4411
v  6.3019 3.9737 -2.4411
v  6.2976 3.9780 -2.4351
v  6.3051 3.9961 -2.4411
v  6.3111 3.9961 -2.4411
v  6.3051 3.9961 -2.4351
v  6.2976 4.0142 -2.4411
v  6.3019 4.0184 -2.4411
v  6.2976 4.0142 -2.4351
v  6.2795 4.0216 -2.4411
v  6.2795 4.0276 -2.4411
v  6.2795 4.0216 -2.4351
v  6.2614 4.0142 -2.4411
v  6.2572 4.0184 -2.4411
v  6.2614 4.0142 -2.4351
v  6.3447 3.9961 -2.4354
v  6.3408 3.9961 -2.4393
v  6.2795 3.9348 -2.4393
v  6.2795 3.9309 -2.4354
v  6.3228 4.0394 -2.4393
v  6.3256 4.0421 -2.4354
v  6.2795 4.0573 -2.4393
v  6.2795 4.0612 -2.4354
v  6.2362 4.0394 -2.4393
v  6.2334 4.0421 -2.4354
v  6.2183 3.9961 -2.4393
v  6.2143 3.9961 -2.4354
v  6.2362 3.9528 -2.4393
v  6.2334 3.9500 -2.4354
v  6.3256 3.9500 -2.4354
v  6.3228 3.9528 -2.4393
v  6.2406 2.8154 -2.4411
v  6.3185 2.8154 -2.4411
v  6.3346 2.8543 -2.4411
v  6.3185 2.8933 -2.4411
v  6.2795 2.9094 -2.4411
v  6.2406 2.8933 -2.4411
v  6.2244 2.8543 -2.4411
v  6.2795 2.7992 -2.4411
v  6.2322 2.9017 -2.4293
v  6.2795 2.9213 -2.4293
v  6.3269 2.8070 -2.4293
v  6.2795 2.7874 -2.4293
v  6.2795 2.7874 -2.3152
v  6.3269 2.8070 -2.3152
v  6.3465 2.8543 -2.3152
v  6.3465 2.8543 -2.4293
v  6.3269 2.9017 -2.3152
v  6.3269 2.9017 -2.4293
v  6.2795 2.9213 -2.3152
v  6.2322 2.9017 -2.3152
v  6.2126 2.8543 -2.3152
v  6.2126 2.8543 -2.4293
v  6.2322 2.8070 -2.3152
v  6.2322 2.8070 -2.4293
v  6.2539 2.8543 -2.2871
v  6.2614 2.8362 -2.2871
v  6.2795 2.8287 -2.2871
v  6.2976 2.8362 -2.2871
v  6.3051 2.8543 -2.2871
v  6.2976 2.8724 -2.2871
v  6.2795 2.8799 -2.2871
v  6.2614 2.8724 -2.2871
v  6.2539 2.8543 -2.4411
v  6.2539 2.8543 -2.4351
v  6.2479 2.8543 -2.4411
v  6.2614 2.8362 -2.4411
v  6.2572 2.8320 -2.4411
v  6.2614 2.8362 -2.4351
v  6.2795 2.8287 -2.4411
v  6.2795 2.8227 -2.4411
v  6.2795 2.8287 -2.4351
v  6.2976 2.8362 -2.4411
v  6.3019 2.8320 -2.4411
v  6.2976 2.8362 -2.4351
v  6.3051 2.8543 -2.4411
v  6.3111 2.8543 -2.4411
v  6.3051 2.8543 -2.4351
v  6.2976 2.8724 -2.4411
v  6.3019 2.8767 -2.4411
v  6.2976 2.8724 -2.4351
v  6.2795 2.8799 -2.4411
v  6.2795 2.8859 -2.4411
v  6.2795 2.8799 -2.4351
v  6.2614 2.8724 -2.4411
v  6.2572 2.8767 -2.4411
v  6.2614 2.8724 -2.4351
v  6.3447 2.8543 -2.4354
v  6.3408 2.8543 -2.4393
v  6.2795 2.7931 -2.4393
v  6.2795 2.7891 -2.4354
v  6.3228 2.8976 -2.4393
v  6.3256 2.9004 -2.4354
v  6.2795 2.9156 -2.4393
v  6.2795 2.9195 -2.4354
v  6.2362 2.8976 -2.4393
v  6.2334 2.9004 -2.4354
v  6.2183 2.8543 -2.4393
v  6.2143 2.8543 -2.4354
v  6.2362 2.8110 -2.4393
v  6.2334 2.8082 -2.4354
v  6.3256 2.8082 -2.4354
v  6.3228 2.8110 -2.4393
v  6.2406 1.6736 -2.4411
v  6.3185 1.6736 -2.4411
v  6.3346 1.7126 -2.4411
v  6.3185 1.7516 -2.4411
v  6.2795 1.7677 -2.4411
v  6.2406 1.7516 -2.4411
v  6.2244 1.7126 -2.4411
v  6.2795 1.6575 -2.4411
v  6.2322 1.7599 -2.4293
v  6.2795 1.7795 -2.4293
v  6.3269 1.6653 -2.4293
v  6.2795 1.6457 -2.4293
v  6.2795 1.6457 -2.3152
v  6.3269 1.6653 -2.3152
v  6.3465 1.7126 -2.3152
v  6.3465 1.7126 -2.4293
v  6.3269 1.7599 -2.3152
v  6.3269 1.7599 -2.4293
v  6.2795 1.7795 -2.3152
v  6.2322 1.7599 -2.3152
v  6.2126 1.7126 -2.3152
v  6.2126 1.7126 -2.4293
v  6.2322 1.6653 -2.3152
v  6.2322 1.6653 -2.4293
v  6.2539 1.7126 -2.2871
v  6.2614 1.6945 -2.2871
v  6.2795 1.6870 -2.2871
v  6.2976 1.6945 -2.2871
v  6.3051 1.7126 -2.2871
v  6.2976 1.7307 -2.2871
v  6.2795 1.7382 -2.2871
v  6.2614 1.7307 -2.2871
v  6.2539 1.7126 -2.4411
v  6.2539 1.7126 -2.4351
v  6.2479 1.7126 -2.4411
v  6.2614 1.6945 -2.4411
v  6.2572 1.6903 -2.4411
v  6.2614 1.6945 -2.4351
v  6.2795 1.6870 -2.4411
v  6.2795 1.6810 -2.4411
v  6.2795 1.6870 -2.4351
v  6.2976 1.6945 -2.4411
v  6.3019 1.6903 -2.4411
v  6.2976 1.6945 -2.4351
v  6.3051 1.7126 -2.4411
v  6.3111 1.7126 -2.4411
v  6.3051 1.7126 -2.4351
v  6.2976 1.7307 -2.4411
v  6.3019 1.7349 -2.4411
v  6.2976 1.7307 -2.4351
v  6.2795 1.7382 -2.4411
v  6.2795 1.7442 -2.4411
v  6.2795 1.7382 -2.4351
v  6.2614 1.7307 -2.4411
v  6.2572 1.7349 -2.4411
v  6.2614 1.7307 -2.4351
v  6.3447 1.7126 -2.4354
v  6.3408 1.7126 -2.4393
v  6.2795 1.6514 -2.4393
v  6.2795 1.6474 -2.4354
v  6.3228 1.7559 -2.4393
v  6.3256 1.7587 -2.4354
v  6.2795 1.7738 -2.4393
v  6.2795 1.7778 -2.4354
v  6.2362 1.7559 -2.4393
v  6.2334 1.7587 -2.4354
v  6.2183 1.7126 -2.4393
v  6.2144 1.7126 -2.4354
v  6.2362 1.6693 -2.4393
v  6.2334 1.6665 -2.4354
v  6.3256 1.6665 -2.4354
v  6.3228 1.6693 -2.4393
v  6.2406 0.5319 -2.4411
v  6.3185 0.5319 -2.4411
v  6.3346 0.5709 -2.4411
v  6.3185 0.6098 -2.4411
v  6.2795 0.6260 -2.4411
v  6.2406 0.6098 -2.4411
v  6.2244 0.5709 -2.4411
v  6.2795 0.5157 -2.4411
v  6.2322 0.6182 -2.4293
v  6.2795 0.6378 -2.4293
v  6.3269 0.5235 -2.4293
v  6.2795 0.5039 -2.4293
v  6.2795 0.5039 -2.3152
v  6.3269 0.5235 -2.3152
v  6.3465 0.5709 -2.3152
v  6.3465 0.5709 -2.4293
v  6.3269 0.6182 -2.3152
v  6.3269 0.6182 -2.4293
v  6.2795 0.6378 -2.3152
v  6.2322 0.6182 -2.3152
v  6.2126 0.5709 -2.3152
v  6.2126 0.5709 -2.4293
v  6.2322 0.5235 -2.3152
v  6.2322 0.5235 -2.4293
v  6.2539 0.5709 -2.2871
v  6.2614 0.5528 -2.2871
v  6.2795 0.5453 -2.2871
v  6.2976 0.5528 -2.2871
v  6.3051 0.5709 -2.2871
v  6.2976 0.5890 -2.2871
v  6.2795 0.5965 -2.2871
v  6.2614 0.5890 -2.2871
v  6.2539 0.5709 -2.4411
v  6.2539 0.5709 -2.4351
v  6.2479 0.5709 -2.4411
v  6.2614 0.5528 -2.4411
v  6.2572 0.5485 -2.4411
v  6.2614 0.5528 -2.4351
v  6.2795 0.5453 -2.4411
v  6.2795 0.5393 -2.4411
v  6.2795 0.5453 -2.4351
v  6.2976 0.5528 -2.4411
v  6.3019 0.5485 -2.4411
v  6.2976 0.5528 -2.4351
v  6.3051 0.5709 -2.4411
v  6.3111 0.5709 -2.4411
v  6.3051 0.5709 -2.4351
v  6.2976 0.5890 -2.4411
v  6.3019 0.5932 -2.4411
v  6.2976 0.5890 -2.4351
v  6.2795 0.5965 -2.4411
v  6.2795 0.6025 -2.4411
v  6.2795 0.5965 -2.4351
v  6.2614 0.5890 -2.4411
v  6.2572 0.5932 -2.4411
v  6.2614 0.5890 -2.4351
v  6.3447 0.5709 -2.4354
v  6.3408 0.5709 -2.4393
v  6.2795 0.5096 -2.4393
v  6.2795 0.5057 -2.4354
v  6.3228 0.6142 -2.4393
v  6.3256 0.6170 -2.4354
v  6.2795 0.6321 -2.4393
v  6.2795 0.6360 -2.4354
v  6.2362 0.6142 -2.4393
v  6.2334 0.6170 -2.4354
v  6.2183 0.5709 -2.4393
v  6.2144 0.5709 -2.4354
v  6.2362 0.5276 -2.4393
v  6.2334 0.5248 -2.4354
v  6.3256 0.5248 -2.4354
v  6.3228 0.5276 -2.4393
v  6.2406 -0.6098 -2.4411
v  6.3185 -0.6098 -2.4411
v  6.3346 -0.5709 -2.4411
v  6.3185 -0.5319 -2.4411
v  6.2795 -0.5157 -2.4411
v  6.2406 -0.5319 -2.4411
v  6.2244 -0.5709 -2.4411
v  6.2795 -0.6260 -2.4411
v  6.2322 -0.5235 -2.4293
v  6.2795 -0.5039 -2.4293
v  6.3269 -0.6182 -2.4293
v  6.2795 -0.6378 -2.4293
v  6.2795 -0.6378 -2.3152
v  6.3269 -0.6182 -2.3152
v  6.3465 -0.5709 -2.3152
v  6.3465 -0.5709 -2.4293
v  6.3269 -0.5235 -2.3152
v  6.3269 -0.5235 -2.4293
v  6.2795 -0.5039 -2.3152
v  6.2322 -0.5235 -2.3152
v  6.2126 -0.5709 -2.3152
v  6.2126 -0.5709 -2.4293
v  6.2322 -0.6182 -2.3152
v  6.2322 -0.6182 -2.4293
v  6.2539 -0.5709 -2.2871
v  6.2614 -0.5890 -2.2871
v  6.2795 -0.5965 -2.2871
v  6.2976 -0.5890 -2.2871
v  6.3051 -0.5709 -2.2871
v  6.2976 -0.5528 -2.2871
v  6.2795 -0.5453 -2.2871
v  6.2614 -0.5528 -2.2871
v  6.2539 -0.5709 -2.4411
v  6.2539 -0.5709 -2.4351
v  6.2479 -0.5709 -2.4411
v  6.2614 -0.5890 -2.4411
v  6.2572 -0.5932 -2.4411
v  6.2614 -0.5890 -2.4351
v  6.2795 -0.5965 -2.4411
v  6.2795 -0.6025 -2.4411
v  6.2795 -0.5965 -2.4351
v  6.2976 -0.5890 -2.4411
v  6.3019 -0.5932 -2.4411
v  6.2976 -0.5890 -2.4351
v  6.3051 -0.5709 -2.4411
v  6.3111 -0.5709 -2.4411
v  6.3051 -0.5709 -2.4351
v  6.2976 -0.5528 -2.4411
v  6.3019 -0.5485 -2.4411
v  6.2976 -0.5528 -2.4351
v  6.2795 -0.5453 -2.4411
v  6.2795 -0.5393 -2.4411
v  6.2795 -0.5453 -2.4351
v  6.2614 -0.5528 -2.4411
v  6.2572 -0.5485 -2.4411
v  6.2614 -0.5528 -2.4351
v  6.3447 -0.5709 -2.4354
v  6.3408 -0.5709 -2.4393
v  6.2795 -0.6321 -2.4393
v  6.2795 -0.6360 -2.4354
v  6.3228 -0.5276 -2.4393
v  6.3256 -0.5248 -2.4354
v  6.2795 -0.5096 -2.4393
v  6.2795 -0.5057 -2.4354
v  6.2362 -0.5276 -2.4393
v  6.2334 -0.5248 -2.4354
v  6.2183 -0.5709 -2.4393
v  6.2144 -0.5709 -2.4354
v  6.2362 -0.6142 -2.4393
v  6.2334 -0.6170 -2.4354
v  6.3256 -0.6170 -2.4354
v  6.3228 -0.6142 -2.4393
v  6.2406 -1.7516 -2.4411
v  6.3185 -1.7516 -2.4411
v  6.3346 -1.7126 -2.4411
v  6.3185 -1.6736 -2.4411
v  6.2795 -1.6575 -2.4411
v  6.2406 -1.6736 -2.4411
v  6.2244 -1.7126 -2.4411
v  6.2795 -1.7677 -2.4411
v  6.2322 -1.6653 -2.4293
v  6.2795 -1.6457 -2.4293
v  6.3269 -1.7599 -2.4293
v  6.2795 -1.7795 -2.4293
v  6.2795 -1.7795 -2.3152
v  6.3269 -1.7599 -2.3152
v  6.3465 -1.7126 -2.3152
v  6.3465 -1.7126 -2.4293
v  6.3269 -1.6653 -2.3152
v  6.3269 -1.6653 -2.4293
v  6.2795 -1.6457 -2.3152
v  6.2322 -1.6653 -2.3152
v  6.2126 -1.7126 -2.3152
v  6.2126 -1.7126 -2.4293
v  6.2322 -1.7599 -2.3152
v  6.2322 -1.7599 -2.4293
v  6.2539 -1.7126 -2.2871
v  6.2614 -1.7307 -2.2871
v  6.2795 -1.7382 -2.2871
v  6.2976 -1.7307 -2.2871
v  6.3051 -1.7126 -2.2871
v  6.2976 -1.6945 -2.2871
v  6.2795 -1.6870 -2.2871
v  6.2614 -1.6945 -2.2871
v  6.2539 -1.7126 -2.4411
v  6.2539 -1.7126 -2.4351
v  6.2479 -1.7126 -2.4411
v  6.2614 -1.7307 -2.4411
v  6.2572 -1.7349 -2.4411
v  6.2614 -1.7307 -2.4351
v  6.2795 -1.7382 -2.4411
v  6.2795 -1.7442 -2.4411
v  6.2795 -1.7382 -2.4351
v  6.2976 -1.7307 -2.4411
v  6.3019 -1.7349 -2.4411
v  6.2976 -1.7307 -2.4351
v  6.3051 -1.7126 -2.4411
v  6.3111 -1.7126 -2.4411
v  6.3051 -1.7126 -2.4351
v  6.2976 -1.6945 -2.4411
v  6.3019 -1.6903 -2.4411
v  6.2976 -1.6945 -2.4351
v  6.2795 -1.6870 -2.4411
v  6.2795 -1.6810 -2.4411
v  6.2795 -1.6870 -2.4351
v  6.2614 -1.6945 -2.4411
v  6.2572 -1.6903 -2.4411
v  6.2614 -1.6945 -2.4351
v  6.3447 -1.7126 -2.4354
v  6.3408 -1.7126 -2.4393
v  6.2795 -1.7738 -2.4393
v  6.2795 -1.7778 -2.4354
v  6.3228 -1.6693 -2.4393
v  6.3256 -1.6665 -2.4354
v  6.2795 -1.6514 -2.4393
v  6.2795 -1.6474 -2.4354
v  6.2362 -1.6693 -2.4393
v  6.2334 -1.6665 -2.4354
v  6.2183 -1.7126 -2.4393
v  6.2144 -1.7126 -2.4354
v  6.2362 -1.7559 -2.4393
v  6.2334 -1.7587 -2.4354
v  6.3256 -1.7587 -2.4354
v  6.3228 -1.7559 -2.4393
v  6.2406 -2.8933 -2.4411
v  6.3185 -2.8933 -2.4411
v  6.3346 -2.8543 -2.4411
v  6.3185 -2.8154 -2.4411
v  6.2795 -2.7992 -2.4411
v  6.2406 -2.8154 -2.4411
v  6.2244 -2.8543 -2.4411
v  6.2795 -2.9094 -2.4411
v  6.2322 -2.8070 -2.4293
v  6.2795 -2.7874 -2.4293
v  6.3269 -2.9017 -2.4293
v  6.2795 -2.9213 -2.4293
v  6.2795 -2.9213 -2.3152
v  6.3269 -2.9017 -2.3152
v  6.3465 -2.8543 -2.3152
v  6.3465 -2.8543 -2.4293
v  6.3269 -2.8070 -2.3152
v  6.3269 -2.8070 -2.4293
v  6.2795 -2.7874 -2.3152
v  6.2322 -2.8070 -2.3152
v  6.2126 -2.8543 -2.3152
v  6.2126 -2.8543 -2.4293
v  6.2322 -2.9017 -2.3152
v  6.2322 -2.9017 -2.4293
v  6.2539 -2.8543 -2.2871
v  6.2614 -2.8724 -2.2871
v  6.2795 -2.8799 -2.2871
v  6.2976 -2.8724 -2.2871
v  6.3051 -2.8543 -2.2871
v  6.2976 -2.8362 -2.2871
v  6.2795 -2.8287 -2.2871
v  6.2614 -2.8362 -2.2871
v  6.2539 -2.8543 -2.4411
v  6.2539 -2.8543 -2.4351
v  6.2479 -2.8543 -2.4411
v  6.2614 -2.8724 -2.4411
v  6.2572 -2.8767 -2.4411
v  6.2614 -2.8724 -2.4351
v  6.2795 -2.8799 -2.4411
v  6.2795 -2.8859 -2.4411
v  6.2795 -2.8799 -2.4351
v  6.2976 -2.8724 -2.4411
v  6.3019 -2.8767 -2.4411
v  6.2976 -2.8724 -2.4351
v  6.3051 -2.8543 -2.4411
v  6.3111 -2.8543 -2.4411
v  6.3051 -2.8543 -2.4351
v  6.2976 -2.8362 -2.4411
v  6.3019 -2.8320 -2.4411
v  6.2976 -2.8362 -2.4351
v  6.2795 -2.8287 -2.4411
v  6.2795 -2.8227 -2.4411
v  6.2795 -2.8287 -2.4351
v  6.2614 -2.8362 -2.4411
v  6.2572 -2.8320 -2.4411
v  6.2614 -2.8362 -2.4351
v  6.3447 -2.8543 -2.4354
v  6.3408 -2.8543 -2.4393
v  6.2795 -2.9156 -2.4393
v  6.2795 -2.9195 -2.4354
v  6.3228 -2.8110 -2.4393
v  6.3256 -2.8082 -2.4354
v  6.2795 -2.7931 -2.4393
v  6.2795 -2.7892 -2.4354
v  6.2362 -2.8110 -2.4393
v  6.2334 -2.8082 -2.4354
v  6.2183 -2.8543 -2.4393
v  6.2144 -2.8543 -2.4354
v  6.2362 -2.8976 -2.4393
v  6.2334 -2.9004 -2.4354
v  6.3256 -2.9004 -2.4354
v  6.3228 -2.8976 -2.4393
v  6.2406 -4.0350 -2.4411
v  6.3185 -4.0350 -2.4411
v  6.3346 -3.9961 -2.4411
v  6.3185 -3.9571 -2.4411
v  6.2795 -3.9409 -2.4411
v  6.2406 -3.9571 -2.4411
v  6.2244 -3.9961 -2.4411
v  6.2795 -4.0512 -2.4411
v  6.2322 -3.9487 -2.4293
v  6.2795 -3.9291 -2.4293
v  6.3269 -4.0434 -2.4293
v  6.2795 -4.0630 -2.4293
v  6.2795 -4.0630 -2.3152
v  6.3269 -4.0434 -2.3152
v  6.3465 -3.9961 -2.3152
v  6.3465 -3.9961 -2.4293
v  6.3269 -3.9487 -2.3152
v  6.3269 -3.9487 -2.4293
v  6.2795 -3.9291 -2.3152
v  6.2322 -3.9487 -2.3152
v  6.2126 -3.9961 -2.3152
v  6.2126 -3.9961 -2.4293
v  6.2322 -4.0434 -2.3152
v  6.2322 -4.0434 -2.4293
v  6.2539 -3.9961 -2.2871
v  6.2614 -4.0142 -2.2871
v  6.2795 -4.0217 -2.2871
v  6.2976 -4.0142 -2.2871
v  6.3051 -3.9961 -2.2871
v  6.2976 -3.9780 -2.2871
v  6.2795 -3.9705 -2.2871
v  6.2614 -3.9780 -2.2871
v  6.2539 -3.9961 -2.4411
v  6.2539 -3.9961 -2.4351
v  6.2479 -3.9961 -2.4411
v  6.2614 -4.0142 -2.4411
v  6.2572 -4.0184 -2.4411
v  6.2614 -4.0142 -2.4351
v  6.2795 -4.0217 -2.4411
v  6.2795 -4.0277 -2.4411
v  6.2795 -4.0217 -2.4351
v  6.2976 -4.0142 -2.4411
v  6.3019 -4.0184 -2.4411
v  6.2976 -4.0142 -2.4351
v  6.3051 -3.9961 -2.4411
v  6.3111 -3.9961 -2.4411
v  6.3051 -3.9961 -2.4351
v  6.2976 -3.9780 -2.4411
v  6.3019 -3.9737 -2.4411
v  6.2976 -3.9780 -2.4351
v  6.2795 -3.9705 -2.4411
v  6.2795 -3.9645 -2.4411
v  6.2795 -3.9705 -2.4351
v  6.2614 -3.9780 -2.4411
v  6.2572 -3.9737 -2.4411
v  6.2614 -3.9780 -2.4351
v  6.3447 -3.9961 -2.4354
v  6.3408 -3.9961 -2.4393
v  6.2795 -4.0573 -2.4393
v  6.2795 -4.0612 -2.4354
v  6.3228 -3.9528 -2.4393
v  6.3256 -3.9500 -2.4354
v  6.2795 -3.9348 -2.4393
v  6.2795 -3.9309 -2.4354
v  6.2362 -3.9528 -2.4393
v  6.2334 -3.9500 -2.4354
v  6.2183 -3.9961 -2.4393
v  6.2144 -3.9961 -2.4354
v  6.2362 -4.0394 -2.4393
v  6.2334 -4.0422 -2.4354
v  6.3256 -4.0421 -2.4354
v  6.3228 -4.0394 -2.4393
v  6.2406 -5.1768 -2.4411
v  6.3185 -5.1768 -2.4411
v  6.3346 -5.1378 -2.4411
v  6.3185 -5.0988 -2.4411
v  6.2795 -5.0827 -2.4411
v  6.2406 -5.0988 -2.4411
v  6.2244 -5.1378 -2.4411
v  6.2795 -5.1929 -2.4411
v  6.2322 -5.0905 -2.4293
v  6.2795 -5.0709 -2.4293
v  6.3269 -5.1851 -2.4293
v  6.2795 -5.2047 -2.4293
v  6.2795 -5.2047 -2.3152
v  6.3269 -5.1851 -2.3152
v  6.3465 -5.1378 -2.3152
v  6.3465 -5.1378 -2.4293
v  6.3269 -5.0905 -2.3152
v  6.3269 -5.0905 -2.4293
v  6.2795 -5.0709 -2.3152
v  6.2322 -5.0905 -2.3152
v  6.2126 -5.1378 -2.3152
v  6.2126 -5.1378 -2.4293
v  6.2322 -5.1851 -2.3152
v  6.2322 -5.1851 -2.4293
v  6.2539 -5.1378 -2.2871
v  6.2614 -5.1559 -2.2871
v  6.2795 -5.1634 -2.2871
v  6.2976 -5.1559 -2.2871
v  6.3051 -5.1378 -2.2871
v  6.2976 -5.1197 -2.2871
v  6.2795 -5.1122 -2.2871
v  6.2614 -5.1197 -2.2871
v  6.2539 -5.1378 -2.4411
v  6.2539 -5.1378 -2.4351
v  6.2479 -5.1378 -2.4411
v  6.2614 -5.1559 -2.4411
v  6.2572 -5.1601 -2.4411
v  6.2614 -5.1559 -2.4351
v  6.2795 -5.1634 -2.4411
v  6.2795 -5.1694 -2.4411
v  6.2795 -5.1634 -2.4351
v  6.2976 -5.1559 -2.4411
v  6.3019 -5.1601 -2.4411
v  6.2976 -5.1559 -2.4351
v  6.3051 -5.1378 -2.4411
v  6.3111 -5.1378 -2.4411
v  6.3051 -5.1378 -2.4351
v  6.2976 -5.1197 -2.4411
v  6.3019 -5.1155 -2.4411
v  6.2976 -5.1197 -2.4351
v  6.2795 -5.1122 -2.4411
v  6.2795 -5.1062 -2.4411
v  6.2795 -5.1122 -2.4351
v  6.2614 -5.1197 -2.4411
v  6.2572 -5.1155 -2.4411
v  6.2614 -5.1197 -2.4351
v  6.3447 -5.1378 -2.4354
v  6.3408 -5.1378 -2.4393
v  6.2795 -5.1990 -2.4393
v  6.2795 -5.2030 -2.4354
v  6.3228 -5.0945 -2.4393
v  6.3256 -5.0917 -2.4354
v  6.2795 -5.0766 -2.4393
v  6.2795 -5.0726 -2.4354
v  6.2362 -5.0945 -2.4393
v  6.2334 -5.0917 -2.4354
v  6.2183 -5.1378 -2.4393
v  6.2144 -5.1378 -2.4354
v  6.2362 -5.1811 -2.4393
v  6.2335 -5.1839 -2.4354
v  6.3256 -5.1839 -2.4354
v  6.3228 -5.1811 -2.4393
v  -6.3185 -6.3185 -2.4411
v  -6.2405 -6.3185 -2.4411
v  -6.2244 -6.2795 -2.4411
v  -6.2405 -6.2406 -2.4411
v  -6.2795 -6.2244 -2.4411
v  -6.3185 -6.2406 -2.4411
v  -6.3346 -6.2795 -2.4411
v  -6.2795 -6.3346 -2.4411
v  -6.3268 -6.2322 -2.4293
v  -6.2795 -6.2126 -2.4293
v  -6.2322 -6.3269 -2.4293
v  -6.2795 -6.3465 -2.4293
v  -6.2795 -6.3465 -2.3152
v  -6.2322 -6.3269 -2.3152
v  -6.2126 -6.2795 -2.3152
v  -6.2126 -6.2795 -2.4293
v  -6.2322 -6.2322 -2.3152
v  -6.2322 -6.2322 -2.4293
v  -6.2795 -6.2126 -2.3152
v  -6.3268 -6.2322 -2.3152
v  -6.3465 -6.2795 -2.3152
v  -6.3465 -6.2795 -2.4293
v  -6.3268 -6.3269 -2.3152
v  -6.3268 -6.3269 -2.4293
v  -6.3051 -6.2795 -2.2871
v  -6.2976 -6.2976 -2.2871
v  -6.2795 -6.3051 -2.2871
v  -6.2614 -6.2976 -2.2871
v  -6.2539 -6.2795 -2.2871
v  -6.2614 -6.2614 -2.2871
v  -6.2795 -6.2539 -2.2871
v  -6.2976 -6.2614 -2.2871
v  -6.3051 -6.2795 -2.4411
v  -6.3051 -6.2795 -2.4351
v  -6.3111 -6.2795 -2.4411
v  -6.2976 -6.2976 -2.4411
v  -6.3019 -6.3019 -2.4411
v  -6.2976 -6.2976 -2.4351
v  -6.2795 -6.3051 -2.4411
v  -6.2795 -6.3111 -2.4411
v  -6.2795 -6.3051 -2.4351
v  -6.2614 -6.2976 -2.4411
v  -6.2572 -6.3019 -2.4411
v  -6.2614 -6.2976 -2.4351
v  -6.2539 -6.2795 -2.4411
v  -6.2479 -6.2795 -2.4411
v  -6.2539 -6.2795 -2.4351
v  -6.2614 -6.2614 -2.4411
v  -6.2572 -6.2572 -2.4411
v  -6.2614 -6.2614 -2.4351
v  -6.2795 -6.2539 -2.4411
v  -6.2795 -6.2479 -2.4411
v  -6.2795 -6.2539 -2.4351
v  -6.2976 -6.2614 -2.4411
v  -6.3019 -6.2572 -2.4411
v  -6.2976 -6.2614 -2.4351
v  -6.2143 -6.2795 -2.4354
v  -6.2183 -6.2795 -2.4393
v  -6.2795 -6.3408 -2.4393
v  -6.2795 -6.3447 -2.4354
v  -6.2362 -6.2362 -2.4393
v  -6.2334 -6.2334 -2.4354
v  -6.2795 -6.2183 -2.4393
v  -6.2795 -6.2143 -2.4354
v  -6.3228 -6.2362 -2.4393
v  -6.3256 -6.2334 -2.4354
v  -6.3408 -6.2795 -2.4393
v  -6.3447 -6.2795 -2.4354
v  -6.3228 -6.3228 -2.4393
v  -6.3256 -6.3256 -2.4354
v  -6.2334 -6.3256 -2.4354
v  -6.2362 -6.3228 -2.4393
v  -6.3185 6.2405 -2.4411
v  -6.2405 6.2405 -2.4411
v  -6.2244 6.2795 -2.4411
v  -6.2406 6.3185 -2.4411
v  -6.2795 6.3346 -2.4411
v  -6.3185 6.3185 -2.4411
v  -6.3346 6.2795 -2.4411
v  -6.2795 6.2244 -2.4411
v  -6.3269 6.3269 -2.4293
v  -6.2795 6.3465 -2.4293
v  -6.2322 6.2322 -2.4293
v  -6.2795 6.2126 -2.4293
v  -6.2795 6.2126 -2.3152
v  -6.2322 6.2322 -2.3152
v  -6.2126 6.2795 -2.3152
v  -6.2126 6.2795 -2.4293
v  -6.2322 6.3269 -2.3152
v  -6.2322 6.3269 -2.4293
v  -6.2795 6.3465 -2.3152
v  -6.3269 6.3269 -2.3152
v  -6.3465 6.2795 -2.3152
v  -6.3465 6.2795 -2.4293
v  -6.3269 6.2322 -2.3152
v  -6.3269 6.2322 -2.4293
v  -6.3051 6.2795 -2.2871
v  -6.2976 6.2614 -2.2871
v  -6.2795 6.2539 -2.2871
v  -6.2614 6.2614 -2.2871
v  -6.2539 6.2795 -2.2871
v  -6.2614 6.2976 -2.2871
v  -6.2795 6.3051 -2.2871
v  -6.2976 6.2976 -2.2871
v  -6.3051 6.2795 -2.4411
v  -6.3051 6.2795 -2.4351
v  -6.3111 6.2795 -2.4411
v  -6.2976 6.2614 -2.4411
v  -6.3019 6.2572 -2.4411
v  -6.2976 6.2614 -2.4351
v  -6.2795 6.2539 -2.4411
v  -6.2795 6.2479 -2.4411
v  -6.2795 6.2539 -2.4351
v  -6.2614 6.2614 -2.4411
v  -6.2572 6.2572 -2.4411
v  -6.2614 6.2614 -2.4351
v  -6.2539 6.2795 -2.4411
v  -6.2479 6.2795 -2.4411
v  -6.2539 6.2795 -2.4351
v  -6.2614 6.2976 -2.4411
v  -6.2572 6.3019 -2.4411
v  -6.2614 6.2976 -2.4351
v  -6.2795 6.3051 -2.4411
v  -6.2795 6.3111 -2.4411
v  -6.2795 6.3051 -2.4351
v  -6.2976 6.2976 -2.4411
v  -6.3019 6.3019 -2.4411
v  -6.2976 6.2976 -2.4351
v  -6.2143 6.2795 -2.4354
v  -6.2183 6.2795 -2.4393
v  -6.2795 6.2183 -2.4393
v  -6.2795 6.2143 -2.4354
v  -6.2362 6.3228 -2.4393
v  -6.2334 6.3256 -2.4354
v  -6.2795 6.3408 -2.4393
v  -6.2795 6.3447 -2.4354
v  -6.3228 6.3228 -2.4393
v  -6.3256 6.3256 -2.4354
v  -6.3408 6.2795 -2.4393
v  -6.3447 6.2795 -2.4354
v  -6.3228 6.2362 -2.4393
v  -6.3256 6.2334 -2.4354
v  -6.2334 6.2334 -2.4354
v  -6.2362 6.2362 -2.4393
v  -6.3185 5.0988 -2.4411
v  -6.2406 5.0988 -2.4411
v  -6.2244 5.1378 -2.4411
v  -6.2406 5.1768 -2.4411
v  -6.2795 5.1929 -2.4411
v  -6.3185 5.1768 -2.4411
v  -6.3346 5.1378 -2.4411
v  -6.2795 5.0827 -2.4411
v  -6.3269 5.1851 -2.4293
v  -6.2795 5.2047 -2.4293
v  -6.2322 5.0905 -2.4293
v  -6.2795 5.0709 -2.4293
v  -6.2795 5.0709 -2.3152
v  -6.2322 5.0905 -2.3152
v  -6.2126 5.1378 -2.3152
v  -6.2126 5.1378 -2.4293
v  -6.2322 5.1851 -2.3152
v  -6.2322 5.1851 -2.4293
v  -6.2795 5.2047 -2.3152
v  -6.3269 5.1851 -2.3152
v  -6.3465 5.1378 -2.3152
v  -6.3465 5.1378 -2.4293
v  -6.3269 5.0905 -2.3152
v  -6.3269 5.0905 -2.4293
v  -6.3051 5.1378 -2.2871
v  -6.2976 5.1197 -2.2871
v  -6.2795 5.1122 -2.2871
v  -6.2614 5.1197 -2.2871
v  -6.2539 5.1378 -2.2871
v  -6.2614 5.1559 -2.2871
v  -6.2795 5.1634 -2.2871
v  -6.2976 5.1559 -2.2871
v  -6.3051 5.1378 -2.4411
v  -6.3051 5.1378 -2.4351
v  -6.3111 5.1378 -2.4411
v  -6.2976 5.1197 -2.4411
v  -6.3019 5.1155 -2.4411
v  -6.2976 5.1197 -2.4351
v  -6.2795 5.1122 -2.4411
v  -6.2795 5.1062 -2.4411
v  -6.2795 5.1122 -2.4351
v  -6.2614 5.1197 -2.4411
v  -6.2572 5.1155 -2.4411
v  -6.2614 5.1197 -2.4351
v  -6.2539 5.1378 -2.4411
v  -6.2479 5.1378 -2.4411
v  -6.2539 5.1378 -2.4351
v  -6.2614 5.1559 -2.4411
v  -6.2572 5.1601 -2.4411
v  -6.2614 5.1559 -2.4351
v  -6.2795 5.1634 -2.4411
v  -6.2795 5.1694 -2.4411
v  -6.2795 5.1634 -2.4351
v  -6.2976 5.1559 -2.4411
v  -6.3019 5.1601 -2.4411
v  -6.2976 5.1559 -2.4351
v  -6.2143 5.1378 -2.4354
v  -6.2183 5.1378 -2.4393
v  -6.2795 5.0766 -2.4393
v  -6.2795 5.0726 -2.4354
v  -6.2362 5.1811 -2.4393
v  -6.2334 5.1839 -2.4354
v  -6.2795 5.1990 -2.4393
v  -6.2795 5.2030 -2.4354
v  -6.3228 5.1811 -2.4393
v  -6.3256 5.1839 -2.4354
v  -6.3408 5.1378 -2.4393
v  -6.3447 5.1378 -2.4354
v  -6.3228 5.0945 -2.4393
v  -6.3256 5.0917 -2.4354
v  -6.2334 5.0917 -2.4354
v  -6.2362 5.0945 -2.4393
v  -6.3185 3.9571 -2.4411
v  -6.2405 3.9571 -2.4411
v  -6.2244 3.9961 -2.4411
v  -6.2406 4.0350 -2.4411
v  -6.2795 4.0512 -2.4411
v  -6.3185 4.0350 -2.4411
v  -6.3346 3.9961 -2.4411
v  -6.2795 3.9409 -2.4411
v  -6.3269 4.0434 -2.4293
v  -6.2795 4.0630 -2.4293
v  -6.2322 3.9487 -2.4293
v  -6.2795 3.9291 -2.4293
v  -6.2795 3.9291 -2.3152
v  -6.2322 3.9487 -2.3152
v  -6.2126 3.9961 -2.3152
v  -6.2126 3.9961 -2.4293
v  -6.2322 4.0434 -2.3152
v  -6.2322 4.0434 -2.4293
v  -6.2795 4.0630 -2.3152
v  -6.3269 4.0434 -2.3152
v  -6.3465 3.9961 -2.3152
v  -6.3465 3.9961 -2.4293
v  -6.3268 3.9487 -2.3152
v  -6.3268 3.9487 -2.4293
v  -6.3051 3.9961 -2.2871
v  -6.2976 3.9780 -2.2871
v  -6.2795 3.9705 -2.2871
v  -6.2614 3.9780 -2.2871
v  -6.2539 3.9961 -2.2871
v  -6.2614 4.0142 -2.2871
v  -6.2795 4.0217 -2.2871
v  -6.2976 4.0142 -2.2871
v  -6.3051 3.9961 -2.4411
v  -6.3051 3.9961 -2.4351
v  -6.3111 3.9961 -2.4411
v  -6.2976 3.9780 -2.4411
v  -6.3019 3.9737 -2.4411
v  -6.2976 3.9780 -2.4351
v  -6.2795 3.9705 -2.4411
v  -6.2795 3.9645 -2.4411
v  -6.2795 3.9705 -2.4351
v  -6.2614 3.9780 -2.4411
v  -6.2572 3.9737 -2.4411
v  -6.2614 3.9780 -2.4351
v  -6.2539 3.9961 -2.4411
v  -6.2479 3.9961 -2.4411
v  -6.2539 3.9961 -2.4351
v  -6.2614 4.0142 -2.4411
v  -6.2572 4.0184 -2.4411
v  -6.2614 4.0142 -2.4351
v  -6.2795 4.0217 -2.4411
v  -6.2795 4.0277 -2.4411
v  -6.2795 4.0217 -2.4351
v  -6.2976 4.0142 -2.4411
v  -6.3019 4.0184 -2.4411
v  -6.2976 4.0142 -2.4351
v  -6.2143 3.9961 -2.4354
v  -6.2183 3.9961 -2.4393
v  -6.2795 3.9348 -2.4393
v  -6.2795 3.9309 -2.4354
v  -6.2362 4.0394 -2.4393
v  -6.2334 4.0421 -2.4354
v  -6.2795 4.0573 -2.4393
v  -6.2795 4.0612 -2.4354
v  -6.3228 4.0394 -2.4393
v  -6.3256 4.0422 -2.4354
v  -6.3408 3.9961 -2.4393
v  -6.3447 3.9961 -2.4354
v  -6.3228 3.9528 -2.4393
v  -6.3256 3.9500 -2.4354
v  -6.2334 3.9500 -2.4354
v  -6.2362 3.9528 -2.4393
v  -6.3185 2.8154 -2.4411
v  -6.2405 2.8154 -2.4411
v  -6.2244 2.8543 -2.4411
v  -6.2406 2.8933 -2.4411
v  -6.2795 2.9094 -2.4411
v  -6.3185 2.8933 -2.4411
v  -6.3346 2.8543 -2.4411
v  -6.2795 2.7992 -2.4411
v  -6.3268 2.9017 -2.4293
v  -6.2795 2.9213 -2.4293
v  -6.2322 2.8070 -2.4293
v  -6.2795 2.7874 -2.4293
v  -6.2795 2.7874 -2.3152
v  -6.2322 2.8070 -2.3152
v  -6.2126 2.8543 -2.3152
v  -6.2126 2.8543 -2.4293
v  -6.2322 2.9017 -2.3152
v  -6.2322 2.9017 -2.4293
v  -6.2795 2.9213 -2.3152
v  -6.3268 2.9017 -2.3152
v  -6.3465 2.8543 -2.3152
v  -6.3465 2.8543 -2.4293
v  -6.3268 2.8070 -2.3152
v  -6.3268 2.8070 -2.4293
v  -6.3051 2.8543 -2.2871
v  -6.2976 2.8362 -2.2871
v  -6.2795 2.8287 -2.2871
v  -6.2614 2.8362 -2.2871
v  -6.2539 2.8543 -2.2871
v  -6.2614 2.8724 -2.2871
v  -6.2795 2.8799 -2.2871
v  -6.2976 2.8724 -2.2871
v  -6.3051 2.8543 -2.4411
v  -6.3051 2.8543 -2.4351
v  -6.3111 2.8543 -2.4411
v  -6.2976 2.8362 -2.4411
v  -6.3019 2.8320 -2.4411
v  -6.2976 2.8362 -2.4351
v  -6.2795 2.8287 -2.4411
v  -6.2795 2.8227 -2.4411
v  -6.2795 2.8287 -2.4351
v  -6.2614 2.8362 -2.4411
v  -6.2572 2.8320 -2.4411
v  -6.2614 2.8362 -2.4351
v  -6.2539 2.8543 -2.4411
v  -6.2479 2.8543 -2.4411
v  -6.2539 2.8543 -2.4351
v  -6.2614 2.8724 -2.4411
v  -6.2572 2.8767 -2.4411
v  -6.2614 2.8724 -2.4351
v  -6.2795 2.8799 -2.4411
v  -6.2795 2.8859 -2.4411
v  -6.2795 2.8799 -2.4351
v  -6.2976 2.8724 -2.4411
v  -6.3019 2.8767 -2.4411
v  -6.2976 2.8724 -2.4351
v  -6.2143 2.8543 -2.4354
v  -6.2183 2.8543 -2.4393
v  -6.2795 2.7931 -2.4393
v  -6.2795 2.7891 -2.4354
v  -6.2362 2.8976 -2.4393
v  -6.2334 2.9004 -2.4354
v  -6.2795 2.9156 -2.4393
v  -6.2795 2.9195 -2.4354
v  -6.3228 2.8976 -2.4393
v  -6.3256 2.9004 -2.4354
v  -6.3408 2.8543 -2.4393
v  -6.3447 2.8543 -2.4354
v  -6.3228 2.8110 -2.4393
v  -6.3256 2.8082 -2.4354
v  -6.2334 2.8082 -2.4354
v  -6.2362 2.8110 -2.4393
v  -6.3185 1.6736 -2.4411
v  -6.2405 1.6736 -2.4411
v  -6.2244 1.7126 -2.4411
v  -6.2406 1.7516 -2.4411
v  -6.2795 1.7677 -2.4411
v  -6.3185 1.7516 -2.4411
v  -6.3346 1.7126 -2.4411
v  -6.2795 1.6575 -2.4411
v  -6.3268 1.7599 -2.4293
v  -6.2795 1.7795 -2.4293
v  -6.2322 1.6653 -2.4293
v  -6.2795 1.6457 -2.4293
v  -6.2795 1.6457 -2.3152
v  -6.2322 1.6653 -2.3152
v  -6.2126 1.7126 -2.3152
v  -6.2126 1.7126 -2.4293
v  -6.2322 1.7599 -2.3152
v  -6.2322 1.7599 -2.4293
v  -6.2795 1.7795 -2.3152
v  -6.3268 1.7599 -2.3152
v  -6.3465 1.7126 -2.3152
v  -6.3465 1.7126 -2.4293
v  -6.3268 1.6653 -2.3152
v  -6.3268 1.6653 -2.4293
v  -6.3051 1.7126 -2.2871
v  -6.2976 1.6945 -2.2871
v  -6.2795 1.6870 -2.2871
v  -6.2614 1.6945 -2.2871
v  -6.2539 1.7126 -2.2871
v  -6.2614 1.7307 -2.2871
v  -6.2795 1.7382 -2.2871
v  -6.2976 1.7307 -2.2871
v  -6.3051 1.7126 -2.4411
v  -6.3051 1.7126 -2.4351
v  -6.3111 1.7126 -2.4411
v  -6.2976 1.6945 -2.4411
v  -6.3019 1.6903 -2.4411
v  -6.2976 1.6945 -2.4351
v  -6.2795 1.6870 -2.4411
v  -6.2795 1.6810 -2.4411
v  -6.2795 1.6870 -2.4351
v  -6.2614 1.6945 -2.4411
v  -6.2572 1.6903 -2.4411
v  -6.2614 1.6945 -2.4351
v  -6.2539 1.7126 -2.4411
v  -6.2479 1.7126 -2.4411
v  -6.2539 1.7126 -2.4351
v  -6.2614 1.7307 -2.4411
v  -6.2572 1.7349 -2.4411
v  -6.2614 1.7307 -2.4351
v  -6.2795 1.7382 -2.4411
v  -6.2795 1.7442 -2.4411
v  -6.2795 1.7382 -2.4351
v  -6.2976 1.7307 -2.4411
v  -6.3019 1.7349 -2.4411
v  -6.2976 1.7307 -2.4351
v  -6.2143 1.7126 -2.4354
v  -6.2183 1.7126 -2.4393
v  -6.2795 1.6514 -2.4393
v  -6.2795 1.6474 -2.4354
v  -6.2362 1.7559 -2.4393
v  -6.2334 1.7587 -2.4354
v  -6.2795 1.7738 -2.4393
v  -6.2795 1.7778 -2.4354
v  -6.3228 1.7559 -2.4393
v  -6.3256 1.7587 -2.4354
v  -6.3408 1.7126 -2.4393
v  -6.3447 1.7126 -2.4354
v  -6.3228 1.6693 -2.4393
v  -6.3256 1.6665 -2.4354
v  -6.2334 1.6665 -2.4354
v  -6.2362 1.6693 -2.4393
v  -6.3185 0.5319 -2.4411
v  -6.2405 0.5319 -2.4411
v  -6.2244 0.5709 -2.4411
v  -6.2406 0.6098 -2.4411
v  -6.2795 0.6260 -2.4411
v  -6.3185 0.6098 -2.4411
v  -6.3346 0.5709 -2.4411
v  -6.2795 0.5157 -2.4411
v  -6.3269 0.6182 -2.4293
v  -6.2795 0.6378 -2.4293
v  -6.2322 0.5235 -2.4293
v  -6.2795 0.5039 -2.4293
v  -6.2795 0.5039 -2.3152
v  -6.2322 0.5235 -2.3152
v  -6.2126 0.5709 -2.3152
v  -6.2126 0.5709 -2.4293
v  -6.2322 0.6182 -2.3152
v  -6.2322 0.6182 -2.4293
v  -6.2795 0.6378 -2.3152
v  -6.3269 0.6182 -2.3152
v  -6.3465 0.5709 -2.3152
v  -6.3465 0.5709 -2.4293
v  -6.3269 0.5235 -2.3152
v  -6.3269 0.5235 -2.4293
v  -6.3051 0.5709 -2.2871
v  -6.2976 0.5528 -2.2871
v  -6.2795 0.5453 -2.2871
v  -6.2614 0.5528 -2.2871
v  -6.2539 0.5709 -2.2871
v  -6.2614 0.5890 -2.2871
v  -6.2795 0.5965 -2.2871
v  -6.2976 0.5890 -2.2871
v  -6.3051 0.5709 -2.4411
v  -6.3051 0.5709 -2.4351
v  -6.3111 0.5709 -2.4411
v  -6.2976 0.5528 -2.4411
v  -6.3019 0.5485 -2.4411
v  -6.2976 0.5528 -2.4351
v  -6.2795 0.5453 -2.4411
v  -6.2795 0.5393 -2.4411
v  -6.2795 0.5453 -2.4351
v  -6.2614 0.5528 -2.4411
v  -6.2572 0.5485 -2.4411
v  -6.2614 0.5528 -2.4351
v  -6.2539 0.5709 -2.4411
v  -6.2479 0.5709 -2.4411
v  -6.2539 0.5709 -2.4351
v  -6.2614 0.5890 -2.4411
v  -6.2572 0.5932 -2.4411
v  -6.2614 0.5890 -2.4351
v  -6.2795 0.5965 -2.4411
v  -6.2795 0.6025 -2.4411
v  -6.2795 0.5965 -2.4351
v  -6.2976 0.5890 -2.4411
v  -6.3019 0.5932 -2.4411
v  -6.2976 0.5890 -2.4351
v  -6.2143 0.5709 -2.4354
v  -6.2183 0.5709 -2.4393
v  -6.2795 0.5096 -2.4393
v  -6.2795 0.5057 -2.4354
v  -6.2362 0.6142 -2.4393
v  -6.2334 0.6170 -2.4354
v  -6.2795 0.6321 -2.4393
v  -6.2795 0.6360 -2.4354
v  -6.3228 0.6142 -2.4393
v  -6.3256 0.6170 -2.4354
v  -6.3408 0.5709 -2.4393
v  -6.3447 0.5709 -2.4354
v  -6.3228 0.5276 -2.4393
v  -6.3256 0.5248 -2.4354
v  -6.2334 0.5248 -2.4354
v  -6.2362 0.5276 -2.4393
v  -6.3185 -0.6098 -2.4411
v  -6.2405 -0.6098 -2.4411
v  -6.2244 -0.5709 -2.4411
v  -6.2405 -0.5319 -2.4411
v  -6.2795 -0.5157 -2.4411
v  -6.3185 -0.5319 -2.4411
v  -6.3346 -0.5709 -2.4411
v  -6.2795 -0.6260 -2.4411
v  -6.3268 -0.5235 -2.4293
v  -6.2795 -0.5039 -2.4293
v  -6.2322 -0.6182 -2.4293
v  -6.2795 -0.6378 -2.4293
v  -6.2795 -0.6378 -2.3152
v  -6.2322 -0.6182 -2.3152
v  -6.2126 -0.5709 -2.3152
v  -6.2126 -0.5709 -2.4293
v  -6.2322 -0.5235 -2.3152
v  -6.2322 -0.5235 -2.4293
v  -6.2795 -0.5039 -2.3152
v  -6.3268 -0.5235 -2.3152
v  -6.3465 -0.5709 -2.3152
v  -6.3465 -0.5709 -2.4293
v  -6.3268 -0.6182 -2.3152
v  -6.3268 -0.6182 -2.4293
v  -6.3051 -0.5709 -2.2871
v  -6.2976 -0.5890 -2.2871
v  -6.2795 -0.5965 -2.2871
v  -6.2614 -0.5890 -2.2871
v  -6.2539 -0.5709 -2.2871
v  -6.2614 -0.5528 -2.2871
v  -6.2795 -0.5453 -2.2871
v  -6.2976 -0.5528 -2.2871
v  -6.3051 -0.5709 -2.4411
v  -6.3051 -0.5709 -2.4351
v  -6.3111 -0.5709 -2.4411
v  -6.2976 -0.5890 -2.4411
v  -6.3019 -0.5932 -2.4411
v  -6.2976 -0.5890 -2.4351
v  -6.2795 -0.5965 -2.4411
v  -6.2795 -0.6025 -2.4411
v  -6.2795 -0.5965 -2.4351
v  -6.2614 -0.5890 -2.4411
v  -6.2572 -0.5932 -2.4411
v  -6.2614 -0.5890 -2.4351
v  -6.2539 -0.5709 -2.4411
v  -6.2479 -0.5709 -2.4411
v  -6.2539 -0.5709 -2.4351
v  -6.2614 -0.5528 -2.4411
v  -6.2572 -0.5485 -2.4411
v  -6.2614 -0.5528 -2.4351
v  -6.2795 -0.5453 -2.4411
v  -6.2795 -0.5393 -2.4411
v  -6.2795 -0.5453 -2.4351
v  -6.2976 -0.5528 -2.4411
v  -6.3019 -0.5485 -2.4411
v  -6.2976 -0.5528 -2.4351
v  -6.2143 -0.5709 -2.4354
v  -6.2183 -0.5709 -2.4393
v  -6.2795 -0.6321 -2.4393
v  -6.2795 -0.6360 -2.4354
v  -6.2362 -0.5276 -2.4393
v  -6.2334 -0.5248 -2.4354
v  -6.2795 -0.5096 -2.4393
v  -6.2795 -0.5057 -2.4354
v  -6.3228 -0.5276 -2.4393
v  -6.3256 -0.5248 -2.4354
v  -6.3408 -0.5709 -2.4393
v  -6.3447 -0.5709 -2.4354
v  -6.3228 -0.6142 -2.4393
v  -6.3256 -0.6170 -2.4354
v  -6.2334 -0.6170 -2.4354
v  -6.2362 -0.6142 -2.4393
v  -6.3185 -1.7516 -2.4411
v  -6.2405 -1.7516 -2.4411
v  -6.2244 -1.7126 -2.4411
v  -6.2405 -1.6736 -2.4411
v  -6.2795 -1.6575 -2.4411
v  -6.3185 -1.6736 -2.4411
v  -6.3346 -1.7126 -2.4411
v  -6.2795 -1.7677 -2.4411
v  -6.3268 -1.6653 -2.4293
v  -6.2795 -1.6457 -2.4293
v  -6.2322 -1.7599 -2.4293
v  -6.2795 -1.7795 -2.4293
v  -6.2795 -1.7795 -2.3152
v  -6.2322 -1.7599 -2.3152
v  -6.2126 -1.7126 -2.3152
v  -6.2126 -1.7126 -2.4293
v  -6.2322 -1.6653 -2.3152
v  -6.2322 -1.6653 -2.4293
v  -6.2795 -1.6457 -2.3152
v  -6.3268 -1.6653 -2.3152
v  -6.3465 -1.7126 -2.3152
v  -6.3465 -1.7126 -2.4293
v  -6.3268 -1.7599 -2.3152
v  -6.3268 -1.7599 -2.4293
v  -6.3051 -1.7126 -2.2871
v  -6.2976 -1.7307 -2.2871
v  -6.2795 -1.7382 -2.2871
v  -6.2614 -1.7307 -2.2871
v  -6.2539 -1.7126 -2.2871
v  -6.2614 -1.6945 -2.2871
v  -6.2795 -1.6870 -2.2871
v  -6.2976 -1.6945 -2.2871
v  -6.3051 -1.7126 -2.4411
v  -6.3051 -1.7126 -2.4351
v  -6.3111 -1.7126 -2.4411
v  -6.2976 -1.7307 -2.4411
v  -6.3019 -1.7349 -2.4411
v  -6.2976 -1.7307 -2.4351
v  -6.2795 -1.7382 -2.4411
v  -6.2795 -1.7442 -2.4411
v  -6.2795 -1.7382 -2.4351
v  -6.2614 -1.7307 -2.4411
v  -6.2572 -1.7349 -2.4411
v  -6.2614 -1.7307 -2.4351
v  -6.2539 -1.7126 -2.4411
v  -6.2479 -1.7126 -2.4411
v  -6.2539 -1.7126 -2.4351
v  -6.2614 -1.6945 -2.4411
v  -6.2572 -1.6903 -2.4411
v  -6.2614 -1.6945 -2.4351
v  -6.2795 -1.6870 -2.4411
v  -6.2795 -1.6810 -2.4411
v  -6.2795 -1.6870 -2.4351
v  -6.2976 -1.6945 -2.4411
v  -6.3019 -1.6903 -2.4411
v  -6.2976 -1.6945 -2.4351
v  -6.2143 -1.7126 -2.4354
v  -6.2183 -1.7126 -2.4393
v  -6.2795 -1.7738 -2.4393
v  -6.2795 -1.7778 -2.4354
v  -6.2362 -1.6693 -2.4393
v  -6.2334 -1.6665 -2.4354
v  -6.2795 -1.6514 -2.4393
v  -6.2795 -1.6474 -2.4354
v  -6.3228 -1.6693 -2.4393
v  -6.3256 -1.6665 -2.4354
v  -6.3408 -1.7126 -2.4393
v  -6.3447 -1.7126 -2.4354
v  -6.3228 -1.7559 -2.4393
v  -6.3256 -1.7587 -2.4354
v  -6.2334 -1.7587 -2.4354
v  -6.2362 -1.7559 -2.4393
v  -6.3185 -2.8933 -2.4411
v  -6.2405 -2.8933 -2.4411
v  -6.2244 -2.8543 -2.4411
v  -6.2405 -2.8154 -2.4411
v  -6.2795 -2.7992 -2.4411
v  -6.3185 -2.8154 -2.4411
v  -6.3346 -2.8543 -2.4411
v  -6.2795 -2.9094 -2.4411
v  -6.3268 -2.8070 -2.4293
v  -6.2795 -2.7874 -2.4293
v  -6.2322 -2.9017 -2.4293
v  -6.2795 -2.9213 -2.4293
v  -6.2795 -2.9213 -2.3152
v  -6.2322 -2.9017 -2.3152
v  -6.2126 -2.8543 -2.3152
v  -6.2126 -2.8543 -2.4293
v  -6.2322 -2.8070 -2.3152
v  -6.2322 -2.8070 -2.4293
v  -6.2795 -2.7874 -2.3152
v  -6.3268 -2.8070 -2.3152
v  -6.3465 -2.8543 -2.3152
v  -6.3465 -2.8543 -2.4293
v  -6.3268 -2.9017 -2.3152
v  -6.3268 -2.9017 -2.4293
v  -6.3051 -2.8543 -2.2871
v  -6.2976 -2.8724 -2.2871
v  -6.2795 -2.8799 -2.2871
v  -6.2614 -2.8724 -2.2871
v  -6.2539 -2.8543 -2.2871
v  -6.2614 -2.8362 -2.2871
v  -6.2795 -2.8287 -2.2871
v  -6.2976 -2.8362 -2.2871
v  -6.3051 -2.8543 -2.4411
v  -6.3051 -2.8543 -2.4351
v  -6.3111 -2.8543 -2.4411
v  -6.2976 -2.8724 -2.4411
v  -6.3019 -2.8767 -2.4411
v  -6.2976 -2.8724 -2.4351
v  -6.2795 -2.8799 -2.4411
v  -6.2795 -2.8859 -2.4411
v  -6.2795 -2.8799 -2.4351
v  -6.2614 -2.8724 -2.4411
v  -6.2572 -2.8767 -2.4411
v  -6.2614 -2.8724 -2.4351
v  -6.2539 -2.8543 -2.4411
v  -6.2479 -2.8543 -2.4411
v  -6.2539 -2.8543 -2.4351
v  -6.2614 -2.8362 -2.4411
v  -6.2572 -2.8320 -2.4411
v  -6.2614 -2.8362 -2.4351
v  -6.2795 -2.8287 -2.4411
v  -6.2795 -2.8227 -2.4411
v  -6.2795 -2.8287 -2.4351
v  -6.2976 -2.8362 -2.4411
v  -6.3019 -2.8320 -2.4411
v  -6.2976 -2.8362 -2.4351
v  -6.2143 -2.8543 -2.4354
v  -6.2183 -2.8543 -2.4393
v  -6.2795 -2.9156 -2.4393
v  -6.2795 -2.9195 -2.4354
v  -6.2362 -2.8110 -2.4393
v  -6.2334 -2.8082 -2.4354
v  -6.2795 -2.7931 -2.4393
v  -6.2795 -2.7892 -2.4354
v  -6.3228 -2.8110 -2.4393
v  -6.3256 -2.8082 -2.4354
v  -6.3408 -2.8543 -2.4393
v  -6.3447 -2.8543 -2.4354
v  -6.3228 -2.8976 -2.4393
v  -6.3256 -2.9004 -2.4354
v  -6.2334 -2.9004 -2.4354
v  -6.2362 -2.8976 -2.4393
v  -6.3185 -4.0350 -2.4411
v  -6.2405 -4.0350 -2.4411
v  -6.2244 -3.9961 -2.4411
v  -6.2405 -3.9571 -2.4411
v  -6.2795 -3.9409 -2.4411
v  -6.3185 -3.9571 -2.4411
v  -6.3346 -3.9961 -2.4411
v  -6.2795 -4.0512 -2.4411
v  -6.3268 -3.9487 -2.4293
v  -6.2795 -3.9291 -2.4293
v  -6.2322 -4.0434 -2.4293
v  -6.2795 -4.0630 -2.4293
v  -6.2795 -4.0630 -2.3152
v  -6.2322 -4.0434 -2.3152
v  -6.2126 -3.9961 -2.3152
v  -6.2126 -3.9961 -2.4293
v  -6.2322 -3.9487 -2.3152
v  -6.2322 -3.9487 -2.4293
v  -6.2795 -3.9291 -2.3152
v  -6.3268 -3.9487 -2.3152
v  -6.3464 -3.9961 -2.3152
v  -6.3464 -3.9961 -2.4293
v  -6.3268 -4.0434 -2.3152
v  -6.3268 -4.0434 -2.4293
v  -6.3051 -3.9961 -2.2871
v  -6.2976 -4.0142 -2.2871
v  -6.2795 -4.0217 -2.2871
v  -6.2614 -4.0142 -2.2871
v  -6.2539 -3.9961 -2.2871
v  -6.2614 -3.9780 -2.2871
v  -6.2795 -3.9705 -2.2871
v  -6.2976 -3.9780 -2.2871
v  -6.3051 -3.9961 -2.4411
v  -6.3051 -3.9961 -2.4351
v  -6.3111 -3.9961 -2.4411
v  -6.2976 -4.0142 -2.4411
v  -6.3019 -4.0184 -2.4411
v  -6.2976 -4.0142 -2.4351
v  -6.2795 -4.0217 -2.4411
v  -6.2795 -4.0277 -2.4411
v  -6.2795 -4.0217 -2.4351
v  -6.2614 -4.0142 -2.4411
v  -6.2572 -4.0184 -2.4411
v  -6.2614 -4.0142 -2.4351
v  -6.2539 -3.9961 -2.4411
v  -6.2479 -3.9961 -2.4411
v  -6.2539 -3.9961 -2.4351
v  -6.2614 -3.9780 -2.4411
v  -6.2572 -3.9737 -2.4411
v  -6.2614 -3.9780 -2.4351
v  -6.2795 -3.9705 -2.4411
v  -6.2795 -3.9645 -2.4411
v  -6.2795 -3.9705 -2.4351
v  -6.2976 -3.9780 -2.4411
v  -6.3019 -3.9737 -2.4411
v  -6.2976 -3.9780 -2.4351
v  -6.2143 -3.9961 -2.4354
v  -6.2183 -3.9961 -2.4393
v  -6.2795 -4.0573 -2.4393
v  -6.2795 -4.0612 -2.4354
v  -6.2362 -3.9528 -2.4393
v  -6.2334 -3.9500 -2.4354
v  -6.2795 -3.9348 -2.4393
v  -6.2795 -3.9309 -2.4354
v  -6.3228 -3.9528 -2.4393
v  -6.3256 -3.9500 -2.4354
v  -6.3408 -3.9961 -2.4393
v  -6.3447 -3.9961 -2.4354
v  -6.3228 -4.0394 -2.4393
v  -6.3256 -4.0422 -2.4354
v  -6.2334 -4.0421 -2.4354
v  -6.2362 -4.0394 -2.4393
v  -6.3185 -5.1768 -2.4411
v  -6.2405 -5.1768 -2.4411
v  -6.2244 -5.1378 -2.4411
v  -6.2405 -5.0988 -2.4411
v  -6.2795 -5.0827 -2.4411
v  -6.3185 -5.0988 -2.4411
v  -6.3346 -5.1378 -2.4411
v  -6.2795 -5.1929 -2.4411
v  -6.3268 -5.0905 -2.4293
v  -6.2795 -5.0709 -2.4293
v  -6.2322 -5.1851 -2.4293
v  -6.2795 -5.2047 -2.4293
v  -6.2795 -5.2047 -2.3152
v  -6.2322 -5.1851 -2.3152
v  -6.2126 -5.1378 -2.3152
v  -6.2126 -5.1378 -2.4293
v  -6.2322 -5.0905 -2.3152
v  -6.2322 -5.0905 -2.4293
v  -6.2795 -5.0709 -2.3152
v  -6.3268 -5.0905 -2.3152
v  -6.3464 -5.1378 -2.3152
v  -6.3464 -5.1378 -2.4293
v  -6.3268 -5.1851 -2.3152
v  -6.3268 -5.1851 -2.4293
v  -6.3051 -5.1378 -2.2871
v  -6.2976 -5.1559 -2.2871
v  -6.2795 -5.1634 -2.2871
v  -6.2614 -5.1559 -2.2871
v  -6.2539 -5.1378 -2.2871
v  -6.2614 -5.1197 -2.2871
v  -6.2795 -5.1122 -2.2871
v  -6.2976 -5.1197 -2.2871
v  -6.3051 -5.1378 -2.4411
v  -6.3051 -5.1378 -2.4351
v  -6.3111 -5.1378 -2.4411
v  -6.2976 -5.1559 -2.4411
v  -6.3019 -5.1601 -2.4411
v  -6.2976 -5.1559 -2.4351
v  -6.2795 -5.1634 -2.4411
v  -6.2795 -5.1694 -2.4411
v  -6.2795 -5.1634 -2.4351
v  -6.2614 -5.1559 -2.4411
v  -6.2572 -5.1601 -2.4411
v  -6.2614 -5.1559 -2.4351
v  -6.2539 -5.1378 -2.4411
v  -6.2479 -5.1378 -2.4411
v  -6.2539 -5.1378 -2.4351
v  -6.2614 -5.1197 -2.4411
v  -6.2572 -5.1155 -2.4411
v  -6.2614 -5.1197 -2.4351
v  -6.2795 -5.1122 -2.4411
v  -6.2795 -5.1062 -2.4411
v  -6.2795 -5.1122 -2.4351
v  -6.2976 -5.1197 -2.4411
v  -6.3019 -5.1155 -2.4411
v  -6.2976 -5.1197 -2.4351
v  -6.2143 -5.1378 -2.4354
v  -6.2183 -5.1378 -2.4393
v  -6.2795 -5.1990 -2.4393
v  -6.2795 -5.2030 -2.4354
v  -6.2362 -5.0945 -2.4393
v  -6.2334 -5.0917 -2.4354
v  -6.2795 -5.0766 -2.4393
v  -6.2795 -5.0726 -2.4354
v  -6.3228 -5.0945 -2.4393
v  -6.3256 -5.0917 -2.4354
v  -6.3408 -5.1378 -2.4393
v  -6.3447 -5.1378 -2.4354
v  -6.3228 -5.1811 -2.4393
v  -6.3256 -5.1839 -2.4354
v  -6.2334 -5.1839 -2.4354
v  -6.2362 -5.1811 -2.4393
v  -5.1768 -6.3185 -2.4411
v  -5.0988 -6.3185 -2.4411
v  -5.0827 -6.2795 -2.4411
v  -5.0988 -6.2406 -2.4411
v  -5.1378 -6.2244 -2.4411
v  -5.1768 -6.2406 -2.4411
v  -5.1929 -6.2795 -2.4411
v  -5.1378 -6.3346 -2.4411
v  -5.1851 -6.2322 -2.4293
v  -5.1378 -6.2126 -2.4293
v  -5.0905 -6.3269 -2.4293
v  -5.1378 -6.3465 -2.4293
v  -5.1378 -6.3465 -2.3152
v  -5.0905 -6.3269 -2.3152
v  -5.0709 -6.2795 -2.3152
v  -5.0709 -6.2795 -2.4293
v  -5.0905 -6.2322 -2.3152
v  -5.0905 -6.2322 -2.4293
v  -5.1378 -6.2126 -2.3152
v  -5.1851 -6.2322 -2.3152
v  -5.2047 -6.2795 -2.3152
v  -5.2047 -6.2795 -2.4293
v  -5.1851 -6.3269 -2.3152
v  -5.1851 -6.3269 -2.4293
v  -5.1634 -6.2795 -2.2871
v  -5.1559 -6.2976 -2.2871
v  -5.1378 -6.3051 -2.2871
v  -5.1197 -6.2976 -2.2871
v  -5.1122 -6.2795 -2.2871
v  -5.1197 -6.2614 -2.2871
v  -5.1378 -6.2539 -2.2871
v  -5.1559 -6.2614 -2.2871
v  -5.1634 -6.2795 -2.4411
v  -5.1634 -6.2795 -2.4351
v  -5.1694 -6.2795 -2.4411
v  -5.1559 -6.2976 -2.4411
v  -5.1601 -6.3019 -2.4411
v  -5.1559 -6.2976 -2.4351
v  -5.1378 -6.3051 -2.4411
v  -5.1378 -6.3111 -2.4411
v  -5.1378 -6.3051 -2.4351
v  -5.1197 -6.2976 -2.4411
v  -5.1155 -6.3019 -2.4411
v  -5.1197 -6.2976 -2.4351
v  -5.1122 -6.2795 -2.4411
v  -5.1062 -6.2795 -2.4411
v  -5.1122 -6.2795 -2.4351
v  -5.1197 -6.2614 -2.4411
v  -5.1155 -6.2572 -2.4411
v  -5.1197 -6.2614 -2.4351
v  -5.1378 -6.2539 -2.4411
v  -5.1378 -6.2479 -2.4411
v  -5.1378 -6.2539 -2.4351
v  -5.1559 -6.2614 -2.4411
v  -5.1601 -6.2572 -2.4411
v  -5.1559 -6.2614 -2.4351
v  -5.0726 -6.2795 -2.4354
v  -5.0765 -6.2795 -2.4393
v  -5.1378 -6.3408 -2.4393
v  -5.1378 -6.3447 -2.4354
v  -5.0945 -6.2362 -2.4393
v  -5.0917 -6.2334 -2.4354
v  -5.1378 -6.2183 -2.4393
v  -5.1378 -6.2143 -2.4354
v  -5.1811 -6.2362 -2.4393
v  -5.1839 -6.2334 -2.4354
v  -5.1990 -6.2795 -2.4393
v  -5.2030 -6.2795 -2.4354
v  -5.1811 -6.3228 -2.4393
v  -5.1839 -6.3256 -2.4354
v  -5.0917 -6.3256 -2.4354
v  -5.0945 -6.3228 -2.4393
v  -5.1768 6.2405 -2.4411
v  -5.0988 6.2405 -2.4411
v  -5.0827 6.2795 -2.4411
v  -5.0988 6.3185 -2.4411
v  -5.1378 6.3346 -2.4411
v  -5.1768 6.3185 -2.4411
v  -5.1929 6.2795 -2.4411
v  -5.1378 6.2244 -2.4411
v  -5.1851 6.3269 -2.4293
v  -5.1378 6.3465 -2.4293
v  -5.0905 6.2322 -2.4293
v  -5.1378 6.2126 -2.4293
v  -5.1378 6.2126 -2.3152
v  -5.0905 6.2322 -2.3152
v  -5.0709 6.2795 -2.3152
v  -5.0709 6.2795 -2.4293
v  -5.0905 6.3269 -2.3152
v  -5.0905 6.3269 -2.4293
v  -5.1378 6.3465 -2.3152
v  -5.1851 6.3269 -2.3152
v  -5.2047 6.2795 -2.3152
v  -5.2047 6.2795 -2.4293
v  -5.1851 6.2322 -2.3152
v  -5.1851 6.2322 -2.4293
v  -5.1634 6.2795 -2.2871
v  -5.1559 6.2614 -2.2871
v  -5.1378 6.2539 -2.2871
v  -5.1197 6.2614 -2.2871
v  -5.1122 6.2795 -2.2871
v  -5.1197 6.2976 -2.2871
v  -5.1378 6.3051 -2.2871
v  -5.1559 6.2976 -2.2871
v  -5.1634 6.2795 -2.4411
v  -5.1634 6.2795 -2.4351
v  -5.1694 6.2795 -2.4411
v  -5.1559 6.2614 -2.4411
v  -5.1601 6.2572 -2.4411
v  -5.1559 6.2614 -2.4351
v  -5.1378 6.2539 -2.4411
v  -5.1378 6.2479 -2.4411
v  -5.1378 6.2539 -2.4351
v  -5.1197 6.2614 -2.4411
v  -5.1155 6.2572 -2.4411
v  -5.1197 6.2614 -2.4351
v  -5.1122 6.2795 -2.4411
v  -5.1062 6.2795 -2.4411
v  -5.1122 6.2795 -2.4351
v  -5.1197 6.2976 -2.4411
v  -5.1155 6.3019 -2.4411
v  -5.1197 6.2976 -2.4351
v  -5.1378 6.3051 -2.4411
v  -5.1378 6.3111 -2.4411
v  -5.1378 6.3051 -2.4351
v  -5.1559 6.2976 -2.4411
v  -5.1601 6.3019 -2.4411
v  -5.1559 6.2976 -2.4351
v  -5.0726 6.2795 -2.4354
v  -5.0765 6.2795 -2.4393
v  -5.1378 6.2183 -2.4393
v  -5.1378 6.2143 -2.4354
v  -5.0945 6.3228 -2.4393
v  -5.0917 6.3256 -2.4354
v  -5.1378 6.3408 -2.4393
v  -5.1378 6.3447 -2.4354
v  -5.1811 6.3228 -2.4393
v  -5.1839 6.3256 -2.4354
v  -5.1990 6.2795 -2.4393
v  -5.2030 6.2795 -2.4354
v  -5.1811 6.2362 -2.4393
v  -5.1839 6.2334 -2.4354
v  -5.0917 6.2334 -2.4354
v  -5.0945 6.2362 -2.4393
v  -5.1768 5.0988 -2.4411
v  -5.0988 5.0988 -2.4411
v  -5.0827 5.1378 -2.4411
v  -5.0988 5.1768 -2.4411
v  -5.1378 5.1929 -2.4411
v  -5.1768 5.1768 -2.4411
v  -5.1929 5.1378 -2.4411
v  -5.1378 5.0827 -2.4411
v  -5.1851 5.1851 -2.4293
v  -5.1378 5.2047 -2.4293
v  -5.0905 5.0905 -2.4293
v  -5.1378 5.0709 -2.4293
v  -5.1378 5.0709 -2.3152
v  -5.0905 5.0905 -2.3152
v  -5.0709 5.1378 -2.3152
v  -5.0709 5.1378 -2.4293
v  -5.0905 5.1851 -2.3152
v  -5.0905 5.1851 -2.4293
v  -5.1378 5.2047 -2.3152
v  -5.1851 5.1851 -2.3152
v  -5.2047 5.1378 -2.3152
v  -5.2047 5.1378 -2.4293
v  -5.1851 5.0905 -2.3152
v  -5.1851 5.0905 -2.4293
v  -5.1634 5.1378 -2.2871
v  -5.1559 5.1197 -2.2871
v  -5.1378 5.1122 -2.2871
v  -5.1197 5.1197 -2.2871
v  -5.1122 5.1378 -2.2871
v  -5.1197 5.1559 -2.2871
v  -5.1378 5.1634 -2.2871
v  -5.1559 5.1559 -2.2871
v  -5.1634 5.1378 -2.4411
v  -5.1634 5.1378 -2.4351
v  -5.1694 5.1378 -2.4411
v  -5.1559 5.1197 -2.4411
v  -5.1601 5.1155 -2.4411
v  -5.1559 5.1197 -2.4351
v  -5.1378 5.1122 -2.4411
v  -5.1378 5.1062 -2.4411
v  -5.1378 5.1122 -2.4351
v  -5.1197 5.1197 -2.4411
v  -5.1155 5.1155 -2.4411
v  -5.1197 5.1197 -2.4351
v  -5.1122 5.1378 -2.4411
v  -5.1062 5.1378 -2.4411
v  -5.1122 5.1378 -2.4351
v  -5.1197 5.1559 -2.4411
v  -5.1155 5.1601 -2.4411
v  -5.1197 5.1559 -2.4351
v  -5.1378 5.1634 -2.4411
v  -5.1378 5.1694 -2.4411
v  -5.1378 5.1634 -2.4351
v  -5.1559 5.1559 -2.4411
v  -5.1601 5.1601 -2.4411
v  -5.1559 5.1559 -2.4351
v  -5.0726 5.1378 -2.4354
v  -5.0765 5.1378 -2.4393
v  -5.1378 5.0765 -2.4393
v  -5.1378 5.0726 -2.4354
v  -5.0945 5.1811 -2.4393
v  -5.0917 5.1839 -2.4354
v  -5.1378 5.1990 -2.4393
v  -5.1378 5.2030 -2.4354
v  -5.1811 5.1811 -2.4393
v  -5.1839 5.1839 -2.4354
v  -5.1990 5.1378 -2.4393
v  -5.2030 5.1378 -2.4354
v  -5.1811 5.0945 -2.4393
v  -5.1839 5.0917 -2.4354
v  -5.0917 5.0917 -2.4354
v  -5.0945 5.0945 -2.4393
v  -5.1768 3.9571 -2.4411
v  -5.0988 3.9571 -2.4411
v  -5.0827 3.9961 -2.4411
v  -5.0988 4.0350 -2.4411
v  -5.1378 4.0512 -2.4411
v  -5.1768 4.0350 -2.4411
v  -5.1929 3.9961 -2.4411
v  -5.1378 3.9409 -2.4411
v  -5.1851 4.0434 -2.4293
v  -5.1378 4.0630 -2.4293
v  -5.0905 3.9487 -2.4293
v  -5.1378 3.9291 -2.4293
v  -5.1378 3.9291 -2.3152
v  -5.0905 3.9487 -2.3152
v  -5.0709 3.9961 -2.3152
v  -5.0709 3.9961 -2.4293
v  -5.0905 4.0434 -2.3152
v  -5.0905 4.0434 -2.4293
v  -5.1378 4.0630 -2.3152
v  -5.1851 4.0434 -2.3152
v  -5.2047 3.9961 -2.3152
v  -5.2047 3.9961 -2.4293
v  -5.1851 3.9487 -2.3152
v  -5.1851 3.9487 -2.4293
v  -5.1634 3.9961 -2.2871
v  -5.1559 3.9780 -2.2871
v  -5.1378 3.9705 -2.2871
v  -5.1197 3.9780 -2.2871
v  -5.1122 3.9961 -2.2871
v  -5.1197 4.0142 -2.2871
v  -5.1378 4.0216 -2.2871
v  -5.1559 4.0142 -2.2871
v  -5.1634 3.9961 -2.4411
v  -5.1634 3.9961 -2.4351
v  -5.1694 3.9961 -2.4411
v  -5.1559 3.9780 -2.4411
v  -5.1601 3.9737 -2.4411
v  -5.1559 3.9780 -2.4351
v  -5.1378 3.9705 -2.4411
v  -5.1378 3.9645 -2.4411
v  -5.1378 3.9705 -2.4351
v  -5.1197 3.9780 -2.4411
v  -5.1155 3.9737 -2.4411
v  -5.1197 3.9780 -2.4351
v  -5.1122 3.9961 -2.4411
v  -5.1062 3.9961 -2.4411
v  -5.1122 3.9961 -2.4351
v  -5.1197 4.0142 -2.4411
v  -5.1155 4.0184 -2.4411
v  -5.1197 4.0142 -2.4351
v  -5.1378 4.0216 -2.4411
v  -5.1378 4.0276 -2.4411
v  -5.1378 4.0216 -2.4351
v  -5.1559 4.0142 -2.4411
v  -5.1601 4.0184 -2.4411
v  -5.1559 4.0142 -2.4351
v  -5.0726 3.9961 -2.4354
v  -5.0765 3.9961 -2.4393
v  -5.1378 3.9348 -2.4393
v  -5.1378 3.9309 -2.4354
v  -5.0945 4.0394 -2.4393
v  -5.0917 4.0421 -2.4354
v  -5.1378 4.0573 -2.4393
v  -5.1378 4.0612 -2.4354
v  -5.1811 4.0394 -2.4393
v  -5.1839 4.0421 -2.4354
v  -5.1990 3.9961 -2.4393
v  -5.2030 3.9961 -2.4354
v  -5.1811 3.9528 -2.4393
v  -5.1839 3.9500 -2.4354
v  -5.0917 3.9500 -2.4354
v  -5.0945 3.9528 -2.4393
v  -5.1768 2.8154 -2.4411
v  -5.0988 2.8154 -2.4411
v  -5.0827 2.8543 -2.4411
v  -5.0988 2.8933 -2.4411
v  -5.1378 2.9094 -2.4411
v  -5.1768 2.8933 -2.4411
v  -5.1929 2.8543 -2.4411
v  -5.1378 2.7992 -2.4411
v  -5.1851 2.9017 -2.4293
v  -5.1378 2.9213 -2.4293
v  -5.0905 2.8070 -2.4293
v  -5.1378 2.7874 -2.4293
v  -5.1378 2.7874 -2.3152
v  -5.0905 2.8070 -2.3152
v  -5.0709 2.8543 -2.3152
v  -5.0709 2.8543 -2.4293
v  -5.0905 2.9017 -2.3152
v  -5.0905 2.9017 -2.4293
v  -5.1378 2.9213 -2.3152
v  -5.1851 2.9017 -2.3152
v  -5.2047 2.8543 -2.3152
v  -5.2047 2.8543 -2.4293
v  -5.1851 2.8070 -2.3152
v  -5.1851 2.8070 -2.4293
v  -5.1634 2.8543 -2.2871
v  -5.1559 2.8362 -2.2871
v  -5.1378 2.8287 -2.2871
v  -5.1197 2.8362 -2.2871
v  -5.1122 2.8543 -2.2871
v  -5.1197 2.8724 -2.2871
v  -5.1378 2.8799 -2.2871
v  -5.1559 2.8724 -2.2871
v  -5.1634 2.8543 -2.4411
v  -5.1634 2.8543 -2.4351
v  -5.1694 2.8543 -2.4411
v  -5.1559 2.8362 -2.4411
v  -5.1601 2.8320 -2.4411
v  -5.1559 2.8362 -2.4351
v  -5.1378 2.8287 -2.4411
v  -5.1378 2.8227 -2.4411
v  -5.1378 2.8287 -2.4351
v  -5.1197 2.8362 -2.4411
v  -5.1155 2.8320 -2.4411
v  -5.1197 2.8362 -2.4351
v  -5.1122 2.8543 -2.4411
v  -5.1062 2.8543 -2.4411
v  -5.1122 2.8543 -2.4351
v  -5.1197 2.8724 -2.4411
v  -5.1155 2.8767 -2.4411
v  -5.1197 2.8724 -2.4351
v  -5.1378 2.8799 -2.4411
v  -5.1378 2.8859 -2.4411
v  -5.1378 2.8799 -2.4351
v  -5.1559 2.8724 -2.4411
v  -5.1601 2.8767 -2.4411
v  -5.1559 2.8724 -2.4351
v  -5.0726 2.8543 -2.4354
v  -5.0765 2.8543 -2.4393
v  -5.1378 2.7931 -2.4393
v  -5.1378 2.7891 -2.4354
v  -5.0945 2.8976 -2.4393
v  -5.0917 2.9004 -2.4354
v  -5.1378 2.9156 -2.4393
v  -5.1378 2.9195 -2.4354
v  -5.1811 2.8976 -2.4393
v  -5.1839 2.9004 -2.4354
v  -5.1990 2.8543 -2.4393
v  -5.2030 2.8543 -2.4354
v  -5.1811 2.8110 -2.4393
v  -5.1839 2.8082 -2.4354
v  -5.0917 2.8082 -2.4354
v  -5.0945 2.8110 -2.4393
v  -5.1768 1.6736 -2.4411
v  -5.0988 1.6736 -2.4411
v  -5.0827 1.7126 -2.4411
v  -5.0988 1.7516 -2.4411
v  -5.1378 1.7677 -2.4411
v  -5.1768 1.7516 -2.4411
v  -5.1929 1.7126 -2.4411
v  -5.1378 1.6575 -2.4411
v  -5.1851 1.7599 -2.4293
v  -5.1378 1.7795 -2.4293
v  -5.0905 1.6653 -2.4293
v  -5.1378 1.6457 -2.4293
v  -5.1378 1.6457 -2.3152
v  -5.0905 1.6653 -2.3152
v  -5.0709 1.7126 -2.3152
v  -5.0709 1.7126 -2.4293
v  -5.0905 1.7599 -2.3152
v  -5.0905 1.7599 -2.4293
v  -5.1378 1.7795 -2.3152
v  -5.1851 1.7599 -2.3152
v  -5.2047 1.7126 -2.3152
v  -5.2047 1.7126 -2.4293
v  -5.1851 1.6653 -2.3152
v  -5.1851 1.6653 -2.4293
v  -5.1634 1.7126 -2.2871
v  -5.1559 1.6945 -2.2871
v  -5.1378 1.6870 -2.2871
v  -5.1197 1.6945 -2.2871
v  -5.1122 1.7126 -2.2871
v  -5.1197 1.7307 -2.2871
v  -5.1378 1.7382 -2.2871
v  -5.1559 1.7307 -2.2871
v  -5.1634 1.7126 -2.4411
v  -5.1634 1.7126 -2.4351
v  -5.1694 1.7126 -2.4411
v  -5.1559 1.6945 -2.4411
v  -5.1601 1.6903 -2.4411
v  -5.1559 1.6945 -2.4351
v  -5.1378 1.6870 -2.4411
v  -5.1378 1.6810 -2.4411
v  -5.1378 1.6870 -2.4351
v  -5.1197 1.6945 -2.4411
v  -5.1155 1.6903 -2.4411
v  -5.1197 1.6945 -2.4351
v  -5.1122 1.7126 -2.4411
v  -5.1062 1.7126 -2.4411
v  -5.1122 1.7126 -2.4351
v  -5.1197 1.7307 -2.4411
v  -5.1155 1.7349 -2.4411
v  -5.1197 1.7307 -2.4351
v  -5.1378 1.7382 -2.4411
v  -5.1378 1.7442 -2.4411
v  -5.1378 1.7382 -2.4351
v  -5.1559 1.7307 -2.4411
v  -5.1601 1.7349 -2.4411
v  -5.1559 1.7307 -2.4351
v  -5.0726 1.7126 -2.4354
v  -5.0765 1.7126 -2.4393
v  -5.1378 1.6514 -2.4393
v  -5.1378 1.6474 -2.4354
v  -5.0945 1.7559 -2.4393
v  -5.0917 1.7587 -2.4354
v  -5.1378 1.7738 -2.4393
v  -5.1378 1.7778 -2.4354
v  -5.1811 1.7559 -2.4393
v  -5.1839 1.7587 -2.4354
v  -5.1990 1.7126 -2.4393
v  -5.2030 1.7126 -2.4354
v  -5.1811 1.6693 -2.4393
v  -5.1839 1.6665 -2.4354
v  -5.0917 1.6665 -2.4354
v  -5.0945 1.6693 -2.4393
v  -5.1768 0.5319 -2.4411
v  -5.0988 0.5319 -2.4411
v  -5.0827 0.5709 -2.4411
v  -5.0988 0.6098 -2.4411
v  -5.1378 0.6260 -2.4411
v  -5.1768 0.6098 -2.4411
v  -5.1929 0.5709 -2.4411
v  -5.1378 0.5157 -2.4411
v  -5.1851 0.6182 -2.4293
v  -5.1378 0.6378 -2.4293
v  -5.0905 0.5235 -2.4293
v  -5.1378 0.5039 -2.4293
v  -5.1378 0.5039 -2.3152
v  -5.0905 0.5235 -2.3152
v  -5.0709 0.5709 -2.3152
v  -5.0709 0.5709 -2.4293
v  -5.0905 0.6182 -2.3152
v  -5.0905 0.6182 -2.4293
v  -5.1378 0.6378 -2.3152
v  -5.1851 0.6182 -2.3152
v  -5.2047 0.5709 -2.3152
v  -5.2047 0.5709 -2.4293
v  -5.1851 0.5235 -2.3152
v  -5.1851 0.5235 -2.4293
v  -5.1634 0.5709 -2.2871
v  -5.1559 0.5528 -2.2871
v  -5.1378 0.5453 -2.2871
v  -5.1197 0.5528 -2.2871
v  -5.1122 0.5709 -2.2871
v  -5.1197 0.5890 -2.2871
v  -5.1378 0.5965 -2.2871
v  -5.1559 0.5890 -2.2871
v  -5.1634 0.5709 -2.4411
v  -5.1634 0.5709 -2.4351
v  -5.1694 0.5709 -2.4411
v  -5.1559 0.5528 -2.4411
v  -5.1601 0.5485 -2.4411
v  -5.1559 0.5528 -2.4351
v  -5.1378 0.5453 -2.4411
v  -5.1378 0.5393 -2.4411
v  -5.1378 0.5453 -2.4351
v  -5.1197 0.5528 -2.4411
v  -5.1155 0.5485 -2.4411
v  -5.1197 0.5528 -2.4351
v  -5.1122 0.5709 -2.4411
v  -5.1062 0.5709 -2.4411
v  -5.1122 0.5709 -2.4351
v  -5.1197 0.5890 -2.4411
v  -5.1155 0.5932 -2.4411
v  -5.1197 0.5890 -2.4351
v  -5.1378 0.5965 -2.4411
v  -5.1378 0.6025 -2.4411
v  -5.1378 0.5965 -2.4351
v  -5.1559 0.5890 -2.4411
v  -5.1601 0.5932 -2.4411
v  -5.1559 0.5890 -2.4351
v  -5.0726 0.5709 -2.4354
v  -5.0765 0.5709 -2.4393
v  -5.1378 0.5096 -2.4393
v  -5.1378 0.5057 -2.4354
v  -5.0945 0.6142 -2.4393
v  -5.0917 0.6170 -2.4354
v  -5.1378 0.6321 -2.4393
v  -5.1378 0.6360 -2.4354
v  -5.1811 0.6142 -2.4393
v  -5.1839 0.6170 -2.4354
v  -5.1990 0.5709 -2.4393
v  -5.2030 0.5709 -2.4354
v  -5.1811 0.5276 -2.4393
v  -5.1839 0.5248 -2.4354
v  -5.0917 0.5248 -2.4354
v  -5.0945 0.5276 -2.4393
v  -5.1768 -0.6098 -2.4411
v  -5.0988 -0.6098 -2.4411
v  -5.0827 -0.5709 -2.4411
v  -5.0988 -0.5319 -2.4411
v  -5.1378 -0.5157 -2.4411
v  -5.1768 -0.5319 -2.4411
v  -5.1929 -0.5709 -2.4411
v  -5.1378 -0.6260 -2.4411
v  -5.1851 -0.5235 -2.4293
v  -5.1378 -0.5039 -2.4293
v  -5.0905 -0.6182 -2.4293
v  -5.1378 -0.6378 -2.4293
v  -5.1378 -0.6378 -2.3152
v  -5.0905 -0.6182 -2.3152
v  -5.0709 -0.5709 -2.3152
v  -5.0709 -0.5709 -2.4293
v  -5.0905 -0.5235 -2.3152
v  -5.0905 -0.5235 -2.4293
v  -5.1378 -0.5039 -2.3152
v  -5.1851 -0.5235 -2.3152
v  -5.2047 -0.5709 -2.3152
v  -5.2047 -0.5709 -2.4293
v  -5.1851 -0.6182 -2.3152
v  -5.1851 -0.6182 -2.4293
v  -5.1634 -0.5709 -2.2871
v  -5.1559 -0.5890 -2.2871
v  -5.1378 -0.5965 -2.2871
v  -5.1197 -0.5890 -2.2871
v  -5.1122 -0.5709 -2.2871
v  -5.1197 -0.5528 -2.2871
v  -5.1378 -0.5453 -2.2871
v  -5.1559 -0.5528 -2.2871
v  -5.1634 -0.5709 -2.4411
v  -5.1634 -0.5709 -2.4351
v  -5.1694 -0.5709 -2.4411
v  -5.1559 -0.5890 -2.4411
v  -5.1601 -0.5932 -2.4411
v  -5.1559 -0.5890 -2.4351
v  -5.1378 -0.5965 -2.4411
v  -5.1378 -0.6025 -2.4411
v  -5.1378 -0.5965 -2.4351
v  -5.1197 -0.5890 -2.4411
v  -5.1155 -0.5932 -2.4411
v  -5.1197 -0.5890 -2.4351
v  -5.1122 -0.5709 -2.4411
v  -5.1062 -0.5709 -2.4411
v  -5.1122 -0.5709 -2.4351
v  -5.1197 -0.5528 -2.4411
v  -5.1155 -0.5485 -2.4411
v  -5.1197 -0.5528 -2.4351
v  -5.1378 -0.5453 -2.4411
v  -5.1378 -0.5393 -2.4411
v  -5.1378 -0.5453 -2.4351
v  -5.1559 -0.5528 -2.4411
v  -5.1601 -0.5485 -2.4411
v  -5.1559 -0.5528 -2.4351
v  -5.0726 -0.5709 -2.4354
v  -5.0765 -0.5709 -2.4393
v  -5.1378 -0.6321 -2.4393
v  -5.1378 -0.6360 -2.4354
v  -5.0945 -0.5276 -2.4393
v  -5.0917 -0.5248 -2.4354
v  -5.1378 -0.5096 -2.4393
v  -5.1378 -0.5057 -2.4354
v  -5.1811 -0.5276 -2.4393
v  -5.1839 -0.5248 -2.4354
v  -5.1990 -0.5709 -2.4393
v  -5.2030 -0.5709 -2.4354
v  -5.1811 -0.6142 -2.4393
v  -5.1839 -0.6170 -2.4354
v  -5.0917 -0.6170 -2.4354
v  -5.0945 -0.6142 -2.4393
v  -5.1768 -1.7516 -2.4411
v  -5.0988 -1.7516 -2.4411
v  -5.0827 -1.7126 -2.4411
v  -5.0988 -1.6736 -2.4411
v  -5.1378 -1.6575 -2.4411
v  -5.1768 -1.6736 -2.4411
v  -5.1929 -1.7126 -2.4411
v  -5.1378 -1.7677 -2.4411
v  -5.1851 -1.6653 -2.4293
v  -5.1378 -1.6457 -2.4293
v  -5.0905 -1.7599 -2.4293
v  -5.1378 -1.7795 -2.4293
v  -5.1378 -1.7795 -2.3152
v  -5.0905 -1.7599 -2.3152
v  -5.0709 -1.7126 -2.3152
v  -5.0709 -1.7126 -2.4293
v  -5.0905 -1.6653 -2.3152
v  -5.0905 -1.6653 -2.4293
v  -5.1378 -1.6457 -2.3152
v  -5.1851 -1.6653 -2.3152
v  -5.2047 -1.7126 -2.3152
v  -5.2047 -1.7126 -2.4293
v  -5.1851 -1.7599 -2.3152
v  -5.1851 -1.7599 -2.4293
v  -5.1634 -1.7126 -2.2871
v  -5.1559 -1.7307 -2.2871
v  -5.1378 -1.7382 -2.2871
v  -5.1197 -1.7307 -2.2871
v  -5.1122 -1.7126 -2.2871
v  -5.1197 -1.6945 -2.2871
v  -5.1378 -1.6870 -2.2871
v  -5.1559 -1.6945 -2.2871
v  -5.1634 -1.7126 -2.4411
v  -5.1634 -1.7126 -2.4351
v  -5.1694 -1.7126 -2.4411
v  -5.1559 -1.7307 -2.4411
v  -5.1601 -1.7349 -2.4411
v  -5.1559 -1.7307 -2.4351
v  -5.1378 -1.7382 -2.4411
v  -5.1378 -1.7442 -2.4411
v  -5.1378 -1.7382 -2.4351
v  -5.1197 -1.7307 -2.4411
v  -5.1155 -1.7349 -2.4411
v  -5.1197 -1.7307 -2.4351
v  -5.1122 -1.7126 -2.4411
v  -5.1062 -1.7126 -2.4411
v  -5.1122 -1.7126 -2.4351
v  -5.1197 -1.6945 -2.4411
v  -5.1155 -1.6903 -2.4411
v  -5.1197 -1.6945 -2.4351
v  -5.1378 -1.6870 -2.4411
v  -5.1378 -1.6810 -2.4411
v  -5.1378 -1.6870 -2.4351
v  -5.1559 -1.6945 -2.4411
v  -5.1601 -1.6903 -2.4411
v  -5.1559 -1.6945 -2.4351
v  -5.0726 -1.7126 -2.4354
v  -5.0765 -1.7126 -2.4393
v  -5.1378 -1.7738 -2.4393
v  -5.1378 -1.7778 -2.4354
v  -5.0945 -1.6693 -2.4393
v  -5.0917 -1.6665 -2.4354
v  -5.1378 -1.6514 -2.4393
v  -5.1378 -1.6474 -2.4354
v  -5.1811 -1.6693 -2.4393
v  -5.1839 -1.6665 -2.4354
v  -5.1990 -1.7126 -2.4393
v  -5.2030 -1.7126 -2.4354
v  -5.1811 -1.7559 -2.4393
v  -5.1839 -1.7587 -2.4354
v  -5.0917 -1.7587 -2.4354
v  -5.0945 -1.7559 -2.4393
v  -5.1768 -2.8933 -2.4411
v  -5.0988 -2.8933 -2.4411
v  -5.0827 -2.8543 -2.4411
v  -5.0988 -2.8154 -2.4411
v  -5.1378 -2.7992 -2.4411
v  -5.1768 -2.8154 -2.4411
v  -5.1929 -2.8543 -2.4411
v  -5.1378 -2.9094 -2.4411
v  -5.1851 -2.8070 -2.4293
v  -5.1378 -2.7874 -2.4293
v  -5.0905 -2.9017 -2.4293
v  -5.1378 -2.9213 -2.4293
v  -5.1378 -2.9213 -2.3152
v  -5.0905 -2.9017 -2.3152
v  -5.0709 -2.8543 -2.3152
v  -5.0709 -2.8543 -2.4293
v  -5.0905 -2.8070 -2.3152
v  -5.0905 -2.8070 -2.4293
v  -5.1378 -2.7874 -2.3152
v  -5.1851 -2.8070 -2.3152
v  -5.2047 -2.8543 -2.3152
v  -5.2047 -2.8543 -2.4293
v  -5.1851 -2.9017 -2.3152
v  -5.1851 -2.9017 -2.4293
v  -5.1634 -2.8543 -2.2871
v  -5.1559 -2.8724 -2.2871
v  -5.1378 -2.8799 -2.2871
v  -5.1197 -2.8724 -2.2871
v  -5.1122 -2.8543 -2.2871
v  -5.1197 -2.8362 -2.2871
v  -5.1378 -2.8287 -2.2871
v  -5.1559 -2.8362 -2.2871
v  -5.1634 -2.8543 -2.4411
v  -5.1634 -2.8543 -2.4351
v  -5.1694 -2.8543 -2.4411
v  -5.1559 -2.8724 -2.4411
v  -5.1601 -2.8767 -2.4411
v  -5.1559 -2.8724 -2.4351
v  -5.1378 -2.8799 -2.4411
v  -5.1378 -2.8859 -2.4411
v  -5.1378 -2.8799 -2.4351
v  -5.1197 -2.8724 -2.4411
v  -5.1155 -2.8767 -2.4411
v  -5.1197 -2.8724 -2.4351
v  -5.1122 -2.8543 -2.4411
v  -5.1062 -2.8543 -2.4411
v  -5.1122 -2.8543 -2.4351
v  -5.1197 -2.8362 -2.4411
v  -5.1155 -2.8320 -2.4411
v  -5.1197 -2.8362 -2.4351
v  -5.1378 -2.8287 -2.4411
v  -5.1378 -2.8227 -2.4411
v  -5.1378 -2.8287 -2.4351
v  -5.1559 -2.8362 -2.4411
v  -5.1601 -2.8320 -2.4411
v  -5.1559 -2.8362 -2.4351
v  -5.0726 -2.8543 -2.4354
v  -5.0765 -2.8543 -2.4393
v  -5.1378 -2.9156 -2.4393
v  -5.1378 -2.9195 -2.4354
v  -5.0945 -2.8110 -2.4393
v  -5.0917 -2.8082 -2.4354
v  -5.1378 -2.7931 -2.4393
v  -5.1378 -2.7892 -2.4354
v  -5.1811 -2.8110 -2.4393
v  -5.1839 -2.8082 -2.4354
v  -5.1990 -2.8543 -2.4393
v  -5.2030 -2.8543 -2.4354
v  -5.1811 -2.8976 -2.4393
v  -5.1839 -2.9004 -2.4354
v  -5.0917 -2.9004 -2.4354
v  -5.0945 -2.8976 -2.4393
v  -5.1768 -4.0350 -2.4411
v  -5.0988 -4.0350 -2.4411
v  -5.0827 -3.9961 -2.4411
v  -5.0988 -3.9571 -2.4411
v  -5.1378 -3.9409 -2.4411
v  -5.1768 -3.9571 -2.4411
v  -5.1929 -3.9961 -2.4411
v  -5.1378 -4.0512 -2.4411
v  -5.1851 -3.9487 -2.4293
v  -5.1378 -3.9291 -2.4293
v  -5.0905 -4.0434 -2.4293
v  -5.1378 -4.0630 -2.4293
v  -5.1378 -4.0630 -2.3152
v  -5.0905 -4.0434 -2.3152
v  -5.0709 -3.9961 -2.3152
v  -5.0709 -3.9961 -2.4293
v  -5.0905 -3.9487 -2.3152
v  -5.0905 -3.9487 -2.4293
v  -5.1378 -3.9291 -2.3152
v  -5.1851 -3.9487 -2.3152
v  -5.2047 -3.9961 -2.3152
v  -5.2047 -3.9961 -2.4293
v  -5.1851 -4.0434 -2.3152
v  -5.1851 -4.0434 -2.4293
v  -5.1634 -3.9961 -2.2871
v  -5.1559 -4.0142 -2.2871
v  -5.1378 -4.0217 -2.2871
v  -5.1197 -4.0142 -2.2871
v  -5.1122 -3.9961 -2.2871
v  -5.1197 -3.9780 -2.2871
v  -5.1378 -3.9705 -2.2871
v  -5.1559 -3.9780 -2.2871
v  -5.1634 -3.9961 -2.4411
v  -5.1634 -3.9961 -2.4351
v  -5.1694 -3.9961 -2.4411
v  -5.1559 -4.0142 -2.4411
v  -5.1601 -4.0184 -2.4411
v  -5.1559 -4.0142 -2.4351
v  -5.1378 -4.0217 -2.4411
v  -5.1378 -4.0277 -2.4411
v  -5.1378 -4.0217 -2.4351
v  -5.1197 -4.0142 -2.4411
v  -5.1155 -4.0184 -2.4411
v  -5.1197 -4.0142 -2.4351
v  -5.1122 -3.9961 -2.4411
v  -5.1062 -3.9961 -2.4411
v  -5.1122 -3.9961 -2.4351
v  -5.1197 -3.9780 -2.4411
v  -5.1155 -3.9737 -2.4411
v  -5.1197 -3.9780 -2.4351
v  -5.1378 -3.9705 -2.4411
v  -5.1378 -3.9645 -2.4411
v  -5.1378 -3.9705 -2.4351
v  -5.1559 -3.9780 -2.4411
v  -5.1601 -3.9737 -2.4411
v  -5.1559 -3.9780 -2.4351
v  -5.0726 -3.9961 -2.4354
v  -5.0765 -3.9961 -2.4393
v  -5.1378 -4.0573 -2.4393
v  -5.1378 -4.0612 -2.4354
v  -5.0945 -3.9528 -2.4393
v  -5.0917 -3.9500 -2.4354
v  -5.1378 -3.9348 -2.4393
v  -5.1378 -3.9309 -2.4354
v  -5.1811 -3.9528 -2.4393
v  -5.1839 -3.9500 -2.4354
v  -5.1990 -3.9961 -2.4393
v  -5.2030 -3.9961 -2.4354
v  -5.1811 -4.0394 -2.4393
v  -5.1839 -4.0422 -2.4354
v  -5.0917 -4.0421 -2.4354
v  -5.0945 -4.0394 -2.4393
v  -5.1768 -5.1768 -2.4411
v  -5.0988 -5.1768 -2.4411
v  -5.0827 -5.1378 -2.4411
v  -5.0988 -5.0988 -2.4411
v  -5.1378 -5.0827 -2.4411
v  -5.1768 -5.0988 -2.4411
v  -5.1929 -5.1378 -2.4411
v  -5.1378 -5.1929 -2.4411
v  -5.1851 -5.0905 -2.4293
v  -5.1378 -5.0709 -2.4293
v  -5.0905 -5.1851 -2.4293
v  -5.1378 -5.2047 -2.4293
v  -5.1378 -5.2047 -2.3152
v  -5.0905 -5.1851 -2.3152
v  -5.0709 -5.1378 -2.3152
v  -5.0709 -5.1378 -2.4293
v  -5.0905 -5.0905 -2.3152
v  -5.0905 -5.0905 -2.4293
v  -5.1378 -5.0709 -2.3152
v  -5.1851 -5.0905 -2.3152
v  -5.2047 -5.1378 -2.3152
v  -5.2047 -5.1378 -2.4293
v  -5.1851 -5.1851 -2.3152
v  -5.1851 -5.1851 -2.4293
v  -5.1634 -5.1378 -2.2871
v  -5.1559 -5.1559 -2.2871
v  -5.1378 -5.1634 -2.2871
v  -5.1197 -5.1559 -2.2871
v  -5.1122 -5.1378 -2.2871
v  -5.1197 -5.1197 -2.2871
v  -5.1378 -5.1122 -2.2871
v  -5.1559 -5.1197 -2.2871
v  -5.1634 -5.1378 -2.4411
v  -5.1634 -5.1378 -2.4351
v  -5.1694 -5.1378 -2.4411
v  -5.1559 -5.1559 -2.4411
v  -5.1601 -5.1601 -2.4411
v  -5.1559 -5.1559 -2.4351
v  -5.1378 -5.1634 -2.4411
v  -5.1378 -5.1694 -2.4411
v  -5.1378 -5.1634 -2.4351
v  -5.1197 -5.1559 -2.4411
v  -5.1155 -5.1601 -2.4411
v  -5.1197 -5.1559 -2.4351
v  -5.1122 -5.1378 -2.4411
v  -5.1062 -5.1378 -2.4411
v  -5.1122 -5.1378 -2.4351
v  -5.1197 -5.1197 -2.4411
v  -5.1155 -5.1155 -2.4411
v  -5.1197 -5.1197 -2.4351
v  -5.1378 -5.1122 -2.4411
v  -5.1378 -5.1062 -2.4411
v  -5.1378 -5.1122 -2.4351
v  -5.1559 -5.1197 -2.4411
v  -5.1601 -5.1155 -2.4411
v  -5.1559 -5.1197 -2.4351
v  -5.0726 -5.1378 -2.4354
v  -5.0765 -5.1378 -2.4393
v  -5.1378 -5.1990 -2.4393
v  -5.1378 -5.2030 -2.4354
v  -5.0945 -5.0945 -2.4393
v  -5.0917 -5.0917 -2.4354
v  -5.1378 -5.0766 -2.4393
v  -5.1378 -5.0726 -2.4354
v  -5.1811 -5.0945 -2.4393
v  -5.1839 -5.0917 -2.4354
v  -5.1990 -5.1378 -2.4393
v  -5.2030 -5.1378 -2.4354
v  -5.1811 -5.1811 -2.4393
v  -5.1839 -5.1839 -2.4354
v  -5.0917 -5.1839 -2.4354
v  -5.0945 -5.1811 -2.4393
v  -4.0350 -6.3185 -2.4411
v  -3.9571 -6.3185 -2.4411
v  -3.9409 -6.2795 -2.4411
v  -3.9571 -6.2406 -2.4411
v  -3.9961 -6.2244 -2.4411
v  -4.0350 -6.2406 -2.4411
v  -4.0512 -6.2795 -2.4411
v  -3.9961 -6.3346 -2.4411
v  -4.0434 -6.2322 -2.4293
v  -3.9961 -6.2126 -2.4293
v  -3.9487 -6.3269 -2.4293
v  -3.9961 -6.3465 -2.4293
v  -3.9961 -6.3465 -2.3152
v  -3.9487 -6.3269 -2.3152
v  -3.9291 -6.2795 -2.3152
v  -3.9291 -6.2795 -2.4293
v  -3.9487 -6.2322 -2.3152
v  -3.9487 -6.2322 -2.4293
v  -3.9961 -6.2126 -2.3152
v  -4.0434 -6.2322 -2.3152
v  -4.0630 -6.2795 -2.3152
v  -4.0630 -6.2795 -2.4293
v  -4.0434 -6.3269 -2.3152
v  -4.0434 -6.3269 -2.4293
v  -4.0216 -6.2795 -2.2871
v  -4.0142 -6.2976 -2.2871
v  -3.9961 -6.3051 -2.2871
v  -3.9780 -6.2976 -2.2871
v  -3.9705 -6.2795 -2.2871
v  -3.9780 -6.2614 -2.2871
v  -3.9961 -6.2539 -2.2871
v  -4.0142 -6.2614 -2.2871
v  -4.0216 -6.2795 -2.4411
v  -4.0216 -6.2795 -2.4351
v  -4.0276 -6.2795 -2.4411
v  -4.0142 -6.2976 -2.4411
v  -4.0184 -6.3019 -2.4411
v  -4.0142 -6.2976 -2.4351
v  -3.9961 -6.3051 -2.4411
v  -3.9961 -6.3111 -2.4411
v  -3.9961 -6.3051 -2.4351
v  -3.9780 -6.2976 -2.4411
v  -3.9737 -6.3019 -2.4411
v  -3.9780 -6.2976 -2.4351
v  -3.9705 -6.2795 -2.4411
v  -3.9645 -6.2795 -2.4411
v  -3.9705 -6.2795 -2.4351
v  -3.9780 -6.2614 -2.4411
v  -3.9737 -6.2572 -2.4411
v  -3.9780 -6.2614 -2.4351
v  -3.9961 -6.2539 -2.4411
v  -3.9961 -6.2479 -2.4411
v  -3.9961 -6.2539 -2.4351
v  -4.0142 -6.2614 -2.4411
v  -4.0184 -6.2572 -2.4411
v  -4.0142 -6.2614 -2.4351
v  -3.9309 -6.2795 -2.4354
v  -3.9348 -6.2795 -2.4393
v  -3.9961 -6.3408 -2.4393
v  -3.9960 -6.3447 -2.4354
v  -3.9527 -6.2362 -2.4393
v  -3.9500 -6.2334 -2.4354
v  -3.9961 -6.2183 -2.4393
v  -3.9961 -6.2143 -2.4354
v  -4.0394 -6.2362 -2.4393
v  -4.0421 -6.2334 -2.4354
v  -4.0573 -6.2795 -2.4393
v  -4.0612 -6.2795 -2.4354
v  -4.0394 -6.3228 -2.4393
v  -4.0421 -6.3256 -2.4354
v  -3.9500 -6.3256 -2.4354
v  -3.9527 -6.3228 -2.4393
v  -4.0350 6.2405 -2.4411
v  -3.9571 6.2406 -2.4411
v  -3.9409 6.2795 -2.4411
v  -3.9571 6.3185 -2.4411
v  -3.9961 6.3346 -2.4411
v  -4.0350 6.3185 -2.4411
v  -4.0512 6.2795 -2.4411
v  -3.9961 6.2244 -2.4411
v  -4.0434 6.3269 -2.4293
v  -3.9961 6.3465 -2.4293
v  -3.9487 6.2322 -2.4293
v  -3.9961 6.2126 -2.4293
v  -3.9961 6.2126 -2.3152
v  -3.9487 6.2322 -2.3152
v  -3.9291 6.2795 -2.3152
v  -3.9291 6.2795 -2.4293
v  -3.9487 6.3269 -2.3152
v  -3.9487 6.3269 -2.4293
v  -3.9961 6.3465 -2.3152
v  -4.0434 6.3269 -2.3152
v  -4.0630 6.2795 -2.3152
v  -4.0630 6.2795 -2.4293
v  -4.0434 6.2322 -2.3152
v  -4.0434 6.2322 -2.4293
v  -4.0217 6.2795 -2.2871
v  -4.0142 6.2614 -2.2871
v  -3.9961 6.2539 -2.2871
v  -3.9780 6.2614 -2.2871
v  -3.9705 6.2795 -2.2871
v  -3.9780 6.2976 -2.2871
v  -3.9961 6.3051 -2.2871
v  -4.0142 6.2976 -2.2871
v  -4.0217 6.2795 -2.4411
v  -4.0217 6.2795 -2.4351
v  -4.0277 6.2795 -2.4411
v  -4.0142 6.2614 -2.4411
v  -4.0184 6.2572 -2.4411
v  -4.0142 6.2614 -2.4351
v  -3.9961 6.2539 -2.4411
v  -3.9961 6.2479 -2.4411
v  -3.9961 6.2539 -2.4351
v  -3.9780 6.2614 -2.4411
v  -3.9737 6.2572 -2.4411
v  -3.9780 6.2614 -2.4351
v  -3.9705 6.2795 -2.4411
v  -3.9645 6.2795 -2.4411
v  -3.9705 6.2795 -2.4351
v  -3.9780 6.2976 -2.4411
v  -3.9737 6.3019 -2.4411
v  -3.9780 6.2976 -2.4351
v  -3.9961 6.3051 -2.4411
v  -3.9961 6.3111 -2.4411
v  -3.9961 6.3051 -2.4351
v  -4.0142 6.2976 -2.4411
v  -4.0184 6.3019 -2.4411
v  -4.0142 6.2976 -2.4351
v  -3.9309 6.2795 -2.4354
v  -3.9348 6.2795 -2.4393
v  -3.9961 6.2183 -2.4393
v  -3.9961 6.2143 -2.4354
v  -3.9527 6.3228 -2.4393
v  -3.9500 6.3256 -2.4354
v  -3.9961 6.3408 -2.4393
v  -3.9961 6.3447 -2.4354
v  -4.0394 6.3228 -2.4393
v  -4.0421 6.3256 -2.4354
v  -4.0573 6.2795 -2.4393
v  -4.0612 6.2795 -2.4354
v  -4.0394 6.2362 -2.4393
v  -4.0421 6.2334 -2.4354
v  -3.9500 6.2334 -2.4354
v  -3.9527 6.2362 -2.4393
v  -4.0350 5.0988 -2.4411
v  -3.9571 5.0988 -2.4411
v  -3.9409 5.1378 -2.4411
v  -3.9571 5.1768 -2.4411
v  -3.9961 5.1929 -2.4411
v  -4.0350 5.1768 -2.4411
v  -4.0512 5.1378 -2.4411
v  -3.9961 5.0827 -2.4411
v  -4.0434 5.1851 -2.4293
v  -3.9961 5.2047 -2.4293
v  -3.9487 5.0905 -2.4293
v  -3.9961 5.0709 -2.4293
v  -3.9961 5.0709 -2.3152
v  -3.9487 5.0905 -2.3152
v  -3.9291 5.1378 -2.3152
v  -3.9291 5.1378 -2.4293
v  -3.9487 5.1851 -2.3152
v  -3.9487 5.1851 -2.4293
v  -3.9961 5.2047 -2.3152
v  -4.0434 5.1851 -2.3152
v  -4.0630 5.1378 -2.3152
v  -4.0630 5.1378 -2.4293
v  -4.0434 5.0905 -2.3152
v  -4.0434 5.0905 -2.4293
v  -4.0217 5.1378 -2.2871
v  -4.0142 5.1197 -2.2871
v  -3.9961 5.1122 -2.2871
v  -3.9780 5.1197 -2.2871
v  -3.9705 5.1378 -2.2871
v  -3.9780 5.1559 -2.2871
v  -3.9961 5.1634 -2.2871
v  -4.0142 5.1559 -2.2871
v  -4.0217 5.1378 -2.4411
v  -4.0217 5.1378 -2.4351
v  -4.0277 5.1378 -2.4411
v  -4.0142 5.1197 -2.4411
v  -4.0184 5.1155 -2.4411
v  -4.0142 5.1197 -2.4351
v  -3.9961 5.1122 -2.4411
v  -3.9961 5.1062 -2.4411
v  -3.9961 5.1122 -2.4351
v  -3.9780 5.1197 -2.4411
v  -3.9737 5.1155 -2.4411
v  -3.9780 5.1197 -2.4351
v  -3.9705 5.1378 -2.4411
v  -3.9645 5.1378 -2.4411
v  -3.9705 5.1378 -2.4351
v  -3.9780 5.1559 -2.4411
v  -3.9737 5.1601 -2.4411
v  -3.9780 5.1559 -2.4351
v  -3.9961 5.1634 -2.4411
v  -3.9961 5.1694 -2.4411
v  -3.9961 5.1634 -2.4351
v  -4.0142 5.1559 -2.4411
v  -4.0184 5.1601 -2.4411
v  -4.0142 5.1559 -2.4351
v  -3.9309 5.1378 -2.4354
v  -3.9348 5.1378 -2.4393
v  -3.9961 5.0765 -2.4393
v  -3.9961 5.0726 -2.4354
v  -3.9528 5.1811 -2.4393
v  -3.9500 5.1839 -2.4354
v  -3.9961 5.1990 -2.4393
v  -3.9961 5.2030 -2.4354
v  -4.0394 5.1811 -2.4393
v  -4.0421 5.1839 -2.4354
v  -4.0573 5.1378 -2.4393
v  -4.0612 5.1378 -2.4354
v  -4.0394 5.0945 -2.4393
v  -4.0421 5.0917 -2.4354
v  -3.9500 5.0917 -2.4354
v  -3.9527 5.0945 -2.4393
v  -4.0350 3.9571 -2.4411
v  -3.9571 3.9571 -2.4411
v  -3.9409 3.9961 -2.4411
v  -3.9571 4.0350 -2.4411
v  -3.9961 4.0512 -2.4411
v  -4.0350 4.0350 -2.4411
v  -4.0512 3.9961 -2.4411
v  -3.9961 3.9409 -2.4411
v  -4.0434 4.0434 -2.4293
v  -3.9961 4.0630 -2.4293
v  -3.9487 3.9487 -2.4293
v  -3.9961 3.9291 -2.4293
v  -3.9961 3.9291 -2.3152
v  -3.9487 3.9487 -2.3152
v  -3.9291 3.9961 -2.3152
v  -3.9291 3.9961 -2.4293
v  -3.9487 4.0434 -2.3152
v  -3.9487 4.0434 -2.4293
v  -3.9961 4.0630 -2.3152
v  -4.0434 4.0434 -2.3152
v  -4.0630 3.9961 -2.3152
v  -4.0630 3.9961 -2.4293
v  -4.0434 3.9487 -2.3152
v  -4.0434 3.9487 -2.4293
v  -4.0217 3.9961 -2.2871
v  -4.0142 3.9780 -2.2871
v  -3.9961 3.9705 -2.2871
v  -3.9780 3.9780 -2.2871
v  -3.9705 3.9961 -2.2871
v  -3.9780 4.0142 -2.2871
v  -3.9961 4.0216 -2.2871
v  -4.0142 4.0142 -2.2871
v  -4.0217 3.9961 -2.4411
v  -4.0217 3.9961 -2.4351
v  -4.0277 3.9961 -2.4411
v  -4.0142 3.9780 -2.4411
v  -4.0184 3.9737 -2.4411
v  -4.0142 3.9780 -2.4351
v  -3.9961 3.9705 -2.4411
v  -3.9961 3.9645 -2.4411
v  -3.9961 3.9705 -2.4351
v  -3.9780 3.9780 -2.4411
v  -3.9737 3.9737 -2.4411
v  -3.9780 3.9780 -2.4351
v  -3.9705 3.9961 -2.4411
v  -3.9645 3.9961 -2.4411
v  -3.9705 3.9961 -2.4351
v  -3.9780 4.0142 -2.4411
v  -3.9737 4.0184 -2.4411
v  -3.9780 4.0142 -2.4351
v  -3.9961 4.0216 -2.4411
v  -3.9961 4.0276 -2.4411
v  -3.9961 4.0216 -2.4351
v  -4.0142 4.0142 -2.4411
v  -4.0184 4.0184 -2.4411
v  -4.0142 4.0142 -2.4351
v  -3.9309 3.9961 -2.4354
v  -3.9348 3.9961 -2.4393
v  -3.9961 3.9348 -2.4393
v  -3.9961 3.9309 -2.4354
v  -3.9528 4.0394 -2.4393
v  -3.9500 4.0421 -2.4354
v  -3.9961 4.0573 -2.4393
v  -3.9961 4.0612 -2.4354
v  -4.0394 4.0394 -2.4393
v  -4.0421 4.0421 -2.4354
v  -4.0573 3.9961 -2.4393
v  -4.0612 3.9961 -2.4354
v  -4.0394 3.9528 -2.4393
v  -4.0421 3.9500 -2.4354
v  -3.9500 3.9500 -2.4354
v  -3.9527 3.9528 -2.4393
v  -4.0350 2.8154 -2.4411
v  -3.9571 2.8154 -2.4411
v  -3.9409 2.8543 -2.4411
v  -3.9571 2.8933 -2.4411
v  -3.9961 2.9094 -2.4411
v  -4.0350 2.8933 -2.4411
v  -4.0512 2.8543 -2.4411
v  -3.9961 2.7992 -2.4411
v  -4.0434 2.9017 -2.4293
v  -3.9961 2.9213 -2.4293
v  -3.9487 2.8070 -2.4293
v  -3.9961 2.7874 -2.4293
v  -3.9961 2.7874 -2.3152
v  -3.9487 2.8070 -2.3152
v  -3.9291 2.8543 -2.3152
v  -3.9291 2.8543 -2.4293
v  -3.9487 2.9017 -2.3152
v  -3.9487 2.9017 -2.4293
v  -3.9961 2.9213 -2.3152
v  -4.0434 2.9017 -2.3152
v  -4.0630 2.8543 -2.3152
v  -4.0630 2.8543 -2.4293
v  -4.0434 2.8070 -2.3152
v  -4.0434 2.8070 -2.4293
v  -4.0217 2.8543 -2.2871
v  -4.0142 2.8362 -2.2871
v  -3.9961 2.8287 -2.2871
v  -3.9780 2.8362 -2.2871
v  -3.9705 2.8543 -2.2871
v  -3.9780 2.8724 -2.2871
v  -3.9961 2.8799 -2.2871
v  -4.0142 2.8724 -2.2871
v  -4.0217 2.8543 -2.4411
v  -4.0217 2.8543 -2.4351
v  -4.0277 2.8543 -2.4411
v  -4.0142 2.8362 -2.4411
v  -4.0184 2.8320 -2.4411
v  -4.0142 2.8362 -2.4351
v  -3.9961 2.8287 -2.4411
v  -3.9961 2.8227 -2.4411
v  -3.9961 2.8287 -2.4351
v  -3.9780 2.8362 -2.4411
v  -3.9737 2.8320 -2.4411
v  -3.9780 2.8362 -2.4351
v  -3.9705 2.8543 -2.4411
v  -3.9645 2.8543 -2.4411
v  -3.9705 2.8543 -2.4351
v  -3.9780 2.8724 -2.4411
v  -3.9737 2.8767 -2.4411
v  -3.9780 2.8724 -2.4351
v  -3.9961 2.8799 -2.4411
v  -3.9961 2.8859 -2.4411
v  -3.9961 2.8799 -2.4351
v  -4.0142 2.8724 -2.4411
v  -4.0184 2.8767 -2.4411
v  -4.0142 2.8724 -2.4351
v  -3.9309 2.8543 -2.4354
v  -3.9348 2.8543 -2.4393
v  -3.9961 2.7931 -2.4393
v  -3.9961 2.7891 -2.4354
v  -3.9527 2.8976 -2.4393
v  -3.9500 2.9004 -2.4354
v  -3.9961 2.9156 -2.4393
v  -3.9961 2.9195 -2.4354
v  -4.0394 2.8976 -2.4393
v  -4.0421 2.9004 -2.4354
v  -4.0573 2.8543 -2.4393
v  -4.0612 2.8543 -2.4354
v  -4.0394 2.8110 -2.4393
v  -4.0421 2.8082 -2.4354
v  -3.9500 2.8082 -2.4354
v  -3.9527 2.8110 -2.4393
v  -4.0350 1.6736 -2.4411
v  -3.9571 1.6736 -2.4411
v  -3.9409 1.7126 -2.4411
v  -3.9571 1.7516 -2.4411
v  -3.9961 1.7677 -2.4411
v  -4.0350 1.7516 -2.4411
v  -4.0512 1.7126 -2.4411
v  -3.9961 1.6575 -2.4411
v  -4.0434 1.7599 -2.4293
v  -3.9961 1.7795 -2.4293
v  -3.9487 1.6653 -2.4293
v  -3.9961 1.6457 -2.4293
v  -3.9961 1.6457 -2.3152
v  -3.9487 1.6653 -2.3152
v  -3.9291 1.7126 -2.3152
v  -3.9291 1.7126 -2.4293
v  -3.9487 1.7599 -2.3152
v  -3.9487 1.7599 -2.4293
v  -3.9961 1.7795 -2.3152
v  -4.0434 1.7599 -2.3152
v  -4.0630 1.7126 -2.3152
v  -4.0630 1.7126 -2.4293
v  -4.0434 1.6653 -2.3152
v  -4.0434 1.6653 -2.4293
v  -4.0217 1.7126 -2.2871
v  -4.0142 1.6945 -2.2871
v  -3.9961 1.6870 -2.2871
v  -3.9780 1.6945 -2.2871
v  -3.9705 1.7126 -2.2871
v  -3.9780 1.7307 -2.2871
v  -3.9961 1.7382 -2.2871
v  -4.0142 1.7307 -2.2871
v  -4.0217 1.7126 -2.4411
v  -4.0217 1.7126 -2.4351
v  -4.0277 1.7126 -2.4411
v  -4.0142 1.6945 -2.4411
v  -4.0184 1.6903 -2.4411
v  -4.0142 1.6945 -2.4351
v  -3.9961 1.6870 -2.4411
v  -3.9961 1.6810 -2.4411
v  -3.9961 1.6870 -2.4351
v  -3.9780 1.6945 -2.4411
v  -3.9737 1.6903 -2.4411
v  -3.9780 1.6945 -2.4351
v  -3.9705 1.7126 -2.4411
v  -3.9645 1.7126 -2.4411
v  -3.9705 1.7126 -2.4351
v  -3.9780 1.7307 -2.4411
v  -3.9737 1.7349 -2.4411
v  -3.9780 1.7307 -2.4351
v  -3.9961 1.7382 -2.4411
v  -3.9961 1.7442 -2.4411
v  -3.9961 1.7382 -2.4351
v  -4.0142 1.7307 -2.4411
v  -4.0184 1.7349 -2.4411
v  -4.0142 1.7307 -2.4351
v  -3.9309 1.7126 -2.4354
v  -3.9348 1.7126 -2.4393
v  -3.9961 1.6514 -2.4393
v  -3.9961 1.6474 -2.4354
v  -3.9528 1.7559 -2.4393
v  -3.9500 1.7587 -2.4354
v  -3.9961 1.7738 -2.4393
v  -3.9961 1.7778 -2.4354
v  -4.0394 1.7559 -2.4393
v  -4.0421 1.7587 -2.4354
v  -4.0573 1.7126 -2.4393
v  -4.0612 1.7126 -2.4354
v  -4.0394 1.6693 -2.4393
v  -4.0421 1.6665 -2.4354
v  -3.9500 1.6665 -2.4354
v  -3.9527 1.6693 -2.4393
v  -4.0350 0.5319 -2.4411
v  -3.9571 0.5319 -2.4411
v  -3.9409 0.5709 -2.4411
v  -3.9571 0.6098 -2.4411
v  -3.9961 0.6260 -2.4411
v  -4.0350 0.6098 -2.4411
v  -4.0512 0.5709 -2.4411
v  -3.9961 0.5157 -2.4411
v  -4.0434 0.6182 -2.4293
v  -3.9961 0.6378 -2.4293
v  -3.9487 0.5235 -2.4293
v  -3.9961 0.5039 -2.4293
v  -3.9961 0.5039 -2.3152
v  -3.9487 0.5235 -2.3152
v  -3.9291 0.5709 -2.3152
v  -3.9291 0.5709 -2.4293
v  -3.9487 0.6182 -2.3152
v  -3.9487 0.6182 -2.4293
v  -3.9961 0.6378 -2.3152
v  -4.0434 0.6182 -2.3152
v  -4.0630 0.5709 -2.3152
v  -4.0630 0.5709 -2.4293
v  -4.0434 0.5235 -2.3152
v  -4.0434 0.5235 -2.4293
v  -4.0217 0.5709 -2.2871
v  -4.0142 0.5528 -2.2871
v  -3.9961 0.5453 -2.2871
v  -3.9780 0.5528 -2.2871
v  -3.9705 0.5709 -2.2871
v  -3.9780 0.5890 -2.2871
v  -3.9961 0.5965 -2.2871
v  -4.0142 0.5890 -2.2871
v  -4.0217 0.5709 -2.4411
v  -4.0217 0.5709 -2.4351
v  -4.0277 0.5709 -2.4411
v  -4.0142 0.5528 -2.4411
v  -4.0184 0.5485 -2.4411
v  -4.0142 0.5528 -2.4351
v  -3.9961 0.5453 -2.4411
v  -3.9961 0.5393 -2.4411
v  -3.9961 0.5453 -2.4351
v  -3.9780 0.5528 -2.4411
v  -3.9737 0.5485 -2.4411
v  -3.9780 0.5528 -2.4351
v  -3.9705 0.5709 -2.4411
v  -3.9645 0.5709 -2.4411
v  -3.9705 0.5709 -2.4351
v  -3.9780 0.5890 -2.4411
v  -3.9737 0.5932 -2.4411
v  -3.9780 0.5890 -2.4351
v  -3.9961 0.5965 -2.4411
v  -3.9961 0.6025 -2.4411
v  -3.9961 0.5965 -2.4351
v  -4.0142 0.5890 -2.4411
v  -4.0184 0.5932 -2.4411
v  -4.0142 0.5890 -2.4351
v  -3.9309 0.5709 -2.4354
v  -3.9348 0.5709 -2.4393
v  -3.9961 0.5096 -2.4393
v  -3.9961 0.5057 -2.4354
v  -3.9528 0.6142 -2.4393
v  -3.9500 0.6170 -2.4354
v  -3.9961 0.6321 -2.4393
v  -3.9961 0.6360 -2.4354
v  -4.0394 0.6142 -2.4393
v  -4.0421 0.6170 -2.4354
v  -4.0573 0.5709 -2.4393
v  -4.0612 0.5709 -2.4354
v  -4.0394 0.5276 -2.4393
v  -4.0421 0.5248 -2.4354
v  -3.9500 0.5248 -2.4354
v  -3.9527 0.5276 -2.4393
v  -4.0350 -0.6098 -2.4411
v  -3.9571 -0.6098 -2.4411
v  -3.9409 -0.5709 -2.4411
v  -3.9571 -0.5319 -2.4411
v  -3.9961 -0.5157 -2.4411
v  -4.0350 -0.5319 -2.4411
v  -4.0512 -0.5709 -2.4411
v  -3.9961 -0.6260 -2.4411
v  -4.0434 -0.5235 -2.4293
v  -3.9961 -0.5039 -2.4293
v  -3.9487 -0.6182 -2.4293
v  -3.9961 -0.6378 -2.4293
v  -3.9961 -0.6378 -2.3152
v  -3.9487 -0.6182 -2.3152
v  -3.9291 -0.5709 -2.3152
v  -3.9291 -0.5709 -2.4293
v  -3.9487 -0.5235 -2.3152
v  -3.9487 -0.5235 -2.4293
v  -3.9961 -0.5039 -2.3152
v  -4.0434 -0.5235 -2.3152
v  -4.0630 -0.5709 -2.3152
v  -4.0630 -0.5709 -2.4293
v  -4.0434 -0.6182 -2.3152
v  -4.0434 -0.6182 -2.4293
v  -4.0216 -0.5709 -2.2871
v  -4.0142 -0.5890 -2.2871
v  -3.9961 -0.5965 -2.2871
v  -3.9780 -0.5890 -2.2871
v  -3.9705 -0.5709 -2.2871
v  -3.9780 -0.5528 -2.2871
v  -3.9961 -0.5453 -2.2871
v  -4.0142 -0.5528 -2.2871
v  -4.0216 -0.5709 -2.4411
v  -4.0216 -0.5709 -2.4351
v  -4.0276 -0.5709 -2.4411
v  -4.0142 -0.5890 -2.4411
v  -4.0184 -0.5932 -2.4411
v  -4.0142 -0.5890 -2.4351
v  -3.9961 -0.5965 -2.4411
v  -3.9961 -0.6025 -2.4411
v  -3.9961 -0.5965 -2.4351
v  -3.9780 -0.5890 -2.4411
v  -3.9737 -0.5932 -2.4411
v  -3.9780 -0.5890 -2.4351
v  -3.9705 -0.5709 -2.4411
v  -3.9645 -0.5709 -2.4411
v  -3.9705 -0.5709 -2.4351
v  -3.9780 -0.5528 -2.4411
v  -3.9737 -0.5485 -2.4411
v  -3.9780 -0.5528 -2.4351
v  -3.9961 -0.5453 -2.4411
v  -3.9961 -0.5393 -2.4411
v  -3.9961 -0.5453 -2.4351
v  -4.0142 -0.5528 -2.4411
v  -4.0184 -0.5485 -2.4411
v  -4.0142 -0.5528 -2.4351
v  -3.9309 -0.5709 -2.4354
v  -3.9348 -0.5709 -2.4393
v  -3.9961 -0.6321 -2.4393
v  -3.9960 -0.6360 -2.4354
v  -3.9527 -0.5276 -2.4393
v  -3.9500 -0.5248 -2.4354
v  -3.9961 -0.5096 -2.4393
v  -3.9961 -0.5057 -2.4354
v  -4.0394 -0.5276 -2.4393
v  -4.0421 -0.5248 -2.4354
v  -4.0573 -0.5709 -2.4393
v  -4.0612 -0.5709 -2.4354
v  -4.0394 -0.6142 -2.4393
v  -4.0421 -0.6170 -2.4354
v  -3.9500 -0.6170 -2.4354
v  -3.9527 -0.6142 -2.4393
v  -4.0350 -1.7516 -2.4411
v  -3.9571 -1.7516 -2.4411
v  -3.9409 -1.7126 -2.4411
v  -3.9571 -1.6736 -2.4411
v  -3.9961 -1.6575 -2.4411
v  -4.0350 -1.6736 -2.4411
v  -4.0512 -1.7126 -2.4411
v  -3.9961 -1.7677 -2.4411
v  -4.0434 -1.6653 -2.4293
v  -3.9961 -1.6457 -2.4293
v  -3.9487 -1.7599 -2.4293
v  -3.9961 -1.7795 -2.4293
v  -3.9961 -1.7795 -2.3152
v  -3.9487 -1.7599 -2.3152
v  -3.9291 -1.7126 -2.3152
v  -3.9291 -1.7126 -2.4293
v  -3.9487 -1.6653 -2.3152
v  -3.9487 -1.6653 -2.4293
v  -3.9961 -1.6457 -2.3152
v  -4.0434 -1.6653 -2.3152
v  -4.0630 -1.7126 -2.3152
v  -4.0630 -1.7126 -2.4293
v  -4.0434 -1.7599 -2.3152
v  -4.0434 -1.7599 -2.4293
v  -4.0216 -1.7126 -2.2871
v  -4.0142 -1.7307 -2.2871
v  -3.9961 -1.7382 -2.2871
v  -3.9780 -1.7307 -2.2871
v  -3.9705 -1.7126 -2.2871
v  -3.9780 -1.6945 -2.2871
v  -3.9961 -1.6870 -2.2871
v  -4.0142 -1.6945 -2.2871
v  -4.0216 -1.7126 -2.4411
v  -4.0216 -1.7126 -2.4351
v  -4.0276 -1.7126 -2.4411
v  -4.0142 -1.7307 -2.4411
v  -4.0184 -1.7349 -2.4411
v  -4.0142 -1.7307 -2.4351
v  -3.9961 -1.7382 -2.4411
v  -3.9961 -1.7442 -2.4411
v  -3.9961 -1.7382 -2.4351
v  -3.9780 -1.7307 -2.4411
v  -3.9737 -1.7349 -2.4411
v  -3.9780 -1.7307 -2.4351
v  -3.9705 -1.7126 -2.4411
v  -3.9645 -1.7126 -2.4411
v  -3.9705 -1.7126 -2.4351
v  -3.9780 -1.6945 -2.4411
v  -3.9737 -1.6903 -2.4411
v  -3.9780 -1.6945 -2.4351
v  -3.9961 -1.6870 -2.4411
v  -3.9961 -1.6810 -2.4411
v  -3.9961 -1.6870 -2.4351
v  -4.0142 -1.6945 -2.4411
v  -4.0184 -1.6903 -2.4411
v  -4.0142 -1.6945 -2.4351
v  -3.9309 -1.7126 -2.4354
v  -3.9348 -1.7126 -2.4393
v  -3.9961 -1.7738 -2.4393
v  -3.9960 -1.7778 -2.4354
v  -3.9527 -1.6693 -2.4393
v  -3.9500 -1.6665 -2.4354
v  -3.9961 -1.6514 -2.4393
v  -3.9961 -1.6474 -2.4354
v  -4.0394 -1.6693 -2.4393
v  -4.0421 -1.6665 -2.4354
v  -4.0573 -1.7126 -2.4393
v  -4.0612 -1.7126 -2.4354
v  -4.0394 -1.7559 -2.4393
v  -4.0421 -1.7587 -2.4354
v  -3.9500 -1.7587 -2.4354
v  -3.9527 -1.7559 -2.4393
v  -4.0350 -2.8933 -2.4411
v  -3.9571 -2.8933 -2.4411
v  -3.9409 -2.8543 -2.4411
v  -3.9571 -2.8154 -2.4411
v  -3.9961 -2.7992 -2.4411
v  -4.0350 -2.8154 -2.4411
v  -4.0512 -2.8543 -2.4411
v  -3.9961 -2.9094 -2.4411
v  -4.0434 -2.8070 -2.4293
v  -3.9961 -2.7874 -2.4293
v  -3.9487 -2.9017 -2.4293
v  -3.9961 -2.9213 -2.4293
v  -3.9961 -2.9213 -2.3152
v  -3.9487 -2.9017 -2.3152
v  -3.9291 -2.8543 -2.3152
v  -3.9291 -2.8543 -2.4293
v  -3.9487 -2.8070 -2.3152
v  -3.9487 -2.8070 -2.4293
v  -3.9961 -2.7874 -2.3152
v  -4.0434 -2.8070 -2.3152
v  -4.0630 -2.8543 -2.3152
v  -4.0630 -2.8543 -2.4293
v  -4.0434 -2.9017 -2.3152
v  -4.0434 -2.9017 -2.4293
v  -4.0216 -2.8543 -2.2871
v  -4.0142 -2.8724 -2.2871
v  -3.9961 -2.8799 -2.2871
v  -3.9780 -2.8724 -2.2871
v  -3.9705 -2.8543 -2.2871
v  -3.9780 -2.8362 -2.2871
v  -3.9961 -2.8287 -2.2871
v  -4.0142 -2.8362 -2.2871
v  -4.0216 -2.8543 -2.4411
v  -4.0216 -2.8543 -2.4351
v  -4.0276 -2.8543 -2.4411
v  -4.0142 -2.8724 -2.4411
v  -4.0184 -2.8767 -2.4411
v  -4.0142 -2.8724 -2.4351
v  -3.9961 -2.8799 -2.4411
v  -3.9961 -2.8859 -2.4411
v  -3.9961 -2.8799 -2.4351
v  -3.9780 -2.8724 -2.4411
v  -3.9737 -2.8767 -2.4411
v  -3.9780 -2.8724 -2.4351
v  -3.9705 -2.8543 -2.4411
v  -3.9645 -2.8543 -2.4411
v  -3.9705 -2.8543 -2.4351
v  -3.9780 -2.8362 -2.4411
v  -3.9737 -2.8320 -2.4411
v  -3.9780 -2.8362 -2.4351
v  -3.9961 -2.8287 -2.4411
v  -3.9961 -2.8227 -2.4411
v  -3.9961 -2.8287 -2.4351
v  -4.0142 -2.8362 -2.4411
v  -4.0184 -2.8320 -2.4411
v  -4.0142 -2.8362 -2.4351
v  -3.9309 -2.8543 -2.4354
v  -3.9348 -2.8543 -2.4393
v  -3.9961 -2.9156 -2.4393
v  -3.9960 -2.9195 -2.4354
v  -3.9527 -2.8110 -2.4393
v  -3.9500 -2.8082 -2.4354
v  -3.9961 -2.7931 -2.4393
v  -3.9961 -2.7892 -2.4354
v  -4.0394 -2.8110 -2.4393
v  -4.0421 -2.8082 -2.4354
v  -4.0573 -2.8543 -2.4393
v  -4.0612 -2.8543 -2.4354
v  -4.0394 -2.8976 -2.4393
v  -4.0421 -2.9004 -2.4354
v  -3.9500 -2.9004 -2.4354
v  -3.9527 -2.8976 -2.4393
v  -4.0350 -4.0350 -2.4411
v  -3.9571 -4.0350 -2.4411
v  -3.9409 -3.9961 -2.4411
v  -3.9571 -3.9571 -2.4411
v  -3.9961 -3.9409 -2.4411
v  -4.0350 -3.9571 -2.4411
v  -4.0512 -3.9961 -2.4411
v  -3.9961 -4.0512 -2.4411
v  -4.0434 -3.9487 -2.4293
v  -3.9961 -3.9291 -2.4293
v  -3.9487 -4.0434 -2.4293
v  -3.9961 -4.0630 -2.4293
v  -3.9961 -4.0630 -2.3152
v  -3.9487 -4.0434 -2.3152
v  -3.9291 -3.9961 -2.3152
v  -3.9291 -3.9961 -2.4293
v  -3.9487 -3.9487 -2.3152
v  -3.9487 -3.9487 -2.4293
v  -3.9961 -3.9291 -2.3152
v  -4.0434 -3.9487 -2.3152
v  -4.0630 -3.9961 -2.3152
v  -4.0630 -3.9961 -2.4293
v  -4.0434 -4.0434 -2.3152
v  -4.0434 -4.0434 -2.4293
v  -4.0216 -3.9961 -2.2871
v  -4.0142 -4.0142 -2.2871
v  -3.9961 -4.0217 -2.2871
v  -3.9780 -4.0142 -2.2871
v  -3.9705 -3.9961 -2.2871
v  -3.9780 -3.9780 -2.2871
v  -3.9961 -3.9705 -2.2871
v  -4.0142 -3.9780 -2.2871
v  -4.0216 -3.9961 -2.4411
v  -4.0216 -3.9961 -2.4351
v  -4.0276 -3.9961 -2.4411
v  -4.0142 -4.0142 -2.4411
v  -4.0184 -4.0184 -2.4411
v  -4.0142 -4.0142 -2.4351
v  -3.9961 -4.0217 -2.4411
v  -3.9961 -4.0277 -2.4411
v  -3.9961 -4.0217 -2.4351
v  -3.9780 -4.0142 -2.4411
v  -3.9737 -4.0184 -2.4411
v  -3.9780 -4.0142 -2.4351
v  -3.9705 -3.9961 -2.4411
v  -3.9645 -3.9961 -2.4411
v  -3.9705 -3.9961 -2.4351
v  -3.9780 -3.9780 -2.4411
v  -3.9737 -3.9737 -2.4411
v  -3.9780 -3.9780 -2.4351
v  -3.9961 -3.9705 -2.4411
v  -3.9961 -3.9645 -2.4411
v  -3.9961 -3.9705 -2.4351
v  -4.0142 -3.9780 -2.4411
v  -4.0184 -3.9737 -2.4411
v  -4.0142 -3.9780 -2.4351
v  -3.9309 -3.9961 -2.4354
v  -3.9348 -3.9961 -2.4393
v  -3.9961 -4.0573 -2.4393
v  -3.9960 -4.0612 -2.4354
v  -3.9527 -3.9528 -2.4393
v  -3.9500 -3.9500 -2.4354
v  -3.9961 -3.9348 -2.4393
v  -3.9961 -3.9309 -2.4354
v  -4.0394 -3.9528 -2.4393
v  -4.0421 -3.9500 -2.4354
v  -4.0573 -3.9961 -2.4393
v  -4.0612 -3.9961 -2.4354
v  -4.0394 -4.0394 -2.4393
v  -4.0421 -4.0422 -2.4354
v  -3.9500 -4.0421 -2.4354
v  -3.9527 -4.0394 -2.4393
v  -4.0350 -5.1768 -2.4411
v  -3.9571 -5.1768 -2.4411
v  -3.9409 -5.1378 -2.4411
v  -3.9571 -5.0988 -2.4411
v  -3.9961 -5.0827 -2.4411
v  -4.0350 -5.0988 -2.4411
v  -4.0512 -5.1378 -2.4411
v  -3.9961 -5.1929 -2.4411
v  -4.0434 -5.0905 -2.4293
v  -3.9961 -5.0709 -2.4293
v  -3.9487 -5.1851 -2.4293
v  -3.9961 -5.2047 -2.4293
v  -3.9961 -5.2047 -2.3152
v  -3.9487 -5.1851 -2.3152
v  -3.9291 -5.1378 -2.3152
v  -3.9291 -5.1378 -2.4293
v  -3.9487 -5.0905 -2.3152
v  -3.9487 -5.0905 -2.4293
v  -3.9961 -5.0709 -2.3152
v  -4.0434 -5.0905 -2.3152
v  -4.0630 -5.1378 -2.3152
v  -4.0630 -5.1378 -2.4293
v  -4.0434 -5.1851 -2.3152
v  -4.0434 -5.1851 -2.4293
v  -4.0216 -5.1378 -2.2871
v  -4.0142 -5.1559 -2.2871
v  -3.9961 -5.1634 -2.2871
v  -3.9780 -5.1559 -2.2871
v  -3.9705 -5.1378 -2.2871
v  -3.9780 -5.1197 -2.2871
v  -3.9961 -5.1122 -2.2871
v  -4.0142 -5.1197 -2.2871
v  -4.0216 -5.1378 -2.4411
v  -4.0216 -5.1378 -2.4351
v  -4.0276 -5.1378 -2.4411
v  -4.0142 -5.1559 -2.4411
v  -4.0184 -5.1601 -2.4411
v  -4.0142 -5.1559 -2.4351
v  -3.9961 -5.1634 -2.4411
v  -3.9961 -5.1694 -2.4411
v  -3.9961 -5.1634 -2.4351
v  -3.9780 -5.1559 -2.4411
v  -3.9737 -5.1601 -2.4411
v  -3.9780 -5.1559 -2.4351
v  -3.9705 -5.1378 -2.4411
v  -3.9645 -5.1378 -2.4411
v  -3.9705 -5.1378 -2.4351
v  -3.9780 -5.1197 -2.4411
v  -3.9737 -5.1155 -2.4411
v  -3.9780 -5.1197 -2.4351
v  -3.9961 -5.1122 -2.4411
v  -3.9961 -5.1062 -2.4411
v  -3.9961 -5.1122 -2.4351
v  -4.0142 -5.1197 -2.4411
v  -4.0184 -5.1155 -2.4411
v  -4.0142 -5.1197 -2.4351
v  -3.9309 -5.1378 -2.4354
v  -3.9348 -5.1378 -2.4393
v  -3.9961 -5.1990 -2.4393
v  -3.9960 -5.2030 -2.4354
v  -3.9527 -5.0945 -2.4393
v  -3.9500 -5.0917 -2.4354
v  -3.9961 -5.0766 -2.4393
v  -3.9961 -5.0726 -2.4354
v  -4.0394 -5.0945 -2.4393
v  -4.0421 -5.0917 -2.4354
v  -4.0573 -5.1378 -2.4393
v  -4.0612 -5.1378 -2.4354
v  -4.0394 -5.1811 -2.4393
v  -4.0421 -5.1839 -2.4354
v  -3.9500 -5.1839 -2.4354
v  -3.9527 -5.1811 -2.4393
v  -2.8933 -6.3185 -2.4411
v  -2.8153 -6.3185 -2.4411
v  -2.7992 -6.2795 -2.4411
v  -2.8153 -6.2406 -2.4411
v  -2.8543 -6.2244 -2.4411
v  -2.8933 -6.2406 -2.4411
v  -2.9094 -6.2795 -2.4411
v  -2.8543 -6.3346 -2.4411
v  -2.9017 -6.2322 -2.4293
v  -2.8543 -6.2126 -2.4293
v  -2.8070 -6.3269 -2.4293
v  -2.8543 -6.3465 -2.4293
v  -2.8543 -6.3465 -2.3152
v  -2.8070 -6.3269 -2.3152
v  -2.7874 -6.2795 -2.3152
v  -2.7874 -6.2795 -2.4293
v  -2.8070 -6.2322 -2.3152
v  -2.8070 -6.2322 -2.4293
v  -2.8543 -6.2126 -2.3152
v  -2.9017 -6.2322 -2.3152
v  -2.9213 -6.2795 -2.3152
v  -2.9213 -6.2795 -2.4293
v  -2.9017 -6.3269 -2.3152
v  -2.9017 -6.3269 -2.4293
v  -2.8799 -6.2795 -2.2871
v  -2.8724 -6.2976 -2.2871
v  -2.8543 -6.3051 -2.2871
v  -2.8362 -6.2976 -2.2871
v  -2.8287 -6.2795 -2.2871
v  -2.8362 -6.2614 -2.2871
v  -2.8543 -6.2539 -2.2871
v  -2.8724 -6.2614 -2.2871
v  -2.8799 -6.2795 -2.4411
v  -2.8799 -6.2795 -2.4351
v  -2.8859 -6.2795 -2.4411
v  -2.8724 -6.2976 -2.4411
v  -2.8767 -6.3019 -2.4411
v  -2.8724 -6.2976 -2.4351
v  -2.8543 -6.3051 -2.4411
v  -2.8543 -6.3111 -2.4411
v  -2.8543 -6.3051 -2.4351
v  -2.8362 -6.2976 -2.4411
v  -2.8320 -6.3019 -2.4411
v  -2.8362 -6.2976 -2.4351
v  -2.8287 -6.2795 -2.4411
v  -2.8227 -6.2795 -2.4411
v  -2.8287 -6.2795 -2.4351
v  -2.8362 -6.2614 -2.4411
v  -2.8320 -6.2572 -2.4411
v  -2.8362 -6.2614 -2.4351
v  -2.8543 -6.2539 -2.4411
v  -2.8543 -6.2479 -2.4411
v  -2.8543 -6.2539 -2.4351
v  -2.8724 -6.2614 -2.4411
v  -2.8767 -6.2572 -2.4411
v  -2.8724 -6.2614 -2.4351
v  -2.7891 -6.2795 -2.4354
v  -2.7931 -6.2795 -2.4393
v  -2.8543 -6.3408 -2.4393
v  -2.8543 -6.3447 -2.4354
v  -2.8110 -6.2362 -2.4393
v  -2.8082 -6.2334 -2.4354
v  -2.8543 -6.2183 -2.4393
v  -2.8543 -6.2143 -2.4354
v  -2.8976 -6.2362 -2.4393
v  -2.9004 -6.2334 -2.4354
v  -2.9156 -6.2795 -2.4393
v  -2.9195 -6.2795 -2.4354
v  -2.8976 -6.3228 -2.4393
v  -2.9004 -6.3256 -2.4354
v  -2.8082 -6.3256 -2.4354
v  -2.8110 -6.3228 -2.4393
v  -2.8933 6.2406 -2.4411
v  -2.8154 6.2406 -2.4411
v  -2.7992 6.2795 -2.4411
v  -2.8154 6.3185 -2.4411
v  -2.8543 6.3346 -2.4411
v  -2.8933 6.3185 -2.4411
v  -2.9094 6.2795 -2.4411
v  -2.8543 6.2244 -2.4411
v  -2.9017 6.3269 -2.4293
v  -2.8543 6.3465 -2.4293
v  -2.8070 6.2322 -2.4293
v  -2.8543 6.2126 -2.4293
v  -2.8543 6.2126 -2.3152
v  -2.8070 6.2322 -2.3152
v  -2.7874 6.2795 -2.3152
v  -2.7874 6.2795 -2.4293
v  -2.8070 6.3269 -2.3152
v  -2.8070 6.3269 -2.4293
v  -2.8543 6.3465 -2.3152
v  -2.9017 6.3269 -2.3152
v  -2.9213 6.2795 -2.3152
v  -2.9213 6.2795 -2.4293
v  -2.9017 6.2322 -2.3152
v  -2.9017 6.2322 -2.4293
v  -2.8799 6.2795 -2.2871
v  -2.8724 6.2614 -2.2871
v  -2.8543 6.2539 -2.2871
v  -2.8362 6.2614 -2.2871
v  -2.8287 6.2795 -2.2871
v  -2.8362 6.2976 -2.2871
v  -2.8543 6.3051 -2.2871
v  -2.8724 6.2976 -2.2871
v  -2.8799 6.2795 -2.4411
v  -2.8799 6.2795 -2.4351
v  -2.8859 6.2795 -2.4411
v  -2.8724 6.2614 -2.4411
v  -2.8767 6.2572 -2.4411
v  -2.8724 6.2614 -2.4351
v  -2.8543 6.2539 -2.4411
v  -2.8543 6.2479 -2.4411
v  -2.8543 6.2539 -2.4351
v  -2.8362 6.2614 -2.4411
v  -2.8320 6.2572 -2.4411
v  -2.8362 6.2614 -2.4351
v  -2.8287 6.2795 -2.4411
v  -2.8227 6.2795 -2.4411
v  -2.8287 6.2795 -2.4351
v  -2.8362 6.2976 -2.4411
v  -2.8320 6.3019 -2.4411
v  -2.8362 6.2976 -2.4351
v  -2.8543 6.3051 -2.4411
v  -2.8543 6.3111 -2.4411
v  -2.8543 6.3051 -2.4351
v  -2.8724 6.2976 -2.4411
v  -2.8767 6.3019 -2.4411
v  -2.8724 6.2976 -2.4351
v  -2.7891 6.2795 -2.4354
v  -2.7931 6.2795 -2.4393
v  -2.8543 6.2183 -2.4393
v  -2.8543 6.2143 -2.4354
v  -2.8110 6.3228 -2.4393
v  -2.8082 6.3256 -2.4354
v  -2.8543 6.3408 -2.4393
v  -2.8543 6.3447 -2.4354
v  -2.8976 6.3228 -2.4393
v  -2.9004 6.3256 -2.4354
v  -2.9156 6.2795 -2.4393
v  -2.9195 6.2795 -2.4354
v  -2.8976 6.2362 -2.4393
v  -2.9004 6.2334 -2.4354
v  -2.8082 6.2334 -2.4354
v  -2.8110 6.2362 -2.4393
v  -2.8933 5.0988 -2.4411
v  -2.8154 5.0988 -2.4411
v  -2.7992 5.1378 -2.4411
v  -2.8154 5.1768 -2.4411
v  -2.8543 5.1929 -2.4411
v  -2.8933 5.1768 -2.4411
v  -2.9094 5.1378 -2.4411
v  -2.8543 5.0827 -2.4411
v  -2.9017 5.1851 -2.4293
v  -2.8543 5.2047 -2.4293
v  -2.8070 5.0905 -2.4293
v  -2.8543 5.0709 -2.4293
v  -2.8543 5.0709 -2.3152
v  -2.8070 5.0905 -2.3152
v  -2.7874 5.1378 -2.3152
v  -2.7874 5.1378 -2.4293
v  -2.8070 5.1851 -2.3152
v  -2.8070 5.1851 -2.4293
v  -2.8543 5.2047 -2.3152
v  -2.9017 5.1851 -2.3152
v  -2.9213 5.1378 -2.3152
v  -2.9213 5.1378 -2.4293
v  -2.9017 5.0905 -2.3152
v  -2.9017 5.0905 -2.4293
v  -2.8799 5.1378 -2.2871
v  -2.8724 5.1197 -2.2871
v  -2.8543 5.1122 -2.2871
v  -2.8362 5.1197 -2.2871
v  -2.8287 5.1378 -2.2871
v  -2.8362 5.1559 -2.2871
v  -2.8543 5.1634 -2.2871
v  -2.8724 5.1559 -2.2871
v  -2.8799 5.1378 -2.4411
v  -2.8799 5.1378 -2.4351
v  -2.8859 5.1378 -2.4411
v  -2.8724 5.1197 -2.4411
v  -2.8767 5.1155 -2.4411
v  -2.8724 5.1197 -2.4351
v  -2.8543 5.1122 -2.4411
v  -2.8543 5.1062 -2.4411
v  -2.8543 5.1122 -2.4351
v  -2.8362 5.1197 -2.4411
v  -2.8320 5.1155 -2.4411
v  -2.8362 5.1197 -2.4351
v  -2.8287 5.1378 -2.4411
v  -2.8227 5.1378 -2.4411
v  -2.8287 5.1378 -2.4351
v  -2.8362 5.1559 -2.4411
v  -2.8320 5.1601 -2.4411
v  -2.8362 5.1559 -2.4351
v  -2.8543 5.1634 -2.4411
v  -2.8543 5.1694 -2.4411
v  -2.8543 5.1634 -2.4351
v  -2.8724 5.1559 -2.4411
v  -2.8767 5.1601 -2.4411
v  -2.8724 5.1559 -2.4351
v  -2.7891 5.1378 -2.4354
v  -2.7931 5.1378 -2.4393
v  -2.8543 5.0765 -2.4393
v  -2.8543 5.0726 -2.4354
v  -2.8110 5.1811 -2.4393
v  -2.8082 5.1839 -2.4354
v  -2.8543 5.1990 -2.4393
v  -2.8543 5.2030 -2.4354
v  -2.8976 5.1811 -2.4393
v  -2.9004 5.1839 -2.4354
v  -2.9156 5.1378 -2.4393
v  -2.9195 5.1378 -2.4354
v  -2.8976 5.0945 -2.4393
v  -2.9004 5.0917 -2.4354
v  -2.8082 5.0917 -2.4354
v  -2.8110 5.0945 -2.4393
v  -2.8933 3.9571 -2.4411
v  -2.8154 3.9571 -2.4411
v  -2.7992 3.9961 -2.4411
v  -2.8154 4.0350 -2.4411
v  -2.8543 4.0512 -2.4411
v  -2.8933 4.0350 -2.4411
v  -2.9094 3.9961 -2.4411
v  -2.8543 3.9409 -2.4411
v  -2.9017 4.0434 -2.4293
v  -2.8543 4.0630 -2.4293
v  -2.8070 3.9487 -2.4293
v  -2.8543 3.9291 -2.4293
v  -2.8543 3.9291 -2.3152
v  -2.8070 3.9487 -2.3152
v  -2.7874 3.9961 -2.3152
v  -2.7874 3.9961 -2.4293
v  -2.8070 4.0434 -2.3152
v  -2.8070 4.0434 -2.4293
v  -2.8543 4.0630 -2.3152
v  -2.9017 4.0434 -2.3152
v  -2.9213 3.9961 -2.3152
v  -2.9213 3.9961 -2.4293
v  -2.9017 3.9487 -2.3152
v  -2.9017 3.9487 -2.4293
v  -2.8799 3.9961 -2.2871
v  -2.8724 3.9780 -2.2871
v  -2.8543 3.9705 -2.2871
v  -2.8362 3.9780 -2.2871
v  -2.8287 3.9961 -2.2871
v  -2.8362 4.0142 -2.2871
v  -2.8543 4.0217 -2.2871
v  -2.8724 4.0142 -2.2871
v  -2.8799 3.9961 -2.4411
v  -2.8799 3.9961 -2.4351
v  -2.8859 3.9961 -2.4411
v  -2.8724 3.9780 -2.4411
v  -2.8767 3.9737 -2.4411
v  -2.8724 3.9780 -2.4351
v  -2.8543 3.9705 -2.4411
v  -2.8543 3.9645 -2.4411
v  -2.8543 3.9705 -2.4351
v  -2.8362 3.9780 -2.4411
v  -2.8320 3.9737 -2.4411
v  -2.8362 3.9780 -2.4351
v  -2.8287 3.9961 -2.4411
v  -2.8227 3.9961 -2.4411
v  -2.8287 3.9961 -2.4351
v  -2.8362 4.0142 -2.4411
v  -2.8320 4.0184 -2.4411
v  -2.8362 4.0142 -2.4351
v  -2.8543 4.0217 -2.4411
v  -2.8543 4.0276 -2.4411
v  -2.8543 4.0217 -2.4351
v  -2.8724 4.0142 -2.4411
v  -2.8767 4.0184 -2.4411
v  -2.8724 4.0142 -2.4351
v  -2.7891 3.9961 -2.4354
v  -2.7931 3.9961 -2.4393
v  -2.8543 3.9348 -2.4393
v  -2.8543 3.9309 -2.4354
v  -2.8110 4.0394 -2.4393
v  -2.8082 4.0421 -2.4354
v  -2.8543 4.0573 -2.4393
v  -2.8543 4.0612 -2.4354
v  -2.8976 4.0394 -2.4393
v  -2.9004 4.0421 -2.4354
v  -2.9156 3.9961 -2.4393
v  -2.9195 3.9961 -2.4354
v  -2.8976 3.9528 -2.4393
v  -2.9004 3.9500 -2.4354
v  -2.8082 3.9500 -2.4354
v  -2.8110 3.9528 -2.4393
v  -2.8933 2.8154 -2.4411
v  -2.8154 2.8154 -2.4411
v  -2.7992 2.8543 -2.4411
v  -2.8154 2.8933 -2.4411
v  -2.8543 2.9094 -2.4411
v  -2.8933 2.8933 -2.4411
v  -2.9094 2.8543 -2.4411
v  -2.8543 2.7992 -2.4411
v  -2.9017 2.9017 -2.4293
v  -2.8543 2.9213 -2.4293
v  -2.8070 2.8070 -2.4293
v  -2.8543 2.7874 -2.4293
v  -2.8543 2.7874 -2.3152
v  -2.8070 2.8070 -2.3152
v  -2.7874 2.8543 -2.3152
v  -2.7874 2.8543 -2.4293
v  -2.8070 2.9017 -2.3152
v  -2.8070 2.9017 -2.4293
v  -2.8543 2.9213 -2.3152
v  -2.9017 2.9017 -2.3152
v  -2.9213 2.8543 -2.3152
v  -2.9213 2.8543 -2.4293
v  -2.9017 2.8070 -2.3152
v  -2.9017 2.8070 -2.4293
v  -2.8799 2.8543 -2.2871
v  -2.8724 2.8362 -2.2871
v  -2.8543 2.8287 -2.2871
v  -2.8362 2.8362 -2.2871
v  -2.8287 2.8543 -2.2871
v  -2.8362 2.8724 -2.2871
v  -2.8543 2.8799 -2.2871
v  -2.8724 2.8724 -2.2871
v  -2.8799 2.8543 -2.4411
v  -2.8799 2.8543 -2.4351
v  -2.8859 2.8543 -2.4411
v  -2.8724 2.8362 -2.4411
v  -2.8767 2.8320 -2.4411
v  -2.8724 2.8362 -2.4351
v  -2.8543 2.8287 -2.4411
v  -2.8543 2.8227 -2.4411
v  -2.8543 2.8287 -2.4351
v  -2.8362 2.8362 -2.4411
v  -2.8320 2.8320 -2.4411
v  -2.8362 2.8362 -2.4351
v  -2.8287 2.8543 -2.4411
v  -2.8227 2.8543 -2.4411
v  -2.8287 2.8543 -2.4351
v  -2.8362 2.8724 -2.4411
v  -2.8320 2.8767 -2.4411
v  -2.8362 2.8724 -2.4351
v  -2.8543 2.8799 -2.4411
v  -2.8543 2.8859 -2.4411
v  -2.8543 2.8799 -2.4351
v  -2.8724 2.8724 -2.4411
v  -2.8767 2.8767 -2.4411
v  -2.8724 2.8724 -2.4351
v  -2.7891 2.8543 -2.4354
v  -2.7931 2.8543 -2.4393
v  -2.8543 2.7931 -2.4393
v  -2.8543 2.7891 -2.4354
v  -2.8110 2.8976 -2.4393
v  -2.8082 2.9004 -2.4354
v  -2.8543 2.9156 -2.4393
v  -2.8543 2.9195 -2.4354
v  -2.8976 2.8976 -2.4393
v  -2.9004 2.9004 -2.4354
v  -2.9156 2.8543 -2.4393
v  -2.9195 2.8543 -2.4354
v  -2.8976 2.8110 -2.4393
v  -2.9004 2.8082 -2.4354
v  -2.8082 2.8082 -2.4354
v  -2.8110 2.8110 -2.4393
v  -2.8933 1.6736 -2.4411
v  -2.8154 1.6736 -2.4411
v  -2.7992 1.7126 -2.4411
v  -2.8154 1.7516 -2.4411
v  -2.8543 1.7677 -2.4411
v  -2.8933 1.7516 -2.4411
v  -2.9094 1.7126 -2.4411
v  -2.8543 1.6575 -2.4411
v  -2.9017 1.7599 -2.4293
v  -2.8543 1.7795 -2.4293
v  -2.8070 1.6653 -2.4293
v  -2.8543 1.6457 -2.4293
v  -2.8543 1.6457 -2.3152
v  -2.8070 1.6653 -2.3152
v  -2.7874 1.7126 -2.3152
v  -2.7874 1.7126 -2.4293
v  -2.8070 1.7599 -2.3152
v  -2.8070 1.7599 -2.4293
v  -2.8543 1.7795 -2.3152
v  -2.9017 1.7599 -2.3152
v  -2.9213 1.7126 -2.3152
v  -2.9213 1.7126 -2.4293
v  -2.9017 1.6653 -2.3152
v  -2.9017 1.6653 -2.4293
v  -2.8799 1.7126 -2.2871
v  -2.8724 1.6945 -2.2871
v  -2.8543 1.6870 -2.2871
v  -2.8362 1.6945 -2.2871
v  -2.8287 1.7126 -2.2871
v  -2.8362 1.7307 -2.2871
v  -2.8543 1.7382 -2.2871
v  -2.8724 1.7307 -2.2871
v  -2.8799 1.7126 -2.4411
v  -2.8799 1.7126 -2.4351
v  -2.8859 1.7126 -2.4411
v  -2.8724 1.6945 -2.4411
v  -2.8767 1.6903 -2.4411
v  -2.8724 1.6945 -2.4351
v  -2.8543 1.6870 -2.4411
v  -2.8543 1.6810 -2.4411
v  -2.8543 1.6870 -2.4351
v  -2.8362 1.6945 -2.4411
v  -2.8320 1.6903 -2.4411
v  -2.8362 1.6945 -2.4351
v  -2.8287 1.7126 -2.4411
v  -2.8227 1.7126 -2.4411
v  -2.8287 1.7126 -2.4351
v  -2.8362 1.7307 -2.4411
v  -2.8320 1.7349 -2.4411
v  -2.8362 1.7307 -2.4351
v  -2.8543 1.7382 -2.4411
v  -2.8543 1.7442 -2.4411
v  -2.8543 1.7382 -2.4351
v  -2.8724 1.7307 -2.4411
v  -2.8767 1.7349 -2.4411
v  -2.8724 1.7307 -2.4351
v  -2.7891 1.7126 -2.4354
v  -2.7931 1.7126 -2.4393
v  -2.8543 1.6514 -2.4393
v  -2.8543 1.6474 -2.4354
v  -2.8110 1.7559 -2.4393
v  -2.8082 1.7587 -2.4354
v  -2.8543 1.7738 -2.4393
v  -2.8543 1.7778 -2.4354
v  -2.8976 1.7559 -2.4393
v  -2.9004 1.7587 -2.4354
v  -2.9156 1.7126 -2.4393
v  -2.9195 1.7126 -2.4354
v  -2.8976 1.6693 -2.4393
v  -2.9004 1.6665 -2.4354
v  -2.8082 1.6665 -2.4354
v  -2.8110 1.6693 -2.4393
v  -2.8933 0.5319 -2.4411
v  -2.8154 0.5319 -2.4411
v  -2.7992 0.5709 -2.4411
v  -2.8154 0.6098 -2.4411
v  -2.8543 0.6260 -2.4411
v  -2.8933 0.6098 -2.4411
v  -2.9094 0.5709 -2.4411
v  -2.8543 0.5157 -2.4411
v  -2.9017 0.6182 -2.4293
v  -2.8543 0.6378 -2.4293
v  -2.8070 0.5235 -2.4293
v  -2.8543 0.5039 -2.4293
v  -2.8543 0.5039 -2.3152
v  -2.8070 0.5235 -2.3152
v  -2.7874 0.5709 -2.3152
v  -2.7874 0.5709 -2.4293
v  -2.8070 0.6182 -2.3152
v  -2.8070 0.6182 -2.4293
v  -2.8543 0.6378 -2.3152
v  -2.9017 0.6182 -2.3152
v  -2.9213 0.5709 -2.3152
v  -2.9213 0.5709 -2.4293
v  -2.9017 0.5235 -2.3152
v  -2.9017 0.5235 -2.4293
v  -2.8799 0.5709 -2.2871
v  -2.8724 0.5528 -2.2871
v  -2.8543 0.5453 -2.2871
v  -2.8362 0.5528 -2.2871
v  -2.8287 0.5709 -2.2871
v  -2.8362 0.5890 -2.2871
v  -2.8543 0.5965 -2.2871
v  -2.8724 0.5890 -2.2871
v  -2.8799 0.5709 -2.4411
v  -2.8799 0.5709 -2.4351
v  -2.8859 0.5709 -2.4411
v  -2.8724 0.5528 -2.4411
v  -2.8767 0.5485 -2.4411
v  -2.8724 0.5528 -2.4351
v  -2.8543 0.5453 -2.4411
v  -2.8543 0.5393 -2.4411
v  -2.8543 0.5453 -2.4351
v  -2.8362 0.5528 -2.4411
v  -2.8320 0.5485 -2.4411
v  -2.8362 0.5528 -2.4351
v  -2.8287 0.5709 -2.4411
v  -2.8227 0.5709 -2.4411
v  -2.8287 0.5709 -2.4351
v  -2.8362 0.5890 -2.4411
v  -2.8320 0.5932 -2.4411
v  -2.8362 0.5890 -2.4351
v  -2.8543 0.5965 -2.4411
v  -2.8543 0.6025 -2.4411
v  -2.8543 0.5965 -2.4351
v  -2.8724 0.5890 -2.4411
v  -2.8767 0.5932 -2.4411
v  -2.8724 0.5890 -2.4351
v  -2.7891 0.5709 -2.4354
v  -2.7931 0.5709 -2.4393
v  -2.8543 0.5096 -2.4393
v  -2.8543 0.5057 -2.4354
v  -2.8110 0.6142 -2.4393
v  -2.8082 0.6170 -2.4354
v  -2.8543 0.6321 -2.4393
v  -2.8543 0.6360 -2.4354
v  -2.8976 0.6142 -2.4393
v  -2.9004 0.6170 -2.4354
v  -2.9156 0.5709 -2.4393
v  -2.9195 0.5709 -2.4354
v  -2.8976 0.5276 -2.4393
v  -2.9004 0.5248 -2.4354
v  -2.8082 0.5248 -2.4354
v  -2.8110 0.5276 -2.4393
v  -2.8933 -0.6098 -2.4411
v  -2.8154 -0.6098 -2.4411
v  -2.7992 -0.5709 -2.4411
v  -2.8154 -0.5319 -2.4411
v  -2.8543 -0.5157 -2.4411
v  -2.8933 -0.5319 -2.4411
v  -2.9094 -0.5709 -2.4411
v  -2.8543 -0.6260 -2.4411
v  -2.9017 -0.5235 -2.4293
v  -2.8543 -0.5039 -2.4293
v  -2.8070 -0.6182 -2.4293
v  -2.8543 -0.6378 -2.4293
v  -2.8543 -0.6378 -2.3152
v  -2.8070 -0.6182 -2.3152
v  -2.7874 -0.5709 -2.3152
v  -2.7874 -0.5709 -2.4293
v  -2.8070 -0.5235 -2.3152
v  -2.8070 -0.5235 -2.4293
v  -2.8543 -0.5039 -2.3152
v  -2.9017 -0.5235 -2.3152
v  -2.9213 -0.5709 -2.3152
v  -2.9213 -0.5709 -2.4293
v  -2.9017 -0.6182 -2.3152
v  -2.9017 -0.6182 -2.4293
v  -2.8799 -0.5709 -2.2871
v  -2.8724 -0.5890 -2.2871
v  -2.8543 -0.5965 -2.2871
v  -2.8362 -0.5890 -2.2871
v  -2.8287 -0.5709 -2.2871
v  -2.8362 -0.5528 -2.2871
v  -2.8543 -0.5453 -2.2871
v  -2.8724 -0.5528 -2.2871
v  -2.8799 -0.5709 -2.4411
v  -2.8799 -0.5709 -2.4351
v  -2.8859 -0.5709 -2.4411
v  -2.8724 -0.5890 -2.4411
v  -2.8767 -0.5932 -2.4411
v  -2.8724 -0.5890 -2.4351
v  -2.8543 -0.5965 -2.4411
v  -2.8543 -0.6025 -2.4411
v  -2.8543 -0.5965 -2.4351
v  -2.8362 -0.5890 -2.4411
v  -2.8320 -0.5932 -2.4411
v  -2.8362 -0.5890 -2.4351
v  -2.8287 -0.5709 -2.4411
v  -2.8227 -0.5709 -2.4411
v  -2.8287 -0.5709 -2.4351
v  -2.8362 -0.5528 -2.4411
v  -2.8320 -0.5485 -2.4411
v  -2.8362 -0.5528 -2.4351
v  -2.8543 -0.5453 -2.4411
v  -2.8543 -0.5393 -2.4411
v  -2.8543 -0.5453 -2.4351
v  -2.8724 -0.5528 -2.4411
v  -2.8767 -0.5485 -2.4411
v  -2.8724 -0.5528 -2.4351
v  -2.7891 -0.5709 -2.4354
v  -2.7931 -0.5709 -2.4393
v  -2.8543 -0.6321 -2.4393
v  -2.8543 -0.6360 -2.4354
v  -2.8110 -0.5276 -2.4393
v  -2.8082 -0.5248 -2.4354
v  -2.8543 -0.5096 -2.4393
v  -2.8543 -0.5057 -2.4354
v  -2.8976 -0.5276 -2.4393
v  -2.9004 -0.5248 -2.4354
v  -2.9156 -0.5709 -2.4393
v  -2.9195 -0.5709 -2.4354
v  -2.8976 -0.6142 -2.4393
v  -2.9004 -0.6170 -2.4354
v  -2.8082 -0.6170 -2.4354
v  -2.8110 -0.6142 -2.4393
v  -2.8933 -1.7516 -2.4411
v  -2.8153 -1.7516 -2.4411
v  -2.7992 -1.7126 -2.4411
v  -2.8154 -1.6736 -2.4411
v  -2.8543 -1.6575 -2.4411
v  -2.8933 -1.6736 -2.4411
v  -2.9094 -1.7126 -2.4411
v  -2.8543 -1.7677 -2.4411
v  -2.9017 -1.6653 -2.4293
v  -2.8543 -1.6457 -2.4293
v  -2.8070 -1.7599 -2.4293
v  -2.8543 -1.7795 -2.4293
v  -2.8543 -1.7795 -2.3152
v  -2.8070 -1.7599 -2.3152
v  -2.7874 -1.7126 -2.3152
v  -2.7874 -1.7126 -2.4293
v  -2.8070 -1.6653 -2.3152
v  -2.8070 -1.6653 -2.4293
v  -2.8543 -1.6457 -2.3152
v  -2.9017 -1.6653 -2.3152
v  -2.9213 -1.7126 -2.3152
v  -2.9213 -1.7126 -2.4293
v  -2.9017 -1.7599 -2.3152
v  -2.9017 -1.7599 -2.4293
v  -2.8799 -1.7126 -2.2871
v  -2.8724 -1.7307 -2.2871
v  -2.8543 -1.7382 -2.2871
v  -2.8362 -1.7307 -2.2871
v  -2.8287 -1.7126 -2.2871
v  -2.8362 -1.6945 -2.2871
v  -2.8543 -1.6870 -2.2871
v  -2.8724 -1.6945 -2.2871
v  -2.8799 -1.7126 -2.4411
v  -2.8799 -1.7126 -2.4351
v  -2.8859 -1.7126 -2.4411
v  -2.8724 -1.7307 -2.4411
v  -2.8767 -1.7349 -2.4411
v  -2.8724 -1.7307 -2.4351
v  -2.8543 -1.7382 -2.4411
v  -2.8543 -1.7442 -2.4411
v  -2.8543 -1.7382 -2.4351
v  -2.8362 -1.7307 -2.4411
v  -2.8320 -1.7349 -2.4411
v  -2.8362 -1.7307 -2.4351
v  -2.8287 -1.7126 -2.4411
v  -2.8227 -1.7126 -2.4411
v  -2.8287 -1.7126 -2.4351
v  -2.8362 -1.6945 -2.4411
v  -2.8320 -1.6903 -2.4411
v  -2.8362 -1.6945 -2.4351
v  -2.8543 -1.6870 -2.4411
v  -2.8543 -1.6810 -2.4411
v  -2.8543 -1.6870 -2.4351
v  -2.8724 -1.6945 -2.4411
v  -2.8767 -1.6903 -2.4411
v  -2.8724 -1.6945 -2.4351
v  -2.7891 -1.7126 -2.4354
v  -2.7931 -1.7126 -2.4393
v  -2.8543 -1.7738 -2.4393
v  -2.8543 -1.7778 -2.4354
v  -2.8110 -1.6693 -2.4393
v  -2.8082 -1.6665 -2.4354
v  -2.8543 -1.6514 -2.4393
v  -2.8543 -1.6474 -2.4354
v  -2.8976 -1.6693 -2.4393
v  -2.9004 -1.6665 -2.4354
v  -2.9156 -1.7126 -2.4393
v  -2.9195 -1.7126 -2.4354
v  -2.8976 -1.7559 -2.4393
v  -2.9004 -1.7587 -2.4354
v  -2.8082 -1.7587 -2.4354
v  -2.8110 -1.7559 -2.4393
v  -2.8933 -2.8933 -2.4411
v  -2.8153 -2.8933 -2.4411
v  -2.7992 -2.8543 -2.4411
v  -2.8154 -2.8154 -2.4411
v  -2.8543 -2.7992 -2.4411
v  -2.8933 -2.8154 -2.4411
v  -2.9094 -2.8543 -2.4411
v  -2.8543 -2.9094 -2.4411
v  -2.9017 -2.8070 -2.4293
v  -2.8543 -2.7874 -2.4293
v  -2.8070 -2.9017 -2.4293
v  -2.8543 -2.9213 -2.4293
v  -2.8543 -2.9213 -2.3152
v  -2.8070 -2.9017 -2.3152
v  -2.7874 -2.8543 -2.3152
v  -2.7874 -2.8543 -2.4293
v  -2.8070 -2.8070 -2.3152
v  -2.8070 -2.8070 -2.4293
v  -2.8543 -2.7874 -2.3152
v  -2.9017 -2.8070 -2.3152
v  -2.9213 -2.8543 -2.3152
v  -2.9213 -2.8543 -2.4293
v  -2.9017 -2.9017 -2.3152
v  -2.9017 -2.9017 -2.4293
v  -2.8799 -2.8543 -2.2871
v  -2.8724 -2.8724 -2.2871
v  -2.8543 -2.8799 -2.2871
v  -2.8362 -2.8724 -2.2871
v  -2.8287 -2.8543 -2.2871
v  -2.8362 -2.8362 -2.2871
v  -2.8543 -2.8287 -2.2871
v  -2.8724 -2.8362 -2.2871
v  -2.8799 -2.8543 -2.4411
v  -2.8799 -2.8543 -2.4351
v  -2.8859 -2.8543 -2.4411
v  -2.8724 -2.8724 -2.4411
v  -2.8767 -2.8767 -2.4411
v  -2.8724 -2.8724 -2.4351
v  -2.8543 -2.8799 -2.4411
v  -2.8543 -2.8859 -2.4411
v  -2.8543 -2.8799 -2.4351
v  -2.8362 -2.8724 -2.4411
v  -2.8320 -2.8767 -2.4411
v  -2.8362 -2.8724 -2.4351
v  -2.8287 -2.8543 -2.4411
v  -2.8227 -2.8543 -2.4411
v  -2.8287 -2.8543 -2.4351
v  -2.8362 -2.8362 -2.4411
v  -2.8320 -2.8320 -2.4411
v  -2.8362 -2.8362 -2.4351
v  -2.8543 -2.8287 -2.4411
v  -2.8543 -2.8227 -2.4411
v  -2.8543 -2.8287 -2.4351
v  -2.8724 -2.8362 -2.4411
v  -2.8767 -2.8320 -2.4411
v  -2.8724 -2.8362 -2.4351
v  -2.7891 -2.8543 -2.4354
v  -2.7931 -2.8543 -2.4393
v  -2.8543 -2.9156 -2.4393
v  -2.8543 -2.9195 -2.4354
v  -2.8110 -2.8110 -2.4393
v  -2.8082 -2.8082 -2.4354
v  -2.8543 -2.7931 -2.4393
v  -2.8543 -2.7892 -2.4354
v  -2.8976 -2.8110 -2.4393
v  -2.9004 -2.8082 -2.4354
v  -2.9156 -2.8543 -2.4393
v  -2.9195 -2.8543 -2.4354
v  -2.8976 -2.8976 -2.4393
v  -2.9004 -2.9004 -2.4354
v  -2.8082 -2.9004 -2.4354
v  -2.8110 -2.8976 -2.4393
v  -2.8933 -4.0350 -2.4411
v  -2.8153 -4.0350 -2.4411
v  -2.7992 -3.9961 -2.4411
v  -2.8154 -3.9571 -2.4411
v  -2.8543 -3.9409 -2.4411
v  -2.8933 -3.9571 -2.4411
v  -2.9094 -3.9961 -2.4411
v  -2.8543 -4.0512 -2.4411
v  -2.9017 -3.9487 -2.4293
v  -2.8543 -3.9291 -2.4293
v  -2.8070 -4.0434 -2.4293
v  -2.8543 -4.0630 -2.4293
v  -2.8543 -4.0630 -2.3152
v  -2.8070 -4.0434 -2.3152
v  -2.7874 -3.9961 -2.3152
v  -2.7874 -3.9961 -2.4293
v  -2.8070 -3.9487 -2.3152
v  -2.8070 -3.9487 -2.4293
v  -2.8543 -3.9291 -2.3152
v  -2.9017 -3.9487 -2.3152
v  -2.9213 -3.9961 -2.3152
v  -2.9213 -3.9961 -2.4293
v  -2.9017 -4.0434 -2.3152
v  -2.9017 -4.0434 -2.4293
v  -2.8799 -3.9961 -2.2871
v  -2.8724 -4.0142 -2.2871
v  -2.8543 -4.0217 -2.2871
v  -2.8362 -4.0142 -2.2871
v  -2.8287 -3.9961 -2.2871
v  -2.8362 -3.9780 -2.2871
v  -2.8543 -3.9705 -2.2871
v  -2.8724 -3.9780 -2.2871
v  -2.8799 -3.9961 -2.4411
v  -2.8799 -3.9961 -2.4351
v  -2.8859 -3.9961 -2.4411
v  -2.8724 -4.0142 -2.4411
v  -2.8767 -4.0184 -2.4411
v  -2.8724 -4.0142 -2.4351
v  -2.8543 -4.0217 -2.4411
v  -2.8543 -4.0277 -2.4411
v  -2.8543 -4.0217 -2.4351
v  -2.8362 -4.0142 -2.4411
v  -2.8320 -4.0184 -2.4411
v  -2.8362 -4.0142 -2.4351
v  -2.8287 -3.9961 -2.4411
v  -2.8227 -3.9961 -2.4411
v  -2.8287 -3.9961 -2.4351
v  -2.8362 -3.9780 -2.4411
v  -2.8320 -3.9737 -2.4411
v  -2.8362 -3.9780 -2.4351
v  -2.8543 -3.9705 -2.4411
v  -2.8543 -3.9645 -2.4411
v  -2.8543 -3.9705 -2.4351
v  -2.8724 -3.9780 -2.4411
v  -2.8767 -3.9737 -2.4411
v  -2.8724 -3.9780 -2.4351
v  -2.7891 -3.9961 -2.4354
v  -2.7931 -3.9961 -2.4393
v  -2.8543 -4.0573 -2.4393
v  -2.8543 -4.0612 -2.4354
v  -2.8110 -3.9528 -2.4393
v  -2.8082 -3.9500 -2.4354
v  -2.8543 -3.9348 -2.4393
v  -2.8543 -3.9309 -2.4354
v  -2.8976 -3.9528 -2.4393
v  -2.9004 -3.9500 -2.4354
v  -2.9156 -3.9961 -2.4393
v  -2.9195 -3.9961 -2.4354
v  -2.8976 -4.0394 -2.4393
v  -2.9004 -4.0422 -2.4354
v  -2.8082 -4.0421 -2.4354
v  -2.8110 -4.0394 -2.4393
v  -2.8933 -5.1768 -2.4411
v  -2.8153 -5.1768 -2.4411
v  -2.7992 -5.1378 -2.4411
v  -2.8153 -5.0988 -2.4411
v  -2.8543 -5.0827 -2.4411
v  -2.8933 -5.0988 -2.4411
v  -2.9094 -5.1378 -2.4411
v  -2.8543 -5.1929 -2.4411
v  -2.9017 -5.0905 -2.4293
v  -2.8543 -5.0709 -2.4293
v  -2.8070 -5.1851 -2.4293
v  -2.8543 -5.2047 -2.4293
v  -2.8543 -5.2047 -2.3152
v  -2.8070 -5.1851 -2.3152
v  -2.7874 -5.1378 -2.3152
v  -2.7874 -5.1378 -2.4293
v  -2.8070 -5.0905 -2.3152
v  -2.8070 -5.0905 -2.4293
v  -2.8543 -5.0709 -2.3152
v  -2.9017 -5.0905 -2.3152
v  -2.9213 -5.1378 -2.3152
v  -2.9213 -5.1378 -2.4293
v  -2.9017 -5.1851 -2.3152
v  -2.9017 -5.1851 -2.4293
v  -2.8799 -5.1378 -2.2871
v  -2.8724 -5.1559 -2.2871
v  -2.8543 -5.1634 -2.2871
v  -2.8362 -5.1559 -2.2871
v  -2.8287 -5.1378 -2.2871
v  -2.8362 -5.1197 -2.2871
v  -2.8543 -5.1122 -2.2871
v  -2.8724 -5.1197 -2.2871
v  -2.8799 -5.1378 -2.4411
v  -2.8799 -5.1378 -2.4351
v  -2.8859 -5.1378 -2.4411
v  -2.8724 -5.1559 -2.4411
v  -2.8767 -5.1601 -2.4411
v  -2.8724 -5.1559 -2.4351
v  -2.8543 -5.1634 -2.4411
v  -2.8543 -5.1694 -2.4411
v  -2.8543 -5.1634 -2.4351
v  -2.8362 -5.1559 -2.4411
v  -2.8320 -5.1601 -2.4411
v  -2.8362 -5.1559 -2.4351
v  -2.8287 -5.1378 -2.4411
v  -2.8227 -5.1378 -2.4411
v  -2.8287 -5.1378 -2.4351
v  -2.8362 -5.1197 -2.4411
v  -2.8320 -5.1155 -2.4411
v  -2.8362 -5.1197 -2.4351
v  -2.8543 -5.1122 -2.4411
v  -2.8543 -5.1062 -2.4411
v  -2.8543 -5.1122 -2.4351
v  -2.8724 -5.1197 -2.4411
v  -2.8767 -5.1155 -2.4411
v  -2.8724 -5.1197 -2.4351
v  -2.7891 -5.1378 -2.4354
v  -2.7931 -5.1378 -2.4393
v  -2.8543 -5.1990 -2.4393
v  -2.8543 -5.2030 -2.4354
v  -2.8110 -5.0945 -2.4393
v  -2.8082 -5.0917 -2.4354
v  -2.8543 -5.0766 -2.4393
v  -2.8543 -5.0726 -2.4354
v  -2.8976 -5.0945 -2.4393
v  -2.9004 -5.0917 -2.4354
v  -2.9156 -5.1378 -2.4393
v  -2.9195 -5.1378 -2.4354
v  -2.8976 -5.1811 -2.4393
v  -2.9004 -5.1839 -2.4354
v  -2.8082 -5.1839 -2.4354
v  -2.8110 -5.1811 -2.4393
v  -1.7516 -6.3185 -2.4411
v  -1.6736 -6.3185 -2.4411
v  -1.6575 -6.2795 -2.4411
v  -1.6736 -6.2406 -2.4411
v  -1.7126 -6.2244 -2.4411
v  -1.7516 -6.2406 -2.4411
v  -1.7677 -6.2795 -2.4411
v  -1.7126 -6.3346 -2.4411
v  -1.7599 -6.2322 -2.4293
v  -1.7126 -6.2126 -2.4293
v  -1.6653 -6.3269 -2.4293
v  -1.7126 -6.3465 -2.4293
v  -1.7126 -6.3465 -2.3152
v  -1.6653 -6.3269 -2.3152
v  -1.6457 -6.2795 -2.3152
v  -1.6457 -6.2795 -2.4293
v  -1.6653 -6.2322 -2.3152
v  -1.6653 -6.2322 -2.4293
v  -1.7126 -6.2126 -2.3152
v  -1.7599 -6.2322 -2.3152
v  -1.7795 -6.2795 -2.3152
v  -1.7795 -6.2795 -2.4293
v  -1.7599 -6.3269 -2.3152
v  -1.7599 -6.3269 -2.4293
v  -1.7382 -6.2795 -2.2871
v  -1.7307 -6.2976 -2.2871
v  -1.7126 -6.3051 -2.2871
v  -1.6945 -6.2976 -2.2871
v  -1.6870 -6.2795 -2.2871
v  -1.6945 -6.2614 -2.2871
v  -1.7126 -6.2539 -2.2871
v  -1.7307 -6.2614 -2.2871
v  -1.7382 -6.2795 -2.4411
v  -1.7382 -6.2795 -2.4351
v  -1.7442 -6.2795 -2.4411
v  -1.7307 -6.2976 -2.4411
v  -1.7349 -6.3019 -2.4411
v  -1.7307 -6.2976 -2.4351
v  -1.7126 -6.3051 -2.4411
v  -1.7126 -6.3111 -2.4411
v  -1.7126 -6.3051 -2.4351
v  -1.6945 -6.2976 -2.4411
v  -1.6903 -6.3019 -2.4411
v  -1.6945 -6.2976 -2.4351
v  -1.6870 -6.2795 -2.4411
v  -1.6810 -6.2795 -2.4411
v  -1.6870 -6.2795 -2.4351
v  -1.6945 -6.2614 -2.4411
v  -1.6903 -6.2572 -2.4411
v  -1.6945 -6.2614 -2.4351
v  -1.7126 -6.2539 -2.4411
v  -1.7126 -6.2479 -2.4411
v  -1.7126 -6.2539 -2.4351
v  -1.7307 -6.2614 -2.4411
v  -1.7349 -6.2572 -2.4411
v  -1.7307 -6.2614 -2.4351
v  -1.6474 -6.2795 -2.4354
v  -1.6513 -6.2795 -2.4393
v  -1.7126 -6.3408 -2.4393
v  -1.7126 -6.3447 -2.4354
v  -1.6693 -6.2362 -2.4393
v  -1.6665 -6.2334 -2.4354
v  -1.7126 -6.2183 -2.4393
v  -1.7126 -6.2143 -2.4354
v  -1.7559 -6.2362 -2.4393
v  -1.7587 -6.2334 -2.4354
v  -1.7738 -6.2795 -2.4393
v  -1.7778 -6.2795 -2.4354
v  -1.7559 -6.3228 -2.4393
v  -1.7587 -6.3256 -2.4354
v  -1.6665 -6.3256 -2.4354
v  -1.6693 -6.3228 -2.4393
v  -1.7516 6.2406 -2.4411
v  -1.6736 6.2406 -2.4411
v  -1.6575 6.2795 -2.4411
v  -1.6736 6.3185 -2.4411
v  -1.7126 6.3346 -2.4411
v  -1.7516 6.3185 -2.4411
v  -1.7677 6.2795 -2.4411
v  -1.7126 6.2244 -2.4411
v  -1.7599 6.3269 -2.4293
v  -1.7126 6.3465 -2.4293
v  -1.6653 6.2322 -2.4293
v  -1.7126 6.2126 -2.4293
v  -1.7126 6.2126 -2.3152
v  -1.6653 6.2322 -2.3152
v  -1.6457 6.2795 -2.3152
v  -1.6457 6.2795 -2.4293
v  -1.6653 6.3269 -2.3152
v  -1.6653 6.3269 -2.4293
v  -1.7126 6.3465 -2.3152
v  -1.7599 6.3269 -2.3152
v  -1.7795 6.2795 -2.3152
v  -1.7795 6.2795 -2.4293
v  -1.7599 6.2322 -2.3152
v  -1.7599 6.2322 -2.4293
v  -1.7382 6.2795 -2.2871
v  -1.7307 6.2614 -2.2871
v  -1.7126 6.2539 -2.2871
v  -1.6945 6.2614 -2.2871
v  -1.6870 6.2795 -2.2871
v  -1.6945 6.2976 -2.2871
v  -1.7126 6.3051 -2.2871
v  -1.7307 6.2976 -2.2871
v  -1.7382 6.2795 -2.4411
v  -1.7382 6.2795 -2.4351
v  -1.7442 6.2795 -2.4411
v  -1.7307 6.2614 -2.4411
v  -1.7349 6.2572 -2.4411
v  -1.7307 6.2614 -2.4351
v  -1.7126 6.2539 -2.4411
v  -1.7126 6.2479 -2.4411
v  -1.7126 6.2539 -2.4351
v  -1.6945 6.2614 -2.4411
v  -1.6903 6.2572 -2.4411
v  -1.6945 6.2614 -2.4351
v  -1.6870 6.2795 -2.4411
v  -1.6810 6.2795 -2.4411
v  -1.6870 6.2795 -2.4351
v  -1.6945 6.2976 -2.4411
v  -1.6903 6.3019 -2.4411
v  -1.6945 6.2976 -2.4351
v  -1.7126 6.3051 -2.4411
v  -1.7126 6.3111 -2.4411
v  -1.7126 6.3051 -2.4351
v  -1.7307 6.2976 -2.4411
v  -1.7349 6.3019 -2.4411
v  -1.7307 6.2976 -2.4351
v  -1.6474 6.2795 -2.4354
v  -1.6513 6.2795 -2.4393
v  -1.7126 6.2183 -2.4393
v  -1.7126 6.2143 -2.4354
v  -1.6693 6.3228 -2.4393
v  -1.6665 6.3256 -2.4354
v  -1.7126 6.3408 -2.4393
v  -1.7126 6.3447 -2.4354
v  -1.7559 6.3228 -2.4393
v  -1.7587 6.3256 -2.4354
v  -1.7738 6.2795 -2.4393
v  -1.7778 6.2795 -2.4354
v  -1.7559 6.2362 -2.4393
v  -1.7587 6.2334 -2.4354
v  -1.6665 6.2334 -2.4354
v  -1.6693 6.2362 -2.4393
v  -1.7516 5.0988 -2.4411
v  -1.6736 5.0988 -2.4411
v  -1.6575 5.1378 -2.4411
v  -1.6736 5.1768 -2.4411
v  -1.7126 5.1929 -2.4411
v  -1.7516 5.1768 -2.4411
v  -1.7677 5.1378 -2.4411
v  -1.7126 5.0827 -2.4411
v  -1.7599 5.1851 -2.4293
v  -1.7126 5.2047 -2.4293
v  -1.6653 5.0905 -2.4293
v  -1.7126 5.0709 -2.4293
v  -1.7126 5.0709 -2.3152
v  -1.6653 5.0905 -2.3152
v  -1.6457 5.1378 -2.3152
v  -1.6457 5.1378 -2.4293
v  -1.6653 5.1851 -2.3152
v  -1.6653 5.1851 -2.4293
v  -1.7126 5.2047 -2.3152
v  -1.7599 5.1851 -2.3152
v  -1.7795 5.1378 -2.3152
v  -1.7795 5.1378 -2.4293
v  -1.7599 5.0905 -2.3152
v  -1.7599 5.0905 -2.4293
v  -1.7382 5.1378 -2.2871
v  -1.7307 5.1197 -2.2871
v  -1.7126 5.1122 -2.2871
v  -1.6945 5.1197 -2.2871
v  -1.6870 5.1378 -2.2871
v  -1.6945 5.1559 -2.2871
v  -1.7126 5.1634 -2.2871
v  -1.7307 5.1559 -2.2871
v  -1.7382 5.1378 -2.4411
v  -1.7382 5.1378 -2.4351
v  -1.7442 5.1378 -2.4411
v  -1.7307 5.1197 -2.4411
v  -1.7349 5.1155 -2.4411
v  -1.7307 5.1197 -2.4351
v  -1.7126 5.1122 -2.4411
v  -1.7126 5.1062 -2.4411
v  -1.7126 5.1122 -2.4351
v  -1.6945 5.1197 -2.4411
v  -1.6903 5.1155 -2.4411
v  -1.6945 5.1197 -2.4351
v  -1.6870 5.1378 -2.4411
v  -1.6810 5.1378 -2.4411
v  -1.6870 5.1378 -2.4351
v  -1.6945 5.1559 -2.4411
v  -1.6903 5.1601 -2.4411
v  -1.6945 5.1559 -2.4351
v  -1.7126 5.1634 -2.4411
v  -1.7126 5.1694 -2.4411
v  -1.7126 5.1634 -2.4351
v  -1.7307 5.1559 -2.4411
v  -1.7349 5.1601 -2.4411
v  -1.7307 5.1559 -2.4351
v  -1.6474 5.1378 -2.4354
v  -1.6513 5.1378 -2.4393
v  -1.7126 5.0765 -2.4393
v  -1.7126 5.0726 -2.4354
v  -1.6693 5.1811 -2.4393
v  -1.6665 5.1839 -2.4354
v  -1.7126 5.1990 -2.4393
v  -1.7126 5.2030 -2.4354
v  -1.7559 5.1811 -2.4393
v  -1.7587 5.1839 -2.4354
v  -1.7738 5.1378 -2.4393
v  -1.7778 5.1378 -2.4354
v  -1.7559 5.0945 -2.4393
v  -1.7587 5.0917 -2.4354
v  -1.6665 5.0917 -2.4354
v  -1.6693 5.0945 -2.4393
v  -1.7516 3.9571 -2.4411
v  -1.6736 3.9571 -2.4411
v  -1.6575 3.9961 -2.4411
v  -1.6736 4.0350 -2.4411
v  -1.7126 4.0512 -2.4411
v  -1.7516 4.0350 -2.4411
v  -1.7677 3.9961 -2.4411
v  -1.7126 3.9409 -2.4411
v  -1.7599 4.0434 -2.4293
v  -1.7126 4.0630 -2.4293
v  -1.6653 3.9487 -2.4293
v  -1.7126 3.9291 -2.4293
v  -1.7126 3.9291 -2.3152
v  -1.6653 3.9487 -2.3152
v  -1.6457 3.9961 -2.3152
v  -1.6457 3.9961 -2.4293
v  -1.6653 4.0434 -2.3152
v  -1.6653 4.0434 -2.4293
v  -1.7126 4.0630 -2.3152
v  -1.7599 4.0434 -2.3152
v  -1.7795 3.9961 -2.3152
v  -1.7795 3.9961 -2.4293
v  -1.7599 3.9487 -2.3152
v  -1.7599 3.9487 -2.4293
v  -1.7382 3.9961 -2.2871
v  -1.7307 3.9780 -2.2871
v  -1.7126 3.9705 -2.2871
v  -1.6945 3.9780 -2.2871
v  -1.6870 3.9961 -2.2871
v  -1.6945 4.0142 -2.2871
v  -1.7126 4.0217 -2.2871
v  -1.7307 4.0142 -2.2871
v  -1.7382 3.9961 -2.4411
v  -1.7382 3.9961 -2.4351
v  -1.7442 3.9961 -2.4411
v  -1.7307 3.9780 -2.4411
v  -1.7349 3.9737 -2.4411
v  -1.7307 3.9780 -2.4351
v  -1.7126 3.9705 -2.4411
v  -1.7126 3.9645 -2.4411
v  -1.7126 3.9705 -2.4351
v  -1.6945 3.9780 -2.4411
v  -1.6903 3.9737 -2.4411
v  -1.6945 3.9780 -2.4351
v  -1.6870 3.9961 -2.4411
v  -1.6810 3.9961 -2.4411
v  -1.6870 3.9961 -2.4351
v  -1.6945 4.0142 -2.4411
v  -1.6903 4.0184 -2.4411
v  -1.6945 4.0142 -2.4351
v  -1.7126 4.0217 -2.4411
v  -1.7126 4.0276 -2.4411
v  -1.7126 4.0217 -2.4351
v  -1.7307 4.0142 -2.4411
v  -1.7349 4.0184 -2.4411
v  -1.7307 4.0142 -2.4351
v  -1.6474 3.9961 -2.4354
v  -1.6513 3.9961 -2.4393
v  -1.7126 3.9348 -2.4393
v  -1.7126 3.9309 -2.4354
v  -1.6693 4.0394 -2.4393
v  -1.6665 4.0421 -2.4354
v  -1.7126 4.0573 -2.4393
v  -1.7126 4.0612 -2.4354
v  -1.7559 4.0394 -2.4393
v  -1.7587 4.0421 -2.4354
v  -1.7738 3.9961 -2.4393
v  -1.7778 3.9961 -2.4354
v  -1.7559 3.9528 -2.4393
v  -1.7587 3.9500 -2.4354
v  -1.6665 3.9500 -2.4354
v  -1.6693 3.9528 -2.4393
v  -1.7516 2.8154 -2.4411
v  -1.6736 2.8154 -2.4411
v  -1.6575 2.8543 -2.4411
v  -1.6736 2.8933 -2.4411
v  -1.7126 2.9094 -2.4411
v  -1.7516 2.8933 -2.4411
v  -1.7677 2.8543 -2.4411
v  -1.7126 2.7992 -2.4411
v  -1.7599 2.9017 -2.4293
v  -1.7126 2.9213 -2.4293
v  -1.6653 2.8070 -2.4293
v  -1.7126 2.7874 -2.4293
v  -1.7126 2.7874 -2.3152
v  -1.6653 2.8070 -2.3152
v  -1.6457 2.8543 -2.3152
v  -1.6457 2.8543 -2.4293
v  -1.6653 2.9017 -2.3152
v  -1.6653 2.9017 -2.4293
v  -1.7126 2.9213 -2.3152
v  -1.7599 2.9017 -2.3152
v  -1.7795 2.8543 -2.3152
v  -1.7795 2.8543 -2.4293
v  -1.7599 2.8070 -2.3152
v  -1.7599 2.8070 -2.4293
v  -1.7382 2.8543 -2.2871
v  -1.7307 2.8362 -2.2871
v  -1.7126 2.8287 -2.2871
v  -1.6945 2.8362 -2.2871
v  -1.6870 2.8543 -2.2871
v  -1.6945 2.8724 -2.2871
v  -1.7126 2.8799 -2.2871
v  -1.7307 2.8724 -2.2871
v  -1.7382 2.8543 -2.4411
v  -1.7382 2.8543 -2.4351
v  -1.7442 2.8543 -2.4411
v  -1.7307 2.8362 -2.4411
v  -1.7349 2.8320 -2.4411
v  -1.7307 2.8362 -2.4351
v  -1.7126 2.8287 -2.4411
v  -1.7126 2.8227 -2.4411
v  -1.7126 2.8287 -2.4351
v  -1.6945 2.8362 -2.4411
v  -1.6903 2.8320 -2.4411
v  -1.6945 2.8362 -2.4351
v  -1.6870 2.8543 -2.4411
v  -1.6810 2.8543 -2.4411
v  -1.6870 2.8543 -2.4351
v  -1.6945 2.8724 -2.4411
v  -1.6903 2.8767 -2.4411
v  -1.6945 2.8724 -2.4351
v  -1.7126 2.8799 -2.4411
v  -1.7126 2.8859 -2.4411
v  -1.7126 2.8799 -2.4351
v  -1.7307 2.8724 -2.4411
v  -1.7349 2.8767 -2.4411
v  -1.7307 2.8724 -2.4351
v  -1.6474 2.8543 -2.4354
v  -1.6513 2.8543 -2.4393
v  -1.7126 2.7931 -2.4393
v  -1.7126 2.7891 -2.4354
v  -1.6693 2.8976 -2.4393
v  -1.6665 2.9004 -2.4354
v  -1.7126 2.9156 -2.4393
v  -1.7126 2.9195 -2.4354
v  -1.7559 2.8976 -2.4393
v  -1.7587 2.9004 -2.4354
v  -1.7738 2.8543 -2.4393
v  -1.7778 2.8543 -2.4354
v  -1.7559 2.8110 -2.4393
v  -1.7587 2.8082 -2.4354
v  -1.6665 2.8082 -2.4354
v  -1.6693 2.8110 -2.4393
v  -1.7516 1.6736 -2.4411
v  -1.6736 1.6736 -2.4411
v  -1.6575 1.7126 -2.4411
v  -1.6736 1.7516 -2.4411
v  -1.7126 1.7677 -2.4411
v  -1.7516 1.7516 -2.4411
v  -1.7677 1.7126 -2.4411
v  -1.7126 1.6575 -2.4411
v  -1.7599 1.7599 -2.4293
v  -1.7126 1.7795 -2.4293
v  -1.6653 1.6653 -2.4293
v  -1.7126 1.6457 -2.4293
v  -1.7126 1.6457 -2.3152
v  -1.6653 1.6653 -2.3152
v  -1.6457 1.7126 -2.3152
v  -1.6457 1.7126 -2.4293
v  -1.6653 1.7599 -2.3152
v  -1.6653 1.7599 -2.4293
v  -1.7126 1.7795 -2.3152
v  -1.7599 1.7599 -2.3152
v  -1.7795 1.7126 -2.3152
v  -1.7795 1.7126 -2.4293
v  -1.7599 1.6653 -2.3152
v  -1.7599 1.6653 -2.4293
v  -1.7382 1.7126 -2.2871
v  -1.7307 1.6945 -2.2871
v  -1.7126 1.6870 -2.2871
v  -1.6945 1.6945 -2.2871
v  -1.6870 1.7126 -2.2871
v  -1.6945 1.7307 -2.2871
v  -1.7126 1.7382 -2.2871
v  -1.7307 1.7307 -2.2871
v  -1.7382 1.7126 -2.4411
v  -1.7382 1.7126 -2.4351
v  -1.7442 1.7126 -2.4411
v  -1.7307 1.6945 -2.4411
v  -1.7349 1.6903 -2.4411
v  -1.7307 1.6945 -2.4351
v  -1.7126 1.6870 -2.4411
v  -1.7126 1.6810 -2.4411
v  -1.7126 1.6870 -2.4351
v  -1.6945 1.6945 -2.4411
v  -1.6903 1.6903 -2.4411
v  -1.6945 1.6945 -2.4351
v  -1.6870 1.7126 -2.4411
v  -1.6810 1.7126 -2.4411
v  -1.6870 1.7126 -2.4351
v  -1.6945 1.7307 -2.4411
v  -1.6903 1.7349 -2.4411
v  -1.6945 1.7307 -2.4351
v  -1.7126 1.7382 -2.4411
v  -1.7126 1.7442 -2.4411
v  -1.7126 1.7382 -2.4351
v  -1.7307 1.7307 -2.4411
v  -1.7349 1.7349 -2.4411
v  -1.7307 1.7307 -2.4351
v  -1.6474 1.7126 -2.4354
v  -1.6513 1.7126 -2.4393
v  -1.7126 1.6514 -2.4393
v  -1.7126 1.6474 -2.4354
v  -1.6693 1.7559 -2.4393
v  -1.6665 1.7587 -2.4354
v  -1.7126 1.7738 -2.4393
v  -1.7126 1.7778 -2.4354
v  -1.7559 1.7559 -2.4393
v  -1.7587 1.7587 -2.4354
v  -1.7738 1.7126 -2.4393
v  -1.7778 1.7126 -2.4354
v  -1.7559 1.6693 -2.4393
v  -1.7587 1.6665 -2.4354
v  -1.6665 1.6665 -2.4354
v  -1.6693 1.6693 -2.4393
v  -1.7516 0.5319 -2.4411
v  -1.6736 0.5319 -2.4411
v  -1.6575 0.5709 -2.4411
v  -1.6736 0.6098 -2.4411
v  -1.7126 0.6260 -2.4411
v  -1.7516 0.6098 -2.4411
v  -1.7677 0.5709 -2.4411
v  -1.7126 0.5157 -2.4411
v  -1.7599 0.6182 -2.4293
v  -1.7126 0.6378 -2.4293
v  -1.6653 0.5235 -2.4293
v  -1.7126 0.5039 -2.4293
v  -1.7126 0.5039 -2.3152
v  -1.6653 0.5235 -2.3152
v  -1.6457 0.5709 -2.3152
v  -1.6457 0.5709 -2.4293
v  -1.6653 0.6182 -2.3152
v  -1.6653 0.6182 -2.4293
v  -1.7126 0.6378 -2.3152
v  -1.7599 0.6182 -2.3152
v  -1.7795 0.5709 -2.3152
v  -1.7795 0.5709 -2.4293
v  -1.7599 0.5235 -2.3152
v  -1.7599 0.5235 -2.4293
v  -1.7382 0.5709 -2.2871
v  -1.7307 0.5528 -2.2871
v  -1.7126 0.5453 -2.2871
v  -1.6945 0.5528 -2.2871
v  -1.6870 0.5709 -2.2871
v  -1.6945 0.5890 -2.2871
v  -1.7126 0.5965 -2.2871
v  -1.7307 0.5890 -2.2871
v  -1.7382 0.5709 -2.4411
v  -1.7382 0.5709 -2.4351
v  -1.7442 0.5709 -2.4411
v  -1.7307 0.5528 -2.4411
v  -1.7349 0.5485 -2.4411
v  -1.7307 0.5528 -2.4351
v  -1.7126 0.5453 -2.4411
v  -1.7126 0.5393 -2.4411
v  -1.7126 0.5453 -2.4351
v  -1.6945 0.5528 -2.4411
v  -1.6903 0.5485 -2.4411
v  -1.6945 0.5528 -2.4351
v  -1.6870 0.5709 -2.4411
v  -1.6810 0.5709 -2.4411
v  -1.6870 0.5709 -2.4351
v  -1.6945 0.5890 -2.4411
v  -1.6903 0.5932 -2.4411
v  -1.6945 0.5890 -2.4351
v  -1.7126 0.5965 -2.4411
v  -1.7126 0.6025 -2.4411
v  -1.7126 0.5965 -2.4351
v  -1.7307 0.5890 -2.4411
v  -1.7349 0.5932 -2.4411
v  -1.7307 0.5890 -2.4351
v  -1.6474 0.5709 -2.4354
v  -1.6513 0.5709 -2.4393
v  -1.7126 0.5096 -2.4393
v  -1.7126 0.5057 -2.4354
v  -1.6693 0.6142 -2.4393
v  -1.6665 0.6170 -2.4354
v  -1.7126 0.6321 -2.4393
v  -1.7126 0.6360 -2.4354
v  -1.7559 0.6142 -2.4393
v  -1.7587 0.6170 -2.4354
v  -1.7738 0.5709 -2.4393
v  -1.7778 0.5709 -2.4354
v  -1.7559 0.5276 -2.4393
v  -1.7587 0.5248 -2.4354
v  -1.6665 0.5248 -2.4354
v  -1.6693 0.5276 -2.4393
v  -1.7516 -0.6098 -2.4411
v  -1.6736 -0.6098 -2.4411
v  -1.6575 -0.5709 -2.4411
v  -1.6736 -0.5319 -2.4411
v  -1.7126 -0.5157 -2.4411
v  -1.7516 -0.5319 -2.4411
v  -1.7677 -0.5709 -2.4411
v  -1.7126 -0.6260 -2.4411
v  -1.7599 -0.5235 -2.4293
v  -1.7126 -0.5039 -2.4293
v  -1.6653 -0.6182 -2.4293
v  -1.7126 -0.6378 -2.4293
v  -1.7126 -0.6378 -2.3152
v  -1.6653 -0.6182 -2.3152
v  -1.6457 -0.5709 -2.3152
v  -1.6457 -0.5709 -2.4293
v  -1.6653 -0.5235 -2.3152
v  -1.6653 -0.5235 -2.4293
v  -1.7126 -0.5039 -2.3152
v  -1.7599 -0.5235 -2.3152
v  -1.7795 -0.5709 -2.3152
v  -1.7795 -0.5709 -2.4293
v  -1.7599 -0.6182 -2.3152
v  -1.7599 -0.6182 -2.4293
v  -1.7382 -0.5709 -2.2871
v  -1.7307 -0.5890 -2.2871
v  -1.7126 -0.5965 -2.2871
v  -1.6945 -0.5890 -2.2871
v  -1.6870 -0.5709 -2.2871
v  -1.6945 -0.5528 -2.2871
v  -1.7126 -0.5453 -2.2871
v  -1.7307 -0.5528 -2.2871
v  -1.7382 -0.5709 -2.4411
v  -1.7382 -0.5709 -2.4351
v  -1.7442 -0.5709 -2.4411
v  -1.7307 -0.5890 -2.4411
v  -1.7349 -0.5932 -2.4411
v  -1.7307 -0.5890 -2.4351
v  -1.7126 -0.5965 -2.4411
v  -1.7126 -0.6025 -2.4411
v  -1.7126 -0.5965 -2.4351
v  -1.6945 -0.5890 -2.4411
v  -1.6903 -0.5932 -2.4411
v  -1.6945 -0.5890 -2.4351
v  -1.6870 -0.5709 -2.4411
v  -1.6810 -0.5709 -2.4411
v  -1.6870 -0.5709 -2.4351
v  -1.6945 -0.5528 -2.4411
v  -1.6903 -0.5485 -2.4411
v  -1.6945 -0.5528 -2.4351
v  -1.7126 -0.5453 -2.4411
v  -1.7126 -0.5393 -2.4411
v  -1.7126 -0.5453 -2.4351
v  -1.7307 -0.5528 -2.4411
v  -1.7349 -0.5485 -2.4411
v  -1.7307 -0.5528 -2.4351
v  -1.6474 -0.5709 -2.4354
v  -1.6513 -0.5709 -2.4393
v  -1.7126 -0.6321 -2.4393
v  -1.7126 -0.6360 -2.4354
v  -1.6693 -0.5276 -2.4393
v  -1.6665 -0.5248 -2.4354
v  -1.7126 -0.5096 -2.4393
v  -1.7126 -0.5057 -2.4354
v  -1.7559 -0.5276 -2.4393
v  -1.7587 -0.5248 -2.4354
v  -1.7738 -0.5709 -2.4393
v  -1.7778 -0.5709 -2.4354
v  -1.7559 -0.6142 -2.4393
v  -1.7587 -0.6170 -2.4354
v  -1.6665 -0.6170 -2.4354
v  -1.6693 -0.6142 -2.4393
v  -1.7516 -1.7516 -2.4411
v  -1.6736 -1.7516 -2.4411
v  -1.6575 -1.7126 -2.4411
v  -1.6736 -1.6736 -2.4411
v  -1.7126 -1.6575 -2.4411
v  -1.7516 -1.6736 -2.4411
v  -1.7677 -1.7126 -2.4411
v  -1.7126 -1.7677 -2.4411
v  -1.7599 -1.6653 -2.4293
v  -1.7126 -1.6457 -2.4293
v  -1.6653 -1.7599 -2.4293
v  -1.7126 -1.7795 -2.4293
v  -1.7126 -1.7795 -2.3152
v  -1.6653 -1.7599 -2.3152
v  -1.6457 -1.7126 -2.3152
v  -1.6457 -1.7126 -2.4293
v  -1.6653 -1.6653 -2.3152
v  -1.6653 -1.6653 -2.4293
v  -1.7126 -1.6457 -2.3152
v  -1.7599 -1.6653 -2.3152
v  -1.7795 -1.7126 -2.3152
v  -1.7795 -1.7126 -2.4293
v  -1.7599 -1.7599 -2.3152
v  -1.7599 -1.7599 -2.4293
v  -1.7382 -1.7126 -2.2871
v  -1.7307 -1.7307 -2.2871
v  -1.7126 -1.7382 -2.2871
v  -1.6945 -1.7307 -2.2871
v  -1.6870 -1.7126 -2.2871
v  -1.6945 -1.6945 -2.2871
v  -1.7126 -1.6870 -2.2871
v  -1.7307 -1.6945 -2.2871
v  -1.7382 -1.7126 -2.4411
v  -1.7382 -1.7126 -2.4351
v  -1.7442 -1.7126 -2.4411
v  -1.7307 -1.7307 -2.4411
v  -1.7349 -1.7349 -2.4411
v  -1.7307 -1.7307 -2.4351
v  -1.7126 -1.7382 -2.4411
v  -1.7126 -1.7442 -2.4411
v  -1.7126 -1.7382 -2.4351
v  -1.6945 -1.7307 -2.4411
v  -1.6903 -1.7349 -2.4411
v  -1.6945 -1.7307 -2.4351
v  -1.6870 -1.7126 -2.4411
v  -1.6810 -1.7126 -2.4411
v  -1.6870 -1.7126 -2.4351
v  -1.6945 -1.6945 -2.4411
v  -1.6903 -1.6903 -2.4411
v  -1.6945 -1.6945 -2.4351
v  -1.7126 -1.6870 -2.4411
v  -1.7126 -1.6810 -2.4411
v  -1.7126 -1.6870 -2.4351
v  -1.7307 -1.6945 -2.4411
v  -1.7349 -1.6903 -2.4411
v  -1.7307 -1.6945 -2.4351
v  -1.6474 -1.7126 -2.4354
v  -1.6513 -1.7126 -2.4393
v  -1.7126 -1.7738 -2.4393
v  -1.7126 -1.7778 -2.4354
v  -1.6693 -1.6693 -2.4393
v  -1.6665 -1.6665 -2.4354
v  -1.7126 -1.6514 -2.4393
v  -1.7126 -1.6474 -2.4354
v  -1.7559 -1.6693 -2.4393
v  -1.7587 -1.6665 -2.4354
v  -1.7738 -1.7126 -2.4393
v  -1.7778 -1.7126 -2.4354
v  -1.7559 -1.7559 -2.4393
v  -1.7587 -1.7587 -2.4354
v  -1.6665 -1.7587 -2.4354
v  -1.6693 -1.7559 -2.4393
v  -1.7516 -2.8933 -2.4411
v  -1.6736 -2.8933 -2.4411
v  -1.6575 -2.8543 -2.4411
v  -1.6736 -2.8154 -2.4411
v  -1.7126 -2.7992 -2.4411
v  -1.7516 -2.8154 -2.4411
v  -1.7677 -2.8543 -2.4411
v  -1.7126 -2.9094 -2.4411
v  -1.7599 -2.8070 -2.4293
v  -1.7126 -2.7874 -2.4293
v  -1.6653 -2.9017 -2.4293
v  -1.7126 -2.9213 -2.4293
v  -1.7126 -2.9213 -2.3152
v  -1.6653 -2.9017 -2.3152
v  -1.6457 -2.8543 -2.3152
v  -1.6457 -2.8543 -2.4293
v  -1.6653 -2.8070 -2.3152
v  -1.6653 -2.8070 -2.4293
v  -1.7126 -2.7874 -2.3152
v  -1.7599 -2.8070 -2.3152
v  -1.7795 -2.8543 -2.3152
v  -1.7795 -2.8543 -2.4293
v  -1.7599 -2.9017 -2.3152
v  -1.7599 -2.9017 -2.4293
v  -1.7382 -2.8543 -2.2871
v  -1.7307 -2.8724 -2.2871
v  -1.7126 -2.8799 -2.2871
v  -1.6945 -2.8724 -2.2871
v  -1.6870 -2.8543 -2.2871
v  -1.6945 -2.8362 -2.2871
v  -1.7126 -2.8287 -2.2871
v  -1.7307 -2.8362 -2.2871
v  -1.7382 -2.8543 -2.4411
v  -1.7382 -2.8543 -2.4351
v  -1.7442 -2.8543 -2.4411
v  -1.7307 -2.8724 -2.4411
v  -1.7349 -2.8767 -2.4411
v  -1.7307 -2.8724 -2.4351
v  -1.7126 -2.8799 -2.4411
v  -1.7126 -2.8859 -2.4411
v  -1.7126 -2.8799 -2.4351
v  -1.6945 -2.8724 -2.4411
v  -1.6903 -2.8767 -2.4411
v  -1.6945 -2.8724 -2.4351
v  -1.6870 -2.8543 -2.4411
v  -1.6810 -2.8543 -2.4411
v  -1.6870 -2.8543 -2.4351
v  -1.6945 -2.8362 -2.4411
v  -1.6903 -2.8320 -2.4411
v  -1.6945 -2.8362 -2.4351
v  -1.7126 -2.8287 -2.4411
v  -1.7126 -2.8227 -2.4411
v  -1.7126 -2.8287 -2.4351
v  -1.7307 -2.8362 -2.4411
v  -1.7349 -2.8320 -2.4411
v  -1.7307 -2.8362 -2.4351
v  -1.6474 -2.8543 -2.4354
v  -1.6513 -2.8543 -2.4393
v  -1.7126 -2.9156 -2.4393
v  -1.7126 -2.9195 -2.4354
v  -1.6693 -2.8110 -2.4393
v  -1.6665 -2.8082 -2.4354
v  -1.7126 -2.7931 -2.4393
v  -1.7126 -2.7892 -2.4354
v  -1.7559 -2.8110 -2.4393
v  -1.7587 -2.8082 -2.4354
v  -1.7738 -2.8543 -2.4393
v  -1.7778 -2.8543 -2.4354
v  -1.7559 -2.8976 -2.4393
v  -1.7587 -2.9004 -2.4354
v  -1.6665 -2.9004 -2.4354
v  -1.6693 -2.8976 -2.4393
v  -1.7516 -4.0350 -2.4411
v  -1.6736 -4.0350 -2.4411
v  -1.6575 -3.9961 -2.4411
v  -1.6736 -3.9571 -2.4411
v  -1.7126 -3.9409 -2.4411
v  -1.7516 -3.9571 -2.4411
v  -1.7677 -3.9961 -2.4411
v  -1.7126 -4.0512 -2.4411
v  -1.7599 -3.9487 -2.4293
v  -1.7126 -3.9291 -2.4293
v  -1.6653 -4.0434 -2.4293
v  -1.7126 -4.0630 -2.4293
v  -1.7126 -4.0630 -2.3152
v  -1.6653 -4.0434 -2.3152
v  -1.6457 -3.9961 -2.3152
v  -1.6457 -3.9961 -2.4293
v  -1.6653 -3.9487 -2.3152
v  -1.6653 -3.9487 -2.4293
v  -1.7126 -3.9291 -2.3152
v  -1.7599 -3.9487 -2.3152
v  -1.7795 -3.9961 -2.3152
v  -1.7795 -3.9961 -2.4293
v  -1.7599 -4.0434 -2.3152
v  -1.7599 -4.0434 -2.4293
v  -1.7382 -3.9961 -2.2871
v  -1.7307 -4.0142 -2.2871
v  -1.7126 -4.0217 -2.2871
v  -1.6945 -4.0142 -2.2871
v  -1.6870 -3.9961 -2.2871
v  -1.6945 -3.9780 -2.2871
v  -1.7126 -3.9705 -2.2871
v  -1.7307 -3.9780 -2.2871
v  -1.7382 -3.9961 -2.4411
v  -1.7382 -3.9961 -2.4351
v  -1.7442 -3.9961 -2.4411
v  -1.7307 -4.0142 -2.4411
v  -1.7349 -4.0184 -2.4411
v  -1.7307 -4.0142 -2.4351
v  -1.7126 -4.0217 -2.4411
v  -1.7126 -4.0277 -2.4411
v  -1.7126 -4.0217 -2.4351
v  -1.6945 -4.0142 -2.4411
v  -1.6903 -4.0184 -2.4411
v  -1.6945 -4.0142 -2.4351
v  -1.6870 -3.9961 -2.4411
v  -1.6810 -3.9961 -2.4411
v  -1.6870 -3.9961 -2.4351
v  -1.6945 -3.9780 -2.4411
v  -1.6903 -3.9737 -2.4411
v  -1.6945 -3.9780 -2.4351
v  -1.7126 -3.9705 -2.4411
v  -1.7126 -3.9645 -2.4411
v  -1.7126 -3.9705 -2.4351
v  -1.7307 -3.9780 -2.4411
v  -1.7349 -3.9737 -2.4411
v  -1.7307 -3.9780 -2.4351
v  -1.6474 -3.9961 -2.4354
v  -1.6513 -3.9961 -2.4393
v  -1.7126 -4.0573 -2.4393
v  -1.7126 -4.0612 -2.4354
v  -1.6693 -3.9528 -2.4393
v  -1.6665 -3.9500 -2.4354
v  -1.7126 -3.9348 -2.4393
v  -1.7126 -3.9309 -2.4354
v  -1.7559 -3.9528 -2.4393
v  -1.7587 -3.9500 -2.4354
v  -1.7738 -3.9961 -2.4393
v  -1.7778 -3.9961 -2.4354
v  -1.7559 -4.0394 -2.4393
v  -1.7587 -4.0422 -2.4354
v  -1.6665 -4.0421 -2.4354
v  -1.6693 -4.0394 -2.4393
v  -1.7516 -5.1768 -2.4411
v  -1.6736 -5.1768 -2.4411
v  -1.6575 -5.1378 -2.4411
v  -1.6736 -5.0988 -2.4411
v  -1.7126 -5.0827 -2.4411
v  -1.7516 -5.0988 -2.4411
v  -1.7677 -5.1378 -2.4411
v  -1.7126 -5.1929 -2.4411
v  -1.7599 -5.0905 -2.4293
v  -1.7126 -5.0709 -2.4293
v  -1.6653 -5.1851 -2.4293
v  -1.7126 -5.2047 -2.4293
v  -1.7126 -5.2047 -2.3152
v  -1.6653 -5.1851 -2.3152
v  -1.6457 -5.1378 -2.3152
v  -1.6457 -5.1378 -2.4293
v  -1.6653 -5.0905 -2.3152
v  -1.6653 -5.0905 -2.4293
v  -1.7126 -5.0709 -2.3152
v  -1.7599 -5.0905 -2.3152
v  -1.7795 -5.1378 -2.3152
v  -1.7795 -5.1378 -2.4293
v  -1.7599 -5.1851 -2.3152
v  -1.7599 -5.1851 -2.4293
v  -1.7382 -5.1378 -2.2871
v  -1.7307 -5.1559 -2.2871
v  -1.7126 -5.1634 -2.2871
v  -1.6945 -5.1559 -2.2871
v  -1.6870 -5.1378 -2.2871
v  -1.6945 -5.1197 -2.2871
v  -1.7126 -5.1122 -2.2871
v  -1.7307 -5.1197 -2.2871
v  -1.7382 -5.1378 -2.4411
v  -1.7382 -5.1378 -2.4351
v  -1.7442 -5.1378 -2.4411
v  -1.7307 -5.1559 -2.4411
v  -1.7349 -5.1601 -2.4411
v  -1.7307 -5.1559 -2.4351
v  -1.7126 -5.1634 -2.4411
v  -1.7126 -5.1694 -2.4411
v  -1.7126 -5.1634 -2.4351
v  -1.6945 -5.1559 -2.4411
v  -1.6903 -5.1601 -2.4411
v  -1.6945 -5.1559 -2.4351
v  -1.6870 -5.1378 -2.4411
v  -1.6810 -5.1378 -2.4411
v  -1.6870 -5.1378 -2.4351
v  -1.6945 -5.1197 -2.4411
v  -1.6903 -5.1155 -2.4411
v  -1.6945 -5.1197 -2.4351
v  -1.7126 -5.1122 -2.4411
v  -1.7126 -5.1062 -2.4411
v  -1.7126 -5.1122 -2.4351
v  -1.7307 -5.1197 -2.4411
v  -1.7349 -5.1155 -2.4411
v  -1.7307 -5.1197 -2.4351
v  -1.6474 -5.1378 -2.4354
v  -1.6513 -5.1378 -2.4393
v  -1.7126 -5.1990 -2.4393
v  -1.7126 -5.2030 -2.4354
v  -1.6693 -5.0945 -2.4393
v  -1.6665 -5.0917 -2.4354
v  -1.7126 -5.0766 -2.4393
v  -1.7126 -5.0726 -2.4354
v  -1.7559 -5.0945 -2.4393
v  -1.7587 -5.0917 -2.4354
v  -1.7738 -5.1378 -2.4393
v  -1.7778 -5.1378 -2.4354
v  -1.7559 -5.1811 -2.4393
v  -1.7587 -5.1839 -2.4354
v  -1.6665 -5.1839 -2.4354
v  -1.6693 -5.1811 -2.4393
v  -0.6098 -6.3185 -2.4411
v  -0.5319 -6.3185 -2.4411
v  -0.5157 -6.2795 -2.4411
v  -0.5319 -6.2406 -2.4411
v  -0.5709 -6.2244 -2.4411
v  -0.6098 -6.2406 -2.4411
v  -0.6260 -6.2795 -2.4411
v  -0.5709 -6.3346 -2.4411
v  -0.6182 -6.2322 -2.4293
v  -0.5709 -6.2126 -2.4293
v  -0.5235 -6.3269 -2.4293
v  -0.5709 -6.3465 -2.4293
v  -0.5709 -6.3465 -2.3152
v  -0.5235 -6.3269 -2.3152
v  -0.5039 -6.2795 -2.3152
v  -0.5039 -6.2795 -2.4293
v  -0.5235 -6.2322 -2.3152
v  -0.5235 -6.2322 -2.4293
v  -0.5709 -6.2126 -2.3152
v  -0.6182 -6.2322 -2.3152
v  -0.6378 -6.2795 -2.3152
v  -0.6378 -6.2795 -2.4293
v  -0.6182 -6.3269 -2.3152
v  -0.6182 -6.3269 -2.4293
v  -0.5965 -6.2795 -2.2871
v  -0.5890 -6.2976 -2.2871
v  -0.5709 -6.3051 -2.2871
v  -0.5528 -6.2976 -2.2871
v  -0.5453 -6.2795 -2.2871
v  -0.5528 -6.2614 -2.2871
v  -0.5709 -6.2539 -2.2871
v  -0.5890 -6.2614 -2.2871
v  -0.5965 -6.2795 -2.4411
v  -0.5965 -6.2795 -2.4351
v  -0.6025 -6.2795 -2.4411
v  -0.5890 -6.2976 -2.4411
v  -0.5932 -6.3019 -2.4411
v  -0.5890 -6.2976 -2.4351
v  -0.5709 -6.3051 -2.4411
v  -0.5709 -6.3111 -2.4411
v  -0.5709 -6.3051 -2.4351
v  -0.5528 -6.2976 -2.4411
v  -0.5485 -6.3019 -2.4411
v  -0.5528 -6.2976 -2.4351
v  -0.5453 -6.2795 -2.4411
v  -0.5393 -6.2795 -2.4411
v  -0.5453 -6.2795 -2.4351
v  -0.5528 -6.2614 -2.4411
v  -0.5485 -6.2572 -2.4411
v  -0.5528 -6.2614 -2.4351
v  -0.5709 -6.2539 -2.4411
v  -0.5709 -6.2479 -2.4411
v  -0.5709 -6.2539 -2.4351
v  -0.5890 -6.2614 -2.4411
v  -0.5932 -6.2572 -2.4411
v  -0.5890 -6.2614 -2.4351
v  -0.5057 -6.2795 -2.4354
v  -0.5096 -6.2795 -2.4393
v  -0.5709 -6.3408 -2.4393
v  -0.5709 -6.3447 -2.4354
v  -0.5276 -6.2362 -2.4393
v  -0.5248 -6.2334 -2.4354
v  -0.5709 -6.2183 -2.4393
v  -0.5709 -6.2143 -2.4354
v  -0.6142 -6.2362 -2.4393
v  -0.6169 -6.2334 -2.4354
v  -0.6321 -6.2795 -2.4393
v  -0.6360 -6.2795 -2.4354
v  -0.6142 -6.3228 -2.4393
v  -0.6169 -6.3256 -2.4354
v  -0.5248 -6.3256 -2.4354
v  -0.5275 -6.3228 -2.4393
v  -0.6098 6.2405 -2.4411
v  -0.5319 6.2405 -2.4411
v  -0.5157 6.2795 -2.4411
v  -0.5319 6.3185 -2.4411
v  -0.5709 6.3346 -2.4411
v  -0.6098 6.3185 -2.4411
v  -0.6260 6.2795 -2.4411
v  -0.5709 6.2244 -2.4411
v  -0.6182 6.3269 -2.4293
v  -0.5709 6.3465 -2.4293
v  -0.5235 6.2322 -2.4293
v  -0.5709 6.2126 -2.4293
v  -0.5709 6.2126 -2.3152
v  -0.5235 6.2322 -2.3152
v  -0.5039 6.2795 -2.3152
v  -0.5039 6.2795 -2.4293
v  -0.5235 6.3269 -2.3152
v  -0.5235 6.3269 -2.4293
v  -0.5709 6.3465 -2.3152
v  -0.6182 6.3269 -2.3152
v  -0.6378 6.2795 -2.3152
v  -0.6378 6.2795 -2.4293
v  -0.6182 6.2322 -2.3152
v  -0.6182 6.2322 -2.4293
v  -0.5965 6.2795 -2.2871
v  -0.5890 6.2614 -2.2871
v  -0.5709 6.2539 -2.2871
v  -0.5528 6.2614 -2.2871
v  -0.5453 6.2795 -2.2871
v  -0.5528 6.2976 -2.2871
v  -0.5709 6.3051 -2.2871
v  -0.5890 6.2976 -2.2871
v  -0.5965 6.2795 -2.4411
v  -0.5965 6.2795 -2.4351
v  -0.6025 6.2795 -2.4411
v  -0.5890 6.2614 -2.4411
v  -0.5932 6.2572 -2.4411
v  -0.5890 6.2614 -2.4351
v  -0.5709 6.2539 -2.4411
v  -0.5709 6.2479 -2.4411
v  -0.5709 6.2539 -2.4351
v  -0.5528 6.2614 -2.4411
v  -0.5485 6.2572 -2.4411
v  -0.5528 6.2614 -2.4351
v  -0.5453 6.2795 -2.4411
v  -0.5393 6.2795 -2.4411
v  -0.5453 6.2795 -2.4351
v  -0.5528 6.2976 -2.4411
v  -0.5485 6.3019 -2.4411
v  -0.5528 6.2976 -2.4351
v  -0.5709 6.3051 -2.4411
v  -0.5709 6.3111 -2.4411
v  -0.5709 6.3051 -2.4351
v  -0.5890 6.2976 -2.4411
v  -0.5932 6.3019 -2.4411
v  -0.5890 6.2976 -2.4351
v  -0.5057 6.2795 -2.4354
v  -0.5096 6.2795 -2.4393
v  -0.5709 6.2183 -2.4393
v  -0.5709 6.2143 -2.4354
v  -0.5276 6.3228 -2.4393
v  -0.5248 6.3256 -2.4354
v  -0.5709 6.3408 -2.4393
v  -0.5709 6.3447 -2.4354
v  -0.6142 6.3228 -2.4393
v  -0.6170 6.3256 -2.4354
v  -0.6321 6.2795 -2.4393
v  -0.6360 6.2795 -2.4354
v  -0.6142 6.2362 -2.4393
v  -0.6169 6.2334 -2.4354
v  -0.5248 6.2334 -2.4354
v  -0.5276 6.2362 -2.4393
v  -0.6098 5.0988 -2.4411
v  -0.5319 5.0988 -2.4411
v  -0.5157 5.1378 -2.4411
v  -0.5319 5.1768 -2.4411
v  -0.5709 5.1929 -2.4411
v  -0.6098 5.1768 -2.4411
v  -0.6260 5.1378 -2.4411
v  -0.5709 5.0827 -2.4411
v  -0.6182 5.1851 -2.4293
v  -0.5709 5.2047 -2.4293
v  -0.5235 5.0905 -2.4293
v  -0.5709 5.0709 -2.4293
v  -0.5709 5.0709 -2.3152
v  -0.5235 5.0905 -2.3152
v  -0.5039 5.1378 -2.3152
v  -0.5039 5.1378 -2.4293
v  -0.5235 5.1851 -2.3152
v  -0.5235 5.1851 -2.4293
v  -0.5709 5.2047 -2.3152
v  -0.6182 5.1851 -2.3152
v  -0.6378 5.1378 -2.3152
v  -0.6378 5.1378 -2.4293
v  -0.6182 5.0905 -2.3152
v  -0.6182 5.0905 -2.4293
v  -0.5965 5.1378 -2.2871
v  -0.5890 5.1197 -2.2871
v  -0.5709 5.1122 -2.2871
v  -0.5528 5.1197 -2.2871
v  -0.5453 5.1378 -2.2871
v  -0.5528 5.1559 -2.2871
v  -0.5709 5.1634 -2.2871
v  -0.5890 5.1559 -2.2871
v  -0.5965 5.1378 -2.4411
v  -0.5965 5.1378 -2.4351
v  -0.6025 5.1378 -2.4411
v  -0.5890 5.1197 -2.4411
v  -0.5932 5.1155 -2.4411
v  -0.5890 5.1197 -2.4351
v  -0.5709 5.1122 -2.4411
v  -0.5709 5.1062 -2.4411
v  -0.5709 5.1122 -2.4351
v  -0.5528 5.1197 -2.4411
v  -0.5485 5.1155 -2.4411
v  -0.5528 5.1197 -2.4351
v  -0.5453 5.1378 -2.4411
v  -0.5393 5.1378 -2.4411
v  -0.5453 5.1378 -2.4351
v  -0.5528 5.1559 -2.4411
v  -0.5485 5.1601 -2.4411
v  -0.5528 5.1559 -2.4351
v  -0.5709 5.1634 -2.4411
v  -0.5709 5.1694 -2.4411
v  -0.5709 5.1634 -2.4351
v  -0.5890 5.1559 -2.4411
v  -0.5932 5.1601 -2.4411
v  -0.5890 5.1559 -2.4351
v  -0.5057 5.1378 -2.4354
v  -0.5096 5.1378 -2.4393
v  -0.5709 5.0765 -2.4393
v  -0.5709 5.0726 -2.4354
v  -0.5276 5.1811 -2.4393
v  -0.5248 5.1839 -2.4354
v  -0.5709 5.1990 -2.4393
v  -0.5709 5.2030 -2.4354
v  -0.6142 5.1811 -2.4393
v  -0.6170 5.1839 -2.4354
v  -0.6321 5.1378 -2.4393
v  -0.6360 5.1378 -2.4354
v  -0.6142 5.0945 -2.4393
v  -0.6169 5.0917 -2.4354
v  -0.5248 5.0917 -2.4354
v  -0.5276 5.0945 -2.4393
v  -0.6098 3.9571 -2.4411
v  -0.5319 3.9571 -2.4411
v  -0.5157 3.9961 -2.4411
v  -0.5319 4.0350 -2.4411
v  -0.5709 4.0512 -2.4411
v  -0.6098 4.0350 -2.4411
v  -0.6260 3.9961 -2.4411
v  -0.5709 3.9409 -2.4411
v  -0.6182 4.0434 -2.4293
v  -0.5709 4.0630 -2.4293
v  -0.5235 3.9487 -2.4293
v  -0.5709 3.9291 -2.4293
v  -0.5709 3.9291 -2.3152
v  -0.5235 3.9487 -2.3152
v  -0.5039 3.9961 -2.3152
v  -0.5039 3.9961 -2.4293
v  -0.5235 4.0434 -2.3152
v  -0.5235 4.0434 -2.4293
v  -0.5709 4.0630 -2.3152
v  -0.6182 4.0434 -2.3152
v  -0.6378 3.9961 -2.3152
v  -0.6378 3.9961 -2.4293
v  -0.6182 3.9487 -2.3152
v  -0.6182 3.9487 -2.4293
v  -0.5965 3.9961 -2.2871
v  -0.5890 3.9780 -2.2871
v  -0.5709 3.9705 -2.2871
v  -0.5528 3.9780 -2.2871
v  -0.5453 3.9961 -2.2871
v  -0.5528 4.0142 -2.2871
v  -0.5709 4.0216 -2.2871
v  -0.5890 4.0142 -2.2871
v  -0.5965 3.9961 -2.4411
v  -0.5965 3.9961 -2.4351
v  -0.6025 3.9961 -2.4411
v  -0.5890 3.9780 -2.4411
v  -0.5932 3.9737 -2.4411
v  -0.5890 3.9780 -2.4351
v  -0.5709 3.9705 -2.4411
v  -0.5709 3.9645 -2.4411
v  -0.5709 3.9705 -2.4351
v  -0.5528 3.9780 -2.4411
v  -0.5485 3.9737 -2.4411
v  -0.5528 3.9780 -2.4351
v  -0.5453 3.9961 -2.4411
v  -0.5393 3.9961 -2.4411
v  -0.5453 3.9961 -2.4351
v  -0.5528 4.0142 -2.4411
v  -0.5485 4.0184 -2.4411
v  -0.5528 4.0142 -2.4351
v  -0.5709 4.0216 -2.4411
v  -0.5709 4.0276 -2.4411
v  -0.5709 4.0216 -2.4351
v  -0.5890 4.0142 -2.4411
v  -0.5932 4.0184 -2.4411
v  -0.5890 4.0142 -2.4351
v  -0.5057 3.9961 -2.4354
v  -0.5096 3.9961 -2.4393
v  -0.5709 3.9348 -2.4393
v  -0.5709 3.9309 -2.4354
v  -0.5276 4.0394 -2.4393
v  -0.5248 4.0421 -2.4354
v  -0.5709 4.0573 -2.4393
v  -0.5709 4.0612 -2.4354
v  -0.6142 4.0394 -2.4393
v  -0.6170 4.0421 -2.4354
v  -0.6321 3.9961 -2.4393
v  -0.6360 3.9961 -2.4354
v  -0.6142 3.9528 -2.4393
v  -0.6169 3.9500 -2.4354
v  -0.5248 3.9500 -2.4354
v  -0.5276 3.9528 -2.4393
v  -0.6098 2.8154 -2.4411
v  -0.5319 2.8154 -2.4411
v  -0.5157 2.8543 -2.4411
v  -0.5319 2.8933 -2.4411
v  -0.5709 2.9094 -2.4411
v  -0.6098 2.8933 -2.4411
v  -0.6260 2.8543 -2.4411
v  -0.5709 2.7992 -2.4411
v  -0.6182 2.9017 -2.4293
v  -0.5709 2.9213 -2.4293
v  -0.5235 2.8070 -2.4293
v  -0.5709 2.7874 -2.4293
v  -0.5709 2.7874 -2.3152
v  -0.5235 2.8070 -2.3152
v  -0.5039 2.8543 -2.3152
v  -0.5039 2.8543 -2.4293
v  -0.5235 2.9017 -2.3152
v  -0.5235 2.9017 -2.4293
v  -0.5709 2.9213 -2.3152
v  -0.6182 2.9017 -2.3152
v  -0.6378 2.8543 -2.3152
v  -0.6378 2.8543 -2.4293
v  -0.6182 2.8070 -2.3152
v  -0.6182 2.8070 -2.4293
v  -0.5965 2.8543 -2.2871
v  -0.5890 2.8362 -2.2871
v  -0.5709 2.8287 -2.2871
v  -0.5528 2.8362 -2.2871
v  -0.5453 2.8543 -2.2871
v  -0.5528 2.8724 -2.2871
v  -0.5709 2.8799 -2.2871
v  -0.5890 2.8724 -2.2871
v  -0.5965 2.8543 -2.4411
v  -0.5965 2.8543 -2.4351
v  -0.6025 2.8543 -2.4411
v  -0.5890 2.8362 -2.4411
v  -0.5932 2.8320 -2.4411
v  -0.5890 2.8362 -2.4351
v  -0.5709 2.8287 -2.4411
v  -0.5709 2.8227 -2.4411
v  -0.5709 2.8287 -2.4351
v  -0.5528 2.8362 -2.4411
v  -0.5485 2.8320 -2.4411
v  -0.5528 2.8362 -2.4351
v  -0.5453 2.8543 -2.4411
v  -0.5393 2.8543 -2.4411
v  -0.5453 2.8543 -2.4351
v  -0.5528 2.8724 -2.4411
v  -0.5485 2.8767 -2.4411
v  -0.5528 2.8724 -2.4351
v  -0.5709 2.8799 -2.4411
v  -0.5709 2.8859 -2.4411
v  -0.5709 2.8799 -2.4351
v  -0.5890 2.8724 -2.4411
v  -0.5932 2.8767 -2.4411
v  -0.5890 2.8724 -2.4351
v  -0.5057 2.8543 -2.4354
v  -0.5096 2.8543 -2.4393
v  -0.5709 2.7931 -2.4393
v  -0.5709 2.7891 -2.4354
v  -0.5276 2.8976 -2.4393
v  -0.5248 2.9004 -2.4354
v  -0.5709 2.9156 -2.4393
v  -0.5709 2.9195 -2.4354
v  -0.6142 2.8976 -2.4393
v  -0.6170 2.9004 -2.4354
v  -0.6321 2.8543 -2.4393
v  -0.6360 2.8543 -2.4354
v  -0.6142 2.8110 -2.4393
v  -0.6169 2.8082 -2.4354
v  -0.5248 2.8082 -2.4354
v  -0.5276 2.8110 -2.4393
v  -0.6098 1.6736 -2.4411
v  -0.5319 1.6736 -2.4411
v  -0.5157 1.7126 -2.4411
v  -0.5319 1.7516 -2.4411
v  -0.5709 1.7677 -2.4411
v  -0.6098 1.7516 -2.4411
v  -0.6260 1.7126 -2.4411
v  -0.5709 1.6575 -2.4411
v  -0.6182 1.7599 -2.4293
v  -0.5709 1.7795 -2.4293
v  -0.5235 1.6653 -2.4293
v  -0.5709 1.6457 -2.4293
v  -0.5709 1.6457 -2.3152
v  -0.5235 1.6653 -2.3152
v  -0.5039 1.7126 -2.3152
v  -0.5039 1.7126 -2.4293
v  -0.5235 1.7599 -2.3152
v  -0.5235 1.7599 -2.4293
v  -0.5709 1.7795 -2.3152
v  -0.6182 1.7599 -2.3152
v  -0.6378 1.7126 -2.3152
v  -0.6378 1.7126 -2.4293
v  -0.6182 1.6653 -2.3152
v  -0.6182 1.6653 -2.4293
v  -0.5965 1.7126 -2.2871
v  -0.5890 1.6945 -2.2871
v  -0.5709 1.6870 -2.2871
v  -0.5528 1.6945 -2.2871
v  -0.5453 1.7126 -2.2871
v  -0.5528 1.7307 -2.2871
v  -0.5709 1.7382 -2.2871
v  -0.5890 1.7307 -2.2871
v  -0.5965 1.7126 -2.4411
v  -0.5965 1.7126 -2.4351
v  -0.6025 1.7126 -2.4411
v  -0.5890 1.6945 -2.4411
v  -0.5932 1.6903 -2.4411
v  -0.5890 1.6945 -2.4351
v  -0.5709 1.6870 -2.4411
v  -0.5709 1.6810 -2.4411
v  -0.5709 1.6870 -2.4351
v  -0.5528 1.6945 -2.4411
v  -0.5485 1.6903 -2.4411
v  -0.5528 1.6945 -2.4351
v  -0.5453 1.7126 -2.4411
v  -0.5393 1.7126 -2.4411
v  -0.5453 1.7126 -2.4351
v  -0.5528 1.7307 -2.4411
v  -0.5485 1.7349 -2.4411
v  -0.5528 1.7307 -2.4351
v  -0.5709 1.7382 -2.4411
v  -0.5709 1.7442 -2.4411
v  -0.5709 1.7382 -2.4351
v  -0.5890 1.7307 -2.4411
v  -0.5932 1.7349 -2.4411
v  -0.5890 1.7307 -2.4351
v  -0.5057 1.7126 -2.4354
v  -0.5096 1.7126 -2.4393
v  -0.5709 1.6514 -2.4393
v  -0.5709 1.6474 -2.4354
v  -0.5276 1.7559 -2.4393
v  -0.5248 1.7587 -2.4354
v  -0.5709 1.7738 -2.4393
v  -0.5709 1.7778 -2.4354
v  -0.6142 1.7559 -2.4393
v  -0.6170 1.7587 -2.4354
v  -0.6321 1.7126 -2.4393
v  -0.6360 1.7126 -2.4354
v  -0.6142 1.6693 -2.4393
v  -0.6169 1.6665 -2.4354
v  -0.5248 1.6665 -2.4354
v  -0.5276 1.6693 -2.4393
v  -0.6098 0.5319 -2.4411
v  -0.5319 0.5319 -2.4411
v  -0.5157 0.5709 -2.4411
v  -0.5319 0.6098 -2.4411
v  -0.5709 0.6260 -2.4411
v  -0.6098 0.6098 -2.4411
v  -0.6260 0.5709 -2.4411
v  -0.5709 0.5157 -2.4411
v  -0.6182 0.6182 -2.4293
v  -0.5709 0.6378 -2.4293
v  -0.5235 0.5235 -2.4293
v  -0.5709 0.5039 -2.4293
v  -0.5709 0.5039 -2.3152
v  -0.5235 0.5235 -2.3152
v  -0.5039 0.5709 -2.3152
v  -0.5039 0.5709 -2.4293
v  -0.5235 0.6182 -2.3152
v  -0.5235 0.6182 -2.4293
v  -0.5709 0.6378 -2.3152
v  -0.6182 0.6182 -2.3152
v  -0.6378 0.5709 -2.3152
v  -0.6378 0.5709 -2.4293
v  -0.6182 0.5235 -2.3152
v  -0.6182 0.5235 -2.4293
v  -0.5965 0.5709 -2.2871
v  -0.5890 0.5528 -2.2871
v  -0.5709 0.5453 -2.2871
v  -0.5528 0.5528 -2.2871
v  -0.5453 0.5709 -2.2871
v  -0.5528 0.5890 -2.2871
v  -0.5709 0.5965 -2.2871
v  -0.5890 0.5890 -2.2871
v  -0.5965 0.5709 -2.4411
v  -0.5965 0.5709 -2.4351
v  -0.6025 0.5709 -2.4411
v  -0.5890 0.5528 -2.4411
v  -0.5932 0.5485 -2.4411
v  -0.5890 0.5528 -2.4351
v  -0.5709 0.5453 -2.4411
v  -0.5709 0.5393 -2.4411
v  -0.5709 0.5453 -2.4351
v  -0.5528 0.5528 -2.4411
v  -0.5485 0.5485 -2.4411
v  -0.5528 0.5528 -2.4351
v  -0.5453 0.5709 -2.4411
v  -0.5393 0.5709 -2.4411
v  -0.5453 0.5709 -2.4351
v  -0.5528 0.5890 -2.4411
v  -0.5485 0.5932 -2.4411
v  -0.5528 0.5890 -2.4351
v  -0.5709 0.5965 -2.4411
v  -0.5709 0.6025 -2.4411
v  -0.5709 0.5965 -2.4351
v  -0.5890 0.5890 -2.4411
v  -0.5932 0.5932 -2.4411
v  -0.5890 0.5890 -2.4351
v  -0.5057 0.5709 -2.4354
v  -0.5096 0.5709 -2.4393
v  -0.5709 0.5096 -2.4393
v  -0.5709 0.5057 -2.4354
v  -0.5276 0.6142 -2.4393
v  -0.5248 0.6170 -2.4354
v  -0.5709 0.6321 -2.4393
v  -0.5709 0.6360 -2.4354
v  -0.6142 0.6142 -2.4393
v  -0.6170 0.6170 -2.4354
v  -0.6321 0.5709 -2.4393
v  -0.6360 0.5709 -2.4354
v  -0.6142 0.5276 -2.4393
v  -0.6169 0.5248 -2.4354
v  -0.5248 0.5248 -2.4354
v  -0.5275 0.5276 -2.4393
v  -0.6098 -0.6098 -2.4411
v  -0.5319 -0.6098 -2.4411
v  -0.5157 -0.5709 -2.4411
v  -0.5319 -0.5319 -2.4411
v  -0.5709 -0.5157 -2.4411
v  -0.6098 -0.5319 -2.4411
v  -0.6260 -0.5709 -2.4411
v  -0.5709 -0.6260 -2.4411
v  -0.6182 -0.5235 -2.4293
v  -0.5709 -0.5039 -2.4293
v  -0.5235 -0.6182 -2.4293
v  -0.5709 -0.6378 -2.4293
v  -0.5709 -0.6378 -2.3152
v  -0.5235 -0.6182 -2.3152
v  -0.5039 -0.5709 -2.3152
v  -0.5039 -0.5709 -2.4293
v  -0.5235 -0.5235 -2.3152
v  -0.5235 -0.5235 -2.4293
v  -0.5709 -0.5039 -2.3152
v  -0.6182 -0.5235 -2.3152
v  -0.6378 -0.5709 -2.3152
v  -0.6378 -0.5709 -2.4293
v  -0.6182 -0.6182 -2.3152
v  -0.6182 -0.6182 -2.4293
v  -0.5965 -0.5709 -2.2871
v  -0.5890 -0.5890 -2.2871
v  -0.5709 -0.5965 -2.2871
v  -0.5528 -0.5890 -2.2871
v  -0.5453 -0.5709 -2.2871
v  -0.5528 -0.5528 -2.2871
v  -0.5709 -0.5453 -2.2871
v  -0.5890 -0.5528 -2.2871
v  -0.5965 -0.5709 -2.4411
v  -0.5965 -0.5709 -2.4351
v  -0.6025 -0.5709 -2.4411
v  -0.5890 -0.5890 -2.4411
v  -0.5932 -0.5932 -2.4411
v  -0.5890 -0.5890 -2.4351
v  -0.5709 -0.5965 -2.4411
v  -0.5709 -0.6025 -2.4411
v  -0.5709 -0.5965 -2.4351
v  -0.5528 -0.5890 -2.4411
v  -0.5485 -0.5932 -2.4411
v  -0.5528 -0.5890 -2.4351
v  -0.5453 -0.5709 -2.4411
v  -0.5393 -0.5709 -2.4411
v  -0.5453 -0.5709 -2.4351
v  -0.5528 -0.5528 -2.4411
v  -0.5485 -0.5485 -2.4411
v  -0.5528 -0.5528 -2.4351
v  -0.5709 -0.5453 -2.4411
v  -0.5709 -0.5393 -2.4411
v  -0.5709 -0.5453 -2.4351
v  -0.5890 -0.5528 -2.4411
v  -0.5932 -0.5485 -2.4411
v  -0.5890 -0.5528 -2.4351
v  -0.5057 -0.5709 -2.4354
v  -0.5096 -0.5709 -2.4393
v  -0.5709 -0.6321 -2.4393
v  -0.5709 -0.6360 -2.4354
v  -0.5276 -0.5276 -2.4393
v  -0.5248 -0.5248 -2.4354
v  -0.5709 -0.5096 -2.4393
v  -0.5709 -0.5057 -2.4354
v  -0.6142 -0.5276 -2.4393
v  -0.6170 -0.5248 -2.4354
v  -0.6321 -0.5709 -2.4393
v  -0.6360 -0.5709 -2.4354
v  -0.6142 -0.6142 -2.4393
v  -0.6169 -0.6170 -2.4354
v  -0.5248 -0.6170 -2.4354
v  -0.5275 -0.6142 -2.4393
v  -0.6098 -1.7516 -2.4411
v  -0.5319 -1.7516 -2.4411
v  -0.5157 -1.7126 -2.4411
v  -0.5319 -1.6736 -2.4411
v  -0.5709 -1.6575 -2.4411
v  -0.6098 -1.6736 -2.4411
v  -0.6260 -1.7126 -2.4411
v  -0.5709 -1.7677 -2.4411
v  -0.6182 -1.6653 -2.4293
v  -0.5709 -1.6457 -2.4293
v  -0.5235 -1.7599 -2.4293
v  -0.5709 -1.7795 -2.4293
v  -0.5709 -1.7795 -2.3152
v  -0.5235 -1.7599 -2.3152
v  -0.5039 -1.7126 -2.3152
v  -0.5039 -1.7126 -2.4293
v  -0.5235 -1.6653 -2.3152
v  -0.5235 -1.6653 -2.4293
v  -0.5709 -1.6457 -2.3152
v  -0.6182 -1.6653 -2.3152
v  -0.6378 -1.7126 -2.3152
v  -0.6378 -1.7126 -2.4293
v  -0.6182 -1.7599 -2.3152
v  -0.6182 -1.7599 -2.4293
v  -0.5965 -1.7126 -2.2871
v  -0.5890 -1.7307 -2.2871
v  -0.5709 -1.7382 -2.2871
v  -0.5528 -1.7307 -2.2871
v  -0.5453 -1.7126 -2.2871
v  -0.5528 -1.6945 -2.2871
v  -0.5709 -1.6870 -2.2871
v  -0.5890 -1.6945 -2.2871
v  -0.5965 -1.7126 -2.4411
v  -0.5965 -1.7126 -2.4351
v  -0.6025 -1.7126 -2.4411
v  -0.5890 -1.7307 -2.4411
v  -0.5932 -1.7349 -2.4411
v  -0.5890 -1.7307 -2.4351
v  -0.5709 -1.7382 -2.4411
v  -0.5709 -1.7442 -2.4411
v  -0.5709 -1.7382 -2.4351
v  -0.5528 -1.7307 -2.4411
v  -0.5485 -1.7349 -2.4411
v  -0.5528 -1.7307 -2.4351
v  -0.5453 -1.7126 -2.4411
v  -0.5393 -1.7126 -2.4411
v  -0.5453 -1.7126 -2.4351
v  -0.5528 -1.6945 -2.4411
v  -0.5485 -1.6903 -2.4411
v  -0.5528 -1.6945 -2.4351
v  -0.5709 -1.6870 -2.4411
v  -0.5709 -1.6810 -2.4411
v  -0.5709 -1.6870 -2.4351
v  -0.5890 -1.6945 -2.4411
v  -0.5932 -1.6903 -2.4411
v  -0.5890 -1.6945 -2.4351
v  -0.5057 -1.7126 -2.4354
v  -0.5096 -1.7126 -2.4393
v  -0.5709 -1.7738 -2.4393
v  -0.5709 -1.7778 -2.4354
v  -0.5276 -1.6693 -2.4393
v  -0.5248 -1.6665 -2.4354
v  -0.5709 -1.6514 -2.4393
v  -0.5709 -1.6474 -2.4354
v  -0.6142 -1.6693 -2.4393
v  -0.6170 -1.6665 -2.4354
v  -0.6321 -1.7126 -2.4393
v  -0.6360 -1.7126 -2.4354
v  -0.6142 -1.7559 -2.4393
v  -0.6169 -1.7587 -2.4354
v  -0.5248 -1.7587 -2.4354
v  -0.5275 -1.7559 -2.4393
v  -0.6098 -2.8933 -2.4411
v  -0.5319 -2.8933 -2.4411
v  -0.5157 -2.8543 -2.4411
v  -0.5319 -2.8154 -2.4411
v  -0.5709 -2.7992 -2.4411
v  -0.6098 -2.8154 -2.4411
v  -0.6260 -2.8543 -2.4411
v  -0.5709 -2.9094 -2.4411
v  -0.6182 -2.8070 -2.4293
v  -0.5709 -2.7874 -2.4293
v  -0.5235 -2.9017 -2.4293
v  -0.5709 -2.9213 -2.4293
v  -0.5709 -2.9213 -2.3152
v  -0.5235 -2.9017 -2.3152
v  -0.5039 -2.8543 -2.3152
v  -0.5039 -2.8543 -2.4293
v  -0.5235 -2.8070 -2.3152
v  -0.5235 -2.8070 -2.4293
v  -0.5709 -2.7874 -2.3152
v  -0.6182 -2.8070 -2.3152
v  -0.6378 -2.8543 -2.3152
v  -0.6378 -2.8543 -2.4293
v  -0.6182 -2.9017 -2.3152
v  -0.6182 -2.9017 -2.4293
v  -0.5965 -2.8543 -2.2871
v  -0.5890 -2.8724 -2.2871
v  -0.5709 -2.8799 -2.2871
v  -0.5528 -2.8724 -2.2871
v  -0.5453 -2.8543 -2.2871
v  -0.5528 -2.8362 -2.2871
v  -0.5709 -2.8287 -2.2871
v  -0.5890 -2.8362 -2.2871
v  -0.5965 -2.8543 -2.4411
v  -0.5965 -2.8543 -2.4351
v  -0.6025 -2.8543 -2.4411
v  -0.5890 -2.8724 -2.4411
v  -0.5932 -2.8767 -2.4411
v  -0.5890 -2.8724 -2.4351
v  -0.5709 -2.8799 -2.4411
v  -0.5709 -2.8859 -2.4411
v  -0.5709 -2.8799 -2.4351
v  -0.5528 -2.8724 -2.4411
v  -0.5485 -2.8767 -2.4411
v  -0.5528 -2.8724 -2.4351
v  -0.5453 -2.8543 -2.4411
v  -0.5393 -2.8543 -2.4411
v  -0.5453 -2.8543 -2.4351
v  -0.5528 -2.8362 -2.4411
v  -0.5485 -2.8320 -2.4411
v  -0.5528 -2.8362 -2.4351
v  -0.5709 -2.8287 -2.4411
v  -0.5709 -2.8227 -2.4411
v  -0.5709 -2.8287 -2.4351
v  -0.5890 -2.8362 -2.4411
v  -0.5932 -2.8320 -2.4411
v  -0.5890 -2.8362 -2.4351
v  -0.5057 -2.8543 -2.4354
v  -0.5096 -2.8543 -2.4393
v  -0.5709 -2.9156 -2.4393
v  -0.5709 -2.9195 -2.4354
v  -0.5276 -2.8110 -2.4393
v  -0.5248 -2.8082 -2.4354
v  -0.5709 -2.7931 -2.4393
v  -0.5709 -2.7892 -2.4354
v  -0.6142 -2.8110 -2.4393
v  -0.6169 -2.8082 -2.4354
v  -0.6321 -2.8543 -2.4393
v  -0.6360 -2.8543 -2.4354
v  -0.6142 -2.8976 -2.4393
v  -0.6169 -2.9004 -2.4354
v  -0.5248 -2.9004 -2.4354
v  -0.5275 -2.8976 -2.4393
v  -0.6098 -4.0350 -2.4411
v  -0.5319 -4.0350 -2.4411
v  -0.5157 -3.9961 -2.4411
v  -0.5319 -3.9571 -2.4411
v  -0.5709 -3.9409 -2.4411
v  -0.6098 -3.9571 -2.4411
v  -0.6260 -3.9961 -2.4411
v  -0.5709 -4.0512 -2.4411
v  -0.6182 -3.9487 -2.4293
v  -0.5709 -3.9291 -2.4293
v  -0.5235 -4.0434 -2.4293
v  -0.5709 -4.0630 -2.4293
v  -0.5709 -4.0630 -2.3152
v  -0.5235 -4.0434 -2.3152
v  -0.5039 -3.9961 -2.3152
v  -0.5039 -3.9961 -2.4293
v  -0.5235 -3.9487 -2.3152
v  -0.5235 -3.9487 -2.4293
v  -0.5709 -3.9291 -2.3152
v  -0.6182 -3.9487 -2.3152
v  -0.6378 -3.9961 -2.3152
v  -0.6378 -3.9961 -2.4293
v  -0.6182 -4.0434 -2.3152
v  -0.6182 -4.0434 -2.4293
v  -0.5965 -3.9961 -2.2871
v  -0.5890 -4.0142 -2.2871
v  -0.5709 -4.0217 -2.2871
v  -0.5528 -4.0142 -2.2871
v  -0.5453 -3.9961 -2.2871
v  -0.5528 -3.9780 -2.2871
v  -0.5709 -3.9705 -2.2871
v  -0.5890 -3.9780 -2.2871
v  -0.5965 -3.9961 -2.4411
v  -0.5965 -3.9961 -2.4351
v  -0.6025 -3.9961 -2.4411
v  -0.5890 -4.0142 -2.4411
v  -0.5932 -4.0184 -2.4411
v  -0.5890 -4.0142 -2.4351
v  -0.5709 -4.0217 -2.4411
v  -0.5709 -4.0277 -2.4411
v  -0.5709 -4.0217 -2.4351
v  -0.5528 -4.0142 -2.4411
v  -0.5485 -4.0184 -2.4411
v  -0.5528 -4.0142 -2.4351
v  -0.5453 -3.9961 -2.4411
v  -0.5393 -3.9961 -2.4411
v  -0.5453 -3.9961 -2.4351
v  -0.5528 -3.9780 -2.4411
v  -0.5485 -3.9737 -2.4411
v  -0.5528 -3.9780 -2.4351
v  -0.5709 -3.9705 -2.4411
v  -0.5709 -3.9645 -2.4411
v  -0.5709 -3.9705 -2.4351
v  -0.5890 -3.9780 -2.4411
v  -0.5932 -3.9737 -2.4411
v  -0.5890 -3.9780 -2.4351
v  -0.5057 -3.9961 -2.4354
v  -0.5096 -3.9961 -2.4393
v  -0.5709 -4.0573 -2.4393
v  -0.5709 -4.0612 -2.4354
v  -0.5276 -3.9528 -2.4393
v  -0.5248 -3.9500 -2.4354
v  -0.5709 -3.9348 -2.4393
v  -0.5709 -3.9309 -2.4354
v  -0.6142 -3.9528 -2.4393
v  -0.6169 -3.9500 -2.4354
v  -0.6321 -3.9961 -2.4393
v  -0.6360 -3.9961 -2.4354
v  -0.6142 -4.0394 -2.4393
v  -0.6169 -4.0422 -2.4354
v  -0.5248 -4.0421 -2.4354
v  -0.5275 -4.0394 -2.4393
v  -0.6098 -5.1768 -2.4411
v  -0.5319 -5.1768 -2.4411
v  -0.5157 -5.1378 -2.4411
v  -0.5319 -5.0988 -2.4411
v  -0.5709 -5.0827 -2.4411
v  -0.6098 -5.0988 -2.4411
v  -0.6260 -5.1378 -2.4411
v  -0.5709 -5.1929 -2.4411
v  -0.6182 -5.0905 -2.4293
v  -0.5709 -5.0709 -2.4293
v  -0.5235 -5.1851 -2.4293
v  -0.5709 -5.2047 -2.4293
v  -0.5709 -5.2047 -2.3152
v  -0.5235 -5.1851 -2.3152
v  -0.5039 -5.1378 -2.3152
v  -0.5039 -5.1378 -2.4293
v  -0.5235 -5.0905 -2.3152
v  -0.5235 -5.0905 -2.4293
v  -0.5709 -5.0709 -2.3152
v  -0.6182 -5.0905 -2.3152
v  -0.6378 -5.1378 -2.3152
v  -0.6378 -5.1378 -2.4293
v  -0.6182 -5.1851 -2.3152
v  -0.6182 -5.1851 -2.4293
v  -0.5965 -5.1378 -2.2871
v  -0.5890 -5.1559 -2.2871
v  -0.5709 -5.1634 -2.2871
v  -0.5528 -5.1559 -2.2871
v  -0.5453 -5.1378 -2.2871
v  -0.5528 -5.1197 -2.2871
v  -0.5709 -5.1122 -2.2871
v  -0.5890 -5.1197 -2.2871
v  -0.5965 -5.1378 -2.4411
v  -0.5965 -5.1378 -2.4351
v  -0.6025 -5.1378 -2.4411
v  -0.5890 -5.1559 -2.4411
v  -0.5932 -5.1601 -2.4411
v  -0.5890 -5.1559 -2.4351
v  -0.5709 -5.1634 -2.4411
v  -0.5709 -5.1694 -2.4411
v  -0.5709 -5.1634 -2.4351
v  -0.5528 -5.1559 -2.4411
v  -0.5485 -5.1601 -2.4411
v  -0.5528 -5.1559 -2.4351
v  -0.5453 -5.1378 -2.4411
v  -0.5393 -5.1378 -2.4411
v  -0.5453 -5.1378 -2.4351
v  -0.5528 -5.1197 -2.4411
v  -0.5485 -5.1155 -2.4411
v  -0.5528 -5.1197 -2.4351
v  -0.5709 -5.1122 -2.4411
v  -0.5709 -5.1062 -2.4411
v  -0.5709 -5.1122 -2.4351
v  -0.5890 -5.1197 -2.4411
v  -0.5932 -5.1155 -2.4411
v  -0.5890 -5.1197 -2.4351
v  -0.5057 -5.1378 -2.4354
v  -0.5096 -5.1378 -2.4393
v  -0.5709 -5.1990 -2.4393
v  -0.5709 -5.2030 -2.4354
v  -0.5276 -5.0945 -2.4393
v  -0.5248 -5.0917 -2.4354
v  -0.5709 -5.0766 -2.4393
v  -0.5709 -5.0726 -2.4354
v  -0.6142 -5.0945 -2.4393
v  -0.6169 -5.0917 -2.4354
v  -0.6321 -5.1378 -2.4393
v  -0.6360 -5.1378 -2.4354
v  -0.6142 -5.1811 -2.4393
v  -0.6169 -5.1839 -2.4354
v  -0.5248 -5.1839 -2.4354
v  -0.5275 -5.1811 -2.4393
v  0.5319 -6.3185 -2.4411
v  0.6098 -6.3185 -2.4411
v  0.6260 -6.2795 -2.4411
v  0.6098 -6.2406 -2.4411
v  0.5709 -6.2244 -2.4411
v  0.5319 -6.2406 -2.4411
v  0.5158 -6.2795 -2.4411
v  0.5709 -6.3346 -2.4411
v  0.5235 -6.2322 -2.4293
v  0.5709 -6.2126 -2.4293
v  0.6182 -6.3269 -2.4293
v  0.5709 -6.3465 -2.4293
v  0.5709 -6.3465 -2.3152
v  0.6182 -6.3269 -2.3152
v  0.6378 -6.2795 -2.3152
v  0.6378 -6.2795 -2.4293
v  0.6182 -6.2322 -2.3152
v  0.6182 -6.2322 -2.4293
v  0.5709 -6.2126 -2.3152
v  0.5235 -6.2322 -2.3152
v  0.5039 -6.2795 -2.3152
v  0.5039 -6.2795 -2.4293
v  0.5235 -6.3269 -2.3152
v  0.5235 -6.3269 -2.4293
v  0.5453 -6.2795 -2.2871
v  0.5528 -6.2976 -2.2871
v  0.5709 -6.3051 -2.2871
v  0.5890 -6.2976 -2.2871
v  0.5965 -6.2795 -2.2871
v  0.5890 -6.2614 -2.2871
v  0.5709 -6.2539 -2.2871
v  0.5528 -6.2614 -2.2871
v  0.5453 -6.2795 -2.4411
v  0.5453 -6.2795 -2.4351
v  0.5393 -6.2795 -2.4411
v  0.5528 -6.2976 -2.4411
v  0.5485 -6.3019 -2.4411
v  0.5528 -6.2976 -2.4351
v  0.5709 -6.3051 -2.4411
v  0.5709 -6.3111 -2.4411
v  0.5709 -6.3051 -2.4351
v  0.5890 -6.2976 -2.4411
v  0.5932 -6.3019 -2.4411
v  0.5890 -6.2976 -2.4351
v  0.5965 -6.2795 -2.4411
v  0.6025 -6.2795 -2.4411
v  0.5965 -6.2795 -2.4351
v  0.5890 -6.2614 -2.4411
v  0.5932 -6.2572 -2.4411
v  0.5890 -6.2614 -2.4351
v  0.5709 -6.2539 -2.4411
v  0.5709 -6.2479 -2.4411
v  0.5709 -6.2539 -2.4351
v  0.5528 -6.2614 -2.4411
v  0.5485 -6.2572 -2.4411
v  0.5528 -6.2614 -2.4351
v  0.6361 -6.2795 -2.4354
v  0.6321 -6.2795 -2.4393
v  0.5709 -6.3408 -2.4393
v  0.5709 -6.3447 -2.4354
v  0.6142 -6.2362 -2.4393
v  0.6170 -6.2334 -2.4354
v  0.5709 -6.2183 -2.4393
v  0.5709 -6.2143 -2.4354
v  0.5276 -6.2362 -2.4393
v  0.5248 -6.2334 -2.4354
v  0.5096 -6.2795 -2.4393
v  0.5057 -6.2795 -2.4354
v  0.5276 -6.3228 -2.4393
v  0.5248 -6.3256 -2.4354
v  0.6170 -6.3256 -2.4354
v  0.6142 -6.3228 -2.4393
v  0.5319 6.2405 -2.4411
v  0.6098 6.2405 -2.4411
v  0.6260 6.2795 -2.4411
v  0.6098 6.3185 -2.4411
v  0.5709 6.3346 -2.4411
v  0.5319 6.3185 -2.4411
v  0.5157 6.2795 -2.4411
v  0.5709 6.2244 -2.4411
v  0.5235 6.3269 -2.4293
v  0.5709 6.3465 -2.4293
v  0.6182 6.2322 -2.4293
v  0.5709 6.2126 -2.4293
v  0.5709 6.2126 -2.3152
v  0.6182 6.2322 -2.3152
v  0.6378 6.2795 -2.3152
v  0.6378 6.2795 -2.4293
v  0.6182 6.3269 -2.3152
v  0.6182 6.3269 -2.4293
v  0.5709 6.3465 -2.3152
v  0.5235 6.3269 -2.3152
v  0.5039 6.2795 -2.3152
v  0.5039 6.2795 -2.4293
v  0.5235 6.2322 -2.3152
v  0.5235 6.2322 -2.4293
v  0.5453 6.2795 -2.2871
v  0.5528 6.2614 -2.2871
v  0.5709 6.2539 -2.2871
v  0.5890 6.2614 -2.2871
v  0.5965 6.2795 -2.2871
v  0.5890 6.2976 -2.2871
v  0.5709 6.3051 -2.2871
v  0.5528 6.2976 -2.2871
v  0.5453 6.2795 -2.4411
v  0.5453 6.2795 -2.4351
v  0.5393 6.2795 -2.4411
v  0.5528 6.2614 -2.4411
v  0.5485 6.2572 -2.4411
v  0.5528 6.2614 -2.4351
v  0.5709 6.2539 -2.4411
v  0.5709 6.2479 -2.4411
v  0.5709 6.2539 -2.4351
v  0.5890 6.2614 -2.4411
v  0.5932 6.2572 -2.4411
v  0.5890 6.2614 -2.4351
v  0.5965 6.2795 -2.4411
v  0.6025 6.2795 -2.4411
v  0.5965 6.2795 -2.4351
v  0.5890 6.2976 -2.4411
v  0.5932 6.3019 -2.4411
v  0.5890 6.2976 -2.4351
v  0.5709 6.3051 -2.4411
v  0.5709 6.3111 -2.4411
v  0.5709 6.3051 -2.4351
v  0.5528 6.2976 -2.4411
v  0.5485 6.3019 -2.4411
v  0.5528 6.2976 -2.4351
v  0.6360 6.2795 -2.4354
v  0.6321 6.2795 -2.4393
v  0.5709 6.2183 -2.4393
v  0.5709 6.2143 -2.4354
v  0.6142 6.3228 -2.4393
v  0.6170 6.3256 -2.4354
v  0.5709 6.3408 -2.4393
v  0.5709 6.3447 -2.4354
v  0.5276 6.3228 -2.4393
v  0.5248 6.3256 -2.4354
v  0.5096 6.2795 -2.4393
v  0.5057 6.2795 -2.4354
v  0.5276 6.2362 -2.4393
v  0.5248 6.2334 -2.4354
v  0.6170 6.2334 -2.4354
v  0.6142 6.2362 -2.4393
v  0.5319 5.0988 -2.4411
v  0.6098 5.0988 -2.4411
v  0.6260 5.1378 -2.4411
v  0.6098 5.1768 -2.4411
v  0.5709 5.1929 -2.4411
v  0.5319 5.1768 -2.4411
v  0.5157 5.1378 -2.4411
v  0.5709 5.0827 -2.4411
v  0.5235 5.1851 -2.4293
v  0.5709 5.2047 -2.4293
v  0.6182 5.0905 -2.4293
v  0.5709 5.0709 -2.4293
v  0.5709 5.0709 -2.3152
v  0.6182 5.0905 -2.3152
v  0.6378 5.1378 -2.3152
v  0.6378 5.1378 -2.4293
v  0.6182 5.1851 -2.3152
v  0.6182 5.1851 -2.4293
v  0.5709 5.2047 -2.3152
v  0.5235 5.1851 -2.3152
v  0.5039 5.1378 -2.3152
v  0.5039 5.1378 -2.4293
v  0.5235 5.0905 -2.3152
v  0.5235 5.0905 -2.4293
v  0.5453 5.1378 -2.2871
v  0.5528 5.1197 -2.2871
v  0.5709 5.1122 -2.2871
v  0.5890 5.1197 -2.2871
v  0.5965 5.1378 -2.2871
v  0.5890 5.1559 -2.2871
v  0.5709 5.1634 -2.2871
v  0.5528 5.1559 -2.2871
v  0.5453 5.1378 -2.4411
v  0.5453 5.1378 -2.4351
v  0.5393 5.1378 -2.4411
v  0.5528 5.1197 -2.4411
v  0.5485 5.1155 -2.4411
v  0.5528 5.1197 -2.4351
v  0.5709 5.1122 -2.4411
v  0.5709 5.1062 -2.4411
v  0.5709 5.1122 -2.4351
v  0.5890 5.1197 -2.4411
v  0.5932 5.1155 -2.4411
v  0.5890 5.1197 -2.4351
v  0.5965 5.1378 -2.4411
v  0.6025 5.1378 -2.4411
v  0.5965 5.1378 -2.4351
v  0.5890 5.1559 -2.4411
v  0.5932 5.1601 -2.4411
v  0.5890 5.1559 -2.4351
v  0.5709 5.1634 -2.4411
v  0.5709 5.1694 -2.4411
v  0.5709 5.1634 -2.4351
v  0.5528 5.1559 -2.4411
v  0.5485 5.1601 -2.4411
v  0.5528 5.1559 -2.4351
v  0.6360 5.1378 -2.4354
v  0.6321 5.1378 -2.4393
v  0.5709 5.0766 -2.4393
v  0.5709 5.0726 -2.4354
v  0.6142 5.1811 -2.4393
v  0.6170 5.1839 -2.4354
v  0.5709 5.1990 -2.4393
v  0.5709 5.2030 -2.4354
v  0.5276 5.1811 -2.4393
v  0.5248 5.1839 -2.4354
v  0.5096 5.1378 -2.4393
v  0.5057 5.1378 -2.4354
v  0.5276 5.0945 -2.4393
v  0.5248 5.0917 -2.4354
v  0.6170 5.0917 -2.4354
v  0.6142 5.0945 -2.4393
v  0.5319 3.9571 -2.4411
v  0.6098 3.9571 -2.4411
v  0.6260 3.9961 -2.4411
v  0.6098 4.0350 -2.4411
v  0.5709 4.0512 -2.4411
v  0.5319 4.0350 -2.4411
v  0.5157 3.9961 -2.4411
v  0.5709 3.9409 -2.4411
v  0.5235 4.0434 -2.4293
v  0.5709 4.0630 -2.4293
v  0.6182 3.9487 -2.4293
v  0.5709 3.9291 -2.4293
v  0.5709 3.9291 -2.3152
v  0.6182 3.9487 -2.3152
v  0.6378 3.9961 -2.3152
v  0.6378 3.9961 -2.4293
v  0.6182 4.0434 -2.3152
v  0.6182 4.0434 -2.4293
v  0.5709 4.0630 -2.3152
v  0.5235 4.0434 -2.3152
v  0.5039 3.9961 -2.3152
v  0.5039 3.9961 -2.4293
v  0.5235 3.9487 -2.3152
v  0.5235 3.9487 -2.4293
v  0.5453 3.9961 -2.2871
v  0.5528 3.9780 -2.2871
v  0.5709 3.9705 -2.2871
v  0.5890 3.9780 -2.2871
v  0.5965 3.9961 -2.2871
v  0.5890 4.0142 -2.2871
v  0.5709 4.0216 -2.2871
v  0.5528 4.0142 -2.2871
v  0.5453 3.9961 -2.4411
v  0.5453 3.9961 -2.4351
v  0.5393 3.9961 -2.4411
v  0.5528 3.9780 -2.4411
v  0.5485 3.9737 -2.4411
v  0.5528 3.9780 -2.4351
v  0.5709 3.9705 -2.4411
v  0.5709 3.9645 -2.4411
v  0.5709 3.9705 -2.4351
v  0.5890 3.9780 -2.4411
v  0.5932 3.9737 -2.4411
v  0.5890 3.9780 -2.4351
v  0.5965 3.9961 -2.4411
v  0.6025 3.9961 -2.4411
v  0.5965 3.9961 -2.4351
v  0.5890 4.0142 -2.4411
v  0.5932 4.0184 -2.4411
v  0.5890 4.0142 -2.4351
v  0.5709 4.0216 -2.4411
v  0.5709 4.0277 -2.4411
v  0.5709 4.0216 -2.4351
v  0.5528 4.0142 -2.4411
v  0.5485 4.0184 -2.4411
v  0.5528 4.0142 -2.4351
v  0.6360 3.9961 -2.4354
v  0.6321 3.9961 -2.4393
v  0.5709 3.9348 -2.4393
v  0.5709 3.9309 -2.4354
v  0.6142 4.0394 -2.4393
v  0.6170 4.0421 -2.4354
v  0.5709 4.0573 -2.4393
v  0.5709 4.0612 -2.4354
v  0.5276 4.0394 -2.4393
v  0.5248 4.0422 -2.4354
v  0.5096 3.9961 -2.4393
v  0.5057 3.9961 -2.4354
v  0.5276 3.9528 -2.4393
v  0.5248 3.9500 -2.4354
v  0.6170 3.9500 -2.4354
v  0.6142 3.9528 -2.4393
v  0.5319 2.8154 -2.4411
v  0.6098 2.8154 -2.4411
v  0.6260 2.8543 -2.4411
v  0.6098 2.8933 -2.4411
v  0.5709 2.9094 -2.4411
v  0.5319 2.8933 -2.4411
v  0.5157 2.8543 -2.4411
v  0.5709 2.7992 -2.4411
v  0.5235 2.9017 -2.4293
v  0.5709 2.9213 -2.4293
v  0.6182 2.8070 -2.4293
v  0.5709 2.7874 -2.4293
v  0.5709 2.7874 -2.3152
v  0.6182 2.8070 -2.3152
v  0.6378 2.8543 -2.3152
v  0.6378 2.8543 -2.4293
v  0.6182 2.9017 -2.3152
v  0.6182 2.9017 -2.4293
v  0.5709 2.9213 -2.3152
v  0.5235 2.9017 -2.3152
v  0.5039 2.8543 -2.3152
v  0.5039 2.8543 -2.4293
v  0.5235 2.8070 -2.3152
v  0.5235 2.8070 -2.4293
v  0.5453 2.8543 -2.2871
v  0.5528 2.8362 -2.2871
v  0.5709 2.8287 -2.2871
v  0.5890 2.8362 -2.2871
v  0.5965 2.8543 -2.2871
v  0.5890 2.8724 -2.2871
v  0.5709 2.8799 -2.2871
v  0.5528 2.8724 -2.2871
v  0.5453 2.8543 -2.4411
v  0.5453 2.8543 -2.4351
v  0.5393 2.8543 -2.4411
v  0.5528 2.8362 -2.4411
v  0.5485 2.8320 -2.4411
v  0.5528 2.8362 -2.4351
v  0.5709 2.8287 -2.4411
v  0.5709 2.8227 -2.4411
v  0.5709 2.8287 -2.4351
v  0.5890 2.8362 -2.4411
v  0.5932 2.8320 -2.4411
v  0.5890 2.8362 -2.4351
v  0.5965 2.8543 -2.4411
v  0.6025 2.8543 -2.4411
v  0.5965 2.8543 -2.4351
v  0.5890 2.8724 -2.4411
v  0.5932 2.8767 -2.4411
v  0.5890 2.8724 -2.4351
v  0.5709 2.8799 -2.4411
v  0.5709 2.8859 -2.4411
v  0.5709 2.8799 -2.4351
v  0.5528 2.8724 -2.4411
v  0.5485 2.8767 -2.4411
v  0.5528 2.8724 -2.4351
v  0.6360 2.8543 -2.4354
v  0.6321 2.8543 -2.4393
v  0.5709 2.7931 -2.4393
v  0.5709 2.7891 -2.4354
v  0.6142 2.8976 -2.4393
v  0.6170 2.9004 -2.4354
v  0.5709 2.9156 -2.4393
v  0.5709 2.9195 -2.4354
v  0.5276 2.8976 -2.4393
v  0.5248 2.9004 -2.4354
v  0.5096 2.8543 -2.4393
v  0.5057 2.8543 -2.4354
v  0.5276 2.8110 -2.4393
v  0.5248 2.8082 -2.4354
v  0.6170 2.8082 -2.4354
v  0.6142 2.8110 -2.4393
v  0.5319 1.6736 -2.4411
v  0.6098 1.6736 -2.4411
v  0.6260 1.7126 -2.4411
v  0.6098 1.7516 -2.4411
v  0.5709 1.7677 -2.4411
v  0.5319 1.7516 -2.4411
v  0.5157 1.7126 -2.4411
v  0.5709 1.6575 -2.4411
v  0.5235 1.7599 -2.4293
v  0.5709 1.7795 -2.4293
v  0.6182 1.6653 -2.4293
v  0.5709 1.6457 -2.4293
v  0.5709 1.6457 -2.3152
v  0.6182 1.6653 -2.3152
v  0.6378 1.7126 -2.3152
v  0.6378 1.7126 -2.4293
v  0.6182 1.7599 -2.3152
v  0.6182 1.7599 -2.4293
v  0.5709 1.7795 -2.3152
v  0.5235 1.7599 -2.3152
v  0.5039 1.7126 -2.3152
v  0.5039 1.7126 -2.4293
v  0.5235 1.6653 -2.3152
v  0.5235 1.6653 -2.4293
v  0.5453 1.7126 -2.2871
v  0.5528 1.6945 -2.2871
v  0.5709 1.6870 -2.2871
v  0.5890 1.6945 -2.2871
v  0.5965 1.7126 -2.2871
v  0.5890 1.7307 -2.2871
v  0.5709 1.7382 -2.2871
v  0.5528 1.7307 -2.2871
v  0.5453 1.7126 -2.4411
v  0.5453 1.7126 -2.4351
v  0.5393 1.7126 -2.4411
v  0.5528 1.6945 -2.4411
v  0.5485 1.6903 -2.4411
v  0.5528 1.6945 -2.4351
v  0.5709 1.6870 -2.4411
v  0.5709 1.6810 -2.4411
v  0.5709 1.6870 -2.4351
v  0.5890 1.6945 -2.4411
v  0.5932 1.6903 -2.4411
v  0.5890 1.6945 -2.4351
v  0.5965 1.7126 -2.4411
v  0.6025 1.7126 -2.4411
v  0.5965 1.7126 -2.4351
v  0.5890 1.7307 -2.4411
v  0.5932 1.7349 -2.4411
v  0.5890 1.7307 -2.4351
v  0.5709 1.7382 -2.4411
v  0.5709 1.7442 -2.4411
v  0.5709 1.7382 -2.4351
v  0.5528 1.7307 -2.4411
v  0.5485 1.7349 -2.4411
v  0.5528 1.7307 -2.4351
v  0.6360 1.7126 -2.4354
v  0.6321 1.7126 -2.4393
v  0.5709 1.6514 -2.4393
v  0.5709 1.6474 -2.4354
v  0.6142 1.7559 -2.4393
v  0.6170 1.7587 -2.4354
v  0.5709 1.7738 -2.4393
v  0.5709 1.7778 -2.4354
v  0.5276 1.7559 -2.4393
v  0.5248 1.7587 -2.4354
v  0.5096 1.7126 -2.4393
v  0.5057 1.7126 -2.4354
v  0.5276 1.6693 -2.4393
v  0.5248 1.6665 -2.4354
v  0.6170 1.6665 -2.4354
v  0.6142 1.6693 -2.4393
v  0.5319 0.5319 -2.4411
v  0.6098 0.5319 -2.4411
v  0.6260 0.5709 -2.4411
v  0.6098 0.6098 -2.4411
v  0.5709 0.6260 -2.4411
v  0.5319 0.6098 -2.4411
v  0.5157 0.5709 -2.4411
v  0.5709 0.5157 -2.4411
v  0.5235 0.6182 -2.4293
v  0.5709 0.6378 -2.4293
v  0.6182 0.5235 -2.4293
v  0.5709 0.5039 -2.4293
v  0.5709 0.5039 -2.3152
v  0.6182 0.5235 -2.3152
v  0.6378 0.5709 -2.3152
v  0.6378 0.5709 -2.4293
v  0.6182 0.6182 -2.3152
v  0.6182 0.6182 -2.4293
v  0.5709 0.6378 -2.3152
v  0.5235 0.6182 -2.3152
v  0.5039 0.5709 -2.3152
v  0.5039 0.5709 -2.4293
v  0.5235 0.5235 -2.3152
v  0.5235 0.5235 -2.4293
v  0.5453 0.5709 -2.2871
v  0.5528 0.5528 -2.2871
v  0.5709 0.5453 -2.2871
v  0.5890 0.5528 -2.2871
v  0.5965 0.5709 -2.2871
v  0.5890 0.5890 -2.2871
v  0.5709 0.5965 -2.2871
v  0.5528 0.5890 -2.2871
v  0.5453 0.5709 -2.4411
v  0.5453 0.5709 -2.4351
v  0.5393 0.5709 -2.4411
v  0.5528 0.5528 -2.4411
v  0.5485 0.5485 -2.4411
v  0.5528 0.5528 -2.4351
v  0.5709 0.5453 -2.4411
v  0.5709 0.5393 -2.4411
v  0.5709 0.5453 -2.4351
v  0.5890 0.5528 -2.4411
v  0.5932 0.5485 -2.4411
v  0.5890 0.5528 -2.4351
v  0.5965 0.5709 -2.4411
v  0.6025 0.5709 -2.4411
v  0.5965 0.5709 -2.4351
v  0.5890 0.5890 -2.4411
v  0.5932 0.5932 -2.4411
v  0.5890 0.5890 -2.4351
v  0.5709 0.5965 -2.4411
v  0.5709 0.6025 -2.4411
v  0.5709 0.5965 -2.4351
v  0.5528 0.5890 -2.4411
v  0.5485 0.5932 -2.4411
v  0.5528 0.5890 -2.4351
v  0.6360 0.5709 -2.4354
v  0.6321 0.5709 -2.4393
v  0.5709 0.5096 -2.4393
v  0.5709 0.5057 -2.4354
v  0.6142 0.6142 -2.4393
v  0.6170 0.6170 -2.4354
v  0.5709 0.6321 -2.4393
v  0.5709 0.6360 -2.4354
v  0.5276 0.6142 -2.4393
v  0.5248 0.6170 -2.4354
v  0.5096 0.5709 -2.4393
v  0.5057 0.5709 -2.4354
v  0.5276 0.5276 -2.4393
v  0.5248 0.5248 -2.4354
v  0.6170 0.5248 -2.4354
v  0.6142 0.5276 -2.4393
v  0.5319 -0.6098 -2.4411
v  0.6098 -0.6098 -2.4411
v  0.6260 -0.5709 -2.4411
v  0.6098 -0.5319 -2.4411
v  0.5709 -0.5157 -2.4411
v  0.5319 -0.5319 -2.4411
v  0.5157 -0.5709 -2.4411
v  0.5709 -0.6260 -2.4411
v  0.5235 -0.5235 -2.4293
v  0.5709 -0.5039 -2.4293
v  0.6182 -0.6182 -2.4293
v  0.5709 -0.6378 -2.4293
v  0.5709 -0.6378 -2.3152
v  0.6182 -0.6182 -2.3152
v  0.6378 -0.5709 -2.3152
v  0.6378 -0.5709 -2.4293
v  0.6182 -0.5235 -2.3152
v  0.6182 -0.5235 -2.4293
v  0.5709 -0.5039 -2.3152
v  0.5235 -0.5235 -2.3152
v  0.5039 -0.5709 -2.3152
v  0.5039 -0.5709 -2.4293
v  0.5235 -0.6182 -2.3152
v  0.5235 -0.6182 -2.4293
v  0.5453 -0.5709 -2.2871
v  0.5528 -0.5890 -2.2871
v  0.5709 -0.5965 -2.2871
v  0.5890 -0.5890 -2.2871
v  0.5965 -0.5709 -2.2871
v  0.5890 -0.5528 -2.2871
v  0.5709 -0.5453 -2.2871
v  0.5528 -0.5528 -2.2871
v  0.5453 -0.5709 -2.4411
v  0.5453 -0.5709 -2.4351
v  0.5393 -0.5709 -2.4411
v  0.5528 -0.5890 -2.4411
v  0.5485 -0.5932 -2.4411
v  0.5528 -0.5890 -2.4351
v  0.5709 -0.5965 -2.4411
v  0.5709 -0.6025 -2.4411
v  0.5709 -0.5965 -2.4351
v  0.5890 -0.5890 -2.4411
v  0.5932 -0.5932 -2.4411
v  0.5890 -0.5890 -2.4351
v  0.5965 -0.5709 -2.4411
v  0.6025 -0.5709 -2.4411
v  0.5965 -0.5709 -2.4351
v  0.5890 -0.5528 -2.4411
v  0.5932 -0.5485 -2.4411
v  0.5890 -0.5528 -2.4351
v  0.5709 -0.5453 -2.4411
v  0.5709 -0.5393 -2.4411
v  0.5709 -0.5453 -2.4351
v  0.5528 -0.5528 -2.4411
v  0.5485 -0.5485 -2.4411
v  0.5528 -0.5528 -2.4351
v  0.6360 -0.5709 -2.4354
v  0.6321 -0.5709 -2.4393
v  0.5709 -0.6321 -2.4393
v  0.5709 -0.6360 -2.4354
v  0.6142 -0.5276 -2.4393
v  0.6170 -0.5248 -2.4354
v  0.5709 -0.5096 -2.4393
v  0.5709 -0.5057 -2.4354
v  0.5276 -0.5276 -2.4393
v  0.5248 -0.5248 -2.4354
v  0.5096 -0.5709 -2.4393
v  0.5057 -0.5709 -2.4354
v  0.5276 -0.6142 -2.4393
v  0.5248 -0.6170 -2.4354
v  0.6170 -0.6170 -2.4354
v  0.6142 -0.6142 -2.4393
v  0.5319 -1.7516 -2.4411
v  0.6098 -1.7516 -2.4411
v  0.6260 -1.7126 -2.4411
v  0.6098 -1.6736 -2.4411
v  0.5709 -1.6575 -2.4411
v  0.5319 -1.6736 -2.4411
v  0.5157 -1.7126 -2.4411
v  0.5709 -1.7677 -2.4411
v  0.5235 -1.6653 -2.4293
v  0.5709 -1.6457 -2.4293
v  0.6182 -1.7599 -2.4293
v  0.5709 -1.7795 -2.4293
v  0.5709 -1.7795 -2.3152
v  0.6182 -1.7599 -2.3152
v  0.6378 -1.7126 -2.3152
v  0.6378 -1.7126 -2.4293
v  0.6182 -1.6653 -2.3152
v  0.6182 -1.6653 -2.4293
v  0.5709 -1.6457 -2.3152
v  0.5235 -1.6653 -2.3152
v  0.5039 -1.7126 -2.3152
v  0.5039 -1.7126 -2.4293
v  0.5235 -1.7599 -2.3152
v  0.5235 -1.7599 -2.4293
v  0.5453 -1.7126 -2.2871
v  0.5528 -1.7307 -2.2871
v  0.5709 -1.7382 -2.2871
v  0.5890 -1.7307 -2.2871
v  0.5965 -1.7126 -2.2871
v  0.5890 -1.6945 -2.2871
v  0.5709 -1.6870 -2.2871
v  0.5528 -1.6945 -2.2871
v  0.5453 -1.7126 -2.4411
v  0.5453 -1.7126 -2.4351
v  0.5393 -1.7126 -2.4411
v  0.5528 -1.7307 -2.4411
v  0.5485 -1.7349 -2.4411
v  0.5528 -1.7307 -2.4351
v  0.5709 -1.7382 -2.4411
v  0.5709 -1.7442 -2.4411
v  0.5709 -1.7382 -2.4351
v  0.5890 -1.7307 -2.4411
v  0.5932 -1.7349 -2.4411
v  0.5890 -1.7307 -2.4351
v  0.5965 -1.7126 -2.4411
v  0.6025 -1.7126 -2.4411
v  0.5965 -1.7126 -2.4351
v  0.5890 -1.6945 -2.4411
v  0.5932 -1.6903 -2.4411
v  0.5890 -1.6945 -2.4351
v  0.5709 -1.6870 -2.4411
v  0.5709 -1.6810 -2.4411
v  0.5709 -1.6870 -2.4351
v  0.5528 -1.6945 -2.4411
v  0.5485 -1.6903 -2.4411
v  0.5528 -1.6945 -2.4351
v  0.6361 -1.7126 -2.4354
v  0.6321 -1.7126 -2.4393
v  0.5709 -1.7738 -2.4393
v  0.5709 -1.7778 -2.4354
v  0.6142 -1.6693 -2.4393
v  0.6170 -1.6665 -2.4354
v  0.5709 -1.6514 -2.4393
v  0.5709 -1.6474 -2.4354
v  0.5276 -1.6693 -2.4393
v  0.5248 -1.6665 -2.4354
v  0.5096 -1.7126 -2.4393
v  0.5057 -1.7126 -2.4354
v  0.5276 -1.7559 -2.4393
v  0.5248 -1.7587 -2.4354
v  0.6170 -1.7587 -2.4354
v  0.6142 -1.7559 -2.4393
v  0.5319 -2.8933 -2.4411
v  0.6098 -2.8933 -2.4411
v  0.6260 -2.8543 -2.4411
v  0.6098 -2.8154 -2.4411
v  0.5709 -2.7992 -2.4411
v  0.5319 -2.8154 -2.4411
v  0.5158 -2.8543 -2.4411
v  0.5709 -2.9094 -2.4411
v  0.5235 -2.8070 -2.4293
v  0.5709 -2.7874 -2.4293
v  0.6182 -2.9017 -2.4293
v  0.5709 -2.9213 -2.4293
v  0.5709 -2.9213 -2.3152
v  0.6182 -2.9017 -2.3152
v  0.6378 -2.8543 -2.3152
v  0.6378 -2.8543 -2.4293
v  0.6182 -2.8070 -2.3152
v  0.6182 -2.8070 -2.4293
v  0.5709 -2.7874 -2.3152
v  0.5235 -2.8070 -2.3152
v  0.5039 -2.8543 -2.3152
v  0.5039 -2.8543 -2.4293
v  0.5235 -2.9017 -2.3152
v  0.5235 -2.9017 -2.4293
v  0.5453 -2.8543 -2.2871
v  0.5528 -2.8724 -2.2871
v  0.5709 -2.8799 -2.2871
v  0.5890 -2.8724 -2.2871
v  0.5965 -2.8543 -2.2871
v  0.5890 -2.8362 -2.2871
v  0.5709 -2.8287 -2.2871
v  0.5528 -2.8362 -2.2871
v  0.5453 -2.8543 -2.4411
v  0.5453 -2.8543 -2.4351
v  0.5393 -2.8543 -2.4411
v  0.5528 -2.8724 -2.4411
v  0.5485 -2.8767 -2.4411
v  0.5528 -2.8724 -2.4351
v  0.5709 -2.8799 -2.4411
v  0.5709 -2.8859 -2.4411
v  0.5709 -2.8799 -2.4351
v  0.5890 -2.8724 -2.4411
v  0.5932 -2.8767 -2.4411
v  0.5890 -2.8724 -2.4351
v  0.5965 -2.8543 -2.4411
v  0.6025 -2.8543 -2.4411
v  0.5965 -2.8543 -2.4351
v  0.5890 -2.8362 -2.4411
v  0.5932 -2.8320 -2.4411
v  0.5890 -2.8362 -2.4351
v  0.5709 -2.8287 -2.4411
v  0.5709 -2.8227 -2.4411
v  0.5709 -2.8287 -2.4351
v  0.5528 -2.8362 -2.4411
v  0.5485 -2.8320 -2.4411
v  0.5528 -2.8362 -2.4351
v  0.6361 -2.8543 -2.4354
v  0.6321 -2.8543 -2.4393
v  0.5709 -2.9156 -2.4393
v  0.5709 -2.9195 -2.4354
v  0.6142 -2.8110 -2.4393
v  0.6170 -2.8082 -2.4354
v  0.5709 -2.7931 -2.4393
v  0.5709 -2.7892 -2.4354
v  0.5276 -2.8110 -2.4393
v  0.5248 -2.8082 -2.4354
v  0.5096 -2.8543 -2.4393
v  0.5057 -2.8543 -2.4354
v  0.5276 -2.8976 -2.4393
v  0.5248 -2.9004 -2.4354
v  0.6170 -2.9004 -2.4354
v  0.6142 -2.8976 -2.4393
v  0.5319 -4.0350 -2.4411
v  0.6098 -4.0350 -2.4411
v  0.6260 -3.9961 -2.4411
v  0.6098 -3.9571 -2.4411
v  0.5709 -3.9409 -2.4411
v  0.5319 -3.9571 -2.4411
v  0.5158 -3.9961 -2.4411
v  0.5709 -4.0512 -2.4411
v  0.5235 -3.9487 -2.4293
v  0.5709 -3.9291 -2.4293
v  0.6182 -4.0434 -2.4293
v  0.5709 -4.0630 -2.4293
v  0.5709 -4.0630 -2.3152
v  0.6182 -4.0434 -2.3152
v  0.6378 -3.9961 -2.3152
v  0.6378 -3.9961 -2.4293
v  0.6182 -3.9487 -2.3152
v  0.6182 -3.9487 -2.4293
v  0.5709 -3.9291 -2.3152
v  0.5235 -3.9487 -2.3152
v  0.5039 -3.9961 -2.3152
v  0.5039 -3.9961 -2.4293
v  0.5235 -4.0434 -2.3152
v  0.5235 -4.0434 -2.4293
v  0.5453 -3.9961 -2.2871
v  0.5528 -4.0142 -2.2871
v  0.5709 -4.0217 -2.2871
v  0.5890 -4.0142 -2.2871
v  0.5965 -3.9961 -2.2871
v  0.5890 -3.9780 -2.2871
v  0.5709 -3.9705 -2.2871
v  0.5528 -3.9780 -2.2871
v  0.5453 -3.9961 -2.4411
v  0.5453 -3.9961 -2.4351
v  0.5393 -3.9961 -2.4411
v  0.5528 -4.0142 -2.4411
v  0.5485 -4.0184 -2.4411
v  0.5528 -4.0142 -2.4351
v  0.5709 -4.0217 -2.4411
v  0.5709 -4.0277 -2.4411
v  0.5709 -4.0217 -2.4351
v  0.5890 -4.0142 -2.4411
v  0.5932 -4.0184 -2.4411
v  0.5890 -4.0142 -2.4351
v  0.5965 -3.9961 -2.4411
v  0.6025 -3.9961 -2.4411
v  0.5965 -3.9961 -2.4351
v  0.5890 -3.9780 -2.4411
v  0.5932 -3.9737 -2.4411
v  0.5890 -3.9780 -2.4351
v  0.5709 -3.9705 -2.4411
v  0.5709 -3.9645 -2.4411
v  0.5709 -3.9705 -2.4351
v  0.5528 -3.9780 -2.4411
v  0.5485 -3.9737 -2.4411
v  0.5528 -3.9780 -2.4351
v  0.6361 -3.9961 -2.4354
v  0.6321 -3.9961 -2.4393
v  0.5709 -4.0573 -2.4393
v  0.5709 -4.0612 -2.4354
v  0.6142 -3.9528 -2.4393
v  0.6170 -3.9500 -2.4354
v  0.5709 -3.9348 -2.4393
v  0.5709 -3.9309 -2.4354
v  0.5276 -3.9528 -2.4393
v  0.5248 -3.9500 -2.4354
v  0.5096 -3.9961 -2.4393
v  0.5057 -3.9961 -2.4354
v  0.5276 -4.0394 -2.4393
v  0.5248 -4.0422 -2.4354
v  0.6170 -4.0421 -2.4354
v  0.6142 -4.0394 -2.4393
v  0.5319 -5.1768 -2.4411
v  0.6098 -5.1768 -2.4411
v  0.6260 -5.1378 -2.4411
v  0.6098 -5.0988 -2.4411
v  0.5709 -5.0827 -2.4411
v  0.5319 -5.0988 -2.4411
v  0.5158 -5.1378 -2.4411
v  0.5709 -5.1929 -2.4411
v  0.5235 -5.0905 -2.4293
v  0.5709 -5.0709 -2.4293
v  0.6182 -5.1851 -2.4293
v  0.5709 -5.2047 -2.4293
v  0.5709 -5.2047 -2.3152
v  0.6182 -5.1851 -2.3152
v  0.6378 -5.1378 -2.3152
v  0.6378 -5.1378 -2.4293
v  0.6182 -5.0905 -2.3152
v  0.6182 -5.0905 -2.4293
v  0.5709 -5.0709 -2.3152
v  0.5235 -5.0905 -2.3152
v  0.5039 -5.1378 -2.3152
v  0.5039 -5.1378 -2.4293
v  0.5235 -5.1851 -2.3152
v  0.5235 -5.1851 -2.4293
v  0.5453 -5.1378 -2.2871
v  0.5528 -5.1559 -2.2871
v  0.5709 -5.1634 -2.2871
v  0.5890 -5.1559 -2.2871
v  0.5965 -5.1378 -2.2871
v  0.5890 -5.1197 -2.2871
v  0.5709 -5.1122 -2.2871
v  0.5528 -5.1197 -2.2871
v  0.5453 -5.1378 -2.4411
v  0.5453 -5.1378 -2.4351
v  0.5393 -5.1378 -2.4411
v  0.5528 -5.1559 -2.4411
v  0.5485 -5.1601 -2.4411
v  0.5528 -5.1559 -2.4351
v  0.5709 -5.1634 -2.4411
v  0.5709 -5.1694 -2.4411
v  0.5709 -5.1634 -2.4351
v  0.5890 -5.1559 -2.4411
v  0.5932 -5.1601 -2.4411
v  0.5890 -5.1559 -2.4351
v  0.5965 -5.1378 -2.4411
v  0.6025 -5.1378 -2.4411
v  0.5965 -5.1378 -2.4351
v  0.5890 -5.1197 -2.4411
v  0.5932 -5.1155 -2.4411
v  0.5890 -5.1197 -2.4351
v  0.5709 -5.1122 -2.4411
v  0.5709 -5.1062 -2.4411
v  0.5709 -5.1122 -2.4351
v  0.5528 -5.1197 -2.4411
v  0.5485 -5.1155 -2.4411
v  0.5528 -5.1197 -2.4351
v  0.6361 -5.1378 -2.4354
v  0.6321 -5.1378 -2.4393
v  0.5709 -5.1990 -2.4393
v  0.5709 -5.2030 -2.4354
v  0.6142 -5.0945 -2.4393
v  0.6170 -5.0917 -2.4354
v  0.5709 -5.0766 -2.4393
v  0.5709 -5.0726 -2.4354
v  0.5276 -5.0945 -2.4393
v  0.5248 -5.0917 -2.4354
v  0.5096 -5.1378 -2.4393
v  0.5057 -5.1378 -2.4354
v  0.5276 -5.1811 -2.4393
v  0.5248 -5.1839 -2.4354
v  0.6170 -5.1839 -2.4354
v  0.6142 -5.1811 -2.4393
v  1.6736 -6.3185 -2.4411
v  1.7516 -6.3185 -2.4411
v  1.7677 -6.2795 -2.4411
v  1.7516 -6.2406 -2.4411
v  1.7126 -6.2244 -2.4411
v  1.6736 -6.2406 -2.4411
v  1.6575 -6.2795 -2.4411
v  1.7126 -6.3346 -2.4411
v  1.6653 -6.2322 -2.4293
v  1.7126 -6.2126 -2.4293
v  1.7599 -6.3269 -2.4293
v  1.7126 -6.3465 -2.4293
v  1.7126 -6.3465 -2.3152
v  1.7599 -6.3269 -2.3152
v  1.7795 -6.2795 -2.3152
v  1.7795 -6.2795 -2.4293
v  1.7599 -6.2322 -2.3152
v  1.7599 -6.2322 -2.4293
v  1.7126 -6.2126 -2.3152
v  1.6653 -6.2322 -2.3152
v  1.6457 -6.2795 -2.3152
v  1.6457 -6.2795 -2.4293
v  1.6653 -6.3269 -2.3152
v  1.6653 -6.3269 -2.4293
v  1.6870 -6.2795 -2.2871
v  1.6945 -6.2976 -2.2871
v  1.7126 -6.3051 -2.2871
v  1.7307 -6.2976 -2.2871
v  1.7382 -6.2795 -2.2871
v  1.7307 -6.2614 -2.2871
v  1.7126 -6.2539 -2.2871
v  1.6945 -6.2614 -2.2871
v  1.6870 -6.2795 -2.4411
v  1.6870 -6.2795 -2.4351
v  1.6810 -6.2795 -2.4411
v  1.6945 -6.2976 -2.4411
v  1.6903 -6.3019 -2.4411
v  1.6945 -6.2976 -2.4351
v  1.7126 -6.3051 -2.4411
v  1.7126 -6.3111 -2.4411
v  1.7126 -6.3051 -2.4351
v  1.7307 -6.2976 -2.4411
v  1.7349 -6.3019 -2.4411
v  1.7307 -6.2976 -2.4351
v  1.7382 -6.2795 -2.4411
v  1.7442 -6.2795 -2.4411
v  1.7382 -6.2795 -2.4351
v  1.7307 -6.2614 -2.4411
v  1.7349 -6.2572 -2.4411
v  1.7307 -6.2614 -2.4351
v  1.7126 -6.2539 -2.4411
v  1.7126 -6.2479 -2.4411
v  1.7126 -6.2539 -2.4351
v  1.6945 -6.2614 -2.4411
v  1.6903 -6.2572 -2.4411
v  1.6945 -6.2614 -2.4351
v  1.7778 -6.2795 -2.4354
v  1.7739 -6.2795 -2.4393
v  1.7126 -6.3408 -2.4393
v  1.7126 -6.3447 -2.4354
v  1.7559 -6.2362 -2.4393
v  1.7587 -6.2334 -2.4354
v  1.7126 -6.2183 -2.4393
v  1.7126 -6.2143 -2.4354
v  1.6693 -6.2362 -2.4393
v  1.6665 -6.2334 -2.4354
v  1.6514 -6.2795 -2.4393
v  1.6474 -6.2795 -2.4354
v  1.6693 -6.3228 -2.4393
v  1.6665 -6.3256 -2.4354
v  1.7587 -6.3256 -2.4354
v  1.7559 -6.3228 -2.4393
v  1.6736 6.2405 -2.4411
v  1.7516 6.2405 -2.4411
v  1.7677 6.2795 -2.4411
v  1.7516 6.3185 -2.4411
v  1.7126 6.3346 -2.4411
v  1.6736 6.3185 -2.4411
v  1.6575 6.2795 -2.4411
v  1.7126 6.2244 -2.4411
v  1.6653 6.3269 -2.4293
v  1.7126 6.3465 -2.4293
v  1.7599 6.2322 -2.4293
v  1.7126 6.2126 -2.4293
v  1.7126 6.2126 -2.3152
v  1.7599 6.2322 -2.3152
v  1.7795 6.2795 -2.3152
v  1.7795 6.2795 -2.4293
v  1.7599 6.3269 -2.3152
v  1.7599 6.3269 -2.4293
v  1.7126 6.3465 -2.3152
v  1.6653 6.3269 -2.3152
v  1.6457 6.2795 -2.3152
v  1.6457 6.2795 -2.4293
v  1.6653 6.2322 -2.3152
v  1.6653 6.2322 -2.4293
v  1.6870 6.2795 -2.2871
v  1.6945 6.2614 -2.2871
v  1.7126 6.2539 -2.2871
v  1.7307 6.2614 -2.2871
v  1.7382 6.2795 -2.2871
v  1.7307 6.2976 -2.2871
v  1.7126 6.3051 -2.2871
v  1.6945 6.2976 -2.2871
v  1.6870 6.2795 -2.4411
v  1.6870 6.2795 -2.4351
v  1.6810 6.2795 -2.4411
v  1.6945 6.2614 -2.4411
v  1.6903 6.2572 -2.4411
v  1.6945 6.2614 -2.4351
v  1.7126 6.2539 -2.4411
v  1.7126 6.2479 -2.4411
v  1.7126 6.2539 -2.4351
v  1.7307 6.2614 -2.4411
v  1.7349 6.2572 -2.4411
v  1.7307 6.2614 -2.4351
v  1.7382 6.2795 -2.4411
v  1.7442 6.2795 -2.4411
v  1.7382 6.2795 -2.4351
v  1.7307 6.2976 -2.4411
v  1.7349 6.3019 -2.4411
v  1.7307 6.2976 -2.4351
v  1.7126 6.3051 -2.4411
v  1.7126 6.3111 -2.4411
v  1.7126 6.3051 -2.4351
v  1.6945 6.2976 -2.4411
v  1.6903 6.3019 -2.4411
v  1.6945 6.2976 -2.4351
v  1.7778 6.2795 -2.4354
v  1.7738 6.2795 -2.4393
v  1.7126 6.2183 -2.4393
v  1.7126 6.2143 -2.4354
v  1.7559 6.3228 -2.4393
v  1.7587 6.3256 -2.4354
v  1.7126 6.3408 -2.4393
v  1.7126 6.3447 -2.4354
v  1.6693 6.3228 -2.4393
v  1.6665 6.3256 -2.4354
v  1.6514 6.2795 -2.4393
v  1.6474 6.2795 -2.4354
v  1.6693 6.2362 -2.4393
v  1.6665 6.2334 -2.4354
v  1.7587 6.2334 -2.4354
v  1.7559 6.2362 -2.4393
v  1.6736 5.0988 -2.4411
v  1.7516 5.0988 -2.4411
v  1.7677 5.1378 -2.4411
v  1.7516 5.1768 -2.4411
v  1.7126 5.1929 -2.4411
v  1.6736 5.1768 -2.4411
v  1.6575 5.1378 -2.4411
v  1.7126 5.0827 -2.4411
v  1.6653 5.1851 -2.4293
v  1.7126 5.2047 -2.4293
v  1.7599 5.0905 -2.4293
v  1.7126 5.0709 -2.4293
v  1.7126 5.0709 -2.3152
v  1.7599 5.0905 -2.3152
v  1.7795 5.1378 -2.3152
v  1.7795 5.1378 -2.4293
v  1.7599 5.1851 -2.3152
v  1.7599 5.1851 -2.4293
v  1.7126 5.2047 -2.3152
v  1.6653 5.1851 -2.3152
v  1.6457 5.1378 -2.3152
v  1.6457 5.1378 -2.4293
v  1.6653 5.0905 -2.3152
v  1.6653 5.0905 -2.4293
v  1.6870 5.1378 -2.2871
v  1.6945 5.1197 -2.2871
v  1.7126 5.1122 -2.2871
v  1.7307 5.1197 -2.2871
v  1.7382 5.1378 -2.2871
v  1.7307 5.1559 -2.2871
v  1.7126 5.1634 -2.2871
v  1.6945 5.1559 -2.2871
v  1.6870 5.1378 -2.4411
v  1.6870 5.1378 -2.4351
v  1.6810 5.1378 -2.4411
v  1.6945 5.1197 -2.4411
v  1.6903 5.1155 -2.4411
v  1.6945 5.1197 -2.4351
v  1.7126 5.1122 -2.4411
v  1.7126 5.1062 -2.4411
v  1.7126 5.1122 -2.4351
v  1.7307 5.1197 -2.4411
v  1.7349 5.1155 -2.4411
v  1.7307 5.1197 -2.4351
v  1.7382 5.1378 -2.4411
v  1.7442 5.1378 -2.4411
v  1.7382 5.1378 -2.4351
v  1.7307 5.1559 -2.4411
v  1.7349 5.1601 -2.4411
v  1.7307 5.1559 -2.4351
v  1.7126 5.1634 -2.4411
v  1.7126 5.1694 -2.4411
v  1.7126 5.1634 -2.4351
v  1.6945 5.1559 -2.4411
v  1.6903 5.1601 -2.4411
v  1.6945 5.1559 -2.4351
v  1.7778 5.1378 -2.4354
v  1.7738 5.1378 -2.4393
v  1.7126 5.0766 -2.4393
v  1.7126 5.0726 -2.4354
v  1.7559 5.1811 -2.4393
v  1.7587 5.1839 -2.4354
v  1.7126 5.1990 -2.4393
v  1.7126 5.2030 -2.4354
v  1.6693 5.1811 -2.4393
v  1.6665 5.1839 -2.4354
v  1.6514 5.1378 -2.4393
v  1.6474 5.1378 -2.4354
v  1.6693 5.0945 -2.4393
v  1.6665 5.0917 -2.4354
v  1.7587 5.0917 -2.4354
v  1.7559 5.0945 -2.4393
v  1.6736 3.9571 -2.4411
v  1.7516 3.9571 -2.4411
v  1.7677 3.9961 -2.4411
v  1.7516 4.0350 -2.4411
v  1.7126 4.0512 -2.4411
v  1.6736 4.0350 -2.4411
v  1.6575 3.9961 -2.4411
v  1.7126 3.9409 -2.4411
v  1.6653 4.0434 -2.4293
v  1.7126 4.0630 -2.4293
v  1.7599 3.9487 -2.4293
v  1.7126 3.9291 -2.4293
v  1.7126 3.9291 -2.3152
v  1.7599 3.9487 -2.3152
v  1.7795 3.9961 -2.3152
v  1.7795 3.9961 -2.4293
v  1.7599 4.0434 -2.3152
v  1.7599 4.0434 -2.4293
v  1.7126 4.0630 -2.3152
v  1.6653 4.0434 -2.3152
v  1.6457 3.9961 -2.3152
v  1.6457 3.9961 -2.4293
v  1.6653 3.9487 -2.3152
v  1.6653 3.9487 -2.4293
v  1.6870 3.9961 -2.2871
v  1.6945 3.9780 -2.2871
v  1.7126 3.9705 -2.2871
v  1.7307 3.9780 -2.2871
v  1.7382 3.9961 -2.2871
v  1.7307 4.0142 -2.2871
v  1.7126 4.0216 -2.2871
v  1.6945 4.0142 -2.2871
v  1.6870 3.9961 -2.4411
v  1.6870 3.9961 -2.4351
v  1.6810 3.9961 -2.4411
v  1.6945 3.9780 -2.4411
v  1.6903 3.9737 -2.4411
v  1.6945 3.9780 -2.4351
v  1.7126 3.9705 -2.4411
v  1.7126 3.9645 -2.4411
v  1.7126 3.9705 -2.4351
v  1.7307 3.9780 -2.4411
v  1.7349 3.9737 -2.4411
v  1.7307 3.9780 -2.4351
v  1.7382 3.9961 -2.4411
v  1.7442 3.9961 -2.4411
v  1.7382 3.9961 -2.4351
v  1.7307 4.0142 -2.4411
v  1.7349 4.0184 -2.4411
v  1.7307 4.0142 -2.4351
v  1.7126 4.0216 -2.4411
v  1.7126 4.0277 -2.4411
v  1.7126 4.0216 -2.4351
v  1.6945 4.0142 -2.4411
v  1.6903 4.0184 -2.4411
v  1.6945 4.0142 -2.4351
v  1.7778 3.9961 -2.4354
v  1.7738 3.9961 -2.4393
v  1.7126 3.9348 -2.4393
v  1.7126 3.9309 -2.4354
v  1.7559 4.0394 -2.4393
v  1.7587 4.0421 -2.4354
v  1.7126 4.0573 -2.4393
v  1.7126 4.0612 -2.4354
v  1.6693 4.0394 -2.4393
v  1.6665 4.0422 -2.4354
v  1.6514 3.9961 -2.4393
v  1.6474 3.9961 -2.4354
v  1.6693 3.9528 -2.4393
v  1.6665 3.9500 -2.4354
v  1.7587 3.9500 -2.4354
v  1.7559 3.9528 -2.4393
v  1.6736 2.8154 -2.4411
v  1.7516 2.8154 -2.4411
v  1.7677 2.8543 -2.4411
v  1.7516 2.8933 -2.4411
v  1.7126 2.9094 -2.4411
v  1.6736 2.8933 -2.4411
v  1.6575 2.8543 -2.4411
v  1.7126 2.7992 -2.4411
v  1.6653 2.9017 -2.4293
v  1.7126 2.9213 -2.4293
v  1.7599 2.8070 -2.4293
v  1.7126 2.7874 -2.4293
v  1.7126 2.7874 -2.3152
v  1.7599 2.8070 -2.3152
v  1.7795 2.8543 -2.3152
v  1.7795 2.8543 -2.4293
v  1.7599 2.9017 -2.3152
v  1.7599 2.9017 -2.4293
v  1.7126 2.9213 -2.3152
v  1.6653 2.9017 -2.3152
v  1.6457 2.8543 -2.3152
v  1.6457 2.8543 -2.4293
v  1.6653 2.8070 -2.3152
v  1.6653 2.8070 -2.4293
v  1.6870 2.8543 -2.2871
v  1.6945 2.8362 -2.2871
v  1.7126 2.8287 -2.2871
v  1.7307 2.8362 -2.2871
v  1.7382 2.8543 -2.2871
v  1.7307 2.8724 -2.2871
v  1.7126 2.8799 -2.2871
v  1.6945 2.8724 -2.2871
v  1.6870 2.8543 -2.4411
v  1.6870 2.8543 -2.4351
v  1.6810 2.8543 -2.4411
v  1.6945 2.8362 -2.4411
v  1.6903 2.8320 -2.4411
v  1.6945 2.8362 -2.4351
v  1.7126 2.8287 -2.4411
v  1.7126 2.8227 -2.4411
v  1.7126 2.8287 -2.4351
v  1.7307 2.8362 -2.4411
v  1.7349 2.8320 -2.4411
v  1.7307 2.8362 -2.4351
v  1.7382 2.8543 -2.4411
v  1.7442 2.8543 -2.4411
v  1.7382 2.8543 -2.4351
v  1.7307 2.8724 -2.4411
v  1.7349 2.8767 -2.4411
v  1.7307 2.8724 -2.4351
v  1.7126 2.8799 -2.4411
v  1.7126 2.8859 -2.4411
v  1.7126 2.8799 -2.4351
v  1.6945 2.8724 -2.4411
v  1.6903 2.8767 -2.4411
v  1.6945 2.8724 -2.4351
v  1.7778 2.8543 -2.4354
v  1.7738 2.8543 -2.4393
v  1.7126 2.7931 -2.4393
v  1.7126 2.7891 -2.4354
v  1.7559 2.8976 -2.4393
v  1.7587 2.9004 -2.4354
v  1.7126 2.9156 -2.4393
v  1.7126 2.9195 -2.4354
v  1.6693 2.8976 -2.4393
v  1.6665 2.9004 -2.4354
v  1.6514 2.8543 -2.4393
v  1.6474 2.8543 -2.4354
v  1.6693 2.8110 -2.4393
v  1.6665 2.8082 -2.4354
v  1.7587 2.8082 -2.4354
v  1.7559 2.8110 -2.4393
v  1.6736 1.6736 -2.4411
v  1.7516 1.6736 -2.4411
v  1.7677 1.7126 -2.4411
v  1.7516 1.7516 -2.4411
v  1.7126 1.7677 -2.4411
v  1.6736 1.7516 -2.4411
v  1.6575 1.7126 -2.4411
v  1.7126 1.6575 -2.4411
v  1.6653 1.7599 -2.4293
v  1.7126 1.7795 -2.4293
v  1.7599 1.6653 -2.4293
v  1.7126 1.6457 -2.4293
v  1.7126 1.6457 -2.3152
v  1.7599 1.6653 -2.3152
v  1.7795 1.7126 -2.3152
v  1.7795 1.7126 -2.4293
v  1.7599 1.7599 -2.3152
v  1.7599 1.7599 -2.4293
v  1.7126 1.7795 -2.3152
v  1.6653 1.7599 -2.3152
v  1.6457 1.7126 -2.3152
v  1.6457 1.7126 -2.4293
v  1.6653 1.6653 -2.3152
v  1.6653 1.6653 -2.4293
v  1.6870 1.7126 -2.2871
v  1.6945 1.6945 -2.2871
v  1.7126 1.6870 -2.2871
v  1.7307 1.6945 -2.2871
v  1.7382 1.7126 -2.2871
v  1.7307 1.7307 -2.2871
v  1.7126 1.7382 -2.2871
v  1.6945 1.7307 -2.2871
v  1.6870 1.7126 -2.4411
v  1.6870 1.7126 -2.4351
v  1.6810 1.7126 -2.4411
v  1.6945 1.6945 -2.4411
v  1.6903 1.6903 -2.4411
v  1.6945 1.6945 -2.4351
v  1.7126 1.6870 -2.4411
v  1.7126 1.6810 -2.4411
v  1.7126 1.6870 -2.4351
v  1.7307 1.6945 -2.4411
v  1.7349 1.6903 -2.4411
v  1.7307 1.6945 -2.4351
v  1.7382 1.7126 -2.4411
v  1.7442 1.7126 -2.4411
v  1.7382 1.7126 -2.4351
v  1.7307 1.7307 -2.4411
v  1.7349 1.7349 -2.4411
v  1.7307 1.7307 -2.4351
v  1.7126 1.7382 -2.4411
v  1.7126 1.7442 -2.4411
v  1.7126 1.7382 -2.4351
v  1.6945 1.7307 -2.4411
v  1.6903 1.7349 -2.4411
v  1.6945 1.7307 -2.4351
v  1.7778 1.7126 -2.4354
v  1.7738 1.7126 -2.4393
v  1.7126 1.6514 -2.4393
v  1.7126 1.6474 -2.4354
v  1.7559 1.7559 -2.4393
v  1.7587 1.7587 -2.4354
v  1.7126 1.7738 -2.4393
v  1.7126 1.7778 -2.4354
v  1.6693 1.7559 -2.4393
v  1.6665 1.7587 -2.4354
v  1.6514 1.7126 -2.4393
v  1.6474 1.7126 -2.4354
v  1.6693 1.6693 -2.4393
v  1.6665 1.6665 -2.4354
v  1.7587 1.6665 -2.4354
v  1.7559 1.6693 -2.4393
v  1.6736 0.5319 -2.4411
v  1.7516 0.5319 -2.4411
v  1.7677 0.5709 -2.4411
v  1.7516 0.6098 -2.4411
v  1.7126 0.6260 -2.4411
v  1.6736 0.6098 -2.4411
v  1.6575 0.5709 -2.4411
v  1.7126 0.5157 -2.4411
v  1.6653 0.6182 -2.4293
v  1.7126 0.6378 -2.4293
v  1.7599 0.5235 -2.4293
v  1.7126 0.5039 -2.4293
v  1.7126 0.5039 -2.3152
v  1.7599 0.5235 -2.3152
v  1.7795 0.5709 -2.3152
v  1.7795 0.5709 -2.4293
v  1.7599 0.6182 -2.3152
v  1.7599 0.6182 -2.4293
v  1.7126 0.6378 -2.3152
v  1.6653 0.6182 -2.3152
v  1.6457 0.5709 -2.3152
v  1.6457 0.5709 -2.4293
v  1.6653 0.5235 -2.3152
v  1.6653 0.5235 -2.4293
v  1.6870 0.5709 -2.2871
v  1.6945 0.5528 -2.2871
v  1.7126 0.5453 -2.2871
v  1.7307 0.5528 -2.2871
v  1.7382 0.5709 -2.2871
v  1.7307 0.5890 -2.2871
v  1.7126 0.5965 -2.2871
v  1.6945 0.5890 -2.2871
v  1.6870 0.5709 -2.4411
v  1.6870 0.5709 -2.4351
v  1.6810 0.5709 -2.4411
v  1.6945 0.5528 -2.4411
v  1.6903 0.5485 -2.4411
v  1.6945 0.5528 -2.4351
v  1.7126 0.5453 -2.4411
v  1.7126 0.5393 -2.4411
v  1.7126 0.5453 -2.4351
v  1.7307 0.5528 -2.4411
v  1.7349 0.5485 -2.4411
v  1.7307 0.5528 -2.4351
v  1.7382 0.5709 -2.4411
v  1.7442 0.5709 -2.4411
v  1.7382 0.5709 -2.4351
v  1.7307 0.5890 -2.4411
v  1.7349 0.5932 -2.4411
v  1.7307 0.5890 -2.4351
v  1.7126 0.5965 -2.4411
v  1.7126 0.6025 -2.4411
v  1.7126 0.5965 -2.4351
v  1.6945 0.5890 -2.4411
v  1.6903 0.5932 -2.4411
v  1.6945 0.5890 -2.4351
v  1.7778 0.5709 -2.4354
v  1.7738 0.5709 -2.4393
v  1.7126 0.5096 -2.4393
v  1.7126 0.5057 -2.4354
v  1.7559 0.6142 -2.4393
v  1.7587 0.6170 -2.4354
v  1.7126 0.6321 -2.4393
v  1.7126 0.6360 -2.4354
v  1.6693 0.6142 -2.4393
v  1.6665 0.6170 -2.4354
v  1.6514 0.5709 -2.4393
v  1.6474 0.5709 -2.4354
v  1.6693 0.5276 -2.4393
v  1.6665 0.5248 -2.4354
v  1.7587 0.5248 -2.4354
v  1.7559 0.5276 -2.4393
v  1.6736 -0.6098 -2.4411
v  1.7516 -0.6098 -2.4411
v  1.7677 -0.5709 -2.4411
v  1.7516 -0.5319 -2.4411
v  1.7126 -0.5157 -2.4411
v  1.6736 -0.5319 -2.4411
v  1.6575 -0.5709 -2.4411
v  1.7126 -0.6260 -2.4411
v  1.6653 -0.5235 -2.4293
v  1.7126 -0.5039 -2.4293
v  1.7599 -0.6182 -2.4293
v  1.7126 -0.6378 -2.4293
v  1.7126 -0.6378 -2.3152
v  1.7599 -0.6182 -2.3152
v  1.7795 -0.5709 -2.3152
v  1.7795 -0.5709 -2.4293
v  1.7599 -0.5235 -2.3152
v  1.7599 -0.5235 -2.4293
v  1.7126 -0.5039 -2.3152
v  1.6653 -0.5235 -2.3152
v  1.6457 -0.5709 -2.3152
v  1.6457 -0.5709 -2.4293
v  1.6653 -0.6182 -2.3152
v  1.6653 -0.6182 -2.4293
v  1.6870 -0.5709 -2.2871
v  1.6945 -0.5890 -2.2871
v  1.7126 -0.5965 -2.2871
v  1.7307 -0.5890 -2.2871
v  1.7382 -0.5709 -2.2871
v  1.7307 -0.5528 -2.2871
v  1.7126 -0.5453 -2.2871
v  1.6945 -0.5528 -2.2871
v  1.6870 -0.5709 -2.4411
v  1.6870 -0.5709 -2.4351
v  1.6810 -0.5709 -2.4411
v  1.6945 -0.5890 -2.4411
v  1.6903 -0.5932 -2.4411
v  1.6945 -0.5890 -2.4351
v  1.7126 -0.5965 -2.4411
v  1.7126 -0.6025 -2.4411
v  1.7126 -0.5965 -2.4351
v  1.7307 -0.5890 -2.4411
v  1.7349 -0.5932 -2.4411
v  1.7307 -0.5890 -2.4351
v  1.7382 -0.5709 -2.4411
v  1.7442 -0.5709 -2.4411
v  1.7382 -0.5709 -2.4351
v  1.7307 -0.5528 -2.4411
v  1.7349 -0.5485 -2.4411
v  1.7307 -0.5528 -2.4351
v  1.7126 -0.5453 -2.4411
v  1.7126 -0.5393 -2.4411
v  1.7126 -0.5453 -2.4351
v  1.6945 -0.5528 -2.4411
v  1.6903 -0.5485 -2.4411
v  1.6945 -0.5528 -2.4351
v  1.7778 -0.5709 -2.4354
v  1.7738 -0.5709 -2.4393
v  1.7126 -0.6321 -2.4393
v  1.7126 -0.6360 -2.4354
v  1.7559 -0.5276 -2.4393
v  1.7587 -0.5248 -2.4354
v  1.7126 -0.5096 -2.4393
v  1.7126 -0.5057 -2.4354
v  1.6693 -0.5276 -2.4393
v  1.6665 -0.5248 -2.4354
v  1.6514 -0.5709 -2.4393
v  1.6474 -0.5709 -2.4354
v  1.6693 -0.6142 -2.4393
v  1.6665 -0.6170 -2.4354
v  1.7587 -0.6170 -2.4354
v  1.7559 -0.6142 -2.4393
v  1.6736 -1.7516 -2.4411
v  1.7516 -1.7516 -2.4411
v  1.7677 -1.7126 -2.4411
v  1.7516 -1.6736 -2.4411
v  1.7126 -1.6575 -2.4411
v  1.6736 -1.6736 -2.4411
v  1.6575 -1.7126 -2.4411
v  1.7126 -1.7677 -2.4411
v  1.6653 -1.6653 -2.4293
v  1.7126 -1.6457 -2.4293
v  1.7599 -1.7599 -2.4293
v  1.7126 -1.7795 -2.4293
v  1.7126 -1.7795 -2.3152
v  1.7599 -1.7599 -2.3152
v  1.7795 -1.7126 -2.3152
v  1.7795 -1.7126 -2.4293
v  1.7599 -1.6653 -2.3152
v  1.7599 -1.6653 -2.4293
v  1.7126 -1.6457 -2.3152
v  1.6653 -1.6653 -2.3152
v  1.6457 -1.7126 -2.3152
v  1.6457 -1.7126 -2.4293
v  1.6653 -1.7599 -2.3152
v  1.6653 -1.7599 -2.4293
v  1.6870 -1.7126 -2.2871
v  1.6945 -1.7307 -2.2871
v  1.7126 -1.7382 -2.2871
v  1.7307 -1.7307 -2.2871
v  1.7382 -1.7126 -2.2871
v  1.7307 -1.6945 -2.2871
v  1.7126 -1.6870 -2.2871
v  1.6945 -1.6945 -2.2871
v  1.6870 -1.7126 -2.4411
v  1.6870 -1.7126 -2.4351
v  1.6810 -1.7126 -2.4411
v  1.6945 -1.7307 -2.4411
v  1.6903 -1.7349 -2.4411
v  1.6945 -1.7307 -2.4351
v  1.7126 -1.7382 -2.4411
v  1.7126 -1.7442 -2.4411
v  1.7126 -1.7382 -2.4351
v  1.7307 -1.7307 -2.4411
v  1.7349 -1.7349 -2.4411
v  1.7307 -1.7307 -2.4351
v  1.7382 -1.7126 -2.4411
v  1.7442 -1.7126 -2.4411
v  1.7382 -1.7126 -2.4351
v  1.7307 -1.6945 -2.4411
v  1.7349 -1.6903 -2.4411
v  1.7307 -1.6945 -2.4351
v  1.7126 -1.6870 -2.4411
v  1.7126 -1.6810 -2.4411
v  1.7126 -1.6870 -2.4351
v  1.6945 -1.6945 -2.4411
v  1.6903 -1.6903 -2.4411
v  1.6945 -1.6945 -2.4351
v  1.7778 -1.7126 -2.4354
v  1.7739 -1.7126 -2.4393
v  1.7126 -1.7738 -2.4393
v  1.7126 -1.7778 -2.4354
v  1.7559 -1.6693 -2.4393
v  1.7587 -1.6665 -2.4354
v  1.7126 -1.6514 -2.4393
v  1.7126 -1.6474 -2.4354
v  1.6693 -1.6693 -2.4393
v  1.6665 -1.6665 -2.4354
v  1.6514 -1.7126 -2.4393
v  1.6474 -1.7126 -2.4354
v  1.6693 -1.7559 -2.4393
v  1.6665 -1.7587 -2.4354
v  1.7587 -1.7587 -2.4354
v  1.7559 -1.7559 -2.4393
v  1.6736 -2.8933 -2.4411
v  1.7516 -2.8933 -2.4411
v  1.7677 -2.8543 -2.4411
v  1.7516 -2.8154 -2.4411
v  1.7126 -2.7992 -2.4411
v  1.6736 -2.8154 -2.4411
v  1.6575 -2.8543 -2.4411
v  1.7126 -2.9094 -2.4411
v  1.6653 -2.8070 -2.4293
v  1.7126 -2.7874 -2.4293
v  1.7599 -2.9017 -2.4293
v  1.7126 -2.9213 -2.4293
v  1.7126 -2.9213 -2.3152
v  1.7599 -2.9017 -2.3152
v  1.7795 -2.8543 -2.3152
v  1.7795 -2.8543 -2.4293
v  1.7599 -2.8070 -2.3152
v  1.7599 -2.8070 -2.4293
v  1.7126 -2.7874 -2.3152
v  1.6653 -2.8070 -2.3152
v  1.6457 -2.8543 -2.3152
v  1.6457 -2.8543 -2.4293
v  1.6653 -2.9017 -2.3152
v  1.6653 -2.9017 -2.4293
v  1.6870 -2.8543 -2.2871
v  1.6945 -2.8724 -2.2871
v  1.7126 -2.8799 -2.2871
v  1.7307 -2.8724 -2.2871
v  1.7382 -2.8543 -2.2871
v  1.7307 -2.8362 -2.2871
v  1.7126 -2.8287 -2.2871
v  1.6945 -2.8362 -2.2871
v  1.6870 -2.8543 -2.4411
v  1.6870 -2.8543 -2.4351
v  1.6810 -2.8543 -2.4411
v  1.6945 -2.8724 -2.4411
v  1.6903 -2.8767 -2.4411
v  1.6945 -2.8724 -2.4351
v  1.7126 -2.8799 -2.4411
v  1.7126 -2.8859 -2.4411
v  1.7126 -2.8799 -2.4351
v  1.7307 -2.8724 -2.4411
v  1.7349 -2.8767 -2.4411
v  1.7307 -2.8724 -2.4351
v  1.7382 -2.8543 -2.4411
v  1.7442 -2.8543 -2.4411
v  1.7382 -2.8543 -2.4351
v  1.7307 -2.8362 -2.4411
v  1.7349 -2.8320 -2.4411
v  1.7307 -2.8362 -2.4351
v  1.7126 -2.8287 -2.4411
v  1.7126 -2.8227 -2.4411
v  1.7126 -2.8287 -2.4351
v  1.6945 -2.8362 -2.4411
v  1.6903 -2.8320 -2.4411
v  1.6945 -2.8362 -2.4351
v  1.7778 -2.8543 -2.4354
v  1.7739 -2.8543 -2.4393
v  1.7126 -2.9156 -2.4393
v  1.7126 -2.9195 -2.4354
v  1.7559 -2.8110 -2.4393
v  1.7587 -2.8082 -2.4354
v  1.7126 -2.7931 -2.4393
v  1.7126 -2.7892 -2.4354
v  1.6693 -2.8110 -2.4393
v  1.6665 -2.8082 -2.4354
v  1.6514 -2.8543 -2.4393
v  1.6474 -2.8543 -2.4354
v  1.6693 -2.8976 -2.4393
v  1.6665 -2.9004 -2.4354
v  1.7587 -2.9004 -2.4354
v  1.7559 -2.8976 -2.4393
v  1.6736 -4.0350 -2.4411
v  1.7516 -4.0350 -2.4411
v  1.7677 -3.9961 -2.4411
v  1.7516 -3.9571 -2.4411
v  1.7126 -3.9409 -2.4411
v  1.6736 -3.9571 -2.4411
v  1.6575 -3.9961 -2.4411
v  1.7126 -4.0512 -2.4411
v  1.6653 -3.9487 -2.4293
v  1.7126 -3.9291 -2.4293
v  1.7599 -4.0434 -2.4293
v  1.7126 -4.0630 -2.4293
v  1.7126 -4.0630 -2.3152
v  1.7599 -4.0434 -2.3152
v  1.7795 -3.9961 -2.3152
v  1.7795 -3.9961 -2.4293
v  1.7599 -3.9487 -2.3152
v  1.7599 -3.9487 -2.4293
v  1.7126 -3.9291 -2.3152
v  1.6653 -3.9487 -2.3152
v  1.6457 -3.9961 -2.3152
v  1.6457 -3.9961 -2.4293
v  1.6653 -4.0434 -2.3152
v  1.6653 -4.0434 -2.4293
v  1.6870 -3.9961 -2.2871
v  1.6945 -4.0142 -2.2871
v  1.7126 -4.0217 -2.2871
v  1.7307 -4.0142 -2.2871
v  1.7382 -3.9961 -2.2871
v  1.7307 -3.9780 -2.2871
v  1.7126 -3.9705 -2.2871
v  1.6945 -3.9780 -2.2871
v  1.6870 -3.9961 -2.4411
v  1.6870 -3.9961 -2.4351
v  1.6810 -3.9961 -2.4411
v  1.6945 -4.0142 -2.4411
v  1.6903 -4.0184 -2.4411
v  1.6945 -4.0142 -2.4351
v  1.7126 -4.0217 -2.4411
v  1.7126 -4.0277 -2.4411
v  1.7126 -4.0217 -2.4351
v  1.7307 -4.0142 -2.4411
v  1.7349 -4.0184 -2.4411
v  1.7307 -4.0142 -2.4351
v  1.7382 -3.9961 -2.4411
v  1.7442 -3.9961 -2.4411
v  1.7382 -3.9961 -2.4351
v  1.7307 -3.9780 -2.4411
v  1.7349 -3.9737 -2.4411
v  1.7307 -3.9780 -2.4351
v  1.7126 -3.9705 -2.4411
v  1.7126 -3.9645 -2.4411
v  1.7126 -3.9705 -2.4351
v  1.6945 -3.9780 -2.4411
v  1.6903 -3.9737 -2.4411
v  1.6945 -3.9780 -2.4351
v  1.7778 -3.9961 -2.4354
v  1.7739 -3.9961 -2.4393
v  1.7126 -4.0573 -2.4393
v  1.7126 -4.0612 -2.4354
v  1.7559 -3.9528 -2.4393
v  1.7587 -3.9500 -2.4354
v  1.7126 -3.9348 -2.4393
v  1.7126 -3.9309 -2.4354
v  1.6693 -3.9528 -2.4393
v  1.6665 -3.9500 -2.4354
v  1.6514 -3.9961 -2.4393
v  1.6474 -3.9961 -2.4354
v  1.6693 -4.0394 -2.4393
v  1.6665 -4.0422 -2.4354
v  1.7587 -4.0421 -2.4354
v  1.7559 -4.0394 -2.4393
v  1.6736 -5.1768 -2.4411
v  1.7516 -5.1768 -2.4411
v  1.7677 -5.1378 -2.4411
v  1.7516 -5.0988 -2.4411
v  1.7126 -5.0827 -2.4411
v  1.6736 -5.0988 -2.4411
v  1.6575 -5.1378 -2.4411
v  1.7126 -5.1929 -2.4411
v  1.6653 -5.0905 -2.4293
v  1.7126 -5.0709 -2.4293
v  1.7599 -5.1851 -2.4293
v  1.7126 -5.2047 -2.4293
v  1.7126 -5.2047 -2.3152
v  1.7599 -5.1851 -2.3152
v  1.7795 -5.1378 -2.3152
v  1.7795 -5.1378 -2.4293
v  1.7599 -5.0905 -2.3152
v  1.7599 -5.0905 -2.4293
v  1.7126 -5.0709 -2.3152
v  1.6653 -5.0905 -2.3152
v  1.6457 -5.1378 -2.3152
v  1.6457 -5.1378 -2.4293
v  1.6653 -5.1851 -2.3152
v  1.6653 -5.1851 -2.4293
v  1.6870 -5.1378 -2.2871
v  1.6945 -5.1559 -2.2871
v  1.7126 -5.1634 -2.2871
v  1.7307 -5.1559 -2.2871
v  1.7382 -5.1378 -2.2871
v  1.7307 -5.1197 -2.2871
v  1.7126 -5.1122 -2.2871
v  1.6945 -5.1197 -2.2871
v  1.6870 -5.1378 -2.4411
v  1.6870 -5.1378 -2.4351
v  1.6810 -5.1378 -2.4411
v  1.6945 -5.1559 -2.4411
v  1.6903 -5.1601 -2.4411
v  1.6945 -5.1559 -2.4351
v  1.7126 -5.1634 -2.4411
v  1.7126 -5.1694 -2.4411
v  1.7126 -5.1634 -2.4351
v  1.7307 -5.1559 -2.4411
v  1.7349 -5.1601 -2.4411
v  1.7307 -5.1559 -2.4351
v  1.7382 -5.1378 -2.4411
v  1.7442 -5.1378 -2.4411
v  1.7382 -5.1378 -2.4351
v  1.7307 -5.1197 -2.4411
v  1.7349 -5.1155 -2.4411
v  1.7307 -5.1197 -2.4351
v  1.7126 -5.1122 -2.4411
v  1.7126 -5.1062 -2.4411
v  1.7126 -5.1122 -2.4351
v  1.6945 -5.1197 -2.4411
v  1.6903 -5.1155 -2.4411
v  1.6945 -5.1197 -2.4351
v  1.7778 -5.1378 -2.4354
v  1.7739 -5.1378 -2.4393
v  1.7126 -5.1990 -2.4393
v  1.7126 -5.2030 -2.4354
v  1.7559 -5.0945 -2.4393
v  1.7587 -5.0917 -2.4354
v  1.7126 -5.0766 -2.4393
v  1.7126 -5.0726 -2.4354
v  1.6693 -5.0945 -2.4393
v  1.6665 -5.0917 -2.4354
v  1.6514 -5.1378 -2.4393
v  1.6474 -5.1378 -2.4354
v  1.6693 -5.1811 -2.4393
v  1.6665 -5.1839 -2.4354
v  1.7587 -5.1839 -2.4354
v  1.7559 -5.1811 -2.4393
v  2.8154 -6.3185 -2.4411
v  2.8933 -6.3185 -2.4411
v  2.9095 -6.2795 -2.4411
v  2.8933 -6.2406 -2.4411
v  2.8543 -6.2244 -2.4411
v  2.8154 -6.2406 -2.4411
v  2.7992 -6.2795 -2.4411
v  2.8543 -6.3346 -2.4411
v  2.8070 -6.2322 -2.4293
v  2.8543 -6.2126 -2.4293
v  2.9017 -6.3269 -2.4293
v  2.8543 -6.3465 -2.4293
v  2.8543 -6.3465 -2.3152
v  2.9017 -6.3269 -2.3152
v  2.9213 -6.2795 -2.3152
v  2.9213 -6.2795 -2.4293
v  2.9017 -6.2322 -2.3152
v  2.9017 -6.2322 -2.4293
v  2.8543 -6.2126 -2.3152
v  2.8070 -6.2322 -2.3152
v  2.7874 -6.2795 -2.3152
v  2.7874 -6.2795 -2.4293
v  2.8070 -6.3269 -2.3152
v  2.8070 -6.3269 -2.4293
v  2.8287 -6.2795 -2.2871
v  2.8362 -6.2976 -2.2871
v  2.8543 -6.3051 -2.2871
v  2.8724 -6.2976 -2.2871
v  2.8799 -6.2795 -2.2871
v  2.8724 -6.2614 -2.2871
v  2.8543 -6.2539 -2.2871
v  2.8362 -6.2614 -2.2871
v  2.8287 -6.2795 -2.4411
v  2.8287 -6.2795 -2.4351
v  2.8227 -6.2795 -2.4411
v  2.8362 -6.2976 -2.4411
v  2.8320 -6.3019 -2.4411
v  2.8362 -6.2976 -2.4351
v  2.8543 -6.3051 -2.4411
v  2.8543 -6.3111 -2.4411
v  2.8543 -6.3051 -2.4351
v  2.8724 -6.2976 -2.4411
v  2.8767 -6.3019 -2.4411
v  2.8724 -6.2976 -2.4351
v  2.8799 -6.2795 -2.4411
v  2.8859 -6.2795 -2.4411
v  2.8799 -6.2795 -2.4351
v  2.8724 -6.2614 -2.4411
v  2.8767 -6.2572 -2.4411
v  2.8724 -6.2614 -2.4351
v  2.8543 -6.2539 -2.4411
v  2.8543 -6.2479 -2.4411
v  2.8543 -6.2539 -2.4351
v  2.8362 -6.2614 -2.4411
v  2.8320 -6.2572 -2.4411
v  2.8362 -6.2614 -2.4351
v  2.9195 -6.2795 -2.4354
v  2.9156 -6.2795 -2.4393
v  2.8543 -6.3408 -2.4393
v  2.8543 -6.3447 -2.4354
v  2.8976 -6.2362 -2.4393
v  2.9004 -6.2334 -2.4354
v  2.8543 -6.2183 -2.4393
v  2.8543 -6.2143 -2.4354
v  2.8110 -6.2362 -2.4393
v  2.8083 -6.2334 -2.4354
v  2.7931 -6.2795 -2.4393
v  2.7892 -6.2795 -2.4354
v  2.8110 -6.3228 -2.4393
v  2.8083 -6.3256 -2.4354
v  2.9004 -6.3256 -2.4354
v  2.8976 -6.3228 -2.4393
v  2.8154 6.2405 -2.4411
v  2.8933 6.2405 -2.4411
v  2.9094 6.2795 -2.4411
v  2.8933 6.3185 -2.4411
v  2.8543 6.3346 -2.4411
v  2.8154 6.3185 -2.4411
v  2.7992 6.2795 -2.4411
v  2.8543 6.2244 -2.4411
v  2.8070 6.3269 -2.4293
v  2.8543 6.3465 -2.4293
v  2.9017 6.2322 -2.4293
v  2.8543 6.2126 -2.4293
v  2.8543 6.2126 -2.3152
v  2.9017 6.2322 -2.3152
v  2.9213 6.2795 -2.3152
v  2.9213 6.2795 -2.4293
v  2.9017 6.3269 -2.3152
v  2.9017 6.3269 -2.4293
v  2.8543 6.3465 -2.3152
v  2.8070 6.3269 -2.3152
v  2.7874 6.2795 -2.3152
v  2.7874 6.2795 -2.4293
v  2.8070 6.2322 -2.3152
v  2.8070 6.2322 -2.4293
v  2.8287 6.2795 -2.2871
v  2.8362 6.2614 -2.2871
v  2.8543 6.2539 -2.2871
v  2.8724 6.2614 -2.2871
v  2.8799 6.2795 -2.2871
v  2.8724 6.2976 -2.2871
v  2.8543 6.3051 -2.2871
v  2.8362 6.2976 -2.2871
v  2.8287 6.2795 -2.4411
v  2.8287 6.2795 -2.4351
v  2.8227 6.2795 -2.4411
v  2.8362 6.2614 -2.4411
v  2.8320 6.2572 -2.4411
v  2.8362 6.2614 -2.4351
v  2.8543 6.2539 -2.4411
v  2.8543 6.2479 -2.4411
v  2.8543 6.2539 -2.4351
v  2.8724 6.2614 -2.4411
v  2.8767 6.2572 -2.4411
v  2.8724 6.2614 -2.4351
v  2.8799 6.2795 -2.4411
v  2.8859 6.2795 -2.4411
v  2.8799 6.2795 -2.4351
v  2.8724 6.2976 -2.4411
v  2.8767 6.3019 -2.4411
v  2.8724 6.2976 -2.4351
v  2.8543 6.3051 -2.4411
v  2.8543 6.3111 -2.4411
v  2.8543 6.3051 -2.4351
v  2.8362 6.2976 -2.4411
v  2.8320 6.3019 -2.4411
v  2.8362 6.2976 -2.4351
v  2.9195 6.2795 -2.4354
v  2.9156 6.2795 -2.4393
v  2.8543 6.2183 -2.4393
v  2.8543 6.2143 -2.4354
v  2.8976 6.3228 -2.4393
v  2.9004 6.3256 -2.4354
v  2.8543 6.3408 -2.4393
v  2.8543 6.3447 -2.4354
v  2.8110 6.3228 -2.4393
v  2.8082 6.3256 -2.4354
v  2.7931 6.2795 -2.4393
v  2.7892 6.2795 -2.4354
v  2.8110 6.2362 -2.4393
v  2.8083 6.2334 -2.4354
v  2.9004 6.2334 -2.4354
v  2.8976 6.2362 -2.4393
v  2.8154 5.0988 -2.4411
v  2.8933 5.0988 -2.4411
v  2.9094 5.1378 -2.4411
v  2.8933 5.1768 -2.4411
v  2.8543 5.1929 -2.4411
v  2.8154 5.1768 -2.4411
v  2.7992 5.1378 -2.4411
v  2.8543 5.0827 -2.4411
v  2.8070 5.1851 -2.4293
v  2.8543 5.2047 -2.4293
v  2.9017 5.0905 -2.4293
v  2.8543 5.0709 -2.4293
v  2.8543 5.0709 -2.3152
v  2.9017 5.0905 -2.3152
v  2.9213 5.1378 -2.3152
v  2.9213 5.1378 -2.4293
v  2.9017 5.1851 -2.3152
v  2.9017 5.1851 -2.4293
v  2.8543 5.2047 -2.3152
v  2.8070 5.1851 -2.3152
v  2.7874 5.1378 -2.3152
v  2.7874 5.1378 -2.4293
v  2.8070 5.0905 -2.3152
v  2.8070 5.0905 -2.4293
v  2.8287 5.1378 -2.2871
v  2.8362 5.1197 -2.2871
v  2.8543 5.1122 -2.2871
v  2.8724 5.1197 -2.2871
v  2.8799 5.1378 -2.2871
v  2.8724 5.1559 -2.2871
v  2.8543 5.1634 -2.2871
v  2.8362 5.1559 -2.2871
v  2.8287 5.1378 -2.4411
v  2.8287 5.1378 -2.4351
v  2.8227 5.1378 -2.4411
v  2.8362 5.1197 -2.4411
v  2.8320 5.1155 -2.4411
v  2.8362 5.1197 -2.4351
v  2.8543 5.1122 -2.4411
v  2.8543 5.1062 -2.4411
v  2.8543 5.1122 -2.4351
v  2.8724 5.1197 -2.4411
v  2.8767 5.1155 -2.4411
v  2.8724 5.1197 -2.4351
v  2.8799 5.1378 -2.4411
v  2.8859 5.1378 -2.4411
v  2.8799 5.1378 -2.4351
v  2.8724 5.1559 -2.4411
v  2.8767 5.1601 -2.4411
v  2.8724 5.1559 -2.4351
v  2.8543 5.1634 -2.4411
v  2.8543 5.1694 -2.4411
v  2.8543 5.1634 -2.4351
v  2.8362 5.1559 -2.4411
v  2.8320 5.1601 -2.4411
v  2.8362 5.1559 -2.4351
v  2.9195 5.1378 -2.4354
v  2.9156 5.1378 -2.4393
v  2.8543 5.0765 -2.4393
v  2.8543 5.0726 -2.4354
v  2.8976 5.1811 -2.4393
v  2.9004 5.1839 -2.4354
v  2.8543 5.1990 -2.4393
v  2.8543 5.2030 -2.4354
v  2.8110 5.1811 -2.4393
v  2.8082 5.1839 -2.4354
v  2.7931 5.1378 -2.4393
v  2.7892 5.1378 -2.4354
v  2.8110 5.0945 -2.4393
v  2.8083 5.0917 -2.4354
v  2.9004 5.0917 -2.4354
v  2.8976 5.0945 -2.4393
v  2.8154 3.9571 -2.4411
v  2.8933 3.9571 -2.4411
v  2.9094 3.9961 -2.4411
v  2.8933 4.0350 -2.4411
v  2.8543 4.0512 -2.4411
v  2.8154 4.0350 -2.4411
v  2.7992 3.9961 -2.4411
v  2.8543 3.9409 -2.4411
v  2.8070 4.0434 -2.4293
v  2.8543 4.0630 -2.4293
v  2.9017 3.9487 -2.4293
v  2.8543 3.9291 -2.4293
v  2.8543 3.9291 -2.3152
v  2.9017 3.9487 -2.3152
v  2.9213 3.9961 -2.3152
v  2.9213 3.9961 -2.4293
v  2.9017 4.0434 -2.3152
v  2.9017 4.0434 -2.4293
v  2.8543 4.0630 -2.3152
v  2.8070 4.0434 -2.3152
v  2.7874 3.9961 -2.3152
v  2.7874 3.9961 -2.4293
v  2.8070 3.9487 -2.3152
v  2.8070 3.9487 -2.4293
v  2.8287 3.9961 -2.2871
v  2.8362 3.9780 -2.2871
v  2.8543 3.9705 -2.2871
v  2.8724 3.9780 -2.2871
v  2.8799 3.9961 -2.2871
v  2.8724 4.0142 -2.2871
v  2.8543 4.0216 -2.2871
v  2.8362 4.0142 -2.2871
v  2.8287 3.9961 -2.4411
v  2.8287 3.9961 -2.4351
v  2.8227 3.9961 -2.4411
v  2.8362 3.9780 -2.4411
v  2.8320 3.9737 -2.4411
v  2.8362 3.9780 -2.4351
v  2.8543 3.9705 -2.4411
v  2.8543 3.9645 -2.4411
v  2.8543 3.9705 -2.4351
v  2.8724 3.9780 -2.4411
v  2.8767 3.9737 -2.4411
v  2.8724 3.9780 -2.4351
v  2.8799 3.9961 -2.4411
v  2.8859 3.9961 -2.4411
v  2.8799 3.9961 -2.4351
v  2.8724 4.0142 -2.4411
v  2.8767 4.0184 -2.4411
v  2.8724 4.0142 -2.4351
v  2.8543 4.0216 -2.4411
v  2.8543 4.0276 -2.4411
v  2.8543 4.0216 -2.4351
v  2.8362 4.0142 -2.4411
v  2.8320 4.0184 -2.4411
v  2.8362 4.0142 -2.4351
v  2.9195 3.9961 -2.4354
v  2.9156 3.9961 -2.4393
v  2.8543 3.9348 -2.4393
v  2.8543 3.9309 -2.4354
v  2.8976 4.0394 -2.4393
v  2.9004 4.0421 -2.4354
v  2.8543 4.0573 -2.4393
v  2.8543 4.0612 -2.4354
v  2.8110 4.0394 -2.4393
v  2.8082 4.0421 -2.4354
v  2.7931 3.9961 -2.4393
v  2.7892 3.9961 -2.4354
v  2.8110 3.9528 -2.4393
v  2.8083 3.9500 -2.4354
v  2.9004 3.9500 -2.4354
v  2.8976 3.9528 -2.4393
v  2.8154 2.8154 -2.4411
v  2.8933 2.8154 -2.4411
v  2.9094 2.8543 -2.4411
v  2.8933 2.8933 -2.4411
v  2.8543 2.9094 -2.4411
v  2.8154 2.8933 -2.4411
v  2.7992 2.8543 -2.4411
v  2.8543 2.7992 -2.4411
v  2.8070 2.9017 -2.4293
v  2.8543 2.9213 -2.4293
v  2.9017 2.8070 -2.4293
v  2.8543 2.7874 -2.4293
v  2.8543 2.7874 -2.3152
v  2.9017 2.8070 -2.3152
v  2.9213 2.8543 -2.3152
v  2.9213 2.8543 -2.4293
v  2.9017 2.9017 -2.3152
v  2.9017 2.9017 -2.4293
v  2.8543 2.9213 -2.3152
v  2.8070 2.9017 -2.3152
v  2.7874 2.8543 -2.3152
v  2.7874 2.8543 -2.4293
v  2.8070 2.8070 -2.3152
v  2.8070 2.8070 -2.4293
v  2.8287 2.8543 -2.2871
v  2.8362 2.8362 -2.2871
v  2.8543 2.8287 -2.2871
v  2.8724 2.8362 -2.2871
v  2.8799 2.8543 -2.2871
v  2.8724 2.8724 -2.2871
v  2.8543 2.8799 -2.2871
v  2.8362 2.8724 -2.2871
v  2.8287 2.8543 -2.4411
v  2.8287 2.8543 -2.4351
v  2.8227 2.8543 -2.4411
v  2.8362 2.8362 -2.4411
v  2.8320 2.8320 -2.4411
v  2.8362 2.8362 -2.4351
v  2.8543 2.8287 -2.4411
v  2.8543 2.8227 -2.4411
v  2.8543 2.8287 -2.4351
v  2.8724 2.8362 -2.4411
v  2.8767 2.8320 -2.4411
v  2.8724 2.8362 -2.4351
v  2.8799 2.8543 -2.4411
v  2.8859 2.8543 -2.4411
v  2.8799 2.8543 -2.4351
v  2.8724 2.8724 -2.4411
v  2.8767 2.8767 -2.4411
v  2.8724 2.8724 -2.4351
v  2.8543 2.8799 -2.4411
v  2.8543 2.8859 -2.4411
v  2.8543 2.8799 -2.4351
v  2.8362 2.8724 -2.4411
v  2.8320 2.8767 -2.4411
v  2.8362 2.8724 -2.4351
v  2.9195 2.8543 -2.4354
v  2.9156 2.8543 -2.4393
v  2.8543 2.7931 -2.4393
v  2.8543 2.7891 -2.4354
v  2.8976 2.8976 -2.4393
v  2.9004 2.9004 -2.4354
v  2.8543 2.9156 -2.4393
v  2.8543 2.9195 -2.4354
v  2.8110 2.8976 -2.4393
v  2.8082 2.9004 -2.4354
v  2.7931 2.8543 -2.4393
v  2.7892 2.8543 -2.4354
v  2.8110 2.8110 -2.4393
v  2.8083 2.8082 -2.4354
v  2.9004 2.8082 -2.4354
v  2.8976 2.8110 -2.4393
v  2.8154 1.6736 -2.4411
v  2.8933 1.6736 -2.4411
v  2.9094 1.7126 -2.4411
v  2.8933 1.7516 -2.4411
v  2.8543 1.7677 -2.4411
v  2.8154 1.7516 -2.4411
v  2.7992 1.7126 -2.4411
v  2.8543 1.6575 -2.4411
v  2.8070 1.7599 -2.4293
v  2.8543 1.7795 -2.4293
v  2.9017 1.6653 -2.4293
v  2.8543 1.6457 -2.4293
v  2.8543 1.6457 -2.3152
v  2.9017 1.6653 -2.3152
v  2.9213 1.7126 -2.3152
v  2.9213 1.7126 -2.4293
v  2.9017 1.7599 -2.3152
v  2.9017 1.7599 -2.4293
v  2.8543 1.7795 -2.3152
v  2.8070 1.7599 -2.3152
v  2.7874 1.7126 -2.3152
v  2.7874 1.7126 -2.4293
v  2.8070 1.6653 -2.3152
v  2.8070 1.6653 -2.4293
v  2.8287 1.7126 -2.2871
v  2.8362 1.6945 -2.2871
v  2.8543 1.6870 -2.2871
v  2.8724 1.6945 -2.2871
v  2.8799 1.7126 -2.2871
v  2.8724 1.7307 -2.2871
v  2.8543 1.7382 -2.2871
v  2.8362 1.7307 -2.2871
v  2.8287 1.7126 -2.4411
v  2.8287 1.7126 -2.4351
v  2.8227 1.7126 -2.4411
v  2.8362 1.6945 -2.4411
v  2.8320 1.6903 -2.4411
v  2.8362 1.6945 -2.4351
v  2.8543 1.6870 -2.4411
v  2.8543 1.6810 -2.4411
v  2.8543 1.6870 -2.4351
v  2.8724 1.6945 -2.4411
v  2.8767 1.6903 -2.4411
v  2.8724 1.6945 -2.4351
v  2.8799 1.7126 -2.4411
v  2.8859 1.7126 -2.4411
v  2.8799 1.7126 -2.4351
v  2.8724 1.7307 -2.4411
v  2.8767 1.7349 -2.4411
v  2.8724 1.7307 -2.4351
v  2.8543 1.7382 -2.4411
v  2.8543 1.7442 -2.4411
v  2.8543 1.7382 -2.4351
v  2.8362 1.7307 -2.4411
v  2.8320 1.7349 -2.4411
v  2.8362 1.7307 -2.4351
v  2.9195 1.7126 -2.4354
v  2.9156 1.7126 -2.4393
v  2.8543 1.6514 -2.4393
v  2.8543 1.6474 -2.4354
v  2.8976 1.7559 -2.4393
v  2.9004 1.7587 -2.4354
v  2.8543 1.7738 -2.4393
v  2.8543 1.7778 -2.4354
v  2.8110 1.7559 -2.4393
v  2.8082 1.7587 -2.4354
v  2.7931 1.7126 -2.4393
v  2.7892 1.7126 -2.4354
v  2.8110 1.6693 -2.4393
v  2.8083 1.6665 -2.4354
v  2.9004 1.6665 -2.4354
v  2.8976 1.6693 -2.4393
v  2.8154 0.5319 -2.4411
v  2.8933 0.5319 -2.4411
v  2.9095 0.5709 -2.4411
v  2.8933 0.6098 -2.4411
v  2.8543 0.6260 -2.4411
v  2.8154 0.6098 -2.4411
v  2.7992 0.5709 -2.4411
v  2.8543 0.5157 -2.4411
v  2.8070 0.6182 -2.4293
v  2.8543 0.6378 -2.4293
v  2.9017 0.5235 -2.4293
v  2.8543 0.5039 -2.4293
v  2.8543 0.5039 -2.3152
v  2.9017 0.5235 -2.3152
v  2.9213 0.5709 -2.3152
v  2.9213 0.5709 -2.4293
v  2.9017 0.6182 -2.3152
v  2.9017 0.6182 -2.4293
v  2.8543 0.6378 -2.3152
v  2.8070 0.6182 -2.3152
v  2.7874 0.5709 -2.3152
v  2.7874 0.5709 -2.4293
v  2.8070 0.5235 -2.3152
v  2.8070 0.5235 -2.4293
v  2.8287 0.5709 -2.2871
v  2.8362 0.5528 -2.2871
v  2.8543 0.5453 -2.2871
v  2.8724 0.5528 -2.2871
v  2.8799 0.5709 -2.2871
v  2.8724 0.5890 -2.2871
v  2.8543 0.5965 -2.2871
v  2.8362 0.5890 -2.2871
v  2.8287 0.5709 -2.4411
v  2.8287 0.5709 -2.4351
v  2.8227 0.5709 -2.4411
v  2.8362 0.5528 -2.4411
v  2.8320 0.5485 -2.4411
v  2.8362 0.5528 -2.4351
v  2.8543 0.5453 -2.4411
v  2.8543 0.5393 -2.4411
v  2.8543 0.5453 -2.4351
v  2.8724 0.5528 -2.4411
v  2.8767 0.5485 -2.4411
v  2.8724 0.5528 -2.4351
v  2.8799 0.5709 -2.4411
v  2.8859 0.5709 -2.4411
v  2.8799 0.5709 -2.4351
v  2.8724 0.5890 -2.4411
v  2.8767 0.5932 -2.4411
v  2.8724 0.5890 -2.4351
v  2.8543 0.5965 -2.4411
v  2.8543 0.6025 -2.4411
v  2.8543 0.5965 -2.4351
v  2.8362 0.5890 -2.4411
v  2.8320 0.5932 -2.4411
v  2.8362 0.5890 -2.4351
v  2.9195 0.5709 -2.4354
v  2.9156 0.5709 -2.4393
v  2.8543 0.5096 -2.4393
v  2.8543 0.5057 -2.4354
v  2.8976 0.6142 -2.4393
v  2.9004 0.6170 -2.4354
v  2.8543 0.6321 -2.4393
v  2.8543 0.6360 -2.4354
v  2.8110 0.6142 -2.4393
v  2.8082 0.6170 -2.4354
v  2.7931 0.5709 -2.4393
v  2.7892 0.5709 -2.4354
v  2.8110 0.5276 -2.4393
v  2.8083 0.5248 -2.4354
v  2.9004 0.5248 -2.4354
v  2.8976 0.5276 -2.4393
v  2.8154 -0.6098 -2.4411
v  2.8933 -0.6098 -2.4411
v  2.9095 -0.5709 -2.4411
v  2.8933 -0.5319 -2.4411
v  2.8543 -0.5157 -2.4411
v  2.8154 -0.5319 -2.4411
v  2.7992 -0.5709 -2.4411
v  2.8543 -0.6260 -2.4411
v  2.8070 -0.5235 -2.4293
v  2.8543 -0.5039 -2.4293
v  2.9017 -0.6182 -2.4293
v  2.8543 -0.6378 -2.4293
v  2.8543 -0.6378 -2.3152
v  2.9017 -0.6182 -2.3152
v  2.9213 -0.5709 -2.3152
v  2.9213 -0.5709 -2.4293
v  2.9017 -0.5235 -2.3152
v  2.9017 -0.5235 -2.4293
v  2.8543 -0.5039 -2.3152
v  2.8070 -0.5235 -2.3152
v  2.7874 -0.5709 -2.3152
v  2.7874 -0.5709 -2.4293
v  2.8070 -0.6182 -2.3152
v  2.8070 -0.6182 -2.4293
v  2.8287 -0.5709 -2.2871
v  2.8362 -0.5890 -2.2871
v  2.8543 -0.5965 -2.2871
v  2.8724 -0.5890 -2.2871
v  2.8799 -0.5709 -2.2871
v  2.8724 -0.5528 -2.2871
v  2.8543 -0.5453 -2.2871
v  2.8362 -0.5528 -2.2871
v  2.8287 -0.5709 -2.4411
v  2.8287 -0.5709 -2.4351
v  2.8227 -0.5709 -2.4411
v  2.8362 -0.5890 -2.4411
v  2.8320 -0.5932 -2.4411
v  2.8362 -0.5890 -2.4351
v  2.8543 -0.5965 -2.4411
v  2.8543 -0.6025 -2.4411
v  2.8543 -0.5965 -2.4351
v  2.8724 -0.5890 -2.4411
v  2.8767 -0.5932 -2.4411
v  2.8724 -0.5890 -2.4351
v  2.8799 -0.5709 -2.4411
v  2.8859 -0.5709 -2.4411
v  2.8799 -0.5709 -2.4351
v  2.8724 -0.5528 -2.4411
v  2.8767 -0.5485 -2.4411
v  2.8724 -0.5528 -2.4351
v  2.8543 -0.5453 -2.4411
v  2.8543 -0.5393 -2.4411
v  2.8543 -0.5453 -2.4351
v  2.8362 -0.5528 -2.4411
v  2.8320 -0.5485 -2.4411
v  2.8362 -0.5528 -2.4351
v  2.9195 -0.5709 -2.4354
v  2.9156 -0.5709 -2.4393
v  2.8543 -0.6321 -2.4393
v  2.8543 -0.6360 -2.4354
v  2.8976 -0.5276 -2.4393
v  2.9004 -0.5248 -2.4354
v  2.8543 -0.5096 -2.4393
v  2.8543 -0.5057 -2.4354
v  2.8110 -0.5276 -2.4393
v  2.8082 -0.5248 -2.4354
v  2.7931 -0.5709 -2.4393
v  2.7892 -0.5709 -2.4354
v  2.8110 -0.6142 -2.4393
v  2.8083 -0.6170 -2.4354
v  2.9004 -0.6170 -2.4354
v  2.8976 -0.6142 -2.4393
v  2.8154 -1.7516 -2.4411
v  2.8933 -1.7516 -2.4411
v  2.9095 -1.7126 -2.4411
v  2.8933 -1.6736 -2.4411
v  2.8543 -1.6575 -2.4411
v  2.8154 -1.6736 -2.4411
v  2.7992 -1.7126 -2.4411
v  2.8543 -1.7677 -2.4411
v  2.8070 -1.6653 -2.4293
v  2.8543 -1.6457 -2.4293
v  2.9017 -1.7599 -2.4293
v  2.8543 -1.7795 -2.4293
v  2.8543 -1.7795 -2.3152
v  2.9017 -1.7599 -2.3152
v  2.9213 -1.7126 -2.3152
v  2.9213 -1.7126 -2.4293
v  2.9017 -1.6653 -2.3152
v  2.9017 -1.6653 -2.4293
v  2.8543 -1.6457 -2.3152
v  2.8070 -1.6653 -2.3152
v  2.7874 -1.7126 -2.3152
v  2.7874 -1.7126 -2.4293
v  2.8070 -1.7599 -2.3152
v  2.8070 -1.7599 -2.4293
v  2.8287 -1.7126 -2.2871
v  2.8362 -1.7307 -2.2871
v  2.8543 -1.7382 -2.2871
v  2.8724 -1.7307 -2.2871
v  2.8799 -1.7126 -2.2871
v  2.8724 -1.6945 -2.2871
v  2.8543 -1.6870 -2.2871
v  2.8362 -1.6945 -2.2871
v  2.8287 -1.7126 -2.4411
v  2.8287 -1.7126 -2.4351
v  2.8227 -1.7126 -2.4411
v  2.8362 -1.7307 -2.4411
v  2.8320 -1.7349 -2.4411
v  2.8362 -1.7307 -2.4351
v  2.8543 -1.7382 -2.4411
v  2.8543 -1.7442 -2.4411
v  2.8543 -1.7382 -2.4351
v  2.8724 -1.7307 -2.4411
v  2.8767 -1.7349 -2.4411
v  2.8724 -1.7307 -2.4351
v  2.8799 -1.7126 -2.4411
v  2.8859 -1.7126 -2.4411
v  2.8799 -1.7126 -2.4351
v  2.8724 -1.6945 -2.4411
v  2.8767 -1.6903 -2.4411
v  2.8724 -1.6945 -2.4351
v  2.8543 -1.6870 -2.4411
v  2.8543 -1.6810 -2.4411
v  2.8543 -1.6870 -2.4351
v  2.8362 -1.6945 -2.4411
v  2.8320 -1.6903 -2.4411
v  2.8362 -1.6945 -2.4351
v  2.9195 -1.7126 -2.4354
v  2.9156 -1.7126 -2.4393
v  2.8543 -1.7738 -2.4393
v  2.8543 -1.7778 -2.4354
v  2.8976 -1.6693 -2.4393
v  2.9004 -1.6665 -2.4354
v  2.8543 -1.6514 -2.4393
v  2.8543 -1.6474 -2.4354
v  2.8110 -1.6693 -2.4393
v  2.8082 -1.6665 -2.4354
v  2.7931 -1.7126 -2.4393
v  2.7892 -1.7126 -2.4354
v  2.8110 -1.7559 -2.4393
v  2.8083 -1.7587 -2.4354
v  2.9004 -1.7587 -2.4354
v  2.8976 -1.7559 -2.4393
v  2.8154 -2.8933 -2.4411
v  2.8933 -2.8933 -2.4411
v  2.9095 -2.8543 -2.4411
v  2.8933 -2.8154 -2.4411
v  2.8543 -2.7992 -2.4411
v  2.8154 -2.8154 -2.4411
v  2.7992 -2.8543 -2.4411
v  2.8543 -2.9094 -2.4411
v  2.8070 -2.8070 -2.4293
v  2.8543 -2.7874 -2.4293
v  2.9017 -2.9017 -2.4293
v  2.8543 -2.9213 -2.4293
v  2.8543 -2.9213 -2.3152
v  2.9017 -2.9017 -2.3152
v  2.9213 -2.8543 -2.3152
v  2.9213 -2.8543 -2.4293
v  2.9017 -2.8070 -2.3152
v  2.9017 -2.8070 -2.4293
v  2.8543 -2.7874 -2.3152
v  2.8070 -2.8070 -2.3152
v  2.7874 -2.8543 -2.3152
v  2.7874 -2.8543 -2.4293
v  2.8070 -2.9017 -2.3152
v  2.8070 -2.9017 -2.4293
v  2.8287 -2.8543 -2.2871
v  2.8362 -2.8724 -2.2871
v  2.8543 -2.8799 -2.2871
v  2.8724 -2.8724 -2.2871
v  2.8799 -2.8543 -2.2871
v  2.8724 -2.8362 -2.2871
v  2.8543 -2.8287 -2.2871
v  2.8362 -2.8362 -2.2871
v  2.8287 -2.8543 -2.4411
v  2.8287 -2.8543 -2.4351
v  2.8227 -2.8543 -2.4411
v  2.8362 -2.8724 -2.4411
v  2.8320 -2.8767 -2.4411
v  2.8362 -2.8724 -2.4351
v  2.8543 -2.8799 -2.4411
v  2.8543 -2.8859 -2.4411
v  2.8543 -2.8799 -2.4351
v  2.8724 -2.8724 -2.4411
v  2.8767 -2.8767 -2.4411
v  2.8724 -2.8724 -2.4351
v  2.8799 -2.8543 -2.4411
v  2.8859 -2.8543 -2.4411
v  2.8799 -2.8543 -2.4351
v  2.8724 -2.8362 -2.4411
v  2.8767 -2.8320 -2.4411
v  2.8724 -2.8362 -2.4351
v  2.8543 -2.8287 -2.4411
v  2.8543 -2.8227 -2.4411
v  2.8543 -2.8287 -2.4351
v  2.8362 -2.8362 -2.4411
v  2.8320 -2.8320 -2.4411
v  2.8362 -2.8362 -2.4351
v  2.9195 -2.8543 -2.4354
v  2.9156 -2.8543 -2.4393
v  2.8543 -2.9156 -2.4393
v  2.8543 -2.9195 -2.4354
v  2.8976 -2.8110 -2.4393
v  2.9004 -2.8082 -2.4354
v  2.8543 -2.7931 -2.4393
v  2.8543 -2.7892 -2.4354
v  2.8110 -2.8110 -2.4393
v  2.8082 -2.8082 -2.4354
v  2.7931 -2.8543 -2.4393
v  2.7892 -2.8543 -2.4354
v  2.8110 -2.8976 -2.4393
v  2.8083 -2.9004 -2.4354
v  2.9004 -2.9004 -2.4354
v  2.8976 -2.8976 -2.4393
v  2.8154 -4.0350 -2.4411
v  2.8933 -4.0350 -2.4411
v  2.9095 -3.9961 -2.4411
v  2.8933 -3.9571 -2.4411
v  2.8543 -3.9409 -2.4411
v  2.8154 -3.9571 -2.4411
v  2.7992 -3.9961 -2.4411
v  2.8543 -4.0512 -2.4411
v  2.8070 -3.9487 -2.4293
v  2.8543 -3.9291 -2.4293
v  2.9017 -4.0434 -2.4293
v  2.8543 -4.0630 -2.4293
v  2.8543 -4.0630 -2.3152
v  2.9017 -4.0434 -2.3152
v  2.9213 -3.9961 -2.3152
v  2.9213 -3.9961 -2.4293
v  2.9017 -3.9487 -2.3152
v  2.9017 -3.9487 -2.4293
v  2.8543 -3.9291 -2.3152
v  2.8070 -3.9487 -2.3152
v  2.7874 -3.9961 -2.3152
v  2.7874 -3.9961 -2.4293
v  2.8070 -4.0434 -2.3152
v  2.8070 -4.0434 -2.4293
v  2.8287 -3.9961 -2.2871
v  2.8362 -4.0142 -2.2871
v  2.8543 -4.0217 -2.2871
v  2.8724 -4.0142 -2.2871
v  2.8799 -3.9961 -2.2871
v  2.8724 -3.9780 -2.2871
v  2.8543 -3.9705 -2.2871
v  2.8362 -3.9780 -2.2871
v  2.8287 -3.9961 -2.4411
v  2.8287 -3.9961 -2.4351
v  2.8227 -3.9961 -2.4411
v  2.8362 -4.0142 -2.4411
v  2.8320 -4.0184 -2.4411
v  2.8362 -4.0142 -2.4351
v  2.8543 -4.0217 -2.4411
v  2.8543 -4.0277 -2.4411
v  2.8543 -4.0217 -2.4351
v  2.8724 -4.0142 -2.4411
v  2.8767 -4.0184 -2.4411
v  2.8724 -4.0142 -2.4351
v  2.8799 -3.9961 -2.4411
v  2.8859 -3.9961 -2.4411
v  2.8799 -3.9961 -2.4351
v  2.8724 -3.9780 -2.4411
v  2.8767 -3.9737 -2.4411
v  2.8724 -3.9780 -2.4351
v  2.8543 -3.9705 -2.4411
v  2.8543 -3.9645 -2.4411
v  2.8543 -3.9705 -2.4351
v  2.8362 -3.9780 -2.4411
v  2.8320 -3.9737 -2.4411
v  2.8362 -3.9780 -2.4351
v  2.9195 -3.9961 -2.4354
v  2.9156 -3.9961 -2.4393
v  2.8543 -4.0573 -2.4393
v  2.8543 -4.0612 -2.4354
v  2.8976 -3.9528 -2.4393
v  2.9004 -3.9500 -2.4354
v  2.8543 -3.9348 -2.4393
v  2.8543 -3.9309 -2.4354
v  2.8110 -3.9528 -2.4393
v  2.8082 -3.9500 -2.4354
v  2.7931 -3.9961 -2.4393
v  2.7892 -3.9961 -2.4354
v  2.8110 -4.0394 -2.4393
v  2.8083 -4.0422 -2.4354
v  2.9004 -4.0421 -2.4354
v  2.8976 -4.0394 -2.4393
v  2.8154 -5.1768 -2.4411
v  2.8933 -5.1768 -2.4411
v  2.9095 -5.1378 -2.4411
v  2.8933 -5.0988 -2.4411
v  2.8543 -5.0827 -2.4411
v  2.8154 -5.0988 -2.4411
v  2.7992 -5.1378 -2.4411
v  2.8543 -5.1929 -2.4411
v  2.8070 -5.0905 -2.4293
v  2.8543 -5.0709 -2.4293
v  2.9017 -5.1851 -2.4293
v  2.8543 -5.2047 -2.4293
v  2.8543 -5.2047 -2.3152
v  2.9017 -5.1851 -2.3152
v  2.9213 -5.1378 -2.3152
v  2.9213 -5.1378 -2.4293
v  2.9017 -5.0905 -2.3152
v  2.9017 -5.0905 -2.4293
v  2.8543 -5.0709 -2.3152
v  2.8070 -5.0905 -2.3152
v  2.7874 -5.1378 -2.3152
v  2.7874 -5.1378 -2.4293
v  2.8070 -5.1851 -2.3152
v  2.8070 -5.1851 -2.4293
v  2.8287 -5.1378 -2.2871
v  2.8362 -5.1559 -2.2871
v  2.8543 -5.1634 -2.2871
v  2.8724 -5.1559 -2.2871
v  2.8799 -5.1378 -2.2871
v  2.8724 -5.1197 -2.2871
v  2.8543 -5.1122 -2.2871
v  2.8362 -5.1197 -2.2871
v  2.8287 -5.1378 -2.4411
v  2.8287 -5.1378 -2.4351
v  2.8227 -5.1378 -2.4411
v  2.8362 -5.1559 -2.4411
v  2.8320 -5.1601 -2.4411
v  2.8362 -5.1559 -2.4351
v  2.8543 -5.1634 -2.4411
v  2.8543 -5.1694 -2.4411
v  2.8543 -5.1634 -2.4351
v  2.8724 -5.1559 -2.4411
v  2.8767 -5.1601 -2.4411
v  2.8724 -5.1559 -2.4351
v  2.8799 -5.1378 -2.4411
v  2.8859 -5.1378 -2.4411
v  2.8799 -5.1378 -2.4351
v  2.8724 -5.1197 -2.4411
v  2.8767 -5.1155 -2.4411
v  2.8724 -5.1197 -2.4351
v  2.8543 -5.1122 -2.4411
v  2.8543 -5.1062 -2.4411
v  2.8543 -5.1122 -2.4351
v  2.8362 -5.1197 -2.4411
v  2.8320 -5.1155 -2.4411
v  2.8362 -5.1197 -2.4351
v  2.9195 -5.1378 -2.4354
v  2.9156 -5.1378 -2.4393
v  2.8543 -5.1990 -2.4393
v  2.8543 -5.2030 -2.4354
v  2.8976 -5.0945 -2.4393
v  2.9004 -5.0917 -2.4354
v  2.8543 -5.0766 -2.4393
v  2.8543 -5.0726 -2.4354
v  2.8110 -5.0945 -2.4393
v  2.8082 -5.0917 -2.4354
v  2.7931 -5.1378 -2.4393
v  2.7892 -5.1378 -2.4354
v  2.8110 -5.1811 -2.4393
v  2.8083 -5.1839 -2.4354
v  2.9004 -5.1839 -2.4354
v  2.8976 -5.1811 -2.4393
v  3.9571 -6.3185 -2.4411
v  4.0350 -6.3185 -2.4411
v  4.0512 -6.2795 -2.4411
v  4.0350 -6.2406 -2.4411
v  3.9961 -6.2244 -2.4411
v  3.9571 -6.2406 -2.4411
v  3.9409 -6.2795 -2.4411
v  3.9961 -6.3346 -2.4411
v  3.9487 -6.2322 -2.4293
v  3.9961 -6.2126 -2.4293
v  4.0434 -6.3269 -2.4293
v  3.9961 -6.3465 -2.4293
v  3.9961 -6.3465 -2.3152
v  4.0434 -6.3269 -2.3152
v  4.0630 -6.2795 -2.3152
v  4.0630 -6.2795 -2.4293
v  4.0434 -6.2322 -2.3152
v  4.0434 -6.2322 -2.4293
v  3.9961 -6.2126 -2.3152
v  3.9487 -6.2322 -2.3152
v  3.9291 -6.2795 -2.3152
v  3.9291 -6.2795 -2.4293
v  3.9487 -6.3269 -2.3152
v  3.9487 -6.3269 -2.4293
v  3.9705 -6.2795 -2.2871
v  3.9780 -6.2976 -2.2871
v  3.9961 -6.3051 -2.2871
v  4.0142 -6.2976 -2.2871
v  4.0217 -6.2795 -2.2871
v  4.0142 -6.2614 -2.2871
v  3.9961 -6.2539 -2.2871
v  3.9780 -6.2614 -2.2871
v  3.9705 -6.2795 -2.4411
v  3.9705 -6.2795 -2.4351
v  3.9645 -6.2795 -2.4411
v  3.9780 -6.2976 -2.4411
v  3.9737 -6.3019 -2.4411
v  3.9780 -6.2976 -2.4351
v  3.9961 -6.3051 -2.4411
v  3.9961 -6.3111 -2.4411
v  3.9961 -6.3051 -2.4351
v  4.0142 -6.2976 -2.4411
v  4.0184 -6.3019 -2.4411
v  4.0142 -6.2976 -2.4351
v  4.0217 -6.2795 -2.4411
v  4.0277 -6.2795 -2.4411
v  4.0217 -6.2795 -2.4351
v  4.0142 -6.2614 -2.4411
v  4.0184 -6.2572 -2.4411
v  4.0142 -6.2614 -2.4351
v  3.9961 -6.2539 -2.4411
v  3.9961 -6.2479 -2.4411
v  3.9961 -6.2539 -2.4351
v  3.9780 -6.2614 -2.4411
v  3.9737 -6.2572 -2.4411
v  3.9780 -6.2614 -2.4351
v  4.0612 -6.2795 -2.4354
v  4.0573 -6.2795 -2.4393
v  3.9961 -6.3408 -2.4393
v  3.9961 -6.3447 -2.4354
v  4.0394 -6.2362 -2.4393
v  4.0422 -6.2334 -2.4354
v  3.9961 -6.2183 -2.4393
v  3.9961 -6.2143 -2.4354
v  3.9528 -6.2362 -2.4393
v  3.9500 -6.2334 -2.4354
v  3.9348 -6.2795 -2.4393
v  3.9309 -6.2795 -2.4354
v  3.9528 -6.3228 -2.4393
v  3.9500 -6.3256 -2.4354
v  4.0422 -6.3256 -2.4354
v  4.0394 -6.3228 -2.4393
v  3.9571 6.2406 -2.4411
v  4.0350 6.2406 -2.4411
v  4.0512 6.2795 -2.4411
v  4.0350 6.3185 -2.4411
v  3.9961 6.3346 -2.4411
v  3.9571 6.3185 -2.4411
v  3.9409 6.2795 -2.4411
v  3.9961 6.2244 -2.4411
v  3.9487 6.3269 -2.4293
v  3.9961 6.3465 -2.4293
v  4.0434 6.2322 -2.4293
v  3.9961 6.2126 -2.4293
v  3.9961 6.2126 -2.3152
v  4.0434 6.2322 -2.3152
v  4.0630 6.2795 -2.3152
v  4.0630 6.2795 -2.4293
v  4.0434 6.3269 -2.3152
v  4.0434 6.3269 -2.4293
v  3.9961 6.3465 -2.3152
v  3.9487 6.3269 -2.3152
v  3.9291 6.2795 -2.3152
v  3.9291 6.2795 -2.4293
v  3.9487 6.2322 -2.3152
v  3.9487 6.2322 -2.4293
v  3.9705 6.2795 -2.2871
v  3.9780 6.2614 -2.2871
v  3.9961 6.2539 -2.2871
v  4.0142 6.2614 -2.2871
v  4.0217 6.2795 -2.2871
v  4.0142 6.2976 -2.2871
v  3.9961 6.3051 -2.2871
v  3.9780 6.2976 -2.2871
v  3.9705 6.2795 -2.4411
v  3.9705 6.2795 -2.4351
v  3.9645 6.2795 -2.4411
v  3.9780 6.2614 -2.4411
v  3.9737 6.2572 -2.4411
v  3.9780 6.2614 -2.4351
v  3.9961 6.2539 -2.4411
v  3.9961 6.2479 -2.4411
v  3.9961 6.2539 -2.4351
v  4.0142 6.2614 -2.4411
v  4.0184 6.2572 -2.4411
v  4.0142 6.2614 -2.4351
v  4.0217 6.2795 -2.4411
v  4.0277 6.2795 -2.4411
v  4.0217 6.2795 -2.4351
v  4.0142 6.2976 -2.4411
v  4.0184 6.3019 -2.4411
v  4.0142 6.2976 -2.4351
v  3.9961 6.3051 -2.4411
v  3.9961 6.3111 -2.4411
v  3.9961 6.3051 -2.4351
v  3.9780 6.2976 -2.4411
v  3.9737 6.3019 -2.4411
v  3.9780 6.2976 -2.4351
v  4.0612 6.2795 -2.4354
v  4.0573 6.2795 -2.4393
v  3.9961 6.2183 -2.4393
v  3.9961 6.2143 -2.4354
v  4.0394 6.3228 -2.4393
v  4.0422 6.3256 -2.4354
v  3.9961 6.3408 -2.4393
v  3.9961 6.3447 -2.4354
v  3.9528 6.3228 -2.4393
v  3.9500 6.3256 -2.4354
v  3.9348 6.2795 -2.4393
v  3.9309 6.2795 -2.4354
v  3.9528 6.2362 -2.4393
v  3.9500 6.2334 -2.4354
v  4.0422 6.2334 -2.4354
v  4.0394 6.2362 -2.4393
v  3.9571 5.0988 -2.4411
v  4.0350 5.0988 -2.4411
v  4.0512 5.1378 -2.4411
v  4.0350 5.1768 -2.4411
v  3.9961 5.1929 -2.4411
v  3.9571 5.1768 -2.4411
v  3.9409 5.1378 -2.4411
v  3.9961 5.0827 -2.4411
v  3.9487 5.1851 -2.4293
v  3.9961 5.2047 -2.4293
v  4.0434 5.0905 -2.4293
v  3.9961 5.0709 -2.4293
v  3.9961 5.0709 -2.3152
v  4.0434 5.0905 -2.3152
v  4.0630 5.1378 -2.3152
v  4.0630 5.1378 -2.4293
v  4.0434 5.1851 -2.3152
v  4.0434 5.1851 -2.4293
v  3.9961 5.2047 -2.3152
v  3.9487 5.1851 -2.3152
v  3.9291 5.1378 -2.3152
v  3.9291 5.1378 -2.4293
v  3.9487 5.0905 -2.3152
v  3.9487 5.0905 -2.4293
v  3.9705 5.1378 -2.2871
v  3.9780 5.1197 -2.2871
v  3.9961 5.1122 -2.2871
v  4.0142 5.1197 -2.2871
v  4.0217 5.1378 -2.2871
v  4.0142 5.1559 -2.2871
v  3.9961 5.1634 -2.2871
v  3.9780 5.1559 -2.2871
v  3.9705 5.1378 -2.4411
v  3.9705 5.1378 -2.4351
v  3.9645 5.1378 -2.4411
v  3.9780 5.1197 -2.4411
v  3.9737 5.1155 -2.4411
v  3.9780 5.1197 -2.4351
v  3.9961 5.1122 -2.4411
v  3.9961 5.1062 -2.4411
v  3.9961 5.1122 -2.4351
v  4.0142 5.1197 -2.4411
v  4.0184 5.1155 -2.4411
v  4.0142 5.1197 -2.4351
v  4.0217 5.1378 -2.4411
v  4.0277 5.1378 -2.4411
v  4.0217 5.1378 -2.4351
v  4.0142 5.1559 -2.4411
v  4.0184 5.1601 -2.4411
v  4.0142 5.1559 -2.4351
v  3.9961 5.1634 -2.4411
v  3.9961 5.1694 -2.4411
v  3.9961 5.1634 -2.4351
v  3.9780 5.1559 -2.4411
v  3.9737 5.1601 -2.4411
v  3.9780 5.1559 -2.4351
v  4.0612 5.1378 -2.4354
v  4.0573 5.1378 -2.4393
v  3.9961 5.0765 -2.4393
v  3.9961 5.0726 -2.4354
v  4.0394 5.1811 -2.4393
v  4.0422 5.1839 -2.4354
v  3.9961 5.1990 -2.4393
v  3.9961 5.2030 -2.4354
v  3.9528 5.1811 -2.4393
v  3.9500 5.1839 -2.4354
v  3.9348 5.1378 -2.4393
v  3.9309 5.1378 -2.4354
v  3.9528 5.0945 -2.4393
v  3.9500 5.0917 -2.4354
v  4.0422 5.0917 -2.4354
v  4.0394 5.0945 -2.4393
v  3.9571 3.9571 -2.4411
v  4.0350 3.9571 -2.4411
v  4.0512 3.9961 -2.4411
v  4.0350 4.0350 -2.4411
v  3.9961 4.0512 -2.4411
v  3.9571 4.0350 -2.4411
v  3.9409 3.9961 -2.4411
v  3.9961 3.9409 -2.4411
v  3.9487 4.0434 -2.4293
v  3.9961 4.0630 -2.4293
v  4.0434 3.9487 -2.4293
v  3.9961 3.9291 -2.4293
v  3.9961 3.9291 -2.3152
v  4.0434 3.9487 -2.3152
v  4.0630 3.9961 -2.3152
v  4.0630 3.9961 -2.4293
v  4.0434 4.0434 -2.3152
v  4.0434 4.0434 -2.4293
v  3.9961 4.0630 -2.3152
v  3.9487 4.0434 -2.3152
v  3.9291 3.9961 -2.3152
v  3.9291 3.9961 -2.4293
v  3.9487 3.9487 -2.3152
v  3.9487 3.9487 -2.4293
v  3.9705 3.9961 -2.2871
v  3.9780 3.9780 -2.2871
v  3.9961 3.9705 -2.2871
v  4.0142 3.9780 -2.2871
v  4.0217 3.9961 -2.2871
v  4.0142 4.0142 -2.2871
v  3.9961 4.0217 -2.2871
v  3.9780 4.0142 -2.2871
v  3.9705 3.9961 -2.4411
v  3.9705 3.9961 -2.4351
v  3.9645 3.9961 -2.4411
v  3.9780 3.9780 -2.4411
v  3.9737 3.9737 -2.4411
v  3.9780 3.9780 -2.4351
v  3.9961 3.9705 -2.4411
v  3.9961 3.9645 -2.4411
v  3.9961 3.9705 -2.4351
v  4.0142 3.9780 -2.4411
v  4.0184 3.9737 -2.4411
v  4.0142 3.9780 -2.4351
v  4.0217 3.9961 -2.4411
v  4.0277 3.9961 -2.4411
v  4.0217 3.9961 -2.4351
v  4.0142 4.0142 -2.4411
v  4.0184 4.0184 -2.4411
v  4.0142 4.0142 -2.4351
v  3.9961 4.0217 -2.4411
v  3.9961 4.0276 -2.4411
v  3.9961 4.0217 -2.4351
v  3.9780 4.0142 -2.4411
v  3.9737 4.0184 -2.4411
v  3.9780 4.0142 -2.4351
v  4.0612 3.9961 -2.4354
v  4.0573 3.9961 -2.4393
v  3.9961 3.9348 -2.4393
v  3.9961 3.9309 -2.4354
v  4.0394 4.0394 -2.4393
v  4.0422 4.0421 -2.4354
v  3.9961 4.0573 -2.4393
v  3.9961 4.0612 -2.4354
v  3.9528 4.0394 -2.4393
v  3.9500 4.0421 -2.4354
v  3.9348 3.9961 -2.4393
v  3.9309 3.9961 -2.4354
v  3.9528 3.9528 -2.4393
v  3.9500 3.9500 -2.4354
v  4.0422 3.9500 -2.4354
v  4.0394 3.9528 -2.4393
v  3.9571 2.8154 -2.4411
v  4.0350 2.8154 -2.4411
v  4.0512 2.8543 -2.4411
v  4.0350 2.8933 -2.4411
v  3.9961 2.9094 -2.4411
v  3.9571 2.8933 -2.4411
v  3.9409 2.8543 -2.4411
v  3.9961 2.7992 -2.4411
v  3.9487 2.9017 -2.4293
v  3.9961 2.9213 -2.4293
v  4.0434 2.8070 -2.4293
v  3.9961 2.7874 -2.4293
v  3.9961 2.7874 -2.3152
v  4.0434 2.8070 -2.3152
v  4.0630 2.8543 -2.3152
v  4.0630 2.8543 -2.4293
v  4.0434 2.9017 -2.3152
v  4.0434 2.9017 -2.4293
v  3.9961 2.9213 -2.3152
v  3.9487 2.9017 -2.3152
v  3.9291 2.8543 -2.3152
v  3.9291 2.8543 -2.4293
v  3.9487 2.8070 -2.3152
v  3.9487 2.8070 -2.4293
v  3.9705 2.8543 -2.2871
v  3.9780 2.8362 -2.2871
v  3.9961 2.8287 -2.2871
v  4.0142 2.8362 -2.2871
v  4.0217 2.8543 -2.2871
v  4.0142 2.8724 -2.2871
v  3.9961 2.8799 -2.2871
v  3.9780 2.8724 -2.2871
v  3.9705 2.8543 -2.4411
v  3.9705 2.8543 -2.4351
v  3.9645 2.8543 -2.4411
v  3.9780 2.8362 -2.4411
v  3.9737 2.8320 -2.4411
v  3.9780 2.8362 -2.4351
v  3.9961 2.8287 -2.4411
v  3.9961 2.8227 -2.4411
v  3.9961 2.8287 -2.4351
v  4.0142 2.8362 -2.4411
v  4.0184 2.8320 -2.4411
v  4.0142 2.8362 -2.4351
v  4.0217 2.8543 -2.4411
v  4.0277 2.8543 -2.4411
v  4.0217 2.8543 -2.4351
v  4.0142 2.8724 -2.4411
v  4.0184 2.8767 -2.4411
v  4.0142 2.8724 -2.4351
v  3.9961 2.8799 -2.4411
v  3.9961 2.8859 -2.4411
v  3.9961 2.8799 -2.4351
v  3.9780 2.8724 -2.4411
v  3.9737 2.8767 -2.4411
v  3.9780 2.8724 -2.4351
v  4.0612 2.8543 -2.4354
v  4.0573 2.8543 -2.4393
v  3.9961 2.7931 -2.4393
v  3.9961 2.7891 -2.4354
v  4.0394 2.8976 -2.4393
v  4.0422 2.9004 -2.4354
v  3.9961 2.9156 -2.4393
v  3.9961 2.9195 -2.4354
v  3.9528 2.8976 -2.4393
v  3.9500 2.9004 -2.4354
v  3.9348 2.8543 -2.4393
v  3.9309 2.8543 -2.4354
v  3.9528 2.8110 -2.4393
v  3.9500 2.8082 -2.4354
v  4.0422 2.8082 -2.4354
v  4.0394 2.8110 -2.4393
v  3.9571 1.6736 -2.4411
v  4.0350 1.6736 -2.4411
v  4.0512 1.7126 -2.4411
v  4.0350 1.7516 -2.4411
v  3.9961 1.7677 -2.4411
v  3.9571 1.7516 -2.4411
v  3.9409 1.7126 -2.4411
v  3.9961 1.6575 -2.4411
v  3.9487 1.7599 -2.4293
v  3.9961 1.7795 -2.4293
v  4.0434 1.6653 -2.4293
v  3.9961 1.6457 -2.4293
v  3.9961 1.6457 -2.3152
v  4.0434 1.6653 -2.3152
v  4.0630 1.7126 -2.3152
v  4.0630 1.7126 -2.4293
v  4.0434 1.7599 -2.3152
v  4.0434 1.7599 -2.4293
v  3.9961 1.7795 -2.3152
v  3.9487 1.7599 -2.3152
v  3.9291 1.7126 -2.3152
v  3.9291 1.7126 -2.4293
v  3.9487 1.6653 -2.3152
v  3.9487 1.6653 -2.4293
v  3.9705 1.7126 -2.2871
v  3.9780 1.6945 -2.2871
v  3.9961 1.6870 -2.2871
v  4.0142 1.6945 -2.2871
v  4.0217 1.7126 -2.2871
v  4.0142 1.7307 -2.2871
v  3.9961 1.7382 -2.2871
v  3.9780 1.7307 -2.2871
v  3.9705 1.7126 -2.4411
v  3.9705 1.7126 -2.4351
v  3.9645 1.7126 -2.4411
v  3.9780 1.6945 -2.4411
v  3.9737 1.6903 -2.4411
v  3.9780 1.6945 -2.4351
v  3.9961 1.6870 -2.4411
v  3.9961 1.6810 -2.4411
v  3.9961 1.6870 -2.4351
v  4.0142 1.6945 -2.4411
v  4.0184 1.6903 -2.4411
v  4.0142 1.6945 -2.4351
v  4.0217 1.7126 -2.4411
v  4.0277 1.7126 -2.4411
v  4.0217 1.7126 -2.4351
v  4.0142 1.7307 -2.4411
v  4.0184 1.7349 -2.4411
v  4.0142 1.7307 -2.4351
v  3.9961 1.7382 -2.4411
v  3.9961 1.7442 -2.4411
v  3.9961 1.7382 -2.4351
v  3.9780 1.7307 -2.4411
v  3.9737 1.7349 -2.4411
v  3.9780 1.7307 -2.4351
v  4.0612 1.7126 -2.4354
v  4.0573 1.7126 -2.4393
v  3.9961 1.6514 -2.4393
v  3.9961 1.6474 -2.4354
v  4.0394 1.7559 -2.4393
v  4.0422 1.7587 -2.4354
v  3.9961 1.7738 -2.4393
v  3.9961 1.7778 -2.4354
v  3.9528 1.7559 -2.4393
v  3.9500 1.7587 -2.4354
v  3.9348 1.7126 -2.4393
v  3.9309 1.7126 -2.4354
v  3.9528 1.6693 -2.4393
v  3.9500 1.6665 -2.4354
v  4.0422 1.6665 -2.4354
v  4.0394 1.6693 -2.4393
v  3.9571 0.5319 -2.4411
v  4.0350 0.5319 -2.4411
v  4.0512 0.5709 -2.4411
v  4.0350 0.6098 -2.4411
v  3.9961 0.6260 -2.4411
v  3.9571 0.6098 -2.4411
v  3.9409 0.5709 -2.4411
v  3.9961 0.5157 -2.4411
v  3.9487 0.6182 -2.4293
v  3.9961 0.6378 -2.4293
v  4.0434 0.5235 -2.4293
v  3.9961 0.5039 -2.4293
v  3.9961 0.5039 -2.3152
v  4.0434 0.5235 -2.3152
v  4.0630 0.5709 -2.3152
v  4.0630 0.5709 -2.4293
v  4.0434 0.6182 -2.3152
v  4.0434 0.6182 -2.4293
v  3.9961 0.6378 -2.3152
v  3.9487 0.6182 -2.3152
v  3.9291 0.5709 -2.3152
v  3.9291 0.5709 -2.4293
v  3.9487 0.5235 -2.3152
v  3.9487 0.5235 -2.4293
v  3.9705 0.5709 -2.2871
v  3.9780 0.5528 -2.2871
v  3.9961 0.5453 -2.2871
v  4.0142 0.5528 -2.2871
v  4.0217 0.5709 -2.2871
v  4.0142 0.5890 -2.2871
v  3.9961 0.5965 -2.2871
v  3.9780 0.5890 -2.2871
v  3.9705 0.5709 -2.4411
v  3.9705 0.5709 -2.4351
v  3.9645 0.5709 -2.4411
v  3.9780 0.5528 -2.4411
v  3.9737 0.5485 -2.4411
v  3.9780 0.5528 -2.4351
v  3.9961 0.5453 -2.4411
v  3.9961 0.5393 -2.4411
v  3.9961 0.5453 -2.4351
v  4.0142 0.5528 -2.4411
v  4.0184 0.5485 -2.4411
v  4.0142 0.5528 -2.4351
v  4.0217 0.5709 -2.4411
v  4.0277 0.5709 -2.4411
v  4.0217 0.5709 -2.4351
v  4.0142 0.5890 -2.4411
v  4.0184 0.5932 -2.4411
v  4.0142 0.5890 -2.4351
v  3.9961 0.5965 -2.4411
v  3.9961 0.6025 -2.4411
v  3.9961 0.5965 -2.4351
v  3.9780 0.5890 -2.4411
v  3.9737 0.5932 -2.4411
v  3.9780 0.5890 -2.4351
v  4.0612 0.5709 -2.4354
v  4.0573 0.5709 -2.4393
v  3.9961 0.5096 -2.4393
v  3.9961 0.5057 -2.4354
v  4.0394 0.6142 -2.4393
v  4.0422 0.6170 -2.4354
v  3.9961 0.6321 -2.4393
v  3.9961 0.6360 -2.4354
v  3.9528 0.6142 -2.4393
v  3.9500 0.6170 -2.4354
v  3.9348 0.5709 -2.4393
v  3.9309 0.5709 -2.4354
v  3.9528 0.5276 -2.4393
v  3.9500 0.5248 -2.4354
v  4.0422 0.5248 -2.4354
v  4.0394 0.5276 -2.4393
v  3.9571 -0.6098 -2.4411
v  4.0350 -0.6098 -2.4411
v  4.0512 -0.5709 -2.4411
v  4.0350 -0.5319 -2.4411
v  3.9961 -0.5157 -2.4411
v  3.9571 -0.5319 -2.4411
v  3.9409 -0.5709 -2.4411
v  3.9961 -0.6260 -2.4411
v  3.9487 -0.5235 -2.4293
v  3.9961 -0.5039 -2.4293
v  4.0434 -0.6182 -2.4293
v  3.9961 -0.6378 -2.4293
v  3.9961 -0.6378 -2.3152
v  4.0434 -0.6182 -2.3152
v  4.0630 -0.5709 -2.3152
v  4.0630 -0.5709 -2.4293
v  4.0434 -0.5235 -2.3152
v  4.0434 -0.5235 -2.4293
v  3.9961 -0.5039 -2.3152
v  3.9487 -0.5235 -2.3152
v  3.9291 -0.5709 -2.3152
v  3.9291 -0.5709 -2.4293
v  3.9487 -0.6182 -2.3152
v  3.9487 -0.6182 -2.4293
v  3.9705 -0.5709 -2.2871
v  3.9780 -0.5890 -2.2871
v  3.9961 -0.5965 -2.2871
v  4.0142 -0.5890 -2.2871
v  4.0217 -0.5709 -2.2871
v  4.0142 -0.5528 -2.2871
v  3.9961 -0.5453 -2.2871
v  3.9780 -0.5528 -2.2871
v  3.9705 -0.5709 -2.4411
v  3.9705 -0.5709 -2.4351
v  3.9645 -0.5709 -2.4411
v  3.9780 -0.5890 -2.4411
v  3.9737 -0.5932 -2.4411
v  3.9780 -0.5890 -2.4351
v  3.9961 -0.5965 -2.4411
v  3.9961 -0.6025 -2.4411
v  3.9961 -0.5965 -2.4351
v  4.0142 -0.5890 -2.4411
v  4.0184 -0.5932 -2.4411
v  4.0142 -0.5890 -2.4351
v  4.0217 -0.5709 -2.4411
v  4.0277 -0.5709 -2.4411
v  4.0217 -0.5709 -2.4351
v  4.0142 -0.5528 -2.4411
v  4.0184 -0.5485 -2.4411
v  4.0142 -0.5528 -2.4351
v  3.9961 -0.5453 -2.4411
v  3.9961 -0.5393 -2.4411
v  3.9961 -0.5453 -2.4351
v  3.9780 -0.5528 -2.4411
v  3.9737 -0.5485 -2.4411
v  3.9780 -0.5528 -2.4351
v  4.0612 -0.5709 -2.4354
v  4.0573 -0.5709 -2.4393
v  3.9961 -0.6321 -2.4393
v  3.9961 -0.6360 -2.4354
v  4.0394 -0.5276 -2.4393
v  4.0422 -0.5248 -2.4354
v  3.9961 -0.5096 -2.4393
v  3.9961 -0.5057 -2.4354
v  3.9528 -0.5276 -2.4393
v  3.9500 -0.5248 -2.4354
v  3.9348 -0.5709 -2.4393
v  3.9309 -0.5709 -2.4354
v  3.9528 -0.6142 -2.4393
v  3.9500 -0.6170 -2.4354
v  4.0422 -0.6170 -2.4354
v  4.0394 -0.6142 -2.4393
v  3.9571 -1.7516 -2.4411
v  4.0350 -1.7516 -2.4411
v  4.0512 -1.7126 -2.4411
v  4.0350 -1.6736 -2.4411
v  3.9961 -1.6575 -2.4411
v  3.9571 -1.6736 -2.4411
v  3.9409 -1.7126 -2.4411
v  3.9961 -1.7677 -2.4411
v  3.9487 -1.6653 -2.4293
v  3.9961 -1.6457 -2.4293
v  4.0434 -1.7599 -2.4293
v  3.9961 -1.7795 -2.4293
v  3.9961 -1.7795 -2.3152
v  4.0434 -1.7599 -2.3152
v  4.0630 -1.7126 -2.3152
v  4.0630 -1.7126 -2.4293
v  4.0434 -1.6653 -2.3152
v  4.0434 -1.6653 -2.4293
v  3.9961 -1.6457 -2.3152
v  3.9487 -1.6653 -2.3152
v  3.9291 -1.7126 -2.3152
v  3.9291 -1.7126 -2.4293
v  3.9487 -1.7599 -2.3152
v  3.9487 -1.7599 -2.4293
v  3.9705 -1.7126 -2.2871
v  3.9780 -1.7307 -2.2871
v  3.9961 -1.7382 -2.2871
v  4.0142 -1.7307 -2.2871
v  4.0217 -1.7126 -2.2871
v  4.0142 -1.6945 -2.2871
v  3.9961 -1.6870 -2.2871
v  3.9780 -1.6945 -2.2871
v  3.9705 -1.7126 -2.4411
v  3.9705 -1.7126 -2.4351
v  3.9645 -1.7126 -2.4411
v  3.9780 -1.7307 -2.4411
v  3.9737 -1.7349 -2.4411
v  3.9780 -1.7307 -2.4351
v  3.9961 -1.7382 -2.4411
v  3.9961 -1.7442 -2.4411
v  3.9961 -1.7382 -2.4351
v  4.0142 -1.7307 -2.4411
v  4.0184 -1.7349 -2.4411
v  4.0142 -1.7307 -2.4351
v  4.0217 -1.7126 -2.4411
v  4.0277 -1.7126 -2.4411
v  4.0217 -1.7126 -2.4351
v  4.0142 -1.6945 -2.4411
v  4.0184 -1.6903 -2.4411
v  4.0142 -1.6945 -2.4351
v  3.9961 -1.6870 -2.4411
v  3.9961 -1.6810 -2.4411
v  3.9961 -1.6870 -2.4351
v  3.9780 -1.6945 -2.4411
v  3.9737 -1.6903 -2.4411
v  3.9780 -1.6945 -2.4351
v  4.0612 -1.7126 -2.4354
v  4.0573 -1.7126 -2.4393
v  3.9961 -1.7738 -2.4393
v  3.9961 -1.7778 -2.4354
v  4.0394 -1.6693 -2.4393
v  4.0422 -1.6665 -2.4354
v  3.9961 -1.6514 -2.4393
v  3.9961 -1.6474 -2.4354
v  3.9528 -1.6693 -2.4393
v  3.9500 -1.6665 -2.4354
v  3.9348 -1.7126 -2.4393
v  3.9309 -1.7126 -2.4354
v  3.9528 -1.7559 -2.4393
v  3.9500 -1.7587 -2.4354
v  4.0422 -1.7587 -2.4354
v  4.0394 -1.7559 -2.4393
v  3.9571 -2.8933 -2.4411
v  4.0350 -2.8933 -2.4411
v  4.0512 -2.8543 -2.4411
v  4.0350 -2.8154 -2.4411
v  3.9961 -2.7992 -2.4411
v  3.9571 -2.8154 -2.4411
v  3.9409 -2.8543 -2.4411
v  3.9961 -2.9094 -2.4411
v  3.9487 -2.8070 -2.4293
v  3.9961 -2.7874 -2.4293
v  4.0434 -2.9017 -2.4293
v  3.9961 -2.9213 -2.4293
v  3.9961 -2.9213 -2.3152
v  4.0434 -2.9017 -2.3152
v  4.0630 -2.8543 -2.3152
v  4.0630 -2.8543 -2.4293
v  4.0434 -2.8070 -2.3152
v  4.0434 -2.8070 -2.4293
v  3.9961 -2.7874 -2.3152
v  3.9487 -2.8070 -2.3152
v  3.9291 -2.8543 -2.3152
v  3.9291 -2.8543 -2.4293
v  3.9487 -2.9017 -2.3152
v  3.9487 -2.9017 -2.4293
v  3.9705 -2.8543 -2.2871
v  3.9780 -2.8724 -2.2871
v  3.9961 -2.8799 -2.2871
v  4.0142 -2.8724 -2.2871
v  4.0217 -2.8543 -2.2871
v  4.0142 -2.8362 -2.2871
v  3.9961 -2.8287 -2.2871
v  3.9780 -2.8362 -2.2871
v  3.9705 -2.8543 -2.4411
v  3.9705 -2.8543 -2.4351
v  3.9645 -2.8543 -2.4411
v  3.9780 -2.8724 -2.4411
v  3.9737 -2.8767 -2.4411
v  3.9780 -2.8724 -2.4351
v  3.9961 -2.8799 -2.4411
v  3.9961 -2.8859 -2.4411
v  3.9961 -2.8799 -2.4351
v  4.0142 -2.8724 -2.4411
v  4.0184 -2.8767 -2.4411
v  4.0142 -2.8724 -2.4351
v  4.0217 -2.8543 -2.4411
v  4.0277 -2.8543 -2.4411
v  4.0217 -2.8543 -2.4351
v  4.0142 -2.8362 -2.4411
v  4.0184 -2.8320 -2.4411
v  4.0142 -2.8362 -2.4351
v  3.9961 -2.8287 -2.4411
v  3.9961 -2.8227 -2.4411
v  3.9961 -2.8287 -2.4351
v  3.9780 -2.8362 -2.4411
v  3.9737 -2.8320 -2.4411
v  3.9780 -2.8362 -2.4351
v  4.0612 -2.8543 -2.4354
v  4.0573 -2.8543 -2.4393
v  3.9961 -2.9156 -2.4393
v  3.9961 -2.9195 -2.4354
v  4.0394 -2.8110 -2.4393
v  4.0422 -2.8082 -2.4354
v  3.9961 -2.7931 -2.4393
v  3.9961 -2.7892 -2.4354
v  3.9528 -2.8110 -2.4393
v  3.9500 -2.8082 -2.4354
v  3.9348 -2.8543 -2.4393
v  3.9309 -2.8543 -2.4354
v  3.9528 -2.8976 -2.4393
v  3.9500 -2.9004 -2.4354
v  4.0422 -2.9004 -2.4354
v  4.0394 -2.8976 -2.4393
v  3.9571 -4.0350 -2.4411
v  4.0350 -4.0350 -2.4411
v  4.0512 -3.9961 -2.4411
v  4.0350 -3.9571 -2.4411
v  3.9961 -3.9409 -2.4411
v  3.9571 -3.9571 -2.4411
v  3.9409 -3.9961 -2.4411
v  3.9961 -4.0512 -2.4411
v  3.9487 -3.9487 -2.4293
v  3.9961 -3.9291 -2.4293
v  4.0434 -4.0434 -2.4293
v  3.9961 -4.0630 -2.4293
v  3.9961 -4.0630 -2.3152
v  4.0434 -4.0434 -2.3152
v  4.0630 -3.9961 -2.3152
v  4.0630 -3.9961 -2.4293
v  4.0434 -3.9487 -2.3152
v  4.0434 -3.9487 -2.4293
v  3.9961 -3.9291 -2.3152
v  3.9487 -3.9487 -2.3152
v  3.9291 -3.9961 -2.3152
v  3.9291 -3.9961 -2.4293
v  3.9487 -4.0434 -2.3152
v  3.9487 -4.0434 -2.4293
v  3.9705 -3.9961 -2.2871
v  3.9780 -4.0142 -2.2871
v  3.9961 -4.0217 -2.2871
v  4.0142 -4.0142 -2.2871
v  4.0217 -3.9961 -2.2871
v  4.0142 -3.9780 -2.2871
v  3.9961 -3.9705 -2.2871
v  3.9780 -3.9780 -2.2871
v  3.9705 -3.9961 -2.4411
v  3.9705 -3.9961 -2.4351
v  3.9645 -3.9961 -2.4411
v  3.9780 -4.0142 -2.4411
v  3.9737 -4.0184 -2.4411
v  3.9780 -4.0142 -2.4351
v  3.9961 -4.0217 -2.4411
v  3.9961 -4.0277 -2.4411
v  3.9961 -4.0217 -2.4351
v  4.0142 -4.0142 -2.4411
v  4.0184 -4.0184 -2.4411
v  4.0142 -4.0142 -2.4351
v  4.0217 -3.9961 -2.4411
v  4.0277 -3.9961 -2.4411
v  4.0217 -3.9961 -2.4351
v  4.0142 -3.9780 -2.4411
v  4.0184 -3.9737 -2.4411
v  4.0142 -3.9780 -2.4351
v  3.9961 -3.9705 -2.4411
v  3.9961 -3.9645 -2.4411
v  3.9961 -3.9705 -2.4351
v  3.9780 -3.9780 -2.4411
v  3.9737 -3.9737 -2.4411
v  3.9780 -3.9780 -2.4351
v  4.0612 -3.9961 -2.4354
v  4.0573 -3.9961 -2.4393
v  3.9961 -4.0573 -2.4393
v  3.9961 -4.0612 -2.4354
v  4.0394 -3.9528 -2.4393
v  4.0422 -3.9500 -2.4354
v  3.9961 -3.9348 -2.4393
v  3.9961 -3.9309 -2.4354
v  3.9528 -3.9528 -2.4393
v  3.9500 -3.9500 -2.4354
v  3.9348 -3.9961 -2.4393
v  3.9309 -3.9961 -2.4354
v  3.9528 -4.0394 -2.4393
v  3.9500 -4.0422 -2.4354
v  4.0422 -4.0421 -2.4354
v  4.0394 -4.0394 -2.4393
v  3.9571 -5.1768 -2.4411
v  4.0350 -5.1768 -2.4411
v  4.0512 -5.1378 -2.4411
v  4.0350 -5.0988 -2.4411
v  3.9961 -5.0827 -2.4411
v  3.9571 -5.0988 -2.4411
v  3.9409 -5.1378 -2.4411
v  3.9961 -5.1929 -2.4411
v  3.9487 -5.0905 -2.4293
v  3.9961 -5.0709 -2.4293
v  4.0434 -5.1851 -2.4293
v  3.9961 -5.2047 -2.4293
v  3.9961 -5.2047 -2.3152
v  4.0434 -5.1851 -2.3152
v  4.0630 -5.1378 -2.3152
v  4.0630 -5.1378 -2.4293
v  4.0434 -5.0905 -2.3152
v  4.0434 -5.0905 -2.4293
v  3.9961 -5.0709 -2.3152
v  3.9487 -5.0905 -2.3152
v  3.9291 -5.1378 -2.3152
v  3.9291 -5.1378 -2.4293
v  3.9487 -5.1851 -2.3152
v  3.9487 -5.1851 -2.4293
v  3.9705 -5.1378 -2.2871
v  3.9780 -5.1559 -2.2871
v  3.9961 -5.1634 -2.2871
v  4.0142 -5.1559 -2.2871
v  4.0217 -5.1378 -2.2871
v  4.0142 -5.1197 -2.2871
v  3.9961 -5.1122 -2.2871
v  3.9780 -5.1197 -2.2871
v  3.9705 -5.1378 -2.4411
v  3.9705 -5.1378 -2.4351
v  3.9645 -5.1378 -2.4411
v  3.9780 -5.1559 -2.4411
v  3.9737 -5.1601 -2.4411
v  3.9780 -5.1559 -2.4351
v  3.9961 -5.1634 -2.4411
v  3.9961 -5.1694 -2.4411
v  3.9961 -5.1634 -2.4351
v  4.0142 -5.1559 -2.4411
v  4.0184 -5.1601 -2.4411
v  4.0142 -5.1559 -2.4351
v  4.0217 -5.1378 -2.4411
v  4.0277 -5.1378 -2.4411
v  4.0217 -5.1378 -2.4351
v  4.0142 -5.1197 -2.4411
v  4.0184 -5.1155 -2.4411
v  4.0142 -5.1197 -2.4351
v  3.9961 -5.1122 -2.4411
v  3.9961 -5.1062 -2.4411
v  3.9961 -5.1122 -2.4351
v  3.9780 -5.1197 -2.4411
v  3.9737 -5.1155 -2.4411
v  3.9780 -5.1197 -2.4351
v  4.0612 -5.1378 -2.4354
v  4.0573 -5.1378 -2.4393
v  3.9961 -5.1990 -2.4393
v  3.9961 -5.2030 -2.4354
v  4.0394 -5.0945 -2.4393
v  4.0422 -5.0917 -2.4354
v  3.9961 -5.0766 -2.4393
v  3.9961 -5.0726 -2.4354
v  3.9528 -5.0945 -2.4393
v  3.9500 -5.0917 -2.4354
v  3.9348 -5.1378 -2.4393
v  3.9309 -5.1378 -2.4354
v  3.9528 -5.1811 -2.4393
v  3.9500 -5.1839 -2.4354
v  4.0422 -5.1839 -2.4354
v  4.0394 -5.1811 -2.4393
v  5.0988 -6.3185 -2.4411
v  5.1768 -6.3185 -2.4411
v  5.1929 -6.2795 -2.4411
v  5.1768 -6.2406 -2.4411
v  5.1378 -6.2244 -2.4411
v  5.0988 -6.2406 -2.4411
v  5.0827 -6.2795 -2.4411
v  5.1378 -6.3346 -2.4411
v  5.0905 -6.2322 -2.4293
v  5.1378 -6.2126 -2.4293
v  5.1851 -6.3269 -2.4293
v  5.1378 -6.3465 -2.4293
v  5.1378 -6.3465 -2.3152
v  5.1851 -6.3269 -2.3152
v  5.2047 -6.2795 -2.3152
v  5.2047 -6.2795 -2.4293
v  5.1851 -6.2322 -2.3152
v  5.1851 -6.2322 -2.4293
v  5.1378 -6.2126 -2.3152
v  5.0905 -6.2322 -2.3152
v  5.0709 -6.2795 -2.3152
v  5.0709 -6.2795 -2.4293
v  5.0905 -6.3269 -2.3152
v  5.0905 -6.3269 -2.4293
v  5.1122 -6.2795 -2.2871
v  5.1197 -6.2976 -2.2871
v  5.1378 -6.3051 -2.2871
v  5.1559 -6.2976 -2.2871
v  5.1634 -6.2795 -2.2871
v  5.1559 -6.2614 -2.2871
v  5.1378 -6.2539 -2.2871
v  5.1197 -6.2614 -2.2871
v  5.1122 -6.2795 -2.4411
v  5.1122 -6.2795 -2.4351
v  5.1062 -6.2795 -2.4411
v  5.1197 -6.2976 -2.4411
v  5.1155 -6.3019 -2.4411
v  5.1197 -6.2976 -2.4351
v  5.1378 -6.3051 -2.4411
v  5.1378 -6.3111 -2.4411
v  5.1378 -6.3051 -2.4351
v  5.1559 -6.2976 -2.4411
v  5.1601 -6.3019 -2.4411
v  5.1559 -6.2976 -2.4351
v  5.1634 -6.2795 -2.4411
v  5.1694 -6.2795 -2.4411
v  5.1634 -6.2795 -2.4351
v  5.1559 -6.2614 -2.4411
v  5.1601 -6.2572 -2.4411
v  5.1559 -6.2614 -2.4351
v  5.1378 -6.2539 -2.4411
v  5.1378 -6.2479 -2.4411
v  5.1378 -6.2539 -2.4351
v  5.1197 -6.2614 -2.4411
v  5.1155 -6.2572 -2.4411
v  5.1197 -6.2614 -2.4351
v  5.2030 -6.2795 -2.4354
v  5.1990 -6.2795 -2.4393
v  5.1378 -6.3408 -2.4393
v  5.1378 -6.3447 -2.4354
v  5.1811 -6.2362 -2.4393
v  5.1839 -6.2334 -2.4354
v  5.1378 -6.2183 -2.4393
v  5.1378 -6.2143 -2.4354
v  5.0945 -6.2362 -2.4393
v  5.0917 -6.2334 -2.4354
v  5.0766 -6.2795 -2.4393
v  5.0726 -6.2795 -2.4354
v  5.0945 -6.3228 -2.4393
v  5.0917 -6.3256 -2.4354
v  5.1839 -6.3256 -2.4354
v  5.1811 -6.3228 -2.4393
v  5.0988 6.2406 -2.4411
v  5.1768 6.2406 -2.4411
v  5.1929 6.2795 -2.4411
v  5.1768 6.3185 -2.4411
v  5.1378 6.3346 -2.4411
v  5.0988 6.3185 -2.4411
v  5.0827 6.2795 -2.4411
v  5.1378 6.2244 -2.4411
v  5.0905 6.3269 -2.4293
v  5.1378 6.3465 -2.4293
v  5.1851 6.2322 -2.4293
v  5.1378 6.2126 -2.4293
v  5.1378 6.2126 -2.3152
v  5.1851 6.2322 -2.3152
v  5.2047 6.2795 -2.3152
v  5.2047 6.2795 -2.4293
v  5.1851 6.3269 -2.3152
v  5.1851 6.3269 -2.4293
v  5.1378 6.3465 -2.3152
v  5.0905 6.3269 -2.3152
v  5.0709 6.2795 -2.3152
v  5.0709 6.2795 -2.4293
v  5.0905 6.2322 -2.3152
v  5.0905 6.2322 -2.4293
v  5.1122 6.2795 -2.2871
v  5.1197 6.2614 -2.2871
v  5.1378 6.2539 -2.2871
v  5.1559 6.2614 -2.2871
v  5.1634 6.2795 -2.2871
v  5.1559 6.2976 -2.2871
v  5.1378 6.3051 -2.2871
v  5.1197 6.2976 -2.2871
v  5.1122 6.2795 -2.4411
v  5.1122 6.2795 -2.4351
v  5.1062 6.2795 -2.4411
v  5.1197 6.2614 -2.4411
v  5.1155 6.2572 -2.4411
v  5.1197 6.2614 -2.4351
v  5.1378 6.2539 -2.4411
v  5.1378 6.2479 -2.4411
v  5.1378 6.2539 -2.4351
v  5.1559 6.2614 -2.4411
v  5.1601 6.2572 -2.4411
v  5.1559 6.2614 -2.4351
v  5.1634 6.2795 -2.4411
v  5.1694 6.2795 -2.4411
v  5.1634 6.2795 -2.4351
v  5.1559 6.2976 -2.4411
v  5.1601 6.3019 -2.4411
v  5.1559 6.2976 -2.4351
v  5.1378 6.3051 -2.4411
v  5.1378 6.3111 -2.4411
v  5.1378 6.3051 -2.4351
v  5.1197 6.2976 -2.4411
v  5.1155 6.3019 -2.4411
v  5.1197 6.2976 -2.4351
v  5.2030 6.2795 -2.4354
v  5.1990 6.2795 -2.4393
v  5.1378 6.2183 -2.4393
v  5.1378 6.2143 -2.4354
v  5.1811 6.3228 -2.4393
v  5.1839 6.3256 -2.4354
v  5.1378 6.3408 -2.4393
v  5.1378 6.3447 -2.4354
v  5.0945 6.3228 -2.4393
v  5.0917 6.3256 -2.4354
v  5.0766 6.2795 -2.4393
v  5.0726 6.2795 -2.4354
v  5.0945 6.2362 -2.4393
v  5.0917 6.2334 -2.4354
v  5.1839 6.2334 -2.4354
v  5.1811 6.2362 -2.4393
v  5.0988 5.0988 -2.4411
v  5.1768 5.0988 -2.4411
v  5.1929 5.1378 -2.4411
v  5.1768 5.1768 -2.4411
v  5.1378 5.1929 -2.4411
v  5.0988 5.1768 -2.4411
v  5.0827 5.1378 -2.4411
v  5.1378 5.0827 -2.4411
v  5.0905 5.1851 -2.4293
v  5.1378 5.2047 -2.4293
v  5.1851 5.0905 -2.4293
v  5.1378 5.0709 -2.4293
v  5.1378 5.0709 -2.3152
v  5.1851 5.0905 -2.3152
v  5.2047 5.1378 -2.3152
v  5.2047 5.1378 -2.4293
v  5.1851 5.1851 -2.3152
v  5.1851 5.1851 -2.4293
v  5.1378 5.2047 -2.3152
v  5.0905 5.1851 -2.3152
v  5.0709 5.1378 -2.3152
v  5.0709 5.1378 -2.4293
v  5.0905 5.0905 -2.3152
v  5.0905 5.0905 -2.4293
v  5.1122 5.1378 -2.2871
v  5.1197 5.1197 -2.2871
v  5.1378 5.1122 -2.2871
v  5.1559 5.1197 -2.2871
v  5.1634 5.1378 -2.2871
v  5.1559 5.1559 -2.2871
v  5.1378 5.1634 -2.2871
v  5.1197 5.1559 -2.2871
v  5.1122 5.1378 -2.4411
v  5.1122 5.1378 -2.4351
v  5.1062 5.1378 -2.4411
v  5.1197 5.1197 -2.4411
v  5.1155 5.1155 -2.4411
v  5.1197 5.1197 -2.4351
v  5.1378 5.1122 -2.4411
v  5.1378 5.1062 -2.4411
v  5.1378 5.1122 -2.4351
v  5.1559 5.1197 -2.4411
v  5.1601 5.1155 -2.4411
v  5.1559 5.1197 -2.4351
v  5.1634 5.1378 -2.4411
v  5.1694 5.1378 -2.4411
v  5.1634 5.1378 -2.4351
v  5.1559 5.1559 -2.4411
v  5.1601 5.1601 -2.4411
v  5.1559 5.1559 -2.4351
v  5.1378 5.1634 -2.4411
v  5.1378 5.1694 -2.4411
v  5.1378 5.1634 -2.4351
v  5.1197 5.1559 -2.4411
v  5.1155 5.1601 -2.4411
v  5.1197 5.1559 -2.4351
v  5.2030 5.1378 -2.4354
v  5.1990 5.1378 -2.4393
v  5.1378 5.0765 -2.4393
v  5.1378 5.0726 -2.4354
v  5.1811 5.1811 -2.4393
v  5.1839 5.1839 -2.4354
v  5.1378 5.1990 -2.4393
v  5.1378 5.2030 -2.4354
v  5.0945 5.1811 -2.4393
v  5.0917 5.1839 -2.4354
v  5.0766 5.1378 -2.4393
v  5.0726 5.1378 -2.4354
v  5.0945 5.0945 -2.4393
v  5.0917 5.0917 -2.4354
v  5.1839 5.0917 -2.4354
v  5.1811 5.0945 -2.4393
v  5.0988 3.9571 -2.4411
v  5.1768 3.9571 -2.4411
v  5.1929 3.9961 -2.4411
v  5.1768 4.0350 -2.4411
v  5.1378 4.0512 -2.4411
v  5.0988 4.0350 -2.4411
v  5.0827 3.9961 -2.4411
v  5.1378 3.9409 -2.4411
v  5.0905 4.0434 -2.4293
v  5.1378 4.0630 -2.4293
v  5.1851 3.9487 -2.4293
v  5.1378 3.9291 -2.4293
v  5.1378 3.9291 -2.3152
v  5.1851 3.9487 -2.3152
v  5.2047 3.9961 -2.3152
v  5.2047 3.9961 -2.4293
v  5.1851 4.0434 -2.3152
v  5.1851 4.0434 -2.4293
v  5.1378 4.0630 -2.3152
v  5.0905 4.0434 -2.3152
v  5.0709 3.9961 -2.3152
v  5.0709 3.9961 -2.4293
v  5.0905 3.9487 -2.3152
v  5.0905 3.9487 -2.4293
v  5.1122 3.9961 -2.2871
v  5.1197 3.9780 -2.2871
v  5.1378 3.9705 -2.2871
v  5.1559 3.9780 -2.2871
v  5.1634 3.9961 -2.2871
v  5.1559 4.0142 -2.2871
v  5.1378 4.0217 -2.2871
v  5.1197 4.0142 -2.2871
v  5.1122 3.9961 -2.4411
v  5.1122 3.9961 -2.4351
v  5.1062 3.9961 -2.4411
v  5.1197 3.9780 -2.4411
v  5.1155 3.9737 -2.4411
v  5.1197 3.9780 -2.4351
v  5.1378 3.9705 -2.4411
v  5.1378 3.9645 -2.4411
v  5.1378 3.9705 -2.4351
v  5.1559 3.9780 -2.4411
v  5.1601 3.9737 -2.4411
v  5.1559 3.9780 -2.4351
v  5.1634 3.9961 -2.4411
v  5.1694 3.9961 -2.4411
v  5.1634 3.9961 -2.4351
v  5.1559 4.0142 -2.4411
v  5.1601 4.0184 -2.4411
v  5.1559 4.0142 -2.4351
v  5.1378 4.0217 -2.4411
v  5.1378 4.0276 -2.4411
v  5.1378 4.0217 -2.4351
v  5.1197 4.0142 -2.4411
v  5.1155 4.0184 -2.4411
v  5.1197 4.0142 -2.4351
v  5.2030 3.9961 -2.4354
v  5.1990 3.9961 -2.4393
v  5.1378 3.9348 -2.4393
v  5.1378 3.9309 -2.4354
v  5.1811 4.0394 -2.4393
v  5.1839 4.0421 -2.4354
v  5.1378 4.0573 -2.4393
v  5.1378 4.0612 -2.4354
v  5.0945 4.0394 -2.4393
v  5.0917 4.0421 -2.4354
v  5.0766 3.9961 -2.4393
v  5.0726 3.9961 -2.4354
v  5.0945 3.9528 -2.4393
v  5.0917 3.9500 -2.4354
v  5.1839 3.9500 -2.4354
v  5.1811 3.9528 -2.4393
v  5.0988 2.8154 -2.4411
v  5.1768 2.8154 -2.4411
v  5.1929 2.8543 -2.4411
v  5.1768 2.8933 -2.4411
v  5.1378 2.9094 -2.4411
v  5.0988 2.8933 -2.4411
v  5.0827 2.8543 -2.4411
v  5.1378 2.7992 -2.4411
v  5.0905 2.9017 -2.4293
v  5.1378 2.9213 -2.4293
v  5.1851 2.8070 -2.4293
v  5.1378 2.7874 -2.4293
v  5.1378 2.7874 -2.3152
v  5.1851 2.8070 -2.3152
v  5.2047 2.8543 -2.3152
v  5.2047 2.8543 -2.4293
v  5.1851 2.9017 -2.3152
v  5.1851 2.9017 -2.4293
v  5.1378 2.9213 -2.3152
v  5.0905 2.9017 -2.3152
v  5.0709 2.8543 -2.3152
v  5.0709 2.8543 -2.4293
v  5.0905 2.8070 -2.3152
v  5.0905 2.8070 -2.4293
v  5.1122 2.8543 -2.2871
v  5.1197 2.8362 -2.2871
v  5.1378 2.8287 -2.2871
v  5.1559 2.8362 -2.2871
v  5.1634 2.8543 -2.2871
v  5.1559 2.8724 -2.2871
v  5.1378 2.8799 -2.2871
v  5.1197 2.8724 -2.2871
v  5.1122 2.8543 -2.4411
v  5.1122 2.8543 -2.4351
v  5.1062 2.8543 -2.4411
v  5.1197 2.8362 -2.4411
v  5.1155 2.8320 -2.4411
v  5.1197 2.8362 -2.4351
v  5.1378 2.8287 -2.4411
v  5.1378 2.8227 -2.4411
v  5.1378 2.8287 -2.4351
v  5.1559 2.8362 -2.4411
v  5.1601 2.8320 -2.4411
v  5.1559 2.8362 -2.4351
v  5.1634 2.8543 -2.4411
v  5.1694 2.8543 -2.4411
v  5.1634 2.8543 -2.4351
v  5.1559 2.8724 -2.4411
v  5.1601 2.8767 -2.4411
v  5.1559 2.8724 -2.4351
v  5.1378 2.8799 -2.4411
v  5.1378 2.8859 -2.4411
v  5.1378 2.8799 -2.4351
v  5.1197 2.8724 -2.4411
v  5.1155 2.8767 -2.4411
v  5.1197 2.8724 -2.4351
v  5.2030 2.8543 -2.4354
v  5.1990 2.8543 -2.4393
v  5.1378 2.7931 -2.4393
v  5.1378 2.7891 -2.4354
v  5.1811 2.8976 -2.4393
v  5.1839 2.9004 -2.4354
v  5.1378 2.9156 -2.4393
v  5.1378 2.9195 -2.4354
v  5.0945 2.8976 -2.4393
v  5.0917 2.9004 -2.4354
v  5.0766 2.8543 -2.4393
v  5.0726 2.8543 -2.4354
v  5.0945 2.8110 -2.4393
v  5.0917 2.8082 -2.4354
v  5.1839 2.8082 -2.4354
v  5.1811 2.8110 -2.4393
v  5.0988 1.6736 -2.4411
v  5.1768 1.6736 -2.4411
v  5.1929 1.7126 -2.4411
v  5.1768 1.7516 -2.4411
v  5.1378 1.7677 -2.4411
v  5.0988 1.7516 -2.4411
v  5.0827 1.7126 -2.4411
v  5.1378 1.6575 -2.4411
v  5.0905 1.7599 -2.4293
v  5.1378 1.7795 -2.4293
v  5.1851 1.6653 -2.4293
v  5.1378 1.6457 -2.4293
v  5.1378 1.6457 -2.3152
v  5.1851 1.6653 -2.3152
v  5.2047 1.7126 -2.3152
v  5.2047 1.7126 -2.4293
v  5.1851 1.7599 -2.3152
v  5.1851 1.7599 -2.4293
v  5.1378 1.7795 -2.3152
v  5.0905 1.7599 -2.3152
v  5.0709 1.7126 -2.3152
v  5.0709 1.7126 -2.4293
v  5.0905 1.6653 -2.3152
v  5.0905 1.6653 -2.4293
v  5.1122 1.7126 -2.2871
v  5.1197 1.6945 -2.2871
v  5.1378 1.6870 -2.2871
v  5.1559 1.6945 -2.2871
v  5.1634 1.7126 -2.2871
v  5.1559 1.7307 -2.2871
v  5.1378 1.7382 -2.2871
v  5.1197 1.7307 -2.2871
v  5.1122 1.7126 -2.4411
v  5.1122 1.7126 -2.4351
v  5.1062 1.7126 -2.4411
v  5.1197 1.6945 -2.4411
v  5.1155 1.6903 -2.4411
v  5.1197 1.6945 -2.4351
v  5.1378 1.6870 -2.4411
v  5.1378 1.6810 -2.4411
v  5.1378 1.6870 -2.4351
v  5.1559 1.6945 -2.4411
v  5.1601 1.6903 -2.4411
v  5.1559 1.6945 -2.4351
v  5.1634 1.7126 -2.4411
v  5.1694 1.7126 -2.4411
v  5.1634 1.7126 -2.4351
v  5.1559 1.7307 -2.4411
v  5.1601 1.7349 -2.4411
v  5.1559 1.7307 -2.4351
v  5.1378 1.7382 -2.4411
v  5.1378 1.7442 -2.4411
v  5.1378 1.7382 -2.4351
v  5.1197 1.7307 -2.4411
v  5.1155 1.7349 -2.4411
v  5.1197 1.7307 -2.4351
v  5.2030 1.7126 -2.4354
v  5.1990 1.7126 -2.4393
v  5.1378 1.6514 -2.4393
v  5.1378 1.6474 -2.4354
v  5.1811 1.7559 -2.4393
v  5.1839 1.7587 -2.4354
v  5.1378 1.7738 -2.4393
v  5.1378 1.7778 -2.4354
v  5.0945 1.7559 -2.4393
v  5.0917 1.7587 -2.4354
v  5.0766 1.7126 -2.4393
v  5.0726 1.7126 -2.4354
v  5.0945 1.6693 -2.4393
v  5.0917 1.6665 -2.4354
v  5.1839 1.6665 -2.4354
v  5.1811 1.6693 -2.4393
v  5.0988 0.5319 -2.4411
v  5.1768 0.5319 -2.4411
v  5.1929 0.5709 -2.4411
v  5.1768 0.6098 -2.4411
v  5.1378 0.6260 -2.4411
v  5.0988 0.6098 -2.4411
v  5.0827 0.5709 -2.4411
v  5.1378 0.5157 -2.4411
v  5.0905 0.6182 -2.4293
v  5.1378 0.6378 -2.4293
v  5.1851 0.5235 -2.4293
v  5.1378 0.5039 -2.4293
v  5.1378 0.5039 -2.3152
v  5.1851 0.5235 -2.3152
v  5.2047 0.5709 -2.3152
v  5.2047 0.5709 -2.4293
v  5.1851 0.6182 -2.3152
v  5.1851 0.6182 -2.4293
v  5.1378 0.6378 -2.3152
v  5.0905 0.6182 -2.3152
v  5.0709 0.5709 -2.3152
v  5.0709 0.5709 -2.4293
v  5.0905 0.5235 -2.3152
v  5.0905 0.5235 -2.4293
v  5.1122 0.5709 -2.2871
v  5.1197 0.5528 -2.2871
v  5.1378 0.5453 -2.2871
v  5.1559 0.5528 -2.2871
v  5.1634 0.5709 -2.2871
v  5.1559 0.5890 -2.2871
v  5.1378 0.5965 -2.2871
v  5.1197 0.5890 -2.2871
v  5.1122 0.5709 -2.4411
v  5.1122 0.5709 -2.4351
v  5.1062 0.5709 -2.4411
v  5.1197 0.5528 -2.4411
v  5.1155 0.5485 -2.4411
v  5.1197 0.5528 -2.4351
v  5.1378 0.5453 -2.4411
v  5.1378 0.5393 -2.4411
v  5.1378 0.5453 -2.4351
v  5.1559 0.5528 -2.4411
v  5.1601 0.5485 -2.4411
v  5.1559 0.5528 -2.4351
v  5.1634 0.5709 -2.4411
v  5.1694 0.5709 -2.4411
v  5.1634 0.5709 -2.4351
v  5.1559 0.5890 -2.4411
v  5.1601 0.5932 -2.4411
v  5.1559 0.5890 -2.4351
v  5.1378 0.5965 -2.4411
v  5.1378 0.6025 -2.4411
v  5.1378 0.5965 -2.4351
v  5.1197 0.5890 -2.4411
v  5.1155 0.5932 -2.4411
v  5.1197 0.5890 -2.4351
v  5.2030 0.5709 -2.4354
v  5.1990 0.5709 -2.4393
v  5.1378 0.5096 -2.4393
v  5.1378 0.5057 -2.4354
v  5.1811 0.6142 -2.4393
v  5.1839 0.6170 -2.4354
v  5.1378 0.6321 -2.4393
v  5.1378 0.6360 -2.4354
v  5.0945 0.6142 -2.4393
v  5.0917 0.6170 -2.4354
v  5.0766 0.5709 -2.4393
v  5.0726 0.5709 -2.4354
v  5.0945 0.5276 -2.4393
v  5.0917 0.5248 -2.4354
v  5.1839 0.5248 -2.4354
v  5.1811 0.5276 -2.4393
v  5.0988 -0.6098 -2.4411
v  5.1768 -0.6098 -2.4411
v  5.1929 -0.5709 -2.4411
v  5.1768 -0.5319 -2.4411
v  5.1378 -0.5157 -2.4411
v  5.0988 -0.5319 -2.4411
v  5.0827 -0.5709 -2.4411
v  5.1378 -0.6260 -2.4411
v  5.0905 -0.5235 -2.4293
v  5.1378 -0.5039 -2.4293
v  5.1851 -0.6182 -2.4293
v  5.1378 -0.6378 -2.4293
v  5.1378 -0.6378 -2.3152
v  5.1851 -0.6182 -2.3152
v  5.2047 -0.5709 -2.3152
v  5.2047 -0.5709 -2.4293
v  5.1851 -0.5235 -2.3152
v  5.1851 -0.5235 -2.4293
v  5.1378 -0.5039 -2.3152
v  5.0905 -0.5235 -2.3152
v  5.0709 -0.5709 -2.3152
v  5.0709 -0.5709 -2.4293
v  5.0905 -0.6182 -2.3152
v  5.0905 -0.6182 -2.4293
v  5.1122 -0.5709 -2.2871
v  5.1197 -0.5890 -2.2871
v  5.1378 -0.5965 -2.2871
v  5.1559 -0.5890 -2.2871
v  5.1634 -0.5709 -2.2871
v  5.1559 -0.5528 -2.2871
v  5.1378 -0.5453 -2.2871
v  5.1197 -0.5528 -2.2871
v  5.1122 -0.5709 -2.4411
v  5.1122 -0.5709 -2.4351
v  5.1062 -0.5709 -2.4411
v  5.1197 -0.5890 -2.4411
v  5.1155 -0.5932 -2.4411
v  5.1197 -0.5890 -2.4351
v  5.1378 -0.5965 -2.4411
v  5.1378 -0.6025 -2.4411
v  5.1378 -0.5965 -2.4351
v  5.1559 -0.5890 -2.4411
v  5.1601 -0.5932 -2.4411
v  5.1559 -0.5890 -2.4351
v  5.1634 -0.5709 -2.4411
v  5.1694 -0.5709 -2.4411
v  5.1634 -0.5709 -2.4351
v  5.1559 -0.5528 -2.4411
v  5.1601 -0.5485 -2.4411
v  5.1559 -0.5528 -2.4351
v  5.1378 -0.5453 -2.4411
v  5.1378 -0.5393 -2.4411
v  5.1378 -0.5453 -2.4351
v  5.1197 -0.5528 -2.4411
v  5.1155 -0.5485 -2.4411
v  5.1197 -0.5528 -2.4351
v  5.2030 -0.5709 -2.4354
v  5.1990 -0.5709 -2.4393
v  5.1378 -0.6321 -2.4393
v  5.1378 -0.6360 -2.4354
v  5.1811 -0.5276 -2.4393
v  5.1839 -0.5248 -2.4354
v  5.1378 -0.5096 -2.4393
v  5.1378 -0.5057 -2.4354
v  5.0945 -0.5276 -2.4393
v  5.0917 -0.5248 -2.4354
v  5.0766 -0.5709 -2.4393
v  5.0726 -0.5709 -2.4354
v  5.0945 -0.6142 -2.4393
v  5.0917 -0.6170 -2.4354
v  5.1839 -0.6170 -2.4354
v  5.1811 -0.6142 -2.4393
v  5.0988 -1.7516 -2.4411
v  5.1768 -1.7516 -2.4411
v  5.1929 -1.7126 -2.4411
v  5.1768 -1.6736 -2.4411
v  5.1378 -1.6575 -2.4411
v  5.0988 -1.6736 -2.4411
v  5.0827 -1.7126 -2.4411
v  5.1378 -1.7677 -2.4411
v  5.0905 -1.6653 -2.4293
v  5.1378 -1.6457 -2.4293
v  5.1851 -1.7599 -2.4293
v  5.1378 -1.7795 -2.4293
v  5.1378 -1.7795 -2.3152
v  5.1851 -1.7599 -2.3152
v  5.2047 -1.7126 -2.3152
v  5.2047 -1.7126 -2.4293
v  5.1851 -1.6653 -2.3152
v  5.1851 -1.6653 -2.4293
v  5.1378 -1.6457 -2.3152
v  5.0905 -1.6653 -2.3152
v  5.0709 -1.7126 -2.3152
v  5.0709 -1.7126 -2.4293
v  5.0905 -1.7599 -2.3152
v  5.0905 -1.7599 -2.4293
v  5.1122 -1.7126 -2.2871
v  5.1197 -1.7307 -2.2871
v  5.1378 -1.7382 -2.2871
v  5.1559 -1.7307 -2.2871
v  5.1634 -1.7126 -2.2871
v  5.1559 -1.6945 -2.2871
v  5.1378 -1.6870 -2.2871
v  5.1197 -1.6945 -2.2871
v  5.1122 -1.7126 -2.4411
v  5.1122 -1.7126 -2.4351
v  5.1062 -1.7126 -2.4411
v  5.1197 -1.7307 -2.4411
v  5.1155 -1.7349 -2.4411
v  5.1197 -1.7307 -2.4351
v  5.1378 -1.7382 -2.4411
v  5.1378 -1.7442 -2.4411
v  5.1378 -1.7382 -2.4351
v  5.1559 -1.7307 -2.4411
v  5.1601 -1.7349 -2.4411
v  5.1559 -1.7307 -2.4351
v  5.1634 -1.7126 -2.4411
v  5.1694 -1.7126 -2.4411
v  5.1634 -1.7126 -2.4351
v  5.1559 -1.6945 -2.4411
v  5.1601 -1.6903 -2.4411
v  5.1559 -1.6945 -2.4351
v  5.1378 -1.6870 -2.4411
v  5.1378 -1.6810 -2.4411
v  5.1378 -1.6870 -2.4351
v  5.1197 -1.6945 -2.4411
v  5.1155 -1.6903 -2.4411
v  5.1197 -1.6945 -2.4351
v  5.2030 -1.7126 -2.4354
v  5.1990 -1.7126 -2.4393
v  5.1378 -1.7738 -2.4393
v  5.1378 -1.7778 -2.4354
v  5.1811 -1.6693 -2.4393
v  5.1839 -1.6665 -2.4354
v  5.1378 -1.6514 -2.4393
v  5.1378 -1.6474 -2.4354
v  5.0945 -1.6693 -2.4393
v  5.0917 -1.6665 -2.4354
v  5.0766 -1.7126 -2.4393
v  5.0726 -1.7126 -2.4354
v  5.0945 -1.7559 -2.4393
v  5.0917 -1.7587 -2.4354
v  5.1839 -1.7587 -2.4354
v  5.1811 -1.7559 -2.4393
v  5.0988 -2.8933 -2.4411
v  5.1768 -2.8933 -2.4411
v  5.1929 -2.8543 -2.4411
v  5.1768 -2.8154 -2.4411
v  5.1378 -2.7992 -2.4411
v  5.0988 -2.8154 -2.4411
v  5.0827 -2.8543 -2.4411
v  5.1378 -2.9094 -2.4411
v  5.0905 -2.8070 -2.4293
v  5.1378 -2.7874 -2.4293
v  5.1851 -2.9017 -2.4293
v  5.1378 -2.9213 -2.4293
v  5.1378 -2.9213 -2.3152
v  5.1851 -2.9017 -2.3152
v  5.2047 -2.8543 -2.3152
v  5.2047 -2.8543 -2.4293
v  5.1851 -2.8070 -2.3152
v  5.1851 -2.8070 -2.4293
v  5.1378 -2.7874 -2.3152
v  5.0905 -2.8070 -2.3152
v  5.0709 -2.8543 -2.3152
v  5.0709 -2.8543 -2.4293
v  5.0905 -2.9017 -2.3152
v  5.0905 -2.9017 -2.4293
v  5.1122 -2.8543 -2.2871
v  5.1197 -2.8724 -2.2871
v  5.1378 -2.8799 -2.2871
v  5.1559 -2.8724 -2.2871
v  5.1634 -2.8543 -2.2871
v  5.1559 -2.8362 -2.2871
v  5.1378 -2.8287 -2.2871
v  5.1197 -2.8362 -2.2871
v  5.1122 -2.8543 -2.4411
v  5.1122 -2.8543 -2.4351
v  5.1062 -2.8543 -2.4411
v  5.1197 -2.8724 -2.4411
v  5.1155 -2.8767 -2.4411
v  5.1197 -2.8724 -2.4351
v  5.1378 -2.8799 -2.4411
v  5.1378 -2.8859 -2.4411
v  5.1378 -2.8799 -2.4351
v  5.1559 -2.8724 -2.4411
v  5.1601 -2.8767 -2.4411
v  5.1559 -2.8724 -2.4351
v  5.1634 -2.8543 -2.4411
v  5.1694 -2.8543 -2.4411
v  5.1634 -2.8543 -2.4351
v  5.1559 -2.8362 -2.4411
v  5.1601 -2.8320 -2.4411
v  5.1559 -2.8362 -2.4351
v  5.1378 -2.8287 -2.4411
v  5.1378 -2.8227 -2.4411
v  5.1378 -2.8287 -2.4351
v  5.1197 -2.8362 -2.4411
v  5.1155 -2.8320 -2.4411
v  5.1197 -2.8362 -2.4351
v  5.2030 -2.8543 -2.4354
v  5.1990 -2.8543 -2.4393
v  5.1378 -2.9156 -2.4393
v  5.1378 -2.9195 -2.4354
v  5.1811 -2.8110 -2.4393
v  5.1839 -2.8082 -2.4354
v  5.1378 -2.7931 -2.4393
v  5.1378 -2.7892 -2.4354
v  5.0945 -2.8110 -2.4393
v  5.0917 -2.8082 -2.4354
v  5.0766 -2.8543 -2.4393
v  5.0726 -2.8543 -2.4354
v  5.0945 -2.8976 -2.4393
v  5.0917 -2.9004 -2.4354
v  5.1839 -2.9004 -2.4354
v  5.1811 -2.8976 -2.4393
v  5.0988 -4.0350 -2.4411
v  5.1768 -4.0350 -2.4411
v  5.1929 -3.9961 -2.4411
v  5.1768 -3.9571 -2.4411
v  5.1378 -3.9409 -2.4411
v  5.0988 -3.9571 -2.4411
v  5.0827 -3.9961 -2.4411
v  5.1378 -4.0512 -2.4411
v  5.0905 -3.9487 -2.4293
v  5.1378 -3.9291 -2.4293
v  5.1851 -4.0434 -2.4293
v  5.1378 -4.0630 -2.4293
v  5.1378 -4.0630 -2.3152
v  5.1851 -4.0434 -2.3152
v  5.2047 -3.9961 -2.3152
v  5.2047 -3.9961 -2.4293
v  5.1851 -3.9487 -2.3152
v  5.1851 -3.9487 -2.4293
v  5.1378 -3.9291 -2.3152
v  5.0905 -3.9487 -2.3152
v  5.0709 -3.9961 -2.3152
v  5.0709 -3.9961 -2.4293
v  5.0905 -4.0434 -2.3152
v  5.0905 -4.0434 -2.4293
v  5.1122 -3.9961 -2.2871
v  5.1197 -4.0142 -2.2871
v  5.1378 -4.0217 -2.2871
v  5.1559 -4.0142 -2.2871
v  5.1634 -3.9961 -2.2871
v  5.1559 -3.9780 -2.2871
v  5.1378 -3.9705 -2.2871
v  5.1197 -3.9780 -2.2871
v  5.1122 -3.9961 -2.4411
v  5.1122 -3.9961 -2.4351
v  5.1062 -3.9961 -2.4411
v  5.1197 -4.0142 -2.4411
v  5.1155 -4.0184 -2.4411
v  5.1197 -4.0142 -2.4351
v  5.1378 -4.0217 -2.4411
v  5.1378 -4.0277 -2.4411
v  5.1378 -4.0217 -2.4351
v  5.1559 -4.0142 -2.4411
v  5.1601 -4.0184 -2.4411
v  5.1559 -4.0142 -2.4351
v  5.1634 -3.9961 -2.4411
v  5.1694 -3.9961 -2.4411
v  5.1634 -3.9961 -2.4351
v  5.1559 -3.9780 -2.4411
v  5.1601 -3.9737 -2.4411
v  5.1559 -3.9780 -2.4351
v  5.1378 -3.9705 -2.4411
v  5.1378 -3.9645 -2.4411
v  5.1378 -3.9705 -2.4351
v  5.1197 -3.9780 -2.4411
v  5.1155 -3.9737 -2.4411
v  5.1197 -3.9780 -2.4351
v  5.2030 -3.9961 -2.4354
v  5.1990 -3.9961 -2.4393
v  5.1378 -4.0573 -2.4393
v  5.1378 -4.0612 -2.4354
v  5.1811 -3.9528 -2.4393
v  5.1839 -3.9500 -2.4354
v  5.1378 -3.9348 -2.4393
v  5.1378 -3.9309 -2.4354
v  5.0945 -3.9528 -2.4393
v  5.0917 -3.9500 -2.4354
v  5.0766 -3.9961 -2.4393
v  5.0726 -3.9961 -2.4354
v  5.0945 -4.0394 -2.4393
v  5.0917 -4.0422 -2.4354
v  5.1839 -4.0421 -2.4354
v  5.1811 -4.0394 -2.4393
v  5.0988 -5.1768 -2.4411
v  5.1768 -5.1768 -2.4411
v  5.1929 -5.1378 -2.4411
v  5.1768 -5.0988 -2.4411
v  5.1378 -5.0827 -2.4411
v  5.0988 -5.0988 -2.4411
v  5.0827 -5.1378 -2.4411
v  5.1378 -5.1929 -2.4411
v  5.0905 -5.0905 -2.4293
v  5.1378 -5.0709 -2.4293
v  5.1851 -5.1851 -2.4293
v  5.1378 -5.2047 -2.4293
v  5.1378 -5.2047 -2.3152
v  5.1851 -5.1851 -2.3152
v  5.2047 -5.1378 -2.3152
v  5.2047 -5.1378 -2.4293
v  5.1851 -5.0905 -2.3152
v  5.1851 -5.0905 -2.4293
v  5.1378 -5.0709 -2.3152
v  5.0905 -5.0905 -2.3152
v  5.0709 -5.1378 -2.3152
v  5.0709 -5.1378 -2.4293
v  5.0905 -5.1851 -2.3152
v  5.0905 -5.1851 -2.4293
v  5.1122 -5.1378 -2.2871
v  5.1197 -5.1559 -2.2871
v  5.1378 -5.1634 -2.2871
v  5.1559 -5.1559 -2.2871
v  5.1634 -5.1378 -2.2871
v  5.1559 -5.1197 -2.2871
v  5.1378 -5.1122 -2.2871
v  5.1197 -5.1197 -2.2871
v  5.1122 -5.1378 -2.4411
v  5.1122 -5.1378 -2.4351
v  5.1062 -5.1378 -2.4411
v  5.1197 -5.1559 -2.4411
v  5.1155 -5.1601 -2.4411
v  5.1197 -5.1559 -2.4351
v  5.1378 -5.1634 -2.4411
v  5.1378 -5.1694 -2.4411
v  5.1378 -5.1634 -2.4351
v  5.1559 -5.1559 -2.4411
v  5.1601 -5.1601 -2.4411
v  5.1559 -5.1559 -2.4351
v  5.1634 -5.1378 -2.4411
v  5.1694 -5.1378 -2.4411
v  5.1634 -5.1378 -2.4351
v  5.1559 -5.1197 -2.4411
v  5.1601 -5.1155 -2.4411
v  5.1559 -5.1197 -2.4351
v  5.1378 -5.1122 -2.4411
v  5.1378 -5.1062 -2.4411
v  5.1378 -5.1122 -2.4351
v  5.1197 -5.1197 -2.4411
v  5.1155 -5.1155 -2.4411
v  5.1197 -5.1197 -2.4351
v  5.2030 -5.1378 -2.4354
v  5.1990 -5.1378 -2.4393
v  5.1378 -5.1990 -2.4393
v  5.1378 -5.2030 -2.4354
v  5.1811 -5.0945 -2.4393
v  5.1839 -5.0917 -2.4354
v  5.1378 -5.0766 -2.4393
v  5.1378 -5.0726 -2.4354
v  5.0945 -5.0945 -2.4393
v  5.0917 -5.0917 -2.4354
v  5.0766 -5.1378 -2.4393
v  5.0726 -5.1378 -2.4354
v  5.0945 -5.1811 -2.4393
v  5.0917 -5.1839 -2.4354
v  5.1839 -5.1839 -2.4354
v  5.1811 -5.1811 -2.4393
v  -7.4648 7.4647 -2.3230
v  -7.4647 -7.4648 -2.3230
v  7.4648 -7.4647 -2.3230
v  7.4647 7.4648 -2.3230
v  7.4648 -7.4647 -2.4017
v  -7.4647 -7.4648 -2.4017
v  -7.4648 7.4647 -2.4017
v  7.4647 7.4648 -2.4017
v  7.5093 7.5535 -2.3230
v  7.5093 7.5535 -2.3290
v  7.5066 7.5482 -2.3230
v  7.4803 7.5591 -2.3230
v  7.4793 7.5531 -2.3230
v  7.4803 7.5591 -2.3290
v  7.5591 7.4803 -2.3230
v  7.5591 7.4803 -2.3290
v  7.5531 7.4793 -2.3230
v  7.5535 7.5093 -2.3230
v  7.5482 7.5066 -2.3230
v  7.5535 7.5093 -2.3290
v  7.5535 7.5093 -2.4017
v  7.5535 7.5093 -2.3957
v  7.5482 7.5066 -2.4017
v  7.5591 7.4803 -2.4017
v  7.5531 7.4793 -2.4017
v  7.5591 7.4803 -2.3957
v  7.5360 7.5360 -2.4017
v  7.5360 7.5360 -2.3957
v  7.5317 7.5318 -2.4017
v  7.5360 7.5360 -2.3230
v  7.5317 7.5318 -2.3230
v  7.5360 7.5360 -2.3290
v  7.5093 7.5535 -2.4017
v  7.5093 7.5535 -2.3957
v  7.5066 7.5482 -2.4017
v  7.4803 7.5591 -2.4017
v  7.4803 7.5591 -2.3957
v  7.4793 7.5531 -2.4017
v  7.5591 -7.4803 -2.4017
v  7.5531 -7.4793 -2.4017
v  7.5591 -7.4803 -2.3957
v  7.5591 -7.4803 -2.3230
v  7.5591 -7.4803 -2.3290
v  7.5531 -7.4793 -2.3230
v  7.5535 -7.5093 -2.3230
v  7.5535 -7.5093 -2.3290
v  7.5482 -7.5066 -2.3230
v  7.4803 -7.5591 -2.3230
v  7.4803 -7.5591 -2.3290
v  7.4793 -7.5531 -2.3230
v  7.5093 -7.5535 -2.3230
v  7.5066 -7.5482 -2.3230
v  7.5093 -7.5535 -2.3290
v  7.5093 -7.5535 -2.4017
v  7.5093 -7.5535 -2.3957
v  7.5066 -7.5482 -2.4017
v  7.4803 -7.5591 -2.4017
v  7.4793 -7.5531 -2.4017
v  7.4803 -7.5591 -2.3957
v  7.5360 -7.5360 -2.4017
v  7.5360 -7.5360 -2.3957
v  7.5318 -7.5317 -2.4017
v  7.5360 -7.5360 -2.3230
v  7.5318 -7.5317 -2.3230
v  7.5360 -7.5360 -2.3290
v  7.5535 -7.5093 -2.4017
v  7.5535 -7.5093 -2.3957
v  7.5482 -7.5066 -2.4017
v  -7.4803 -7.5591 -2.3230
v  -7.4803 -7.5591 -2.3290
v  -7.4793 -7.5531 -2.3230
v  -7.4803 -7.5591 -2.4017
v  -7.4793 -7.5531 -2.4017
v  -7.4803 -7.5591 -2.3957
v  -7.5093 -7.5535 -2.3230
v  -7.5093 -7.5535 -2.3290
v  -7.5066 -7.5482 -2.3230
v  -7.5590 -7.4803 -2.3230
v  -7.5590 -7.4803 -2.3290
v  -7.5531 -7.4793 -2.3230
v  -7.5535 -7.5093 -2.3230
v  -7.5482 -7.5066 -2.3230
v  -7.5535 -7.5093 -2.3290
v  -7.5535 -7.5093 -2.4017
v  -7.5535 -7.5093 -2.3957
v  -7.5482 -7.5066 -2.4017
v  -7.5590 -7.4803 -2.4017
v  -7.5531 -7.4793 -2.4017
v  -7.5590 -7.4803 -2.3957
v  -7.5360 -7.5360 -2.4017
v  -7.5360 -7.5360 -2.3957
v  -7.5317 -7.5318 -2.4017
v  -7.5360 -7.5360 -2.3230
v  -7.5317 -7.5318 -2.3230
v  -7.5360 -7.5360 -2.3290
v  -7.5093 -7.5535 -2.4017
v  -7.5093 -7.5535 -2.3957
v  -7.5066 -7.5482 -2.4017
v  -7.5591 7.4803 -2.3230
v  -7.5591 7.4803 -2.3290
v  -7.5531 7.4793 -2.3230
v  -7.5591 7.4803 -2.4017
v  -7.5531 7.4793 -2.4017
v  -7.5591 7.4803 -2.3957
v  -7.5535 7.5093 -2.3230
v  -7.5535 7.5093 -2.3290
v  -7.5482 7.5066 -2.3230
v  -7.4803 7.5591 -2.3230
v  -7.4803 7.5591 -2.3290
v  -7.4793 7.5531 -2.3230
v  -7.5093 7.5535 -2.3230
v  -7.5066 7.5482 -2.3230
v  -7.5093 7.5535 -2.3290
v  -7.5093 7.5535 -2.4017
v  -7.5093 7.5535 -2.3957
v  -7.5066 7.5482 -2.4017
v  -7.4803 7.5591 -2.4017
v  -7.4793 7.5531 -2.4017
v  -7.4803 7.5591 -2.3957
v  -7.5360 7.5360 -2.4017
v  -7.5360 7.5360 -2.3957
v  -7.5318 7.5317 -2.4017
v  -7.5360 7.5360 -2.3230
v  -7.5318 7.5317 -2.3230
v  -7.5360 7.5360 -2.3290
v  -7.5535 7.5093 -2.4017
v  -7.5535 7.5093 -2.3957
v  -7.5482 7.5066 -2.4017
v  -6.8328 6.8659 -2.0671
v  -6.8110 6.8701 -2.0671
v  -6.8110 6.9118 -2.0844
v  -6.8110 6.9291 -2.1261
v  -6.9250 6.8110 -2.1044
v  -6.9118 6.8110 -2.0844
v  -6.8659 6.8328 -2.0671
v  -6.8528 6.8528 -2.0671
v  -6.8408 6.8861 -2.0712
v  -6.8481 6.9048 -2.0844
v  -6.8530 6.9170 -2.1044
v  -6.8916 6.8916 -2.1044
v  -6.9170 6.8530 -2.1044
v  -6.9048 6.8481 -2.0844
v  -6.8861 6.8408 -2.0712
v  -6.8823 6.8823 -2.0844
v  -6.8682 6.8681 -2.0712
v  -6.8945 6.8945 -2.1261
v  -6.9208 6.8545 -2.1261
v  -6.8545 6.9208 -2.1261
v  -6.9291 6.8110 -2.1261
v  -6.8701 6.8110 -2.0671
v  -6.8918 6.8110 -2.0712
v  -6.8110 6.8918 -2.0712
v  -6.8110 6.9250 -2.1044
v  -6.7562 6.7562 -2.3230
v  -6.7207 6.7207 -2.0671
v  -6.9291 6.8110 -2.3230
v  -6.9291 6.8110 -2.3130
v  -6.9196 6.8080 -2.3230
v  -6.9208 6.8545 -2.3230
v  -6.9123 6.8494 -2.3230
v  -6.9208 6.8545 -2.3130
v  -6.8945 6.8945 -2.3230
v  -6.8875 6.8875 -2.3230
v  -6.8945 6.8945 -2.3130
v  -6.8545 6.9208 -2.3230
v  -6.8545 6.9208 -2.3130
v  -6.8494 6.9122 -2.3230
v  -6.8110 6.9291 -2.3230
v  -6.8080 6.9196 -2.3230
v  -6.8110 6.9291 -2.3130
v  -6.8545 6.9208 -2.1345
v  -6.8945 6.8945 -2.1345
v  -6.9208 6.8545 -2.1345
v  -6.9291 6.8110 -2.1345
v  -6.8110 6.9291 -2.1345
v  -6.9291 -0.0000 -2.1261
v  -6.9250 -0.0000 -2.1044
v  -6.8918 -0.0000 -2.0712
v  -6.8701 -0.0000 -2.0671
v  -6.7562 -0.0000 -2.3230
v  -6.9196 -0.0000 -2.3230
v  -6.9291 -0.0000 -2.3230
v  -6.9291 -0.0000 -2.1345
v  -0.0000 6.9291 -2.1261
v  -0.0000 6.9250 -2.1044
v  -0.0000 6.9196 -2.3230
v  -0.0000 6.9291 -2.3230
v  -0.0000 6.9291 -2.1345
v  -3.3072 6.9291 -2.1261
v  -3.3072 6.9250 -2.1044
v  -3.3072 6.8701 -2.0671
v  -3.3065 6.7562 -2.3230
v  -3.3071 6.9196 -2.3230
v  -3.3072 6.9291 -2.3130
v  -3.3072 6.8918 -2.0712
v  -3.3072 6.9118 -2.0844
v  -3.3072 6.9291 -2.3230
v  -3.3072 6.9291 -2.1345
v  -6.9291 3.2996 -2.3130
v  -6.8918 3.2996 -2.0712
v  -6.9118 3.2996 -2.0844
v  -6.9291 3.2996 -2.3230
v  -6.9291 3.2996 -2.1345
v  -6.9291 3.2996 -2.1261
v  -6.9250 3.2996 -2.1044
v  -6.8701 3.2996 -2.0671
v  -6.7116 3.2991 -2.0671
v  -6.7562 3.2991 -2.3230
v  -6.9196 3.2995 -2.3230
v  -0.0000 6.7207 -2.0671
v  -3.3066 6.7207 -2.0671
v  -3.3071 3.2869 -2.0671
v  -0.0000 3.2869 -2.0671
v  -6.6648 6.7207 -2.0671
v  -6.7205 6.6439 -2.0671
v  -6.5911 6.7207 -2.0671
v  -0.0492 6.7207 -2.0671
v  6.8110 6.8918 -2.0712
v  6.8408 6.8861 -2.0712
v  6.8328 6.8659 -2.0671
v  6.8110 6.8701 -2.0671
v  6.8110 6.9118 -2.0844
v  6.8481 6.9048 -2.0844
v  6.8110 6.9250 -2.1044
v  6.8530 6.9170 -2.1044
v  6.8110 6.9291 -2.1261
v  6.8545 6.9208 -2.1261
v  6.8945 6.8945 -2.1261
v  6.8916 6.8916 -2.1044
v  6.9208 6.8545 -2.1261
v  6.9170 6.8530 -2.1044
v  6.9291 6.8110 -2.1261
v  6.9250 6.8110 -2.1044
v  6.9118 6.8110 -2.0844
v  6.9048 6.8481 -2.0844
v  6.8918 6.8110 -2.0712
v  6.8861 6.8408 -2.0712
v  6.8701 6.8110 -2.0671
v  6.8659 6.8328 -2.0671
v  6.8823 6.8823 -2.0844
v  6.8681 6.8682 -2.0712
v  6.8528 6.8528 -2.0671
v  6.8545 6.9208 -2.1345
v  6.8945 6.8945 -2.1345
v  6.9208 6.8545 -2.1345
v  6.9291 6.8110 -2.1345
v  6.8545 6.9208 -2.3130
v  6.8110 6.9291 -2.1345
v  6.8110 6.9291 -2.3130
v  6.9291 3.2996 -2.1345
v  6.9291 3.2996 -2.1261
v  6.8918 3.2996 -2.0712
v  6.8701 3.2996 -2.0671
v  6.9118 3.2996 -2.0844
v  6.9250 3.2996 -2.1044
v  3.3072 6.9250 -2.1044
v  3.3072 6.9291 -2.1261
v  6.9196 6.8080 -2.3230
v  6.9122 6.8494 -2.3230
v  6.7562 6.7562 -2.3230
v  6.8875 6.8875 -2.3230
v  6.8494 6.9123 -2.3230
v  6.8080 6.9196 -2.3230
v  3.3071 6.9196 -2.3230
v  3.3065 6.7562 -2.3230
v  6.7207 6.7207 -2.0671
v  6.6647 6.7207 -2.0671
v  6.7205 6.6439 -2.0671
v  6.8945 6.8945 -2.3130
v  6.8545 6.9208 -2.3230
v  6.8945 6.8945 -2.3230
v  6.9291 6.8110 -2.3130
v  6.9208 6.8545 -2.3130
v  6.9208 6.8545 -2.3230
v  6.9291 6.8110 -2.3230
v  6.8110 6.9291 -2.3230
v  3.3072 6.9291 -2.3130
v  3.3072 6.9291 -2.3230
v  6.9196 3.2995 -2.3230
v  6.9291 3.2996 -2.3230
v  6.9291 3.2996 -2.3130
v  6.9291 0.0000 -2.1261
v  6.9196 0.0000 -2.3230
v  6.7562 3.2991 -2.3230
v  6.7562 0.0000 -2.3230
v  6.9291 0.0000 -2.3230
v  3.3072 6.9291 -2.1345
v  -0.0000 6.8918 -2.0712
v  3.3072 6.8918 -2.0712
v  3.3072 6.8701 -2.0671
v  -0.0000 6.8701 -2.0671
v  -0.0000 6.9118 -2.0844
v  3.3072 6.9118 -2.0844
v  0.0492 6.7207 -2.0671
v  -0.0000 6.9291 -2.3130
v  -0.0000 6.7562 -2.3230
v  6.5911 6.7207 -2.0671
v  3.3065 6.7207 -2.0671
v  6.9291 0.0000 -2.1345
v  6.8701 0.0000 -2.0671
v  6.7116 3.2991 -2.0671
v  3.3071 3.2869 -2.0671
v  -6.6983 -0.0000 -2.0671
v  -3.3071 -0.0000 -2.0671
v  0.0000 -0.0000 -2.0671
v  6.6983 0.0000 -2.0671
v  3.3071 0.0000 -2.0671
v  -6.8110 -6.8918 -2.0712
v  -6.8408 -6.8861 -2.0712
v  -6.8328 -6.8659 -2.0671
v  -6.8110 -6.8701 -2.0671
v  -6.8110 -6.9118 -2.0844
v  -6.8481 -6.9048 -2.0844
v  -6.8110 -6.9250 -2.1044
v  -6.8530 -6.9170 -2.1044
v  -6.8110 -6.9291 -2.1261
v  -6.8545 -6.9208 -2.1261
v  -6.8945 -6.8945 -2.1261
v  -6.8916 -6.8916 -2.1044
v  -6.9208 -6.8545 -2.1261
v  -6.9170 -6.8530 -2.1044
v  -6.9291 -6.8110 -2.1261
v  -6.9250 -6.8110 -2.1044
v  -6.9118 -6.8110 -2.0844
v  -6.9048 -6.8481 -2.0844
v  -6.8918 -6.8110 -2.0712
v  -6.8861 -6.8408 -2.0712
v  -6.8701 -6.8110 -2.0671
v  -6.8659 -6.8328 -2.0671
v  -6.8823 -6.8823 -2.0844
v  -6.8681 -6.8682 -2.0712
v  -6.8528 -6.8528 -2.0671
v  -6.8545 -6.9208 -2.1345
v  -6.8945 -6.8945 -2.1345
v  -6.9208 -6.8545 -2.1345
v  -6.9291 -6.8110 -2.1345
v  -6.8545 -6.9208 -2.3130
v  -6.8110 -6.9291 -2.1345
v  -6.8110 -6.9291 -2.3130
v  -6.9291 -3.2996 -2.1345
v  -6.9291 -3.2996 -2.1261
v  -6.8918 -3.2996 -2.0712
v  -6.8701 -3.2996 -2.0671
v  -6.9118 -3.2996 -2.0844
v  -6.9250 -3.2996 -2.1044
v  -3.3072 -6.9250 -2.1044
v  -3.3072 -6.9291 -2.1261
v  -6.9196 -6.8080 -2.3230
v  -6.9122 -6.8494 -2.3230
v  -6.7562 -6.7562 -2.3230
v  -6.8875 -6.8875 -2.3230
v  -6.8494 -6.9123 -2.3230
v  -6.8080 -6.9196 -2.3230
v  -3.3071 -6.9196 -2.3230
v  -3.3065 -6.7562 -2.3230
v  -6.7207 -6.7207 -2.0671
v  -6.6647 -6.7207 -2.0671
v  -6.7205 -6.6439 -2.0671
v  -6.8945 -6.8945 -2.3130
v  -6.8545 -6.9208 -2.3230
v  -6.8945 -6.8945 -2.3230
v  -6.9291 -6.8110 -2.3130
v  -6.9208 -6.8545 -2.3130
v  -6.9208 -6.8545 -2.3230
v  -6.9291 -6.8110 -2.3230
v  -6.8110 -6.9291 -2.3230
v  -3.3072 -6.9291 -2.3130
v  -3.3072 -6.9291 -2.3230
v  -6.9196 -3.2995 -2.3230
v  -6.9291 -3.2996 -2.3230
v  -6.9291 -3.2996 -2.3130
v  -6.7562 -3.2991 -2.3230
v  -6.9291 -0.0000 -2.3130
v  0.0000 -6.9291 -2.1345
v  -3.3072 -6.9291 -2.1345
v  0.0000 -6.9291 -2.1261
v  0.0000 -6.8918 -2.0712
v  -3.3072 -6.8918 -2.0712
v  -3.3072 -6.8701 -2.0671
v  0.0000 -6.8701 -2.0671
v  0.0000 -6.9118 -2.0844
v  -3.3072 -6.9118 -2.0844
v  0.0000 -6.9250 -2.1044
v  -0.0492 -6.7207 -2.0671
v  0.0000 -6.7207 -2.0671
v  0.0000 -6.9196 -2.3230
v  0.0000 -6.9291 -2.3230
v  0.0000 -6.9291 -2.3130
v  0.0000 -6.7562 -2.3230
v  -6.5911 -6.7207 -2.0671
v  -6.9118 -0.0000 -2.0844
v  -6.7116 -3.2991 -2.0671
v  -3.3065 -6.7207 -2.0671
v  -3.3071 -3.2869 -2.0671
v  0.0000 -3.2869 -2.0671
v  6.8110 -6.8918 -2.0712
v  6.8110 -6.8701 -2.0671
v  6.8328 -6.8659 -2.0671
v  6.8408 -6.8861 -2.0712
v  6.8110 -6.9118 -2.0844
v  6.8481 -6.9048 -2.0844
v  6.8110 -6.9250 -2.1044
v  6.8530 -6.9170 -2.1044
v  6.8110 -6.9291 -2.1261
v  6.8545 -6.9208 -2.1261
v  6.8945 -6.8945 -2.1261
v  6.8916 -6.8916 -2.1044
v  6.9208 -6.8545 -2.1261
v  6.9170 -6.8530 -2.1044
v  6.9291 -6.8110 -2.1261
v  6.9250 -6.8110 -2.1044
v  6.9118 -6.8110 -2.0844
v  6.9048 -6.8481 -2.0844
v  6.8918 -6.8110 -2.0712
v  6.8861 -6.8408 -2.0712
v  6.8701 -6.8110 -2.0671
v  6.8659 -6.8328 -2.0671
v  6.8823 -6.8823 -2.0844
v  6.8682 -6.8681 -2.0712
v  6.8528 -6.8528 -2.0671
v  6.8945 -6.8945 -2.1345
v  6.8545 -6.9208 -2.1345
v  6.9291 -6.8110 -2.1345
v  6.9208 -6.8545 -2.1345
v  6.8545 -6.9208 -2.3130
v  6.8110 -6.9291 -2.3130
v  6.8110 -6.9291 -2.1345
v  6.9291 -3.2996 -2.1261
v  6.9291 -3.2996 -2.1345
v  6.8701 -3.2996 -2.0671
v  6.8918 -3.2996 -2.0712
v  6.9118 -3.2996 -2.0844
v  6.9250 -3.2996 -2.1044
v  3.3072 -6.9291 -2.1261
v  3.3072 -6.9250 -2.1044
v  6.9196 -6.8080 -2.3230
v  6.7562 -6.7562 -2.3230
v  6.9123 -6.8494 -2.3230
v  6.8875 -6.8875 -2.3230
v  6.8494 -6.9122 -2.3230
v  6.8080 -6.9196 -2.3230
v  3.3065 -6.7562 -2.3230
v  3.3071 -6.9196 -2.3230
v  6.6648 -6.7207 -2.0671
v  6.7207 -6.7207 -2.0671
v  6.7205 -6.6439 -2.0671
v  6.8945 -6.8945 -2.3130
v  6.8945 -6.8945 -2.3230
v  6.8545 -6.9208 -2.3230
v  6.9291 -6.8110 -2.3130
v  6.9291 -6.8110 -2.3230
v  6.9208 -6.8545 -2.3230
v  6.9208 -6.8545 -2.3130
v  6.8110 -6.9291 -2.3230
v  3.3072 -6.9291 -2.3230
v  3.3072 -6.9291 -2.3130
v  6.9291 -3.2996 -2.3230
v  6.9196 -3.2995 -2.3230
v  6.9291 -3.2996 -2.3130
v  6.9250 0.0000 -2.1044
v  6.7562 -3.2991 -2.3230
v  6.9291 0.0000 -2.3130
v  3.3072 -6.9291 -2.1345
v  3.3072 -6.8701 -2.0671
v  3.3072 -6.8918 -2.0712
v  3.3072 -6.9118 -2.0844
v  0.0492 -6.7207 -2.0671
v  3.3066 -6.7207 -2.0671
v  6.5911 -6.7207 -2.0671
v  6.8918 0.0000 -2.0712
v  6.9118 0.0000 -2.0844
v  6.7116 -3.2991 -2.0671
v  3.3071 -3.2869 -2.0671
v  -6.6142 3.3071 -2.1269
v  -3.3071 6.6142 -2.1269
v  -0.0000 6.6142 -2.1269
v  -6.6142 -0.0000 -2.1269
v  -6.6142 6.6142 -2.1269
v  6.6142 0.0000 -2.1269
v  6.6142 3.3071 -2.1269
v  3.3071 6.6142 -2.1269
v  6.6142 6.6142 -2.1269
v  -6.6142 -3.3071 -2.1269
v  0.0000 -6.6142 -2.1269
v  -3.3071 -6.6142 -2.1269
v  -6.6142 -6.6142 -2.1269
v  6.6142 -3.3071 -2.1269
v  3.3071 -6.6142 -2.1269
v  6.6142 -6.6142 -2.1269
v  0.0000 -0.0000 -2.3230
v  -6.8101 6.8601 -2.0671
v  -6.8289 6.8565 -2.0671
v  -6.8456 6.8456 -2.0671
v  -6.8565 6.8289 -2.0671
v  -6.8601 6.8101 -2.0671
v  -6.8601 3.2996 -2.0671
v  -6.8601 -0.0000 -2.0671
v  -6.8601 -3.2996 -2.0671
v  -6.8601 -6.8101 -2.0671
v  -6.8565 -6.8289 -2.0671
v  -6.8456 -6.8456 -2.0671
v  -6.8289 -6.8565 -2.0671
v  -6.8101 -6.8601 -2.0671
v  -3.3072 -6.8601 -2.0671
v  0.0000 -6.8601 -2.0671
v  3.3072 -6.8601 -2.0671
v  6.8101 -6.8601 -2.0671
v  6.8289 -6.8565 -2.0671
v  6.8456 -6.8456 -2.0671
v  6.8565 -6.8289 -2.0671
v  6.8601 -6.8101 -2.0671
v  6.8601 -3.2996 -2.0671
v  6.8601 0.0000 -2.0671
v  6.8601 3.2996 -2.0671
v  6.8601 6.8101 -2.0671
v  6.8565 6.8289 -2.0671
v  6.8456 6.8456 -2.0671
v  6.8289 6.8565 -2.0671
v  6.8101 6.8601 -2.0671
v  3.3072 6.8601 -2.0671
v  -0.0000 6.8601 -2.0671
v  -3.3072 6.8601 -2.0671
v  -6.6634 3.2787 -2.0671
v  -6.6634 3.2787 -2.0751
v  -6.6714 3.2734 -2.0671
v  -6.6634 3.3355 -2.0671
v  -6.6714 3.3395 -2.0671
v  -6.6634 3.3355 -2.0751
v  -3.2579 6.5858 -2.0671
v  -3.2579 6.5858 -2.0751
v  -3.2500 6.5778 -2.0671
v  -3.3071 6.5573 -2.0671
v  -3.3071 6.5493 -2.0671
v  -3.3071 6.5573 -2.0751
v  -3.2579 6.6426 -2.0671
v  -3.2579 6.6426 -2.0751
v  -3.2534 6.6506 -2.0671
v  -0.0492 6.6426 -2.0671
v  -0.0492 6.6426 -2.0751
v  -0.0572 6.6506 -2.0671
v  -0.0000 6.6710 -2.0671
v  -0.0000 6.6790 -2.0671
v  -0.0000 6.6710 -2.0751
v  -6.6142 0.0568 -2.0671
v  -6.6142 0.0568 -2.0751
v  -6.6142 0.0648 -2.0671
v  -6.5650 0.0284 -2.0671
v  -6.5570 0.0363 -2.0671
v  -6.5650 0.0284 -2.0751
v  -6.6634 0.0284 -2.0671
v  -6.6634 0.0284 -2.0751
v  -6.6714 0.0322 -2.0671
v  -6.6634 6.5858 -2.0671
v  -6.6634 6.5858 -2.0751
v  -6.6714 6.5825 -2.0671
v  -6.6634 6.6426 -2.0671
v  -6.6681 6.6490 -2.0671
v  -6.6634 6.6426 -2.0751
v  -6.5650 -0.0000 -2.0671
v  -6.5570 -0.0000 -2.0671
v  -6.5650 -0.0000 -2.0751
v  -0.0000 6.5573 -2.0671
v  -0.0000 6.5573 -2.0751
v  -0.0000 6.5493 -2.0671
v  -0.0492 6.5858 -2.0671
v  -0.0571 6.5778 -2.0671
v  -0.0492 6.5858 -2.0751
v  -3.3563 6.5858 -2.0671
v  -3.3642 6.5778 -2.0671
v  -3.3563 6.5858 -2.0751
v  -6.6142 3.2503 -2.0671
v  -6.6142 3.2503 -2.0751
v  -6.6142 3.2423 -2.0671
v  -6.5650 3.2787 -2.0671
v  -6.5650 3.2787 -2.0751
v  -6.5570 3.2707 -2.0671
v  -6.5650 3.3355 -2.0671
v  -6.5650 3.3355 -2.0751
v  -6.5570 3.3434 -2.0671
v  -6.6142 3.3639 -2.0671
v  -6.6142 3.3639 -2.0751
v  -6.6142 3.3719 -2.0671
v  -3.3563 6.6426 -2.0671
v  -3.3639 6.6451 -2.0671
v  -3.3563 6.6426 -2.0751
v  -3.3071 6.6710 -2.0671
v  -3.3071 6.6710 -2.0751
v  -3.3070 6.6790 -2.0671
v  -6.6142 6.6710 -2.0671
v  -6.6142 6.6710 -2.0751
v  -6.6199 6.6766 -2.0671
v  -6.5650 6.6426 -2.0671
v  -6.5592 6.6506 -2.0671
v  -6.5650 6.6426 -2.0751
v  -6.5650 6.5858 -2.0671
v  -6.5578 6.5822 -2.0671
v  -6.5650 6.5858 -2.0751
v  -6.6142 6.5573 -2.0671
v  -6.6142 6.5493 -2.0671
v  -6.6142 6.5573 -2.0751
v  6.5650 0.0284 -2.0671
v  6.5650 0.0284 -2.0751
v  6.5570 0.0363 -2.0671
v  6.6142 0.0568 -2.0671
v  6.6142 0.0648 -2.0671
v  6.6142 0.0568 -2.0751
v  6.6142 3.2503 -2.0671
v  6.6142 3.2503 -2.0751
v  6.6142 3.2423 -2.0671
v  6.5650 3.2787 -2.0671
v  6.5570 3.2707 -2.0671
v  6.5650 3.2787 -2.0751
v  0.0492 6.6426 -2.0671
v  0.0492 6.6426 -2.0751
v  0.0572 6.6506 -2.0671
v  0.0492 6.5858 -2.0671
v  0.0571 6.5778 -2.0671
v  0.0492 6.5858 -2.0751
v  3.2579 6.5858 -2.0671
v  3.2579 6.5858 -2.0751
v  3.2500 6.5778 -2.0671
v  3.2579 6.6426 -2.0671
v  3.2534 6.6506 -2.0671
v  3.2579 6.6426 -2.0751
v  6.6634 3.2787 -2.0671
v  6.6634 3.2787 -2.0751
v  6.6714 3.2734 -2.0671
v  6.6634 0.0284 -2.0671
v  6.6714 0.0322 -2.0671
v  6.6634 0.0284 -2.0751
v  6.6142 6.5574 -2.0671
v  6.6142 6.5574 -2.0751
v  6.6142 6.5494 -2.0671
v  6.5649 6.5858 -2.0671
v  6.5578 6.5822 -2.0671
v  6.5649 6.5858 -2.0751
v  6.5650 3.3355 -2.0671
v  6.5650 3.3355 -2.0751
v  6.5570 3.3434 -2.0671
v  6.6142 3.3639 -2.0671
v  6.6142 3.3719 -2.0671
v  6.6142 3.3639 -2.0751
v  6.6634 3.3355 -2.0671
v  6.6634 3.3355 -2.0751
v  6.6714 3.3395 -2.0671
v  6.6634 0.0000 -2.0671
v  6.6714 0.0000 -2.0671
v  6.6634 0.0000 -2.0751
v  6.6634 6.5858 -2.0671
v  6.6634 6.5858 -2.0751
v  6.6714 6.5825 -2.0671
v  3.3563 6.6426 -2.0671
v  3.3563 6.6426 -2.0751
v  3.3639 6.6451 -2.0671
v  3.3563 6.5858 -2.0671
v  3.3642 6.5778 -2.0671
v  3.3563 6.5858 -2.0751
v  6.5649 6.6426 -2.0671
v  6.5592 6.6506 -2.0671
v  6.5649 6.6426 -2.0751
v  3.3071 6.6710 -2.0671
v  3.3071 6.6710 -2.0751
v  3.3070 6.6790 -2.0671
v  6.6142 6.6710 -2.0671
v  6.6199 6.6766 -2.0671
v  6.6142 6.6710 -2.0751
v  3.3071 6.5574 -2.0671
v  3.3071 6.5574 -2.0751
v  3.3071 6.5494 -2.0671
v  6.6634 6.6426 -2.0671
v  6.6681 6.6490 -2.0671
v  6.6634 6.6426 -2.0751
v  -6.6634 -0.0000 -2.0671
v  -6.6634 -0.0000 -2.0751
v  -6.6714 -0.0000 -2.0671
v  6.5650 0.0000 -2.0671
v  6.5650 0.0000 -2.0751
v  6.5570 0.0000 -2.0671
v  -6.5650 -0.0284 -2.0671
v  -6.5650 -0.0284 -2.0751
v  -6.5570 -0.0363 -2.0671
v  -6.6142 -0.0568 -2.0671
v  -6.6142 -0.0648 -2.0671
v  -6.6142 -0.0568 -2.0751
v  -6.6142 -3.2503 -2.0671
v  -6.6142 -3.2503 -2.0751
v  -6.6142 -3.2423 -2.0671
v  -6.5650 -3.2787 -2.0671
v  -6.5570 -3.2707 -2.0671
v  -6.5650 -3.2787 -2.0751
v  -0.0492 -6.6426 -2.0671
v  -0.0492 -6.6426 -2.0751
v  -0.0572 -6.6506 -2.0671
v  -0.0492 -6.5858 -2.0671
v  -0.0571 -6.5778 -2.0671
v  -0.0492 -6.5858 -2.0751
v  -3.2579 -6.5858 -2.0671
v  -3.2579 -6.5858 -2.0751
v  -3.2500 -6.5778 -2.0671
v  -3.2579 -6.6426 -2.0671
v  -3.2534 -6.6506 -2.0671
v  -3.2579 -6.6426 -2.0751
v  -6.6634 -3.2787 -2.0671
v  -6.6634 -3.2787 -2.0751
v  -6.6714 -3.2734 -2.0671
v  -6.6634 -0.0284 -2.0671
v  -6.6714 -0.0322 -2.0671
v  -6.6634 -0.0284 -2.0751
v  -6.6142 -6.5574 -2.0671
v  -6.6142 -6.5574 -2.0751
v  -6.6142 -6.5494 -2.0671
v  -6.5649 -6.5858 -2.0671
v  -6.5578 -6.5822 -2.0671
v  -6.5649 -6.5858 -2.0751
v  -6.5650 -3.3355 -2.0671
v  -6.5650 -3.3355 -2.0751
v  -6.5570 -3.3434 -2.0671
v  -6.6142 -3.3639 -2.0671
v  -6.6142 -3.3719 -2.0671
v  -6.6142 -3.3639 -2.0751
v  -6.6634 -3.3355 -2.0671
v  -6.6634 -3.3355 -2.0751
v  -6.6714 -3.3395 -2.0671
v  -6.6634 -6.5858 -2.0671
v  -6.6634 -6.5858 -2.0751
v  -6.6714 -6.5825 -2.0671
v  -3.3563 -6.6426 -2.0671
v  -3.3563 -6.6426 -2.0751
v  -3.3639 -6.6451 -2.0671
v  -3.3563 -6.5858 -2.0671
v  -3.3642 -6.5778 -2.0671
v  -3.3563 -6.5858 -2.0751
v  -6.5649 -6.6426 -2.0671
v  -6.5592 -6.6506 -2.0671
v  -6.5649 -6.6426 -2.0751
v  -3.3071 -6.6710 -2.0671
v  -3.3071 -6.6710 -2.0751
v  -3.3070 -6.6790 -2.0671
v  -6.6142 -6.6710 -2.0671
v  -6.6199 -6.6766 -2.0671
v  -6.6142 -6.6710 -2.0751
v  0.0000 -6.6710 -2.0671
v  0.0000 -6.6710 -2.0751
v  0.0000 -6.6790 -2.0671
v  -3.3071 -6.5574 -2.0671
v  -3.3071 -6.5574 -2.0751
v  -3.3071 -6.5494 -2.0671
v  -6.6634 -6.6426 -2.0671
v  -6.6681 -6.6490 -2.0671
v  -6.6634 -6.6426 -2.0751
v  0.0000 -6.5573 -2.0671
v  0.0000 -6.5493 -2.0671
v  0.0000 -6.5573 -2.0751
v  6.5650 -3.2787 -2.0671
v  6.5650 -3.2787 -2.0751
v  6.5570 -3.2707 -2.0671
v  6.6142 -3.2503 -2.0671
v  6.6142 -3.2423 -2.0671
v  6.6142 -3.2503 -2.0751
v  6.6142 -0.0568 -2.0671
v  6.6142 -0.0568 -2.0751
v  6.6142 -0.0648 -2.0671
v  6.5650 -0.0284 -2.0671
v  6.5570 -0.0363 -2.0671
v  6.5650 -0.0284 -2.0751
v  3.2579 -6.6426 -2.0671
v  3.2579 -6.6426 -2.0751
v  3.2534 -6.6506 -2.0671
v  3.2579 -6.5858 -2.0671
v  3.2500 -6.5778 -2.0671
v  3.2579 -6.5858 -2.0751
v  0.0492 -6.5858 -2.0671
v  0.0492 -6.5858 -2.0751
v  0.0571 -6.5778 -2.0671
v  0.0492 -6.6426 -2.0671
v  0.0572 -6.6506 -2.0671
v  0.0492 -6.6426 -2.0751
v  6.6634 -0.0284 -2.0671
v  6.6634 -0.0284 -2.0751
v  6.6714 -0.0322 -2.0671
v  6.6634 -3.2787 -2.0671
v  6.6714 -3.2734 -2.0671
v  6.6634 -3.2787 -2.0751
v  6.6142 -3.3639 -2.0671
v  6.6142 -3.3639 -2.0751
v  6.6142 -3.3719 -2.0671
v  6.5650 -3.3355 -2.0671
v  6.5570 -3.3434 -2.0671
v  6.5650 -3.3355 -2.0751
v  6.5650 -6.5858 -2.0671
v  6.5650 -6.5858 -2.0751
v  6.5578 -6.5822 -2.0671
v  6.6142 -6.5573 -2.0671
v  6.6142 -6.5493 -2.0671
v  6.6142 -6.5573 -2.0751
v  6.6634 -3.3355 -2.0671
v  6.6714 -3.3395 -2.0671
v  6.6634 -3.3355 -2.0751
v  6.6634 -6.5858 -2.0671
v  6.6714 -6.5825 -2.0671
v  6.6634 -6.5858 -2.0751
v  3.3563 -6.5858 -2.0671
v  3.3563 -6.5858 -2.0751
v  3.3642 -6.5778 -2.0671
v  3.3563 -6.6426 -2.0671
v  3.3639 -6.6451 -2.0671
v  3.3563 -6.6426 -2.0751
v  6.5650 -6.6426 -2.0671
v  6.5650 -6.6426 -2.0751
v  6.5592 -6.6506 -2.0671
v  3.3071 -6.6710 -2.0671
v  3.3070 -6.6790 -2.0671
v  3.3071 -6.6710 -2.0751
v  6.6142 -6.6710 -2.0671
v  6.6142 -6.6710 -2.0751
v  6.6199 -6.6766 -2.0671
v  3.3071 -6.5573 -2.0671
v  3.3071 -6.5493 -2.0671
v  3.3071 -6.5573 -2.0751
v  6.6634 -6.6426 -2.0671
v  6.6634 -6.6426 -2.0751
v  6.6681 -6.6490 -2.0671
v  -6.6634 3.3355 -2.1269
v  -6.6634 3.3355 -2.1189
v  -6.6565 3.3315 -2.1269
v  -6.6634 3.2787 -2.1269
v  -6.6565 3.2827 -2.1269
v  -6.6634 3.2787 -2.1189
v  -3.3071 6.5573 -2.1269
v  -3.3071 6.5573 -2.1189
v  -3.3071 6.5653 -2.1269
v  -3.2579 6.5858 -2.1269
v  -3.2648 6.5898 -2.1269
v  -3.2579 6.5858 -2.1189
v  -3.2579 6.6426 -2.1269
v  -3.2648 6.6386 -2.1269
v  -3.2579 6.6426 -2.1189
v  -0.0000 6.6710 -2.1269
v  -0.0000 6.6710 -2.1189
v  -0.0000 6.6630 -2.1269
v  -0.0492 6.6426 -2.1269
v  -0.0423 6.6386 -2.1269
v  -0.0492 6.6426 -2.1189
v  -6.5650 0.0284 -2.1269
v  -6.5650 0.0284 -2.1189
v  -6.5719 0.0244 -2.1269
v  -6.6142 0.0568 -2.1269
v  -6.6142 0.0488 -2.1269
v  -6.6142 0.0568 -2.1189
v  -6.6634 0.0284 -2.1269
v  -6.6565 0.0244 -2.1269
v  -6.6634 0.0284 -2.1189
v  -6.6634 6.6426 -2.1269
v  -6.6634 6.6426 -2.1189
v  -6.6565 6.6386 -2.1269
v  -6.6634 6.5858 -2.1269
v  -6.6565 6.5898 -2.1269
v  -6.6634 6.5858 -2.1189
v  -6.5650 -0.0000 -2.1269
v  -6.5650 -0.0000 -2.1189
v  -6.5730 -0.0000 -2.1269
v  -0.0492 6.5858 -2.1269
v  -0.0492 6.5858 -2.1189
v  -0.0423 6.5898 -2.1269
v  -0.0000 6.5573 -2.1269
v  -0.0000 6.5653 -2.1269
v  -0.0000 6.5573 -2.1189
v  -3.3563 6.5858 -2.1269
v  -3.3563 6.5858 -2.1189
v  -3.3494 6.5898 -2.1269
v  -6.6142 3.2503 -2.1269
v  -6.6142 3.2583 -2.1269
v  -6.6142 3.2503 -2.1189
v  -6.5650 3.2787 -2.1269
v  -6.5719 3.2827 -2.1269
v  -6.5650 3.2787 -2.1189
v  -6.5650 3.3355 -2.1269
v  -6.5719 3.3315 -2.1269
v  -6.5650 3.3355 -2.1189
v  -6.6142 3.3639 -2.1269
v  -6.6142 3.3559 -2.1269
v  -6.6142 3.3639 -2.1189
v  -3.3563 6.6426 -2.1269
v  -3.3563 6.6426 -2.1189
v  -3.3494 6.6386 -2.1269
v  -3.3071 6.6710 -2.1269
v  -3.3071 6.6630 -2.1269
v  -3.3071 6.6710 -2.1189
v  -6.5650 6.6426 -2.1269
v  -6.5650 6.6426 -2.1189
v  -6.5719 6.6386 -2.1269
v  -6.6142 6.6710 -2.1269
v  -6.6142 6.6630 -2.1269
v  -6.6142 6.6710 -2.1189
v  -6.5650 6.5858 -2.1269
v  -6.5650 6.5858 -2.1189
v  -6.5719 6.5898 -2.1269
v  -6.6142 6.5573 -2.1269
v  -6.6142 6.5573 -2.1189
v  -6.6142 6.5653 -2.1269
v  6.6142 0.0568 -2.1269
v  6.6142 0.0568 -2.1189
v  6.6142 0.0488 -2.1269
v  6.5650 0.0284 -2.1269
v  6.5719 0.0244 -2.1269
v  6.5650 0.0284 -2.1189
v  6.5650 3.2787 -2.1269
v  6.5650 3.2787 -2.1189
v  6.5719 3.2827 -2.1269
v  6.6142 3.2503 -2.1269
v  6.6142 3.2583 -2.1269
v  6.6142 3.2503 -2.1189
v  0.0492 6.5858 -2.1269
v  0.0492 6.5858 -2.1189
v  0.0423 6.5898 -2.1269
v  0.0492 6.6426 -2.1269
v  0.0423 6.6386 -2.1269
v  0.0492 6.6426 -2.1189
v  3.2579 6.6426 -2.1269
v  3.2579 6.6426 -2.1189
v  3.2648 6.6386 -2.1269
v  3.2579 6.5858 -2.1269
v  3.2648 6.5898 -2.1269
v  3.2579 6.5858 -2.1189
v  6.6634 3.2787 -2.1269
v  6.6564 3.2827 -2.1269
v  6.6634 3.2787 -2.1189
v  6.6634 0.0284 -2.1269
v  6.6634 0.0284 -2.1189
v  6.6565 0.0244 -2.1269
v  6.5649 6.5858 -2.1269
v  6.5649 6.5858 -2.1189
v  6.5719 6.5898 -2.1269
v  6.6142 6.5574 -2.1269
v  6.6142 6.5654 -2.1269
v  6.6142 6.5574 -2.1189
v  6.6142 3.3639 -2.1269
v  6.6142 3.3639 -2.1189
v  6.6142 3.3559 -2.1269
v  6.5650 3.3355 -2.1269
v  6.5719 3.3315 -2.1269
v  6.5650 3.3355 -2.1189
v  6.6634 3.3355 -2.1269
v  6.6564 3.3315 -2.1269
v  6.6634 3.3355 -2.1189
v  6.6634 0.0000 -2.1269
v  6.6634 0.0000 -2.1189
v  6.6554 0.0000 -2.1269
v  6.6634 6.5858 -2.1269
v  6.6564 6.5898 -2.1269
v  6.6634 6.5858 -2.1189
v  3.3563 6.5858 -2.1269
v  3.3563 6.5858 -2.1189
v  3.3494 6.5898 -2.1269
v  3.3563 6.6426 -2.1269
v  3.3494 6.6386 -2.1269
v  3.3563 6.6426 -2.1189
v  6.5649 6.6426 -2.1269
v  6.5649 6.6426 -2.1189
v  6.5719 6.6386 -2.1269
v  3.3071 6.6710 -2.1269
v  3.3071 6.6630 -2.1269
v  3.3071 6.6710 -2.1189
v  6.6142 6.6710 -2.1269
v  6.6142 6.6710 -2.1189
v  6.6142 6.6630 -2.1269
v  3.3071 6.5574 -2.1269
v  3.3071 6.5654 -2.1269
v  3.3071 6.5574 -2.1189
v  6.6634 6.6426 -2.1269
v  6.6634 6.6426 -2.1189
v  6.6564 6.6386 -2.1269
v  -6.6634 -0.0000 -2.1269
v  -6.6554 -0.0000 -2.1269
v  -6.6634 -0.0000 -2.1189
v  6.5650 0.0000 -2.1269
v  6.5730 0.0000 -2.1269
v  6.5650 0.0000 -2.1189
v  -6.6142 -0.0568 -2.1269
v  -6.6142 -0.0568 -2.1189
v  -6.6142 -0.0488 -2.1269
v  -6.5650 -0.0284 -2.1269
v  -6.5719 -0.0244 -2.1269
v  -6.5650 -0.0284 -2.1189
v  -6.5650 -3.2787 -2.1269
v  -6.5650 -3.2787 -2.1189
v  -6.5719 -3.2827 -2.1269
v  -6.6142 -3.2503 -2.1269
v  -6.6142 -3.2583 -2.1269
v  -6.6142 -3.2503 -2.1189
v  -0.0492 -6.5858 -2.1269
v  -0.0492 -6.5858 -2.1189
v  -0.0423 -6.5898 -2.1269
v  -0.0492 -6.6426 -2.1269
v  -0.0423 -6.6386 -2.1269
v  -0.0492 -6.6426 -2.1189
v  -3.2579 -6.6426 -2.1269
v  -3.2579 -6.6426 -2.1189
v  -3.2648 -6.6386 -2.1269
v  -3.2579 -6.5858 -2.1269
v  -3.2648 -6.5898 -2.1269
v  -3.2579 -6.5858 -2.1189
v  -6.6634 -3.2787 -2.1269
v  -6.6564 -3.2827 -2.1269
v  -6.6634 -3.2787 -2.1189
v  -6.6634 -0.0284 -2.1269
v  -6.6634 -0.0284 -2.1189
v  -6.6565 -0.0244 -2.1269
v  -6.5649 -6.5858 -2.1269
v  -6.5649 -6.5858 -2.1189
v  -6.5719 -6.5898 -2.1269
v  -6.6142 -6.5574 -2.1269
v  -6.6142 -6.5654 -2.1269
v  -6.6142 -6.5574 -2.1189
v  -6.6142 -3.3639 -2.1269
v  -6.6142 -3.3639 -2.1189
v  -6.6142 -3.3559 -2.1269
v  -6.5650 -3.3355 -2.1269
v  -6.5719 -3.3315 -2.1269
v  -6.5650 -3.3355 -2.1189
v  -6.6634 -3.3355 -2.1269
v  -6.6564 -3.3315 -2.1269
v  -6.6634 -3.3355 -2.1189
v  -6.6634 -6.5858 -2.1269
v  -6.6564 -6.5898 -2.1269
v  -6.6634 -6.5858 -2.1189
v  -3.3563 -6.5858 -2.1269
v  -3.3563 -6.5858 -2.1189
v  -3.3494 -6.5898 -2.1269
v  -3.3563 -6.6426 -2.1269
v  -3.3494 -6.6386 -2.1269
v  -3.3563 -6.6426 -2.1189
v  -6.5649 -6.6426 -2.1269
v  -6.5649 -6.6426 -2.1189
v  -6.5719 -6.6386 -2.1269
v  -3.3071 -6.6710 -2.1269
v  -3.3071 -6.6630 -2.1269
v  -3.3071 -6.6710 -2.1189
v  -6.6142 -6.6710 -2.1269
v  -6.6142 -6.6710 -2.1189
v  -6.6142 -6.6630 -2.1269
v  0.0000 -6.6710 -2.1269
v  0.0000 -6.6630 -2.1269
v  0.0000 -6.6710 -2.1189
v  -3.3071 -6.5574 -2.1269
v  -3.3071 -6.5654 -2.1269
v  -3.3071 -6.5574 -2.1189
v  -6.6634 -6.6426 -2.1269
v  -6.6634 -6.6426 -2.1189
v  -6.6564 -6.6386 -2.1269
v  0.0000 -6.5573 -2.1269
v  0.0000 -6.5573 -2.1189
v  0.0000 -6.5653 -2.1269
v  6.6142 -3.2503 -2.1269
v  6.6142 -3.2503 -2.1189
v  6.6142 -3.2583 -2.1269
v  6.5650 -3.2787 -2.1269
v  6.5719 -3.2827 -2.1269
v  6.5650 -3.2787 -2.1189
v  6.5650 -0.0284 -2.1269
v  6.5650 -0.0284 -2.1189
v  6.5719 -0.0244 -2.1269
v  6.6142 -0.0568 -2.1269
v  6.6142 -0.0488 -2.1269
v  6.6142 -0.0568 -2.1189
v  3.2579 -6.5858 -2.1269
v  3.2579 -6.5858 -2.1189
v  3.2648 -6.5898 -2.1269
v  3.2579 -6.6426 -2.1269
v  3.2648 -6.6386 -2.1269
v  3.2579 -6.6426 -2.1189
v  0.0492 -6.6426 -2.1269
v  0.0492 -6.6426 -2.1189
v  0.0423 -6.6386 -2.1269
v  0.0492 -6.5858 -2.1269
v  0.0423 -6.5898 -2.1269
v  0.0492 -6.5858 -2.1189
v  6.6634 -0.0284 -2.1269
v  6.6565 -0.0244 -2.1269
v  6.6634 -0.0284 -2.1189
v  6.6634 -3.2787 -2.1269
v  6.6634 -3.2787 -2.1189
v  6.6565 -3.2827 -2.1269
v  6.5650 -3.3355 -2.1269
v  6.5650 -3.3355 -2.1189
v  6.5719 -3.3315 -2.1269
v  6.6142 -3.3639 -2.1269
v  6.6142 -3.3559 -2.1269
v  6.6142 -3.3639 -2.1189
v  6.6142 -6.5573 -2.1269
v  6.6142 -6.5573 -2.1189
v  6.6142 -6.5653 -2.1269
v  6.5650 -6.5858 -2.1269
v  6.5719 -6.5898 -2.1269
v  6.5650 -6.5858 -2.1189
v  6.6634 -3.3355 -2.1269
v  6.6634 -3.3355 -2.1189
v  6.6565 -3.3315 -2.1269
v  6.6634 -6.5858 -2.1269
v  6.6634 -6.5858 -2.1189
v  6.6565 -6.5898 -2.1269
v  3.3563 -6.6426 -2.1269
v  3.3563 -6.6426 -2.1189
v  3.3494 -6.6386 -2.1269
v  3.3563 -6.5858 -2.1269
v  3.3494 -6.5898 -2.1269
v  3.3563 -6.5858 -2.1189
v  6.5650 -6.6426 -2.1269
v  6.5719 -6.6386 -2.1269
v  6.5650 -6.6426 -2.1189
v  3.3071 -6.6710 -2.1269
v  3.3071 -6.6710 -2.1189
v  3.3071 -6.6630 -2.1269
v  6.6142 -6.6710 -2.1269
v  6.6142 -6.6630 -2.1269
v  6.6142 -6.6710 -2.1189
v  3.3071 -6.5573 -2.1269
v  3.3071 -6.5573 -2.1189
v  3.3071 -6.5653 -2.1269
v  6.6634 -6.6426 -2.1269
v  6.6565 -6.6386 -2.1269
v  6.6634 -6.6426 -2.1189
v  -0.5067 -0.5086 -0.9946
v  -0.3981 -0.5977 -0.9946
v  -0.2742 -0.6640 -0.9946
v  -0.1398 -0.7047 -0.9946
v  -0.0000 -0.7185 -0.9946
v  0.1398 -0.7047 -0.9946
v  0.2742 -0.6640 -0.9946
v  0.3981 -0.5977 -0.9946
v  0.5067 -0.5086 -0.9946
v  0.5958 -0.4001 -0.9946
v  0.6620 -0.2762 -0.9946
v  0.6869 -0.2095 -0.9947
v  0.6890 -0.2039 -0.9945
v  0.6889 -0.1979 -0.9945
v  0.6886 -0.1416 -0.9945
v  0.6891 -0.0000 -0.9945
v  0.6886 0.1416 -0.9945
v  0.6889 0.1979 -0.9945
v  0.6890 0.2039 -0.9945
v  0.6869 0.2095 -0.9947
v  0.6620 0.2762 -0.9946
v  0.5958 0.4001 -0.9946
v  0.5067 0.5086 -0.9946
v  0.3981 0.5977 -0.9946
v  0.2742 0.6640 -0.9946
v  0.1398 0.7047 -0.9946
v  0.0000 0.7185 -0.9946
v  -0.1398 0.7047 -0.9946
v  -0.2742 0.6640 -0.9946
v  -0.3981 0.5977 -0.9946
v  -0.5067 0.5086 -0.9946
v  -0.5958 0.4001 -0.9946
v  -0.6620 0.2762 -0.9946
v  -0.6869 0.2095 -0.9947
v  -0.6890 0.2039 -0.9945
v  -0.6889 0.1979 -0.9945
v  -0.6886 0.1416 -0.9945
v  -0.6891 -0.0000 -0.9945
v  -0.6886 -0.1416 -0.9945
v  -0.6889 -0.1979 -0.9945
v  -0.6890 -0.2039 -0.9945
v  -0.6869 -0.2095 -0.9947
v  -0.6620 -0.2762 -0.9946
v  -0.5958 -0.4001 -0.9946
# 13353 vertices

o 9301M_CL
g 9301M_CL
s 1
f 45 46 55 137 
s 2
f 35 13314 13315 1 
s 1
f 46 47 61 55 
s 2
f 1 13315 13316 2 
s 1
f 47 48 60 61 
s 2
f 2 13316 13317 3 
s 1
f 48 49 59 60 
s 2
f 3 13317 13318 4 
s 1
f 49 50 58 59 
s 2
f 4 13318 13319 5 
s 1
f 50 51 57 58 
s 2
f 5 13319 13320 6 
s 1
f 51 52 57 
s 2
f 6 13320 13321 17 
s 1
f 53 54 102 56 
f 53 56 57 52 
s 2
f 36 63 64 9 
f 9 64 65 10 
f 10 65 66 11 
f 11 66 67 12 
f 12 67 68 13 
f 13 68 69 14 
f 14 69 20 
f 25 62 113 23 
s 4
f 7 13324 13325 8 
s 1
f 33 26 29 
s 4
f 7 16 13323 13324 
s 1
f 26 22 32 29 
s 4
f 34 18 19 
s 2
f 17 13321 13322 15 
f 20 25 24 19 
f 25 23 21 24 
s 1
f 26 33 19 24 
f 33 29 27 19 
s 4
f 16 15 13322 13323 
s 1
f 22 26 24 21 
f 29 32 30 27 
s 4
f 31 28 27 30 
f 28 34 19 27 
s 2
f 20 19 18 
s 1
f 35 1 46 45 
f 1 2 47 46 
f 2 3 48 47 
f 3 4 49 48 
f 4 5 50 49 
f 5 6 51 50 
f 6 17 52 51 
f 17 15 52 
f 15 16 52 
f 16 7 53 52 
f 7 8 54 53 
f 37 38 137 55 
f 128 44 56 102 
f 44 43 57 56 
f 43 42 58 57 
f 42 41 59 58 
f 41 40 60 59 
f 40 39 61 60 
f 39 37 55 61 
s 2
f 62 25 20 69 
s 1
f 70 73 72 71 
s 2
f 74 77 13335 13336 
s 1
f 71 72 79 78 
s 2
f 77 81 13334 13335 
s 1
f 78 79 83 82 
s 2
f 81 85 13333 13334 
s 1
f 82 83 87 86 
s 2
f 85 89 13332 13333 
s 1
f 86 87 91 90 
s 2
f 89 93 13331 13332 
s 1
f 90 91 95 94 
s 2
f 93 97 13330 13331 
s 1
f 94 95 98 
s 2
f 97 100 13329 13330 
s 1
f 101 103 102 54 
f 101 98 95 103 
s 2
f 75 76 105 104 
f 76 80 106 105 
f 80 84 107 106 
f 84 88 108 107 
f 88 92 109 108 
f 92 96 110 109 
f 96 99 110 
f 111 23 113 112 
s 4
f 114 8 13325 13326 
s 1
f 116 118 117 
s 4
f 114 13326 13327 119 
s 1
f 117 118 32 22 
s 4
f 120 122 121 
s 2
f 100 123 13328 13329 
f 99 122 124 111 
f 111 124 21 23 
s 1
f 117 124 122 116 
f 116 122 125 118 
s 4
f 119 13327 13328 123 
s 1
f 22 21 124 117 
f 118 125 30 32 
s 4
f 31 30 125 115 
f 115 125 122 120 
s 2
f 99 121 122 
s 1
f 74 70 71 77 
f 77 71 78 81 
f 81 78 82 85 
f 85 82 86 89 
f 89 86 90 93 
f 93 90 94 97 
f 97 94 98 100 
f 100 98 123 
f 123 98 119 
f 119 98 101 114 
f 114 101 54 8 
f 126 72 73 127 
f 128 102 103 129 
f 129 103 95 130 
f 130 95 91 131 
f 131 91 87 132 
f 132 87 83 133 
f 133 83 79 134 
f 134 79 72 126 
s 2
f 112 110 99 111 
s 1
f 45 137 136 135 
s 2
f 35 139 13313 13314 
s 1
f 135 136 141 140 
s 2
f 139 143 13312 13313 
s 1
f 140 141 145 144 
s 2
f 143 147 13311 13312 
s 1
f 144 145 149 148 
s 2
f 147 151 13310 13311 
s 1
f 148 149 153 152 
s 2
f 151 155 13353 13310 
s 1
f 152 153 157 156 
s 2
f 155 159 13352 13353 
s 1
f 156 157 160 
s 2
f 159 162 13351 13352 
s 1
f 163 166 165 164 
f 163 160 157 166 
s 2
f 36 138 167 63 
f 138 142 168 167 
f 142 146 169 168 
f 146 150 170 169 
f 150 154 171 170 
f 154 158 172 171 
f 158 161 172 
f 173 176 175 174 
s 4
f 177 180 13347 13348 
s 1
f 181 183 182 
s 4
f 177 13348 13349 184 
s 1
f 182 183 187 186 
s 4
f 185 189 188 
s 2
f 162 190 13350 13351 
f 161 189 191 173 
f 173 191 192 176 
s 1
f 182 191 189 181 
f 181 189 193 183 
s 4
f 184 13349 13350 190 
s 1
f 186 192 191 182 
f 183 193 194 187 
s 4
f 179 194 193 178 
f 178 193 189 185 
s 2
f 161 188 189 
s 1
f 35 45 135 139 
f 139 135 140 143 
f 143 140 144 147 
f 147 144 148 151 
f 151 148 152 155 
f 155 152 156 159 
f 159 156 160 162 
f 162 160 190 
f 190 160 184 
f 184 160 163 177 
f 177 163 164 180 
f 195 136 137 38 
f 196 165 166 197 
f 197 166 157 198 
f 198 157 153 199 
f 199 153 149 200 
f 200 149 145 201 
f 201 145 141 202 
f 202 141 136 195 
s 2
f 174 172 161 173 
s 1
f 70 204 203 73 
s 2
f 74 13336 13337 205 
s 1
f 204 208 207 203 
s 2
f 205 13337 13338 209 
s 1
f 208 212 211 207 
s 2
f 209 13338 13339 213 
s 1
f 212 216 215 211 
s 2
f 213 13339 13340 217 
s 1
f 216 220 219 215 
s 2
f 217 13340 13341 221 
s 1
f 220 224 223 219 
s 2
f 221 13341 13342 225 
s 1
f 224 227 223 
s 2
f 225 13342 13343 228 
s 1
f 230 164 165 231 
f 230 231 223 227 
s 2
f 75 104 232 206 
f 206 232 233 210 
f 210 233 234 214 
f 214 234 235 218 
f 218 235 236 222 
f 222 236 237 226 
f 226 237 229 
f 238 239 175 176 
s 4
f 240 13346 13347 180 
s 1
f 242 244 243 
s 4
f 240 246 13345 13346 
s 1
f 244 186 187 243 
s 4
f 245 248 247 
s 2
f 228 13343 13344 249 
f 229 238 250 247 
f 238 176 192 250 
s 1
f 244 242 247 250 
f 242 243 251 247 
s 4
f 246 249 13344 13345 
s 1
f 186 244 250 192 
f 243 187 194 251 
s 4
f 179 241 251 194 
f 241 245 247 251 
s 2
f 229 247 248 
s 1
f 74 205 204 70 
f 205 209 208 204 
f 209 213 212 208 
f 213 217 216 212 
f 217 221 220 216 
f 221 225 224 220 
f 225 228 227 224 
f 228 249 227 
f 249 246 227 
f 246 240 230 227 
f 240 180 164 230 
f 252 127 73 203 
f 196 253 231 165 
f 253 254 223 231 
f 254 255 219 223 
f 255 256 215 219 
f 256 257 211 215 
f 257 258 207 211 
f 258 252 203 207 
s 2
f 239 238 229 237 
s 4
f 38 37 262 264 
f 37 39 268 262 
f 39 40 271 268 
f 40 41 274 271 
f 41 42 277 274 
f 42 43 280 277 
f 44 128 283 285 
f 43 44 285 280 
f 126 127 289 291 
f 128 129 295 283 
f 129 130 298 295 
f 130 131 301 298 
f 131 132 304 301 
f 132 133 307 304 
f 133 134 310 307 
f 134 126 291 310 
f 195 38 264 312 
f 196 197 316 318 
f 197 198 322 316 
f 198 199 325 322 
f 199 200 328 325 
f 200 201 331 328 
f 201 202 334 331 
f 202 195 312 334 
f 127 252 337 289 
f 253 196 318 339 
f 254 253 339 342 
f 255 254 342 345 
f 256 255 345 348 
f 257 256 348 351 
f 258 257 351 354 
f 252 258 354 337 
s 1
f 265 261 259 
f 261 267 259 
f 267 270 259 
f 270 273 259 
f 273 276 259 
f 276 279 259 
f 286 282 259 
f 279 286 259 
f 292 288 259 
f 282 294 259 
f 294 297 259 
f 297 300 259 
f 300 303 259 
f 303 306 259 
f 306 309 259 
f 309 292 259 
f 313 265 259 
f 319 315 259 
f 315 321 259 
f 321 324 259 
f 324 327 259 
f 327 330 259 
f 330 333 259 
f 333 313 259 
f 288 336 259 
f 340 319 259 
f 343 340 259 
f 346 343 259 
f 349 346 259 
f 352 349 259 
f 355 352 259 
f 336 355 259 
s 4
f 264 262 260 263 
f 262 268 266 260 
f 268 271 269 266 
f 271 274 272 269 
f 274 277 275 272 
f 277 280 278 275 
f 285 283 281 284 
f 280 285 284 278 
f 291 289 287 290 
f 283 295 293 281 
f 295 298 296 293 
f 298 301 299 296 
f 301 304 302 299 
f 304 307 305 302 
f 307 310 308 305 
f 310 291 290 308 
f 312 264 263 311 
f 318 316 314 317 
f 316 322 320 314 
f 322 325 323 320 
f 325 328 326 323 
f 328 331 329 326 
f 331 334 332 329 
f 334 312 311 332 
f 289 337 335 287 
f 339 318 317 338 
f 342 339 338 341 
f 345 342 341 344 
f 348 345 344 347 
f 351 348 347 350 
f 354 351 350 353 
f 337 354 353 335 
s 1
f 261 265 263 260 
f 267 261 260 266 
f 270 267 266 269 
f 273 270 269 272 
f 276 273 272 275 
f 279 276 275 278 
f 282 286 284 281 
f 286 279 278 284 
f 288 292 290 287 
f 294 282 281 293 
f 297 294 293 296 
f 300 297 296 299 
f 303 300 299 302 
f 306 303 302 305 
f 309 306 305 308 
f 292 309 308 290 
f 265 313 311 263 
f 315 319 317 314 
f 321 315 314 320 
f 324 321 320 323 
f 327 324 323 326 
f 330 327 326 329 
f 333 330 329 332 
f 313 333 332 311 
f 336 288 287 335 
f 319 340 338 317 
f 340 343 341 338 
f 343 346 344 341 
f 346 349 347 344 
f 349 352 350 347 
f 352 355 353 350 
f 355 336 335 353 
f 713 356 368 367 
f 356 716 369 368 
f 718 357 371 370 
f 358 721 373 372 
f 374 377 376 375 
f 377 379 378 376 
f 380 383 382 381 
f 383 385 384 382 
f 385 387 386 384 
f 387 389 388 386 
f 389 367 390 388 
f 367 368 391 390 
f 368 369 392 391 
f 370 371 394 393 
f 372 373 396 395 
f 375 376 398 397 
f 376 378 399 398 
f 381 382 401 400 
f 382 384 402 401 
f 384 386 403 402 
f 386 388 404 403 
f 388 390 405 404 
f 390 391 406 405 
f 391 392 407 406 
f 393 394 409 408 
f 395 396 411 410 
f 397 398 413 412 
f 398 399 414 413 
f 400 401 416 415 
f 401 402 417 416 
f 402 403 418 417 
f 403 404 419 418 
f 404 405 420 419 
f 405 406 421 420 
f 406 407 422 421 
f 408 409 424 423 
f 410 411 426 425 
f 412 413 428 427 
f 413 414 429 428 
f 415 416 431 430 
f 416 417 432 431 
f 417 418 433 432 
f 418 419 434 433 
f 419 420 435 434 
f 420 421 436 435 
f 421 422 437 436 
f 423 424 439 438 
f 425 426 441 440 
f 427 428 443 442 
f 428 429 444 443 
f 430 431 446 445 
f 431 432 447 446 
f 432 433 448 447 
f 433 434 449 448 
f 434 435 450 449 
f 435 436 451 450 
f 436 437 452 451 
f 442 443 454 453 
f 443 444 455 454 
f 445 446 457 456 
f 446 447 458 457 
f 447 448 459 458 
f 448 449 460 459 
f 449 450 461 460 
f 450 451 462 461 
f 453 454 464 463 
f 454 455 465 464 
f 456 457 467 466 
f 457 458 468 467 
f 458 459 469 468 
f 459 460 470 469 
f 460 461 471 470 
f 461 462 472 471 
f 690 472 689 
f 712 462 451 
f 710 478 709 
f 708 439 440 707 
f 702 703 482 481 
f 485 482 705 706 
f 721 838 488 373 
f 373 488 489 396 
f 396 489 490 411 
f 411 490 491 426 
f 426 491 492 441 
f 706 707 440 441 
f 492 485 706 441 
s 4
f 493 672 673 494 
f 495 671 672 493 
f 495 669 670 
f 495 666 667 
s 1
f 357 358 372 371 
f 371 372 395 394 
f 394 395 410 409 
f 409 410 425 424 
f 424 425 440 439 
f 708 478 438 439 
s 4
f 669 495 668 
f 671 495 670 
f 666 495 665 
f 668 495 667 
s 1
f 689 472 462 712 
f 709 478 708 
f 369 716 718 370 
f 392 369 370 393 
f 407 392 393 408 
f 422 407 408 423 
f 437 422 423 438 
f 452 437 438 478 
f 711 452 478 710 
f 379 857 497 380 
f 378 379 380 381 
f 399 378 381 400 
f 414 399 400 415 
f 429 414 415 430 
f 444 429 430 445 
f 455 444 445 456 
f 705 482 704 
f 482 703 704 
f 712 451 452 711 
f 499 364 860 500 
f 501 499 500 502 
f 503 501 502 504 
f 505 503 504 506 
f 507 505 506 508 
f 509 507 508 510 
f 511 509 510 512 
f 511 513 481 482 
f 500 860 875 514 
f 502 500 514 515 
f 499 501 489 488 
f 504 502 515 516 
f 501 503 490 489 
f 506 504 516 517 
f 503 505 491 490 
f 508 506 517 518 
f 505 507 492 491 
f 510 508 518 519 
f 507 509 485 492 
f 512 510 519 520 
f 509 511 482 485 
s 2
f 677 494 676 
s 1
f 466 465 455 456 
f 521 513 511 512 
f 522 521 512 520 
f 523 525 524 889 
f 889 524 527 526 
f 359 529 528 360 
f 361 531 530 362 
f 532 535 534 533 
f 533 534 537 536 
f 538 541 540 539 
f 539 540 543 542 
f 542 543 545 544 
f 544 545 547 546 
f 546 547 548 525 
f 525 548 549 524 
f 524 549 550 527 
f 529 552 551 528 
f 531 554 553 530 
f 535 556 555 534 
f 534 555 557 537 
f 541 559 558 540 
f 540 558 560 543 
f 543 560 561 545 
f 545 561 562 547 
f 547 562 563 548 
f 548 563 564 549 
f 549 564 565 550 
f 552 567 566 551 
f 554 569 568 553 
f 556 571 570 555 
f 555 570 572 557 
f 559 574 573 558 
f 558 573 575 560 
f 560 575 576 561 
f 561 576 577 562 
f 562 577 578 563 
f 563 578 579 564 
f 564 579 580 565 
f 567 582 581 566 
f 569 584 583 568 
f 571 586 585 570 
f 570 585 587 572 
f 574 589 588 573 
f 573 588 590 575 
f 575 590 591 576 
f 576 591 592 577 
f 577 592 593 578 
f 578 593 594 579 
f 579 594 595 580 
f 582 597 596 581 
f 584 599 598 583 
f 586 601 600 585 
f 585 600 602 587 
f 589 604 603 588 
f 588 603 605 590 
f 590 605 606 591 
f 591 606 607 592 
f 592 607 608 593 
f 593 608 609 594 
f 594 609 610 595 
f 601 612 611 600 
f 600 611 613 602 
f 604 615 614 603 
f 603 614 616 605 
f 605 616 617 606 
f 606 617 618 607 
f 607 618 619 608 
f 608 619 620 609 
f 612 463 464 611 
f 611 464 465 613 
f 615 466 467 614 
f 614 467 468 616 
f 616 468 469 617 
f 617 469 470 618 
f 618 470 471 619 
f 619 471 472 620 
f 690 691 472 
f 692 609 620 
f 694 695 624 
f 696 697 599 596 
f 481 629 701 702 
f 698 699 629 630 
f 362 530 633 363 
f 530 553 634 633 
f 553 568 635 634 
f 568 583 636 635 
f 583 598 637 636 
f 698 598 599 697 
f 637 598 698 630 
s 4
f 493 494 681 682 
f 495 493 682 683 
f 495 684 685 
f 495 687 688 
s 1
f 360 528 531 361 
f 528 551 554 531 
f 551 566 569 554 
f 566 581 584 569 
f 581 596 599 584 
f 696 596 597 624 
s 4
f 685 686 495 
f 683 684 495 
f 688 665 495 
f 686 687 495 
s 1
f 691 692 620 472 
f 695 696 624 
f 527 529 359 526 
f 550 552 529 527 
f 565 567 552 550 
f 580 582 567 565 
f 595 597 582 580 
f 610 624 597 595 
f 693 694 624 610 
f 536 538 1010 365 
f 537 541 538 536 
f 557 559 541 537 
f 572 574 559 557 
f 587 589 574 572 
f 602 604 589 587 
f 613 615 604 602 
f 699 700 629 
f 629 700 701 
f 692 693 610 609 
f 640 641 1014 366 
f 642 643 641 640 
f 644 645 643 642 
f 646 647 645 644 
f 648 649 647 646 
f 650 651 649 648 
f 652 653 651 650 
f 652 629 481 513 
f 641 654 1028 1014 
f 643 655 654 641 
f 640 633 634 642 
f 645 656 655 643 
f 642 634 635 644 
f 647 657 656 645 
f 644 635 636 646 
f 649 658 657 647 
f 646 636 637 648 
f 651 659 658 649 
f 648 637 630 650 
f 653 660 659 651 
f 650 630 629 652 
s 2
f 677 678 494 
s 1
f 466 615 613 465 
f 521 653 652 513 
f 522 660 653 521 
f 1036 1037 377 374 
f 1037 857 379 377 
f 497 661 383 380 
f 661 1038 385 383 
f 1038 1039 387 385 
f 1039 662 389 387 
f 662 713 367 389 
f 364 499 488 838 
f 1040 663 532 533 
f 365 1040 533 536 
f 1041 1010 538 539 
f 1042 1041 539 542 
f 664 1042 542 544 
f 1043 664 544 546 
f 523 1043 546 525 
f 366 363 633 640 
s 2
f 494 675 676 
f 494 674 675 
f 494 673 674 
f 678 679 494 
f 679 680 494 
f 680 681 494 
s 4
f 473 474 666 665 
f 474 475 667 666 
f 475 496 668 667 
f 496 476 669 668 
f 476 477 670 669 
f 477 479 671 670 
f 479 480 672 671 
f 480 486 673 672 
s 2
f 486 487 674 673 
f 487 498 675 674 
f 498 483 676 675 
f 483 484 677 676 
f 484 628 678 677 
f 628 639 679 678 
f 639 631 680 679 
f 631 632 681 680 
s 4
f 632 627 682 681 
f 627 626 683 682 
f 626 625 684 683 
f 625 623 685 684 
f 623 638 686 685 
f 638 622 687 686 
f 622 621 688 687 
f 621 473 665 688 
s 1
f 474 473 690 689 
f 473 621 691 690 
f 621 622 692 691 
f 622 638 693 692 
f 638 623 694 693 
f 623 625 695 694 
f 625 626 696 695 
f 626 627 697 696 
f 627 632 698 697 
f 632 631 699 698 
f 631 639 700 699 
f 639 628 701 700 
f 628 484 702 701 
f 484 483 703 702 
f 483 498 704 703 
f 498 487 705 704 
f 487 486 706 705 
f 486 480 707 706 
f 480 479 708 707 
f 479 477 709 708 
f 477 476 710 709 
f 476 496 711 710 
f 496 475 712 711 
f 475 474 689 712 
f 713 715 714 356 
f 356 714 717 716 
f 718 720 719 357 
f 358 723 722 721 
f 724 727 726 725 
f 725 726 729 728 
f 730 733 732 731 
f 731 732 735 734 
f 734 735 737 736 
f 736 737 739 738 
f 738 739 740 715 
f 715 740 741 714 
f 714 741 742 717 
f 720 744 743 719 
f 723 746 745 722 
f 727 748 747 726 
f 726 747 749 729 
f 733 751 750 732 
f 732 750 752 735 
f 735 752 753 737 
f 737 753 754 739 
f 739 754 755 740 
f 740 755 756 741 
f 741 756 757 742 
f 744 759 758 743 
f 746 761 760 745 
f 748 763 762 747 
f 747 762 764 749 
f 751 766 765 750 
f 750 765 767 752 
f 752 767 768 753 
f 753 768 769 754 
f 754 769 770 755 
f 755 770 771 756 
f 756 771 772 757 
f 759 774 773 758 
f 761 776 775 760 
f 763 778 777 762 
f 762 777 779 764 
f 766 781 780 765 
f 765 780 782 767 
f 767 782 783 768 
f 768 783 784 769 
f 769 784 785 770 
f 770 785 786 771 
f 771 786 787 772 
f 774 789 788 773 
f 776 791 790 775 
f 778 793 792 777 
f 777 792 794 779 
f 781 796 795 780 
f 780 795 797 782 
f 782 797 798 783 
f 783 798 799 784 
f 784 799 800 785 
f 785 800 801 786 
f 786 801 802 787 
f 793 804 803 792 
f 792 803 805 794 
f 796 807 806 795 
f 795 806 808 797 
f 797 808 809 798 
f 798 809 810 799 
f 799 810 811 800 
f 800 811 812 801 
f 804 814 813 803 
f 803 813 815 805 
f 807 817 816 806 
f 806 816 818 808 
f 808 818 819 809 
f 809 819 820 810 
f 810 820 821 811 
f 811 821 822 812 
f 823 824 822 
f 825 801 812 
f 826 828 827 
f 829 830 791 788 
f 831 834 833 832 
f 835 837 836 833 
f 721 722 839 838 
f 722 745 840 839 
f 745 760 841 840 
f 760 775 842 841 
f 775 790 843 842 
f 837 790 791 830 
f 843 790 837 835 
s 4
f 844 847 846 845 
f 848 844 845 849 
f 848 851 850 
f 848 853 852 
s 1
f 357 719 723 358 
f 719 743 746 723 
f 743 758 761 746 
f 758 773 776 761 
f 773 788 791 776 
f 829 788 789 827 
s 4
f 850 854 848 
f 849 851 848 
f 852 855 848 
f 854 853 848 
s 1
f 824 825 812 822 
f 828 829 827 
f 717 720 718 716 
f 742 744 720 717 
f 757 759 744 742 
f 772 774 759 757 
f 787 789 774 772 
f 802 827 789 787 
f 856 826 827 802 
f 728 730 497 857 
f 729 733 730 728 
f 749 751 733 729 
f 764 766 751 749 
f 779 781 766 764 
f 794 796 781 779 
f 805 807 796 794 
f 836 858 833 
f 833 858 832 
f 825 856 802 801 
f 859 861 860 364 
f 862 863 861 859 
f 864 865 863 862 
f 866 867 865 864 
f 868 869 867 866 
f 870 871 869 868 
f 872 873 871 870 
f 872 833 834 874 
f 861 876 875 860 
f 863 877 876 861 
f 859 839 840 862 
f 865 878 877 863 
f 862 840 841 864 
f 867 879 878 865 
f 864 841 842 866 
f 869 880 879 867 
f 866 842 843 868 
f 871 881 880 869 
f 868 843 835 870 
f 873 882 881 871 
f 870 835 833 872 
s 2
f 883 884 847 
s 1
f 817 807 805 815 
f 885 873 872 874 
f 886 882 873 885 
f 523 889 888 887 
f 889 526 890 888 
f 359 360 892 891 
f 361 362 894 893 
f 895 898 897 896 
f 898 900 899 897 
f 901 904 903 902 
f 904 906 905 903 
f 906 908 907 905 
f 908 910 909 907 
f 910 887 911 909 
f 887 888 912 911 
f 888 890 913 912 
f 891 892 915 914 
f 893 894 917 916 
f 896 897 919 918 
f 897 899 920 919 
f 902 903 922 921 
f 903 905 923 922 
f 905 907 924 923 
f 907 909 925 924 
f 909 911 926 925 
f 911 912 927 926 
f 912 913 928 927 
f 914 915 930 929 
f 916 917 932 931 
f 918 919 934 933 
f 919 920 935 934 
f 921 922 937 936 
f 922 923 938 937 
f 923 924 939 938 
f 924 925 940 939 
f 925 926 941 940 
f 926 927 942 941 
f 927 928 943 942 
f 929 930 945 944 
f 931 932 947 946 
f 933 934 949 948 
f 934 935 950 949 
f 936 937 952 951 
f 937 938 953 952 
f 938 939 954 953 
f 939 940 955 954 
f 940 941 956 955 
f 941 942 957 956 
f 942 943 958 957 
f 944 945 960 959 
f 946 947 962 961 
f 948 949 964 963 
f 949 950 965 964 
f 951 952 967 966 
f 952 953 968 967 
f 953 954 969 968 
f 954 955 970 969 
f 955 956 971 970 
f 956 957 972 971 
f 957 958 973 972 
f 963 964 975 974 
f 964 965 976 975 
f 966 967 978 977 
f 967 968 979 978 
f 968 969 980 979 
f 969 970 981 980 
f 970 971 982 981 
f 971 972 983 982 
f 974 975 813 814 
f 975 976 815 813 
f 977 978 816 817 
f 978 979 818 816 
f 979 980 819 818 
f 980 981 820 819 
f 981 982 821 820 
f 982 983 822 821 
f 823 822 984 
f 985 983 972 
f 986 988 987 
f 989 960 961 990 
f 834 831 992 991 
f 993 995 991 994 
f 362 363 996 894 
f 894 996 997 917 
f 917 997 998 932 
f 932 998 999 947 
f 947 999 1000 962 
f 993 990 961 962 
f 1000 995 993 962 
s 4
f 844 1002 1001 847 
f 848 1003 1002 844 
f 848 1005 1004 
f 848 1007 1006 
s 1
f 360 361 893 892 
f 892 893 916 915 
f 915 916 931 930 
f 930 931 946 945 
f 945 946 961 960 
f 989 988 959 960 
s 4
f 1005 848 1008 
f 1003 848 1004 
f 1007 848 855 
f 1008 848 1006 
s 1
f 984 822 983 985 
f 987 988 989 
f 890 526 359 891 
f 913 890 891 914 
f 928 913 914 929 
f 943 928 929 944 
f 958 943 944 959 
f 973 958 959 988 
f 1009 973 988 986 
f 900 365 1010 901 
f 899 900 901 902 
f 920 899 902 921 
f 935 920 921 936 
f 950 935 936 951 
f 965 950 951 966 
f 976 965 966 977 
f 994 991 1011 
f 991 992 1011 
f 985 972 973 1009 
f 1012 366 1014 1013 
f 1015 1012 1013 1016 
f 1017 1015 1016 1018 
f 1019 1017 1018 1020 
f 1021 1019 1020 1022 
f 1023 1021 1022 1024 
f 1025 1023 1024 1026 
f 1025 874 834 991 
f 1013 1014 1028 1027 
f 1016 1013 1027 1029 
f 1012 1015 997 996 
f 1018 1016 1029 1030 
f 1015 1017 998 997 
f 1020 1018 1030 1031 
f 1017 1019 999 998 
f 1022 1020 1031 1032 
f 1019 1021 1000 999 
f 1024 1022 1032 1033 
f 1021 1023 995 1000 
f 1026 1024 1033 1034 
f 1023 1025 991 995 
s 2
f 883 847 1035 
s 1
f 817 815 976 977 
f 885 874 1025 1026 
f 886 885 1026 1034 
f 1036 724 725 1037 
f 1037 725 728 857 
f 497 730 731 661 
f 661 731 734 1038 
f 1038 734 736 1039 
f 1039 736 738 662 
f 662 738 715 713 
f 838 839 859 364 
f 1040 898 895 663 
f 365 900 898 1040 
f 1041 904 901 1010 
f 1042 906 904 1041 
f 664 908 906 1042 
f 1043 910 908 664 
f 523 887 910 1043 
f 366 1012 996 363 
s 2
f 847 884 1044 
f 847 1044 1045 
f 847 1045 846 
f 1035 847 1046 
f 1046 847 1047 
f 1047 847 1001 
s 4
f 1048 855 852 1049 
f 1049 852 853 1050 
f 1050 853 854 1051 
f 1051 854 850 1052 
f 1052 850 851 1053 
f 1053 851 849 1054 
f 1054 849 845 1055 
f 1055 845 846 1056 
s 2
f 1056 846 1045 1057 
f 1057 1045 1044 1058 
f 1058 1044 884 1059 
f 1059 884 883 1060 
f 1060 883 1035 1061 
f 1061 1035 1046 1062 
f 1062 1046 1047 1063 
f 1063 1047 1001 1064 
s 4
f 1064 1001 1002 1065 
f 1065 1002 1003 1066 
f 1066 1003 1004 1067 
f 1067 1004 1005 1068 
f 1068 1005 1008 1069 
f 1069 1008 1006 1070 
f 1070 1006 1007 1071 
f 1071 1007 855 1048 
s 1
f 1049 824 823 1048 
f 1048 823 984 1071 
f 1071 984 985 1070 
f 1070 985 1009 1069 
f 1069 1009 986 1068 
f 1068 986 987 1067 
f 1067 987 989 1066 
f 1066 989 990 1065 
f 1065 990 993 1064 
f 1064 993 994 1063 
f 1063 994 1011 1062 
f 1062 1011 992 1061 
f 1061 992 831 1060 
f 1060 831 832 1059 
f 1059 832 858 1058 
f 1058 858 836 1057 
f 1057 836 837 1056 
f 1056 837 830 1055 
f 1055 830 829 1054 
f 1054 829 828 1053 
f 1053 828 826 1052 
f 1052 826 856 1051 
f 1051 856 825 1050 
f 1050 825 824 1049 
f 514 875 1075 1077 
f 515 514 1077 1080 
f 516 515 1080 1083 
f 517 516 1083 1086 
f 518 517 1086 1089 
f 519 518 1089 1092 
f 520 519 1092 1095 
f 522 520 1095 1098 
f 1028 654 1102 1104 
f 654 655 1108 1102 
f 655 656 1111 1108 
f 656 657 1114 1111 
f 657 658 1117 1114 
f 658 659 1120 1117 
f 659 660 1123 1120 
f 660 522 1098 1123 
f 875 876 1126 1075 
f 876 877 1129 1126 
f 877 878 1132 1129 
f 878 879 1135 1132 
f 879 880 1138 1135 
f 880 881 1141 1138 
f 881 882 1144 1141 
f 882 886 1147 1144 
f 1027 1028 1104 1149 
f 1029 1027 1149 1152 
f 1030 1029 1152 1155 
f 1031 1030 1155 1158 
f 1032 1031 1158 1161 
f 1033 1032 1161 1164 
f 1034 1033 1164 1167 
f 886 1034 1167 1147 
s 4
f 1078 1074 1171 1173 
f 1081 1078 1173 1176 
f 1084 1081 1176 1179 
f 1087 1084 1179 1182 
f 1090 1087 1182 1185 
f 1093 1090 1185 1188 
f 1096 1093 1188 1191 
f 1099 1096 1191 1194 
f 1105 1101 1198 1200 
f 1101 1107 1204 1198 
f 1107 1110 1207 1204 
f 1110 1113 1210 1207 
f 1113 1116 1213 1210 
f 1116 1119 1216 1213 
f 1119 1122 1219 1216 
f 1122 1099 1194 1219 
f 1074 1125 1222 1171 
f 1125 1128 1225 1222 
f 1128 1131 1228 1225 
f 1131 1134 1231 1228 
f 1134 1137 1234 1231 
f 1137 1140 1237 1234 
f 1140 1143 1240 1237 
f 1143 1146 1243 1240 
f 1150 1105 1200 1245 
f 1153 1150 1245 1248 
f 1156 1153 1248 1251 
f 1159 1156 1251 1254 
f 1162 1159 1254 1257 
f 1165 1162 1257 1260 
f 1168 1165 1260 1263 
f 1146 1168 1263 1243 
s 8
f 1174 1170 1267 1269 
f 1177 1174 1269 1272 
f 1180 1177 1272 1275 
f 1183 1180 1275 1278 
f 1186 1183 1278 1281 
f 1189 1186 1281 1284 
f 1192 1189 1284 1287 
f 1195 1192 1287 1290 
f 1201 1197 1294 1296 
f 1197 1203 1300 1294 
f 1203 1206 1303 1300 
f 1206 1209 1306 1303 
f 1209 1212 1309 1306 
f 1212 1215 1312 1309 
f 1215 1218 1315 1312 
f 1218 1195 1290 1315 
f 1170 1221 1318 1267 
f 1221 1224 1321 1318 
f 1224 1227 1324 1321 
f 1227 1230 1327 1324 
f 1230 1233 1330 1327 
f 1233 1236 1333 1330 
f 1236 1239 1336 1333 
f 1239 1242 1339 1336 
f 1246 1201 1296 1341 
f 1249 1246 1341 1344 
f 1252 1249 1344 1347 
f 1255 1252 1347 1350 
f 1258 1255 1350 1353 
f 1261 1258 1353 1356 
f 1264 1261 1356 1359 
f 1242 1264 1359 1339 
s 16
f 1270 1266 1072 
f 1273 1270 1072 
f 1276 1273 1072 
f 1279 1276 1072 
f 1282 1279 1072 
f 1285 1282 1072 
f 1288 1285 1072 
f 1291 1288 1072 
f 1297 1293 1072 
f 1293 1299 1072 
f 1299 1302 1072 
f 1302 1305 1072 
f 1305 1308 1072 
f 1308 1311 1072 
f 1311 1314 1072 
f 1314 1291 1072 
f 1266 1317 1072 
f 1317 1320 1072 
f 1320 1323 1072 
f 1323 1326 1072 
f 1326 1329 1072 
f 1329 1332 1072 
f 1332 1335 1072 
f 1335 1338 1072 
f 1342 1297 1072 
f 1345 1342 1072 
f 1348 1345 1072 
f 1351 1348 1072 
f 1354 1351 1072 
f 1357 1354 1072 
f 1360 1357 1072 
f 1338 1360 1072 
s 1
f 1077 1075 1073 1076 
f 1080 1077 1076 1079 
f 1083 1080 1079 1082 
f 1086 1083 1082 1085 
f 1089 1086 1085 1088 
f 1092 1089 1088 1091 
f 1095 1092 1091 1094 
f 1098 1095 1094 1097 
f 1104 1102 1100 1103 
f 1102 1108 1106 1100 
f 1108 1111 1109 1106 
f 1111 1114 1112 1109 
f 1114 1117 1115 1112 
f 1117 1120 1118 1115 
f 1120 1123 1121 1118 
f 1123 1098 1097 1121 
f 1075 1126 1124 1073 
f 1126 1129 1127 1124 
f 1129 1132 1130 1127 
f 1132 1135 1133 1130 
f 1135 1138 1136 1133 
f 1138 1141 1139 1136 
f 1141 1144 1142 1139 
f 1144 1147 1145 1142 
f 1149 1104 1103 1148 
f 1152 1149 1148 1151 
f 1155 1152 1151 1154 
f 1158 1155 1154 1157 
f 1161 1158 1157 1160 
f 1164 1161 1160 1163 
f 1167 1164 1163 1166 
f 1147 1167 1166 1145 
s 4
f 1074 1078 1076 1073 
f 1173 1171 1169 1172 
f 1078 1081 1079 1076 
f 1176 1173 1172 1175 
f 1081 1084 1082 1079 
f 1179 1176 1175 1178 
f 1084 1087 1085 1082 
f 1182 1179 1178 1181 
f 1087 1090 1088 1085 
f 1185 1182 1181 1184 
f 1090 1093 1091 1088 
f 1188 1185 1184 1187 
f 1093 1096 1094 1091 
f 1191 1188 1187 1190 
f 1096 1099 1097 1094 
f 1194 1191 1190 1193 
f 1101 1105 1103 1100 
f 1200 1198 1196 1199 
f 1107 1101 1100 1106 
f 1198 1204 1202 1196 
f 1110 1107 1106 1109 
f 1204 1207 1205 1202 
f 1113 1110 1109 1112 
f 1207 1210 1208 1205 
f 1116 1113 1112 1115 
f 1210 1213 1211 1208 
f 1119 1116 1115 1118 
f 1213 1216 1214 1211 
f 1122 1119 1118 1121 
f 1216 1219 1217 1214 
f 1099 1122 1121 1097 
f 1219 1194 1193 1217 
f 1125 1074 1073 1124 
f 1171 1222 1220 1169 
f 1128 1125 1124 1127 
f 1222 1225 1223 1220 
f 1131 1128 1127 1130 
f 1225 1228 1226 1223 
f 1134 1131 1130 1133 
f 1228 1231 1229 1226 
f 1137 1134 1133 1136 
f 1231 1234 1232 1229 
f 1140 1137 1136 1139 
f 1234 1237 1235 1232 
f 1143 1140 1139 1142 
f 1237 1240 1238 1235 
f 1146 1143 1142 1145 
f 1240 1243 1241 1238 
f 1105 1150 1148 1103 
f 1245 1200 1199 1244 
f 1150 1153 1151 1148 
f 1248 1245 1244 1247 
f 1153 1156 1154 1151 
f 1251 1248 1247 1250 
f 1156 1159 1157 1154 
f 1254 1251 1250 1253 
f 1159 1162 1160 1157 
f 1257 1254 1253 1256 
f 1162 1165 1163 1160 
f 1260 1257 1256 1259 
f 1165 1168 1166 1163 
f 1263 1260 1259 1262 
f 1168 1146 1145 1166 
f 1243 1263 1262 1241 
s 8
f 1170 1174 1172 1169 
f 1269 1267 1265 1268 
f 1174 1177 1175 1172 
f 1272 1269 1268 1271 
f 1177 1180 1178 1175 
f 1275 1272 1271 1274 
f 1180 1183 1181 1178 
f 1278 1275 1274 1277 
f 1183 1186 1184 1181 
f 1281 1278 1277 1280 
f 1186 1189 1187 1184 
f 1284 1281 1280 1283 
f 1189 1192 1190 1187 
f 1287 1284 1283 1286 
f 1192 1195 1193 1190 
f 1290 1287 1286 1289 
f 1197 1201 1199 1196 
f 1296 1294 1292 1295 
f 1203 1197 1196 1202 
f 1294 1300 1298 1292 
f 1206 1203 1202 1205 
f 1300 1303 1301 1298 
f 1209 1206 1205 1208 
f 1303 1306 1304 1301 
f 1212 1209 1208 1211 
f 1306 1309 1307 1304 
f 1215 1212 1211 1214 
f 1309 1312 1310 1307 
f 1218 1215 1214 1217 
f 1312 1315 1313 1310 
f 1195 1218 1217 1193 
f 1315 1290 1289 1313 
f 1221 1170 1169 1220 
f 1267 1318 1316 1265 
f 1224 1221 1220 1223 
f 1318 1321 1319 1316 
f 1227 1224 1223 1226 
f 1321 1324 1322 1319 
f 1230 1227 1226 1229 
f 1324 1327 1325 1322 
f 1233 1230 1229 1232 
f 1327 1330 1328 1325 
f 1236 1233 1232 1235 
f 1330 1333 1331 1328 
f 1239 1236 1235 1238 
f 1333 1336 1334 1331 
f 1242 1239 1238 1241 
f 1336 1339 1337 1334 
f 1201 1246 1244 1199 
f 1341 1296 1295 1340 
f 1246 1249 1247 1244 
f 1344 1341 1340 1343 
f 1249 1252 1250 1247 
f 1347 1344 1343 1346 
f 1252 1255 1253 1250 
f 1350 1347 1346 1349 
f 1255 1258 1256 1253 
f 1353 1350 1349 1352 
f 1258 1261 1259 1256 
f 1356 1353 1352 1355 
f 1261 1264 1262 1259 
f 1359 1356 1355 1358 
f 1264 1242 1241 1262 
f 1339 1359 1358 1337 
s 16
f 1266 1270 1268 1265 
f 1270 1273 1271 1268 
f 1273 1276 1274 1271 
f 1276 1279 1277 1274 
f 1279 1282 1280 1277 
f 1282 1285 1283 1280 
f 1285 1288 1286 1283 
f 1288 1291 1289 1286 
f 1293 1297 1295 1292 
f 1299 1293 1292 1298 
f 1302 1299 1298 1301 
f 1305 1302 1301 1304 
f 1308 1305 1304 1307 
f 1311 1308 1307 1310 
f 1314 1311 1310 1313 
f 1291 1314 1313 1289 
f 1317 1266 1265 1316 
f 1320 1317 1316 1319 
f 1323 1320 1319 1322 
f 1326 1323 1322 1325 
f 1329 1326 1325 1328 
f 1332 1329 1328 1331 
f 1335 1332 1331 1334 
f 1338 1335 1334 1337 
f 1297 1342 1340 1295 
f 1342 1345 1343 1340 
f 1345 1348 1346 1343 
f 1348 1351 1349 1346 
f 1351 1354 1352 1349 
f 1354 1357 1355 1352 
f 1357 1360 1358 1355 
f 1360 1338 1337 1358 
s 1
f 1406 1405 1378 1407 
f 1408 1795 1794 1409 
f 1408 1410 1796 1795 
f 1411 1802 1796 1410 
f 1413 1367 1798 1797 
f 1414 1368 1367 1413 
f 1415 1369 1368 1414 
f 1416 1370 1369 1415 
f 1417 1371 1370 1416 
f 1418 1372 1371 1417 
f 1419 1373 1372 1418 
f 1420 1374 1373 1419 
f 1420 1421 1375 1374 
f 1421 1422 1376 1375 
f 1423 1377 1376 1422 
f 1423 1407 1378 1377 
f 1521 1438 1379 1380 
f 1384 1424 1800 1799 
f 1381 1800 1794 1383 
f 1384 1385 1425 1424 
f 1385 1386 1426 1425 
f 1386 1387 1427 1426 
f 1387 1388 1428 1427 
f 1388 1389 1429 1428 
f 1389 1390 1430 1429 
f 1390 1391 1431 1430 
f 1392 1432 1431 1391 
f 1392 1393 1433 1432 
f 1394 1434 1433 1393 
f 1394 1395 1435 1434 
f 1396 1436 1435 1395 
f 1397 1437 1436 1396 
f 1379 1438 1437 1397 
f 1398 1439 1438 1521 
f 1399 1440 1439 1398 
f 1545 1441 1440 1399 
f 1400 1442 1441 1545 
f 1401 1443 1442 1400 
f 1402 1444 1443 1401 
f 1523 1403 1444 1402 
f 1404 1445 1444 1403 
f 1404 1405 1406 1445 
f 1413 1412 1446 1414 
f 1412 1411 1447 1446 
f 1411 1410 1448 1447 
f 1410 1408 1449 1448 
f 1408 1409 1450 1449 
f 1409 1424 1425 1450 
f 1414 1446 1451 1415 
f 1446 1447 1452 1451 
f 1447 1448 1453 1452 
f 1448 1449 1454 1453 
f 1449 1450 1455 1454 
f 1450 1425 1426 1455 
f 1415 1451 1456 1416 
f 1451 1452 1457 1456 
f 1452 1453 1458 1457 
f 1453 1454 1459 1458 
f 1454 1455 1460 1459 
f 1455 1426 1427 1460 
f 1416 1456 1461 1417 
f 1456 1457 1462 1461 
f 1457 1458 1463 1462 
f 1458 1459 1464 1463 
f 1459 1460 1465 1464 
f 1460 1427 1428 1465 
f 1417 1461 1466 1418 
f 1461 1462 1467 1466 
f 1462 1463 1468 1467 
f 1463 1464 1469 1468 
f 1464 1465 1470 1469 
f 1465 1428 1429 1470 
f 1418 1466 1471 1419 
f 1466 1467 1472 1471 
f 1467 1468 1473 1472 
f 1468 1469 1474 1473 
f 1469 1470 1475 1474 
f 1470 1429 1430 1475 
f 1419 1471 1476 1420 
f 1471 1472 1477 1476 
f 1472 1473 1478 1477 
f 1473 1474 1479 1478 
f 1474 1475 1480 1479 
f 1475 1430 1431 1480 
f 1420 1476 1481 1421 
f 1476 1477 1482 1481 
f 1477 1478 1483 1482 
f 1478 1479 1484 1483 
f 1479 1480 1485 1484 
f 1480 1431 1432 1485 
f 1421 1481 1486 1422 
f 1481 1482 1487 1486 
f 1482 1483 1488 1487 
f 1483 1484 1489 1488 
f 1484 1485 1490 1489 
f 1485 1432 1433 1490 
f 1422 1486 1491 1423 
f 1486 1487 1492 1491 
f 1487 1488 1493 1492 
f 1488 1489 1494 1493 
f 1489 1490 1495 1494 
f 1490 1433 1434 1495 
f 1423 1491 1496 1407 
f 1491 1492 1497 1496 
f 1492 1493 1498 1497 
f 1493 1494 1499 1498 
f 1494 1495 1500 1499 
f 1495 1434 1435 1500 
f 1407 1496 1501 1406 
f 1496 1497 1502 1501 
f 1497 1498 1503 1502 
f 1498 1499 1504 1503 
f 1499 1500 1505 1504 
f 1500 1435 1436 1505 
f 1406 1501 1506 1445 
f 1501 1502 1507 1506 
f 1502 1503 1508 1507 
f 1503 1504 1509 1508 
f 1504 1505 1510 1509 
f 1505 1436 1437 1510 
f 1445 1506 1443 1444 
f 1506 1507 1442 1443 
f 1507 1508 1441 1442 
f 1508 1509 1440 1441 
f 1509 1510 1439 1440 
f 1510 1437 1438 1439 
f 1553 1552 1520 1554 
f 1555 1556 1808 1807 
f 1556 1513 1809 1808 
f 1557 1514 1513 1556 
f 1558 1515 1514 1557 
f 1559 1516 1515 1558 
f 1560 1517 1516 1559 
f 1561 1518 1517 1560 
f 1562 1519 1518 1561 
f 1554 1520 1519 1562 
f 1546 1587 1521 1380 
f 1402 1581 1522 1523 
f 1531 1567 1815 1810 
f 1526 1527 1811 1807 
f 1528 1812 1811 1527 
f 1528 1529 1813 1812 
f 1529 1530 1814 1813 
f 1530 1524 1815 1814 
f 1531 1532 1568 1567 
f 1532 1533 1569 1568 
f 1533 1534 1570 1569 
f 1534 1535 1571 1570 
f 1535 1536 1572 1571 
f 1536 1537 1573 1572 
f 1537 1538 1574 1573 
f 1539 1575 1574 1538 
f 1540 1576 1575 1539 
f 1541 1577 1576 1540 
f 1542 1578 1577 1541 
f 1542 1543 1579 1578 
f 1543 1544 1580 1579 
f 1522 1581 1580 1544 
f 1401 1582 1581 1402 
f 1400 1583 1582 1401 
f 1545 1584 1583 1400 
f 1399 1585 1584 1545 
f 1398 1586 1585 1399 
f 1521 1587 1586 1398 
f 1547 1588 1587 1546 
f 1548 1589 1588 1547 
f 1549 1590 1589 1548 
f 1550 1591 1590 1549 
f 1551 1592 1591 1550 
f 1552 1553 1592 1551 
f 1581 1582 1593 1580 
f 1582 1583 1594 1593 
f 1583 1584 1595 1594 
f 1584 1585 1596 1595 
f 1585 1586 1597 1596 
f 1586 1587 1588 1597 
f 1580 1593 1598 1579 
f 1593 1594 1599 1598 
f 1594 1595 1600 1599 
f 1595 1596 1601 1600 
f 1596 1597 1602 1601 
f 1597 1588 1589 1602 
f 1579 1598 1603 1578 
f 1598 1599 1604 1603 
f 1599 1600 1605 1604 
f 1600 1601 1606 1605 
f 1601 1602 1607 1606 
f 1602 1589 1590 1607 
f 1578 1603 1608 1577 
f 1603 1604 1609 1608 
f 1604 1605 1610 1609 
f 1605 1606 1611 1610 
f 1606 1607 1612 1611 
f 1607 1590 1591 1612 
f 1577 1608 1613 1576 
f 1608 1609 1614 1613 
f 1609 1610 1615 1614 
f 1610 1611 1616 1615 
f 1611 1612 1617 1616 
f 1612 1591 1592 1617 
f 1576 1613 1618 1575 
f 1613 1614 1619 1618 
f 1614 1615 1620 1619 
f 1615 1616 1621 1620 
f 1616 1617 1622 1621 
f 1617 1592 1553 1622 
f 1575 1618 1623 1574 
f 1618 1619 1624 1623 
f 1619 1620 1625 1624 
f 1620 1621 1626 1625 
f 1621 1622 1627 1626 
f 1622 1553 1554 1627 
f 1574 1623 1628 1573 
f 1623 1624 1629 1628 
f 1624 1625 1630 1629 
f 1625 1626 1631 1630 
f 1626 1627 1632 1631 
f 1627 1554 1562 1632 
f 1573 1628 1633 1572 
f 1628 1629 1634 1633 
f 1629 1630 1635 1634 
f 1630 1631 1636 1635 
f 1631 1632 1637 1636 
f 1632 1562 1561 1637 
f 1572 1633 1638 1571 
f 1633 1634 1639 1638 
f 1634 1635 1640 1639 
f 1635 1636 1641 1640 
f 1636 1637 1642 1641 
f 1637 1561 1560 1642 
f 1571 1638 1643 1570 
f 1638 1639 1644 1643 
f 1639 1640 1645 1644 
f 1640 1641 1646 1645 
f 1641 1642 1647 1646 
f 1642 1560 1559 1647 
f 1570 1643 1648 1569 
f 1643 1644 1649 1648 
f 1644 1645 1650 1649 
f 1645 1646 1651 1650 
f 1646 1647 1652 1651 
f 1647 1559 1558 1652 
f 1569 1648 1653 1568 
f 1648 1649 1654 1653 
f 1649 1650 1655 1654 
f 1650 1651 1656 1655 
f 1651 1652 1657 1656 
f 1652 1558 1557 1657 
f 1568 1653 1566 1567 
f 1653 1654 1565 1566 
f 1654 1655 1564 1565 
f 1655 1656 1563 1564 
f 1656 1657 1555 1563 
f 1657 1557 1556 1555 
f 1412 1413 1797 1801 
f 1411 1412 1801 1802 
f 1366 1798 1803 1658 
f 1367 1368 1660 1659 
f 1368 1369 1661 1660 
f 1369 1370 1662 1661 
f 1370 1371 1663 1662 
f 1371 1372 1664 1663 
f 1372 1373 1665 1664 
f 1373 1374 1666 1665 
f 1374 1375 1667 1666 
f 1375 1376 1668 1667 
f 1376 1377 1669 1668 
f 1377 1378 1670 1669 
f 1403 1523 1675 1671 
f 1404 1403 1671 1672 
f 1405 1404 1672 1673 
f 1378 1405 1673 1670 
f 1523 1522 1674 1675 
f 1531 1810 1816 1677 
f 1532 1531 1677 1678 
f 1533 1532 1678 1679 
f 1534 1533 1679 1680 
f 1535 1534 1680 1681 
f 1536 1535 1681 1682 
f 1537 1536 1682 1683 
f 1538 1537 1683 1684 
f 1539 1538 1684 1685 
f 1540 1539 1685 1686 
f 1541 1540 1686 1687 
f 1542 1541 1687 1688 
f 1543 1542 1688 1689 
f 1544 1543 1689 1690 
f 1522 1544 1690 1674 
f 1380 1379 1691 1692 
f 1384 1799 1804 1694 
f 1385 1384 1694 1695 
f 1386 1385 1695 1696 
f 1387 1386 1696 1697 
f 1388 1387 1697 1698 
f 1389 1388 1698 1699 
f 1390 1389 1699 1700 
f 1391 1390 1700 1701 
f 1392 1391 1701 1702 
f 1393 1392 1702 1703 
f 1394 1393 1703 1704 
f 1395 1394 1704 1705 
f 1396 1395 1705 1706 
f 1397 1396 1706 1707 
f 1379 1397 1707 1691 
f 1512 1809 1817 1708 
f 1513 1514 1710 1709 
f 1514 1515 1711 1710 
f 1515 1516 1712 1711 
f 1516 1517 1713 1712 
f 1517 1518 1714 1713 
f 1518 1519 1715 1714 
f 1519 1520 1716 1715 
f 1546 1380 1692 1717 
f 1547 1546 1717 1718 
f 1548 1547 1718 1719 
f 1549 1548 1719 1720 
f 1550 1549 1720 1721 
f 1551 1550 1721 1722 
f 1552 1551 1722 1723 
f 1520 1552 1723 1716 
f 1658 1803 1805 1724 
f 1659 1660 1726 1725 
f 1660 1661 1727 1726 
f 1661 1662 1728 1727 
f 1662 1663 1729 1728 
f 1663 1664 1730 1729 
f 1664 1665 1731 1730 
f 1665 1666 1732 1731 
f 1666 1667 1733 1732 
f 1667 1668 1734 1733 
f 1668 1669 1735 1734 
f 1669 1670 1736 1735 
f 1671 1675 1741 1737 
f 1672 1671 1737 1738 
f 1673 1672 1738 1739 
f 1670 1673 1739 1736 
f 1675 1674 1740 1741 
f 1677 1816 1818 1743 
f 1678 1677 1743 1744 
f 1679 1678 1744 1745 
f 1680 1679 1745 1746 
f 1681 1680 1746 1747 
f 1682 1681 1747 1748 
f 1683 1682 1748 1749 
f 1684 1683 1749 1750 
f 1685 1684 1750 1751 
f 1686 1685 1751 1752 
f 1687 1686 1752 1753 
f 1688 1687 1753 1754 
f 1689 1688 1754 1755 
f 1690 1689 1755 1756 
f 1674 1690 1756 1740 
f 1724 1805 1806 1757 
f 1725 1726 1759 1758 
f 1726 1727 1760 1759 
f 1727 1728 1761 1760 
f 1728 1729 1762 1761 
f 1729 1730 1763 1762 
f 1730 1731 1764 1763 
f 1731 1732 1765 1764 
f 1732 1733 1766 1765 
f 1733 1734 1767 1766 
f 1734 1735 1768 1767 
f 1735 1736 1769 1768 
f 1737 1741 1774 1770 
f 1738 1737 1770 1771 
f 1739 1738 1771 1772 
f 1736 1739 1772 1769 
f 1741 1740 1773 1774 
f 1743 1818 1819 1776 
f 1744 1743 1776 1777 
f 1745 1744 1777 1778 
f 1746 1745 1778 1779 
f 1747 1746 1779 1780 
f 1748 1747 1780 1781 
f 1749 1748 1781 1782 
f 1750 1749 1782 1783 
f 1751 1750 1783 1784 
f 1752 1751 1784 1785 
f 1753 1752 1785 1786 
f 1754 1753 1786 1787 
f 1755 1754 1787 1788 
f 1756 1755 1788 1789 
f 1740 1756 1789 1773 
s 2
f 1693 1382 1790 1791 
f 1512 1708 1792 1793 
f 1511 1793 1526 
f 1361 1790 1383 
f 1790 1366 1658 1791 
f 1792 1676 1525 1793 
f 1793 1530 1529 
f 1793 1524 1530 
f 1793 1525 1524 
f 1793 1529 1528 
f 1793 1528 1527 
f 1793 1527 1526 
f 1511 1512 1793 
f 1362 1363 1790 
f 1363 1364 1790 
f 1364 1365 1790 
f 1365 1366 1790 
f 1361 1362 1790 
f 1790 1381 1383 
f 1790 1382 1381 
s 1
f 1795 1361 1383 1794 
f 1796 1362 1361 1795 
f 1802 1363 1362 1796 
f 1798 1366 1365 1797 
f 1800 1381 1382 1799 
f 1800 1424 1409 1794 
f 1797 1365 1364 1801 
f 1801 1364 1363 1802 
f 1798 1367 1659 1803 
f 1799 1382 1693 1804 
f 1803 1659 1725 1805 
f 1805 1725 1758 1806 
f 1808 1511 1526 1807 
f 1809 1512 1511 1808 
f 1815 1524 1525 1810 
f 1811 1563 1555 1807 
f 1812 1564 1563 1811 
f 1813 1565 1564 1812 
f 1814 1566 1565 1813 
f 1815 1567 1566 1814 
f 1810 1525 1676 1816 
f 1809 1513 1709 1817 
f 1816 1676 1742 1818 
f 1818 1742 1775 1819 
f 1826 1854 1856 1820 
f 1856 1859 1827 1820 
f 1859 1862 1821 1827 
f 1862 1865 1822 1821 
f 1865 1868 1823 1822 
f 1868 1871 1824 1823 
f 1871 1874 1825 1824 
f 1874 1854 1826 1825 
f 1880 1881 1876 1877 
f 1891 1890 1879 1878 
f 1889 1888 1878 1879 
f 1882 1883 1881 1880 
f 1884 1885 1883 1882 
f 1886 1887 1885 1884 
f 1888 1889 1887 1886 
f 1877 1876 1890 1891 
f 1842 1843 1831 1832 
f 1830 1833 1832 1831 
f 1830 1835 1834 1833 
f 1835 1837 1836 1834 
f 1837 1829 1838 1836 
f 1828 1839 1838 1829 
f 1841 1840 1839 1828 
f 1843 1842 1840 1841 
s 2
f 1853 1844 1845 1857 
f 1857 1845 1846 1860 
f 1860 1846 1847 1863 
f 1863 1847 1848 1866 
f 1866 1848 1849 1869 
f 1869 1849 1850 1872 
f 1872 1850 1851 1875 
f 1875 1851 1844 1853 
s 1
f 1854 1852 1855 1856 
f 1856 1855 1858 1859 
f 1859 1858 1861 1862 
f 1862 1861 1864 1865 
f 1865 1864 1867 1868 
f 1868 1867 1870 1871 
f 1871 1870 1873 1874 
f 1874 1873 1852 1854 
s 2
f 1853 1857 1855 1852 
f 1857 1860 1858 1855 
f 1860 1863 1861 1858 
f 1863 1866 1864 1861 
f 1866 1869 1867 1864 
f 1869 1872 1870 1867 
f 1872 1875 1873 1870 
f 1875 1853 1852 1873 
s 1
f 1881 1837 1835 1876 
f 1877 1822 1823 1880 
f 1890 1830 1831 1879 
f 1878 1827 1821 1891 
f 1888 1820 1827 1878 
f 1879 1831 1843 1889 
f 1883 1829 1837 1881 
f 1880 1823 1824 1882 
f 1885 1828 1829 1883 
f 1882 1824 1825 1884 
f 1887 1841 1828 1885 
f 1884 1825 1826 1886 
f 1889 1843 1841 1887 
f 1886 1826 1820 1888 
f 1876 1835 1830 1890 
f 1891 1821 1822 1877 
f 1898 1926 1928 1892 
f 1928 1931 1899 1892 
f 1931 1934 1893 1899 
f 1934 1937 1894 1893 
f 1937 1940 1895 1894 
f 1940 1943 1896 1895 
f 1943 1946 1897 1896 
f 1946 1926 1898 1897 
f 1952 1953 1948 1949 
f 1963 1962 1951 1950 
f 1961 1960 1950 1951 
f 1954 1955 1953 1952 
f 1956 1957 1955 1954 
f 1958 1959 1957 1956 
f 1960 1961 1959 1958 
f 1949 1948 1962 1963 
f 1914 1915 1903 1904 
f 1902 1905 1904 1903 
f 1902 1907 1906 1905 
f 1907 1909 1908 1906 
f 1909 1901 1910 1908 
f 1900 1911 1910 1901 
f 1913 1912 1911 1900 
f 1915 1914 1912 1913 
s 2
f 1925 1916 1917 1929 
f 1929 1917 1918 1932 
f 1932 1918 1919 1935 
f 1935 1919 1920 1938 
f 1938 1920 1921 1941 
f 1941 1921 1922 1944 
f 1944 1922 1923 1947 
f 1947 1923 1916 1925 
s 1
f 1926 1924 1927 1928 
f 1928 1927 1930 1931 
f 1931 1930 1933 1934 
f 1934 1933 1936 1937 
f 1937 1936 1939 1940 
f 1940 1939 1942 1943 
f 1943 1942 1945 1946 
f 1946 1945 1924 1926 
s 2
f 1925 1929 1927 1924 
f 1929 1932 1930 1927 
f 1932 1935 1933 1930 
f 1935 1938 1936 1933 
f 1938 1941 1939 1936 
f 1941 1944 1942 1939 
f 1944 1947 1945 1942 
f 1947 1925 1924 1945 
s 1
f 1953 1909 1907 1948 
f 1949 1894 1895 1952 
f 1962 1902 1903 1951 
f 1950 1899 1893 1963 
f 1960 1892 1899 1950 
f 1951 1903 1915 1961 
f 1955 1901 1909 1953 
f 1952 1895 1896 1954 
f 1957 1900 1901 1955 
f 1954 1896 1897 1956 
f 1959 1913 1900 1957 
f 1956 1897 1898 1958 
f 1961 1915 1913 1959 
f 1958 1898 1892 1960 
f 1948 1907 1902 1962 
f 1963 1893 1894 1949 
f 1970 1998 2000 1964 
f 2000 2003 1971 1964 
f 2003 2006 1965 1971 
f 2006 2009 1966 1965 
f 2009 2012 1967 1966 
f 2012 2015 1968 1967 
f 2015 2018 1969 1968 
f 2018 1998 1970 1969 
f 2024 2025 2020 2021 
f 2035 2034 2023 2022 
f 2033 2032 2022 2023 
f 2026 2027 2025 2024 
f 2028 2029 2027 2026 
f 2030 2031 2029 2028 
f 2032 2033 2031 2030 
f 2021 2020 2034 2035 
f 1986 1987 1975 1976 
f 1974 1977 1976 1975 
f 1974 1979 1978 1977 
f 1979 1981 1980 1978 
f 1981 1973 1982 1980 
f 1972 1983 1982 1973 
f 1985 1984 1983 1972 
f 1987 1986 1984 1985 
s 2
f 1997 1988 1989 2001 
f 2001 1989 1990 2004 
f 2004 1990 1991 2007 
f 2007 1991 1992 2010 
f 2010 1992 1993 2013 
f 2013 1993 1994 2016 
f 2016 1994 1995 2019 
f 2019 1995 1988 1997 
s 1
f 1998 1996 1999 2000 
f 2000 1999 2002 2003 
f 2003 2002 2005 2006 
f 2006 2005 2008 2009 
f 2009 2008 2011 2012 
f 2012 2011 2014 2015 
f 2015 2014 2017 2018 
f 2018 2017 1996 1998 
s 2
f 1997 2001 1999 1996 
f 2001 2004 2002 1999 
f 2004 2007 2005 2002 
f 2007 2010 2008 2005 
f 2010 2013 2011 2008 
f 2013 2016 2014 2011 
f 2016 2019 2017 2014 
f 2019 1997 1996 2017 
s 1
f 2025 1981 1979 2020 
f 2021 1966 1967 2024 
f 2034 1974 1975 2023 
f 2022 1971 1965 2035 
f 2032 1964 1971 2022 
f 2023 1975 1987 2033 
f 2027 1973 1981 2025 
f 2024 1967 1968 2026 
f 2029 1972 1973 2027 
f 2026 1968 1969 2028 
f 2031 1985 1972 2029 
f 2028 1969 1970 2030 
f 2033 1987 1985 2031 
f 2030 1970 1964 2032 
f 2020 1979 1974 2034 
f 2035 1965 1966 2021 
f 2042 2070 2072 2036 
f 2072 2075 2043 2036 
f 2075 2078 2037 2043 
f 2078 2081 2038 2037 
f 2081 2084 2039 2038 
f 2084 2087 2040 2039 
f 2087 2090 2041 2040 
f 2090 2070 2042 2041 
f 2096 2097 2092 2093 
f 2107 2106 2095 2094 
f 2105 2104 2094 2095 
f 2098 2099 2097 2096 
f 2100 2101 2099 2098 
f 2102 2103 2101 2100 
f 2104 2105 2103 2102 
f 2093 2092 2106 2107 
f 2058 2059 2047 2048 
f 2046 2049 2048 2047 
f 2046 2051 2050 2049 
f 2051 2053 2052 2050 
f 2053 2045 2054 2052 
f 2044 2055 2054 2045 
f 2057 2056 2055 2044 
f 2059 2058 2056 2057 
s 2
f 2069 2060 2061 2073 
f 2073 2061 2062 2076 
f 2076 2062 2063 2079 
f 2079 2063 2064 2082 
f 2082 2064 2065 2085 
f 2085 2065 2066 2088 
f 2088 2066 2067 2091 
f 2091 2067 2060 2069 
s 1
f 2070 2068 2071 2072 
f 2072 2071 2074 2075 
f 2075 2074 2077 2078 
f 2078 2077 2080 2081 
f 2081 2080 2083 2084 
f 2084 2083 2086 2087 
f 2087 2086 2089 2090 
f 2090 2089 2068 2070 
s 2
f 2069 2073 2071 2068 
f 2073 2076 2074 2071 
f 2076 2079 2077 2074 
f 2079 2082 2080 2077 
f 2082 2085 2083 2080 
f 2085 2088 2086 2083 
f 2088 2091 2089 2086 
f 2091 2069 2068 2089 
s 1
f 2097 2053 2051 2092 
f 2093 2038 2039 2096 
f 2106 2046 2047 2095 
f 2094 2043 2037 2107 
f 2104 2036 2043 2094 
f 2095 2047 2059 2105 
f 2099 2045 2053 2097 
f 2096 2039 2040 2098 
f 2101 2044 2045 2099 
f 2098 2040 2041 2100 
f 2103 2057 2044 2101 
f 2100 2041 2042 2102 
f 2105 2059 2057 2103 
f 2102 2042 2036 2104 
f 2092 2051 2046 2106 
f 2107 2037 2038 2093 
f 2114 2142 2144 2108 
f 2144 2147 2115 2108 
f 2147 2150 2109 2115 
f 2150 2153 2110 2109 
f 2153 2156 2111 2110 
f 2156 2159 2112 2111 
f 2159 2162 2113 2112 
f 2162 2142 2114 2113 
f 2168 2169 2164 2165 
f 2179 2178 2167 2166 
f 2177 2176 2166 2167 
f 2170 2171 2169 2168 
f 2172 2173 2171 2170 
f 2174 2175 2173 2172 
f 2176 2177 2175 2174 
f 2165 2164 2178 2179 
f 2130 2131 2119 2120 
f 2118 2121 2120 2119 
f 2118 2123 2122 2121 
f 2123 2125 2124 2122 
f 2125 2117 2126 2124 
f 2116 2127 2126 2117 
f 2129 2128 2127 2116 
f 2131 2130 2128 2129 
s 2
f 2141 2132 2133 2145 
f 2145 2133 2134 2148 
f 2148 2134 2135 2151 
f 2151 2135 2136 2154 
f 2154 2136 2137 2157 
f 2157 2137 2138 2160 
f 2160 2138 2139 2163 
f 2163 2139 2132 2141 
s 1
f 2142 2140 2143 2144 
f 2144 2143 2146 2147 
f 2147 2146 2149 2150 
f 2150 2149 2152 2153 
f 2153 2152 2155 2156 
f 2156 2155 2158 2159 
f 2159 2158 2161 2162 
f 2162 2161 2140 2142 
s 2
f 2141 2145 2143 2140 
f 2145 2148 2146 2143 
f 2148 2151 2149 2146 
f 2151 2154 2152 2149 
f 2154 2157 2155 2152 
f 2157 2160 2158 2155 
f 2160 2163 2161 2158 
f 2163 2141 2140 2161 
s 1
f 2169 2125 2123 2164 
f 2165 2110 2111 2168 
f 2178 2118 2119 2167 
f 2166 2115 2109 2179 
f 2176 2108 2115 2166 
f 2167 2119 2131 2177 
f 2171 2117 2125 2169 
f 2168 2111 2112 2170 
f 2173 2116 2117 2171 
f 2170 2112 2113 2172 
f 2175 2129 2116 2173 
f 2172 2113 2114 2174 
f 2177 2131 2129 2175 
f 2174 2114 2108 2176 
f 2164 2123 2118 2178 
f 2179 2109 2110 2165 
f 2186 2214 2216 2180 
f 2216 2219 2187 2180 
f 2219 2222 2181 2187 
f 2222 2225 2182 2181 
f 2225 2228 2183 2182 
f 2228 2231 2184 2183 
f 2231 2234 2185 2184 
f 2234 2214 2186 2185 
f 2240 2241 2236 2237 
f 2251 2250 2239 2238 
f 2249 2248 2238 2239 
f 2242 2243 2241 2240 
f 2244 2245 2243 2242 
f 2246 2247 2245 2244 
f 2248 2249 2247 2246 
f 2237 2236 2250 2251 
f 2202 2203 2191 2192 
f 2190 2193 2192 2191 
f 2190 2195 2194 2193 
f 2195 2197 2196 2194 
f 2197 2189 2198 2196 
f 2188 2199 2198 2189 
f 2201 2200 2199 2188 
f 2203 2202 2200 2201 
s 2
f 2213 2204 2205 2217 
f 2217 2205 2206 2220 
f 2220 2206 2207 2223 
f 2223 2207 2208 2226 
f 2226 2208 2209 2229 
f 2229 2209 2210 2232 
f 2232 2210 2211 2235 
f 2235 2211 2204 2213 
s 1
f 2214 2212 2215 2216 
f 2216 2215 2218 2219 
f 2219 2218 2221 2222 
f 2222 2221 2224 2225 
f 2225 2224 2227 2228 
f 2228 2227 2230 2231 
f 2231 2230 2233 2234 
f 2234 2233 2212 2214 
s 2
f 2213 2217 2215 2212 
f 2217 2220 2218 2215 
f 2220 2223 2221 2218 
f 2223 2226 2224 2221 
f 2226 2229 2227 2224 
f 2229 2232 2230 2227 
f 2232 2235 2233 2230 
f 2235 2213 2212 2233 
s 1
f 2241 2197 2195 2236 
f 2237 2182 2183 2240 
f 2250 2190 2191 2239 
f 2238 2187 2181 2251 
f 2248 2180 2187 2238 
f 2239 2191 2203 2249 
f 2243 2189 2197 2241 
f 2240 2183 2184 2242 
f 2245 2188 2189 2243 
f 2242 2184 2185 2244 
f 2247 2201 2188 2245 
f 2244 2185 2186 2246 
f 2249 2203 2201 2247 
f 2246 2186 2180 2248 
f 2236 2195 2190 2250 
f 2251 2181 2182 2237 
f 2258 2286 2288 2252 
f 2288 2291 2259 2252 
f 2291 2294 2253 2259 
f 2294 2297 2254 2253 
f 2297 2300 2255 2254 
f 2300 2303 2256 2255 
f 2303 2306 2257 2256 
f 2306 2286 2258 2257 
f 2312 2313 2308 2309 
f 2323 2322 2311 2310 
f 2321 2320 2310 2311 
f 2314 2315 2313 2312 
f 2316 2317 2315 2314 
f 2318 2319 2317 2316 
f 2320 2321 2319 2318 
f 2309 2308 2322 2323 
f 2274 2275 2263 2264 
f 2262 2265 2264 2263 
f 2262 2267 2266 2265 
f 2267 2269 2268 2266 
f 2269 2261 2270 2268 
f 2260 2271 2270 2261 
f 2273 2272 2271 2260 
f 2275 2274 2272 2273 
s 2
f 2285 2276 2277 2289 
f 2289 2277 2278 2292 
f 2292 2278 2279 2295 
f 2295 2279 2280 2298 
f 2298 2280 2281 2301 
f 2301 2281 2282 2304 
f 2304 2282 2283 2307 
f 2307 2283 2276 2285 
s 1
f 2286 2284 2287 2288 
f 2288 2287 2290 2291 
f 2291 2290 2293 2294 
f 2294 2293 2296 2297 
f 2297 2296 2299 2300 
f 2300 2299 2302 2303 
f 2303 2302 2305 2306 
f 2306 2305 2284 2286 
s 2
f 2285 2289 2287 2284 
f 2289 2292 2290 2287 
f 2292 2295 2293 2290 
f 2295 2298 2296 2293 
f 2298 2301 2299 2296 
f 2301 2304 2302 2299 
f 2304 2307 2305 2302 
f 2307 2285 2284 2305 
s 1
f 2313 2269 2267 2308 
f 2309 2254 2255 2312 
f 2322 2262 2263 2311 
f 2310 2259 2253 2323 
f 2320 2252 2259 2310 
f 2311 2263 2275 2321 
f 2315 2261 2269 2313 
f 2312 2255 2256 2314 
f 2317 2260 2261 2315 
f 2314 2256 2257 2316 
f 2319 2273 2260 2317 
f 2316 2257 2258 2318 
f 2321 2275 2273 2319 
f 2318 2258 2252 2320 
f 2308 2267 2262 2322 
f 2323 2253 2254 2309 
f 2330 2358 2360 2324 
f 2360 2363 2331 2324 
f 2363 2366 2325 2331 
f 2366 2369 2326 2325 
f 2369 2372 2327 2326 
f 2372 2375 2328 2327 
f 2375 2378 2329 2328 
f 2378 2358 2330 2329 
f 2384 2385 2380 2381 
f 2395 2394 2383 2382 
f 2393 2392 2382 2383 
f 2386 2387 2385 2384 
f 2388 2389 2387 2386 
f 2390 2391 2389 2388 
f 2392 2393 2391 2390 
f 2381 2380 2394 2395 
f 2346 2347 2335 2336 
f 2334 2337 2336 2335 
f 2334 2339 2338 2337 
f 2339 2341 2340 2338 
f 2341 2333 2342 2340 
f 2332 2343 2342 2333 
f 2345 2344 2343 2332 
f 2347 2346 2344 2345 
s 2
f 2357 2348 2349 2361 
f 2361 2349 2350 2364 
f 2364 2350 2351 2367 
f 2367 2351 2352 2370 
f 2370 2352 2353 2373 
f 2373 2353 2354 2376 
f 2376 2354 2355 2379 
f 2379 2355 2348 2357 
s 1
f 2358 2356 2359 2360 
f 2360 2359 2362 2363 
f 2363 2362 2365 2366 
f 2366 2365 2368 2369 
f 2369 2368 2371 2372 
f 2372 2371 2374 2375 
f 2375 2374 2377 2378 
f 2378 2377 2356 2358 
s 2
f 2357 2361 2359 2356 
f 2361 2364 2362 2359 
f 2364 2367 2365 2362 
f 2367 2370 2368 2365 
f 2370 2373 2371 2368 
f 2373 2376 2374 2371 
f 2376 2379 2377 2374 
f 2379 2357 2356 2377 
s 1
f 2385 2341 2339 2380 
f 2381 2326 2327 2384 
f 2394 2334 2335 2383 
f 2382 2331 2325 2395 
f 2392 2324 2331 2382 
f 2383 2335 2347 2393 
f 2387 2333 2341 2385 
f 2384 2327 2328 2386 
f 2389 2332 2333 2387 
f 2386 2328 2329 2388 
f 2391 2345 2332 2389 
f 2388 2329 2330 2390 
f 2393 2347 2345 2391 
f 2390 2330 2324 2392 
f 2380 2339 2334 2394 
f 2395 2325 2326 2381 
f 2402 2430 2432 2396 
f 2432 2435 2403 2396 
f 2435 2438 2397 2403 
f 2438 2441 2398 2397 
f 2441 2444 2399 2398 
f 2444 2447 2400 2399 
f 2447 2450 2401 2400 
f 2450 2430 2402 2401 
f 2456 2457 2452 2453 
f 2467 2466 2455 2454 
f 2465 2464 2454 2455 
f 2458 2459 2457 2456 
f 2460 2461 2459 2458 
f 2462 2463 2461 2460 
f 2464 2465 2463 2462 
f 2453 2452 2466 2467 
f 2418 2419 2407 2408 
f 2406 2409 2408 2407 
f 2406 2411 2410 2409 
f 2411 2413 2412 2410 
f 2413 2405 2414 2412 
f 2404 2415 2414 2405 
f 2417 2416 2415 2404 
f 2419 2418 2416 2417 
s 2
f 2429 2420 2421 2433 
f 2433 2421 2422 2436 
f 2436 2422 2423 2439 
f 2439 2423 2424 2442 
f 2442 2424 2425 2445 
f 2445 2425 2426 2448 
f 2448 2426 2427 2451 
f 2451 2427 2420 2429 
s 1
f 2430 2428 2431 2432 
f 2432 2431 2434 2435 
f 2435 2434 2437 2438 
f 2438 2437 2440 2441 
f 2441 2440 2443 2444 
f 2444 2443 2446 2447 
f 2447 2446 2449 2450 
f 2450 2449 2428 2430 
s 2
f 2429 2433 2431 2428 
f 2433 2436 2434 2431 
f 2436 2439 2437 2434 
f 2439 2442 2440 2437 
f 2442 2445 2443 2440 
f 2445 2448 2446 2443 
f 2448 2451 2449 2446 
f 2451 2429 2428 2449 
s 1
f 2457 2413 2411 2452 
f 2453 2398 2399 2456 
f 2466 2406 2407 2455 
f 2454 2403 2397 2467 
f 2464 2396 2403 2454 
f 2455 2407 2419 2465 
f 2459 2405 2413 2457 
f 2456 2399 2400 2458 
f 2461 2404 2405 2459 
f 2458 2400 2401 2460 
f 2463 2417 2404 2461 
f 2460 2401 2402 2462 
f 2465 2419 2417 2463 
f 2462 2402 2396 2464 
f 2452 2411 2406 2466 
f 2467 2397 2398 2453 
f 2474 2502 2504 2468 
f 2504 2507 2475 2468 
f 2507 2510 2469 2475 
f 2510 2513 2470 2469 
f 2513 2516 2471 2470 
f 2516 2519 2472 2471 
f 2519 2522 2473 2472 
f 2522 2502 2474 2473 
f 2528 2529 2524 2525 
f 2539 2538 2527 2526 
f 2537 2536 2526 2527 
f 2530 2531 2529 2528 
f 2532 2533 2531 2530 
f 2534 2535 2533 2532 
f 2536 2537 2535 2534 
f 2525 2524 2538 2539 
f 2490 2491 2479 2480 
f 2478 2481 2480 2479 
f 2478 2483 2482 2481 
f 2483 2485 2484 2482 
f 2485 2477 2486 2484 
f 2476 2487 2486 2477 
f 2489 2488 2487 2476 
f 2491 2490 2488 2489 
s 2
f 2501 2492 2493 2505 
f 2505 2493 2494 2508 
f 2508 2494 2495 2511 
f 2511 2495 2496 2514 
f 2514 2496 2497 2517 
f 2517 2497 2498 2520 
f 2520 2498 2499 2523 
f 2523 2499 2492 2501 
s 1
f 2502 2500 2503 2504 
f 2504 2503 2506 2507 
f 2507 2506 2509 2510 
f 2510 2509 2512 2513 
f 2513 2512 2515 2516 
f 2516 2515 2518 2519 
f 2519 2518 2521 2522 
f 2522 2521 2500 2502 
s 2
f 2501 2505 2503 2500 
f 2505 2508 2506 2503 
f 2508 2511 2509 2506 
f 2511 2514 2512 2509 
f 2514 2517 2515 2512 
f 2517 2520 2518 2515 
f 2520 2523 2521 2518 
f 2523 2501 2500 2521 
s 1
f 2529 2485 2483 2524 
f 2525 2470 2471 2528 
f 2538 2478 2479 2527 
f 2526 2475 2469 2539 
f 2536 2468 2475 2526 
f 2527 2479 2491 2537 
f 2531 2477 2485 2529 
f 2528 2471 2472 2530 
f 2533 2476 2477 2531 
f 2530 2472 2473 2532 
f 2535 2489 2476 2533 
f 2532 2473 2474 2534 
f 2537 2491 2489 2535 
f 2534 2474 2468 2536 
f 2524 2483 2478 2538 
f 2539 2469 2470 2525 
f 2546 2574 2576 2540 
f 2576 2579 2547 2540 
f 2579 2582 2541 2547 
f 2582 2585 2542 2541 
f 2585 2588 2543 2542 
f 2588 2591 2544 2543 
f 2591 2594 2545 2544 
f 2594 2574 2546 2545 
f 2600 2601 2596 2597 
f 2611 2610 2599 2598 
f 2609 2608 2598 2599 
f 2602 2603 2601 2600 
f 2604 2605 2603 2602 
f 2606 2607 2605 2604 
f 2608 2609 2607 2606 
f 2597 2596 2610 2611 
f 2562 2563 2551 2552 
f 2550 2553 2552 2551 
f 2550 2555 2554 2553 
f 2555 2557 2556 2554 
f 2557 2549 2558 2556 
f 2548 2559 2558 2549 
f 2561 2560 2559 2548 
f 2563 2562 2560 2561 
s 2
f 2573 2564 2565 2577 
f 2577 2565 2566 2580 
f 2580 2566 2567 2583 
f 2583 2567 2568 2586 
f 2586 2568 2569 2589 
f 2589 2569 2570 2592 
f 2592 2570 2571 2595 
f 2595 2571 2564 2573 
s 1
f 2574 2572 2575 2576 
f 2576 2575 2578 2579 
f 2579 2578 2581 2582 
f 2582 2581 2584 2585 
f 2585 2584 2587 2588 
f 2588 2587 2590 2591 
f 2591 2590 2593 2594 
f 2594 2593 2572 2574 
s 2
f 2573 2577 2575 2572 
f 2577 2580 2578 2575 
f 2580 2583 2581 2578 
f 2583 2586 2584 2581 
f 2586 2589 2587 2584 
f 2589 2592 2590 2587 
f 2592 2595 2593 2590 
f 2595 2573 2572 2593 
s 1
f 2601 2557 2555 2596 
f 2597 2542 2543 2600 
f 2610 2550 2551 2599 
f 2598 2547 2541 2611 
f 2608 2540 2547 2598 
f 2599 2551 2563 2609 
f 2603 2549 2557 2601 
f 2600 2543 2544 2602 
f 2605 2548 2549 2603 
f 2602 2544 2545 2604 
f 2607 2561 2548 2605 
f 2604 2545 2546 2606 
f 2609 2563 2561 2607 
f 2606 2546 2540 2608 
f 2596 2555 2550 2610 
f 2611 2541 2542 2597 
f 2618 2646 2648 2612 
f 2648 2651 2619 2612 
f 2651 2654 2613 2619 
f 2654 2657 2614 2613 
f 2657 2660 2615 2614 
f 2660 2663 2616 2615 
f 2663 2666 2617 2616 
f 2666 2646 2618 2617 
f 2672 2673 2668 2669 
f 2683 2682 2671 2670 
f 2681 2680 2670 2671 
f 2674 2675 2673 2672 
f 2676 2677 2675 2674 
f 2678 2679 2677 2676 
f 2680 2681 2679 2678 
f 2669 2668 2682 2683 
f 2634 2635 2623 2624 
f 2622 2625 2624 2623 
f 2622 2627 2626 2625 
f 2627 2629 2628 2626 
f 2629 2621 2630 2628 
f 2620 2631 2630 2621 
f 2633 2632 2631 2620 
f 2635 2634 2632 2633 
s 2
f 2645 2636 2637 2649 
f 2649 2637 2638 2652 
f 2652 2638 2639 2655 
f 2655 2639 2640 2658 
f 2658 2640 2641 2661 
f 2661 2641 2642 2664 
f 2664 2642 2643 2667 
f 2667 2643 2636 2645 
s 1
f 2646 2644 2647 2648 
f 2648 2647 2650 2651 
f 2651 2650 2653 2654 
f 2654 2653 2656 2657 
f 2657 2656 2659 2660 
f 2660 2659 2662 2663 
f 2663 2662 2665 2666 
f 2666 2665 2644 2646 
s 2
f 2645 2649 2647 2644 
f 2649 2652 2650 2647 
f 2652 2655 2653 2650 
f 2655 2658 2656 2653 
f 2658 2661 2659 2656 
f 2661 2664 2662 2659 
f 2664 2667 2665 2662 
f 2667 2645 2644 2665 
s 1
f 2673 2629 2627 2668 
f 2669 2614 2615 2672 
f 2682 2622 2623 2671 
f 2670 2619 2613 2683 
f 2680 2612 2619 2670 
f 2671 2623 2635 2681 
f 2675 2621 2629 2673 
f 2672 2615 2616 2674 
f 2677 2620 2621 2675 
f 2674 2616 2617 2676 
f 2679 2633 2620 2677 
f 2676 2617 2618 2678 
f 2681 2635 2633 2679 
f 2678 2618 2612 2680 
f 2668 2627 2622 2682 
f 2683 2613 2614 2669 
f 2690 2718 2720 2684 
f 2720 2723 2691 2684 
f 2723 2726 2685 2691 
f 2726 2729 2686 2685 
f 2729 2732 2687 2686 
f 2732 2735 2688 2687 
f 2735 2738 2689 2688 
f 2738 2718 2690 2689 
f 2744 2745 2740 2741 
f 2755 2754 2743 2742 
f 2753 2752 2742 2743 
f 2746 2747 2745 2744 
f 2748 2749 2747 2746 
f 2750 2751 2749 2748 
f 2752 2753 2751 2750 
f 2741 2740 2754 2755 
f 2706 2707 2695 2696 
f 2694 2697 2696 2695 
f 2694 2699 2698 2697 
f 2699 2701 2700 2698 
f 2701 2693 2702 2700 
f 2692 2703 2702 2693 
f 2705 2704 2703 2692 
f 2707 2706 2704 2705 
s 2
f 2717 2708 2709 2721 
f 2721 2709 2710 2724 
f 2724 2710 2711 2727 
f 2727 2711 2712 2730 
f 2730 2712 2713 2733 
f 2733 2713 2714 2736 
f 2736 2714 2715 2739 
f 2739 2715 2708 2717 
s 1
f 2718 2716 2719 2720 
f 2720 2719 2722 2723 
f 2723 2722 2725 2726 
f 2726 2725 2728 2729 
f 2729 2728 2731 2732 
f 2732 2731 2734 2735 
f 2735 2734 2737 2738 
f 2738 2737 2716 2718 
s 2
f 2717 2721 2719 2716 
f 2721 2724 2722 2719 
f 2724 2727 2725 2722 
f 2727 2730 2728 2725 
f 2730 2733 2731 2728 
f 2733 2736 2734 2731 
f 2736 2739 2737 2734 
f 2739 2717 2716 2737 
s 1
f 2745 2701 2699 2740 
f 2741 2686 2687 2744 
f 2754 2694 2695 2743 
f 2742 2691 2685 2755 
f 2752 2684 2691 2742 
f 2743 2695 2707 2753 
f 2747 2693 2701 2745 
f 2744 2687 2688 2746 
f 2749 2692 2693 2747 
f 2746 2688 2689 2748 
f 2751 2705 2692 2749 
f 2748 2689 2690 2750 
f 2753 2707 2705 2751 
f 2750 2690 2684 2752 
f 2740 2699 2694 2754 
f 2755 2685 2686 2741 
f 2762 2790 2792 2756 
f 2792 2795 2763 2756 
f 2795 2798 2757 2763 
f 2798 2801 2758 2757 
f 2801 2804 2759 2758 
f 2804 2807 2760 2759 
f 2807 2810 2761 2760 
f 2810 2790 2762 2761 
f 2816 2817 2812 2813 
f 2827 2826 2815 2814 
f 2825 2824 2814 2815 
f 2818 2819 2817 2816 
f 2820 2821 2819 2818 
f 2822 2823 2821 2820 
f 2824 2825 2823 2822 
f 2813 2812 2826 2827 
f 2778 2779 2767 2768 
f 2766 2769 2768 2767 
f 2766 2771 2770 2769 
f 2771 2773 2772 2770 
f 2773 2765 2774 2772 
f 2764 2775 2774 2765 
f 2777 2776 2775 2764 
f 2779 2778 2776 2777 
s 2
f 2789 2780 2781 2793 
f 2793 2781 2782 2796 
f 2796 2782 2783 2799 
f 2799 2783 2784 2802 
f 2802 2784 2785 2805 
f 2805 2785 2786 2808 
f 2808 2786 2787 2811 
f 2811 2787 2780 2789 
s 1
f 2790 2788 2791 2792 
f 2792 2791 2794 2795 
f 2795 2794 2797 2798 
f 2798 2797 2800 2801 
f 2801 2800 2803 2804 
f 2804 2803 2806 2807 
f 2807 2806 2809 2810 
f 2810 2809 2788 2790 
s 2
f 2789 2793 2791 2788 
f 2793 2796 2794 2791 
f 2796 2799 2797 2794 
f 2799 2802 2800 2797 
f 2802 2805 2803 2800 
f 2805 2808 2806 2803 
f 2808 2811 2809 2806 
f 2811 2789 2788 2809 
s 1
f 2817 2773 2771 2812 
f 2813 2758 2759 2816 
f 2826 2766 2767 2815 
f 2814 2763 2757 2827 
f 2824 2756 2763 2814 
f 2815 2767 2779 2825 
f 2819 2765 2773 2817 
f 2816 2759 2760 2818 
f 2821 2764 2765 2819 
f 2818 2760 2761 2820 
f 2823 2777 2764 2821 
f 2820 2761 2762 2822 
f 2825 2779 2777 2823 
f 2822 2762 2756 2824 
f 2812 2771 2766 2826 
f 2827 2757 2758 2813 
f 2834 2862 2864 2828 
f 2864 2867 2835 2828 
f 2867 2870 2829 2835 
f 2870 2873 2830 2829 
f 2873 2876 2831 2830 
f 2876 2879 2832 2831 
f 2879 2882 2833 2832 
f 2882 2862 2834 2833 
f 2888 2889 2884 2885 
f 2899 2898 2887 2886 
f 2897 2896 2886 2887 
f 2890 2891 2889 2888 
f 2892 2893 2891 2890 
f 2894 2895 2893 2892 
f 2896 2897 2895 2894 
f 2885 2884 2898 2899 
f 2850 2851 2839 2840 
f 2838 2841 2840 2839 
f 2838 2843 2842 2841 
f 2843 2845 2844 2842 
f 2845 2837 2846 2844 
f 2836 2847 2846 2837 
f 2849 2848 2847 2836 
f 2851 2850 2848 2849 
s 2
f 2861 2852 2853 2865 
f 2865 2853 2854 2868 
f 2868 2854 2855 2871 
f 2871 2855 2856 2874 
f 2874 2856 2857 2877 
f 2877 2857 2858 2880 
f 2880 2858 2859 2883 
f 2883 2859 2852 2861 
s 1
f 2862 2860 2863 2864 
f 2864 2863 2866 2867 
f 2867 2866 2869 2870 
f 2870 2869 2872 2873 
f 2873 2872 2875 2876 
f 2876 2875 2878 2879 
f 2879 2878 2881 2882 
f 2882 2881 2860 2862 
s 2
f 2861 2865 2863 2860 
f 2865 2868 2866 2863 
f 2868 2871 2869 2866 
f 2871 2874 2872 2869 
f 2874 2877 2875 2872 
f 2877 2880 2878 2875 
f 2880 2883 2881 2878 
f 2883 2861 2860 2881 
s 1
f 2889 2845 2843 2884 
f 2885 2830 2831 2888 
f 2898 2838 2839 2887 
f 2886 2835 2829 2899 
f 2896 2828 2835 2886 
f 2887 2839 2851 2897 
f 2891 2837 2845 2889 
f 2888 2831 2832 2890 
f 2893 2836 2837 2891 
f 2890 2832 2833 2892 
f 2895 2849 2836 2893 
f 2892 2833 2834 2894 
f 2897 2851 2849 2895 
f 2894 2834 2828 2896 
f 2884 2843 2838 2898 
f 2899 2829 2830 2885 
f 2906 2934 2936 2900 
f 2936 2939 2907 2900 
f 2939 2942 2901 2907 
f 2942 2945 2902 2901 
f 2945 2948 2903 2902 
f 2948 2951 2904 2903 
f 2951 2954 2905 2904 
f 2954 2934 2906 2905 
f 2960 2961 2956 2957 
f 2971 2970 2959 2958 
f 2969 2968 2958 2959 
f 2962 2963 2961 2960 
f 2964 2965 2963 2962 
f 2966 2967 2965 2964 
f 2968 2969 2967 2966 
f 2957 2956 2970 2971 
f 2922 2923 2911 2912 
f 2910 2913 2912 2911 
f 2910 2915 2914 2913 
f 2915 2917 2916 2914 
f 2917 2909 2918 2916 
f 2908 2919 2918 2909 
f 2921 2920 2919 2908 
f 2923 2922 2920 2921 
s 2
f 2933 2924 2925 2937 
f 2937 2925 2926 2940 
f 2940 2926 2927 2943 
f 2943 2927 2928 2946 
f 2946 2928 2929 2949 
f 2949 2929 2930 2952 
f 2952 2930 2931 2955 
f 2955 2931 2924 2933 
s 1
f 2934 2932 2935 2936 
f 2936 2935 2938 2939 
f 2939 2938 2941 2942 
f 2942 2941 2944 2945 
f 2945 2944 2947 2948 
f 2948 2947 2950 2951 
f 2951 2950 2953 2954 
f 2954 2953 2932 2934 
s 2
f 2933 2937 2935 2932 
f 2937 2940 2938 2935 
f 2940 2943 2941 2938 
f 2943 2946 2944 2941 
f 2946 2949 2947 2944 
f 2949 2952 2950 2947 
f 2952 2955 2953 2950 
f 2955 2933 2932 2953 
s 1
f 2961 2917 2915 2956 
f 2957 2902 2903 2960 
f 2970 2910 2911 2959 
f 2958 2907 2901 2971 
f 2968 2900 2907 2958 
f 2959 2911 2923 2969 
f 2963 2909 2917 2961 
f 2960 2903 2904 2962 
f 2965 2908 2909 2963 
f 2962 2904 2905 2964 
f 2967 2921 2908 2965 
f 2964 2905 2906 2966 
f 2969 2923 2921 2967 
f 2966 2906 2900 2968 
f 2956 2915 2910 2970 
f 2971 2901 2902 2957 
f 2978 3006 3008 2972 
f 3008 3011 2979 2972 
f 3011 3014 2973 2979 
f 3014 3017 2974 2973 
f 3017 3020 2975 2974 
f 3020 3023 2976 2975 
f 3023 3026 2977 2976 
f 3026 3006 2978 2977 
f 3032 3033 3028 3029 
f 3043 3042 3031 3030 
f 3041 3040 3030 3031 
f 3034 3035 3033 3032 
f 3036 3037 3035 3034 
f 3038 3039 3037 3036 
f 3040 3041 3039 3038 
f 3029 3028 3042 3043 
f 2994 2995 2983 2984 
f 2982 2985 2984 2983 
f 2982 2987 2986 2985 
f 2987 2989 2988 2986 
f 2989 2981 2990 2988 
f 2980 2991 2990 2981 
f 2993 2992 2991 2980 
f 2995 2994 2992 2993 
s 2
f 3005 2996 2997 3009 
f 3009 2997 2998 3012 
f 3012 2998 2999 3015 
f 3015 2999 3000 3018 
f 3018 3000 3001 3021 
f 3021 3001 3002 3024 
f 3024 3002 3003 3027 
f 3027 3003 2996 3005 
s 1
f 3006 3004 3007 3008 
f 3008 3007 3010 3011 
f 3011 3010 3013 3014 
f 3014 3013 3016 3017 
f 3017 3016 3019 3020 
f 3020 3019 3022 3023 
f 3023 3022 3025 3026 
f 3026 3025 3004 3006 
s 2
f 3005 3009 3007 3004 
f 3009 3012 3010 3007 
f 3012 3015 3013 3010 
f 3015 3018 3016 3013 
f 3018 3021 3019 3016 
f 3021 3024 3022 3019 
f 3024 3027 3025 3022 
f 3027 3005 3004 3025 
s 1
f 3033 2989 2987 3028 
f 3029 2974 2975 3032 
f 3042 2982 2983 3031 
f 3030 2979 2973 3043 
f 3040 2972 2979 3030 
f 3031 2983 2995 3041 
f 3035 2981 2989 3033 
f 3032 2975 2976 3034 
f 3037 2980 2981 3035 
f 3034 2976 2977 3036 
f 3039 2993 2980 3037 
f 3036 2977 2978 3038 
f 3041 2995 2993 3039 
f 3038 2978 2972 3040 
f 3028 2987 2982 3042 
f 3043 2973 2974 3029 
f 3050 3078 3080 3044 
f 3080 3083 3051 3044 
f 3083 3086 3045 3051 
f 3086 3089 3046 3045 
f 3089 3092 3047 3046 
f 3092 3095 3048 3047 
f 3095 3098 3049 3048 
f 3098 3078 3050 3049 
f 3104 3105 3100 3101 
f 3115 3114 3103 3102 
f 3113 3112 3102 3103 
f 3106 3107 3105 3104 
f 3108 3109 3107 3106 
f 3110 3111 3109 3108 
f 3112 3113 3111 3110 
f 3101 3100 3114 3115 
f 3066 3067 3055 3056 
f 3054 3057 3056 3055 
f 3054 3059 3058 3057 
f 3059 3061 3060 3058 
f 3061 3053 3062 3060 
f 3052 3063 3062 3053 
f 3065 3064 3063 3052 
f 3067 3066 3064 3065 
s 2
f 3077 3068 3069 3081 
f 3081 3069 3070 3084 
f 3084 3070 3071 3087 
f 3087 3071 3072 3090 
f 3090 3072 3073 3093 
f 3093 3073 3074 3096 
f 3096 3074 3075 3099 
f 3099 3075 3068 3077 
s 1
f 3078 3076 3079 3080 
f 3080 3079 3082 3083 
f 3083 3082 3085 3086 
f 3086 3085 3088 3089 
f 3089 3088 3091 3092 
f 3092 3091 3094 3095 
f 3095 3094 3097 3098 
f 3098 3097 3076 3078 
s 2
f 3077 3081 3079 3076 
f 3081 3084 3082 3079 
f 3084 3087 3085 3082 
f 3087 3090 3088 3085 
f 3090 3093 3091 3088 
f 3093 3096 3094 3091 
f 3096 3099 3097 3094 
f 3099 3077 3076 3097 
s 1
f 3105 3061 3059 3100 
f 3101 3046 3047 3104 
f 3114 3054 3055 3103 
f 3102 3051 3045 3115 
f 3112 3044 3051 3102 
f 3103 3055 3067 3113 
f 3107 3053 3061 3105 
f 3104 3047 3048 3106 
f 3109 3052 3053 3107 
f 3106 3048 3049 3108 
f 3111 3065 3052 3109 
f 3108 3049 3050 3110 
f 3113 3067 3065 3111 
f 3110 3050 3044 3112 
f 3100 3059 3054 3114 
f 3115 3045 3046 3101 
f 3122 3150 3152 3116 
f 3152 3155 3123 3116 
f 3155 3158 3117 3123 
f 3158 3161 3118 3117 
f 3161 3164 3119 3118 
f 3164 3167 3120 3119 
f 3167 3170 3121 3120 
f 3170 3150 3122 3121 
f 3176 3177 3172 3173 
f 3187 3186 3175 3174 
f 3185 3184 3174 3175 
f 3178 3179 3177 3176 
f 3180 3181 3179 3178 
f 3182 3183 3181 3180 
f 3184 3185 3183 3182 
f 3173 3172 3186 3187 
f 3138 3139 3127 3128 
f 3126 3129 3128 3127 
f 3126 3131 3130 3129 
f 3131 3133 3132 3130 
f 3133 3125 3134 3132 
f 3124 3135 3134 3125 
f 3137 3136 3135 3124 
f 3139 3138 3136 3137 
s 2
f 3149 3140 3141 3153 
f 3153 3141 3142 3156 
f 3156 3142 3143 3159 
f 3159 3143 3144 3162 
f 3162 3144 3145 3165 
f 3165 3145 3146 3168 
f 3168 3146 3147 3171 
f 3171 3147 3140 3149 
s 1
f 3150 3148 3151 3152 
f 3152 3151 3154 3155 
f 3155 3154 3157 3158 
f 3158 3157 3160 3161 
f 3161 3160 3163 3164 
f 3164 3163 3166 3167 
f 3167 3166 3169 3170 
f 3170 3169 3148 3150 
s 2
f 3149 3153 3151 3148 
f 3153 3156 3154 3151 
f 3156 3159 3157 3154 
f 3159 3162 3160 3157 
f 3162 3165 3163 3160 
f 3165 3168 3166 3163 
f 3168 3171 3169 3166 
f 3171 3149 3148 3169 
s 1
f 3177 3133 3131 3172 
f 3173 3118 3119 3176 
f 3186 3126 3127 3175 
f 3174 3123 3117 3187 
f 3184 3116 3123 3174 
f 3175 3127 3139 3185 
f 3179 3125 3133 3177 
f 3176 3119 3120 3178 
f 3181 3124 3125 3179 
f 3178 3120 3121 3180 
f 3183 3137 3124 3181 
f 3180 3121 3122 3182 
f 3185 3139 3137 3183 
f 3182 3122 3116 3184 
f 3172 3131 3126 3186 
f 3187 3117 3118 3173 
f 3194 3222 3224 3188 
f 3224 3227 3195 3188 
f 3227 3230 3189 3195 
f 3230 3233 3190 3189 
f 3233 3236 3191 3190 
f 3236 3239 3192 3191 
f 3239 3242 3193 3192 
f 3242 3222 3194 3193 
f 3248 3249 3244 3245 
f 3259 3258 3247 3246 
f 3257 3256 3246 3247 
f 3250 3251 3249 3248 
f 3252 3253 3251 3250 
f 3254 3255 3253 3252 
f 3256 3257 3255 3254 
f 3245 3244 3258 3259 
f 3210 3211 3199 3200 
f 3198 3201 3200 3199 
f 3198 3203 3202 3201 
f 3203 3205 3204 3202 
f 3205 3197 3206 3204 
f 3196 3207 3206 3197 
f 3209 3208 3207 3196 
f 3211 3210 3208 3209 
s 2
f 3221 3212 3213 3225 
f 3225 3213 3214 3228 
f 3228 3214 3215 3231 
f 3231 3215 3216 3234 
f 3234 3216 3217 3237 
f 3237 3217 3218 3240 
f 3240 3218 3219 3243 
f 3243 3219 3212 3221 
s 1
f 3222 3220 3223 3224 
f 3224 3223 3226 3227 
f 3227 3226 3229 3230 
f 3230 3229 3232 3233 
f 3233 3232 3235 3236 
f 3236 3235 3238 3239 
f 3239 3238 3241 3242 
f 3242 3241 3220 3222 
s 2
f 3221 3225 3223 3220 
f 3225 3228 3226 3223 
f 3228 3231 3229 3226 
f 3231 3234 3232 3229 
f 3234 3237 3235 3232 
f 3237 3240 3238 3235 
f 3240 3243 3241 3238 
f 3243 3221 3220 3241 
s 1
f 3249 3205 3203 3244 
f 3245 3190 3191 3248 
f 3258 3198 3199 3247 
f 3246 3195 3189 3259 
f 3256 3188 3195 3246 
f 3247 3199 3211 3257 
f 3251 3197 3205 3249 
f 3248 3191 3192 3250 
f 3253 3196 3197 3251 
f 3250 3192 3193 3252 
f 3255 3209 3196 3253 
f 3252 3193 3194 3254 
f 3257 3211 3209 3255 
f 3254 3194 3188 3256 
f 3244 3203 3198 3258 
f 3259 3189 3190 3245 
f 3266 3294 3296 3260 
f 3296 3299 3267 3260 
f 3299 3302 3261 3267 
f 3302 3305 3262 3261 
f 3305 3308 3263 3262 
f 3308 3311 3264 3263 
f 3311 3314 3265 3264 
f 3314 3294 3266 3265 
f 3320 3321 3316 3317 
f 3331 3330 3319 3318 
f 3329 3328 3318 3319 
f 3322 3323 3321 3320 
f 3324 3325 3323 3322 
f 3326 3327 3325 3324 
f 3328 3329 3327 3326 
f 3317 3316 3330 3331 
f 3282 3283 3271 3272 
f 3270 3273 3272 3271 
f 3270 3275 3274 3273 
f 3275 3277 3276 3274 
f 3277 3269 3278 3276 
f 3268 3279 3278 3269 
f 3281 3280 3279 3268 
f 3283 3282 3280 3281 
s 2
f 3293 3284 3285 3297 
f 3297 3285 3286 3300 
f 3300 3286 3287 3303 
f 3303 3287 3288 3306 
f 3306 3288 3289 3309 
f 3309 3289 3290 3312 
f 3312 3290 3291 3315 
f 3315 3291 3284 3293 
s 1
f 3294 3292 3295 3296 
f 3296 3295 3298 3299 
f 3299 3298 3301 3302 
f 3302 3301 3304 3305 
f 3305 3304 3307 3308 
f 3308 3307 3310 3311 
f 3311 3310 3313 3314 
f 3314 3313 3292 3294 
s 2
f 3293 3297 3295 3292 
f 3297 3300 3298 3295 
f 3300 3303 3301 3298 
f 3303 3306 3304 3301 
f 3306 3309 3307 3304 
f 3309 3312 3310 3307 
f 3312 3315 3313 3310 
f 3315 3293 3292 3313 
s 1
f 3321 3277 3275 3316 
f 3317 3262 3263 3320 
f 3330 3270 3271 3319 
f 3318 3267 3261 3331 
f 3328 3260 3267 3318 
f 3319 3271 3283 3329 
f 3323 3269 3277 3321 
f 3320 3263 3264 3322 
f 3325 3268 3269 3323 
f 3322 3264 3265 3324 
f 3327 3281 3268 3325 
f 3324 3265 3266 3326 
f 3329 3283 3281 3327 
f 3326 3266 3260 3328 
f 3316 3275 3270 3330 
f 3331 3261 3262 3317 
f 3338 3366 3368 3332 
f 3368 3371 3339 3332 
f 3371 3374 3333 3339 
f 3374 3377 3334 3333 
f 3377 3380 3335 3334 
f 3380 3383 3336 3335 
f 3383 3386 3337 3336 
f 3386 3366 3338 3337 
f 3392 3393 3388 3389 
f 3403 3402 3391 3390 
f 3401 3400 3390 3391 
f 3394 3395 3393 3392 
f 3396 3397 3395 3394 
f 3398 3399 3397 3396 
f 3400 3401 3399 3398 
f 3389 3388 3402 3403 
f 3354 3355 3343 3344 
f 3342 3345 3344 3343 
f 3342 3347 3346 3345 
f 3347 3349 3348 3346 
f 3349 3341 3350 3348 
f 3340 3351 3350 3341 
f 3353 3352 3351 3340 
f 3355 3354 3352 3353 
s 2
f 3365 3356 3357 3369 
f 3369 3357 3358 3372 
f 3372 3358 3359 3375 
f 3375 3359 3360 3378 
f 3378 3360 3361 3381 
f 3381 3361 3362 3384 
f 3384 3362 3363 3387 
f 3387 3363 3356 3365 
s 1
f 3366 3364 3367 3368 
f 3368 3367 3370 3371 
f 3371 3370 3373 3374 
f 3374 3373 3376 3377 
f 3377 3376 3379 3380 
f 3380 3379 3382 3383 
f 3383 3382 3385 3386 
f 3386 3385 3364 3366 
s 2
f 3365 3369 3367 3364 
f 3369 3372 3370 3367 
f 3372 3375 3373 3370 
f 3375 3378 3376 3373 
f 3378 3381 3379 3376 
f 3381 3384 3382 3379 
f 3384 3387 3385 3382 
f 3387 3365 3364 3385 
s 1
f 3393 3349 3347 3388 
f 3389 3334 3335 3392 
f 3402 3342 3343 3391 
f 3390 3339 3333 3403 
f 3400 3332 3339 3390 
f 3391 3343 3355 3401 
f 3395 3341 3349 3393 
f 3392 3335 3336 3394 
f 3397 3340 3341 3395 
f 3394 3336 3337 3396 
f 3399 3353 3340 3397 
f 3396 3337 3338 3398 
f 3401 3355 3353 3399 
f 3398 3338 3332 3400 
f 3388 3347 3342 3402 
f 3403 3333 3334 3389 
f 3410 3438 3440 3404 
f 3440 3443 3411 3404 
f 3443 3446 3405 3411 
f 3446 3449 3406 3405 
f 3449 3452 3407 3406 
f 3452 3455 3408 3407 
f 3455 3458 3409 3408 
f 3458 3438 3410 3409 
f 3464 3465 3460 3461 
f 3475 3474 3463 3462 
f 3473 3472 3462 3463 
f 3466 3467 3465 3464 
f 3468 3469 3467 3466 
f 3470 3471 3469 3468 
f 3472 3473 3471 3470 
f 3461 3460 3474 3475 
f 3426 3427 3415 3416 
f 3414 3417 3416 3415 
f 3414 3419 3418 3417 
f 3419 3421 3420 3418 
f 3421 3413 3422 3420 
f 3412 3423 3422 3413 
f 3425 3424 3423 3412 
f 3427 3426 3424 3425 
s 2
f 3437 3428 3429 3441 
f 3441 3429 3430 3444 
f 3444 3430 3431 3447 
f 3447 3431 3432 3450 
f 3450 3432 3433 3453 
f 3453 3433 3434 3456 
f 3456 3434 3435 3459 
f 3459 3435 3428 3437 
s 1
f 3438 3436 3439 3440 
f 3440 3439 3442 3443 
f 3443 3442 3445 3446 
f 3446 3445 3448 3449 
f 3449 3448 3451 3452 
f 3452 3451 3454 3455 
f 3455 3454 3457 3458 
f 3458 3457 3436 3438 
s 2
f 3437 3441 3439 3436 
f 3441 3444 3442 3439 
f 3444 3447 3445 3442 
f 3447 3450 3448 3445 
f 3450 3453 3451 3448 
f 3453 3456 3454 3451 
f 3456 3459 3457 3454 
f 3459 3437 3436 3457 
s 1
f 3465 3421 3419 3460 
f 3461 3406 3407 3464 
f 3474 3414 3415 3463 
f 3462 3411 3405 3475 
f 3472 3404 3411 3462 
f 3463 3415 3427 3473 
f 3467 3413 3421 3465 
f 3464 3407 3408 3466 
f 3469 3412 3413 3467 
f 3466 3408 3409 3468 
f 3471 3425 3412 3469 
f 3468 3409 3410 3470 
f 3473 3427 3425 3471 
f 3470 3410 3404 3472 
f 3460 3419 3414 3474 
f 3475 3405 3406 3461 
f 3482 3510 3512 3476 
f 3512 3515 3483 3476 
f 3515 3518 3477 3483 
f 3518 3521 3478 3477 
f 3521 3524 3479 3478 
f 3524 3527 3480 3479 
f 3527 3530 3481 3480 
f 3530 3510 3482 3481 
f 3536 3537 3532 3533 
f 3547 3546 3535 3534 
f 3545 3544 3534 3535 
f 3538 3539 3537 3536 
f 3540 3541 3539 3538 
f 3542 3543 3541 3540 
f 3544 3545 3543 3542 
f 3533 3532 3546 3547 
f 3498 3499 3487 3488 
f 3486 3489 3488 3487 
f 3486 3491 3490 3489 
f 3491 3493 3492 3490 
f 3493 3485 3494 3492 
f 3484 3495 3494 3485 
f 3497 3496 3495 3484 
f 3499 3498 3496 3497 
s 2
f 3509 3500 3501 3513 
f 3513 3501 3502 3516 
f 3516 3502 3503 3519 
f 3519 3503 3504 3522 
f 3522 3504 3505 3525 
f 3525 3505 3506 3528 
f 3528 3506 3507 3531 
f 3531 3507 3500 3509 
s 1
f 3510 3508 3511 3512 
f 3512 3511 3514 3515 
f 3515 3514 3517 3518 
f 3518 3517 3520 3521 
f 3521 3520 3523 3524 
f 3524 3523 3526 3527 
f 3527 3526 3529 3530 
f 3530 3529 3508 3510 
s 2
f 3509 3513 3511 3508 
f 3513 3516 3514 3511 
f 3516 3519 3517 3514 
f 3519 3522 3520 3517 
f 3522 3525 3523 3520 
f 3525 3528 3526 3523 
f 3528 3531 3529 3526 
f 3531 3509 3508 3529 
s 1
f 3537 3493 3491 3532 
f 3533 3478 3479 3536 
f 3546 3486 3487 3535 
f 3534 3483 3477 3547 
f 3544 3476 3483 3534 
f 3535 3487 3499 3545 
f 3539 3485 3493 3537 
f 3536 3479 3480 3538 
f 3541 3484 3485 3539 
f 3538 3480 3481 3540 
f 3543 3497 3484 3541 
f 3540 3481 3482 3542 
f 3545 3499 3497 3543 
f 3542 3482 3476 3544 
f 3532 3491 3486 3546 
f 3547 3477 3478 3533 
f 3554 3582 3584 3548 
f 3584 3587 3555 3548 
f 3587 3590 3549 3555 
f 3590 3593 3550 3549 
f 3593 3596 3551 3550 
f 3596 3599 3552 3551 
f 3599 3602 3553 3552 
f 3602 3582 3554 3553 
f 3608 3609 3604 3605 
f 3619 3618 3607 3606 
f 3617 3616 3606 3607 
f 3610 3611 3609 3608 
f 3612 3613 3611 3610 
f 3614 3615 3613 3612 
f 3616 3617 3615 3614 
f 3605 3604 3618 3619 
f 3570 3571 3559 3560 
f 3558 3561 3560 3559 
f 3558 3563 3562 3561 
f 3563 3565 3564 3562 
f 3565 3557 3566 3564 
f 3556 3567 3566 3557 
f 3569 3568 3567 3556 
f 3571 3570 3568 3569 
s 2
f 3581 3572 3573 3585 
f 3585 3573 3574 3588 
f 3588 3574 3575 3591 
f 3591 3575 3576 3594 
f 3594 3576 3577 3597 
f 3597 3577 3578 3600 
f 3600 3578 3579 3603 
f 3603 3579 3572 3581 
s 1
f 3582 3580 3583 3584 
f 3584 3583 3586 3587 
f 3587 3586 3589 3590 
f 3590 3589 3592 3593 
f 3593 3592 3595 3596 
f 3596 3595 3598 3599 
f 3599 3598 3601 3602 
f 3602 3601 3580 3582 
s 2
f 3581 3585 3583 3580 
f 3585 3588 3586 3583 
f 3588 3591 3589 3586 
f 3591 3594 3592 3589 
f 3594 3597 3595 3592 
f 3597 3600 3598 3595 
f 3600 3603 3601 3598 
f 3603 3581 3580 3601 
s 1
f 3609 3565 3563 3604 
f 3605 3550 3551 3608 
f 3618 3558 3559 3607 
f 3606 3555 3549 3619 
f 3616 3548 3555 3606 
f 3607 3559 3571 3617 
f 3611 3557 3565 3609 
f 3608 3551 3552 3610 
f 3613 3556 3557 3611 
f 3610 3552 3553 3612 
f 3615 3569 3556 3613 
f 3612 3553 3554 3614 
f 3617 3571 3569 3615 
f 3614 3554 3548 3616 
f 3604 3563 3558 3618 
f 3619 3549 3550 3605 
f 3626 3654 3656 3620 
f 3656 3659 3627 3620 
f 3659 3662 3621 3627 
f 3662 3665 3622 3621 
f 3665 3668 3623 3622 
f 3668 3671 3624 3623 
f 3671 3674 3625 3624 
f 3674 3654 3626 3625 
f 3680 3681 3676 3677 
f 3691 3690 3679 3678 
f 3689 3688 3678 3679 
f 3682 3683 3681 3680 
f 3684 3685 3683 3682 
f 3686 3687 3685 3684 
f 3688 3689 3687 3686 
f 3677 3676 3690 3691 
f 3642 3643 3631 3632 
f 3630 3633 3632 3631 
f 3630 3635 3634 3633 
f 3635 3637 3636 3634 
f 3637 3629 3638 3636 
f 3628 3639 3638 3629 
f 3641 3640 3639 3628 
f 3643 3642 3640 3641 
s 2
f 3653 3644 3645 3657 
f 3657 3645 3646 3660 
f 3660 3646 3647 3663 
f 3663 3647 3648 3666 
f 3666 3648 3649 3669 
f 3669 3649 3650 3672 
f 3672 3650 3651 3675 
f 3675 3651 3644 3653 
s 1
f 3654 3652 3655 3656 
f 3656 3655 3658 3659 
f 3659 3658 3661 3662 
f 3662 3661 3664 3665 
f 3665 3664 3667 3668 
f 3668 3667 3670 3671 
f 3671 3670 3673 3674 
f 3674 3673 3652 3654 
s 2
f 3653 3657 3655 3652 
f 3657 3660 3658 3655 
f 3660 3663 3661 3658 
f 3663 3666 3664 3661 
f 3666 3669 3667 3664 
f 3669 3672 3670 3667 
f 3672 3675 3673 3670 
f 3675 3653 3652 3673 
s 1
f 3681 3637 3635 3676 
f 3677 3622 3623 3680 
f 3690 3630 3631 3679 
f 3678 3627 3621 3691 
f 3688 3620 3627 3678 
f 3679 3631 3643 3689 
f 3683 3629 3637 3681 
f 3680 3623 3624 3682 
f 3685 3628 3629 3683 
f 3682 3624 3625 3684 
f 3687 3641 3628 3685 
f 3684 3625 3626 3686 
f 3689 3643 3641 3687 
f 3686 3626 3620 3688 
f 3676 3635 3630 3690 
f 3691 3621 3622 3677 
f 3698 3726 3728 3692 
f 3728 3731 3699 3692 
f 3731 3734 3693 3699 
f 3734 3737 3694 3693 
f 3737 3740 3695 3694 
f 3740 3743 3696 3695 
f 3743 3746 3697 3696 
f 3746 3726 3698 3697 
f 3752 3753 3748 3749 
f 3763 3762 3751 3750 
f 3761 3760 3750 3751 
f 3754 3755 3753 3752 
f 3756 3757 3755 3754 
f 3758 3759 3757 3756 
f 3760 3761 3759 3758 
f 3749 3748 3762 3763 
f 3714 3715 3703 3704 
f 3702 3705 3704 3703 
f 3702 3707 3706 3705 
f 3707 3709 3708 3706 
f 3709 3701 3710 3708 
f 3700 3711 3710 3701 
f 3713 3712 3711 3700 
f 3715 3714 3712 3713 
s 2
f 3725 3716 3717 3729 
f 3729 3717 3718 3732 
f 3732 3718 3719 3735 
f 3735 3719 3720 3738 
f 3738 3720 3721 3741 
f 3741 3721 3722 3744 
f 3744 3722 3723 3747 
f 3747 3723 3716 3725 
s 1
f 3726 3724 3727 3728 
f 3728 3727 3730 3731 
f 3731 3730 3733 3734 
f 3734 3733 3736 3737 
f 3737 3736 3739 3740 
f 3740 3739 3742 3743 
f 3743 3742 3745 3746 
f 3746 3745 3724 3726 
s 2
f 3725 3729 3727 3724 
f 3729 3732 3730 3727 
f 3732 3735 3733 3730 
f 3735 3738 3736 3733 
f 3738 3741 3739 3736 
f 3741 3744 3742 3739 
f 3744 3747 3745 3742 
f 3747 3725 3724 3745 
s 1
f 3753 3709 3707 3748 
f 3749 3694 3695 3752 
f 3762 3702 3703 3751 
f 3750 3699 3693 3763 
f 3760 3692 3699 3750 
f 3751 3703 3715 3761 
f 3755 3701 3709 3753 
f 3752 3695 3696 3754 
f 3757 3700 3701 3755 
f 3754 3696 3697 3756 
f 3759 3713 3700 3757 
f 3756 3697 3698 3758 
f 3761 3715 3713 3759 
f 3758 3698 3692 3760 
f 3748 3707 3702 3762 
f 3763 3693 3694 3749 
f 3770 3798 3800 3764 
f 3800 3803 3771 3764 
f 3803 3806 3765 3771 
f 3806 3809 3766 3765 
f 3809 3812 3767 3766 
f 3812 3815 3768 3767 
f 3815 3818 3769 3768 
f 3818 3798 3770 3769 
f 3824 3825 3820 3821 
f 3835 3834 3823 3822 
f 3833 3832 3822 3823 
f 3826 3827 3825 3824 
f 3828 3829 3827 3826 
f 3830 3831 3829 3828 
f 3832 3833 3831 3830 
f 3821 3820 3834 3835 
f 3786 3787 3775 3776 
f 3774 3777 3776 3775 
f 3774 3779 3778 3777 
f 3779 3781 3780 3778 
f 3781 3773 3782 3780 
f 3772 3783 3782 3773 
f 3785 3784 3783 3772 
f 3787 3786 3784 3785 
s 2
f 3797 3788 3789 3801 
f 3801 3789 3790 3804 
f 3804 3790 3791 3807 
f 3807 3791 3792 3810 
f 3810 3792 3793 3813 
f 3813 3793 3794 3816 
f 3816 3794 3795 3819 
f 3819 3795 3788 3797 
s 1
f 3798 3796 3799 3800 
f 3800 3799 3802 3803 
f 3803 3802 3805 3806 
f 3806 3805 3808 3809 
f 3809 3808 3811 3812 
f 3812 3811 3814 3815 
f 3815 3814 3817 3818 
f 3818 3817 3796 3798 
s 2
f 3797 3801 3799 3796 
f 3801 3804 3802 3799 
f 3804 3807 3805 3802 
f 3807 3810 3808 3805 
f 3810 3813 3811 3808 
f 3813 3816 3814 3811 
f 3816 3819 3817 3814 
f 3819 3797 3796 3817 
s 1
f 3825 3781 3779 3820 
f 3821 3766 3767 3824 
f 3834 3774 3775 3823 
f 3822 3771 3765 3835 
f 3832 3764 3771 3822 
f 3823 3775 3787 3833 
f 3827 3773 3781 3825 
f 3824 3767 3768 3826 
f 3829 3772 3773 3827 
f 3826 3768 3769 3828 
f 3831 3785 3772 3829 
f 3828 3769 3770 3830 
f 3833 3787 3785 3831 
f 3830 3770 3764 3832 
f 3820 3779 3774 3834 
f 3835 3765 3766 3821 
f 3842 3870 3872 3836 
f 3872 3875 3843 3836 
f 3875 3878 3837 3843 
f 3878 3881 3838 3837 
f 3881 3884 3839 3838 
f 3884 3887 3840 3839 
f 3887 3890 3841 3840 
f 3890 3870 3842 3841 
f 3896 3897 3892 3893 
f 3907 3906 3895 3894 
f 3905 3904 3894 3895 
f 3898 3899 3897 3896 
f 3900 3901 3899 3898 
f 3902 3903 3901 3900 
f 3904 3905 3903 3902 
f 3893 3892 3906 3907 
f 3858 3859 3847 3848 
f 3846 3849 3848 3847 
f 3846 3851 3850 3849 
f 3851 3853 3852 3850 
f 3853 3845 3854 3852 
f 3844 3855 3854 3845 
f 3857 3856 3855 3844 
f 3859 3858 3856 3857 
s 2
f 3869 3860 3861 3873 
f 3873 3861 3862 3876 
f 3876 3862 3863 3879 
f 3879 3863 3864 3882 
f 3882 3864 3865 3885 
f 3885 3865 3866 3888 
f 3888 3866 3867 3891 
f 3891 3867 3860 3869 
s 1
f 3870 3868 3871 3872 
f 3872 3871 3874 3875 
f 3875 3874 3877 3878 
f 3878 3877 3880 3881 
f 3881 3880 3883 3884 
f 3884 3883 3886 3887 
f 3887 3886 3889 3890 
f 3890 3889 3868 3870 
s 2
f 3869 3873 3871 3868 
f 3873 3876 3874 3871 
f 3876 3879 3877 3874 
f 3879 3882 3880 3877 
f 3882 3885 3883 3880 
f 3885 3888 3886 3883 
f 3888 3891 3889 3886 
f 3891 3869 3868 3889 
s 1
f 3897 3853 3851 3892 
f 3893 3838 3839 3896 
f 3906 3846 3847 3895 
f 3894 3843 3837 3907 
f 3904 3836 3843 3894 
f 3895 3847 3859 3905 
f 3899 3845 3853 3897 
f 3896 3839 3840 3898 
f 3901 3844 3845 3899 
f 3898 3840 3841 3900 
f 3903 3857 3844 3901 
f 3900 3841 3842 3902 
f 3905 3859 3857 3903 
f 3902 3842 3836 3904 
f 3892 3851 3846 3906 
f 3907 3837 3838 3893 
f 3914 3942 3944 3908 
f 3944 3947 3915 3908 
f 3947 3950 3909 3915 
f 3950 3953 3910 3909 
f 3953 3956 3911 3910 
f 3956 3959 3912 3911 
f 3959 3962 3913 3912 
f 3962 3942 3914 3913 
f 3968 3969 3964 3965 
f 3979 3978 3967 3966 
f 3977 3976 3966 3967 
f 3970 3971 3969 3968 
f 3972 3973 3971 3970 
f 3974 3975 3973 3972 
f 3976 3977 3975 3974 
f 3965 3964 3978 3979 
f 3930 3931 3919 3920 
f 3918 3921 3920 3919 
f 3918 3923 3922 3921 
f 3923 3925 3924 3922 
f 3925 3917 3926 3924 
f 3916 3927 3926 3917 
f 3929 3928 3927 3916 
f 3931 3930 3928 3929 
s 2
f 3941 3932 3933 3945 
f 3945 3933 3934 3948 
f 3948 3934 3935 3951 
f 3951 3935 3936 3954 
f 3954 3936 3937 3957 
f 3957 3937 3938 3960 
f 3960 3938 3939 3963 
f 3963 3939 3932 3941 
s 1
f 3942 3940 3943 3944 
f 3944 3943 3946 3947 
f 3947 3946 3949 3950 
f 3950 3949 3952 3953 
f 3953 3952 3955 3956 
f 3956 3955 3958 3959 
f 3959 3958 3961 3962 
f 3962 3961 3940 3942 
s 2
f 3941 3945 3943 3940 
f 3945 3948 3946 3943 
f 3948 3951 3949 3946 
f 3951 3954 3952 3949 
f 3954 3957 3955 3952 
f 3957 3960 3958 3955 
f 3960 3963 3961 3958 
f 3963 3941 3940 3961 
s 1
f 3969 3925 3923 3964 
f 3965 3910 3911 3968 
f 3978 3918 3919 3967 
f 3966 3915 3909 3979 
f 3976 3908 3915 3966 
f 3967 3919 3931 3977 
f 3971 3917 3925 3969 
f 3968 3911 3912 3970 
f 3973 3916 3917 3971 
f 3970 3912 3913 3972 
f 3975 3929 3916 3973 
f 3972 3913 3914 3974 
f 3977 3931 3929 3975 
f 3974 3914 3908 3976 
f 3964 3923 3918 3978 
f 3979 3909 3910 3965 
f 3986 4014 4016 3980 
f 4016 4019 3987 3980 
f 4019 4022 3981 3987 
f 4022 4025 3982 3981 
f 4025 4028 3983 3982 
f 4028 4031 3984 3983 
f 4031 4034 3985 3984 
f 4034 4014 3986 3985 
f 4040 4041 4036 4037 
f 4051 4050 4039 4038 
f 4049 4048 4038 4039 
f 4042 4043 4041 4040 
f 4044 4045 4043 4042 
f 4046 4047 4045 4044 
f 4048 4049 4047 4046 
f 4037 4036 4050 4051 
f 4002 4003 3991 3992 
f 3990 3993 3992 3991 
f 3990 3995 3994 3993 
f 3995 3997 3996 3994 
f 3997 3989 3998 3996 
f 3988 3999 3998 3989 
f 4001 4000 3999 3988 
f 4003 4002 4000 4001 
s 2
f 4013 4004 4005 4017 
f 4017 4005 4006 4020 
f 4020 4006 4007 4023 
f 4023 4007 4008 4026 
f 4026 4008 4009 4029 
f 4029 4009 4010 4032 
f 4032 4010 4011 4035 
f 4035 4011 4004 4013 
s 1
f 4014 4012 4015 4016 
f 4016 4015 4018 4019 
f 4019 4018 4021 4022 
f 4022 4021 4024 4025 
f 4025 4024 4027 4028 
f 4028 4027 4030 4031 
f 4031 4030 4033 4034 
f 4034 4033 4012 4014 
s 2
f 4013 4017 4015 4012 
f 4017 4020 4018 4015 
f 4020 4023 4021 4018 
f 4023 4026 4024 4021 
f 4026 4029 4027 4024 
f 4029 4032 4030 4027 
f 4032 4035 4033 4030 
f 4035 4013 4012 4033 
s 1
f 4041 3997 3995 4036 
f 4037 3982 3983 4040 
f 4050 3990 3991 4039 
f 4038 3987 3981 4051 
f 4048 3980 3987 4038 
f 4039 3991 4003 4049 
f 4043 3989 3997 4041 
f 4040 3983 3984 4042 
f 4045 3988 3989 4043 
f 4042 3984 3985 4044 
f 4047 4001 3988 4045 
f 4044 3985 3986 4046 
f 4049 4003 4001 4047 
f 4046 3986 3980 4048 
f 4036 3995 3990 4050 
f 4051 3981 3982 4037 
f 4058 4086 4088 4052 
f 4088 4091 4059 4052 
f 4091 4094 4053 4059 
f 4094 4097 4054 4053 
f 4097 4100 4055 4054 
f 4100 4103 4056 4055 
f 4103 4106 4057 4056 
f 4106 4086 4058 4057 
f 4112 4113 4108 4109 
f 4123 4122 4111 4110 
f 4121 4120 4110 4111 
f 4114 4115 4113 4112 
f 4116 4117 4115 4114 
f 4118 4119 4117 4116 
f 4120 4121 4119 4118 
f 4109 4108 4122 4123 
f 4074 4075 4063 4064 
f 4062 4065 4064 4063 
f 4062 4067 4066 4065 
f 4067 4069 4068 4066 
f 4069 4061 4070 4068 
f 4060 4071 4070 4061 
f 4073 4072 4071 4060 
f 4075 4074 4072 4073 
s 2
f 4085 4076 4077 4089 
f 4089 4077 4078 4092 
f 4092 4078 4079 4095 
f 4095 4079 4080 4098 
f 4098 4080 4081 4101 
f 4101 4081 4082 4104 
f 4104 4082 4083 4107 
f 4107 4083 4076 4085 
s 1
f 4086 4084 4087 4088 
f 4088 4087 4090 4091 
f 4091 4090 4093 4094 
f 4094 4093 4096 4097 
f 4097 4096 4099 4100 
f 4100 4099 4102 4103 
f 4103 4102 4105 4106 
f 4106 4105 4084 4086 
s 2
f 4085 4089 4087 4084 
f 4089 4092 4090 4087 
f 4092 4095 4093 4090 
f 4095 4098 4096 4093 
f 4098 4101 4099 4096 
f 4101 4104 4102 4099 
f 4104 4107 4105 4102 
f 4107 4085 4084 4105 
s 1
f 4113 4069 4067 4108 
f 4109 4054 4055 4112 
f 4122 4062 4063 4111 
f 4110 4059 4053 4123 
f 4120 4052 4059 4110 
f 4111 4063 4075 4121 
f 4115 4061 4069 4113 
f 4112 4055 4056 4114 
f 4117 4060 4061 4115 
f 4114 4056 4057 4116 
f 4119 4073 4060 4117 
f 4116 4057 4058 4118 
f 4121 4075 4073 4119 
f 4118 4058 4052 4120 
f 4108 4067 4062 4122 
f 4123 4053 4054 4109 
f 4130 4158 4160 4124 
f 4160 4163 4131 4124 
f 4163 4166 4125 4131 
f 4166 4169 4126 4125 
f 4169 4172 4127 4126 
f 4172 4175 4128 4127 
f 4175 4178 4129 4128 
f 4178 4158 4130 4129 
f 4184 4185 4180 4181 
f 4195 4194 4183 4182 
f 4193 4192 4182 4183 
f 4186 4187 4185 4184 
f 4188 4189 4187 4186 
f 4190 4191 4189 4188 
f 4192 4193 4191 4190 
f 4181 4180 4194 4195 
f 4146 4147 4135 4136 
f 4134 4137 4136 4135 
f 4134 4139 4138 4137 
f 4139 4141 4140 4138 
f 4141 4133 4142 4140 
f 4132 4143 4142 4133 
f 4145 4144 4143 4132 
f 4147 4146 4144 4145 
s 2
f 4157 4148 4149 4161 
f 4161 4149 4150 4164 
f 4164 4150 4151 4167 
f 4167 4151 4152 4170 
f 4170 4152 4153 4173 
f 4173 4153 4154 4176 
f 4176 4154 4155 4179 
f 4179 4155 4148 4157 
s 1
f 4158 4156 4159 4160 
f 4160 4159 4162 4163 
f 4163 4162 4165 4166 
f 4166 4165 4168 4169 
f 4169 4168 4171 4172 
f 4172 4171 4174 4175 
f 4175 4174 4177 4178 
f 4178 4177 4156 4158 
s 2
f 4157 4161 4159 4156 
f 4161 4164 4162 4159 
f 4164 4167 4165 4162 
f 4167 4170 4168 4165 
f 4170 4173 4171 4168 
f 4173 4176 4174 4171 
f 4176 4179 4177 4174 
f 4179 4157 4156 4177 
s 1
f 4185 4141 4139 4180 
f 4181 4126 4127 4184 
f 4194 4134 4135 4183 
f 4182 4131 4125 4195 
f 4192 4124 4131 4182 
f 4183 4135 4147 4193 
f 4187 4133 4141 4185 
f 4184 4127 4128 4186 
f 4189 4132 4133 4187 
f 4186 4128 4129 4188 
f 4191 4145 4132 4189 
f 4188 4129 4130 4190 
f 4193 4147 4145 4191 
f 4190 4130 4124 4192 
f 4180 4139 4134 4194 
f 4195 4125 4126 4181 
f 4202 4230 4232 4196 
f 4232 4235 4203 4196 
f 4235 4238 4197 4203 
f 4238 4241 4198 4197 
f 4241 4244 4199 4198 
f 4244 4247 4200 4199 
f 4247 4250 4201 4200 
f 4250 4230 4202 4201 
f 4256 4257 4252 4253 
f 4267 4266 4255 4254 
f 4265 4264 4254 4255 
f 4258 4259 4257 4256 
f 4260 4261 4259 4258 
f 4262 4263 4261 4260 
f 4264 4265 4263 4262 
f 4253 4252 4266 4267 
f 4218 4219 4207 4208 
f 4206 4209 4208 4207 
f 4206 4211 4210 4209 
f 4211 4213 4212 4210 
f 4213 4205 4214 4212 
f 4204 4215 4214 4205 
f 4217 4216 4215 4204 
f 4219 4218 4216 4217 
s 2
f 4229 4220 4221 4233 
f 4233 4221 4222 4236 
f 4236 4222 4223 4239 
f 4239 4223 4224 4242 
f 4242 4224 4225 4245 
f 4245 4225 4226 4248 
f 4248 4226 4227 4251 
f 4251 4227 4220 4229 
s 1
f 4230 4228 4231 4232 
f 4232 4231 4234 4235 
f 4235 4234 4237 4238 
f 4238 4237 4240 4241 
f 4241 4240 4243 4244 
f 4244 4243 4246 4247 
f 4247 4246 4249 4250 
f 4250 4249 4228 4230 
s 2
f 4229 4233 4231 4228 
f 4233 4236 4234 4231 
f 4236 4239 4237 4234 
f 4239 4242 4240 4237 
f 4242 4245 4243 4240 
f 4245 4248 4246 4243 
f 4248 4251 4249 4246 
f 4251 4229 4228 4249 
s 1
f 4257 4213 4211 4252 
f 4253 4198 4199 4256 
f 4266 4206 4207 4255 
f 4254 4203 4197 4267 
f 4264 4196 4203 4254 
f 4255 4207 4219 4265 
f 4259 4205 4213 4257 
f 4256 4199 4200 4258 
f 4261 4204 4205 4259 
f 4258 4200 4201 4260 
f 4263 4217 4204 4261 
f 4260 4201 4202 4262 
f 4265 4219 4217 4263 
f 4262 4202 4196 4264 
f 4252 4211 4206 4266 
f 4267 4197 4198 4253 
f 4274 4302 4304 4268 
f 4304 4307 4275 4268 
f 4307 4310 4269 4275 
f 4310 4313 4270 4269 
f 4313 4316 4271 4270 
f 4316 4319 4272 4271 
f 4319 4322 4273 4272 
f 4322 4302 4274 4273 
f 4328 4329 4324 4325 
f 4339 4338 4327 4326 
f 4337 4336 4326 4327 
f 4330 4331 4329 4328 
f 4332 4333 4331 4330 
f 4334 4335 4333 4332 
f 4336 4337 4335 4334 
f 4325 4324 4338 4339 
f 4290 4291 4279 4280 
f 4278 4281 4280 4279 
f 4278 4283 4282 4281 
f 4283 4285 4284 4282 
f 4285 4277 4286 4284 
f 4276 4287 4286 4277 
f 4289 4288 4287 4276 
f 4291 4290 4288 4289 
s 2
f 4301 4292 4293 4305 
f 4305 4293 4294 4308 
f 4308 4294 4295 4311 
f 4311 4295 4296 4314 
f 4314 4296 4297 4317 
f 4317 4297 4298 4320 
f 4320 4298 4299 4323 
f 4323 4299 4292 4301 
s 1
f 4302 4300 4303 4304 
f 4304 4303 4306 4307 
f 4307 4306 4309 4310 
f 4310 4309 4312 4313 
f 4313 4312 4315 4316 
f 4316 4315 4318 4319 
f 4319 4318 4321 4322 
f 4322 4321 4300 4302 
s 2
f 4301 4305 4303 4300 
f 4305 4308 4306 4303 
f 4308 4311 4309 4306 
f 4311 4314 4312 4309 
f 4314 4317 4315 4312 
f 4317 4320 4318 4315 
f 4320 4323 4321 4318 
f 4323 4301 4300 4321 
s 1
f 4329 4285 4283 4324 
f 4325 4270 4271 4328 
f 4338 4278 4279 4327 
f 4326 4275 4269 4339 
f 4336 4268 4275 4326 
f 4327 4279 4291 4337 
f 4331 4277 4285 4329 
f 4328 4271 4272 4330 
f 4333 4276 4277 4331 
f 4330 4272 4273 4332 
f 4335 4289 4276 4333 
f 4332 4273 4274 4334 
f 4337 4291 4289 4335 
f 4334 4274 4268 4336 
f 4324 4283 4278 4338 
f 4339 4269 4270 4325 
f 4346 4374 4376 4340 
f 4376 4379 4347 4340 
f 4379 4382 4341 4347 
f 4382 4385 4342 4341 
f 4385 4388 4343 4342 
f 4388 4391 4344 4343 
f 4391 4394 4345 4344 
f 4394 4374 4346 4345 
f 4400 4401 4396 4397 
f 4411 4410 4399 4398 
f 4409 4408 4398 4399 
f 4402 4403 4401 4400 
f 4404 4405 4403 4402 
f 4406 4407 4405 4404 
f 4408 4409 4407 4406 
f 4397 4396 4410 4411 
f 4362 4363 4351 4352 
f 4350 4353 4352 4351 
f 4350 4355 4354 4353 
f 4355 4357 4356 4354 
f 4357 4349 4358 4356 
f 4348 4359 4358 4349 
f 4361 4360 4359 4348 
f 4363 4362 4360 4361 
s 2
f 4373 4364 4365 4377 
f 4377 4365 4366 4380 
f 4380 4366 4367 4383 
f 4383 4367 4368 4386 
f 4386 4368 4369 4389 
f 4389 4369 4370 4392 
f 4392 4370 4371 4395 
f 4395 4371 4364 4373 
s 1
f 4374 4372 4375 4376 
f 4376 4375 4378 4379 
f 4379 4378 4381 4382 
f 4382 4381 4384 4385 
f 4385 4384 4387 4388 
f 4388 4387 4390 4391 
f 4391 4390 4393 4394 
f 4394 4393 4372 4374 
s 2
f 4373 4377 4375 4372 
f 4377 4380 4378 4375 
f 4380 4383 4381 4378 
f 4383 4386 4384 4381 
f 4386 4389 4387 4384 
f 4389 4392 4390 4387 
f 4392 4395 4393 4390 
f 4395 4373 4372 4393 
s 1
f 4401 4357 4355 4396 
f 4397 4342 4343 4400 
f 4410 4350 4351 4399 
f 4398 4347 4341 4411 
f 4408 4340 4347 4398 
f 4399 4351 4363 4409 
f 4403 4349 4357 4401 
f 4400 4343 4344 4402 
f 4405 4348 4349 4403 
f 4402 4344 4345 4404 
f 4407 4361 4348 4405 
f 4404 4345 4346 4406 
f 4409 4363 4361 4407 
f 4406 4346 4340 4408 
f 4396 4355 4350 4410 
f 4411 4341 4342 4397 
f 4418 4446 4448 4412 
f 4448 4451 4419 4412 
f 4451 4454 4413 4419 
f 4454 4457 4414 4413 
f 4457 4460 4415 4414 
f 4460 4463 4416 4415 
f 4463 4466 4417 4416 
f 4466 4446 4418 4417 
f 4472 4473 4468 4469 
f 4483 4482 4471 4470 
f 4481 4480 4470 4471 
f 4474 4475 4473 4472 
f 4476 4477 4475 4474 
f 4478 4479 4477 4476 
f 4480 4481 4479 4478 
f 4469 4468 4482 4483 
f 4434 4435 4423 4424 
f 4422 4425 4424 4423 
f 4422 4427 4426 4425 
f 4427 4429 4428 4426 
f 4429 4421 4430 4428 
f 4420 4431 4430 4421 
f 4433 4432 4431 4420 
f 4435 4434 4432 4433 
s 2
f 4445 4436 4437 4449 
f 4449 4437 4438 4452 
f 4452 4438 4439 4455 
f 4455 4439 4440 4458 
f 4458 4440 4441 4461 
f 4461 4441 4442 4464 
f 4464 4442 4443 4467 
f 4467 4443 4436 4445 
s 1
f 4446 4444 4447 4448 
f 4448 4447 4450 4451 
f 4451 4450 4453 4454 
f 4454 4453 4456 4457 
f 4457 4456 4459 4460 
f 4460 4459 4462 4463 
f 4463 4462 4465 4466 
f 4466 4465 4444 4446 
s 2
f 4445 4449 4447 4444 
f 4449 4452 4450 4447 
f 4452 4455 4453 4450 
f 4455 4458 4456 4453 
f 4458 4461 4459 4456 
f 4461 4464 4462 4459 
f 4464 4467 4465 4462 
f 4467 4445 4444 4465 
s 1
f 4473 4429 4427 4468 
f 4469 4414 4415 4472 
f 4482 4422 4423 4471 
f 4470 4419 4413 4483 
f 4480 4412 4419 4470 
f 4471 4423 4435 4481 
f 4475 4421 4429 4473 
f 4472 4415 4416 4474 
f 4477 4420 4421 4475 
f 4474 4416 4417 4476 
f 4479 4433 4420 4477 
f 4476 4417 4418 4478 
f 4481 4435 4433 4479 
f 4478 4418 4412 4480 
f 4468 4427 4422 4482 
f 4483 4413 4414 4469 
f 4490 4518 4520 4484 
f 4520 4523 4491 4484 
f 4523 4526 4485 4491 
f 4526 4529 4486 4485 
f 4529 4532 4487 4486 
f 4532 4535 4488 4487 
f 4535 4538 4489 4488 
f 4538 4518 4490 4489 
f 4544 4545 4540 4541 
f 4555 4554 4543 4542 
f 4553 4552 4542 4543 
f 4546 4547 4545 4544 
f 4548 4549 4547 4546 
f 4550 4551 4549 4548 
f 4552 4553 4551 4550 
f 4541 4540 4554 4555 
f 4506 4507 4495 4496 
f 4494 4497 4496 4495 
f 4494 4499 4498 4497 
f 4499 4501 4500 4498 
f 4501 4493 4502 4500 
f 4492 4503 4502 4493 
f 4505 4504 4503 4492 
f 4507 4506 4504 4505 
s 2
f 4517 4508 4509 4521 
f 4521 4509 4510 4524 
f 4524 4510 4511 4527 
f 4527 4511 4512 4530 
f 4530 4512 4513 4533 
f 4533 4513 4514 4536 
f 4536 4514 4515 4539 
f 4539 4515 4508 4517 
s 1
f 4518 4516 4519 4520 
f 4520 4519 4522 4523 
f 4523 4522 4525 4526 
f 4526 4525 4528 4529 
f 4529 4528 4531 4532 
f 4532 4531 4534 4535 
f 4535 4534 4537 4538 
f 4538 4537 4516 4518 
s 2
f 4517 4521 4519 4516 
f 4521 4524 4522 4519 
f 4524 4527 4525 4522 
f 4527 4530 4528 4525 
f 4530 4533 4531 4528 
f 4533 4536 4534 4531 
f 4536 4539 4537 4534 
f 4539 4517 4516 4537 
s 1
f 4545 4501 4499 4540 
f 4541 4486 4487 4544 
f 4554 4494 4495 4543 
f 4542 4491 4485 4555 
f 4552 4484 4491 4542 
f 4543 4495 4507 4553 
f 4547 4493 4501 4545 
f 4544 4487 4488 4546 
f 4549 4492 4493 4547 
f 4546 4488 4489 4548 
f 4551 4505 4492 4549 
f 4548 4489 4490 4550 
f 4553 4507 4505 4551 
f 4550 4490 4484 4552 
f 4540 4499 4494 4554 
f 4555 4485 4486 4541 
f 4562 4590 4592 4556 
f 4592 4595 4563 4556 
f 4595 4598 4557 4563 
f 4598 4601 4558 4557 
f 4601 4604 4559 4558 
f 4604 4607 4560 4559 
f 4607 4610 4561 4560 
f 4610 4590 4562 4561 
f 4616 4617 4612 4613 
f 4627 4626 4615 4614 
f 4625 4624 4614 4615 
f 4618 4619 4617 4616 
f 4620 4621 4619 4618 
f 4622 4623 4621 4620 
f 4624 4625 4623 4622 
f 4613 4612 4626 4627 
f 4578 4579 4567 4568 
f 4566 4569 4568 4567 
f 4566 4571 4570 4569 
f 4571 4573 4572 4570 
f 4573 4565 4574 4572 
f 4564 4575 4574 4565 
f 4577 4576 4575 4564 
f 4579 4578 4576 4577 
s 2
f 4589 4580 4581 4593 
f 4593 4581 4582 4596 
f 4596 4582 4583 4599 
f 4599 4583 4584 4602 
f 4602 4584 4585 4605 
f 4605 4585 4586 4608 
f 4608 4586 4587 4611 
f 4611 4587 4580 4589 
s 1
f 4590 4588 4591 4592 
f 4592 4591 4594 4595 
f 4595 4594 4597 4598 
f 4598 4597 4600 4601 
f 4601 4600 4603 4604 
f 4604 4603 4606 4607 
f 4607 4606 4609 4610 
f 4610 4609 4588 4590 
s 2
f 4589 4593 4591 4588 
f 4593 4596 4594 4591 
f 4596 4599 4597 4594 
f 4599 4602 4600 4597 
f 4602 4605 4603 4600 
f 4605 4608 4606 4603 
f 4608 4611 4609 4606 
f 4611 4589 4588 4609 
s 1
f 4617 4573 4571 4612 
f 4613 4558 4559 4616 
f 4626 4566 4567 4615 
f 4614 4563 4557 4627 
f 4624 4556 4563 4614 
f 4615 4567 4579 4625 
f 4619 4565 4573 4617 
f 4616 4559 4560 4618 
f 4621 4564 4565 4619 
f 4618 4560 4561 4620 
f 4623 4577 4564 4621 
f 4620 4561 4562 4622 
f 4625 4579 4577 4623 
f 4622 4562 4556 4624 
f 4612 4571 4566 4626 
f 4627 4557 4558 4613 
f 4634 4662 4664 4628 
f 4664 4667 4635 4628 
f 4667 4670 4629 4635 
f 4670 4673 4630 4629 
f 4673 4676 4631 4630 
f 4676 4679 4632 4631 
f 4679 4682 4633 4632 
f 4682 4662 4634 4633 
f 4688 4689 4684 4685 
f 4699 4698 4687 4686 
f 4697 4696 4686 4687 
f 4690 4691 4689 4688 
f 4692 4693 4691 4690 
f 4694 4695 4693 4692 
f 4696 4697 4695 4694 
f 4685 4684 4698 4699 
f 4650 4651 4639 4640 
f 4638 4641 4640 4639 
f 4638 4643 4642 4641 
f 4643 4645 4644 4642 
f 4645 4637 4646 4644 
f 4636 4647 4646 4637 
f 4649 4648 4647 4636 
f 4651 4650 4648 4649 
s 2
f 4661 4652 4653 4665 
f 4665 4653 4654 4668 
f 4668 4654 4655 4671 
f 4671 4655 4656 4674 
f 4674 4656 4657 4677 
f 4677 4657 4658 4680 
f 4680 4658 4659 4683 
f 4683 4659 4652 4661 
s 1
f 4662 4660 4663 4664 
f 4664 4663 4666 4667 
f 4667 4666 4669 4670 
f 4670 4669 4672 4673 
f 4673 4672 4675 4676 
f 4676 4675 4678 4679 
f 4679 4678 4681 4682 
f 4682 4681 4660 4662 
s 2
f 4661 4665 4663 4660 
f 4665 4668 4666 4663 
f 4668 4671 4669 4666 
f 4671 4674 4672 4669 
f 4674 4677 4675 4672 
f 4677 4680 4678 4675 
f 4680 4683 4681 4678 
f 4683 4661 4660 4681 
s 1
f 4689 4645 4643 4684 
f 4685 4630 4631 4688 
f 4698 4638 4639 4687 
f 4686 4635 4629 4699 
f 4696 4628 4635 4686 
f 4687 4639 4651 4697 
f 4691 4637 4645 4689 
f 4688 4631 4632 4690 
f 4693 4636 4637 4691 
f 4690 4632 4633 4692 
f 4695 4649 4636 4693 
f 4692 4633 4634 4694 
f 4697 4651 4649 4695 
f 4694 4634 4628 4696 
f 4684 4643 4638 4698 
f 4699 4629 4630 4685 
f 4706 4734 4736 4700 
f 4736 4739 4707 4700 
f 4739 4742 4701 4707 
f 4742 4745 4702 4701 
f 4745 4748 4703 4702 
f 4748 4751 4704 4703 
f 4751 4754 4705 4704 
f 4754 4734 4706 4705 
f 4760 4761 4756 4757 
f 4771 4770 4759 4758 
f 4769 4768 4758 4759 
f 4762 4763 4761 4760 
f 4764 4765 4763 4762 
f 4766 4767 4765 4764 
f 4768 4769 4767 4766 
f 4757 4756 4770 4771 
f 4722 4723 4711 4712 
f 4710 4713 4712 4711 
f 4710 4715 4714 4713 
f 4715 4717 4716 4714 
f 4717 4709 4718 4716 
f 4708 4719 4718 4709 
f 4721 4720 4719 4708 
f 4723 4722 4720 4721 
s 2
f 4733 4724 4725 4737 
f 4737 4725 4726 4740 
f 4740 4726 4727 4743 
f 4743 4727 4728 4746 
f 4746 4728 4729 4749 
f 4749 4729 4730 4752 
f 4752 4730 4731 4755 
f 4755 4731 4724 4733 
s 1
f 4734 4732 4735 4736 
f 4736 4735 4738 4739 
f 4739 4738 4741 4742 
f 4742 4741 4744 4745 
f 4745 4744 4747 4748 
f 4748 4747 4750 4751 
f 4751 4750 4753 4754 
f 4754 4753 4732 4734 
s 2
f 4733 4737 4735 4732 
f 4737 4740 4738 4735 
f 4740 4743 4741 4738 
f 4743 4746 4744 4741 
f 4746 4749 4747 4744 
f 4749 4752 4750 4747 
f 4752 4755 4753 4750 
f 4755 4733 4732 4753 
s 1
f 4761 4717 4715 4756 
f 4757 4702 4703 4760 
f 4770 4710 4711 4759 
f 4758 4707 4701 4771 
f 4768 4700 4707 4758 
f 4759 4711 4723 4769 
f 4763 4709 4717 4761 
f 4760 4703 4704 4762 
f 4765 4708 4709 4763 
f 4762 4704 4705 4764 
f 4767 4721 4708 4765 
f 4764 4705 4706 4766 
f 4769 4723 4721 4767 
f 4766 4706 4700 4768 
f 4756 4715 4710 4770 
f 4771 4701 4702 4757 
f 4778 4806 4808 4772 
f 4808 4811 4779 4772 
f 4811 4814 4773 4779 
f 4814 4817 4774 4773 
f 4817 4820 4775 4774 
f 4820 4823 4776 4775 
f 4823 4826 4777 4776 
f 4826 4806 4778 4777 
f 4832 4833 4828 4829 
f 4843 4842 4831 4830 
f 4841 4840 4830 4831 
f 4834 4835 4833 4832 
f 4836 4837 4835 4834 
f 4838 4839 4837 4836 
f 4840 4841 4839 4838 
f 4829 4828 4842 4843 
f 4794 4795 4783 4784 
f 4782 4785 4784 4783 
f 4782 4787 4786 4785 
f 4787 4789 4788 4786 
f 4789 4781 4790 4788 
f 4780 4791 4790 4781 
f 4793 4792 4791 4780 
f 4795 4794 4792 4793 
s 2
f 4805 4796 4797 4809 
f 4809 4797 4798 4812 
f 4812 4798 4799 4815 
f 4815 4799 4800 4818 
f 4818 4800 4801 4821 
f 4821 4801 4802 4824 
f 4824 4802 4803 4827 
f 4827 4803 4796 4805 
s 1
f 4806 4804 4807 4808 
f 4808 4807 4810 4811 
f 4811 4810 4813 4814 
f 4814 4813 4816 4817 
f 4817 4816 4819 4820 
f 4820 4819 4822 4823 
f 4823 4822 4825 4826 
f 4826 4825 4804 4806 
s 2
f 4805 4809 4807 4804 
f 4809 4812 4810 4807 
f 4812 4815 4813 4810 
f 4815 4818 4816 4813 
f 4818 4821 4819 4816 
f 4821 4824 4822 4819 
f 4824 4827 4825 4822 
f 4827 4805 4804 4825 
s 1
f 4833 4789 4787 4828 
f 4829 4774 4775 4832 
f 4842 4782 4783 4831 
f 4830 4779 4773 4843 
f 4840 4772 4779 4830 
f 4831 4783 4795 4841 
f 4835 4781 4789 4833 
f 4832 4775 4776 4834 
f 4837 4780 4781 4835 
f 4834 4776 4777 4836 
f 4839 4793 4780 4837 
f 4836 4777 4778 4838 
f 4841 4795 4793 4839 
f 4838 4778 4772 4840 
f 4828 4787 4782 4842 
f 4843 4773 4774 4829 
f 4850 4878 4880 4844 
f 4880 4883 4851 4844 
f 4883 4886 4845 4851 
f 4886 4889 4846 4845 
f 4889 4892 4847 4846 
f 4892 4895 4848 4847 
f 4895 4898 4849 4848 
f 4898 4878 4850 4849 
f 4904 4905 4900 4901 
f 4915 4914 4903 4902 
f 4913 4912 4902 4903 
f 4906 4907 4905 4904 
f 4908 4909 4907 4906 
f 4910 4911 4909 4908 
f 4912 4913 4911 4910 
f 4901 4900 4914 4915 
f 4866 4867 4855 4856 
f 4854 4857 4856 4855 
f 4854 4859 4858 4857 
f 4859 4861 4860 4858 
f 4861 4853 4862 4860 
f 4852 4863 4862 4853 
f 4865 4864 4863 4852 
f 4867 4866 4864 4865 
s 2
f 4877 4868 4869 4881 
f 4881 4869 4870 4884 
f 4884 4870 4871 4887 
f 4887 4871 4872 4890 
f 4890 4872 4873 4893 
f 4893 4873 4874 4896 
f 4896 4874 4875 4899 
f 4899 4875 4868 4877 
s 1
f 4878 4876 4879 4880 
f 4880 4879 4882 4883 
f 4883 4882 4885 4886 
f 4886 4885 4888 4889 
f 4889 4888 4891 4892 
f 4892 4891 4894 4895 
f 4895 4894 4897 4898 
f 4898 4897 4876 4878 
s 2
f 4877 4881 4879 4876 
f 4881 4884 4882 4879 
f 4884 4887 4885 4882 
f 4887 4890 4888 4885 
f 4890 4893 4891 4888 
f 4893 4896 4894 4891 
f 4896 4899 4897 4894 
f 4899 4877 4876 4897 
s 1
f 4905 4861 4859 4900 
f 4901 4846 4847 4904 
f 4914 4854 4855 4903 
f 4902 4851 4845 4915 
f 4912 4844 4851 4902 
f 4903 4855 4867 4913 
f 4907 4853 4861 4905 
f 4904 4847 4848 4906 
f 4909 4852 4853 4907 
f 4906 4848 4849 4908 
f 4911 4865 4852 4909 
f 4908 4849 4850 4910 
f 4913 4867 4865 4911 
f 4910 4850 4844 4912 
f 4900 4859 4854 4914 
f 4915 4845 4846 4901 
f 4922 4950 4952 4916 
f 4952 4955 4923 4916 
f 4955 4958 4917 4923 
f 4958 4961 4918 4917 
f 4961 4964 4919 4918 
f 4964 4967 4920 4919 
f 4967 4970 4921 4920 
f 4970 4950 4922 4921 
f 4976 4977 4972 4973 
f 4987 4986 4975 4974 
f 4985 4984 4974 4975 
f 4978 4979 4977 4976 
f 4980 4981 4979 4978 
f 4982 4983 4981 4980 
f 4984 4985 4983 4982 
f 4973 4972 4986 4987 
f 4938 4939 4927 4928 
f 4926 4929 4928 4927 
f 4926 4931 4930 4929 
f 4931 4933 4932 4930 
f 4933 4925 4934 4932 
f 4924 4935 4934 4925 
f 4937 4936 4935 4924 
f 4939 4938 4936 4937 
s 2
f 4949 4940 4941 4953 
f 4953 4941 4942 4956 
f 4956 4942 4943 4959 
f 4959 4943 4944 4962 
f 4962 4944 4945 4965 
f 4965 4945 4946 4968 
f 4968 4946 4947 4971 
f 4971 4947 4940 4949 
s 1
f 4950 4948 4951 4952 
f 4952 4951 4954 4955 
f 4955 4954 4957 4958 
f 4958 4957 4960 4961 
f 4961 4960 4963 4964 
f 4964 4963 4966 4967 
f 4967 4966 4969 4970 
f 4970 4969 4948 4950 
s 2
f 4949 4953 4951 4948 
f 4953 4956 4954 4951 
f 4956 4959 4957 4954 
f 4959 4962 4960 4957 
f 4962 4965 4963 4960 
f 4965 4968 4966 4963 
f 4968 4971 4969 4966 
f 4971 4949 4948 4969 
s 1
f 4977 4933 4931 4972 
f 4973 4918 4919 4976 
f 4986 4926 4927 4975 
f 4974 4923 4917 4987 
f 4984 4916 4923 4974 
f 4975 4927 4939 4985 
f 4979 4925 4933 4977 
f 4976 4919 4920 4978 
f 4981 4924 4925 4979 
f 4978 4920 4921 4980 
f 4983 4937 4924 4981 
f 4980 4921 4922 4982 
f 4985 4939 4937 4983 
f 4982 4922 4916 4984 
f 4972 4931 4926 4986 
f 4987 4917 4918 4973 
f 4994 5022 5024 4988 
f 5024 5027 4995 4988 
f 5027 5030 4989 4995 
f 5030 5033 4990 4989 
f 5033 5036 4991 4990 
f 5036 5039 4992 4991 
f 5039 5042 4993 4992 
f 5042 5022 4994 4993 
f 5048 5049 5044 5045 
f 5059 5058 5047 5046 
f 5057 5056 5046 5047 
f 5050 5051 5049 5048 
f 5052 5053 5051 5050 
f 5054 5055 5053 5052 
f 5056 5057 5055 5054 
f 5045 5044 5058 5059 
f 5010 5011 4999 5000 
f 4998 5001 5000 4999 
f 4998 5003 5002 5001 
f 5003 5005 5004 5002 
f 5005 4997 5006 5004 
f 4996 5007 5006 4997 
f 5009 5008 5007 4996 
f 5011 5010 5008 5009 
s 2
f 5021 5012 5013 5025 
f 5025 5013 5014 5028 
f 5028 5014 5015 5031 
f 5031 5015 5016 5034 
f 5034 5016 5017 5037 
f 5037 5017 5018 5040 
f 5040 5018 5019 5043 
f 5043 5019 5012 5021 
s 1
f 5022 5020 5023 5024 
f 5024 5023 5026 5027 
f 5027 5026 5029 5030 
f 5030 5029 5032 5033 
f 5033 5032 5035 5036 
f 5036 5035 5038 5039 
f 5039 5038 5041 5042 
f 5042 5041 5020 5022 
s 2
f 5021 5025 5023 5020 
f 5025 5028 5026 5023 
f 5028 5031 5029 5026 
f 5031 5034 5032 5029 
f 5034 5037 5035 5032 
f 5037 5040 5038 5035 
f 5040 5043 5041 5038 
f 5043 5021 5020 5041 
s 1
f 5049 5005 5003 5044 
f 5045 4990 4991 5048 
f 5058 4998 4999 5047 
f 5046 4995 4989 5059 
f 5056 4988 4995 5046 
f 5047 4999 5011 5057 
f 5051 4997 5005 5049 
f 5048 4991 4992 5050 
f 5053 4996 4997 5051 
f 5050 4992 4993 5052 
f 5055 5009 4996 5053 
f 5052 4993 4994 5054 
f 5057 5011 5009 5055 
f 5054 4994 4988 5056 
f 5044 5003 4998 5058 
f 5059 4989 4990 5045 
f 5066 5094 5096 5060 
f 5096 5099 5067 5060 
f 5099 5102 5061 5067 
f 5102 5105 5062 5061 
f 5105 5108 5063 5062 
f 5108 5111 5064 5063 
f 5111 5114 5065 5064 
f 5114 5094 5066 5065 
f 5120 5121 5116 5117 
f 5131 5130 5119 5118 
f 5129 5128 5118 5119 
f 5122 5123 5121 5120 
f 5124 5125 5123 5122 
f 5126 5127 5125 5124 
f 5128 5129 5127 5126 
f 5117 5116 5130 5131 
f 5082 5083 5071 5072 
f 5070 5073 5072 5071 
f 5070 5075 5074 5073 
f 5075 5077 5076 5074 
f 5077 5069 5078 5076 
f 5068 5079 5078 5069 
f 5081 5080 5079 5068 
f 5083 5082 5080 5081 
s 2
f 5093 5084 5085 5097 
f 5097 5085 5086 5100 
f 5100 5086 5087 5103 
f 5103 5087 5088 5106 
f 5106 5088 5089 5109 
f 5109 5089 5090 5112 
f 5112 5090 5091 5115 
f 5115 5091 5084 5093 
s 1
f 5094 5092 5095 5096 
f 5096 5095 5098 5099 
f 5099 5098 5101 5102 
f 5102 5101 5104 5105 
f 5105 5104 5107 5108 
f 5108 5107 5110 5111 
f 5111 5110 5113 5114 
f 5114 5113 5092 5094 
s 2
f 5093 5097 5095 5092 
f 5097 5100 5098 5095 
f 5100 5103 5101 5098 
f 5103 5106 5104 5101 
f 5106 5109 5107 5104 
f 5109 5112 5110 5107 
f 5112 5115 5113 5110 
f 5115 5093 5092 5113 
s 1
f 5121 5077 5075 5116 
f 5117 5062 5063 5120 
f 5130 5070 5071 5119 
f 5118 5067 5061 5131 
f 5128 5060 5067 5118 
f 5119 5071 5083 5129 
f 5123 5069 5077 5121 
f 5120 5063 5064 5122 
f 5125 5068 5069 5123 
f 5122 5064 5065 5124 
f 5127 5081 5068 5125 
f 5124 5065 5066 5126 
f 5129 5083 5081 5127 
f 5126 5066 5060 5128 
f 5116 5075 5070 5130 
f 5131 5061 5062 5117 
f 5138 5166 5168 5132 
f 5168 5171 5139 5132 
f 5171 5174 5133 5139 
f 5174 5177 5134 5133 
f 5177 5180 5135 5134 
f 5180 5183 5136 5135 
f 5183 5186 5137 5136 
f 5186 5166 5138 5137 
f 5192 5193 5188 5189 
f 5203 5202 5191 5190 
f 5201 5200 5190 5191 
f 5194 5195 5193 5192 
f 5196 5197 5195 5194 
f 5198 5199 5197 5196 
f 5200 5201 5199 5198 
f 5189 5188 5202 5203 
f 5154 5155 5143 5144 
f 5142 5145 5144 5143 
f 5142 5147 5146 5145 
f 5147 5149 5148 5146 
f 5149 5141 5150 5148 
f 5140 5151 5150 5141 
f 5153 5152 5151 5140 
f 5155 5154 5152 5153 
s 2
f 5165 5156 5157 5169 
f 5169 5157 5158 5172 
f 5172 5158 5159 5175 
f 5175 5159 5160 5178 
f 5178 5160 5161 5181 
f 5181 5161 5162 5184 
f 5184 5162 5163 5187 
f 5187 5163 5156 5165 
s 1
f 5166 5164 5167 5168 
f 5168 5167 5170 5171 
f 5171 5170 5173 5174 
f 5174 5173 5176 5177 
f 5177 5176 5179 5180 
f 5180 5179 5182 5183 
f 5183 5182 5185 5186 
f 5186 5185 5164 5166 
s 2
f 5165 5169 5167 5164 
f 5169 5172 5170 5167 
f 5172 5175 5173 5170 
f 5175 5178 5176 5173 
f 5178 5181 5179 5176 
f 5181 5184 5182 5179 
f 5184 5187 5185 5182 
f 5187 5165 5164 5185 
s 1
f 5193 5149 5147 5188 
f 5189 5134 5135 5192 
f 5202 5142 5143 5191 
f 5190 5139 5133 5203 
f 5200 5132 5139 5190 
f 5191 5143 5155 5201 
f 5195 5141 5149 5193 
f 5192 5135 5136 5194 
f 5197 5140 5141 5195 
f 5194 5136 5137 5196 
f 5199 5153 5140 5197 
f 5196 5137 5138 5198 
f 5201 5155 5153 5199 
f 5198 5138 5132 5200 
f 5188 5147 5142 5202 
f 5203 5133 5134 5189 
f 5210 5238 5240 5204 
f 5240 5243 5211 5204 
f 5243 5246 5205 5211 
f 5246 5249 5206 5205 
f 5249 5252 5207 5206 
f 5252 5255 5208 5207 
f 5255 5258 5209 5208 
f 5258 5238 5210 5209 
f 5264 5265 5260 5261 
f 5275 5274 5263 5262 
f 5273 5272 5262 5263 
f 5266 5267 5265 5264 
f 5268 5269 5267 5266 
f 5270 5271 5269 5268 
f 5272 5273 5271 5270 
f 5261 5260 5274 5275 
f 5226 5227 5215 5216 
f 5214 5217 5216 5215 
f 5214 5219 5218 5217 
f 5219 5221 5220 5218 
f 5221 5213 5222 5220 
f 5212 5223 5222 5213 
f 5225 5224 5223 5212 
f 5227 5226 5224 5225 
s 2
f 5237 5228 5229 5241 
f 5241 5229 5230 5244 
f 5244 5230 5231 5247 
f 5247 5231 5232 5250 
f 5250 5232 5233 5253 
f 5253 5233 5234 5256 
f 5256 5234 5235 5259 
f 5259 5235 5228 5237 
s 1
f 5238 5236 5239 5240 
f 5240 5239 5242 5243 
f 5243 5242 5245 5246 
f 5246 5245 5248 5249 
f 5249 5248 5251 5252 
f 5252 5251 5254 5255 
f 5255 5254 5257 5258 
f 5258 5257 5236 5238 
s 2
f 5237 5241 5239 5236 
f 5241 5244 5242 5239 
f 5244 5247 5245 5242 
f 5247 5250 5248 5245 
f 5250 5253 5251 5248 
f 5253 5256 5254 5251 
f 5256 5259 5257 5254 
f 5259 5237 5236 5257 
s 1
f 5265 5221 5219 5260 
f 5261 5206 5207 5264 
f 5274 5214 5215 5263 
f 5262 5211 5205 5275 
f 5272 5204 5211 5262 
f 5263 5215 5227 5273 
f 5267 5213 5221 5265 
f 5264 5207 5208 5266 
f 5269 5212 5213 5267 
f 5266 5208 5209 5268 
f 5271 5225 5212 5269 
f 5268 5209 5210 5270 
f 5273 5227 5225 5271 
f 5270 5210 5204 5272 
f 5260 5219 5214 5274 
f 5275 5205 5206 5261 
f 5282 5310 5312 5276 
f 5312 5315 5283 5276 
f 5315 5318 5277 5283 
f 5318 5321 5278 5277 
f 5321 5324 5279 5278 
f 5324 5327 5280 5279 
f 5327 5330 5281 5280 
f 5330 5310 5282 5281 
f 5336 5337 5332 5333 
f 5347 5346 5335 5334 
f 5345 5344 5334 5335 
f 5338 5339 5337 5336 
f 5340 5341 5339 5338 
f 5342 5343 5341 5340 
f 5344 5345 5343 5342 
f 5333 5332 5346 5347 
f 5298 5299 5287 5288 
f 5286 5289 5288 5287 
f 5286 5291 5290 5289 
f 5291 5293 5292 5290 
f 5293 5285 5294 5292 
f 5284 5295 5294 5285 
f 5297 5296 5295 5284 
f 5299 5298 5296 5297 
s 2
f 5309 5300 5301 5313 
f 5313 5301 5302 5316 
f 5316 5302 5303 5319 
f 5319 5303 5304 5322 
f 5322 5304 5305 5325 
f 5325 5305 5306 5328 
f 5328 5306 5307 5331 
f 5331 5307 5300 5309 
s 1
f 5310 5308 5311 5312 
f 5312 5311 5314 5315 
f 5315 5314 5317 5318 
f 5318 5317 5320 5321 
f 5321 5320 5323 5324 
f 5324 5323 5326 5327 
f 5327 5326 5329 5330 
f 5330 5329 5308 5310 
s 2
f 5309 5313 5311 5308 
f 5313 5316 5314 5311 
f 5316 5319 5317 5314 
f 5319 5322 5320 5317 
f 5322 5325 5323 5320 
f 5325 5328 5326 5323 
f 5328 5331 5329 5326 
f 5331 5309 5308 5329 
s 1
f 5337 5293 5291 5332 
f 5333 5278 5279 5336 
f 5346 5286 5287 5335 
f 5334 5283 5277 5347 
f 5344 5276 5283 5334 
f 5335 5287 5299 5345 
f 5339 5285 5293 5337 
f 5336 5279 5280 5338 
f 5341 5284 5285 5339 
f 5338 5280 5281 5340 
f 5343 5297 5284 5341 
f 5340 5281 5282 5342 
f 5345 5299 5297 5343 
f 5342 5282 5276 5344 
f 5332 5291 5286 5346 
f 5347 5277 5278 5333 
f 5354 5382 5384 5348 
f 5384 5387 5355 5348 
f 5387 5390 5349 5355 
f 5390 5393 5350 5349 
f 5393 5396 5351 5350 
f 5396 5399 5352 5351 
f 5399 5402 5353 5352 
f 5402 5382 5354 5353 
f 5408 5409 5404 5405 
f 5419 5418 5407 5406 
f 5417 5416 5406 5407 
f 5410 5411 5409 5408 
f 5412 5413 5411 5410 
f 5414 5415 5413 5412 
f 5416 5417 5415 5414 
f 5405 5404 5418 5419 
f 5370 5371 5359 5360 
f 5358 5361 5360 5359 
f 5358 5363 5362 5361 
f 5363 5365 5364 5362 
f 5365 5357 5366 5364 
f 5356 5367 5366 5357 
f 5369 5368 5367 5356 
f 5371 5370 5368 5369 
s 2
f 5381 5372 5373 5385 
f 5385 5373 5374 5388 
f 5388 5374 5375 5391 
f 5391 5375 5376 5394 
f 5394 5376 5377 5397 
f 5397 5377 5378 5400 
f 5400 5378 5379 5403 
f 5403 5379 5372 5381 
s 1
f 5382 5380 5383 5384 
f 5384 5383 5386 5387 
f 5387 5386 5389 5390 
f 5390 5389 5392 5393 
f 5393 5392 5395 5396 
f 5396 5395 5398 5399 
f 5399 5398 5401 5402 
f 5402 5401 5380 5382 
s 2
f 5381 5385 5383 5380 
f 5385 5388 5386 5383 
f 5388 5391 5389 5386 
f 5391 5394 5392 5389 
f 5394 5397 5395 5392 
f 5397 5400 5398 5395 
f 5400 5403 5401 5398 
f 5403 5381 5380 5401 
s 1
f 5409 5365 5363 5404 
f 5405 5350 5351 5408 
f 5418 5358 5359 5407 
f 5406 5355 5349 5419 
f 5416 5348 5355 5406 
f 5407 5359 5371 5417 
f 5411 5357 5365 5409 
f 5408 5351 5352 5410 
f 5413 5356 5357 5411 
f 5410 5352 5353 5412 
f 5415 5369 5356 5413 
f 5412 5353 5354 5414 
f 5417 5371 5369 5415 
f 5414 5354 5348 5416 
f 5404 5363 5358 5418 
f 5419 5349 5350 5405 
f 5426 5454 5456 5420 
f 5456 5459 5427 5420 
f 5459 5462 5421 5427 
f 5462 5465 5422 5421 
f 5465 5468 5423 5422 
f 5468 5471 5424 5423 
f 5471 5474 5425 5424 
f 5474 5454 5426 5425 
f 5480 5481 5476 5477 
f 5491 5490 5479 5478 
f 5489 5488 5478 5479 
f 5482 5483 5481 5480 
f 5484 5485 5483 5482 
f 5486 5487 5485 5484 
f 5488 5489 5487 5486 
f 5477 5476 5490 5491 
f 5442 5443 5431 5432 
f 5430 5433 5432 5431 
f 5430 5435 5434 5433 
f 5435 5437 5436 5434 
f 5437 5429 5438 5436 
f 5428 5439 5438 5429 
f 5441 5440 5439 5428 
f 5443 5442 5440 5441 
s 2
f 5453 5444 5445 5457 
f 5457 5445 5446 5460 
f 5460 5446 5447 5463 
f 5463 5447 5448 5466 
f 5466 5448 5449 5469 
f 5469 5449 5450 5472 
f 5472 5450 5451 5475 
f 5475 5451 5444 5453 
s 1
f 5454 5452 5455 5456 
f 5456 5455 5458 5459 
f 5459 5458 5461 5462 
f 5462 5461 5464 5465 
f 5465 5464 5467 5468 
f 5468 5467 5470 5471 
f 5471 5470 5473 5474 
f 5474 5473 5452 5454 
s 2
f 5453 5457 5455 5452 
f 5457 5460 5458 5455 
f 5460 5463 5461 5458 
f 5463 5466 5464 5461 
f 5466 5469 5467 5464 
f 5469 5472 5470 5467 
f 5472 5475 5473 5470 
f 5475 5453 5452 5473 
s 1
f 5481 5437 5435 5476 
f 5477 5422 5423 5480 
f 5490 5430 5431 5479 
f 5478 5427 5421 5491 
f 5488 5420 5427 5478 
f 5479 5431 5443 5489 
f 5483 5429 5437 5481 
f 5480 5423 5424 5482 
f 5485 5428 5429 5483 
f 5482 5424 5425 5484 
f 5487 5441 5428 5485 
f 5484 5425 5426 5486 
f 5489 5443 5441 5487 
f 5486 5426 5420 5488 
f 5476 5435 5430 5490 
f 5491 5421 5422 5477 
f 5498 5526 5528 5492 
f 5528 5531 5499 5492 
f 5531 5534 5493 5499 
f 5534 5537 5494 5493 
f 5537 5540 5495 5494 
f 5540 5543 5496 5495 
f 5543 5546 5497 5496 
f 5546 5526 5498 5497 
f 5552 5553 5548 5549 
f 5563 5562 5551 5550 
f 5561 5560 5550 5551 
f 5554 5555 5553 5552 
f 5556 5557 5555 5554 
f 5558 5559 5557 5556 
f 5560 5561 5559 5558 
f 5549 5548 5562 5563 
f 5514 5515 5503 5504 
f 5502 5505 5504 5503 
f 5502 5507 5506 5505 
f 5507 5509 5508 5506 
f 5509 5501 5510 5508 
f 5500 5511 5510 5501 
f 5513 5512 5511 5500 
f 5515 5514 5512 5513 
s 2
f 5525 5516 5517 5529 
f 5529 5517 5518 5532 
f 5532 5518 5519 5535 
f 5535 5519 5520 5538 
f 5538 5520 5521 5541 
f 5541 5521 5522 5544 
f 5544 5522 5523 5547 
f 5547 5523 5516 5525 
s 1
f 5526 5524 5527 5528 
f 5528 5527 5530 5531 
f 5531 5530 5533 5534 
f 5534 5533 5536 5537 
f 5537 5536 5539 5540 
f 5540 5539 5542 5543 
f 5543 5542 5545 5546 
f 5546 5545 5524 5526 
s 2
f 5525 5529 5527 5524 
f 5529 5532 5530 5527 
f 5532 5535 5533 5530 
f 5535 5538 5536 5533 
f 5538 5541 5539 5536 
f 5541 5544 5542 5539 
f 5544 5547 5545 5542 
f 5547 5525 5524 5545 
s 1
f 5553 5509 5507 5548 
f 5549 5494 5495 5552 
f 5562 5502 5503 5551 
f 5550 5499 5493 5563 
f 5560 5492 5499 5550 
f 5551 5503 5515 5561 
f 5555 5501 5509 5553 
f 5552 5495 5496 5554 
f 5557 5500 5501 5555 
f 5554 5496 5497 5556 
f 5559 5513 5500 5557 
f 5556 5497 5498 5558 
f 5561 5515 5513 5559 
f 5558 5498 5492 5560 
f 5548 5507 5502 5562 
f 5563 5493 5494 5549 
f 5570 5598 5600 5564 
f 5600 5603 5571 5564 
f 5603 5606 5565 5571 
f 5606 5609 5566 5565 
f 5609 5612 5567 5566 
f 5612 5615 5568 5567 
f 5615 5618 5569 5568 
f 5618 5598 5570 5569 
f 5624 5625 5620 5621 
f 5635 5634 5623 5622 
f 5633 5632 5622 5623 
f 5626 5627 5625 5624 
f 5628 5629 5627 5626 
f 5630 5631 5629 5628 
f 5632 5633 5631 5630 
f 5621 5620 5634 5635 
f 5586 5587 5575 5576 
f 5574 5577 5576 5575 
f 5574 5579 5578 5577 
f 5579 5581 5580 5578 
f 5581 5573 5582 5580 
f 5572 5583 5582 5573 
f 5585 5584 5583 5572 
f 5587 5586 5584 5585 
s 2
f 5597 5588 5589 5601 
f 5601 5589 5590 5604 
f 5604 5590 5591 5607 
f 5607 5591 5592 5610 
f 5610 5592 5593 5613 
f 5613 5593 5594 5616 
f 5616 5594 5595 5619 
f 5619 5595 5588 5597 
s 1
f 5598 5596 5599 5600 
f 5600 5599 5602 5603 
f 5603 5602 5605 5606 
f 5606 5605 5608 5609 
f 5609 5608 5611 5612 
f 5612 5611 5614 5615 
f 5615 5614 5617 5618 
f 5618 5617 5596 5598 
s 2
f 5597 5601 5599 5596 
f 5601 5604 5602 5599 
f 5604 5607 5605 5602 
f 5607 5610 5608 5605 
f 5610 5613 5611 5608 
f 5613 5616 5614 5611 
f 5616 5619 5617 5614 
f 5619 5597 5596 5617 
s 1
f 5625 5581 5579 5620 
f 5621 5566 5567 5624 
f 5634 5574 5575 5623 
f 5622 5571 5565 5635 
f 5632 5564 5571 5622 
f 5623 5575 5587 5633 
f 5627 5573 5581 5625 
f 5624 5567 5568 5626 
f 5629 5572 5573 5627 
f 5626 5568 5569 5628 
f 5631 5585 5572 5629 
f 5628 5569 5570 5630 
f 5633 5587 5585 5631 
f 5630 5570 5564 5632 
f 5620 5579 5574 5634 
f 5635 5565 5566 5621 
f 5642 5670 5672 5636 
f 5672 5675 5643 5636 
f 5675 5678 5637 5643 
f 5678 5681 5638 5637 
f 5681 5684 5639 5638 
f 5684 5687 5640 5639 
f 5687 5690 5641 5640 
f 5690 5670 5642 5641 
f 5696 5697 5692 5693 
f 5707 5706 5695 5694 
f 5705 5704 5694 5695 
f 5698 5699 5697 5696 
f 5700 5701 5699 5698 
f 5702 5703 5701 5700 
f 5704 5705 5703 5702 
f 5693 5692 5706 5707 
f 5658 5659 5647 5648 
f 5646 5649 5648 5647 
f 5646 5651 5650 5649 
f 5651 5653 5652 5650 
f 5653 5645 5654 5652 
f 5644 5655 5654 5645 
f 5657 5656 5655 5644 
f 5659 5658 5656 5657 
s 2
f 5669 5660 5661 5673 
f 5673 5661 5662 5676 
f 5676 5662 5663 5679 
f 5679 5663 5664 5682 
f 5682 5664 5665 5685 
f 5685 5665 5666 5688 
f 5688 5666 5667 5691 
f 5691 5667 5660 5669 
s 1
f 5670 5668 5671 5672 
f 5672 5671 5674 5675 
f 5675 5674 5677 5678 
f 5678 5677 5680 5681 
f 5681 5680 5683 5684 
f 5684 5683 5686 5687 
f 5687 5686 5689 5690 
f 5690 5689 5668 5670 
s 2
f 5669 5673 5671 5668 
f 5673 5676 5674 5671 
f 5676 5679 5677 5674 
f 5679 5682 5680 5677 
f 5682 5685 5683 5680 
f 5685 5688 5686 5683 
f 5688 5691 5689 5686 
f 5691 5669 5668 5689 
s 1
f 5697 5653 5651 5692 
f 5693 5638 5639 5696 
f 5706 5646 5647 5695 
f 5694 5643 5637 5707 
f 5704 5636 5643 5694 
f 5695 5647 5659 5705 
f 5699 5645 5653 5697 
f 5696 5639 5640 5698 
f 5701 5644 5645 5699 
f 5698 5640 5641 5700 
f 5703 5657 5644 5701 
f 5700 5641 5642 5702 
f 5705 5659 5657 5703 
f 5702 5642 5636 5704 
f 5692 5651 5646 5706 
f 5707 5637 5638 5693 
f 5714 5742 5744 5708 
f 5744 5747 5715 5708 
f 5747 5750 5709 5715 
f 5750 5753 5710 5709 
f 5753 5756 5711 5710 
f 5756 5759 5712 5711 
f 5759 5762 5713 5712 
f 5762 5742 5714 5713 
f 5768 5769 5764 5765 
f 5779 5778 5767 5766 
f 5777 5776 5766 5767 
f 5770 5771 5769 5768 
f 5772 5773 5771 5770 
f 5774 5775 5773 5772 
f 5776 5777 5775 5774 
f 5765 5764 5778 5779 
f 5730 5731 5719 5720 
f 5718 5721 5720 5719 
f 5718 5723 5722 5721 
f 5723 5725 5724 5722 
f 5725 5717 5726 5724 
f 5716 5727 5726 5717 
f 5729 5728 5727 5716 
f 5731 5730 5728 5729 
s 2
f 5741 5732 5733 5745 
f 5745 5733 5734 5748 
f 5748 5734 5735 5751 
f 5751 5735 5736 5754 
f 5754 5736 5737 5757 
f 5757 5737 5738 5760 
f 5760 5738 5739 5763 
f 5763 5739 5732 5741 
s 1
f 5742 5740 5743 5744 
f 5744 5743 5746 5747 
f 5747 5746 5749 5750 
f 5750 5749 5752 5753 
f 5753 5752 5755 5756 
f 5756 5755 5758 5759 
f 5759 5758 5761 5762 
f 5762 5761 5740 5742 
s 2
f 5741 5745 5743 5740 
f 5745 5748 5746 5743 
f 5748 5751 5749 5746 
f 5751 5754 5752 5749 
f 5754 5757 5755 5752 
f 5757 5760 5758 5755 
f 5760 5763 5761 5758 
f 5763 5741 5740 5761 
s 1
f 5769 5725 5723 5764 
f 5765 5710 5711 5768 
f 5778 5718 5719 5767 
f 5766 5715 5709 5779 
f 5776 5708 5715 5766 
f 5767 5719 5731 5777 
f 5771 5717 5725 5769 
f 5768 5711 5712 5770 
f 5773 5716 5717 5771 
f 5770 5712 5713 5772 
f 5775 5729 5716 5773 
f 5772 5713 5714 5774 
f 5777 5731 5729 5775 
f 5774 5714 5708 5776 
f 5764 5723 5718 5778 
f 5779 5709 5710 5765 
f 5786 5814 5816 5780 
f 5816 5819 5787 5780 
f 5819 5822 5781 5787 
f 5822 5825 5782 5781 
f 5825 5828 5783 5782 
f 5828 5831 5784 5783 
f 5831 5834 5785 5784 
f 5834 5814 5786 5785 
f 5840 5841 5836 5837 
f 5851 5850 5839 5838 
f 5849 5848 5838 5839 
f 5842 5843 5841 5840 
f 5844 5845 5843 5842 
f 5846 5847 5845 5844 
f 5848 5849 5847 5846 
f 5837 5836 5850 5851 
f 5802 5803 5791 5792 
f 5790 5793 5792 5791 
f 5790 5795 5794 5793 
f 5795 5797 5796 5794 
f 5797 5789 5798 5796 
f 5788 5799 5798 5789 
f 5801 5800 5799 5788 
f 5803 5802 5800 5801 
s 2
f 5813 5804 5805 5817 
f 5817 5805 5806 5820 
f 5820 5806 5807 5823 
f 5823 5807 5808 5826 
f 5826 5808 5809 5829 
f 5829 5809 5810 5832 
f 5832 5810 5811 5835 
f 5835 5811 5804 5813 
s 1
f 5814 5812 5815 5816 
f 5816 5815 5818 5819 
f 5819 5818 5821 5822 
f 5822 5821 5824 5825 
f 5825 5824 5827 5828 
f 5828 5827 5830 5831 
f 5831 5830 5833 5834 
f 5834 5833 5812 5814 
s 2
f 5813 5817 5815 5812 
f 5817 5820 5818 5815 
f 5820 5823 5821 5818 
f 5823 5826 5824 5821 
f 5826 5829 5827 5824 
f 5829 5832 5830 5827 
f 5832 5835 5833 5830 
f 5835 5813 5812 5833 
s 1
f 5841 5797 5795 5836 
f 5837 5782 5783 5840 
f 5850 5790 5791 5839 
f 5838 5787 5781 5851 
f 5848 5780 5787 5838 
f 5839 5791 5803 5849 
f 5843 5789 5797 5841 
f 5840 5783 5784 5842 
f 5845 5788 5789 5843 
f 5842 5784 5785 5844 
f 5847 5801 5788 5845 
f 5844 5785 5786 5846 
f 5849 5803 5801 5847 
f 5846 5786 5780 5848 
f 5836 5795 5790 5850 
f 5851 5781 5782 5837 
f 5858 5886 5888 5852 
f 5888 5891 5859 5852 
f 5891 5894 5853 5859 
f 5894 5897 5854 5853 
f 5897 5900 5855 5854 
f 5900 5903 5856 5855 
f 5903 5906 5857 5856 
f 5906 5886 5858 5857 
f 5912 5913 5908 5909 
f 5923 5922 5911 5910 
f 5921 5920 5910 5911 
f 5914 5915 5913 5912 
f 5916 5917 5915 5914 
f 5918 5919 5917 5916 
f 5920 5921 5919 5918 
f 5909 5908 5922 5923 
f 5874 5875 5863 5864 
f 5862 5865 5864 5863 
f 5862 5867 5866 5865 
f 5867 5869 5868 5866 
f 5869 5861 5870 5868 
f 5860 5871 5870 5861 
f 5873 5872 5871 5860 
f 5875 5874 5872 5873 
s 2
f 5885 5876 5877 5889 
f 5889 5877 5878 5892 
f 5892 5878 5879 5895 
f 5895 5879 5880 5898 
f 5898 5880 5881 5901 
f 5901 5881 5882 5904 
f 5904 5882 5883 5907 
f 5907 5883 5876 5885 
s 1
f 5886 5884 5887 5888 
f 5888 5887 5890 5891 
f 5891 5890 5893 5894 
f 5894 5893 5896 5897 
f 5897 5896 5899 5900 
f 5900 5899 5902 5903 
f 5903 5902 5905 5906 
f 5906 5905 5884 5886 
s 2
f 5885 5889 5887 5884 
f 5889 5892 5890 5887 
f 5892 5895 5893 5890 
f 5895 5898 5896 5893 
f 5898 5901 5899 5896 
f 5901 5904 5902 5899 
f 5904 5907 5905 5902 
f 5907 5885 5884 5905 
s 1
f 5913 5869 5867 5908 
f 5909 5854 5855 5912 
f 5922 5862 5863 5911 
f 5910 5859 5853 5923 
f 5920 5852 5859 5910 
f 5911 5863 5875 5921 
f 5915 5861 5869 5913 
f 5912 5855 5856 5914 
f 5917 5860 5861 5915 
f 5914 5856 5857 5916 
f 5919 5873 5860 5917 
f 5916 5857 5858 5918 
f 5921 5875 5873 5919 
f 5918 5858 5852 5920 
f 5908 5867 5862 5922 
f 5923 5853 5854 5909 
f 5930 5958 5960 5924 
f 5960 5963 5931 5924 
f 5963 5966 5925 5931 
f 5966 5969 5926 5925 
f 5969 5972 5927 5926 
f 5972 5975 5928 5927 
f 5975 5978 5929 5928 
f 5978 5958 5930 5929 
f 5984 5985 5980 5981 
f 5995 5994 5983 5982 
f 5993 5992 5982 5983 
f 5986 5987 5985 5984 
f 5988 5989 5987 5986 
f 5990 5991 5989 5988 
f 5992 5993 5991 5990 
f 5981 5980 5994 5995 
f 5946 5947 5935 5936 
f 5934 5937 5936 5935 
f 5934 5939 5938 5937 
f 5939 5941 5940 5938 
f 5941 5933 5942 5940 
f 5932 5943 5942 5933 
f 5945 5944 5943 5932 
f 5947 5946 5944 5945 
s 2
f 5957 5948 5949 5961 
f 5961 5949 5950 5964 
f 5964 5950 5951 5967 
f 5967 5951 5952 5970 
f 5970 5952 5953 5973 
f 5973 5953 5954 5976 
f 5976 5954 5955 5979 
f 5979 5955 5948 5957 
s 1
f 5958 5956 5959 5960 
f 5960 5959 5962 5963 
f 5963 5962 5965 5966 
f 5966 5965 5968 5969 
f 5969 5968 5971 5972 
f 5972 5971 5974 5975 
f 5975 5974 5977 5978 
f 5978 5977 5956 5958 
s 2
f 5957 5961 5959 5956 
f 5961 5964 5962 5959 
f 5964 5967 5965 5962 
f 5967 5970 5968 5965 
f 5970 5973 5971 5968 
f 5973 5976 5974 5971 
f 5976 5979 5977 5974 
f 5979 5957 5956 5977 
s 1
f 5985 5941 5939 5980 
f 5981 5926 5927 5984 
f 5994 5934 5935 5983 
f 5982 5931 5925 5995 
f 5992 5924 5931 5982 
f 5983 5935 5947 5993 
f 5987 5933 5941 5985 
f 5984 5927 5928 5986 
f 5989 5932 5933 5987 
f 5986 5928 5929 5988 
f 5991 5945 5932 5989 
f 5988 5929 5930 5990 
f 5993 5947 5945 5991 
f 5990 5930 5924 5992 
f 5980 5939 5934 5994 
f 5995 5925 5926 5981 
f 6002 6030 6032 5996 
f 6032 6035 6003 5996 
f 6035 6038 5997 6003 
f 6038 6041 5998 5997 
f 6041 6044 5999 5998 
f 6044 6047 6000 5999 
f 6047 6050 6001 6000 
f 6050 6030 6002 6001 
f 6056 6057 6052 6053 
f 6067 6066 6055 6054 
f 6065 6064 6054 6055 
f 6058 6059 6057 6056 
f 6060 6061 6059 6058 
f 6062 6063 6061 6060 
f 6064 6065 6063 6062 
f 6053 6052 6066 6067 
f 6018 6019 6007 6008 
f 6006 6009 6008 6007 
f 6006 6011 6010 6009 
f 6011 6013 6012 6010 
f 6013 6005 6014 6012 
f 6004 6015 6014 6005 
f 6017 6016 6015 6004 
f 6019 6018 6016 6017 
s 2
f 6029 6020 6021 6033 
f 6033 6021 6022 6036 
f 6036 6022 6023 6039 
f 6039 6023 6024 6042 
f 6042 6024 6025 6045 
f 6045 6025 6026 6048 
f 6048 6026 6027 6051 
f 6051 6027 6020 6029 
s 1
f 6030 6028 6031 6032 
f 6032 6031 6034 6035 
f 6035 6034 6037 6038 
f 6038 6037 6040 6041 
f 6041 6040 6043 6044 
f 6044 6043 6046 6047 
f 6047 6046 6049 6050 
f 6050 6049 6028 6030 
s 2
f 6029 6033 6031 6028 
f 6033 6036 6034 6031 
f 6036 6039 6037 6034 
f 6039 6042 6040 6037 
f 6042 6045 6043 6040 
f 6045 6048 6046 6043 
f 6048 6051 6049 6046 
f 6051 6029 6028 6049 
s 1
f 6057 6013 6011 6052 
f 6053 5998 5999 6056 
f 6066 6006 6007 6055 
f 6054 6003 5997 6067 
f 6064 5996 6003 6054 
f 6055 6007 6019 6065 
f 6059 6005 6013 6057 
f 6056 5999 6000 6058 
f 6061 6004 6005 6059 
f 6058 6000 6001 6060 
f 6063 6017 6004 6061 
f 6060 6001 6002 6062 
f 6065 6019 6017 6063 
f 6062 6002 5996 6064 
f 6052 6011 6006 6066 
f 6067 5997 5998 6053 
f 6074 6102 6104 6068 
f 6104 6107 6075 6068 
f 6107 6110 6069 6075 
f 6110 6113 6070 6069 
f 6113 6116 6071 6070 
f 6116 6119 6072 6071 
f 6119 6122 6073 6072 
f 6122 6102 6074 6073 
f 6128 6129 6124 6125 
f 6139 6138 6127 6126 
f 6137 6136 6126 6127 
f 6130 6131 6129 6128 
f 6132 6133 6131 6130 
f 6134 6135 6133 6132 
f 6136 6137 6135 6134 
f 6125 6124 6138 6139 
f 6090 6091 6079 6080 
f 6078 6081 6080 6079 
f 6078 6083 6082 6081 
f 6083 6085 6084 6082 
f 6085 6077 6086 6084 
f 6076 6087 6086 6077 
f 6089 6088 6087 6076 
f 6091 6090 6088 6089 
s 2
f 6101 6092 6093 6105 
f 6105 6093 6094 6108 
f 6108 6094 6095 6111 
f 6111 6095 6096 6114 
f 6114 6096 6097 6117 
f 6117 6097 6098 6120 
f 6120 6098 6099 6123 
f 6123 6099 6092 6101 
s 1
f 6102 6100 6103 6104 
f 6104 6103 6106 6107 
f 6107 6106 6109 6110 
f 6110 6109 6112 6113 
f 6113 6112 6115 6116 
f 6116 6115 6118 6119 
f 6119 6118 6121 6122 
f 6122 6121 6100 6102 
s 2
f 6101 6105 6103 6100 
f 6105 6108 6106 6103 
f 6108 6111 6109 6106 
f 6111 6114 6112 6109 
f 6114 6117 6115 6112 
f 6117 6120 6118 6115 
f 6120 6123 6121 6118 
f 6123 6101 6100 6121 
s 1
f 6129 6085 6083 6124 
f 6125 6070 6071 6128 
f 6138 6078 6079 6127 
f 6126 6075 6069 6139 
f 6136 6068 6075 6126 
f 6127 6079 6091 6137 
f 6131 6077 6085 6129 
f 6128 6071 6072 6130 
f 6133 6076 6077 6131 
f 6130 6072 6073 6132 
f 6135 6089 6076 6133 
f 6132 6073 6074 6134 
f 6137 6091 6089 6135 
f 6134 6074 6068 6136 
f 6124 6083 6078 6138 
f 6139 6069 6070 6125 
f 6146 6174 6176 6140 
f 6176 6179 6147 6140 
f 6179 6182 6141 6147 
f 6182 6185 6142 6141 
f 6185 6188 6143 6142 
f 6188 6191 6144 6143 
f 6191 6194 6145 6144 
f 6194 6174 6146 6145 
f 6200 6201 6196 6197 
f 6211 6210 6199 6198 
f 6209 6208 6198 6199 
f 6202 6203 6201 6200 
f 6204 6205 6203 6202 
f 6206 6207 6205 6204 
f 6208 6209 6207 6206 
f 6197 6196 6210 6211 
f 6162 6163 6151 6152 
f 6150 6153 6152 6151 
f 6150 6155 6154 6153 
f 6155 6157 6156 6154 
f 6157 6149 6158 6156 
f 6148 6159 6158 6149 
f 6161 6160 6159 6148 
f 6163 6162 6160 6161 
s 2
f 6173 6164 6165 6177 
f 6177 6165 6166 6180 
f 6180 6166 6167 6183 
f 6183 6167 6168 6186 
f 6186 6168 6169 6189 
f 6189 6169 6170 6192 
f 6192 6170 6171 6195 
f 6195 6171 6164 6173 
s 1
f 6174 6172 6175 6176 
f 6176 6175 6178 6179 
f 6179 6178 6181 6182 
f 6182 6181 6184 6185 
f 6185 6184 6187 6188 
f 6188 6187 6190 6191 
f 6191 6190 6193 6194 
f 6194 6193 6172 6174 
s 2
f 6173 6177 6175 6172 
f 6177 6180 6178 6175 
f 6180 6183 6181 6178 
f 6183 6186 6184 6181 
f 6186 6189 6187 6184 
f 6189 6192 6190 6187 
f 6192 6195 6193 6190 
f 6195 6173 6172 6193 
s 1
f 6201 6157 6155 6196 
f 6197 6142 6143 6200 
f 6210 6150 6151 6199 
f 6198 6147 6141 6211 
f 6208 6140 6147 6198 
f 6199 6151 6163 6209 
f 6203 6149 6157 6201 
f 6200 6143 6144 6202 
f 6205 6148 6149 6203 
f 6202 6144 6145 6204 
f 6207 6161 6148 6205 
f 6204 6145 6146 6206 
f 6209 6163 6161 6207 
f 6206 6146 6140 6208 
f 6196 6155 6150 6210 
f 6211 6141 6142 6197 
f 6218 6246 6248 6212 
f 6248 6251 6219 6212 
f 6251 6254 6213 6219 
f 6254 6257 6214 6213 
f 6257 6260 6215 6214 
f 6260 6263 6216 6215 
f 6263 6266 6217 6216 
f 6266 6246 6218 6217 
f 6272 6273 6268 6269 
f 6283 6282 6271 6270 
f 6281 6280 6270 6271 
f 6274 6275 6273 6272 
f 6276 6277 6275 6274 
f 6278 6279 6277 6276 
f 6280 6281 6279 6278 
f 6269 6268 6282 6283 
f 6234 6235 6223 6224 
f 6222 6225 6224 6223 
f 6222 6227 6226 6225 
f 6227 6229 6228 6226 
f 6229 6221 6230 6228 
f 6220 6231 6230 6221 
f 6233 6232 6231 6220 
f 6235 6234 6232 6233 
s 2
f 6245 6236 6237 6249 
f 6249 6237 6238 6252 
f 6252 6238 6239 6255 
f 6255 6239 6240 6258 
f 6258 6240 6241 6261 
f 6261 6241 6242 6264 
f 6264 6242 6243 6267 
f 6267 6243 6236 6245 
s 1
f 6246 6244 6247 6248 
f 6248 6247 6250 6251 
f 6251 6250 6253 6254 
f 6254 6253 6256 6257 
f 6257 6256 6259 6260 
f 6260 6259 6262 6263 
f 6263 6262 6265 6266 
f 6266 6265 6244 6246 
s 2
f 6245 6249 6247 6244 
f 6249 6252 6250 6247 
f 6252 6255 6253 6250 
f 6255 6258 6256 6253 
f 6258 6261 6259 6256 
f 6261 6264 6262 6259 
f 6264 6267 6265 6262 
f 6267 6245 6244 6265 
s 1
f 6273 6229 6227 6268 
f 6269 6214 6215 6272 
f 6282 6222 6223 6271 
f 6270 6219 6213 6283 
f 6280 6212 6219 6270 
f 6271 6223 6235 6281 
f 6275 6221 6229 6273 
f 6272 6215 6216 6274 
f 6277 6220 6221 6275 
f 6274 6216 6217 6276 
f 6279 6233 6220 6277 
f 6276 6217 6218 6278 
f 6281 6235 6233 6279 
f 6278 6218 6212 6280 
f 6268 6227 6222 6282 
f 6283 6213 6214 6269 
f 6290 6318 6320 6284 
f 6320 6323 6291 6284 
f 6323 6326 6285 6291 
f 6326 6329 6286 6285 
f 6329 6332 6287 6286 
f 6332 6335 6288 6287 
f 6335 6338 6289 6288 
f 6338 6318 6290 6289 
f 6344 6345 6340 6341 
f 6355 6354 6343 6342 
f 6353 6352 6342 6343 
f 6346 6347 6345 6344 
f 6348 6349 6347 6346 
f 6350 6351 6349 6348 
f 6352 6353 6351 6350 
f 6341 6340 6354 6355 
f 6306 6307 6295 6296 
f 6294 6297 6296 6295 
f 6294 6299 6298 6297 
f 6299 6301 6300 6298 
f 6301 6293 6302 6300 
f 6292 6303 6302 6293 
f 6305 6304 6303 6292 
f 6307 6306 6304 6305 
s 2
f 6317 6308 6309 6321 
f 6321 6309 6310 6324 
f 6324 6310 6311 6327 
f 6327 6311 6312 6330 
f 6330 6312 6313 6333 
f 6333 6313 6314 6336 
f 6336 6314 6315 6339 
f 6339 6315 6308 6317 
s 1
f 6318 6316 6319 6320 
f 6320 6319 6322 6323 
f 6323 6322 6325 6326 
f 6326 6325 6328 6329 
f 6329 6328 6331 6332 
f 6332 6331 6334 6335 
f 6335 6334 6337 6338 
f 6338 6337 6316 6318 
s 2
f 6317 6321 6319 6316 
f 6321 6324 6322 6319 
f 6324 6327 6325 6322 
f 6327 6330 6328 6325 
f 6330 6333 6331 6328 
f 6333 6336 6334 6331 
f 6336 6339 6337 6334 
f 6339 6317 6316 6337 
s 1
f 6345 6301 6299 6340 
f 6341 6286 6287 6344 
f 6354 6294 6295 6343 
f 6342 6291 6285 6355 
f 6352 6284 6291 6342 
f 6343 6295 6307 6353 
f 6347 6293 6301 6345 
f 6344 6287 6288 6346 
f 6349 6292 6293 6347 
f 6346 6288 6289 6348 
f 6351 6305 6292 6349 
f 6348 6289 6290 6350 
f 6353 6307 6305 6351 
f 6350 6290 6284 6352 
f 6340 6299 6294 6354 
f 6355 6285 6286 6341 
f 6362 6390 6392 6356 
f 6392 6395 6363 6356 
f 6395 6398 6357 6363 
f 6398 6401 6358 6357 
f 6401 6404 6359 6358 
f 6404 6407 6360 6359 
f 6407 6410 6361 6360 
f 6410 6390 6362 6361 
f 6416 6417 6412 6413 
f 6427 6426 6415 6414 
f 6425 6424 6414 6415 
f 6418 6419 6417 6416 
f 6420 6421 6419 6418 
f 6422 6423 6421 6420 
f 6424 6425 6423 6422 
f 6413 6412 6426 6427 
f 6378 6379 6367 6368 
f 6366 6369 6368 6367 
f 6366 6371 6370 6369 
f 6371 6373 6372 6370 
f 6373 6365 6374 6372 
f 6364 6375 6374 6365 
f 6377 6376 6375 6364 
f 6379 6378 6376 6377 
s 2
f 6389 6380 6381 6393 
f 6393 6381 6382 6396 
f 6396 6382 6383 6399 
f 6399 6383 6384 6402 
f 6402 6384 6385 6405 
f 6405 6385 6386 6408 
f 6408 6386 6387 6411 
f 6411 6387 6380 6389 
s 1
f 6390 6388 6391 6392 
f 6392 6391 6394 6395 
f 6395 6394 6397 6398 
f 6398 6397 6400 6401 
f 6401 6400 6403 6404 
f 6404 6403 6406 6407 
f 6407 6406 6409 6410 
f 6410 6409 6388 6390 
s 2
f 6389 6393 6391 6388 
f 6393 6396 6394 6391 
f 6396 6399 6397 6394 
f 6399 6402 6400 6397 
f 6402 6405 6403 6400 
f 6405 6408 6406 6403 
f 6408 6411 6409 6406 
f 6411 6389 6388 6409 
s 1
f 6417 6373 6371 6412 
f 6413 6358 6359 6416 
f 6426 6366 6367 6415 
f 6414 6363 6357 6427 
f 6424 6356 6363 6414 
f 6415 6367 6379 6425 
f 6419 6365 6373 6417 
f 6416 6359 6360 6418 
f 6421 6364 6365 6419 
f 6418 6360 6361 6420 
f 6423 6377 6364 6421 
f 6420 6361 6362 6422 
f 6425 6379 6377 6423 
f 6422 6362 6356 6424 
f 6412 6371 6366 6426 
f 6427 6357 6358 6413 
f 6434 6462 6464 6428 
f 6464 6467 6435 6428 
f 6467 6470 6429 6435 
f 6470 6473 6430 6429 
f 6473 6476 6431 6430 
f 6476 6479 6432 6431 
f 6479 6482 6433 6432 
f 6482 6462 6434 6433 
f 6488 6489 6484 6485 
f 6499 6498 6487 6486 
f 6497 6496 6486 6487 
f 6490 6491 6489 6488 
f 6492 6493 6491 6490 
f 6494 6495 6493 6492 
f 6496 6497 6495 6494 
f 6485 6484 6498 6499 
f 6450 6451 6439 6440 
f 6438 6441 6440 6439 
f 6438 6443 6442 6441 
f 6443 6445 6444 6442 
f 6445 6437 6446 6444 
f 6436 6447 6446 6437 
f 6449 6448 6447 6436 
f 6451 6450 6448 6449 
s 2
f 6461 6452 6453 6465 
f 6465 6453 6454 6468 
f 6468 6454 6455 6471 
f 6471 6455 6456 6474 
f 6474 6456 6457 6477 
f 6477 6457 6458 6480 
f 6480 6458 6459 6483 
f 6483 6459 6452 6461 
s 1
f 6462 6460 6463 6464 
f 6464 6463 6466 6467 
f 6467 6466 6469 6470 
f 6470 6469 6472 6473 
f 6473 6472 6475 6476 
f 6476 6475 6478 6479 
f 6479 6478 6481 6482 
f 6482 6481 6460 6462 
s 2
f 6461 6465 6463 6460 
f 6465 6468 6466 6463 
f 6468 6471 6469 6466 
f 6471 6474 6472 6469 
f 6474 6477 6475 6472 
f 6477 6480 6478 6475 
f 6480 6483 6481 6478 
f 6483 6461 6460 6481 
s 1
f 6489 6445 6443 6484 
f 6485 6430 6431 6488 
f 6498 6438 6439 6487 
f 6486 6435 6429 6499 
f 6496 6428 6435 6486 
f 6487 6439 6451 6497 
f 6491 6437 6445 6489 
f 6488 6431 6432 6490 
f 6493 6436 6437 6491 
f 6490 6432 6433 6492 
f 6495 6449 6436 6493 
f 6492 6433 6434 6494 
f 6497 6451 6449 6495 
f 6494 6434 6428 6496 
f 6484 6443 6438 6498 
f 6499 6429 6430 6485 
f 6506 6534 6536 6500 
f 6536 6539 6507 6500 
f 6539 6542 6501 6507 
f 6542 6545 6502 6501 
f 6545 6548 6503 6502 
f 6548 6551 6504 6503 
f 6551 6554 6505 6504 
f 6554 6534 6506 6505 
f 6560 6561 6556 6557 
f 6571 6570 6559 6558 
f 6569 6568 6558 6559 
f 6562 6563 6561 6560 
f 6564 6565 6563 6562 
f 6566 6567 6565 6564 
f 6568 6569 6567 6566 
f 6557 6556 6570 6571 
f 6522 6523 6511 6512 
f 6510 6513 6512 6511 
f 6510 6515 6514 6513 
f 6515 6517 6516 6514 
f 6517 6509 6518 6516 
f 6508 6519 6518 6509 
f 6521 6520 6519 6508 
f 6523 6522 6520 6521 
s 2
f 6533 6524 6525 6537 
f 6537 6525 6526 6540 
f 6540 6526 6527 6543 
f 6543 6527 6528 6546 
f 6546 6528 6529 6549 
f 6549 6529 6530 6552 
f 6552 6530 6531 6555 
f 6555 6531 6524 6533 
s 1
f 6534 6532 6535 6536 
f 6536 6535 6538 6539 
f 6539 6538 6541 6542 
f 6542 6541 6544 6545 
f 6545 6544 6547 6548 
f 6548 6547 6550 6551 
f 6551 6550 6553 6554 
f 6554 6553 6532 6534 
s 2
f 6533 6537 6535 6532 
f 6537 6540 6538 6535 
f 6540 6543 6541 6538 
f 6543 6546 6544 6541 
f 6546 6549 6547 6544 
f 6549 6552 6550 6547 
f 6552 6555 6553 6550 
f 6555 6533 6532 6553 
s 1
f 6561 6517 6515 6556 
f 6557 6502 6503 6560 
f 6570 6510 6511 6559 
f 6558 6507 6501 6571 
f 6568 6500 6507 6558 
f 6559 6511 6523 6569 
f 6563 6509 6517 6561 
f 6560 6503 6504 6562 
f 6565 6508 6509 6563 
f 6562 6504 6505 6564 
f 6567 6521 6508 6565 
f 6564 6505 6506 6566 
f 6569 6523 6521 6567 
f 6566 6506 6500 6568 
f 6556 6515 6510 6570 
f 6571 6501 6502 6557 
f 6578 6606 6608 6572 
f 6608 6611 6579 6572 
f 6611 6614 6573 6579 
f 6614 6617 6574 6573 
f 6617 6620 6575 6574 
f 6620 6623 6576 6575 
f 6623 6626 6577 6576 
f 6626 6606 6578 6577 
f 6632 6633 6628 6629 
f 6643 6642 6631 6630 
f 6641 6640 6630 6631 
f 6634 6635 6633 6632 
f 6636 6637 6635 6634 
f 6638 6639 6637 6636 
f 6640 6641 6639 6638 
f 6629 6628 6642 6643 
f 6594 6595 6583 6584 
f 6582 6585 6584 6583 
f 6582 6587 6586 6585 
f 6587 6589 6588 6586 
f 6589 6581 6590 6588 
f 6580 6591 6590 6581 
f 6593 6592 6591 6580 
f 6595 6594 6592 6593 
s 2
f 6605 6596 6597 6609 
f 6609 6597 6598 6612 
f 6612 6598 6599 6615 
f 6615 6599 6600 6618 
f 6618 6600 6601 6621 
f 6621 6601 6602 6624 
f 6624 6602 6603 6627 
f 6627 6603 6596 6605 
s 1
f 6606 6604 6607 6608 
f 6608 6607 6610 6611 
f 6611 6610 6613 6614 
f 6614 6613 6616 6617 
f 6617 6616 6619 6620 
f 6620 6619 6622 6623 
f 6623 6622 6625 6626 
f 6626 6625 6604 6606 
s 2
f 6605 6609 6607 6604 
f 6609 6612 6610 6607 
f 6612 6615 6613 6610 
f 6615 6618 6616 6613 
f 6618 6621 6619 6616 
f 6621 6624 6622 6619 
f 6624 6627 6625 6622 
f 6627 6605 6604 6625 
s 1
f 6633 6589 6587 6628 
f 6629 6574 6575 6632 
f 6642 6582 6583 6631 
f 6630 6579 6573 6643 
f 6640 6572 6579 6630 
f 6631 6583 6595 6641 
f 6635 6581 6589 6633 
f 6632 6575 6576 6634 
f 6637 6580 6581 6635 
f 6634 6576 6577 6636 
f 6639 6593 6580 6637 
f 6636 6577 6578 6638 
f 6641 6595 6593 6639 
f 6638 6578 6572 6640 
f 6628 6587 6582 6642 
f 6643 6573 6574 6629 
f 6650 6678 6680 6644 
f 6680 6683 6651 6644 
f 6683 6686 6645 6651 
f 6686 6689 6646 6645 
f 6689 6692 6647 6646 
f 6692 6695 6648 6647 
f 6695 6698 6649 6648 
f 6698 6678 6650 6649 
f 6704 6705 6700 6701 
f 6715 6714 6703 6702 
f 6713 6712 6702 6703 
f 6706 6707 6705 6704 
f 6708 6709 6707 6706 
f 6710 6711 6709 6708 
f 6712 6713 6711 6710 
f 6701 6700 6714 6715 
f 6666 6667 6655 6656 
f 6654 6657 6656 6655 
f 6654 6659 6658 6657 
f 6659 6661 6660 6658 
f 6661 6653 6662 6660 
f 6652 6663 6662 6653 
f 6665 6664 6663 6652 
f 6667 6666 6664 6665 
s 2
f 6677 6668 6669 6681 
f 6681 6669 6670 6684 
f 6684 6670 6671 6687 
f 6687 6671 6672 6690 
f 6690 6672 6673 6693 
f 6693 6673 6674 6696 
f 6696 6674 6675 6699 
f 6699 6675 6668 6677 
s 1
f 6678 6676 6679 6680 
f 6680 6679 6682 6683 
f 6683 6682 6685 6686 
f 6686 6685 6688 6689 
f 6689 6688 6691 6692 
f 6692 6691 6694 6695 
f 6695 6694 6697 6698 
f 6698 6697 6676 6678 
s 2
f 6677 6681 6679 6676 
f 6681 6684 6682 6679 
f 6684 6687 6685 6682 
f 6687 6690 6688 6685 
f 6690 6693 6691 6688 
f 6693 6696 6694 6691 
f 6696 6699 6697 6694 
f 6699 6677 6676 6697 
s 1
f 6705 6661 6659 6700 
f 6701 6646 6647 6704 
f 6714 6654 6655 6703 
f 6702 6651 6645 6715 
f 6712 6644 6651 6702 
f 6703 6655 6667 6713 
f 6707 6653 6661 6705 
f 6704 6647 6648 6706 
f 6709 6652 6653 6707 
f 6706 6648 6649 6708 
f 6711 6665 6652 6709 
f 6708 6649 6650 6710 
f 6713 6667 6665 6711 
f 6710 6650 6644 6712 
f 6700 6659 6654 6714 
f 6715 6645 6646 6701 
f 6722 6750 6752 6716 
f 6752 6755 6723 6716 
f 6755 6758 6717 6723 
f 6758 6761 6718 6717 
f 6761 6764 6719 6718 
f 6764 6767 6720 6719 
f 6767 6770 6721 6720 
f 6770 6750 6722 6721 
f 6776 6777 6772 6773 
f 6787 6786 6775 6774 
f 6785 6784 6774 6775 
f 6778 6779 6777 6776 
f 6780 6781 6779 6778 
f 6782 6783 6781 6780 
f 6784 6785 6783 6782 
f 6773 6772 6786 6787 
f 6738 6739 6727 6728 
f 6726 6729 6728 6727 
f 6726 6731 6730 6729 
f 6731 6733 6732 6730 
f 6733 6725 6734 6732 
f 6724 6735 6734 6725 
f 6737 6736 6735 6724 
f 6739 6738 6736 6737 
s 2
f 6749 6740 6741 6753 
f 6753 6741 6742 6756 
f 6756 6742 6743 6759 
f 6759 6743 6744 6762 
f 6762 6744 6745 6765 
f 6765 6745 6746 6768 
f 6768 6746 6747 6771 
f 6771 6747 6740 6749 
s 1
f 6750 6748 6751 6752 
f 6752 6751 6754 6755 
f 6755 6754 6757 6758 
f 6758 6757 6760 6761 
f 6761 6760 6763 6764 
f 6764 6763 6766 6767 
f 6767 6766 6769 6770 
f 6770 6769 6748 6750 
s 2
f 6749 6753 6751 6748 
f 6753 6756 6754 6751 
f 6756 6759 6757 6754 
f 6759 6762 6760 6757 
f 6762 6765 6763 6760 
f 6765 6768 6766 6763 
f 6768 6771 6769 6766 
f 6771 6749 6748 6769 
s 1
f 6777 6733 6731 6772 
f 6773 6718 6719 6776 
f 6786 6726 6727 6775 
f 6774 6723 6717 6787 
f 6784 6716 6723 6774 
f 6775 6727 6739 6785 
f 6779 6725 6733 6777 
f 6776 6719 6720 6778 
f 6781 6724 6725 6779 
f 6778 6720 6721 6780 
f 6783 6737 6724 6781 
f 6780 6721 6722 6782 
f 6785 6739 6737 6783 
f 6782 6722 6716 6784 
f 6772 6731 6726 6786 
f 6787 6717 6718 6773 
f 6794 6822 6824 6788 
f 6824 6827 6795 6788 
f 6827 6830 6789 6795 
f 6830 6833 6790 6789 
f 6833 6836 6791 6790 
f 6836 6839 6792 6791 
f 6839 6842 6793 6792 
f 6842 6822 6794 6793 
f 6848 6849 6844 6845 
f 6859 6858 6847 6846 
f 6857 6856 6846 6847 
f 6850 6851 6849 6848 
f 6852 6853 6851 6850 
f 6854 6855 6853 6852 
f 6856 6857 6855 6854 
f 6845 6844 6858 6859 
f 6810 6811 6799 6800 
f 6798 6801 6800 6799 
f 6798 6803 6802 6801 
f 6803 6805 6804 6802 
f 6805 6797 6806 6804 
f 6796 6807 6806 6797 
f 6809 6808 6807 6796 
f 6811 6810 6808 6809 
s 2
f 6821 6812 6813 6825 
f 6825 6813 6814 6828 
f 6828 6814 6815 6831 
f 6831 6815 6816 6834 
f 6834 6816 6817 6837 
f 6837 6817 6818 6840 
f 6840 6818 6819 6843 
f 6843 6819 6812 6821 
s 1
f 6822 6820 6823 6824 
f 6824 6823 6826 6827 
f 6827 6826 6829 6830 
f 6830 6829 6832 6833 
f 6833 6832 6835 6836 
f 6836 6835 6838 6839 
f 6839 6838 6841 6842 
f 6842 6841 6820 6822 
s 2
f 6821 6825 6823 6820 
f 6825 6828 6826 6823 
f 6828 6831 6829 6826 
f 6831 6834 6832 6829 
f 6834 6837 6835 6832 
f 6837 6840 6838 6835 
f 6840 6843 6841 6838 
f 6843 6821 6820 6841 
s 1
f 6849 6805 6803 6844 
f 6845 6790 6791 6848 
f 6858 6798 6799 6847 
f 6846 6795 6789 6859 
f 6856 6788 6795 6846 
f 6847 6799 6811 6857 
f 6851 6797 6805 6849 
f 6848 6791 6792 6850 
f 6853 6796 6797 6851 
f 6850 6792 6793 6852 
f 6855 6809 6796 6853 
f 6852 6793 6794 6854 
f 6857 6811 6809 6855 
f 6854 6794 6788 6856 
f 6844 6803 6798 6858 
f 6859 6789 6790 6845 
f 6866 6894 6896 6860 
f 6896 6899 6867 6860 
f 6899 6902 6861 6867 
f 6902 6905 6862 6861 
f 6905 6908 6863 6862 
f 6908 6911 6864 6863 
f 6911 6914 6865 6864 
f 6914 6894 6866 6865 
f 6920 6921 6916 6917 
f 6931 6930 6919 6918 
f 6929 6928 6918 6919 
f 6922 6923 6921 6920 
f 6924 6925 6923 6922 
f 6926 6927 6925 6924 
f 6928 6929 6927 6926 
f 6917 6916 6930 6931 
f 6882 6883 6871 6872 
f 6870 6873 6872 6871 
f 6870 6875 6874 6873 
f 6875 6877 6876 6874 
f 6877 6869 6878 6876 
f 6868 6879 6878 6869 
f 6881 6880 6879 6868 
f 6883 6882 6880 6881 
s 2
f 6893 6884 6885 6897 
f 6897 6885 6886 6900 
f 6900 6886 6887 6903 
f 6903 6887 6888 6906 
f 6906 6888 6889 6909 
f 6909 6889 6890 6912 
f 6912 6890 6891 6915 
f 6915 6891 6884 6893 
s 1
f 6894 6892 6895 6896 
f 6896 6895 6898 6899 
f 6899 6898 6901 6902 
f 6902 6901 6904 6905 
f 6905 6904 6907 6908 
f 6908 6907 6910 6911 
f 6911 6910 6913 6914 
f 6914 6913 6892 6894 
s 2
f 6893 6897 6895 6892 
f 6897 6900 6898 6895 
f 6900 6903 6901 6898 
f 6903 6906 6904 6901 
f 6906 6909 6907 6904 
f 6909 6912 6910 6907 
f 6912 6915 6913 6910 
f 6915 6893 6892 6913 
s 1
f 6921 6877 6875 6916 
f 6917 6862 6863 6920 
f 6930 6870 6871 6919 
f 6918 6867 6861 6931 
f 6928 6860 6867 6918 
f 6919 6871 6883 6929 
f 6923 6869 6877 6921 
f 6920 6863 6864 6922 
f 6925 6868 6869 6923 
f 6922 6864 6865 6924 
f 6927 6881 6868 6925 
f 6924 6865 6866 6926 
f 6929 6883 6881 6927 
f 6926 6866 6860 6928 
f 6916 6875 6870 6930 
f 6931 6861 6862 6917 
f 6938 6966 6968 6932 
f 6968 6971 6939 6932 
f 6971 6974 6933 6939 
f 6974 6977 6934 6933 
f 6977 6980 6935 6934 
f 6980 6983 6936 6935 
f 6983 6986 6937 6936 
f 6986 6966 6938 6937 
f 6992 6993 6988 6989 
f 7003 7002 6991 6990 
f 7001 7000 6990 6991 
f 6994 6995 6993 6992 
f 6996 6997 6995 6994 
f 6998 6999 6997 6996 
f 7000 7001 6999 6998 
f 6989 6988 7002 7003 
f 6954 6955 6943 6944 
f 6942 6945 6944 6943 
f 6942 6947 6946 6945 
f 6947 6949 6948 6946 
f 6949 6941 6950 6948 
f 6940 6951 6950 6941 
f 6953 6952 6951 6940 
f 6955 6954 6952 6953 
s 2
f 6965 6956 6957 6969 
f 6969 6957 6958 6972 
f 6972 6958 6959 6975 
f 6975 6959 6960 6978 
f 6978 6960 6961 6981 
f 6981 6961 6962 6984 
f 6984 6962 6963 6987 
f 6987 6963 6956 6965 
s 1
f 6966 6964 6967 6968 
f 6968 6967 6970 6971 
f 6971 6970 6973 6974 
f 6974 6973 6976 6977 
f 6977 6976 6979 6980 
f 6980 6979 6982 6983 
f 6983 6982 6985 6986 
f 6986 6985 6964 6966 
s 2
f 6965 6969 6967 6964 
f 6969 6972 6970 6967 
f 6972 6975 6973 6970 
f 6975 6978 6976 6973 
f 6978 6981 6979 6976 
f 6981 6984 6982 6979 
f 6984 6987 6985 6982 
f 6987 6965 6964 6985 
s 1
f 6993 6949 6947 6988 
f 6989 6934 6935 6992 
f 7002 6942 6943 6991 
f 6990 6939 6933 7003 
f 7000 6932 6939 6990 
f 6991 6943 6955 7001 
f 6995 6941 6949 6993 
f 6992 6935 6936 6994 
f 6997 6940 6941 6995 
f 6994 6936 6937 6996 
f 6999 6953 6940 6997 
f 6996 6937 6938 6998 
f 7001 6955 6953 6999 
f 6998 6938 6932 7000 
f 6988 6947 6942 7002 
f 7003 6933 6934 6989 
f 7010 7038 7040 7004 
f 7040 7043 7011 7004 
f 7043 7046 7005 7011 
f 7046 7049 7006 7005 
f 7049 7052 7007 7006 
f 7052 7055 7008 7007 
f 7055 7058 7009 7008 
f 7058 7038 7010 7009 
f 7064 7065 7060 7061 
f 7075 7074 7063 7062 
f 7073 7072 7062 7063 
f 7066 7067 7065 7064 
f 7068 7069 7067 7066 
f 7070 7071 7069 7068 
f 7072 7073 7071 7070 
f 7061 7060 7074 7075 
f 7026 7027 7015 7016 
f 7014 7017 7016 7015 
f 7014 7019 7018 7017 
f 7019 7021 7020 7018 
f 7021 7013 7022 7020 
f 7012 7023 7022 7013 
f 7025 7024 7023 7012 
f 7027 7026 7024 7025 
s 2
f 7037 7028 7029 7041 
f 7041 7029 7030 7044 
f 7044 7030 7031 7047 
f 7047 7031 7032 7050 
f 7050 7032 7033 7053 
f 7053 7033 7034 7056 
f 7056 7034 7035 7059 
f 7059 7035 7028 7037 
s 1
f 7038 7036 7039 7040 
f 7040 7039 7042 7043 
f 7043 7042 7045 7046 
f 7046 7045 7048 7049 
f 7049 7048 7051 7052 
f 7052 7051 7054 7055 
f 7055 7054 7057 7058 
f 7058 7057 7036 7038 
s 2
f 7037 7041 7039 7036 
f 7041 7044 7042 7039 
f 7044 7047 7045 7042 
f 7047 7050 7048 7045 
f 7050 7053 7051 7048 
f 7053 7056 7054 7051 
f 7056 7059 7057 7054 
f 7059 7037 7036 7057 
s 1
f 7065 7021 7019 7060 
f 7061 7006 7007 7064 
f 7074 7014 7015 7063 
f 7062 7011 7005 7075 
f 7072 7004 7011 7062 
f 7063 7015 7027 7073 
f 7067 7013 7021 7065 
f 7064 7007 7008 7066 
f 7069 7012 7013 7067 
f 7066 7008 7009 7068 
f 7071 7025 7012 7069 
f 7068 7009 7010 7070 
f 7073 7027 7025 7071 
f 7070 7010 7004 7072 
f 7060 7019 7014 7074 
f 7075 7005 7006 7061 
f 7082 7110 7112 7076 
f 7112 7115 7083 7076 
f 7115 7118 7077 7083 
f 7118 7121 7078 7077 
f 7121 7124 7079 7078 
f 7124 7127 7080 7079 
f 7127 7130 7081 7080 
f 7130 7110 7082 7081 
f 7136 7137 7132 7133 
f 7147 7146 7135 7134 
f 7145 7144 7134 7135 
f 7138 7139 7137 7136 
f 7140 7141 7139 7138 
f 7142 7143 7141 7140 
f 7144 7145 7143 7142 
f 7133 7132 7146 7147 
f 7098 7099 7087 7088 
f 7086 7089 7088 7087 
f 7086 7091 7090 7089 
f 7091 7093 7092 7090 
f 7093 7085 7094 7092 
f 7084 7095 7094 7085 
f 7097 7096 7095 7084 
f 7099 7098 7096 7097 
s 2
f 7109 7100 7101 7113 
f 7113 7101 7102 7116 
f 7116 7102 7103 7119 
f 7119 7103 7104 7122 
f 7122 7104 7105 7125 
f 7125 7105 7106 7128 
f 7128 7106 7107 7131 
f 7131 7107 7100 7109 
s 1
f 7110 7108 7111 7112 
f 7112 7111 7114 7115 
f 7115 7114 7117 7118 
f 7118 7117 7120 7121 
f 7121 7120 7123 7124 
f 7124 7123 7126 7127 
f 7127 7126 7129 7130 
f 7130 7129 7108 7110 
s 2
f 7109 7113 7111 7108 
f 7113 7116 7114 7111 
f 7116 7119 7117 7114 
f 7119 7122 7120 7117 
f 7122 7125 7123 7120 
f 7125 7128 7126 7123 
f 7128 7131 7129 7126 
f 7131 7109 7108 7129 
s 1
f 7137 7093 7091 7132 
f 7133 7078 7079 7136 
f 7146 7086 7087 7135 
f 7134 7083 7077 7147 
f 7144 7076 7083 7134 
f 7135 7087 7099 7145 
f 7139 7085 7093 7137 
f 7136 7079 7080 7138 
f 7141 7084 7085 7139 
f 7138 7080 7081 7140 
f 7143 7097 7084 7141 
f 7140 7081 7082 7142 
f 7145 7099 7097 7143 
f 7142 7082 7076 7144 
f 7132 7091 7086 7146 
f 7147 7077 7078 7133 
f 7154 7182 7184 7148 
f 7184 7187 7155 7148 
f 7187 7190 7149 7155 
f 7190 7193 7150 7149 
f 7193 7196 7151 7150 
f 7196 7199 7152 7151 
f 7199 7202 7153 7152 
f 7202 7182 7154 7153 
f 7208 7209 7204 7205 
f 7219 7218 7207 7206 
f 7217 7216 7206 7207 
f 7210 7211 7209 7208 
f 7212 7213 7211 7210 
f 7214 7215 7213 7212 
f 7216 7217 7215 7214 
f 7205 7204 7218 7219 
f 7170 7171 7159 7160 
f 7158 7161 7160 7159 
f 7158 7163 7162 7161 
f 7163 7165 7164 7162 
f 7165 7157 7166 7164 
f 7156 7167 7166 7157 
f 7169 7168 7167 7156 
f 7171 7170 7168 7169 
s 2
f 7181 7172 7173 7185 
f 7185 7173 7174 7188 
f 7188 7174 7175 7191 
f 7191 7175 7176 7194 
f 7194 7176 7177 7197 
f 7197 7177 7178 7200 
f 7200 7178 7179 7203 
f 7203 7179 7172 7181 
s 1
f 7182 7180 7183 7184 
f 7184 7183 7186 7187 
f 7187 7186 7189 7190 
f 7190 7189 7192 7193 
f 7193 7192 7195 7196 
f 7196 7195 7198 7199 
f 7199 7198 7201 7202 
f 7202 7201 7180 7182 
s 2
f 7181 7185 7183 7180 
f 7185 7188 7186 7183 
f 7188 7191 7189 7186 
f 7191 7194 7192 7189 
f 7194 7197 7195 7192 
f 7197 7200 7198 7195 
f 7200 7203 7201 7198 
f 7203 7181 7180 7201 
s 1
f 7209 7165 7163 7204 
f 7205 7150 7151 7208 
f 7218 7158 7159 7207 
f 7206 7155 7149 7219 
f 7216 7148 7155 7206 
f 7207 7159 7171 7217 
f 7211 7157 7165 7209 
f 7208 7151 7152 7210 
f 7213 7156 7157 7211 
f 7210 7152 7153 7212 
f 7215 7169 7156 7213 
f 7212 7153 7154 7214 
f 7217 7171 7169 7215 
f 7214 7154 7148 7216 
f 7204 7163 7158 7218 
f 7219 7149 7150 7205 
f 7226 7254 7256 7220 
f 7256 7259 7227 7220 
f 7259 7262 7221 7227 
f 7262 7265 7222 7221 
f 7265 7268 7223 7222 
f 7268 7271 7224 7223 
f 7271 7274 7225 7224 
f 7274 7254 7226 7225 
f 7280 7281 7276 7277 
f 7291 7290 7279 7278 
f 7289 7288 7278 7279 
f 7282 7283 7281 7280 
f 7284 7285 7283 7282 
f 7286 7287 7285 7284 
f 7288 7289 7287 7286 
f 7277 7276 7290 7291 
f 7242 7243 7231 7232 
f 7230 7233 7232 7231 
f 7230 7235 7234 7233 
f 7235 7237 7236 7234 
f 7237 7229 7238 7236 
f 7228 7239 7238 7229 
f 7241 7240 7239 7228 
f 7243 7242 7240 7241 
s 2
f 7253 7244 7245 7257 
f 7257 7245 7246 7260 
f 7260 7246 7247 7263 
f 7263 7247 7248 7266 
f 7266 7248 7249 7269 
f 7269 7249 7250 7272 
f 7272 7250 7251 7275 
f 7275 7251 7244 7253 
s 1
f 7254 7252 7255 7256 
f 7256 7255 7258 7259 
f 7259 7258 7261 7262 
f 7262 7261 7264 7265 
f 7265 7264 7267 7268 
f 7268 7267 7270 7271 
f 7271 7270 7273 7274 
f 7274 7273 7252 7254 
s 2
f 7253 7257 7255 7252 
f 7257 7260 7258 7255 
f 7260 7263 7261 7258 
f 7263 7266 7264 7261 
f 7266 7269 7267 7264 
f 7269 7272 7270 7267 
f 7272 7275 7273 7270 
f 7275 7253 7252 7273 
s 1
f 7281 7237 7235 7276 
f 7277 7222 7223 7280 
f 7290 7230 7231 7279 
f 7278 7227 7221 7291 
f 7288 7220 7227 7278 
f 7279 7231 7243 7289 
f 7283 7229 7237 7281 
f 7280 7223 7224 7282 
f 7285 7228 7229 7283 
f 7282 7224 7225 7284 
f 7287 7241 7228 7285 
f 7284 7225 7226 7286 
f 7289 7243 7241 7287 
f 7286 7226 7220 7288 
f 7276 7235 7230 7290 
f 7291 7221 7222 7277 
f 7298 7326 7328 7292 
f 7328 7331 7299 7292 
f 7331 7334 7293 7299 
f 7334 7337 7294 7293 
f 7337 7340 7295 7294 
f 7340 7343 7296 7295 
f 7343 7346 7297 7296 
f 7346 7326 7298 7297 
f 7352 7353 7348 7349 
f 7363 7362 7351 7350 
f 7361 7360 7350 7351 
f 7354 7355 7353 7352 
f 7356 7357 7355 7354 
f 7358 7359 7357 7356 
f 7360 7361 7359 7358 
f 7349 7348 7362 7363 
f 7314 7315 7303 7304 
f 7302 7305 7304 7303 
f 7302 7307 7306 7305 
f 7307 7309 7308 7306 
f 7309 7301 7310 7308 
f 7300 7311 7310 7301 
f 7313 7312 7311 7300 
f 7315 7314 7312 7313 
s 2
f 7325 7316 7317 7329 
f 7329 7317 7318 7332 
f 7332 7318 7319 7335 
f 7335 7319 7320 7338 
f 7338 7320 7321 7341 
f 7341 7321 7322 7344 
f 7344 7322 7323 7347 
f 7347 7323 7316 7325 
s 1
f 7326 7324 7327 7328 
f 7328 7327 7330 7331 
f 7331 7330 7333 7334 
f 7334 7333 7336 7337 
f 7337 7336 7339 7340 
f 7340 7339 7342 7343 
f 7343 7342 7345 7346 
f 7346 7345 7324 7326 
s 2
f 7325 7329 7327 7324 
f 7329 7332 7330 7327 
f 7332 7335 7333 7330 
f 7335 7338 7336 7333 
f 7338 7341 7339 7336 
f 7341 7344 7342 7339 
f 7344 7347 7345 7342 
f 7347 7325 7324 7345 
s 1
f 7353 7309 7307 7348 
f 7349 7294 7295 7352 
f 7362 7302 7303 7351 
f 7350 7299 7293 7363 
f 7360 7292 7299 7350 
f 7351 7303 7315 7361 
f 7355 7301 7309 7353 
f 7352 7295 7296 7354 
f 7357 7300 7301 7355 
f 7354 7296 7297 7356 
f 7359 7313 7300 7357 
f 7356 7297 7298 7358 
f 7361 7315 7313 7359 
f 7358 7298 7292 7360 
f 7348 7307 7302 7362 
f 7363 7293 7294 7349 
f 7370 7398 7400 7364 
f 7400 7403 7371 7364 
f 7403 7406 7365 7371 
f 7406 7409 7366 7365 
f 7409 7412 7367 7366 
f 7412 7415 7368 7367 
f 7415 7418 7369 7368 
f 7418 7398 7370 7369 
f 7424 7425 7420 7421 
f 7435 7434 7423 7422 
f 7433 7432 7422 7423 
f 7426 7427 7425 7424 
f 7428 7429 7427 7426 
f 7430 7431 7429 7428 
f 7432 7433 7431 7430 
f 7421 7420 7434 7435 
f 7386 7387 7375 7376 
f 7374 7377 7376 7375 
f 7374 7379 7378 7377 
f 7379 7381 7380 7378 
f 7381 7373 7382 7380 
f 7372 7383 7382 7373 
f 7385 7384 7383 7372 
f 7387 7386 7384 7385 
s 2
f 7397 7388 7389 7401 
f 7401 7389 7390 7404 
f 7404 7390 7391 7407 
f 7407 7391 7392 7410 
f 7410 7392 7393 7413 
f 7413 7393 7394 7416 
f 7416 7394 7395 7419 
f 7419 7395 7388 7397 
s 1
f 7398 7396 7399 7400 
f 7400 7399 7402 7403 
f 7403 7402 7405 7406 
f 7406 7405 7408 7409 
f 7409 7408 7411 7412 
f 7412 7411 7414 7415 
f 7415 7414 7417 7418 
f 7418 7417 7396 7398 
s 2
f 7397 7401 7399 7396 
f 7401 7404 7402 7399 
f 7404 7407 7405 7402 
f 7407 7410 7408 7405 
f 7410 7413 7411 7408 
f 7413 7416 7414 7411 
f 7416 7419 7417 7414 
f 7419 7397 7396 7417 
s 1
f 7425 7381 7379 7420 
f 7421 7366 7367 7424 
f 7434 7374 7375 7423 
f 7422 7371 7365 7435 
f 7432 7364 7371 7422 
f 7423 7375 7387 7433 
f 7427 7373 7381 7425 
f 7424 7367 7368 7426 
f 7429 7372 7373 7427 
f 7426 7368 7369 7428 
f 7431 7385 7372 7429 
f 7428 7369 7370 7430 
f 7433 7387 7385 7431 
f 7430 7370 7364 7432 
f 7420 7379 7374 7434 
f 7435 7365 7366 7421 
f 7442 7470 7472 7436 
f 7472 7475 7443 7436 
f 7475 7478 7437 7443 
f 7478 7481 7438 7437 
f 7481 7484 7439 7438 
f 7484 7487 7440 7439 
f 7487 7490 7441 7440 
f 7490 7470 7442 7441 
f 7496 7497 7492 7493 
f 7507 7506 7495 7494 
f 7505 7504 7494 7495 
f 7498 7499 7497 7496 
f 7500 7501 7499 7498 
f 7502 7503 7501 7500 
f 7504 7505 7503 7502 
f 7493 7492 7506 7507 
f 7458 7459 7447 7448 
f 7446 7449 7448 7447 
f 7446 7451 7450 7449 
f 7451 7453 7452 7450 
f 7453 7445 7454 7452 
f 7444 7455 7454 7445 
f 7457 7456 7455 7444 
f 7459 7458 7456 7457 
s 2
f 7469 7460 7461 7473 
f 7473 7461 7462 7476 
f 7476 7462 7463 7479 
f 7479 7463 7464 7482 
f 7482 7464 7465 7485 
f 7485 7465 7466 7488 
f 7488 7466 7467 7491 
f 7491 7467 7460 7469 
s 1
f 7470 7468 7471 7472 
f 7472 7471 7474 7475 
f 7475 7474 7477 7478 
f 7478 7477 7480 7481 
f 7481 7480 7483 7484 
f 7484 7483 7486 7487 
f 7487 7486 7489 7490 
f 7490 7489 7468 7470 
s 2
f 7469 7473 7471 7468 
f 7473 7476 7474 7471 
f 7476 7479 7477 7474 
f 7479 7482 7480 7477 
f 7482 7485 7483 7480 
f 7485 7488 7486 7483 
f 7488 7491 7489 7486 
f 7491 7469 7468 7489 
s 1
f 7497 7453 7451 7492 
f 7493 7438 7439 7496 
f 7506 7446 7447 7495 
f 7494 7443 7437 7507 
f 7504 7436 7443 7494 
f 7495 7447 7459 7505 
f 7499 7445 7453 7497 
f 7496 7439 7440 7498 
f 7501 7444 7445 7499 
f 7498 7440 7441 7500 
f 7503 7457 7444 7501 
f 7500 7441 7442 7502 
f 7505 7459 7457 7503 
f 7502 7442 7436 7504 
f 7492 7451 7446 7506 
f 7507 7437 7438 7493 
f 7514 7542 7544 7508 
f 7544 7547 7515 7508 
f 7547 7550 7509 7515 
f 7550 7553 7510 7509 
f 7553 7556 7511 7510 
f 7556 7559 7512 7511 
f 7559 7562 7513 7512 
f 7562 7542 7514 7513 
f 7568 7569 7564 7565 
f 7579 7578 7567 7566 
f 7577 7576 7566 7567 
f 7570 7571 7569 7568 
f 7572 7573 7571 7570 
f 7574 7575 7573 7572 
f 7576 7577 7575 7574 
f 7565 7564 7578 7579 
f 7530 7531 7519 7520 
f 7518 7521 7520 7519 
f 7518 7523 7522 7521 
f 7523 7525 7524 7522 
f 7525 7517 7526 7524 
f 7516 7527 7526 7517 
f 7529 7528 7527 7516 
f 7531 7530 7528 7529 
s 2
f 7541 7532 7533 7545 
f 7545 7533 7534 7548 
f 7548 7534 7535 7551 
f 7551 7535 7536 7554 
f 7554 7536 7537 7557 
f 7557 7537 7538 7560 
f 7560 7538 7539 7563 
f 7563 7539 7532 7541 
s 1
f 7542 7540 7543 7544 
f 7544 7543 7546 7547 
f 7547 7546 7549 7550 
f 7550 7549 7552 7553 
f 7553 7552 7555 7556 
f 7556 7555 7558 7559 
f 7559 7558 7561 7562 
f 7562 7561 7540 7542 
s 2
f 7541 7545 7543 7540 
f 7545 7548 7546 7543 
f 7548 7551 7549 7546 
f 7551 7554 7552 7549 
f 7554 7557 7555 7552 
f 7557 7560 7558 7555 
f 7560 7563 7561 7558 
f 7563 7541 7540 7561 
s 1
f 7569 7525 7523 7564 
f 7565 7510 7511 7568 
f 7578 7518 7519 7567 
f 7566 7515 7509 7579 
f 7576 7508 7515 7566 
f 7567 7519 7531 7577 
f 7571 7517 7525 7569 
f 7568 7511 7512 7570 
f 7573 7516 7517 7571 
f 7570 7512 7513 7572 
f 7575 7529 7516 7573 
f 7572 7513 7514 7574 
f 7577 7531 7529 7575 
f 7574 7514 7508 7576 
f 7564 7523 7518 7578 
f 7579 7509 7510 7565 
f 7586 7614 7616 7580 
f 7616 7619 7587 7580 
f 7619 7622 7581 7587 
f 7622 7625 7582 7581 
f 7625 7628 7583 7582 
f 7628 7631 7584 7583 
f 7631 7634 7585 7584 
f 7634 7614 7586 7585 
f 7640 7641 7636 7637 
f 7651 7650 7639 7638 
f 7649 7648 7638 7639 
f 7642 7643 7641 7640 
f 7644 7645 7643 7642 
f 7646 7647 7645 7644 
f 7648 7649 7647 7646 
f 7637 7636 7650 7651 
f 7602 7603 7591 7592 
f 7590 7593 7592 7591 
f 7590 7595 7594 7593 
f 7595 7597 7596 7594 
f 7597 7589 7598 7596 
f 7588 7599 7598 7589 
f 7601 7600 7599 7588 
f 7603 7602 7600 7601 
s 2
f 7613 7604 7605 7617 
f 7617 7605 7606 7620 
f 7620 7606 7607 7623 
f 7623 7607 7608 7626 
f 7626 7608 7609 7629 
f 7629 7609 7610 7632 
f 7632 7610 7611 7635 
f 7635 7611 7604 7613 
s 1
f 7614 7612 7615 7616 
f 7616 7615 7618 7619 
f 7619 7618 7621 7622 
f 7622 7621 7624 7625 
f 7625 7624 7627 7628 
f 7628 7627 7630 7631 
f 7631 7630 7633 7634 
f 7634 7633 7612 7614 
s 2
f 7613 7617 7615 7612 
f 7617 7620 7618 7615 
f 7620 7623 7621 7618 
f 7623 7626 7624 7621 
f 7626 7629 7627 7624 
f 7629 7632 7630 7627 
f 7632 7635 7633 7630 
f 7635 7613 7612 7633 
s 1
f 7641 7597 7595 7636 
f 7637 7582 7583 7640 
f 7650 7590 7591 7639 
f 7638 7587 7581 7651 
f 7648 7580 7587 7638 
f 7639 7591 7603 7649 
f 7643 7589 7597 7641 
f 7640 7583 7584 7642 
f 7645 7588 7589 7643 
f 7642 7584 7585 7644 
f 7647 7601 7588 7645 
f 7644 7585 7586 7646 
f 7649 7603 7601 7647 
f 7646 7586 7580 7648 
f 7636 7595 7590 7650 
f 7651 7581 7582 7637 
f 7658 7686 7688 7652 
f 7688 7691 7659 7652 
f 7691 7694 7653 7659 
f 7694 7697 7654 7653 
f 7697 7700 7655 7654 
f 7700 7703 7656 7655 
f 7703 7706 7657 7656 
f 7706 7686 7658 7657 
f 7712 7713 7708 7709 
f 7723 7722 7711 7710 
f 7721 7720 7710 7711 
f 7714 7715 7713 7712 
f 7716 7717 7715 7714 
f 7718 7719 7717 7716 
f 7720 7721 7719 7718 
f 7709 7708 7722 7723 
f 7674 7675 7663 7664 
f 7662 7665 7664 7663 
f 7662 7667 7666 7665 
f 7667 7669 7668 7666 
f 7669 7661 7670 7668 
f 7660 7671 7670 7661 
f 7673 7672 7671 7660 
f 7675 7674 7672 7673 
s 2
f 7685 7676 7677 7689 
f 7689 7677 7678 7692 
f 7692 7678 7679 7695 
f 7695 7679 7680 7698 
f 7698 7680 7681 7701 
f 7701 7681 7682 7704 
f 7704 7682 7683 7707 
f 7707 7683 7676 7685 
s 1
f 7686 7684 7687 7688 
f 7688 7687 7690 7691 
f 7691 7690 7693 7694 
f 7694 7693 7696 7697 
f 7697 7696 7699 7700 
f 7700 7699 7702 7703 
f 7703 7702 7705 7706 
f 7706 7705 7684 7686 
s 2
f 7685 7689 7687 7684 
f 7689 7692 7690 7687 
f 7692 7695 7693 7690 
f 7695 7698 7696 7693 
f 7698 7701 7699 7696 
f 7701 7704 7702 7699 
f 7704 7707 7705 7702 
f 7707 7685 7684 7705 
s 1
f 7713 7669 7667 7708 
f 7709 7654 7655 7712 
f 7722 7662 7663 7711 
f 7710 7659 7653 7723 
f 7720 7652 7659 7710 
f 7711 7663 7675 7721 
f 7715 7661 7669 7713 
f 7712 7655 7656 7714 
f 7717 7660 7661 7715 
f 7714 7656 7657 7716 
f 7719 7673 7660 7717 
f 7716 7657 7658 7718 
f 7721 7675 7673 7719 
f 7718 7658 7652 7720 
f 7708 7667 7662 7722 
f 7723 7653 7654 7709 
f 7730 7758 7760 7724 
f 7760 7763 7731 7724 
f 7763 7766 7725 7731 
f 7766 7769 7726 7725 
f 7769 7772 7727 7726 
f 7772 7775 7728 7727 
f 7775 7778 7729 7728 
f 7778 7758 7730 7729 
f 7784 7785 7780 7781 
f 7795 7794 7783 7782 
f 7793 7792 7782 7783 
f 7786 7787 7785 7784 
f 7788 7789 7787 7786 
f 7790 7791 7789 7788 
f 7792 7793 7791 7790 
f 7781 7780 7794 7795 
f 7746 7747 7735 7736 
f 7734 7737 7736 7735 
f 7734 7739 7738 7737 
f 7739 7741 7740 7738 
f 7741 7733 7742 7740 
f 7732 7743 7742 7733 
f 7745 7744 7743 7732 
f 7747 7746 7744 7745 
s 2
f 7757 7748 7749 7761 
f 7761 7749 7750 7764 
f 7764 7750 7751 7767 
f 7767 7751 7752 7770 
f 7770 7752 7753 7773 
f 7773 7753 7754 7776 
f 7776 7754 7755 7779 
f 7779 7755 7748 7757 
s 1
f 7758 7756 7759 7760 
f 7760 7759 7762 7763 
f 7763 7762 7765 7766 
f 7766 7765 7768 7769 
f 7769 7768 7771 7772 
f 7772 7771 7774 7775 
f 7775 7774 7777 7778 
f 7778 7777 7756 7758 
s 2
f 7757 7761 7759 7756 
f 7761 7764 7762 7759 
f 7764 7767 7765 7762 
f 7767 7770 7768 7765 
f 7770 7773 7771 7768 
f 7773 7776 7774 7771 
f 7776 7779 7777 7774 
f 7779 7757 7756 7777 
s 1
f 7785 7741 7739 7780 
f 7781 7726 7727 7784 
f 7794 7734 7735 7783 
f 7782 7731 7725 7795 
f 7792 7724 7731 7782 
f 7783 7735 7747 7793 
f 7787 7733 7741 7785 
f 7784 7727 7728 7786 
f 7789 7732 7733 7787 
f 7786 7728 7729 7788 
f 7791 7745 7732 7789 
f 7788 7729 7730 7790 
f 7793 7747 7745 7791 
f 7790 7730 7724 7792 
f 7780 7739 7734 7794 
f 7795 7725 7726 7781 
f 7802 7830 7832 7796 
f 7832 7835 7803 7796 
f 7835 7838 7797 7803 
f 7838 7841 7798 7797 
f 7841 7844 7799 7798 
f 7844 7847 7800 7799 
f 7847 7850 7801 7800 
f 7850 7830 7802 7801 
f 7856 7857 7852 7853 
f 7867 7866 7855 7854 
f 7865 7864 7854 7855 
f 7858 7859 7857 7856 
f 7860 7861 7859 7858 
f 7862 7863 7861 7860 
f 7864 7865 7863 7862 
f 7853 7852 7866 7867 
f 7818 7819 7807 7808 
f 7806 7809 7808 7807 
f 7806 7811 7810 7809 
f 7811 7813 7812 7810 
f 7813 7805 7814 7812 
f 7804 7815 7814 7805 
f 7817 7816 7815 7804 
f 7819 7818 7816 7817 
s 2
f 7829 7820 7821 7833 
f 7833 7821 7822 7836 
f 7836 7822 7823 7839 
f 7839 7823 7824 7842 
f 7842 7824 7825 7845 
f 7845 7825 7826 7848 
f 7848 7826 7827 7851 
f 7851 7827 7820 7829 
s 1
f 7830 7828 7831 7832 
f 7832 7831 7834 7835 
f 7835 7834 7837 7838 
f 7838 7837 7840 7841 
f 7841 7840 7843 7844 
f 7844 7843 7846 7847 
f 7847 7846 7849 7850 
f 7850 7849 7828 7830 
s 2
f 7829 7833 7831 7828 
f 7833 7836 7834 7831 
f 7836 7839 7837 7834 
f 7839 7842 7840 7837 
f 7842 7845 7843 7840 
f 7845 7848 7846 7843 
f 7848 7851 7849 7846 
f 7851 7829 7828 7849 
s 1
f 7857 7813 7811 7852 
f 7853 7798 7799 7856 
f 7866 7806 7807 7855 
f 7854 7803 7797 7867 
f 7864 7796 7803 7854 
f 7855 7807 7819 7865 
f 7859 7805 7813 7857 
f 7856 7799 7800 7858 
f 7861 7804 7805 7859 
f 7858 7800 7801 7860 
f 7863 7817 7804 7861 
f 7860 7801 7802 7862 
f 7865 7819 7817 7863 
f 7862 7802 7796 7864 
f 7852 7811 7806 7866 
f 7867 7797 7798 7853 
f 7874 7902 7904 7868 
f 7904 7907 7875 7868 
f 7907 7910 7869 7875 
f 7910 7913 7870 7869 
f 7913 7916 7871 7870 
f 7916 7919 7872 7871 
f 7919 7922 7873 7872 
f 7922 7902 7874 7873 
f 7928 7929 7924 7925 
f 7939 7938 7927 7926 
f 7937 7936 7926 7927 
f 7930 7931 7929 7928 
f 7932 7933 7931 7930 
f 7934 7935 7933 7932 
f 7936 7937 7935 7934 
f 7925 7924 7938 7939 
f 7890 7891 7879 7880 
f 7878 7881 7880 7879 
f 7878 7883 7882 7881 
f 7883 7885 7884 7882 
f 7885 7877 7886 7884 
f 7876 7887 7886 7877 
f 7889 7888 7887 7876 
f 7891 7890 7888 7889 
s 2
f 7901 7892 7893 7905 
f 7905 7893 7894 7908 
f 7908 7894 7895 7911 
f 7911 7895 7896 7914 
f 7914 7896 7897 7917 
f 7917 7897 7898 7920 
f 7920 7898 7899 7923 
f 7923 7899 7892 7901 
s 1
f 7902 7900 7903 7904 
f 7904 7903 7906 7907 
f 7907 7906 7909 7910 
f 7910 7909 7912 7913 
f 7913 7912 7915 7916 
f 7916 7915 7918 7919 
f 7919 7918 7921 7922 
f 7922 7921 7900 7902 
s 2
f 7901 7905 7903 7900 
f 7905 7908 7906 7903 
f 7908 7911 7909 7906 
f 7911 7914 7912 7909 
f 7914 7917 7915 7912 
f 7917 7920 7918 7915 
f 7920 7923 7921 7918 
f 7923 7901 7900 7921 
s 1
f 7929 7885 7883 7924 
f 7925 7870 7871 7928 
f 7938 7878 7879 7927 
f 7926 7875 7869 7939 
f 7936 7868 7875 7926 
f 7927 7879 7891 7937 
f 7931 7877 7885 7929 
f 7928 7871 7872 7930 
f 7933 7876 7877 7931 
f 7930 7872 7873 7932 
f 7935 7889 7876 7933 
f 7932 7873 7874 7934 
f 7937 7891 7889 7935 
f 7934 7874 7868 7936 
f 7924 7883 7878 7938 
f 7939 7869 7870 7925 
f 7946 7974 7976 7940 
f 7976 7979 7947 7940 
f 7979 7982 7941 7947 
f 7982 7985 7942 7941 
f 7985 7988 7943 7942 
f 7988 7991 7944 7943 
f 7991 7994 7945 7944 
f 7994 7974 7946 7945 
f 8000 8001 7996 7997 
f 8011 8010 7999 7998 
f 8009 8008 7998 7999 
f 8002 8003 8001 8000 
f 8004 8005 8003 8002 
f 8006 8007 8005 8004 
f 8008 8009 8007 8006 
f 7997 7996 8010 8011 
f 7962 7963 7951 7952 
f 7950 7953 7952 7951 
f 7950 7955 7954 7953 
f 7955 7957 7956 7954 
f 7957 7949 7958 7956 
f 7948 7959 7958 7949 
f 7961 7960 7959 7948 
f 7963 7962 7960 7961 
s 2
f 7973 7964 7965 7977 
f 7977 7965 7966 7980 
f 7980 7966 7967 7983 
f 7983 7967 7968 7986 
f 7986 7968 7969 7989 
f 7989 7969 7970 7992 
f 7992 7970 7971 7995 
f 7995 7971 7964 7973 
s 1
f 7974 7972 7975 7976 
f 7976 7975 7978 7979 
f 7979 7978 7981 7982 
f 7982 7981 7984 7985 
f 7985 7984 7987 7988 
f 7988 7987 7990 7991 
f 7991 7990 7993 7994 
f 7994 7993 7972 7974 
s 2
f 7973 7977 7975 7972 
f 7977 7980 7978 7975 
f 7980 7983 7981 7978 
f 7983 7986 7984 7981 
f 7986 7989 7987 7984 
f 7989 7992 7990 7987 
f 7992 7995 7993 7990 
f 7995 7973 7972 7993 
s 1
f 8001 7957 7955 7996 
f 7997 7942 7943 8000 
f 8010 7950 7951 7999 
f 7998 7947 7941 8011 
f 8008 7940 7947 7998 
f 7999 7951 7963 8009 
f 8003 7949 7957 8001 
f 8000 7943 7944 8002 
f 8005 7948 7949 8003 
f 8002 7944 7945 8004 
f 8007 7961 7948 8005 
f 8004 7945 7946 8006 
f 8009 7963 7961 8007 
f 8006 7946 7940 8008 
f 7996 7955 7950 8010 
f 8011 7941 7942 7997 
f 8018 8046 8048 8012 
f 8048 8051 8019 8012 
f 8051 8054 8013 8019 
f 8054 8057 8014 8013 
f 8057 8060 8015 8014 
f 8060 8063 8016 8015 
f 8063 8066 8017 8016 
f 8066 8046 8018 8017 
f 8072 8073 8068 8069 
f 8083 8082 8071 8070 
f 8081 8080 8070 8071 
f 8074 8075 8073 8072 
f 8076 8077 8075 8074 
f 8078 8079 8077 8076 
f 8080 8081 8079 8078 
f 8069 8068 8082 8083 
f 8034 8035 8023 8024 
f 8022 8025 8024 8023 
f 8022 8027 8026 8025 
f 8027 8029 8028 8026 
f 8029 8021 8030 8028 
f 8020 8031 8030 8021 
f 8033 8032 8031 8020 
f 8035 8034 8032 8033 
s 2
f 8045 8036 8037 8049 
f 8049 8037 8038 8052 
f 8052 8038 8039 8055 
f 8055 8039 8040 8058 
f 8058 8040 8041 8061 
f 8061 8041 8042 8064 
f 8064 8042 8043 8067 
f 8067 8043 8036 8045 
s 1
f 8046 8044 8047 8048 
f 8048 8047 8050 8051 
f 8051 8050 8053 8054 
f 8054 8053 8056 8057 
f 8057 8056 8059 8060 
f 8060 8059 8062 8063 
f 8063 8062 8065 8066 
f 8066 8065 8044 8046 
s 2
f 8045 8049 8047 8044 
f 8049 8052 8050 8047 
f 8052 8055 8053 8050 
f 8055 8058 8056 8053 
f 8058 8061 8059 8056 
f 8061 8064 8062 8059 
f 8064 8067 8065 8062 
f 8067 8045 8044 8065 
s 1
f 8073 8029 8027 8068 
f 8069 8014 8015 8072 
f 8082 8022 8023 8071 
f 8070 8019 8013 8083 
f 8080 8012 8019 8070 
f 8071 8023 8035 8081 
f 8075 8021 8029 8073 
f 8072 8015 8016 8074 
f 8077 8020 8021 8075 
f 8074 8016 8017 8076 
f 8079 8033 8020 8077 
f 8076 8017 8018 8078 
f 8081 8035 8033 8079 
f 8078 8018 8012 8080 
f 8068 8027 8022 8082 
f 8083 8013 8014 8069 
f 8090 8118 8120 8084 
f 8120 8123 8091 8084 
f 8123 8126 8085 8091 
f 8126 8129 8086 8085 
f 8129 8132 8087 8086 
f 8132 8135 8088 8087 
f 8135 8138 8089 8088 
f 8138 8118 8090 8089 
f 8144 8145 8140 8141 
f 8155 8154 8143 8142 
f 8153 8152 8142 8143 
f 8146 8147 8145 8144 
f 8148 8149 8147 8146 
f 8150 8151 8149 8148 
f 8152 8153 8151 8150 
f 8141 8140 8154 8155 
f 8106 8107 8095 8096 
f 8094 8097 8096 8095 
f 8094 8099 8098 8097 
f 8099 8101 8100 8098 
f 8101 8093 8102 8100 
f 8092 8103 8102 8093 
f 8105 8104 8103 8092 
f 8107 8106 8104 8105 
s 2
f 8117 8108 8109 8121 
f 8121 8109 8110 8124 
f 8124 8110 8111 8127 
f 8127 8111 8112 8130 
f 8130 8112 8113 8133 
f 8133 8113 8114 8136 
f 8136 8114 8115 8139 
f 8139 8115 8108 8117 
s 1
f 8118 8116 8119 8120 
f 8120 8119 8122 8123 
f 8123 8122 8125 8126 
f 8126 8125 8128 8129 
f 8129 8128 8131 8132 
f 8132 8131 8134 8135 
f 8135 8134 8137 8138 
f 8138 8137 8116 8118 
s 2
f 8117 8121 8119 8116 
f 8121 8124 8122 8119 
f 8124 8127 8125 8122 
f 8127 8130 8128 8125 
f 8130 8133 8131 8128 
f 8133 8136 8134 8131 
f 8136 8139 8137 8134 
f 8139 8117 8116 8137 
s 1
f 8145 8101 8099 8140 
f 8141 8086 8087 8144 
f 8154 8094 8095 8143 
f 8142 8091 8085 8155 
f 8152 8084 8091 8142 
f 8143 8095 8107 8153 
f 8147 8093 8101 8145 
f 8144 8087 8088 8146 
f 8149 8092 8093 8147 
f 8146 8088 8089 8148 
f 8151 8105 8092 8149 
f 8148 8089 8090 8150 
f 8153 8107 8105 8151 
f 8150 8090 8084 8152 
f 8140 8099 8094 8154 
f 8155 8085 8086 8141 
f 8162 8190 8192 8156 
f 8192 8195 8163 8156 
f 8195 8198 8157 8163 
f 8198 8201 8158 8157 
f 8201 8204 8159 8158 
f 8204 8207 8160 8159 
f 8207 8210 8161 8160 
f 8210 8190 8162 8161 
f 8216 8217 8212 8213 
f 8227 8226 8215 8214 
f 8225 8224 8214 8215 
f 8218 8219 8217 8216 
f 8220 8221 8219 8218 
f 8222 8223 8221 8220 
f 8224 8225 8223 8222 
f 8213 8212 8226 8227 
f 8178 8179 8167 8168 
f 8166 8169 8168 8167 
f 8166 8171 8170 8169 
f 8171 8173 8172 8170 
f 8173 8165 8174 8172 
f 8164 8175 8174 8165 
f 8177 8176 8175 8164 
f 8179 8178 8176 8177 
s 2
f 8189 8180 8181 8193 
f 8193 8181 8182 8196 
f 8196 8182 8183 8199 
f 8199 8183 8184 8202 
f 8202 8184 8185 8205 
f 8205 8185 8186 8208 
f 8208 8186 8187 8211 
f 8211 8187 8180 8189 
s 1
f 8190 8188 8191 8192 
f 8192 8191 8194 8195 
f 8195 8194 8197 8198 
f 8198 8197 8200 8201 
f 8201 8200 8203 8204 
f 8204 8203 8206 8207 
f 8207 8206 8209 8210 
f 8210 8209 8188 8190 
s 2
f 8189 8193 8191 8188 
f 8193 8196 8194 8191 
f 8196 8199 8197 8194 
f 8199 8202 8200 8197 
f 8202 8205 8203 8200 
f 8205 8208 8206 8203 
f 8208 8211 8209 8206 
f 8211 8189 8188 8209 
s 1
f 8217 8173 8171 8212 
f 8213 8158 8159 8216 
f 8226 8166 8167 8215 
f 8214 8163 8157 8227 
f 8224 8156 8163 8214 
f 8215 8167 8179 8225 
f 8219 8165 8173 8217 
f 8216 8159 8160 8218 
f 8221 8164 8165 8219 
f 8218 8160 8161 8220 
f 8223 8177 8164 8221 
f 8220 8161 8162 8222 
f 8225 8179 8177 8223 
f 8222 8162 8156 8224 
f 8212 8171 8166 8226 
f 8227 8157 8158 8213 
f 8234 8262 8264 8228 
f 8264 8267 8235 8228 
f 8267 8270 8229 8235 
f 8270 8273 8230 8229 
f 8273 8276 8231 8230 
f 8276 8279 8232 8231 
f 8279 8282 8233 8232 
f 8282 8262 8234 8233 
f 8288 8289 8284 8285 
f 8299 8298 8287 8286 
f 8297 8296 8286 8287 
f 8290 8291 8289 8288 
f 8292 8293 8291 8290 
f 8294 8295 8293 8292 
f 8296 8297 8295 8294 
f 8285 8284 8298 8299 
f 8250 8251 8239 8240 
f 8238 8241 8240 8239 
f 8238 8243 8242 8241 
f 8243 8245 8244 8242 
f 8245 8237 8246 8244 
f 8236 8247 8246 8237 
f 8249 8248 8247 8236 
f 8251 8250 8248 8249 
s 2
f 8261 8252 8253 8265 
f 8265 8253 8254 8268 
f 8268 8254 8255 8271 
f 8271 8255 8256 8274 
f 8274 8256 8257 8277 
f 8277 8257 8258 8280 
f 8280 8258 8259 8283 
f 8283 8259 8252 8261 
s 1
f 8262 8260 8263 8264 
f 8264 8263 8266 8267 
f 8267 8266 8269 8270 
f 8270 8269 8272 8273 
f 8273 8272 8275 8276 
f 8276 8275 8278 8279 
f 8279 8278 8281 8282 
f 8282 8281 8260 8262 
s 2
f 8261 8265 8263 8260 
f 8265 8268 8266 8263 
f 8268 8271 8269 8266 
f 8271 8274 8272 8269 
f 8274 8277 8275 8272 
f 8277 8280 8278 8275 
f 8280 8283 8281 8278 
f 8283 8261 8260 8281 
s 1
f 8289 8245 8243 8284 
f 8285 8230 8231 8288 
f 8298 8238 8239 8287 
f 8286 8235 8229 8299 
f 8296 8228 8235 8286 
f 8287 8239 8251 8297 
f 8291 8237 8245 8289 
f 8288 8231 8232 8290 
f 8293 8236 8237 8291 
f 8290 8232 8233 8292 
f 8295 8249 8236 8293 
f 8292 8233 8234 8294 
f 8297 8251 8249 8295 
f 8294 8234 8228 8296 
f 8284 8243 8238 8298 
f 8299 8229 8230 8285 
f 8306 8334 8336 8300 
f 8336 8339 8307 8300 
f 8339 8342 8301 8307 
f 8342 8345 8302 8301 
f 8345 8348 8303 8302 
f 8348 8351 8304 8303 
f 8351 8354 8305 8304 
f 8354 8334 8306 8305 
f 8360 8361 8356 8357 
f 8371 8370 8359 8358 
f 8369 8368 8358 8359 
f 8362 8363 8361 8360 
f 8364 8365 8363 8362 
f 8366 8367 8365 8364 
f 8368 8369 8367 8366 
f 8357 8356 8370 8371 
f 8322 8323 8311 8312 
f 8310 8313 8312 8311 
f 8310 8315 8314 8313 
f 8315 8317 8316 8314 
f 8317 8309 8318 8316 
f 8308 8319 8318 8309 
f 8321 8320 8319 8308 
f 8323 8322 8320 8321 
s 2
f 8333 8324 8325 8337 
f 8337 8325 8326 8340 
f 8340 8326 8327 8343 
f 8343 8327 8328 8346 
f 8346 8328 8329 8349 
f 8349 8329 8330 8352 
f 8352 8330 8331 8355 
f 8355 8331 8324 8333 
s 1
f 8334 8332 8335 8336 
f 8336 8335 8338 8339 
f 8339 8338 8341 8342 
f 8342 8341 8344 8345 
f 8345 8344 8347 8348 
f 8348 8347 8350 8351 
f 8351 8350 8353 8354 
f 8354 8353 8332 8334 
s 2
f 8333 8337 8335 8332 
f 8337 8340 8338 8335 
f 8340 8343 8341 8338 
f 8343 8346 8344 8341 
f 8346 8349 8347 8344 
f 8349 8352 8350 8347 
f 8352 8355 8353 8350 
f 8355 8333 8332 8353 
s 1
f 8361 8317 8315 8356 
f 8357 8302 8303 8360 
f 8370 8310 8311 8359 
f 8358 8307 8301 8371 
f 8368 8300 8307 8358 
f 8359 8311 8323 8369 
f 8363 8309 8317 8361 
f 8360 8303 8304 8362 
f 8365 8308 8309 8363 
f 8362 8304 8305 8364 
f 8367 8321 8308 8365 
f 8364 8305 8306 8366 
f 8369 8323 8321 8367 
f 8366 8306 8300 8368 
f 8356 8315 8310 8370 
f 8371 8301 8302 8357 
f 8378 8406 8408 8372 
f 8408 8411 8379 8372 
f 8411 8414 8373 8379 
f 8414 8417 8374 8373 
f 8417 8420 8375 8374 
f 8420 8423 8376 8375 
f 8423 8426 8377 8376 
f 8426 8406 8378 8377 
f 8432 8433 8428 8429 
f 8443 8442 8431 8430 
f 8441 8440 8430 8431 
f 8434 8435 8433 8432 
f 8436 8437 8435 8434 
f 8438 8439 8437 8436 
f 8440 8441 8439 8438 
f 8429 8428 8442 8443 
f 8394 8395 8383 8384 
f 8382 8385 8384 8383 
f 8382 8387 8386 8385 
f 8387 8389 8388 8386 
f 8389 8381 8390 8388 
f 8380 8391 8390 8381 
f 8393 8392 8391 8380 
f 8395 8394 8392 8393 
s 2
f 8405 8396 8397 8409 
f 8409 8397 8398 8412 
f 8412 8398 8399 8415 
f 8415 8399 8400 8418 
f 8418 8400 8401 8421 
f 8421 8401 8402 8424 
f 8424 8402 8403 8427 
f 8427 8403 8396 8405 
s 1
f 8406 8404 8407 8408 
f 8408 8407 8410 8411 
f 8411 8410 8413 8414 
f 8414 8413 8416 8417 
f 8417 8416 8419 8420 
f 8420 8419 8422 8423 
f 8423 8422 8425 8426 
f 8426 8425 8404 8406 
s 2
f 8405 8409 8407 8404 
f 8409 8412 8410 8407 
f 8412 8415 8413 8410 
f 8415 8418 8416 8413 
f 8418 8421 8419 8416 
f 8421 8424 8422 8419 
f 8424 8427 8425 8422 
f 8427 8405 8404 8425 
s 1
f 8433 8389 8387 8428 
f 8429 8374 8375 8432 
f 8442 8382 8383 8431 
f 8430 8379 8373 8443 
f 8440 8372 8379 8430 
f 8431 8383 8395 8441 
f 8435 8381 8389 8433 
f 8432 8375 8376 8434 
f 8437 8380 8381 8435 
f 8434 8376 8377 8436 
f 8439 8393 8380 8437 
f 8436 8377 8378 8438 
f 8441 8395 8393 8439 
f 8438 8378 8372 8440 
f 8428 8387 8382 8442 
f 8443 8373 8374 8429 
f 8450 8478 8480 8444 
f 8480 8483 8451 8444 
f 8483 8486 8445 8451 
f 8486 8489 8446 8445 
f 8489 8492 8447 8446 
f 8492 8495 8448 8447 
f 8495 8498 8449 8448 
f 8498 8478 8450 8449 
f 8504 8505 8500 8501 
f 8515 8514 8503 8502 
f 8513 8512 8502 8503 
f 8506 8507 8505 8504 
f 8508 8509 8507 8506 
f 8510 8511 8509 8508 
f 8512 8513 8511 8510 
f 8501 8500 8514 8515 
f 8466 8467 8455 8456 
f 8454 8457 8456 8455 
f 8454 8459 8458 8457 
f 8459 8461 8460 8458 
f 8461 8453 8462 8460 
f 8452 8463 8462 8453 
f 8465 8464 8463 8452 
f 8467 8466 8464 8465 
s 2
f 8477 8468 8469 8481 
f 8481 8469 8470 8484 
f 8484 8470 8471 8487 
f 8487 8471 8472 8490 
f 8490 8472 8473 8493 
f 8493 8473 8474 8496 
f 8496 8474 8475 8499 
f 8499 8475 8468 8477 
s 1
f 8478 8476 8479 8480 
f 8480 8479 8482 8483 
f 8483 8482 8485 8486 
f 8486 8485 8488 8489 
f 8489 8488 8491 8492 
f 8492 8491 8494 8495 
f 8495 8494 8497 8498 
f 8498 8497 8476 8478 
s 2
f 8477 8481 8479 8476 
f 8481 8484 8482 8479 
f 8484 8487 8485 8482 
f 8487 8490 8488 8485 
f 8490 8493 8491 8488 
f 8493 8496 8494 8491 
f 8496 8499 8497 8494 
f 8499 8477 8476 8497 
s 1
f 8505 8461 8459 8500 
f 8501 8446 8447 8504 
f 8514 8454 8455 8503 
f 8502 8451 8445 8515 
f 8512 8444 8451 8502 
f 8503 8455 8467 8513 
f 8507 8453 8461 8505 
f 8504 8447 8448 8506 
f 8509 8452 8453 8507 
f 8506 8448 8449 8508 
f 8511 8465 8452 8509 
f 8508 8449 8450 8510 
f 8513 8467 8465 8511 
f 8510 8450 8444 8512 
f 8500 8459 8454 8514 
f 8515 8445 8446 8501 
f 8522 8550 8552 8516 
f 8552 8555 8523 8516 
f 8555 8558 8517 8523 
f 8558 8561 8518 8517 
f 8561 8564 8519 8518 
f 8564 8567 8520 8519 
f 8567 8570 8521 8520 
f 8570 8550 8522 8521 
f 8576 8577 8572 8573 
f 8587 8586 8575 8574 
f 8585 8584 8574 8575 
f 8578 8579 8577 8576 
f 8580 8581 8579 8578 
f 8582 8583 8581 8580 
f 8584 8585 8583 8582 
f 8573 8572 8586 8587 
f 8538 8539 8527 8528 
f 8526 8529 8528 8527 
f 8526 8531 8530 8529 
f 8531 8533 8532 8530 
f 8533 8525 8534 8532 
f 8524 8535 8534 8525 
f 8537 8536 8535 8524 
f 8539 8538 8536 8537 
s 2
f 8549 8540 8541 8553 
f 8553 8541 8542 8556 
f 8556 8542 8543 8559 
f 8559 8543 8544 8562 
f 8562 8544 8545 8565 
f 8565 8545 8546 8568 
f 8568 8546 8547 8571 
f 8571 8547 8540 8549 
s 1
f 8550 8548 8551 8552 
f 8552 8551 8554 8555 
f 8555 8554 8557 8558 
f 8558 8557 8560 8561 
f 8561 8560 8563 8564 
f 8564 8563 8566 8567 
f 8567 8566 8569 8570 
f 8570 8569 8548 8550 
s 2
f 8549 8553 8551 8548 
f 8553 8556 8554 8551 
f 8556 8559 8557 8554 
f 8559 8562 8560 8557 
f 8562 8565 8563 8560 
f 8565 8568 8566 8563 
f 8568 8571 8569 8566 
f 8571 8549 8548 8569 
s 1
f 8577 8533 8531 8572 
f 8573 8518 8519 8576 
f 8586 8526 8527 8575 
f 8574 8523 8517 8587 
f 8584 8516 8523 8574 
f 8575 8527 8539 8585 
f 8579 8525 8533 8577 
f 8576 8519 8520 8578 
f 8581 8524 8525 8579 
f 8578 8520 8521 8580 
f 8583 8537 8524 8581 
f 8580 8521 8522 8582 
f 8585 8539 8537 8583 
f 8582 8522 8516 8584 
f 8572 8531 8526 8586 
f 8587 8517 8518 8573 
f 8594 8622 8624 8588 
f 8624 8627 8595 8588 
f 8627 8630 8589 8595 
f 8630 8633 8590 8589 
f 8633 8636 8591 8590 
f 8636 8639 8592 8591 
f 8639 8642 8593 8592 
f 8642 8622 8594 8593 
f 8648 8649 8644 8645 
f 8659 8658 8647 8646 
f 8657 8656 8646 8647 
f 8650 8651 8649 8648 
f 8652 8653 8651 8650 
f 8654 8655 8653 8652 
f 8656 8657 8655 8654 
f 8645 8644 8658 8659 
f 8610 8611 8599 8600 
f 8598 8601 8600 8599 
f 8598 8603 8602 8601 
f 8603 8605 8604 8602 
f 8605 8597 8606 8604 
f 8596 8607 8606 8597 
f 8609 8608 8607 8596 
f 8611 8610 8608 8609 
s 2
f 8621 8612 8613 8625 
f 8625 8613 8614 8628 
f 8628 8614 8615 8631 
f 8631 8615 8616 8634 
f 8634 8616 8617 8637 
f 8637 8617 8618 8640 
f 8640 8618 8619 8643 
f 8643 8619 8612 8621 
s 1
f 8622 8620 8623 8624 
f 8624 8623 8626 8627 
f 8627 8626 8629 8630 
f 8630 8629 8632 8633 
f 8633 8632 8635 8636 
f 8636 8635 8638 8639 
f 8639 8638 8641 8642 
f 8642 8641 8620 8622 
s 2
f 8621 8625 8623 8620 
f 8625 8628 8626 8623 
f 8628 8631 8629 8626 
f 8631 8634 8632 8629 
f 8634 8637 8635 8632 
f 8637 8640 8638 8635 
f 8640 8643 8641 8638 
f 8643 8621 8620 8641 
s 1
f 8649 8605 8603 8644 
f 8645 8590 8591 8648 
f 8658 8598 8599 8647 
f 8646 8595 8589 8659 
f 8656 8588 8595 8646 
f 8647 8599 8611 8657 
f 8651 8597 8605 8649 
f 8648 8591 8592 8650 
f 8653 8596 8597 8651 
f 8650 8592 8593 8652 
f 8655 8609 8596 8653 
f 8652 8593 8594 8654 
f 8657 8611 8609 8655 
f 8654 8594 8588 8656 
f 8644 8603 8598 8658 
f 8659 8589 8590 8645 
f 8666 8694 8696 8660 
f 8696 8699 8667 8660 
f 8699 8702 8661 8667 
f 8702 8705 8662 8661 
f 8705 8708 8663 8662 
f 8708 8711 8664 8663 
f 8711 8714 8665 8664 
f 8714 8694 8666 8665 
f 8720 8721 8716 8717 
f 8731 8730 8719 8718 
f 8729 8728 8718 8719 
f 8722 8723 8721 8720 
f 8724 8725 8723 8722 
f 8726 8727 8725 8724 
f 8728 8729 8727 8726 
f 8717 8716 8730 8731 
f 8682 8683 8671 8672 
f 8670 8673 8672 8671 
f 8670 8675 8674 8673 
f 8675 8677 8676 8674 
f 8677 8669 8678 8676 
f 8668 8679 8678 8669 
f 8681 8680 8679 8668 
f 8683 8682 8680 8681 
s 2
f 8693 8684 8685 8697 
f 8697 8685 8686 8700 
f 8700 8686 8687 8703 
f 8703 8687 8688 8706 
f 8706 8688 8689 8709 
f 8709 8689 8690 8712 
f 8712 8690 8691 8715 
f 8715 8691 8684 8693 
s 1
f 8694 8692 8695 8696 
f 8696 8695 8698 8699 
f 8699 8698 8701 8702 
f 8702 8701 8704 8705 
f 8705 8704 8707 8708 
f 8708 8707 8710 8711 
f 8711 8710 8713 8714 
f 8714 8713 8692 8694 
s 2
f 8693 8697 8695 8692 
f 8697 8700 8698 8695 
f 8700 8703 8701 8698 
f 8703 8706 8704 8701 
f 8706 8709 8707 8704 
f 8709 8712 8710 8707 
f 8712 8715 8713 8710 
f 8715 8693 8692 8713 
s 1
f 8721 8677 8675 8716 
f 8717 8662 8663 8720 
f 8730 8670 8671 8719 
f 8718 8667 8661 8731 
f 8728 8660 8667 8718 
f 8719 8671 8683 8729 
f 8723 8669 8677 8721 
f 8720 8663 8664 8722 
f 8725 8668 8669 8723 
f 8722 8664 8665 8724 
f 8727 8681 8668 8725 
f 8724 8665 8666 8726 
f 8729 8683 8681 8727 
f 8726 8666 8660 8728 
f 8716 8675 8670 8730 
f 8731 8661 8662 8717 
f 8738 8766 8768 8732 
f 8768 8771 8739 8732 
f 8771 8774 8733 8739 
f 8774 8777 8734 8733 
f 8777 8780 8735 8734 
f 8780 8783 8736 8735 
f 8783 8786 8737 8736 
f 8786 8766 8738 8737 
f 8792 8793 8788 8789 
f 8803 8802 8791 8790 
f 8801 8800 8790 8791 
f 8794 8795 8793 8792 
f 8796 8797 8795 8794 
f 8798 8799 8797 8796 
f 8800 8801 8799 8798 
f 8789 8788 8802 8803 
f 8754 8755 8743 8744 
f 8742 8745 8744 8743 
f 8742 8747 8746 8745 
f 8747 8749 8748 8746 
f 8749 8741 8750 8748 
f 8740 8751 8750 8741 
f 8753 8752 8751 8740 
f 8755 8754 8752 8753 
s 2
f 8765 8756 8757 8769 
f 8769 8757 8758 8772 
f 8772 8758 8759 8775 
f 8775 8759 8760 8778 
f 8778 8760 8761 8781 
f 8781 8761 8762 8784 
f 8784 8762 8763 8787 
f 8787 8763 8756 8765 
s 1
f 8766 8764 8767 8768 
f 8768 8767 8770 8771 
f 8771 8770 8773 8774 
f 8774 8773 8776 8777 
f 8777 8776 8779 8780 
f 8780 8779 8782 8783 
f 8783 8782 8785 8786 
f 8786 8785 8764 8766 
s 2
f 8765 8769 8767 8764 
f 8769 8772 8770 8767 
f 8772 8775 8773 8770 
f 8775 8778 8776 8773 
f 8778 8781 8779 8776 
f 8781 8784 8782 8779 
f 8784 8787 8785 8782 
f 8787 8765 8764 8785 
s 1
f 8793 8749 8747 8788 
f 8789 8734 8735 8792 
f 8802 8742 8743 8791 
f 8790 8739 8733 8803 
f 8800 8732 8739 8790 
f 8791 8743 8755 8801 
f 8795 8741 8749 8793 
f 8792 8735 8736 8794 
f 8797 8740 8741 8795 
f 8794 8736 8737 8796 
f 8799 8753 8740 8797 
f 8796 8737 8738 8798 
f 8801 8755 8753 8799 
f 8798 8738 8732 8800 
f 8788 8747 8742 8802 
f 8803 8733 8734 8789 
f 8810 8838 8840 8804 
f 8840 8843 8811 8804 
f 8843 8846 8805 8811 
f 8846 8849 8806 8805 
f 8849 8852 8807 8806 
f 8852 8855 8808 8807 
f 8855 8858 8809 8808 
f 8858 8838 8810 8809 
f 8864 8865 8860 8861 
f 8875 8874 8863 8862 
f 8873 8872 8862 8863 
f 8866 8867 8865 8864 
f 8868 8869 8867 8866 
f 8870 8871 8869 8868 
f 8872 8873 8871 8870 
f 8861 8860 8874 8875 
f 8826 8827 8815 8816 
f 8814 8817 8816 8815 
f 8814 8819 8818 8817 
f 8819 8821 8820 8818 
f 8821 8813 8822 8820 
f 8812 8823 8822 8813 
f 8825 8824 8823 8812 
f 8827 8826 8824 8825 
s 2
f 8837 8828 8829 8841 
f 8841 8829 8830 8844 
f 8844 8830 8831 8847 
f 8847 8831 8832 8850 
f 8850 8832 8833 8853 
f 8853 8833 8834 8856 
f 8856 8834 8835 8859 
f 8859 8835 8828 8837 
s 1
f 8838 8836 8839 8840 
f 8840 8839 8842 8843 
f 8843 8842 8845 8846 
f 8846 8845 8848 8849 
f 8849 8848 8851 8852 
f 8852 8851 8854 8855 
f 8855 8854 8857 8858 
f 8858 8857 8836 8838 
s 2
f 8837 8841 8839 8836 
f 8841 8844 8842 8839 
f 8844 8847 8845 8842 
f 8847 8850 8848 8845 
f 8850 8853 8851 8848 
f 8853 8856 8854 8851 
f 8856 8859 8857 8854 
f 8859 8837 8836 8857 
s 1
f 8865 8821 8819 8860 
f 8861 8806 8807 8864 
f 8874 8814 8815 8863 
f 8862 8811 8805 8875 
f 8872 8804 8811 8862 
f 8863 8815 8827 8873 
f 8867 8813 8821 8865 
f 8864 8807 8808 8866 
f 8869 8812 8813 8867 
f 8866 8808 8809 8868 
f 8871 8825 8812 8869 
f 8868 8809 8810 8870 
f 8873 8827 8825 8871 
f 8870 8810 8804 8872 
f 8860 8819 8814 8874 
f 8875 8805 8806 8861 
f 8882 8910 8912 8876 
f 8912 8915 8883 8876 
f 8915 8918 8877 8883 
f 8918 8921 8878 8877 
f 8921 8924 8879 8878 
f 8924 8927 8880 8879 
f 8927 8930 8881 8880 
f 8930 8910 8882 8881 
f 8936 8937 8932 8933 
f 8947 8946 8935 8934 
f 8945 8944 8934 8935 
f 8938 8939 8937 8936 
f 8940 8941 8939 8938 
f 8942 8943 8941 8940 
f 8944 8945 8943 8942 
f 8933 8932 8946 8947 
f 8898 8899 8887 8888 
f 8886 8889 8888 8887 
f 8886 8891 8890 8889 
f 8891 8893 8892 8890 
f 8893 8885 8894 8892 
f 8884 8895 8894 8885 
f 8897 8896 8895 8884 
f 8899 8898 8896 8897 
s 2
f 8909 8900 8901 8913 
f 8913 8901 8902 8916 
f 8916 8902 8903 8919 
f 8919 8903 8904 8922 
f 8922 8904 8905 8925 
f 8925 8905 8906 8928 
f 8928 8906 8907 8931 
f 8931 8907 8900 8909 
s 1
f 8910 8908 8911 8912 
f 8912 8911 8914 8915 
f 8915 8914 8917 8918 
f 8918 8917 8920 8921 
f 8921 8920 8923 8924 
f 8924 8923 8926 8927 
f 8927 8926 8929 8930 
f 8930 8929 8908 8910 
s 2
f 8909 8913 8911 8908 
f 8913 8916 8914 8911 
f 8916 8919 8917 8914 
f 8919 8922 8920 8917 
f 8922 8925 8923 8920 
f 8925 8928 8926 8923 
f 8928 8931 8929 8926 
f 8931 8909 8908 8929 
s 1
f 8937 8893 8891 8932 
f 8933 8878 8879 8936 
f 8946 8886 8887 8935 
f 8934 8883 8877 8947 
f 8944 8876 8883 8934 
f 8935 8887 8899 8945 
f 8939 8885 8893 8937 
f 8936 8879 8880 8938 
f 8941 8884 8885 8939 
f 8938 8880 8881 8940 
f 8943 8897 8884 8941 
f 8940 8881 8882 8942 
f 8945 8899 8897 8943 
f 8942 8882 8876 8944 
f 8932 8891 8886 8946 
f 8947 8877 8878 8933 
f 8954 8982 8984 8948 
f 8984 8987 8955 8948 
f 8987 8990 8949 8955 
f 8990 8993 8950 8949 
f 8993 8996 8951 8950 
f 8996 8999 8952 8951 
f 8999 9002 8953 8952 
f 9002 8982 8954 8953 
f 9008 9009 9004 9005 
f 9019 9018 9007 9006 
f 9017 9016 9006 9007 
f 9010 9011 9009 9008 
f 9012 9013 9011 9010 
f 9014 9015 9013 9012 
f 9016 9017 9015 9014 
f 9005 9004 9018 9019 
f 8970 8971 8959 8960 
f 8958 8961 8960 8959 
f 8958 8963 8962 8961 
f 8963 8965 8964 8962 
f 8965 8957 8966 8964 
f 8956 8967 8966 8957 
f 8969 8968 8967 8956 
f 8971 8970 8968 8969 
s 2
f 8981 8972 8973 8985 
f 8985 8973 8974 8988 
f 8988 8974 8975 8991 
f 8991 8975 8976 8994 
f 8994 8976 8977 8997 
f 8997 8977 8978 9000 
f 9000 8978 8979 9003 
f 9003 8979 8972 8981 
s 1
f 8982 8980 8983 8984 
f 8984 8983 8986 8987 
f 8987 8986 8989 8990 
f 8990 8989 8992 8993 
f 8993 8992 8995 8996 
f 8996 8995 8998 8999 
f 8999 8998 9001 9002 
f 9002 9001 8980 8982 
s 2
f 8981 8985 8983 8980 
f 8985 8988 8986 8983 
f 8988 8991 8989 8986 
f 8991 8994 8992 8989 
f 8994 8997 8995 8992 
f 8997 9000 8998 8995 
f 9000 9003 9001 8998 
f 9003 8981 8980 9001 
s 1
f 9009 8965 8963 9004 
f 9005 8950 8951 9008 
f 9018 8958 8959 9007 
f 9006 8955 8949 9019 
f 9016 8948 8955 9006 
f 9007 8959 8971 9017 
f 9011 8957 8965 9009 
f 9008 8951 8952 9010 
f 9013 8956 8957 9011 
f 9010 8952 8953 9012 
f 9015 8969 8956 9013 
f 9012 8953 8954 9014 
f 9017 8971 8969 9015 
f 9014 8954 8948 9016 
f 9004 8963 8958 9018 
f 9019 8949 8950 9005 
f 9026 9054 9056 9020 
f 9056 9059 9027 9020 
f 9059 9062 9021 9027 
f 9062 9065 9022 9021 
f 9065 9068 9023 9022 
f 9068 9071 9024 9023 
f 9071 9074 9025 9024 
f 9074 9054 9026 9025 
f 9080 9081 9076 9077 
f 9091 9090 9079 9078 
f 9089 9088 9078 9079 
f 9082 9083 9081 9080 
f 9084 9085 9083 9082 
f 9086 9087 9085 9084 
f 9088 9089 9087 9086 
f 9077 9076 9090 9091 
f 9042 9043 9031 9032 
f 9030 9033 9032 9031 
f 9030 9035 9034 9033 
f 9035 9037 9036 9034 
f 9037 9029 9038 9036 
f 9028 9039 9038 9029 
f 9041 9040 9039 9028 
f 9043 9042 9040 9041 
s 2
f 9053 9044 9045 9057 
f 9057 9045 9046 9060 
f 9060 9046 9047 9063 
f 9063 9047 9048 9066 
f 9066 9048 9049 9069 
f 9069 9049 9050 9072 
f 9072 9050 9051 9075 
f 9075 9051 9044 9053 
s 1
f 9054 9052 9055 9056 
f 9056 9055 9058 9059 
f 9059 9058 9061 9062 
f 9062 9061 9064 9065 
f 9065 9064 9067 9068 
f 9068 9067 9070 9071 
f 9071 9070 9073 9074 
f 9074 9073 9052 9054 
s 2
f 9053 9057 9055 9052 
f 9057 9060 9058 9055 
f 9060 9063 9061 9058 
f 9063 9066 9064 9061 
f 9066 9069 9067 9064 
f 9069 9072 9070 9067 
f 9072 9075 9073 9070 
f 9075 9053 9052 9073 
s 1
f 9081 9037 9035 9076 
f 9077 9022 9023 9080 
f 9090 9030 9031 9079 
f 9078 9027 9021 9091 
f 9088 9020 9027 9078 
f 9079 9031 9043 9089 
f 9083 9029 9037 9081 
f 9080 9023 9024 9082 
f 9085 9028 9029 9083 
f 9082 9024 9025 9084 
f 9087 9041 9028 9085 
f 9084 9025 9026 9086 
f 9089 9043 9041 9087 
f 9086 9026 9020 9088 
f 9076 9035 9030 9090 
f 9091 9021 9022 9077 
f 9098 9126 9128 9092 
f 9128 9131 9099 9092 
f 9131 9134 9093 9099 
f 9134 9137 9094 9093 
f 9137 9140 9095 9094 
f 9140 9143 9096 9095 
f 9143 9146 9097 9096 
f 9146 9126 9098 9097 
f 9152 9153 9148 9149 
f 9163 9162 9151 9150 
f 9161 9160 9150 9151 
f 9154 9155 9153 9152 
f 9156 9157 9155 9154 
f 9158 9159 9157 9156 
f 9160 9161 9159 9158 
f 9149 9148 9162 9163 
f 9114 9115 9103 9104 
f 9102 9105 9104 9103 
f 9102 9107 9106 9105 
f 9107 9109 9108 9106 
f 9109 9101 9110 9108 
f 9100 9111 9110 9101 
f 9113 9112 9111 9100 
f 9115 9114 9112 9113 
s 2
f 9125 9116 9117 9129 
f 9129 9117 9118 9132 
f 9132 9118 9119 9135 
f 9135 9119 9120 9138 
f 9138 9120 9121 9141 
f 9141 9121 9122 9144 
f 9144 9122 9123 9147 
f 9147 9123 9116 9125 
s 1
f 9126 9124 9127 9128 
f 9128 9127 9130 9131 
f 9131 9130 9133 9134 
f 9134 9133 9136 9137 
f 9137 9136 9139 9140 
f 9140 9139 9142 9143 
f 9143 9142 9145 9146 
f 9146 9145 9124 9126 
s 2
f 9125 9129 9127 9124 
f 9129 9132 9130 9127 
f 9132 9135 9133 9130 
f 9135 9138 9136 9133 
f 9138 9141 9139 9136 
f 9141 9144 9142 9139 
f 9144 9147 9145 9142 
f 9147 9125 9124 9145 
s 1
f 9153 9109 9107 9148 
f 9149 9094 9095 9152 
f 9162 9102 9103 9151 
f 9150 9099 9093 9163 
f 9160 9092 9099 9150 
f 9151 9103 9115 9161 
f 9155 9101 9109 9153 
f 9152 9095 9096 9154 
f 9157 9100 9101 9155 
f 9154 9096 9097 9156 
f 9159 9113 9100 9157 
f 9156 9097 9098 9158 
f 9161 9115 9113 9159 
f 9158 9098 9092 9160 
f 9148 9107 9102 9162 
f 9163 9093 9094 9149 
f 9170 9198 9200 9164 
f 9200 9203 9171 9164 
f 9203 9206 9165 9171 
f 9206 9209 9166 9165 
f 9209 9212 9167 9166 
f 9212 9215 9168 9167 
f 9215 9218 9169 9168 
f 9218 9198 9170 9169 
f 9224 9225 9220 9221 
f 9235 9234 9223 9222 
f 9233 9232 9222 9223 
f 9226 9227 9225 9224 
f 9228 9229 9227 9226 
f 9230 9231 9229 9228 
f 9232 9233 9231 9230 
f 9221 9220 9234 9235 
f 9186 9187 9175 9176 
f 9174 9177 9176 9175 
f 9174 9179 9178 9177 
f 9179 9181 9180 9178 
f 9181 9173 9182 9180 
f 9172 9183 9182 9173 
f 9185 9184 9183 9172 
f 9187 9186 9184 9185 
s 2
f 9197 9188 9189 9201 
f 9201 9189 9190 9204 
f 9204 9190 9191 9207 
f 9207 9191 9192 9210 
f 9210 9192 9193 9213 
f 9213 9193 9194 9216 
f 9216 9194 9195 9219 
f 9219 9195 9188 9197 
s 1
f 9198 9196 9199 9200 
f 9200 9199 9202 9203 
f 9203 9202 9205 9206 
f 9206 9205 9208 9209 
f 9209 9208 9211 9212 
f 9212 9211 9214 9215 
f 9215 9214 9217 9218 
f 9218 9217 9196 9198 
s 2
f 9197 9201 9199 9196 
f 9201 9204 9202 9199 
f 9204 9207 9205 9202 
f 9207 9210 9208 9205 
f 9210 9213 9211 9208 
f 9213 9216 9214 9211 
f 9216 9219 9217 9214 
f 9219 9197 9196 9217 
s 1
f 9225 9181 9179 9220 
f 9221 9166 9167 9224 
f 9234 9174 9175 9223 
f 9222 9171 9165 9235 
f 9232 9164 9171 9222 
f 9223 9175 9187 9233 
f 9227 9173 9181 9225 
f 9224 9167 9168 9226 
f 9229 9172 9173 9227 
f 9226 9168 9169 9228 
f 9231 9185 9172 9229 
f 9228 9169 9170 9230 
f 9233 9187 9185 9231 
f 9230 9170 9164 9232 
f 9220 9179 9174 9234 
f 9235 9165 9166 9221 
f 9242 9270 9272 9236 
f 9272 9275 9243 9236 
f 9275 9278 9237 9243 
f 9278 9281 9238 9237 
f 9281 9284 9239 9238 
f 9284 9287 9240 9239 
f 9287 9290 9241 9240 
f 9290 9270 9242 9241 
f 9296 9297 9292 9293 
f 9307 9306 9295 9294 
f 9305 9304 9294 9295 
f 9298 9299 9297 9296 
f 9300 9301 9299 9298 
f 9302 9303 9301 9300 
f 9304 9305 9303 9302 
f 9293 9292 9306 9307 
f 9258 9259 9247 9248 
f 9246 9249 9248 9247 
f 9246 9251 9250 9249 
f 9251 9253 9252 9250 
f 9253 9245 9254 9252 
f 9244 9255 9254 9245 
f 9257 9256 9255 9244 
f 9259 9258 9256 9257 
s 2
f 9269 9260 9261 9273 
f 9273 9261 9262 9276 
f 9276 9262 9263 9279 
f 9279 9263 9264 9282 
f 9282 9264 9265 9285 
f 9285 9265 9266 9288 
f 9288 9266 9267 9291 
f 9291 9267 9260 9269 
s 1
f 9270 9268 9271 9272 
f 9272 9271 9274 9275 
f 9275 9274 9277 9278 
f 9278 9277 9280 9281 
f 9281 9280 9283 9284 
f 9284 9283 9286 9287 
f 9287 9286 9289 9290 
f 9290 9289 9268 9270 
s 2
f 9269 9273 9271 9268 
f 9273 9276 9274 9271 
f 9276 9279 9277 9274 
f 9279 9282 9280 9277 
f 9282 9285 9283 9280 
f 9285 9288 9286 9283 
f 9288 9291 9289 9286 
f 9291 9269 9268 9289 
s 1
f 9297 9253 9251 9292 
f 9293 9238 9239 9296 
f 9306 9246 9247 9295 
f 9294 9243 9237 9307 
f 9304 9236 9243 9294 
f 9295 9247 9259 9305 
f 9299 9245 9253 9297 
f 9296 9239 9240 9298 
f 9301 9244 9245 9299 
f 9298 9240 9241 9300 
f 9303 9257 9244 9301 
f 9300 9241 9242 9302 
f 9305 9259 9257 9303 
f 9302 9242 9236 9304 
f 9292 9251 9246 9306 
f 9307 9237 9238 9293 
f 9314 9342 9344 9308 
f 9344 9347 9315 9308 
f 9347 9350 9309 9315 
f 9350 9353 9310 9309 
f 9353 9356 9311 9310 
f 9356 9359 9312 9311 
f 9359 9362 9313 9312 
f 9362 9342 9314 9313 
f 9368 9369 9364 9365 
f 9379 9378 9367 9366 
f 9377 9376 9366 9367 
f 9370 9371 9369 9368 
f 9372 9373 9371 9370 
f 9374 9375 9373 9372 
f 9376 9377 9375 9374 
f 9365 9364 9378 9379 
f 9330 9331 9319 9320 
f 9318 9321 9320 9319 
f 9318 9323 9322 9321 
f 9323 9325 9324 9322 
f 9325 9317 9326 9324 
f 9316 9327 9326 9317 
f 9329 9328 9327 9316 
f 9331 9330 9328 9329 
s 2
f 9341 9332 9333 9345 
f 9345 9333 9334 9348 
f 9348 9334 9335 9351 
f 9351 9335 9336 9354 
f 9354 9336 9337 9357 
f 9357 9337 9338 9360 
f 9360 9338 9339 9363 
f 9363 9339 9332 9341 
s 1
f 9342 9340 9343 9344 
f 9344 9343 9346 9347 
f 9347 9346 9349 9350 
f 9350 9349 9352 9353 
f 9353 9352 9355 9356 
f 9356 9355 9358 9359 
f 9359 9358 9361 9362 
f 9362 9361 9340 9342 
s 2
f 9341 9345 9343 9340 
f 9345 9348 9346 9343 
f 9348 9351 9349 9346 
f 9351 9354 9352 9349 
f 9354 9357 9355 9352 
f 9357 9360 9358 9355 
f 9360 9363 9361 9358 
f 9363 9341 9340 9361 
s 1
f 9369 9325 9323 9364 
f 9365 9310 9311 9368 
f 9378 9318 9319 9367 
f 9366 9315 9309 9379 
f 9376 9308 9315 9366 
f 9367 9319 9331 9377 
f 9371 9317 9325 9369 
f 9368 9311 9312 9370 
f 9373 9316 9317 9371 
f 9370 9312 9313 9372 
f 9375 9329 9316 9373 
f 9372 9313 9314 9374 
f 9377 9331 9329 9375 
f 9374 9314 9308 9376 
f 9364 9323 9318 9378 
f 9379 9309 9310 9365 
f 9386 9414 9416 9380 
f 9416 9419 9387 9380 
f 9419 9422 9381 9387 
f 9422 9425 9382 9381 
f 9425 9428 9383 9382 
f 9428 9431 9384 9383 
f 9431 9434 9385 9384 
f 9434 9414 9386 9385 
f 9440 9441 9436 9437 
f 9451 9450 9439 9438 
f 9449 9448 9438 9439 
f 9442 9443 9441 9440 
f 9444 9445 9443 9442 
f 9446 9447 9445 9444 
f 9448 9449 9447 9446 
f 9437 9436 9450 9451 
f 9402 9403 9391 9392 
f 9390 9393 9392 9391 
f 9390 9395 9394 9393 
f 9395 9397 9396 9394 
f 9397 9389 9398 9396 
f 9388 9399 9398 9389 
f 9401 9400 9399 9388 
f 9403 9402 9400 9401 
s 2
f 9413 9404 9405 9417 
f 9417 9405 9406 9420 
f 9420 9406 9407 9423 
f 9423 9407 9408 9426 
f 9426 9408 9409 9429 
f 9429 9409 9410 9432 
f 9432 9410 9411 9435 
f 9435 9411 9404 9413 
s 1
f 9414 9412 9415 9416 
f 9416 9415 9418 9419 
f 9419 9418 9421 9422 
f 9422 9421 9424 9425 
f 9425 9424 9427 9428 
f 9428 9427 9430 9431 
f 9431 9430 9433 9434 
f 9434 9433 9412 9414 
s 2
f 9413 9417 9415 9412 
f 9417 9420 9418 9415 
f 9420 9423 9421 9418 
f 9423 9426 9424 9421 
f 9426 9429 9427 9424 
f 9429 9432 9430 9427 
f 9432 9435 9433 9430 
f 9435 9413 9412 9433 
s 1
f 9441 9397 9395 9436 
f 9437 9382 9383 9440 
f 9450 9390 9391 9439 
f 9438 9387 9381 9451 
f 9448 9380 9387 9438 
f 9439 9391 9403 9449 
f 9443 9389 9397 9441 
f 9440 9383 9384 9442 
f 9445 9388 9389 9443 
f 9442 9384 9385 9444 
f 9447 9401 9388 9445 
f 9444 9385 9386 9446 
f 9449 9403 9401 9447 
f 9446 9386 9380 9448 
f 9436 9395 9390 9450 
f 9451 9381 9382 9437 
f 9458 9486 9488 9452 
f 9488 9491 9459 9452 
f 9491 9494 9453 9459 
f 9494 9497 9454 9453 
f 9497 9500 9455 9454 
f 9500 9503 9456 9455 
f 9503 9506 9457 9456 
f 9506 9486 9458 9457 
f 9512 9513 9508 9509 
f 9523 9522 9511 9510 
f 9521 9520 9510 9511 
f 9514 9515 9513 9512 
f 9516 9517 9515 9514 
f 9518 9519 9517 9516 
f 9520 9521 9519 9518 
f 9509 9508 9522 9523 
f 9474 9475 9463 9464 
f 9462 9465 9464 9463 
f 9462 9467 9466 9465 
f 9467 9469 9468 9466 
f 9469 9461 9470 9468 
f 9460 9471 9470 9461 
f 9473 9472 9471 9460 
f 9475 9474 9472 9473 
s 2
f 9485 9476 9477 9489 
f 9489 9477 9478 9492 
f 9492 9478 9479 9495 
f 9495 9479 9480 9498 
f 9498 9480 9481 9501 
f 9501 9481 9482 9504 
f 9504 9482 9483 9507 
f 9507 9483 9476 9485 
s 1
f 9486 9484 9487 9488 
f 9488 9487 9490 9491 
f 9491 9490 9493 9494 
f 9494 9493 9496 9497 
f 9497 9496 9499 9500 
f 9500 9499 9502 9503 
f 9503 9502 9505 9506 
f 9506 9505 9484 9486 
s 2
f 9485 9489 9487 9484 
f 9489 9492 9490 9487 
f 9492 9495 9493 9490 
f 9495 9498 9496 9493 
f 9498 9501 9499 9496 
f 9501 9504 9502 9499 
f 9504 9507 9505 9502 
f 9507 9485 9484 9505 
s 1
f 9513 9469 9467 9508 
f 9509 9454 9455 9512 
f 9522 9462 9463 9511 
f 9510 9459 9453 9523 
f 9520 9452 9459 9510 
f 9511 9463 9475 9521 
f 9515 9461 9469 9513 
f 9512 9455 9456 9514 
f 9517 9460 9461 9515 
f 9514 9456 9457 9516 
f 9519 9473 9460 9517 
f 9516 9457 9458 9518 
f 9521 9475 9473 9519 
f 9518 9458 9452 9520 
f 9508 9467 9462 9522 
f 9523 9453 9454 9509 
f 9530 9558 9560 9524 
f 9560 9563 9531 9524 
f 9563 9566 9525 9531 
f 9566 9569 9526 9525 
f 9569 9572 9527 9526 
f 9572 9575 9528 9527 
f 9575 9578 9529 9528 
f 9578 9558 9530 9529 
f 9584 9585 9580 9581 
f 9595 9594 9583 9582 
f 9593 9592 9582 9583 
f 9586 9587 9585 9584 
f 9588 9589 9587 9586 
f 9590 9591 9589 9588 
f 9592 9593 9591 9590 
f 9581 9580 9594 9595 
f 9546 9547 9535 9536 
f 9534 9537 9536 9535 
f 9534 9539 9538 9537 
f 9539 9541 9540 9538 
f 9541 9533 9542 9540 
f 9532 9543 9542 9533 
f 9545 9544 9543 9532 
f 9547 9546 9544 9545 
s 2
f 9557 9548 9549 9561 
f 9561 9549 9550 9564 
f 9564 9550 9551 9567 
f 9567 9551 9552 9570 
f 9570 9552 9553 9573 
f 9573 9553 9554 9576 
f 9576 9554 9555 9579 
f 9579 9555 9548 9557 
s 1
f 9558 9556 9559 9560 
f 9560 9559 9562 9563 
f 9563 9562 9565 9566 
f 9566 9565 9568 9569 
f 9569 9568 9571 9572 
f 9572 9571 9574 9575 
f 9575 9574 9577 9578 
f 9578 9577 9556 9558 
s 2
f 9557 9561 9559 9556 
f 9561 9564 9562 9559 
f 9564 9567 9565 9562 
f 9567 9570 9568 9565 
f 9570 9573 9571 9568 
f 9573 9576 9574 9571 
f 9576 9579 9577 9574 
f 9579 9557 9556 9577 
s 1
f 9585 9541 9539 9580 
f 9581 9526 9527 9584 
f 9594 9534 9535 9583 
f 9582 9531 9525 9595 
f 9592 9524 9531 9582 
f 9583 9535 9547 9593 
f 9587 9533 9541 9585 
f 9584 9527 9528 9586 
f 9589 9532 9533 9587 
f 9586 9528 9529 9588 
f 9591 9545 9532 9589 
f 9588 9529 9530 9590 
f 9593 9547 9545 9591 
f 9590 9530 9524 9592 
f 9580 9539 9534 9594 
f 9595 9525 9526 9581 
f 9602 9630 9632 9596 
f 9632 9635 9603 9596 
f 9635 9638 9597 9603 
f 9638 9641 9598 9597 
f 9641 9644 9599 9598 
f 9644 9647 9600 9599 
f 9647 9650 9601 9600 
f 9650 9630 9602 9601 
f 9656 9657 9652 9653 
f 9667 9666 9655 9654 
f 9665 9664 9654 9655 
f 9658 9659 9657 9656 
f 9660 9661 9659 9658 
f 9662 9663 9661 9660 
f 9664 9665 9663 9662 
f 9653 9652 9666 9667 
f 9618 9619 9607 9608 
f 9606 9609 9608 9607 
f 9606 9611 9610 9609 
f 9611 9613 9612 9610 
f 9613 9605 9614 9612 
f 9604 9615 9614 9605 
f 9617 9616 9615 9604 
f 9619 9618 9616 9617 
s 2
f 9629 9620 9621 9633 
f 9633 9621 9622 9636 
f 9636 9622 9623 9639 
f 9639 9623 9624 9642 
f 9642 9624 9625 9645 
f 9645 9625 9626 9648 
f 9648 9626 9627 9651 
f 9651 9627 9620 9629 
s 1
f 9630 9628 9631 9632 
f 9632 9631 9634 9635 
f 9635 9634 9637 9638 
f 9638 9637 9640 9641 
f 9641 9640 9643 9644 
f 9644 9643 9646 9647 
f 9647 9646 9649 9650 
f 9650 9649 9628 9630 
s 2
f 9629 9633 9631 9628 
f 9633 9636 9634 9631 
f 9636 9639 9637 9634 
f 9639 9642 9640 9637 
f 9642 9645 9643 9640 
f 9645 9648 9646 9643 
f 9648 9651 9649 9646 
f 9651 9629 9628 9649 
s 1
f 9657 9613 9611 9652 
f 9653 9598 9599 9656 
f 9666 9606 9607 9655 
f 9654 9603 9597 9667 
f 9664 9596 9603 9654 
f 9655 9607 9619 9665 
f 9659 9605 9613 9657 
f 9656 9599 9600 9658 
f 9661 9604 9605 9659 
f 9658 9600 9601 9660 
f 9663 9617 9604 9661 
f 9660 9601 9602 9662 
f 9665 9619 9617 9663 
f 9662 9602 9596 9664 
f 9652 9611 9606 9666 
f 9667 9597 9598 9653 
f 9674 9702 9704 9668 
f 9704 9707 9675 9668 
f 9707 9710 9669 9675 
f 9710 9713 9670 9669 
f 9713 9716 9671 9670 
f 9716 9719 9672 9671 
f 9719 9722 9673 9672 
f 9722 9702 9674 9673 
f 9728 9729 9724 9725 
f 9739 9738 9727 9726 
f 9737 9736 9726 9727 
f 9730 9731 9729 9728 
f 9732 9733 9731 9730 
f 9734 9735 9733 9732 
f 9736 9737 9735 9734 
f 9725 9724 9738 9739 
f 9690 9691 9679 9680 
f 9678 9681 9680 9679 
f 9678 9683 9682 9681 
f 9683 9685 9684 9682 
f 9685 9677 9686 9684 
f 9676 9687 9686 9677 
f 9689 9688 9687 9676 
f 9691 9690 9688 9689 
s 2
f 9701 9692 9693 9705 
f 9705 9693 9694 9708 
f 9708 9694 9695 9711 
f 9711 9695 9696 9714 
f 9714 9696 9697 9717 
f 9717 9697 9698 9720 
f 9720 9698 9699 9723 
f 9723 9699 9692 9701 
s 1
f 9702 9700 9703 9704 
f 9704 9703 9706 9707 
f 9707 9706 9709 9710 
f 9710 9709 9712 9713 
f 9713 9712 9715 9716 
f 9716 9715 9718 9719 
f 9719 9718 9721 9722 
f 9722 9721 9700 9702 
s 2
f 9701 9705 9703 9700 
f 9705 9708 9706 9703 
f 9708 9711 9709 9706 
f 9711 9714 9712 9709 
f 9714 9717 9715 9712 
f 9717 9720 9718 9715 
f 9720 9723 9721 9718 
f 9723 9701 9700 9721 
s 1
f 9729 9685 9683 9724 
f 9725 9670 9671 9728 
f 9738 9678 9679 9727 
f 9726 9675 9669 9739 
f 9736 9668 9675 9726 
f 9727 9679 9691 9737 
f 9731 9677 9685 9729 
f 9728 9671 9672 9730 
f 9733 9676 9677 9731 
f 9730 9672 9673 9732 
f 9735 9689 9676 9733 
f 9732 9673 9674 9734 
f 9737 9691 9689 9735 
f 9734 9674 9668 9736 
f 9724 9683 9678 9738 
f 9739 9669 9670 9725 
f 9746 9774 9776 9740 
f 9776 9779 9747 9740 
f 9779 9782 9741 9747 
f 9782 9785 9742 9741 
f 9785 9788 9743 9742 
f 9788 9791 9744 9743 
f 9791 9794 9745 9744 
f 9794 9774 9746 9745 
f 9800 9801 9796 9797 
f 9811 9810 9799 9798 
f 9809 9808 9798 9799 
f 9802 9803 9801 9800 
f 9804 9805 9803 9802 
f 9806 9807 9805 9804 
f 9808 9809 9807 9806 
f 9797 9796 9810 9811 
f 9762 9763 9751 9752 
f 9750 9753 9752 9751 
f 9750 9755 9754 9753 
f 9755 9757 9756 9754 
f 9757 9749 9758 9756 
f 9748 9759 9758 9749 
f 9761 9760 9759 9748 
f 9763 9762 9760 9761 
s 2
f 9773 9764 9765 9777 
f 9777 9765 9766 9780 
f 9780 9766 9767 9783 
f 9783 9767 9768 9786 
f 9786 9768 9769 9789 
f 9789 9769 9770 9792 
f 9792 9770 9771 9795 
f 9795 9771 9764 9773 
s 1
f 9774 9772 9775 9776 
f 9776 9775 9778 9779 
f 9779 9778 9781 9782 
f 9782 9781 9784 9785 
f 9785 9784 9787 9788 
f 9788 9787 9790 9791 
f 9791 9790 9793 9794 
f 9794 9793 9772 9774 
s 2
f 9773 9777 9775 9772 
f 9777 9780 9778 9775 
f 9780 9783 9781 9778 
f 9783 9786 9784 9781 
f 9786 9789 9787 9784 
f 9789 9792 9790 9787 
f 9792 9795 9793 9790 
f 9795 9773 9772 9793 
s 1
f 9801 9757 9755 9796 
f 9797 9742 9743 9800 
f 9810 9750 9751 9799 
f 9798 9747 9741 9811 
f 9808 9740 9747 9798 
f 9799 9751 9763 9809 
f 9803 9749 9757 9801 
f 9800 9743 9744 9802 
f 9805 9748 9749 9803 
f 9802 9744 9745 9804 
f 9807 9761 9748 9805 
f 9804 9745 9746 9806 
f 9809 9763 9761 9807 
f 9806 9746 9740 9808 
f 9796 9755 9750 9810 
f 9811 9741 9742 9797 
f 9818 9846 9848 9812 
f 9848 9851 9819 9812 
f 9851 9854 9813 9819 
f 9854 9857 9814 9813 
f 9857 9860 9815 9814 
f 9860 9863 9816 9815 
f 9863 9866 9817 9816 
f 9866 9846 9818 9817 
f 9872 9873 9868 9869 
f 9883 9882 9871 9870 
f 9881 9880 9870 9871 
f 9874 9875 9873 9872 
f 9876 9877 9875 9874 
f 9878 9879 9877 9876 
f 9880 9881 9879 9878 
f 9869 9868 9882 9883 
f 9834 9835 9823 9824 
f 9822 9825 9824 9823 
f 9822 9827 9826 9825 
f 9827 9829 9828 9826 
f 9829 9821 9830 9828 
f 9820 9831 9830 9821 
f 9833 9832 9831 9820 
f 9835 9834 9832 9833 
s 2
f 9845 9836 9837 9849 
f 9849 9837 9838 9852 
f 9852 9838 9839 9855 
f 9855 9839 9840 9858 
f 9858 9840 9841 9861 
f 9861 9841 9842 9864 
f 9864 9842 9843 9867 
f 9867 9843 9836 9845 
s 1
f 9846 9844 9847 9848 
f 9848 9847 9850 9851 
f 9851 9850 9853 9854 
f 9854 9853 9856 9857 
f 9857 9856 9859 9860 
f 9860 9859 9862 9863 
f 9863 9862 9865 9866 
f 9866 9865 9844 9846 
s 2
f 9845 9849 9847 9844 
f 9849 9852 9850 9847 
f 9852 9855 9853 9850 
f 9855 9858 9856 9853 
f 9858 9861 9859 9856 
f 9861 9864 9862 9859 
f 9864 9867 9865 9862 
f 9867 9845 9844 9865 
s 1
f 9873 9829 9827 9868 
f 9869 9814 9815 9872 
f 9882 9822 9823 9871 
f 9870 9819 9813 9883 
f 9880 9812 9819 9870 
f 9871 9823 9835 9881 
f 9875 9821 9829 9873 
f 9872 9815 9816 9874 
f 9877 9820 9821 9875 
f 9874 9816 9817 9876 
f 9879 9833 9820 9877 
f 9876 9817 9818 9878 
f 9881 9835 9833 9879 
f 9878 9818 9812 9880 
f 9868 9827 9822 9882 
f 9883 9813 9814 9869 
f 9890 9918 9920 9884 
f 9920 9923 9891 9884 
f 9923 9926 9885 9891 
f 9926 9929 9886 9885 
f 9929 9932 9887 9886 
f 9932 9935 9888 9887 
f 9935 9938 9889 9888 
f 9938 9918 9890 9889 
f 9944 9945 9940 9941 
f 9955 9954 9943 9942 
f 9953 9952 9942 9943 
f 9946 9947 9945 9944 
f 9948 9949 9947 9946 
f 9950 9951 9949 9948 
f 9952 9953 9951 9950 
f 9941 9940 9954 9955 
f 9906 9907 9895 9896 
f 9894 9897 9896 9895 
f 9894 9899 9898 9897 
f 9899 9901 9900 9898 
f 9901 9893 9902 9900 
f 9892 9903 9902 9893 
f 9905 9904 9903 9892 
f 9907 9906 9904 9905 
s 2
f 9917 9908 9909 9921 
f 9921 9909 9910 9924 
f 9924 9910 9911 9927 
f 9927 9911 9912 9930 
f 9930 9912 9913 9933 
f 9933 9913 9914 9936 
f 9936 9914 9915 9939 
f 9939 9915 9908 9917 
s 1
f 9918 9916 9919 9920 
f 9920 9919 9922 9923 
f 9923 9922 9925 9926 
f 9926 9925 9928 9929 
f 9929 9928 9931 9932 
f 9932 9931 9934 9935 
f 9935 9934 9937 9938 
f 9938 9937 9916 9918 
s 2
f 9917 9921 9919 9916 
f 9921 9924 9922 9919 
f 9924 9927 9925 9922 
f 9927 9930 9928 9925 
f 9930 9933 9931 9928 
f 9933 9936 9934 9931 
f 9936 9939 9937 9934 
f 9939 9917 9916 9937 
s 1
f 9945 9901 9899 9940 
f 9941 9886 9887 9944 
f 9954 9894 9895 9943 
f 9942 9891 9885 9955 
f 9952 9884 9891 9942 
f 9943 9895 9907 9953 
f 9947 9893 9901 9945 
f 9944 9887 9888 9946 
f 9949 9892 9893 9947 
f 9946 9888 9889 9948 
f 9951 9905 9892 9949 
f 9948 9889 9890 9950 
f 9953 9907 9905 9951 
f 9950 9890 9884 9952 
f 9940 9899 9894 9954 
f 9955 9885 9886 9941 
f 9962 9990 9992 9956 
f 9992 9995 9963 9956 
f 9995 9998 9957 9963 
f 9998 10001 9958 9957 
f 10001 10004 9959 9958 
f 10004 10007 9960 9959 
f 10007 10010 9961 9960 
f 10010 9990 9962 9961 
f 10016 10017 10012 10013 
f 10027 10026 10015 10014 
f 10025 10024 10014 10015 
f 10018 10019 10017 10016 
f 10020 10021 10019 10018 
f 10022 10023 10021 10020 
f 10024 10025 10023 10022 
f 10013 10012 10026 10027 
f 9978 9979 9967 9968 
f 9966 9969 9968 9967 
f 9966 9971 9970 9969 
f 9971 9973 9972 9970 
f 9973 9965 9974 9972 
f 9964 9975 9974 9965 
f 9977 9976 9975 9964 
f 9979 9978 9976 9977 
s 2
f 9989 9980 9981 9993 
f 9993 9981 9982 9996 
f 9996 9982 9983 9999 
f 9999 9983 9984 10002 
f 10002 9984 9985 10005 
f 10005 9985 9986 10008 
f 10008 9986 9987 10011 
f 10011 9987 9980 9989 
s 1
f 9990 9988 9991 9992 
f 9992 9991 9994 9995 
f 9995 9994 9997 9998 
f 9998 9997 10000 10001 
f 10001 10000 10003 10004 
f 10004 10003 10006 10007 
f 10007 10006 10009 10010 
f 10010 10009 9988 9990 
s 2
f 9989 9993 9991 9988 
f 9993 9996 9994 9991 
f 9996 9999 9997 9994 
f 9999 10002 10000 9997 
f 10002 10005 10003 10000 
f 10005 10008 10006 10003 
f 10008 10011 10009 10006 
f 10011 9989 9988 10009 
s 1
f 10017 9973 9971 10012 
f 10013 9958 9959 10016 
f 10026 9966 9967 10015 
f 10014 9963 9957 10027 
f 10024 9956 9963 10014 
f 10015 9967 9979 10025 
f 10019 9965 9973 10017 
f 10016 9959 9960 10018 
f 10021 9964 9965 10019 
f 10018 9960 9961 10020 
f 10023 9977 9964 10021 
f 10020 9961 9962 10022 
f 10025 9979 9977 10023 
f 10022 9962 9956 10024 
f 10012 9971 9966 10026 
f 10027 9957 9958 10013 
f 10034 10062 10064 10028 
f 10064 10067 10035 10028 
f 10067 10070 10029 10035 
f 10070 10073 10030 10029 
f 10073 10076 10031 10030 
f 10076 10079 10032 10031 
f 10079 10082 10033 10032 
f 10082 10062 10034 10033 
f 10088 10089 10084 10085 
f 10099 10098 10087 10086 
f 10097 10096 10086 10087 
f 10090 10091 10089 10088 
f 10092 10093 10091 10090 
f 10094 10095 10093 10092 
f 10096 10097 10095 10094 
f 10085 10084 10098 10099 
f 10050 10051 10039 10040 
f 10038 10041 10040 10039 
f 10038 10043 10042 10041 
f 10043 10045 10044 10042 
f 10045 10037 10046 10044 
f 10036 10047 10046 10037 
f 10049 10048 10047 10036 
f 10051 10050 10048 10049 
s 2
f 10061 10052 10053 10065 
f 10065 10053 10054 10068 
f 10068 10054 10055 10071 
f 10071 10055 10056 10074 
f 10074 10056 10057 10077 
f 10077 10057 10058 10080 
f 10080 10058 10059 10083 
f 10083 10059 10052 10061 
s 1
f 10062 10060 10063 10064 
f 10064 10063 10066 10067 
f 10067 10066 10069 10070 
f 10070 10069 10072 10073 
f 10073 10072 10075 10076 
f 10076 10075 10078 10079 
f 10079 10078 10081 10082 
f 10082 10081 10060 10062 
s 2
f 10061 10065 10063 10060 
f 10065 10068 10066 10063 
f 10068 10071 10069 10066 
f 10071 10074 10072 10069 
f 10074 10077 10075 10072 
f 10077 10080 10078 10075 
f 10080 10083 10081 10078 
f 10083 10061 10060 10081 
s 1
f 10089 10045 10043 10084 
f 10085 10030 10031 10088 
f 10098 10038 10039 10087 
f 10086 10035 10029 10099 
f 10096 10028 10035 10086 
f 10087 10039 10051 10097 
f 10091 10037 10045 10089 
f 10088 10031 10032 10090 
f 10093 10036 10037 10091 
f 10090 10032 10033 10092 
f 10095 10049 10036 10093 
f 10092 10033 10034 10094 
f 10097 10051 10049 10095 
f 10094 10034 10028 10096 
f 10084 10043 10038 10098 
f 10099 10029 10030 10085 
f 10106 10134 10136 10100 
f 10136 10139 10107 10100 
f 10139 10142 10101 10107 
f 10142 10145 10102 10101 
f 10145 10148 10103 10102 
f 10148 10151 10104 10103 
f 10151 10154 10105 10104 
f 10154 10134 10106 10105 
f 10160 10161 10156 10157 
f 10171 10170 10159 10158 
f 10169 10168 10158 10159 
f 10162 10163 10161 10160 
f 10164 10165 10163 10162 
f 10166 10167 10165 10164 
f 10168 10169 10167 10166 
f 10157 10156 10170 10171 
f 10122 10123 10111 10112 
f 10110 10113 10112 10111 
f 10110 10115 10114 10113 
f 10115 10117 10116 10114 
f 10117 10109 10118 10116 
f 10108 10119 10118 10109 
f 10121 10120 10119 10108 
f 10123 10122 10120 10121 
s 2
f 10133 10124 10125 10137 
f 10137 10125 10126 10140 
f 10140 10126 10127 10143 
f 10143 10127 10128 10146 
f 10146 10128 10129 10149 
f 10149 10129 10130 10152 
f 10152 10130 10131 10155 
f 10155 10131 10124 10133 
s 1
f 10134 10132 10135 10136 
f 10136 10135 10138 10139 
f 10139 10138 10141 10142 
f 10142 10141 10144 10145 
f 10145 10144 10147 10148 
f 10148 10147 10150 10151 
f 10151 10150 10153 10154 
f 10154 10153 10132 10134 
s 2
f 10133 10137 10135 10132 
f 10137 10140 10138 10135 
f 10140 10143 10141 10138 
f 10143 10146 10144 10141 
f 10146 10149 10147 10144 
f 10149 10152 10150 10147 
f 10152 10155 10153 10150 
f 10155 10133 10132 10153 
s 1
f 10161 10117 10115 10156 
f 10157 10102 10103 10160 
f 10170 10110 10111 10159 
f 10158 10107 10101 10171 
f 10168 10100 10107 10158 
f 10159 10111 10123 10169 
f 10163 10109 10117 10161 
f 10160 10103 10104 10162 
f 10165 10108 10109 10163 
f 10162 10104 10105 10164 
f 10167 10121 10108 10165 
f 10164 10105 10106 10166 
f 10169 10123 10121 10167 
f 10166 10106 10100 10168 
f 10156 10115 10110 10170 
f 10171 10101 10102 10157 
f 10178 10206 10208 10172 
f 10208 10211 10179 10172 
f 10211 10214 10173 10179 
f 10214 10217 10174 10173 
f 10217 10220 10175 10174 
f 10220 10223 10176 10175 
f 10223 10226 10177 10176 
f 10226 10206 10178 10177 
f 10232 10233 10228 10229 
f 10243 10242 10231 10230 
f 10241 10240 10230 10231 
f 10234 10235 10233 10232 
f 10236 10237 10235 10234 
f 10238 10239 10237 10236 
f 10240 10241 10239 10238 
f 10229 10228 10242 10243 
f 10194 10195 10183 10184 
f 10182 10185 10184 10183 
f 10182 10187 10186 10185 
f 10187 10189 10188 10186 
f 10189 10181 10190 10188 
f 10180 10191 10190 10181 
f 10193 10192 10191 10180 
f 10195 10194 10192 10193 
s 2
f 10205 10196 10197 10209 
f 10209 10197 10198 10212 
f 10212 10198 10199 10215 
f 10215 10199 10200 10218 
f 10218 10200 10201 10221 
f 10221 10201 10202 10224 
f 10224 10202 10203 10227 
f 10227 10203 10196 10205 
s 1
f 10206 10204 10207 10208 
f 10208 10207 10210 10211 
f 10211 10210 10213 10214 
f 10214 10213 10216 10217 
f 10217 10216 10219 10220 
f 10220 10219 10222 10223 
f 10223 10222 10225 10226 
f 10226 10225 10204 10206 
s 2
f 10205 10209 10207 10204 
f 10209 10212 10210 10207 
f 10212 10215 10213 10210 
f 10215 10218 10216 10213 
f 10218 10221 10219 10216 
f 10221 10224 10222 10219 
f 10224 10227 10225 10222 
f 10227 10205 10204 10225 
s 1
f 10233 10189 10187 10228 
f 10229 10174 10175 10232 
f 10242 10182 10183 10231 
f 10230 10179 10173 10243 
f 10240 10172 10179 10230 
f 10231 10183 10195 10241 
f 10235 10181 10189 10233 
f 10232 10175 10176 10234 
f 10237 10180 10181 10235 
f 10234 10176 10177 10236 
f 10239 10193 10180 10237 
f 10236 10177 10178 10238 
f 10241 10195 10193 10239 
f 10238 10178 10172 10240 
f 10228 10187 10182 10242 
f 10243 10173 10174 10229 
f 10250 10278 10280 10244 
f 10280 10283 10251 10244 
f 10283 10286 10245 10251 
f 10286 10289 10246 10245 
f 10289 10292 10247 10246 
f 10292 10295 10248 10247 
f 10295 10298 10249 10248 
f 10298 10278 10250 10249 
f 10304 10305 10300 10301 
f 10315 10314 10303 10302 
f 10313 10312 10302 10303 
f 10306 10307 10305 10304 
f 10308 10309 10307 10306 
f 10310 10311 10309 10308 
f 10312 10313 10311 10310 
f 10301 10300 10314 10315 
f 10266 10267 10255 10256 
f 10254 10257 10256 10255 
f 10254 10259 10258 10257 
f 10259 10261 10260 10258 
f 10261 10253 10262 10260 
f 10252 10263 10262 10253 
f 10265 10264 10263 10252 
f 10267 10266 10264 10265 
s 2
f 10277 10268 10269 10281 
f 10281 10269 10270 10284 
f 10284 10270 10271 10287 
f 10287 10271 10272 10290 
f 10290 10272 10273 10293 
f 10293 10273 10274 10296 
f 10296 10274 10275 10299 
f 10299 10275 10268 10277 
s 1
f 10278 10276 10279 10280 
f 10280 10279 10282 10283 
f 10283 10282 10285 10286 
f 10286 10285 10288 10289 
f 10289 10288 10291 10292 
f 10292 10291 10294 10295 
f 10295 10294 10297 10298 
f 10298 10297 10276 10278 
s 2
f 10277 10281 10279 10276 
f 10281 10284 10282 10279 
f 10284 10287 10285 10282 
f 10287 10290 10288 10285 
f 10290 10293 10291 10288 
f 10293 10296 10294 10291 
f 10296 10299 10297 10294 
f 10299 10277 10276 10297 
s 1
f 10305 10261 10259 10300 
f 10301 10246 10247 10304 
f 10314 10254 10255 10303 
f 10302 10251 10245 10315 
f 10312 10244 10251 10302 
f 10303 10255 10267 10313 
f 10307 10253 10261 10305 
f 10304 10247 10248 10306 
f 10309 10252 10253 10307 
f 10306 10248 10249 10308 
f 10311 10265 10252 10309 
f 10308 10249 10250 10310 
f 10313 10267 10265 10311 
f 10310 10250 10244 10312 
f 10300 10259 10254 10314 
f 10315 10245 10246 10301 
f 10322 10350 10352 10316 
f 10352 10355 10323 10316 
f 10355 10358 10317 10323 
f 10358 10361 10318 10317 
f 10361 10364 10319 10318 
f 10364 10367 10320 10319 
f 10367 10370 10321 10320 
f 10370 10350 10322 10321 
f 10376 10377 10372 10373 
f 10387 10386 10375 10374 
f 10385 10384 10374 10375 
f 10378 10379 10377 10376 
f 10380 10381 10379 10378 
f 10382 10383 10381 10380 
f 10384 10385 10383 10382 
f 10373 10372 10386 10387 
f 10338 10339 10327 10328 
f 10326 10329 10328 10327 
f 10326 10331 10330 10329 
f 10331 10333 10332 10330 
f 10333 10325 10334 10332 
f 10324 10335 10334 10325 
f 10337 10336 10335 10324 
f 10339 10338 10336 10337 
s 2
f 10349 10340 10341 10353 
f 10353 10341 10342 10356 
f 10356 10342 10343 10359 
f 10359 10343 10344 10362 
f 10362 10344 10345 10365 
f 10365 10345 10346 10368 
f 10368 10346 10347 10371 
f 10371 10347 10340 10349 
s 1
f 10350 10348 10351 10352 
f 10352 10351 10354 10355 
f 10355 10354 10357 10358 
f 10358 10357 10360 10361 
f 10361 10360 10363 10364 
f 10364 10363 10366 10367 
f 10367 10366 10369 10370 
f 10370 10369 10348 10350 
s 2
f 10349 10353 10351 10348 
f 10353 10356 10354 10351 
f 10356 10359 10357 10354 
f 10359 10362 10360 10357 
f 10362 10365 10363 10360 
f 10365 10368 10366 10363 
f 10368 10371 10369 10366 
f 10371 10349 10348 10369 
s 1
f 10377 10333 10331 10372 
f 10373 10318 10319 10376 
f 10386 10326 10327 10375 
f 10374 10323 10317 10387 
f 10384 10316 10323 10374 
f 10375 10327 10339 10385 
f 10379 10325 10333 10377 
f 10376 10319 10320 10378 
f 10381 10324 10325 10379 
f 10378 10320 10321 10380 
f 10383 10337 10324 10381 
f 10380 10321 10322 10382 
f 10385 10339 10337 10383 
f 10382 10322 10316 10384 
f 10372 10331 10326 10386 
f 10387 10317 10318 10373 
f 10394 10422 10424 10388 
f 10424 10427 10395 10388 
f 10427 10430 10389 10395 
f 10430 10433 10390 10389 
f 10433 10436 10391 10390 
f 10436 10439 10392 10391 
f 10439 10442 10393 10392 
f 10442 10422 10394 10393 
f 10448 10449 10444 10445 
f 10459 10458 10447 10446 
f 10457 10456 10446 10447 
f 10450 10451 10449 10448 
f 10452 10453 10451 10450 
f 10454 10455 10453 10452 
f 10456 10457 10455 10454 
f 10445 10444 10458 10459 
f 10410 10411 10399 10400 
f 10398 10401 10400 10399 
f 10398 10403 10402 10401 
f 10403 10405 10404 10402 
f 10405 10397 10406 10404 
f 10396 10407 10406 10397 
f 10409 10408 10407 10396 
f 10411 10410 10408 10409 
s 2
f 10421 10412 10413 10425 
f 10425 10413 10414 10428 
f 10428 10414 10415 10431 
f 10431 10415 10416 10434 
f 10434 10416 10417 10437 
f 10437 10417 10418 10440 
f 10440 10418 10419 10443 
f 10443 10419 10412 10421 
s 1
f 10422 10420 10423 10424 
f 10424 10423 10426 10427 
f 10427 10426 10429 10430 
f 10430 10429 10432 10433 
f 10433 10432 10435 10436 
f 10436 10435 10438 10439 
f 10439 10438 10441 10442 
f 10442 10441 10420 10422 
s 2
f 10421 10425 10423 10420 
f 10425 10428 10426 10423 
f 10428 10431 10429 10426 
f 10431 10434 10432 10429 
f 10434 10437 10435 10432 
f 10437 10440 10438 10435 
f 10440 10443 10441 10438 
f 10443 10421 10420 10441 
s 1
f 10449 10405 10403 10444 
f 10445 10390 10391 10448 
f 10458 10398 10399 10447 
f 10446 10395 10389 10459 
f 10456 10388 10395 10446 
f 10447 10399 10411 10457 
f 10451 10397 10405 10449 
f 10448 10391 10392 10450 
f 10453 10396 10397 10451 
f 10450 10392 10393 10452 
f 10455 10409 10396 10453 
f 10452 10393 10394 10454 
f 10457 10411 10409 10455 
f 10454 10394 10388 10456 
f 10444 10403 10398 10458 
f 10459 10389 10390 10445 
f 10466 10494 10496 10460 
f 10496 10499 10467 10460 
f 10499 10502 10461 10467 
f 10502 10505 10462 10461 
f 10505 10508 10463 10462 
f 10508 10511 10464 10463 
f 10511 10514 10465 10464 
f 10514 10494 10466 10465 
f 10520 10521 10516 10517 
f 10531 10530 10519 10518 
f 10529 10528 10518 10519 
f 10522 10523 10521 10520 
f 10524 10525 10523 10522 
f 10526 10527 10525 10524 
f 10528 10529 10527 10526 
f 10517 10516 10530 10531 
f 10482 10483 10471 10472 
f 10470 10473 10472 10471 
f 10470 10475 10474 10473 
f 10475 10477 10476 10474 
f 10477 10469 10478 10476 
f 10468 10479 10478 10469 
f 10481 10480 10479 10468 
f 10483 10482 10480 10481 
s 2
f 10493 10484 10485 10497 
f 10497 10485 10486 10500 
f 10500 10486 10487 10503 
f 10503 10487 10488 10506 
f 10506 10488 10489 10509 
f 10509 10489 10490 10512 
f 10512 10490 10491 10515 
f 10515 10491 10484 10493 
s 1
f 10494 10492 10495 10496 
f 10496 10495 10498 10499 
f 10499 10498 10501 10502 
f 10502 10501 10504 10505 
f 10505 10504 10507 10508 
f 10508 10507 10510 10511 
f 10511 10510 10513 10514 
f 10514 10513 10492 10494 
s 2
f 10493 10497 10495 10492 
f 10497 10500 10498 10495 
f 10500 10503 10501 10498 
f 10503 10506 10504 10501 
f 10506 10509 10507 10504 
f 10509 10512 10510 10507 
f 10512 10515 10513 10510 
f 10515 10493 10492 10513 
s 1
f 10521 10477 10475 10516 
f 10517 10462 10463 10520 
f 10530 10470 10471 10519 
f 10518 10467 10461 10531 
f 10528 10460 10467 10518 
f 10519 10471 10483 10529 
f 10523 10469 10477 10521 
f 10520 10463 10464 10522 
f 10525 10468 10469 10523 
f 10522 10464 10465 10524 
f 10527 10481 10468 10525 
f 10524 10465 10466 10526 
f 10529 10483 10481 10527 
f 10526 10466 10460 10528 
f 10516 10475 10470 10530 
f 10531 10461 10462 10517 
f 10538 10566 10568 10532 
f 10568 10571 10539 10532 
f 10571 10574 10533 10539 
f 10574 10577 10534 10533 
f 10577 10580 10535 10534 
f 10580 10583 10536 10535 
f 10583 10586 10537 10536 
f 10586 10566 10538 10537 
f 10592 10593 10588 10589 
f 10603 10602 10591 10590 
f 10601 10600 10590 10591 
f 10594 10595 10593 10592 
f 10596 10597 10595 10594 
f 10598 10599 10597 10596 
f 10600 10601 10599 10598 
f 10589 10588 10602 10603 
f 10554 10555 10543 10544 
f 10542 10545 10544 10543 
f 10542 10547 10546 10545 
f 10547 10549 10548 10546 
f 10549 10541 10550 10548 
f 10540 10551 10550 10541 
f 10553 10552 10551 10540 
f 10555 10554 10552 10553 
s 2
f 10565 10556 10557 10569 
f 10569 10557 10558 10572 
f 10572 10558 10559 10575 
f 10575 10559 10560 10578 
f 10578 10560 10561 10581 
f 10581 10561 10562 10584 
f 10584 10562 10563 10587 
f 10587 10563 10556 10565 
s 1
f 10566 10564 10567 10568 
f 10568 10567 10570 10571 
f 10571 10570 10573 10574 
f 10574 10573 10576 10577 
f 10577 10576 10579 10580 
f 10580 10579 10582 10583 
f 10583 10582 10585 10586 
f 10586 10585 10564 10566 
s 2
f 10565 10569 10567 10564 
f 10569 10572 10570 10567 
f 10572 10575 10573 10570 
f 10575 10578 10576 10573 
f 10578 10581 10579 10576 
f 10581 10584 10582 10579 
f 10584 10587 10585 10582 
f 10587 10565 10564 10585 
s 1
f 10593 10549 10547 10588 
f 10589 10534 10535 10592 
f 10602 10542 10543 10591 
f 10590 10539 10533 10603 
f 10600 10532 10539 10590 
f 10591 10543 10555 10601 
f 10595 10541 10549 10593 
f 10592 10535 10536 10594 
f 10597 10540 10541 10595 
f 10594 10536 10537 10596 
f 10599 10553 10540 10597 
f 10596 10537 10538 10598 
f 10601 10555 10553 10599 
f 10598 10538 10532 10600 
f 10588 10547 10542 10602 
f 10603 10533 10534 10589 
f 10610 10638 10640 10604 
f 10640 10643 10611 10604 
f 10643 10646 10605 10611 
f 10646 10649 10606 10605 
f 10649 10652 10607 10606 
f 10652 10655 10608 10607 
f 10655 10658 10609 10608 
f 10658 10638 10610 10609 
f 10664 10665 10660 10661 
f 10675 10674 10663 10662 
f 10673 10672 10662 10663 
f 10666 10667 10665 10664 
f 10668 10669 10667 10666 
f 10670 10671 10669 10668 
f 10672 10673 10671 10670 
f 10661 10660 10674 10675 
f 10626 10627 10615 10616 
f 10614 10617 10616 10615 
f 10614 10619 10618 10617 
f 10619 10621 10620 10618 
f 10621 10613 10622 10620 
f 10612 10623 10622 10613 
f 10625 10624 10623 10612 
f 10627 10626 10624 10625 
s 2
f 10637 10628 10629 10641 
f 10641 10629 10630 10644 
f 10644 10630 10631 10647 
f 10647 10631 10632 10650 
f 10650 10632 10633 10653 
f 10653 10633 10634 10656 
f 10656 10634 10635 10659 
f 10659 10635 10628 10637 
s 1
f 10638 10636 10639 10640 
f 10640 10639 10642 10643 
f 10643 10642 10645 10646 
f 10646 10645 10648 10649 
f 10649 10648 10651 10652 
f 10652 10651 10654 10655 
f 10655 10654 10657 10658 
f 10658 10657 10636 10638 
s 2
f 10637 10641 10639 10636 
f 10641 10644 10642 10639 
f 10644 10647 10645 10642 
f 10647 10650 10648 10645 
f 10650 10653 10651 10648 
f 10653 10656 10654 10651 
f 10656 10659 10657 10654 
f 10659 10637 10636 10657 
s 1
f 10665 10621 10619 10660 
f 10661 10606 10607 10664 
f 10674 10614 10615 10663 
f 10662 10611 10605 10675 
f 10672 10604 10611 10662 
f 10663 10615 10627 10673 
f 10667 10613 10621 10665 
f 10664 10607 10608 10666 
f 10669 10612 10613 10667 
f 10666 10608 10609 10668 
f 10671 10625 10612 10669 
f 10668 10609 10610 10670 
f 10673 10627 10625 10671 
f 10670 10610 10604 10672 
f 10660 10619 10614 10674 
f 10675 10605 10606 10661 
f 10682 10710 10712 10676 
f 10712 10715 10683 10676 
f 10715 10718 10677 10683 
f 10718 10721 10678 10677 
f 10721 10724 10679 10678 
f 10724 10727 10680 10679 
f 10727 10730 10681 10680 
f 10730 10710 10682 10681 
f 10736 10737 10732 10733 
f 10747 10746 10735 10734 
f 10745 10744 10734 10735 
f 10738 10739 10737 10736 
f 10740 10741 10739 10738 
f 10742 10743 10741 10740 
f 10744 10745 10743 10742 
f 10733 10732 10746 10747 
f 10698 10699 10687 10688 
f 10686 10689 10688 10687 
f 10686 10691 10690 10689 
f 10691 10693 10692 10690 
f 10693 10685 10694 10692 
f 10684 10695 10694 10685 
f 10697 10696 10695 10684 
f 10699 10698 10696 10697 
s 2
f 10709 10700 10701 10713 
f 10713 10701 10702 10716 
f 10716 10702 10703 10719 
f 10719 10703 10704 10722 
f 10722 10704 10705 10725 
f 10725 10705 10706 10728 
f 10728 10706 10707 10731 
f 10731 10707 10700 10709 
s 1
f 10710 10708 10711 10712 
f 10712 10711 10714 10715 
f 10715 10714 10717 10718 
f 10718 10717 10720 10721 
f 10721 10720 10723 10724 
f 10724 10723 10726 10727 
f 10727 10726 10729 10730 
f 10730 10729 10708 10710 
s 2
f 10709 10713 10711 10708 
f 10713 10716 10714 10711 
f 10716 10719 10717 10714 
f 10719 10722 10720 10717 
f 10722 10725 10723 10720 
f 10725 10728 10726 10723 
f 10728 10731 10729 10726 
f 10731 10709 10708 10729 
s 1
f 10737 10693 10691 10732 
f 10733 10678 10679 10736 
f 10746 10686 10687 10735 
f 10734 10683 10677 10747 
f 10744 10676 10683 10734 
f 10735 10687 10699 10745 
f 10739 10685 10693 10737 
f 10736 10679 10680 10738 
f 10741 10684 10685 10739 
f 10738 10680 10681 10740 
f 10743 10697 10684 10741 
f 10740 10681 10682 10742 
f 10745 10699 10697 10743 
f 10742 10682 10676 10744 
f 10732 10691 10686 10746 
f 10747 10677 10678 10733 
f 10754 10782 10784 10748 
f 10784 10787 10755 10748 
f 10787 10790 10749 10755 
f 10790 10793 10750 10749 
f 10793 10796 10751 10750 
f 10796 10799 10752 10751 
f 10799 10802 10753 10752 
f 10802 10782 10754 10753 
f 10808 10809 10804 10805 
f 10819 10818 10807 10806 
f 10817 10816 10806 10807 
f 10810 10811 10809 10808 
f 10812 10813 10811 10810 
f 10814 10815 10813 10812 
f 10816 10817 10815 10814 
f 10805 10804 10818 10819 
f 10770 10771 10759 10760 
f 10758 10761 10760 10759 
f 10758 10763 10762 10761 
f 10763 10765 10764 10762 
f 10765 10757 10766 10764 
f 10756 10767 10766 10757 
f 10769 10768 10767 10756 
f 10771 10770 10768 10769 
s 2
f 10781 10772 10773 10785 
f 10785 10773 10774 10788 
f 10788 10774 10775 10791 
f 10791 10775 10776 10794 
f 10794 10776 10777 10797 
f 10797 10777 10778 10800 
f 10800 10778 10779 10803 
f 10803 10779 10772 10781 
s 1
f 10782 10780 10783 10784 
f 10784 10783 10786 10787 
f 10787 10786 10789 10790 
f 10790 10789 10792 10793 
f 10793 10792 10795 10796 
f 10796 10795 10798 10799 
f 10799 10798 10801 10802 
f 10802 10801 10780 10782 
s 2
f 10781 10785 10783 10780 
f 10785 10788 10786 10783 
f 10788 10791 10789 10786 
f 10791 10794 10792 10789 
f 10794 10797 10795 10792 
f 10797 10800 10798 10795 
f 10800 10803 10801 10798 
f 10803 10781 10780 10801 
s 1
f 10809 10765 10763 10804 
f 10805 10750 10751 10808 
f 10818 10758 10759 10807 
f 10806 10755 10749 10819 
f 10816 10748 10755 10806 
f 10807 10759 10771 10817 
f 10811 10757 10765 10809 
f 10808 10751 10752 10810 
f 10813 10756 10757 10811 
f 10810 10752 10753 10812 
f 10815 10769 10756 10813 
f 10812 10753 10754 10814 
f 10817 10771 10769 10815 
f 10814 10754 10748 10816 
f 10804 10763 10758 10818 
f 10819 10749 10750 10805 
f 10826 10854 10856 10820 
f 10856 10859 10827 10820 
f 10859 10862 10821 10827 
f 10862 10865 10822 10821 
f 10865 10868 10823 10822 
f 10868 10871 10824 10823 
f 10871 10874 10825 10824 
f 10874 10854 10826 10825 
f 10880 10881 10876 10877 
f 10891 10890 10879 10878 
f 10889 10888 10878 10879 
f 10882 10883 10881 10880 
f 10884 10885 10883 10882 
f 10886 10887 10885 10884 
f 10888 10889 10887 10886 
f 10877 10876 10890 10891 
f 10842 10843 10831 10832 
f 10830 10833 10832 10831 
f 10830 10835 10834 10833 
f 10835 10837 10836 10834 
f 10837 10829 10838 10836 
f 10828 10839 10838 10829 
f 10841 10840 10839 10828 
f 10843 10842 10840 10841 
s 2
f 10853 10844 10845 10857 
f 10857 10845 10846 10860 
f 10860 10846 10847 10863 
f 10863 10847 10848 10866 
f 10866 10848 10849 10869 
f 10869 10849 10850 10872 
f 10872 10850 10851 10875 
f 10875 10851 10844 10853 
s 1
f 10854 10852 10855 10856 
f 10856 10855 10858 10859 
f 10859 10858 10861 10862 
f 10862 10861 10864 10865 
f 10865 10864 10867 10868 
f 10868 10867 10870 10871 
f 10871 10870 10873 10874 
f 10874 10873 10852 10854 
s 2
f 10853 10857 10855 10852 
f 10857 10860 10858 10855 
f 10860 10863 10861 10858 
f 10863 10866 10864 10861 
f 10866 10869 10867 10864 
f 10869 10872 10870 10867 
f 10872 10875 10873 10870 
f 10875 10853 10852 10873 
s 1
f 10881 10837 10835 10876 
f 10877 10822 10823 10880 
f 10890 10830 10831 10879 
f 10878 10827 10821 10891 
f 10888 10820 10827 10878 
f 10879 10831 10843 10889 
f 10883 10829 10837 10881 
f 10880 10823 10824 10882 
f 10885 10828 10829 10883 
f 10882 10824 10825 10884 
f 10887 10841 10828 10885 
f 10884 10825 10826 10886 
f 10889 10843 10841 10887 
f 10886 10826 10820 10888 
f 10876 10835 10830 10890 
f 10891 10821 10822 10877 
f 10898 10926 10928 10892 
f 10928 10931 10899 10892 
f 10931 10934 10893 10899 
f 10934 10937 10894 10893 
f 10937 10940 10895 10894 
f 10940 10943 10896 10895 
f 10943 10946 10897 10896 
f 10946 10926 10898 10897 
f 10952 10953 10948 10949 
f 10963 10962 10951 10950 
f 10961 10960 10950 10951 
f 10954 10955 10953 10952 
f 10956 10957 10955 10954 
f 10958 10959 10957 10956 
f 10960 10961 10959 10958 
f 10949 10948 10962 10963 
f 10914 10915 10903 10904 
f 10902 10905 10904 10903 
f 10902 10907 10906 10905 
f 10907 10909 10908 10906 
f 10909 10901 10910 10908 
f 10900 10911 10910 10901 
f 10913 10912 10911 10900 
f 10915 10914 10912 10913 
s 2
f 10925 10916 10917 10929 
f 10929 10917 10918 10932 
f 10932 10918 10919 10935 
f 10935 10919 10920 10938 
f 10938 10920 10921 10941 
f 10941 10921 10922 10944 
f 10944 10922 10923 10947 
f 10947 10923 10916 10925 
s 1
f 10926 10924 10927 10928 
f 10928 10927 10930 10931 
f 10931 10930 10933 10934 
f 10934 10933 10936 10937 
f 10937 10936 10939 10940 
f 10940 10939 10942 10943 
f 10943 10942 10945 10946 
f 10946 10945 10924 10926 
s 2
f 10925 10929 10927 10924 
f 10929 10932 10930 10927 
f 10932 10935 10933 10930 
f 10935 10938 10936 10933 
f 10938 10941 10939 10936 
f 10941 10944 10942 10939 
f 10944 10947 10945 10942 
f 10947 10925 10924 10945 
s 1
f 10953 10909 10907 10948 
f 10949 10894 10895 10952 
f 10962 10902 10903 10951 
f 10950 10899 10893 10963 
f 10960 10892 10899 10950 
f 10951 10903 10915 10961 
f 10955 10901 10909 10953 
f 10952 10895 10896 10954 
f 10957 10900 10901 10955 
f 10954 10896 10897 10956 
f 10959 10913 10900 10957 
f 10956 10897 10898 10958 
f 10961 10915 10913 10959 
f 10958 10898 10892 10960 
f 10948 10907 10902 10962 
f 10963 10893 10894 10949 
f 10970 10998 11000 10964 
f 11000 11003 10971 10964 
f 11003 11006 10965 10971 
f 11006 11009 10966 10965 
f 11009 11012 10967 10966 
f 11012 11015 10968 10967 
f 11015 11018 10969 10968 
f 11018 10998 10970 10969 
f 11024 11025 11020 11021 
f 11035 11034 11023 11022 
f 11033 11032 11022 11023 
f 11026 11027 11025 11024 
f 11028 11029 11027 11026 
f 11030 11031 11029 11028 
f 11032 11033 11031 11030 
f 11021 11020 11034 11035 
f 10986 10987 10975 10976 
f 10974 10977 10976 10975 
f 10974 10979 10978 10977 
f 10979 10981 10980 10978 
f 10981 10973 10982 10980 
f 10972 10983 10982 10973 
f 10985 10984 10983 10972 
f 10987 10986 10984 10985 
s 2
f 10997 10988 10989 11001 
f 11001 10989 10990 11004 
f 11004 10990 10991 11007 
f 11007 10991 10992 11010 
f 11010 10992 10993 11013 
f 11013 10993 10994 11016 
f 11016 10994 10995 11019 
f 11019 10995 10988 10997 
s 1
f 10998 10996 10999 11000 
f 11000 10999 11002 11003 
f 11003 11002 11005 11006 
f 11006 11005 11008 11009 
f 11009 11008 11011 11012 
f 11012 11011 11014 11015 
f 11015 11014 11017 11018 
f 11018 11017 10996 10998 
s 2
f 10997 11001 10999 10996 
f 11001 11004 11002 10999 
f 11004 11007 11005 11002 
f 11007 11010 11008 11005 
f 11010 11013 11011 11008 
f 11013 11016 11014 11011 
f 11016 11019 11017 11014 
f 11019 10997 10996 11017 
s 1
f 11025 10981 10979 11020 
f 11021 10966 10967 11024 
f 11034 10974 10975 11023 
f 11022 10971 10965 11035 
f 11032 10964 10971 11022 
f 11023 10975 10987 11033 
f 11027 10973 10981 11025 
f 11024 10967 10968 11026 
f 11029 10972 10973 11027 
f 11026 10968 10969 11028 
f 11031 10985 10972 11029 
f 11028 10969 10970 11030 
f 11033 10987 10985 11031 
f 11030 10970 10964 11032 
f 11020 10979 10974 11034 
f 11035 10965 10966 11021 
f 11042 11070 11072 11036 
f 11072 11075 11043 11036 
f 11075 11078 11037 11043 
f 11078 11081 11038 11037 
f 11081 11084 11039 11038 
f 11084 11087 11040 11039 
f 11087 11090 11041 11040 
f 11090 11070 11042 11041 
f 11096 11097 11092 11093 
f 11107 11106 11095 11094 
f 11105 11104 11094 11095 
f 11098 11099 11097 11096 
f 11100 11101 11099 11098 
f 11102 11103 11101 11100 
f 11104 11105 11103 11102 
f 11093 11092 11106 11107 
f 11058 11059 11047 11048 
f 11046 11049 11048 11047 
f 11046 11051 11050 11049 
f 11051 11053 11052 11050 
f 11053 11045 11054 11052 
f 11044 11055 11054 11045 
f 11057 11056 11055 11044 
f 11059 11058 11056 11057 
s 2
f 11069 11060 11061 11073 
f 11073 11061 11062 11076 
f 11076 11062 11063 11079 
f 11079 11063 11064 11082 
f 11082 11064 11065 11085 
f 11085 11065 11066 11088 
f 11088 11066 11067 11091 
f 11091 11067 11060 11069 
s 1
f 11070 11068 11071 11072 
f 11072 11071 11074 11075 
f 11075 11074 11077 11078 
f 11078 11077 11080 11081 
f 11081 11080 11083 11084 
f 11084 11083 11086 11087 
f 11087 11086 11089 11090 
f 11090 11089 11068 11070 
s 2
f 11069 11073 11071 11068 
f 11073 11076 11074 11071 
f 11076 11079 11077 11074 
f 11079 11082 11080 11077 
f 11082 11085 11083 11080 
f 11085 11088 11086 11083 
f 11088 11091 11089 11086 
f 11091 11069 11068 11089 
s 1
f 11097 11053 11051 11092 
f 11093 11038 11039 11096 
f 11106 11046 11047 11095 
f 11094 11043 11037 11107 
f 11104 11036 11043 11094 
f 11095 11047 11059 11105 
f 11099 11045 11053 11097 
f 11096 11039 11040 11098 
f 11101 11044 11045 11099 
f 11098 11040 11041 11100 
f 11103 11057 11044 11101 
f 11100 11041 11042 11102 
f 11105 11059 11057 11103 
f 11102 11042 11036 11104 
f 11092 11051 11046 11106 
f 11107 11037 11038 11093 
f 11114 11142 11144 11108 
f 11144 11147 11115 11108 
f 11147 11150 11109 11115 
f 11150 11153 11110 11109 
f 11153 11156 11111 11110 
f 11156 11159 11112 11111 
f 11159 11162 11113 11112 
f 11162 11142 11114 11113 
f 11168 11169 11164 11165 
f 11179 11178 11167 11166 
f 11177 11176 11166 11167 
f 11170 11171 11169 11168 
f 11172 11173 11171 11170 
f 11174 11175 11173 11172 
f 11176 11177 11175 11174 
f 11165 11164 11178 11179 
f 11130 11131 11119 11120 
f 11118 11121 11120 11119 
f 11118 11123 11122 11121 
f 11123 11125 11124 11122 
f 11125 11117 11126 11124 
f 11116 11127 11126 11117 
f 11129 11128 11127 11116 
f 11131 11130 11128 11129 
s 2
f 11141 11132 11133 11145 
f 11145 11133 11134 11148 
f 11148 11134 11135 11151 
f 11151 11135 11136 11154 
f 11154 11136 11137 11157 
f 11157 11137 11138 11160 
f 11160 11138 11139 11163 
f 11163 11139 11132 11141 
s 1
f 11142 11140 11143 11144 
f 11144 11143 11146 11147 
f 11147 11146 11149 11150 
f 11150 11149 11152 11153 
f 11153 11152 11155 11156 
f 11156 11155 11158 11159 
f 11159 11158 11161 11162 
f 11162 11161 11140 11142 
s 2
f 11141 11145 11143 11140 
f 11145 11148 11146 11143 
f 11148 11151 11149 11146 
f 11151 11154 11152 11149 
f 11154 11157 11155 11152 
f 11157 11160 11158 11155 
f 11160 11163 11161 11158 
f 11163 11141 11140 11161 
s 1
f 11169 11125 11123 11164 
f 11165 11110 11111 11168 
f 11178 11118 11119 11167 
f 11166 11115 11109 11179 
f 11176 11108 11115 11166 
f 11167 11119 11131 11177 
f 11171 11117 11125 11169 
f 11168 11111 11112 11170 
f 11173 11116 11117 11171 
f 11170 11112 11113 11172 
f 11175 11129 11116 11173 
f 11172 11113 11114 11174 
f 11177 11131 11129 11175 
f 11174 11114 11108 11176 
f 11164 11123 11118 11178 
f 11179 11109 11110 11165 
f 11186 11214 11216 11180 
f 11216 11219 11187 11180 
f 11219 11222 11181 11187 
f 11222 11225 11182 11181 
f 11225 11228 11183 11182 
f 11228 11231 11184 11183 
f 11231 11234 11185 11184 
f 11234 11214 11186 11185 
f 11240 11241 11236 11237 
f 11251 11250 11239 11238 
f 11249 11248 11238 11239 
f 11242 11243 11241 11240 
f 11244 11245 11243 11242 
f 11246 11247 11245 11244 
f 11248 11249 11247 11246 
f 11237 11236 11250 11251 
f 11202 11203 11191 11192 
f 11190 11193 11192 11191 
f 11190 11195 11194 11193 
f 11195 11197 11196 11194 
f 11197 11189 11198 11196 
f 11188 11199 11198 11189 
f 11201 11200 11199 11188 
f 11203 11202 11200 11201 
s 2
f 11213 11204 11205 11217 
f 11217 11205 11206 11220 
f 11220 11206 11207 11223 
f 11223 11207 11208 11226 
f 11226 11208 11209 11229 
f 11229 11209 11210 11232 
f 11232 11210 11211 11235 
f 11235 11211 11204 11213 
s 1
f 11214 11212 11215 11216 
f 11216 11215 11218 11219 
f 11219 11218 11221 11222 
f 11222 11221 11224 11225 
f 11225 11224 11227 11228 
f 11228 11227 11230 11231 
f 11231 11230 11233 11234 
f 11234 11233 11212 11214 
s 2
f 11213 11217 11215 11212 
f 11217 11220 11218 11215 
f 11220 11223 11221 11218 
f 11223 11226 11224 11221 
f 11226 11229 11227 11224 
f 11229 11232 11230 11227 
f 11232 11235 11233 11230 
f 11235 11213 11212 11233 
s 1
f 11241 11197 11195 11236 
f 11237 11182 11183 11240 
f 11250 11190 11191 11239 
f 11238 11187 11181 11251 
f 11248 11180 11187 11238 
f 11239 11191 11203 11249 
f 11243 11189 11197 11241 
f 11240 11183 11184 11242 
f 11245 11188 11189 11243 
f 11242 11184 11185 11244 
f 11247 11201 11188 11245 
f 11244 11185 11186 11246 
f 11249 11203 11201 11247 
f 11246 11186 11180 11248 
f 11236 11195 11190 11250 
f 11251 11181 11182 11237 
f 11258 11286 11288 11252 
f 11288 11291 11259 11252 
f 11291 11294 11253 11259 
f 11294 11297 11254 11253 
f 11297 11300 11255 11254 
f 11300 11303 11256 11255 
f 11303 11306 11257 11256 
f 11306 11286 11258 11257 
f 11312 11313 11308 11309 
f 11323 11322 11311 11310 
f 11321 11320 11310 11311 
f 11314 11315 11313 11312 
f 11316 11317 11315 11314 
f 11318 11319 11317 11316 
f 11320 11321 11319 11318 
f 11309 11308 11322 11323 
f 11274 11275 11263 11264 
f 11262 11265 11264 11263 
f 11262 11267 11266 11265 
f 11267 11269 11268 11266 
f 11269 11261 11270 11268 
f 11260 11271 11270 11261 
f 11273 11272 11271 11260 
f 11275 11274 11272 11273 
s 2
f 11285 11276 11277 11289 
f 11289 11277 11278 11292 
f 11292 11278 11279 11295 
f 11295 11279 11280 11298 
f 11298 11280 11281 11301 
f 11301 11281 11282 11304 
f 11304 11282 11283 11307 
f 11307 11283 11276 11285 
s 1
f 11286 11284 11287 11288 
f 11288 11287 11290 11291 
f 11291 11290 11293 11294 
f 11294 11293 11296 11297 
f 11297 11296 11299 11300 
f 11300 11299 11302 11303 
f 11303 11302 11305 11306 
f 11306 11305 11284 11286 
s 2
f 11285 11289 11287 11284 
f 11289 11292 11290 11287 
f 11292 11295 11293 11290 
f 11295 11298 11296 11293 
f 11298 11301 11299 11296 
f 11301 11304 11302 11299 
f 11304 11307 11305 11302 
f 11307 11285 11284 11305 
s 1
f 11313 11269 11267 11308 
f 11309 11254 11255 11312 
f 11322 11262 11263 11311 
f 11310 11259 11253 11323 
f 11320 11252 11259 11310 
f 11311 11263 11275 11321 
f 11315 11261 11269 11313 
f 11312 11255 11256 11314 
f 11317 11260 11261 11315 
f 11314 11256 11257 11316 
f 11319 11273 11260 11317 
f 11316 11257 11258 11318 
f 11321 11275 11273 11319 
f 11318 11258 11252 11320 
f 11308 11267 11262 11322 
f 11323 11253 11254 11309 
f 11330 11358 11360 11324 
f 11360 11363 11331 11324 
f 11363 11366 11325 11331 
f 11366 11369 11326 11325 
f 11369 11372 11327 11326 
f 11372 11375 11328 11327 
f 11375 11378 11329 11328 
f 11378 11358 11330 11329 
f 11384 11385 11380 11381 
f 11395 11394 11383 11382 
f 11393 11392 11382 11383 
f 11386 11387 11385 11384 
f 11388 11389 11387 11386 
f 11390 11391 11389 11388 
f 11392 11393 11391 11390 
f 11381 11380 11394 11395 
f 11346 11347 11335 11336 
f 11334 11337 11336 11335 
f 11334 11339 11338 11337 
f 11339 11341 11340 11338 
f 11341 11333 11342 11340 
f 11332 11343 11342 11333 
f 11345 11344 11343 11332 
f 11347 11346 11344 11345 
s 2
f 11357 11348 11349 11361 
f 11361 11349 11350 11364 
f 11364 11350 11351 11367 
f 11367 11351 11352 11370 
f 11370 11352 11353 11373 
f 11373 11353 11354 11376 
f 11376 11354 11355 11379 
f 11379 11355 11348 11357 
s 1
f 11358 11356 11359 11360 
f 11360 11359 11362 11363 
f 11363 11362 11365 11366 
f 11366 11365 11368 11369 
f 11369 11368 11371 11372 
f 11372 11371 11374 11375 
f 11375 11374 11377 11378 
f 11378 11377 11356 11358 
s 2
f 11357 11361 11359 11356 
f 11361 11364 11362 11359 
f 11364 11367 11365 11362 
f 11367 11370 11368 11365 
f 11370 11373 11371 11368 
f 11373 11376 11374 11371 
f 11376 11379 11377 11374 
f 11379 11357 11356 11377 
s 1
f 11385 11341 11339 11380 
f 11381 11326 11327 11384 
f 11394 11334 11335 11383 
f 11382 11331 11325 11395 
f 11392 11324 11331 11382 
f 11383 11335 11347 11393 
f 11387 11333 11341 11385 
f 11384 11327 11328 11386 
f 11389 11332 11333 11387 
f 11386 11328 11329 11388 
f 11391 11345 11332 11389 
f 11388 11329 11330 11390 
f 11393 11347 11345 11391 
f 11390 11330 11324 11392 
f 11380 11339 11334 11394 
f 11395 11325 11326 11381 
f 11402 11430 11432 11396 
f 11432 11435 11403 11396 
f 11435 11438 11397 11403 
f 11438 11441 11398 11397 
f 11441 11444 11399 11398 
f 11444 11447 11400 11399 
f 11447 11450 11401 11400 
f 11450 11430 11402 11401 
f 11456 11457 11452 11453 
f 11467 11466 11455 11454 
f 11465 11464 11454 11455 
f 11458 11459 11457 11456 
f 11460 11461 11459 11458 
f 11462 11463 11461 11460 
f 11464 11465 11463 11462 
f 11453 11452 11466 11467 
f 11418 11419 11407 11408 
f 11406 11409 11408 11407 
f 11406 11411 11410 11409 
f 11411 11413 11412 11410 
f 11413 11405 11414 11412 
f 11404 11415 11414 11405 
f 11417 11416 11415 11404 
f 11419 11418 11416 11417 
s 2
f 11429 11420 11421 11433 
f 11433 11421 11422 11436 
f 11436 11422 11423 11439 
f 11439 11423 11424 11442 
f 11442 11424 11425 11445 
f 11445 11425 11426 11448 
f 11448 11426 11427 11451 
f 11451 11427 11420 11429 
s 1
f 11430 11428 11431 11432 
f 11432 11431 11434 11435 
f 11435 11434 11437 11438 
f 11438 11437 11440 11441 
f 11441 11440 11443 11444 
f 11444 11443 11446 11447 
f 11447 11446 11449 11450 
f 11450 11449 11428 11430 
s 2
f 11429 11433 11431 11428 
f 11433 11436 11434 11431 
f 11436 11439 11437 11434 
f 11439 11442 11440 11437 
f 11442 11445 11443 11440 
f 11445 11448 11446 11443 
f 11448 11451 11449 11446 
f 11451 11429 11428 11449 
s 1
f 11457 11413 11411 11452 
f 11453 11398 11399 11456 
f 11466 11406 11407 11455 
f 11454 11403 11397 11467 
f 11464 11396 11403 11454 
f 11455 11407 11419 11465 
f 11459 11405 11413 11457 
f 11456 11399 11400 11458 
f 11461 11404 11405 11459 
f 11458 11400 11401 11460 
f 11463 11417 11404 11461 
f 11460 11401 11402 11462 
f 11465 11419 11417 11463 
f 11462 11402 11396 11464 
f 11452 11411 11406 11466 
f 11467 11397 11398 11453 
f 11474 11502 11504 11468 
f 11504 11507 11475 11468 
f 11507 11510 11469 11475 
f 11510 11513 11470 11469 
f 11513 11516 11471 11470 
f 11516 11519 11472 11471 
f 11519 11522 11473 11472 
f 11522 11502 11474 11473 
f 11528 11529 11524 11525 
f 11539 11538 11527 11526 
f 11537 11536 11526 11527 
f 11530 11531 11529 11528 
f 11532 11533 11531 11530 
f 11534 11535 11533 11532 
f 11536 11537 11535 11534 
f 11525 11524 11538 11539 
f 11490 11491 11479 11480 
f 11478 11481 11480 11479 
f 11478 11483 11482 11481 
f 11483 11485 11484 11482 
f 11485 11477 11486 11484 
f 11476 11487 11486 11477 
f 11489 11488 11487 11476 
f 11491 11490 11488 11489 
s 2
f 11501 11492 11493 11505 
f 11505 11493 11494 11508 
f 11508 11494 11495 11511 
f 11511 11495 11496 11514 
f 11514 11496 11497 11517 
f 11517 11497 11498 11520 
f 11520 11498 11499 11523 
f 11523 11499 11492 11501 
s 1
f 11502 11500 11503 11504 
f 11504 11503 11506 11507 
f 11507 11506 11509 11510 
f 11510 11509 11512 11513 
f 11513 11512 11515 11516 
f 11516 11515 11518 11519 
f 11519 11518 11521 11522 
f 11522 11521 11500 11502 
s 2
f 11501 11505 11503 11500 
f 11505 11508 11506 11503 
f 11508 11511 11509 11506 
f 11511 11514 11512 11509 
f 11514 11517 11515 11512 
f 11517 11520 11518 11515 
f 11520 11523 11521 11518 
f 11523 11501 11500 11521 
s 1
f 11529 11485 11483 11524 
f 11525 11470 11471 11528 
f 11538 11478 11479 11527 
f 11526 11475 11469 11539 
f 11536 11468 11475 11526 
f 11527 11479 11491 11537 
f 11531 11477 11485 11529 
f 11528 11471 11472 11530 
f 11533 11476 11477 11531 
f 11530 11472 11473 11532 
f 11535 11489 11476 11533 
f 11532 11473 11474 11534 
f 11537 11491 11489 11535 
f 11534 11474 11468 11536 
f 11524 11483 11478 11538 
f 11539 11469 11470 11525 
f 11546 11574 11576 11540 
f 11576 11579 11547 11540 
f 11579 11582 11541 11547 
f 11582 11585 11542 11541 
f 11585 11588 11543 11542 
f 11588 11591 11544 11543 
f 11591 11594 11545 11544 
f 11594 11574 11546 11545 
f 11600 11601 11596 11597 
f 11611 11610 11599 11598 
f 11609 11608 11598 11599 
f 11602 11603 11601 11600 
f 11604 11605 11603 11602 
f 11606 11607 11605 11604 
f 11608 11609 11607 11606 
f 11597 11596 11610 11611 
f 11562 11563 11551 11552 
f 11550 11553 11552 11551 
f 11550 11555 11554 11553 
f 11555 11557 11556 11554 
f 11557 11549 11558 11556 
f 11548 11559 11558 11549 
f 11561 11560 11559 11548 
f 11563 11562 11560 11561 
s 2
f 11573 11564 11565 11577 
f 11577 11565 11566 11580 
f 11580 11566 11567 11583 
f 11583 11567 11568 11586 
f 11586 11568 11569 11589 
f 11589 11569 11570 11592 
f 11592 11570 11571 11595 
f 11595 11571 11564 11573 
s 1
f 11574 11572 11575 11576 
f 11576 11575 11578 11579 
f 11579 11578 11581 11582 
f 11582 11581 11584 11585 
f 11585 11584 11587 11588 
f 11588 11587 11590 11591 
f 11591 11590 11593 11594 
f 11594 11593 11572 11574 
s 2
f 11573 11577 11575 11572 
f 11577 11580 11578 11575 
f 11580 11583 11581 11578 
f 11583 11586 11584 11581 
f 11586 11589 11587 11584 
f 11589 11592 11590 11587 
f 11592 11595 11593 11590 
f 11595 11573 11572 11593 
s 1
f 11601 11557 11555 11596 
f 11597 11542 11543 11600 
f 11610 11550 11551 11599 
f 11598 11547 11541 11611 
f 11608 11540 11547 11598 
f 11599 11551 11563 11609 
f 11603 11549 11557 11601 
f 11600 11543 11544 11602 
f 11605 11548 11549 11603 
f 11602 11544 11545 11604 
f 11607 11561 11548 11605 
f 11604 11545 11546 11606 
f 11609 11563 11561 11607 
f 11606 11546 11540 11608 
f 11596 11555 11550 11610 
f 11611 11541 11542 11597 
f 11618 11646 11648 11612 
f 11648 11651 11619 11612 
f 11651 11654 11613 11619 
f 11654 11657 11614 11613 
f 11657 11660 11615 11614 
f 11660 11663 11616 11615 
f 11663 11666 11617 11616 
f 11666 11646 11618 11617 
f 11672 11673 11668 11669 
f 11683 11682 11671 11670 
f 11681 11680 11670 11671 
f 11674 11675 11673 11672 
f 11676 11677 11675 11674 
f 11678 11679 11677 11676 
f 11680 11681 11679 11678 
f 11669 11668 11682 11683 
f 11634 11635 11623 11624 
f 11622 11625 11624 11623 
f 11622 11627 11626 11625 
f 11627 11629 11628 11626 
f 11629 11621 11630 11628 
f 11620 11631 11630 11621 
f 11633 11632 11631 11620 
f 11635 11634 11632 11633 
s 2
f 11645 11636 11637 11649 
f 11649 11637 11638 11652 
f 11652 11638 11639 11655 
f 11655 11639 11640 11658 
f 11658 11640 11641 11661 
f 11661 11641 11642 11664 
f 11664 11642 11643 11667 
f 11667 11643 11636 11645 
s 1
f 11646 11644 11647 11648 
f 11648 11647 11650 11651 
f 11651 11650 11653 11654 
f 11654 11653 11656 11657 
f 11657 11656 11659 11660 
f 11660 11659 11662 11663 
f 11663 11662 11665 11666 
f 11666 11665 11644 11646 
s 2
f 11645 11649 11647 11644 
f 11649 11652 11650 11647 
f 11652 11655 11653 11650 
f 11655 11658 11656 11653 
f 11658 11661 11659 11656 
f 11661 11664 11662 11659 
f 11664 11667 11665 11662 
f 11667 11645 11644 11665 
s 1
f 11673 11629 11627 11668 
f 11669 11614 11615 11672 
f 11682 11622 11623 11671 
f 11670 11619 11613 11683 
f 11680 11612 11619 11670 
f 11671 11623 11635 11681 
f 11675 11621 11629 11673 
f 11672 11615 11616 11674 
f 11677 11620 11621 11675 
f 11674 11616 11617 11676 
f 11679 11633 11620 11677 
f 11676 11617 11618 11678 
f 11681 11635 11633 11679 
f 11678 11618 11612 11680 
f 11668 11627 11622 11682 
f 11683 11613 11614 11669 
f 11690 11718 11720 11684 
f 11720 11723 11691 11684 
f 11723 11726 11685 11691 
f 11726 11729 11686 11685 
f 11729 11732 11687 11686 
f 11732 11735 11688 11687 
f 11735 11738 11689 11688 
f 11738 11718 11690 11689 
f 11744 11745 11740 11741 
f 11755 11754 11743 11742 
f 11753 11752 11742 11743 
f 11746 11747 11745 11744 
f 11748 11749 11747 11746 
f 11750 11751 11749 11748 
f 11752 11753 11751 11750 
f 11741 11740 11754 11755 
f 11706 11707 11695 11696 
f 11694 11697 11696 11695 
f 11694 11699 11698 11697 
f 11699 11701 11700 11698 
f 11701 11693 11702 11700 
f 11692 11703 11702 11693 
f 11705 11704 11703 11692 
f 11707 11706 11704 11705 
s 2
f 11717 11708 11709 11721 
f 11721 11709 11710 11724 
f 11724 11710 11711 11727 
f 11727 11711 11712 11730 
f 11730 11712 11713 11733 
f 11733 11713 11714 11736 
f 11736 11714 11715 11739 
f 11739 11715 11708 11717 
s 1
f 11718 11716 11719 11720 
f 11720 11719 11722 11723 
f 11723 11722 11725 11726 
f 11726 11725 11728 11729 
f 11729 11728 11731 11732 
f 11732 11731 11734 11735 
f 11735 11734 11737 11738 
f 11738 11737 11716 11718 
s 2
f 11717 11721 11719 11716 
f 11721 11724 11722 11719 
f 11724 11727 11725 11722 
f 11727 11730 11728 11725 
f 11730 11733 11731 11728 
f 11733 11736 11734 11731 
f 11736 11739 11737 11734 
f 11739 11717 11716 11737 
s 1
f 11745 11701 11699 11740 
f 11741 11686 11687 11744 
f 11754 11694 11695 11743 
f 11742 11691 11685 11755 
f 11752 11684 11691 11742 
f 11743 11695 11707 11753 
f 11747 11693 11701 11745 
f 11744 11687 11688 11746 
f 11749 11692 11693 11747 
f 11746 11688 11689 11748 
f 11751 11705 11692 11749 
f 11748 11689 11690 11750 
f 11753 11707 11705 11751 
f 11750 11690 11684 11752 
f 11740 11699 11694 11754 
f 11755 11685 11686 11741 
f 11762 11790 11792 11756 
f 11792 11795 11763 11756 
f 11795 11798 11757 11763 
f 11798 11801 11758 11757 
f 11801 11804 11759 11758 
f 11804 11807 11760 11759 
f 11807 11810 11761 11760 
f 11810 11790 11762 11761 
f 11816 11817 11812 11813 
f 11827 11826 11815 11814 
f 11825 11824 11814 11815 
f 11818 11819 11817 11816 
f 11820 11821 11819 11818 
f 11822 11823 11821 11820 
f 11824 11825 11823 11822 
f 11813 11812 11826 11827 
f 11778 11779 11767 11768 
f 11766 11769 11768 11767 
f 11766 11771 11770 11769 
f 11771 11773 11772 11770 
f 11773 11765 11774 11772 
f 11764 11775 11774 11765 
f 11777 11776 11775 11764 
f 11779 11778 11776 11777 
s 2
f 11789 11780 11781 11793 
f 11793 11781 11782 11796 
f 11796 11782 11783 11799 
f 11799 11783 11784 11802 
f 11802 11784 11785 11805 
f 11805 11785 11786 11808 
f 11808 11786 11787 11811 
f 11811 11787 11780 11789 
s 1
f 11790 11788 11791 11792 
f 11792 11791 11794 11795 
f 11795 11794 11797 11798 
f 11798 11797 11800 11801 
f 11801 11800 11803 11804 
f 11804 11803 11806 11807 
f 11807 11806 11809 11810 
f 11810 11809 11788 11790 
s 2
f 11789 11793 11791 11788 
f 11793 11796 11794 11791 
f 11796 11799 11797 11794 
f 11799 11802 11800 11797 
f 11802 11805 11803 11800 
f 11805 11808 11806 11803 
f 11808 11811 11809 11806 
f 11811 11789 11788 11809 
s 1
f 11817 11773 11771 11812 
f 11813 11758 11759 11816 
f 11826 11766 11767 11815 
f 11814 11763 11757 11827 
f 11824 11756 11763 11814 
f 11815 11767 11779 11825 
f 11819 11765 11773 11817 
f 11816 11759 11760 11818 
f 11821 11764 11765 11819 
f 11818 11760 11761 11820 
f 11823 11777 11764 11821 
f 11820 11761 11762 11822 
f 11825 11779 11777 11823 
f 11822 11762 11756 11824 
f 11812 11771 11766 11826 
f 11827 11757 11758 11813 
f 11834 11862 11864 11828 
f 11864 11867 11835 11828 
f 11867 11870 11829 11835 
f 11870 11873 11830 11829 
f 11873 11876 11831 11830 
f 11876 11879 11832 11831 
f 11879 11882 11833 11832 
f 11882 11862 11834 11833 
f 11888 11889 11884 11885 
f 11899 11898 11887 11886 
f 11897 11896 11886 11887 
f 11890 11891 11889 11888 
f 11892 11893 11891 11890 
f 11894 11895 11893 11892 
f 11896 11897 11895 11894 
f 11885 11884 11898 11899 
f 11850 11851 11839 11840 
f 11838 11841 11840 11839 
f 11838 11843 11842 11841 
f 11843 11845 11844 11842 
f 11845 11837 11846 11844 
f 11836 11847 11846 11837 
f 11849 11848 11847 11836 
f 11851 11850 11848 11849 
s 2
f 11861 11852 11853 11865 
f 11865 11853 11854 11868 
f 11868 11854 11855 11871 
f 11871 11855 11856 11874 
f 11874 11856 11857 11877 
f 11877 11857 11858 11880 
f 11880 11858 11859 11883 
f 11883 11859 11852 11861 
s 1
f 11862 11860 11863 11864 
f 11864 11863 11866 11867 
f 11867 11866 11869 11870 
f 11870 11869 11872 11873 
f 11873 11872 11875 11876 
f 11876 11875 11878 11879 
f 11879 11878 11881 11882 
f 11882 11881 11860 11862 
s 2
f 11861 11865 11863 11860 
f 11865 11868 11866 11863 
f 11868 11871 11869 11866 
f 11871 11874 11872 11869 
f 11874 11877 11875 11872 
f 11877 11880 11878 11875 
f 11880 11883 11881 11878 
f 11883 11861 11860 11881 
s 1
f 11889 11845 11843 11884 
f 11885 11830 11831 11888 
f 11898 11838 11839 11887 
f 11886 11835 11829 11899 
f 11896 11828 11835 11886 
f 11887 11839 11851 11897 
f 11891 11837 11845 11889 
f 11888 11831 11832 11890 
f 11893 11836 11837 11891 
f 11890 11832 11833 11892 
f 11895 11849 11836 11893 
f 11892 11833 11834 11894 
f 11897 11851 11849 11895 
f 11894 11834 11828 11896 
f 11884 11843 11838 11898 
f 11899 11829 11830 11885 
f 11906 11934 11936 11900 
f 11936 11939 11907 11900 
f 11939 11942 11901 11907 
f 11942 11945 11902 11901 
f 11945 11948 11903 11902 
f 11948 11951 11904 11903 
f 11951 11954 11905 11904 
f 11954 11934 11906 11905 
f 11960 11961 11956 11957 
f 11971 11970 11959 11958 
f 11969 11968 11958 11959 
f 11962 11963 11961 11960 
f 11964 11965 11963 11962 
f 11966 11967 11965 11964 
f 11968 11969 11967 11966 
f 11957 11956 11970 11971 
f 11922 11923 11911 11912 
f 11910 11913 11912 11911 
f 11910 11915 11914 11913 
f 11915 11917 11916 11914 
f 11917 11909 11918 11916 
f 11908 11919 11918 11909 
f 11921 11920 11919 11908 
f 11923 11922 11920 11921 
s 2
f 11933 11924 11925 11937 
f 11937 11925 11926 11940 
f 11940 11926 11927 11943 
f 11943 11927 11928 11946 
f 11946 11928 11929 11949 
f 11949 11929 11930 11952 
f 11952 11930 11931 11955 
f 11955 11931 11924 11933 
s 1
f 11934 11932 11935 11936 
f 11936 11935 11938 11939 
f 11939 11938 11941 11942 
f 11942 11941 11944 11945 
f 11945 11944 11947 11948 
f 11948 11947 11950 11951 
f 11951 11950 11953 11954 
f 11954 11953 11932 11934 
s 2
f 11933 11937 11935 11932 
f 11937 11940 11938 11935 
f 11940 11943 11941 11938 
f 11943 11946 11944 11941 
f 11946 11949 11947 11944 
f 11949 11952 11950 11947 
f 11952 11955 11953 11950 
f 11955 11933 11932 11953 
s 1
f 11961 11917 11915 11956 
f 11957 11902 11903 11960 
f 11970 11910 11911 11959 
f 11958 11907 11901 11971 
f 11968 11900 11907 11958 
f 11959 11911 11923 11969 
f 11963 11909 11917 11961 
f 11960 11903 11904 11962 
f 11965 11908 11909 11963 
f 11962 11904 11905 11964 
f 11967 11921 11908 11965 
f 11964 11905 11906 11966 
f 11969 11923 11921 11967 
f 11966 11906 11900 11968 
f 11956 11915 11910 11970 
f 11971 11901 11902 11957 
f 11978 12006 12008 11972 
f 12008 12011 11979 11972 
f 12011 12014 11973 11979 
f 12014 12017 11974 11973 
f 12017 12020 11975 11974 
f 12020 12023 11976 11975 
f 12023 12026 11977 11976 
f 12026 12006 11978 11977 
f 12032 12033 12028 12029 
f 12043 12042 12031 12030 
f 12041 12040 12030 12031 
f 12034 12035 12033 12032 
f 12036 12037 12035 12034 
f 12038 12039 12037 12036 
f 12040 12041 12039 12038 
f 12029 12028 12042 12043 
f 11994 11995 11983 11984 
f 11982 11985 11984 11983 
f 11982 11987 11986 11985 
f 11987 11989 11988 11986 
f 11989 11981 11990 11988 
f 11980 11991 11990 11981 
f 11993 11992 11991 11980 
f 11995 11994 11992 11993 
s 2
f 12005 11996 11997 12009 
f 12009 11997 11998 12012 
f 12012 11998 11999 12015 
f 12015 11999 12000 12018 
f 12018 12000 12001 12021 
f 12021 12001 12002 12024 
f 12024 12002 12003 12027 
f 12027 12003 11996 12005 
s 1
f 12006 12004 12007 12008 
f 12008 12007 12010 12011 
f 12011 12010 12013 12014 
f 12014 12013 12016 12017 
f 12017 12016 12019 12020 
f 12020 12019 12022 12023 
f 12023 12022 12025 12026 
f 12026 12025 12004 12006 
s 2
f 12005 12009 12007 12004 
f 12009 12012 12010 12007 
f 12012 12015 12013 12010 
f 12015 12018 12016 12013 
f 12018 12021 12019 12016 
f 12021 12024 12022 12019 
f 12024 12027 12025 12022 
f 12027 12005 12004 12025 
s 1
f 12033 11989 11987 12028 
f 12029 11974 11975 12032 
f 12042 11982 11983 12031 
f 12030 11979 11973 12043 
f 12040 11972 11979 12030 
f 12031 11983 11995 12041 
f 12035 11981 11989 12033 
f 12032 11975 11976 12034 
f 12037 11980 11981 12035 
f 12034 11976 11977 12036 
f 12039 11993 11980 12037 
f 12036 11977 11978 12038 
f 12041 11995 11993 12039 
f 12038 11978 11972 12040 
f 12028 11987 11982 12042 
f 12043 11973 11974 12029 
f 12050 12078 12080 12044 
f 12080 12083 12051 12044 
f 12083 12086 12045 12051 
f 12086 12089 12046 12045 
f 12089 12092 12047 12046 
f 12092 12095 12048 12047 
f 12095 12098 12049 12048 
f 12098 12078 12050 12049 
f 12104 12105 12100 12101 
f 12115 12114 12103 12102 
f 12113 12112 12102 12103 
f 12106 12107 12105 12104 
f 12108 12109 12107 12106 
f 12110 12111 12109 12108 
f 12112 12113 12111 12110 
f 12101 12100 12114 12115 
f 12066 12067 12055 12056 
f 12054 12057 12056 12055 
f 12054 12059 12058 12057 
f 12059 12061 12060 12058 
f 12061 12053 12062 12060 
f 12052 12063 12062 12053 
f 12065 12064 12063 12052 
f 12067 12066 12064 12065 
s 2
f 12077 12068 12069 12081 
f 12081 12069 12070 12084 
f 12084 12070 12071 12087 
f 12087 12071 12072 12090 
f 12090 12072 12073 12093 
f 12093 12073 12074 12096 
f 12096 12074 12075 12099 
f 12099 12075 12068 12077 
s 1
f 12078 12076 12079 12080 
f 12080 12079 12082 12083 
f 12083 12082 12085 12086 
f 12086 12085 12088 12089 
f 12089 12088 12091 12092 
f 12092 12091 12094 12095 
f 12095 12094 12097 12098 
f 12098 12097 12076 12078 
s 2
f 12077 12081 12079 12076 
f 12081 12084 12082 12079 
f 12084 12087 12085 12082 
f 12087 12090 12088 12085 
f 12090 12093 12091 12088 
f 12093 12096 12094 12091 
f 12096 12099 12097 12094 
f 12099 12077 12076 12097 
s 1
f 12105 12061 12059 12100 
f 12101 12046 12047 12104 
f 12114 12054 12055 12103 
f 12102 12051 12045 12115 
f 12112 12044 12051 12102 
f 12103 12055 12067 12113 
f 12107 12053 12061 12105 
f 12104 12047 12048 12106 
f 12109 12052 12053 12107 
f 12106 12048 12049 12108 
f 12111 12065 12052 12109 
f 12108 12049 12050 12110 
f 12113 12067 12065 12111 
f 12110 12050 12044 12112 
f 12100 12059 12054 12114 
f 12115 12045 12046 12101 
f 12122 12150 12152 12116 
f 12152 12155 12123 12116 
f 12155 12158 12117 12123 
f 12158 12161 12118 12117 
f 12161 12164 12119 12118 
f 12164 12167 12120 12119 
f 12167 12170 12121 12120 
f 12170 12150 12122 12121 
f 12176 12177 12172 12173 
f 12187 12186 12175 12174 
f 12185 12184 12174 12175 
f 12178 12179 12177 12176 
f 12180 12181 12179 12178 
f 12182 12183 12181 12180 
f 12184 12185 12183 12182 
f 12173 12172 12186 12187 
f 12138 12139 12127 12128 
f 12126 12129 12128 12127 
f 12126 12131 12130 12129 
f 12131 12133 12132 12130 
f 12133 12125 12134 12132 
f 12124 12135 12134 12125 
f 12137 12136 12135 12124 
f 12139 12138 12136 12137 
s 2
f 12149 12140 12141 12153 
f 12153 12141 12142 12156 
f 12156 12142 12143 12159 
f 12159 12143 12144 12162 
f 12162 12144 12145 12165 
f 12165 12145 12146 12168 
f 12168 12146 12147 12171 
f 12171 12147 12140 12149 
s 1
f 12150 12148 12151 12152 
f 12152 12151 12154 12155 
f 12155 12154 12157 12158 
f 12158 12157 12160 12161 
f 12161 12160 12163 12164 
f 12164 12163 12166 12167 
f 12167 12166 12169 12170 
f 12170 12169 12148 12150 
s 2
f 12149 12153 12151 12148 
f 12153 12156 12154 12151 
f 12156 12159 12157 12154 
f 12159 12162 12160 12157 
f 12162 12165 12163 12160 
f 12165 12168 12166 12163 
f 12168 12171 12169 12166 
f 12171 12149 12148 12169 
s 1
f 12177 12133 12131 12172 
f 12173 12118 12119 12176 
f 12186 12126 12127 12175 
f 12174 12123 12117 12187 
f 12184 12116 12123 12174 
f 12175 12127 12139 12185 
f 12179 12125 12133 12177 
f 12176 12119 12120 12178 
f 12181 12124 12125 12179 
f 12178 12120 12121 12180 
f 12183 12137 12124 12181 
f 12180 12121 12122 12182 
f 12185 12139 12137 12183 
f 12182 12122 12116 12184 
f 12172 12131 12126 12186 
f 12187 12117 12118 12173 
f 12197 12221 12224 12201 
f 12213 12209 12207 12203 
f 12215 12219 12207 12209 
f 12221 12197 12219 12215 
f 12203 12230 12228 12213 
f 12233 12254 12228 12230 
f 12246 12242 12240 12236 
f 12248 12252 12240 12242 
f 12254 12233 12252 12248 
f 12261 12246 12236 12257 
f 12263 12284 12261 12257 
f 12276 12272 12270 12266 
f 12278 12282 12270 12272 
f 12284 12263 12282 12278 
f 12291 12276 12266 12287 
f 12293 12314 12291 12287 
f 12306 12302 12300 12296 
f 12308 12312 12300 12302 
f 12314 12293 12312 12308 
f 12224 12306 12296 12201 
s 2
f 12188 12189 12190 12191 
f 12192 12193 12194 12195 
f 12198 12200 12191 
f 12200 12297 12188 12191 
f 12297 12299 12188 
f 12299 12311 12188 
f 12311 12294 12188 
f 12294 12288 12188 
f 12288 12267 12189 12188 
f 12267 12269 12189 
f 12269 12281 12189 
f 12281 12264 12189 
f 12264 12258 12189 
f 12258 12237 12190 12189 
f 12237 12239 12190 
f 12239 12251 12190 
f 12251 12234 12190 
f 12234 12231 12190 
f 12231 12204 12191 12190 
f 12204 12206 12191 
f 12206 12218 12191 
f 12218 12198 12191 
f 12210 12212 12195 
f 12212 12227 12192 12195 
f 12227 12255 12192 
f 12255 12249 12192 
f 12249 12243 12192 
f 12243 12245 12192 
f 12245 12260 12193 12192 
f 12260 12285 12193 
f 12285 12279 12193 
f 12279 12273 12193 
f 12273 12275 12193 
f 12275 12290 12194 12193 
f 12290 12315 12194 
f 12315 12309 12194 
f 12309 12303 12194 
f 12303 12305 12194 
f 12305 12225 12195 12194 
f 12225 12222 12195 
f 12222 12216 12195 
f 12216 12210 12195 
s 1
f 12224 12221 12220 12223 
f 12197 12201 12199 12196 
f 12209 12213 12211 12208 
f 12203 12207 12205 12202 
f 12207 12219 12217 12205 
f 12215 12209 12208 12214 
f 12219 12197 12196 12217 
f 12221 12215 12214 12220 
f 12230 12203 12202 12229 
f 12213 12228 12226 12211 
f 12228 12254 12253 12226 
f 12233 12230 12229 12232 
f 12242 12246 12244 12241 
f 12236 12240 12238 12235 
f 12240 12252 12250 12238 
f 12248 12242 12241 12247 
f 12252 12233 12232 12250 
f 12254 12248 12247 12253 
f 12246 12261 12259 12244 
f 12257 12236 12235 12256 
f 12261 12284 12283 12259 
f 12263 12257 12256 12262 
f 12272 12276 12274 12271 
f 12266 12270 12268 12265 
f 12270 12282 12280 12268 
f 12278 12272 12271 12277 
f 12282 12263 12262 12280 
f 12284 12278 12277 12283 
f 12276 12291 12289 12274 
f 12287 12266 12265 12286 
f 12291 12314 12313 12289 
f 12293 12287 12286 12292 
f 12302 12306 12304 12301 
f 12296 12300 12298 12295 
f 12300 12312 12310 12298 
f 12308 12302 12301 12307 
f 12312 12293 12292 12310 
f 12314 12308 12307 12313 
f 12306 12224 12223 12304 
f 12201 12296 12295 12199 
s 2
f 12200 12198 12196 12199 
f 12297 12200 12199 12295 
f 12299 12297 12295 12298 
f 12311 12299 12298 12310 
f 12294 12311 12310 12292 
f 12288 12294 12292 12286 
f 12267 12288 12286 12265 
f 12269 12267 12265 12268 
f 12281 12269 12268 12280 
f 12264 12281 12280 12262 
f 12258 12264 12262 12256 
f 12237 12258 12256 12235 
f 12239 12237 12235 12238 
f 12251 12239 12238 12250 
f 12234 12251 12250 12232 
f 12231 12234 12232 12229 
f 12204 12231 12229 12202 
f 12206 12204 12202 12205 
f 12218 12206 12205 12217 
f 12198 12218 12217 12196 
f 12212 12210 12208 12211 
f 12227 12212 12211 12226 
f 12255 12227 12226 12253 
f 12249 12255 12253 12247 
f 12243 12249 12247 12241 
f 12245 12243 12241 12244 
f 12260 12245 12244 12259 
f 12285 12260 12259 12283 
f 12279 12285 12283 12277 
f 12273 12279 12277 12271 
f 12275 12273 12271 12274 
f 12290 12275 12274 12289 
f 12315 12290 12289 12313 
f 12309 12315 12313 12307 
f 12303 12309 12307 12301 
f 12305 12303 12301 12304 
f 12225 12305 12304 12223 
f 12222 12225 12223 12220 
f 12216 12222 12220 12214 
f 12210 12216 12214 12208 
s 1
f 12339 12324 12316 12317 
f 12318 12325 12324 12339 
f 12340 12326 12325 12318 
f 12319 12335 12326 12340 
f 12333 12327 12326 12335 
f 12334 12328 12327 12333 
f 12336 12320 12328 12334 
f 12321 12329 12328 12320 
f 12338 12330 12329 12321 
f 12337 12322 12330 12338 
f 12328 12329 12331 12327 
f 12329 12330 12332 12331 
f 12330 12322 12323 12332 
f 12327 12331 12325 12326 
f 12331 12332 12324 12325 
f 12332 12323 12316 12324 
f 12335 12358 12359 12333 
f 12336 12334 12360 12361 
f 12334 12333 12359 12360 
f 12353 12358 12362 12357 
f 12336 12361 12390 12391 
f 12337 12338 12387 12393 
f 12338 12321 12388 12387 
f 12321 12320 12392 12388 
f 12319 12340 12377 12376 
s 2
f 12345 12347 12341 
f 12347 12350 12341 
f 12350 12354 12341 
f 12354 12356 12341 
f 12356 12380 12379 12341 
s 1
f 12679 12680 12342 12401 
f 12680 12681 12342 
f 12681 12682 12402 12342 
f 12351 12353 12352 12349 
f 12344 12348 12346 12343 
f 12348 12351 12349 12346 
f 12353 12357 12355 12352 
f 12357 12381 12384 12355 
s 2
f 12347 12345 12343 12346 
f 12350 12347 12346 12349 
f 12354 12350 12349 12352 
f 12356 12354 12352 12355 
f 12345 12396 12389 12343 
s 1
f 12358 12353 12351 12359 
f 12360 12348 12344 12361 
f 12359 12351 12348 12360 
f 12358 12335 12319 12362 
f 12361 12344 12386 12390 
f 12364 12392 12391 12363 
s 2
f 12368 12396 12395 12367 
s 1
f 12560 12386 12389 12369 
f 12375 12385 12376 12371 
f 12475 12382 12378 12478 
f 12479 12383 12382 12475 
f 12372 12377 12383 12479 
f 12708 12404 12397 
s 2
f 12373 12380 12384 12374 
s 1
f 12482 12381 12385 12375 
f 12377 12372 12371 12376 
s 2
f 12380 12373 12483 12379 
s 1
f 12381 12482 12374 12384 
f 12385 12362 12319 12376 
f 12382 12339 12317 12378 
f 12383 12318 12339 12382 
f 12377 12340 12318 12383 
f 12709 12678 12403 12398 
s 2
f 12380 12356 12355 12384 
s 1
f 12381 12357 12362 12385 
f 12390 12370 12363 12391 
f 12387 12365 12366 12393 
f 12388 12578 12365 12387 
f 12392 12364 12578 12388 
f 12683 12684 12490 12394 
s 2
f 12396 12368 12369 12389 
s 1
f 12386 12560 12370 12390 
f 12392 12320 12336 12391 
s 2
f 12396 12345 12341 12395 
s 1
f 12386 12344 12343 12389 
f 12760 12733 12735 12763 
f 12727 12404 12398 12724 
f 12753 12727 12724 12718 
f 12760 12712 12739 12733 
f 12712 12394 12490 12739 
f 12735 12491 12399 12763 
f 12783 12786 12769 12766 
f 12712 12714 12394 
f 12769 12786 12742 12714 
f 12742 12402 12394 12714 
f 12756 12771 12780 12783 
f 12398 12771 12775 
f 12398 12775 12724 
f 12401 12778 12780 12403 
f 12727 12729 12397 12404 
f 12399 12718 12720 
f 12399 12720 12756 
f 12399 12756 12783 12766 
f 12399 12766 12763 
f 12735 12747 12491 
f 12778 12401 12342 12744 
f 12753 12718 12399 12400 
f 12751 12753 12400 
f 12742 12744 12342 12402 
f 12682 12683 12394 12402 
f 12780 12771 12398 12403 
f 12678 12679 12401 12403 
f 12708 12709 12398 12404 
f 12405 12408 12407 12406 
f 12409 12405 12406 12410 
f 12411 12409 12410 12412 
f 12413 12411 12412 12414 
f 12415 12414 12412 12416 
f 12417 12415 12416 12418 
f 12419 12417 12418 12420 
f 12421 12420 12418 12422 
f 12423 12421 12422 12424 
f 12425 12423 12424 12426 
f 12418 12416 12427 12422 
f 12422 12427 12428 12424 
f 12424 12428 12429 12426 
f 12416 12412 12410 12427 
f 12427 12410 12406 12428 
f 12428 12406 12407 12429 
f 12414 12415 12431 12430 
f 12419 12433 12432 12417 
f 12417 12432 12431 12415 
f 12434 12436 12435 12430 
f 12419 12438 12437 12433 
f 12425 12440 12439 12423 
f 12423 12439 12441 12421 
f 12421 12441 12442 12420 
f 12413 12444 12443 12411 
s 2
f 12445 12447 12446 
f 12446 12447 12448 
f 12448 12447 12449 
f 12449 12447 12450 
f 12450 12447 12452 12451 
s 1
f 12705 12454 12453 12704 
f 12704 12453 12703 
f 12703 12453 12455 12702 
f 12456 12458 12457 12434 
f 12459 12462 12461 12460 
f 12460 12461 12458 12456 
f 12434 12457 12463 12436 
f 12436 12463 12465 12464 
s 2
f 12446 12461 12462 12445 
f 12448 12458 12461 12446 
f 12449 12457 12458 12448 
f 12450 12463 12457 12449 
f 12445 12462 12467 12466 
s 1
f 12430 12431 12456 12434 
f 12432 12433 12459 12460 
f 12431 12432 12460 12456 
f 12430 12435 12413 12414 
f 12433 12437 12468 12459 
f 12647 12469 12438 12442 
s 2
f 12470 12472 12471 12466 
s 1
f 12649 12473 12467 12468 
f 12375 12371 12444 12474 
f 12475 12478 12477 12476 
f 12479 12475 12476 12480 
f 12372 12479 12480 12443 
f 12708 12397 12481 
s 2
f 12373 12374 12465 12451 
s 1
f 12482 12375 12474 12464 
f 12443 12444 12371 12372 
s 2
f 12451 12452 12483 12373 
s 1
f 12464 12465 12374 12482 
f 12474 12444 12413 12435 
f 12476 12477 12408 12405 
f 12480 12476 12405 12409 
f 12443 12480 12409 12411 
f 12707 12485 12484 12706 
s 2
f 12451 12465 12463 12450 
s 1
f 12464 12474 12435 12436 
f 12437 12438 12469 12486 
f 12439 12440 12487 12657 
f 12441 12439 12657 12658 
f 12442 12441 12658 12647 
f 12701 12488 12493 12700 
s 2
f 12466 12467 12473 12470 
s 1
f 12468 12437 12486 12649 
f 12442 12438 12419 12420 
s 2
f 12466 12471 12447 12445 
s 1
f 12468 12467 12462 12459 
f 12796 12798 12790 12792 
f 12802 12810 12485 12481 
f 12804 12808 12810 12802 
f 12796 12792 12816 12814 
f 12814 12816 12493 12488 
f 12790 12798 12489 12494 
f 12822 12826 12828 12820 
f 12814 12488 12832 
f 12828 12832 12838 12820 
f 12838 12832 12488 12455 
f 12843 12822 12846 12841 
f 12485 12850 12841 
f 12485 12810 12850 
f 12454 12484 12846 12852 
f 12802 12481 12397 12729 
f 12489 12856 12808 
f 12489 12843 12856 
f 12489 12826 12822 12843 
f 12489 12798 12826 
f 12790 12494 12865 
f 12852 12858 12453 12454 
f 12804 12400 12489 12808 
f 12751 12400 12804 
f 12838 12455 12453 12858 
f 12702 12455 12488 12701 
f 12846 12484 12485 12841 
f 12706 12484 12454 12705 
f 12708 12481 12485 12707 
f 12862 12739 12490 
f 12492 12400 12399 12491 
f 12493 12816 12834 
f 12494 12489 12400 12492 
f 12495 12498 12497 12496 
f 12499 12495 12496 12500 
f 12501 12499 12500 12502 
f 12503 12501 12502 12504 
f 12505 12504 12502 12506 
f 12507 12505 12506 12508 
f 12509 12507 12508 12510 
f 12511 12510 12508 12512 
f 12513 12511 12512 12514 
f 12515 12513 12514 12516 
f 12508 12506 12517 12512 
f 12512 12517 12518 12514 
f 12514 12518 12519 12516 
f 12506 12502 12500 12517 
f 12517 12500 12496 12518 
f 12518 12496 12497 12519 
f 12504 12505 12521 12520 
f 12509 12523 12522 12507 
f 12507 12522 12521 12505 
f 12524 12526 12525 12520 
f 12509 12528 12527 12523 
f 12515 12530 12529 12513 
f 12513 12529 12531 12511 
f 12511 12531 12532 12510 
f 12503 12534 12533 12501 
s 2
f 12535 12537 12536 
f 12536 12537 12538 
f 12538 12537 12539 
f 12539 12537 12540 
f 12540 12537 12542 12541 
s 1
f 12689 12544 12543 12688 
f 12688 12543 12687 
f 12687 12543 12545 12686 
f 12546 12548 12547 12524 
f 12549 12552 12551 12550 
f 12550 12551 12548 12546 
f 12524 12547 12553 12526 
f 12526 12553 12555 12554 
s 2
f 12536 12551 12552 12535 
f 12538 12548 12551 12536 
f 12539 12547 12548 12538 
f 12540 12553 12547 12539 
f 12535 12552 12557 12556 
s 1
f 12520 12521 12546 12524 
f 12522 12523 12549 12550 
f 12521 12522 12550 12546 
f 12520 12525 12503 12504 
f 12523 12527 12558 12549 
f 12364 12363 12528 12532 
s 2
f 12368 12367 12559 12556 
s 1
f 12560 12369 12557 12558 
f 12561 12563 12534 12562 
f 12564 12567 12566 12565 
f 12568 12564 12565 12569 
f 12570 12568 12569 12533 
f 12692 12572 12571 
s 2
f 12573 12574 12555 12541 
s 1
f 12575 12561 12562 12554 
f 12533 12534 12563 12570 
s 2
f 12541 12542 12576 12573 
s 1
f 12554 12555 12574 12575 
f 12562 12534 12503 12525 
f 12565 12566 12498 12495 
f 12569 12565 12495 12499 
f 12533 12569 12499 12501 
f 12691 12580 12577 12690 
s 2
f 12541 12555 12553 12540 
s 1
f 12554 12562 12525 12526 
f 12527 12528 12363 12370 
f 12529 12530 12366 12365 
f 12531 12529 12365 12578 
f 12532 12531 12578 12364 
f 12685 12579 12490 12684 
s 2
f 12556 12557 12369 12368 
s 1
f 12558 12527 12370 12560 
f 12532 12528 12509 12510 
s 2
f 12556 12559 12537 12535 
s 1
f 12558 12557 12552 12549 
f 12874 12876 12868 12870 
f 12880 12888 12580 12571 
f 12882 12886 12888 12880 
f 12874 12870 12894 12892 
f 12892 12894 12490 12579 
f 12868 12876 12581 12491 
f 12900 12904 12906 12898 
f 12892 12579 12910 
f 12906 12910 12913 12898 
f 12913 12910 12579 12545 
f 12918 12900 12921 12916 
f 12580 12925 12916 
f 12580 12888 12925 
f 12544 12577 12921 12927 
f 12880 12571 12572 12931 
f 12581 12934 12886 
f 12581 12918 12934 
f 12581 12904 12900 12918 
f 12581 12876 12904 
f 12868 12491 12747 
f 12927 12936 12543 12544 
f 12882 12582 12581 12886 
f 12939 12582 12882 
f 12913 12545 12543 12936 
f 12686 12545 12579 12685 
f 12921 12577 12580 12916 
f 12690 12577 12544 12689 
f 12692 12571 12580 12691 
f 12583 12586 12585 12584 
f 12587 12588 12586 12583 
f 12589 12590 12588 12587 
f 12591 12592 12590 12589 
f 12593 12594 12590 12592 
f 12595 12596 12594 12593 
f 12597 12598 12596 12595 
f 12599 12600 12596 12598 
f 12601 12602 12600 12599 
f 12603 12604 12602 12601 
f 12596 12600 12605 12594 
f 12600 12602 12606 12605 
f 12602 12604 12607 12606 
f 12594 12605 12588 12590 
f 12605 12606 12586 12588 
f 12606 12607 12585 12586 
f 12592 12609 12608 12593 
f 12597 12595 12611 12610 
f 12595 12593 12608 12611 
f 12612 12609 12614 12613 
f 12597 12610 12616 12615 
f 12603 12601 12618 12617 
f 12601 12599 12619 12618 
f 12599 12598 12620 12619 
f 12591 12589 12622 12621 
s 2
f 12623 12625 12624 
f 12625 12626 12624 
f 12626 12627 12624 
f 12627 12628 12624 
f 12628 12630 12629 12624 
s 1
f 12695 12696 12632 12631 
f 12696 12697 12632 
f 12697 12698 12633 12632 
f 12634 12612 12636 12635 
f 12637 12640 12639 12638 
f 12640 12634 12635 12639 
f 12612 12613 12641 12636 
f 12613 12643 12642 12641 
s 2
f 12625 12623 12638 12639 
f 12626 12625 12639 12635 
f 12627 12626 12635 12636 
f 12628 12627 12636 12641 
f 12623 12645 12644 12638 
s 1
f 12609 12612 12634 12608 
f 12611 12640 12637 12610 
f 12608 12634 12640 12611 
f 12609 12592 12591 12614 
f 12610 12637 12646 12616 
f 12647 12620 12615 12469 
s 2
f 12470 12645 12648 12472 
s 1
f 12649 12646 12644 12473 
f 12561 12650 12621 12563 
f 12564 12652 12651 12567 
f 12568 12653 12652 12564 
f 12570 12622 12653 12568 
f 12692 12654 12572 
s 2
f 12573 12630 12642 12574 
s 1
f 12575 12643 12650 12561 
f 12622 12570 12563 12621 
s 2
f 12630 12573 12576 12629 
s 1
f 12643 12575 12574 12642 
f 12650 12614 12591 12621 
f 12652 12583 12584 12651 
f 12653 12587 12583 12652 
f 12622 12589 12587 12653 
f 12693 12694 12656 12655 
s 2
f 12630 12628 12641 12642 
s 1
f 12643 12613 12614 12650 
f 12616 12486 12469 12615 
f 12618 12657 12487 12617 
f 12619 12658 12657 12618 
f 12620 12647 12658 12619 
f 12699 12700 12493 12659 
s 2
f 12645 12470 12473 12644 
s 1
f 12646 12649 12486 12616 
f 12620 12598 12597 12615 
s 2
f 12645 12623 12624 12648 
s 1
f 12646 12637 12638 12644 
f 12945 12949 12951 12943 
f 12963 12654 12655 12955 
f 12961 12963 12955 12957 
f 12945 12969 12967 12949 
f 12969 12659 12493 12967 
f 12951 12494 12660 12943 
f 12979 12981 12973 12975 
f 12969 12984 12659 
f 12973 12981 12987 12984 
f 12987 12633 12659 12984 
f 12991 12993 12997 12979 
f 12655 12993 12999 
f 12655 12999 12955 
f 12631 13003 12997 12656 
f 12963 12931 12572 12654 
f 12660 12957 13005 
f 12660 13005 12991 
f 12660 12991 12979 12975 
f 12660 12975 12943 
f 12951 12865 12494 
f 13003 12631 12632 13009 
f 12961 12957 12660 12582 
f 12939 12961 12582 
f 12987 13009 12632 12633 
f 12698 12699 12659 12633 
f 12997 12993 12655 12656 
f 12694 12695 12631 12656 
f 12692 12693 12655 12654 
f 12862 12490 12894 
f 12492 12491 12581 12582 
f 12493 12834 12967 
f 12494 12492 12582 12660 
s 2
f 12715 12711 13015 13011 
f 12721 12717 13021 13017 
s 4
f 12717 12723 13024 13021 
s 2
f 12730 12726 13030 13026 
f 12736 12732 13036 13032 
s 4
f 12732 12738 13039 13036 
s 2
f 12745 12741 13045 13041 
s 4
f 12748 12736 13032 13047 
s 2
f 12754 12750 13054 13050 
s 4
f 12726 12754 13050 13030 
f 12757 12721 13017 13056 
f 12711 12759 13060 13015 
s 2
f 12759 12762 13063 13060 
s 4
f 12762 12765 13066 13063 
s 2
f 12765 12768 13069 13066 
f 12772 12757 13056 13071 
f 12723 12774 13075 13024 
s 4
f 12774 12772 13071 13075 
s 2
f 12781 12777 13081 13077 
s 4
f 12784 12781 13077 13083 
s 2
f 12787 12784 13083 13086 
s 4
f 12741 12787 13086 13045 
f 12768 12715 13011 13069 
f 12777 12745 13041 13081 
s 2
f 12793 12789 13093 13089 
f 12799 12795 13099 13095 
f 12805 12801 13105 13101 
f 12811 12807 13111 13107 
s 4
f 12795 12813 13114 13099 
f 12817 12793 13089 13116 
s 2
f 12823 12819 13123 13119 
f 12829 12825 13129 13125 
f 12813 12831 13132 13114 
f 12835 12817 13116 13134 
s 4
f 12819 12837 13138 13123 
f 12831 12829 13125 13132 
s 2
f 12844 12840 13144 13140 
s 4
f 12847 12823 13119 13146 
f 12840 12849 13150 13144 
s 8
f 12849 12811 13107 13150 
s 2
f 12853 12847 13146 13152 
s 4
f 12801 12730 13026 13105 
f 12807 12855 13156 13111 
s 8
f 12855 12844 13140 13156 
s 4
f 12825 12799 13095 13129 
f 12859 12853 13152 13158 
f 12750 12805 13101 13054 
s 2
f 12837 12859 13158 13138 
f 12738 12861 13162 13039 
s 4
f 12789 12864 13165 13093 
s 2
f 12871 12867 13171 13167 
f 12877 12873 13177 13173 
f 12883 12879 13183 13179 
f 12889 12885 13189 13185 
s 4
f 12873 12891 13192 13177 
f 12895 12871 13167 13194 
s 2
f 12901 12897 13201 13197 
f 12907 12903 13207 13203 
f 12891 12909 13210 13192 
s 4
f 12897 12912 13213 13201 
f 12909 12907 13203 13210 
s 2
f 12919 12915 13219 13215 
s 4
f 12922 12901 13197 13221 
f 12915 12924 13225 13219 
s 8
f 12924 12889 13185 13225 
s 2
f 12928 12922 13221 13227 
s 4
f 12879 12930 13231 13183 
f 12885 12933 13234 13189 
s 8
f 12933 12919 13215 13234 
s 4
f 12903 12877 13173 13207 
f 12867 12748 13047 13171 
f 12937 12928 13227 13236 
f 12940 12883 13179 13239 
s 2
f 12912 12937 13236 13213 
f 12946 12942 13246 13242 
f 12952 12948 13252 13248 
f 12958 12954 13258 13254 
f 12964 12960 13264 13260 
s 4
f 12948 12966 13267 13252 
f 12970 12946 13242 13269 
s 2
f 12976 12972 13276 13272 
f 12982 12978 13282 13278 
f 12985 12970 13269 13284 
s 4
f 12972 12985 13284 13276 
f 12988 12982 13278 13287 
s 2
f 12994 12990 13294 13290 
s 4
f 12978 12996 13297 13282 
f 13000 12994 13290 13299 
s 8
f 12954 13000 13299 13258 
s 2
f 12996 13002 13303 13297 
s 8
f 12930 12964 13260 13231 
s 4
f 13006 12958 13254 13305 
s 8
f 12990 13006 13305 13294 
s 4
f 12942 12976 13272 13246 
f 12864 12952 13248 13165 
f 13002 13008 13309 13303 
s 8
f 12960 12940 13239 13264 
s 2
f 13008 12988 13287 13309 
f 12861 12895 13194 13162 
f 12966 12835 13134 13267 
s 1
f 13012 13014 12661 
f 13014 13059 12661 
f 13059 13062 12661 
f 13062 13065 12661 
f 13065 13068 12661 
f 13068 13012 12661 
f 13018 13020 12662 
f 13020 13023 12662 
f 13023 13074 12662 
f 13074 13072 12662 
f 13072 13057 12662 
f 13057 13018 12662 
f 13027 13029 12663 
f 13029 13051 12663 
f 13051 13053 12663 
f 13053 13102 12663 
f 13102 13104 12663 
f 13104 13027 12663 
f 13033 13035 12664 
f 13035 13038 12664 
f 13038 13161 12664 
f 13161 13195 12664 
f 13195 13168 12664 
f 13168 13170 12664 
f 13170 13048 12664 
f 13048 13033 12664 
f 13042 13044 12665 
f 13044 13087 12665 
f 13087 13084 12665 
f 13084 13078 12665 
f 13078 13080 12665 
f 13080 13042 12665 
f 13090 13092 12666 
f 13092 13164 12666 
f 13164 13249 12666 
f 13249 13251 12666 
f 13251 13266 12666 
f 13266 13135 12666 
f 13135 13117 12666 
f 13117 13090 12666 
f 13096 13098 12667 
f 13098 13113 12667 
f 13113 13131 12667 
f 13131 13126 12667 
f 13126 13128 12667 
f 13128 13096 12667 
f 13108 13110 12668 
f 13110 13155 12668 
f 13155 13141 12668 
f 13141 13143 12668 
f 13143 13149 12668 
f 13149 13108 12668 
f 13120 13122 12669 
f 13122 13137 12669 
f 13137 13159 12669 
f 13159 13153 12669 
f 13153 13147 12669 
f 13147 13120 12669 
f 13174 13176 12670 
f 13176 13191 12670 
f 13191 13209 12670 
f 13209 13204 12670 
f 13204 13206 12670 
f 13206 13174 12670 
f 13180 13182 12671 
f 13182 13230 12671 
f 13230 13261 12671 
f 13261 13263 12671 
f 13263 13240 12671 
f 13240 13180 12671 
f 13186 13188 12672 
f 13188 13233 12672 
f 13233 13216 12672 
f 13216 13218 12672 
f 13218 13224 12672 
f 13224 13186 12672 
f 13198 13200 12673 
f 13200 13212 12673 
f 13212 13237 12673 
f 13237 13228 12673 
f 13228 13222 12673 
f 13222 13198 12673 
f 13243 13245 12674 
f 13245 13273 12674 
f 13273 13275 12674 
f 13275 13285 12674 
f 13285 13270 12674 
f 13270 13243 12674 
f 13255 13257 12675 
f 13257 13300 12675 
f 13300 13291 12675 
f 13291 13293 12675 
f 13293 13306 12675 
f 13306 13255 12675 
f 13279 13281 12676 
f 13281 13296 12676 
f 13296 13302 12676 
f 13302 13308 12676 
f 13308 13288 12676 
f 13288 13279 12676 
s 2
f 12341 12379 12677 
f 12367 12395 12677 
f 12379 12483 12677 
f 12395 12341 12677 
f 12452 12447 12677 
f 12471 12472 12677 
f 12483 12452 12677 
f 12447 12471 12677 
f 12542 12537 12677 
f 12559 12367 12677 
f 12576 12542 12677 
f 12537 12559 12677 
f 12624 12629 12677 
f 12472 12648 12677 
f 12629 12576 12677 
f 12648 12624 12677 
s 1
f 12317 12316 12679 12678 
f 12316 12323 12680 12679 
f 12323 12322 12681 12680 
f 12322 12337 12682 12681 
f 12337 12393 12683 12682 
f 12393 12366 12684 12683 
f 12366 12530 12685 12684 
f 12530 12515 12686 12685 
f 12515 12516 12687 12686 
f 12516 12519 12688 12687 
f 12519 12497 12689 12688 
f 12497 12498 12690 12689 
f 12498 12566 12691 12690 
f 12566 12567 12692 12691 
f 12567 12651 12693 12692 
f 12651 12584 12694 12693 
f 12584 12585 12695 12694 
f 12585 12607 12696 12695 
f 12607 12604 12697 12696 
f 12604 12603 12698 12697 
f 12603 12617 12699 12698 
f 12617 12487 12700 12699 
f 12487 12440 12701 12700 
f 12440 12425 12702 12701 
f 12425 12426 12703 12702 
f 12426 12429 12704 12703 
f 12429 12407 12705 12704 
f 12407 12408 12706 12705 
f 12408 12477 12707 12706 
f 12477 12478 12708 12707 
f 12478 12378 12709 12708 
f 12378 12317 12678 12709 
f 12735 12733 12731 12734 
f 12760 12763 12761 12758 
f 12727 12753 12752 12725 
f 12718 12724 12722 12716 
f 12712 12760 12758 12710 
f 12733 12739 12737 12731 
f 12786 12783 12782 12785 
f 12766 12769 12767 12764 
f 12714 12712 12710 12713 
f 12742 12786 12785 12740 
f 12769 12714 12713 12767 
f 12771 12756 12755 12770 
f 12783 12780 12779 12782 
f 12775 12771 12770 12773 
f 12724 12775 12773 12722 
f 12780 12778 12776 12779 
f 12729 12727 12725 12728 
f 12720 12718 12716 12719 
f 12756 12720 12719 12755 
f 12763 12766 12764 12761 
f 12747 12735 12734 12746 
f 12778 12744 12743 12776 
f 12753 12751 12749 12752 
f 12744 12742 12740 12743 
f 12798 12796 12794 12797 
f 12792 12790 12788 12791 
f 12810 12808 12806 12809 
f 12804 12802 12800 12803 
f 12816 12792 12791 12815 
f 12796 12814 12812 12794 
f 12828 12826 12824 12827 
f 12822 12820 12818 12821 
f 12814 12832 12830 12812 
f 12832 12828 12827 12830 
f 12820 12838 12836 12818 
f 12843 12841 12839 12842 
f 12846 12822 12821 12845 
f 12841 12850 12848 12839 
f 12850 12810 12809 12848 
f 12852 12846 12845 12851 
f 12802 12729 12728 12800 
f 12808 12856 12854 12806 
f 12856 12843 12842 12854 
f 12826 12798 12797 12824 
f 12790 12865 12863 12788 
f 12858 12852 12851 12857 
f 12751 12804 12803 12749 
f 12838 12858 12857 12836 
f 12739 12862 12860 12737 
f 12834 12816 12815 12833 
f 12876 12874 12872 12875 
f 12870 12868 12866 12869 
f 12888 12886 12884 12887 
f 12882 12880 12878 12881 
f 12894 12870 12869 12893 
f 12874 12892 12890 12872 
f 12906 12904 12902 12905 
f 12900 12898 12896 12899 
f 12892 12910 12908 12890 
f 12910 12906 12905 12908 
f 12898 12913 12911 12896 
f 12918 12916 12914 12917 
f 12921 12900 12899 12920 
f 12916 12925 12923 12914 
f 12925 12888 12887 12923 
f 12927 12921 12920 12926 
f 12880 12931 12929 12878 
f 12886 12934 12932 12884 
f 12934 12918 12917 12932 
f 12904 12876 12875 12902 
f 12868 12747 12746 12866 
f 12936 12927 12926 12935 
f 12939 12882 12881 12938 
f 12913 12936 12935 12911 
f 12951 12949 12947 12950 
f 12945 12943 12941 12944 
f 12963 12961 12959 12962 
f 12957 12955 12953 12956 
f 12969 12945 12944 12968 
f 12949 12967 12965 12947 
f 12981 12979 12977 12980 
f 12975 12973 12971 12974 
f 12984 12969 12968 12983 
f 12987 12981 12980 12986 
f 12973 12984 12983 12971 
f 12993 12991 12989 12992 
f 12979 12997 12995 12977 
f 12999 12993 12992 12998 
f 12955 12999 12998 12953 
f 12997 13003 13001 12995 
f 12931 12963 12962 12929 
f 13005 12957 12956 13004 
f 12991 13005 13004 12989 
f 12943 12975 12974 12941 
f 12865 12951 12950 12863 
f 13003 13009 13007 13001 
f 12961 12939 12938 12959 
f 13009 12987 12986 13007 
f 12862 12894 12893 12860 
f 12967 12834 12833 12965 
s 2
f 12711 12715 12713 12710 
f 13011 13015 13013 13010 
f 12717 12721 12719 12716 
f 13017 13021 13019 13016 
s 4
f 12723 12717 12716 12722 
f 13021 13024 13022 13019 
s 2
f 12726 12730 12728 12725 
f 13026 13030 13028 13025 
f 12732 12736 12734 12731 
f 13032 13036 13034 13031 
s 4
f 12738 12732 12731 12737 
f 13036 13039 13037 13034 
s 2
f 12741 12745 12743 12740 
f 13041 13045 13043 13040 
s 4
f 12736 12748 12746 12734 
f 13047 13032 13031 13046 
s 2
f 12750 12754 12752 12749 
f 13050 13054 13052 13049 
s 4
f 12754 12726 12725 12752 
f 13030 13050 13049 13028 
f 12721 12757 12755 12719 
f 13056 13017 13016 13055 
f 12759 12711 12710 12758 
f 13015 13060 13058 13013 
s 2
f 12762 12759 12758 12761 
f 13060 13063 13061 13058 
s 4
f 12765 12762 12761 12764 
f 13063 13066 13064 13061 
s 2
f 12768 12765 12764 12767 
f 13066 13069 13067 13064 
f 12757 12772 12770 12755 
f 13071 13056 13055 13070 
f 12774 12723 12722 12773 
f 13024 13075 13073 13022 
s 4
f 12772 12774 12773 12770 
f 13075 13071 13070 13073 
s 2
f 12777 12781 12779 12776 
f 13077 13081 13079 13076 
s 4
f 12781 12784 12782 12779 
f 13083 13077 13076 13082 
s 2
f 12784 12787 12785 12782 
f 13086 13083 13082 13085 
s 4
f 12787 12741 12740 12785 
f 13045 13086 13085 13043 
f 12715 12768 12767 12713 
f 13069 13011 13010 13067 
f 12745 12777 12776 12743 
f 13081 13041 13040 13079 
s 2
f 12789 12793 12791 12788 
f 13089 13093 13091 13088 
f 12795 12799 12797 12794 
f 13095 13099 13097 13094 
f 12801 12805 12803 12800 
f 13101 13105 13103 13100 
f 12807 12811 12809 12806 
f 13107 13111 13109 13106 
s 4
f 12813 12795 12794 12812 
f 13099 13114 13112 13097 
f 12793 12817 12815 12791 
f 13116 13089 13088 13115 
s 2
f 12819 12823 12821 12818 
f 13119 13123 13121 13118 
f 12825 12829 12827 12824 
f 13125 13129 13127 13124 
f 12831 12813 12812 12830 
f 13114 13132 13130 13112 
f 12817 12835 12833 12815 
f 13134 13116 13115 13133 
s 4
f 12837 12819 12818 12836 
f 13123 13138 13136 13121 
f 12829 12831 12830 12827 
f 13132 13125 13124 13130 
s 2
f 12840 12844 12842 12839 
f 13140 13144 13142 13139 
s 4
f 12823 12847 12845 12821 
f 13146 13119 13118 13145 
f 12849 12840 12839 12848 
f 13144 13150 13148 13142 
s 8
f 12811 12849 12848 12809 
f 13150 13107 13106 13148 
s 2
f 12847 12853 12851 12845 
f 13152 13146 13145 13151 
s 4
f 12730 12801 12800 12728 
f 13105 13026 13025 13103 
f 12855 12807 12806 12854 
f 13111 13156 13154 13109 
s 8
f 12844 12855 12854 12842 
f 13156 13140 13139 13154 
s 4
f 12799 12825 12824 12797 
f 13129 13095 13094 13127 
f 12853 12859 12857 12851 
f 13158 13152 13151 13157 
f 12805 12750 12749 12803 
f 13054 13101 13100 13052 
s 2
f 12859 12837 12836 12857 
f 13138 13158 13157 13136 
f 12861 12738 12737 12860 
f 13039 13162 13160 13037 
s 4
f 12864 12789 12788 12863 
f 13093 13165 13163 13091 
s 2
f 12867 12871 12869 12866 
f 13167 13171 13169 13166 
f 12873 12877 12875 12872 
f 13173 13177 13175 13172 
f 12879 12883 12881 12878 
f 13179 13183 13181 13178 
f 12885 12889 12887 12884 
f 13185 13189 13187 13184 
s 4
f 12891 12873 12872 12890 
f 13177 13192 13190 13175 
f 12871 12895 12893 12869 
f 13194 13167 13166 13193 
s 2
f 12897 12901 12899 12896 
f 13197 13201 13199 13196 
f 12903 12907 12905 12902 
f 13203 13207 13205 13202 
f 12909 12891 12890 12908 
f 13192 13210 13208 13190 
s 4
f 12912 12897 12896 12911 
f 13201 13213 13211 13199 
f 12907 12909 12908 12905 
f 13210 13203 13202 13208 
s 2
f 12915 12919 12917 12914 
f 13215 13219 13217 13214 
s 4
f 12901 12922 12920 12899 
f 13221 13197 13196 13220 
f 12924 12915 12914 12923 
f 13219 13225 13223 13217 
s 8
f 12889 12924 12923 12887 
f 13225 13185 13184 13223 
s 2
f 12922 12928 12926 12920 
f 13227 13221 13220 13226 
s 4
f 12930 12879 12878 12929 
f 13183 13231 13229 13181 
f 12933 12885 12884 12932 
f 13189 13234 13232 13187 
s 8
f 12919 12933 12932 12917 
f 13234 13215 13214 13232 
s 4
f 12877 12903 12902 12875 
f 13207 13173 13172 13205 
f 12748 12867 12866 12746 
f 13171 13047 13046 13169 
f 12928 12937 12935 12926 
f 13236 13227 13226 13235 
f 12883 12940 12938 12881 
f 13239 13179 13178 13238 
s 2
f 12937 12912 12911 12935 
f 13213 13236 13235 13211 
f 12942 12946 12944 12941 
f 13242 13246 13244 13241 
f 12948 12952 12950 12947 
f 13248 13252 13250 13247 
f 12954 12958 12956 12953 
f 13254 13258 13256 13253 
f 12960 12964 12962 12959 
f 13260 13264 13262 13259 
s 4
f 12966 12948 12947 12965 
f 13252 13267 13265 13250 
f 12946 12970 12968 12944 
f 13269 13242 13241 13268 
s 2
f 12972 12976 12974 12971 
f 13272 13276 13274 13271 
f 12978 12982 12980 12977 
f 13278 13282 13280 13277 
f 12970 12985 12983 12968 
f 13284 13269 13268 13283 
s 4
f 12985 12972 12971 12983 
f 13276 13284 13283 13274 
f 12982 12988 12986 12980 
f 13287 13278 13277 13286 
s 2
f 12990 12994 12992 12989 
f 13290 13294 13292 13289 
s 4
f 12996 12978 12977 12995 
f 13282 13297 13295 13280 
f 12994 13000 12998 12992 
f 13299 13290 13289 13298 
s 8
f 13000 12954 12953 12998 
f 13258 13299 13298 13256 
s 2
f 13002 12996 12995 13001 
f 13297 13303 13301 13295 
s 8
f 12964 12930 12929 12962 
f 13231 13260 13259 13229 
s 4
f 12958 13006 13004 12956 
f 13305 13254 13253 13304 
s 8
f 13006 12990 12989 13004 
f 13294 13305 13304 13292 
s 4
f 12976 12942 12941 12974 
f 13246 13272 13271 13244 
f 12952 12864 12863 12950 
f 13165 13248 13247 13163 
f 13008 13002 13001 13007 
f 13303 13309 13307 13301 
s 8
f 12940 12960 12959 12938 
f 13264 13239 13238 13262 
s 2
f 12988 13008 13007 12986 
f 13309 13287 13286 13307 
f 12895 12861 12860 12893 
f 13162 13194 13193 13160 
f 12835 12966 12965 12833 
f 13267 13134 13133 13265 
s 1
f 13014 13012 13010 13013 
f 13059 13014 13013 13058 
f 13062 13059 13058 13061 
f 13065 13062 13061 13064 
f 13068 13065 13064 13067 
f 13012 13068 13067 13010 
f 13020 13018 13016 13019 
f 13023 13020 13019 13022 
f 13074 13023 13022 13073 
f 13072 13074 13073 13070 
f 13057 13072 13070 13055 
f 13018 13057 13055 13016 
f 13029 13027 13025 13028 
f 13051 13029 13028 13049 
f 13053 13051 13049 13052 
f 13102 13053 13052 13100 
f 13104 13102 13100 13103 
f 13027 13104 13103 13025 
f 13035 13033 13031 13034 
f 13038 13035 13034 13037 
f 13161 13038 13037 13160 
f 13195 13161 13160 13193 
f 13168 13195 13193 13166 
f 13170 13168 13166 13169 
f 13048 13170 13169 13046 
f 13033 13048 13046 13031 
f 13044 13042 13040 13043 
f 13087 13044 13043 13085 
f 13084 13087 13085 13082 
f 13078 13084 13082 13076 
f 13080 13078 13076 13079 
f 13042 13080 13079 13040 
f 13092 13090 13088 13091 
f 13164 13092 13091 13163 
f 13249 13164 13163 13247 
f 13251 13249 13247 13250 
f 13266 13251 13250 13265 
f 13135 13266 13265 13133 
f 13117 13135 13133 13115 
f 13090 13117 13115 13088 
f 13098 13096 13094 13097 
f 13113 13098 13097 13112 
f 13131 13113 13112 13130 
f 13126 13131 13130 13124 
f 13128 13126 13124 13127 
f 13096 13128 13127 13094 
f 13110 13108 13106 13109 
f 13155 13110 13109 13154 
f 13141 13155 13154 13139 
f 13143 13141 13139 13142 
f 13149 13143 13142 13148 
f 13108 13149 13148 13106 
f 13122 13120 13118 13121 
f 13137 13122 13121 13136 
f 13159 13137 13136 13157 
f 13153 13159 13157 13151 
f 13147 13153 13151 13145 
f 13120 13147 13145 13118 
f 13176 13174 13172 13175 
f 13191 13176 13175 13190 
f 13209 13191 13190 13208 
f 13204 13209 13208 13202 
f 13206 13204 13202 13205 
f 13174 13206 13205 13172 
f 13182 13180 13178 13181 
f 13230 13182 13181 13229 
f 13261 13230 13229 13259 
f 13263 13261 13259 13262 
f 13240 13263 13262 13238 
f 13180 13240 13238 13178 
f 13188 13186 13184 13187 
f 13233 13188 13187 13232 
f 13216 13233 13232 13214 
f 13218 13216 13214 13217 
f 13224 13218 13217 13223 
f 13186 13224 13223 13184 
f 13200 13198 13196 13199 
f 13212 13200 13199 13211 
f 13237 13212 13211 13235 
f 13228 13237 13235 13226 
f 13222 13228 13226 13220 
f 13198 13222 13220 13196 
f 13245 13243 13241 13244 
f 13273 13245 13244 13271 
f 13275 13273 13271 13274 
f 13285 13275 13274 13283 
f 13270 13285 13283 13268 
f 13243 13270 13268 13241 
f 13257 13255 13253 13256 
f 13300 13257 13256 13298 
f 13291 13300 13298 13289 
f 13293 13291 13289 13292 
f 13306 13293 13292 13304 
f 13255 13306 13304 13253 
f 13281 13279 13277 13280 
f 13296 13281 13280 13295 
f 13302 13296 13295 13301 
f 13308 13302 13301 13307 
f 13288 13308 13307 13286 
f 13279 13288 13286 13277 
s 2
f 13314 36 9 13315 
f 13315 9 10 13316 
f 13316 10 11 13317 
f 13317 11 12 13318 
f 13318 12 13 13319 
f 13319 13 14 13320 
f 13320 14 20 13321 
s 4
f 13324 28 31 13325 
f 13323 34 28 13324 
s 2
f 13321 20 18 13322 
s 4
f 13322 18 34 13323 
s 2
f 13335 76 75 13336 
f 13334 80 76 13335 
f 13333 84 80 13334 
f 13332 88 84 13333 
f 13331 92 88 13332 
f 13330 96 92 13331 
f 13329 99 96 13330 
s 4
f 13325 31 115 13326 
f 13326 115 120 13327 
s 2
f 13328 121 99 13329 
s 4
f 13327 120 121 13328 
s 2
f 13313 138 36 13314 
f 13312 142 138 13313 
f 13311 146 142 13312 
f 13310 150 146 13311 
f 13353 154 150 13310 
f 13352 158 154 13353 
f 13351 161 158 13352 
s 4
f 13347 179 178 13348 
f 13348 178 185 13349 
s 2
f 13350 188 161 13351 
s 4
f 13349 185 188 13350 
s 2
f 13336 75 206 13337 
f 13337 206 210 13338 
f 13338 210 214 13339 
f 13339 214 218 13340 
f 13340 218 222 13341 
f 13341 222 226 13342 
f 13342 226 229 13343 
s 4
f 13346 241 179 13347 
f 13345 245 241 13346 
s 2
f 13343 229 248 13344 
s 4
f 13344 248 245 13345 
# 11934 polygons - 380 triangles

