# 3ds Max Wavefront OBJ Exporter v0.99 - (c)2007 guruware
# File Created: 12.03.2024 16:27:37

#
# object EX39560T_NW
#

v  -0.2649 -7.4992 -3.4311
v  -0.2627 -7.4803 -3.4356
v  -0.2196 -7.4860 -3.3692
v  -0.2170 -7.4666 -3.3737
v  -0.2649 -7.4957 -3.4157
v  -0.2657 -7.5156 -3.4113
v  -0.2627 -7.4767 -3.4202
v  -0.2614 -7.4689 -3.4221
v  -0.2614 -7.4707 -3.4297
v  -0.2550 -7.4446 -3.4357
v  -0.2155 -7.4597 -3.3753
v  -0.2103 -7.4407 -3.3797
v  -0.2035 -7.4221 -3.3840
v  -0.2550 -7.4427 -3.4281
v  -0.2649 -7.5391 -3.4219
v  -0.2627 -7.5581 -3.4176
v  -0.2657 -7.5192 -3.4266
v  -0.2614 -7.5641 -3.4081
v  -0.2170 -7.5433 -3.3560
v  -0.2196 -7.5238 -3.3605
v  -0.2205 -7.5050 -3.3651
v  -0.2649 -7.5355 -3.4065
v  -0.2627 -7.5546 -3.4023
v  -0.2614 -7.5624 -3.4005
v  -0.2550 -7.5903 -3.4021
v  -0.2453 -7.6166 -3.3959
v  -0.2103 -7.5692 -3.3500
v  -0.2155 -7.5502 -3.3544
v  -0.2040 -7.5865 -3.3460
v  -0.2550 -7.5886 -3.3944
v  -0.2453 -7.6148 -3.3883
v  -0.2235 -7.5079 -3.4656
v  -0.2295 -7.5071 -3.4658
v  -0.2611 -7.5079 -3.4656
v  -0.2551 -7.5081 -3.4655
v  -0.2588 -7.4888 -3.4700
v  -0.2533 -7.4888 -3.4700
v  -0.2244 -7.5272 -3.4611
v  -0.2304 -7.5269 -3.4612
v  -0.2618 -7.5272 -3.4611
v  -0.2558 -7.5269 -3.4612
v  -0.2171 -7.4872 -3.4601
v  -0.2196 -7.5074 -3.4616
v  -0.2196 -7.5060 -3.4558
v  -0.2205 -7.5263 -3.4573
v  -0.2205 -7.5249 -3.4514
v  -0.2588 -7.4841 -3.4670
v  -0.2528 -7.4841 -3.4670
v  -0.2588 -7.4827 -3.4612
v  -0.2209 -7.4841 -3.4670
v  -0.2209 -7.4888 -3.4700
v  -0.2171 -7.4886 -3.4660
v  -0.2209 -7.4827 -3.4612
v  -0.2269 -7.4841 -3.4670
v  -0.2649 -7.5063 -3.4618
v  -0.2649 -7.5049 -3.4559
v  -0.2627 -7.4873 -3.4663
v  -0.2657 -7.5263 -3.4573
v  -0.2657 -7.5250 -3.4514
v  -0.2588 -7.4770 -3.4364
v  -0.2528 -7.4770 -3.4364
v  -0.2209 -7.4770 -3.4364
v  -0.2269 -7.4770 -3.4364
v  -0.2575 -7.4723 -3.4334
v  -0.2517 -7.4723 -3.4334
v  -0.2194 -7.4723 -3.4334
v  -0.2252 -7.4723 -3.4334
v  -0.2511 -7.4461 -3.4394
v  -0.2454 -7.4478 -3.4390
v  -0.2419 -7.4207 -3.4453
v  -0.2363 -7.4229 -3.4448
v  -0.2142 -7.4532 -3.4378
v  -0.2199 -7.4512 -3.4382
v  -0.2073 -7.4346 -3.4421
v  -0.2129 -7.4324 -3.4426
v  -0.2611 -7.5464 -3.4567
v  -0.2551 -7.5458 -3.4568
v  -0.2235 -7.5465 -3.4567
v  -0.2295 -7.5467 -3.4566
v  -0.2209 -7.5655 -3.4523
v  -0.2267 -7.5655 -3.4523
v  -0.2588 -7.5685 -3.4475
v  -0.2588 -7.5655 -3.4523
v  -0.2627 -7.5652 -3.4483
v  -0.2588 -7.5671 -3.4417
v  -0.2528 -7.5685 -3.4475
v  -0.2171 -7.5640 -3.4486
v  -0.2209 -7.5685 -3.4475
v  -0.2269 -7.5685 -3.4475
v  -0.2209 -7.5671 -3.4417
v  -0.2196 -7.5452 -3.4529
v  -0.2196 -7.5438 -3.4471
v  -0.2627 -7.5640 -3.4429
v  -0.2649 -7.5462 -3.4526
v  -0.2649 -7.5448 -3.4467
v  -0.2588 -7.5614 -3.4169
v  -0.2528 -7.5614 -3.4169
v  -0.2209 -7.5614 -3.4169
v  -0.2269 -7.5614 -3.4169
v  -0.2575 -7.5643 -3.4121
v  -0.2517 -7.5643 -3.4121
v  -0.2194 -7.5643 -3.4121
v  -0.2251 -7.5643 -3.4121
v  -0.2142 -7.5834 -3.4077
v  -0.2200 -7.5849 -3.4074
v  -0.2511 -7.5905 -3.4061
v  -0.2454 -7.5888 -3.4065
v  -0.2269 -7.4888 -3.4700
v  -0.2269 -7.4827 -3.4612
v  -0.2528 -7.4827 -3.4612
v  -0.2627 -7.4861 -3.4609
v  -0.2528 -7.5655 -3.4523
v  -0.2269 -7.5671 -3.4417
v  -0.2528 -7.5671 -3.4417
v  -0.2171 -7.5626 -3.4427
v  -0.2175 -7.4822 -3.4276
v  -0.2171 -7.4815 -3.4353
v  -0.2196 -7.5003 -3.4310
v  -0.2196 -7.4989 -3.4251
v  -0.2205 -7.5192 -3.4266
v  -0.2205 -7.5178 -3.4208
v  -0.2155 -7.4722 -3.4294
v  -0.2161 -7.4732 -3.4230
v  -0.2103 -7.4532 -3.4338
v  -0.2103 -7.4518 -3.4280
v  -0.2035 -7.4346 -3.4381
v  -0.2035 -7.4332 -3.4322
v  -0.2196 -7.5381 -3.4222
v  -0.2196 -7.5367 -3.4164
v  -0.2171 -7.5568 -3.4176
v  -0.2175 -7.5527 -3.4108
v  -0.2155 -7.5626 -3.4085
v  -0.2161 -7.5589 -3.4032
v  -0.2103 -7.5817 -3.4041
v  -0.2103 -7.5803 -3.3983
v  -0.2040 -7.5990 -3.4001
v  -0.2040 -7.5977 -3.3942
v  -0.1729 -7.3226 -3.4719
v  -0.1575 -7.3106 -3.4748
v  -0.1416 -7.3403 -3.4029
v  -0.1256 -7.3283 -3.4056
v  -0.1729 -7.3190 -3.4565
v  -0.1879 -7.3326 -3.4535
v  -0.1575 -7.3072 -3.4594
v  -0.1509 -7.3025 -3.4605
v  -0.1509 -7.3043 -3.4681
v  -0.1274 -7.2902 -3.4714
v  -0.1196 -7.3245 -3.4065
v  -0.1021 -7.3146 -3.4088
v  -0.0837 -7.3061 -3.4107
v  -0.1274 -7.2884 -3.4637
v  -0.1018 -7.2766 -3.4664
v  -0.1018 -7.2784 -3.4740
v  -0.2018 -7.3507 -3.4654
v  -0.2140 -7.3657 -3.4620
v  -0.1879 -7.3361 -3.4689
v  -0.2187 -7.3704 -3.4529
v  -0.1813 -7.3826 -3.3931
v  -0.1690 -7.3670 -3.3967
v  -0.1559 -7.3531 -3.4001
v  -0.2018 -7.3472 -3.4500
v  -0.2140 -7.3622 -3.4467
v  -0.2188 -7.3687 -3.4452
v  -0.2332 -7.3933 -3.4476
v  -0.2455 -7.4186 -3.4416
v  -0.1953 -7.4055 -3.3878
v  -0.1852 -7.3884 -3.3917
v  -0.2332 -7.3915 -3.4399
v  -0.2455 -7.4167 -3.4340
v  -0.1441 -7.3595 -3.4998
v  -0.1477 -7.3549 -3.5009
v  -0.1706 -7.3337 -3.5058
v  -0.1665 -7.3380 -3.5048
v  -0.1552 -7.3217 -3.5086
v  -0.1512 -7.3255 -3.5077
v  -0.1587 -7.3726 -3.4968
v  -0.1627 -7.3682 -3.4978
v  -0.1851 -7.3468 -3.5028
v  -0.1807 -7.3508 -3.5019
v  -0.1261 -7.3487 -3.4921
v  -0.1416 -7.3616 -3.4953
v  -0.1416 -7.3603 -3.4895
v  -0.1559 -7.3744 -3.4924
v  -0.1559 -7.3730 -3.4865
v  -0.1524 -7.3181 -3.5053
v  -0.1482 -7.3222 -3.5044
v  -0.1524 -7.3168 -3.4995
v  -0.1256 -7.3442 -3.4993
v  -0.1284 -7.3478 -3.5025
v  -0.1261 -7.3501 -3.4980
v  -0.1256 -7.3429 -3.4935
v  -0.1298 -7.3401 -3.5003
v  -0.1729 -7.3297 -3.5026
v  -0.1728 -7.3283 -3.4967
v  -0.1575 -7.3177 -3.5054
v  -0.1879 -7.3432 -3.4996
v  -0.1879 -7.3419 -3.4937
v  -0.1524 -7.3110 -3.4747
v  -0.1482 -7.3152 -3.4737
v  -0.1256 -7.3371 -3.4686
v  -0.1298 -7.3330 -3.4696
v  -0.1487 -7.3083 -3.4712
v  -0.1446 -7.3123 -3.4703
v  -0.1217 -7.3346 -3.4652
v  -0.1258 -7.3306 -3.4661
v  -0.1252 -7.2943 -3.4745
v  -0.1223 -7.2994 -3.4733
v  -0.1002 -7.2826 -3.4772
v  -0.0979 -7.2880 -3.4759
v  -0.1043 -7.3247 -3.4675
v  -0.1068 -7.3194 -3.4687
v  -0.0859 -7.3163 -3.4694
v  -0.0882 -7.3109 -3.4707
v  -0.1986 -7.3609 -3.4995
v  -0.1939 -7.3646 -3.4987
v  -0.1721 -7.3868 -3.4935
v  -0.1765 -7.3828 -3.4944
v  -0.1841 -7.4021 -3.4900
v  -0.1881 -7.3981 -3.4909
v  -0.2136 -7.3778 -3.4916
v  -0.2109 -7.3760 -3.4960
v  -0.2140 -7.3728 -3.4927
v  -0.2136 -7.3764 -3.4857
v  -0.2094 -7.3819 -3.4906
v  -0.1808 -7.4034 -3.4857
v  -0.1868 -7.4039 -3.4855
v  -0.1911 -7.3998 -3.4865
v  -0.1868 -7.4025 -3.4797
v  -0.1690 -7.3883 -3.4891
v  -0.1690 -7.3870 -3.4833
v  -0.2140 -7.3715 -3.4873
v  -0.2018 -7.3578 -3.4961
v  -0.2018 -7.3565 -3.4902
v  -0.2136 -7.3707 -3.4609
v  -0.2094 -7.3748 -3.4599
v  -0.1868 -7.3968 -3.4549
v  -0.1911 -7.3927 -3.4558
v  -0.2155 -7.3734 -3.4562
v  -0.2114 -7.3774 -3.4553
v  -0.1885 -7.3997 -3.4501
v  -0.1926 -7.3957 -3.4511
v  -0.1987 -7.4167 -3.4462
v  -0.2039 -7.4138 -3.4469
v  -0.2299 -7.3963 -3.4509
v  -0.2247 -7.3991 -3.4503
v  -0.1326 -7.3437 -3.5035
v  -0.1298 -7.3387 -3.4944
v  -0.1482 -7.3209 -3.4985
v  -0.1575 -7.3165 -3.5000
v  -0.2066 -7.3801 -3.4951
v  -0.1911 -7.3984 -3.4807
v  -0.2094 -7.3806 -3.4848
v  -0.1808 -7.4020 -3.4798
v  -0.1282 -7.3428 -3.4598
v  -0.1261 -7.3430 -3.4673
v  -0.1416 -7.3545 -3.4646
v  -0.1416 -7.3532 -3.4588
v  -0.1559 -7.3673 -3.4617
v  -0.1559 -7.3659 -3.4558
v  -0.1196 -7.3369 -3.4606
v  -0.1217 -7.3369 -3.4545
v  -0.1021 -7.3271 -3.4629
v  -0.1021 -7.3257 -3.4571
v  -0.0837 -7.3186 -3.4648
v  -0.0837 -7.3173 -3.4590
v  -0.1690 -7.3813 -3.4585
v  -0.1690 -7.3799 -3.4526
v  -0.1808 -7.3962 -3.4547
v  -0.1794 -7.3926 -3.4478
v  -0.1852 -7.4009 -3.4458
v  -0.1839 -7.3975 -3.4405
v  -0.1953 -7.4180 -3.4419
v  -0.1953 -7.4166 -3.4361
v  0.0204 -7.2611 -3.4861
v  0.0400 -7.2632 -3.4857
v  0.0194 -7.2910 -3.4142
v  0.0394 -7.2935 -3.4137
v  0.0204 -7.2575 -3.4707
v  -0.0000 -7.2567 -3.4710
v  0.0400 -7.2597 -3.4703
v  0.0480 -7.2610 -3.4701
v  0.0480 -7.2627 -3.4777
v  0.0748 -7.2690 -3.4763
v  0.0464 -7.2949 -3.4133
v  0.0659 -7.3000 -3.4122
v  0.0850 -7.3067 -3.4106
v  0.0748 -7.2672 -3.4686
v  0.1015 -7.2765 -3.4664
v  0.1014 -7.2782 -3.4740
v  -0.0204 -7.2611 -3.4861
v  -0.0400 -7.2632 -3.4857
v  -0.0000 -7.2603 -3.4864
v  -0.0480 -7.2627 -3.4777
v  -0.0394 -7.2935 -3.4137
v  -0.0194 -7.2910 -3.4142
v  -0.0000 -7.2902 -3.4147
v  -0.0204 -7.2575 -3.4707
v  -0.0400 -7.2597 -3.4703
v  -0.0480 -7.2610 -3.4701
v  -0.0748 -7.2690 -3.4763
v  -0.0659 -7.3000 -3.4122
v  -0.0464 -7.2949 -3.4133
v  -0.0748 -7.2672 -3.4686
v  0.0198 -7.3094 -3.5114
v  0.0206 -7.3036 -3.5127
v  0.0198 -7.2728 -3.5198
v  0.0195 -7.2786 -3.5185
v  0.0394 -7.2750 -3.5194
v  0.0394 -7.2804 -3.5181
v  -0.0000 -7.3085 -3.5116
v  0.0003 -7.3027 -3.5130
v  -0.0000 -7.2721 -3.5200
v  0.0002 -7.2779 -3.5187
v  0.0387 -7.3134 -3.5003
v  0.0194 -7.3123 -3.5067
v  0.0194 -7.3110 -3.5008
v  -0.0000 -7.3115 -3.5069
v  0.0000 -7.3101 -3.5010
v  0.0433 -7.2741 -3.5155
v  0.0433 -7.2799 -3.5142
v  0.0433 -7.2727 -3.5097
v  0.0433 -7.3110 -3.5070
v  0.0394 -7.3119 -3.5108
v  0.0387 -7.3148 -3.5061
v  0.0433 -7.3097 -3.5011
v  0.0433 -7.3052 -3.5083
v  0.0204 -7.2681 -3.5168
v  0.0205 -7.2668 -3.5109
v  0.0400 -7.2703 -3.5164
v  -0.0000 -7.2673 -3.5171
v  -0.0000 -7.2660 -3.5112
v  0.0433 -7.2670 -3.4848
v  0.0433 -7.2729 -3.4835
v  0.0433 -7.3039 -3.4763
v  0.0433 -7.2981 -3.4777
v  0.0472 -7.2674 -3.4807
v  0.0472 -7.2731 -3.4794
v  0.0472 -7.3046 -3.4721
v  0.0472 -7.2989 -3.4734
v  0.0741 -7.2736 -3.4793
v  0.0724 -7.2792 -3.4780
v  0.1002 -7.2826 -3.4772
v  0.0979 -7.2880 -3.4759
v  0.0668 -7.3096 -3.4710
v  0.0688 -7.3041 -3.4722
v  0.0859 -7.3163 -3.4694
v  0.0882 -7.3109 -3.4707
v  -0.0198 -7.2728 -3.5198
v  -0.0191 -7.2786 -3.5185
v  -0.0198 -7.3094 -3.5114
v  -0.0201 -7.3035 -3.5128
v  -0.0394 -7.3119 -3.5108
v  -0.0394 -7.3063 -3.5121
v  -0.0433 -7.2741 -3.5155
v  -0.0394 -7.2750 -3.5194
v  -0.0400 -7.2703 -3.5164
v  -0.0433 -7.2727 -3.5097
v  -0.0433 -7.2799 -3.5142
v  -0.0387 -7.3148 -3.5061
v  -0.0433 -7.3110 -3.5070
v  -0.0433 -7.3052 -3.5083
v  -0.0433 -7.3097 -3.5011
v  -0.0194 -7.3123 -3.5067
v  -0.0194 -7.3109 -3.5008
v  -0.0400 -7.2690 -3.5110
v  -0.0204 -7.2681 -3.5168
v  -0.0204 -7.2668 -3.5109
v  -0.0433 -7.2670 -3.4848
v  -0.0433 -7.2728 -3.4835
v  -0.0433 -7.3039 -3.4763
v  -0.0433 -7.2981 -3.4777
v  -0.0472 -7.2674 -3.4807
v  -0.0472 -7.2731 -3.4794
v  -0.0472 -7.3046 -3.4721
v  -0.0472 -7.2990 -3.4734
v  -0.0668 -7.3096 -3.4710
v  -0.0683 -7.3039 -3.4723
v  -0.0741 -7.2736 -3.4793
v  -0.0724 -7.2792 -3.4780
v  0.0394 -7.3061 -3.5122
v  0.0433 -7.3038 -3.5025
v  0.0433 -7.2786 -3.5083
v  0.0400 -7.2690 -3.5110
v  -0.0394 -7.2808 -3.5180
v  -0.0433 -7.3038 -3.5025
v  -0.0433 -7.2786 -3.5083
v  -0.0387 -7.3134 -3.5003
v  0.0362 -7.3057 -3.4684
v  0.0387 -7.3077 -3.4754
v  0.0194 -7.3052 -3.4760
v  0.0194 -7.3039 -3.4702
v  -0.0000 -7.3044 -3.4762
v  -0.0000 -7.3030 -3.4704
v  0.0464 -7.3074 -3.4674
v  0.0440 -7.3055 -3.4617
v  0.0659 -7.3125 -3.4663
v  0.0660 -7.3112 -3.4604
v  0.0850 -7.3192 -3.4647
v  0.0850 -7.3178 -3.4589
v  -0.0194 -7.3052 -3.4760
v  -0.0194 -7.3039 -3.4702
v  -0.0387 -7.3076 -3.4751
v  -0.0362 -7.3055 -3.4679
v  -0.0464 -7.3074 -3.4674
v  -0.0440 -7.3055 -3.4617
v  -0.0659 -7.3125 -3.4663
v  -0.0659 -7.3112 -3.4604
v  0.2018 -7.3507 -3.4654
v  0.2140 -7.3657 -3.4620
v  0.1690 -7.3670 -3.3967
v  0.1813 -7.3826 -3.3931
v  0.2018 -7.3472 -3.4500
v  0.1879 -7.3326 -3.4535
v  0.2140 -7.3622 -3.4467
v  0.2188 -7.3687 -3.4452
v  0.2187 -7.3704 -3.4529
v  0.2332 -7.3933 -3.4476
v  0.1852 -7.3884 -3.3917
v  0.1953 -7.4055 -3.3878
v  0.2332 -7.3915 -3.4399
v  0.2453 -7.4164 -3.4341
v  0.2453 -7.4182 -3.4417
v  0.1729 -7.3226 -3.4719
v  0.1575 -7.3107 -3.4748
v  0.1879 -7.3361 -3.4689
v  0.1509 -7.3043 -3.4681
v  0.1256 -7.3283 -3.4056
v  0.1416 -7.3403 -3.4029
v  0.1559 -7.3531 -3.4001
v  0.1729 -7.3190 -3.4565
v  0.1575 -7.3072 -3.4594
v  0.1509 -7.3025 -3.4605
v  0.1274 -7.2902 -3.4714
v  0.1021 -7.3146 -3.4088
v  0.1196 -7.3245 -3.4065
v  0.1274 -7.2884 -3.4637
v  0.1721 -7.3868 -3.4935
v  0.1768 -7.3832 -3.4944
v  0.1986 -7.3609 -3.4995
v  0.1942 -7.3649 -3.4986
v  0.2109 -7.3760 -3.4960
v  0.2069 -7.3798 -3.4951
v  0.1587 -7.3726 -3.4968
v  0.1631 -7.3686 -3.4977
v  0.1851 -7.3468 -3.5028
v  0.1810 -7.3511 -3.5018
v  0.1808 -7.4020 -3.4798
v  0.1690 -7.3883 -3.4891
v  0.1690 -7.3870 -3.4833
v  0.1559 -7.3744 -3.4924
v  0.1559 -7.3730 -3.4865
v  0.2136 -7.3778 -3.4916
v  0.2094 -7.3819 -3.4906
v  0.2136 -7.3764 -3.4857
v  0.1868 -7.4039 -3.4855
v  0.1841 -7.4021 -3.4900
v  0.1808 -7.4034 -3.4857
v  0.1868 -7.4026 -3.4797
v  0.1911 -7.3998 -3.4865
v  0.2018 -7.3578 -3.4961
v  0.2018 -7.3565 -3.4902
v  0.2140 -7.3728 -3.4927
v  0.1879 -7.3432 -3.4996
v  0.1879 -7.3418 -3.4937
v  0.2136 -7.3707 -3.4609
v  0.2094 -7.3748 -3.4599
v  0.1868 -7.3968 -3.4549
v  0.1911 -7.3927 -3.4558
v  0.2155 -7.3734 -3.4562
v  0.2114 -7.3774 -3.4553
v  0.1885 -7.3997 -3.4501
v  0.1926 -7.3957 -3.4511
v  0.2299 -7.3963 -3.4509
v  0.2247 -7.3991 -3.4503
v  0.1987 -7.4167 -3.4462
v  0.2042 -7.4142 -3.4468
v  0.1706 -7.3337 -3.5058
v  0.1669 -7.3383 -3.5047
v  0.1441 -7.3595 -3.4998
v  0.1481 -7.3552 -3.5008
v  0.1284 -7.3478 -3.5025
v  0.1325 -7.3438 -3.5035
v  0.1524 -7.3181 -3.5053
v  0.1552 -7.3217 -3.5086
v  0.1575 -7.3177 -3.5054
v  0.1524 -7.3168 -3.4995
v  0.1482 -7.3222 -3.5044
v  0.1261 -7.3501 -3.4980
v  0.1256 -7.3442 -3.4993
v  0.1298 -7.3401 -3.5003
v  0.1256 -7.3429 -3.4935
v  0.1416 -7.3616 -3.4953
v  0.1416 -7.3603 -3.4895
v  0.1575 -7.3165 -3.5000
v  0.1729 -7.3297 -3.5026
v  0.1729 -7.3283 -3.4967
v  0.1524 -7.3110 -3.4747
v  0.1482 -7.3152 -3.4737
v  0.1256 -7.3371 -3.4686
v  0.1298 -7.3330 -3.4696
v  0.1487 -7.3083 -3.4712
v  0.1446 -7.3123 -3.4703
v  0.1217 -7.3346 -3.4652
v  0.1258 -7.3307 -3.4661
v  0.1043 -7.3247 -3.4675
v  0.1073 -7.3196 -3.4686
v  0.1252 -7.2943 -3.4745
v  0.1223 -7.2994 -3.4733
v  0.1883 -7.3979 -3.4910
v  0.1911 -7.3984 -3.4807
v  0.2094 -7.3806 -3.4848
v  0.2140 -7.3716 -3.4873
v  0.1509 -7.3258 -3.5076
v  0.1298 -7.3387 -3.4944
v  0.1482 -7.3209 -3.4985
v  0.1261 -7.3487 -3.4921
v  0.1794 -7.3927 -3.4483
v  0.1808 -7.3963 -3.4550
v  0.1690 -7.3813 -3.4585
v  0.1690 -7.3799 -3.4526
v  0.1559 -7.3673 -3.4617
v  0.1559 -7.3659 -3.4558
v  0.1852 -7.4009 -3.4458
v  0.1839 -7.3975 -3.4405
v  0.1953 -7.4180 -3.4419
v  0.1953 -7.4166 -3.4361
v  0.2040 -7.4358 -3.4378
v  0.2040 -7.4345 -3.4319
v  0.1416 -7.3545 -3.4646
v  0.1416 -7.3532 -3.4588
v  0.1261 -7.3429 -3.4670
v  0.1282 -7.3426 -3.4593
v  0.1196 -7.3369 -3.4606
v  0.1217 -7.3369 -3.4545
v  0.1021 -7.3271 -3.4629
v  0.1021 -7.3258 -3.4571
v  0.2649 -7.5391 -3.4219
v  0.2627 -7.5581 -3.4176
v  0.2196 -7.5238 -3.3605
v  0.2170 -7.5433 -3.3560
v  0.2649 -7.5356 -3.4065
v  0.2657 -7.5157 -3.4113
v  0.2627 -7.5546 -3.4023
v  0.2614 -7.5624 -3.4005
v  0.2614 -7.5641 -3.4081
v  0.2550 -7.5903 -3.4021
v  0.2155 -7.5502 -3.3544
v  0.2103 -7.5692 -3.3500
v  0.2550 -7.5886 -3.3944
v  0.2455 -7.6145 -3.3883
v  0.2455 -7.6162 -3.3960
v  0.2649 -7.4992 -3.4311
v  0.2627 -7.4803 -3.4356
v  0.2657 -7.5192 -3.4266
v  0.2614 -7.4707 -3.4297
v  0.2170 -7.4666 -3.3737
v  0.2196 -7.4860 -3.3692
v  0.2205 -7.5050 -3.3651
v  0.2649 -7.4957 -3.4157
v  0.2627 -7.4767 -3.4202
v  0.2614 -7.4689 -3.4221
v  0.2550 -7.4446 -3.4357
v  0.2103 -7.4407 -3.3797
v  0.2155 -7.4597 -3.3753
v  0.2040 -7.4233 -3.3837
v  0.2550 -7.4427 -3.4281
v  0.2235 -7.5465 -3.4567
v  0.2295 -7.5472 -3.4565
v  0.2611 -7.5464 -3.4567
v  0.2551 -7.5462 -3.4567
v  0.2588 -7.5655 -3.4523
v  0.2533 -7.5655 -3.4523
v  0.2244 -7.5272 -3.4611
v  0.2304 -7.5274 -3.4611
v  0.2618 -7.5272 -3.4611
v  0.2558 -7.5274 -3.4611
v  0.2171 -7.5626 -3.4427
v  0.2196 -7.5452 -3.4529
v  0.2196 -7.5438 -3.4471
v  0.2205 -7.5263 -3.4573
v  0.2205 -7.5249 -3.4514
v  0.2588 -7.5685 -3.4475
v  0.2528 -7.5685 -3.4475
v  0.2588 -7.5671 -3.4417
v  0.2209 -7.5685 -3.4475
v  0.2209 -7.5655 -3.4523
v  0.2171 -7.5640 -3.4486
v  0.2209 -7.5671 -3.4417
v  0.2269 -7.5685 -3.4475
v  0.2649 -7.5462 -3.4526
v  0.2649 -7.5449 -3.4467
v  0.2627 -7.5652 -3.4483
v  0.2657 -7.5263 -3.4573
v  0.2657 -7.5249 -3.4515
v  0.2588 -7.5614 -3.4169
v  0.2528 -7.5614 -3.4169
v  0.2209 -7.5614 -3.4169
v  0.2269 -7.5614 -3.4169
v  0.2575 -7.5643 -3.4121
v  0.2517 -7.5643 -3.4121
v  0.2194 -7.5643 -3.4121
v  0.2252 -7.5643 -3.4121
v  0.2511 -7.5905 -3.4061
v  0.2454 -7.5888 -3.4065
v  0.2142 -7.5834 -3.4077
v  0.2199 -7.5854 -3.4073
v  0.2611 -7.5079 -3.4656
v  0.2551 -7.5086 -3.4654
v  0.2235 -7.5079 -3.4656
v  0.2295 -7.5076 -3.4656
v  0.2209 -7.4888 -3.4700
v  0.2267 -7.4888 -3.4700
v  0.2588 -7.4841 -3.4670
v  0.2588 -7.4888 -3.4700
v  0.2627 -7.4873 -3.4663
v  0.2588 -7.4827 -3.4612
v  0.2528 -7.4841 -3.4670
v  0.2171 -7.4886 -3.4660
v  0.2209 -7.4841 -3.4670
v  0.2269 -7.4841 -3.4670
v  0.2209 -7.4827 -3.4612
v  0.2196 -7.5074 -3.4616
v  0.2196 -7.5060 -3.4558
v  0.2627 -7.4861 -3.4609
v  0.2649 -7.5063 -3.4618
v  0.2649 -7.5050 -3.4559
v  0.2588 -7.4770 -3.4364
v  0.2528 -7.4770 -3.4364
v  0.2209 -7.4770 -3.4364
v  0.2269 -7.4770 -3.4364
v  0.2575 -7.4723 -3.4334
v  0.2517 -7.4723 -3.4334
v  0.2194 -7.4723 -3.4334
v  0.2251 -7.4723 -3.4334
v  0.2142 -7.4532 -3.4378
v  0.2200 -7.4517 -3.4381
v  0.2511 -7.4462 -3.4394
v  0.2454 -7.4478 -3.4390
v  0.2073 -7.4346 -3.4421
v  0.2129 -7.4324 -3.4426
v  0.2419 -7.4207 -3.4453
v  0.2363 -7.4229 -3.4448
v  0.2269 -7.5655 -3.4523
v  0.2269 -7.5671 -3.4417
v  0.2528 -7.5671 -3.4417
v  0.2627 -7.5640 -3.4429
v  0.2528 -7.4888 -3.4700
v  0.2269 -7.4827 -3.4612
v  0.2528 -7.4827 -3.4612
v  0.2171 -7.4872 -3.4601
v  0.2175 -7.5528 -3.4113
v  0.2171 -7.5569 -3.4179
v  0.2196 -7.5381 -3.4222
v  0.2196 -7.5368 -3.4164
v  0.2205 -7.5192 -3.4266
v  0.2205 -7.5178 -3.4208
v  0.2155 -7.5626 -3.4085
v  0.2161 -7.5589 -3.4032
v  0.2103 -7.5817 -3.4041
v  0.2103 -7.5803 -3.3983
v  0.2196 -7.5003 -3.4310
v  0.2196 -7.4989 -3.4251
v  0.2171 -7.4814 -3.4350
v  0.2175 -7.4821 -3.4271
v  0.2155 -7.4722 -3.4294
v  0.2161 -7.4732 -3.4230
v  0.2103 -7.4532 -3.4338
v  0.2103 -7.4518 -3.4280
v  0.1729 -7.7158 -3.3811
v  0.1575 -7.7277 -3.3785
v  0.1416 -7.6696 -3.3268
v  0.1256 -7.6816 -3.3241
v  0.1729 -7.7122 -3.3658
v  0.1879 -7.6987 -3.3690
v  0.1575 -7.7242 -3.3631
v  0.1509 -7.7288 -3.3621
v  0.1509 -7.7306 -3.3697
v  0.1274 -7.7446 -3.3665
v  0.1196 -7.6854 -3.3232
v  0.1021 -7.6953 -3.3209
v  0.1274 -7.7429 -3.3588
v  0.2018 -7.6876 -3.3876
v  0.2140 -7.6727 -3.3912
v  0.1879 -7.7023 -3.3843
v  0.2187 -7.6645 -3.3850
v  0.1813 -7.6273 -3.3366
v  0.1690 -7.6429 -3.3330
v  0.1559 -7.6569 -3.3300
v  0.2018 -7.6841 -3.3723
v  0.2140 -7.6691 -3.3758
v  0.2188 -7.6626 -3.3773
v  0.2332 -7.6416 -3.3903
v  0.1953 -7.6044 -3.3419
v  0.1852 -7.6214 -3.3379
v  0.2035 -7.5878 -3.3457
v  0.2332 -7.6398 -3.3826
v  0.1441 -7.6948 -3.4224
v  0.1477 -7.6995 -3.4213
v  0.1706 -7.7207 -3.4165
v  0.1665 -7.7164 -3.4174
v  0.1552 -7.7326 -3.4137
v  0.1512 -7.7288 -3.4146
v  0.1587 -7.6818 -3.4254
v  0.1627 -7.6861 -3.4244
v  0.1851 -7.7075 -3.4195
v  0.1807 -7.7036 -3.4204
v  0.1261 -7.7011 -3.4108
v  0.1416 -7.6910 -3.4193
v  0.1416 -7.6896 -3.4134
v  0.1559 -7.6782 -3.4222
v  0.1559 -7.6768 -3.4164
v  0.1524 -7.7344 -3.4092
v  0.1482 -7.7303 -3.4102
v  0.1524 -7.7331 -3.4034
v  0.1256 -7.7083 -3.4153
v  0.1284 -7.7065 -3.4197
v  0.1261 -7.7025 -3.4166
v  0.1256 -7.7070 -3.4094
v  0.1298 -7.7125 -3.4143
v  0.1729 -7.7229 -3.4118
v  0.1728 -7.7215 -3.4059
v  0.1575 -7.7348 -3.4091
v  0.1879 -7.7094 -3.4150
v  0.1879 -7.7080 -3.4092
v  0.1524 -7.7274 -3.3786
v  0.1482 -7.7232 -3.3795
v  0.1256 -7.7013 -3.3846
v  0.1298 -7.7054 -3.3836
v  0.1487 -7.7283 -3.3743
v  0.1446 -7.7243 -3.3752
v  0.1217 -7.7020 -3.3804
v  0.1258 -7.7060 -3.3794
v  0.1252 -7.7423 -3.3710
v  0.1223 -7.7372 -3.3722
v  0.1043 -7.7119 -3.3781
v  0.1068 -7.7172 -3.3768
v  0.1986 -7.6934 -3.4227
v  0.1939 -7.6898 -3.4236
v  0.1721 -7.6675 -3.4287
v  0.1765 -7.6715 -3.4278
v  0.1841 -7.6523 -3.4322
v  0.1881 -7.6562 -3.4313
v  0.2136 -7.6748 -3.4230
v  0.2109 -7.6784 -3.4262
v  0.2140 -7.6798 -3.4219
v  0.2136 -7.6734 -3.4172
v  0.2094 -7.6706 -3.4240
v  0.1808 -7.6492 -3.4289
v  0.1868 -7.6487 -3.4290
v  0.1911 -7.6528 -3.4281
v  0.1868 -7.6473 -3.4232
v  0.1690 -7.6642 -3.4254
v  0.1690 -7.6629 -3.4196
v  0.2140 -7.6785 -3.4164
v  0.2018 -7.6947 -3.4183
v  0.2018 -7.6934 -3.4124
v  0.2136 -7.6677 -3.3923
v  0.2094 -7.6636 -3.3933
v  0.1868 -7.6416 -3.3984
v  0.1911 -7.6457 -3.3974
v  0.2155 -7.6632 -3.3893
v  0.2114 -7.6592 -3.3902
v  0.1885 -7.6369 -3.3954
v  0.1926 -7.6409 -3.3945
v  0.1987 -7.6199 -3.3993
v  0.2039 -7.6228 -3.3986
v  0.2299 -7.6403 -3.3946
v  0.2247 -7.6375 -3.3952
v  0.2073 -7.6020 -3.4034
v  0.2129 -7.6042 -3.4029
v  0.2419 -7.6159 -3.4002
v  0.2363 -7.6137 -3.4007
v  0.1326 -7.7106 -3.4188
v  0.1298 -7.7111 -3.4085
v  0.1482 -7.7290 -3.4043
v  0.1575 -7.7336 -3.4037
v  0.2066 -7.6742 -3.4272
v  0.1911 -7.6514 -3.4222
v  0.2094 -7.6693 -3.4181
v  0.1808 -7.6478 -3.4231
v  0.1282 -7.6923 -3.3791
v  0.1261 -7.6954 -3.3859
v  0.1416 -7.6839 -3.3886
v  0.1416 -7.6825 -3.3827
v  0.1559 -7.6711 -3.3915
v  0.1559 -7.6698 -3.3857
v  0.1196 -7.6979 -3.3773
v  0.1217 -7.6953 -3.3717
v  0.1021 -7.7078 -3.3750
v  0.1021 -7.7064 -3.3692
v  0.1690 -7.6571 -3.3948
v  0.1690 -7.6558 -3.3889
v  0.1808 -7.6420 -3.3979
v  0.1794 -7.6423 -3.3901
v  0.1852 -7.6339 -3.3920
v  0.1839 -7.6346 -3.3857
v  0.1953 -7.6169 -3.3960
v  0.1953 -7.6156 -3.3902
v  0.2035 -7.6003 -3.3998
v  0.2035 -7.5989 -3.3940
v  -0.0204 -7.7773 -3.3669
v  -0.0400 -7.7752 -3.3675
v  -0.0194 -7.7189 -3.3154
v  -0.0394 -7.7164 -3.3160
v  -0.0204 -7.7737 -3.3516
v  -0.0000 -7.7746 -3.3515
v  -0.0400 -7.7716 -3.3522
v  -0.0480 -7.7703 -3.3525
v  -0.0480 -7.7721 -3.3601
v  -0.0748 -7.7659 -3.3616
v  -0.0464 -7.7149 -3.3163
v  -0.0659 -7.7099 -3.3175
v  -0.0748 -7.7641 -3.3539
v  0.0204 -7.7773 -3.3669
v  0.0400 -7.7752 -3.3675
v  -0.0000 -7.7781 -3.3668
v  0.0480 -7.7721 -3.3601
v  0.0394 -7.7164 -3.3160
v  0.0194 -7.7189 -3.3154
v  -0.0000 -7.7198 -3.3155
v  0.0204 -7.7737 -3.3516
v  0.0400 -7.7716 -3.3522
v  0.0480 -7.7703 -3.3525
v  0.0748 -7.7659 -3.3616
v  0.1018 -7.7564 -3.3636
v  0.0659 -7.7099 -3.3175
v  0.0464 -7.7149 -3.3163
v  0.0837 -7.7037 -3.3189
v  0.0748 -7.7641 -3.3539
v  0.1018 -7.7547 -3.3560
v  -0.0198 -7.7450 -3.4108
v  -0.0206 -7.7508 -3.4095
v  -0.0198 -7.7801 -3.4024
v  -0.0195 -7.7745 -3.4037
v  -0.0389 -7.7779 -3.4029
v  -0.0389 -7.7728 -3.4041
v  -0.0000 -7.7458 -3.4106
v  -0.0003 -7.7517 -3.4093
v  -0.0000 -7.7808 -3.4022
v  -0.0002 -7.7752 -3.4036
v  -0.0387 -7.7364 -3.4026
v  -0.0194 -7.7403 -3.4079
v  -0.0194 -7.7389 -3.4020
v  -0.0000 -7.7411 -3.4077
v  -0.0000 -7.7398 -3.4018
v  -0.0433 -7.7774 -3.3991
v  -0.0433 -7.7714 -3.4004
v  -0.0433 -7.7770 -3.3925
v  -0.0433 -7.7415 -3.4076
v  -0.0394 -7.7424 -3.4114
v  -0.0387 -7.7378 -3.4085
v  -0.0433 -7.7402 -3.4017
v  -0.0433 -7.7474 -3.4062
v  -0.0204 -7.7844 -3.3976
v  -0.0205 -7.7830 -3.3917
v  -0.0400 -7.7827 -3.3982
v  -0.0000 -7.7852 -3.3975
v  0.0000 -7.7839 -3.3917
v  -0.0433 -7.7714 -3.3684
v  -0.0433 -7.7655 -3.3697
v  -0.0433 -7.7345 -3.3769
v  -0.0433 -7.7403 -3.3756
v  -0.0472 -7.7692 -3.3648
v  -0.0472 -7.7636 -3.3661
v  -0.0472 -7.7321 -3.3734
v  -0.0472 -7.7377 -3.3721
v  -0.0741 -7.7630 -3.3663
v  -0.0724 -7.7574 -3.3676
v  -0.0668 -7.7271 -3.3746
v  -0.0688 -7.7326 -3.3733
v  0.0198 -7.7801 -3.4024
v  0.0191 -7.7745 -3.4037
v  0.0198 -7.7450 -3.4108
v  0.0201 -7.7508 -3.4095
v  0.0394 -7.7424 -3.4114
v  0.0394 -7.7481 -3.4101
v  0.0433 -7.7776 -3.3991
v  0.0390 -7.7781 -3.4029
v  0.0400 -7.7827 -3.3982
v  0.0433 -7.7770 -3.3927
v  0.0433 -7.7714 -3.4004
v  0.0387 -7.7378 -3.4085
v  0.0433 -7.7415 -3.4076
v  0.0433 -7.7474 -3.4062
v  0.0433 -7.7402 -3.4017
v  0.0194 -7.7403 -3.4079
v  0.0194 -7.7389 -3.4020
v  0.0400 -7.7809 -3.3923
v  0.0204 -7.7844 -3.3976
v  0.0204 -7.7830 -3.3917
v  0.0433 -7.7714 -3.3684
v  0.0433 -7.7655 -3.3697
v  0.0433 -7.7345 -3.3769
v  0.0433 -7.7403 -3.3756
v  0.0472 -7.7692 -3.3648
v  0.0472 -7.7636 -3.3661
v  0.0472 -7.7321 -3.3734
v  0.0472 -7.7377 -3.3721
v  0.0668 -7.7271 -3.3746
v  0.0683 -7.7327 -3.3733
v  0.0741 -7.7630 -3.3663
v  0.0724 -7.7574 -3.3676
v  0.0859 -7.7203 -3.3761
v  0.0882 -7.7257 -3.3749
v  0.1002 -7.7540 -3.3684
v  0.0979 -7.7486 -3.3696
v  -0.0394 -7.7483 -3.4101
v  -0.0433 -7.7460 -3.4004
v  -0.0433 -7.7711 -3.3938
v  -0.0400 -7.7809 -3.3920
v  0.0390 -7.7723 -3.4042
v  0.0433 -7.7460 -3.4004
v  0.0433 -7.7712 -3.3941
v  0.0387 -7.7364 -3.4026
v  -0.0362 -7.7294 -3.3705
v  -0.0387 -7.7307 -3.3778
v  -0.0194 -7.7332 -3.3772
v  -0.0194 -7.7318 -3.3714
v  -0.0000 -7.7340 -3.3770
v  -0.0000 -7.7327 -3.3712
v  -0.0464 -7.7274 -3.3704
v  -0.0440 -7.7266 -3.3645
v  -0.0659 -7.7224 -3.3717
v  -0.0660 -7.7210 -3.3658
v  0.0194 -7.7332 -3.3772
v  0.0194 -7.7318 -3.3714
v  0.0387 -7.7306 -3.3775
v  0.0362 -7.7293 -3.3701
v  0.0464 -7.7274 -3.3704
v  0.0440 -7.7266 -3.3645
v  0.0659 -7.7224 -3.3717
v  0.0659 -7.7210 -3.3658
v  0.0837 -7.7162 -3.3730
v  0.0837 -7.7149 -3.3672
v  -0.2018 -7.6876 -3.3876
v  -0.2140 -7.6727 -3.3912
v  -0.1690 -7.6429 -3.3330
v  -0.1813 -7.6273 -3.3366
v  -0.2018 -7.6840 -3.3723
v  -0.1879 -7.6987 -3.3690
v  -0.2140 -7.6691 -3.3758
v  -0.2188 -7.6626 -3.3773
v  -0.2187 -7.6645 -3.3850
v  -0.2332 -7.6416 -3.3903
v  -0.1852 -7.6214 -3.3379
v  -0.1953 -7.6044 -3.3419
v  -0.2332 -7.6398 -3.3826
v  -0.1729 -7.7158 -3.3811
v  -0.1575 -7.7277 -3.3785
v  -0.1879 -7.7023 -3.3843
v  -0.1509 -7.7306 -3.3697
v  -0.1256 -7.6816 -3.3241
v  -0.1416 -7.6696 -3.3268
v  -0.1559 -7.6569 -3.3300
v  -0.1729 -7.7122 -3.3658
v  -0.1575 -7.7241 -3.3631
v  -0.1509 -7.7288 -3.3621
v  -0.1274 -7.7446 -3.3665
v  -0.1014 -7.7566 -3.3636
v  -0.1021 -7.6953 -3.3209
v  -0.1196 -7.6854 -3.3232
v  -0.0850 -7.7032 -3.3190
v  -0.1274 -7.7429 -3.3588
v  -0.1015 -7.7548 -3.3559
v  -0.1721 -7.6675 -3.4287
v  -0.1768 -7.6711 -3.4279
v  -0.1986 -7.6934 -3.4227
v  -0.1942 -7.6894 -3.4237
v  -0.2109 -7.6784 -3.4262
v  -0.2069 -7.6745 -3.4271
v  -0.1587 -7.6818 -3.4254
v  -0.1631 -7.6857 -3.4245
v  -0.1851 -7.7075 -3.4195
v  -0.1810 -7.7033 -3.4205
v  -0.1808 -7.6478 -3.4231
v  -0.1690 -7.6642 -3.4254
v  -0.1690 -7.6629 -3.4196
v  -0.1559 -7.6782 -3.4222
v  -0.1559 -7.6768 -3.4164
v  -0.2136 -7.6748 -3.4230
v  -0.2094 -7.6706 -3.4240
v  -0.2136 -7.6734 -3.4172
v  -0.1868 -7.6487 -3.4290
v  -0.1841 -7.6523 -3.4322
v  -0.1808 -7.6492 -3.4289
v  -0.1868 -7.6473 -3.4232
v  -0.1911 -7.6528 -3.4281
v  -0.2018 -7.6947 -3.4183
v  -0.2018 -7.6933 -3.4125
v  -0.2140 -7.6798 -3.4219
v  -0.1879 -7.7094 -3.4150
v  -0.1879 -7.7080 -3.4092
v  -0.2136 -7.6677 -3.3923
v  -0.2094 -7.6636 -3.3933
v  -0.1868 -7.6416 -3.3984
v  -0.1911 -7.6457 -3.3974
v  -0.2155 -7.6632 -3.3893
v  -0.2114 -7.6592 -3.3902
v  -0.1885 -7.6369 -3.3954
v  -0.1926 -7.6409 -3.3945
v  -0.2299 -7.6403 -3.3946
v  -0.2247 -7.6375 -3.3952
v  -0.2419 -7.6159 -3.4002
v  -0.2363 -7.6137 -3.4007
v  -0.1987 -7.6199 -3.3993
v  -0.2042 -7.6224 -3.3987
v  -0.2073 -7.6020 -3.4034
v  -0.2129 -7.6042 -3.4029
v  -0.1706 -7.7206 -3.4165
v  -0.1669 -7.7161 -3.4175
v  -0.1441 -7.6948 -3.4224
v  -0.1481 -7.6991 -3.4214
v  -0.1284 -7.7065 -3.4197
v  -0.1325 -7.7105 -3.4188
v  -0.1524 -7.7344 -3.4092
v  -0.1552 -7.7326 -3.4137
v  -0.1575 -7.7348 -3.4091
v  -0.1524 -7.7331 -3.4034
v  -0.1482 -7.7303 -3.4102
v  -0.1261 -7.7025 -3.4166
v  -0.1256 -7.7083 -3.4153
v  -0.1298 -7.7125 -3.4143
v  -0.1256 -7.7070 -3.4094
v  -0.1416 -7.6909 -3.4193
v  -0.1416 -7.6896 -3.4134
v  -0.1575 -7.7336 -3.4037
v  -0.1729 -7.7229 -3.4118
v  -0.1729 -7.7215 -3.4059
v  -0.1524 -7.7274 -3.3786
v  -0.1482 -7.7232 -3.3795
v  -0.1256 -7.7012 -3.3846
v  -0.1298 -7.7054 -3.3836
v  -0.1487 -7.7283 -3.3743
v  -0.1446 -7.7243 -3.3752
v  -0.1217 -7.7020 -3.3804
v  -0.1258 -7.7060 -3.3794
v  -0.1043 -7.7119 -3.3781
v  -0.1073 -7.7170 -3.3769
v  -0.1252 -7.7423 -3.3710
v  -0.1223 -7.7372 -3.3722
v  -0.0859 -7.7203 -3.3761
v  -0.0882 -7.7257 -3.3749
v  -0.1002 -7.7540 -3.3684
v  -0.0979 -7.7486 -3.3696
v  -0.1883 -7.6564 -3.4313
v  -0.1911 -7.6514 -3.4222
v  -0.2094 -7.6693 -3.4181
v  -0.2140 -7.6785 -3.4164
v  -0.1509 -7.7285 -3.4146
v  -0.1298 -7.7111 -3.4085
v  -0.1482 -7.7290 -3.4043
v  -0.1261 -7.7011 -3.4108
v  -0.1794 -7.6424 -3.3906
v  -0.1808 -7.6421 -3.3982
v  -0.1690 -7.6571 -3.3948
v  -0.1690 -7.6558 -3.3889
v  -0.1559 -7.6711 -3.3915
v  -0.1559 -7.6697 -3.3857
v  -0.1852 -7.6339 -3.3920
v  -0.1839 -7.6346 -3.3857
v  -0.1953 -7.6169 -3.3960
v  -0.1953 -7.6155 -3.3902
v  -0.1416 -7.6839 -3.3886
v  -0.1416 -7.6825 -3.3827
v  -0.1261 -7.6953 -3.3856
v  -0.1282 -7.6922 -3.3786
v  -0.1196 -7.6979 -3.3773
v  -0.1217 -7.6953 -3.3717
v  -0.1021 -7.7078 -3.3750
v  -0.1021 -7.7064 -3.3692
v  -0.0850 -7.7157 -3.3732
v  -0.0850 -7.7143 -3.3673
v  -0.1409 -7.6795 -3.3495
v  -0.1027 -7.7039 -3.3439
v  -0.0615 -7.7198 -3.3402
v  -0.0201 -7.7273 -3.3385
v  0.0201 -7.7273 -3.3385
v  0.0615 -7.7198 -3.3402
v  0.1027 -7.7039 -3.3439
v  0.1409 -7.6795 -3.3495
v  0.1735 -7.6477 -3.3569
v  0.1986 -7.6104 -3.3655
v  0.2149 -7.5703 -3.3747
v  0.2226 -7.5300 -3.3841
v  0.2226 -7.4908 -3.3931
v  0.2149 -7.4505 -3.4024
v  0.1986 -7.4104 -3.4117
v  0.1735 -7.3731 -3.4203
v  0.1409 -7.3413 -3.4276
v  0.1027 -7.3170 -3.4332
v  0.0615 -7.3010 -3.4369
v  0.0201 -7.2935 -3.4387
v  -0.0201 -7.2935 -3.4387
v  -0.0615 -7.3010 -3.4369
v  -0.1027 -7.3169 -3.4332
v  -0.1409 -7.3413 -3.4276
v  -0.1735 -7.3731 -3.4203
v  -0.1986 -7.4104 -3.4117
v  -0.2149 -7.4505 -3.4024
v  -0.2226 -7.4908 -3.3931
v  -0.2226 -7.5300 -3.3841
v  -0.2149 -7.5703 -3.3747
v  -0.1986 -7.6104 -3.3655
v  -0.1735 -7.6477 -3.3569
v  -0.0000 -7.5104 -3.3886
v  -0.1724 -7.4685 -3.4138
v  -0.1445 -7.4762 -3.4121
v  -0.1485 -7.4790 -3.4064
v  -0.1738 -7.4723 -3.4078
v  -0.1460 -7.4697 -3.4085
v  -0.1712 -7.4631 -3.4100
v  -0.1551 -7.4269 -3.4234
v  -0.1577 -7.4302 -3.4176
v  -0.1528 -7.4219 -3.4195
v  -0.1257 -7.3910 -3.4317
v  -0.1058 -7.4108 -3.4271
v  -0.1113 -7.4111 -3.4220
v  -0.1294 -7.3935 -3.4261
v  -0.1043 -7.4043 -3.4236
v  -0.1225 -7.3867 -3.4277
v  -0.0898 -7.3627 -3.4381
v  -0.0748 -7.3876 -3.4325
v  -0.0805 -7.3865 -3.4277
v  -0.0943 -7.3642 -3.4327
v  -0.0720 -7.3817 -3.4288
v  -0.0858 -7.3594 -3.4338
v  -0.0462 -7.3454 -3.4421
v  -0.0387 -7.3731 -3.4358
v  -0.0442 -7.3705 -3.4314
v  -0.0512 -7.3456 -3.4370
v  -0.0347 -7.3681 -3.4320
v  -0.0417 -7.3431 -3.4375
v  0.0003 -7.3404 -3.4434
v  -0.0049 -7.3393 -3.4386
v  0.0049 -7.3393 -3.4386
v  0.0502 -7.3425 -3.4420
v  0.0387 -7.3731 -3.4358
v  0.0347 -7.3681 -3.4320
v  0.0452 -7.3400 -3.4375
v  0.0442 -7.3705 -3.4314
v  0.0547 -7.3425 -3.4370
v  0.0895 -7.3635 -3.4380
v  0.0748 -7.3876 -3.4325
v  0.0720 -7.3817 -3.4288
v  0.0849 -7.3599 -3.4338
v  0.0805 -7.3865 -3.4277
v  0.0935 -7.3647 -3.4327
v  0.1261 -7.3914 -3.4316
v  0.1058 -7.4108 -3.4271
v  0.1043 -7.4044 -3.4236
v  0.1224 -7.3867 -3.4277
v  0.1113 -7.4111 -3.4220
v  0.1294 -7.3935 -3.4261
v  0.1547 -7.4274 -3.4233
v  0.1521 -7.4219 -3.4195
v  0.1570 -7.4302 -3.4176
v  0.1736 -7.4684 -3.4136
v  0.1445 -7.4762 -3.4121
v  0.1460 -7.4697 -3.4085
v  0.1723 -7.4623 -3.4100
v  0.1485 -7.4790 -3.4064
v  0.1748 -7.4716 -3.4078
v  0.1781 -7.5142 -3.4033
v  0.1496 -7.5139 -3.4033
v  0.1524 -7.5080 -3.3997
v  0.1781 -7.5080 -3.3997
v  0.1524 -7.5176 -3.3974
v  0.1781 -7.5175 -3.3974
v  0.1754 -7.5591 -3.3929
v  0.1445 -7.5516 -3.3946
v  0.1485 -7.5466 -3.3907
v  0.1768 -7.5530 -3.3893
v  0.1460 -7.5559 -3.3886
v  0.1742 -7.5623 -3.3871
v  0.1541 -7.6009 -3.3833
v  0.1567 -7.5954 -3.3795
v  0.1518 -7.6037 -3.3776
v  0.1257 -7.6368 -3.3750
v  0.1058 -7.6170 -3.3795
v  0.1113 -7.6144 -3.3751
v  0.1294 -7.6321 -3.3710
v  0.1043 -7.6212 -3.3735
v  0.1225 -7.6388 -3.3694
v  0.0888 -7.6643 -3.3686
v  0.0748 -7.6401 -3.3742
v  0.0805 -7.6390 -3.3694
v  0.0933 -7.6606 -3.3644
v  0.0720 -7.6438 -3.3683
v  0.0848 -7.6654 -3.3633
v  0.0458 -7.6816 -3.3646
v  0.0387 -7.6547 -3.3708
v  0.0442 -7.6550 -3.3657
v  0.0509 -7.6791 -3.3601
v  0.0347 -7.6575 -3.3651
v  0.0414 -7.6816 -3.3596
v  -0.0003 -7.6874 -3.3633
v  0.0049 -7.6863 -3.3585
v  -0.0049 -7.6863 -3.3585
v  -0.0464 -7.6814 -3.3647
v  -0.0387 -7.6547 -3.3708
v  -0.0347 -7.6575 -3.3651
v  -0.0413 -7.6816 -3.3596
v  -0.0442 -7.6550 -3.3657
v  -0.0508 -7.6791 -3.3601
v  -0.0893 -7.6640 -3.3687
v  -0.0748 -7.6401 -3.3742
v  -0.0720 -7.6438 -3.3683
v  -0.0848 -7.6655 -3.3633
v  -0.0805 -7.6390 -3.3694
v  -0.0933 -7.6607 -3.3644
v  -0.1261 -7.6364 -3.3751
v  -0.1058 -7.6170 -3.3795
v  -0.1043 -7.6212 -3.3735
v  -0.1224 -7.6389 -3.3694
v  -0.1113 -7.6144 -3.3751
v  -0.1294 -7.6321 -3.3710
v  -0.1544 -7.6004 -3.3834
v  -0.1518 -7.6037 -3.3776
v  -0.1567 -7.5954 -3.3795
v  -0.1725 -7.5586 -3.3930
v  -0.1445 -7.5516 -3.3946
v  -0.1460 -7.5559 -3.3886
v  -0.1711 -7.5624 -3.3871
v  -0.1485 -7.5466 -3.3907
v  -0.1736 -7.5531 -3.3892
v  -0.1781 -7.5136 -3.4034
v  -0.1496 -7.5139 -3.4033
v  -0.1524 -7.5176 -3.3974
v  -0.1781 -7.5176 -3.3974
v  -0.1524 -7.5080 -3.3997
v  -0.1781 -7.5080 -3.3996
v  -0.1485 -7.4766 -3.3961
v  -0.1738 -7.4700 -3.3975
v  -0.1460 -7.4673 -3.3982
v  -0.1712 -7.4607 -3.3997
v  -0.1577 -7.4278 -3.4073
v  -0.1528 -7.4195 -3.4092
v  -0.1113 -7.4088 -3.4117
v  -0.1294 -7.3911 -3.4158
v  -0.1043 -7.4020 -3.4133
v  -0.1225 -7.3843 -3.4174
v  -0.0805 -7.3842 -3.4174
v  -0.0943 -7.3618 -3.4224
v  -0.0720 -7.3794 -3.4185
v  -0.0858 -7.3570 -3.4235
v  -0.0442 -7.3682 -3.4211
v  -0.0512 -7.3433 -3.4267
v  -0.0347 -7.3657 -3.4217
v  -0.0417 -7.3408 -3.4272
v  -0.0049 -7.3369 -3.4283
v  0.0049 -7.3369 -3.4283
v  0.0347 -7.3657 -3.4217
v  0.0452 -7.3377 -3.4272
v  0.0442 -7.3682 -3.4211
v  0.0547 -7.3402 -3.4267
v  0.0720 -7.3794 -3.4185
v  0.0849 -7.3575 -3.4235
v  0.0805 -7.3842 -3.4174
v  0.0935 -7.3623 -3.4224
v  0.1043 -7.4020 -3.4133
v  0.1224 -7.3843 -3.4174
v  0.1113 -7.4088 -3.4117
v  0.1294 -7.3911 -3.4158
v  0.1521 -7.4195 -3.4092
v  0.1570 -7.4278 -3.4073
v  0.1460 -7.4673 -3.3982
v  0.1723 -7.4600 -3.3997
v  0.1485 -7.4766 -3.3961
v  0.1748 -7.4692 -3.3976
v  0.1524 -7.5056 -3.3894
v  0.1781 -7.5056 -3.3894
v  0.1524 -7.5152 -3.3872
v  0.1781 -7.5152 -3.3872
v  0.1485 -7.5442 -3.3805
v  0.1768 -7.5507 -3.3790
v  0.1460 -7.5535 -3.3783
v  0.1742 -7.5599 -3.3768
v  0.1567 -7.5930 -3.3692
v  0.1518 -7.6013 -3.3673
v  0.1113 -7.6120 -3.3648
v  0.1294 -7.6297 -3.3607
v  0.1043 -7.6188 -3.3632
v  0.1225 -7.6365 -3.3592
v  0.0805 -7.6366 -3.3591
v  0.0933 -7.6583 -3.3541
v  0.0720 -7.6414 -3.3580
v  0.0848 -7.6631 -3.3530
v  0.0442 -7.6526 -3.3554
v  0.0509 -7.6768 -3.3498
v  0.0347 -7.6551 -3.3548
v  0.0414 -7.6792 -3.3493
v  0.0049 -7.6839 -3.3482
v  -0.0049 -7.6839 -3.3482
v  -0.0347 -7.6551 -3.3548
v  -0.0413 -7.6793 -3.3493
v  -0.0442 -7.6526 -3.3554
v  -0.0508 -7.6768 -3.3498
v  -0.0720 -7.6414 -3.3580
v  -0.0848 -7.6631 -3.3530
v  -0.0805 -7.6366 -3.3591
v  -0.0933 -7.6583 -3.3541
v  -0.1043 -7.6188 -3.3632
v  -0.1224 -7.6365 -3.3591
v  -0.1113 -7.6120 -3.3648
v  -0.1294 -7.6297 -3.3607
v  -0.1518 -7.6013 -3.3673
v  -0.1567 -7.5930 -3.3692
v  -0.1460 -7.5535 -3.3783
v  -0.1711 -7.5600 -3.3768
v  -0.1485 -7.5442 -3.3805
v  -0.1736 -7.5507 -3.3790
v  -0.1524 -7.5152 -3.3871
v  -0.1781 -7.5152 -3.3871
v  -0.1524 -7.5056 -3.3894
v  -0.1781 -7.5056 -3.3894
v  0.0000 -7.6638 -3.3653
v  0.0000 -7.6600 -3.3713
v  0.0000 -7.6540 -3.3676
v  -0.0312 -7.6607 -3.3660
v  -0.0301 -7.6571 -3.3720
v  -0.0291 -7.6511 -3.3682
v  -0.0602 -7.6519 -3.3681
v  -0.0583 -7.6485 -3.3740
v  -0.0563 -7.6429 -3.3701
v  -0.0866 -7.6380 -3.3713
v  -0.0838 -7.6351 -3.3771
v  -0.0809 -7.6299 -3.3732
v  -0.1095 -7.6196 -3.3755
v  -0.1059 -7.6172 -3.3812
v  -0.1024 -7.6126 -3.3771
v  -0.1284 -7.5972 -3.3807
v  -0.1243 -7.5956 -3.3862
v  -0.1201 -7.5917 -3.3820
v  -0.1427 -7.5716 -3.3866
v  -0.1381 -7.5708 -3.3919
v  -0.1335 -7.5677 -3.3875
v  -0.1518 -7.5432 -3.3932
v  -0.1468 -7.5434 -3.3983
v  -0.1419 -7.5413 -3.3936
v  -0.1549 -7.5128 -3.4002
v  -0.1499 -7.5139 -3.4051
v  -0.1449 -7.5128 -3.4002
v  -0.1518 -7.4824 -3.4072
v  -0.1468 -7.4845 -3.4118
v  -0.1419 -7.4844 -3.4067
v  -0.1427 -7.4541 -3.4137
v  -0.1381 -7.4571 -3.4182
v  -0.1335 -7.4579 -3.4129
v  -0.1284 -7.4284 -3.4197
v  -0.1243 -7.4323 -3.4239
v  -0.1201 -7.4339 -3.4184
v  -0.1095 -7.4061 -3.4248
v  -0.1059 -7.4107 -3.4289
v  -0.1024 -7.4130 -3.4232
v  -0.0866 -7.3876 -3.4291
v  -0.0838 -7.3928 -3.4330
v  -0.0809 -7.3957 -3.4272
v  -0.0602 -7.3737 -3.4323
v  -0.0583 -7.3793 -3.4361
v  -0.0563 -7.3827 -3.4302
v  -0.0312 -7.3649 -3.4343
v  -0.0301 -7.3708 -3.4381
v  -0.0291 -7.3745 -3.4321
v  0.0000 -7.3618 -3.4350
v  0.0000 -7.3678 -3.4388
v  0.0000 -7.3716 -3.4328
v  0.0312 -7.3649 -3.4343
v  0.0302 -7.3708 -3.4381
v  0.0292 -7.3745 -3.4321
v  0.0603 -7.3737 -3.4323
v  0.0584 -7.3793 -3.4361
v  0.0564 -7.3827 -3.4302
v  0.0867 -7.3876 -3.4291
v  0.0838 -7.3928 -3.4330
v  0.0810 -7.3957 -3.4272
v  0.1096 -7.4061 -3.4248
v  0.1060 -7.4107 -3.4289
v  0.1025 -7.4130 -3.4232
v  0.1285 -7.4284 -3.4197
v  0.1244 -7.4323 -3.4239
v  0.1202 -7.4339 -3.4184
v  0.1428 -7.4541 -3.4137
v  0.1382 -7.4571 -3.4182
v  0.1336 -7.4579 -3.4129
v  0.1519 -7.4824 -3.4072
v  0.1469 -7.4845 -3.4118
v  0.1420 -7.4844 -3.4067
v  0.1550 -7.5128 -3.4002
v  0.1500 -7.5139 -3.4051
v  0.1450 -7.5128 -3.4002
v  0.1519 -7.5432 -3.3932
v  0.1469 -7.5434 -3.3983
v  0.1420 -7.5413 -3.3936
v  0.1428 -7.5716 -3.3866
v  0.1382 -7.5708 -3.3919
v  0.1336 -7.5677 -3.3875
v  0.1285 -7.5972 -3.3807
v  0.1244 -7.5956 -3.3862
v  0.1202 -7.5917 -3.3820
v  0.1096 -7.6196 -3.3755
v  0.1060 -7.6172 -3.3812
v  0.1025 -7.6126 -3.3771
v  0.0867 -7.6380 -3.3713
v  0.0838 -7.6351 -3.3771
v  0.0810 -7.6299 -3.3732
v  0.0603 -7.6519 -3.3681
v  0.0584 -7.6485 -3.3740
v  0.0564 -7.6429 -3.3701
v  0.0312 -7.6607 -3.3660
v  0.0302 -7.6571 -3.3720
v  0.0292 -7.6511 -3.3682
v  0.0000 -7.6610 -3.3532
v  0.0000 -7.6512 -3.3555
v  -0.0312 -7.6579 -3.3539
v  -0.0291 -7.6483 -3.3561
v  -0.0602 -7.6491 -3.3559
v  -0.0563 -7.6401 -3.3580
v  -0.0866 -7.6352 -3.3591
v  -0.0809 -7.6271 -3.3610
v  -0.1095 -7.6167 -3.3634
v  -0.1024 -7.6098 -3.3650
v  -0.1284 -7.5944 -3.3686
v  -0.1201 -7.5889 -3.3698
v  -0.1427 -7.5688 -3.3745
v  -0.1335 -7.5649 -3.3754
v  -0.1518 -7.5404 -3.3810
v  -0.1419 -7.5385 -3.3815
v  -0.1549 -7.5100 -3.3880
v  -0.1449 -7.5100 -3.3880
v  -0.1518 -7.4796 -3.3951
v  -0.1419 -7.4816 -3.3946
v  -0.1427 -7.4513 -3.4016
v  -0.1335 -7.4551 -3.4007
v  -0.1284 -7.4256 -3.4075
v  -0.1201 -7.4311 -3.4063
v  -0.1095 -7.4033 -3.4127
v  -0.1024 -7.4102 -3.4111
v  -0.0866 -7.3848 -3.4169
v  -0.0809 -7.3929 -3.4151
v  -0.0602 -7.3709 -3.4202
v  -0.0563 -7.3799 -3.4181
v  -0.0312 -7.3621 -3.4222
v  -0.0291 -7.3717 -3.4200
v  0.0000 -7.3590 -3.4229
v  0.0000 -7.3688 -3.4206
v  0.0312 -7.3621 -3.4222
v  0.0292 -7.3717 -3.4200
v  0.0603 -7.3709 -3.4202
v  0.0564 -7.3799 -3.4181
v  0.0867 -7.3848 -3.4169
v  0.0810 -7.3929 -3.4151
v  0.1096 -7.4033 -3.4127
v  0.1025 -7.4102 -3.4111
v  0.1285 -7.4256 -3.4075
v  0.1202 -7.4311 -3.4063
v  0.1428 -7.4513 -3.4016
v  0.1336 -7.4551 -3.4007
v  0.1519 -7.4796 -3.3951
v  0.1420 -7.4816 -3.3946
v  0.1550 -7.5100 -3.3880
v  0.1450 -7.5100 -3.3880
v  0.1519 -7.5404 -3.3810
v  0.1420 -7.5385 -3.3815
v  0.1428 -7.5688 -3.3745
v  0.1336 -7.5649 -3.3754
v  0.1285 -7.5944 -3.3686
v  0.1202 -7.5889 -3.3698
v  0.1096 -7.6168 -3.3634
v  0.1025 -7.6098 -3.3650
v  0.0867 -7.6352 -3.3591
v  0.0810 -7.6271 -3.3610
v  0.0603 -7.6491 -3.3559
v  0.0564 -7.6401 -3.3580
v  0.0312 -7.6579 -3.3539
v  0.0292 -7.6483 -3.3561
v  0.0305 -7.5875 -3.3815
v  0.0207 -7.5875 -3.3815
v  0.0256 -7.5859 -3.3870
v  -0.0207 -7.5875 -3.3815
v  -0.0305 -7.5875 -3.3815
v  -0.0256 -7.5859 -3.3870
v  -0.0000 -7.5759 -3.3842
v  -0.0256 -7.5792 -3.3834
v  -0.0207 -7.6108 -3.3762
v  -0.0000 -7.6224 -3.3735
v  0.0207 -7.6108 -3.3762
v  0.0049 -7.6307 -3.3716
v  -0.0000 -7.6291 -3.3770
v  0.0256 -7.5792 -3.3835
v  -0.0768 -7.6147 -3.3803
v  -0.0719 -7.6163 -3.3749
v  -0.0817 -7.6108 -3.3762
v  -0.0512 -7.5759 -3.3842
v  -0.0719 -7.5875 -3.3815
v  -0.0817 -7.5875 -3.3815
v  -0.0768 -7.5792 -3.3834
v  -0.0768 -7.5859 -3.3870
v  -0.0256 -7.6147 -3.3803
v  -0.0561 -7.6252 -3.3728
v  -0.0305 -7.6108 -3.3762
v  -0.0463 -7.6307 -3.3716
v  -0.0256 -7.6191 -3.3742
v  -0.0512 -7.6291 -3.3770
v  -0.1024 -7.5427 -3.3969
v  -0.1073 -7.5676 -3.3861
v  -0.1073 -7.5443 -3.3915
v  -0.0974 -7.5676 -3.3861
v  -0.0974 -7.5443 -3.3915
v  -0.1024 -7.5715 -3.3903
v  -0.1024 -7.5759 -3.3842
v  -0.0561 -7.5676 -3.3861
v  -0.0561 -7.5443 -3.3915
v  -0.0463 -7.5676 -3.3861
v  -0.0512 -7.5715 -3.3903
v  -0.0768 -7.5327 -3.3942
v  -0.1024 -7.5360 -3.3934
v  -0.1280 -7.5216 -3.3967
v  -0.0512 -7.5427 -3.3969
v  -0.0241 -7.5309 -3.3941
v  -0.0463 -7.5443 -3.3915
v  -0.0290 -7.5226 -3.3960
v  -0.0512 -7.5360 -3.3934
v  -0.0219 -7.5252 -3.4005
v  -0.0000 -7.5386 -3.3969
v  -0.0049 -7.5676 -3.3861
v  -0.0049 -7.5402 -3.3915
v  0.0049 -7.5676 -3.3861
v  0.0049 -7.5402 -3.3915
v  -0.0000 -7.5715 -3.3903
v  -0.0049 -7.6307 -3.3716
v  -0.0512 -7.6509 -3.3720
v  -0.0463 -7.6464 -3.3680
v  -0.0561 -7.6427 -3.3688
v  -0.0962 -7.6256 -3.3778
v  -0.0907 -7.6269 -3.3724
v  -0.0956 -7.6187 -3.3746
v  -0.1473 -7.5392 -3.3977
v  -0.1280 -7.5327 -3.3942
v  -0.1419 -7.5405 -3.3924
v  -0.1436 -7.5304 -3.3947
v  -0.1280 -7.5283 -3.4003
v  -0.1473 -7.4886 -3.4094
v  -0.1435 -7.4951 -3.4029
v  -0.1419 -7.4850 -3.4052
v  -0.1280 -7.4995 -3.4069
v  -0.1280 -7.4928 -3.4034
v  -0.1280 -7.5039 -3.4008
v  -0.1024 -7.4895 -3.4042
v  -0.0768 -7.5283 -3.4003
v  -0.0768 -7.4995 -3.4069
v  -0.0719 -7.5011 -3.4015
v  -0.0719 -7.5244 -3.3961
v  -0.0817 -7.5011 -3.4015
v  -0.0817 -7.5244 -3.3961
v  0.0305 -7.5846 -3.3690
v  0.0207 -7.5846 -3.3690
v  -0.0207 -7.5846 -3.3690
v  -0.0305 -7.5846 -3.3690
v  -0.0000 -7.5730 -3.3717
v  -0.0256 -7.5763 -3.3709
v  -0.0207 -7.6079 -3.3636
v  -0.0000 -7.6195 -3.3609
v  0.0207 -7.6079 -3.3636
v  0.0049 -7.6278 -3.3590
v  0.0256 -7.5763 -3.3709
v  -0.0719 -7.6134 -3.3623
v  -0.0817 -7.6079 -3.3636
v  -0.0512 -7.5730 -3.3717
v  -0.0719 -7.5846 -3.3690
v  -0.0817 -7.5846 -3.3690
v  -0.0768 -7.5763 -3.3709
v  -0.0561 -7.6223 -3.3603
v  -0.0305 -7.6079 -3.3636
v  -0.0463 -7.6278 -3.3590
v  -0.0256 -7.6162 -3.3617
v  -0.1073 -7.5647 -3.3736
v  -0.1073 -7.5414 -3.3790
v  -0.0974 -7.5647 -3.3736
v  -0.0974 -7.5414 -3.3790
v  -0.1024 -7.5730 -3.3717
v  -0.0561 -7.5647 -3.3736
v  -0.0561 -7.5414 -3.3790
v  -0.0463 -7.5647 -3.3736
v  -0.0768 -7.5298 -3.3816
v  -0.1024 -7.5331 -3.3809
v  -0.1280 -7.5187 -3.3842
v  -0.0241 -7.5280 -3.3816
v  -0.0463 -7.5414 -3.3790
v  -0.0290 -7.5197 -3.3835
v  -0.0512 -7.5331 -3.3809
v  -0.0049 -7.5647 -3.3736
v  -0.0049 -7.5373 -3.3790
v  0.0049 -7.5647 -3.3736
v  0.0049 -7.5373 -3.3790
v  -0.0049 -7.6278 -3.3590
v  -0.0463 -7.6435 -3.3554
v  -0.0561 -7.6398 -3.3562
v  -0.0907 -7.6240 -3.3599
v  -0.0956 -7.6158 -3.3621
v  -0.1280 -7.5298 -3.3816
v  -0.1419 -7.5376 -3.3798
v  -0.1436 -7.5275 -3.3822
v  -0.1435 -7.4922 -3.3903
v  -0.1419 -7.4821 -3.3926
v  -0.1280 -7.4899 -3.3908
v  -0.1280 -7.5010 -3.3883
v  -0.0719 -7.4983 -3.3889
v  -0.0719 -7.5215 -3.3836
v  -0.0817 -7.4983 -3.3889
v  -0.0817 -7.5215 -3.3836
v  -0.0768 -7.4928 -3.4034
v  -0.0561 -7.4580 -3.4114
v  -0.0512 -7.4497 -3.4134
v  -0.0512 -7.4563 -3.4169
v  -0.0561 -7.4812 -3.4061
v  -0.0463 -7.4580 -3.4114
v  -0.0768 -7.4463 -3.4141
v  -0.1024 -7.4851 -3.4102
v  -0.0974 -7.4580 -3.4114
v  -0.0974 -7.4812 -3.4061
v  -0.1073 -7.4580 -3.4114
v  -0.1073 -7.4812 -3.4061
v  -0.1024 -7.4563 -3.4169
v  -0.0512 -7.3987 -3.4302
v  -0.0561 -7.4004 -3.4247
v  -0.0463 -7.3948 -3.4260
v  -0.0305 -7.4380 -3.4160
v  -0.0305 -7.4148 -3.4214
v  -0.0256 -7.4065 -3.4233
v  -0.0207 -7.4148 -3.4214
v  -0.0256 -7.4131 -3.4268
v  -0.0768 -7.4419 -3.4202
v  -0.0719 -7.4092 -3.4227
v  -0.0719 -7.4380 -3.4160
v  -0.0817 -7.4148 -3.4214
v  -0.0817 -7.4380 -3.4160
v  -0.0768 -7.4131 -3.4268
v  0.0256 -7.4131 -3.4269
v  0.0049 -7.3948 -3.4260
v  0.0256 -7.4065 -3.4233
v  -0.0000 -7.4031 -3.4241
v  0.0207 -7.4148 -3.4214
v  -0.0000 -7.3987 -3.4302
v  -0.0049 -7.3948 -3.4260
v  -0.0207 -7.4380 -3.4160
v  -0.0000 -7.4497 -3.4134
v  -0.0256 -7.4463 -3.4141
v  -0.0256 -7.4419 -3.4202
v  0.0207 -7.4380 -3.4160
v  0.0305 -7.4148 -3.4214
v  0.0561 -7.4004 -3.4247
v  -0.0000 -7.4563 -3.4169
v  -0.0049 -7.4869 -3.4062
v  -0.0049 -7.4580 -3.4114
v  0.0049 -7.4869 -3.4062
v  0.0049 -7.4580 -3.4114
v  -0.0000 -7.4933 -3.4093
v  -0.0217 -7.5003 -3.4069
v  -0.0463 -7.4812 -3.4061
v  -0.0217 -7.4936 -3.4034
v  -0.0512 -7.4895 -3.4042
v  -0.0266 -7.5019 -3.4015
v  -0.0512 -7.4851 -3.4102
v  -0.1024 -7.4497 -3.4134
v  -0.0962 -7.4022 -3.4294
v  -0.0956 -7.4069 -3.4232
v  -0.0875 -7.4005 -3.4247
v  -0.0512 -7.3769 -3.4352
v  -0.0561 -7.3792 -3.4296
v  -0.0463 -7.3793 -3.4299
v  0.0512 -7.3769 -3.4352
v  0.0463 -7.3948 -3.4260
v  0.0463 -7.3792 -3.4296
v  0.0561 -7.3828 -3.4288
v  0.0512 -7.3987 -3.4302
v  0.0962 -7.4022 -3.4294
v  0.0874 -7.4005 -3.4247
v  0.0956 -7.4070 -3.4232
v  0.0768 -7.4419 -3.4202
v  0.0768 -7.4131 -3.4269
v  0.0817 -7.4148 -3.4214
v  0.0817 -7.4380 -3.4160
v  0.0718 -7.4092 -3.4227
v  0.0718 -7.4380 -3.4160
v  0.0256 -7.4419 -3.4202
v  0.0512 -7.4563 -3.4169
v  0.0463 -7.4580 -3.4114
v  0.0256 -7.4463 -3.4141
v  0.0512 -7.4497 -3.4134
v  0.0305 -7.4380 -3.4160
v  -0.1024 -7.4866 -3.3916
v  -0.0768 -7.4899 -3.3908
v  -0.0561 -7.4551 -3.3989
v  -0.0512 -7.4468 -3.4008
v  -0.0561 -7.4783 -3.3935
v  -0.0463 -7.4551 -3.3989
v  -0.0768 -7.4434 -3.4016
v  -0.0974 -7.4551 -3.3989
v  -0.0974 -7.4783 -3.3935
v  -0.1073 -7.4551 -3.3989
v  -0.1073 -7.4783 -3.3935
v  -0.0561 -7.3975 -3.4122
v  -0.0463 -7.3919 -3.4135
v  -0.0305 -7.4351 -3.4035
v  -0.0305 -7.4119 -3.4089
v  -0.0256 -7.4036 -3.4108
v  -0.0207 -7.4119 -3.4089
v  -0.0719 -7.4063 -3.4101
v  -0.0719 -7.4351 -3.4035
v  -0.0817 -7.4119 -3.4089
v  -0.0817 -7.4351 -3.4035
v  0.0049 -7.3919 -3.4135
v  0.0256 -7.4036 -3.4108
v  -0.0000 -7.4002 -3.4116
v  0.0207 -7.4119 -3.4089
v  -0.0049 -7.3919 -3.4135
v  -0.0207 -7.4351 -3.4035
v  -0.0000 -7.4468 -3.4008
v  -0.0256 -7.4434 -3.4016
v  0.0207 -7.4351 -3.4035
v  0.0305 -7.4119 -3.4089
v  0.0561 -7.3975 -3.4122
v  -0.0049 -7.4840 -3.3937
v  -0.0049 -7.4551 -3.3989
v  0.0049 -7.4840 -3.3937
v  0.0049 -7.4551 -3.3989
v  -0.0463 -7.4783 -3.3935
v  -0.0217 -7.4907 -3.3908
v  -0.0512 -7.4866 -3.3916
v  -0.0266 -7.4990 -3.3889
v  -0.1024 -7.4468 -3.4008
v  -0.0956 -7.4041 -3.4107
v  -0.0875 -7.3976 -3.4122
v  -0.0561 -7.3763 -3.4171
v  -0.0463 -7.3764 -3.4173
v  0.0463 -7.3919 -3.4135
v  0.0463 -7.3763 -3.4171
v  0.0561 -7.3799 -3.4162
v  0.0874 -7.3976 -3.4122
v  0.0956 -7.4041 -3.4107
v  0.0817 -7.4119 -3.4089
v  0.0817 -7.4351 -3.4035
v  0.0718 -7.4063 -3.4101
v  0.0718 -7.4351 -3.4035
v  0.0463 -7.4551 -3.3989
v  0.0256 -7.4434 -3.4016
v  0.0512 -7.4468 -3.4008
v  0.0305 -7.4351 -3.4035
v  0.0561 -7.4580 -3.4114
v  0.0768 -7.4928 -3.4034
v  0.0817 -7.5011 -3.4015
v  0.0768 -7.4995 -3.4069
v  0.0561 -7.4812 -3.4061
v  0.0718 -7.5011 -3.4015
v  0.0974 -7.4812 -3.4061
v  0.0974 -7.4580 -3.4114
v  0.0768 -7.4463 -3.4141
v  0.1024 -7.4497 -3.4134
v  0.1024 -7.4563 -3.4169
v  0.1280 -7.5283 -3.4003
v  0.1280 -7.5217 -3.3967
v  0.1280 -7.5327 -3.3942
v  0.0817 -7.5244 -3.3961
v  0.1024 -7.5360 -3.3934
v  0.1073 -7.5443 -3.3915
v  0.0974 -7.5443 -3.3915
v  0.1024 -7.5427 -3.3969
v  0.1024 -7.4851 -3.4102
v  0.1280 -7.5039 -3.4008
v  0.1024 -7.4895 -3.4042
v  0.1280 -7.4928 -3.4034
v  0.1073 -7.4812 -3.4061
v  0.1280 -7.4995 -3.4069
v  0.0768 -7.5859 -3.3870
v  0.1024 -7.5759 -3.3842
v  0.0817 -7.5875 -3.3815
v  0.0974 -7.5676 -3.3861
v  0.0768 -7.5792 -3.3835
v  0.1024 -7.5715 -3.3903
v  0.1073 -7.5676 -3.3861
v  0.0768 -7.5327 -3.3942
v  0.0561 -7.5443 -3.3915
v  0.0718 -7.5244 -3.3961
v  0.0768 -7.5283 -3.4003
v  0.0561 -7.5676 -3.3861
v  0.0718 -7.5875 -3.3815
v  0.0718 -7.6163 -3.3749
v  0.0512 -7.5427 -3.3969
v  0.0291 -7.5239 -3.3960
v  0.0512 -7.5360 -3.3934
v  0.0242 -7.5322 -3.3941
v  0.0463 -7.5443 -3.3915
v  0.0219 -7.5265 -3.4005
v  0.0216 -7.5016 -3.4069
v  0.0512 -7.4895 -3.4042
v  0.0265 -7.5033 -3.4015
v  0.0463 -7.4812 -3.4061
v  0.0216 -7.4950 -3.4034
v  0.0512 -7.4851 -3.4102
v  0.1073 -7.4580 -3.4114
v  0.1473 -7.4886 -3.4094
v  0.1435 -7.4840 -3.4059
v  0.1436 -7.4951 -3.4029
v  0.1479 -7.5396 -3.3979
v  0.1468 -7.5322 -3.3943
v  0.1424 -7.5410 -3.3928
v  0.0962 -7.6256 -3.3778
v  0.0817 -7.6108 -3.3762
v  0.0956 -7.6186 -3.3744
v  0.0875 -7.6251 -3.3729
v  0.0768 -7.6147 -3.3803
v  0.0512 -7.6511 -3.3720
v  0.0561 -7.6430 -3.3688
v  0.0463 -7.6466 -3.3680
v  0.0256 -7.6147 -3.3803
v  0.0512 -7.6291 -3.3770
v  0.0463 -7.6307 -3.3716
v  0.0256 -7.6191 -3.3742
v  0.0561 -7.6252 -3.3728
v  0.0305 -7.6108 -3.3762
v  0.0512 -7.5715 -3.3903
v  0.0463 -7.5676 -3.3861
v  0.0512 -7.5759 -3.3842
v  0.0561 -7.4551 -3.3989
v  0.0768 -7.4899 -3.3908
v  0.0817 -7.4983 -3.3889
v  0.0561 -7.4783 -3.3935
v  0.0718 -7.4983 -3.3889
v  0.0974 -7.4783 -3.3935
v  0.0974 -7.4551 -3.3989
v  0.0768 -7.4434 -3.4016
v  0.1024 -7.4468 -3.4008
v  0.1280 -7.5188 -3.3842
v  0.1280 -7.5298 -3.3816
v  0.0817 -7.5215 -3.3836
v  0.1024 -7.5331 -3.3809
v  0.1073 -7.5414 -3.3790
v  0.0974 -7.5414 -3.3790
v  0.1280 -7.5010 -3.3883
v  0.1024 -7.4866 -3.3916
v  0.1280 -7.4899 -3.3908
v  0.1073 -7.4783 -3.3935
v  0.1024 -7.5730 -3.3717
v  0.0817 -7.5846 -3.3690
v  0.0974 -7.5647 -3.3736
v  0.0768 -7.5763 -3.3709
v  0.1073 -7.5647 -3.3736
v  0.0768 -7.5298 -3.3816
v  0.0561 -7.5414 -3.3790
v  0.0718 -7.5215 -3.3836
v  0.0561 -7.5647 -3.3736
v  0.0718 -7.5846 -3.3690
v  0.0718 -7.6134 -3.3623
v  0.0291 -7.5210 -3.3835
v  0.0512 -7.5331 -3.3809
v  0.0242 -7.5293 -3.3816
v  0.0463 -7.5414 -3.3790
v  0.0512 -7.4866 -3.3916
v  0.0265 -7.5004 -3.3889
v  0.0463 -7.4783 -3.3935
v  0.0216 -7.4921 -3.3908
v  0.1073 -7.4551 -3.3989
v  0.1435 -7.4811 -3.3934
v  0.1436 -7.4922 -3.3903
v  0.1468 -7.5293 -3.3818
v  0.1424 -7.5381 -3.3803
v  0.0817 -7.6079 -3.3636
v  0.0956 -7.6157 -3.3618
v  0.0875 -7.6222 -3.3603
v  0.0561 -7.6401 -3.3562
v  0.0463 -7.6437 -3.3554
v  0.0463 -7.6278 -3.3590
v  0.0256 -7.6162 -3.3617
v  0.0561 -7.6223 -3.3603
v  0.0305 -7.6079 -3.3636
v  0.0463 -7.5647 -3.3736
v  0.0512 -7.5730 -3.3717
v  0.0056 -7.5400 -3.3988
v  0.0154 -7.5360 -3.3997
v  0.0227 -7.5288 -3.4014
v  0.0268 -7.5193 -3.4035
v  0.0269 -7.5088 -3.4060
v  0.0227 -7.4992 -3.4082
v  0.0153 -7.4918 -3.4099
v  0.0056 -7.4879 -3.4108
v  -0.0054 -7.4877 -3.4108
v  -0.0152 -7.4916 -3.4099
v  -0.0228 -7.4991 -3.4082
v  -0.0269 -7.5088 -3.4060
v  -0.0268 -7.5194 -3.4035
v  -0.0225 -7.5288 -3.4014
v  -0.0152 -7.5361 -3.3997
v  -0.0054 -7.5399 -3.3988
v  0.0068 -7.5445 -3.3917
v  0.0188 -7.5396 -3.3928
v  0.0277 -7.5307 -3.3949
v  0.0327 -7.5192 -3.3975
v  0.0328 -7.5063 -3.4005
v  0.0278 -7.4946 -3.4032
v  0.0187 -7.4855 -3.4053
v  0.0068 -7.4807 -3.4064
v  -0.0066 -7.4806 -3.4064
v  -0.0187 -7.4854 -3.4053
v  -0.0279 -7.4944 -3.4032
v  -0.0328 -7.5063 -3.4005
v  -0.0328 -7.5193 -3.3975
v  -0.0275 -7.5308 -3.3948
v  -0.0186 -7.5397 -3.3928
v  -0.0066 -7.5443 -3.3917
v  0.0063 -7.5426 -3.3957
v  0.0173 -7.5382 -3.3967
v  0.0255 -7.5300 -3.3986
v  0.0300 -7.5195 -3.4010
v  0.0302 -7.5076 -3.4038
v  0.0255 -7.4969 -3.4062
v  0.0172 -7.4885 -3.4082
v  0.0063 -7.4841 -3.4092
v  -0.0061 -7.4840 -3.4092
v  -0.0171 -7.4884 -3.4082
v  -0.0256 -7.4967 -3.4063
v  -0.0302 -7.5076 -3.4038
v  -0.0301 -7.5196 -3.4010
v  -0.0253 -7.5301 -3.3986
v  -0.0170 -7.5383 -3.3967
v  -0.0060 -7.5425 -3.3957
v  0.0068 -7.5423 -3.3766
v  0.0188 -7.5374 -3.3777
v  0.0277 -7.5286 -3.3797
v  0.0327 -7.5171 -3.3824
v  0.0328 -7.5041 -3.3854
v  0.0278 -7.4925 -3.3881
v  0.0187 -7.4834 -3.3902
v  0.0068 -7.4786 -3.3913
v  -0.0066 -7.4784 -3.3913
v  -0.0187 -7.4832 -3.3902
v  -0.0279 -7.4923 -3.3881
v  -0.0328 -7.5041 -3.3854
v  -0.0328 -7.5172 -3.3824
v  -0.0275 -7.5286 -3.3797
v  -0.0186 -7.5376 -3.3777
v  -0.0066 -7.5422 -3.3766
v  0.0000 -7.5139 -3.4048
v  -0.0000 -7.5049 -3.3649
v  -0.1559 -7.6337 -3.3601
v  -0.1559 -7.6351 -3.3660
v  -0.1606 -7.6374 -3.3593
v  -0.1266 -7.6623 -3.3535
v  -0.1304 -7.6669 -3.3525
v  -0.1266 -7.6637 -3.3594
v  -0.0922 -7.6842 -3.3485
v  -0.0950 -7.6894 -3.3473
v  -0.0922 -7.6856 -3.3543
v  -0.0552 -7.6985 -3.3452
v  -0.0569 -7.7041 -3.3439
v  -0.0552 -7.6999 -3.3510
v  -0.0180 -7.7053 -3.3436
v  -0.0186 -7.7111 -3.3422
v  -0.0180 -7.7066 -3.3494
v  0.0180 -7.7053 -3.3436
v  0.0186 -7.7111 -3.3422
v  0.0180 -7.7066 -3.3494
v  0.0552 -7.6985 -3.3452
v  0.0569 -7.7042 -3.3439
v  0.0552 -7.6999 -3.3510
v  0.0922 -7.6842 -3.3485
v  0.0950 -7.6894 -3.3473
v  0.0922 -7.6856 -3.3543
v  0.1266 -7.6623 -3.3535
v  0.1304 -7.6669 -3.3525
v  0.1266 -7.6637 -3.3594
v  0.1559 -7.6337 -3.3601
v  0.1606 -7.6374 -3.3593
v  0.1559 -7.6351 -3.3660
v  0.1784 -7.6003 -3.3678
v  0.1837 -7.6030 -3.3672
v  0.1784 -7.6016 -3.3737
v  0.1930 -7.5642 -3.3762
v  0.1988 -7.5659 -3.3758
v  0.1930 -7.5656 -3.3820
v  0.2000 -7.5280 -3.3845
v  0.2060 -7.5285 -3.3844
v  0.2000 -7.5293 -3.3904
v  0.2000 -7.4928 -3.3926
v  0.2060 -7.4923 -3.3928
v  0.2000 -7.4942 -3.3985
v  0.1930 -7.4566 -3.4010
v  0.1988 -7.4550 -3.4014
v  0.1930 -7.4579 -3.4069
v  0.1784 -7.4206 -3.4093
v  0.1837 -7.4179 -3.4100
v  0.1784 -7.4219 -3.4152
v  0.1559 -7.3871 -3.4171
v  0.1606 -7.3834 -3.4179
v  0.1559 -7.3885 -3.4229
v  0.1266 -7.3585 -3.4236
v  0.1304 -7.3540 -3.4247
v  0.1266 -7.3599 -3.4295
v  0.0922 -7.3366 -3.4287
v  0.0950 -7.3314 -3.4299
v  0.0922 -7.3380 -3.4345
v  0.0552 -7.3223 -3.4320
v  0.0569 -7.3167 -3.4333
v  0.0552 -7.3237 -3.4379
v  0.0180 -7.3156 -3.4336
v  0.0186 -7.3097 -3.4349
v  0.0180 -7.3169 -3.4394
v  -0.0180 -7.3156 -3.4336
v  -0.0186 -7.3097 -3.4349
v  -0.0180 -7.3169 -3.4394
v  -0.0552 -7.3223 -3.4320
v  -0.0569 -7.3167 -3.4333
v  -0.0552 -7.3237 -3.4379
v  -0.0922 -7.3366 -3.4287
v  -0.0950 -7.3314 -3.4299
v  -0.0922 -7.3380 -3.4345
v  -0.1266 -7.3585 -3.4236
v  -0.1304 -7.3540 -3.4247
v  -0.1266 -7.3599 -3.4295
v  -0.1559 -7.3871 -3.4171
v  -0.1606 -7.3834 -3.4179
v  -0.1559 -7.3885 -3.4229
v  -0.1784 -7.4206 -3.4093
v  -0.1837 -7.4179 -3.4100
v  -0.1784 -7.4219 -3.4152
v  -0.1930 -7.4566 -3.4010
v  -0.1988 -7.4550 -3.4014
v  -0.1930 -7.4579 -3.4069
v  -0.2000 -7.4928 -3.3926
v  -0.2060 -7.4923 -3.3928
v  -0.2000 -7.4942 -3.3985
v  -0.2000 -7.5280 -3.3845
v  -0.2060 -7.5285 -3.3844
v  -0.2000 -7.5293 -3.3904
v  -0.1930 -7.5642 -3.3762
v  -0.1988 -7.5659 -3.3758
v  -0.1930 -7.5656 -3.3820
v  -0.1784 -7.6003 -3.3678
v  -0.1837 -7.6030 -3.3672
v  -0.1784 -7.6016 -3.3737
v  -0.1559 -7.6416 -3.3941
v  -0.1512 -7.6379 -3.3950
v  -0.1559 -7.6402 -3.3883
v  -0.1266 -7.6702 -3.3875
v  -0.1266 -7.6688 -3.3817
v  -0.1228 -7.6656 -3.3886
v  -0.0922 -7.6921 -3.3825
v  -0.0922 -7.6907 -3.3766
v  -0.0894 -7.6868 -3.3837
v  -0.0552 -7.7064 -3.3792
v  -0.0552 -7.7050 -3.3733
v  -0.0536 -7.7007 -3.3805
v  -0.0180 -7.7131 -3.3776
v  -0.0180 -7.7118 -3.3718
v  -0.0175 -7.7073 -3.3790
v  0.0180 -7.7131 -3.3776
v  0.0180 -7.7118 -3.3718
v  0.0175 -7.7073 -3.3790
v  0.0552 -7.7064 -3.3792
v  0.0552 -7.7050 -3.3733
v  0.0536 -7.7007 -3.3805
v  0.0922 -7.6921 -3.3825
v  0.0922 -7.6907 -3.3766
v  0.0894 -7.6868 -3.3837
v  0.1266 -7.6702 -3.3875
v  0.1266 -7.6688 -3.3817
v  0.1228 -7.6656 -3.3886
v  0.1559 -7.6416 -3.3941
v  0.1559 -7.6402 -3.3883
v  0.1512 -7.6379 -3.3950
v  0.1784 -7.6081 -3.4019
v  0.1784 -7.6068 -3.3960
v  0.1730 -7.6054 -3.4025
v  0.1930 -7.5721 -3.4102
v  0.1930 -7.5708 -3.4043
v  0.1872 -7.5705 -3.4105
v  0.2000 -7.5359 -3.4185
v  0.2000 -7.5345 -3.4127
v  0.1940 -7.5353 -3.4187
v  0.2000 -7.5007 -3.4267
v  0.2000 -7.4993 -3.4208
v  0.1940 -7.5012 -3.4265
v  0.1930 -7.4644 -3.4350
v  0.1930 -7.4631 -3.4292
v  0.1872 -7.4661 -3.4347
v  0.1784 -7.4284 -3.4433
v  0.1784 -7.4271 -3.4375
v  0.1730 -7.4311 -3.4427
v  0.1559 -7.3950 -3.4511
v  0.1559 -7.3936 -3.4452
v  0.1512 -7.3987 -3.4502
v  0.1266 -7.3664 -3.4577
v  0.1266 -7.3650 -3.4518
v  0.1228 -7.3709 -3.4566
v  0.0922 -7.3445 -3.4627
v  0.0922 -7.3431 -3.4569
v  0.0894 -7.3497 -3.4615
v  0.0552 -7.3302 -3.4660
v  0.0552 -7.3288 -3.4602
v  0.0536 -7.3358 -3.4647
v  0.0180 -7.3234 -3.4676
v  0.0180 -7.3221 -3.4617
v  0.0175 -7.3293 -3.4662
v  -0.0180 -7.3234 -3.4676
v  -0.0180 -7.3221 -3.4617
v  -0.0175 -7.3293 -3.4662
v  -0.0552 -7.3302 -3.4660
v  -0.0552 -7.3288 -3.4602
v  -0.0536 -7.3358 -3.4647
v  -0.0922 -7.3445 -3.4627
v  -0.0922 -7.3431 -3.4569
v  -0.0894 -7.3497 -3.4615
v  -0.1266 -7.3664 -3.4577
v  -0.1266 -7.3650 -3.4518
v  -0.1228 -7.3709 -3.4566
v  -0.1559 -7.3950 -3.4511
v  -0.1559 -7.3936 -3.4452
v  -0.1512 -7.3987 -3.4502
v  -0.1784 -7.4284 -3.4433
v  -0.1784 -7.4271 -3.4375
v  -0.1730 -7.4311 -3.4427
v  -0.1930 -7.4644 -3.4350
v  -0.1930 -7.4631 -3.4292
v  -0.1872 -7.4661 -3.4347
v  -0.2000 -7.5007 -3.4267
v  -0.2000 -7.4993 -3.4208
v  -0.1940 -7.5012 -3.4265
v  -0.2000 -7.5358 -3.4185
v  -0.2000 -7.5345 -3.4127
v  -0.1940 -7.5353 -3.4187
v  -0.1930 -7.5721 -3.4102
v  -0.1930 -7.5708 -3.4043
v  -0.1872 -7.5705 -3.4105
v  -0.1784 -7.6081 -3.4019
v  -0.1784 -7.6068 -3.3960
v  -0.1730 -7.6054 -3.4025
v  -0.1383 -7.6277 -3.3973
v  -0.1383 -7.6263 -3.3915
v  -0.1430 -7.6314 -3.3965
v  -0.1123 -7.6530 -3.3915
v  -0.1161 -7.6576 -3.3904
v  -0.1123 -7.6517 -3.3856
v  -0.0818 -7.6724 -3.3870
v  -0.0846 -7.6777 -3.3858
v  -0.0818 -7.6711 -3.3812
v  -0.0490 -7.6851 -3.3841
v  -0.0507 -7.6908 -3.3828
v  -0.0490 -7.6838 -3.3782
v  -0.0160 -7.6911 -3.3827
v  -0.0166 -7.6970 -3.3813
v  -0.0160 -7.6898 -3.3768
v  0.0160 -7.6911 -3.3827
v  0.0166 -7.6970 -3.3813
v  0.0160 -7.6898 -3.3768
v  0.0490 -7.6851 -3.3841
v  0.0507 -7.6908 -3.3828
v  0.0490 -7.6838 -3.3782
v  0.0818 -7.6724 -3.3870
v  0.0846 -7.6777 -3.3858
v  0.0818 -7.6711 -3.3812
v  0.1123 -7.6530 -3.3915
v  0.1161 -7.6576 -3.3904
v  0.1123 -7.6517 -3.3856
v  0.1383 -7.6277 -3.3973
v  0.1430 -7.6314 -3.3965
v  0.1383 -7.6263 -3.3915
v  0.1582 -7.5980 -3.4042
v  0.1636 -7.6007 -3.4036
v  0.1582 -7.5966 -3.3983
v  0.1713 -7.5660 -3.4116
v  0.1770 -7.5677 -3.4112
v  0.1713 -7.5647 -3.4057
v  0.1774 -7.5339 -3.4190
v  0.1834 -7.5344 -3.4189
v  0.1774 -7.5325 -3.4132
v  0.1774 -7.5027 -3.4262
v  0.1834 -7.5021 -3.4263
v  0.1774 -7.5013 -3.4204
v  0.1713 -7.4705 -3.4336
v  0.1770 -7.4689 -3.4340
v  0.1713 -7.4692 -3.4278
v  0.1582 -7.4386 -3.4410
v  0.1636 -7.4358 -3.4416
v  0.1582 -7.4372 -3.4352
v  0.1383 -7.4089 -3.4479
v  0.1430 -7.4052 -3.4487
v  0.1383 -7.4075 -3.4420
v  0.1123 -7.3835 -3.4537
v  0.1161 -7.3790 -3.4548
v  0.1123 -7.3822 -3.4479
v  0.0818 -7.3641 -3.4582
v  0.0846 -7.3589 -3.4594
v  0.0818 -7.3627 -3.4523
v  0.0490 -7.3514 -3.4611
v  0.0507 -7.3458 -3.4624
v  0.0490 -7.3501 -3.4553
v  0.0160 -7.3454 -3.4625
v  0.0166 -7.3396 -3.4639
v  0.0160 -7.3441 -3.4567
v  -0.0160 -7.3454 -3.4625
v  -0.0166 -7.3396 -3.4639
v  -0.0160 -7.3441 -3.4567
v  -0.0490 -7.3514 -3.4611
v  -0.0507 -7.3458 -3.4624
v  -0.0490 -7.3501 -3.4553
v  -0.0818 -7.3641 -3.4582
v  -0.0846 -7.3589 -3.4594
v  -0.0818 -7.3627 -3.4523
v  -0.1123 -7.3835 -3.4537
v  -0.1161 -7.3790 -3.4548
v  -0.1123 -7.3822 -3.4479
v  -0.1383 -7.4089 -3.4479
v  -0.1430 -7.4052 -3.4487
v  -0.1383 -7.4075 -3.4420
v  -0.1582 -7.4385 -3.4410
v  -0.1636 -7.4358 -3.4416
v  -0.1582 -7.4372 -3.4352
v  -0.1713 -7.4705 -3.4336
v  -0.1770 -7.4689 -3.4340
v  -0.1713 -7.4692 -3.4278
v  -0.1774 -7.5027 -3.4262
v  -0.1834 -7.5021 -3.4263
v  -0.1774 -7.5013 -3.4204
v  -0.1774 -7.5339 -3.4190
v  -0.1834 -7.5344 -3.4189
v  -0.1774 -7.5325 -3.4132
v  -0.1713 -7.5660 -3.4116
v  -0.1770 -7.5677 -3.4112
v  -0.1713 -7.5647 -3.4057
v  -0.1582 -7.5980 -3.4042
v  -0.1636 -7.6007 -3.4036
v  -0.1582 -7.5966 -3.3983
v  -0.1383 -7.6198 -3.3633
v  -0.1336 -7.6161 -3.3642
v  -0.1383 -7.6212 -3.3692
v  -0.1123 -7.6452 -3.3575
v  -0.1123 -7.6465 -3.3633
v  -0.1085 -7.6406 -3.3585
v  -0.0818 -7.6646 -3.3530
v  -0.0818 -7.6659 -3.3588
v  -0.0790 -7.6594 -3.3542
v  -0.0490 -7.6773 -3.3501
v  -0.0490 -7.6786 -3.3559
v  -0.0473 -7.6716 -3.3514
v  -0.0160 -7.6833 -3.3487
v  -0.0160 -7.6846 -3.3545
v  -0.0155 -7.6774 -3.3500
v  0.0160 -7.6833 -3.3487
v  0.0160 -7.6846 -3.3545
v  0.0155 -7.6774 -3.3500
v  0.0490 -7.6773 -3.3501
v  0.0490 -7.6786 -3.3559
v  0.0473 -7.6716 -3.3514
v  0.0818 -7.6646 -3.3530
v  0.0818 -7.6659 -3.3588
v  0.0790 -7.6594 -3.3542
v  0.1123 -7.6452 -3.3575
v  0.1123 -7.6465 -3.3633
v  0.1085 -7.6406 -3.3585
v  0.1383 -7.6198 -3.3633
v  0.1383 -7.6212 -3.3692
v  0.1336 -7.6161 -3.3642
v  0.1582 -7.5901 -3.3702
v  0.1582 -7.5915 -3.3760
v  0.1529 -7.5874 -3.3708
v  0.1713 -7.5582 -3.3776
v  0.1713 -7.5595 -3.3834
v  0.1655 -7.5565 -3.3779
v  0.1774 -7.5260 -3.3850
v  0.1774 -7.5274 -3.3908
v  0.1714 -7.5255 -3.3851
v  0.1774 -7.4948 -3.3922
v  0.1774 -7.4962 -3.3980
v  0.1714 -7.4954 -3.3921
v  0.1713 -7.4627 -3.3996
v  0.1713 -7.4640 -3.4055
v  0.1655 -7.4643 -3.3992
v  0.1582 -7.4307 -3.4070
v  0.1582 -7.4320 -3.4128
v  0.1529 -7.4334 -3.4064
v  0.1383 -7.4010 -3.4138
v  0.1383 -7.4024 -3.4197
v  0.1336 -7.4047 -3.4130
v  0.1123 -7.3757 -3.4197
v  0.1123 -7.3770 -3.4255
v  0.1085 -7.3802 -3.4186
v  0.0818 -7.3562 -3.4242
v  0.0818 -7.3576 -3.4300
v  0.0790 -7.3615 -3.4230
v  0.0490 -7.3436 -3.4271
v  0.0490 -7.3449 -3.4330
v  0.0473 -7.3492 -3.4258
v  0.0160 -7.3376 -3.4285
v  0.0160 -7.3389 -3.4343
v  0.0155 -7.3434 -3.4271
v  -0.0160 -7.3376 -3.4285
v  -0.0160 -7.3389 -3.4343
v  -0.0155 -7.3434 -3.4271
v  -0.0490 -7.3436 -3.4271
v  -0.0490 -7.3449 -3.4330
v  -0.0473 -7.3492 -3.4258
v  -0.0818 -7.3562 -3.4242
v  -0.0818 -7.3576 -3.4300
v  -0.0790 -7.3615 -3.4230
v  -0.1123 -7.3757 -3.4197
v  -0.1123 -7.3770 -3.4255
v  -0.1085 -7.3802 -3.4186
v  -0.1383 -7.4010 -3.4138
v  -0.1383 -7.4024 -3.4197
v  -0.1336 -7.4047 -3.4130
v  -0.1582 -7.4307 -3.4070
v  -0.1582 -7.4320 -3.4128
v  -0.1529 -7.4334 -3.4064
v  -0.1713 -7.4627 -3.3996
v  -0.1713 -7.4640 -3.4055
v  -0.1655 -7.4643 -3.3992
v  -0.1774 -7.4948 -3.3922
v  -0.1774 -7.4962 -3.3980
v  -0.1714 -7.4954 -3.3921
v  -0.1774 -7.5260 -3.3850
v  -0.1774 -7.5274 -3.3908
v  -0.1714 -7.5255 -3.3851
v  -0.1713 -7.5582 -3.3776
v  -0.1713 -7.5595 -3.3834
v  -0.1655 -7.5565 -3.3779
v  -0.1582 -7.5901 -3.3702
v  -0.1582 -7.5915 -3.3760
v  -0.1529 -7.5874 -3.3708
v  0.0271 -7.2563 -3.5358
v  0.0545 -7.2602 -3.5349
v  0.0521 -7.2659 -3.5306
v  0.0254 -7.2623 -3.5315
v  0.0813 -7.2667 -3.5334
v  0.0783 -7.2721 -3.5291
v  0.1074 -7.2757 -3.5313
v  0.1038 -7.2808 -3.5272
v  0.1324 -7.2872 -3.5287
v  0.1282 -7.2920 -3.5244
v  0.1561 -7.3009 -3.5255
v  0.1515 -7.3052 -3.5215
v  0.1784 -7.3169 -3.5218
v  0.1732 -7.3207 -3.5179
v  0.1990 -7.3349 -3.5177
v  0.1934 -7.3382 -3.5139
v  0.2177 -7.3547 -3.5131
v  0.2116 -7.3576 -3.5094
v  0.2343 -7.3763 -3.5081
v  0.2279 -7.3786 -3.5046
v  0.2486 -7.3993 -3.5028
v  0.2420 -7.4010 -3.4995
v  0.2606 -7.4236 -3.4972
v  0.2537 -7.4247 -3.4940
v  0.2700 -7.4490 -3.4913
v  0.2630 -7.4493 -3.4883
v  0.2768 -7.4751 -3.4853
v  0.2697 -7.4748 -3.4824
v  0.2810 -7.5018 -3.4791
v  0.2739 -7.5007 -3.4764
v  0.2824 -7.5287 -3.4729
v  0.2754 -7.5270 -3.4704
v  0.2810 -7.5556 -3.4667
v  0.2743 -7.5532 -3.4643
v  0.2770 -7.5822 -3.4605
v  0.2705 -7.5793 -3.4582
v  0.2704 -7.6084 -3.4545
v  0.2642 -7.6048 -3.4524
v  0.2612 -7.6338 -3.4486
v  0.2551 -7.6295 -3.4464
v  0.2494 -7.6581 -3.4430
v  0.2439 -7.6535 -3.4411
v  0.2346 -7.6809 -3.4377
v  0.2298 -7.6758 -3.4354
v  0.2189 -7.7030 -3.4327
v  0.2142 -7.6974 -3.4310
v  0.2004 -7.7230 -3.4280
v  0.1963 -7.7169 -3.4264
v  0.1800 -7.7412 -3.4238
v  0.1765 -7.7347 -3.4223
v  0.1578 -7.7573 -3.4201
v  0.1549 -7.7506 -3.4187
v  0.1342 -7.7713 -3.4169
v  0.1319 -7.7643 -3.4155
v  0.1093 -7.7829 -3.4142
v  0.1076 -7.7757 -3.4129
v  0.0833 -7.7921 -3.4121
v  0.0823 -7.7848 -3.4108
v  0.0565 -7.7988 -3.4106
v  0.0562 -7.7914 -3.4093
v  0.0292 -7.8029 -3.4096
v  0.0295 -7.7955 -3.4084
v  0.0004 -7.8043 -3.4093
v  0.0004 -7.7969 -3.4081
v  0.4414 -7.7234 -3.4279
v  0.4434 -7.6832 -3.4372
v  0.0295 -7.8088 -3.4083
v  0.0574 -7.8046 -3.4092
v  0.0825 -8.1012 -3.3406
v  0.0414 -8.1069 -3.3393
v  0.0848 -7.7978 -3.4108
v  0.1221 -8.0920 -3.3429
v  0.1113 -7.7884 -3.4130
v  0.1608 -8.0791 -3.3458
v  0.1368 -7.7765 -3.4157
v  0.2017 -8.0609 -3.3500
v  0.1610 -7.7623 -3.4190
v  0.2400 -8.0391 -3.3551
v  0.1836 -7.7459 -3.4228
v  0.2762 -8.0133 -3.3610
v  0.2044 -7.7274 -3.4270
v  0.3092 -7.9843 -3.3677
v  0.3392 -7.9519 -3.3752
v  0.4069 -7.8392 -3.4012
v  0.2236 -7.7067 -3.4318
v  0.2395 -7.6842 -3.4370
v  0.4202 -7.8011 -3.4100
v  0.2827 -7.4742 -3.4855
v  0.2758 -7.4476 -3.4916
v  0.3655 -7.4494 -3.4911
v  0.3883 -7.4872 -3.4824
v  0.2540 -7.3968 -3.5034
v  0.3088 -7.3817 -3.5068
v  0.3389 -7.4141 -3.4993
v  0.2661 -7.4214 -3.4977
v  0.2394 -7.3733 -3.5088
v  0.2225 -7.3512 -3.5139
v  0.2394 -7.3268 -3.5194
v  0.2753 -7.3523 -3.5135
v  0.2034 -7.3309 -3.5186
v  0.2008 -7.3049 -3.5245
v  0.1824 -7.3125 -3.5228
v  0.1597 -7.2962 -3.5266
v  0.1606 -7.2871 -3.5286
v  0.1355 -7.2821 -3.5298
v  0.0240 -7.2634 -3.5241
v  0.0004 -7.2626 -3.5243
v  0.0004 -7.2612 -3.5317
v  0.0505 -7.2669 -3.5232
v  0.0764 -7.2729 -3.5218
v  0.1017 -7.2814 -3.5199
v  0.1259 -7.2921 -3.5166
v  0.1490 -7.3054 -3.5143
v  0.1706 -7.3206 -3.5107
v  0.1906 -7.3379 -3.5068
v  0.2087 -7.3570 -3.5024
v  0.2249 -7.3777 -3.4977
v  0.2389 -7.3998 -3.4927
v  0.2506 -7.4232 -3.4873
v  0.2598 -7.4476 -3.4815
v  0.2666 -7.4727 -3.4757
v  0.2709 -7.4984 -3.4698
v  0.2725 -7.5244 -3.4638
v  0.2715 -7.5503 -3.4578
v  0.2680 -7.5761 -3.4518
v  0.2618 -7.6014 -3.4460
v  0.2531 -7.6258 -3.4393
v  0.2419 -7.6497 -3.4348
v  0.2285 -7.6720 -3.4287
v  0.2128 -7.6932 -3.4247
v  0.1951 -7.7127 -3.4203
v  0.1755 -7.7304 -3.4162
v  0.1542 -7.7461 -3.4126
v  0.1315 -7.7597 -3.4095
v  0.1075 -7.7712 -3.4069
v  0.0825 -7.7802 -3.4048
v  0.0567 -7.7869 -3.4034
v  0.0303 -7.7910 -3.4024
v  0.0004 -7.7924 -3.4020
v  0.0004 -7.7906 -3.3942
v  0.0004 -7.7832 -3.3619
v  0.0303 -7.7817 -3.3623
v  0.0303 -7.7892 -3.3946
v  0.0567 -7.7851 -3.3956
v  0.0567 -7.7776 -3.3633
v  0.0825 -7.7784 -3.3970
v  0.0825 -7.7710 -3.3648
v  0.1075 -7.7694 -3.3991
v  0.1075 -7.7619 -3.3668
v  0.1315 -7.7580 -3.4017
v  0.1315 -7.7505 -3.3694
v  0.1542 -7.7443 -3.4048
v  0.1542 -7.7369 -3.3725
v  0.1755 -7.7286 -3.4084
v  0.1755 -7.7211 -3.3761
v  0.1951 -7.7109 -3.4125
v  0.1951 -7.7035 -3.3802
v  0.2126 -7.6916 -3.4169
v  0.2128 -7.6840 -3.3847
v  0.2286 -7.6700 -3.4210
v  0.2286 -7.6625 -3.3887
v  0.2418 -7.6481 -3.4270
v  0.2418 -7.6407 -3.3947
v  0.2532 -7.6237 -3.4316
v  0.2532 -7.6163 -3.3993
v  0.2618 -7.5996 -3.4382
v  0.2617 -7.5924 -3.4059
v  0.2680 -7.5743 -3.4440
v  0.2680 -7.5669 -3.4118
v  0.2716 -7.5485 -3.4500
v  0.2715 -7.5411 -3.4178
v  0.2725 -7.5226 -3.4560
v  0.2725 -7.5151 -3.4238
v  0.2709 -7.4966 -3.4620
v  0.2709 -7.4891 -3.4297
v  0.2666 -7.4709 -3.4679
v  0.2666 -7.4635 -3.4356
v  0.2598 -7.4457 -3.4738
v  0.2598 -7.4383 -3.4415
v  0.2506 -7.4214 -3.4795
v  0.2506 -7.4140 -3.4472
v  0.2389 -7.3981 -3.4849
v  0.2389 -7.3906 -3.4526
v  0.2249 -7.3759 -3.4899
v  0.2249 -7.3684 -3.4576
v  0.2087 -7.3552 -3.4946
v  0.2087 -7.3477 -3.4623
v  0.1906 -7.3361 -3.4990
v  0.1906 -7.3286 -3.4667
v  0.1706 -7.3188 -3.5029
v  0.1706 -7.3114 -3.4707
v  0.1492 -7.3037 -3.5065
v  0.1490 -7.2961 -3.4743
v  0.1257 -7.2902 -3.5088
v  0.1258 -7.2827 -3.4765
v  0.1017 -7.2796 -3.5121
v  0.1019 -7.2722 -3.4798
v  0.0764 -7.2711 -3.5140
v  0.0764 -7.2637 -3.4817
v  0.0504 -7.2651 -3.5154
v  0.0505 -7.2576 -3.4831
v  0.0240 -7.2616 -3.5163
v  0.0240 -7.2542 -3.4840
v  0.0004 -7.2608 -3.5165
v  0.0004 -7.8102 -3.4079
v  0.2546 -7.6609 -3.4424
v  0.2668 -7.6360 -3.4481
v  0.2761 -7.6103 -3.4541
v  0.2829 -7.5836 -3.4602
v  0.2870 -7.5564 -3.4665
v  0.2883 -7.5290 -3.4729
v  0.2869 -7.5012 -3.4793
v  0.1099 -7.2704 -3.5325
v  0.0004 -7.2551 -3.5361
v  0.4070 -7.5271 -3.4732
v  0.4202 -7.5649 -3.4644
v  0.4297 -7.6038 -3.4554
v  0.4374 -7.6836 -3.4370
v  0.4354 -7.6433 -3.4463
v  0.4354 -7.7229 -3.4279
v  0.4297 -7.7625 -3.4188
v  0.3883 -7.8790 -3.3920
v  0.3657 -7.9167 -3.3833
v  -0.0001 -8.1087 -3.3389
v  0.0004 -7.2533 -3.4843
v  -0.0263 -7.2563 -3.5358
v  -0.0246 -7.2623 -3.5315
v  -0.0513 -7.2659 -3.5306
v  -0.0537 -7.2602 -3.5349
v  -0.0775 -7.2721 -3.5291
v  -0.0805 -7.2667 -3.5334
v  -0.1029 -7.2808 -3.5272
v  -0.1065 -7.2757 -3.5313
v  -0.1273 -7.2920 -3.5244
v  -0.1316 -7.2872 -3.5287
v  -0.1507 -7.3052 -3.5215
v  -0.1553 -7.3009 -3.5255
v  -0.1724 -7.3207 -3.5179
v  -0.1776 -7.3169 -3.5218
v  -0.1925 -7.3382 -3.5139
v  -0.1982 -7.3349 -3.5177
v  -0.2108 -7.3576 -3.5094
v  -0.2168 -7.3547 -3.5131
v  -0.2271 -7.3786 -3.5046
v  -0.2334 -7.3763 -3.5081
v  -0.2412 -7.4010 -3.4995
v  -0.2478 -7.3993 -3.5028
v  -0.2529 -7.4247 -3.4940
v  -0.2597 -7.4236 -3.4972
v  -0.2622 -7.4493 -3.4883
v  -0.2691 -7.4490 -3.4913
v  -0.2689 -7.4748 -3.4824
v  -0.2760 -7.4751 -3.4853
v  -0.2731 -7.5007 -3.4764
v  -0.2801 -7.5018 -3.4791
v  -0.2746 -7.5270 -3.4704
v  -0.2815 -7.5287 -3.4729
v  -0.2735 -7.5532 -3.4643
v  -0.2802 -7.5556 -3.4667
v  -0.2697 -7.5793 -3.4582
v  -0.2762 -7.5822 -3.4605
v  -0.2634 -7.6048 -3.4524
v  -0.2696 -7.6084 -3.4545
v  -0.2543 -7.6295 -3.4464
v  -0.2604 -7.6338 -3.4486
v  -0.2431 -7.6535 -3.4411
v  -0.2486 -7.6581 -3.4430
v  -0.2290 -7.6758 -3.4354
v  -0.2338 -7.6809 -3.4377
v  -0.2134 -7.6974 -3.4310
v  -0.2181 -7.7030 -3.4327
v  -0.1955 -7.7169 -3.4264
v  -0.1996 -7.7230 -3.4280
v  -0.1756 -7.7347 -3.4223
v  -0.1792 -7.7412 -3.4239
v  -0.1541 -7.7506 -3.4187
v  -0.1570 -7.7573 -3.4201
v  -0.1311 -7.7642 -3.4155
v  -0.1334 -7.7713 -3.4169
v  -0.1068 -7.7757 -3.4129
v  -0.1085 -7.7829 -3.4142
v  -0.0815 -7.7848 -3.4108
v  -0.0825 -7.7921 -3.4121
v  -0.0554 -7.7914 -3.4093
v  -0.0557 -7.7988 -3.4106
v  -0.0287 -7.7955 -3.4084
v  -0.0284 -7.8029 -3.4096
v  -0.0419 -8.1126 -3.3380
v  -0.1236 -8.0974 -3.3416
v  -0.0287 -7.8088 -3.4083
v  -0.0411 -8.1068 -3.3393
v  -0.0819 -8.1011 -3.3407
v  -0.0566 -7.8046 -3.4092
v  -0.1219 -8.0917 -3.3428
v  -0.0840 -7.7978 -3.4108
v  -0.1604 -8.0788 -3.3458
v  -0.1105 -7.7884 -3.4130
v  -0.2011 -8.0608 -3.3500
v  -0.1360 -7.7765 -3.4157
v  -0.2400 -8.0385 -3.3551
v  -0.1601 -7.7623 -3.4190
v  -0.2755 -8.0130 -3.3610
v  -0.1827 -7.7459 -3.4228
v  -0.3086 -7.9839 -3.3677
v  -0.2036 -7.7274 -3.4270
v  -0.3389 -7.9511 -3.3753
v  -0.4064 -7.8379 -3.4015
v  -0.4194 -7.8007 -3.4101
v  -0.2387 -7.6842 -3.4370
v  -0.2228 -7.7067 -3.4318
v  -0.2819 -7.4742 -3.4855
v  -0.3869 -7.4864 -3.4827
v  -0.3641 -7.4487 -3.4914
v  -0.2750 -7.4476 -3.4916
v  -0.2532 -7.3968 -3.5034
v  -0.2653 -7.4214 -3.4977
v  -0.3380 -7.4141 -3.4994
v  -0.3084 -7.3822 -3.5067
v  -0.2386 -7.3733 -3.5088
v  -0.2755 -7.3533 -3.5134
v  -0.2394 -7.3275 -3.5193
v  -0.2216 -7.3512 -3.5139
v  -0.2009 -7.3055 -3.5244
v  -0.2026 -7.3309 -3.5186
v  -0.1816 -7.3125 -3.5228
v  -0.1597 -7.2871 -3.5287
v  -0.1589 -7.2962 -3.5266
v  -0.1346 -7.2821 -3.5298
v  -0.0232 -7.2634 -3.5241
v  -0.0496 -7.2669 -3.5232
v  -0.0756 -7.2729 -3.5218
v  -0.1008 -7.2814 -3.5199
v  -0.1251 -7.2921 -3.5166
v  -0.1482 -7.3054 -3.5143
v  -0.1698 -7.3206 -3.5107
v  -0.1898 -7.3379 -3.5068
v  -0.2079 -7.3570 -3.5024
v  -0.2241 -7.3777 -3.4977
v  -0.2380 -7.3998 -3.4927
v  -0.2497 -7.4232 -3.4873
v  -0.2590 -7.4476 -3.4815
v  -0.2658 -7.4727 -3.4757
v  -0.2700 -7.4984 -3.4698
v  -0.2717 -7.5244 -3.4638
v  -0.2707 -7.5503 -3.4578
v  -0.2671 -7.5761 -3.4518
v  -0.2609 -7.6014 -3.4460
v  -0.2522 -7.6258 -3.4393
v  -0.2411 -7.6497 -3.4348
v  -0.2276 -7.6720 -3.4287
v  -0.2120 -7.6932 -3.4247
v  -0.1943 -7.7127 -3.4203
v  -0.1747 -7.7304 -3.4162
v  -0.1534 -7.7461 -3.4126
v  -0.1307 -7.7597 -3.4095
v  -0.1067 -7.7712 -3.4069
v  -0.0817 -7.7802 -3.4048
v  -0.0559 -7.7869 -3.4034
v  -0.0295 -7.7910 -3.4024
v  -0.0295 -7.7892 -3.3946
v  -0.0295 -7.7817 -3.3623
v  -0.0559 -7.7851 -3.3956
v  -0.0559 -7.7776 -3.3633
v  -0.0817 -7.7784 -3.3970
v  -0.0817 -7.7710 -3.3648
v  -0.1067 -7.7694 -3.3991
v  -0.1067 -7.7619 -3.3668
v  -0.1307 -7.7580 -3.4017
v  -0.1307 -7.7505 -3.3694
v  -0.1534 -7.7443 -3.4048
v  -0.1534 -7.7369 -3.3725
v  -0.1747 -7.7286 -3.4084
v  -0.1747 -7.7211 -3.3761
v  -0.1943 -7.7109 -3.4125
v  -0.1943 -7.7035 -3.3802
v  -0.2118 -7.6916 -3.4169
v  -0.2121 -7.6838 -3.3847
v  -0.2278 -7.6700 -3.4210
v  -0.2275 -7.6629 -3.3886
v  -0.2410 -7.6481 -3.4270
v  -0.2412 -7.6402 -3.3948
v  -0.2523 -7.6237 -3.4316
v  -0.2521 -7.6168 -3.3992
v  -0.2609 -7.5996 -3.4382
v  -0.2610 -7.5922 -3.4060
v  -0.2671 -7.5743 -3.4440
v  -0.2671 -7.5669 -3.4118
v  -0.2707 -7.5485 -3.4500
v  -0.2707 -7.5411 -3.4178
v  -0.2717 -7.5226 -3.4560
v  -0.2717 -7.5151 -3.4238
v  -0.2700 -7.4966 -3.4620
v  -0.2700 -7.4891 -3.4297
v  -0.2658 -7.4709 -3.4679
v  -0.2658 -7.4635 -3.4356
v  -0.2590 -7.4457 -3.4738
v  -0.2590 -7.4384 -3.4415
v  -0.2497 -7.4214 -3.4795
v  -0.2497 -7.4140 -3.4472
v  -0.2381 -7.3981 -3.4849
v  -0.2380 -7.3906 -3.4526
v  -0.2241 -7.3759 -3.4899
v  -0.2240 -7.3684 -3.4576
v  -0.2079 -7.3552 -3.4946
v  -0.2079 -7.3477 -3.4623
v  -0.1898 -7.3361 -3.4990
v  -0.1898 -7.3286 -3.4667
v  -0.1698 -7.3188 -3.5029
v  -0.1698 -7.3114 -3.4707
v  -0.1484 -7.3037 -3.5065
v  -0.1480 -7.2960 -3.4743
v  -0.1249 -7.2902 -3.5088
v  -0.1253 -7.2829 -3.4765
v  -0.1009 -7.2796 -3.5121
v  -0.1008 -7.2722 -3.4798
v  -0.0756 -7.2711 -3.5140
v  -0.0756 -7.2637 -3.4817
v  -0.0496 -7.2651 -3.5154
v  -0.0497 -7.2576 -3.4831
v  -0.0232 -7.2616 -3.5163
v  -0.0232 -7.2542 -3.4840
v  -0.2538 -7.6609 -3.4424
v  -0.2659 -7.6360 -3.4481
v  -0.2753 -7.6103 -3.4541
v  -0.2821 -7.5836 -3.4602
v  -0.2862 -7.5564 -3.4665
v  -0.2875 -7.5290 -3.4729
v  -0.2861 -7.5012 -3.4793
v  -0.1091 -7.2704 -3.5325
v  -0.4056 -7.5262 -3.4735
v  -0.4187 -7.5636 -3.4648
v  -0.4283 -7.6020 -3.4560
v  -0.4364 -7.6830 -3.4373
v  -0.4343 -7.6425 -3.4466
v  -0.4344 -7.7229 -3.4280
v  -0.4288 -7.7619 -3.4190
v  -0.3880 -7.8777 -3.3923
v  -0.3655 -7.9155 -3.3836
v  0.0295 -7.7721 -3.3563
v  0.0004 -7.7736 -3.3559
v  0.0004 -7.7475 -3.3619
v  0.0265 -7.7463 -3.3623
v  0.0546 -7.7683 -3.3573
v  0.0496 -7.7427 -3.3631
v  0.0797 -7.7619 -3.3587
v  0.0721 -7.7369 -3.3644
v  0.1040 -7.7531 -3.3607
v  0.0939 -7.7290 -3.3662
v  0.1273 -7.7421 -3.3632
v  0.1149 -7.7190 -3.3685
v  0.1494 -7.7289 -3.3662
v  0.1347 -7.7071 -3.3712
v  0.1701 -7.7136 -3.3697
v  0.1533 -7.6934 -3.3743
v  0.1891 -7.6965 -3.3736
v  0.1704 -7.6779 -3.3779
v  0.2063 -7.6776 -3.3780
v  0.1859 -7.6609 -3.3818
v  0.2215 -7.6570 -3.3818
v  0.1996 -7.6424 -3.3853
v  0.2347 -7.6354 -3.3877
v  0.2113 -7.6229 -3.3906
v  0.2455 -7.6122 -3.3921
v  0.2210 -7.6020 -3.3945
v  0.2540 -7.5886 -3.3986
v  0.2286 -7.5808 -3.4004
v  0.2600 -7.5640 -3.4042
v  0.2341 -7.5586 -3.4055
v  0.2636 -7.5390 -3.4100
v  0.2372 -7.5361 -3.4107
v  0.2645 -7.5138 -3.4159
v  0.2380 -7.5135 -3.4160
v  0.2630 -7.4886 -3.4216
v  0.2366 -7.4908 -3.4211
v  0.2589 -7.4636 -3.4274
v  0.2329 -7.4683 -3.4263
v  0.2523 -7.4392 -3.4331
v  0.2270 -7.4464 -3.4314
v  0.2434 -7.4156 -3.4386
v  0.2189 -7.4251 -3.4364
v  0.2320 -7.3929 -3.4439
v  0.2086 -7.4047 -3.4411
v  0.2185 -7.3714 -3.4487
v  0.1964 -7.3854 -3.4455
v  0.2029 -7.3512 -3.4533
v  0.1823 -7.3673 -3.4496
v  0.1853 -7.3327 -3.4576
v  0.1665 -7.3506 -3.4534
v  0.1659 -7.3159 -3.4614
v  0.1490 -7.3355 -3.4569
v  0.1450 -7.3010 -3.4649
v  0.1302 -7.3222 -3.4600
v  0.1226 -7.2881 -3.4671
v  0.1100 -7.3106 -3.4620
v  0.0991 -7.2777 -3.4703
v  0.0888 -7.3013 -3.4649
v  0.0746 -7.2695 -3.4722
v  0.0668 -7.2939 -3.4665
v  0.0494 -7.2636 -3.4735
v  0.0441 -7.2886 -3.4678
v  0.0237 -7.2601 -3.4744
v  0.0210 -7.2856 -3.4686
v  0.0007 -7.2593 -3.4747
v  0.0004 -7.2848 -3.4688
v  -0.0287 -7.7721 -3.3563
v  -0.0257 -7.7463 -3.3623
v  -0.0546 -7.7681 -3.3573
v  -0.0487 -7.7427 -3.3631
v  -0.0796 -7.7616 -3.3587
v  -0.0713 -7.7369 -3.3644
v  -0.1039 -7.7528 -3.3607
v  -0.0931 -7.7290 -3.3662
v  -0.1272 -7.7417 -3.3632
v  -0.1141 -7.7190 -3.3685
v  -0.1492 -7.7284 -3.3663
v  -0.1339 -7.7071 -3.3712
v  -0.1698 -7.7131 -3.3698
v  -0.1525 -7.6934 -3.3743
v  -0.1888 -7.6959 -3.3737
v  -0.1696 -7.6779 -3.3779
v  -0.2060 -7.6770 -3.3781
v  -0.1851 -7.6609 -3.3818
v  -0.2212 -7.6564 -3.3819
v  -0.1987 -7.6424 -3.3853
v  -0.2342 -7.6347 -3.3879
v  -0.2105 -7.6229 -3.3906
v  -0.2450 -7.6115 -3.3922
v  -0.2202 -7.6020 -3.3945
v  -0.2534 -7.5878 -3.3988
v  -0.2278 -7.5808 -3.4004
v  -0.2594 -7.5633 -3.4044
v  -0.2332 -7.5586 -3.4055
v  -0.2628 -7.5382 -3.4102
v  -0.2364 -7.5361 -3.4107
v  -0.2637 -7.5130 -3.4161
v  -0.2372 -7.5135 -3.4160
v  -0.2621 -7.4878 -3.4218
v  -0.2358 -7.4908 -3.4211
v  -0.2579 -7.4629 -3.4276
v  -0.2321 -7.4683 -3.4263
v  -0.2513 -7.4385 -3.4332
v  -0.2261 -7.4464 -3.4314
v  -0.2422 -7.4149 -3.4388
v  -0.2180 -7.4251 -3.4364
v  -0.2309 -7.3922 -3.4440
v  -0.2078 -7.4047 -3.4411
v  -0.2172 -7.3707 -3.4489
v  -0.1956 -7.3854 -3.4455
v  -0.2015 -7.3506 -3.4535
v  -0.1815 -7.3673 -3.4496
v  -0.1839 -7.3321 -3.4577
v  -0.1657 -7.3506 -3.4534
v  -0.1645 -7.3154 -3.4616
v  -0.1482 -7.3355 -3.4569
v  -0.1435 -7.3006 -3.4650
v  -0.1294 -7.3222 -3.4600
v  -0.1211 -7.2878 -3.4672
v  -0.1092 -7.3106 -3.4620
v  -0.0975 -7.2775 -3.4704
v  -0.0880 -7.3013 -3.4649
v  -0.0730 -7.2692 -3.4722
v  -0.0660 -7.2939 -3.4665
v  -0.0478 -7.2634 -3.4736
v  -0.0433 -7.2886 -3.4678
v  -0.0221 -7.2601 -3.4745
v  -0.0202 -7.2856 -3.4686
v  0.0004 -7.7814 -3.3541
v  0.0303 -7.7799 -3.3545
v  0.0567 -7.7758 -3.3555
v  0.0825 -7.7692 -3.3570
v  0.1075 -7.7601 -3.3590
v  0.1315 -7.7487 -3.3616
v  0.1542 -7.7351 -3.3647
v  0.1755 -7.7193 -3.3683
v  0.1951 -7.7017 -3.3724
v  0.2128 -7.6822 -3.3769
v  0.2285 -7.6609 -3.3809
v  0.2419 -7.6386 -3.3870
v  0.2531 -7.6147 -3.3915
v  0.2618 -7.5904 -3.3982
v  0.2680 -7.5651 -3.4040
v  0.2715 -7.5393 -3.4100
v  0.2725 -7.5133 -3.4160
v  0.2709 -7.4873 -3.4219
v  0.2666 -7.4617 -3.4278
v  0.2598 -7.4365 -3.4337
v  0.2506 -7.4122 -3.4394
v  0.2389 -7.3888 -3.4448
v  0.2249 -7.3666 -3.4498
v  0.2087 -7.3459 -3.4545
v  0.1906 -7.3268 -3.4589
v  0.1706 -7.3096 -3.4629
v  0.1490 -7.2943 -3.4665
v  0.1259 -7.2810 -3.4687
v  0.1017 -7.2704 -3.4720
v  0.0764 -7.2619 -3.4739
v  0.0505 -7.2558 -3.4753
v  0.0240 -7.2524 -3.4762
v  0.0004 -7.2515 -3.4765
v  -0.0295 -7.7799 -3.3545
v  -0.0559 -7.7758 -3.3555
v  -0.0817 -7.7692 -3.3570
v  -0.1067 -7.7601 -3.3590
v  -0.1307 -7.7487 -3.3616
v  -0.1534 -7.7351 -3.3647
v  -0.1747 -7.7193 -3.3683
v  -0.1943 -7.7017 -3.3724
v  -0.2120 -7.6822 -3.3769
v  -0.2276 -7.6609 -3.3809
v  -0.2411 -7.6386 -3.3870
v  -0.2522 -7.6147 -3.3915
v  -0.2609 -7.5904 -3.3982
v  -0.2671 -7.5651 -3.4040
v  -0.2707 -7.5393 -3.4100
v  -0.2717 -7.5133 -3.4160
v  -0.2700 -7.4873 -3.4219
v  -0.2658 -7.4617 -3.4278
v  -0.2590 -7.4365 -3.4337
v  -0.2497 -7.4122 -3.4394
v  -0.2380 -7.3888 -3.4448
v  -0.2241 -7.3666 -3.4498
v  -0.2079 -7.3459 -3.4545
v  -0.1898 -7.3268 -3.4589
v  -0.1698 -7.3096 -3.4629
v  -0.1482 -7.2943 -3.4665
v  -0.1251 -7.2810 -3.4687
v  -0.1008 -7.2704 -3.4720
v  -0.0756 -7.2619 -3.4739
v  -0.0496 -7.2558 -3.4753
v  -0.0232 -7.2524 -3.4762
v  -0.4502 -7.5399 -3.0099
v  -0.4523 -7.5821 -3.0002
v  -0.4503 -7.6233 -2.9907
v  -0.4444 -7.6641 -2.9812
v  -0.4347 -7.7040 -2.9720
v  -0.4212 -7.7429 -2.9631
v  -0.4021 -7.7841 -2.9536
v  -0.3788 -7.8232 -2.9445
v  -0.3512 -7.8600 -2.9360
v  -0.3198 -7.8940 -2.9282
v  -0.2857 -7.9240 -2.9212
v  -0.2487 -7.9505 -2.9150
v  -0.2086 -7.9734 -2.9097
v  -0.1663 -7.9923 -2.9053
v  -0.1263 -8.0056 -2.9023
v  -0.0851 -8.0153 -2.9001
v  -0.0428 -8.0213 -2.8988
v  -0.0000 -8.0233 -2.8983
v  0.0431 -8.0214 -2.8988
v  0.0858 -8.0154 -2.9001
v  0.1271 -8.0057 -2.9023
v  0.1673 -7.9923 -2.9053
v  0.2094 -7.9735 -2.9097
v  0.2492 -7.9507 -2.9151
v  0.2865 -7.9241 -2.9211
v  0.3208 -7.8938 -2.9280
v  0.3518 -7.8603 -2.9359
v  0.3792 -7.8238 -2.9443
v  0.4026 -7.7848 -2.9533
v  0.4218 -7.7436 -2.9627
v  0.4355 -7.7044 -2.9717
v  0.4453 -7.6640 -2.9810
v  0.4512 -7.6233 -2.9904
v  0.4532 -7.5822 -2.9999
v  0.4512 -7.5407 -3.0096
v  0.4451 -7.4995 -3.0192
v  0.4352 -7.4592 -3.0286
v  0.4215 -7.4200 -3.0376
v  0.4022 -7.3788 -3.0471
v  0.3786 -7.3397 -3.0561
v  0.3511 -7.3031 -3.0646
v  0.3198 -7.2696 -3.0723
v  0.2854 -7.2394 -3.0793
v  0.2479 -7.2128 -3.0854
v  0.2082 -7.1902 -3.0906
v  0.1662 -7.1717 -3.0949
v  0.1268 -7.1586 -3.0979
v  0.0863 -7.1491 -3.1001
v  0.0440 -7.1432 -3.1015
v  0.0013 -7.1411 -3.1020
v  -0.0411 -7.1429 -3.1016
v  -0.0831 -7.1487 -3.1002
v  -0.1251 -7.1584 -3.0980
v  -0.1658 -7.1719 -3.0949
v  -0.2082 -7.1907 -3.0905
v  -0.2483 -7.2137 -3.0852
v  -0.2855 -7.2403 -3.0791
v  -0.3198 -7.2704 -3.0721
v  -0.3504 -7.3034 -3.0645
v  -0.3775 -7.3393 -3.0562
v  -0.4010 -7.3784 -3.0472
v  -0.4204 -7.4196 -3.0377
v  -0.4340 -7.4583 -3.0288
v  -0.4439 -7.4982 -3.0196
v  0.0839 -8.1070 -3.3393
v  0.0421 -8.1128 -3.3380
v  -0.0001 -8.1146 -3.3376
v  -0.0833 -8.1068 -3.3394
v  -0.4493 -7.6824 -3.4344
v  -0.4472 -7.6405 -3.4441
v  -0.4410 -7.5990 -3.4537
v  -0.4312 -7.5595 -3.4629
v  -0.4177 -7.5210 -3.4717
v  -0.3985 -7.4800 -3.4812
v  -0.3751 -7.4412 -3.4902
v  -0.3482 -7.4056 -3.4984
v  -0.3177 -7.3728 -3.5060
v  -0.2837 -7.3428 -3.5129
v  -0.2467 -7.3164 -3.5190
v  -0.2069 -7.2936 -3.5242
v  -0.1648 -7.2749 -3.5286
v  -0.1243 -7.2614 -3.5317
v  -0.0826 -7.2517 -3.5339
v  -0.0409 -7.2461 -3.5352
v  0.0012 -7.2442 -3.5356
v  0.0437 -7.2463 -3.5352
v  0.0857 -7.2522 -3.5338
v  0.1260 -7.2616 -3.5316
v  0.1651 -7.2746 -3.5286
v  0.2068 -7.2930 -3.5244
v  0.2463 -7.3154 -3.5192
v  0.2835 -7.3419 -3.5131
v  0.3178 -7.3719 -3.5062
v  0.3488 -7.4052 -3.4985
v  0.3762 -7.4415 -3.4901
v  0.3996 -7.4803 -3.4811
v  0.4189 -7.5213 -3.4717
v  0.4325 -7.5602 -3.4627
v  0.4424 -7.6003 -3.4534
v  0.4484 -7.6413 -3.4439
v  0.4504 -7.6826 -3.4343
v  0.4484 -7.7234 -3.4249
v  0.4428 -7.7638 -3.4154
v  0.4328 -7.8039 -3.4063
v  0.4192 -7.8429 -3.3973
v  0.4001 -7.8838 -3.3879
v  0.3768 -7.9226 -3.3790
v  0.3497 -7.9589 -3.3706
v  0.3188 -7.9922 -3.3629
v  0.2846 -8.0223 -3.3560
v  0.2476 -8.0487 -3.3499
v  0.2080 -8.0714 -3.3446
v  0.1662 -8.0900 -3.3403
v  0.1263 -8.1034 -3.3372
v  0.0851 -8.1130 -3.3350
v  0.0428 -8.1189 -3.3337
v  -0.0001 -8.1208 -3.3333
v  -0.0425 -8.1188 -3.3337
v  -0.0846 -8.1129 -3.3351
v  -0.1256 -8.1033 -3.3373
v  -0.1653 -8.0900 -3.3403
v  -0.2074 -8.0713 -3.3446
v  -0.2472 -8.0484 -3.3499
v  -0.2839 -8.0221 -3.3560
v  -0.3177 -7.9922 -3.3629
v  -0.3489 -7.9585 -3.3707
v  -0.3763 -7.9219 -3.3792
v  -0.3995 -7.8831 -3.3882
v  -0.4184 -7.8421 -3.3976
v  -0.4319 -7.8035 -3.4065
v  -0.4415 -7.7639 -3.4157
v  -0.4474 -7.7233 -3.4250
v  0.0430 -7.2537 -3.5364
v  0.2425 -7.3218 -3.5206
v  0.2437 -8.0437 -3.3540
v  0.3939 -7.8814 -3.3915
v  0.4127 -7.8410 -3.4008
v  0.4261 -7.8027 -3.4096
v  0.4357 -7.7633 -3.4187
v  0.4356 -7.6023 -3.4559
v  -0.1622 -7.2818 -3.5299
v  -0.1627 -8.0843 -3.3446
v  -0.2041 -8.0659 -3.3489
v  -0.2795 -8.0174 -3.3600
v  -0.2793 -7.3488 -3.5144
v  -0.3128 -7.3783 -3.5076
v  -0.3428 -7.4105 -3.5002
v  -0.3128 -7.9881 -3.3668
v  -0.3435 -7.9549 -3.3745
v  -0.4112 -7.5242 -3.4740
v  -0.4245 -7.5620 -3.4652
v  -0.4120 -7.8403 -3.4010
v  -0.4252 -7.8023 -3.4097
v  -0.4404 -7.7233 -3.4280
v  -0.4403 -7.6418 -3.4468
v  -0.4342 -7.6010 -3.4562
v  -0.4424 -7.6831 -3.4372
v  -0.3923 -7.4838 -3.4833
v  -0.3692 -7.4456 -3.4921
v  -0.2429 -7.3227 -3.5205
v  -0.2037 -7.3003 -3.5256
v  -0.1224 -7.2686 -3.5329
v  -0.0814 -7.2591 -3.5351
v  -0.0403 -7.2535 -3.5364
v  0.0012 -7.2517 -3.5368
v  0.0844 -7.2595 -3.5350
v  0.1240 -7.2688 -3.5329
v  0.1626 -7.2816 -3.5299
v  0.2036 -7.2997 -3.5257
v  0.2791 -7.3478 -3.5146
v  0.3129 -7.3773 -3.5078
v  0.3434 -7.4101 -3.5002
v  0.3704 -7.4459 -3.4920
v  0.3935 -7.4841 -3.4831
v  0.4124 -7.5245 -3.4738
v  0.4258 -7.5628 -3.4650
v  0.4414 -7.6426 -3.4466
v  0.3710 -7.9195 -3.3827
v  0.3442 -7.9552 -3.3744
v  0.3138 -7.9881 -3.3669
v  0.2802 -8.0177 -3.3600
v  0.2048 -8.0660 -3.3489
v  0.1636 -8.0844 -3.3446
v  0.1243 -8.0975 -3.3416
v  -0.2433 -8.0434 -3.3540
v  -0.3705 -7.9188 -3.3828
v  -0.3933 -7.8806 -3.3916
v  -0.4347 -7.7633 -3.4187
v  -0.4010 -7.4771 -3.4747
v  -0.4010 -7.4753 -3.4669
v  -0.4204 -7.5184 -3.4652
v  -0.4204 -7.5166 -3.4574
v  -0.3775 -7.4381 -3.4837
v  -0.3775 -7.4363 -3.4759
v  -0.3504 -7.4023 -3.4920
v  -0.3504 -7.4005 -3.4842
v  -0.3198 -7.3692 -3.4996
v  -0.3198 -7.3674 -3.4918
v  -0.2855 -7.3391 -3.5066
v  -0.2855 -7.3373 -3.4988
v  -0.2483 -7.3125 -3.5127
v  -0.2483 -7.3107 -3.5049
v  -0.2082 -7.2895 -3.5180
v  -0.2082 -7.2877 -3.5102
v  -0.1659 -7.2707 -3.5224
v  -0.1659 -7.2689 -3.5146
v  -0.1251 -7.2571 -3.5255
v  -0.1251 -7.2553 -3.5177
v  -0.0832 -7.2474 -3.5277
v  -0.0832 -7.2456 -3.5200
v  -0.0412 -7.2417 -3.5291
v  -0.0412 -7.2399 -3.5213
v  0.0012 -7.2399 -3.5295
v  0.0012 -7.2381 -3.5217
v  0.0858 -8.1142 -3.3276
v  0.0858 -8.1124 -3.3198
v  0.1271 -8.1045 -3.3298
v  0.1271 -8.1027 -3.3220
v  0.1662 -7.2704 -3.5224
v  0.1662 -7.2686 -3.5146
v  0.1268 -7.2573 -3.5255
v  0.1268 -7.2555 -3.5177
v  0.1673 -8.0910 -3.3328
v  0.1673 -8.0892 -3.3250
v  0.2081 -7.2890 -3.5181
v  0.2081 -7.2872 -3.5103
v  0.2093 -8.0723 -3.3372
v  0.2094 -8.0705 -3.3294
v  0.2479 -7.3115 -3.5129
v  0.2479 -7.3097 -3.5051
v  0.2492 -8.0495 -3.3426
v  0.2492 -8.0477 -3.3348
v  0.2853 -7.3381 -3.5068
v  0.2853 -7.3363 -3.4990
v  0.2864 -8.0229 -3.3486
v  0.2864 -8.0211 -3.3408
v  0.3198 -7.3683 -3.4998
v  0.3198 -7.3665 -3.4920
v  0.3208 -7.9926 -3.3555
v  0.3208 -7.9908 -3.3477
v  -0.4523 -7.6809 -3.4277
v  -0.4523 -7.6791 -3.4199
v  -0.4501 -7.6387 -3.4374
v  -0.4501 -7.6369 -3.4296
v  -0.4439 -7.5969 -3.4471
v  -0.4439 -7.5951 -3.4393
v  -0.4502 -7.7220 -3.4182
v  -0.4502 -7.7202 -3.4104
v  -0.4444 -7.7628 -3.4087
v  -0.4444 -7.7610 -3.4009
v  -0.4340 -7.5571 -3.4562
v  -0.4340 -7.5553 -3.4485
v  -0.4346 -7.8028 -3.3995
v  -0.4346 -7.8010 -3.3917
v  -0.4211 -7.8416 -3.3906
v  -0.4211 -7.8398 -3.3828
v  -0.4021 -7.8828 -3.3811
v  -0.4021 -7.8810 -3.3733
v  -0.3787 -7.9219 -3.3721
v  -0.3787 -7.9201 -3.3643
v  -0.3511 -7.9587 -3.3635
v  -0.3511 -7.9569 -3.3557
v  -0.3198 -7.9927 -3.3557
v  -0.3198 -7.9909 -3.3479
v  -0.2857 -8.0227 -3.3487
v  -0.2858 -8.0209 -3.3409
v  -0.2487 -8.0492 -3.3425
v  -0.2488 -8.0474 -3.3347
v  -0.2087 -8.0721 -3.3372
v  -0.2087 -8.0703 -3.3294
v  -0.1664 -8.0910 -3.3328
v  -0.1664 -8.0892 -3.3250
v  -0.1264 -8.1044 -3.3298
v  -0.1263 -8.1026 -3.3220
v  -0.0852 -8.1140 -3.3276
v  -0.0852 -8.1122 -3.3198
v  -0.0428 -8.1200 -3.3263
v  -0.0428 -8.1182 -3.3185
v  -0.0001 -8.1220 -3.3258
v  -0.0001 -8.1202 -3.3180
v  0.0430 -8.1201 -3.3263
v  0.0430 -8.1183 -3.3185
v  0.0439 -7.2419 -3.5290
v  0.0439 -7.2401 -3.5212
v  0.0862 -7.2479 -3.5277
v  0.0862 -7.2461 -3.5199
v  0.3510 -7.4018 -3.4921
v  0.3510 -7.4000 -3.4843
v  0.3519 -7.9591 -3.3633
v  0.3519 -7.9572 -3.3556
v  0.3786 -7.4384 -3.4836
v  0.3786 -7.4366 -3.4758
v  0.3792 -7.9226 -3.3718
v  0.3792 -7.9208 -3.3640
v  0.4022 -7.4775 -3.4746
v  0.4022 -7.4757 -3.4668
v  0.4026 -7.8835 -3.3808
v  0.4026 -7.8817 -3.3730
v  0.4215 -7.5187 -3.4651
v  0.4215 -7.5169 -3.4573
v  0.4218 -7.8423 -3.3902
v  0.4218 -7.8405 -3.3824
v  0.4353 -7.5579 -3.4561
v  0.4353 -7.5561 -3.4483
v  0.4355 -7.8031 -3.3992
v  0.4355 -7.8013 -3.3914
v  0.4452 -7.5983 -3.4467
v  0.4452 -7.5964 -3.4389
v  0.4453 -7.7628 -3.4085
v  0.4453 -7.7610 -3.4007
v  0.4512 -7.6395 -3.4371
v  0.4512 -7.6376 -3.4293
v  0.4533 -7.6810 -3.4274
v  0.4533 -7.6792 -3.4196
v  0.4512 -7.7220 -3.4179
v  0.4512 -7.7202 -3.4101
v  -0.4463 -7.6829 -3.4364
v  -0.4441 -7.6413 -3.4461
v  -0.4380 -7.6001 -3.4556
v  -0.4283 -7.5608 -3.4647
v  -0.4148 -7.5226 -3.4735
v  -0.3957 -7.4819 -3.4829
v  -0.3725 -7.4434 -3.4918
v  -0.3458 -7.4080 -3.4999
v  -0.3156 -7.3754 -3.5075
v  -0.2818 -7.3456 -3.5143
v  -0.2451 -7.3194 -3.5204
v  -0.2055 -7.2967 -3.5256
v  -0.1637 -7.2781 -3.5299
v  -0.1235 -7.2647 -3.5330
v  -0.0821 -7.2551 -3.5352
v  -0.0406 -7.2494 -3.5365
v  0.0014 -7.2477 -3.5369
v  0.0434 -7.2496 -3.5365
v  0.0851 -7.2555 -3.5351
v  0.1251 -7.2649 -3.5330
v  0.1640 -7.2779 -3.5300
v  0.2054 -7.2962 -3.5257
v  0.2446 -7.3184 -3.5206
v  0.2816 -7.3447 -3.5145
v  0.3156 -7.3744 -3.5077
v  0.3464 -7.4075 -3.5000
v  0.3736 -7.4436 -3.4917
v  0.3969 -7.4821 -3.4828
v  0.4160 -7.5228 -3.4734
v  0.4295 -7.5615 -3.4645
v  0.4394 -7.6013 -3.4553
v  0.4453 -7.6420 -3.4458
v  0.4473 -7.6830 -3.4364
v  0.4454 -7.7236 -3.4270
v  0.4397 -7.7637 -3.4177
v  0.4299 -7.8036 -3.4086
v  0.4163 -7.8422 -3.3997
v  0.3974 -7.8829 -3.3903
v  0.3743 -7.9214 -3.3814
v  0.3473 -7.9574 -3.3731
v  0.3166 -7.9905 -3.3654
v  0.2827 -8.0204 -3.3585
v  0.2459 -8.0467 -3.3525
v  0.2066 -8.0692 -3.3473
v  0.1651 -8.0877 -3.3430
v  0.1255 -8.1009 -3.3399
v  0.0846 -8.1105 -3.3377
v  0.0425 -8.1164 -3.3364
v  -0.0001 -8.1182 -3.3359
v  -0.0423 -8.1162 -3.3364
v  -0.0841 -8.1104 -3.3377
v  -0.1247 -8.1008 -3.3399
v  -0.1642 -8.0877 -3.3430
v  -0.2060 -8.0690 -3.3473
v  -0.2455 -8.0464 -3.3525
v  -0.2820 -8.0202 -3.3586
v  -0.3156 -7.9906 -3.3654
v  -0.3465 -7.9571 -3.3731
v  -0.3737 -7.9207 -3.3816
v  -0.3967 -7.8822 -3.3904
v  -0.4156 -7.8415 -3.3998
v  -0.4289 -7.8032 -3.4087
v  -0.4385 -7.7638 -3.4178
v  -0.4443 -7.7235 -3.4271
v  -0.4513 -7.6817 -3.4313
v  -0.4492 -7.6396 -3.4411
v  -0.4430 -7.5979 -3.4507
v  -0.4331 -7.5582 -3.4599
v  -0.4195 -7.5195 -3.4688
v  -0.4002 -7.4784 -3.4783
v  -0.3767 -7.4394 -3.4873
v  -0.3497 -7.4036 -3.4956
v  -0.3192 -7.3707 -3.5032
v  -0.2850 -7.3406 -3.5101
v  -0.2478 -7.3141 -3.5162
v  -0.2078 -7.2911 -3.5215
v  -0.1655 -7.2723 -3.5259
v  -0.1249 -7.2588 -3.5290
v  -0.0830 -7.2491 -3.5312
v  -0.0411 -7.2434 -3.5325
v  0.0012 -7.2416 -3.5330
v  0.0439 -7.2436 -3.5325
v  0.0861 -7.2496 -3.5311
v  0.1265 -7.2590 -3.5289
v  0.1659 -7.2721 -3.5259
v  0.2077 -7.2906 -3.5217
v  0.2474 -7.3131 -3.5165
v  0.2848 -7.3396 -3.5103
v  0.3192 -7.3698 -3.5034
v  0.3503 -7.4032 -3.4956
v  0.3779 -7.4397 -3.4872
v  0.4014 -7.4787 -3.4782
v  0.4207 -7.5199 -3.4687
v  0.4344 -7.5590 -3.4597
v  0.4444 -7.5993 -3.4504
v  0.4504 -7.6404 -3.4408
v  0.4524 -7.6818 -3.4312
v  0.4504 -7.7228 -3.4217
v  0.4446 -7.7634 -3.4122
v  0.4347 -7.8037 -3.4030
v  0.4210 -7.8429 -3.3940
v  0.4018 -7.8840 -3.3846
v  0.3785 -7.9230 -3.3756
v  0.3512 -7.9594 -3.3672
v  0.3202 -7.9929 -3.3594
v  0.2859 -8.0231 -3.3525
v  0.2487 -8.0497 -3.3464
v  0.2089 -8.0724 -3.3411
v  0.1670 -8.0911 -3.3367
v  0.1268 -8.1045 -3.3337
v  0.0855 -8.1142 -3.3315
v  0.0430 -8.1201 -3.3302
v  -0.0001 -8.1220 -3.3297
v  -0.0427 -8.1200 -3.3302
v  -0.0850 -8.1140 -3.3315
v  -0.1261 -8.1044 -3.3337
v  -0.1660 -8.0911 -3.3368
v  -0.2083 -8.0723 -3.3411
v  -0.2483 -8.0493 -3.3464
v  -0.2852 -8.0229 -3.3526
v  -0.3192 -7.9929 -3.3595
v  -0.3504 -7.9590 -3.3673
v  -0.3780 -7.9222 -3.3758
v  -0.4013 -7.8833 -3.3848
v  -0.4203 -7.8421 -3.3943
v  -0.4338 -7.8034 -3.4033
v  -0.4435 -7.7635 -3.4125
v  -0.4494 -7.7228 -3.4219
v  -0.2133 -0.1780 -1.1526
v  -0.2141 -0.1738 -1.1571
v  -0.2147 -0.1684 -1.1601
v  -0.4315 -0.1780 -1.0898
v  -0.4331 -0.1738 -1.0941
v  -0.4343 -0.1684 -1.0969
v  -0.6414 -0.1780 -0.9811
v  -0.6439 -0.1738 -0.9849
v  -0.6456 -0.1684 -0.9875
v  -0.8288 -0.1780 -0.8288
v  -0.8320 -0.1738 -0.8320
v  -0.8342 -0.1684 -0.8342
v  -0.9810 -0.1780 -0.6414
v  -0.9849 -0.1739 -0.6439
v  -0.9874 -0.1684 -0.6456
v  -1.0898 -0.1780 -0.4314
v  -1.0941 -0.1739 -0.4331
v  -1.0969 -0.1684 -0.4343
v  -1.1525 -0.1780 -0.2133
v  -1.1570 -0.1739 -0.2141
v  -1.1601 -0.1684 -0.2147
v  -1.1721 -0.1780 0.0000
v  -1.1767 -0.1739 0.0000
v  -1.1798 -0.1684 0.0000
v  -1.1525 -0.1780 0.2133
v  -1.1570 -0.1739 0.2141
v  -1.1601 -0.1684 0.2147
v  -1.0898 -0.1780 0.4314
v  -1.0941 -0.1739 0.4331
v  -1.0969 -0.1684 0.4343
v  -0.9810 -0.1780 0.6414
v  -0.9849 -0.1738 0.6439
v  -0.9874 -0.1684 0.6456
v  -0.8288 -0.1780 0.8288
v  -0.8320 -0.1738 0.8320
v  -0.8342 -0.1684 0.8342
v  -0.6414 -0.1780 0.9810
v  -0.6439 -0.1738 0.9849
v  -0.6456 -0.1684 0.9874
v  -0.4314 -0.1780 1.0898
v  -0.4331 -0.1739 1.0941
v  -0.4343 -0.1684 1.0969
v  -0.2133 -0.1780 1.1525
v  -0.2141 -0.1739 1.1570
v  -0.2147 -0.1684 1.1601
v  0.2133 -0.1780 1.1525
v  0.2141 -0.1738 1.1570
v  0.2147 -0.1684 1.1601
v  0.0000 -0.1780 1.1721
v  0.0000 -0.1739 1.1767
v  0.0000 -0.1684 1.1798
v  0.0000 -0.1780 -1.1721
v  0.0000 -0.1738 -1.1767
v  0.0000 -0.1684 -1.1798
v  0.2133 -0.1780 -1.1526
v  0.2141 -0.1738 -1.1571
v  0.2147 -0.1684 -1.1601
v  0.4315 -0.1780 -1.0898
v  0.4331 -0.1738 -1.0941
v  0.4343 -0.1684 -1.0969
v  0.6414 -0.1780 -0.9811
v  0.6439 -0.1738 -0.9849
v  0.6456 -0.1684 -0.9875
v  0.8288 -0.1780 -0.8288
v  0.8321 -0.1738 -0.8320
v  0.8342 -0.1684 -0.8342
v  0.9811 -0.1780 -0.6414
v  0.9849 -0.1738 -0.6439
v  0.9875 -0.1684 -0.6456
v  1.0898 -0.1780 -0.4315
v  1.0941 -0.1738 -0.4331
v  1.0969 -0.1684 -0.4343
v  1.1526 -0.1780 -0.2133
v  1.1571 -0.1738 -0.2141
v  1.1601 -0.1684 -0.2147
v  1.1721 -0.1780 -0.0000
v  1.1767 -0.1738 0.0000
v  1.1798 -0.1684 0.0000
v  1.1526 -0.1780 0.2133
v  1.1571 -0.1738 0.2141
v  1.1601 -0.1684 0.2147
v  1.0898 -0.1780 0.4314
v  1.0941 -0.1738 0.4331
v  1.0969 -0.1684 0.4343
v  0.9810 -0.1780 0.6414
v  0.9849 -0.1738 0.6439
v  0.9874 -0.1684 0.6456
v  0.8288 -0.1780 0.8288
v  0.8320 -0.1738 0.8320
v  0.8342 -0.1684 0.8342
v  0.6414 -0.1780 0.9810
v  0.6439 -0.1738 0.9849
v  0.6456 -0.1684 0.9874
v  0.4315 -0.1780 1.0898
v  0.4331 -0.1738 1.0941
v  0.4343 -0.1684 1.0969
v  -0.1071 -0.1781 1.1672
v  -0.1075 -0.1739 1.1718
v  -0.1078 -0.1685 1.1748
v  -0.1071 -0.1780 -1.1672
v  -0.1075 -0.1738 -1.1718
v  -0.1078 -0.1684 -1.1748
v  -0.3239 -0.1780 -1.1265
v  -0.3252 -0.1738 -1.1309
v  -0.3260 -0.1684 -1.1338
v  -0.5392 -0.1780 -1.0407
v  -0.5413 -0.1738 -1.0448
v  -0.5427 -0.1684 -1.0475
v  -0.7390 -0.1780 -0.9098
v  -0.7419 -0.1738 -0.9133
v  -0.7438 -0.1684 -0.9157
v  -0.9098 -0.1780 -0.7390
v  -0.9133 -0.1739 -0.7419
v  -0.9157 -0.1684 -0.7438
v  -1.0407 -0.1781 -0.5392
v  -1.0448 -0.1739 -0.5413
v  -1.0475 -0.1684 -0.5427
v  -1.1264 -0.1781 -0.3239
v  -1.1309 -0.1739 -0.3252
v  -1.1338 -0.1685 -0.3260
v  -1.1672 -0.1781 -0.1071
v  -1.1718 -0.1739 -0.1075
v  -1.1748 -0.1685 -0.1078
v  -1.1672 -0.1780 0.1071
v  -1.1717 -0.1738 0.1075
v  -1.1748 -0.1685 0.1078
v  -1.1264 -0.1780 0.3239
v  -1.1308 -0.1738 0.3252
v  -1.1338 -0.1685 0.3260
v  -1.0407 -0.1780 0.5392
v  -1.0448 -0.1738 0.5413
v  -1.0475 -0.1684 0.5427
v  -0.9098 -0.1780 0.7390
v  -0.9133 -0.1738 0.7419
v  -0.9157 -0.1684 0.7438
v  -0.7390 -0.1780 0.9098
v  -0.7419 -0.1739 0.9133
v  -0.7438 -0.1684 0.9157
v  -0.5392 -0.1781 1.0407
v  -0.5413 -0.1739 1.0448
v  -0.5427 -0.1684 1.0475
v  -0.3239 -0.1781 1.1264
v  -0.3252 -0.1739 1.1309
v  -0.3260 -0.1685 1.1338
v  0.1071 -0.1780 1.1672
v  0.1075 -0.1738 1.1717
v  0.1078 -0.1685 1.1748
v  0.1071 -0.1781 -1.1672
v  0.1075 -0.1739 -1.1718
v  0.1078 -0.1684 -1.1749
v  0.3239 -0.1781 -1.1265
v  0.3252 -0.1739 -1.1309
v  0.3260 -0.1684 -1.1338
v  0.5392 -0.1780 -1.0407
v  0.5413 -0.1739 -1.0448
v  0.5427 -0.1684 -1.0475
v  0.7390 -0.1780 -0.9098
v  0.7419 -0.1738 -0.9133
v  0.7439 -0.1684 -0.9157
v  0.9098 -0.1780 -0.7390
v  0.9133 -0.1738 -0.7419
v  0.9157 -0.1684 -0.7438
v  1.0407 -0.1780 -0.5392
v  1.0448 -0.1738 -0.5413
v  1.0475 -0.1684 -0.5427
v  1.1265 -0.1780 -0.3239
v  1.1309 -0.1738 -0.3252
v  1.1338 -0.1684 -0.3260
v  1.1672 -0.1780 -0.1071
v  1.1718 -0.1738 -0.1075
v  1.1748 -0.1684 -0.1078
v  1.1672 -0.1781 0.1071
v  1.1718 -0.1739 0.1075
v  1.1749 -0.1684 0.1078
v  1.1264 -0.1781 0.3239
v  1.1309 -0.1739 0.3252
v  1.1338 -0.1685 0.3260
v  1.0407 -0.1781 0.5392
v  1.0448 -0.1739 0.5413
v  1.0475 -0.1684 0.5427
v  0.9098 -0.1780 0.7390
v  0.9133 -0.1739 0.7419
v  0.9157 -0.1684 0.7438
v  0.7390 -0.1780 0.9098
v  0.7419 -0.1738 0.9133
v  0.7438 -0.1684 0.9157
v  0.5392 -0.1780 1.0407
v  0.5413 -0.1738 1.0448
v  0.5427 -0.1684 1.0475
v  0.3239 -0.1780 1.1264
v  0.3252 -0.1738 1.1308
v  0.3260 -0.1685 1.1338
v  -0.2147 -0.0058 -1.1604
v  -0.2144 -0.0029 -1.1584
v  -0.2138 -0.0009 -1.1555
v  -0.4344 -0.0058 -1.0973
v  -0.4336 -0.0029 -1.0954
v  -0.4325 -0.0009 -1.0926
v  -0.6458 -0.0058 -0.9878
v  -0.6447 -0.0029 -0.9860
v  -0.6430 -0.0009 -0.9836
v  -0.8345 -0.0058 -0.8345
v  -0.8331 -0.0029 -0.8331
v  -0.8310 -0.0009 -0.8310
v  -0.9878 -0.0058 -0.6458
v  -0.9861 -0.0029 -0.6447
v  -0.9837 -0.0009 -0.6431
v  -1.0973 -0.0058 -0.4344
v  -1.0954 -0.0029 -0.4337
v  -1.0927 -0.0009 -0.4326
v  -1.1604 -0.0058 -0.2147
v  -1.1585 -0.0029 -0.2144
v  -1.1556 -0.0009 -0.2139
v  -1.1801 -0.0058 0.0000
v  -1.1782 -0.0029 0.0000
v  -1.1753 -0.0009 0.0000
v  -1.1604 -0.0058 0.2147
v  -1.1585 -0.0029 0.2144
v  -1.1556 -0.0009 0.2139
v  -1.0973 -0.0058 0.4344
v  -1.0954 -0.0029 0.4337
v  -1.0927 -0.0009 0.4326
v  -0.9878 -0.0058 0.6458
v  -0.9861 -0.0029 0.6447
v  -0.9837 -0.0009 0.6431
v  -0.8345 -0.0058 0.8345
v  -0.8331 -0.0029 0.8331
v  -0.8310 -0.0009 0.8310
v  -0.6458 -0.0058 0.9878
v  -0.6447 -0.0029 0.9861
v  -0.6431 -0.0009 0.9837
v  -0.4344 -0.0058 1.0973
v  -0.4337 -0.0029 1.0954
v  -0.4326 -0.0009 1.0927
v  -0.2147 -0.0058 1.1604
v  -0.2144 -0.0029 1.1585
v  -0.2139 -0.0009 1.1556
v  0.2147 -0.0058 1.1604
v  0.2144 -0.0029 1.1585
v  0.2139 -0.0009 1.1556
v  0.0000 -0.0058 1.1801
v  0.0000 -0.0029 1.1782
v  0.0000 -0.0009 1.1753
v  0.0000 -0.0058 -1.1801
v  0.0000 -0.0029 -1.1781
v  0.0000 -0.0009 -1.1751
v  0.2147 -0.0058 -1.1604
v  0.2144 -0.0029 -1.1584
v  0.2138 -0.0009 -1.1555
v  0.4344 -0.0058 -1.0973
v  0.4337 -0.0029 -1.0954
v  0.4326 -0.0009 -1.0926
v  0.6458 -0.0058 -0.9878
v  0.6447 -0.0029 -0.9860
v  0.6430 -0.0009 -0.9836
v  0.8345 -0.0058 -0.8345
v  0.8330 -0.0029 -0.8330
v  0.8309 -0.0009 -0.8309
v  0.9878 -0.0058 -0.6458
v  0.9860 -0.0029 -0.6447
v  0.9836 -0.0009 -0.6430
v  1.0973 -0.0058 -0.4344
v  1.0954 -0.0029 -0.4336
v  1.0926 -0.0009 -0.4326
v  1.1604 -0.0058 -0.2147
v  1.1584 -0.0029 -0.2144
v  1.1555 -0.0009 -0.2138
v  1.1801 -0.0058 -0.0000
v  1.1781 -0.0029 -0.0000
v  1.1751 -0.0009 -0.0000
v  1.1604 -0.0058 0.2147
v  1.1584 -0.0029 0.2144
v  1.1555 -0.0009 0.2138
v  1.0973 -0.0058 0.4344
v  1.0954 -0.0029 0.4337
v  1.0928 -0.0009 0.4326
v  0.9878 -0.0058 0.6458
v  0.9861 -0.0029 0.6447
v  0.9837 -0.0009 0.6431
v  0.8345 -0.0058 0.8345
v  0.8331 -0.0029 0.8331
v  0.8310 -0.0009 0.8310
v  0.6458 -0.0058 0.9878
v  0.6447 -0.0029 0.9861
v  0.6431 -0.0009 0.9837
v  0.4344 -0.0058 1.0973
v  0.4337 -0.0029 1.0954
v  0.4326 -0.0009 1.0927
v  -0.1078 -0.0058 1.1752
v  -0.1076 -0.0029 1.1732
v  -0.1074 -0.0009 1.1703
v  -0.1078 -0.0058 -1.1752
v  -0.1076 -0.0029 -1.1732
v  -0.1074 -0.0009 -1.1703
v  -0.3261 -0.0058 -1.1342
v  -0.3255 -0.0029 -1.1322
v  -0.3247 -0.0009 -1.1294
v  -0.5429 -0.0058 -1.0478
v  -0.5419 -0.0029 -1.0461
v  -0.5406 -0.0009 -1.0434
v  -0.7441 -0.0058 -0.9160
v  -0.7428 -0.0029 -0.9144
v  -0.7409 -0.0009 -0.9121
v  -0.9160 -0.0058 -0.7441
v  -0.9145 -0.0029 -0.7428
v  -0.9122 -0.0009 -0.7410
v  -1.0479 -0.0058 -0.5429
v  -1.0461 -0.0029 -0.5420
v  -1.0435 -0.0009 -0.5406
v  -1.1342 -0.0058 -0.3261
v  -1.1323 -0.0029 -0.3256
v  -1.1295 -0.0009 -0.3248
v  -1.1752 -0.0058 -0.1078
v  -1.1732 -0.0029 -0.1076
v  -1.1703 -0.0009 -0.1074
v  -1.1752 -0.0058 0.1078
v  -1.1732 -0.0029 0.1076
v  -1.1703 -0.0009 0.1074
v  -1.1342 -0.0058 0.3261
v  -1.1323 -0.0029 0.3256
v  -1.1295 -0.0009 0.3248
v  -1.0478 -0.0058 0.5429
v  -1.0461 -0.0029 0.5419
v  -1.0435 -0.0009 0.5406
v  -0.9160 -0.0058 0.7441
v  -0.9144 -0.0029 0.7428
v  -0.9122 -0.0009 0.7410
v  -0.7441 -0.0058 0.9160
v  -0.7428 -0.0029 0.9145
v  -0.7410 -0.0009 0.9122
v  -0.5429 -0.0058 1.0479
v  -0.5419 -0.0029 1.0461
v  -0.5406 -0.0009 1.0435
v  -0.3261 -0.0058 1.1342
v  -0.3256 -0.0029 1.1323
v  -0.3248 -0.0009 1.1295
v  0.1078 -0.0058 1.1752
v  0.1077 -0.0029 1.1732
v  0.1074 -0.0009 1.1703
v  0.1078 -0.0058 -1.1752
v  0.1076 -0.0029 -1.1732
v  0.1074 -0.0009 -1.1702
v  0.3261 -0.0058 -1.1342
v  0.3256 -0.0029 -1.1322
v  0.3247 -0.0009 -1.1294
v  0.5429 -0.0058 -1.0479
v  0.5419 -0.0029 -1.0460
v  0.5406 -0.0009 -1.0434
v  0.7441 -0.0058 -0.9160
v  0.7428 -0.0029 -0.9144
v  0.7409 -0.0009 -0.9121
v  0.9160 -0.0058 -0.7441
v  0.9144 -0.0029 -0.7428
v  0.9121 -0.0009 -0.7409
v  1.0478 -0.0058 -0.5429
v  1.0461 -0.0029 -0.5419
v  1.0434 -0.0009 -0.5406
v  1.1342 -0.0058 -0.3261
v  1.1322 -0.0029 -0.3256
v  1.1294 -0.0009 -0.3247
v  1.1752 -0.0058 -0.1078
v  1.1732 -0.0029 -0.1076
v  1.1703 -0.0009 -0.1074
v  1.1752 -0.0058 0.1078
v  1.1732 -0.0029 0.1076
v  1.1702 -0.0009 0.1074
v  1.1342 -0.0058 0.3261
v  1.1323 -0.0029 0.3256
v  1.1295 -0.0009 0.3248
v  1.0479 -0.0058 0.5429
v  1.0461 -0.0029 0.5420
v  1.0435 -0.0009 0.5406
v  0.9160 -0.0058 0.7441
v  0.9145 -0.0029 0.7428
v  0.9122 -0.0009 0.7410
v  0.7441 -0.0058 0.9160
v  0.7428 -0.0029 0.9145
v  0.7410 -0.0009 0.9122
v  0.5429 -0.0058 1.0478
v  0.5420 -0.0029 1.0461
v  0.5406 -0.0009 1.0435
v  0.3261 -0.0058 1.1342
v  0.3256 -0.0029 1.1323
v  0.3248 -0.0009 1.1295
v  0.0000 -0.0099 1.1811
v  0.0000 -0.0178 1.1811
v  -0.1079 -0.0099 1.1761
v  -0.1079 -0.0178 1.1761
v  -0.2149 -0.0099 -1.1613
v  -0.2149 -0.0178 -1.1613
v  -0.1079 -0.0099 -1.1760
v  -0.1079 -0.0178 -1.1760
v  -0.4347 -0.0099 -1.0981
v  -0.4347 -0.0178 -1.0981
v  -0.3263 -0.0099 -1.1350
v  -0.3263 -0.0178 -1.1350
v  -0.6462 -0.0099 -0.9885
v  -0.6463 -0.0178 -0.9885
v  -0.5432 -0.0099 -1.0486
v  -0.5433 -0.0178 -1.0486
v  -0.8351 -0.0099 -0.8351
v  -0.8351 -0.0178 -0.8351
v  -0.7446 -0.0099 -0.9167
v  -0.7446 -0.0178 -0.9167
v  -0.9885 -0.0099 -0.6463
v  -0.9885 -0.0178 -0.6463
v  -0.9167 -0.0099 -0.7446
v  -0.9167 -0.0178 -0.7446
v  -1.0981 -0.0099 -0.4347
v  -1.0981 -0.0178 -0.4347
v  -1.0486 -0.0099 -0.5433
v  -1.0486 -0.0178 -0.5433
v  -1.1613 -0.0099 -0.2149
v  -1.1613 -0.0178 -0.2149
v  -1.1350 -0.0099 -0.3264
v  -1.1350 -0.0178 -0.3264
v  -1.1810 -0.0099 0.0000
v  -1.1810 -0.0178 -0.0000
v  -1.1761 -0.0099 -0.1079
v  -1.1761 -0.0178 -0.1079
v  -1.1613 -0.0099 0.2149
v  -1.1613 -0.0178 0.2149
v  -1.1760 -0.0099 0.1079
v  -1.1760 -0.0178 0.1079
v  -1.0981 -0.0099 0.4347
v  -1.0981 -0.0178 0.4347
v  -1.1350 -0.0099 0.3263
v  -1.1350 -0.0178 0.3263
v  -0.9885 -0.0099 0.6463
v  -0.9885 -0.0178 0.6463
v  -1.0486 -0.0099 0.5433
v  -1.0486 -0.0178 0.5433
v  -0.8351 -0.0099 0.8351
v  -0.8351 -0.0178 0.8351
v  -0.9167 -0.0099 0.7446
v  -0.9167 -0.0178 0.7446
v  -0.6462 -0.0099 0.9885
v  -0.6463 -0.0178 0.9885
v  -0.7446 -0.0099 0.9167
v  -0.7446 -0.0178 0.9167
v  -0.4347 -0.0099 1.0981
v  -0.4347 -0.0178 1.0981
v  -0.5433 -0.0099 1.0486
v  -0.5433 -0.0178 1.0487
v  -0.2149 -0.0099 1.1613
v  -0.2149 -0.0178 1.1613
v  -0.3264 -0.0099 1.1350
v  -0.3264 -0.0178 1.1350
v  0.2149 -0.0099 1.1613
v  0.2149 -0.0178 1.1613
v  0.1079 -0.0099 1.1760
v  0.1079 -0.0178 1.1760
v  0.0000 -0.0099 -1.1811
v  0.0000 -0.0178 -1.1811
v  0.1079 -0.0099 -1.1761
v  0.1079 -0.0178 -1.1761
v  0.2149 -0.0099 -1.1613
v  0.2149 -0.0178 -1.1613
v  0.3264 -0.0099 -1.1350
v  0.3264 -0.0178 -1.1350
v  0.4347 -0.0099 -1.0981
v  0.4347 -0.0178 -1.0981
v  0.5433 -0.0099 -1.0486
v  0.5433 -0.0178 -1.0486
v  0.6463 -0.0099 -0.9885
v  0.6463 -0.0178 -0.9885
v  0.7446 -0.0099 -0.9167
v  0.7446 -0.0178 -0.9167
v  0.8351 -0.0099 -0.8351
v  0.8351 -0.0178 -0.8351
v  0.9167 -0.0099 -0.7446
v  0.9167 -0.0178 -0.7446
v  0.9885 -0.0099 -0.6462
v  0.9885 -0.0178 -0.6463
v  1.0486 -0.0099 -0.5432
v  1.0486 -0.0178 -0.5433
v  1.0981 -0.0099 -0.4347
v  1.0981 -0.0178 -0.4347
v  1.1350 -0.0099 -0.3263
v  1.1350 -0.0178 -0.3264
v  1.1613 -0.0099 -0.2149
v  1.1613 -0.0178 -0.2149
v  1.1760 -0.0099 -0.1079
v  1.1760 -0.0178 -0.1079
v  1.1810 -0.0099 -0.0000
v  1.1810 -0.0178 0.0000
v  1.1761 -0.0099 0.1079
v  1.1761 -0.0178 0.1079
v  1.1613 -0.0099 0.2149
v  1.1613 -0.0178 0.2149
v  1.1350 -0.0099 0.3264
v  1.1350 -0.0178 0.3263
v  1.0981 -0.0099 0.4347
v  1.0981 -0.0178 0.4347
v  1.0486 -0.0099 0.5433
v  1.0486 -0.0178 0.5433
v  0.9885 -0.0099 0.6462
v  0.9885 -0.0178 0.6462
v  0.9167 -0.0099 0.7446
v  0.9167 -0.0178 0.7446
v  0.8351 -0.0099 0.8351
v  0.8351 -0.0178 0.8351
v  0.7446 -0.0099 0.9166
v  0.7446 -0.0178 0.9167
v  0.6463 -0.0099 0.9885
v  0.6463 -0.0178 0.9885
v  0.5433 -0.0099 1.0486
v  0.5433 -0.0178 1.0486
v  0.4347 -0.0099 1.0981
v  0.4347 -0.0178 1.0981
v  0.3263 -0.0099 1.1350
v  0.3263 -0.0178 1.1350
v  0.0000 -0.0000 1.1712
v  0.0004 0.0000 1.1632
v  -0.1070 0.0000 1.1663
v  -0.1059 0.0000 1.1583
v  -0.2131 -0.0000 -1.1515
v  -0.2120 -0.0000 -1.1437
v  -0.1070 -0.0000 -1.1662
v  -0.1066 -0.0000 -1.1583
v  -0.4311 -0.0000 -1.0889
v  -0.4285 -0.0000 -1.0814
v  -0.3236 -0.0000 -1.1255
v  -0.3218 -0.0000 -1.1178
v  -0.6408 -0.0000 -0.9802
v  -0.6365 -0.0000 -0.9735
v  -0.5387 -0.0000 -1.0399
v  -0.5351 -0.0000 -1.0328
v  -0.8282 -0.0000 -0.8282
v  -0.8225 -0.0000 -0.8225
v  -0.7384 -0.0000 -0.9090
v  -0.7334 -0.0000 -0.9028
v  -0.9803 0.0000 -0.6409
v  -0.9736 0.0000 -0.6365
v  -0.9091 -0.0000 -0.7385
v  -0.9028 -0.0000 -0.7334
v  -1.0890 0.0000 -0.4311
v  -1.0817 0.0000 -0.4278
v  -1.0399 0.0000 -0.5388
v  -1.0328 0.0000 -0.5350
v  -1.1517 0.0000 -0.2131
v  -1.1438 0.0000 -0.2113
v  -1.1256 0.0000 -0.3236
v  -1.1180 0.0000 -0.3211
v  -1.1712 0.0000 0.0000
v  -1.1632 0.0000 0.0004
v  -1.1663 0.0000 -0.1070
v  -1.1583 0.0000 -0.1059
v  -1.1517 -0.0000 0.2131
v  -1.1437 0.0000 0.2120
v  -1.1663 -0.0000 0.1070
v  -1.1582 0.0000 0.1066
v  -1.0890 -0.0000 0.4311
v  -1.0814 0.0000 0.4285
v  -1.1256 -0.0000 0.3236
v  -1.1178 0.0000 0.3218
v  -0.9803 -0.0000 0.6409
v  -0.9736 0.0000 0.6365
v  -1.0399 -0.0000 0.5388
v  -1.0328 0.0000 0.5351
v  -0.8282 -0.0000 0.8282
v  -0.8225 0.0000 0.8225
v  -0.9091 -0.0000 0.7385
v  -0.9028 0.0000 0.7334
v  -0.6409 -0.0000 0.9803
v  -0.6365 0.0000 0.9736
v  -0.7385 -0.0000 0.9091
v  -0.7334 0.0000 0.9028
v  -0.4311 -0.0000 1.0890
v  -0.4278 0.0000 1.0817
v  -0.5387 -0.0000 1.0399
v  -0.5350 0.0000 1.0328
v  -0.2131 -0.0000 1.1517
v  -0.2113 0.0000 1.1438
v  -0.3236 0.0000 1.1256
v  -0.3210 0.0000 1.1180
v  0.2131 -0.0000 1.1517
v  0.2120 0.0000 1.1437
v  0.1070 -0.0000 1.1663
v  0.1066 0.0000 1.1583
v  0.0000 -0.0000 -1.1711
v  -0.0004 -0.0000 -1.1631
v  0.1070 -0.0000 -1.1662
v  0.1059 -0.0000 -1.1583
v  0.2131 -0.0000 -1.1515
v  0.2113 -0.0000 -1.1438
v  0.3236 -0.0000 -1.1255
v  0.3211 -0.0000 -1.1180
v  0.4311 -0.0000 -1.0889
v  0.4278 -0.0000 -1.0816
v  0.5387 -0.0000 -1.0398
v  0.5350 -0.0000 -1.0328
v  0.6408 -0.0000 -0.9802
v  0.6365 -0.0000 -0.9735
v  0.7384 -0.0000 -0.9090
v  0.7334 -0.0000 -0.9028
v  0.8281 -0.0000 -0.8281
v  0.8225 -0.0000 -0.8225
v  0.9090 -0.0000 -0.7384
v  0.9028 -0.0000 -0.7334
v  0.9802 -0.0000 -0.6408
v  0.9736 -0.0000 -0.6365
v  1.0399 -0.0000 -0.5387
v  1.0328 -0.0000 -0.5351
v  1.0889 -0.0000 -0.4311
v  1.0814 -0.0000 -0.4285
v  1.1255 -0.0000 -0.3236
v  1.1178 -0.0000 -0.3218
v  1.1515 -0.0000 -0.2131
v  1.1437 -0.0000 -0.2120
v  1.1662 -0.0000 -0.1070
v  1.1583 -0.0000 -0.1066
v  1.1711 0.0000 -0.0000
v  1.1632 0.0000 -0.0004
v  1.1662 0.0000 0.1070
v  1.1583 0.0000 0.1059
v  1.1515 0.0000 0.2131
v  1.1438 0.0000 0.2113
v  1.1256 -0.0000 0.3236
v  1.1180 0.0000 0.3211
v  1.0890 -0.0000 0.4311
v  1.0817 0.0000 0.4278
v  1.0399 -0.0000 0.5388
v  1.0328 0.0000 0.5351
v  0.9803 -0.0000 0.6409
v  0.9736 0.0000 0.6365
v  0.9091 -0.0000 0.7385
v  0.9028 0.0000 0.7334
v  0.8282 -0.0000 0.8282
v  0.8225 0.0000 0.8225
v  0.7385 -0.0000 0.9091
v  0.7334 0.0000 0.9028
v  0.6409 -0.0000 0.9803
v  0.6365 0.0000 0.9736
v  0.5388 -0.0000 1.0399
v  0.5351 0.0000 1.0328
v  0.4311 -0.0000 1.0890
v  0.4285 0.0000 1.0814
v  0.3236 -0.0000 1.1256
v  0.3218 0.0000 1.1178
v  0.0000 -0.1808 1.1658
v  -0.0004 -0.1826 1.1580
v  -0.1065 -0.1808 1.1608
v  -0.1061 -0.1826 1.1530
v  -0.2121 -0.1808 -1.1463
v  -0.2103 -0.1826 -1.1387
v  -0.1065 -0.1808 -1.1608
v  -0.1054 -0.1826 -1.1531
v  -0.4291 -0.1808 -1.0839
v  -0.4259 -0.1826 -1.0768
v  -0.3221 -0.1808 -1.1203
v  -0.3196 -0.1826 -1.1129
v  -0.6379 -0.1808 -0.9757
v  -0.6333 -0.1826 -0.9695
v  -0.5362 -0.1808 -1.0351
v  -0.5323 -0.1826 -1.0283
v  -0.8243 -0.1808 -0.8243
v  -0.8188 -0.1826 -0.8188
v  -0.7350 -0.1808 -0.9048
v  -0.7301 -0.1826 -0.8988
v  -0.9757 -0.1808 -0.6379
v  -0.9690 -0.1826 -0.6340
v  -0.9048 -0.1808 -0.7350
v  -0.8988 -0.1826 -0.7301
v  -1.0839 -0.1808 -0.4291
v  -1.0765 -0.1826 -0.4266
v  -1.0351 -0.1808 -0.5362
v  -1.0280 -0.1826 -0.5330
v  -1.1463 -0.1808 -0.2121
v  -1.1386 -0.1826 -0.2111
v  -1.1203 -0.1808 -0.3221
v  -1.1127 -0.1826 -0.3203
v  -1.1658 -0.1808 0.0000
v  -1.1580 -0.1826 0.0000
v  -1.1608 -0.1808 -0.1065
v  -1.1530 -0.1826 -0.1061
v  -1.1463 -0.1808 0.2121
v  -1.1387 -0.1826 0.2103
v  -1.1608 -0.1808 0.1065
v  -1.1531 -0.1826 0.1054
v  -1.0839 -0.1808 0.4291
v  -1.0768 -0.1826 0.4259
v  -1.1203 -0.1808 0.3221
v  -1.1129 -0.1826 0.3196
v  -0.9757 -0.1808 0.6379
v  -0.9695 -0.1826 0.6333
v  -1.0351 -0.1808 0.5362
v  -1.0283 -0.1826 0.5323
v  -0.8243 -0.1808 0.8243
v  -0.8188 -0.1826 0.8188
v  -0.9048 -0.1808 0.7350
v  -0.8988 -0.1826 0.7301
v  -0.6379 -0.1808 0.9757
v  -0.6340 -0.1826 0.9690
v  -0.7350 -0.1808 0.9048
v  -0.7301 -0.1826 0.8988
v  -0.4291 -0.1808 1.0839
v  -0.4266 -0.1826 1.0766
v  -0.5362 -0.1808 1.0351
v  -0.5330 -0.1826 1.0280
v  -0.2121 -0.1808 1.1463
v  -0.2111 -0.1826 1.1386
v  -0.3221 -0.1808 1.1203
v  -0.3203 -0.1826 1.1127
v  0.2121 -0.1808 1.1463
v  0.2103 -0.1826 1.1387
v  0.1065 -0.1808 1.1608
v  0.1055 -0.1826 1.1531
v  0.0000 -0.1808 -1.1658
v  0.0004 -0.1826 -1.1580
v  0.1065 -0.1808 -1.1608
v  0.1061 -0.1826 -1.1530
v  0.2121 -0.1808 -1.1463
v  0.2111 -0.1826 -1.1386
v  0.3221 -0.1808 -1.1203
v  0.3203 -0.1826 -1.1127
v  0.4291 -0.1808 -1.0839
v  0.4266 -0.1826 -1.0765
v  0.5362 -0.1808 -1.0351
v  0.5330 -0.1826 -1.0280
v  0.6379 -0.1807 -0.9757
v  0.6340 -0.1826 -0.9690
v  0.7350 -0.1808 -0.9048
v  0.7301 -0.1826 -0.8988
v  0.8243 -0.1807 -0.8243
v  0.8188 -0.1826 -0.8188
v  0.9048 -0.1808 -0.7350
v  0.8988 -0.1826 -0.7301
v  0.9757 -0.1807 -0.6379
v  0.9695 -0.1826 -0.6333
v  1.0351 -0.1808 -0.5362
v  1.0283 -0.1826 -0.5323
v  1.0839 -0.1807 -0.4291
v  1.0768 -0.1826 -0.4259
v  1.1203 -0.1808 -0.3221
v  1.1129 -0.1826 -0.3196
v  1.1463 -0.1808 -0.2121
v  1.1387 -0.1826 -0.2103
v  1.1608 -0.1808 -0.1065
v  1.1531 -0.1826 -0.1054
v  1.1658 -0.1808 -0.0000
v  1.1580 -0.1826 0.0000
v  1.1608 -0.1808 0.1065
v  1.1530 -0.1826 0.1061
v  1.1463 -0.1808 0.2121
v  1.1386 -0.1826 0.2111
v  1.1203 -0.1808 0.3221
v  1.1127 -0.1826 0.3203
v  1.0839 -0.1807 0.4291
v  1.0765 -0.1826 0.4266
v  1.0351 -0.1808 0.5362
v  1.0280 -0.1826 0.5330
v  0.9757 -0.1807 0.6379
v  0.9690 -0.1826 0.6340
v  0.9048 -0.1808 0.7350
v  0.8988 -0.1826 0.7301
v  0.8243 -0.1807 0.8243
v  0.8188 -0.1826 0.8188
v  0.7350 -0.1808 0.9048
v  0.7301 -0.1826 0.8988
v  0.6379 -0.1807 0.9757
v  0.6333 -0.1826 0.9695
v  0.5362 -0.1808 1.0351
v  0.5323 -0.1826 1.0283
v  0.4291 -0.1807 1.0839
v  0.4259 -0.1826 1.0768
v  0.3221 -0.1808 1.1203
v  0.3196 -0.1826 1.1129
v  -0.1079 -0.1616 1.1761
v  -0.1079 -0.1536 1.1761
v  0.0000 -0.1616 1.1811
v  0.0000 -0.1536 1.1811
v  -0.1079 -0.1616 -1.1761
v  -0.1079 -0.1536 -1.1761
v  -0.2149 -0.1616 -1.1614
v  -0.2149 -0.1536 -1.1614
v  -0.3264 -0.1616 -1.1351
v  -0.3264 -0.1536 -1.1351
v  -0.4348 -0.1616 -1.0982
v  -0.4347 -0.1536 -1.0982
v  -0.5433 -0.1616 -1.0487
v  -0.5433 -0.1536 -1.0487
v  -0.6463 -0.1616 -0.9886
v  -0.6463 -0.1536 -0.9886
v  -0.7447 -0.1616 -0.9167
v  -0.7447 -0.1536 -0.9167
v  -0.8352 -0.1616 -0.8352
v  -0.8352 -0.1536 -0.8352
v  -0.9167 -0.1616 -0.7447
v  -0.9167 -0.1536 -0.7447
v  -0.9886 -0.1616 -0.6463
v  -0.9886 -0.1536 -0.6463
v  -1.0487 -0.1616 -0.5433
v  -1.0487 -0.1536 -0.5433
v  -1.0982 -0.1616 -0.4348
v  -1.0982 -0.1536 -0.4348
v  -1.1351 -0.1616 -0.3264
v  -1.1351 -0.1536 -0.3264
v  -1.1614 -0.1616 -0.2149
v  -1.1614 -0.1536 -0.2149
v  -1.1761 -0.1616 -0.1079
v  -1.1761 -0.1536 -0.1079
v  -1.1811 -0.1616 0.0000
v  -1.1811 -0.1536 -0.0000
v  -1.1761 -0.1616 0.1079
v  -1.1761 -0.1536 0.1079
v  -1.1614 -0.1616 0.2149
v  -1.1614 -0.1536 0.2149
v  -1.1351 -0.1616 0.3264
v  -1.1351 -0.1536 0.3264
v  -1.0982 -0.1616 0.4348
v  -1.0982 -0.1536 0.4348
v  -1.0487 -0.1616 0.5433
v  -1.0487 -0.1536 0.5433
v  -0.9886 -0.1616 0.6463
v  -0.9886 -0.1536 0.6463
v  -0.9167 -0.1616 0.7447
v  -0.9167 -0.1536 0.7447
v  -0.8352 -0.1616 0.8352
v  -0.8352 -0.1536 0.8352
v  -0.7447 -0.1616 0.9167
v  -0.7447 -0.1536 0.9167
v  -0.6463 -0.1616 0.9886
v  -0.6463 -0.1536 0.9886
v  -0.5433 -0.1616 1.0487
v  -0.5433 -0.1536 1.0487
v  -0.4348 -0.1616 1.0982
v  -0.4348 -0.1536 1.0982
v  -0.3264 -0.1616 1.1351
v  -0.3264 -0.1536 1.1351
v  -0.2149 -0.1616 1.1614
v  -0.2149 -0.1536 1.1614
v  0.1079 -0.1616 1.1761
v  0.1079 -0.1536 1.1761
v  0.2149 -0.1616 1.1614
v  0.2149 -0.1536 1.1614
v  0.1079 -0.1616 -1.1761
v  0.1079 -0.1536 -1.1761
v  0.0000 -0.1616 -1.1811
v  0.0000 -0.1536 -1.1811
v  0.3264 -0.1616 -1.1351
v  0.3264 -0.1536 -1.1351
v  0.2149 -0.1616 -1.1614
v  0.2149 -0.1536 -1.1614
v  0.5433 -0.1616 -1.0487
v  0.5433 -0.1536 -1.0487
v  0.4348 -0.1616 -1.0982
v  0.4348 -0.1536 -1.0982
v  0.7447 -0.1616 -0.9167
v  0.7447 -0.1536 -0.9167
v  0.6463 -0.1616 -0.9886
v  0.6463 -0.1536 -0.9886
v  0.9167 -0.1616 -0.7447
v  0.9167 -0.1536 -0.7447
v  0.8352 -0.1616 -0.8352
v  0.8352 -0.1536 -0.8352
v  1.0487 -0.1616 -0.5433
v  1.0487 -0.1536 -0.5433
v  0.9886 -0.1616 -0.6463
v  0.9886 -0.1536 -0.6463
v  1.1351 -0.1616 -0.3264
v  1.1351 -0.1536 -0.3264
v  1.0982 -0.1616 -0.4348
v  1.0982 -0.1536 -0.4347
v  1.1761 -0.1616 -0.1079
v  1.1761 -0.1536 -0.1079
v  1.1614 -0.1616 -0.2149
v  1.1614 -0.1536 -0.2149
v  1.1761 -0.1616 0.1079
v  1.1761 -0.1536 0.1079
v  1.1811 -0.1616 -0.0000
v  1.1811 -0.1536 0.0000
v  1.1351 -0.1616 0.3264
v  1.1351 -0.1536 0.3264
v  1.1614 -0.1616 0.2149
v  1.1614 -0.1536 0.2149
v  1.0487 -0.1616 0.5433
v  1.0487 -0.1536 0.5433
v  1.0982 -0.1616 0.4348
v  1.0982 -0.1536 0.4348
v  0.9167 -0.1616 0.7447
v  0.9167 -0.1536 0.7447
v  0.9886 -0.1616 0.6463
v  0.9886 -0.1536 0.6463
v  0.7447 -0.1616 0.9167
v  0.7447 -0.1536 0.9167
v  0.8352 -0.1616 0.8352
v  0.8352 -0.1536 0.8352
v  0.5433 -0.1616 1.0487
v  0.5433 -0.1536 1.0487
v  0.6463 -0.1616 0.9886
v  0.6463 -0.1536 0.9886
v  0.3264 -0.1616 1.1351
v  0.3264 -0.1536 1.1351
v  0.4348 -0.1616 1.0982
v  0.4348 -0.1536 1.0982
v  -0.0002 -0.3317 0.5191
v  -0.0002 -0.3300 0.5155
v  -0.0002 -0.3269 0.5130
v  -0.0476 -0.3317 0.5168
v  -0.0473 -0.3299 0.5133
v  -0.0470 -0.3269 0.5108
v  -0.0943 -0.3317 -0.5104
v  -0.0936 -0.3300 -0.5070
v  -0.0932 -0.3269 -0.5044
v  -0.0473 -0.3317 -0.5169
v  -0.0469 -0.3299 -0.5134
v  -0.0467 -0.3269 -0.5108
v  -0.1909 -0.3317 -0.4827
v  -0.1896 -0.3300 -0.4794
v  -0.1887 -0.3269 -0.4770
v  -0.1433 -0.3317 -0.4989
v  -0.1423 -0.3300 -0.4955
v  -0.1416 -0.3269 -0.4930
v  -0.2839 -0.3317 -0.4345
v  -0.2819 -0.3300 -0.4316
v  -0.2806 -0.3270 -0.4295
v  -0.2386 -0.3317 -0.4609
v  -0.2370 -0.3300 -0.4578
v  -0.2358 -0.3269 -0.4555
v  -0.3670 -0.3317 -0.3670
v  -0.3645 -0.3300 -0.3645
v  -0.3627 -0.3269 -0.3627
v  -0.3273 -0.3317 -0.4029
v  -0.3250 -0.3300 -0.4001
v  -0.3234 -0.3269 -0.3981
v  -0.4344 -0.3317 -0.2842
v  -0.4314 -0.3300 -0.2822
v  -0.4293 -0.3269 -0.2808
v  -0.4029 -0.3317 -0.3273
v  -0.4001 -0.3300 -0.3250
v  -0.3982 -0.3269 -0.3234
v  -0.4826 -0.3317 -0.1912
v  -0.4793 -0.3300 -0.1899
v  -0.4769 -0.3269 -0.1890
v  -0.4608 -0.3317 -0.2389
v  -0.4577 -0.3299 -0.2373
v  -0.4554 -0.3269 -0.2361
v  -0.5104 -0.3317 -0.0946
v  -0.5069 -0.3300 -0.0940
v  -0.5044 -0.3269 -0.0935
v  -0.4988 -0.3317 -0.1436
v  -0.4954 -0.3299 -0.1426
v  -0.4929 -0.3269 -0.1419
v  -0.5191 -0.3317 0.0000
v  -0.5155 -0.3300 0.0000
v  -0.5130 -0.3269 0.0000
v  -0.5168 -0.3317 -0.0476
v  -0.5133 -0.3299 -0.0473
v  -0.5108 -0.3269 -0.0470
v  -0.5104 -0.3317 0.0943
v  -0.5069 -0.3300 0.0936
v  -0.5044 -0.3269 0.0932
v  -0.5169 -0.3317 0.0473
v  -0.5134 -0.3299 0.0469
v  -0.5108 -0.3269 0.0467
v  -0.4827 -0.3317 0.1909
v  -0.4794 -0.3300 0.1896
v  -0.4770 -0.3269 0.1887
v  -0.4989 -0.3317 0.1433
v  -0.4955 -0.3300 0.1423
v  -0.4930 -0.3269 0.1416
v  -0.4345 -0.3317 0.2839
v  -0.4316 -0.3300 0.2819
v  -0.4295 -0.3269 0.2806
v  -0.4609 -0.3317 0.2386
v  -0.4578 -0.3300 0.2370
v  -0.4555 -0.3269 0.2358
v  -0.3670 -0.3317 0.3670
v  -0.3645 -0.3300 0.3645
v  -0.3627 -0.3269 0.3627
v  -0.4029 -0.3317 0.3273
v  -0.4001 -0.3300 0.3250
v  -0.3981 -0.3269 0.3234
v  -0.2842 -0.3317 0.4344
v  -0.2822 -0.3300 0.4314
v  -0.2808 -0.3269 0.4293
v  -0.3273 -0.3317 0.4029
v  -0.3250 -0.3300 0.4001
v  -0.3234 -0.3269 0.3982
v  -0.1912 -0.3317 0.4826
v  -0.1899 -0.3300 0.4793
v  -0.1890 -0.3269 0.4769
v  -0.2389 -0.3317 0.4608
v  -0.2373 -0.3299 0.4577
v  -0.2361 -0.3269 0.4554
v  -0.0946 -0.3317 0.5104
v  -0.0940 -0.3300 0.5069
v  -0.0935 -0.3269 0.5044
v  -0.1436 -0.3317 0.4988
v  -0.1426 -0.3299 0.4954
v  -0.1419 -0.3269 0.4929
v  0.0943 -0.3317 0.5104
v  0.0936 -0.3300 0.5069
v  0.0932 -0.3269 0.5044
v  0.0473 -0.3317 0.5169
v  0.0469 -0.3299 0.5134
v  0.0467 -0.3269 0.5108
v  0.0002 -0.3317 -0.5191
v  0.0002 -0.3300 -0.5155
v  0.0002 -0.3269 -0.5130
v  0.0476 -0.3317 -0.5168
v  0.0473 -0.3299 -0.5133
v  0.0470 -0.3269 -0.5108
v  0.0946 -0.3317 -0.5104
v  0.0940 -0.3300 -0.5069
v  0.0935 -0.3269 -0.5044
v  0.1436 -0.3317 -0.4988
v  0.1426 -0.3299 -0.4954
v  0.1419 -0.3269 -0.4929
v  0.1912 -0.3317 -0.4825
v  0.1899 -0.3300 -0.4793
v  0.1890 -0.3269 -0.4769
v  0.2389 -0.3317 -0.4608
v  0.2373 -0.3299 -0.4576
v  0.2361 -0.3269 -0.4554
v  0.2842 -0.3317 -0.4343
v  0.2822 -0.3300 -0.4314
v  0.2808 -0.3269 -0.4293
v  0.3273 -0.3317 -0.4029
v  0.3250 -0.3299 -0.4001
v  0.3234 -0.3269 -0.3981
v  0.3670 -0.3317 -0.3670
v  0.3645 -0.3300 -0.3645
v  0.3627 -0.3269 -0.3627
v  0.4029 -0.3317 -0.3273
v  0.4001 -0.3300 -0.3250
v  0.3981 -0.3269 -0.3234
v  0.4345 -0.3317 -0.2839
v  0.4316 -0.3300 -0.2819
v  0.4294 -0.3269 -0.2805
v  0.4609 -0.3317 -0.2386
v  0.4578 -0.3299 -0.2370
v  0.4555 -0.3269 -0.2358
v  0.4827 -0.3317 -0.1909
v  0.4794 -0.3300 -0.1896
v  0.4770 -0.3269 -0.1887
v  0.4989 -0.3317 -0.1433
v  0.4955 -0.3299 -0.1423
v  0.4930 -0.3269 -0.1416
v  0.5104 -0.3317 -0.0943
v  0.5069 -0.3300 -0.0936
v  0.5044 -0.3269 -0.0932
v  0.5169 -0.3317 -0.0473
v  0.5134 -0.3299 -0.0469
v  0.5108 -0.3269 -0.0467
v  0.5191 -0.3317 -0.0000
v  0.5155 -0.3300 -0.0000
v  0.5130 -0.3269 -0.0000
v  0.5168 -0.3317 0.0476
v  0.5133 -0.3299 0.0473
v  0.5108 -0.3269 0.0470
v  0.5104 -0.3317 0.0946
v  0.5069 -0.3300 0.0940
v  0.5044 -0.3269 0.0935
v  0.4988 -0.3317 0.1436
v  0.4954 -0.3299 0.1426
v  0.4929 -0.3269 0.1419
v  0.4825 -0.3317 0.1912
v  0.4793 -0.3300 0.1899
v  0.4769 -0.3269 0.1890
v  0.4608 -0.3317 0.2389
v  0.4577 -0.3299 0.2373
v  0.4554 -0.3269 0.2361
v  0.4343 -0.3317 0.2842
v  0.4314 -0.3300 0.2822
v  0.4293 -0.3269 0.2808
v  0.4029 -0.3317 0.3273
v  0.4001 -0.3299 0.3250
v  0.3981 -0.3269 0.3234
v  0.3670 -0.3317 0.3670
v  0.3645 -0.3300 0.3645
v  0.3627 -0.3269 0.3627
v  0.3273 -0.3317 0.4029
v  0.3250 -0.3300 0.4001
v  0.3234 -0.3269 0.3981
v  0.2839 -0.3317 0.4345
v  0.2819 -0.3300 0.4316
v  0.2806 -0.3269 0.4294
v  0.2386 -0.3317 0.4609
v  0.2370 -0.3299 0.4578
v  0.2358 -0.3269 0.4555
v  0.1909 -0.3317 0.4827
v  0.1896 -0.3300 0.4794
v  0.1887 -0.3269 0.4770
v  0.1433 -0.3317 0.4989
v  0.1423 -0.3299 0.4955
v  0.1416 -0.3269 0.4930
v  0.0000 -0.1772 0.0000
v  -0.0469 -0.1772 0.5096
v  -0.0465 -0.1772 0.5016
v  -0.0469 -0.1852 0.5096
v  -0.0002 -0.1772 0.5118
v  -0.0002 -0.1852 0.5118
v  -0.0005 -0.1772 0.5038
v  -0.0466 -0.1772 -0.5096
v  -0.0455 -0.1772 -0.5017
v  -0.0466 -0.1852 -0.5096
v  -0.0930 -0.1772 -0.5032
v  -0.0930 -0.1852 -0.5032
v  -0.0911 -0.1772 -0.4955
v  -0.1413 -0.1772 -0.4919
v  -0.1387 -0.1772 -0.4843
v  -0.1413 -0.1852 -0.4919
v  -0.1882 -0.1772 -0.4759
v  -0.1882 -0.1852 -0.4759
v  -0.1849 -0.1772 -0.4686
v  -0.2352 -0.1772 -0.4545
v  -0.2316 -0.1772 -0.4474
v  -0.2352 -0.1852 -0.4545
v  -0.2799 -0.1772 -0.4284
v  -0.2799 -0.1852 -0.4284
v  -0.2755 -0.1772 -0.4217
v  -0.3227 -0.1772 -0.3972
v  -0.3176 -0.1772 -0.3910
v  -0.3227 -0.1852 -0.3972
v  -0.3619 -0.1772 -0.3619
v  -0.3619 -0.1852 -0.3619
v  -0.3562 -0.1772 -0.3562
v  -0.3972 -0.1772 -0.3227
v  -0.3910 -0.1772 -0.3176
v  -0.3972 -0.1852 -0.3227
v  -0.4282 -0.1772 -0.2802
v  -0.4282 -0.1852 -0.2802
v  -0.4215 -0.1772 -0.2758
v  -0.4543 -0.1772 -0.2356
v  -0.4472 -0.1772 -0.2319
v  -0.4543 -0.1852 -0.2356
v  -0.4758 -0.1772 -0.1885
v  -0.4758 -0.1852 -0.1885
v  -0.4682 -0.1772 -0.1859
v  -0.4918 -0.1772 -0.1416
v  -0.4840 -0.1772 -0.1397
v  -0.4918 -0.1852 -0.1416
v  -0.5032 -0.1772 -0.0933
v  -0.5032 -0.1852 -0.0933
v  -0.4953 -0.1772 -0.0922
v  -0.5096 -0.1772 -0.0469
v  -0.5016 -0.1772 -0.0465
v  -0.5096 -0.1852 -0.0469
v  -0.5118 -0.1772 0.0000
v  -0.5118 -0.1852 0.0000
v  -0.5038 -0.1772 -0.0004
v  -0.5096 -0.1772 0.0466
v  -0.5017 -0.1772 0.0455
v  -0.5096 -0.1852 0.0466
v  -0.5032 -0.1772 0.0930
v  -0.5032 -0.1852 0.0930
v  -0.4955 -0.1772 0.0911
v  -0.4919 -0.1772 0.1413
v  -0.4843 -0.1772 0.1387
v  -0.4919 -0.1852 0.1413
v  -0.4759 -0.1772 0.1882
v  -0.4759 -0.1852 0.1882
v  -0.4686 -0.1772 0.1849
v  -0.4545 -0.1772 0.2353
v  -0.4473 -0.1772 0.2316
v  -0.4545 -0.1852 0.2353
v  -0.4284 -0.1772 0.2799
v  -0.4284 -0.1852 0.2799
v  -0.4217 -0.1772 0.2755
v  -0.3972 -0.1772 0.3227
v  -0.3910 -0.1772 0.3176
v  -0.3972 -0.1852 0.3227
v  -0.3619 -0.1772 0.3619
v  -0.3619 -0.1852 0.3619
v  -0.3562 -0.1772 0.3562
v  -0.3227 -0.1772 0.3972
v  -0.3176 -0.1772 0.3910
v  -0.3227 -0.1852 0.3972
v  -0.2802 -0.1772 0.4282
v  -0.2802 -0.1852 0.4282
v  -0.2758 -0.1772 0.4215
v  -0.2356 -0.1772 0.4543
v  -0.2319 -0.1772 0.4472
v  -0.2356 -0.1852 0.4543
v  -0.1885 -0.1772 0.4758
v  -0.1885 -0.1852 0.4758
v  -0.1859 -0.1772 0.4682
v  -0.1416 -0.1772 0.4918
v  -0.1397 -0.1772 0.4840
v  -0.1416 -0.1852 0.4918
v  -0.0933 -0.1772 0.5032
v  -0.0933 -0.1852 0.5032
v  -0.0922 -0.1772 0.4953
v  0.0466 -0.1772 0.5096
v  0.0455 -0.1772 0.5017
v  0.0466 -0.1852 0.5096
v  0.0930 -0.1772 0.5032
v  0.0930 -0.1852 0.5032
v  0.0911 -0.1772 0.4955
v  0.0469 -0.1772 -0.5096
v  0.0465 -0.1772 -0.5016
v  0.0469 -0.1852 -0.5096
v  0.0002 -0.1772 -0.5118
v  0.0002 -0.1852 -0.5118
v  0.0005 -0.1772 -0.5038
v  0.1416 -0.1772 -0.4918
v  0.1397 -0.1772 -0.4840
v  0.1416 -0.1852 -0.4918
v  0.0933 -0.1772 -0.5032
v  0.0933 -0.1852 -0.5032
v  0.0922 -0.1772 -0.4953
v  0.2356 -0.1772 -0.4543
v  0.2319 -0.1772 -0.4472
v  0.2356 -0.1852 -0.4543
v  0.1885 -0.1772 -0.4758
v  0.1885 -0.1852 -0.4758
v  0.1859 -0.1772 -0.4682
v  0.3227 -0.1772 -0.3972
v  0.3176 -0.1772 -0.3910
v  0.3227 -0.1852 -0.3972
v  0.2802 -0.1772 -0.4282
v  0.2802 -0.1852 -0.4282
v  0.2758 -0.1772 -0.4215
v  0.3972 -0.1772 -0.3227
v  0.3910 -0.1772 -0.3176
v  0.3972 -0.1852 -0.3227
v  0.3619 -0.1772 -0.3619
v  0.3619 -0.1852 -0.3619
v  0.3562 -0.1772 -0.3562
v  0.4545 -0.1772 -0.2352
v  0.4473 -0.1772 -0.2316
v  0.4545 -0.1852 -0.2352
v  0.4284 -0.1772 -0.2799
v  0.4284 -0.1852 -0.2799
v  0.4217 -0.1772 -0.2755
v  0.4919 -0.1772 -0.1413
v  0.4843 -0.1772 -0.1387
v  0.4919 -0.1852 -0.1413
v  0.4759 -0.1772 -0.1882
v  0.4759 -0.1852 -0.1882
v  0.4686 -0.1772 -0.1849
v  0.5096 -0.1772 -0.0466
v  0.5017 -0.1772 -0.0455
v  0.5096 -0.1852 -0.0466
v  0.5032 -0.1772 -0.0930
v  0.5032 -0.1852 -0.0930
v  0.4955 -0.1772 -0.0911
v  0.5096 -0.1772 0.0469
v  0.5016 -0.1772 0.0465
v  0.5096 -0.1852 0.0469
v  0.5118 -0.1772 0.0000
v  0.5118 -0.1852 0.0000
v  0.5038 -0.1772 0.0004
v  0.4918 -0.1772 0.1416
v  0.4840 -0.1772 0.1397
v  0.4918 -0.1852 0.1416
v  0.5032 -0.1772 0.0933
v  0.5032 -0.1852 0.0933
v  0.4953 -0.1772 0.0922
v  0.4543 -0.1772 0.2356
v  0.4472 -0.1772 0.2319
v  0.4543 -0.1852 0.2356
v  0.4758 -0.1772 0.1885
v  0.4758 -0.1852 0.1885
v  0.4682 -0.1772 0.1859
v  0.3972 -0.1772 0.3227
v  0.3910 -0.1772 0.3176
v  0.3972 -0.1852 0.3227
v  0.4282 -0.1772 0.2802
v  0.4282 -0.1852 0.2802
v  0.4215 -0.1772 0.2758
v  0.3227 -0.1772 0.3972
v  0.3176 -0.1772 0.3910
v  0.3227 -0.1852 0.3972
v  0.3619 -0.1772 0.3619
v  0.3619 -0.1852 0.3619
v  0.3562 -0.1772 0.3562
v  0.2353 -0.1772 0.4545
v  0.2316 -0.1772 0.4473
v  0.2353 -0.1852 0.4545
v  0.2799 -0.1772 0.4284
v  0.2799 -0.1852 0.4284
v  0.2755 -0.1772 0.4217
v  0.1413 -0.1772 0.4919
v  0.1387 -0.1772 0.4843
v  0.1413 -0.1852 0.4919
v  0.1882 -0.1772 0.4759
v  0.1882 -0.1852 0.4759
v  0.1849 -0.1772 0.4686
v  -0.0469 -0.3222 0.5096
v  -0.0469 -0.3142 0.5096
v  -0.0002 -0.3222 0.5118
v  -0.0002 -0.3142 0.5118
v  -0.0466 -0.3222 -0.5096
v  -0.0466 -0.3142 -0.5096
v  -0.0930 -0.3222 -0.5032
v  -0.0930 -0.3142 -0.5032
v  -0.1413 -0.3222 -0.4919
v  -0.1413 -0.3142 -0.4919
v  -0.1882 -0.3222 -0.4759
v  -0.1882 -0.3142 -0.4759
v  -0.2352 -0.3222 -0.4545
v  -0.2352 -0.3142 -0.4545
v  -0.2799 -0.3222 -0.4284
v  -0.2799 -0.3142 -0.4284
v  -0.3227 -0.3222 -0.3972
v  -0.3227 -0.3142 -0.3972
v  -0.3619 -0.3222 -0.3619
v  -0.3619 -0.3142 -0.3619
v  -0.3972 -0.3222 -0.3227
v  -0.3972 -0.3142 -0.3227
v  -0.4282 -0.3222 -0.2802
v  -0.4282 -0.3142 -0.2802
v  -0.4543 -0.3222 -0.2356
v  -0.4543 -0.3142 -0.2356
v  -0.4758 -0.3222 -0.1885
v  -0.4758 -0.3142 -0.1885
v  -0.4918 -0.3222 -0.1416
v  -0.4918 -0.3142 -0.1416
v  -0.5032 -0.3222 -0.0933
v  -0.5032 -0.3142 -0.0933
v  -0.5096 -0.3222 -0.0469
v  -0.5096 -0.3142 -0.0469
v  -0.5118 -0.3222 0.0000
v  -0.5118 -0.3142 -0.0000
v  -0.5096 -0.3222 0.0466
v  -0.5096 -0.3142 0.0466
v  -0.5032 -0.3222 0.0930
v  -0.5032 -0.3142 0.0930
v  -0.4919 -0.3222 0.1413
v  -0.4919 -0.3142 0.1413
v  -0.4759 -0.3222 0.1882
v  -0.4759 -0.3142 0.1882
v  -0.4545 -0.3222 0.2353
v  -0.4545 -0.3142 0.2353
v  -0.4284 -0.3222 0.2799
v  -0.4284 -0.3142 0.2799
v  -0.3972 -0.3222 0.3227
v  -0.3972 -0.3142 0.3227
v  -0.3619 -0.3222 0.3619
v  -0.3619 -0.3142 0.3619
v  -0.3227 -0.3222 0.3972
v  -0.3227 -0.3142 0.3972
v  -0.2802 -0.3222 0.4282
v  -0.2802 -0.3142 0.4282
v  -0.2356 -0.3222 0.4543
v  -0.2356 -0.3142 0.4543
v  -0.1885 -0.3222 0.4758
v  -0.1885 -0.3142 0.4758
v  -0.1416 -0.3222 0.4918
v  -0.1416 -0.3142 0.4918
v  -0.0933 -0.3222 0.5032
v  -0.0933 -0.3142 0.5032
v  0.0466 -0.3222 0.5096
v  0.0466 -0.3142 0.5096
v  0.0930 -0.3222 0.5032
v  0.0930 -0.3142 0.5032
v  0.0469 -0.3222 -0.5096
v  0.0469 -0.3142 -0.5096
v  0.0002 -0.3222 -0.5118
v  0.0002 -0.3142 -0.5118
v  0.1416 -0.3222 -0.4918
v  0.1416 -0.3142 -0.4918
v  0.0933 -0.3222 -0.5032
v  0.0933 -0.3142 -0.5032
v  0.2356 -0.3222 -0.4543
v  0.2356 -0.3142 -0.4543
v  0.1885 -0.3222 -0.4758
v  0.1885 -0.3142 -0.4758
v  0.3227 -0.3222 -0.3972
v  0.3227 -0.3142 -0.3972
v  0.2802 -0.3222 -0.4282
v  0.2802 -0.3142 -0.4282
v  0.3972 -0.3222 -0.3227
v  0.3972 -0.3142 -0.3227
v  0.3619 -0.3222 -0.3619
v  0.3619 -0.3142 -0.3619
v  0.4545 -0.3222 -0.2352
v  0.4545 -0.3142 -0.2352
v  0.4284 -0.3222 -0.2799
v  0.4284 -0.3142 -0.2799
v  0.4919 -0.3222 -0.1413
v  0.4919 -0.3142 -0.1413
v  0.4759 -0.3222 -0.1882
v  0.4759 -0.3142 -0.1882
v  0.5096 -0.3222 -0.0466
v  0.5096 -0.3142 -0.0466
v  0.5032 -0.3222 -0.0930
v  0.5032 -0.3142 -0.0930
v  0.5096 -0.3222 0.0469
v  0.5096 -0.3142 0.0469
v  0.5118 -0.3222 0.0000
v  0.5118 -0.3142 0.0000
v  0.4918 -0.3222 0.1416
v  0.4918 -0.3142 0.1416
v  0.5032 -0.3222 0.0933
v  0.5032 -0.3142 0.0933
v  0.4543 -0.3222 0.2356
v  0.4543 -0.3142 0.2356
v  0.4758 -0.3222 0.1885
v  0.4758 -0.3142 0.1885
v  0.3972 -0.3222 0.3227
v  0.3972 -0.3142 0.3227
v  0.4282 -0.3222 0.2802
v  0.4282 -0.3142 0.2802
v  0.3227 -0.3222 0.3972
v  0.3227 -0.3142 0.3972
v  0.3619 -0.3222 0.3619
v  0.3619 -0.3142 0.3619
v  0.2353 -0.3222 0.4545
v  0.2353 -0.3142 0.4545
v  0.2799 -0.3222 0.4284
v  0.2799 -0.3142 0.4284
v  0.1413 -0.3222 0.4919
v  0.1413 -0.3142 0.4919
v  0.1882 -0.3222 0.4759
v  0.1882 -0.3142 0.4759
v  -0.0480 -0.3318 0.5217
v  -0.0491 -0.3300 0.5294
v  -0.0002 -0.3318 0.5239
v  -0.0005 -0.3300 0.5317
v  -0.0477 -0.3318 -0.5217
v  -0.0481 -0.3300 -0.5295
v  -0.0952 -0.3318 -0.5152
v  -0.0962 -0.3300 -0.5229
v  -0.1446 -0.3318 -0.5035
v  -0.1464 -0.3300 -0.5111
v  -0.1927 -0.3318 -0.4872
v  -0.1952 -0.3300 -0.4946
v  -0.2408 -0.3318 -0.4653
v  -0.2441 -0.3300 -0.4724
v  -0.2865 -0.3318 -0.4386
v  -0.2908 -0.3300 -0.4451
v  -0.3303 -0.3318 -0.4066
v  -0.3352 -0.3300 -0.4127
v  -0.3705 -0.3318 -0.3705
v  -0.3760 -0.3300 -0.3760
v  -0.4066 -0.3318 -0.3303
v  -0.4124 -0.3300 -0.3355
v  -0.4384 -0.3318 -0.2868
v  -0.4447 -0.3300 -0.2914
v  -0.4651 -0.3318 -0.2412
v  -0.4718 -0.3300 -0.2451
v  -0.4871 -0.3318 -0.1930
v  -0.4942 -0.3300 -0.1962
v  -0.5034 -0.3318 -0.1449
v  -0.5108 -0.3300 -0.1474
v  -0.5151 -0.3318 -0.0955
v  -0.5227 -0.3300 -0.0973
v  -0.5217 -0.3318 -0.0480
v  -0.5294 -0.3300 -0.0491
v  -0.5239 -0.3318 0.0000
v  -0.5317 -0.3300 -0.0004
v  -0.5217 -0.3318 0.0477
v  -0.5295 -0.3300 0.0481
v  -0.5152 -0.3318 0.0952
v  -0.5229 -0.3300 0.0962
v  -0.5035 -0.3318 0.1446
v  -0.5111 -0.3300 0.1464
v  -0.4872 -0.3318 0.1927
v  -0.4946 -0.3300 0.1952
v  -0.4653 -0.3318 0.2408
v  -0.4724 -0.3300 0.2441
v  -0.4386 -0.3318 0.2865
v  -0.4451 -0.3300 0.2908
v  -0.4066 -0.3318 0.3303
v  -0.4127 -0.3300 0.3352
v  -0.3705 -0.3318 0.3705
v  -0.3760 -0.3300 0.3760
v  -0.3303 -0.3318 0.4066
v  -0.3355 -0.3300 0.4124
v  -0.2868 -0.3318 0.4384
v  -0.2914 -0.3300 0.4447
v  -0.2412 -0.3318 0.4651
v  -0.2451 -0.3300 0.4718
v  -0.1930 -0.3318 0.4871
v  -0.1962 -0.3300 0.4942
v  -0.1449 -0.3318 0.5034
v  -0.1474 -0.3300 0.5108
v  -0.0955 -0.3318 0.5151
v  -0.0973 -0.3300 0.5227
v  0.0477 -0.3318 0.5217
v  0.0481 -0.3300 0.5295
v  0.0952 -0.3318 0.5152
v  0.0962 -0.3300 0.5229
v  0.0480 -0.3318 -0.5217
v  0.0491 -0.3300 -0.5294
v  0.0002 -0.3318 -0.5239
v  0.0005 -0.3300 -0.5317
v  0.1449 -0.3318 -0.5034
v  0.1474 -0.3300 -0.5108
v  0.0955 -0.3318 -0.5151
v  0.0973 -0.3300 -0.5227
v  0.2412 -0.3318 -0.4651
v  0.2451 -0.3300 -0.4718
v  0.1930 -0.3318 -0.4871
v  0.1963 -0.3300 -0.4942
v  0.3303 -0.3318 -0.4066
v  0.3355 -0.3300 -0.4124
v  0.2868 -0.3318 -0.4384
v  0.2914 -0.3299 -0.4447
v  0.4066 -0.3318 -0.3303
v  0.4127 -0.3299 -0.3352
v  0.3705 -0.3318 -0.3705
v  0.3760 -0.3299 -0.3760
v  0.4653 -0.3318 -0.2408
v  0.4724 -0.3300 -0.2441
v  0.4386 -0.3318 -0.2865
v  0.4451 -0.3299 -0.2908
v  0.5035 -0.3318 -0.1446
v  0.5111 -0.3300 -0.1464
v  0.4872 -0.3318 -0.1927
v  0.4946 -0.3300 -0.1952
v  0.5217 -0.3318 -0.0477
v  0.5295 -0.3300 -0.0481
v  0.5152 -0.3318 -0.0952
v  0.5229 -0.3300 -0.0962
v  0.5217 -0.3318 0.0480
v  0.5294 -0.3300 0.0491
v  0.5239 -0.3318 0.0000
v  0.5317 -0.3300 0.0004
v  0.5034 -0.3318 0.1449
v  0.5108 -0.3300 0.1474
v  0.5151 -0.3318 0.0955
v  0.5227 -0.3300 0.0973
v  0.4651 -0.3318 0.2412
v  0.4718 -0.3300 0.2451
v  0.4871 -0.3318 0.1930
v  0.4942 -0.3300 0.1962
v  0.4066 -0.3318 0.3303
v  0.4124 -0.3300 0.3355
v  0.4384 -0.3318 0.2868
v  0.4447 -0.3299 0.2914
v  0.3303 -0.3318 0.4066
v  0.3352 -0.3299 0.4127
v  0.3705 -0.3318 0.3705
v  0.3760 -0.3299 0.3760
v  0.2408 -0.3318 0.4653
v  0.2441 -0.3300 0.4723
v  0.2865 -0.3318 0.4386
v  0.2908 -0.3299 0.4451
v  0.1446 -0.3318 0.5035
v  0.1464 -0.3300 0.5111
v  0.1927 -0.3318 0.4872
v  0.1952 -0.3300 0.4946
v  0.0000 0.0000 0.0000
v  -0.1811 -4.6141 -0.4576
v  -0.3480 -4.6141 0.3480
v  -0.4921 -4.6141 -0.0000
v  -0.4576 -4.6141 -0.1811
v  -0.3480 -4.6141 -0.3480
v  -0.4576 -4.6141 0.1812
v  -0.1812 -4.6141 0.4576
v  -0.2702 -4.6141 -0.4113
v  -0.2702 -4.6141 0.4113
v  -0.0922 -4.6141 0.4833
v  -0.4113 -4.6141 0.2702
v  -0.4833 -4.6141 0.0922
v  -0.4833 -4.6141 -0.0922
v  -0.4113 -4.6141 -0.2702
v  -0.0922 -4.6141 -0.4833
v  -0.1810 -0.1533 -0.4573
v  -0.2700 -0.1532 -0.4110
v  -0.3478 -0.1533 0.3478
v  -0.2701 -0.1532 0.4111
v  -0.0000 -0.1533 0.4921
v  -0.1811 -0.1533 0.4573
v  -0.0922 -0.1532 0.4832
v  -0.4573 -0.1533 0.1810
v  -0.4110 -0.1532 0.2700
v  -0.4919 -0.1533 -0.0000
v  -0.4831 -0.1532 0.0921
v  -0.4573 -0.1533 -0.1811
v  -0.4832 -0.1532 -0.0922
v  -0.3477 -0.1533 -0.3478
v  -0.4111 -0.1532 -0.2701
v  -0.0921 -0.1532 -0.4831
v  0.1811 -4.6141 -0.4576
v  0.2702 -4.6141 -0.4113
v  0.2701 -0.1532 -0.4111
v  0.1810 -0.1533 -0.4573
v  0.3480 -4.6141 0.3480
v  0.2702 -4.6141 0.4113
v  0.2700 -0.1532 0.4110
v  0.3478 -0.1533 0.3478
v  0.1811 -4.6141 0.4576
v  0.0922 -4.6141 0.4833
v  0.0922 -0.1532 0.4831
v  0.1811 -0.1533 0.4573
v  0.4576 -4.6141 0.1812
v  0.4113 -4.6141 0.2702
v  0.4111 -0.1532 0.2701
v  0.4573 -0.1533 0.1810
v  0.4921 -4.6141 -0.0000
v  0.4833 -4.6141 0.0922
v  0.4832 -0.1532 0.0922
v  0.4919 -0.1533 -0.0000
v  0.4576 -4.6141 -0.1811
v  0.4833 -4.6141 -0.0922
v  0.4830 -0.1532 -0.0922
v  0.4573 -0.1533 -0.1811
v  0.3480 -4.6141 -0.3480
v  0.4113 -4.6141 -0.2702
v  0.4110 -0.1532 -0.2701
v  0.3478 -0.1533 -0.3478
v  -0.0000 -4.6141 -0.4921
v  0.0922 -4.6141 -0.4833
v  0.0922 -0.1532 -0.4832
v  -0.0000 -0.1533 -0.4921
v  -0.0000 -4.6141 0.4921
v  0.1811 -7.8475 -2.1144
v  -0.4576 -7.5781 -2.1766
v  -0.4921 -7.4016 -2.2173
v  -0.4576 -7.2251 -2.2581
v  -0.3480 -7.0626 -2.2956
v  -0.0000 -6.9221 -2.3280
v  0.1811 -6.9558 -2.3203
v  0.3480 -7.0626 -2.2956
v  0.4921 -7.4016 -2.2173
v  0.3480 -7.7407 -2.1391
v  0.4576 -7.5781 -2.1766
v  0.4576 -7.2252 -2.2581
v  -0.1812 -6.9558 -2.3203
v  -0.0000 -7.8811 -2.1066
v  -0.1812 -7.8475 -2.1144
v  -0.3480 -7.7407 -2.1391
v  -0.4113 -7.6649 -2.1565
v  -0.4833 -7.4915 -2.1966
v  -0.4833 -7.3118 -2.2381
v  -0.4113 -7.1384 -2.2782
v  -0.2702 -7.0009 -2.3099
v  0.0922 -7.8725 -2.1085
v  0.0922 -6.9308 -2.3261
v  0.2702 -7.0009 -2.3099
v  0.4833 -7.3118 -2.2381
v  0.4113 -7.6649 -2.1565
v  0.2702 -7.8023 -2.1247
v  0.4833 -7.4915 -2.1966
v  0.4113 -7.1384 -2.2782
v  -0.0922 -7.8725 -2.1085
v  -0.2702 -7.8023 -2.1247
v  -0.0922 -6.9308 -2.3261
v  -0.0000 -7.8264 -1.9023
v  -0.0000 -6.8815 -2.1774
v  0.0963 -6.8909 -2.1747
v  0.1888 -6.9180 -2.1668
v  0.2741 -6.9619 -2.1540
v  0.3489 -7.0208 -2.1368
v  0.4099 -7.0928 -2.1158
v  0.4551 -7.1749 -2.0919
v  0.4829 -7.2637 -2.0661
v  0.4920 -7.3559 -2.0392
v  0.4819 -7.4480 -2.0124
v  0.4535 -7.5364 -1.9867
v  0.4079 -7.6178 -1.9630
v  0.3468 -7.6891 -1.9422
v  0.2722 -7.7473 -1.9253
v  0.1874 -7.7905 -1.9127
v  0.0955 -7.8172 -1.9050
v  -0.0000 -7.7580 -1.6982
v  -0.0000 -6.8331 -2.0340
v  0.0966 -6.8424 -2.0307
v  0.1893 -6.8691 -2.0210
v  0.2748 -6.9122 -2.0053
v  0.3496 -6.9702 -1.9843
v  0.4107 -7.0409 -1.9586
v  0.4557 -7.1215 -1.9293
v  0.4832 -7.2086 -1.8977
v  0.4920 -7.2990 -1.8649
v  0.4816 -7.3891 -1.8322
v  0.4529 -7.4754 -1.8008
v  0.4071 -7.5548 -1.7720
v  0.3459 -7.6243 -1.7468
v  0.2715 -7.6811 -1.7261
v  0.1868 -7.7231 -1.7109
v  0.0952 -7.7490 -1.7015
v  -0.0000 -7.6775 -1.4992
v  0.0967 -6.7853 -1.8902
v  0.1896 -6.8114 -1.8787
v  0.2751 -6.8536 -1.8602
v  0.3500 -6.9102 -1.8354
v  0.4111 -6.9792 -1.8052
v  0.4560 -7.0578 -1.7707
v  0.4834 -7.1428 -1.7335
v  0.4919 -7.2309 -1.6949
v  0.4814 -7.3187 -1.6564
v  0.4526 -7.4027 -1.6196
v  0.4067 -7.4800 -1.5857
v  0.3455 -7.5475 -1.5561
v  0.2711 -7.6028 -1.5319
v  0.1865 -7.6436 -1.5140
v  0.0950 -7.6688 -1.5030
v  0.0969 -6.7191 -1.7538
v  0.1900 -6.7445 -1.7407
v  0.2756 -6.7856 -1.7194
v  0.3505 -6.8407 -1.6909
v  0.4116 -6.9077 -1.6562
v  0.4564 -6.9841 -1.6166
v  0.4836 -7.0666 -1.5739
v  0.4919 -7.1521 -1.5297
v  0.4812 -7.2371 -1.4857
v  0.4522 -7.3185 -1.4435
v  0.4063 -7.3933 -1.4048
v  0.3450 -7.4587 -1.3710
v  0.2707 -7.5121 -1.3433
v  0.1862 -7.5516 -1.3229
v  0.0949 -7.5759 -1.3103
v  -0.0000 -6.6354 -1.6274
v  0.0972 -6.6440 -1.6222
v  0.1905 -6.6687 -1.6073
v  0.2762 -6.7085 -1.5834
v  0.3511 -6.7618 -1.5512
v  0.4122 -6.8267 -1.5121
v  0.4569 -6.9005 -1.4676
v  0.4839 -6.9802 -1.4196
v  0.4918 -7.0627 -1.3699
v  0.4808 -7.1447 -1.3205
v  0.4517 -7.2230 -1.2733
v  0.4055 -7.2949 -1.2299
v  0.3442 -7.3577 -1.1921
v  0.2701 -7.4091 -1.1611
v  0.1857 -7.4469 -1.1384
v  0.0946 -7.4702 -1.1243
v  -0.0000 -7.3608 -0.9396
v  -0.0000 -6.5527 -1.5010
v  0.0973 -6.5610 -1.4953
v  0.1907 -6.5847 -1.4788
v  0.2766 -6.6229 -1.4522
v  0.3515 -6.6742 -1.4166
v  0.4125 -6.7365 -1.3733
v  0.4572 -6.8074 -1.3241
v  0.4840 -6.8839 -1.2709
v  0.4918 -6.9630 -1.2159
v  0.4807 -7.0416 -1.1613
v  0.4514 -7.1166 -1.1092
v  0.4051 -7.1854 -1.0614
v  0.3438 -7.2455 -1.0197
v  0.2697 -7.2947 -0.9855
v  0.1854 -7.3308 -0.9604
v  0.0944 -7.3531 -0.9449
v  -0.0000 -6.4621 -1.3796
v  0.0974 -6.4700 -1.3733
v  0.1908 -6.4926 -1.3554
v  0.2767 -6.5291 -1.3263
v  0.3516 -6.5780 -1.2874
v  0.4126 -6.6374 -1.2401
v  0.4573 -6.7049 -1.1864
v  0.4840 -6.7779 -1.1284
v  0.4918 -6.8532 -1.0684
v  0.4806 -6.9281 -1.0088
v  0.4513 -6.9996 -0.9519
v  0.4051 -7.0652 -0.8998
v  0.3437 -7.1224 -0.8543
v  0.2696 -7.1692 -0.8170
v  0.1854 -7.2036 -0.7896
v  0.0944 -7.2248 -0.7727
v  -0.0000 -6.3637 -1.2645
v  0.0975 -6.3711 -1.2577
v  0.1910 -6.3926 -1.2383
v  0.2769 -6.4272 -1.2069
v  0.3518 -6.4735 -1.1648
v  0.4128 -6.5298 -1.1138
v  0.4575 -6.5938 -1.0557
v  0.4841 -6.6628 -0.9930
v  0.4918 -6.7341 -0.9283
v  0.4805 -6.8050 -0.8640
v  0.4512 -6.8726 -0.8026
v  0.4049 -6.9346 -0.7464
v  0.3435 -6.9887 -0.6973
v  0.2695 -7.0330 -0.6571
v  0.1852 -7.0655 -0.6276
v  0.0943 -7.0855 -0.6094
v  -0.0000 -6.9424 -0.4495
v  0.0976 -6.2652 -1.1493
v  0.1912 -6.2853 -1.1285
v  0.2772 -6.3179 -1.0948
v  0.3521 -6.3615 -1.0497
v  0.4131 -6.4145 -0.9950
v  0.4577 -6.4746 -0.9329
v  0.4842 -6.5395 -0.8658
v  0.4917 -6.6065 -0.7966
v  0.4804 -6.6730 -0.7279
v  0.4508 -6.7365 -0.6623
v  0.4045 -6.7946 -0.6022
v  0.3431 -6.8453 -0.5499
v  0.2691 -6.8867 -0.5070
v  0.1849 -6.9172 -0.4756
v  0.0942 -6.9359 -0.4562
v  -0.0000 -6.7835 -0.3057
v  0.0976 -6.1529 -1.0478
v  0.1913 -6.1717 -1.0257
v  0.2773 -6.2021 -0.9899
v  0.3522 -6.2427 -0.9421
v  0.4132 -6.2920 -0.8840
v  0.4578 -6.3481 -0.8181
v  0.4842 -6.4085 -0.7470
v  0.4917 -6.4709 -0.6735
v  0.4803 -6.5328 -0.6007
v  0.4508 -6.5919 -0.5312
v  0.4043 -6.6459 -0.4675
v  0.3430 -6.6931 -0.4120
v  0.2689 -6.7317 -0.3666
v  0.1848 -6.7600 -0.3333
v  0.0941 -6.7774 -0.3127
v  -0.0000 -6.6160 -0.1720
v  0.0976 -6.0347 -0.9534
v  0.1912 -6.0520 -0.9301
v  0.2771 -6.0800 -0.8926
v  0.3521 -6.1174 -0.8422
v  0.4131 -6.1628 -0.7812
v  0.4577 -6.2144 -0.7118
v  0.4842 -6.2701 -0.6369
v  0.4917 -6.3277 -0.5596
v  0.4804 -6.3847 -0.4829
v  0.4509 -6.4392 -0.4097
v  0.4045 -6.4891 -0.3426
v  0.3432 -6.5326 -0.2841
v  0.2691 -6.5682 -0.2362
v  0.1850 -6.5944 -0.2011
v  0.0942 -6.6105 -0.1794
v  -0.0000 -6.4403 -0.0491
v  -0.0000 -5.9052 -0.8751
v  0.0975 -5.9106 -0.8666
v  0.1910 -5.9264 -0.8423
v  0.2769 -5.9518 -0.8031
v  0.3518 -5.9859 -0.7505
v  0.4129 -6.0272 -0.6867
v  0.4575 -6.0742 -0.6142
v  0.4841 -6.1249 -0.5360
v  0.4917 -6.1773 -0.4551
v  0.4805 -6.2293 -0.3748
v  0.4511 -6.2789 -0.2982
v  0.4048 -6.3244 -0.2280
v  0.3435 -6.3642 -0.1667
v  0.2694 -6.3967 -0.1165
v  0.1852 -6.4205 -0.0797
v  0.0943 -6.4352 -0.0570
v  -0.0000 -6.2562 0.0614
v  0.0975 -5.7807 -0.7885
v  0.1911 -5.7948 -0.7632
v  0.2770 -5.8177 -0.7224
v  0.3519 -5.8483 -0.6677
v  0.4129 -5.8854 -0.6013
v  0.4576 -5.9276 -0.5259
v  0.4842 -5.9732 -0.4445
v  0.4917 -6.0202 -0.3604
v  0.4804 -6.0669 -0.2770
v  0.4510 -6.1115 -0.1973
v  0.4046 -6.1523 -0.1243
v  0.3433 -6.1879 -0.0607
v  0.2692 -6.2171 -0.0086
v  0.1851 -6.2385 0.0297
v  0.0942 -6.2517 0.0533
v  -0.0000 -6.0652 0.1607
v  0.0975 -5.6458 -0.7183
v  0.1910 -5.6583 -0.6921
v  0.2768 -5.6784 -0.6500
v  0.3518 -5.7053 -0.5935
v  0.4128 -5.7381 -0.5249
v  0.4575 -5.7753 -0.4470
v  0.4841 -5.8154 -0.3628
v  0.4918 -5.8569 -0.2759
v  0.4805 -5.8981 -0.1896
v  0.4511 -5.9374 -0.1071
v  0.4048 -5.9735 -0.0316
v  0.3435 -6.0049 0.0343
v  0.2694 -6.0307 0.0882
v  0.1852 -6.0496 0.1278
v  0.0943 -6.0612 0.1523
v  -0.0000 -5.8685 0.2481
v  -0.0000 -5.5031 -0.6657
v  0.0973 -5.5069 -0.6564
v  0.1906 -5.5176 -0.6296
v  0.2764 -5.5348 -0.5864
v  0.3513 -5.5580 -0.5285
v  0.4124 -5.5861 -0.4581
v  0.4571 -5.6182 -0.3780
v  0.4840 -5.6527 -0.2916
v  0.4918 -5.6885 -0.2021
v  0.4808 -5.7240 -0.1133
v  0.4516 -5.7579 -0.0283
v  0.4054 -5.7891 0.0495
v  0.3441 -5.8163 0.1176
v  0.2699 -5.8385 0.1732
v  0.1856 -5.8549 0.2142
v  0.0945 -5.8650 0.2394
v  -0.0000 -5.3614 -0.6135
v  0.0971 -5.3645 -0.6040
v  0.1903 -5.3734 -0.5766
v  0.2760 -5.3878 -0.5325
v  0.3509 -5.4071 -0.4734
v  0.4120 -5.4306 -0.4015
v  0.4568 -5.4573 -0.3196
v  0.4838 -5.4862 -0.2311
v  0.4918 -5.5160 -0.1396
v  0.4809 -5.5457 -0.0486
v  0.4518 -5.5741 0.0384
v  0.4057 -5.6002 0.1183
v  0.3445 -5.6230 0.1880
v  0.2703 -5.6416 0.2451
v  0.1858 -5.6553 0.2872
v  0.0947 -5.6638 0.3131
v  -0.0000 -5.4608 0.3824
v  0.0970 -5.2191 -0.5611
v  0.1901 -5.2263 -0.5333
v  0.2758 -5.2377 -0.4885
v  0.3506 -5.2532 -0.4283
v  0.4118 -5.2719 -0.3551
v  0.4566 -5.2933 -0.2717
v  0.4837 -5.3163 -0.1817
v  0.4919 -5.3402 -0.0884
v  0.4811 -5.3640 0.0043
v  0.4520 -5.3867 0.0930
v  0.4060 -5.4076 0.1745
v  0.3447 -5.4258 0.2457
v  0.2705 -5.4407 0.3039
v  0.1860 -5.4517 0.3468
v  0.0948 -5.4585 0.3733
v  -0.0000 -5.2518 0.4304
v  0.0968 -5.0715 -0.5271
v  0.1897 -5.0768 -0.4991
v  0.2752 -5.0853 -0.4538
v  0.3500 -5.0967 -0.3930
v  0.4111 -5.1107 -0.3189
v  0.4560 -5.1266 -0.2345
v  0.4834 -5.1437 -0.1433
v  0.4919 -5.1615 -0.0488
v  0.4814 -5.1793 0.0454
v  0.4526 -5.1962 0.1355
v  0.4067 -5.2119 0.2184
v  0.3455 -5.2255 0.2909
v  0.2711 -5.2367 0.3502
v  0.1865 -5.2449 0.3940
v  0.0950 -5.2500 0.4210
v  -0.0000 -5.0398 0.4644
v  0.0965 -4.9218 -0.5026
v  0.1892 -4.9252 -0.4744
v  0.2746 -4.9308 -0.4289
v  0.3494 -4.9383 -0.3677
v  0.4105 -4.9474 -0.2931
v  0.4555 -4.9577 -0.2081
v  0.4831 -4.9689 -0.1162
v  0.4920 -4.9806 -0.0207
v  0.4817 -4.9922 0.0744
v  0.4531 -5.0033 0.1656
v  0.4073 -5.0136 0.2496
v  0.3461 -5.0225 0.3230
v  0.2717 -5.0298 0.3831
v  0.1870 -5.0353 0.4275
v  0.0953 -5.0386 0.4550
v  0.0963 -4.7705 -0.4881
v  0.1889 -4.7721 -0.4599
v  0.2741 -4.7747 -0.4143
v  0.3489 -4.7782 -0.3530
v  0.4100 -4.7824 -0.2781
v  0.4551 -4.7873 -0.1928
v  0.4829 -4.7925 -0.1004
v  0.4920 -4.7979 -0.0044
v  0.4819 -4.8033 0.0913
v  0.4535 -4.8085 0.1832
v  0.4078 -4.8133 0.2678
v  0.3467 -4.8174 0.3419
v  0.2722 -4.8208 0.4025
v  0.1873 -4.8234 0.4473
v  0.0955 -4.8249 0.4750
v  -0.0966 -6.8424 -2.0307
v  -0.0963 -6.8909 -2.1747
v  -0.1893 -6.8691 -2.0210
v  -0.1888 -6.9180 -2.1668
v  -0.2748 -6.9122 -2.0053
v  -0.2741 -6.9619 -2.1540
v  -0.3496 -6.9702 -1.9843
v  -0.3489 -7.0208 -2.1368
v  -0.4107 -7.0409 -1.9586
v  -0.4099 -7.0928 -2.1158
v  -0.4557 -7.1215 -1.9293
v  -0.4551 -7.1749 -2.0919
v  -0.4832 -7.2086 -1.8977
v  -0.4829 -7.2637 -2.0661
v  -0.4920 -7.2990 -1.8649
v  -0.4920 -7.3559 -2.0392
v  -0.4816 -7.3891 -1.8322
v  -0.4819 -7.4480 -2.0124
v  -0.4529 -7.4754 -1.8008
v  -0.4535 -7.5364 -1.9867
v  -0.4071 -7.5548 -1.7720
v  -0.4079 -7.6178 -1.9630
v  -0.3459 -7.6243 -1.7468
v  -0.3468 -7.6891 -1.9422
v  -0.2715 -7.6811 -1.7261
v  -0.2722 -7.7473 -1.9253
v  -0.1868 -7.7231 -1.7109
v  -0.1874 -7.7905 -1.9127
v  -0.0952 -7.7490 -1.7015
v  -0.0955 -7.8172 -1.9050
v  -0.0000 -6.7762 -1.8941
v  -0.0967 -6.7853 -1.8902
v  -0.1896 -6.8114 -1.8787
v  -0.2751 -6.8536 -1.8602
v  -0.3500 -6.9102 -1.8354
v  -0.4111 -6.9792 -1.8052
v  -0.4560 -7.0578 -1.7707
v  -0.4834 -7.1428 -1.7335
v  -0.4919 -7.2309 -1.6949
v  -0.4814 -7.3187 -1.6564
v  -0.4526 -7.4027 -1.6196
v  -0.4067 -7.4800 -1.5857
v  -0.3455 -7.5475 -1.5561
v  -0.2711 -7.6028 -1.5319
v  -0.1865 -7.6436 -1.5140
v  -0.0950 -7.6688 -1.5030
v  -0.0000 -6.7102 -1.7584
v  -0.0969 -6.7191 -1.7538
v  -0.1900 -6.7445 -1.7407
v  -0.2756 -6.7856 -1.7194
v  -0.3505 -6.8407 -1.6909
v  -0.4116 -6.9077 -1.6562
v  -0.4564 -6.9841 -1.6166
v  -0.4836 -7.0666 -1.5739
v  -0.4919 -7.1521 -1.5297
v  -0.4812 -7.2371 -1.4857
v  -0.4522 -7.3185 -1.4435
v  -0.4063 -7.3933 -1.4048
v  -0.3450 -7.4587 -1.3710
v  -0.2707 -7.5121 -1.3433
v  -0.1862 -7.5516 -1.3229
v  -0.0949 -7.5759 -1.3103
v  -0.0000 -7.5843 -1.3060
v  -0.0972 -6.6440 -1.6222
v  -0.1905 -6.6687 -1.6073
v  -0.2762 -6.7085 -1.5834
v  -0.3511 -6.7618 -1.5512
v  -0.4122 -6.8267 -1.5121
v  -0.4569 -6.9005 -1.4676
v  -0.4839 -6.9802 -1.4196
v  -0.4918 -7.0627 -1.3699
v  -0.4808 -7.1447 -1.3205
v  -0.4517 -7.2230 -1.2733
v  -0.4055 -7.2949 -1.2299
v  -0.3442 -7.3577 -1.1921
v  -0.2701 -7.4091 -1.1611
v  -0.1857 -7.4469 -1.1384
v  -0.0946 -7.4702 -1.1243
v  -0.0000 -7.4782 -1.1195
v  -0.0973 -6.5610 -1.4953
v  -0.1907 -6.5847 -1.4788
v  -0.2766 -6.6229 -1.4522
v  -0.3515 -6.6742 -1.4166
v  -0.4125 -6.7365 -1.3733
v  -0.4572 -6.8074 -1.3241
v  -0.4840 -6.8839 -1.2709
v  -0.4918 -6.9630 -1.2159
v  -0.4807 -7.0416 -1.1613
v  -0.4514 -7.1166 -1.1092
v  -0.4051 -7.1854 -1.0614
v  -0.3438 -7.2455 -1.0197
v  -0.2697 -7.2947 -0.9855
v  -0.1854 -7.3308 -0.9604
v  -0.0944 -7.3531 -0.9449
v  -0.0974 -6.4700 -1.3733
v  -0.1908 -6.4926 -1.3554
v  -0.2767 -6.5291 -1.3263
v  -0.3516 -6.5780 -1.2874
v  -0.4126 -6.6374 -1.2401
v  -0.4573 -6.7049 -1.1864
v  -0.4841 -6.7779 -1.1284
v  -0.4918 -6.8532 -1.0684
v  -0.4806 -6.9281 -1.0088
v  -0.4513 -6.9996 -0.9519
v  -0.4051 -7.0652 -0.8998
v  -0.3437 -7.1224 -0.8543
v  -0.2696 -7.1692 -0.8170
v  -0.1854 -7.2036 -0.7896
v  -0.0944 -7.2248 -0.7727
v  -0.0000 -7.2322 -0.7669
v  -0.0975 -6.3711 -1.2577
v  -0.1910 -6.3926 -1.2383
v  -0.2769 -6.4272 -1.2069
v  -0.3518 -6.4735 -1.1648
v  -0.4128 -6.5298 -1.1138
v  -0.4575 -6.5938 -1.0557
v  -0.4841 -6.6628 -0.9930
v  -0.4918 -6.7341 -0.9283
v  -0.4805 -6.8050 -0.8640
v  -0.4512 -6.8726 -0.8026
v  -0.4049 -6.9346 -0.7464
v  -0.3436 -6.9887 -0.6973
v  -0.2695 -7.0330 -0.6571
v  -0.1852 -7.0655 -0.6276
v  -0.0943 -7.0855 -0.6094
v  -0.0000 -7.0925 -0.6031
v  -0.0000 -6.2581 -1.1566
v  -0.0976 -6.2652 -1.1493
v  -0.1912 -6.2853 -1.1285
v  -0.2772 -6.3179 -1.0948
v  -0.3521 -6.3615 -1.0497
v  -0.4131 -6.4145 -0.9950
v  -0.4577 -6.4746 -0.9329
v  -0.4842 -6.5395 -0.8658
v  -0.4917 -6.6065 -0.7966
v  -0.4804 -6.6730 -0.7279
v  -0.4508 -6.7365 -0.6623
v  -0.4045 -6.7946 -0.6022
v  -0.3431 -6.8453 -0.5499
v  -0.2691 -6.8867 -0.5070
v  -0.1849 -6.9172 -0.4756
v  -0.0942 -6.9359 -0.4562
v  -0.0000 -6.1464 -1.0555
v  -0.0976 -6.1529 -1.0478
v  -0.1913 -6.1717 -1.0257
v  -0.2773 -6.2021 -0.9899
v  -0.3522 -6.2427 -0.9421
v  -0.4132 -6.2920 -0.8840
v  -0.4578 -6.3481 -0.8181
v  -0.4842 -6.4085 -0.7470
v  -0.4917 -6.4709 -0.6735
v  -0.4803 -6.5328 -0.6007
v  -0.4508 -6.5919 -0.5312
v  -0.4043 -6.6459 -0.4675
v  -0.3430 -6.6931 -0.4120
v  -0.2689 -6.7317 -0.3666
v  -0.1848 -6.7600 -0.3333
v  -0.0941 -6.7774 -0.3127
v  -0.0000 -6.0287 -0.9615
v  -0.0976 -6.0347 -0.9534
v  -0.1912 -6.0520 -0.9301
v  -0.2772 -6.0800 -0.8926
v  -0.3521 -6.1174 -0.8422
v  -0.4131 -6.1628 -0.7812
v  -0.4577 -6.2144 -0.7118
v  -0.4842 -6.2701 -0.6369
v  -0.4917 -6.3277 -0.5596
v  -0.4804 -6.3847 -0.4829
v  -0.4509 -6.4392 -0.4097
v  -0.4045 -6.4891 -0.3426
v  -0.3432 -6.5326 -0.2841
v  -0.2691 -6.5682 -0.2362
v  -0.1850 -6.5944 -0.2011
v  -0.0942 -6.6105 -0.1794
v  -0.0975 -5.9106 -0.8666
v  -0.1910 -5.9264 -0.8423
v  -0.2769 -5.9518 -0.8031
v  -0.3518 -5.9859 -0.7505
v  -0.4129 -6.0272 -0.6867
v  -0.4575 -6.0742 -0.6142
v  -0.4841 -6.1249 -0.5360
v  -0.4918 -6.1773 -0.4551
v  -0.4805 -6.2293 -0.3748
v  -0.4511 -6.2789 -0.2982
v  -0.4048 -6.3244 -0.2280
v  -0.3435 -6.3642 -0.1667
v  -0.2694 -6.3967 -0.1165
v  -0.1852 -6.4205 -0.0797
v  -0.0943 -6.4352 -0.0570
v  -0.0000 -5.7758 -0.7973
v  -0.0975 -5.7807 -0.7885
v  -0.1911 -5.7948 -0.7632
v  -0.2770 -5.8177 -0.7224
v  -0.3519 -5.8483 -0.6677
v  -0.4130 -5.8854 -0.6013
v  -0.4576 -5.9276 -0.5259
v  -0.4842 -5.9732 -0.4445
v  -0.4917 -6.0202 -0.3604
v  -0.4804 -6.0669 -0.2770
v  -0.4510 -6.1115 -0.1973
v  -0.4046 -6.1523 -0.1243
v  -0.3433 -6.1879 -0.0607
v  -0.2692 -6.2171 -0.0086
v  -0.1851 -6.2385 0.0297
v  -0.0942 -6.2517 0.0533
v  -0.0000 -5.6415 -0.7273
v  -0.0975 -5.6458 -0.7183
v  -0.1910 -5.6583 -0.6921
v  -0.2768 -5.6784 -0.6500
v  -0.3518 -5.7053 -0.5935
v  -0.4128 -5.7381 -0.5249
v  -0.4575 -5.7753 -0.4470
v  -0.4841 -5.8154 -0.3628
v  -0.4918 -5.8569 -0.2759
v  -0.4805 -5.8981 -0.1896
v  -0.4511 -5.9374 -0.1071
v  -0.4048 -5.9735 -0.0316
v  -0.3435 -6.0049 0.0343
v  -0.2694 -6.0307 0.0882
v  -0.1852 -6.0496 0.1278
v  -0.0943 -6.0612 0.1523
v  -0.0973 -5.5069 -0.6564
v  -0.1906 -5.5176 -0.6296
v  -0.2764 -5.5348 -0.5864
v  -0.3513 -5.5580 -0.5285
v  -0.4124 -5.5861 -0.4581
v  -0.4571 -5.6182 -0.3780
v  -0.4840 -5.6527 -0.2916
v  -0.4918 -5.6885 -0.2021
v  -0.4808 -5.7240 -0.1133
v  -0.4516 -5.7579 -0.0283
v  -0.4054 -5.7891 0.0495
v  -0.3441 -5.8163 0.1176
v  -0.2699 -5.8385 0.1732
v  -0.1856 -5.8549 0.2142
v  -0.0945 -5.8650 0.2394
v  -0.0971 -5.3645 -0.6040
v  -0.1903 -5.3734 -0.5766
v  -0.2760 -5.3878 -0.5325
v  -0.3509 -5.4071 -0.4734
v  -0.4120 -5.4306 -0.4015
v  -0.4568 -5.4573 -0.3196
v  -0.4838 -5.4862 -0.2311
v  -0.4918 -5.5160 -0.1396
v  -0.4809 -5.5457 -0.0486
v  -0.4518 -5.5741 0.0384
v  -0.4057 -5.6002 0.1183
v  -0.3445 -5.6230 0.1880
v  -0.2703 -5.6416 0.2451
v  -0.1858 -5.6553 0.2872
v  -0.0947 -5.6638 0.3131
v  -0.0000 -5.6667 0.3220
v  -0.0000 -5.2167 -0.5708
v  -0.0970 -5.2191 -0.5611
v  -0.1901 -5.2263 -0.5333
v  -0.2758 -5.2377 -0.4885
v  -0.3507 -5.2532 -0.4283
v  -0.4118 -5.2719 -0.3551
v  -0.4566 -5.2933 -0.2717
v  -0.4837 -5.3163 -0.1817
v  -0.4919 -5.3402 -0.0884
v  -0.4811 -5.3640 0.0043
v  -0.4520 -5.3867 0.0930
v  -0.4060 -5.4076 0.1745
v  -0.3447 -5.4258 0.2457
v  -0.2705 -5.4407 0.3039
v  -0.1860 -5.4517 0.3468
v  -0.0948 -5.4585 0.3733
v  -0.0000 -5.0697 -0.5368
v  -0.0968 -5.0715 -0.5271
v  -0.1897 -5.0768 -0.4991
v  -0.2752 -5.0853 -0.4538
v  -0.3500 -5.0967 -0.3930
v  -0.4111 -5.1107 -0.3189
v  -0.4561 -5.1266 -0.2345
v  -0.4834 -5.1437 -0.1433
v  -0.4919 -5.1615 -0.0488
v  -0.4814 -5.1793 0.0454
v  -0.4526 -5.1962 0.1355
v  -0.4067 -5.2119 0.2184
v  -0.3455 -5.2255 0.2909
v  -0.2711 -5.2367 0.3502
v  -0.1865 -5.2449 0.3940
v  -0.0950 -5.2500 0.4210
v  -0.0000 -4.9206 -0.5123
v  -0.0965 -4.9218 -0.5026
v  -0.1892 -4.9252 -0.4744
v  -0.2746 -4.9308 -0.4289
v  -0.3494 -4.9383 -0.3677
v  -0.4105 -4.9474 -0.2931
v  -0.4555 -4.9577 -0.2081
v  -0.4831 -4.9689 -0.1162
v  -0.4920 -4.9806 -0.0207
v  -0.4817 -4.9922 0.0744
v  -0.4531 -5.0033 0.1656
v  -0.4073 -5.0136 0.2496
v  -0.3461 -5.0225 0.3230
v  -0.2717 -5.0298 0.3831
v  -0.1870 -5.0353 0.4275
v  -0.0953 -5.0386 0.4550
v  -0.0000 -4.7700 -0.4979
v  -0.0963 -4.7705 -0.4881
v  -0.1889 -4.7721 -0.4599
v  -0.2741 -4.7747 -0.4143
v  -0.3489 -4.7782 -0.3530
v  -0.4100 -4.7824 -0.2781
v  -0.4552 -4.7873 -0.1928
v  -0.4829 -4.7925 -0.1004
v  -0.4920 -4.7979 -0.0044
v  -0.4819 -4.8033 0.0913
v  -0.4535 -4.8085 0.1832
v  -0.4078 -4.8133 0.2678
v  -0.3467 -4.8174 0.3419
v  -0.2722 -4.8208 0.4025
v  -0.1873 -4.8234 0.4473
v  -0.0955 -4.8249 0.4750
v  -0.0000 -4.8255 0.4846
v  -0.4114 -7.9440 -3.3665
v  -0.3478 -8.0202 -3.3489
v  -0.4832 -7.5909 -3.4483
v  -0.4921 -7.6806 -3.4273
v  -0.4575 -7.5042 -3.4679
v  -0.3478 -7.3417 -3.5053
v  -0.0923 -7.2101 -3.5359
v  -0.1812 -7.2351 -3.5301
v  0.0927 -7.2102 -3.5360
v  -0.0000 -7.2015 -3.5382
v  0.3482 -7.3422 -3.5056
v  0.4831 -7.5904 -3.4482
v  0.4921 -7.6802 -3.4269
v  0.4114 -7.9441 -3.3666
v  0.1813 -8.1267 -3.3242
v  -0.0923 -8.1518 -3.3185
v  -0.2703 -8.0816 -3.3346
v  -0.4726 -7.8143 -3.3962
v  -0.4898 -7.6356 -3.4379
v  -0.4366 -7.4599 -3.4783
v  -0.3105 -7.3089 -3.5130
v  0.2271 -7.2556 -3.5253
v  0.3817 -7.3784 -3.4972
v  0.4899 -7.7255 -3.4162
v  0.4368 -7.9018 -3.3762
v  0.3107 -8.0527 -3.3411
v  0.1373 -8.1413 -3.3206
v  -0.0463 -8.1583 -3.3172
v  -0.2271 -8.1063 -3.3289
v  -0.4368 -7.9019 -3.3763
v  -0.4899 -7.7255 -3.4166
v  -0.4724 -7.5470 -3.4582
v  -0.3816 -7.3782 -3.4971
v  -0.2267 -7.2554 -3.5255
v  0.1377 -7.2207 -3.5335
v  0.3109 -7.3093 -3.5130
v  0.4726 -7.8143 -3.3958
v  0.2269 -8.1063 -3.3287
v  -0.1375 -8.1412 -3.3209
v  -0.3106 -8.0528 -3.3413
v  -0.2268 -4.6141 -0.4367
v  -0.2267 -0.1532 -0.4364
v  -0.3107 -4.6141 0.3816
v  -0.3106 -0.1532 0.3814
v  -0.1373 -4.6141 0.4725
v  -0.1373 -0.1532 0.4724
v  -0.4367 -4.6141 0.2268
v  -0.4364 -0.1532 0.2267
v  -0.4898 -4.6141 0.0463
v  -0.4896 -0.1532 0.0463
v  -0.4724 -4.6141 -0.1372
v  -0.4724 -0.1532 -0.1373
v  -0.3816 -4.6141 -0.3107
v  -0.3814 -0.1532 -0.3106
v  -0.0463 -4.6141 -0.4898
v  -0.0463 -0.1532 -0.4896
v  -0.3107 -4.6141 -0.3816
v  -0.3105 -0.1532 -0.3814
v  -0.2268 -4.6141 0.4367
v  -0.2268 -0.1532 0.4365
v  -0.0463 -4.6141 0.4898
v  -0.0463 -0.1532 0.4898
v  -0.3816 -4.6141 0.3107
v  -0.3814 -0.1532 0.3105
v  -0.4725 -4.6141 0.1373
v  -0.4723 -0.1532 0.1372
v  -0.4898 -4.6141 -0.0463
v  -0.4898 -0.1532 -0.0463
v  -0.4367 -4.6141 -0.2268
v  -0.4365 -0.1532 -0.2268
v  -0.1373 -4.6141 -0.4725
v  -0.1372 -0.1532 -0.4723
v  0.2268 -4.6141 -0.4367
v  0.2267 -0.1532 -0.4365
v  0.3107 -4.6141 0.3816
v  0.3105 -0.1532 0.3814
v  0.1372 -4.6141 0.4724
v  0.1372 -0.1532 0.4722
v  0.4367 -4.6141 0.2268
v  0.4365 -0.1532 0.2267
v  0.4898 -4.6141 0.0463
v  0.4898 -0.1532 0.0463
v  0.4725 -4.6141 -0.1373
v  0.4722 -0.1532 -0.1372
v  0.3816 -4.6141 -0.3107
v  0.3814 -0.1532 -0.3105
v  0.0463 -4.6141 -0.4898
v  0.0463 -0.1532 -0.4898
v  0.3107 -4.6141 -0.3816
v  0.3105 -0.1532 -0.3814
v  0.2267 -4.6141 0.4365
v  0.2267 -0.1532 0.4364
v  0.0463 -4.6141 0.4898
v  0.0463 -0.1532 0.4896
v  0.3816 -4.6141 0.3107
v  0.3814 -0.1532 0.3105
v  0.4725 -4.6141 0.1373
v  0.4724 -0.1532 0.1372
v  0.4898 -4.6141 -0.0463
v  0.4896 -0.1532 -0.0463
v  0.4367 -4.6141 -0.2268
v  0.4364 -0.1532 -0.2267
v  0.1373 -4.6141 -0.4725
v  0.1372 -0.1532 -0.4724
v  -0.4367 -7.6226 -2.1663
v  -0.4899 -7.4467 -2.2069
v  -0.4725 -7.2679 -2.2482
v  -0.3816 -7.0989 -2.2872
v  -0.2268 -6.9762 -2.3156
v  -0.0463 -6.9243 -2.3276
v  0.1373 -6.9413 -2.3237
v  0.3107 -7.0298 -2.3032
v  0.4367 -7.1807 -2.2684
v  0.4898 -7.3565 -2.2278
v  0.4725 -7.5354 -2.1864
v  0.3816 -7.7044 -2.1474
v  0.2268 -7.8271 -2.1191
v  0.0463 -7.8789 -2.1071
v  -0.1373 -7.8620 -2.1110
v  -0.3107 -7.7734 -2.1314
v  -0.3816 -7.7044 -2.1474
v  -0.4725 -7.5354 -2.1864
v  -0.4898 -7.3565 -2.2278
v  -0.4367 -7.1806 -2.2684
v  -0.3107 -7.0298 -2.3032
v  -0.1373 -6.9413 -2.3237
v  0.0463 -6.9244 -2.3276
v  0.2269 -6.9762 -2.3156
v  0.3816 -7.0989 -2.2872
v  0.4725 -7.2679 -2.2482
v  0.4898 -7.4468 -2.2069
v  0.4367 -7.6227 -2.1663
v  0.3107 -7.7734 -2.1314
v  0.1373 -7.8620 -2.1110
v  -0.0463 -7.8789 -2.1071
v  -0.2268 -7.8271 -2.1191
v  0.0484 -6.8839 -2.1767
v  0.1433 -6.9023 -2.1714
v  0.2326 -6.9379 -2.1610
v  0.3130 -6.9896 -2.1459
v  0.3813 -7.0553 -2.1268
v  0.4346 -7.1328 -2.1042
v  0.4712 -7.2186 -2.0792
v  0.4899 -7.3096 -2.0527
v  0.4893 -7.4022 -2.0257
v  0.4700 -7.4929 -1.9993
v  0.4328 -7.5781 -1.9745
v  0.3791 -7.6548 -1.9522
v  0.3110 -7.7200 -1.9332
v  0.2309 -7.7709 -1.9184
v  0.1421 -7.8060 -1.9082
v  0.0480 -7.8240 -1.9030
v  0.0485 -6.8355 -2.0332
v  0.1437 -6.8536 -2.0266
v  0.2332 -6.8887 -2.0139
v  0.3137 -6.9395 -1.9954
v  0.3821 -7.0041 -1.9720
v  0.4353 -7.0801 -1.9443
v  0.4717 -7.1644 -1.9137
v  0.4901 -7.2536 -1.8814
v  0.4891 -7.3442 -1.8484
v  0.4695 -7.4329 -1.8163
v  0.4320 -7.5161 -1.7860
v  0.3783 -7.5909 -1.7589
v  0.3103 -7.6545 -1.7358
v  0.2302 -7.7040 -1.7178
v  0.1417 -7.7381 -1.7054
v  0.0478 -7.7556 -1.6991
v  0.0486 -6.7786 -1.8931
v  0.1439 -6.7963 -1.8854
v  0.2335 -6.8306 -1.8703
v  0.3141 -6.8802 -1.8486
v  0.3824 -6.9433 -1.8209
v  0.4356 -7.0175 -1.7884
v  0.4720 -7.0997 -1.7524
v  0.4901 -7.1867 -1.7143
v  0.4890 -7.2750 -1.6755
v  0.4692 -7.3614 -1.6377
v  0.4317 -7.4424 -1.6022
v  0.3777 -7.5150 -1.5704
v  0.3097 -7.5767 -1.5433
v  0.2298 -7.6249 -1.5222
v  0.1414 -7.6580 -1.5077
v  0.0477 -7.6752 -1.5002
v  0.0487 -6.7125 -1.7572
v  0.1442 -6.7297 -1.7483
v  0.2340 -6.7632 -1.7310
v  0.3146 -6.8115 -1.7060
v  0.3829 -6.8729 -1.6742
v  0.4361 -6.9449 -1.6369
v  0.4723 -7.0248 -1.5956
v  0.4902 -7.1092 -1.5519
v  0.4888 -7.1948 -1.5076
v  0.4689 -7.2785 -1.4643
v  0.4313 -7.3569 -1.4237
v  0.3774 -7.4273 -1.3872
v  0.3094 -7.4871 -1.3563
v  0.2295 -7.5335 -1.3323
v  0.1411 -7.5655 -1.3157
v  0.0476 -7.5820 -1.3072
v  0.0488 -6.6377 -1.6260
v  0.1445 -6.6544 -1.6159
v  0.2345 -6.6867 -1.5964
v  0.3152 -6.7336 -1.5682
v  0.3835 -6.7930 -1.5324
v  0.4367 -6.8626 -1.4904
v  0.4727 -6.9398 -1.4439
v  0.4903 -7.0213 -1.3948
v  0.4887 -7.1039 -1.3450
v  0.4685 -7.1845 -1.2965
v  0.4306 -7.2599 -1.2510
v  0.3767 -7.3276 -1.2103
v  0.3086 -7.3850 -1.1757
v  0.2289 -7.4296 -1.1487
v  0.1407 -7.4602 -1.1303
v  0.0475 -7.4760 -1.1208
v  0.0489 -6.5549 -1.4995
v  0.1447 -6.5709 -1.4884
v  0.2348 -6.6020 -1.4667
v  0.3156 -6.6470 -1.4355
v  0.3839 -6.7041 -1.3958
v  0.4370 -6.7710 -1.3493
v  0.4729 -6.8451 -1.2979
v  0.4903 -6.9233 -1.2435
v  0.4885 -7.0025 -1.1885
v  0.4682 -7.0797 -1.1349
v  0.4303 -7.1520 -1.0847
v  0.3762 -7.2167 -1.0397
v  0.3082 -7.2716 -1.0015
v  0.2285 -7.3143 -0.9719
v  0.1405 -7.3435 -0.9515
v  0.0474 -7.3586 -0.9411
v  0.0489 -6.4642 -1.3780
v  0.1448 -6.4795 -1.3658
v  0.2349 -6.5092 -1.3422
v  0.3157 -6.5521 -1.3080
v  0.3840 -6.6065 -1.2647
v  0.4371 -6.6703 -1.2140
v  0.4730 -6.7409 -1.1578
v  0.4903 -6.8154 -1.0985
v  0.4885 -6.8909 -1.0384
v  0.4682 -6.9644 -0.9799
v  0.4302 -7.0333 -0.9252
v  0.3762 -7.0949 -0.8761
v  0.3080 -7.1471 -0.8346
v  0.2285 -7.1879 -0.8021
v  0.1405 -7.2158 -0.7800
v  0.0474 -7.2301 -0.7685
v  0.0490 -6.3656 -1.2627
v  0.1449 -6.3801 -1.2496
v  0.2351 -6.4083 -1.2240
v  0.3159 -6.4490 -1.1871
v  0.3842 -6.5005 -1.1403
v  0.4373 -6.5609 -1.0855
v  0.4731 -6.6278 -1.0248
v  0.4903 -6.6983 -0.9608
v  0.4885 -6.7698 -0.8960
v  0.4681 -6.8393 -0.8328
v  0.4299 -6.9044 -0.7738
v  0.3758 -6.9626 -0.7209
v  0.3079 -7.0121 -0.6761
v  0.2283 -7.0506 -0.6411
v  0.1404 -7.0770 -0.6172
v  0.0474 -7.0905 -0.6048
v  0.0490 -6.2600 -1.1547
v  0.1451 -6.2736 -1.1406
v  0.2354 -6.3001 -1.1132
v  0.3162 -6.3384 -1.0736
v  0.3845 -6.3870 -1.0235
v  0.4376 -6.4438 -0.9647
v  0.4733 -6.5066 -0.8998
v  0.4901 -6.5729 -0.8313
v  0.4882 -6.6400 -0.7620
v  0.4676 -6.7052 -0.6946
v  0.4295 -6.7662 -0.6315
v  0.3754 -6.8209 -0.5751
v  0.3074 -6.8672 -0.5273
v  0.2280 -6.9033 -0.4899
v  0.1401 -6.9279 -0.4645
v  0.0473 -6.9406 -0.4513
v  0.0491 -6.1481 -1.0535
v  0.1452 -6.1608 -1.0385
v  0.2354 -6.1855 -1.0094
v  0.3163 -6.2212 -0.9674
v  0.3846 -6.2664 -0.9142
v  0.4377 -6.3193 -0.8519
v  0.4733 -6.3779 -0.7830
v  0.4901 -6.4396 -0.7104
v  0.4881 -6.5020 -0.6369
v  0.4675 -6.5628 -0.5654
v  0.4294 -6.6196 -0.4986
v  0.3752 -6.6704 -0.4388
v  0.3073 -6.7134 -0.3881
v  0.2279 -6.7470 -0.3485
v  0.1401 -6.7700 -0.3215
v  0.0473 -6.7819 -0.3075
v  0.0490 -6.0302 -0.9594
v  0.1451 -6.0420 -0.9436
v  0.2353 -6.0647 -0.9130
v  0.3162 -6.0976 -0.8689
v  0.3845 -6.1392 -0.8129
v  0.4375 -6.1880 -0.7474
v  0.4733 -6.2419 -0.6749
v  0.4903 -6.2988 -0.5984
v  0.4884 -6.3564 -0.5210
v  0.4677 -6.4124 -0.4458
v  0.4296 -6.4648 -0.3753
v  0.3754 -6.5117 -0.3123
v  0.3075 -6.5514 -0.2588
v  0.2280 -6.5824 -0.2172
v  0.1402 -6.6036 -0.1887
v  0.0473 -6.6146 -0.1739
v  0.0490 -5.9066 -0.8729
v  0.1450 -5.9173 -0.8564
v  0.2351 -5.9379 -0.8245
v  0.3159 -5.9678 -0.7784
v  0.3842 -6.0057 -0.7199
v  0.4373 -6.0501 -0.6514
v  0.4732 -6.0992 -0.5757
v  0.4903 -6.1510 -0.4957
v  0.4885 -6.2034 -0.4147
v  0.4680 -6.2545 -0.3359
v  0.4298 -6.3023 -0.2622
v  0.3757 -6.3450 -0.1962
v  0.3078 -6.3813 -0.1402
v  0.2283 -6.4096 -0.0965
v  0.1403 -6.4290 -0.0667
v  0.0474 -6.4389 -0.0513
v  0.0490 -5.7771 -0.7950
v  0.1450 -5.7866 -0.7779
v  0.2352 -5.8052 -0.7447
v  0.3160 -5.8321 -0.6967
v  0.3843 -5.8661 -0.6358
v  0.4374 -5.9060 -0.5646
v  0.4732 -5.9501 -0.4858
v  0.4903 -5.9966 -0.4026
v  0.4884 -6.0437 -0.3184
v  0.4679 -6.0895 -0.2365
v  0.4297 -6.1324 -0.1599
v  0.3756 -6.1708 -0.0913
v  0.3076 -6.2033 -0.0332
v  0.2281 -6.2287 0.0122
v  0.1402 -6.2460 0.0432
v  0.0473 -6.2550 0.0592
v  0.0490 -5.6426 -0.7250
v  0.1449 -5.6510 -0.7073
v  0.2351 -5.6674 -0.6730
v  0.3159 -5.6911 -0.6234
v  0.3842 -5.7210 -0.5606
v  0.4373 -5.7562 -0.4870
v  0.4731 -5.7951 -0.4055
v  0.4903 -5.8361 -0.3195
v  0.4885 -5.8776 -0.2325
v  0.4681 -5.9181 -0.1477
v  0.4298 -5.9559 -0.0685
v  0.3758 -5.9898 0.0026
v  0.3078 -6.0185 0.0628
v  0.2283 -6.0409 0.1097
v  0.1403 -6.0562 0.1418
v  0.0474 -6.0641 0.1584
v  0.0489 -5.5041 -0.6633
v  0.1447 -5.5114 -0.6452
v  0.2347 -5.5254 -0.6100
v  0.3154 -5.5457 -0.5592
v  0.3837 -5.5715 -0.4947
v  0.4369 -5.6017 -0.4191
v  0.4728 -5.6352 -0.3354
v  0.4903 -5.6705 -0.2470
v  0.4884 -5.7063 -0.1575
v  0.4682 -5.7412 -0.0702
v  0.4303 -5.7739 0.0115
v  0.3763 -5.8032 0.0848
v  0.3084 -5.8280 0.1469
v  0.2288 -5.8474 0.1954
v  0.1407 -5.8607 0.2286
v  0.0475 -5.8675 0.2457
v  0.0488 -5.3622 -0.6110
v  0.1444 -5.3683 -0.5925
v  0.2343 -5.3800 -0.5566
v  0.3150 -5.3969 -0.5047
v  0.3833 -5.4184 -0.4389
v  0.4365 -5.4436 -0.3616
v  0.4726 -5.4715 -0.2760
v  0.4900 -5.5011 -0.1855
v  0.4885 -5.5310 -0.0939
v  0.4684 -5.5601 -0.0045
v  0.4306 -5.5875 0.0793
v  0.3767 -5.6120 0.1544
v  0.3087 -5.6328 0.2182
v  0.2290 -5.6490 0.2679
v  0.1408 -5.6602 0.3020
v  0.0475 -5.6659 0.3196
v  0.0487 -5.2173 -0.5682
v  0.1443 -5.2221 -0.5494
v  0.2341 -5.2315 -0.5130
v  0.3147 -5.2450 -0.4602
v  0.3831 -5.2622 -0.3932
v  0.4363 -5.2823 -0.3145
v  0.4724 -5.3046 -0.2274
v  0.4902 -5.3282 -0.1353
v  0.4888 -5.3522 -0.0418
v  0.4688 -5.3755 0.0493
v  0.4311 -5.3974 0.1348
v  0.3770 -5.4170 0.2114
v  0.3090 -5.4337 0.2764
v  0.2292 -5.4467 0.3272
v  0.1410 -5.4556 0.3620
v  0.0476 -5.4602 0.3799
v  0.0486 -5.0701 -0.5343
v  0.1439 -5.0737 -0.5153
v  0.2336 -5.0806 -0.4785
v  0.3141 -5.0907 -0.4252
v  0.3825 -5.1034 -0.3575
v  0.4357 -5.1184 -0.2778
v  0.4720 -5.1350 -0.1896
v  0.4902 -5.1526 -0.0963
v  0.4890 -5.1705 -0.0015
v  0.4692 -5.1879 0.0911
v  0.4317 -5.2043 0.1781
v  0.3779 -5.2190 0.2561
v  0.3099 -5.2314 0.3224
v  0.2299 -5.2412 0.3741
v  0.1414 -5.2479 0.4097
v  0.0477 -5.2513 0.4279
v  0.0485 -4.9209 -0.5098
v  0.1436 -4.9232 -0.4907
v  0.2330 -4.9278 -0.4537
v  0.3135 -4.9343 -0.4001
v  0.3819 -4.9426 -0.3320
v  0.4351 -4.9524 -0.2517
v  0.4716 -4.9632 -0.1628
v  0.4900 -4.9747 -0.0687
v  0.4891 -4.9864 0.0271
v  0.4696 -4.9978 0.1207
v  0.4322 -5.0086 0.2087
v  0.3785 -5.0182 0.2878
v  0.3105 -5.0264 0.3550
v  0.2304 -5.0328 0.4073
v  0.1418 -5.0372 0.4434
v  0.0479 -5.0395 0.4620
v  0.0484 -4.7701 -0.4953
v  0.1433 -4.7712 -0.4762
v  0.2326 -4.7733 -0.4392
v  0.3130 -4.7763 -0.3854
v  0.3813 -4.7802 -0.3171
v  0.4346 -4.7848 -0.2365
v  0.4713 -4.7898 -0.1473
v  0.4899 -4.7952 -0.0526
v  0.4893 -4.8006 0.0437
v  0.4699 -4.8059 0.1379
v  0.4327 -4.8109 0.2266
v  0.3791 -4.8154 0.3063
v  0.3110 -4.8192 0.3741
v  0.2308 -4.8222 0.4269
v  0.1421 -4.8243 0.4634
v  0.0480 -4.8253 0.4821
v  -0.0485 -6.8355 -2.0332
v  -0.0484 -6.8839 -2.1767
v  -0.1437 -6.8536 -2.0266
v  -0.1433 -6.9023 -2.1714
v  -0.2332 -6.8887 -2.0139
v  -0.2326 -6.9379 -2.1610
v  -0.3137 -6.9395 -1.9954
v  -0.3130 -6.9896 -2.1459
v  -0.3821 -7.0041 -1.9720
v  -0.3813 -7.0553 -2.1268
v  -0.4353 -7.0801 -1.9443
v  -0.4346 -7.1328 -2.1042
v  -0.4717 -7.1644 -1.9137
v  -0.4713 -7.2186 -2.0792
v  -0.4901 -7.2536 -1.8814
v  -0.4899 -7.3096 -2.0527
v  -0.4891 -7.3442 -1.8484
v  -0.4893 -7.4022 -2.0257
v  -0.4695 -7.4329 -1.8163
v  -0.4700 -7.4929 -1.9993
v  -0.4321 -7.5161 -1.7860
v  -0.4328 -7.5782 -1.9745
v  -0.3783 -7.5909 -1.7589
v  -0.3791 -7.6548 -1.9522
v  -0.3103 -7.6545 -1.7358
v  -0.3110 -7.7200 -1.9332
v  -0.2302 -7.7040 -1.7178
v  -0.2309 -7.7709 -1.9184
v  -0.1417 -7.7381 -1.7054
v  -0.1421 -7.8060 -1.9082
v  -0.0478 -7.7556 -1.6991
v  -0.0480 -7.8240 -1.9030
v  -0.0486 -6.7786 -1.8931
v  -0.1439 -6.7963 -1.8854
v  -0.2335 -6.8306 -1.8703
v  -0.3141 -6.8802 -1.8486
v  -0.3824 -6.9433 -1.8209
v  -0.4357 -7.0175 -1.7884
v  -0.4720 -7.0997 -1.7524
v  -0.4902 -7.1867 -1.7143
v  -0.4890 -7.2750 -1.6755
v  -0.4692 -7.3614 -1.6377
v  -0.4317 -7.4424 -1.6022
v  -0.3779 -7.5151 -1.5703
v  -0.3099 -7.5769 -1.5432
v  -0.2299 -7.6251 -1.5221
v  -0.1414 -7.6582 -1.5076
v  -0.0477 -7.6752 -1.5002
v  -0.0487 -6.7125 -1.7572
v  -0.1442 -6.7297 -1.7483
v  -0.2340 -6.7632 -1.7310
v  -0.3146 -6.8115 -1.7060
v  -0.3829 -6.8729 -1.6742
v  -0.4361 -6.9449 -1.6369
v  -0.4723 -7.0248 -1.5956
v  -0.4902 -7.1092 -1.5519
v  -0.4889 -7.1948 -1.5076
v  -0.4689 -7.2785 -1.4643
v  -0.4313 -7.3569 -1.4237
v  -0.3774 -7.4273 -1.3872
v  -0.3094 -7.4871 -1.3563
v  -0.2296 -7.5337 -1.3322
v  -0.1412 -7.5657 -1.3156
v  -0.0477 -7.5821 -1.3071
v  -0.0488 -6.6377 -1.6260
v  -0.1445 -6.6544 -1.6159
v  -0.2345 -6.6867 -1.5964
v  -0.3152 -6.7336 -1.5682
v  -0.3835 -6.7930 -1.5324
v  -0.4367 -6.8626 -1.4904
v  -0.4727 -6.9398 -1.4439
v  -0.4903 -7.0213 -1.3948
v  -0.4887 -7.1039 -1.3450
v  -0.4685 -7.1845 -1.2965
v  -0.4306 -7.2599 -1.2510
v  -0.3767 -7.3276 -1.2103
v  -0.3086 -7.3850 -1.1757
v  -0.2289 -7.4296 -1.1488
v  -0.1407 -7.4602 -1.1303
v  -0.0475 -7.4760 -1.1208
v  -0.0489 -6.5549 -1.4995
v  -0.1447 -6.5709 -1.4884
v  -0.2348 -6.6020 -1.4667
v  -0.3156 -6.6470 -1.4355
v  -0.3839 -6.7041 -1.3958
v  -0.4371 -6.7710 -1.3493
v  -0.4729 -6.8451 -1.2979
v  -0.4903 -6.9233 -1.2435
v  -0.4886 -7.0025 -1.1885
v  -0.4682 -7.0797 -1.1349
v  -0.4303 -7.1520 -1.0847
v  -0.3762 -7.2167 -1.0397
v  -0.3082 -7.2716 -1.0015
v  -0.2285 -7.3143 -0.9719
v  -0.1405 -7.3435 -0.9515
v  -0.0474 -7.3586 -0.9411
v  -0.0489 -6.4642 -1.3780
v  -0.1448 -6.4795 -1.3658
v  -0.2349 -6.5092 -1.3422
v  -0.3157 -6.5521 -1.3080
v  -0.3840 -6.6065 -1.2647
v  -0.4371 -6.6703 -1.2140
v  -0.4730 -6.7409 -1.1578
v  -0.4903 -6.8154 -1.0985
v  -0.4885 -6.8909 -1.0384
v  -0.4682 -6.9644 -0.9799
v  -0.4302 -7.0333 -0.9252
v  -0.3762 -7.0949 -0.8761
v  -0.3081 -7.1472 -0.8345
v  -0.2285 -7.1879 -0.8021
v  -0.1405 -7.2158 -0.7800
v  -0.0474 -7.2301 -0.7685
v  -0.0490 -6.3656 -1.2627
v  -0.1449 -6.3801 -1.2496
v  -0.2351 -6.4083 -1.2240
v  -0.3159 -6.4490 -1.1871
v  -0.3842 -6.5005 -1.1403
v  -0.4373 -6.5609 -1.0855
v  -0.4731 -6.6278 -1.0248
v  -0.4903 -6.6983 -0.9608
v  -0.4885 -6.7698 -0.8960
v  -0.4681 -6.8393 -0.8328
v  -0.4301 -6.9044 -0.7738
v  -0.3760 -6.9627 -0.7208
v  -0.3080 -7.0122 -0.6760
v  -0.2283 -7.0506 -0.6411
v  -0.1404 -7.0770 -0.6172
v  -0.0474 -7.0905 -0.6048
v  -0.0490 -6.2600 -1.1547
v  -0.1451 -6.2736 -1.1406
v  -0.2354 -6.3001 -1.1132
v  -0.3162 -6.3384 -1.0736
v  -0.3845 -6.3870 -1.0235
v  -0.4376 -6.4438 -0.9647
v  -0.4733 -6.5066 -0.8998
v  -0.4904 -6.5729 -0.8313
v  -0.4884 -6.6400 -0.7620
v  -0.4678 -6.7053 -0.6946
v  -0.4297 -6.7663 -0.6315
v  -0.3755 -6.8210 -0.5750
v  -0.3075 -6.8672 -0.5272
v  -0.2281 -6.9034 -0.4898
v  -0.1402 -6.9281 -0.4643
v  -0.0473 -6.9407 -0.4512
v  -0.0491 -6.1481 -1.0535
v  -0.1452 -6.1608 -1.0385
v  -0.2355 -6.1855 -1.0094
v  -0.3163 -6.2212 -0.9674
v  -0.3846 -6.2664 -0.9142
v  -0.4377 -6.3193 -0.8519
v  -0.4733 -6.3779 -0.7830
v  -0.4904 -6.4396 -0.7104
v  -0.4883 -6.5020 -0.6369
v  -0.4678 -6.5628 -0.5654
v  -0.4296 -6.6196 -0.4985
v  -0.3754 -6.6705 -0.4387
v  -0.3074 -6.7135 -0.3880
v  -0.2280 -6.7471 -0.3484
v  -0.1401 -6.7701 -0.3214
v  -0.0473 -6.7819 -0.3075
v  -0.0490 -6.0302 -0.9594
v  -0.1451 -6.0420 -0.9436
v  -0.2353 -6.0647 -0.9130
v  -0.3162 -6.0976 -0.8689
v  -0.3845 -6.1392 -0.8129
v  -0.4375 -6.1880 -0.7474
v  -0.4733 -6.2419 -0.6749
v  -0.4904 -6.2988 -0.5984
v  -0.4884 -6.3564 -0.5210
v  -0.4679 -6.4124 -0.4457
v  -0.4297 -6.4648 -0.3752
v  -0.3756 -6.5117 -0.3122
v  -0.3076 -6.5515 -0.2587
v  -0.2281 -6.5825 -0.2170
v  -0.1402 -6.6037 -0.1885
v  -0.0473 -6.6146 -0.1739
v  -0.0490 -5.9066 -0.8729
v  -0.1450 -5.9173 -0.8564
v  -0.2351 -5.9379 -0.8245
v  -0.3159 -5.9678 -0.7784
v  -0.3842 -6.0057 -0.7199
v  -0.4374 -6.0501 -0.6514
v  -0.4732 -6.0992 -0.5757
v  -0.4903 -6.1510 -0.4957
v  -0.4885 -6.2034 -0.4147
v  -0.4680 -6.2545 -0.3359
v  -0.4300 -6.3023 -0.2621
v  -0.3759 -6.3451 -0.1961
v  -0.3079 -6.3814 -0.1401
v  -0.2284 -6.4097 -0.0964
v  -0.1404 -6.4291 -0.0665
v  -0.0474 -6.4390 -0.0512
v  -0.0490 -5.7771 -0.7950
v  -0.1450 -5.7866 -0.7779
v  -0.2352 -5.8052 -0.7447
v  -0.3160 -5.8321 -0.6967
v  -0.3843 -5.8661 -0.6358
v  -0.4374 -5.9060 -0.5646
v  -0.4732 -5.9501 -0.4858
v  -0.4903 -5.9966 -0.4026
v  -0.4884 -6.0437 -0.3184
v  -0.4679 -6.0895 -0.2365
v  -0.4298 -6.1324 -0.1598
v  -0.3757 -6.1708 -0.0912
v  -0.3077 -6.2034 -0.0330
v  -0.2282 -6.2288 0.0123
v  -0.1402 -6.2460 0.0432
v  -0.0473 -6.2550 0.0592
v  -0.0490 -5.6426 -0.7250
v  -0.1449 -5.6510 -0.7073
v  -0.2351 -5.6674 -0.6730
v  -0.3159 -5.6911 -0.6234
v  -0.3842 -5.7210 -0.5606
v  -0.4373 -5.7562 -0.4870
v  -0.4731 -5.7951 -0.4055
v  -0.4903 -5.8361 -0.3195
v  -0.4885 -5.8776 -0.2325
v  -0.4681 -5.9181 -0.1477
v  -0.4300 -5.9559 -0.0684
v  -0.3759 -5.9898 0.0027
v  -0.3079 -6.0186 0.0629
v  -0.2283 -6.0409 0.1097
v  -0.1403 -6.0562 0.1418
v  -0.0474 -6.0641 0.1584
v  -0.0489 -5.5041 -0.6633
v  -0.1447 -5.5114 -0.6452
v  -0.2347 -5.5254 -0.6100
v  -0.3154 -5.5457 -0.5592
v  -0.3837 -5.5715 -0.4947
v  -0.4369 -5.6017 -0.4191
v  -0.4728 -5.6352 -0.3354
v  -0.4903 -5.6705 -0.2470
v  -0.4886 -5.7063 -0.1574
v  -0.4684 -5.7412 -0.0701
v  -0.4305 -5.7739 0.0116
v  -0.3765 -5.8032 0.0849
v  -0.3085 -5.8281 0.1471
v  -0.2288 -5.8474 0.1956
v  -0.1407 -5.8607 0.2286
v  -0.0475 -5.8675 0.2457
v  -0.0488 -5.3622 -0.6110
v  -0.1444 -5.3683 -0.5925
v  -0.2343 -5.3800 -0.5566
v  -0.3150 -5.3969 -0.5047
v  -0.3834 -5.4184 -0.4389
v  -0.4365 -5.4436 -0.3616
v  -0.4726 -5.4715 -0.2760
v  -0.4902 -5.5010 -0.1856
v  -0.4887 -5.5310 -0.0939
v  -0.4686 -5.5602 -0.0044
v  -0.4308 -5.5875 0.0794
v  -0.3769 -5.6120 0.1546
v  -0.3089 -5.6329 0.2183
v  -0.2291 -5.6491 0.2681
v  -0.1408 -5.6602 0.3020
v  -0.0475 -5.6659 0.3196
v  -0.0487 -5.2173 -0.5682
v  -0.1443 -5.2221 -0.5494
v  -0.2341 -5.2315 -0.5130
v  -0.3148 -5.2450 -0.4602
v  -0.3831 -5.2622 -0.3932
v  -0.4363 -5.2823 -0.3145
v  -0.4724 -5.3046 -0.2274
v  -0.4902 -5.3282 -0.1353
v  -0.4888 -5.3522 -0.0418
v  -0.4688 -5.3755 0.0493
v  -0.4311 -5.3974 0.1348
v  -0.3771 -5.4171 0.2115
v  -0.3091 -5.4337 0.2766
v  -0.2292 -5.4467 0.3272
v  -0.1410 -5.4556 0.3620
v  -0.0476 -5.4602 0.3799
v  -0.0486 -5.0701 -0.5343
v  -0.1439 -5.0737 -0.5153
v  -0.2336 -5.0806 -0.4785
v  -0.3141 -5.0907 -0.4252
v  -0.3825 -5.1034 -0.3574
v  -0.4357 -5.1184 -0.2778
v  -0.4720 -5.1350 -0.1896
v  -0.4902 -5.1526 -0.0963
v  -0.4890 -5.1705 -0.0015
v  -0.4692 -5.1879 0.0911
v  -0.4317 -5.2043 0.1781
v  -0.3779 -5.2190 0.2561
v  -0.3097 -5.2314 0.3222
v  -0.2298 -5.2411 0.3740
v  -0.1414 -5.2478 0.4095
v  -0.0477 -5.2513 0.4278
v  -0.0485 -4.9209 -0.5098
v  -0.1436 -4.9232 -0.4907
v  -0.2330 -4.9278 -0.4537
v  -0.3135 -4.9343 -0.4001
v  -0.3819 -4.9426 -0.3320
v  -0.4351 -4.9524 -0.2517
v  -0.4716 -4.9632 -0.1628
v  -0.4900 -4.9747 -0.0687
v  -0.4891 -4.9864 0.0271
v  -0.4696 -4.9978 0.1207
v  -0.4322 -5.0086 0.2087
v  -0.3784 -5.0182 0.2877
v  -0.3103 -5.0264 0.3547
v  -0.2303 -5.0328 0.4072
v  -0.1417 -5.0372 0.4432
v  -0.0479 -5.0395 0.4620
v  -0.0484 -4.7701 -0.4953
v  -0.1433 -4.7712 -0.4762
v  -0.2326 -4.7733 -0.4392
v  -0.3130 -4.7763 -0.3854
v  -0.3813 -4.7802 -0.3171
v  -0.4347 -4.7848 -0.2365
v  -0.4713 -4.7898 -0.1473
v  -0.4896 -4.7952 -0.0526
v  -0.4893 -4.8006 0.0437
v  -0.4699 -4.8059 0.1379
v  -0.4327 -4.8109 0.2266
v  -0.3791 -4.8154 0.3063
v  -0.3110 -4.8192 0.3741
v  -0.2308 -4.8222 0.4269
v  -0.1421 -4.8243 0.4634
v  -0.0480 -4.8253 0.4821
v  -0.4089 -7.9455 -3.3815
v  -0.3458 -8.0210 -3.3641
v  -0.4806 -7.7730 -3.4212
v  -0.4548 -7.8593 -3.4014
v  -0.4801 -7.5946 -3.4626
v  -0.4890 -7.6838 -3.4419
v  -0.4085 -7.4225 -3.5022
v  -0.4545 -7.5086 -3.4823
v  -0.2683 -7.2860 -3.5336
v  -0.3455 -7.3471 -3.5195
v  -0.0917 -7.2163 -3.5498
v  -0.1801 -7.2413 -3.5440
v  0.0921 -7.2164 -3.5498
v  0.0002 -7.2078 -3.5517
v  0.2684 -7.2861 -3.5337
v  0.1801 -7.2414 -3.5440
v  0.4086 -7.4226 -3.5021
v  0.3457 -7.3475 -3.5196
v  0.4801 -7.5945 -3.4626
v  0.4546 -7.5086 -3.4822
v  0.4806 -7.7730 -3.4210
v  0.4892 -7.6839 -3.4417
v  0.4087 -7.9455 -3.3816
v  0.4549 -7.8594 -3.4012
v  0.2687 -8.0825 -3.3496
v  0.3458 -8.0211 -3.3639
v  0.0918 -8.1524 -3.3336
v  0.1802 -8.1273 -3.3394
v  -0.0919 -8.1522 -3.3338
v  0.0000 -8.1608 -3.3318
v  -0.2688 -8.0822 -3.3500
v  -0.1804 -8.1271 -3.3396
v  -0.4114 -7.9458 -3.3744
v  -0.3478 -8.0220 -3.3567
v  -0.4835 -7.7718 -3.4140
v  -0.4835 -7.7700 -3.4062
v  -0.4576 -7.8592 -3.3944
v  -0.4576 -7.8574 -3.3865
v  -0.4832 -7.5926 -3.4561
v  -0.4921 -7.6825 -3.4351
v  -0.4113 -7.4196 -3.4960
v  -0.4113 -7.4178 -3.4881
v  -0.4575 -7.5061 -3.4757
v  -0.2700 -7.2819 -3.5277
v  -0.2699 -7.2801 -3.5198
v  -0.3478 -7.3435 -3.5132
v  -0.0923 -7.2119 -3.5437
v  -0.1812 -7.2369 -3.5380
v  0.0927 -7.2120 -3.5438
v  -0.0000 -7.2034 -3.5460
v  0.2703 -7.2821 -3.5274
v  0.2703 -7.2803 -3.5195
v  0.1815 -7.2371 -3.5379
v  0.1815 -7.2353 -3.5301
v  0.4113 -7.4196 -3.4958
v  0.4113 -7.4177 -3.4880
v  0.3482 -7.3440 -3.5135
v  0.4831 -7.5923 -3.4560
v  0.4574 -7.5058 -3.4752
v  0.4574 -7.5040 -3.4673
v  0.4834 -7.7721 -3.4136
v  0.4833 -7.7704 -3.4058
v  0.4921 -7.6820 -3.4347
v  0.4114 -7.9459 -3.3745
v  0.4577 -7.8589 -3.3940
v  0.4576 -7.8572 -3.3862
v  0.2702 -8.0833 -3.3420
v  0.2702 -8.0816 -3.3342
v  0.3480 -8.0218 -3.3568
v  0.3480 -8.0200 -3.3490
v  0.0922 -8.1536 -3.3259
v  0.0921 -8.1518 -3.3181
v  0.1813 -8.1285 -3.3320
v  -0.0923 -8.1536 -3.3263
v  -0.0000 -8.1623 -3.3246
v  0.0000 -8.1605 -3.3168
v  -0.2703 -8.0834 -3.3424
v  -0.1815 -8.1284 -3.3321
v  -0.1815 -8.1266 -3.3243
v  -0.3816 -7.9837 -3.3574
v  -0.1373 -7.2206 -3.5334
v  0.0465 -7.2038 -3.5376
v  0.4723 -7.5466 -3.4579
v  -0.3797 -7.9850 -3.3719
v  -0.4701 -7.8168 -3.4107
v  -0.4871 -7.6389 -3.4519
v  -0.4341 -7.4641 -3.4921
v  -0.3088 -7.3142 -3.5266
v  -0.1366 -7.2263 -3.5470
v  0.0464 -7.2095 -3.5509
v  0.2256 -7.2612 -3.5390
v  0.3794 -7.3831 -3.5108
v  0.4698 -7.5508 -3.4722
v  0.4875 -7.7286 -3.4308
v  0.4344 -7.9036 -3.3907
v  0.3091 -8.0539 -3.3558
v  0.1367 -8.1421 -3.3355
v  -0.0462 -8.1589 -3.3318
v  -0.2260 -8.1071 -3.3438
v  -0.0463 -7.2037 -3.5376
v  0.4366 -7.4597 -3.4778
v  0.4897 -7.6351 -3.4377
v  0.3817 -7.9836 -3.3575
v  0.0463 -8.1582 -3.3170
v  -0.4344 -7.9036 -3.3907
v  -0.4874 -7.7285 -3.4311
v  -0.4698 -7.5508 -3.4722
v  -0.3793 -7.3829 -3.5108
v  -0.2256 -7.2610 -3.5390
v  -0.0460 -7.2094 -3.5510
v  0.1368 -7.2265 -3.5470
v  0.3089 -7.3144 -3.5266
v  0.4342 -7.4642 -3.4920
v  0.4872 -7.6389 -3.4518
v  0.4702 -7.8168 -3.4105
v  0.3796 -7.9850 -3.3719
v  0.2258 -8.1073 -3.3435
v  0.0461 -8.1590 -3.3317
v  -0.1369 -8.1419 -3.3357
v  -0.3092 -8.0537 -3.3560
v  -0.3816 -7.9855 -3.3651
v  -0.4726 -7.8161 -3.4039
v  -0.4898 -7.6373 -3.4456
v  -0.4366 -7.4616 -3.4860
v  -0.3105 -7.3107 -3.5207
v  -0.1374 -7.2224 -3.5412
v  0.0465 -7.2055 -3.5453
v  0.2271 -7.2574 -3.5330
v  0.3817 -7.3802 -3.5050
v  0.4723 -7.5484 -3.4657
v  0.4899 -7.7272 -3.4240
v  0.4368 -7.9036 -3.3839
v  0.3107 -8.0545 -3.3488
v  0.1373 -8.1430 -3.3284
v  -0.0463 -8.1601 -3.3249
v  -0.2271 -8.1081 -3.3367
v  -0.4368 -7.9036 -3.3840
v  -0.4899 -7.7273 -3.4244
v  -0.4724 -7.5487 -3.4660
v  -0.3816 -7.3800 -3.5048
v  -0.2268 -7.2572 -3.5332
v  -0.0463 -7.2055 -3.5453
v  0.1377 -7.2225 -3.5412
v  0.3109 -7.3111 -3.5208
v  0.4366 -7.4615 -3.4856
v  0.4898 -7.6369 -3.4454
v  0.4726 -7.8161 -3.4035
v  0.3817 -7.9854 -3.3653
v  0.2269 -8.1081 -3.3364
v  0.0463 -8.1600 -3.3247
v  -0.1375 -8.1430 -3.3286
v  -0.3106 -8.0546 -3.3490
v  -0.3778 -7.9837 -3.3745
v  -0.4064 -7.9443 -3.3840
v  -0.4676 -7.8165 -3.4131
v  -0.4776 -7.7731 -3.4235
v  -0.4844 -7.6395 -3.4540
v  -0.4772 -7.5955 -3.4646
v  -0.4318 -7.4657 -3.4940
v  -0.4060 -7.4245 -3.5040
v  -0.3072 -7.3166 -3.5284
v  -0.2668 -7.2888 -3.5352
v  -0.1359 -7.2293 -3.5487
v  -0.0912 -7.2196 -3.5513
v  0.0461 -7.2126 -3.5525
v  0.0914 -7.2197 -3.5513
v  0.2242 -7.2639 -3.5407
v  0.2666 -7.2889 -3.5353
v  0.3774 -7.3851 -3.5126
v  0.4061 -7.4246 -3.5040
v  0.4672 -7.5521 -3.4742
v  0.4772 -7.5956 -3.4646
v  0.4848 -7.7289 -3.4332
v  0.4777 -7.7728 -3.4235
v  0.4321 -7.9029 -3.3932
v  0.4063 -7.9442 -3.3841
v  0.3076 -8.0525 -3.3585
v  0.2671 -8.0806 -3.3524
v  0.1360 -8.1402 -3.3383
v  0.0913 -8.1500 -3.3365
v  -0.0460 -8.1568 -3.3347
v  -0.0914 -8.1498 -3.3366
v  -0.2249 -8.1052 -3.3465
v  -0.2673 -8.0801 -3.3527
v  -0.4321 -7.9028 -3.3932
v  -0.4521 -7.8586 -3.4038
v  -0.4847 -7.7288 -3.4334
v  -0.4861 -7.6843 -3.4440
v  -0.4673 -7.5519 -3.4742
v  -0.4518 -7.5101 -3.4842
v  -0.3773 -7.3849 -3.5127
v  -0.3434 -7.3496 -3.5212
v  -0.2244 -7.2637 -3.5406
v  -0.1790 -7.2445 -3.5455
v  -0.0457 -7.2125 -3.5526
v  0.0003 -7.2111 -3.5532
v  0.1359 -7.2293 -3.5487
v  0.1788 -7.2445 -3.5456
v  0.3072 -7.3168 -3.5284
v  0.3435 -7.3498 -3.5212
v  0.4319 -7.4659 -3.4940
v  0.4518 -7.5103 -3.4842
v  0.4846 -7.6398 -3.4540
v  0.4863 -7.6846 -3.4439
v  0.4677 -7.8165 -3.4130
v  0.4522 -7.8588 -3.4037
v  0.3776 -7.9839 -3.3745
v  0.3439 -8.0196 -3.3665
v  0.2246 -8.1056 -3.3463
v  0.1792 -8.1251 -3.3422
v  0.0459 -8.1569 -3.3346
v  0.0000 -8.1583 -3.3347
v  -0.1362 -8.1399 -3.3385
v  -0.1794 -8.1248 -3.3424
v  -0.3077 -8.0521 -3.3587
v  -0.3439 -8.0193 -3.3667
v  -0.3808 -7.9855 -3.3687
v  -0.4104 -7.9459 -3.3782
v  -0.4717 -7.8166 -3.4075
v  -0.4825 -7.7725 -3.4179
v  -0.4888 -7.6381 -3.4490
v  -0.4821 -7.5936 -3.4597
v  -0.4356 -7.4628 -3.4893
v  -0.4102 -7.4210 -3.4994
v  -0.3098 -7.3123 -3.5240
v  -0.2693 -7.2837 -3.5310
v  -0.1371 -7.2241 -3.5445
v  -0.0921 -7.2137 -3.5472
v  0.0465 -7.2072 -3.5484
v  0.0925 -7.2139 -3.5472
v  0.2265 -7.2591 -3.5363
v  0.2696 -7.2839 -3.5309
v  0.3808 -7.3816 -3.5082
v  0.4103 -7.4210 -3.4993
v  0.4714 -7.5495 -3.4692
v  0.4821 -7.5934 -3.4597
v  0.4891 -7.7280 -3.4277
v  0.4825 -7.7728 -3.4176
v  0.4358 -7.9038 -3.3875
v  0.4103 -7.9460 -3.3783
v  0.3101 -8.0545 -3.3525
v  0.2697 -8.0833 -3.3460
v  0.1371 -8.1430 -3.3321
v  0.0921 -8.1536 -3.3299
v  -0.0463 -8.1599 -3.3285
v  -0.0922 -8.1534 -3.3302
v  -0.2267 -8.1079 -3.3404
v  -0.2697 -8.0832 -3.3464
v  -0.4358 -7.9038 -3.3876
v  -0.4565 -7.8595 -3.3981
v  -0.4890 -7.7280 -3.4280
v  -0.4910 -7.6832 -3.4388
v  -0.4714 -7.5497 -3.4693
v  -0.4564 -7.5073 -3.4793
v  -0.3806 -7.3813 -3.5081
v  -0.3469 -7.3451 -3.5167
v  -0.2263 -7.2589 -3.5364
v  -0.1808 -7.2389 -3.5413
v  -0.0462 -7.2072 -3.5484
v  0.0001 -7.2052 -3.5492
v  0.1374 -7.2242 -3.5444
v  0.1810 -7.2390 -3.5413
v  0.3101 -7.3126 -3.5240
v  0.3472 -7.3456 -3.5168
v  0.4357 -7.4627 -3.4891
v  0.4564 -7.5071 -3.4790
v  0.4889 -7.6379 -3.4489
v  0.4911 -7.6830 -3.4385
v  0.4717 -7.8166 -3.4073
v  0.4566 -7.8594 -3.3978
v  0.3808 -7.9854 -3.3688
v  0.3471 -8.0218 -3.3606
v  0.2265 -8.1081 -3.3401
v  0.1809 -8.1283 -3.3359
v  0.0462 -8.1599 -3.3283
v  0.0000 -8.1620 -3.3284
v  -0.1373 -8.1429 -3.3323
v  -0.1811 -8.1282 -3.3360
v  -0.3101 -8.0544 -3.3527
v  -0.3470 -8.0218 -3.3606
v  -0.4033 -7.9424 -3.3854
v  -0.3751 -7.9817 -3.3763
v  -0.3690 -7.9769 -3.3775
v  -0.4737 -7.7726 -3.4246
v  -0.4640 -7.8158 -3.4146
v  -0.4565 -7.8137 -3.4152
v  -0.4735 -7.5963 -3.4653
v  -0.4808 -7.6401 -3.4552
v  -0.4730 -7.6408 -3.4551
v  -0.4029 -7.4266 -3.5045
v  -0.4287 -7.4675 -3.4950
v  -0.4217 -7.4711 -3.4943
v  -0.2648 -7.2920 -3.5356
v  -0.3049 -7.3196 -3.5291
v  -0.3000 -7.3255 -3.5279
v  -0.0904 -7.2234 -3.5514
v  -0.1349 -7.2329 -3.5491
v  -0.1327 -7.2403 -3.5475
v  0.0907 -7.2234 -3.5514
v  0.0458 -7.2163 -3.5530
v  0.0451 -7.2239 -3.5513
v  0.2645 -7.2922 -3.5356
v  0.2225 -7.2672 -3.5412
v  0.2188 -7.2740 -3.5398
v  0.4030 -7.4268 -3.5045
v  0.3746 -7.3874 -3.5134
v  0.3685 -7.3923 -3.5124
v  0.4734 -7.5966 -3.4653
v  0.4636 -7.5535 -3.4752
v  0.4561 -7.5556 -3.4747
v  0.4738 -7.7723 -3.4247
v  0.4811 -7.7289 -3.4347
v  0.4733 -7.7282 -3.4349
v  0.4031 -7.9423 -3.3855
v  0.4288 -7.9015 -3.3948
v  0.4219 -7.8979 -3.3957
v  0.2650 -8.0777 -3.3542
v  0.3054 -8.0502 -3.3604
v  0.3004 -8.0443 -3.3619
v  0.0906 -8.1465 -3.3383
v  0.1350 -8.1370 -3.3404
v  0.1328 -8.1297 -3.3422
v  -0.0907 -8.1464 -3.3384
v  -0.0456 -8.1535 -3.3367
v  -0.0449 -8.1459 -3.3385
v  -0.2653 -8.0771 -3.3544
v  -0.2233 -8.1023 -3.3485
v  -0.2196 -8.0955 -3.3501
v  -0.4486 -7.8573 -3.4051
v  -0.4290 -7.9014 -3.3948
v  -0.4822 -7.6844 -3.4450
v  -0.4809 -7.7288 -3.4347
v  -0.4483 -7.5117 -3.4849
v  -0.4638 -7.5532 -3.4752
v  -0.3406 -7.3525 -3.5216
v  -0.3744 -7.3874 -3.5135
v  -0.1776 -7.2481 -3.5457
v  -0.2228 -7.2670 -3.5412
v  0.0004 -7.2149 -3.5534
v  -0.0453 -7.2162 -3.5530
v  0.1773 -7.2481 -3.5458
v  0.1348 -7.2329 -3.5491
v  0.3408 -7.3525 -3.5216
v  0.3048 -7.3197 -3.5291
v  0.4481 -7.5120 -3.4848
v  0.4286 -7.4678 -3.4949
v  0.4824 -7.6850 -3.4449
v  0.4809 -7.6405 -3.4551
v  0.4487 -7.8576 -3.4050
v  0.4642 -7.8158 -3.4146
v  0.3413 -8.0173 -3.3681
v  0.3748 -7.9819 -3.3762
v  0.1778 -8.1219 -3.3440
v  0.2230 -8.1027 -3.3483
v  0.0000 -8.1548 -3.3364
v  0.0456 -8.1535 -3.3366
v  -0.1781 -8.1216 -3.3441
v  -0.1353 -8.1368 -3.3405
v  -0.3414 -8.0167 -3.3683
v  -0.3055 -8.0495 -3.3606
v  -0.4220 -7.8979 -3.3957
v  -0.4731 -7.7281 -3.4349
v  -0.4562 -7.5553 -3.4748
v  -0.3684 -7.3922 -3.5125
v  -0.2192 -7.2738 -3.5398
v  -0.0446 -7.2239 -3.5513
v  0.1326 -7.2403 -3.5476
v  0.2999 -7.3257 -3.5278
v  0.4216 -7.4714 -3.4942
v  0.4731 -7.6413 -3.4550
v  0.4566 -7.8137 -3.4152
v  0.3687 -7.9771 -3.3774
v  0.2194 -8.0960 -3.3500
v  0.0448 -8.1460 -3.3385
v  -0.1331 -8.1295 -3.3423
v  -0.3006 -8.0436 -3.3621
v  -0.3234 -7.9293 -3.0705
v  -0.3234 -7.9311 -3.0783
v  -0.3552 -7.8963 -3.0781
v  -0.3552 -7.8981 -3.0859
v  -0.3820 -7.8589 -3.0867
v  -0.3820 -7.8607 -3.0945
v  -0.4062 -7.8202 -3.0957
v  -0.4062 -7.8220 -3.1035
v  -0.4249 -7.7783 -3.1054
v  -0.4249 -7.7801 -3.1132
v  -0.4394 -7.7392 -3.1144
v  -0.4394 -7.7410 -3.1222
v  -0.4486 -7.6981 -3.1239
v  -0.4486 -7.6999 -3.1317
v  -0.4554 -7.6567 -3.1334
v  -0.4554 -7.6585 -3.1412
v  -0.4567 -7.6146 -3.1432
v  -0.4567 -7.6164 -3.1510
v  -0.4553 -7.5728 -3.1528
v  -0.4553 -7.5746 -3.1606
v  -0.4483 -7.5312 -3.1624
v  -0.4483 -7.5330 -3.1702
v  -0.4392 -7.4904 -3.1718
v  -0.4392 -7.4922 -3.1796
v  -0.4245 -7.4510 -3.1809
v  -0.4245 -7.4528 -3.1887
v  -0.4059 -7.4094 -3.1905
v  -0.4059 -7.4112 -3.1983
v  -0.3814 -7.3704 -3.1995
v  -0.3814 -7.3722 -3.2073
v  -0.3546 -7.3335 -3.2081
v  -0.3546 -7.3353 -3.2159
v  -0.3225 -7.3003 -3.2157
v  -0.3225 -7.3021 -3.2235
v  -0.2887 -7.2692 -3.2229
v  -0.2887 -7.2710 -3.2307
v  -0.2506 -7.2430 -3.2289
v  -0.2506 -7.2448 -3.2367
v  -0.2111 -7.2195 -3.2344
v  -0.2111 -7.2213 -3.2422
v  -0.1680 -7.2015 -3.2385
v  -0.1680 -7.2033 -3.2463
v  -0.1277 -7.1872 -3.2418
v  -0.1277 -7.1890 -3.2496
v  -0.0855 -7.1782 -3.2439
v  -0.0855 -7.1800 -3.2517
v  -0.0429 -7.1714 -3.2455
v  -0.0429 -7.1732 -3.2533
v  0.0005 -7.1701 -3.2458
v  0.0005 -7.1719 -3.2536
v  0.0434 -7.1714 -3.2455
v  0.0434 -7.1732 -3.2533
v  0.0860 -7.1782 -3.2439
v  0.0860 -7.1800 -3.2517
v  0.1277 -7.1872 -3.2418
v  0.1277 -7.1890 -3.2496
v  0.1680 -7.2016 -3.2385
v  0.1680 -7.2034 -3.2463
v  0.2107 -7.2197 -3.2343
v  0.2107 -7.2215 -3.2421
v  0.2506 -7.2434 -3.2288
v  0.2506 -7.2452 -3.2366
v  0.2887 -7.2694 -3.2228
v  0.2887 -7.2712 -3.2306
v  0.3229 -7.3006 -3.2156
v  0.3229 -7.3024 -3.2234
v  0.3547 -7.3335 -3.2080
v  0.3547 -7.3353 -3.2158
v  0.3817 -7.3709 -3.1994
v  0.3817 -7.3727 -3.2072
v  0.4058 -7.4096 -3.1905
v  0.4058 -7.4114 -3.1983
v  0.4244 -7.4517 -3.1808
v  0.4244 -7.4535 -3.1886
v  0.4390 -7.4908 -3.1717
v  0.4390 -7.4926 -3.1795
v  0.4483 -7.5318 -3.1623
v  0.4483 -7.5336 -3.1701
v  0.4554 -7.5733 -3.1527
v  0.4554 -7.5751 -3.1605
v  0.4569 -7.6155 -3.1429
v  0.4569 -7.6173 -3.1507
v  0.4556 -7.6568 -3.1334
v  0.4556 -7.6586 -3.1412
v  0.4486 -7.6981 -3.1239
v  0.4486 -7.6999 -3.1317
v  0.4395 -7.7392 -3.1144
v  0.4395 -7.7410 -3.1222
v  0.4248 -7.7789 -3.1052
v  0.4248 -7.7807 -3.1130
v  0.4061 -7.8202 -3.0957
v  0.4061 -7.8220 -3.1035
v  0.3816 -7.8591 -3.0867
v  0.3816 -7.8609 -3.0945
v  0.3549 -7.8966 -3.0781
v  0.3549 -7.8984 -3.0858
v  0.3230 -7.9302 -3.0703
v  0.3230 -7.9320 -3.0781
v  0.2892 -7.9611 -3.0631
v  0.2892 -7.9629 -3.0709
v  0.2508 -7.9873 -3.0571
v  0.2508 -7.9891 -3.0649
v  0.2112 -8.0109 -3.0517
v  0.2112 -8.0127 -3.0594
v  0.1682 -8.0291 -3.0475
v  0.1682 -8.0309 -3.0552
v  0.1279 -8.0434 -3.0442
v  0.1279 -8.0452 -3.0520
v  0.0856 -8.0524 -3.0421
v  0.0856 -8.0542 -3.0499
v  0.0432 -8.0590 -3.0406
v  0.0432 -8.0608 -3.0483
v  -0.0001 -8.0602 -3.0403
v  -0.0001 -8.0620 -3.0481
v  -0.0432 -8.0589 -3.0406
v  -0.0432 -8.0607 -3.0484
v  -0.0861 -8.0522 -3.0421
v  -0.0861 -8.0540 -3.0499
v  -0.1281 -8.0431 -3.0442
v  -0.1281 -8.0449 -3.0520
v  -0.1687 -8.0287 -3.0476
v  -0.1687 -8.0305 -3.0553
v  -0.2114 -8.0105 -3.0518
v  -0.2114 -8.0123 -3.0595
v  -0.2514 -7.9865 -3.0573
v  -0.2514 -7.9883 -3.0651
v  -0.2893 -7.9605 -3.0633
v  -0.2893 -7.9623 -3.0711
v  -0.3489 -7.8913 -3.0793
v  -0.3755 -7.8545 -3.0878
v  -0.3991 -7.8166 -3.0965
v  -0.4176 -7.7752 -3.1061
v  -0.4317 -7.7370 -3.1149
v  -0.4408 -7.6965 -3.1243
v  -0.4474 -7.6560 -3.1336
v  -0.4487 -7.6144 -3.1432
v  -0.4473 -7.5736 -3.1526
v  -0.4404 -7.5324 -3.1621
v  -0.4315 -7.4926 -3.1713
v  -0.4170 -7.4537 -3.1803
v  -0.3988 -7.4130 -3.1897
v  -0.3746 -7.3745 -3.1986
v  -0.3484 -7.3384 -3.2069
v  -0.3166 -7.3056 -3.2145
v  -0.2836 -7.2753 -3.2215
v  -0.2460 -7.2493 -3.2275
v  -0.2074 -7.2265 -3.2328
v  -0.1649 -7.2087 -3.2369
v  -0.1255 -7.1947 -3.2401
v  -0.0838 -7.1858 -3.2422
v  -0.0421 -7.1792 -3.2437
v  0.0008 -7.1779 -3.2440
v  0.0426 -7.1792 -3.2437
v  0.0848 -7.1859 -3.2421
v  0.1254 -7.1947 -3.2401
v  0.1652 -7.2089 -3.2368
v  0.2070 -7.2266 -3.2327
v  0.2465 -7.2501 -3.2273
v  0.2836 -7.2755 -3.2214
v  0.3174 -7.3063 -3.2143
v  0.3485 -7.3385 -3.2069
v  0.3751 -7.3754 -3.1984
v  0.3987 -7.4132 -3.1896
v  0.4171 -7.4548 -3.1801
v  0.4313 -7.4930 -3.1712
v  0.4405 -7.5335 -3.1619
v  0.4474 -7.5740 -3.1525
v  0.4489 -7.6158 -3.1429
v  0.4476 -7.6561 -3.1336
v  0.4407 -7.6968 -3.1242
v  0.4318 -7.7370 -3.1149
v  0.4173 -7.7762 -3.1058
v  0.3990 -7.8166 -3.0965
v  0.3748 -7.8550 -3.0877
v  0.3486 -7.8917 -3.0792
v  0.3171 -7.9249 -3.0715
v  0.2841 -7.9551 -3.0645
v  0.2462 -7.9809 -3.0586
v  0.2075 -8.0040 -3.0533
v  0.1650 -8.0220 -3.0491
v  0.1257 -8.0359 -3.0459
v  0.0839 -8.0448 -3.0438
v  0.0424 -8.0512 -3.0423
v  -0.0003 -8.0524 -3.0421
v  -0.0424 -8.0512 -3.0424
v  -0.0848 -8.0445 -3.0439
v  -0.1259 -8.0356 -3.0459
v  -0.1660 -8.0214 -3.0492
v  -0.2077 -8.0036 -3.0534
v  -0.2472 -7.9799 -3.0588
v  -0.2843 -7.9544 -3.0647
v  -0.3179 -7.9236 -3.0718
v  -0.0000 -7.6150 -3.1430
v  -0.3629 -7.9721 -3.3786
v  -0.3304 -8.0058 -3.3708
v  -0.4490 -7.8116 -3.4157
v  -0.4341 -7.8515 -3.4064
v  -0.4652 -7.6416 -3.4549
v  -0.4666 -7.6843 -3.4451
v  -0.4147 -7.4746 -3.4935
v  -0.4337 -7.5171 -3.4836
v  -0.2950 -7.3315 -3.5265
v  -0.3295 -7.3631 -3.5192
v  -0.1305 -7.2476 -3.5459
v  -0.1717 -7.2622 -3.5425
v  0.0443 -7.2315 -3.5496
v  0.0006 -7.2302 -3.5499
v  0.2152 -7.2808 -3.5382
v  0.1717 -7.2623 -3.5425
v  0.3624 -7.3971 -3.5114
v  0.3299 -7.3634 -3.5191
v  0.4485 -7.5578 -3.4743
v  0.4336 -7.5178 -3.4835
v  0.4654 -7.7274 -3.4351
v  0.4668 -7.6852 -3.4449
v  0.4149 -7.8944 -3.3965
v  0.4340 -7.8522 -3.4063
v  0.2955 -8.0383 -3.3633
v  0.3300 -8.0067 -3.3706
v  0.1307 -8.1224 -3.3439
v  0.1718 -8.1078 -3.3473
v  -0.0442 -8.1383 -3.3402
v  -0.0001 -8.1395 -3.3400
v  -0.2160 -8.0888 -3.3517
v  -0.1724 -8.1074 -3.3474
v  -0.4151 -7.8944 -3.3966
v  -0.3903 -7.9339 -3.3874
v  -0.4653 -7.7274 -3.4351
v  -0.4583 -7.7696 -3.4254
v  -0.4487 -7.5574 -3.4743
v  -0.4581 -7.5991 -3.4647
v  -0.3623 -7.3970 -3.5114
v  -0.3897 -7.4348 -3.5027
v  -0.2156 -7.2806 -3.5382
v  -0.2561 -7.3046 -3.5327
v  -0.0438 -7.2315 -3.5496
v  -0.0873 -7.2384 -3.5480
v  0.1305 -7.2476 -3.5459
v  0.0879 -7.2384 -3.5480
v  0.2949 -7.3316 -3.5265
v  0.2561 -7.3051 -3.5326
v  0.4147 -7.4749 -3.4934
v  0.3900 -7.4353 -3.5025
v  0.4653 -7.6420 -3.4548
v  0.4580 -7.5996 -3.4646
v  0.4491 -7.8116 -3.4157
v  0.4584 -7.7696 -3.4254
v  0.3626 -7.9723 -3.3786
v  0.3899 -7.9341 -3.3874
v  0.2157 -8.0892 -3.3516
v  0.2563 -8.0651 -3.3571
v  0.0441 -8.1383 -3.3402
v  0.0875 -8.1316 -3.3418
v  -0.1309 -8.1221 -3.3440
v  -0.0880 -8.1314 -3.3418
v  -0.2956 -8.0377 -3.3635
v  -0.2568 -8.0643 -3.3573
v  -0.3552 -7.9638 -3.3704
v  -0.3552 -7.9624 -3.3646
v  -0.3234 -7.9968 -3.3628
v  -0.3234 -7.9954 -3.3570
v  -0.3820 -7.9264 -3.3791
v  -0.3820 -7.9251 -3.3732
v  -0.4062 -7.8877 -3.3880
v  -0.4062 -7.8864 -3.3821
v  -0.4249 -7.8458 -3.3977
v  -0.4249 -7.8444 -3.3918
v  -0.4394 -7.8067 -3.4067
v  -0.4394 -7.8053 -3.4009
v  -0.4486 -7.7656 -3.4162
v  -0.4486 -7.7643 -3.4103
v  -0.4554 -7.7242 -3.4257
v  -0.4554 -7.7229 -3.4199
v  -0.4567 -7.6821 -3.4355
v  -0.4567 -7.6807 -3.4296
v  -0.4553 -7.6403 -3.4451
v  -0.4553 -7.6389 -3.4393
v  -0.4483 -7.5987 -3.4547
v  -0.4483 -7.5973 -3.4489
v  -0.4392 -7.5579 -3.4641
v  -0.4392 -7.5566 -3.4583
v  -0.4245 -7.5185 -3.4732
v  -0.4245 -7.5172 -3.4674
v  -0.4059 -7.4769 -3.4828
v  -0.4059 -7.4755 -3.4770
v  -0.3814 -7.4379 -3.4918
v  -0.3814 -7.4365 -3.4860
v  -0.3546 -7.4010 -3.5004
v  -0.3546 -7.3996 -3.4945
v  -0.3225 -7.3678 -3.5080
v  -0.3225 -7.3664 -3.5022
v  -0.2887 -7.3367 -3.5152
v  -0.2887 -7.3354 -3.5093
v  -0.2506 -7.3105 -3.5213
v  -0.2506 -7.3091 -3.5154
v  -0.2111 -7.2870 -3.5267
v  -0.2111 -7.2857 -3.5208
v  -0.1680 -7.2690 -3.5308
v  -0.1680 -7.2676 -3.5250
v  -0.1277 -7.2547 -3.5341
v  -0.1277 -7.2534 -3.5283
v  -0.0855 -7.2457 -3.5362
v  -0.0855 -7.2443 -3.5304
v  -0.0429 -7.2389 -3.5378
v  -0.0429 -7.2375 -3.5319
v  0.0005 -7.2376 -3.5381
v  0.0005 -7.2362 -3.5322
v  0.0434 -7.2389 -3.5378
v  0.0434 -7.2376 -3.5319
v  0.0860 -7.2457 -3.5362
v  0.0860 -7.2443 -3.5304
v  0.1277 -7.2547 -3.5341
v  0.1277 -7.2533 -3.5283
v  0.1680 -7.2691 -3.5308
v  0.1680 -7.2677 -3.5250
v  0.2107 -7.2872 -3.5266
v  0.2107 -7.2858 -3.5208
v  0.2506 -7.3109 -3.5211
v  0.2506 -7.3096 -3.5153
v  0.2887 -7.3369 -3.5151
v  0.2887 -7.3356 -3.5093
v  0.3229 -7.3681 -3.5080
v  0.3229 -7.3667 -3.5021
v  0.3547 -7.4010 -3.5004
v  0.3547 -7.3997 -3.4945
v  0.3817 -7.4384 -3.4917
v  0.3817 -7.4370 -3.4859
v  0.4058 -7.4771 -3.4828
v  0.4058 -7.4758 -3.4769
v  0.4244 -7.5192 -3.4731
v  0.4244 -7.5178 -3.4672
v  0.4390 -7.5583 -3.4640
v  0.4390 -7.5569 -3.4582
v  0.4483 -7.5993 -3.4546
v  0.4483 -7.5979 -3.4487
v  0.4554 -7.6407 -3.4450
v  0.4554 -7.6394 -3.4392
v  0.4569 -7.6830 -3.4353
v  0.4569 -7.6816 -3.4294
v  0.4556 -7.7243 -3.4257
v  0.4556 -7.7229 -3.4199
v  0.4486 -7.7655 -3.4162
v  0.4486 -7.7642 -3.4103
v  0.4395 -7.8067 -3.4067
v  0.4395 -7.8053 -3.4009
v  0.4248 -7.8464 -3.3975
v  0.4248 -7.8450 -3.3917
v  0.4061 -7.8877 -3.3880
v  0.4061 -7.8864 -3.3821
v  0.3816 -7.9266 -3.3790
v  0.3816 -7.9252 -3.3732
v  0.3549 -7.9641 -3.3704
v  0.3549 -7.9627 -3.3645
v  0.3230 -7.9977 -3.3626
v  0.3230 -7.9963 -3.3568
v  0.2892 -8.0286 -3.3555
v  0.2892 -8.0273 -3.3496
v  0.2508 -8.0548 -3.3494
v  0.2508 -8.0534 -3.3436
v  0.2112 -8.0784 -3.3440
v  0.2112 -8.0771 -3.3381
v  0.1682 -8.0966 -3.3398
v  0.1682 -8.0953 -3.3339
v  0.1279 -8.1109 -3.3365
v  0.1279 -8.1095 -3.3306
v  0.0856 -8.1199 -3.3344
v  0.0856 -8.1185 -3.3285
v  0.0432 -8.1265 -3.3329
v  0.0432 -8.1251 -3.3270
v  -0.0001 -8.1277 -3.3326
v  -0.0001 -8.1263 -3.3267
v  -0.0432 -8.1264 -3.3329
v  -0.0432 -8.1251 -3.3270
v  -0.0861 -8.1196 -3.3344
v  -0.0861 -8.1183 -3.3286
v  -0.1281 -8.1106 -3.3365
v  -0.1281 -8.1093 -3.3307
v  -0.1687 -8.0962 -3.3399
v  -0.1687 -8.0948 -3.3340
v  -0.2114 -8.0780 -3.3441
v  -0.2114 -8.0766 -3.3382
v  -0.2514 -8.0540 -3.3496
v  -0.2514 -8.0526 -3.3438
v  -0.2893 -8.0280 -3.3556
v  -0.2893 -8.0266 -3.3498
v  -0.3590 -7.9679 -3.3745
v  -0.3269 -8.0013 -3.3668
v  -0.3862 -7.9302 -3.3832
v  -0.4107 -7.8911 -3.3923
v  -0.4295 -7.8487 -3.4021
v  -0.4442 -7.8091 -3.4112
v  -0.4535 -7.7676 -3.4208
v  -0.4604 -7.7258 -3.4304
v  -0.4616 -7.6832 -3.4403
v  -0.4603 -7.6409 -3.4500
v  -0.4532 -7.5989 -3.4597
v  -0.4439 -7.5577 -3.4692
v  -0.4291 -7.5178 -3.4784
v  -0.4103 -7.4757 -3.4882
v  -0.3856 -7.4363 -3.4972
v  -0.3585 -7.3990 -3.5059
v  -0.3260 -7.3654 -3.5136
v  -0.2919 -7.3341 -3.5209
v  -0.2533 -7.3075 -3.5270
v  -0.2133 -7.2838 -3.5325
v  -0.1699 -7.2656 -3.5367
v  -0.1291 -7.2512 -3.5400
v  -0.0864 -7.2420 -3.5421
v  -0.0434 -7.2352 -3.5437
v  0.0005 -7.2339 -3.5440
v  0.0439 -7.2352 -3.5437
v  0.0870 -7.2420 -3.5421
v  0.1291 -7.2511 -3.5400
v  0.1698 -7.2657 -3.5366
v  0.2129 -7.2840 -3.5324
v  0.2533 -7.3080 -3.5269
v  0.2918 -7.3343 -3.5208
v  0.3264 -7.3658 -3.5135
v  0.3586 -7.3991 -3.5059
v  0.3858 -7.4368 -3.4971
v  0.4102 -7.4760 -3.4881
v  0.4290 -7.5185 -3.4783
v  0.4438 -7.5580 -3.4692
v  0.4532 -7.5994 -3.4596
v  0.4603 -7.6414 -3.4499
v  0.4618 -7.6841 -3.4401
v  0.4605 -7.7259 -3.4304
v  0.4535 -7.7675 -3.4208
v  0.4443 -7.8091 -3.4112
v  0.4294 -7.8493 -3.4019
v  0.4105 -7.8911 -3.3923
v  0.3857 -7.9303 -3.3832
v  0.3588 -7.9682 -3.3745
v  0.3265 -8.0022 -3.3666
v  0.2923 -8.0335 -3.3594
v  0.2535 -8.0599 -3.3533
v  0.2135 -8.0838 -3.3478
v  0.1700 -8.1022 -3.3435
v  0.1293 -8.1166 -3.3402
v  0.0865 -8.1257 -3.3381
v  0.0436 -8.1324 -3.3365
v  -0.0001 -8.1336 -3.3363
v  -0.0437 -8.1323 -3.3366
v  -0.0870 -8.1255 -3.3381
v  -0.1295 -8.1164 -3.3403
v  -0.1706 -8.1018 -3.3436
v  -0.2137 -8.0834 -3.3479
v  -0.2541 -8.0591 -3.3535
v  -0.2925 -8.0328 -3.3595
v  -0.3361 -8.0111 -3.3696
v  -0.4414 -7.8543 -3.4058
v  -0.4744 -7.6842 -3.4451
v  -0.4409 -7.5142 -3.4843
v  -0.3349 -7.3577 -3.5205
v  -0.1745 -7.2551 -3.5441
v  0.0007 -7.2225 -3.5517
v  0.1746 -7.2553 -3.5441
v  0.3355 -7.3581 -3.5204
v  0.4409 -7.5151 -3.4841
v  0.4746 -7.6853 -3.4448
v  0.4413 -7.8551 -3.4056
v  0.3355 -8.0122 -3.3694
v  0.1746 -8.1149 -3.3456
v  -0.0002 -8.1472 -3.3382
v  -0.1754 -8.1144 -3.3458
v  -0.3969 -7.9380 -3.3865
v  -0.4661 -7.7710 -3.4251
v  -0.4657 -7.5975 -3.4651
v  -0.3962 -7.4305 -3.5037
v  -0.2603 -7.2982 -3.5342
v  -0.0887 -7.2309 -3.5497
v  0.0895 -7.2309 -3.5497
v  0.2604 -7.2987 -3.5341
v  0.3966 -7.4312 -3.5035
v  0.4657 -7.5983 -3.4649
v  0.4661 -7.7711 -3.4250
v  0.3964 -7.9383 -3.3864
v  0.2605 -8.0715 -3.3557
v  0.0889 -8.1391 -3.3401
v  -0.0895 -8.1388 -3.3401
v  -0.2612 -8.0706 -3.3559
# 7308 vertices

o EX39560T_NW
g EX39560T_NW
s 1
f 33 35 37 108 
f 39 41 35 33 
f 32 51 52 43 
f 38 32 43 45 
f 37 48 54 108 
f 36 34 55 57 
f 34 40 58 55 
f 44 42 117 118 
f 46 44 118 120 
f 109 110 61 63 
f 111 56 1 2 
f 56 59 17 1 
f 111 2 60 49 
f 42 53 62 117 
f 63 61 65 67 
f 2 9 64 60 
f 117 62 66 122 
f 119 116 4 3 
f 121 119 3 21 
f 2 1 5 7 
f 1 17 6 5 
f 2 7 8 9 
f 69 73 67 65 
f 71 75 73 69 
f 66 72 124 122 
f 72 74 126 124 
f 9 10 68 64 
f 10 165 70 68 
f 123 125 12 11 
f 125 127 13 12 
f 123 11 4 116 
f 9 8 14 10 
f 10 14 169 165 
f 79 81 112 77 
f 39 79 77 41 
f 91 87 80 78 
f 45 91 78 38 
f 81 89 86 112 
f 84 94 76 83 
f 94 58 40 76 
f 92 128 130 115 
f 46 120 128 92 
f 113 99 97 114 
f 93 16 15 95 
f 95 15 17 59 
f 85 96 16 93 
f 130 98 90 115 
f 99 103 101 97 
f 96 100 18 16 
f 130 132 102 98 
f 129 20 19 131 
f 121 21 20 129 
f 16 23 22 15 
f 15 22 6 17 
f 16 18 24 23 
f 107 101 103 105 
f 1004 107 105 1008 
f 132 134 104 102 
f 134 136 1007 104 
f 100 106 25 18 
f 106 1003 26 25 
f 133 28 27 135 
f 135 27 29 137 
f 133 131 19 28 
f 18 25 30 24 
f 25 26 31 30 
f 37 36 47 48 
f 108 54 50 51 
f 57 47 36 
f 51 50 52 
f 109 53 50 54 
f 110 48 47 49 
f 111 49 47 57 
f 42 52 50 53 
f 81 80 88 89 
f 112 86 82 83 
f 83 82 84 
f 87 88 80 
f 113 89 88 90 
f 114 85 82 86 
f 93 84 82 85 
f 115 90 88 87 
f 37 35 34 36 
f 33 108 51 32 
f 35 41 40 34 
f 39 33 32 38 
f 42 44 43 52 
f 44 46 45 43 
f 110 109 54 48 
f 61 110 49 60 
f 109 63 62 53 
f 56 111 57 55 
f 59 56 55 58 
f 65 61 60 64 
f 63 67 66 62 
f 67 73 72 66 
f 69 65 64 68 
f 73 75 74 72 
f 71 69 68 70 
f 81 79 78 80 
f 77 112 83 76 
f 79 39 38 78 
f 41 77 76 40 
f 92 115 87 91 
f 46 92 91 45 
f 99 113 90 98 
f 114 97 96 85 
f 113 114 86 89 
f 93 95 94 84 
f 95 59 58 94 
f 103 99 98 102 
f 97 101 100 96 
f 101 107 106 100 
f 105 103 102 104 
f 107 1004 1003 106 
f 1008 105 104 1007 
f 116 119 118 117 
f 119 121 120 118 
f 125 123 122 124 
f 127 125 124 126 
f 123 116 117 122 
f 129 131 130 128 
f 121 129 128 120 
f 133 135 134 132 
f 135 137 136 134 
f 131 133 132 130 
f 171 173 175 246 
f 177 179 173 171 
f 170 189 190 181 
f 176 170 181 183 
f 175 186 192 246 
f 174 172 193 195 
f 172 178 196 193 
f 182 180 255 256 
f 184 182 256 258 
f 247 248 199 201 
f 249 194 138 139 
f 194 197 156 138 
f 249 139 198 187 
f 180 191 200 255 
f 201 199 203 205 
f 139 146 202 198 
f 255 200 204 260 
f 257 254 141 140 
f 259 257 140 160 
f 139 138 142 144 
f 138 156 143 142 
f 139 144 145 146 
f 207 211 205 203 
f 209 213 211 207 
f 204 210 262 260 
f 210 212 264 262 
f 146 147 206 202 
f 147 153 208 206 
f 261 263 149 148 
f 263 265 150 149 
f 261 148 141 254 
f 146 145 151 147 
f 147 151 152 153 
f 217 219 250 215 
f 177 217 215 179 
f 229 225 218 216 
f 183 229 216 176 
f 219 227 224 250 
f 222 232 214 221 
f 232 196 178 214 
f 230 266 268 253 
f 184 258 266 230 
f 251 237 235 252 
f 231 155 154 233 
f 233 154 156 197 
f 223 234 155 231 
f 268 236 228 253 
f 237 241 239 235 
f 234 238 157 155 
f 268 270 240 236 
f 267 159 158 269 
f 259 160 159 267 
f 155 162 161 154 
f 154 161 143 156 
f 155 157 163 162 
f 245 239 241 243 
f 71 245 243 75 
f 270 272 242 240 
f 272 126 74 242 
f 238 244 164 157 
f 244 70 165 164 
f 271 167 166 273 
f 273 166 13 127 
f 271 269 158 167 
f 157 164 168 163 
f 164 165 169 168 
f 175 174 185 186 
f 246 192 188 189 
f 195 185 174 
f 189 188 190 
f 247 191 188 192 
f 248 186 185 187 
f 249 187 185 195 
f 180 190 188 191 
f 219 218 226 227 
f 250 224 220 221 
f 221 220 222 
f 225 226 218 
f 251 227 226 228 
f 252 223 220 224 
f 231 222 220 223 
f 253 228 226 225 
f 175 173 172 174 
f 171 246 189 170 
f 173 179 178 172 
f 177 171 170 176 
f 180 182 181 190 
f 182 184 183 181 
f 248 247 192 186 
f 199 248 187 198 
f 247 201 200 191 
f 194 249 195 193 
f 197 194 193 196 
f 203 199 198 202 
f 201 205 204 200 
f 205 211 210 204 
f 207 203 202 206 
f 211 213 212 210 
f 209 207 206 208 
f 219 217 216 218 
f 215 250 221 214 
f 217 177 176 216 
f 179 215 214 178 
f 230 253 225 229 
f 184 230 229 183 
f 237 251 228 236 
f 252 235 234 223 
f 251 252 224 227 
f 231 233 232 222 
f 233 197 196 232 
f 241 237 236 240 
f 235 239 238 234 
f 239 245 244 238 
f 243 241 240 242 
f 245 71 70 244 
f 75 243 242 74 
f 254 257 256 255 
f 257 259 258 256 
f 263 261 260 262 
f 265 263 262 264 
f 261 254 255 260 
f 267 269 268 266 
f 259 267 266 258 
f 271 273 272 270 
f 273 127 126 272 
f 269 271 270 268 
f 305 307 309 380 
f 311 313 307 305 
f 304 323 324 315 
f 310 304 315 317 
f 309 320 326 380 
f 308 306 327 329 
f 306 312 330 327 
f 316 314 389 390 
f 318 316 390 392 
f 381 382 333 335 
f 383 328 274 275 
f 328 331 292 274 
f 383 275 332 321 
f 314 325 334 389 
f 335 333 337 339 
f 275 282 336 332 
f 389 334 338 394 
f 391 388 277 276 
f 393 391 276 296 
f 275 274 278 280 
f 274 292 279 278 
f 275 280 281 282 
f 341 345 339 337 
f 343 347 345 341 
f 338 344 396 394 
f 344 346 398 396 
f 282 283 340 336 
f 283 289 342 340 
f 395 397 285 284 
f 397 399 286 285 
f 395 284 277 388 
f 282 281 287 283 
f 283 287 288 289 
f 351 353 384 349 
f 311 351 349 313 
f 363 359 352 350 
f 317 363 350 310 
f 353 361 358 384 
f 356 366 348 355 
f 366 330 312 348 
f 364 400 402 387 
f 318 392 400 364 
f 385 371 369 386 
f 365 291 290 367 
f 367 290 292 331 
f 357 368 291 365 
f 402 370 362 387 
f 371 375 373 369 
f 368 372 293 291 
f 402 404 374 370 
f 401 295 294 403 
f 393 296 295 401 
f 291 298 297 290 
f 290 297 279 292 
f 291 293 299 298 
f 379 373 375 377 
f 209 379 377 213 
f 404 406 376 374 
f 406 264 212 376 
f 372 378 300 293 
f 378 208 153 300 
f 405 302 301 407 
f 407 301 150 265 
f 405 403 294 302 
f 293 300 303 299 
f 300 153 152 303 
f 309 308 319 320 
f 380 326 322 323 
f 329 319 308 
f 323 322 324 
f 381 325 322 326 
f 382 320 319 321 
f 383 321 319 329 
f 314 324 322 325 
f 353 352 360 361 
f 384 358 354 355 
f 355 354 356 
f 359 360 352 
f 385 361 360 362 
f 386 357 354 358 
f 365 356 354 357 
f 387 362 360 359 
f 309 307 306 308 
f 305 380 323 304 
f 307 313 312 306 
f 311 305 304 310 
f 314 316 315 324 
f 316 318 317 315 
f 382 381 326 320 
f 333 382 321 332 
f 381 335 334 325 
f 328 383 329 327 
f 331 328 327 330 
f 337 333 332 336 
f 335 339 338 334 
f 339 345 344 338 
f 341 337 336 340 
f 345 347 346 344 
f 343 341 340 342 
f 353 351 350 352 
f 349 384 355 348 
f 351 311 310 350 
f 313 349 348 312 
f 364 387 359 363 
f 318 364 363 317 
f 371 385 362 370 
f 386 369 368 357 
f 385 386 358 361 
f 365 367 366 356 
f 367 331 330 366 
f 375 371 370 374 
f 369 373 372 368 
f 373 379 378 372 
f 377 375 374 376 
f 379 209 208 378 
f 213 377 376 212 
f 388 391 390 389 
f 391 393 392 390 
f 397 395 394 396 
f 399 397 396 398 
f 395 388 389 394 
f 401 403 402 400 
f 393 401 400 392 
f 405 407 406 404 
f 407 265 264 406 
f 403 405 404 402 
f 438 440 442 509 
f 444 446 440 438 
f 437 456 457 448 
f 443 437 448 450 
f 442 453 459 509 
f 441 439 460 462 
f 439 445 463 460 
f 449 447 518 519 
f 451 449 519 521 
f 510 511 466 468 
f 512 461 408 409 
f 461 464 425 408 
f 512 409 465 454 
f 447 458 467 518 
f 468 466 470 472 
f 409 416 469 465 
f 518 467 471 523 
f 520 517 411 410 
f 522 520 410 429 
f 409 408 412 414 
f 408 425 413 412 
f 409 414 415 416 
f 474 476 472 470 
f 642 640 476 474 
f 471 475 525 523 
f 475 639 527 525 
f 416 417 473 469 
f 417 422 641 473 
f 524 526 419 418 
f 526 528 565 419 
f 524 418 411 517 
f 416 415 420 417 
f 417 420 421 422 
f 480 482 513 478 
f 444 480 478 446 
f 492 488 481 479 
f 450 492 479 443 
f 482 490 487 513 
f 485 495 477 484 
f 495 463 445 477 
f 493 529 531 516 
f 451 521 529 493 
f 514 500 498 515 
f 494 424 423 496 
f 496 423 425 464 
f 486 497 424 494 
f 531 499 491 516 
f 500 504 502 498 
f 497 501 426 424 
f 531 533 503 499 
f 530 428 427 532 
f 522 429 428 530 
f 424 431 430 423 
f 423 430 413 425 
f 424 426 432 431 
f 508 502 504 506 
f 343 508 506 347 
f 533 535 505 503 
f 535 398 346 505 
f 501 507 433 426 
f 507 342 289 433 
f 534 435 434 536 
f 536 434 286 399 
f 534 532 427 435 
f 426 433 436 432 
f 433 289 288 436 
f 442 441 452 453 
f 509 459 455 456 
f 462 452 441 
f 456 455 457 
f 510 458 455 459 
f 511 453 452 454 
f 512 454 452 462 
f 447 457 455 458 
f 482 481 489 490 
f 513 487 483 484 
f 484 483 485 
f 488 489 481 
f 514 490 489 491 
f 515 486 483 487 
f 494 485 483 486 
f 516 491 489 488 
f 442 440 439 441 
f 438 509 456 437 
f 440 446 445 439 
f 444 438 437 443 
f 447 449 448 457 
f 449 451 450 448 
f 511 510 459 453 
f 466 511 454 465 
f 510 468 467 458 
f 461 512 462 460 
f 464 461 460 463 
f 470 466 465 469 
f 468 472 471 467 
f 472 476 475 471 
f 474 470 469 473 
f 476 640 639 475 
f 642 474 473 641 
f 482 480 479 481 
f 478 513 484 477 
f 480 444 443 479 
f 446 478 477 445 
f 493 516 488 492 
f 451 493 492 450 
f 500 514 491 499 
f 515 498 497 486 
f 514 515 487 490 
f 494 496 495 485 
f 496 464 463 495 
f 504 500 499 503 
f 498 502 501 497 
f 502 508 507 501 
f 506 504 503 505 
f 508 343 342 507 
f 347 506 505 346 
f 517 520 519 518 
f 520 522 521 519 
f 526 524 523 525 
f 528 526 525 527 
f 524 517 518 523 
f 530 532 531 529 
f 522 530 529 521 
f 534 536 535 533 
f 536 399 398 535 
f 532 534 533 531 
f 568 570 572 643 
f 574 576 570 568 
f 567 586 587 578 
f 573 567 578 580 
f 572 583 589 643 
f 571 569 590 592 
f 569 575 593 590 
f 579 577 652 653 
f 581 579 653 655 
f 644 645 596 598 
f 646 591 537 538 
f 591 594 554 537 
f 646 538 595 584 
f 577 588 597 652 
f 598 596 600 602 
f 538 545 599 595 
f 652 597 601 657 
f 654 651 540 539 
f 656 654 539 558 
f 538 537 541 543 
f 537 554 542 541 
f 538 543 544 545 
f 604 606 602 600 
f 772 770 606 604 
f 601 605 659 657 
f 605 769 799 659 
f 545 546 603 599 
f 546 551 771 603 
f 658 660 548 547 
f 660 800 695 548 
f 658 547 540 651 
f 545 544 549 546 
f 546 549 550 551 
f 610 612 647 608 
f 574 610 608 576 
f 622 618 611 609 
f 580 622 609 573 
f 612 620 617 647 
f 615 625 607 614 
f 625 593 575 607 
f 623 661 663 650 
f 581 655 661 623 
f 648 630 628 649 
f 624 553 552 626 
f 626 552 554 594 
f 616 627 553 624 
f 663 629 621 650 
f 630 634 632 628 
f 627 631 555 553 
f 663 665 633 629 
f 662 557 556 664 
f 656 558 557 662 
f 553 560 559 552 
f 552 559 542 554 
f 553 555 561 560 
f 638 632 634 636 
f 642 638 636 640 
f 665 667 635 633 
f 667 527 639 635 
f 631 637 562 555 
f 637 641 422 562 
f 666 564 563 668 
f 668 563 565 528 
f 666 664 556 564 
f 555 562 566 561 
f 562 422 421 566 
f 572 571 582 583 
f 643 589 585 586 
f 592 582 571 
f 586 585 587 
f 644 588 585 589 
f 645 583 582 584 
f 646 584 582 592 
f 577 587 585 588 
f 612 611 619 620 
f 647 617 613 614 
f 614 613 615 
f 618 619 611 
f 648 620 619 621 
f 649 616 613 617 
f 624 615 613 616 
f 650 621 619 618 
f 572 570 569 571 
f 568 643 586 567 
f 570 576 575 569 
f 574 568 567 573 
f 577 579 578 587 
f 579 581 580 578 
f 645 644 589 583 
f 596 645 584 595 
f 644 598 597 588 
f 591 646 592 590 
f 594 591 590 593 
f 600 596 595 599 
f 598 602 601 597 
f 602 606 605 601 
f 604 600 599 603 
f 606 770 769 605 
f 772 604 603 771 
f 612 610 609 611 
f 608 647 614 607 
f 610 574 573 609 
f 576 608 607 575 
f 623 650 618 622 
f 581 623 622 580 
f 630 648 621 629 
f 649 628 627 616 
f 648 649 617 620 
f 624 626 625 615 
f 626 594 593 625 
f 634 630 629 633 
f 628 632 631 627 
f 632 638 637 631 
f 636 634 633 635 
f 638 642 641 637 
f 640 636 635 639 
f 651 654 653 652 
f 654 656 655 653 
f 660 658 657 659 
f 800 660 659 799 
f 658 651 652 657 
f 662 664 663 661 
f 656 662 661 655 
f 666 668 667 665 
f 668 528 527 667 
f 664 666 665 663 
f 698 700 702 773 
f 704 706 700 698 
f 697 716 717 708 
f 703 697 708 710 
f 702 713 719 773 
f 701 699 720 722 
f 699 705 723 720 
f 709 707 782 783 
f 711 709 783 785 
f 774 775 726 728 
f 776 721 669 670 
f 721 724 684 669 
f 776 670 725 714 
f 707 718 727 782 
f 728 726 730 732 
f 670 677 729 725 
f 782 727 731 787 
f 784 781 672 671 
f 786 784 671 688 
f 670 669 673 675 
f 669 684 674 673 
f 670 675 676 677 
f 734 736 732 730 
f 906 904 736 734 
f 731 735 789 787 
f 735 903 933 789 
f 677 678 733 729 
f 678 825 905 733 
f 788 790 680 679 
f 790 934 828 680 
f 788 679 672 781 
f 677 676 681 678 
f 678 681 830 825 
f 740 742 777 738 
f 704 740 738 706 
f 752 748 741 739 
f 710 752 739 703 
f 742 750 747 777 
f 745 755 737 744 
f 755 723 705 737 
f 753 791 793 780 
f 711 785 791 753 
f 778 760 758 779 
f 754 683 682 756 
f 756 682 684 724 
f 746 757 683 754 
f 793 759 751 780 
f 760 764 762 758 
f 757 761 685 683 
f 793 795 763 759 
f 792 687 686 794 
f 786 688 687 792 
f 683 690 689 682 
f 682 689 674 684 
f 683 685 691 690 
f 768 762 764 766 
f 772 768 766 770 
f 795 797 765 763 
f 797 799 769 765 
f 761 767 692 685 
f 767 771 551 692 
f 796 694 693 798 
f 798 693 695 800 
f 796 794 686 694 
f 685 692 696 691 
f 692 551 550 696 
f 702 701 712 713 
f 773 719 715 716 
f 722 712 701 
f 716 715 717 
f 774 718 715 719 
f 775 713 712 714 
f 776 714 712 722 
f 707 717 715 718 
f 742 741 749 750 
f 777 747 743 744 
f 744 743 745 
f 748 749 741 
f 778 750 749 751 
f 779 746 743 747 
f 754 745 743 746 
f 780 751 749 748 
f 702 700 699 701 
f 698 773 716 697 
f 700 706 705 699 
f 704 698 697 703 
f 707 709 708 717 
f 709 711 710 708 
f 775 774 719 713 
f 726 775 714 725 
f 774 728 727 718 
f 721 776 722 720 
f 724 721 720 723 
f 730 726 725 729 
f 728 732 731 727 
f 732 736 735 731 
f 734 730 729 733 
f 736 904 903 735 
f 906 734 733 905 
f 742 740 739 741 
f 738 777 744 737 
f 740 704 703 739 
f 706 738 737 705 
f 753 780 748 752 
f 711 753 752 710 
f 760 778 751 759 
f 779 758 757 746 
f 778 779 747 750 
f 754 756 755 745 
f 756 724 723 755 
f 764 760 759 763 
f 758 762 761 757 
f 762 768 767 761 
f 766 764 763 765 
f 768 772 771 767 
f 770 766 765 769 
f 781 784 783 782 
f 784 786 785 783 
f 790 788 787 789 
f 934 790 789 933 
f 788 781 782 787 
f 792 794 793 791 
f 786 792 791 785 
f 796 798 797 795 
f 798 800 799 797 
f 794 796 795 793 
f 832 834 836 907 
f 838 840 834 832 
f 831 850 851 842 
f 837 831 842 844 
f 836 847 853 907 
f 835 833 854 856 
f 833 839 857 854 
f 843 841 916 917 
f 845 843 917 919 
f 908 909 860 862 
f 910 855 801 802 
f 855 858 816 801 
f 910 802 859 848 
f 841 852 861 916 
f 862 860 864 866 
f 802 809 863 859 
f 916 861 865 921 
f 918 915 804 803 
f 920 918 803 820 
f 802 801 805 807 
f 801 816 806 805 
f 802 807 808 809 
f 868 870 866 864 
f 1044 1042 870 868 
f 865 869 923 921 
f 869 1041 1071 923 
f 809 810 867 863 
f 810 959 1043 867 
f 922 924 812 811 
f 924 1072 962 812 
f 922 811 804 915 
f 809 808 813 810 
f 810 813 964 959 
f 874 876 911 872 
f 838 874 872 840 
f 886 882 875 873 
f 844 886 873 837 
f 876 884 881 911 
f 879 889 871 878 
f 889 857 839 871 
f 887 925 927 914 
f 845 919 925 887 
f 912 894 892 913 
f 888 815 814 890 
f 890 814 816 858 
f 880 891 815 888 
f 927 893 885 914 
f 894 898 896 892 
f 891 895 817 815 
f 927 929 897 893 
f 926 819 818 928 
f 920 820 819 926 
f 815 822 821 814 
f 814 821 806 816 
f 815 817 823 822 
f 902 896 898 900 
f 906 902 900 904 
f 929 931 899 897 
f 931 933 903 899 
f 895 901 824 817 
f 901 905 825 824 
f 930 827 826 932 
f 932 826 828 934 
f 930 928 818 827 
f 817 824 829 823 
f 824 825 830 829 
f 836 835 846 847 
f 907 853 849 850 
f 856 846 835 
f 850 849 851 
f 908 852 849 853 
f 909 847 846 848 
f 910 848 846 856 
f 841 851 849 852 
f 876 875 883 884 
f 911 881 877 878 
f 878 877 879 
f 882 883 875 
f 912 884 883 885 
f 913 880 877 881 
f 888 879 877 880 
f 914 885 883 882 
f 836 834 833 835 
f 832 907 850 831 
f 834 840 839 833 
f 838 832 831 837 
f 841 843 842 851 
f 843 845 844 842 
f 909 908 853 847 
f 860 909 848 859 
f 908 862 861 852 
f 855 910 856 854 
f 858 855 854 857 
f 864 860 859 863 
f 862 866 865 861 
f 866 870 869 865 
f 868 864 863 867 
f 870 1042 1041 869 
f 1044 868 867 1043 
f 876 874 873 875 
f 872 911 878 871 
f 874 838 837 873 
f 840 872 871 839 
f 887 914 882 886 
f 845 887 886 844 
f 894 912 885 893 
f 913 892 891 880 
f 912 913 881 884 
f 888 890 889 879 
f 890 858 857 889 
f 898 894 893 897 
f 892 896 895 891 
f 896 902 901 895 
f 900 898 897 899 
f 902 906 905 901 
f 904 900 899 903 
f 915 918 917 916 
f 918 920 919 917 
f 924 922 921 923 
f 1072 924 923 1071 
f 922 915 916 921 
f 926 928 927 925 
f 920 926 925 919 
f 930 932 931 929 
f 932 934 933 931 
f 928 930 929 927 
f 966 968 970 1045 
f 972 974 968 966 
f 965 984 985 976 
f 971 965 976 978 
f 970 981 987 1045 
f 969 967 988 990 
f 967 973 991 988 
f 977 975 1054 1055 
f 979 977 1055 1057 
f 1046 1047 994 996 
f 1048 989 935 936 
f 989 992 950 935 
f 1048 936 993 982 
f 975 986 995 1054 
f 996 994 998 1000 
f 936 943 997 993 
f 1054 995 999 1059 
f 1056 1053 938 937 
f 1058 1056 937 954 
f 936 935 939 941 
f 935 950 940 939 
f 936 941 942 943 
f 1002 1006 1000 998 
f 1004 1008 1006 1002 
f 999 1005 1061 1059 
f 1005 1007 136 1061 
f 943 944 1001 997 
f 944 26 1003 1001 
f 1060 1062 946 945 
f 1062 137 29 946 
f 1060 945 938 1053 
f 943 942 947 944 
f 944 947 31 26 
f 1012 1014 1049 1010 
f 972 1012 1010 974 
f 1024 1020 1013 1011 
f 978 1024 1011 971 
f 1014 1022 1019 1049 
f 1017 1027 1009 1016 
f 1027 991 973 1009 
f 1025 1063 1065 1052 
f 979 1057 1063 1025 
f 1050 1032 1030 1051 
f 1026 949 948 1028 
f 1028 948 950 992 
f 1018 1029 949 1026 
f 1065 1031 1023 1052 
f 1032 1036 1034 1030 
f 1029 1033 951 949 
f 1065 1067 1035 1031 
f 1064 953 952 1066 
f 1058 954 953 1064 
f 949 956 955 948 
f 948 955 940 950 
f 949 951 957 956 
f 1040 1034 1036 1038 
f 1044 1040 1038 1042 
f 1067 1069 1037 1035 
f 1069 1071 1041 1037 
f 1033 1039 958 951 
f 1039 1043 959 958 
f 1068 961 960 1070 
f 1070 960 962 1072 
f 1068 1066 952 961 
f 951 958 963 957 
f 958 959 964 963 
f 970 969 980 981 
f 1045 987 983 984 
f 990 980 969 
f 984 983 985 
f 1046 986 983 987 
f 1047 981 980 982 
f 1048 982 980 990 
f 975 985 983 986 
f 1014 1013 1021 1022 
f 1049 1019 1015 1016 
f 1016 1015 1017 
f 1020 1021 1013 
f 1050 1022 1021 1023 
f 1051 1018 1015 1019 
f 1026 1017 1015 1018 
f 1052 1023 1021 1020 
f 970 968 967 969 
f 966 1045 984 965 
f 968 974 973 967 
f 972 966 965 971 
f 975 977 976 985 
f 977 979 978 976 
f 1047 1046 987 981 
f 994 1047 982 993 
f 1046 996 995 986 
f 989 1048 990 988 
f 992 989 988 991 
f 998 994 993 997 
f 996 1000 999 995 
f 1000 1006 1005 999 
f 1002 998 997 1001 
f 1006 1008 1007 1005 
f 1004 1002 1001 1003 
f 1014 1012 1011 1013 
f 1010 1049 1016 1009 
f 1012 972 971 1011 
f 974 1010 1009 973 
f 1025 1052 1020 1024 
f 979 1025 1024 978 
f 1032 1050 1023 1031 
f 1051 1030 1029 1018 
f 1050 1051 1019 1022 
f 1026 1028 1027 1017 
f 1028 992 991 1027 
f 1036 1032 1031 1035 
f 1030 1034 1033 1029 
f 1034 1040 1039 1033 
f 1038 1036 1035 1037 
f 1040 1044 1043 1039 
f 1042 1038 1037 1041 
f 1053 1056 1055 1054 
f 1056 1058 1057 1055 
f 1062 1060 1059 1061 
f 137 1062 1061 136 
f 1060 1053 1054 1059 
f 1064 1066 1065 1063 
f 1058 1064 1063 1057 
f 1068 1070 1069 1067 
f 1070 1072 1071 1069 
f 1066 1068 1067 1065 
f 1104 1946 1948 1073 
f 1948 1951 1074 1073 
f 1951 1954 1075 1074 
f 1954 1957 1076 1075 
f 1957 1960 1077 1076 
f 1960 1963 1078 1077 
f 1963 1966 1079 1078 
f 1966 1969 1080 1079 
f 1969 1972 1081 1080 
f 1972 1975 1082 1081 
f 1975 1978 1083 1082 
f 1978 1981 1084 1083 
f 1981 1984 1085 1084 
f 1984 1987 1086 1085 
f 1987 1990 1087 1086 
f 1990 1993 1088 1087 
f 1993 1996 1089 1088 
f 1996 1999 1090 1089 
f 1999 2002 1091 1090 
f 2002 2005 1092 1091 
f 2005 2008 1093 1092 
f 2008 2011 1094 1093 
f 2011 2014 1095 1094 
f 2014 2017 1096 1095 
f 2017 2020 1097 1096 
f 2020 2023 1098 1097 
f 2023 2026 1099 1098 
f 2026 2029 1100 1099 
f 2029 2032 1101 1100 
f 2032 2035 1102 1101 
f 2035 2038 1103 1102 
f 2038 1946 1104 1103 
s 2
f 1949 1945 2042 2044 
f 1952 1949 2044 2047 
f 1955 1952 2047 2050 
f 1958 1955 2050 2053 
f 1961 1958 2053 2056 
f 1964 1961 2056 2059 
f 1967 1964 2059 2062 
f 1970 1967 2062 2065 
f 1973 1970 2065 2068 
f 1976 1973 2068 2071 
f 1979 1976 2071 2074 
f 1982 1979 2074 2077 
f 1985 1982 2077 2080 
f 1988 1985 2080 2083 
f 1991 1988 2083 2086 
f 1994 1991 2086 2089 
f 1997 1994 2089 2092 
f 2000 1997 2092 2095 
f 2003 2000 2095 2098 
f 2006 2003 2098 2101 
f 2009 2006 2101 2104 
f 2012 2009 2104 2107 
f 2015 2012 2107 2110 
f 2018 2015 2110 2113 
f 2021 2018 2113 2116 
f 2024 2021 2116 2119 
f 2027 2024 2119 2122 
f 2030 2027 2122 2125 
f 2033 2030 2125 2128 
f 2036 2033 2128 2131 
f 2039 2036 2131 2134 
f 1945 2039 2134 2042 
s 1
f 2045 2041 2138 2140 
f 2048 2045 2140 2143 
f 2051 2048 2143 2146 
f 2054 2051 2146 2149 
f 2057 2054 2149 2152 
f 2060 2057 2152 2155 
f 2063 2060 2155 2158 
f 2066 2063 2158 2161 
f 2069 2066 2161 2164 
f 2072 2069 2164 2167 
f 2075 2072 2167 2170 
f 2078 2075 2170 2173 
f 2081 2078 2173 2176 
f 2084 2081 2176 2179 
f 2087 2084 2179 2182 
f 2090 2087 2182 2185 
f 2093 2090 2185 2188 
f 2096 2093 2188 2191 
f 2099 2096 2191 2194 
f 2102 2099 2194 2197 
f 2105 2102 2197 2200 
f 2108 2105 2200 2203 
f 2111 2108 2203 2206 
f 2114 2111 2206 2209 
f 2117 2114 2209 2212 
f 2120 2117 2212 2215 
f 2123 2120 2215 2218 
f 2126 2123 2218 2221 
f 2129 2126 2221 2224 
f 2132 2129 2224 2227 
f 2135 2132 2227 2230 
f 2041 2135 2230 2138 
s 2
f 2141 2137 2234 2236 
f 2144 2141 2236 2239 
f 2147 2144 2239 2242 
f 2150 2147 2242 2245 
f 2153 2150 2245 2248 
f 2156 2153 2248 2251 
f 2159 2156 2251 2254 
f 2162 2159 2254 2257 
f 2165 2162 2257 2260 
f 2168 2165 2260 2263 
f 2171 2168 2263 2266 
f 2174 2171 2266 2269 
f 2177 2174 2269 2272 
f 2180 2177 2272 2275 
f 2183 2180 2275 2278 
f 2186 2183 2278 2281 
f 2189 2186 2281 2284 
f 2192 2189 2284 2287 
f 2195 2192 2287 2290 
f 2198 2195 2290 2293 
f 2201 2198 2293 2296 
f 2204 2201 2296 2299 
f 2207 2204 2299 2302 
f 2210 2207 2302 2305 
f 2213 2210 2305 2308 
f 2216 2213 2308 2311 
f 2219 2216 2311 2314 
f 2222 2219 2314 2317 
f 2225 2222 2317 2320 
f 2228 2225 2320 2323 
f 2231 2228 2323 2326 
f 2137 2231 2326 2234 
s 1
f 2237 2233 1105 
f 2240 2237 1105 
f 2243 2240 1105 
f 2246 2243 1105 
f 2249 2246 1105 
f 2252 2249 1105 
f 2255 2252 1105 
f 2258 2255 1105 
f 2261 2258 1105 
f 2264 2261 1105 
f 2267 2264 1105 
f 2270 2267 1105 
f 2273 2270 1105 
f 2276 2273 1105 
f 2279 2276 1105 
f 2282 2279 1105 
f 2285 2282 1105 
f 2288 2285 1105 
f 2291 2288 1105 
f 2294 2291 1105 
f 2297 2294 1105 
f 2300 2297 1105 
f 2303 2300 1105 
f 2306 2303 1105 
f 2309 2306 1105 
f 2312 2309 1105 
f 2315 2312 1105 
f 2318 2315 1105 
f 2321 2318 1105 
f 2324 2321 1105 
f 2327 2324 1105 
f 2233 2327 1105 
f 1106 1107 1108 1109 
s 2
f 1110 1107 1106 1111 
s 1
f 1115 1116 1117 1118 
f 1119 1116 1115 1120 
f 1121 1122 1123 1124 
f 1125 1122 1121 1126 
f 1127 1128 1129 1130 
f 1131 1128 1127 1132 
f 1136 1137 1138 1139 
s 2
f 1140 1137 1136 1141 
s 1
f 1142 1143 1144 1145 
s 2
f 1146 1143 1142 1147 
s 1
f 1148 1149 1150 1151 
f 1152 1149 1148 1153 
f 1157 1158 1159 1160 
s 2
f 1161 1158 1157 1162 
s 1
f 1163 1164 1165 1166 
f 1167 1164 1163 1168 
f 1169 1170 1171 1172 
s 2
f 1173 1170 1169 1174 
s 1
f 1178 1179 1180 1181 
f 1182 1179 1178 1183 
f 1184 1185 1186 1187 
f 1188 1185 1184 1189 
f 1190 1191 1192 1193 
f 1194 1191 1190 1195 
f 1199 1200 1201 1202 
f 1203 1200 1199 1204 
f 1205 1206 1207 1208 
f 1209 1206 1205 1210 
f 1211 1212 1213 1214 
f 1215 1212 1211 1216 
f 1220 1221 1222 1223 
s 2
f 1224 1221 1220 1225 
s 1
f 1226 1227 1228 1229 
f 1230 1227 1226 1231 
s 2
f 1109 1108 1232 1233 
f 1110 1111 1235 1234 
s 1
f 1118 1117 1238 1239 
f 1119 1120 1241 1240 
s 2
f 1124 1123 1242 1243 
f 1125 1126 1245 1244 
f 1130 1129 1246 1247 
f 1131 1132 1249 1248 
f 1139 1138 1252 1253 
f 1140 1141 1255 1254 
f 1145 1144 1256 1257 
f 1146 1147 1259 1258 
s 1
f 1151 1150 1260 1261 
f 1152 1153 1263 1262 
s 2
f 1160 1159 1266 1267 
f 1161 1162 1269 1268 
s 1
f 1166 1165 1270 1271 
f 1167 1168 1273 1272 
s 2
f 1172 1171 1274 1275 
f 1173 1174 1277 1276 
s 1
f 1181 1180 1280 1281 
f 1182 1183 1283 1282 
f 1187 1186 1284 1285 
f 1188 1189 1287 1286 
f 1193 1192 1288 1289 
f 1194 1195 1291 1290 
f 1202 1201 1294 1295 
f 1203 1204 1297 1296 
f 1208 1207 1298 1299 
f 1209 1210 1301 1300 
f 1214 1213 1302 1303 
f 1215 1216 1305 1304 
s 2
f 1223 1222 1308 1309 
f 1224 1225 1311 1310 
s 1
f 1229 1228 1312 1313 
f 1230 1231 1315 1314 
f 1316 1319 1320 1317 
f 1317 1320 1321 1318 
f 1319 1322 1323 1320 
f 1320 1323 1324 1321 
f 1322 1325 1326 1323 
f 1323 1326 1327 1324 
f 1325 1328 1329 1326 
f 1326 1329 1330 1327 
f 1328 1331 1332 1329 
f 1329 1332 1333 1330 
f 1331 1334 1335 1332 
f 1332 1335 1336 1333 
f 1334 1337 1338 1335 
f 1335 1338 1339 1336 
f 1337 1340 1341 1338 
f 1338 1341 1342 1339 
f 1340 1343 1344 1341 
f 1341 1344 1345 1342 
f 1343 1346 1347 1344 
f 1344 1347 1348 1345 
f 1346 1349 1350 1347 
f 1347 1350 1351 1348 
f 1349 1352 1353 1350 
f 1350 1353 1354 1351 
f 1352 1355 1356 1353 
f 1353 1356 1357 1354 
f 1355 1358 1359 1356 
f 1356 1359 1360 1357 
f 1358 1361 1362 1359 
f 1359 1362 1363 1360 
f 1361 1364 1365 1362 
f 1362 1365 1366 1363 
f 1364 1367 1368 1365 
f 1365 1368 1369 1366 
f 1367 1370 1371 1368 
f 1368 1371 1372 1369 
f 1370 1373 1374 1371 
f 1371 1374 1375 1372 
f 1373 1376 1377 1374 
f 1374 1377 1378 1375 
f 1376 1379 1380 1377 
f 1377 1380 1381 1378 
f 1379 1382 1383 1380 
f 1380 1383 1384 1381 
f 1382 1385 1386 1383 
f 1383 1386 1387 1384 
f 1385 1388 1389 1386 
f 1386 1389 1390 1387 
f 1388 1391 1392 1389 
f 1389 1392 1393 1390 
f 1391 1394 1395 1392 
f 1392 1395 1396 1393 
f 1394 1397 1398 1395 
f 1395 1398 1399 1396 
f 1397 1400 1401 1398 
f 1398 1401 1402 1399 
f 1400 1403 1404 1401 
f 1401 1404 1405 1402 
f 1403 1406 1407 1404 
f 1404 1407 1408 1405 
f 1406 1409 1410 1407 
f 1407 1410 1411 1408 
f 1409 1316 1317 1410 
f 1410 1317 1318 1411 
f 1319 1316 1412 1414 
f 1318 1321 1415 1413 
f 1322 1319 1414 1416 
f 1321 1324 1417 1415 
f 1325 1322 1416 1418 
f 1324 1327 1419 1417 
f 1328 1325 1418 1420 
f 1327 1330 1421 1419 
f 1331 1328 1420 1422 
f 1330 1333 1423 1421 
f 1334 1331 1422 1424 
f 1333 1336 1425 1423 
f 1337 1334 1424 1426 
f 1336 1339 1427 1425 
f 1340 1337 1426 1428 
f 1339 1342 1429 1427 
f 1343 1340 1428 1430 
f 1342 1345 1431 1429 
f 1346 1343 1430 1432 
f 1345 1348 1433 1431 
f 1349 1346 1432 1434 
f 1348 1351 1435 1433 
f 1352 1349 1434 1436 
f 1351 1354 1437 1435 
f 1355 1352 1436 1438 
f 1354 1357 1439 1437 
f 1358 1355 1438 1440 
f 1357 1360 1441 1439 
f 1361 1358 1440 1442 
f 1360 1363 1443 1441 
f 1364 1361 1442 1444 
f 1363 1366 1445 1443 
f 1367 1364 1444 1446 
f 1366 1369 1447 1445 
f 1370 1367 1446 1448 
f 1369 1372 1449 1447 
f 1373 1370 1448 1450 
f 1372 1375 1451 1449 
f 1376 1373 1450 1452 
f 1375 1378 1453 1451 
f 1379 1376 1452 1454 
f 1378 1381 1455 1453 
f 1382 1379 1454 1456 
f 1381 1384 1457 1455 
f 1385 1382 1456 1458 
f 1384 1387 1459 1457 
f 1388 1385 1458 1460 
f 1387 1390 1461 1459 
f 1391 1388 1460 1462 
f 1390 1393 1463 1461 
f 1394 1391 1462 1464 
f 1393 1396 1465 1463 
f 1397 1394 1464 1466 
f 1396 1399 1467 1465 
f 1400 1397 1466 1468 
f 1399 1402 1469 1467 
f 1403 1400 1468 1470 
f 1402 1405 1471 1469 
f 1406 1403 1470 1472 
f 1405 1408 1473 1471 
f 1409 1406 1472 1474 
f 1408 1411 1475 1473 
f 1316 1409 1474 1412 
f 1411 1318 1413 1475 
s 2
f 1815 1478 1476 1820 
f 1477 1478 1815 1486 
f 1498 1481 1479 1484 
f 1480 1481 1498 1500 
f 1481 1529 1482 1479 
f 1525 1529 1481 1483 
f 1498 1488 1530 1502 
f 1485 1488 1498 1484 
f 1815 1488 1485 1486 
f 1487 1488 1815 1818 
f 1529 1478 1477 1482 
f 1489 1478 1529 1527 
f 1490 1497 1494 1491 
f 1495 1497 1490 1492 
f 1497 1514 1493 1494 
f 1511 1514 1497 1496 
f 1509 1497 1495 1510 
f 1496 1497 1509 1507 
f 1498 1503 1499 1500 
f 1501 1503 1498 1502 
f 1514 1481 1480 1493 
f 1483 1481 1514 1513 
f 1504 1509 1505 1506 
f 1507 1509 1504 1508 
s 19
f 1509 1510 1218 1217 
s 10
f 1505 1509 1217 1219 
s 2
f 1518 1514 1511 1512 
f 1513 1514 1518 1520 
f 1549 1518 1512 1515 
f 1522 1518 1549 1552 
f 1504 1549 1515 1508 
f 1554 1549 1504 1516 
f 1541 1504 1506 1538 
f 1516 1504 1541 1517 
f 1518 1523 1519 1520 
f 1521 1523 1518 1522 
f 1524 1529 1525 1526 
f 1527 1529 1524 1528 
s 19
f 1488 1487 1197 1196 
s 6
f 1530 1488 1196 1198 
s 2
f 1531 1503 1501 1532 
f 1499 1503 1531 1533 
f 1534 1490 1491 1535 
f 1492 1490 1534 1536 
f 1537 1541 1538 1539 
f 1517 1541 1537 1540 
f 1542 1545 1547 1543 
f 1546 1545 1542 1544 
f 1618 1545 1546 1622 
f 1547 1545 1618 1548 
f 1549 1550 1551 1552 
f 1553 1550 1549 1554 
f 1820 1476 1555 1875 
f 1477 1486 1563 1556 
f 1484 1479 1557 1561 
f 1480 1500 1573 1558 
s 1
f 1479 1482 1559 1557 
f 1525 1483 1560 1591 
s 4
f 1502 1530 1595 1575 
s 2
f 1485 1484 1561 1562 
f 1486 1485 1562 1563 
s 8
f 1487 1818 1873 1564 
s 2
f 1482 1477 1556 1559 
s 1
f 1489 1527 1593 1565 
f 1491 1494 1569 1566 
f 1495 1492 1567 1570 
f 1494 1493 1568 1569 
f 1511 1496 1571 1581 
s 4
f 1510 1495 1570 1580 
s 2
f 1496 1507 1578 1571 
s 1
f 1500 1499 1572 1573 
s 4
f 1501 1502 1575 1574 
s 1
f 1493 1480 1558 1568 
s 2
f 1483 1513 1583 1560 
f 1506 1505 1576 1577 
s 1
f 1507 1508 1579 1578 
s 10
f 1510 1580 1306 1218 
s 22
f 1505 1219 1307 1576 
s 2
f 1512 1511 1581 1582 
s 1
f 1513 1520 1588 1583 
f 1515 1512 1582 1584 
f 1522 1552 1608 1590 
s 2
f 1508 1515 1584 1579 
f 1554 1516 1585 1610 
s 1
f 1538 1506 1577 1600 
s 2
f 1516 1517 1586 1585 
s 4
f 1520 1519 1587 1588 
s 2
f 1521 1522 1590 1589 
f 1526 1525 1591 1592 
f 1527 1528 1594 1593 
s 14
f 1487 1564 1292 1197 
s 19
f 1530 1198 1293 1595 
s 1
f 1532 1501 1574 1596 
f 1499 1533 1597 1572 
f 1535 1491 1566 1598 
s 4
f 1492 1536 1599 1567 
s 2
f 1539 1538 1600 1601 
f 1517 1540 1602 1586 
f 1543 1547 1606 1603 
f 1546 1544 1604 1605 
s 1
f 1622 1546 1605 1701 
s 2
f 1547 1548 1691 1606 
s 1
f 1552 1551 1607 1608 
f 1553 1554 1610 1609 
s 2
f 1618 1550 1553 1548 
f 1611 1550 1618 1620 
f 1632 1614 1612 1617 
f 1613 1614 1632 1634 
f 1614 1663 1615 1612 
f 1659 1663 1614 1616 
f 1632 1623 1664 1636 
f 1619 1623 1632 1617 
f 1618 1623 1619 1620 
f 1621 1623 1618 1622 
f 1663 1550 1611 1615 
f 1551 1550 1663 1661 
f 1624 1631 1628 1625 
f 1629 1631 1624 1626 
f 1631 1648 1627 1628 
f 1645 1648 1631 1630 
f 1643 1631 1629 1644 
f 1630 1631 1643 1641 
f 1632 1637 1633 1634 
f 1635 1637 1632 1636 
f 1648 1614 1613 1627 
f 1616 1614 1648 1647 
f 1638 1643 1639 1640 
f 1641 1643 1638 1642 
s 19
f 1643 1644 1134 1133 
s 10
f 1639 1643 1133 1135 
s 2
f 1652 1648 1645 1646 
f 1647 1648 1652 1654 
f 1685 1652 1646 1649 
f 1656 1652 1685 1688 
f 1638 1685 1649 1642 
f 1690 1685 1638 1650 
f 1675 1638 1640 1672 
f 1650 1638 1675 1651 
f 1652 1657 1653 1654 
f 1655 1657 1652 1656 
f 1658 1663 1659 1660 
f 1661 1663 1658 1662 
s 11
f 1623 1621 1113 1112 
s 6
f 1664 1623 1112 1114 
s 2
f 1665 1637 1635 1666 
f 1633 1637 1665 1667 
f 1668 1624 1625 1669 
f 1626 1624 1668 1670 
f 1671 1675 1672 1673 
f 1651 1675 1671 1674 
f 1676 1680 1683 1677 
f 1681 1680 1676 1678 
f 1679 1680 1681 1682 
f 1683 1680 1679 1684 
f 1685 1686 1687 1688 
f 1689 1686 1685 1690 
s 4
f 1548 1553 1609 1691 
f 1611 1620 1699 1692 
s 1
f 1617 1612 1693 1697 
s 2
f 1613 1634 1709 1694 
f 1612 1615 1695 1693 
s 1
f 1659 1616 1696 1727 
s 2
f 1636 1664 1731 1711 
s 4
f 1619 1617 1697 1698 
f 1620 1619 1698 1699 
s 1
f 1621 1622 1701 1700 
s 4
f 1615 1611 1692 1695 
s 2
f 1551 1661 1729 1607 
s 1
f 1625 1628 1705 1702 
f 1629 1626 1703 1706 
f 1628 1627 1704 1705 
f 1645 1630 1707 1717 
s 4
f 1644 1629 1706 1716 
s 2
f 1630 1641 1714 1707 
s 1
f 1634 1633 1708 1709 
s 2
f 1635 1636 1711 1710 
s 1
f 1627 1613 1694 1704 
s 4
f 1616 1647 1719 1696 
s 2
f 1640 1639 1712 1713 
s 1
f 1641 1642 1715 1714 
s 10
f 1644 1716 1250 1134 
s 22
f 1639 1135 1251 1712 
s 2
f 1646 1645 1717 1718 
s 1
f 1647 1654 1724 1719 
f 1649 1646 1718 1720 
f 1656 1688 1746 1726 
s 2
f 1642 1649 1720 1715 
f 1690 1650 1721 1748 
s 1
f 1672 1640 1713 1736 
s 2
f 1650 1651 1722 1721 
f 1654 1653 1723 1724 
f 1655 1656 1726 1725 
s 4
f 1660 1659 1727 1728 
f 1661 1662 1730 1729 
s 7
f 1621 1700 1236 1113 
s 11
f 1664 1114 1237 1731 
s 1
f 1666 1635 1710 1732 
f 1633 1667 1733 1708 
f 1669 1625 1702 1734 
s 4
f 1626 1670 1735 1703 
s 2
f 1673 1672 1736 1737 
f 1651 1674 1738 1722 
f 1677 1683 1743 1739 
f 1681 1678 1740 1741 
s 1
f 1682 1681 1741 1742 
s 2
f 1683 1684 1744 1743 
s 1
f 1688 1687 1745 1746 
f 1689 1690 1748 1747 
s 2
f 1679 1686 1689 1684 
f 1749 1686 1679 1757 
f 1768 1752 1750 1755 
f 1751 1752 1768 1770 
f 1752 1799 1753 1750 
f 1795 1799 1752 1754 
f 1768 1759 1800 1772 
f 1756 1759 1768 1755 
f 1679 1759 1756 1757 
f 1758 1759 1679 1682 
f 1799 1686 1749 1753 
f 1687 1686 1799 1797 
f 1760 1767 1764 1761 
f 1765 1767 1760 1762 
f 1767 1784 1763 1764 
f 1781 1784 1767 1766 
f 1779 1767 1765 1780 
f 1766 1767 1779 1777 
f 1768 1773 1769 1770 
f 1771 1773 1768 1772 
f 1784 1752 1751 1763 
f 1754 1752 1784 1783 
f 1774 1779 1775 1776 
f 1777 1779 1774 1778 
s 11
f 1779 1780 1176 1175 
s 6
f 1775 1779 1175 1177 
s 2
f 1788 1784 1781 1782 
f 1783 1784 1788 1790 
f 1821 1788 1782 1785 
f 1792 1788 1821 1822 
f 1774 1821 1785 1778 
f 1823 1821 1774 1786 
f 1811 1774 1776 1808 
f 1786 1774 1811 1787 
f 1788 1793 1789 1790 
f 1791 1793 1788 1792 
f 1794 1799 1795 1796 
f 1797 1799 1794 1798 
s 11
f 1759 1758 1155 1154 
s 6
f 1800 1759 1154 1156 
s 2
f 1801 1773 1771 1802 
f 1769 1773 1801 1803 
f 1804 1760 1761 1805 
f 1762 1760 1804 1806 
f 1807 1811 1808 1809 
f 1787 1811 1807 1810 
f 1812 1816 1819 1813 
f 1817 1816 1812 1814 
f 1815 1816 1817 1818 
f 1819 1816 1815 1820 
f 1821 1478 1489 1822 
f 1476 1478 1821 1823 
s 4
f 1684 1689 1747 1744 
f 1749 1757 1831 1824 
s 1
f 1755 1750 1825 1829 
s 2
f 1751 1770 1840 1826 
f 1750 1753 1827 1825 
s 1
f 1795 1754 1828 1858 
s 2
f 1772 1800 1862 1842 
s 4
f 1756 1755 1829 1830 
f 1757 1756 1830 1831 
s 1
f 1758 1682 1742 1832 
s 4
f 1753 1749 1824 1827 
s 2
f 1687 1797 1860 1745 
s 1
f 1761 1764 1836 1833 
f 1765 1762 1834 1837 
f 1764 1763 1835 1836 
f 1781 1766 1838 1848 
s 4
f 1780 1765 1837 1847 
s 2
f 1766 1777 1845 1838 
s 1
f 1770 1769 1839 1840 
s 2
f 1771 1772 1842 1841 
s 1
f 1763 1751 1826 1835 
s 4
f 1754 1783 1850 1828 
s 1
f 1776 1775 1843 1844 
f 1777 1778 1846 1845 
s 6
f 1780 1847 1278 1176 
s 10
f 1775 1177 1279 1843 
s 2
f 1782 1781 1848 1849 
s 1
f 1783 1790 1855 1850 
f 1785 1782 1849 1851 
s 8
f 1792 1822 1876 1857 
s 2
f 1778 1785 1851 1846 
s 1
f 1823 1786 1852 1877 
s 8
f 1808 1776 1844 1867 
s 1
f 1786 1787 1853 1852 
s 2
f 1790 1789 1854 1855 
s 8
f 1791 1792 1857 1856 
s 4
f 1796 1795 1858 1859 
f 1797 1798 1861 1860 
s 7
f 1758 1832 1264 1155 
s 11
f 1800 1156 1265 1862 
s 1
f 1802 1771 1841 1863 
f 1769 1803 1864 1839 
f 1805 1761 1833 1865 
s 4
f 1762 1806 1866 1834 
s 1
f 1809 1808 1867 1868 
f 1787 1810 1869 1853 
f 1813 1819 1874 1870 
f 1817 1814 1871 1872 
s 8
f 1818 1817 1872 1873 
s 1
f 1819 1820 1875 1874 
s 8
f 1822 1489 1565 1876 
s 4
f 1476 1823 1877 1555 
s 1
f 1884 1885 1917 1916 
f 1883 1884 1916 1915 
f 1885 1886 1918 1917 
f 1882 1883 1915 1914 
f 1881 1882 1914 1913 
f 1880 1881 1913 1912 
f 1886 1887 1919 1918 
f 1887 1888 1920 1919 
f 1888 1889 1921 1920 
f 1889 1890 1922 1921 
f 1890 1891 1923 1922 
f 1891 1892 1924 1923 
f 1892 1893 1925 1924 
f 1893 1878 1910 1925 
f 1878 1879 1911 1910 
f 1879 1880 1912 1911 
f 1917 1901 1900 1916 
f 1916 1900 1899 1915 
f 1918 1902 1901 1917 
f 1915 1899 1898 1914 
f 1914 1898 1897 1913 
f 1913 1897 1896 1912 
f 1919 1903 1902 1918 
f 1920 1904 1903 1919 
f 1921 1905 1904 1920 
f 1922 1906 1905 1921 
f 1923 1907 1906 1922 
f 1924 1908 1907 1923 
f 1925 1909 1908 1924 
f 1910 1894 1909 1925 
f 1911 1895 1894 1910 
f 1912 1896 1895 1911 
f 1899 1900 1932 1931 
f 1900 1901 1933 1932 
f 1898 1899 1931 1930 
f 1897 1898 1930 1929 
f 1896 1897 1929 1928 
f 1895 1896 1928 1927 
f 1901 1902 1934 1933 
f 1902 1903 1935 1934 
f 1903 1904 1936 1935 
f 1904 1905 1937 1936 
f 1905 1906 1938 1937 
f 1906 1907 1939 1938 
f 1907 1908 1940 1939 
f 1908 1909 1941 1940 
f 1909 1894 1926 1941 
f 1894 1895 1927 1926 
f 1885 1884 1942 
f 1884 1883 1942 
f 1883 1882 1942 
f 1882 1881 1942 
f 1881 1880 1942 
f 1880 1879 1942 
f 1879 1878 1942 
f 1878 1893 1942 
f 1893 1892 1942 
f 1892 1891 1942 
f 1891 1890 1942 
f 1890 1889 1942 
f 1889 1888 1942 
f 1888 1887 1942 
f 1887 1886 1942 
f 1886 1885 1942 
f 3 4 1943 
f 21 3 1943 
f 11 12 1943 
f 12 13 1943 
f 4 11 1943 
f 19 20 1943 
f 20 21 1943 
f 27 28 1943 
f 29 27 1943 
f 28 19 1943 
f 140 141 1943 
f 160 140 1943 
f 148 149 1943 
f 149 150 1943 
f 141 148 1943 
f 158 159 1943 
f 159 160 1943 
f 166 167 1943 
f 13 166 1943 
f 167 158 1943 
f 276 277 1943 
f 296 276 1943 
f 284 285 1943 
f 285 286 1943 
f 277 284 1943 
f 294 295 1943 
f 295 296 1943 
f 301 302 1943 
f 150 301 1943 
f 302 294 1943 
f 410 411 1943 
f 429 410 1943 
f 418 419 1943 
f 419 565 1943 
f 411 418 1943 
f 427 428 1943 
f 428 429 1943 
f 434 435 1943 
f 286 434 1943 
f 435 427 1943 
f 539 540 1943 
f 558 539 1943 
f 547 548 1943 
f 548 695 1943 
f 540 547 1943 
f 556 557 1943 
f 557 558 1943 
f 563 564 1943 
f 565 563 1943 
f 564 556 1943 
f 671 672 1943 
f 688 671 1943 
f 679 680 1943 
f 680 828 1943 
f 672 679 1943 
f 686 687 1943 
f 687 688 1943 
f 693 694 1943 
f 695 693 1943 
f 694 686 1943 
f 803 804 1943 
f 820 803 1943 
f 811 812 1943 
f 812 962 1943 
f 804 811 1943 
f 818 819 1943 
f 819 820 1943 
f 826 827 1943 
f 828 826 1943 
f 827 818 1943 
f 937 938 1943 
f 954 937 1943 
f 945 946 1943 
f 946 29 1943 
f 938 945 1943 
f 952 953 1943 
f 953 954 1943 
f 960 961 1943 
f 962 960 1943 
f 961 952 1943 
f 1948 1946 1944 1947 
f 1951 1948 1947 1950 
f 1954 1951 1950 1953 
f 1957 1954 1953 1956 
f 1960 1957 1956 1959 
f 1963 1960 1959 1962 
f 1966 1963 1962 1965 
f 1969 1966 1965 1968 
f 1972 1969 1968 1971 
f 1975 1972 1971 1974 
f 1978 1975 1974 1977 
f 1981 1978 1977 1980 
f 1984 1981 1980 1983 
f 1987 1984 1983 1986 
f 1990 1987 1986 1989 
f 1993 1990 1989 1992 
f 1996 1993 1992 1995 
f 1999 1996 1995 1998 
f 2002 1999 1998 2001 
f 2005 2002 2001 2004 
f 2008 2005 2004 2007 
f 2011 2008 2007 2010 
f 2014 2011 2010 2013 
f 2017 2014 2013 2016 
f 2020 2017 2016 2019 
f 2023 2020 2019 2022 
f 2026 2023 2022 2025 
f 2029 2026 2025 2028 
f 2032 2029 2028 2031 
f 2035 2032 2031 2034 
f 2038 2035 2034 2037 
f 1946 2038 2037 1944 
s 2
f 1945 1949 1947 1944 
f 2044 2042 2040 2043 
f 1949 1952 1950 1947 
f 2047 2044 2043 2046 
f 1952 1955 1953 1950 
f 2050 2047 2046 2049 
f 1955 1958 1956 1953 
f 2053 2050 2049 2052 
f 1958 1961 1959 1956 
f 2056 2053 2052 2055 
f 1961 1964 1962 1959 
f 2059 2056 2055 2058 
f 1964 1967 1965 1962 
f 2062 2059 2058 2061 
f 1967 1970 1968 1965 
f 2065 2062 2061 2064 
f 1970 1973 1971 1968 
f 2068 2065 2064 2067 
f 1973 1976 1974 1971 
f 2071 2068 2067 2070 
f 1976 1979 1977 1974 
f 2074 2071 2070 2073 
f 1979 1982 1980 1977 
f 2077 2074 2073 2076 
f 1982 1985 1983 1980 
f 2080 2077 2076 2079 
f 1985 1988 1986 1983 
f 2083 2080 2079 2082 
f 1988 1991 1989 1986 
f 2086 2083 2082 2085 
f 1991 1994 1992 1989 
f 2089 2086 2085 2088 
f 1994 1997 1995 1992 
f 2092 2089 2088 2091 
f 1997 2000 1998 1995 
f 2095 2092 2091 2094 
f 2000 2003 2001 1998 
f 2098 2095 2094 2097 
f 2003 2006 2004 2001 
f 2101 2098 2097 2100 
f 2006 2009 2007 2004 
f 2104 2101 2100 2103 
f 2009 2012 2010 2007 
f 2107 2104 2103 2106 
f 2012 2015 2013 2010 
f 2110 2107 2106 2109 
f 2015 2018 2016 2013 
f 2113 2110 2109 2112 
f 2018 2021 2019 2016 
f 2116 2113 2112 2115 
f 2021 2024 2022 2019 
f 2119 2116 2115 2118 
f 2024 2027 2025 2022 
f 2122 2119 2118 2121 
f 2027 2030 2028 2025 
f 2125 2122 2121 2124 
f 2030 2033 2031 2028 
f 2128 2125 2124 2127 
f 2033 2036 2034 2031 
f 2131 2128 2127 2130 
f 2036 2039 2037 2034 
f 2134 2131 2130 2133 
f 2039 1945 1944 2037 
f 2042 2134 2133 2040 
s 1
f 2041 2045 2043 2040 
f 2140 2138 2136 2139 
f 2045 2048 2046 2043 
f 2143 2140 2139 2142 
f 2048 2051 2049 2046 
f 2146 2143 2142 2145 
f 2051 2054 2052 2049 
f 2149 2146 2145 2148 
f 2054 2057 2055 2052 
f 2152 2149 2148 2151 
f 2057 2060 2058 2055 
f 2155 2152 2151 2154 
f 2060 2063 2061 2058 
f 2158 2155 2154 2157 
f 2063 2066 2064 2061 
f 2161 2158 2157 2160 
f 2066 2069 2067 2064 
f 2164 2161 2160 2163 
f 2069 2072 2070 2067 
f 2167 2164 2163 2166 
f 2072 2075 2073 2070 
f 2170 2167 2166 2169 
f 2075 2078 2076 2073 
f 2173 2170 2169 2172 
f 2078 2081 2079 2076 
f 2176 2173 2172 2175 
f 2081 2084 2082 2079 
f 2179 2176 2175 2178 
f 2084 2087 2085 2082 
f 2182 2179 2178 2181 
f 2087 2090 2088 2085 
f 2185 2182 2181 2184 
f 2090 2093 2091 2088 
f 2188 2185 2184 2187 
f 2093 2096 2094 2091 
f 2191 2188 2187 2190 
f 2096 2099 2097 2094 
f 2194 2191 2190 2193 
f 2099 2102 2100 2097 
f 2197 2194 2193 2196 
f 2102 2105 2103 2100 
f 2200 2197 2196 2199 
f 2105 2108 2106 2103 
f 2203 2200 2199 2202 
f 2108 2111 2109 2106 
f 2206 2203 2202 2205 
f 2111 2114 2112 2109 
f 2209 2206 2205 2208 
f 2114 2117 2115 2112 
f 2212 2209 2208 2211 
f 2117 2120 2118 2115 
f 2215 2212 2211 2214 
f 2120 2123 2121 2118 
f 2218 2215 2214 2217 
f 2123 2126 2124 2121 
f 2221 2218 2217 2220 
f 2126 2129 2127 2124 
f 2224 2221 2220 2223 
f 2129 2132 2130 2127 
f 2227 2224 2223 2226 
f 2132 2135 2133 2130 
f 2230 2227 2226 2229 
f 2135 2041 2040 2133 
f 2138 2230 2229 2136 
s 2
f 2137 2141 2139 2136 
f 2141 2144 2142 2139 
f 2144 2147 2145 2142 
f 2147 2150 2148 2145 
f 2150 2153 2151 2148 
f 2153 2156 2154 2151 
f 2156 2159 2157 2154 
f 2159 2162 2160 2157 
f 2162 2165 2163 2160 
f 2165 2168 2166 2163 
f 2168 2171 2169 2166 
f 2171 2174 2172 2169 
f 2174 2177 2175 2172 
f 2177 2180 2178 2175 
f 2180 2183 2181 2178 
f 2183 2186 2184 2181 
f 2186 2189 2187 2184 
f 2189 2192 2190 2187 
f 2192 2195 2193 2190 
f 2195 2198 2196 2193 
f 2198 2201 2199 2196 
f 2201 2204 2202 2199 
f 2204 2207 2205 2202 
f 2207 2210 2208 2205 
f 2210 2213 2211 2208 
f 2213 2216 2214 2211 
f 2216 2219 2217 2214 
f 2219 2222 2220 2217 
f 2222 2225 2223 2220 
f 2225 2228 2226 2223 
f 2228 2231 2229 2226 
f 2231 2137 2136 2229 
f 2236 2234 2232 2235 
f 2239 2236 2235 2238 
f 2242 2239 2238 2241 
f 2245 2242 2241 2244 
f 2248 2245 2244 2247 
f 2251 2248 2247 2250 
f 2254 2251 2250 2253 
f 2257 2254 2253 2256 
f 2260 2257 2256 2259 
f 2263 2260 2259 2262 
f 2266 2263 2262 2265 
f 2269 2266 2265 2268 
f 2272 2269 2268 2271 
f 2275 2272 2271 2274 
f 2278 2275 2274 2277 
f 2281 2278 2277 2280 
f 2284 2281 2280 2283 
f 2287 2284 2283 2286 
f 2290 2287 2286 2289 
f 2293 2290 2289 2292 
f 2296 2293 2292 2295 
f 2299 2296 2295 2298 
f 2302 2299 2298 2301 
f 2305 2302 2301 2304 
f 2308 2305 2304 2307 
f 2311 2308 2307 2310 
f 2314 2311 2310 2313 
f 2317 2314 2313 2316 
f 2320 2317 2316 2319 
f 2323 2320 2319 2322 
f 2326 2323 2322 2325 
f 2234 2326 2325 2232 
s 1
f 2233 2237 2235 2232 
f 2237 2240 2238 2235 
f 2240 2243 2241 2238 
f 2243 2246 2244 2241 
f 2246 2249 2247 2244 
f 2249 2252 2250 2247 
f 2252 2255 2253 2250 
f 2255 2258 2256 2253 
f 2258 2261 2259 2256 
f 2261 2264 2262 2259 
f 2264 2267 2265 2262 
f 2267 2270 2268 2265 
f 2270 2273 2271 2268 
f 2273 2276 2274 2271 
f 2276 2279 2277 2274 
f 2279 2282 2280 2277 
f 2282 2285 2283 2280 
f 2285 2288 2286 2283 
f 2288 2291 2289 2286 
f 2291 2294 2292 2289 
f 2294 2297 2295 2292 
f 2297 2300 2298 2295 
f 2300 2303 2301 2298 
f 2303 2306 2304 2301 
f 2306 2309 2307 2304 
f 2309 2312 2310 2307 
f 2312 2315 2313 2310 
f 2315 2318 2316 2313 
f 2318 2321 2319 2316 
f 2321 2324 2322 2319 
f 2324 2327 2325 2322 
f 2327 2233 2232 2325 
f 2328 2329 2330 2331 
f 2329 2332 2333 2330 
f 2332 2334 2335 2333 
f 2334 2336 2337 2335 
f 2336 2338 2339 2337 
f 2338 2340 2341 2339 
f 2340 2342 2343 2341 
f 2342 2344 2345 2343 
f 2344 2346 2347 2345 
f 2346 2348 2349 2347 
f 2348 2350 2351 2349 
f 2350 2352 2353 2351 
f 2352 2354 2355 2353 
f 2354 2356 2357 2355 
f 2356 2358 2359 2357 
f 2358 2360 2361 2359 
f 2360 2362 2363 2361 
f 2362 2364 2365 2363 
f 2364 2366 2367 2365 
f 2366 2368 2369 2367 
f 2368 2370 2371 2369 
f 2370 2372 2373 2371 
f 2372 2374 2375 2373 
f 2374 2376 2377 2375 
f 2376 2378 2379 2377 
f 2378 2380 2381 2379 
f 2380 2382 2383 2381 
f 2382 2384 2385 2383 
f 2384 2386 2387 2385 
f 2386 2388 2389 2387 
f 2388 2390 2391 2389 
f 2394 2395 2396 2397 
f 2395 2398 2399 2396 
f 2398 2400 2401 2399 
f 2400 2402 2403 2401 
f 2402 2404 2405 2403 
f 2404 2406 2407 2405 
f 2406 2408 2409 2407 
f 2408 2410 2409 
f 2411 2412 2413 2414 
f 2415 2416 2417 2418 
f 2419 2420 2421 2422 
f 2423 2424 2425 2426 
f 2424 2427 2428 2425 
f 2427 2429 2428 
f 2429 2430 2431 2428 
f 2430 2432 3124 2431 
f 2331 2433 2434 2435 
f 2330 2436 2433 2331 
f 2333 2437 2436 2330 
f 2335 2438 2437 2333 
f 2337 2439 2438 2335 
f 2339 2440 2439 2337 
f 2341 2441 2440 2339 
f 2343 2442 2441 2341 
f 2345 2443 2442 2343 
f 2347 2444 2443 2345 
f 2349 2445 2444 2347 
f 2351 2446 2445 2349 
f 2353 2447 2446 2351 
f 2355 2448 2447 2353 
f 2357 2449 2448 2355 
f 2359 2450 2449 2357 
f 2361 2451 2450 2359 
f 2363 2452 2451 2361 
f 2365 2453 2452 2363 
f 2367 2454 2453 2365 
f 2369 2455 2454 2367 
f 2371 2456 2455 2369 
f 2373 2457 2456 2371 
f 2375 2458 2457 2373 
f 2377 2459 2458 2375 
f 2379 2460 2459 2377 
f 2381 2461 2460 2379 
f 2383 2462 2461 2381 
f 2385 2463 2462 2383 
f 2387 2464 2463 2385 
f 2389 2465 2464 2387 
f 2391 2466 2465 2389 
f 2467 2468 2469 2470 
f 2471 2470 2469 2472 
f 2473 2471 2472 2474 
f 2475 2473 2474 2476 
f 2477 2475 2476 2478 
f 2479 2477 2478 2480 
f 2481 2479 2480 2482 
f 2483 2481 2482 2484 
f 2485 2483 2484 2486 
f 2487 2485 2486 2488 
f 2489 2487 2488 2490 
f 2491 2489 2490 2492 
f 2493 2491 2492 2494 
f 2495 2493 2494 2496 
f 2497 2495 2496 2498 
f 2499 2497 2498 2500 
f 2501 2499 2500 2502 
f 2503 2501 2502 2504 
f 2505 2503 2504 2506 
f 2507 2505 2506 2508 
f 2509 2507 2508 2510 
f 2511 2509 2510 2512 
f 2513 2511 2512 2514 
f 2515 2513 2514 2516 
f 2517 2515 2516 2518 
f 2519 2517 2518 2520 
f 2521 2519 2520 2522 
f 2523 2521 2522 2524 
f 2525 2523 2524 2526 
f 2527 2525 2526 2528 
f 2529 2527 2528 2530 
f 2470 2471 2464 2465 
f 2471 2473 2463 2464 
f 2473 2475 2462 2463 
f 2475 2477 2461 2462 
f 2477 2479 2460 2461 
f 2479 2481 2459 2460 
f 2481 2483 2458 2459 
f 2483 2485 2457 2458 
f 2485 2487 2456 2457 
f 2487 2489 2455 2456 
f 2489 2491 2454 2455 
f 2491 2493 2453 2454 
f 2493 2495 2452 2453 
f 2495 2497 2451 2452 
f 2497 2499 2450 2451 
f 2499 2501 2449 2450 
f 2501 2503 2448 2449 
f 2503 2505 2447 2448 
f 2505 2507 2446 2447 
f 2507 2509 2445 2446 
f 2509 2511 2444 2445 
f 2511 2513 2443 2444 
f 2513 2515 2442 2443 
f 2515 2517 2441 2442 
f 2517 2519 2440 2441 
f 2519 2521 2439 2440 
f 2521 2523 2438 2439 
f 2523 2525 2437 2438 
f 2525 2527 2436 2437 
f 2527 2529 2433 2436 
f 2529 2531 2434 2433 
f 2532 2390 2388 2394 
f 2395 2394 2388 2386 
f 2398 2395 2386 2384 
f 2400 2398 2384 2382 
f 2402 2400 2382 2380 
f 2404 2402 2380 2378 
f 2406 2404 2378 2376 
f 2408 2406 2376 2374 
f 2412 2408 2374 2372 
f 2413 2412 2372 2370 
f 2533 2413 2370 2368 
f 2534 2533 2368 2366 
f 2535 2534 2366 2364 
f 2536 2535 2364 2362 
f 2537 2536 2362 2360 
f 2538 2537 2360 2358 
f 2539 2538 2358 2356 
f 2415 2539 2356 2354 
f 2416 2415 2354 2352 
f 2422 2416 2352 2350 
f 2419 2422 2350 2348 
f 2423 2419 2348 2346 
f 2424 2423 2346 2344 
f 2427 2424 2344 2342 
f 2429 2427 2342 2340 
f 2430 2429 2340 2338 
f 2432 2430 2338 2336 
f 2540 2432 2336 2334 
f 3123 2540 2334 2332 
f 3090 3123 2332 2329 
f 3090 2329 2328 
f 3090 2328 2541 3122 
f 2540 3123 3124 
f 2432 2540 3124 
f 2419 2423 2426 2420 
f 2421 2417 2416 2422 
f 2542 2543 2538 2539 
f 2539 2415 2418 2542 
f 2538 2543 2544 2537 
f 2545 2535 2536 2546 
f 2536 2537 2544 2546 
f 2534 2535 2545 2547 
f 2533 2534 2547 2548 
f 2413 2533 2548 2414 
f 2411 2549 2412 
f 2550 2410 2408 
f 2408 2412 2549 2550 
f 2541 2328 2331 2435 
f 2532 2394 2397 2551 
f 2531 2529 2530 2552 
f 2467 2470 2465 2466 
f 2553 2554 2555 2556 
f 2556 2555 2557 2558 
f 2558 2557 2559 2560 
f 2560 2559 2561 2562 
f 2562 2561 2563 2564 
f 2564 2563 2565 2566 
f 2566 2565 2567 2568 
f 2568 2567 2569 2570 
f 2570 2569 2571 2572 
f 2572 2571 2573 2574 
f 2574 2573 2575 2576 
f 2576 2575 2577 2578 
f 2578 2577 2579 2580 
f 2580 2579 2581 2582 
f 2582 2581 2583 2584 
f 2584 2583 2585 2586 
f 2586 2585 2587 2588 
f 2588 2587 2589 2590 
f 2590 2589 2591 2592 
f 2592 2591 2593 2594 
f 2594 2593 2595 2596 
f 2596 2595 2597 2598 
f 2598 2597 2599 2600 
f 2600 2599 2601 2602 
f 2602 2601 2603 2604 
f 2604 2603 2605 2606 
f 2606 2605 2607 2608 
f 2608 2607 2609 2610 
f 2610 2609 2611 2612 
f 2612 2611 2613 2614 
f 2614 2613 2391 2390 
f 2617 2618 2619 2620 
f 2620 2619 2621 2622 
f 2622 2621 2623 2624 
f 2624 2623 2625 2626 
f 2626 2625 2627 2628 
f 2628 2627 2629 2630 
f 2630 2629 2631 2632 
f 2632 2631 2633 
f 2634 2635 2636 2637 
f 2638 2639 2640 2641 
f 2642 2643 2644 2645 
f 2646 2647 2648 2649 
f 2649 2648 2650 2651 
f 2651 2650 2652 
f 2652 2650 2653 2654 
f 2654 2653 3119 2655 
f 2554 2435 2434 2656 
f 2555 2554 2656 2657 
f 2557 2555 2657 2658 
f 2559 2557 2658 2659 
f 2561 2559 2659 2660 
f 2563 2561 2660 2661 
f 2565 2563 2661 2662 
f 2567 2565 2662 2663 
f 2569 2567 2663 2664 
f 2571 2569 2664 2665 
f 2573 2571 2665 2666 
f 2575 2573 2666 2667 
f 2577 2575 2667 2668 
f 2579 2577 2668 2669 
f 2581 2579 2669 2670 
f 2583 2581 2670 2671 
f 2585 2583 2671 2672 
f 2587 2585 2672 2673 
f 2589 2587 2673 2674 
f 2591 2589 2674 2675 
f 2593 2591 2675 2676 
f 2595 2593 2676 2677 
f 2597 2595 2677 2678 
f 2599 2597 2678 2679 
f 2601 2599 2679 2680 
f 2603 2601 2680 2681 
f 2605 2603 2681 2682 
f 2607 2605 2682 2683 
f 2609 2607 2683 2684 
f 2611 2609 2684 2685 
f 2613 2611 2685 2686 
f 2613 2686 2466 2391 
f 2687 2688 2468 2467 
f 2689 2690 2688 2687 
f 2691 2692 2690 2689 
f 2693 2694 2692 2691 
f 2695 2696 2694 2693 
f 2697 2698 2696 2695 
f 2699 2700 2698 2697 
f 2701 2702 2700 2699 
f 2703 2704 2702 2701 
f 2705 2706 2704 2703 
f 2707 2708 2706 2705 
f 2709 2710 2708 2707 
f 2711 2712 2710 2709 
f 2713 2714 2712 2711 
f 2715 2716 2714 2713 
f 2717 2718 2716 2715 
f 2719 2720 2718 2717 
f 2721 2722 2720 2719 
f 2723 2724 2722 2721 
f 2725 2726 2724 2723 
f 2727 2728 2726 2725 
f 2729 2730 2728 2727 
f 2731 2732 2730 2729 
f 2733 2734 2732 2731 
f 2735 2736 2734 2733 
f 2737 2738 2736 2735 
f 2739 2740 2738 2737 
f 2741 2742 2740 2739 
f 2743 2744 2742 2741 
f 2745 2746 2744 2743 
f 2747 2748 2746 2745 
f 2687 2686 2685 2689 
f 2689 2685 2684 2691 
f 2691 2684 2683 2693 
f 2693 2683 2682 2695 
f 2695 2682 2681 2697 
f 2697 2681 2680 2699 
f 2699 2680 2679 2701 
f 2701 2679 2678 2703 
f 2703 2678 2677 2705 
f 2705 2677 2676 2707 
f 2707 2676 2675 2709 
f 2709 2675 2674 2711 
f 2711 2674 2673 2713 
f 2713 2673 2672 2715 
f 2715 2672 2671 2717 
f 2717 2671 2670 2719 
f 2719 2670 2669 2721 
f 2721 2669 2668 2723 
f 2723 2668 2667 2725 
f 2725 2667 2666 2727 
f 2727 2666 2665 2729 
f 2729 2665 2664 2731 
f 2731 2664 2663 2733 
f 2733 2663 2662 2735 
f 2735 2662 2661 2737 
f 2737 2661 2660 2739 
f 2739 2660 2659 2741 
f 2741 2659 2658 2743 
f 2743 2658 2657 2745 
f 2745 2657 2656 2747 
f 2747 2656 2434 2531 
f 2617 2614 2390 2532 
f 2620 2612 2614 2617 
f 2622 2610 2612 2620 
f 2624 2608 2610 2622 
f 2626 2606 2608 2624 
f 2628 2604 2606 2626 
f 2630 2602 2604 2628 
f 2632 2600 2602 2630 
f 2637 2598 2600 2632 
f 2636 2596 2598 2637 
f 2749 2594 2596 2636 
f 2750 2592 2594 2749 
f 2751 2590 2592 2750 
f 2752 2588 2590 2751 
f 2753 2586 2588 2752 
f 2754 2584 2586 2753 
f 2755 2582 2584 2754 
f 2638 2580 2582 2755 
f 2641 2578 2580 2638 
f 2643 2576 2578 2641 
f 2642 2574 2576 2643 
f 2646 2572 2574 2642 
f 2649 2570 2572 2646 
f 2651 2568 2570 2649 
f 2652 2566 2568 2651 
f 2654 2564 2566 2652 
f 2655 2562 2564 2654 
f 2756 2560 2562 2655 
f 3120 2558 2560 2756 
f 3121 2556 2558 3120 
f 3121 2553 2556 
f 3122 2541 2553 3121 
f 2756 3119 3120 
f 2655 3119 2756 
f 2642 2645 2647 2646 
f 2644 2643 2641 2640 
f 2757 2755 2754 2758 
f 2755 2757 2639 2638 
f 2754 2753 2759 2758 
f 2760 2761 2752 2751 
f 2752 2761 2759 2753 
f 2750 2762 2760 2751 
f 2749 2763 2762 2750 
f 2636 2635 2763 2749 
f 2634 2637 2764 
f 2765 2632 2633 
f 2632 2765 2764 2637 
f 2541 2435 2554 2553 
f 2532 2551 2618 2617 
f 2531 2552 2748 2747 
f 2467 2466 2686 2687 
f 2397 2396 3022 3023 
f 2396 2399 3141 3022 
f 2399 2401 3140 3141 
f 2401 2403 3139 3140 
f 2403 2405 3092 3139 
f 2405 2407 3138 3092 
f 2407 2409 3137 3138 
f 2409 2410 3136 3137 
f 2411 2414 3095 3094 
f 2418 2417 3130 3131 
f 2421 2420 3128 3129 
f 2426 2425 3091 3127 
f 2425 2428 3126 3091 
f 2428 2431 3125 3126 
f 2431 3124 3125 
f 2420 2426 3127 3128 
f 2417 2421 3129 3130 
f 2543 2542 3132 3133 
f 2542 2418 3131 3132 
f 2544 2543 3133 3097 
f 2545 2546 3134 2393 
f 2546 2544 3097 3134 
f 2547 2545 2393 2392 
f 2548 2547 2392 3096 
f 2414 2548 3096 3095 
f 2549 2411 3094 3093 
f 2410 2550 3135 3136 
f 2550 2549 3093 3135 
f 2551 2397 3023 3024 
f 2619 2618 2615 3025 
f 2621 2619 3025 2616 
f 2623 2621 2616 3099 
f 2625 2623 3099 3100 
f 2627 2625 3100 3142 
f 2629 2627 3142 3101 
f 2631 2629 3101 3105 
f 2633 2631 3105 3106 
f 2635 2634 3109 3110 
f 2640 2639 3115 3116 
f 2645 2644 3104 3103 
f 2648 2647 3102 3117 
f 2650 2648 3117 3118 
f 2653 2650 3118 3098 
f 3119 2653 3098 
f 2647 2645 3103 3102 
f 2644 2640 3116 3104 
f 2757 2758 3108 3107 
f 2639 2757 3107 3115 
f 2758 2759 3113 3108 
f 2761 2760 3114 3112 
f 2759 2761 3112 3113 
f 2760 2762 3111 3114 
f 2762 2763 3145 3111 
f 2763 2635 3110 3145 
f 2634 2764 3144 3109 
f 2765 2633 3106 3143 
f 2764 2765 3143 3144 
f 2618 2551 3024 2615 
s 2
f 2766 2767 2768 2769 
f 2770 2766 2769 2771 
f 2772 2770 2771 2773 
f 2774 2772 2773 2775 
f 2776 2774 2775 2777 
f 2778 2776 2777 2779 
f 2780 2778 2779 2781 
f 2782 2780 2781 2783 
f 2784 2782 2783 2785 
f 2786 2784 2785 2787 
f 2788 2786 2787 2789 
f 2790 2788 2789 2791 
f 2792 2790 2791 2793 
f 2794 2792 2793 2795 
f 2796 2794 2795 2797 
f 2798 2796 2797 2799 
f 2800 2798 2799 2801 
f 2802 2800 2801 2803 
f 2804 2802 2803 2805 
f 2806 2804 2805 2807 
f 2808 2806 2807 2809 
f 2810 2808 2809 2811 
f 2812 2810 2811 2813 
f 2814 2812 2813 2815 
f 2816 2814 2815 2817 
f 2818 2816 2817 2819 
f 2820 2818 2819 2821 
f 2822 2820 2821 2823 
f 2824 2822 2823 2825 
f 2826 2824 2825 2827 
f 2828 2826 2827 2829 
f 2830 2828 2829 2831 
f 2767 2832 2833 2768 
f 2832 2834 2835 2833 
f 2834 2836 2837 2835 
f 2836 2838 2839 2837 
f 2838 2840 2841 2839 
f 2840 2842 2843 2841 
f 2842 2844 2845 2843 
f 2844 2846 2847 2845 
f 2846 2848 2849 2847 
f 2848 2850 2851 2849 
f 2850 2852 2853 2851 
f 2852 2854 2855 2853 
f 2854 2856 2857 2855 
f 2856 2858 2859 2857 
f 2858 2860 2861 2859 
f 2860 2862 2863 2861 
f 2862 2864 2865 2863 
f 2864 2866 2867 2865 
f 2866 2868 2869 2867 
f 2868 2870 2871 2869 
f 2870 2872 2873 2871 
f 2872 2874 2875 2873 
f 2874 2876 2877 2875 
f 2876 2878 2879 2877 
f 2878 2880 2881 2879 
f 2880 2882 2883 2881 
f 2882 2884 2885 2883 
f 2884 2886 2887 2885 
f 2886 2888 2889 2887 
f 2888 2890 2891 2889 
f 2890 2892 2893 2891 
f 2892 2830 2831 2893 
s 1
f 2469 2468 2894 2895 
f 2472 2469 2895 2896 
f 2474 2472 2896 2897 
f 2476 2474 2897 2898 
f 2478 2476 2898 2899 
f 2480 2478 2899 2900 
f 2482 2480 2900 2901 
f 2484 2482 2901 2902 
f 2486 2484 2902 2903 
f 2488 2486 2903 2904 
f 2490 2488 2904 2905 
f 2492 2490 2905 2906 
f 2494 2492 2906 2907 
f 2496 2494 2907 2908 
f 2498 2496 2908 2909 
f 2500 2498 2909 2910 
f 2502 2500 2910 2911 
f 2504 2502 2911 2912 
f 2506 2504 2912 2913 
f 2508 2506 2913 2914 
f 2510 2508 2914 2915 
f 2512 2510 2915 2916 
f 2514 2512 2916 2917 
f 2516 2514 2917 2918 
f 2518 2516 2918 2919 
f 2520 2518 2919 2920 
f 2522 2520 2920 2921 
f 2524 2522 2921 2922 
f 2526 2524 2922 2923 
f 2528 2526 2923 2924 
f 2530 2528 2924 2925 
f 2552 2530 2925 2926 
f 2468 2688 2927 2894 
f 2688 2690 2928 2927 
f 2690 2692 2929 2928 
f 2692 2694 2930 2929 
f 2694 2696 2931 2930 
f 2696 2698 2932 2931 
f 2698 2700 2933 2932 
f 2700 2702 2934 2933 
f 2702 2704 2935 2934 
f 2704 2706 2936 2935 
f 2706 2708 2937 2936 
f 2708 2710 2938 2937 
f 2710 2712 2939 2938 
f 2712 2714 2940 2939 
f 2714 2716 2941 2940 
f 2716 2718 2942 2941 
f 2718 2720 2943 2942 
f 2720 2722 2944 2943 
f 2722 2724 2945 2944 
f 2724 2726 2946 2945 
f 2726 2728 2947 2946 
f 2728 2730 2948 2947 
f 2730 2732 2949 2948 
f 2732 2734 2950 2949 
f 2734 2736 2951 2950 
f 2736 2738 2952 2951 
f 2738 2740 2953 2952 
f 2740 2742 2954 2953 
f 2742 2744 2955 2954 
f 2744 2746 2956 2955 
f 2746 2748 2957 2956 
f 2748 2552 2926 2957 
s 2
f 2767 2766 2895 2894 
f 2766 2770 2896 2895 
f 2770 2772 2897 2896 
f 2772 2774 2898 2897 
f 2774 2776 2899 2898 
f 2776 2778 2900 2899 
f 2778 2780 2901 2900 
f 2780 2782 2902 2901 
f 2782 2784 2903 2902 
f 2784 2786 2904 2903 
f 2786 2788 2905 2904 
f 2788 2790 2906 2905 
f 2790 2792 2907 2906 
f 2792 2794 2908 2907 
f 2794 2796 2909 2908 
f 2796 2798 2910 2909 
f 2798 2800 2911 2910 
f 2800 2802 2912 2911 
f 2802 2804 2913 2912 
f 2804 2806 2914 2913 
f 2806 2808 2915 2914 
f 2808 2810 2916 2915 
f 2810 2812 2917 2916 
f 2812 2814 2918 2917 
f 2814 2816 2919 2918 
f 2816 2818 2920 2919 
f 2818 2820 2921 2920 
f 2820 2822 2922 2921 
f 2822 2824 2923 2922 
f 2824 2826 2924 2923 
f 2826 2828 2925 2924 
f 2828 2830 2926 2925 
f 2832 2767 2894 2927 
f 2834 2832 2927 2928 
f 2836 2834 2928 2929 
f 2838 2836 2929 2930 
f 2840 2838 2930 2931 
f 2842 2840 2931 2932 
f 2844 2842 2932 2933 
f 2846 2844 2933 2934 
f 2848 2846 2934 2935 
f 2850 2848 2935 2936 
f 2852 2850 2936 2937 
f 2854 2852 2937 2938 
f 2856 2854 2938 2939 
f 2858 2856 2939 2940 
f 2860 2858 2940 2941 
f 2862 2860 2941 2942 
f 2864 2862 2942 2943 
f 2866 2864 2943 2944 
f 2868 2866 2944 2945 
f 2870 2868 2945 2946 
f 2872 2870 2946 2947 
f 2874 2872 2947 2948 
f 2876 2874 2948 2949 
f 2878 2876 2949 2950 
f 2880 2878 2950 2951 
f 2882 2880 2951 2952 
f 2884 2882 2952 2953 
f 2886 2884 2953 2954 
f 2888 2886 2954 2955 
f 2890 2888 2955 2956 
f 2892 2890 2956 2957 
f 2830 2892 2957 2926 
s 1
f 3201 3199 2959 2958 
f 3199 3205 2960 2959 
f 3205 3207 2961 2960 
f 3207 3211 2962 2961 
f 3211 3213 2963 2962 
f 3213 3215 2964 2963 
f 3215 3217 2965 2964 
f 3217 3219 2966 2965 
f 3219 3221 2967 2966 
f 3221 3223 2968 2967 
f 3223 3225 2969 2968 
f 3225 3227 2970 2969 
f 3227 3229 2971 2970 
f 3229 3231 2972 2971 
f 3231 3233 2973 2972 
f 3233 3235 2974 2973 
f 3235 3237 2975 2974 
f 3237 3239 2976 2975 
f 3239 3173 2977 2976 
f 3173 3175 2978 2977 
f 3175 3181 2979 2978 
f 3181 3185 2980 2979 
f 3185 3189 2981 2980 
f 3189 3193 2982 2981 
f 3193 3197 2983 2982 
f 3197 3247 2984 2983 
f 3247 3251 2985 2984 
f 3251 3255 2986 2985 
f 3255 3259 2987 2986 
f 3259 3263 2988 2987 
f 3263 3267 2989 2988 
f 3267 3273 2990 2989 
f 3273 3271 2991 2990 
f 3271 3269 2992 2991 
f 3269 3265 2993 2992 
f 3265 3261 2994 2993 
f 3261 3257 2995 2994 
f 3257 3253 2996 2995 
f 3253 3249 2997 2996 
f 3249 3245 2998 2997 
f 3245 3195 2999 2998 
f 3195 3191 3000 2999 
f 3191 3187 3001 3000 
f 3187 3183 3002 3001 
f 3183 3177 3003 3002 
f 3177 3179 3004 3003 
f 3179 3243 3005 3004 
f 3243 3241 3006 3005 
f 3241 3171 3007 3006 
f 3171 3169 3008 3007 
f 3169 3167 3009 3008 
f 3167 3165 3010 3009 
f 3165 3163 3011 3010 
f 3163 3161 3012 3011 
f 3161 3159 3013 3012 
f 3159 3157 3014 3013 
f 3157 3155 3015 3014 
f 3155 3153 3016 3015 
f 3153 3151 3017 3016 
f 3151 3147 3018 3017 
f 3147 3149 3019 3018 
f 3149 3209 3020 3019 
f 3209 3203 3021 3020 
f 3203 3201 2958 3021 
f 3027 3026 3338 3339 
f 3028 3027 3339 3340 
f 3029 3028 3340 3341 
f 3030 3029 3341 3342 
f 3031 3030 3342 3343 
f 3032 3031 3343 3344 
f 3033 3032 3344 3345 
f 3034 3033 3345 3346 
f 3035 3034 3346 3347 
f 3036 3035 3347 3348 
f 3037 3036 3348 3349 
f 3038 3037 3349 3350 
f 3039 3038 3350 3351 
f 3040 3039 3351 3352 
f 3041 3040 3352 3353 
f 3042 3041 3353 3354 
f 3043 3042 3354 3355 
f 3044 3043 3355 3356 
f 3045 3044 3356 3357 
f 3046 3045 3357 3358 
f 3047 3046 3358 3359 
f 3048 3047 3359 3360 
f 3049 3048 3360 3361 
f 3050 3049 3361 3362 
f 3051 3050 3362 3363 
f 3052 3051 3363 3364 
f 3053 3052 3364 3365 
f 3054 3053 3365 3366 
f 3055 3054 3366 3367 
f 3056 3055 3367 3368 
f 3057 3056 3368 3369 
f 3058 3057 3369 3370 
f 3059 3058 3370 3371 
f 3060 3059 3371 3372 
f 3061 3060 3372 3373 
f 3062 3061 3373 3374 
f 3063 3062 3374 3375 
f 3064 3063 3375 3376 
f 3065 3064 3376 3377 
f 3066 3065 3377 3378 
f 3067 3066 3378 3379 
f 3068 3067 3379 3380 
f 3069 3068 3380 3381 
f 3070 3069 3381 3382 
f 3071 3070 3382 3383 
f 3072 3071 3383 3384 
f 3073 3072 3384 3385 
f 3074 3073 3385 3386 
f 3075 3074 3386 3387 
f 3076 3075 3387 3388 
f 3077 3076 3388 3389 
f 3078 3077 3389 3390 
f 3079 3078 3390 3391 
f 3080 3079 3391 3392 
f 3081 3080 3392 3393 
f 3082 3081 3393 3394 
f 3083 3082 3394 3395 
f 3084 3083 3395 3396 
f 3085 3084 3396 3397 
f 3086 3085 3397 3398 
f 3087 3086 3398 3399 
f 3088 3087 3399 3400 
f 3089 3088 3400 3401 
f 3026 3089 3401 3338 
f 3112 3114 3274 3275 
f 3113 3112 3275 3276 
f 3108 3113 3276 3277 
f 3107 3108 3277 3278 
f 3115 3107 3278 3279 
f 3116 3115 3279 3280 
f 3104 3116 3280 3281 
f 3103 3104 3281 3282 
f 3102 3103 3282 3283 
f 3117 3102 3283 3284 
f 3118 3117 3284 3285 
f 3098 3118 3285 3286 
f 3119 3098 3286 3287 
f 3120 3119 3287 3288 
f 3121 3120 3288 3289 
f 3122 3121 3289 3290 
f 3090 3122 3290 3291 
f 3123 3090 3291 3292 
f 3124 3123 3292 3293 
f 3125 3124 3293 3294 
f 3126 3125 3294 3295 
f 3091 3126 3295 3296 
f 3127 3091 3296 3297 
f 3128 3127 3297 3298 
f 3129 3128 3298 3299 
f 3130 3129 3299 3300 
f 3131 3130 3300 3301 
f 3132 3131 3301 3302 
f 3133 3132 3302 3303 
f 3097 3133 3303 3304 
f 3134 3097 3304 3305 
f 2393 3134 3305 3306 
f 2392 2393 3306 3307 
f 3096 2392 3307 3308 
f 3095 3096 3308 3309 
f 3094 3095 3309 3310 
f 3093 3094 3310 3311 
f 3135 3093 3311 3312 
f 3136 3135 3312 3313 
f 3137 3136 3313 3314 
f 3138 3137 3314 3315 
f 3092 3138 3315 3316 
f 3139 3092 3316 3317 
f 3140 3139 3317 3318 
f 3141 3140 3318 3319 
f 3022 3141 3319 3320 
f 3023 3022 3320 3321 
f 3024 3023 3321 3322 
f 2615 3024 3322 3323 
f 3025 2615 3323 3324 
f 2616 3025 3324 3325 
f 3099 2616 3325 3326 
f 3100 3099 3326 3327 
f 3142 3100 3327 3328 
f 3101 3142 3328 3329 
f 3105 3101 3329 3330 
f 3106 3105 3330 3331 
f 3143 3106 3331 3332 
f 3144 3143 3332 3333 
f 3109 3144 3333 3334 
f 3110 3109 3334 3335 
f 3145 3110 3335 3336 
f 3111 3145 3336 3337 
f 3114 3111 3337 3274 
f 3199 3201 3200 3198 
f 3205 3199 3198 3204 
f 3207 3205 3204 3206 
f 3211 3207 3206 3210 
f 3213 3211 3210 3212 
f 3215 3213 3212 3214 
f 3217 3215 3214 3216 
f 3219 3217 3216 3218 
f 3221 3219 3218 3220 
f 3223 3221 3220 3222 
f 3225 3223 3222 3224 
f 3227 3225 3224 3226 
f 3229 3227 3226 3228 
f 3231 3229 3228 3230 
f 3233 3231 3230 3232 
f 3235 3233 3232 3234 
f 3237 3235 3234 3236 
f 3239 3237 3236 3238 
f 3173 3239 3238 3172 
f 3175 3173 3172 3174 
f 3181 3175 3174 3180 
f 3185 3181 3180 3184 
f 3189 3185 3184 3188 
f 3193 3189 3188 3192 
f 3197 3193 3192 3196 
f 3247 3197 3196 3246 
f 3251 3247 3246 3250 
f 3255 3251 3250 3254 
f 3259 3255 3254 3258 
f 3263 3259 3258 3262 
f 3267 3263 3262 3266 
f 3273 3267 3266 3272 
f 3271 3273 3272 3270 
f 3269 3271 3270 3268 
f 3265 3269 3268 3264 
f 3261 3265 3264 3260 
f 3257 3261 3260 3256 
f 3253 3257 3256 3252 
f 3249 3253 3252 3248 
f 3245 3249 3248 3244 
f 3195 3245 3244 3194 
f 3191 3195 3194 3190 
f 3187 3191 3190 3186 
f 3183 3187 3186 3182 
f 3177 3183 3182 3176 
f 3179 3177 3176 3178 
f 3243 3179 3178 3242 
f 3241 3243 3242 3240 
f 3171 3241 3240 3170 
f 3169 3171 3170 3168 
f 3167 3169 3168 3166 
f 3165 3167 3166 3164 
f 3163 3165 3164 3162 
f 3161 3163 3162 3160 
f 3159 3161 3160 3158 
f 3157 3159 3158 3156 
f 3155 3157 3156 3154 
f 3153 3155 3154 3152 
f 3151 3153 3152 3150 
f 3147 3151 3150 3146 
f 3149 3147 3146 3148 
f 3209 3149 3148 3208 
f 3203 3209 3208 3202 
f 3201 3203 3202 3200 
f 3274 3026 3027 3275 
f 3275 3027 3028 3276 
f 3276 3028 3029 3277 
f 3277 3029 3030 3278 
f 3278 3030 3031 3279 
f 3279 3031 3032 3280 
f 3280 3032 3033 3281 
f 3281 3033 3034 3282 
f 3282 3034 3035 3283 
f 3283 3035 3036 3284 
f 3284 3036 3037 3285 
f 3285 3037 3038 3286 
f 3286 3038 3039 3287 
f 3287 3039 3040 3288 
f 3288 3040 3041 3289 
f 3289 3041 3042 3290 
f 3290 3042 3043 3291 
f 3291 3043 3044 3292 
f 3292 3044 3045 3293 
f 3293 3045 3046 3294 
f 3294 3046 3047 3295 
f 3295 3047 3048 3296 
f 3296 3048 3049 3297 
f 3297 3049 3050 3298 
f 3298 3050 3051 3299 
f 3299 3051 3052 3300 
f 3300 3052 3053 3301 
f 3301 3053 3054 3302 
f 3302 3054 3055 3303 
f 3303 3055 3056 3304 
f 3304 3056 3057 3305 
f 3305 3057 3058 3306 
f 3306 3058 3059 3307 
f 3307 3059 3060 3308 
f 3308 3060 3061 3309 
f 3309 3061 3062 3310 
f 3310 3062 3063 3311 
f 3311 3063 3064 3312 
f 3312 3064 3065 3313 
f 3313 3065 3066 3314 
f 3314 3066 3067 3315 
f 3315 3067 3068 3316 
f 3316 3068 3069 3317 
f 3317 3069 3070 3318 
f 3318 3070 3071 3319 
f 3319 3071 3072 3320 
f 3320 3072 3073 3321 
f 3321 3073 3074 3322 
f 3322 3074 3075 3323 
f 3323 3075 3076 3324 
f 3324 3076 3077 3325 
f 3325 3077 3078 3326 
f 3326 3078 3079 3327 
f 3327 3079 3080 3328 
f 3328 3080 3081 3329 
f 3329 3081 3082 3330 
f 3330 3082 3083 3331 
f 3331 3083 3084 3332 
f 3332 3084 3085 3333 
f 3333 3085 3086 3334 
f 3334 3086 3087 3335 
f 3335 3087 3088 3336 
f 3336 3088 3089 3337 
f 3337 3089 3026 3274 
f 3338 3198 3200 3339 
f 3339 3200 3202 3340 
f 3340 3202 3208 3341 
f 3341 3208 3148 3342 
f 3342 3148 3146 3343 
f 3343 3146 3150 3344 
f 3344 3150 3152 3345 
f 3345 3152 3154 3346 
f 3346 3154 3156 3347 
f 3347 3156 3158 3348 
f 3348 3158 3160 3349 
f 3349 3160 3162 3350 
f 3350 3162 3164 3351 
f 3351 3164 3166 3352 
f 3352 3166 3168 3353 
f 3353 3168 3170 3354 
f 3354 3170 3240 3355 
f 3355 3240 3242 3356 
f 3356 3242 3178 3357 
f 3357 3178 3176 3358 
f 3358 3176 3182 3359 
f 3359 3182 3186 3360 
f 3360 3186 3190 3361 
f 3361 3190 3194 3362 
f 3362 3194 3244 3363 
f 3363 3244 3248 3364 
f 3364 3248 3252 3365 
f 3365 3252 3256 3366 
f 3366 3256 3260 3367 
f 3367 3260 3264 3368 
f 3368 3264 3268 3369 
f 3369 3268 3270 3370 
f 3370 3270 3272 3371 
f 3371 3272 3266 3372 
f 3372 3266 3262 3373 
f 3373 3262 3258 3374 
f 3374 3258 3254 3375 
f 3375 3254 3250 3376 
f 3376 3250 3246 3377 
f 3377 3246 3196 3378 
f 3378 3196 3192 3379 
f 3379 3192 3188 3380 
f 3380 3188 3184 3381 
f 3381 3184 3180 3382 
f 3382 3180 3174 3383 
f 3383 3174 3172 3384 
f 3384 3172 3238 3385 
f 3385 3238 3236 3386 
f 3386 3236 3234 3387 
f 3387 3234 3232 3388 
f 3388 3232 3230 3389 
f 3389 3230 3228 3390 
f 3390 3228 3226 3391 
f 3391 3226 3224 3392 
f 3392 3224 3222 3393 
f 3393 3222 3220 3394 
f 3394 3220 3218 3395 
f 3395 3218 3216 3396 
f 3396 3216 3214 3397 
f 3397 3214 3212 3398 
f 3398 3212 3210 3399 
f 3399 3210 3206 3400 
f 3400 3206 3204 3401 
f 3401 3204 3198 3338 
f 3450 3451 3499 3498 
f 3402 3403 3502 3501 
f 3405 3406 3505 3504 
f 3408 3409 3508 3507 
f 3411 3412 3511 3510 
f 3414 3415 3514 3513 
f 3417 3418 3517 3516 
f 3420 3421 3520 3519 
f 3423 3424 3523 3522 
f 3426 3427 3526 3525 
f 3429 3430 3529 3528 
f 3432 3433 3532 3531 
f 3435 3436 3535 3534 
f 3438 3439 3538 3537 
f 3441 3442 3541 3540 
f 3444 3445 3544 3543 
f 3447 3448 3547 3546 
f 3453 3454 3550 3549 
f 3456 3457 3553 3552 
f 3459 3460 3556 3555 
f 3462 3463 3559 3558 
f 3465 3466 3562 3561 
f 3468 3469 3565 3564 
f 3471 3472 3568 3567 
f 3474 3475 3571 3570 
f 3477 3478 3574 3573 
f 3480 3481 3577 3576 
f 3483 3484 3580 3579 
f 3486 3487 3583 3582 
f 3489 3490 3586 3585 
f 3492 3493 3589 3588 
f 3495 3496 3592 3591 
f 3498 3499 3445 3444 
f 3501 3502 3454 3453 
f 3504 3505 3403 3402 
f 3507 3508 3406 3405 
f 3510 3511 3409 3408 
f 3513 3514 3412 3411 
f 3516 3517 3415 3414 
f 3519 3520 3418 3417 
f 3522 3523 3421 3420 
f 3525 3526 3424 3423 
f 3528 3529 3427 3426 
f 3531 3532 3430 3429 
f 3534 3535 3433 3432 
f 3537 3538 3436 3435 
f 3540 3541 3439 3438 
f 3543 3544 3442 3441 
f 3546 3547 3451 3450 
f 3549 3550 3457 3456 
f 3552 3553 3460 3459 
f 3555 3556 3463 3462 
f 3558 3559 3466 3465 
f 3561 3562 3469 3468 
f 3564 3565 3472 3471 
f 3567 3568 3475 3474 
f 3570 3571 3478 3477 
f 3573 3574 3481 3480 
f 3576 3577 3484 3483 
f 3579 3580 3487 3486 
f 3582 3583 3490 3489 
f 3585 3586 3493 3492 
f 3588 3589 3496 3495 
f 3591 3592 3448 3447 
f 4171 4173 3787 3789 
f 4175 4177 3791 3793 
f 4179 4181 3795 3797 
f 4183 4185 3799 3801 
f 4187 4189 3803 3805 
f 4191 4193 3807 3809 
f 4195 4197 3811 3813 
f 4199 4201 3815 3817 
f 4203 4205 3819 3821 
f 4207 4209 3823 3825 
f 4211 4213 3827 3829 
f 4215 4217 3831 3833 
f 4219 4221 3835 3837 
f 4223 4225 3839 3841 
f 4227 4229 3843 3845 
f 4231 4233 3847 3849 
f 4235 4237 3851 3853 
f 4239 4241 3855 3857 
f 4243 4245 3859 3861 
f 4247 4249 3863 3865 
f 4251 4253 3867 3869 
f 4255 4257 3871 3873 
f 4259 4261 3875 3877 
f 4263 4265 3879 3881 
f 4267 4269 3883 3885 
f 4271 4273 3887 3889 
f 4275 4277 3891 3893 
f 4279 4281 3895 3897 
f 4283 4285 3899 3901 
f 4287 4289 3903 3905 
f 4291 4293 3907 3909 
f 4295 4297 3911 3913 
f 4233 4171 3789 3847 
f 4241 4175 3793 3855 
f 4177 4179 3797 3791 
f 4181 4183 3801 3795 
f 4185 4187 3805 3799 
f 4189 4191 3809 3803 
f 4193 4195 3813 3807 
f 4197 4199 3817 3811 
f 4201 4203 3821 3815 
f 4205 4207 3825 3819 
f 4209 4211 3829 3823 
f 4213 4215 3833 3827 
f 4217 4219 3837 3831 
f 4221 4223 3841 3835 
f 4225 4227 3845 3839 
f 4229 4231 3849 3843 
f 4173 4235 3853 3787 
f 4245 4239 3857 3859 
f 4249 4243 3861 3863 
f 4253 4247 3865 3867 
f 4257 4251 3869 3871 
f 4261 4255 3873 3875 
f 4265 4259 3877 3879 
f 4269 4263 3881 3883 
f 4273 4267 3885 3887 
f 4277 4271 3889 3891 
f 4281 4275 3893 3895 
f 4285 4279 3897 3899 
f 4289 4283 3901 3903 
f 4293 4287 3905 3907 
f 4297 4291 3909 3911 
f 4237 4295 3913 3851 
f 3452 4172 4170 3500 
f 3451 3452 3500 3499 
f 3498 4044 4042 3450 
f 3404 4176 4174 3503 
f 3403 3404 3503 3502 
f 3501 4048 4046 3402 
f 3407 4180 4178 3506 
f 3406 3407 3506 3505 
f 3504 4052 4050 3405 
f 3410 4184 4182 3509 
f 3409 3410 3509 3508 
f 3507 4056 4054 3408 
f 3413 4188 4186 3512 
f 3412 3413 3512 3511 
f 3510 4060 4058 3411 
f 3416 4192 4190 3515 
f 3415 3416 3515 3514 
f 3513 4064 4062 3414 
f 3419 4196 4194 3518 
f 3418 3419 3518 3517 
f 3516 4068 4066 3417 
f 3422 4200 4198 3521 
f 3421 3422 3521 3520 
f 3519 4072 4070 3420 
f 3425 4204 4202 3524 
f 3424 3425 3524 3523 
f 3522 4076 4074 3423 
f 3428 4208 4206 3527 
f 3427 3428 3527 3526 
f 3525 4080 4078 3426 
f 3431 4212 4210 3530 
f 3430 3431 3530 3529 
f 3528 4084 4082 3429 
f 3434 4216 4214 3533 
f 3433 3434 3533 3532 
f 3531 4088 4086 3432 
f 3437 4220 4218 3536 
f 3436 3437 3536 3535 
f 3534 4092 4090 3435 
f 3440 4224 4222 3539 
f 3439 3440 3539 3538 
f 3537 4096 4094 3438 
f 3443 4228 4226 3542 
f 3442 3443 3542 3541 
f 3540 4100 4098 3441 
f 3446 4232 4230 3545 
f 3445 3446 3545 3544 
f 3543 4104 4102 3444 
f 3449 4236 4234 3548 
f 3448 3449 3548 3547 
f 3546 4108 4106 3447 
f 3455 4240 4238 3551 
f 3454 3455 3551 3550 
f 3549 4112 4110 3453 
f 3458 4244 4242 3554 
f 3457 3458 3554 3553 
f 3552 4116 4114 3456 
f 3461 4248 4246 3557 
f 3460 3461 3557 3556 
f 3555 4120 4118 3459 
f 3464 4252 4250 3560 
f 3463 3464 3560 3559 
f 3558 4124 4122 3462 
f 3467 4256 4254 3563 
f 3466 3467 3563 3562 
f 3561 4128 4126 3465 
f 3470 4260 4258 3566 
f 3469 3470 3566 3565 
f 3564 4132 4130 3468 
f 3473 4264 4262 3569 
f 3472 3473 3569 3568 
f 3567 4136 4134 3471 
f 3476 4268 4266 3572 
f 3475 3476 3572 3571 
f 3570 4140 4138 3474 
f 3479 4272 4270 3575 
f 3478 3479 3575 3574 
f 3573 4144 4142 3477 
f 3482 4276 4274 3578 
f 3481 3482 3578 3577 
f 3576 4148 4146 3480 
f 3485 4280 4278 3581 
f 3484 3485 3581 3580 
f 3579 4152 4150 3483 
f 3488 4284 4282 3584 
f 3487 3488 3584 3583 
f 3582 4156 4154 3486 
f 3491 4288 4286 3587 
f 3490 3491 3587 3586 
f 3585 4160 4158 3489 
f 3494 4292 4290 3590 
f 3493 3494 3590 3589 
f 3588 4164 4162 3492 
f 3497 4296 4294 3593 
f 3496 3497 3593 3592 
f 3591 4168 4166 3495 
f 3500 4170 4232 3446 
f 3499 3500 3446 3445 
f 3444 4102 4044 3498 
f 3503 4174 4240 3455 
f 3502 3503 3455 3454 
f 3453 4110 4048 3501 
f 3506 4178 4176 3404 
f 3505 3506 3404 3403 
f 3402 4046 4052 3504 
f 3509 4182 4180 3407 
f 3508 3509 3407 3406 
f 3405 4050 4056 3507 
f 3512 4186 4184 3410 
f 3511 3512 3410 3409 
f 3408 4054 4060 3510 
f 3515 4190 4188 3413 
f 3514 3515 3413 3412 
f 3411 4058 4064 3513 
f 3518 4194 4192 3416 
f 3517 3518 3416 3415 
f 3414 4062 4068 3516 
f 3521 4198 4196 3419 
f 3520 3521 3419 3418 
f 3417 4066 4072 3519 
f 3524 4202 4200 3422 
f 3523 3524 3422 3421 
f 3420 4070 4076 3522 
f 3527 4206 4204 3425 
f 3526 3527 3425 3424 
f 3423 4074 4080 3525 
f 3530 4210 4208 3428 
f 3529 3530 3428 3427 
f 3426 4078 4084 3528 
f 3533 4214 4212 3431 
f 3532 3533 3431 3430 
f 3429 4082 4088 3531 
f 3536 4218 4216 3434 
f 3535 3536 3434 3433 
f 3432 4086 4092 3534 
f 3539 4222 4220 3437 
f 3538 3539 3437 3436 
f 3435 4090 4096 3537 
f 3542 4226 4224 3440 
f 3541 3542 3440 3439 
f 3438 4094 4100 3540 
f 3545 4230 4228 3443 
f 3544 3545 3443 3442 
f 3441 4098 4104 3543 
f 3548 4234 4172 3452 
f 3547 3548 3452 3451 
f 3450 4042 4108 3546 
f 3551 4238 4244 3458 
f 3550 3551 3458 3457 
f 3456 4114 4112 3549 
f 3554 4242 4248 3461 
f 3553 3554 3461 3460 
f 3459 4118 4116 3552 
f 3557 4246 4252 3464 
f 3556 3557 3464 3463 
f 3462 4122 4120 3555 
f 3560 4250 4256 3467 
f 3559 3560 3467 3466 
f 3465 4126 4124 3558 
f 3563 4254 4260 3470 
f 3562 3563 3470 3469 
f 3468 4130 4128 3561 
f 3566 4258 4264 3473 
f 3565 3566 3473 3472 
f 3471 4134 4132 3564 
f 3569 4262 4268 3476 
f 3568 3569 3476 3475 
f 3474 4138 4136 3567 
f 3572 4266 4272 3479 
f 3571 3572 3479 3478 
f 3477 4142 4140 3570 
f 3575 4270 4276 3482 
f 3574 3575 3482 3481 
f 3480 4146 4144 3573 
f 3578 4274 4280 3485 
f 3577 3578 3485 3484 
f 3483 4150 4148 3576 
f 3581 4278 4284 3488 
f 3580 3581 3488 3487 
f 3486 4154 4152 3579 
f 3584 4282 4288 3491 
f 3583 3584 3491 3490 
f 3489 4158 4156 3582 
f 3587 4286 4292 3494 
f 3586 3587 3494 3493 
f 3492 4162 4160 3585 
f 3590 4290 4296 3497 
f 3589 3590 3497 3496 
f 3495 4166 4164 3588 
f 3593 4294 4236 3449 
f 3592 3593 3449 3448 
f 3447 4106 4168 3591 
f 3642 3643 3691 3690 
f 3594 3595 3694 3693 
f 3597 3598 3697 3696 
f 3600 3601 3700 3699 
f 3603 3604 3703 3702 
f 3606 3607 3706 3705 
f 3609 3610 3709 3708 
f 3612 3613 3712 3711 
f 3615 3616 3715 3714 
f 3618 3619 3718 3717 
f 3621 3622 3721 3720 
f 3624 3625 3724 3723 
f 3627 3628 3727 3726 
f 3630 3631 3730 3729 
f 3633 3634 3733 3732 
f 3636 3637 3736 3735 
f 3639 3640 3739 3738 
f 3645 3646 3742 3741 
f 3648 3649 3745 3744 
f 3651 3652 3748 3747 
f 3654 3655 3751 3750 
f 3657 3658 3754 3753 
f 3660 3661 3757 3756 
f 3663 3664 3760 3759 
f 3666 3667 3763 3762 
f 3669 3670 3766 3765 
f 3672 3673 3769 3768 
f 3675 3676 3772 3771 
f 3678 3679 3775 3774 
f 3681 3682 3778 3777 
f 3684 3685 3781 3780 
f 3687 3688 3784 3783 
f 3690 3691 3637 3636 
f 3693 3694 3646 3645 
f 3696 3697 3595 3594 
f 3699 3700 3598 3597 
f 3702 3703 3601 3600 
f 3705 3706 3604 3603 
f 3708 3709 3607 3606 
f 3711 3712 3610 3609 
f 3714 3715 3613 3612 
f 3717 3718 3616 3615 
f 3720 3721 3619 3618 
f 3723 3724 3622 3621 
f 3726 3727 3625 3624 
f 3729 3730 3628 3627 
f 3732 3733 3631 3630 
f 3735 3736 3634 3633 
f 3738 3739 3643 3642 
f 3741 3742 3649 3648 
f 3744 3745 3652 3651 
f 3747 3748 3655 3654 
f 3750 3751 3658 3657 
f 3753 3754 3661 3660 
f 3756 3757 3664 3663 
f 3759 3760 3667 3666 
f 3762 3763 3670 3669 
f 3765 3766 3673 3672 
f 3768 3769 3676 3675 
f 3771 3772 3679 3678 
f 3774 3775 3682 3681 
f 3777 3778 3685 3684 
f 3780 3781 3688 3687 
f 3783 3784 3640 3639 
f 3644 3914 3916 3692 
f 3643 3644 3692 3691 
f 3690 3788 3786 3642 
f 3596 3918 3920 3695 
f 3595 3596 3695 3694 
f 3693 3792 3790 3594 
f 3599 3922 3924 3698 
f 3598 3599 3698 3697 
f 3696 3796 3794 3597 
f 3602 3926 3928 3701 
f 3601 3602 3701 3700 
f 3699 3800 3798 3600 
f 3605 3930 3932 3704 
f 3604 3605 3704 3703 
f 3702 3804 3802 3603 
f 3608 3934 3936 3707 
f 3607 3608 3707 3706 
f 3705 3808 3806 3606 
f 3611 3938 3940 3710 
f 3610 3611 3710 3709 
f 3708 3812 3810 3609 
f 3614 3942 3944 3713 
f 3613 3614 3713 3712 
f 3711 3816 3814 3612 
f 3617 3946 3948 3716 
f 3616 3617 3716 3715 
f 3714 3820 3818 3615 
f 3620 3950 3952 3719 
f 3619 3620 3719 3718 
f 3717 3824 3822 3618 
f 3623 3954 3956 3722 
f 3622 3623 3722 3721 
f 3720 3828 3826 3621 
f 3626 3958 3960 3725 
f 3625 3626 3725 3724 
f 3723 3832 3830 3624 
f 3629 3962 3964 3728 
f 3628 3629 3728 3727 
f 3726 3836 3834 3627 
f 3632 3966 3968 3731 
f 3631 3632 3731 3730 
f 3729 3840 3838 3630 
f 3635 3970 3972 3734 
f 3634 3635 3734 3733 
f 3732 3844 3842 3633 
f 3638 3974 3976 3737 
f 3637 3638 3737 3736 
f 3735 3848 3846 3636 
f 3641 3978 3980 3740 
f 3640 3641 3740 3739 
f 3738 3852 3850 3639 
f 3647 3982 3984 3743 
f 3646 3647 3743 3742 
f 3741 3856 3854 3645 
f 3650 3986 3988 3746 
f 3649 3650 3746 3745 
f 3744 3860 3858 3648 
f 3653 3990 3992 3749 
f 3652 3653 3749 3748 
f 3747 3864 3862 3651 
f 3656 3994 3996 3752 
f 3655 3656 3752 3751 
f 3750 3868 3866 3654 
f 3659 3998 4000 3755 
f 3658 3659 3755 3754 
f 3753 3872 3870 3657 
f 3662 4002 4004 3758 
f 3661 3662 3758 3757 
f 3756 3876 3874 3660 
f 3665 4006 4008 3761 
f 3664 3665 3761 3760 
f 3759 3880 3878 3663 
f 3668 4010 4012 3764 
f 3667 3668 3764 3763 
f 3762 3884 3882 3666 
f 3671 4014 4016 3767 
f 3670 3671 3767 3766 
f 3765 3888 3886 3669 
f 3674 4018 4020 3770 
f 3673 3674 3770 3769 
f 3768 3892 3890 3672 
f 3677 4022 4024 3773 
f 3676 3677 3773 3772 
f 3771 3896 3894 3675 
f 3680 4026 4028 3776 
f 3679 3680 3776 3775 
f 3774 3900 3898 3678 
f 3683 4030 4032 3779 
f 3682 3683 3779 3778 
f 3777 3904 3902 3681 
f 3686 4034 4036 3782 
f 3685 3686 3782 3781 
f 3780 3908 3906 3684 
f 3689 4038 4040 3785 
f 3688 3689 3785 3784 
f 3783 3912 3910 3687 
f 3692 3916 3974 3638 
f 3691 3692 3638 3637 
f 3636 3846 3788 3690 
f 3695 3920 3982 3647 
f 3694 3695 3647 3646 
f 3645 3854 3792 3693 
f 3698 3924 3918 3596 
f 3697 3698 3596 3595 
f 3594 3790 3796 3696 
f 3701 3928 3922 3599 
f 3700 3701 3599 3598 
f 3597 3794 3800 3699 
f 3704 3932 3926 3602 
f 3703 3704 3602 3601 
f 3600 3798 3804 3702 
f 3707 3936 3930 3605 
f 3706 3707 3605 3604 
f 3603 3802 3808 3705 
f 3710 3940 3934 3608 
f 3709 3710 3608 3607 
f 3606 3806 3812 3708 
f 3713 3944 3938 3611 
f 3712 3713 3611 3610 
f 3609 3810 3816 3711 
f 3716 3948 3942 3614 
f 3715 3716 3614 3613 
f 3612 3814 3820 3714 
f 3719 3952 3946 3617 
f 3718 3719 3617 3616 
f 3615 3818 3824 3717 
f 3722 3956 3950 3620 
f 3721 3722 3620 3619 
f 3618 3822 3828 3720 
f 3725 3960 3954 3623 
f 3724 3725 3623 3622 
f 3621 3826 3832 3723 
f 3728 3964 3958 3626 
f 3727 3728 3626 3625 
f 3624 3830 3836 3726 
f 3731 3968 3962 3629 
f 3730 3731 3629 3628 
f 3627 3834 3840 3729 
f 3734 3972 3966 3632 
f 3733 3734 3632 3631 
f 3630 3838 3844 3732 
f 3737 3976 3970 3635 
f 3736 3737 3635 3634 
f 3633 3842 3848 3735 
f 3740 3980 3914 3644 
f 3739 3740 3644 3643 
f 3642 3786 3852 3738 
f 3743 3984 3986 3650 
f 3742 3743 3650 3649 
f 3648 3858 3856 3741 
f 3746 3988 3990 3653 
f 3745 3746 3653 3652 
f 3651 3862 3860 3744 
f 3749 3992 3994 3656 
f 3748 3749 3656 3655 
f 3654 3866 3864 3747 
f 3752 3996 3998 3659 
f 3751 3752 3659 3658 
f 3657 3870 3868 3750 
f 3755 4000 4002 3662 
f 3754 3755 3662 3661 
f 3660 3874 3872 3753 
f 3758 4004 4006 3665 
f 3757 3758 3665 3664 
f 3663 3878 3876 3756 
f 3761 4008 4010 3668 
f 3760 3761 3668 3667 
f 3666 3882 3880 3759 
f 3764 4012 4014 3671 
f 3763 3764 3671 3670 
f 3669 3886 3884 3762 
f 3767 4016 4018 3674 
f 3766 3767 3674 3673 
f 3672 3890 3888 3765 
f 3770 4020 4022 3677 
f 3769 3770 3677 3676 
f 3675 3894 3892 3768 
f 3773 4024 4026 3680 
f 3772 3773 3680 3679 
f 3678 3898 3896 3771 
f 3776 4028 4030 3683 
f 3775 3776 3683 3682 
f 3681 3902 3900 3774 
f 3779 4032 4034 3686 
f 3778 3779 3686 3685 
f 3684 3906 3904 3777 
f 3782 4036 4038 3689 
f 3781 3782 3689 3688 
f 3687 3910 3908 3780 
f 3785 4040 3978 3641 
f 3784 3785 3641 3640 
f 3639 3850 3912 3783 
f 3789 3787 3786 3788 
f 3793 3791 3790 3792 
f 3797 3795 3794 3796 
f 3801 3799 3798 3800 
f 3805 3803 3802 3804 
f 3809 3807 3806 3808 
f 3813 3811 3810 3812 
f 3817 3815 3814 3816 
f 3821 3819 3818 3820 
f 3825 3823 3822 3824 
f 3829 3827 3826 3828 
f 3833 3831 3830 3832 
f 3837 3835 3834 3836 
f 3841 3839 3838 3840 
f 3845 3843 3842 3844 
f 3849 3847 3846 3848 
f 3853 3851 3850 3852 
f 3857 3855 3854 3856 
f 3861 3859 3858 3860 
f 3865 3863 3862 3864 
f 3869 3867 3866 3868 
f 3873 3871 3870 3872 
f 3877 3875 3874 3876 
f 3881 3879 3878 3880 
f 3885 3883 3882 3884 
f 3889 3887 3886 3888 
f 3893 3891 3890 3892 
f 3897 3895 3894 3896 
f 3901 3899 3898 3900 
f 3905 3903 3902 3904 
f 3909 3907 3906 3908 
f 3913 3911 3910 3912 
f 3847 3789 3788 3846 
f 3855 3793 3792 3854 
f 3791 3797 3796 3790 
f 3795 3801 3800 3794 
f 3799 3805 3804 3798 
f 3803 3809 3808 3802 
f 3807 3813 3812 3806 
f 3811 3817 3816 3810 
f 3815 3821 3820 3814 
f 3819 3825 3824 3818 
f 3823 3829 3828 3822 
f 3827 3833 3832 3826 
f 3831 3837 3836 3830 
f 3835 3841 3840 3834 
f 3839 3845 3844 3838 
f 3843 3849 3848 3842 
f 3787 3853 3852 3786 
f 3859 3857 3856 3858 
f 3863 3861 3860 3862 
f 3867 3865 3864 3866 
f 3871 3869 3868 3870 
f 3875 3873 3872 3874 
f 3879 3877 3876 3878 
f 3883 3881 3880 3882 
f 3887 3885 3884 3886 
f 3891 3889 3888 3890 
f 3895 3893 3892 3894 
f 3899 3897 3896 3898 
f 3903 3901 3900 3902 
f 3907 3905 3904 3906 
f 3911 3909 3908 3910 
f 3851 3913 3912 3850 
f 3915 3917 3916 3914 
f 3919 3921 3920 3918 
f 3923 3925 3924 3922 
f 3927 3929 3928 3926 
f 3931 3933 3932 3930 
f 3935 3937 3936 3934 
f 3939 3941 3940 3938 
f 3943 3945 3944 3942 
f 3947 3949 3948 3946 
f 3951 3953 3952 3950 
f 3955 3957 3956 3954 
f 3959 3961 3960 3958 
f 3963 3965 3964 3962 
f 3967 3969 3968 3966 
f 3971 3973 3972 3970 
f 3975 3977 3976 3974 
f 3979 3981 3980 3978 
f 3983 3985 3984 3982 
f 3987 3989 3988 3986 
f 3991 3993 3992 3990 
f 3995 3997 3996 3994 
f 3999 4001 4000 3998 
f 4003 4005 4004 4002 
f 4007 4009 4008 4006 
f 4011 4013 4012 4010 
f 4015 4017 4016 4014 
f 4019 4021 4020 4018 
f 4023 4025 4024 4022 
f 4027 4029 4028 4026 
f 4031 4033 4032 4030 
f 4035 4037 4036 4034 
f 4039 4041 4040 4038 
f 3917 3975 3974 3916 
f 3921 3983 3982 3920 
f 3925 3919 3918 3924 
f 3929 3923 3922 3928 
f 3933 3927 3926 3932 
f 3937 3931 3930 3936 
f 3941 3935 3934 3940 
f 3945 3939 3938 3944 
f 3949 3943 3942 3948 
f 3953 3947 3946 3952 
f 3957 3951 3950 3956 
f 3961 3955 3954 3960 
f 3965 3959 3958 3964 
f 3969 3963 3962 3968 
f 3973 3967 3966 3972 
f 3977 3971 3970 3976 
f 3981 3915 3914 3980 
f 3985 3987 3986 3984 
f 3989 3991 3990 3988 
f 3993 3995 3994 3992 
f 3997 3999 3998 3996 
f 4001 4003 4002 4000 
f 4005 4007 4006 4004 
f 4009 4011 4010 4008 
f 4013 4015 4014 4012 
f 4017 4019 4018 4016 
f 4021 4023 4022 4020 
f 4025 4027 4026 4024 
f 4029 4031 4030 4028 
f 4033 4035 4034 4032 
f 4037 4039 4038 4036 
f 4041 3979 3978 4040 
f 4045 4043 4042 4044 
f 4049 4047 4046 4048 
f 4053 4051 4050 4052 
f 4057 4055 4054 4056 
f 4061 4059 4058 4060 
f 4065 4063 4062 4064 
f 4069 4067 4066 4068 
f 4073 4071 4070 4072 
f 4077 4075 4074 4076 
f 4081 4079 4078 4080 
f 4085 4083 4082 4084 
f 4089 4087 4086 4088 
f 4093 4091 4090 4092 
f 4097 4095 4094 4096 
f 4101 4099 4098 4100 
f 4105 4103 4102 4104 
f 4109 4107 4106 4108 
f 4113 4111 4110 4112 
f 4117 4115 4114 4116 
f 4121 4119 4118 4120 
f 4125 4123 4122 4124 
f 4129 4127 4126 4128 
f 4133 4131 4130 4132 
f 4137 4135 4134 4136 
f 4141 4139 4138 4140 
f 4145 4143 4142 4144 
f 4149 4147 4146 4148 
f 4153 4151 4150 4152 
f 4157 4155 4154 4156 
f 4161 4159 4158 4160 
f 4165 4163 4162 4164 
f 4169 4167 4166 4168 
f 4103 4045 4044 4102 
f 4111 4049 4048 4110 
f 4047 4053 4052 4046 
f 4051 4057 4056 4050 
f 4055 4061 4060 4054 
f 4059 4065 4064 4058 
f 4063 4069 4068 4062 
f 4067 4073 4072 4066 
f 4071 4077 4076 4070 
f 4075 4081 4080 4074 
f 4079 4085 4084 4078 
f 4083 4089 4088 4082 
f 4087 4093 4092 4086 
f 4091 4097 4096 4090 
f 4095 4101 4100 4094 
f 4099 4105 4104 4098 
f 4043 4109 4108 4042 
f 4115 4113 4112 4114 
f 4119 4117 4116 4118 
f 4123 4121 4120 4122 
f 4127 4125 4124 4126 
f 4131 4129 4128 4130 
f 4135 4133 4132 4134 
f 4139 4137 4136 4138 
f 4143 4141 4140 4142 
f 4147 4145 4144 4146 
f 4151 4149 4148 4150 
f 4155 4153 4152 4154 
f 4159 4157 4156 4158 
f 4163 4161 4160 4162 
f 4167 4165 4164 4166 
f 4107 4169 4168 4106 
f 4173 4171 4170 4172 
f 4177 4175 4174 4176 
f 4181 4179 4178 4180 
f 4185 4183 4182 4184 
f 4189 4187 4186 4188 
f 4193 4191 4190 4192 
f 4197 4195 4194 4196 
f 4201 4199 4198 4200 
f 4205 4203 4202 4204 
f 4209 4207 4206 4208 
f 4213 4211 4210 4212 
f 4217 4215 4214 4216 
f 4221 4219 4218 4220 
f 4225 4223 4222 4224 
f 4229 4227 4226 4228 
f 4233 4231 4230 4232 
f 4237 4235 4234 4236 
f 4241 4239 4238 4240 
f 4245 4243 4242 4244 
f 4249 4247 4246 4248 
f 4253 4251 4250 4252 
f 4257 4255 4254 4256 
f 4261 4259 4258 4260 
f 4265 4263 4262 4264 
f 4269 4267 4266 4268 
f 4273 4271 4270 4272 
f 4277 4275 4274 4276 
f 4281 4279 4278 4280 
f 4285 4283 4282 4284 
f 4289 4287 4286 4288 
f 4293 4291 4290 4292 
f 4297 4295 4294 4296 
f 4171 4233 4232 4170 
f 4175 4241 4240 4174 
f 4179 4177 4176 4178 
f 4183 4181 4180 4182 
f 4187 4185 4184 4186 
f 4191 4189 4188 4190 
f 4195 4193 4192 4194 
f 4199 4197 4196 4198 
f 4203 4201 4200 4202 
f 4207 4205 4204 4206 
f 4211 4209 4208 4210 
f 4215 4213 4212 4214 
f 4219 4217 4216 4218 
f 4223 4221 4220 4222 
f 4227 4225 4224 4226 
f 4231 4229 4228 4230 
f 4235 4173 4172 4234 
f 4239 4245 4244 4238 
f 4243 4249 4248 4242 
f 4247 4253 4252 4246 
f 4251 4257 4256 4250 
f 4255 4261 4260 4254 
f 4259 4265 4264 4258 
f 4263 4269 4268 4262 
f 4267 4273 4272 4266 
f 4271 4277 4276 4270 
f 4275 4281 4280 4274 
f 4279 4285 4284 4278 
f 4283 4289 4288 4282 
f 4287 4293 4292 4286 
f 4291 4297 4296 4290 
f 4295 4237 4236 4294 
f 4043 4045 4812 4814 
f 4047 4049 4816 4818 
f 4051 4053 4820 4822 
f 4055 4057 4824 4826 
f 4059 4061 4828 4830 
f 4063 4065 4832 4834 
f 4067 4069 4836 4838 
f 4071 4073 4840 4842 
f 4075 4077 4844 4846 
f 4079 4081 4848 4850 
f 4083 4085 4852 4854 
f 4087 4089 4856 4858 
f 4091 4093 4860 4862 
f 4095 4097 4864 4866 
f 4099 4101 4868 4870 
f 4103 4105 4872 4874 
f 4107 4109 4876 4878 
f 4111 4113 4880 4882 
f 4115 4117 4884 4886 
f 4119 4121 4888 4890 
f 4123 4125 4892 4894 
f 4127 4129 4896 4898 
f 4131 4133 4900 4902 
f 4135 4137 4904 4906 
f 4139 4141 4908 4910 
f 4143 4145 4912 4914 
f 4147 4149 4916 4918 
f 4151 4153 4920 4922 
f 4155 4157 4924 4926 
f 4159 4161 4928 4930 
f 4163 4165 4932 4934 
f 4167 4169 4936 4938 
f 4045 4103 4874 4812 
f 4049 4111 4882 4816 
f 4053 4047 4818 4820 
f 4057 4051 4822 4824 
f 4061 4055 4826 4828 
f 4065 4059 4830 4832 
f 4069 4063 4834 4836 
f 4073 4067 4838 4840 
f 4077 4071 4842 4844 
f 4081 4075 4846 4848 
f 4085 4079 4850 4852 
f 4089 4083 4854 4856 
f 4093 4087 4858 4860 
f 4097 4091 4862 4864 
f 4101 4095 4866 4868 
f 4105 4099 4870 4872 
f 4109 4043 4814 4876 
f 4113 4115 4886 4880 
f 4117 4119 4890 4884 
f 4121 4123 4894 4888 
f 4125 4127 4898 4892 
f 4129 4131 4902 4896 
f 4133 4135 4906 4900 
f 4137 4139 4910 4904 
f 4141 4143 4914 4908 
f 4145 4147 4918 4912 
f 4149 4151 4922 4916 
f 4153 4155 4926 4920 
f 4157 4159 4930 4924 
f 4161 4163 4934 4928 
f 4165 4167 4938 4932 
f 4169 4107 4878 4936 
f 4301 4302 4299 4298 
f 4307 4308 4305 4304 
f 4313 4314 4311 4310 
f 4319 4320 4317 4316 
f 4325 4326 4323 4322 
f 4331 4332 4329 4328 
f 4337 4338 4335 4334 
f 4343 4344 4341 4340 
f 4349 4350 4347 4346 
f 4355 4356 4353 4352 
f 4361 4362 4359 4358 
f 4367 4368 4365 4364 
f 4373 4374 4371 4370 
f 4379 4380 4377 4376 
f 4385 4386 4383 4382 
f 4391 4392 4389 4388 
f 4397 4398 4395 4394 
f 4403 4404 4401 4400 
f 4409 4410 4407 4406 
f 4415 4416 4413 4412 
f 4421 4422 4419 4418 
f 4427 4428 4425 4424 
f 4433 4434 4431 4430 
f 4439 4440 4437 4436 
f 4445 4446 4443 4442 
f 4451 4452 4449 4448 
f 4457 4458 4455 4454 
f 4463 4464 4461 4460 
f 4469 4470 4467 4466 
f 4475 4476 4473 4472 
f 4481 4482 4479 4478 
f 4487 4488 4485 4484 
f 4388 4389 4302 4301 
f 4400 4401 4308 4307 
f 4304 4305 4314 4313 
f 4310 4311 4320 4319 
f 4316 4317 4326 4325 
f 4322 4323 4332 4331 
f 4328 4329 4338 4337 
f 4334 4335 4344 4343 
f 4340 4341 4350 4349 
f 4346 4347 4356 4355 
f 4352 4353 4362 4361 
f 4358 4359 4368 4367 
f 4364 4365 4374 4373 
f 4370 4371 4380 4379 
f 4376 4377 4386 4385 
f 4382 4383 4392 4391 
f 4298 4299 4398 4397 
f 4406 4407 4404 4403 
f 4412 4413 4410 4409 
f 4418 4419 4416 4415 
f 4424 4425 4422 4421 
f 4430 4431 4428 4427 
f 4436 4437 4434 4433 
f 4442 4443 4440 4439 
f 4448 4449 4446 4445 
f 4454 4455 4452 4451 
f 4460 4461 4458 4457 
f 4466 4467 4464 4463 
f 4472 4473 4470 4469 
f 4478 4479 4476 4475 
f 4484 4485 4482 4481 
f 4394 4395 4488 4487 
f 4303 4683 4685 4300 
f 4302 4303 4300 4299 
f 4298 4813 4811 4301 
f 4309 4687 4689 4306 
f 4308 4309 4306 4305 
f 4304 4817 4815 4307 
f 4315 4691 4693 4312 
f 4314 4315 4312 4311 
f 4310 4821 4819 4313 
f 4321 4695 4697 4318 
f 4320 4321 4318 4317 
f 4316 4825 4823 4319 
f 4327 4699 4701 4324 
f 4326 4327 4324 4323 
f 4322 4829 4827 4325 
f 4333 4703 4705 4330 
f 4332 4333 4330 4329 
f 4328 4833 4831 4331 
f 4339 4707 4709 4336 
f 4338 4339 4336 4335 
f 4334 4837 4835 4337 
f 4345 4711 4713 4342 
f 4344 4345 4342 4341 
f 4340 4841 4839 4343 
f 4351 4715 4717 4348 
f 4350 4351 4348 4347 
f 4346 4845 4843 4349 
f 4357 4719 4721 4354 
f 4356 4357 4354 4353 
f 4352 4849 4847 4355 
f 4363 4723 4725 4360 
f 4362 4363 4360 4359 
f 4358 4853 4851 4361 
f 4369 4727 4729 4366 
f 4368 4369 4366 4365 
f 4364 4857 4855 4367 
f 4375 4731 4733 4372 
f 4374 4375 4372 4371 
f 4370 4861 4859 4373 
f 4381 4735 4737 4378 
f 4380 4381 4378 4377 
f 4376 4865 4863 4379 
f 4387 4739 4741 4384 
f 4386 4387 4384 4383 
f 4382 4869 4867 4385 
f 4393 4743 4745 4390 
f 4392 4393 4390 4389 
f 4388 4873 4871 4391 
f 4399 4747 4749 4396 
f 4398 4399 4396 4395 
f 4394 4877 4875 4397 
f 4405 4751 4753 4402 
f 4404 4405 4402 4401 
f 4400 4881 4879 4403 
f 4411 4755 4757 4408 
f 4410 4411 4408 4407 
f 4406 4885 4883 4409 
f 4417 4759 4761 4414 
f 4416 4417 4414 4413 
f 4412 4889 4887 4415 
f 4423 4763 4765 4420 
f 4422 4423 4420 4419 
f 4418 4893 4891 4421 
f 4429 4767 4769 4426 
f 4428 4429 4426 4425 
f 4424 4897 4895 4427 
f 4435 4771 4773 4432 
f 4434 4435 4432 4431 
f 4430 4901 4899 4433 
f 4441 4775 4777 4438 
f 4440 4441 4438 4437 
f 4436 4905 4903 4439 
f 4447 4779 4781 4444 
f 4446 4447 4444 4443 
f 4442 4909 4907 4445 
f 4453 4783 4785 4450 
f 4452 4453 4450 4449 
f 4448 4913 4911 4451 
f 4459 4787 4789 4456 
f 4458 4459 4456 4455 
f 4454 4917 4915 4457 
f 4465 4791 4793 4462 
f 4464 4465 4462 4461 
f 4460 4921 4919 4463 
f 4471 4795 4797 4468 
f 4470 4471 4468 4467 
f 4466 4925 4923 4469 
f 4477 4799 4801 4474 
f 4476 4477 4474 4473 
f 4472 4929 4927 4475 
f 4483 4803 4805 4480 
f 4482 4483 4480 4479 
f 4478 4933 4931 4481 
f 4489 4807 4809 4486 
f 4488 4489 4486 4485 
f 4484 4937 4935 4487 
f 4390 4745 4683 4303 
f 4389 4390 4303 4302 
f 4301 4811 4873 4388 
f 4402 4753 4687 4309 
f 4401 4402 4309 4308 
f 4307 4815 4881 4400 
f 4306 4689 4691 4315 
f 4305 4306 4315 4314 
f 4313 4819 4817 4304 
f 4312 4693 4695 4321 
f 4311 4312 4321 4320 
f 4319 4823 4821 4310 
f 4318 4697 4699 4327 
f 4317 4318 4327 4326 
f 4325 4827 4825 4316 
f 4324 4701 4703 4333 
f 4323 4324 4333 4332 
f 4331 4831 4829 4322 
f 4330 4705 4707 4339 
f 4329 4330 4339 4338 
f 4337 4835 4833 4328 
f 4336 4709 4711 4345 
f 4335 4336 4345 4344 
f 4343 4839 4837 4334 
f 4342 4713 4715 4351 
f 4341 4342 4351 4350 
f 4349 4843 4841 4340 
f 4348 4717 4719 4357 
f 4347 4348 4357 4356 
f 4355 4847 4845 4346 
f 4354 4721 4723 4363 
f 4353 4354 4363 4362 
f 4361 4851 4849 4352 
f 4360 4725 4727 4369 
f 4359 4360 4369 4368 
f 4367 4855 4853 4358 
f 4366 4729 4731 4375 
f 4365 4366 4375 4374 
f 4373 4859 4857 4364 
f 4372 4733 4735 4381 
f 4371 4372 4381 4380 
f 4379 4863 4861 4370 
f 4378 4737 4739 4387 
f 4377 4378 4387 4386 
f 4385 4867 4865 4376 
f 4384 4741 4743 4393 
f 4383 4384 4393 4392 
f 4391 4871 4869 4382 
f 4300 4685 4747 4399 
f 4299 4300 4399 4398 
f 4397 4875 4813 4298 
f 4408 4757 4751 4405 
f 4407 4408 4405 4404 
f 4403 4879 4885 4406 
f 4414 4761 4755 4411 
f 4413 4414 4411 4410 
f 4409 4883 4889 4412 
f 4420 4765 4759 4417 
f 4419 4420 4417 4416 
f 4415 4887 4893 4418 
f 4426 4769 4763 4423 
f 4425 4426 4423 4422 
f 4421 4891 4897 4424 
f 4432 4773 4767 4429 
f 4431 4432 4429 4428 
f 4427 4895 4901 4430 
f 4438 4777 4771 4435 
f 4437 4438 4435 4434 
f 4433 4899 4905 4436 
f 4444 4781 4775 4441 
f 4443 4444 4441 4440 
f 4439 4903 4909 4442 
f 4450 4785 4779 4447 
f 4449 4450 4447 4446 
f 4445 4907 4913 4448 
f 4456 4789 4783 4453 
f 4455 4456 4453 4452 
f 4451 4911 4917 4454 
f 4462 4793 4787 4459 
f 4461 4462 4459 4458 
f 4457 4915 4921 4460 
f 4468 4797 4791 4465 
f 4467 4468 4465 4464 
f 4463 4919 4925 4466 
f 4474 4801 4795 4471 
f 4473 4474 4471 4470 
f 4469 4923 4929 4472 
f 4480 4805 4799 4477 
f 4479 4480 4477 4476 
f 4475 4927 4933 4478 
f 4486 4809 4803 4483 
f 4485 4486 4483 4482 
f 4481 4931 4937 4484 
f 4396 4749 4807 4489 
f 4395 4396 4489 4488 
f 4487 4935 4877 4394 
f 4686 4684 4493 4495 
f 4690 4688 4499 4501 
f 4694 4692 4505 4507 
f 4698 4696 4511 4513 
f 4702 4700 4517 4519 
f 4706 4704 4523 4525 
f 4710 4708 4529 4531 
f 4714 4712 4535 4537 
f 4718 4716 4541 4543 
f 4722 4720 4547 4549 
f 4726 4724 4553 4555 
f 4730 4728 4559 4561 
f 4734 4732 4565 4567 
f 4738 4736 4571 4573 
f 4742 4740 4577 4579 
f 4746 4744 4583 4585 
f 4750 4748 4589 4591 
f 4754 4752 4595 4597 
f 4758 4756 4601 4603 
f 4762 4760 4607 4609 
f 4766 4764 4613 4615 
f 4770 4768 4619 4621 
f 4774 4772 4625 4627 
f 4778 4776 4631 4633 
f 4782 4780 4637 4639 
f 4786 4784 4643 4645 
f 4790 4788 4649 4651 
f 4794 4792 4655 4657 
f 4798 4796 4661 4663 
f 4802 4800 4667 4669 
f 4806 4804 4673 4675 
f 4810 4808 4679 4681 
f 4684 4746 4585 4493 
f 4688 4754 4597 4499 
f 4692 4690 4501 4505 
f 4696 4694 4507 4511 
f 4700 4698 4513 4517 
f 4704 4702 4519 4523 
f 4708 4706 4525 4529 
f 4712 4710 4531 4535 
f 4716 4714 4537 4541 
f 4720 4718 4543 4547 
f 4724 4722 4549 4553 
f 4728 4726 4555 4559 
f 4732 4730 4561 4565 
f 4736 4734 4567 4571 
f 4740 4738 4573 4577 
f 4744 4742 4579 4583 
f 4748 4686 4495 4589 
f 4752 4758 4603 4595 
f 4756 4762 4609 4601 
f 4760 4766 4615 4607 
f 4764 4770 4621 4613 
f 4768 4774 4627 4619 
f 4772 4778 4633 4625 
f 4776 4782 4639 4631 
f 4780 4786 4645 4637 
f 4784 4790 4651 4643 
f 4788 4794 4657 4649 
f 4792 4798 4663 4655 
f 4796 4802 4669 4661 
f 4800 4806 4675 4667 
f 4804 4810 4681 4673 
f 4808 4750 4591 4679 
s 2
f 4496 4492 4490 
f 4502 4498 4490 
f 4508 4504 4490 
f 4514 4510 4490 
f 4520 4516 4490 
f 4526 4522 4490 
f 4532 4528 4490 
f 4538 4534 4490 
f 4544 4540 4490 
f 4550 4546 4490 
f 4556 4552 4490 
f 4562 4558 4490 
f 4568 4564 4490 
f 4574 4570 4490 
f 4580 4576 4490 
f 4586 4582 4490 
f 4592 4588 4490 
f 4598 4594 4490 
f 4604 4600 4490 
f 4610 4606 4490 
f 4616 4612 4490 
f 4622 4618 4490 
f 4628 4624 4490 
f 4634 4630 4490 
f 4640 4636 4490 
f 4646 4642 4490 
f 4652 4648 4490 
f 4658 4654 4490 
f 4664 4660 4490 
f 4670 4666 4490 
f 4676 4672 4490 
f 4682 4678 4490 
f 4492 4586 4490 
f 4498 4598 4490 
f 4504 4502 4490 
f 4510 4508 4490 
f 4516 4514 4490 
f 4522 4520 4490 
f 4528 4526 4490 
f 4534 4532 4490 
f 4540 4538 4490 
f 4546 4544 4490 
f 4552 4550 4490 
f 4558 4556 4490 
f 4564 4562 4490 
f 4570 4568 4490 
f 4576 4574 4490 
f 4582 4580 4490 
f 4588 4496 4490 
f 4594 4604 4490 
f 4600 4610 4490 
f 4606 4616 4490 
f 4612 4622 4490 
f 4618 4628 4490 
f 4624 4634 4490 
f 4630 4640 4490 
f 4636 4646 4490 
f 4642 4652 4490 
f 4648 4658 4490 
f 4654 4664 4490 
f 4660 4670 4490 
f 4666 4676 4490 
f 4672 4682 4490 
f 4678 4592 4490 
s 1
f 4495 4493 4491 4494 
f 4501 4499 4497 4500 
f 4507 4505 4503 4506 
f 4513 4511 4509 4512 
f 4519 4517 4515 4518 
f 4525 4523 4521 4524 
f 4531 4529 4527 4530 
f 4537 4535 4533 4536 
f 4543 4541 4539 4542 
f 4549 4547 4545 4548 
f 4555 4553 4551 4554 
f 4561 4559 4557 4560 
f 4567 4565 4563 4566 
f 4573 4571 4569 4572 
f 4579 4577 4575 4578 
f 4585 4583 4581 4584 
f 4591 4589 4587 4590 
f 4597 4595 4593 4596 
f 4603 4601 4599 4602 
f 4609 4607 4605 4608 
f 4615 4613 4611 4614 
f 4621 4619 4617 4620 
f 4627 4625 4623 4626 
f 4633 4631 4629 4632 
f 4639 4637 4635 4638 
f 4645 4643 4641 4644 
f 4651 4649 4647 4650 
f 4657 4655 4653 4656 
f 4663 4661 4659 4662 
f 4669 4667 4665 4668 
f 4675 4673 4671 4674 
f 4681 4679 4677 4680 
f 4493 4585 4584 4491 
f 4499 4597 4596 4497 
f 4505 4501 4500 4503 
f 4511 4507 4506 4509 
f 4517 4513 4512 4515 
f 4523 4519 4518 4521 
f 4529 4525 4524 4527 
f 4535 4531 4530 4533 
f 4541 4537 4536 4539 
f 4547 4543 4542 4545 
f 4553 4549 4548 4551 
f 4559 4555 4554 4557 
f 4565 4561 4560 4563 
f 4571 4567 4566 4569 
f 4577 4573 4572 4575 
f 4583 4579 4578 4581 
f 4589 4495 4494 4587 
f 4595 4603 4602 4593 
f 4601 4609 4608 4599 
f 4607 4615 4614 4605 
f 4613 4621 4620 4611 
f 4619 4627 4626 4617 
f 4625 4633 4632 4623 
f 4631 4639 4638 4629 
f 4637 4645 4644 4635 
f 4643 4651 4650 4641 
f 4649 4657 4656 4647 
f 4655 4663 4662 4653 
f 4661 4669 4668 4659 
f 4667 4675 4674 4665 
f 4673 4681 4680 4671 
f 4679 4591 4590 4677 
s 2
f 4492 4496 4494 4491 
f 4498 4502 4500 4497 
f 4504 4508 4506 4503 
f 4510 4514 4512 4509 
f 4516 4520 4518 4515 
f 4522 4526 4524 4521 
f 4528 4532 4530 4527 
f 4534 4538 4536 4533 
f 4540 4544 4542 4539 
f 4546 4550 4548 4545 
f 4552 4556 4554 4551 
f 4558 4562 4560 4557 
f 4564 4568 4566 4563 
f 4570 4574 4572 4569 
f 4576 4580 4578 4575 
f 4582 4586 4584 4581 
f 4588 4592 4590 4587 
f 4594 4598 4596 4593 
f 4600 4604 4602 4599 
f 4606 4610 4608 4605 
f 4612 4616 4614 4611 
f 4618 4622 4620 4617 
f 4624 4628 4626 4623 
f 4630 4634 4632 4629 
f 4636 4640 4638 4635 
f 4642 4646 4644 4641 
f 4648 4652 4650 4647 
f 4654 4658 4656 4653 
f 4660 4664 4662 4659 
f 4666 4670 4668 4665 
f 4672 4676 4674 4671 
f 4678 4682 4680 4677 
f 4586 4492 4491 4584 
f 4598 4498 4497 4596 
f 4502 4504 4503 4500 
f 4508 4510 4509 4506 
f 4514 4516 4515 4512 
f 4520 4522 4521 4518 
f 4526 4528 4527 4524 
f 4532 4534 4533 4530 
f 4538 4540 4539 4536 
f 4544 4546 4545 4542 
f 4550 4552 4551 4548 
f 4556 4558 4557 4554 
f 4562 4564 4563 4560 
f 4568 4570 4569 4566 
f 4574 4576 4575 4572 
f 4580 4582 4581 4578 
f 4496 4588 4587 4494 
f 4604 4594 4593 4602 
f 4610 4600 4599 4608 
f 4616 4606 4605 4614 
f 4622 4612 4611 4620 
f 4628 4618 4617 4626 
f 4634 4624 4623 4632 
f 4640 4630 4629 4638 
f 4646 4636 4635 4644 
f 4652 4642 4641 4650 
f 4658 4648 4647 4656 
f 4664 4654 4653 4662 
f 4670 4660 4659 4668 
f 4676 4666 4665 4674 
f 4682 4672 4671 4680 
f 4592 4678 4677 4590 
s 1
f 4684 4686 4685 4683 
f 4688 4690 4689 4687 
f 4692 4694 4693 4691 
f 4696 4698 4697 4695 
f 4700 4702 4701 4699 
f 4704 4706 4705 4703 
f 4708 4710 4709 4707 
f 4712 4714 4713 4711 
f 4716 4718 4717 4715 
f 4720 4722 4721 4719 
f 4724 4726 4725 4723 
f 4728 4730 4729 4727 
f 4732 4734 4733 4731 
f 4736 4738 4737 4735 
f 4740 4742 4741 4739 
f 4744 4746 4745 4743 
f 4748 4750 4749 4747 
f 4752 4754 4753 4751 
f 4756 4758 4757 4755 
f 4760 4762 4761 4759 
f 4764 4766 4765 4763 
f 4768 4770 4769 4767 
f 4772 4774 4773 4771 
f 4776 4778 4777 4775 
f 4780 4782 4781 4779 
f 4784 4786 4785 4783 
f 4788 4790 4789 4787 
f 4792 4794 4793 4791 
f 4796 4798 4797 4795 
f 4800 4802 4801 4799 
f 4804 4806 4805 4803 
f 4808 4810 4809 4807 
f 4746 4684 4683 4745 
f 4754 4688 4687 4753 
f 4690 4692 4691 4689 
f 4694 4696 4695 4693 
f 4698 4700 4699 4697 
f 4702 4704 4703 4701 
f 4706 4708 4707 4705 
f 4710 4712 4711 4709 
f 4714 4716 4715 4713 
f 4718 4720 4719 4717 
f 4722 4724 4723 4721 
f 4726 4728 4727 4725 
f 4730 4732 4731 4729 
f 4734 4736 4735 4733 
f 4738 4740 4739 4737 
f 4742 4744 4743 4741 
f 4686 4748 4747 4685 
f 4758 4752 4751 4757 
f 4762 4756 4755 4761 
f 4766 4760 4759 4765 
f 4770 4764 4763 4769 
f 4774 4768 4767 4773 
f 4778 4772 4771 4777 
f 4782 4776 4775 4781 
f 4786 4780 4779 4785 
f 4790 4784 4783 4789 
f 4794 4788 4787 4793 
f 4798 4792 4791 4797 
f 4802 4796 4795 4801 
f 4806 4800 4799 4805 
f 4810 4804 4803 4809 
f 4750 4808 4807 4749 
f 4814 4812 4811 4813 
f 4818 4816 4815 4817 
f 4822 4820 4819 4821 
f 4826 4824 4823 4825 
f 4830 4828 4827 4829 
f 4834 4832 4831 4833 
f 4838 4836 4835 4837 
f 4842 4840 4839 4841 
f 4846 4844 4843 4845 
f 4850 4848 4847 4849 
f 4854 4852 4851 4853 
f 4858 4856 4855 4857 
f 4862 4860 4859 4861 
f 4866 4864 4863 4865 
f 4870 4868 4867 4869 
f 4874 4872 4871 4873 
f 4878 4876 4875 4877 
f 4882 4880 4879 4881 
f 4886 4884 4883 4885 
f 4890 4888 4887 4889 
f 4894 4892 4891 4893 
f 4898 4896 4895 4897 
f 4902 4900 4899 4901 
f 4906 4904 4903 4905 
f 4910 4908 4907 4909 
f 4914 4912 4911 4913 
f 4918 4916 4915 4917 
f 4922 4920 4919 4921 
f 4926 4924 4923 4925 
f 4930 4928 4927 4929 
f 4934 4932 4931 4933 
f 4938 4936 4935 4937 
f 4812 4874 4873 4811 
f 4816 4882 4881 4815 
f 4820 4818 4817 4819 
f 4824 4822 4821 4823 
f 4828 4826 4825 4827 
f 4832 4830 4829 4831 
f 4836 4834 4833 4835 
f 4840 4838 4837 4839 
f 4844 4842 4841 4843 
f 4848 4846 4845 4847 
f 4852 4850 4849 4851 
f 4856 4854 4853 4855 
f 4860 4858 4857 4859 
f 4864 4862 4861 4863 
f 4868 4866 4865 4867 
f 4872 4870 4869 4871 
f 4876 4814 4813 4875 
f 4880 4886 4885 4879 
f 4884 4890 4889 4883 
f 4888 4894 4893 4887 
f 4892 4898 4897 4891 
f 4896 4902 4901 4895 
f 4900 4906 4905 4899 
f 4904 4910 4909 4903 
f 4908 4914 4913 4907 
f 4912 4918 4917 4911 
f 4916 4922 4921 4915 
f 4920 4926 4925 4919 
f 4924 4930 4929 4923 
f 4928 4934 4933 4927 
f 4932 4938 4937 4931 
f 4936 4878 4877 4935 
f 3917 3915 4939 
f 3921 3919 4939 
f 3925 3923 4939 
f 3929 3927 4939 
f 3933 3931 4939 
f 3937 3935 4939 
f 3941 3939 4939 
f 3945 3943 4939 
f 3949 3947 4939 
f 3953 3951 4939 
f 3957 3955 4939 
f 3961 3959 4939 
f 3965 3963 4939 
f 3969 3967 4939 
f 3973 3971 4939 
f 3977 3975 4939 
f 3981 3979 4939 
f 3985 3983 4939 
f 3989 3987 4939 
f 3993 3991 4939 
f 3997 3995 4939 
f 4001 3999 4939 
f 4005 4003 4939 
f 4009 4007 4939 
f 4013 4011 4939 
f 4017 4015 4939 
f 4021 4019 4939 
f 4025 4023 4939 
f 4029 4027 4939 
f 4033 4031 4939 
f 4037 4035 4939 
f 4041 4039 4939 
f 3975 3917 4939 
f 3983 3921 4939 
f 3919 3925 4939 
f 3923 3929 4939 
f 3927 3933 4939 
f 3931 3937 4939 
f 3935 3941 4939 
f 3939 3945 4939 
f 3943 3949 4939 
f 3947 3953 4939 
f 3951 3957 4939 
f 3955 3961 4939 
f 3959 3965 4939 
f 3963 3969 4939 
f 3967 3973 4939 
f 3971 3977 4939 
f 3915 3981 4939 
f 3987 3985 4939 
f 3991 3989 4939 
f 3995 3993 4939 
f 3999 3997 4939 
f 4003 4001 4939 
f 4007 4005 4939 
f 4011 4009 4939 
f 4015 4013 4939 
f 4019 4017 4939 
f 4023 4021 4939 
f 4027 4025 4939 
f 4031 4029 4939 
f 4035 4033 4939 
f 4039 4037 4939 
f 3979 4041 4939 
f 4940 5716 5717 4955 
f 4941 5718 5719 4957 
f 4946 5720 5721 4960 
f 4945 5722 5723 4962 
f 4942 5724 5725 4964 
f 4943 5726 5727 4966 
f 4944 5728 5729 4968 
f 4999 5730 5731 5002 
f 4947 5732 5733 4956 
f 4948 5734 5735 4958 
f 4949 5736 5737 4961 
f 4950 5738 5739 4963 
f 4951 5740 5741 4965 
f 4952 5742 5743 4967 
f 4953 5744 5745 4969 
f 4954 5746 5747 4970 
f 4971 4974 5749 5748 
f 4975 4978 5751 5750 
f 4979 4982 5753 5752 
f 4983 4986 5755 5754 
f 4987 4990 5757 5756 
f 4991 4994 5759 5758 
f 4995 4998 5761 5760 
f 4999 5002 5763 5762 
f 4972 4973 5765 5764 
f 4976 4977 5767 5766 
f 4980 4981 5769 5768 
f 4984 4985 5771 5770 
f 4988 4989 5773 5772 
f 4992 4993 5775 5774 
f 4996 4997 5777 5776 
f 5000 5001 5779 5778 
f 5037 5054 5828 5812 
f 5038 5055 5829 5813 
f 5039 5056 5830 5814 
f 5040 5057 5831 5815 
f 5041 5058 5832 5816 
f 5042 5059 5833 5817 
f 5043 5060 5834 5818 
f 5044 5061 5835 5819 
f 5045 5062 5836 5820 
f 5046 5063 5837 5821 
f 5047 5064 5838 5822 
f 5048 5065 5839 5823 
f 5049 5066 5840 5824 
f 5050 5067 5841 5825 
f 5051 5068 5842 5826 
f 5052 5069 5843 5827 
f 5054 5389 5844 5828 
f 5055 5071 5845 5829 
f 5056 5072 5846 5830 
f 5057 5073 5847 5831 
f 5058 5074 5848 5832 
f 5059 5075 5849 5833 
f 5060 5076 5850 5834 
f 5061 5077 5851 5835 
f 5062 5078 5852 5836 
f 5063 5079 5853 5837 
f 5064 5080 5854 5838 
f 5065 5081 5855 5839 
f 5066 5082 5856 5840 
f 5067 5083 5857 5841 
f 5068 5084 5858 5842 
f 5069 5085 5859 5843 
f 5389 5405 5860 5844 
f 5071 5086 5861 5845 
f 5072 5087 5862 5846 
f 5073 5088 5863 5847 
f 5074 5089 5864 5848 
f 5075 5090 5865 5849 
f 5076 5091 5866 5850 
f 5077 5092 5867 5851 
f 5078 5093 5868 5852 
f 5079 5094 5869 5853 
f 5080 5095 5870 5854 
f 5081 5096 5871 5855 
f 5082 5097 5872 5856 
f 5083 5098 5873 5857 
f 5084 5099 5874 5858 
f 5085 5100 5875 5859 
f 5405 5101 5876 5860 
f 5086 5102 5877 5861 
f 5087 5103 5878 5862 
f 5088 5104 5879 5863 
f 5089 5105 5880 5864 
f 5090 5106 5881 5865 
f 5091 5107 5882 5866 
f 5092 5108 5883 5867 
f 5093 5109 5884 5868 
f 5094 5110 5885 5869 
f 5095 5111 5886 5870 
f 5096 5112 5887 5871 
f 5097 5113 5888 5872 
f 5098 5114 5889 5873 
f 5099 5115 5890 5874 
f 5100 5116 5891 5875 
f 5101 5118 5892 5876 
f 5102 5119 5893 5877 
f 5103 5120 5894 5878 
f 5104 5121 5895 5879 
f 5105 5122 5896 5880 
f 5106 5123 5897 5881 
f 5107 5124 5898 5882 
f 5108 5125 5899 5883 
f 5109 5126 5900 5884 
f 5110 5127 5901 5885 
f 5111 5128 5902 5886 
f 5112 5129 5903 5887 
f 5113 5130 5904 5888 
f 5114 5131 5905 5889 
f 5115 5132 5906 5890 
f 5116 5133 5907 5891 
f 5118 5134 5908 5892 
f 5119 5135 5909 5893 
f 5120 5136 5910 5894 
f 5121 5137 5911 5895 
f 5122 5138 5912 5896 
f 5123 5139 5913 5897 
f 5124 5140 5914 5898 
f 5125 5141 5915 5899 
f 5126 5142 5916 5900 
f 5127 5143 5917 5901 
f 5128 5144 5918 5902 
f 5129 5145 5919 5903 
f 5130 5146 5920 5904 
f 5131 5147 5921 5905 
f 5132 5148 5922 5906 
f 5133 5149 5923 5907 
f 5134 5150 5924 5908 
f 5135 5151 5925 5909 
f 5136 5152 5926 5910 
f 5137 5153 5927 5911 
f 5138 5154 5928 5912 
f 5139 5155 5929 5913 
f 5140 5156 5930 5914 
f 5141 5157 5931 5915 
f 5142 5158 5932 5916 
f 5143 5159 5933 5917 
f 5144 5160 5934 5918 
f 5145 5161 5935 5919 
f 5146 5162 5936 5920 
f 5147 5163 5937 5921 
f 5148 5164 5938 5922 
f 5149 5165 5939 5923 
f 5150 5485 5940 5924 
f 5151 5167 5941 5925 
f 5152 5168 5942 5926 
f 5153 5169 5943 5927 
f 5154 5170 5944 5928 
f 5155 5171 5945 5929 
f 5156 5172 5946 5930 
f 5157 5173 5947 5931 
f 5158 5174 5948 5932 
f 5159 5175 5949 5933 
f 5160 5176 5950 5934 
f 5161 5177 5951 5935 
f 5162 5178 5952 5936 
f 5163 5179 5953 5937 
f 5164 5180 5954 5938 
f 5165 5181 5955 5939 
f 5485 5501 5956 5940 
f 5167 5183 5957 5941 
f 5168 5184 5958 5942 
f 5169 5185 5959 5943 
f 5170 5186 5960 5944 
f 5171 5187 5961 5945 
f 5172 5188 5962 5946 
f 5173 5189 5963 5947 
f 5174 5190 5964 5948 
f 5175 5191 5965 5949 
f 5176 5192 5966 5950 
f 5177 5193 5967 5951 
f 5178 5194 5968 5952 
f 5179 5195 5969 5953 
f 5180 5196 5970 5954 
f 5181 5197 5971 5955 
f 5501 5517 5972 5956 
f 5183 5199 5973 5957 
f 5184 5200 5974 5958 
f 5185 5201 5975 5959 
f 5186 5202 5976 5960 
f 5187 5203 5977 5961 
f 5188 5204 5978 5962 
f 5189 5205 5979 5963 
f 5190 5206 5980 5964 
f 5191 5207 5981 5965 
f 5192 5208 5982 5966 
f 5193 5209 5983 5967 
f 5194 5210 5984 5968 
f 5195 5211 5985 5969 
f 5196 5212 5986 5970 
f 5197 5213 5987 5971 
f 5517 5215 5988 5972 
f 5199 5216 5989 5973 
f 5200 5217 5990 5974 
f 5201 5218 5991 5975 
f 5202 5219 5992 5976 
f 5203 5220 5993 5977 
f 5204 5221 5994 5978 
f 5205 5222 5995 5979 
f 5206 5223 5996 5980 
f 5207 5224 5997 5981 
f 5208 5225 5998 5982 
f 5209 5226 5999 5983 
f 5210 5227 6000 5984 
f 5211 5228 6001 5985 
f 5212 5229 6002 5986 
f 5213 5230 6003 5987 
f 5215 5548 6004 5988 
f 5216 5232 6005 5989 
f 5217 5233 6006 5990 
f 5218 5234 6007 5991 
f 5219 5235 6008 5992 
f 5220 5236 6009 5993 
f 5221 5237 6010 5994 
f 5222 5238 6011 5995 
f 5223 5239 6012 5996 
f 5224 5240 6013 5997 
f 5225 5241 6014 5998 
f 5226 5242 6015 5999 
f 5227 5243 6016 6000 
f 5228 5244 6017 6001 
f 5229 5245 6018 6002 
f 5230 5246 6019 6003 
f 5548 5564 6020 6004 
f 5232 5248 6021 6005 
f 5233 5249 6022 6006 
f 5234 5250 6023 6007 
f 5235 5251 6024 6008 
f 5236 5252 6025 6009 
f 5237 5253 6026 6010 
f 5238 5254 6027 6011 
f 5239 5255 6028 6012 
f 5240 5256 6029 6013 
f 5241 5257 6030 6014 
f 5242 5258 6031 6015 
f 5243 5259 6032 6016 
f 5244 5260 6033 6017 
f 5245 5261 6034 6018 
f 5246 5262 6035 6019 
f 5564 5264 6036 6020 
f 5248 5265 6037 6021 
f 5249 5266 6038 6022 
f 5250 5267 6039 6023 
f 5251 5268 6040 6024 
f 5252 5269 6041 6025 
f 5253 5270 6042 6026 
f 5254 5271 6043 6027 
f 5255 5272 6044 6028 
f 5256 5273 6045 6029 
f 5257 5274 6046 6030 
f 5258 5275 6047 6031 
f 5259 5276 6048 6032 
f 5260 5277 6049 6033 
f 5261 5278 6050 6034 
f 5262 5279 6051 6035 
f 5264 5280 6052 6036 
f 5265 5281 6053 6037 
f 5266 5282 6054 6038 
f 5267 5283 6055 6039 
f 5268 5284 6056 6040 
f 5269 5285 6057 6041 
f 5270 5286 6058 6042 
f 5271 5287 6059 6043 
f 5272 5288 6060 6044 
f 5273 5289 6061 6045 
f 5274 5290 6062 6046 
f 5275 5291 6063 6047 
f 5276 5292 6064 6048 
f 5277 5293 6065 6049 
f 5278 5294 6066 6050 
f 5279 5295 6067 6051 
f 5280 5611 6068 6052 
f 5281 5297 6069 6053 
f 5282 5298 6070 6054 
f 5283 5299 6071 6055 
f 5284 5300 6072 6056 
f 5285 5301 6073 6057 
f 5286 5302 6074 6058 
f 5287 5303 6075 6059 
f 5288 5304 6076 6060 
f 5289 5305 6077 6061 
f 5290 5306 6078 6062 
f 5291 5307 6079 6063 
f 5292 5308 6080 6064 
f 5293 5309 6081 6065 
f 5294 5310 6082 6066 
f 5295 5311 6083 6067 
f 5611 5627 6084 6068 
f 5297 5313 6085 6069 
f 5298 5314 6086 6070 
f 5299 5315 6087 6071 
f 5300 5316 6088 6072 
f 5301 5317 6089 6073 
f 5302 5318 6090 6074 
f 5303 5319 6091 6075 
f 5304 5320 6092 6076 
f 5305 5321 6093 6077 
f 5306 5322 6094 6078 
f 5307 5323 6095 6079 
f 5308 5324 6096 6080 
f 5309 5325 6097 6081 
f 5310 5326 6098 6082 
f 5311 5327 6099 6083 
f 5627 5643 6100 6084 
f 5313 5329 6101 6085 
f 5314 5330 6102 6086 
f 5315 5331 6103 6087 
f 5316 5332 6104 6088 
f 5317 5333 6105 6089 
f 5318 5334 6106 6090 
f 5319 5335 6107 6091 
f 5320 5336 6108 6092 
f 5321 5337 6109 6093 
f 5322 5338 6110 6094 
f 5323 5339 6111 6095 
f 5324 5340 6112 6096 
f 5325 5341 6113 6097 
f 5326 5342 6114 6098 
f 5327 5343 6115 6099 
f 5643 5659 6116 6100 
f 5329 5344 6117 6101 
f 5330 5345 6118 6102 
f 5331 5346 6119 6103 
f 5332 5347 6120 6104 
f 5333 5348 6121 6105 
f 5334 5349 6122 6106 
f 5335 5350 6123 6107 
f 5336 5351 6124 6108 
f 5337 5352 6125 6109 
f 5338 5353 6126 6110 
f 5339 5354 6127 6111 
f 5340 5355 6128 6112 
f 5341 5356 6129 6113 
f 5342 5357 6130 6114 
f 5343 5358 6131 6115 
f 5037 6133 6132 5054 
f 5360 6135 6134 5359 
f 5362 6137 6136 5361 
f 5364 6139 6138 5363 
f 5366 6141 6140 5365 
f 5368 6143 6142 5367 
f 5370 6145 6144 5369 
f 5372 6147 6146 5371 
f 5374 6149 6148 5373 
f 5376 6151 6150 5375 
f 5378 6153 6152 5377 
f 5380 6155 6154 5379 
f 5382 6157 6156 5381 
f 5384 6159 6158 5383 
f 5386 6161 6160 5385 
f 5388 6163 6162 5387 
f 5054 6132 6164 5389 
f 5359 6134 6165 5390 
f 5361 6136 6166 5391 
f 5363 6138 6167 5392 
f 5365 6140 6168 5393 
f 5367 6142 6169 5394 
f 5369 6144 6170 5395 
f 5371 6146 6171 5396 
f 5373 6148 6172 5397 
f 5375 6150 6173 5398 
f 5377 6152 6174 5399 
f 5379 6154 6175 5400 
f 5381 6156 6176 5401 
f 5383 6158 6177 5402 
f 5385 6160 6178 5403 
f 5387 6162 6179 5404 
f 5389 6164 6180 5405 
f 5390 6165 6181 5406 
f 5391 6166 6182 5407 
f 5392 6167 6183 5408 
f 5393 6168 6184 5409 
f 5394 6169 6185 5410 
f 5395 6170 6186 5411 
f 5396 6171 6187 5412 
f 5397 6172 6188 5413 
f 5398 6173 6189 5414 
f 5399 6174 6190 5415 
f 5400 6175 6191 5416 
f 5401 6176 6192 5417 
f 5402 6177 6193 5418 
f 5403 6178 6194 5419 
f 5404 6179 6195 5420 
f 5405 6180 6196 5101 
f 5406 6181 6197 5422 
f 5407 6182 6198 5423 
f 5408 6183 6199 5424 
f 5409 6184 6200 5425 
f 5410 6185 6201 5426 
f 5411 6186 6202 5427 
f 5412 6187 6203 5428 
f 5413 6188 6204 5429 
f 5414 6189 6205 5430 
f 5415 6190 6206 5431 
f 5416 6191 6207 5432 
f 5417 6192 6208 5433 
f 5418 6193 6209 5434 
f 5419 6194 6210 5435 
f 5420 6195 6211 5436 
f 5101 6196 6212 5118 
f 5422 6197 6213 5438 
f 5423 6198 6214 5439 
f 5424 6199 6215 5440 
f 5425 6200 6216 5441 
f 5426 6201 6217 5442 
f 5427 6202 6218 5443 
f 5428 6203 6219 5444 
f 5429 6204 6220 5445 
f 5430 6205 6221 5446 
f 5431 6206 6222 5447 
f 5432 6207 6223 5448 
f 5433 6208 6224 5449 
f 5434 6209 6225 5450 
f 5435 6210 6226 5451 
f 5436 6211 6227 5452 
f 5118 6212 6228 5134 
f 5438 6213 6229 5453 
f 5439 6214 6230 5454 
f 5440 6215 6231 5455 
f 5441 6216 6232 5456 
f 5442 6217 6233 5457 
f 5443 6218 6234 5458 
f 5444 6219 6235 5459 
f 5445 6220 6236 5460 
f 5446 6221 6237 5461 
f 5447 6222 6238 5462 
f 5448 6223 6239 5463 
f 5449 6224 6240 5464 
f 5450 6225 6241 5465 
f 5451 6226 6242 5466 
f 5452 6227 6243 5467 
f 5134 6228 6244 5150 
f 5453 6229 6245 5469 
f 5454 6230 6246 5470 
f 5455 6231 6247 5471 
f 5456 6232 6248 5472 
f 5457 6233 6249 5473 
f 5458 6234 6250 5474 
f 5459 6235 6251 5475 
f 5460 6236 6252 5476 
f 5461 6237 6253 5477 
f 5462 6238 6254 5478 
f 5463 6239 6255 5479 
f 5464 6240 6256 5480 
f 5465 6241 6257 5481 
f 5466 6242 6258 5482 
f 5467 6243 6259 5483 
f 5150 6244 6260 5485 
f 5469 6245 6261 5486 
f 5470 6246 6262 5487 
f 5471 6247 6263 5488 
f 5472 6248 6264 5489 
f 5473 6249 6265 5490 
f 5474 6250 6266 5491 
f 5475 6251 6267 5492 
f 5476 6252 6268 5493 
f 5477 6253 6269 5494 
f 5478 6254 6270 5495 
f 5479 6255 6271 5496 
f 5480 6256 6272 5497 
f 5481 6257 6273 5498 
f 5482 6258 6274 5499 
f 5483 6259 6275 5500 
f 5485 6260 6276 5501 
f 5486 6261 6277 5502 
f 5487 6262 6278 5503 
f 5488 6263 6279 5504 
f 5489 6264 6280 5505 
f 5490 6265 6281 5506 
f 5491 6266 6282 5507 
f 5492 6267 6283 5508 
f 5493 6268 6284 5509 
f 5494 6269 6285 5510 
f 5495 6270 6286 5511 
f 5496 6271 6287 5512 
f 5497 6272 6288 5513 
f 5498 6273 6289 5514 
f 5499 6274 6290 5515 
f 5500 6275 6291 5516 
f 5501 6276 6292 5517 
f 5502 6277 6293 5518 
f 5503 6278 6294 5519 
f 5504 6279 6295 5520 
f 5505 6280 6296 5521 
f 5506 6281 6297 5522 
f 5507 6282 6298 5523 
f 5508 6283 6299 5524 
f 5509 6284 6300 5525 
f 5510 6285 6301 5526 
f 5511 6286 6302 5527 
f 5512 6287 6303 5528 
f 5513 6288 6304 5529 
f 5514 6289 6305 5530 
f 5515 6290 6306 5531 
f 5516 6291 6307 5532 
f 5517 6292 6308 5215 
f 5518 6293 6309 5533 
f 5519 6294 6310 5534 
f 5520 6295 6311 5535 
f 5521 6296 6312 5536 
f 5522 6297 6313 5537 
f 5523 6298 6314 5538 
f 5524 6299 6315 5539 
f 5525 6300 6316 5540 
f 5526 6301 6317 5541 
f 5527 6302 6318 5542 
f 5528 6303 6319 5543 
f 5529 6304 6320 5544 
f 5530 6305 6321 5545 
f 5531 6306 6322 5546 
f 5532 6307 6323 5547 
f 5215 6308 6324 5548 
f 5533 6309 6325 5549 
f 5534 6310 6326 5550 
f 5535 6311 6327 5551 
f 5536 6312 6328 5552 
f 5537 6313 6329 5553 
f 5538 6314 6330 5554 
f 5539 6315 6331 5555 
f 5540 6316 6332 5556 
f 5541 6317 6333 5557 
f 5542 6318 6334 5558 
f 5543 6319 6335 5559 
f 5544 6320 6336 5560 
f 5545 6321 6337 5561 
f 5546 6322 6338 5562 
f 5547 6323 6339 5563 
f 5548 6324 6340 5564 
f 5549 6325 6341 5565 
f 5550 6326 6342 5566 
f 5551 6327 6343 5567 
f 5552 6328 6344 5568 
f 5553 6329 6345 5569 
f 5554 6330 6346 5570 
f 5555 6331 6347 5571 
f 5556 6332 6348 5572 
f 5557 6333 6349 5573 
f 5558 6334 6350 5574 
f 5559 6335 6351 5575 
f 5560 6336 6352 5576 
f 5561 6337 6353 5577 
f 5562 6338 6354 5578 
f 5563 6339 6355 5579 
f 5564 6340 6356 5264 
f 5565 6341 6357 5580 
f 5566 6342 6358 5581 
f 5567 6343 6359 5582 
f 5568 6344 6360 5583 
f 5569 6345 6361 5584 
f 5570 6346 6362 5585 
f 5571 6347 6363 5586 
f 5572 6348 6364 5587 
f 5573 6349 6365 5588 
f 5574 6350 6366 5589 
f 5575 6351 6367 5590 
f 5576 6352 6368 5591 
f 5577 6353 6369 5592 
f 5578 6354 6370 5593 
f 5579 6355 6371 5594 
f 5264 6356 6372 5280 
f 5580 6357 6373 5595 
f 5581 6358 6374 5596 
f 5582 6359 6375 5597 
f 5583 6360 6376 5598 
f 5584 6361 6377 5599 
f 5585 6362 6378 5600 
f 5586 6363 6379 5601 
f 5587 6364 6380 5602 
f 5588 6365 6381 5603 
f 5589 6366 6382 5604 
f 5590 6367 6383 5605 
f 5591 6368 6384 5606 
f 5592 6369 6385 5607 
f 5593 6370 6386 5608 
f 5594 6371 6387 5609 
f 5280 6372 6388 5611 
f 5595 6373 6389 5612 
f 5596 6374 6390 5613 
f 5597 6375 6391 5614 
f 5598 6376 6392 5615 
f 5599 6377 6393 5616 
f 5600 6378 6394 5617 
f 5601 6379 6395 5618 
f 5602 6380 6396 5619 
f 5603 6381 6397 5620 
f 5604 6382 6398 5621 
f 5605 6383 6399 5622 
f 5606 6384 6400 5623 
f 5607 6385 6401 5624 
f 5608 6386 6402 5625 
f 5609 6387 6403 5626 
f 5611 6388 6404 5627 
f 5612 6389 6405 5628 
f 5613 6390 6406 5629 
f 5614 6391 6407 5630 
f 5615 6392 6408 5631 
f 5616 6393 6409 5632 
f 5617 6394 6410 5633 
f 5618 6395 6411 5634 
f 5619 6396 6412 5635 
f 5620 6397 6413 5636 
f 5621 6398 6414 5637 
f 5622 6399 6415 5638 
f 5623 6400 6416 5639 
f 5624 6401 6417 5640 
f 5625 6402 6418 5641 
f 5626 6403 6419 5642 
f 5627 6404 6420 5643 
f 5628 6405 6421 5644 
f 5629 6406 6422 5645 
f 5630 6407 6423 5646 
f 5631 6408 6424 5647 
f 5632 6409 6425 5648 
f 5633 6410 6426 5649 
f 5634 6411 6427 5650 
f 5635 6412 6428 5651 
f 5636 6413 6429 5652 
f 5637 6414 6430 5653 
f 5638 6415 6431 5654 
f 5639 6416 6432 5655 
f 5640 6417 6433 5656 
f 5641 6418 6434 5657 
f 5642 6419 6435 5658 
f 5643 6420 6436 5659 
f 5644 6421 6437 5660 
f 5645 6422 6438 5661 
f 5646 6423 6439 5662 
f 5647 6424 6440 5663 
f 5648 6425 6441 5664 
f 5649 6426 6442 5665 
f 5650 6427 6443 5666 
f 5651 6428 6444 5667 
f 5652 6429 6445 5668 
f 5653 6430 6446 5669 
f 5654 6431 6447 5670 
f 5655 6432 6448 5671 
f 5656 6433 6449 5672 
f 5657 6434 6450 5673 
f 5658 6435 6451 5674 
f 4979 5752 6130 5357 
f 4980 5768 6131 5358 
f 5003 5736 6451 5675 
f 4949 5720 6450 5674 
f 4946 5734 6449 5673 
f 4948 5718 6448 5672 
f 4941 5738 6447 5671 
f 4950 5722 6446 5670 
f 4945 5740 6445 5669 
f 4951 5724 6444 5668 
f 4942 5742 6443 5667 
f 4952 5726 6442 5666 
f 4943 5744 6441 5665 
f 4953 5728 6440 5664 
f 4944 5732 6439 5663 
f 4947 5716 6438 5662 
f 4940 5746 6437 5661 
f 4954 5730 6436 5660 
f 4999 5762 6116 5659 
f 5000 5778 6117 5344 
f 4971 5748 6118 5345 
f 4972 5764 6119 5346 
f 4995 5760 6120 5347 
f 4996 5776 6121 5348 
f 4991 5758 6122 5349 
f 4992 5774 6123 5350 
f 4987 5756 6124 5351 
f 4988 5772 6125 5352 
f 4983 5754 6126 5353 
f 4984 5770 6127 5354 
f 4975 5750 6128 5355 
f 4976 5766 6129 5356 
f 5035 5801 6135 5360 
f 5016 5784 6137 5362 
f 5024 5800 6139 5364 
f 5008 5783 6141 5366 
f 5023 5799 6143 5368 
f 5007 5782 6145 5370 
f 5022 5798 6147 5372 
f 5006 5781 6149 5374 
f 5021 5797 6151 5376 
f 5005 5780 6153 5378 
f 5020 5796 6155 5380 
f 5019 5795 6157 5382 
f 5034 5811 6159 5384 
f 5018 5794 6161 5386 
f 5033 5810 6163 5388 
f 5017 5793 5827 5036 
f 5025 5809 5826 5052 
f 5004 5792 5825 5051 
f 5030 5808 5824 5050 
f 5013 5791 5823 5049 
f 5029 5807 5822 5048 
f 5014 5790 5821 5047 
f 5031 5806 5820 5046 
f 5012 5789 5819 5045 
f 5028 5805 5818 5044 
f 5015 5788 5817 5043 
f 5032 5804 5816 5042 
f 5011 5787 5815 5041 
f 5027 5803 5814 5040 
f 5010 5786 5813 5039 
f 5026 5802 5812 5038 
f 5009 5785 6133 5037 
f 5716 4947 4956 5717 
f 5718 4948 4958 5719 
f 5720 4949 4961 5721 
f 5722 4950 4963 5723 
f 5724 4951 4965 5725 
f 5726 4952 4967 5727 
f 5728 4953 4969 5729 
f 5730 4954 4970 5731 
f 5732 4944 4968 5733 
f 5734 4946 4960 5735 
f 5736 5003 4959 5737 
f 5738 4941 4957 5739 
f 5740 4945 4962 5741 
f 5742 4942 4964 5743 
f 5744 4943 4966 5745 
f 5746 4940 4955 5747 
f 5749 4973 4972 5748 
f 5751 4977 4976 5750 
f 5753 4981 4980 5752 
f 5755 4985 4984 5754 
f 5757 4989 4988 5756 
f 5759 4993 4992 5758 
f 5761 4997 4996 5760 
f 5763 5001 5000 5762 
f 5765 4998 4995 5764 
f 5767 4982 4979 5766 
f 5769 4959 5003 5768 
f 5771 4978 4975 5770 
f 5773 4986 4983 5772 
f 5775 4990 4987 5774 
f 5777 4994 4991 5776 
f 5779 4974 4971 5778 
f 5828 5055 5038 5812 
f 5829 5056 5039 5813 
f 5830 5057 5040 5814 
f 5831 5058 5041 5815 
f 5832 5059 5042 5816 
f 5833 5060 5043 5817 
f 5834 5061 5044 5818 
f 5835 5062 5045 5819 
f 5836 5063 5046 5820 
f 5837 5064 5047 5821 
f 5838 5065 5048 5822 
f 5839 5066 5049 5823 
f 5840 5067 5050 5824 
f 5841 5068 5051 5825 
f 5842 5069 5052 5826 
f 5843 5053 5036 5827 
f 5844 5071 5055 5828 
f 5845 5072 5056 5829 
f 5846 5073 5057 5830 
f 5847 5074 5058 5831 
f 5848 5075 5059 5832 
f 5849 5076 5060 5833 
f 5850 5077 5061 5834 
f 5851 5078 5062 5835 
f 5852 5079 5063 5836 
f 5853 5080 5064 5837 
f 5854 5081 5065 5838 
f 5855 5082 5066 5839 
f 5856 5083 5067 5840 
f 5857 5084 5068 5841 
f 5858 5085 5069 5842 
f 5859 5070 5053 5843 
f 5860 5086 5071 5844 
f 5861 5087 5072 5845 
f 5862 5088 5073 5846 
f 5863 5089 5074 5847 
f 5864 5090 5075 5848 
f 5865 5091 5076 5849 
f 5866 5092 5077 5850 
f 5867 5093 5078 5851 
f 5868 5094 5079 5852 
f 5869 5095 5080 5853 
f 5870 5096 5081 5854 
f 5871 5097 5082 5855 
f 5872 5098 5083 5856 
f 5873 5099 5084 5857 
f 5874 5100 5085 5858 
f 5875 5421 5070 5859 
f 5876 5102 5086 5860 
f 5877 5103 5087 5861 
f 5878 5104 5088 5862 
f 5879 5105 5089 5863 
f 5880 5106 5090 5864 
f 5881 5107 5091 5865 
f 5882 5108 5092 5866 
f 5883 5109 5093 5867 
f 5884 5110 5094 5868 
f 5885 5111 5095 5869 
f 5886 5112 5096 5870 
f 5887 5113 5097 5871 
f 5888 5114 5098 5872 
f 5889 5115 5099 5873 
f 5890 5116 5100 5874 
f 5891 5437 5421 5875 
f 5892 5119 5102 5876 
f 5893 5120 5103 5877 
f 5894 5121 5104 5878 
f 5895 5122 5105 5879 
f 5896 5123 5106 5880 
f 5897 5124 5107 5881 
f 5898 5125 5108 5882 
f 5899 5126 5109 5883 
f 5900 5127 5110 5884 
f 5901 5128 5111 5885 
f 5902 5129 5112 5886 
f 5903 5130 5113 5887 
f 5904 5131 5114 5888 
f 5905 5132 5115 5889 
f 5906 5133 5116 5890 
f 5907 5117 5437 5891 
f 5908 5135 5119 5892 
f 5909 5136 5120 5893 
f 5910 5137 5121 5894 
f 5911 5138 5122 5895 
f 5912 5139 5123 5896 
f 5913 5140 5124 5897 
f 5914 5141 5125 5898 
f 5915 5142 5126 5899 
f 5916 5143 5127 5900 
f 5917 5144 5128 5901 
f 5918 5145 5129 5902 
f 5919 5146 5130 5903 
f 5920 5147 5131 5904 
f 5921 5148 5132 5905 
f 5922 5149 5133 5906 
f 5923 5468 5117 5907 
f 5924 5151 5135 5908 
f 5925 5152 5136 5909 
f 5926 5153 5137 5910 
f 5927 5154 5138 5911 
f 5928 5155 5139 5912 
f 5929 5156 5140 5913 
f 5930 5157 5141 5914 
f 5931 5158 5142 5915 
f 5932 5159 5143 5916 
f 5933 5160 5144 5917 
f 5934 5161 5145 5918 
f 5935 5162 5146 5919 
f 5936 5163 5147 5920 
f 5937 5164 5148 5921 
f 5938 5165 5149 5922 
f 5939 5484 5468 5923 
f 5940 5167 5151 5924 
f 5941 5168 5152 5925 
f 5942 5169 5153 5926 
f 5943 5170 5154 5927 
f 5944 5171 5155 5928 
f 5945 5172 5156 5929 
f 5946 5173 5157 5930 
f 5947 5174 5158 5931 
f 5948 5175 5159 5932 
f 5949 5176 5160 5933 
f 5950 5177 5161 5934 
f 5951 5178 5162 5935 
f 5952 5179 5163 5936 
f 5953 5180 5164 5937 
f 5954 5181 5165 5938 
f 5955 5166 5484 5939 
f 5956 5183 5167 5940 
f 5957 5184 5168 5941 
f 5958 5185 5169 5942 
f 5959 5186 5170 5943 
f 5960 5187 5171 5944 
f 5961 5188 5172 5945 
f 5962 5189 5173 5946 
f 5963 5190 5174 5947 
f 5964 5191 5175 5948 
f 5965 5192 5176 5949 
f 5966 5193 5177 5950 
f 5967 5194 5178 5951 
f 5968 5195 5179 5952 
f 5969 5196 5180 5953 
f 5970 5197 5181 5954 
f 5971 5182 5166 5955 
f 5972 5199 5183 5956 
f 5973 5200 5184 5957 
f 5974 5201 5185 5958 
f 5975 5202 5186 5959 
f 5976 5203 5187 5960 
f 5977 5204 5188 5961 
f 5978 5205 5189 5962 
f 5979 5206 5190 5963 
f 5980 5207 5191 5964 
f 5981 5208 5192 5965 
f 5982 5209 5193 5966 
f 5983 5210 5194 5967 
f 5984 5211 5195 5968 
f 5985 5212 5196 5969 
f 5986 5213 5197 5970 
f 5987 5198 5182 5971 
f 5988 5216 5199 5972 
f 5989 5217 5200 5973 
f 5990 5218 5201 5974 
f 5991 5219 5202 5975 
f 5992 5220 5203 5976 
f 5993 5221 5204 5977 
f 5994 5222 5205 5978 
f 5995 5223 5206 5979 
f 5996 5224 5207 5980 
f 5997 5225 5208 5981 
f 5998 5226 5209 5982 
f 5999 5227 5210 5983 
f 6000 5228 5211 5984 
f 6001 5229 5212 5985 
f 6002 5230 5213 5986 
f 6003 5214 5198 5987 
f 6004 5232 5216 5988 
f 6005 5233 5217 5989 
f 6006 5234 5218 5990 
f 6007 5235 5219 5991 
f 6008 5236 5220 5992 
f 6009 5237 5221 5993 
f 6010 5238 5222 5994 
f 6011 5239 5223 5995 
f 6012 5240 5224 5996 
f 6013 5241 5225 5997 
f 6014 5242 5226 5998 
f 6015 5243 5227 5999 
f 6016 5244 5228 6000 
f 6017 5245 5229 6001 
f 6018 5246 5230 6002 
f 6019 5231 5214 6003 
f 6020 5248 5232 6004 
f 6021 5249 5233 6005 
f 6022 5250 5234 6006 
f 6023 5251 5235 6007 
f 6024 5252 5236 6008 
f 6025 5253 5237 6009 
f 6026 5254 5238 6010 
f 6027 5255 5239 6011 
f 6028 5256 5240 6012 
f 6029 5257 5241 6013 
f 6030 5258 5242 6014 
f 6031 5259 5243 6015 
f 6032 5260 5244 6016 
f 6033 5261 5245 6017 
f 6034 5262 5246 6018 
f 6035 5247 5231 6019 
f 6036 5265 5248 6020 
f 6037 5266 5249 6021 
f 6038 5267 5250 6022 
f 6039 5268 5251 6023 
f 6040 5269 5252 6024 
f 6041 5270 5253 6025 
f 6042 5271 5254 6026 
f 6043 5272 5255 6027 
f 6044 5273 5256 6028 
f 6045 5274 5257 6029 
f 6046 5275 5258 6030 
f 6047 5276 5259 6031 
f 6048 5277 5260 6032 
f 6049 5278 5261 6033 
f 6050 5279 5262 6034 
f 6051 5263 5247 6035 
f 6052 5281 5265 6036 
f 6053 5282 5266 6037 
f 6054 5283 5267 6038 
f 6055 5284 5268 6039 
f 6056 5285 5269 6040 
f 6057 5286 5270 6041 
f 6058 5287 5271 6042 
f 6059 5288 5272 6043 
f 6060 5289 5273 6044 
f 6061 5290 5274 6045 
f 6062 5291 5275 6046 
f 6063 5292 5276 6047 
f 6064 5293 5277 6048 
f 6065 5294 5278 6049 
f 6066 5295 5279 6050 
f 6067 5610 5263 6051 
f 6068 5297 5281 6052 
f 6069 5298 5282 6053 
f 6070 5299 5283 6054 
f 6071 5300 5284 6055 
f 6072 5301 5285 6056 
f 6073 5302 5286 6057 
f 6074 5303 5287 6058 
f 6075 5304 5288 6059 
f 6076 5305 5289 6060 
f 6077 5306 5290 6061 
f 6078 5307 5291 6062 
f 6079 5308 5292 6063 
f 6080 5309 5293 6064 
f 6081 5310 5294 6065 
f 6082 5311 5295 6066 
f 6083 5296 5610 6067 
f 6084 5313 5297 6068 
f 6085 5314 5298 6069 
f 6086 5315 5299 6070 
f 6087 5316 5300 6071 
f 6088 5317 5301 6072 
f 6089 5318 5302 6073 
f 6090 5319 5303 6074 
f 6091 5320 5304 6075 
f 6092 5321 5305 6076 
f 6093 5322 5306 6077 
f 6094 5323 5307 6078 
f 6095 5324 5308 6079 
f 6096 5325 5309 6080 
f 6097 5326 5310 6081 
f 6098 5327 5311 6082 
f 6099 5312 5296 6083 
f 6100 5329 5313 6084 
f 6101 5330 5314 6085 
f 6102 5331 5315 6086 
f 6103 5332 5316 6087 
f 6104 5333 5317 6088 
f 6105 5334 5318 6089 
f 6106 5335 5319 6090 
f 6107 5336 5320 6091 
f 6108 5337 5321 6092 
f 6109 5338 5322 6093 
f 6110 5339 5323 6094 
f 6111 5340 5324 6095 
f 6112 5341 5325 6096 
f 6113 5342 5326 6097 
f 6114 5343 5327 6098 
f 6115 5328 5312 6099 
f 6116 5344 5329 6100 
f 6117 5345 5330 6101 
f 6118 5346 5331 6102 
f 6119 5347 5332 6103 
f 6120 5348 5333 6104 
f 6121 5349 5334 6105 
f 6122 5350 5335 6106 
f 6123 5351 5336 6107 
f 6124 5352 5337 6108 
f 6125 5353 5338 6109 
f 6126 5354 5339 6110 
f 6127 5355 5340 6111 
f 6128 5356 5341 6112 
f 6129 5357 5342 6113 
f 6130 5358 5343 6114 
f 6131 5675 5328 6115 
f 6133 5360 5359 6132 
f 6135 5362 5361 6134 
f 6137 5364 5363 6136 
f 6139 5366 5365 6138 
f 6141 5368 5367 6140 
f 6143 5370 5369 6142 
f 6145 5372 5371 6144 
f 6147 5374 5373 6146 
f 6149 5376 5375 6148 
f 6151 5378 5377 6150 
f 6153 5380 5379 6152 
f 6155 5382 5381 6154 
f 6157 5384 5383 6156 
f 6159 5386 5385 6158 
f 6161 5388 5387 6160 
f 6163 5036 5053 6162 
f 6132 5359 5390 6164 
f 6134 5361 5391 6165 
f 6136 5363 5392 6166 
f 6138 5365 5393 6167 
f 6140 5367 5394 6168 
f 6142 5369 5395 6169 
f 6144 5371 5396 6170 
f 6146 5373 5397 6171 
f 6148 5375 5398 6172 
f 6150 5377 5399 6173 
f 6152 5379 5400 6174 
f 6154 5381 5401 6175 
f 6156 5383 5402 6176 
f 6158 5385 5403 6177 
f 6160 5387 5404 6178 
f 6162 5053 5070 6179 
f 6164 5390 5406 6180 
f 6165 5391 5407 6181 
f 6166 5392 5408 6182 
f 6167 5393 5409 6183 
f 6168 5394 5410 6184 
f 6169 5395 5411 6185 
f 6170 5396 5412 6186 
f 6171 5397 5413 6187 
f 6172 5398 5414 6188 
f 6173 5399 5415 6189 
f 6174 5400 5416 6190 
f 6175 5401 5417 6191 
f 6176 5402 5418 6192 
f 6177 5403 5419 6193 
f 6178 5404 5420 6194 
f 6179 5070 5421 6195 
f 6180 5406 5422 6196 
f 6181 5407 5423 6197 
f 6182 5408 5424 6198 
f 6183 5409 5425 6199 
f 6184 5410 5426 6200 
f 6185 5411 5427 6201 
f 6186 5412 5428 6202 
f 6187 5413 5429 6203 
f 6188 5414 5430 6204 
f 6189 5415 5431 6205 
f 6190 5416 5432 6206 
f 6191 5417 5433 6207 
f 6192 5418 5434 6208 
f 6193 5419 5435 6209 
f 6194 5420 5436 6210 
f 6195 5421 5437 6211 
f 6196 5422 5438 6212 
f 6197 5423 5439 6213 
f 6198 5424 5440 6214 
f 6199 5425 5441 6215 
f 6200 5426 5442 6216 
f 6201 5427 5443 6217 
f 6202 5428 5444 6218 
f 6203 5429 5445 6219 
f 6204 5430 5446 6220 
f 6205 5431 5447 6221 
f 6206 5432 5448 6222 
f 6207 5433 5449 6223 
f 6208 5434 5450 6224 
f 6209 5435 5451 6225 
f 6210 5436 5452 6226 
f 6211 5437 5117 6227 
f 6212 5438 5453 6228 
f 6213 5439 5454 6229 
f 6214 5440 5455 6230 
f 6215 5441 5456 6231 
f 6216 5442 5457 6232 
f 6217 5443 5458 6233 
f 6218 5444 5459 6234 
f 6219 5445 5460 6235 
f 6220 5446 5461 6236 
f 6221 5447 5462 6237 
f 6222 5448 5463 6238 
f 6223 5449 5464 6239 
f 6224 5450 5465 6240 
f 6225 5451 5466 6241 
f 6226 5452 5467 6242 
f 6227 5117 5468 6243 
f 6228 5453 5469 6244 
f 6229 5454 5470 6245 
f 6230 5455 5471 6246 
f 6231 5456 5472 6247 
f 6232 5457 5473 6248 
f 6233 5458 5474 6249 
f 6234 5459 5475 6250 
f 6235 5460 5476 6251 
f 6236 5461 5477 6252 
f 6237 5462 5478 6253 
f 6238 5463 5479 6254 
f 6239 5464 5480 6255 
f 6240 5465 5481 6256 
f 6241 5466 5482 6257 
f 6242 5467 5483 6258 
f 6243 5468 5484 6259 
f 6244 5469 5486 6260 
f 6245 5470 5487 6261 
f 6246 5471 5488 6262 
f 6247 5472 5489 6263 
f 6248 5473 5490 6264 
f 6249 5474 5491 6265 
f 6250 5475 5492 6266 
f 6251 5476 5493 6267 
f 6252 5477 5494 6268 
f 6253 5478 5495 6269 
f 6254 5479 5496 6270 
f 6255 5480 5497 6271 
f 6256 5481 5498 6272 
f 6257 5482 5499 6273 
f 6258 5483 5500 6274 
f 6259 5484 5166 6275 
f 6260 5486 5502 6276 
f 6261 5487 5503 6277 
f 6262 5488 5504 6278 
f 6263 5489 5505 6279 
f 6264 5490 5506 6280 
f 6265 5491 5507 6281 
f 6266 5492 5508 6282 
f 6267 5493 5509 6283 
f 6268 5494 5510 6284 
f 6269 5495 5511 6285 
f 6270 5496 5512 6286 
f 6271 5497 5513 6287 
f 6272 5498 5514 6288 
f 6273 5499 5515 6289 
f 6274 5500 5516 6290 
f 6275 5166 5182 6291 
f 6276 5502 5518 6292 
f 6277 5503 5519 6293 
f 6278 5504 5520 6294 
f 6279 5505 5521 6295 
f 6280 5506 5522 6296 
f 6281 5507 5523 6297 
f 6282 5508 5524 6298 
f 6283 5509 5525 6299 
f 6284 5510 5526 6300 
f 6285 5511 5527 6301 
f 6286 5512 5528 6302 
f 6287 5513 5529 6303 
f 6288 5514 5530 6304 
f 6289 5515 5531 6305 
f 6290 5516 5532 6306 
f 6291 5182 5198 6307 
f 6292 5518 5533 6308 
f 6293 5519 5534 6309 
f 6294 5520 5535 6310 
f 6295 5521 5536 6311 
f 6296 5522 5537 6312 
f 6297 5523 5538 6313 
f 6298 5524 5539 6314 
f 6299 5525 5540 6315 
f 6300 5526 5541 6316 
f 6301 5527 5542 6317 
f 6302 5528 5543 6318 
f 6303 5529 5544 6319 
f 6304 5530 5545 6320 
f 6305 5531 5546 6321 
f 6306 5532 5547 6322 
f 6307 5198 5214 6323 
f 6308 5533 5549 6324 
f 6309 5534 5550 6325 
f 6310 5535 5551 6326 
f 6311 5536 5552 6327 
f 6312 5537 5553 6328 
f 6313 5538 5554 6329 
f 6314 5539 5555 6330 
f 6315 5540 5556 6331 
f 6316 5541 5557 6332 
f 6317 5542 5558 6333 
f 6318 5543 5559 6334 
f 6319 5544 5560 6335 
f 6320 5545 5561 6336 
f 6321 5546 5562 6337 
f 6322 5547 5563 6338 
f 6323 5214 5231 6339 
f 6324 5549 5565 6340 
f 6325 5550 5566 6341 
f 6326 5551 5567 6342 
f 6327 5552 5568 6343 
f 6328 5553 5569 6344 
f 6329 5554 5570 6345 
f 6330 5555 5571 6346 
f 6331 5556 5572 6347 
f 6332 5557 5573 6348 
f 6333 5558 5574 6349 
f 6334 5559 5575 6350 
f 6335 5560 5576 6351 
f 6336 5561 5577 6352 
f 6337 5562 5578 6353 
f 6338 5563 5579 6354 
f 6339 5231 5247 6355 
f 6340 5565 5580 6356 
f 6341 5566 5581 6357 
f 6342 5567 5582 6358 
f 6343 5568 5583 6359 
f 6344 5569 5584 6360 
f 6345 5570 5585 6361 
f 6346 5571 5586 6362 
f 6347 5572 5587 6363 
f 6348 5573 5588 6364 
f 6349 5574 5589 6365 
f 6350 5575 5590 6366 
f 6351 5576 5591 6367 
f 6352 5577 5592 6368 
f 6353 5578 5593 6369 
f 6354 5579 5594 6370 
f 6355 5247 5263 6371 
f 6356 5580 5595 6372 
f 6357 5581 5596 6373 
f 6358 5582 5597 6374 
f 6359 5583 5598 6375 
f 6360 5584 5599 6376 
f 6361 5585 5600 6377 
f 6362 5586 5601 6378 
f 6363 5587 5602 6379 
f 6364 5588 5603 6380 
f 6365 5589 5604 6381 
f 6366 5590 5605 6382 
f 6367 5591 5606 6383 
f 6368 5592 5607 6384 
f 6369 5593 5608 6385 
f 6370 5594 5609 6386 
f 6371 5263 5610 6387 
f 6372 5595 5612 6388 
f 6373 5596 5613 6389 
f 6374 5597 5614 6390 
f 6375 5598 5615 6391 
f 6376 5599 5616 6392 
f 6377 5600 5617 6393 
f 6378 5601 5618 6394 
f 6379 5602 5619 6395 
f 6380 5603 5620 6396 
f 6381 5604 5621 6397 
f 6382 5605 5622 6398 
f 6383 5606 5623 6399 
f 6384 5607 5624 6400 
f 6385 5608 5625 6401 
f 6386 5609 5626 6402 
f 6387 5610 5296 6403 
f 6388 5612 5628 6404 
f 6389 5613 5629 6405 
f 6390 5614 5630 6406 
f 6391 5615 5631 6407 
f 6392 5616 5632 6408 
f 6393 5617 5633 6409 
f 6394 5618 5634 6410 
f 6395 5619 5635 6411 
f 6396 5620 5636 6412 
f 6397 5621 5637 6413 
f 6398 5622 5638 6414 
f 6399 5623 5639 6415 
f 6400 5624 5640 6416 
f 6401 5625 5641 6417 
f 6402 5626 5642 6418 
f 6403 5296 5312 6419 
f 6404 5628 5644 6420 
f 6405 5629 5645 6421 
f 6406 5630 5646 6422 
f 6407 5631 5647 6423 
f 6408 5632 5648 6424 
f 6409 5633 5649 6425 
f 6410 5634 5650 6426 
f 6411 5635 5651 6427 
f 6412 5636 5652 6428 
f 6413 5637 5653 6429 
f 6414 5638 5654 6430 
f 6415 5639 5655 6431 
f 6416 5640 5656 6432 
f 6417 5641 5657 6433 
f 6418 5642 5658 6434 
f 6419 5312 5328 6435 
f 6420 5644 5660 6436 
f 6421 5645 5661 6437 
f 6422 5646 5662 6438 
f 6423 5647 5663 6439 
f 6424 5648 5664 6440 
f 6425 5649 5665 6441 
f 6426 5650 5666 6442 
f 6427 5651 5667 6443 
f 6428 5652 5668 6444 
f 6429 5653 5669 6445 
f 6430 5654 5670 6446 
f 6431 5655 5671 6447 
f 6432 5656 5672 6448 
f 6433 5657 5673 6449 
f 6434 5658 5674 6450 
f 6435 5328 5675 6451 
f 5752 4980 5358 6130 
f 5768 5003 5675 6131 
f 5736 4949 5674 6451 
f 5720 4946 5673 6450 
f 5734 4948 5672 6449 
f 5718 4941 5671 6448 
f 5738 4950 5670 6447 
f 5722 4945 5669 6446 
f 5740 4951 5668 6445 
f 5724 4942 5667 6444 
f 5742 4952 5666 6443 
f 5726 4943 5665 6442 
f 5744 4953 5664 6441 
f 5728 4944 5663 6440 
f 5732 4947 5662 6439 
f 5716 4940 5661 6438 
f 5746 4954 5660 6437 
f 5730 4999 5659 6436 
f 5762 5000 5344 6116 
f 5778 4971 5345 6117 
f 5748 4972 5346 6118 
f 5764 4995 5347 6119 
f 5760 4996 5348 6120 
f 5776 4991 5349 6121 
f 5758 4992 5350 6122 
f 5774 4987 5351 6123 
f 5756 4988 5352 6124 
f 5772 4983 5353 6125 
f 5754 4984 5354 6126 
f 5770 4975 5355 6127 
f 5750 4976 5356 6128 
f 5766 4979 5357 6129 
f 5801 5016 5362 6135 
f 5784 5024 5364 6137 
f 5800 5008 5366 6139 
f 5783 5023 5368 6141 
f 5799 5007 5370 6143 
f 5782 5022 5372 6145 
f 5798 5006 5374 6147 
f 5781 5021 5376 6149 
f 5797 5005 5378 6151 
f 5780 5020 5380 6153 
f 5796 5019 5382 6155 
f 5795 5034 5384 6157 
f 5811 5018 5386 6159 
f 5794 5033 5388 6161 
f 5810 5017 5036 6163 
f 5793 5025 5052 5827 
f 5809 5004 5051 5826 
f 5792 5030 5050 5825 
f 5808 5013 5049 5824 
f 5791 5029 5048 5823 
f 5807 5014 5047 5822 
f 5790 5031 5046 5821 
f 5806 5012 5045 5820 
f 5789 5028 5044 5819 
f 5805 5015 5043 5818 
f 5788 5032 5042 5817 
f 5804 5011 5041 5816 
f 5787 5027 5040 5815 
f 5803 5010 5039 5814 
f 5786 5026 5038 5813 
f 5802 5009 5037 5812 
f 5785 5035 5360 6133 
f 5685 6551 5785 5009 
f 5035 5785 6551 5682 
f 5801 5035 5682 6532 
f 5016 5801 6532 5683 
f 5784 5016 5683 5709 
f 5024 5784 5709 6496 
f 5800 5024 6496 5696 
f 5008 5800 5696 5681 
f 5783 5008 5681 5708 
f 5023 5783 5708 6493 
f 5799 5023 6493 5695 
f 5007 5799 5695 5680 
f 5782 5007 5680 5707 
f 5022 5782 5707 5678 
f 5798 5022 5678 5694 
f 5006 5798 5694 5679 
f 5781 5006 5679 5706 
f 5021 5781 5706 6487 
f 5797 5021 6487 5693 
f 5005 5797 5693 6489 
f 5780 5005 6489 5705 
f 5020 5780 5705 5676 
f 5796 5020 5676 6531 
f 5019 5796 6531 5677 
f 5795 5019 5677 5715 
f 5034 5795 5715 5692 
f 5811 5034 5692 5704 
f 5018 5811 5704 6530 
f 5794 5018 6530 5714 
f 5033 5794 5714 5691 
f 5810 5033 5691 5703 
f 5017 5810 5703 6527 
f 5793 5017 6527 6555 
f 5025 5793 6555 6523 
f 5809 5025 6523 5702 
f 5004 5809 5702 5690 
f 5792 5004 5690 5713 
f 5030 5792 5713 6519 
f 5808 5030 6519 5701 
f 5013 5808 5701 6521 
f 5791 5013 6521 6554 
f 5029 5791 6554 5689 
f 5807 5029 5689 5700 
f 5014 5807 5700 6517 
f 5790 5014 6517 5712 
f 5031 5790 5712 6513 
f 5806 5031 6513 5699 
f 5012 5806 5699 5688 
f 5789 5012 5688 6553 
f 5028 5789 6553 5687 
f 5805 5028 5687 6534 
f 5015 5805 6534 6511 
f 5788 5015 6511 6552 
f 5032 5788 6552 6507 
f 5804 5032 6507 5698 
f 5011 5804 5698 5686 
f 5787 5011 5686 5711 
f 5027 5787 5711 6503 
f 5803 5027 6503 5697 
f 5010 5803 5697 6505 
f 5786 5010 6505 5710 
f 5026 5786 5710 5684 
f 5802 5026 5684 6533 
f 5009 5802 6533 5685 
f 6452 6535 6668 6669 
f 6454 6536 6670 6671 
f 6456 6537 6672 6673 
f 6458 6538 6674 6675 
f 6460 6539 6676 6677 
f 6462 6540 6678 6679 
f 6464 6541 6680 6681 
f 6466 6542 6682 6683 
f 6468 6543 6684 6685 
f 6470 6544 6686 6687 
f 6472 6545 6688 6689 
f 6474 6546 6690 6691 
f 6476 6547 6692 6693 
f 6478 6548 6694 6695 
f 6480 6549 6696 6697 
f 6482 6550 6698 6699 
f 6455 6556 6700 6701 
f 6457 6557 6702 6703 
f 6459 6558 6704 6705 
f 6461 6559 6706 6707 
f 6463 6560 6708 6709 
f 6465 6561 6710 6711 
f 6467 6562 6712 6713 
f 6469 6563 6714 6715 
f 6471 6564 6716 6717 
f 6473 6565 6718 6719 
f 6475 6566 6720 6721 
f 6477 6567 6722 6723 
f 6479 6568 6724 6725 
f 6481 6569 6726 6727 
f 6483 6570 6728 6729 
f 6453 6571 6730 6731 
f 6732 6733 6604 6605 
f 6485 6572 6668 6731 
f 6735 6736 6606 6607 
f 6488 6573 6670 6701 
f 6738 6739 6608 6609 
f 6491 6574 6672 6703 
f 6741 6742 6610 6611 
f 6494 6575 6674 6705 
f 6744 6745 6612 6613 
f 6497 6576 6676 6707 
f 6747 6748 6614 6615 
f 6499 6577 6678 6709 
f 6750 6751 6616 6617 
f 6501 6578 6680 6711 
f 6753 6754 6618 6619 
f 6504 6579 6682 6713 
f 6756 6757 6620 6621 
f 6508 6580 6684 6715 
f 6759 6760 6622 6623 
f 6510 6581 6686 6717 
f 6762 6763 6624 6625 
f 6514 6582 6688 6719 
f 6765 6766 6626 6627 
f 6516 6583 6690 6721 
f 6768 6769 6628 6629 
f 6520 6584 6692 6723 
f 6771 6772 6630 6631 
f 6524 6585 6694 6725 
f 6774 6775 6632 6633 
f 6526 6586 6696 6727 
f 6777 6778 6634 6635 
f 6529 6587 6698 6729 
f 6780 6781 6636 6637 
f 6484 6588 6700 6669 
f 6782 6783 6638 6639 
f 6486 6589 6702 6671 
f 6784 6785 6640 6641 
f 6490 6590 6704 6673 
f 6786 6787 6642 6643 
f 6492 6591 6706 6675 
f 6788 6789 6644 6645 
f 6495 6592 6708 6677 
f 6790 6791 6646 6647 
f 6498 6593 6710 6679 
f 6792 6793 6648 6649 
f 6500 6594 6712 6681 
f 6794 6795 6650 6651 
f 6502 6595 6714 6683 
f 6796 6797 6652 6653 
f 6506 6596 6716 6685 
f 6798 6799 6654 6655 
f 6509 6597 6718 6687 
f 6800 6801 6656 6657 
f 6512 6598 6720 6689 
f 6802 6803 6658 6659 
f 6515 6599 6722 6691 
f 6804 6805 6660 6661 
f 6518 6600 6724 6693 
f 6806 6807 6662 6663 
f 6522 6601 6726 6695 
f 6808 6809 6664 6665 
f 6525 6602 6728 6697 
f 6810 6811 6666 6667 
f 6528 6603 6730 6699 
f 5677 6531 6572 6485 
f 6489 5693 6573 6488 
f 5679 5694 6574 6491 
f 5680 5695 6575 6494 
f 5681 5696 6576 6497 
f 5683 6532 6577 6499 
f 5685 6533 6578 6501 
f 6505 5697 6579 6504 
f 5686 5698 6580 6508 
f 6511 6534 6581 6510 
f 5688 5699 6582 6514 
f 6517 5700 6583 6516 
f 6521 5701 6584 6520 
f 5690 5702 6585 6524 
f 6527 5703 6586 6526 
f 6530 5704 6587 6529 
f 5676 5705 6588 6484 
f 6487 5706 6589 6486 
f 5678 5707 6590 6490 
f 6493 5708 6591 6492 
f 6496 5709 6592 6495 
f 5682 6551 6593 6498 
f 5684 5710 6594 6500 
f 6503 5711 6595 6502 
f 6507 6552 6596 6506 
f 5687 6553 6597 6509 
f 6513 5712 6598 6512 
f 5689 6554 6599 6515 
f 6519 5713 6600 6518 
f 6523 6555 6601 6522 
f 5691 5714 6602 6525 
f 5692 5715 6603 6528 
f 6733 6810 6667 6604 
f 6736 6780 6637 6606 
f 6739 6782 6639 6608 
f 6742 6784 6641 6610 
f 6745 6786 6643 6612 
f 6748 6788 6645 6614 
f 6751 6790 6647 6616 
f 6754 6792 6649 6618 
f 6757 6794 6651 6620 
f 6760 6796 6653 6622 
f 6763 6798 6655 6624 
f 6766 6800 6657 6626 
f 6769 6802 6659 6628 
f 6772 6804 6661 6630 
f 6775 6806 6663 6632 
f 6778 6808 6665 6634 
f 6781 6732 6605 6636 
f 6783 6735 6607 6638 
f 6785 6738 6609 6640 
f 6787 6741 6611 6642 
f 6789 6744 6613 6644 
f 6791 6747 6615 6646 
f 6793 6750 6617 6648 
f 6795 6753 6619 6650 
f 6797 6756 6621 6652 
f 6799 6759 6623 6654 
f 6801 6762 6625 6656 
f 6803 6765 6627 6658 
f 6805 6768 6629 6660 
f 6807 6771 6631 6662 
f 6809 6774 6633 6664 
f 6811 6777 6635 6666 
f 6531 5676 6484 6572 
f 5693 6487 6486 6573 
f 5694 5678 6490 6574 
f 5695 6493 6492 6575 
f 5696 6496 6495 6576 
f 6532 5682 6498 6577 
f 6533 5684 6500 6578 
f 5697 6503 6502 6579 
f 5698 6507 6506 6580 
f 6534 5687 6509 6581 
f 5699 6513 6512 6582 
f 5700 5689 6515 6583 
f 5701 6519 6518 6584 
f 5702 6523 6522 6585 
f 5703 5691 6525 6586 
f 5704 5692 6528 6587 
f 5705 6489 6488 6588 
f 5706 5679 6491 6589 
f 5707 5680 6494 6590 
f 5708 5681 6497 6591 
f 5709 5683 6499 6592 
f 6551 5685 6501 6593 
f 5710 6505 6504 6594 
f 5711 5686 6508 6595 
f 6552 6511 6510 6596 
f 6553 5688 6514 6597 
f 5712 6517 6516 6598 
f 6554 6521 6520 6599 
f 5713 5690 6524 6600 
f 6555 6527 6526 6601 
f 5714 6530 6529 6602 
f 5715 5677 6485 6603 
f 6604 6535 6452 6605 
f 6606 6536 6454 6607 
f 6608 6537 6456 6609 
f 6610 6538 6458 6611 
f 6612 6539 6460 6613 
f 6614 6540 6462 6615 
f 6616 6541 6464 6617 
f 6618 6542 6466 6619 
f 6620 6543 6468 6621 
f 6622 6544 6470 6623 
f 6624 6545 6472 6625 
f 6626 6546 6474 6627 
f 6628 6547 6476 6629 
f 6630 6548 6478 6631 
f 6632 6549 6480 6633 
f 6634 6550 6482 6635 
f 6636 6556 6455 6637 
f 6638 6557 6457 6639 
f 6640 6558 6459 6641 
f 6642 6559 6461 6643 
f 6644 6560 6463 6645 
f 6646 6561 6465 6647 
f 6648 6562 6467 6649 
f 6650 6563 6469 6651 
f 6652 6564 6471 6653 
f 6654 6565 6473 6655 
f 6656 6566 6475 6657 
f 6658 6567 6477 6659 
f 6660 6568 6479 6661 
f 6662 6569 6481 6663 
f 6664 6570 6483 6665 
f 6666 6571 6453 6667 
f 6667 6453 6535 6604 
f 6637 6455 6536 6606 
f 6639 6457 6537 6608 
f 6641 6459 6538 6610 
f 6643 6461 6539 6612 
f 6645 6463 6540 6614 
f 6647 6465 6541 6616 
f 6649 6467 6542 6618 
f 6651 6469 6543 6620 
f 6653 6471 6544 6622 
f 6655 6473 6545 6624 
f 6657 6475 6546 6626 
f 6659 6477 6547 6628 
f 6661 6479 6548 6630 
f 6663 6481 6549 6632 
f 6665 6483 6550 6634 
f 6605 6452 6556 6636 
f 6607 6454 6557 6638 
f 6609 6456 6558 6640 
f 6611 6458 6559 6642 
f 6613 6460 6560 6644 
f 6615 6462 6561 6646 
f 6617 6464 6562 6648 
f 6619 6466 6563 6650 
f 6621 6468 6564 6652 
f 6623 6470 6565 6654 
f 6625 6472 6566 6656 
f 6627 6474 6567 6658 
f 6629 6476 6568 6660 
f 6631 6478 6569 6662 
f 6633 6480 6570 6664 
f 6635 6482 6571 6666 
f 6668 6572 6484 6669 
f 6670 6573 6486 6671 
f 6672 6574 6490 6673 
f 6674 6575 6492 6675 
f 6676 6576 6495 6677 
f 6678 6577 6498 6679 
f 6680 6578 6500 6681 
f 6682 6579 6502 6683 
f 6684 6580 6506 6685 
f 6686 6581 6509 6687 
f 6688 6582 6512 6689 
f 6690 6583 6515 6691 
f 6692 6584 6518 6693 
f 6694 6585 6522 6695 
f 6696 6586 6525 6697 
f 6698 6587 6528 6699 
f 6700 6588 6488 6701 
f 6702 6589 6491 6703 
f 6704 6590 6494 6705 
f 6706 6591 6497 6707 
f 6708 6592 6499 6709 
f 6710 6593 6501 6711 
f 6712 6594 6504 6713 
f 6714 6595 6508 6715 
f 6716 6596 6510 6717 
f 6718 6597 6514 6719 
f 6720 6598 6516 6721 
f 6722 6599 6520 6723 
f 6724 6600 6524 6725 
f 6726 6601 6526 6727 
f 6728 6602 6529 6729 
f 6730 6603 6485 6731 
f 6668 6535 6453 6731 
f 6670 6536 6455 6701 
f 6672 6537 6457 6703 
f 6674 6538 6459 6705 
f 6676 6539 6461 6707 
f 6678 6540 6463 6709 
f 6680 6541 6465 6711 
f 6682 6542 6467 6713 
f 6684 6543 6469 6715 
f 6686 6544 6471 6717 
f 6688 6545 6473 6719 
f 6690 6546 6475 6721 
f 6692 6547 6477 6723 
f 6694 6548 6479 6725 
f 6696 6549 6481 6727 
f 6698 6550 6483 6729 
f 6700 6556 6452 6669 
f 6702 6557 6454 6671 
f 6704 6558 6456 6673 
f 6706 6559 6458 6675 
f 6708 6560 6460 6677 
f 6710 6561 6462 6679 
f 6712 6562 6464 6681 
f 6714 6563 6466 6683 
f 6716 6564 6468 6685 
f 6718 6565 6470 6687 
f 6720 6566 6472 6689 
f 6722 6567 6474 6691 
f 6724 6568 6476 6693 
f 6726 6569 6478 6695 
f 6728 6570 6480 6697 
f 6730 6571 6482 6699 
f 6734 7277 6810 6733 
f 6737 7278 6780 6736 
f 6740 7279 6782 6739 
f 6743 7280 6784 6742 
f 6746 7281 6786 6745 
f 6749 7282 6788 6748 
f 6752 7283 6790 6751 
f 6755 7284 6792 6754 
f 6758 7285 6794 6757 
f 6761 7286 6796 6760 
f 6764 7287 6798 6763 
f 6767 7288 6800 6766 
f 6770 7289 6802 6769 
f 6773 7290 6804 6772 
f 6776 7291 6806 6775 
f 6779 7292 6808 6778 
f 6812 7293 6732 6781 
f 6813 7294 6735 6783 
f 6814 7295 6738 6785 
f 6815 7296 6741 6787 
f 6816 7297 6744 6789 
f 6817 7298 6747 6791 
f 6818 7299 6750 6793 
f 6819 7300 6753 6795 
f 6820 7301 6756 6797 
f 6821 7302 6759 6799 
f 6822 7303 6762 6801 
f 6823 7304 6765 6803 
f 6824 7305 6768 6805 
f 6825 7306 6771 6807 
f 6826 7307 6774 6809 
f 6827 7308 6777 6811 
f 7293 6734 6733 6732 
f 7294 6737 6736 6735 
f 7295 6740 6739 6738 
f 7296 6743 6742 6741 
f 7297 6746 6745 6744 
f 7298 6749 6748 6747 
f 7299 6752 6751 6750 
f 7300 6755 6754 6753 
f 7301 6758 6757 6756 
f 7302 6761 6760 6759 
f 7303 6764 6763 6762 
f 7304 6767 6766 6765 
f 7305 6770 6769 6768 
f 7306 6773 6772 6771 
f 7307 6776 6775 6774 
f 7308 6779 6778 6777 
f 7278 6812 6781 6780 
f 7279 6813 6783 6782 
f 7280 6814 6785 6784 
f 7281 6815 6787 6786 
f 7282 6816 6789 6788 
f 7283 6817 6791 6790 
f 7284 6818 6793 6792 
f 7285 6819 6795 6794 
f 7286 6820 6797 6796 
f 7287 6821 6799 6798 
f 7288 6822 6801 6800 
f 7289 6823 6803 6802 
f 7290 6824 6805 6804 
f 7291 6825 6807 6806 
f 7292 6826 6809 6808 
f 7277 6827 6811 6810 
s 4
f 7022 7021 7213 7214 
f 7021 7054 7215 7213 
f 7054 7053 7216 7215 
f 7053 7024 7217 7216 
f 7024 7023 7218 7217 
f 7023 7056 7219 7218 
f 7056 7055 7220 7219 
f 7055 7026 7221 7220 
f 7026 7025 7222 7221 
f 7025 7058 7223 7222 
f 7058 7057 7224 7223 
f 7057 7028 7225 7224 
f 7028 7027 7226 7225 
f 7027 7060 7227 7226 
f 7060 7059 7228 7227 
f 7059 7030 7229 7228 
f 7030 7029 7230 7229 
f 7029 7062 7231 7230 
f 7062 7061 7232 7231 
f 7061 7032 7233 7232 
f 7032 7031 7234 7233 
f 7031 7064 7235 7234 
f 7064 7063 7236 7235 
f 7063 7034 7237 7236 
f 7034 7033 7238 7237 
f 7033 7066 7239 7238 
f 7066 7065 7240 7239 
f 7065 7036 7241 7240 
f 7036 7035 7242 7241 
f 7035 7068 7243 7242 
f 7068 7067 7244 7243 
f 7067 7038 7245 7244 
f 7038 7037 7246 7245 
f 7037 7070 7247 7246 
f 7070 7069 7248 7247 
f 7069 7040 7249 7248 
f 7040 7039 7250 7249 
f 7039 7072 7251 7250 
f 7072 7071 7252 7251 
f 7071 7042 7253 7252 
f 7042 7041 7254 7253 
f 7041 7074 7255 7254 
f 7074 7073 7256 7255 
f 7073 7044 7257 7256 
f 7044 7043 7258 7257 
f 7043 7076 7259 7258 
f 7076 7075 7260 7259 
f 7075 7046 7261 7260 
f 7046 7045 7262 7261 
f 7045 7078 7263 7262 
f 7078 7077 7264 7263 
f 7077 7048 7265 7264 
f 7048 7047 7266 7265 
f 7047 7080 7267 7266 
f 7080 7079 7268 7267 
f 7079 7050 7269 7268 
f 7050 7049 7270 7269 
f 7049 7082 7271 7270 
f 7082 7081 7272 7271 
f 7081 7052 7273 7272 
f 7052 7051 7274 7273 
f 7051 7084 7275 7274 
f 7084 7083 7276 7275 
f 7083 7022 7214 7276 
s 2
f 7088 7086 6831 6829 
f 7086 7090 6833 6831 
f 7090 7092 6835 6833 
f 7092 7094 6837 6835 
f 7094 7096 6839 6837 
f 7096 7098 6841 6839 
f 7098 7100 6843 6841 
f 7100 7102 6845 6843 
f 7102 7104 6847 6845 
f 7104 7106 6849 6847 
f 7106 7108 6851 6849 
f 7108 7110 6853 6851 
f 7110 7112 6855 6853 
f 7112 7114 6857 6855 
f 7114 7116 6859 6857 
f 7116 7118 6861 6859 
f 7118 7120 6863 6861 
f 7120 7122 6865 6863 
f 7122 7124 6867 6865 
f 7124 7126 6869 6867 
f 7126 7128 6871 6869 
f 7128 7130 6873 6871 
f 7130 7132 6875 6873 
f 7132 7134 6877 6875 
f 7134 7136 6879 6877 
f 7136 7138 6881 6879 
f 7138 7140 6883 6881 
f 7140 7142 6885 6883 
f 7142 7144 6887 6885 
f 7144 7146 6889 6887 
f 7146 7148 6891 6889 
f 7148 7150 6893 6891 
f 7150 7152 6895 6893 
f 7152 7154 6897 6895 
f 7154 7156 6899 6897 
f 7156 7158 6901 6899 
f 7158 7160 6903 6901 
f 7160 7162 6905 6903 
f 7162 7164 6907 6905 
f 7164 7166 6909 6907 
f 7166 7168 6911 6909 
f 7168 7170 6913 6911 
f 7170 7172 6915 6913 
f 7172 7174 6917 6915 
f 7174 7176 6919 6917 
f 7176 7178 6921 6919 
f 7178 7180 6923 6921 
f 7180 7182 6925 6923 
f 7182 7184 6927 6925 
f 7184 7186 6929 6927 
f 7186 7188 6931 6929 
f 7188 7190 6933 6931 
f 7190 7192 6935 6933 
f 7192 7194 6937 6935 
f 7194 7196 6939 6937 
f 7196 7198 6941 6939 
f 7198 7200 6943 6941 
f 7200 7202 6945 6943 
f 7202 7204 6947 6945 
f 7204 7206 6949 6947 
f 7206 7208 6951 6949 
f 7208 7210 6953 6951 
f 7210 7212 6955 6953 
f 7212 7088 6829 6955 
s 1
f 6957 6956 6830 6832 
f 6958 6957 6832 6834 
f 6959 6958 6834 6836 
f 6960 6959 6836 6838 
f 6961 6960 6838 6840 
f 6962 6961 6840 6842 
f 6963 6962 6842 6844 
f 6964 6963 6844 6846 
f 6965 6964 6846 6848 
f 6966 6965 6848 6850 
f 6967 6966 6850 6852 
f 6968 6967 6852 6854 
f 6969 6968 6854 6856 
f 6970 6969 6856 6858 
f 6971 6970 6858 6860 
f 6972 6971 6860 6862 
f 6973 6972 6862 6864 
f 6974 6973 6864 6866 
f 6975 6974 6866 6868 
f 6976 6975 6868 6870 
f 6977 6976 6870 6872 
f 6978 6977 6872 6874 
f 6979 6978 6874 6876 
f 6980 6979 6876 6878 
f 6981 6980 6878 6880 
f 6982 6981 6880 6882 
f 6983 6982 6882 6884 
f 6984 6983 6884 6886 
f 6985 6984 6886 6888 
f 6986 6985 6888 6890 
f 6987 6986 6890 6892 
f 6988 6987 6892 6894 
f 6989 6988 6894 6896 
f 6990 6989 6896 6898 
f 6991 6990 6898 6900 
f 6992 6991 6900 6902 
f 6993 6992 6902 6904 
f 6994 6993 6904 6906 
f 6995 6994 6906 6908 
f 6996 6995 6908 6910 
f 6997 6996 6910 6912 
f 6998 6997 6912 6914 
f 6999 6998 6914 6916 
f 7000 6999 6916 6918 
f 7001 7000 6918 6920 
f 7002 7001 6920 6922 
f 7003 7002 6922 6924 
f 7004 7003 6924 6926 
f 7005 7004 6926 6928 
f 7006 7005 6928 6930 
f 7007 7006 6930 6932 
f 7008 7007 6932 6934 
f 7009 7008 6934 6936 
f 7010 7009 6936 6938 
f 7011 7010 6938 6940 
f 7012 7011 6940 6942 
f 7013 7012 6942 6944 
f 7014 7013 6944 6946 
f 7015 7014 6946 6948 
f 7016 7015 6948 6950 
f 7017 7016 6950 6952 
f 7018 7017 6952 6954 
f 7019 7018 6954 6828 
f 6956 7019 6828 6830 
s 2
f 6829 6831 6830 6828 
f 6831 6833 6832 6830 
f 6833 6835 6834 6832 
f 6835 6837 6836 6834 
f 6837 6839 6838 6836 
f 6839 6841 6840 6838 
f 6841 6843 6842 6840 
f 6843 6845 6844 6842 
f 6845 6847 6846 6844 
f 6847 6849 6848 6846 
f 6849 6851 6850 6848 
f 6851 6853 6852 6850 
f 6853 6855 6854 6852 
f 6855 6857 6856 6854 
f 6857 6859 6858 6856 
f 6859 6861 6860 6858 
f 6861 6863 6862 6860 
f 6863 6865 6864 6862 
f 6865 6867 6866 6864 
f 6867 6869 6868 6866 
f 6869 6871 6870 6868 
f 6871 6873 6872 6870 
f 6873 6875 6874 6872 
f 6875 6877 6876 6874 
f 6877 6879 6878 6876 
f 6879 6881 6880 6878 
f 6881 6883 6882 6880 
f 6883 6885 6884 6882 
f 6885 6887 6886 6884 
f 6887 6889 6888 6886 
f 6889 6891 6890 6888 
f 6891 6893 6892 6890 
f 6893 6895 6894 6892 
f 6895 6897 6896 6894 
f 6897 6899 6898 6896 
f 6899 6901 6900 6898 
f 6901 6903 6902 6900 
f 6903 6905 6904 6902 
f 6905 6907 6906 6904 
f 6907 6909 6908 6906 
f 6909 6911 6910 6908 
f 6911 6913 6912 6910 
f 6913 6915 6914 6912 
f 6915 6917 6916 6914 
f 6917 6919 6918 6916 
f 6919 6921 6920 6918 
f 6921 6923 6922 6920 
f 6923 6925 6924 6922 
f 6925 6927 6926 6924 
f 6927 6929 6928 6926 
f 6929 6931 6930 6928 
f 6931 6933 6932 6930 
f 6933 6935 6934 6932 
f 6935 6937 6936 6934 
f 6937 6939 6938 6936 
f 6939 6941 6940 6938 
f 6941 6943 6942 6940 
f 6943 6945 6944 6942 
f 6945 6947 6946 6944 
f 6947 6949 6948 6946 
f 6949 6951 6950 6948 
f 6951 6953 6952 6950 
f 6953 6955 6954 6952 
f 6955 6829 6828 6954 
s 1
f 6956 6957 7020 
f 6957 6958 7020 
f 6958 6959 7020 
f 6959 6960 7020 
f 6960 6961 7020 
f 6961 6962 7020 
f 6962 6963 7020 
f 6963 6964 7020 
f 6964 6965 7020 
f 6965 6966 7020 
f 6966 6967 7020 
f 6967 6968 7020 
f 6968 6969 7020 
f 6969 6970 7020 
f 6970 6971 7020 
f 6971 6972 7020 
f 6972 6973 7020 
f 6973 6974 7020 
f 6974 6975 7020 
f 6975 6976 7020 
f 6976 6977 7020 
f 6977 6978 7020 
f 6978 6979 7020 
f 6979 6980 7020 
f 6980 6981 7020 
f 6981 6982 7020 
f 6982 6983 7020 
f 6983 6984 7020 
f 6984 6985 7020 
f 6985 6986 7020 
f 6986 6987 7020 
f 6987 6988 7020 
f 6988 6989 7020 
f 6989 6990 7020 
f 6990 6991 7020 
f 6991 6992 7020 
f 6992 6993 7020 
f 6993 6994 7020 
f 6994 6995 7020 
f 6995 6996 7020 
f 6996 6997 7020 
f 6997 6998 7020 
f 6998 6999 7020 
f 6999 7000 7020 
f 7000 7001 7020 
f 7001 7002 7020 
f 7002 7003 7020 
f 7003 7004 7020 
f 7004 7005 7020 
f 7005 7006 7020 
f 7006 7007 7020 
f 7007 7008 7020 
f 7008 7009 7020 
f 7009 7010 7020 
f 7010 7011 7020 
f 7011 7012 7020 
f 7012 7013 7020 
f 7013 7014 7020 
f 7014 7015 7020 
f 7015 7016 7020 
f 7016 7017 7020 
f 7017 7018 7020 
f 7018 7019 7020 
f 7019 6956 7020 
f 7277 6734 7021 7022 
f 7278 6737 7023 7024 
f 7279 6740 7025 7026 
f 7280 6743 7027 7028 
f 7281 6746 7029 7030 
f 7282 6749 7031 7032 
f 7283 6752 7033 7034 
f 7284 6755 7035 7036 
f 7285 6758 7037 7038 
f 7286 6761 7039 7040 
f 7287 6764 7041 7042 
f 7288 6767 7043 7044 
f 7289 6770 7045 7046 
f 7290 6773 7047 7048 
f 7291 6776 7049 7050 
f 7292 6779 7051 7052 
f 7293 6812 7053 7054 
f 7294 6813 7055 7056 
f 7295 6814 7057 7058 
f 7296 6815 7059 7060 
f 7297 6816 7061 7062 
f 7298 6817 7063 7064 
f 7299 6818 7065 7066 
f 7300 6819 7067 7068 
f 7301 6820 7069 7070 
f 7302 6821 7071 7072 
f 7303 6822 7073 7074 
f 7304 6823 7075 7076 
f 7305 6824 7077 7078 
f 7306 6825 7079 7080 
f 7307 6826 7081 7082 
f 7308 6827 7083 7084 
f 6734 7293 7054 7021 
f 6737 7294 7056 7023 
f 6740 7295 7058 7025 
f 6743 7296 7060 7027 
f 6746 7297 7062 7029 
f 6749 7298 7064 7031 
f 6752 7299 7066 7033 
f 6755 7300 7068 7035 
f 6758 7301 7070 7037 
f 6761 7302 7072 7039 
f 6764 7303 7074 7041 
f 6767 7304 7076 7043 
f 6770 7305 7078 7045 
f 6773 7306 7080 7047 
f 6776 7307 7082 7049 
f 6779 7308 7084 7051 
f 6812 7278 7024 7053 
f 6813 7279 7026 7055 
f 6814 7280 7028 7057 
f 6815 7281 7030 7059 
f 6816 7282 7032 7061 
f 6817 7283 7034 7063 
f 6818 7284 7036 7065 
f 6819 7285 7038 7067 
f 6820 7286 7040 7069 
f 6821 7287 7042 7071 
f 6822 7288 7044 7073 
f 6823 7289 7046 7075 
f 6824 7290 7048 7077 
f 6825 7291 7050 7079 
f 6826 7292 7052 7081 
f 6827 7277 7022 7083 
s 2
f 7086 7088 7087 7085 
f 7090 7086 7085 7089 
f 7092 7090 7089 7091 
f 7094 7092 7091 7093 
f 7096 7094 7093 7095 
f 7098 7096 7095 7097 
f 7100 7098 7097 7099 
f 7102 7100 7099 7101 
f 7104 7102 7101 7103 
f 7106 7104 7103 7105 
f 7108 7106 7105 7107 
f 7110 7108 7107 7109 
f 7112 7110 7109 7111 
f 7114 7112 7111 7113 
f 7116 7114 7113 7115 
f 7118 7116 7115 7117 
f 7120 7118 7117 7119 
f 7122 7120 7119 7121 
f 7124 7122 7121 7123 
f 7126 7124 7123 7125 
f 7128 7126 7125 7127 
f 7130 7128 7127 7129 
f 7132 7130 7129 7131 
f 7134 7132 7131 7133 
f 7136 7134 7133 7135 
f 7138 7136 7135 7137 
f 7140 7138 7137 7139 
f 7142 7140 7139 7141 
f 7144 7142 7141 7143 
f 7146 7144 7143 7145 
f 7148 7146 7145 7147 
f 7150 7148 7147 7149 
f 7152 7150 7149 7151 
f 7154 7152 7151 7153 
f 7156 7154 7153 7155 
f 7158 7156 7155 7157 
f 7160 7158 7157 7159 
f 7162 7160 7159 7161 
f 7164 7162 7161 7163 
f 7166 7164 7163 7165 
f 7168 7166 7165 7167 
f 7170 7168 7167 7169 
f 7172 7170 7169 7171 
f 7174 7172 7171 7173 
f 7176 7174 7173 7175 
f 7178 7176 7175 7177 
f 7180 7178 7177 7179 
f 7182 7180 7179 7181 
f 7184 7182 7181 7183 
f 7186 7184 7183 7185 
f 7188 7186 7185 7187 
f 7190 7188 7187 7189 
f 7192 7190 7189 7191 
f 7194 7192 7191 7193 
f 7196 7194 7193 7195 
f 7198 7196 7195 7197 
f 7200 7198 7197 7199 
f 7202 7200 7199 7201 
f 7204 7202 7201 7203 
f 7206 7204 7203 7205 
f 7208 7206 7205 7207 
f 7210 7208 7207 7209 
f 7212 7210 7209 7211 
f 7088 7212 7211 7087 
s 4
f 7213 7085 7087 7214 
f 7215 7089 7085 7213 
f 7216 7091 7089 7215 
f 7217 7093 7091 7216 
f 7218 7095 7093 7217 
f 7219 7097 7095 7218 
f 7220 7099 7097 7219 
f 7221 7101 7099 7220 
f 7222 7103 7101 7221 
f 7223 7105 7103 7222 
f 7224 7107 7105 7223 
f 7225 7109 7107 7224 
f 7226 7111 7109 7225 
f 7227 7113 7111 7226 
f 7228 7115 7113 7227 
f 7229 7117 7115 7228 
f 7230 7119 7117 7229 
f 7231 7121 7119 7230 
f 7232 7123 7121 7231 
f 7233 7125 7123 7232 
f 7234 7127 7125 7233 
f 7235 7129 7127 7234 
f 7236 7131 7129 7235 
f 7237 7133 7131 7236 
f 7238 7135 7133 7237 
f 7239 7137 7135 7238 
f 7240 7139 7137 7239 
f 7241 7141 7139 7240 
f 7242 7143 7141 7241 
f 7243 7145 7143 7242 
f 7244 7147 7145 7243 
f 7245 7149 7147 7244 
f 7246 7151 7149 7245 
f 7247 7153 7151 7246 
f 7248 7155 7153 7247 
f 7249 7157 7155 7248 
f 7250 7159 7157 7249 
f 7251 7161 7159 7250 
f 7252 7163 7161 7251 
f 7253 7165 7163 7252 
f 7254 7167 7165 7253 
f 7255 7169 7167 7254 
f 7256 7171 7169 7255 
f 7257 7173 7171 7256 
f 7258 7175 7173 7257 
f 7259 7177 7175 7258 
f 7260 7179 7177 7259 
f 7261 7181 7179 7260 
f 7262 7183 7181 7261 
f 7263 7185 7183 7262 
f 7264 7187 7185 7263 
f 7265 7189 7187 7264 
f 7266 7191 7189 7265 
f 7267 7193 7191 7266 
f 7268 7195 7193 7267 
f 7269 7197 7195 7268 
f 7270 7199 7197 7269 
f 7271 7201 7199 7270 
f 7272 7203 7201 7271 
f 7273 7205 7203 7272 
f 7274 7207 7205 7273 
f 7275 7209 7207 7274 
f 7276 7211 7209 7275 
f 7214 7087 7211 7276 
# 6698 polygons - 368 triangles

