# 3ds Max Wavefront OBJ Exporter v0.99 - (c)2007 guruware
# File Created: 13.11.2024 17:32:26

#
# object 2883
#

v  -0.5144 0.4751 -5.3530
v  -0.7608 0.4757 -5.3596
v  -0.7682 0.4757 -5.3647
v  -0.7733 0.4757 -5.3721
v  -0.7755 0.4757 -5.3824
v  -0.7733 0.4757 -5.3926
v  -0.7682 0.4757 -5.4000
v  -0.7608 0.4757 -5.4051
v  -0.5048 0.3747 -5.3530
v  -0.7465 0.3272 -5.3596
v  -0.7538 0.3258 -5.3647
v  -0.7588 0.3248 -5.3721
v  -0.7610 0.3244 -5.3824
v  -0.7588 0.3248 -5.3926
v  -0.7538 0.3258 -5.4000
v  -0.7465 0.3272 -5.4051
v  -0.4757 0.2781 -5.3530
v  -0.7036 0.1844 -5.3596
v  -0.7104 0.1816 -5.3647
v  -0.7151 0.1797 -5.3721
v  -0.7172 0.1788 -5.3824
v  -0.7151 0.1797 -5.3926
v  -0.7104 0.1816 -5.4000
v  -0.7036 0.1844 -5.4051
v  -0.4284 0.1891 -5.3530
v  -0.6336 0.0527 -5.3596
v  -0.6398 0.0486 -5.3647
v  -0.6440 0.0458 -5.3721
v  -0.6459 0.0446 -5.3824
v  -0.6440 0.0458 -5.3926
v  -0.6398 0.0486 -5.4000
v  -0.6336 0.0527 -5.4051
v  -0.3646 0.1110 -5.3530
v  -0.5393 -0.0628 -5.3596
v  -0.5445 -0.0680 -5.3647
v  -0.5481 -0.0716 -5.3721
v  -0.5497 -0.0732 -5.3824
v  -0.5481 -0.0716 -5.3926
v  -0.5445 -0.0680 -5.4000
v  -0.5393 -0.0628 -5.4051
v  -0.2868 0.0468 -5.3530
v  -0.4242 -0.1577 -5.3596
v  -0.4284 -0.1639 -5.3647
v  -0.4312 -0.1681 -5.3721
v  -0.4325 -0.1699 -5.3824
v  -0.4312 -0.1681 -5.3926
v  -0.4284 -0.1639 -5.4000
v  -0.4242 -0.1577 -5.4051
v  -0.1980 -0.0010 -5.3530
v  -0.2929 -0.2283 -5.3596
v  -0.2957 -0.2352 -5.3647
v  -0.2977 -0.2399 -5.3721
v  -0.2986 -0.2419 -5.3824
v  -0.2977 -0.2399 -5.3926
v  -0.2957 -0.2352 -5.4000
v  -0.2929 -0.2283 -5.4051
v  -0.1016 -0.0305 -5.3530
v  -0.1503 -0.2720 -5.3596
v  -0.1517 -0.2793 -5.3647
v  -0.1528 -0.2842 -5.3721
v  -0.1532 -0.2864 -5.3824
v  -0.1528 -0.2842 -5.3926
v  -0.1517 -0.2793 -5.4000
v  -0.1503 -0.2720 -5.4051
v  -0.0013 -0.0406 -5.3530
v  -0.0019 -0.2870 -5.3596
v  -0.0019 -0.2944 -5.3647
v  -0.0019 -0.2995 -5.3721
v  -0.0019 -0.3017 -5.3824
v  -0.0019 -0.2995 -5.3926
v  -0.0019 -0.2944 -5.4000
v  -0.0019 -0.2870 -5.4051
v  0.0991 -0.0310 -5.3530
v  0.1466 -0.2727 -5.3596
v  0.1480 -0.2800 -5.3647
v  0.1490 -0.2850 -5.3721
v  0.1494 -0.2872 -5.3824
v  0.1490 -0.2850 -5.3926
v  0.1480 -0.2800 -5.4000
v  0.1466 -0.2727 -5.4051
v  0.1957 -0.0019 -5.3530
v  0.2894 -0.2298 -5.3596
v  0.2922 -0.2367 -5.3647
v  0.2941 -0.2414 -5.3721
v  0.2950 -0.2434 -5.3824
v  0.2941 -0.2414 -5.3926
v  0.2922 -0.2367 -5.4000
v  0.2894 -0.2298 -5.4051
v  0.2847 0.0454 -5.3530
v  0.4211 -0.1598 -5.3596
v  0.4252 -0.1660 -5.3647
v  0.4280 -0.1702 -5.3721
v  0.4292 -0.1721 -5.3824
v  0.4280 -0.1702 -5.3926
v  0.4252 -0.1660 -5.4000
v  0.4211 -0.1598 -5.4051
v  0.3628 0.1091 -5.3530
v  0.5366 -0.0655 -5.3596
v  0.5418 -0.0708 -5.3647
v  0.5454 -0.0744 -5.3721
v  0.5470 -0.0759 -5.3824
v  0.5454 -0.0744 -5.3926
v  0.5418 -0.0708 -5.4000
v  0.5366 -0.0655 -5.4051
v  0.4270 0.1869 -5.3530
v  0.6315 0.0495 -5.3596
v  0.6376 0.0454 -5.3647
v  0.6419 0.0426 -5.3721
v  0.6437 0.0413 -5.3824
v  0.6419 0.0426 -5.3926
v  0.6376 0.0454 -5.4000
v  0.6315 0.0495 -5.4051
v  0.4747 0.2757 -5.3530
v  0.7021 0.1809 -5.3596
v  0.7090 0.1780 -5.3647
v  0.7137 0.1761 -5.3721
v  0.7157 0.1752 -5.3824
v  0.7137 0.1761 -5.3926
v  0.7090 0.1780 -5.4000
v  0.7021 0.1809 -5.4051
v  0.5043 0.3722 -5.3530
v  0.7458 0.3235 -5.3596
v  0.7530 0.3220 -5.3647
v  0.7580 0.3210 -5.3721
v  0.7602 0.3206 -5.3824
v  0.7580 0.3210 -5.3926
v  0.7530 0.3220 -5.4000
v  0.7458 0.3235 -5.4051
v  0.5144 0.4725 -5.3530
v  0.7608 0.4719 -5.3596
v  0.7682 0.4719 -5.3647
v  0.7733 0.4719 -5.3721
v  0.7755 0.4718 -5.3824
v  0.7733 0.4719 -5.3926
v  0.7682 0.4719 -5.4000
v  0.7608 0.4719 -5.4051
v  0.5048 0.5729 -5.3530
v  0.7465 0.6203 -5.3596
v  0.7538 0.6218 -5.3647
v  0.7588 0.6227 -5.3721
v  0.7610 0.6232 -5.3824
v  0.7588 0.6227 -5.3926
v  0.7538 0.6218 -5.4000
v  0.7465 0.6203 -5.4051
v  0.4757 0.6694 -5.3530
v  0.7036 0.7632 -5.3596
v  0.7104 0.7660 -5.3647
v  0.7151 0.7679 -5.3721
v  0.7172 0.7688 -5.3824
v  0.7151 0.7679 -5.3926
v  0.7104 0.7660 -5.4000
v  0.7036 0.7632 -5.4051
v  0.4284 0.7585 -5.3530
v  0.6336 0.8949 -5.3596
v  0.6398 0.8990 -5.3647
v  0.6440 0.9018 -5.3721
v  0.6459 0.9030 -5.3824
v  0.6440 0.9018 -5.3926
v  0.6398 0.8990 -5.4000
v  0.6336 0.8949 -5.4051
v  0.3646 0.8366 -5.3530
v  0.5393 1.0104 -5.3596
v  0.5445 1.0156 -5.3647
v  0.5481 1.0192 -5.3721
v  0.5497 1.0208 -5.3824
v  0.5481 1.0192 -5.3926
v  0.5445 1.0156 -5.4000
v  0.5393 1.0104 -5.4051
v  0.2868 0.9008 -5.3530
v  0.4242 1.1053 -5.3596
v  0.4284 1.1114 -5.3647
v  0.4312 1.1157 -5.3721
v  0.4325 1.1175 -5.3824
v  0.4312 1.1157 -5.3926
v  0.4284 1.1114 -5.4000
v  0.4242 1.1053 -5.4051
v  0.1980 0.9485 -5.3530
v  0.2929 1.1759 -5.3596
v  0.2957 1.1828 -5.3647
v  0.2977 1.1874 -5.3721
v  0.2986 1.1895 -5.3824
v  0.2977 1.1874 -5.3926
v  0.2957 1.1828 -5.4000
v  0.2929 1.1759 -5.4051
v  0.1016 0.9780 -5.3530
v  0.1503 1.2196 -5.3596
v  0.1517 1.2268 -5.3647
v  0.1528 1.2318 -5.3721
v  0.1532 1.2340 -5.3824
v  0.1528 1.2318 -5.3926
v  0.1517 1.2268 -5.4000
v  0.1503 1.2196 -5.4051
v  0.0013 0.9882 -5.3530
v  0.0019 1.2345 -5.3596
v  0.0019 1.2420 -5.3647
v  0.0019 1.2470 -5.3721
v  0.0019 1.2493 -5.3824
v  0.0019 1.2470 -5.3926
v  0.0019 1.2420 -5.4000
v  0.0019 1.2345 -5.4051
v  -0.0991 0.9785 -5.3530
v  -0.1466 1.2203 -5.3596
v  -0.1480 1.2276 -5.3647
v  -0.1490 1.2326 -5.3721
v  -0.1494 1.2348 -5.3824
v  -0.1490 1.2326 -5.3926
v  -0.1480 1.2276 -5.4000
v  -0.1466 1.2203 -5.4051
v  -0.1957 0.9495 -5.3530
v  -0.2894 1.1774 -5.3596
v  -0.2922 1.1842 -5.3647
v  -0.2941 1.1889 -5.3721
v  -0.2950 1.1910 -5.3824
v  -0.2941 1.1889 -5.3926
v  -0.2922 1.1842 -5.4000
v  -0.2894 1.1774 -5.4051
v  -0.2847 0.9022 -5.3530
v  -0.4211 1.1074 -5.3596
v  -0.4252 1.1136 -5.3647
v  -0.4280 1.1178 -5.3721
v  -0.4292 1.1197 -5.3824
v  -0.4280 1.1178 -5.3926
v  -0.4252 1.1136 -5.4000
v  -0.4211 1.1074 -5.4051
v  -0.3628 0.8384 -5.3530
v  -0.5366 1.0131 -5.3596
v  -0.5418 1.0183 -5.3647
v  -0.5454 1.0219 -5.3721
v  -0.5470 1.0235 -5.3824
v  -0.5454 1.0219 -5.3926
v  -0.5418 1.0183 -5.4000
v  -0.5366 1.0131 -5.4051
v  -0.4270 0.7606 -5.3530
v  -0.6315 0.8980 -5.3596
v  -0.6376 0.9022 -5.3647
v  -0.6419 0.9050 -5.3721
v  -0.6437 0.9062 -5.3824
v  -0.6419 0.9050 -5.3926
v  -0.6376 0.9022 -5.4000
v  -0.6315 0.8980 -5.4051
v  -0.4747 0.6718 -5.3530
v  -0.7021 0.7667 -5.3596
v  -0.7090 0.7695 -5.3647
v  -0.7137 0.7715 -5.3721
v  -0.7157 0.7723 -5.3824
v  -0.7137 0.7715 -5.3926
v  -0.7090 0.7695 -5.4000
v  -0.7021 0.7667 -5.4051
v  -0.5043 0.5754 -5.3530
v  -0.7458 0.6241 -5.3596
v  -0.7530 0.6255 -5.3647
v  -0.7580 0.6265 -5.3721
v  -0.7602 0.6270 -5.3824
v  -0.7580 0.6265 -5.3926
v  -0.7530 0.6255 -5.4000
v  -0.7458 0.6241 -5.4051
v  0.0000 0.4738 -5.4074
v  0.0000 0.4738 -5.2944
v  -0.5100 0.4751 -5.3424
v  -0.5004 0.3755 -5.3424
v  -0.5004 0.3755 -5.3184
v  -0.5004 0.3755 -5.2944
v  -0.4807 0.3794 -5.2944
v  -0.5100 0.4751 -5.2944
v  -0.5100 0.4751 -5.3184
v  -0.4899 0.4750 -5.2944
v  -0.5250 0.4751 -5.3574
v  -0.5451 0.4751 -5.3574
v  -0.5152 0.3726 -5.3574
v  -0.5349 0.3688 -5.3574
v  -0.7505 0.4757 -5.3574
v  -0.7304 0.4756 -5.3574
v  -0.7364 0.3292 -5.3574
v  -0.7167 0.3331 -5.3574
v  -0.7505 0.4757 -5.4074
v  -0.7304 0.4756 -5.4074
v  -0.7364 0.3292 -5.4074
v  -0.7167 0.3331 -5.4074
v  -0.4717 0.2798 -5.3424
v  -0.4717 0.2798 -5.3184
v  -0.4717 0.2798 -5.2944
v  -0.4531 0.2874 -5.2944
v  -0.4855 0.2741 -5.3574
v  -0.5041 0.2664 -5.3574
v  -0.6941 0.1883 -5.3574
v  -0.6755 0.1960 -5.3574
v  -0.6941 0.1883 -5.4074
v  -0.6755 0.1960 -5.4074
v  -0.4248 0.1915 -5.3424
v  -0.4248 0.1915 -5.3184
v  -0.4248 0.1915 -5.2944
v  -0.4080 0.2026 -5.2944
v  -0.4372 0.1832 -5.3574
v  -0.4540 0.1721 -5.3574
v  -0.6251 0.0584 -5.3574
v  -0.6083 0.0695 -5.3574
v  -0.6251 0.0584 -5.4074
v  -0.6083 0.0695 -5.4074
v  -0.3615 0.1141 -5.3424
v  -0.3615 0.1141 -5.3184
v  -0.3615 0.1141 -5.2944
v  -0.3473 0.1282 -5.2944
v  -0.3722 0.1035 -5.3574
v  -0.3864 0.0893 -5.3574
v  -0.5320 -0.0556 -5.3574
v  -0.5178 -0.0414 -5.3574
v  -0.5320 -0.0556 -5.4074
v  -0.5178 -0.0414 -5.4074
v  -0.2844 0.0504 -5.3424
v  -0.2844 0.0504 -5.3184
v  -0.2844 0.0504 -5.2944
v  -0.2732 0.0671 -5.2944
v  -0.2928 0.0380 -5.3574
v  -0.3040 0.0213 -5.3574
v  -0.4185 -0.1492 -5.3574
v  -0.4073 -0.1325 -5.3574
v  -0.4185 -0.1492 -5.4074
v  -0.4073 -0.1325 -5.4074
v  -0.1963 0.0031 -5.3424
v  -0.1963 0.0031 -5.3184
v  -0.1963 0.0031 -5.2944
v  -0.1886 0.0216 -5.2944
v  -0.2021 -0.0107 -5.3574
v  -0.2099 -0.0293 -5.3574
v  -0.2889 -0.2189 -5.3574
v  -0.2812 -0.2003 -5.3574
v  -0.2889 -0.2189 -5.4074
v  -0.2812 -0.2003 -5.4074
v  -0.1007 -0.0262 -5.3424
v  -0.1007 -0.0262 -5.3184
v  -0.1007 -0.0262 -5.2944
v  -0.0968 -0.0065 -5.2944
v  -0.1037 -0.0409 -5.3574
v  -0.1077 -0.0606 -5.3574
v  -0.1483 -0.2619 -5.3574
v  -0.1443 -0.2422 -5.3574
v  -0.1483 -0.2619 -5.4074
v  -0.1443 -0.2422 -5.4074
v  -0.0013 -0.0362 -5.3424
v  -0.0013 -0.0362 -5.3184
v  -0.0013 -0.0362 -5.2944
v  -0.0012 -0.0161 -5.2944
v  -0.0013 -0.0512 -5.3574
v  -0.0014 -0.0713 -5.3574
v  -0.0019 -0.2767 -5.3574
v  -0.0018 -0.2566 -5.3574
v  -0.0019 -0.2767 -5.4074
v  -0.0018 -0.2566 -5.4074
v  0.0982 -0.0267 -5.3424
v  0.0982 -0.0267 -5.3184
v  0.0982 -0.0267 -5.2944
v  0.0944 -0.0069 -5.2944
v  0.1011 -0.0414 -5.3574
v  0.1050 -0.0611 -5.3574
v  0.1446 -0.2627 -5.3574
v  0.1407 -0.2429 -5.3574
v  0.1446 -0.2627 -5.4074
v  0.1407 -0.2429 -5.4074
v  0.1940 0.0021 -5.3424
v  0.1940 0.0021 -5.3184
v  0.1940 0.0021 -5.2944
v  0.1863 0.0207 -5.2944
v  0.1997 -0.0118 -5.3574
v  0.2073 -0.0303 -5.3574
v  0.2855 -0.2203 -5.3574
v  0.2778 -0.2017 -5.3574
v  0.2855 -0.2203 -5.4074
v  0.2778 -0.2017 -5.4074
v  0.2823 0.0490 -5.3424
v  0.2823 0.0490 -5.3184
v  0.2823 0.0490 -5.2944
v  0.2712 0.0658 -5.2944
v  0.2906 0.0365 -5.3574
v  0.3017 0.0198 -5.3574
v  0.4154 -0.1513 -5.3574
v  0.4043 -0.1345 -5.3574
v  0.4154 -0.1513 -5.4074
v  0.4043 -0.1345 -5.4074
v  0.3597 0.1123 -5.3424
v  0.3597 0.1123 -5.3184
v  0.3597 0.1123 -5.2944
v  0.3455 0.1265 -5.2944
v  0.3703 0.1016 -5.3574
v  0.3845 0.0874 -5.3574
v  0.5294 -0.0582 -5.3574
v  0.5152 -0.0440 -5.3574
v  0.5294 -0.0582 -5.4074
v  0.5152 -0.0440 -5.4074
v  0.4233 0.1894 -5.3424
v  0.4233 0.1894 -5.3184
v  0.4233 0.1894 -5.2944
v  0.4067 0.2006 -5.2944
v  0.4358 0.1810 -5.3574
v  0.4525 0.1698 -5.3574
v  0.6230 0.0553 -5.3574
v  0.6063 0.0665 -5.3574
v  0.6230 0.0553 -5.4074
v  0.6063 0.0665 -5.4074
v  0.4707 0.2774 -5.3424
v  0.4707 0.2774 -5.3184
v  0.4707 0.2774 -5.2944
v  0.4521 0.2852 -5.2944
v  0.4845 0.2717 -5.3574
v  0.5031 0.2639 -5.3574
v  0.6927 0.1848 -5.3574
v  0.6741 0.1926 -5.3574
v  0.6927 0.1848 -5.4074
v  0.6741 0.1926 -5.4074
v  0.5000 0.3730 -5.3424
v  0.5000 0.3730 -5.3184
v  0.5000 0.3730 -5.2944
v  0.4802 0.3770 -5.2944
v  0.5147 0.3701 -5.3574
v  0.5344 0.3661 -5.3574
v  0.7357 0.3255 -5.3574
v  0.7160 0.3295 -5.3574
v  0.7357 0.3255 -5.4074
v  0.7160 0.3295 -5.4074
v  0.5100 0.4725 -5.3424
v  0.5100 0.4725 -5.3184
v  0.5100 0.4725 -5.2944
v  0.4899 0.4726 -5.2944
v  0.5250 0.4725 -5.3574
v  0.5451 0.4724 -5.3574
v  0.7505 0.4719 -5.3574
v  0.7304 0.4720 -5.3574
v  0.7505 0.4719 -5.4074
v  0.7304 0.4720 -5.4074
v  0.5004 0.5720 -5.3424
v  0.5004 0.5720 -5.3184
v  0.5004 0.5720 -5.2944
v  0.4807 0.5682 -5.2944
v  0.5152 0.5749 -5.3574
v  0.5349 0.5788 -5.3574
v  0.7364 0.6184 -5.3574
v  0.7167 0.6145 -5.3574
v  0.7364 0.6184 -5.4074
v  0.7167 0.6145 -5.4074
v  0.4717 0.6678 -5.3424
v  0.4717 0.6678 -5.3184
v  0.4717 0.6678 -5.2944
v  0.4531 0.6601 -5.2944
v  0.4855 0.6735 -5.3574
v  0.5041 0.6811 -5.3574
v  0.6941 0.7593 -5.3574
v  0.6755 0.7516 -5.3574
v  0.6941 0.7593 -5.4074
v  0.6755 0.7516 -5.4074
v  0.4248 0.7561 -5.3424
v  0.4248 0.7561 -5.3184
v  0.4248 0.7561 -5.2944
v  0.4080 0.7449 -5.2944
v  0.4372 0.7644 -5.3574
v  0.4540 0.7755 -5.3574
v  0.6251 0.8892 -5.3574
v  0.6083 0.8781 -5.3574
v  0.6251 0.8892 -5.4074
v  0.6083 0.8781 -5.4074
v  0.3615 0.8335 -5.3424
v  0.3615 0.8335 -5.3184
v  0.3615 0.8335 -5.2944
v  0.3473 0.8193 -5.2944
v  0.3722 0.8441 -5.3574
v  0.3864 0.8583 -5.3574
v  0.5320 1.0031 -5.3574
v  0.5178 0.9890 -5.3574
v  0.5320 1.0031 -5.4074
v  0.5178 0.9890 -5.4074
v  0.2844 0.8971 -5.3424
v  0.2844 0.8971 -5.3184
v  0.2844 0.8971 -5.2944
v  0.2732 0.8804 -5.2944
v  0.2928 0.9096 -5.3574
v  0.3040 0.9263 -5.3574
v  0.4185 1.0968 -5.3574
v  0.4073 1.0801 -5.3574
v  0.4185 1.0968 -5.4074
v  0.4073 1.0801 -5.4074
v  0.1963 0.9445 -5.3424
v  0.1963 0.9445 -5.3184
v  0.1963 0.9445 -5.2944
v  0.1886 0.9259 -5.2944
v  0.2021 0.9583 -5.3574
v  0.2099 0.9769 -5.3574
v  0.2889 1.1664 -5.3574
v  0.2812 1.1479 -5.3574
v  0.2889 1.1664 -5.4074
v  0.2812 1.1479 -5.4074
v  0.1007 0.9737 -5.3424
v  0.1007 0.9737 -5.3184
v  0.1007 0.9737 -5.2944
v  0.0968 0.9540 -5.2944
v  0.1037 0.9884 -5.3574
v  0.1077 1.0081 -5.3574
v  0.1483 1.2095 -5.3574
v  0.1443 1.1898 -5.3574
v  0.1483 1.2095 -5.4074
v  0.1443 1.1898 -5.4074
v  0.0013 0.9838 -5.3424
v  0.0013 0.9838 -5.3184
v  0.0013 0.9838 -5.2944
v  0.0012 0.9637 -5.2944
v  0.0013 0.9988 -5.3574
v  0.0014 1.0189 -5.3574
v  0.0019 1.2243 -5.3574
v  0.0018 1.2042 -5.3574
v  0.0019 1.2243 -5.4074
v  0.0018 1.2042 -5.4074
v  -0.0982 0.9742 -5.3424
v  -0.0982 0.9742 -5.3184
v  -0.0982 0.9742 -5.2944
v  -0.0944 0.9545 -5.2944
v  -0.1011 0.9890 -5.3574
v  -0.1050 1.0087 -5.3574
v  -0.1446 1.2102 -5.3574
v  -0.1407 1.1905 -5.3574
v  -0.1446 1.2102 -5.4074
v  -0.1407 1.1905 -5.4074
v  -0.1940 0.9454 -5.3424
v  -0.1940 0.9454 -5.3184
v  -0.1940 0.9454 -5.2944
v  -0.1863 0.9269 -5.2944
v  -0.1997 0.9593 -5.3574
v  -0.2073 0.9779 -5.3574
v  -0.2855 1.1679 -5.3574
v  -0.2778 1.1493 -5.3574
v  -0.2855 1.1679 -5.4074
v  -0.2778 1.1493 -5.4074
v  -0.2823 0.8985 -5.3424
v  -0.2823 0.8985 -5.3184
v  -0.2823 0.8985 -5.2944
v  -0.2712 0.8818 -5.2944
v  -0.2906 0.9110 -5.3574
v  -0.3017 0.9278 -5.3574
v  -0.4154 1.0988 -5.3574
v  -0.4043 1.0821 -5.3574
v  -0.4154 1.0988 -5.4074
v  -0.4043 1.0821 -5.4074
v  -0.3597 0.8353 -5.3424
v  -0.3597 0.8353 -5.3184
v  -0.3597 0.8353 -5.2944
v  -0.3455 0.8211 -5.2944
v  -0.3703 0.8459 -5.3574
v  -0.3845 0.8602 -5.3574
v  -0.5294 1.0058 -5.3574
v  -0.5152 0.9915 -5.3574
v  -0.5294 1.0058 -5.4074
v  -0.5152 0.9915 -5.4074
v  -0.4233 0.7582 -5.3424
v  -0.4233 0.7582 -5.3184
v  -0.4233 0.7582 -5.2944
v  -0.4067 0.7470 -5.2944
v  -0.4358 0.7665 -5.3574
v  -0.4525 0.7778 -5.3574
v  -0.6230 0.8923 -5.3574
v  -0.6063 0.8811 -5.3574
v  -0.6230 0.8923 -5.4074
v  -0.6063 0.8811 -5.4074
v  -0.4707 0.6701 -5.3424
v  -0.4707 0.6701 -5.3184
v  -0.4707 0.6701 -5.2944
v  -0.4521 0.6624 -5.2944
v  -0.4845 0.6759 -5.3574
v  -0.5031 0.6836 -5.3574
v  -0.6927 0.7627 -5.3574
v  -0.6741 0.7550 -5.3574
v  -0.6927 0.7627 -5.4074
v  -0.6741 0.7550 -5.4074
v  -0.5000 0.5745 -5.3424
v  -0.5000 0.5745 -5.3184
v  -0.5000 0.5745 -5.2944
v  -0.4802 0.5706 -5.2944
v  -0.5147 0.5775 -5.3574
v  -0.5344 0.5815 -5.3574
v  -0.7357 0.6220 -5.3574
v  -0.7160 0.6181 -5.3574
v  -0.7357 0.6220 -5.4074
v  -0.7160 0.6181 -5.4074
v  0.0000 1.1537 -5.9125
v  0.0000 1.3004 -5.3796
v  0.0000 1.3030 -5.3699
v  0.0000 1.3064 -5.3615
v  0.0000 1.3112 -5.3545
v  0.0000 1.3175 -5.3486
v  0.0000 1.3253 -5.3440
v  0.0000 1.3345 -5.3400
v  0.0000 1.5158 -5.2606
v  0.0000 1.5250 -5.2565
v  0.0000 1.5336 -5.2493
v  0.0000 1.5368 -5.2385
v  0.0000 1.5368 -5.2277
v  0.0000 1.5368 -5.2170
v  0.0000 1.5338 -5.2066
v  0.0000 1.5279 -5.2005
v  0.0000 1.5200 -5.1975
v  0.0000 1.5092 -5.1990
v  0.0000 1.5000 -5.2030
v  0.0000 1.2674 -5.3049
v  0.0000 1.2582 -5.3089
v  0.0000 1.2556 -5.3186
v  -0.1326 1.1407 -5.9125
v  -0.1613 1.2846 -5.3796
v  -0.1618 1.2871 -5.3699
v  -0.1624 1.2904 -5.3615
v  -0.1634 1.2951 -5.3545
v  -0.1646 1.3013 -5.3486
v  -0.1661 1.3089 -5.3440
v  -0.1679 1.3179 -5.3400
v  -0.2033 1.4958 -5.2606
v  -0.2051 1.5048 -5.2565
v  -0.2068 1.5132 -5.2493
v  -0.2074 1.5164 -5.2385
v  -0.2074 1.5164 -5.2277
v  -0.2074 1.5164 -5.2170
v  -0.2068 1.5134 -5.2066
v  -0.2056 1.5076 -5.2005
v  -0.2041 1.4999 -5.1975
v  -0.2020 1.4893 -5.1990
v  -0.2002 1.4803 -5.2030
v  -0.1548 1.2522 -5.3049
v  -0.1530 1.2432 -5.3089
v  -0.1525 1.2406 -5.3186
v  -0.2602 1.1020 -5.9125
v  -0.3163 1.2375 -5.3796
v  -0.3173 1.2399 -5.3699
v  -0.3186 1.2430 -5.3615
v  -0.3205 1.2475 -5.3545
v  -0.3229 1.2533 -5.3486
v  -0.3258 1.2604 -5.3440
v  -0.3294 1.2689 -5.3400
v  -0.3988 1.4365 -5.2606
v  -0.4023 1.4450 -5.2565
v  -0.4056 1.4529 -5.2493
v  -0.4068 1.4559 -5.2385
v  -0.4068 1.4559 -5.2277
v  -0.4068 1.4559 -5.2170
v  -0.4056 1.4531 -5.2066
v  -0.4034 1.4476 -5.2005
v  -0.4004 1.4403 -5.1975
v  -0.3962 1.4304 -5.1990
v  -0.3927 1.4219 -5.2030
v  -0.3037 1.2070 -5.3049
v  -0.3002 1.1985 -5.3089
v  -0.2992 1.1961 -5.3186
v  -0.3778 1.0391 -5.9125
v  -0.4593 1.1611 -5.3796
v  -0.4607 1.1633 -5.3699
v  -0.4626 1.1661 -5.3615
v  -0.4653 1.1701 -5.3545
v  -0.4687 1.1753 -5.3486
v  -0.4731 1.1818 -5.3440
v  -0.4782 1.1894 -5.3400
v  -0.5789 1.3402 -5.2606
v  -0.5840 1.3478 -5.2565
v  -0.5888 1.3550 -5.2493
v  -0.5906 1.3576 -5.2385
v  -0.5906 1.3576 -5.2277
v  -0.5906 1.3576 -5.2170
v  -0.5889 1.3551 -5.2066
v  -0.5856 1.3502 -5.2005
v  -0.5812 1.3437 -5.1975
v  -0.5752 1.3347 -5.1990
v  -0.5701 1.3270 -5.2030
v  -0.4409 1.1337 -5.3049
v  -0.4358 1.1260 -5.3089
v  -0.4344 1.1239 -5.3186
v  -0.4808 0.9546 -5.9125
v  -0.5845 1.0583 -5.3796
v  -0.5864 1.0602 -5.3699
v  -0.5887 1.0625 -5.3615
v  -0.5922 1.0659 -5.3545
v  -0.5966 1.0704 -5.3486
v  -0.6021 1.0759 -5.3440
v  -0.6086 1.0824 -5.3400
v  -0.7368 1.2106 -5.2606
v  -0.7433 1.2171 -5.2565
v  -0.7494 1.2232 -5.2493
v  -0.7516 1.2254 -5.2385
v  -0.7516 1.2254 -5.2277
v  -0.7516 1.2254 -5.2170
v  -0.7495 1.2233 -5.2066
v  -0.7453 1.2191 -5.2005
v  -0.7398 1.2135 -5.1975
v  -0.7321 1.2059 -5.1990
v  -0.7256 1.1994 -5.2030
v  -0.5612 1.0350 -5.3049
v  -0.5547 1.0285 -5.3089
v  -0.5529 1.0266 -5.3186
v  -0.5653 0.8515 -5.9125
v  -0.6873 0.9331 -5.3796
v  -0.6895 0.9345 -5.3699
v  -0.6923 0.9363 -5.3615
v  -0.6963 0.9390 -5.3545
v  -0.7015 0.9425 -5.3486
v  -0.7080 0.9468 -5.3440
v  -0.7156 0.9519 -5.3400
v  -0.8664 1.0527 -5.2606
v  -0.8740 1.0578 -5.2565
v  -0.8812 1.0626 -5.2493
v  -0.8838 1.0644 -5.2385
v  -0.8838 1.0644 -5.2277
v  -0.8838 1.0644 -5.2170
v  -0.8813 1.0627 -5.2066
v  -0.8764 1.0594 -5.2005
v  -0.8699 1.0550 -5.1975
v  -0.8609 1.0490 -5.1990
v  -0.8533 1.0439 -5.2030
v  -0.6599 0.9147 -5.3049
v  -0.6522 0.9096 -5.3089
v  -0.6501 0.9082 -5.3186
v  -0.6282 0.7340 -5.9125
v  -0.7637 0.7901 -5.3796
v  -0.7661 0.7911 -5.3699
v  -0.7692 0.7924 -5.3615
v  -0.7737 0.7943 -5.3545
v  -0.7795 0.7967 -5.3486
v  -0.7867 0.7996 -5.3440
v  -0.7952 0.8031 -5.3400
v  -0.9627 0.8725 -5.2606
v  -0.9712 0.8761 -5.2565
v  -0.9791 0.8793 -5.2493
v  -0.9821 0.8806 -5.2385
v  -0.9821 0.8806 -5.2277
v  -0.9821 0.8806 -5.2170
v  -0.9793 0.8794 -5.2066
v  -0.9738 0.8772 -5.2005
v  -0.9665 0.8741 -5.1975
v  -0.9566 0.8700 -5.1990
v  -0.9481 0.8665 -5.2030
v  -0.7332 0.7775 -5.3049
v  -0.7247 0.7740 -5.3089
v  -0.7223 0.7730 -5.3186
v  -0.6669 0.6064 -5.9125
v  -0.8108 0.6351 -5.3796
v  -0.8133 0.6356 -5.3699
v  -0.8166 0.6362 -5.3615
v  -0.8214 0.6372 -5.3545
v  -0.8275 0.6384 -5.3486
v  -0.8351 0.6399 -5.3440
v  -0.8441 0.6417 -5.3400
v  -1.0220 0.6771 -5.2606
v  -1.0310 0.6789 -5.2565
v  -1.0394 0.6805 -5.2493
v  -1.0426 0.6812 -5.2385
v  -1.0426 0.6812 -5.2277
v  -1.0426 0.6812 -5.2170
v  -1.0396 0.6806 -5.2066
v  -1.0338 0.6794 -5.2005
v  -1.0261 0.6779 -5.1975
v  -1.0155 0.6758 -5.1990
v  -1.0065 0.6740 -5.2030
v  -0.7784 0.6286 -5.3049
v  -0.7694 0.6268 -5.3089
v  -0.7668 0.6263 -5.3186
v  -0.6799 0.4738 -5.9125
v  -0.8267 0.4738 -5.3796
v  -0.8292 0.4738 -5.3699
v  -0.8326 0.4738 -5.3615
v  -0.8374 0.4738 -5.3545
v  -0.8437 0.4738 -5.3486
v  -0.8515 0.4738 -5.3440
v  -0.8607 0.4738 -5.3400
v  -1.0420 0.4738 -5.2606
v  -1.0512 0.4738 -5.2565
v  -1.0598 0.4738 -5.2493
v  -1.0630 0.4738 -5.2385
v  -1.0630 0.4738 -5.2277
v  -1.0630 0.4738 -5.2170
v  -1.0600 0.4738 -5.2066
v  -1.0541 0.4738 -5.2005
v  -1.0462 0.4738 -5.1975
v  -1.0354 0.4738 -5.1990
v  -1.0262 0.4738 -5.2030
v  -0.7936 0.4738 -5.3049
v  -0.7844 0.4738 -5.3089
v  -0.7819 0.4738 -5.3186
v  -0.6669 0.3411 -5.9125
v  -0.8108 0.3125 -5.3796
v  -0.8133 0.3120 -5.3699
v  -0.8166 0.3114 -5.3615
v  -0.8214 0.3104 -5.3545
v  -0.8275 0.3092 -5.3486
v  -0.8351 0.3077 -5.3440
v  -0.8441 0.3059 -5.3400
v  -1.0220 0.2705 -5.2606
v  -1.0310 0.2687 -5.2565
v  -1.0394 0.2670 -5.2493
v  -1.0426 0.2664 -5.2385
v  -1.0426 0.2664 -5.2277
v  -1.0426 0.2664 -5.2170
v  -1.0396 0.2670 -5.2066
v  -1.0338 0.2681 -5.2005
v  -1.0261 0.2697 -5.1975
v  -1.0155 0.2718 -5.1990
v  -1.0065 0.2736 -5.2030
v  -0.7784 0.3190 -5.3049
v  -0.7694 0.3207 -5.3089
v  -0.7668 0.3213 -5.3186
v  -0.6282 0.2136 -5.9125
v  -0.7637 0.1574 -5.3796
v  -0.7661 0.1564 -5.3699
v  -0.7692 0.1552 -5.3615
v  -0.7737 0.1533 -5.3545
v  -0.7795 0.1509 -5.3486
v  -0.7867 0.1479 -5.3440
v  -0.7952 0.1444 -5.3400
v  -0.9627 0.0750 -5.2606
v  -0.9712 0.0715 -5.2565
v  -0.9791 0.0682 -5.2493
v  -0.9821 0.0670 -5.2385
v  -0.9821 0.0670 -5.2277
v  -0.9821 0.0670 -5.2170
v  -0.9793 0.0681 -5.2066
v  -0.9738 0.0704 -5.2005
v  -0.9665 0.0734 -5.1975
v  -0.9566 0.0776 -5.1990
v  -0.9481 0.0811 -5.2030
v  -0.7332 0.1701 -5.3049
v  -0.7247 0.1736 -5.3089
v  -0.7223 0.1746 -5.3186
v  -0.5653 0.0960 -5.9125
v  -0.6873 0.0145 -5.3796
v  -0.6895 0.0131 -5.3699
v  -0.6923 0.0112 -5.3615
v  -0.6963 0.0085 -5.3545
v  -0.7015 0.0050 -5.3486
v  -0.7080 0.0007 -5.3440
v  -0.7156 -0.0044 -5.3400
v  -0.8664 -0.1051 -5.2606
v  -0.8740 -0.1102 -5.2565
v  -0.8812 -0.1150 -5.2493
v  -0.8838 -0.1168 -5.2385
v  -0.8838 -0.1168 -5.2277
v  -0.8838 -0.1168 -5.2170
v  -0.8813 -0.1151 -5.2066
v  -0.8764 -0.1118 -5.2005
v  -0.8699 -0.1074 -5.1975
v  -0.8609 -0.1015 -5.1990
v  -0.8533 -0.0963 -5.2030
v  -0.6599 0.0329 -5.3049
v  -0.6522 0.0380 -5.3089
v  -0.6501 0.0394 -5.3186
v  -0.4808 -0.0070 -5.9125
v  -0.5845 -0.1108 -5.3796
v  -0.5864 -0.1126 -5.3699
v  -0.5887 -0.1149 -5.3615
v  -0.5922 -0.1184 -5.3545
v  -0.5966 -0.1228 -5.3486
v  -0.6021 -0.1283 -5.3440
v  -0.6086 -0.1348 -5.3400
v  -0.7368 -0.2630 -5.2606
v  -0.7433 -0.2695 -5.2565
v  -0.7494 -0.2756 -5.2493
v  -0.7516 -0.2779 -5.2385
v  -0.7516 -0.2779 -5.2277
v  -0.7516 -0.2779 -5.2170
v  -0.7495 -0.2757 -5.2066
v  -0.7453 -0.2716 -5.2005
v  -0.7398 -0.2660 -5.1975
v  -0.7321 -0.2584 -5.1990
v  -0.7256 -0.2519 -5.2030
v  -0.5612 -0.0874 -5.3049
v  -0.5547 -0.0809 -5.3089
v  -0.5529 -0.0791 -5.3186
v  -0.3778 -0.0916 -5.9125
v  -0.4593 -0.2136 -5.3796
v  -0.4607 -0.2157 -5.3699
v  -0.4626 -0.2185 -5.3615
v  -0.4653 -0.2225 -5.3545
v  -0.4687 -0.2277 -5.3486
v  -0.4731 -0.2342 -5.3440
v  -0.4782 -0.2418 -5.3400
v  -0.5789 -0.3926 -5.2606
v  -0.5840 -0.4003 -5.2565
v  -0.5888 -0.4074 -5.2493
v  -0.5906 -0.4101 -5.2385
v  -0.5906 -0.4101 -5.2277
v  -0.5906 -0.4101 -5.2170
v  -0.5889 -0.4076 -5.2066
v  -0.5856 -0.4026 -5.2005
v  -0.5812 -0.3961 -5.1975
v  -0.5752 -0.3871 -5.1990
v  -0.5701 -0.3795 -5.2030
v  -0.4409 -0.1861 -5.3049
v  -0.4358 -0.1785 -5.3089
v  -0.4344 -0.1763 -5.3186
v  -0.2602 -0.1544 -5.9125
v  -0.3163 -0.2900 -5.3796
v  -0.3173 -0.2923 -5.3699
v  -0.3186 -0.2954 -5.3615
v  -0.3205 -0.2999 -5.3545
v  -0.3229 -0.3057 -5.3486
v  -0.3258 -0.3129 -5.3440
v  -0.3294 -0.3214 -5.3400
v  -0.3988 -0.4889 -5.2606
v  -0.4023 -0.4974 -5.2565
v  -0.4056 -0.5053 -5.2493
v  -0.4068 -0.5083 -5.2385
v  -0.4068 -0.5083 -5.2277
v  -0.4068 -0.5083 -5.2170
v  -0.4056 -0.5055 -5.2066
v  -0.4034 -0.5001 -5.2005
v  -0.4004 -0.4928 -5.1975
v  -0.3962 -0.4828 -5.1990
v  -0.3927 -0.4743 -5.2030
v  -0.3037 -0.2594 -5.3049
v  -0.3002 -0.2510 -5.3089
v  -0.2992 -0.2486 -5.3186
v  -0.1326 -0.1931 -5.9125
v  -0.1613 -0.3370 -5.3796
v  -0.1618 -0.3395 -5.3699
v  -0.1624 -0.3428 -5.3615
v  -0.1634 -0.3476 -5.3545
v  -0.1646 -0.3537 -5.3486
v  -0.1661 -0.3613 -5.3440
v  -0.1679 -0.3704 -5.3400
v  -0.2033 -0.5482 -5.2606
v  -0.2051 -0.5572 -5.2565
v  -0.2068 -0.5656 -5.2493
v  -0.2074 -0.5688 -5.2385
v  -0.2074 -0.5688 -5.2277
v  -0.2074 -0.5688 -5.2170
v  -0.2068 -0.5658 -5.2066
v  -0.2056 -0.5600 -5.2005
v  -0.2041 -0.5523 -5.1975
v  -0.2020 -0.5417 -5.1990
v  -0.2002 -0.5327 -5.2030
v  -0.1548 -0.3046 -5.3049
v  -0.1530 -0.2956 -5.3089
v  -0.1525 -0.2931 -5.3186
v  0.0000 -0.2061 -5.9125
v  0.0000 -0.3529 -5.3796
v  0.0000 -0.3555 -5.3699
v  0.0000 -0.3588 -5.3615
v  0.0000 -0.3637 -5.3545
v  0.0000 -0.3699 -5.3486
v  0.0000 -0.3777 -5.3440
v  0.0000 -0.3869 -5.3400
v  0.0000 -0.5682 -5.2606
v  0.0000 -0.5774 -5.2565
v  0.0000 -0.5860 -5.2493
v  0.0000 -0.5892 -5.2385
v  0.0000 -0.5892 -5.2277
v  0.0000 -0.5892 -5.2170
v  0.0000 -0.5862 -5.2066
v  0.0000 -0.5803 -5.2005
v  0.0000 -0.5724 -5.1975
v  0.0000 -0.5616 -5.1990
v  0.0000 -0.5524 -5.2030
v  0.0000 -0.3199 -5.3049
v  0.0000 -0.3107 -5.3089
v  0.0000 -0.3081 -5.3186
v  0.1326 -0.1931 -5.9125
v  0.1613 -0.3370 -5.3796
v  0.1618 -0.3395 -5.3699
v  0.1624 -0.3428 -5.3615
v  0.1634 -0.3476 -5.3545
v  0.1646 -0.3537 -5.3486
v  0.1661 -0.3613 -5.3440
v  0.1679 -0.3704 -5.3400
v  0.2033 -0.5482 -5.2606
v  0.2051 -0.5572 -5.2565
v  0.2068 -0.5656 -5.2493
v  0.2074 -0.5688 -5.2385
v  0.2074 -0.5688 -5.2277
v  0.2074 -0.5688 -5.2170
v  0.2068 -0.5658 -5.2066
v  0.2056 -0.5600 -5.2005
v  0.2041 -0.5523 -5.1975
v  0.2020 -0.5417 -5.1990
v  0.2002 -0.5327 -5.2030
v  0.1548 -0.3046 -5.3049
v  0.1530 -0.2956 -5.3089
v  0.1525 -0.2931 -5.3186
v  0.2602 -0.1544 -5.9125
v  0.3163 -0.2899 -5.3796
v  0.3173 -0.2923 -5.3699
v  0.3186 -0.2954 -5.3615
v  0.3205 -0.2999 -5.3545
v  0.3229 -0.3057 -5.3486
v  0.3258 -0.3129 -5.3440
v  0.3294 -0.3214 -5.3400
v  0.3988 -0.4889 -5.2606
v  0.4023 -0.4974 -5.2565
v  0.4056 -0.5053 -5.2493
v  0.4068 -0.5083 -5.2385
v  0.4068 -0.5083 -5.2277
v  0.4068 -0.5083 -5.2170
v  0.4056 -0.5055 -5.2066
v  0.4034 -0.5001 -5.2005
v  0.4004 -0.4928 -5.1975
v  0.3962 -0.4828 -5.1990
v  0.3927 -0.4743 -5.2030
v  0.3037 -0.2594 -5.3049
v  0.3002 -0.2510 -5.3089
v  0.2992 -0.2486 -5.3186
v  0.3778 -0.0916 -5.9125
v  0.4593 -0.2136 -5.3796
v  0.4607 -0.2157 -5.3699
v  0.4626 -0.2185 -5.3615
v  0.4653 -0.2225 -5.3545
v  0.4687 -0.2277 -5.3486
v  0.4731 -0.2342 -5.3440
v  0.4782 -0.2418 -5.3400
v  0.5789 -0.3926 -5.2606
v  0.5840 -0.4003 -5.2565
v  0.5888 -0.4074 -5.2493
v  0.5906 -0.4101 -5.2385
v  0.5906 -0.4101 -5.2277
v  0.5906 -0.4101 -5.2170
v  0.5889 -0.4076 -5.2066
v  0.5856 -0.4026 -5.2005
v  0.5812 -0.3961 -5.1975
v  0.5752 -0.3871 -5.1990
v  0.5701 -0.3795 -5.2030
v  0.4409 -0.1861 -5.3049
v  0.4358 -0.1785 -5.3089
v  0.4344 -0.1763 -5.3186
v  0.4808 -0.0070 -5.9125
v  0.5845 -0.1108 -5.3796
v  0.5864 -0.1126 -5.3699
v  0.5887 -0.1149 -5.3615
v  0.5922 -0.1184 -5.3545
v  0.5966 -0.1228 -5.3486
v  0.6021 -0.1283 -5.3440
v  0.6086 -0.1348 -5.3400
v  0.7368 -0.2630 -5.2606
v  0.7433 -0.2695 -5.2565
v  0.7494 -0.2756 -5.2493
v  0.7516 -0.2779 -5.2385
v  0.7516 -0.2779 -5.2277
v  0.7516 -0.2779 -5.2170
v  0.7495 -0.2757 -5.2066
v  0.7453 -0.2716 -5.2005
v  0.7398 -0.2660 -5.1975
v  0.7321 -0.2584 -5.1990
v  0.7256 -0.2519 -5.2030
v  0.5612 -0.0874 -5.3049
v  0.5547 -0.0809 -5.3089
v  0.5529 -0.0791 -5.3186
v  0.5653 0.0960 -5.9125
v  0.6873 0.0145 -5.3796
v  0.6895 0.0131 -5.3699
v  0.6923 0.0112 -5.3615
v  0.6963 0.0085 -5.3545
v  0.7015 0.0050 -5.3486
v  0.7080 0.0007 -5.3440
v  0.7156 -0.0044 -5.3400
v  0.8664 -0.1051 -5.2606
v  0.8740 -0.1102 -5.2565
v  0.8812 -0.1150 -5.2493
v  0.8838 -0.1168 -5.2385
v  0.8838 -0.1168 -5.2277
v  0.8838 -0.1168 -5.2170
v  0.8813 -0.1151 -5.2066
v  0.8764 -0.1118 -5.2005
v  0.8699 -0.1074 -5.1975
v  0.8609 -0.1015 -5.1990
v  0.8533 -0.0963 -5.2030
v  0.6599 0.0329 -5.3049
v  0.6522 0.0380 -5.3089
v  0.6501 0.0394 -5.3186
v  0.6282 0.2136 -5.9125
v  0.7637 0.1574 -5.3796
v  0.7661 0.1564 -5.3699
v  0.7692 0.1552 -5.3615
v  0.7737 0.1533 -5.3545
v  0.7795 0.1509 -5.3486
v  0.7867 0.1479 -5.3440
v  0.7952 0.1444 -5.3400
v  0.9627 0.0750 -5.2606
v  0.9712 0.0715 -5.2565
v  0.9791 0.0682 -5.2493
v  0.9821 0.0670 -5.2385
v  0.9821 0.0670 -5.2277
v  0.9821 0.0670 -5.2170
v  0.9793 0.0681 -5.2066
v  0.9738 0.0704 -5.2005
v  0.9665 0.0734 -5.1975
v  0.9566 0.0776 -5.1990
v  0.9481 0.0811 -5.2030
v  0.7332 0.1701 -5.3049
v  0.7247 0.1736 -5.3089
v  0.7223 0.1746 -5.3186
v  0.6669 0.3411 -5.9125
v  0.8108 0.3125 -5.3796
v  0.8133 0.3120 -5.3699
v  0.8166 0.3114 -5.3615
v  0.8214 0.3104 -5.3545
v  0.8275 0.3092 -5.3486
v  0.8351 0.3077 -5.3440
v  0.8441 0.3059 -5.3400
v  1.0220 0.2705 -5.2606
v  1.0310 0.2687 -5.2565
v  1.0394 0.2670 -5.2493
v  1.0426 0.2664 -5.2385
v  1.0426 0.2664 -5.2277
v  1.0426 0.2664 -5.2170
v  1.0396 0.2670 -5.2066
v  1.0338 0.2681 -5.2005
v  1.0261 0.2697 -5.1975
v  1.0155 0.2718 -5.1990
v  1.0065 0.2736 -5.2030
v  0.7784 0.3190 -5.3049
v  0.7694 0.3207 -5.3089
v  0.7668 0.3213 -5.3186
v  0.6799 0.4738 -5.9125
v  0.8267 0.4738 -5.3796
v  0.8292 0.4738 -5.3699
v  0.8326 0.4738 -5.3615
v  0.8374 0.4738 -5.3545
v  0.8437 0.4738 -5.3486
v  0.8515 0.4738 -5.3440
v  0.8607 0.4738 -5.3400
v  1.0420 0.4738 -5.2606
v  1.0512 0.4738 -5.2565
v  1.0598 0.4738 -5.2493
v  1.0630 0.4738 -5.2385
v  1.0630 0.4738 -5.2277
v  1.0630 0.4738 -5.2170
v  1.0600 0.4738 -5.2066
v  1.0541 0.4738 -5.2005
v  1.0462 0.4738 -5.1975
v  1.0354 0.4738 -5.1990
v  1.0262 0.4738 -5.2030
v  0.7936 0.4738 -5.3049
v  0.7844 0.4738 -5.3089
v  0.7819 0.4738 -5.3186
v  0.6669 0.6064 -5.9125
v  0.8108 0.6351 -5.3796
v  0.8133 0.6356 -5.3699
v  0.8166 0.6362 -5.3615
v  0.8214 0.6372 -5.3545
v  0.8275 0.6384 -5.3486
v  0.8351 0.6399 -5.3440
v  0.8441 0.6417 -5.3400
v  1.0220 0.6771 -5.2606
v  1.0310 0.6789 -5.2565
v  1.0394 0.6805 -5.2493
v  1.0426 0.6812 -5.2385
v  1.0426 0.6812 -5.2277
v  1.0426 0.6812 -5.2170
v  1.0396 0.6806 -5.2066
v  1.0338 0.6794 -5.2005
v  1.0261 0.6779 -5.1975
v  1.0155 0.6758 -5.1990
v  1.0065 0.6740 -5.2030
v  0.7784 0.6286 -5.3049
v  0.7694 0.6268 -5.3089
v  0.7668 0.6263 -5.3186
v  0.6282 0.7340 -5.9125
v  0.7637 0.7901 -5.3796
v  0.7661 0.7911 -5.3699
v  0.7692 0.7924 -5.3615
v  0.7737 0.7943 -5.3545
v  0.7795 0.7967 -5.3486
v  0.7867 0.7996 -5.3440
v  0.7952 0.8031 -5.3400
v  0.9627 0.8725 -5.2606
v  0.9712 0.8761 -5.2565
v  0.9791 0.8793 -5.2493
v  0.9821 0.8806 -5.2385
v  0.9821 0.8806 -5.2277
v  0.9821 0.8806 -5.2170
v  0.9793 0.8794 -5.2066
v  0.9738 0.8772 -5.2005
v  0.9665 0.8741 -5.1975
v  0.9566 0.8700 -5.1990
v  0.9481 0.8665 -5.2030
v  0.7332 0.7775 -5.3049
v  0.7247 0.7740 -5.3089
v  0.7223 0.7730 -5.3186
v  0.5653 0.8515 -5.9125
v  0.6873 0.9331 -5.3796
v  0.6895 0.9345 -5.3699
v  0.6923 0.9363 -5.3615
v  0.6963 0.9390 -5.3545
v  0.7015 0.9425 -5.3486
v  0.7080 0.9468 -5.3440
v  0.7156 0.9519 -5.3400
v  0.8664 1.0527 -5.2606
v  0.8740 1.0578 -5.2565
v  0.8812 1.0626 -5.2493
v  0.8838 1.0644 -5.2385
v  0.8838 1.0644 -5.2277
v  0.8838 1.0644 -5.2170
v  0.8813 1.0627 -5.2066
v  0.8764 1.0594 -5.2005
v  0.8699 1.0550 -5.1975
v  0.8609 1.0490 -5.1990
v  0.8533 1.0439 -5.2030
v  0.6599 0.9147 -5.3049
v  0.6522 0.9096 -5.3089
v  0.6501 0.9082 -5.3186
v  0.4808 0.9546 -5.9125
v  0.5845 1.0583 -5.3796
v  0.5864 1.0602 -5.3699
v  0.5887 1.0625 -5.3615
v  0.5922 1.0659 -5.3545
v  0.5966 1.0704 -5.3486
v  0.6021 1.0759 -5.3440
v  0.6086 1.0824 -5.3400
v  0.7368 1.2106 -5.2606
v  0.7433 1.2171 -5.2565
v  0.7494 1.2232 -5.2493
v  0.7516 1.2254 -5.2385
v  0.7516 1.2254 -5.2277
v  0.7516 1.2254 -5.2170
v  0.7495 1.2233 -5.2066
v  0.7453 1.2191 -5.2005
v  0.7398 1.2135 -5.1975
v  0.7321 1.2059 -5.1990
v  0.7256 1.1994 -5.2030
v  0.5612 1.0350 -5.3049
v  0.5547 1.0285 -5.3089
v  0.5529 1.0266 -5.3186
v  0.3778 1.0391 -5.9125
v  0.4593 1.1611 -5.3796
v  0.4607 1.1633 -5.3699
v  0.4626 1.1661 -5.3615
v  0.4653 1.1701 -5.3545
v  0.4687 1.1753 -5.3486
v  0.4731 1.1818 -5.3440
v  0.4782 1.1894 -5.3400
v  0.5789 1.3402 -5.2606
v  0.5840 1.3478 -5.2565
v  0.5888 1.3550 -5.2493
v  0.5906 1.3576 -5.2385
v  0.5906 1.3576 -5.2277
v  0.5906 1.3576 -5.2170
v  0.5889 1.3551 -5.2066
v  0.5856 1.3502 -5.2005
v  0.5812 1.3437 -5.1975
v  0.5752 1.3347 -5.1990
v  0.5701 1.3270 -5.2030
v  0.4409 1.1337 -5.3049
v  0.4358 1.1260 -5.3089
v  0.4344 1.1239 -5.3186
v  0.2602 1.1020 -5.9125
v  0.3163 1.2375 -5.3796
v  0.3173 1.2399 -5.3699
v  0.3186 1.2430 -5.3615
v  0.3205 1.2475 -5.3545
v  0.3229 1.2533 -5.3486
v  0.3258 1.2604 -5.3440
v  0.3294 1.2689 -5.3400
v  0.3988 1.4365 -5.2606
v  0.4023 1.4450 -5.2565
v  0.4056 1.4529 -5.2493
v  0.4068 1.4559 -5.2385
v  0.4068 1.4559 -5.2277
v  0.4068 1.4559 -5.2170
v  0.4056 1.4531 -5.2066
v  0.4034 1.4476 -5.2005
v  0.4004 1.4403 -5.1975
v  0.3962 1.4304 -5.1990
v  0.3927 1.4219 -5.2030
v  0.3037 1.2070 -5.3049
v  0.3002 1.1985 -5.3089
v  0.2992 1.1961 -5.3186
v  0.1326 1.1407 -5.9125
v  0.1613 1.2846 -5.3796
v  0.1618 1.2871 -5.3699
v  0.1624 1.2904 -5.3615
v  0.1634 1.2951 -5.3545
v  0.1646 1.3013 -5.3486
v  0.1661 1.3089 -5.3440
v  0.1679 1.3179 -5.3400
v  0.2033 1.4958 -5.2606
v  0.2051 1.5048 -5.2565
v  0.2068 1.5132 -5.2493
v  0.2074 1.5164 -5.2385
v  0.2074 1.5164 -5.2277
v  0.2074 1.5164 -5.2170
v  0.2068 1.5134 -5.2066
v  0.2056 1.5076 -5.2005
v  0.2041 1.4999 -5.1975
v  0.2020 1.4893 -5.1990
v  0.2002 1.4803 -5.2030
v  0.1548 1.2522 -5.3049
v  0.1530 1.2432 -5.3089
v  0.1525 1.2406 -5.3186
v  0.0000 1.1414 -5.9168
v  0.0000 1.1213 -5.9168
v  -0.1302 1.1286 -5.9168
v  -0.1263 1.1088 -5.9168
v  -0.1340 1.1472 -5.9022
v  -0.1350 1.1523 -5.8829
v  0.0000 1.1604 -5.9022
v  0.0000 1.1656 -5.8829
v  -0.1181 1.0675 -5.9168
v  -0.1220 1.0872 -5.9168
v  -0.1181 1.0675 -5.8968
v  0.0000 1.0791 -5.9168
v  0.0000 1.0791 -5.8968
v  0.0000 1.0992 -5.9168
v  -0.2555 1.0906 -5.9168
v  -0.2478 1.0720 -5.9168
v  -0.2628 1.1081 -5.9022
v  -0.2647 1.1129 -5.8829
v  -0.2316 1.0330 -5.9168
v  -0.2393 1.0516 -5.9168
v  -0.2316 1.0330 -5.8968
v  -0.3709 1.0289 -5.9168
v  -0.3597 1.0122 -5.9168
v  -0.3815 1.0447 -5.9022
v  -0.3843 1.0490 -5.8829
v  -0.3363 0.9771 -5.9168
v  -0.3475 0.9938 -5.9168
v  -0.3363 0.9771 -5.8968
v  -0.4721 0.9459 -5.9168
v  -0.4579 0.9316 -5.9168
v  -0.4855 0.9593 -5.9022
v  -0.4892 0.9630 -5.8829
v  -0.4280 0.9018 -5.9168
v  -0.4422 0.9160 -5.9168
v  -0.4280 0.9018 -5.8968
v  -0.5551 0.8447 -5.9168
v  -0.5384 0.8335 -5.9168
v  -0.5709 0.8552 -5.9022
v  -0.5752 0.8581 -5.8829
v  -0.5033 0.8101 -5.9168
v  -0.5200 0.8212 -5.9168
v  -0.5033 0.8101 -5.8968
v  -0.6168 0.7293 -5.9168
v  -0.5982 0.7216 -5.9168
v  -0.6344 0.7365 -5.9022
v  -0.6391 0.7385 -5.8829
v  -0.5592 0.7054 -5.9168
v  -0.5778 0.7131 -5.9168
v  -0.5592 0.7054 -5.8968
v  -0.6548 0.6040 -5.9168
v  -0.6351 0.6001 -5.9168
v  -0.6734 0.6077 -5.9022
v  -0.6785 0.6087 -5.8829
v  -0.5937 0.5919 -5.9168
v  -0.6134 0.5958 -5.9168
v  -0.5937 0.5919 -5.8968
v  -0.6676 0.4738 -5.9168
v  -0.6475 0.4738 -5.9168
v  -0.6866 0.4738 -5.9022
v  -0.6918 0.4738 -5.8829
v  -0.6053 0.4738 -5.9168
v  -0.6254 0.4738 -5.9168
v  -0.6053 0.4738 -5.8968
v  -0.6548 0.3435 -5.9168
v  -0.6351 0.3475 -5.9168
v  -0.6734 0.3398 -5.9022
v  -0.6785 0.3388 -5.8829
v  -0.5937 0.3557 -5.9168
v  -0.6134 0.3518 -5.9168
v  -0.5937 0.3557 -5.8968
v  -0.6168 0.2183 -5.9168
v  -0.5982 0.2260 -5.9168
v  -0.6344 0.2110 -5.9022
v  -0.6391 0.2090 -5.8829
v  -0.5592 0.2421 -5.9168
v  -0.5778 0.2344 -5.9168
v  -0.5592 0.2421 -5.8968
v  -0.5551 0.1029 -5.9168
v  -0.5384 0.1140 -5.9168
v  -0.5709 0.0923 -5.9022
v  -0.5752 0.0894 -5.8829
v  -0.5033 0.1375 -5.9168
v  -0.5200 0.1263 -5.9168
v  -0.5033 0.1375 -5.8968
v  -0.4721 0.0017 -5.9168
v  -0.4579 0.0159 -5.9168
v  -0.4855 -0.0117 -5.9022
v  -0.4892 -0.0154 -5.8829
v  -0.4280 0.0458 -5.9168
v  -0.4422 0.0316 -5.9168
v  -0.4280 0.0458 -5.8968
v  -0.3709 -0.0813 -5.9168
v  -0.3597 -0.0646 -5.9168
v  -0.3815 -0.0971 -5.9022
v  -0.3843 -0.1014 -5.8829
v  -0.3363 -0.0295 -5.9168
v  -0.3475 -0.0462 -5.9168
v  -0.3363 -0.0295 -5.8968
v  -0.2555 -0.1430 -5.9168
v  -0.2478 -0.1244 -5.9168
v  -0.2628 -0.1606 -5.9022
v  -0.2647 -0.1654 -5.8829
v  -0.2316 -0.0855 -5.9168
v  -0.2393 -0.1040 -5.9168
v  -0.2316 -0.0855 -5.8968
v  -0.1302 -0.1810 -5.9168
v  -0.1263 -0.1613 -5.9168
v  -0.1340 -0.1996 -5.9022
v  -0.1350 -0.2047 -5.8829
v  -0.1181 -0.1199 -5.9168
v  -0.1220 -0.1396 -5.9168
v  -0.1181 -0.1199 -5.8968
v  0.0000 -0.1938 -5.9168
v  0.0000 -0.1737 -5.9168
v  0.0000 -0.2128 -5.9022
v  0.0000 -0.2180 -5.8829
v  0.0000 -0.1315 -5.9168
v  0.0000 -0.1516 -5.9168
v  0.0000 -0.1315 -5.8968
v  0.1302 -0.1810 -5.9168
v  0.1263 -0.1613 -5.9168
v  0.1340 -0.1996 -5.9022
v  0.1350 -0.2047 -5.8829
v  0.1181 -0.1199 -5.9168
v  0.1220 -0.1396 -5.9168
v  0.1181 -0.1199 -5.8968
v  0.2555 -0.1430 -5.9168
v  0.2478 -0.1244 -5.9168
v  0.2628 -0.1606 -5.9022
v  0.2647 -0.1654 -5.8829
v  0.2316 -0.0855 -5.9168
v  0.2393 -0.1040 -5.9168
v  0.2316 -0.0855 -5.8968
v  0.3709 -0.0813 -5.9168
v  0.3597 -0.0646 -5.9168
v  0.3815 -0.0971 -5.9022
v  0.3843 -0.1014 -5.8829
v  0.3363 -0.0295 -5.9168
v  0.3475 -0.0462 -5.9168
v  0.3363 -0.0295 -5.8968
v  0.4721 0.0017 -5.9168
v  0.4579 0.0159 -5.9168
v  0.4855 -0.0117 -5.9022
v  0.4892 -0.0154 -5.8829
v  0.4280 0.0458 -5.9168
v  0.4422 0.0316 -5.9168
v  0.4280 0.0458 -5.8968
v  0.5551 0.1029 -5.9168
v  0.5384 0.1140 -5.9168
v  0.5709 0.0923 -5.9022
v  0.5752 0.0894 -5.8829
v  0.5033 0.1375 -5.9168
v  0.5200 0.1263 -5.9168
v  0.5033 0.1375 -5.8968
v  0.6168 0.2183 -5.9168
v  0.5982 0.2260 -5.9168
v  0.6344 0.2110 -5.9022
v  0.6391 0.2090 -5.8829
v  0.5592 0.2421 -5.9168
v  0.5778 0.2344 -5.9168
v  0.5592 0.2421 -5.8968
v  0.6548 0.3435 -5.9168
v  0.6351 0.3475 -5.9168
v  0.6734 0.3398 -5.9022
v  0.6785 0.3388 -5.8829
v  0.5937 0.3557 -5.9168
v  0.6134 0.3518 -5.9168
v  0.5937 0.3557 -5.8968
v  0.6676 0.4738 -5.9168
v  0.6475 0.4738 -5.9168
v  0.6866 0.4738 -5.9022
v  0.6918 0.4738 -5.8829
v  0.6053 0.4738 -5.9168
v  0.6254 0.4738 -5.9168
v  0.6053 0.4738 -5.8968
v  0.6548 0.6040 -5.9168
v  0.6351 0.6001 -5.9168
v  0.6734 0.6077 -5.9022
v  0.6785 0.6087 -5.8829
v  0.5937 0.5919 -5.9168
v  0.6134 0.5958 -5.9168
v  0.5937 0.5919 -5.8968
v  0.6168 0.7293 -5.9168
v  0.5982 0.7216 -5.9168
v  0.6344 0.7365 -5.9022
v  0.6391 0.7385 -5.8829
v  0.5592 0.7054 -5.9168
v  0.5778 0.7131 -5.9168
v  0.5592 0.7054 -5.8968
v  0.5551 0.8447 -5.9168
v  0.5384 0.8335 -5.9168
v  0.5709 0.8552 -5.9022
v  0.5752 0.8581 -5.8829
v  0.5033 0.8101 -5.9168
v  0.5200 0.8212 -5.9168
v  0.5033 0.8101 -5.8968
v  0.4721 0.9459 -5.9168
v  0.4579 0.9316 -5.9168
v  0.4855 0.9593 -5.9022
v  0.4892 0.9630 -5.8829
v  0.4280 0.9018 -5.9168
v  0.4422 0.9160 -5.9168
v  0.4280 0.9018 -5.8968
v  0.3709 1.0289 -5.9168
v  0.3597 1.0122 -5.9168
v  0.3815 1.0447 -5.9022
v  0.3843 1.0490 -5.8829
v  0.3363 0.9771 -5.9168
v  0.3475 0.9938 -5.9168
v  0.3363 0.9771 -5.8968
v  0.2555 1.0906 -5.9168
v  0.2478 1.0720 -5.9168
v  0.2628 1.1081 -5.9022
v  0.2647 1.1129 -5.8829
v  0.2316 1.0330 -5.9168
v  0.2393 1.0516 -5.9168
v  0.2316 1.0330 -5.8968
v  0.1302 1.1286 -5.9168
v  0.1263 1.1088 -5.9168
v  0.1340 1.1472 -5.9022
v  0.1350 1.1523 -5.8829
v  0.1181 1.0675 -5.9168
v  0.1220 1.0872 -5.9168
v  0.1181 1.0675 -5.8968
v  -0.0295 -0.0553 -5.2648
v  0.0743 -0.0508 -5.2647
v  0.1752 -0.0262 -5.2647
v  0.2694 0.0175 -5.2647
v  0.3533 0.0788 -5.2648
v  0.4234 0.1554 -5.2647
v  0.4774 0.2441 -5.2647
v  0.5131 0.3416 -5.2647
v  0.5291 0.4443 -5.2648
v  0.5246 0.5480 -5.2647
v  0.5000 0.6489 -5.2647
v  0.4562 0.7431 -5.2647
v  0.3950 0.8270 -5.2648
v  0.3184 0.8972 -5.2647
v  0.2297 0.9512 -5.2647
v  0.1321 0.9868 -5.2647
v  0.0295 1.0029 -5.2648
v  -0.0743 0.9984 -5.2647
v  -0.1752 0.9738 -5.2647
v  -0.2694 0.9300 -5.2647
v  -0.3533 0.8688 -5.2648
v  -0.4234 0.7922 -5.2647
v  -0.4774 0.7035 -5.2647
v  -0.5131 0.6059 -5.2647
v  -0.5291 0.5033 -5.2648
v  -0.5246 0.3995 -5.2647
v  -0.5000 0.2986 -5.2647
v  -0.4562 0.2044 -5.2648
v  -0.3950 0.1205 -5.2648
v  -0.3184 0.0503 -5.2647
v  -0.2297 -0.0036 -5.2647
v  -0.1321 -0.0393 -5.2647
v  -0.0292 -0.0498 -5.2787
v  0.0735 -0.0454 -5.2787
v  -0.0299 -0.0616 -5.2504
v  0.0752 -0.0571 -5.2504
v  0.1734 -0.0211 -5.2786
v  0.1773 -0.0322 -5.2503
v  0.2666 0.0223 -5.2787
v  0.2726 0.0121 -5.2504
v  0.3496 0.0829 -5.2787
v  0.3575 0.0741 -5.2504
v  0.4191 0.1586 -5.2787
v  0.4285 0.1515 -5.2504
v  0.4725 0.2465 -5.2786
v  0.4832 0.2413 -5.2503
v  0.5078 0.3430 -5.2787
v  0.5192 0.3401 -5.2504
v  0.5236 0.4446 -5.2787
v  0.5354 0.4439 -5.2504
v  0.5192 0.5473 -5.2787
v  0.5309 0.5489 -5.2504
v  0.4948 0.6471 -5.2786
v  0.5060 0.6511 -5.2503
v  0.4515 0.7404 -5.2787
v  0.4617 0.7464 -5.2504
v  0.3909 0.8234 -5.2787
v  0.3997 0.8313 -5.2504
v  0.3151 0.8929 -5.2787
v  0.3223 0.9023 -5.2504
v  0.2273 0.9463 -5.2786
v  0.2325 0.9569 -5.2503
v  0.1308 0.9816 -5.2787
v  0.1337 0.9930 -5.2504
v  0.0292 0.9974 -5.2787
v  0.0299 1.0092 -5.2504
v  -0.0735 0.9929 -5.2787
v  -0.0752 1.0047 -5.2504
v  -0.1734 0.9686 -5.2786
v  -0.1773 0.9798 -5.2503
v  -0.2666 0.9253 -5.2787
v  -0.2726 0.9355 -5.2504
v  -0.3496 0.8647 -5.2787
v  -0.3575 0.8735 -5.2504
v  -0.4191 0.7889 -5.2787
v  -0.4285 0.7960 -5.2504
v  -0.4725 0.7011 -5.2786
v  -0.4832 0.7062 -5.2503
v  -0.5078 0.6046 -5.2787
v  -0.5192 0.6075 -5.2504
v  -0.5236 0.5030 -5.2787
v  -0.5354 0.5036 -5.2504
v  -0.5192 0.4003 -5.2787
v  -0.5309 0.3986 -5.2504
v  -0.4948 0.3004 -5.2786
v  -0.5060 0.2965 -5.2503
v  -0.4516 0.2073 -5.2787
v  -0.4617 0.2012 -5.2504
v  -0.3909 0.1242 -5.2787
v  -0.3997 0.1163 -5.2504
v  -0.3151 0.0547 -5.2787
v  -0.3223 0.0452 -5.2504
v  -0.2273 0.0013 -5.2786
v  -0.2325 -0.0094 -5.2503
v  -0.1308 -0.0340 -5.2787
v  -0.1337 -0.0454 -5.2504
v  -0.0284 -0.0361 -5.2845
v  -0.0273 -0.0160 -5.2845
v  0.0716 -0.0318 -5.2845
v  0.0688 -0.0119 -5.2845
v  0.0770 -0.0704 -5.2451
v  0.0799 -0.0903 -5.2451
v  -0.0306 -0.0750 -5.2451
v  -0.0317 -0.0950 -5.2451
v  0.1018 -0.2451 -5.2450
v  0.1026 -0.2511 -5.2261
v  0.0990 -0.2253 -5.2451
v  -0.0404 -0.2512 -5.2451
v  -0.0393 -0.2311 -5.2451
v  -0.0408 -0.2574 -5.2261
v  0.1058 -0.2739 -5.1554
v  0.1031 -0.2548 -5.1504
v  0.1050 -0.2678 -5.1743
v  -0.0421 -0.2804 -5.1553
v  -0.0417 -0.2742 -5.1743
v  -0.0410 -0.2609 -5.1506
v  0.1688 -0.0081 -5.2845
v  0.1622 0.0108 -5.2845
v  0.1817 -0.0449 -5.2451
v  0.1884 -0.0639 -5.2451
v  0.2400 -0.2114 -5.2450
v  0.2421 -0.2172 -5.2261
v  0.2334 -0.1925 -5.2451
v  0.2497 -0.2388 -5.1554
v  0.2433 -0.2206 -5.1505
v  0.2476 -0.2330 -5.1742
v  0.2596 0.0341 -5.2845
v  0.2494 0.0514 -5.2845
v  0.2794 0.0005 -5.2451
v  0.2896 -0.0168 -5.2451
v  0.3692 -0.1515 -5.2451
v  0.3723 -0.1568 -5.2261
v  0.3589 -0.1342 -5.2451
v  0.3840 -0.1766 -5.1553
v  0.3740 -0.1597 -5.1509
v  0.3809 -0.1713 -5.1743
v  0.3404 0.0932 -5.2845
v  0.3270 0.1081 -5.2845
v  0.3664 0.0641 -5.2451
v  0.3798 0.0491 -5.2451
v  0.4840 -0.0675 -5.2451
v  0.4882 -0.0721 -5.2261
v  0.4706 -0.0525 -5.2452
v  0.5035 -0.0892 -5.1553
v  0.4904 -0.0746 -5.1509
v  0.4994 -0.0846 -5.1743
v  0.4081 0.1669 -5.2845
v  0.3921 0.1790 -5.2845
v  0.4393 0.1435 -5.2451
v  0.4553 0.1314 -5.2451
v  0.5803 0.0374 -5.2450
v  0.5852 0.0337 -5.2260
v  0.5642 0.0495 -5.2450
v  0.6037 0.0198 -5.1553
v  0.5880 0.0316 -5.1509
v  0.5987 0.0236 -5.1743
v  0.4601 0.2524 -5.2845
v  0.4420 0.2611 -5.2845
v  0.4953 0.2355 -5.2451
v  0.5134 0.2268 -5.2451
v  0.6543 0.1590 -5.2451
v  0.6599 0.1563 -5.2261
v  0.6362 0.1677 -5.2451
v  0.6806 0.1463 -5.1553
v  0.6630 0.1548 -5.1509
v  0.6751 0.1490 -5.1743
v  0.4945 0.3464 -5.2845
v  0.4750 0.3514 -5.2845
v  0.5322 0.3367 -5.2451
v  0.5517 0.3317 -5.2451
v  0.7032 0.2927 -5.2451
v  0.7092 0.2911 -5.2261
v  0.6837 0.2977 -5.2451
v  0.7314 0.2854 -5.1553
v  0.7125 0.2903 -5.1509
v  0.7255 0.2869 -5.1743
v  0.5098 0.4453 -5.2845
v  0.4898 0.4465 -5.2845
v  0.5488 0.4432 -5.2451
v  0.5688 0.4421 -5.2451
v  0.7250 0.4333 -5.2451
v  0.7312 0.4330 -5.2261
v  0.7049 0.4345 -5.2451
v  0.7541 0.4317 -5.1553
v  0.7346 0.4328 -5.1509
v  0.7480 0.4321 -5.1743
v  0.5056 0.5454 -5.2845
v  0.4857 0.5425 -5.2845
v  0.5442 0.5508 -5.2451
v  0.5641 0.5536 -5.2451
v  0.7188 0.5755 -5.2450
v  0.7249 0.5764 -5.2261
v  0.6991 0.5727 -5.2451
v  0.7476 0.5796 -5.1554
v  0.7286 0.5769 -5.1504
v  0.7416 0.5788 -5.1743
v  0.4819 0.6426 -5.2845
v  0.4629 0.6360 -5.2845
v  0.5187 0.6555 -5.2451
v  0.5377 0.6621 -5.2451
v  0.6852 0.7138 -5.2450
v  0.6909 0.7158 -5.2261
v  0.6663 0.7072 -5.2451
v  0.7128 0.7235 -5.1553
v  0.6943 0.7170 -5.1509
v  0.7070 0.7215 -5.1743
v  0.4397 0.7334 -5.2845
v  0.4224 0.7232 -5.2845
v  0.4733 0.7532 -5.2451
v  0.4906 0.7634 -5.2451
v  0.6252 0.8429 -5.2450
v  0.6305 0.8460 -5.2261
v  0.6080 0.8327 -5.2451
v  0.6504 0.8578 -5.1553
v  0.6336 0.8479 -5.1505
v  0.6450 0.8546 -5.1743
v  0.3806 0.8142 -5.2845
v  0.3656 0.8008 -5.2845
v  0.4097 0.8402 -5.2451
v  0.4247 0.8536 -5.2451
v  0.5412 0.9578 -5.2451
v  0.5458 0.9620 -5.2261
v  0.5263 0.9444 -5.2451
v  0.5630 0.9773 -5.1553
v  0.5485 0.9643 -5.1505
v  0.5584 0.9732 -5.1743
v  0.3069 0.8819 -5.2845
v  0.2948 0.8658 -5.2845
v  0.3303 0.9131 -5.2451
v  0.3424 0.9291 -5.2451
v  0.4364 1.0541 -5.2451
v  0.4401 1.0591 -5.2261
v  0.4243 1.0381 -5.2451
v  0.4540 1.0775 -5.1553
v  0.4422 1.0618 -5.1509
v  0.4502 1.0725 -5.1743
v  0.2214 0.9339 -5.2845
v  0.2127 0.9158 -5.2845
v  0.2383 0.9691 -5.2451
v  0.2470 0.9872 -5.2451
v  0.3147 1.1280 -5.2450
v  0.3174 1.1335 -5.2261
v  0.3061 1.1100 -5.2451
v  0.3274 1.1542 -5.1554
v  0.3190 1.1368 -5.1505
v  0.3247 1.1487 -5.1742
v  0.1274 0.9683 -5.2845
v  0.1223 0.9488 -5.2845
v  0.1371 1.0060 -5.2451
v  0.1421 1.0255 -5.2451
v  0.1811 1.1768 -5.2450
v  0.1826 1.1828 -5.2261
v  0.1761 1.1575 -5.2451
v  0.1883 1.2050 -5.1554
v  0.1835 1.1863 -5.1504
v  0.1868 1.1991 -5.1743
v  0.0284 0.9836 -5.2845
v  0.0273 0.9636 -5.2845
v  0.0306 1.0225 -5.2451
v  0.0317 1.0426 -5.2451
v  0.0404 1.1988 -5.2451
v  0.0408 1.2049 -5.2261
v  0.0393 1.1787 -5.2451
v  0.0421 1.2279 -5.1553
v  0.0410 1.2084 -5.1506
v  0.0417 1.2218 -5.1743
v  -0.0716 0.9794 -5.2845
v  -0.0688 0.9595 -5.2845
v  -0.0770 1.0180 -5.2451
v  -0.0799 1.0379 -5.2451
v  -0.1018 1.1926 -5.2450
v  -0.1026 1.1987 -5.2260
v  -0.0989 1.1727 -5.2451
v  -0.1058 1.2214 -5.1554
v  -0.1031 1.2023 -5.1504
v  -0.1050 1.2154 -5.1743
v  -0.1688 0.9557 -5.2845
v  -0.1622 0.9367 -5.2845
v  -0.1817 0.9925 -5.2451
v  -0.1884 1.0114 -5.2451
v  -0.2400 1.1589 -5.2450
v  -0.2421 1.1648 -5.2259
v  -0.2334 1.1400 -5.2451
v  -0.2497 1.1864 -5.1554
v  -0.2433 1.1682 -5.1505
v  -0.2476 1.1806 -5.1742
v  -0.2596 0.9135 -5.2845
v  -0.2494 0.8962 -5.2845
v  -0.2794 0.9471 -5.2451
v  -0.2896 0.9644 -5.2451
v  -0.3691 1.0990 -5.2450
v  -0.3722 1.1043 -5.2261
v  -0.3589 1.0817 -5.2451
v  -0.3839 1.1240 -5.1554
v  -0.3741 1.1074 -5.1505
v  -0.3808 1.1188 -5.1743
v  -0.3404 0.8544 -5.2845
v  -0.3270 0.8394 -5.2845
v  -0.3664 0.8835 -5.2451
v  -0.3798 0.8984 -5.2451
v  -0.4840 1.0150 -5.2451
v  -0.4882 1.0196 -5.2261
v  -0.4707 1.0000 -5.2451
v  -0.5035 1.0368 -5.1553
v  -0.4905 1.0222 -5.1505
v  -0.4994 1.0322 -5.1743
v  -0.4081 0.7807 -5.2845
v  -0.3921 0.7686 -5.2845
v  -0.4393 0.8041 -5.2451
v  -0.4553 0.8162 -5.2451
v  -0.5803 0.9101 -5.2450
v  -0.5852 0.9138 -5.2261
v  -0.5643 0.8981 -5.2451
v  -0.6035 0.9276 -5.1554
v  -0.5881 0.9160 -5.1504
v  -0.5986 0.9239 -5.1743
v  -0.4601 0.6952 -5.2845
v  -0.4420 0.6865 -5.2845
v  -0.4953 0.7121 -5.2451
v  -0.5134 0.7208 -5.2451
v  -0.6543 0.7886 -5.2451
v  -0.6599 0.7913 -5.2261
v  -0.6362 0.7799 -5.2451
v  -0.6806 0.8012 -5.1553
v  -0.6630 0.7927 -5.1509
v  -0.6751 0.7986 -5.1743
v  -0.4945 0.6011 -5.2845
v  -0.4750 0.5961 -5.2845
v  -0.5322 0.6109 -5.2451
v  -0.5517 0.6159 -5.2451
v  -0.7031 0.6549 -5.2450
v  -0.7090 0.6564 -5.2261
v  -0.6837 0.6499 -5.2451
v  -0.7312 0.6621 -5.1554
v  -0.7126 0.6573 -5.1504
v  -0.7253 0.6606 -5.1743
v  -0.5098 0.5022 -5.2845
v  -0.4898 0.5011 -5.2845
v  -0.5488 0.5044 -5.2451
v  -0.5688 0.5055 -5.2451
v  -0.7250 0.5142 -5.2451
v  -0.7312 0.5146 -5.2261
v  -0.7049 0.5131 -5.2451
v  -0.7541 0.5159 -5.1553
v  -0.7347 0.5148 -5.1505
v  -0.7480 0.5155 -5.1743
v  -0.5056 0.4022 -5.2845
v  -0.4857 0.4050 -5.2845
v  -0.5442 0.3967 -5.2451
v  -0.5641 0.3939 -5.2451
v  -0.7189 0.3720 -5.2451
v  -0.7251 0.3711 -5.2261
v  -0.6990 0.3748 -5.2451
v  -0.7476 0.3679 -5.1554
v  -0.7286 0.3706 -5.1504
v  -0.7416 0.3688 -5.1743
v  -0.4819 0.3050 -5.2845
v  -0.4629 0.3116 -5.2845
v  -0.5187 0.2921 -5.2451
v  -0.5377 0.2854 -5.2451
v  -0.6852 0.2337 -5.2450
v  -0.6909 0.2317 -5.2261
v  -0.6663 0.2403 -5.2451
v  -0.7126 0.2241 -5.1554
v  -0.6944 0.2305 -5.1505
v  -0.7068 0.2262 -5.1742
v  -0.4397 0.2142 -5.2845
v  -0.4224 0.2244 -5.2845
v  -0.4733 0.1944 -5.2451
v  -0.4906 0.1841 -5.2451
v  -0.6252 0.1047 -5.2450
v  -0.6305 0.1016 -5.2261
v  -0.6080 0.1148 -5.2451
v  -0.6504 0.0898 -5.1553
v  -0.6336 0.0997 -5.1507
v  -0.6450 0.0930 -5.1743
v  -0.3806 0.1334 -5.2845
v  -0.3656 0.1468 -5.2845
v  -0.4097 0.1074 -5.2451
v  -0.4247 0.0940 -5.2451
v  -0.5412 -0.0103 -5.2451
v  -0.5458 -0.0144 -5.2261
v  -0.5263 0.0031 -5.2451
v  -0.5630 -0.0297 -5.1553
v  -0.5484 -0.0167 -5.1509
v  -0.5584 -0.0256 -5.1743
v  -0.3069 0.0657 -5.2845
v  -0.2948 0.0817 -5.2845
v  -0.3303 0.0345 -5.2451
v  -0.3424 0.0185 -5.2451
v  -0.4364 -0.1066 -5.2451
v  -0.4401 -0.1115 -5.2261
v  -0.4243 -0.0905 -5.2451
v  -0.4540 -0.1299 -5.1553
v  -0.4422 -0.1142 -5.1509
v  -0.4502 -0.1250 -5.1743
v  -0.2214 0.0136 -5.2845
v  -0.2127 0.0318 -5.2845
v  -0.2383 -0.0215 -5.2451
v  -0.2470 -0.0396 -5.2451
v  -0.3148 -0.1805 -5.2451
v  -0.3175 -0.1861 -5.2261
v  -0.3061 -0.1624 -5.2451
v  -0.3275 -0.2069 -5.1553
v  -0.3190 -0.1892 -5.1509
v  -0.3248 -0.2013 -5.1743
v  -0.1274 -0.0207 -5.2845
v  -0.1223 -0.0012 -5.2845
v  -0.1371 -0.0585 -5.2451
v  -0.1421 -0.0779 -5.2451
v  -0.1811 -0.2294 -5.2451
v  -0.1826 -0.2354 -5.2261
v  -0.1761 -0.2099 -5.2451
v  -0.1884 -0.2577 -5.1553
v  -0.1835 -0.2387 -5.1509
v  -0.1868 -0.2517 -5.1743
v  -0.0252 0.0220 -5.3864
v  0.0634 0.0259 -5.3863
v  0.1496 0.0469 -5.3863
v  0.2300 0.0842 -5.3863
v  0.3016 0.1365 -5.3864
v  0.3615 0.2019 -5.3863
v  0.4076 0.2777 -5.3863
v  0.4381 0.3610 -5.3863
v  0.4518 0.4486 -5.3864
v  0.4460 0.5369 -5.3858
v  0.4269 0.6233 -5.3863
v  0.3895 0.7038 -5.3863
v  0.3373 0.7754 -5.3864
v  0.2719 0.8353 -5.3863
v  0.1961 0.8814 -5.3863
v  0.1124 0.9100 -5.3858
v  0.0252 0.9255 -5.3864
v  -0.0634 0.9217 -5.3863
v  -0.1496 0.9007 -5.3863
v  -0.2300 0.8633 -5.3863
v  -0.3016 0.8110 -5.3864
v  -0.3615 0.7457 -5.3863
v  -0.4076 0.6699 -5.3863
v  -0.4381 0.5866 -5.3863
v  -0.4518 0.4990 -5.3864
v  -0.4479 0.4104 -5.3863
v  -0.4269 0.3242 -5.3863
v  -0.3895 0.2438 -5.3863
v  -0.3373 0.1722 -5.3864
v  -0.2719 0.1122 -5.3863
v  -0.1961 0.0662 -5.3863
v  -0.1128 0.0357 -5.3863
v  -0.0252 0.0220 -5.2846
v  -0.0252 0.0220 -5.3046
v  -0.0263 0.0020 -5.2846
v  0.0634 0.0259 -5.2845
v  0.0662 0.0060 -5.2845
v  0.0634 0.0259 -5.3045
v  0.1496 0.0469 -5.2845
v  0.1562 0.0279 -5.2845
v  0.1496 0.0469 -5.3045
v  0.2300 0.0842 -5.2845
v  0.2402 0.0669 -5.2845
v  0.2300 0.0842 -5.3045
v  0.3016 0.1365 -5.2846
v  0.3150 0.1215 -5.2846
v  0.3016 0.1365 -5.3046
v  0.3615 0.2019 -5.2845
v  0.3776 0.1898 -5.2845
v  0.3615 0.2019 -5.3045
v  0.4076 0.2777 -5.2845
v  0.4257 0.2690 -5.2845
v  0.4076 0.2777 -5.3045
v  0.4381 0.3610 -5.2845
v  0.4575 0.3559 -5.2845
v  0.4381 0.3610 -5.3045
v  0.4518 0.4486 -5.2846
v  0.4719 0.4477 -5.2846
v  0.4518 0.4486 -5.3046
v  0.4460 0.5369 -5.2840
v  0.4659 0.5398 -5.2841
v  0.4460 0.5369 -5.3040
v  0.4269 0.6233 -5.2845
v  0.4460 0.6298 -5.2846
v  0.4269 0.6233 -5.3045
v  0.3895 0.7038 -5.2845
v  0.4069 0.7140 -5.2845
v  0.3895 0.7038 -5.3045
v  0.3373 0.7754 -5.2846
v  0.3522 0.7888 -5.2846
v  0.3373 0.7754 -5.3046
v  0.2719 0.8353 -5.2845
v  0.2839 0.8514 -5.2845
v  0.2719 0.8353 -5.3045
v  0.1961 0.8814 -5.2845
v  0.2046 0.8996 -5.2846
v  0.1961 0.8814 -5.3045
v  0.1124 0.9100 -5.2840
v  0.1174 0.9295 -5.2841
v  0.1124 0.9100 -5.3040
v  0.0252 0.9255 -5.2846
v  0.0265 0.9456 -5.2846
v  0.0252 0.9255 -5.3046
v  -0.0634 0.9217 -5.2845
v  -0.0662 0.9416 -5.2845
v  -0.0634 0.9217 -5.3045
v  -0.1496 0.9007 -5.2845
v  -0.1562 0.9196 -5.2845
v  -0.1496 0.9007 -5.3045
v  -0.2300 0.8633 -5.2845
v  -0.2402 0.8806 -5.2845
v  -0.2300 0.8633 -5.3045
v  -0.3016 0.8110 -5.2846
v  -0.3150 0.8260 -5.2846
v  -0.3016 0.8110 -5.3046
v  -0.3615 0.7457 -5.2845
v  -0.3776 0.7577 -5.2845
v  -0.3615 0.7457 -5.3045
v  -0.4076 0.6699 -5.2845
v  -0.4257 0.6786 -5.2845
v  -0.4076 0.6699 -5.3045
v  -0.4381 0.5866 -5.2845
v  -0.4575 0.5916 -5.2845
v  -0.4381 0.5866 -5.3045
v  -0.4518 0.4990 -5.2846
v  -0.4718 0.5001 -5.2846
v  -0.4518 0.4990 -5.3046
v  -0.4479 0.4104 -5.2845
v  -0.4678 0.4076 -5.2845
v  -0.4479 0.4104 -5.3045
v  -0.4269 0.3242 -5.2845
v  -0.4459 0.3176 -5.2845
v  -0.4269 0.3242 -5.3045
v  -0.3895 0.2438 -5.2845
v  -0.4069 0.2336 -5.2845
v  -0.3895 0.2438 -5.3045
v  -0.3373 0.1722 -5.2846
v  -0.3522 0.1588 -5.2846
v  -0.3373 0.1722 -5.3046
v  -0.2719 0.1122 -5.2845
v  -0.2839 0.0962 -5.2845
v  -0.2719 0.1122 -5.3045
v  -0.1961 0.0662 -5.2845
v  -0.2048 0.0481 -5.2845
v  -0.1961 0.0662 -5.3045
v  -0.1128 0.0357 -5.2845
v  -0.1178 0.0163 -5.2845
v  -0.1128 0.0357 -5.3045
v  -0.0000 0.4738 -5.1507
v  0.0004 0.6071 -5.0454
v  0.0004 0.7233 -5.0529
v  0.0004 0.8483 -5.0659
v  0.0004 0.9730 -5.0842
v  0.0004 1.0882 -5.1057
v  0.0004 1.2381 -5.1419
v  0.0004 1.2423 -5.1462
v  0.0004 1.2446 -5.1519
v  0.0004 1.2291 -5.1548
v  0.0004 1.2147 -5.1511
v  -0.0256 0.6046 -5.0454
v  -0.0483 0.7186 -5.0529
v  -0.0727 0.8412 -5.0659
v  -0.0970 0.9635 -5.0842
v  -0.1195 1.0765 -5.1057
v  -0.1487 1.2236 -5.1419
v  -0.1496 1.2276 -5.1462
v  -0.1500 1.2299 -5.1519
v  -0.1470 1.2147 -5.1548
v  -0.1442 1.2006 -5.1511
v  -0.0507 0.5971 -5.0454
v  -0.0952 0.7045 -5.0529
v  -0.1430 0.8200 -5.0659
v  -0.1907 0.9352 -5.0842
v  -0.2348 1.0416 -5.1057
v  -0.2922 1.1802 -5.1419
v  -0.2937 1.1840 -5.1462
v  -0.2946 1.1861 -5.1519
v  -0.2887 1.1718 -5.1548
v  -0.2832 1.1585 -5.1511
v  -0.0737 0.5849 -5.0454
v  -0.1384 0.6816 -5.0529
v  -0.2078 0.7855 -5.0659
v  -0.2771 0.8892 -5.0842
v  -0.3411 0.9849 -5.1057
v  -0.4244 1.1096 -5.1419
v  -0.4267 1.1131 -5.1462
v  -0.4279 1.1150 -5.1519
v  -0.4193 1.1021 -5.1548
v  -0.4113 1.0901 -5.1511
v  -0.0940 0.5684 -5.0454
v  -0.1762 0.6506 -5.0529
v  -0.2646 0.7390 -5.0659
v  -0.3528 0.8272 -5.0842
v  -0.4342 0.9086 -5.1057
v  -0.5403 1.0146 -5.1419
v  -0.5432 1.0176 -5.1462
v  -0.5448 1.0192 -5.1519
v  -0.5339 1.0082 -5.1548
v  -0.5237 0.9981 -5.1511
v  -0.1107 0.5483 -5.0454
v  -0.2073 0.6129 -5.0529
v  -0.3113 0.6823 -5.0659
v  -0.4149 0.7516 -5.0842
v  -0.5107 0.8156 -5.1057
v  -0.6354 0.8989 -5.1419
v  -0.6388 0.9012 -5.1462
v  -0.6407 0.9025 -5.1519
v  -0.6279 0.8938 -5.1548
v  -0.6159 0.8859 -5.1511
v  -0.1231 0.5253 -5.0454
v  -0.2305 0.5698 -5.0529
v  -0.3460 0.6176 -5.0659
v  -0.4612 0.6653 -5.0842
v  -0.5676 0.7094 -5.1057
v  -0.7061 0.7668 -5.1419
v  -0.7099 0.7684 -5.1462
v  -0.7121 0.7692 -5.1519
v  -0.6978 0.7633 -5.1548
v  -0.6845 0.7578 -5.1511
v  -0.1308 0.5003 -5.0454
v  -0.2448 0.5230 -5.0529
v  -0.3674 0.5474 -5.0659
v  -0.4897 0.5717 -5.0842
v  -0.6026 0.5942 -5.1057
v  -0.7497 0.6234 -5.1419
v  -0.7538 0.6242 -5.1462
v  -0.7560 0.6247 -5.1519
v  -0.7408 0.6217 -5.1548
v  -0.7267 0.6188 -5.1511
v  -0.1334 0.4743 -5.0454
v  -0.2497 0.4743 -5.0529
v  -0.3747 0.4743 -5.0659
v  -0.4994 0.4743 -5.0842
v  -0.6145 0.4743 -5.1057
v  -0.7645 0.4743 -5.1419
v  -0.7686 0.4743 -5.1462
v  -0.7709 0.4743 -5.1519
v  -0.7555 0.4743 -5.1548
v  -0.7411 0.4743 -5.1511
v  -0.1310 0.4483 -5.0454
v  -0.2450 0.4256 -5.0529
v  -0.3676 0.4012 -5.0659
v  -0.4899 0.3769 -5.0842
v  -0.6028 0.3544 -5.1057
v  -0.7499 0.3252 -5.1419
v  -0.7540 0.3244 -5.1462
v  -0.7562 0.3239 -5.1519
v  -0.7410 0.3269 -5.1548
v  -0.7269 0.3298 -5.1511
v  -0.1235 0.4233 -5.0454
v  -0.2309 0.3788 -5.0529
v  -0.3464 0.3309 -5.0659
v  -0.4616 0.2832 -5.0842
v  -0.5680 0.2391 -5.1057
v  -0.7065 0.1818 -5.1419
v  -0.7103 0.1802 -5.1462
v  -0.7125 0.1793 -5.1519
v  -0.6982 0.1852 -5.1548
v  -0.6849 0.1907 -5.1511
v  -0.1112 0.4002 -5.0454
v  -0.2079 0.3356 -5.0529
v  -0.3119 0.2661 -5.0659
v  -0.4155 0.1969 -5.0842
v  -0.5113 0.1329 -5.1057
v  -0.6360 0.0496 -5.1419
v  -0.6394 0.0473 -5.1462
v  -0.6413 0.0460 -5.1519
v  -0.6285 0.0546 -5.1548
v  -0.6165 0.0626 -5.1511
v  -0.0947 0.3799 -5.0454
v  -0.1770 0.2977 -5.0529
v  -0.2654 0.2093 -5.0659
v  -0.3535 0.1211 -5.0842
v  -0.4350 0.0397 -5.1057
v  -0.5410 -0.0663 -5.1419
v  -0.5439 -0.0693 -5.1462
v  -0.5455 -0.0709 -5.1519
v  -0.5346 -0.0599 -5.1548
v  -0.5244 -0.0498 -5.1511
v  -0.0746 0.3633 -5.0454
v  -0.1392 0.2666 -5.0529
v  -0.2087 0.1627 -5.0659
v  -0.2779 0.0590 -5.0842
v  -0.3419 -0.0368 -5.1057
v  -0.4252 -0.1615 -5.1419
v  -0.4275 -0.1649 -5.1462
v  -0.4288 -0.1668 -5.1519
v  -0.4202 -0.1539 -5.1548
v  -0.4122 -0.1420 -5.1511
v  -0.0516 0.3509 -5.0454
v  -0.0961 0.2434 -5.0529
v  -0.1440 0.1280 -5.0659
v  -0.1917 0.0128 -5.0842
v  -0.2357 -0.0936 -5.1057
v  -0.2931 -0.2322 -5.1419
v  -0.2947 -0.2360 -5.1462
v  -0.2956 -0.2381 -5.1519
v  -0.2897 -0.2238 -5.1548
v  -0.2842 -0.2105 -5.1511
v  -0.0267 0.3432 -5.0454
v  -0.0493 0.2291 -5.0529
v  -0.0737 0.1065 -5.0659
v  -0.0981 -0.0158 -5.0842
v  -0.1205 -0.1287 -5.1057
v  -0.1498 -0.2758 -5.1419
v  -0.1506 -0.2798 -5.1462
v  -0.1510 -0.2821 -5.1519
v  -0.1480 -0.2669 -5.1548
v  -0.1452 -0.2528 -5.1511
v  -0.0007 0.3405 -5.0454
v  -0.0007 0.2242 -5.0529
v  -0.0007 0.0992 -5.0659
v  -0.0007 -0.0254 -5.0842
v  -0.0007 -0.1406 -5.1057
v  -0.0007 -0.2906 -5.1419
v  -0.0007 -0.2947 -5.1462
v  -0.0007 -0.2970 -5.1519
v  -0.0007 -0.2815 -5.1548
v  -0.0007 -0.2671 -5.1511
v  0.0253 0.3430 -5.0454
v  0.0480 0.2289 -5.0529
v  0.0724 0.1063 -5.0659
v  0.0967 -0.0160 -5.0842
v  0.1192 -0.1289 -5.1057
v  0.1485 -0.2760 -5.1419
v  0.1493 -0.2800 -5.1462
v  0.1497 -0.2823 -5.1519
v  0.1467 -0.2671 -5.1548
v  0.1439 -0.2530 -5.1511
v  0.0504 0.3505 -5.0454
v  0.0949 0.2430 -5.0529
v  0.1427 0.1276 -5.0659
v  0.1904 0.0124 -5.0842
v  0.2345 -0.0940 -5.1057
v  0.2919 -0.2326 -5.1419
v  0.2935 -0.2364 -5.1462
v  0.2943 -0.2385 -5.1519
v  0.2884 -0.2242 -5.1548
v  0.2829 -0.2109 -5.1511
v  0.0735 0.3627 -5.0454
v  0.1381 0.2660 -5.0529
v  0.2075 0.1621 -5.0659
v  0.2768 0.0584 -5.0842
v  0.3408 -0.0374 -5.1057
v  0.4241 -0.1620 -5.1419
v  0.4264 -0.1655 -5.1462
v  0.4277 -0.1674 -5.1519
v  0.4191 -0.1545 -5.1548
v  0.4111 -0.1426 -5.1511
v  0.0937 0.3792 -5.0454
v  0.1759 0.2970 -5.0529
v  0.2643 0.2086 -5.0659
v  0.3525 0.1204 -5.0842
v  0.4339 0.0390 -5.1057
v  0.5400 -0.0671 -5.1419
v  0.5429 -0.0700 -5.1462
v  0.5445 -0.0716 -5.1519
v  0.5336 -0.0607 -5.1548
v  0.5234 -0.0505 -5.1511
v  0.1104 0.3993 -5.0454
v  0.2071 0.3347 -5.0529
v  0.3110 0.2653 -5.0659
v  0.4147 0.1960 -5.0842
v  0.5104 0.1320 -5.1057
v  0.6351 0.0487 -5.1419
v  0.6385 0.0464 -5.1462
v  0.6405 0.0451 -5.1519
v  0.6276 0.0537 -5.1548
v  0.6156 0.0617 -5.1511
v  0.1228 0.4223 -5.0454
v  0.2302 0.3778 -5.0529
v  0.3457 0.3300 -5.0659
v  0.4609 0.2823 -5.0842
v  0.5673 0.2382 -5.1057
v  0.7058 0.1808 -5.1419
v  0.7097 0.1792 -5.1462
v  0.7118 0.1783 -5.1519
v  0.6975 0.1843 -5.1548
v  0.6842 0.1898 -5.1511
v  0.1305 0.4473 -5.0454
v  0.2445 0.4246 -5.0529
v  0.3671 0.4002 -5.0659
v  0.4894 0.3759 -5.0842
v  0.6023 0.3534 -5.1057
v  0.7494 0.3242 -5.1419
v  0.7535 0.3233 -5.1462
v  0.7557 0.3229 -5.1519
v  0.7406 0.3259 -5.1548
v  0.7264 0.3287 -5.1511
v  0.1331 0.4733 -5.0454
v  0.2494 0.4733 -5.0529
v  0.3744 0.4733 -5.0659
v  0.4991 0.4733 -5.0842
v  0.6143 0.4733 -5.1057
v  0.7642 0.4733 -5.1419
v  0.7684 0.4733 -5.1462
v  0.7707 0.4733 -5.1519
v  0.7552 0.4733 -5.1548
v  0.7408 0.4733 -5.1511
v  0.1307 0.4993 -5.0454
v  0.2447 0.5220 -5.0529
v  0.3673 0.5463 -5.0659
v  0.4896 0.5707 -5.0842
v  0.6026 0.5931 -5.1057
v  0.7496 0.6224 -5.1419
v  0.7537 0.6232 -5.1462
v  0.7559 0.6236 -5.1519
v  0.7408 0.6206 -5.1548
v  0.7266 0.6178 -5.1511
v  0.1232 0.5243 -5.0454
v  0.2306 0.5688 -5.0529
v  0.3461 0.6166 -5.0659
v  0.4613 0.6644 -5.0842
v  0.5677 0.7084 -5.1057
v  0.7062 0.7658 -5.1419
v  0.7101 0.7674 -5.1462
v  0.7122 0.7683 -5.1519
v  0.6979 0.7623 -5.1548
v  0.6846 0.7568 -5.1511
v  0.1110 0.5474 -5.0454
v  0.2076 0.6120 -5.0529
v  0.3116 0.6814 -5.0659
v  0.4152 0.7507 -5.0842
v  0.5110 0.8147 -5.1057
v  0.6357 0.8980 -5.1419
v  0.6391 0.9003 -5.1462
v  0.6410 0.9016 -5.1519
v  0.6282 0.8930 -5.1548
v  0.6162 0.8850 -5.1511
v  0.0945 0.5677 -5.0454
v  0.1767 0.6499 -5.0529
v  0.2651 0.7383 -5.0659
v  0.3532 0.8264 -5.0842
v  0.4347 0.9079 -5.1057
v  0.5407 1.0139 -5.1419
v  0.5436 1.0168 -5.1462
v  0.5453 1.0185 -5.1519
v  0.5343 1.0075 -5.1548
v  0.5241 0.9973 -5.1511
v  0.0743 0.5843 -5.0454
v  0.1389 0.6810 -5.0529
v  0.2084 0.7849 -5.0659
v  0.2777 0.8886 -5.0842
v  0.3416 0.9843 -5.1057
v  0.4249 1.1090 -5.1419
v  0.4272 1.1125 -5.1462
v  0.4285 1.1144 -5.1519
v  0.4199 1.1015 -5.1548
v  0.4119 1.0895 -5.1511
v  0.0513 0.5967 -5.0454
v  0.0958 0.7041 -5.0529
v  0.1437 0.8196 -5.0659
v  0.1914 0.9348 -5.0842
v  0.2355 1.0412 -5.1057
v  0.2928 1.1798 -5.1419
v  0.2944 1.1836 -5.1462
v  0.2953 1.1857 -5.1519
v  0.2894 1.1714 -5.1548
v  0.2839 1.1581 -5.1511
v  -0.0001 0.4738 -5.0424
v  0.0264 0.6044 -5.0454
v  0.0491 0.7184 -5.0529
v  0.0734 0.8410 -5.0659
v  0.0978 0.9633 -5.0842
v  0.1202 1.0763 -5.1057
v  0.1495 1.2234 -5.1419
v  0.1503 1.2274 -5.1462
v  0.1507 1.2297 -5.1519
v  0.1477 1.2145 -5.1548
v  0.1449 1.2004 -5.1511
v  0.0004 1.2331 -5.1395
v  0.0004 1.2252 -5.1377
v  -0.1478 1.2186 -5.1395
v  -0.1462 1.2109 -5.1377
v  0.0004 1.2446 -5.1578
v  0.0004 1.2430 -5.1656
v  -0.1500 1.2298 -5.1578
v  -0.1497 1.2284 -5.1656
v  -0.2902 1.1755 -5.1395
v  -0.2872 1.1682 -5.1377
v  -0.2946 1.1861 -5.1578
v  -0.2940 1.1847 -5.1656
v  -0.4215 1.1054 -5.1395
v  -0.4172 1.0989 -5.1377
v  -0.4279 1.1149 -5.1578
v  -0.4271 1.1137 -5.1656
v  -0.5367 1.0110 -5.1395
v  -0.5311 1.0055 -5.1377
v  -0.5448 1.0192 -5.1578
v  -0.5437 1.0181 -5.1656
v  -0.6312 0.8961 -5.1395
v  -0.6247 0.8917 -5.1377
v  -0.6407 0.9024 -5.1578
v  -0.6395 0.9016 -5.1656
v  -0.7014 0.7648 -5.1395
v  -0.6942 0.7618 -5.1377
v  -0.7120 0.7692 -5.1578
v  -0.7106 0.7686 -5.1656
v  -0.7447 0.6224 -5.1395
v  -0.7371 0.6209 -5.1377
v  -0.7560 0.6247 -5.1578
v  -0.7545 0.6244 -5.1656
v  -0.7594 0.4743 -5.1395
v  -0.7516 0.4743 -5.1377
v  -0.7709 0.4743 -5.1578
v  -0.7694 0.4743 -5.1656
v  -0.7449 0.3262 -5.1395
v  -0.7373 0.3277 -5.1377
v  -0.7562 0.3239 -5.1578
v  -0.7547 0.3242 -5.1656
v  -0.7018 0.1837 -5.1395
v  -0.6946 0.1867 -5.1377
v  -0.7124 0.1793 -5.1578
v  -0.7110 0.1799 -5.1656
v  -0.6317 0.0524 -5.1395
v  -0.6252 0.0567 -5.1377
v  -0.6413 0.0460 -5.1578
v  -0.6400 0.0468 -5.1656
v  -0.5374 -0.0627 -5.1395
v  -0.5319 -0.0572 -5.1377
v  -0.5455 -0.0709 -5.1578
v  -0.5445 -0.0698 -5.1656
v  -0.4224 -0.1572 -5.1395
v  -0.4181 -0.1507 -5.1377
v  -0.4288 -0.1668 -5.1578
v  -0.4280 -0.1655 -5.1656
v  -0.2912 -0.2275 -5.1395
v  -0.2882 -0.2203 -5.1377
v  -0.2956 -0.2381 -5.1578
v  -0.2950 -0.2367 -5.1656
v  -0.1488 -0.2708 -5.1395
v  -0.1473 -0.2631 -5.1377
v  -0.1510 -0.2821 -5.1578
v  -0.1507 -0.2806 -5.1656
v  -0.0007 -0.2855 -5.1395
v  -0.0007 -0.2777 -5.1377
v  -0.0007 -0.2970 -5.1578
v  -0.0007 -0.2955 -5.1656
v  0.1475 -0.2710 -5.1395
v  0.1460 -0.2633 -5.1377
v  0.1497 -0.2823 -5.1578
v  0.1494 -0.2808 -5.1656
v  0.2899 -0.2279 -5.1395
v  0.2869 -0.2207 -5.1377
v  0.2943 -0.2385 -5.1578
v  0.2938 -0.2371 -5.1656
v  0.4213 -0.1578 -5.1395
v  0.4169 -0.1513 -5.1377
v  0.4276 -0.1674 -5.1578
v  0.4268 -0.1661 -5.1656
v  0.5364 -0.0635 -5.1395
v  0.5308 -0.0579 -5.1377
v  0.5445 -0.0716 -5.1578
v  0.5434 -0.0705 -5.1656
v  0.6309 0.0515 -5.1395
v  0.6244 0.0559 -5.1377
v  0.6404 0.0451 -5.1578
v  0.6392 0.0460 -5.1656
v  0.7011 0.1827 -5.1395
v  0.6939 0.1857 -5.1377
v  0.7118 0.1783 -5.1578
v  0.7104 0.1789 -5.1656
v  0.7444 0.3251 -5.1395
v  0.7368 0.3267 -5.1377
v  0.7557 0.3229 -5.1578
v  0.7542 0.3232 -5.1656
v  0.7591 0.4733 -5.1395
v  0.7513 0.4733 -5.1377
v  0.7706 0.4733 -5.1578
v  0.7691 0.4733 -5.1656
v  0.7446 0.6214 -5.1395
v  0.7370 0.6199 -5.1377
v  0.7559 0.6236 -5.1578
v  0.7544 0.6233 -5.1656
v  0.7015 0.7639 -5.1395
v  0.6943 0.7609 -5.1377
v  0.7122 0.7683 -5.1578
v  0.7108 0.7677 -5.1656
v  0.6315 0.8952 -5.1395
v  0.6250 0.8908 -5.1377
v  0.6410 0.9016 -5.1578
v  0.6398 0.9007 -5.1656
v  0.5371 1.0103 -5.1395
v  0.5316 1.0048 -5.1377
v  0.5452 1.0184 -5.1578
v  0.5442 1.0174 -5.1656
v  0.4221 1.1048 -5.1395
v  0.4178 1.0983 -5.1377
v  0.4285 1.1144 -5.1578
v  0.4277 1.1131 -5.1656
v  0.2909 1.1751 -5.1395
v  0.2879 1.1678 -5.1377
v  0.2953 1.1857 -5.1578
v  0.2947 1.1843 -5.1656
v  0.1485 1.2184 -5.1395
v  0.1470 1.2107 -5.1377
v  0.1507 1.2296 -5.1578
v  0.1504 1.2282 -5.1656
v  -0.0001 0.4738 -5.1511
v  0.0004 1.2301 -5.2326
v  0.0004 1.2223 -5.2311
v  0.0004 1.2316 -5.2247
v  -0.1472 1.2156 -5.2326
v  -0.1475 1.2171 -5.2247
v  0.0004 1.2146 -5.2296
v  0.0004 1.2161 -5.2217
v  -0.1442 1.2005 -5.2296
v  -0.1457 1.2080 -5.2311
v  -0.1445 1.2020 -5.2217
v  -0.2891 1.1727 -5.2326
v  -0.2897 1.1741 -5.2247
v  -0.2832 1.1584 -5.2296
v  -0.2861 1.1655 -5.2311
v  -0.2837 1.1598 -5.2217
v  -0.4199 1.1029 -5.2326
v  -0.4207 1.1042 -5.2247
v  -0.4113 1.0900 -5.2296
v  -0.4156 1.0965 -5.2311
v  -0.4121 1.0913 -5.2217
v  -0.5345 1.0089 -5.2326
v  -0.5356 1.0100 -5.2247
v  -0.5236 0.9980 -5.2296
v  -0.5291 1.0035 -5.2311
v  -0.5247 0.9991 -5.2217
v  -0.6287 0.8944 -5.2326
v  -0.6299 0.8952 -5.2247
v  -0.6158 0.8858 -5.2296
v  -0.6222 0.8901 -5.2311
v  -0.6171 0.8866 -5.2217
v  -0.6987 0.7637 -5.2326
v  -0.7001 0.7643 -5.2247
v  -0.6844 0.7578 -5.2296
v  -0.6915 0.7607 -5.2311
v  -0.6858 0.7583 -5.2217
v  -0.7418 0.6218 -5.2326
v  -0.7433 0.6221 -5.2247
v  -0.7266 0.6188 -5.2296
v  -0.7342 0.6203 -5.2311
v  -0.7281 0.6191 -5.2217
v  -0.7564 0.4743 -5.2326
v  -0.7579 0.4743 -5.2247
v  -0.7410 0.4743 -5.2296
v  -0.7487 0.4743 -5.2311
v  -0.7425 0.4743 -5.2217
v  -0.7420 0.3268 -5.2326
v  -0.7435 0.3265 -5.2247
v  -0.7268 0.3298 -5.2296
v  -0.7344 0.3283 -5.2311
v  -0.7283 0.3295 -5.2217
v  -0.6991 0.1849 -5.2326
v  -0.7005 0.1843 -5.2247
v  -0.6848 0.1908 -5.2296
v  -0.6919 0.1878 -5.2311
v  -0.6862 0.1902 -5.2217
v  -0.6293 0.0541 -5.2326
v  -0.6305 0.0532 -5.2247
v  -0.6164 0.0626 -5.2296
v  -0.6228 0.0584 -5.2311
v  -0.6177 0.0618 -5.2217
v  -0.5353 -0.0606 -5.2326
v  -0.5364 -0.0617 -5.2247
v  -0.5243 -0.0497 -5.2296
v  -0.5298 -0.0551 -5.2311
v  -0.5254 -0.0508 -5.2217
v  -0.4207 -0.1547 -5.2326
v  -0.4216 -0.1560 -5.2247
v  -0.4122 -0.1419 -5.2296
v  -0.4164 -0.1483 -5.2311
v  -0.4130 -0.1432 -5.2217
v  -0.2900 -0.2247 -5.2326
v  -0.2906 -0.2261 -5.2247
v  -0.2841 -0.2104 -5.2296
v  -0.2871 -0.2176 -5.2311
v  -0.2847 -0.2118 -5.2217
v  -0.1482 -0.2679 -5.2326
v  -0.1485 -0.2693 -5.2247
v  -0.1452 -0.2527 -5.2296
v  -0.1467 -0.2603 -5.2311
v  -0.1455 -0.2542 -5.2217
v  -0.0007 -0.2825 -5.2326
v  -0.0007 -0.2840 -5.2247
v  -0.0007 -0.2670 -5.2296
v  -0.0007 -0.2748 -5.2311
v  -0.0007 -0.2686 -5.2217
v  0.1469 -0.2681 -5.2326
v  0.1472 -0.2696 -5.2247
v  0.1439 -0.2529 -5.2296
v  0.1454 -0.2605 -5.2311
v  0.1442 -0.2544 -5.2217
v  0.2888 -0.2251 -5.2326
v  0.2894 -0.2265 -5.2247
v  0.2829 -0.2108 -5.2296
v  0.2858 -0.2180 -5.2311
v  0.2835 -0.2122 -5.2217
v  0.4196 -0.1553 -5.2326
v  0.4204 -0.1566 -5.2247
v  0.4110 -0.1425 -5.2296
v  0.4153 -0.1489 -5.2311
v  0.4118 -0.1437 -5.2217
v  0.5343 -0.0614 -5.2326
v  0.5353 -0.0624 -5.2247
v  0.5233 -0.0504 -5.2296
v  0.5288 -0.0559 -5.2311
v  0.5244 -0.0515 -5.2217
v  0.6284 0.0532 -5.2326
v  0.6297 0.0523 -5.2247
v  0.6155 0.0618 -5.2296
v  0.6220 0.0575 -5.2311
v  0.6168 0.0609 -5.2217
v  0.6984 0.1839 -5.2326
v  0.6998 0.1833 -5.2247
v  0.6841 0.1898 -5.2296
v  0.6912 0.1868 -5.2311
v  0.6855 0.1892 -5.2217
v  0.7415 0.3257 -5.2326
v  0.7430 0.3254 -5.2247
v  0.7263 0.3287 -5.2296
v  0.7339 0.3272 -5.2311
v  0.7278 0.3284 -5.2217
v  0.7561 0.4733 -5.2326
v  0.7577 0.4733 -5.2247
v  0.7407 0.4733 -5.2296
v  0.7484 0.4733 -5.2311
v  0.7422 0.4733 -5.2217
v  0.7417 0.6208 -5.2326
v  0.7432 0.6211 -5.2247
v  0.7265 0.6178 -5.2296
v  0.7341 0.6193 -5.2311
v  0.7280 0.6181 -5.2217
v  0.6988 0.7627 -5.2326
v  0.7002 0.7633 -5.2247
v  0.6845 0.7568 -5.2296
v  0.6916 0.7598 -5.2311
v  0.6859 0.7574 -5.2217
v  0.6290 0.8935 -5.2326
v  0.6302 0.8944 -5.2247
v  0.6161 0.8849 -5.2296
v  0.6225 0.8892 -5.2311
v  0.6174 0.8858 -5.2217
v  0.5350 1.0082 -5.2326
v  0.5361 1.0093 -5.2247
v  0.5241 0.9973 -5.2296
v  0.5295 1.0027 -5.2311
v  0.5251 0.9983 -5.2217
v  0.4205 1.1023 -5.2326
v  0.4213 1.1036 -5.2247
v  0.4119 1.0895 -5.2296
v  0.4162 1.0959 -5.2311
v  0.4127 1.0907 -5.2217
v  0.2898 1.1723 -5.2326
v  0.2903 1.1737 -5.2247
v  0.2838 1.1580 -5.2296
v  0.2868 1.1651 -5.2311
v  0.2844 1.1594 -5.2217
v  0.1479 1.2154 -5.2326
v  0.1482 1.2169 -5.2247
v  0.1449 1.2003 -5.2296
v  0.1464 1.2078 -5.2311
v  0.1452 1.2018 -5.2217
v  0.0000 0.4738 -5.7221
v  0.0000 1.0791 -5.7221
v  0.0000 1.0590 -5.7221
v  0.0000 1.0791 -5.7421
v  -0.1181 1.0675 -5.7221
v  -0.1181 1.0675 -5.7421
v  -0.1142 1.0478 -5.7221
v  -0.2316 1.0330 -5.7221
v  -0.2316 1.0330 -5.7421
v  -0.2240 1.0145 -5.7221
v  -0.3363 0.9771 -5.7221
v  -0.3363 0.9771 -5.7421
v  -0.3251 0.9604 -5.7221
v  -0.4280 0.9018 -5.7221
v  -0.4280 0.9018 -5.7421
v  -0.4138 0.8876 -5.7221
v  -0.5033 0.8101 -5.7221
v  -0.5033 0.8101 -5.7421
v  -0.4866 0.7989 -5.7221
v  -0.5592 0.7054 -5.7221
v  -0.5592 0.7054 -5.7421
v  -0.5407 0.6977 -5.7221
v  -0.5937 0.5919 -5.7221
v  -0.5937 0.5919 -5.7421
v  -0.5740 0.5880 -5.7221
v  -0.6053 0.4738 -5.7221
v  -0.6053 0.4738 -5.7421
v  -0.5852 0.4738 -5.7221
v  -0.5937 0.3557 -5.7221
v  -0.5937 0.3557 -5.7421
v  -0.5740 0.3596 -5.7221
v  -0.5592 0.2421 -5.7221
v  -0.5592 0.2421 -5.7421
v  -0.5407 0.2498 -5.7221
v  -0.5033 0.1375 -5.7221
v  -0.5033 0.1375 -5.7421
v  -0.4866 0.1487 -5.7221
v  -0.4280 0.0458 -5.7221
v  -0.4280 0.0458 -5.7421
v  -0.4138 0.0600 -5.7221
v  -0.3363 -0.0295 -5.7221
v  -0.3363 -0.0295 -5.7421
v  -0.3251 -0.0128 -5.7221
v  -0.2316 -0.0855 -5.7221
v  -0.2316 -0.0855 -5.7421
v  -0.2240 -0.0669 -5.7221
v  -0.1181 -0.1199 -5.7221
v  -0.1181 -0.1199 -5.7421
v  -0.1142 -0.1002 -5.7221
v  0.0000 -0.1315 -5.7221
v  0.0000 -0.1315 -5.7421
v  0.0000 -0.1114 -5.7221
v  0.1181 -0.1199 -5.7221
v  0.1181 -0.1199 -5.7421
v  0.1142 -0.1002 -5.7221
v  0.2316 -0.0855 -5.7221
v  0.2316 -0.0855 -5.7421
v  0.2240 -0.0669 -5.7221
v  0.3363 -0.0295 -5.7221
v  0.3363 -0.0295 -5.7421
v  0.3251 -0.0128 -5.7221
v  0.4280 0.0458 -5.7221
v  0.4280 0.0458 -5.7421
v  0.4138 0.0600 -5.7221
v  0.5033 0.1375 -5.7221
v  0.5033 0.1375 -5.7421
v  0.4866 0.1487 -5.7221
v  0.5592 0.2421 -5.7221
v  0.5592 0.2421 -5.7421
v  0.5407 0.2498 -5.7221
v  0.5937 0.3557 -5.7221
v  0.5937 0.3557 -5.7421
v  0.5740 0.3596 -5.7221
v  0.6053 0.4738 -5.7221
v  0.6053 0.4738 -5.7421
v  0.5852 0.4738 -5.7221
v  0.5937 0.5919 -5.7221
v  0.5937 0.5919 -5.7421
v  0.5740 0.5880 -5.7221
v  0.5592 0.7054 -5.7221
v  0.5592 0.7054 -5.7421
v  0.5407 0.6977 -5.7221
v  0.5033 0.8101 -5.7221
v  0.5033 0.8101 -5.7421
v  0.4866 0.7989 -5.7221
v  0.4280 0.9018 -5.7221
v  0.4280 0.9018 -5.7421
v  0.4138 0.8876 -5.7221
v  0.3363 0.9771 -5.7221
v  0.3363 0.9771 -5.7421
v  0.3251 0.9604 -5.7221
v  0.2316 1.0330 -5.7221
v  0.2316 1.0330 -5.7421
v  0.2240 1.0145 -5.7221
v  0.1181 1.0675 -5.7221
v  0.1181 1.0675 -5.7421
v  0.1142 1.0478 -5.7221
v  0.0000 0.4738 -5.5138
v  -0.1423 1.1893 -5.5138
v  -0.1384 1.1696 -5.5138
v  -0.1437 1.1943 -5.4945
v  0.0000 1.2033 -5.5138
v  -0.0004 1.2085 -5.4945
v  0.0000 1.1832 -5.5138
v  -0.2792 1.1478 -5.5138
v  -0.2715 1.1292 -5.5138
v  -0.2815 1.1524 -5.4945
v  -0.4053 1.0804 -5.5138
v  -0.3942 1.0637 -5.5138
v  -0.4085 1.0845 -5.4945
v  -0.5159 0.9897 -5.5138
v  -0.5017 0.9754 -5.5138
v  -0.5198 0.9930 -5.4945
v  -0.6066 0.8791 -5.5138
v  -0.5899 0.8679 -5.5138
v  -0.6111 0.8817 -5.4945
v  -0.6740 0.7530 -5.5138
v  -0.6555 0.7453 -5.5138
v  -0.6790 0.7546 -5.4945
v  -0.7155 0.6161 -5.5138
v  -0.6958 0.6122 -5.5138
v  -0.7207 0.6167 -5.4945
v  -0.7296 0.4738 -5.5138
v  -0.7095 0.4738 -5.5138
v  -0.7347 0.4734 -5.4945
v  -0.7155 0.3315 -5.5138
v  -0.6958 0.3354 -5.5138
v  -0.7205 0.3301 -5.4945
v  -0.6740 0.1946 -5.5138
v  -0.6555 0.2023 -5.5138
v  -0.6787 0.1923 -5.4945
v  -0.6066 0.0685 -5.5138
v  -0.5899 0.0796 -5.5138
v  -0.6107 0.0653 -5.4945
v  -0.5159 -0.0421 -5.5138
v  -0.5017 -0.0279 -5.5138
v  -0.5193 -0.0460 -5.4945
v  -0.4053 -0.1328 -5.5138
v  -0.3942 -0.1161 -5.5138
v  -0.4079 -0.1373 -5.4945
v  -0.2792 -0.2002 -5.5138
v  -0.2715 -0.1817 -5.5138
v  -0.2808 -0.2052 -5.4945
v  -0.1423 -0.2418 -5.5138
v  -0.1384 -0.2220 -5.5138
v  -0.1430 -0.2469 -5.4945
v  0.0000 -0.2558 -5.5138
v  0.0000 -0.2357 -5.5138
v  0.0004 -0.2609 -5.4945
v  0.1423 -0.2418 -5.5138
v  0.1384 -0.2220 -5.5138
v  0.1437 -0.2468 -5.4945
v  0.2792 -0.2002 -5.5138
v  0.2715 -0.1817 -5.5138
v  0.2815 -0.2049 -5.4945
v  0.4053 -0.1328 -5.5138
v  0.3942 -0.1161 -5.5138
v  0.4085 -0.1369 -5.4945
v  0.5159 -0.0421 -5.5138
v  0.5017 -0.0279 -5.5138
v  0.5198 -0.0455 -5.4945
v  0.6066 0.0685 -5.5138
v  0.5899 0.0796 -5.5138
v  0.6111 0.0659 -5.4945
v  0.6740 0.1946 -5.5138
v  0.6555 0.2023 -5.5138
v  0.6790 0.1930 -5.4945
v  0.7155 0.3315 -5.5138
v  0.6958 0.3354 -5.5138
v  0.7207 0.3308 -5.4945
v  0.7296 0.4738 -5.5138
v  0.7095 0.4738 -5.5138
v  0.7347 0.4742 -5.4945
v  0.7155 0.6161 -5.5138
v  0.6958 0.6122 -5.5138
v  0.7205 0.6175 -5.4945
v  0.6740 0.7530 -5.5138
v  0.6555 0.7453 -5.5138
v  0.6787 0.7553 -5.4945
v  0.6066 0.8791 -5.5138
v  0.5899 0.8679 -5.5138
v  0.6107 0.8823 -5.4945
v  0.5159 0.9897 -5.5138
v  0.5017 0.9754 -5.5138
v  0.5193 0.9936 -5.4945
v  0.4053 1.0804 -5.5138
v  0.3942 1.0637 -5.5138
v  0.4079 1.0849 -5.4945
v  0.2792 1.1478 -5.5138
v  0.2715 1.1292 -5.5138
v  0.2808 1.1527 -5.4945
v  0.1423 1.1893 -5.5138
v  0.1384 1.1696 -5.5138
v  0.1430 1.1945 -5.4945
v  0.0000 2.5751 -5.4518
v  -0.0000 -1.0353 -6.6473
v  0.0000 1.7885 -7.0214
v  0.0000 1.8147 -6.9875
v  -0.0000 -6.9371 -0.0512
v  -0.0000 -6.8713 0.0000
v  0.0000 1.8314 -6.9105
v  0.0000 2.2133 -5.3906
v  -0.0000 -0.8812 -6.9404
v  -0.0000 -0.8888 -6.8536
v  0.0000 1.3485 -6.9845
v  0.0000 1.8246 -5.0632
v  0.0000 6.5040 -4.8090
v  0.0000 1.6741 -7.0545
v  0.0000 1.4189 -7.0545
v  0.0000 1.3485 -7.0545
v  0.0000 7.3210 -0.2636
v  0.0000 7.9506 -0.4431
v  0.0000 7.7262 -0.6091
v  -0.0000 -0.5909 -5.2448
v  -0.0000 -1.0179 -5.0468
v  -0.0000 -0.4012 -6.9845
v  0.0000 1.7383 -5.0925
v  -0.0000 -0.8772 -5.0632
v  0.0000 1.9153 -5.0494
v  0.0000 6.8376 -4.5944
v  0.0000 6.8882 -4.3817
v  -0.0000 -7.8117 -0.6370
v  0.0000 7.2593 -4.7289
v  0.0000 7.0421 -5.0348
v  0.0000 7.1306 -4.9438
v  0.0000 7.2028 -4.8402
v  0.0000 1.9465 -5.5946
v  0.0000 2.0260 -5.4228
v  -0.0000 -0.8862 -6.8835
v  0.0000 1.7042 -7.0545
v  0.0000 1.7525 -7.0446
v  -0.0000 -1.5977 -6.6032
v  -0.0000 -0.4716 -7.0545
v  -0.0000 -0.4012 -7.0545
v  -0.0000 -6.4035 -0.7678
v  -0.0000 -6.3836 -0.7657
v  -0.0000 -7.3463 0.0000
v  -0.0000 -7.1673 -0.0579
v  -0.0000 -6.8947 -0.0234
v  0.0000 7.7403 -0.5630
v  -0.0000 -7.9066 -0.5032
v  0.0000 7.8420 -0.0231
v  0.0000 7.9079 -0.0579
v  0.0000 7.9307 -0.0600
v  0.0000 7.9702 -0.0680
v  0.0000 7.8908 -0.5000
v  0.0000 7.9313 -0.4840
v  0.0000 1.5879 -5.1952
v  -0.0000 -6.7824 -5.8493
v  0.0000 7.8477 -0.5000
v  0.0000 1.3486 -5.4345
v  0.0000 1.3769 -5.4062
v  0.0000 6.5271 -5.2484
v  -0.0000 -5.9404 -4.3817
v  -0.0000 -5.7011 -4.7729
v  0.6007 6.6187 -4.7730
v  0.6128 6.7272 -4.6993
v  0.2075 1.5175 -5.2448
v  0.4070 1.4568 -5.2448
v  0.3454 1.3078 -5.4062
v  0.1762 1.3593 -5.4062
v  0.5911 1.3587 -5.2448
v  0.5016 1.2246 -5.4062
v  0.7526 1.2268 -5.2448
v  0.6387 1.1125 -5.4062
v  0.8847 1.0654 -5.2448
v  0.7508 0.9754 -5.4062
v  0.9829 0.8814 -5.2448
v  0.8340 0.8192 -5.4062
v  1.0436 0.6818 -5.2448
v  0.8855 0.6499 -5.4062
v  1.0647 0.4744 -5.2448
v  0.9033 0.4738 -5.4062
v  1.0438 0.2669 -5.2448
v  0.8855 0.2976 -5.4062
v  0.9833 0.0673 -5.2448
v  0.8340 0.1284 -5.4062
v  0.8853 -0.1168 -5.2448
v  0.7508 -0.0278 -5.4062
v  0.7535 -0.2785 -5.2448
v  0.6387 -0.1650 -5.4062
v  0.5920 -0.4106 -5.2448
v  0.5016 -0.2770 -5.4062
v  0.4081 -0.5089 -5.2448
v  0.3454 -0.3602 -5.4062
v  0.2086 -0.5697 -5.2448
v  0.1762 -0.4117 -5.4062
v  0.6741 7.3200 -0.1310
v  0.6792 7.3723 -0.0645
v  1.3417 7.2205 -0.1310
v  1.3519 7.2721 -0.0645
v  1.9963 7.0563 -0.1310
v  2.0116 7.1067 -0.0645
v  2.6318 6.8290 -0.1310
v  2.6519 6.8775 -0.0645
v  3.2420 6.5405 -0.1310
v  3.2668 6.5869 -0.0645
v  3.8211 6.1939 -0.1310
v  3.8503 6.2376 -0.0645
v  4.3636 5.7923 -0.1310
v  4.3970 5.8330 -0.0644
v  4.8644 5.3397 -0.1310
v  4.9016 5.3769 -0.0644
v  5.3173 4.8391 -0.1311
v  5.3579 4.8725 -0.0645
v  5.7190 4.2967 -0.1311
v  5.7627 4.3259 -0.0645
v  6.0658 3.7177 -0.1311
v  6.1122 3.7425 -0.0645
v  6.3544 3.1076 -0.1311
v  6.4030 3.1277 -0.0645
v  6.5820 2.4722 -0.1311
v  6.6323 2.4875 -0.0645
v  6.7464 1.8176 -0.1311
v  6.7979 1.8279 -0.0645
v  6.8461 1.1500 -0.1311
v  6.8984 1.1552 -0.0645
v  6.8804 0.4759 -0.1310
v  6.9330 0.4759 -0.0644
v  6.8464 -0.1982 -0.1310
v  6.8988 -0.2033 -0.0645
v  6.7472 -0.8658 -0.1310
v  6.7987 -0.8760 -0.0645
v  6.5832 -1.5205 -0.1311
v  6.6335 -1.5357 -0.0645
v  6.3560 -2.1560 -0.1311
v  6.4046 -2.1761 -0.0645
v  6.0678 -2.7663 -0.1311
v  6.1142 -2.7911 -0.0645
v  5.7213 -3.3455 -0.1310
v  5.7651 -3.3747 -0.0645
v  5.3199 -3.8882 -0.1310
v  5.3606 -3.9216 -0.0645
v  4.8675 -4.3891 -0.1310
v  4.9047 -4.4263 -0.0645
v  4.3670 -4.8421 -0.1310
v  4.4004 -4.8827 -0.0645
v  3.8247 -5.2440 -0.1311
v  3.8539 -5.2877 -0.0645
v  3.2458 -5.5910 -0.1311
v  3.2706 -5.6373 -0.0645
v  2.6358 -5.8798 -0.1311
v  2.6559 -5.9283 -0.0645
v  2.0005 -6.1076 -0.1311
v  2.0157 -6.1579 -0.0645
v  1.3459 -6.2721 -0.1311
v  1.3562 -6.3237 -0.0645
v  0.6784 -6.3721 -0.1310
v  0.6836 -6.4244 -0.0645
v  0.6284 6.8564 -4.3817
v  0.6517 7.0920 -2.1280
v  1.2970 6.9959 -2.1280
v  1.2507 6.7636 -4.3817
v  1.1999 6.5298 -4.7730
v  1.2226 6.6366 -4.6993
v  1.9298 6.8372 -2.1280
v  1.8609 6.6106 -4.3817
v  1.7876 6.3829 -4.7730
v  1.8206 6.4870 -4.6993
v  2.5440 6.6174 -2.1280
v  2.4533 6.3987 -4.3817
v  2.3581 6.1792 -4.7730
v  2.4011 6.2796 -4.6993
v  3.1339 6.3386 -2.1280
v  3.0221 6.1299 -4.3817
v  2.9060 5.9207 -4.7730
v  2.9586 6.0164 -4.6993
v  3.6937 6.0036 -2.1280
v  3.5620 5.8068 -4.3817
v  3.4260 5.6099 -4.7730
v  3.4876 5.7000 -4.6993
v  4.2181 5.6154 -2.1280
v  4.0677 5.4325 -4.3817
v  3.9132 5.2498 -4.7730
v  3.9833 5.3335 -4.6993
v  4.7022 5.1779 -2.1280
v  4.5346 5.0106 -4.3817
v  4.3630 4.8437 -4.7730
v  4.4410 4.9202 -4.6994
v  5.1400 4.6940 -2.1280
v  4.9567 4.5439 -4.3817
v  4.7698 4.3946 -4.7730
v  4.8549 4.4631 -4.6994
v  5.5284 4.1696 -2.1280
v  5.3312 4.0383 -4.3817
v  5.1307 3.9079 -4.7730
v  5.2220 3.9678 -4.6994
v  5.8636 3.6100 -2.1280
v  5.6546 3.4987 -4.3817
v  5.4423 3.3884 -4.7730
v  5.5390 3.4391 -4.6994
v  6.1427 3.0202 -2.1280
v  5.9237 2.9300 -4.3817
v  5.7017 2.8410 -4.7730
v  5.8029 2.8819 -4.6994
v  6.3627 2.4061 -2.1280
v  6.1359 2.3377 -4.3817
v  5.9063 2.2708 -4.7730
v  6.0110 2.3017 -4.6994
v  6.5216 1.7733 -2.1280
v  6.2892 1.7276 -4.3817
v  6.0541 1.6833 -4.7730
v  6.1614 1.7039 -4.6994
v  6.6180 1.1280 -2.1280
v  6.3823 1.1053 -4.3817
v  6.1440 1.0842 -4.7730
v  6.2527 1.0942 -4.6994
v  6.6513 0.4764 -2.1280
v  6.4144 0.4769 -4.3817
v  6.1752 0.4791 -4.7730
v  6.2844 0.4784 -4.6994
v  6.6186 -0.1753 -2.1280
v  6.3830 -0.1515 -4.3817
v  6.1450 -0.1261 -4.7730
v  6.2536 -0.1375 -4.6993
v  6.5226 -0.8206 -2.1280
v  6.2905 -0.7738 -4.3817
v  6.0562 -0.7254 -4.7730
v  6.1632 -0.7473 -4.6993
v  6.3642 -1.4535 -2.1280
v  6.1378 -1.3842 -4.3817
v  5.9093 -1.3131 -4.7730
v  6.0137 -1.3453 -4.6993
v  6.1446 -2.0679 -2.1280
v  5.9262 -1.9766 -4.3817
v  5.7057 -1.8836 -4.7730
v  5.8064 -1.9258 -4.6993
v  5.8661 -2.6578 -2.1280
v  5.6576 -2.5456 -4.3817
v  5.4473 -2.4315 -4.7730
v  5.5434 -2.4834 -4.6993
v  5.5313 -3.2177 -2.1280
v  5.3348 -3.0856 -4.3817
v  5.1366 -2.9515 -4.7730
v  5.2272 -3.0125 -4.6993
v  5.1433 -3.7424 -2.1280
v  4.9608 -3.5916 -4.3817
v  4.7765 -3.4388 -4.7730
v  4.8608 -3.5083 -4.6993
v  4.7059 -4.2266 -2.1280
v  4.5390 -4.0585 -4.3817
v  4.3705 -3.8887 -4.7730
v  4.4475 -3.9661 -4.6994
v  4.2222 -4.6645 -2.1280
v  4.0725 -4.4809 -4.3817
v  3.9214 -4.2955 -4.7730
v  3.9905 -4.3801 -4.6994
v  3.6980 -5.0531 -2.1280
v  3.5671 -4.8556 -4.3817
v  3.4348 -4.6564 -4.7730
v  3.4953 -4.7473 -4.6994
v  3.1385 -5.3886 -2.1280
v  3.0276 -5.1793 -4.3817
v  2.9154 -4.9681 -4.7730
v  2.9667 -5.0645 -4.6994
v  2.5488 -5.6678 -2.1280
v  2.4591 -5.4487 -4.3817
v  2.3679 -5.2276 -4.7730
v  2.4096 -5.3285 -4.6994
v  1.9348 -5.8881 -2.1280
v  1.8670 -5.6612 -4.3817
v  1.7978 -5.4322 -4.7730
v  1.8294 -5.5367 -4.6994
v  1.3021 -6.0473 -2.1280
v  1.2569 -5.8148 -4.3817
v  1.2103 -5.5802 -4.7730
v  1.2317 -5.6873 -4.6994
v  0.6568 -6.1440 -2.1280
v  0.6347 -5.9081 -4.3817
v  0.6112 -5.6701 -4.7730
v  0.6220 -5.7788 -4.6994
v  0.2171 1.5660 -5.1952
v  0.2311 1.6359 -5.1366
v  0.4532 1.5684 -5.1366
v  0.4259 1.5026 -5.1952
v  0.6581 1.4592 -5.1366
v  0.6185 1.4000 -5.1952
v  0.8380 1.3123 -5.1367
v  0.7876 1.2619 -5.1952
v  0.9851 1.1325 -5.1366
v  0.9259 1.0929 -5.1952
v  1.0944 0.9277 -5.1366
v  1.0286 0.9004 -5.1952
v  1.1620 0.7056 -5.1366
v  1.0922 0.6916 -5.1952
v  1.1854 0.4746 -5.1367
v  1.1143 0.4745 -5.1952
v  1.1623 0.2435 -5.1366
v  1.0924 0.2573 -5.1952
v  1.0950 0.0213 -5.1366
v  1.0291 0.0485 -5.1952
v  0.9859 -0.1837 -5.1366
v  0.9266 -0.1442 -5.1952
v  0.8391 -0.3636 -5.1367
v  0.7886 -0.3134 -5.1952
v  0.6594 -0.5108 -5.1366
v  0.6197 -0.4517 -5.1952
v  0.4546 -0.6203 -5.1366
v  0.4272 -0.5546 -5.1952
v  0.2326 -0.6881 -5.1366
v  0.2185 -0.6182 -5.1952
v  0.2909 1.9365 -5.0468
v  1.1567 6.3193 -4.8126
v  1.7240 6.1776 -4.8126
v  0.5705 1.8516 -5.0468
v  2.2748 5.9811 -4.8126
v  2.8037 5.7317 -4.8126
v  3.3058 5.4318 -4.8126
v  0.8282 1.7140 -5.0468
v  3.7762 5.0843 -4.8126
v  1.0544 1.5289 -5.0468
v  4.2104 4.6925 -4.8126
v  4.6030 4.2591 -4.8126
v  4.9515 3.7894 -4.8126
v  1.2397 1.3028 -5.0468
v  5.2524 3.2879 -4.8126
v  1.3775 1.0451 -5.0468
v  5.5028 2.7595 -4.8126
v  5.7004 2.2091 -4.8126
v  5.8433 1.6420 -4.8126
v  1.4625 0.7655 -5.0468
v  5.9301 1.0637 -4.8126
v  1.4916 0.4747 -5.0468
v  5.9603 0.4797 -4.8126
v  5.9312 -0.1044 -4.8126
v  5.8456 -0.6829 -4.8126
v  1.4629 0.1838 -5.0468
v  5.7039 -1.2503 -4.8126
v  1.3782 -0.0958 -5.0468
v  5.5074 -1.8010 -4.8126
v  5.2579 -2.3299 -4.8126
v  4.9580 -2.8320 -4.8126
v  1.2408 -0.3537 -5.0468
v  4.6105 -3.3024 -4.8126
v  1.0557 -0.5800 -5.0468
v  4.2187 -3.7366 -4.8126
v  3.7853 -4.1292 -4.8126
v  3.3156 -4.4777 -4.8126
v  0.8297 -0.7654 -5.0468
v  2.8141 -4.7786 -4.8126
v  0.5721 -0.9034 -5.0468
v  2.2857 -5.0291 -4.8126
v  1.7353 -5.2266 -4.8126
v  1.1682 -5.3695 -4.8126
v  0.2926 -0.9885 -5.0468
v  0.5899 -5.4563 -4.8126
v  0.1706 1.3315 -5.4745
v  0.3346 1.2817 -5.4745
v  0.3346 1.2816 -6.9845
v  0.1706 1.3315 -6.9845
v  0.4859 1.2010 -5.4745
v  0.4859 1.2010 -6.9845
v  0.6187 1.0925 -5.4745
v  0.6187 1.0925 -6.9845
v  0.7272 0.9597 -5.4745
v  0.7272 0.9597 -6.9845
v  0.8079 0.8084 -5.4745
v  0.8079 0.8084 -6.9845
v  0.8577 0.6444 -5.4745
v  0.8577 0.6444 -6.9845
v  0.8750 0.4738 -5.4745
v  0.8750 0.4738 -6.9845
v  0.8577 0.3032 -5.4745
v  0.8577 0.3032 -6.9845
v  0.8079 0.1392 -5.4745
v  0.8079 0.1392 -6.9845
v  0.7272 -0.0121 -5.4745
v  0.7272 -0.0121 -6.9845
v  0.6187 -0.1449 -5.4745
v  0.6187 -0.1449 -6.9845
v  0.4859 -0.2534 -5.4745
v  0.4859 -0.2534 -6.9845
v  0.3346 -0.3341 -5.4745
v  0.3346 -0.3341 -6.9845
v  0.1706 -0.3839 -5.4745
v  0.1706 -0.3839 -6.9845
v  0.2465 1.7137 -5.0924
v  0.2634 1.7984 -5.0631
v  0.4836 1.6417 -5.0924
v  0.5166 1.7215 -5.0631
v  0.7021 1.5251 -5.0925
v  0.7501 1.5969 -5.0631
v  0.8940 1.3683 -5.0925
v  0.9550 1.4293 -5.0632
v  1.0510 1.1766 -5.0925
v  1.1227 1.2246 -5.0631
v  1.1677 0.9581 -5.0924
v  1.2475 0.9912 -5.0631
v  1.2398 0.7211 -5.0925
v  1.3245 0.7380 -5.0631
v  1.2647 0.4746 -5.0925
v  1.3510 0.4746 -5.0632
v  1.2401 0.2281 -5.0925
v  1.3248 0.2112 -5.0631
v  1.1683 -0.0090 -5.0924
v  1.2481 -0.0421 -5.0631
v  1.0518 -0.2277 -5.0925
v  1.1237 -0.2756 -5.0631
v  0.8951 -0.4196 -5.0925
v  0.9562 -0.4806 -5.0632
v  0.7035 -0.5767 -5.0925
v  0.7515 -0.6484 -5.0631
v  0.4851 -0.6936 -5.0924
v  0.5182 -0.7733 -5.0631
v  0.2481 -0.7658 -5.0925
v  0.2650 -0.8505 -5.0631
v  0.2811 1.8875 -5.0494
v  0.5513 1.8054 -5.0494
v  0.8005 1.6724 -5.0494
v  1.0191 1.4935 -5.0494
v  1.1981 1.2750 -5.0494
v  1.3313 1.0259 -5.0494
v  1.4135 0.7557 -5.0494
v  1.4416 0.4747 -5.0494
v  1.4138 0.1936 -5.0494
v  1.3320 -0.0768 -5.0494
v  1.1991 -0.3260 -5.0494
v  1.0203 -0.5447 -5.0494
v  0.8020 -0.7239 -5.0494
v  0.5530 -0.8572 -5.0494
v  0.2828 -0.9395 -5.0494
v  0.6221 6.8062 -4.5944
v  0.6277 6.8491 -4.4513
v  1.2395 6.7143 -4.5944
v  1.2493 6.7565 -4.4513
v  1.1703 6.3880 -4.8090
v  0.5850 6.4747 -4.8090
v  1.8450 6.5627 -4.5944
v  1.8588 6.6036 -4.4513
v  1.7443 6.2446 -4.8090
v  2.4327 6.3525 -4.5944
v  2.4505 6.3919 -4.4513
v  2.3015 6.0458 -4.8090
v  2.9971 6.0859 -4.5944
v  3.0186 6.1234 -4.4513
v  2.8366 5.7935 -4.8090
v  3.5328 5.7654 -4.5944
v  3.5579 5.8007 -4.4513
v  3.3446 5.4901 -4.8090
v  4.0347 5.3942 -4.5944
v  4.0631 5.4269 -4.4513
v  3.8205 5.1385 -4.8090
v  4.4980 4.9756 -4.5944
v  4.5294 5.0054 -4.4513
v  4.2598 4.7420 -4.8090
v  4.9170 4.5127 -4.5945
v  4.9510 4.5393 -4.4513
v  4.6571 4.3035 -4.8090
v  5.2887 4.0111 -4.5945
v  5.3251 4.0343 -4.4513
v  5.0097 3.8283 -4.8090
v  5.6096 3.4757 -4.5945
v  5.6481 3.4952 -4.4513
v  5.3141 3.3210 -4.8090
v  5.8767 2.9115 -4.5945
v  5.9169 2.9272 -4.4513
v  5.5675 2.7863 -4.8090
v  6.0873 2.3239 -4.5945
v  6.1289 2.3356 -4.4513
v  5.7674 2.2295 -4.8090
v  6.2395 1.7186 -4.5945
v  6.2820 1.7262 -4.4513
v  5.9119 1.6558 -4.8090
v  6.3319 1.1012 -4.5945
v  6.3750 1.1046 -4.4513
v  5.9997 1.0707 -4.8090
v  6.3639 0.4777 -4.5945
v  6.4071 0.4770 -4.4513
v  6.0303 0.4797 -4.8090
v  6.3327 -0.1459 -4.5944
v  6.3757 -0.1508 -4.4513
v  6.0009 -0.1112 -4.8090
v  6.2410 -0.7634 -4.5944
v  6.2833 -0.7724 -4.4513
v  5.9142 -0.6965 -4.8090
v  6.0896 -1.3689 -4.5944
v  6.1308 -1.3820 -4.4513
v  5.7708 -1.2705 -4.8090
v  5.8797 -1.9567 -4.5944
v  5.9194 -1.9738 -4.4513
v  5.5720 -1.8277 -4.8090
v  5.6133 -2.5213 -4.5944
v  5.6512 -2.5421 -4.4513
v  5.3197 -2.3629 -4.8090
v  5.2930 -3.0571 -4.5944
v  5.3287 -3.0815 -4.4513
v  5.0163 -2.8708 -4.8090
v  4.9220 -3.5591 -4.5944
v  4.9552 -3.5869 -4.4513
v  4.6647 -3.3467 -4.8090
v  4.5035 -4.0226 -4.5945
v  4.5338 -4.0533 -4.4513
v  4.2683 -3.7860 -4.8090
v  4.0407 -4.4417 -4.5945
v  4.0679 -4.4752 -4.4513
v  3.8297 -4.1833 -4.8090
v  3.5393 -4.8136 -4.5945
v  3.5631 -4.8495 -4.4513
v  3.3545 -4.5359 -4.8090
v  3.0040 -5.1347 -4.5945
v  3.0242 -5.1728 -4.4513
v  2.8472 -4.8403 -4.8090
v  2.4399 -5.4020 -4.5945
v  2.4563 -5.4419 -4.4513
v  2.3125 -5.0937 -4.8090
v  1.8524 -5.6128 -4.5945
v  1.8649 -5.6542 -4.4513
v  1.7557 -5.2936 -4.8090
v  1.2471 -5.7653 -4.5945
v  1.2555 -5.8076 -4.4513
v  1.1820 -5.4381 -4.8090
v  0.6298 -5.8579 -4.5945
v  0.6340 -5.9008 -4.4513
v  0.5969 -5.5259 -4.8090
v  -0.0000 -5.5562 -4.8090
v  0.5782 6.4050 -4.8126
v  0.6996 7.5785 0.0000
v  0.7125 7.7093 0.0000
v  1.4265 7.6469 0.0000
v  1.3924 7.4752 0.0000
v  2.1677 7.5429 0.0000
v  2.0717 7.3048 0.0000
v  2.8725 7.3379 0.0000
v  2.7311 7.0689 0.0000
v  3.5068 7.0362 0.0000
v  3.3643 6.7696 0.0000
v  4.1332 6.6613 0.0000
v  3.9653 6.4099 0.0000
v  4.7201 6.2269 0.0000
v  4.5283 5.9932 0.0000
v  5.2618 5.7373 0.0000
v  5.0481 5.5234 0.0000
v  5.7516 5.1957 0.0000
v  5.5180 5.0038 0.0000
v  6.1861 4.6090 0.0000
v  5.9349 4.4409 0.0000
v  6.5613 3.9827 0.0000
v  6.2948 3.8401 0.0000
v  6.8735 3.3228 0.0000
v  6.5942 3.2070 0.0000
v  7.1196 2.6355 0.0000
v  6.8304 2.5476 0.0000
v  7.2974 1.9274 0.0000
v  7.0010 1.8683 0.0000
v  7.4053 1.2053 0.0000
v  7.1045 1.1756 0.0000
v  7.4425 0.4761 0.0000
v  7.1402 0.4760 0.0000
v  7.4058 -0.2531 0.0000
v  7.1049 -0.2236 0.0000
v  7.2984 -0.9752 0.0000
v  7.0019 -0.9164 0.0000
v  7.1210 -1.6834 0.0000
v  6.8317 -1.5958 0.0000
v  6.8753 -2.3708 0.0000
v  6.5960 -2.2553 0.0000
v  6.5635 -3.0310 0.0000
v  6.2969 -2.8886 0.0000
v  6.1887 -3.6575 0.0000
v  5.9373 -3.4897 0.0000
v  5.7546 -4.2445 0.0000
v  5.5208 -4.0528 0.0000
v  5.2651 -4.7864 0.0000
v  5.0512 -4.5727 0.0000
v  4.7237 -5.2763 0.0000
v  4.5318 -5.0428 0.0000
v  4.1371 -5.7111 0.0000
v  3.9690 -5.4598 0.0000
v  3.5109 -6.0864 0.0000
v  3.3683 -5.8199 0.0000
v  2.8510 -6.3988 0.0000
v  2.7353 -6.1196 0.0000
v  2.1708 -6.6594 0.0000
v  2.0760 -6.3560 0.0000
v  1.4708 -6.9120 0.0000
v  1.3967 -6.5268 0.0000
v  0.7324 -6.9340 0.0000
v  0.7041 -6.6305 0.0000
v  0.6863 7.4437 -0.0191
v  0.6957 7.5386 0.0000
v  1.3659 7.3424 -0.0191
v  1.3845 7.4359 0.0000
v  1.3361 7.1921 -0.2239
v  0.6713 7.2912 -0.2239
v  2.0324 7.1753 -0.0191
v  2.0601 7.2665 0.0000
v  1.9879 7.0286 -0.2239
v  2.6793 6.9438 -0.0191
v  2.7158 7.0319 0.0000
v  2.6207 6.8022 -0.2239
v  3.3005 6.6501 -0.0191
v  3.3455 6.7343 0.0000
v  3.2283 6.5150 -0.2239
v  3.8901 6.2972 -0.0191
v  3.9431 6.3766 0.0000
v  3.8050 6.1698 -0.2239
v  4.4425 5.8884 -0.0191
v  4.5029 5.9622 0.0000
v  4.3452 5.7699 -0.2239
v  4.9523 5.4276 -0.0191
v  5.0197 5.4951 0.0000
v  4.8439 5.3192 -0.2239
v  5.4133 4.9180 -0.0191
v  5.4870 4.9784 0.0000
v  5.2949 4.8207 -0.2239
v  5.8223 4.3657 -0.0191
v  5.9015 4.4187 0.0000
v  5.6949 4.2806 -0.2239
v  6.1754 3.7763 -0.0191
v  6.2594 3.8212 0.0000
v  6.0403 3.7040 -0.2239
v  6.4692 3.1551 -0.0191
v  6.5573 3.1917 0.0000
v  6.3277 3.0965 -0.2239
v  6.7009 2.5083 -0.0191
v  6.7921 2.5360 0.0000
v  6.5543 2.4638 -0.2239
v  6.8682 1.8419 -0.0191
v  6.9617 1.8605 0.0000
v  6.7180 1.8119 -0.2239
v  6.9697 1.1622 -0.0191
v  7.0646 1.1717 0.0000
v  6.8173 1.1472 -0.2239
v  7.0047 0.4760 -0.0191
v  7.1001 0.4760 0.0000
v  6.8515 0.4759 -0.2239
v  6.9701 -0.2103 -0.0191
v  7.0650 -0.2197 0.0000
v  6.8176 -0.1954 -0.2239
v  6.8690 -0.8900 -0.0191
v  6.9626 -0.9086 0.0000
v  6.7187 -0.8602 -0.2239
v  6.7021 -1.5565 -0.0191
v  6.7934 -1.5842 0.0000
v  6.5555 -1.5121 -0.2239
v  6.4708 -2.2035 -0.0191
v  6.5589 -2.2400 0.0000
v  6.3293 -2.1450 -0.2239
v  6.1774 -2.8248 -0.0191
v  6.2615 -2.8697 0.0000
v  6.0422 -2.7526 -0.2239
v  5.8247 -3.4145 -0.0191
v  5.9040 -3.4674 0.0000
v  5.6972 -3.3294 -0.2239
v  5.4160 -3.9670 -0.0191
v  5.4898 -4.0274 0.0000
v  5.2976 -3.8698 -0.2239
v  4.9554 -4.4770 -0.0191
v  5.0229 -4.5444 0.0000
v  4.8470 -4.3686 -0.2239
v  4.4459 -4.9381 -0.0191
v  4.5064 -5.0118 0.0000
v  4.3486 -4.8197 -0.2239
v  3.8938 -5.3473 -0.0191
v  3.9468 -5.4265 0.0000
v  3.8086 -5.2199 -0.2239
v  3.3044 -5.7005 -0.0191
v  3.3494 -5.7846 0.0000
v  3.2321 -5.5655 -0.2239
v  2.6834 -5.9945 -0.0191
v  2.7199 -6.0826 0.0000
v  2.6247 -5.8530 -0.2239
v  2.0366 -6.2264 -0.0191
v  2.0643 -6.3177 0.0000
v  1.9920 -6.0798 -0.2239
v  1.3702 -6.3940 -0.0191
v  1.3889 -6.4875 0.0000
v  1.3403 -6.2437 -0.2239
v  0.6906 -6.4957 -0.0191
v  0.7001 -6.5906 0.0000
v  0.6756 -6.3432 -0.2239
v  0.1106 7.9734 -0.0080
v  0.7385 7.9506 -0.4431
v  0.7385 7.9318 -0.4836
v  1.4913 7.9319 -0.4835
v  1.4913 7.9506 -0.4428
v  2.3348 7.9313 -0.4840
v  2.3347 7.9504 -0.4454
v  2.5326 7.9390 -0.4423
v  2.5243 7.9214 -0.4839
v  2.7186 7.8928 -0.4832
v  2.7267 7.9099 -0.4419
v  3.1071 7.7934 -0.4431
v  3.1013 7.7753 -0.4836
v  3.7384 7.4699 -0.4842
v  3.7471 7.4860 -0.4432
v  4.4059 7.0695 -0.4837
v  4.4163 7.0851 -0.4432
v  5.0313 6.6063 -0.4831
v  5.0435 6.6213 -0.4432
v  5.6045 6.0802 -0.4788
v  5.6210 6.0966 -0.4431
v  6.1305 5.5068 -0.4837
v  6.1450 5.5187 -0.4431
v  6.5948 4.8822 -0.4837
v  6.6104 4.8927 -0.4432
v  6.9945 4.2144 -0.4840
v  7.0108 4.2231 -0.4432
v  7.3274 3.5110 -0.4833
v  7.3451 3.5183 -0.4432
v  7.5894 2.7782 -0.4831
v  7.6079 2.7838 -0.4432
v  7.7784 2.0233 -0.4830
v  7.7973 2.0270 -0.4432
v  7.8927 1.2535 -0.4830
v  7.9125 1.2555 -0.4432
v  7.9295 0.4764 -0.4806
v  7.9517 0.4764 -0.4431
v  7.8931 -0.3009 -0.4832
v  7.9126 -0.3028 -0.4431
v  7.7795 -1.0707 -0.4831
v  7.7984 -1.0745 -0.4432
v  7.5910 -1.8257 -0.4830
v  7.6096 -1.8314 -0.4432
v  7.3291 -2.5586 -0.4837
v  7.3464 -2.5657 -0.4432
v  6.9975 -3.2627 -0.4839
v  7.0138 -3.2714 -0.4432
v  6.5970 -3.9300 -0.4839
v  6.6124 -3.9403 -0.4431
v  6.1337 -4.5554 -0.4835
v  6.1484 -4.5674 -0.4431
v  5.6112 -5.1322 -0.4836
v  5.6245 -5.1454 -0.4431
v  5.0350 -5.6553 -0.4836
v  5.0469 -5.6698 -0.4431
v  4.4102 -6.1193 -0.4841
v  4.4204 -6.1346 -0.4432
v  3.7429 -6.5200 -0.4836
v  3.7519 -6.5366 -0.4432
v  3.0388 -6.8526 -0.4836
v  3.0465 -6.8698 -0.4432
v  2.6454 -7.0044 -0.4842
v  2.6474 -7.0243 -0.4431
v  2.3254 -7.1709 -0.4431
v  2.3177 -7.1544 -0.4831
v  1.9508 -7.3537 -0.4828
v  1.9584 -7.3705 -0.4431
v  1.5913 -7.5514 -0.4431
v  1.5838 -7.5343 -0.4826
v  1.1988 -7.6953 -0.4831
v  1.2037 -7.7125 -0.4429
v  0.4575 -7.8989 -0.4811
v  0.4645 -7.9145 -0.4431
v  0.8166 -7.8380 -0.4431
v  0.8135 -7.8183 -0.4828
v  0.7396 7.8492 -0.5000
v  1.4970 7.7225 -0.5000
v  1.4912 7.8604 -0.5000
v  2.3440 7.4944 -0.5000
v  2.3339 7.8606 -0.5000
v  2.9337 7.2684 -0.5000
v  2.5195 7.8516 -0.5000
v  3.0760 7.7081 -0.5000
v  3.4869 7.0027 -0.5000
v  3.7042 7.4063 -0.5000
v  4.1117 6.6284 -0.5000
v  4.3660 7.0098 -0.5000
v  4.6953 6.1968 -0.5000
v  4.9861 6.5513 -0.5000
v  5.2327 5.7087 -0.5000
v  5.5570 6.0327 -0.5000
v  5.7209 5.1702 -0.5000
v  6.0751 5.4613 -0.5000
v  6.1539 4.5876 -0.5000
v  6.5351 4.8424 -0.5000
v  6.5267 3.9643 -0.5000
v  6.9310 4.1805 -0.5000
v  6.8380 3.3080 -0.5000
v  7.2615 3.4836 -0.5000
v  7.0825 2.6245 -0.5000
v  7.5212 2.7575 -0.5000
v  7.2591 1.9191 -0.5000
v  7.7085 2.0093 -0.5000
v  7.3669 1.2005 -0.5000
v  7.8234 1.2466 -0.4999
v  7.4034 0.4763 -0.5001
v  7.8631 0.4763 -0.5030
v  7.3670 -0.2482 -0.5000
v  7.8235 -0.2939 -0.5000
v  7.2601 -0.9671 -0.5000
v  7.7096 -1.0568 -0.5000
v  7.0842 -1.6721 -0.5000
v  7.5230 -1.8051 -0.5000
v  6.8392 -2.3559 -0.5000
v  7.2628 -2.5311 -0.5000
v  6.5295 -3.0128 -0.5000
v  6.9340 -3.2287 -0.5000
v  6.1559 -3.6355 -0.5000
v  6.5371 -3.8901 -0.5000
v  5.7238 -4.2194 -0.5000
v  6.0784 -4.5100 -0.5000
v  5.2362 -4.7574 -0.5000
v  5.5605 -5.0815 -0.5000
v  4.6985 -5.2456 -0.5000
v  4.9895 -5.5999 -0.5000
v  4.1151 -5.6784 -0.5000
v  4.3700 -6.0594 -0.5000
v  3.4928 -6.0526 -0.5000
v  3.7091 -6.4568 -0.5000
v  2.8229 -6.3690 -0.5000
v  3.0101 -6.7870 -0.5000
v  2.0755 -6.6323 -0.5000
v  2.6159 -6.9402 -0.5000
v  2.2867 -7.0891 -0.5000
v  1.9722 -6.6536 -0.5000
v  0.7332 7.7631 -0.5096
v  0.7296 7.7291 -0.5317
v  1.4814 7.6482 -0.5091
v  1.4743 7.6145 -0.5310
v  2.3205 7.4225 -0.5094
v  2.3099 7.3898 -0.5313
v  2.9038 7.1989 -0.5093
v  2.8902 7.1674 -0.5313
v  3.4509 6.9357 -0.5089
v  3.4345 6.9052 -0.5306
v  4.0694 6.5651 -0.5089
v  4.0502 6.5363 -0.5306
v  4.6468 6.1377 -0.5085
v  4.6248 6.1109 -0.5301
v  5.1788 5.6549 -0.5088
v  5.1543 5.6304 -0.5305
v  5.6620 5.1219 -0.5088
v  5.6353 5.0999 -0.5305
v  6.0905 4.5452 -0.5087
v  6.0617 4.5259 -0.5303
v  6.4598 3.9286 -0.5091
v  6.4293 3.9123 -0.5309
v  6.7679 3.2789 -0.5091
v  6.7361 3.2657 -0.5309
v  7.0102 2.6026 -0.5095
v  6.9773 2.5926 -0.5315
v  7.1850 1.9043 -0.5095
v  7.1513 1.8975 -0.5315
v  7.2902 1.1928 -0.5095
v  7.2561 1.1893 -0.5316
v  7.3261 0.4763 -0.5093
v  7.2917 0.4763 -0.5312
v  7.2905 -0.2405 -0.5098
v  7.2565 -0.2371 -0.5319
v  7.1859 -0.9523 -0.5095
v  7.1523 -0.9456 -0.5315
v  7.0115 -1.6501 -0.5090
v  6.9784 -1.6401 -0.5308
v  6.7690 -2.3268 -0.5091
v  6.7371 -2.3136 -0.5309
v  6.4623 -2.9769 -0.5088
v  6.4318 -2.9606 -0.5304
v  6.0926 -3.5933 -0.5090
v  6.0639 -3.5741 -0.5307
v  5.6649 -4.1711 -0.5088
v  5.6381 -4.1491 -0.5304
v  5.1823 -4.7036 -0.5089
v  5.1578 -4.6792 -0.5305
v  4.6501 -5.1867 -0.5088
v  4.6281 -5.1600 -0.5304
v  4.0728 -5.6152 -0.5090
v  4.0535 -5.5864 -0.5307
v  3.4569 -5.9854 -0.5089
v  3.4406 -5.9549 -0.5306
v  2.7940 -6.2987 -0.5090
v  2.7808 -6.2668 -0.5308
v  2.0831 -6.5494 -0.5092
v  2.0735 -6.5162 -0.5308
v  2.0381 -6.5021 -0.5629
v  1.9577 -6.5187 -0.5626
v  1.9601 -6.5438 -0.5306
v  2.0452 -6.5262 -0.5308
v  1.8476 -6.5216 -0.5627
v  1.6689 -6.5159 -0.5626
v  1.6678 -6.5410 -0.5307
v  1.8479 -6.5463 -0.5311
v  1.6389 -6.5149 -0.5626
v  1.5708 -6.5252 -0.5632
v  1.5791 -6.5490 -0.5311
v  1.6378 -6.5402 -0.5306
v  1.3225 -7.1763 -0.5096
v  1.4438 -6.9513 -0.5100
v  1.4113 -6.9378 -0.5333
v  1.2937 -7.1564 -0.5324
v  0.4528 -7.8070 -0.5089
v  0.7479 -7.6762 -0.5095
v  0.7312 -7.6462 -0.5317
v  0.4539 -7.7701 -0.5308
v  0.9724 -7.5323 -0.5093
v  1.1562 -7.3736 -0.5095
v  1.1314 -7.3496 -0.5319
v  0.9513 -7.5049 -0.5315
v  1.4371 -6.7166 -0.5703
v  1.3884 -6.9281 -0.5675
v  1.4612 -6.7182 -0.5352
v  0.2391 -7.8521 -0.5148
v  0.2388 -7.8228 -0.5370
v  0.9358 -7.4850 -0.5640
v  0.7189 -7.6245 -0.5641
v  0.2450 -7.9271 -0.4813
v  0.2417 -7.9419 -0.4443
v  1.5169 -6.6464 -0.5101
v  1.5475 -6.6065 -0.5096
v  1.5240 -6.5810 -0.5320
v  1.4850 -6.6319 -0.5334
v  1.5907 -6.5814 -0.5093
v  1.5043 -6.6913 -0.5105
v  1.4679 -6.6889 -0.5355
v  -0.0000 -7.9391 -0.4828
v  1.8767 -6.5824 -0.5091
v  1.9636 -6.5781 -0.5090
v  1.8779 -6.5471 -0.5312
v  1.5547 -7.4685 -0.5000
v  1.3863 -7.2202 -0.5000
v  1.2108 -7.4271 -0.5000
v  1.1718 -7.6261 -0.5000
v  1.8750 -6.6578 -0.5000
v  1.6368 -6.6463 -0.5000
v  1.6166 -6.6533 -0.5000
v  1.5996 -6.6635 -0.5000
v  1.5878 -6.6795 -0.5000
v  1.5820 -6.7020 -0.5000
v  1.5165 -6.9800 -0.5000
v  1.9207 -7.2882 -0.5000
v  0.6707 7.2845 -4.4973
v  0.7252 7.6868 -0.6377
v  1.3349 7.1855 -4.4973
v  1.4653 7.5736 -0.6377
v  1.9863 7.0221 -4.4973
v  2.2957 7.3508 -0.6381
v  2.6186 6.7958 -4.4973
v  2.8730 7.1294 -0.6379
v  3.2257 6.5088 -4.4973
v  3.4149 6.8688 -0.6378
v  3.8019 6.1638 -4.4973
v  4.0271 6.5016 -0.6376
v  4.3417 5.7642 -4.4973
v  4.5982 6.0784 -0.6372
v  4.8399 5.3138 -4.4973
v  5.1256 5.6017 -0.6381
v  5.2904 4.8155 -4.4973
v  5.6032 5.0736 -0.6377
v  5.6900 4.2757 -4.4973
v  6.0267 4.5026 -0.6373
v  6.0350 3.6996 -4.4973
v  6.3928 3.8927 -0.6379
v  6.3220 3.0924 -4.4973
v  6.6976 3.2497 -0.6378
v  6.5483 2.4602 -4.4973
v  6.9374 2.5805 -0.6380
v  6.7117 1.8088 -4.4973
v  7.1106 1.8894 -0.6381
v  6.8107 1.1446 -4.4973
v  7.2151 1.1853 -0.6401
v  6.8447 0.4738 -4.4973
v  7.2501 0.4763 -0.6397
v  6.8105 -0.1970 -4.4972
v  7.2143 -0.2330 -0.6395
v  6.7129 -0.8615 -4.4979
v  7.1115 -0.9375 -0.6381
v  6.5486 -1.5127 -4.4975
v  6.9377 -1.6277 -0.6373
v  6.3232 -2.1454 -4.4979
v  6.6986 -2.2978 -0.6378
v  6.0354 -2.7522 -4.4976
v  6.3950 -2.9410 -0.6376
v  5.6901 -3.3283 -4.4974
v  6.0290 -3.5508 -0.6375
v  5.2907 -3.8682 -4.4975
v  5.6061 -4.1229 -0.6377
v  4.8390 -4.3653 -4.4967
v  5.1285 -4.6498 -0.6377
v  4.3419 -4.8170 -4.4975
v  4.6015 -5.1275 -0.6374
v  3.8019 -5.2164 -4.4974
v  4.0308 -5.5525 -0.6381
v  3.2263 -5.5624 -4.4979
v  3.4205 -5.9176 -0.6372
v  2.6188 -5.8488 -4.4976
v  2.7650 -6.2281 -0.6376
v  2.0579 -6.0539 -4.4958
v  2.0622 -6.4754 -0.6373
v  1.9566 -6.5016 -0.6370
v  1.9535 -6.0809 -4.4915
v  1.8721 -6.0870 -4.4832
v  1.8786 -6.5053 -0.6369
v  1.8486 -6.5045 -0.6369
v  1.8421 -6.0864 -4.4832
v  1.6668 -6.0830 -4.4835
v  1.6690 -6.4984 -0.6369
v  1.4517 -6.6122 -0.6443
v  1.4555 -6.1897 -4.4940
v  1.4333 -6.2674 -4.5025
v  1.4332 -6.6830 -0.6489
v  1.5666 -6.5088 -0.6377
v  1.5574 -6.0972 -4.4845
v  1.4986 -6.1338 -4.4888
v  1.4987 -6.5490 -0.6403
v  1.6390 -6.4977 -0.6370
v  1.6368 -6.0823 -4.4835
v  2.0339 -6.4855 -0.6373
v  2.0294 -6.0632 -4.4973
v  0.2423 -7.7856 -0.6359
v  0.2405 -7.3582 -4.6215
v  1.1023 -7.3203 -0.6394
v  1.1028 -6.8981 -4.5694
v  0.9194 -7.0533 -4.5874
v  0.9272 -7.4712 -0.6390
v  0.4657 -7.7219 -0.6367
v  0.4642 -7.2956 -4.6121
v  0.7121 -7.6097 -0.6389
v  0.7101 -7.1853 -4.6019
v  1.2622 -7.1315 -0.6419
v  1.2601 -6.7142 -4.5509
v  1.3773 -6.9199 -0.6446
v  1.3753 -6.5065 -4.5273
v  1.4262 -6.7124 -0.6486
v  1.4263 -6.2963 -4.5069
v  0.2555 -7.2876 -4.9560
v  1.1158 -6.8335 -4.8245
v  0.9320 -6.9875 -4.8693
v  0.4987 -7.2176 -4.9348
v  0.7252 -7.1158 -4.9052
v  1.2671 -6.6581 -4.7769
v  1.3806 -6.4527 -4.7259
v  1.4260 -6.2635 -4.6760
v  0.9748 -6.5085 -5.5872
v  1.1463 -6.3941 -5.4784
v  1.1489 -6.1840 -5.6413
v  0.9786 -6.2773 -5.7698
v  0.2840 -6.7594 -5.8214
v  0.5436 -6.6986 -5.7624
v  0.5426 -6.4313 -5.9673
v  0.2847 -6.4870 -6.0416
v  0.7751 -6.6120 -5.6833
v  0.7777 -6.3626 -5.8811
v  1.2820 -6.2719 -5.3595
v  1.2831 -6.0869 -5.5019
v  1.3814 -6.1362 -5.2248
v  1.3813 -5.9805 -5.3452
v  1.4254 -6.0044 -5.0943
v  1.4249 -5.8783 -5.1945
v  -0.0000 -7.1884 -5.2925
v  0.2674 -7.1617 -5.2740
v  0.2774 -6.9852 -5.5634
v  -0.0000 -7.0102 -5.5873
v  0.9500 -6.8684 -5.1334
v  1.1298 -6.7237 -5.0650
v  1.1405 -6.5766 -5.2851
v  0.9660 -6.7086 -5.3748
v  0.5133 -7.0820 -5.2338
v  0.5289 -6.9087 -5.5084
v  0.7459 -6.9923 -5.1915
v  0.7636 -6.8232 -5.4518
v  1.2750 -6.5622 -4.9918
v  1.2797 -6.4327 -5.1880
v  1.3817 -6.3759 -4.9106
v  1.3816 -6.2698 -5.0785
v  1.4263 -6.1984 -4.8348
v  1.4258 -6.1122 -4.9731
v  0.2802 -6.1743 -6.2151
v  0.2665 -5.8291 -6.3334
v  -0.0000 -5.8393 -6.3637
v  0.9726 -6.0168 -5.9130
v  1.1453 -5.9488 -5.7680
v  1.1327 -5.6983 -5.8637
v  0.9537 -5.7376 -6.0190
v  0.5378 -6.1353 -6.1414
v  0.5166 -5.8062 -6.2589
v  0.7700 -6.0806 -6.0386
v  0.7471 -5.7742 -6.1518
v  1.2809 -5.8797 -5.6124
v  1.2738 -5.6588 -5.6954
v  1.3805 -5.8047 -5.4387
v  1.3780 -5.6171 -5.5062
v  1.4243 -5.7351 -5.2736
v  1.4237 -5.5777 -5.3295
v  0.2291 -5.4654 -6.3956
v  1.1075 -5.4416 -5.9269
v  0.9148 -5.4499 -6.0904
v  0.4650 -5.4621 -6.3298
v  0.6971 -5.4568 -6.2264
v  1.2649 -5.4321 -5.7411
v  1.3763 -5.4217 -5.5378
v  1.4229 -5.4142 -5.3575
v  1.4601 -5.4043 -5.2449
v  1.4595 -5.5499 -5.2198
v  1.5097 -5.5362 -5.1663
v  1.5111 -5.4000 -5.1902
v  1.4564 -5.9314 -5.0117
v  1.4558 -6.0272 -4.9045
v  1.5002 -5.9848 -4.8681
v  1.5018 -5.8953 -4.9686
v  1.4556 -6.1033 -4.7833
v  1.4548 -6.1611 -4.6403
v  1.4976 -6.1086 -4.6197
v  1.4990 -6.0549 -4.7559
v  1.4581 -5.6902 -5.1709
v  1.4573 -5.8177 -5.1014
v  1.5041 -5.7874 -5.0544
v  1.5062 -5.6679 -5.1198
v  1.5807 -5.3972 -5.1579
v  1.5766 -5.5287 -5.1340
v  1.6652 -5.5309 -5.1289
v  1.6718 -5.3966 -5.1563
v  1.4304 -5.4110 -5.3285
v  1.4310 -5.5703 -5.3012
v  1.5640 -5.8731 -4.9395
v  1.5613 -5.9579 -4.8428
v  1.6431 -5.9508 -4.8306
v  1.6474 -5.8693 -4.9272
v  1.4323 -5.9842 -5.0730
v  1.4326 -6.0887 -4.9556
v  1.5589 -6.0230 -4.7366
v  1.5573 -6.0740 -4.6042
v  1.6376 -6.0615 -4.5945
v  1.6395 -6.0121 -4.7267
v  1.4331 -6.1723 -4.8215
v  1.4329 -6.2354 -4.6676
v  1.5713 -5.6550 -5.0881
v  1.5680 -5.7690 -5.0244
v  1.6531 -5.7664 -5.0148
v  1.6576 -5.6549 -5.0798
v  1.4314 -5.7231 -5.2469
v  1.4319 -5.8621 -5.1701
v  6.7520 1.1389 -4.7290
v  6.7856 0.4738 -4.7289
v  6.8232 0.4738 -4.6130
v  6.7896 1.1425 -4.6131
v  6.5358 1.1176 -5.0350
v  6.5684 0.4738 -5.0349
v  6.6569 0.4738 -4.9438
v  6.6240 1.1263 -4.9440
v  6.2088 0.4738 -5.2245
v  6.1780 1.0823 -5.2245
v  6.0232 1.0670 -5.2484
v  6.0533 0.4738 -5.2484
v  6.4680 0.4738 -5.1131
v  6.4360 1.1078 -5.1132
v  6.3115 1.0955 -5.1794
v  6.3430 0.4738 -5.1794
v  6.6538 1.7973 -4.7290
v  6.6908 1.8047 -4.6131
v  6.4408 1.7550 -5.0349
v  6.5277 1.7723 -4.9439
v  6.0881 1.6848 -5.2245
v  5.9356 1.6545 -5.2484
v  6.3424 1.7354 -5.1131
v  6.2197 1.7110 -5.1794
v  6.4919 2.4431 -4.7290
v  6.5279 2.4540 -4.6131
v  6.2840 2.3800 -5.0349
v  6.3688 2.4057 -4.9439
v  5.9399 2.2757 -5.2245
v  5.7911 2.2305 -5.2484
v  6.1880 2.3509 -5.1131
v  6.0683 2.3146 -5.1794
v  6.2675 3.0699 -4.7290
v  6.3024 3.0843 -4.6131
v  6.0669 2.9868 -5.0349
v  6.1487 3.0206 -4.9439
v  5.7347 2.8492 -5.2245
v  5.5910 2.7897 -5.2484
v  5.9742 2.9484 -5.1131
v  5.8586 2.9005 -5.1794
v  5.9830 3.6717 -4.7290
v  6.0162 3.6895 -4.6131
v  5.7915 3.5693 -5.0349
v  5.8696 3.6111 -4.9439
v  5.4743 3.3999 -5.2245
v  5.3372 3.3266 -5.2484
v  5.7030 3.5220 -5.1131
v  5.5927 3.4631 -5.1794
v  5.6410 4.2429 -4.7290
v  5.6724 4.2639 -4.6131
v  5.4604 4.1222 -5.0350
v  5.5341 4.1714 -4.9439
v  5.1614 3.9225 -5.2245
v  5.0321 3.8361 -5.2484
v  5.3770 4.0665 -5.1131
v  5.2730 3.9970 -5.1794
v  5.2449 4.7781 -4.7291
v  5.2740 4.8021 -4.6131
v  5.0770 4.6402 -5.0350
v  5.1454 4.6964 -4.9440
v  4.7989 4.4121 -5.2246
v  4.6787 4.3135 -5.2484
v  4.9994 4.5766 -5.1132
v  4.9027 4.4972 -5.1794
v  4.7981 5.2719 -4.7289
v  4.8247 5.2986 -4.6130
v  4.6445 5.1183 -5.0349
v  4.7071 5.1810 -4.9438
v  4.3902 4.8641 -5.2245
v  4.2803 4.7542 -5.2484
v  4.5735 5.0474 -5.1131
v  4.4851 4.9590 -5.1794
v  4.3041 5.7186 -4.7289
v  4.3280 5.7477 -4.6130
v  4.1663 5.5507 -5.0349
v  4.2224 5.6192 -4.9438
v  3.9382 5.2728 -5.2245
v  3.8396 5.1525 -5.2484
v  4.1026 5.4732 -5.1131
v  4.0233 5.3765 -5.1794
v  3.7690 6.1147 -4.7289
v  3.7899 6.1460 -4.6130
v  3.6483 5.9342 -5.0349
v  3.6975 6.0078 -4.9438
v  3.4486 5.6352 -5.2245
v  3.3623 5.5059 -5.2484
v  3.5926 5.8508 -5.1131
v  3.5231 5.7468 -5.1794
v  3.1978 6.4567 -4.7289
v  3.2156 6.4899 -4.6130
v  3.0954 6.2652 -5.0349
v  3.1372 6.3433 -4.9439
v  2.9260 5.9481 -5.2245
v  2.8527 5.8110 -5.2484
v  3.0481 6.1768 -5.1131
v  2.9892 6.0665 -5.1794
v  2.5954 6.7415 -4.7289
v  2.6096 6.7764 -4.6130
v  2.5128 6.5406 -5.0349
v  2.5467 6.6225 -4.9439
v  2.3753 6.2085 -5.2245
v  2.3158 6.0648 -5.2484
v  2.4745 6.4480 -5.1131
v  2.4266 6.3324 -5.1794
v  1.9682 6.9659 -4.7289
v  1.9786 7.0021 -4.6130
v  1.9061 6.7578 -5.0349
v  1.9317 6.8425 -4.9439
v  1.8018 6.4137 -5.2245
v  1.7566 6.2650 -5.2484
v  1.8770 6.6618 -5.1131
v  1.8407 6.5421 -5.1794
v  1.3232 7.1276 -4.7289
v  1.3304 7.1646 -4.6131
v  1.2811 6.9145 -5.0349
v  1.2983 7.0014 -4.9439
v  1.2109 6.5619 -5.2245
v  1.1805 6.4094 -5.2484
v  1.2615 6.8161 -5.1131
v  1.2371 6.6935 -5.1794
v  0.6649 7.2257 -4.7289
v  0.6685 7.2632 -4.6130
v  0.6438 7.0095 -5.0349
v  0.6524 7.0977 -4.9439
v  0.6084 6.6517 -5.2245
v  0.5931 6.4970 -5.2484
v  0.6339 6.9097 -5.1131
v  0.6216 6.7853 -5.1794
v  6.7507 -0.1912 -4.7284
v  6.7886 -0.1949 -4.6128
v  6.5367 -0.1702 -5.0360
v  6.6239 -0.1788 -4.9438
v  6.1779 -0.1347 -5.2245
v  6.0232 -0.1194 -5.2484
v  6.4362 -0.1603 -5.1135
v  6.3115 -0.1480 -5.1794
v  6.6527 -0.8496 -4.7286
v  6.6904 -0.8570 -4.6132
v  6.4417 -0.8076 -5.0360
v  6.5275 -0.8247 -4.9439
v  6.0881 -0.7372 -5.2245
v  5.9356 -0.7069 -5.2484
v  6.3426 -0.7879 -5.1135
v  6.2201 -0.7635 -5.1803
v  6.4907 -1.4952 -4.7285
v  6.5272 -1.5062 -4.6129
v  6.2849 -1.4327 -5.0360
v  6.3687 -1.4582 -4.9439
v  5.9399 -1.3281 -5.2245
v  5.7912 -1.2829 -5.2484
v  6.1882 -1.4034 -5.1135
v  6.0687 -1.3671 -5.1803
v  6.2664 -2.1219 -4.7286
v  6.3020 -2.1366 -4.6132
v  6.0677 -2.0395 -5.0360
v  6.1486 -2.0730 -4.9439
v  5.7347 -1.9016 -5.2245
v  5.5910 -1.8421 -5.2484
v  5.9744 -2.0009 -5.1135
v  5.8590 -1.9531 -5.1803
v  5.9819 -2.7236 -4.7285
v  6.0156 -2.7416 -4.6130
v  5.7922 -2.6222 -5.0360
v  5.8695 -2.6635 -4.9439
v  5.4743 -2.4523 -5.2245
v  5.3372 -2.3790 -5.2484
v  5.7032 -2.5746 -5.1135
v  5.5930 -2.5157 -5.1803
v  5.6409 -3.2953 -4.7289
v  5.6722 -3.3163 -4.6131
v  5.4603 -3.1746 -5.0349
v  5.5340 -3.2238 -4.9438
v  5.1614 -2.9749 -5.2245
v  5.0321 -2.8886 -5.2484
v  5.3769 -3.1189 -5.1131
v  5.2730 -3.0494 -5.1794
v  5.2447 -3.8304 -4.7289
v  5.2738 -3.8543 -4.6131
v  5.0769 -3.6925 -5.0349
v  5.1453 -3.7487 -4.9438
v  4.7989 -3.4645 -5.2245
v  4.6787 -3.3659 -5.2484
v  4.9993 -3.6289 -5.1131
v  4.9027 -3.5496 -5.1794
v  4.7981 -4.3244 -4.7288
v  4.8247 -4.3511 -4.6128
v  4.6445 -4.1708 -5.0348
v  4.7071 -4.2334 -4.9438
v  4.3902 -3.9165 -5.2245
v  4.2802 -3.8065 -5.2483
v  4.5735 -4.0998 -5.1131
v  4.4851 -4.0114 -5.1794
v  4.3042 -4.7712 -4.7291
v  4.3281 -4.8003 -4.6132
v  4.1663 -4.6033 -5.0350
v  4.2225 -4.6717 -4.9440
v  3.9383 -4.3252 -5.2246
v  3.8396 -4.2050 -5.2484
v  4.1027 -4.5257 -5.1132
v  4.0234 -4.4290 -5.1794
v  3.7691 -5.1673 -4.7290
v  3.7900 -5.1986 -4.6131
v  3.6484 -4.9867 -5.0350
v  3.6976 -5.0603 -4.9439
v  3.4486 -4.6877 -5.2246
v  3.3623 -4.5584 -5.2484
v  3.5926 -4.9033 -5.1131
v  3.5231 -4.7993 -5.1794
v  3.1978 -5.5092 -4.7291
v  3.2156 -5.5425 -4.6133
v  3.0954 -5.3177 -5.0349
v  3.1372 -5.3958 -4.9439
v  2.9260 -5.0006 -5.2245
v  2.8527 -4.8635 -5.2484
v  3.0482 -5.2292 -5.1131
v  2.9892 -5.1189 -5.1794
v  2.5964 -5.7937 -4.7289
v  2.6106 -5.8285 -4.6131
v  2.5140 -5.5929 -5.0347
v  2.5476 -5.6748 -4.9437
v  2.3761 -5.2608 -5.2245
v  2.3158 -5.1174 -5.2484
v  2.4758 -5.5002 -5.1130
v  2.4278 -5.3847 -5.1793
v  2.0628 -5.9866 -4.7370
v  2.0591 -6.0297 -4.6187
v  2.0799 -5.7511 -5.0404
v  2.0729 -5.8456 -4.9511
v  2.1442 -5.3565 -5.2243
v  2.1366 -5.1961 -5.2479
v  2.0880 -5.6445 -5.1152
v  2.0947 -5.5319 -5.1722
v  6.7291 0.4738 -4.8403
v  6.6958 1.1334 -4.8404
v  6.5985 1.7864 -4.8404
v  6.4378 2.4267 -4.8404
v  6.2154 3.0483 -4.8404
v  5.9332 3.6451 -4.8404
v  5.5941 4.2116 -4.8404
v  5.2012 4.7422 -4.8405
v  4.7582 5.2320 -4.8403
v  4.2682 5.6750 -4.8403
v  3.7376 6.0678 -4.8403
v  3.1712 6.4069 -4.8403
v  2.5741 6.6892 -4.8403
v  1.9524 6.9117 -4.8403
v  1.3123 7.0722 -4.8403
v  0.6594 7.1695 -4.8403
v  6.6958 -0.1858 -4.8404
v  6.5984 -0.8388 -4.8404
v  6.4378 -1.4791 -4.8404
v  6.2153 -2.1007 -4.8404
v  5.9332 -2.6975 -4.8404
v  5.5940 -3.2639 -4.8403
v  5.2011 -3.7945 -4.8403
v  4.7582 -4.2845 -4.8402
v  4.2683 -4.7275 -4.8405
v  3.7377 -5.1204 -4.8404
v  3.1712 -5.4595 -4.8404
v  2.5750 -5.7415 -4.8402
v  2.0668 -5.9250 -4.8492
v  1.6947 -5.5319 -5.1341
v  1.8661 -5.5319 -5.1662
v  1.8626 -5.3654 -5.2002
v  1.7009 -5.3949 -5.1626
v  1.6731 -5.9511 -4.8333
v  1.8439 -5.9527 -4.8487
v  1.8470 -5.8715 -4.9480
v  1.6773 -5.8696 -4.9303
v  1.6676 -6.0616 -4.5969
v  1.8418 -6.0619 -4.6106
v  1.8428 -6.0162 -4.7384
v  1.6694 -6.0127 -4.7284
v  1.6829 -5.7678 -5.0178
v  1.8511 -5.7705 -5.0388
v  1.8572 -5.6608 -5.1094
v  1.6873 -5.6558 -5.0842
v  2.0001 -5.3640 -5.2234
v  1.8917 -5.3667 -5.2066
v  1.8956 -5.5327 -5.1714
v  1.9819 -5.5420 -5.1766
v  1.9614 -5.8691 -4.9557
v  1.8769 -5.8719 -4.9512
v  1.8738 -5.9529 -4.8513
v  1.9568 -5.9483 -4.8534
v  1.9544 -6.0123 -4.7412
v  1.8727 -6.0167 -4.7401
v  1.8718 -6.0621 -4.6130
v  1.9500 -6.0565 -4.6180
v  1.9737 -5.6628 -5.1196
v  1.8869 -5.6617 -5.1139
v  1.8810 -5.7710 -5.0423
v  1.9668 -5.7704 -5.0457
v  2.0664 -5.5383 -5.1740
v  2.1156 -5.3633 -5.2253
v  2.0381 -5.9328 -4.8516
v  2.0441 -5.8529 -4.9535
v  2.0305 -6.0386 -4.6202
v  2.0341 -5.9950 -4.7389
v  2.0511 -5.7577 -5.0431
v  2.0590 -5.6504 -5.1166
v  2.1075 -5.2008 -5.2484
v  2.0455 -5.2008 -5.2455
v  0.2291 -5.2982 -6.4035
v  -0.0000 -5.2994 -6.4266
v  1.1061 -5.2588 -5.9369
v  0.9137 -5.2733 -6.0995
v  0.4649 -5.2933 -6.3379
v  0.6963 -5.2850 -6.2350
v  1.2638 -5.2413 -5.7518
v  1.3762 -5.2193 -5.5478
v  1.4232 -5.2038 -5.3665
v  0.2274 -1.0263 -6.6244
v  0.2329 -0.9505 -6.6738
v  0.8863 -0.7626 -6.3472
v  1.0706 -0.5976 -6.2011
v  1.0868 -0.5013 -6.2263
v  0.9020 -0.6693 -6.3832
v  0.4571 -0.9781 -6.5631
v  0.4677 -0.8962 -6.6116
v  0.6734 -0.8937 -6.4730
v  0.6876 -0.8052 -6.5160
v  1.2357 -0.3842 -6.0215
v  1.2501 -0.2910 -6.0309
v  1.3708 -0.1071 -5.7968
v  1.3747 -0.0450 -5.7996
v  1.4246 0.0459 -5.5882
v  1.4264 0.0816 -5.5896
v  1.5148 0.1160 -5.4222
v  1.4649 0.1246 -5.4782
v  1.4618 0.0954 -5.4772
v  1.5127 0.0900 -5.4216
v  1.6965 0.0512 -5.3910
v  1.9670 0.0218 -5.4398
v  1.9687 0.0341 -5.4401
v  1.6979 0.0701 -5.3911
v  2.0555 0.0331 -5.4521
v  1.9994 0.0419 -5.4453
v  1.9979 0.0303 -5.4454
v  2.0544 0.0242 -5.4521
v  2.0485 -1.5985 -5.4095
v  1.9904 -1.5985 -5.4014
v  1.9896 -2.8099 -5.3507
v  2.0470 -2.8099 -5.3593
v  2.1116 0.0244 -5.4525
v  2.1109 0.0182 -5.4524
v  2.1090 -1.5985 -5.4106
v  2.1082 -2.8099 -5.3611
v  1.9907 -5.2005 -5.2367
v  0.2646 1.8044 -6.9105
v  0.2869 1.9166 -5.5940
v  0.3158 2.0621 -5.3895
v  0.3026 1.9961 -5.4230
v  0.5191 1.7271 -6.9105
v  0.5627 1.8324 -5.5946
v  0.6190 1.9685 -5.3899
v  0.5934 1.9067 -5.4238
v  0.7537 1.6019 -6.9105
v  0.8173 1.6969 -5.5946
v  0.8992 1.8194 -5.3898
v  0.8620 1.7637 -5.4237
v  0.9598 1.4336 -6.9105
v  1.0408 1.5145 -5.5946
v  1.1451 1.6187 -5.3898
v  1.0977 1.5713 -5.4236
v  1.1285 1.2278 -6.9105
v  1.2242 1.2916 -5.5946
v  1.3469 1.3735 -5.3897
v  1.2911 1.3363 -5.4235
v  1.2536 0.9930 -6.9105
v  1.3604 1.0372 -5.5946
v  1.4966 1.0936 -5.3897
v  1.4346 1.0679 -5.4234
v  1.3310 0.7385 -6.9105
v  1.4439 0.7609 -5.5946
v  1.5884 0.7897 -5.3896
v  1.5225 0.7766 -5.4233
v  1.3574 0.4738 -6.9105
v  1.4726 0.4738 -5.5946
v  1.6199 0.4739 -5.3894
v  1.5525 0.4739 -5.4228
v  0.3393 2.1792 -5.3907
v  0.3928 2.4491 -5.4400
v  0.4098 2.5343 -5.4518
v  0.4211 2.5909 -5.4525
v  0.6647 2.0785 -5.3907
v  0.7698 2.3324 -5.4400
v  0.8034 2.4135 -5.4518
v  0.8259 2.4676 -5.4525
v  0.9653 1.9186 -5.3907
v  1.1181 2.1470 -5.4400
v  1.1666 2.2198 -5.4518
v  1.1990 2.2683 -5.4525
v  1.2293 1.7031 -5.3906
v  1.4238 1.8973 -5.4400
v  1.4853 1.9590 -5.4518
v  1.5262 2.0000 -5.4525
v  1.4460 1.4398 -5.3907
v  1.6748 1.5926 -5.4400
v  1.7470 1.6410 -5.4518
v  1.7949 1.6731 -5.4525
v  1.6068 1.1393 -5.3906
v  1.8609 1.2445 -5.4400
v  1.9408 1.2776 -5.4517
v  1.9938 1.2996 -5.4525
v  1.7054 0.8130 -5.3906
v  1.9753 0.8666 -5.4400
v  2.0605 0.8836 -5.4518
v  2.1172 0.8949 -5.4525
v  1.7394 0.4737 -5.3906
v  2.0143 0.4738 -5.4400
v  2.1012 0.4738 -5.4518
v  2.1588 0.4738 -5.4525
v  0.2615 1.7882 -6.9877
v  0.2564 1.7625 -7.0215
v  0.5128 1.7118 -6.9876
v  0.5028 1.6876 -7.0215
v  0.7446 1.5882 -6.9877
v  0.7300 1.5664 -7.0215
v  0.9481 1.4219 -6.9877
v  0.9296 1.4034 -7.0215
v  1.1147 1.2185 -6.9877
v  1.0929 1.2040 -7.0216
v  1.2383 0.9867 -6.9877
v  1.2141 0.9766 -7.0216
v  1.3147 0.7353 -6.9877
v  1.2890 0.7302 -7.0216
v  1.3409 0.4738 -6.9877
v  1.3146 0.4738 -7.0215
v  1.4413 0.1731 -5.5947
v  1.3306 0.2089 -6.9104
v  1.5866 0.1585 -5.3898
v  1.5205 0.1719 -5.4232
v  1.9748 0.0888 -5.4396
v  1.7037 0.1379 -5.3907
v  2.0598 0.0719 -5.4519
v  2.1158 0.0600 -5.4525
v  0.2615 -0.8409 -6.9878
v  0.2564 -0.8151 -7.0216
v  0.5129 -0.7645 -6.9878
v  0.5028 -0.7402 -7.0216
v  0.7447 -0.6408 -6.9878
v  0.7301 -0.6190 -7.0217
v  0.9481 -0.4743 -6.9877
v  0.9296 -0.4558 -7.0215
v  1.1145 -0.2709 -6.9875
v  1.0927 -0.2563 -7.0214
v  1.2381 -0.0390 -6.9875
v  1.2139 -0.0290 -7.0214
v  1.3145 0.2123 -6.9875
v  1.2888 0.2174 -7.0214
v  0.3987 2.4781 -5.4453
v  0.7812 2.3597 -5.4453
v  1.1345 2.1717 -5.4453
v  1.4447 1.9183 -5.4453
v  1.6995 1.6091 -5.4453
v  1.8883 1.2558 -5.4453
v  2.0044 0.8724 -5.4453
v  2.0440 0.4738 -5.4453
v  2.0039 0.0835 -5.4449
v  0.2664 -0.8604 -6.8709
v  0.2647 -0.8572 -6.9107
v  0.9871 -0.5072 -6.5163
v  1.1643 -0.3189 -6.3238
v  1.1278 -0.2805 -6.9103
v  0.9598 -0.4860 -6.9105
v  0.5319 -0.7858 -6.7981
v  0.5202 -0.7795 -6.9107
v  0.7705 -0.6678 -6.6782
v  0.7541 -0.6545 -6.9107
v  1.3075 -0.1036 -6.0850
v  1.2530 -0.0462 -6.9104
v  1.4046 0.1024 -5.8239
v  1.6680 0.0940 -5.3853
v  1.5816 0.1057 -5.3892
v  1.5800 0.0828 -5.3890
v  1.6661 0.0744 -5.3854
v  1.4315 0.0654 -5.5615
v  1.4605 0.0660 -5.4773
v  1.4331 0.0981 -5.5622
v  0.2928 1.9468 -5.4788
v  0.2875 1.9191 -5.5642
v  0.5744 1.8607 -5.4801
v  0.5637 1.8348 -5.5648
v  0.6533 2.0511 -5.3853
v  0.3334 2.1501 -5.3853
v  0.8343 1.7223 -5.4799
v  0.8187 1.6991 -5.5648
v  0.9489 1.8939 -5.3853
v  1.0624 1.5360 -5.4797
v  1.0427 1.5164 -5.5648
v  1.2084 1.6821 -5.3853
v  1.2495 1.3085 -5.4797
v  1.2264 1.2931 -5.5648
v  1.4213 1.4233 -5.3853
v  1.3883 1.0488 -5.4794
v  1.3628 1.0382 -5.5648
v  1.5794 1.1279 -5.3853
v  1.4734 0.7668 -5.4792
v  1.4464 0.7615 -5.5648
v  1.6764 0.8072 -5.3853
v  1.5022 0.4739 -5.4785
v  1.4752 0.4738 -5.5648
v  1.7097 0.4738 -5.3853
v  1.4719 0.1835 -5.4795
v  1.4453 0.1925 -5.5648
v  1.6746 0.1431 -5.3853
v  1.4608 -5.1947 -5.2543
v  1.4307 -5.2013 -5.3376
v  1.5197 -1.5982 -5.3652
v  1.4690 -1.5979 -5.4132
v  1.4681 -2.8094 -5.3608
v  1.5190 -2.8097 -5.3123
v  1.5825 -1.5984 -5.3378
v  1.5828 -2.8099 -5.2844
v  1.6660 -1.5985 -5.3361
v  1.6674 -2.8099 -5.2826
v  1.9609 -1.5985 -5.3957
v  1.6954 -1.5985 -5.3420
v  1.6968 -2.8099 -5.2888
v  1.9602 -2.8099 -5.3446
v  0.2291 -4.0206 -6.4643
v  0.2291 -2.8092 -6.5219
v  0.9064 -4.0206 -6.1637
v  1.0960 -4.0206 -6.0043
v  1.0863 -2.8092 -6.0705
v  0.8993 -2.8092 -6.2259
v  0.4637 -4.0206 -6.3989
v  0.4626 -2.8092 -6.4569
v  0.6903 -4.0206 -6.2981
v  0.6845 -2.8092 -6.3585
v  1.2566 -4.0207 -5.8206
v  1.2496 -2.8093 -5.8889
v  1.3759 -4.0207 -5.6070
v  1.3755 -2.8092 -5.6669
v  1.4245 -4.0207 -5.4175
v  1.4257 -2.8092 -5.4696
v  1.4320 -4.0207 -5.3884
v  1.4643 -4.0208 -5.3066
v  1.4331 -2.8092 -5.4405
v  1.5118 -5.1905 -5.2002
v  1.5809 -5.1878 -5.1683
v  1.6714 -5.1874 -5.1668
v  1.9614 -5.1918 -5.2306
v  1.7007 -5.1886 -5.1732
v  0.2449 -0.8947 -6.7446
v  0.2657 -0.8632 -6.8411
v  0.2290 -1.1270 -6.6018
v  0.9347 -0.5859 -6.4305
v  1.1173 -0.4106 -6.2583
v  1.1630 -0.3253 -6.2959
v  0.9858 -0.5120 -6.4877
v  0.8880 -0.8671 -6.3256
v  1.0689 -0.7001 -6.1850
v  0.4911 -0.8319 -6.6791
v  0.5316 -0.7888 -6.7687
v  0.4610 -1.0826 -6.5396
v  0.7184 -0.7310 -6.5747
v  0.7690 -0.6719 -6.6492
v  0.6760 -0.9983 -6.4489
v  1.2740 -0.2003 -6.0434
v  1.3066 -0.1116 -6.0581
v  1.2299 -0.4798 -6.0160
v  1.3844 0.0163 -5.8037
v  1.3987 0.0768 -5.8086
v  1.3670 -0.1693 -5.7941
v  1.4307 0.1166 -5.5924
v  1.4372 0.1529 -5.5927
v  1.4250 0.0134 -5.5834
v  1.5111 0.0638 -5.4218
v  1.4597 0.0366 -5.4776
v  1.5098 0.0377 -5.4223
v  1.5174 0.1421 -5.4233
v  1.4688 0.1537 -5.4796
v  1.6991 0.0891 -5.3910
v  1.9698 0.0464 -5.4400
v  1.9711 0.0579 -5.4399
v  1.7005 0.1080 -5.3906
v  1.6952 0.0323 -5.3907
v  1.9662 0.0105 -5.4397
v  2.0533 0.0153 -5.4520
v  1.9966 0.0186 -5.4451
v  1.9952 0.0069 -5.4449
v  2.0522 0.0064 -5.4519
v  2.0567 0.0419 -5.4522
v  2.0008 0.0536 -5.4453
v  2.1104 0.0125 -5.4524
v  2.1102 0.0064 -5.4523
v  2.1127 0.0301 -5.4525
v  1.5784 0.0599 -5.3893
v  1.6656 0.0546 -5.3855
v  1.6714 0.1133 -5.3853
v  1.5834 0.1286 -5.3899
v  1.5769 0.0369 -5.3896
v  1.4371 0.1305 -5.5633
v  1.4311 0.0327 -5.5612
v  0.2493 1.7272 -7.0447
v  0.2399 1.6799 -7.0545
v  0.2641 1.8019 -6.9404
v  0.4890 1.6544 -7.0447
v  0.4705 1.6098 -7.0545
v  0.5181 1.7247 -6.9404
v  0.7100 1.5365 -7.0447
v  0.6833 1.4964 -7.0545
v  0.7523 1.5997 -6.9404
v  0.9041 1.3779 -7.0447
v  0.8700 1.3438 -7.0545
v  0.9579 1.4317 -6.9404
v  1.0629 1.1839 -7.0447
v  1.0227 1.1571 -7.0545
v  1.1263 1.2263 -6.9404
v  1.1807 0.9628 -7.0447
v  1.1361 0.9443 -7.0545
v  1.2512 0.9920 -6.9404
v  1.2536 0.7231 -7.0447
v  1.2062 0.7137 -7.0545
v  1.3284 0.7380 -6.9404
v  1.2786 0.4738 -7.0447
v  1.2304 0.4738 -7.0545
v  1.3548 0.4738 -6.9404
v  0.2493 -0.7797 -7.0448
v  0.2399 -0.7324 -7.0545
v  0.2642 -0.8546 -6.9406
v  0.4890 -0.7069 -7.0448
v  0.4705 -0.6623 -7.0545
v  0.5182 -0.7774 -6.9406
v  0.7101 -0.5890 -7.0448
v  0.6833 -0.5488 -7.0545
v  0.7525 -0.6525 -6.9406
v  0.9041 -0.4303 -7.0447
v  0.8700 -0.3962 -7.0545
v  0.9580 -0.4842 -6.9404
v  1.0628 -0.2363 -7.0446
v  1.0227 -0.2095 -7.0545
v  1.1260 -0.2785 -6.9402
v  1.1807 -0.0152 -7.0446
v  1.1361 0.0032 -7.0545
v  1.2509 -0.0443 -6.9403
v  1.2535 0.2245 -7.0446
v  1.2062 0.2339 -7.0545
v  1.3281 0.2096 -6.9403
v  2.0461 -4.0210 -5.3017
v  1.9899 -4.0211 -5.2940
v  1.9934 -5.1805 -5.2382
v  2.0455 -5.1808 -5.2464
v  2.0521 -0.0236 -5.4513
v  1.9950 -0.0231 -5.4444
v  2.1077 -4.0211 -5.3053
v  2.1058 -5.1808 -5.2493
v  2.1102 -0.0236 -5.4520
v  1.5153 -4.0209 -5.2552
v  1.5100 0.0077 -5.4213
v  1.4599 0.0066 -5.4765
v  1.5818 -4.0210 -5.2253
v  1.5770 0.0069 -5.3886
v  1.6693 -4.0211 -5.2243
v  1.6657 0.0048 -5.3845
v  1.9606 -4.0211 -5.2875
v  1.6986 -4.0211 -5.2307
v  1.9655 -0.0207 -5.4391
v  1.6952 0.0022 -5.3901
v  0.2290 -1.5977 -6.5794
v  0.2299 -1.1570 -6.6002
v  0.8922 -1.5977 -6.2881
v  1.0762 -1.5977 -6.1362
v  1.0752 -0.7269 -6.1779
v  0.8939 -0.8949 -6.3200
v  0.4615 -1.5977 -6.5149
v  0.4642 -1.1121 -6.5371
v  0.6788 -1.5977 -6.4190
v  0.6811 -1.0270 -6.4448
v  1.2418 -1.5978 -5.9568
v  1.2325 -0.5079 -6.0114
v  1.3747 -1.5978 -5.7265
v  1.3671 -0.1993 -5.7927
v  1.4262 -1.5977 -5.5215
v  1.4237 -0.0294 -5.5877
v  1.4336 -1.5977 -5.4924
v  1.4311 0.0027 -5.5600
v  0.4270 2.6205 -5.4509
v  1.1766 6.3898 -5.2494
v  0.5902 6.4773 -5.2494
v  6.0333 0.4738 -5.2494
v  6.0033 1.0660 -5.2494
v  2.1889 0.4737 -5.4509
v  0.8374 2.4954 -5.4509
v  2.3081 6.0464 -5.2494
v  1.7499 6.2462 -5.2494
v  2.8424 5.7939 -5.2494
v  1.2158 2.2933 -5.4509
v  3.3511 5.4893 -5.2494
v  1.5474 2.0213 -5.4509
v  3.8262 5.1377 -5.2494
v  4.2661 4.7400 -5.2494
v  4.6626 4.3016 -5.2494
v  1.8199 1.6898 -5.4509
v  5.0155 3.8250 -5.2494
v  2.0216 1.3111 -5.4509
v  5.3191 3.3180 -5.2494
v  5.5725 2.7820 -5.2494
v  5.7718 2.2256 -5.2494
v  2.1467 0.9008 -5.4509
v  5.9160 1.6506 -5.2494
v  6.0035 -0.1165 -5.2494
v  2.1411 0.0157 -5.4509
v  5.9163 -0.7020 -5.2494
v  2.1389 -1.6008 -5.4094
v  5.7724 -1.2762 -5.2494
v  5.5730 -1.8336 -5.2494
v  5.3201 -2.3688 -5.2494
v  2.1382 -2.8169 -5.3599
v  5.0160 -2.8767 -5.2494
v  4.6639 -3.3525 -5.2493
v  4.2661 -3.7924 -5.2493
v  2.1377 -4.0730 -5.3022
v  3.8278 -4.1889 -5.2494
v  3.3520 -4.5412 -5.2494
v  2.8442 -4.8454 -5.2494
v  2.3078 -5.0991 -5.2495
v  2.1309 -5.1768 -5.2490
v  0.2340 -0.7028 -7.0545
v  0.1845 -0.4529 -7.0545
v  0.4590 -0.6344 -7.0545
v  0.3615 -0.3991 -7.0545
v  0.6665 -0.5237 -7.0545
v  0.5249 -0.3120 -7.0545
v  0.8487 -0.3749 -7.0545
v  0.6685 -0.1947 -7.0545
v  0.9976 -0.1928 -7.0545
v  0.7858 -0.0511 -7.0545
v  1.1082 0.0148 -7.0545
v  0.8729 0.1123 -7.0545
v  1.1767 0.2398 -7.0545
v  0.9267 0.2894 -7.0545
v  1.2002 0.4738 -7.0545
v  0.9454 0.4738 -7.0545
v  1.1767 0.7078 -7.0545
v  0.9267 0.6582 -7.0545
v  1.1083 0.9328 -7.0545
v  0.8729 0.8353 -7.0545
v  0.9976 1.1404 -7.0545
v  0.7858 0.9986 -7.0545
v  0.8487 1.3225 -7.0545
v  0.6685 1.1423 -7.0545
v  0.6665 1.4713 -7.0545
v  0.5249 1.2595 -7.0545
v  0.4590 1.5820 -7.0545
v  0.3615 1.3466 -7.0545
v  0.2340 1.6504 -7.0545
v  0.1844 1.4005 -7.0545
v  0.1706 1.3315 -7.0545
v  0.3346 1.2816 -7.0545
v  0.4859 1.2010 -7.0545
v  0.6187 1.0925 -7.0545
v  0.7272 0.9597 -7.0545
v  0.8079 0.8084 -7.0545
v  0.8577 0.6444 -7.0545
v  0.8750 0.4738 -7.0545
v  0.8577 0.3032 -7.0545
v  0.8079 0.1392 -7.0545
v  0.7272 -0.0121 -7.0545
v  0.6187 -0.1449 -7.0545
v  0.4859 -0.2534 -7.0545
v  0.3346 -0.3341 -7.0545
v  0.1706 -0.3839 -7.0545
v  0.6613 7.1896 -1.1948
v  1.3161 7.0920 -1.1948
v  1.9583 6.9310 -1.1948
v  2.5816 6.7080 -1.1948
v  3.1801 6.4251 -1.1948
v  3.7482 6.0850 -1.1948
v  4.2804 5.6911 -1.1948
v  4.7717 5.2471 -1.1948
v  5.2159 4.7561 -1.1948
v  5.6100 4.2240 -1.1948
v  5.9502 3.6561 -1.1948
v  6.2333 3.0576 -1.1948
v  6.4566 2.4343 -1.1948
v  6.6178 1.7922 -1.1948
v  6.7157 1.1374 -1.1948
v  6.7494 0.4762 -1.1948
v  6.7161 -0.1851 -1.1948
v  6.6187 -0.8400 -1.1948
v  6.4579 -1.4822 -1.1948
v  6.2351 -2.1056 -1.1948
v  5.9524 -2.7043 -1.1948
v  5.6126 -3.2725 -1.1948
v  5.2189 -3.8048 -1.1948
v  4.7750 -4.2962 -1.1948
v  4.2841 -4.7406 -1.1948
v  3.7522 -5.1349 -1.1948
v  3.1844 -5.4753 -1.1948
v  2.5860 -5.7586 -1.1948
v  1.9628 -5.9821 -1.1948
v  1.3208 -6.1436 -1.1948
v  0.6660 -6.2416 -1.1948
v  0.6709 7.2870 -0.2636
v  1.3352 7.1880 -0.2636
v  1.9867 7.0246 -0.2636
v  2.6191 6.7983 -0.2636
v  3.2263 6.5113 -0.2636
v  3.8026 6.1663 -0.2636
v  4.3426 5.7667 -0.2636
v  4.8409 5.3162 -0.2636
v  5.2917 4.8181 -0.2636
v  5.6914 4.2783 -0.2636
v  6.0366 3.7020 -0.2636
v  6.3238 3.0949 -0.2636
v  6.5503 2.4626 -0.2636
v  6.7139 1.8111 -0.2636
v  6.8131 1.1468 -0.2636
v  6.8473 0.4759 -0.2636
v  6.8135 -0.1950 -0.2636
v  6.7146 -0.8593 -0.2637
v  6.5515 -1.5109 -0.2636
v  6.3254 -2.1433 -0.2636
v  6.0386 -2.7507 -0.2636
v  5.6938 -3.3271 -0.2636
v  5.2943 -3.8671 -0.2636
v  4.8440 -4.3657 -0.2636
v  4.3459 -4.8165 -0.2636
v  3.8063 -5.2164 -0.2636
v  3.2301 -5.5618 -0.2636
v  2.6231 -5.8492 -0.2636
v  1.9908 -6.0758 -0.2636
v  1.3395 -6.2396 -0.2636
v  0.6756 -6.3406 -0.2637
v  0.0925 -6.3292 -0.7322
v  0.0890 -6.3400 -0.7516
v  0.0867 -6.2658 -1.6352
v  -0.0000 -6.2655 -1.6436
v  0.0890 -6.2460 -1.6457
v  0.1701 -6.2666 -1.6099
v  0.1746 -6.2470 -1.6196
v  0.2469 -6.2681 -1.5687
v  0.2535 -6.2487 -1.5772
v  0.3144 -6.2706 -1.5133
v  0.3227 -6.2514 -1.5203
v  0.3698 -6.2744 -1.4459
v  0.3796 -6.2555 -1.4509
v  0.4110 -6.2796 -1.3689
v  0.4219 -6.2611 -1.3718
v  0.4364 -6.2865 -1.2855
v  0.4480 -6.2682 -1.2860
v  0.4450 -6.2950 -1.1988
v  0.4567 -6.2769 -1.1969
v  0.4364 -6.3048 -1.1123
v  0.4480 -6.2870 -1.1079
v  0.1815 -6.3246 -0.7591
v  0.1746 -6.3355 -0.7773
v  0.2634 -6.3172 -0.8027
v  0.2535 -6.3284 -0.8191
v  0.3352 -6.3078 -0.8613
v  0.3227 -6.3193 -0.8753
v  0.3941 -6.2970 -0.9328
v  0.3796 -6.3089 -0.9440
v  0.4379 -6.2856 -1.0145
v  0.4219 -6.2978 -1.0225
v  0.4648 -6.2744 -1.1032
v  -0.0000 -6.3115 -1.6430
v  0.0859 -6.3117 -1.6344
v  0.0858 -6.3508 -1.6384
v  0.1684 -6.3123 -1.6093
v  0.1683 -6.3535 -1.6135
v  0.2444 -6.3136 -1.5686
v  0.2443 -6.3577 -1.5731
v  0.3111 -6.3157 -1.5138
v  0.3111 -6.3634 -1.5189
v  0.3658 -6.3192 -1.4472
v  0.3657 -6.3704 -1.4524
v  0.4064 -6.3242 -1.3712
v  0.4063 -6.3783 -1.3768
v  0.4315 -6.3308 -1.2888
v  0.4313 -6.3870 -1.2948
v  0.4400 -6.3391 -1.2035
v  0.4400 -6.3959 -1.2094
v  0.4315 -6.3488 -1.1182
v  0.4313 -6.4049 -1.1241
v  -0.0000 -6.4419 -0.7719
v  0.0858 -6.4410 -0.7805
v  0.0859 -6.4019 -0.7763
v  0.1683 -6.4384 -0.8054
v  0.1684 -6.3973 -0.8009
v  0.2443 -6.4342 -0.8457
v  0.2444 -6.3901 -0.8411
v  0.3111 -6.4285 -0.9000
v  0.3111 -6.3809 -0.8950
v  0.3657 -6.4215 -0.9664
v  0.3658 -6.3704 -0.9610
v  0.4063 -6.4135 -1.0421
v  0.4064 -6.3595 -1.0363
v  0.0838 -6.3618 -1.6296
v  0.1644 -6.3644 -1.6053
v  0.2388 -6.3685 -1.5658
v  0.3040 -6.3741 -1.5128
v  0.3573 -6.3809 -1.4479
v  0.3970 -6.3887 -1.3740
v  0.4215 -6.3971 -1.2938
v  0.4299 -6.4059 -1.2105
v  0.4215 -6.4146 -1.1271
v  0.0838 -6.4499 -0.7913
v  0.1644 -6.4474 -0.8157
v  0.2388 -6.4432 -0.8551
v  0.3040 -6.4377 -0.9081
v  0.3573 -6.4308 -0.9730
v  0.3970 -6.4231 -1.0470
v  0.0858 -6.3608 -1.6394
v  0.1683 -6.3634 -1.6145
v  0.2443 -6.3677 -1.5742
v  0.3111 -6.3734 -1.5199
v  0.3657 -6.3803 -1.4535
v  0.4062 -6.3883 -1.3778
v  0.4313 -6.3969 -1.2958
v  0.4400 -6.4059 -1.2105
v  0.4313 -6.4148 -1.1252
v  0.0858 -6.4510 -0.7815
v  0.1683 -6.4483 -0.8065
v  0.2443 -6.4441 -0.8468
v  0.3111 -6.4384 -0.9011
v  0.3657 -6.4314 -0.9675
v  0.4062 -6.4235 -1.0431
v  0.1016 -6.2211 -1.7063
v  0.1016 -6.3281 -0.6871
v  0.1991 -6.3229 -0.7167
v  -0.0000 -6.3733 -0.2636
v  0.1991 -6.2221 -1.6762
v  0.2887 -6.2239 -1.6275
v  0.3671 -6.2269 -1.5622
v  0.4312 -6.2315 -1.4831
v  0.4788 -6.2377 -1.3931
v  0.5080 -6.2453 -1.2957
v  0.5179 -6.2552 -1.1946
v  0.5081 -6.2671 -1.0938
v  0.4788 -6.2794 -0.9969
v  0.4312 -6.2920 -0.9076
v  0.3671 -6.3040 -0.8292
v  0.2887 -6.3144 -0.7647
v  0.0859 -6.2918 -1.6324
v  0.1684 -6.2924 -1.6072
v  0.2444 -6.2937 -1.5665
v  0.3111 -6.2958 -1.5117
v  0.3658 -6.2993 -1.4451
v  0.4065 -6.3043 -1.3691
v  0.4315 -6.3109 -1.2869
v  0.4400 -6.3192 -1.2014
v  0.4315 -6.3289 -1.1161
v  0.0859 -6.3820 -0.7741
v  0.1684 -6.3774 -0.7988
v  0.2444 -6.3702 -0.8389
v  0.3111 -6.3610 -0.8930
v  0.3658 -6.3505 -0.9589
v  0.4065 -6.3396 -1.0342
v  0.0976 -6.2232 -1.6867
v  -0.0000 -6.2229 -1.6965
v  0.0976 -6.3262 -0.7067
v  0.1913 -6.3212 -0.7352
v  0.1913 -6.2242 -1.6578
v  0.2775 -6.2261 -1.6110
v  0.3528 -6.2292 -1.5483
v  0.4145 -6.2337 -1.4722
v  0.4602 -6.2398 -1.3856
v  0.4979 -6.2572 -1.1948
v  0.4884 -6.2477 -1.2920
v  0.4884 -6.2682 -1.0978
v  0.4603 -6.2800 -1.0046
v  0.4145 -6.2920 -0.9187
v  0.3528 -6.3034 -0.8433
v  0.2775 -6.3134 -0.7813
v  0.0867 -6.3571 -0.7659
v  -0.0000 -6.3586 -0.7576
v  0.0925 -6.2315 -1.6624
v  0.1815 -6.2325 -1.6351
v  0.2634 -6.2343 -1.5909
v  0.3352 -6.2372 -1.5316
v  0.3941 -6.2415 -1.4594
v  0.4378 -6.2474 -1.3772
v  0.4648 -6.2549 -1.2881
v  0.4740 -6.2640 -1.1956
v  0.1701 -6.3527 -0.7909
v  0.2469 -6.3456 -0.8315
v  0.3144 -6.3366 -0.8861
v  0.3698 -6.3263 -0.9529
v  0.4110 -6.3154 -1.0292
v  0.7469 -7.0871 0.0000
v  0.7385 7.9658 0.0000
v  1.4899 7.9658 0.0000
v  2.3342 7.9630 0.0000
v  2.5307 7.9543 0.0000
v  3.1130 7.8074 0.0000
v  3.7530 7.4971 0.0000
v  4.4234 7.0958 0.0000
v  5.0515 6.6309 0.0000
v  5.6313 6.1069 0.0000
v  6.1554 5.5273 0.0000
v  6.6205 4.8994 0.0000
v  7.0220 4.2291 0.0000
v  7.3561 3.5229 0.0000
v  7.6195 2.7873 0.0000
v  7.8098 2.0295 0.0000
v  7.9253 1.2568 0.0000
v  7.9651 0.4764 0.0000
v  7.9258 -0.3041 0.0000
v  7.8108 -1.0769 0.0000
v  7.6210 -1.8348 0.0000
v  7.3580 -2.5705 0.0000
v  7.0244 -3.2770 0.0000
v  6.6233 -3.9476 0.0000
v  6.1586 -4.5758 0.0000
v  5.6348 -5.1557 0.0000
v  5.0554 -5.6801 0.0000
v  4.4276 -6.1453 0.0000
v  3.7574 -6.5470 0.0000
v  3.0511 -6.8814 0.0000
v  2.6521 -7.0389 0.0000
v  2.3323 -7.1817 0.0000
v  1.9634 -7.3844 0.0000
v  1.5944 -7.5624 0.0000
v  0.7638 -7.2669 0.0000
v  1.2059 -7.7285 0.0000
v  0.8174 -7.8485 0.0000
v  0.4680 -7.9251 0.0000
v  0.2434 -7.9543 0.0000
v  0.0884 -6.9831 -0.0234
v  0.1040 -6.9832 -0.0042
v  0.1040 -7.1444 -0.0042
v  0.0884 -7.1445 -0.0234
v  0.0684 -7.1445 -0.0396
v  0.0684 -6.9831 -0.0396
v  0.0470 -6.9831 -0.0508
v  0.0470 -7.1446 -0.0508
v  0.0236 -7.1446 -0.0577
v  -0.0000 -7.1445 -0.0600
v  -0.0000 -6.9831 -0.0600
v  0.0236 -6.9830 -0.0577
v  0.0201 -7.2131 -0.0375
v  0.0165 -7.2332 -0.0215
v  0.0219 -7.1909 -0.0490
v  0.0232 -7.1675 -0.0556
v  0.0462 -7.1674 -0.0488
v  0.0673 -7.1673 -0.0379
v  0.0869 -7.1673 -0.0219
v  0.1015 -7.1669 -0.0042
v  0.0932 -7.1906 -0.0041
v  0.0822 -7.1906 -0.0172
v  0.0788 -7.2126 -0.0039
v  0.0740 -7.2129 -0.0090
v  0.0629 -7.2281 -0.0030
v  0.0434 -7.2394 -0.0035
v  0.0479 -7.2319 -0.0104
v  0.0577 -7.2132 -0.0220
v  0.0285 -7.2446 -0.0041
v  0.0326 -7.2332 -0.0168
v  0.0437 -7.1907 -0.0426
v  0.0394 -7.2134 -0.0315
v  0.0636 -7.1906 -0.0323
v  0.0136 -7.2472 -0.0041
v  -0.0000 -7.2482 -0.0039
v  0.0485 -6.8968 -0.0111
v  0.0639 -6.9003 -0.0031
v  0.0740 -6.9147 -0.0090
v  0.0576 -6.9139 -0.0216
v  0.0134 -6.8801 -0.0043
v  0.0284 -6.8830 -0.0041
v  0.0330 -6.8950 -0.0172
v  0.0167 -6.8945 -0.0215
v  0.0200 -6.9147 -0.0377
v  0.0219 -6.9368 -0.0490
v  0.0232 -6.9602 -0.0556
v  0.0462 -6.9602 -0.0488
v  0.0673 -6.9603 -0.0379
v  0.0869 -6.9603 -0.0219
v  0.1015 -6.9606 -0.0043
v  0.0935 -6.9376 -0.0041
v  0.0822 -6.9371 -0.0172
v  0.0797 -6.9159 -0.0037
v  0.0434 -6.8883 -0.0037
v  0.0395 -6.9143 -0.0316
v  0.0437 -6.9369 -0.0426
v  0.0636 -6.9371 -0.0323
v  0.1068 -6.9831 0.0000
v  0.1068 -7.1445 0.0000
v  0.1042 -7.1670 0.0000
v  0.0961 -7.1909 0.0000
v  0.0818 -7.2130 0.0000
v  0.0644 -7.2296 0.0000
v  0.0424 -7.2424 0.0000
v  0.0284 -7.2474 0.0000
v  0.0136 -7.2503 0.0000
v  0.0134 -6.8773 0.0000
v  0.0283 -6.8802 0.0000
v  0.1042 -6.9605 0.0000
v  0.0964 -6.9374 0.0000
v  0.0829 -6.9158 0.0000
v  0.0653 -6.8987 0.0000
v  0.0425 -6.8853 0.0000
v  0.1118 -7.1448 0.0000
v  0.1118 -6.9828 0.0000
v  0.0143 -7.2553 0.0000
v  0.0297 -7.2522 0.0000
v  0.1091 -7.1681 0.0000
v  0.1006 -7.1931 0.0000
v  0.0857 -7.2162 0.0000
v  0.0674 -7.2336 0.0000
v  0.0446 -7.2469 0.0000
v  0.0140 -6.8723 0.0000
v  0.1091 -6.9594 0.0000
v  0.1009 -6.9353 0.0000
v  0.0868 -6.9126 0.0000
v  0.0683 -6.8947 0.0000
v  0.0296 -6.8754 0.0000
v  0.0447 -6.8808 0.0000
v  -0.0000 -6.6661 0.0000
v  0.7271 7.7041 -0.5640
v  0.7256 7.6899 -0.6079
v  1.4691 7.5898 -0.5631
v  1.4663 7.5766 -0.6079
v  1.4909 7.6931 -0.5000
v  0.7379 7.8083 -0.5000
v  2.3021 7.3658 -0.5635
v  2.2980 7.3533 -0.6082
v  2.3347 7.4659 -0.5000
v  2.8802 7.1442 -0.5635
v  2.8749 7.1320 -0.6081
v  2.9219 7.2409 -0.5000
v  3.4224 6.8829 -0.5626
v  3.4164 6.8716 -0.6080
v  3.4727 6.9762 -0.5000
v  4.0361 6.5152 -0.5625
v  4.0288 6.5042 -0.6077
v  4.0950 6.6034 -0.5000
v  4.6086 6.0911 -0.5618
v  4.6002 6.0809 -0.6074
v  4.6763 6.1736 -0.5000
v  5.1363 5.6124 -0.5624
v  5.1278 5.6039 -0.6083
v  5.2114 5.6875 -0.5000
v  5.6156 5.0837 -0.5624
v  5.6057 5.0756 -0.6078
v  5.6977 5.1511 -0.5000
v  6.0405 4.5118 -0.5621
v  6.0293 4.5043 -0.6074
v  6.1290 4.5709 -0.5000
v  6.4070 3.9004 -0.5630
v  6.3955 3.8942 -0.6080
v  6.5002 3.9502 -0.5000
v  6.7127 3.2560 -0.5630
v  6.7005 3.2509 -0.6080
v  6.8103 3.2965 -0.5000
v  6.9533 2.5853 -0.5637
v  6.9404 2.5814 -0.6082
v  7.0538 2.6158 -0.5000
v  7.1267 1.8926 -0.5638
v  7.1137 1.8900 -0.6083
v  7.2296 1.9132 -0.5000
v  7.2311 1.1868 -0.5639
v  7.2183 1.1856 -0.6102
v  7.3370 1.1975 -0.5000
v  7.2665 0.4763 -0.5634
v  7.2533 0.4763 -0.6098
v  7.3734 0.4763 -0.5000
v  7.2316 -0.2346 -0.5644
v  7.2174 -0.2333 -0.6097
v  7.3371 -0.2452 -0.5000
v  7.1276 -0.9407 -0.5637
v  7.1146 -0.9381 -0.6083
v  7.2306 -0.9613 -0.5000
v  6.9542 -1.6327 -0.5628
v  6.9407 -1.6286 -0.6074
v  7.0555 -1.6634 -0.5000
v  6.7137 -2.3040 -0.5629
v  6.7015 -2.2989 -0.6079
v  6.8114 -2.3444 -0.5000
v  6.4093 -2.9486 -0.5623
v  6.3978 -2.9425 -0.6077
v  6.5030 -2.9986 -0.5000
v  6.0428 -3.5600 -0.5627
v  6.0316 -3.5525 -0.6077
v  6.1309 -3.6188 -0.5000
v  5.6184 -4.1330 -0.5623
v  5.6085 -4.1248 -0.6078
v  5.7006 -4.2003 -0.5000
v  5.1399 -4.6612 -0.5625
v  5.1307 -4.6520 -0.6079
v  5.2149 -4.7362 -0.5000
v  4.6119 -5.1403 -0.5623
v  4.6035 -5.1299 -0.6076
v  4.6794 -5.2224 -0.5000
v  4.0394 -5.5653 -0.5627
v  4.0326 -5.5551 -0.6083
v  4.0984 -5.6534 -0.5000
v  3.4286 -5.9325 -0.5625
v  3.4220 -5.9203 -0.6074
v  3.4786 -6.0261 -0.5000
v  2.7712 -6.2433 -0.5628
v  2.7661 -6.2310 -0.6078
v  2.8114 -6.3412 -0.5000
v  2.0663 -6.4921 -0.5629
v  2.0622 -6.4788 -0.6075
v  2.0957 -6.5934 -0.5000
v  2.0548 -6.5594 -0.5092
v  2.0339 -6.4888 -0.6075
v  1.9568 -6.5048 -0.6072
v  1.8467 -6.5813 -0.5091
v  1.6666 -6.5753 -0.5092
v  1.6652 -6.6210 -0.5000
v  1.8449 -6.6268 -0.5000
v  1.8487 -6.5076 -0.6071
v  1.6690 -6.5018 -0.6071
v  1.6366 -6.5743 -0.5092
v  1.6390 -6.5009 -0.6071
v  1.5666 -6.5120 -0.6079
v  1.2731 -7.1421 -0.5659
v  1.3773 -6.9231 -0.6148
v  1.2622 -7.1346 -0.6121
v  1.3614 -7.2032 -0.5000
v  1.4882 -6.9692 -0.5000
v  0.4580 -7.7421 -0.5626
v  0.7121 -7.6129 -0.6090
v  0.4662 -7.7249 -0.6068
v  0.4549 -7.8554 -0.5000
v  0.7701 -7.7165 -0.5000
v  1.1132 -7.3322 -0.5646
v  1.1030 -7.3228 -0.6095
v  0.9273 -7.4743 -0.6091
v  1.0005 -7.5692 -0.5000
v  1.1895 -7.4059 -0.5000
v  1.4975 -6.7206 -0.5104
v  1.5460 -6.7240 -0.5000
v  1.4263 -6.7154 -0.6186
v  -0.0000 -7.8254 -0.5696
v  0.2397 -7.8013 -0.5671
v  0.2425 -7.7888 -0.6061
v  -0.0000 -7.8149 -0.6072
v  0.2404 -7.8904 -0.5017
v  1.4625 -6.6214 -0.5674
v  1.5071 -6.5624 -0.5647
v  1.4987 -6.5522 -0.6105
v  1.4517 -6.6155 -0.6145
v  1.5603 -6.6663 -0.5000
v  1.5791 -6.6408 -0.5000
v  1.6062 -6.6246 -0.5000
v  1.4438 -6.6873 -0.5707
v  1.5529 -6.6948 -0.5000
v  1.8776 -6.5225 -0.5627
v  1.8749 -6.6278 -0.5000
v  1.9685 -6.6237 -0.5000
v  0.0201 7.8621 -0.0375
v  0.0165 7.8420 -0.0215
v  0.0219 7.8843 -0.0490
v  0.0232 7.9077 -0.0556
v  0.0236 7.9306 -0.0577
v  0.0470 7.9306 -0.0508
v  0.0462 7.9078 -0.0488
v  0.0684 7.9307 -0.0396
v  0.0673 7.9079 -0.0379
v  0.0884 7.9307 -0.0234
v  0.0869 7.9079 -0.0219
v  0.1018 7.9308 -0.0063
v  0.0993 7.9084 -0.0063
v  0.0912 7.8849 -0.0063
v  0.0822 7.8846 -0.0172
v  0.0770 7.8629 -0.0062
v  0.0433 7.8376 -0.0058
v  0.0479 7.8433 -0.0104
v  0.0622 7.8485 -0.0050
v  0.0577 7.8620 -0.0220
v  0.0285 7.8327 -0.0063
v  0.0326 7.8420 -0.0168
v  0.0437 7.8845 -0.0426
v  0.0394 7.8618 -0.0315
v  0.0636 7.8846 -0.0323
v  0.0136 7.8298 -0.0065
v  0.0234 7.9628 -0.0578
v  0.0466 7.9631 -0.0510
v  0.0683 7.9637 -0.0397
v  0.0874 7.9645 -0.0243
v  0.1018 7.9655 -0.0063
v  0.0248 7.9703 -0.0657
v  0.0495 7.9707 -0.0585
v  0.0726 7.9713 -0.0465
v  0.0929 7.9722 -0.0302
v  0.0147 7.8170 0.0000
v  0.0305 7.8201 0.0000
v  0.1148 7.9302 0.0000
v  0.1148 7.9658 0.0000
v  0.1121 7.9064 0.0000
v  0.1033 7.8808 0.0000
v  0.0881 7.8571 0.0000
v  0.0692 7.8392 0.0000
v  2.9192 7.8613 -0.4420
v  2.9118 7.8439 -0.4828
v  2.5224 7.8815 -0.5000
v  2.3347 7.8906 -0.5000
v  2.8935 7.7758 -0.4999
v  2.7072 7.8236 -0.4999
v  2.9240 7.8756 0.0000
v  2.7281 7.9250 0.0000
v  0.1018 7.9735 -0.0063
v  0.1068 7.9738 0.0000
v  0.1068 7.9658 0.0000
v  0.1148 7.9738 0.0000
v  0.1068 7.9307 0.0000
v  0.1042 7.9082 0.0000
v  0.0961 7.8843 0.0000
v  0.0818 7.8622 0.0000
v  0.0644 7.8456 0.0000
v  0.0424 7.8328 0.0000
v  0.0284 7.8278 0.0000
v  0.0136 7.8249 0.0000
v  0.0233 7.9708 -0.0578
v  0.0465 7.9711 -0.0510
v  0.0682 7.9717 -0.0397
v  0.0872 7.9725 -0.0245
v  0.0458 7.8255 0.0000
v  0.7385 7.8902 -0.5000
v  1.4913 7.8904 -0.5000
v  2.7132 7.8531 -0.4999
v  3.0877 7.7358 -0.5000
v  3.7184 7.4328 -0.5000
v  4.3827 7.0348 -0.5000
v  5.0052 6.5745 -0.5000
v  5.5782 6.0539 -0.5000
v  6.0983 5.4803 -0.5000
v  6.5601 4.8590 -0.5000
v  6.9575 4.1946 -0.5000
v  7.2893 3.4951 -0.5000
v  7.5500 2.7662 -0.5000
v  7.7380 2.0152 -0.5000
v  7.8533 1.2496 -0.5000
v  7.8931 0.4763 -0.5031
v  7.8534 -0.2969 -0.5000
v  7.7391 -1.0627 -0.5000
v  7.5517 -1.8138 -0.5000
v  7.2905 -2.5426 -0.5000
v  6.9605 -3.2429 -0.5000
v  6.5621 -3.9067 -0.5000
v  6.1017 -4.5291 -0.5000
v  5.5818 -5.1027 -0.5000
v  5.0086 -5.6231 -0.5000
v  4.3868 -6.0843 -0.5000
v  3.7233 -6.4833 -0.5000
v  3.0219 -6.8146 -0.5000
v  2.6275 -6.9678 -0.5000
v  1.9333 -7.3155 -0.5000
v  1.5669 -7.4960 -0.5000
v  1.1843 -7.6561 -0.5000
v  0.8017 -7.7791 -0.5000
v  2.2998 -7.1161 -0.5000
v  2.9025 7.8045 -0.4999
v  1.8787 -6.5085 -0.6071
v  1.4332 -6.6862 -0.6191
v  1.4422 0.1627 -5.5648
v  1.6657 0.0348 -5.3854
v  2.0674 -6.6033 -0.5000
v  1.6352 -6.6201 -0.5000
v  5.0442 6.6221 -0.4132
v  6.1465 5.5200 -0.4132
v  7.0133 4.2245 -0.4132
v  7.6094 2.7842 -0.4132
v  7.7988 2.0273 -0.4132
v  7.9144 -0.3030 -0.4132
v  7.7998 -1.0747 -0.4132
v  7.3480 -2.5664 -0.4132
v  5.6264 -5.1474 -0.4131
v  4.4214 -6.1361 -0.4132
v  3.0471 -6.8712 -0.4132
v  2.6479 -7.0258 -0.4132
v  2.3261 -7.1722 -0.4132
v  1.9590 -7.3719 -0.4132
v  1.5918 -7.5527 -0.4132
v  0.4649 -7.9159 -0.4155
v  0.2418 -7.9434 -0.4160
v  0.7888 -7.7466 -0.5000
v  1.0185 -7.5933 -0.5000
v  0.8166 -7.8394 -0.4132
v  0.1706 1.3315 -5.4345
v  0.3346 1.2817 -5.4345
v  0.4859 1.2010 -5.4345
v  0.6187 1.0925 -5.4345
v  0.7272 0.9597 -5.4345
v  0.8079 0.8084 -5.4345
v  0.8577 0.6444 -5.4345
v  0.8750 0.4738 -5.4345
v  0.8577 0.3032 -5.4345
v  0.8079 0.1392 -5.4345
v  0.7272 -0.0121 -5.4345
v  0.6187 -0.1449 -5.4345
v  0.4859 -0.2534 -5.4345
v  0.3346 -0.3341 -5.4345
v  0.1706 -0.3839 -5.4345
v  2.5325 7.9406 -0.4123
v  2.7269 7.9115 -0.4119
v  3.1077 7.7948 -0.4132
v  3.7478 7.4873 -0.4132
v  4.4172 7.0865 -0.4132
v  5.6220 6.0977 -0.4131
v  6.6112 4.8932 -0.4132
v  7.3461 3.5187 -0.4132
v  7.9137 1.2556 -0.4132
v  7.9530 0.4764 -0.4132
v  7.6109 -1.8318 -0.4132
v  7.0148 -3.2719 -0.4132
v  6.1493 -4.5682 -0.4132
v  5.0477 -5.6708 -0.4132
v  3.7524 -6.5378 -0.4133
v  0.7385 7.9521 -0.4132
v  1.4913 7.9521 -0.4129
v  2.3345 7.9519 -0.4154
v  1.2040 -7.7141 -0.4132
v  2.9197 7.8628 -0.4121
v  -0.0000 -5.9331 -4.4513
v  -0.6007 6.6187 -4.7730
v  -0.6128 6.7272 -4.6993
v  0.0000 6.7581 -4.6993
v  0.0000 6.6489 -4.7729
v  -0.2075 1.5175 -5.2448
v  -0.1762 1.3593 -5.4062
v  -0.3454 1.3078 -5.4062
v  -0.4070 1.4568 -5.2448
v  -0.5016 1.2246 -5.4062
v  -0.5911 1.3587 -5.2448
v  -0.6387 1.1125 -5.4062
v  -0.7526 1.2268 -5.2448
v  -0.7508 0.9754 -5.4062
v  -0.8847 1.0654 -5.2448
v  -0.8340 0.8192 -5.4062
v  -0.9829 0.8814 -5.2448
v  -0.8855 0.6499 -5.4062
v  -1.0436 0.6818 -5.2448
v  -0.9033 0.4738 -5.4062
v  -1.0647 0.4744 -5.2448
v  -0.8855 0.2976 -5.4062
v  -1.0438 0.2669 -5.2448
v  -0.8340 0.1284 -5.4062
v  -0.9833 0.0673 -5.2448
v  -0.7508 -0.0278 -5.4062
v  -0.8853 -0.1168 -5.2448
v  -0.6387 -0.1650 -5.4062
v  -0.7535 -0.2785 -5.2448
v  -0.5016 -0.2770 -5.4062
v  -0.5920 -0.4106 -5.2448
v  -0.3454 -0.3602 -5.4062
v  -0.4081 -0.5089 -5.2448
v  -0.1762 -0.4117 -5.4062
v  -0.2086 -0.5697 -5.2448
v  -0.0000 -0.4295 -5.4062
v  -0.6741 7.3200 -0.1310
v  -0.6792 7.3723 -0.0645
v  0.0000 7.4067 -0.0644
v  0.0000 7.3541 -0.1310
v  -1.3417 7.2205 -0.1310
v  -1.3519 7.2721 -0.0645
v  -1.9963 7.0563 -0.1310
v  -2.0116 7.1067 -0.0645
v  -2.6318 6.8290 -0.1310
v  -2.6519 6.8775 -0.0645
v  -3.2420 6.5405 -0.1310
v  -3.2668 6.5869 -0.0645
v  -3.8211 6.1939 -0.1310
v  -3.8503 6.2376 -0.0645
v  -4.3636 5.7923 -0.1310
v  -4.3970 5.8330 -0.0644
v  -4.8644 5.3397 -0.1310
v  -4.9016 5.3769 -0.0644
v  -5.3173 4.8391 -0.1311
v  -5.3579 4.8725 -0.0645
v  -5.7190 4.2967 -0.1311
v  -5.7627 4.3259 -0.0645
v  -6.0658 3.7177 -0.1311
v  -6.1122 3.7425 -0.0645
v  -6.3544 3.1076 -0.1311
v  -6.4030 3.1277 -0.0645
v  -6.5820 2.4722 -0.1311
v  -6.6323 2.4875 -0.0645
v  -6.7464 1.8176 -0.1311
v  -6.7979 1.8279 -0.0645
v  -6.8461 1.1500 -0.1311
v  -6.8984 1.1552 -0.0645
v  -6.8804 0.4759 -0.1310
v  -6.9330 0.4760 -0.0644
v  -6.8464 -0.1982 -0.1310
v  -6.8988 -0.2033 -0.0645
v  -6.7472 -0.8658 -0.1310
v  -6.7987 -0.8760 -0.0645
v  -6.5832 -1.5205 -0.1311
v  -6.6335 -1.5357 -0.0645
v  -6.3560 -2.1560 -0.1311
v  -6.4046 -2.1761 -0.0645
v  -6.0678 -2.7663 -0.1311
v  -6.1142 -2.7911 -0.0645
v  -5.7213 -3.3455 -0.1310
v  -5.7651 -3.3747 -0.0645
v  -5.3199 -3.8882 -0.1310
v  -5.3606 -3.9216 -0.0645
v  -4.8675 -4.3891 -0.1310
v  -4.9047 -4.4263 -0.0645
v  -4.3670 -4.8421 -0.1310
v  -4.4004 -4.8827 -0.0645
v  -3.8247 -5.2440 -0.1311
v  -3.8539 -5.2877 -0.0645
v  -3.2458 -5.5910 -0.1311
v  -3.2706 -5.6373 -0.0645
v  -2.6358 -5.8798 -0.1311
v  -2.6559 -5.9283 -0.0645
v  -2.0005 -6.1076 -0.1311
v  -2.0157 -6.1579 -0.0645
v  -1.3459 -6.2721 -0.1311
v  -1.3562 -6.3237 -0.0645
v  -0.6784 -6.3721 -0.1310
v  -0.6836 -6.4244 -0.0645
v  -0.6284 6.8564 -4.3817
v  -1.2507 6.7636 -4.3817
v  -1.2970 6.9959 -2.1280
v  -0.6517 7.0920 -2.1280
v  -1.1999 6.5298 -4.7730
v  -1.2226 6.6366 -4.6993
v  -1.8609 6.6106 -4.3817
v  -1.9298 6.8372 -2.1280
v  -1.7876 6.3829 -4.7730
v  -1.8206 6.4870 -4.6993
v  -2.4533 6.3987 -4.3817
v  -2.5440 6.6174 -2.1280
v  -2.3581 6.1792 -4.7730
v  -2.4011 6.2796 -4.6993
v  -3.0221 6.1299 -4.3817
v  -3.1339 6.3386 -2.1280
v  -2.9060 5.9207 -4.7730
v  -2.9586 6.0164 -4.6993
v  -3.5620 5.8068 -4.3817
v  -3.6937 6.0036 -2.1280
v  -3.4260 5.6099 -4.7730
v  -3.4876 5.7000 -4.6993
v  -4.0677 5.4325 -4.3817
v  -4.2181 5.6154 -2.1280
v  -3.9132 5.2498 -4.7730
v  -3.9833 5.3335 -4.6993
v  -4.5346 5.0106 -4.3817
v  -4.7022 5.1779 -2.1280
v  -4.3630 4.8437 -4.7730
v  -4.4410 4.9202 -4.6994
v  -4.9567 4.5439 -4.3817
v  -5.1400 4.6940 -2.1280
v  -4.7698 4.3946 -4.7730
v  -4.8549 4.4631 -4.6994
v  -5.3312 4.0383 -4.3817
v  -5.5284 4.1696 -2.1280
v  -5.1307 3.9079 -4.7730
v  -5.2220 3.9678 -4.6994
v  -5.6546 3.4987 -4.3817
v  -5.8636 3.6100 -2.1280
v  -5.4423 3.3884 -4.7730
v  -5.5390 3.4391 -4.6994
v  -5.9237 2.9300 -4.3817
v  -6.1427 3.0202 -2.1280
v  -5.7017 2.8410 -4.7730
v  -5.8029 2.8819 -4.6994
v  -6.1359 2.3377 -4.3817
v  -6.3627 2.4061 -2.1280
v  -5.9063 2.2708 -4.7730
v  -6.0110 2.3017 -4.6994
v  -6.2892 1.7276 -4.3817
v  -6.5216 1.7733 -2.1280
v  -6.0541 1.6833 -4.7730
v  -6.1614 1.7039 -4.6994
v  -6.3823 1.1053 -4.3817
v  -6.6180 1.1280 -2.1280
v  -6.1440 1.0842 -4.7730
v  -6.2527 1.0942 -4.6994
v  -6.4144 0.4769 -4.3817
v  -6.6513 0.4764 -2.1280
v  -6.1752 0.4791 -4.7730
v  -6.2844 0.4784 -4.6994
v  -6.3830 -0.1515 -4.3817
v  -6.6186 -0.1753 -2.1280
v  -6.1450 -0.1261 -4.7730
v  -6.2536 -0.1375 -4.6993
v  -6.2905 -0.7738 -4.3817
v  -6.5226 -0.8206 -2.1280
v  -6.0562 -0.7254 -4.7730
v  -6.1632 -0.7472 -4.6993
v  -6.1378 -1.3842 -4.3817
v  -6.3642 -1.4535 -2.1280
v  -5.9093 -1.3131 -4.7730
v  -6.0137 -1.3453 -4.6993
v  -5.9262 -1.9766 -4.3817
v  -6.1446 -2.0679 -2.1280
v  -5.7057 -1.8836 -4.7730
v  -5.8064 -1.9258 -4.6993
v  -5.6576 -2.5456 -4.3817
v  -5.8661 -2.6578 -2.1280
v  -5.4473 -2.4315 -4.7730
v  -5.5434 -2.4834 -4.6993
v  -5.3348 -3.0856 -4.3817
v  -5.5313 -3.2177 -2.1280
v  -5.1366 -2.9515 -4.7730
v  -5.2272 -3.0125 -4.6993
v  -4.9608 -3.5916 -4.3817
v  -5.1433 -3.7424 -2.1280
v  -4.7765 -3.4388 -4.7730
v  -4.8608 -3.5083 -4.6993
v  -4.5390 -4.0585 -4.3817
v  -4.7059 -4.2266 -2.1280
v  -4.3705 -3.8887 -4.7730
v  -4.4475 -3.9661 -4.6994
v  -4.0725 -4.4809 -4.3817
v  -4.2222 -4.6645 -2.1280
v  -3.9214 -4.2955 -4.7730
v  -3.9905 -4.3801 -4.6994
v  -3.5671 -4.8556 -4.3817
v  -3.6980 -5.0531 -2.1280
v  -3.4348 -4.6564 -4.7730
v  -3.4953 -4.7473 -4.6994
v  -3.0276 -5.1793 -4.3817
v  -3.1385 -5.3886 -2.1280
v  -2.9154 -4.9681 -4.7730
v  -2.9667 -5.0645 -4.6994
v  -2.4591 -5.4487 -4.3817
v  -2.5488 -5.6678 -2.1280
v  -2.3679 -5.2276 -4.7730
v  -2.4096 -5.3285 -4.6994
v  -1.8670 -5.6612 -4.3817
v  -1.9348 -5.8881 -2.1280
v  -1.7978 -5.4322 -4.7730
v  -1.8294 -5.5367 -4.6994
v  -1.2569 -5.8148 -4.3817
v  -1.3021 -6.0473 -2.1280
v  -1.2103 -5.5802 -4.7730
v  -1.2317 -5.6873 -4.6994
v  -0.6347 -5.9081 -4.3817
v  -0.6568 -6.1440 -2.1280
v  -0.6112 -5.6701 -4.7730
v  -0.6220 -5.7788 -4.6994
v  -0.0000 -6.1776 -2.1280
v  -0.2171 1.5660 -5.1952
v  -0.4259 1.5026 -5.1952
v  -0.4532 1.5684 -5.1366
v  -0.2311 1.6359 -5.1366
v  -0.6185 1.4000 -5.1952
v  -0.6581 1.4592 -5.1366
v  -0.7876 1.2619 -5.1952
v  -0.8380 1.3123 -5.1367
v  -0.9259 1.0929 -5.1952
v  -0.9851 1.1325 -5.1366
v  -1.0286 0.9004 -5.1952
v  -1.0944 0.9277 -5.1366
v  -1.0922 0.6916 -5.1952
v  -1.1620 0.7056 -5.1366
v  -1.1143 0.4745 -5.1952
v  -1.1854 0.4746 -5.1367
v  -1.0924 0.2573 -5.1952
v  -1.1623 0.2435 -5.1366
v  -1.0291 0.0485 -5.1952
v  -1.0950 0.0213 -5.1366
v  -0.9266 -0.1442 -5.1952
v  -0.9859 -0.1837 -5.1366
v  -0.7886 -0.3134 -5.1952
v  -0.8391 -0.3636 -5.1367
v  -0.6197 -0.4517 -5.1952
v  -0.6594 -0.5108 -5.1366
v  -0.4272 -0.5546 -5.1952
v  -0.4546 -0.6203 -5.1366
v  -0.2185 -0.6182 -5.1952
v  -0.2326 -0.6881 -5.1366
v  -0.0000 -0.6405 -5.1952
v  -0.0000 -0.7117 -5.1366
v  -0.2909 1.9365 -5.0468
v  -0.5705 1.8516 -5.0468
v  -1.7240 6.1776 -4.8126
v  -1.1567 6.3193 -4.8126
v  -2.2748 5.9811 -4.8126
v  -2.8037 5.7317 -4.8126
v  -0.8282 1.7140 -5.0468
v  -3.3058 5.4318 -4.8126
v  -1.0544 1.5289 -5.0468
v  -3.7762 5.0843 -4.8126
v  -4.2104 4.6925 -4.8126
v  -4.6030 4.2591 -4.8126
v  -1.2397 1.3028 -5.0468
v  -4.9515 3.7894 -4.8126
v  -1.3775 1.0451 -5.0468
v  -5.2524 3.2879 -4.8126
v  -5.5028 2.7595 -4.8126
v  -5.7004 2.2091 -4.8126
v  -1.4625 0.7655 -5.0468
v  -5.8433 1.6420 -4.8126
v  -1.4916 0.4747 -5.0468
v  -5.9301 1.0637 -4.8126
v  -5.9603 0.4797 -4.8126
v  -5.9312 -0.1044 -4.8126
v  -1.4629 0.1838 -5.0468
v  -5.8456 -0.6829 -4.8126
v  -1.3782 -0.0958 -5.0468
v  -5.7039 -1.2503 -4.8126
v  -5.5074 -1.8010 -4.8126
v  -5.2579 -2.3299 -4.8126
v  -1.2408 -0.3537 -5.0468
v  -4.9580 -2.8320 -4.8126
v  -1.0557 -0.5800 -5.0468
v  -4.6105 -3.3024 -4.8126
v  -4.2187 -3.7366 -4.8126
v  -3.7853 -4.1292 -4.8126
v  -0.8297 -0.7654 -5.0468
v  -3.3156 -4.4777 -4.8126
v  -0.5721 -0.9034 -5.0468
v  -2.8141 -4.7786 -4.8126
v  -2.2857 -5.0291 -4.8126
v  -1.7353 -5.2266 -4.8126
v  -0.2926 -0.9885 -5.0468
v  -1.1682 -5.3695 -4.8126
v  -0.5899 -5.4563 -4.8126
v  -0.1706 1.3315 -5.4745
v  -0.1706 1.3315 -6.9845
v  -0.3346 1.2816 -6.9845
v  -0.3346 1.2817 -5.4745
v  -0.4859 1.2010 -6.9845
v  -0.4859 1.2010 -5.4745
v  -0.6187 1.0925 -6.9845
v  -0.6187 1.0925 -5.4745
v  -0.7272 0.9597 -6.9845
v  -0.7272 0.9597 -5.4745
v  -0.8079 0.8084 -6.9845
v  -0.8079 0.8084 -5.4745
v  -0.8577 0.6444 -6.9845
v  -0.8577 0.6444 -5.4745
v  -0.8750 0.4738 -6.9845
v  -0.8750 0.4738 -5.4745
v  -0.8577 0.3032 -6.9845
v  -0.8577 0.3032 -5.4745
v  -0.8079 0.1392 -6.9845
v  -0.8079 0.1392 -5.4745
v  -0.7272 -0.0121 -6.9845
v  -0.7272 -0.0121 -5.4745
v  -0.6187 -0.1449 -6.9845
v  -0.6187 -0.1449 -5.4745
v  -0.4859 -0.2534 -6.9845
v  -0.4859 -0.2534 -5.4745
v  -0.3346 -0.3341 -6.9845
v  -0.3346 -0.3341 -5.4745
v  -0.1706 -0.3839 -6.9845
v  -0.1706 -0.3839 -5.4745
v  -0.0000 -0.4012 -5.4745
v  -0.2465 1.7137 -5.0924
v  -0.2634 1.7984 -5.0631
v  -0.4836 1.6417 -5.0924
v  -0.5166 1.7215 -5.0631
v  -0.7021 1.5251 -5.0925
v  -0.7501 1.5969 -5.0631
v  -0.8940 1.3683 -5.0925
v  -0.9550 1.4293 -5.0632
v  -1.0510 1.1766 -5.0925
v  -1.1227 1.2246 -5.0631
v  -1.1677 0.9581 -5.0924
v  -1.2475 0.9912 -5.0631
v  -1.2398 0.7211 -5.0925
v  -1.3245 0.7380 -5.0631
v  -1.2647 0.4746 -5.0925
v  -1.3510 0.4746 -5.0632
v  -1.2401 0.2281 -5.0925
v  -1.3248 0.2112 -5.0631
v  -1.1683 -0.0090 -5.0924
v  -1.2481 -0.0421 -5.0631
v  -1.0518 -0.2277 -5.0925
v  -1.1237 -0.2756 -5.0631
v  -0.8951 -0.4196 -5.0925
v  -0.9562 -0.4806 -5.0632
v  -0.7035 -0.5767 -5.0925
v  -0.7515 -0.6484 -5.0631
v  -0.4851 -0.6936 -5.0924
v  -0.5182 -0.7733 -5.0631
v  -0.2481 -0.7658 -5.0925
v  -0.2650 -0.8505 -5.0631
v  -0.0000 -0.7909 -5.0925
v  0.0000 1.6591 -5.1366
v  -0.2811 1.8875 -5.0494
v  -0.5513 1.8054 -5.0494
v  -0.8005 1.6724 -5.0494
v  -1.0191 1.4935 -5.0494
v  -1.1981 1.2750 -5.0494
v  -1.3313 1.0259 -5.0494
v  -1.4135 0.7557 -5.0494
v  -1.4416 0.4747 -5.0494
v  -1.4138 0.1936 -5.0494
v  -1.3320 -0.0768 -5.0494
v  -1.1991 -0.3260 -5.0494
v  -1.0203 -0.5447 -5.0494
v  -0.8020 -0.7239 -5.0494
v  -0.5530 -0.8572 -5.0494
v  -0.2828 -0.9395 -5.0494
v  -0.0000 -0.9679 -5.0494
v  -0.6221 6.8062 -4.5944
v  -0.6277 6.8491 -4.4513
v  0.0000 6.8808 -4.4513
v  -1.2395 6.7143 -4.5944
v  -1.2493 6.7565 -4.4513
v  -0.5850 6.4747 -4.8090
v  -1.1703 6.3880 -4.8090
v  -1.8450 6.5627 -4.5944
v  -1.8588 6.6036 -4.4513
v  -1.7443 6.2446 -4.8090
v  -2.4327 6.3525 -4.5944
v  -2.4505 6.3919 -4.4513
v  -2.3015 6.0458 -4.8090
v  -2.9971 6.0859 -4.5944
v  -3.0186 6.1234 -4.4513
v  -2.8366 5.7935 -4.8090
v  -3.5328 5.7654 -4.5944
v  -3.5579 5.8007 -4.4513
v  -3.3446 5.4901 -4.8090
v  -4.0347 5.3942 -4.5944
v  -4.0631 5.4269 -4.4513
v  -3.8205 5.1385 -4.8090
v  -4.4980 4.9756 -4.5944
v  -4.5294 5.0054 -4.4513
v  -4.2598 4.7420 -4.8090
v  -4.9170 4.5127 -4.5945
v  -4.9510 4.5393 -4.4513
v  -4.6571 4.3035 -4.8090
v  -5.2887 4.0111 -4.5945
v  -5.3251 4.0343 -4.4513
v  -5.0097 3.8283 -4.8090
v  -5.6096 3.4757 -4.5945
v  -5.6481 3.4952 -4.4513
v  -5.3141 3.3210 -4.8090
v  -5.8767 2.9115 -4.5945
v  -5.9169 2.9272 -4.4513
v  -5.5675 2.7863 -4.8090
v  -6.0873 2.3239 -4.5945
v  -6.1289 2.3356 -4.4513
v  -5.7674 2.2295 -4.8090
v  -6.2395 1.7186 -4.5945
v  -6.2820 1.7262 -4.4513
v  -5.9119 1.6558 -4.8090
v  -6.3319 1.1012 -4.5945
v  -6.3750 1.1046 -4.4513
v  -5.9997 1.0707 -4.8090
v  -6.3639 0.4777 -4.5945
v  -6.4071 0.4770 -4.4513
v  -6.0303 0.4797 -4.8090
v  -6.3327 -0.1459 -4.5944
v  -6.3757 -0.1508 -4.4513
v  -6.0009 -0.1112 -4.8090
v  -6.2410 -0.7634 -4.5944
v  -6.2833 -0.7724 -4.4513
v  -5.9142 -0.6965 -4.8090
v  -6.0896 -1.3689 -4.5944
v  -6.1308 -1.3820 -4.4513
v  -5.7708 -1.2705 -4.8090
v  -5.8797 -1.9567 -4.5944
v  -5.9194 -1.9738 -4.4513
v  -5.5720 -1.8277 -4.8090
v  -5.6133 -2.5213 -4.5944
v  -5.6512 -2.5421 -4.4513
v  -5.3197 -2.3629 -4.8090
v  -5.2930 -3.0571 -4.5944
v  -5.3287 -3.0815 -4.4513
v  -5.0163 -2.8708 -4.8090
v  -4.9220 -3.5591 -4.5944
v  -4.9552 -3.5869 -4.4513
v  -4.6647 -3.3467 -4.8090
v  -4.5035 -4.0226 -4.5945
v  -4.5338 -4.0533 -4.4513
v  -4.2683 -3.7860 -4.8090
v  -4.0407 -4.4417 -4.5945
v  -4.0679 -4.4752 -4.4513
v  -3.8297 -4.1833 -4.8090
v  -3.5393 -4.8136 -4.5945
v  -3.5631 -4.8495 -4.4513
v  -3.3545 -4.5359 -4.8090
v  -3.0040 -5.1347 -4.5945
v  -3.0242 -5.1728 -4.4513
v  -2.8472 -4.8403 -4.8090
v  -2.4399 -5.4020 -4.5945
v  -2.4563 -5.4419 -4.4513
v  -2.3125 -5.0937 -4.8090
v  -1.8524 -5.6128 -4.5945
v  -1.8649 -5.6542 -4.4513
v  -1.7557 -5.2936 -4.8090
v  -1.2471 -5.7653 -4.5945
v  -1.2555 -5.8076 -4.4513
v  -1.1820 -5.4381 -4.8090
v  -0.6298 -5.8579 -4.5945
v  -0.6340 -5.9008 -4.4513
v  -0.5969 -5.5259 -4.8090
v  -0.5782 6.4050 -4.8126
v  -0.0000 -5.4862 -4.8126
v  -0.6996 7.5785 0.0000
v  -1.3924 7.4752 0.0000
v  -1.4265 7.6469 0.0000
v  -0.7125 7.7093 0.0000
v  -2.0717 7.3048 0.0000
v  -2.1677 7.5429 0.0000
v  -2.7311 7.0689 0.0000
v  -2.8725 7.3379 0.0000
v  -3.3643 6.7696 0.0000
v  -3.5068 7.0362 0.0000
v  -3.9653 6.4099 0.0000
v  -4.1332 6.6613 0.0000
v  -4.5283 5.9932 0.0000
v  -4.7201 6.2269 0.0000
v  -5.0481 5.5234 0.0000
v  -5.2618 5.7373 0.0000
v  -5.5180 5.0038 -0.0000
v  -5.7516 5.1957 -0.0000
v  -5.9349 4.4409 -0.0000
v  -6.1861 4.6090 0.0000
v  -6.2948 3.8401 0.0000
v  -6.5613 3.9827 0.0000
v  -6.5942 3.2070 0.0000
v  -6.8735 3.3228 0.0000
v  -6.8304 2.5476 0.0000
v  -7.1196 2.6355 0.0000
v  -7.0010 1.8683 0.0000
v  -7.2974 1.9274 0.0000
v  -7.1045 1.1756 0.0000
v  -7.4053 1.2053 0.0000
v  -7.1402 0.4760 0.0000
v  -7.4425 0.4761 0.0000
v  -7.1049 -0.2236 0.0000
v  -7.4058 -0.2531 0.0000
v  -7.0019 -0.9164 0.0000
v  -7.2984 -0.9752 0.0000
v  -6.8317 -1.5958 0.0000
v  -7.1210 -1.6834 0.0000
v  -6.5960 -2.2553 0.0000
v  -6.8753 -2.3708 0.0000
v  -6.2969 -2.8886 0.0000
v  -6.5635 -3.0310 0.0000
v  -5.9373 -3.4897 -0.0000
v  -6.1887 -3.6575 0.0000
v  -5.5208 -4.0528 -0.0000
v  -5.7546 -4.2445 -0.0000
v  -5.0512 -4.5727 0.0000
v  -5.2651 -4.7864 0.0000
v  -4.5318 -5.0428 0.0000
v  -4.7237 -5.2763 0.0000
v  -3.9690 -5.4598 0.0000
v  -4.1371 -5.7111 0.0000
v  -3.3683 -5.8199 0.0000
v  -3.5109 -6.0864 0.0000
v  -2.7353 -6.1196 0.0000
v  -2.8510 -6.3988 0.0000
v  -2.0760 -6.3560 0.0000
v  -2.1708 -6.6594 0.0000
v  -1.3968 -6.5268 0.0000
v  -1.4708 -6.9120 0.0000
v  -0.7041 -6.6305 0.0000
v  -0.7324 -6.9340 0.0000
v  -0.6863 7.4437 -0.0191
v  -0.6957 7.5386 0.0000
v  0.0000 7.5738 0.0000
v  0.0000 7.4784 -0.0191
v  -1.3659 7.3424 -0.0191
v  -1.3845 7.4359 0.0000
v  -0.6713 7.2912 -0.2239
v  -1.3361 7.1921 -0.2239
v  -2.0324 7.1753 -0.0191
v  -2.0601 7.2665 0.0000
v  -1.9879 7.0286 -0.2239
v  -2.6793 6.9438 -0.0191
v  -2.7158 7.0319 0.0000
v  -2.6207 6.8022 -0.2239
v  -3.3005 6.6501 -0.0191
v  -3.3455 6.7343 0.0000
v  -3.2283 6.5150 -0.2239
v  -3.8901 6.2972 -0.0191
v  -3.9431 6.3766 0.0000
v  -3.8050 6.1698 -0.2239
v  -4.4425 5.8884 -0.0191
v  -4.5029 5.9622 0.0000
v  -4.3452 5.7699 -0.2239
v  -4.9523 5.4276 -0.0191
v  -5.0197 5.4951 0.0000
v  -4.8439 5.3192 -0.2239
v  -5.4133 4.9180 -0.0191
v  -5.4870 4.9784 -0.0000
v  -5.2949 4.8207 -0.2239
v  -5.8223 4.3657 -0.0191
v  -5.9015 4.4187 -0.0000
v  -5.6949 4.2806 -0.2239
v  -6.1754 3.7763 -0.0191
v  -6.2594 3.8212 0.0000
v  -6.0403 3.7040 -0.2239
v  -6.4692 3.1551 -0.0191
v  -6.5573 3.1917 0.0000
v  -6.3277 3.0965 -0.2239
v  -6.7009 2.5083 -0.0191
v  -6.7921 2.5360 0.0000
v  -6.5543 2.4638 -0.2239
v  -6.8682 1.8419 -0.0191
v  -6.9617 1.8605 0.0000
v  -6.7180 1.8119 -0.2239
v  -6.9697 1.1622 -0.0191
v  -7.0646 1.1717 0.0000
v  -6.8173 1.1472 -0.2239
v  -7.0047 0.4760 -0.0191
v  -7.1001 0.4760 0.0000
v  -6.8515 0.4759 -0.2239
v  -6.9701 -0.2103 -0.0191
v  -7.0650 -0.2197 0.0000
v  -6.8176 -0.1954 -0.2239
v  -6.8690 -0.8900 -0.0191
v  -6.9626 -0.9086 0.0000
v  -6.7187 -0.8602 -0.2239
v  -6.7021 -1.5565 -0.0191
v  -6.7934 -1.5842 0.0000
v  -6.5555 -1.5121 -0.2239
v  -6.4708 -2.2035 -0.0191
v  -6.5589 -2.2400 0.0000
v  -6.3293 -2.1449 -0.2239
v  -6.1774 -2.8248 -0.0191
v  -6.2615 -2.8697 0.0000
v  -6.0422 -2.7526 -0.2239
v  -5.8247 -3.4145 -0.0191
v  -5.9040 -3.4674 -0.0000
v  -5.6972 -3.3294 -0.2239
v  -5.4160 -3.9670 -0.0191
v  -5.4898 -4.0274 -0.0000
v  -5.2976 -3.8698 -0.2239
v  -4.9554 -4.4770 -0.0191
v  -5.0229 -4.5444 0.0000
v  -4.8470 -4.3686 -0.2239
v  -4.4459 -4.9381 -0.0191
v  -4.5064 -5.0118 0.0000
v  -4.3486 -4.8197 -0.2239
v  -3.8938 -5.3473 -0.0191
v  -3.9468 -5.4265 0.0000
v  -3.8086 -5.2199 -0.2239
v  -3.3044 -5.7005 -0.0191
v  -3.3494 -5.7846 0.0000
v  -3.2321 -5.5655 -0.2239
v  -2.6834 -5.9945 -0.0191
v  -2.7199 -6.0826 0.0000
v  -2.6247 -5.8530 -0.2239
v  -2.0366 -6.2264 -0.0191
v  -2.0643 -6.3177 0.0000
v  -1.9920 -6.0798 -0.2239
v  -1.3702 -6.3940 -0.0191
v  -1.3889 -6.4875 0.0000
v  -1.3403 -6.2437 -0.2239
v  -0.6906 -6.4957 -0.0191
v  -0.7001 -6.5906 0.0000
v  -0.6756 -6.3432 -0.2239
v  -0.0000 -6.3775 -0.2239
v  -0.0000 -6.4064 -0.1310
v  -0.1106 7.9734 -0.0080
v  0.0000 7.9521 -0.4132
v  -0.7385 7.9506 -0.4431
v  -1.4913 7.9506 -0.4428
v  -1.4913 7.9319 -0.4835
v  -0.7385 7.9318 -0.4836
v  -2.3347 7.9504 -0.4454
v  -2.3348 7.9313 -0.4840
v  -2.5326 7.9390 -0.4423
v  -2.7267 7.9099 -0.4419
v  -2.7186 7.8928 -0.4832
v  -2.5243 7.9214 -0.4839
v  -3.1071 7.7934 -0.4431
v  -3.7471 7.4860 -0.4432
v  -3.7384 7.4699 -0.4842
v  -3.1013 7.7753 -0.4836
v  -4.4163 7.0851 -0.4432
v  -4.4059 7.0695 -0.4837
v  -5.0435 6.6213 -0.4432
v  -5.0313 6.6063 -0.4831
v  -5.6210 6.0966 -0.4431
v  -5.6045 6.0802 -0.4788
v  -6.1450 5.5187 -0.4431
v  -6.1305 5.5068 -0.4837
v  -6.6104 4.8927 -0.4432
v  -6.5948 4.8822 -0.4837
v  -7.0108 4.2231 -0.4432
v  -6.9945 4.2144 -0.4840
v  -7.3451 3.5183 -0.4432
v  -7.3274 3.5110 -0.4833
v  -7.6079 2.7838 -0.4432
v  -7.5894 2.7782 -0.4831
v  -7.7973 2.0270 -0.4432
v  -7.7784 2.0233 -0.4830
v  -7.9125 1.2555 -0.4432
v  -7.8927 1.2535 -0.4830
v  -7.9517 0.4764 -0.4431
v  -7.9295 0.4764 -0.4806
v  -7.9126 -0.3028 -0.4431
v  -7.8931 -0.3009 -0.4832
v  -7.7984 -1.0745 -0.4432
v  -7.7795 -1.0707 -0.4831
v  -7.6096 -1.8314 -0.4432
v  -7.5910 -1.8257 -0.4830
v  -7.3464 -2.5657 -0.4432
v  -7.3291 -2.5586 -0.4837
v  -7.0138 -3.2714 -0.4432
v  -6.9975 -3.2627 -0.4839
v  -6.6124 -3.9403 -0.4431
v  -6.5970 -3.9300 -0.4839
v  -6.1484 -4.5674 -0.4431
v  -6.1337 -4.5554 -0.4835
v  -5.6245 -5.1454 -0.4431
v  -5.6112 -5.1322 -0.4836
v  -5.0469 -5.6698 -0.4431
v  -5.0350 -5.6553 -0.4836
v  -4.4204 -6.1346 -0.4432
v  -4.4102 -6.1193 -0.4841
v  -3.7519 -6.5366 -0.4432
v  -3.7429 -6.5200 -0.4836
v  -3.0465 -6.8698 -0.4432
v  -3.0388 -6.8526 -0.4836
v  -2.6474 -7.0243 -0.4431
v  -2.6454 -7.0044 -0.4842
v  -2.3254 -7.1709 -0.4431
v  -1.9584 -7.3705 -0.4431
v  -1.9508 -7.3537 -0.4828
v  -2.3177 -7.1544 -0.4831
v  -1.5914 -7.5514 -0.4431
v  -1.2037 -7.7125 -0.4429
v  -1.1988 -7.6953 -0.4831
v  -1.5838 -7.5343 -0.4826
v  -0.4575 -7.8989 -0.4811
v  -0.8135 -7.8183 -0.4828
v  -0.8166 -7.8380 -0.4431
v  -0.4645 -7.9145 -0.4431
v  -0.7396 7.8492 -0.5000
v  -1.4912 7.8604 -0.5000
v  -1.4970 7.7225 -0.5000
v  -2.3339 7.8606 -0.5000
v  -2.3440 7.4944 -0.5000
v  -2.5195 7.8516 -0.5000
v  -2.9337 7.2684 -0.5000
v  -3.0760 7.7081 -0.5000
v  -3.7042 7.4063 -0.5000
v  -3.4869 7.0027 -0.5000
v  -4.3660 7.0098 -0.5000
v  -4.1117 6.6284 -0.5000
v  -4.9861 6.5513 -0.5000
v  -4.6953 6.1968 -0.5000
v  -5.5570 6.0327 -0.5000
v  -5.2327 5.7087 -0.5000
v  -6.0751 5.4613 -0.5000
v  -5.7209 5.1702 -0.5000
v  -6.5351 4.8424 -0.5000
v  -6.1539 4.5876 -0.5000
v  -6.9310 4.1805 -0.5000
v  -6.5267 3.9643 -0.5000
v  -7.2615 3.4836 -0.5000
v  -6.8380 3.3080 -0.5000
v  -7.5212 2.7575 -0.5000
v  -7.0825 2.6245 -0.5000
v  -7.7085 2.0093 -0.5000
v  -7.2591 1.9191 -0.5000
v  -7.8234 1.2466 -0.4999
v  -7.3669 1.2005 -0.5000
v  -7.8631 0.4763 -0.5030
v  -7.4034 0.4763 -0.5001
v  -7.8235 -0.2939 -0.5000
v  -7.3670 -0.2482 -0.5000
v  -7.7096 -1.0568 -0.5000
v  -7.2601 -0.9671 -0.5000
v  -7.5230 -1.8051 -0.5000
v  -7.0842 -1.6721 -0.5000
v  -7.2628 -2.5311 -0.5000
v  -6.8392 -2.3559 -0.5000
v  -6.9340 -3.2287 -0.5000
v  -6.5295 -3.0128 -0.5000
v  -6.5371 -3.8901 -0.5000
v  -6.1559 -3.6355 -0.5000
v  -6.0784 -4.5100 -0.5000
v  -5.7238 -4.2194 -0.5000
v  -5.5605 -5.0815 -0.5000
v  -5.2362 -4.7574 -0.5000
v  -4.9895 -5.5999 -0.5000
v  -4.6985 -5.2456 -0.5000
v  -4.3700 -6.0594 -0.5000
v  -4.1151 -5.6784 -0.5000
v  -3.7091 -6.4568 -0.5000
v  -3.4928 -6.0526 -0.5000
v  -3.0101 -6.7870 -0.5000
v  -2.8229 -6.3690 -0.5000
v  -2.6159 -6.9402 -0.5000
v  -2.0755 -6.6323 -0.5000
v  -2.2867 -7.0891 -0.5000
v  -1.9722 -6.6536 -0.5000
v  -0.7332 7.7631 -0.5096
v  -0.7296 7.7291 -0.5317
v  0.0000 7.7656 -0.5309
v  0.0000 7.8002 -0.5091
v  -1.4814 7.6482 -0.5091
v  -1.4743 7.6145 -0.5310
v  -2.3205 7.4225 -0.5094
v  -2.3099 7.3898 -0.5313
v  -2.9038 7.1989 -0.5093
v  -2.8902 7.1674 -0.5313
v  -3.4509 6.9357 -0.5089
v  -3.4345 6.9052 -0.5306
v  -4.0694 6.5651 -0.5089
v  -4.0502 6.5363 -0.5306
v  -4.6468 6.1377 -0.5085
v  -4.6248 6.1109 -0.5301
v  -5.1788 5.6549 -0.5088
v  -5.1543 5.6304 -0.5305
v  -5.6620 5.1219 -0.5088
v  -5.6353 5.0999 -0.5305
v  -6.0905 4.5452 -0.5087
v  -6.0617 4.5259 -0.5303
v  -6.4598 3.9286 -0.5091
v  -6.4293 3.9123 -0.5309
v  -6.7679 3.2789 -0.5091
v  -6.7361 3.2657 -0.5309
v  -7.0102 2.6026 -0.5095
v  -6.9773 2.5926 -0.5315
v  -7.1850 1.9043 -0.5095
v  -7.1513 1.8975 -0.5315
v  -7.2902 1.1928 -0.5095
v  -7.2561 1.1893 -0.5316
v  -7.3261 0.4763 -0.5093
v  -7.2917 0.4763 -0.5312
v  -7.2905 -0.2405 -0.5098
v  -7.2565 -0.2371 -0.5319
v  -7.1859 -0.9523 -0.5095
v  -7.1523 -0.9456 -0.5315
v  -7.0115 -1.6501 -0.5090
v  -6.9784 -1.6401 -0.5308
v  -6.7690 -2.3268 -0.5091
v  -6.7371 -2.3136 -0.5309
v  -6.4623 -2.9769 -0.5088
v  -6.4318 -2.9606 -0.5304
v  -6.0926 -3.5933 -0.5090
v  -6.0639 -3.5741 -0.5307
v  -5.6649 -4.1711 -0.5088
v  -5.6381 -4.1491 -0.5304
v  -5.1823 -4.7036 -0.5089
v  -5.1578 -4.6792 -0.5305
v  -4.6501 -5.1867 -0.5088
v  -4.6281 -5.1600 -0.5304
v  -4.0728 -5.6152 -0.5090
v  -4.0535 -5.5864 -0.5307
v  -3.4569 -5.9854 -0.5089
v  -3.4406 -5.9549 -0.5306
v  -2.7940 -6.2987 -0.5090
v  -2.7808 -6.2668 -0.5308
v  -2.0831 -6.5494 -0.5092
v  -2.0735 -6.5162 -0.5308
v  -2.0381 -6.5021 -0.5629
v  -2.0452 -6.5262 -0.5308
v  -1.9601 -6.5438 -0.5306
v  -1.9577 -6.5187 -0.5626
v  -1.8476 -6.5216 -0.5627
v  -1.8479 -6.5463 -0.5311
v  -1.6678 -6.5410 -0.5307
v  -1.6689 -6.5159 -0.5626
v  -1.6389 -6.5149 -0.5626
v  -1.6378 -6.5402 -0.5306
v  -1.5791 -6.5490 -0.5311
v  -1.5708 -6.5252 -0.5632
v  -1.3225 -7.1763 -0.5096
v  -1.2937 -7.1564 -0.5324
v  -1.4113 -6.9378 -0.5333
v  -1.4438 -6.9513 -0.5100
v  -0.4528 -7.8070 -0.5089
v  -0.4539 -7.7701 -0.5308
v  -0.7312 -7.6462 -0.5317
v  -0.7479 -7.6762 -0.5095
v  -0.9724 -7.5323 -0.5093
v  -0.9513 -7.5049 -0.5315
v  -1.1314 -7.3496 -0.5319
v  -1.1562 -7.3736 -0.5095
v  -1.4371 -6.7166 -0.5703
v  -1.4612 -6.7182 -0.5352
v  -1.3884 -6.9281 -0.5675
v  -0.0000 -7.8714 -0.5178
v  -0.0000 -7.8446 -0.5402
v  -0.2388 -7.8228 -0.5370
v  -0.2391 -7.8521 -0.5148
v  -0.9358 -7.4850 -0.5640
v  -0.7189 -7.6245 -0.5641
v  -0.2417 -7.9419 -0.4443
v  -0.2450 -7.9271 -0.4813
v  -1.5169 -6.6464 -0.5101
v  -1.4850 -6.6319 -0.5334
v  -1.5240 -6.5810 -0.5320
v  -1.5475 -6.6065 -0.5096
v  -1.5907 -6.5814 -0.5093
v  -1.5043 -6.6913 -0.5105
v  -1.4679 -6.6889 -0.5355
v  -0.0000 -7.9527 -0.4480
v  -1.8767 -6.5824 -0.5091
v  -1.8779 -6.5471 -0.5312
v  -1.9636 -6.5781 -0.5090
v  -1.5547 -7.4685 -0.5000
v  -1.1718 -7.6261 -0.5000
v  -1.2108 -7.4271 -0.5000
v  -1.3863 -7.2202 -0.5000
v  -1.8751 -6.6578 -0.5000
v  -1.6368 -6.6463 -0.5000
v  -1.6166 -6.6533 -0.5000
v  -1.5996 -6.6635 -0.5000
v  -1.5878 -6.6795 -0.5000
v  -1.5820 -6.7020 -0.5000
v  -1.9207 -7.2882 -0.5000
v  -1.5165 -6.9800 -0.5000
v  -0.6707 7.2845 -4.4973
v  0.0000 7.3185 -4.4973
v  0.0000 7.7231 -0.6390
v  -0.7252 7.6868 -0.6377
v  -1.3349 7.1855 -4.4973
v  -1.4653 7.5736 -0.6377
v  -1.9863 7.0221 -4.4973
v  -2.2957 7.3508 -0.6381
v  -2.6186 6.7958 -4.4973
v  -2.8730 7.1294 -0.6379
v  -3.2257 6.5088 -4.4973
v  -3.4149 6.8688 -0.6378
v  -3.8019 6.1638 -4.4973
v  -4.0271 6.5016 -0.6376
v  -4.3417 5.7642 -4.4973
v  -4.5982 6.0784 -0.6372
v  -4.8399 5.3138 -4.4973
v  -5.1256 5.6017 -0.6381
v  -5.2904 4.8155 -4.4973
v  -5.6032 5.0736 -0.6377
v  -5.6900 4.2757 -4.4973
v  -6.0267 4.5026 -0.6373
v  -6.0350 3.6996 -4.4973
v  -6.3928 3.8927 -0.6379
v  -6.3220 3.0924 -4.4973
v  -6.6976 3.2497 -0.6378
v  -6.5483 2.4602 -4.4973
v  -6.9374 2.5805 -0.6380
v  -6.7117 1.8088 -4.4973
v  -7.1106 1.8894 -0.6381
v  -6.8107 1.1446 -4.4973
v  -7.2151 1.1853 -0.6401
v  -6.8447 0.4738 -4.4973
v  -7.2501 0.4763 -0.6397
v  -6.8105 -0.1970 -4.4972
v  -7.2143 -0.2330 -0.6395
v  -6.7129 -0.8615 -4.4979
v  -7.1115 -0.9375 -0.6381
v  -6.5486 -1.5127 -4.4975
v  -6.9377 -1.6277 -0.6373
v  -6.3232 -2.1454 -4.4979
v  -6.6986 -2.2977 -0.6378
v  -6.0354 -2.7522 -4.4976
v  -6.3950 -2.9410 -0.6376
v  -5.6901 -3.3283 -4.4974
v  -6.0290 -3.5508 -0.6375
v  -5.2907 -3.8682 -4.4975
v  -5.6061 -4.1229 -0.6377
v  -4.8390 -4.3653 -4.4967
v  -5.1285 -4.6498 -0.6377
v  -4.3419 -4.8170 -4.4975
v  -4.6015 -5.1275 -0.6374
v  -3.8019 -5.2164 -4.4974
v  -4.0308 -5.5525 -0.6381
v  -3.2263 -5.5624 -4.4979
v  -3.4205 -5.9176 -0.6372
v  -2.6188 -5.8488 -4.4976
v  -2.7650 -6.2281 -0.6376
v  -2.0579 -6.0539 -4.4958
v  -2.0622 -6.4754 -0.6373
v  -1.9566 -6.5016 -0.6370
v  -1.8786 -6.5053 -0.6369
v  -1.8721 -6.0870 -4.4832
v  -1.9535 -6.0809 -4.4915
v  -1.8486 -6.5045 -0.6369
v  -1.6690 -6.4984 -0.6369
v  -1.6668 -6.0830 -4.4835
v  -1.8421 -6.0864 -4.4832
v  -1.4517 -6.6122 -0.6443
v  -1.4332 -6.6830 -0.6489
v  -1.4333 -6.2674 -4.5025
v  -1.4555 -6.1897 -4.4940
v  -1.5666 -6.5088 -0.6377
v  -1.4987 -6.5490 -0.6403
v  -1.4986 -6.1338 -4.4888
v  -1.5574 -6.0972 -4.4845
v  -1.6368 -6.0823 -4.4835
v  -1.6390 -6.4977 -0.6370
v  -2.0294 -6.0632 -4.4973
v  -2.0339 -6.4855 -0.6373
v  -0.2423 -7.7856 -0.6359
v  -0.0000 -7.3839 -4.6226
v  -0.2405 -7.3582 -4.6215
v  -1.1023 -7.3203 -0.6394
v  -0.9272 -7.4712 -0.6390
v  -0.9194 -7.0533 -4.5874
v  -1.1028 -6.8981 -4.5694
v  -0.4657 -7.7219 -0.6367
v  -0.4642 -7.2956 -4.6121
v  -0.7121 -7.6097 -0.6389
v  -0.7101 -7.1853 -4.6019
v  -1.2622 -7.1315 -0.6419
v  -1.2601 -6.7142 -4.5509
v  -1.3773 -6.9199 -0.6446
v  -1.3753 -6.5065 -4.5273
v  -1.4262 -6.7124 -0.6486
v  -1.4263 -6.2963 -4.5069
v  -0.0000 -7.3149 -4.9669
v  -0.2555 -7.2876 -4.9560
v  -0.9320 -6.9875 -4.8693
v  -1.1158 -6.8335 -4.8245
v  -0.4987 -7.2176 -4.9348
v  -0.7252 -7.1158 -4.9052
v  -1.2671 -6.6581 -4.7769
v  -1.3806 -6.4527 -4.7259
v  -1.4260 -6.2635 -4.6760
v  -0.9748 -6.5085 -5.5872
v  -0.9786 -6.2773 -5.7698
v  -1.1489 -6.1840 -5.6413
v  -1.1463 -6.3941 -5.4784
v  -0.2840 -6.7594 -5.8214
v  -0.2847 -6.4870 -6.0416
v  -0.5426 -6.4313 -5.9673
v  -0.5436 -6.6986 -5.7624
v  -0.7777 -6.3626 -5.8811
v  -0.7751 -6.6120 -5.6833
v  -1.2831 -6.0869 -5.5019
v  -1.2820 -6.2719 -5.3595
v  -1.3813 -5.9805 -5.3452
v  -1.3814 -6.1362 -5.2248
v  -1.4249 -5.8783 -5.1945
v  -1.4254 -6.0044 -5.0943
v  -0.2774 -6.9852 -5.5634
v  -0.2674 -7.1617 -5.2740
v  -0.9500 -6.8684 -5.1334
v  -0.9660 -6.7086 -5.3748
v  -1.1405 -6.5766 -5.2851
v  -1.1298 -6.7237 -5.0650
v  -0.5289 -6.9087 -5.5084
v  -0.5133 -7.0820 -5.2338
v  -0.7636 -6.8232 -5.4518
v  -0.7459 -6.9923 -5.1915
v  -1.2797 -6.4327 -5.1880
v  -1.2750 -6.5622 -4.9918
v  -1.3816 -6.2698 -5.0785
v  -1.3817 -6.3759 -4.9106
v  -1.4258 -6.1122 -4.9731
v  -1.4263 -6.1984 -4.8348
v  -0.0000 -6.1908 -6.2461
v  -0.2665 -5.8291 -6.3334
v  -0.2802 -6.1743 -6.2151
v  -0.9726 -6.0168 -5.9130
v  -0.9537 -5.7376 -6.0190
v  -1.1327 -5.6983 -5.8637
v  -1.1453 -5.9488 -5.7680
v  -0.5166 -5.8062 -6.2589
v  -0.5378 -6.1353 -6.1414
v  -0.7471 -5.7742 -6.1518
v  -0.7700 -6.0806 -6.0386
v  -1.2738 -5.6588 -5.6954
v  -1.2809 -5.8797 -5.6124
v  -1.3780 -5.6171 -5.5062
v  -1.3805 -5.8047 -5.4387
v  -1.4237 -5.5777 -5.3295
v  -1.4243 -5.7351 -5.2736
v  -0.0000 -5.4666 -6.4187
v  -0.2291 -5.4654 -6.3956
v  -0.9148 -5.4499 -6.0904
v  -1.1075 -5.4416 -5.9269
v  -0.4650 -5.4621 -6.3298
v  -0.6971 -5.4568 -6.2264
v  -1.2649 -5.4321 -5.7411
v  -1.3763 -5.4217 -5.5378
v  -1.4229 -5.4142 -5.3575
v  -1.4601 -5.4043 -5.2449
v  -1.5111 -5.4000 -5.1902
v  -1.5097 -5.5362 -5.1663
v  -1.4595 -5.5499 -5.2198
v  -1.4564 -5.9314 -5.0117
v  -1.5018 -5.8953 -4.9686
v  -1.5002 -5.9848 -4.8681
v  -1.4558 -6.0272 -4.9045
v  -1.4556 -6.1033 -4.7833
v  -1.4990 -6.0549 -4.7559
v  -1.4976 -6.1086 -4.6197
v  -1.4548 -6.1611 -4.6403
v  -1.4581 -5.6902 -5.1709
v  -1.5062 -5.6679 -5.1198
v  -1.5041 -5.7874 -5.0544
v  -1.4573 -5.8177 -5.1014
v  -1.5807 -5.3972 -5.1579
v  -1.6718 -5.3966 -5.1563
v  -1.6652 -5.5309 -5.1289
v  -1.5766 -5.5287 -5.1340
v  -1.4310 -5.5703 -5.3012
v  -1.4304 -5.4110 -5.3285
v  -1.5640 -5.8731 -4.9395
v  -1.6474 -5.8693 -4.9272
v  -1.6431 -5.9508 -4.8306
v  -1.5613 -5.9579 -4.8428
v  -1.4326 -6.0887 -4.9556
v  -1.4323 -5.9842 -5.0730
v  -1.5589 -6.0230 -4.7366
v  -1.6395 -6.0121 -4.7267
v  -1.6376 -6.0615 -4.5945
v  -1.5573 -6.0740 -4.6042
v  -1.4329 -6.2354 -4.6676
v  -1.4331 -6.1723 -4.8215
v  -1.5713 -5.6550 -5.0881
v  -1.6576 -5.6549 -5.0798
v  -1.6531 -5.7664 -5.0148
v  -1.5680 -5.7690 -5.0244
v  -1.4319 -5.8621 -5.1701
v  -1.4314 -5.7231 -5.2469
v  -6.7520 1.1389 -4.7290
v  -6.7896 1.1425 -4.6131
v  -6.8232 0.4738 -4.6130
v  -6.7856 0.4738 -4.7289
v  -6.5358 1.1177 -5.0350
v  -6.6240 1.1263 -4.9440
v  -6.6569 0.4738 -4.9438
v  -6.5684 0.4738 -5.0349
v  -6.2088 0.4738 -5.2245
v  -6.0533 0.4738 -5.2484
v  -6.0232 1.0670 -5.2484
v  -6.1780 1.0823 -5.2245
v  -6.4680 0.4738 -5.1131
v  -6.3430 0.4738 -5.1794
v  -6.3115 1.0955 -5.1794
v  -6.4360 1.1078 -5.1132
v  -6.6538 1.7973 -4.7290
v  -6.6908 1.8047 -4.6131
v  -6.4408 1.7550 -5.0349
v  -6.5277 1.7723 -4.9439
v  -5.9356 1.6545 -5.2484
v  -6.0881 1.6848 -5.2245
v  -6.2197 1.7110 -5.1794
v  -6.3424 1.7354 -5.1131
v  -6.4919 2.4431 -4.7290
v  -6.5279 2.4540 -4.6131
v  -6.2840 2.3800 -5.0349
v  -6.3688 2.4057 -4.9439
v  -5.7911 2.2305 -5.2484
v  -5.9399 2.2757 -5.2245
v  -6.0683 2.3146 -5.1794
v  -6.1880 2.3509 -5.1131
v  -6.2675 3.0699 -4.7290
v  -6.3024 3.0843 -4.6131
v  -6.0669 2.9868 -5.0349
v  -6.1487 3.0206 -4.9439
v  -5.5910 2.7897 -5.2484
v  -5.7347 2.8492 -5.2245
v  -5.8586 2.9005 -5.1794
v  -5.9742 2.9484 -5.1131
v  -5.9830 3.6717 -4.7290
v  -6.0162 3.6895 -4.6131
v  -5.7915 3.5693 -5.0349
v  -5.8696 3.6111 -4.9439
v  -5.3372 3.3266 -5.2484
v  -5.4743 3.3999 -5.2245
v  -5.5927 3.4631 -5.1794
v  -5.7030 3.5220 -5.1131
v  -5.6410 4.2429 -4.7290
v  -5.6724 4.2639 -4.6131
v  -5.4604 4.1222 -5.0350
v  -5.5341 4.1714 -4.9439
v  -5.0321 3.8361 -5.2484
v  -5.1614 3.9225 -5.2245
v  -5.2730 3.9970 -5.1794
v  -5.3770 4.0665 -5.1131
v  -5.2449 4.7781 -4.7291
v  -5.2740 4.8021 -4.6131
v  -5.0770 4.6402 -5.0350
v  -5.1454 4.6964 -4.9440
v  -4.6787 4.3135 -5.2484
v  -4.7989 4.4121 -5.2246
v  -4.9027 4.4972 -5.1794
v  -4.9994 4.5766 -5.1132
v  -4.7981 5.2719 -4.7289
v  -4.8247 5.2986 -4.6130
v  -4.6445 5.1183 -5.0349
v  -4.7071 5.1810 -4.9438
v  -4.2803 4.7542 -5.2484
v  -4.3902 4.8641 -5.2245
v  -4.4851 4.9590 -5.1794
v  -4.5735 5.0474 -5.1131
v  -4.3041 5.7186 -4.7289
v  -4.3280 5.7477 -4.6130
v  -4.1663 5.5507 -5.0349
v  -4.2224 5.6192 -4.9438
v  -3.8396 5.1525 -5.2484
v  -3.9382 5.2728 -5.2245
v  -4.0233 5.3765 -5.1794
v  -4.1026 5.4732 -5.1131
v  -3.7690 6.1147 -4.7289
v  -3.7899 6.1460 -4.6130
v  -3.6483 5.9342 -5.0349
v  -3.6975 6.0078 -4.9438
v  -3.3623 5.5059 -5.2484
v  -3.4486 5.6352 -5.2245
v  -3.5231 5.7468 -5.1794
v  -3.5926 5.8508 -5.1131
v  -3.1978 6.4567 -4.7289
v  -3.2156 6.4899 -4.6130
v  -3.0954 6.2652 -5.0349
v  -3.1372 6.3433 -4.9439
v  -2.8527 5.8110 -5.2484
v  -2.9260 5.9481 -5.2245
v  -2.9892 6.0665 -5.1794
v  -3.0481 6.1768 -5.1131
v  -2.5954 6.7415 -4.7289
v  -2.6096 6.7764 -4.6130
v  -2.5128 6.5406 -5.0349
v  -2.5467 6.6225 -4.9439
v  -2.3158 6.0648 -5.2484
v  -2.3753 6.2085 -5.2245
v  -2.4266 6.3324 -5.1794
v  -2.4745 6.4480 -5.1131
v  -1.9682 6.9659 -4.7289
v  -1.9786 7.0021 -4.6130
v  -1.9061 6.7578 -5.0349
v  -1.9317 6.8425 -4.9439
v  -1.7566 6.2650 -5.2484
v  -1.8018 6.4137 -5.2245
v  -1.8407 6.5421 -5.1794
v  -1.8770 6.6618 -5.1131
v  -1.3232 7.1276 -4.7289
v  -1.3304 7.1646 -4.6131
v  -1.2811 6.9145 -5.0349
v  -1.2983 7.0014 -4.9439
v  -1.1805 6.4094 -5.2484
v  -1.2109 6.5619 -5.2245
v  -1.2371 6.6935 -5.1794
v  -1.2615 6.8161 -5.1131
v  -0.6649 7.2257 -4.7289
v  -0.6685 7.2632 -4.6130
v  -0.6438 7.0095 -5.0349
v  -0.6524 7.0977 -4.9439
v  -0.5931 6.4970 -5.2484
v  -0.6084 6.6517 -5.2245
v  -0.6216 6.7853 -5.1794
v  -0.6339 6.9097 -5.1131
v  0.0000 7.2970 -4.6130
v  0.0000 6.6826 -5.2245
v  0.0000 6.8167 -5.1793
v  0.0000 6.9418 -5.1130
v  -6.7886 -0.1949 -4.6128
v  -6.7507 -0.1912 -4.7284
v  -6.6239 -0.1788 -4.9438
v  -6.5367 -0.1702 -5.0360
v  -6.1779 -0.1347 -5.2245
v  -6.0232 -0.1194 -5.2484
v  -6.4362 -0.1603 -5.1135
v  -6.3115 -0.1479 -5.1794
v  -6.6904 -0.8570 -4.6132
v  -6.6527 -0.8496 -4.7286
v  -6.5275 -0.8247 -4.9439
v  -6.4417 -0.8076 -5.0360
v  -6.0881 -0.7372 -5.2245
v  -5.9356 -0.7069 -5.2484
v  -6.3426 -0.7879 -5.1135
v  -6.2201 -0.7635 -5.1803
v  -6.5272 -1.5062 -4.6129
v  -6.4907 -1.4952 -4.7285
v  -6.3687 -1.4582 -4.9439
v  -6.2849 -1.4327 -5.0360
v  -5.9399 -1.3281 -5.2245
v  -5.7912 -1.2829 -5.2484
v  -6.1882 -1.4034 -5.1135
v  -6.0687 -1.3671 -5.1803
v  -6.3020 -2.1366 -4.6132
v  -6.2664 -2.1219 -4.7286
v  -6.1486 -2.0730 -4.9439
v  -6.0677 -2.0395 -5.0360
v  -5.7347 -1.9016 -5.2245
v  -5.5910 -1.8421 -5.2484
v  -5.9744 -2.0009 -5.1135
v  -5.8590 -1.9531 -5.1803
v  -6.0156 -2.7416 -4.6130
v  -5.9819 -2.7236 -4.7285
v  -5.8695 -2.6635 -4.9439
v  -5.7922 -2.6222 -5.0360
v  -5.4743 -2.4523 -5.2245
v  -5.3372 -2.3790 -5.2484
v  -5.7032 -2.5746 -5.1135
v  -5.5930 -2.5157 -5.1803
v  -5.6722 -3.3163 -4.6131
v  -5.6409 -3.2953 -4.7289
v  -5.5340 -3.2238 -4.9438
v  -5.4603 -3.1746 -5.0349
v  -5.1614 -2.9749 -5.2245
v  -5.0321 -2.8886 -5.2484
v  -5.3769 -3.1189 -5.1131
v  -5.2730 -3.0494 -5.1794
v  -5.2738 -3.8543 -4.6131
v  -5.2447 -3.8304 -4.7289
v  -5.1453 -3.7487 -4.9438
v  -5.0769 -3.6925 -5.0349
v  -4.7989 -3.4645 -5.2245
v  -4.6787 -3.3659 -5.2484
v  -4.9993 -3.6289 -5.1131
v  -4.9027 -3.5496 -5.1794
v  -4.8247 -4.3511 -4.6128
v  -4.7981 -4.3244 -4.7288
v  -4.7071 -4.2334 -4.9438
v  -4.6445 -4.1708 -5.0348
v  -4.3902 -3.9165 -5.2245
v  -4.2802 -3.8065 -5.2483
v  -4.5735 -4.0998 -5.1131
v  -4.4851 -4.0114 -5.1794
v  -4.3281 -4.8003 -4.6132
v  -4.3042 -4.7712 -4.7291
v  -4.2225 -4.6717 -4.9440
v  -4.1663 -4.6033 -5.0350
v  -3.9383 -4.3252 -5.2246
v  -3.8396 -4.2050 -5.2484
v  -4.1027 -4.5257 -5.1132
v  -4.0234 -4.4290 -5.1794
v  -3.7900 -5.1986 -4.6131
v  -3.7691 -5.1673 -4.7290
v  -3.6976 -5.0603 -4.9439
v  -3.6484 -4.9867 -5.0350
v  -3.4486 -4.6877 -5.2246
v  -3.3623 -4.5584 -5.2484
v  -3.5926 -4.9033 -5.1131
v  -3.5231 -4.7993 -5.1794
v  -3.2156 -5.5425 -4.6133
v  -3.1978 -5.5092 -4.7291
v  -3.1372 -5.3958 -4.9439
v  -3.0954 -5.3177 -5.0349
v  -2.9260 -5.0006 -5.2245
v  -2.8527 -4.8635 -5.2484
v  -3.0482 -5.2292 -5.1131
v  -2.9892 -5.1189 -5.1794
v  -2.6106 -5.8285 -4.6131
v  -2.5964 -5.7937 -4.7289
v  -2.5476 -5.6748 -4.9437
v  -2.5140 -5.5929 -5.0347
v  -2.3761 -5.2608 -5.2245
v  -2.3158 -5.1174 -5.2484
v  -2.4758 -5.5002 -5.1130
v  -2.4278 -5.3847 -5.1793
v  -2.0591 -6.0297 -4.6187
v  -2.0628 -5.9866 -4.7370
v  -2.0729 -5.8456 -4.9511
v  -2.0799 -5.7511 -5.0404
v  -2.1442 -5.3565 -5.2243
v  -2.1366 -5.1961 -5.2479
v  -2.0880 -5.6445 -5.1152
v  -2.0947 -5.5319 -5.1722
v  -6.6958 1.1334 -4.8404
v  -6.7291 0.4738 -4.8403
v  -6.5985 1.7864 -4.8404
v  -6.4378 2.4267 -4.8404
v  -6.2154 3.0483 -4.8404
v  -5.9332 3.6451 -4.8404
v  -5.5941 4.2116 -4.8404
v  -5.2012 4.7422 -4.8405
v  -4.7582 5.2320 -4.8403
v  -4.2682 5.6750 -4.8403
v  -3.7376 6.0678 -4.8403
v  -3.1712 6.4069 -4.8403
v  -2.5741 6.6892 -4.8403
v  -1.9524 6.9117 -4.8403
v  -1.3123 7.0722 -4.8403
v  -0.6594 7.1695 -4.8403
v  -6.6958 -0.1858 -4.8404
v  -6.5984 -0.8388 -4.8404
v  -6.4378 -1.4791 -4.8404
v  -6.2153 -2.1007 -4.8404
v  -5.9332 -2.6975 -4.8404
v  -5.5940 -3.2639 -4.8403
v  -5.2011 -3.7945 -4.8403
v  -4.7582 -4.2845 -4.8402
v  -4.2683 -4.7275 -4.8405
v  -3.7377 -5.1204 -4.8404
v  -3.1712 -5.4595 -4.8404
v  -2.5750 -5.7415 -4.8402
v  -2.0668 -5.9250 -4.8492
v  -1.6947 -5.5319 -5.1341
v  -1.7009 -5.3949 -5.1626
v  -1.8626 -5.3654 -5.2002
v  -1.8661 -5.5319 -5.1662
v  -1.6731 -5.9511 -4.8333
v  -1.6773 -5.8696 -4.9303
v  -1.8470 -5.8715 -4.9480
v  -1.8439 -5.9527 -4.8487
v  -1.6676 -6.0616 -4.5969
v  -1.6694 -6.0127 -4.7284
v  -1.8428 -6.0162 -4.7384
v  -1.8418 -6.0619 -4.6106
v  -1.6829 -5.7678 -5.0178
v  -1.6873 -5.6558 -5.0842
v  -1.8572 -5.6608 -5.1094
v  -1.8511 -5.7705 -5.0388
v  -2.0001 -5.3640 -5.2234
v  -1.9819 -5.5420 -5.1766
v  -1.8956 -5.5327 -5.1714
v  -1.8917 -5.3667 -5.2066
v  -1.9614 -5.8691 -4.9557
v  -1.9568 -5.9483 -4.8534
v  -1.8738 -5.9529 -4.8513
v  -1.8769 -5.8719 -4.9512
v  -1.9544 -6.0123 -4.7412
v  -1.9500 -6.0565 -4.6180
v  -1.8718 -6.0621 -4.6130
v  -1.8727 -6.0167 -4.7401
v  -1.9737 -5.6628 -5.1196
v  -1.9668 -5.7704 -5.0457
v  -1.8810 -5.7710 -5.0423
v  -1.8869 -5.6617 -5.1139
v  -2.1156 -5.3633 -5.2253
v  -2.0664 -5.5383 -5.1740
v  -2.0441 -5.8529 -4.9535
v  -2.0381 -5.9328 -4.8516
v  -2.0341 -5.9950 -4.7389
v  -2.0305 -6.0386 -4.6202
v  -2.0590 -5.6504 -5.1166
v  -2.0511 -5.7577 -5.0431
v  -2.0455 -5.2008 -5.2455
v  -2.1075 -5.2008 -5.2484
v  -0.2291 -5.2982 -6.4035
v  -0.9137 -5.2733 -6.0995
v  -1.1061 -5.2588 -5.9369
v  -0.4649 -5.2933 -6.3379
v  -0.6963 -5.2850 -6.2350
v  -1.2638 -5.2413 -5.7518
v  -1.3762 -5.2193 -5.5478
v  -1.4232 -5.2038 -5.3665
v  -0.0000 -0.9655 -6.6938
v  -0.2329 -0.9505 -6.6738
v  -0.2274 -1.0263 -6.6244
v  -0.8863 -0.7626 -6.3472
v  -0.9020 -0.6693 -6.3832
v  -1.0868 -0.5013 -6.2263
v  -1.0706 -0.5976 -6.2011
v  -0.4677 -0.8962 -6.6116
v  -0.4571 -0.9781 -6.5631
v  -0.6876 -0.8052 -6.5160
v  -0.6734 -0.8937 -6.4730
v  -1.2501 -0.2910 -6.0309
v  -1.2357 -0.3842 -6.0215
v  -1.3747 -0.0450 -5.7996
v  -1.3708 -0.1071 -5.7968
v  -1.4264 0.0816 -5.5896
v  -1.4246 0.0459 -5.5882
v  -1.5148 0.1160 -5.4222
v  -1.5127 0.0900 -5.4216
v  -1.4618 0.0954 -5.4772
v  -1.4649 0.1246 -5.4782
v  -1.6965 0.0512 -5.3910
v  -1.6979 0.0701 -5.3911
v  -1.9687 0.0341 -5.4401
v  -1.9670 0.0218 -5.4398
v  -2.0555 0.0331 -5.4521
v  -2.0544 0.0242 -5.4521
v  -1.9979 0.0303 -5.4454
v  -1.9994 0.0419 -5.4453
v  -2.0485 -1.5985 -5.4095
v  -2.0470 -2.8099 -5.3593
v  -1.9896 -2.8099 -5.3507
v  -1.9904 -1.5985 -5.4014
v  -2.1116 0.0244 -5.4525
v  -2.1109 0.0182 -5.4524
v  -2.1090 -1.5985 -5.4106
v  -2.1082 -2.8099 -5.3611
v  -1.9907 -5.2005 -5.2367
v  -0.2869 1.9166 -5.5940
v  -0.2646 1.8044 -6.9105
v  -0.3158 2.0621 -5.3895
v  -0.3026 1.9961 -5.4230
v  0.0000 2.0935 -5.3894
v  -0.5627 1.8324 -5.5946
v  -0.5191 1.7271 -6.9105
v  -0.6190 1.9685 -5.3899
v  -0.5934 1.9067 -5.4238
v  -0.8173 1.6969 -5.5946
v  -0.7537 1.6019 -6.9105
v  -0.8992 1.8194 -5.3898
v  -0.8620 1.7637 -5.4237
v  -1.0408 1.5145 -5.5946
v  -0.9598 1.4336 -6.9105
v  -1.1451 1.6187 -5.3898
v  -1.0977 1.5713 -5.4236
v  -1.2242 1.2916 -5.5946
v  -1.1285 1.2278 -6.9105
v  -1.3469 1.3735 -5.3897
v  -1.2911 1.3363 -5.4235
v  -1.3604 1.0372 -5.5946
v  -1.2536 0.9930 -6.9105
v  -1.4966 1.0936 -5.3897
v  -1.4346 1.0679 -5.4234
v  -1.4439 0.7609 -5.5946
v  -1.3310 0.7385 -6.9105
v  -1.5884 0.7897 -5.3896
v  -1.5225 0.7766 -5.4233
v  -1.4726 0.4738 -5.5946
v  -1.3574 0.4738 -6.9105
v  -1.6199 0.4739 -5.3894
v  -1.5525 0.4739 -5.4228
v  0.0000 2.4885 -5.4400
v  -0.3928 2.4491 -5.4400
v  -0.3393 2.1792 -5.3907
v  0.0000 2.6325 -5.4525
v  -0.4211 2.5909 -5.4525
v  -0.4098 2.5343 -5.4518
v  -0.7698 2.3324 -5.4400
v  -0.6647 2.0785 -5.3907
v  -0.8259 2.4676 -5.4525
v  -0.8034 2.4135 -5.4518
v  -1.1181 2.1470 -5.4400
v  -0.9653 1.9186 -5.3907
v  -1.1990 2.2683 -5.4525
v  -1.1666 2.2198 -5.4518
v  -1.4238 1.8973 -5.4400
v  -1.2293 1.7031 -5.3906
v  -1.5262 2.0000 -5.4525
v  -1.4853 1.9590 -5.4518
v  -1.6748 1.5926 -5.4400
v  -1.4460 1.4398 -5.3907
v  -1.7949 1.6731 -5.4525
v  -1.7470 1.6410 -5.4518
v  -1.8609 1.2445 -5.4400
v  -1.6068 1.1393 -5.3906
v  -1.9938 1.2996 -5.4525
v  -1.9408 1.2776 -5.4517
v  -1.9753 0.8666 -5.4400
v  -1.7054 0.8130 -5.3906
v  -2.1172 0.8949 -5.4525
v  -2.0605 0.8836 -5.4518
v  -2.0143 0.4738 -5.4400
v  -1.7394 0.4737 -5.3906
v  -2.1588 0.4738 -5.4525
v  -2.1012 0.4738 -5.4518
v  -0.2615 1.7882 -6.9877
v  -0.2564 1.7625 -7.0215
v  -0.5128 1.7118 -6.9876
v  -0.5028 1.6876 -7.0215
v  -0.7446 1.5882 -6.9877
v  -0.7300 1.5664 -7.0215
v  -0.9481 1.4219 -6.9877
v  -0.9296 1.4034 -7.0215
v  -1.1147 1.2185 -6.9877
v  -1.0929 1.2040 -7.0216
v  -1.2383 0.9867 -6.9877
v  -1.2141 0.9766 -7.0216
v  -1.3147 0.7353 -6.9877
v  -1.2890 0.7302 -7.0216
v  -1.3409 0.4738 -6.9877
v  -1.3146 0.4738 -7.0215
v  -1.4413 0.1731 -5.5947
v  -1.3306 0.2089 -6.9104
v  -1.5866 0.1585 -5.3898
v  -1.5205 0.1719 -5.4232
v  -1.9748 0.0888 -5.4396
v  -1.7037 0.1379 -5.3907
v  -2.0598 0.0719 -5.4519
v  -2.1158 0.0600 -5.4525
v  -0.0000 -0.8672 -6.9876
v  -0.0000 -0.8410 -7.0215
v  -0.2564 -0.8151 -7.0216
v  -0.2615 -0.8409 -6.9878
v  -0.5028 -0.7402 -7.0216
v  -0.5129 -0.7645 -6.9878
v  -0.7301 -0.6190 -7.0217
v  -0.7447 -0.6408 -6.9878
v  -0.9296 -0.4558 -7.0215
v  -0.9481 -0.4743 -6.9877
v  -1.0927 -0.2563 -7.0214
v  -1.1145 -0.2709 -6.9875
v  -1.2139 -0.0290 -7.0214
v  -1.2381 -0.0390 -6.9875
v  -1.2888 0.2174 -7.0214
v  -1.3145 0.2123 -6.9875
v  -0.3987 2.4781 -5.4453
v  0.0000 2.5182 -5.4453
v  -0.7812 2.3597 -5.4453
v  -1.1345 2.1717 -5.4453
v  -1.4447 1.9183 -5.4453
v  -1.6995 1.6091 -5.4453
v  -1.8883 1.2558 -5.4453
v  -2.0044 0.8724 -5.4453
v  -2.0440 0.4738 -5.4453
v  -2.0039 0.0835 -5.4449
v  -0.0000 -0.8838 -6.9105
v  -0.2647 -0.8572 -6.9107
v  -0.2664 -0.8604 -6.8709
v  -0.9871 -0.5072 -6.5163
v  -0.9598 -0.4860 -6.9105
v  -1.1278 -0.2805 -6.9103
v  -1.1643 -0.3189 -6.3238
v  -0.5319 -0.7858 -6.7981
v  -0.5202 -0.7795 -6.9107
v  -0.7705 -0.6678 -6.6782
v  -0.7541 -0.6545 -6.9107
v  -1.2530 -0.0462 -6.9104
v  -1.3075 -0.1036 -6.0850
v  -1.4046 0.1024 -5.8239
v  -1.6680 0.0940 -5.3853
v  -1.6661 0.0744 -5.3854
v  -1.5800 0.0828 -5.3890
v  -1.5816 0.1057 -5.3892
v  -1.4315 0.0654 -5.5615
v  -1.4331 0.0981 -5.5622
v  -1.4605 0.0660 -5.4773
v  -0.2928 1.9468 -5.4788
v  -0.2875 1.9191 -5.5642
v  0.0000 1.9491 -5.5648
v  0.0000 1.9757 -5.4785
v  -0.5744 1.8607 -5.4801
v  -0.5637 1.8348 -5.5648
v  -0.3334 2.1501 -5.3853
v  -0.6533 2.0511 -5.3853
v  -0.8343 1.7223 -5.4799
v  -0.8187 1.6991 -5.5648
v  -0.9489 1.8939 -5.3853
v  -1.0624 1.5360 -5.4797
v  -1.0427 1.5164 -5.5648
v  -1.2084 1.6821 -5.3853
v  -1.2495 1.3085 -5.4797
v  -1.2264 1.2931 -5.5648
v  -1.4213 1.4233 -5.3853
v  -1.3883 1.0488 -5.4794
v  -1.3628 1.0382 -5.5648
v  -1.5794 1.1279 -5.3853
v  -1.4734 0.7668 -5.4792
v  -1.4464 0.7615 -5.5648
v  -1.6764 0.8072 -5.3853
v  -1.5022 0.4739 -5.4785
v  -1.4752 0.4738 -5.5648
v  -1.7097 0.4738 -5.3853
v  -1.4719 0.1835 -5.4795
v  -1.4453 0.1925 -5.5648
v  -1.6746 0.1431 -5.3853
v  -1.4307 -5.2013 -5.3376
v  -1.4608 -5.1947 -5.2543
v  -1.5197 -1.5982 -5.3652
v  -1.5190 -2.8097 -5.3123
v  -1.4681 -2.8094 -5.3608
v  -1.4690 -1.5979 -5.4132
v  -1.5825 -1.5984 -5.3378
v  -1.5828 -2.8099 -5.2844
v  -1.6660 -1.5985 -5.3361
v  -1.6674 -2.8099 -5.2826
v  -1.9609 -1.5985 -5.3957
v  -1.9602 -2.8099 -5.3446
v  -1.6968 -2.8099 -5.2888
v  -1.6954 -1.5985 -5.3420
v  -0.0000 -4.0206 -6.4876
v  -0.0000 -2.8092 -6.5454
v  -0.2291 -2.8092 -6.5219
v  -0.2291 -4.0206 -6.4643
v  -0.9064 -4.0206 -6.1637
v  -0.8993 -2.8092 -6.2259
v  -1.0863 -2.8092 -6.0705
v  -1.0960 -4.0206 -6.0043
v  -0.4626 -2.8092 -6.4569
v  -0.4637 -4.0206 -6.3989
v  -0.6845 -2.8092 -6.3585
v  -0.6903 -4.0206 -6.2981
v  -1.2496 -2.8093 -5.8889
v  -1.2566 -4.0207 -5.8206
v  -1.3755 -2.8092 -5.6669
v  -1.3759 -4.0207 -5.6070
v  -1.4257 -2.8092 -5.4696
v  -1.4245 -4.0207 -5.4175
v  -1.4320 -4.0207 -5.3884
v  -1.4331 -2.8092 -5.4405
v  -1.4643 -4.0208 -5.3066
v  -1.5118 -5.1905 -5.2002
v  -1.5809 -5.1878 -5.1683
v  -1.6714 -5.1874 -5.1668
v  -1.9614 -5.1918 -5.2306
v  -1.7007 -5.1886 -5.1732
v  -0.0000 -0.9154 -6.7611
v  -0.2657 -0.8632 -6.8411
v  -0.2449 -0.8947 -6.7446
v  -0.2290 -1.1270 -6.6018
v  -0.0000 -1.1282 -6.6256
v  -0.9347 -0.5859 -6.4305
v  -0.9858 -0.5120 -6.4877
v  -1.1630 -0.3253 -6.2959
v  -1.1173 -0.4106 -6.2583
v  -1.0689 -0.7001 -6.1850
v  -0.8880 -0.8671 -6.3256
v  -0.5316 -0.7888 -6.7687
v  -0.4911 -0.8319 -6.6791
v  -0.4610 -1.0826 -6.5396
v  -0.7690 -0.6719 -6.6492
v  -0.7184 -0.7310 -6.5747
v  -0.6760 -0.9983 -6.4489
v  -1.3066 -0.1116 -6.0581
v  -1.2740 -0.2003 -6.0434
v  -1.2299 -0.4798 -6.0160
v  -1.3987 0.0768 -5.8086
v  -1.3844 0.0163 -5.8037
v  -1.3670 -0.1693 -5.7941
v  -1.4372 0.1529 -5.5927
v  -1.4307 0.1166 -5.5924
v  -1.4250 0.0134 -5.5834
v  -1.5111 0.0638 -5.4218
v  -1.5098 0.0377 -5.4223
v  -1.4597 0.0366 -5.4776
v  -1.4688 0.1537 -5.4796
v  -1.5174 0.1421 -5.4233
v  -1.6991 0.0891 -5.3910
v  -1.7005 0.1080 -5.3906
v  -1.9711 0.0579 -5.4399
v  -1.9698 0.0464 -5.4400
v  -1.9662 0.0105 -5.4397
v  -1.6952 0.0323 -5.3907
v  -2.0533 0.0153 -5.4520
v  -2.0522 0.0064 -5.4519
v  -1.9952 0.0069 -5.4449
v  -1.9966 0.0186 -5.4451
v  -2.0008 0.0536 -5.4453
v  -2.0567 0.0419 -5.4522
v  -2.1104 0.0125 -5.4524
v  -2.1102 0.0064 -5.4523
v  -2.1127 0.0301 -5.4525
v  -1.6656 0.0546 -5.3855
v  -1.5784 0.0599 -5.3893
v  -1.5834 0.1286 -5.3899
v  -1.6714 0.1133 -5.3853
v  -1.5769 0.0369 -5.3896
v  -1.4371 0.1305 -5.5633
v  -1.4311 0.0327 -5.5612
v  -0.2493 1.7272 -7.0447
v  -0.2399 1.6799 -7.0545
v  0.0000 1.8288 -6.9404
v  -0.2641 1.8019 -6.9404
v  -0.4890 1.6544 -7.0447
v  -0.4705 1.6098 -7.0545
v  -0.5181 1.7247 -6.9404
v  -0.7100 1.5365 -7.0447
v  -0.6833 1.4964 -7.0545
v  -0.7523 1.5997 -6.9404
v  -0.9041 1.3779 -7.0447
v  -0.8700 1.3438 -7.0545
v  -0.9579 1.4317 -6.9404
v  -1.0629 1.1839 -7.0447
v  -1.0227 1.1571 -7.0545
v  -1.1263 1.2263 -6.9404
v  -1.1807 0.9628 -7.0447
v  -1.1361 0.9443 -7.0545
v  -1.2512 0.9920 -6.9404
v  -1.2536 0.7231 -7.0447
v  -1.2062 0.7137 -7.0545
v  -1.3284 0.7380 -6.9404
v  -1.2786 0.4738 -7.0447
v  -1.2304 0.4738 -7.0545
v  -1.3548 0.4738 -6.9404
v  -0.0000 -0.8049 -7.0447
v  -0.0000 -0.7567 -7.0545
v  -0.2399 -0.7324 -7.0545
v  -0.2493 -0.7797 -7.0448
v  -0.2642 -0.8546 -6.9406
v  -0.4705 -0.6623 -7.0545
v  -0.4890 -0.7069 -7.0448
v  -0.5182 -0.7774 -6.9406
v  -0.6833 -0.5488 -7.0545
v  -0.7101 -0.5890 -7.0448
v  -0.7525 -0.6525 -6.9406
v  -0.8700 -0.3962 -7.0545
v  -0.9041 -0.4303 -7.0447
v  -0.9580 -0.4842 -6.9404
v  -1.0227 -0.2095 -7.0545
v  -1.0628 -0.2363 -7.0446
v  -1.1260 -0.2785 -6.9402
v  -1.1361 0.0032 -7.0545
v  -1.1807 -0.0152 -7.0446
v  -1.2509 -0.0443 -6.9403
v  -1.2062 0.2339 -7.0545
v  -1.2535 0.2245 -7.0446
v  -1.3281 0.2096 -6.9403
v  -2.0461 -4.0210 -5.3017
v  -2.0455 -5.1808 -5.2464
v  -1.9934 -5.1805 -5.2382
v  -1.9899 -4.0211 -5.2940
v  -1.9950 -0.0231 -5.4444
v  -2.0521 -0.0236 -5.4513
v  -2.1077 -4.0211 -5.3053
v  -2.1058 -5.1808 -5.2493
v  -2.1102 -0.0236 -5.4520
v  -1.5153 -4.0209 -5.2552
v  -1.4599 0.0066 -5.4765
v  -1.5100 0.0077 -5.4213
v  -1.5818 -4.0210 -5.2253
v  -1.5770 0.0069 -5.3886
v  -1.6693 -4.0211 -5.2243
v  -1.6657 0.0048 -5.3845
v  -1.9606 -4.0211 -5.2875
v  -1.6986 -4.0211 -5.2307
v  -1.6952 0.0022 -5.3901
v  -1.9655 -0.0207 -5.4391
v  -0.0000 -1.1582 -6.6242
v  -0.2299 -1.1570 -6.6002
v  -0.2290 -1.5977 -6.5794
v  -0.8922 -1.5977 -6.2881
v  -0.8939 -0.8949 -6.3200
v  -1.0752 -0.7269 -6.1779
v  -1.0762 -1.5977 -6.1362
v  -0.4642 -1.1121 -6.5371
v  -0.4615 -1.5977 -6.5149
v  -0.6811 -1.0270 -6.4448
v  -0.6788 -1.5977 -6.4190
v  -1.2325 -0.5079 -6.0114
v  -1.2418 -1.5978 -5.9568
v  -1.3671 -0.1993 -5.7927
v  -1.3747 -1.5978 -5.7265
v  -1.4237 -0.0294 -5.5877
v  -1.4262 -1.5977 -5.5215
v  -1.4336 -1.5977 -5.4924
v  -1.4311 0.0027 -5.5600
v  -0.4270 2.6205 -5.4509
v  0.0000 2.6622 -5.4509
v  -0.5902 6.4773 -5.2494
v  -1.1766 6.3898 -5.2494
v  -6.0333 0.4738 -5.2494
v  -2.1889 0.4737 -5.4509
v  -6.0033 1.0660 -5.2494
v  0.0000 6.5071 -5.2494
v  -0.8374 2.4954 -5.4509
v  -1.7499 6.2462 -5.2494
v  -2.3081 6.0464 -5.2494
v  -2.8424 5.7939 -5.2494
v  -1.2158 2.2933 -5.4509
v  -3.3511 5.4893 -5.2494
v  -1.5474 2.0213 -5.4509
v  -3.8262 5.1377 -5.2494
v  -4.2661 4.7400 -5.2494
v  -4.6626 4.3016 -5.2494
v  -1.8199 1.6898 -5.4509
v  -5.0155 3.8250 -5.2494
v  -2.0216 1.3111 -5.4509
v  -5.3191 3.3180 -5.2494
v  -5.5725 2.7820 -5.2494
v  -5.7718 2.2256 -5.2494
v  -2.1467 0.9008 -5.4509
v  -5.9160 1.6506 -5.2494
v  -6.0035 -0.1165 -5.2494
v  -5.9163 -0.7020 -5.2494
v  -2.1411 0.0157 -5.4509
v  -5.7724 -1.2762 -5.2494
v  -2.1389 -1.6008 -5.4094
v  -5.5730 -1.8336 -5.2494
v  -5.3201 -2.3688 -5.2494
v  -5.0160 -2.8767 -5.2494
v  -2.1382 -2.8169 -5.3599
v  -4.6639 -3.3525 -5.2493
v  -4.2661 -3.7924 -5.2493
v  -3.8278 -4.1889 -5.2494
v  -2.1377 -4.0730 -5.3022
v  -3.3520 -4.5412 -5.2494
v  -2.8442 -4.8454 -5.2494
v  -2.3078 -5.0991 -5.2495
v  -2.1309 -5.1768 -5.2490
v  -0.2340 -0.7028 -7.0545
v  -0.0000 -0.7265 -7.0545
v  -0.1845 -0.4529 -7.0545
v  -0.4590 -0.6344 -7.0545
v  -0.3615 -0.3991 -7.0545
v  -0.6665 -0.5237 -7.0545
v  -0.5249 -0.3120 -7.0545
v  -0.8487 -0.3749 -7.0545
v  -0.6685 -0.1947 -7.0545
v  -0.9976 -0.1928 -7.0545
v  -0.7858 -0.0511 -7.0545
v  -1.1082 0.0148 -7.0545
v  -0.8729 0.1123 -7.0545
v  -1.1767 0.2398 -7.0545
v  -0.9267 0.2894 -7.0545
v  -1.2002 0.4738 -7.0545
v  -0.9454 0.4738 -7.0545
v  -1.1767 0.7078 -7.0545
v  -0.9267 0.6582 -7.0545
v  -1.1083 0.9328 -7.0545
v  -0.8729 0.8353 -7.0545
v  -0.9976 1.1404 -7.0545
v  -0.7858 0.9986 -7.0545
v  -0.8487 1.3225 -7.0545
v  -0.6685 1.1423 -7.0545
v  -0.6665 1.4713 -7.0545
v  -0.5249 1.2595 -7.0545
v  -0.4590 1.5820 -7.0545
v  -0.3615 1.3466 -7.0545
v  -0.2340 1.6504 -7.0545
v  -0.1844 1.4005 -7.0545
v  -0.1706 1.3315 -7.0545
v  -0.3346 1.2816 -7.0545
v  -0.4859 1.2010 -7.0545
v  -0.6187 1.0925 -7.0545
v  -0.7272 0.9597 -7.0545
v  -0.8079 0.8084 -7.0545
v  -0.8577 0.6444 -7.0545
v  -0.8750 0.4738 -7.0545
v  -0.8577 0.3032 -7.0545
v  -0.8079 0.1392 -7.0545
v  -0.7272 -0.0121 -7.0545
v  -0.6187 -0.1449 -7.0545
v  -0.4859 -0.2534 -7.0545
v  -0.3346 -0.3341 -7.0545
v  -0.1706 -0.3839 -7.0545
v  -0.6613 7.1896 -1.1948
v  0.0000 7.2231 -1.1948
v  0.0000 7.1250 -2.1280
v  -1.3161 7.0920 -1.1948
v  -1.9583 6.9310 -1.1948
v  -2.5816 6.7080 -1.1948
v  -3.1801 6.4251 -1.1948
v  -3.7482 6.0850 -1.1948
v  -4.2804 5.6911 -1.1948
v  -4.7717 5.2471 -1.1948
v  -5.2159 4.7561 -1.1948
v  -5.6100 4.2240 -1.1948
v  -5.9502 3.6561 -1.1948
v  -6.2333 3.0576 -1.1948
v  -6.4566 2.4343 -1.1948
v  -6.6178 1.7922 -1.1948
v  -6.7157 1.1374 -1.1948
v  -6.7494 0.4762 -1.1948
v  -6.7161 -0.1851 -1.1948
v  -6.6187 -0.8400 -1.1948
v  -6.4579 -1.4822 -1.1948
v  -6.2351 -2.1056 -1.1948
v  -5.9524 -2.7043 -1.1948
v  -5.6126 -3.2725 -1.1948
v  -5.2189 -3.8048 -1.1948
v  -4.7750 -4.2962 -1.1948
v  -4.2841 -4.7406 -1.1948
v  -3.7522 -5.1349 -1.1948
v  -3.1844 -5.4753 -1.1948
v  -2.5860 -5.7586 -1.1948
v  -1.9628 -5.9821 -1.1948
v  -1.3208 -6.1436 -1.1948
v  -0.6660 -6.2416 -1.1948
v  -0.6709 7.2870 -0.2636
v  -1.3352 7.1880 -0.2636
v  -1.9867 7.0246 -0.2636
v  -2.6191 6.7983 -0.2636
v  -3.2263 6.5113 -0.2636
v  -3.8026 6.1663 -0.2636
v  -4.3426 5.7667 -0.2636
v  -4.8409 5.3162 -0.2636
v  -5.2917 4.8181 -0.2636
v  -5.6914 4.2783 -0.2636
v  -6.0366 3.7020 -0.2636
v  -6.3238 3.0949 -0.2636
v  -6.5503 2.4626 -0.2636
v  -6.7139 1.8111 -0.2636
v  -6.8131 1.1468 -0.2636
v  -6.8473 0.4759 -0.2636
v  -6.8135 -0.1950 -0.2636
v  -6.7146 -0.8593 -0.2637
v  -6.5515 -1.5109 -0.2636
v  -6.3254 -2.1433 -0.2636
v  -6.0386 -2.7507 -0.2636
v  -5.6938 -3.3271 -0.2636
v  -5.2943 -3.8671 -0.2636
v  -4.8440 -4.3657 -0.2636
v  -4.3459 -4.8165 -0.2636
v  -3.8063 -5.2164 -0.2636
v  -3.2301 -5.5618 -0.2636
v  -2.6231 -5.8492 -0.2636
v  -1.9908 -6.0758 -0.2636
v  -1.3395 -6.2396 -0.2636
v  -0.6756 -6.3406 -0.2637
v  -0.0925 -6.3292 -0.7322
v  -0.0890 -6.3400 -0.7516
v  -0.0000 -6.3415 -0.7431
v  -0.0000 -6.3308 -0.7233
v  -0.0867 -6.2658 -1.6352
v  -0.0890 -6.2460 -1.6457
v  -0.0000 -6.2457 -1.6543
v  -0.1701 -6.2666 -1.6099
v  -0.1746 -6.2470 -1.6196
v  -0.2469 -6.2681 -1.5687
v  -0.2535 -6.2487 -1.5772
v  -0.3144 -6.2706 -1.5133
v  -0.3227 -6.2514 -1.5203
v  -0.3698 -6.2744 -1.4459
v  -0.3796 -6.2555 -1.4509
v  -0.4110 -6.2796 -1.3689
v  -0.4219 -6.2611 -1.3718
v  -0.4364 -6.2865 -1.2855
v  -0.4480 -6.2682 -1.2860
v  -0.4450 -6.2950 -1.1988
v  -0.4567 -6.2769 -1.1969
v  -0.4364 -6.3048 -1.1123
v  -0.4480 -6.2870 -1.1079
v  -0.1815 -6.3246 -0.7591
v  -0.1746 -6.3355 -0.7773
v  -0.2634 -6.3172 -0.8027
v  -0.2535 -6.3284 -0.8191
v  -0.3352 -6.3078 -0.8613
v  -0.3227 -6.3193 -0.8753
v  -0.3941 -6.2970 -0.9328
v  -0.3796 -6.3089 -0.9440
v  -0.4379 -6.2856 -1.0145
v  -0.4219 -6.2978 -1.0225
v  -0.4648 -6.2744 -1.1032
v  -0.0000 -6.3499 -1.6470
v  -0.0858 -6.3508 -1.6384
v  -0.0859 -6.3117 -1.6344
v  -0.1683 -6.3535 -1.6135
v  -0.1684 -6.3123 -1.6093
v  -0.2443 -6.3577 -1.5731
v  -0.2444 -6.3136 -1.5686
v  -0.3111 -6.3634 -1.5189
v  -0.3111 -6.3157 -1.5138
v  -0.3657 -6.3704 -1.4524
v  -0.3658 -6.3192 -1.4472
v  -0.4063 -6.3783 -1.3768
v  -0.4064 -6.3242 -1.3712
v  -0.4313 -6.3870 -1.2948
v  -0.4315 -6.3308 -1.2888
v  -0.4400 -6.3959 -1.2094
v  -0.4400 -6.3391 -1.2035
v  -0.4313 -6.4049 -1.1241
v  -0.4315 -6.3488 -1.1182
v  -0.0859 -6.4019 -0.7763
v  -0.0858 -6.4410 -0.7805
v  -0.1684 -6.3973 -0.8009
v  -0.1683 -6.4384 -0.8054
v  -0.2444 -6.3901 -0.8411
v  -0.2443 -6.4342 -0.8457
v  -0.3111 -6.3809 -0.8950
v  -0.3111 -6.4285 -0.9000
v  -0.3658 -6.3704 -0.9610
v  -0.3657 -6.4215 -0.9664
v  -0.4064 -6.3595 -1.0363
v  -0.4063 -6.4135 -1.0421
v  -0.0838 -6.3618 -1.6296
v  -0.0000 -6.3609 -1.6381
v  -0.0000 -6.4059 -1.2105
v  -0.1644 -6.3644 -1.6053
v  -0.2388 -6.3685 -1.5658
v  -0.3040 -6.3741 -1.5128
v  -0.3573 -6.3809 -1.4479
v  -0.3970 -6.3887 -1.3740
v  -0.4215 -6.3971 -1.2938
v  -0.4299 -6.4059 -1.2105
v  -0.4215 -6.4146 -1.1271
v  -0.0000 -6.4508 -0.7829
v  -0.0838 -6.4499 -0.7913
v  -0.1644 -6.4474 -0.8157
v  -0.2388 -6.4432 -0.8551
v  -0.3040 -6.4377 -0.9081
v  -0.3573 -6.4308 -0.9730
v  -0.3970 -6.4231 -1.0470
v  -0.0000 -6.3599 -1.6481
v  -0.0858 -6.3608 -1.6394
v  -0.1683 -6.3634 -1.6145
v  -0.2443 -6.3677 -1.5742
v  -0.3111 -6.3734 -1.5199
v  -0.3657 -6.3803 -1.4535
v  -0.4062 -6.3883 -1.3778
v  -0.4313 -6.3969 -1.2958
v  -0.4400 -6.4059 -1.2105
v  -0.4313 -6.4148 -1.1252
v  -0.0858 -6.4510 -0.7815
v  -0.0000 -6.4519 -0.7729
v  -0.1683 -6.4483 -0.8065
v  -0.2443 -6.4441 -0.8468
v  -0.3111 -6.4384 -0.9011
v  -0.3657 -6.4314 -0.9675
v  -0.4062 -6.4235 -1.0431
v  -0.0000 -6.2208 -1.7165
v  -0.1016 -6.2211 -1.7063
v  -0.1016 -6.3281 -0.6871
v  -0.1991 -6.3229 -0.7167
v  -0.0000 -6.3301 -0.6770
v  -0.1991 -6.2221 -1.6762
v  -0.2887 -6.2239 -1.6275
v  -0.3671 -6.2269 -1.5622
v  -0.4312 -6.2315 -1.4831
v  -0.4788 -6.2377 -1.3931
v  -0.5080 -6.2453 -1.2957
v  -0.5179 -6.2552 -1.1946
v  -0.5081 -6.2671 -1.0938
v  -0.4788 -6.2794 -0.9969
v  -0.4312 -6.2920 -0.9076
v  -0.3671 -6.3040 -0.8292
v  -0.2887 -6.3144 -0.7647
v  -0.0859 -6.2918 -1.6324
v  -0.0000 -6.2916 -1.6409
v  -0.1684 -6.2924 -1.6072
v  -0.2444 -6.2937 -1.5665
v  -0.3111 -6.2958 -1.5117
v  -0.3658 -6.2993 -1.4451
v  -0.4065 -6.3043 -1.3691
v  -0.4315 -6.3109 -1.2869
v  -0.4400 -6.3192 -1.2014
v  -0.4315 -6.3289 -1.1161
v  -0.0859 -6.3820 -0.7741
v  -0.1684 -6.3774 -0.7988
v  -0.2444 -6.3702 -0.8389
v  -0.3111 -6.3610 -0.8930
v  -0.3658 -6.3505 -0.9589
v  -0.4065 -6.3396 -1.0342
v  -0.0976 -6.2232 -1.6867
v  -0.1913 -6.3212 -0.7352
v  -0.0976 -6.3262 -0.7067
v  -0.0000 -6.3280 -0.6970
v  -0.1913 -6.2242 -1.6578
v  -0.2775 -6.2261 -1.6110
v  -0.3528 -6.2292 -1.5483
v  -0.4145 -6.2337 -1.4722
v  -0.4602 -6.2398 -1.3856
v  -0.4884 -6.2477 -1.2920
v  -0.4979 -6.2572 -1.1948
v  -0.4884 -6.2682 -1.0978
v  -0.4603 -6.2800 -1.0046
v  -0.4145 -6.2920 -0.9187
v  -0.3528 -6.3034 -0.8433
v  -0.2775 -6.3134 -0.7813
v  -0.0867 -6.3571 -0.7659
v  -0.0925 -6.2315 -1.6624
v  -0.0000 -6.2311 -1.6715
v  -0.1815 -6.2325 -1.6351
v  -0.2634 -6.2343 -1.5909
v  -0.3352 -6.2372 -1.5316
v  -0.3941 -6.2415 -1.4594
v  -0.4378 -6.2474 -1.3772
v  -0.4648 -6.2549 -1.2881
v  -0.4740 -6.2640 -1.1956
v  -0.1701 -6.3527 -0.7909
v  -0.2469 -6.3456 -0.8315
v  -0.3144 -6.3366 -0.8861
v  -0.3698 -6.3263 -0.9529
v  -0.4110 -6.3154 -1.0292
v  -0.7469 -7.0871 0.0000
v  -1.4899 7.9658 0.0000
v  -2.3342 7.9630 0.0000
v  -2.5307 7.9543 0.0000
v  -3.7530 7.4971 0.0000
v  -3.1130 7.8074 0.0000
v  -4.4234 7.0958 0.0000
v  -5.0515 6.6309 0.0000
v  -5.6313 6.1069 -0.0000
v  -6.1554 5.5273 0.0000
v  -6.6205 4.8994 0.0000
v  -7.0220 4.2291 0.0000
v  -7.3561 3.5229 0.0000
v  -7.6195 2.7873 0.0000
v  -7.8098 2.0295 0.0000
v  -7.9253 1.2568 0.0000
v  -7.9651 0.4764 0.0000
v  -7.9258 -0.3041 0.0000
v  -7.8108 -1.0769 0.0000
v  -7.6210 -1.8348 0.0000
v  -7.3580 -2.5705 0.0000
v  -7.0244 -3.2770 0.0000
v  -6.6233 -3.9476 0.0000
v  -6.1586 -4.5758 0.0000
v  -5.6348 -5.1557 -0.0000
v  -5.0554 -5.6801 0.0000
v  -4.4276 -6.1453 0.0000
v  -3.7574 -6.5470 0.0000
v  -3.0511 -6.8814 0.0000
v  -2.3323 -7.1817 0.0000
v  -2.6521 -7.0389 0.0000
v  -1.5944 -7.5624 0.0000
v  -1.9634 -7.3844 0.0000
v  -0.7638 -7.2669 0.0000
v  -0.8174 -7.8485 0.0000
v  -1.2059 -7.7285 0.0000
v  -0.0000 -7.9657 0.0000
v  -0.2434 -7.9543 0.0000
v  -0.4684 -7.9250 0.0000
v  -0.0884 -6.9831 -0.0234
v  -0.0884 -7.1445 -0.0234
v  -0.1040 -7.1444 -0.0042
v  -0.1040 -6.9832 -0.0042
v  -0.0684 -6.9831 -0.0396
v  -0.0684 -7.1445 -0.0396
v  -0.0470 -6.9831 -0.0508
v  -0.0470 -7.1446 -0.0508
v  -0.0236 -7.1446 -0.0577
v  -0.0236 -6.9830 -0.0577
v  -0.0000 -7.2132 -0.0395
v  -0.0000 -7.2332 -0.0231
v  -0.0165 -7.2332 -0.0215
v  -0.0201 -7.2131 -0.0375
v  -0.0000 -7.1906 -0.0512
v  -0.0219 -7.1909 -0.0490
v  -0.0232 -7.1675 -0.0556
v  -0.0462 -7.1674 -0.0488
v  -0.0673 -7.1673 -0.0379
v  -0.0869 -7.1673 -0.0219
v  -0.1015 -7.1669 -0.0042
v  -0.0822 -7.1906 -0.0172
v  -0.0932 -7.1906 -0.0041
v  -0.0788 -7.2126 -0.0039
v  -0.0740 -7.2129 -0.0090
v  -0.0629 -7.2281 -0.0030
v  -0.0434 -7.2394 -0.0035
v  -0.0479 -7.2319 -0.0104
v  -0.0577 -7.2132 -0.0220
v  -0.0326 -7.2332 -0.0168
v  -0.0285 -7.2446 -0.0041
v  -0.0437 -7.1907 -0.0426
v  -0.0394 -7.2134 -0.0315
v  -0.0636 -7.1906 -0.0323
v  -0.0136 -7.2472 -0.0041
v  -0.0485 -6.8968 -0.0111
v  -0.0576 -6.9139 -0.0216
v  -0.0740 -6.9147 -0.0090
v  -0.0639 -6.9003 -0.0031
v  -0.0134 -6.8801 -0.0043
v  -0.0167 -6.8945 -0.0215
v  -0.0330 -6.8950 -0.0172
v  -0.0284 -6.8830 -0.0041
v  -0.0000 -6.8791 -0.0042
v  -0.0000 -6.9147 -0.0396
v  -0.0200 -6.9147 -0.0377
v  -0.0219 -6.9368 -0.0490
v  -0.0000 -6.9603 -0.0579
v  -0.0232 -6.9602 -0.0556
v  -0.0462 -6.9602 -0.0488
v  -0.0673 -6.9603 -0.0379
v  -0.0869 -6.9603 -0.0219
v  -0.1015 -6.9606 -0.0043
v  -0.0935 -6.9376 -0.0041
v  -0.0822 -6.9371 -0.0172
v  -0.0797 -6.9159 -0.0037
v  -0.0434 -6.8883 -0.0037
v  -0.0395 -6.9143 -0.0316
v  -0.0437 -6.9369 -0.0426
v  -0.0636 -6.9371 -0.0323
v  -0.1068 -7.1445 0.0000
v  -0.1068 -6.9831 0.0000
v  -0.1042 -7.1670 0.0000
v  -0.0961 -7.1909 0.0000
v  -0.0818 -7.2130 0.0000
v  -0.0644 -7.2296 0.0000
v  -0.0424 -7.2424 0.0000
v  -0.0284 -7.2474 0.0000
v  -0.0000 -7.2513 0.0000
v  -0.0136 -7.2503 0.0000
v  -0.0283 -6.8802 0.0000
v  -0.0134 -6.8773 0.0000
v  -0.0000 -6.8763 0.0000
v  -0.1042 -6.9605 0.0000
v  -0.0964 -6.9374 0.0000
v  -0.0829 -6.9158 0.0000
v  -0.0653 -6.8987 0.0000
v  -0.0425 -6.8853 0.0000
v  -0.1118 -7.1448 0.0000
v  -0.1118 -6.9828 0.0000
v  -0.0143 -7.2553 0.0000
v  -0.0297 -7.2522 0.0000
v  -0.0000 -7.2563 0.0000
v  -0.1091 -7.1681 0.0000
v  -0.1006 -7.1931 0.0000
v  -0.0857 -7.2162 0.0000
v  -0.0674 -7.2336 0.0000
v  -0.0446 -7.2469 0.0000
v  -0.0140 -6.8723 0.0000
v  -0.1091 -6.9594 0.0000
v  -0.1009 -6.9353 0.0000
v  -0.0868 -6.9126 0.0000
v  -0.0683 -6.8947 0.0000
v  -0.0296 -6.8754 0.0000
v  -0.0447 -6.8808 0.0000
v  -0.7271 7.7041 -0.5640
v  -0.7256 7.6899 -0.6079
v  -1.4691 7.5898 -0.5631
v  -1.4663 7.5766 -0.6079
v  -0.7379 7.8083 -0.5000
v  -1.4909 7.6931 -0.5000
v  -2.3021 7.3658 -0.5635
v  -2.2980 7.3533 -0.6082
v  -2.3347 7.4659 -0.5000
v  -2.8802 7.1442 -0.5635
v  -2.8749 7.1320 -0.6081
v  -2.9219 7.2409 -0.5000
v  -3.4224 6.8829 -0.5626
v  -3.4164 6.8716 -0.6080
v  -3.4727 6.9762 -0.5000
v  -4.0361 6.5152 -0.5625
v  -4.0288 6.5042 -0.6077
v  -4.0950 6.6034 -0.5000
v  -4.6086 6.0911 -0.5618
v  -4.6002 6.0809 -0.6074
v  -4.6763 6.1736 -0.5000
v  -5.1363 5.6124 -0.5624
v  -5.1278 5.6039 -0.6083
v  -5.2114 5.6875 -0.5000
v  -5.6156 5.0837 -0.5624
v  -5.6057 5.0756 -0.6078
v  -5.6977 5.1511 -0.5000
v  -6.0405 4.5118 -0.5621
v  -6.0293 4.5043 -0.6074
v  -6.1290 4.5709 -0.5000
v  -6.4070 3.9004 -0.5630
v  -6.3955 3.8942 -0.6080
v  -6.5002 3.9502 -0.5000
v  -6.7127 3.2560 -0.5630
v  -6.7005 3.2509 -0.6080
v  -6.8103 3.2965 -0.5000
v  -6.9533 2.5853 -0.5637
v  -6.9404 2.5814 -0.6082
v  -7.0538 2.6158 -0.5000
v  -7.1267 1.8926 -0.5638
v  -7.1137 1.8900 -0.6083
v  -7.2296 1.9132 -0.5000
v  -7.2311 1.1868 -0.5639
v  -7.2183 1.1856 -0.6102
v  -7.3370 1.1975 -0.5000
v  -7.2665 0.4763 -0.5634
v  -7.2533 0.4763 -0.6098
v  -7.3734 0.4763 -0.5000
v  -7.2316 -0.2346 -0.5644
v  -7.2174 -0.2333 -0.6097
v  -7.3371 -0.2452 -0.5000
v  -7.1276 -0.9407 -0.5637
v  -7.1146 -0.9381 -0.6083
v  -7.2306 -0.9613 -0.5000
v  -6.9542 -1.6327 -0.5628
v  -6.9407 -1.6286 -0.6074
v  -7.0555 -1.6634 -0.5000
v  -6.7137 -2.3040 -0.5629
v  -6.7015 -2.2989 -0.6079
v  -6.8114 -2.3444 -0.5000
v  -6.4093 -2.9486 -0.5623
v  -6.3978 -2.9425 -0.6077
v  -6.5030 -2.9986 -0.5000
v  -6.0428 -3.5600 -0.5627
v  -6.0316 -3.5525 -0.6077
v  -6.1309 -3.6188 -0.5000
v  -5.6184 -4.1330 -0.5623
v  -5.6085 -4.1248 -0.6078
v  -5.7006 -4.2003 -0.5000
v  -5.1399 -4.6612 -0.5625
v  -5.1307 -4.6520 -0.6079
v  -5.2149 -4.7362 -0.5000
v  -4.6119 -5.1403 -0.5623
v  -4.6035 -5.1299 -0.6076
v  -4.6794 -5.2224 -0.5000
v  -4.0394 -5.5653 -0.5627
v  -4.0326 -5.5551 -0.6083
v  -4.0984 -5.6534 -0.5000
v  -3.4286 -5.9325 -0.5625
v  -3.4220 -5.9203 -0.6074
v  -3.4786 -6.0261 -0.5000
v  -2.7712 -6.2433 -0.5628
v  -2.7661 -6.2310 -0.6078
v  -2.8114 -6.3412 -0.5000
v  -2.0663 -6.4921 -0.5629
v  -2.0622 -6.4788 -0.6075
v  -2.0957 -6.5934 -0.5000
v  -2.0548 -6.5594 -0.5092
v  -1.9568 -6.5048 -0.6072
v  -2.0339 -6.4888 -0.6075
v  -1.8467 -6.5813 -0.5091
v  -1.8449 -6.6268 -0.5000
v  -1.6652 -6.6210 -0.5000
v  -1.6666 -6.5753 -0.5092
v  -1.6690 -6.5018 -0.6071
v  -1.8487 -6.5076 -0.6071
v  -1.6366 -6.5743 -0.5092
v  -1.5666 -6.5120 -0.6079
v  -1.6390 -6.5009 -0.6071
v  -1.2731 -7.1421 -0.5659
v  -1.2622 -7.1346 -0.6121
v  -1.3773 -6.9231 -0.6148
v  -1.4882 -6.9692 -0.5000
v  -1.3614 -7.2032 -0.5000
v  -0.4580 -7.7421 -0.5626
v  -0.4662 -7.7249 -0.6068
v  -0.7121 -7.6129 -0.6090
v  -0.7701 -7.7165 -0.5000
v  -0.4549 -7.8554 -0.5000
v  -0.9273 -7.4743 -0.6091
v  -1.1030 -7.3228 -0.6095
v  -1.1132 -7.3322 -0.5646
v  -1.1895 -7.4059 -0.5000
v  -1.0005 -7.5692 -0.5000
v  -1.4975 -6.7206 -0.5104
v  -1.5460 -6.7240 -0.5000
v  -1.4263 -6.7154 -0.6186
v  -0.2425 -7.7888 -0.6061
v  -0.2397 -7.8013 -0.5671
v  -0.2404 -7.8904 -0.5017
v  -1.4625 -6.6214 -0.5674
v  -1.4517 -6.6155 -0.6145
v  -1.4987 -6.5522 -0.6105
v  -1.5071 -6.5624 -0.5647
v  -1.5791 -6.6408 -0.5000
v  -1.5603 -6.6663 -0.5000
v  -1.6062 -6.6246 -0.5000
v  -1.4438 -6.6873 -0.5707
v  -1.5529 -6.6948 -0.5000
v  -1.8776 -6.5225 -0.5627
v  -1.9685 -6.6237 -0.5000
v  -1.8749 -6.6278 -0.5000
v  0.0000 7.8620 -0.0395
v  -0.0165 7.8420 -0.0215
v  -0.0201 7.8621 -0.0375
v  0.0000 7.8846 -0.0512
v  -0.0219 7.8843 -0.0490
v  -0.0232 7.9077 -0.0556
v  -0.0236 7.9306 -0.0577
v  -0.0462 7.9078 -0.0488
v  -0.0470 7.9306 -0.0508
v  -0.0673 7.9079 -0.0379
v  -0.0684 7.9307 -0.0396
v  -0.0869 7.9079 -0.0219
v  -0.0884 7.9307 -0.0234
v  -0.0993 7.9084 -0.0063
v  -0.1018 7.9308 -0.0063
v  -0.0822 7.8846 -0.0172
v  -0.0912 7.8849 -0.0063
v  -0.0770 7.8629 -0.0062
v  -0.0433 7.8376 -0.0058
v  -0.0622 7.8485 -0.0050
v  -0.0479 7.8433 -0.0104
v  -0.0577 7.8620 -0.0220
v  -0.0326 7.8420 -0.0168
v  -0.0285 7.8327 -0.0063
v  -0.0437 7.8845 -0.0426
v  -0.0394 7.8618 -0.0315
v  -0.0636 7.8846 -0.0323
v  0.0000 7.8288 -0.0063
v  -0.0136 7.8298 -0.0065
v  -0.0234 7.9628 -0.0578
v  0.0000 7.9626 -0.0600
v  -0.0466 7.9631 -0.0510
v  -0.0683 7.9637 -0.0397
v  -0.0874 7.9645 -0.0243
v  -0.1018 7.9655 -0.0063
v  -0.0248 7.9703 -0.0657
v  -0.0495 7.9707 -0.0585
v  -0.0726 7.9713 -0.0465
v  -0.0929 7.9722 -0.0302
v  -0.0147 7.8170 0.0000
v  0.0000 7.7399 0.0000
v  0.0000 7.7356 0.0000
v  -0.0305 7.8201 0.0000
v  0.0000 7.8159 0.0000
v  -0.1148 7.9658 0.0000
v  -0.1148 7.9302 0.0000
v  -0.1121 7.9064 0.0000
v  -0.1033 7.8808 0.0000
v  -0.0881 7.8571 0.0000
v  -0.0692 7.8392 0.0000
v  0.0000 7.6138 0.0000
v  -2.9192 7.8613 -0.4420
v  -2.9118 7.8439 -0.4828
v  -2.5224 7.8815 -0.5000
v  -2.3347 7.8906 -0.5000
v  -2.8935 7.7758 -0.4999
v  -2.7072 7.8236 -0.4999
v  -2.9240 7.8756 0.0000
v  -2.7281 7.9250 0.0000
v  -0.1068 7.9658 0.0000
v  -0.1068 7.9738 0.0000
v  -0.1018 7.9735 -0.0063
v  -0.1148 7.9738 0.0000
v  -0.1042 7.9082 0.0000
v  -0.1068 7.9307 0.0000
v  -0.0961 7.8843 0.0000
v  -0.0818 7.8622 0.0000
v  -0.0644 7.8456 0.0000
v  -0.0424 7.8328 0.0000
v  -0.0284 7.8278 0.0000
v  0.0000 7.8239 0.0000
v  -0.0136 7.8249 0.0000
v  -0.0233 7.9708 -0.0578
v  0.0000 7.9706 -0.0600
v  -0.0465 7.9711 -0.0510
v  -0.0682 7.9717 -0.0397
v  -0.0872 7.9725 -0.0245
v  -0.0458 7.8255 0.0000
v  -0.7385 7.8902 -0.5000
v  -1.4913 7.8904 -0.5000
v  -2.7132 7.8531 -0.4999
v  -3.7184 7.4328 -0.5000
v  -3.0877 7.7358 -0.5000
v  -4.3827 7.0348 -0.5000
v  -5.0052 6.5745 -0.5000
v  -5.5782 6.0539 -0.5000
v  -6.0983 5.4803 -0.5000
v  -6.5601 4.8590 -0.5000
v  -6.9575 4.1946 -0.5000
v  -7.2893 3.4951 -0.5000
v  -7.5500 2.7662 -0.5000
v  -7.7380 2.0152 -0.5000
v  -7.8533 1.2496 -0.5000
v  -7.8931 0.4764 -0.5031
v  -7.8534 -0.2969 -0.5000
v  -7.7391 -1.0627 -0.5000
v  -7.5517 -1.8138 -0.5000
v  -7.2905 -2.5426 -0.5000
v  -6.9605 -3.2429 -0.5000
v  -6.5621 -3.9067 -0.5000
v  -6.1017 -4.5291 -0.5000
v  -5.5818 -5.1027 -0.5000
v  -5.0086 -5.6231 -0.5000
v  -4.3868 -6.0843 -0.5000
v  -3.7233 -6.4833 -0.5000
v  -3.0219 -6.8146 -0.5000
v  -2.6275 -6.9678 -0.5000
v  -1.5669 -7.4960 -0.5000
v  -1.9333 -7.3155 -0.5000
v  -0.8017 -7.7791 -0.5000
v  -1.1843 -7.6561 -0.5000
v  -2.2998 -7.1161 -0.5000
v  -2.9025 7.8045 -0.4999
v  -1.8787 -6.5085 -0.6071
v  -1.4332 -6.6862 -0.6191
v  -1.4422 0.1627 -5.5648
v  -1.6657 0.0348 -5.3854
v  -2.0674 -6.6033 -0.5000
v  -1.6352 -6.6201 -0.5000
v  -5.0442 6.6221 -0.4132
v  -5.6220 6.0977 -0.4131
v  -6.6112 4.8932 -0.4132
v  -7.0133 4.2245 -0.4132
v  -7.3461 3.5187 -0.4132
v  -7.9137 1.2556 -0.4132
v  -7.9530 0.4764 -0.4132
v  -7.6109 -1.8318 -0.4132
v  -7.0148 -3.2719 -0.4132
v  -6.6144 -3.9417 -0.4132
v  -6.1493 -4.5682 -0.4132
v  -5.6264 -5.1474 -0.4131
v  -4.4214 -6.1361 -0.4132
v  -3.0471 -6.8712 -0.4132
v  -2.6479 -7.0258 -0.4132
v  -2.3261 -7.1722 -0.4132
v  -1.9590 -7.3719 -0.4132
v  -1.5918 -7.5527 -0.4132
v  -1.2040 -7.7141 -0.4132
v  -0.4649 -7.9159 -0.4155
v  -0.2418 -7.9434 -0.4160
v  0.0000 7.8692 -0.5000
v  -0.7888 -7.7466 -0.5000
v  -1.0185 -7.5933 -0.5000
v  0.0000 2.1836 -5.3853
v  -0.8166 -7.8394 -0.4132
v  0.0000 1.9653 -5.0468
v  0.0000 6.4340 -4.8126
v  0.0000 1.5383 -5.2448
v  0.0000 1.3486 -5.4745
v  0.0000 7.7307 0.0000
v  0.0000 7.3252 -0.2239
v  -0.0000 -6.5072 -6.0716
v  0.0000 7.7342 0.0000
v  -0.3346 1.2817 -5.4345
v  -0.1706 1.3315 -5.4345
v  -0.4859 1.2010 -5.4345
v  -0.6187 1.0925 -5.4345
v  -0.7272 0.9597 -5.4345
v  -0.8079 0.8084 -5.4345
v  -0.8577 0.6444 -5.4345
v  -0.8750 0.4738 -5.4345
v  -0.8577 0.3032 -5.4345
v  -0.8079 0.1392 -5.4345
v  -0.7272 -0.0121 -5.4345
v  -0.6187 -0.1449 -5.4345
v  -0.4859 -0.2534 -5.4345
v  -0.3346 -0.3341 -5.4345
v  -0.1706 -0.3839 -5.4345
v  -0.0000 -0.4012 -5.4345
v  -2.5325 7.9406 -0.4123
v  -2.7269 7.9115 -0.4119
v  -3.1077 7.7948 -0.4132
v  -3.7478 7.4873 -0.4132
v  -4.4172 7.0865 -0.4132
v  -6.1465 5.5200 -0.4132
v  -7.6094 2.7842 -0.4132
v  -7.7988 2.0273 -0.4132
v  -7.9144 -0.3030 -0.4132
v  -7.7998 -1.0747 -0.4132
v  -7.3480 -2.5664 -0.4132
v  -5.0477 -5.6708 -0.4132
v  -3.7525 -6.5378 -0.4133
v  -0.7385 7.9521 -0.4132
v  -1.4913 7.9521 -0.4129
v  -2.3345 7.9519 -0.4154
v  -2.9197 7.8628 -0.4121
v  -0.0000 -6.4590 -0.0644
v  -0.0000 -5.8103 -4.6993
v  -0.0000 -5.8898 -4.5944
v  -0.0000 -6.5307 -0.0191
v  -0.0000 -6.6261 0.0000
v  -0.0000 -7.9542 -0.4180
v  0.7385 7.9734 0.0000
v  0.7385 7.9729 -0.0101
v  1.4913 7.9734 0.0000
v  1.4913 7.9729 -0.0101
v  2.5347 7.9617 0.0000
v  2.5347 7.9612 -0.0101
v  2.7311 7.9323 0.0000
v  2.7310 7.9318 -0.0101
v  3.1159 7.8145 0.0000
v  3.1157 7.8140 -0.0101
v  3.7579 7.5060 0.0000
v  3.7576 7.5056 -0.0101
v  4.4291 7.1044 0.0000
v  4.4289 7.1040 -0.0101
v  5.0576 6.6383 0.0000
v  5.0572 6.6379 -0.0101
v  5.6370 6.1127 0.0000
v  5.6367 6.1123 -0.0101
v  6.1633 5.5338 0.0000
v  6.1629 5.5334 -0.0101
v  6.6285 4.9048 0.0000
v  6.6281 4.9045 -0.0101
v  7.0321 4.2345 0.0000
v  7.0316 4.2343 -0.0101
v  7.3655 3.5268 0.0000
v  7.3651 3.5266 -0.0101
v  7.6300 2.7905 0.0000
v  7.6295 2.7903 -0.0101
v  7.8199 2.0316 0.0000
v  7.8194 2.0314 -0.0101
v  7.9347 1.2577 0.0000
v  7.9342 1.2576 -0.0101
v  7.9741 0.4764 0.0000
v  7.9736 0.4763 -0.0101
v  7.9360 -0.3051 0.0000
v  7.9354 -0.3051 -0.0101
v  7.8207 -1.0789 0.0000
v  7.8202 -1.0788 -0.0101
v  7.6313 -1.8379 0.0000
v  7.6308 -1.8378 -0.0101
v  7.3680 -2.5747 0.0000
v  7.3675 -2.5745 -0.0101
v  7.0334 -3.2818 0.0000
v  7.0329 -3.2816 -0.0101
v  6.6322 -3.9535 0.0000
v  6.6317 -3.9532 -0.0101
v  6.1657 -4.5816 0.0000
v  6.1652 -4.5812 -0.0101
v  5.6415 -5.1624 0.0000
v  5.6411 -5.1621 -0.0101
v  5.0612 -5.6871 0.0000
v  5.0608 -5.6868 -0.0101
v  4.4334 -6.1541 0.0000
v  4.4331 -6.1537 -0.0101
v  3.7625 -6.5565 0.0000
v  3.7622 -6.5560 -0.0100
v  3.0555 -6.8909 0.0000
v  3.0553 -6.8904 -0.0100
v  2.6562 -7.0455 0.0000
v  2.6560 -7.0450 -0.0100
v  2.3351 7.9734 0.0000
v  2.3351 7.9729 -0.0101
v  2.3357 -7.1913 0.0000
v  2.3354 -7.1909 -0.0100
v  1.9685 -7.3902 0.0000
v  1.9682 -7.3898 -0.0100
v  1.6000 -7.5708 0.0000
v  1.5998 -7.5703 -0.0100
v  1.2115 -7.7344 0.0000
v  1.2113 -7.7339 -0.0100
v  0.4684 -7.9369 0.0000
v  0.4683 -7.9364 -0.0100
v  0.2436 -7.9642 0.0000
v  0.2436 -7.9637 -0.0100
v  0.8215 -7.8578 0.0000
v  0.8214 -7.8573 -0.0100
v  -0.0000 -7.9759 0.0000
v  -0.0000 -7.9754 -0.0100
v  2.9259 7.8831 0.0000
v  2.9258 7.8826 -0.0101
v  -1.4913 7.9734 0.0000
v  -1.4913 7.9729 -0.0101
v  -0.7385 7.9734 0.0000
v  -0.7385 7.9658 0.0000
v  -0.7385 7.9729 -0.0101
v  -2.7311 7.9323 0.0000
v  -2.7310 7.9318 -0.0101
v  -2.5347 7.9617 0.0000
v  -2.5346 7.9612 -0.0101
v  -3.7579 7.5060 0.0000
v  -3.7576 7.5056 -0.0101
v  -3.1159 7.8145 0.0000
v  -3.1157 7.8140 -0.0101
v  -4.4291 7.1044 0.0000
v  -4.4288 7.1040 -0.0101
v  -5.0576 6.6383 0.0000
v  -5.0572 6.6380 -0.0101
v  -5.6370 6.1127 -0.0000
v  -5.6366 6.1123 -0.0101
v  -6.1633 5.5338 0.0000
v  -6.1629 5.5335 -0.0101
v  -6.6285 4.9048 0.0000
v  -6.6281 4.9045 -0.0101
v  -7.0321 4.2345 0.0000
v  -7.0316 4.2343 -0.0101
v  -7.3655 3.5268 0.0000
v  -7.3651 3.5266 -0.0101
v  -7.6300 2.7905 0.0000
v  -7.6295 2.7904 -0.0101
v  -7.8199 2.0316 0.0000
v  -7.8194 2.0315 -0.0101
v  -7.9347 1.2577 0.0000
v  -7.9342 1.2577 -0.0101
v  -7.9741 0.4764 0.0000
v  -7.9736 0.4764 -0.0101
v  -7.9360 -0.3051 0.0000
v  -7.9354 -0.3050 -0.0101
v  -7.8207 -1.0789 0.0000
v  -7.8202 -1.0788 -0.0101
v  -7.6313 -1.8379 0.0000
v  -7.6308 -1.8378 -0.0101
v  -7.3680 -2.5747 0.0000
v  -7.3675 -2.5744 -0.0101
v  -7.0334 -3.2818 0.0000
v  -7.0330 -3.2816 -0.0101
v  -6.6322 -3.9535 0.0000
v  -6.6318 -3.9532 -0.0101
v  -6.1657 -4.5816 0.0000
v  -6.1653 -4.5812 -0.0101
v  -5.6415 -5.1624 -0.0000
v  -5.6412 -5.1620 -0.0101
v  -5.0612 -5.6871 0.0000
v  -5.0609 -5.6867 -0.0101
v  -4.4334 -6.1541 0.0000
v  -4.4332 -6.1537 -0.0101
v  -3.7625 -6.5565 0.0000
v  -3.7622 -6.5560 -0.0100
v  -3.0555 -6.8909 0.0000
v  -3.0553 -6.8904 -0.0100
v  -2.6562 -7.0455 0.0000
v  -2.6560 -7.0450 -0.0100
v  -2.3351 7.9734 0.0000
v  -2.3351 7.9729 -0.0101
v  -1.9685 -7.3902 0.0000
v  -1.9683 -7.3898 -0.0100
v  -2.3357 -7.1913 0.0000
v  -2.3354 -7.1909 -0.0100
v  -1.2115 -7.7344 0.0000
v  -1.2114 -7.7339 -0.0100
v  -1.6000 -7.5708 0.0000
v  -1.5998 -7.5703 -0.0100
v  -0.2436 -7.9642 0.0000
v  -0.2436 -7.9637 -0.0100
v  -0.4684 -7.9369 0.0000
v  -0.4683 -7.9364 -0.0100
v  -0.8215 -7.8578 0.0000
v  -0.8214 -7.8573 -0.0100
v  -2.9259 7.8831 0.0000
v  -2.9257 7.8826 -0.0101
v  6.6144 -3.9417 -0.4132
# 8119 vertices

o 2883
g 2883
s 1
f 1 9 260 259 
f 1 267 269 9 
f 268 272 274 270 
f 2 10 273 271 
f 2 3 11 10 
f 3 4 12 11 
f 4 5 13 12 
f 5 6 14 13 
f 6 7 15 14 
f 7 8 16 15 
f 8 275 277 16 
f 276 257 278 
f 9 17 279 260 
f 9 269 283 17 
f 270 274 286 284 
f 10 18 285 273 
f 10 11 19 18 
f 11 12 20 19 
f 12 13 21 20 
f 13 14 22 21 
f 14 15 23 22 
f 15 16 24 23 
f 16 277 287 24 
f 278 257 288 
f 17 25 289 279 
f 17 283 293 25 
f 284 286 296 294 
f 18 26 295 285 
f 18 19 27 26 
f 19 20 28 27 
f 20 21 29 28 
f 21 22 30 29 
f 22 23 31 30 
f 23 24 32 31 
f 24 287 297 32 
f 288 257 298 
f 25 33 299 289 
f 25 293 303 33 
f 294 296 306 304 
f 26 34 305 295 
f 26 27 35 34 
f 27 28 36 35 
f 28 29 37 36 
f 29 30 38 37 
f 30 31 39 38 
f 31 32 40 39 
f 32 297 307 40 
f 298 257 308 
f 33 41 309 299 
f 33 303 313 41 
f 304 306 316 314 
f 34 42 315 305 
f 34 35 43 42 
f 35 36 44 43 
f 36 37 45 44 
f 37 38 46 45 
f 38 39 47 46 
f 39 40 48 47 
f 40 307 317 48 
f 308 257 318 
f 41 49 319 309 
f 41 313 323 49 
f 314 316 326 324 
f 42 50 325 315 
f 42 43 51 50 
f 43 44 52 51 
f 44 45 53 52 
f 45 46 54 53 
f 46 47 55 54 
f 47 48 56 55 
f 48 317 327 56 
f 318 257 328 
f 49 57 329 319 
f 49 323 333 57 
f 324 326 336 334 
f 50 58 335 325 
f 50 51 59 58 
f 51 52 60 59 
f 52 53 61 60 
f 53 54 62 61 
f 54 55 63 62 
f 55 56 64 63 
f 56 327 337 64 
f 328 257 338 
f 57 65 339 329 
f 57 333 343 65 
f 334 336 346 344 
f 58 66 345 335 
f 58 59 67 66 
f 59 60 68 67 
f 60 61 69 68 
f 61 62 70 69 
f 62 63 71 70 
f 63 64 72 71 
f 64 337 347 72 
f 338 257 348 
f 65 73 349 339 
f 65 343 353 73 
f 344 346 356 354 
f 66 74 355 345 
f 66 67 75 74 
f 67 68 76 75 
f 68 69 77 76 
f 69 70 78 77 
f 70 71 79 78 
f 71 72 80 79 
f 72 347 357 80 
f 348 257 358 
f 73 81 359 349 
f 73 353 363 81 
f 354 356 366 364 
f 74 82 365 355 
f 74 75 83 82 
f 75 76 84 83 
f 76 77 85 84 
f 77 78 86 85 
f 78 79 87 86 
f 79 80 88 87 
f 80 357 367 88 
f 358 257 368 
f 81 89 369 359 
f 81 363 373 89 
f 364 366 376 374 
f 82 90 375 365 
f 82 83 91 90 
f 83 84 92 91 
f 84 85 93 92 
f 85 86 94 93 
f 86 87 95 94 
f 87 88 96 95 
f 88 367 377 96 
f 368 257 378 
f 89 97 379 369 
f 89 373 383 97 
f 374 376 386 384 
f 90 98 385 375 
f 90 91 99 98 
f 91 92 100 99 
f 92 93 101 100 
f 93 94 102 101 
f 94 95 103 102 
f 95 96 104 103 
f 96 377 387 104 
f 378 257 388 
f 97 105 389 379 
f 97 383 393 105 
f 384 386 396 394 
f 98 106 395 385 
f 98 99 107 106 
f 99 100 108 107 
f 100 101 109 108 
f 101 102 110 109 
f 102 103 111 110 
f 103 104 112 111 
f 104 387 397 112 
f 388 257 398 
f 105 113 399 389 
f 105 393 403 113 
f 394 396 406 404 
f 106 114 405 395 
f 106 107 115 114 
f 107 108 116 115 
f 108 109 117 116 
f 109 110 118 117 
f 110 111 119 118 
f 111 112 120 119 
f 112 397 407 120 
f 398 257 408 
f 113 121 409 399 
f 113 403 413 121 
f 404 406 416 414 
f 114 122 415 405 
f 114 115 123 122 
f 115 116 124 123 
f 116 117 125 124 
f 117 118 126 125 
f 118 119 127 126 
f 119 120 128 127 
f 120 407 417 128 
f 408 257 418 
f 121 129 419 409 
f 121 413 423 129 
f 414 416 426 424 
f 122 130 425 415 
f 122 123 131 130 
f 123 124 132 131 
f 124 125 133 132 
f 125 126 134 133 
f 126 127 135 134 
f 127 128 136 135 
f 128 417 427 136 
f 418 257 428 
f 129 137 429 419 
f 129 423 433 137 
f 424 426 436 434 
f 130 138 435 425 
f 130 131 139 138 
f 131 132 140 139 
f 132 133 141 140 
f 133 134 142 141 
f 134 135 143 142 
f 135 136 144 143 
f 136 427 437 144 
f 428 257 438 
f 137 145 439 429 
f 137 433 443 145 
f 434 436 446 444 
f 138 146 445 435 
f 138 139 147 146 
f 139 140 148 147 
f 140 141 149 148 
f 141 142 150 149 
f 142 143 151 150 
f 143 144 152 151 
f 144 437 447 152 
f 438 257 448 
f 145 153 449 439 
f 145 443 453 153 
f 444 446 456 454 
f 146 154 455 445 
f 146 147 155 154 
f 147 148 156 155 
f 148 149 157 156 
f 149 150 158 157 
f 150 151 159 158 
f 151 152 160 159 
f 152 447 457 160 
f 448 257 458 
f 153 161 459 449 
f 153 453 463 161 
f 454 456 466 464 
f 154 162 465 455 
f 154 155 163 162 
f 155 156 164 163 
f 156 157 165 164 
f 157 158 166 165 
f 158 159 167 166 
f 159 160 168 167 
f 160 457 467 168 
f 458 257 468 
f 161 169 469 459 
f 161 463 473 169 
f 464 466 476 474 
f 162 170 475 465 
f 162 163 171 170 
f 163 164 172 171 
f 164 165 173 172 
f 165 166 174 173 
f 166 167 175 174 
f 167 168 176 175 
f 168 467 477 176 
f 468 257 478 
f 169 177 479 469 
f 169 473 483 177 
f 474 476 486 484 
f 170 178 485 475 
f 170 171 179 178 
f 171 172 180 179 
f 172 173 181 180 
f 173 174 182 181 
f 174 175 183 182 
f 175 176 184 183 
f 176 477 487 184 
f 478 257 488 
f 177 185 489 479 
f 177 483 493 185 
f 484 486 496 494 
f 178 186 495 485 
f 178 179 187 186 
f 179 180 188 187 
f 180 181 189 188 
f 181 182 190 189 
f 182 183 191 190 
f 183 184 192 191 
f 184 487 497 192 
f 488 257 498 
f 185 193 499 489 
f 185 493 503 193 
f 494 496 506 504 
f 186 194 505 495 
f 186 187 195 194 
f 187 188 196 195 
f 188 189 197 196 
f 189 190 198 197 
f 190 191 199 198 
f 191 192 200 199 
f 192 497 507 200 
f 498 257 508 
f 193 201 509 499 
f 193 503 513 201 
f 504 506 516 514 
f 194 202 515 505 
f 194 195 203 202 
f 195 196 204 203 
f 196 197 205 204 
f 197 198 206 205 
f 198 199 207 206 
f 199 200 208 207 
f 200 507 517 208 
f 508 257 518 
f 201 209 519 509 
f 201 513 523 209 
f 514 516 526 524 
f 202 210 525 515 
f 202 203 211 210 
f 203 204 212 211 
f 204 205 213 212 
f 205 206 214 213 
f 206 207 215 214 
f 207 208 216 215 
f 208 517 527 216 
f 518 257 528 
f 209 217 529 519 
f 209 523 533 217 
f 524 526 536 534 
f 210 218 535 525 
f 210 211 219 218 
f 211 212 220 219 
f 212 213 221 220 
f 213 214 222 221 
f 214 215 223 222 
f 215 216 224 223 
f 216 527 537 224 
f 528 257 538 
f 217 225 539 529 
f 217 533 543 225 
f 534 536 546 544 
f 218 226 545 535 
f 218 219 227 226 
f 219 220 228 227 
f 220 221 229 228 
f 221 222 230 229 
f 222 223 231 230 
f 223 224 232 231 
f 224 537 547 232 
f 538 257 548 
f 225 233 549 539 
f 225 543 553 233 
f 544 546 556 554 
f 226 234 555 545 
f 226 227 235 234 
f 227 228 236 235 
f 228 229 237 236 
f 229 230 238 237 
f 230 231 239 238 
f 231 232 240 239 
f 232 547 557 240 
f 548 257 558 
f 233 241 559 549 
f 233 553 563 241 
f 554 556 566 564 
f 234 242 565 555 
f 234 235 243 242 
f 235 236 244 243 
f 236 237 245 244 
f 237 238 246 245 
f 238 239 247 246 
f 239 240 248 247 
f 240 557 567 248 
f 558 257 568 
f 241 249 569 559 
f 241 563 573 249 
f 564 566 576 574 
f 242 250 575 565 
f 242 243 251 250 
f 243 244 252 251 
f 244 245 253 252 
f 245 246 254 253 
f 246 247 255 254 
f 247 248 256 255 
f 248 567 577 256 
f 568 257 578 
f 249 1 259 569 
f 249 573 267 1 
f 574 576 272 268 
f 250 2 271 575 
f 250 251 3 2 
f 251 252 4 3 
f 252 253 5 4 
f 253 254 6 5 
f 254 255 7 6 
f 255 256 8 7 
f 256 577 275 8 
f 578 257 276 
s 2
f 266 263 258 
f 263 282 258 
f 282 292 258 
f 292 302 258 
f 302 312 258 
f 312 322 258 
f 322 332 258 
f 332 342 258 
f 342 352 258 
f 352 362 258 
f 362 372 258 
f 372 382 258 
f 382 392 258 
f 392 402 258 
f 402 412 258 
f 412 422 258 
f 422 432 258 
f 432 442 258 
f 442 452 258 
f 452 462 258 
f 462 472 258 
f 472 482 258 
f 482 492 258 
f 492 502 258 
f 502 512 258 
f 512 522 258 
f 522 532 258 
f 532 542 258 
f 542 552 258 
f 552 562 258 
f 562 572 258 
f 572 266 258 
s 1
f 261 265 259 260 
f 265 261 262 264 
f 274 272 271 273 
f 268 270 269 267 
f 276 278 277 275 
f 280 261 260 279 
f 261 280 281 262 
f 286 274 273 285 
f 270 284 283 269 
f 278 288 287 277 
f 290 280 279 289 
f 280 290 291 281 
f 296 286 285 295 
f 284 294 293 283 
f 288 298 297 287 
f 300 290 289 299 
f 290 300 301 291 
f 306 296 295 305 
f 294 304 303 293 
f 298 308 307 297 
f 310 300 299 309 
f 300 310 311 301 
f 316 306 305 315 
f 304 314 313 303 
f 308 318 317 307 
f 320 310 309 319 
f 310 320 321 311 
f 326 316 315 325 
f 314 324 323 313 
f 318 328 327 317 
f 330 320 319 329 
f 320 330 331 321 
f 336 326 325 335 
f 324 334 333 323 
f 328 338 337 327 
f 340 330 329 339 
f 330 340 341 331 
f 346 336 335 345 
f 334 344 343 333 
f 338 348 347 337 
f 350 340 339 349 
f 340 350 351 341 
f 356 346 345 355 
f 344 354 353 343 
f 348 358 357 347 
f 360 350 349 359 
f 350 360 361 351 
f 366 356 355 365 
f 354 364 363 353 
f 358 368 367 357 
f 370 360 359 369 
f 360 370 371 361 
f 376 366 365 375 
f 364 374 373 363 
f 368 378 377 367 
f 380 370 369 379 
f 370 380 381 371 
f 386 376 375 385 
f 374 384 383 373 
f 378 388 387 377 
f 390 380 379 389 
f 380 390 391 381 
f 396 386 385 395 
f 384 394 393 383 
f 388 398 397 387 
f 400 390 389 399 
f 390 400 401 391 
f 406 396 395 405 
f 394 404 403 393 
f 398 408 407 397 
f 410 400 399 409 
f 400 410 411 401 
f 416 406 405 415 
f 404 414 413 403 
f 408 418 417 407 
f 420 410 409 419 
f 410 420 421 411 
f 426 416 415 425 
f 414 424 423 413 
f 418 428 427 417 
f 430 420 419 429 
f 420 430 431 421 
f 436 426 425 435 
f 424 434 433 423 
f 428 438 437 427 
f 440 430 429 439 
f 430 440 441 431 
f 446 436 435 445 
f 434 444 443 433 
f 438 448 447 437 
f 450 440 439 449 
f 440 450 451 441 
f 456 446 445 455 
f 444 454 453 443 
f 448 458 457 447 
f 460 450 449 459 
f 450 460 461 451 
f 466 456 455 465 
f 454 464 463 453 
f 458 468 467 457 
f 470 460 459 469 
f 460 470 471 461 
f 476 466 465 475 
f 464 474 473 463 
f 468 478 477 467 
f 480 470 469 479 
f 470 480 481 471 
f 486 476 475 485 
f 474 484 483 473 
f 478 488 487 477 
f 490 480 479 489 
f 480 490 491 481 
f 496 486 485 495 
f 484 494 493 483 
f 488 498 497 487 
f 500 490 489 499 
f 490 500 501 491 
f 506 496 495 505 
f 494 504 503 493 
f 498 508 507 497 
f 510 500 499 509 
f 500 510 511 501 
f 516 506 505 515 
f 504 514 513 503 
f 508 518 517 507 
f 520 510 509 519 
f 510 520 521 511 
f 526 516 515 525 
f 514 524 523 513 
f 518 528 527 517 
f 530 520 519 529 
f 520 530 531 521 
f 536 526 525 535 
f 524 534 533 523 
f 528 538 537 527 
f 540 530 529 539 
f 530 540 541 531 
f 546 536 535 545 
f 534 544 543 533 
f 538 548 547 537 
f 550 540 539 549 
f 540 550 551 541 
f 556 546 545 555 
f 544 554 553 543 
f 548 558 557 547 
f 560 550 549 559 
f 550 560 561 551 
f 566 556 555 565 
f 554 564 563 553 
f 558 568 567 557 
f 570 560 559 569 
f 560 570 571 561 
f 576 566 565 575 
f 564 574 573 563 
f 568 578 577 567 
f 265 570 569 259 
f 570 265 264 571 
f 272 576 575 271 
f 574 268 267 573 
f 578 276 275 577 
s 2
f 263 266 264 262 
f 282 263 262 281 
f 292 282 281 291 
f 302 292 291 301 
f 312 302 301 311 
f 322 312 311 321 
f 332 322 321 331 
f 342 332 331 341 
f 352 342 341 351 
f 362 352 351 361 
f 372 362 361 371 
f 382 372 371 381 
f 392 382 381 391 
f 402 392 391 401 
f 412 402 401 411 
f 422 412 411 421 
f 432 422 421 431 
f 442 432 431 441 
f 452 442 441 451 
f 462 452 451 461 
f 472 462 461 471 
f 482 472 471 481 
f 492 482 481 491 
f 502 492 491 501 
f 512 502 501 511 
f 522 512 511 521 
f 532 522 521 531 
f 542 532 531 541 
f 552 542 541 551 
f 562 552 551 561 
f 572 562 561 571 
f 266 572 571 264 
s 1
f 1283 1285 601 579 
f 579 601 1287 1289 
f 1290 1288 602 580 
f 580 602 603 581 
f 581 603 604 582 
f 582 604 605 583 
f 583 605 606 584 
f 584 606 607 585 
f 585 607 608 586 
f 586 608 609 587 
f 587 609 610 588 
f 588 610 611 589 
f 589 611 612 590 
f 590 612 613 591 
f 591 613 614 592 
f 592 614 615 593 
f 593 615 616 594 
f 594 616 617 595 
f 595 617 618 596 
f 596 618 619 597 
f 597 619 620 598 
f 598 620 621 599 
s 2
f 599 621 622 600 
f 600 622 2762 2764 
s 4
f 2665 2667 1293 1295 
s 1
f 1285 1297 623 601 
f 601 623 1299 1287 
f 1288 1300 624 602 
f 602 624 625 603 
f 603 625 626 604 
f 604 626 627 605 
f 605 627 628 606 
f 606 628 629 607 
f 607 629 630 608 
f 608 630 631 609 
f 609 631 632 610 
f 610 632 633 611 
f 611 633 634 612 
f 612 634 635 613 
f 613 635 636 614 
f 614 636 637 615 
f 615 637 638 616 
f 616 638 639 617 
f 617 639 640 618 
f 618 640 641 619 
f 619 641 642 620 
f 620 642 643 621 
s 2
f 621 643 644 622 
f 622 644 2768 2762 
s 4
f 2667 2670 1303 1293 
s 1
f 1297 1304 645 623 
f 623 645 1306 1299 
f 1300 1307 646 624 
f 624 646 647 625 
f 625 647 648 626 
f 626 648 649 627 
f 627 649 650 628 
f 628 650 651 629 
f 629 651 652 630 
f 630 652 653 631 
f 631 653 654 632 
f 632 654 655 633 
f 633 655 656 634 
f 634 656 657 635 
f 635 657 658 636 
f 636 658 659 637 
f 637 659 660 638 
f 638 660 661 639 
f 639 661 662 640 
f 640 662 663 641 
f 641 663 664 642 
f 642 664 665 643 
s 2
f 643 665 666 644 
f 644 666 2771 2768 
s 4
f 2670 2673 1310 1303 
s 1
f 1304 1311 667 645 
f 645 667 1313 1306 
f 1307 1314 668 646 
f 646 668 669 647 
f 647 669 670 648 
f 648 670 671 649 
f 649 671 672 650 
f 650 672 673 651 
f 651 673 674 652 
f 652 674 675 653 
f 653 675 676 654 
f 654 676 677 655 
f 655 677 678 656 
f 656 678 679 657 
f 657 679 680 658 
f 658 680 681 659 
f 659 681 682 660 
f 660 682 683 661 
f 661 683 684 662 
f 662 684 685 663 
f 663 685 686 664 
f 664 686 687 665 
s 2
f 665 687 688 666 
f 666 688 2774 2771 
s 4
f 2673 2676 1317 1310 
s 1
f 1311 1318 689 667 
f 667 689 1320 1313 
f 1314 1321 690 668 
f 668 690 691 669 
f 669 691 692 670 
f 670 692 693 671 
f 671 693 694 672 
f 672 694 695 673 
f 673 695 696 674 
f 674 696 697 675 
f 675 697 698 676 
f 676 698 699 677 
f 677 699 700 678 
f 678 700 701 679 
f 679 701 702 680 
f 680 702 703 681 
f 681 703 704 682 
f 682 704 705 683 
f 683 705 706 684 
f 684 706 707 685 
f 685 707 708 686 
f 686 708 709 687 
s 2
f 687 709 710 688 
f 688 710 2777 2774 
s 4
f 2676 2679 1324 1317 
s 1
f 1318 1325 711 689 
f 689 711 1327 1320 
f 1321 1328 712 690 
f 690 712 713 691 
f 691 713 714 692 
f 692 714 715 693 
f 693 715 716 694 
f 694 716 717 695 
f 695 717 718 696 
f 696 718 719 697 
f 697 719 720 698 
f 698 720 721 699 
f 699 721 722 700 
f 700 722 723 701 
f 701 723 724 702 
f 702 724 725 703 
f 703 725 726 704 
f 704 726 727 705 
f 705 727 728 706 
f 706 728 729 707 
f 707 729 730 708 
f 708 730 731 709 
s 2
f 709 731 732 710 
f 710 732 2780 2777 
s 4
f 2679 2682 1331 1324 
s 1
f 1325 1332 733 711 
f 711 733 1334 1327 
f 1328 1335 734 712 
f 712 734 735 713 
f 713 735 736 714 
f 714 736 737 715 
f 715 737 738 716 
f 716 738 739 717 
f 717 739 740 718 
f 718 740 741 719 
f 719 741 742 720 
f 720 742 743 721 
f 721 743 744 722 
f 722 744 745 723 
f 723 745 746 724 
f 724 746 747 725 
f 725 747 748 726 
f 726 748 749 727 
f 727 749 750 728 
f 728 750 751 729 
f 729 751 752 730 
f 730 752 753 731 
s 2
f 731 753 754 732 
f 732 754 2783 2780 
s 4
f 2682 2685 1338 1331 
s 1
f 1332 1339 755 733 
f 733 755 1341 1334 
f 1335 1342 756 734 
f 734 756 757 735 
f 735 757 758 736 
f 736 758 759 737 
f 737 759 760 738 
f 738 760 761 739 
f 739 761 762 740 
f 740 762 763 741 
f 741 763 764 742 
f 742 764 765 743 
f 743 765 766 744 
f 744 766 767 745 
f 745 767 768 746 
f 746 768 769 747 
f 747 769 770 748 
f 748 770 771 749 
f 749 771 772 750 
f 750 772 773 751 
f 751 773 774 752 
f 752 774 775 753 
s 2
f 753 775 776 754 
f 754 776 2786 2783 
s 4
f 2685 2688 1345 1338 
s 1
f 1339 1346 777 755 
f 755 777 1348 1341 
f 1342 1349 778 756 
f 756 778 779 757 
f 757 779 780 758 
f 758 780 781 759 
f 759 781 782 760 
f 760 782 783 761 
f 761 783 784 762 
f 762 784 785 763 
f 763 785 786 764 
f 764 786 787 765 
f 765 787 788 766 
f 766 788 789 767 
f 767 789 790 768 
f 768 790 791 769 
f 769 791 792 770 
f 770 792 793 771 
f 771 793 794 772 
f 772 794 795 773 
f 773 795 796 774 
f 774 796 797 775 
s 2
f 775 797 798 776 
f 776 798 2789 2786 
s 4
f 2688 2691 1352 1345 
s 1
f 1346 1353 799 777 
f 777 799 1355 1348 
f 1349 1356 800 778 
f 778 800 801 779 
f 779 801 802 780 
f 780 802 803 781 
f 781 803 804 782 
f 782 804 805 783 
f 783 805 806 784 
f 784 806 807 785 
f 785 807 808 786 
f 786 808 809 787 
f 787 809 810 788 
f 788 810 811 789 
f 789 811 812 790 
f 790 812 813 791 
f 791 813 814 792 
f 792 814 815 793 
f 793 815 816 794 
f 794 816 817 795 
f 795 817 818 796 
f 796 818 819 797 
s 2
f 797 819 820 798 
f 798 820 2792 2789 
s 4
f 2691 2694 1359 1352 
s 1
f 1353 1360 821 799 
f 799 821 1362 1355 
f 1356 1363 822 800 
f 800 822 823 801 
f 801 823 824 802 
f 802 824 825 803 
f 803 825 826 804 
f 804 826 827 805 
f 805 827 828 806 
f 806 828 829 807 
f 807 829 830 808 
f 808 830 831 809 
f 809 831 832 810 
f 810 832 833 811 
f 811 833 834 812 
f 812 834 835 813 
f 813 835 836 814 
f 814 836 837 815 
f 815 837 838 816 
f 816 838 839 817 
f 817 839 840 818 
f 818 840 841 819 
s 2
f 819 841 842 820 
f 820 842 2795 2792 
s 4
f 2694 2697 1366 1359 
s 1
f 1360 1367 843 821 
f 821 843 1369 1362 
f 1363 1370 844 822 
f 822 844 845 823 
f 823 845 846 824 
f 824 846 847 825 
f 825 847 848 826 
f 826 848 849 827 
f 827 849 850 828 
f 828 850 851 829 
f 829 851 852 830 
f 830 852 853 831 
f 831 853 854 832 
f 832 854 855 833 
f 833 855 856 834 
f 834 856 857 835 
f 835 857 858 836 
f 836 858 859 837 
f 837 859 860 838 
f 838 860 861 839 
f 839 861 862 840 
f 840 862 863 841 
s 2
f 841 863 864 842 
f 842 864 2798 2795 
s 4
f 2697 2700 1373 1366 
s 1
f 1367 1374 865 843 
f 843 865 1376 1369 
f 1370 1377 866 844 
f 844 866 867 845 
f 845 867 868 846 
f 846 868 869 847 
f 847 869 870 848 
f 848 870 871 849 
f 849 871 872 850 
f 850 872 873 851 
f 851 873 874 852 
f 852 874 875 853 
f 853 875 876 854 
f 854 876 877 855 
f 855 877 878 856 
f 856 878 879 857 
f 857 879 880 858 
f 858 880 881 859 
f 859 881 882 860 
f 860 882 883 861 
f 861 883 884 862 
f 862 884 885 863 
s 2
f 863 885 886 864 
f 864 886 2801 2798 
s 4
f 2700 2703 1380 1373 
s 1
f 1374 1381 887 865 
f 865 887 1383 1376 
f 1377 1384 888 866 
f 866 888 889 867 
f 867 889 890 868 
f 868 890 891 869 
f 869 891 892 870 
f 870 892 893 871 
f 871 893 894 872 
f 872 894 895 873 
f 873 895 896 874 
f 874 896 897 875 
f 875 897 898 876 
f 876 898 899 877 
f 877 899 900 878 
f 878 900 901 879 
f 879 901 902 880 
f 880 902 903 881 
f 881 903 904 882 
f 882 904 905 883 
f 883 905 906 884 
f 884 906 907 885 
s 2
f 885 907 908 886 
f 886 908 2804 2801 
s 4
f 2703 2706 1387 1380 
s 1
f 1381 1388 909 887 
f 887 909 1390 1383 
f 1384 1391 910 888 
f 888 910 911 889 
f 889 911 912 890 
f 890 912 913 891 
f 891 913 914 892 
f 892 914 915 893 
f 893 915 916 894 
f 894 916 917 895 
f 895 917 918 896 
f 896 918 919 897 
f 897 919 920 898 
f 898 920 921 899 
f 899 921 922 900 
f 900 922 923 901 
f 901 923 924 902 
f 902 924 925 903 
f 903 925 926 904 
f 904 926 927 905 
f 905 927 928 906 
f 906 928 929 907 
s 2
f 907 929 930 908 
f 908 930 2807 2804 
s 4
f 2706 2709 1394 1387 
s 1
f 1388 1395 931 909 
f 909 931 1397 1390 
f 1391 1398 932 910 
f 910 932 933 911 
f 911 933 934 912 
f 912 934 935 913 
f 913 935 936 914 
f 914 936 937 915 
f 915 937 938 916 
f 916 938 939 917 
f 917 939 940 918 
f 918 940 941 919 
f 919 941 942 920 
f 920 942 943 921 
f 921 943 944 922 
f 922 944 945 923 
f 923 945 946 924 
f 924 946 947 925 
f 925 947 948 926 
f 926 948 949 927 
f 927 949 950 928 
f 928 950 951 929 
s 2
f 929 951 952 930 
f 930 952 2810 2807 
s 4
f 2709 2712 1401 1394 
s 1
f 1395 1402 953 931 
f 931 953 1404 1397 
f 1398 1405 954 932 
f 932 954 955 933 
f 933 955 956 934 
f 934 956 957 935 
f 935 957 958 936 
f 936 958 959 937 
f 937 959 960 938 
f 938 960 961 939 
f 939 961 962 940 
f 940 962 963 941 
f 941 963 964 942 
f 942 964 965 943 
f 943 965 966 944 
f 944 966 967 945 
f 945 967 968 946 
f 946 968 969 947 
f 947 969 970 948 
f 948 970 971 949 
f 949 971 972 950 
f 950 972 973 951 
s 2
f 951 973 974 952 
f 952 974 2813 2810 
s 4
f 2712 2715 1408 1401 
s 1
f 1402 1409 975 953 
f 953 975 1411 1404 
f 1405 1412 976 954 
f 954 976 977 955 
f 955 977 978 956 
f 956 978 979 957 
f 957 979 980 958 
f 958 980 981 959 
f 959 981 982 960 
f 960 982 983 961 
f 961 983 984 962 
f 962 984 985 963 
f 963 985 986 964 
f 964 986 987 965 
f 965 987 988 966 
f 966 988 989 967 
f 967 989 990 968 
f 968 990 991 969 
f 969 991 992 970 
f 970 992 993 971 
f 971 993 994 972 
f 972 994 995 973 
s 2
f 973 995 996 974 
f 974 996 2816 2813 
s 4
f 2715 2718 1415 1408 
s 1
f 1409 1416 997 975 
f 975 997 1418 1411 
f 1412 1419 998 976 
f 976 998 999 977 
f 977 999 1000 978 
f 978 1000 1001 979 
f 979 1001 1002 980 
f 980 1002 1003 981 
f 981 1003 1004 982 
f 982 1004 1005 983 
f 983 1005 1006 984 
f 984 1006 1007 985 
f 985 1007 1008 986 
f 986 1008 1009 987 
f 987 1009 1010 988 
f 988 1010 1011 989 
f 989 1011 1012 990 
f 990 1012 1013 991 
f 991 1013 1014 992 
f 992 1014 1015 993 
f 993 1015 1016 994 
f 994 1016 1017 995 
s 2
f 995 1017 1018 996 
f 996 1018 2819 2816 
s 4
f 2718 2721 1422 1415 
s 1
f 1416 1423 1019 997 
f 997 1019 1425 1418 
f 1419 1426 1020 998 
f 998 1020 1021 999 
f 999 1021 1022 1000 
f 1000 1022 1023 1001 
f 1001 1023 1024 1002 
f 1002 1024 1025 1003 
f 1003 1025 1026 1004 
f 1004 1026 1027 1005 
f 1005 1027 1028 1006 
f 1006 1028 1029 1007 
f 1007 1029 1030 1008 
f 1008 1030 1031 1009 
f 1009 1031 1032 1010 
f 1010 1032 1033 1011 
f 1011 1033 1034 1012 
f 1012 1034 1035 1013 
f 1013 1035 1036 1014 
f 1014 1036 1037 1015 
f 1015 1037 1038 1016 
f 1016 1038 1039 1017 
s 2
f 1017 1039 1040 1018 
f 1018 1040 2822 2819 
s 4
f 2721 2724 1429 1422 
s 1
f 1423 1430 1041 1019 
f 1019 1041 1432 1425 
f 1426 1433 1042 1020 
f 1020 1042 1043 1021 
f 1021 1043 1044 1022 
f 1022 1044 1045 1023 
f 1023 1045 1046 1024 
f 1024 1046 1047 1025 
f 1025 1047 1048 1026 
f 1026 1048 1049 1027 
f 1027 1049 1050 1028 
f 1028 1050 1051 1029 
f 1029 1051 1052 1030 
f 1030 1052 1053 1031 
f 1031 1053 1054 1032 
f 1032 1054 1055 1033 
f 1033 1055 1056 1034 
f 1034 1056 1057 1035 
f 1035 1057 1058 1036 
f 1036 1058 1059 1037 
f 1037 1059 1060 1038 
f 1038 1060 1061 1039 
s 2
f 1039 1061 1062 1040 
f 1040 1062 2825 2822 
s 4
f 2724 2727 1436 1429 
s 1
f 1430 1437 1063 1041 
f 1041 1063 1439 1432 
f 1433 1440 1064 1042 
f 1042 1064 1065 1043 
f 1043 1065 1066 1044 
f 1044 1066 1067 1045 
f 1045 1067 1068 1046 
f 1046 1068 1069 1047 
f 1047 1069 1070 1048 
f 1048 1070 1071 1049 
f 1049 1071 1072 1050 
f 1050 1072 1073 1051 
f 1051 1073 1074 1052 
f 1052 1074 1075 1053 
f 1053 1075 1076 1054 
f 1054 1076 1077 1055 
f 1055 1077 1078 1056 
f 1056 1078 1079 1057 
f 1057 1079 1080 1058 
f 1058 1080 1081 1059 
f 1059 1081 1082 1060 
f 1060 1082 1083 1061 
s 2
f 1061 1083 1084 1062 
f 1062 1084 2828 2825 
s 4
f 2727 2730 1443 1436 
s 1
f 1437 1444 1085 1063 
f 1063 1085 1446 1439 
f 1440 1447 1086 1064 
f 1064 1086 1087 1065 
f 1065 1087 1088 1066 
f 1066 1088 1089 1067 
f 1067 1089 1090 1068 
f 1068 1090 1091 1069 
f 1069 1091 1092 1070 
f 1070 1092 1093 1071 
f 1071 1093 1094 1072 
f 1072 1094 1095 1073 
f 1073 1095 1096 1074 
f 1074 1096 1097 1075 
f 1075 1097 1098 1076 
f 1076 1098 1099 1077 
f 1077 1099 1100 1078 
f 1078 1100 1101 1079 
f 1079 1101 1102 1080 
f 1080 1102 1103 1081 
f 1081 1103 1104 1082 
f 1082 1104 1105 1083 
s 2
f 1083 1105 1106 1084 
f 1084 1106 2831 2828 
s 4
f 2730 2733 1450 1443 
s 1
f 1444 1451 1107 1085 
f 1085 1107 1453 1446 
f 1447 1454 1108 1086 
f 1086 1108 1109 1087 
f 1087 1109 1110 1088 
f 1088 1110 1111 1089 
f 1089 1111 1112 1090 
f 1090 1112 1113 1091 
f 1091 1113 1114 1092 
f 1092 1114 1115 1093 
f 1093 1115 1116 1094 
f 1094 1116 1117 1095 
f 1095 1117 1118 1096 
f 1096 1118 1119 1097 
f 1097 1119 1120 1098 
f 1098 1120 1121 1099 
f 1099 1121 1122 1100 
f 1100 1122 1123 1101 
f 1101 1123 1124 1102 
f 1102 1124 1125 1103 
f 1103 1125 1126 1104 
f 1104 1126 1127 1105 
s 2
f 1105 1127 1128 1106 
f 1106 1128 2834 2831 
s 4
f 2733 2736 1457 1450 
s 1
f 1451 1458 1129 1107 
f 1107 1129 1460 1453 
f 1454 1461 1130 1108 
f 1108 1130 1131 1109 
f 1109 1131 1132 1110 
f 1110 1132 1133 1111 
f 1111 1133 1134 1112 
f 1112 1134 1135 1113 
f 1113 1135 1136 1114 
f 1114 1136 1137 1115 
f 1115 1137 1138 1116 
f 1116 1138 1139 1117 
f 1117 1139 1140 1118 
f 1118 1140 1141 1119 
f 1119 1141 1142 1120 
f 1120 1142 1143 1121 
f 1121 1143 1144 1122 
f 1122 1144 1145 1123 
f 1123 1145 1146 1124 
f 1124 1146 1147 1125 
f 1125 1147 1148 1126 
f 1126 1148 1149 1127 
s 2
f 1127 1149 1150 1128 
f 1128 1150 2837 2834 
s 4
f 2736 2739 1464 1457 
s 1
f 1458 1465 1151 1129 
f 1129 1151 1467 1460 
f 1461 1468 1152 1130 
f 1130 1152 1153 1131 
f 1131 1153 1154 1132 
f 1132 1154 1155 1133 
f 1133 1155 1156 1134 
f 1134 1156 1157 1135 
f 1135 1157 1158 1136 
f 1136 1158 1159 1137 
f 1137 1159 1160 1138 
f 1138 1160 1161 1139 
f 1139 1161 1162 1140 
f 1140 1162 1163 1141 
f 1141 1163 1164 1142 
f 1142 1164 1165 1143 
f 1143 1165 1166 1144 
f 1144 1166 1167 1145 
f 1145 1167 1168 1146 
f 1146 1168 1169 1147 
f 1147 1169 1170 1148 
f 1148 1170 1171 1149 
s 2
f 1149 1171 1172 1150 
f 1150 1172 2840 2837 
s 4
f 2739 2742 1471 1464 
s 1
f 1465 1472 1173 1151 
f 1151 1173 1474 1467 
f 1468 1475 1174 1152 
f 1152 1174 1175 1153 
f 1153 1175 1176 1154 
f 1154 1176 1177 1155 
f 1155 1177 1178 1156 
f 1156 1178 1179 1157 
f 1157 1179 1180 1158 
f 1158 1180 1181 1159 
f 1159 1181 1182 1160 
f 1160 1182 1183 1161 
f 1161 1183 1184 1162 
f 1162 1184 1185 1163 
f 1163 1185 1186 1164 
f 1164 1186 1187 1165 
f 1165 1187 1188 1166 
f 1166 1188 1189 1167 
f 1167 1189 1190 1168 
f 1168 1190 1191 1169 
f 1169 1191 1192 1170 
f 1170 1192 1193 1171 
s 2
f 1171 1193 1194 1172 
f 1172 1194 2843 2840 
s 4
f 2742 2745 1478 1471 
s 1
f 1472 1479 1195 1173 
f 1173 1195 1481 1474 
f 1475 1482 1196 1174 
f 1174 1196 1197 1175 
f 1175 1197 1198 1176 
f 1176 1198 1199 1177 
f 1177 1199 1200 1178 
f 1178 1200 1201 1179 
f 1179 1201 1202 1180 
f 1180 1202 1203 1181 
f 1181 1203 1204 1182 
f 1182 1204 1205 1183 
f 1183 1205 1206 1184 
f 1184 1206 1207 1185 
f 1185 1207 1208 1186 
f 1186 1208 1209 1187 
f 1187 1209 1210 1188 
f 1188 1210 1211 1189 
f 1189 1211 1212 1190 
f 1190 1212 1213 1191 
f 1191 1213 1214 1192 
f 1192 1214 1215 1193 
s 2
f 1193 1215 1216 1194 
f 1194 1216 2846 2843 
s 4
f 2745 2748 1485 1478 
s 1
f 1479 1486 1217 1195 
f 1195 1217 1488 1481 
f 1482 1489 1218 1196 
f 1196 1218 1219 1197 
f 1197 1219 1220 1198 
f 1198 1220 1221 1199 
f 1199 1221 1222 1200 
f 1200 1222 1223 1201 
f 1201 1223 1224 1202 
f 1202 1224 1225 1203 
f 1203 1225 1226 1204 
f 1204 1226 1227 1205 
f 1205 1227 1228 1206 
f 1206 1228 1229 1207 
f 1207 1229 1230 1208 
f 1208 1230 1231 1209 
f 1209 1231 1232 1210 
f 1210 1232 1233 1211 
f 1211 1233 1234 1212 
f 1212 1234 1235 1213 
f 1213 1235 1236 1214 
f 1214 1236 1237 1215 
s 2
f 1215 1237 1238 1216 
f 1216 1238 2849 2846 
s 4
f 2748 2751 1492 1485 
s 1
f 1486 1493 1239 1217 
f 1217 1239 1495 1488 
f 1489 1496 1240 1218 
f 1218 1240 1241 1219 
f 1219 1241 1242 1220 
f 1220 1242 1243 1221 
f 1221 1243 1244 1222 
f 1222 1244 1245 1223 
f 1223 1245 1246 1224 
f 1224 1246 1247 1225 
f 1225 1247 1248 1226 
f 1226 1248 1249 1227 
f 1227 1249 1250 1228 
f 1228 1250 1251 1229 
f 1229 1251 1252 1230 
f 1230 1252 1253 1231 
f 1231 1253 1254 1232 
f 1232 1254 1255 1233 
f 1233 1255 1256 1234 
f 1234 1256 1257 1235 
f 1235 1257 1258 1236 
f 1236 1258 1259 1237 
s 2
f 1237 1259 1260 1238 
f 1238 1260 2852 2849 
s 4
f 2751 2754 1499 1492 
s 1
f 1493 1500 1261 1239 
f 1239 1261 1502 1495 
f 1496 1503 1262 1240 
f 1240 1262 1263 1241 
f 1241 1263 1264 1242 
f 1242 1264 1265 1243 
f 1243 1265 1266 1244 
f 1244 1266 1267 1245 
f 1245 1267 1268 1246 
f 1246 1268 1269 1247 
f 1247 1269 1270 1248 
f 1248 1270 1271 1249 
f 1249 1271 1272 1250 
f 1250 1272 1273 1251 
f 1251 1273 1274 1252 
f 1252 1274 1275 1253 
f 1253 1275 1276 1254 
f 1254 1276 1277 1255 
f 1255 1277 1278 1256 
f 1256 1278 1279 1257 
f 1257 1279 1280 1258 
f 1258 1280 1281 1259 
s 2
f 1259 1281 1282 1260 
f 1260 1282 2855 2852 
s 4
f 2754 2757 1506 1499 
s 1
f 1500 1283 579 1261 
f 1261 579 1289 1502 
f 1503 1290 580 1262 
f 1262 580 581 1263 
f 1263 581 582 1264 
f 1264 582 583 1265 
f 1265 583 584 1266 
f 1266 584 585 1267 
f 1267 585 586 1268 
f 1268 586 587 1269 
f 1269 587 588 1270 
f 1270 588 589 1271 
f 1271 589 590 1272 
f 1272 590 591 1273 
f 1273 591 592 1274 
f 1274 592 593 1275 
f 1275 593 594 1276 
f 1276 594 595 1277 
f 1277 595 596 1278 
f 1278 596 597 1279 
f 1279 597 598 1280 
f 1280 598 599 1281 
s 2
f 1281 599 600 1282 
f 1282 600 2764 2855 
s 4
f 2757 2665 1295 1506 
s 1
f 1309 1316 1312 1305 
f 1302 1309 1305 1298 
f 1292 1302 1298 1286 
f 1296 1292 1286 1284 
f 1505 1296 1284 1501 
f 1498 1505 1501 1494 
f 1491 1498 1494 1487 
f 1484 1491 1487 1480 
f 1477 1484 1480 1473 
f 1470 1477 1473 1466 
f 1463 1470 1466 1459 
f 1456 1463 1459 1452 
f 1449 1456 1452 1445 
f 1442 1449 1445 1438 
f 1435 1442 1438 1431 
f 1428 1435 1431 1424 
f 1421 1428 1424 1417 
f 1414 1421 1417 1410 
f 1407 1414 1410 1403 
f 1400 1407 1403 1396 
f 1393 1400 1396 1389 
f 1386 1393 1389 1382 
f 1379 1386 1382 1375 
f 1372 1379 1375 1368 
f 1365 1372 1368 1361 
f 1358 1365 1361 1354 
f 1351 1358 1354 1347 
f 1344 1351 1347 1340 
f 1337 1344 1340 1333 
f 1330 1337 1333 1326 
f 1323 1330 1326 1319 
f 1316 1323 1319 1312 
f 1288 1290 1289 1287 
s 4
f 1295 1293 1291 1294 
s 1
f 1300 1288 1287 1299 
s 4
f 1293 1303 1301 1291 
s 1
f 1307 1300 1299 1306 
s 4
f 1303 1310 1308 1301 
s 1
f 1314 1307 1306 1313 
s 4
f 1310 1317 1315 1308 
s 1
f 1321 1314 1313 1320 
s 4
f 1317 1324 1322 1315 
s 1
f 1328 1321 1320 1327 
s 4
f 1324 1331 1329 1322 
s 1
f 1335 1328 1327 1334 
s 4
f 1331 1338 1336 1329 
s 1
f 1342 1335 1334 1341 
s 4
f 1338 1345 1343 1336 
s 1
f 1349 1342 1341 1348 
s 4
f 1345 1352 1350 1343 
s 1
f 1356 1349 1348 1355 
s 4
f 1352 1359 1357 1350 
s 1
f 1363 1356 1355 1362 
s 4
f 1359 1366 1364 1357 
s 1
f 1370 1363 1362 1369 
s 4
f 1366 1373 1371 1364 
s 1
f 1377 1370 1369 1376 
s 4
f 1373 1380 1378 1371 
s 1
f 1384 1377 1376 1383 
s 4
f 1380 1387 1385 1378 
s 1
f 1391 1384 1383 1390 
s 4
f 1387 1394 1392 1385 
s 1
f 1398 1391 1390 1397 
s 4
f 1394 1401 1399 1392 
s 1
f 1405 1398 1397 1404 
s 4
f 1401 1408 1406 1399 
s 1
f 1412 1405 1404 1411 
s 4
f 1408 1415 1413 1406 
s 1
f 1419 1412 1411 1418 
s 4
f 1415 1422 1420 1413 
s 1
f 1426 1419 1418 1425 
s 4
f 1422 1429 1427 1420 
s 1
f 1433 1426 1425 1432 
s 4
f 1429 1436 1434 1427 
s 1
f 1440 1433 1432 1439 
s 4
f 1436 1443 1441 1434 
s 1
f 1447 1440 1439 1446 
s 4
f 1443 1450 1448 1441 
s 1
f 1454 1447 1446 1453 
s 4
f 1450 1457 1455 1448 
s 1
f 1461 1454 1453 1460 
s 4
f 1457 1464 1462 1455 
s 1
f 1468 1461 1460 1467 
s 4
f 1464 1471 1469 1462 
s 1
f 1475 1468 1467 1474 
s 4
f 1471 1478 1476 1469 
s 1
f 1482 1475 1474 1481 
s 4
f 1478 1485 1483 1476 
s 1
f 1489 1482 1481 1488 
s 4
f 1485 1492 1490 1483 
s 1
f 1496 1489 1488 1495 
s 4
f 1492 1499 1497 1490 
s 1
f 1503 1496 1495 1502 
s 4
f 1499 1506 1504 1497 
s 1
f 1290 1503 1502 1289 
s 4
f 1506 1295 1294 1504 
s 1
f 1316 1309 1308 1315 
f 1305 1312 1311 1304 
f 1309 1302 1301 1308 
f 1298 1305 1304 1297 
f 1302 1292 1291 1301 
f 1286 1298 1297 1285 
f 1292 1296 1294 1291 
f 1284 1286 1285 1283 
f 1296 1505 1504 1294 
f 1501 1284 1283 1500 
f 1505 1498 1497 1504 
f 1494 1501 1500 1493 
f 1498 1491 1490 1497 
f 1487 1494 1493 1486 
f 1491 1484 1483 1490 
f 1480 1487 1486 1479 
f 1484 1477 1476 1483 
f 1473 1480 1479 1472 
f 1477 1470 1469 1476 
f 1466 1473 1472 1465 
f 1470 1463 1462 1469 
f 1459 1466 1465 1458 
f 1463 1456 1455 1462 
f 1452 1459 1458 1451 
f 1456 1449 1448 1455 
f 1445 1452 1451 1444 
f 1449 1442 1441 1448 
f 1438 1445 1444 1437 
f 1442 1435 1434 1441 
f 1431 1438 1437 1430 
f 1435 1428 1427 1434 
f 1424 1431 1430 1423 
f 1428 1421 1420 1427 
f 1417 1424 1423 1416 
f 1421 1414 1413 1420 
f 1410 1417 1416 1409 
f 1414 1407 1406 1413 
f 1403 1410 1409 1402 
f 1407 1400 1399 1406 
f 1396 1403 1402 1395 
f 1400 1393 1392 1399 
f 1389 1396 1395 1388 
f 1393 1386 1385 1392 
f 1382 1389 1388 1381 
f 1386 1379 1378 1385 
f 1375 1382 1381 1374 
f 1379 1372 1371 1378 
f 1368 1375 1374 1367 
f 1372 1365 1364 1371 
f 1361 1368 1367 1360 
f 1365 1358 1357 1364 
f 1354 1361 1360 1353 
f 1358 1351 1350 1357 
f 1347 1354 1353 1346 
f 1351 1344 1343 1350 
f 1340 1347 1346 1339 
f 1344 1337 1336 1343 
f 1333 1340 1339 1332 
f 1337 1330 1329 1336 
f 1326 1333 1332 1325 
f 1330 1323 1322 1329 
f 1319 1326 1325 1318 
f 1323 1316 1315 1322 
f 1312 1319 1318 1311 
s 5
f 1603 1605 1540 1539 
s 2
f 1507 1508 1542 1541 
f 1610 1608 1613 1615 
s 1
f 1616 1612 1619 1621 
s 9
f 1605 1623 1543 1540 
s 2
f 1508 1509 1544 1542 
f 1608 1626 1629 1613 
s 1
f 1612 1628 1632 1619 
s 5
f 1623 1633 1545 1543 
s 2
f 1509 1510 1546 1544 
f 1626 1636 1639 1629 
s 1
f 1628 1638 1642 1632 
s 9
f 1633 1643 1547 1545 
s 2
f 1510 1511 1548 1546 
f 1636 1646 1649 1639 
s 1
f 1638 1648 1652 1642 
s 5
f 1643 1653 1549 1547 
s 2
f 1511 1512 1550 1548 
f 1646 1656 1659 1649 
s 1
f 1648 1658 1662 1652 
s 9
f 1653 1663 1551 1549 
s 2
f 1512 1513 1552 1550 
f 1656 1666 1669 1659 
s 1
f 1658 1668 1672 1662 
s 5
f 1663 1673 1553 1551 
s 2
f 1513 1514 1554 1552 
f 1666 1676 1679 1669 
s 1
f 1668 1678 1682 1672 
s 9
f 1673 1683 1555 1553 
s 2
f 1514 1515 1556 1554 
f 1676 1686 1689 1679 
s 1
f 1678 1688 1692 1682 
s 5
f 1683 1693 1557 1555 
s 2
f 1515 1516 1558 1556 
f 1686 1696 1699 1689 
s 1
f 1688 1698 1702 1692 
s 9
f 1693 1703 1559 1557 
s 2
f 1516 1517 1560 1558 
f 1696 1706 1709 1699 
s 1
f 1698 1708 1712 1702 
s 5
f 1703 1713 1561 1559 
s 2
f 1517 1518 1562 1560 
f 1706 1716 1719 1709 
s 1
f 1708 1718 1722 1712 
s 9
f 1713 1723 1563 1561 
s 2
f 1518 1519 1564 1562 
f 1716 1726 1729 1719 
s 1
f 1718 1728 1732 1722 
s 5
f 1723 1733 1565 1563 
s 2
f 1519 1520 1566 1564 
f 1726 1736 1739 1729 
s 1
f 1728 1738 1742 1732 
s 9
f 1733 1743 1567 1565 
s 2
f 1520 1521 1568 1566 
f 1736 1746 1749 1739 
s 1
f 1738 1748 1752 1742 
s 5
f 1743 1753 1569 1567 
s 2
f 1521 1522 1570 1568 
f 1746 1756 1759 1749 
s 1
f 1748 1758 1762 1752 
s 9
f 1753 1763 1571 1569 
s 2
f 1522 1523 1572 1570 
f 1756 1766 1769 1759 
s 1
f 1758 1768 1772 1762 
s 5
f 1763 1773 1573 1571 
s 2
f 1523 1524 1574 1572 
f 1766 1776 1779 1769 
s 1
f 1768 1778 1782 1772 
s 9
f 1773 1783 1575 1573 
s 2
f 1524 1525 1576 1574 
f 1776 1786 1789 1779 
s 1
f 1778 1788 1792 1782 
s 5
f 1783 1793 1577 1575 
s 2
f 1525 1526 1578 1576 
f 1786 1796 1799 1789 
s 1
f 1788 1798 1802 1792 
s 9
f 1793 1803 1579 1577 
s 2
f 1526 1527 1580 1578 
f 1796 1806 1809 1799 
s 1
f 1798 1808 1812 1802 
s 5
f 1803 1813 1581 1579 
s 2
f 1527 1528 1582 1580 
f 1806 1816 1819 1809 
s 1
f 1808 1818 1822 1812 
s 9
f 1813 1823 1583 1581 
s 2
f 1528 1529 1584 1582 
f 1816 1826 1829 1819 
s 1
f 1818 1828 1832 1822 
s 5
f 1823 1833 1585 1583 
s 2
f 1529 1530 1586 1584 
f 1826 1836 1839 1829 
s 1
f 1828 1838 1842 1832 
s 9
f 1833 1843 1587 1585 
s 2
f 1530 1531 1588 1586 
f 1836 1846 1849 1839 
s 1
f 1838 1848 1852 1842 
s 5
f 1843 1853 1589 1587 
s 2
f 1531 1532 1590 1588 
f 1846 1856 1859 1849 
s 1
f 1848 1858 1862 1852 
s 9
f 1853 1863 1591 1589 
s 2
f 1532 1533 1592 1590 
f 1856 1866 1869 1859 
s 1
f 1858 1868 1872 1862 
s 5
f 1863 1873 1593 1591 
s 2
f 1533 1534 1594 1592 
f 1866 1876 1879 1869 
s 1
f 1868 1878 1882 1872 
s 9
f 1873 1883 1595 1593 
s 2
f 1534 1535 1596 1594 
f 1876 1886 1889 1879 
s 1
f 1878 1888 1892 1882 
s 5
f 1883 1893 1597 1595 
s 2
f 1535 1536 1598 1596 
f 1886 1896 1899 1889 
s 1
f 1888 1898 1902 1892 
s 9
f 1893 1903 1599 1597 
s 2
f 1536 1537 1600 1598 
f 1896 1906 1909 1899 
s 1
f 1898 1908 1912 1902 
s 5
f 1903 1913 1601 1599 
s 2
f 1537 1538 1602 1600 
f 1906 1916 1919 1909 
s 1
f 1908 1918 1922 1912 
s 9
f 1913 1603 1539 1601 
s 2
f 1538 1507 1541 1602 
f 1916 1610 1615 1919 
s 1
f 1918 1616 1621 1922 
s 6
f 1540 1508 1507 1539 
s 2
f 1542 1607 1609 1541 
s 10
f 1543 1509 1508 1540 
s 2
f 1544 1625 1607 1542 
s 6
f 1545 1510 1509 1543 
s 2
f 1546 1635 1625 1544 
s 10
f 1547 1511 1510 1545 
s 2
f 1548 1645 1635 1546 
s 6
f 1549 1512 1511 1547 
s 2
f 1550 1655 1645 1548 
s 10
f 1551 1513 1512 1549 
s 2
f 1552 1665 1655 1550 
s 6
f 1553 1514 1513 1551 
s 2
f 1554 1675 1665 1552 
s 10
f 1555 1515 1514 1553 
s 2
f 1556 1685 1675 1554 
s 6
f 1557 1516 1515 1555 
s 2
f 1558 1695 1685 1556 
s 10
f 1559 1517 1516 1557 
s 2
f 1560 1705 1695 1558 
s 6
f 1561 1518 1517 1559 
s 2
f 1562 1715 1705 1560 
s 10
f 1563 1519 1518 1561 
s 2
f 1564 1725 1715 1562 
s 6
f 1565 1520 1519 1563 
s 2
f 1566 1735 1725 1564 
s 10
f 1567 1521 1520 1565 
s 2
f 1568 1745 1735 1566 
s 6
f 1569 1522 1521 1567 
s 2
f 1570 1755 1745 1568 
s 10
f 1571 1523 1522 1569 
s 2
f 1572 1765 1755 1570 
s 6
f 1573 1524 1523 1571 
s 2
f 1574 1775 1765 1572 
s 10
f 1575 1525 1524 1573 
s 2
f 1576 1785 1775 1574 
s 6
f 1577 1526 1525 1575 
s 2
f 1578 1795 1785 1576 
s 10
f 1579 1527 1526 1577 
s 2
f 1580 1805 1795 1578 
s 6
f 1581 1528 1527 1579 
s 2
f 1582 1815 1805 1580 
s 10
f 1583 1529 1528 1581 
s 2
f 1584 1825 1815 1582 
s 6
f 1585 1530 1529 1583 
s 2
f 1586 1835 1825 1584 
s 10
f 1587 1531 1530 1585 
s 2
f 1588 1845 1835 1586 
s 6
f 1589 1532 1531 1587 
s 2
f 1590 1855 1845 1588 
s 10
f 1591 1533 1532 1589 
s 2
f 1592 1865 1855 1590 
s 6
f 1593 1534 1533 1591 
s 2
f 1594 1875 1865 1592 
s 10
f 1595 1535 1534 1593 
s 2
f 1596 1885 1875 1594 
s 6
f 1597 1536 1535 1595 
s 2
f 1598 1895 1885 1596 
s 10
f 1599 1537 1536 1597 
s 2
f 1600 1905 1895 1598 
s 6
f 1601 1538 1537 1599 
s 2
f 1602 1915 1905 1600 
s 10
f 1539 1507 1538 1601 
s 2
f 1541 1609 1915 1602 
s 1
f 1606 1604 1957 1959 
f 1624 1606 1959 1962 
f 1634 1624 1962 1965 
f 1644 1634 1965 1968 
f 1654 1644 1968 1971 
f 1664 1654 1971 1974 
f 1674 1664 1974 1977 
f 1684 1674 1977 1980 
f 1694 1684 1980 1983 
f 1704 1694 1983 1986 
f 1714 1704 1986 1989 
f 1724 1714 1989 1992 
f 1734 1724 1992 1995 
f 1744 1734 1995 1998 
f 1754 1744 1998 2001 
f 1764 1754 2001 2004 
f 1774 1764 2004 2007 
f 1784 1774 2007 2010 
f 1794 1784 2010 2013 
f 1804 1794 2013 2016 
f 1814 1804 2016 2019 
f 1824 1814 2019 2022 
f 1834 1824 2022 2025 
f 1844 1834 2025 2028 
f 1854 1844 2028 2031 
f 1864 1854 2031 2034 
f 1874 1864 2034 2037 
f 1884 1874 2037 2040 
f 1894 1884 2040 2043 
f 1904 1894 2043 2046 
f 1914 1904 2046 2049 
f 1604 1914 2049 1957 
s 2
f 1608 1610 1609 1607 
f 1615 1613 1611 1614 
s 1
f 1612 1616 1614 1611 
f 1621 1619 1617 1620 
s 2
f 1626 1608 1607 1625 
f 1613 1629 1627 1611 
s 1
f 1628 1612 1611 1627 
f 1619 1632 1630 1617 
s 2
f 1636 1626 1625 1635 
f 1629 1639 1637 1627 
s 1
f 1638 1628 1627 1637 
f 1632 1642 1640 1630 
s 2
f 1646 1636 1635 1645 
f 1639 1649 1647 1637 
s 1
f 1648 1638 1637 1647 
f 1642 1652 1650 1640 
s 2
f 1656 1646 1645 1655 
f 1649 1659 1657 1647 
s 1
f 1658 1648 1647 1657 
f 1652 1662 1660 1650 
s 2
f 1666 1656 1655 1665 
f 1659 1669 1667 1657 
s 1
f 1668 1658 1657 1667 
f 1662 1672 1670 1660 
s 2
f 1676 1666 1665 1675 
f 1669 1679 1677 1667 
s 1
f 1678 1668 1667 1677 
f 1672 1682 1680 1670 
s 2
f 1686 1676 1675 1685 
f 1679 1689 1687 1677 
s 1
f 1688 1678 1677 1687 
f 1682 1692 1690 1680 
s 2
f 1696 1686 1685 1695 
f 1689 1699 1697 1687 
s 1
f 1698 1688 1687 1697 
f 1692 1702 1700 1690 
s 2
f 1706 1696 1695 1705 
f 1699 1709 1707 1697 
s 1
f 1708 1698 1697 1707 
f 1702 1712 1710 1700 
s 2
f 1716 1706 1705 1715 
f 1709 1719 1717 1707 
s 1
f 1718 1708 1707 1717 
f 1712 1722 1720 1710 
s 2
f 1726 1716 1715 1725 
f 1719 1729 1727 1717 
s 1
f 1728 1718 1717 1727 
f 1722 1732 1730 1720 
s 2
f 1736 1726 1725 1735 
f 1729 1739 1737 1727 
s 1
f 1738 1728 1727 1737 
f 1732 1742 1740 1730 
s 2
f 1746 1736 1735 1745 
f 1739 1749 1747 1737 
s 1
f 1748 1738 1737 1747 
f 1742 1752 1750 1740 
s 2
f 1756 1746 1745 1755 
f 1749 1759 1757 1747 
s 1
f 1758 1748 1747 1757 
f 1752 1762 1760 1750 
s 2
f 1766 1756 1755 1765 
f 1759 1769 1767 1757 
s 1
f 1768 1758 1757 1767 
f 1762 1772 1770 1760 
s 2
f 1776 1766 1765 1775 
f 1769 1779 1777 1767 
s 1
f 1778 1768 1767 1777 
f 1772 1782 1780 1770 
s 2
f 1786 1776 1775 1785 
f 1779 1789 1787 1777 
s 1
f 1788 1778 1777 1787 
f 1782 1792 1790 1780 
s 2
f 1796 1786 1785 1795 
f 1789 1799 1797 1787 
s 1
f 1798 1788 1787 1797 
f 1792 1802 1800 1790 
s 2
f 1806 1796 1795 1805 
f 1799 1809 1807 1797 
s 1
f 1808 1798 1797 1807 
f 1802 1812 1810 1800 
s 2
f 1816 1806 1805 1815 
f 1809 1819 1817 1807 
s 1
f 1818 1808 1807 1817 
f 1812 1822 1820 1810 
s 2
f 1826 1816 1815 1825 
f 1819 1829 1827 1817 
s 1
f 1828 1818 1817 1827 
f 1822 1832 1830 1820 
s 2
f 1836 1826 1825 1835 
f 1829 1839 1837 1827 
s 1
f 1838 1828 1827 1837 
f 1832 1842 1840 1830 
s 2
f 1846 1836 1835 1845 
f 1839 1849 1847 1837 
s 1
f 1848 1838 1837 1847 
f 1842 1852 1850 1840 
s 2
f 1856 1846 1845 1855 
f 1849 1859 1857 1847 
s 1
f 1858 1848 1847 1857 
f 1852 1862 1860 1850 
s 2
f 1866 1856 1855 1865 
f 1859 1869 1867 1857 
s 1
f 1868 1858 1857 1867 
f 1862 1872 1870 1860 
s 2
f 1876 1866 1865 1875 
f 1869 1879 1877 1867 
s 1
f 1878 1868 1867 1877 
f 1872 1882 1880 1870 
s 2
f 1886 1876 1875 1885 
f 1879 1889 1887 1877 
s 1
f 1888 1878 1877 1887 
f 1882 1892 1890 1880 
s 2
f 1896 1886 1885 1895 
f 1889 1899 1897 1887 
s 1
f 1898 1888 1887 1897 
f 1892 1902 1900 1890 
s 2
f 1906 1896 1895 1905 
f 1899 1909 1907 1897 
s 1
f 1908 1898 1897 1907 
f 1902 1912 1910 1900 
s 2
f 1916 1906 1905 1915 
f 1909 1919 1917 1907 
s 1
f 1918 1908 1907 1917 
f 1912 1922 1920 1910 
s 2
f 1610 1916 1915 1609 
f 1919 1615 1614 1917 
s 1
f 1616 1918 1917 1614 
f 1922 1621 1620 1920 
f 1604 1606 1605 1603 
f 1606 1624 1623 1605 
f 1624 1634 1633 1623 
f 1634 1644 1643 1633 
f 1644 1654 1653 1643 
f 1654 1664 1663 1653 
f 1664 1674 1673 1663 
f 1674 1684 1683 1673 
f 1684 1694 1693 1683 
f 1694 1704 1703 1693 
f 1704 1714 1713 1703 
f 1714 1724 1723 1713 
f 1724 1734 1733 1723 
f 1734 1744 1743 1733 
f 1744 1754 1753 1743 
f 1754 1764 1763 1753 
f 1764 1774 1773 1763 
f 1774 1784 1783 1773 
f 1784 1794 1793 1783 
f 1794 1804 1803 1793 
f 1804 1814 1813 1803 
f 1814 1824 1823 1813 
f 1824 1834 1833 1823 
f 1834 1844 1843 1833 
f 1844 1854 1853 1843 
f 1854 1864 1863 1853 
f 1864 1874 1873 1863 
f 1874 1884 1883 1873 
f 1884 1894 1893 1883 
f 1894 1904 1903 1893 
f 1904 1914 1913 1903 
f 1914 1604 1603 1913 
s 2
f 1618 1622 1620 1617 
f 1631 1618 1617 1630 
f 1641 1631 1630 1640 
f 1651 1641 1640 1650 
f 1661 1651 1650 1660 
f 1671 1661 1660 1670 
f 1681 1671 1670 1680 
f 1691 1681 1680 1690 
f 1701 1691 1690 1700 
f 1711 1701 1700 1710 
f 1721 1711 1710 1720 
f 1731 1721 1720 1730 
f 1741 1731 1730 1740 
f 1751 1741 1740 1750 
f 1761 1751 1750 1760 
f 1771 1761 1760 1770 
f 1781 1771 1770 1780 
f 1791 1781 1780 1790 
f 1801 1791 1790 1800 
f 1811 1801 1800 1810 
f 1821 1811 1810 1820 
f 1831 1821 1820 1830 
f 1841 1831 1830 1840 
f 1851 1841 1840 1850 
f 1861 1851 1850 1860 
f 1871 1861 1860 1870 
f 1881 1871 1870 1880 
f 1891 1881 1880 1890 
f 1901 1891 1890 1900 
f 1911 1901 1900 1910 
f 1921 1911 1910 1920 
f 1622 1921 1920 1620 
f 1960 1956 1923 1924 
f 1963 1960 1924 1925 
f 1966 1963 1925 1926 
f 1969 1966 1926 1927 
f 1972 1969 1927 1928 
f 1975 1972 1928 1929 
f 1978 1975 1929 1930 
f 1981 1978 1930 1931 
f 1984 1981 1931 1932 
f 1987 1984 1932 1933 
f 1990 1987 1933 1934 
f 1993 1990 1934 1935 
f 1996 1993 1935 1936 
f 1999 1996 1936 1937 
f 2002 1999 1937 1938 
f 2005 2002 1938 1939 
f 2008 2005 1939 1940 
f 2011 2008 1940 1941 
f 2014 2011 1941 1942 
f 2017 2014 1942 1943 
f 2020 2017 1943 1944 
f 2023 2020 1944 1945 
f 2026 2023 1945 1946 
f 2029 2026 1946 1947 
f 2032 2029 1947 1948 
f 2035 2032 1948 1949 
f 2038 2035 1949 1950 
f 2041 2038 1950 1951 
f 2044 2041 1951 1952 
f 2047 2044 1952 1953 
f 2050 2047 1953 1954 
f 1956 2050 1954 1923 
s 1
f 1959 1957 1955 1958 
f 1962 1959 1958 1961 
f 1965 1962 1961 1964 
f 1968 1965 1964 1967 
f 1971 1968 1967 1970 
f 1974 1971 1970 1973 
f 1977 1974 1973 1976 
f 1980 1977 1976 1979 
f 1983 1980 1979 1982 
f 1986 1983 1982 1985 
f 1989 1986 1985 1988 
f 1992 1989 1988 1991 
f 1995 1992 1991 1994 
f 1998 1995 1994 1997 
f 2001 1998 1997 2000 
f 2004 2001 2000 2003 
f 2007 2004 2003 2006 
f 2010 2007 2006 2009 
f 2013 2010 2009 2012 
f 2016 2013 2012 2015 
f 2019 2016 2015 2018 
f 2022 2019 2018 2021 
f 2025 2022 2021 2024 
f 2028 2025 2024 2027 
f 2031 2028 2027 2030 
f 2034 2031 2030 2033 
f 2037 2034 2033 2036 
f 2040 2037 2036 2039 
f 2043 2040 2039 2042 
f 2046 2043 2042 2045 
f 2049 2046 2045 2048 
f 1957 2049 2048 1955 
s 2
f 1956 1960 1958 1955 
f 1960 1963 1961 1958 
f 1963 1966 1964 1961 
f 1966 1969 1967 1964 
f 1969 1972 1970 1967 
f 1972 1975 1973 1970 
f 1975 1978 1976 1973 
f 1978 1981 1979 1976 
f 1981 1984 1982 1979 
f 1984 1987 1985 1982 
f 1987 1990 1988 1985 
f 1990 1993 1991 1988 
f 1993 1996 1994 1991 
f 1996 1999 1997 1994 
f 1999 2002 2000 1997 
f 2002 2005 2003 2000 
f 2005 2008 2006 2003 
f 2008 2011 2009 2006 
f 2011 2014 2012 2009 
f 2014 2017 2015 2012 
f 2017 2020 2018 2015 
f 2020 2023 2021 2018 
f 2023 2026 2024 2021 
f 2026 2029 2027 2024 
f 2029 2032 2030 2027 
f 2032 2035 2033 2030 
f 2035 2038 2036 2033 
f 2038 2041 2039 2036 
f 2041 2044 2042 2039 
f 2044 2047 2045 2042 
f 2047 2050 2048 2045 
f 2050 1956 1955 2048 
s off
f 1622 1618 2051 
f 1618 1631 2051 
f 1631 1641 2051 
f 1641 1651 2051 
f 1651 1661 2051 
f 1661 1671 2051 
f 1671 1681 2051 
f 1681 1691 2051 
f 1691 1701 2051 
f 1701 1711 2051 
f 1711 1721 2051 
f 1721 1731 2051 
f 1731 1741 2051 
f 1741 1751 2051 
f 1751 1761 2051 
f 1761 1771 2051 
f 1771 1781 2051 
f 1781 1791 2051 
f 1791 1801 2051 
f 1801 1811 2051 
f 1811 1821 2051 
f 1821 1831 2051 
f 1831 1841 2051 
f 1841 1851 2051 
f 1851 1861 2051 
f 1861 1871 2051 
f 1871 1881 2051 
f 1881 1891 2051 
f 1891 1901 2051 
f 1901 1911 2051 
f 1911 1921 2051 
f 1921 1622 2051 
s 1
f 2052 2062 2362 
f 2052 2053 2063 2062 
f 2053 2054 2064 2063 
f 2054 2055 2065 2064 
f 2055 2056 2066 2065 
f 2056 2374 2376 2066 
f 2057 2067 2375 2373 
f 2057 2058 2068 2067 
f 2058 2059 2069 2068 
f 2059 2377 2379 2069 
f 2378 2504 2506 2380 
f 2508 2060 2070 2511 
s 2
f 2060 2061 2071 2070 
s 1
f 2062 2072 2362 
f 2062 2063 2073 2072 
f 2063 2064 2074 2073 
f 2064 2065 2075 2074 
f 2065 2066 2076 2075 
f 2066 2376 2382 2076 
f 2067 2077 2381 2375 
f 2067 2068 2078 2077 
f 2068 2069 2079 2078 
f 2069 2379 2383 2079 
f 2380 2506 2513 2384 
f 2511 2070 2080 2516 
s 2
f 2070 2071 2081 2080 
s 1
f 2072 2082 2362 
f 2072 2073 2083 2082 
f 2073 2074 2084 2083 
f 2074 2075 2085 2084 
f 2075 2076 2086 2085 
f 2076 2382 2386 2086 
f 2077 2087 2385 2381 
f 2077 2078 2088 2087 
f 2078 2079 2089 2088 
f 2079 2383 2387 2089 
f 2384 2513 2518 2388 
f 2516 2080 2090 2521 
s 2
f 2080 2081 2091 2090 
s 1
f 2082 2092 2362 
f 2082 2083 2093 2092 
f 2083 2084 2094 2093 
f 2084 2085 2095 2094 
f 2085 2086 2096 2095 
f 2086 2386 2390 2096 
f 2087 2097 2389 2385 
f 2087 2088 2098 2097 
f 2088 2089 2099 2098 
f 2089 2387 2391 2099 
f 2388 2518 2523 2392 
f 2521 2090 2100 2526 
s 2
f 2090 2091 2101 2100 
s 1
f 2092 2102 2362 
f 2092 2093 2103 2102 
f 2093 2094 2104 2103 
f 2094 2095 2105 2104 
f 2095 2096 2106 2105 
f 2096 2390 2394 2106 
f 2097 2107 2393 2389 
f 2097 2098 2108 2107 
f 2098 2099 2109 2108 
f 2099 2391 2395 2109 
f 2392 2523 2528 2396 
f 2526 2100 2110 2531 
s 2
f 2100 2101 2111 2110 
s 1
f 2102 2112 2362 
f 2102 2103 2113 2112 
f 2103 2104 2114 2113 
f 2104 2105 2115 2114 
f 2105 2106 2116 2115 
f 2106 2394 2398 2116 
f 2107 2117 2397 2393 
f 2107 2108 2118 2117 
f 2108 2109 2119 2118 
f 2109 2395 2399 2119 
f 2396 2528 2533 2400 
f 2531 2110 2120 2536 
s 2
f 2110 2111 2121 2120 
s 1
f 2112 2122 2362 
f 2112 2113 2123 2122 
f 2113 2114 2124 2123 
f 2114 2115 2125 2124 
f 2115 2116 2126 2125 
f 2116 2398 2402 2126 
f 2117 2127 2401 2397 
f 2117 2118 2128 2127 
f 2118 2119 2129 2128 
f 2119 2399 2403 2129 
f 2400 2533 2538 2404 
f 2536 2120 2130 2541 
s 2
f 2120 2121 2131 2130 
s 1
f 2122 2132 2362 
f 2122 2123 2133 2132 
f 2123 2124 2134 2133 
f 2124 2125 2135 2134 
f 2125 2126 2136 2135 
f 2126 2402 2406 2136 
f 2127 2137 2405 2401 
f 2127 2128 2138 2137 
f 2128 2129 2139 2138 
f 2129 2403 2407 2139 
f 2404 2538 2543 2408 
f 2541 2130 2140 2546 
s 2
f 2130 2131 2141 2140 
s 1
f 2132 2142 2362 
f 2132 2133 2143 2142 
f 2133 2134 2144 2143 
f 2134 2135 2145 2144 
f 2135 2136 2146 2145 
f 2136 2406 2410 2146 
f 2137 2147 2409 2405 
f 2137 2138 2148 2147 
f 2138 2139 2149 2148 
f 2139 2407 2411 2149 
f 2408 2543 2548 2412 
f 2546 2140 2150 2551 
s 2
f 2140 2141 2151 2150 
s 1
f 2142 2152 2362 
f 2142 2143 2153 2152 
f 2143 2144 2154 2153 
f 2144 2145 2155 2154 
f 2145 2146 2156 2155 
f 2146 2410 2414 2156 
f 2147 2157 2413 2409 
f 2147 2148 2158 2157 
f 2148 2149 2159 2158 
f 2149 2411 2415 2159 
f 2412 2548 2553 2416 
f 2551 2150 2160 2556 
s 2
f 2150 2151 2161 2160 
s 1
f 2152 2162 2362 
f 2152 2153 2163 2162 
f 2153 2154 2164 2163 
f 2154 2155 2165 2164 
f 2155 2156 2166 2165 
f 2156 2414 2418 2166 
f 2157 2167 2417 2413 
f 2157 2158 2168 2167 
f 2158 2159 2169 2168 
f 2159 2415 2419 2169 
f 2416 2553 2558 2420 
f 2556 2160 2170 2561 
s 2
f 2160 2161 2171 2170 
s 1
f 2162 2172 2362 
f 2162 2163 2173 2172 
f 2163 2164 2174 2173 
f 2164 2165 2175 2174 
f 2165 2166 2176 2175 
f 2166 2418 2422 2176 
f 2167 2177 2421 2417 
f 2167 2168 2178 2177 
f 2168 2169 2179 2178 
f 2169 2419 2423 2179 
f 2420 2558 2563 2424 
f 2561 2170 2180 2566 
s 2
f 2170 2171 2181 2180 
s 1
f 2172 2182 2362 
f 2172 2173 2183 2182 
f 2173 2174 2184 2183 
f 2174 2175 2185 2184 
f 2175 2176 2186 2185 
f 2176 2422 2426 2186 
f 2177 2187 2425 2421 
f 2177 2178 2188 2187 
f 2178 2179 2189 2188 
f 2179 2423 2427 2189 
f 2424 2563 2568 2428 
f 2566 2180 2190 2571 
s 2
f 2180 2181 2191 2190 
s 1
f 2182 2192 2362 
f 2182 2183 2193 2192 
f 2183 2184 2194 2193 
f 2184 2185 2195 2194 
f 2185 2186 2196 2195 
f 2186 2426 2430 2196 
f 2187 2197 2429 2425 
f 2187 2188 2198 2197 
f 2188 2189 2199 2198 
f 2189 2427 2431 2199 
f 2428 2568 2573 2432 
f 2571 2190 2200 2576 
s 2
f 2190 2191 2201 2200 
s 1
f 2192 2202 2362 
f 2192 2193 2203 2202 
f 2193 2194 2204 2203 
f 2194 2195 2205 2204 
f 2195 2196 2206 2205 
f 2196 2430 2434 2206 
f 2197 2207 2433 2429 
f 2197 2198 2208 2207 
f 2198 2199 2209 2208 
f 2199 2431 2435 2209 
f 2432 2573 2578 2436 
f 2576 2200 2210 2581 
s 2
f 2200 2201 2211 2210 
s 1
f 2202 2212 2362 
f 2202 2203 2213 2212 
f 2203 2204 2214 2213 
f 2204 2205 2215 2214 
f 2205 2206 2216 2215 
f 2206 2434 2438 2216 
f 2207 2217 2437 2433 
f 2207 2208 2218 2217 
f 2208 2209 2219 2218 
f 2209 2435 2439 2219 
f 2436 2578 2583 2440 
f 2581 2210 2220 2586 
s 2
f 2210 2211 2221 2220 
s 1
f 2212 2222 2362 
f 2212 2213 2223 2222 
f 2213 2214 2224 2223 
f 2214 2215 2225 2224 
f 2215 2216 2226 2225 
f 2216 2438 2442 2226 
f 2217 2227 2441 2437 
f 2217 2218 2228 2227 
f 2218 2219 2229 2228 
f 2219 2439 2443 2229 
f 2440 2583 2588 2444 
f 2586 2220 2230 2591 
s 2
f 2220 2221 2231 2230 
s 1
f 2222 2232 2362 
f 2222 2223 2233 2232 
f 2223 2224 2234 2233 
f 2224 2225 2235 2234 
f 2225 2226 2236 2235 
f 2226 2442 2446 2236 
f 2227 2237 2445 2441 
f 2227 2228 2238 2237 
f 2228 2229 2239 2238 
f 2229 2443 2447 2239 
f 2444 2588 2593 2448 
f 2591 2230 2240 2596 
s 2
f 2230 2231 2241 2240 
s 1
f 2232 2242 2362 
f 2232 2233 2243 2242 
f 2233 2234 2244 2243 
f 2234 2235 2245 2244 
f 2235 2236 2246 2245 
f 2236 2446 2450 2246 
f 2237 2247 2449 2445 
f 2237 2238 2248 2247 
f 2238 2239 2249 2248 
f 2239 2447 2451 2249 
f 2448 2593 2598 2452 
f 2596 2240 2250 2601 
s 2
f 2240 2241 2251 2250 
s 1
f 2242 2252 2362 
f 2242 2243 2253 2252 
f 2243 2244 2254 2253 
f 2244 2245 2255 2254 
f 2245 2246 2256 2255 
f 2246 2450 2454 2256 
f 2247 2257 2453 2449 
f 2247 2248 2258 2257 
f 2248 2249 2259 2258 
f 2249 2451 2455 2259 
f 2452 2598 2603 2456 
f 2601 2250 2260 2606 
s 2
f 2250 2251 2261 2260 
s 1
f 2252 2262 2362 
f 2252 2253 2263 2262 
f 2253 2254 2264 2263 
f 2254 2255 2265 2264 
f 2255 2256 2266 2265 
f 2256 2454 2458 2266 
f 2257 2267 2457 2453 
f 2257 2258 2268 2267 
f 2258 2259 2269 2268 
f 2259 2455 2459 2269 
f 2456 2603 2608 2460 
f 2606 2260 2270 2611 
s 2
f 2260 2261 2271 2270 
s 1
f 2262 2272 2362 
f 2262 2263 2273 2272 
f 2263 2264 2274 2273 
f 2264 2265 2275 2274 
f 2265 2266 2276 2275 
f 2266 2458 2462 2276 
f 2267 2277 2461 2457 
f 2267 2268 2278 2277 
f 2268 2269 2279 2278 
f 2269 2459 2463 2279 
f 2460 2608 2613 2464 
f 2611 2270 2280 2616 
s 2
f 2270 2271 2281 2280 
s 1
f 2272 2282 2362 
f 2272 2273 2283 2282 
f 2273 2274 2284 2283 
f 2274 2275 2285 2284 
f 2275 2276 2286 2285 
f 2276 2462 2466 2286 
f 2277 2287 2465 2461 
f 2277 2278 2288 2287 
f 2278 2279 2289 2288 
f 2279 2463 2467 2289 
f 2464 2613 2618 2468 
f 2616 2280 2290 2621 
s 2
f 2280 2281 2291 2290 
s 1
f 2282 2292 2362 
f 2282 2283 2293 2292 
f 2283 2284 2294 2293 
f 2284 2285 2295 2294 
f 2285 2286 2296 2295 
f 2286 2466 2470 2296 
f 2287 2297 2469 2465 
f 2287 2288 2298 2297 
f 2288 2289 2299 2298 
f 2289 2467 2471 2299 
f 2468 2618 2623 2472 
f 2621 2290 2300 2626 
s 2
f 2290 2291 2301 2300 
s 1
f 2292 2302 2362 
f 2292 2293 2303 2302 
f 2293 2294 2304 2303 
f 2294 2295 2305 2304 
f 2295 2296 2306 2305 
f 2296 2470 2474 2306 
f 2297 2307 2473 2469 
f 2297 2298 2308 2307 
f 2298 2299 2309 2308 
f 2299 2471 2475 2309 
f 2472 2623 2628 2476 
f 2626 2300 2310 2631 
s 2
f 2300 2301 2311 2310 
s 1
f 2302 2312 2362 
f 2302 2303 2313 2312 
f 2303 2304 2314 2313 
f 2304 2305 2315 2314 
f 2305 2306 2316 2315 
f 2306 2474 2478 2316 
f 2307 2317 2477 2473 
f 2307 2308 2318 2317 
f 2308 2309 2319 2318 
f 2309 2475 2479 2319 
f 2476 2628 2633 2480 
f 2631 2310 2320 2636 
s 2
f 2310 2311 2321 2320 
s 1
f 2312 2322 2362 
f 2312 2313 2323 2322 
f 2313 2314 2324 2323 
f 2314 2315 2325 2324 
f 2315 2316 2326 2325 
f 2316 2478 2482 2326 
f 2317 2327 2481 2477 
f 2317 2318 2328 2327 
f 2318 2319 2329 2328 
f 2319 2479 2483 2329 
f 2480 2633 2638 2484 
f 2636 2320 2330 2641 
s 2
f 2320 2321 2331 2330 
s 1
f 2322 2332 2362 
f 2322 2323 2333 2332 
f 2323 2324 2334 2333 
f 2324 2325 2335 2334 
f 2325 2326 2336 2335 
f 2326 2482 2486 2336 
f 2327 2337 2485 2481 
f 2327 2328 2338 2337 
f 2328 2329 2339 2338 
f 2329 2483 2487 2339 
f 2484 2638 2643 2488 
f 2641 2330 2340 2646 
s 2
f 2330 2331 2341 2340 
s 1
f 2332 2342 2362 
f 2332 2333 2343 2342 
f 2333 2334 2344 2343 
f 2334 2335 2345 2344 
f 2335 2336 2346 2345 
f 2336 2486 2490 2346 
f 2337 2347 2489 2485 
f 2337 2338 2348 2347 
f 2338 2339 2349 2348 
f 2339 2487 2491 2349 
f 2488 2643 2648 2492 
f 2646 2340 2350 2651 
s 2
f 2340 2341 2351 2350 
s 1
f 2342 2352 2362 
f 2342 2343 2353 2352 
f 2343 2344 2354 2353 
f 2344 2345 2355 2354 
f 2345 2346 2356 2355 
f 2346 2490 2494 2356 
f 2347 2357 2493 2489 
f 2347 2348 2358 2357 
f 2348 2349 2359 2358 
f 2349 2491 2495 2359 
f 2492 2648 2653 2496 
f 2651 2350 2360 2656 
s 2
f 2350 2351 2361 2360 
s 1
f 2352 2363 2362 
f 2352 2353 2364 2363 
f 2353 2354 2365 2364 
f 2354 2355 2366 2365 
f 2355 2356 2367 2366 
f 2356 2494 2498 2367 
f 2357 2368 2497 2493 
f 2357 2358 2369 2368 
f 2358 2359 2370 2369 
f 2359 2495 2499 2370 
f 2496 2653 2658 2500 
f 2656 2360 2371 2661 
s 2
f 2360 2361 2372 2371 
s 1
f 2362 2363 2052 
f 2363 2364 2053 2052 
f 2364 2365 2054 2053 
f 2365 2366 2055 2054 
f 2366 2367 2056 2055 
f 2367 2498 2374 2056 
f 2368 2057 2373 2497 
f 2368 2369 2058 2057 
f 2369 2370 2059 2058 
f 2370 2499 2377 2059 
f 2500 2658 2504 2378 
f 2661 2371 2060 2508 
s 2
f 2371 2372 2061 2060 
s 1
f 2376 2374 2373 2375 
f 2378 2380 2379 2377 
f 2382 2376 2375 2381 
f 2380 2384 2383 2379 
f 2386 2382 2381 2385 
f 2384 2388 2387 2383 
f 2390 2386 2385 2389 
f 2388 2392 2391 2387 
f 2394 2390 2389 2393 
f 2392 2396 2395 2391 
f 2398 2394 2393 2397 
f 2396 2400 2399 2395 
f 2402 2398 2397 2401 
f 2400 2404 2403 2399 
f 2406 2402 2401 2405 
f 2404 2408 2407 2403 
f 2410 2406 2405 2409 
f 2408 2412 2411 2407 
f 2414 2410 2409 2413 
f 2412 2416 2415 2411 
f 2418 2414 2413 2417 
f 2416 2420 2419 2415 
f 2422 2418 2417 2421 
f 2420 2424 2423 2419 
f 2426 2422 2421 2425 
f 2424 2428 2427 2423 
f 2430 2426 2425 2429 
f 2428 2432 2431 2427 
f 2434 2430 2429 2433 
f 2432 2436 2435 2431 
f 2438 2434 2433 2437 
f 2436 2440 2439 2435 
f 2442 2438 2437 2441 
f 2440 2444 2443 2439 
f 2446 2442 2441 2445 
f 2444 2448 2447 2443 
f 2450 2446 2445 2449 
f 2448 2452 2451 2447 
f 2454 2450 2449 2453 
f 2452 2456 2455 2451 
f 2458 2454 2453 2457 
f 2456 2460 2459 2455 
f 2462 2458 2457 2461 
f 2460 2464 2463 2459 
f 2466 2462 2461 2465 
f 2464 2468 2467 2463 
f 2470 2466 2465 2469 
f 2468 2472 2471 2467 
f 2474 2470 2469 2473 
f 2472 2476 2475 2471 
f 2478 2474 2473 2477 
f 2476 2480 2479 2475 
f 2482 2478 2477 2481 
f 2480 2484 2483 2479 
f 2486 2482 2481 2485 
f 2484 2488 2487 2483 
f 2490 2486 2485 2489 
f 2488 2492 2491 2487 
f 2494 2490 2489 2493 
f 2492 2496 2495 2491 
f 2498 2494 2493 2497 
f 2496 2500 2499 2495 
f 2374 2498 2497 2373 
f 2500 2378 2377 2499 
s 2
f 2071 2061 2501 
f 2081 2071 2501 
f 2091 2081 2501 
f 2101 2091 2501 
f 2111 2101 2501 
f 2121 2111 2501 
f 2131 2121 2501 
f 2141 2131 2501 
f 2151 2141 2501 
f 2161 2151 2501 
f 2171 2161 2501 
f 2181 2171 2501 
f 2191 2181 2501 
f 2201 2191 2501 
f 2211 2201 2501 
f 2221 2211 2501 
f 2231 2221 2501 
f 2241 2231 2501 
f 2251 2241 2501 
f 2261 2251 2501 
f 2271 2261 2501 
f 2281 2271 2501 
f 2291 2281 2501 
f 2301 2291 2501 
f 2311 2301 2501 
f 2321 2311 2501 
f 2331 2321 2501 
f 2341 2331 2501 
f 2351 2341 2501 
f 2361 2351 2501 
f 2372 2361 2501 
f 2061 2372 2501 
s 1
f 2506 2504 2502 2505 
s 2
f 2510 2503 2507 2509 
f 2503 2510 2505 2502 
s 1
f 2508 2511 2509 2507 
f 2513 2506 2505 2512 
s 2
f 2515 2510 2509 2514 
f 2510 2515 2512 2505 
s 1
f 2511 2516 2514 2509 
f 2518 2513 2512 2517 
s 2
f 2520 2515 2514 2519 
f 2515 2520 2517 2512 
s 1
f 2516 2521 2519 2514 
f 2523 2518 2517 2522 
s 2
f 2525 2520 2519 2524 
f 2520 2525 2522 2517 
s 1
f 2521 2526 2524 2519 
f 2528 2523 2522 2527 
s 2
f 2530 2525 2524 2529 
f 2525 2530 2527 2522 
s 1
f 2526 2531 2529 2524 
f 2533 2528 2527 2532 
s 2
f 2535 2530 2529 2534 
f 2530 2535 2532 2527 
s 1
f 2531 2536 2534 2529 
f 2538 2533 2532 2537 
s 2
f 2540 2535 2534 2539 
f 2535 2540 2537 2532 
s 1
f 2536 2541 2539 2534 
f 2543 2538 2537 2542 
s 2
f 2545 2540 2539 2544 
f 2540 2545 2542 2537 
s 1
f 2541 2546 2544 2539 
f 2548 2543 2542 2547 
s 2
f 2550 2545 2544 2549 
f 2545 2550 2547 2542 
s 1
f 2546 2551 2549 2544 
f 2553 2548 2547 2552 
s 2
f 2555 2550 2549 2554 
f 2550 2555 2552 2547 
s 1
f 2551 2556 2554 2549 
f 2558 2553 2552 2557 
s 2
f 2560 2555 2554 2559 
f 2555 2560 2557 2552 
s 1
f 2556 2561 2559 2554 
f 2563 2558 2557 2562 
s 2
f 2565 2560 2559 2564 
f 2560 2565 2562 2557 
s 1
f 2561 2566 2564 2559 
f 2568 2563 2562 2567 
s 2
f 2570 2565 2564 2569 
f 2565 2570 2567 2562 
s 1
f 2566 2571 2569 2564 
f 2573 2568 2567 2572 
s 2
f 2575 2570 2569 2574 
f 2570 2575 2572 2567 
s 1
f 2571 2576 2574 2569 
f 2578 2573 2572 2577 
s 2
f 2580 2575 2574 2579 
f 2575 2580 2577 2572 
s 1
f 2576 2581 2579 2574 
f 2583 2578 2577 2582 
s 2
f 2585 2580 2579 2584 
f 2580 2585 2582 2577 
s 1
f 2581 2586 2584 2579 
f 2588 2583 2582 2587 
s 2
f 2590 2585 2584 2589 
f 2585 2590 2587 2582 
s 1
f 2586 2591 2589 2584 
f 2593 2588 2587 2592 
s 2
f 2595 2590 2589 2594 
f 2590 2595 2592 2587 
s 1
f 2591 2596 2594 2589 
f 2598 2593 2592 2597 
s 2
f 2600 2595 2594 2599 
f 2595 2600 2597 2592 
s 1
f 2596 2601 2599 2594 
f 2603 2598 2597 2602 
s 2
f 2605 2600 2599 2604 
f 2600 2605 2602 2597 
s 1
f 2601 2606 2604 2599 
f 2608 2603 2602 2607 
s 2
f 2610 2605 2604 2609 
f 2605 2610 2607 2602 
s 1
f 2606 2611 2609 2604 
f 2613 2608 2607 2612 
s 2
f 2615 2610 2609 2614 
f 2610 2615 2612 2607 
s 1
f 2611 2616 2614 2609 
f 2618 2613 2612 2617 
s 2
f 2620 2615 2614 2619 
f 2615 2620 2617 2612 
s 1
f 2616 2621 2619 2614 
f 2623 2618 2617 2622 
s 2
f 2625 2620 2619 2624 
f 2620 2625 2622 2617 
s 1
f 2621 2626 2624 2619 
f 2628 2623 2622 2627 
s 2
f 2630 2625 2624 2629 
f 2625 2630 2627 2622 
s 1
f 2626 2631 2629 2624 
f 2633 2628 2627 2632 
s 2
f 2635 2630 2629 2634 
f 2630 2635 2632 2627 
s 1
f 2631 2636 2634 2629 
f 2638 2633 2632 2637 
s 2
f 2640 2635 2634 2639 
f 2635 2640 2637 2632 
s 1
f 2636 2641 2639 2634 
f 2643 2638 2637 2642 
s 2
f 2645 2640 2639 2644 
f 2640 2645 2642 2637 
s 1
f 2641 2646 2644 2639 
f 2648 2643 2642 2647 
s 2
f 2650 2645 2644 2649 
f 2645 2650 2647 2642 
s 1
f 2646 2651 2649 2644 
f 2653 2648 2647 2652 
s 2
f 2655 2650 2649 2654 
f 2650 2655 2652 2647 
s 1
f 2651 2656 2654 2649 
f 2658 2653 2652 2657 
s 2
f 2660 2655 2654 2659 
f 2655 2660 2657 2652 
s 1
f 2656 2661 2659 2654 
f 2504 2658 2657 2502 
s 2
f 2503 2660 2659 2507 
f 2660 2503 2502 2657 
s 1
f 2661 2508 2507 2659 
s off
f 2668 2664 2662 
f 2671 2668 2662 
f 2674 2671 2662 
f 2677 2674 2662 
f 2680 2677 2662 
f 2683 2680 2662 
f 2686 2683 2662 
f 2689 2686 2662 
f 2692 2689 2662 
f 2695 2692 2662 
f 2698 2695 2662 
f 2701 2698 2662 
f 2704 2701 2662 
f 2707 2704 2662 
f 2710 2707 2662 
f 2713 2710 2662 
f 2716 2713 2662 
f 2719 2716 2662 
f 2722 2719 2662 
f 2725 2722 2662 
f 2728 2725 2662 
f 2731 2728 2662 
f 2734 2731 2662 
f 2737 2734 2662 
f 2740 2737 2662 
f 2743 2740 2662 
f 2746 2743 2662 
f 2749 2746 2662 
f 2752 2749 2662 
f 2755 2752 2662 
f 2758 2755 2662 
f 2664 2758 2662 
s 4
f 2667 2665 2663 2666 
f 2670 2667 2666 2669 
f 2673 2670 2669 2672 
f 2676 2673 2672 2675 
f 2679 2676 2675 2678 
f 2682 2679 2678 2681 
f 2685 2682 2681 2684 
f 2688 2685 2684 2687 
f 2691 2688 2687 2690 
f 2694 2691 2690 2693 
f 2697 2694 2693 2696 
f 2700 2697 2696 2699 
f 2703 2700 2699 2702 
f 2706 2703 2702 2705 
f 2709 2706 2705 2708 
f 2712 2709 2708 2711 
f 2715 2712 2711 2714 
f 2718 2715 2714 2717 
f 2721 2718 2717 2720 
f 2724 2721 2720 2723 
f 2727 2724 2723 2726 
f 2730 2727 2726 2729 
f 2733 2730 2729 2732 
f 2736 2733 2732 2735 
f 2739 2736 2735 2738 
f 2742 2739 2738 2741 
f 2745 2742 2741 2744 
f 2748 2745 2744 2747 
f 2751 2748 2747 2750 
f 2754 2751 2750 2753 
f 2757 2754 2753 2756 
f 2665 2757 2756 2663 
s off
f 2664 2668 2666 2663 
f 2668 2671 2669 2666 
f 2671 2674 2672 2669 
f 2674 2677 2675 2672 
f 2677 2680 2678 2675 
f 2680 2683 2681 2678 
f 2683 2686 2684 2681 
f 2686 2689 2687 2684 
f 2689 2692 2690 2687 
f 2692 2695 2693 2690 
f 2695 2698 2696 2693 
f 2698 2701 2699 2696 
f 2701 2704 2702 2699 
f 2704 2707 2705 2702 
f 2707 2710 2708 2705 
f 2710 2713 2711 2708 
f 2713 2716 2714 2711 
f 2716 2719 2717 2714 
f 2719 2722 2720 2717 
f 2722 2725 2723 2720 
f 2725 2728 2726 2723 
f 2728 2731 2729 2726 
f 2731 2734 2732 2729 
f 2734 2737 2735 2732 
f 2737 2740 2738 2735 
f 2740 2743 2741 2738 
f 2743 2746 2744 2741 
f 2746 2749 2747 2744 
f 2749 2752 2750 2747 
f 2752 2755 2753 2750 
f 2755 2758 2756 2753 
f 2758 2664 2663 2756 
f 2765 2761 2759 
f 2761 2767 2759 
f 2767 2770 2759 
f 2770 2773 2759 
f 2773 2776 2759 
f 2776 2779 2759 
f 2779 2782 2759 
f 2782 2785 2759 
f 2785 2788 2759 
f 2788 2791 2759 
f 2791 2794 2759 
f 2794 2797 2759 
f 2797 2800 2759 
f 2800 2803 2759 
f 2803 2806 2759 
f 2806 2809 2759 
f 2809 2812 2759 
f 2812 2815 2759 
f 2815 2818 2759 
f 2818 2821 2759 
f 2821 2824 2759 
f 2824 2827 2759 
f 2827 2830 2759 
f 2830 2833 2759 
f 2833 2836 2759 
f 2836 2839 2759 
f 2839 2842 2759 
f 2842 2845 2759 
f 2845 2848 2759 
f 2848 2851 2759 
f 2851 2854 2759 
f 2854 2765 2759 
s 2
f 2764 2762 2760 2763 
f 2762 2768 2766 2760 
f 2768 2771 2769 2766 
f 2771 2774 2772 2769 
f 2774 2777 2775 2772 
f 2777 2780 2778 2775 
f 2780 2783 2781 2778 
f 2783 2786 2784 2781 
f 2786 2789 2787 2784 
f 2789 2792 2790 2787 
f 2792 2795 2793 2790 
f 2795 2798 2796 2793 
f 2798 2801 2799 2796 
f 2801 2804 2802 2799 
f 2804 2807 2805 2802 
f 2807 2810 2808 2805 
f 2810 2813 2811 2808 
f 2813 2816 2814 2811 
f 2816 2819 2817 2814 
f 2819 2822 2820 2817 
f 2822 2825 2823 2820 
f 2825 2828 2826 2823 
f 2828 2831 2829 2826 
f 2831 2834 2832 2829 
f 2834 2837 2835 2832 
f 2837 2840 2838 2835 
f 2840 2843 2841 2838 
f 2843 2846 2844 2841 
f 2846 2849 2847 2844 
f 2849 2852 2850 2847 
f 2852 2855 2853 2850 
f 2855 2764 2763 2853 
s off
f 2761 2765 2763 2760 
f 2767 2761 2760 2766 
f 2770 2767 2766 2769 
f 2773 2770 2769 2772 
f 2776 2773 2772 2775 
f 2779 2776 2775 2778 
f 2782 2779 2778 2781 
f 2785 2782 2781 2784 
f 2788 2785 2784 2787 
f 2791 2788 2787 2790 
f 2794 2791 2790 2793 
f 2797 2794 2793 2796 
f 2800 2797 2796 2799 
f 2803 2800 2799 2802 
f 2806 2803 2802 2805 
f 2809 2806 2805 2808 
f 2812 2809 2808 2811 
f 2815 2812 2811 2814 
f 2818 2815 2814 2817 
f 2821 2818 2817 2820 
f 2824 2821 2820 2823 
f 2827 2824 2823 2826 
f 2830 2827 2826 2829 
f 2833 2830 2829 2832 
f 2836 2833 2832 2835 
f 2839 2836 2835 2838 
f 2842 2839 2838 2841 
f 2845 2842 2841 2844 
f 2848 2845 2844 2847 
f 2851 2848 2847 2850 
f 2854 2851 2850 2853 
f 2765 2854 2853 2763 
s 1
f 2917 2918 5396 5397 
f 2919 2922 2921 2920 
f 2920 2921 2924 2923 
f 2923 2924 2926 2925 
f 2925 2926 2928 2927 
f 2927 2928 2930 2929 
f 2929 2930 2932 2931 
f 2931 2932 2934 2933 
f 2933 2934 2936 2935 
f 2935 2936 2938 2937 
f 2937 2938 2940 2939 
f 2939 2940 2942 2941 
f 2941 2942 2944 2943 
f 2943 2944 2946 2945 
f 2945 2946 2948 2947 
f 2947 2948 5428 2875 
f 2949 2950 5431 5432 
f 2951 2952 2950 2949 
f 2953 2954 2952 2951 
f 2955 2956 2954 2953 
f 2957 2958 2956 2955 
f 2959 2960 2958 2957 
f 2961 2962 2960 2959 
f 2963 2964 2962 2961 
f 2965 2966 2964 2963 
f 2967 2968 2966 2965 
f 2969 2970 2968 2967 
f 2971 2972 2970 2969 
f 2973 2974 2972 2971 
f 2975 2976 2974 2973 
f 2977 2978 2976 2975 
f 2979 2980 2978 2977 
f 2981 2982 2980 2979 
f 2983 2984 2982 2981 
f 2985 2986 2984 2983 
f 2987 2988 2986 2985 
f 2989 2990 2988 2987 
f 2991 2992 2990 2989 
f 2993 2994 2992 2991 
f 2995 2996 2994 2993 
f 2997 2998 2996 2995 
f 2999 3000 2998 2997 
f 3001 3002 3000 2999 
f 3003 3004 3002 3001 
f 3005 3006 3004 3003 
f 3007 3008 3006 3005 
f 3009 3010 3008 3007 
f 3011 3014 3013 3012 
f 3015 3016 2918 2917 
f 3014 3018 3017 3013 
f 3019 3020 3016 3015 
f 3018 3022 3021 3017 
f 3023 3024 3020 3019 
f 3022 3026 3025 3021 
f 3027 3028 3024 3023 
f 3026 3030 3029 3025 
f 3031 3032 3028 3027 
f 3030 3034 3033 3029 
f 3035 3036 3032 3031 
f 3034 3038 3037 3033 
f 3039 3040 3036 3035 
f 3038 3042 3041 3037 
f 3043 3044 3040 3039 
f 3042 3046 3045 3041 
f 3047 3048 3044 3043 
f 3046 3050 3049 3045 
f 3051 3052 3048 3047 
f 3050 3054 3053 3049 
f 3055 3056 3052 3051 
f 3054 3058 3057 3053 
f 3059 3060 3056 3055 
f 3058 3062 3061 3057 
f 3063 3064 3060 3059 
f 3062 3066 3065 3061 
f 3067 3068 3064 3063 
f 3066 3070 3069 3065 
f 3071 3072 3068 3067 
f 3070 3074 3073 3069 
f 3075 3076 3072 3071 
f 3074 3078 3077 3073 
f 3079 3080 3076 3075 
f 3078 3082 3081 3077 
f 3083 3084 3080 3079 
f 3082 3086 3085 3081 
f 3087 3088 3084 3083 
f 3086 3090 3089 3085 
f 3091 3092 3088 3087 
f 3090 3094 3093 3089 
f 3095 3096 3092 3091 
f 3094 3098 3097 3093 
f 3099 3100 3096 3095 
f 3098 3102 3101 3097 
f 3103 3104 3100 3099 
f 3102 3106 3105 3101 
f 3107 3108 3104 3103 
f 3106 3110 3109 3105 
f 3111 3112 3108 3107 
f 3110 3114 3113 3109 
f 3115 3116 3112 3111 
f 3114 3118 3117 3113 
f 3119 3120 3116 3115 
f 3118 3122 3121 3117 
f 3123 3124 3120 3119 
f 3122 3126 3125 3121 
f 3127 3128 3124 3123 
f 3126 3130 3129 3125 
f 3131 3132 3128 3127 
f 3130 2915 5615 3129 
f 3133 3136 3135 3134 
f 3136 3138 3137 3135 
f 3138 3140 3139 3137 
f 3140 3142 3141 3139 
f 3142 3144 3143 3141 
f 3144 3146 3145 3143 
f 3146 3148 3147 3145 
f 3148 3150 3149 3147 
f 3150 3152 3151 3149 
f 3152 3154 3153 3151 
f 3154 3156 3155 3153 
f 3156 3158 3157 3155 
f 3158 3160 3159 3157 
f 3160 3162 3161 3159 
f 3162 5646 5647 3161 
f 3163 3166 3165 3164 
f 3166 3167 3165 
f 3166 3168 3167 
f 3166 3170 3169 3168 
f 3170 3172 3171 3169 
f 3172 3173 3171 
f 3172 3174 3173 
f 3172 3176 3175 3174 
f 3176 3178 3177 3175 
f 3178 3179 3177 
f 3178 3180 3179 
f 3178 3182 3181 3180 
f 3182 3184 3183 3181 
f 3184 3185 3183 
f 3184 3186 3185 
f 3184 3188 3187 3186 
f 3188 3190 3189 3187 
f 3190 3191 3189 
f 3190 3192 3191 
f 3190 3194 3193 3192 
f 3194 3196 3195 3193 
f 3196 3197 3195 
f 3196 3198 3197 
f 3196 3200 3199 3198 
f 3200 3202 3201 3199 
f 3202 3203 3201 
f 3202 3204 3203 
f 3202 3206 3205 3204 
f 3206 2876 3207 3205 
s 4
f 3208 3211 3210 3209 
f 3209 3210 3213 3212 
f 3212 3213 3215 3214 
f 3214 3215 3217 3216 
f 3216 3217 3219 3218 
f 3218 3219 3221 3220 
f 3220 3221 3223 3222 
f 3222 3223 3225 3224 
f 3224 3225 3227 3226 
f 3226 3227 3229 3228 
f 3228 3229 3231 3230 
f 3230 3231 3233 3232 
f 3232 3233 3235 3234 
f 3234 3235 3237 3236 
f 3236 3237 2877 5723 
s 1
f 3238 3239 2867 2878 
f 3240 3241 3239 3238 
f 3242 3243 3241 3240 
f 3244 3245 3243 3242 
f 3246 3247 3245 3244 
f 3248 3249 3247 3246 
f 3250 3251 3249 3248 
f 3252 3253 3251 3250 
f 3254 3255 3253 3252 
f 3256 3257 3255 3254 
f 3258 3259 3257 3256 
f 3260 3261 3259 3258 
f 3262 3263 3261 3260 
f 3264 3265 3263 3262 
f 3266 3267 3265 3264 
f 5754 2879 3267 3266 
f 3134 3238 2878 5755 
f 3135 3240 3238 3134 
f 3137 3242 3240 3135 
f 3139 3244 3242 3137 
f 3141 3246 3244 3139 
f 3143 3248 3246 3141 
f 3145 3250 3248 3143 
f 3147 3252 3250 3145 
f 3149 3254 3252 3147 
f 3151 3256 3254 3149 
f 3153 3258 3256 3151 
f 3155 3260 3258 3153 
f 3157 3262 3260 3155 
f 3159 3264 3262 3157 
f 3161 3266 3264 3159 
f 5647 5754 3266 3161 
f 3239 3268 2880 2867 
f 3241 3269 3268 3239 
f 3243 3270 3269 3241 
f 3245 3271 3270 3243 
f 3247 3272 3271 3245 
f 3249 3273 3272 3247 
f 3251 3274 3273 3249 
f 3253 3275 3274 3251 
f 3255 3276 3275 3253 
f 3257 3277 3276 3255 
f 3259 3278 3277 3257 
f 3261 3279 3278 3259 
f 3263 3280 3279 3261 
f 3265 3281 3280 3263 
f 3267 3282 3281 3265 
f 2879 5771 3282 3267 
f 3166 3163 3268 3269 
f 3166 3269 3270 3170 
f 3172 3170 3270 3271 
f 3172 3271 3272 3176 
f 3178 3176 3272 3273 
f 3178 3273 3274 3182 
f 3184 3182 3274 3275 
f 3184 3275 3276 3188 
f 3190 3188 3276 3277 
f 3190 3277 3278 3194 
f 3196 3194 3278 3279 
f 3196 3279 3280 3200 
f 3202 3200 3280 3281 
f 3202 3281 3282 3206 
f 2876 3206 3282 5771 
f 3283 3284 5774 2881 
f 2918 3283 2881 5396 
f 3285 3286 3284 3283 
f 3016 3285 3283 2918 
f 2917 3288 3287 3015 
f 3289 3290 3286 3285 
f 3020 3289 3285 3016 
f 3015 3287 3291 3019 
f 3292 3293 3290 3289 
f 3024 3292 3289 3020 
f 3019 3291 3294 3023 
f 3295 3296 3293 3292 
f 3028 3295 3292 3024 
f 3023 3294 3297 3027 
f 3298 3299 3296 3295 
f 3032 3298 3295 3028 
f 3027 3297 3300 3031 
f 3301 3302 3299 3298 
f 3036 3301 3298 3032 
f 3031 3300 3303 3035 
f 3304 3305 3302 3301 
f 3040 3304 3301 3036 
f 3035 3303 3306 3039 
f 3307 3308 3305 3304 
f 3044 3307 3304 3040 
f 3039 3306 3309 3043 
f 3310 3311 3308 3307 
f 3048 3310 3307 3044 
f 3043 3309 3312 3047 
f 3313 3314 3311 3310 
f 3052 3313 3310 3048 
f 3047 3312 3315 3051 
f 3316 3317 3314 3313 
f 3056 3316 3313 3052 
f 3051 3315 3318 3055 
f 3319 3320 3317 3316 
f 3060 3319 3316 3056 
f 3055 3318 3321 3059 
f 3322 3323 3320 3319 
f 3064 3322 3319 3060 
f 3059 3321 3324 3063 
f 3325 3326 3323 3322 
f 3068 3325 3322 3064 
f 3063 3324 3327 3067 
f 3328 3329 3326 3325 
f 3072 3328 3325 3068 
f 3067 3327 3330 3071 
f 3331 3332 3329 3328 
f 3076 3331 3328 3072 
f 3071 3330 3333 3075 
f 3334 3335 3332 3331 
f 3080 3334 3331 3076 
f 3075 3333 3336 3079 
f 3337 3338 3335 3334 
f 3084 3337 3334 3080 
f 3079 3336 3339 3083 
f 3340 3341 3338 3337 
f 3088 3340 3337 3084 
f 3083 3339 3342 3087 
f 3343 3344 3341 3340 
f 3092 3343 3340 3088 
f 3087 3342 3345 3091 
f 3346 3347 3344 3343 
f 3096 3346 3343 3092 
f 3091 3345 3348 3095 
f 3349 3350 3347 3346 
f 3100 3349 3346 3096 
f 3095 3348 3351 3099 
f 3352 3353 3350 3349 
f 3104 3352 3349 3100 
f 3099 3351 3354 3103 
f 3355 3356 3353 3352 
f 3108 3355 3352 3104 
f 3103 3354 3357 3107 
f 3358 3359 3356 3355 
f 3112 3358 3355 3108 
f 3107 3357 3360 3111 
f 3361 3362 3359 3358 
f 3116 3361 3358 3112 
f 3111 3360 3363 3115 
f 3364 3365 3362 3361 
f 3120 3364 3361 3116 
f 3115 3363 3366 3119 
f 3367 3368 3365 3364 
f 3124 3367 3364 3120 
f 3119 3366 3369 3123 
f 3370 3371 3368 3367 
f 3128 3370 3367 3124 
f 3123 3369 3372 3127 
f 3373 3374 3371 3370 
f 3132 3373 3370 3128 
f 3127 3372 3375 3131 
f 3131 3375 3376 2916 
f 3011 2882 5774 3284 
f 3014 3011 3284 3286 
f 3018 3014 3286 3290 
f 3022 3018 3290 3293 
f 3026 3022 3293 3296 
f 3030 3026 3296 3299 
f 3034 3030 3299 3302 
f 3038 3034 3302 3305 
f 3042 3038 3305 3308 
f 3046 3042 3308 3311 
f 3050 3046 3311 3314 
f 3054 3050 3314 3317 
f 3058 3054 3317 3320 
f 3062 3058 3320 3323 
f 3066 3062 3323 3326 
f 3070 3066 3326 3329 
f 3074 3070 3329 3332 
f 3078 3074 3332 3335 
f 3082 3078 3335 3338 
f 3086 3082 3338 3341 
f 3090 3086 3341 3344 
f 3094 3090 3344 3347 
f 3098 3094 3347 3350 
f 3102 3098 3350 3353 
f 3106 3102 3353 3356 
f 3110 3106 3356 3359 
f 3114 3110 3359 3362 
f 3118 3114 3362 3365 
f 3122 3118 3365 3368 
f 3126 3122 3368 3371 
f 3130 3126 3371 3374 
f 3377 3164 3287 3288 
f 3164 3165 3291 3287 
f 3165 3167 3294 3291 
f 3167 3168 3297 3294 
f 3168 3169 3300 3297 
f 3169 3171 3303 3300 
f 3171 3173 3306 3303 
f 3173 3174 3309 3306 
f 3174 3175 3312 3309 
f 3175 3177 3315 3312 
f 3177 3179 3318 3315 
f 3179 3180 3321 3318 
f 3180 3181 3324 3321 
f 3181 3183 3327 3324 
f 3183 3185 3330 3327 
f 3185 3186 3333 3330 
f 3186 3187 3336 3333 
f 3187 3189 3339 3336 
f 3189 3191 3342 3339 
f 3191 3192 3345 3342 
f 3192 3193 3348 3345 
f 3193 3195 3351 3348 
f 3195 3197 3354 3351 
f 3197 3198 3357 3354 
f 3198 3199 3360 3357 
f 3199 3201 3363 3360 
f 3201 3203 3366 3363 
f 3203 3204 3369 3366 
f 3204 3205 3372 3369 
f 3205 3207 3375 3372 
f 3207 5867 3376 3375 
f 3378 3381 3380 3379 
f 3381 3383 3382 3380 
f 3383 3385 3384 3382 
f 3385 3387 3386 3384 
f 3387 3389 3388 3386 
f 3389 3391 3390 3388 
f 3391 3393 3392 3390 
f 3393 3395 3394 3392 
f 3395 3397 3396 3394 
f 3397 3399 3398 3396 
f 3399 3401 3400 3398 
f 3401 3403 3402 3400 
f 3403 3405 3404 3402 
f 3405 3407 3406 3404 
f 3407 3409 3408 3406 
f 3409 3411 3410 3408 
f 3411 3413 3412 3410 
f 3413 3415 3414 3412 
f 3415 3417 3416 3414 
f 3417 3419 3418 3416 
f 3419 3421 3420 3418 
f 3421 3423 3422 3420 
f 3423 3425 3424 3422 
f 3425 3427 3426 3424 
f 3427 3429 3428 3426 
f 3429 3431 3430 3428 
f 3431 3433 3432 3430 
f 3433 3435 3434 3432 
f 3435 3437 3436 3434 
f 3437 3439 3438 3436 
f 3440 3441 5932 5933 
f 2950 3440 5933 5431 
f 3442 3443 3441 3440 
f 2952 3442 3440 2950 
f 2949 3445 3444 2951 
f 3446 3447 3443 3442 
f 2954 3446 3442 2952 
f 2951 3444 3448 2953 
f 3449 3450 3447 3446 
f 2956 3449 3446 2954 
f 2953 3448 3451 2955 
f 3452 3453 3450 3449 
f 2958 3452 3449 2956 
f 2955 3451 3454 2957 
f 3455 3456 3453 3452 
f 2960 3455 3452 2958 
f 2957 3454 3457 2959 
f 3458 3459 3456 3455 
f 2962 3458 3455 2960 
f 2959 3457 3460 2961 
f 3461 3462 3459 3458 
f 2964 3461 3458 2962 
f 2961 3460 3463 2963 
f 3464 3465 3462 3461 
f 2966 3464 3461 2964 
f 2963 3463 3466 2965 
f 3467 3468 3465 3464 
f 2968 3467 3464 2966 
f 2965 3466 3469 2967 
f 3470 3471 3468 3467 
f 2970 3470 3467 2968 
f 2967 3469 3472 2969 
f 3473 3474 3471 3470 
f 2972 3473 3470 2970 
f 2969 3472 3475 2971 
f 3476 3477 3474 3473 
f 2974 3476 3473 2972 
f 2971 3475 3478 2973 
f 3479 3480 3477 3476 
f 2976 3479 3476 2974 
f 2973 3478 3481 2975 
f 3482 3483 3480 3479 
f 2978 3482 3479 2976 
f 2975 3481 3484 2977 
f 3485 3486 3483 3482 
f 2980 3485 3482 2978 
f 2977 3484 3487 2979 
f 3488 3489 3486 3485 
f 2982 3488 3485 2980 
f 2979 3487 3490 2981 
f 3491 3492 3489 3488 
f 2984 3491 3488 2982 
f 2981 3490 3493 2983 
f 3494 3495 3492 3491 
f 2986 3494 3491 2984 
f 2983 3493 3496 2985 
f 3497 3498 3495 3494 
f 2988 3497 3494 2986 
f 2985 3496 3499 2987 
f 3500 3501 3498 3497 
f 2990 3500 3497 2988 
f 2987 3499 3502 2989 
f 3503 3504 3501 3500 
f 2992 3503 3500 2990 
f 2989 3502 3505 2991 
f 3506 3507 3504 3503 
f 2994 3506 3503 2992 
f 2991 3505 3508 2993 
f 3509 3510 3507 3506 
f 2996 3509 3506 2994 
f 2993 3508 3511 2995 
f 3512 3513 3510 3509 
f 2998 3512 3509 2996 
f 2995 3511 3514 2997 
f 3515 3516 3513 3512 
f 3000 3515 3512 2998 
f 2997 3514 3517 2999 
f 3518 3519 3516 3515 
f 3002 3518 3515 3000 
f 2999 3517 3520 3001 
f 3521 3522 3519 3518 
f 3004 3521 3518 3002 
f 3001 3520 3523 3003 
f 3524 3525 3522 3521 
f 3006 3524 3521 3004 
f 3003 3523 3526 3005 
f 3527 3528 3525 3524 
f 3008 3527 3524 3006 
f 3005 3526 3529 3007 
f 3530 3531 3528 3527 
f 3010 3530 3527 3008 
f 3007 3529 3532 3009 
f 3009 3532 6025 6026 
s 2
f 3534 3537 3536 3535 
f 3537 3539 3538 3536 
f 3540 3543 3542 3541 
f 3544 3547 3546 3545 
f 3547 3549 3548 3546 
f 3549 3551 3550 3548 
f 3551 3553 3552 3550 
f 3553 3555 3554 3552 
f 3555 3557 3556 3554 
f 3557 3559 3558 3556 
f 3559 3561 3560 3558 
f 3561 3563 3562 3560 
f 3563 3565 3564 3562 
f 3565 3567 3566 3564 
f 3567 3569 3568 3566 
f 3569 3571 3570 3568 
f 3571 3573 3572 3570 
f 3573 3575 3574 3572 
f 3575 3577 3576 3574 
f 3577 3579 3578 3576 
f 3579 3581 3580 3578 
f 3581 3583 3582 3580 
f 3583 3585 3584 3582 
f 3585 3587 3586 3584 
f 3587 3589 3588 3586 
f 3589 3591 3590 3588 
f 3591 3593 3592 3590 
f 3593 3595 3594 3592 
f 3596 3599 3598 3597 
f 3600 3603 3602 3601 
f 3604 3607 3606 3605 
f 3608 3610 3609 
f 3610 3612 3611 3609 
f 3612 3614 3613 3611 
f 3615 3617 3616 3613 
f 3617 3619 3618 3616 
f 3619 3621 3620 3618 
f 3621 3623 3622 3620 
f 3623 3625 3624 3622 
f 3625 3627 3626 3624 
f 3627 3629 3628 3626 
f 3629 3631 3630 3628 
f 3631 3633 3632 3630 
f 3633 3635 3634 3632 
f 3635 3637 3636 3634 
f 3637 3639 3638 3636 
f 3639 3641 3640 3638 
f 3641 3643 3642 3640 
f 3643 3645 3644 3642 
f 3645 3647 3646 3644 
f 3647 3649 3648 3646 
f 3649 3651 3650 3648 
f 3651 3653 3652 3650 
f 3653 3655 3654 3652 
f 3655 3657 3656 3654 
f 3657 3659 3658 3656 
f 3659 3661 3660 3658 
f 3661 3663 3662 3660 
f 3663 3665 3664 3662 
f 3666 3667 3664 
f 3668 3669 6165 6166 
f 3670 3671 3669 3668 
f 3672 3673 3671 3670 
f 3674 3675 3673 3672 
f 3676 3677 3675 3674 
f 3678 3679 3677 3676 
f 3680 3681 3679 3678 
f 3682 3683 3681 3680 
f 3684 3685 3683 3682 
f 3686 3687 3685 3684 
f 3688 3689 3687 3686 
f 3690 3691 3689 3688 
f 3692 3693 3691 3690 
f 3694 3695 3693 3692 
f 3696 3697 3695 3694 
f 3698 3699 3697 3696 
f 3700 3701 3699 3698 
f 3702 3703 3701 3700 
f 3704 3705 3703 3702 
f 3706 3707 3705 3704 
f 3708 3709 3707 3706 
f 3710 3711 3709 3708 
f 3712 3713 3711 3710 
f 3714 3715 3713 3712 
f 3716 3717 3715 3714 
f 3718 3719 3717 3716 
f 3720 3721 3719 3718 
f 3722 3723 3721 3720 
f 3724 3725 3723 3722 
f 3726 3729 3728 3727 
f 3730 3733 3732 3731 
f 3734 3737 3736 3735 
f 3738 3741 3740 3739 
f 3742 3745 3744 3743 
f 3746 3749 3748 3747 
f 3747 3748 3741 3738 
f 3750 3752 3740 3751 
f 6250 6251 3754 3753 
f 3753 3754 3745 3742 
f 3755 3749 3744 3756 
f 3605 3758 3757 3604 
f 3759 3762 3761 3760 
f 3760 3761 3736 3763 
f 3764 3765 3762 3759 
f 3758 6265 3766 3757 
f 3767 3769 3728 3768 
f 3770 3773 3772 3771 
f 3666 3774 3667 
f 3666 3775 3774 
f 3666 3776 3775 
f 3666 3777 3776 
f 3666 3778 3777 
f 3666 3779 3778 
f 3666 3781 3780 3779 
f 3782 6282 6283 3783 
f 3784 3782 3783 3785 
f 3786 3784 3785 3787 
f 3788 3786 3787 3789 
f 3790 3788 3789 3791 
f 3792 3790 3791 3793 
f 3794 3792 3793 3795 
f 3796 3794 3795 3797 
f 3798 3796 3797 3799 
f 3800 3798 3799 3801 
f 3802 3800 3801 3803 
f 3804 3802 3803 3805 
f 3806 3804 3805 3807 
f 3808 3806 3807 3809 
f 3810 3808 3809 3811 
f 3812 3810 3811 3813 
f 3814 3812 3813 3815 
f 3816 3814 3815 3817 
f 3818 3816 3817 3819 
f 3820 3818 3819 3821 
f 3822 3820 3821 3823 
f 3824 3822 3823 3825 
f 3826 3824 3825 3827 
f 3828 3826 3827 3829 
f 3830 3828 3829 3831 
f 3832 3830 3831 3833 
f 3834 3832 3833 3835 
f 3836 3834 3835 3837 
f 3838 3836 3837 3839 
f 3840 3843 3842 3841 
f 3844 3847 3846 3845 
f 3848 3851 3850 3849 
f 3852 3855 3854 3853 
f 3852 3853 3857 3856 
f 3855 3848 3849 3854 
f 3840 3841 3859 3858 
f 3860 2883 6362 3861 
f 3862 3865 3864 3863 
f 3866 3860 3861 3867 
f 3868 3866 3867 3869 
f 3865 3868 3869 3864 
f 3870 3862 3863 3871 
f 3872 3870 3871 3873 
f 3874 3872 3873 3875 
f 3861 6362 6378 3876 
f 3863 3864 3878 3877 
f 3867 3861 3876 3879 
f 3869 3867 3879 3880 
f 3864 3869 3880 3878 
f 3871 3863 3877 3881 
f 3873 3871 3881 3882 
f 3875 3873 3882 3883 
f 3884 3887 3886 3885 
f 3888 3891 3890 3889 
f 3889 3890 3893 3892 
f 3892 3893 3887 3884 
f 3885 3886 3895 3894 
f 3894 3895 3897 3896 
f 3896 3897 3899 3898 
f 3900 3903 3902 3901 
f 3904 3907 3906 3905 
f 3901 3902 3909 3908 
f 3908 3909 3911 3910 
f 3910 3911 3907 3904 
f 3905 3906 3913 3912 
f 3912 3913 3915 3914 
f 3914 3915 3917 3916 
f 6419 3920 3919 3918 
f 3921 3924 3923 3922 
f 3918 3919 3926 3925 
f 3925 3926 3928 3927 
f 3927 3928 3924 3921 
f 3922 3923 3930 3929 
f 3929 3930 3932 3931 
f 3931 3932 3934 3933 
f 3887 3921 3922 3886 
f 3891 3918 3925 3890 
f 3890 3925 3927 3893 
f 3893 3927 3921 3887 
f 3886 3922 3929 3895 
f 3895 3929 3931 3897 
f 3897 3931 3933 3899 
f 3907 3884 3885 3906 
f 3902 3888 3889 3909 
f 3909 3889 3892 3911 
f 3911 3892 3884 3907 
f 3906 3885 3894 3913 
f 3913 3894 3896 3915 
f 3915 3896 3898 3917 
f 6378 3900 3901 3876 
f 3878 3904 3905 3877 
f 3876 3901 3908 3879 
f 3879 3908 3910 3880 
f 3880 3910 3904 3878 
f 3877 3905 3912 3881 
f 3881 3912 3914 3882 
f 3882 3914 3916 3883 
f 3920 6436 3935 3919 
f 3924 3937 3936 3923 
f 3919 3935 3938 3926 
f 3926 3938 3939 3928 
f 3928 3939 3937 3924 
f 3923 3936 3940 3930 
f 3930 3940 3941 3932 
f 3932 3941 3942 3934 
f 3943 3946 3945 3944 
f 3947 3950 3949 3948 
f 3951 3954 3953 3952 
f 3955 3958 3957 3956 
f 3956 3957 3950 3947 
f 3948 3949 3954 3951 
f 3952 3953 3854 3849 
f 3944 3945 3958 3955 
f 3959 3962 3961 3960 
f 3946 3959 3960 3945 
f 3944 3964 3963 3943 
f 3965 3968 3967 3966 
f 3950 3965 3966 3949 
f 3948 3970 3969 3947 
f 3971 3974 3973 3972 
f 3954 3971 3972 3953 
f 3952 3976 3975 3951 
f 3977 3980 3979 3978 
f 3958 3977 3978 3957 
f 3956 3982 3981 3955 
f 3978 3979 3968 3965 
f 3957 3978 3965 3950 
f 3947 3969 3982 3956 
f 3966 3967 3974 3971 
f 3949 3966 3971 3954 
f 3951 3975 3970 3948 
f 3972 3973 3857 3853 
f 3953 3972 3853 3854 
f 3849 3850 3976 3952 
f 3960 3961 3980 3977 
f 3945 3960 3977 3958 
f 3955 3981 3964 3944 
f 3983 3986 3985 3984 
f 3987 3990 3989 3988 
f 3991 3994 3993 3992 
f 3995 3998 3997 3996 
f 3999 4000 3986 3983 
f 4001 4002 3990 3987 
f 3992 3993 4004 4003 
f 3996 3997 4006 4005 
f 4007 4008 4000 3999 
f 4009 4010 4002 4001 
f 4003 4004 4012 4011 
f 4005 4006 4014 4013 
f 4015 4016 4008 4007 
f 4017 4018 4010 4009 
f 4011 4012 4020 4019 
f 4013 4014 4022 4021 
f 4023 4024 4016 4015 
f 4025 4026 4018 4017 
f 4019 4020 4028 4027 
f 4021 4022 4030 4029 
f 4031 4032 4024 4023 
f 4033 4034 4026 4025 
f 4027 4028 4036 4035 
f 4029 4030 4038 4037 
f 4039 4040 4032 4031 
f 4041 4042 4034 4033 
f 4035 4036 4044 4043 
f 4037 4038 4046 4045 
f 4047 4048 4040 4039 
f 4049 4050 4042 4041 
f 4043 4044 4052 4051 
f 4045 4046 4054 4053 
f 4055 4056 4048 4047 
f 4057 4058 4050 4049 
f 4051 4052 4060 4059 
f 4053 4054 4062 4061 
f 4063 4064 4056 4055 
f 4065 4066 4058 4057 
f 4059 4060 4068 4067 
f 4061 4062 4070 4069 
f 4071 4072 4064 4063 
f 4073 4074 4066 4065 
f 4067 4068 4076 4075 
f 4069 4070 4078 4077 
f 4079 4080 4072 4071 
f 4081 4082 4074 4073 
f 4075 4076 4084 4083 
f 4077 4078 4086 4085 
f 4087 4088 4080 4079 
f 4089 4090 4082 4081 
f 4083 4084 4092 4091 
f 4085 4086 4094 4093 
f 4095 4096 4088 4087 
f 4097 4098 4090 4089 
f 4091 4092 4100 4099 
f 4093 4094 4102 4101 
f 4103 4104 4096 4095 
f 4105 4106 4098 4097 
f 4099 4100 4108 4107 
f 4101 4102 4110 4109 
f 2884 6613 4104 4103 
f 2885 2886 4106 4105 
f 4107 4108 2914 6614 
f 4109 4110 6615 6616 
f 3984 3985 4112 4111 
f 3988 3989 4114 4113 
f 4115 4116 3994 3991 
f 4117 4118 3998 3995 
f 4111 4112 4120 4119 
f 4113 4114 4122 4121 
f 4123 4124 4116 4115 
f 4125 4126 4118 4117 
f 4119 4120 4128 4127 
f 4121 4122 4130 4129 
f 4131 4132 4124 4123 
f 4133 4134 4126 4125 
f 4127 4128 4136 4135 
f 4129 4130 4138 4137 
f 4139 4140 4132 4131 
f 4141 4142 4134 4133 
f 4135 4136 4144 4143 
f 4137 4138 4146 4145 
f 4147 4148 4140 4139 
f 4149 4150 4142 4141 
f 4143 4144 4152 4151 
f 4145 4146 4154 4153 
f 4155 4156 4148 4147 
f 4157 4158 4150 4149 
f 4151 4152 4160 4159 
f 4153 4154 4162 4161 
f 4163 4164 4156 4155 
f 4165 4166 4158 4157 
f 4159 4160 4168 4167 
f 4161 4162 4170 4169 
f 4171 4172 4164 4163 
f 4173 4174 4166 4165 
f 4167 4168 4176 4175 
f 4169 4170 4178 4177 
f 4179 4180 4172 4171 
f 4181 4182 4174 4173 
f 4175 4176 4184 4183 
f 4177 4178 4186 4185 
f 4187 4188 4180 4179 
f 4189 4190 4182 4181 
f 4183 4184 4192 4191 
f 4185 4186 4194 4193 
f 4195 4196 4188 4187 
f 4197 4198 4190 4189 
f 4191 4192 4200 4199 
f 4193 4194 4202 4201 
f 4203 4204 4196 4195 
f 4205 4206 4198 4197 
f 4199 4200 4208 4207 
f 4201 4202 4210 4209 
f 4211 4212 4204 4203 
f 4213 4214 4206 4205 
f 3998 3991 3992 3997 
f 3997 3992 4003 4006 
f 4006 4003 4011 4014 
f 4014 4011 4019 4022 
f 4022 4019 4027 4030 
f 4030 4027 4035 4038 
f 4038 4035 4043 4046 
f 4046 4043 4051 4054 
f 4054 4051 4059 4062 
f 4062 4059 4067 4070 
f 4070 4067 4075 4078 
f 4078 4075 4083 4086 
f 4086 4083 4091 4094 
f 4094 4091 4099 4102 
f 4102 4099 4107 4110 
f 4110 4107 6614 6615 
f 4118 4115 3991 3998 
f 4126 4123 4115 4118 
f 4134 4131 4123 4126 
f 4142 4139 4131 4134 
f 4150 4147 4139 4142 
f 4158 4155 4147 4150 
f 4166 4163 4155 4158 
f 4174 4171 4163 4166 
f 4182 4179 4171 4174 
f 4190 4187 4179 4182 
f 4198 4195 4187 4190 
f 4206 4203 4195 4198 
f 4214 4211 4203 4206 
f 3996 3987 3988 3995 
f 4005 4001 3987 3996 
f 4013 4009 4001 4005 
f 4021 4017 4009 4013 
f 4029 4025 4017 4021 
f 4037 4033 4025 4029 
f 4045 4041 4033 4037 
f 4053 4049 4041 4045 
f 4061 4057 4049 4053 
f 4069 4065 4057 4061 
f 4077 4073 4065 4069 
f 4085 4081 4073 4077 
f 4093 4089 4081 4085 
f 4101 4097 4089 4093 
f 4109 4105 4097 4101 
f 6616 2885 4105 4109 
f 3995 3988 4113 4117 
f 4117 4113 4121 4125 
f 4125 4121 4129 4133 
f 4133 4129 4137 4141 
f 4141 4137 4145 4149 
f 4149 4145 4153 4157 
f 4157 4153 4161 4165 
f 4165 4161 4169 4173 
f 4173 4169 4177 4181 
f 4181 4177 4185 4189 
f 4189 4185 4193 4197 
f 4197 4193 4201 4205 
f 4205 4201 4209 4213 
f 3990 4216 4215 3989 
f 4002 4217 4216 3990 
f 4010 4218 4217 4002 
f 4018 4219 4218 4010 
f 4026 4220 4219 4018 
f 4034 4221 4220 4026 
f 4042 4222 4221 4034 
f 4050 4223 4222 4042 
f 4058 4224 4223 4050 
f 4066 4225 4224 4058 
f 4074 4226 4225 4066 
f 4082 4227 4226 4074 
f 4090 4228 4227 4082 
f 4098 4229 4228 4090 
f 4106 4230 4229 4098 
f 2886 2887 4230 4106 
f 3989 4215 4231 4114 
f 4114 4231 4232 4122 
f 4122 4232 4233 4130 
f 4130 4233 4234 4138 
f 4138 4234 4235 4146 
f 4146 4235 4236 4154 
f 4154 4236 4237 4162 
f 4162 4237 4238 4170 
f 4170 4238 4239 4178 
f 4178 4239 4240 4186 
f 4186 4240 4241 4194 
f 4194 4241 4242 4202 
f 4202 4242 4243 4210 
f 4216 3983 3984 4215 
f 4217 3999 3983 4216 
f 4218 4007 3999 4217 
f 4219 4015 4007 4218 
f 4220 4023 4015 4219 
f 4221 4031 4023 4220 
f 4222 4039 4031 4221 
f 4223 4047 4039 4222 
f 4224 4055 4047 4223 
f 4225 4063 4055 4224 
f 4226 4071 4063 4225 
f 4227 4079 4071 4226 
f 4228 4087 4079 4227 
f 4229 4095 4087 4228 
f 4230 4103 4095 4229 
f 2887 2884 4103 4230 
f 4215 3984 4111 4231 
f 4231 4111 4119 4232 
f 4232 4119 4127 4233 
f 4233 4127 4135 4234 
f 4234 4135 4143 4235 
f 4235 4143 4151 4236 
f 4236 4151 4159 4237 
f 4237 4159 4167 4238 
f 4238 4167 4175 4239 
f 4239 4175 4183 4240 
f 4240 4183 4191 4241 
f 4241 4191 4199 4242 
f 4242 4199 4207 4243 
f 3986 3810 3812 3985 
f 4000 3808 3810 3986 
f 4008 3806 3808 4000 
f 4016 3804 3806 4008 
f 4024 3802 3804 4016 
f 4032 3800 3802 4024 
f 4040 3798 3800 4032 
f 4048 3796 3798 4040 
f 4056 3794 3796 4048 
f 4064 3792 3794 4056 
f 4072 3790 3792 4064 
f 4080 3788 3790 4072 
f 4088 3786 3788 4080 
f 4096 3784 3786 4088 
f 4104 3782 3784 4096 
f 6613 6282 3782 4104 
f 3985 3812 3814 4112 
f 4112 3814 3816 4120 
f 4120 3816 3818 4128 
f 4128 3818 3820 4136 
f 4136 3820 3822 4144 
f 4144 3822 3824 4152 
f 4152 3824 3826 4160 
f 4160 3826 3828 4168 
f 4168 3828 3830 4176 
f 4176 3830 3832 4184 
f 4184 3832 3834 4192 
f 4192 3834 3836 4200 
f 4200 3836 3838 4208 
f 4244 4247 4246 4245 
f 4248 4251 4250 4249 
f 4252 4255 4254 4253 
f 4256 4259 4258 4257 
f 4251 4256 4257 4250 
f 4255 4248 4249 4254 
f 3846 4252 4253 3845 
f 4259 4244 4245 4258 
f 4260 4263 4262 4261 
f 4264 4267 4266 4265 
f 4268 4271 4270 4269 
f 4272 4275 4274 4273 
f 4275 4264 4265 4274 
f 4267 4268 4269 4266 
f 4271 3841 3842 4270 
f 4263 4272 4273 4262 
f 4260 4277 4276 4263 
f 4264 4279 4278 4267 
f 4268 4281 4280 4271 
f 4272 4283 4282 4275 
f 4275 4282 4279 4264 
f 4267 4278 4281 4268 
f 4271 4280 3859 3841 
f 4263 4276 4283 4272 
f 4260 4285 4284 4277 
f 3935 6436 4287 4286 
f 3936 3937 4289 4288 
f 3938 3935 4286 4290 
f 3939 3938 4290 4291 
f 3937 3939 4291 4289 
f 3940 3936 4288 4292 
f 3941 3940 4292 4293 
f 3942 3941 4293 4294 
f 2857 6800 4296 4295 
f 4297 4300 4299 4298 
f 4295 4296 4302 4301 
f 4301 4302 4304 4303 
f 4303 4304 4300 4297 
f 4298 4299 4306 4305 
f 4305 4306 4308 4307 
f 4307 4308 4310 4309 
f 4311 4314 4313 4312 
f 4315 4318 4317 4316 
f 4319 4322 4321 4320 
f 4323 4326 4325 4324 
f 4327 4328 4322 4319 
f 4329 4330 4326 4323 
f 4260 4261 4331 4285 
f 2888 4333 4332 2862 
f 4334 4335 2889 6842 
f 4333 4337 4336 4332 
f 4338 4339 4335 4334 
f 4337 4341 4340 4336 
f 4342 4343 4339 4338 
f 4341 4345 4344 4340 
f 4346 4347 4343 4342 
f 4345 4349 4348 4344 
f 4350 4351 4347 4346 
f 4349 4353 4352 4348 
f 4354 4355 4351 4350 
f 4353 4357 4356 4352 
f 4358 4359 4355 4354 
f 4357 4361 4360 4356 
f 4362 4363 4359 4358 
f 6871 4365 4364 2863 
f 6874 4367 4366 2856 
f 4365 4369 4368 4364 
f 4367 4371 4370 4366 
f 4369 4373 4372 4368 
f 4371 4375 4374 4370 
f 4373 4377 4376 4372 
f 4375 4379 4378 4374 
f 4377 4381 4380 4376 
f 4379 4383 4382 4378 
f 4381 4385 4384 4380 
f 4383 4387 4386 4382 
f 4385 4389 4388 4384 
f 4387 4391 4390 4386 
f 4389 4393 4392 4388 
f 4391 4395 4394 4390 
f 4396 4397 2858 2859 
f 4398 4399 4397 4396 
f 4400 4401 4399 4398 
f 4402 4403 4401 4400 
f 4404 4405 4403 4402 
f 4406 4407 4405 4404 
f 4408 4409 4407 4406 
f 4410 4411 4409 4408 
f 4412 4413 4360 4361 
f 4414 4415 4363 4362 
f 4416 4417 4392 4393 
f 4418 4394 4395 4419 
f 6929 6930 4421 4420 
f 4420 4421 4423 4422 
f 4422 4423 4425 4424 
f 4424 4425 4427 4426 
f 4426 4427 4429 4428 
f 4428 4429 4431 4430 
f 4430 4431 4433 4432 
f 4432 4433 4411 4410 
f 4366 4434 6946 2856 
f 4370 4435 4434 4366 
f 4374 4436 4435 4370 
f 4378 4437 4436 4374 
f 4382 4438 4437 4378 
f 4386 4439 4438 4382 
f 4390 4440 4439 4386 
f 4394 4441 4440 4390 
f 4418 4442 4441 4394 
f 6955 4444 4443 2890 
f 4445 4448 4447 4446 
f 4449 4443 4444 4450 
f 4451 4449 4450 4452 
f 4445 4451 4452 4448 
f 4447 4454 4453 4446 
f 4454 4413 4455 4453 
f 4413 4412 4455 
f 4456 4459 4458 4457 
f 4457 4458 4314 4311 
f 4460 4462 4313 4461 
f 4463 4464 6978 6979 
f 4335 4463 6979 2889 
f 4465 4466 4464 4463 
f 4339 4465 4463 4335 
f 4334 4468 4467 4338 
f 4469 4470 4466 4465 
f 4343 4469 4465 4339 
f 4338 4467 4471 4342 
f 4472 4473 4470 4469 
f 4347 4472 4469 4343 
f 4342 4471 4474 4346 
f 4475 4476 4473 4472 
f 4351 4475 4472 4347 
f 4346 4474 4477 4350 
f 4478 4479 4476 4475 
f 4355 4478 4475 4351 
f 4350 4477 4480 4354 
f 4481 4482 4479 4478 
f 4359 4481 4478 4355 
f 4354 4480 4483 4358 
f 4484 4485 4482 4481 
f 4363 4484 4481 4359 
f 4358 4483 4486 4362 
f 4487 4488 4485 4484 
f 4415 4487 4484 4363 
f 4362 4486 4489 4414 
f 3963 4491 4490 3943 
f 4492 4495 4494 4493 
f 4496 4497 4495 4492 
f 4498 4499 4497 4496 
f 4500 4503 4502 4501 
f 7019 7020 4505 4504 
f 4506 4509 4508 4507 
f 4504 4505 4511 4510 
f 4510 4511 4513 4512 
f 4512 4513 4509 4506 
f 4507 4508 4515 4514 
f 4514 4515 4517 4516 
f 4516 4517 4519 4518 
f 4520 4522 4494 4521 
f 4523 3946 3943 4490 
f 4524 3959 3946 4523 
f 4525 3962 3959 4524 
f 4526 4246 4247 4527 
f 7045 2865 4529 4528 
f 6800 7045 4528 4296 
f 4295 4530 7049 2857 
f 4531 4534 4533 4532 
f 4300 4531 4532 4299 
f 4298 4536 4535 4297 
f 4528 4529 4538 4537 
f 4296 4528 4537 4302 
f 4301 4539 4530 4295 
f 4537 4538 4541 4540 
f 4302 4537 4540 4304 
f 4303 4542 4539 4301 
f 4540 4541 4534 4531 
f 4304 4540 4531 4300 
f 4297 4535 4542 4303 
f 4532 4533 4544 4543 
f 4299 4532 4543 4306 
f 4305 4545 4536 4298 
f 4543 4544 4547 4546 
f 4306 4543 4546 4308 
f 4307 4548 4545 4305 
f 4546 4547 4550 4549 
f 4308 4546 4549 4310 
f 4309 4551 4548 4307 
f 4552 4554 4553 4461 
f 4314 4552 4461 4313 
f 4312 4556 4555 4311 
f 4557 4560 4559 4558 
f 4318 4557 4558 4317 
f 4316 4562 4561 4315 
f 4563 4566 4565 4564 
f 4322 4563 4564 4321 
f 4320 4568 4567 4319 
f 4569 4570 4566 4563 
f 4328 4569 4563 4322 
f 4319 4567 4571 4327 
f 4459 4573 4572 4458 
f 4457 4575 4574 4456 
f 4572 4576 4554 4552 
f 4458 4572 4552 4314 
f 4311 4555 4575 4457 
f 4462 4577 4312 4313 
f 4461 4553 4578 4460 
f 4579 4580 2891 2892 
f 4397 4579 2892 2858 
f 2859 7100 4581 4396 
f 4582 4583 4580 4579 
f 4399 4582 4579 4397 
f 4396 4581 4584 4398 
f 4585 4586 4583 4582 
f 4401 4585 4582 4399 
f 4398 4584 4587 4400 
f 4588 4589 4586 4585 
f 4403 4588 4585 4401 
f 4400 4587 4590 4402 
f 4591 4592 4589 4588 
f 4405 4591 4588 4403 
f 4402 4590 4593 4404 
f 4594 4595 4592 4591 
f 4407 4594 4591 4405 
f 4404 4593 4596 4406 
f 4597 4598 4595 4594 
f 4409 4597 4594 4407 
f 4406 4596 4599 4408 
f 4600 4601 4598 4597 
f 4411 4600 4597 4409 
f 4408 4599 4602 4410 
f 7123 7124 4604 4603 
f 6930 7123 4603 4421 
f 4420 4605 2864 6929 
f 4603 4604 4607 4606 
f 4421 4603 4606 4423 
f 4422 4608 4605 4420 
f 4606 4607 4610 4609 
f 4423 4606 4609 4425 
f 4424 4611 4608 4422 
f 4609 4610 4613 4612 
f 4425 4609 4612 4427 
f 4426 4614 4611 4424 
f 4612 4613 4616 4615 
f 4427 4612 4615 4429 
f 4428 4617 4614 4426 
f 4615 4616 4619 4618 
f 4429 4615 4618 4431 
f 4430 4620 4617 4428 
f 4618 4619 4622 4621 
f 4431 4618 4621 4433 
f 4432 4623 4620 4430 
f 4621 4622 4601 4600 
f 4433 4621 4600 4411 
f 4410 4602 4623 4432 
f 4624 4627 4626 4625 
f 4326 4624 4625 4325 
f 4324 4629 4628 4323 
f 4630 4631 4627 4624 
f 4330 4630 4624 4326 
f 4323 4628 4632 4329 
f 4633 4523 4490 4521 
f 4495 4633 4521 4494 
f 4493 4635 4634 4492 
f 4636 4524 4523 4633 
f 4497 4636 4633 4495 
f 4492 4634 4637 4496 
f 4638 4525 4524 4636 
f 4499 4638 4636 4497 
f 4496 4637 4639 4498 
f 4640 4526 4527 4641 
f 4503 4640 4641 4502 
f 4501 4643 4642 4500 
f 2893 7166 4645 4644 
f 7020 2893 4644 4505 
f 4504 4286 4287 7019 
f 4646 4649 4648 4647 
f 4509 4646 4647 4508 
f 4507 4288 4289 4506 
f 4644 4645 4651 4650 
f 4505 4644 4650 4511 
f 4510 4290 4286 4504 
f 4650 4651 4653 4652 
f 4511 4650 4652 4513 
f 4512 4291 4290 4510 
f 4652 4653 4649 4646 
f 4513 4652 4646 4509 
f 4506 4289 4291 4512 
f 4647 4648 4655 4654 
f 4508 4647 4654 4515 
f 4514 4292 4288 4507 
f 4654 4655 4657 4656 
f 4515 4654 4656 4517 
f 4516 4293 4292 4514 
f 4656 4657 4659 4658 
f 4517 4656 4658 4519 
f 4518 4294 4293 4516 
f 4660 4661 4635 4493 
f 4522 4660 4493 4494 
f 4521 4490 4491 4520 
f 4662 7186 4664 4663 
f 4665 4667 4666 
f 4668 4670 4669 
f 4668 4669 4671 
f 4668 4662 4663 4670 
f 4672 4668 4671 4673 
f 4674 4672 4673 4675 
f 4674 4675 4676 
f 4674 4676 4677 
f 4678 4674 4677 4679 
f 4680 4678 4679 4681 
f 4680 4681 4682 
f 4680 4682 4683 
f 4684 4680 4683 4685 
f 4667 4684 4685 4666 
f 4665 4686 4667 
f 4686 4688 4687 4667 
f 4688 4690 4689 4687 
f 4690 4691 4689 
f 4691 4692 4689 
f 4692 4694 4693 4689 
f 4694 4695 4693 
f 4695 4696 4693 
f 4696 4698 4697 4693 
f 4698 4699 4697 
f 4699 4700 4697 
f 4700 4701 4697 
f 4701 4702 4697 
s 1
f 2919 2920 3136 3133 
f 2920 2923 3138 3136 
f 2923 2925 3140 3138 
f 2925 2927 3142 3140 
f 2927 2929 3144 3142 
f 2929 2931 3146 3144 
f 2931 2933 3148 3146 
f 2933 2935 3150 3148 
f 2935 2937 3152 3150 
f 2937 2939 3154 3152 
f 2939 2941 3156 3154 
f 2941 2943 3158 3156 
f 2943 2945 3160 3158 
f 2945 2947 3162 3160 
f 2947 2875 5646 3162 
s 2
f 4703 7229 2894 4704 
f 4705 4703 4704 4706 
f 4707 4705 4706 4708 
f 4709 4707 4708 4710 
f 4711 4709 4710 4712 
f 4713 4711 4712 4714 
f 4715 4713 4714 4716 
f 4717 4715 4716 4718 
f 4719 4717 4718 4720 
f 4721 4719 4720 4722 
f 4723 4721 4722 4724 
f 4725 4723 4724 4726 
f 4727 4725 4726 4728 
f 4729 4727 4728 4730 
f 4731 4729 4730 4732 
s 4
f 3211 2866 2871 4733 
f 3210 3211 4733 4734 
f 3213 3210 4734 4735 
f 3215 3213 4735 4736 
f 3217 3215 4736 4737 
f 3219 3217 4737 4738 
f 3221 3219 4738 4739 
f 3223 3221 4739 4740 
f 3225 3223 4740 4741 
f 3227 3225 4741 4742 
f 3229 3227 4742 4743 
f 3231 3229 4743 4744 
f 3233 3231 4744 4745 
f 3235 3233 4745 4746 
f 3237 3235 4746 4747 
f 2877 3237 4747 2895 
s 2
f 4704 2894 2895 4747 
f 4706 4704 4747 4746 
f 4708 4706 4746 4745 
f 4710 4708 4745 4744 
f 4712 4710 4744 4743 
f 4714 4712 4743 4742 
f 4716 4714 4742 4741 
f 4718 4716 4741 4740 
f 4720 4718 4740 4739 
f 4722 4720 4739 4738 
f 4724 4722 4738 4737 
f 4726 4724 4737 4736 
f 4728 4726 4736 4735 
f 4730 4728 4735 4734 
f 4732 4730 4734 4733 
s 1
f 3012 4748 7275 7276 
f 3013 4749 4748 3012 
f 3017 4750 4749 3013 
f 3021 4751 4750 3017 
f 3025 4752 4751 3021 
f 3029 4753 4752 3025 
f 3033 4754 4753 3029 
f 3037 4755 4754 3033 
f 3041 4756 4755 3037 
f 3045 4757 4756 3041 
f 3049 4758 4757 3045 
f 3053 4759 4758 3049 
f 3057 4760 4759 3053 
f 3061 4761 4760 3057 
f 3065 4762 4761 3061 
f 3069 4763 4762 3065 
f 3073 4764 4763 3069 
f 3077 4765 4764 3073 
f 3081 4766 4765 3077 
f 3085 4767 4766 3081 
f 3089 4768 4767 3085 
f 3093 4769 4768 3089 
f 3097 4770 4769 3093 
f 3101 4771 4770 3097 
f 3105 4772 4771 3101 
f 3109 4773 4772 3105 
f 3113 4774 4773 3109 
f 3117 4775 4774 3113 
f 3121 4776 4775 3117 
f 3125 4777 4776 3121 
f 3129 4778 4777 3125 
f 4748 4779 2872 7275 
f 4749 4780 4779 4748 
f 4750 4781 4780 4749 
f 4751 4782 4781 4750 
f 4752 4783 4782 4751 
f 4753 4784 4783 4752 
f 4754 4785 4784 4753 
f 4755 4786 4785 4754 
f 4756 4787 4786 4755 
f 4757 4788 4787 4756 
f 4758 4789 4788 4757 
f 4759 4790 4789 4758 
f 4760 4791 4790 4759 
f 4761 4792 4791 4760 
f 4762 4793 4792 4761 
f 4763 4794 4793 4762 
f 4764 4795 4794 4763 
f 4765 4796 4795 4764 
f 4766 4797 4796 4765 
f 4767 4798 4797 4766 
f 4768 4799 4798 4767 
f 4769 4800 4799 4768 
f 4770 4801 4800 4769 
f 4771 4802 4801 4770 
f 4772 4803 4802 4771 
f 4773 4804 4803 4772 
f 4774 4805 4804 4773 
f 4775 4806 4805 4774 
f 4776 4807 4806 4775 
f 4777 4808 4807 4776 
f 4778 4809 4808 4777 
f 4810 4811 7340 7341 
f 4812 4814 7344 4813 
f 4815 4816 4814 4812 
f 4817 4818 4816 4815 
f 4819 4820 4818 4817 
f 4821 4822 4820 4819 
f 4823 4824 4822 4821 
f 4825 4826 4824 4823 
f 4827 4828 4826 4825 
f 4829 4830 4828 4827 
f 4831 4832 4811 4810 
f 4833 4834 4832 4831 
f 4835 4836 4834 4833 
f 4837 4838 4836 4835 
f 4839 4840 4838 4837 
f 4841 4830 4840 4839 
f 7372 4844 4843 4842 
f 4844 4846 4845 4843 
f 4846 4848 4847 4845 
f 4848 4850 4849 4847 
f 4850 4852 4851 4849 
f 4852 4854 4853 4851 
f 4854 4856 4855 4853 
f 4856 4858 4857 4855 
f 4857 4858 4860 4859 
f 2896 4863 4862 4861 
f 4863 4865 4864 4862 
f 4865 4867 4866 4864 
f 4867 4869 4868 4866 
f 4869 4871 4870 4868 
f 4871 4873 4872 4870 
f 4873 4859 4860 4872 
s 2
f 4874 7404 7405 
f 4875 4874 7405 
f 4876 4875 7405 
f 4877 4876 7405 
f 4878 4877 7405 
f 4879 4878 7405 
f 4880 4879 7405 
f 4881 4880 7405 
f 4882 4881 7405 
f 7414 4883 7405 
f 4883 4884 7405 
f 4884 4885 7405 
f 4885 4886 7405 
f 4886 4887 7405 
f 4887 4888 7405 
f 4888 4882 7405 
s 1
f 4844 7372 7421 4889 
f 4846 4844 4889 4890 
f 4848 4846 4890 4891 
f 4850 4848 4891 4892 
f 4852 4850 4892 4893 
f 4854 4852 4893 4894 
f 4856 4854 4894 4895 
f 4858 4856 4895 4896 
f 4860 4858 4896 4897 
f 4861 4862 4898 7432 
f 4862 4864 4899 4898 
f 4864 4866 4900 4899 
f 4866 4868 4901 4900 
f 4868 4870 4902 4901 
f 4870 4872 4903 4902 
f 4872 4860 4897 4903 
s 2
f 7404 4874 4889 7421 
f 4874 4875 4890 4889 
f 4875 4876 4891 4890 
f 4876 4877 4892 4891 
f 4877 4878 4893 4892 
f 4878 4879 4894 4893 
f 4879 4880 4895 4894 
f 4880 4881 4896 4895 
f 4881 4882 4897 4896 
f 4883 7414 7432 4898 
f 4884 4883 4898 4899 
f 4885 4884 4899 4900 
f 4886 4885 4900 4901 
f 4887 4886 4901 4902 
f 4888 4887 4902 4903 
f 4882 4888 4903 4897 
s 1
f 7438 4904 5615 
f 4905 4907 4906 
f 4905 7442 4907 
f 4904 4908 5615 
f 4908 4909 3129 5615 
f 4909 4910 3129 
f 4910 4911 3129 
f 4911 4912 4778 3129 
f 4913 4914 4778 
f 4912 4913 4778 
f 4778 4914 4915 
f 4778 4915 4916 
f 4809 4778 4916 4917 
f 4809 4917 4918 
f 4809 4918 4919 
f 4842 4843 4920 7456 
f 4843 4845 4921 4920 
f 4845 4847 4922 4921 
f 4847 4849 4923 4922 
f 4849 4851 4924 4923 
f 4851 4853 4925 4924 
f 4853 4855 4926 4925 
f 4855 4857 4927 4926 
f 4857 4859 4928 4927 
f 4863 2896 2897 4929 
f 4865 4863 4929 4930 
f 4867 4865 4930 4931 
f 4869 4867 4931 4932 
f 4871 4869 4932 4933 
f 4873 4871 4933 4934 
f 4859 4873 4934 4928 
f 4904 7438 4936 4935 
f 4905 4906 4938 4937 
f 7442 4905 4937 7474 
f 4908 4904 4935 4939 
f 4909 4908 4939 4940 
f 4910 4909 4940 4941 
f 4911 4910 4941 4942 
f 4912 4911 4942 4943 
f 4914 4913 4945 4944 
f 4913 4912 4943 4945 
f 4915 4914 4944 4946 
f 4916 4915 4946 4947 
f 4917 4916 4947 4948 
f 4918 4917 4948 4949 
f 4919 4918 4949 4950 
f 4906 4919 4950 4938 
f 4951 4929 2897 4952 
f 4811 4951 4952 7340 
f 4953 4935 4936 7489 
f 4814 4953 7489 7344 
f 4954 4939 4935 4953 
f 4816 4954 4953 4814 
f 4812 4920 4921 4815 
f 4955 4940 4939 4954 
f 4818 4955 4954 4816 
f 4815 4921 4922 4817 
f 4956 4941 4940 4955 
f 4820 4956 4955 4818 
f 4817 4922 4923 4819 
f 4957 4942 4941 4956 
f 4822 4957 4956 4820 
f 4819 4923 4924 4821 
f 4958 4943 4942 4957 
f 4824 4958 4957 4822 
f 4821 4924 4925 4823 
f 4959 4945 4943 4958 
f 4826 4959 4958 4824 
f 4823 4925 4926 4825 
f 4960 4944 4945 4959 
f 4828 4960 4959 4826 
f 4825 4926 4927 4827 
f 4841 4946 4944 4960 
f 4830 4841 4960 4828 
f 4827 4927 4928 4829 
f 4961 4930 4929 4951 
f 4832 4961 4951 4811 
f 4810 4937 4938 4831 
f 4962 4931 4930 4961 
f 4834 4962 4961 4832 
f 4831 4938 4950 4833 
f 4963 4932 4931 4962 
f 4836 4963 4962 4834 
f 4833 4950 4949 4835 
f 4964 4933 4932 4963 
f 4838 4964 4963 4836 
f 4835 4949 4948 4837 
f 4965 4934 4933 4964 
f 4840 4965 4964 4838 
f 4837 4948 4947 4839 
f 4829 4928 4934 4965 
f 4830 4829 4965 4840 
f 4839 4947 4946 4841 
f 3438 4966 3436 
f 3380 4968 4967 3379 
f 3382 4969 4968 3380 
f 3384 4970 4969 3382 
f 3386 4972 4971 3384 
f 3388 4973 4972 3386 
f 3390 4974 4973 3388 
f 3392 4975 4974 3390 
f 3394 4976 4975 3392 
f 3396 4977 4976 3394 
f 3398 4978 4977 3396 
f 3400 4979 4978 3398 
f 3402 4980 4979 3400 
f 3404 4981 4980 3402 
f 3406 4982 4981 3404 
f 3408 4983 4982 3406 
f 3410 4984 4983 3408 
f 3412 4985 4984 3410 
f 3414 4986 4985 3412 
f 3416 4987 4986 3414 
f 3418 4988 4987 3416 
f 3420 4989 4988 3418 
f 3422 4990 4989 3420 
f 3424 4991 4990 3422 
f 3426 4992 4991 3424 
f 3428 4993 4992 3426 
f 3430 4994 4993 3428 
f 3432 4995 4994 3430 
f 3434 4997 4996 
f 3436 4999 4998 3434 
f 4966 5000 3436 
f 5000 5002 5001 
f 2898 5003 5002 5000 
s 2
f 5005 5008 5007 5006 
f 5005 5010 5009 5008 
f 5011 5012 5009 5010 
f 5013 5016 5015 5014 
f 5013 5012 5011 5016 
f 7551 7552 5018 5017 
f 7555 7551 5017 5019 
f 2899 7555 5019 5020 
f 5014 2899 5020 5013 
f 5020 5021 5012 5013 
f 5021 5022 5009 5012 
f 5009 5022 5023 5008 
f 5008 5023 5024 5007 
f 5023 5026 5025 5024 
f 5027 5025 5026 5028 
f 5027 5028 5029 
f 5030 5029 5031 
f 5029 5028 5032 5031 
f 5030 5031 5034 5033 
f 5020 5019 5035 5021 
f 5019 5017 5036 5035 
f 5017 5018 5034 5036 
f 5021 5035 5037 5022 
f 5022 5037 5026 5023 
f 5035 5036 5032 5037 
f 5036 5034 5031 5032 
f 5037 5032 5028 5026 
f 7552 5039 5038 5018 
f 5018 5038 5033 5034 
f 5040 5043 5042 5041 
f 5044 5047 5046 5045 
f 5044 7584 2900 5047 
f 7585 5048 5047 2900 
f 2860 5049 5048 7585 
f 7588 5050 5049 2860 
f 5015 5016 5050 7588 
f 5011 5051 5050 5016 
f 5010 5052 5051 5011 
f 5005 5053 5052 5010 
f 5006 5054 5053 5005 
f 5055 5056 5053 5054 
f 5055 5057 5042 5056 
f 5041 5042 5057 
f 5045 5046 5040 5058 
f 5040 5041 5058 
f 5047 5048 5059 5046 
f 5048 5049 5060 5059 
f 5049 5050 5051 5060 
f 5046 5059 5043 5040 
f 5059 5060 5061 5043 
f 5043 5061 5056 5042 
f 5060 5051 5052 5061 
f 5061 5052 5053 5056 
f 5006 5007 5063 5062 
f 5007 5024 5064 5063 
f 5024 5025 5065 5064 
f 5025 5027 5066 5065 
f 5027 5029 5067 5066 
f 5029 5030 5068 5067 
f 5030 5033 5069 5068 
f 5038 5039 7609 5070 
f 5033 5038 5070 5069 
f 5044 5045 5072 5071 
f 7584 5044 5071 7613 
f 5054 5006 5062 5073 
f 5055 5054 5073 5074 
f 5057 5055 5074 5075 
f 5041 5057 5075 5076 
f 5045 5058 5077 5072 
f 5058 5041 5076 5077 
s 1
f 5078 5079 5062 5063 
f 5080 5081 5069 5070 
f 7623 5080 5070 7609 
f 5082 5078 5063 5064 
f 5083 5082 5064 5065 
f 5084 5083 5065 5066 
f 5085 5084 5066 5067 
f 5081 5086 5068 5069 
f 5086 5085 5067 5068 
f 5087 2861 7613 5071 
f 5079 5088 5073 5062 
f 5088 5089 5074 5073 
f 5089 5090 5075 5074 
f 5090 5091 5076 5075 
f 5092 5087 5071 5072 
f 5093 5092 5072 5077 
f 5091 5093 5077 5076 
f 5079 5078 4966 3438 
f 5080 2898 5081 
f 5080 7623 2898 
f 2898 5086 5081 
f 2898 5085 5086 
f 2898 5000 5084 5085 
f 5000 4966 5078 5082 
f 5000 5082 5083 
f 5000 5083 5084 
f 2861 5087 5094 
f 5087 5092 5094 
f 5092 5093 5094 
f 5093 5091 3439 5094 
f 5091 5090 3439 
f 5090 5089 3439 
f 5089 5088 3439 
f 5088 5079 3438 3439 
s 2
f 5095 5096 2874 2901 
f 3669 5095 2901 6165 
f 5097 5098 5096 5095 
f 3671 5097 5095 3669 
f 3668 5100 5099 3670 
f 5101 5102 5098 5097 
f 3673 5101 5097 3671 
f 3670 5099 5103 3672 
f 5104 5105 5102 5101 
f 3675 5104 5101 3673 
f 3672 5103 5106 3674 
f 5107 5108 5105 5104 
f 3677 5107 5104 3675 
f 3674 5106 5109 3676 
f 5110 5111 5108 5107 
f 3679 5110 5107 3677 
f 3676 5109 5112 3678 
f 5113 5114 5111 5110 
f 3681 5113 5110 3679 
f 3678 5112 5115 3680 
f 5116 5117 5114 5113 
f 3683 5116 5113 3681 
f 3680 5115 5118 3682 
f 5119 5120 5117 5116 
f 3685 5119 5116 3683 
f 3682 5118 5121 3684 
f 5122 5123 5120 5119 
f 3687 5122 5119 3685 
f 3684 5121 5124 3686 
f 5125 5126 5123 5122 
f 3689 5125 5122 3687 
f 3686 5124 5127 3688 
f 5128 5129 5126 5125 
f 3691 5128 5125 3689 
f 3688 5127 5130 3690 
f 5131 5132 5129 5128 
f 3693 5131 5128 3691 
f 3690 5130 5133 3692 
f 5134 5135 5132 5131 
f 3695 5134 5131 3693 
f 3692 5133 5136 3694 
f 5137 5138 5135 5134 
f 3697 5137 5134 3695 
f 3694 5136 5139 3696 
f 5140 5141 5138 5137 
f 3699 5140 5137 3697 
f 3696 5139 5142 3698 
f 5143 5144 5141 5140 
f 3701 5143 5140 3699 
f 3698 5142 5145 3700 
f 5146 5147 5144 5143 
f 3703 5146 5143 3701 
f 3700 5145 5148 3702 
f 5149 5150 5147 5146 
f 3705 5149 5146 3703 
f 3702 5148 5151 3704 
f 5152 5153 5150 5149 
f 3707 5152 5149 3705 
f 3704 5151 5154 3706 
f 5155 5156 5153 5152 
f 3709 5155 5152 3707 
f 3706 5154 5157 3708 
f 5158 5159 5156 5155 
f 3711 5158 5155 3709 
f 3708 5157 5160 3710 
f 5161 5162 5159 5158 
f 3713 5161 5158 3711 
f 3710 5160 5163 3712 
f 5164 5165 5162 5161 
f 3715 5164 5161 3713 
f 3712 5163 5166 3714 
f 5167 5168 5165 5164 
f 3717 5167 5164 3715 
f 3714 5166 5169 3716 
f 5170 5171 5168 5167 
f 3719 5170 5167 3717 
f 3716 5169 5172 3718 
f 5173 5174 5171 5170 
f 3721 5173 5170 3719 
f 3718 5172 5175 3720 
f 5176 5177 5174 5173 
f 3723 5176 5173 3721 
f 3720 5175 5178 3722 
f 5179 5180 5177 5176 
f 3725 5179 5176 3723 
f 3722 5178 5181 3724 
f 3729 5182 3768 3728 
f 3727 5184 5183 3726 
f 5185 5188 5187 5186 
f 3733 5185 5186 3732 
f 3731 5190 5189 3730 
f 3737 5191 3763 3736 
f 3735 5193 5192 3734 
f 5194 5196 5195 3751 
f 3741 5194 3751 3740 
f 3739 5198 5197 3738 
f 5199 5201 5200 3756 
f 3745 5199 3756 3744 
f 3743 5203 5202 3742 
f 3755 5206 5205 5204 
f 3749 3755 5204 3748 
f 3747 5208 5207 3746 
f 5204 5205 5196 5194 
f 3748 5204 5194 3741 
f 3738 5197 5208 3747 
f 5209 5210 5198 3739 
f 3752 5209 3739 3740 
f 3751 5195 5211 3750 
f 5212 5215 5214 5213 
f 6251 5212 5213 3754 
f 3753 5216 2902 6250 
f 5213 5214 5201 5199 
f 3754 5213 5199 3745 
f 3742 5202 5216 3753 
f 3746 5207 5203 3743 
f 3749 3746 3743 3744 
f 3756 5200 5206 3755 
f 5217 5220 5219 5218 
f 3762 5217 5218 3761 
f 3760 5222 5221 3759 
f 5218 5219 5193 3735 
f 3761 5218 3735 3736 
f 3763 5223 5222 3760 
f 3765 5224 5217 3762 
f 3759 5221 5225 3764 
f 3769 5226 3727 3728 
f 3768 5228 5227 3767 
f 3595 3596 3597 3594 
f 3665 3666 3664 
s 4
f 7768 2903 5230 5229 
f 7771 7768 5229 5231 
f 2904 7771 5231 5232 
f 2905 2904 5232 5233 
f 5232 5235 5234 5233 
f 5235 5237 5236 5234 
f 5236 5237 5239 5238 
f 5238 5239 5241 5240 
f 5239 5243 5242 5241 
f 5242 5243 5244 
f 5245 5247 5246 
f 5247 5244 5248 5246 
f 5246 5250 5249 5245 
f 5232 5231 5251 5235 
f 5231 5229 5252 5251 
f 5229 5230 5250 5252 
f 5235 5251 5253 5237 
f 5237 5253 5243 5239 
f 5251 5252 5248 5253 
f 5252 5250 5246 5248 
f 5253 5248 5244 5243 
f 2903 7795 5254 5230 
f 5230 5254 5249 5250 
f 2905 5233 5255 7798 
f 5233 5234 5256 5255 
f 5234 5236 5257 5256 
f 5236 5238 5258 5257 
f 5238 5240 5259 5258 
s 2
f 5260 5261 6028 
f 5261 5262 6028 
f 5262 5263 6028 
f 5263 3533 6028 
s 1
f 5264 7808 7809 5265 
f 5264 7811 7808 
f 4967 5267 5266 
f 3379 4967 5266 5268 
f 3379 5268 5269 
f 3379 5269 5270 
f 3379 5270 5271 
f 3378 7818 5932 3441 
f 3381 3378 3441 3443 
f 3383 3381 3443 3447 
f 3385 3383 3447 3450 
f 3387 3385 3450 3453 
f 3389 3387 3453 3456 
f 3391 3389 3456 3459 
f 3393 3391 3459 3462 
f 3395 3393 3462 3465 
f 3397 3395 3465 3468 
f 3399 3397 3468 3471 
f 3401 3399 3471 3474 
f 3403 3401 3474 3477 
f 3405 3403 3477 3480 
f 3407 3405 3480 3483 
f 3409 3407 3483 3486 
f 3411 3409 3486 3489 
f 3413 3411 3489 3492 
f 3415 3413 3492 3495 
f 3417 3415 3495 3498 
f 3419 3417 3498 3501 
f 3421 3419 3501 3504 
f 3423 3421 3504 3507 
f 3425 3423 3507 3510 
f 3427 3425 3510 3513 
f 3429 3427 3513 3516 
f 3431 3429 3516 3519 
f 3433 3431 3519 3522 
f 3435 3433 3522 3525 
f 3437 3435 3525 3528 
f 3439 3437 3528 3531 
f 4779 4780 3444 3445 
f 4780 4781 3448 3444 
f 4781 4782 3451 3448 
f 4782 4783 3454 3451 
f 4783 4784 3457 3454 
f 4784 4785 3460 3457 
f 4785 4786 3463 3460 
f 4786 4787 3466 3463 
f 4787 4788 3469 3466 
f 4788 4789 3472 3469 
f 4789 4790 3475 3472 
f 4790 4791 3478 3475 
f 4791 4792 3481 3478 
f 4792 4793 3484 3481 
f 4793 4794 3487 3484 
f 4794 4795 3490 3487 
f 4795 4796 3493 3490 
f 4796 4797 3496 3493 
f 4797 4798 3499 3496 
f 4798 4799 3502 3499 
f 4799 4800 3505 3502 
f 4800 4801 3508 3505 
f 4801 4802 3511 3508 
f 4802 4803 3514 3511 
f 4803 4804 3517 3514 
f 4804 4805 3520 3517 
f 4805 4806 3523 3520 
f 4806 4807 3526 3523 
f 4807 4808 3529 3526 
f 4808 4809 3532 3529 
f 4809 4907 6025 3532 
s 2
f 5272 3544 3545 5273 
f 3543 5272 5273 3542 
f 5274 5275 3538 3541 
f 5276 3615 3613 
f 5277 5276 3613 
f 3614 5277 3613 
s 1
f 3384 4971 5278 
f 3384 5278 5279 
f 3384 5279 4970 
s 4
f 5259 5282 5281 5280 
s 1
f 5267 5283 5281 5282 
s 4
f 5240 5241 5285 5284 
f 5241 5242 5286 5285 
f 5242 5244 5287 5286 
f 5244 5247 5288 5287 
f 5247 5245 5289 5288 
f 5245 5249 5290 5289 
f 5254 7795 7838 5291 
f 5249 5254 5291 5290 
f 7798 5255 5292 7841 
f 5255 5256 5293 5292 
f 5256 5257 5294 5293 
f 5257 5258 5295 5294 
f 5259 5240 5284 5282 
f 5258 5259 5280 5295 
s 2
f 5260 2906 7841 5292 
f 5261 5260 5292 5293 
f 5262 5261 5293 5294 
f 5263 5262 5294 5295 
f 3533 5263 5295 5280 
s 1
f 5264 5265 5290 5291 
f 5265 5296 5289 5290 
f 5267 4967 7960 5283 
f 5266 5267 5282 5284 
f 5268 5266 5284 5285 
f 5269 5268 5285 5286 
f 5270 5269 5286 5287 
f 5271 5270 5287 5288 
f 5296 5271 5288 5289 
s 2
f 3533 5281 5283 
f 3533 5280 5281 
f 3535 5297 2907 2908 
f 3536 5298 5297 3535 
f 3538 5275 5298 3536 
f 3542 5299 5274 3541 
f 3546 5301 5300 3545 
f 3548 5302 5301 3546 
f 3550 5303 5302 3548 
f 3552 5304 5303 3550 
f 3554 5305 5304 3552 
f 3556 5306 5305 3554 
f 3558 5307 5306 3556 
f 3560 5308 5307 3558 
f 3562 5309 5308 3560 
f 3564 5310 5309 3562 
f 3566 5311 5310 3564 
f 3568 5312 5311 3566 
f 3570 5313 5312 3568 
f 3572 5314 5313 3570 
f 3574 5315 5314 3572 
f 3576 5316 5315 3574 
f 3578 5317 5316 3576 
f 3580 5318 5317 3578 
f 3582 5319 5318 3580 
f 3584 5320 5319 3582 
f 3586 5321 5320 3584 
f 3588 5322 5321 3586 
f 3590 5323 5322 3588 
f 3592 5324 5323 3590 
f 3594 5325 5324 3592 
f 3601 5327 5326 3598 
f 3607 5329 5328 3602 
f 3604 5202 5329 3607 
f 3757 5216 5202 3604 
f 3766 2902 5216 3757 
f 3597 5330 5325 3594 
f 3545 5300 5331 5273 
f 5273 5331 5299 3542 
f 3538 3539 3540 3541 
f 3839 5180 5183 3858 
f 3840 5184 5332 3843 
f 3844 3843 5332 5189 
f 3847 5190 5192 3856 
f 3848 5220 5333 3851 
f 3856 5192 5193 3852 
f 3858 5183 5184 3840 
f 3874 3851 5333 5211 
f 4416 4442 4568 4559 
f 4417 4560 4574 4489 
f 4419 4571 4567 4418 
f 4418 4567 4568 4442 
f 4487 4556 5334 4488 
f 4489 4574 4575 4414 
f 4550 5334 4577 4549 
f 4309 4460 4578 4551 
f 4557 4456 4574 4560 
f 4559 4568 4320 4558 
f 4316 4564 4565 4562 
f 4561 5335 4573 4315 
f 5335 4576 4572 4573 
f 5334 4556 4312 4577 
f 4629 4565 4566 4628 
f 4628 4566 4570 4632 
f 4637 4576 5335 4639 
f 4643 4639 5335 4561 
f 4642 4562 4565 4629 
f 4659 4551 4578 4661 
f 4661 4578 4553 4635 
f 5179 3726 5183 5180 
f 5181 5336 5182 3724 
f 5336 5228 3768 5182 
f 5185 3767 5227 5188 
f 5187 5337 5191 5186 
f 3731 3734 5192 5190 
f 5189 5332 5226 3730 
f 5337 5223 3763 5191 
f 5209 3764 5225 5210 
f 5211 5333 5224 3750 
f 5333 5220 5217 5224 
f 5332 5184 3727 5226 
f 5373 5374 3543 3540 
f 5375 5376 3547 3544 
f 5376 5377 3549 3547 
f 5377 5338 3551 3549 
f 5338 5378 3553 3551 
f 5378 5339 3555 3553 
f 5339 5379 3557 3555 
f 5379 5340 3559 3557 
f 5340 5380 3561 3559 
f 5380 5341 3563 3561 
f 5341 5342 3565 3563 
f 5342 5381 3567 3565 
f 5381 5382 3569 3567 
f 5382 5343 3571 3569 
f 5343 5344 3573 3571 
f 5344 5383 3575 3573 
f 5383 5345 3577 3575 
f 5345 5384 3579 3577 
f 5384 8119 3581 3579 
f 8119 5385 3583 3581 
f 5385 5346 3585 3583 
f 5346 5386 3587 3585 
f 5386 5347 3589 3587 
f 5347 5387 3591 3589 
f 5387 5348 3593 3591 
f 5348 5349 3595 3593 
f 5388 5389 3537 3534 
f 6028 5388 3534 2873 
f 5389 5390 3539 3537 
f 5350 5351 3599 3596 
f 5352 5391 3603 3600 
f 5353 5354 3758 3605 
f 3608 7908 2907 5297 
f 3610 3608 5297 5298 
f 3608 3609 5099 5100 
f 3612 3610 5298 5275 
f 3609 3611 5103 5099 
f 3614 3612 5275 5274 
f 3611 3613 5106 5103 
f 3617 3615 5300 5301 
f 3613 3616 5109 5106 
f 3619 3617 5301 5302 
f 3616 3618 5112 5109 
f 3621 3619 5302 5303 
f 3618 3620 5115 5112 
f 3623 3621 5303 5304 
f 3620 3622 5118 5115 
f 3625 3623 5304 5305 
f 3622 3624 5121 5118 
f 3627 3625 5305 5306 
f 3624 3626 5124 5121 
f 3629 3627 5306 5307 
f 3626 3628 5127 5124 
f 3631 3629 5307 5308 
f 3628 3630 5130 5127 
f 3633 3631 5308 5309 
f 3630 3632 5133 5130 
f 3635 3633 5309 5310 
f 3632 3634 5136 5133 
f 3637 3635 5310 5311 
f 3634 3636 5139 5136 
f 3639 3637 5311 5312 
f 3636 3638 5142 5139 
f 3641 3639 5312 5313 
f 3638 3640 5145 5142 
f 3643 3641 5313 5314 
f 3640 3642 5148 5145 
f 3645 3643 5314 5315 
f 3642 3644 5151 5148 
f 3647 3645 5315 5316 
f 3644 3646 5154 5151 
f 3649 3647 5316 5317 
f 3646 3648 5157 5154 
f 3651 3649 5317 5318 
f 3648 3650 5160 5157 
f 3653 3651 5318 5319 
f 3650 3652 5163 5160 
f 3655 3653 5319 5320 
f 3652 3654 5166 5163 
f 3657 3655 5320 5321 
f 3654 3656 5169 5166 
f 3659 3657 5321 5322 
f 3656 3658 5172 5169 
f 3661 3659 5322 5323 
f 3658 3660 5175 5172 
f 3663 3661 5323 5324 
f 3660 3662 5178 5175 
f 3665 3663 5324 5325 
f 3662 3664 5181 5178 
f 3664 3667 5228 5336 
f 3725 3724 5182 3729 
f 3733 3730 5226 3769 
f 3731 3732 3737 3734 
f 3752 3750 5224 3765 
f 5355 5329 5202 
f 5355 5202 5203 
f 3771 3772 5208 5197 
f 3772 5356 5207 5208 
f 5355 3773 5328 5329 
f 5356 5355 5203 5207 
f 3667 3774 5227 5228 
f 3774 3775 5187 5188 
f 3775 3776 5223 5337 
f 3776 3777 5222 5223 
f 3777 3778 5221 5222 
f 3778 3779 5225 5221 
f 3770 3781 5326 5327 
f 3779 3780 5198 5210 
f 3780 3771 5197 5198 
f 3783 6283 2874 5096 
f 3785 3783 5096 5098 
f 3787 3785 5098 5102 
f 3789 3787 5102 5105 
f 3791 3789 5105 5108 
f 3793 3791 5108 5111 
f 3795 3793 5111 5114 
f 3797 3795 5114 5117 
f 3799 3797 5117 5120 
f 3801 3799 5120 5123 
f 3803 3801 5123 5126 
f 3805 3803 5126 5129 
f 3807 3805 5129 5132 
f 3809 3807 5132 5135 
f 3811 3809 5135 5138 
f 3813 3811 5138 5141 
f 3815 3813 5141 5144 
f 3817 3815 5144 5147 
f 3819 3817 5147 5150 
f 3821 3819 5150 5153 
f 3823 3821 5153 5156 
f 3825 3823 5156 5159 
f 3827 3825 5159 5162 
f 3829 3827 5162 5165 
f 3831 3829 5165 5168 
f 3833 3831 5168 5171 
f 3835 3833 5171 5174 
f 3837 3835 5174 5177 
f 3839 3837 5177 5180 
f 3838 3839 3858 3859 
f 3847 3844 5189 5190 
f 3846 3847 3856 3857 
f 3844 3845 3842 3843 
f 3855 3852 5193 5219 
f 3848 3855 5219 5220 
f 2883 3860 5214 5215 
f 3865 3862 5205 5206 
f 3860 3866 5201 5214 
f 3866 3868 5200 5201 
f 3868 3865 5206 5200 
f 3862 3870 5196 5205 
f 3870 3872 5195 5196 
f 3872 3874 5211 5195 
f 3874 3875 3850 3851 
f 3875 3883 3976 3850 
f 3898 3899 3982 3969 
f 3916 3917 3970 3975 
f 3933 3934 3964 3981 
f 3899 3933 3981 3982 
f 3917 3898 3969 3970 
f 3883 3916 3975 3976 
f 3934 3942 3963 3964 
f 4207 4208 4280 4281 
f 4209 4210 4279 4282 
f 4212 4211 4277 4284 
f 4214 4213 4283 4276 
f 4211 4214 4276 4277 
f 4213 4209 4282 4283 
f 4210 4243 4278 4279 
f 4243 4207 4281 4278 
f 4208 3838 3859 4280 
f 4247 4244 3961 3962 
f 4245 4246 4261 4262 
f 4251 4248 3967 3968 
f 4249 4250 4265 4266 
f 4255 4252 3973 3974 
f 4253 4254 4269 4270 
f 4259 4256 3979 3980 
f 4257 4258 4273 4274 
f 4256 4251 3968 3979 
f 4250 4257 4274 4265 
f 4248 4255 3974 3967 
f 4254 4249 4266 4269 
f 4252 3846 3857 3973 
f 3845 4253 4270 3842 
f 4244 4259 3980 3961 
f 4258 4245 4262 4273 
f 3942 4294 4491 3963 
f 4309 4310 4462 4460 
f 4318 4315 4573 4459 
f 4316 4317 4321 4564 
f 4333 2888 6978 4464 
f 2862 4332 4581 7100 
f 4337 4333 4464 4466 
f 4332 4336 4584 4581 
f 4341 4337 4466 4470 
f 4336 4340 4587 4584 
f 4345 4341 4470 4473 
f 4340 4344 4590 4587 
f 4349 4345 4473 4476 
f 4344 4348 4593 4590 
f 4353 4349 4476 4479 
f 4348 4352 4596 4593 
f 4357 4353 4479 4482 
f 4352 4356 4599 4596 
f 4361 4357 4482 4485 
f 4356 4360 4602 4599 
f 4365 6871 6946 4434 
f 2863 4364 4468 7911 
f 4369 4365 4434 4435 
f 4364 4368 4467 4468 
f 4373 4369 4435 4436 
f 4368 4372 4471 4467 
f 4377 4373 4436 4437 
f 4372 4376 4474 4471 
f 4381 4377 4437 4438 
f 4376 4380 4477 4474 
f 4385 4381 4438 4439 
f 4380 4384 4480 4477 
f 4389 4385 4439 4440 
f 4384 4388 4483 4480 
f 4393 4389 4440 4441 
f 4388 4392 4486 4483 
f 4360 4413 4623 4602 
f 4412 4361 4485 4488 
f 4415 4414 4575 4555 
f 4417 4416 4559 4560 
f 4392 4417 4489 4486 
f 4416 4393 4441 4442 
f 4444 6955 2864 4605 
f 2890 4443 4529 2865 
f 4447 4448 4614 4617 
f 4445 4446 4533 4534 
f 4443 4449 4538 4529 
f 4450 4444 4605 4608 
f 4449 4451 4541 4538 
f 4452 4450 4608 4611 
f 4451 4445 4534 4541 
f 4448 4452 4611 4614 
f 4454 4447 4617 4620 
f 4446 4453 4544 4533 
f 4413 4454 4620 4623 
f 4453 4455 4547 4544 
f 4455 4412 4550 4547 
f 4487 4415 4555 4556 
f 4503 4500 4324 4325 
f 4501 4502 4499 4498 
f 4518 4519 4522 4520 
f 4246 4526 4331 4261 
f 4527 4247 3962 4525 
f 4310 4549 4577 4462 
f 4557 4318 4459 4456 
f 4317 4558 4320 4321 
f 4634 4635 4553 4554 
f 4637 4634 4554 4576 
f 4526 4640 4625 4626 
f 4641 4527 4525 4638 
f 4640 4503 4325 4625 
f 4502 4641 4638 4499 
f 4643 4501 4498 4639 
f 4642 4643 4561 4562 
f 4500 4642 4629 4324 
f 4645 7166 7049 4530 
f 4648 4649 4535 4536 
f 4651 4645 4530 4539 
f 4653 4651 4539 4542 
f 4649 4653 4542 4535 
f 4655 4648 4536 4545 
f 4657 4655 4545 4548 
f 4659 4657 4548 4551 
f 4658 4659 4661 4660 
f 4519 4658 4660 4522 
f 4294 4518 4520 4491 
f 7186 4662 4367 6874 
f 4662 4668 4371 4367 
f 4668 4672 4375 4371 
f 4672 4674 4379 4375 
f 4674 4678 4383 4379 
f 4678 4680 4387 4383 
f 4680 4684 4391 4387 
f 4684 4667 4395 4391 
f 4667 4687 4419 4395 
f 4687 4571 4419 
f 4687 4328 4327 
f 4687 4569 4328 
f 4687 4570 4569 
f 4687 4689 4329 4632 
f 4689 4693 4330 4329 
f 4693 4697 4630 4330 
f 4697 4702 4631 4630 
f 4731 2869 2891 4580 
f 7229 4703 4604 7124 
f 4703 4705 4607 4604 
f 4705 4707 4610 4607 
f 4707 4709 4613 4610 
f 4709 4711 4616 4613 
f 4711 4713 4619 4616 
f 4713 4715 4622 4619 
f 4715 4717 4601 4622 
f 4717 4719 4598 4601 
f 4719 4721 4595 4598 
f 4721 4723 4592 4595 
f 4723 4725 4589 4592 
f 4725 4727 4586 4589 
f 4727 4729 4583 4586 
f 4729 4731 4580 4583 
f 5357 5353 3605 3606 
f 5354 7959 6265 3758 
f 5179 3725 3729 3726 
f 5185 3733 3769 3767 
f 3732 5186 5191 3737 
f 5209 3752 3765 3764 
f 5349 5350 3596 3595 
f 3666 3665 5325 5330 
f 5392 5375 3544 5272 
f 5374 5392 5272 3543 
f 5390 5373 3540 3539 
f 3615 5276 5331 5300 
f 5276 5277 5299 5331 
f 5277 3614 5274 5299 
f 3664 5336 5181 
f 3775 5337 5187 
f 4412 4488 5334 4550 
f 3779 5210 5225 
f 4687 4327 4571 
f 4687 4632 4570 
f 3774 5188 5227 
s 1
f 7913 3377 7914 
f 7915 2913 2922 2919 
f 2882 3011 3012 7276 
f 2909 3133 3134 5755 
f 7913 3163 3164 3377 
s 4
f 2866 3211 3208 7916 
s 1
f 2880 3268 3163 7913 
f 2868 3288 2917 5397 
f 7914 3377 3288 2868 
f 7818 3378 3379 7917 
f 7918 3445 2949 5432 
s 2
f 2873 3534 3535 2908 
f 7919 3891 3888 2910 
f 7919 6419 3918 3891 
f 2910 3888 3902 3903 
f 7911 4468 4334 6842 
s 1
f 7915 2919 3133 2909 
s 2
f 2869 4731 4732 2870 
f 2870 4732 4733 2871 
s 1
f 7474 4937 4810 7341 
f 7456 4920 4812 4813 
s 2
f 2911 5100 3668 6166 
f 2906 5260 6028 
s 1
f 7920 5296 5265 7809 
f 7917 3379 5296 7920 
f 2872 4779 3445 7918 
f 7811 5264 5291 7838 
s 2
f 7908 3608 5100 2911 
s 4
f 3209 5359 5358 3208 
f 3212 5360 5359 3209 
f 3214 5361 5360 3212 
f 3216 5362 5361 3214 
f 3218 5363 5362 3216 
f 3220 5364 5363 3218 
f 3222 5365 5364 3220 
f 3224 5366 5365 3222 
f 3226 5367 5366 3224 
f 3228 5368 5367 3226 
f 3230 5369 5368 3228 
f 3232 5370 5369 3230 
f 3234 5371 5370 3232 
f 3236 5372 5371 3234 
f 5723 7936 5372 3236 
s 1
f 2922 5358 5359 2921 
f 2921 5359 5360 2924 
f 2924 5360 5361 2926 
f 2926 5361 5362 2928 
f 2928 5362 5363 2930 
f 2930 5363 5364 2932 
f 2932 5364 5365 2934 
f 2934 5365 5366 2936 
f 2936 5366 5367 2938 
f 2938 5367 5368 2940 
f 2940 5368 5369 2942 
f 2942 5369 5370 2944 
f 2944 5370 5371 2946 
f 2946 5371 5372 2948 
f 2948 5372 7936 5428 
s 4
f 3208 5358 2912 7916 
s 1
f 2913 2912 5358 2922 
f 5296 3379 5271 
s 2
f 4627 4285 4331 4626 
f 4631 4284 4285 4627 
f 4664 4108 4100 4663 
f 4666 3993 3994 4665 
f 7192 2914 4108 4664 
f 4670 4092 4084 4669 
f 4669 4084 4076 4671 
f 4663 4100 4092 4670 
f 4671 4076 4068 4673 
f 4673 4068 4060 4675 
f 4675 4060 4052 4676 
f 4676 4052 4044 4677 
f 4677 4044 4036 4679 
f 4679 4036 4028 4681 
f 4681 4028 4020 4682 
f 4682 4020 4012 4683 
f 4683 4012 4004 4685 
f 4685 4004 3993 4666 
f 4665 3994 4116 4686 
f 4686 4116 4124 4688 
f 4688 4124 4132 4690 
f 4690 4132 4140 4691 
f 4691 4140 4148 4692 
f 4692 4148 4156 4694 
f 4694 4156 4164 4695 
f 4695 4164 4172 4696 
f 4696 4172 4180 4698 
f 4698 4180 4188 4699 
f 4699 4188 4196 4700 
f 4700 4196 4204 4701 
f 4701 4204 4212 4702 
f 4626 4331 4526 
f 4702 4212 4284 4631 
s 1
f 5000 5001 4999 3436 
s 2
f 3602 3603 3606 3607 
f 3602 5328 5327 3601 
f 3603 5391 5357 3606 
f 5328 3773 3770 5327 
f 5356 3773 5355 
f 3772 3773 5356 
f 3598 3599 3600 3601 
f 3598 5326 5330 3597 
f 3599 5351 5352 3600 
f 5326 3781 3666 5330 
f 3780 3781 3770 3771 
s 1
f 3434 4996 4995 3432 
f 3434 4998 4997 
s 2
f 5373 7965 7967 5374 
f 5375 7969 7971 5376 
f 5376 7971 7973 5377 
f 5377 7973 7975 5338 
f 5338 7975 7977 5378 
f 5378 7977 7979 5339 
f 5339 7979 7981 5379 
f 5379 7981 7983 5340 
f 5340 7983 7985 5380 
f 5380 7985 7987 5341 
f 5341 7987 7989 5342 
f 5342 7989 7991 5381 
f 5381 7991 7993 5382 
f 5382 7993 7995 5343 
f 5343 7995 7997 5344 
f 5344 7997 7999 5383 
f 5383 7999 8001 5345 
f 5345 8001 8003 5384 
f 5384 8003 8005 8119 
f 8005 8007 5385 8119 
f 5385 8007 8009 5346 
f 5346 8009 8011 5386 
f 5386 8011 8013 5347 
f 5347 8013 8015 5387 
f 5387 8015 8017 5348 
f 5348 8017 8019 5349 
f 5388 7961 7963 5389 
f 5389 7963 8021 5390 
f 5350 8023 8025 5351 
f 5352 8027 8029 5391 
f 5353 8031 8033 5354 
f 5357 8035 8031 5353 
f 5354 8033 8037 7959 
f 5349 8019 8023 5350 
f 5392 8039 7969 5375 
f 5374 7967 8039 5392 
f 5390 8021 7965 5373 
f 5391 8029 8035 5357 
f 5351 8025 8027 5352 
s 1
f 4967 4968 7962 7960 
f 6026 7954 3010 3009 
f 2916 7955 3132 3131 
f 2876 5867 3207 
f 7956 5393 3374 3373 
f 7955 7956 3373 3132 
f 5393 2915 3130 3374 
f 7957 7958 3531 3530 
f 7954 7957 3530 3010 
f 4907 4809 4919 4906 
f 7958 5094 3439 3531 
f 5394 5397 5396 5395 
f 5398 5401 5400 5399 
f 5401 5403 5402 5400 
f 5403 5405 5404 5402 
f 5405 5407 5406 5404 
f 5407 5409 5408 5406 
f 5409 5411 5410 5408 
f 5411 5413 5412 5410 
f 5413 5415 5414 5412 
f 5415 5417 5416 5414 
f 5417 5419 5418 5416 
f 5419 5421 5420 5418 
f 5421 5423 5422 5420 
f 5423 5425 5424 5422 
f 5425 5427 5426 5424 
f 5427 2875 5428 5426 
f 5429 5432 5431 5430 
f 5433 5429 5430 5434 
f 5435 5433 5434 5436 
f 5437 5435 5436 5438 
f 5439 5437 5438 5440 
f 5441 5439 5440 5442 
f 5443 5441 5442 5444 
f 5445 5443 5444 5446 
f 5447 5445 5446 5448 
f 5449 5447 5448 5450 
f 5451 5449 5450 5452 
f 5453 5451 5452 5454 
f 5455 5453 5454 5456 
f 5457 5455 5456 5458 
f 5459 5457 5458 5460 
f 5461 5459 5460 5462 
f 5463 5461 5462 5464 
f 5465 5463 5464 5466 
f 5467 5465 5466 5468 
f 5469 5467 5468 5470 
f 5471 5469 5470 5472 
f 5473 5471 5472 5474 
f 5475 5473 5474 5476 
f 5477 5475 5476 5478 
f 5479 5477 5478 5480 
f 5481 5479 5480 5482 
f 5483 5481 5482 5484 
f 5485 5483 5484 5486 
f 5487 5485 5486 5488 
f 5489 5487 5488 5490 
f 5491 5489 5490 5492 
f 5493 5496 5495 5494 
f 5497 5394 5395 5498 
f 5494 5495 5500 5499 
f 5501 5497 5498 5502 
f 5499 5500 5504 5503 
f 5505 5501 5502 5506 
f 5503 5504 5508 5507 
f 5509 5505 5506 5510 
f 5507 5508 5512 5511 
f 5513 5509 5510 5514 
f 5511 5512 5516 5515 
f 5517 5513 5514 5518 
f 5515 5516 5520 5519 
f 5521 5517 5518 5522 
f 5519 5520 5524 5523 
f 5525 5521 5522 5526 
f 5523 5524 5528 5527 
f 5529 5525 5526 5530 
f 5527 5528 5532 5531 
f 5533 5529 5530 5534 
f 5531 5532 5536 5535 
f 5537 5533 5534 5538 
f 5535 5536 5540 5539 
f 5541 5537 5538 5542 
f 5539 5540 5544 5543 
f 5545 5541 5542 5546 
f 5543 5544 5548 5547 
f 5549 5545 5546 5550 
f 5547 5548 5552 5551 
f 5553 5549 5550 5554 
f 5551 5552 5556 5555 
f 5557 5553 5554 5558 
f 5555 5556 5560 5559 
f 5561 5557 5558 5562 
f 5559 5560 5564 5563 
f 5565 5561 5562 5566 
f 5563 5564 5568 5567 
f 5569 5565 5566 5570 
f 5567 5568 5572 5571 
f 5573 5569 5570 5574 
f 5571 5572 5576 5575 
f 5577 5573 5574 5578 
f 5575 5576 5580 5579 
f 5581 5577 5578 5582 
f 5579 5580 5584 5583 
f 5585 5581 5582 5586 
f 5583 5584 5588 5587 
f 5589 5585 5586 5590 
f 5587 5588 5592 5591 
f 5593 5589 5590 5594 
f 5591 5592 5596 5595 
f 5597 5593 5594 5598 
f 5595 5596 5600 5599 
f 5601 5597 5598 5602 
f 5599 5600 5604 5603 
f 5605 5601 5602 5606 
f 5603 5604 5608 5607 
f 5609 5605 5606 5610 
f 5607 5608 5612 5611 
f 5613 5609 5610 5614 
f 5611 5612 5615 2915 
f 5616 5619 5618 5617 
f 5617 5618 5621 5620 
f 5620 5621 5623 5622 
f 5622 5623 5625 5624 
f 5624 5625 5627 5626 
f 5626 5627 5629 5628 
f 5628 5629 5631 5630 
f 5630 5631 5633 5632 
f 5632 5633 5635 5634 
f 5634 5635 5637 5636 
f 5636 5637 5639 5638 
f 5638 5639 5641 5640 
f 5640 5641 5643 5642 
f 5642 5643 5645 5644 
f 5644 5645 5647 5646 
f 5648 5651 5650 5649 
f 5649 5650 5652 
f 5649 5652 5653 
f 5649 5653 5655 5654 
f 5654 5655 5657 5656 
f 5656 5657 5658 
f 5656 5658 5659 
f 5656 5659 5661 5660 
f 5660 5661 5663 5662 
f 5662 5663 5664 
f 5662 5664 5665 
f 5662 5665 5667 5666 
f 5666 5667 5669 5668 
f 5668 5669 5670 
f 5668 5670 5671 
f 5668 5671 5673 5672 
f 5672 5673 5675 5674 
f 5674 5675 5676 
f 5674 5676 5677 
f 5674 5677 5679 5678 
f 5678 5679 5681 5680 
f 5680 5681 5682 
f 5680 5682 5683 
f 5680 5683 5685 5684 
f 5684 5685 5687 5686 
f 5686 5687 5688 
f 5686 5688 5689 
f 5686 5689 5691 5690 
f 5690 5691 5692 2876 
s 4
f 5693 5696 5695 5694 
f 5696 5698 5697 5695 
f 5698 5700 5699 5697 
f 5700 5702 5701 5699 
f 5702 5704 5703 5701 
f 5704 5706 5705 5703 
f 5706 5708 5707 5705 
f 5708 5710 5709 5707 
f 5710 5712 5711 5709 
f 5712 5714 5713 5711 
f 5714 5716 5715 5713 
f 5716 5718 5717 5715 
f 5718 5720 5719 5717 
f 5720 5722 5721 5719 
f 5722 5723 2877 5721 
s 1
f 5724 2878 2867 5725 
f 5726 5724 5725 5727 
f 5728 5726 5727 5729 
f 5730 5728 5729 5731 
f 5732 5730 5731 5733 
f 5734 5732 5733 5735 
f 5736 5734 5735 5737 
f 5738 5736 5737 5739 
f 5740 5738 5739 5741 
f 5742 5740 5741 5743 
f 5744 5742 5743 5745 
f 5746 5744 5745 5747 
f 5748 5746 5747 5749 
f 5750 5748 5749 5751 
f 5752 5750 5751 5753 
f 5754 5752 5753 2879 
f 5619 5755 2878 5724 
f 5618 5619 5724 5726 
f 5621 5618 5726 5728 
f 5623 5621 5728 5730 
f 5625 5623 5730 5732 
f 5627 5625 5732 5734 
f 5629 5627 5734 5736 
f 5631 5629 5736 5738 
f 5633 5631 5738 5740 
f 5635 5633 5740 5742 
f 5637 5635 5742 5744 
f 5639 5637 5744 5746 
f 5641 5639 5746 5748 
f 5643 5641 5748 5750 
f 5645 5643 5750 5752 
f 5647 5645 5752 5754 
f 5725 2867 2880 5756 
f 5727 5725 5756 5757 
f 5729 5727 5757 5758 
f 5731 5729 5758 5759 
f 5733 5731 5759 5760 
f 5735 5733 5760 5761 
f 5737 5735 5761 5762 
f 5739 5737 5762 5763 
f 5741 5739 5763 5764 
f 5743 5741 5764 5765 
f 5745 5743 5765 5766 
f 5747 5745 5766 5767 
f 5749 5747 5767 5768 
f 5751 5749 5768 5769 
f 5753 5751 5769 5770 
f 2879 5753 5770 5771 
f 5649 5757 5756 5648 
f 5649 5654 5758 5757 
f 5656 5759 5758 5654 
f 5656 5660 5760 5759 
f 5662 5761 5760 5660 
f 5662 5666 5762 5761 
f 5668 5763 5762 5666 
f 5668 5672 5764 5763 
f 5674 5765 5764 5672 
f 5674 5678 5766 5765 
f 5680 5767 5766 5678 
f 5680 5684 5768 5767 
f 5686 5769 5768 5684 
f 5686 5690 5770 5769 
f 2876 5771 5770 5690 
f 5772 2881 5774 5773 
f 5395 5396 2881 5772 
f 5775 5772 5773 5776 
f 5498 5395 5772 5775 
f 5394 5497 5778 5777 
f 5779 5775 5776 5780 
f 5502 5498 5775 5779 
f 5497 5501 5781 5778 
f 5782 5779 5780 5783 
f 5506 5502 5779 5782 
f 5501 5505 5784 5781 
f 5785 5782 5783 5786 
f 5510 5506 5782 5785 
f 5505 5509 5787 5784 
f 5788 5785 5786 5789 
f 5514 5510 5785 5788 
f 5509 5513 5790 5787 
f 5791 5788 5789 5792 
f 5518 5514 5788 5791 
f 5513 5517 5793 5790 
f 5794 5791 5792 5795 
f 5522 5518 5791 5794 
f 5517 5521 5796 5793 
f 5797 5794 5795 5798 
f 5526 5522 5794 5797 
f 5521 5525 5799 5796 
f 5800 5797 5798 5801 
f 5530 5526 5797 5800 
f 5525 5529 5802 5799 
f 5803 5800 5801 5804 
f 5534 5530 5800 5803 
f 5529 5533 5805 5802 
f 5806 5803 5804 5807 
f 5538 5534 5803 5806 
f 5533 5537 5808 5805 
f 5809 5806 5807 5810 
f 5542 5538 5806 5809 
f 5537 5541 5811 5808 
f 5812 5809 5810 5813 
f 5546 5542 5809 5812 
f 5541 5545 5814 5811 
f 5815 5812 5813 5816 
f 5550 5546 5812 5815 
f 5545 5549 5817 5814 
f 5818 5815 5816 5819 
f 5554 5550 5815 5818 
f 5549 5553 5820 5817 
f 5821 5818 5819 5822 
f 5558 5554 5818 5821 
f 5553 5557 5823 5820 
f 5824 5821 5822 5825 
f 5562 5558 5821 5824 
f 5557 5561 5826 5823 
f 5827 5824 5825 5828 
f 5566 5562 5824 5827 
f 5561 5565 5829 5826 
f 5830 5827 5828 5831 
f 5570 5566 5827 5830 
f 5565 5569 5832 5829 
f 5833 5830 5831 5834 
f 5574 5570 5830 5833 
f 5569 5573 5835 5832 
f 5836 5833 5834 5837 
f 5578 5574 5833 5836 
f 5573 5577 5838 5835 
f 5839 5836 5837 5840 
f 5582 5578 5836 5839 
f 5577 5581 5841 5838 
f 5842 5839 5840 5843 
f 5586 5582 5839 5842 
f 5581 5585 5844 5841 
f 5845 5842 5843 5846 
f 5590 5586 5842 5845 
f 5585 5589 5847 5844 
f 5848 5845 5846 5849 
f 5594 5590 5845 5848 
f 5589 5593 5850 5847 
f 5851 5848 5849 5852 
f 5598 5594 5848 5851 
f 5593 5597 5853 5850 
f 5854 5851 5852 5855 
f 5602 5598 5851 5854 
f 5597 5601 5856 5853 
f 5857 5854 5855 5858 
f 5606 5602 5854 5857 
f 5601 5605 5859 5856 
f 5860 5857 5858 5861 
f 5610 5606 5857 5860 
f 5605 5609 5862 5859 
f 5863 5860 5861 5864 
f 5614 5610 5860 5863 
f 5609 5613 5865 5862 
f 5613 2916 3376 5865 
f 5493 5773 5774 2882 
f 5494 5776 5773 5493 
f 5499 5780 5776 5494 
f 5503 5783 5780 5499 
f 5507 5786 5783 5503 
f 5511 5789 5786 5507 
f 5515 5792 5789 5511 
f 5519 5795 5792 5515 
f 5523 5798 5795 5519 
f 5527 5801 5798 5523 
f 5531 5804 5801 5527 
f 5535 5807 5804 5531 
f 5539 5810 5807 5535 
f 5543 5813 5810 5539 
f 5547 5816 5813 5543 
f 5551 5819 5816 5547 
f 5555 5822 5819 5551 
f 5559 5825 5822 5555 
f 5563 5828 5825 5559 
f 5567 5831 5828 5563 
f 5571 5834 5831 5567 
f 5575 5837 5834 5571 
f 5579 5840 5837 5575 
f 5583 5843 5840 5579 
f 5587 5846 5843 5583 
f 5591 5849 5846 5587 
f 5595 5852 5849 5591 
f 5599 5855 5852 5595 
f 5603 5858 5855 5599 
f 5607 5861 5858 5603 
f 5611 5864 5861 5607 
f 5866 5777 5778 5651 
f 5651 5778 5781 5650 
f 5650 5781 5784 5652 
f 5652 5784 5787 5653 
f 5653 5787 5790 5655 
f 5655 5790 5793 5657 
f 5657 5793 5796 5658 
f 5658 5796 5799 5659 
f 5659 5799 5802 5661 
f 5661 5802 5805 5663 
f 5663 5805 5808 5664 
f 5664 5808 5811 5665 
f 5665 5811 5814 5667 
f 5667 5814 5817 5669 
f 5669 5817 5820 5670 
f 5670 5820 5823 5671 
f 5671 5823 5826 5673 
f 5673 5826 5829 5675 
f 5675 5829 5832 5676 
f 5676 5832 5835 5677 
f 5677 5835 5838 5679 
f 5679 5838 5841 5681 
f 5681 5841 5844 5682 
f 5682 5844 5847 5683 
f 5683 5847 5850 5685 
f 5685 5850 5853 5687 
f 5687 5853 5856 5688 
f 5688 5856 5859 5689 
f 5689 5859 5862 5691 
f 5691 5862 5865 5692 
f 5692 5865 3376 5867 
f 5868 5871 5870 5869 
f 5869 5870 5873 5872 
f 5872 5873 5875 5874 
f 5874 5875 5877 5876 
f 5876 5877 5879 5878 
f 5878 5879 5881 5880 
f 5880 5881 5883 5882 
f 5882 5883 5885 5884 
f 5884 5885 5887 5886 
f 5886 5887 5889 5888 
f 5888 5889 5891 5890 
f 5890 5891 5893 5892 
f 5892 5893 5895 5894 
f 5894 5895 5897 5896 
f 5896 5897 5899 5898 
f 5898 5899 5901 5900 
f 5900 5901 5903 5902 
f 5902 5903 5905 5904 
f 5904 5905 5907 5906 
f 5906 5907 5909 5908 
f 5908 5909 5911 5910 
f 5910 5911 5913 5912 
f 5912 5913 5915 5914 
f 5914 5915 5917 5916 
f 5916 5917 5919 5918 
f 5918 5919 5921 5920 
f 5920 5921 5923 5922 
f 5922 5923 5925 5924 
f 5924 5925 5927 5926 
f 5926 5927 5929 5928 
f 5930 5933 5932 5931 
f 5430 5431 5933 5930 
f 5934 5930 5931 5935 
f 5434 5430 5930 5934 
f 5429 5433 5937 5936 
f 5938 5934 5935 5939 
f 5436 5434 5934 5938 
f 5433 5435 5940 5937 
f 5941 5938 5939 5942 
f 5438 5436 5938 5941 
f 5435 5437 5943 5940 
f 5944 5941 5942 5945 
f 5440 5438 5941 5944 
f 5437 5439 5946 5943 
f 5947 5944 5945 5948 
f 5442 5440 5944 5947 
f 5439 5441 5949 5946 
f 5950 5947 5948 5951 
f 5444 5442 5947 5950 
f 5441 5443 5952 5949 
f 5953 5950 5951 5954 
f 5446 5444 5950 5953 
f 5443 5445 5955 5952 
f 5956 5953 5954 5957 
f 5448 5446 5953 5956 
f 5445 5447 5958 5955 
f 5959 5956 5957 5960 
f 5450 5448 5956 5959 
f 5447 5449 5961 5958 
f 5962 5959 5960 5963 
f 5452 5450 5959 5962 
f 5449 5451 5964 5961 
f 5965 5962 5963 5966 
f 5454 5452 5962 5965 
f 5451 5453 5967 5964 
f 5968 5965 5966 5969 
f 5456 5454 5965 5968 
f 5453 5455 5970 5967 
f 5971 5968 5969 5972 
f 5458 5456 5968 5971 
f 5455 5457 5973 5970 
f 5974 5971 5972 5975 
f 5460 5458 5971 5974 
f 5457 5459 5976 5973 
f 5977 5974 5975 5978 
f 5462 5460 5974 5977 
f 5459 5461 5979 5976 
f 5980 5977 5978 5981 
f 5464 5462 5977 5980 
f 5461 5463 5982 5979 
f 5983 5980 5981 5984 
f 5466 5464 5980 5983 
f 5463 5465 5985 5982 
f 5986 5983 5984 5987 
f 5468 5466 5983 5986 
f 5465 5467 5988 5985 
f 5989 5986 5987 5990 
f 5470 5468 5986 5989 
f 5467 5469 5991 5988 
f 5992 5989 5990 5993 
f 5472 5470 5989 5992 
f 5469 5471 5994 5991 
f 5995 5992 5993 5996 
f 5474 5472 5992 5995 
f 5471 5473 5997 5994 
f 5998 5995 5996 5999 
f 5476 5474 5995 5998 
f 5473 5475 6000 5997 
f 6001 5998 5999 6002 
f 5478 5476 5998 6001 
f 5475 5477 6003 6000 
f 6004 6001 6002 6005 
f 5480 5478 6001 6004 
f 5477 5479 6006 6003 
f 6007 6004 6005 6008 
f 5482 5480 6004 6007 
f 5479 5481 6009 6006 
f 6010 6007 6008 6011 
f 5484 5482 6007 6010 
f 5481 5483 6012 6009 
f 6013 6010 6011 6014 
f 5486 5484 6010 6013 
f 5483 5485 6015 6012 
f 6016 6013 6014 6017 
f 5488 5486 6013 6016 
f 5485 5487 6018 6015 
f 6019 6016 6017 6020 
f 5490 5488 6016 6019 
f 5487 5489 6021 6018 
f 6022 6019 6020 6023 
f 5492 5490 6019 6022 
f 5489 5491 6024 6021 
f 5491 6026 6025 6024 
s 2
f 6029 6032 6031 6030 
f 6030 6031 6034 6033 
f 6035 6038 6037 6036 
f 6039 6042 6041 6040 
f 6040 6041 6044 6043 
f 6043 6044 6046 6045 
f 6045 6046 6048 6047 
f 6047 6048 6050 6049 
f 6049 6050 6052 6051 
f 6051 6052 6054 6053 
f 6053 6054 6056 6055 
f 6055 6056 6058 6057 
f 6057 6058 6060 6059 
f 6059 6060 6062 6061 
f 6061 6062 6064 6063 
f 6063 6064 6066 6065 
f 6065 6066 6068 6067 
f 6067 6068 6070 6069 
f 6069 6070 6072 6071 
f 6071 6072 6074 6073 
f 6073 6074 6076 6075 
f 6075 6076 6078 6077 
f 6077 6078 6080 6079 
f 6079 6080 6082 6081 
f 6081 6082 6084 6083 
f 6083 6084 6086 6085 
f 6085 6086 6088 6087 
f 6087 6088 6090 6089 
f 6091 6094 6093 6092 
f 6095 6098 6097 6096 
f 6099 6102 6101 6100 
f 6103 6105 6104 
f 6104 6105 6107 6106 
f 6106 6107 6109 6108 
f 6110 6109 6112 6111 
f 6111 6112 6114 6113 
f 6113 6114 6116 6115 
f 6115 6116 6118 6117 
f 6117 6118 6120 6119 
f 6119 6120 6122 6121 
f 6121 6122 6124 6123 
f 6123 6124 6126 6125 
f 6125 6126 6128 6127 
f 6127 6128 6130 6129 
f 6129 6130 6132 6131 
f 6131 6132 6134 6133 
f 6133 6134 6136 6135 
f 6135 6136 6138 6137 
f 6137 6138 6140 6139 
f 6139 6140 6142 6141 
f 6141 6142 6144 6143 
f 6143 6144 6146 6145 
f 6145 6146 6148 6147 
f 6147 6148 6150 6149 
f 6149 6150 6152 6151 
f 6151 6152 6154 6153 
f 6153 6154 6156 6155 
f 6155 6156 6158 6157 
f 6157 6158 6160 6159 
f 6161 6160 6162 
f 6163 6166 6165 6164 
f 6167 6163 6164 6168 
f 6169 6167 6168 6170 
f 6171 6169 6170 6172 
f 6173 6171 6172 6174 
f 6175 6173 6174 6176 
f 6177 6175 6176 6178 
f 6179 6177 6178 6180 
f 6181 6179 6180 6182 
f 6183 6181 6182 6184 
f 6185 6183 6184 6186 
f 6187 6185 6186 6188 
f 6189 6187 6188 6190 
f 6191 6189 6190 6192 
f 6193 6191 6192 6194 
f 6195 6193 6194 6196 
f 6197 6195 6196 6198 
f 6199 6197 6198 6200 
f 6201 6199 6200 6202 
f 6203 6201 6202 6204 
f 6205 6203 6204 6206 
f 6207 6205 6206 6208 
f 6209 6207 6208 6210 
f 6211 6209 6210 6212 
f 6213 6211 6212 6214 
f 6215 6213 6214 6216 
f 6217 6215 6216 6218 
f 6219 6217 6218 6220 
f 6221 6219 6220 6222 
f 6223 6226 6225 6224 
f 6227 6230 6229 6228 
f 6231 6234 6233 6232 
f 6235 6238 6237 6236 
f 6239 6242 6241 6240 
f 6243 6246 6245 6244 
f 6246 6235 6236 6245 
f 6247 6249 6237 6248 
f 6250 6253 6252 6251 
f 6253 6239 6240 6252 
f 6254 6255 6241 6244 
f 6102 6099 6257 6256 
f 6258 6261 6260 6259 
f 6261 6262 6233 6260 
f 6263 6258 6259 6264 
f 6256 6257 3766 6265 
f 6266 6268 6225 6267 
f 6269 6272 6271 6270 
f 6161 6162 6273 
f 6161 6273 6274 
f 6161 6274 6275 
f 6161 6275 6276 
f 6161 6276 6277 
f 6161 6277 6278 
f 6161 6278 6280 6279 
f 6281 6284 6283 6282 
f 6285 6286 6284 6281 
f 6287 6288 6286 6285 
f 6289 6290 6288 6287 
f 6291 6292 6290 6289 
f 6293 6294 6292 6291 
f 6295 6296 6294 6293 
f 6297 6298 6296 6295 
f 6299 6300 6298 6297 
f 6301 6302 6300 6299 
f 6303 6304 6302 6301 
f 6305 6306 6304 6303 
f 6307 6308 6306 6305 
f 6309 6310 6308 6307 
f 6311 6312 6310 6309 
f 6313 6314 6312 6311 
f 6315 6316 6314 6313 
f 6317 6318 6316 6315 
f 6319 6320 6318 6317 
f 6321 6322 6320 6319 
f 6323 6324 6322 6321 
f 6325 6326 6324 6323 
f 6327 6328 6326 6325 
f 6329 6330 6328 6327 
f 6331 6332 6330 6329 
f 6333 6334 6332 6331 
f 6335 6336 6334 6333 
f 6337 6338 6336 6335 
f 6339 6340 6338 6337 
f 6341 6344 6343 6342 
f 6345 6348 6347 6346 
f 6349 6352 6351 6350 
f 6353 6356 6355 6354 
f 6353 6358 6357 6356 
f 6354 6355 6352 6349 
f 6341 6360 6359 6344 
f 6361 6363 6362 2883 
f 6364 6367 6366 6365 
f 6368 6369 6363 6361 
f 6370 6371 6369 6368 
f 6365 6366 6371 6370 
f 6372 6373 6367 6364 
f 6374 6375 6373 6372 
f 6376 6377 6375 6374 
f 6363 6379 6378 6362 
f 6367 6381 6380 6366 
f 6369 6382 6379 6363 
f 6371 6383 6382 6369 
f 6366 6380 6383 6371 
f 6373 6384 6381 6367 
f 6375 6385 6384 6373 
f 6377 6386 6385 6375 
f 6387 6390 6389 6388 
f 6391 6394 6393 6392 
f 6394 6396 6395 6393 
f 6396 6387 6388 6395 
f 6390 6398 6397 6389 
f 6398 6400 6399 6397 
f 6400 6402 6401 6399 
f 3900 6404 6403 3903 
f 6405 6408 6407 6406 
f 6404 6410 6409 6403 
f 6410 6412 6411 6409 
f 6412 6405 6406 6411 
f 6408 6414 6413 6407 
f 6414 6416 6415 6413 
f 6416 6418 6417 6415 
f 6419 6421 6420 3920 
f 6422 6425 6424 6423 
f 6421 6427 6426 6420 
f 6427 6429 6428 6426 
f 6429 6422 6423 6428 
f 6425 6431 6430 6424 
f 6431 6433 6432 6430 
f 6433 6435 6434 6432 
f 6388 6389 6425 6422 
f 6392 6393 6427 6421 
f 6393 6395 6429 6427 
f 6395 6388 6422 6429 
f 6389 6397 6431 6425 
f 6397 6399 6433 6431 
f 6399 6401 6435 6433 
f 6406 6407 6390 6387 
f 6403 6409 6394 6391 
f 6409 6411 6396 6394 
f 6411 6406 6387 6396 
f 6407 6413 6398 6390 
f 6413 6415 6400 6398 
f 6415 6417 6402 6400 
f 6378 6379 6404 3900 
f 6380 6381 6408 6405 
f 6379 6382 6410 6404 
f 6382 6383 6412 6410 
f 6383 6380 6405 6412 
f 6381 6384 6414 6408 
f 6384 6385 6416 6414 
f 6385 6386 6418 6416 
f 3920 6420 6437 6436 
f 6423 6424 6439 6438 
f 6420 6426 6440 6437 
f 6426 6428 6441 6440 
f 6428 6423 6438 6441 
f 6424 6430 6442 6439 
f 6430 6432 6443 6442 
f 6432 6434 6444 6443 
f 6445 6448 6447 6446 
f 6449 6452 6451 6450 
f 6453 6456 6455 6454 
f 6457 6460 6459 6458 
f 6460 6449 6450 6459 
f 6452 6453 6454 6451 
f 6456 6352 6355 6455 
f 6448 6457 6458 6447 
f 6461 6464 6463 6462 
f 6446 6447 6464 6461 
f 6448 6445 6466 6465 
f 6467 6470 6469 6468 
f 6450 6451 6470 6467 
f 6452 6449 6472 6471 
f 6473 6476 6475 6474 
f 6454 6455 6476 6473 
f 6456 6453 6478 6477 
f 6479 6482 6481 6480 
f 6458 6459 6482 6479 
f 6460 6457 6484 6483 
f 6482 6467 6468 6481 
f 6459 6450 6467 6482 
f 6449 6460 6483 6472 
f 6470 6473 6474 6469 
f 6451 6454 6473 6470 
f 6453 6452 6471 6478 
f 6476 6356 6357 6475 
f 6455 6355 6356 6476 
f 6352 6456 6477 6351 
f 6464 6479 6480 6463 
f 6447 6458 6479 6464 
f 6457 6448 6465 6484 
f 6485 6488 6487 6486 
f 6489 6492 6491 6490 
f 6493 6496 6495 6494 
f 6497 6500 6499 6498 
f 6501 6485 6486 6502 
f 6503 6489 6490 6504 
f 6496 6506 6505 6495 
f 6500 6508 6507 6499 
f 6509 6501 6502 6510 
f 6511 6503 6504 6512 
f 6506 6514 6513 6505 
f 6508 6516 6515 6507 
f 6517 6509 6510 6518 
f 6519 6511 6512 6520 
f 6514 6522 6521 6513 
f 6516 6524 6523 6515 
f 6525 6517 6518 6526 
f 6527 6519 6520 6528 
f 6522 6530 6529 6521 
f 6524 6532 6531 6523 
f 6533 6525 6526 6534 
f 6535 6527 6528 6536 
f 6530 6538 6537 6529 
f 6532 6540 6539 6531 
f 6541 6533 6534 6542 
f 6543 6535 6536 6544 
f 6538 6546 6545 6537 
f 6540 6548 6547 6539 
f 6549 6541 6542 6550 
f 6551 6543 6544 6552 
f 6546 6554 6553 6545 
f 6548 6556 6555 6547 
f 6557 6549 6550 6558 
f 6559 6551 6552 6560 
f 6554 6562 6561 6553 
f 6556 6564 6563 6555 
f 6565 6557 6558 6566 
f 6567 6559 6560 6568 
f 6562 6570 6569 6561 
f 6564 6572 6571 6563 
f 6573 6565 6566 6574 
f 6575 6567 6568 6576 
f 6570 6578 6577 6569 
f 6572 6580 6579 6571 
f 6581 6573 6574 6582 
f 6583 6575 6576 6584 
f 6578 6586 6585 6577 
f 6580 6588 6587 6579 
f 6589 6581 6582 6590 
f 6591 6583 6584 6592 
f 6586 6594 6593 6585 
f 6588 6596 6595 6587 
f 6597 6589 6590 6598 
f 6599 6591 6592 6600 
f 6594 6602 6601 6593 
f 6596 6604 6603 6595 
f 6605 6597 6598 6606 
f 6607 6599 6600 6608 
f 6602 6610 6609 6601 
f 6604 6612 6611 6603 
f 2884 6605 6606 6613 
f 2885 6607 6608 2886 
f 6610 6614 2914 6609 
f 6612 6616 6615 6611 
f 6488 6618 6617 6487 
f 6492 6620 6619 6491 
f 6621 6493 6494 6622 
f 6623 6497 6498 6624 
f 6618 6626 6625 6617 
f 6620 6628 6627 6619 
f 6629 6621 6622 6630 
f 6631 6623 6624 6632 
f 6626 6634 6633 6625 
f 6628 6636 6635 6627 
f 6637 6629 6630 6638 
f 6639 6631 6632 6640 
f 6634 6642 6641 6633 
f 6636 6644 6643 6635 
f 6645 6637 6638 6646 
f 6647 6639 6640 6648 
f 6642 6650 6649 6641 
f 6644 6652 6651 6643 
f 6653 6645 6646 6654 
f 6655 6647 6648 6656 
f 6650 6658 6657 6649 
f 6652 6660 6659 6651 
f 6661 6653 6654 6662 
f 6663 6655 6656 6664 
f 6658 6666 6665 6657 
f 6660 6668 6667 6659 
f 6669 6661 6662 6670 
f 6671 6663 6664 6672 
f 6666 6674 6673 6665 
f 6668 6676 6675 6667 
f 6677 6669 6670 6678 
f 6679 6671 6672 6680 
f 6674 6682 6681 6673 
f 6676 6684 6683 6675 
f 6685 6677 6678 6686 
f 6687 6679 6680 6688 
f 6682 6690 6689 6681 
f 6684 6692 6691 6683 
f 6693 6685 6686 6694 
f 6695 6687 6688 6696 
f 6690 6698 6697 6689 
f 6692 6700 6699 6691 
f 6701 6693 6694 6702 
f 6703 6695 6696 6704 
f 6698 6706 6705 6697 
f 6700 6708 6707 6699 
f 6709 6701 6702 6710 
f 6711 6703 6704 6712 
f 6706 6714 6713 6705 
f 6708 6716 6715 6707 
f 6717 6709 6710 6718 
f 6719 6711 6712 6720 
f 6498 6499 6496 6493 
f 6499 6507 6506 6496 
f 6507 6515 6514 6506 
f 6515 6523 6522 6514 
f 6523 6531 6530 6522 
f 6531 6539 6538 6530 
f 6539 6547 6546 6538 
f 6547 6555 6554 6546 
f 6555 6563 6562 6554 
f 6563 6571 6570 6562 
f 6571 6579 6578 6570 
f 6579 6587 6586 6578 
f 6587 6595 6594 6586 
f 6595 6603 6602 6594 
f 6603 6611 6610 6602 
f 6611 6615 6614 6610 
f 6624 6498 6493 6621 
f 6632 6624 6621 6629 
f 6640 6632 6629 6637 
f 6648 6640 6637 6645 
f 6656 6648 6645 6653 
f 6664 6656 6653 6661 
f 6672 6664 6661 6669 
f 6680 6672 6669 6677 
f 6688 6680 6677 6685 
f 6696 6688 6685 6693 
f 6704 6696 6693 6701 
f 6712 6704 6701 6709 
f 6720 6712 6709 6717 
f 6500 6497 6492 6489 
f 6508 6500 6489 6503 
f 6516 6508 6503 6511 
f 6524 6516 6511 6519 
f 6532 6524 6519 6527 
f 6540 6532 6527 6535 
f 6548 6540 6535 6543 
f 6556 6548 6543 6551 
f 6564 6556 6551 6559 
f 6572 6564 6559 6567 
f 6580 6572 6567 6575 
f 6588 6580 6575 6583 
f 6596 6588 6583 6591 
f 6604 6596 6591 6599 
f 6612 6604 6599 6607 
f 6616 6612 6607 2885 
f 6497 6623 6620 6492 
f 6623 6631 6628 6620 
f 6631 6639 6636 6628 
f 6639 6647 6644 6636 
f 6647 6655 6652 6644 
f 6655 6663 6660 6652 
f 6663 6671 6668 6660 
f 6671 6679 6676 6668 
f 6679 6687 6684 6676 
f 6687 6695 6692 6684 
f 6695 6703 6700 6692 
f 6703 6711 6708 6700 
f 6711 6719 6716 6708 
f 6490 6491 6722 6721 
f 6504 6490 6721 6723 
f 6512 6504 6723 6724 
f 6520 6512 6724 6725 
f 6528 6520 6725 6726 
f 6536 6528 6726 6727 
f 6544 6536 6727 6728 
f 6552 6544 6728 6729 
f 6560 6552 6729 6730 
f 6568 6560 6730 6731 
f 6576 6568 6731 6732 
f 6584 6576 6732 6733 
f 6592 6584 6733 6734 
f 6600 6592 6734 6735 
f 6608 6600 6735 6736 
f 2886 6608 6736 2887 
f 6491 6619 6737 6722 
f 6619 6627 6738 6737 
f 6627 6635 6739 6738 
f 6635 6643 6740 6739 
f 6643 6651 6741 6740 
f 6651 6659 6742 6741 
f 6659 6667 6743 6742 
f 6667 6675 6744 6743 
f 6675 6683 6745 6744 
f 6683 6691 6746 6745 
f 6691 6699 6747 6746 
f 6699 6707 6748 6747 
f 6707 6715 6749 6748 
f 6721 6722 6488 6485 
f 6723 6721 6485 6501 
f 6724 6723 6501 6509 
f 6725 6724 6509 6517 
f 6726 6725 6517 6525 
f 6727 6726 6525 6533 
f 6728 6727 6533 6541 
f 6729 6728 6541 6549 
f 6730 6729 6549 6557 
f 6731 6730 6557 6565 
f 6732 6731 6565 6573 
f 6733 6732 6573 6581 
f 6734 6733 6581 6589 
f 6735 6734 6589 6597 
f 6736 6735 6597 6605 
f 2887 6736 6605 2884 
f 6722 6737 6618 6488 
f 6737 6738 6626 6618 
f 6738 6739 6634 6626 
f 6739 6740 6642 6634 
f 6740 6741 6650 6642 
f 6741 6742 6658 6650 
f 6742 6743 6666 6658 
f 6743 6744 6674 6666 
f 6744 6745 6682 6674 
f 6745 6746 6690 6682 
f 6746 6747 6698 6690 
f 6747 6748 6706 6698 
f 6748 6749 6714 6706 
f 6486 6487 6313 6311 
f 6502 6486 6311 6309 
f 6510 6502 6309 6307 
f 6518 6510 6307 6305 
f 6526 6518 6305 6303 
f 6534 6526 6303 6301 
f 6542 6534 6301 6299 
f 6550 6542 6299 6297 
f 6558 6550 6297 6295 
f 6566 6558 6295 6293 
f 6574 6566 6293 6291 
f 6582 6574 6291 6289 
f 6590 6582 6289 6287 
f 6598 6590 6287 6285 
f 6606 6598 6285 6281 
f 6613 6606 6281 6282 
f 6487 6617 6315 6313 
f 6617 6625 6317 6315 
f 6625 6633 6319 6317 
f 6633 6641 6321 6319 
f 6641 6649 6323 6321 
f 6649 6657 6325 6323 
f 6657 6665 6327 6325 
f 6665 6673 6329 6327 
f 6673 6681 6331 6329 
f 6681 6689 6333 6331 
f 6689 6697 6335 6333 
f 6697 6705 6337 6335 
f 6705 6713 6339 6337 
f 6750 6753 6752 6751 
f 6754 6757 6756 6755 
f 6758 6761 6760 6759 
f 6762 6765 6764 6763 
f 6755 6756 6765 6762 
f 6759 6760 6757 6754 
f 6347 6348 6761 6758 
f 6763 6764 6753 6750 
f 6766 6769 6768 6767 
f 6770 6773 6772 6771 
f 6774 6777 6776 6775 
f 6778 6781 6780 6779 
f 6779 6780 6773 6770 
f 6771 6772 6777 6774 
f 6775 6776 6343 6344 
f 6767 6768 6781 6778 
f 6766 6767 6783 6782 
f 6770 6771 6785 6784 
f 6774 6775 6787 6786 
f 6778 6779 6789 6788 
f 6779 6770 6784 6789 
f 6771 6774 6786 6785 
f 6775 6344 6359 6787 
f 6767 6778 6788 6783 
f 6766 6782 6791 6790 
f 6437 6792 4287 6436 
f 6439 6794 6793 6438 
f 6440 6795 6792 6437 
f 6441 6796 6795 6440 
f 6438 6793 6796 6441 
f 6442 6797 6794 6439 
f 6443 6798 6797 6442 
f 6444 6799 6798 6443 
f 2857 6802 6801 6800 
f 6803 6806 6805 6804 
f 6802 6808 6807 6801 
f 6808 6810 6809 6807 
f 6810 6803 6804 6809 
f 6806 6812 6811 6805 
f 6812 6814 6813 6811 
f 6814 6816 6815 6813 
f 6817 6820 6819 6818 
f 6821 6824 6823 6822 
f 6825 6828 6827 6826 
f 6829 6832 6831 6830 
f 6833 6825 6826 6834 
f 6835 6829 6830 6836 
f 6766 6790 6837 6769 
f 2888 2862 6839 6838 
f 6840 6842 2889 6841 
f 6838 6839 6844 6843 
f 6845 6840 6841 6846 
f 6843 6844 6848 6847 
f 6849 6845 6846 6850 
f 6847 6848 6852 6851 
f 6853 6849 6850 6854 
f 6851 6852 6856 6855 
f 6857 6853 6854 6858 
f 6855 6856 6860 6859 
f 6861 6857 6858 6862 
f 6859 6860 6864 6863 
f 6865 6861 6862 6866 
f 6863 6864 6868 6867 
f 6869 6865 6866 6870 
f 6871 2863 6873 6872 
f 6874 2856 6876 6875 
f 6872 6873 6878 6877 
f 6875 6876 6880 6879 
f 6877 6878 6882 6881 
f 6879 6880 6884 6883 
f 6881 6882 6886 6885 
f 6883 6884 6888 6887 
f 6885 6886 6890 6889 
f 6887 6888 6892 6891 
f 6889 6890 6894 6893 
f 6891 6892 6896 6895 
f 6893 6894 6898 6897 
f 6895 6896 6900 6899 
f 6897 6898 6902 6901 
f 6899 6900 6904 6903 
f 6905 2859 2858 6906 
f 6907 6905 6906 6908 
f 6909 6907 6908 6910 
f 6911 6909 6910 6912 
f 6913 6911 6912 6914 
f 6915 6913 6914 6916 
f 6917 6915 6916 6918 
f 6919 6917 6918 6920 
f 6921 6867 6868 6922 
f 6923 6869 6870 6924 
f 6925 6901 6902 6926 
f 6927 6928 6903 6904 
f 6929 6932 6931 6930 
f 6932 6934 6933 6931 
f 6934 6936 6935 6933 
f 6936 6938 6937 6935 
f 6938 6940 6939 6937 
f 6940 6942 6941 6939 
f 6942 6944 6943 6941 
f 6944 6919 6920 6943 
f 6876 2856 6946 6945 
f 6880 6876 6945 6947 
f 6884 6880 6947 6948 
f 6888 6884 6948 6949 
f 6892 6888 6949 6950 
f 6896 6892 6950 6951 
f 6900 6896 6951 6952 
f 6904 6900 6952 6953 
f 6927 6904 6953 6954 
f 6955 2890 6957 6956 
f 6958 6961 6960 6959 
f 6962 6963 6956 6957 
f 6964 6965 6963 6962 
f 6958 6959 6965 6964 
f 6960 6961 6967 6966 
f 6966 6967 6968 6922 
f 6922 6968 6921 
f 6969 6972 6971 6970 
f 6972 6817 6818 6971 
f 6973 6975 6819 6974 
f 6976 6979 6978 6977 
f 6841 2889 6979 6976 
f 6980 6976 6977 6981 
f 6846 6841 6976 6980 
f 6840 6845 6983 6982 
f 6984 6980 6981 6985 
f 6850 6846 6980 6984 
f 6845 6849 6986 6983 
f 6987 6984 6985 6988 
f 6854 6850 6984 6987 
f 6849 6853 6989 6986 
f 6990 6987 6988 6991 
f 6858 6854 6987 6990 
f 6853 6857 6992 6989 
f 6993 6990 6991 6994 
f 6862 6858 6990 6993 
f 6857 6861 6995 6992 
f 6996 6993 6994 6997 
f 6866 6862 6993 6996 
f 6861 6865 6998 6995 
f 6999 6996 6997 7000 
f 6870 6866 6996 6999 
f 6865 6869 7001 6998 
f 7002 6999 7000 7003 
f 6924 6870 6999 7002 
f 6869 6923 7004 7001 
f 6466 6445 7006 7005 
f 7007 7010 7009 7008 
f 7011 7007 7008 7012 
f 7013 7011 7012 7014 
f 7015 7018 7017 7016 
f 7019 7022 7021 7020 
f 7023 7026 7025 7024 
f 7022 7028 7027 7021 
f 7028 7030 7029 7027 
f 7030 7023 7024 7029 
f 7026 7032 7031 7025 
f 7032 7034 7033 7031 
f 7034 7036 7035 7033 
f 7037 7039 7009 7038 
f 7040 7006 6445 6446 
f 7041 7040 6446 6461 
f 7042 7041 6461 6462 
f 7043 7044 6751 6752 
f 7045 7047 7046 2865 
f 6800 6801 7047 7045 
f 6802 2857 7049 7048 
f 7050 7053 7052 7051 
f 6804 6805 7053 7050 
f 6806 6803 7055 7054 
f 7047 7057 7056 7046 
f 6801 6807 7057 7047 
f 6808 6802 7048 7058 
f 7057 7060 7059 7056 
f 6807 6809 7060 7057 
f 6810 6808 7058 7061 
f 7060 7050 7051 7059 
f 6809 6804 7050 7060 
f 6803 6810 7061 7055 
f 7053 7063 7062 7052 
f 6805 6811 7063 7053 
f 6812 6806 7054 7064 
f 7063 7066 7065 7062 
f 6811 6813 7066 7063 
f 6814 6812 7064 7067 
f 7066 7069 7068 7065 
f 6813 6815 7069 7066 
f 6816 6814 7067 7070 
f 7071 6975 7073 7072 
f 6818 6819 6975 7071 
f 6820 6817 7075 7074 
f 7076 7079 7078 7077 
f 6822 6823 7079 7076 
f 6824 6821 7081 7080 
f 7082 7085 7084 7083 
f 6826 6827 7085 7082 
f 6828 6825 7087 7086 
f 7088 7082 7083 7089 
f 6834 6826 7082 7088 
f 6825 6833 7090 7087 
f 6970 6971 7092 7091 
f 6972 6969 7094 7093 
f 7092 7071 7072 7095 
f 6971 6818 7071 7092 
f 6817 6972 7093 7075 
f 6974 6819 6820 7096 
f 6975 6973 7097 7073 
f 7098 2892 2891 7099 
f 6906 2858 2892 7098 
f 2859 6905 7101 7100 
f 7102 7098 7099 7103 
f 6908 6906 7098 7102 
f 6905 6907 7104 7101 
f 7105 7102 7103 7106 
f 6910 6908 7102 7105 
f 6907 6909 7107 7104 
f 7108 7105 7106 7109 
f 6912 6910 7105 7108 
f 6909 6911 7110 7107 
f 7111 7108 7109 7112 
f 6914 6912 7108 7111 
f 6911 6913 7113 7110 
f 7114 7111 7112 7115 
f 6916 6914 7111 7114 
f 6913 6915 7116 7113 
f 7117 7114 7115 7118 
f 6918 6916 7114 7117 
f 6915 6917 7119 7116 
f 7120 7117 7118 7121 
f 6920 6918 7117 7120 
f 6917 6919 7122 7119 
f 7123 7126 7125 7124 
f 6930 6931 7126 7123 
f 6932 6929 2864 7127 
f 7126 7129 7128 7125 
f 6931 6933 7129 7126 
f 6934 6932 7127 7130 
f 7129 7132 7131 7128 
f 6933 6935 7132 7129 
f 6936 6934 7130 7133 
f 7132 7135 7134 7131 
f 6935 6937 7135 7132 
f 6938 6936 7133 7136 
f 7135 7138 7137 7134 
f 6937 6939 7138 7135 
f 6940 6938 7136 7139 
f 7138 7141 7140 7137 
f 6939 6941 7141 7138 
f 6942 6940 7139 7142 
f 7141 7144 7143 7140 
f 6941 6943 7144 7141 
f 6944 6942 7142 7145 
f 7144 7120 7121 7143 
f 6943 6920 7120 7144 
f 6919 6944 7145 7122 
f 7146 7149 7148 7147 
f 6830 6831 7149 7146 
f 6832 6829 7151 7150 
f 7152 7146 7147 7153 
f 6836 6830 7146 7152 
f 6829 6835 7154 7151 
f 7155 7039 7006 7040 
f 7008 7009 7039 7155 
f 7010 7007 7157 7156 
f 7158 7155 7040 7041 
f 7012 7008 7155 7158 
f 7007 7011 7159 7157 
f 7160 7158 7041 7042 
f 7014 7012 7158 7160 
f 7011 7013 7161 7159 
f 7162 7163 7044 7043 
f 7016 7017 7163 7162 
f 7018 7015 7165 7164 
f 2893 7168 7167 7166 
f 7020 7021 7168 2893 
f 7022 7019 4287 6792 
f 7169 7172 7171 7170 
f 7024 7025 7172 7169 
f 7026 7023 6793 6794 
f 7168 7174 7173 7167 
f 7021 7027 7174 7168 
f 7028 7022 6792 6795 
f 7174 7176 7175 7173 
f 7027 7029 7176 7174 
f 7030 7028 6795 6796 
f 7176 7169 7170 7175 
f 7029 7024 7169 7176 
f 7023 7030 6796 6793 
f 7172 7178 7177 7171 
f 7025 7031 7178 7172 
f 7032 7026 6794 6797 
f 7178 7180 7179 7177 
f 7031 7033 7180 7178 
f 7034 7032 6797 6798 
f 7180 7182 7181 7179 
f 7033 7035 7182 7180 
f 7036 7034 6798 6799 
f 7183 7010 7156 7184 
f 7038 7009 7010 7183 
f 7039 7037 7005 7006 
f 7185 7188 7187 7186 
f 7189 7191 7190 
f 7193 7195 7194 
f 7193 7196 7195 
f 7193 7194 7188 7185 
f 7197 7198 7196 7193 
f 7199 7200 7198 7197 
f 7199 7201 7200 
f 7199 7202 7201 
f 7203 7204 7202 7199 
f 7205 7206 7204 7203 
f 7205 7207 7206 
f 7205 7208 7207 
f 7209 7210 7208 7205 
f 7190 7191 7210 7209 
f 7189 7190 7211 
f 7211 7190 7213 7212 
f 7212 7213 7215 7214 
f 7214 7215 7216 
f 7216 7215 7217 
f 7217 7215 7219 7218 
f 7218 7219 7220 
f 7220 7219 7221 
f 7221 7219 7223 7222 
f 7222 7223 7224 
f 7224 7223 7225 
f 7225 7223 7226 
f 7226 7223 7227 
s 1
f 5398 5616 5617 5401 
f 5401 5617 5620 5403 
f 5403 5620 5622 5405 
f 5405 5622 5624 5407 
f 5407 5624 5626 5409 
f 5409 5626 5628 5411 
f 5411 5628 5630 5413 
f 5413 5630 5632 5415 
f 5415 5632 5634 5417 
f 5417 5634 5636 5419 
f 5419 5636 5638 5421 
f 5421 5638 5640 5423 
f 5423 5640 5642 5425 
f 5425 5642 5644 5427 
f 5427 5644 5646 2875 
s 2
f 7228 7230 2894 7229 
f 7231 7232 7230 7228 
f 7233 7234 7232 7231 
f 7235 7236 7234 7233 
f 7237 7238 7236 7235 
f 7239 7240 7238 7237 
f 7241 7242 7240 7239 
f 7243 7244 7242 7241 
f 7245 7246 7244 7243 
f 7247 7248 7246 7245 
f 7249 7250 7248 7247 
f 7251 7252 7250 7249 
f 7253 7254 7252 7251 
f 7255 7256 7254 7253 
f 7257 7258 7256 7255 
s 4
f 5694 7259 2871 2866 
f 5695 7260 7259 5694 
f 5697 7261 7260 5695 
f 5699 7262 7261 5697 
f 5701 7263 7262 5699 
f 5703 7264 7263 5701 
f 5705 7265 7264 5703 
f 5707 7266 7265 5705 
f 5709 7267 7266 5707 
f 5711 7268 7267 5709 
f 5713 7269 7268 5711 
f 5715 7270 7269 5713 
f 5717 7271 7270 5715 
f 5719 7272 7271 5717 
f 5721 7273 7272 5719 
f 2877 2895 7273 5721 
s 2
f 7230 7273 2895 2894 
f 7232 7272 7273 7230 
f 7234 7271 7272 7232 
f 7236 7270 7271 7234 
f 7238 7269 7270 7236 
f 7240 7268 7269 7238 
f 7242 7267 7268 7240 
f 7244 7266 7267 7242 
f 7246 7265 7266 7244 
f 7248 7264 7265 7246 
f 7250 7263 7264 7248 
f 7252 7262 7263 7250 
f 7254 7261 7262 7252 
f 7256 7260 7261 7254 
f 7258 7259 7260 7256 
s 1
f 5496 7276 7275 7274 
f 5495 5496 7274 7277 
f 5500 5495 7277 7278 
f 5504 5500 7278 7279 
f 5508 5504 7279 7280 
f 5512 5508 7280 7281 
f 5516 5512 7281 7282 
f 5520 5516 7282 7283 
f 5524 5520 7283 7284 
f 5528 5524 7284 7285 
f 5532 5528 7285 7286 
f 5536 5532 7286 7287 
f 5540 5536 7287 7288 
f 5544 5540 7288 7289 
f 5548 5544 7289 7290 
f 5552 5548 7290 7291 
f 5556 5552 7291 7292 
f 5560 5556 7292 7293 
f 5564 5560 7293 7294 
f 5568 5564 7294 7295 
f 5572 5568 7295 7296 
f 5576 5572 7296 7297 
f 5580 5576 7297 7298 
f 5584 5580 7298 7299 
f 5588 5584 7299 7300 
f 5592 5588 7300 7301 
f 5596 5592 7301 7302 
f 5600 5596 7302 7303 
f 5604 5600 7303 7304 
f 5608 5604 7304 7305 
f 5612 5608 7305 7306 
f 7274 7275 2872 7307 
f 7277 7274 7307 7308 
f 7278 7277 7308 7309 
f 7279 7278 7309 7310 
f 7280 7279 7310 7311 
f 7281 7280 7311 7312 
f 7282 7281 7312 7313 
f 7283 7282 7313 7314 
f 7284 7283 7314 7315 
f 7285 7284 7315 7316 
f 7286 7285 7316 7317 
f 7287 7286 7317 7318 
f 7288 7287 7318 7319 
f 7289 7288 7319 7320 
f 7290 7289 7320 7321 
f 7291 7290 7321 7322 
f 7292 7291 7322 7323 
f 7293 7292 7323 7324 
f 7294 7293 7324 7325 
f 7295 7294 7325 7326 
f 7296 7295 7326 7327 
f 7297 7296 7327 7328 
f 7298 7297 7328 7329 
f 7299 7298 7329 7330 
f 7300 7299 7330 7331 
f 7301 7300 7331 7332 
f 7302 7301 7332 7333 
f 7303 7302 7333 7334 
f 7304 7303 7334 7335 
f 7305 7304 7335 7336 
f 7306 7305 7336 7337 
f 7338 7341 7340 7339 
f 7342 4813 7344 7343 
f 7345 7342 7343 7346 
f 7347 7345 7346 7348 
f 7349 7347 7348 7350 
f 7351 7349 7350 7352 
f 7353 7351 7352 7354 
f 7355 7353 7354 7356 
f 7357 7355 7356 7358 
f 7359 7357 7358 7360 
f 7361 7338 7339 7362 
f 7363 7361 7362 7364 
f 7365 7363 7364 7366 
f 7367 7365 7366 7368 
f 7369 7367 7368 7370 
f 7371 7369 7370 7360 
f 7372 4842 7374 7373 
f 7373 7374 7376 7375 
f 7375 7376 7378 7377 
f 7377 7378 7380 7379 
f 7379 7380 7382 7381 
f 7381 7382 7384 7383 
f 7383 7384 7386 7385 
f 7385 7386 7388 7387 
f 7388 7390 7389 7387 
f 2896 4861 7392 7391 
f 7391 7392 7394 7393 
f 7393 7394 7396 7395 
f 7395 7396 7398 7397 
f 7397 7398 7400 7399 
f 7399 7400 7402 7401 
f 7401 7402 7389 7390 
s 2
f 7403 7405 7404 
f 7406 7405 7403 
f 7407 7405 7406 
f 7408 7405 7407 
f 7409 7405 7408 
f 7410 7405 7409 
f 7411 7405 7410 
f 7412 7405 7411 
f 7413 7405 7412 
f 7414 7405 7415 
f 7415 7405 7416 
f 7416 7405 7417 
f 7417 7405 7418 
f 7418 7405 7419 
f 7419 7405 7420 
f 7420 7405 7413 
s 1
f 7373 7422 7421 7372 
f 7375 7423 7422 7373 
f 7377 7424 7423 7375 
f 7379 7425 7424 7377 
f 7381 7426 7425 7379 
f 7383 7427 7426 7381 
f 7385 7428 7427 7383 
f 7387 7429 7428 7385 
f 7389 7430 7429 7387 
f 4861 7432 7431 7392 
f 7392 7431 7433 7394 
f 7394 7433 7434 7396 
f 7396 7434 7435 7398 
f 7398 7435 7436 7400 
f 7400 7436 7437 7402 
f 7402 7437 7430 7389 
s 2
f 7404 7421 7422 7403 
f 7403 7422 7423 7406 
f 7406 7423 7424 7407 
f 7407 7424 7425 7408 
f 7408 7425 7426 7409 
f 7409 7426 7427 7410 
f 7410 7427 7428 7411 
f 7411 7428 7429 7412 
f 7412 7429 7430 7413 
f 7415 7431 7432 7414 
f 7416 7433 7431 7415 
f 7417 7434 7433 7416 
f 7418 7435 7434 7417 
f 7419 7436 7435 7418 
f 7420 7437 7436 7419 
f 7413 7430 7437 7420 
s 1
f 7438 5615 7439 
f 7440 7441 4907 
f 7440 4907 7442 
f 7439 5615 7443 
f 7443 5615 5612 7444 
f 7444 5612 7445 
f 7445 5612 7446 
f 7446 5612 7306 7447 
f 7448 7306 7449 
f 7447 7306 7448 
f 7306 7450 7449 
f 7306 7451 7450 
f 7337 7452 7451 7306 
f 7337 7453 7452 
f 7337 7454 7453 
f 4842 7456 7455 7374 
f 7374 7455 7457 7376 
f 7376 7457 7458 7378 
f 7378 7458 7459 7380 
f 7380 7459 7460 7382 
f 7382 7460 7461 7384 
f 7384 7461 7462 7386 
f 7386 7462 7463 7388 
f 7388 7463 7464 7390 
f 7391 7465 2897 2896 
f 7393 7466 7465 7391 
f 7395 7467 7466 7393 
f 7397 7468 7467 7395 
f 7399 7469 7468 7397 
f 7401 7470 7469 7399 
f 7390 7464 7470 7401 
f 7439 7471 4936 7438 
f 7440 7473 7472 7441 
f 7442 7474 7473 7440 
f 7443 7475 7471 7439 
f 7444 7476 7475 7443 
f 7445 7477 7476 7444 
f 7446 7478 7477 7445 
f 7447 7479 7478 7446 
f 7449 7481 7480 7448 
f 7448 7480 7479 7447 
f 7450 7482 7481 7449 
f 7451 7483 7482 7450 
f 7452 7484 7483 7451 
f 7453 7485 7484 7452 
f 7454 7486 7485 7453 
f 7441 7472 7486 7454 
f 7487 4952 2897 7465 
f 7339 7340 4952 7487 
f 7488 7489 4936 7471 
f 7343 7344 7489 7488 
f 7490 7488 7471 7475 
f 7346 7343 7488 7490 
f 7342 7345 7457 7455 
f 7491 7490 7475 7476 
f 7348 7346 7490 7491 
f 7345 7347 7458 7457 
f 7492 7491 7476 7477 
f 7350 7348 7491 7492 
f 7347 7349 7459 7458 
f 7493 7492 7477 7478 
f 7352 7350 7492 7493 
f 7349 7351 7460 7459 
f 7494 7493 7478 7479 
f 7354 7352 7493 7494 
f 7351 7353 7461 7460 
f 7495 7494 7479 7480 
f 7356 7354 7494 7495 
f 7353 7355 7462 7461 
f 7496 7495 7480 7481 
f 7358 7356 7495 7496 
f 7355 7357 7463 7462 
f 7371 7496 7481 7482 
f 7360 7358 7496 7371 
f 7357 7359 7464 7463 
f 7497 7487 7465 7466 
f 7362 7339 7487 7497 
f 7338 7361 7472 7473 
f 7498 7497 7466 7467 
f 7364 7362 7497 7498 
f 7361 7363 7486 7472 
f 7499 7498 7467 7468 
f 7366 7364 7498 7499 
f 7363 7365 7485 7486 
f 7500 7499 7468 7469 
f 7368 7366 7499 7500 
f 7365 7367 7484 7485 
f 7501 7500 7469 7470 
f 7370 7368 7500 7501 
f 7367 7369 7483 7484 
f 7359 7501 7470 7464 
f 7360 7370 7501 7359 
f 7369 7371 7482 7483 
f 5929 5927 7502 
f 5870 5871 8043 7503 
f 5873 5870 7503 7504 
f 5875 5873 7504 7505 
f 5877 5875 7507 7506 
f 5879 5877 7506 7508 
f 5881 5879 7508 7509 
f 5883 5881 7509 7510 
f 5885 5883 7510 7511 
f 5887 5885 7511 7512 
f 5889 5887 7512 7513 
f 5891 5889 7513 7514 
f 5893 5891 7514 7515 
f 5895 5893 7515 7516 
f 5897 5895 7516 7517 
f 5899 5897 7517 7518 
f 5901 5899 7518 7519 
f 5903 5901 7519 7520 
f 5905 5903 7520 7521 
f 5907 5905 7521 7522 
f 5909 5907 7522 7523 
f 5911 5909 7523 7524 
f 5913 5911 7524 7525 
f 5915 5913 7525 7526 
f 5917 5915 7526 7527 
f 5919 5917 7527 7528 
f 5921 5919 7528 7529 
f 5923 5921 7529 7530 
f 5925 7532 7531 
f 5927 5925 7534 7533 
f 7502 5927 7535 
f 7535 7537 7536 
f 2898 7539 7538 
s 2
f 7541 7544 7543 7542 
f 7541 7542 7546 7545 
f 7547 7545 7546 7548 
f 7549 5014 5015 7550 
f 7549 7550 7547 7548 
f 7551 7554 7553 7552 
f 7555 7556 7554 7551 
f 2899 7557 7556 7555 
f 5014 7549 7557 2899 
f 7557 7549 7548 7558 
f 7558 7548 7546 7559 
f 7546 7542 7560 7559 
f 7542 7543 7561 7560 
f 7560 7561 7563 7562 
f 7564 7565 7562 7563 
f 7564 7566 7565 
f 7567 7568 7566 
f 7566 7568 7569 7565 
f 7567 7571 7570 7568 
f 7557 7558 7572 7556 
f 7556 7572 7573 7554 
f 7554 7573 7570 7553 
f 7558 7559 7574 7572 
f 7559 7560 7562 7574 
f 7572 7574 7569 7573 
f 7573 7569 7568 7570 
f 7574 7562 7565 7569 
f 7552 7553 7575 5039 
f 7553 7570 7571 7575 
f 7576 7579 7578 7577 
f 7580 7583 7582 7581 
f 7580 7581 2900 7584 
f 7585 2900 7581 7586 
f 2860 7585 7586 7587 
f 7588 2860 7587 7589 
f 5015 7588 7589 7550 
f 7547 7550 7589 7590 
f 7545 7547 7590 7591 
f 7541 7545 7591 7592 
f 7544 7541 7592 7593 
f 7594 7593 7592 7595 
f 7594 7595 7578 7596 
f 7579 7596 7578 
f 7583 7597 7576 7582 
f 7576 7597 7579 
f 7581 7582 7598 7586 
f 7586 7598 7599 7587 
f 7587 7599 7590 7589 
f 7582 7576 7577 7598 
f 7598 7577 7600 7599 
f 7577 7578 7595 7600 
f 7599 7600 7591 7590 
f 7600 7595 7592 7591 
f 7544 7602 7601 7543 
f 7543 7601 7603 7561 
f 7561 7603 7604 7563 
f 7563 7604 7605 7564 
f 7564 7605 7606 7566 
f 7566 7606 7607 7567 
f 7567 7607 7608 7571 
f 7575 7610 7609 5039 
f 7571 7608 7610 7575 
f 7580 7612 7611 7583 
f 7584 7613 7612 7580 
f 7593 7614 7602 7544 
f 7594 7615 7614 7593 
f 7596 7616 7615 7594 
f 7579 7617 7616 7596 
f 7583 7611 7618 7597 
f 7597 7618 7617 7579 
s 1
f 7619 7601 7602 7620 
f 7621 7610 7608 7622 
f 7623 7609 7610 7621 
f 7624 7603 7601 7619 
f 7625 7604 7603 7624 
f 7626 7605 7604 7625 
f 7627 7606 7605 7626 
f 7622 7608 7607 7628 
f 7628 7607 7606 7627 
f 7629 7612 7613 2861 
f 7620 7602 7614 7630 
f 7630 7614 7615 7631 
f 7631 7615 7616 7632 
f 7632 7616 7617 7633 
f 7634 7611 7612 7629 
f 7635 7618 7611 7634 
f 7633 7617 7618 7635 
f 7620 5929 7502 7619 
f 7621 7622 2898 
f 7621 2898 7623 
f 2898 7622 7628 
f 2898 7628 7627 
f 2898 7627 7626 7535 
f 7535 7624 7619 7502 
f 7535 7625 7624 
f 7535 7626 7625 
f 2861 5094 7629 
f 7629 5094 7634 
f 7634 5094 7635 
f 7635 5094 5928 7633 
f 7633 5928 7632 
f 7632 5928 7631 
f 7631 5928 7630 
f 7630 5928 5929 7620 
s 2
f 7636 2901 2874 7637 
f 6164 6165 2901 7636 
f 7638 7636 7637 7639 
f 6168 6164 7636 7638 
f 6163 6167 7641 7640 
f 7642 7638 7639 7643 
f 6170 6168 7638 7642 
f 6167 6169 7644 7641 
f 7645 7642 7643 7646 
f 6172 6170 7642 7645 
f 6169 6171 7647 7644 
f 7648 7645 7646 7649 
f 6174 6172 7645 7648 
f 6171 6173 7650 7647 
f 7651 7648 7649 7652 
f 6176 6174 7648 7651 
f 6173 6175 7653 7650 
f 7654 7651 7652 7655 
f 6178 6176 7651 7654 
f 6175 6177 7656 7653 
f 7657 7654 7655 7658 
f 6180 6178 7654 7657 
f 6177 6179 7659 7656 
f 7660 7657 7658 7661 
f 6182 6180 7657 7660 
f 6179 6181 7662 7659 
f 7663 7660 7661 7664 
f 6184 6182 7660 7663 
f 6181 6183 7665 7662 
f 7666 7663 7664 7667 
f 6186 6184 7663 7666 
f 6183 6185 7668 7665 
f 7669 7666 7667 7670 
f 6188 6186 7666 7669 
f 6185 6187 7671 7668 
f 7672 7669 7670 7673 
f 6190 6188 7669 7672 
f 6187 6189 7674 7671 
f 7675 7672 7673 7676 
f 6192 6190 7672 7675 
f 6189 6191 7677 7674 
f 7678 7675 7676 7679 
f 6194 6192 7675 7678 
f 6191 6193 7680 7677 
f 7681 7678 7679 7682 
f 6196 6194 7678 7681 
f 6193 6195 7683 7680 
f 7684 7681 7682 7685 
f 6198 6196 7681 7684 
f 6195 6197 7686 7683 
f 7687 7684 7685 7688 
f 6200 6198 7684 7687 
f 6197 6199 7689 7686 
f 7690 7687 7688 7691 
f 6202 6200 7687 7690 
f 6199 6201 7692 7689 
f 7693 7690 7691 7694 
f 6204 6202 7690 7693 
f 6201 6203 7695 7692 
f 7696 7693 7694 7697 
f 6206 6204 7693 7696 
f 6203 6205 7698 7695 
f 7699 7696 7697 7700 
f 6208 6206 7696 7699 
f 6205 6207 7701 7698 
f 7702 7699 7700 7703 
f 6210 6208 7699 7702 
f 6207 6209 7704 7701 
f 7705 7702 7703 7706 
f 6212 6210 7702 7705 
f 6209 6211 7707 7704 
f 7708 7705 7706 7709 
f 6214 6212 7705 7708 
f 6211 6213 7710 7707 
f 7711 7708 7709 7712 
f 6216 6214 7708 7711 
f 6213 6215 7713 7710 
f 7714 7711 7712 7715 
f 6218 6216 7711 7714 
f 6215 6217 7716 7713 
f 7717 7714 7715 7718 
f 6220 6218 7714 7717 
f 6217 6219 7719 7716 
f 7720 7717 7718 7721 
f 6222 6220 7717 7720 
f 6219 6221 7722 7719 
f 6224 6225 6268 7723 
f 6226 6223 7725 7724 
f 7726 7729 7728 7727 
f 6228 6229 7729 7726 
f 6230 6227 7731 7730 
f 6232 6233 6262 7732 
f 6234 6231 7734 7733 
f 7735 6249 7737 7736 
f 6236 6237 6249 7735 
f 6238 6235 7739 7738 
f 7740 6255 7742 7741 
f 6240 6241 6255 7740 
f 6242 6239 7744 7743 
f 6254 7747 7746 7745 
f 6244 6245 7747 6254 
f 6246 6243 7749 7748 
f 7747 7735 7736 7746 
f 6245 6236 7735 7747 
f 6235 6246 7748 7739 
f 7750 6238 7738 7751 
f 6248 6237 6238 7750 
f 6249 6247 7752 7737 
f 5212 7754 7753 5215 
f 6251 6252 7754 5212 
f 6253 6250 2902 7755 
f 7754 7740 7741 7753 
f 6252 6240 7740 7754 
f 6239 6253 7755 7744 
f 6243 6242 7743 7749 
f 6244 6241 6242 6243 
f 6255 6254 7745 7742 
f 7756 7759 7758 7757 
f 6259 6260 7759 7756 
f 6261 6258 7761 7760 
f 7759 6234 7733 7758 
f 6260 6233 6234 7759 
f 6262 6261 7760 7762 
f 6264 6259 7756 7763 
f 6258 6263 7764 7761 
f 6267 6225 6226 7765 
f 6268 6266 7767 7766 
f 6089 6090 6094 6091 
f 6159 6160 6161 
s 4
f 7768 7770 7769 2903 
f 7771 7772 7770 7768 
f 2904 7773 7772 7771 
f 2905 7774 7773 2904 
f 7773 7774 7776 7775 
f 7775 7776 7778 7777 
f 7778 7780 7779 7777 
f 7780 7782 7781 7779 
f 7779 7781 7784 7783 
f 7784 7785 7783 
f 7786 7788 7787 
f 7787 7788 7789 7785 
f 7788 7786 7791 7790 
f 7773 7775 7792 7772 
f 7772 7792 7793 7770 
f 7770 7793 7790 7769 
f 7775 7777 7794 7792 
f 7777 7779 7783 7794 
f 7792 7794 7789 7793 
f 7793 7789 7788 7790 
f 7794 7783 7785 7789 
f 2903 7769 7796 7795 
f 7769 7790 7791 7796 
f 2905 7798 7797 7774 
f 7774 7797 7799 7776 
f 7776 7799 7800 7778 
f 7778 7800 7801 7780 
f 7780 7801 7802 7782 
s 2
f 7803 6028 7804 
f 7804 6028 7805 
f 7805 6028 7806 
f 7806 6028 6027 
s 1
f 7807 7810 7809 7808 
f 7807 7808 7811 
f 8043 7813 7812 
f 5871 7814 7813 8043 
f 5871 7815 7814 
f 5871 7816 7815 
f 5871 7817 7816 
f 5868 5931 5932 7818 
f 5869 5935 5931 5868 
f 5872 5939 5935 5869 
f 5874 5942 5939 5872 
f 5876 5945 5942 5874 
f 5878 5948 5945 5876 
f 5880 5951 5948 5878 
f 5882 5954 5951 5880 
f 5884 5957 5954 5882 
f 5886 5960 5957 5884 
f 5888 5963 5960 5886 
f 5890 5966 5963 5888 
f 5892 5969 5966 5890 
f 5894 5972 5969 5892 
f 5896 5975 5972 5894 
f 5898 5978 5975 5896 
f 5900 5981 5978 5898 
f 5902 5984 5981 5900 
f 5904 5987 5984 5902 
f 5906 5990 5987 5904 
f 5908 5993 5990 5906 
f 5910 5996 5993 5908 
f 5912 5999 5996 5910 
f 5914 6002 5999 5912 
f 5916 6005 6002 5914 
f 5918 6008 6005 5916 
f 5920 6011 6008 5918 
f 5922 6014 6011 5920 
f 5924 6017 6014 5922 
f 5926 6020 6017 5924 
f 5928 6023 6020 5926 
f 7307 5936 5937 7308 
f 7308 5937 5940 7309 
f 7309 5940 5943 7310 
f 7310 5943 5946 7311 
f 7311 5946 5949 7312 
f 7312 5949 5952 7313 
f 7313 5952 5955 7314 
f 7314 5955 5958 7315 
f 7315 5958 5961 7316 
f 7316 5961 5964 7317 
f 7317 5964 5967 7318 
f 7318 5967 5970 7319 
f 7319 5970 5973 7320 
f 7320 5973 5976 7321 
f 7321 5976 5979 7322 
f 7322 5979 5982 7323 
f 7323 5982 5985 7324 
f 7324 5985 5988 7325 
f 7325 5988 5991 7326 
f 7326 5991 5994 7327 
f 7327 5994 5997 7328 
f 7328 5997 6000 7329 
f 7329 6000 6003 7330 
f 7330 6003 6006 7331 
f 7331 6006 6009 7332 
f 7332 6009 6012 7333 
f 7333 6012 6015 7334 
f 7334 6015 6018 7335 
f 7335 6018 6021 7336 
f 7336 6021 6024 7337 
f 7337 6024 6025 4907 
s 2
f 7819 7820 6042 6039 
f 6036 6037 7820 7819 
f 7821 6038 6034 7822 
f 7823 6109 6110 
f 7824 6109 7823 
f 6108 6109 7824 
s 1
f 5875 7825 7507 
f 5875 7826 7825 
f 5875 7505 7826 
s 4
f 7802 7829 7828 7827 
s 1
f 7812 7827 7828 7830 
s 4
f 7782 7832 7831 7781 
f 7781 7831 7833 7784 
f 7784 7833 7834 7785 
f 7785 7834 7835 7787 
f 7787 7835 7836 7786 
f 7786 7836 7837 7791 
f 7796 7839 7838 7795 
f 7791 7837 7839 7796 
f 7798 7841 7840 7797 
f 7797 7840 7842 7799 
f 7799 7842 7843 7800 
f 7800 7843 7844 7801 
f 7802 7827 7832 7782 
f 7801 7844 7829 7802 
s 2
f 7803 7840 7841 2906 
f 7804 7842 7840 7803 
f 7805 7843 7842 7804 
f 7806 7844 7843 7805 
f 6027 7829 7844 7806 
s 1
f 7807 7839 7837 7810 
f 7810 7837 7836 7845 
f 7812 7830 8042 8043 
f 7813 7832 7827 7812 
f 7814 7831 7832 7813 
f 7815 7833 7831 7814 
f 7816 7834 7833 7815 
f 7817 7835 7834 7816 
f 7845 7836 7835 7817 
s 2
f 6027 7830 7828 
f 6027 7828 7829 
f 6032 2908 2907 7846 
f 6031 6032 7846 7847 
f 6034 6031 7847 7822 
f 6037 6038 7821 7848 
f 6041 6042 7850 7849 
f 6044 6041 7849 7851 
f 6046 6044 7851 7852 
f 6048 6046 7852 7853 
f 6050 6048 7853 7854 
f 6052 6050 7854 7855 
f 6054 6052 7855 7856 
f 6056 6054 7856 7857 
f 6058 6056 7857 7858 
f 6060 6058 7858 7859 
f 6062 6060 7859 7860 
f 6064 6062 7860 7861 
f 6066 6064 7861 7862 
f 6068 6066 7862 7863 
f 6070 6068 7863 7864 
f 6072 6070 7864 7865 
f 6074 6072 7865 7866 
f 6076 6074 7866 7867 
f 6078 6076 7867 7868 
f 6080 6078 7868 7869 
f 6082 6080 7869 7870 
f 6084 6082 7870 7871 
f 6086 6084 7871 7872 
f 6088 6086 7872 7873 
f 6090 6088 7873 7874 
f 6098 6093 7876 7875 
f 6100 6097 7878 7877 
f 6099 6100 7877 7744 
f 6257 6099 7744 7755 
f 3766 6257 7755 2902 
f 6094 6090 7874 7879 
f 6042 7820 7880 7850 
f 7820 6037 7848 7880 
f 6034 6038 6035 6033 
f 6340 6360 7725 7721 
f 6341 6342 7881 7724 
f 6345 7731 7881 6342 
f 6346 6358 7734 7730 
f 6349 6350 7882 7757 
f 6358 6353 7733 7734 
f 6360 6341 7724 7725 
f 6376 7752 7882 6350 
f 6925 7078 7086 6954 
f 6926 7004 7094 7077 
f 6928 6927 7087 7090 
f 6927 6954 7086 7087 
f 7002 7003 7883 7074 
f 7004 6923 7093 7094 
f 7068 7069 7096 7883 
f 6816 7070 7097 6973 
f 7076 7077 7094 6969 
f 7078 7079 6828 7086 
f 6824 7080 7084 7085 
f 7081 6821 7091 7884 
f 7884 7091 7092 7095 
f 7883 7096 6820 7074 
f 7150 7151 7083 7084 
f 7151 7154 7089 7083 
f 7159 7161 7884 7095 
f 7164 7081 7884 7161 
f 7165 7150 7084 7080 
f 7181 7184 7097 7070 
f 7184 7156 7073 7097 
f 7720 7721 7725 6223 
f 7722 6221 7723 7885 
f 7885 7723 6268 7766 
f 7726 7727 7767 6266 
f 7728 7729 7732 7886 
f 6230 7730 7734 6231 
f 7731 6227 7765 7881 
f 7886 7732 6262 7762 
f 7750 7751 7764 6263 
f 7752 6247 7763 7882 
f 7882 7763 7756 7757 
f 7881 7765 6226 7724 
f 7937 6035 6036 7938 
f 7939 6039 6040 7940 
f 7940 6040 6043 7941 
f 7941 6043 6045 7887 
f 7887 6045 6047 7888 
f 7888 6047 6049 7942 
f 7942 6049 6051 7889 
f 7889 6051 6053 7890 
f 7890 6053 6055 7891 
f 7891 6055 6057 7943 
f 7943 6057 6059 7944 
f 7944 6059 6061 7892 
f 7892 6061 6063 7893 
f 7893 6063 6065 7945 
f 7945 6065 6067 7946 
f 7946 6067 6069 7894 
f 7894 6069 6071 7947 
f 7947 6071 6073 7895 
f 7895 6073 6075 7896 
f 7896 6075 6077 7897 
f 7897 6077 6079 7898 
f 7898 6079 6081 7948 
f 7948 6081 6083 7899 
f 7899 6083 6085 7949 
f 7949 6085 6087 7900 
f 7900 6087 6089 7901 
f 7950 6029 6030 7951 
f 6028 2873 6029 7950 
f 7951 6030 6033 7952 
f 7902 6091 6092 7903 
f 7904 6095 6096 7905 
f 7906 6102 6256 7907 
f 6103 7846 2907 7908 
f 6104 7847 7846 6103 
f 6103 7640 7641 6105 
f 6106 7822 7847 6104 
f 6105 7641 7644 6107 
f 6108 7821 7822 6106 
f 6107 7644 7647 6109 
f 6111 7849 7850 6110 
f 6109 7647 7650 6112 
f 6113 7851 7849 6111 
f 6112 7650 7653 6114 
f 6115 7852 7851 6113 
f 6114 7653 7656 6116 
f 6117 7853 7852 6115 
f 6116 7656 7659 6118 
f 6119 7854 7853 6117 
f 6118 7659 7662 6120 
f 6121 7855 7854 6119 
f 6120 7662 7665 6122 
f 6123 7856 7855 6121 
f 6122 7665 7668 6124 
f 6125 7857 7856 6123 
f 6124 7668 7671 6126 
f 6127 7858 7857 6125 
f 6126 7671 7674 6128 
f 6129 7859 7858 6127 
f 6128 7674 7677 6130 
f 6131 7860 7859 6129 
f 6130 7677 7680 6132 
f 6133 7861 7860 6131 
f 6132 7680 7683 6134 
f 6135 7862 7861 6133 
f 6134 7683 7686 6136 
f 6137 7863 7862 6135 
f 6136 7686 7689 6138 
f 6139 7864 7863 6137 
f 6138 7689 7692 6140 
f 6141 7865 7864 6139 
f 6140 7692 7695 6142 
f 6143 7866 7865 6141 
f 6142 7695 7698 6144 
f 6145 7867 7866 6143 
f 6144 7698 7701 6146 
f 6147 7868 7867 6145 
f 6146 7701 7704 6148 
f 6149 7869 7868 6147 
f 6148 7704 7707 6150 
f 6151 7870 7869 6149 
f 6150 7707 7710 6152 
f 6153 7871 7870 6151 
f 6152 7710 7713 6154 
f 6155 7872 7871 6153 
f 6154 7713 7716 6156 
f 6157 7873 7872 6155 
f 6156 7716 7719 6158 
f 6159 7874 7873 6157 
f 6158 7719 7722 6160 
f 6160 7885 7766 6162 
f 6222 6224 7723 6221 
f 6228 6267 7765 6227 
f 6230 6231 6232 6229 
f 6248 6264 7763 6247 
f 7909 7744 7877 
f 7909 7743 7744 
f 6272 7739 7748 6271 
f 6271 7748 7749 7910 
f 7909 7877 7878 6270 
f 7910 7749 7743 7909 
f 6162 7766 7767 6273 
f 6273 7727 7728 6274 
f 6274 7886 7762 6275 
f 6275 7762 7760 6276 
f 6276 7760 7761 6277 
f 6277 7761 7764 6278 
f 6269 7875 7876 6279 
f 6278 7751 7738 6280 
f 6280 7738 7739 6272 
f 6284 7637 2874 6283 
f 6286 7639 7637 6284 
f 6288 7643 7639 6286 
f 6290 7646 7643 6288 
f 6292 7649 7646 6290 
f 6294 7652 7649 6292 
f 6296 7655 7652 6294 
f 6298 7658 7655 6296 
f 6300 7661 7658 6298 
f 6302 7664 7661 6300 
f 6304 7667 7664 6302 
f 6306 7670 7667 6304 
f 6308 7673 7670 6306 
f 6310 7676 7673 6308 
f 6312 7679 7676 6310 
f 6314 7682 7679 6312 
f 6316 7685 7682 6314 
f 6318 7688 7685 6316 
f 6320 7691 7688 6318 
f 6322 7694 7691 6320 
f 6324 7697 7694 6322 
f 6326 7700 7697 6324 
f 6328 7703 7700 6326 
f 6330 7706 7703 6328 
f 6332 7709 7706 6330 
f 6334 7712 7709 6332 
f 6336 7715 7712 6334 
f 6338 7718 7715 6336 
f 6340 7721 7718 6338 
f 6339 6359 6360 6340 
f 6346 7730 7731 6345 
f 6347 6357 6358 6346 
f 6345 6342 6343 6348 
f 6354 7758 7733 6353 
f 6349 7757 7758 6354 
f 2883 5215 7753 6361 
f 6365 7745 7746 6364 
f 6361 7753 7741 6368 
f 6368 7741 7742 6370 
f 6370 7742 7745 6365 
f 6364 7746 7736 6372 
f 6372 7736 7737 6374 
f 6374 7737 7752 6376 
f 6376 6350 6351 6377 
f 6377 6351 6477 6386 
f 6402 6472 6483 6401 
f 6418 6478 6471 6417 
f 6435 6484 6465 6434 
f 6401 6483 6484 6435 
f 6417 6471 6472 6402 
f 6386 6477 6478 6418 
f 6434 6465 6466 6444 
f 6714 6786 6787 6713 
f 6716 6789 6784 6715 
f 6718 6791 6782 6717 
f 6720 6783 6788 6719 
f 6717 6782 6783 6720 
f 6719 6788 6789 6716 
f 6715 6784 6785 6749 
f 6749 6785 6786 6714 
f 6713 6787 6359 6339 
f 6751 6462 6463 6750 
f 6753 6768 6769 6752 
f 6755 6468 6469 6754 
f 6757 6772 6773 6756 
f 6759 6474 6475 6758 
f 6761 6776 6777 6760 
f 6763 6480 6481 6762 
f 6765 6780 6781 6764 
f 6762 6481 6468 6755 
f 6756 6773 6780 6765 
f 6754 6469 6474 6759 
f 6760 6777 6772 6757 
f 6758 6475 6357 6347 
f 6348 6343 6776 6761 
f 6750 6463 6480 6763 
f 6764 6781 6768 6753 
f 6444 6466 7005 6799 
f 6816 6973 6974 6815 
f 6822 6970 7091 6821 
f 6824 7085 6827 6823 
f 6838 6977 6978 2888 
f 2862 7100 7101 6839 
f 6843 6981 6977 6838 
f 6839 7101 7104 6844 
f 6847 6985 6981 6843 
f 6844 7104 7107 6848 
f 6851 6988 6985 6847 
f 6848 7107 7110 6852 
f 6855 6991 6988 6851 
f 6852 7110 7113 6856 
f 6859 6994 6991 6855 
f 6856 7113 7116 6860 
f 6863 6997 6994 6859 
f 6860 7116 7119 6864 
f 6867 7000 6997 6863 
f 6864 7119 7122 6868 
f 6872 6945 6946 6871 
f 2863 7911 6982 6873 
f 6877 6947 6945 6872 
f 6873 6982 6983 6878 
f 6881 6948 6947 6877 
f 6878 6983 6986 6882 
f 6885 6949 6948 6881 
f 6882 6986 6989 6886 
f 6889 6950 6949 6885 
f 6886 6989 6992 6890 
f 6893 6951 6950 6889 
f 6890 6992 6995 6894 
f 6897 6952 6951 6893 
f 6894 6995 6998 6898 
f 6901 6953 6952 6897 
f 6898 6998 7001 6902 
f 6868 7122 7145 6922 
f 6921 7003 7000 6867 
f 6924 7075 7093 6923 
f 6926 7077 7078 6925 
f 6902 7001 7004 6926 
f 6925 6954 6953 6901 
f 6956 7127 2864 6955 
f 2890 2865 7046 6957 
f 6960 7139 7136 6959 
f 6958 7051 7052 6961 
f 6957 7046 7056 6962 
f 6963 7130 7127 6956 
f 6962 7056 7059 6964 
f 6965 7133 7130 6963 
f 6964 7059 7051 6958 
f 6959 7136 7133 6965 
f 6966 7142 7139 6960 
f 6961 7052 7062 6967 
f 6922 7145 7142 6966 
f 6967 7062 7065 6968 
f 6968 7065 7068 6921 
f 7002 7074 7075 6924 
f 7016 6831 6832 7015 
f 7018 7013 7014 7017 
f 7036 7037 7038 7035 
f 6752 6769 6837 7043 
f 7044 7042 6462 6751 
f 6815 6974 7096 7069 
f 7076 6969 6970 6822 
f 6823 6827 6828 7079 
f 7157 7072 7073 7156 
f 7159 7095 7072 7157 
f 7043 7148 7149 7162 
f 7163 7160 7042 7044 
f 7162 7149 6831 7016 
f 7017 7014 7160 7163 
f 7164 7161 7013 7018 
f 7165 7080 7081 7164 
f 7015 6832 7150 7165 
f 7167 7048 7049 7166 
f 7171 7054 7055 7170 
f 7173 7058 7048 7167 
f 7175 7061 7058 7173 
f 7170 7055 7061 7175 
f 7177 7064 7054 7171 
f 7179 7067 7064 7177 
f 7181 7070 7067 7179 
f 7182 7183 7184 7181 
f 7035 7038 7183 7182 
f 6799 7005 7037 7036 
f 7186 6874 6875 7185 
f 7185 6875 6879 7193 
f 7193 6879 6883 7197 
f 7197 6883 6887 7199 
f 7199 6887 6891 7203 
f 7203 6891 6895 7205 
f 7205 6895 6899 7209 
f 7209 6899 6903 7190 
f 7190 6903 6928 7213 
f 7213 6928 7090 
f 7213 6833 6834 
f 7213 6834 7088 
f 7213 7088 7089 
f 7213 7154 6835 7215 
f 7215 6835 6836 7219 
f 7219 6836 7152 7223 
f 7223 7152 7153 7227 
f 7257 7099 2891 2869 
f 7229 7124 7125 7228 
f 7228 7125 7128 7231 
f 7231 7128 7131 7233 
f 7233 7131 7134 7235 
f 7235 7134 7137 7237 
f 7237 7137 7140 7239 
f 7239 7140 7143 7241 
f 7241 7143 7121 7243 
f 7243 7121 7118 7245 
f 7245 7118 7115 7247 
f 7247 7115 7112 7249 
f 7249 7112 7109 7251 
f 7251 7109 7106 7253 
f 7253 7106 7103 7255 
f 7255 7103 7099 7257 
f 7912 6101 6102 7906 
f 7907 6256 6265 7959 
f 7720 6223 6224 6222 
f 7726 6266 6267 6228 
f 6229 6232 7732 7729 
f 7750 6263 6264 6248 
f 7901 6089 6091 7902 
f 6161 7879 7874 6159 
f 7953 7819 6039 7939 
f 7938 6036 7819 7953 
f 7952 6033 6035 7937 
f 6110 7850 7880 7823 
f 7823 7880 7848 7824 
f 7824 7848 7821 6108 
f 6160 7722 7885 
f 6274 7728 7886 
f 6921 7068 7883 7003 
f 6278 7764 7751 
f 7213 7090 6833 
f 7213 7089 7154 
f 6273 7767 7727 
s 1
f 7913 7914 5866 
f 7915 5398 5399 2913 
f 2882 7276 5496 5493 
f 2909 5755 5619 5616 
f 7913 5866 5651 5648 
s 4
f 2866 7916 5693 5694 
s 1
f 2880 7913 5648 5756 
f 2868 5397 5394 5777 
f 7914 2868 5777 5866 
f 7818 7917 5871 5868 
f 7918 5432 5429 5936 
s 2
f 2873 2908 6032 6029 
f 7919 2910 6391 6392 
f 7919 6392 6421 6419 
f 2910 3903 6403 6391 
f 7911 6842 6840 6982 
s 1
f 7915 2909 5616 5398 
s 2
f 2869 2870 7258 7257 
f 2870 2871 7259 7258 
s 1
f 7474 7341 7338 7473 
f 7456 4813 7342 7455 
s 2
f 2911 6166 6163 7640 
f 2906 6028 7803 
s 1
f 7920 7809 7810 7845 
f 7917 7920 7845 5871 
f 2872 7918 5936 7307 
f 7811 7838 7839 7807 
s 2
f 7908 2911 7640 6103 
s 4
f 5696 5693 7922 7921 
f 5698 5696 7921 7923 
f 5700 5698 7923 7924 
f 5702 5700 7924 7925 
f 5704 5702 7925 7926 
f 5706 5704 7926 7927 
f 5708 5706 7927 7928 
f 5710 5708 7928 7929 
f 5712 5710 7929 7930 
f 5714 5712 7930 7931 
f 5716 5714 7931 7932 
f 5718 5716 7932 7933 
f 5720 5718 7933 7934 
f 5722 5720 7934 7935 
f 5723 5722 7935 7936 
s 1
f 5399 5400 7921 7922 
f 5400 5402 7923 7921 
f 5402 5404 7924 7923 
f 5404 5406 7925 7924 
f 5406 5408 7926 7925 
f 5408 5410 7927 7926 
f 5410 5412 7928 7927 
f 5412 5414 7929 7928 
f 5414 5416 7930 7929 
f 5416 5418 7931 7930 
f 5418 5420 7932 7931 
f 5420 5422 7933 7932 
f 5422 5424 7934 7933 
f 5424 5426 7935 7934 
f 5426 5428 7936 7935 
s 4
f 5693 7916 2912 7922 
s 1
f 2913 5399 7922 2912 
f 7845 7817 5871 
s 2
f 7147 7148 6837 6790 
f 7153 7147 6790 6791 
f 7187 7188 6601 6609 
f 7191 7189 6494 6495 
f 7192 7187 6609 2914 
f 7194 7195 6585 6593 
f 7195 7196 6577 6585 
f 7188 7194 6593 6601 
f 7196 7198 6569 6577 
f 7198 7200 6561 6569 
f 7200 7201 6553 6561 
f 7201 7202 6545 6553 
f 7202 7204 6537 6545 
f 7204 7206 6529 6537 
f 7206 7207 6521 6529 
f 7207 7208 6513 6521 
f 7208 7210 6505 6513 
f 7210 7191 6495 6505 
f 7189 7211 6622 6494 
f 7211 7212 6630 6622 
f 7212 7214 6638 6630 
f 7214 7216 6646 6638 
f 7216 7217 6654 6646 
f 7217 7218 6662 6654 
f 7218 7220 6670 6662 
f 7220 7221 6678 6670 
f 7221 7222 6686 6678 
f 7222 7224 6694 6686 
f 7224 7225 6702 6694 
f 7225 7226 6710 6702 
f 7226 7227 6718 6710 
f 7148 7043 6837 
f 7227 7153 6791 6718 
s 1
f 7535 5927 7533 7537 
s 2
f 6097 6100 6101 6096 
f 6097 6098 7875 7878 
f 6096 6101 7912 7905 
f 7878 7875 6269 6270 
f 7910 7909 6270 
f 6271 7910 6270 
f 6093 6098 6095 6092 
f 6093 6094 7879 7876 
f 6092 6095 7904 7903 
f 7876 7879 6161 6279 
f 6280 6272 6269 6279 
s 1
f 5925 5923 7530 7532 
f 5925 7531 7534 
s 2
f 7937 7938 8046 8048 
f 7939 7940 8050 8052 
f 7940 7941 8054 8050 
f 7941 7887 8056 8054 
f 7887 7888 8058 8056 
f 7888 7942 8060 8058 
f 7942 7889 8062 8060 
f 7889 7890 8064 8062 
f 7890 7891 8066 8064 
f 7891 7943 8068 8066 
f 7943 7944 8070 8068 
f 7944 7892 8072 8070 
f 7892 7893 8074 8072 
f 7893 7945 8076 8074 
f 7945 7946 8078 8076 
f 7946 7894 8080 8078 
f 7894 7947 8082 8080 
f 7947 7895 8084 8082 
f 7895 7896 8086 8084 
f 7896 7897 8088 8086 
f 7897 7898 8090 8088 
f 7898 7948 8092 8090 
f 7948 7899 8094 8092 
f 7899 7949 8096 8094 
f 7949 7900 8098 8096 
f 7900 7901 8100 8098 
f 7950 7951 8041 8044 
f 7951 7952 8102 8041 
f 7902 7903 8104 8106 
f 7904 7905 8108 8110 
f 7906 7907 8112 8114 
f 7912 7906 8114 8116 
f 7907 7959 8037 8112 
f 7901 7902 8106 8100 
f 7953 7939 8052 8118 
f 7938 7953 8118 8046 
f 7952 7937 8048 8102 
f 7905 7912 8116 8108 
f 7903 7904 8110 8104 
s 1
f 8043 8042 8040 7503 
f 6026 5491 5492 7954 
f 2916 5613 5614 7955 
f 2876 5692 5867 
f 7956 5863 5864 5393 
f 7955 5614 5863 7956 
f 5393 5864 5611 2915 
f 7957 6022 6023 7958 
f 7954 5492 6022 7957 
f 4907 7441 7454 7337 
f 7958 6023 5928 5094 
f 8020 7962 4968 4969 
f 7964 8020 4969 4970 
f 7966 7964 4970 5279 
f 8038 7966 5279 5278 
f 7968 8038 5278 4971 
f 7970 7968 4971 4972 
f 7972 7970 4972 4973 
f 7974 7972 4973 4974 
f 7976 7974 4974 4975 
f 7978 7976 4975 4976 
f 7980 7978 4976 4977 
f 7982 7980 4977 4978 
f 7984 7982 4978 4979 
f 7986 7984 4979 4980 
f 7988 7986 4980 4981 
f 7990 7988 4981 4982 
f 7992 7990 4982 4983 
f 7994 7992 4983 4984 
f 7996 7994 4984 4985 
f 7998 7996 4985 4986 
f 8000 7998 4986 4987 
f 8002 8000 4987 4988 
f 8004 8002 4988 4989 
f 8006 8004 4989 4990 
f 8008 8006 4990 4991 
f 8010 8008 4991 4992 
f 8012 8010 4992 4993 
f 8014 8012 4993 4994 
f 8016 8014 4994 4995 
f 8018 8016 4995 4996 
f 8022 8018 4996 4997 
f 8024 8022 4997 4998 
f 8026 8024 4998 4999 
f 8028 8026 4999 5001 
f 8034 8028 5001 5002 
f 8030 8034 5002 5003 
f 8032 8030 5003 5004 
f 8036 8032 5004 7538 
f 8111 8036 7538 7539 
f 8113 8111 7539 7540 
f 8115 8113 7540 7536 
f 8107 8115 7536 7537 
f 8109 8107 7537 7533 
f 8103 8109 7533 7534 
f 8105 8103 7534 7531 
f 8099 8105 7531 7532 
f 8097 8099 7532 7530 
f 8095 8097 7530 7529 
f 8093 8095 7529 7528 
f 8091 8093 7528 7527 
f 8089 8091 7527 7526 
f 8087 8089 7526 7525 
f 8085 8087 7525 7524 
f 8083 8085 7524 7523 
f 8081 8083 7523 7522 
f 8079 8081 7522 7521 
f 8077 8079 7521 7520 
f 8075 8077 7520 7519 
f 8073 8075 7519 7518 
f 8071 8073 7518 7517 
f 8069 8071 7517 7516 
f 8067 8069 7516 7515 
f 8065 8067 7515 7514 
f 8063 8065 7514 7513 
f 8061 8063 7513 7512 
f 8059 8061 7512 7511 
f 8057 8059 7511 7510 
f 8055 8057 7510 7509 
f 8053 8055 7509 7508 
f 8049 8053 7508 7506 
f 8051 8049 7506 7507 
f 8117 8051 7507 7825 
f 8045 8117 7825 7826 
f 8047 8045 7826 7505 
f 8101 8047 7505 7504 
f 8040 8101 7504 7503 
s 2
f 7967 7965 7964 7966 
f 7971 7969 7968 7970 
f 7973 7971 7970 7972 
f 7975 7973 7972 7974 
f 7977 7975 7974 7976 
f 7979 7977 7976 7978 
f 7981 7979 7978 7980 
f 7983 7981 7980 7982 
f 7985 7983 7982 7984 
f 7987 7985 7984 7986 
f 7989 7987 7986 7988 
f 7991 7989 7988 7990 
f 7993 7991 7990 7992 
f 7995 7993 7992 7994 
f 7997 7995 7994 7996 
f 7999 7997 7996 7998 
f 8001 7999 7998 8000 
f 8003 8001 8000 8002 
f 8005 8003 8002 8004 
f 8007 8005 8004 8006 
f 8009 8007 8006 8008 
f 8011 8009 8008 8010 
f 8013 8011 8010 8012 
f 8015 8013 8012 8014 
f 8017 8015 8014 8016 
f 8019 8017 8016 8018 
f 7963 7961 7960 7962 
f 8021 7963 7962 8020 
f 8025 8023 8022 8024 
f 8029 8027 8026 8028 
f 8033 8031 8030 8032 
f 8031 8035 8034 8030 
f 8037 8033 8032 8036 
f 8023 8019 8018 8022 
f 7969 8039 8038 7968 
f 8039 7967 7966 8038 
f 7965 8021 8020 7964 
f 8035 8029 8028 8034 
f 8027 8025 8024 8026 
f 8048 8046 8045 8047 
f 8052 8050 8049 8051 
f 8050 8054 8053 8049 
f 8054 8056 8055 8053 
f 8056 8058 8057 8055 
f 8058 8060 8059 8057 
f 8060 8062 8061 8059 
f 8062 8064 8063 8061 
f 8064 8066 8065 8063 
f 8066 8068 8067 8065 
f 8068 8070 8069 8067 
f 8070 8072 8071 8069 
f 8072 8074 8073 8071 
f 8074 8076 8075 8073 
f 8076 8078 8077 8075 
f 8078 8080 8079 8077 
f 8080 8082 8081 8079 
f 8082 8084 8083 8081 
f 8084 8086 8085 8083 
f 8086 8088 8087 8085 
f 8088 8090 8089 8087 
f 8090 8092 8091 8089 
f 8092 8094 8093 8091 
f 8094 8096 8095 8093 
f 8096 8098 8097 8095 
f 8098 8100 8099 8097 
f 8044 8041 8040 8042 
f 8041 8102 8101 8040 
f 8106 8104 8103 8105 
f 8110 8108 8107 8109 
f 8114 8112 8111 8113 
f 8116 8114 8113 8115 
f 8112 8037 8036 8111 
f 8100 8106 8105 8099 
f 8118 8052 8051 8117 
f 8046 8118 8117 8045 
f 8102 8048 8047 8101 
f 8108 8116 8115 8107 
f 8104 8110 8109 8103 
f 7186 7187 7192 
f 7186 7192 4664 
f 5283 7960 7961 3533 
f 7961 5388 6028 3533 
f 6028 7950 8044 6027 
f 8044 8042 7830 6027 
s 1
f 2898 7538 5004 
f 2898 5004 5003 
f 2898 7535 7536 7540 
f 2898 7540 7539 
# 7854 polygons - 484 triangles

