product_code,asset_url,asset_type_normalized,file_format_normalized,product_url,product_exists,asset_id
1188IN-C1-0,https://techcomm.kohler.com/techcomm/cad/1188IN-C1.obj,3d model,OBJ,https://www.kohler.co.in/p/sok-1905-mm-x-1040-mm-drop-in-whirlpool-bath-with-effervescence-and-chromatherapy-1188in-c1?skuId=1188IN-C1-0,True,asset_000051
1188IN-C1-0,https://techcomm.kohler.com/techcomm/cad/1188IN-C1.skp,3d model,SKP,https://www.kohler.co.in/p/sok-1905-mm-x-1040-mm-drop-in-whirlpool-bath-with-effervescence-and-chromatherapy-1188in-c1?skuId=1188IN-C1-0,True,asset_000052
1188IN-C1-0,https://techcomm.kohler.com/techcomm/cad/1188IN-C1.3ds,3d model,3DS,https://www.kohler.co.in/p/sok-1905-mm-x-1040-mm-drop-in-whirlpool-bath-with-effervescence-and-chromatherapy-1188in-c1?skuId=1188IN-C1-0,True,asset_000048
1188IN-C1-0,https://techcomm.kohler.com/techcomm/cad/Bath-Drop_In-Effervesence-KOHLER-Sok-K-1188IN.rfa,3d model,RFA,https://www.kohler.co.in/p/sok-1905-mm-x-1040-mm-drop-in-whirlpool-bath-with-effervescence-and-chromatherapy-1188in-c1?skuId=1188IN-C1-0,True,asset_002473
1188IN-C1-0,https://techcomm.kohler.com/techcomm/cad/1188in_c1pln.dxf,cad drawing,DXF,https://www.kohler.co.in/p/sok-1905-mm-x-1040-mm-drop-in-whirlpool-bath-with-effervescence-and-chromatherapy-1188in-c1?skuId=1188IN-C1-0,True,asset_000056
1188IN-C1-0,https://techcomm.kohler.com/techcomm/cad/1188in_c1pln.dwg,cad drawing,DWG,https://www.kohler.co.in/p/sok-1905-mm-x-1040-mm-drop-in-whirlpool-bath-with-effervescence-and-chromatherapy-1188in-c1?skuId=1188IN-C1-0,True,asset_000055
1188IN-C1-0,https://techcomm.kohler.com/techcomm/cad/1188in_c1frt.dxf,cad drawing,DXF,https://www.kohler.co.in/p/sok-1905-mm-x-1040-mm-drop-in-whirlpool-bath-with-effervescence-and-chromatherapy-1188in-c1?skuId=1188IN-C1-0,True,asset_000054
1188IN-C1-0,https://techcomm.kohler.com/techcomm/cad/1188in_c1frt.dwg,cad drawing,DWG,https://www.kohler.co.in/p/sok-1905-mm-x-1040-mm-drop-in-whirlpool-bath-with-effervescence-and-chromatherapy-1188in-c1?skuId=1188IN-C1-0,True,asset_000053
1188IN-C1-0,https://techcomm.kohler.com/techcomm/cad/1188in_c1sde.dxf,cad drawing,DXF,https://www.kohler.co.in/p/sok-1905-mm-x-1040-mm-drop-in-whirlpool-bath-with-effervescence-and-chromatherapy-1188in-c1?skuId=1188IN-C1-0,True,asset_000058
1188IN-C1-0,https://techcomm.kohler.com/techcomm/cad/1188in_c1sde.dwg,cad drawing,DWG,https://www.kohler.co.in/p/sok-1905-mm-x-1040-mm-drop-in-whirlpool-bath-with-effervescence-and-chromatherapy-1188in-c1?skuId=1188IN-C1-0,True,asset_000057
1188IN-C1-0,https://techcomm.kohler.com/techcomm/cad/1188IN-C1.dxf,cad drawing,DXF,https://www.kohler.co.in/p/sok-1905-mm-x-1040-mm-drop-in-whirlpool-bath-with-effervescence-and-chromatherapy-1188in-c1?skuId=1188IN-C1-0,True,asset_000050
1188IN-C1-0,https://techcomm.kohler.com/techcomm/cad/1188IN-C1.dwg,cad drawing,DWG,https://www.kohler.co.in/p/sok-1905-mm-x-1040-mm-drop-in-whirlpool-bath-with-effervescence-and-chromatherapy-1188in-c1?skuId=1188IN-C1-0,True,asset_000049
1188IN-C1-0,https://techcomm.kohler.com/techcomm/pdf/K-1188IN-C1_spec_IN_Kohler_en.pdf,spec sheet,PDF,https://www.kohler.co.in/p/sok-1905-mm-x-1040-mm-drop-in-whirlpool-bath-with-effervescence-and-chromatherapy-1188in-c1?skuId=1188IN-C1-0,True,asset_002926
15847T-0,https://techcomm.kohler.com/techcomm/cad/15847T.obj,3d model,OBJ,https://www.kohler.co.in/p/reach-1500-mm-x-700-mm-drop-in-bath-15847t?skuId=15847T-0,True,asset_000223
15847T-0,https://techcomm.kohler.com/techcomm/cad/15847T.skp,3d model,SKP,https://www.kohler.co.in/p/reach-1500-mm-x-700-mm-drop-in-bath-15847t?skuId=15847T-0,True,asset_000224
15847T-0,https://techcomm.kohler.com/techcomm/cad/15847T.3ds,3d model,3DS,https://www.kohler.co.in/p/reach-1500-mm-x-700-mm-drop-in-bath-15847t?skuId=15847T-0,True,asset_000220
15847T-0,https://techcomm.kohler.com/techcomm/cad/Bath-Drop_In-KOHLER-REACH-K-15847T.rfa,3d model,RFA,https://www.kohler.co.in/p/reach-1500-mm-x-700-mm-drop-in-bath-15847t?skuId=15847T-0,True,asset_002478
15847T-0,https://techcomm.kohler.com/techcomm/cad/15847tpln.dxf,cad drawing,DXF,https://www.kohler.co.in/p/reach-1500-mm-x-700-mm-drop-in-bath-15847t?skuId=15847T-0,True,asset_000228
15847T-0,https://techcomm.kohler.com/techcomm/cad/15847tpln.dwg,cad drawing,DWG,https://www.kohler.co.in/p/reach-1500-mm-x-700-mm-drop-in-bath-15847t?skuId=15847T-0,True,asset_000227
15847T-0,https://techcomm.kohler.com/techcomm/cad/15847tfrt.dxf,cad drawing,DXF,https://www.kohler.co.in/p/reach-1500-mm-x-700-mm-drop-in-bath-15847t?skuId=15847T-0,True,asset_000226
15847T-0,https://techcomm.kohler.com/techcomm/cad/15847tfrt.dwg,cad drawing,DWG,https://www.kohler.co.in/p/reach-1500-mm-x-700-mm-drop-in-bath-15847t?skuId=15847T-0,True,asset_000225
15847T-0,https://techcomm.kohler.com/techcomm/cad/15847tsde.dxf,cad drawing,DXF,https://www.kohler.co.in/p/reach-1500-mm-x-700-mm-drop-in-bath-15847t?skuId=15847T-0,True,asset_000230
15847T-0,https://techcomm.kohler.com/techcomm/cad/15847tsde.dwg,cad drawing,DWG,https://www.kohler.co.in/p/reach-1500-mm-x-700-mm-drop-in-bath-15847t?skuId=15847T-0,True,asset_000229
15847T-0,https://techcomm.kohler.com/techcomm/cad/15847T.dxf,cad drawing,DXF,https://www.kohler.co.in/p/reach-1500-mm-x-700-mm-drop-in-bath-15847t?skuId=15847T-0,True,asset_000222
15847T-0,https://techcomm.kohler.com/techcomm/cad/15847T.dwg,cad drawing,DWG,https://www.kohler.co.in/p/reach-1500-mm-x-700-mm-drop-in-bath-15847t?skuId=15847T-0,True,asset_000221
15847T-0,https://techcomm.kohler.com/techcomm/pdf/K-15847T_spec_IN_Kohler_en.pdf,spec sheet,PDF,https://www.kohler.co.in/p/reach-1500-mm-x-700-mm-drop-in-bath-15847t?skuId=15847T-0,True,asset_002946
15847T-0,https://techcomm.kohler.com/techcomm/pdf/15847t.pdf,installation,PDF,https://www.kohler.co.in/p/reach-1500-mm-x-700-mm-drop-in-bath-15847t?skuId=15847T-0,True,asset_002858
18775T-0,https://techcomm.kohler.com/techcomm/cad/18775T.obj,3d model,OBJ,https://www.kohler.co.in/p/duo-1670-mm-x-760-mm-drop-in-bath-18775t?skuId=18775T-0,True,asset_000329
18775T-0,https://techcomm.kohler.com/techcomm/cad/18775T.skp,3d model,SKP,https://www.kohler.co.in/p/duo-1670-mm-x-760-mm-drop-in-bath-18775t?skuId=18775T-0,True,asset_000330
18775T-0,https://techcomm.kohler.com/techcomm/cad/18775T.3ds,3d model,3DS,https://www.kohler.co.in/p/duo-1670-mm-x-760-mm-drop-in-bath-18775t?skuId=18775T-0,True,asset_000326
18775T-0,https://techcomm.kohler.com/techcomm/cad/Bath-Drop_In-KOHLER-DUO-K-18775T.rfa,3d model,RFA,https://www.kohler.co.in/p/duo-1670-mm-x-760-mm-drop-in-bath-18775t?skuId=18775T-0,True,asset_002475
18775T-0,https://techcomm.kohler.com/techcomm/cad/18775tpln.dxf,cad drawing,DXF,https://www.kohler.co.in/p/duo-1670-mm-x-760-mm-drop-in-bath-18775t?skuId=18775T-0,True,asset_000334
18775T-0,https://techcomm.kohler.com/techcomm/cad/18775tpln.dwg,cad drawing,DWG,https://www.kohler.co.in/p/duo-1670-mm-x-760-mm-drop-in-bath-18775t?skuId=18775T-0,True,asset_000333
18775T-0,https://techcomm.kohler.com/techcomm/cad/18775tfrt.dxf,cad drawing,DXF,https://www.kohler.co.in/p/duo-1670-mm-x-760-mm-drop-in-bath-18775t?skuId=18775T-0,True,asset_000332
18775T-0,https://techcomm.kohler.com/techcomm/cad/18775tfrt.dwg,cad drawing,DWG,https://www.kohler.co.in/p/duo-1670-mm-x-760-mm-drop-in-bath-18775t?skuId=18775T-0,True,asset_000331
18775T-0,https://techcomm.kohler.com/techcomm/cad/18775tsde.dxf,cad drawing,DXF,https://www.kohler.co.in/p/duo-1670-mm-x-760-mm-drop-in-bath-18775t?skuId=18775T-0,True,asset_000336
18775T-0,https://techcomm.kohler.com/techcomm/cad/18775tsde.dwg,cad drawing,DWG,https://www.kohler.co.in/p/duo-1670-mm-x-760-mm-drop-in-bath-18775t?skuId=18775T-0,True,asset_000335
18775T-0,https://techcomm.kohler.com/techcomm/cad/18775T.dxf,cad drawing,DXF,https://www.kohler.co.in/p/duo-1670-mm-x-760-mm-drop-in-bath-18775t?skuId=18775T-0,True,asset_000328
18775T-0,https://techcomm.kohler.com/techcomm/cad/18775T.dwg,cad drawing,DWG,https://www.kohler.co.in/p/duo-1670-mm-x-760-mm-drop-in-bath-18775t?skuId=18775T-0,True,asset_000327
18775T-0,https://techcomm.kohler.com/techcomm/pdf/K-18775T_spec_IN_Kohler_en.pdf,spec sheet,PDF,https://www.kohler.co.in/p/duo-1670-mm-x-760-mm-drop-in-bath-18775t?skuId=18775T-0,True,asset_002962
18775T-0,https://techcomm.kohler.com/techcomm/pdf/18775t_18776t.pdf,installation,PDF,https://www.kohler.co.in/p/duo-1670-mm-x-760-mm-drop-in-bath-18775t?skuId=18775T-0,True,asset_002908
1704T-Z-0,https://techcomm.kohler.com/techcomm/cad/1704T-Z.obj,3d model,OBJ,https://www.kohler.co.in/p/evok-1800-mm-x-800-mm-drop-in-bath-1704t-z?skuId=1704T-Z-0,True,asset_000268
1704T-Z-0,https://techcomm.kohler.com/techcomm/cad/1704T-Z.skp,3d model,SKP,https://www.kohler.co.in/p/evok-1800-mm-x-800-mm-drop-in-bath-1704t-z?skuId=1704T-Z-0,True,asset_000269
1704T-Z-0,https://techcomm.kohler.com/techcomm/cad/1704T-Z.3ds,3d model,3DS,https://www.kohler.co.in/p/evok-1800-mm-x-800-mm-drop-in-bath-1704t-z?skuId=1704T-Z-0,True,asset_000265
1704T-Z-0,https://techcomm.kohler.com/techcomm/cad/Bath-Drop_In-KOHLER-EVOK-K-1704T.rfa,3d model,RFA,https://www.kohler.co.in/p/evok-1800-mm-x-800-mm-drop-in-bath-1704t-z?skuId=1704T-Z-0,True,asset_002477
1704T-Z-0,https://techcomm.kohler.com/techcomm/cad/1704t_zpln.dxf,cad drawing,DXF,https://www.kohler.co.in/p/evok-1800-mm-x-800-mm-drop-in-bath-1704t-z?skuId=1704T-Z-0,True,asset_000273
1704T-Z-0,https://techcomm.kohler.com/techcomm/cad/1704t_zpln.dwg,cad drawing,DWG,https://www.kohler.co.in/p/evok-1800-mm-x-800-mm-drop-in-bath-1704t-z?skuId=1704T-Z-0,True,asset_000272
1704T-Z-0,https://techcomm.kohler.com/techcomm/cad/1704t_zfrt.dxf,cad drawing,DXF,https://www.kohler.co.in/p/evok-1800-mm-x-800-mm-drop-in-bath-1704t-z?skuId=1704T-Z-0,True,asset_000271
1704T-Z-0,https://techcomm.kohler.com/techcomm/cad/1704t_zfrt.dwg,cad drawing,DWG,https://www.kohler.co.in/p/evok-1800-mm-x-800-mm-drop-in-bath-1704t-z?skuId=1704T-Z-0,True,asset_000270
1704T-Z-0,https://techcomm.kohler.com/techcomm/cad/1704t_zsde.dxf,cad drawing,DXF,https://www.kohler.co.in/p/evok-1800-mm-x-800-mm-drop-in-bath-1704t-z?skuId=1704T-Z-0,True,asset_000275
1704T-Z-0,https://techcomm.kohler.com/techcomm/cad/1704t_zsde.dwg,cad drawing,DWG,https://www.kohler.co.in/p/evok-1800-mm-x-800-mm-drop-in-bath-1704t-z?skuId=1704T-Z-0,True,asset_000274
1704T-Z-0,https://techcomm.kohler.com/techcomm/cad/1704T-Z.dxf,cad drawing,DXF,https://www.kohler.co.in/p/evok-1800-mm-x-800-mm-drop-in-bath-1704t-z?skuId=1704T-Z-0,True,asset_000267
1704T-Z-0,https://techcomm.kohler.com/techcomm/cad/1704T-Z.dwg,cad drawing,DWG,https://www.kohler.co.in/p/evok-1800-mm-x-800-mm-drop-in-bath-1704t-z?skuId=1704T-Z-0,True,asset_000266
1704T-Z-0,https://techcomm.kohler.com/techcomm/pdf/K-1704T-Z_spec_IN_Kohler_en.pdf,spec sheet,PDF,https://www.kohler.co.in/p/evok-1800-mm-x-800-mm-drop-in-bath-1704t-z?skuId=1704T-Z-0,True,asset_002950
18776T-0,https://techcomm.kohler.com/techcomm/cad/18776T.obj,3d model,OBJ,https://www.kohler.co.in/p/duo-1520-mm-x-760-mm-drop-in-bath-18776t?skuId=18776T-0,True,asset_000340
18776T-0,https://techcomm.kohler.com/techcomm/cad/18776T.skp,3d model,SKP,https://www.kohler.co.in/p/duo-1520-mm-x-760-mm-drop-in-bath-18776t?skuId=18776T-0,True,asset_000341
18776T-0,https://techcomm.kohler.com/techcomm/cad/18776T.3ds,3d model,3DS,https://www.kohler.co.in/p/duo-1520-mm-x-760-mm-drop-in-bath-18776t?skuId=18776T-0,True,asset_000337
18776T-0,https://techcomm.kohler.com/techcomm/cad/Bath-Drop_In-KOHLER-DUO-K-18776T.rfa,3d model,RFA,https://www.kohler.co.in/p/duo-1520-mm-x-760-mm-drop-in-bath-18776t?skuId=18776T-0,True,asset_002476
18776T-0,https://techcomm.kohler.com/techcomm/cad/18776tpln.dxf,cad drawing,DXF,https://www.kohler.co.in/p/duo-1520-mm-x-760-mm-drop-in-bath-18776t?skuId=18776T-0,True,asset_000345
18776T-0,https://techcomm.kohler.com/techcomm/cad/18776tpln.dwg,cad drawing,DWG,https://www.kohler.co.in/p/duo-1520-mm-x-760-mm-drop-in-bath-18776t?skuId=18776T-0,True,asset_000344
18776T-0,https://techcomm.kohler.com/techcomm/cad/18776tfrt.dxf,cad drawing,DXF,https://www.kohler.co.in/p/duo-1520-mm-x-760-mm-drop-in-bath-18776t?skuId=18776T-0,True,asset_000343
18776T-0,https://techcomm.kohler.com/techcomm/cad/18776tfrt.dwg,cad drawing,DWG,https://www.kohler.co.in/p/duo-1520-mm-x-760-mm-drop-in-bath-18776t?skuId=18776T-0,True,asset_000342
18776T-0,https://techcomm.kohler.com/techcomm/cad/18776tsde.dxf,cad drawing,DXF,https://www.kohler.co.in/p/duo-1520-mm-x-760-mm-drop-in-bath-18776t?skuId=18776T-0,True,asset_000347
18776T-0,https://techcomm.kohler.com/techcomm/cad/18776tsde.dwg,cad drawing,DWG,https://www.kohler.co.in/p/duo-1520-mm-x-760-mm-drop-in-bath-18776t?skuId=18776T-0,True,asset_000346
18776T-0,https://techcomm.kohler.com/techcomm/cad/18776T.dxf,cad drawing,DXF,https://www.kohler.co.in/p/duo-1520-mm-x-760-mm-drop-in-bath-18776t?skuId=18776T-0,True,asset_000339
18776T-0,https://techcomm.kohler.com/techcomm/cad/18776T.dwg,cad drawing,DWG,https://www.kohler.co.in/p/duo-1520-mm-x-760-mm-drop-in-bath-18776t?skuId=18776T-0,True,asset_000338
18776T-0,https://techcomm.kohler.com/techcomm/pdf/K-18776T_spec_IN_Kohler_en.pdf,spec sheet,PDF,https://www.kohler.co.in/p/duo-1520-mm-x-760-mm-drop-in-bath-18776t?skuId=18776T-0,True,asset_002963
18776T-0,https://techcomm.kohler.com/techcomm/pdf/18775t_18776t.pdf,installation,PDF,https://www.kohler.co.in/p/duo-1520-mm-x-760-mm-drop-in-bath-18776t?skuId=18776T-0,True,asset_002908
15848T-0,https://techcomm.kohler.com/techcomm/cad/15848T.obj,3d model,OBJ,https://www.kohler.co.in/p/reach-1700-mm-x-700-mm-drop-in-bath-15848t?skuId=15848T-0,True,asset_000234
15848T-0,https://techcomm.kohler.com/techcomm/cad/15848T.skp,3d model,SKP,https://www.kohler.co.in/p/reach-1700-mm-x-700-mm-drop-in-bath-15848t?skuId=15848T-0,True,asset_000235
15848T-0,https://techcomm.kohler.com/techcomm/cad/15848T.3ds,3d model,3DS,https://www.kohler.co.in/p/reach-1700-mm-x-700-mm-drop-in-bath-15848t?skuId=15848T-0,True,asset_000231
15848T-0,https://techcomm.kohler.com/techcomm/cad/Bath-Drop_In-KOHLER-REACH-K-15848T.rfa,3d model,RFA,https://www.kohler.co.in/p/reach-1700-mm-x-700-mm-drop-in-bath-15848t?skuId=15848T-0,True,asset_002479
15848T-0,https://techcomm.kohler.com/techcomm/cad/15848tpln.dxf,cad drawing,DXF,https://www.kohler.co.in/p/reach-1700-mm-x-700-mm-drop-in-bath-15848t?skuId=15848T-0,True,asset_000239
15848T-0,https://techcomm.kohler.com/techcomm/cad/15848tpln.dwg,cad drawing,DWG,https://www.kohler.co.in/p/reach-1700-mm-x-700-mm-drop-in-bath-15848t?skuId=15848T-0,True,asset_000238
15848T-0,https://techcomm.kohler.com/techcomm/cad/15848tfrt.dxf,cad drawing,DXF,https://www.kohler.co.in/p/reach-1700-mm-x-700-mm-drop-in-bath-15848t?skuId=15848T-0,True,asset_000237
15848T-0,https://techcomm.kohler.com/techcomm/cad/15848tfrt.dwg,cad drawing,DWG,https://www.kohler.co.in/p/reach-1700-mm-x-700-mm-drop-in-bath-15848t?skuId=15848T-0,True,asset_000236
15848T-0,https://techcomm.kohler.com/techcomm/cad/15848tsde.dxf,cad drawing,DXF,https://www.kohler.co.in/p/reach-1700-mm-x-700-mm-drop-in-bath-15848t?skuId=15848T-0,True,asset_000241
15848T-0,https://techcomm.kohler.com/techcomm/cad/15848tsde.dwg,cad drawing,DWG,https://www.kohler.co.in/p/reach-1700-mm-x-700-mm-drop-in-bath-15848t?skuId=15848T-0,True,asset_000240
15848T-0,https://techcomm.kohler.com/techcomm/cad/15848T.dxf,cad drawing,DXF,https://www.kohler.co.in/p/reach-1700-mm-x-700-mm-drop-in-bath-15848t?skuId=15848T-0,True,asset_000233
15848T-0,https://techcomm.kohler.com/techcomm/cad/15848T.dwg,cad drawing,DWG,https://www.kohler.co.in/p/reach-1700-mm-x-700-mm-drop-in-bath-15848t?skuId=15848T-0,True,asset_000232
15848T-0,https://techcomm.kohler.com/techcomm/pdf/K-15848T_spec_IN_Kohler_en.pdf,spec sheet,PDF,https://www.kohler.co.in/p/reach-1700-mm-x-700-mm-drop-in-bath-15848t?skuId=15848T-0,True,asset_002947
15848T-0,https://techcomm.kohler.com/techcomm/pdf/15848T.pdf,installation,PDF,https://www.kohler.co.in/p/reach-1700-mm-x-700-mm-drop-in-bath-15848t?skuId=15848T-0,True,asset_002859
18778T-0,https://techcomm.kohler.com/techcomm/pdf/18778t.pdf,installation,PDF,https://www.kohler.co.in/p/emerald-acrylic-drop-in-bathtub-18778t?skuId=18778T-0,True,asset_002909
18749IN-W03C-0,https://techcomm.kohler.com/techcomm/cad/18749IN-W03C.obj,3d model,OBJ,https://www.kohler.co.in/p/evora-1850-mm-x-1100-mm-drop-in-acrylic-rectangular-whirlpool-bath-with-chromatherapy-18749in-w03c?skuId=18749IN-W03C-0,True,asset_000318
18749IN-W03C-0,https://techcomm.kohler.com/techcomm/cad/18749IN-W03C.skp,3d model,SKP,https://www.kohler.co.in/p/evora-1850-mm-x-1100-mm-drop-in-acrylic-rectangular-whirlpool-bath-with-chromatherapy-18749in-w03c?skuId=18749IN-W03C-0,True,asset_000319
18749IN-W03C-0,https://techcomm.kohler.com/techcomm/cad/18749IN-W03C.3ds,3d model,3DS,https://www.kohler.co.in/p/evora-1850-mm-x-1100-mm-drop-in-acrylic-rectangular-whirlpool-bath-with-chromatherapy-18749in-w03c?skuId=18749IN-W03C-0,True,asset_000315
18749IN-W03C-0,https://techcomm.kohler.com/techcomm/cad/Bath-Drop_In-Whirlpool-Heater-KOHLER-Evora-K-18749IN.rfa,3d model,RFA,https://www.kohler.co.in/p/evora-1850-mm-x-1100-mm-drop-in-acrylic-rectangular-whirlpool-bath-with-chromatherapy-18749in-w03c?skuId=18749IN-W03C-0,True,asset_002480
18749IN-W03C-0,https://techcomm.kohler.com/techcomm/cad/18749in_w03cpln.dxf,cad drawing,DXF,https://www.kohler.co.in/p/evora-1850-mm-x-1100-mm-drop-in-acrylic-rectangular-whirlpool-bath-with-chromatherapy-18749in-w03c?skuId=18749IN-W03C-0,True,asset_000323
18749IN-W03C-0,https://techcomm.kohler.com/techcomm/cad/18749in_w03cpln.dwg,cad drawing,DWG,https://www.kohler.co.in/p/evora-1850-mm-x-1100-mm-drop-in-acrylic-rectangular-whirlpool-bath-with-chromatherapy-18749in-w03c?skuId=18749IN-W03C-0,True,asset_000322
18749IN-W03C-0,https://techcomm.kohler.com/techcomm/cad/18749in_w03cfrt.dxf,cad drawing,DXF,https://www.kohler.co.in/p/evora-1850-mm-x-1100-mm-drop-in-acrylic-rectangular-whirlpool-bath-with-chromatherapy-18749in-w03c?skuId=18749IN-W03C-0,True,asset_000321
18749IN-W03C-0,https://techcomm.kohler.com/techcomm/cad/18749in_w03cfrt.dwg,cad drawing,DWG,https://www.kohler.co.in/p/evora-1850-mm-x-1100-mm-drop-in-acrylic-rectangular-whirlpool-bath-with-chromatherapy-18749in-w03c?skuId=18749IN-W03C-0,True,asset_000320
18749IN-W03C-0,https://techcomm.kohler.com/techcomm/cad/18749in_w03csde.dxf,cad drawing,DXF,https://www.kohler.co.in/p/evora-1850-mm-x-1100-mm-drop-in-acrylic-rectangular-whirlpool-bath-with-chromatherapy-18749in-w03c?skuId=18749IN-W03C-0,True,asset_000325
18749IN-W03C-0,https://techcomm.kohler.com/techcomm/cad/18749in_w03csde.dwg,cad drawing,DWG,https://www.kohler.co.in/p/evora-1850-mm-x-1100-mm-drop-in-acrylic-rectangular-whirlpool-bath-with-chromatherapy-18749in-w03c?skuId=18749IN-W03C-0,True,asset_000324
18749IN-W03C-0,https://techcomm.kohler.com/techcomm/cad/18749IN-W03C.dxf,cad drawing,DXF,https://www.kohler.co.in/p/evora-1850-mm-x-1100-mm-drop-in-acrylic-rectangular-whirlpool-bath-with-chromatherapy-18749in-w03c?skuId=18749IN-W03C-0,True,asset_000317
18749IN-W03C-0,https://techcomm.kohler.com/techcomm/cad/18749IN-W03C.dwg,cad drawing,DWG,https://www.kohler.co.in/p/evora-1850-mm-x-1100-mm-drop-in-acrylic-rectangular-whirlpool-bath-with-chromatherapy-18749in-w03c?skuId=18749IN-W03C-0,True,asset_000316
18749IN-W03C-0,https://techcomm.kohler.com/techcomm/pdf/K-18749IN-W03C_spec_IN_Kohler_en.pdf,spec sheet,PDF,https://www.kohler.co.in/p/evora-1850-mm-x-1100-mm-drop-in-acrylic-rectangular-whirlpool-bath-with-chromatherapy-18749in-w03c?skuId=18749IN-W03C-0,True,asset_002961
1418-V-0,https://techcomm.kohler.com/techcomm/cad/1418.skp,3d model,SKP,https://www.kohler.co.in/p/memoirs-72-x-42-drop-in-effervescence-whirlpool-with-spa-massage-package-1418-v?skuId=1418-V-0,True,asset_000169
1418-V-0,https://techcomm.kohler.com/techcomm/cad/1418.3ds,3d model,3DS,https://www.kohler.co.in/p/memoirs-72-x-42-drop-in-effervescence-whirlpool-with-spa-massage-package-1418-v?skuId=1418-V-0,True,asset_000166
1418-V-0,https://techcomm.kohler.com/techcomm/cad/Bath-Drop_In-Effervesence-Whirlpool-KOHLER-Memoirs-K-1418.rfa,3d model,RFA,https://www.kohler.co.in/p/memoirs-72-x-42-drop-in-effervescence-whirlpool-with-spa-massage-package-1418-v?skuId=1418-V-0,True,asset_002474
1418-V-0,https://techcomm.kohler.com/techcomm/cad/1418pln.dxf,cad drawing,DXF,https://www.kohler.co.in/p/memoirs-72-x-42-drop-in-effervescence-whirlpool-with-spa-massage-package-1418-v?skuId=1418-V-0,True,asset_000173
1418-V-0,https://techcomm.kohler.com/techcomm/cad/1418pln.dwg,cad drawing,DWG,https://www.kohler.co.in/p/memoirs-72-x-42-drop-in-effervescence-whirlpool-with-spa-massage-package-1418-v?skuId=1418-V-0,True,asset_000172
1418-V-0,https://techcomm.kohler.com/techcomm/cad/1418frt.dxf,cad drawing,DXF,https://www.kohler.co.in/p/memoirs-72-x-42-drop-in-effervescence-whirlpool-with-spa-massage-package-1418-v?skuId=1418-V-0,True,asset_000171
1418-V-0,https://techcomm.kohler.com/techcomm/cad/1418frt.dwg,cad drawing,DWG,https://www.kohler.co.in/p/memoirs-72-x-42-drop-in-effervescence-whirlpool-with-spa-massage-package-1418-v?skuId=1418-V-0,True,asset_000170
1418-V-0,https://techcomm.kohler.com/techcomm/cad/1418sde.dxf,cad drawing,DXF,https://www.kohler.co.in/p/memoirs-72-x-42-drop-in-effervescence-whirlpool-with-spa-massage-package-1418-v?skuId=1418-V-0,True,asset_000175
1418-V-0,https://techcomm.kohler.com/techcomm/cad/1418sde.dwg,cad drawing,DWG,https://www.kohler.co.in/p/memoirs-72-x-42-drop-in-effervescence-whirlpool-with-spa-massage-package-1418-v?skuId=1418-V-0,True,asset_000174
1418-V-0,https://techcomm.kohler.com/techcomm/cad/1418.dxf,cad drawing,DXF,https://www.kohler.co.in/p/memoirs-72-x-42-drop-in-effervescence-whirlpool-with-spa-massage-package-1418-v?skuId=1418-V-0,True,asset_000168
1418-V-0,https://techcomm.kohler.com/techcomm/cad/1418.dwg,cad drawing,DWG,https://www.kohler.co.in/p/memoirs-72-x-42-drop-in-effervescence-whirlpool-with-spa-massage-package-1418-v?skuId=1418-V-0,True,asset_000167
1418-V-0,https://techcomm.kohler.com/techcomm/pdf/K-1418-V_spec_US-CA_Kohler_en.pdf,spec sheet,PDF,https://www.kohler.co.in/p/memoirs-72-x-42-drop-in-effervescence-whirlpool-with-spa-massage-package-1418-v?skuId=1418-V-0,True,asset_002940
1418-V-0,https://techcomm.kohler.com/techcomm/pdf/K-1418-V_spec_IN_Kohler_en.pdf,spec sheet,PDF,https://www.kohler.co.in/p/memoirs-72-x-42-drop-in-effervescence-whirlpool-with-spa-massage-package-1418-v?skuId=1418-V-0,True,asset_002939
1418-V-0,https://techcomm.kohler.com/techcomm/pdf/K-1418-V_spec_US-CA_Kohler_fr-ca.pdf,spec sheet,PDF,https://www.kohler.co.in/p/memoirs-72-x-42-drop-in-effervescence-whirlpool-with-spa-massage-package-1418-v?skuId=1418-V-0,True,asset_002941
1418-V-0,https://techcomm.kohler.com/techcomm/pdf/1023249-5.pdf,homeowners guide,PDF,https://www.kohler.co.in/p/memoirs-72-x-42-drop-in-effervescence-whirlpool-with-spa-massage-package-1418-v?skuId=1418-V-0,True,asset_002761
1418-V-0,https://techcomm.kohler.com/techcomm/pdf/1387900-2.pdf,installation,PDF,https://www.kohler.co.in/p/memoirs-72-x-42-drop-in-effervescence-whirlpool-with-spa-massage-package-1418-v?skuId=1418-V-0,True,asset_002795
1418-V-0,https://techcomm.kohler.com/techcomm/pdf/1194657-2.pdf,installation,PDF,https://www.kohler.co.in/p/memoirs-72-x-42-drop-in-effervescence-whirlpool-with-spa-massage-package-1418-v?skuId=1418-V-0,True,asset_002769
20627IN-K-0,https://techcomm.kohler.com/techcomm/cad/20627in_kpln.dxf,cad drawing,DXF,https://www.kohler.co.in/p/hourglass-1529-mm-x-818-mm-corner-whirlpool-bath-20627in-k?skuId=20627IN-K-0,True,asset_000395
20627IN-K-0,https://techcomm.kohler.com/techcomm/cad/20627in_kpln.dwg,cad drawing,DWG,https://www.kohler.co.in/p/hourglass-1529-mm-x-818-mm-corner-whirlpool-bath-20627in-k?skuId=20627IN-K-0,True,asset_000394
20627IN-K-0,https://techcomm.kohler.com/techcomm/cad/20627in_kfrt.dxf,cad drawing,DXF,https://www.kohler.co.in/p/hourglass-1529-mm-x-818-mm-corner-whirlpool-bath-20627in-k?skuId=20627IN-K-0,True,asset_000393
20627IN-K-0,https://techcomm.kohler.com/techcomm/cad/20627in_kfrt.dwg,cad drawing,DWG,https://www.kohler.co.in/p/hourglass-1529-mm-x-818-mm-corner-whirlpool-bath-20627in-k?skuId=20627IN-K-0,True,asset_000392
20627IN-K-0,https://techcomm.kohler.com/techcomm/cad/20627in_ksde.dxf,cad drawing,DXF,https://www.kohler.co.in/p/hourglass-1529-mm-x-818-mm-corner-whirlpool-bath-20627in-k?skuId=20627IN-K-0,True,asset_000397
20627IN-K-0,https://techcomm.kohler.com/techcomm/cad/20627in_ksde.dwg,cad drawing,DWG,https://www.kohler.co.in/p/hourglass-1529-mm-x-818-mm-corner-whirlpool-bath-20627in-k?skuId=20627IN-K-0,True,asset_000396
1360IN-H2-0,https://techcomm.kohler.com/techcomm/cad/1360IN-H2.obj,3d model,OBJ,https://www.kohler.co.in/p/riverbath-1905-mm-x-1143-mm-drop-in-heated-whirlpool-bath-with-chromatherapy-1360in-h2?skuId=1360IN-H2-0,True,asset_000081
1360IN-H2-0,https://techcomm.kohler.com/techcomm/cad/1360IN-H2.skp,3d model,SKP,https://www.kohler.co.in/p/riverbath-1905-mm-x-1143-mm-drop-in-heated-whirlpool-bath-with-chromatherapy-1360in-h2?skuId=1360IN-H2-0,True,asset_000082
1360IN-H2-0,https://techcomm.kohler.com/techcomm/cad/1360IN-H2.3ds,3d model,3DS,https://www.kohler.co.in/p/riverbath-1905-mm-x-1143-mm-drop-in-heated-whirlpool-bath-with-chromatherapy-1360in-h2?skuId=1360IN-H2-0,True,asset_000078
1360IN-H2-0,https://techcomm.kohler.com/techcomm/cad/Bath-Drop_In-Whirlpool-Heater-KOHLER-Riverbath-K-1360IN.rfa,3d model,RFA,https://www.kohler.co.in/p/riverbath-1905-mm-x-1143-mm-drop-in-heated-whirlpool-bath-with-chromatherapy-1360in-h2?skuId=1360IN-H2-0,True,asset_002481
1360IN-H2-0,https://techcomm.kohler.com/techcomm/cad/1360in_h2pln.dxf,cad drawing,DXF,https://www.kohler.co.in/p/riverbath-1905-mm-x-1143-mm-drop-in-heated-whirlpool-bath-with-chromatherapy-1360in-h2?skuId=1360IN-H2-0,True,asset_000086
1360IN-H2-0,https://techcomm.kohler.com/techcomm/cad/1360in_h2pln.dwg,cad drawing,DWG,https://www.kohler.co.in/p/riverbath-1905-mm-x-1143-mm-drop-in-heated-whirlpool-bath-with-chromatherapy-1360in-h2?skuId=1360IN-H2-0,True,asset_000085
1360IN-H2-0,https://techcomm.kohler.com/techcomm/cad/1360in_h2frt.dxf,cad drawing,DXF,https://www.kohler.co.in/p/riverbath-1905-mm-x-1143-mm-drop-in-heated-whirlpool-bath-with-chromatherapy-1360in-h2?skuId=1360IN-H2-0,True,asset_000084
1360IN-H2-0,https://techcomm.kohler.com/techcomm/cad/1360in_h2frt.dwg,cad drawing,DWG,https://www.kohler.co.in/p/riverbath-1905-mm-x-1143-mm-drop-in-heated-whirlpool-bath-with-chromatherapy-1360in-h2?skuId=1360IN-H2-0,True,asset_000083
1360IN-H2-0,https://techcomm.kohler.com/techcomm/cad/1360in_h2sde.dxf,cad drawing,DXF,https://www.kohler.co.in/p/riverbath-1905-mm-x-1143-mm-drop-in-heated-whirlpool-bath-with-chromatherapy-1360in-h2?skuId=1360IN-H2-0,True,asset_000088
1360IN-H2-0,https://techcomm.kohler.com/techcomm/cad/1360in_h2sde.dwg,cad drawing,DWG,https://www.kohler.co.in/p/riverbath-1905-mm-x-1143-mm-drop-in-heated-whirlpool-bath-with-chromatherapy-1360in-h2?skuId=1360IN-H2-0,True,asset_000087
1360IN-H2-0,https://techcomm.kohler.com/techcomm/cad/1360IN-H2.dxf,cad drawing,DXF,https://www.kohler.co.in/p/riverbath-1905-mm-x-1143-mm-drop-in-heated-whirlpool-bath-with-chromatherapy-1360in-h2?skuId=1360IN-H2-0,True,asset_000080
1360IN-H2-0,https://techcomm.kohler.com/techcomm/cad/1360IN-H2.dwg,cad drawing,DWG,https://www.kohler.co.in/p/riverbath-1905-mm-x-1143-mm-drop-in-heated-whirlpool-bath-with-chromatherapy-1360in-h2?skuId=1360IN-H2-0,True,asset_000079
1360IN-H2-0,https://techcomm.kohler.com/techcomm/pdf/K-1360IN-H2_spec_IN_Kohler_en.pdf,spec sheet,PDF,https://www.kohler.co.in/p/riverbath-1905-mm-x-1143-mm-drop-in-heated-whirlpool-bath-with-chromatherapy-1360in-h2?skuId=1360IN-H2-0,True,asset_002928
1394IN-H2-0,https://techcomm.kohler.com/techcomm/cad/1394IN-H2.obj,3d model,OBJ,https://www.kohler.co.in/p/riverbath-1678-mm-drop-in-heated-whirlpool-bath-with-chromatherapy-1394in-h2?skuId=1394IN-H2-0,True,asset_000114
1394IN-H2-0,https://techcomm.kohler.com/techcomm/cad/1394IN-H2.skp,3d model,SKP,https://www.kohler.co.in/p/riverbath-1678-mm-drop-in-heated-whirlpool-bath-with-chromatherapy-1394in-h2?skuId=1394IN-H2-0,True,asset_000115
1394IN-H2-0,https://techcomm.kohler.com/techcomm/cad/1394IN-H2.3ds,3d model,3DS,https://www.kohler.co.in/p/riverbath-1678-mm-drop-in-heated-whirlpool-bath-with-chromatherapy-1394in-h2?skuId=1394IN-H2-0,True,asset_000111
1394IN-H2-0,https://techcomm.kohler.com/techcomm/cad/Bath-Drop_In_Whirlpool_Heater-KOHLER-RiverBath-K-1394IN.rfa,3d model,RFA,https://www.kohler.co.in/p/riverbath-1678-mm-drop-in-heated-whirlpool-bath-with-chromatherapy-1394in-h2?skuId=1394IN-H2-0,True,asset_002483
1394IN-H2-0,https://techcomm.kohler.com/techcomm/cad/1394in_h2pln.dxf,cad drawing,DXF,https://www.kohler.co.in/p/riverbath-1678-mm-drop-in-heated-whirlpool-bath-with-chromatherapy-1394in-h2?skuId=1394IN-H2-0,True,asset_000119
1394IN-H2-0,https://techcomm.kohler.com/techcomm/cad/1394in_h2pln.dwg,cad drawing,DWG,https://www.kohler.co.in/p/riverbath-1678-mm-drop-in-heated-whirlpool-bath-with-chromatherapy-1394in-h2?skuId=1394IN-H2-0,True,asset_000118
1394IN-H2-0,https://techcomm.kohler.com/techcomm/cad/1394in_h2frt.dxf,cad drawing,DXF,https://www.kohler.co.in/p/riverbath-1678-mm-drop-in-heated-whirlpool-bath-with-chromatherapy-1394in-h2?skuId=1394IN-H2-0,True,asset_000117
1394IN-H2-0,https://techcomm.kohler.com/techcomm/cad/1394in_h2frt.dwg,cad drawing,DWG,https://www.kohler.co.in/p/riverbath-1678-mm-drop-in-heated-whirlpool-bath-with-chromatherapy-1394in-h2?skuId=1394IN-H2-0,True,asset_000116
1394IN-H2-0,https://techcomm.kohler.com/techcomm/cad/1394in_h2sde.dxf,cad drawing,DXF,https://www.kohler.co.in/p/riverbath-1678-mm-drop-in-heated-whirlpool-bath-with-chromatherapy-1394in-h2?skuId=1394IN-H2-0,True,asset_000121
1394IN-H2-0,https://techcomm.kohler.com/techcomm/cad/1394in_h2sde.dwg,cad drawing,DWG,https://www.kohler.co.in/p/riverbath-1678-mm-drop-in-heated-whirlpool-bath-with-chromatherapy-1394in-h2?skuId=1394IN-H2-0,True,asset_000120
1394IN-H2-0,https://techcomm.kohler.com/techcomm/cad/1394IN-H2.dxf,cad drawing,DXF,https://www.kohler.co.in/p/riverbath-1678-mm-drop-in-heated-whirlpool-bath-with-chromatherapy-1394in-h2?skuId=1394IN-H2-0,True,asset_000113
1394IN-H2-0,https://techcomm.kohler.com/techcomm/cad/1394IN-H2.dwg,cad drawing,DWG,https://www.kohler.co.in/p/riverbath-1678-mm-drop-in-heated-whirlpool-bath-with-chromatherapy-1394in-h2?skuId=1394IN-H2-0,True,asset_000112
1394IN-H2-0,https://techcomm.kohler.com/techcomm/pdf/K-1394IN-H2_spec_IN_Kohler_en.pdf,spec sheet,PDF,https://www.kohler.co.in/p/riverbath-1678-mm-drop-in-heated-whirlpool-bath-with-chromatherapy-1394in-h2?skuId=1394IN-H2-0,True,asset_002935
1709IN-K-0,https://techcomm.kohler.com/techcomm/cad/1709in_kpln.dxf,cad drawing,DXF,https://www.kohler.co.in/p/ove-1700-mm-x-750-mm-drop-in-whirlpool-bath-1709in-k?skuId=1709IN-K-0,True,asset_000279
1709IN-K-0,https://techcomm.kohler.com/techcomm/cad/1709in_kpln.dwg,cad drawing,DWG,https://www.kohler.co.in/p/ove-1700-mm-x-750-mm-drop-in-whirlpool-bath-1709in-k?skuId=1709IN-K-0,True,asset_000278
1709IN-K-0,https://techcomm.kohler.com/techcomm/cad/1709in_kfrt.dxf,cad drawing,DXF,https://www.kohler.co.in/p/ove-1700-mm-x-750-mm-drop-in-whirlpool-bath-1709in-k?skuId=1709IN-K-0,True,asset_000277
1709IN-K-0,https://techcomm.kohler.com/techcomm/cad/1709in_kfrt.dwg,cad drawing,DWG,https://www.kohler.co.in/p/ove-1700-mm-x-750-mm-drop-in-whirlpool-bath-1709in-k?skuId=1709IN-K-0,True,asset_000276
1709IN-K-0,https://techcomm.kohler.com/techcomm/cad/1709in_ksde.dxf,cad drawing,DXF,https://www.kohler.co.in/p/ove-1700-mm-x-750-mm-drop-in-whirlpool-bath-1709in-k?skuId=1709IN-K-0,True,asset_000281
1709IN-K-0,https://techcomm.kohler.com/techcomm/cad/1709in_ksde.dwg,cad drawing,DWG,https://www.kohler.co.in/p/ove-1700-mm-x-750-mm-drop-in-whirlpool-bath-1709in-k?skuId=1709IN-K-0,True,asset_000280
1709IN-K-0,https://techcomm.kohler.com/techcomm/pdf/K-1709IN-K_spec_IN_Kohler_en.pdf,spec sheet,PDF,https://www.kohler.co.in/p/ove-1700-mm-x-750-mm-drop-in-whirlpool-bath-1709in-k?skuId=1709IN-K-0,True,asset_002951
76442IN-NW-0,https://techcomm.kohler.com/techcomm/cad/76442IN-NW.obj,3d model,OBJ,https://www.kohler.co.in/p/karess-1700-mm-x-800-mm-drop-in-whirlpool-bath-76442in-nw?skuId=76442IN-NW-0,True,asset_002093
76442IN-NW-0,https://techcomm.kohler.com/techcomm/cad/76442IN-NW.skp,3d model,SKP,https://www.kohler.co.in/p/karess-1700-mm-x-800-mm-drop-in-whirlpool-bath-76442in-nw?skuId=76442IN-NW-0,True,asset_002094
76442IN-NW-0,https://techcomm.kohler.com/techcomm/cad/76442IN-NW.3ds,3d model,3DS,https://www.kohler.co.in/p/karess-1700-mm-x-800-mm-drop-in-whirlpool-bath-76442in-nw?skuId=76442IN-NW-0,True,asset_002090
76442IN-NW-0,https://techcomm.kohler.com/techcomm/cad/Bath-Drop_In-Whirlpool-KOHLER-Karess-K-76442IN.rfa,3d model,RFA,https://www.kohler.co.in/p/karess-1700-mm-x-800-mm-drop-in-whirlpool-bath-76442in-nw?skuId=76442IN-NW-0,True,asset_002482
76442IN-NW-0,https://techcomm.kohler.com/techcomm/cad/76442in_nwpln.dxf,cad drawing,DXF,https://www.kohler.co.in/p/karess-1700-mm-x-800-mm-drop-in-whirlpool-bath-76442in-nw?skuId=76442IN-NW-0,True,asset_002098
76442IN-NW-0,https://techcomm.kohler.com/techcomm/cad/76442in_nwpln.dwg,cad drawing,DWG,https://www.kohler.co.in/p/karess-1700-mm-x-800-mm-drop-in-whirlpool-bath-76442in-nw?skuId=76442IN-NW-0,True,asset_002097
76442IN-NW-0,https://techcomm.kohler.com/techcomm/cad/76442in_nwfrt.dxf,cad drawing,DXF,https://www.kohler.co.in/p/karess-1700-mm-x-800-mm-drop-in-whirlpool-bath-76442in-nw?skuId=76442IN-NW-0,True,asset_002096
76442IN-NW-0,https://techcomm.kohler.com/techcomm/cad/76442in_nwfrt.dwg,cad drawing,DWG,https://www.kohler.co.in/p/karess-1700-mm-x-800-mm-drop-in-whirlpool-bath-76442in-nw?skuId=76442IN-NW-0,True,asset_002095
76442IN-NW-0,https://techcomm.kohler.com/techcomm/cad/76442in_nwsde.dxf,cad drawing,DXF,https://www.kohler.co.in/p/karess-1700-mm-x-800-mm-drop-in-whirlpool-bath-76442in-nw?skuId=76442IN-NW-0,True,asset_002100
76442IN-NW-0,https://techcomm.kohler.com/techcomm/cad/76442in_nwsde.dwg,cad drawing,DWG,https://www.kohler.co.in/p/karess-1700-mm-x-800-mm-drop-in-whirlpool-bath-76442in-nw?skuId=76442IN-NW-0,True,asset_002099
76442IN-NW-0,https://techcomm.kohler.com/techcomm/cad/76442IN-NW.dxf,cad drawing,DXF,https://www.kohler.co.in/p/karess-1700-mm-x-800-mm-drop-in-whirlpool-bath-76442in-nw?skuId=76442IN-NW-0,True,asset_002092
76442IN-NW-0,https://techcomm.kohler.com/techcomm/cad/76442IN-NW.dwg,cad drawing,DWG,https://www.kohler.co.in/p/karess-1700-mm-x-800-mm-drop-in-whirlpool-bath-76442in-nw?skuId=76442IN-NW-0,True,asset_002091
76442IN-NW-0,https://techcomm.kohler.com/techcomm/pdf/K-76442IN-NW_spec_IN_Kohler_en.pdf,spec sheet,PDF,https://www.kohler.co.in/p/karess-1700-mm-x-800-mm-drop-in-whirlpool-bath-76442in-nw?skuId=76442IN-NW-0,True,asset_003130
33074IN-CP,https://techcomm.kohler.com/techcomm/cad/33074IN.obj,3d model,OBJ,https://www.kohler.co.in/p/accliv-wall-mount-bath-spout-without-diverter-33074in?skuId=33074IN-CP,True,asset_001412
33074IN-CP,https://techcomm.kohler.com/techcomm/cad/33074IN.skp,3d model,SKP,https://www.kohler.co.in/p/accliv-wall-mount-bath-spout-without-diverter-33074in?skuId=33074IN-CP,True,asset_001413
33074IN-CP,https://techcomm.kohler.com/techcomm/cad/33074IN.3ds,3d model,3DS,https://www.kohler.co.in/p/accliv-wall-mount-bath-spout-without-diverter-33074in?skuId=33074IN-CP,True,asset_001409
33074IN-CP,https://techcomm.kohler.com/techcomm/cad/Faucet-Wall_Mount-Bath_Spout-KOHLER-ACCLIV-K-33074IN.rfa,3d model,RFA,https://www.kohler.co.in/p/accliv-wall-mount-bath-spout-without-diverter-33074in?skuId=33074IN-CP,True,asset_002543
33074IN-CP,https://techcomm.kohler.com/techcomm/cad/33074inpln.dxf,cad drawing,DXF,https://www.kohler.co.in/p/accliv-wall-mount-bath-spout-without-diverter-33074in?skuId=33074IN-CP,True,asset_001417
33074IN-CP,https://techcomm.kohler.com/techcomm/cad/33074inpln.dwg,cad drawing,DWG,https://www.kohler.co.in/p/accliv-wall-mount-bath-spout-without-diverter-33074in?skuId=33074IN-CP,True,asset_001416
33074IN-CP,https://techcomm.kohler.com/techcomm/cad/33074infrt.dxf,cad drawing,DXF,https://www.kohler.co.in/p/accliv-wall-mount-bath-spout-without-diverter-33074in?skuId=33074IN-CP,True,asset_001415
33074IN-CP,https://techcomm.kohler.com/techcomm/cad/33074infrt.dwg,cad drawing,DWG,https://www.kohler.co.in/p/accliv-wall-mount-bath-spout-without-diverter-33074in?skuId=33074IN-CP,True,asset_001414
33074IN-CP,https://techcomm.kohler.com/techcomm/cad/33074insde.dxf,cad drawing,DXF,https://www.kohler.co.in/p/accliv-wall-mount-bath-spout-without-diverter-33074in?skuId=33074IN-CP,True,asset_001419
33074IN-CP,https://techcomm.kohler.com/techcomm/cad/33074insde.dwg,cad drawing,DWG,https://www.kohler.co.in/p/accliv-wall-mount-bath-spout-without-diverter-33074in?skuId=33074IN-CP,True,asset_001418
33074IN-CP,https://techcomm.kohler.com/techcomm/cad/33074IN.dxf,cad drawing,DXF,https://www.kohler.co.in/p/accliv-wall-mount-bath-spout-without-diverter-33074in?skuId=33074IN-CP,True,asset_001411
33074IN-CP,https://techcomm.kohler.com/techcomm/cad/33074IN.dwg,cad drawing,DWG,https://www.kohler.co.in/p/accliv-wall-mount-bath-spout-without-diverter-33074in?skuId=33074IN-CP,True,asset_001410
33074IN-CP,https://techcomm.kohler.com/techcomm/pdf/K-33074IN_spec_IN_Kohler_en.pdf,spec sheet,PDF,https://www.kohler.co.in/p/accliv-wall-mount-bath-spout-without-diverter-33074in?skuId=33074IN-CP,True,asset_003072
33074IN-CP,https://techcomm.kohler.com/techcomm/pdf/1472380-IN2.pdf,installation,PDF,https://www.kohler.co.in/p/accliv-wall-mount-bath-spout-without-diverter-33074in?skuId=33074IN-CP,True,asset_002834
23973IN-AA-CP,https://techcomm.kohler.com/techcomm/cad/23973IN-AA.obj,3d model,OBJ,https://www.kohler.co.in/p/bath-spout-without-diverter-in-rose-gold-23973in-aa?skuId=23973IN-AA-CP,True,asset_000604
23973IN-AA-CP,https://techcomm.kohler.com/techcomm/cad/23973IN-AA.skp,3d model,SKP,https://www.kohler.co.in/p/bath-spout-without-diverter-in-rose-gold-23973in-aa?skuId=23973IN-AA-CP,True,asset_000605
23973IN-AA-CP,https://techcomm.kohler.com/techcomm/cad/23973IN-AA.3ds,3d model,3DS,https://www.kohler.co.in/p/bath-spout-without-diverter-in-rose-gold-23973in-aa?skuId=23973IN-AA-CP,True,asset_000601
23973IN-AA-CP,https://techcomm.kohler.com/techcomm/cad/Faucet-Wall_Mount-Bath_Spout-KOHLER-Vive-K-23973IN.zip,3d model,RFA,https://www.kohler.co.in/p/bath-spout-without-diverter-in-rose-gold-23973in-aa?skuId=23973IN-AA-CP,True,asset_002562
23973IN-AA-CP,https://techcomm.kohler.com/techcomm/cad/23973in_aapln.dxf,cad drawing,DXF,https://www.kohler.co.in/p/bath-spout-without-diverter-in-rose-gold-23973in-aa?skuId=23973IN-AA-CP,True,asset_000609
23973IN-AA-CP,https://techcomm.kohler.com/techcomm/cad/23973in_aapln.dwg,cad drawing,DWG,https://www.kohler.co.in/p/bath-spout-without-diverter-in-rose-gold-23973in-aa?skuId=23973IN-AA-CP,True,asset_000608
23973IN-AA-CP,https://techcomm.kohler.com/techcomm/cad/23973in_aafrt.dxf,cad drawing,DXF,https://www.kohler.co.in/p/bath-spout-without-diverter-in-rose-gold-23973in-aa?skuId=23973IN-AA-CP,True,asset_000607
23973IN-AA-CP,https://techcomm.kohler.com/techcomm/cad/23973in_aafrt.dwg,cad drawing,DWG,https://www.kohler.co.in/p/bath-spout-without-diverter-in-rose-gold-23973in-aa?skuId=23973IN-AA-CP,True,asset_000606
23973IN-AA-CP,https://techcomm.kohler.com/techcomm/cad/23973in_aasde.dxf,cad drawing,DXF,https://www.kohler.co.in/p/bath-spout-without-diverter-in-rose-gold-23973in-aa?skuId=23973IN-AA-CP,True,asset_000611
23973IN-AA-CP,https://techcomm.kohler.com/techcomm/cad/23973in_aasde.dwg,cad drawing,DWG,https://www.kohler.co.in/p/bath-spout-without-diverter-in-rose-gold-23973in-aa?skuId=23973IN-AA-CP,True,asset_000610
23973IN-AA-CP,https://techcomm.kohler.com/techcomm/cad/23973IN-AA.dxf,cad drawing,DXF,https://www.kohler.co.in/p/bath-spout-without-diverter-in-rose-gold-23973in-aa?skuId=23973IN-AA-CP,True,asset_000603
23973IN-AA-CP,https://techcomm.kohler.com/techcomm/cad/23973IN-AA.dwg,cad drawing,DWG,https://www.kohler.co.in/p/bath-spout-without-diverter-in-rose-gold-23973in-aa?skuId=23973IN-AA-CP,True,asset_000602
23973IN-AA-CP,https://techcomm.kohler.com/techcomm/pdf/K-23973IN-AA_spec_IN_Kohler_en.pdf,spec sheet,PDF,https://www.kohler.co.in/p/bath-spout-without-diverter-in-rose-gold-23973in-aa?skuId=23973IN-AA-CP,True,asset_002992
23973IN-AA-CP,https://techcomm.kohler.com/techcomm/pdf/1482706-IN2.pdf,installation,PDF,https://www.kohler.co.in/p/bath-spout-without-diverter-in-rose-gold-23973in-aa?skuId=23973IN-AA-CP,True,asset_002840
14426IN-CP,https://techcomm.kohler.com/techcomm/cad/14426IN.obj,3d model,OBJ,https://www.kohler.co.in/p/purist-bath-spout-without-diverter-14426in?skuId=14426IN-CP,True,asset_000195
14426IN-CP,https://techcomm.kohler.com/techcomm/cad/14426IN.skp,3d model,SKP,https://www.kohler.co.in/p/purist-bath-spout-without-diverter-14426in?skuId=14426IN-CP,True,asset_000196
14426IN-CP,https://techcomm.kohler.com/techcomm/cad/14426IN.3ds,3d model,3DS,https://www.kohler.co.in/p/purist-bath-spout-without-diverter-14426in?skuId=14426IN-CP,True,asset_000192
14426IN-CP,https://techcomm.kohler.com/techcomm/cad/Faucet-Wall_Mount-Bath_Spout-KOHLER-Purist-K-14426IN.rfa,3d model,RFA,https://www.kohler.co.in/p/purist-bath-spout-without-diverter-14426in?skuId=14426IN-CP,True,asset_002560
14426IN-CP,https://techcomm.kohler.com/techcomm/cad/14426inpln.dxf,cad drawing,DXF,https://www.kohler.co.in/p/purist-bath-spout-without-diverter-14426in?skuId=14426IN-CP,True,asset_000202
14426IN-CP,https://techcomm.kohler.com/techcomm/cad/14426inpln.dwg,cad drawing,DWG,https://www.kohler.co.in/p/purist-bath-spout-without-diverter-14426in?skuId=14426IN-CP,True,asset_000201
14426IN-CP,https://techcomm.kohler.com/techcomm/cad/14426infrt.dxf,cad drawing,DXF,https://www.kohler.co.in/p/purist-bath-spout-without-diverter-14426in?skuId=14426IN-CP,True,asset_000200
14426IN-CP,https://techcomm.kohler.com/techcomm/cad/14426infrt.dwg,cad drawing,DWG,https://www.kohler.co.in/p/purist-bath-spout-without-diverter-14426in?skuId=14426IN-CP,True,asset_000199
14426IN-CP,https://techcomm.kohler.com/techcomm/cad/14426insde.dxf,cad drawing,DXF,https://www.kohler.co.in/p/purist-bath-spout-without-diverter-14426in?skuId=14426IN-CP,True,asset_000204
14426IN-CP,https://techcomm.kohler.com/techcomm/cad/14426insde.dwg,cad drawing,DWG,https://www.kohler.co.in/p/purist-bath-spout-without-diverter-14426in?skuId=14426IN-CP,True,asset_000203
14426IN-CP,https://techcomm.kohler.com/techcomm/cad/14426IN.dxf,cad drawing,DXF,https://www.kohler.co.in/p/purist-bath-spout-without-diverter-14426in?skuId=14426IN-CP,True,asset_000194
14426IN-CP,https://techcomm.kohler.com/techcomm/cad/14426IN.dwg,cad drawing,DWG,https://www.kohler.co.in/p/purist-bath-spout-without-diverter-14426in?skuId=14426IN-CP,True,asset_000193
14426IN-CP,https://techcomm.kohler.com/techcomm/pdf/14426t.pdf,spec sheet,PDF,https://www.kohler.co.in/p/purist-bath-spout-without-diverter-14426in?skuId=14426IN-CP,True,asset_002820
33996IN-CP,https://techcomm.kohler.com/techcomm/cad/33996IN.obj,3d model,OBJ,https://www.kohler.co.in/p/apt-wall-mount-bath-spout-with-diverter-33996in?skuId=33996IN-CP,True,asset_001445
33996IN-CP,https://techcomm.kohler.com/techcomm/cad/33996IN.skp,3d model,SKP,https://www.kohler.co.in/p/apt-wall-mount-bath-spout-with-diverter-33996in?skuId=33996IN-CP,True,asset_001446
33996IN-CP,https://techcomm.kohler.com/techcomm/cad/33996IN.3ds,3d model,3DS,https://www.kohler.co.in/p/apt-wall-mount-bath-spout-with-diverter-33996in?skuId=33996IN-CP,True,asset_001442
33996IN-CP,https://techcomm.kohler.com/techcomm/cad/Faucet-Wall_Mount-Bath_Spout-KOHLER-APT-K-33996IN.rfa,3d model,RFA,https://www.kohler.co.in/p/apt-wall-mount-bath-spout-with-diverter-33996in?skuId=33996IN-CP,True,asset_002545
33996IN-CP,https://techcomm.kohler.com/techcomm/cad/33996inpln.dxf,cad drawing,DXF,https://www.kohler.co.in/p/apt-wall-mount-bath-spout-with-diverter-33996in?skuId=33996IN-CP,True,asset_001450
33996IN-CP,https://techcomm.kohler.com/techcomm/cad/33996inpln.dwg,cad drawing,DWG,https://www.kohler.co.in/p/apt-wall-mount-bath-spout-with-diverter-33996in?skuId=33996IN-CP,True,asset_001449
33996IN-CP,https://techcomm.kohler.com/techcomm/cad/33996infrt.dxf,cad drawing,DXF,https://www.kohler.co.in/p/apt-wall-mount-bath-spout-with-diverter-33996in?skuId=33996IN-CP,True,asset_001448
33996IN-CP,https://techcomm.kohler.com/techcomm/cad/33996infrt.dwg,cad drawing,DWG,https://www.kohler.co.in/p/apt-wall-mount-bath-spout-with-diverter-33996in?skuId=33996IN-CP,True,asset_001447
33996IN-CP,https://techcomm.kohler.com/techcomm/cad/33996insde.dxf,cad drawing,DXF,https://www.kohler.co.in/p/apt-wall-mount-bath-spout-with-diverter-33996in?skuId=33996IN-CP,True,asset_001452
33996IN-CP,https://techcomm.kohler.com/techcomm/cad/33996insde.dwg,cad drawing,DWG,https://www.kohler.co.in/p/apt-wall-mount-bath-spout-with-diverter-33996in?skuId=33996IN-CP,True,asset_001451
33996IN-CP,https://techcomm.kohler.com/techcomm/cad/33996IN.dxf,cad drawing,DXF,https://www.kohler.co.in/p/apt-wall-mount-bath-spout-with-diverter-33996in?skuId=33996IN-CP,True,asset_001444
33996IN-CP,https://techcomm.kohler.com/techcomm/cad/33996IN.dwg,cad drawing,DWG,https://www.kohler.co.in/p/apt-wall-mount-bath-spout-with-diverter-33996in?skuId=33996IN-CP,True,asset_001443
33996IN-CP,https://techcomm.kohler.com/techcomm/pdf/K-33996IN_spec_IN_Kohler_en.pdf,spec sheet,PDF,https://www.kohler.co.in/p/apt-wall-mount-bath-spout-with-diverter-33996in?skuId=33996IN-CP,True,asset_003075
33996IN-CP,https://techcomm.kohler.com/techcomm/pdf/1587906-IN2.pdf,installation,PDF,https://www.kohler.co.in/p/apt-wall-mount-bath-spout-with-diverter-33996in?skuId=33996IN-CP,True,asset_002860
99460IN-4-CP,https://techcomm.kohler.com/techcomm/cad/99460IN-4.obj,3d model,OBJ,https://www.kohler.co.in/p/kumin-exposed-sc-b-s-faucet-99460in-4?skuId=99460IN-4-CP,True,asset_002454
99460IN-4-CP,https://techcomm.kohler.com/techcomm/cad/99460IN-4.skp,3d model,SKP,https://www.kohler.co.in/p/kumin-exposed-sc-b-s-faucet-99460in-4?skuId=99460IN-4-CP,True,asset_002455
99460IN-4-CP,https://techcomm.kohler.com/techcomm/cad/99460IN-4.3ds,3d model,3DS,https://www.kohler.co.in/p/kumin-exposed-sc-b-s-faucet-99460in-4?skuId=99460IN-4-CP,True,asset_002451
99460IN-4-CP,https://techcomm.kohler.com/techcomm/cad/Shower-Handshower_Kit-KOHLER-KUMIN-K-99460IN.rfa,3d model,RFA,https://www.kohler.co.in/p/kumin-exposed-sc-b-s-faucet-99460in-4?skuId=99460IN-4-CP,True,asset_002613
99460IN-4-CP,https://techcomm.kohler.com/techcomm/cad/99460in_4pln.dxf,cad drawing,DXF,https://www.kohler.co.in/p/kumin-exposed-sc-b-s-faucet-99460in-4?skuId=99460IN-4-CP,True,asset_002459
99460IN-4-CP,https://techcomm.kohler.com/techcomm/cad/99460in_4pln.dwg,cad drawing,DWG,https://www.kohler.co.in/p/kumin-exposed-sc-b-s-faucet-99460in-4?skuId=99460IN-4-CP,True,asset_002458
99460IN-4-CP,https://techcomm.kohler.com/techcomm/cad/99460in_4frt.dxf,cad drawing,DXF,https://www.kohler.co.in/p/kumin-exposed-sc-b-s-faucet-99460in-4?skuId=99460IN-4-CP,True,asset_002457
99460IN-4-CP,https://techcomm.kohler.com/techcomm/cad/99460in_4frt.dwg,cad drawing,DWG,https://www.kohler.co.in/p/kumin-exposed-sc-b-s-faucet-99460in-4?skuId=99460IN-4-CP,True,asset_002456
99460IN-4-CP,https://techcomm.kohler.com/techcomm/cad/99460in_4sde.dxf,cad drawing,DXF,https://www.kohler.co.in/p/kumin-exposed-sc-b-s-faucet-99460in-4?skuId=99460IN-4-CP,True,asset_002461
99460IN-4-CP,https://techcomm.kohler.com/techcomm/cad/99460in_4sde.dwg,cad drawing,DWG,https://www.kohler.co.in/p/kumin-exposed-sc-b-s-faucet-99460in-4?skuId=99460IN-4-CP,True,asset_002460
99460IN-4-CP,https://techcomm.kohler.com/techcomm/cad/99460IN-4.dxf,cad drawing,DXF,https://www.kohler.co.in/p/kumin-exposed-sc-b-s-faucet-99460in-4?skuId=99460IN-4-CP,True,asset_002453
99460IN-4-CP,https://techcomm.kohler.com/techcomm/cad/99460IN-4.dwg,cad drawing,DWG,https://www.kohler.co.in/p/kumin-exposed-sc-b-s-faucet-99460in-4?skuId=99460IN-4-CP,True,asset_002452
27493IN-CP,https://techcomm.kohler.com/techcomm/cad/27493IN.obj,3d model,OBJ,https://www.kohler.co.in/p/fore-bath-spout-with-diverter-27493in?skuId=27493IN-CP,True,asset_001079
27493IN-CP,https://techcomm.kohler.com/techcomm/cad/27493IN.skp,3d model,SKP,https://www.kohler.co.in/p/fore-bath-spout-with-diverter-27493in?skuId=27493IN-CP,True,asset_001080
27493IN-CP,https://techcomm.kohler.com/techcomm/cad/27493IN.3ds,3d model,3DS,https://www.kohler.co.in/p/fore-bath-spout-with-diverter-27493in?skuId=27493IN-CP,True,asset_001076
27493IN-CP,https://techcomm.kohler.com/techcomm/cad/Faucet-Wall_Mount-Bath_Spout-KOHLER-Fore-K-27493IN.rfa,3d model,RFA,https://www.kohler.co.in/p/fore-bath-spout-with-diverter-27493in?skuId=27493IN-CP,True,asset_002553
27493IN-CP,https://techcomm.kohler.com/techcomm/cad/27493inpln.dxf,cad drawing,DXF,https://www.kohler.co.in/p/fore-bath-spout-with-diverter-27493in?skuId=27493IN-CP,True,asset_001084
27493IN-CP,https://techcomm.kohler.com/techcomm/cad/27493inpln.dwg,cad drawing,DWG,https://www.kohler.co.in/p/fore-bath-spout-with-diverter-27493in?skuId=27493IN-CP,True,asset_001083
27493IN-CP,https://techcomm.kohler.com/techcomm/cad/27493infrt.dxf,cad drawing,DXF,https://www.kohler.co.in/p/fore-bath-spout-with-diverter-27493in?skuId=27493IN-CP,True,asset_001082
27493IN-CP,https://techcomm.kohler.com/techcomm/cad/27493infrt.dwg,cad drawing,DWG,https://www.kohler.co.in/p/fore-bath-spout-with-diverter-27493in?skuId=27493IN-CP,True,asset_001081
27493IN-CP,https://techcomm.kohler.com/techcomm/cad/27493insde.dxf,cad drawing,DXF,https://www.kohler.co.in/p/fore-bath-spout-with-diverter-27493in?skuId=27493IN-CP,True,asset_001086
27493IN-CP,https://techcomm.kohler.com/techcomm/cad/27493insde.dwg,cad drawing,DWG,https://www.kohler.co.in/p/fore-bath-spout-with-diverter-27493in?skuId=27493IN-CP,True,asset_001085
27493IN-CP,https://techcomm.kohler.com/techcomm/cad/27493IN.dxf,cad drawing,DXF,https://www.kohler.co.in/p/fore-bath-spout-with-diverter-27493in?skuId=27493IN-CP,True,asset_001078
27493IN-CP,https://techcomm.kohler.com/techcomm/cad/27493IN.dwg,cad drawing,DWG,https://www.kohler.co.in/p/fore-bath-spout-with-diverter-27493in?skuId=27493IN-CP,True,asset_001077
27493IN-CP,https://techcomm.kohler.com/techcomm/pdf/K-27493IN_spec_IN_Kohler_en.pdf,spec sheet,PDF,https://www.kohler.co.in/p/fore-bath-spout-with-diverter-27493in?skuId=27493IN-CP,True,asset_003042
14426-2MB,https://techcomm.kohler.com/techcomm/cad/14426.obj,3d model,OBJ,https://www.kohler.co.in/p/purist-wall-mount-non-diverter-bath-spout-35-degrees-14426?skuId=14426-2MB,True,asset_000190
14426-2MB,https://techcomm.kohler.com/techcomm/cad/14426.skp,3d model,SKP,https://www.kohler.co.in/p/purist-wall-mount-non-diverter-bath-spout-35-degrees-14426?skuId=14426-2MB,True,asset_000191
14426-2MB,https://techcomm.kohler.com/techcomm/cad/14426.3ds,3d model,3DS,https://www.kohler.co.in/p/purist-wall-mount-non-diverter-bath-spout-35-degrees-14426?skuId=14426-2MB,True,asset_000187
14426-2MB,https://techcomm.kohler.com/techcomm/cad/Faucet-Wall_Mount-Bath_Spout-KOHLER-Purist-K-14426.zip,3d model,RFA,https://www.kohler.co.in/p/purist-wall-mount-non-diverter-bath-spout-35-degrees-14426?skuId=14426-2MB,True,asset_002559
14426-2MB,https://techcomm.kohler.com/techcomm/cad/14426pln.dxf,cad drawing,DXF,https://www.kohler.co.in/p/purist-wall-mount-non-diverter-bath-spout-35-degrees-14426?skuId=14426-2MB,True,asset_000206
14426-2MB,https://techcomm.kohler.com/techcomm/cad/14426pln.dwg,cad drawing,DWG,https://www.kohler.co.in/p/purist-wall-mount-non-diverter-bath-spout-35-degrees-14426?skuId=14426-2MB,True,asset_000205
14426-2MB,https://techcomm.kohler.com/techcomm/cad/14426frt.dxf,cad drawing,DXF,https://www.kohler.co.in/p/purist-wall-mount-non-diverter-bath-spout-35-degrees-14426?skuId=14426-2MB,True,asset_000198
14426-2MB,https://techcomm.kohler.com/techcomm/cad/14426frt.dwg,cad drawing,DWG,https://www.kohler.co.in/p/purist-wall-mount-non-diverter-bath-spout-35-degrees-14426?skuId=14426-2MB,True,asset_000197
14426-2MB,https://techcomm.kohler.com/techcomm/cad/14426sde.dxf,cad drawing,DXF,https://www.kohler.co.in/p/purist-wall-mount-non-diverter-bath-spout-35-degrees-14426?skuId=14426-2MB,True,asset_000208
14426-2MB,https://techcomm.kohler.com/techcomm/cad/14426sde.dwg,cad drawing,DWG,https://www.kohler.co.in/p/purist-wall-mount-non-diverter-bath-spout-35-degrees-14426?skuId=14426-2MB,True,asset_000207
14426-2MB,https://techcomm.kohler.com/techcomm/cad/14426.dxf,cad drawing,DXF,https://www.kohler.co.in/p/purist-wall-mount-non-diverter-bath-spout-35-degrees-14426?skuId=14426-2MB,True,asset_000189
14426-2MB,https://techcomm.kohler.com/techcomm/cad/14426.dwg,cad drawing,DWG,https://www.kohler.co.in/p/purist-wall-mount-non-diverter-bath-spout-35-degrees-14426?skuId=14426-2MB,True,asset_000188
14426-2MB,https://techcomm.kohler.com/techcomm/pdf/K-14426_spec_US-CA_Kohler_en.pdf,spec sheet,PDF,https://www.kohler.co.in/p/purist-wall-mount-non-diverter-bath-spout-35-degrees-14426?skuId=14426-2MB,True,asset_002944
14426-2MB,https://techcomm.kohler.com/techcomm/pdf/K-14426_spec_IN_Kohler_en.pdf,spec sheet,PDF,https://www.kohler.co.in/p/purist-wall-mount-non-diverter-bath-spout-35-degrees-14426?skuId=14426-2MB,True,asset_002942
14426-2MB,https://techcomm.kohler.com/techcomm/pdf/K-14426_spec_US-CA_Kohler_fr-ca.pdf,spec sheet,PDF,https://www.kohler.co.in/p/purist-wall-mount-non-diverter-bath-spout-35-degrees-14426?skuId=14426-2MB,True,asset_002945
14426-2MB,https://techcomm.kohler.com/techcomm/pdf/K-14426_spec_LM_Kohler_en.pdf,spec sheet,PDF,https://www.kohler.co.in/p/purist-wall-mount-non-diverter-bath-spout-35-degrees-14426?skuId=14426-2MB,True,asset_002943
14426-2MB,https://techcomm.kohler.com/techcomm/pdf/1204908-5.pdf,homeowners guide,PDF,https://www.kohler.co.in/p/purist-wall-mount-non-diverter-bath-spout-35-degrees-14426?skuId=14426-2MB,True,asset_002771
14426-2MB,https://techcomm.kohler.com/techcomm/pdf/1204915-2.pdf,installation,PDF,https://www.kohler.co.in/p/purist-wall-mount-non-diverter-bath-spout-35-degrees-14426?skuId=14426-2MB,True,asset_002772
27492IN-CP,https://techcomm.kohler.com/techcomm/cad/27492IN.obj,3d model,OBJ,https://www.kohler.co.in/p/fore-arc-bath-spout-without-diverter-27492in?skuId=27492IN-CP,True,asset_001068
27492IN-CP,https://techcomm.kohler.com/techcomm/cad/27492IN.skp,3d model,SKP,https://www.kohler.co.in/p/fore-arc-bath-spout-without-diverter-27492in?skuId=27492IN-CP,True,asset_001069
27492IN-CP,https://techcomm.kohler.com/techcomm/cad/27492IN.3ds,3d model,3DS,https://www.kohler.co.in/p/fore-arc-bath-spout-without-diverter-27492in?skuId=27492IN-CP,True,asset_001065
27492IN-CP,https://techcomm.kohler.com/techcomm/cad/Faucet-Wall_Mount-Bath_Spout-KOHLER-Fore-K-27492IN.rfa,3d model,RFA,https://www.kohler.co.in/p/fore-arc-bath-spout-without-diverter-27492in?skuId=27492IN-CP,True,asset_002552
27492IN-CP,https://techcomm.kohler.com/techcomm/cad/27492inpln.dxf,cad drawing,DXF,https://www.kohler.co.in/p/fore-arc-bath-spout-without-diverter-27492in?skuId=27492IN-CP,True,asset_001073
27492IN-CP,https://techcomm.kohler.com/techcomm/cad/27492inpln.dwg,cad drawing,DWG,https://www.kohler.co.in/p/fore-arc-bath-spout-without-diverter-27492in?skuId=27492IN-CP,True,asset_001072
27492IN-CP,https://techcomm.kohler.com/techcomm/cad/27492infrt.dxf,cad drawing,DXF,https://www.kohler.co.in/p/fore-arc-bath-spout-without-diverter-27492in?skuId=27492IN-CP,True,asset_001071
27492IN-CP,https://techcomm.kohler.com/techcomm/cad/27492infrt.dwg,cad drawing,DWG,https://www.kohler.co.in/p/fore-arc-bath-spout-without-diverter-27492in?skuId=27492IN-CP,True,asset_001070
27492IN-CP,https://techcomm.kohler.com/techcomm/cad/27492insde.dxf,cad drawing,DXF,https://www.kohler.co.in/p/fore-arc-bath-spout-without-diverter-27492in?skuId=27492IN-CP,True,asset_001075
27492IN-CP,https://techcomm.kohler.com/techcomm/cad/27492insde.dwg,cad drawing,DWG,https://www.kohler.co.in/p/fore-arc-bath-spout-without-diverter-27492in?skuId=27492IN-CP,True,asset_001074
27492IN-CP,https://techcomm.kohler.com/techcomm/cad/27492IN.dxf,cad drawing,DXF,https://www.kohler.co.in/p/fore-arc-bath-spout-without-diverter-27492in?skuId=27492IN-CP,True,asset_001067
27492IN-CP,https://techcomm.kohler.com/techcomm/cad/27492IN.dwg,cad drawing,DWG,https://www.kohler.co.in/p/fore-arc-bath-spout-without-diverter-27492in?skuId=27492IN-CP,True,asset_001066
27492IN-CP,https://techcomm.kohler.com/techcomm/pdf/K-27492IN_spec_IN_Kohler_en.pdf,spec sheet,PDF,https://www.kohler.co.in/p/fore-arc-bath-spout-without-diverter-27492in?skuId=27492IN-CP,True,asset_003041
97905T-NA,https://techcomm.kohler.com/techcomm/cad/97905T.obj,3d model,OBJ,https://www.kohler.co.in/p/mounting-block-97905t?skuId=97905T-NA,True,asset_002366
97905T-NA,https://techcomm.kohler.com/techcomm/cad/97905T.skp,3d model,SKP,https://www.kohler.co.in/p/mounting-block-97905t?skuId=97905T-NA,True,asset_002367
97905T-NA,https://techcomm.kohler.com/techcomm/cad/97905T.3ds,3d model,3DS,https://www.kohler.co.in/p/mounting-block-97905t?skuId=97905T-NA,True,asset_002363
97905T-NA,https://techcomm.kohler.com/techcomm/cad/97905tpln.dxf,cad drawing,DXF,https://www.kohler.co.in/p/mounting-block-97905t?skuId=97905T-NA,True,asset_002371
97905T-NA,https://techcomm.kohler.com/techcomm/cad/97905tpln.dwg,cad drawing,DWG,https://www.kohler.co.in/p/mounting-block-97905t?skuId=97905T-NA,True,asset_002370
97905T-NA,https://techcomm.kohler.com/techcomm/cad/97905tfrt.dxf,cad drawing,DXF,https://www.kohler.co.in/p/mounting-block-97905t?skuId=97905T-NA,True,asset_002369
97905T-NA,https://techcomm.kohler.com/techcomm/cad/97905tfrt.dwg,cad drawing,DWG,https://www.kohler.co.in/p/mounting-block-97905t?skuId=97905T-NA,True,asset_002368
97905T-NA,https://techcomm.kohler.com/techcomm/cad/97905tsde.dxf,cad drawing,DXF,https://www.kohler.co.in/p/mounting-block-97905t?skuId=97905T-NA,True,asset_002373
97905T-NA,https://techcomm.kohler.com/techcomm/cad/97905tsde.dwg,cad drawing,DWG,https://www.kohler.co.in/p/mounting-block-97905t?skuId=97905T-NA,True,asset_002372
97905T-NA,https://techcomm.kohler.com/techcomm/cad/97905T.dxf,cad drawing,DXF,https://www.kohler.co.in/p/mounting-block-97905t?skuId=97905T-NA,True,asset_002365
97905T-NA,https://techcomm.kohler.com/techcomm/cad/97905T.dwg,cad drawing,DWG,https://www.kohler.co.in/p/mounting-block-97905t?skuId=97905T-NA,True,asset_002364
97905T-NA,https://techcomm.kohler.com/techcomm/pdf/K-97905T_spec_GPS_Kohler_en.pdf,spec sheet,PDF,https://www.kohler.co.in/p/mounting-block-97905t?skuId=97905T-NA,True,asset_003156
97905T-NA,https://techcomm.kohler.com/techcomm/pdf/K-97905T_spec_IN_Kohler_en.pdf,spec sheet,PDF,https://www.kohler.co.in/p/mounting-block-97905t?skuId=97905T-NA,True,asset_003157
97905T-NA,https://techcomm.kohler.com/techcomm/pdf/1246363-X4_A1.pdf,spec sheet,PDF,https://www.kohler.co.in/p/mounting-block-97905t?skuId=97905T-NA,True,asset_002782
97905T-NA,https://techcomm.kohler.com/techcomm/pdf/97905T-NA.pdf,installation,PDF,https://www.kohler.co.in/p/mounting-block-97905t?skuId=97905T-NA,True,asset_002920
14428T-4-RGD,https://techcomm.kohler.com/techcomm/cad/14428T-4.obj,3d model,OBJ,https://www.kohler.co.in/p/purist-bath-set-hob-mount-lever-handles-14428t-4?skuId=14428T-4-RGD,True,asset_000212
14428T-4-RGD,https://techcomm.kohler.com/techcomm/cad/14428T-4.skp,3d model,SKP,https://www.kohler.co.in/p/purist-bath-set-hob-mount-lever-handles-14428t-4?skuId=14428T-4-RGD,True,asset_000213
14428T-4-RGD,https://techcomm.kohler.com/techcomm/cad/14428T-4.3ds,3d model,3DS,https://www.kohler.co.in/p/purist-bath-set-hob-mount-lever-handles-14428t-4?skuId=14428T-4-RGD,True,asset_000209
14428T-4-RGD,https://techcomm.kohler.com/techcomm/cad/Faucet-Deck_Mount-Bath-KOHLER-PURIST-K-14428T.zip,3d model,RFA,https://www.kohler.co.in/p/purist-bath-set-hob-mount-lever-handles-14428t-4?skuId=14428T-4-RGD,True,asset_002506
14428T-4-RGD,https://techcomm.kohler.com/techcomm/cad/Faucet-Deck_Mount_Bath-KOHLER-PURIST-K-14428T.zip,3d model,RFA,https://www.kohler.co.in/p/purist-bath-set-hob-mount-lever-handles-14428t-4?skuId=14428T-4-RGD,True,asset_002507
14428T-4-RGD,https://techcomm.kohler.com/techcomm/cad/14428t_4pln.dxf,cad drawing,DXF,https://www.kohler.co.in/p/purist-bath-set-hob-mount-lever-handles-14428t-4?skuId=14428T-4-RGD,True,asset_000217
14428T-4-RGD,https://techcomm.kohler.com/techcomm/cad/14428t_4pln.dwg,cad drawing,DWG,https://www.kohler.co.in/p/purist-bath-set-hob-mount-lever-handles-14428t-4?skuId=14428T-4-RGD,True,asset_000216
14428T-4-RGD,https://techcomm.kohler.com/techcomm/cad/14428t_4frt.dxf,cad drawing,DXF,https://www.kohler.co.in/p/purist-bath-set-hob-mount-lever-handles-14428t-4?skuId=14428T-4-RGD,True,asset_000215
14428T-4-RGD,https://techcomm.kohler.com/techcomm/cad/14428t_4frt.dwg,cad drawing,DWG,https://www.kohler.co.in/p/purist-bath-set-hob-mount-lever-handles-14428t-4?skuId=14428T-4-RGD,True,asset_000214
14428T-4-RGD,https://techcomm.kohler.com/techcomm/cad/14428t_4sde.dxf,cad drawing,DXF,https://www.kohler.co.in/p/purist-bath-set-hob-mount-lever-handles-14428t-4?skuId=14428T-4-RGD,True,asset_000219
14428T-4-RGD,https://techcomm.kohler.com/techcomm/cad/14428t_4sde.dwg,cad drawing,DWG,https://www.kohler.co.in/p/purist-bath-set-hob-mount-lever-handles-14428t-4?skuId=14428T-4-RGD,True,asset_000218
14428T-4-RGD,https://techcomm.kohler.com/techcomm/cad/14428T-4.dxf,cad drawing,DXF,https://www.kohler.co.in/p/purist-bath-set-hob-mount-lever-handles-14428t-4?skuId=14428T-4-RGD,True,asset_000211
14428T-4-RGD,https://techcomm.kohler.com/techcomm/cad/14428T-4.dwg,cad drawing,DWG,https://www.kohler.co.in/p/purist-bath-set-hob-mount-lever-handles-14428t-4?skuId=14428T-4-RGD,True,asset_000210
14428T-4-RGD,https://techcomm.kohler.com/techcomm/pdf/1380095934_K-14428T(SS).pdf,spec sheet,PDF,https://www.kohler.co.in/p/purist-bath-set-hob-mount-lever-handles-14428t-4?skuId=14428T-4-RGD,True,asset_002794
14428T-4-RGD,https://techcomm.kohler.com/techcomm/pdf/1535707372560_14428T.pdf,installation,PDF,https://www.kohler.co.in/p/purist-bath-set-hob-mount-lever-handles-14428t-4?skuId=14428T-4-RGD,True,asset_002851
25764IN-CP,https://techcomm.kohler.com/techcomm/cad/25764IN.obj,3d model,OBJ,https://www.kohler.co.in/p/modernlife-edge-wall-mount-bath-spout-with-diverter-25764in?skuId=25764IN-CP,True,asset_000761
25764IN-CP,https://techcomm.kohler.com/techcomm/cad/25764IN.skp,3d model,SKP,https://www.kohler.co.in/p/modernlife-edge-wall-mount-bath-spout-with-diverter-25764in?skuId=25764IN-CP,True,asset_000762
25764IN-CP,https://techcomm.kohler.com/techcomm/cad/25764IN.3ds,3d model,3DS,https://www.kohler.co.in/p/modernlife-edge-wall-mount-bath-spout-with-diverter-25764in?skuId=25764IN-CP,True,asset_000760
25764IN-CP,https://techcomm.kohler.com/techcomm/cad/Faucet-Lavatory-KOHLER-Modernlife-K-25764IN.rfa,3d model,RFA,https://www.kohler.co.in/p/modernlife-edge-wall-mount-bath-spout-with-diverter-25764in?skuId=25764IN-CP,True,asset_002534
25764IN-CP,https://techcomm.kohler.com/techcomm/cad/25764inpln.dxf,cad drawing,DXF,https://www.kohler.co.in/p/modernlife-edge-wall-mount-bath-spout-with-diverter-25764in?skuId=25764IN-CP,True,asset_000766
25764IN-CP,https://techcomm.kohler.com/techcomm/cad/25764inpln.dwg,cad drawing,DWG,https://www.kohler.co.in/p/modernlife-edge-wall-mount-bath-spout-with-diverter-25764in?skuId=25764IN-CP,True,asset_000765
25764IN-CP,https://techcomm.kohler.com/techcomm/cad/25764infrt.dxf,cad drawing,DXF,https://www.kohler.co.in/p/modernlife-edge-wall-mount-bath-spout-with-diverter-25764in?skuId=25764IN-CP,True,asset_000764
25764IN-CP,https://techcomm.kohler.com/techcomm/cad/25764infrt.dwg,cad drawing,DWG,https://www.kohler.co.in/p/modernlife-edge-wall-mount-bath-spout-with-diverter-25764in?skuId=25764IN-CP,True,asset_000763
25764IN-CP,https://techcomm.kohler.com/techcomm/cad/25764insde.dxf,cad drawing,DXF,https://www.kohler.co.in/p/modernlife-edge-wall-mount-bath-spout-with-diverter-25764in?skuId=25764IN-CP,True,asset_000768
25764IN-CP,https://techcomm.kohler.com/techcomm/cad/25764insde.dwg,cad drawing,DWG,https://www.kohler.co.in/p/modernlife-edge-wall-mount-bath-spout-with-diverter-25764in?skuId=25764IN-CP,True,asset_000767
25764IN-CP,https://techcomm.kohler.com/techcomm/pdf/K-25764IN_spec_IN_Kohler_en.pdf,spec sheet,PDF,https://www.kohler.co.in/p/modernlife-edge-wall-mount-bath-spout-with-diverter-25764in?skuId=25764IN-CP,True,asset_003007
97904T-NA,https://techcomm.kohler.com/techcomm/cad/97904T.obj,3d model,OBJ,https://www.kohler.co.in/p/floormount-bath-shower-fau-mounting-base-97904t?skuId=97904T-NA,True,asset_002355
97904T-NA,https://techcomm.kohler.com/techcomm/cad/97904T.skp,3d model,SKP,https://www.kohler.co.in/p/floormount-bath-shower-fau-mounting-base-97904t?skuId=97904T-NA,True,asset_002356
97904T-NA,https://techcomm.kohler.com/techcomm/cad/97904T.3ds,3d model,3DS,https://www.kohler.co.in/p/floormount-bath-shower-fau-mounting-base-97904t?skuId=97904T-NA,True,asset_002352
97904T-NA,https://techcomm.kohler.com/techcomm/cad/97904tpln.dxf,cad drawing,DXF,https://www.kohler.co.in/p/floormount-bath-shower-fau-mounting-base-97904t?skuId=97904T-NA,True,asset_002360
97904T-NA,https://techcomm.kohler.com/techcomm/cad/97904tpln.dwg,cad drawing,DWG,https://www.kohler.co.in/p/floormount-bath-shower-fau-mounting-base-97904t?skuId=97904T-NA,True,asset_002359
97904T-NA,https://techcomm.kohler.com/techcomm/cad/97904tfrt.dxf,cad drawing,DXF,https://www.kohler.co.in/p/floormount-bath-shower-fau-mounting-base-97904t?skuId=97904T-NA,True,asset_002358
97904T-NA,https://techcomm.kohler.com/techcomm/cad/97904tfrt.dwg,cad drawing,DWG,https://www.kohler.co.in/p/floormount-bath-shower-fau-mounting-base-97904t?skuId=97904T-NA,True,asset_002357
97904T-NA,https://techcomm.kohler.com/techcomm/cad/97904tsde.dxf,cad drawing,DXF,https://www.kohler.co.in/p/floormount-bath-shower-fau-mounting-base-97904t?skuId=97904T-NA,True,asset_002362
97904T-NA,https://techcomm.kohler.com/techcomm/cad/97904tsde.dwg,cad drawing,DWG,https://www.kohler.co.in/p/floormount-bath-shower-fau-mounting-base-97904t?skuId=97904T-NA,True,asset_002361
97904T-NA,https://techcomm.kohler.com/techcomm/cad/97904T.dxf,cad drawing,DXF,https://www.kohler.co.in/p/floormount-bath-shower-fau-mounting-base-97904t?skuId=97904T-NA,True,asset_002354
97904T-NA,https://techcomm.kohler.com/techcomm/cad/97904T.dwg,cad drawing,DWG,https://www.kohler.co.in/p/floormount-bath-shower-fau-mounting-base-97904t?skuId=97904T-NA,True,asset_002353
97904T-NA,https://techcomm.kohler.com/techcomm/pdf/1246361-X4_A1.pdf,spec sheet,PDF,https://www.kohler.co.in/p/floormount-bath-shower-fau-mounting-base-97904t?skuId=97904T-NA,True,asset_002780
97904T-NA,https://techcomm.kohler.com/techcomm/pdf/1246361-2A_B1_installation instructions.pdf,installation,PDF,https://www.kohler.co.in/p/floormount-bath-shower-fau-mounting-base-97904t?skuId=97904T-NA,True,asset_002779
97904T-NA,https://techcomm.kohler.com/techcomm/pdf/1246361-X8_A1_service part.pdf,parts,PDF,https://www.kohler.co.in/p/floormount-bath-shower-fau-mounting-base-97904t?skuId=97904T-NA,True,asset_002781
10385IN-CP,https://techcomm.kohler.com/techcomm/cad/10385IN.obj,3d model,OBJ,https://www.kohler.co.in/p/complementary-bath-spout-without-diverter-flat-face-160mm-10385in?skuId=10385IN-CP,True,asset_000006
10385IN-CP,https://techcomm.kohler.com/techcomm/cad/10385IN.skp,3d model,SKP,https://www.kohler.co.in/p/complementary-bath-spout-without-diverter-flat-face-160mm-10385in?skuId=10385IN-CP,True,asset_000007
10385IN-CP,https://techcomm.kohler.com/techcomm/cad/10385IN.3ds,3d model,3DS,https://www.kohler.co.in/p/complementary-bath-spout-without-diverter-flat-face-160mm-10385in?skuId=10385IN-CP,True,asset_000003
10385IN-CP,https://techcomm.kohler.com/techcomm/cad/Faucet-Wall_Mount-Bath_Spout-KOHLER-Complementary-K-10385IN.rfa,3d model,RFA,https://www.kohler.co.in/p/complementary-bath-spout-without-diverter-flat-face-160mm-10385in?skuId=10385IN-CP,True,asset_002549
10385IN-CP,https://techcomm.kohler.com/techcomm/cad/10385inpln.dxf,cad drawing,DXF,https://www.kohler.co.in/p/complementary-bath-spout-without-diverter-flat-face-160mm-10385in?skuId=10385IN-CP,True,asset_000011
10385IN-CP,https://techcomm.kohler.com/techcomm/cad/10385inpln.dwg,cad drawing,DWG,https://www.kohler.co.in/p/complementary-bath-spout-without-diverter-flat-face-160mm-10385in?skuId=10385IN-CP,True,asset_000010
10385IN-CP,https://techcomm.kohler.com/techcomm/cad/10385infrt.dxf,cad drawing,DXF,https://www.kohler.co.in/p/complementary-bath-spout-without-diverter-flat-face-160mm-10385in?skuId=10385IN-CP,True,asset_000009
10385IN-CP,https://techcomm.kohler.com/techcomm/cad/10385infrt.dwg,cad drawing,DWG,https://www.kohler.co.in/p/complementary-bath-spout-without-diverter-flat-face-160mm-10385in?skuId=10385IN-CP,True,asset_000008
10385IN-CP,https://techcomm.kohler.com/techcomm/cad/10385insde.dxf,cad drawing,DXF,https://www.kohler.co.in/p/complementary-bath-spout-without-diverter-flat-face-160mm-10385in?skuId=10385IN-CP,True,asset_000013
10385IN-CP,https://techcomm.kohler.com/techcomm/cad/10385insde.dwg,cad drawing,DWG,https://www.kohler.co.in/p/complementary-bath-spout-without-diverter-flat-face-160mm-10385in?skuId=10385IN-CP,True,asset_000012
10385IN-CP,https://techcomm.kohler.com/techcomm/cad/10385IN.dxf,cad drawing,DXF,https://www.kohler.co.in/p/complementary-bath-spout-without-diverter-flat-face-160mm-10385in?skuId=10385IN-CP,True,asset_000005
10385IN-CP,https://techcomm.kohler.com/techcomm/cad/10385IN.dwg,cad drawing,DWG,https://www.kohler.co.in/p/complementary-bath-spout-without-diverter-flat-face-160mm-10385in?skuId=10385IN-CP,True,asset_000004
10385IN-CP,https://techcomm.kohler.com/techcomm/pdf/K-10385IN_spec_IN_Kohler_en.pdf,spec sheet,PDF,https://www.kohler.co.in/p/complementary-bath-spout-without-diverter-flat-face-160mm-10385in?skuId=10385IN-CP,True,asset_002923
10385IN-CP,https://techcomm.kohler.com/techcomm/pdf/1617746-IN2.pdf,installation,PDF,https://www.kohler.co.in/p/complementary-bath-spout-without-diverter-flat-face-160mm-10385in?skuId=10385IN-CP,True,asset_002870
10385IN-CP,https://techcomm.kohler.com/techcomm/pdf/1073960-IN8.pdf,parts,PDF,https://www.kohler.co.in/p/complementary-bath-spout-without-diverter-flat-face-160mm-10385in?skuId=10385IN-CP,True,asset_002765
99060IN-CP,https://techcomm.kohler.com/techcomm/cad/99060IN.obj,3d model,OBJ,https://www.kohler.co.in/p/july-bath-spout-without-diverter-in-polished-chrome-99060in?skuId=99060IN-CP,True,asset_002443
99060IN-CP,https://techcomm.kohler.com/techcomm/cad/99060IN.skp,3d model,SKP,https://www.kohler.co.in/p/july-bath-spout-without-diverter-in-polished-chrome-99060in?skuId=99060IN-CP,True,asset_002444
99060IN-CP,https://techcomm.kohler.com/techcomm/cad/99060IN.3ds,3d model,3DS,https://www.kohler.co.in/p/july-bath-spout-without-diverter-in-polished-chrome-99060in?skuId=99060IN-CP,True,asset_002440
99060IN-CP,https://techcomm.kohler.com/techcomm/cad/Faucet-Wall_Mount-Bath_Spout-KOHLER-July-K-99060IN.rfa,3d model,RFA,https://www.kohler.co.in/p/july-bath-spout-without-diverter-in-polished-chrome-99060in?skuId=99060IN-CP,True,asset_002555
99060IN-CP,https://techcomm.kohler.com/techcomm/cad/99060inpln.dxf,cad drawing,DXF,https://www.kohler.co.in/p/july-bath-spout-without-diverter-in-polished-chrome-99060in?skuId=99060IN-CP,True,asset_002448
99060IN-CP,https://techcomm.kohler.com/techcomm/cad/99060inpln.dwg,cad drawing,DWG,https://www.kohler.co.in/p/july-bath-spout-without-diverter-in-polished-chrome-99060in?skuId=99060IN-CP,True,asset_002447
99060IN-CP,https://techcomm.kohler.com/techcomm/cad/99060infrt.dxf,cad drawing,DXF,https://www.kohler.co.in/p/july-bath-spout-without-diverter-in-polished-chrome-99060in?skuId=99060IN-CP,True,asset_002446
99060IN-CP,https://techcomm.kohler.com/techcomm/cad/99060infrt.dwg,cad drawing,DWG,https://www.kohler.co.in/p/july-bath-spout-without-diverter-in-polished-chrome-99060in?skuId=99060IN-CP,True,asset_002445
99060IN-CP,https://techcomm.kohler.com/techcomm/cad/99060insde.dxf,cad drawing,DXF,https://www.kohler.co.in/p/july-bath-spout-without-diverter-in-polished-chrome-99060in?skuId=99060IN-CP,True,asset_002450
99060IN-CP,https://techcomm.kohler.com/techcomm/cad/99060insde.dwg,cad drawing,DWG,https://www.kohler.co.in/p/july-bath-spout-without-diverter-in-polished-chrome-99060in?skuId=99060IN-CP,True,asset_002449
99060IN-CP,https://techcomm.kohler.com/techcomm/cad/99060IN.dxf,cad drawing,DXF,https://www.kohler.co.in/p/july-bath-spout-without-diverter-in-polished-chrome-99060in?skuId=99060IN-CP,True,asset_002442
99060IN-CP,https://techcomm.kohler.com/techcomm/cad/99060IN.dwg,cad drawing,DWG,https://www.kohler.co.in/p/july-bath-spout-without-diverter-in-polished-chrome-99060in?skuId=99060IN-CP,True,asset_002441
99060IN-CP,https://techcomm.kohler.com/techcomm/pdf/K-99060IN_spec_IN_Kohler_en.pdf,spec sheet,PDF,https://www.kohler.co.in/p/july-bath-spout-without-diverter-in-polished-chrome-99060in?skuId=99060IN-CP,True,asset_003162
T98071-4-BV,https://techcomm.kohler.com/techcomm/cad/T98071-4.obj,3d model,OBJ,https://www.kohler.co.in/p/artifacts-deck-mount-bath-lever-handle-trim-t98071-4?skuId=T98071-4-BV,True,asset_002723
T98071-4-BV,https://techcomm.kohler.com/techcomm/cad/T98071-4.skp,3d model,SKP,https://www.kohler.co.in/p/artifacts-deck-mount-bath-lever-handle-trim-t98071-4?skuId=T98071-4-BV,True,asset_002724
T98071-4-BV,https://techcomm.kohler.com/techcomm/cad/T98071-4.3ds,3d model,3DS,https://www.kohler.co.in/p/artifacts-deck-mount-bath-lever-handle-trim-t98071-4?skuId=T98071-4-BV,True,asset_002720
T98071-4-BV,https://techcomm.kohler.com/techcomm/cad/Faucet-Bath_Handles-KOHLER-Artifacts-K-T98071.zip,3d model,RFA,https://www.kohler.co.in/p/artifacts-deck-mount-bath-lever-handle-trim-t98071-4?skuId=T98071-4-BV,True,asset_002505
T98071-4-BV,https://techcomm.kohler.com/techcomm/cad/t98071_4pln.dxf,cad drawing,DXF,https://www.kohler.co.in/p/artifacts-deck-mount-bath-lever-handle-trim-t98071-4?skuId=T98071-4-BV,True,asset_002757
T98071-4-BV,https://techcomm.kohler.com/techcomm/cad/t98071_4pln.dwg,cad drawing,DWG,https://www.kohler.co.in/p/artifacts-deck-mount-bath-lever-handle-trim-t98071-4?skuId=T98071-4-BV,True,asset_002756
T98071-4-BV,https://techcomm.kohler.com/techcomm/cad/t98071_4frt.dxf,cad drawing,DXF,https://www.kohler.co.in/p/artifacts-deck-mount-bath-lever-handle-trim-t98071-4?skuId=T98071-4-BV,True,asset_002755
T98071-4-BV,https://techcomm.kohler.com/techcomm/cad/t98071_4frt.dwg,cad drawing,DWG,https://www.kohler.co.in/p/artifacts-deck-mount-bath-lever-handle-trim-t98071-4?skuId=T98071-4-BV,True,asset_002754
T98071-4-BV,https://techcomm.kohler.com/techcomm/cad/t98071_4sde.dxf,cad drawing,DXF,https://www.kohler.co.in/p/artifacts-deck-mount-bath-lever-handle-trim-t98071-4?skuId=T98071-4-BV,True,asset_002759
T98071-4-BV,https://techcomm.kohler.com/techcomm/cad/t98071_4sde.dwg,cad drawing,DWG,https://www.kohler.co.in/p/artifacts-deck-mount-bath-lever-handle-trim-t98071-4?skuId=T98071-4-BV,True,asset_002758
T98071-4-BV,https://techcomm.kohler.com/techcomm/cad/T98071-4.dxf,cad drawing,DXF,https://www.kohler.co.in/p/artifacts-deck-mount-bath-lever-handle-trim-t98071-4?skuId=T98071-4-BV,True,asset_002722
T98071-4-BV,https://techcomm.kohler.com/techcomm/cad/T98071-4.dwg,cad drawing,DWG,https://www.kohler.co.in/p/artifacts-deck-mount-bath-lever-handle-trim-t98071-4?skuId=T98071-4-BV,True,asset_002721
T98071-4-BV,https://techcomm.kohler.com/techcomm/pdf/K-T98071-4_spec_US-CA_Kohler_en.pdf,spec sheet,PDF,https://www.kohler.co.in/p/artifacts-deck-mount-bath-lever-handle-trim-t98071-4?skuId=T98071-4-BV,True,asset_003171
T98071-4-BV,https://techcomm.kohler.com/techcomm/pdf/K-T98071-4_spec_IN_Kohler_en.pdf,spec sheet,PDF,https://www.kohler.co.in/p/artifacts-deck-mount-bath-lever-handle-trim-t98071-4?skuId=T98071-4-BV,True,asset_003170
T98071-4-BV,https://techcomm.kohler.com/techcomm/pdf/K-T98071-4_spec_US-CA_Kohler_fr-ca.pdf,spec sheet,PDF,https://www.kohler.co.in/p/artifacts-deck-mount-bath-lever-handle-trim-t98071-4?skuId=T98071-4-BV,True,asset_003172
T98071-4-BV,https://techcomm.kohler.com/techcomm/pdf/1206060-2.pdf,installation,PDF,https://www.kohler.co.in/p/artifacts-deck-mount-bath-lever-handle-trim-t98071-4?skuId=T98071-4-BV,True,asset_002774
25765IN-CP,https://techcomm.kohler.com/techcomm/cad/25765IN.obj,3d model,OBJ,https://www.kohler.co.in/p/modernlife-edge-wall-mount-bath-spout-25765in?skuId=25765IN-CP,True,asset_000770
25765IN-CP,https://techcomm.kohler.com/techcomm/cad/25765IN.skp,3d model,SKP,https://www.kohler.co.in/p/modernlife-edge-wall-mount-bath-spout-25765in?skuId=25765IN-CP,True,asset_000771
25765IN-CP,https://techcomm.kohler.com/techcomm/cad/25765IN.3ds,3d model,3DS,https://www.kohler.co.in/p/modernlife-edge-wall-mount-bath-spout-25765in?skuId=25765IN-CP,True,asset_000769
25765IN-CP,https://techcomm.kohler.com/techcomm/cad/Faucet-Wall_Mount-Bath_Spout-KOHLER-ModernLife_Edge-K-25765IN.rfa,3d model,RFA,https://www.kohler.co.in/p/modernlife-edge-wall-mount-bath-spout-25765in?skuId=25765IN-CP,True,asset_002556
25765IN-CP,https://techcomm.kohler.com/techcomm/cad/25765inpln.dxf,cad drawing,DXF,https://www.kohler.co.in/p/modernlife-edge-wall-mount-bath-spout-25765in?skuId=25765IN-CP,True,asset_000775
25765IN-CP,https://techcomm.kohler.com/techcomm/cad/25765inpln.dwg,cad drawing,DWG,https://www.kohler.co.in/p/modernlife-edge-wall-mount-bath-spout-25765in?skuId=25765IN-CP,True,asset_000774
25765IN-CP,https://techcomm.kohler.com/techcomm/cad/25765infrt.dxf,cad drawing,DXF,https://www.kohler.co.in/p/modernlife-edge-wall-mount-bath-spout-25765in?skuId=25765IN-CP,True,asset_000773
25765IN-CP,https://techcomm.kohler.com/techcomm/cad/25765infrt.dwg,cad drawing,DWG,https://www.kohler.co.in/p/modernlife-edge-wall-mount-bath-spout-25765in?skuId=25765IN-CP,True,asset_000772
25765IN-CP,https://techcomm.kohler.com/techcomm/cad/25765insde.dxf,cad drawing,DXF,https://www.kohler.co.in/p/modernlife-edge-wall-mount-bath-spout-25765in?skuId=25765IN-CP,True,asset_000777
25765IN-CP,https://techcomm.kohler.com/techcomm/cad/25765insde.dwg,cad drawing,DWG,https://www.kohler.co.in/p/modernlife-edge-wall-mount-bath-spout-25765in?skuId=25765IN-CP,True,asset_000776
25765IN-CP,https://techcomm.kohler.com/techcomm/pdf/K-25765IN_spec_IN_Kohler_en.pdf,spec sheet,PDF,https://www.kohler.co.in/p/modernlife-edge-wall-mount-bath-spout-25765in?skuId=25765IN-CP,True,asset_003008
23512IN-CP,https://techcomm.kohler.com/techcomm/cad/23512IN.obj,3d model,OBJ,https://www.kohler.co.in/p/parallel-bath-spout-without-diverter-23512in?skuId=23512IN-CP,True,asset_000582
23512IN-CP,https://techcomm.kohler.com/techcomm/cad/23512IN.skp,3d model,SKP,https://www.kohler.co.in/p/parallel-bath-spout-without-diverter-23512in?skuId=23512IN-CP,True,asset_000583
23512IN-CP,https://techcomm.kohler.com/techcomm/cad/23512IN.3ds,3d model,3DS,https://www.kohler.co.in/p/parallel-bath-spout-without-diverter-23512in?skuId=23512IN-CP,True,asset_000579
23512IN-CP,https://techcomm.kohler.com/techcomm/cad/Faucet-Wall_Mount-Bath_Spout-KOHLER-PARALLEL-K-23512IN.rfa,3d model,RFA,https://www.kohler.co.in/p/parallel-bath-spout-without-diverter-23512in?skuId=23512IN-CP,True,asset_002557
23512IN-CP,https://techcomm.kohler.com/techcomm/cad/Faucet-Wall_Mount-Bath_Spout-KOHLER-PARALLEL-K-23512IN.zip,3d model,RFA,https://www.kohler.co.in/p/parallel-bath-spout-without-diverter-23512in?skuId=23512IN-CP,True,asset_002558
23512IN-CP,https://techcomm.kohler.com/techcomm/cad/23512inpln.dxf,cad drawing,DXF,https://www.kohler.co.in/p/parallel-bath-spout-without-diverter-23512in?skuId=23512IN-CP,True,asset_000587
23512IN-CP,https://techcomm.kohler.com/techcomm/cad/23512inpln.dwg,cad drawing,DWG,https://www.kohler.co.in/p/parallel-bath-spout-without-diverter-23512in?skuId=23512IN-CP,True,asset_000586
23512IN-CP,https://techcomm.kohler.com/techcomm/cad/23512infrt.dxf,cad drawing,DXF,https://www.kohler.co.in/p/parallel-bath-spout-without-diverter-23512in?skuId=23512IN-CP,True,asset_000585
23512IN-CP,https://techcomm.kohler.com/techcomm/cad/23512infrt.dwg,cad drawing,DWG,https://www.kohler.co.in/p/parallel-bath-spout-without-diverter-23512in?skuId=23512IN-CP,True,asset_000584
23512IN-CP,https://techcomm.kohler.com/techcomm/cad/23512insde.dxf,cad drawing,DXF,https://www.kohler.co.in/p/parallel-bath-spout-without-diverter-23512in?skuId=23512IN-CP,True,asset_000589
23512IN-CP,https://techcomm.kohler.com/techcomm/cad/23512insde.dwg,cad drawing,DWG,https://www.kohler.co.in/p/parallel-bath-spout-without-diverter-23512in?skuId=23512IN-CP,True,asset_000588
23512IN-CP,https://techcomm.kohler.com/techcomm/cad/23512IN.dxf,cad drawing,DXF,https://www.kohler.co.in/p/parallel-bath-spout-without-diverter-23512in?skuId=23512IN-CP,True,asset_000581
23512IN-CP,https://techcomm.kohler.com/techcomm/cad/23512IN.dwg,cad drawing,DWG,https://www.kohler.co.in/p/parallel-bath-spout-without-diverter-23512in?skuId=23512IN-CP,True,asset_000580
23512IN-CP,https://techcomm.kohler.com/techcomm/pdf/K-23512IN_spec_IN_Kohler_en.pdf,spec sheet,PDF,https://www.kohler.co.in/p/parallel-bath-spout-without-diverter-23512in?skuId=23512IN-CP,True,asset_002990
23512IN-CP,https://techcomm.kohler.com/techcomm/pdf/1339458-IN2.pdf,installation,PDF,https://www.kohler.co.in/p/parallel-bath-spout-without-diverter-23512in?skuId=23512IN-CP,True,asset_002789
73120-2MB,https://techcomm.kohler.com/techcomm/cad/73120.obj,3d model,OBJ,https://www.kohler.co.in/p/composed-wall-mount-bath-spout-73120?skuId=73120-2MB,True,asset_002002
73120-2MB,https://techcomm.kohler.com/techcomm/cad/73120.skp,3d model,SKP,https://www.kohler.co.in/p/composed-wall-mount-bath-spout-73120?skuId=73120-2MB,True,asset_002003
73120-2MB,https://techcomm.kohler.com/techcomm/cad/73120.3ds,3d model,3DS,https://www.kohler.co.in/p/composed-wall-mount-bath-spout-73120?skuId=73120-2MB,True,asset_001999
73120-2MB,https://techcomm.kohler.com/techcomm/cad/Faucet-Wall_Mount-Bath_Spout-KOHLER-Composed-K-73120.rfa,3d model,RFA,https://www.kohler.co.in/p/composed-wall-mount-bath-spout-73120?skuId=73120-2MB,True,asset_002550
73120-2MB,https://techcomm.kohler.com/techcomm/cad/Bath-Spout-KOHLER-Composed-K-73120.zip,3d model,RFA,https://www.kohler.co.in/p/composed-wall-mount-bath-spout-73120?skuId=73120-2MB,True,asset_002489
73120-2MB,https://techcomm.kohler.com/techcomm/cad/73120pln.dxf,cad drawing,DXF,https://www.kohler.co.in/p/composed-wall-mount-bath-spout-73120?skuId=73120-2MB,True,asset_002007
73120-2MB,https://techcomm.kohler.com/techcomm/cad/73120pln.dwg,cad drawing,DWG,https://www.kohler.co.in/p/composed-wall-mount-bath-spout-73120?skuId=73120-2MB,True,asset_002006
73120-2MB,https://techcomm.kohler.com/techcomm/cad/73120frt.dxf,cad drawing,DXF,https://www.kohler.co.in/p/composed-wall-mount-bath-spout-73120?skuId=73120-2MB,True,asset_002005
73120-2MB,https://techcomm.kohler.com/techcomm/cad/73120frt.dwg,cad drawing,DWG,https://www.kohler.co.in/p/composed-wall-mount-bath-spout-73120?skuId=73120-2MB,True,asset_002004
73120-2MB,https://techcomm.kohler.com/techcomm/cad/73120sde.dxf,cad drawing,DXF,https://www.kohler.co.in/p/composed-wall-mount-bath-spout-73120?skuId=73120-2MB,True,asset_002009
73120-2MB,https://techcomm.kohler.com/techcomm/cad/73120sde.dwg,cad drawing,DWG,https://www.kohler.co.in/p/composed-wall-mount-bath-spout-73120?skuId=73120-2MB,True,asset_002008
73120-2MB,https://techcomm.kohler.com/techcomm/cad/73120.dxf,cad drawing,DXF,https://www.kohler.co.in/p/composed-wall-mount-bath-spout-73120?skuId=73120-2MB,True,asset_002001
73120-2MB,https://techcomm.kohler.com/techcomm/cad/73120.dwg,cad drawing,DWG,https://www.kohler.co.in/p/composed-wall-mount-bath-spout-73120?skuId=73120-2MB,True,asset_002000
73120-2MB,https://techcomm.kohler.com/techcomm/pdf/K-73120_spec_US-CA_Kohler_en.pdf,spec sheet,PDF,https://www.kohler.co.in/p/composed-wall-mount-bath-spout-73120?skuId=73120-2MB,True,asset_003120
73120-2MB,https://techcomm.kohler.com/techcomm/pdf/K-73120_spec_IN_Kohler_en.pdf,spec sheet,PDF,https://www.kohler.co.in/p/composed-wall-mount-bath-spout-73120?skuId=73120-2MB,True,asset_003118
73120-2MB,https://techcomm.kohler.com/techcomm/pdf/K-73120_spec_US-CA_Kohler_fr-ca.pdf,spec sheet,PDF,https://www.kohler.co.in/p/composed-wall-mount-bath-spout-73120?skuId=73120-2MB,True,asset_003121
73120-2MB,https://techcomm.kohler.com/techcomm/pdf/K-73120_spec_LM_Kohler_en.pdf,spec sheet,PDF,https://www.kohler.co.in/p/composed-wall-mount-bath-spout-73120?skuId=73120-2MB,True,asset_003119
73120-2MB,https://techcomm.kohler.com/techcomm/pdf/1276119-2.pdf,installation,PDF,https://www.kohler.co.in/p/composed-wall-mount-bath-spout-73120?skuId=73120-2MB,True,asset_002785
33995IN-CP,https://techcomm.kohler.com/techcomm/cad/33995IN.obj,3d model,OBJ,https://www.kohler.co.in/p/apt-wall-mount-bath-spout-33995in?skuId=33995IN-CP,True,asset_001434
33995IN-CP,https://techcomm.kohler.com/techcomm/cad/33995IN.skp,3d model,SKP,https://www.kohler.co.in/p/apt-wall-mount-bath-spout-33995in?skuId=33995IN-CP,True,asset_001435
33995IN-CP,https://techcomm.kohler.com/techcomm/cad/33995IN.3ds,3d model,3DS,https://www.kohler.co.in/p/apt-wall-mount-bath-spout-33995in?skuId=33995IN-CP,True,asset_001431
33995IN-CP,https://techcomm.kohler.com/techcomm/cad/Faucet-Wall_Mount-Bath_Spout-KOHLER-APT-K-33995IN.rfa,3d model,RFA,https://www.kohler.co.in/p/apt-wall-mount-bath-spout-33995in?skuId=33995IN-CP,True,asset_002544
33995IN-CP,https://techcomm.kohler.com/techcomm/cad/33995inpln.dxf,cad drawing,DXF,https://www.kohler.co.in/p/apt-wall-mount-bath-spout-33995in?skuId=33995IN-CP,True,asset_001439
33995IN-CP,https://techcomm.kohler.com/techcomm/cad/33995inpln.dwg,cad drawing,DWG,https://www.kohler.co.in/p/apt-wall-mount-bath-spout-33995in?skuId=33995IN-CP,True,asset_001438
33995IN-CP,https://techcomm.kohler.com/techcomm/cad/33995infrt.dxf,cad drawing,DXF,https://www.kohler.co.in/p/apt-wall-mount-bath-spout-33995in?skuId=33995IN-CP,True,asset_001437
33995IN-CP,https://techcomm.kohler.com/techcomm/cad/33995infrt.dwg,cad drawing,DWG,https://www.kohler.co.in/p/apt-wall-mount-bath-spout-33995in?skuId=33995IN-CP,True,asset_001436
33995IN-CP,https://techcomm.kohler.com/techcomm/cad/33995insde.dxf,cad drawing,DXF,https://www.kohler.co.in/p/apt-wall-mount-bath-spout-33995in?skuId=33995IN-CP,True,asset_001441
33995IN-CP,https://techcomm.kohler.com/techcomm/cad/33995insde.dwg,cad drawing,DWG,https://www.kohler.co.in/p/apt-wall-mount-bath-spout-33995in?skuId=33995IN-CP,True,asset_001440
33995IN-CP,https://techcomm.kohler.com/techcomm/cad/33995IN.dxf,cad drawing,DXF,https://www.kohler.co.in/p/apt-wall-mount-bath-spout-33995in?skuId=33995IN-CP,True,asset_001433
33995IN-CP,https://techcomm.kohler.com/techcomm/cad/33995IN.dwg,cad drawing,DWG,https://www.kohler.co.in/p/apt-wall-mount-bath-spout-33995in?skuId=33995IN-CP,True,asset_001432
33995IN-CP,https://techcomm.kohler.com/techcomm/pdf/K-33995IN_spec_IN_Kohler_en.pdf,spec sheet,PDF,https://www.kohler.co.in/p/apt-wall-mount-bath-spout-33995in?skuId=33995IN-CP,True,asset_003074
33995IN-CP,https://techcomm.kohler.com/techcomm/pdf/1587906-IN2.pdf,installation,PDF,https://www.kohler.co.in/p/apt-wall-mount-bath-spout-33995in?skuId=33995IN-CP,True,asset_002860
72791-CP,https://techcomm.kohler.com/techcomm/cad/72791.obj,3d model,OBJ,https://www.kohler.co.in/p/artifacts-wall-mount-bath-spout-with-flare-design-72791?skuId=72791-CP,True,asset_001883
72791-CP,https://techcomm.kohler.com/techcomm/cad/72791.skp,3d model,SKP,https://www.kohler.co.in/p/artifacts-wall-mount-bath-spout-with-flare-design-72791?skuId=72791-CP,True,asset_001884
72791-CP,https://techcomm.kohler.com/techcomm/cad/72791.3ds,3d model,3DS,https://www.kohler.co.in/p/artifacts-wall-mount-bath-spout-with-flare-design-72791?skuId=72791-CP,True,asset_001880
72791-CP,https://techcomm.kohler.com/techcomm/cad/Faucet-Wall_Mount-Bath_Spout-KOHLER-Artifacts-K-72791.rfa,3d model,RFA,https://www.kohler.co.in/p/artifacts-wall-mount-bath-spout-with-flare-design-72791?skuId=72791-CP,True,asset_002547
72791-CP,https://techcomm.kohler.com/techcomm/cad/Faucet-Wall_Mount_Bath_Spout-KOHLER-Artifacts-K-72791.zip,3d model,RFA,https://www.kohler.co.in/p/artifacts-wall-mount-bath-spout-with-flare-design-72791?skuId=72791-CP,True,asset_002590
72791-CP,https://techcomm.kohler.com/techcomm/cad/72791pln.dxf,cad drawing,DXF,https://www.kohler.co.in/p/artifacts-wall-mount-bath-spout-with-flare-design-72791?skuId=72791-CP,True,asset_001888
72791-CP,https://techcomm.kohler.com/techcomm/cad/72791pln.dwg,cad drawing,DWG,https://www.kohler.co.in/p/artifacts-wall-mount-bath-spout-with-flare-design-72791?skuId=72791-CP,True,asset_001887
72791-CP,https://techcomm.kohler.com/techcomm/cad/72791frt.dxf,cad drawing,DXF,https://www.kohler.co.in/p/artifacts-wall-mount-bath-spout-with-flare-design-72791?skuId=72791-CP,True,asset_001886
72791-CP,https://techcomm.kohler.com/techcomm/cad/72791frt.dwg,cad drawing,DWG,https://www.kohler.co.in/p/artifacts-wall-mount-bath-spout-with-flare-design-72791?skuId=72791-CP,True,asset_001885
72791-CP,https://techcomm.kohler.com/techcomm/cad/72791sde.dxf,cad drawing,DXF,https://www.kohler.co.in/p/artifacts-wall-mount-bath-spout-with-flare-design-72791?skuId=72791-CP,True,asset_001890
72791-CP,https://techcomm.kohler.com/techcomm/cad/72791sde.dwg,cad drawing,DWG,https://www.kohler.co.in/p/artifacts-wall-mount-bath-spout-with-flare-design-72791?skuId=72791-CP,True,asset_001889
72791-CP,https://techcomm.kohler.com/techcomm/cad/72791.dxf,cad drawing,DXF,https://www.kohler.co.in/p/artifacts-wall-mount-bath-spout-with-flare-design-72791?skuId=72791-CP,True,asset_001882
72791-CP,https://techcomm.kohler.com/techcomm/cad/72791.dwg,cad drawing,DWG,https://www.kohler.co.in/p/artifacts-wall-mount-bath-spout-with-flare-design-72791?skuId=72791-CP,True,asset_001881
72791-CP,https://techcomm.kohler.com/techcomm/pdf/K-72791_spec_US-CA_Kohler_en.pdf,spec sheet,PDF,https://www.kohler.co.in/p/artifacts-wall-mount-bath-spout-with-flare-design-72791?skuId=72791-CP,True,asset_003108
72791-CP,https://techcomm.kohler.com/techcomm/pdf/K-72791_spec_IN_Kohler_en.pdf,spec sheet,PDF,https://www.kohler.co.in/p/artifacts-wall-mount-bath-spout-with-flare-design-72791?skuId=72791-CP,True,asset_003106
72791-CP,https://techcomm.kohler.com/techcomm/pdf/K-72791_spec_US-CA_Kohler_fr-ca.pdf,spec sheet,PDF,https://www.kohler.co.in/p/artifacts-wall-mount-bath-spout-with-flare-design-72791?skuId=72791-CP,True,asset_003109
72791-CP,https://techcomm.kohler.com/techcomm/pdf/K-72791_spec_LM_Kohler_en.pdf,spec sheet,PDF,https://www.kohler.co.in/p/artifacts-wall-mount-bath-spout-with-flare-design-72791?skuId=72791-CP,True,asset_003107
72791-CP,https://techcomm.kohler.com/techcomm/pdf/1205264-2.pdf,installation,PDF,https://www.kohler.co.in/p/artifacts-wall-mount-bath-spout-with-flare-design-72791?skuId=72791-CP,True,asset_002773
26046IN-CP,https://techcomm.kohler.com/techcomm/cad/26046IN.obj,3d model,OBJ,https://www.kohler.co.in/p/beam-bath-spout-wo-diverter-26046in?skuId=26046IN-CP,True,asset_000781
26046IN-CP,https://techcomm.kohler.com/techcomm/cad/26046IN.skp,3d model,SKP,https://www.kohler.co.in/p/beam-bath-spout-wo-diverter-26046in?skuId=26046IN-CP,True,asset_000782
26046IN-CP,https://techcomm.kohler.com/techcomm/cad/26046IN.3ds,3d model,3DS,https://www.kohler.co.in/p/beam-bath-spout-wo-diverter-26046in?skuId=26046IN-CP,True,asset_000778
26046IN-CP,https://techcomm.kohler.com/techcomm/cad/Faucet-Wall_Mount-Bath_Spout-KOHLER-Beam-K-26046IN.rfa,3d model,RFA,https://www.kohler.co.in/p/beam-bath-spout-wo-diverter-26046in?skuId=26046IN-CP,True,asset_002548
26046IN-CP,https://techcomm.kohler.com/techcomm/cad/26046inpln.dxf,cad drawing,DXF,https://www.kohler.co.in/p/beam-bath-spout-wo-diverter-26046in?skuId=26046IN-CP,True,asset_000786
26046IN-CP,https://techcomm.kohler.com/techcomm/cad/26046inpln.dwg,cad drawing,DWG,https://www.kohler.co.in/p/beam-bath-spout-wo-diverter-26046in?skuId=26046IN-CP,True,asset_000785
26046IN-CP,https://techcomm.kohler.com/techcomm/cad/26046infrt.dxf,cad drawing,DXF,https://www.kohler.co.in/p/beam-bath-spout-wo-diverter-26046in?skuId=26046IN-CP,True,asset_000784
26046IN-CP,https://techcomm.kohler.com/techcomm/cad/26046infrt.dwg,cad drawing,DWG,https://www.kohler.co.in/p/beam-bath-spout-wo-diverter-26046in?skuId=26046IN-CP,True,asset_000783
26046IN-CP,https://techcomm.kohler.com/techcomm/cad/26046insde.dxf,cad drawing,DXF,https://www.kohler.co.in/p/beam-bath-spout-wo-diverter-26046in?skuId=26046IN-CP,True,asset_000788
26046IN-CP,https://techcomm.kohler.com/techcomm/cad/26046insde.dwg,cad drawing,DWG,https://www.kohler.co.in/p/beam-bath-spout-wo-diverter-26046in?skuId=26046IN-CP,True,asset_000787
26046IN-CP,https://techcomm.kohler.com/techcomm/cad/26046IN.dxf,cad drawing,DXF,https://www.kohler.co.in/p/beam-bath-spout-wo-diverter-26046in?skuId=26046IN-CP,True,asset_000780
26046IN-CP,https://techcomm.kohler.com/techcomm/cad/26046IN.dwg,cad drawing,DWG,https://www.kohler.co.in/p/beam-bath-spout-wo-diverter-26046in?skuId=26046IN-CP,True,asset_000779
26046IN-CP,https://techcomm.kohler.com/techcomm/pdf/K-26046IN_spec_IN_Kohler_en.pdf,spec sheet,PDF,https://www.kohler.co.in/p/beam-bath-spout-wo-diverter-26046in?skuId=26046IN-CP,True,asset_003009
26046IN-CP,https://techcomm.kohler.com/techcomm/pdf/1397513-IN2.pdf,installation,PDF,https://www.kohler.co.in/p/beam-bath-spout-wo-diverter-26046in?skuId=26046IN-CP,True,asset_002800
74046IN-A1-CP,https://techcomm.kohler.com/techcomm/cad/Faucet-Wall_Mount-Bath_Spout-KOHLER-TAUT-K-74046IN.rfa,3d model,RFA,https://www.kohler.co.in/p/taut-wall-mount-bath-spout-without-diverter-74046in-a1?skuId=74046IN-A1-CP,True,asset_002561
38471IN-CP,https://techcomm.kohler.com/techcomm/cad/38471IN.obj,3d model,OBJ,https://www.kohler.co.in/p/engage-wall-mount-bath-spout-with-diverter-38471in?skuId=38471IN-CP,True,asset_001500
38471IN-CP,https://techcomm.kohler.com/techcomm/cad/38471IN.skp,3d model,SKP,https://www.kohler.co.in/p/engage-wall-mount-bath-spout-with-diverter-38471in?skuId=38471IN-CP,True,asset_001501
38471IN-CP,https://techcomm.kohler.com/techcomm/cad/38471IN.3ds,3d model,3DS,https://www.kohler.co.in/p/engage-wall-mount-bath-spout-with-diverter-38471in?skuId=38471IN-CP,True,asset_001497
38471IN-CP,https://techcomm.kohler.com/techcomm/cad/Faucet-Lavatory-Spout-KOHLER-K-38471IN.rfa,3d model,RFA,https://www.kohler.co.in/p/engage-wall-mount-bath-spout-with-diverter-38471in?skuId=38471IN-CP,True,asset_002540
38471IN-CP,https://techcomm.kohler.com/techcomm/cad/38471inpln.dxf,cad drawing,DXF,https://www.kohler.co.in/p/engage-wall-mount-bath-spout-with-diverter-38471in?skuId=38471IN-CP,True,asset_001505
38471IN-CP,https://techcomm.kohler.com/techcomm/cad/38471inpln.dwg,cad drawing,DWG,https://www.kohler.co.in/p/engage-wall-mount-bath-spout-with-diverter-38471in?skuId=38471IN-CP,True,asset_001504
38471IN-CP,https://techcomm.kohler.com/techcomm/cad/38471infrt.dxf,cad drawing,DXF,https://www.kohler.co.in/p/engage-wall-mount-bath-spout-with-diverter-38471in?skuId=38471IN-CP,True,asset_001503
38471IN-CP,https://techcomm.kohler.com/techcomm/cad/38471infrt.dwg,cad drawing,DWG,https://www.kohler.co.in/p/engage-wall-mount-bath-spout-with-diverter-38471in?skuId=38471IN-CP,True,asset_001502
38471IN-CP,https://techcomm.kohler.com/techcomm/cad/38471insde.dxf,cad drawing,DXF,https://www.kohler.co.in/p/engage-wall-mount-bath-spout-with-diverter-38471in?skuId=38471IN-CP,True,asset_001507
38471IN-CP,https://techcomm.kohler.com/techcomm/cad/38471insde.dwg,cad drawing,DWG,https://www.kohler.co.in/p/engage-wall-mount-bath-spout-with-diverter-38471in?skuId=38471IN-CP,True,asset_001506
38471IN-CP,https://techcomm.kohler.com/techcomm/cad/38471IN.dxf,cad drawing,DXF,https://www.kohler.co.in/p/engage-wall-mount-bath-spout-with-diverter-38471in?skuId=38471IN-CP,True,asset_001499
38471IN-CP,https://techcomm.kohler.com/techcomm/cad/38471IN.dwg,cad drawing,DWG,https://www.kohler.co.in/p/engage-wall-mount-bath-spout-with-diverter-38471in?skuId=38471IN-CP,True,asset_001498
38471IN-CP,https://techcomm.kohler.com/techcomm/pdf/K-38471IN_spec_IN_Kohler_en.pdf,spec sheet,PDF,https://www.kohler.co.in/p/engage-wall-mount-bath-spout-with-diverter-38471in?skuId=38471IN-CP,True,asset_003080
38471IN-CP,https://techcomm.kohler.com/techcomm/pdf/1609345-IN2.pdf,installation,PDF,https://www.kohler.co.in/p/engage-wall-mount-bath-spout-with-diverter-38471in?skuId=38471IN-CP,True,asset_002867
38471IN-CP,https://techcomm.kohler.com/techcomm/pdf/1642587-IN8.pdf,parts,PDF,https://www.kohler.co.in/p/engage-wall-mount-bath-spout-with-diverter-38471in?skuId=38471IN-CP,True,asset_002880
97367T-B4-CP,https://techcomm.kohler.com/techcomm/cad/97367T-B4.obj,3d model,OBJ,https://www.kohler.co.in/p/avid-floor-mount-bath-filler-with-handshower-97367t-b4?skuId=97367T-B4-CP,True,asset_002344
97367T-B4-CP,https://techcomm.kohler.com/techcomm/cad/97367T-B4.skp,3d model,SKP,https://www.kohler.co.in/p/avid-floor-mount-bath-filler-with-handshower-97367t-b4?skuId=97367T-B4-CP,True,asset_002345
97367T-B4-CP,https://techcomm.kohler.com/techcomm/cad/97367T-B4.3ds,3d model,3DS,https://www.kohler.co.in/p/avid-floor-mount-bath-filler-with-handshower-97367t-b4?skuId=97367T-B4-CP,True,asset_002341
97367T-B4-CP,https://techcomm.kohler.com/techcomm/cad/Faucet-Bath_Filler-KOHLER-AVID-K-97367T.rfa,3d model,RFA,https://www.kohler.co.in/p/avid-floor-mount-bath-filler-with-handshower-97367t-b4?skuId=97367T-B4-CP,True,asset_002504
97367T-B4-CP,https://techcomm.kohler.com/techcomm/cad/97367t_b4pln.dxf,cad drawing,DXF,https://www.kohler.co.in/p/avid-floor-mount-bath-filler-with-handshower-97367t-b4?skuId=97367T-B4-CP,True,asset_002349
97367T-B4-CP,https://techcomm.kohler.com/techcomm/cad/97367t_b4pln.dwg,cad drawing,DWG,https://www.kohler.co.in/p/avid-floor-mount-bath-filler-with-handshower-97367t-b4?skuId=97367T-B4-CP,True,asset_002348
97367T-B4-CP,https://techcomm.kohler.com/techcomm/cad/97367t_b4frt.dxf,cad drawing,DXF,https://www.kohler.co.in/p/avid-floor-mount-bath-filler-with-handshower-97367t-b4?skuId=97367T-B4-CP,True,asset_002347
97367T-B4-CP,https://techcomm.kohler.com/techcomm/cad/97367t_b4frt.dwg,cad drawing,DWG,https://www.kohler.co.in/p/avid-floor-mount-bath-filler-with-handshower-97367t-b4?skuId=97367T-B4-CP,True,asset_002346
97367T-B4-CP,https://techcomm.kohler.com/techcomm/cad/97367t_b4sde.dxf,cad drawing,DXF,https://www.kohler.co.in/p/avid-floor-mount-bath-filler-with-handshower-97367t-b4?skuId=97367T-B4-CP,True,asset_002351
97367T-B4-CP,https://techcomm.kohler.com/techcomm/cad/97367t_b4sde.dwg,cad drawing,DWG,https://www.kohler.co.in/p/avid-floor-mount-bath-filler-with-handshower-97367t-b4?skuId=97367T-B4-CP,True,asset_002350
97367T-B4-CP,https://techcomm.kohler.com/techcomm/cad/97367T-B4.dxf,cad drawing,DXF,https://www.kohler.co.in/p/avid-floor-mount-bath-filler-with-handshower-97367t-b4?skuId=97367T-B4-CP,True,asset_002343
97367T-B4-CP,https://techcomm.kohler.com/techcomm/cad/97367T-B4.dwg,cad drawing,DWG,https://www.kohler.co.in/p/avid-floor-mount-bath-filler-with-handshower-97367t-b4?skuId=97367T-B4-CP,True,asset_002342
97367T-B4-CP,https://techcomm.kohler.com/techcomm/pdf/K-97367T-B4_spec_CN_Kohler_en.pdf,spec sheet,PDF,https://www.kohler.co.in/p/avid-floor-mount-bath-filler-with-handshower-97367t-b4?skuId=97367T-B4-CP,True,asset_003154
97367T-B4-CP,https://techcomm.kohler.com/techcomm/pdf/K-97367T-B4_spec_IN_Kohler_en.pdf,spec sheet,PDF,https://www.kohler.co.in/p/avid-floor-mount-bath-filler-with-handshower-97367t-b4?skuId=97367T-B4-CP,True,asset_003155
97367T-B4-CP,https://techcomm.kohler.com/techcomm/pdf/97367T-B4_1338452-2A_D1.pdf,installation,PDF,https://www.kohler.co.in/p/avid-floor-mount-bath-filler-with-handshower-97367t-b4?skuId=97367T-B4-CP,True,asset_002919
T9540-4-CP,https://techcomm.kohler.com/techcomm/cad/Faucet-Valve_Trim-KOHLER-K-T9540.rfa,3d model,RFA,https://www.kohler.co.in/p/deck-mount-trim-for-transfer-valve-vacuum-breaker-with-lever-handle-valve-not-included-t9540-4?skuId=T9540-4-CP,True,asset_002542
T9540-4-CP,https://techcomm.kohler.com/techcomm/cad/t9540_4pln.dxf,cad drawing,DXF,https://www.kohler.co.in/p/deck-mount-trim-for-transfer-valve-vacuum-breaker-with-lever-handle-valve-not-included-t9540-4?skuId=T9540-4-CP,True,asset_002751
T9540-4-CP,https://techcomm.kohler.com/techcomm/cad/t9540_4pln.dwg,cad drawing,DWG,https://www.kohler.co.in/p/deck-mount-trim-for-transfer-valve-vacuum-breaker-with-lever-handle-valve-not-included-t9540-4?skuId=T9540-4-CP,True,asset_002750
T9540-4-CP,https://techcomm.kohler.com/techcomm/cad/t9540_4frt.dxf,cad drawing,DXF,https://www.kohler.co.in/p/deck-mount-trim-for-transfer-valve-vacuum-breaker-with-lever-handle-valve-not-included-t9540-4?skuId=T9540-4-CP,True,asset_002749
T9540-4-CP,https://techcomm.kohler.com/techcomm/cad/t9540_4frt.dwg,cad drawing,DWG,https://www.kohler.co.in/p/deck-mount-trim-for-transfer-valve-vacuum-breaker-with-lever-handle-valve-not-included-t9540-4?skuId=T9540-4-CP,True,asset_002748
T9540-4-CP,https://techcomm.kohler.com/techcomm/cad/t9540_4sde.dxf,cad drawing,DXF,https://www.kohler.co.in/p/deck-mount-trim-for-transfer-valve-vacuum-breaker-with-lever-handle-valve-not-included-t9540-4?skuId=T9540-4-CP,True,asset_002753
T9540-4-CP,https://techcomm.kohler.com/techcomm/cad/t9540_4sde.dwg,cad drawing,DWG,https://www.kohler.co.in/p/deck-mount-trim-for-transfer-valve-vacuum-breaker-with-lever-handle-valve-not-included-t9540-4?skuId=T9540-4-CP,True,asset_002752
T9540-4-CP,https://techcomm.kohler.com/techcomm/pdf/K-T9540-4_spec_US-CA_Kohler_en.pdf,spec sheet,PDF,https://www.kohler.co.in/p/deck-mount-trim-for-transfer-valve-vacuum-breaker-with-lever-handle-valve-not-included-t9540-4?skuId=T9540-4-CP,True,asset_003168
T9540-4-CP,https://techcomm.kohler.com/techcomm/pdf/K-T9540-4_spec_IN_Kohler_en.pdf,spec sheet,PDF,https://www.kohler.co.in/p/deck-mount-trim-for-transfer-valve-vacuum-breaker-with-lever-handle-valve-not-included-t9540-4?skuId=T9540-4-CP,True,asset_003167
T9540-4-CP,https://techcomm.kohler.com/techcomm/pdf/K-T9540-4_spec_US-CA_Kohler_fr-ca.pdf,spec sheet,PDF,https://www.kohler.co.in/p/deck-mount-trim-for-transfer-valve-vacuum-breaker-with-lever-handle-valve-not-included-t9540-4?skuId=T9540-4-CP,True,asset_003169
T9540-4-CP,https://techcomm.kohler.com/techcomm/pdf/086840-2.pdf,installation,PDF,https://www.kohler.co.in/p/deck-mount-trim-for-transfer-valve-vacuum-breaker-with-lever-handle-valve-not-included-t9540-4?skuId=T9540-4-CP,True,asset_002760
20077IN-CP,https://techcomm.kohler.com/techcomm/cad/20077IN.obj,3d model,OBJ,https://www.kohler.co.in/p/aleo-bath-spout-w-diverter-20077in?skuId=20077IN-CP,True,asset_000373
20077IN-CP,https://techcomm.kohler.com/techcomm/cad/20077IN.skp,3d model,SKP,https://www.kohler.co.in/p/aleo-bath-spout-w-diverter-20077in?skuId=20077IN-CP,True,asset_000374
20077IN-CP,https://techcomm.kohler.com/techcomm/cad/20077IN.3ds,3d model,3DS,https://www.kohler.co.in/p/aleo-bath-spout-w-diverter-20077in?skuId=20077IN-CP,True,asset_000370
20077IN-CP,https://techcomm.kohler.com/techcomm/cad/Faucet-Wall_Mount-Bath_Spout-KOHLER-Aleo-K-20077IN.rfa,3d model,RFA,https://www.kohler.co.in/p/aleo-bath-spout-w-diverter-20077in?skuId=20077IN-CP,True,asset_002546
20077IN-CP,https://techcomm.kohler.com/techcomm/cad/20077inpln.dxf,cad drawing,DXF,https://www.kohler.co.in/p/aleo-bath-spout-w-diverter-20077in?skuId=20077IN-CP,True,asset_000378
20077IN-CP,https://techcomm.kohler.com/techcomm/cad/20077inpln.dwg,cad drawing,DWG,https://www.kohler.co.in/p/aleo-bath-spout-w-diverter-20077in?skuId=20077IN-CP,True,asset_000377
20077IN-CP,https://techcomm.kohler.com/techcomm/cad/20077infrt.dxf,cad drawing,DXF,https://www.kohler.co.in/p/aleo-bath-spout-w-diverter-20077in?skuId=20077IN-CP,True,asset_000376
20077IN-CP,https://techcomm.kohler.com/techcomm/cad/20077infrt.dwg,cad drawing,DWG,https://www.kohler.co.in/p/aleo-bath-spout-w-diverter-20077in?skuId=20077IN-CP,True,asset_000375
20077IN-CP,https://techcomm.kohler.com/techcomm/cad/20077insde.dxf,cad drawing,DXF,https://www.kohler.co.in/p/aleo-bath-spout-w-diverter-20077in?skuId=20077IN-CP,True,asset_000380
20077IN-CP,https://techcomm.kohler.com/techcomm/cad/20077insde.dwg,cad drawing,DWG,https://www.kohler.co.in/p/aleo-bath-spout-w-diverter-20077in?skuId=20077IN-CP,True,asset_000379
20077IN-CP,https://techcomm.kohler.com/techcomm/cad/20077IN.dxf,cad drawing,DXF,https://www.kohler.co.in/p/aleo-bath-spout-w-diverter-20077in?skuId=20077IN-CP,True,asset_000372
20077IN-CP,https://techcomm.kohler.com/techcomm/cad/20077IN.dwg,cad drawing,DWG,https://www.kohler.co.in/p/aleo-bath-spout-w-diverter-20077in?skuId=20077IN-CP,True,asset_000371
20077IN-CP,https://techcomm.kohler.com/techcomm/pdf/K-20077IN_spec_IN_Kohler_en.pdf,spec sheet,PDF,https://www.kohler.co.in/p/aleo-bath-spout-w-diverter-20077in?skuId=20077IN-CP,True,asset_002964
22543IN-N-CP,https://techcomm.kohler.com/techcomm/pdf/K-22543IN-N_spec_IN_Kohler_en.pdf,spec sheet,PDF,https://www.kohler.co.in/p/hone-wall-mount-bath-spout-22543in-n?skuId=22543IN-N-CP,True,asset_002986
27490IN-CP,https://techcomm.kohler.com/techcomm/cad/27490IN.obj,3d model,OBJ,https://www.kohler.co.in/p/fore-bath-spout-without-diverter-27490in?skuId=27490IN-CP,True,asset_001057
27490IN-CP,https://techcomm.kohler.com/techcomm/cad/27490IN.skp,3d model,SKP,https://www.kohler.co.in/p/fore-bath-spout-without-diverter-27490in?skuId=27490IN-CP,True,asset_001058
27490IN-CP,https://techcomm.kohler.com/techcomm/cad/27490IN.3ds,3d model,3DS,https://www.kohler.co.in/p/fore-bath-spout-without-diverter-27490in?skuId=27490IN-CP,True,asset_001054
27490IN-CP,https://techcomm.kohler.com/techcomm/cad/Faucet-Wall_Mount-Bath_Spout-KOHLER-Fore-K-27490IN.rfa,3d model,RFA,https://www.kohler.co.in/p/fore-bath-spout-without-diverter-27490in?skuId=27490IN-CP,True,asset_002551
27490IN-CP,https://techcomm.kohler.com/techcomm/cad/27490inpln.dxf,cad drawing,DXF,https://www.kohler.co.in/p/fore-bath-spout-without-diverter-27490in?skuId=27490IN-CP,True,asset_001062
27490IN-CP,https://techcomm.kohler.com/techcomm/cad/27490inpln.dwg,cad drawing,DWG,https://www.kohler.co.in/p/fore-bath-spout-without-diverter-27490in?skuId=27490IN-CP,True,asset_001061
27490IN-CP,https://techcomm.kohler.com/techcomm/cad/27490infrt.dxf,cad drawing,DXF,https://www.kohler.co.in/p/fore-bath-spout-without-diverter-27490in?skuId=27490IN-CP,True,asset_001060
27490IN-CP,https://techcomm.kohler.com/techcomm/cad/27490infrt.dwg,cad drawing,DWG,https://www.kohler.co.in/p/fore-bath-spout-without-diverter-27490in?skuId=27490IN-CP,True,asset_001059
27490IN-CP,https://techcomm.kohler.com/techcomm/cad/27490insde.dxf,cad drawing,DXF,https://www.kohler.co.in/p/fore-bath-spout-without-diverter-27490in?skuId=27490IN-CP,True,asset_001064
27490IN-CP,https://techcomm.kohler.com/techcomm/cad/27490insde.dwg,cad drawing,DWG,https://www.kohler.co.in/p/fore-bath-spout-without-diverter-27490in?skuId=27490IN-CP,True,asset_001063
27490IN-CP,https://techcomm.kohler.com/techcomm/cad/27490IN.dxf,cad drawing,DXF,https://www.kohler.co.in/p/fore-bath-spout-without-diverter-27490in?skuId=27490IN-CP,True,asset_001056
27490IN-CP,https://techcomm.kohler.com/techcomm/cad/27490IN.dwg,cad drawing,DWG,https://www.kohler.co.in/p/fore-bath-spout-without-diverter-27490in?skuId=27490IN-CP,True,asset_001055
27490IN-CP,https://techcomm.kohler.com/techcomm/pdf/K-27490IN_spec_IN_Kohler_en.pdf,spec sheet,PDF,https://www.kohler.co.in/p/fore-bath-spout-without-diverter-27490in?skuId=27490IN-CP,True,asset_003040
27490IN-CP,https://techcomm.kohler.com/techcomm/pdf/1667457-24.pdf,environmental document,PDF,https://www.kohler.co.in/p/fore-bath-spout-without-diverter-27490in?skuId=27490IN-CP,True,asset_002898
27494IN-CP,https://techcomm.kohler.com/techcomm/cad/27494IN.obj,3d model,OBJ,https://www.kohler.co.in/p/fore-arc-bath-spout-w-diverter-27494in?skuId=27494IN-CP,True,asset_001090
27494IN-CP,https://techcomm.kohler.com/techcomm/cad/27494IN.skp,3d model,SKP,https://www.kohler.co.in/p/fore-arc-bath-spout-w-diverter-27494in?skuId=27494IN-CP,True,asset_001091
27494IN-CP,https://techcomm.kohler.com/techcomm/cad/27494IN.3ds,3d model,3DS,https://www.kohler.co.in/p/fore-arc-bath-spout-w-diverter-27494in?skuId=27494IN-CP,True,asset_001087
27494IN-CP,https://techcomm.kohler.com/techcomm/cad/Faucet-Wall_Mount-Bath_Spout-KOHLER-Fore-K-27494IN.rfa,3d model,RFA,https://www.kohler.co.in/p/fore-arc-bath-spout-w-diverter-27494in?skuId=27494IN-CP,True,asset_002554
27494IN-CP,https://techcomm.kohler.com/techcomm/cad/27494inpln.dxf,cad drawing,DXF,https://www.kohler.co.in/p/fore-arc-bath-spout-w-diverter-27494in?skuId=27494IN-CP,True,asset_001095
27494IN-CP,https://techcomm.kohler.com/techcomm/cad/27494inpln.dwg,cad drawing,DWG,https://www.kohler.co.in/p/fore-arc-bath-spout-w-diverter-27494in?skuId=27494IN-CP,True,asset_001094
27494IN-CP,https://techcomm.kohler.com/techcomm/cad/27494infrt.dxf,cad drawing,DXF,https://www.kohler.co.in/p/fore-arc-bath-spout-w-diverter-27494in?skuId=27494IN-CP,True,asset_001093
27494IN-CP,https://techcomm.kohler.com/techcomm/cad/27494infrt.dwg,cad drawing,DWG,https://www.kohler.co.in/p/fore-arc-bath-spout-w-diverter-27494in?skuId=27494IN-CP,True,asset_001092
27494IN-CP,https://techcomm.kohler.com/techcomm/cad/27494insde.dxf,cad drawing,DXF,https://www.kohler.co.in/p/fore-arc-bath-spout-w-diverter-27494in?skuId=27494IN-CP,True,asset_001097
27494IN-CP,https://techcomm.kohler.com/techcomm/cad/27494insde.dwg,cad drawing,DWG,https://www.kohler.co.in/p/fore-arc-bath-spout-w-diverter-27494in?skuId=27494IN-CP,True,asset_001096
27494IN-CP,https://techcomm.kohler.com/techcomm/cad/27494IN.dxf,cad drawing,DXF,https://www.kohler.co.in/p/fore-arc-bath-spout-w-diverter-27494in?skuId=27494IN-CP,True,asset_001089
27494IN-CP,https://techcomm.kohler.com/techcomm/cad/27494IN.dwg,cad drawing,DWG,https://www.kohler.co.in/p/fore-arc-bath-spout-w-diverter-27494in?skuId=27494IN-CP,True,asset_001088
27494IN-CP,https://techcomm.kohler.com/techcomm/pdf/K-27494IN_spec_IN_Kohler_en.pdf,spec sheet,PDF,https://www.kohler.co.in/p/fore-arc-bath-spout-w-diverter-27494in?skuId=27494IN-CP,True,asset_003043
27477IN-4ND-CP,https://techcomm.kohler.com/techcomm/cad/27477IN-4ND.obj,3d model,OBJ,https://www.kohler.co.in/p/fore-tri-single-control-lav-faucet-without-drain-27477in-4nd?skuId=27477IN-4ND-CP,True,asset_000991
27477IN-4ND-CP,https://techcomm.kohler.com/techcomm/cad/27477IN-4ND.skp,3d model,SKP,https://www.kohler.co.in/p/fore-tri-single-control-lav-faucet-without-drain-27477in-4nd?skuId=27477IN-4ND-CP,True,asset_000992
27477IN-4ND-CP,https://techcomm.kohler.com/techcomm/cad/27477IN-4ND.3ds,3d model,3DS,https://www.kohler.co.in/p/fore-tri-single-control-lav-faucet-without-drain-27477in-4nd?skuId=27477IN-4ND-CP,True,asset_000988
27477IN-4ND-CP,https://techcomm.kohler.com/techcomm/cad/Faucet-Lavatory-KOHLER-Fore-K-27477IN.rfa,3d model,RFA,https://www.kohler.co.in/p/fore-tri-single-control-lav-faucet-without-drain-27477in-4nd?skuId=27477IN-4ND-CP,True,asset_002528
27477IN-4ND-CP,https://techcomm.kohler.com/techcomm/cad/27477in_4ndpln.dxf,cad drawing,DXF,https://www.kohler.co.in/p/fore-tri-single-control-lav-faucet-without-drain-27477in-4nd?skuId=27477IN-4ND-CP,True,asset_000996
27477IN-4ND-CP,https://techcomm.kohler.com/techcomm/cad/27477in_4ndpln.dwg,cad drawing,DWG,https://www.kohler.co.in/p/fore-tri-single-control-lav-faucet-without-drain-27477in-4nd?skuId=27477IN-4ND-CP,True,asset_000995
27477IN-4ND-CP,https://techcomm.kohler.com/techcomm/cad/27477in_4ndfrt.dxf,cad drawing,DXF,https://www.kohler.co.in/p/fore-tri-single-control-lav-faucet-without-drain-27477in-4nd?skuId=27477IN-4ND-CP,True,asset_000994
27477IN-4ND-CP,https://techcomm.kohler.com/techcomm/cad/27477in_4ndfrt.dwg,cad drawing,DWG,https://www.kohler.co.in/p/fore-tri-single-control-lav-faucet-without-drain-27477in-4nd?skuId=27477IN-4ND-CP,True,asset_000993
27477IN-4ND-CP,https://techcomm.kohler.com/techcomm/cad/27477in_4ndsde.dxf,cad drawing,DXF,https://www.kohler.co.in/p/fore-tri-single-control-lav-faucet-without-drain-27477in-4nd?skuId=27477IN-4ND-CP,True,asset_000998
27477IN-4ND-CP,https://techcomm.kohler.com/techcomm/cad/27477in_4ndsde.dwg,cad drawing,DWG,https://www.kohler.co.in/p/fore-tri-single-control-lav-faucet-without-drain-27477in-4nd?skuId=27477IN-4ND-CP,True,asset_000997
27477IN-4ND-CP,https://techcomm.kohler.com/techcomm/cad/27477IN-4ND.dxf,cad drawing,DXF,https://www.kohler.co.in/p/fore-tri-single-control-lav-faucet-without-drain-27477in-4nd?skuId=27477IN-4ND-CP,True,asset_000990
27477IN-4ND-CP,https://techcomm.kohler.com/techcomm/cad/27477IN-4ND.dwg,cad drawing,DWG,https://www.kohler.co.in/p/fore-tri-single-control-lav-faucet-without-drain-27477in-4nd?skuId=27477IN-4ND-CP,True,asset_000989
27477IN-4ND-CP,https://techcomm.kohler.com/techcomm/pdf/K-27477IN-4ND_spec_IN_Kohler_en.pdf,spec sheet,PDF,https://www.kohler.co.in/p/fore-tri-single-control-lav-faucet-without-drain-27477in-4nd?skuId=27477IN-4ND-CP,True,asset_003034
27477IN-4ND-CP,https://techcomm.kohler.com/techcomm/pdf/1460609-IN2.pdf,installation,PDF,https://www.kohler.co.in/p/fore-tri-single-control-lav-faucet-without-drain-27477in-4nd?skuId=27477IN-4ND-CP,True,asset_002821
27477IN-4ND-CP,https://techcomm.kohler.com/techcomm/pdf/1112833-8_p01.pdf,parts,PDF,https://www.kohler.co.in/p/fore-tri-single-control-lav-faucet-without-drain-27477in-4nd?skuId=27477IN-4ND-CP,True,asset_002766
77963-8A-BL,https://techcomm.kohler.com/techcomm/cad/77963-8A.obj,3d model,OBJ,https://www.kohler.co.in/p/components-bathroom-sink-rocker-handle-77963-8a?skuId=77963-8A-BL,True,asset_002148
77963-8A-BL,https://techcomm.kohler.com/techcomm/cad/77963-8A.skp,3d model,SKP,https://www.kohler.co.in/p/components-bathroom-sink-rocker-handle-77963-8a?skuId=77963-8A-BL,True,asset_002149
77963-8A-BL,https://techcomm.kohler.com/techcomm/cad/77963-8A.3ds,3d model,3DS,https://www.kohler.co.in/p/components-bathroom-sink-rocker-handle-77963-8a?skuId=77963-8A-BL,True,asset_002145
77963-8A-BL,https://techcomm.kohler.com/techcomm/cad/Faucet-Handle-KOHLER-Components-K-77963.rfa,3d model,RFA,https://www.kohler.co.in/p/components-bathroom-sink-rocker-handle-77963-8a?skuId=77963-8A-BL,True,asset_002509
77963-8A-BL,https://techcomm.kohler.com/techcomm/cad/Faucet-Handle-KOHLER-Components-K-77963.zip,3d model,RFA,https://www.kohler.co.in/p/components-bathroom-sink-rocker-handle-77963-8a?skuId=77963-8A-BL,True,asset_002510
77963-8A-BL,https://techcomm.kohler.com/techcomm/cad/77963_8apln.dxf,cad drawing,DXF,https://www.kohler.co.in/p/components-bathroom-sink-rocker-handle-77963-8a?skuId=77963-8A-BL,True,asset_002153
77963-8A-BL,https://techcomm.kohler.com/techcomm/cad/77963_8apln.dwg,cad drawing,DWG,https://www.kohler.co.in/p/components-bathroom-sink-rocker-handle-77963-8a?skuId=77963-8A-BL,True,asset_002152
77963-8A-BL,https://techcomm.kohler.com/techcomm/cad/77963_8afrt.dxf,cad drawing,DXF,https://www.kohler.co.in/p/components-bathroom-sink-rocker-handle-77963-8a?skuId=77963-8A-BL,True,asset_002151
77963-8A-BL,https://techcomm.kohler.com/techcomm/cad/77963_8afrt.dwg,cad drawing,DWG,https://www.kohler.co.in/p/components-bathroom-sink-rocker-handle-77963-8a?skuId=77963-8A-BL,True,asset_002150
77963-8A-BL,https://techcomm.kohler.com/techcomm/cad/77963_8asde.dxf,cad drawing,DXF,https://www.kohler.co.in/p/components-bathroom-sink-rocker-handle-77963-8a?skuId=77963-8A-BL,True,asset_002155
77963-8A-BL,https://techcomm.kohler.com/techcomm/cad/77963_8asde.dwg,cad drawing,DWG,https://www.kohler.co.in/p/components-bathroom-sink-rocker-handle-77963-8a?skuId=77963-8A-BL,True,asset_002154
77963-8A-BL,https://techcomm.kohler.com/techcomm/cad/77963-8A.dxf,cad drawing,DXF,https://www.kohler.co.in/p/components-bathroom-sink-rocker-handle-77963-8a?skuId=77963-8A-BL,True,asset_002147
77963-8A-BL,https://techcomm.kohler.com/techcomm/cad/77963-8A.dwg,cad drawing,DWG,https://www.kohler.co.in/p/components-bathroom-sink-rocker-handle-77963-8a?skuId=77963-8A-BL,True,asset_002146
77963-8A-BL,https://techcomm.kohler.com/techcomm/pdf/K-77963-8A_spec_US-CA_Kohler_en.pdf,spec sheet,PDF,https://www.kohler.co.in/p/components-bathroom-sink-rocker-handle-77963-8a?skuId=77963-8A-BL,True,asset_003137
77963-8A-BL,https://techcomm.kohler.com/techcomm/pdf/K-77963-8A_spec_IN_Kohler_en.pdf,spec sheet,PDF,https://www.kohler.co.in/p/components-bathroom-sink-rocker-handle-77963-8a?skuId=77963-8A-BL,True,asset_003135
77963-8A-BL,https://techcomm.kohler.com/techcomm/pdf/K-77963-8A_spec_US-CA_Kohler_fr-ca.pdf,spec sheet,PDF,https://www.kohler.co.in/p/components-bathroom-sink-rocker-handle-77963-8a?skuId=77963-8A-BL,True,asset_003138
77963-8A-BL,https://techcomm.kohler.com/techcomm/pdf/K-77963-8A_spec_LM_Kohler_en.pdf,spec sheet,PDF,https://www.kohler.co.in/p/components-bathroom-sink-rocker-handle-77963-8a?skuId=77963-8A-BL,True,asset_003136
77963-8A-BL,https://techcomm.kohler.com/techcomm/pdf/1394850-2.pdf,installation,PDF,https://www.kohler.co.in/p/components-bathroom-sink-rocker-handle-77963-8a?skuId=77963-8A-BL,True,asset_002799
73159IN-7-CP,https://techcomm.kohler.com/techcomm/cad/73159IN-7.obj,3d model,OBJ,https://www.kohler.co.in/p/composed-single-control-side-mount-tall-lavatory-faucet-with-drain-73159in-7?skuId=73159IN-7-CP,True,asset_002024
73159IN-7-CP,https://techcomm.kohler.com/techcomm/cad/73159IN-7.skp,3d model,SKP,https://www.kohler.co.in/p/composed-single-control-side-mount-tall-lavatory-faucet-with-drain-73159in-7?skuId=73159IN-7-CP,True,asset_002025
73159IN-7-CP,https://techcomm.kohler.com/techcomm/cad/73159IN-7.3ds,3d model,3DS,https://www.kohler.co.in/p/composed-single-control-side-mount-tall-lavatory-faucet-with-drain-73159in-7?skuId=73159IN-7-CP,True,asset_002021
73159IN-7-CP,https://techcomm.kohler.com/techcomm/cad/Faucet-Lavatory-KOHLER-Composed-K-73159IN.rfa,3d model,RFA,https://www.kohler.co.in/p/composed-single-control-side-mount-tall-lavatory-faucet-with-drain-73159in-7?skuId=73159IN-7-CP,True,asset_002525
73159IN-7-CP,https://techcomm.kohler.com/techcomm/cad/73159in_7pln.dxf,cad drawing,DXF,https://www.kohler.co.in/p/composed-single-control-side-mount-tall-lavatory-faucet-with-drain-73159in-7?skuId=73159IN-7-CP,True,asset_002029
73159IN-7-CP,https://techcomm.kohler.com/techcomm/cad/73159in_7pln.dwg,cad drawing,DWG,https://www.kohler.co.in/p/composed-single-control-side-mount-tall-lavatory-faucet-with-drain-73159in-7?skuId=73159IN-7-CP,True,asset_002028
73159IN-7-CP,https://techcomm.kohler.com/techcomm/cad/73159in_7frt.dxf,cad drawing,DXF,https://www.kohler.co.in/p/composed-single-control-side-mount-tall-lavatory-faucet-with-drain-73159in-7?skuId=73159IN-7-CP,True,asset_002027
73159IN-7-CP,https://techcomm.kohler.com/techcomm/cad/73159in_7frt.dwg,cad drawing,DWG,https://www.kohler.co.in/p/composed-single-control-side-mount-tall-lavatory-faucet-with-drain-73159in-7?skuId=73159IN-7-CP,True,asset_002026
73159IN-7-CP,https://techcomm.kohler.com/techcomm/cad/73159in_7sde.dxf,cad drawing,DXF,https://www.kohler.co.in/p/composed-single-control-side-mount-tall-lavatory-faucet-with-drain-73159in-7?skuId=73159IN-7-CP,True,asset_002031
73159IN-7-CP,https://techcomm.kohler.com/techcomm/cad/73159in_7sde.dwg,cad drawing,DWG,https://www.kohler.co.in/p/composed-single-control-side-mount-tall-lavatory-faucet-with-drain-73159in-7?skuId=73159IN-7-CP,True,asset_002030
73159IN-7-CP,https://techcomm.kohler.com/techcomm/cad/73159IN-7.dxf,cad drawing,DXF,https://www.kohler.co.in/p/composed-single-control-side-mount-tall-lavatory-faucet-with-drain-73159in-7?skuId=73159IN-7-CP,True,asset_002023
73159IN-7-CP,https://techcomm.kohler.com/techcomm/cad/73159IN-7.dwg,cad drawing,DWG,https://www.kohler.co.in/p/composed-single-control-side-mount-tall-lavatory-faucet-with-drain-73159in-7?skuId=73159IN-7-CP,True,asset_002022
73159IN-7-CP,https://techcomm.kohler.com/techcomm/pdf/K-73159IN-7_spec_IN_Kohler_en.pdf,spec sheet,PDF,https://www.kohler.co.in/p/composed-single-control-side-mount-tall-lavatory-faucet-with-drain-73159in-7?skuId=73159IN-7-CP,True,asset_003125
22534IN-4-CP,https://techcomm.kohler.com/techcomm/cad/22534IN-4.obj,3d model,OBJ,https://www.kohler.co.in/p/hone-single-control-lav-faucet-with-drain-22534in-4?skuId=22534IN-4-CP,True,asset_000538
22534IN-4-CP,https://techcomm.kohler.com/techcomm/cad/22534IN-4.skp,3d model,SKP,https://www.kohler.co.in/p/hone-single-control-lav-faucet-with-drain-22534in-4?skuId=22534IN-4-CP,True,asset_000539
22534IN-4-CP,https://techcomm.kohler.com/techcomm/cad/22534IN-4.3ds,3d model,3DS,https://www.kohler.co.in/p/hone-single-control-lav-faucet-with-drain-22534in-4?skuId=22534IN-4-CP,True,asset_000535
22534IN-4-CP,https://techcomm.kohler.com/techcomm/cad/Faucet-Lavatory-KOHLER-Hone-K-22534IN.rfa,3d model,RFA,https://www.kohler.co.in/p/hone-single-control-lav-faucet-with-drain-22534in-4?skuId=22534IN-4-CP,True,asset_002529
22534IN-4-CP,https://techcomm.kohler.com/techcomm/cad/22534in_4pln.dxf,cad drawing,DXF,https://www.kohler.co.in/p/hone-single-control-lav-faucet-with-drain-22534in-4?skuId=22534IN-4-CP,True,asset_000543
22534IN-4-CP,https://techcomm.kohler.com/techcomm/cad/22534in_4pln.dwg,cad drawing,DWG,https://www.kohler.co.in/p/hone-single-control-lav-faucet-with-drain-22534in-4?skuId=22534IN-4-CP,True,asset_000542
22534IN-4-CP,https://techcomm.kohler.com/techcomm/cad/22534in_4frt.dxf,cad drawing,DXF,https://www.kohler.co.in/p/hone-single-control-lav-faucet-with-drain-22534in-4?skuId=22534IN-4-CP,True,asset_000541
22534IN-4-CP,https://techcomm.kohler.com/techcomm/cad/22534in_4frt.dwg,cad drawing,DWG,https://www.kohler.co.in/p/hone-single-control-lav-faucet-with-drain-22534in-4?skuId=22534IN-4-CP,True,asset_000540
22534IN-4-CP,https://techcomm.kohler.com/techcomm/cad/22534in_4sde.dxf,cad drawing,DXF,https://www.kohler.co.in/p/hone-single-control-lav-faucet-with-drain-22534in-4?skuId=22534IN-4-CP,True,asset_000545
22534IN-4-CP,https://techcomm.kohler.com/techcomm/cad/22534in_4sde.dwg,cad drawing,DWG,https://www.kohler.co.in/p/hone-single-control-lav-faucet-with-drain-22534in-4?skuId=22534IN-4-CP,True,asset_000544
22534IN-4-CP,https://techcomm.kohler.com/techcomm/cad/22534IN-4.dxf,cad drawing,DXF,https://www.kohler.co.in/p/hone-single-control-lav-faucet-with-drain-22534in-4?skuId=22534IN-4-CP,True,asset_000537
22534IN-4-CP,https://techcomm.kohler.com/techcomm/cad/22534IN-4.dwg,cad drawing,DWG,https://www.kohler.co.in/p/hone-single-control-lav-faucet-with-drain-22534in-4?skuId=22534IN-4-CP,True,asset_000536
97347T-4-RGD,https://techcomm.kohler.com/techcomm/cad/97347T-4.obj,3d model,OBJ,https://www.kohler.co.in/p/avid-tall-single-handle-bathroom-sink-faucet-97347t-4?skuId=97347T-4-RGD,True,asset_002310
97347T-4-RGD,https://techcomm.kohler.com/techcomm/cad/97347T-4.skp,3d model,SKP,https://www.kohler.co.in/p/avid-tall-single-handle-bathroom-sink-faucet-97347t-4?skuId=97347T-4-RGD,True,asset_002311
97347T-4-RGD,https://techcomm.kohler.com/techcomm/cad/97347T-4.3ds,3d model,3DS,https://www.kohler.co.in/p/avid-tall-single-handle-bathroom-sink-faucet-97347t-4?skuId=97347T-4-RGD,True,asset_002307
97347T-4-RGD,https://techcomm.kohler.com/techcomm/cad/Faucet-Lavatory-KOHLER-AVID-K-97347T.rfa,3d model,RFA,https://www.kohler.co.in/p/avid-tall-single-handle-bathroom-sink-faucet-97347t-4?skuId=97347T-4-RGD,True,asset_002515
97347T-4-RGD,https://techcomm.kohler.com/techcomm/cad/97347t_4pln.dxf,cad drawing,DXF,https://www.kohler.co.in/p/avid-tall-single-handle-bathroom-sink-faucet-97347t-4?skuId=97347T-4-RGD,True,asset_002327
97347T-4-RGD,https://techcomm.kohler.com/techcomm/cad/97347t_4pln.dwg,cad drawing,DWG,https://www.kohler.co.in/p/avid-tall-single-handle-bathroom-sink-faucet-97347t-4?skuId=97347T-4-RGD,True,asset_002326
97347T-4-RGD,https://techcomm.kohler.com/techcomm/cad/97347t_4frt.dxf,cad drawing,DXF,https://www.kohler.co.in/p/avid-tall-single-handle-bathroom-sink-faucet-97347t-4?skuId=97347T-4-RGD,True,asset_002325
97347T-4-RGD,https://techcomm.kohler.com/techcomm/cad/97347t_4frt.dwg,cad drawing,DWG,https://www.kohler.co.in/p/avid-tall-single-handle-bathroom-sink-faucet-97347t-4?skuId=97347T-4-RGD,True,asset_002324
97347T-4-RGD,https://techcomm.kohler.com/techcomm/cad/97347t_4sde.dxf,cad drawing,DXF,https://www.kohler.co.in/p/avid-tall-single-handle-bathroom-sink-faucet-97347t-4?skuId=97347T-4-RGD,True,asset_002329
97347T-4-RGD,https://techcomm.kohler.com/techcomm/cad/97347t_4sde.dwg,cad drawing,DWG,https://www.kohler.co.in/p/avid-tall-single-handle-bathroom-sink-faucet-97347t-4?skuId=97347T-4-RGD,True,asset_002328
97347T-4-RGD,https://techcomm.kohler.com/techcomm/cad/97347T-4.dxf,cad drawing,DXF,https://www.kohler.co.in/p/avid-tall-single-handle-bathroom-sink-faucet-97347t-4?skuId=97347T-4-RGD,True,asset_002309
97347T-4-RGD,https://techcomm.kohler.com/techcomm/cad/97347T-4.dwg,cad drawing,DWG,https://www.kohler.co.in/p/avid-tall-single-handle-bathroom-sink-faucet-97347t-4?skuId=97347T-4-RGD,True,asset_002308
97347T-4-RGD,https://techcomm.kohler.com/techcomm/pdf/K-97347T-4_spec_GPS_Kohler_en.pdf,spec sheet,PDF,https://www.kohler.co.in/p/avid-tall-single-handle-bathroom-sink-faucet-97347t-4?skuId=97347T-4-RGD,True,asset_003152
97347T-4-RGD,https://techcomm.kohler.com/techcomm/pdf/K-97347T-4_spec_IN_Kohler_en.pdf,spec sheet,PDF,https://www.kohler.co.in/p/avid-tall-single-handle-bathroom-sink-faucet-97347t-4?skuId=97347T-4-RGD,True,asset_003153
74028IN-4-CP,https://techcomm.kohler.com/techcomm/cad/74028IN-4.obj,3d model,OBJ,https://www.kohler.co.in/p/taut-pilar-tap-74028in-4?skuId=74028IN-4-CP,True,asset_002055
74028IN-4-CP,https://techcomm.kohler.com/techcomm/cad/74028IN-4.skp,3d model,SKP,https://www.kohler.co.in/p/taut-pilar-tap-74028in-4?skuId=74028IN-4-CP,True,asset_002056
74028IN-4-CP,https://techcomm.kohler.com/techcomm/cad/74028IN-4.3ds,3d model,3DS,https://www.kohler.co.in/p/taut-pilar-tap-74028in-4?skuId=74028IN-4-CP,True,asset_002052
74028IN-4-CP,https://techcomm.kohler.com/techcomm/cad/Faucet-Lavatory-KOHLER-TAUT-K-74028IN.rfa,3d model,RFA,https://www.kohler.co.in/p/taut-pilar-tap-74028in-4?skuId=74028IN-4-CP,True,asset_002536
74028IN-4-CP,https://techcomm.kohler.com/techcomm/cad/74028in_4pln.dxf,cad drawing,DXF,https://www.kohler.co.in/p/taut-pilar-tap-74028in-4?skuId=74028IN-4-CP,True,asset_002060
74028IN-4-CP,https://techcomm.kohler.com/techcomm/cad/74028in_4pln.dwg,cad drawing,DWG,https://www.kohler.co.in/p/taut-pilar-tap-74028in-4?skuId=74028IN-4-CP,True,asset_002059
74028IN-4-CP,https://techcomm.kohler.com/techcomm/cad/74028in_4frt.dxf,cad drawing,DXF,https://www.kohler.co.in/p/taut-pilar-tap-74028in-4?skuId=74028IN-4-CP,True,asset_002058
74028IN-4-CP,https://techcomm.kohler.com/techcomm/cad/74028in_4frt.dwg,cad drawing,DWG,https://www.kohler.co.in/p/taut-pilar-tap-74028in-4?skuId=74028IN-4-CP,True,asset_002057
74028IN-4-CP,https://techcomm.kohler.com/techcomm/cad/74028in_4sde.dxf,cad drawing,DXF,https://www.kohler.co.in/p/taut-pilar-tap-74028in-4?skuId=74028IN-4-CP,True,asset_002062
74028IN-4-CP,https://techcomm.kohler.com/techcomm/cad/74028in_4sde.dwg,cad drawing,DWG,https://www.kohler.co.in/p/taut-pilar-tap-74028in-4?skuId=74028IN-4-CP,True,asset_002061
74028IN-4-CP,https://techcomm.kohler.com/techcomm/cad/74028IN-4.dxf,cad drawing,DXF,https://www.kohler.co.in/p/taut-pilar-tap-74028in-4?skuId=74028IN-4-CP,True,asset_002054
74028IN-4-CP,https://techcomm.kohler.com/techcomm/cad/74028IN-4.dwg,cad drawing,DWG,https://www.kohler.co.in/p/taut-pilar-tap-74028in-4?skuId=74028IN-4-CP,True,asset_002053
33059IN-4ND-CP,https://techcomm.kohler.com/techcomm/cad/33059IN-4ND.obj,3d model,OBJ,https://www.kohler.co.in/p/accliv-single-handle-bathroom-sink-faucet-with-paddle-handle-15-1-lpm-33059in-4nd?skuId=33059IN-4ND-CP,True,asset_001390
33059IN-4ND-CP,https://techcomm.kohler.com/techcomm/cad/33059IN-4ND.skp,3d model,SKP,https://www.kohler.co.in/p/accliv-single-handle-bathroom-sink-faucet-with-paddle-handle-15-1-lpm-33059in-4nd?skuId=33059IN-4ND-CP,True,asset_001391
33059IN-4ND-CP,https://techcomm.kohler.com/techcomm/cad/33059IN-4ND.3ds,3d model,3DS,https://www.kohler.co.in/p/accliv-single-handle-bathroom-sink-faucet-with-paddle-handle-15-1-lpm-33059in-4nd?skuId=33059IN-4ND-CP,True,asset_001387
33059IN-4ND-CP,https://techcomm.kohler.com/techcomm/cad/Faucet-Lavatory-KOHLER-ACCLIV-K-33059IN.zip,3d model,RFA,https://www.kohler.co.in/p/accliv-single-handle-bathroom-sink-faucet-with-paddle-handle-15-1-lpm-33059in-4nd?skuId=33059IN-4ND-CP,True,asset_002511
33059IN-4ND-CP,https://techcomm.kohler.com/techcomm/cad/33059in_4ndpln.dxf,cad drawing,DXF,https://www.kohler.co.in/p/accliv-single-handle-bathroom-sink-faucet-with-paddle-handle-15-1-lpm-33059in-4nd?skuId=33059IN-4ND-CP,True,asset_001395
33059IN-4ND-CP,https://techcomm.kohler.com/techcomm/cad/33059in_4ndpln.dwg,cad drawing,DWG,https://www.kohler.co.in/p/accliv-single-handle-bathroom-sink-faucet-with-paddle-handle-15-1-lpm-33059in-4nd?skuId=33059IN-4ND-CP,True,asset_001394
33059IN-4ND-CP,https://techcomm.kohler.com/techcomm/cad/33059in_4ndfrt.dxf,cad drawing,DXF,https://www.kohler.co.in/p/accliv-single-handle-bathroom-sink-faucet-with-paddle-handle-15-1-lpm-33059in-4nd?skuId=33059IN-4ND-CP,True,asset_001393
33059IN-4ND-CP,https://techcomm.kohler.com/techcomm/cad/33059in_4ndfrt.dwg,cad drawing,DWG,https://www.kohler.co.in/p/accliv-single-handle-bathroom-sink-faucet-with-paddle-handle-15-1-lpm-33059in-4nd?skuId=33059IN-4ND-CP,True,asset_001392
33059IN-4ND-CP,https://techcomm.kohler.com/techcomm/cad/33059in_4ndsde.dxf,cad drawing,DXF,https://www.kohler.co.in/p/accliv-single-handle-bathroom-sink-faucet-with-paddle-handle-15-1-lpm-33059in-4nd?skuId=33059IN-4ND-CP,True,asset_001397
33059IN-4ND-CP,https://techcomm.kohler.com/techcomm/cad/33059in_4ndsde.dwg,cad drawing,DWG,https://www.kohler.co.in/p/accliv-single-handle-bathroom-sink-faucet-with-paddle-handle-15-1-lpm-33059in-4nd?skuId=33059IN-4ND-CP,True,asset_001396
33059IN-4ND-CP,https://techcomm.kohler.com/techcomm/cad/33059IN-4ND.dxf,cad drawing,DXF,https://www.kohler.co.in/p/accliv-single-handle-bathroom-sink-faucet-with-paddle-handle-15-1-lpm-33059in-4nd?skuId=33059IN-4ND-CP,True,asset_001389
33059IN-4ND-CP,https://techcomm.kohler.com/techcomm/cad/33059IN-4ND.dwg,cad drawing,DWG,https://www.kohler.co.in/p/accliv-single-handle-bathroom-sink-faucet-with-paddle-handle-15-1-lpm-33059in-4nd?skuId=33059IN-4ND-CP,True,asset_001388
33059IN-4ND-CP,https://techcomm.kohler.com/techcomm/pdf/K-33059IN-4ND_spec_IN_Kohler_en.pdf,spec sheet,PDF,https://www.kohler.co.in/p/accliv-single-handle-bathroom-sink-faucet-with-paddle-handle-15-1-lpm-33059in-4nd?skuId=33059IN-4ND-CP,True,asset_003070
33059IN-4ND-CP,https://techcomm.kohler.com/techcomm/pdf/1472382-IN2.pdf,installation,PDF,https://www.kohler.co.in/p/accliv-single-handle-bathroom-sink-faucet-with-paddle-handle-15-1-lpm-33059in-4nd?skuId=33059IN-4ND-CP,True,asset_002835
33063IN-4ND-CP,https://techcomm.kohler.com/techcomm/cad/33063IN-4ND.obj,3d model,OBJ,https://www.kohler.co.in/p/accliv-tall-single-handle-bathroom-sink-faucet-with-paddle-handle-9-0-lpm-33063in-4nd?skuId=33063IN-4ND-CP,True,asset_001401
33063IN-4ND-CP,https://techcomm.kohler.com/techcomm/cad/Faucet-Lavatory-KOHLER-ACCLIV-K-33063IN.zip,3d model,SKP,https://www.kohler.co.in/p/accliv-tall-single-handle-bathroom-sink-faucet-with-paddle-handle-9-0-lpm-33063in-4nd?skuId=33063IN-4ND-CP,True,asset_002512
33063IN-4ND-CP,https://techcomm.kohler.com/techcomm/cad/33063IN-4.obj,3d model,3DS,https://www.kohler.co.in/p/accliv-tall-single-handle-bathroom-sink-faucet-with-paddle-handle-9-0-lpm-33063in-4nd?skuId=33063IN-4ND-CP,True,asset_001398
33063IN-4ND-CP,https://techcomm.kohler.com/techcomm/cad/33063in_4pln.dwg,3d model,RFA,https://www.kohler.co.in/p/accliv-tall-single-handle-bathroom-sink-faucet-with-paddle-handle-9-0-lpm-33063in-4nd?skuId=33063IN-4ND-CP,True,asset_001408
33063IN-4ND-CP,https://techcomm.kohler.com/techcomm/cad/33063in_4ndpln.dxf,cad drawing,DXF,https://www.kohler.co.in/p/accliv-tall-single-handle-bathroom-sink-faucet-with-paddle-handle-9-0-lpm-33063in-4nd?skuId=33063IN-4ND-CP,True,asset_001405
33063IN-4ND-CP,https://techcomm.kohler.com/techcomm/cad/33063in_4ndpln.dwg,cad drawing,DWG,https://www.kohler.co.in/p/accliv-tall-single-handle-bathroom-sink-faucet-with-paddle-handle-9-0-lpm-33063in-4nd?skuId=33063IN-4ND-CP,True,asset_001404
33063IN-4ND-CP,https://techcomm.kohler.com/techcomm/cad/33063in_4ndfrt.dxf,cad drawing,DXF,https://www.kohler.co.in/p/accliv-tall-single-handle-bathroom-sink-faucet-with-paddle-handle-9-0-lpm-33063in-4nd?skuId=33063IN-4ND-CP,True,asset_001403
33063IN-4ND-CP,https://techcomm.kohler.com/techcomm/cad/33063in_4ndfrt.dwg,cad drawing,DWG,https://www.kohler.co.in/p/accliv-tall-single-handle-bathroom-sink-faucet-with-paddle-handle-9-0-lpm-33063in-4nd?skuId=33063IN-4ND-CP,True,asset_001402
33063IN-4ND-CP,https://techcomm.kohler.com/techcomm/cad/33063in_4ndsde.dxf,cad drawing,DXF,https://www.kohler.co.in/p/accliv-tall-single-handle-bathroom-sink-faucet-with-paddle-handle-9-0-lpm-33063in-4nd?skuId=33063IN-4ND-CP,True,asset_001407
33063IN-4ND-CP,https://techcomm.kohler.com/techcomm/cad/33063in_4ndsde.dwg,cad drawing,DWG,https://www.kohler.co.in/p/accliv-tall-single-handle-bathroom-sink-faucet-with-paddle-handle-9-0-lpm-33063in-4nd?skuId=33063IN-4ND-CP,True,asset_001406
33063IN-4ND-CP,https://techcomm.kohler.com/techcomm/cad/33063IN-4ND.dxf,cad drawing,DXF,https://www.kohler.co.in/p/accliv-tall-single-handle-bathroom-sink-faucet-with-paddle-handle-9-0-lpm-33063in-4nd?skuId=33063IN-4ND-CP,True,asset_001400
33063IN-4ND-CP,https://techcomm.kohler.com/techcomm/cad/33063IN-4ND.dwg,cad drawing,DWG,https://www.kohler.co.in/p/accliv-tall-single-handle-bathroom-sink-faucet-with-paddle-handle-9-0-lpm-33063in-4nd?skuId=33063IN-4ND-CP,True,asset_001399
33063IN-4ND-CP,https://techcomm.kohler.com/techcomm/pdf/K-33063IN-4ND_spec_IN_Kohler_en.pdf,spec sheet,PDF,https://www.kohler.co.in/p/accliv-tall-single-handle-bathroom-sink-faucet-with-paddle-handle-9-0-lpm-33063in-4nd?skuId=33063IN-4ND-CP,True,asset_003071
33063IN-4ND-CP,https://techcomm.kohler.com/techcomm/pdf/1472382-IN2.pdf,installation,PDF,https://www.kohler.co.in/p/accliv-tall-single-handle-bathroom-sink-faucet-with-paddle-handle-9-0-lpm-33063in-4nd?skuId=33063IN-4ND-CP,True,asset_002835
25757IN-4ND-CP,https://techcomm.kohler.com/techcomm/cad/25757IN-4ND.obj,3d model,OBJ,https://www.kohler.co.in/p/modernlife-edge-single-handle-bathroom-sink-faucet-25757in-4nd?skuId=25757IN-4ND-CP,True,asset_000734
25757IN-4ND-CP,https://techcomm.kohler.com/techcomm/cad/25757IN-4ND.skp,3d model,SKP,https://www.kohler.co.in/p/modernlife-edge-single-handle-bathroom-sink-faucet-25757in-4nd?skuId=25757IN-4ND-CP,True,asset_000735
25757IN-4ND-CP,https://techcomm.kohler.com/techcomm/cad/25757IN-4ND.3ds,3d model,3DS,https://www.kohler.co.in/p/modernlife-edge-single-handle-bathroom-sink-faucet-25757in-4nd?skuId=25757IN-4ND-CP,True,asset_000733
25757IN-4ND-CP,https://techcomm.kohler.com/techcomm/cad/Faucet-Lavatory-KOHLER-Modernlife-K-25757IN.rfa,3d model,RFA,https://www.kohler.co.in/p/modernlife-edge-single-handle-bathroom-sink-faucet-25757in-4nd?skuId=25757IN-4ND-CP,True,asset_002532
25757IN-4ND-CP,https://techcomm.kohler.com/techcomm/cad/25757in_4ndpln.dxf,cad drawing,DXF,https://www.kohler.co.in/p/modernlife-edge-single-handle-bathroom-sink-faucet-25757in-4nd?skuId=25757IN-4ND-CP,True,asset_000739
25757IN-4ND-CP,https://techcomm.kohler.com/techcomm/cad/25757in_4ndpln.dwg,cad drawing,DWG,https://www.kohler.co.in/p/modernlife-edge-single-handle-bathroom-sink-faucet-25757in-4nd?skuId=25757IN-4ND-CP,True,asset_000738
25757IN-4ND-CP,https://techcomm.kohler.com/techcomm/cad/25757in_4ndfrt.dxf,cad drawing,DXF,https://www.kohler.co.in/p/modernlife-edge-single-handle-bathroom-sink-faucet-25757in-4nd?skuId=25757IN-4ND-CP,True,asset_000737
25757IN-4ND-CP,https://techcomm.kohler.com/techcomm/cad/25757in_4ndfrt.dwg,cad drawing,DWG,https://www.kohler.co.in/p/modernlife-edge-single-handle-bathroom-sink-faucet-25757in-4nd?skuId=25757IN-4ND-CP,True,asset_000736
25757IN-4ND-CP,https://techcomm.kohler.com/techcomm/cad/25757in_4ndsde.dxf,cad drawing,DXF,https://www.kohler.co.in/p/modernlife-edge-single-handle-bathroom-sink-faucet-25757in-4nd?skuId=25757IN-4ND-CP,True,asset_000741
25757IN-4ND-CP,https://techcomm.kohler.com/techcomm/cad/25757in_4ndsde.dwg,cad drawing,DWG,https://www.kohler.co.in/p/modernlife-edge-single-handle-bathroom-sink-faucet-25757in-4nd?skuId=25757IN-4ND-CP,True,asset_000740
25757IN-4ND-CP,https://techcomm.kohler.com/techcomm/pdf/K-25757IN-4ND_spec_IN_Kohler_en.pdf,spec sheet,PDF,https://www.kohler.co.in/p/modernlife-edge-single-handle-bathroom-sink-faucet-25757in-4nd?skuId=25757IN-4ND-CP,True,asset_003004
25758IN-4ND-CP,https://techcomm.kohler.com/techcomm/cad/25758IN-4ND.obj,3d model,OBJ,https://www.kohler.co.in/p/modernlife-edge-tall-single-handle-bathroom-sink-faucet-25758in-4nd?skuId=25758IN-4ND-CP,True,asset_000743
25758IN-4ND-CP,https://techcomm.kohler.com/techcomm/cad/25758IN-4ND.skp,3d model,SKP,https://www.kohler.co.in/p/modernlife-edge-tall-single-handle-bathroom-sink-faucet-25758in-4nd?skuId=25758IN-4ND-CP,True,asset_000744
25758IN-4ND-CP,https://techcomm.kohler.com/techcomm/cad/25758IN-4ND.3ds,3d model,3DS,https://www.kohler.co.in/p/modernlife-edge-tall-single-handle-bathroom-sink-faucet-25758in-4nd?skuId=25758IN-4ND-CP,True,asset_000742
25758IN-4ND-CP,https://techcomm.kohler.com/techcomm/cad/Faucet-Lavatory-KOHLER-Modernlife-K-25758IN.rfa,3d model,RFA,https://www.kohler.co.in/p/modernlife-edge-tall-single-handle-bathroom-sink-faucet-25758in-4nd?skuId=25758IN-4ND-CP,True,asset_002533
25758IN-4ND-CP,https://techcomm.kohler.com/techcomm/cad/25758in_4ndpln.dxf,cad drawing,DXF,https://www.kohler.co.in/p/modernlife-edge-tall-single-handle-bathroom-sink-faucet-25758in-4nd?skuId=25758IN-4ND-CP,True,asset_000748
25758IN-4ND-CP,https://techcomm.kohler.com/techcomm/cad/25758in_4ndpln.dwg,cad drawing,DWG,https://www.kohler.co.in/p/modernlife-edge-tall-single-handle-bathroom-sink-faucet-25758in-4nd?skuId=25758IN-4ND-CP,True,asset_000747
25758IN-4ND-CP,https://techcomm.kohler.com/techcomm/cad/25758in_4ndfrt.dxf,cad drawing,DXF,https://www.kohler.co.in/p/modernlife-edge-tall-single-handle-bathroom-sink-faucet-25758in-4nd?skuId=25758IN-4ND-CP,True,asset_000746
25758IN-4ND-CP,https://techcomm.kohler.com/techcomm/cad/25758in_4ndfrt.dwg,cad drawing,DWG,https://www.kohler.co.in/p/modernlife-edge-tall-single-handle-bathroom-sink-faucet-25758in-4nd?skuId=25758IN-4ND-CP,True,asset_000745
25758IN-4ND-CP,https://techcomm.kohler.com/techcomm/cad/25758in_4ndsde.dxf,cad drawing,DXF,https://www.kohler.co.in/p/modernlife-edge-tall-single-handle-bathroom-sink-faucet-25758in-4nd?skuId=25758IN-4ND-CP,True,asset_000750
25758IN-4ND-CP,https://techcomm.kohler.com/techcomm/cad/25758in_4ndsde.dwg,cad drawing,DWG,https://www.kohler.co.in/p/modernlife-edge-tall-single-handle-bathroom-sink-faucet-25758in-4nd?skuId=25758IN-4ND-CP,True,asset_000749
25758IN-4ND-CP,https://techcomm.kohler.com/techcomm/pdf/K-25758IN-4ND_spec_IN_Kohler_en.pdf,spec sheet,PDF,https://www.kohler.co.in/p/modernlife-edge-tall-single-handle-bathroom-sink-faucet-25758in-4nd?skuId=25758IN-4ND-CP,True,asset_003005
14402IN-4A-CP,https://techcomm.kohler.com/techcomm/cad/14402IN-4A.obj,3d model,OBJ,https://www.kohler.co.in/p/purist-single-control-lavatory-faucet-14402in-4a?skuId=14402IN-4A-CP,True,asset_000179
14402IN-4A-CP,https://techcomm.kohler.com/techcomm/cad/14402IN-4A.skp,3d model,SKP,https://www.kohler.co.in/p/purist-single-control-lavatory-faucet-14402in-4a?skuId=14402IN-4A-CP,True,asset_000180
14402IN-4A-CP,https://techcomm.kohler.com/techcomm/cad/14402IN-4A.3ds,3d model,3DS,https://www.kohler.co.in/p/purist-single-control-lavatory-faucet-14402in-4a?skuId=14402IN-4A-CP,True,asset_000176
14402IN-4A-CP,https://techcomm.kohler.com/techcomm/cad/Faucet-Lavatory-KOHLER-Purist-K-14402IN.rfa,3d model,RFA,https://www.kohler.co.in/p/purist-single-control-lavatory-faucet-14402in-4a?skuId=14402IN-4A-CP,True,asset_002535
14402IN-4A-CP,https://techcomm.kohler.com/techcomm/cad/14402in_4apln.dxf,cad drawing,DXF,https://www.kohler.co.in/p/purist-single-control-lavatory-faucet-14402in-4a?skuId=14402IN-4A-CP,True,asset_000184
14402IN-4A-CP,https://techcomm.kohler.com/techcomm/cad/14402in_4apln.dwg,cad drawing,DWG,https://www.kohler.co.in/p/purist-single-control-lavatory-faucet-14402in-4a?skuId=14402IN-4A-CP,True,asset_000183
14402IN-4A-CP,https://techcomm.kohler.com/techcomm/cad/14402in_4afrt.dxf,cad drawing,DXF,https://www.kohler.co.in/p/purist-single-control-lavatory-faucet-14402in-4a?skuId=14402IN-4A-CP,True,asset_000182
14402IN-4A-CP,https://techcomm.kohler.com/techcomm/cad/14402in_4afrt.dwg,cad drawing,DWG,https://www.kohler.co.in/p/purist-single-control-lavatory-faucet-14402in-4a?skuId=14402IN-4A-CP,True,asset_000181
14402IN-4A-CP,https://techcomm.kohler.com/techcomm/cad/14402in_4asde.dxf,cad drawing,DXF,https://www.kohler.co.in/p/purist-single-control-lavatory-faucet-14402in-4a?skuId=14402IN-4A-CP,True,asset_000186
14402IN-4A-CP,https://techcomm.kohler.com/techcomm/cad/14402in_4asde.dwg,cad drawing,DWG,https://www.kohler.co.in/p/purist-single-control-lavatory-faucet-14402in-4a?skuId=14402IN-4A-CP,True,asset_000185
14402IN-4A-CP,https://techcomm.kohler.com/techcomm/cad/14402IN-4A.dxf,cad drawing,DXF,https://www.kohler.co.in/p/purist-single-control-lavatory-faucet-14402in-4a?skuId=14402IN-4A-CP,True,asset_000178
14402IN-4A-CP,https://techcomm.kohler.com/techcomm/cad/14402IN-4A.dwg,cad drawing,DWG,https://www.kohler.co.in/p/purist-single-control-lavatory-faucet-14402in-4a?skuId=14402IN-4A-CP,True,asset_000177
14402IN-4A-CP,https://techcomm.kohler.com/techcomm/pdf/14402_4a.pdf,spec sheet,PDF,https://www.kohler.co.in/p/purist-single-control-lavatory-faucet-14402in-4a?skuId=14402IN-4A-CP,True,asset_002819
72762T-9M-CP,https://techcomm.kohler.com/techcomm/cad/72762T-9M.obj,3d model,OBJ,https://www.kohler.co.in/p/artifacts-single-handle-bathroom-sink-faucet-72762t-9m?skuId=72762T-9M-CP,True,asset_001872
72762T-9M-CP,https://techcomm.kohler.com/techcomm/cad/72762T-9M.skp,3d model,SKP,https://www.kohler.co.in/p/artifacts-single-handle-bathroom-sink-faucet-72762t-9m?skuId=72762T-9M-CP,True,asset_001873
72762T-9M-CP,https://techcomm.kohler.com/techcomm/cad/72762T-9M.3ds,3d model,3DS,https://www.kohler.co.in/p/artifacts-single-handle-bathroom-sink-faucet-72762t-9m?skuId=72762T-9M-CP,True,asset_001869
72762T-9M-CP,https://techcomm.kohler.com/techcomm/cad/Faucet-Lavatory-KOHLER-ARTIFACTS-K-72762T.zip,3d model,RFA,https://www.kohler.co.in/p/artifacts-single-handle-bathroom-sink-faucet-72762t-9m?skuId=72762T-9M-CP,True,asset_002514
72762T-9M-CP,https://techcomm.kohler.com/techcomm/cad/72762t_9mpln.dxf,cad drawing,DXF,https://www.kohler.co.in/p/artifacts-single-handle-bathroom-sink-faucet-72762t-9m?skuId=72762T-9M-CP,True,asset_001877
72762T-9M-CP,https://techcomm.kohler.com/techcomm/cad/72762t_9mpln.dwg,cad drawing,DWG,https://www.kohler.co.in/p/artifacts-single-handle-bathroom-sink-faucet-72762t-9m?skuId=72762T-9M-CP,True,asset_001876
72762T-9M-CP,https://techcomm.kohler.com/techcomm/cad/72762t_9mfrt.dxf,cad drawing,DXF,https://www.kohler.co.in/p/artifacts-single-handle-bathroom-sink-faucet-72762t-9m?skuId=72762T-9M-CP,True,asset_001875
72762T-9M-CP,https://techcomm.kohler.com/techcomm/cad/72762t_9mfrt.dwg,cad drawing,DWG,https://www.kohler.co.in/p/artifacts-single-handle-bathroom-sink-faucet-72762t-9m?skuId=72762T-9M-CP,True,asset_001874
72762T-9M-CP,https://techcomm.kohler.com/techcomm/cad/72762t_9msde.dxf,cad drawing,DXF,https://www.kohler.co.in/p/artifacts-single-handle-bathroom-sink-faucet-72762t-9m?skuId=72762T-9M-CP,True,asset_001879
72762T-9M-CP,https://techcomm.kohler.com/techcomm/cad/72762t_9msde.dwg,cad drawing,DWG,https://www.kohler.co.in/p/artifacts-single-handle-bathroom-sink-faucet-72762t-9m?skuId=72762T-9M-CP,True,asset_001878
72762T-9M-CP,https://techcomm.kohler.com/techcomm/cad/72762T-9M.dxf,cad drawing,DXF,https://www.kohler.co.in/p/artifacts-single-handle-bathroom-sink-faucet-72762t-9m?skuId=72762T-9M-CP,True,asset_001871
72762T-9M-CP,https://techcomm.kohler.com/techcomm/cad/72762T-9M.dwg,cad drawing,DWG,https://www.kohler.co.in/p/artifacts-single-handle-bathroom-sink-faucet-72762t-9m?skuId=72762T-9M-CP,True,asset_001870
72762T-9M-CP,https://techcomm.kohler.com/techcomm/pdf/1469510871_1271109-X4-A_ARTIFACTS_72762T-9M.pdf,spec sheet,PDF,https://www.kohler.co.in/p/artifacts-single-handle-bathroom-sink-faucet-72762t-9m?skuId=72762T-9M-CP,True,asset_002828
72762T-9M-CP,https://techcomm.kohler.com/techcomm/pdf/1271109-2A-C.pdf,installation,PDF,https://www.kohler.co.in/p/artifacts-single-handle-bathroom-sink-faucet-72762t-9m?skuId=72762T-9M-CP,True,asset_002784
77958T-4A-CP,https://techcomm.kohler.com/techcomm/cad/77958T-4A.obj,3d model,OBJ,https://www.kohler.co.in/p/components-single-handle-bathroom-sink-faucet-with-tube-spout-and-pin-handle-5-7-lpm-77958t-4a?skuId=77958T-4A-CP,True,asset_002137
77958T-4A-CP,https://techcomm.kohler.com/techcomm/cad/77958T-4A.skp,3d model,SKP,https://www.kohler.co.in/p/components-single-handle-bathroom-sink-faucet-with-tube-spout-and-pin-handle-5-7-lpm-77958t-4a?skuId=77958T-4A-CP,True,asset_002138
77958T-4A-CP,https://techcomm.kohler.com/techcomm/cad/77958T-4A.3ds,3d model,3DS,https://www.kohler.co.in/p/components-single-handle-bathroom-sink-faucet-with-tube-spout-and-pin-handle-5-7-lpm-77958t-4a?skuId=77958T-4A-CP,True,asset_002134
77958T-4A-CP,https://techcomm.kohler.com/techcomm/cad/Faucet-Lavatory-KOHLER-COMPONENTS-K-77958T.zip,3d model,RFA,https://www.kohler.co.in/p/components-single-handle-bathroom-sink-faucet-with-tube-spout-and-pin-handle-5-7-lpm-77958t-4a?skuId=77958T-4A-CP,True,asset_002521
77958T-4A-CP,https://techcomm.kohler.com/techcomm/cad/Faucet-Lavatory-KOHLER-COMPONENTS-K-77958T.rfa,3d model,RFA,https://www.kohler.co.in/p/components-single-handle-bathroom-sink-faucet-with-tube-spout-and-pin-handle-5-7-lpm-77958t-4a?skuId=77958T-4A-CP,True,asset_002520
77958T-4A-CP,https://techcomm.kohler.com/techcomm/cad/77958t_4apln.dxf,cad drawing,DXF,https://www.kohler.co.in/p/components-single-handle-bathroom-sink-faucet-with-tube-spout-and-pin-handle-5-7-lpm-77958t-4a?skuId=77958T-4A-CP,True,asset_002142
77958T-4A-CP,https://techcomm.kohler.com/techcomm/cad/77958t_4apln.dwg,cad drawing,DWG,https://www.kohler.co.in/p/components-single-handle-bathroom-sink-faucet-with-tube-spout-and-pin-handle-5-7-lpm-77958t-4a?skuId=77958T-4A-CP,True,asset_002141
77958T-4A-CP,https://techcomm.kohler.com/techcomm/cad/77958t_4afrt.dxf,cad drawing,DXF,https://www.kohler.co.in/p/components-single-handle-bathroom-sink-faucet-with-tube-spout-and-pin-handle-5-7-lpm-77958t-4a?skuId=77958T-4A-CP,True,asset_002140
77958T-4A-CP,https://techcomm.kohler.com/techcomm/cad/77958t_4afrt.dwg,cad drawing,DWG,https://www.kohler.co.in/p/components-single-handle-bathroom-sink-faucet-with-tube-spout-and-pin-handle-5-7-lpm-77958t-4a?skuId=77958T-4A-CP,True,asset_002139
77958T-4A-CP,https://techcomm.kohler.com/techcomm/cad/77958t_4asde.dxf,cad drawing,DXF,https://www.kohler.co.in/p/components-single-handle-bathroom-sink-faucet-with-tube-spout-and-pin-handle-5-7-lpm-77958t-4a?skuId=77958T-4A-CP,True,asset_002144
77958T-4A-CP,https://techcomm.kohler.com/techcomm/cad/77958t_4asde.dwg,cad drawing,DWG,https://www.kohler.co.in/p/components-single-handle-bathroom-sink-faucet-with-tube-spout-and-pin-handle-5-7-lpm-77958t-4a?skuId=77958T-4A-CP,True,asset_002143
77958T-4A-CP,https://techcomm.kohler.com/techcomm/cad/77958T-4A.dxf,cad drawing,DXF,https://www.kohler.co.in/p/components-single-handle-bathroom-sink-faucet-with-tube-spout-and-pin-handle-5-7-lpm-77958t-4a?skuId=77958T-4A-CP,True,asset_002136
77958T-4A-CP,https://techcomm.kohler.com/techcomm/cad/77958T-4A.dwg,cad drawing,DWG,https://www.kohler.co.in/p/components-single-handle-bathroom-sink-faucet-with-tube-spout-and-pin-handle-5-7-lpm-77958t-4a?skuId=77958T-4A-CP,True,asset_002135
77958T-4A-CP,https://techcomm.kohler.com/techcomm/pdf/K-77958T-4A_spec_TH_Kohler_en.pdf,spec sheet,PDF,https://www.kohler.co.in/p/components-single-handle-bathroom-sink-faucet-with-tube-spout-and-pin-handle-5-7-lpm-77958t-4a?skuId=77958T-4A-CP,True,asset_003134
77958T-4A-CP,https://techcomm.kohler.com/techcomm/pdf/K-77958T-4A_spec_IN_Kohler_en.pdf,spec sheet,PDF,https://www.kohler.co.in/p/components-single-handle-bathroom-sink-faucet-with-tube-spout-and-pin-handle-5-7-lpm-77958t-4a?skuId=77958T-4A-CP,True,asset_003133
77958T-4A-CP,https://techcomm.kohler.com/techcomm/pdf/77958T-4A_install_CN_Kohler_en.pdf,installation,PDF,https://www.kohler.co.in/p/components-single-handle-bathroom-sink-faucet-with-tube-spout-and-pin-handle-5-7-lpm-77958t-4a?skuId=77958T-4A-CP,True,asset_002913
73158T-4-RGD,https://techcomm.kohler.com/techcomm/cad/73158T-4.obj,3d model,OBJ,https://www.kohler.co.in/p/composed-single-handle-bathroom-sink-faucet-with-joystick-handle-73158t-4?skuId=73158T-4-RGD,True,asset_002013
73158T-4-RGD,https://techcomm.kohler.com/techcomm/cad/73158T-4.skp,3d model,SKP,https://www.kohler.co.in/p/composed-single-handle-bathroom-sink-faucet-with-joystick-handle-73158t-4?skuId=73158T-4-RGD,True,asset_002014
73158T-4-RGD,https://techcomm.kohler.com/techcomm/cad/73158T-4.3ds,3d model,3DS,https://www.kohler.co.in/p/composed-single-handle-bathroom-sink-faucet-with-joystick-handle-73158t-4?skuId=73158T-4-RGD,True,asset_002010
73158T-4-RGD,https://techcomm.kohler.com/techcomm/cad/Faucet-Lavatory-KOHLER-COMPOSED-K-73158T.zip,3d model,RFA,https://www.kohler.co.in/p/composed-single-handle-bathroom-sink-faucet-with-joystick-handle-73158t-4?skuId=73158T-4-RGD,True,asset_002523
73158T-4-RGD,https://techcomm.kohler.com/techcomm/cad/73158t_4pln.dxf,cad drawing,DXF,https://www.kohler.co.in/p/composed-single-handle-bathroom-sink-faucet-with-joystick-handle-73158t-4?skuId=73158T-4-RGD,True,asset_002018
73158T-4-RGD,https://techcomm.kohler.com/techcomm/cad/73158t_4pln.dwg,cad drawing,DWG,https://www.kohler.co.in/p/composed-single-handle-bathroom-sink-faucet-with-joystick-handle-73158t-4?skuId=73158T-4-RGD,True,asset_002017
73158T-4-RGD,https://techcomm.kohler.com/techcomm/cad/73158t_4frt.dxf,cad drawing,DXF,https://www.kohler.co.in/p/composed-single-handle-bathroom-sink-faucet-with-joystick-handle-73158t-4?skuId=73158T-4-RGD,True,asset_002016
73158T-4-RGD,https://techcomm.kohler.com/techcomm/cad/73158t_4frt.dwg,cad drawing,DWG,https://www.kohler.co.in/p/composed-single-handle-bathroom-sink-faucet-with-joystick-handle-73158t-4?skuId=73158T-4-RGD,True,asset_002015
73158T-4-RGD,https://techcomm.kohler.com/techcomm/cad/73158t_4sde.dxf,cad drawing,DXF,https://www.kohler.co.in/p/composed-single-handle-bathroom-sink-faucet-with-joystick-handle-73158t-4?skuId=73158T-4-RGD,True,asset_002020
73158T-4-RGD,https://techcomm.kohler.com/techcomm/cad/73158t_4sde.dwg,cad drawing,DWG,https://www.kohler.co.in/p/composed-single-handle-bathroom-sink-faucet-with-joystick-handle-73158t-4?skuId=73158T-4-RGD,True,asset_002019
73158T-4-RGD,https://techcomm.kohler.com/techcomm/cad/73158T-4.dxf,cad drawing,DXF,https://www.kohler.co.in/p/composed-single-handle-bathroom-sink-faucet-with-joystick-handle-73158t-4?skuId=73158T-4-RGD,True,asset_002012
73158T-4-RGD,https://techcomm.kohler.com/techcomm/cad/73158T-4.dwg,cad drawing,DWG,https://www.kohler.co.in/p/composed-single-handle-bathroom-sink-faucet-with-joystick-handle-73158t-4?skuId=73158T-4-RGD,True,asset_002011
73158T-4-RGD,https://techcomm.kohler.com/techcomm/pdf/K-73158T-4_spec_GPS_Kohler_en.pdf,spec sheet,PDF,https://www.kohler.co.in/p/composed-single-handle-bathroom-sink-faucet-with-joystick-handle-73158t-4?skuId=73158T-4-RGD,True,asset_003122
73158T-4-RGD,https://techcomm.kohler.com/techcomm/pdf/K-73158T-4_spec_IN_Kohler_en.pdf,spec sheet,PDF,https://www.kohler.co.in/p/composed-single-handle-bathroom-sink-faucet-with-joystick-handle-73158t-4?skuId=73158T-4-RGD,True,asset_003123
73158T-4-RGD,https://techcomm.kohler.com/techcomm/pdf/K-73158T.pdf,installation,PDF,https://www.kohler.co.in/p/composed-single-handle-bathroom-sink-faucet-with-joystick-handle-73158t-4?skuId=73158T-4-RGD,True,asset_003124
97347-4-BL,https://techcomm.kohler.com/techcomm/cad/97347-4.obj,3d model,OBJ,https://www.kohler.co.in/p/avid-tall-single-handle-bathroom-sink-faucet-97347-4?skuId=97347-4-BL,True,asset_002300
97347-4-BL,https://techcomm.kohler.com/techcomm/cad/97347-4.skp,3d model,SKP,https://www.kohler.co.in/p/avid-tall-single-handle-bathroom-sink-faucet-97347-4?skuId=97347-4-BL,True,asset_002301
97347-4-BL,https://techcomm.kohler.com/techcomm/cad/97347-4.3ds,3d model,3DS,https://www.kohler.co.in/p/avid-tall-single-handle-bathroom-sink-faucet-97347-4?skuId=97347-4-BL,True,asset_002297
97347-4-BL,https://techcomm.kohler.com/techcomm/cad/Faucet-Lavatory-KOHLER-Avid-K-97347.rfa,3d model,RFA,https://www.kohler.co.in/p/avid-tall-single-handle-bathroom-sink-faucet-97347-4?skuId=97347-4-BL,True,asset_002518
97347-4-BL,https://techcomm.kohler.com/techcomm/cad/97347_4pln.dxf,cad drawing,DXF,https://www.kohler.co.in/p/avid-tall-single-handle-bathroom-sink-faucet-97347-4?skuId=97347-4-BL,True,asset_002315
97347-4-BL,https://techcomm.kohler.com/techcomm/cad/97347_4pln.dwg,cad drawing,DWG,https://www.kohler.co.in/p/avid-tall-single-handle-bathroom-sink-faucet-97347-4?skuId=97347-4-BL,True,asset_002314
97347-4-BL,https://techcomm.kohler.com/techcomm/cad/97347_4frt.dxf,cad drawing,DXF,https://www.kohler.co.in/p/avid-tall-single-handle-bathroom-sink-faucet-97347-4?skuId=97347-4-BL,True,asset_002313
97347-4-BL,https://techcomm.kohler.com/techcomm/cad/97347_4frt.dwg,cad drawing,DWG,https://www.kohler.co.in/p/avid-tall-single-handle-bathroom-sink-faucet-97347-4?skuId=97347-4-BL,True,asset_002312
97347-4-BL,https://techcomm.kohler.com/techcomm/cad/97347_4sde.dxf,cad drawing,DXF,https://www.kohler.co.in/p/avid-tall-single-handle-bathroom-sink-faucet-97347-4?skuId=97347-4-BL,True,asset_002317
97347-4-BL,https://techcomm.kohler.com/techcomm/cad/97347_4sde.dwg,cad drawing,DWG,https://www.kohler.co.in/p/avid-tall-single-handle-bathroom-sink-faucet-97347-4?skuId=97347-4-BL,True,asset_002316
97347-4-BL,https://techcomm.kohler.com/techcomm/cad/97347-4.dxf,cad drawing,DXF,https://www.kohler.co.in/p/avid-tall-single-handle-bathroom-sink-faucet-97347-4?skuId=97347-4-BL,True,asset_002299
97347-4-BL,https://techcomm.kohler.com/techcomm/cad/97347-4.dwg,cad drawing,DWG,https://www.kohler.co.in/p/avid-tall-single-handle-bathroom-sink-faucet-97347-4?skuId=97347-4-BL,True,asset_002298
97347-4-BL,https://techcomm.kohler.com/techcomm/pdf/K-97347-4_spec_US-CA_Kohler_en.pdf,spec sheet,PDF,https://www.kohler.co.in/p/avid-tall-single-handle-bathroom-sink-faucet-97347-4?skuId=97347-4-BL,True,asset_003150
97347-4-BL,https://techcomm.kohler.com/techcomm/pdf/K-97347-4_spec_IN_Kohler_en.pdf,spec sheet,PDF,https://www.kohler.co.in/p/avid-tall-single-handle-bathroom-sink-faucet-97347-4?skuId=97347-4-BL,True,asset_003148
97347-4-BL,https://techcomm.kohler.com/techcomm/pdf/K-97347-4_spec_US-CA_Kohler_fr-ca.pdf,spec sheet,PDF,https://www.kohler.co.in/p/avid-tall-single-handle-bathroom-sink-faucet-97347-4?skuId=97347-4-BL,True,asset_003151
97347-4-BL,https://techcomm.kohler.com/techcomm/pdf/K-97347-4_spec_LM_Kohler_en.pdf,spec sheet,PDF,https://www.kohler.co.in/p/avid-tall-single-handle-bathroom-sink-faucet-97347-4?skuId=97347-4-BL,True,asset_003149
97347-4-BL,https://techcomm.kohler.com/techcomm/pdf/1318988-2.pdf,installation,PDF,https://www.kohler.co.in/p/avid-tall-single-handle-bathroom-sink-faucet-97347-4?skuId=97347-4-BL,True,asset_002787
28514IN-ND-CP,https://techcomm.kohler.com/techcomm/cad/28514IN-ND.obj,3d model,OBJ,https://www.kohler.co.in/p/evoke-touchless-tall-single-handle-bathroom-sink-faucet-6-0-lpm-28514in-nd?skuId=28514IN-ND-CP,True,asset_001145
28514IN-ND-CP,https://techcomm.kohler.com/techcomm/cad/28514IN-ND.skp,3d model,SKP,https://www.kohler.co.in/p/evoke-touchless-tall-single-handle-bathroom-sink-faucet-6-0-lpm-28514in-nd?skuId=28514IN-ND-CP,True,asset_001146
28514IN-ND-CP,https://techcomm.kohler.com/techcomm/cad/28514IN-ND.3ds,3d model,3DS,https://www.kohler.co.in/p/evoke-touchless-tall-single-handle-bathroom-sink-faucet-6-0-lpm-28514in-nd?skuId=28514IN-ND-CP,True,asset_001142
28514IN-ND-CP,https://techcomm.kohler.com/techcomm/cad/Faucet_Touchless-Lavatory-KOHLER-Aleo-K-28514IN.rfa,3d model,RFA,https://www.kohler.co.in/p/evoke-touchless-tall-single-handle-bathroom-sink-faucet-6-0-lpm-28514in-nd?skuId=28514IN-ND-CP,True,asset_002591
28514IN-ND-CP,https://techcomm.kohler.com/techcomm/cad/28514in_ndpln.dxf,cad drawing,DXF,https://www.kohler.co.in/p/evoke-touchless-tall-single-handle-bathroom-sink-faucet-6-0-lpm-28514in-nd?skuId=28514IN-ND-CP,True,asset_001150
28514IN-ND-CP,https://techcomm.kohler.com/techcomm/cad/28514in_ndpln.dwg,cad drawing,DWG,https://www.kohler.co.in/p/evoke-touchless-tall-single-handle-bathroom-sink-faucet-6-0-lpm-28514in-nd?skuId=28514IN-ND-CP,True,asset_001149
28514IN-ND-CP,https://techcomm.kohler.com/techcomm/cad/28514in_ndfrt.dxf,cad drawing,DXF,https://www.kohler.co.in/p/evoke-touchless-tall-single-handle-bathroom-sink-faucet-6-0-lpm-28514in-nd?skuId=28514IN-ND-CP,True,asset_001148
28514IN-ND-CP,https://techcomm.kohler.com/techcomm/cad/28514in_ndfrt.dwg,cad drawing,DWG,https://www.kohler.co.in/p/evoke-touchless-tall-single-handle-bathroom-sink-faucet-6-0-lpm-28514in-nd?skuId=28514IN-ND-CP,True,asset_001147
28514IN-ND-CP,https://techcomm.kohler.com/techcomm/cad/28514in_ndsde.dxf,cad drawing,DXF,https://www.kohler.co.in/p/evoke-touchless-tall-single-handle-bathroom-sink-faucet-6-0-lpm-28514in-nd?skuId=28514IN-ND-CP,True,asset_001152
28514IN-ND-CP,https://techcomm.kohler.com/techcomm/cad/28514in_ndsde.dwg,cad drawing,DWG,https://www.kohler.co.in/p/evoke-touchless-tall-single-handle-bathroom-sink-faucet-6-0-lpm-28514in-nd?skuId=28514IN-ND-CP,True,asset_001151
28514IN-ND-CP,https://techcomm.kohler.com/techcomm/cad/28514IN-ND.dxf,cad drawing,DXF,https://www.kohler.co.in/p/evoke-touchless-tall-single-handle-bathroom-sink-faucet-6-0-lpm-28514in-nd?skuId=28514IN-ND-CP,True,asset_001144
28514IN-ND-CP,https://techcomm.kohler.com/techcomm/cad/28514IN-ND.dwg,cad drawing,DWG,https://www.kohler.co.in/p/evoke-touchless-tall-single-handle-bathroom-sink-faucet-6-0-lpm-28514in-nd?skuId=28514IN-ND-CP,True,asset_001143
28514IN-ND-CP,https://techcomm.kohler.com/techcomm/pdf/K-28514IN-ND_spec_IN_Kohler_en.pdf,spec sheet,PDF,https://www.kohler.co.in/p/evoke-touchless-tall-single-handle-bathroom-sink-faucet-6-0-lpm-28514in-nd?skuId=28514IN-ND-CP,True,asset_003048
28514IN-ND-CP,https://techcomm.kohler.com/techcomm/pdf/1612012-IN5.pdf,homeowners guide,PDF,https://www.kohler.co.in/p/evoke-touchless-tall-single-handle-bathroom-sink-faucet-6-0-lpm-28514in-nd?skuId=28514IN-ND-CP,True,asset_002869
28514IN-ND-CP,https://techcomm.kohler.com/techcomm/pdf/1612012-IN2.pdf,installation,PDF,https://www.kohler.co.in/p/evoke-touchless-tall-single-handle-bathroom-sink-faucet-6-0-lpm-28514in-nd?skuId=28514IN-ND-CP,True,asset_002868
28514IN-ND-CP,https://techcomm.kohler.com/techcomm/pdf/1619464-IN8.pdf,parts,PDF,https://www.kohler.co.in/p/evoke-touchless-tall-single-handle-bathroom-sink-faucet-6-0-lpm-28514in-nd?skuId=28514IN-ND-CP,True,asset_002871
EX28093IN-8-AF,https://techcomm.kohler.com/techcomm/cad/EX28093IN-8.obj,3d model,OBJ,https://www.kohler.co.in/p/components-single-handle-bathroom-sink-faucet-with-row-spout-and-oyl-handle-8-3-lpm-ex28093in-8?skuId=EX28093IN-8-AF,True,asset_002502
EX28093IN-8-AF,https://techcomm.kohler.com/techcomm/cad/EX28093IN-8.skp,3d model,SKP,https://www.kohler.co.in/p/components-single-handle-bathroom-sink-faucet-with-row-spout-and-oyl-handle-8-3-lpm-ex28093in-8?skuId=EX28093IN-8-AF,True,asset_002503
EX28093IN-8-AF,https://techcomm.kohler.com/techcomm/cad/EX28093IN-8.3ds,3d model,3DS,https://www.kohler.co.in/p/components-single-handle-bathroom-sink-faucet-with-row-spout-and-oyl-handle-8-3-lpm-ex28093in-8?skuId=EX28093IN-8-AF,True,asset_002499
EX28093IN-8-AF,https://techcomm.kohler.com/techcomm/cad/Faucet-Lavatory-KOHLER-Components-K-EX28093IN.rfa,3d model,RFA,https://www.kohler.co.in/p/components-single-handle-bathroom-sink-faucet-with-row-spout-and-oyl-handle-8-3-lpm-ex28093in-8?skuId=EX28093IN-8-AF,True,asset_002524
EX28093IN-8-AF,https://techcomm.kohler.com/techcomm/cad/ex28093in_8pln.dxf,cad drawing,DXF,https://www.kohler.co.in/p/components-single-handle-bathroom-sink-faucet-with-row-spout-and-oyl-handle-8-3-lpm-ex28093in-8?skuId=EX28093IN-8-AF,True,asset_002745
EX28093IN-8-AF,https://techcomm.kohler.com/techcomm/cad/ex28093in_8pln.dwg,cad drawing,DWG,https://www.kohler.co.in/p/components-single-handle-bathroom-sink-faucet-with-row-spout-and-oyl-handle-8-3-lpm-ex28093in-8?skuId=EX28093IN-8-AF,True,asset_002744
EX28093IN-8-AF,https://techcomm.kohler.com/techcomm/cad/ex28093in_8frt.dxf,cad drawing,DXF,https://www.kohler.co.in/p/components-single-handle-bathroom-sink-faucet-with-row-spout-and-oyl-handle-8-3-lpm-ex28093in-8?skuId=EX28093IN-8-AF,True,asset_002743
EX28093IN-8-AF,https://techcomm.kohler.com/techcomm/cad/ex28093in_8frt.dwg,cad drawing,DWG,https://www.kohler.co.in/p/components-single-handle-bathroom-sink-faucet-with-row-spout-and-oyl-handle-8-3-lpm-ex28093in-8?skuId=EX28093IN-8-AF,True,asset_002742
EX28093IN-8-AF,https://techcomm.kohler.com/techcomm/cad/ex28093in_8sde.dxf,cad drawing,DXF,https://www.kohler.co.in/p/components-single-handle-bathroom-sink-faucet-with-row-spout-and-oyl-handle-8-3-lpm-ex28093in-8?skuId=EX28093IN-8-AF,True,asset_002747
EX28093IN-8-AF,https://techcomm.kohler.com/techcomm/cad/ex28093in_8sde.dwg,cad drawing,DWG,https://www.kohler.co.in/p/components-single-handle-bathroom-sink-faucet-with-row-spout-and-oyl-handle-8-3-lpm-ex28093in-8?skuId=EX28093IN-8-AF,True,asset_002746
EX28093IN-8-AF,https://techcomm.kohler.com/techcomm/cad/EX28093IN-8.dxf,cad drawing,DXF,https://www.kohler.co.in/p/components-single-handle-bathroom-sink-faucet-with-row-spout-and-oyl-handle-8-3-lpm-ex28093in-8?skuId=EX28093IN-8-AF,True,asset_002501
EX28093IN-8-AF,https://techcomm.kohler.com/techcomm/cad/EX28093IN-8.dwg,cad drawing,DWG,https://www.kohler.co.in/p/components-single-handle-bathroom-sink-faucet-with-row-spout-and-oyl-handle-8-3-lpm-ex28093in-8?skuId=EX28093IN-8-AF,True,asset_002500
EX28093IN-8-AF,https://techcomm.kohler.com/techcomm/pdf/K-EX28093IN-8_spec_IN_Kohler_en.pdf,spec sheet,PDF,https://www.kohler.co.in/p/components-single-handle-bathroom-sink-faucet-with-row-spout-and-oyl-handle-8-3-lpm-ex28093in-8?skuId=EX28093IN-8-AF,True,asset_003166
EX28093IN-8-AF,https://techcomm.kohler.com/techcomm/pdf/1557546-IN2.pdf,installation,PDF,https://www.kohler.co.in/p/components-single-handle-bathroom-sink-faucet-with-row-spout-and-oyl-handle-8-3-lpm-ex28093in-8?skuId=EX28093IN-8-AF,True,asset_002853
97347IN-4-CP,https://techcomm.kohler.com/techcomm/cad/97347IN-4.obj,3d model,OBJ,https://www.kohler.co.in/p/avid-single-control-tall-lavatory-faucet-with-drain-in-polished-chrome-97347in-4?skuId=97347IN-4-CP,True,asset_002305
97347IN-4-CP,https://techcomm.kohler.com/techcomm/cad/97347IN-4.skp,3d model,SKP,https://www.kohler.co.in/p/avid-single-control-tall-lavatory-faucet-with-drain-in-polished-chrome-97347in-4?skuId=97347IN-4-CP,True,asset_002306
97347IN-4-CP,https://techcomm.kohler.com/techcomm/cad/97347IN-4.3ds,3d model,3DS,https://www.kohler.co.in/p/avid-single-control-tall-lavatory-faucet-with-drain-in-polished-chrome-97347in-4?skuId=97347IN-4-CP,True,asset_002302
97347IN-4-CP,https://techcomm.kohler.com/techcomm/cad/Faucet-Lavatory-KOHLER-Avid-K-97347IN.rfa,3d model,RFA,https://www.kohler.co.in/p/avid-single-control-tall-lavatory-faucet-with-drain-in-polished-chrome-97347in-4?skuId=97347IN-4-CP,True,asset_002519
97347IN-4-CP,https://techcomm.kohler.com/techcomm/cad/97347in_4pln.dxf,cad drawing,DXF,https://www.kohler.co.in/p/avid-single-control-tall-lavatory-faucet-with-drain-in-polished-chrome-97347in-4?skuId=97347IN-4-CP,True,asset_002321
97347IN-4-CP,https://techcomm.kohler.com/techcomm/cad/97347in_4pln.dwg,cad drawing,DWG,https://www.kohler.co.in/p/avid-single-control-tall-lavatory-faucet-with-drain-in-polished-chrome-97347in-4?skuId=97347IN-4-CP,True,asset_002320
97347IN-4-CP,https://techcomm.kohler.com/techcomm/cad/97347in_4frt.dxf,cad drawing,DXF,https://www.kohler.co.in/p/avid-single-control-tall-lavatory-faucet-with-drain-in-polished-chrome-97347in-4?skuId=97347IN-4-CP,True,asset_002319
97347IN-4-CP,https://techcomm.kohler.com/techcomm/cad/97347in_4frt.dwg,cad drawing,DWG,https://www.kohler.co.in/p/avid-single-control-tall-lavatory-faucet-with-drain-in-polished-chrome-97347in-4?skuId=97347IN-4-CP,True,asset_002318
97347IN-4-CP,https://techcomm.kohler.com/techcomm/cad/97347in_4sde.dxf,cad drawing,DXF,https://www.kohler.co.in/p/avid-single-control-tall-lavatory-faucet-with-drain-in-polished-chrome-97347in-4?skuId=97347IN-4-CP,True,asset_002323
97347IN-4-CP,https://techcomm.kohler.com/techcomm/cad/97347in_4sde.dwg,cad drawing,DWG,https://www.kohler.co.in/p/avid-single-control-tall-lavatory-faucet-with-drain-in-polished-chrome-97347in-4?skuId=97347IN-4-CP,True,asset_002322
97347IN-4-CP,https://techcomm.kohler.com/techcomm/cad/97347IN-4.dxf,cad drawing,DXF,https://www.kohler.co.in/p/avid-single-control-tall-lavatory-faucet-with-drain-in-polished-chrome-97347in-4?skuId=97347IN-4-CP,True,asset_002304
97347IN-4-CP,https://techcomm.kohler.com/techcomm/cad/97347IN-4.dwg,cad drawing,DWG,https://www.kohler.co.in/p/avid-single-control-tall-lavatory-faucet-with-drain-in-polished-chrome-97347in-4?skuId=97347IN-4-CP,True,asset_002303
20070IN-4-CP,https://techcomm.kohler.com/techcomm/cad/20070IN-4.obj,3d model,OBJ,https://www.kohler.co.in/p/aleo-tall-pillar-tap-20070in-4?skuId=20070IN-4-CP,True,asset_000351
20070IN-4-CP,https://techcomm.kohler.com/techcomm/cad/20070IN-4.skp,3d model,SKP,https://www.kohler.co.in/p/aleo-tall-pillar-tap-20070in-4?skuId=20070IN-4-CP,True,asset_000352
20070IN-4-CP,https://techcomm.kohler.com/techcomm/cad/20070IN-4.3ds,3d model,3DS,https://www.kohler.co.in/p/aleo-tall-pillar-tap-20070in-4?skuId=20070IN-4-CP,True,asset_000348
20070IN-4-CP,https://techcomm.kohler.com/techcomm/cad/Faucet-Lavatory-KOHLER-ALEO-K-20070IN.rfa,3d model,RFA,https://www.kohler.co.in/p/aleo-tall-pillar-tap-20070in-4?skuId=20070IN-4-CP,True,asset_002513
20070IN-4-CP,https://techcomm.kohler.com/techcomm/cad/20070in_4pln.dxf,cad drawing,DXF,https://www.kohler.co.in/p/aleo-tall-pillar-tap-20070in-4?skuId=20070IN-4-CP,True,asset_000356
20070IN-4-CP,https://techcomm.kohler.com/techcomm/cad/20070in_4pln.dwg,cad drawing,DWG,https://www.kohler.co.in/p/aleo-tall-pillar-tap-20070in-4?skuId=20070IN-4-CP,True,asset_000355
20070IN-4-CP,https://techcomm.kohler.com/techcomm/cad/20070in_4frt.dxf,cad drawing,DXF,https://www.kohler.co.in/p/aleo-tall-pillar-tap-20070in-4?skuId=20070IN-4-CP,True,asset_000354
20070IN-4-CP,https://techcomm.kohler.com/techcomm/cad/20070in_4frt.dwg,cad drawing,DWG,https://www.kohler.co.in/p/aleo-tall-pillar-tap-20070in-4?skuId=20070IN-4-CP,True,asset_000353
20070IN-4-CP,https://techcomm.kohler.com/techcomm/cad/20070in_4sde.dxf,cad drawing,DXF,https://www.kohler.co.in/p/aleo-tall-pillar-tap-20070in-4?skuId=20070IN-4-CP,True,asset_000358
20070IN-4-CP,https://techcomm.kohler.com/techcomm/cad/20070in_4sde.dwg,cad drawing,DWG,https://www.kohler.co.in/p/aleo-tall-pillar-tap-20070in-4?skuId=20070IN-4-CP,True,asset_000357
20070IN-4-CP,https://techcomm.kohler.com/techcomm/cad/20070IN-4.dxf,cad drawing,DXF,https://www.kohler.co.in/p/aleo-tall-pillar-tap-20070in-4?skuId=20070IN-4-CP,True,asset_000350
20070IN-4-CP,https://techcomm.kohler.com/techcomm/cad/20070IN-4.dwg,cad drawing,DWG,https://www.kohler.co.in/p/aleo-tall-pillar-tap-20070in-4?skuId=20070IN-4-CP,True,asset_000349
20070IN-4-CP,https://techcomm.kohler.com/techcomm/pdf/1649162-IN8.pdf,parts,PDF,https://www.kohler.co.in/p/aleo-tall-pillar-tap-20070in-4?skuId=20070IN-4-CP,True,asset_002884
20070IN-4-CP,https://techcomm.kohler.com/techcomm/pdf/1649158-IN8.pdf,parts,PDF,https://www.kohler.co.in/p/aleo-tall-pillar-tap-20070in-4?skuId=20070IN-4-CP,True,asset_002883
72288IN-4-CP,https://techcomm.kohler.com/techcomm/cad/72288IN-4.obj,3d model,OBJ,https://www.kohler.co.in/p/aleo-single-control-pillar-lavatory-faucet-in-polished-chrome-72288in-4?skuId=72288IN-4-CP,True,asset_001808
72288IN-4-CP,https://techcomm.kohler.com/techcomm/cad/72288IN-4.skp,3d model,SKP,https://www.kohler.co.in/p/aleo-single-control-pillar-lavatory-faucet-in-polished-chrome-72288in-4?skuId=72288IN-4-CP,True,asset_001809
72288IN-4-CP,https://techcomm.kohler.com/techcomm/cad/72288IN-4.3ds,3d model,3DS,https://www.kohler.co.in/p/aleo-single-control-pillar-lavatory-faucet-in-polished-chrome-72288in-4?skuId=72288IN-4-CP,True,asset_001805
72288IN-4-CP,https://techcomm.kohler.com/techcomm/cad/Faucet-Lavatory-KOHLER-Aleo-K-72288IN.rfa,3d model,RFA,https://www.kohler.co.in/p/aleo-single-control-pillar-lavatory-faucet-in-polished-chrome-72288in-4?skuId=72288IN-4-CP,True,asset_002517
72288IN-4-CP,https://techcomm.kohler.com/techcomm/cad/72288in_4pln.dxf,cad drawing,DXF,https://www.kohler.co.in/p/aleo-single-control-pillar-lavatory-faucet-in-polished-chrome-72288in-4?skuId=72288IN-4-CP,True,asset_001813
72288IN-4-CP,https://techcomm.kohler.com/techcomm/cad/72288in_4pln.dwg,cad drawing,DWG,https://www.kohler.co.in/p/aleo-single-control-pillar-lavatory-faucet-in-polished-chrome-72288in-4?skuId=72288IN-4-CP,True,asset_001812
72288IN-4-CP,https://techcomm.kohler.com/techcomm/cad/72288in_4frt.dxf,cad drawing,DXF,https://www.kohler.co.in/p/aleo-single-control-pillar-lavatory-faucet-in-polished-chrome-72288in-4?skuId=72288IN-4-CP,True,asset_001811
72288IN-4-CP,https://techcomm.kohler.com/techcomm/cad/72288in_4frt.dwg,cad drawing,DWG,https://www.kohler.co.in/p/aleo-single-control-pillar-lavatory-faucet-in-polished-chrome-72288in-4?skuId=72288IN-4-CP,True,asset_001810
72288IN-4-CP,https://techcomm.kohler.com/techcomm/cad/72288in_4sde.dxf,cad drawing,DXF,https://www.kohler.co.in/p/aleo-single-control-pillar-lavatory-faucet-in-polished-chrome-72288in-4?skuId=72288IN-4-CP,True,asset_001815
72288IN-4-CP,https://techcomm.kohler.com/techcomm/cad/72288in_4sde.dwg,cad drawing,DWG,https://www.kohler.co.in/p/aleo-single-control-pillar-lavatory-faucet-in-polished-chrome-72288in-4?skuId=72288IN-4-CP,True,asset_001814
72288IN-4-CP,https://techcomm.kohler.com/techcomm/cad/72288IN-4.dxf,cad drawing,DXF,https://www.kohler.co.in/p/aleo-single-control-pillar-lavatory-faucet-in-polished-chrome-72288in-4?skuId=72288IN-4-CP,True,asset_001807
72288IN-4-CP,https://techcomm.kohler.com/techcomm/cad/72288IN-4.dwg,cad drawing,DWG,https://www.kohler.co.in/p/aleo-single-control-pillar-lavatory-faucet-in-polished-chrome-72288in-4?skuId=72288IN-4-CP,True,asset_001806
72288IN-4-CP,https://techcomm.kohler.com/techcomm/pdf/1649163-IN8.pdf,parts,PDF,https://www.kohler.co.in/p/aleo-single-control-pillar-lavatory-faucet-in-polished-chrome-72288in-4?skuId=72288IN-4-CP,True,asset_002885
20071IN-4-CP,https://techcomm.kohler.com/techcomm/cad/20071IN-4.obj,3d model,OBJ,https://www.kohler.co.in/p/aleo-pillar-tap-tall-20071in-4?skuId=20071IN-4-CP,True,asset_000362
20071IN-4-CP,https://techcomm.kohler.com/techcomm/cad/20071IN-4.skp,3d model,SKP,https://www.kohler.co.in/p/aleo-pillar-tap-tall-20071in-4?skuId=20071IN-4-CP,True,asset_000363
20071IN-4-CP,https://techcomm.kohler.com/techcomm/cad/20071IN-4.3ds,3d model,3DS,https://www.kohler.co.in/p/aleo-pillar-tap-tall-20071in-4?skuId=20071IN-4-CP,True,asset_000359
20071IN-4-CP,https://techcomm.kohler.com/techcomm/cad/Faucet-Lavatory-KOHLER-Aleo-K-20071IN.rfa,3d model,RFA,https://www.kohler.co.in/p/aleo-pillar-tap-tall-20071in-4?skuId=20071IN-4-CP,True,asset_002516
20071IN-4-CP,https://techcomm.kohler.com/techcomm/cad/20071in_4pln.dxf,cad drawing,DXF,https://www.kohler.co.in/p/aleo-pillar-tap-tall-20071in-4?skuId=20071IN-4-CP,True,asset_000367
20071IN-4-CP,https://techcomm.kohler.com/techcomm/cad/20071in_4pln.dwg,cad drawing,DWG,https://www.kohler.co.in/p/aleo-pillar-tap-tall-20071in-4?skuId=20071IN-4-CP,True,asset_000366
20071IN-4-CP,https://techcomm.kohler.com/techcomm/cad/20071in_4frt.dxf,cad drawing,DXF,https://www.kohler.co.in/p/aleo-pillar-tap-tall-20071in-4?skuId=20071IN-4-CP,True,asset_000365
20071IN-4-CP,https://techcomm.kohler.com/techcomm/cad/20071in_4frt.dwg,cad drawing,DWG,https://www.kohler.co.in/p/aleo-pillar-tap-tall-20071in-4?skuId=20071IN-4-CP,True,asset_000364
20071IN-4-CP,https://techcomm.kohler.com/techcomm/cad/20071in_4sde.dxf,cad drawing,DXF,https://www.kohler.co.in/p/aleo-pillar-tap-tall-20071in-4?skuId=20071IN-4-CP,True,asset_000369
20071IN-4-CP,https://techcomm.kohler.com/techcomm/cad/20071in_4sde.dwg,cad drawing,DWG,https://www.kohler.co.in/p/aleo-pillar-tap-tall-20071in-4?skuId=20071IN-4-CP,True,asset_000368
20071IN-4-CP,https://techcomm.kohler.com/techcomm/cad/20071IN-4.dxf,cad drawing,DXF,https://www.kohler.co.in/p/aleo-pillar-tap-tall-20071in-4?skuId=20071IN-4-CP,True,asset_000361
20071IN-4-CP,https://techcomm.kohler.com/techcomm/cad/20071IN-4.dwg,cad drawing,DWG,https://www.kohler.co.in/p/aleo-pillar-tap-tall-20071in-4?skuId=20071IN-4-CP,True,asset_000360
20071IN-4-CP,https://techcomm.kohler.com/techcomm/pdf/1649162-IN8.pdf,parts,PDF,https://www.kohler.co.in/p/aleo-pillar-tap-tall-20071in-4?skuId=20071IN-4-CP,True,asset_002884
20071IN-4-CP,https://techcomm.kohler.com/techcomm/pdf/1649158-IN8.pdf,parts,PDF,https://www.kohler.co.in/p/aleo-pillar-tap-tall-20071in-4?skuId=20071IN-4-CP,True,asset_002883
5684IN-4ND-CP,https://techcomm.kohler.com/techcomm/cad/5684IN-4ND.obj,3d model,OBJ,https://www.kohler.co.in/p/aleo-wall-mount-lavatory-faucet-trim-in-polished-chrome-5684in-4nd?skuId=5684IN-4ND-CP,True,asset_001665
5684IN-4ND-CP,https://techcomm.kohler.com/techcomm/cad/5684IN-4ND.skp,3d model,SKP,https://www.kohler.co.in/p/aleo-wall-mount-lavatory-faucet-trim-in-polished-chrome-5684in-4nd?skuId=5684IN-4ND-CP,True,asset_001666
5684IN-4ND-CP,https://techcomm.kohler.com/techcomm/cad/5684IN-4ND.3ds,3d model,3DS,https://www.kohler.co.in/p/aleo-wall-mount-lavatory-faucet-trim-in-polished-chrome-5684in-4nd?skuId=5684IN-4ND-CP,True,asset_001662
5684IN-4ND-CP,https://techcomm.kohler.com/techcomm/cad/Faucet-Wall_Mount-Lavatory-KOHLER-Aleo-K-5684IN.rfa,3d model,RFA,https://www.kohler.co.in/p/aleo-wall-mount-lavatory-faucet-trim-in-polished-chrome-5684in-4nd?skuId=5684IN-4ND-CP,True,asset_002569
5684IN-4ND-CP,https://techcomm.kohler.com/techcomm/cad/5684in_4ndpln.dxf,cad drawing,DXF,https://www.kohler.co.in/p/aleo-wall-mount-lavatory-faucet-trim-in-polished-chrome-5684in-4nd?skuId=5684IN-4ND-CP,True,asset_001670
5684IN-4ND-CP,https://techcomm.kohler.com/techcomm/cad/5684in_4ndpln.dwg,cad drawing,DWG,https://www.kohler.co.in/p/aleo-wall-mount-lavatory-faucet-trim-in-polished-chrome-5684in-4nd?skuId=5684IN-4ND-CP,True,asset_001669
5684IN-4ND-CP,https://techcomm.kohler.com/techcomm/cad/5684in_4ndfrt.dxf,cad drawing,DXF,https://www.kohler.co.in/p/aleo-wall-mount-lavatory-faucet-trim-in-polished-chrome-5684in-4nd?skuId=5684IN-4ND-CP,True,asset_001668
5684IN-4ND-CP,https://techcomm.kohler.com/techcomm/cad/5684in_4ndfrt.dwg,cad drawing,DWG,https://www.kohler.co.in/p/aleo-wall-mount-lavatory-faucet-trim-in-polished-chrome-5684in-4nd?skuId=5684IN-4ND-CP,True,asset_001667
5684IN-4ND-CP,https://techcomm.kohler.com/techcomm/cad/5684in_4ndsde.dxf,cad drawing,DXF,https://www.kohler.co.in/p/aleo-wall-mount-lavatory-faucet-trim-in-polished-chrome-5684in-4nd?skuId=5684IN-4ND-CP,True,asset_001672
5684IN-4ND-CP,https://techcomm.kohler.com/techcomm/cad/5684in_4ndsde.dwg,cad drawing,DWG,https://www.kohler.co.in/p/aleo-wall-mount-lavatory-faucet-trim-in-polished-chrome-5684in-4nd?skuId=5684IN-4ND-CP,True,asset_001671
5684IN-4ND-CP,https://techcomm.kohler.com/techcomm/cad/5684IN-4ND.dxf,cad drawing,DXF,https://www.kohler.co.in/p/aleo-wall-mount-lavatory-faucet-trim-in-polished-chrome-5684in-4nd?skuId=5684IN-4ND-CP,True,asset_001664
5684IN-4ND-CP,https://techcomm.kohler.com/techcomm/cad/5684IN-4ND.dwg,cad drawing,DWG,https://www.kohler.co.in/p/aleo-wall-mount-lavatory-faucet-trim-in-polished-chrome-5684in-4nd?skuId=5684IN-4ND-CP,True,asset_001663
5684IN-4ND-CP,https://techcomm.kohler.com/techcomm/pdf/K-5684IN-4ND_spec_IN_Kohler_en.pdf,spec sheet,PDF,https://www.kohler.co.in/p/aleo-wall-mount-lavatory-faucet-trim-in-polished-chrome-5684in-4nd?skuId=5684IN-4ND-CP,True,asset_003094
5684IN-4ND-CP,https://techcomm.kohler.com/techcomm/pdf/1672256-IN8.pdf,parts,PDF,https://www.kohler.co.in/p/aleo-wall-mount-lavatory-faucet-trim-in-polished-chrome-5684in-4nd?skuId=5684IN-4ND-CP,True,asset_002904
23975IN-4ND-CP,https://techcomm.kohler.com/techcomm/cad/23975IN-4ND.obj,3d model,OBJ,https://www.kohler.co.in/p/vive-wall-mount-bathroom-sink-faucet-5-5-lpm-23975in-4nd?skuId=23975IN-4ND-CP,True,asset_000615
23975IN-4ND-CP,https://techcomm.kohler.com/techcomm/cad/23975IN-4ND.skp,3d model,SKP,https://www.kohler.co.in/p/vive-wall-mount-bathroom-sink-faucet-5-5-lpm-23975in-4nd?skuId=23975IN-4ND-CP,True,asset_000616
23975IN-4ND-CP,https://techcomm.kohler.com/techcomm/cad/23975IN-4ND.3ds,3d model,3DS,https://www.kohler.co.in/p/vive-wall-mount-bathroom-sink-faucet-5-5-lpm-23975in-4nd?skuId=23975IN-4ND-CP,True,asset_000612
23975IN-4ND-CP,https://techcomm.kohler.com/techcomm/cad/Faucet-Wall_Mount-Lavatory-KOHLER-Vive-K-23975IN.rfa,3d model,RFA,https://www.kohler.co.in/p/vive-wall-mount-bathroom-sink-faucet-5-5-lpm-23975in-4nd?skuId=23975IN-4ND-CP,True,asset_002589
23975IN-4ND-CP,https://techcomm.kohler.com/techcomm/cad/23975in_4ndpln.dxf,cad drawing,DXF,https://www.kohler.co.in/p/vive-wall-mount-bathroom-sink-faucet-5-5-lpm-23975in-4nd?skuId=23975IN-4ND-CP,True,asset_000620
23975IN-4ND-CP,https://techcomm.kohler.com/techcomm/cad/23975in_4ndpln.dwg,cad drawing,DWG,https://www.kohler.co.in/p/vive-wall-mount-bathroom-sink-faucet-5-5-lpm-23975in-4nd?skuId=23975IN-4ND-CP,True,asset_000619
23975IN-4ND-CP,https://techcomm.kohler.com/techcomm/cad/23975in_4ndfrt.dxf,cad drawing,DXF,https://www.kohler.co.in/p/vive-wall-mount-bathroom-sink-faucet-5-5-lpm-23975in-4nd?skuId=23975IN-4ND-CP,True,asset_000618
23975IN-4ND-CP,https://techcomm.kohler.com/techcomm/cad/23975in_4ndfrt.dwg,cad drawing,DWG,https://www.kohler.co.in/p/vive-wall-mount-bathroom-sink-faucet-5-5-lpm-23975in-4nd?skuId=23975IN-4ND-CP,True,asset_000617
23975IN-4ND-CP,https://techcomm.kohler.com/techcomm/cad/23975in_4ndsde.dxf,cad drawing,DXF,https://www.kohler.co.in/p/vive-wall-mount-bathroom-sink-faucet-5-5-lpm-23975in-4nd?skuId=23975IN-4ND-CP,True,asset_000622
23975IN-4ND-CP,https://techcomm.kohler.com/techcomm/cad/23975in_4ndsde.dwg,cad drawing,DWG,https://www.kohler.co.in/p/vive-wall-mount-bathroom-sink-faucet-5-5-lpm-23975in-4nd?skuId=23975IN-4ND-CP,True,asset_000621
23975IN-4ND-CP,https://techcomm.kohler.com/techcomm/cad/23975IN-4ND.dxf,cad drawing,DXF,https://www.kohler.co.in/p/vive-wall-mount-bathroom-sink-faucet-5-5-lpm-23975in-4nd?skuId=23975IN-4ND-CP,True,asset_000614
23975IN-4ND-CP,https://techcomm.kohler.com/techcomm/cad/23975IN-4ND.dwg,cad drawing,DWG,https://www.kohler.co.in/p/vive-wall-mount-bathroom-sink-faucet-5-5-lpm-23975in-4nd?skuId=23975IN-4ND-CP,True,asset_000613
23975IN-4ND-CP,https://techcomm.kohler.com/techcomm/pdf/K-23975IN-4ND_spec_IN_Kohler_en.pdf,spec sheet,PDF,https://www.kohler.co.in/p/vive-wall-mount-bathroom-sink-faucet-5-5-lpm-23975in-4nd?skuId=23975IN-4ND-CP,True,asset_002993
23486IN-4ND-CP,https://techcomm.kohler.com/techcomm/cad/23486IN-4ND.obj,3d model,OBJ,https://www.kohler.co.in/p/parallel-wall-mount-sc-lav-faucet-23486in-4nd?skuId=23486IN-4ND-CP,True,asset_000560
23486IN-4ND-CP,https://techcomm.kohler.com/techcomm/cad/23486IN-4ND.skp,3d model,SKP,https://www.kohler.co.in/p/parallel-wall-mount-sc-lav-faucet-23486in-4nd?skuId=23486IN-4ND-CP,True,asset_000561
23486IN-4ND-CP,https://techcomm.kohler.com/techcomm/cad/23486IN-4ND.3ds,3d model,3DS,https://www.kohler.co.in/p/parallel-wall-mount-sc-lav-faucet-23486in-4nd?skuId=23486IN-4ND-CP,True,asset_000557
23486IN-4ND-CP,https://techcomm.kohler.com/techcomm/cad/Faucet-Wall_Mount-Lavatory-KOHLER-PARALLEL-K-23486IN.rfa,3d model,RFA,https://www.kohler.co.in/p/parallel-wall-mount-sc-lav-faucet-23486in-4nd?skuId=23486IN-4ND-CP,True,asset_002587
23486IN-4ND-CP,https://techcomm.kohler.com/techcomm/cad/23486in_4ndpln.dxf,cad drawing,DXF,https://www.kohler.co.in/p/parallel-wall-mount-sc-lav-faucet-23486in-4nd?skuId=23486IN-4ND-CP,True,asset_000565
23486IN-4ND-CP,https://techcomm.kohler.com/techcomm/cad/23486in_4ndpln.dwg,cad drawing,DWG,https://www.kohler.co.in/p/parallel-wall-mount-sc-lav-faucet-23486in-4nd?skuId=23486IN-4ND-CP,True,asset_000564
23486IN-4ND-CP,https://techcomm.kohler.com/techcomm/cad/23486in_4ndfrt.dxf,cad drawing,DXF,https://www.kohler.co.in/p/parallel-wall-mount-sc-lav-faucet-23486in-4nd?skuId=23486IN-4ND-CP,True,asset_000563
23486IN-4ND-CP,https://techcomm.kohler.com/techcomm/cad/23486in_4ndfrt.dwg,cad drawing,DWG,https://www.kohler.co.in/p/parallel-wall-mount-sc-lav-faucet-23486in-4nd?skuId=23486IN-4ND-CP,True,asset_000562
23486IN-4ND-CP,https://techcomm.kohler.com/techcomm/cad/23486in_4ndsde.dxf,cad drawing,DXF,https://www.kohler.co.in/p/parallel-wall-mount-sc-lav-faucet-23486in-4nd?skuId=23486IN-4ND-CP,True,asset_000567
23486IN-4ND-CP,https://techcomm.kohler.com/techcomm/cad/23486in_4ndsde.dwg,cad drawing,DWG,https://www.kohler.co.in/p/parallel-wall-mount-sc-lav-faucet-23486in-4nd?skuId=23486IN-4ND-CP,True,asset_000566
23486IN-4ND-CP,https://techcomm.kohler.com/techcomm/cad/23486IN-4ND.dxf,cad drawing,DXF,https://www.kohler.co.in/p/parallel-wall-mount-sc-lav-faucet-23486in-4nd?skuId=23486IN-4ND-CP,True,asset_000559
23486IN-4ND-CP,https://techcomm.kohler.com/techcomm/cad/23486IN-4ND.dwg,cad drawing,DWG,https://www.kohler.co.in/p/parallel-wall-mount-sc-lav-faucet-23486in-4nd?skuId=23486IN-4ND-CP,True,asset_000558
23486IN-4ND-CP,https://techcomm.kohler.com/techcomm/pdf/K-23486IN-4ND_spec_IN_Kohler_en.pdf,spec sheet,PDF,https://www.kohler.co.in/p/parallel-wall-mount-sc-lav-faucet-23486in-4nd?skuId=23486IN-4ND-CP,True,asset_002988
23486IN-4ND-CP,https://techcomm.kohler.com/techcomm/pdf/1339459-IN2.pdf,installation,PDF,https://www.kohler.co.in/p/parallel-wall-mount-sc-lav-faucet-23486in-4nd?skuId=23486IN-4ND-CP,True,asset_002790
23486IN-4ND-CP,https://techcomm.kohler.com/techcomm/pdf/1637356-IN2.pdf,installation,PDF,https://www.kohler.co.in/p/parallel-wall-mount-sc-lav-faucet-23486in-4nd?skuId=23486IN-4ND-CP,True,asset_002877
23486IN-4ND-CP,https://techcomm.kohler.com/techcomm/pdf/1339459-IN8.pdf,parts,PDF,https://www.kohler.co.in/p/parallel-wall-mount-sc-lav-faucet-23486in-4nd?skuId=23486IN-4ND-CP,True,asset_002791
5683IN-4ND-CP,https://techcomm.kohler.com/techcomm/cad/5683IN-4ND.obj,3d model,OBJ,https://www.kohler.co.in/p/aleo-wall-mount-lavatory-faucet-trim-5683in-4nd?skuId=5683IN-4ND-CP,True,asset_001654
5683IN-4ND-CP,https://techcomm.kohler.com/techcomm/cad/5683IN-4ND.skp,3d model,SKP,https://www.kohler.co.in/p/aleo-wall-mount-lavatory-faucet-trim-5683in-4nd?skuId=5683IN-4ND-CP,True,asset_001655
5683IN-4ND-CP,https://techcomm.kohler.com/techcomm/cad/5683IN-4ND.3ds,3d model,3DS,https://www.kohler.co.in/p/aleo-wall-mount-lavatory-faucet-trim-5683in-4nd?skuId=5683IN-4ND-CP,True,asset_001651
5683IN-4ND-CP,https://techcomm.kohler.com/techcomm/cad/Faucet-Wall_Mount-Lavatory-KOHLER-Aleo-K-5683IN.rfa,3d model,RFA,https://www.kohler.co.in/p/aleo-wall-mount-lavatory-faucet-trim-5683in-4nd?skuId=5683IN-4ND-CP,True,asset_002568
5683IN-4ND-CP,https://techcomm.kohler.com/techcomm/cad/5683in_4ndpln.dxf,cad drawing,DXF,https://www.kohler.co.in/p/aleo-wall-mount-lavatory-faucet-trim-5683in-4nd?skuId=5683IN-4ND-CP,True,asset_001659
5683IN-4ND-CP,https://techcomm.kohler.com/techcomm/cad/5683in_4ndpln.dwg,cad drawing,DWG,https://www.kohler.co.in/p/aleo-wall-mount-lavatory-faucet-trim-5683in-4nd?skuId=5683IN-4ND-CP,True,asset_001658
5683IN-4ND-CP,https://techcomm.kohler.com/techcomm/cad/5683in_4ndfrt.dxf,cad drawing,DXF,https://www.kohler.co.in/p/aleo-wall-mount-lavatory-faucet-trim-5683in-4nd?skuId=5683IN-4ND-CP,True,asset_001657
5683IN-4ND-CP,https://techcomm.kohler.com/techcomm/cad/5683in_4ndfrt.dwg,cad drawing,DWG,https://www.kohler.co.in/p/aleo-wall-mount-lavatory-faucet-trim-5683in-4nd?skuId=5683IN-4ND-CP,True,asset_001656
5683IN-4ND-CP,https://techcomm.kohler.com/techcomm/cad/5683in_4ndsde.dxf,cad drawing,DXF,https://www.kohler.co.in/p/aleo-wall-mount-lavatory-faucet-trim-5683in-4nd?skuId=5683IN-4ND-CP,True,asset_001661
5683IN-4ND-CP,https://techcomm.kohler.com/techcomm/cad/5683in_4ndsde.dwg,cad drawing,DWG,https://www.kohler.co.in/p/aleo-wall-mount-lavatory-faucet-trim-5683in-4nd?skuId=5683IN-4ND-CP,True,asset_001660
5683IN-4ND-CP,https://techcomm.kohler.com/techcomm/cad/5683IN-4ND.dxf,cad drawing,DXF,https://www.kohler.co.in/p/aleo-wall-mount-lavatory-faucet-trim-5683in-4nd?skuId=5683IN-4ND-CP,True,asset_001653
5683IN-4ND-CP,https://techcomm.kohler.com/techcomm/cad/5683IN-4ND.dwg,cad drawing,DWG,https://www.kohler.co.in/p/aleo-wall-mount-lavatory-faucet-trim-5683in-4nd?skuId=5683IN-4ND-CP,True,asset_001652
5683IN-4ND-CP,https://techcomm.kohler.com/techcomm/pdf/K-5683IN-4ND_spec_IN_Kohler_en.pdf,spec sheet,PDF,https://www.kohler.co.in/p/aleo-wall-mount-lavatory-faucet-trim-5683in-4nd?skuId=5683IN-4ND-CP,True,asset_003093
5683IN-4ND-CP,https://techcomm.kohler.com/techcomm/pdf/1637356-IN2.pdf,installation,PDF,https://www.kohler.co.in/p/aleo-wall-mount-lavatory-faucet-trim-5683in-4nd?skuId=5683IN-4ND-CP,True,asset_002877
5683IN-4ND-CP,https://techcomm.kohler.com/techcomm/pdf/1216567-IN8.pdf,parts,PDF,https://www.kohler.co.in/p/aleo-wall-mount-lavatory-faucet-trim-5683in-4nd?skuId=5683IN-4ND-CP,True,asset_002775
97358IN-4ND-CP,https://techcomm.kohler.com/techcomm/cad/97358IN-4ND.obj,3d model,OBJ,https://www.kohler.co.in/p/avid-single-control-wall-mount-lavatory-faucet-without-drain-97358in-4nd?skuId=97358IN-4ND-CP,True,asset_002333
97358IN-4ND-CP,https://techcomm.kohler.com/techcomm/cad/97358IN-4ND.skp,3d model,SKP,https://www.kohler.co.in/p/avid-single-control-wall-mount-lavatory-faucet-without-drain-97358in-4nd?skuId=97358IN-4ND-CP,True,asset_002334
97358IN-4ND-CP,https://techcomm.kohler.com/techcomm/cad/97358IN-4ND.3ds,3d model,3DS,https://www.kohler.co.in/p/avid-single-control-wall-mount-lavatory-faucet-without-drain-97358in-4nd?skuId=97358IN-4ND-CP,True,asset_002330
97358IN-4ND-CP,https://techcomm.kohler.com/techcomm/cad/Faucet-Wall_Mount-Lavatory-KOHLER-Avid-K-97358IN.rfa,3d model,RFA,https://www.kohler.co.in/p/avid-single-control-wall-mount-lavatory-faucet-without-drain-97358in-4nd?skuId=97358IN-4ND-CP,True,asset_002570
97358IN-4ND-CP,https://techcomm.kohler.com/techcomm/cad/97358in_4ndpln.dxf,cad drawing,DXF,https://www.kohler.co.in/p/avid-single-control-wall-mount-lavatory-faucet-without-drain-97358in-4nd?skuId=97358IN-4ND-CP,True,asset_002338
97358IN-4ND-CP,https://techcomm.kohler.com/techcomm/cad/97358in_4ndpln.dwg,cad drawing,DWG,https://www.kohler.co.in/p/avid-single-control-wall-mount-lavatory-faucet-without-drain-97358in-4nd?skuId=97358IN-4ND-CP,True,asset_002337
97358IN-4ND-CP,https://techcomm.kohler.com/techcomm/cad/97358in_4ndfrt.dxf,cad drawing,DXF,https://www.kohler.co.in/p/avid-single-control-wall-mount-lavatory-faucet-without-drain-97358in-4nd?skuId=97358IN-4ND-CP,True,asset_002336
97358IN-4ND-CP,https://techcomm.kohler.com/techcomm/cad/97358in_4ndfrt.dwg,cad drawing,DWG,https://www.kohler.co.in/p/avid-single-control-wall-mount-lavatory-faucet-without-drain-97358in-4nd?skuId=97358IN-4ND-CP,True,asset_002335
97358IN-4ND-CP,https://techcomm.kohler.com/techcomm/cad/97358in_4ndsde.dxf,cad drawing,DXF,https://www.kohler.co.in/p/avid-single-control-wall-mount-lavatory-faucet-without-drain-97358in-4nd?skuId=97358IN-4ND-CP,True,asset_002340
97358IN-4ND-CP,https://techcomm.kohler.com/techcomm/cad/97358in_4ndsde.dwg,cad drawing,DWG,https://www.kohler.co.in/p/avid-single-control-wall-mount-lavatory-faucet-without-drain-97358in-4nd?skuId=97358IN-4ND-CP,True,asset_002339
97358IN-4ND-CP,https://techcomm.kohler.com/techcomm/cad/97358IN-4ND.dxf,cad drawing,DXF,https://www.kohler.co.in/p/avid-single-control-wall-mount-lavatory-faucet-without-drain-97358in-4nd?skuId=97358IN-4ND-CP,True,asset_002332
97358IN-4ND-CP,https://techcomm.kohler.com/techcomm/cad/97358IN-4ND.dwg,cad drawing,DWG,https://www.kohler.co.in/p/avid-single-control-wall-mount-lavatory-faucet-without-drain-97358in-4nd?skuId=97358IN-4ND-CP,True,asset_002331
73061T-7-BV,https://techcomm.kohler.com/techcomm/cad/73061T-7.obj,3d model,OBJ,https://www.kohler.co.in/p/composed-wall-mount-lavatory-faucet-73061t-7?skuId=73061T-7-BV,True,asset_001974
73061T-7-BV,https://techcomm.kohler.com/techcomm/cad/73061T-7.skp,3d model,SKP,https://www.kohler.co.in/p/composed-wall-mount-lavatory-faucet-73061t-7?skuId=73061T-7-BV,True,asset_001975
73061T-7-BV,https://techcomm.kohler.com/techcomm/cad/73061T-7.3ds,3d model,3DS,https://www.kohler.co.in/p/composed-wall-mount-lavatory-faucet-73061t-7?skuId=73061T-7-BV,True,asset_001971
73061T-7-BV,https://techcomm.kohler.com/techcomm/cad/Faucet-Wall_Mount-Lavatory-KOHLER-COMPOSED-K-73061T.zip,3d model,RFA,https://www.kohler.co.in/p/composed-wall-mount-lavatory-faucet-73061t-7?skuId=73061T-7-BV,True,asset_002574
73061T-7-BV,https://techcomm.kohler.com/techcomm/cad/73061t_7pln.dxf,cad drawing,DXF,https://www.kohler.co.in/p/composed-wall-mount-lavatory-faucet-73061t-7?skuId=73061T-7-BV,True,asset_001985
73061T-7-BV,https://techcomm.kohler.com/techcomm/cad/73061t_7pln.dwg,cad drawing,DWG,https://www.kohler.co.in/p/composed-wall-mount-lavatory-faucet-73061t-7?skuId=73061T-7-BV,True,asset_001984
73061T-7-BV,https://techcomm.kohler.com/techcomm/cad/73061t_7frt.dxf,cad drawing,DXF,https://www.kohler.co.in/p/composed-wall-mount-lavatory-faucet-73061t-7?skuId=73061T-7-BV,True,asset_001983
73061T-7-BV,https://techcomm.kohler.com/techcomm/cad/73061t_7frt.dwg,cad drawing,DWG,https://www.kohler.co.in/p/composed-wall-mount-lavatory-faucet-73061t-7?skuId=73061T-7-BV,True,asset_001982
73061T-7-BV,https://techcomm.kohler.com/techcomm/cad/73061t_7sde.dxf,cad drawing,DXF,https://www.kohler.co.in/p/composed-wall-mount-lavatory-faucet-73061t-7?skuId=73061T-7-BV,True,asset_001987
73061T-7-BV,https://techcomm.kohler.com/techcomm/cad/73061t_7sde.dwg,cad drawing,DWG,https://www.kohler.co.in/p/composed-wall-mount-lavatory-faucet-73061t-7?skuId=73061T-7-BV,True,asset_001986
73061T-7-BV,https://techcomm.kohler.com/techcomm/cad/73061T-7.dxf,cad drawing,DXF,https://www.kohler.co.in/p/composed-wall-mount-lavatory-faucet-73061t-7?skuId=73061T-7-BV,True,asset_001973
73061T-7-BV,https://techcomm.kohler.com/techcomm/cad/73061T-7.dwg,cad drawing,DWG,https://www.kohler.co.in/p/composed-wall-mount-lavatory-faucet-73061t-7?skuId=73061T-7-BV,True,asset_001972
73061T-7-BV,https://techcomm.kohler.com/techcomm/pdf/K-73061T-7_spec_TH_Kohler_en.pdf,spec sheet,PDF,https://www.kohler.co.in/p/composed-wall-mount-lavatory-faucet-73061t-7?skuId=73061T-7-BV,True,asset_003117
73061T-7-BV,https://techcomm.kohler.com/techcomm/pdf/K-73061T-7_spec_IN_Kohler_en.pdf,spec sheet,PDF,https://www.kohler.co.in/p/composed-wall-mount-lavatory-faucet-73061t-7?skuId=73061T-7-BV,True,asset_003116
73061T-7-BV,https://techcomm.kohler.com/techcomm/pdf/1247070-2A_A1.pdf,installation,PDF,https://www.kohler.co.in/p/composed-wall-mount-lavatory-faucet-73061t-7?skuId=73061T-7-BV,True,asset_002783
25759IN-4ND-CP,https://techcomm.kohler.com/techcomm/cad/25759IN-4ND.obj,3d model,OBJ,https://www.kohler.co.in/p/modernlife-edge-wall-mount-bathroom-sink-faucet-25759in-4nd?skuId=25759IN-4ND-CP,True,asset_000752
25759IN-4ND-CP,https://techcomm.kohler.com/techcomm/cad/25759IN-4ND.skp,3d model,SKP,https://www.kohler.co.in/p/modernlife-edge-wall-mount-bathroom-sink-faucet-25759in-4nd?skuId=25759IN-4ND-CP,True,asset_000753
25759IN-4ND-CP,https://techcomm.kohler.com/techcomm/cad/25759IN-4ND.3ds,3d model,3DS,https://www.kohler.co.in/p/modernlife-edge-wall-mount-bathroom-sink-faucet-25759in-4nd?skuId=25759IN-4ND-CP,True,asset_000751
25759IN-4ND-CP,https://techcomm.kohler.com/techcomm/cad/Faucet-Wall_Mount-Lavatory-KOHLER-ModernLife_Edge-K-25759IN.rfa,3d model,RFA,https://www.kohler.co.in/p/modernlife-edge-wall-mount-bathroom-sink-faucet-25759in-4nd?skuId=25759IN-4ND-CP,True,asset_002583
25759IN-4ND-CP,https://techcomm.kohler.com/techcomm/cad/25759in_4ndpln.dxf,cad drawing,DXF,https://www.kohler.co.in/p/modernlife-edge-wall-mount-bathroom-sink-faucet-25759in-4nd?skuId=25759IN-4ND-CP,True,asset_000757
25759IN-4ND-CP,https://techcomm.kohler.com/techcomm/cad/25759in_4ndpln.dwg,cad drawing,DWG,https://www.kohler.co.in/p/modernlife-edge-wall-mount-bathroom-sink-faucet-25759in-4nd?skuId=25759IN-4ND-CP,True,asset_000756
25759IN-4ND-CP,https://techcomm.kohler.com/techcomm/cad/25759in_4ndfrt.dxf,cad drawing,DXF,https://www.kohler.co.in/p/modernlife-edge-wall-mount-bathroom-sink-faucet-25759in-4nd?skuId=25759IN-4ND-CP,True,asset_000755
25759IN-4ND-CP,https://techcomm.kohler.com/techcomm/cad/25759in_4ndfrt.dwg,cad drawing,DWG,https://www.kohler.co.in/p/modernlife-edge-wall-mount-bathroom-sink-faucet-25759in-4nd?skuId=25759IN-4ND-CP,True,asset_000754
25759IN-4ND-CP,https://techcomm.kohler.com/techcomm/cad/25759in_4ndsde.dxf,cad drawing,DXF,https://www.kohler.co.in/p/modernlife-edge-wall-mount-bathroom-sink-faucet-25759in-4nd?skuId=25759IN-4ND-CP,True,asset_000759
25759IN-4ND-CP,https://techcomm.kohler.com/techcomm/cad/25759in_4ndsde.dwg,cad drawing,DWG,https://www.kohler.co.in/p/modernlife-edge-wall-mount-bathroom-sink-faucet-25759in-4nd?skuId=25759IN-4ND-CP,True,asset_000758
25759IN-4ND-CP,https://techcomm.kohler.com/techcomm/pdf/K-25759IN-4ND_spec_IN_Kohler_en.pdf,spec sheet,PDF,https://www.kohler.co.in/p/modernlife-edge-wall-mount-bathroom-sink-faucet-25759in-4nd?skuId=25759IN-4ND-CP,True,asset_003006
25759IN-4ND-CP,https://techcomm.kohler.com/techcomm/pdf/1672150-IN2.pdf,installation,PDF,https://www.kohler.co.in/p/modernlife-edge-wall-mount-bathroom-sink-faucet-25759in-4nd?skuId=25759IN-4ND-CP,True,asset_002902
25759IN-4ND-CP,https://techcomm.kohler.com/techcomm/pdf/1672150-IN8.pdf,parts,PDF,https://www.kohler.co.in/p/modernlife-edge-wall-mount-bathroom-sink-faucet-25759in-4nd?skuId=25759IN-4ND-CP,True,asset_002903
73067T-9ACH-BV,https://techcomm.kohler.com/techcomm/cad/73067T-9ACH.obj,3d model,OBJ,https://www.kohler.co.in/p/composed-liu-guang-jing-yun-series-double-handle-wall-mounted-bathroom-sink-faucet-with-amber-gold-glazed-glass-handle-73067t-9ach?skuId=73067T-9ACH-BV,True,asset_001991
73067T-9ACH-BV,https://techcomm.kohler.com/techcomm/cad/73067T-9ACH.skp,3d model,SKP,https://www.kohler.co.in/p/composed-liu-guang-jing-yun-series-double-handle-wall-mounted-bathroom-sink-faucet-with-amber-gold-glazed-glass-handle-73067t-9ach?skuId=73067T-9ACH-BV,True,asset_001992
73067T-9ACH-BV,https://techcomm.kohler.com/techcomm/cad/73067T-9ACH.3ds,3d model,3DS,https://www.kohler.co.in/p/composed-liu-guang-jing-yun-series-double-handle-wall-mounted-bathroom-sink-faucet-with-amber-gold-glazed-glass-handle-73067t-9ach?skuId=73067T-9ACH-BV,True,asset_001988
73067T-9ACH-BV,https://techcomm.kohler.com/techcomm/cad/Faucet-Wall_Mount-Lavatory-KOHLER-COMPOSED-K-73067T.zip,3d model,RFA,https://www.kohler.co.in/p/composed-liu-guang-jing-yun-series-double-handle-wall-mounted-bathroom-sink-faucet-with-amber-gold-glazed-glass-handle-73067t-9ach?skuId=73067T-9ACH-BV,True,asset_002575
73067T-9ACH-BV,https://techcomm.kohler.com/techcomm/cad/73067t_9achpln.dxf,cad drawing,DXF,https://www.kohler.co.in/p/composed-liu-guang-jing-yun-series-double-handle-wall-mounted-bathroom-sink-faucet-with-amber-gold-glazed-glass-handle-73067t-9ach?skuId=73067T-9ACH-BV,True,asset_001996
73067T-9ACH-BV,https://techcomm.kohler.com/techcomm/cad/73067t_9achpln.dwg,cad drawing,DWG,https://www.kohler.co.in/p/composed-liu-guang-jing-yun-series-double-handle-wall-mounted-bathroom-sink-faucet-with-amber-gold-glazed-glass-handle-73067t-9ach?skuId=73067T-9ACH-BV,True,asset_001995
73067T-9ACH-BV,https://techcomm.kohler.com/techcomm/cad/73067t_9achfrt.dxf,cad drawing,DXF,https://www.kohler.co.in/p/composed-liu-guang-jing-yun-series-double-handle-wall-mounted-bathroom-sink-faucet-with-amber-gold-glazed-glass-handle-73067t-9ach?skuId=73067T-9ACH-BV,True,asset_001994
73067T-9ACH-BV,https://techcomm.kohler.com/techcomm/cad/73067t_9achfrt.dwg,cad drawing,DWG,https://www.kohler.co.in/p/composed-liu-guang-jing-yun-series-double-handle-wall-mounted-bathroom-sink-faucet-with-amber-gold-glazed-glass-handle-73067t-9ach?skuId=73067T-9ACH-BV,True,asset_001993
73067T-9ACH-BV,https://techcomm.kohler.com/techcomm/cad/73067t_9achsde.dxf,cad drawing,DXF,https://www.kohler.co.in/p/composed-liu-guang-jing-yun-series-double-handle-wall-mounted-bathroom-sink-faucet-with-amber-gold-glazed-glass-handle-73067t-9ach?skuId=73067T-9ACH-BV,True,asset_001998
73067T-9ACH-BV,https://techcomm.kohler.com/techcomm/cad/73067t_9achsde.dwg,cad drawing,DWG,https://www.kohler.co.in/p/composed-liu-guang-jing-yun-series-double-handle-wall-mounted-bathroom-sink-faucet-with-amber-gold-glazed-glass-handle-73067t-9ach?skuId=73067T-9ACH-BV,True,asset_001997
73067T-9ACH-BV,https://techcomm.kohler.com/techcomm/cad/73067T-9ACH.dxf,cad drawing,DXF,https://www.kohler.co.in/p/composed-liu-guang-jing-yun-series-double-handle-wall-mounted-bathroom-sink-faucet-with-amber-gold-glazed-glass-handle-73067t-9ach?skuId=73067T-9ACH-BV,True,asset_001990
73067T-9ACH-BV,https://techcomm.kohler.com/techcomm/cad/73067T-9ACH.dwg,cad drawing,DWG,https://www.kohler.co.in/p/composed-liu-guang-jing-yun-series-double-handle-wall-mounted-bathroom-sink-faucet-with-amber-gold-glazed-glass-handle-73067t-9ach?skuId=73067T-9ACH-BV,True,asset_001989
73067T-9ACH-BV,https://techcomm.kohler.com/techcomm/pdf/1511948185440_73067T-9ACH&9GCH_install.pdf,installation,PDF,https://www.kohler.co.in/p/composed-liu-guang-jing-yun-series-double-handle-wall-mounted-bathroom-sink-faucet-with-amber-gold-glazed-glass-handle-73067t-9ach?skuId=73067T-9ACH-BV,True,asset_002847
73061IN-4ND-CP,https://techcomm.kohler.com/techcomm/cad/73061IN-4ND.obj,3d model,OBJ,https://www.kohler.co.in/p/composed-wall-mount-bathroom-sink-faucet-8-3-lpm-73061in-4nd?skuId=73061IN-4ND-CP,True,asset_001969
73061IN-4ND-CP,https://techcomm.kohler.com/techcomm/cad/73061IN-4ND.skp,3d model,SKP,https://www.kohler.co.in/p/composed-wall-mount-bathroom-sink-faucet-8-3-lpm-73061in-4nd?skuId=73061IN-4ND-CP,True,asset_001970
73061IN-4ND-CP,https://techcomm.kohler.com/techcomm/cad/73061IN-4ND.3ds,3d model,3DS,https://www.kohler.co.in/p/composed-wall-mount-bathroom-sink-faucet-8-3-lpm-73061in-4nd?skuId=73061IN-4ND-CP,True,asset_001968
73061IN-4ND-CP,https://techcomm.kohler.com/techcomm/cad/Faucet-Wall_Mount-Lavatory-KOHLER-Composed-K-73061IN.rfa,3d model,RFA,https://www.kohler.co.in/p/composed-wall-mount-bathroom-sink-faucet-8-3-lpm-73061in-4nd?skuId=73061IN-4ND-CP,True,asset_002576
73061IN-4ND-CP,https://techcomm.kohler.com/techcomm/cad/73061in_4ndpln.dxf,cad drawing,DXF,https://www.kohler.co.in/p/composed-wall-mount-bathroom-sink-faucet-8-3-lpm-73061in-4nd?skuId=73061IN-4ND-CP,True,asset_001979
73061IN-4ND-CP,https://techcomm.kohler.com/techcomm/cad/73061in_4ndpln.dwg,cad drawing,DWG,https://www.kohler.co.in/p/composed-wall-mount-bathroom-sink-faucet-8-3-lpm-73061in-4nd?skuId=73061IN-4ND-CP,True,asset_001978
73061IN-4ND-CP,https://techcomm.kohler.com/techcomm/cad/73061in_4ndfrt.dxf,cad drawing,DXF,https://www.kohler.co.in/p/composed-wall-mount-bathroom-sink-faucet-8-3-lpm-73061in-4nd?skuId=73061IN-4ND-CP,True,asset_001977
73061IN-4ND-CP,https://techcomm.kohler.com/techcomm/cad/73061in_4ndfrt.dwg,cad drawing,DWG,https://www.kohler.co.in/p/composed-wall-mount-bathroom-sink-faucet-8-3-lpm-73061in-4nd?skuId=73061IN-4ND-CP,True,asset_001976
73061IN-4ND-CP,https://techcomm.kohler.com/techcomm/cad/73061in_4ndsde.dxf,cad drawing,DXF,https://www.kohler.co.in/p/composed-wall-mount-bathroom-sink-faucet-8-3-lpm-73061in-4nd?skuId=73061IN-4ND-CP,True,asset_001981
73061IN-4ND-CP,https://techcomm.kohler.com/techcomm/cad/73061in_4ndsde.dwg,cad drawing,DWG,https://www.kohler.co.in/p/composed-wall-mount-bathroom-sink-faucet-8-3-lpm-73061in-4nd?skuId=73061IN-4ND-CP,True,asset_001980
73061IN-4ND-CP,https://techcomm.kohler.com/techcomm/pdf/K-73061IN-4ND_spec_IN_Kohler_en.pdf,spec sheet,PDF,https://www.kohler.co.in/p/composed-wall-mount-bathroom-sink-faucet-8-3-lpm-73061in-4nd?skuId=73061IN-4ND-CP,True,asset_003115
5680IN-4ND-CP,https://techcomm.kohler.com/techcomm/cad/5680IN-4ND.obj,3d model,OBJ,https://www.kohler.co.in/p/july-wall-mount-lavatory-faucet-trim-in-polished-chrome-5680in-4nd?skuId=5680IN-4ND-CP,True,asset_001643
5680IN-4ND-CP,https://techcomm.kohler.com/techcomm/cad/5680IN-4ND.skp,3d model,SKP,https://www.kohler.co.in/p/july-wall-mount-lavatory-faucet-trim-in-polished-chrome-5680in-4nd?skuId=5680IN-4ND-CP,True,asset_001644
5680IN-4ND-CP,https://techcomm.kohler.com/techcomm/cad/5680IN-4ND.3ds,3d model,3DS,https://www.kohler.co.in/p/july-wall-mount-lavatory-faucet-trim-in-polished-chrome-5680in-4nd?skuId=5680IN-4ND-CP,True,asset_001640
5680IN-4ND-CP,https://techcomm.kohler.com/techcomm/cad/Faucet-Wall_Mount-Lavatory-KOHLER-July-K-5680IN.rfa,3d model,RFA,https://www.kohler.co.in/p/july-wall-mount-lavatory-faucet-trim-in-polished-chrome-5680in-4nd?skuId=5680IN-4ND-CP,True,asset_002582
5680IN-4ND-CP,https://techcomm.kohler.com/techcomm/cad/5680in_4ndpln.dxf,cad drawing,DXF,https://www.kohler.co.in/p/july-wall-mount-lavatory-faucet-trim-in-polished-chrome-5680in-4nd?skuId=5680IN-4ND-CP,True,asset_001648
5680IN-4ND-CP,https://techcomm.kohler.com/techcomm/cad/5680in_4ndpln.dwg,cad drawing,DWG,https://www.kohler.co.in/p/july-wall-mount-lavatory-faucet-trim-in-polished-chrome-5680in-4nd?skuId=5680IN-4ND-CP,True,asset_001647
5680IN-4ND-CP,https://techcomm.kohler.com/techcomm/cad/5680in_4ndfrt.dxf,cad drawing,DXF,https://www.kohler.co.in/p/july-wall-mount-lavatory-faucet-trim-in-polished-chrome-5680in-4nd?skuId=5680IN-4ND-CP,True,asset_001646
5680IN-4ND-CP,https://techcomm.kohler.com/techcomm/cad/5680in_4ndfrt.dwg,cad drawing,DWG,https://www.kohler.co.in/p/july-wall-mount-lavatory-faucet-trim-in-polished-chrome-5680in-4nd?skuId=5680IN-4ND-CP,True,asset_001645
5680IN-4ND-CP,https://techcomm.kohler.com/techcomm/cad/5680in_4ndsde.dxf,cad drawing,DXF,https://www.kohler.co.in/p/july-wall-mount-lavatory-faucet-trim-in-polished-chrome-5680in-4nd?skuId=5680IN-4ND-CP,True,asset_001650
5680IN-4ND-CP,https://techcomm.kohler.com/techcomm/cad/5680in_4ndsde.dwg,cad drawing,DWG,https://www.kohler.co.in/p/july-wall-mount-lavatory-faucet-trim-in-polished-chrome-5680in-4nd?skuId=5680IN-4ND-CP,True,asset_001649
5680IN-4ND-CP,https://techcomm.kohler.com/techcomm/cad/5680IN-4ND.dxf,cad drawing,DXF,https://www.kohler.co.in/p/july-wall-mount-lavatory-faucet-trim-in-polished-chrome-5680in-4nd?skuId=5680IN-4ND-CP,True,asset_001642
5680IN-4ND-CP,https://techcomm.kohler.com/techcomm/cad/5680IN-4ND.dwg,cad drawing,DWG,https://www.kohler.co.in/p/july-wall-mount-lavatory-faucet-trim-in-polished-chrome-5680in-4nd?skuId=5680IN-4ND-CP,True,asset_001641
5680IN-4ND-CP,https://techcomm.kohler.com/techcomm/pdf/K-5680IN-4ND_spec_IN_Kohler_en.pdf,spec sheet,PDF,https://www.kohler.co.in/p/july-wall-mount-lavatory-faucet-trim-in-polished-chrome-5680in-4nd?skuId=5680IN-4ND-CP,True,asset_003092
99876IN-4ND-CP,https://techcomm.kohler.com/techcomm/cad/99876IN-4ND.obj,3d model,OBJ,https://www.kohler.co.in/p/beitou-wall-mount-lavatory-facuet-99876in-4nd?skuId=99876IN-4ND-CP,True,asset_002465
99876IN-4ND-CP,https://techcomm.kohler.com/techcomm/cad/99876IN-4ND.skp,3d model,SKP,https://www.kohler.co.in/p/beitou-wall-mount-lavatory-facuet-99876in-4nd?skuId=99876IN-4ND-CP,True,asset_002466
99876IN-4ND-CP,https://techcomm.kohler.com/techcomm/cad/99876IN-4ND.3ds,3d model,3DS,https://www.kohler.co.in/p/beitou-wall-mount-lavatory-facuet-99876in-4nd?skuId=99876IN-4ND-CP,True,asset_002462
99876IN-4ND-CP,https://techcomm.kohler.com/techcomm/cad/Faucet-Wall_Mount-Lavatory-KOHLER-Beitou-K-99876IN.rfa,3d model,RFA,https://www.kohler.co.in/p/beitou-wall-mount-lavatory-facuet-99876in-4nd?skuId=99876IN-4ND-CP,True,asset_002573
99876IN-4ND-CP,https://techcomm.kohler.com/techcomm/cad/99876in_4ndpln.dxf,cad drawing,DXF,https://www.kohler.co.in/p/beitou-wall-mount-lavatory-facuet-99876in-4nd?skuId=99876IN-4ND-CP,True,asset_002470
99876IN-4ND-CP,https://techcomm.kohler.com/techcomm/cad/99876in_4ndpln.dwg,cad drawing,DWG,https://www.kohler.co.in/p/beitou-wall-mount-lavatory-facuet-99876in-4nd?skuId=99876IN-4ND-CP,True,asset_002469
99876IN-4ND-CP,https://techcomm.kohler.com/techcomm/cad/99876in_4ndfrt.dxf,cad drawing,DXF,https://www.kohler.co.in/p/beitou-wall-mount-lavatory-facuet-99876in-4nd?skuId=99876IN-4ND-CP,True,asset_002468
99876IN-4ND-CP,https://techcomm.kohler.com/techcomm/cad/99876in_4ndfrt.dwg,cad drawing,DWG,https://www.kohler.co.in/p/beitou-wall-mount-lavatory-facuet-99876in-4nd?skuId=99876IN-4ND-CP,True,asset_002467
99876IN-4ND-CP,https://techcomm.kohler.com/techcomm/cad/99876in_4ndsde.dxf,cad drawing,DXF,https://www.kohler.co.in/p/beitou-wall-mount-lavatory-facuet-99876in-4nd?skuId=99876IN-4ND-CP,True,asset_002472
99876IN-4ND-CP,https://techcomm.kohler.com/techcomm/cad/99876in_4ndsde.dwg,cad drawing,DWG,https://www.kohler.co.in/p/beitou-wall-mount-lavatory-facuet-99876in-4nd?skuId=99876IN-4ND-CP,True,asset_002471
99876IN-4ND-CP,https://techcomm.kohler.com/techcomm/cad/99876IN-4ND.dxf,cad drawing,DXF,https://www.kohler.co.in/p/beitou-wall-mount-lavatory-facuet-99876in-4nd?skuId=99876IN-4ND-CP,True,asset_002464
99876IN-4ND-CP,https://techcomm.kohler.com/techcomm/cad/99876IN-4ND.dwg,cad drawing,DWG,https://www.kohler.co.in/p/beitou-wall-mount-lavatory-facuet-99876in-4nd?skuId=99876IN-4ND-CP,True,asset_002463
21969IN-4ND-BV,https://techcomm.kohler.com/techcomm/cad/21969IN-4ND.obj,3d model,OBJ,https://www.kohler.co.in/p/aleo-wall-mount-bathroom-sink-faucet-with-lever-handle-40-9-lpm-21969in-4nd?skuId=21969IN-4ND-BV,True,asset_000467
21969IN-4ND-BV,https://techcomm.kohler.com/techcomm/cad/21969IN-4ND.skp,3d model,SKP,https://www.kohler.co.in/p/aleo-wall-mount-bathroom-sink-faucet-with-lever-handle-40-9-lpm-21969in-4nd?skuId=21969IN-4ND-BV,True,asset_000468
21969IN-4ND-BV,https://techcomm.kohler.com/techcomm/cad/21969IN-4ND.3ds,3d model,3DS,https://www.kohler.co.in/p/aleo-wall-mount-bathroom-sink-faucet-with-lever-handle-40-9-lpm-21969in-4nd?skuId=21969IN-4ND-BV,True,asset_000464
21969IN-4ND-BV,https://techcomm.kohler.com/techcomm/cad/Faucet-Wall_Mount-Lavatory-KOHLER-Aleo-K-21969IN.rfa,3d model,RFA,https://www.kohler.co.in/p/aleo-wall-mount-bathroom-sink-faucet-with-lever-handle-40-9-lpm-21969in-4nd?skuId=21969IN-4ND-BV,True,asset_002567
21969IN-4ND-BV,https://techcomm.kohler.com/techcomm/cad/21969in_4ndpln.dxf,cad drawing,DXF,https://www.kohler.co.in/p/aleo-wall-mount-bathroom-sink-faucet-with-lever-handle-40-9-lpm-21969in-4nd?skuId=21969IN-4ND-BV,True,asset_000472
21969IN-4ND-BV,https://techcomm.kohler.com/techcomm/cad/21969in_4ndpln.dwg,cad drawing,DWG,https://www.kohler.co.in/p/aleo-wall-mount-bathroom-sink-faucet-with-lever-handle-40-9-lpm-21969in-4nd?skuId=21969IN-4ND-BV,True,asset_000471
21969IN-4ND-BV,https://techcomm.kohler.com/techcomm/cad/21969in_4ndfrt.dxf,cad drawing,DXF,https://www.kohler.co.in/p/aleo-wall-mount-bathroom-sink-faucet-with-lever-handle-40-9-lpm-21969in-4nd?skuId=21969IN-4ND-BV,True,asset_000470
21969IN-4ND-BV,https://techcomm.kohler.com/techcomm/cad/21969in_4ndfrt.dwg,cad drawing,DWG,https://www.kohler.co.in/p/aleo-wall-mount-bathroom-sink-faucet-with-lever-handle-40-9-lpm-21969in-4nd?skuId=21969IN-4ND-BV,True,asset_000469
21969IN-4ND-BV,https://techcomm.kohler.com/techcomm/cad/21969in_4ndsde.dxf,cad drawing,DXF,https://www.kohler.co.in/p/aleo-wall-mount-bathroom-sink-faucet-with-lever-handle-40-9-lpm-21969in-4nd?skuId=21969IN-4ND-BV,True,asset_000474
21969IN-4ND-BV,https://techcomm.kohler.com/techcomm/cad/21969in_4ndsde.dwg,cad drawing,DWG,https://www.kohler.co.in/p/aleo-wall-mount-bathroom-sink-faucet-with-lever-handle-40-9-lpm-21969in-4nd?skuId=21969IN-4ND-BV,True,asset_000473
21969IN-4ND-BV,https://techcomm.kohler.com/techcomm/cad/21969IN-4ND.dxf,cad drawing,DXF,https://www.kohler.co.in/p/aleo-wall-mount-bathroom-sink-faucet-with-lever-handle-40-9-lpm-21969in-4nd?skuId=21969IN-4ND-BV,True,asset_000466
21969IN-4ND-BV,https://techcomm.kohler.com/techcomm/cad/21969IN-4ND.dwg,cad drawing,DWG,https://www.kohler.co.in/p/aleo-wall-mount-bathroom-sink-faucet-with-lever-handle-40-9-lpm-21969in-4nd?skuId=21969IN-4ND-BV,True,asset_000465
21969IN-4ND-BV,https://techcomm.kohler.com/techcomm/pdf/K-21969IN-4ND_spec_IN_Kohler_en.pdf,spec sheet,PDF,https://www.kohler.co.in/p/aleo-wall-mount-bathroom-sink-faucet-with-lever-handle-40-9-lpm-21969in-4nd?skuId=21969IN-4ND-BV,True,asset_002975
34076IN-4ND-CP,https://techcomm.kohler.com/techcomm/cad/34076IN-4ND.obj,3d model,OBJ,https://www.kohler.co.in/p/apt-curv-wall-mount-bathroom-sink-faucet-12-5-lpm-34076in-4nd?skuId=34076IN-4ND-CP,True,asset_001467
34076IN-4ND-CP,https://techcomm.kohler.com/techcomm/cad/34076IN-4ND.skp,3d model,SKP,https://www.kohler.co.in/p/apt-curv-wall-mount-bathroom-sink-faucet-12-5-lpm-34076in-4nd?skuId=34076IN-4ND-CP,True,asset_001468
34076IN-4ND-CP,https://techcomm.kohler.com/techcomm/cad/34076IN-4ND.3ds,3d model,3DS,https://www.kohler.co.in/p/apt-curv-wall-mount-bathroom-sink-faucet-12-5-lpm-34076in-4nd?skuId=34076IN-4ND-CP,True,asset_001464
34076IN-4ND-CP,https://techcomm.kohler.com/techcomm/cad/Faucet-Wall_Mount-Lavatory-KOHLER-APT-K-34076IN.rfa,3d model,RFA,https://www.kohler.co.in/p/apt-curv-wall-mount-bathroom-sink-faucet-12-5-lpm-34076in-4nd?skuId=34076IN-4ND-CP,True,asset_002564
34076IN-4ND-CP,https://techcomm.kohler.com/techcomm/cad/34076in_4ndpln.dxf,cad drawing,DXF,https://www.kohler.co.in/p/apt-curv-wall-mount-bathroom-sink-faucet-12-5-lpm-34076in-4nd?skuId=34076IN-4ND-CP,True,asset_001472
34076IN-4ND-CP,https://techcomm.kohler.com/techcomm/cad/34076in_4ndpln.dwg,cad drawing,DWG,https://www.kohler.co.in/p/apt-curv-wall-mount-bathroom-sink-faucet-12-5-lpm-34076in-4nd?skuId=34076IN-4ND-CP,True,asset_001471
34076IN-4ND-CP,https://techcomm.kohler.com/techcomm/cad/34076in_4ndfrt.dxf,cad drawing,DXF,https://www.kohler.co.in/p/apt-curv-wall-mount-bathroom-sink-faucet-12-5-lpm-34076in-4nd?skuId=34076IN-4ND-CP,True,asset_001470
34076IN-4ND-CP,https://techcomm.kohler.com/techcomm/cad/34076in_4ndfrt.dwg,cad drawing,DWG,https://www.kohler.co.in/p/apt-curv-wall-mount-bathroom-sink-faucet-12-5-lpm-34076in-4nd?skuId=34076IN-4ND-CP,True,asset_001469
34076IN-4ND-CP,https://techcomm.kohler.com/techcomm/cad/34076in_4ndsde.dxf,cad drawing,DXF,https://www.kohler.co.in/p/apt-curv-wall-mount-bathroom-sink-faucet-12-5-lpm-34076in-4nd?skuId=34076IN-4ND-CP,True,asset_001474
34076IN-4ND-CP,https://techcomm.kohler.com/techcomm/cad/34076in_4ndsde.dwg,cad drawing,DWG,https://www.kohler.co.in/p/apt-curv-wall-mount-bathroom-sink-faucet-12-5-lpm-34076in-4nd?skuId=34076IN-4ND-CP,True,asset_001473
34076IN-4ND-CP,https://techcomm.kohler.com/techcomm/cad/34076IN-4ND.dxf,cad drawing,DXF,https://www.kohler.co.in/p/apt-curv-wall-mount-bathroom-sink-faucet-12-5-lpm-34076in-4nd?skuId=34076IN-4ND-CP,True,asset_001466
34076IN-4ND-CP,https://techcomm.kohler.com/techcomm/cad/34076IN-4ND.dwg,cad drawing,DWG,https://www.kohler.co.in/p/apt-curv-wall-mount-bathroom-sink-faucet-12-5-lpm-34076in-4nd?skuId=34076IN-4ND-CP,True,asset_001465
34076IN-4ND-CP,https://techcomm.kohler.com/techcomm/pdf/K-34076IN-4ND_spec_IN_Kohler_en.pdf,spec sheet,PDF,https://www.kohler.co.in/p/apt-curv-wall-mount-bathroom-sink-faucet-12-5-lpm-34076in-4nd?skuId=34076IN-4ND-CP,True,asset_003077
34076IN-4ND-CP,https://techcomm.kohler.com/techcomm/pdf/1602897-IN2.pdf,installation,PDF,https://www.kohler.co.in/p/apt-curv-wall-mount-bathroom-sink-faucet-12-5-lpm-34076in-4nd?skuId=34076IN-4ND-CP,True,asset_002865
34076IN-4ND-CP,https://techcomm.kohler.com/techcomm/pdf/1602898-IN2.pdf,installation,PDF,https://www.kohler.co.in/p/apt-curv-wall-mount-bathroom-sink-faucet-12-5-lpm-34076in-4nd?skuId=34076IN-4ND-CP,True,asset_002866
29199IN-4ND-RGD,https://techcomm.kohler.com/techcomm/cad/29199IN-4ND.obj,3d model,OBJ,https://www.kohler.co.in/p/modernlife-edge-wm-lav-faucet-trim-valve-29199in-4nd?skuId=29199IN-4ND-RGD,True,asset_001244
29199IN-4ND-RGD,https://techcomm.kohler.com/techcomm/cad/29199IN-4ND.skp,3d model,SKP,https://www.kohler.co.in/p/modernlife-edge-wm-lav-faucet-trim-valve-29199in-4nd?skuId=29199IN-4ND-RGD,True,asset_001245
29199IN-4ND-RGD,https://techcomm.kohler.com/techcomm/cad/29199IN-4ND.3ds,3d model,3DS,https://www.kohler.co.in/p/modernlife-edge-wm-lav-faucet-trim-valve-29199in-4nd?skuId=29199IN-4ND-RGD,True,asset_001241
29199IN-4ND-RGD,https://techcomm.kohler.com/techcomm/cad/29199in_4ndpln.dxf,cad drawing,DXF,https://www.kohler.co.in/p/modernlife-edge-wm-lav-faucet-trim-valve-29199in-4nd?skuId=29199IN-4ND-RGD,True,asset_001254
29199IN-4ND-RGD,https://techcomm.kohler.com/techcomm/cad/29199in_4ndpln.dwg,cad drawing,DWG,https://www.kohler.co.in/p/modernlife-edge-wm-lav-faucet-trim-valve-29199in-4nd?skuId=29199IN-4ND-RGD,True,asset_001253
29199IN-4ND-RGD,https://techcomm.kohler.com/techcomm/cad/29199in_4ndfrt.dxf,cad drawing,DXF,https://www.kohler.co.in/p/modernlife-edge-wm-lav-faucet-trim-valve-29199in-4nd?skuId=29199IN-4ND-RGD,True,asset_001252
29199IN-4ND-RGD,https://techcomm.kohler.com/techcomm/cad/29199in_4ndfrt.dwg,cad drawing,DWG,https://www.kohler.co.in/p/modernlife-edge-wm-lav-faucet-trim-valve-29199in-4nd?skuId=29199IN-4ND-RGD,True,asset_001251
29199IN-4ND-RGD,https://techcomm.kohler.com/techcomm/cad/29199in_4ndsde.dxf,cad drawing,DXF,https://www.kohler.co.in/p/modernlife-edge-wm-lav-faucet-trim-valve-29199in-4nd?skuId=29199IN-4ND-RGD,True,asset_001256
29199IN-4ND-RGD,https://techcomm.kohler.com/techcomm/cad/29199in_4ndsde.dwg,cad drawing,DWG,https://www.kohler.co.in/p/modernlife-edge-wm-lav-faucet-trim-valve-29199in-4nd?skuId=29199IN-4ND-RGD,True,asset_001255
29199IN-4ND-RGD,https://techcomm.kohler.com/techcomm/cad/29199IN-4ND.dxf,cad drawing,DXF,https://www.kohler.co.in/p/modernlife-edge-wm-lav-faucet-trim-valve-29199in-4nd?skuId=29199IN-4ND-RGD,True,asset_001243
29199IN-4ND-RGD,https://techcomm.kohler.com/techcomm/cad/29199IN-4ND.dwg,cad drawing,DWG,https://www.kohler.co.in/p/modernlife-edge-wm-lav-faucet-trim-valve-29199in-4nd?skuId=29199IN-4ND-RGD,True,asset_001242
29199IN-4ND-RGD,https://techcomm.kohler.com/techcomm/pdf/K-29199IN-4ND_spec_IN_Kohler_en.pdf,spec sheet,PDF,https://www.kohler.co.in/p/modernlife-edge-wm-lav-faucet-trim-valve-29199in-4nd?skuId=29199IN-4ND-RGD,True,asset_003059
29199IN-ECH-RGD,https://techcomm.kohler.com/techcomm/cad/29199IN-ECH.obj,3d model,OBJ,https://www.kohler.co.in/p/modernlife-edge-wall-mount-bathroom-sink-faucet-with-decorative-handle-7-6-lpm-29199in-ech?skuId=29199IN-ECH-RGD,True,asset_001249
29199IN-ECH-RGD,https://techcomm.kohler.com/techcomm/cad/29199IN-ECH.skp,3d model,SKP,https://www.kohler.co.in/p/modernlife-edge-wall-mount-bathroom-sink-faucet-with-decorative-handle-7-6-lpm-29199in-ech?skuId=29199IN-ECH-RGD,True,asset_001250
29199IN-ECH-RGD,https://techcomm.kohler.com/techcomm/cad/29199IN-ECH.3ds,3d model,3DS,https://www.kohler.co.in/p/modernlife-edge-wall-mount-bathroom-sink-faucet-with-decorative-handle-7-6-lpm-29199in-ech?skuId=29199IN-ECH-RGD,True,asset_001246
29199IN-ECH-RGD,https://techcomm.kohler.com/techcomm/cad/Faucet-Wall_Mount-Lavatory-KOHLER-Modernlife_Edge-K-29199IN.rfa,3d model,RFA,https://www.kohler.co.in/p/modernlife-edge-wall-mount-bathroom-sink-faucet-with-decorative-handle-7-6-lpm-29199in-ech?skuId=29199IN-ECH-RGD,True,asset_002584
29199IN-ECH-RGD,https://techcomm.kohler.com/techcomm/cad/29199in_echpln.dxf,cad drawing,DXF,https://www.kohler.co.in/p/modernlife-edge-wall-mount-bathroom-sink-faucet-with-decorative-handle-7-6-lpm-29199in-ech?skuId=29199IN-ECH-RGD,True,asset_001260
29199IN-ECH-RGD,https://techcomm.kohler.com/techcomm/cad/29199in_echpln.dwg,cad drawing,DWG,https://www.kohler.co.in/p/modernlife-edge-wall-mount-bathroom-sink-faucet-with-decorative-handle-7-6-lpm-29199in-ech?skuId=29199IN-ECH-RGD,True,asset_001259
29199IN-ECH-RGD,https://techcomm.kohler.com/techcomm/cad/29199in_echfrt.dxf,cad drawing,DXF,https://www.kohler.co.in/p/modernlife-edge-wall-mount-bathroom-sink-faucet-with-decorative-handle-7-6-lpm-29199in-ech?skuId=29199IN-ECH-RGD,True,asset_001258
29199IN-ECH-RGD,https://techcomm.kohler.com/techcomm/cad/29199in_echfrt.dwg,cad drawing,DWG,https://www.kohler.co.in/p/modernlife-edge-wall-mount-bathroom-sink-faucet-with-decorative-handle-7-6-lpm-29199in-ech?skuId=29199IN-ECH-RGD,True,asset_001257
29199IN-ECH-RGD,https://techcomm.kohler.com/techcomm/cad/29199in_echsde.dxf,cad drawing,DXF,https://www.kohler.co.in/p/modernlife-edge-wall-mount-bathroom-sink-faucet-with-decorative-handle-7-6-lpm-29199in-ech?skuId=29199IN-ECH-RGD,True,asset_001262
29199IN-ECH-RGD,https://techcomm.kohler.com/techcomm/cad/29199in_echsde.dwg,cad drawing,DWG,https://www.kohler.co.in/p/modernlife-edge-wall-mount-bathroom-sink-faucet-with-decorative-handle-7-6-lpm-29199in-ech?skuId=29199IN-ECH-RGD,True,asset_001261
29199IN-ECH-RGD,https://techcomm.kohler.com/techcomm/cad/29199IN-ECH.dxf,cad drawing,DXF,https://www.kohler.co.in/p/modernlife-edge-wall-mount-bathroom-sink-faucet-with-decorative-handle-7-6-lpm-29199in-ech?skuId=29199IN-ECH-RGD,True,asset_001248
29199IN-ECH-RGD,https://techcomm.kohler.com/techcomm/cad/29199IN-ECH.dwg,cad drawing,DWG,https://www.kohler.co.in/p/modernlife-edge-wall-mount-bathroom-sink-faucet-with-decorative-handle-7-6-lpm-29199in-ech?skuId=29199IN-ECH-RGD,True,asset_001247
29199IN-ECH-RGD,https://techcomm.kohler.com/techcomm/pdf/K-29199IN-ECH_spec_IN_Kohler_en.pdf,spec sheet,PDF,https://www.kohler.co.in/p/modernlife-edge-wall-mount-bathroom-sink-faucet-with-decorative-handle-7-6-lpm-29199in-ech?skuId=29199IN-ECH-RGD,True,asset_003060
EX27102T-4-2MB,https://techcomm.kohler.com/techcomm/cad/EX27102T-4.obj,3d model,OBJ,https://www.kohler.co.in/p/occasion-wall-mount-single-handle-bathroom-sink-faucet-8-3-lpm-ex27102t-4?skuId=EX27102T-4-2MB,True,asset_002497
EX27102T-4-2MB,https://techcomm.kohler.com/techcomm/cad/EX27102T-4.skp,3d model,SKP,https://www.kohler.co.in/p/occasion-wall-mount-single-handle-bathroom-sink-faucet-8-3-lpm-ex27102t-4?skuId=EX27102T-4-2MB,True,asset_002498
EX27102T-4-2MB,https://techcomm.kohler.com/techcomm/cad/EX27102T-4.3ds,3d model,3DS,https://www.kohler.co.in/p/occasion-wall-mount-single-handle-bathroom-sink-faucet-8-3-lpm-ex27102t-4?skuId=EX27102T-4-2MB,True,asset_002494
EX27102T-4-2MB,https://techcomm.kohler.com/techcomm/cad/Faucet-Wall_Mount-Lavatory-KOHLER-OCCASION-K-EX27102T.zip,3d model,RFA,https://www.kohler.co.in/p/occasion-wall-mount-single-handle-bathroom-sink-faucet-8-3-lpm-ex27102t-4?skuId=EX27102T-4-2MB,True,asset_002585
EX27102T-4-2MB,https://techcomm.kohler.com/techcomm/cad/ex27102t_4pln.dxf,cad drawing,DXF,https://www.kohler.co.in/p/occasion-wall-mount-single-handle-bathroom-sink-faucet-8-3-lpm-ex27102t-4?skuId=EX27102T-4-2MB,True,asset_002739
EX27102T-4-2MB,https://techcomm.kohler.com/techcomm/cad/ex27102t_4pln.dwg,cad drawing,DWG,https://www.kohler.co.in/p/occasion-wall-mount-single-handle-bathroom-sink-faucet-8-3-lpm-ex27102t-4?skuId=EX27102T-4-2MB,True,asset_002738
EX27102T-4-2MB,https://techcomm.kohler.com/techcomm/cad/ex27102t_4frt.dxf,cad drawing,DXF,https://www.kohler.co.in/p/occasion-wall-mount-single-handle-bathroom-sink-faucet-8-3-lpm-ex27102t-4?skuId=EX27102T-4-2MB,True,asset_002737
EX27102T-4-2MB,https://techcomm.kohler.com/techcomm/cad/ex27102t_4frt.dwg,cad drawing,DWG,https://www.kohler.co.in/p/occasion-wall-mount-single-handle-bathroom-sink-faucet-8-3-lpm-ex27102t-4?skuId=EX27102T-4-2MB,True,asset_002736
EX27102T-4-2MB,https://techcomm.kohler.com/techcomm/cad/ex27102t_4sde.dxf,cad drawing,DXF,https://www.kohler.co.in/p/occasion-wall-mount-single-handle-bathroom-sink-faucet-8-3-lpm-ex27102t-4?skuId=EX27102T-4-2MB,True,asset_002741
EX27102T-4-2MB,https://techcomm.kohler.com/techcomm/cad/ex27102t_4sde.dwg,cad drawing,DWG,https://www.kohler.co.in/p/occasion-wall-mount-single-handle-bathroom-sink-faucet-8-3-lpm-ex27102t-4?skuId=EX27102T-4-2MB,True,asset_002740
EX27102T-4-2MB,https://techcomm.kohler.com/techcomm/cad/EX27102T-4.dxf,cad drawing,DXF,https://www.kohler.co.in/p/occasion-wall-mount-single-handle-bathroom-sink-faucet-8-3-lpm-ex27102t-4?skuId=EX27102T-4-2MB,True,asset_002496
EX27102T-4-2MB,https://techcomm.kohler.com/techcomm/cad/EX27102T-4.dwg,cad drawing,DWG,https://www.kohler.co.in/p/occasion-wall-mount-single-handle-bathroom-sink-faucet-8-3-lpm-ex27102t-4?skuId=EX27102T-4-2MB,True,asset_002495
EX27102T-4-2MB,https://techcomm.kohler.com/techcomm/pdf/K-EX27102T-4_spec_CN_Kohler_en.pdf,spec sheet,PDF,https://www.kohler.co.in/p/occasion-wall-mount-single-handle-bathroom-sink-faucet-8-3-lpm-ex27102t-4?skuId=EX27102T-4-2MB,True,asset_003164
EX27102T-4-2MB,https://techcomm.kohler.com/techcomm/pdf/K-EX27102T-4_spec_IN_Kohler_en.pdf,spec sheet,PDF,https://www.kohler.co.in/p/occasion-wall-mount-single-handle-bathroom-sink-faucet-8-3-lpm-ex27102t-4?skuId=EX27102T-4-2MB,True,asset_003165
EX27102T-4-2MB,https://techcomm.kohler.com/techcomm/pdf/1425622-2-C(EX27102T-4).pdf,installation,PDF,https://www.kohler.co.in/p/occasion-wall-mount-single-handle-bathroom-sink-faucet-8-3-lpm-ex27102t-4?skuId=EX27102T-4-2MB,True,asset_002806
25148IN-4ND-CP,https://techcomm.kohler.com/techcomm/cad/25148IN-4ND.obj,3d model,OBJ,https://www.kohler.co.in/p/beam-wall-mount-cold-only-trim-without-drain-25148in-4nd?skuId=25148IN-4ND-CP,True,asset_000692
25148IN-4ND-CP,https://techcomm.kohler.com/techcomm/cad/25148IN-4ND.skp,3d model,SKP,https://www.kohler.co.in/p/beam-wall-mount-cold-only-trim-without-drain-25148in-4nd?skuId=25148IN-4ND-CP,True,asset_000693
25148IN-4ND-CP,https://techcomm.kohler.com/techcomm/cad/25148IN-4ND.3ds,3d model,3DS,https://www.kohler.co.in/p/beam-wall-mount-cold-only-trim-without-drain-25148in-4nd?skuId=25148IN-4ND-CP,True,asset_000689
25148IN-4ND-CP,https://techcomm.kohler.com/techcomm/cad/Faucet-Wall_Mount-Lavatory-KOHLER-Beam-K-25148IN.rfa,3d model,RFA,https://www.kohler.co.in/p/beam-wall-mount-cold-only-trim-without-drain-25148in-4nd?skuId=25148IN-4ND-CP,True,asset_002571
25148IN-4ND-CP,https://techcomm.kohler.com/techcomm/cad/25148in_4ndpln.dxf,cad drawing,DXF,https://www.kohler.co.in/p/beam-wall-mount-cold-only-trim-without-drain-25148in-4nd?skuId=25148IN-4ND-CP,True,asset_000697
25148IN-4ND-CP,https://techcomm.kohler.com/techcomm/cad/25148in_4ndpln.dwg,cad drawing,DWG,https://www.kohler.co.in/p/beam-wall-mount-cold-only-trim-without-drain-25148in-4nd?skuId=25148IN-4ND-CP,True,asset_000696
25148IN-4ND-CP,https://techcomm.kohler.com/techcomm/cad/25148in_4ndfrt.dxf,cad drawing,DXF,https://www.kohler.co.in/p/beam-wall-mount-cold-only-trim-without-drain-25148in-4nd?skuId=25148IN-4ND-CP,True,asset_000695
25148IN-4ND-CP,https://techcomm.kohler.com/techcomm/cad/25148in_4ndfrt.dwg,cad drawing,DWG,https://www.kohler.co.in/p/beam-wall-mount-cold-only-trim-without-drain-25148in-4nd?skuId=25148IN-4ND-CP,True,asset_000694
25148IN-4ND-CP,https://techcomm.kohler.com/techcomm/cad/25148in_4ndsde.dxf,cad drawing,DXF,https://www.kohler.co.in/p/beam-wall-mount-cold-only-trim-without-drain-25148in-4nd?skuId=25148IN-4ND-CP,True,asset_000699
25148IN-4ND-CP,https://techcomm.kohler.com/techcomm/cad/25148in_4ndsde.dwg,cad drawing,DWG,https://www.kohler.co.in/p/beam-wall-mount-cold-only-trim-without-drain-25148in-4nd?skuId=25148IN-4ND-CP,True,asset_000698
25148IN-4ND-CP,https://techcomm.kohler.com/techcomm/cad/25148IN-4ND.dxf,cad drawing,DXF,https://www.kohler.co.in/p/beam-wall-mount-cold-only-trim-without-drain-25148in-4nd?skuId=25148IN-4ND-CP,True,asset_000691
25148IN-4ND-CP,https://techcomm.kohler.com/techcomm/cad/25148IN-4ND.dwg,cad drawing,DWG,https://www.kohler.co.in/p/beam-wall-mount-cold-only-trim-without-drain-25148in-4nd?skuId=25148IN-4ND-CP,True,asset_000690
25148IN-4ND-CP,https://techcomm.kohler.com/techcomm/pdf/1393321-IN2.pdf,installation,PDF,https://www.kohler.co.in/p/beam-wall-mount-cold-only-trim-without-drain-25148in-4nd?skuId=25148IN-4ND-CP,True,asset_002798
22540IN-4AND-CP,https://techcomm.kohler.com/techcomm/pdf/K-22540IN-4AND_spec_IN_Kohler_en.pdf,spec sheet,PDF,https://www.kohler.co.in/p/hone-wall-mount-bathroom-sink-faucet-8-3-lpm-22540in-4and?skuId=22540IN-4AND-CP,True,asset_002985
22540IN-4AND-CP,https://techcomm.kohler.com/techcomm/pdf/1637356-IN2.pdf,installation,PDF,https://www.kohler.co.in/p/hone-wall-mount-bathroom-sink-faucet-8-3-lpm-22540in-4and?skuId=22540IN-4AND-CP,True,asset_002877
22540IN-4AND-CP,https://techcomm.kohler.com/techcomm/pdf/1653787-IN8.pdf,parts,PDF,https://www.kohler.co.in/p/hone-wall-mount-bathroom-sink-faucet-8-3-lpm-22540in-4and?skuId=22540IN-4AND-CP,True,asset_002886
33103IN-4ND-CP,https://techcomm.kohler.com/techcomm/cad/33103IN-4ND.obj,3d model,OBJ,https://www.kohler.co.in/p/accliv-wall-mount-single-handle-bathroom-sink-faucet-trim-cold-only-9-0-lpm-33103in-4nd?skuId=33103IN-4ND-CP,True,asset_001423
33103IN-4ND-CP,https://techcomm.kohler.com/techcomm/cad/33103IN-4ND.skp,3d model,SKP,https://www.kohler.co.in/p/accliv-wall-mount-single-handle-bathroom-sink-faucet-trim-cold-only-9-0-lpm-33103in-4nd?skuId=33103IN-4ND-CP,True,asset_001424
33103IN-4ND-CP,https://techcomm.kohler.com/techcomm/cad/33103IN-4ND.3ds,3d model,3DS,https://www.kohler.co.in/p/accliv-wall-mount-single-handle-bathroom-sink-faucet-trim-cold-only-9-0-lpm-33103in-4nd?skuId=33103IN-4ND-CP,True,asset_001420
33103IN-4ND-CP,https://techcomm.kohler.com/techcomm/cad/Faucet-Wall_Mount-Lavatory-KOHLER-Accliv-K-33103IN.rfa,3d model,RFA,https://www.kohler.co.in/p/accliv-wall-mount-single-handle-bathroom-sink-faucet-trim-cold-only-9-0-lpm-33103in-4nd?skuId=33103IN-4ND-CP,True,asset_002566
33103IN-4ND-CP,https://techcomm.kohler.com/techcomm/cad/33103in_4ndpln.dxf,cad drawing,DXF,https://www.kohler.co.in/p/accliv-wall-mount-single-handle-bathroom-sink-faucet-trim-cold-only-9-0-lpm-33103in-4nd?skuId=33103IN-4ND-CP,True,asset_001428
33103IN-4ND-CP,https://techcomm.kohler.com/techcomm/cad/33103in_4ndpln.dwg,cad drawing,DWG,https://www.kohler.co.in/p/accliv-wall-mount-single-handle-bathroom-sink-faucet-trim-cold-only-9-0-lpm-33103in-4nd?skuId=33103IN-4ND-CP,True,asset_001427
33103IN-4ND-CP,https://techcomm.kohler.com/techcomm/cad/33103in_4ndfrt.dxf,cad drawing,DXF,https://www.kohler.co.in/p/accliv-wall-mount-single-handle-bathroom-sink-faucet-trim-cold-only-9-0-lpm-33103in-4nd?skuId=33103IN-4ND-CP,True,asset_001426
33103IN-4ND-CP,https://techcomm.kohler.com/techcomm/cad/33103in_4ndfrt.dwg,cad drawing,DWG,https://www.kohler.co.in/p/accliv-wall-mount-single-handle-bathroom-sink-faucet-trim-cold-only-9-0-lpm-33103in-4nd?skuId=33103IN-4ND-CP,True,asset_001425
33103IN-4ND-CP,https://techcomm.kohler.com/techcomm/cad/33103in_4ndsde.dxf,cad drawing,DXF,https://www.kohler.co.in/p/accliv-wall-mount-single-handle-bathroom-sink-faucet-trim-cold-only-9-0-lpm-33103in-4nd?skuId=33103IN-4ND-CP,True,asset_001430
33103IN-4ND-CP,https://techcomm.kohler.com/techcomm/cad/33103in_4ndsde.dwg,cad drawing,DWG,https://www.kohler.co.in/p/accliv-wall-mount-single-handle-bathroom-sink-faucet-trim-cold-only-9-0-lpm-33103in-4nd?skuId=33103IN-4ND-CP,True,asset_001429
33103IN-4ND-CP,https://techcomm.kohler.com/techcomm/cad/33103IN-4ND.dxf,cad drawing,DXF,https://www.kohler.co.in/p/accliv-wall-mount-single-handle-bathroom-sink-faucet-trim-cold-only-9-0-lpm-33103in-4nd?skuId=33103IN-4ND-CP,True,asset_001422
33103IN-4ND-CP,https://techcomm.kohler.com/techcomm/cad/33103IN-4ND.dwg,cad drawing,DWG,https://www.kohler.co.in/p/accliv-wall-mount-single-handle-bathroom-sink-faucet-trim-cold-only-9-0-lpm-33103in-4nd?skuId=33103IN-4ND-CP,True,asset_001421
33103IN-4ND-CP,https://techcomm.kohler.com/techcomm/pdf/K-33103IN-4ND_spec_IN_Kohler_en.pdf,spec sheet,PDF,https://www.kohler.co.in/p/accliv-wall-mount-single-handle-bathroom-sink-faucet-trim-cold-only-9-0-lpm-33103in-4nd?skuId=33103IN-4ND-CP,True,asset_003073
33103IN-4ND-CP,https://techcomm.kohler.com/techcomm/pdf/1472378-IN2.pdf,installation,PDF,https://www.kohler.co.in/p/accliv-wall-mount-single-handle-bathroom-sink-faucet-trim-cold-only-9-0-lpm-33103in-4nd?skuId=33103IN-4ND-CP,True,asset_002832
27483IN-4ND-CP,https://techcomm.kohler.com/techcomm/cad/27483IN-4ND.obj,3d model,OBJ,https://www.kohler.co.in/p/fore-arc-single-control-wall-mount-lav-faucet-trim-without-drain-27483in-4nd?skuId=27483IN-4ND-CP,True,asset_001013
27483IN-4ND-CP,https://techcomm.kohler.com/techcomm/cad/27483IN-4ND.skp,3d model,SKP,https://www.kohler.co.in/p/fore-arc-single-control-wall-mount-lav-faucet-trim-without-drain-27483in-4nd?skuId=27483IN-4ND-CP,True,asset_001014
27483IN-4ND-CP,https://techcomm.kohler.com/techcomm/cad/27483IN-4ND.3ds,3d model,3DS,https://www.kohler.co.in/p/fore-arc-single-control-wall-mount-lav-faucet-trim-without-drain-27483in-4nd?skuId=27483IN-4ND-CP,True,asset_001010
27483IN-4ND-CP,https://techcomm.kohler.com/techcomm/cad/Faucet-Wall_Mount-Lavatory-KOHLER-Fore-K-27483IN.rfa,3d model,RFA,https://www.kohler.co.in/p/fore-arc-single-control-wall-mount-lav-faucet-trim-without-drain-27483in-4nd?skuId=27483IN-4ND-CP,True,asset_002579
27483IN-4ND-CP,https://techcomm.kohler.com/techcomm/cad/27483in_4ndpln.dxf,cad drawing,DXF,https://www.kohler.co.in/p/fore-arc-single-control-wall-mount-lav-faucet-trim-without-drain-27483in-4nd?skuId=27483IN-4ND-CP,True,asset_001018
27483IN-4ND-CP,https://techcomm.kohler.com/techcomm/cad/27483in_4ndpln.dwg,cad drawing,DWG,https://www.kohler.co.in/p/fore-arc-single-control-wall-mount-lav-faucet-trim-without-drain-27483in-4nd?skuId=27483IN-4ND-CP,True,asset_001017
27483IN-4ND-CP,https://techcomm.kohler.com/techcomm/cad/27483in_4ndfrt.dxf,cad drawing,DXF,https://www.kohler.co.in/p/fore-arc-single-control-wall-mount-lav-faucet-trim-without-drain-27483in-4nd?skuId=27483IN-4ND-CP,True,asset_001016
27483IN-4ND-CP,https://techcomm.kohler.com/techcomm/cad/27483in_4ndfrt.dwg,cad drawing,DWG,https://www.kohler.co.in/p/fore-arc-single-control-wall-mount-lav-faucet-trim-without-drain-27483in-4nd?skuId=27483IN-4ND-CP,True,asset_001015
27483IN-4ND-CP,https://techcomm.kohler.com/techcomm/cad/27483in_4ndsde.dxf,cad drawing,DXF,https://www.kohler.co.in/p/fore-arc-single-control-wall-mount-lav-faucet-trim-without-drain-27483in-4nd?skuId=27483IN-4ND-CP,True,asset_001020
27483IN-4ND-CP,https://techcomm.kohler.com/techcomm/cad/27483in_4ndsde.dwg,cad drawing,DWG,https://www.kohler.co.in/p/fore-arc-single-control-wall-mount-lav-faucet-trim-without-drain-27483in-4nd?skuId=27483IN-4ND-CP,True,asset_001019
27483IN-4ND-CP,https://techcomm.kohler.com/techcomm/cad/27483IN-4ND.dxf,cad drawing,DXF,https://www.kohler.co.in/p/fore-arc-single-control-wall-mount-lav-faucet-trim-without-drain-27483in-4nd?skuId=27483IN-4ND-CP,True,asset_001012
27483IN-4ND-CP,https://techcomm.kohler.com/techcomm/cad/27483IN-4ND.dwg,cad drawing,DWG,https://www.kohler.co.in/p/fore-arc-single-control-wall-mount-lav-faucet-trim-without-drain-27483in-4nd?skuId=27483IN-4ND-CP,True,asset_001011
27483IN-4ND-CP,https://techcomm.kohler.com/techcomm/pdf/K-27483IN-4ND_spec_IN_Kohler_en.pdf,spec sheet,PDF,https://www.kohler.co.in/p/fore-arc-single-control-wall-mount-lav-faucet-trim-without-drain-27483in-4nd?skuId=27483IN-4ND-CP,True,asset_003036
27483IN-4ND-CP,https://techcomm.kohler.com/techcomm/pdf/1465926-IN2.pdf,installation,PDF,https://www.kohler.co.in/p/fore-arc-single-control-wall-mount-lav-faucet-trim-without-drain-27483in-4nd?skuId=27483IN-4ND-CP,True,asset_002823
27488IN-4ND-CP,https://techcomm.kohler.com/techcomm/cad/27488IN-4ND.obj,3d model,OBJ,https://www.kohler.co.in/p/fore-line-wall-mount-cold-only-trim-assy-27488in-4nd?skuId=27488IN-4ND-CP,True,asset_001035
27488IN-4ND-CP,https://techcomm.kohler.com/techcomm/cad/27488IN-4ND.skp,3d model,SKP,https://www.kohler.co.in/p/fore-line-wall-mount-cold-only-trim-assy-27488in-4nd?skuId=27488IN-4ND-CP,True,asset_001036
27488IN-4ND-CP,https://techcomm.kohler.com/techcomm/cad/27488IN-4ND.3ds,3d model,3DS,https://www.kohler.co.in/p/fore-line-wall-mount-cold-only-trim-assy-27488in-4nd?skuId=27488IN-4ND-CP,True,asset_001032
27488IN-4ND-CP,https://techcomm.kohler.com/techcomm/cad/Faucet-Wall_Mount-Lavatory-KOHLER-Fore-K-27488IN.rfa,3d model,RFA,https://www.kohler.co.in/p/fore-line-wall-mount-cold-only-trim-assy-27488in-4nd?skuId=27488IN-4ND-CP,True,asset_002580
27488IN-4ND-CP,https://techcomm.kohler.com/techcomm/cad/27488in_4ndpln.dxf,cad drawing,DXF,https://www.kohler.co.in/p/fore-line-wall-mount-cold-only-trim-assy-27488in-4nd?skuId=27488IN-4ND-CP,True,asset_001040
27488IN-4ND-CP,https://techcomm.kohler.com/techcomm/cad/27488in_4ndpln.dwg,cad drawing,DWG,https://www.kohler.co.in/p/fore-line-wall-mount-cold-only-trim-assy-27488in-4nd?skuId=27488IN-4ND-CP,True,asset_001039
27488IN-4ND-CP,https://techcomm.kohler.com/techcomm/cad/27488in_4ndfrt.dxf,cad drawing,DXF,https://www.kohler.co.in/p/fore-line-wall-mount-cold-only-trim-assy-27488in-4nd?skuId=27488IN-4ND-CP,True,asset_001038
27488IN-4ND-CP,https://techcomm.kohler.com/techcomm/cad/27488in_4ndfrt.dwg,cad drawing,DWG,https://www.kohler.co.in/p/fore-line-wall-mount-cold-only-trim-assy-27488in-4nd?skuId=27488IN-4ND-CP,True,asset_001037
27488IN-4ND-CP,https://techcomm.kohler.com/techcomm/cad/27488in_4ndsde.dxf,cad drawing,DXF,https://www.kohler.co.in/p/fore-line-wall-mount-cold-only-trim-assy-27488in-4nd?skuId=27488IN-4ND-CP,True,asset_001042
27488IN-4ND-CP,https://techcomm.kohler.com/techcomm/cad/27488in_4ndsde.dwg,cad drawing,DWG,https://www.kohler.co.in/p/fore-line-wall-mount-cold-only-trim-assy-27488in-4nd?skuId=27488IN-4ND-CP,True,asset_001041
27488IN-4ND-CP,https://techcomm.kohler.com/techcomm/cad/27488IN-4ND.dxf,cad drawing,DXF,https://www.kohler.co.in/p/fore-line-wall-mount-cold-only-trim-assy-27488in-4nd?skuId=27488IN-4ND-CP,True,asset_001034
27488IN-4ND-CP,https://techcomm.kohler.com/techcomm/cad/27488IN-4ND.dwg,cad drawing,DWG,https://www.kohler.co.in/p/fore-line-wall-mount-cold-only-trim-assy-27488in-4nd?skuId=27488IN-4ND-CP,True,asset_001033
27488IN-4ND-CP,https://techcomm.kohler.com/techcomm/pdf/K-27488IN-4ND_spec_IN_Kohler_en.pdf,spec sheet,PDF,https://www.kohler.co.in/p/fore-line-wall-mount-cold-only-trim-assy-27488in-4nd?skuId=27488IN-4ND-CP,True,asset_003038
27487IN-4ND-CP,https://techcomm.kohler.com/techcomm/cad/27487IN-4ND.obj,3d model,OBJ,https://www.kohler.co.in/p/fore-tri-wall-mount-cold-only-trim-assy-27487in-4nd?skuId=27487IN-4ND-CP,True,asset_001024
27487IN-4ND-CP,https://techcomm.kohler.com/techcomm/cad/27487IN-4ND.skp,3d model,SKP,https://www.kohler.co.in/p/fore-tri-wall-mount-cold-only-trim-assy-27487in-4nd?skuId=27487IN-4ND-CP,True,asset_001025
27487IN-4ND-CP,https://techcomm.kohler.com/techcomm/cad/27487IN-4ND.3ds,3d model,3DS,https://www.kohler.co.in/p/fore-tri-wall-mount-cold-only-trim-assy-27487in-4nd?skuId=27487IN-4ND-CP,True,asset_001021
27487IN-4ND-CP,https://techcomm.kohler.com/techcomm/cad/Faucet-Wall_Mount-Lavatory-KOHLER-Ore-K-27487IN.rfa,3d model,RFA,https://www.kohler.co.in/p/fore-tri-wall-mount-cold-only-trim-assy-27487in-4nd?skuId=27487IN-4ND-CP,True,asset_002586
27487IN-4ND-CP,https://techcomm.kohler.com/techcomm/cad/27487in_4ndpln.dxf,cad drawing,DXF,https://www.kohler.co.in/p/fore-tri-wall-mount-cold-only-trim-assy-27487in-4nd?skuId=27487IN-4ND-CP,True,asset_001029
27487IN-4ND-CP,https://techcomm.kohler.com/techcomm/cad/27487in_4ndpln.dwg,cad drawing,DWG,https://www.kohler.co.in/p/fore-tri-wall-mount-cold-only-trim-assy-27487in-4nd?skuId=27487IN-4ND-CP,True,asset_001028
27487IN-4ND-CP,https://techcomm.kohler.com/techcomm/cad/27487in_4ndfrt.dxf,cad drawing,DXF,https://www.kohler.co.in/p/fore-tri-wall-mount-cold-only-trim-assy-27487in-4nd?skuId=27487IN-4ND-CP,True,asset_001027
27487IN-4ND-CP,https://techcomm.kohler.com/techcomm/cad/27487in_4ndfrt.dwg,cad drawing,DWG,https://www.kohler.co.in/p/fore-tri-wall-mount-cold-only-trim-assy-27487in-4nd?skuId=27487IN-4ND-CP,True,asset_001026
27487IN-4ND-CP,https://techcomm.kohler.com/techcomm/cad/27487in_4ndsde.dxf,cad drawing,DXF,https://www.kohler.co.in/p/fore-tri-wall-mount-cold-only-trim-assy-27487in-4nd?skuId=27487IN-4ND-CP,True,asset_001031
27487IN-4ND-CP,https://techcomm.kohler.com/techcomm/cad/27487in_4ndsde.dwg,cad drawing,DWG,https://www.kohler.co.in/p/fore-tri-wall-mount-cold-only-trim-assy-27487in-4nd?skuId=27487IN-4ND-CP,True,asset_001030
27487IN-4ND-CP,https://techcomm.kohler.com/techcomm/cad/27487IN-4ND.dxf,cad drawing,DXF,https://www.kohler.co.in/p/fore-tri-wall-mount-cold-only-trim-assy-27487in-4nd?skuId=27487IN-4ND-CP,True,asset_001023
27487IN-4ND-CP,https://techcomm.kohler.com/techcomm/cad/27487IN-4ND.dwg,cad drawing,DWG,https://www.kohler.co.in/p/fore-tri-wall-mount-cold-only-trim-assy-27487in-4nd?skuId=27487IN-4ND-CP,True,asset_001022
27487IN-4ND-CP,https://techcomm.kohler.com/techcomm/pdf/K-27487IN-4ND_spec_IN_Kohler_en.pdf,spec sheet,PDF,https://www.kohler.co.in/p/fore-tri-wall-mount-cold-only-trim-assy-27487in-4nd?skuId=27487IN-4ND-CP,True,asset_003037
39560IN-ND-CP,https://techcomm.kohler.com/techcomm/cad/39560IN-ND.obj,3d model,OBJ,https://www.kohler.co.in/p/components-touchless-wall-mount-195-mm-lavatory-faucet-with-kinesis-sensor-technology-1-9-lpm-39560in-nd?skuId=39560IN-ND-CP,True,asset_001588
39560IN-ND-CP,https://techcomm.kohler.com/techcomm/cad/39560IN-ND.skp,3d model,SKP,https://www.kohler.co.in/p/components-touchless-wall-mount-195-mm-lavatory-faucet-with-kinesis-sensor-technology-1-9-lpm-39560in-nd?skuId=39560IN-ND-CP,True,asset_001589
39560IN-ND-CP,https://techcomm.kohler.com/techcomm/cad/39560IN-ND.3ds,3d model,3DS,https://www.kohler.co.in/p/components-touchless-wall-mount-195-mm-lavatory-faucet-with-kinesis-sensor-technology-1-9-lpm-39560in-nd?skuId=39560IN-ND-CP,True,asset_001585
39560IN-ND-CP,https://techcomm.kohler.com/techcomm/cad/Faucet-Touchless-Wall_Mount-Lavatory-KOHLER-Components-K-39560IN.rfa,3d model,RFA,https://www.kohler.co.in/p/components-touchless-wall-mount-195-mm-lavatory-faucet-with-kinesis-sensor-technology-1-9-lpm-39560in-nd?skuId=39560IN-ND-CP,True,asset_002541
39560IN-ND-CP,https://techcomm.kohler.com/techcomm/cad/39560in_ndpln.dxf,cad drawing,DXF,https://www.kohler.co.in/p/components-touchless-wall-mount-195-mm-lavatory-faucet-with-kinesis-sensor-technology-1-9-lpm-39560in-nd?skuId=39560IN-ND-CP,True,asset_001593
39560IN-ND-CP,https://techcomm.kohler.com/techcomm/cad/39560in_ndpln.dwg,cad drawing,DWG,https://www.kohler.co.in/p/components-touchless-wall-mount-195-mm-lavatory-faucet-with-kinesis-sensor-technology-1-9-lpm-39560in-nd?skuId=39560IN-ND-CP,True,asset_001592
39560IN-ND-CP,https://techcomm.kohler.com/techcomm/cad/39560in_ndfrt.dxf,cad drawing,DXF,https://www.kohler.co.in/p/components-touchless-wall-mount-195-mm-lavatory-faucet-with-kinesis-sensor-technology-1-9-lpm-39560in-nd?skuId=39560IN-ND-CP,True,asset_001591
39560IN-ND-CP,https://techcomm.kohler.com/techcomm/cad/39560in_ndfrt.dwg,cad drawing,DWG,https://www.kohler.co.in/p/components-touchless-wall-mount-195-mm-lavatory-faucet-with-kinesis-sensor-technology-1-9-lpm-39560in-nd?skuId=39560IN-ND-CP,True,asset_001590
39560IN-ND-CP,https://techcomm.kohler.com/techcomm/cad/39560in_ndsde.dxf,cad drawing,DXF,https://www.kohler.co.in/p/components-touchless-wall-mount-195-mm-lavatory-faucet-with-kinesis-sensor-technology-1-9-lpm-39560in-nd?skuId=39560IN-ND-CP,True,asset_001595
39560IN-ND-CP,https://techcomm.kohler.com/techcomm/cad/39560in_ndsde.dwg,cad drawing,DWG,https://www.kohler.co.in/p/components-touchless-wall-mount-195-mm-lavatory-faucet-with-kinesis-sensor-technology-1-9-lpm-39560in-nd?skuId=39560IN-ND-CP,True,asset_001594
39560IN-ND-CP,https://techcomm.kohler.com/techcomm/cad/39560IN-ND.dxf,cad drawing,DXF,https://www.kohler.co.in/p/components-touchless-wall-mount-195-mm-lavatory-faucet-with-kinesis-sensor-technology-1-9-lpm-39560in-nd?skuId=39560IN-ND-CP,True,asset_001587
39560IN-ND-CP,https://techcomm.kohler.com/techcomm/cad/39560IN-ND.dwg,cad drawing,DWG,https://www.kohler.co.in/p/components-touchless-wall-mount-195-mm-lavatory-faucet-with-kinesis-sensor-technology-1-9-lpm-39560in-nd?skuId=39560IN-ND-CP,True,asset_001586
39560IN-ND-CP,https://techcomm.kohler.com/techcomm/pdf/K-39560IN-ND_spec_IN_Kohler_en.pdf,spec sheet,PDF,https://www.kohler.co.in/p/components-touchless-wall-mount-195-mm-lavatory-faucet-with-kinesis-sensor-technology-1-9-lpm-39560in-nd?skuId=39560IN-ND-CP,True,asset_003088
26791IN-4ND-CP,https://techcomm.kohler.com/techcomm/cad/26791IN-4ND.obj,3d model,OBJ,https://www.kohler.co.in/p/accliv-wall-mount-single-handle-bathroom-sink-faucet-trim-9-0-lpm-26791in-4nd?skuId=26791IN-4ND-CP,True,asset_000944
26791IN-4ND-CP,https://techcomm.kohler.com/techcomm/cad/26791IN-4ND.skp,3d model,SKP,https://www.kohler.co.in/p/accliv-wall-mount-single-handle-bathroom-sink-faucet-trim-9-0-lpm-26791in-4nd?skuId=26791IN-4ND-CP,True,asset_000945
26791IN-4ND-CP,https://techcomm.kohler.com/techcomm/cad/26791IN-4ND.3ds,3d model,3DS,https://www.kohler.co.in/p/accliv-wall-mount-single-handle-bathroom-sink-faucet-trim-9-0-lpm-26791in-4nd?skuId=26791IN-4ND-CP,True,asset_000941
26791IN-4ND-CP,https://techcomm.kohler.com/techcomm/cad/Faucet-Wall_Mount-Lavatory-KOHLER-Accliv-K-26791IN.rfa,3d model,RFA,https://www.kohler.co.in/p/accliv-wall-mount-single-handle-bathroom-sink-faucet-trim-9-0-lpm-26791in-4nd?skuId=26791IN-4ND-CP,True,asset_002565
26791IN-4ND-CP,https://techcomm.kohler.com/techcomm/cad/26791in_4ndpln.dxf,cad drawing,DXF,https://www.kohler.co.in/p/accliv-wall-mount-single-handle-bathroom-sink-faucet-trim-9-0-lpm-26791in-4nd?skuId=26791IN-4ND-CP,True,asset_000949
26791IN-4ND-CP,https://techcomm.kohler.com/techcomm/cad/26791in_4ndpln.dwg,cad drawing,DWG,https://www.kohler.co.in/p/accliv-wall-mount-single-handle-bathroom-sink-faucet-trim-9-0-lpm-26791in-4nd?skuId=26791IN-4ND-CP,True,asset_000948
26791IN-4ND-CP,https://techcomm.kohler.com/techcomm/cad/26791in_4ndfrt.dxf,cad drawing,DXF,https://www.kohler.co.in/p/accliv-wall-mount-single-handle-bathroom-sink-faucet-trim-9-0-lpm-26791in-4nd?skuId=26791IN-4ND-CP,True,asset_000947
26791IN-4ND-CP,https://techcomm.kohler.com/techcomm/cad/26791in_4ndfrt.dwg,cad drawing,DWG,https://www.kohler.co.in/p/accliv-wall-mount-single-handle-bathroom-sink-faucet-trim-9-0-lpm-26791in-4nd?skuId=26791IN-4ND-CP,True,asset_000946
26791IN-4ND-CP,https://techcomm.kohler.com/techcomm/cad/26791in_4ndsde.dxf,cad drawing,DXF,https://www.kohler.co.in/p/accliv-wall-mount-single-handle-bathroom-sink-faucet-trim-9-0-lpm-26791in-4nd?skuId=26791IN-4ND-CP,True,asset_000951
26791IN-4ND-CP,https://techcomm.kohler.com/techcomm/cad/26791in_4ndsde.dwg,cad drawing,DWG,https://www.kohler.co.in/p/accliv-wall-mount-single-handle-bathroom-sink-faucet-trim-9-0-lpm-26791in-4nd?skuId=26791IN-4ND-CP,True,asset_000950
26791IN-4ND-CP,https://techcomm.kohler.com/techcomm/cad/26791IN-4ND.dxf,cad drawing,DXF,https://www.kohler.co.in/p/accliv-wall-mount-single-handle-bathroom-sink-faucet-trim-9-0-lpm-26791in-4nd?skuId=26791IN-4ND-CP,True,asset_000943
26791IN-4ND-CP,https://techcomm.kohler.com/techcomm/cad/26791IN-4ND.dwg,cad drawing,DWG,https://www.kohler.co.in/p/accliv-wall-mount-single-handle-bathroom-sink-faucet-trim-9-0-lpm-26791in-4nd?skuId=26791IN-4ND-CP,True,asset_000942
26791IN-4ND-CP,https://techcomm.kohler.com/techcomm/pdf/K-26791IN-4ND_spec_IN_Kohler_en.pdf,spec sheet,PDF,https://www.kohler.co.in/p/accliv-wall-mount-single-handle-bathroom-sink-faucet-trim-9-0-lpm-26791in-4nd?skuId=26791IN-4ND-CP,True,asset_003030
26791IN-4ND-CP,https://techcomm.kohler.com/techcomm/pdf/1472379-IN2.pdf,installation,PDF,https://www.kohler.co.in/p/accliv-wall-mount-single-handle-bathroom-sink-faucet-trim-9-0-lpm-26791in-4nd?skuId=26791IN-4ND-CP,True,asset_002833
27489IN-4ND-CP,https://techcomm.kohler.com/techcomm/cad/27489IN-4ND.obj,3d model,OBJ,https://www.kohler.co.in/p/fore-arc-wall-mount-cold-only-trim-assy-27489in-4nd?skuId=27489IN-4ND-CP,True,asset_001046
27489IN-4ND-CP,https://techcomm.kohler.com/techcomm/cad/27489IN-4ND.skp,3d model,SKP,https://www.kohler.co.in/p/fore-arc-wall-mount-cold-only-trim-assy-27489in-4nd?skuId=27489IN-4ND-CP,True,asset_001047
27489IN-4ND-CP,https://techcomm.kohler.com/techcomm/cad/27489IN-4ND.3ds,3d model,3DS,https://www.kohler.co.in/p/fore-arc-wall-mount-cold-only-trim-assy-27489in-4nd?skuId=27489IN-4ND-CP,True,asset_001043
27489IN-4ND-CP,https://techcomm.kohler.com/techcomm/cad/Faucet-Wall_Mount-Lavatory-KOHLER-Fore-K-27489IN.rfa,3d model,RFA,https://www.kohler.co.in/p/fore-arc-wall-mount-cold-only-trim-assy-27489in-4nd?skuId=27489IN-4ND-CP,True,asset_002581
27489IN-4ND-CP,https://techcomm.kohler.com/techcomm/cad/27489in_4ndpln.dxf,cad drawing,DXF,https://www.kohler.co.in/p/fore-arc-wall-mount-cold-only-trim-assy-27489in-4nd?skuId=27489IN-4ND-CP,True,asset_001051
27489IN-4ND-CP,https://techcomm.kohler.com/techcomm/cad/27489in_4ndpln.dwg,cad drawing,DWG,https://www.kohler.co.in/p/fore-arc-wall-mount-cold-only-trim-assy-27489in-4nd?skuId=27489IN-4ND-CP,True,asset_001050
27489IN-4ND-CP,https://techcomm.kohler.com/techcomm/cad/27489in_4ndfrt.dxf,cad drawing,DXF,https://www.kohler.co.in/p/fore-arc-wall-mount-cold-only-trim-assy-27489in-4nd?skuId=27489IN-4ND-CP,True,asset_001049
27489IN-4ND-CP,https://techcomm.kohler.com/techcomm/cad/27489in_4ndfrt.dwg,cad drawing,DWG,https://www.kohler.co.in/p/fore-arc-wall-mount-cold-only-trim-assy-27489in-4nd?skuId=27489IN-4ND-CP,True,asset_001048
27489IN-4ND-CP,https://techcomm.kohler.com/techcomm/cad/27489in_4ndsde.dxf,cad drawing,DXF,https://www.kohler.co.in/p/fore-arc-wall-mount-cold-only-trim-assy-27489in-4nd?skuId=27489IN-4ND-CP,True,asset_001053
27489IN-4ND-CP,https://techcomm.kohler.com/techcomm/cad/27489in_4ndsde.dwg,cad drawing,DWG,https://www.kohler.co.in/p/fore-arc-wall-mount-cold-only-trim-assy-27489in-4nd?skuId=27489IN-4ND-CP,True,asset_001052
27489IN-4ND-CP,https://techcomm.kohler.com/techcomm/cad/27489IN-4ND.dxf,cad drawing,DXF,https://www.kohler.co.in/p/fore-arc-wall-mount-cold-only-trim-assy-27489in-4nd?skuId=27489IN-4ND-CP,True,asset_001045
27489IN-4ND-CP,https://techcomm.kohler.com/techcomm/cad/27489IN-4ND.dwg,cad drawing,DWG,https://www.kohler.co.in/p/fore-arc-wall-mount-cold-only-trim-assy-27489in-4nd?skuId=27489IN-4ND-CP,True,asset_001044
27489IN-4ND-CP,https://techcomm.kohler.com/techcomm/pdf/K-27489IN-4ND_spec_IN_Kohler_en.pdf,spec sheet,PDF,https://www.kohler.co.in/p/fore-arc-wall-mount-cold-only-trim-assy-27489in-4nd?skuId=27489IN-4ND-CP,True,asset_003039
27489IN-4ND-CP,https://techcomm.kohler.com/techcomm/pdf/1465928-IN2.pdf,installation,PDF,https://www.kohler.co.in/p/fore-arc-wall-mount-cold-only-trim-assy-27489in-4nd?skuId=27489IN-4ND-CP,True,asset_002824
27481IN-4ND-CP,https://techcomm.kohler.com/techcomm/cad/27481IN-4ND.obj,3d model,OBJ,https://www.kohler.co.in/p/fore-tri-single-control-wall-mount-lav-faucet-trim-without-drain-27481in-4nd?skuId=27481IN-4ND-CP,True,asset_001002
27481IN-4ND-CP,https://techcomm.kohler.com/techcomm/cad/27481IN-4ND.skp,3d model,SKP,https://www.kohler.co.in/p/fore-tri-single-control-wall-mount-lav-faucet-trim-without-drain-27481in-4nd?skuId=27481IN-4ND-CP,True,asset_001003
27481IN-4ND-CP,https://techcomm.kohler.com/techcomm/cad/27481IN-4ND.3ds,3d model,3DS,https://www.kohler.co.in/p/fore-tri-single-control-wall-mount-lav-faucet-trim-without-drain-27481in-4nd?skuId=27481IN-4ND-CP,True,asset_000999
27481IN-4ND-CP,https://techcomm.kohler.com/techcomm/cad/Faucet-Wall_Mount-Lavatory-KOHLER-Fore-K-27481IN.rfa,3d model,RFA,https://www.kohler.co.in/p/fore-tri-single-control-wall-mount-lav-faucet-trim-without-drain-27481in-4nd?skuId=27481IN-4ND-CP,True,asset_002578
27481IN-4ND-CP,https://techcomm.kohler.com/techcomm/cad/27481in_4ndpln.dxf,cad drawing,DXF,https://www.kohler.co.in/p/fore-tri-single-control-wall-mount-lav-faucet-trim-without-drain-27481in-4nd?skuId=27481IN-4ND-CP,True,asset_001007
27481IN-4ND-CP,https://techcomm.kohler.com/techcomm/cad/27481in_4ndpln.dwg,cad drawing,DWG,https://www.kohler.co.in/p/fore-tri-single-control-wall-mount-lav-faucet-trim-without-drain-27481in-4nd?skuId=27481IN-4ND-CP,True,asset_001006
27481IN-4ND-CP,https://techcomm.kohler.com/techcomm/cad/27481in_4ndfrt.dxf,cad drawing,DXF,https://www.kohler.co.in/p/fore-tri-single-control-wall-mount-lav-faucet-trim-without-drain-27481in-4nd?skuId=27481IN-4ND-CP,True,asset_001005
27481IN-4ND-CP,https://techcomm.kohler.com/techcomm/cad/27481in_4ndfrt.dwg,cad drawing,DWG,https://www.kohler.co.in/p/fore-tri-single-control-wall-mount-lav-faucet-trim-without-drain-27481in-4nd?skuId=27481IN-4ND-CP,True,asset_001004
27481IN-4ND-CP,https://techcomm.kohler.com/techcomm/cad/27481in_4ndsde.dxf,cad drawing,DXF,https://www.kohler.co.in/p/fore-tri-single-control-wall-mount-lav-faucet-trim-without-drain-27481in-4nd?skuId=27481IN-4ND-CP,True,asset_001009
27481IN-4ND-CP,https://techcomm.kohler.com/techcomm/cad/27481in_4ndsde.dwg,cad drawing,DWG,https://www.kohler.co.in/p/fore-tri-single-control-wall-mount-lav-faucet-trim-without-drain-27481in-4nd?skuId=27481IN-4ND-CP,True,asset_001008
27481IN-4ND-CP,https://techcomm.kohler.com/techcomm/cad/27481IN-4ND.dxf,cad drawing,DXF,https://www.kohler.co.in/p/fore-tri-single-control-wall-mount-lav-faucet-trim-without-drain-27481in-4nd?skuId=27481IN-4ND-CP,True,asset_001001
27481IN-4ND-CP,https://techcomm.kohler.com/techcomm/cad/27481IN-4ND.dwg,cad drawing,DWG,https://www.kohler.co.in/p/fore-tri-single-control-wall-mount-lav-faucet-trim-without-drain-27481in-4nd?skuId=27481IN-4ND-CP,True,asset_001000
27481IN-4ND-CP,https://techcomm.kohler.com/techcomm/pdf/K-27481IN-4ND_spec_IN_Kohler_en.pdf,spec sheet,PDF,https://www.kohler.co.in/p/fore-tri-single-control-wall-mount-lav-faucet-trim-without-drain-27481in-4nd?skuId=27481IN-4ND-CP,True,asset_003035
24280IN-4ND-RGD,https://techcomm.kohler.com/techcomm/cad/24280IN-4ND.obj,3d model,OBJ,https://www.kohler.co.in/p/wall-mount-lav-faucet-trim-valve-24280in-4nd?skuId=24280IN-4ND-RGD,True,asset_000626
24280IN-4ND-RGD,https://techcomm.kohler.com/techcomm/cad/24280IN-4ND.skp,3d model,SKP,https://www.kohler.co.in/p/wall-mount-lav-faucet-trim-valve-24280in-4nd?skuId=24280IN-4ND-RGD,True,asset_000627
24280IN-4ND-RGD,https://techcomm.kohler.com/techcomm/cad/24280IN-4ND.3ds,3d model,3DS,https://www.kohler.co.in/p/wall-mount-lav-faucet-trim-valve-24280in-4nd?skuId=24280IN-4ND-RGD,True,asset_000623
24280IN-4ND-RGD,https://techcomm.kohler.com/techcomm/cad/Faucet-Wall_Mount-Lavatory-KOHLER-Parallel-K-24280IN.rfa,3d model,RFA,https://www.kohler.co.in/p/wall-mount-lav-faucet-trim-valve-24280in-4nd?skuId=24280IN-4ND-RGD,True,asset_002588
24280IN-4ND-RGD,https://techcomm.kohler.com/techcomm/cad/24280in_4ndpln.dxf,cad drawing,DXF,https://www.kohler.co.in/p/wall-mount-lav-faucet-trim-valve-24280in-4nd?skuId=24280IN-4ND-RGD,True,asset_000631
24280IN-4ND-RGD,https://techcomm.kohler.com/techcomm/cad/24280in_4ndpln.dwg,cad drawing,DWG,https://www.kohler.co.in/p/wall-mount-lav-faucet-trim-valve-24280in-4nd?skuId=24280IN-4ND-RGD,True,asset_000630
24280IN-4ND-RGD,https://techcomm.kohler.com/techcomm/cad/24280in_4ndfrt.dxf,cad drawing,DXF,https://www.kohler.co.in/p/wall-mount-lav-faucet-trim-valve-24280in-4nd?skuId=24280IN-4ND-RGD,True,asset_000629
24280IN-4ND-RGD,https://techcomm.kohler.com/techcomm/cad/24280in_4ndfrt.dwg,cad drawing,DWG,https://www.kohler.co.in/p/wall-mount-lav-faucet-trim-valve-24280in-4nd?skuId=24280IN-4ND-RGD,True,asset_000628
24280IN-4ND-RGD,https://techcomm.kohler.com/techcomm/cad/24280in_4ndsde.dxf,cad drawing,DXF,https://www.kohler.co.in/p/wall-mount-lav-faucet-trim-valve-24280in-4nd?skuId=24280IN-4ND-RGD,True,asset_000633
24280IN-4ND-RGD,https://techcomm.kohler.com/techcomm/cad/24280in_4ndsde.dwg,cad drawing,DWG,https://www.kohler.co.in/p/wall-mount-lav-faucet-trim-valve-24280in-4nd?skuId=24280IN-4ND-RGD,True,asset_000632
24280IN-4ND-RGD,https://techcomm.kohler.com/techcomm/cad/24280IN-4ND.dxf,cad drawing,DXF,https://www.kohler.co.in/p/wall-mount-lav-faucet-trim-valve-24280in-4nd?skuId=24280IN-4ND-RGD,True,asset_000625
24280IN-4ND-RGD,https://techcomm.kohler.com/techcomm/cad/24280IN-4ND.dwg,cad drawing,DWG,https://www.kohler.co.in/p/wall-mount-lav-faucet-trim-valve-24280in-4nd?skuId=24280IN-4ND-RGD,True,asset_000624
24280IN-4ND-RGD,https://techcomm.kohler.com/techcomm/pdf/K-24280IN-4ND_spec_IN_Kohler_en.pdf,spec sheet,PDF,https://www.kohler.co.in/p/wall-mount-lav-faucet-trim-valve-24280in-4nd?skuId=24280IN-4ND-RGD,True,asset_002994
24280IN-4ND-RGD,https://techcomm.kohler.com/techcomm/pdf/1339459-IN2.pdf,installation,PDF,https://www.kohler.co.in/p/wall-mount-lav-faucet-trim-valve-24280in-4nd?skuId=24280IN-4ND-RGD,True,asset_002790
34039IN-4ND-CP,https://techcomm.kohler.com/techcomm/cad/34039IN-4ND.obj,3d model,OBJ,https://www.kohler.co.in/p/apt-flux-wall-mount-bathroom-sink-faucet-12-5-lpm-34039in-4nd?skuId=34039IN-4ND-CP,True,asset_001456
34039IN-4ND-CP,https://techcomm.kohler.com/techcomm/cad/34039IN-4ND.skp,3d model,SKP,https://www.kohler.co.in/p/apt-flux-wall-mount-bathroom-sink-faucet-12-5-lpm-34039in-4nd?skuId=34039IN-4ND-CP,True,asset_001457
34039IN-4ND-CP,https://techcomm.kohler.com/techcomm/cad/34039IN-4ND.3ds,3d model,3DS,https://www.kohler.co.in/p/apt-flux-wall-mount-bathroom-sink-faucet-12-5-lpm-34039in-4nd?skuId=34039IN-4ND-CP,True,asset_001453
34039IN-4ND-CP,https://techcomm.kohler.com/techcomm/cad/Faucet-Wall_Mount-Lavatory-KOHLER-APT-K-34039IN.rfa,3d model,RFA,https://www.kohler.co.in/p/apt-flux-wall-mount-bathroom-sink-faucet-12-5-lpm-34039in-4nd?skuId=34039IN-4ND-CP,True,asset_002563
34039IN-4ND-CP,https://techcomm.kohler.com/techcomm/cad/34039in_4ndpln.dxf,cad drawing,DXF,https://www.kohler.co.in/p/apt-flux-wall-mount-bathroom-sink-faucet-12-5-lpm-34039in-4nd?skuId=34039IN-4ND-CP,True,asset_001461
34039IN-4ND-CP,https://techcomm.kohler.com/techcomm/cad/34039in_4ndpln.dwg,cad drawing,DWG,https://www.kohler.co.in/p/apt-flux-wall-mount-bathroom-sink-faucet-12-5-lpm-34039in-4nd?skuId=34039IN-4ND-CP,True,asset_001460
34039IN-4ND-CP,https://techcomm.kohler.com/techcomm/cad/34039in_4ndfrt.dxf,cad drawing,DXF,https://www.kohler.co.in/p/apt-flux-wall-mount-bathroom-sink-faucet-12-5-lpm-34039in-4nd?skuId=34039IN-4ND-CP,True,asset_001459
34039IN-4ND-CP,https://techcomm.kohler.com/techcomm/cad/34039in_4ndfrt.dwg,cad drawing,DWG,https://www.kohler.co.in/p/apt-flux-wall-mount-bathroom-sink-faucet-12-5-lpm-34039in-4nd?skuId=34039IN-4ND-CP,True,asset_001458
34039IN-4ND-CP,https://techcomm.kohler.com/techcomm/cad/34039in_4ndsde.dxf,cad drawing,DXF,https://www.kohler.co.in/p/apt-flux-wall-mount-bathroom-sink-faucet-12-5-lpm-34039in-4nd?skuId=34039IN-4ND-CP,True,asset_001463
34039IN-4ND-CP,https://techcomm.kohler.com/techcomm/cad/34039in_4ndsde.dwg,cad drawing,DWG,https://www.kohler.co.in/p/apt-flux-wall-mount-bathroom-sink-faucet-12-5-lpm-34039in-4nd?skuId=34039IN-4ND-CP,True,asset_001462
34039IN-4ND-CP,https://techcomm.kohler.com/techcomm/cad/34039IN-4ND.dxf,cad drawing,DXF,https://www.kohler.co.in/p/apt-flux-wall-mount-bathroom-sink-faucet-12-5-lpm-34039in-4nd?skuId=34039IN-4ND-CP,True,asset_001455
34039IN-4ND-CP,https://techcomm.kohler.com/techcomm/cad/34039IN-4ND.dwg,cad drawing,DWG,https://www.kohler.co.in/p/apt-flux-wall-mount-bathroom-sink-faucet-12-5-lpm-34039in-4nd?skuId=34039IN-4ND-CP,True,asset_001454
34039IN-4ND-CP,https://techcomm.kohler.com/techcomm/pdf/K-34039IN-4ND_spec_IN_Kohler_en.pdf,spec sheet,PDF,https://www.kohler.co.in/p/apt-flux-wall-mount-bathroom-sink-faucet-12-5-lpm-34039in-4nd?skuId=34039IN-4ND-CP,True,asset_003076
34039IN-4ND-CP,https://techcomm.kohler.com/techcomm/pdf/1602898-IN2.pdf,installation,PDF,https://www.kohler.co.in/p/apt-flux-wall-mount-bathroom-sink-faucet-12-5-lpm-34039in-4nd?skuId=34039IN-4ND-CP,True,asset_002866
26048IN-4ND-CP,https://techcomm.kohler.com/techcomm/cad/26048IN-4ND.obj,3d model,OBJ,https://www.kohler.co.in/p/beam-single-control-wall-mount-lav-trim-assembly-26048in-4nd?skuId=26048IN-4ND-CP,True,asset_000792
26048IN-4ND-CP,https://techcomm.kohler.com/techcomm/cad/26048IN-4ND.skp,3d model,SKP,https://www.kohler.co.in/p/beam-single-control-wall-mount-lav-trim-assembly-26048in-4nd?skuId=26048IN-4ND-CP,True,asset_000793
26048IN-4ND-CP,https://techcomm.kohler.com/techcomm/cad/26048IN-4ND.3ds,3d model,3DS,https://www.kohler.co.in/p/beam-single-control-wall-mount-lav-trim-assembly-26048in-4nd?skuId=26048IN-4ND-CP,True,asset_000789
26048IN-4ND-CP,https://techcomm.kohler.com/techcomm/cad/Faucet-Wall_Mount-Lavatory-KOHLER-Beam-K-26048IN.rfa,3d model,RFA,https://www.kohler.co.in/p/beam-single-control-wall-mount-lav-trim-assembly-26048in-4nd?skuId=26048IN-4ND-CP,True,asset_002572
26048IN-4ND-CP,https://techcomm.kohler.com/techcomm/cad/26048in_4ndpln.dxf,cad drawing,DXF,https://www.kohler.co.in/p/beam-single-control-wall-mount-lav-trim-assembly-26048in-4nd?skuId=26048IN-4ND-CP,True,asset_000797
26048IN-4ND-CP,https://techcomm.kohler.com/techcomm/cad/26048in_4ndpln.dwg,cad drawing,DWG,https://www.kohler.co.in/p/beam-single-control-wall-mount-lav-trim-assembly-26048in-4nd?skuId=26048IN-4ND-CP,True,asset_000796
26048IN-4ND-CP,https://techcomm.kohler.com/techcomm/cad/26048in_4ndfrt.dxf,cad drawing,DXF,https://www.kohler.co.in/p/beam-single-control-wall-mount-lav-trim-assembly-26048in-4nd?skuId=26048IN-4ND-CP,True,asset_000795
26048IN-4ND-CP,https://techcomm.kohler.com/techcomm/cad/26048in_4ndfrt.dwg,cad drawing,DWG,https://www.kohler.co.in/p/beam-single-control-wall-mount-lav-trim-assembly-26048in-4nd?skuId=26048IN-4ND-CP,True,asset_000794
26048IN-4ND-CP,https://techcomm.kohler.com/techcomm/cad/26048in_4ndsde.dxf,cad drawing,DXF,https://www.kohler.co.in/p/beam-single-control-wall-mount-lav-trim-assembly-26048in-4nd?skuId=26048IN-4ND-CP,True,asset_000799
26048IN-4ND-CP,https://techcomm.kohler.com/techcomm/cad/26048in_4ndsde.dwg,cad drawing,DWG,https://www.kohler.co.in/p/beam-single-control-wall-mount-lav-trim-assembly-26048in-4nd?skuId=26048IN-4ND-CP,True,asset_000798
26048IN-4ND-CP,https://techcomm.kohler.com/techcomm/cad/26048IN-4ND.dxf,cad drawing,DXF,https://www.kohler.co.in/p/beam-single-control-wall-mount-lav-trim-assembly-26048in-4nd?skuId=26048IN-4ND-CP,True,asset_000791
26048IN-4ND-CP,https://techcomm.kohler.com/techcomm/cad/26048IN-4ND.dwg,cad drawing,DWG,https://www.kohler.co.in/p/beam-single-control-wall-mount-lav-trim-assembly-26048in-4nd?skuId=26048IN-4ND-CP,True,asset_000790
26048IN-4ND-CP,https://techcomm.kohler.com/techcomm/pdf/K-26048IN-4ND_spec_IN_Kohler_en.pdf,spec sheet,PDF,https://www.kohler.co.in/p/beam-single-control-wall-mount-lav-trim-assembly-26048in-4nd?skuId=26048IN-4ND-CP,True,asset_003010
26048IN-4ND-CP,https://techcomm.kohler.com/techcomm/pdf/1392031-IN2.pdf,installation,PDF,https://www.kohler.co.in/p/beam-single-control-wall-mount-lav-trim-assembly-26048in-4nd?skuId=26048IN-4ND-CP,True,asset_002797
29310IN-4ND-AF,https://techcomm.kohler.com/techcomm/cad/29310IN-4ND.obj,3d model,OBJ,https://www.kohler.co.in/p/components-wall-mount-bathroom-sink-faucet-with-row-spout-and-oyl-handle-16-0-lpm-29310in-4nd?skuId=29310IN-4ND-AF,True,asset_001266
29310IN-4ND-AF,https://techcomm.kohler.com/techcomm/cad/29310IN-4ND.skp,3d model,SKP,https://www.kohler.co.in/p/components-wall-mount-bathroom-sink-faucet-with-row-spout-and-oyl-handle-16-0-lpm-29310in-4nd?skuId=29310IN-4ND-AF,True,asset_001267
29310IN-4ND-AF,https://techcomm.kohler.com/techcomm/cad/29310IN-4ND.3ds,3d model,3DS,https://www.kohler.co.in/p/components-wall-mount-bathroom-sink-faucet-with-row-spout-and-oyl-handle-16-0-lpm-29310in-4nd?skuId=29310IN-4ND-AF,True,asset_001263
29310IN-4ND-AF,https://techcomm.kohler.com/techcomm/cad/Faucet-Wall_Mount-Lavatory-KOHLER-Entry_Lux-K-29310IN.rfa,3d model,RFA,https://www.kohler.co.in/p/components-wall-mount-bathroom-sink-faucet-with-row-spout-and-oyl-handle-16-0-lpm-29310in-4nd?skuId=29310IN-4ND-AF,True,asset_002577
29310IN-4ND-AF,https://techcomm.kohler.com/techcomm/cad/29310in_4ndpln.dxf,cad drawing,DXF,https://www.kohler.co.in/p/components-wall-mount-bathroom-sink-faucet-with-row-spout-and-oyl-handle-16-0-lpm-29310in-4nd?skuId=29310IN-4ND-AF,True,asset_001271
29310IN-4ND-AF,https://techcomm.kohler.com/techcomm/cad/29310in_4ndpln.dwg,cad drawing,DWG,https://www.kohler.co.in/p/components-wall-mount-bathroom-sink-faucet-with-row-spout-and-oyl-handle-16-0-lpm-29310in-4nd?skuId=29310IN-4ND-AF,True,asset_001270
29310IN-4ND-AF,https://techcomm.kohler.com/techcomm/cad/29310in_4ndfrt.dxf,cad drawing,DXF,https://www.kohler.co.in/p/components-wall-mount-bathroom-sink-faucet-with-row-spout-and-oyl-handle-16-0-lpm-29310in-4nd?skuId=29310IN-4ND-AF,True,asset_001269
29310IN-4ND-AF,https://techcomm.kohler.com/techcomm/cad/29310in_4ndfrt.dwg,cad drawing,DWG,https://www.kohler.co.in/p/components-wall-mount-bathroom-sink-faucet-with-row-spout-and-oyl-handle-16-0-lpm-29310in-4nd?skuId=29310IN-4ND-AF,True,asset_001268
29310IN-4ND-AF,https://techcomm.kohler.com/techcomm/cad/29310in_4ndsde.dxf,cad drawing,DXF,https://www.kohler.co.in/p/components-wall-mount-bathroom-sink-faucet-with-row-spout-and-oyl-handle-16-0-lpm-29310in-4nd?skuId=29310IN-4ND-AF,True,asset_001273
29310IN-4ND-AF,https://techcomm.kohler.com/techcomm/cad/29310in_4ndsde.dwg,cad drawing,DWG,https://www.kohler.co.in/p/components-wall-mount-bathroom-sink-faucet-with-row-spout-and-oyl-handle-16-0-lpm-29310in-4nd?skuId=29310IN-4ND-AF,True,asset_001272
29310IN-4ND-AF,https://techcomm.kohler.com/techcomm/cad/29310IN-4ND.dxf,cad drawing,DXF,https://www.kohler.co.in/p/components-wall-mount-bathroom-sink-faucet-with-row-spout-and-oyl-handle-16-0-lpm-29310in-4nd?skuId=29310IN-4ND-AF,True,asset_001265
29310IN-4ND-AF,https://techcomm.kohler.com/techcomm/cad/29310IN-4ND.dwg,cad drawing,DWG,https://www.kohler.co.in/p/components-wall-mount-bathroom-sink-faucet-with-row-spout-and-oyl-handle-16-0-lpm-29310in-4nd?skuId=29310IN-4ND-AF,True,asset_001264
29310IN-4ND-AF,https://techcomm.kohler.com/techcomm/pdf/K-29310IN-4ND_spec_IN_Kohler_en.pdf,spec sheet,PDF,https://www.kohler.co.in/p/components-wall-mount-bathroom-sink-faucet-with-row-spout-and-oyl-handle-16-0-lpm-29310in-4nd?skuId=29310IN-4ND-AF,True,asset_003061
29310IN-4ND-AF,https://techcomm.kohler.com/techcomm/pdf/1594422-IN2.pdf,installation,PDF,https://www.kohler.co.in/p/components-wall-mount-bathroom-sink-faucet-with-row-spout-and-oyl-handle-16-0-lpm-29310in-4nd?skuId=29310IN-4ND-AF,True,asset_002864
8670IN-4M-CP,https://techcomm.kohler.com/techcomm/cad/8670IN-4M.obj,3d model,OBJ,https://www.kohler.co.in/p/finial-widespread-lavatory-faucet-with-lever-handles-and-pop-up-drain-in-polished-chrome-8670in-4m?skuId=8670IN-4M-CP,True,asset_002181
8670IN-4M-CP,https://techcomm.kohler.com/techcomm/cad/8670IN-4M.skp,3d model,SKP,https://www.kohler.co.in/p/finial-widespread-lavatory-faucet-with-lever-handles-and-pop-up-drain-in-polished-chrome-8670in-4m?skuId=8670IN-4M-CP,True,asset_002182
8670IN-4M-CP,https://techcomm.kohler.com/techcomm/cad/8670IN-4M.3ds,3d model,3DS,https://www.kohler.co.in/p/finial-widespread-lavatory-faucet-with-lever-handles-and-pop-up-drain-in-polished-chrome-8670in-4m?skuId=8670IN-4M-CP,True,asset_002178
8670IN-4M-CP,https://techcomm.kohler.com/techcomm/cad/Faucet-Lavatory-KOHLER-Finial_Traditional-K-8670IN.rfa,3d model,RFA,https://www.kohler.co.in/p/finial-widespread-lavatory-faucet-with-lever-handles-and-pop-up-drain-in-polished-chrome-8670in-4m?skuId=8670IN-4M-CP,True,asset_002526
8670IN-4M-CP,https://techcomm.kohler.com/techcomm/cad/8670in_4mpln.dxf,cad drawing,DXF,https://www.kohler.co.in/p/finial-widespread-lavatory-faucet-with-lever-handles-and-pop-up-drain-in-polished-chrome-8670in-4m?skuId=8670IN-4M-CP,True,asset_002189
8670IN-4M-CP,https://techcomm.kohler.com/techcomm/cad/8670in_4mpln.dwg,cad drawing,DWG,https://www.kohler.co.in/p/finial-widespread-lavatory-faucet-with-lever-handles-and-pop-up-drain-in-polished-chrome-8670in-4m?skuId=8670IN-4M-CP,True,asset_002188
8670IN-4M-CP,https://techcomm.kohler.com/techcomm/cad/8670in_4mfrt.dxf,cad drawing,DXF,https://www.kohler.co.in/p/finial-widespread-lavatory-faucet-with-lever-handles-and-pop-up-drain-in-polished-chrome-8670in-4m?skuId=8670IN-4M-CP,True,asset_002187
8670IN-4M-CP,https://techcomm.kohler.com/techcomm/cad/8670in_4mfrt.dwg,cad drawing,DWG,https://www.kohler.co.in/p/finial-widespread-lavatory-faucet-with-lever-handles-and-pop-up-drain-in-polished-chrome-8670in-4m?skuId=8670IN-4M-CP,True,asset_002186
8670IN-4M-CP,https://techcomm.kohler.com/techcomm/cad/8670in_4msde.dxf,cad drawing,DXF,https://www.kohler.co.in/p/finial-widespread-lavatory-faucet-with-lever-handles-and-pop-up-drain-in-polished-chrome-8670in-4m?skuId=8670IN-4M-CP,True,asset_002191
8670IN-4M-CP,https://techcomm.kohler.com/techcomm/cad/8670in_4msde.dwg,cad drawing,DWG,https://www.kohler.co.in/p/finial-widespread-lavatory-faucet-with-lever-handles-and-pop-up-drain-in-polished-chrome-8670in-4m?skuId=8670IN-4M-CP,True,asset_002190
8670IN-4M-CP,https://techcomm.kohler.com/techcomm/cad/8670IN-4M.dxf,cad drawing,DXF,https://www.kohler.co.in/p/finial-widespread-lavatory-faucet-with-lever-handles-and-pop-up-drain-in-polished-chrome-8670in-4m?skuId=8670IN-4M-CP,True,asset_002180
8670IN-4M-CP,https://techcomm.kohler.com/techcomm/cad/8670IN-4M.dwg,cad drawing,DWG,https://www.kohler.co.in/p/finial-widespread-lavatory-faucet-with-lever-handles-and-pop-up-drain-in-polished-chrome-8670in-4m?skuId=8670IN-4M-CP,True,asset_002179
8670IN-4M-CP,https://techcomm.kohler.com/techcomm/pdf/8670.pdf,spec sheet,PDF,https://www.kohler.co.in/p/finial-widespread-lavatory-faucet-with-lever-handles-and-pop-up-drain-in-polished-chrome-8670in-4m?skuId=8670IN-4M-CP,True,asset_002914
98068T-3M-CP,https://techcomm.kohler.com/techcomm/cad/98068T-3M.obj,3d model,OBJ,https://www.kohler.co.in/p/artifacts-classic-style-handles-98068t-3m?skuId=98068T-3M-CP,True,asset_002377
98068T-3M-CP,https://techcomm.kohler.com/techcomm/cad/98068T-3M.skp,3d model,SKP,https://www.kohler.co.in/p/artifacts-classic-style-handles-98068t-3m?skuId=98068T-3M-CP,True,asset_002378
98068T-3M-CP,https://techcomm.kohler.com/techcomm/cad/98068T-3M.3ds,3d model,3DS,https://www.kohler.co.in/p/artifacts-classic-style-handles-98068t-3m?skuId=98068T-3M-CP,True,asset_002374
98068T-3M-CP,https://techcomm.kohler.com/techcomm/cad/Faucet-Handle-KOHLER-ARTIFACTS-K-98068T.zip,3d model,RFA,https://www.kohler.co.in/p/artifacts-classic-style-handles-98068t-3m?skuId=98068T-3M-CP,True,asset_002508
98068T-3M-CP,https://techcomm.kohler.com/techcomm/cad/98068t_3mpln.dxf,cad drawing,DXF,https://www.kohler.co.in/p/artifacts-classic-style-handles-98068t-3m?skuId=98068T-3M-CP,True,asset_002387
98068T-3M-CP,https://techcomm.kohler.com/techcomm/cad/98068t_3mpln.dwg,cad drawing,DWG,https://www.kohler.co.in/p/artifacts-classic-style-handles-98068t-3m?skuId=98068T-3M-CP,True,asset_002386
98068T-3M-CP,https://techcomm.kohler.com/techcomm/cad/98068t_3mfrt.dxf,cad drawing,DXF,https://www.kohler.co.in/p/artifacts-classic-style-handles-98068t-3m?skuId=98068T-3M-CP,True,asset_002385
98068T-3M-CP,https://techcomm.kohler.com/techcomm/cad/98068t_3mfrt.dwg,cad drawing,DWG,https://www.kohler.co.in/p/artifacts-classic-style-handles-98068t-3m?skuId=98068T-3M-CP,True,asset_002384
98068T-3M-CP,https://techcomm.kohler.com/techcomm/cad/98068t_3msde.dxf,cad drawing,DXF,https://www.kohler.co.in/p/artifacts-classic-style-handles-98068t-3m?skuId=98068T-3M-CP,True,asset_002389
98068T-3M-CP,https://techcomm.kohler.com/techcomm/cad/98068t_3msde.dwg,cad drawing,DWG,https://www.kohler.co.in/p/artifacts-classic-style-handles-98068t-3m?skuId=98068T-3M-CP,True,asset_002388
98068T-3M-CP,https://techcomm.kohler.com/techcomm/cad/98068T-3M.dxf,cad drawing,DXF,https://www.kohler.co.in/p/artifacts-classic-style-handles-98068t-3m?skuId=98068T-3M-CP,True,asset_002376
98068T-3M-CP,https://techcomm.kohler.com/techcomm/cad/98068T-3M.dwg,cad drawing,DWG,https://www.kohler.co.in/p/artifacts-classic-style-handles-98068t-3m?skuId=98068T-3M-CP,True,asset_002375
98068T-3M-CP,https://techcomm.kohler.com/techcomm/pdf/1470631043_1282372-X4-A_ARTIFACTS_98068T-3M.pdf,spec sheet,PDF,https://www.kohler.co.in/p/artifacts-classic-style-handles-98068t-3m?skuId=98068T-3M-CP,True,asset_002829
98068T-3M-CP,https://techcomm.kohler.com/techcomm/pdf/1558668801604_72758_72758_72760_72777_72778_98068.pdf,installation,PDF,https://www.kohler.co.in/p/artifacts-classic-style-handles-98068t-3m?skuId=98068T-3M-CP,True,asset_002854
73060T-9GCH-TT,https://techcomm.kohler.com/techcomm/cad/73060T-9GCH.obj,3d model,OBJ,https://www.kohler.co.in/p/composed-liu-guang-jing-yun-widespread-bathroom-sink-faucet-4-5-lpm-73060t-9gch?skuId=73060T-9GCH-TT,True,asset_001960
73060T-9GCH-TT,https://techcomm.kohler.com/techcomm/cad/73060T-9GCH.skp,3d model,SKP,https://www.kohler.co.in/p/composed-liu-guang-jing-yun-widespread-bathroom-sink-faucet-4-5-lpm-73060t-9gch?skuId=73060T-9GCH-TT,True,asset_001961
73060T-9GCH-TT,https://techcomm.kohler.com/techcomm/cad/73060T-9GCH.3ds,3d model,3DS,https://www.kohler.co.in/p/composed-liu-guang-jing-yun-widespread-bathroom-sink-faucet-4-5-lpm-73060t-9gch?skuId=73060T-9GCH-TT,True,asset_001957
73060T-9GCH-TT,https://techcomm.kohler.com/techcomm/cad/Faucet-Lavatory-KOHLER-COMPOSED-K-73060T.zip,3d model,RFA,https://www.kohler.co.in/p/composed-liu-guang-jing-yun-widespread-bathroom-sink-faucet-4-5-lpm-73060t-9gch?skuId=73060T-9GCH-TT,True,asset_002522
73060T-9GCH-TT,https://techcomm.kohler.com/techcomm/cad/73060t_9gchpln.dxf,cad drawing,DXF,https://www.kohler.co.in/p/composed-liu-guang-jing-yun-widespread-bathroom-sink-faucet-4-5-lpm-73060t-9gch?skuId=73060T-9GCH-TT,True,asset_001965
73060T-9GCH-TT,https://techcomm.kohler.com/techcomm/cad/73060t_9gchpln.dwg,cad drawing,DWG,https://www.kohler.co.in/p/composed-liu-guang-jing-yun-widespread-bathroom-sink-faucet-4-5-lpm-73060t-9gch?skuId=73060T-9GCH-TT,True,asset_001964
73060T-9GCH-TT,https://techcomm.kohler.com/techcomm/cad/73060t_9gchfrt.dxf,cad drawing,DXF,https://www.kohler.co.in/p/composed-liu-guang-jing-yun-widespread-bathroom-sink-faucet-4-5-lpm-73060t-9gch?skuId=73060T-9GCH-TT,True,asset_001963
73060T-9GCH-TT,https://techcomm.kohler.com/techcomm/cad/73060t_9gchfrt.dwg,cad drawing,DWG,https://www.kohler.co.in/p/composed-liu-guang-jing-yun-widespread-bathroom-sink-faucet-4-5-lpm-73060t-9gch?skuId=73060T-9GCH-TT,True,asset_001962
73060T-9GCH-TT,https://techcomm.kohler.com/techcomm/cad/73060t_9gchsde.dxf,cad drawing,DXF,https://www.kohler.co.in/p/composed-liu-guang-jing-yun-widespread-bathroom-sink-faucet-4-5-lpm-73060t-9gch?skuId=73060T-9GCH-TT,True,asset_001967
73060T-9GCH-TT,https://techcomm.kohler.com/techcomm/cad/73060t_9gchsde.dwg,cad drawing,DWG,https://www.kohler.co.in/p/composed-liu-guang-jing-yun-widespread-bathroom-sink-faucet-4-5-lpm-73060t-9gch?skuId=73060T-9GCH-TT,True,asset_001966
73060T-9GCH-TT,https://techcomm.kohler.com/techcomm/cad/73060T-9GCH.dxf,cad drawing,DXF,https://www.kohler.co.in/p/composed-liu-guang-jing-yun-widespread-bathroom-sink-faucet-4-5-lpm-73060t-9gch?skuId=73060T-9GCH-TT,True,asset_001959
73060T-9GCH-TT,https://techcomm.kohler.com/techcomm/cad/73060T-9GCH.dwg,cad drawing,DWG,https://www.kohler.co.in/p/composed-liu-guang-jing-yun-widespread-bathroom-sink-faucet-4-5-lpm-73060t-9gch?skuId=73060T-9GCH-TT,True,asset_001958
73060T-9GCH-TT,https://techcomm.kohler.com/techcomm/pdf/1535448202463_73060T-9ACH&9GCH.pdf,installation,PDF,https://www.kohler.co.in/p/composed-liu-guang-jing-yun-widespread-bathroom-sink-faucet-4-5-lpm-73060t-9gch?skuId=73060T-9GCH-TT,True,asset_002849
13491T-4-RGD,https://techcomm.kohler.com/techcomm/cad/13491T-4.obj,3d model,OBJ,https://www.kohler.co.in/p/kelston-dual-handle-8-203-mm-lavatory-faucet-13491t-4?skuId=13491T-4-RGD,True,asset_000070
13491T-4-RGD,https://techcomm.kohler.com/techcomm/cad/13491T-4.skp,3d model,SKP,https://www.kohler.co.in/p/kelston-dual-handle-8-203-mm-lavatory-faucet-13491t-4?skuId=13491T-4-RGD,True,asset_000071
13491T-4-RGD,https://techcomm.kohler.com/techcomm/cad/13491T-4.3ds,3d model,3DS,https://www.kohler.co.in/p/kelston-dual-handle-8-203-mm-lavatory-faucet-13491t-4?skuId=13491T-4-RGD,True,asset_000067
13491T-4-RGD,https://techcomm.kohler.com/techcomm/cad/Faucet-Lavatory-KOHLER-KELSTON-K-13491T.rfa,3d model,RFA,https://www.kohler.co.in/p/kelston-dual-handle-8-203-mm-lavatory-faucet-13491t-4?skuId=13491T-4-RGD,True,asset_002530
13491T-4-RGD,https://techcomm.kohler.com/techcomm/cad/13491t_4pln.dxf,cad drawing,DXF,https://www.kohler.co.in/p/kelston-dual-handle-8-203-mm-lavatory-faucet-13491t-4?skuId=13491T-4-RGD,True,asset_000075
13491T-4-RGD,https://techcomm.kohler.com/techcomm/cad/13491t_4pln.dwg,cad drawing,DWG,https://www.kohler.co.in/p/kelston-dual-handle-8-203-mm-lavatory-faucet-13491t-4?skuId=13491T-4-RGD,True,asset_000074
13491T-4-RGD,https://techcomm.kohler.com/techcomm/cad/13491t_4frt.dxf,cad drawing,DXF,https://www.kohler.co.in/p/kelston-dual-handle-8-203-mm-lavatory-faucet-13491t-4?skuId=13491T-4-RGD,True,asset_000073
13491T-4-RGD,https://techcomm.kohler.com/techcomm/cad/13491t_4frt.dwg,cad drawing,DWG,https://www.kohler.co.in/p/kelston-dual-handle-8-203-mm-lavatory-faucet-13491t-4?skuId=13491T-4-RGD,True,asset_000072
13491T-4-RGD,https://techcomm.kohler.com/techcomm/cad/13491t_4sde.dxf,cad drawing,DXF,https://www.kohler.co.in/p/kelston-dual-handle-8-203-mm-lavatory-faucet-13491t-4?skuId=13491T-4-RGD,True,asset_000077
13491T-4-RGD,https://techcomm.kohler.com/techcomm/cad/13491t_4sde.dwg,cad drawing,DWG,https://www.kohler.co.in/p/kelston-dual-handle-8-203-mm-lavatory-faucet-13491t-4?skuId=13491T-4-RGD,True,asset_000076
13491T-4-RGD,https://techcomm.kohler.com/techcomm/cad/13491T-4.dxf,cad drawing,DXF,https://www.kohler.co.in/p/kelston-dual-handle-8-203-mm-lavatory-faucet-13491t-4?skuId=13491T-4-RGD,True,asset_000069
13491T-4-RGD,https://techcomm.kohler.com/techcomm/cad/13491T-4.dwg,cad drawing,DWG,https://www.kohler.co.in/p/kelston-dual-handle-8-203-mm-lavatory-faucet-13491t-4?skuId=13491T-4-RGD,True,asset_000068
13491T-4-RGD,https://techcomm.kohler.com/techcomm/pdf/1398147858_ri_13491t_4.pdf,spec sheet,PDF,https://www.kohler.co.in/p/kelston-dual-handle-8-203-mm-lavatory-faucet-13491t-4?skuId=13491T-4-RGD,True,asset_002801
13491T-4-RGD,https://techcomm.kohler.com/techcomm/pdf/k_13491t_4.pdf,installation,PDF,https://www.kohler.co.in/p/kelston-dual-handle-8-203-mm-lavatory-faucet-13491t-4?skuId=13491T-4-RGD,True,asset_003178
72758T-CP,https://techcomm.kohler.com/techcomm/cad/72758T.obj,3d model,OBJ,https://www.kohler.co.in/p/artifacts-widespread-lav-faucets-tea-72758t?skuId=72758T-CP,True,asset_001839
72758T-CP,https://techcomm.kohler.com/techcomm/cad/72758T.skp,3d model,SKP,https://www.kohler.co.in/p/artifacts-widespread-lav-faucets-tea-72758t?skuId=72758T-CP,True,asset_001840
72758T-CP,https://techcomm.kohler.com/techcomm/cad/72758T.3ds,3d model,3DS,https://www.kohler.co.in/p/artifacts-widespread-lav-faucets-tea-72758t?skuId=72758T-CP,True,asset_001836
72758T-CP,https://techcomm.kohler.com/techcomm/cad/Faucet-Lavatory-Spout-KOHLER-ARTIFACTS-K-72758T.zip,3d model,RFA,https://www.kohler.co.in/p/artifacts-widespread-lav-faucets-tea-72758t?skuId=72758T-CP,True,asset_002537
72758T-CP,https://techcomm.kohler.com/techcomm/cad/72758tpln.dxf,cad drawing,DXF,https://www.kohler.co.in/p/artifacts-widespread-lav-faucets-tea-72758t?skuId=72758T-CP,True,asset_001844
72758T-CP,https://techcomm.kohler.com/techcomm/cad/72758tpln.dwg,cad drawing,DWG,https://www.kohler.co.in/p/artifacts-widespread-lav-faucets-tea-72758t?skuId=72758T-CP,True,asset_001843
72758T-CP,https://techcomm.kohler.com/techcomm/cad/72758tfrt.dxf,cad drawing,DXF,https://www.kohler.co.in/p/artifacts-widespread-lav-faucets-tea-72758t?skuId=72758T-CP,True,asset_001842
72758T-CP,https://techcomm.kohler.com/techcomm/cad/72758tfrt.dwg,cad drawing,DWG,https://www.kohler.co.in/p/artifacts-widespread-lav-faucets-tea-72758t?skuId=72758T-CP,True,asset_001841
72758T-CP,https://techcomm.kohler.com/techcomm/cad/72758tsde.dxf,cad drawing,DXF,https://www.kohler.co.in/p/artifacts-widespread-lav-faucets-tea-72758t?skuId=72758T-CP,True,asset_001846
72758T-CP,https://techcomm.kohler.com/techcomm/cad/72758tsde.dwg,cad drawing,DWG,https://www.kohler.co.in/p/artifacts-widespread-lav-faucets-tea-72758t?skuId=72758T-CP,True,asset_001845
72758T-CP,https://techcomm.kohler.com/techcomm/cad/72758T.dxf,cad drawing,DXF,https://www.kohler.co.in/p/artifacts-widespread-lav-faucets-tea-72758t?skuId=72758T-CP,True,asset_001838
72758T-CP,https://techcomm.kohler.com/techcomm/cad/72758T.dwg,cad drawing,DWG,https://www.kohler.co.in/p/artifacts-widespread-lav-faucets-tea-72758t?skuId=72758T-CP,True,asset_001837
72758T-CP,https://techcomm.kohler.com/techcomm/pdf/1469085106_1271108-X4-A_ARTIFACTS_72758T.pdf,spec sheet,PDF,https://www.kohler.co.in/p/artifacts-widespread-lav-faucets-tea-72758t?skuId=72758T-CP,True,asset_002826
72758T-CP,https://techcomm.kohler.com/techcomm/pdf/1558668801604_72758_72758_72760_72777_72778_98068.pdf,installation,PDF,https://www.kohler.co.in/p/artifacts-widespread-lav-faucets-tea-72758t?skuId=72758T-CP,True,asset_002854
72759T-CP,https://techcomm.kohler.com/techcomm/cad/72759T.obj,3d model,OBJ,https://www.kohler.co.in/p/artifacts-widespread-lav-faucets-bell-72759t?skuId=72759T-CP,True,asset_001850
72759T-CP,https://techcomm.kohler.com/techcomm/cad/72759T.skp,3d model,SKP,https://www.kohler.co.in/p/artifacts-widespread-lav-faucets-bell-72759t?skuId=72759T-CP,True,asset_001851
72759T-CP,https://techcomm.kohler.com/techcomm/cad/72759T.3ds,3d model,3DS,https://www.kohler.co.in/p/artifacts-widespread-lav-faucets-bell-72759t?skuId=72759T-CP,True,asset_001847
72759T-CP,https://techcomm.kohler.com/techcomm/cad/Faucet-Lavatory-Spout-KOHLER-ARTIFACTS-K-72759T.zip,3d model,RFA,https://www.kohler.co.in/p/artifacts-widespread-lav-faucets-bell-72759t?skuId=72759T-CP,True,asset_002538
72759T-CP,https://techcomm.kohler.com/techcomm/cad/72759tpln.dxf,cad drawing,DXF,https://www.kohler.co.in/p/artifacts-widespread-lav-faucets-bell-72759t?skuId=72759T-CP,True,asset_001855
72759T-CP,https://techcomm.kohler.com/techcomm/cad/72759tpln.dwg,cad drawing,DWG,https://www.kohler.co.in/p/artifacts-widespread-lav-faucets-bell-72759t?skuId=72759T-CP,True,asset_001854
72759T-CP,https://techcomm.kohler.com/techcomm/cad/72759tfrt.dxf,cad drawing,DXF,https://www.kohler.co.in/p/artifacts-widespread-lav-faucets-bell-72759t?skuId=72759T-CP,True,asset_001853
72759T-CP,https://techcomm.kohler.com/techcomm/cad/72759tfrt.dwg,cad drawing,DWG,https://www.kohler.co.in/p/artifacts-widespread-lav-faucets-bell-72759t?skuId=72759T-CP,True,asset_001852
72759T-CP,https://techcomm.kohler.com/techcomm/cad/72759tsde.dxf,cad drawing,DXF,https://www.kohler.co.in/p/artifacts-widespread-lav-faucets-bell-72759t?skuId=72759T-CP,True,asset_001857
72759T-CP,https://techcomm.kohler.com/techcomm/cad/72759tsde.dwg,cad drawing,DWG,https://www.kohler.co.in/p/artifacts-widespread-lav-faucets-bell-72759t?skuId=72759T-CP,True,asset_001856
72759T-CP,https://techcomm.kohler.com/techcomm/cad/72759T.dxf,cad drawing,DXF,https://www.kohler.co.in/p/artifacts-widespread-lav-faucets-bell-72759t?skuId=72759T-CP,True,asset_001849
72759T-CP,https://techcomm.kohler.com/techcomm/cad/72759T.dwg,cad drawing,DWG,https://www.kohler.co.in/p/artifacts-widespread-lav-faucets-bell-72759t?skuId=72759T-CP,True,asset_001848
72759T-CP,https://techcomm.kohler.com/techcomm/pdf/1469085080_1282369-X4-A_ARTIFACTS_72759T.pdf,spec sheet,PDF,https://www.kohler.co.in/p/artifacts-widespread-lav-faucets-bell-72759t?skuId=72759T-CP,True,asset_002825
72759T-CP,https://techcomm.kohler.com/techcomm/pdf/ri_72777.pdf,installation,PDF,https://www.kohler.co.in/p/artifacts-widespread-lav-faucets-bell-72759t?skuId=72759T-CP,True,asset_003181
72760T-CP,https://techcomm.kohler.com/techcomm/cad/72760T.obj,3d model,OBJ,https://www.kohler.co.in/p/artifacts-widespread-bathroom-sink-faucets-72760t?skuId=72760T-CP,True,asset_001861
72760T-CP,https://techcomm.kohler.com/techcomm/cad/72760T.skp,3d model,SKP,https://www.kohler.co.in/p/artifacts-widespread-bathroom-sink-faucets-72760t?skuId=72760T-CP,True,asset_001862
72760T-CP,https://techcomm.kohler.com/techcomm/cad/72760T.3ds,3d model,3DS,https://www.kohler.co.in/p/artifacts-widespread-bathroom-sink-faucets-72760t?skuId=72760T-CP,True,asset_001858
72760T-CP,https://techcomm.kohler.com/techcomm/cad/Faucet-Lavatory-Spout-KOHLER-ARTIFACTS-K-72760T.zip,3d model,RFA,https://www.kohler.co.in/p/artifacts-widespread-bathroom-sink-faucets-72760t?skuId=72760T-CP,True,asset_002539
72760T-CP,https://techcomm.kohler.com/techcomm/cad/72760tpln.dxf,cad drawing,DXF,https://www.kohler.co.in/p/artifacts-widespread-bathroom-sink-faucets-72760t?skuId=72760T-CP,True,asset_001866
72760T-CP,https://techcomm.kohler.com/techcomm/cad/72760tpln.dwg,cad drawing,DWG,https://www.kohler.co.in/p/artifacts-widespread-bathroom-sink-faucets-72760t?skuId=72760T-CP,True,asset_001865
72760T-CP,https://techcomm.kohler.com/techcomm/cad/72760tfrt.dxf,cad drawing,DXF,https://www.kohler.co.in/p/artifacts-widespread-bathroom-sink-faucets-72760t?skuId=72760T-CP,True,asset_001864
72760T-CP,https://techcomm.kohler.com/techcomm/cad/72760tfrt.dwg,cad drawing,DWG,https://www.kohler.co.in/p/artifacts-widespread-bathroom-sink-faucets-72760t?skuId=72760T-CP,True,asset_001863
72760T-CP,https://techcomm.kohler.com/techcomm/cad/72760tsde.dxf,cad drawing,DXF,https://www.kohler.co.in/p/artifacts-widespread-bathroom-sink-faucets-72760t?skuId=72760T-CP,True,asset_001868
72760T-CP,https://techcomm.kohler.com/techcomm/cad/72760tsde.dwg,cad drawing,DWG,https://www.kohler.co.in/p/artifacts-widespread-bathroom-sink-faucets-72760t?skuId=72760T-CP,True,asset_001867
72760T-CP,https://techcomm.kohler.com/techcomm/cad/72760T.dxf,cad drawing,DXF,https://www.kohler.co.in/p/artifacts-widespread-bathroom-sink-faucets-72760t?skuId=72760T-CP,True,asset_001860
72760T-CP,https://techcomm.kohler.com/techcomm/cad/72760T.dwg,cad drawing,DWG,https://www.kohler.co.in/p/artifacts-widespread-bathroom-sink-faucets-72760t?skuId=72760T-CP,True,asset_001859
72760T-CP,https://techcomm.kohler.com/techcomm/pdf/1469085453_1282370-X4-A_ARTIFACTS_72760T.pdf,spec sheet,PDF,https://www.kohler.co.in/p/artifacts-widespread-bathroom-sink-faucets-72760t?skuId=72760T-CP,True,asset_002827
72760T-CP,https://techcomm.kohler.com/techcomm/pdf/ri_72777.pdf,installation,PDF,https://www.kohler.co.in/p/artifacts-widespread-bathroom-sink-faucets-72760t?skuId=72760T-CP,True,asset_003181
98068T-9M-CP,https://techcomm.kohler.com/techcomm/cad/98068T-9M.obj,3d model,OBJ,https://www.kohler.co.in/p/artifacts-swing-lever-handles-98068t-9m?skuId=98068T-9M-CP,True,asset_002382
98068T-9M-CP,https://techcomm.kohler.com/techcomm/cad/98068T-9M.skp,3d model,SKP,https://www.kohler.co.in/p/artifacts-swing-lever-handles-98068t-9m?skuId=98068T-9M-CP,True,asset_002383
98068T-9M-CP,https://techcomm.kohler.com/techcomm/cad/98068T-9M.3ds,3d model,3DS,https://www.kohler.co.in/p/artifacts-swing-lever-handles-98068t-9m?skuId=98068T-9M-CP,True,asset_002379
98068T-9M-CP,https://techcomm.kohler.com/techcomm/cad/Faucet-Handle-KOHLER-ARTIFACTS-K-98068T.zip,3d model,RFA,https://www.kohler.co.in/p/artifacts-swing-lever-handles-98068t-9m?skuId=98068T-9M-CP,True,asset_002508
98068T-9M-CP,https://techcomm.kohler.com/techcomm/cad/98068t_9mpln.dxf,cad drawing,DXF,https://www.kohler.co.in/p/artifacts-swing-lever-handles-98068t-9m?skuId=98068T-9M-CP,True,asset_002393
98068T-9M-CP,https://techcomm.kohler.com/techcomm/cad/98068t_9mpln.dwg,cad drawing,DWG,https://www.kohler.co.in/p/artifacts-swing-lever-handles-98068t-9m?skuId=98068T-9M-CP,True,asset_002392
98068T-9M-CP,https://techcomm.kohler.com/techcomm/cad/98068t_9mfrt.dxf,cad drawing,DXF,https://www.kohler.co.in/p/artifacts-swing-lever-handles-98068t-9m?skuId=98068T-9M-CP,True,asset_002391
98068T-9M-CP,https://techcomm.kohler.com/techcomm/cad/98068t_9mfrt.dwg,cad drawing,DWG,https://www.kohler.co.in/p/artifacts-swing-lever-handles-98068t-9m?skuId=98068T-9M-CP,True,asset_002390
98068T-9M-CP,https://techcomm.kohler.com/techcomm/cad/98068t_9msde.dxf,cad drawing,DXF,https://www.kohler.co.in/p/artifacts-swing-lever-handles-98068t-9m?skuId=98068T-9M-CP,True,asset_002395
98068T-9M-CP,https://techcomm.kohler.com/techcomm/cad/98068t_9msde.dwg,cad drawing,DWG,https://www.kohler.co.in/p/artifacts-swing-lever-handles-98068t-9m?skuId=98068T-9M-CP,True,asset_002394
98068T-9M-CP,https://techcomm.kohler.com/techcomm/cad/98068T-9M.dxf,cad drawing,DXF,https://www.kohler.co.in/p/artifacts-swing-lever-handles-98068t-9m?skuId=98068T-9M-CP,True,asset_002381
98068T-9M-CP,https://techcomm.kohler.com/techcomm/cad/98068T-9M.dwg,cad drawing,DWG,https://www.kohler.co.in/p/artifacts-swing-lever-handles-98068t-9m?skuId=98068T-9M-CP,True,asset_002380
98068T-9M-CP,https://techcomm.kohler.com/techcomm/pdf/1470631241_1282373-X4-A_ARTIFACTS_98068T-9M.pdf,spec sheet,PDF,https://www.kohler.co.in/p/artifacts-swing-lever-handles-98068t-9m?skuId=98068T-9M-CP,True,asset_002830
98068T-9M-CP,https://techcomm.kohler.com/techcomm/pdf/1558668801604_72758_72758_72760_72777_72778_98068.pdf,installation,PDF,https://www.kohler.co.in/p/artifacts-swing-lever-handles-98068t-9m?skuId=98068T-9M-CP,True,asset_002854
8670T-4M-AF,https://techcomm.kohler.com/techcomm/cad/8670T-4M.obj,3d model,OBJ,https://www.kohler.co.in/p/finial-r-8-203-mm-widespread-bathroom-sink-faucet-8670t-4m?skuId=8670T-4M-AF,True,asset_002184
8670T-4M-AF,https://techcomm.kohler.com/techcomm/cad/8670T-4M.skp,3d model,SKP,https://www.kohler.co.in/p/finial-r-8-203-mm-widespread-bathroom-sink-faucet-8670t-4m?skuId=8670T-4M-AF,True,asset_002185
8670T-4M-AF,https://techcomm.kohler.com/techcomm/cad/8670T-4M.3ds,3d model,3DS,https://www.kohler.co.in/p/finial-r-8-203-mm-widespread-bathroom-sink-faucet-8670t-4m?skuId=8670T-4M-AF,True,asset_002183
8670T-4M-AF,https://techcomm.kohler.com/techcomm/cad/Faucet-Lavatory-KOHLER-Finial_Traditional-K-8670T.rfa,3d model,RFA,https://www.kohler.co.in/p/finial-r-8-203-mm-widespread-bathroom-sink-faucet-8670t-4m?skuId=8670T-4M-AF,True,asset_002527
8670T-4M-AF,https://techcomm.kohler.com/techcomm/cad/8670t_4mpln.dxf,cad drawing,DXF,https://www.kohler.co.in/p/finial-r-8-203-mm-widespread-bathroom-sink-faucet-8670t-4m?skuId=8670T-4M-AF,True,asset_002195
8670T-4M-AF,https://techcomm.kohler.com/techcomm/cad/8670t_4mpln.dwg,cad drawing,DWG,https://www.kohler.co.in/p/finial-r-8-203-mm-widespread-bathroom-sink-faucet-8670t-4m?skuId=8670T-4M-AF,True,asset_002194
8670T-4M-AF,https://techcomm.kohler.com/techcomm/cad/8670t_4mfrt.dxf,cad drawing,DXF,https://www.kohler.co.in/p/finial-r-8-203-mm-widespread-bathroom-sink-faucet-8670t-4m?skuId=8670T-4M-AF,True,asset_002193
8670T-4M-AF,https://techcomm.kohler.com/techcomm/cad/8670t_4mfrt.dwg,cad drawing,DWG,https://www.kohler.co.in/p/finial-r-8-203-mm-widespread-bathroom-sink-faucet-8670t-4m?skuId=8670T-4M-AF,True,asset_002192
8670T-4M-AF,https://techcomm.kohler.com/techcomm/cad/8670t_4msde.dxf,cad drawing,DXF,https://www.kohler.co.in/p/finial-r-8-203-mm-widespread-bathroom-sink-faucet-8670t-4m?skuId=8670T-4M-AF,True,asset_002197
8670T-4M-AF,https://techcomm.kohler.com/techcomm/cad/8670t_4msde.dwg,cad drawing,DWG,https://www.kohler.co.in/p/finial-r-8-203-mm-widespread-bathroom-sink-faucet-8670t-4m?skuId=8670T-4M-AF,True,asset_002196
8670T-4M-AF,https://techcomm.kohler.com/techcomm/pdf/1303728390_K-8670T.pdf,spec sheet,PDF,https://www.kohler.co.in/p/finial-r-8-203-mm-widespread-bathroom-sink-faucet-8670t-4m?skuId=8670T-4M-AF,True,asset_002786
8670T-4M-AF,https://techcomm.kohler.com/techcomm/pdf/1535706734110_8670T.pdf,installation,PDF,https://www.kohler.co.in/p/finial-r-8-203-mm-widespread-bathroom-sink-faucet-8670t-4m?skuId=8670T-4M-AF,True,asset_002850
18343T-0,https://techcomm.kohler.com/techcomm/cad/18343T.obj,3d model,OBJ,https://www.kohler.co.in/p/evok-1-6m-rectangular-freestanding-acrylic-bath-18343t?skuId=18343T-0,True,asset_000307
18343T-0,https://techcomm.kohler.com/techcomm/cad/18343T.skp,3d model,SKP,https://www.kohler.co.in/p/evok-1-6m-rectangular-freestanding-acrylic-bath-18343t?skuId=18343T-0,True,asset_000308
18343T-0,https://techcomm.kohler.com/techcomm/cad/18343T.3ds,3d model,3DS,https://www.kohler.co.in/p/evok-1-6m-rectangular-freestanding-acrylic-bath-18343t?skuId=18343T-0,True,asset_000304
18343T-0,https://techcomm.kohler.com/techcomm/cad/Bath-Freestanding-KOHLER-EVOK-K-18343T.rfa,3d model,RFA,https://www.kohler.co.in/p/evok-1-6m-rectangular-freestanding-acrylic-bath-18343t?skuId=18343T-0,True,asset_002486
18343T-0,https://techcomm.kohler.com/techcomm/cad/18343tpln.dxf,cad drawing,DXF,https://www.kohler.co.in/p/evok-1-6m-rectangular-freestanding-acrylic-bath-18343t?skuId=18343T-0,True,asset_000312
18343T-0,https://techcomm.kohler.com/techcomm/cad/18343tpln.dwg,cad drawing,DWG,https://www.kohler.co.in/p/evok-1-6m-rectangular-freestanding-acrylic-bath-18343t?skuId=18343T-0,True,asset_000311
18343T-0,https://techcomm.kohler.com/techcomm/cad/18343tfrt.dxf,cad drawing,DXF,https://www.kohler.co.in/p/evok-1-6m-rectangular-freestanding-acrylic-bath-18343t?skuId=18343T-0,True,asset_000310
18343T-0,https://techcomm.kohler.com/techcomm/cad/18343tfrt.dwg,cad drawing,DWG,https://www.kohler.co.in/p/evok-1-6m-rectangular-freestanding-acrylic-bath-18343t?skuId=18343T-0,True,asset_000309
18343T-0,https://techcomm.kohler.com/techcomm/cad/18343tsde.dxf,cad drawing,DXF,https://www.kohler.co.in/p/evok-1-6m-rectangular-freestanding-acrylic-bath-18343t?skuId=18343T-0,True,asset_000314
18343T-0,https://techcomm.kohler.com/techcomm/cad/18343tsde.dwg,cad drawing,DWG,https://www.kohler.co.in/p/evok-1-6m-rectangular-freestanding-acrylic-bath-18343t?skuId=18343T-0,True,asset_000313
18343T-0,https://techcomm.kohler.com/techcomm/cad/18343T.dxf,cad drawing,DXF,https://www.kohler.co.in/p/evok-1-6m-rectangular-freestanding-acrylic-bath-18343t?skuId=18343T-0,True,asset_000306
18343T-0,https://techcomm.kohler.com/techcomm/cad/18343T.dwg,cad drawing,DWG,https://www.kohler.co.in/p/evok-1-6m-rectangular-freestanding-acrylic-bath-18343t?skuId=18343T-0,True,asset_000305
18343T-0,https://files.kohler.com.cn/pdfs/18343T_r.pdf,spec sheet,PDF,https://www.kohler.co.in/p/evok-1-6m-rectangular-freestanding-acrylic-bath-18343t?skuId=18343T-0,True,asset_000001
18343T-0,https://techcomm.kohler.com/techcomm/pdf/K-18343T_spec_CN_Kohler_en.pdf,spec sheet,PDF,https://www.kohler.co.in/p/evok-1-6m-rectangular-freestanding-acrylic-bath-18343t?skuId=18343T-0,True,asset_002956
18343T-0,https://techcomm.kohler.com/techcomm/pdf/K-18343T_spec_IN_Kohler_en.pdf,spec sheet,PDF,https://www.kohler.co.in/p/evok-1-6m-rectangular-freestanding-acrylic-bath-18343t?skuId=18343T-0,True,asset_002957
18343T-0,https://techcomm.kohler.com/techcomm/pdf/18343t_18347t_18353t.pdf,installation,PDF,https://www.kohler.co.in/p/evok-1-6m-rectangular-freestanding-acrylic-bath-18343t?skuId=18343T-0,True,asset_002907
8331T-0,https://techcomm.kohler.com/techcomm/cad/8331T.obj,3d model,OBJ,https://www.kohler.co.in/p/veil-freestanding-lithocast-bath-8331t?skuId=8331T-0,True,asset_002170
8331T-0,https://techcomm.kohler.com/techcomm/cad/8331T.skp,3d model,SKP,https://www.kohler.co.in/p/veil-freestanding-lithocast-bath-8331t?skuId=8331T-0,True,asset_002171
8331T-0,https://techcomm.kohler.com/techcomm/cad/8331T.3ds,3d model,3DS,https://www.kohler.co.in/p/veil-freestanding-lithocast-bath-8331t?skuId=8331T-0,True,asset_002167
8331T-0,https://techcomm.kohler.com/techcomm/cad/Bath-Freestanding-KOHLER-Veil-K-8331T.rfa,3d model,RFA,https://www.kohler.co.in/p/veil-freestanding-lithocast-bath-8331t?skuId=8331T-0,True,asset_002488
8331T-0,https://techcomm.kohler.com/techcomm/cad/8331tpln.dxf,cad drawing,DXF,https://www.kohler.co.in/p/veil-freestanding-lithocast-bath-8331t?skuId=8331T-0,True,asset_002175
8331T-0,https://techcomm.kohler.com/techcomm/cad/8331tpln.dwg,cad drawing,DWG,https://www.kohler.co.in/p/veil-freestanding-lithocast-bath-8331t?skuId=8331T-0,True,asset_002174
8331T-0,https://techcomm.kohler.com/techcomm/cad/8331tfrt.dxf,cad drawing,DXF,https://www.kohler.co.in/p/veil-freestanding-lithocast-bath-8331t?skuId=8331T-0,True,asset_002173
8331T-0,https://techcomm.kohler.com/techcomm/cad/8331tfrt.dwg,cad drawing,DWG,https://www.kohler.co.in/p/veil-freestanding-lithocast-bath-8331t?skuId=8331T-0,True,asset_002172
8331T-0,https://techcomm.kohler.com/techcomm/cad/8331tsde.dxf,cad drawing,DXF,https://www.kohler.co.in/p/veil-freestanding-lithocast-bath-8331t?skuId=8331T-0,True,asset_002177
8331T-0,https://techcomm.kohler.com/techcomm/cad/8331tsde.dwg,cad drawing,DWG,https://www.kohler.co.in/p/veil-freestanding-lithocast-bath-8331t?skuId=8331T-0,True,asset_002176
8331T-0,https://techcomm.kohler.com/techcomm/cad/8331T.dxf,cad drawing,DXF,https://www.kohler.co.in/p/veil-freestanding-lithocast-bath-8331t?skuId=8331T-0,True,asset_002169
8331T-0,https://techcomm.kohler.com/techcomm/cad/8331T.dwg,cad drawing,DWG,https://www.kohler.co.in/p/veil-freestanding-lithocast-bath-8331t?skuId=8331T-0,True,asset_002168
8331T-0,https://techcomm.kohler.com/techcomm/pdf/170821_RI_K-8331T_final1.pdf,spec sheet,PDF,https://www.kohler.co.in/p/veil-freestanding-lithocast-bath-8331t?skuId=8331T-0,True,asset_002905
8331T-0,https://techcomm.kohler.com/techcomm/pdf/K-8331T_spec_IN_Kohler_en.pdf,spec sheet,PDF,https://www.kohler.co.in/p/veil-freestanding-lithocast-bath-8331t?skuId=8331T-0,True,asset_003140
8331T-0,https://techcomm.kohler.com/techcomm/pdf/1329949-T01_C2.pdf,installation,PDF,https://www.kohler.co.in/p/veil-freestanding-lithocast-bath-8331t?skuId=8331T-0,True,asset_002788
11195T-0,https://techcomm.kohler.com/techcomm/cad/11195T.obj,3d model,OBJ,https://www.kohler.co.in/p/cleo-1-7m-freestanding-cast-iron-bath-11195t?skuId=11195T-0,True,asset_000029
11195T-0,https://techcomm.kohler.com/techcomm/cad/11195T.skp,3d model,SKP,https://www.kohler.co.in/p/cleo-1-7m-freestanding-cast-iron-bath-11195t?skuId=11195T-0,True,asset_000030
11195T-0,https://techcomm.kohler.com/techcomm/cad/11195T.3ds,3d model,3DS,https://www.kohler.co.in/p/cleo-1-7m-freestanding-cast-iron-bath-11195t?skuId=11195T-0,True,asset_000026
11195T-0,https://techcomm.kohler.com/techcomm/cad/Bath-Freestanding-KOHLER-CLEO-K-11195T.rfa,3d model,RFA,https://www.kohler.co.in/p/cleo-1-7m-freestanding-cast-iron-bath-11195t?skuId=11195T-0,True,asset_002485
11195T-0,https://techcomm.kohler.com/techcomm/cad/11195tpln.dxf,cad drawing,DXF,https://www.kohler.co.in/p/cleo-1-7m-freestanding-cast-iron-bath-11195t?skuId=11195T-0,True,asset_000034
11195T-0,https://techcomm.kohler.com/techcomm/cad/11195tpln.dwg,cad drawing,DWG,https://www.kohler.co.in/p/cleo-1-7m-freestanding-cast-iron-bath-11195t?skuId=11195T-0,True,asset_000033
11195T-0,https://techcomm.kohler.com/techcomm/cad/11195tfrt.dxf,cad drawing,DXF,https://www.kohler.co.in/p/cleo-1-7m-freestanding-cast-iron-bath-11195t?skuId=11195T-0,True,asset_000032
11195T-0,https://techcomm.kohler.com/techcomm/cad/11195tfrt.dwg,cad drawing,DWG,https://www.kohler.co.in/p/cleo-1-7m-freestanding-cast-iron-bath-11195t?skuId=11195T-0,True,asset_000031
11195T-0,https://techcomm.kohler.com/techcomm/cad/11195tsde.dxf,cad drawing,DXF,https://www.kohler.co.in/p/cleo-1-7m-freestanding-cast-iron-bath-11195t?skuId=11195T-0,True,asset_000036
11195T-0,https://techcomm.kohler.com/techcomm/cad/11195tsde.dwg,cad drawing,DWG,https://www.kohler.co.in/p/cleo-1-7m-freestanding-cast-iron-bath-11195t?skuId=11195T-0,True,asset_000035
11195T-0,https://techcomm.kohler.com/techcomm/cad/11195T.dxf,cad drawing,DXF,https://www.kohler.co.in/p/cleo-1-7m-freestanding-cast-iron-bath-11195t?skuId=11195T-0,True,asset_000028
11195T-0,https://techcomm.kohler.com/techcomm/cad/11195T.dwg,cad drawing,DWG,https://www.kohler.co.in/p/cleo-1-7m-freestanding-cast-iron-bath-11195t?skuId=11195T-0,True,asset_000027
11195T-0,https://techcomm.kohler.com/techcomm/pdf/K-11195T_spec_IN_Kohler_en.pdf,spec sheet,PDF,https://www.kohler.co.in/p/cleo-1-7m-freestanding-cast-iron-bath-11195t?skuId=11195T-0,True,asset_002924
11195T-0,https://techcomm.kohler.com/techcomm/pdf/k11195t_2901t.pdf,installation,PDF,https://www.kohler.co.in/p/cleo-1-7m-freestanding-cast-iron-bath-11195t?skuId=11195T-0,True,asset_003176
1800T-0,https://techcomm.kohler.com/techcomm/cad/1800T.obj,3d model,OBJ,https://www.kohler.co.in/p/abrazo-1-6m-freestanding-lithocast-bath-1800t?skuId=1800T-0,True,asset_000296
1800T-0,https://techcomm.kohler.com/techcomm/cad/1800T.skp,3d model,SKP,https://www.kohler.co.in/p/abrazo-1-6m-freestanding-lithocast-bath-1800t?skuId=1800T-0,True,asset_000297
1800T-0,https://techcomm.kohler.com/techcomm/cad/1800T.3ds,3d model,3DS,https://www.kohler.co.in/p/abrazo-1-6m-freestanding-lithocast-bath-1800t?skuId=1800T-0,True,asset_000293
1800T-0,https://techcomm.kohler.com/techcomm/cad/Bath-Freestanding-KOHLER-ABRAZO-K-1800T.rfa,3d model,RFA,https://www.kohler.co.in/p/abrazo-1-6m-freestanding-lithocast-bath-1800t?skuId=1800T-0,True,asset_002484
1800T-0,https://techcomm.kohler.com/techcomm/cad/1800tpln.dxf,cad drawing,DXF,https://www.kohler.co.in/p/abrazo-1-6m-freestanding-lithocast-bath-1800t?skuId=1800T-0,True,asset_000301
1800T-0,https://techcomm.kohler.com/techcomm/cad/1800tpln.dwg,cad drawing,DWG,https://www.kohler.co.in/p/abrazo-1-6m-freestanding-lithocast-bath-1800t?skuId=1800T-0,True,asset_000300
1800T-0,https://techcomm.kohler.com/techcomm/cad/1800tfrt.dxf,cad drawing,DXF,https://www.kohler.co.in/p/abrazo-1-6m-freestanding-lithocast-bath-1800t?skuId=1800T-0,True,asset_000299
1800T-0,https://techcomm.kohler.com/techcomm/cad/1800tfrt.dwg,cad drawing,DWG,https://www.kohler.co.in/p/abrazo-1-6m-freestanding-lithocast-bath-1800t?skuId=1800T-0,True,asset_000298
1800T-0,https://techcomm.kohler.com/techcomm/cad/1800tsde.dxf,cad drawing,DXF,https://www.kohler.co.in/p/abrazo-1-6m-freestanding-lithocast-bath-1800t?skuId=1800T-0,True,asset_000303
1800T-0,https://techcomm.kohler.com/techcomm/cad/1800tsde.dwg,cad drawing,DWG,https://www.kohler.co.in/p/abrazo-1-6m-freestanding-lithocast-bath-1800t?skuId=1800T-0,True,asset_000302
1800T-0,https://techcomm.kohler.com/techcomm/cad/1800T.dxf,cad drawing,DXF,https://www.kohler.co.in/p/abrazo-1-6m-freestanding-lithocast-bath-1800t?skuId=1800T-0,True,asset_000295
1800T-0,https://techcomm.kohler.com/techcomm/cad/1800T.dwg,cad drawing,DWG,https://www.kohler.co.in/p/abrazo-1-6m-freestanding-lithocast-bath-1800t?skuId=1800T-0,True,asset_000294
1800T-0,https://techcomm.kohler.com/techcomm/pdf/K-1800T_spec_IN_Kohler_en.pdf,spec sheet,PDF,https://www.kohler.co.in/p/abrazo-1-6m-freestanding-lithocast-bath-1800t?skuId=1800T-0,True,asset_002955
1800T-0,https://techcomm.kohler.com/techcomm/pdf/1800t.pdf,installation,PDF,https://www.kohler.co.in/p/abrazo-1-6m-freestanding-lithocast-bath-1800t?skuId=1800T-0,True,asset_002906
20249T-0,https://techcomm.kohler.com/techcomm/cad/20249T.obj,3d model,OBJ,https://www.kohler.co.in/p/karing-1-8m-oval-lithocast-bath-20249t?skuId=20249T-0,True,asset_000384
20249T-0,https://techcomm.kohler.com/techcomm/cad/20249T.skp,3d model,SKP,https://www.kohler.co.in/p/karing-1-8m-oval-lithocast-bath-20249t?skuId=20249T-0,True,asset_000385
20249T-0,https://techcomm.kohler.com/techcomm/cad/20249T.3ds,3d model,3DS,https://www.kohler.co.in/p/karing-1-8m-oval-lithocast-bath-20249t?skuId=20249T-0,True,asset_000381
20249T-0,https://techcomm.kohler.com/techcomm/cad/Bath-Freestanding-KOHLER-KARING-K-20249T.rfa,3d model,RFA,https://www.kohler.co.in/p/karing-1-8m-oval-lithocast-bath-20249t?skuId=20249T-0,True,asset_002487
20249T-0,https://techcomm.kohler.com/techcomm/cad/20249tpln.dxf,cad drawing,DXF,https://www.kohler.co.in/p/karing-1-8m-oval-lithocast-bath-20249t?skuId=20249T-0,True,asset_000389
20249T-0,https://techcomm.kohler.com/techcomm/cad/20249tpln.dwg,cad drawing,DWG,https://www.kohler.co.in/p/karing-1-8m-oval-lithocast-bath-20249t?skuId=20249T-0,True,asset_000388
20249T-0,https://techcomm.kohler.com/techcomm/cad/20249tfrt.dxf,cad drawing,DXF,https://www.kohler.co.in/p/karing-1-8m-oval-lithocast-bath-20249t?skuId=20249T-0,True,asset_000387
20249T-0,https://techcomm.kohler.com/techcomm/cad/20249tfrt.dwg,cad drawing,DWG,https://www.kohler.co.in/p/karing-1-8m-oval-lithocast-bath-20249t?skuId=20249T-0,True,asset_000386
20249T-0,https://techcomm.kohler.com/techcomm/cad/20249tsde.dxf,cad drawing,DXF,https://www.kohler.co.in/p/karing-1-8m-oval-lithocast-bath-20249t?skuId=20249T-0,True,asset_000391
20249T-0,https://techcomm.kohler.com/techcomm/cad/20249tsde.dwg,cad drawing,DWG,https://www.kohler.co.in/p/karing-1-8m-oval-lithocast-bath-20249t?skuId=20249T-0,True,asset_000390
20249T-0,https://techcomm.kohler.com/techcomm/cad/20249T.dxf,cad drawing,DXF,https://www.kohler.co.in/p/karing-1-8m-oval-lithocast-bath-20249t?skuId=20249T-0,True,asset_000383
20249T-0,https://techcomm.kohler.com/techcomm/cad/20249T.dwg,cad drawing,DWG,https://www.kohler.co.in/p/karing-1-8m-oval-lithocast-bath-20249t?skuId=20249T-0,True,asset_000382
20249T-0,https://techcomm.kohler.com/techcomm/pdf/K-20249T_spec_IN_Kohler_en.pdf,spec sheet,PDF,https://www.kohler.co.in/p/karing-1-8m-oval-lithocast-bath-20249t?skuId=20249T-0,True,asset_002965
26284IN-AF,https://techcomm.kohler.com/techcomm/cad/26284IN.obj,3d model,OBJ,https://www.kohler.co.in/p/statement-oblong-three-function-handshower-9-5-lpm-26284in?skuId=26284IN-AF,True,asset_000803
26284IN-AF,https://techcomm.kohler.com/techcomm/cad/26284IN.skp,3d model,SKP,https://www.kohler.co.in/p/statement-oblong-three-function-handshower-9-5-lpm-26284in?skuId=26284IN-AF,True,asset_000804
26284IN-AF,https://techcomm.kohler.com/techcomm/cad/26284IN.3ds,3d model,3DS,https://www.kohler.co.in/p/statement-oblong-three-function-handshower-9-5-lpm-26284in?skuId=26284IN-AF,True,asset_000800
26284IN-AF,https://techcomm.kohler.com/techcomm/cad/Shower-Handshower-KOHLER-K-26284IN.rfa,3d model,RFA,https://www.kohler.co.in/p/statement-oblong-three-function-handshower-9-5-lpm-26284in?skuId=26284IN-AF,True,asset_002599
26284IN-AF,https://techcomm.kohler.com/techcomm/cad/26284inpln.dxf,cad drawing,DXF,https://www.kohler.co.in/p/statement-oblong-three-function-handshower-9-5-lpm-26284in?skuId=26284IN-AF,True,asset_000813
26284IN-AF,https://techcomm.kohler.com/techcomm/cad/26284inpln.dwg,cad drawing,DWG,https://www.kohler.co.in/p/statement-oblong-three-function-handshower-9-5-lpm-26284in?skuId=26284IN-AF,True,asset_000812
26284IN-AF,https://techcomm.kohler.com/techcomm/cad/26284infrt.dxf,cad drawing,DXF,https://www.kohler.co.in/p/statement-oblong-three-function-handshower-9-5-lpm-26284in?skuId=26284IN-AF,True,asset_000811
26284IN-AF,https://techcomm.kohler.com/techcomm/cad/26284infrt.dwg,cad drawing,DWG,https://www.kohler.co.in/p/statement-oblong-three-function-handshower-9-5-lpm-26284in?skuId=26284IN-AF,True,asset_000810
26284IN-AF,https://techcomm.kohler.com/techcomm/cad/26284insde.dxf,cad drawing,DXF,https://www.kohler.co.in/p/statement-oblong-three-function-handshower-9-5-lpm-26284in?skuId=26284IN-AF,True,asset_000815
26284IN-AF,https://techcomm.kohler.com/techcomm/cad/26284insde.dwg,cad drawing,DWG,https://www.kohler.co.in/p/statement-oblong-three-function-handshower-9-5-lpm-26284in?skuId=26284IN-AF,True,asset_000814
26284IN-AF,https://techcomm.kohler.com/techcomm/cad/26284IN.dxf,cad drawing,DXF,https://www.kohler.co.in/p/statement-oblong-three-function-handshower-9-5-lpm-26284in?skuId=26284IN-AF,True,asset_000802
26284IN-AF,https://techcomm.kohler.com/techcomm/cad/26284IN.dwg,cad drawing,DWG,https://www.kohler.co.in/p/statement-oblong-three-function-handshower-9-5-lpm-26284in?skuId=26284IN-AF,True,asset_000801
26284IN-AF,https://techcomm.kohler.com/techcomm/pdf/K-26284IN_spec_IN_Kohler_en.pdf,spec sheet,PDF,https://www.kohler.co.in/p/statement-oblong-three-function-handshower-9-5-lpm-26284in?skuId=26284IN-AF,True,asset_003011
26284IN-AF,https://techcomm.kohler.com/techcomm/pdf/1430506-IN2.pdf,installation,PDF,https://www.kohler.co.in/p/statement-oblong-three-function-handshower-9-5-lpm-26284in?skuId=26284IN-AF,True,asset_002807
12861IN-ZZ-CP,https://techcomm.kohler.com/techcomm/cad/Shower-Handshower-KOHLER-Citrus-K-12861IN.rfa,3d model,RFA,https://www.kohler.co.in/p/citrus-multi-function-handspray-w-hose-12861in-zz?skuId=12861IN-ZZ-CP,True,asset_002598
12861IN-ZZ-CP,https://techcomm.kohler.com/techcomm/cad/12861in_zzpln.dxf,cad drawing,DXF,https://www.kohler.co.in/p/citrus-multi-function-handspray-w-hose-12861in-zz?skuId=12861IN-ZZ-CP,True,asset_000062
12861IN-ZZ-CP,https://techcomm.kohler.com/techcomm/cad/12861in_zzpln.dwg,cad drawing,DWG,https://www.kohler.co.in/p/citrus-multi-function-handspray-w-hose-12861in-zz?skuId=12861IN-ZZ-CP,True,asset_000061
12861IN-ZZ-CP,https://techcomm.kohler.com/techcomm/cad/12861in_zzfrt.dxf,cad drawing,DXF,https://www.kohler.co.in/p/citrus-multi-function-handspray-w-hose-12861in-zz?skuId=12861IN-ZZ-CP,True,asset_000060
12861IN-ZZ-CP,https://techcomm.kohler.com/techcomm/cad/12861in_zzfrt.dwg,cad drawing,DWG,https://www.kohler.co.in/p/citrus-multi-function-handspray-w-hose-12861in-zz?skuId=12861IN-ZZ-CP,True,asset_000059
12861IN-ZZ-CP,https://techcomm.kohler.com/techcomm/cad/12861in_zzsde.dxf,cad drawing,DXF,https://www.kohler.co.in/p/citrus-multi-function-handspray-w-hose-12861in-zz?skuId=12861IN-ZZ-CP,True,asset_000064
12861IN-ZZ-CP,https://techcomm.kohler.com/techcomm/cad/12861in_zzsde.dwg,cad drawing,DWG,https://www.kohler.co.in/p/citrus-multi-function-handspray-w-hose-12861in-zz?skuId=12861IN-ZZ-CP,True,asset_000063
12861IN-ZZ-CP,https://techcomm.kohler.com/techcomm/pdf/K-12861IN-ZZ_spec_IN_Kohler_en.pdf,spec sheet,PDF,https://www.kohler.co.in/p/citrus-multi-function-handspray-w-hose-12861in-zz?skuId=12861IN-ZZ-CP,True,asset_002927
12861IN-ZZ-CP,https://techcomm.kohler.com/techcomm/pdf/1472373-IN2.pdf,installation,PDF,https://www.kohler.co.in/p/citrus-multi-function-handspray-w-hose-12861in-zz?skuId=12861IN-ZZ-CP,True,asset_002831
16359IN-A-CP,https://techcomm.kohler.com/techcomm/cad/16359IN-A.obj,3d model,OBJ,https://www.kohler.co.in/p/complementary-single-function-handshower-with-hose-16359in-a?skuId=16359IN-A-CP,True,asset_000257
16359IN-A-CP,https://techcomm.kohler.com/techcomm/cad/16359IN-A.skp,3d model,SKP,https://www.kohler.co.in/p/complementary-single-function-handshower-with-hose-16359in-a?skuId=16359IN-A-CP,True,asset_000258
16359IN-A-CP,https://techcomm.kohler.com/techcomm/cad/16359IN-A.3ds,3d model,3DS,https://www.kohler.co.in/p/complementary-single-function-handshower-with-hose-16359in-a?skuId=16359IN-A-CP,True,asset_000254
16359IN-A-CP,https://techcomm.kohler.com/techcomm/cad/Shower-Handshower-KOHLER-Multiproduct_Line-K-16359IN.rfa,3d model,RFA,https://www.kohler.co.in/p/complementary-single-function-handshower-with-hose-16359in-a?skuId=16359IN-A-CP,True,asset_002602
16359IN-A-CP,https://techcomm.kohler.com/techcomm/cad/16359in_apln.dxf,cad drawing,DXF,https://www.kohler.co.in/p/complementary-single-function-handshower-with-hose-16359in-a?skuId=16359IN-A-CP,True,asset_000262
16359IN-A-CP,https://techcomm.kohler.com/techcomm/cad/16359in_apln.dwg,cad drawing,DWG,https://www.kohler.co.in/p/complementary-single-function-handshower-with-hose-16359in-a?skuId=16359IN-A-CP,True,asset_000261
16359IN-A-CP,https://techcomm.kohler.com/techcomm/cad/16359in_afrt.dxf,cad drawing,DXF,https://www.kohler.co.in/p/complementary-single-function-handshower-with-hose-16359in-a?skuId=16359IN-A-CP,True,asset_000260
16359IN-A-CP,https://techcomm.kohler.com/techcomm/cad/16359in_afrt.dwg,cad drawing,DWG,https://www.kohler.co.in/p/complementary-single-function-handshower-with-hose-16359in-a?skuId=16359IN-A-CP,True,asset_000259
16359IN-A-CP,https://techcomm.kohler.com/techcomm/cad/16359in_asde.dxf,cad drawing,DXF,https://www.kohler.co.in/p/complementary-single-function-handshower-with-hose-16359in-a?skuId=16359IN-A-CP,True,asset_000264
16359IN-A-CP,https://techcomm.kohler.com/techcomm/cad/16359in_asde.dwg,cad drawing,DWG,https://www.kohler.co.in/p/complementary-single-function-handshower-with-hose-16359in-a?skuId=16359IN-A-CP,True,asset_000263
16359IN-A-CP,https://techcomm.kohler.com/techcomm/cad/16359IN-A.dxf,cad drawing,DXF,https://www.kohler.co.in/p/complementary-single-function-handshower-with-hose-16359in-a?skuId=16359IN-A-CP,True,asset_000256
16359IN-A-CP,https://techcomm.kohler.com/techcomm/cad/16359IN-A.dwg,cad drawing,DWG,https://www.kohler.co.in/p/complementary-single-function-handshower-with-hose-16359in-a?skuId=16359IN-A-CP,True,asset_000255
16359IN-A-CP,https://techcomm.kohler.com/techcomm/pdf/K-16359IN-A_spec_IN_Kohler_en.pdf,spec sheet,PDF,https://www.kohler.co.in/p/complementary-single-function-handshower-with-hose-16359in-a?skuId=16359IN-A-CP,True,asset_002949
24717IN-CP,https://techcomm.kohler.com/techcomm/cad/24717IN.obj,3d model,OBJ,https://www.kohler.co.in/p/handshower-without-hose-24717in?skuId=24717IN-CP,True,asset_000670
24717IN-CP,https://techcomm.kohler.com/techcomm/cad/24717IN.skp,3d model,SKP,https://www.kohler.co.in/p/handshower-without-hose-24717in?skuId=24717IN-CP,True,asset_000671
24717IN-CP,https://techcomm.kohler.com/techcomm/cad/24717IN.3ds,3d model,3DS,https://www.kohler.co.in/p/handshower-without-hose-24717in?skuId=24717IN-CP,True,asset_000667
24717IN-CP,https://techcomm.kohler.com/techcomm/cad/Shower-Handshower-KOHLER-Rainduet-K-24717IN.rfa,3d model,RFA,https://www.kohler.co.in/p/handshower-without-hose-24717in?skuId=24717IN-CP,True,asset_002606
24717IN-CP,https://techcomm.kohler.com/techcomm/cad/24717inpln.dxf,cad drawing,DXF,https://www.kohler.co.in/p/handshower-without-hose-24717in?skuId=24717IN-CP,True,asset_000680
24717IN-CP,https://techcomm.kohler.com/techcomm/cad/24717inpln.dwg,cad drawing,DWG,https://www.kohler.co.in/p/handshower-without-hose-24717in?skuId=24717IN-CP,True,asset_000679
24717IN-CP,https://techcomm.kohler.com/techcomm/cad/24717infrt.dxf,cad drawing,DXF,https://www.kohler.co.in/p/handshower-without-hose-24717in?skuId=24717IN-CP,True,asset_000678
24717IN-CP,https://techcomm.kohler.com/techcomm/cad/24717infrt.dwg,cad drawing,DWG,https://www.kohler.co.in/p/handshower-without-hose-24717in?skuId=24717IN-CP,True,asset_000677
24717IN-CP,https://techcomm.kohler.com/techcomm/cad/24717insde.dxf,cad drawing,DXF,https://www.kohler.co.in/p/handshower-without-hose-24717in?skuId=24717IN-CP,True,asset_000682
24717IN-CP,https://techcomm.kohler.com/techcomm/cad/24717insde.dwg,cad drawing,DWG,https://www.kohler.co.in/p/handshower-without-hose-24717in?skuId=24717IN-CP,True,asset_000681
24717IN-CP,https://techcomm.kohler.com/techcomm/cad/24717IN.dxf,cad drawing,DXF,https://www.kohler.co.in/p/handshower-without-hose-24717in?skuId=24717IN-CP,True,asset_000669
24717IN-CP,https://techcomm.kohler.com/techcomm/cad/24717IN.dwg,cad drawing,DWG,https://www.kohler.co.in/p/handshower-without-hose-24717in?skuId=24717IN-CP,True,asset_000668
24717IN-CP,https://techcomm.kohler.com/techcomm/pdf/K-24717IN_spec_IN_Kohler_en.pdf,spec sheet,PDF,https://www.kohler.co.in/p/handshower-without-hose-24717in?skuId=24717IN-CP,True,asset_002998
24717IN-CP,https://techcomm.kohler.com/techcomm/pdf/1412430-IN2.pdf,installation,PDF,https://www.kohler.co.in/p/handshower-without-hose-24717in?skuId=24717IN-CP,True,asset_002804
72421IN-CP,https://techcomm.kohler.com/techcomm/cad/72421IN.obj,3d model,OBJ,https://www.kohler.co.in/p/awaken-organic-multi-mode-handshower-with-hose-72421in?skuId=72421IN-CP,True,asset_001817
72421IN-CP,https://techcomm.kohler.com/techcomm/cad/72421IN.skp,3d model,SKP,https://www.kohler.co.in/p/awaken-organic-multi-mode-handshower-with-hose-72421in?skuId=72421IN-CP,True,asset_001818
72421IN-CP,https://techcomm.kohler.com/techcomm/cad/72421IN.3ds,3d model,3DS,https://www.kohler.co.in/p/awaken-organic-multi-mode-handshower-with-hose-72421in?skuId=72421IN-CP,True,asset_001816
72421IN-CP,https://techcomm.kohler.com/techcomm/cad/Shower-Handshower-KOHLER-AWAKEN-K-72421IN.rfa,3d model,RFA,https://www.kohler.co.in/p/awaken-organic-multi-mode-handshower-with-hose-72421in?skuId=72421IN-CP,True,asset_002597
72421IN-CP,https://techcomm.kohler.com/techcomm/cad/72421inpln.dxf,cad drawing,DXF,https://www.kohler.co.in/p/awaken-organic-multi-mode-handshower-with-hose-72421in?skuId=72421IN-CP,True,asset_001822
72421IN-CP,https://techcomm.kohler.com/techcomm/cad/72421inpln.dwg,cad drawing,DWG,https://www.kohler.co.in/p/awaken-organic-multi-mode-handshower-with-hose-72421in?skuId=72421IN-CP,True,asset_001821
72421IN-CP,https://techcomm.kohler.com/techcomm/cad/72421infrt.dxf,cad drawing,DXF,https://www.kohler.co.in/p/awaken-organic-multi-mode-handshower-with-hose-72421in?skuId=72421IN-CP,True,asset_001820
72421IN-CP,https://techcomm.kohler.com/techcomm/cad/72421infrt.dwg,cad drawing,DWG,https://www.kohler.co.in/p/awaken-organic-multi-mode-handshower-with-hose-72421in?skuId=72421IN-CP,True,asset_001819
72421IN-CP,https://techcomm.kohler.com/techcomm/cad/72421insde.dxf,cad drawing,DXF,https://www.kohler.co.in/p/awaken-organic-multi-mode-handshower-with-hose-72421in?skuId=72421IN-CP,True,asset_001824
72421IN-CP,https://techcomm.kohler.com/techcomm/cad/72421insde.dwg,cad drawing,DWG,https://www.kohler.co.in/p/awaken-organic-multi-mode-handshower-with-hose-72421in?skuId=72421IN-CP,True,asset_001823
72421IN-CP,https://techcomm.kohler.com/techcomm/pdf/K-72421IN_spec_IN_Kohler_en.pdf,spec sheet,PDF,https://www.kohler.co.in/p/awaken-organic-multi-mode-handshower-with-hose-72421in?skuId=72421IN-CP,True,asset_003104
98445IN-CP,https://techcomm.kohler.com/techcomm/cad/98445IN.obj,3d model,OBJ,https://www.kohler.co.in/p/spatula-square-single-function-handshower-13-0-lpm-98445in?skuId=98445IN-CP,True,asset_002421
98445IN-CP,https://techcomm.kohler.com/techcomm/cad/98445IN.skp,3d model,SKP,https://www.kohler.co.in/p/spatula-square-single-function-handshower-13-0-lpm-98445in?skuId=98445IN-CP,True,asset_002422
98445IN-CP,https://techcomm.kohler.com/techcomm/cad/98445IN.3ds,3d model,3DS,https://www.kohler.co.in/p/spatula-square-single-function-handshower-13-0-lpm-98445in?skuId=98445IN-CP,True,asset_002418
98445IN-CP,https://techcomm.kohler.com/techcomm/cad/Shower-Handshower_Kit-KOHLER-Spatula-K-98445IN.rfa,3d model,RFA,https://www.kohler.co.in/p/spatula-square-single-function-handshower-13-0-lpm-98445in?skuId=98445IN-CP,True,asset_002614
98445IN-CP,https://techcomm.kohler.com/techcomm/cad/98445inpln.dxf,cad drawing,DXF,https://www.kohler.co.in/p/spatula-square-single-function-handshower-13-0-lpm-98445in?skuId=98445IN-CP,True,asset_002426
98445IN-CP,https://techcomm.kohler.com/techcomm/cad/98445inpln.dwg,cad drawing,DWG,https://www.kohler.co.in/p/spatula-square-single-function-handshower-13-0-lpm-98445in?skuId=98445IN-CP,True,asset_002425
98445IN-CP,https://techcomm.kohler.com/techcomm/cad/98445infrt.dxf,cad drawing,DXF,https://www.kohler.co.in/p/spatula-square-single-function-handshower-13-0-lpm-98445in?skuId=98445IN-CP,True,asset_002424
98445IN-CP,https://techcomm.kohler.com/techcomm/cad/98445infrt.dwg,cad drawing,DWG,https://www.kohler.co.in/p/spatula-square-single-function-handshower-13-0-lpm-98445in?skuId=98445IN-CP,True,asset_002423
98445IN-CP,https://techcomm.kohler.com/techcomm/cad/98445insde.dxf,cad drawing,DXF,https://www.kohler.co.in/p/spatula-square-single-function-handshower-13-0-lpm-98445in?skuId=98445IN-CP,True,asset_002428
98445IN-CP,https://techcomm.kohler.com/techcomm/cad/98445insde.dwg,cad drawing,DWG,https://www.kohler.co.in/p/spatula-square-single-function-handshower-13-0-lpm-98445in?skuId=98445IN-CP,True,asset_002427
98445IN-CP,https://techcomm.kohler.com/techcomm/cad/98445IN.dxf,cad drawing,DXF,https://www.kohler.co.in/p/spatula-square-single-function-handshower-13-0-lpm-98445in?skuId=98445IN-CP,True,asset_002420
98445IN-CP,https://techcomm.kohler.com/techcomm/cad/98445IN.dwg,cad drawing,DWG,https://www.kohler.co.in/p/spatula-square-single-function-handshower-13-0-lpm-98445in?skuId=98445IN-CP,True,asset_002419
98445IN-CP,https://techcomm.kohler.com/techcomm/pdf/K-98445IN_spec_IN_Kohler_en.pdf,spec sheet,PDF,https://www.kohler.co.in/p/spatula-square-single-function-handshower-13-0-lpm-98445in?skuId=98445IN-CP,True,asset_003159
98444IN-CP,https://techcomm.kohler.com/techcomm/cad/98444IN.obj,3d model,OBJ,https://www.kohler.co.in/p/eo-single-function-small-handshower-with-hose-98444in?skuId=98444IN-CP,True,asset_002410
98444IN-CP,https://techcomm.kohler.com/techcomm/cad/98444IN.skp,3d model,SKP,https://www.kohler.co.in/p/eo-single-function-small-handshower-with-hose-98444in?skuId=98444IN-CP,True,asset_002411
98444IN-CP,https://techcomm.kohler.com/techcomm/cad/98444IN.3ds,3d model,3DS,https://www.kohler.co.in/p/eo-single-function-small-handshower-with-hose-98444in?skuId=98444IN-CP,True,asset_002407
98444IN-CP,https://techcomm.kohler.com/techcomm/cad/Shower-Handshower-KOHLER-SPATULA-K-98444IN.rfa,3d model,RFA,https://www.kohler.co.in/p/eo-single-function-small-handshower-with-hose-98444in?skuId=98444IN-CP,True,asset_002608
98444IN-CP,https://techcomm.kohler.com/techcomm/cad/98444inpln.dxf,cad drawing,DXF,https://www.kohler.co.in/p/eo-single-function-small-handshower-with-hose-98444in?skuId=98444IN-CP,True,asset_002415
98444IN-CP,https://techcomm.kohler.com/techcomm/cad/98444inpln.dwg,cad drawing,DWG,https://www.kohler.co.in/p/eo-single-function-small-handshower-with-hose-98444in?skuId=98444IN-CP,True,asset_002414
98444IN-CP,https://techcomm.kohler.com/techcomm/cad/98444infrt.dxf,cad drawing,DXF,https://www.kohler.co.in/p/eo-single-function-small-handshower-with-hose-98444in?skuId=98444IN-CP,True,asset_002413
98444IN-CP,https://techcomm.kohler.com/techcomm/cad/98444infrt.dwg,cad drawing,DWG,https://www.kohler.co.in/p/eo-single-function-small-handshower-with-hose-98444in?skuId=98444IN-CP,True,asset_002412
98444IN-CP,https://techcomm.kohler.com/techcomm/cad/98444insde.dxf,cad drawing,DXF,https://www.kohler.co.in/p/eo-single-function-small-handshower-with-hose-98444in?skuId=98444IN-CP,True,asset_002417
98444IN-CP,https://techcomm.kohler.com/techcomm/cad/98444insde.dwg,cad drawing,DWG,https://www.kohler.co.in/p/eo-single-function-small-handshower-with-hose-98444in?skuId=98444IN-CP,True,asset_002416
98444IN-CP,https://techcomm.kohler.com/techcomm/cad/98444IN.dxf,cad drawing,DXF,https://www.kohler.co.in/p/eo-single-function-small-handshower-with-hose-98444in?skuId=98444IN-CP,True,asset_002409
98444IN-CP,https://techcomm.kohler.com/techcomm/cad/98444IN.dwg,cad drawing,DWG,https://www.kohler.co.in/p/eo-single-function-small-handshower-with-hose-98444in?skuId=98444IN-CP,True,asset_002408
98444IN-CP,https://techcomm.kohler.com/techcomm/pdf/K-98444IN_spec_IN_Kohler_en.pdf,spec sheet,PDF,https://www.kohler.co.in/p/eo-single-function-small-handshower-with-hose-98444in?skuId=98444IN-CP,True,asset_003158
28695IN-CP,https://techcomm.kohler.com/techcomm/cad/28695IN.obj,3d model,OBJ,https://www.kohler.co.in/p/statement-oblong-three-function-handshower-9-5-lpm-28695in?skuId=28695IN-CP,True,asset_001189
28695IN-CP,https://techcomm.kohler.com/techcomm/cad/28695IN.skp,3d model,SKP,https://www.kohler.co.in/p/statement-oblong-three-function-handshower-9-5-lpm-28695in?skuId=28695IN-CP,True,asset_001190
28695IN-CP,https://techcomm.kohler.com/techcomm/cad/28695IN.3ds,3d model,3DS,https://www.kohler.co.in/p/statement-oblong-three-function-handshower-9-5-lpm-28695in?skuId=28695IN-CP,True,asset_001186
28695IN-CP,https://techcomm.kohler.com/techcomm/cad/Shower-Handshower-KOHLER-Statement-K-28695IN.rfa,3d model,RFA,https://www.kohler.co.in/p/statement-oblong-three-function-handshower-9-5-lpm-28695in?skuId=28695IN-CP,True,asset_002610
28695IN-CP,https://techcomm.kohler.com/techcomm/cad/28695inpln.dxf,cad drawing,DXF,https://www.kohler.co.in/p/statement-oblong-three-function-handshower-9-5-lpm-28695in?skuId=28695IN-CP,True,asset_001194
28695IN-CP,https://techcomm.kohler.com/techcomm/cad/28695inpln.dwg,cad drawing,DWG,https://www.kohler.co.in/p/statement-oblong-three-function-handshower-9-5-lpm-28695in?skuId=28695IN-CP,True,asset_001193
28695IN-CP,https://techcomm.kohler.com/techcomm/cad/28695infrt.dxf,cad drawing,DXF,https://www.kohler.co.in/p/statement-oblong-three-function-handshower-9-5-lpm-28695in?skuId=28695IN-CP,True,asset_001192
28695IN-CP,https://techcomm.kohler.com/techcomm/cad/28695infrt.dwg,cad drawing,DWG,https://www.kohler.co.in/p/statement-oblong-three-function-handshower-9-5-lpm-28695in?skuId=28695IN-CP,True,asset_001191
28695IN-CP,https://techcomm.kohler.com/techcomm/cad/28695insde.dxf,cad drawing,DXF,https://www.kohler.co.in/p/statement-oblong-three-function-handshower-9-5-lpm-28695in?skuId=28695IN-CP,True,asset_001196
28695IN-CP,https://techcomm.kohler.com/techcomm/cad/28695insde.dwg,cad drawing,DWG,https://www.kohler.co.in/p/statement-oblong-three-function-handshower-9-5-lpm-28695in?skuId=28695IN-CP,True,asset_001195
28695IN-CP,https://techcomm.kohler.com/techcomm/cad/28695IN.dxf,cad drawing,DXF,https://www.kohler.co.in/p/statement-oblong-three-function-handshower-9-5-lpm-28695in?skuId=28695IN-CP,True,asset_001188
28695IN-CP,https://techcomm.kohler.com/techcomm/cad/28695IN.dwg,cad drawing,DWG,https://www.kohler.co.in/p/statement-oblong-three-function-handshower-9-5-lpm-28695in?skuId=28695IN-CP,True,asset_001187
28695IN-CP,https://techcomm.kohler.com/techcomm/pdf/K-28695IN_spec_IN_Kohler_en.pdf,spec sheet,PDF,https://www.kohler.co.in/p/statement-oblong-three-function-handshower-9-5-lpm-28695in?skuId=28695IN-CP,True,asset_003052
28585IN-0,https://techcomm.kohler.com/techcomm/cad/28585IN.obj,3d model,OBJ,https://www.kohler.co.in/p/switch-multimode-handshower-without-hose-white-28585in?skuId=28585IN-0,True,asset_001167
28585IN-0,https://techcomm.kohler.com/techcomm/cad/28585IN.skp,3d model,SKP,https://www.kohler.co.in/p/switch-multimode-handshower-without-hose-white-28585in?skuId=28585IN-0,True,asset_001168
28585IN-0,https://techcomm.kohler.com/techcomm/cad/28585IN.3ds,3d model,3DS,https://www.kohler.co.in/p/switch-multimode-handshower-without-hose-white-28585in?skuId=28585IN-0,True,asset_001164
28585IN-0,https://techcomm.kohler.com/techcomm/cad/Shower-Handshower-KOHLER-Switch-K-28585IN.rfa,3d model,RFA,https://www.kohler.co.in/p/switch-multimode-handshower-without-hose-white-28585in?skuId=28585IN-0,True,asset_002612
28585IN-0,https://techcomm.kohler.com/techcomm/cad/28585inpln.dxf,cad drawing,DXF,https://www.kohler.co.in/p/switch-multimode-handshower-without-hose-white-28585in?skuId=28585IN-0,True,asset_001172
28585IN-0,https://techcomm.kohler.com/techcomm/cad/28585inpln.dwg,cad drawing,DWG,https://www.kohler.co.in/p/switch-multimode-handshower-without-hose-white-28585in?skuId=28585IN-0,True,asset_001171
28585IN-0,https://techcomm.kohler.com/techcomm/cad/28585infrt.dxf,cad drawing,DXF,https://www.kohler.co.in/p/switch-multimode-handshower-without-hose-white-28585in?skuId=28585IN-0,True,asset_001170
28585IN-0,https://techcomm.kohler.com/techcomm/cad/28585infrt.dwg,cad drawing,DWG,https://www.kohler.co.in/p/switch-multimode-handshower-without-hose-white-28585in?skuId=28585IN-0,True,asset_001169
28585IN-0,https://techcomm.kohler.com/techcomm/cad/28585insde.dxf,cad drawing,DXF,https://www.kohler.co.in/p/switch-multimode-handshower-without-hose-white-28585in?skuId=28585IN-0,True,asset_001174
28585IN-0,https://techcomm.kohler.com/techcomm/cad/28585insde.dwg,cad drawing,DWG,https://www.kohler.co.in/p/switch-multimode-handshower-without-hose-white-28585in?skuId=28585IN-0,True,asset_001173
28585IN-0,https://techcomm.kohler.com/techcomm/cad/28585IN.dxf,cad drawing,DXF,https://www.kohler.co.in/p/switch-multimode-handshower-without-hose-white-28585in?skuId=28585IN-0,True,asset_001166
28585IN-0,https://techcomm.kohler.com/techcomm/cad/28585IN.dwg,cad drawing,DWG,https://www.kohler.co.in/p/switch-multimode-handshower-without-hose-white-28585in?skuId=28585IN-0,True,asset_001165
28585IN-0,https://techcomm.kohler.com/techcomm/pdf/K-28585IN_spec_IN_Kohler_en.pdf,spec sheet,PDF,https://www.kohler.co.in/p/switch-multimode-handshower-without-hose-white-28585in?skuId=28585IN-0,True,asset_003050
97009IN-CP,https://techcomm.kohler.com/techcomm/cad/97009IN.obj,3d model,OBJ,https://www.kohler.co.in/p/rainduet-square-handshower-w-o-hose-97009in?skuId=97009IN-CP,True,asset_002256
97009IN-CP,https://techcomm.kohler.com/techcomm/cad/97009IN.skp,3d model,SKP,https://www.kohler.co.in/p/rainduet-square-handshower-w-o-hose-97009in?skuId=97009IN-CP,True,asset_002257
97009IN-CP,https://techcomm.kohler.com/techcomm/cad/97009IN.3ds,3d model,3DS,https://www.kohler.co.in/p/rainduet-square-handshower-w-o-hose-97009in?skuId=97009IN-CP,True,asset_002253
97009IN-CP,https://techcomm.kohler.com/techcomm/cad/Shower-Handshower-KOHLER-Rainduet-K-97009IN.rfa,3d model,RFA,https://www.kohler.co.in/p/rainduet-square-handshower-w-o-hose-97009in?skuId=97009IN-CP,True,asset_002607
97009IN-CP,https://techcomm.kohler.com/techcomm/cad/97009inpln.dxf,cad drawing,DXF,https://www.kohler.co.in/p/rainduet-square-handshower-w-o-hose-97009in?skuId=97009IN-CP,True,asset_002266
97009IN-CP,https://techcomm.kohler.com/techcomm/cad/97009inpln.dwg,cad drawing,DWG,https://www.kohler.co.in/p/rainduet-square-handshower-w-o-hose-97009in?skuId=97009IN-CP,True,asset_002265
97009IN-CP,https://techcomm.kohler.com/techcomm/cad/97009infrt.dxf,cad drawing,DXF,https://www.kohler.co.in/p/rainduet-square-handshower-w-o-hose-97009in?skuId=97009IN-CP,True,asset_002264
97009IN-CP,https://techcomm.kohler.com/techcomm/cad/97009infrt.dwg,cad drawing,DWG,https://www.kohler.co.in/p/rainduet-square-handshower-w-o-hose-97009in?skuId=97009IN-CP,True,asset_002263
97009IN-CP,https://techcomm.kohler.com/techcomm/cad/97009insde.dxf,cad drawing,DXF,https://www.kohler.co.in/p/rainduet-square-handshower-w-o-hose-97009in?skuId=97009IN-CP,True,asset_002268
97009IN-CP,https://techcomm.kohler.com/techcomm/cad/97009insde.dwg,cad drawing,DWG,https://www.kohler.co.in/p/rainduet-square-handshower-w-o-hose-97009in?skuId=97009IN-CP,True,asset_002267
97009IN-CP,https://techcomm.kohler.com/techcomm/cad/97009IN.dxf,cad drawing,DXF,https://www.kohler.co.in/p/rainduet-square-handshower-w-o-hose-97009in?skuId=97009IN-CP,True,asset_002255
97009IN-CP,https://techcomm.kohler.com/techcomm/cad/97009IN.dwg,cad drawing,DWG,https://www.kohler.co.in/p/rainduet-square-handshower-w-o-hose-97009in?skuId=97009IN-CP,True,asset_002254
97009IN-CP,https://techcomm.kohler.com/techcomm/pdf/K-97009IN_spec_IN_Kohler_en.pdf,spec sheet,PDF,https://www.kohler.co.in/p/rainduet-square-handshower-w-o-hose-97009in?skuId=97009IN-CP,True,asset_003145
28694IN-CP,https://techcomm.kohler.com/techcomm/cad/28694IN.obj,3d model,OBJ,https://www.kohler.co.in/p/statement-round-three-function-handshower-9-5-lpm-28694in?skuId=28694IN-CP,True,asset_001178
28694IN-CP,https://techcomm.kohler.com/techcomm/cad/28694IN.skp,3d model,SKP,https://www.kohler.co.in/p/statement-round-three-function-handshower-9-5-lpm-28694in?skuId=28694IN-CP,True,asset_001179
28694IN-CP,https://techcomm.kohler.com/techcomm/cad/28694IN.3ds,3d model,3DS,https://www.kohler.co.in/p/statement-round-three-function-handshower-9-5-lpm-28694in?skuId=28694IN-CP,True,asset_001175
28694IN-CP,https://techcomm.kohler.com/techcomm/cad/Shower-Handshower-KOHLER-Statement_Round-K-28694IN.rfa,3d model,RFA,https://www.kohler.co.in/p/statement-round-three-function-handshower-9-5-lpm-28694in?skuId=28694IN-CP,True,asset_002611
28694IN-CP,https://techcomm.kohler.com/techcomm/cad/28694inpln.dxf,cad drawing,DXF,https://www.kohler.co.in/p/statement-round-three-function-handshower-9-5-lpm-28694in?skuId=28694IN-CP,True,asset_001183
28694IN-CP,https://techcomm.kohler.com/techcomm/cad/28694inpln.dwg,cad drawing,DWG,https://www.kohler.co.in/p/statement-round-three-function-handshower-9-5-lpm-28694in?skuId=28694IN-CP,True,asset_001182
28694IN-CP,https://techcomm.kohler.com/techcomm/cad/28694infrt.dxf,cad drawing,DXF,https://www.kohler.co.in/p/statement-round-three-function-handshower-9-5-lpm-28694in?skuId=28694IN-CP,True,asset_001181
28694IN-CP,https://techcomm.kohler.com/techcomm/cad/28694infrt.dwg,cad drawing,DWG,https://www.kohler.co.in/p/statement-round-three-function-handshower-9-5-lpm-28694in?skuId=28694IN-CP,True,asset_001180
28694IN-CP,https://techcomm.kohler.com/techcomm/cad/28694insde.dxf,cad drawing,DXF,https://www.kohler.co.in/p/statement-round-three-function-handshower-9-5-lpm-28694in?skuId=28694IN-CP,True,asset_001185
28694IN-CP,https://techcomm.kohler.com/techcomm/cad/28694insde.dwg,cad drawing,DWG,https://www.kohler.co.in/p/statement-round-three-function-handshower-9-5-lpm-28694in?skuId=28694IN-CP,True,asset_001184
28694IN-CP,https://techcomm.kohler.com/techcomm/cad/28694IN.dxf,cad drawing,DXF,https://www.kohler.co.in/p/statement-round-three-function-handshower-9-5-lpm-28694in?skuId=28694IN-CP,True,asset_001177
28694IN-CP,https://techcomm.kohler.com/techcomm/cad/28694IN.dwg,cad drawing,DWG,https://www.kohler.co.in/p/statement-round-three-function-handshower-9-5-lpm-28694in?skuId=28694IN-CP,True,asset_001176
28694IN-CP,https://techcomm.kohler.com/techcomm/pdf/K-28694IN_spec_IN_Kohler_en.pdf,spec sheet,PDF,https://www.kohler.co.in/p/statement-round-three-function-handshower-9-5-lpm-28694in?skuId=28694IN-CP,True,asset_003051
26286IN-G-AF,https://techcomm.kohler.com/techcomm/cad/26286IN-G.obj,3d model,OBJ,https://www.kohler.co.in/p/statement-iconic-single-function-handshower-6-6-lpm-26286in-g?skuId=26286IN-G-AF,True,asset_000824
26286IN-G-AF,https://techcomm.kohler.com/techcomm/cad/27106me_4sde.dwg,3d model,SKP,https://www.kohler.co.in/p/statement-iconic-single-function-handshower-6-6-lpm-26286in-g?skuId=26286IN-G-AF,True,asset_000987
26286IN-G-AF,https://techcomm.kohler.com/techcomm/cad/27106ME-4.obj,3d model,3DS,https://www.kohler.co.in/p/statement-iconic-single-function-handshower-6-6-lpm-26286in-g?skuId=26286IN-G-AF,True,asset_000986
26286IN-G-AF,https://techcomm.kohler.com/techcomm/cad/27106ME-4.dwg,3d model,RFA,https://www.kohler.co.in/p/statement-iconic-single-function-handshower-6-6-lpm-26286in-g?skuId=26286IN-G-AF,True,asset_000985
26286IN-G-AF,https://techcomm.kohler.com/techcomm/cad/26286in_gpln.dxf,cad drawing,DXF,https://www.kohler.co.in/p/statement-iconic-single-function-handshower-6-6-lpm-26286in-g?skuId=26286IN-G-AF,True,asset_000828
26286IN-G-AF,https://techcomm.kohler.com/techcomm/cad/26286in_gpln.dwg,cad drawing,DWG,https://www.kohler.co.in/p/statement-iconic-single-function-handshower-6-6-lpm-26286in-g?skuId=26286IN-G-AF,True,asset_000827
26286IN-G-AF,https://techcomm.kohler.com/techcomm/cad/26286in_gfrt.dxf,cad drawing,DXF,https://www.kohler.co.in/p/statement-iconic-single-function-handshower-6-6-lpm-26286in-g?skuId=26286IN-G-AF,True,asset_000826
26286IN-G-AF,https://techcomm.kohler.com/techcomm/cad/26286in_gfrt.dwg,cad drawing,DWG,https://www.kohler.co.in/p/statement-iconic-single-function-handshower-6-6-lpm-26286in-g?skuId=26286IN-G-AF,True,asset_000825
26286IN-G-AF,https://techcomm.kohler.com/techcomm/cad/26286in_gsde.dxf,cad drawing,DXF,https://www.kohler.co.in/p/statement-iconic-single-function-handshower-6-6-lpm-26286in-g?skuId=26286IN-G-AF,True,asset_000830
26286IN-G-AF,https://techcomm.kohler.com/techcomm/cad/26286in_gsde.dwg,cad drawing,DWG,https://www.kohler.co.in/p/statement-iconic-single-function-handshower-6-6-lpm-26286in-g?skuId=26286IN-G-AF,True,asset_000829
26286IN-G-AF,https://techcomm.kohler.com/techcomm/cad/26286IN-G.dxf,cad drawing,DXF,https://www.kohler.co.in/p/statement-iconic-single-function-handshower-6-6-lpm-26286in-g?skuId=26286IN-G-AF,True,asset_000823
26286IN-G-AF,https://techcomm.kohler.com/techcomm/cad/26286IN-G.dwg,cad drawing,DWG,https://www.kohler.co.in/p/statement-iconic-single-function-handshower-6-6-lpm-26286in-g?skuId=26286IN-G-AF,True,asset_000822
26286IN-G-AF,https://techcomm.kohler.com/techcomm/pdf/K-26286IN-G_spec_IN_Kohler_en.pdf,spec sheet,PDF,https://www.kohler.co.in/p/statement-iconic-single-function-handshower-6-6-lpm-26286in-g?skuId=26286IN-G-AF,True,asset_003014
26286IN-G-AF,https://techcomm.kohler.com/techcomm/pdf/1430507-2.pdf,installation,PDF,https://www.kohler.co.in/p/statement-iconic-single-function-handshower-6-6-lpm-26286in-g?skuId=26286IN-G-AF,True,asset_002809
97009T-AF,https://techcomm.kohler.com/techcomm/cad/97009T.obj,3d model,OBJ,https://www.kohler.co.in/p/rain-duet-multi-function-handshower-geo-97009t?skuId=97009T-AF,True,asset_002261
97009T-AF,https://techcomm.kohler.com/techcomm/cad/97009T.skp,3d model,SKP,https://www.kohler.co.in/p/rain-duet-multi-function-handshower-geo-97009t?skuId=97009T-AF,True,asset_002262
97009T-AF,https://techcomm.kohler.com/techcomm/cad/97009T.3ds,3d model,3DS,https://www.kohler.co.in/p/rain-duet-multi-function-handshower-geo-97009t?skuId=97009T-AF,True,asset_002258
97009T-AF,https://techcomm.kohler.com/techcomm/cad/Shower-Handshower-KOHLER-RAINDUET-K-97009T.zip,3d model,RFA,https://www.kohler.co.in/p/rain-duet-multi-function-handshower-geo-97009t?skuId=97009T-AF,True,asset_002605
97009T-AF,https://techcomm.kohler.com/techcomm/cad/97009tpln.dxf,cad drawing,DXF,https://www.kohler.co.in/p/rain-duet-multi-function-handshower-geo-97009t?skuId=97009T-AF,True,asset_002272
97009T-AF,https://techcomm.kohler.com/techcomm/cad/97009tpln.dwg,cad drawing,DWG,https://www.kohler.co.in/p/rain-duet-multi-function-handshower-geo-97009t?skuId=97009T-AF,True,asset_002271
97009T-AF,https://techcomm.kohler.com/techcomm/cad/97009tfrt.dxf,cad drawing,DXF,https://www.kohler.co.in/p/rain-duet-multi-function-handshower-geo-97009t?skuId=97009T-AF,True,asset_002270
97009T-AF,https://techcomm.kohler.com/techcomm/cad/97009tfrt.dwg,cad drawing,DWG,https://www.kohler.co.in/p/rain-duet-multi-function-handshower-geo-97009t?skuId=97009T-AF,True,asset_002269
97009T-AF,https://techcomm.kohler.com/techcomm/cad/97009tsde.dxf,cad drawing,DXF,https://www.kohler.co.in/p/rain-duet-multi-function-handshower-geo-97009t?skuId=97009T-AF,True,asset_002274
97009T-AF,https://techcomm.kohler.com/techcomm/cad/97009tsde.dwg,cad drawing,DWG,https://www.kohler.co.in/p/rain-duet-multi-function-handshower-geo-97009t?skuId=97009T-AF,True,asset_002273
97009T-AF,https://techcomm.kohler.com/techcomm/cad/97009T.dxf,cad drawing,DXF,https://www.kohler.co.in/p/rain-duet-multi-function-handshower-geo-97009t?skuId=97009T-AF,True,asset_002260
97009T-AF,https://techcomm.kohler.com/techcomm/cad/97009T.dwg,cad drawing,DWG,https://www.kohler.co.in/p/rain-duet-multi-function-handshower-geo-97009t?skuId=97009T-AF,True,asset_002259
97009T-AF,https://techcomm.kohler.com/techcomm/pdf/97009T_spec_CN_Kohler_en.pdf,spec sheet,PDF,https://www.kohler.co.in/p/rain-duet-multi-function-handshower-geo-97009t?skuId=97009T-AF,True,asset_002918
97009T-AF,https://techcomm.kohler.com/techcomm/pdf/k-R97009T.pdf,installation,PDF,https://www.kohler.co.in/p/rain-duet-multi-function-handshower-geo-97009t?skuId=97009T-AF,True,asset_003175
24717T-BL,https://techcomm.kohler.com/techcomm/cad/24717T.obj,3d model,OBJ,https://www.kohler.co.in/p/three-function-handshower-6-6-lpm-24717t?skuId=24717T-BL,True,asset_000675
24717T-BL,https://techcomm.kohler.com/techcomm/cad/24717T.skp,3d model,SKP,https://www.kohler.co.in/p/three-function-handshower-6-6-lpm-24717t?skuId=24717T-BL,True,asset_000676
24717T-BL,https://techcomm.kohler.com/techcomm/cad/24717T.3ds,3d model,3DS,https://www.kohler.co.in/p/three-function-handshower-6-6-lpm-24717t?skuId=24717T-BL,True,asset_000672
24717T-BL,https://techcomm.kohler.com/techcomm/cad/Shower-Handshower-KOHLER-RAINDUET-K-24717T.zip,3d model,RFA,https://www.kohler.co.in/p/three-function-handshower-6-6-lpm-24717t?skuId=24717T-BL,True,asset_002604
24717T-BL,https://techcomm.kohler.com/techcomm/cad/24717tpln.dxf,cad drawing,DXF,https://www.kohler.co.in/p/three-function-handshower-6-6-lpm-24717t?skuId=24717T-BL,True,asset_000686
24717T-BL,https://techcomm.kohler.com/techcomm/cad/24717tpln.dwg,cad drawing,DWG,https://www.kohler.co.in/p/three-function-handshower-6-6-lpm-24717t?skuId=24717T-BL,True,asset_000685
24717T-BL,https://techcomm.kohler.com/techcomm/cad/24717tfrt.dxf,cad drawing,DXF,https://www.kohler.co.in/p/three-function-handshower-6-6-lpm-24717t?skuId=24717T-BL,True,asset_000684
24717T-BL,https://techcomm.kohler.com/techcomm/cad/24717tfrt.dwg,cad drawing,DWG,https://www.kohler.co.in/p/three-function-handshower-6-6-lpm-24717t?skuId=24717T-BL,True,asset_000683
24717T-BL,https://techcomm.kohler.com/techcomm/cad/24717tsde.dxf,cad drawing,DXF,https://www.kohler.co.in/p/three-function-handshower-6-6-lpm-24717t?skuId=24717T-BL,True,asset_000688
24717T-BL,https://techcomm.kohler.com/techcomm/cad/24717tsde.dwg,cad drawing,DWG,https://www.kohler.co.in/p/three-function-handshower-6-6-lpm-24717t?skuId=24717T-BL,True,asset_000687
24717T-BL,https://techcomm.kohler.com/techcomm/cad/24717T.dxf,cad drawing,DXF,https://www.kohler.co.in/p/three-function-handshower-6-6-lpm-24717t?skuId=24717T-BL,True,asset_000674
24717T-BL,https://techcomm.kohler.com/techcomm/cad/24717T.dwg,cad drawing,DWG,https://www.kohler.co.in/p/three-function-handshower-6-6-lpm-24717t?skuId=24717T-BL,True,asset_000673
24717T-BL,https://techcomm.kohler.com/techcomm/pdf/K-24717T_spec_CN_Kohler_en.pdf,spec sheet,PDF,https://www.kohler.co.in/p/three-function-handshower-6-6-lpm-24717t?skuId=24717T-BL,True,asset_002999
24717T-BL,https://techcomm.kohler.com/techcomm/pdf/K-24717T_spec_IN_Kohler_en.pdf,spec sheet,PDF,https://www.kohler.co.in/p/three-function-handshower-6-6-lpm-24717t?skuId=24717T-BL,True,asset_003000
24717T-BL,https://techcomm.kohler.com/techcomm/pdf/Installation Instructions_24717T_1355515-2A_D1.pdf,installation,PDF,https://www.kohler.co.in/p/three-function-handshower-6-6-lpm-24717t?skuId=24717T-BL,True,asset_002922
26284T-2MB,https://techcomm.kohler.com/techcomm/cad/26284T.obj,3d model,OBJ,https://www.kohler.co.in/p/statement-oblong-three-function-handshower-9-5-lpm-26284t?skuId=26284T-2MB,True,asset_000808
26284T-2MB,https://techcomm.kohler.com/techcomm/cad/26284T.skp,3d model,SKP,https://www.kohler.co.in/p/statement-oblong-three-function-handshower-9-5-lpm-26284t?skuId=26284T-2MB,True,asset_000809
26284T-2MB,https://techcomm.kohler.com/techcomm/cad/26284T.3ds,3d model,3DS,https://www.kohler.co.in/p/statement-oblong-three-function-handshower-9-5-lpm-26284t?skuId=26284T-2MB,True,asset_000805
26284T-2MB,https://techcomm.kohler.com/techcomm/cad/Shower-Handshower-KOHLER-K-26284T.rfa,3d model,RFA,https://www.kohler.co.in/p/statement-oblong-three-function-handshower-9-5-lpm-26284t?skuId=26284T-2MB,True,asset_002600
26284T-2MB,https://techcomm.kohler.com/techcomm/cad/Shower-Handshower-KOHLER-Statement-K-26284T.zip,3d model,RFA,https://www.kohler.co.in/p/statement-oblong-three-function-handshower-9-5-lpm-26284t?skuId=26284T-2MB,True,asset_002609
26284T-2MB,https://techcomm.kohler.com/techcomm/cad/26284tpln.dxf,cad drawing,DXF,https://www.kohler.co.in/p/statement-oblong-three-function-handshower-9-5-lpm-26284t?skuId=26284T-2MB,True,asset_000819
26284T-2MB,https://techcomm.kohler.com/techcomm/cad/26284tpln.dwg,cad drawing,DWG,https://www.kohler.co.in/p/statement-oblong-three-function-handshower-9-5-lpm-26284t?skuId=26284T-2MB,True,asset_000818
26284T-2MB,https://techcomm.kohler.com/techcomm/cad/26284tfrt.dxf,cad drawing,DXF,https://www.kohler.co.in/p/statement-oblong-three-function-handshower-9-5-lpm-26284t?skuId=26284T-2MB,True,asset_000817
26284T-2MB,https://techcomm.kohler.com/techcomm/cad/26284tfrt.dwg,cad drawing,DWG,https://www.kohler.co.in/p/statement-oblong-three-function-handshower-9-5-lpm-26284t?skuId=26284T-2MB,True,asset_000816
26284T-2MB,https://techcomm.kohler.com/techcomm/cad/26284tsde.dxf,cad drawing,DXF,https://www.kohler.co.in/p/statement-oblong-three-function-handshower-9-5-lpm-26284t?skuId=26284T-2MB,True,asset_000821
26284T-2MB,https://techcomm.kohler.com/techcomm/cad/26284tsde.dwg,cad drawing,DWG,https://www.kohler.co.in/p/statement-oblong-three-function-handshower-9-5-lpm-26284t?skuId=26284T-2MB,True,asset_000820
26284T-2MB,https://techcomm.kohler.com/techcomm/cad/26284T.dxf,cad drawing,DXF,https://www.kohler.co.in/p/statement-oblong-three-function-handshower-9-5-lpm-26284t?skuId=26284T-2MB,True,asset_000807
26284T-2MB,https://techcomm.kohler.com/techcomm/cad/26284T.dwg,cad drawing,DWG,https://www.kohler.co.in/p/statement-oblong-three-function-handshower-9-5-lpm-26284t?skuId=26284T-2MB,True,asset_000806
26284T-2MB,https://techcomm.kohler.com/techcomm/pdf/K-26284T_spec_AP_Kohler_en.pdf,spec sheet,PDF,https://www.kohler.co.in/p/statement-oblong-three-function-handshower-9-5-lpm-26284t?skuId=26284T-2MB,True,asset_003012
26284T-2MB,https://techcomm.kohler.com/techcomm/pdf/K-26284T_spec_IN_Kohler_en.pdf,spec sheet,PDF,https://www.kohler.co.in/p/statement-oblong-three-function-handshower-9-5-lpm-26284t?skuId=26284T-2MB,True,asset_003013
26284T-2MB,https://techcomm.kohler.com/techcomm/pdf/1430506-T2.pdf,installation,PDF,https://www.kohler.co.in/p/statement-oblong-three-function-handshower-9-5-lpm-26284t?skuId=26284T-2MB,True,asset_002808
26284T-2MB,https://techcomm.kohler.com/techcomm/pdf/1474726-T8 (26284T).pdf,parts,PDF,https://www.kohler.co.in/p/statement-oblong-three-function-handshower-9-5-lpm-26284t?skuId=26284T-2MB,True,asset_002836
R24717T-MU-BL,https://techcomm.kohler.com/techcomm/cad/R24717T-MU-BL_2D.dwg,cad drawing,DWG,https://www.kohler.co.in/p/rain-duet-multifunction-handshower-bl-finish-with-manchester-united-logo-r24717t-mu?skuId=R24717T-MU-BL,True,asset_002592
39502IN-CP,https://techcomm.kohler.com/techcomm/cad/39502IN.obj,3d model,OBJ,https://www.kohler.co.in/p/rainduet-round-three-function-handshower-9-0-lpm-39502in?skuId=39502IN-CP,True,asset_001566
39502IN-CP,https://techcomm.kohler.com/techcomm/cad/39502IN.skp,3d model,SKP,https://www.kohler.co.in/p/rainduet-round-three-function-handshower-9-0-lpm-39502in?skuId=39502IN-CP,True,asset_001567
39502IN-CP,https://techcomm.kohler.com/techcomm/cad/39502IN.3ds,3d model,3DS,https://www.kohler.co.in/p/rainduet-round-three-function-handshower-9-0-lpm-39502in?skuId=39502IN-CP,True,asset_001563
39502IN-CP,https://techcomm.kohler.com/techcomm/cad/Shower-Handshower-KOHLER-K-39502IN.rfa,3d model,RFA,https://www.kohler.co.in/p/rainduet-round-three-function-handshower-9-0-lpm-39502in?skuId=39502IN-CP,True,asset_002601
39502IN-CP,https://techcomm.kohler.com/techcomm/cad/39502inpln.dxf,cad drawing,DXF,https://www.kohler.co.in/p/rainduet-round-three-function-handshower-9-0-lpm-39502in?skuId=39502IN-CP,True,asset_001571
39502IN-CP,https://techcomm.kohler.com/techcomm/cad/39502inpln.dwg,cad drawing,DWG,https://www.kohler.co.in/p/rainduet-round-three-function-handshower-9-0-lpm-39502in?skuId=39502IN-CP,True,asset_001570
39502IN-CP,https://techcomm.kohler.com/techcomm/cad/39502infrt.dxf,cad drawing,DXF,https://www.kohler.co.in/p/rainduet-round-three-function-handshower-9-0-lpm-39502in?skuId=39502IN-CP,True,asset_001569
39502IN-CP,https://techcomm.kohler.com/techcomm/cad/39502infrt.dwg,cad drawing,DWG,https://www.kohler.co.in/p/rainduet-round-three-function-handshower-9-0-lpm-39502in?skuId=39502IN-CP,True,asset_001568
39502IN-CP,https://techcomm.kohler.com/techcomm/cad/39502insde.dxf,cad drawing,DXF,https://www.kohler.co.in/p/rainduet-round-three-function-handshower-9-0-lpm-39502in?skuId=39502IN-CP,True,asset_001573
39502IN-CP,https://techcomm.kohler.com/techcomm/cad/39502insde.dwg,cad drawing,DWG,https://www.kohler.co.in/p/rainduet-round-three-function-handshower-9-0-lpm-39502in?skuId=39502IN-CP,True,asset_001572
39502IN-CP,https://techcomm.kohler.com/techcomm/cad/39502IN.dxf,cad drawing,DXF,https://www.kohler.co.in/p/rainduet-round-three-function-handshower-9-0-lpm-39502in?skuId=39502IN-CP,True,asset_001565
39502IN-CP,https://techcomm.kohler.com/techcomm/cad/39502IN.dwg,cad drawing,DWG,https://www.kohler.co.in/p/rainduet-round-three-function-handshower-9-0-lpm-39502in?skuId=39502IN-CP,True,asset_001564
39502IN-CP,https://techcomm.kohler.com/techcomm/pdf/K-39502IN_spec_IN_Kohler_en.pdf,spec sheet,PDF,https://www.kohler.co.in/p/rainduet-round-three-function-handshower-9-0-lpm-39502in?skuId=39502IN-CP,True,asset_003086
39502IN-CP,https://techcomm.kohler.com/techcomm/pdf/1655558-IN2.pdf,installation,PDF,https://www.kohler.co.in/p/rainduet-round-three-function-handshower-9-0-lpm-39502in?skuId=39502IN-CP,True,asset_002888
22166-CP,https://techcomm.kohler.com/techcomm/cad/22166.obj,3d model,OBJ,https://www.kohler.co.in/p/purist-2-5-gpm-multifunction-handshower-with-katalyst-air-induction-technology-22166?skuId=22166-CP,True,asset_000527
22166-CP,https://techcomm.kohler.com/techcomm/cad/22166.skp,3d model,SKP,https://www.kohler.co.in/p/purist-2-5-gpm-multifunction-handshower-with-katalyst-air-induction-technology-22166?skuId=22166-CP,True,asset_000528
22166-CP,https://techcomm.kohler.com/techcomm/cad/22166.3ds,3d model,3DS,https://www.kohler.co.in/p/purist-2-5-gpm-multifunction-handshower-with-katalyst-air-induction-technology-22166?skuId=22166-CP,True,asset_000524
22166-CP,https://techcomm.kohler.com/techcomm/cad/Shower-Handshower-KOHLER-Purist-K-22166.zip,3d model,RFA,https://www.kohler.co.in/p/purist-2-5-gpm-multifunction-handshower-with-katalyst-air-induction-technology-22166?skuId=22166-CP,True,asset_002603
22166-CP,https://techcomm.kohler.com/techcomm/cad/22166pln.dxf,cad drawing,DXF,https://www.kohler.co.in/p/purist-2-5-gpm-multifunction-handshower-with-katalyst-air-induction-technology-22166?skuId=22166-CP,True,asset_000532
22166-CP,https://techcomm.kohler.com/techcomm/cad/22166pln.dwg,cad drawing,DWG,https://www.kohler.co.in/p/purist-2-5-gpm-multifunction-handshower-with-katalyst-air-induction-technology-22166?skuId=22166-CP,True,asset_000531
22166-CP,https://techcomm.kohler.com/techcomm/cad/22166frt.dxf,cad drawing,DXF,https://www.kohler.co.in/p/purist-2-5-gpm-multifunction-handshower-with-katalyst-air-induction-technology-22166?skuId=22166-CP,True,asset_000530
22166-CP,https://techcomm.kohler.com/techcomm/cad/22166frt.dwg,cad drawing,DWG,https://www.kohler.co.in/p/purist-2-5-gpm-multifunction-handshower-with-katalyst-air-induction-technology-22166?skuId=22166-CP,True,asset_000529
22166-CP,https://techcomm.kohler.com/techcomm/cad/22166sde.dxf,cad drawing,DXF,https://www.kohler.co.in/p/purist-2-5-gpm-multifunction-handshower-with-katalyst-air-induction-technology-22166?skuId=22166-CP,True,asset_000534
22166-CP,https://techcomm.kohler.com/techcomm/cad/22166sde.dwg,cad drawing,DWG,https://www.kohler.co.in/p/purist-2-5-gpm-multifunction-handshower-with-katalyst-air-induction-technology-22166?skuId=22166-CP,True,asset_000533
22166-CP,https://techcomm.kohler.com/techcomm/cad/22166.dxf,cad drawing,DXF,https://www.kohler.co.in/p/purist-2-5-gpm-multifunction-handshower-with-katalyst-air-induction-technology-22166?skuId=22166-CP,True,asset_000526
22166-CP,https://techcomm.kohler.com/techcomm/cad/22166.dwg,cad drawing,DWG,https://www.kohler.co.in/p/purist-2-5-gpm-multifunction-handshower-with-katalyst-air-induction-technology-22166?skuId=22166-CP,True,asset_000525
22166-CP,https://techcomm.kohler.com/techcomm/pdf/K-22166_spec_US-CA_Kohler_en.pdf,spec sheet,PDF,https://www.kohler.co.in/p/purist-2-5-gpm-multifunction-handshower-with-katalyst-air-induction-technology-22166?skuId=22166-CP,True,asset_002983
22166-CP,https://techcomm.kohler.com/techcomm/pdf/K-22166_spec_US-CA_Kohler_fr-ca.pdf,spec sheet,PDF,https://www.kohler.co.in/p/purist-2-5-gpm-multifunction-handshower-with-katalyst-air-induction-technology-22166?skuId=22166-CP,True,asset_002984
22166-CP,https://techcomm.kohler.com/techcomm/pdf/K-22166_spec_IN_Kohler_en.pdf,spec sheet,PDF,https://www.kohler.co.in/p/purist-2-5-gpm-multifunction-handshower-with-katalyst-air-induction-technology-22166?skuId=22166-CP,True,asset_002981
22166-CP,https://techcomm.kohler.com/techcomm/pdf/K-22166_spec_LM_Kohler_en.pdf,spec sheet,PDF,https://www.kohler.co.in/p/purist-2-5-gpm-multifunction-handshower-with-katalyst-air-induction-technology-22166?skuId=22166-CP,True,asset_002982
22166-CP,https://techcomm.kohler.com/techcomm/pdf/1232145-2.pdf,installation,PDF,https://www.kohler.co.in/p/purist-2-5-gpm-multifunction-handshower-with-katalyst-air-induction-technology-22166?skuId=22166-CP,True,asset_002778
9301IN-CL-CP,https://techcomm.kohler.com/techcomm/cad/9301IN-CL.obj,3d model,OBJ,https://www.kohler.co.in/p/modernlife-edge-square-381mm-single-function-rainhead-9301in-cl?skuId=9301IN-CL-CP,True,asset_002223
9301IN-CL-CP,https://techcomm.kohler.com/techcomm/cad/9301IN-CL.skp,3d model,SKP,https://www.kohler.co.in/p/modernlife-edge-square-381mm-single-function-rainhead-9301in-cl?skuId=9301IN-CL-CP,True,asset_002224
9301IN-CL-CP,https://techcomm.kohler.com/techcomm/cad/9301IN-CL.3ds,3d model,3DS,https://www.kohler.co.in/p/modernlife-edge-square-381mm-single-function-rainhead-9301in-cl?skuId=9301IN-CL-CP,True,asset_002220
9301IN-CL-CP,https://techcomm.kohler.com/techcomm/cad/Shower-Showerhead-KOHLER-Modern_Life-K-9301IN.zip,3d model,RFA,https://www.kohler.co.in/p/modernlife-edge-square-381mm-single-function-rainhead-9301in-cl?skuId=9301IN-CL-CP,True,asset_002654
9301IN-CL-CP,https://techcomm.kohler.com/techcomm/cad/9301in_clpln.dxf,cad drawing,DXF,https://www.kohler.co.in/p/modernlife-edge-square-381mm-single-function-rainhead-9301in-cl?skuId=9301IN-CL-CP,True,asset_002233
9301IN-CL-CP,https://techcomm.kohler.com/techcomm/cad/9301in_clpln.dwg,cad drawing,DWG,https://www.kohler.co.in/p/modernlife-edge-square-381mm-single-function-rainhead-9301in-cl?skuId=9301IN-CL-CP,True,asset_002232
9301IN-CL-CP,https://techcomm.kohler.com/techcomm/cad/9301in_clfrt.dxf,cad drawing,DXF,https://www.kohler.co.in/p/modernlife-edge-square-381mm-single-function-rainhead-9301in-cl?skuId=9301IN-CL-CP,True,asset_002231
9301IN-CL-CP,https://techcomm.kohler.com/techcomm/cad/9301in_clfrt.dwg,cad drawing,DWG,https://www.kohler.co.in/p/modernlife-edge-square-381mm-single-function-rainhead-9301in-cl?skuId=9301IN-CL-CP,True,asset_002230
9301IN-CL-CP,https://techcomm.kohler.com/techcomm/cad/9301in_clsde.dxf,cad drawing,DXF,https://www.kohler.co.in/p/modernlife-edge-square-381mm-single-function-rainhead-9301in-cl?skuId=9301IN-CL-CP,True,asset_002235
9301IN-CL-CP,https://techcomm.kohler.com/techcomm/cad/9301in_clsde.dwg,cad drawing,DWG,https://www.kohler.co.in/p/modernlife-edge-square-381mm-single-function-rainhead-9301in-cl?skuId=9301IN-CL-CP,True,asset_002234
9301IN-CL-CP,https://techcomm.kohler.com/techcomm/cad/9301IN-CL.dxf,cad drawing,DXF,https://www.kohler.co.in/p/modernlife-edge-square-381mm-single-function-rainhead-9301in-cl?skuId=9301IN-CL-CP,True,asset_002222
9301IN-CL-CP,https://techcomm.kohler.com/techcomm/cad/9301IN-CL.dwg,cad drawing,DWG,https://www.kohler.co.in/p/modernlife-edge-square-381mm-single-function-rainhead-9301in-cl?skuId=9301IN-CL-CP,True,asset_002221
9301IN-CL-CP,https://techcomm.kohler.com/techcomm/pdf/K-9301IN-CL_spec_IN_Kohler_en.pdf,spec sheet,PDF,https://www.kohler.co.in/p/modernlife-edge-square-381mm-single-function-rainhead-9301in-cl?skuId=9301IN-CL-CP,True,asset_003143
9302IN-CL-CP,https://techcomm.kohler.com/techcomm/cad/9302IN-CL.obj,3d model,OBJ,https://www.kohler.co.in/p/modernlife-edge-square-330-mm-single-function-rainhead-9302in-cl?skuId=9302IN-CL-CP,True,asset_002245
9302IN-CL-CP,https://techcomm.kohler.com/techcomm/cad/9302IN-CL.skp,3d model,SKP,https://www.kohler.co.in/p/modernlife-edge-square-330-mm-single-function-rainhead-9302in-cl?skuId=9302IN-CL-CP,True,asset_002246
9302IN-CL-CP,https://techcomm.kohler.com/techcomm/cad/9302IN-CL.3ds,3d model,3DS,https://www.kohler.co.in/p/modernlife-edge-square-330-mm-single-function-rainhead-9302in-cl?skuId=9302IN-CL-CP,True,asset_002242
9302IN-CL-CP,https://techcomm.kohler.com/techcomm/cad/Shower-Showerhead-KOHLER-LOURE-K-9302IN.rfa,3d model,RFA,https://www.kohler.co.in/p/modernlife-edge-square-330-mm-single-function-rainhead-9302in-cl?skuId=9302IN-CL-CP,True,asset_002651
9302IN-CL-CP,https://techcomm.kohler.com/techcomm/cad/9302in_clpln.dxf,cad drawing,DXF,https://www.kohler.co.in/p/modernlife-edge-square-330-mm-single-function-rainhead-9302in-cl?skuId=9302IN-CL-CP,True,asset_002250
9302IN-CL-CP,https://techcomm.kohler.com/techcomm/cad/9302in_clpln.dwg,cad drawing,DWG,https://www.kohler.co.in/p/modernlife-edge-square-330-mm-single-function-rainhead-9302in-cl?skuId=9302IN-CL-CP,True,asset_002249
9302IN-CL-CP,https://techcomm.kohler.com/techcomm/cad/9302in_clfrt.dxf,cad drawing,DXF,https://www.kohler.co.in/p/modernlife-edge-square-330-mm-single-function-rainhead-9302in-cl?skuId=9302IN-CL-CP,True,asset_002248
9302IN-CL-CP,https://techcomm.kohler.com/techcomm/cad/9302in_clfrt.dwg,cad drawing,DWG,https://www.kohler.co.in/p/modernlife-edge-square-330-mm-single-function-rainhead-9302in-cl?skuId=9302IN-CL-CP,True,asset_002247
9302IN-CL-CP,https://techcomm.kohler.com/techcomm/cad/9302in_clsde.dxf,cad drawing,DXF,https://www.kohler.co.in/p/modernlife-edge-square-330-mm-single-function-rainhead-9302in-cl?skuId=9302IN-CL-CP,True,asset_002252
9302IN-CL-CP,https://techcomm.kohler.com/techcomm/cad/9302in_clsde.dwg,cad drawing,DWG,https://www.kohler.co.in/p/modernlife-edge-square-330-mm-single-function-rainhead-9302in-cl?skuId=9302IN-CL-CP,True,asset_002251
9302IN-CL-CP,https://techcomm.kohler.com/techcomm/cad/9302IN-CL.dxf,cad drawing,DXF,https://www.kohler.co.in/p/modernlife-edge-square-330-mm-single-function-rainhead-9302in-cl?skuId=9302IN-CL-CP,True,asset_002244
9302IN-CL-CP,https://techcomm.kohler.com/techcomm/cad/9302IN-CL.dwg,cad drawing,DWG,https://www.kohler.co.in/p/modernlife-edge-square-330-mm-single-function-rainhead-9302in-cl?skuId=9302IN-CL-CP,True,asset_002243
73037IN-CL-CP,https://techcomm.kohler.com/techcomm/cad/73037IN-CL.obj,3d model,OBJ,https://www.kohler.co.in/p/round-duet-edge-square-203-mm-single-function-rainhead-73037in-cl?skuId=73037IN-CL-CP,True,asset_001916
73037IN-CL-CP,https://techcomm.kohler.com/techcomm/cad/73037IN-CL.skp,3d model,SKP,https://www.kohler.co.in/p/round-duet-edge-square-203-mm-single-function-rainhead-73037in-cl?skuId=73037IN-CL-CP,True,asset_001917
73037IN-CL-CP,https://techcomm.kohler.com/techcomm/cad/73037IN-CL.3ds,3d model,3DS,https://www.kohler.co.in/p/round-duet-edge-square-203-mm-single-function-rainhead-73037in-cl?skuId=73037IN-CL-CP,True,asset_001913
73037IN-CL-CP,https://techcomm.kohler.com/techcomm/cad/Shower-Showerhead-KOHLER-Rain_Duet-K-73037IN.rfa,3d model,RFA,https://www.kohler.co.in/p/round-duet-edge-square-203-mm-single-function-rainhead-73037in-cl?skuId=73037IN-CL-CP,True,asset_002659
73037IN-CL-CP,https://techcomm.kohler.com/techcomm/cad/73037in_clpln.dxf,cad drawing,DXF,https://www.kohler.co.in/p/round-duet-edge-square-203-mm-single-function-rainhead-73037in-cl?skuId=73037IN-CL-CP,True,asset_001921
73037IN-CL-CP,https://techcomm.kohler.com/techcomm/cad/73037in_clpln.dwg,cad drawing,DWG,https://www.kohler.co.in/p/round-duet-edge-square-203-mm-single-function-rainhead-73037in-cl?skuId=73037IN-CL-CP,True,asset_001920
73037IN-CL-CP,https://techcomm.kohler.com/techcomm/cad/73037in_clfrt.dxf,cad drawing,DXF,https://www.kohler.co.in/p/round-duet-edge-square-203-mm-single-function-rainhead-73037in-cl?skuId=73037IN-CL-CP,True,asset_001919
73037IN-CL-CP,https://techcomm.kohler.com/techcomm/cad/73037in_clfrt.dwg,cad drawing,DWG,https://www.kohler.co.in/p/round-duet-edge-square-203-mm-single-function-rainhead-73037in-cl?skuId=73037IN-CL-CP,True,asset_001918
73037IN-CL-CP,https://techcomm.kohler.com/techcomm/cad/73037in_clsde.dxf,cad drawing,DXF,https://www.kohler.co.in/p/round-duet-edge-square-203-mm-single-function-rainhead-73037in-cl?skuId=73037IN-CL-CP,True,asset_001923
73037IN-CL-CP,https://techcomm.kohler.com/techcomm/cad/73037in_clsde.dwg,cad drawing,DWG,https://www.kohler.co.in/p/round-duet-edge-square-203-mm-single-function-rainhead-73037in-cl?skuId=73037IN-CL-CP,True,asset_001922
73037IN-CL-CP,https://techcomm.kohler.com/techcomm/cad/73037IN-CL.dxf,cad drawing,DXF,https://www.kohler.co.in/p/round-duet-edge-square-203-mm-single-function-rainhead-73037in-cl?skuId=73037IN-CL-CP,True,asset_001915
73037IN-CL-CP,https://techcomm.kohler.com/techcomm/cad/73037IN-CL.dwg,cad drawing,DWG,https://www.kohler.co.in/p/round-duet-edge-square-203-mm-single-function-rainhead-73037in-cl?skuId=73037IN-CL-CP,True,asset_001914
73037IN-CL-CP,https://techcomm.kohler.com/techcomm/pdf/K-73037IN-CL_spec_IN_Kohler_en.pdf,spec sheet,PDF,https://www.kohler.co.in/p/round-duet-edge-square-203-mm-single-function-rainhead-73037in-cl?skuId=73037IN-CL-CP,True,asset_003111
73039IN-CL-CP,https://techcomm.kohler.com/techcomm/cad/73039IN-CL.obj,3d model,OBJ,https://www.kohler.co.in/p/rainduet-edge-round-254-mm-rainhead-9-4-lpm-73039in-cl?skuId=73039IN-CL-CP,True,asset_001938
73039IN-CL-CP,https://techcomm.kohler.com/techcomm/cad/73039IN-CL.skp,3d model,SKP,https://www.kohler.co.in/p/rainduet-edge-round-254-mm-rainhead-9-4-lpm-73039in-cl?skuId=73039IN-CL-CP,True,asset_001939
73039IN-CL-CP,https://techcomm.kohler.com/techcomm/cad/73039IN-CL.3ds,3d model,3DS,https://www.kohler.co.in/p/rainduet-edge-round-254-mm-rainhead-9-4-lpm-73039in-cl?skuId=73039IN-CL-CP,True,asset_001935
73039IN-CL-CP,https://techcomm.kohler.com/techcomm/cad/Shower-Showerhead-KOHLER-Rainduet-K-73039IN.rfa,3d model,RFA,https://www.kohler.co.in/p/rainduet-edge-round-254-mm-rainhead-9-4-lpm-73039in-cl?skuId=73039IN-CL-CP,True,asset_002662
73039IN-CL-CP,https://techcomm.kohler.com/techcomm/cad/73039in_clpln.dxf,cad drawing,DXF,https://www.kohler.co.in/p/rainduet-edge-round-254-mm-rainhead-9-4-lpm-73039in-cl?skuId=73039IN-CL-CP,True,asset_001943
73039IN-CL-CP,https://techcomm.kohler.com/techcomm/cad/73039in_clpln.dwg,cad drawing,DWG,https://www.kohler.co.in/p/rainduet-edge-round-254-mm-rainhead-9-4-lpm-73039in-cl?skuId=73039IN-CL-CP,True,asset_001942
73039IN-CL-CP,https://techcomm.kohler.com/techcomm/cad/73039in_clfrt.dxf,cad drawing,DXF,https://www.kohler.co.in/p/rainduet-edge-round-254-mm-rainhead-9-4-lpm-73039in-cl?skuId=73039IN-CL-CP,True,asset_001941
73039IN-CL-CP,https://techcomm.kohler.com/techcomm/cad/73039in_clfrt.dwg,cad drawing,DWG,https://www.kohler.co.in/p/rainduet-edge-round-254-mm-rainhead-9-4-lpm-73039in-cl?skuId=73039IN-CL-CP,True,asset_001940
73039IN-CL-CP,https://techcomm.kohler.com/techcomm/cad/73039in_clsde.dxf,cad drawing,DXF,https://www.kohler.co.in/p/rainduet-edge-round-254-mm-rainhead-9-4-lpm-73039in-cl?skuId=73039IN-CL-CP,True,asset_001945
73039IN-CL-CP,https://techcomm.kohler.com/techcomm/cad/73039in_clsde.dwg,cad drawing,DWG,https://www.kohler.co.in/p/rainduet-edge-round-254-mm-rainhead-9-4-lpm-73039in-cl?skuId=73039IN-CL-CP,True,asset_001944
73039IN-CL-CP,https://techcomm.kohler.com/techcomm/cad/73039IN-CL.dxf,cad drawing,DXF,https://www.kohler.co.in/p/rainduet-edge-round-254-mm-rainhead-9-4-lpm-73039in-cl?skuId=73039IN-CL-CP,True,asset_001937
73039IN-CL-CP,https://techcomm.kohler.com/techcomm/cad/73039IN-CL.dwg,cad drawing,DWG,https://www.kohler.co.in/p/rainduet-edge-round-254-mm-rainhead-9-4-lpm-73039in-cl?skuId=73039IN-CL-CP,True,asset_001936
73039IN-CL-CP,https://techcomm.kohler.com/techcomm/pdf/K-73039IN-CL_spec_IN_Kohler_en.pdf,spec sheet,PDF,https://www.kohler.co.in/p/rainduet-edge-round-254-mm-rainhead-9-4-lpm-73039in-cl?skuId=73039IN-CL-CP,True,asset_003113
76465IN-BL,https://techcomm.kohler.com/techcomm/cad/76465IN.obj,3d model,OBJ,https://www.kohler.co.in/p/awaken-254mm-rainhead-76465in?skuId=76465IN-BL,True,asset_002104
76465IN-BL,https://techcomm.kohler.com/techcomm/cad/76465IN.skp,3d model,SKP,https://www.kohler.co.in/p/awaken-254mm-rainhead-76465in?skuId=76465IN-BL,True,asset_002105
76465IN-BL,https://techcomm.kohler.com/techcomm/cad/76465IN.3ds,3d model,3DS,https://www.kohler.co.in/p/awaken-254mm-rainhead-76465in?skuId=76465IN-BL,True,asset_002101
76465IN-BL,https://techcomm.kohler.com/techcomm/cad/Shower-Showerhead-KOHLER-RAINDUET-K-76465IN.rfa,3d model,RFA,https://www.kohler.co.in/p/awaken-254mm-rainhead-76465in?skuId=76465IN-BL,True,asset_002655
76465IN-BL,https://techcomm.kohler.com/techcomm/cad/76465inpln.dxf,cad drawing,DXF,https://www.kohler.co.in/p/awaken-254mm-rainhead-76465in?skuId=76465IN-BL,True,asset_002109
76465IN-BL,https://techcomm.kohler.com/techcomm/cad/76465inpln.dwg,cad drawing,DWG,https://www.kohler.co.in/p/awaken-254mm-rainhead-76465in?skuId=76465IN-BL,True,asset_002108
76465IN-BL,https://techcomm.kohler.com/techcomm/cad/76465infrt.dxf,cad drawing,DXF,https://www.kohler.co.in/p/awaken-254mm-rainhead-76465in?skuId=76465IN-BL,True,asset_002107
76465IN-BL,https://techcomm.kohler.com/techcomm/cad/76465infrt.dwg,cad drawing,DWG,https://www.kohler.co.in/p/awaken-254mm-rainhead-76465in?skuId=76465IN-BL,True,asset_002106
76465IN-BL,https://techcomm.kohler.com/techcomm/cad/76465insde.dxf,cad drawing,DXF,https://www.kohler.co.in/p/awaken-254mm-rainhead-76465in?skuId=76465IN-BL,True,asset_002111
76465IN-BL,https://techcomm.kohler.com/techcomm/cad/76465insde.dwg,cad drawing,DWG,https://www.kohler.co.in/p/awaken-254mm-rainhead-76465in?skuId=76465IN-BL,True,asset_002110
76465IN-BL,https://techcomm.kohler.com/techcomm/cad/76465IN.dxf,cad drawing,DXF,https://www.kohler.co.in/p/awaken-254mm-rainhead-76465in?skuId=76465IN-BL,True,asset_002103
76465IN-BL,https://techcomm.kohler.com/techcomm/cad/76465IN.dwg,cad drawing,DWG,https://www.kohler.co.in/p/awaken-254mm-rainhead-76465in?skuId=76465IN-BL,True,asset_002102
77276IN-L-CP,https://techcomm.kohler.com/techcomm/cad/77276IN-L.obj,3d model,OBJ,https://www.kohler.co.in/p/beitou-rectangle-600x800-multifunction-rainpanel-in-polished-chrome-77276in-l?skuId=77276IN-L-CP,True,asset_002126
77276IN-L-CP,https://techcomm.kohler.com/techcomm/cad/77276IN-L.skp,3d model,SKP,https://www.kohler.co.in/p/beitou-rectangle-600x800-multifunction-rainpanel-in-polished-chrome-77276in-l?skuId=77276IN-L-CP,True,asset_002127
77276IN-L-CP,https://techcomm.kohler.com/techcomm/cad/77276IN-L.3ds,3d model,3DS,https://www.kohler.co.in/p/beitou-rectangle-600x800-multifunction-rainpanel-in-polished-chrome-77276in-l?skuId=77276IN-L-CP,True,asset_002123
77276IN-L-CP,https://techcomm.kohler.com/techcomm/cad/Shower-Ceiling_Mount_Showerhead-KOHLER-BEITOU-K-77276IN.rfa,3d model,RFA,https://www.kohler.co.in/p/beitou-rectangle-600x800-multifunction-rainpanel-in-polished-chrome-77276in-l?skuId=77276IN-L-CP,True,asset_002595
77276IN-L-CP,https://techcomm.kohler.com/techcomm/cad/77276in_lpln.dxf,cad drawing,DXF,https://www.kohler.co.in/p/beitou-rectangle-600x800-multifunction-rainpanel-in-polished-chrome-77276in-l?skuId=77276IN-L-CP,True,asset_002131
77276IN-L-CP,https://techcomm.kohler.com/techcomm/cad/77276in_lpln.dwg,cad drawing,DWG,https://www.kohler.co.in/p/beitou-rectangle-600x800-multifunction-rainpanel-in-polished-chrome-77276in-l?skuId=77276IN-L-CP,True,asset_002130
77276IN-L-CP,https://techcomm.kohler.com/techcomm/cad/77276in_lfrt.dxf,cad drawing,DXF,https://www.kohler.co.in/p/beitou-rectangle-600x800-multifunction-rainpanel-in-polished-chrome-77276in-l?skuId=77276IN-L-CP,True,asset_002129
77276IN-L-CP,https://techcomm.kohler.com/techcomm/cad/77276in_lfrt.dwg,cad drawing,DWG,https://www.kohler.co.in/p/beitou-rectangle-600x800-multifunction-rainpanel-in-polished-chrome-77276in-l?skuId=77276IN-L-CP,True,asset_002128
77276IN-L-CP,https://techcomm.kohler.com/techcomm/cad/77276in_lsde.dxf,cad drawing,DXF,https://www.kohler.co.in/p/beitou-rectangle-600x800-multifunction-rainpanel-in-polished-chrome-77276in-l?skuId=77276IN-L-CP,True,asset_002133
77276IN-L-CP,https://techcomm.kohler.com/techcomm/cad/77276in_lsde.dwg,cad drawing,DWG,https://www.kohler.co.in/p/beitou-rectangle-600x800-multifunction-rainpanel-in-polished-chrome-77276in-l?skuId=77276IN-L-CP,True,asset_002132
77276IN-L-CP,https://techcomm.kohler.com/techcomm/cad/77276IN-L.dxf,cad drawing,DXF,https://www.kohler.co.in/p/beitou-rectangle-600x800-multifunction-rainpanel-in-polished-chrome-77276in-l?skuId=77276IN-L-CP,True,asset_002125
77276IN-L-CP,https://techcomm.kohler.com/techcomm/cad/77276IN-L.dwg,cad drawing,DWG,https://www.kohler.co.in/p/beitou-rectangle-600x800-multifunction-rainpanel-in-polished-chrome-77276in-l?skuId=77276IN-L-CP,True,asset_002124
77276IN-L-CP,https://techcomm.kohler.com/techcomm/pdf/K-77276IN-L_spec_IN_Kohler_en.pdf,spec sheet,PDF,https://www.kohler.co.in/p/beitou-rectangle-600x800-multifunction-rainpanel-in-polished-chrome-77276in-l?skuId=77276IN-L-CP,True,asset_003132
38973IN-CP,https://techcomm.kohler.com/techcomm/cad/38973IN.obj,3d model,OBJ,https://www.kohler.co.in/p/pristine-rectangular-254-mm-single-function-filtered-rainhead-12-0-lpm-38973in?skuId=38973IN-CP,True,asset_001522
38973IN-CP,https://techcomm.kohler.com/techcomm/cad/38973IN.skp,3d model,SKP,https://www.kohler.co.in/p/pristine-rectangular-254-mm-single-function-filtered-rainhead-12-0-lpm-38973in?skuId=38973IN-CP,True,asset_001523
38973IN-CP,https://techcomm.kohler.com/techcomm/cad/38973IN.3ds,3d model,3DS,https://www.kohler.co.in/p/pristine-rectangular-254-mm-single-function-filtered-rainhead-12-0-lpm-38973in?skuId=38973IN-CP,True,asset_001519
38973IN-CP,https://kohler.scene7.com/is/image/kohlergbhcloudprod/Shower-Showerhead-KOHLER-Filter_SF-K-38973IN.rfa,3d model,RFA,https://www.kohler.co.in/p/pristine-rectangular-254-mm-single-function-filtered-rainhead-12-0-lpm-38973in?skuId=38973IN-CP,True,asset_000002
38973IN-CP,https://techcomm.kohler.com/techcomm/cad/38973inpln.dxf,cad drawing,DXF,https://www.kohler.co.in/p/pristine-rectangular-254-mm-single-function-filtered-rainhead-12-0-lpm-38973in?skuId=38973IN-CP,True,asset_001527
38973IN-CP,https://techcomm.kohler.com/techcomm/cad/38973inpln.dwg,cad drawing,DWG,https://www.kohler.co.in/p/pristine-rectangular-254-mm-single-function-filtered-rainhead-12-0-lpm-38973in?skuId=38973IN-CP,True,asset_001526
38973IN-CP,https://techcomm.kohler.com/techcomm/cad/38973infrt.dxf,cad drawing,DXF,https://www.kohler.co.in/p/pristine-rectangular-254-mm-single-function-filtered-rainhead-12-0-lpm-38973in?skuId=38973IN-CP,True,asset_001525
38973IN-CP,https://techcomm.kohler.com/techcomm/cad/38973infrt.dwg,cad drawing,DWG,https://www.kohler.co.in/p/pristine-rectangular-254-mm-single-function-filtered-rainhead-12-0-lpm-38973in?skuId=38973IN-CP,True,asset_001524
38973IN-CP,https://techcomm.kohler.com/techcomm/cad/38973insde.dxf,cad drawing,DXF,https://www.kohler.co.in/p/pristine-rectangular-254-mm-single-function-filtered-rainhead-12-0-lpm-38973in?skuId=38973IN-CP,True,asset_001529
38973IN-CP,https://techcomm.kohler.com/techcomm/cad/38973insde.dwg,cad drawing,DWG,https://www.kohler.co.in/p/pristine-rectangular-254-mm-single-function-filtered-rainhead-12-0-lpm-38973in?skuId=38973IN-CP,True,asset_001528
38973IN-CP,https://techcomm.kohler.com/techcomm/cad/38973IN.dxf,cad drawing,DXF,https://www.kohler.co.in/p/pristine-rectangular-254-mm-single-function-filtered-rainhead-12-0-lpm-38973in?skuId=38973IN-CP,True,asset_001521
38973IN-CP,https://techcomm.kohler.com/techcomm/cad/38973IN.dwg,cad drawing,DWG,https://www.kohler.co.in/p/pristine-rectangular-254-mm-single-function-filtered-rainhead-12-0-lpm-38973in?skuId=38973IN-CP,True,asset_001520
38973IN-CP,https://techcomm.kohler.com/techcomm/pdf/K-38973IN_spec_IN_Kohler_en.pdf,spec sheet,PDF,https://www.kohler.co.in/p/pristine-rectangular-254-mm-single-function-filtered-rainhead-12-0-lpm-38973in?skuId=38973IN-CP,True,asset_003082
38973IN-CP,https://techcomm.kohler.com/techcomm/pdf/1659128-IN8.pdf,parts,PDF,https://www.kohler.co.in/p/pristine-rectangular-254-mm-single-function-filtered-rainhead-12-0-lpm-38973in?skuId=38973IN-CP,True,asset_002895
13693-CP,https://techcomm.kohler.com/techcomm/cad/13693.obj,3d model,OBJ,https://www.kohler.co.in/p/traditional-round-10-rainhead-with-katalyst-air-induction-spray-2-5-gpm-13693?skuId=13693-CP,True,asset_000092
13693-CP,https://techcomm.kohler.com/techcomm/cad/13693.skp,3d model,SKP,https://www.kohler.co.in/p/traditional-round-10-rainhead-with-katalyst-air-induction-spray-2-5-gpm-13693?skuId=13693-CP,True,asset_000093
13693-CP,https://techcomm.kohler.com/techcomm/cad/13693.3ds,3d model,3DS,https://www.kohler.co.in/p/traditional-round-10-rainhead-with-katalyst-air-induction-spray-2-5-gpm-13693?skuId=13693-CP,True,asset_000089
13693-CP,https://techcomm.kohler.com/techcomm/cad/Shower-Showerhead-KOHLER-Traditional_Round-K-13693.zip,3d model,RFA,https://www.kohler.co.in/p/traditional-round-10-rainhead-with-katalyst-air-induction-spray-2-5-gpm-13693?skuId=13693-CP,True,asset_002666
13693-CP,https://techcomm.kohler.com/techcomm/cad/Showerhead-10in_Round-Kohler-Katalyst_Spray-13693.rfa,3d model,RFA,https://www.kohler.co.in/p/traditional-round-10-rainhead-with-katalyst-air-induction-spray-2-5-gpm-13693?skuId=13693-CP,True,asset_002671
13693-CP,https://techcomm.kohler.com/techcomm/cad/13693pln.dxf,cad drawing,DXF,https://www.kohler.co.in/p/traditional-round-10-rainhead-with-katalyst-air-induction-spray-2-5-gpm-13693?skuId=13693-CP,True,asset_000097
13693-CP,https://techcomm.kohler.com/techcomm/cad/13693pln.dwg,cad drawing,DWG,https://www.kohler.co.in/p/traditional-round-10-rainhead-with-katalyst-air-induction-spray-2-5-gpm-13693?skuId=13693-CP,True,asset_000096
13693-CP,https://techcomm.kohler.com/techcomm/cad/13693frt.dxf,cad drawing,DXF,https://www.kohler.co.in/p/traditional-round-10-rainhead-with-katalyst-air-induction-spray-2-5-gpm-13693?skuId=13693-CP,True,asset_000095
13693-CP,https://techcomm.kohler.com/techcomm/cad/13693frt.dwg,cad drawing,DWG,https://www.kohler.co.in/p/traditional-round-10-rainhead-with-katalyst-air-induction-spray-2-5-gpm-13693?skuId=13693-CP,True,asset_000094
13693-CP,https://techcomm.kohler.com/techcomm/cad/13693sde.dxf,cad drawing,DXF,https://www.kohler.co.in/p/traditional-round-10-rainhead-with-katalyst-air-induction-spray-2-5-gpm-13693?skuId=13693-CP,True,asset_000099
13693-CP,https://techcomm.kohler.com/techcomm/cad/13693sde.dwg,cad drawing,DWG,https://www.kohler.co.in/p/traditional-round-10-rainhead-with-katalyst-air-induction-spray-2-5-gpm-13693?skuId=13693-CP,True,asset_000098
13693-CP,https://techcomm.kohler.com/techcomm/cad/13693.dxf,cad drawing,DXF,https://www.kohler.co.in/p/traditional-round-10-rainhead-with-katalyst-air-induction-spray-2-5-gpm-13693?skuId=13693-CP,True,asset_000091
13693-CP,https://techcomm.kohler.com/techcomm/cad/13693.dwg,cad drawing,DWG,https://www.kohler.co.in/p/traditional-round-10-rainhead-with-katalyst-air-induction-spray-2-5-gpm-13693?skuId=13693-CP,True,asset_000090
13693-CP,https://techcomm.kohler.com/techcomm/pdf/K-13693_spec_US-CA_Kohler_en.pdf,spec sheet,PDF,https://www.kohler.co.in/p/traditional-round-10-rainhead-with-katalyst-air-induction-spray-2-5-gpm-13693?skuId=13693-CP,True,asset_002931
13693-CP,https://techcomm.kohler.com/techcomm/pdf/K-13693_spec_US-CA_Kohler_fr-ca.pdf,spec sheet,PDF,https://www.kohler.co.in/p/traditional-round-10-rainhead-with-katalyst-air-induction-spray-2-5-gpm-13693?skuId=13693-CP,True,asset_002932
13693-CP,https://techcomm.kohler.com/techcomm/pdf/K-13693_spec_IN_Kohler_en.pdf,spec sheet,PDF,https://www.kohler.co.in/p/traditional-round-10-rainhead-with-katalyst-air-induction-spray-2-5-gpm-13693?skuId=13693-CP,True,asset_002929
13693-CP,https://techcomm.kohler.com/techcomm/pdf/K-13693_spec_LM_Kohler_en.pdf,spec sheet,PDF,https://www.kohler.co.in/p/traditional-round-10-rainhead-with-katalyst-air-induction-spray-2-5-gpm-13693?skuId=13693-CP,True,asset_002930
13693-CP,https://techcomm.kohler.com/techcomm/pdf/1141989-2.pdf,installation,PDF,https://www.kohler.co.in/p/traditional-round-10-rainhead-with-katalyst-air-induction-spray-2-5-gpm-13693?skuId=13693-CP,True,asset_002768
9301IN-ZX-RGD,https://techcomm.kohler.com/techcomm/cad/9301IN-ZX.obj,3d model,OBJ,https://www.kohler.co.in/p/katalyst-air-square-384-mm-single-function-rainhead-22-2-lpm-9301in-zx?skuId=9301IN-ZX-RGD,True,asset_002228
9301IN-ZX-RGD,https://techcomm.kohler.com/techcomm/cad/9301IN-ZX.skp,3d model,SKP,https://www.kohler.co.in/p/katalyst-air-square-384-mm-single-function-rainhead-22-2-lpm-9301in-zx?skuId=9301IN-ZX-RGD,True,asset_002229
9301IN-ZX-RGD,https://techcomm.kohler.com/techcomm/cad/9301IN-ZX.3ds,3d model,3DS,https://www.kohler.co.in/p/katalyst-air-square-384-mm-single-function-rainhead-22-2-lpm-9301in-zx?skuId=9301IN-ZX-RGD,True,asset_002225
9301IN-ZX-RGD,https://techcomm.kohler.com/techcomm/cad/Shower-Showerhead-KOHLER-Modern_Life-K-9301IN.zip,3d model,RFA,https://www.kohler.co.in/p/katalyst-air-square-384-mm-single-function-rainhead-22-2-lpm-9301in-zx?skuId=9301IN-ZX-RGD,True,asset_002654
9301IN-ZX-RGD,https://techcomm.kohler.com/techcomm/cad/9301in_zxpln.dxf,cad drawing,DXF,https://www.kohler.co.in/p/katalyst-air-square-384-mm-single-function-rainhead-22-2-lpm-9301in-zx?skuId=9301IN-ZX-RGD,True,asset_002239
9301IN-ZX-RGD,https://techcomm.kohler.com/techcomm/cad/9301in_zxpln.dwg,cad drawing,DWG,https://www.kohler.co.in/p/katalyst-air-square-384-mm-single-function-rainhead-22-2-lpm-9301in-zx?skuId=9301IN-ZX-RGD,True,asset_002238
9301IN-ZX-RGD,https://techcomm.kohler.com/techcomm/cad/9301in_zxfrt.dxf,cad drawing,DXF,https://www.kohler.co.in/p/katalyst-air-square-384-mm-single-function-rainhead-22-2-lpm-9301in-zx?skuId=9301IN-ZX-RGD,True,asset_002237
9301IN-ZX-RGD,https://techcomm.kohler.com/techcomm/cad/9301in_zxfrt.dwg,cad drawing,DWG,https://www.kohler.co.in/p/katalyst-air-square-384-mm-single-function-rainhead-22-2-lpm-9301in-zx?skuId=9301IN-ZX-RGD,True,asset_002236
9301IN-ZX-RGD,https://techcomm.kohler.com/techcomm/cad/9301in_zxsde.dxf,cad drawing,DXF,https://www.kohler.co.in/p/katalyst-air-square-384-mm-single-function-rainhead-22-2-lpm-9301in-zx?skuId=9301IN-ZX-RGD,True,asset_002241
9301IN-ZX-RGD,https://techcomm.kohler.com/techcomm/cad/9301in_zxsde.dwg,cad drawing,DWG,https://www.kohler.co.in/p/katalyst-air-square-384-mm-single-function-rainhead-22-2-lpm-9301in-zx?skuId=9301IN-ZX-RGD,True,asset_002240
9301IN-ZX-RGD,https://techcomm.kohler.com/techcomm/cad/9301IN-ZX.dxf,cad drawing,DXF,https://www.kohler.co.in/p/katalyst-air-square-384-mm-single-function-rainhead-22-2-lpm-9301in-zx?skuId=9301IN-ZX-RGD,True,asset_002227
9301IN-ZX-RGD,https://techcomm.kohler.com/techcomm/cad/9301IN-ZX.dwg,cad drawing,DWG,https://www.kohler.co.in/p/katalyst-air-square-384-mm-single-function-rainhead-22-2-lpm-9301in-zx?skuId=9301IN-ZX-RGD,True,asset_002226
9301IN-ZX-RGD,https://techcomm.kohler.com/techcomm/pdf/K-9301IN-ZX_spec_IN_Kohler_en.pdf,spec sheet,PDF,https://www.kohler.co.in/p/katalyst-air-square-384-mm-single-function-rainhead-22-2-lpm-9301in-zx?skuId=9301IN-ZX-RGD,True,asset_003144
38629IN-CP,https://techcomm.kohler.com/techcomm/cad/38629IN.obj,3d model,OBJ,https://www.kohler.co.in/p/rain-max-square-305-mm-three-function-rainhead-14-5-31-0-lpm-38629in?skuId=38629IN-CP,True,asset_001511
38629IN-CP,https://techcomm.kohler.com/techcomm/cad/38629IN.skp,3d model,SKP,https://www.kohler.co.in/p/rain-max-square-305-mm-three-function-rainhead-14-5-31-0-lpm-38629in?skuId=38629IN-CP,True,asset_001512
38629IN-CP,https://techcomm.kohler.com/techcomm/cad/38629IN.3ds,3d model,3DS,https://www.kohler.co.in/p/rain-max-square-305-mm-three-function-rainhead-14-5-31-0-lpm-38629in?skuId=38629IN-CP,True,asset_001508
38629IN-CP,https://techcomm.kohler.com/techcomm/cad/Shower-Showerhead-KOHLER-Rain-K-38629IN.rfa,3d model,RFA,https://www.kohler.co.in/p/rain-max-square-305-mm-three-function-rainhead-14-5-31-0-lpm-38629in?skuId=38629IN-CP,True,asset_002657
38629IN-CP,https://techcomm.kohler.com/techcomm/cad/38629inpln.dxf,cad drawing,DXF,https://www.kohler.co.in/p/rain-max-square-305-mm-three-function-rainhead-14-5-31-0-lpm-38629in?skuId=38629IN-CP,True,asset_001516
38629IN-CP,https://techcomm.kohler.com/techcomm/cad/38629inpln.dwg,cad drawing,DWG,https://www.kohler.co.in/p/rain-max-square-305-mm-three-function-rainhead-14-5-31-0-lpm-38629in?skuId=38629IN-CP,True,asset_001515
38629IN-CP,https://techcomm.kohler.com/techcomm/cad/38629infrt.dxf,cad drawing,DXF,https://www.kohler.co.in/p/rain-max-square-305-mm-three-function-rainhead-14-5-31-0-lpm-38629in?skuId=38629IN-CP,True,asset_001514
38629IN-CP,https://techcomm.kohler.com/techcomm/cad/38629infrt.dwg,cad drawing,DWG,https://www.kohler.co.in/p/rain-max-square-305-mm-three-function-rainhead-14-5-31-0-lpm-38629in?skuId=38629IN-CP,True,asset_001513
38629IN-CP,https://techcomm.kohler.com/techcomm/cad/38629insde.dxf,cad drawing,DXF,https://www.kohler.co.in/p/rain-max-square-305-mm-three-function-rainhead-14-5-31-0-lpm-38629in?skuId=38629IN-CP,True,asset_001518
38629IN-CP,https://techcomm.kohler.com/techcomm/cad/38629insde.dwg,cad drawing,DWG,https://www.kohler.co.in/p/rain-max-square-305-mm-three-function-rainhead-14-5-31-0-lpm-38629in?skuId=38629IN-CP,True,asset_001517
38629IN-CP,https://techcomm.kohler.com/techcomm/cad/38629IN.dxf,cad drawing,DXF,https://www.kohler.co.in/p/rain-max-square-305-mm-three-function-rainhead-14-5-31-0-lpm-38629in?skuId=38629IN-CP,True,asset_001510
38629IN-CP,https://techcomm.kohler.com/techcomm/cad/38629IN.dwg,cad drawing,DWG,https://www.kohler.co.in/p/rain-max-square-305-mm-three-function-rainhead-14-5-31-0-lpm-38629in?skuId=38629IN-CP,True,asset_001509
38629IN-CP,https://techcomm.kohler.com/techcomm/pdf/K-38629IN_spec_IN_Kohler_en.pdf,spec sheet,PDF,https://www.kohler.co.in/p/rain-max-square-305-mm-three-function-rainhead-14-5-31-0-lpm-38629in?skuId=38629IN-CP,True,asset_003081
38629IN-CP,https://techcomm.kohler.com/techcomm/pdf/1646384-IN2.pdf,installation,PDF,https://www.kohler.co.in/p/rain-max-square-305-mm-three-function-rainhead-14-5-31-0-lpm-38629in?skuId=38629IN-CP,True,asset_002881
38629IN-CP,https://techcomm.kohler.com/techcomm/pdf/1646384-IN8.pdf,parts,PDF,https://www.kohler.co.in/p/rain-max-square-305-mm-three-function-rainhead-14-5-31-0-lpm-38629in?skuId=38629IN-CP,True,asset_002882
39507IN-CP,https://techcomm.kohler.com/techcomm/cad/39507IN.obj,3d model,OBJ,https://www.kohler.co.in/p/rainduet-round-250-mm-single-function-rainhead-10-5-lpm-39507in?skuId=39507IN-CP,True,asset_001577
39507IN-CP,https://techcomm.kohler.com/techcomm/cad/39507IN.skp,3d model,SKP,https://www.kohler.co.in/p/rainduet-round-250-mm-single-function-rainhead-10-5-lpm-39507in?skuId=39507IN-CP,True,asset_001578
39507IN-CP,https://techcomm.kohler.com/techcomm/cad/39507IN.3ds,3d model,3DS,https://www.kohler.co.in/p/rainduet-round-250-mm-single-function-rainhead-10-5-lpm-39507in?skuId=39507IN-CP,True,asset_001574
39507IN-CP,https://techcomm.kohler.com/techcomm/cad/Shower-Showerhead-KOHLER-K-39507IN.rfa,3d model,RFA,https://www.kohler.co.in/p/rainduet-round-250-mm-single-function-rainhead-10-5-lpm-39507in?skuId=39507IN-CP,True,asset_002648
39507IN-CP,https://techcomm.kohler.com/techcomm/cad/39507inpln.dxf,cad drawing,DXF,https://www.kohler.co.in/p/rainduet-round-250-mm-single-function-rainhead-10-5-lpm-39507in?skuId=39507IN-CP,True,asset_001582
39507IN-CP,https://techcomm.kohler.com/techcomm/cad/39507inpln.dwg,cad drawing,DWG,https://www.kohler.co.in/p/rainduet-round-250-mm-single-function-rainhead-10-5-lpm-39507in?skuId=39507IN-CP,True,asset_001581
39507IN-CP,https://techcomm.kohler.com/techcomm/cad/39507infrt.dxf,cad drawing,DXF,https://www.kohler.co.in/p/rainduet-round-250-mm-single-function-rainhead-10-5-lpm-39507in?skuId=39507IN-CP,True,asset_001580
39507IN-CP,https://techcomm.kohler.com/techcomm/cad/39507infrt.dwg,cad drawing,DWG,https://www.kohler.co.in/p/rainduet-round-250-mm-single-function-rainhead-10-5-lpm-39507in?skuId=39507IN-CP,True,asset_001579
39507IN-CP,https://techcomm.kohler.com/techcomm/cad/39507insde.dxf,cad drawing,DXF,https://www.kohler.co.in/p/rainduet-round-250-mm-single-function-rainhead-10-5-lpm-39507in?skuId=39507IN-CP,True,asset_001584
39507IN-CP,https://techcomm.kohler.com/techcomm/cad/39507insde.dwg,cad drawing,DWG,https://www.kohler.co.in/p/rainduet-round-250-mm-single-function-rainhead-10-5-lpm-39507in?skuId=39507IN-CP,True,asset_001583
39507IN-CP,https://techcomm.kohler.com/techcomm/cad/39507IN.dxf,cad drawing,DXF,https://www.kohler.co.in/p/rainduet-round-250-mm-single-function-rainhead-10-5-lpm-39507in?skuId=39507IN-CP,True,asset_001576
39507IN-CP,https://techcomm.kohler.com/techcomm/cad/39507IN.dwg,cad drawing,DWG,https://www.kohler.co.in/p/rainduet-round-250-mm-single-function-rainhead-10-5-lpm-39507in?skuId=39507IN-CP,True,asset_001575
39507IN-CP,https://techcomm.kohler.com/techcomm/pdf/K-39507IN_spec_IN_Kohler_en.pdf,spec sheet,PDF,https://www.kohler.co.in/p/rainduet-round-250-mm-single-function-rainhead-10-5-lpm-39507in?skuId=39507IN-CP,True,asset_003087
39507IN-CP,https://techcomm.kohler.com/techcomm/pdf/1655559-IN2.pdf,installation,PDF,https://www.kohler.co.in/p/rainduet-round-250-mm-single-function-rainhead-10-5-lpm-39507in?skuId=39507IN-CP,True,asset_002889
39507IN-CP,https://techcomm.kohler.com/techcomm/pdf/1656768-IN8.pdf,parts,PDF,https://www.kohler.co.in/p/rainduet-round-250-mm-single-function-rainhead-10-5-lpm-39507in?skuId=39507IN-CP,True,asset_002894
98275IN-CL-CP,https://techcomm.kohler.com/techcomm/cad/98275IN-CL.obj,3d model,OBJ,https://www.kohler.co.in/p/loure-17-katalyst-air-showerhead-98275in-cl?skuId=98275IN-CL-CP,True,asset_002399
98275IN-CL-CP,https://techcomm.kohler.com/techcomm/cad/98275IN-CL.skp,3d model,SKP,https://www.kohler.co.in/p/loure-17-katalyst-air-showerhead-98275in-cl?skuId=98275IN-CL-CP,True,asset_002400
98275IN-CL-CP,https://techcomm.kohler.com/techcomm/cad/98275IN-CL.3ds,3d model,3DS,https://www.kohler.co.in/p/loure-17-katalyst-air-showerhead-98275in-cl?skuId=98275IN-CL-CP,True,asset_002396
98275IN-CL-CP,https://techcomm.kohler.com/techcomm/cad/Shower-Showerhead-KOHLER-Loure-K-98275IN.rfa,3d model,RFA,https://www.kohler.co.in/p/loure-17-katalyst-air-showerhead-98275in-cl?skuId=98275IN-CL-CP,True,asset_002652
98275IN-CL-CP,https://techcomm.kohler.com/techcomm/cad/98275in_clpln.dxf,cad drawing,DXF,https://www.kohler.co.in/p/loure-17-katalyst-air-showerhead-98275in-cl?skuId=98275IN-CL-CP,True,asset_002404
98275IN-CL-CP,https://techcomm.kohler.com/techcomm/cad/98275in_clpln.dwg,cad drawing,DWG,https://www.kohler.co.in/p/loure-17-katalyst-air-showerhead-98275in-cl?skuId=98275IN-CL-CP,True,asset_002403
98275IN-CL-CP,https://techcomm.kohler.com/techcomm/cad/98275in_clfrt.dxf,cad drawing,DXF,https://www.kohler.co.in/p/loure-17-katalyst-air-showerhead-98275in-cl?skuId=98275IN-CL-CP,True,asset_002402
98275IN-CL-CP,https://techcomm.kohler.com/techcomm/cad/98275in_clfrt.dwg,cad drawing,DWG,https://www.kohler.co.in/p/loure-17-katalyst-air-showerhead-98275in-cl?skuId=98275IN-CL-CP,True,asset_002401
98275IN-CL-CP,https://techcomm.kohler.com/techcomm/cad/98275in_clsde.dxf,cad drawing,DXF,https://www.kohler.co.in/p/loure-17-katalyst-air-showerhead-98275in-cl?skuId=98275IN-CL-CP,True,asset_002406
98275IN-CL-CP,https://techcomm.kohler.com/techcomm/cad/98275in_clsde.dwg,cad drawing,DWG,https://www.kohler.co.in/p/loure-17-katalyst-air-showerhead-98275in-cl?skuId=98275IN-CL-CP,True,asset_002405
98275IN-CL-CP,https://techcomm.kohler.com/techcomm/cad/98275IN-CL.dxf,cad drawing,DXF,https://www.kohler.co.in/p/loure-17-katalyst-air-showerhead-98275in-cl?skuId=98275IN-CL-CP,True,asset_002398
98275IN-CL-CP,https://techcomm.kohler.com/techcomm/cad/98275IN-CL.dwg,cad drawing,DWG,https://www.kohler.co.in/p/loure-17-katalyst-air-showerhead-98275in-cl?skuId=98275IN-CL-CP,True,asset_002397
26303T-CP,https://techcomm.kohler.com/techcomm/cad/26303T.obj,3d model,OBJ,https://www.kohler.co.in/p/statement-ceiling-mount-single-function-iconic-dual-shower-arm-with-rainhead-and-handshower-26303t?skuId=26303T-CP,True,asset_000922
26303T-CP,https://techcomm.kohler.com/techcomm/cad/26303T.skp,3d model,SKP,https://www.kohler.co.in/p/statement-ceiling-mount-single-function-iconic-dual-shower-arm-with-rainhead-and-handshower-26303t?skuId=26303T-CP,True,asset_000923
26303T-CP,https://techcomm.kohler.com/techcomm/cad/26303T.3ds,3d model,3DS,https://www.kohler.co.in/p/statement-ceiling-mount-single-function-iconic-dual-shower-arm-with-rainhead-and-handshower-26303t?skuId=26303T-CP,True,asset_000919
26303T-CP,https://techcomm.kohler.com/techcomm/cad/Shower-Rainhead-KOHLER-CANTILEVER-K-26303T.zip,3d model,RFA,https://www.kohler.co.in/p/statement-ceiling-mount-single-function-iconic-dual-shower-arm-with-rainhead-and-handshower-26303t?skuId=26303T-CP,True,asset_002617
26303T-CP,https://techcomm.kohler.com/techcomm/cad/26303tpln.dxf,cad drawing,DXF,https://www.kohler.co.in/p/statement-ceiling-mount-single-function-iconic-dual-shower-arm-with-rainhead-and-handshower-26303t?skuId=26303T-CP,True,asset_000927
26303T-CP,https://techcomm.kohler.com/techcomm/cad/26303tpln.dwg,cad drawing,DWG,https://www.kohler.co.in/p/statement-ceiling-mount-single-function-iconic-dual-shower-arm-with-rainhead-and-handshower-26303t?skuId=26303T-CP,True,asset_000926
26303T-CP,https://techcomm.kohler.com/techcomm/cad/26303tfrt.dxf,cad drawing,DXF,https://www.kohler.co.in/p/statement-ceiling-mount-single-function-iconic-dual-shower-arm-with-rainhead-and-handshower-26303t?skuId=26303T-CP,True,asset_000925
26303T-CP,https://techcomm.kohler.com/techcomm/cad/26303tfrt.dwg,cad drawing,DWG,https://www.kohler.co.in/p/statement-ceiling-mount-single-function-iconic-dual-shower-arm-with-rainhead-and-handshower-26303t?skuId=26303T-CP,True,asset_000924
26303T-CP,https://techcomm.kohler.com/techcomm/cad/26303tsde.dxf,cad drawing,DXF,https://www.kohler.co.in/p/statement-ceiling-mount-single-function-iconic-dual-shower-arm-with-rainhead-and-handshower-26303t?skuId=26303T-CP,True,asset_000929
26303T-CP,https://techcomm.kohler.com/techcomm/cad/26303tsde.dwg,cad drawing,DWG,https://www.kohler.co.in/p/statement-ceiling-mount-single-function-iconic-dual-shower-arm-with-rainhead-and-handshower-26303t?skuId=26303T-CP,True,asset_000928
26303T-CP,https://techcomm.kohler.com/techcomm/cad/26303T.dxf,cad drawing,DXF,https://www.kohler.co.in/p/statement-ceiling-mount-single-function-iconic-dual-shower-arm-with-rainhead-and-handshower-26303t?skuId=26303T-CP,True,asset_000921
26303T-CP,https://techcomm.kohler.com/techcomm/cad/26303T.dwg,cad drawing,DWG,https://www.kohler.co.in/p/statement-ceiling-mount-single-function-iconic-dual-shower-arm-with-rainhead-and-handshower-26303t?skuId=26303T-CP,True,asset_000920
26303T-CP,https://techcomm.kohler.com/techcomm/pdf/K-26303T_spec_US-CA_Kohler_en.pdf,spec sheet,PDF,https://www.kohler.co.in/p/statement-ceiling-mount-single-function-iconic-dual-shower-arm-with-rainhead-and-handshower-26303t?skuId=26303T-CP,True,asset_003028
26303T-CP,https://techcomm.kohler.com/techcomm/pdf/K-26303T_spec_IN_Kohler_en.pdf,spec sheet,PDF,https://www.kohler.co.in/p/statement-ceiling-mount-single-function-iconic-dual-shower-arm-with-rainhead-and-handshower-26303t?skuId=26303T-CP,True,asset_003027
26303T-CP,https://techcomm.kohler.com/techcomm/pdf/1430516-T2.pdf,installation,PDF,https://www.kohler.co.in/p/statement-ceiling-mount-single-function-iconic-dual-shower-arm-with-rainhead-and-handshower-26303t?skuId=26303T-CP,True,asset_002817
26303T-CP,https://techcomm.kohler.com/techcomm/pdf/1528057-T8 (26303T).pdf,parts,PDF,https://www.kohler.co.in/p/statement-ceiling-mount-single-function-iconic-dual-shower-arm-with-rainhead-and-handshower-26303t?skuId=26303T-CP,True,asset_002848
72830IN-L-CP,https://techcomm.kohler.com/techcomm/cad/72830IN-L.obj,3d model,OBJ,https://www.kohler.co.in/p/beitou-rainpanel-500x500-multifunction-rainpanel-in-polished-chrome-72830in-l?skuId=72830IN-L-CP,True,asset_001894
72830IN-L-CP,https://techcomm.kohler.com/techcomm/cad/72830IN-L.skp,3d model,SKP,https://www.kohler.co.in/p/beitou-rainpanel-500x500-multifunction-rainpanel-in-polished-chrome-72830in-l?skuId=72830IN-L-CP,True,asset_001895
72830IN-L-CP,https://techcomm.kohler.com/techcomm/cad/72830IN-L.3ds,3d model,3DS,https://www.kohler.co.in/p/beitou-rainpanel-500x500-multifunction-rainpanel-in-polished-chrome-72830in-l?skuId=72830IN-L-CP,True,asset_001891
72830IN-L-CP,https://techcomm.kohler.com/techcomm/cad/Shower-Wall_Mount_Showerhead-KOHLER-BEITOU-K-72830IN.rfa,3d model,RFA,https://www.kohler.co.in/p/beitou-rainpanel-500x500-multifunction-rainpanel-in-polished-chrome-72830in-l?skuId=72830IN-L-CP,True,asset_002668
72830IN-L-CP,https://techcomm.kohler.com/techcomm/cad/72830in_lpln.dxf,cad drawing,DXF,https://www.kohler.co.in/p/beitou-rainpanel-500x500-multifunction-rainpanel-in-polished-chrome-72830in-l?skuId=72830IN-L-CP,True,asset_001899
72830IN-L-CP,https://techcomm.kohler.com/techcomm/cad/72830in_lpln.dwg,cad drawing,DWG,https://www.kohler.co.in/p/beitou-rainpanel-500x500-multifunction-rainpanel-in-polished-chrome-72830in-l?skuId=72830IN-L-CP,True,asset_001898
72830IN-L-CP,https://techcomm.kohler.com/techcomm/cad/72830in_lfrt.dxf,cad drawing,DXF,https://www.kohler.co.in/p/beitou-rainpanel-500x500-multifunction-rainpanel-in-polished-chrome-72830in-l?skuId=72830IN-L-CP,True,asset_001897
72830IN-L-CP,https://techcomm.kohler.com/techcomm/cad/72830in_lfrt.dwg,cad drawing,DWG,https://www.kohler.co.in/p/beitou-rainpanel-500x500-multifunction-rainpanel-in-polished-chrome-72830in-l?skuId=72830IN-L-CP,True,asset_001896
72830IN-L-CP,https://techcomm.kohler.com/techcomm/cad/72830in_lsde.dxf,cad drawing,DXF,https://www.kohler.co.in/p/beitou-rainpanel-500x500-multifunction-rainpanel-in-polished-chrome-72830in-l?skuId=72830IN-L-CP,True,asset_001901
72830IN-L-CP,https://techcomm.kohler.com/techcomm/cad/72830in_lsde.dwg,cad drawing,DWG,https://www.kohler.co.in/p/beitou-rainpanel-500x500-multifunction-rainpanel-in-polished-chrome-72830in-l?skuId=72830IN-L-CP,True,asset_001900
72830IN-L-CP,https://techcomm.kohler.com/techcomm/cad/72830IN-L.dxf,cad drawing,DXF,https://www.kohler.co.in/p/beitou-rainpanel-500x500-multifunction-rainpanel-in-polished-chrome-72830in-l?skuId=72830IN-L-CP,True,asset_001893
72830IN-L-CP,https://techcomm.kohler.com/techcomm/cad/72830IN-L.dwg,cad drawing,DWG,https://www.kohler.co.in/p/beitou-rainpanel-500x500-multifunction-rainpanel-in-polished-chrome-72830in-l?skuId=72830IN-L-CP,True,asset_001892
72830IN-L-CP,https://techcomm.kohler.com/techcomm/pdf/K-72830IN-L_spec_IN_Kohler_en.pdf,spec sheet,PDF,https://www.kohler.co.in/p/beitou-rainpanel-500x500-multifunction-rainpanel-in-polished-chrome-72830in-l?skuId=72830IN-L-CP,True,asset_003110
97167IN-CP,https://techcomm.kohler.com/techcomm/cad/97167IN.obj,3d model,OBJ,https://www.kohler.co.in/p/loure-shower-panel-97167in?skuId=97167IN-CP,True,asset_002278
97167IN-CP,https://techcomm.kohler.com/techcomm/cad/97167IN.skp,3d model,SKP,https://www.kohler.co.in/p/loure-shower-panel-97167in?skuId=97167IN-CP,True,asset_002279
97167IN-CP,https://techcomm.kohler.com/techcomm/cad/97167IN.3ds,3d model,3DS,https://www.kohler.co.in/p/loure-shower-panel-97167in?skuId=97167IN-CP,True,asset_002275
97167IN-CP,https://techcomm.kohler.com/techcomm/cad/Shower-Rainhead-KOHLER-K-97167IN.rfa,3d model,RFA,https://www.kohler.co.in/p/loure-shower-panel-97167in?skuId=97167IN-CP,True,asset_002620
97167IN-CP,https://techcomm.kohler.com/techcomm/cad/97167inpln.dxf,cad drawing,DXF,https://www.kohler.co.in/p/loure-shower-panel-97167in?skuId=97167IN-CP,True,asset_002283
97167IN-CP,https://techcomm.kohler.com/techcomm/cad/97167inpln.dwg,cad drawing,DWG,https://www.kohler.co.in/p/loure-shower-panel-97167in?skuId=97167IN-CP,True,asset_002282
97167IN-CP,https://techcomm.kohler.com/techcomm/cad/97167infrt.dxf,cad drawing,DXF,https://www.kohler.co.in/p/loure-shower-panel-97167in?skuId=97167IN-CP,True,asset_002281
97167IN-CP,https://techcomm.kohler.com/techcomm/cad/97167infrt.dwg,cad drawing,DWG,https://www.kohler.co.in/p/loure-shower-panel-97167in?skuId=97167IN-CP,True,asset_002280
97167IN-CP,https://techcomm.kohler.com/techcomm/cad/97167insde.dxf,cad drawing,DXF,https://www.kohler.co.in/p/loure-shower-panel-97167in?skuId=97167IN-CP,True,asset_002285
97167IN-CP,https://techcomm.kohler.com/techcomm/cad/97167insde.dwg,cad drawing,DWG,https://www.kohler.co.in/p/loure-shower-panel-97167in?skuId=97167IN-CP,True,asset_002284
97167IN-CP,https://techcomm.kohler.com/techcomm/cad/97167IN.dxf,cad drawing,DXF,https://www.kohler.co.in/p/loure-shower-panel-97167in?skuId=97167IN-CP,True,asset_002277
97167IN-CP,https://techcomm.kohler.com/techcomm/cad/97167IN.dwg,cad drawing,DWG,https://www.kohler.co.in/p/loure-shower-panel-97167in?skuId=97167IN-CP,True,asset_002276
97167IN-CP,https://techcomm.kohler.com/techcomm/pdf/K-97167IN_spec_IN_Kohler_en.pdf,spec sheet,PDF,https://www.kohler.co.in/p/loure-shower-panel-97167in?skuId=97167IN-CP,True,asset_003146
97168IN-BL,https://techcomm.kohler.com/techcomm/cad/97168IN.obj,3d model,OBJ,https://www.kohler.co.in/p/loure-rectangular-800-mm-x-600-mm-four-function-overhead-shower-panel-11-8-lpm-36-0-lpm-97168in?skuId=97168IN-BL,True,asset_002289
97168IN-BL,https://techcomm.kohler.com/techcomm/cad/97168IN.skp,3d model,SKP,https://www.kohler.co.in/p/loure-rectangular-800-mm-x-600-mm-four-function-overhead-shower-panel-11-8-lpm-36-0-lpm-97168in?skuId=97168IN-BL,True,asset_002290
97168IN-BL,https://techcomm.kohler.com/techcomm/cad/97168IN.3ds,3d model,3DS,https://www.kohler.co.in/p/loure-rectangular-800-mm-x-600-mm-four-function-overhead-shower-panel-11-8-lpm-36-0-lpm-97168in?skuId=97168IN-BL,True,asset_002286
97168IN-BL,https://techcomm.kohler.com/techcomm/cad/Shower-Ceiling_Mount_Rainhead-KOHLER-K-97168IN.rfa,3d model,RFA,https://www.kohler.co.in/p/loure-rectangular-800-mm-x-600-mm-four-function-overhead-shower-panel-11-8-lpm-36-0-lpm-97168in?skuId=97168IN-BL,True,asset_002593
97168IN-BL,https://techcomm.kohler.com/techcomm/cad/Shower-Ceiling_Mount_Rainhead-KOHLER-K-97168IN.zip,3d model,RFA,https://www.kohler.co.in/p/loure-rectangular-800-mm-x-600-mm-four-function-overhead-shower-panel-11-8-lpm-36-0-lpm-97168in?skuId=97168IN-BL,True,asset_002594
97168IN-BL,https://techcomm.kohler.com/techcomm/cad/97168inpln.dxf,cad drawing,DXF,https://www.kohler.co.in/p/loure-rectangular-800-mm-x-600-mm-four-function-overhead-shower-panel-11-8-lpm-36-0-lpm-97168in?skuId=97168IN-BL,True,asset_002294
97168IN-BL,https://techcomm.kohler.com/techcomm/cad/97168inpln.dwg,cad drawing,DWG,https://www.kohler.co.in/p/loure-rectangular-800-mm-x-600-mm-four-function-overhead-shower-panel-11-8-lpm-36-0-lpm-97168in?skuId=97168IN-BL,True,asset_002293
97168IN-BL,https://techcomm.kohler.com/techcomm/cad/97168infrt.dxf,cad drawing,DXF,https://www.kohler.co.in/p/loure-rectangular-800-mm-x-600-mm-four-function-overhead-shower-panel-11-8-lpm-36-0-lpm-97168in?skuId=97168IN-BL,True,asset_002292
97168IN-BL,https://techcomm.kohler.com/techcomm/cad/97168infrt.dwg,cad drawing,DWG,https://www.kohler.co.in/p/loure-rectangular-800-mm-x-600-mm-four-function-overhead-shower-panel-11-8-lpm-36-0-lpm-97168in?skuId=97168IN-BL,True,asset_002291
97168IN-BL,https://techcomm.kohler.com/techcomm/cad/97168insde.dxf,cad drawing,DXF,https://www.kohler.co.in/p/loure-rectangular-800-mm-x-600-mm-four-function-overhead-shower-panel-11-8-lpm-36-0-lpm-97168in?skuId=97168IN-BL,True,asset_002296
97168IN-BL,https://techcomm.kohler.com/techcomm/cad/97168insde.dwg,cad drawing,DWG,https://www.kohler.co.in/p/loure-rectangular-800-mm-x-600-mm-four-function-overhead-shower-panel-11-8-lpm-36-0-lpm-97168in?skuId=97168IN-BL,True,asset_002295
97168IN-BL,https://techcomm.kohler.com/techcomm/cad/97168IN.dxf,cad drawing,DXF,https://www.kohler.co.in/p/loure-rectangular-800-mm-x-600-mm-four-function-overhead-shower-panel-11-8-lpm-36-0-lpm-97168in?skuId=97168IN-BL,True,asset_002288
97168IN-BL,https://techcomm.kohler.com/techcomm/cad/97168IN.dwg,cad drawing,DWG,https://www.kohler.co.in/p/loure-rectangular-800-mm-x-600-mm-four-function-overhead-shower-panel-11-8-lpm-36-0-lpm-97168in?skuId=97168IN-BL,True,asset_002287
97168IN-BL,https://techcomm.kohler.com/techcomm/pdf/K-97168IN_spec_IN_Kohler_en.pdf,spec sheet,PDF,https://www.kohler.co.in/p/loure-rectangular-800-mm-x-600-mm-four-function-overhead-shower-panel-11-8-lpm-36-0-lpm-97168in?skuId=97168IN-BL,True,asset_003147
98930X-1-0,https://techcomm.kohler.com/techcomm/cad/98930X-1.obj,3d model,OBJ,https://www.kohler.co.in/p/forefront-semi-recessed-bathroom-sink-98930x-1?skuId=98930X-1-0,True,asset_002432
98930X-1-0,https://techcomm.kohler.com/techcomm/cad/98930X-1.skp,3d model,SKP,https://www.kohler.co.in/p/forefront-semi-recessed-bathroom-sink-98930x-1?skuId=98930X-1-0,True,asset_002433
98930X-1-0,https://techcomm.kohler.com/techcomm/cad/98930X-1.3ds,3d model,3DS,https://www.kohler.co.in/p/forefront-semi-recessed-bathroom-sink-98930x-1?skuId=98930X-1-0,True,asset_002429
98930X-1-0,https://techcomm.kohler.com/techcomm/cad/Sink-Semi_Recessed-KOHLER-FOREFRONT-K-98930X.rfa,3d model,RFA,https://www.kohler.co.in/p/forefront-semi-recessed-bathroom-sink-98930x-1?skuId=98930X-1-0,True,asset_002675
98930X-1-0,https://techcomm.kohler.com/techcomm/cad/98930x_1pln.dxf,cad drawing,DXF,https://www.kohler.co.in/p/forefront-semi-recessed-bathroom-sink-98930x-1?skuId=98930X-1-0,True,asset_002437
98930X-1-0,https://techcomm.kohler.com/techcomm/cad/98930x_1pln.dwg,cad drawing,DWG,https://www.kohler.co.in/p/forefront-semi-recessed-bathroom-sink-98930x-1?skuId=98930X-1-0,True,asset_002436
98930X-1-0,https://techcomm.kohler.com/techcomm/cad/98930x_1frt.dxf,cad drawing,DXF,https://www.kohler.co.in/p/forefront-semi-recessed-bathroom-sink-98930x-1?skuId=98930X-1-0,True,asset_002435
98930X-1-0,https://techcomm.kohler.com/techcomm/cad/98930x_1frt.dwg,cad drawing,DWG,https://www.kohler.co.in/p/forefront-semi-recessed-bathroom-sink-98930x-1?skuId=98930X-1-0,True,asset_002434
98930X-1-0,https://techcomm.kohler.com/techcomm/cad/98930x_1sde.dxf,cad drawing,DXF,https://www.kohler.co.in/p/forefront-semi-recessed-bathroom-sink-98930x-1?skuId=98930X-1-0,True,asset_002439
98930X-1-0,https://techcomm.kohler.com/techcomm/cad/98930x_1sde.dwg,cad drawing,DWG,https://www.kohler.co.in/p/forefront-semi-recessed-bathroom-sink-98930x-1?skuId=98930X-1-0,True,asset_002438
98930X-1-0,https://techcomm.kohler.com/techcomm/cad/98930X-1.dxf,cad drawing,DXF,https://www.kohler.co.in/p/forefront-semi-recessed-bathroom-sink-98930x-1?skuId=98930X-1-0,True,asset_002431
98930X-1-0,https://techcomm.kohler.com/techcomm/cad/98930X-1.dwg,cad drawing,DWG,https://www.kohler.co.in/p/forefront-semi-recessed-bathroom-sink-98930x-1?skuId=98930X-1-0,True,asset_002430
98930X-1-0,https://techcomm.kohler.com/techcomm/pdf/K-98930X-1_spec_GPS_Kohler_en.pdf,spec sheet,PDF,https://www.kohler.co.in/p/forefront-semi-recessed-bathroom-sink-98930x-1?skuId=98930X-1-0,True,asset_003160
98930X-1-0,https://techcomm.kohler.com/techcomm/pdf/K-98930X-1_spec_IN_Kohler_en.pdf,spec sheet,PDF,https://www.kohler.co.in/p/forefront-semi-recessed-bathroom-sink-98930x-1?skuId=98930X-1-0,True,asset_003161
98930X-1-0,https://techcomm.kohler.com/techcomm/pdf/1218942-X7_B.pdf,installation,PDF,https://www.kohler.co.in/p/forefront-semi-recessed-bathroom-sink-98930x-1?skuId=98930X-1-0,True,asset_002776
11160T-1-0,https://techcomm.kohler.com/techcomm/cad/11160T-1.obj,3d model,OBJ,https://www.kohler.co.in/p/odeon-odeon-semi-recessed-basin-560mm-11160t-1?skuId=11160T-1-0,True,asset_000018
11160T-1-0,https://techcomm.kohler.com/techcomm/cad/11160T-1.skp,3d model,SKP,https://www.kohler.co.in/p/odeon-odeon-semi-recessed-basin-560mm-11160t-1?skuId=11160T-1-0,True,asset_000019
11160T-1-0,https://techcomm.kohler.com/techcomm/cad/11160T-1.3ds,3d model,3DS,https://www.kohler.co.in/p/odeon-odeon-semi-recessed-basin-560mm-11160t-1?skuId=11160T-1-0,True,asset_000015
11160T-1-0,https://techcomm.kohler.com/techcomm/cad/Sink-Drop_In-Lavatory-KOHLER-ODEON-K-11160T.rfa,3d model,RFA,https://www.kohler.co.in/p/odeon-odeon-semi-recessed-basin-560mm-11160t-1?skuId=11160T-1-0,True,asset_002673
11160T-1-0,https://techcomm.kohler.com/techcomm/cad/11160t_1pln.dxf,cad drawing,DXF,https://www.kohler.co.in/p/odeon-odeon-semi-recessed-basin-560mm-11160t-1?skuId=11160T-1-0,True,asset_000023
11160T-1-0,https://techcomm.kohler.com/techcomm/cad/11160t_1pln.dwg,cad drawing,DWG,https://www.kohler.co.in/p/odeon-odeon-semi-recessed-basin-560mm-11160t-1?skuId=11160T-1-0,True,asset_000022
11160T-1-0,https://techcomm.kohler.com/techcomm/cad/11160t_1frt.dxf,cad drawing,DXF,https://www.kohler.co.in/p/odeon-odeon-semi-recessed-basin-560mm-11160t-1?skuId=11160T-1-0,True,asset_000021
11160T-1-0,https://techcomm.kohler.com/techcomm/cad/11160t_1frt.dwg,cad drawing,DWG,https://www.kohler.co.in/p/odeon-odeon-semi-recessed-basin-560mm-11160t-1?skuId=11160T-1-0,True,asset_000020
11160T-1-0,https://techcomm.kohler.com/techcomm/cad/11160t_1sde.dxf,cad drawing,DXF,https://www.kohler.co.in/p/odeon-odeon-semi-recessed-basin-560mm-11160t-1?skuId=11160T-1-0,True,asset_000025
11160T-1-0,https://techcomm.kohler.com/techcomm/cad/11160t_1sde.dwg,cad drawing,DWG,https://www.kohler.co.in/p/odeon-odeon-semi-recessed-basin-560mm-11160t-1?skuId=11160T-1-0,True,asset_000024
11160T-1-0,https://techcomm.kohler.com/techcomm/cad/11160T-1.dxf,cad drawing,DXF,https://www.kohler.co.in/p/odeon-odeon-semi-recessed-basin-560mm-11160t-1?skuId=11160T-1-0,True,asset_000017
11160T-1-0,https://techcomm.kohler.com/techcomm/cad/11160T-1.dwg,cad drawing,DWG,https://www.kohler.co.in/p/odeon-odeon-semi-recessed-basin-560mm-11160t-1?skuId=11160T-1-0,True,asset_000016
11160T-1-0,https://techcomm.kohler.com/techcomm/pdf/k_11160t.pdf,spec sheet,PDF,https://www.kohler.co.in/p/odeon-odeon-semi-recessed-basin-560mm-11160t-1?skuId=11160T-1-0,True,asset_003177
11160T-1-0,https://techcomm.kohler.com/techcomm/pdf/11160t_1_4_8.pdf,installation,PDF,https://www.kohler.co.in/p/odeon-odeon-semi-recessed-basin-560mm-11160t-1?skuId=11160T-1-0,True,asset_002767
72907K-1-0,https://techcomm.kohler.com/techcomm/cad/72907K-1.obj,3d model,OBJ,https://www.kohler.co.in/p/ladena-semi-recessed-bathroom-sink-72907k-1?skuId=72907K-1-0,True,asset_001905
72907K-1-0,https://techcomm.kohler.com/techcomm/cad/72907K-1.skp,3d model,SKP,https://www.kohler.co.in/p/ladena-semi-recessed-bathroom-sink-72907k-1?skuId=72907K-1-0,True,asset_001906
72907K-1-0,https://techcomm.kohler.com/techcomm/cad/72907K-1.3ds,3d model,3DS,https://www.kohler.co.in/p/ladena-semi-recessed-bathroom-sink-72907k-1?skuId=72907K-1-0,True,asset_001902
72907K-1-0,https://techcomm.kohler.com/techcomm/cad/Sink-Semi_Recessed-Lavatory-KOHLER-LADENA-K-72907K.rfa,3d model,RFA,https://www.kohler.co.in/p/ladena-semi-recessed-bathroom-sink-72907k-1?skuId=72907K-1-0,True,asset_002676
72907K-1-0,https://techcomm.kohler.com/techcomm/cad/72907k_1pln.dxf,cad drawing,DXF,https://www.kohler.co.in/p/ladena-semi-recessed-bathroom-sink-72907k-1?skuId=72907K-1-0,True,asset_001910
72907K-1-0,https://techcomm.kohler.com/techcomm/cad/72907k_1pln.dwg,cad drawing,DWG,https://www.kohler.co.in/p/ladena-semi-recessed-bathroom-sink-72907k-1?skuId=72907K-1-0,True,asset_001909
72907K-1-0,https://techcomm.kohler.com/techcomm/cad/72907k_1frt.dxf,cad drawing,DXF,https://www.kohler.co.in/p/ladena-semi-recessed-bathroom-sink-72907k-1?skuId=72907K-1-0,True,asset_001908
72907K-1-0,https://techcomm.kohler.com/techcomm/cad/72907k_1frt.dwg,cad drawing,DWG,https://www.kohler.co.in/p/ladena-semi-recessed-bathroom-sink-72907k-1?skuId=72907K-1-0,True,asset_001907
72907K-1-0,https://techcomm.kohler.com/techcomm/cad/72907k_1sde.dxf,cad drawing,DXF,https://www.kohler.co.in/p/ladena-semi-recessed-bathroom-sink-72907k-1?skuId=72907K-1-0,True,asset_001912
72907K-1-0,https://techcomm.kohler.com/techcomm/cad/72907k_1sde.dwg,cad drawing,DWG,https://www.kohler.co.in/p/ladena-semi-recessed-bathroom-sink-72907k-1?skuId=72907K-1-0,True,asset_001911
72907K-1-0,https://techcomm.kohler.com/techcomm/cad/72907K-1.dxf,cad drawing,DXF,https://www.kohler.co.in/p/ladena-semi-recessed-bathroom-sink-72907k-1?skuId=72907K-1-0,True,asset_001904
72907K-1-0,https://techcomm.kohler.com/techcomm/cad/72907K-1.dwg,cad drawing,DWG,https://www.kohler.co.in/p/ladena-semi-recessed-bathroom-sink-72907k-1?skuId=72907K-1-0,True,asset_001903
72907K-1-0,https://techcomm.kohler.com/techcomm/pdf/ri-72907k.pdf,spec sheet,PDF,https://www.kohler.co.in/p/ladena-semi-recessed-bathroom-sink-72907k-1?skuId=72907K-1-0,True,asset_003180
11479IN-VC1-0,https://techcomm.kohler.com/techcomm/cad/11479IN-VC1.obj,3d model,OBJ,https://www.kohler.co.in/p/forefront-semi-recessed-lavatory-with-single-faucet-hole-11479in-vc1?skuId=11479IN-VC1-0,True,asset_000040
11479IN-VC1-0,https://techcomm.kohler.com/techcomm/cad/11479IN-VC1.skp,3d model,SKP,https://www.kohler.co.in/p/forefront-semi-recessed-lavatory-with-single-faucet-hole-11479in-vc1?skuId=11479IN-VC1-0,True,asset_000041
11479IN-VC1-0,https://techcomm.kohler.com/techcomm/cad/11479IN-VC1.3ds,3d model,3DS,https://www.kohler.co.in/p/forefront-semi-recessed-lavatory-with-single-faucet-hole-11479in-vc1?skuId=11479IN-VC1-0,True,asset_000037
11479IN-VC1-0,https://techcomm.kohler.com/techcomm/cad/Sink-Vessel-Lavatory-KOHLER-Forefront-K-11479IN.rfa,3d model,RFA,https://www.kohler.co.in/p/forefront-semi-recessed-lavatory-with-single-faucet-hole-11479in-vc1?skuId=11479IN-VC1-0,True,asset_002698
11479IN-VC1-0,https://techcomm.kohler.com/techcomm/cad/11479in_vc1pln.dxf,cad drawing,DXF,https://www.kohler.co.in/p/forefront-semi-recessed-lavatory-with-single-faucet-hole-11479in-vc1?skuId=11479IN-VC1-0,True,asset_000045
11479IN-VC1-0,https://techcomm.kohler.com/techcomm/cad/11479in_vc1pln.dwg,cad drawing,DWG,https://www.kohler.co.in/p/forefront-semi-recessed-lavatory-with-single-faucet-hole-11479in-vc1?skuId=11479IN-VC1-0,True,asset_000044
11479IN-VC1-0,https://techcomm.kohler.com/techcomm/cad/11479in_vc1frt.dxf,cad drawing,DXF,https://www.kohler.co.in/p/forefront-semi-recessed-lavatory-with-single-faucet-hole-11479in-vc1?skuId=11479IN-VC1-0,True,asset_000043
11479IN-VC1-0,https://techcomm.kohler.com/techcomm/cad/11479in_vc1frt.dwg,cad drawing,DWG,https://www.kohler.co.in/p/forefront-semi-recessed-lavatory-with-single-faucet-hole-11479in-vc1?skuId=11479IN-VC1-0,True,asset_000042
11479IN-VC1-0,https://techcomm.kohler.com/techcomm/cad/11479in_vc1sde.dxf,cad drawing,DXF,https://www.kohler.co.in/p/forefront-semi-recessed-lavatory-with-single-faucet-hole-11479in-vc1?skuId=11479IN-VC1-0,True,asset_000047
11479IN-VC1-0,https://techcomm.kohler.com/techcomm/cad/11479in_vc1sde.dwg,cad drawing,DWG,https://www.kohler.co.in/p/forefront-semi-recessed-lavatory-with-single-faucet-hole-11479in-vc1?skuId=11479IN-VC1-0,True,asset_000046
11479IN-VC1-0,https://techcomm.kohler.com/techcomm/cad/11479IN-VC1.dxf,cad drawing,DXF,https://www.kohler.co.in/p/forefront-semi-recessed-lavatory-with-single-faucet-hole-11479in-vc1?skuId=11479IN-VC1-0,True,asset_000039
11479IN-VC1-0,https://techcomm.kohler.com/techcomm/cad/11479IN-VC1.dwg,cad drawing,DWG,https://www.kohler.co.in/p/forefront-semi-recessed-lavatory-with-single-faucet-hole-11479in-vc1?skuId=11479IN-VC1-0,True,asset_000038
11479IN-VC1-0,https://techcomm.kohler.com/techcomm/pdf/K-11479IN-VC1_spec_IN_Kohler_en.pdf,spec sheet,PDF,https://www.kohler.co.in/p/forefront-semi-recessed-lavatory-with-single-faucet-hole-11479in-vc1?skuId=11479IN-VC1-0,True,asset_002925
11479IN-VC1-0,https://techcomm.kohler.com/techcomm/pdf/1656585-IN8.pdf,parts,PDF,https://www.kohler.co.in/p/forefront-semi-recessed-lavatory-with-single-faucet-hole-11479in-vc1?skuId=11479IN-VC1-0,True,asset_002892
704796IN-2BL,https://techcomm.kohler.com/techcomm/cad/704796IN.obj,3d model,OBJ,https://www.kohler.co.in/p/new-trilogy-2061-mm-h-pivot-shower-door-with-8-mm-or-10-mm-thick-glass-704796in?skuId=704796IN-2BL,True,asset_001720
704796IN-2BL,https://techcomm.kohler.com/techcomm/cad/704796IN.skp,3d model,SKP,https://www.kohler.co.in/p/new-trilogy-2061-mm-h-pivot-shower-door-with-8-mm-or-10-mm-thick-glass-704796in?skuId=704796IN-2BL,True,asset_001721
704796IN-2BL,https://techcomm.kohler.com/techcomm/cad/704796IN.3ds,3d model,3DS,https://www.kohler.co.in/p/new-trilogy-2061-mm-h-pivot-shower-door-with-8-mm-or-10-mm-thick-glass-704796in?skuId=704796IN-2BL,True,asset_001717
704796IN-2BL,https://techcomm.kohler.com/techcomm/cad/Shower-Shower_Door-KOHLER-TRILOGY-K-704796IN.rfa,3d model,RFA,https://www.kohler.co.in/p/new-trilogy-2061-mm-h-pivot-shower-door-with-8-mm-or-10-mm-thick-glass-704796in?skuId=704796IN-2BL,True,asset_002636
704796IN-2BL,https://techcomm.kohler.com/techcomm/cad/704796inpln.dxf,cad drawing,DXF,https://www.kohler.co.in/p/new-trilogy-2061-mm-h-pivot-shower-door-with-8-mm-or-10-mm-thick-glass-704796in?skuId=704796IN-2BL,True,asset_001725
704796IN-2BL,https://techcomm.kohler.com/techcomm/cad/704796inpln.dwg,cad drawing,DWG,https://www.kohler.co.in/p/new-trilogy-2061-mm-h-pivot-shower-door-with-8-mm-or-10-mm-thick-glass-704796in?skuId=704796IN-2BL,True,asset_001724
704796IN-2BL,https://techcomm.kohler.com/techcomm/cad/704796infrt.dxf,cad drawing,DXF,https://www.kohler.co.in/p/new-trilogy-2061-mm-h-pivot-shower-door-with-8-mm-or-10-mm-thick-glass-704796in?skuId=704796IN-2BL,True,asset_001723
704796IN-2BL,https://techcomm.kohler.com/techcomm/cad/704796infrt.dwg,cad drawing,DWG,https://www.kohler.co.in/p/new-trilogy-2061-mm-h-pivot-shower-door-with-8-mm-or-10-mm-thick-glass-704796in?skuId=704796IN-2BL,True,asset_001722
704796IN-2BL,https://techcomm.kohler.com/techcomm/cad/704796insde.dxf,cad drawing,DXF,https://www.kohler.co.in/p/new-trilogy-2061-mm-h-pivot-shower-door-with-8-mm-or-10-mm-thick-glass-704796in?skuId=704796IN-2BL,True,asset_001727
704796IN-2BL,https://techcomm.kohler.com/techcomm/cad/704796insde.dwg,cad drawing,DWG,https://www.kohler.co.in/p/new-trilogy-2061-mm-h-pivot-shower-door-with-8-mm-or-10-mm-thick-glass-704796in?skuId=704796IN-2BL,True,asset_001726
704796IN-2BL,https://techcomm.kohler.com/techcomm/cad/704796IN.dxf,cad drawing,DXF,https://www.kohler.co.in/p/new-trilogy-2061-mm-h-pivot-shower-door-with-8-mm-or-10-mm-thick-glass-704796in?skuId=704796IN-2BL,True,asset_001719
704796IN-2BL,https://techcomm.kohler.com/techcomm/cad/704796IN.dwg,cad drawing,DWG,https://www.kohler.co.in/p/new-trilogy-2061-mm-h-pivot-shower-door-with-8-mm-or-10-mm-thick-glass-704796in?skuId=704796IN-2BL,True,asset_001718
704796IN-2BL,https://techcomm.kohler.com/techcomm/pdf/K-704796IN_spec_IN_Kohler_en.pdf,spec sheet,PDF,https://www.kohler.co.in/p/new-trilogy-2061-mm-h-pivot-shower-door-with-8-mm-or-10-mm-thick-glass-704796in?skuId=704796IN-2BL,True,asset_003098
708067IN-CP,https://techcomm.kohler.com/techcomm/cad/708067IN.obj,3d model,OBJ,https://www.kohler.co.in/p/singulier-2000-mm-2100-mm-h-pivot-shower-door-with-8-mm-thick-glass-708067in?skuId=708067IN-CP,True,asset_001775
708067IN-CP,https://techcomm.kohler.com/techcomm/cad/708067IN.skp,3d model,SKP,https://www.kohler.co.in/p/singulier-2000-mm-2100-mm-h-pivot-shower-door-with-8-mm-thick-glass-708067in?skuId=708067IN-CP,True,asset_001776
708067IN-CP,https://techcomm.kohler.com/techcomm/cad/708067IN.3ds,3d model,3DS,https://www.kohler.co.in/p/singulier-2000-mm-2100-mm-h-pivot-shower-door-with-8-mm-thick-glass-708067in?skuId=708067IN-CP,True,asset_001772
708067IN-CP,https://techcomm.kohler.com/techcomm/cad/Shower-Shower_Door-KOHLER-Singulier-K-708067IN.rfa,3d model,RFA,https://www.kohler.co.in/p/singulier-2000-mm-2100-mm-h-pivot-shower-door-with-8-mm-thick-glass-708067in?skuId=708067IN-CP,True,asset_002635
708067IN-CP,https://techcomm.kohler.com/techcomm/cad/708067inpln.dxf,cad drawing,DXF,https://www.kohler.co.in/p/singulier-2000-mm-2100-mm-h-pivot-shower-door-with-8-mm-thick-glass-708067in?skuId=708067IN-CP,True,asset_001780
708067IN-CP,https://techcomm.kohler.com/techcomm/cad/708067inpln.dwg,cad drawing,DWG,https://www.kohler.co.in/p/singulier-2000-mm-2100-mm-h-pivot-shower-door-with-8-mm-thick-glass-708067in?skuId=708067IN-CP,True,asset_001779
708067IN-CP,https://techcomm.kohler.com/techcomm/cad/708067infrt.dxf,cad drawing,DXF,https://www.kohler.co.in/p/singulier-2000-mm-2100-mm-h-pivot-shower-door-with-8-mm-thick-glass-708067in?skuId=708067IN-CP,True,asset_001778
708067IN-CP,https://techcomm.kohler.com/techcomm/cad/708067infrt.dwg,cad drawing,DWG,https://www.kohler.co.in/p/singulier-2000-mm-2100-mm-h-pivot-shower-door-with-8-mm-thick-glass-708067in?skuId=708067IN-CP,True,asset_001777
708067IN-CP,https://techcomm.kohler.com/techcomm/cad/708067insde.dxf,cad drawing,DXF,https://www.kohler.co.in/p/singulier-2000-mm-2100-mm-h-pivot-shower-door-with-8-mm-thick-glass-708067in?skuId=708067IN-CP,True,asset_001782
708067IN-CP,https://techcomm.kohler.com/techcomm/cad/708067insde.dwg,cad drawing,DWG,https://www.kohler.co.in/p/singulier-2000-mm-2100-mm-h-pivot-shower-door-with-8-mm-thick-glass-708067in?skuId=708067IN-CP,True,asset_001781
708067IN-CP,https://techcomm.kohler.com/techcomm/cad/708067IN.dxf,cad drawing,DXF,https://www.kohler.co.in/p/singulier-2000-mm-2100-mm-h-pivot-shower-door-with-8-mm-thick-glass-708067in?skuId=708067IN-CP,True,asset_001774
708067IN-CP,https://techcomm.kohler.com/techcomm/cad/708067IN.dwg,cad drawing,DWG,https://www.kohler.co.in/p/singulier-2000-mm-2100-mm-h-pivot-shower-door-with-8-mm-thick-glass-708067in?skuId=708067IN-CP,True,asset_001773
708067IN-CP,https://techcomm.kohler.com/techcomm/pdf/K-708067IN_spec_IN_Kohler_en.pdf,spec sheet,PDF,https://www.kohler.co.in/p/singulier-2000-mm-2100-mm-h-pivot-shower-door-with-8-mm-thick-glass-708067in?skuId=708067IN-CP,True,asset_003103
708066IN-CP,https://techcomm.kohler.com/techcomm/cad/708066IN.obj,3d model,OBJ,https://www.kohler.co.in/p/singulier-1d2p-s-708066in?skuId=708066IN-CP,True,asset_001764
708066IN-CP,https://techcomm.kohler.com/techcomm/cad/708066IN.skp,3d model,SKP,https://www.kohler.co.in/p/singulier-1d2p-s-708066in?skuId=708066IN-CP,True,asset_001765
708066IN-CP,https://techcomm.kohler.com/techcomm/cad/708066IN.3ds,3d model,3DS,https://www.kohler.co.in/p/singulier-1d2p-s-708066in?skuId=708066IN-CP,True,asset_001761
708066IN-CP,https://techcomm.kohler.com/techcomm/cad/Shower-Shower_Door-KOHLER-Singulier-K-708066IN.rfa,3d model,RFA,https://www.kohler.co.in/p/singulier-1d2p-s-708066in?skuId=708066IN-CP,True,asset_002634
708066IN-CP,https://techcomm.kohler.com/techcomm/cad/708066inpln.dxf,cad drawing,DXF,https://www.kohler.co.in/p/singulier-1d2p-s-708066in?skuId=708066IN-CP,True,asset_001769
708066IN-CP,https://techcomm.kohler.com/techcomm/cad/708066inpln.dwg,cad drawing,DWG,https://www.kohler.co.in/p/singulier-1d2p-s-708066in?skuId=708066IN-CP,True,asset_001768
708066IN-CP,https://techcomm.kohler.com/techcomm/cad/708066infrt.dxf,cad drawing,DXF,https://www.kohler.co.in/p/singulier-1d2p-s-708066in?skuId=708066IN-CP,True,asset_001767
708066IN-CP,https://techcomm.kohler.com/techcomm/cad/708066infrt.dwg,cad drawing,DWG,https://www.kohler.co.in/p/singulier-1d2p-s-708066in?skuId=708066IN-CP,True,asset_001766
708066IN-CP,https://techcomm.kohler.com/techcomm/cad/708066insde.dxf,cad drawing,DXF,https://www.kohler.co.in/p/singulier-1d2p-s-708066in?skuId=708066IN-CP,True,asset_001771
708066IN-CP,https://techcomm.kohler.com/techcomm/cad/708066insde.dwg,cad drawing,DWG,https://www.kohler.co.in/p/singulier-1d2p-s-708066in?skuId=708066IN-CP,True,asset_001770
708066IN-CP,https://techcomm.kohler.com/techcomm/cad/708066IN.dxf,cad drawing,DXF,https://www.kohler.co.in/p/singulier-1d2p-s-708066in?skuId=708066IN-CP,True,asset_001763
708066IN-CP,https://techcomm.kohler.com/techcomm/cad/708066IN.dwg,cad drawing,DWG,https://www.kohler.co.in/p/singulier-1d2p-s-708066in?skuId=708066IN-CP,True,asset_001762
708066IN-CP,https://techcomm.kohler.com/techcomm/pdf/K-708066IN_spec_IN_Kohler_en.pdf,spec sheet,PDF,https://www.kohler.co.in/p/singulier-1d2p-s-708066in?skuId=708066IN-CP,True,asset_003102
708065IN-CP,https://techcomm.kohler.com/techcomm/cad/708065IN.obj,3d model,OBJ,https://www.kohler.co.in/p/singulier-1d1p-s-708065in?skuId=708065IN-CP,True,asset_001753
708065IN-CP,https://techcomm.kohler.com/techcomm/cad/708065IN.skp,3d model,SKP,https://www.kohler.co.in/p/singulier-1d1p-s-708065in?skuId=708065IN-CP,True,asset_001754
708065IN-CP,https://techcomm.kohler.com/techcomm/cad/708065IN.3ds,3d model,3DS,https://www.kohler.co.in/p/singulier-1d1p-s-708065in?skuId=708065IN-CP,True,asset_001750
708065IN-CP,https://techcomm.kohler.com/techcomm/cad/Shower-Shower_Door-KOHLER-Singulier-K-708065IN.rfa,3d model,RFA,https://www.kohler.co.in/p/singulier-1d1p-s-708065in?skuId=708065IN-CP,True,asset_002633
708065IN-CP,https://techcomm.kohler.com/techcomm/cad/708065inpln.dxf,cad drawing,DXF,https://www.kohler.co.in/p/singulier-1d1p-s-708065in?skuId=708065IN-CP,True,asset_001758
708065IN-CP,https://techcomm.kohler.com/techcomm/cad/708065inpln.dwg,cad drawing,DWG,https://www.kohler.co.in/p/singulier-1d1p-s-708065in?skuId=708065IN-CP,True,asset_001757
708065IN-CP,https://techcomm.kohler.com/techcomm/cad/708065infrt.dxf,cad drawing,DXF,https://www.kohler.co.in/p/singulier-1d1p-s-708065in?skuId=708065IN-CP,True,asset_001756
708065IN-CP,https://techcomm.kohler.com/techcomm/cad/708065infrt.dwg,cad drawing,DWG,https://www.kohler.co.in/p/singulier-1d1p-s-708065in?skuId=708065IN-CP,True,asset_001755
708065IN-CP,https://techcomm.kohler.com/techcomm/cad/708065insde.dxf,cad drawing,DXF,https://www.kohler.co.in/p/singulier-1d1p-s-708065in?skuId=708065IN-CP,True,asset_001760
708065IN-CP,https://techcomm.kohler.com/techcomm/cad/708065insde.dwg,cad drawing,DWG,https://www.kohler.co.in/p/singulier-1d1p-s-708065in?skuId=708065IN-CP,True,asset_001759
708065IN-CP,https://techcomm.kohler.com/techcomm/cad/708065IN.dxf,cad drawing,DXF,https://www.kohler.co.in/p/singulier-1d1p-s-708065in?skuId=708065IN-CP,True,asset_001752
708065IN-CP,https://techcomm.kohler.com/techcomm/cad/708065IN.dwg,cad drawing,DWG,https://www.kohler.co.in/p/singulier-1d1p-s-708065in?skuId=708065IN-CP,True,asset_001751
708065IN-CP,https://techcomm.kohler.com/techcomm/pdf/K-708065IN_spec_IN_Kohler_en.pdf,spec sheet,PDF,https://www.kohler.co.in/p/singulier-1d1p-s-708065in?skuId=708065IN-CP,True,asset_003101
704699IN-SHP,https://techcomm.kohler.com/techcomm/cad/704699IN.obj,3d model,OBJ,https://www.kohler.co.in/p/new-trilogy-2000-mm-2161-mm-h-pivot-shower-door-with-8-mm-thick-glass-704699in?skuId=704699IN-SHP,True,asset_001698
704699IN-SHP,https://techcomm.kohler.com/techcomm/cad/704699IN.skp,3d model,SKP,https://www.kohler.co.in/p/new-trilogy-2000-mm-2161-mm-h-pivot-shower-door-with-8-mm-thick-glass-704699in?skuId=704699IN-SHP,True,asset_001699
704699IN-SHP,https://techcomm.kohler.com/techcomm/cad/704699IN.3ds,3d model,3DS,https://www.kohler.co.in/p/new-trilogy-2000-mm-2161-mm-h-pivot-shower-door-with-8-mm-thick-glass-704699in?skuId=704699IN-SHP,True,asset_001695
704699IN-SHP,https://techcomm.kohler.com/techcomm/cad/Shower-Shower_Door-KOHLER-New_Trilogy-K-704699IN.rfa,3d model,RFA,https://www.kohler.co.in/p/new-trilogy-2000-mm-2161-mm-h-pivot-shower-door-with-8-mm-thick-glass-704699in?skuId=704699IN-SHP,True,asset_002632
704699IN-SHP,https://techcomm.kohler.com/techcomm/cad/704699inpln.dxf,cad drawing,DXF,https://www.kohler.co.in/p/new-trilogy-2000-mm-2161-mm-h-pivot-shower-door-with-8-mm-thick-glass-704699in?skuId=704699IN-SHP,True,asset_001703
704699IN-SHP,https://techcomm.kohler.com/techcomm/cad/704699inpln.dwg,cad drawing,DWG,https://www.kohler.co.in/p/new-trilogy-2000-mm-2161-mm-h-pivot-shower-door-with-8-mm-thick-glass-704699in?skuId=704699IN-SHP,True,asset_001702
704699IN-SHP,https://techcomm.kohler.com/techcomm/cad/704699infrt.dxf,cad drawing,DXF,https://www.kohler.co.in/p/new-trilogy-2000-mm-2161-mm-h-pivot-shower-door-with-8-mm-thick-glass-704699in?skuId=704699IN-SHP,True,asset_001701
704699IN-SHP,https://techcomm.kohler.com/techcomm/cad/704699infrt.dwg,cad drawing,DWG,https://www.kohler.co.in/p/new-trilogy-2000-mm-2161-mm-h-pivot-shower-door-with-8-mm-thick-glass-704699in?skuId=704699IN-SHP,True,asset_001700
704699IN-SHP,https://techcomm.kohler.com/techcomm/cad/704699insde.dxf,cad drawing,DXF,https://www.kohler.co.in/p/new-trilogy-2000-mm-2161-mm-h-pivot-shower-door-with-8-mm-thick-glass-704699in?skuId=704699IN-SHP,True,asset_001705
704699IN-SHP,https://techcomm.kohler.com/techcomm/cad/704699insde.dwg,cad drawing,DWG,https://www.kohler.co.in/p/new-trilogy-2000-mm-2161-mm-h-pivot-shower-door-with-8-mm-thick-glass-704699in?skuId=704699IN-SHP,True,asset_001704
704699IN-SHP,https://techcomm.kohler.com/techcomm/cad/704699IN.dxf,cad drawing,DXF,https://www.kohler.co.in/p/new-trilogy-2000-mm-2161-mm-h-pivot-shower-door-with-8-mm-thick-glass-704699in?skuId=704699IN-SHP,True,asset_001697
704699IN-SHP,https://techcomm.kohler.com/techcomm/cad/704699IN.dwg,cad drawing,DWG,https://www.kohler.co.in/p/new-trilogy-2000-mm-2161-mm-h-pivot-shower-door-with-8-mm-thick-glass-704699in?skuId=704699IN-SHP,True,asset_001696
704699IN-SHP,https://techcomm.kohler.com/techcomm/pdf/K-704699IN_spec_IN_Kohler_en.pdf,spec sheet,PDF,https://www.kohler.co.in/p/new-trilogy-2000-mm-2161-mm-h-pivot-shower-door-with-8-mm-thick-glass-704699in?skuId=704699IN-SHP,True,asset_003097
704698IN-SHP,https://techcomm.kohler.com/techcomm/cad/704698IN.obj,3d model,OBJ,https://www.kohler.co.in/p/new-trilogy-2000-h-pivot-shower-door-with-8-mm-thick-glass-704698in?skuId=704698IN-SHP,True,asset_001687
704698IN-SHP,https://techcomm.kohler.com/techcomm/cad/704698IN.skp,3d model,SKP,https://www.kohler.co.in/p/new-trilogy-2000-h-pivot-shower-door-with-8-mm-thick-glass-704698in?skuId=704698IN-SHP,True,asset_001688
704698IN-SHP,https://techcomm.kohler.com/techcomm/cad/704698IN.3ds,3d model,3DS,https://www.kohler.co.in/p/new-trilogy-2000-h-pivot-shower-door-with-8-mm-thick-glass-704698in?skuId=704698IN-SHP,True,asset_001684
704698IN-SHP,https://techcomm.kohler.com/techcomm/cad/Shower-shower_Door-KOHLER-New_Trilogy-K-704698IN.rfa,3d model,RFA,https://www.kohler.co.in/p/new-trilogy-2000-h-pivot-shower-door-with-8-mm-thick-glass-704698in?skuId=704698IN-SHP,True,asset_002669
704698IN-SHP,https://techcomm.kohler.com/techcomm/cad/704698inpln.dxf,cad drawing,DXF,https://www.kohler.co.in/p/new-trilogy-2000-h-pivot-shower-door-with-8-mm-thick-glass-704698in?skuId=704698IN-SHP,True,asset_001692
704698IN-SHP,https://techcomm.kohler.com/techcomm/cad/704698inpln.dwg,cad drawing,DWG,https://www.kohler.co.in/p/new-trilogy-2000-h-pivot-shower-door-with-8-mm-thick-glass-704698in?skuId=704698IN-SHP,True,asset_001691
704698IN-SHP,https://techcomm.kohler.com/techcomm/cad/704698infrt.dxf,cad drawing,DXF,https://www.kohler.co.in/p/new-trilogy-2000-h-pivot-shower-door-with-8-mm-thick-glass-704698in?skuId=704698IN-SHP,True,asset_001690
704698IN-SHP,https://techcomm.kohler.com/techcomm/cad/704698infrt.dwg,cad drawing,DWG,https://www.kohler.co.in/p/new-trilogy-2000-h-pivot-shower-door-with-8-mm-thick-glass-704698in?skuId=704698IN-SHP,True,asset_001689
704698IN-SHP,https://techcomm.kohler.com/techcomm/cad/704698insde.dxf,cad drawing,DXF,https://www.kohler.co.in/p/new-trilogy-2000-h-pivot-shower-door-with-8-mm-thick-glass-704698in?skuId=704698IN-SHP,True,asset_001694
704698IN-SHP,https://techcomm.kohler.com/techcomm/cad/704698insde.dwg,cad drawing,DWG,https://www.kohler.co.in/p/new-trilogy-2000-h-pivot-shower-door-with-8-mm-thick-glass-704698in?skuId=704698IN-SHP,True,asset_001693
704698IN-SHP,https://techcomm.kohler.com/techcomm/cad/704698IN.dxf,cad drawing,DXF,https://www.kohler.co.in/p/new-trilogy-2000-h-pivot-shower-door-with-8-mm-thick-glass-704698in?skuId=704698IN-SHP,True,asset_001686
704698IN-SHP,https://techcomm.kohler.com/techcomm/cad/704698IN.dwg,cad drawing,DWG,https://www.kohler.co.in/p/new-trilogy-2000-h-pivot-shower-door-with-8-mm-thick-glass-704698in?skuId=704698IN-SHP,True,asset_001685
704698IN-SHP,https://techcomm.kohler.com/techcomm/pdf/K-704698IN_spec_IN_Kohler_en.pdf,spec sheet,PDF,https://www.kohler.co.in/p/new-trilogy-2000-h-pivot-shower-door-with-8-mm-thick-glass-704698in?skuId=704698IN-SHP,True,asset_003096
704702IN-SHP,https://techcomm.kohler.com/techcomm/cad/704702IN.obj,3d model,OBJ,https://www.kohler.co.in/p/new-trilogy-2d3p-t-shape-10mm-in-704702in?skuId=704702IN-SHP,True,asset_001709
704702IN-SHP,https://techcomm.kohler.com/techcomm/cad/704702IN.skp,3d model,SKP,https://www.kohler.co.in/p/new-trilogy-2d3p-t-shape-10mm-in-704702in?skuId=704702IN-SHP,True,asset_001710
704702IN-SHP,https://techcomm.kohler.com/techcomm/cad/704702IN.3ds,3d model,3DS,https://www.kohler.co.in/p/new-trilogy-2d3p-t-shape-10mm-in-704702in?skuId=704702IN-SHP,True,asset_001706
704702IN-SHP,https://techcomm.kohler.com/techcomm/cad/Shower-shower_Door-KOHLER-New_Trilogy-K-704702IN.rfa,3d model,RFA,https://www.kohler.co.in/p/new-trilogy-2d3p-t-shape-10mm-in-704702in?skuId=704702IN-SHP,True,asset_002670
704702IN-SHP,https://techcomm.kohler.com/techcomm/cad/704702inpln.dxf,cad drawing,DXF,https://www.kohler.co.in/p/new-trilogy-2d3p-t-shape-10mm-in-704702in?skuId=704702IN-SHP,True,asset_001714
704702IN-SHP,https://techcomm.kohler.com/techcomm/cad/704702inpln.dwg,cad drawing,DWG,https://www.kohler.co.in/p/new-trilogy-2d3p-t-shape-10mm-in-704702in?skuId=704702IN-SHP,True,asset_001713
704702IN-SHP,https://techcomm.kohler.com/techcomm/cad/704702infrt.dxf,cad drawing,DXF,https://www.kohler.co.in/p/new-trilogy-2d3p-t-shape-10mm-in-704702in?skuId=704702IN-SHP,True,asset_001712
704702IN-SHP,https://techcomm.kohler.com/techcomm/cad/704702infrt.dwg,cad drawing,DWG,https://www.kohler.co.in/p/new-trilogy-2d3p-t-shape-10mm-in-704702in?skuId=704702IN-SHP,True,asset_001711
704702IN-SHP,https://techcomm.kohler.com/techcomm/cad/704702insde.dxf,cad drawing,DXF,https://www.kohler.co.in/p/new-trilogy-2d3p-t-shape-10mm-in-704702in?skuId=704702IN-SHP,True,asset_001716
704702IN-SHP,https://techcomm.kohler.com/techcomm/cad/704702insde.dwg,cad drawing,DWG,https://www.kohler.co.in/p/new-trilogy-2d3p-t-shape-10mm-in-704702in?skuId=704702IN-SHP,True,asset_001715
704702IN-SHP,https://techcomm.kohler.com/techcomm/cad/704702IN.dxf,cad drawing,DXF,https://www.kohler.co.in/p/new-trilogy-2d3p-t-shape-10mm-in-704702in?skuId=704702IN-SHP,True,asset_001708
704702IN-SHP,https://techcomm.kohler.com/techcomm/cad/704702IN.dwg,cad drawing,DWG,https://www.kohler.co.in/p/new-trilogy-2d3p-t-shape-10mm-in-704702in?skuId=704702IN-SHP,True,asset_001707
39059IN-SHP,https://techcomm.kohler.com/techcomm/cad/39059IN.obj,3d model,OBJ,https://www.kohler.co.in/p/elate-2000-mm-h-sliding-shower-door-with-8-mm-thick-glass-39059in?skuId=39059IN-SHP,True,asset_001533
39059IN-SHP,https://techcomm.kohler.com/techcomm/cad/39059IN.skp,3d model,SKP,https://www.kohler.co.in/p/elate-2000-mm-h-sliding-shower-door-with-8-mm-thick-glass-39059in?skuId=39059IN-SHP,True,asset_001534
39059IN-SHP,https://techcomm.kohler.com/techcomm/cad/39059IN.3ds,3d model,3DS,https://www.kohler.co.in/p/elate-2000-mm-h-sliding-shower-door-with-8-mm-thick-glass-39059in?skuId=39059IN-SHP,True,asset_001530
39059IN-SHP,https://techcomm.kohler.com/techcomm/cad/Shower-Shower_Door-KOHLER-Elate-K-39059IN.rfa,3d model,RFA,https://www.kohler.co.in/p/elate-2000-mm-h-sliding-shower-door-with-8-mm-thick-glass-39059in?skuId=39059IN-SHP,True,asset_002627
39059IN-SHP,https://techcomm.kohler.com/techcomm/cad/39059inpln.dxf,cad drawing,DXF,https://www.kohler.co.in/p/elate-2000-mm-h-sliding-shower-door-with-8-mm-thick-glass-39059in?skuId=39059IN-SHP,True,asset_001538
39059IN-SHP,https://techcomm.kohler.com/techcomm/cad/39059inpln.dwg,cad drawing,DWG,https://www.kohler.co.in/p/elate-2000-mm-h-sliding-shower-door-with-8-mm-thick-glass-39059in?skuId=39059IN-SHP,True,asset_001537
39059IN-SHP,https://techcomm.kohler.com/techcomm/cad/39059infrt.dxf,cad drawing,DXF,https://www.kohler.co.in/p/elate-2000-mm-h-sliding-shower-door-with-8-mm-thick-glass-39059in?skuId=39059IN-SHP,True,asset_001536
39059IN-SHP,https://techcomm.kohler.com/techcomm/cad/39059infrt.dwg,cad drawing,DWG,https://www.kohler.co.in/p/elate-2000-mm-h-sliding-shower-door-with-8-mm-thick-glass-39059in?skuId=39059IN-SHP,True,asset_001535
39059IN-SHP,https://techcomm.kohler.com/techcomm/cad/39059insde.dxf,cad drawing,DXF,https://www.kohler.co.in/p/elate-2000-mm-h-sliding-shower-door-with-8-mm-thick-glass-39059in?skuId=39059IN-SHP,True,asset_001540
39059IN-SHP,https://techcomm.kohler.com/techcomm/cad/39059insde.dwg,cad drawing,DWG,https://www.kohler.co.in/p/elate-2000-mm-h-sliding-shower-door-with-8-mm-thick-glass-39059in?skuId=39059IN-SHP,True,asset_001539
39059IN-SHP,https://techcomm.kohler.com/techcomm/cad/39059IN.dxf,cad drawing,DXF,https://www.kohler.co.in/p/elate-2000-mm-h-sliding-shower-door-with-8-mm-thick-glass-39059in?skuId=39059IN-SHP,True,asset_001532
39059IN-SHP,https://techcomm.kohler.com/techcomm/cad/39059IN.dwg,cad drawing,DWG,https://www.kohler.co.in/p/elate-2000-mm-h-sliding-shower-door-with-8-mm-thick-glass-39059in?skuId=39059IN-SHP,True,asset_001531
39059IN-SHP,https://techcomm.kohler.com/techcomm/pdf/K-39059IN_spec_IN_Kohler_en.pdf,spec sheet,PDF,https://www.kohler.co.in/p/elate-2000-mm-h-sliding-shower-door-with-8-mm-thick-glass-39059in?skuId=39059IN-SHP,True,asset_003083
39059IN-SHP,https://techcomm.kohler.com/techcomm/pdf/1640150-IN2.pdf,installation,PDF,https://www.kohler.co.in/p/elate-2000-mm-h-sliding-shower-door-with-8-mm-thick-glass-39059in?skuId=39059IN-SHP,True,asset_002878
39059IN-SHP,https://techcomm.kohler.com/techcomm/pdf/1640150-IN8.pdf,parts,PDF,https://www.kohler.co.in/p/elate-2000-mm-h-sliding-shower-door-with-8-mm-thick-glass-39059in?skuId=39059IN-SHP,True,asset_002879
709076IN-CP,https://techcomm.kohler.com/techcomm/cad/709076IN.obj,3d model,OBJ,https://www.kohler.co.in/p/big-w-knob-709076in?skuId=709076IN-CP,True,asset_001797
709076IN-CP,https://techcomm.kohler.com/techcomm/cad/709076IN.skp,3d model,SKP,https://www.kohler.co.in/p/big-w-knob-709076in?skuId=709076IN-CP,True,asset_001798
709076IN-CP,https://techcomm.kohler.com/techcomm/cad/709076IN.3ds,3d model,3DS,https://www.kohler.co.in/p/big-w-knob-709076in?skuId=709076IN-CP,True,asset_001794
709076IN-CP,https://techcomm.kohler.com/techcomm/cad/Shower-Shower_Door-KOHLER-New_Levity-K-709076IN.rfa,3d model,RFA,https://www.kohler.co.in/p/big-w-knob-709076in?skuId=709076IN-CP,True,asset_002631
709076IN-CP,https://techcomm.kohler.com/techcomm/cad/709076inpln.dxf,cad drawing,DXF,https://www.kohler.co.in/p/big-w-knob-709076in?skuId=709076IN-CP,True,asset_001802
709076IN-CP,https://techcomm.kohler.com/techcomm/cad/709076inpln.dwg,cad drawing,DWG,https://www.kohler.co.in/p/big-w-knob-709076in?skuId=709076IN-CP,True,asset_001801
709076IN-CP,https://techcomm.kohler.com/techcomm/cad/709076infrt.dxf,cad drawing,DXF,https://www.kohler.co.in/p/big-w-knob-709076in?skuId=709076IN-CP,True,asset_001800
709076IN-CP,https://techcomm.kohler.com/techcomm/cad/709076infrt.dwg,cad drawing,DWG,https://www.kohler.co.in/p/big-w-knob-709076in?skuId=709076IN-CP,True,asset_001799
709076IN-CP,https://techcomm.kohler.com/techcomm/cad/709076insde.dxf,cad drawing,DXF,https://www.kohler.co.in/p/big-w-knob-709076in?skuId=709076IN-CP,True,asset_001804
709076IN-CP,https://techcomm.kohler.com/techcomm/cad/709076insde.dwg,cad drawing,DWG,https://www.kohler.co.in/p/big-w-knob-709076in?skuId=709076IN-CP,True,asset_001803
709076IN-CP,https://techcomm.kohler.com/techcomm/cad/709076IN.dxf,cad drawing,DXF,https://www.kohler.co.in/p/big-w-knob-709076in?skuId=709076IN-CP,True,asset_001796
709076IN-CP,https://techcomm.kohler.com/techcomm/cad/709076IN.dwg,cad drawing,DWG,https://www.kohler.co.in/p/big-w-knob-709076in?skuId=709076IN-CP,True,asset_001795
709075IN-CP,https://techcomm.kohler.com/techcomm/cad/709075IN.obj,3d model,OBJ,https://www.kohler.co.in/p/new-levity-small-w-knob-709075in?skuId=709075IN-CP,True,asset_001786
709075IN-CP,https://techcomm.kohler.com/techcomm/cad/709075IN.skp,3d model,SKP,https://www.kohler.co.in/p/new-levity-small-w-knob-709075in?skuId=709075IN-CP,True,asset_001787
709075IN-CP,https://techcomm.kohler.com/techcomm/cad/709075IN.3ds,3d model,3DS,https://www.kohler.co.in/p/new-levity-small-w-knob-709075in?skuId=709075IN-CP,True,asset_001783
709075IN-CP,https://techcomm.kohler.com/techcomm/cad/Shower-Shower_Door-KOHLER-New_Levity-K-709075IN.rfa,3d model,RFA,https://www.kohler.co.in/p/new-levity-small-w-knob-709075in?skuId=709075IN-CP,True,asset_002630
709075IN-CP,https://techcomm.kohler.com/techcomm/cad/709075inpln.dxf,cad drawing,DXF,https://www.kohler.co.in/p/new-levity-small-w-knob-709075in?skuId=709075IN-CP,True,asset_001791
709075IN-CP,https://techcomm.kohler.com/techcomm/cad/709075inpln.dwg,cad drawing,DWG,https://www.kohler.co.in/p/new-levity-small-w-knob-709075in?skuId=709075IN-CP,True,asset_001790
709075IN-CP,https://techcomm.kohler.com/techcomm/cad/709075infrt.dxf,cad drawing,DXF,https://www.kohler.co.in/p/new-levity-small-w-knob-709075in?skuId=709075IN-CP,True,asset_001789
709075IN-CP,https://techcomm.kohler.com/techcomm/cad/709075infrt.dwg,cad drawing,DWG,https://www.kohler.co.in/p/new-levity-small-w-knob-709075in?skuId=709075IN-CP,True,asset_001788
709075IN-CP,https://techcomm.kohler.com/techcomm/cad/709075insde.dxf,cad drawing,DXF,https://www.kohler.co.in/p/new-levity-small-w-knob-709075in?skuId=709075IN-CP,True,asset_001793
709075IN-CP,https://techcomm.kohler.com/techcomm/cad/709075insde.dwg,cad drawing,DWG,https://www.kohler.co.in/p/new-levity-small-w-knob-709075in?skuId=709075IN-CP,True,asset_001792
709075IN-CP,https://techcomm.kohler.com/techcomm/cad/709075IN.dxf,cad drawing,DXF,https://www.kohler.co.in/p/new-levity-small-w-knob-709075in?skuId=709075IN-CP,True,asset_001785
709075IN-CP,https://techcomm.kohler.com/techcomm/cad/709075IN.dwg,cad drawing,DWG,https://www.kohler.co.in/p/new-levity-small-w-knob-709075in?skuId=709075IN-CP,True,asset_001784
702650IN-LH0-BL,https://techcomm.kohler.com/techcomm/cad/702650IN-LH0.obj,3d model,OBJ,https://www.kohler.co.in/p/brazn-2200-mm-h-sliding-shower-door-with-10-mm-thick-glass-702650in-lh0?skuId=702650IN-LH0-BL,True,asset_001676
702650IN-LH0-BL,https://techcomm.kohler.com/techcomm/cad/702650IN-LH0.skp,3d model,SKP,https://www.kohler.co.in/p/brazn-2200-mm-h-sliding-shower-door-with-10-mm-thick-glass-702650in-lh0?skuId=702650IN-LH0-BL,True,asset_001677
702650IN-LH0-BL,https://techcomm.kohler.com/techcomm/cad/702650IN-LH0.3ds,3d model,3DS,https://www.kohler.co.in/p/brazn-2200-mm-h-sliding-shower-door-with-10-mm-thick-glass-702650in-lh0?skuId=702650IN-LH0-BL,True,asset_001673
702650IN-LH0-BL,https://techcomm.kohler.com/techcomm/cad/Shower-Shower_Door-KOHLER-Brazn-K-702650IN.rfa,3d model,RFA,https://www.kohler.co.in/p/brazn-2200-mm-h-sliding-shower-door-with-10-mm-thick-glass-702650in-lh0?skuId=702650IN-LH0-BL,True,asset_002624
702650IN-LH0-BL,https://techcomm.kohler.com/techcomm/cad/702650in_lh0pln.dxf,cad drawing,DXF,https://www.kohler.co.in/p/brazn-2200-mm-h-sliding-shower-door-with-10-mm-thick-glass-702650in-lh0?skuId=702650IN-LH0-BL,True,asset_001681
702650IN-LH0-BL,https://techcomm.kohler.com/techcomm/cad/702650in_lh0pln.dwg,cad drawing,DWG,https://www.kohler.co.in/p/brazn-2200-mm-h-sliding-shower-door-with-10-mm-thick-glass-702650in-lh0?skuId=702650IN-LH0-BL,True,asset_001680
702650IN-LH0-BL,https://techcomm.kohler.com/techcomm/cad/702650in_lh0frt.dxf,cad drawing,DXF,https://www.kohler.co.in/p/brazn-2200-mm-h-sliding-shower-door-with-10-mm-thick-glass-702650in-lh0?skuId=702650IN-LH0-BL,True,asset_001679
702650IN-LH0-BL,https://techcomm.kohler.com/techcomm/cad/702650in_lh0frt.dwg,cad drawing,DWG,https://www.kohler.co.in/p/brazn-2200-mm-h-sliding-shower-door-with-10-mm-thick-glass-702650in-lh0?skuId=702650IN-LH0-BL,True,asset_001678
702650IN-LH0-BL,https://techcomm.kohler.com/techcomm/cad/702650in_lh0sde.dxf,cad drawing,DXF,https://www.kohler.co.in/p/brazn-2200-mm-h-sliding-shower-door-with-10-mm-thick-glass-702650in-lh0?skuId=702650IN-LH0-BL,True,asset_001683
702650IN-LH0-BL,https://techcomm.kohler.com/techcomm/cad/702650in_lh0sde.dwg,cad drawing,DWG,https://www.kohler.co.in/p/brazn-2200-mm-h-sliding-shower-door-with-10-mm-thick-glass-702650in-lh0?skuId=702650IN-LH0-BL,True,asset_001682
702650IN-LH0-BL,https://techcomm.kohler.com/techcomm/cad/702650IN-LH0.dxf,cad drawing,DXF,https://www.kohler.co.in/p/brazn-2200-mm-h-sliding-shower-door-with-10-mm-thick-glass-702650in-lh0?skuId=702650IN-LH0-BL,True,asset_001675
702650IN-LH0-BL,https://techcomm.kohler.com/techcomm/cad/702650IN-LH0.dwg,cad drawing,DWG,https://www.kohler.co.in/p/brazn-2200-mm-h-sliding-shower-door-with-10-mm-thick-glass-702650in-lh0?skuId=702650IN-LH0-BL,True,asset_001674
702650IN-LH0-BL,https://techcomm.kohler.com/techcomm/pdf/K-702650IN-LH0_spec_IN_Kohler_en.pdf,spec sheet,PDF,https://www.kohler.co.in/p/brazn-2200-mm-h-sliding-shower-door-with-10-mm-thick-glass-702650in-lh0?skuId=702650IN-LH0-BL,True,asset_003095
702650IN-LH0-BL,https://techcomm.kohler.com/techcomm/pdf/1495926-IN8.pdf,installation,PDF,https://www.kohler.co.in/p/brazn-2200-mm-h-sliding-shower-door-with-10-mm-thick-glass-702650in-lh0?skuId=702650IN-LH0-BL,True,asset_002844
702650IN-LH0-BL,https://techcomm.kohler.com/techcomm/pdf/1495926-IN2.pdf,installation,PDF,https://www.kohler.co.in/p/brazn-2200-mm-h-sliding-shower-door-with-10-mm-thick-glass-702650in-lh0?skuId=702650IN-LH0-BL,True,asset_002843
39061IN-SHP,https://techcomm.kohler.com/techcomm/cad/39061IN.obj,3d model,OBJ,https://www.kohler.co.in/p/elate-2000-mm-h-sliding-shower-door-with-8-mm-thick-glass-39061in?skuId=39061IN-SHP,True,asset_001544
39061IN-SHP,https://techcomm.kohler.com/techcomm/cad/39061IN.skp,3d model,SKP,https://www.kohler.co.in/p/elate-2000-mm-h-sliding-shower-door-with-8-mm-thick-glass-39061in?skuId=39061IN-SHP,True,asset_001545
39061IN-SHP,https://techcomm.kohler.com/techcomm/cad/39061IN.3ds,3d model,3DS,https://www.kohler.co.in/p/elate-2000-mm-h-sliding-shower-door-with-8-mm-thick-glass-39061in?skuId=39061IN-SHP,True,asset_001541
39061IN-SHP,https://techcomm.kohler.com/techcomm/cad/Shower-Shower_Door-KOHLER-Elate-K-39061IN.rfa,3d model,RFA,https://www.kohler.co.in/p/elate-2000-mm-h-sliding-shower-door-with-8-mm-thick-glass-39061in?skuId=39061IN-SHP,True,asset_002628
39061IN-SHP,https://techcomm.kohler.com/techcomm/cad/39061inpln.dxf,cad drawing,DXF,https://www.kohler.co.in/p/elate-2000-mm-h-sliding-shower-door-with-8-mm-thick-glass-39061in?skuId=39061IN-SHP,True,asset_001549
39061IN-SHP,https://techcomm.kohler.com/techcomm/cad/39061inpln.dwg,cad drawing,DWG,https://www.kohler.co.in/p/elate-2000-mm-h-sliding-shower-door-with-8-mm-thick-glass-39061in?skuId=39061IN-SHP,True,asset_001548
39061IN-SHP,https://techcomm.kohler.com/techcomm/cad/39061infrt.dxf,cad drawing,DXF,https://www.kohler.co.in/p/elate-2000-mm-h-sliding-shower-door-with-8-mm-thick-glass-39061in?skuId=39061IN-SHP,True,asset_001547
39061IN-SHP,https://techcomm.kohler.com/techcomm/cad/39061infrt.dwg,cad drawing,DWG,https://www.kohler.co.in/p/elate-2000-mm-h-sliding-shower-door-with-8-mm-thick-glass-39061in?skuId=39061IN-SHP,True,asset_001546
39061IN-SHP,https://techcomm.kohler.com/techcomm/cad/39061insde.dxf,cad drawing,DXF,https://www.kohler.co.in/p/elate-2000-mm-h-sliding-shower-door-with-8-mm-thick-glass-39061in?skuId=39061IN-SHP,True,asset_001551
39061IN-SHP,https://techcomm.kohler.com/techcomm/cad/39061insde.dwg,cad drawing,DWG,https://www.kohler.co.in/p/elate-2000-mm-h-sliding-shower-door-with-8-mm-thick-glass-39061in?skuId=39061IN-SHP,True,asset_001550
39061IN-SHP,https://techcomm.kohler.com/techcomm/cad/39061IN.dxf,cad drawing,DXF,https://www.kohler.co.in/p/elate-2000-mm-h-sliding-shower-door-with-8-mm-thick-glass-39061in?skuId=39061IN-SHP,True,asset_001543
39061IN-SHP,https://techcomm.kohler.com/techcomm/cad/39061IN.dwg,cad drawing,DWG,https://www.kohler.co.in/p/elate-2000-mm-h-sliding-shower-door-with-8-mm-thick-glass-39061in?skuId=39061IN-SHP,True,asset_001542
39061IN-SHP,https://techcomm.kohler.com/techcomm/pdf/K-39061IN_spec_IN_Kohler_en.pdf,spec sheet,PDF,https://www.kohler.co.in/p/elate-2000-mm-h-sliding-shower-door-with-8-mm-thick-glass-39061in?skuId=39061IN-SHP,True,asset_003084
39061IN-SHP,https://techcomm.kohler.com/techcomm/pdf/1640150-IN2.pdf,installation,PDF,https://www.kohler.co.in/p/elate-2000-mm-h-sliding-shower-door-with-8-mm-thick-glass-39061in?skuId=39061IN-SHP,True,asset_002878
39061IN-SHP,https://techcomm.kohler.com/techcomm/pdf/1640150-IN8.pdf,parts,PDF,https://www.kohler.co.in/p/elate-2000-mm-h-sliding-shower-door-with-8-mm-thick-glass-39061in?skuId=39061IN-SHP,True,asset_002879
705116IN-SHP,https://techcomm.kohler.com/techcomm/cad/705116IN.obj,3d model,OBJ,https://www.kohler.co.in/p/contra-big-ht-2000mm-705116in?skuId=705116IN-SHP,True,asset_001742
705116IN-SHP,https://techcomm.kohler.com/techcomm/cad/705116IN.skp,3d model,SKP,https://www.kohler.co.in/p/contra-big-ht-2000mm-705116in?skuId=705116IN-SHP,True,asset_001743
705116IN-SHP,https://techcomm.kohler.com/techcomm/cad/705116IN.3ds,3d model,3DS,https://www.kohler.co.in/p/contra-big-ht-2000mm-705116in?skuId=705116IN-SHP,True,asset_001739
705116IN-SHP,https://techcomm.kohler.com/techcomm/cad/Shower-Shower_Door-KOHLER-Contra-K-705116IN.rfa,3d model,RFA,https://www.kohler.co.in/p/contra-big-ht-2000mm-705116in?skuId=705116IN-SHP,True,asset_002626
705116IN-SHP,https://techcomm.kohler.com/techcomm/cad/705116inpln.dxf,cad drawing,DXF,https://www.kohler.co.in/p/contra-big-ht-2000mm-705116in?skuId=705116IN-SHP,True,asset_001747
705116IN-SHP,https://techcomm.kohler.com/techcomm/cad/705116inpln.dwg,cad drawing,DWG,https://www.kohler.co.in/p/contra-big-ht-2000mm-705116in?skuId=705116IN-SHP,True,asset_001746
705116IN-SHP,https://techcomm.kohler.com/techcomm/cad/705116infrt.dxf,cad drawing,DXF,https://www.kohler.co.in/p/contra-big-ht-2000mm-705116in?skuId=705116IN-SHP,True,asset_001745
705116IN-SHP,https://techcomm.kohler.com/techcomm/cad/705116infrt.dwg,cad drawing,DWG,https://www.kohler.co.in/p/contra-big-ht-2000mm-705116in?skuId=705116IN-SHP,True,asset_001744
705116IN-SHP,https://techcomm.kohler.com/techcomm/cad/705116insde.dxf,cad drawing,DXF,https://www.kohler.co.in/p/contra-big-ht-2000mm-705116in?skuId=705116IN-SHP,True,asset_001749
705116IN-SHP,https://techcomm.kohler.com/techcomm/cad/705116insde.dwg,cad drawing,DWG,https://www.kohler.co.in/p/contra-big-ht-2000mm-705116in?skuId=705116IN-SHP,True,asset_001748
705116IN-SHP,https://techcomm.kohler.com/techcomm/cad/705116IN.dxf,cad drawing,DXF,https://www.kohler.co.in/p/contra-big-ht-2000mm-705116in?skuId=705116IN-SHP,True,asset_001741
705116IN-SHP,https://techcomm.kohler.com/techcomm/cad/705116IN.dwg,cad drawing,DWG,https://www.kohler.co.in/p/contra-big-ht-2000mm-705116in?skuId=705116IN-SHP,True,asset_001740
705116IN-SHP,https://techcomm.kohler.com/techcomm/pdf/K-705116IN_spec_IN_Kohler_en.pdf,spec sheet,PDF,https://www.kohler.co.in/p/contra-big-ht-2000mm-705116in?skuId=705116IN-SHP,True,asset_003100
39259IN-SHP,https://techcomm.kohler.com/techcomm/cad/39259IN.obj,3d model,OBJ,https://www.kohler.co.in/p/elate-2000-mm-h-sliding-shower-door-with-8-mm-thick-glass-39259in?skuId=39259IN-SHP,True,asset_001555
39259IN-SHP,https://techcomm.kohler.com/techcomm/cad/39259IN.skp,3d model,SKP,https://www.kohler.co.in/p/elate-2000-mm-h-sliding-shower-door-with-8-mm-thick-glass-39259in?skuId=39259IN-SHP,True,asset_001556
39259IN-SHP,https://techcomm.kohler.com/techcomm/cad/39259IN.3ds,3d model,3DS,https://www.kohler.co.in/p/elate-2000-mm-h-sliding-shower-door-with-8-mm-thick-glass-39259in?skuId=39259IN-SHP,True,asset_001552
39259IN-SHP,https://techcomm.kohler.com/techcomm/cad/Shower-Shower_Door-KOHLER-Elate-K-39259IN.rfa,3d model,RFA,https://www.kohler.co.in/p/elate-2000-mm-h-sliding-shower-door-with-8-mm-thick-glass-39259in?skuId=39259IN-SHP,True,asset_002629
39259IN-SHP,https://techcomm.kohler.com/techcomm/cad/39259inpln.dxf,cad drawing,DXF,https://www.kohler.co.in/p/elate-2000-mm-h-sliding-shower-door-with-8-mm-thick-glass-39259in?skuId=39259IN-SHP,True,asset_001560
39259IN-SHP,https://techcomm.kohler.com/techcomm/cad/39259inpln.dwg,cad drawing,DWG,https://www.kohler.co.in/p/elate-2000-mm-h-sliding-shower-door-with-8-mm-thick-glass-39259in?skuId=39259IN-SHP,True,asset_001559
39259IN-SHP,https://techcomm.kohler.com/techcomm/cad/39259infrt.dxf,cad drawing,DXF,https://www.kohler.co.in/p/elate-2000-mm-h-sliding-shower-door-with-8-mm-thick-glass-39259in?skuId=39259IN-SHP,True,asset_001558
39259IN-SHP,https://techcomm.kohler.com/techcomm/cad/39259infrt.dwg,cad drawing,DWG,https://www.kohler.co.in/p/elate-2000-mm-h-sliding-shower-door-with-8-mm-thick-glass-39259in?skuId=39259IN-SHP,True,asset_001557
39259IN-SHP,https://techcomm.kohler.com/techcomm/cad/39259insde.dxf,cad drawing,DXF,https://www.kohler.co.in/p/elate-2000-mm-h-sliding-shower-door-with-8-mm-thick-glass-39259in?skuId=39259IN-SHP,True,asset_001562
39259IN-SHP,https://techcomm.kohler.com/techcomm/cad/39259insde.dwg,cad drawing,DWG,https://www.kohler.co.in/p/elate-2000-mm-h-sliding-shower-door-with-8-mm-thick-glass-39259in?skuId=39259IN-SHP,True,asset_001561
39259IN-SHP,https://techcomm.kohler.com/techcomm/cad/39259IN.dxf,cad drawing,DXF,https://www.kohler.co.in/p/elate-2000-mm-h-sliding-shower-door-with-8-mm-thick-glass-39259in?skuId=39259IN-SHP,True,asset_001554
39259IN-SHP,https://techcomm.kohler.com/techcomm/cad/39259IN.dwg,cad drawing,DWG,https://www.kohler.co.in/p/elate-2000-mm-h-sliding-shower-door-with-8-mm-thick-glass-39259in?skuId=39259IN-SHP,True,asset_001553
39259IN-SHP,https://techcomm.kohler.com/techcomm/pdf/K-39259IN_spec_IN_Kohler_en.pdf,spec sheet,PDF,https://www.kohler.co.in/p/elate-2000-mm-h-sliding-shower-door-with-8-mm-thick-glass-39259in?skuId=39259IN-SHP,True,asset_003085
39259IN-SHP,https://techcomm.kohler.com/techcomm/pdf/1640150-IN2.pdf,installation,PDF,https://www.kohler.co.in/p/elate-2000-mm-h-sliding-shower-door-with-8-mm-thick-glass-39259in?skuId=39259IN-SHP,True,asset_002878
39259IN-SHP,https://techcomm.kohler.com/techcomm/pdf/1640150-IN8.pdf,parts,PDF,https://www.kohler.co.in/p/elate-2000-mm-h-sliding-shower-door-with-8-mm-thick-glass-39259in?skuId=39259IN-SHP,True,asset_002879
705115IN-SHP,https://techcomm.kohler.com/techcomm/cad/705115IN.obj,3d model,OBJ,https://www.kohler.co.in/p/contra-2000-mm-2100-mm-h-sliding-shower-door-with-8-mm-thick-glass-705115in?skuId=705115IN-SHP,True,asset_001731
705115IN-SHP,https://techcomm.kohler.com/techcomm/cad/705115IN.skp,3d model,SKP,https://www.kohler.co.in/p/contra-2000-mm-2100-mm-h-sliding-shower-door-with-8-mm-thick-glass-705115in?skuId=705115IN-SHP,True,asset_001732
705115IN-SHP,https://techcomm.kohler.com/techcomm/cad/705115IN.3ds,3d model,3DS,https://www.kohler.co.in/p/contra-2000-mm-2100-mm-h-sliding-shower-door-with-8-mm-thick-glass-705115in?skuId=705115IN-SHP,True,asset_001728
705115IN-SHP,https://techcomm.kohler.com/techcomm/cad/Shower-Shower_Door-KOHLER-Contra-K-705115IN.rfa,3d model,RFA,https://www.kohler.co.in/p/contra-2000-mm-2100-mm-h-sliding-shower-door-with-8-mm-thick-glass-705115in?skuId=705115IN-SHP,True,asset_002625
705115IN-SHP,https://techcomm.kohler.com/techcomm/cad/705115inpln.dxf,cad drawing,DXF,https://www.kohler.co.in/p/contra-2000-mm-2100-mm-h-sliding-shower-door-with-8-mm-thick-glass-705115in?skuId=705115IN-SHP,True,asset_001736
705115IN-SHP,https://techcomm.kohler.com/techcomm/cad/705115inpln.dwg,cad drawing,DWG,https://www.kohler.co.in/p/contra-2000-mm-2100-mm-h-sliding-shower-door-with-8-mm-thick-glass-705115in?skuId=705115IN-SHP,True,asset_001735
705115IN-SHP,https://techcomm.kohler.com/techcomm/cad/705115infrt.dxf,cad drawing,DXF,https://www.kohler.co.in/p/contra-2000-mm-2100-mm-h-sliding-shower-door-with-8-mm-thick-glass-705115in?skuId=705115IN-SHP,True,asset_001734
705115IN-SHP,https://techcomm.kohler.com/techcomm/cad/705115infrt.dwg,cad drawing,DWG,https://www.kohler.co.in/p/contra-2000-mm-2100-mm-h-sliding-shower-door-with-8-mm-thick-glass-705115in?skuId=705115IN-SHP,True,asset_001733
705115IN-SHP,https://techcomm.kohler.com/techcomm/cad/705115insde.dxf,cad drawing,DXF,https://www.kohler.co.in/p/contra-2000-mm-2100-mm-h-sliding-shower-door-with-8-mm-thick-glass-705115in?skuId=705115IN-SHP,True,asset_001738
705115IN-SHP,https://techcomm.kohler.com/techcomm/cad/705115insde.dwg,cad drawing,DWG,https://www.kohler.co.in/p/contra-2000-mm-2100-mm-h-sliding-shower-door-with-8-mm-thick-glass-705115in?skuId=705115IN-SHP,True,asset_001737
705115IN-SHP,https://techcomm.kohler.com/techcomm/cad/705115IN.dxf,cad drawing,DXF,https://www.kohler.co.in/p/contra-2000-mm-2100-mm-h-sliding-shower-door-with-8-mm-thick-glass-705115in?skuId=705115IN-SHP,True,asset_001730
705115IN-SHP,https://techcomm.kohler.com/techcomm/cad/705115IN.dwg,cad drawing,DWG,https://www.kohler.co.in/p/contra-2000-mm-2100-mm-h-sliding-shower-door-with-8-mm-thick-glass-705115in?skuId=705115IN-SHP,True,asset_001729
705115IN-SHP,https://techcomm.kohler.com/techcomm/pdf/K-705115IN_spec_IN_Kohler_en.pdf,spec sheet,PDF,https://www.kohler.co.in/p/contra-2000-mm-2100-mm-h-sliding-shower-door-with-8-mm-thick-glass-705115in?skuId=705115IN-SHP,True,asset_003099
27724IN-CP,https://techcomm.kohler.com/techcomm/cad/27724IN.obj,3d model,OBJ,https://www.kohler.co.in/p/kohler-rain-duet-filter-shower-with-activated-charcoal-and-5-showering-modes-27724in?skuId=27724IN-CP,True,asset_001112
27724IN-CP,https://techcomm.kohler.com/techcomm/cad/27724IN.skp,3d model,SKP,https://www.kohler.co.in/p/kohler-rain-duet-filter-shower-with-activated-charcoal-and-5-showering-modes-27724in?skuId=27724IN-CP,True,asset_001113
27724IN-CP,https://techcomm.kohler.com/techcomm/cad/27724IN.3ds,3d model,3DS,https://www.kohler.co.in/p/kohler-rain-duet-filter-shower-with-activated-charcoal-and-5-showering-modes-27724in?skuId=27724IN-CP,True,asset_001109
27724IN-CP,https://techcomm.kohler.com/techcomm/cad/Shower-Showerhead-KOHLER-Rainduet-K-27724IN.rfa,3d model,RFA,https://www.kohler.co.in/p/kohler-rain-duet-filter-shower-with-activated-charcoal-and-5-showering-modes-27724in?skuId=27724IN-CP,True,asset_002660
27724IN-CP,https://techcomm.kohler.com/techcomm/cad/27724inpln.dxf,cad drawing,DXF,https://www.kohler.co.in/p/kohler-rain-duet-filter-shower-with-activated-charcoal-and-5-showering-modes-27724in?skuId=27724IN-CP,True,asset_001117
27724IN-CP,https://techcomm.kohler.com/techcomm/cad/27724inpln.dwg,cad drawing,DWG,https://www.kohler.co.in/p/kohler-rain-duet-filter-shower-with-activated-charcoal-and-5-showering-modes-27724in?skuId=27724IN-CP,True,asset_001116
27724IN-CP,https://techcomm.kohler.com/techcomm/cad/27724infrt.dxf,cad drawing,DXF,https://www.kohler.co.in/p/kohler-rain-duet-filter-shower-with-activated-charcoal-and-5-showering-modes-27724in?skuId=27724IN-CP,True,asset_001115
27724IN-CP,https://techcomm.kohler.com/techcomm/cad/27724infrt.dwg,cad drawing,DWG,https://www.kohler.co.in/p/kohler-rain-duet-filter-shower-with-activated-charcoal-and-5-showering-modes-27724in?skuId=27724IN-CP,True,asset_001114
27724IN-CP,https://techcomm.kohler.com/techcomm/cad/27724insde.dxf,cad drawing,DXF,https://www.kohler.co.in/p/kohler-rain-duet-filter-shower-with-activated-charcoal-and-5-showering-modes-27724in?skuId=27724IN-CP,True,asset_001119
27724IN-CP,https://techcomm.kohler.com/techcomm/cad/27724insde.dwg,cad drawing,DWG,https://www.kohler.co.in/p/kohler-rain-duet-filter-shower-with-activated-charcoal-and-5-showering-modes-27724in?skuId=27724IN-CP,True,asset_001118
27724IN-CP,https://techcomm.kohler.com/techcomm/cad/27724IN.dxf,cad drawing,DXF,https://www.kohler.co.in/p/kohler-rain-duet-filter-shower-with-activated-charcoal-and-5-showering-modes-27724in?skuId=27724IN-CP,True,asset_001111
27724IN-CP,https://techcomm.kohler.com/techcomm/cad/27724IN.dwg,cad drawing,DWG,https://www.kohler.co.in/p/kohler-rain-duet-filter-shower-with-activated-charcoal-and-5-showering-modes-27724in?skuId=27724IN-CP,True,asset_001110
27724IN-CP,https://techcomm.kohler.com/techcomm/pdf/K-27724IN_spec_IN_Kohler_en.pdf,spec sheet,PDF,https://www.kohler.co.in/p/kohler-rain-duet-filter-shower-with-activated-charcoal-and-5-showering-modes-27724in?skuId=27724IN-CP,True,asset_003045
26290IN-CP,https://techcomm.kohler.com/techcomm/cad/26290IN.obj,3d model,OBJ,https://www.kohler.co.in/p/statement-three-function-showerhead-9-5-lpm-26290in?skuId=26290IN-CP,True,asset_000834
26290IN-CP,https://techcomm.kohler.com/techcomm/cad/26290IN.skp,3d model,SKP,https://www.kohler.co.in/p/statement-three-function-showerhead-9-5-lpm-26290in?skuId=26290IN-CP,True,asset_000835
26290IN-CP,https://techcomm.kohler.com/techcomm/cad/26290IN.3ds,3d model,3DS,https://www.kohler.co.in/p/statement-three-function-showerhead-9-5-lpm-26290in?skuId=26290IN-CP,True,asset_000831
26290IN-CP,https://techcomm.kohler.com/techcomm/cad/Shower-Showerhead-KOHLER-K-26290IN.rfa,3d model,RFA,https://www.kohler.co.in/p/statement-three-function-showerhead-9-5-lpm-26290in?skuId=26290IN-CP,True,asset_002642
26290IN-CP,https://techcomm.kohler.com/techcomm/cad/26290inpln.dxf,cad drawing,DXF,https://www.kohler.co.in/p/statement-three-function-showerhead-9-5-lpm-26290in?skuId=26290IN-CP,True,asset_000844
26290IN-CP,https://techcomm.kohler.com/techcomm/cad/26290inpln.dwg,cad drawing,DWG,https://www.kohler.co.in/p/statement-three-function-showerhead-9-5-lpm-26290in?skuId=26290IN-CP,True,asset_000843
26290IN-CP,https://techcomm.kohler.com/techcomm/cad/26290infrt.dxf,cad drawing,DXF,https://www.kohler.co.in/p/statement-three-function-showerhead-9-5-lpm-26290in?skuId=26290IN-CP,True,asset_000842
26290IN-CP,https://techcomm.kohler.com/techcomm/cad/26290infrt.dwg,cad drawing,DWG,https://www.kohler.co.in/p/statement-three-function-showerhead-9-5-lpm-26290in?skuId=26290IN-CP,True,asset_000841
26290IN-CP,https://techcomm.kohler.com/techcomm/cad/26290insde.dxf,cad drawing,DXF,https://www.kohler.co.in/p/statement-three-function-showerhead-9-5-lpm-26290in?skuId=26290IN-CP,True,asset_000846
26290IN-CP,https://techcomm.kohler.com/techcomm/cad/26290insde.dwg,cad drawing,DWG,https://www.kohler.co.in/p/statement-three-function-showerhead-9-5-lpm-26290in?skuId=26290IN-CP,True,asset_000845
26290IN-CP,https://techcomm.kohler.com/techcomm/cad/26290IN.dxf,cad drawing,DXF,https://www.kohler.co.in/p/statement-three-function-showerhead-9-5-lpm-26290in?skuId=26290IN-CP,True,asset_000833
26290IN-CP,https://techcomm.kohler.com/techcomm/cad/26290IN.dwg,cad drawing,DWG,https://www.kohler.co.in/p/statement-three-function-showerhead-9-5-lpm-26290in?skuId=26290IN-CP,True,asset_000832
26290IN-CP,https://techcomm.kohler.com/techcomm/pdf/K-26290IN_spec_IN_Kohler_en.pdf,spec sheet,PDF,https://www.kohler.co.in/p/statement-three-function-showerhead-9-5-lpm-26290in?skuId=26290IN-CP,True,asset_003015
26290IN-CP,https://techcomm.kohler.com/techcomm/pdf/1430509-IN2.pdf,installation,PDF,https://www.kohler.co.in/p/statement-three-function-showerhead-9-5-lpm-26290in?skuId=26290IN-CP,True,asset_002810
26855IN-CP,https://techcomm.kohler.com/techcomm/cad/26855IN.obj,3d model,OBJ,https://www.kohler.co.in/p/rain-max-square-254-mm-single-function-rainhead-22-lpm-26855in?skuId=26855IN-CP,True,asset_000966
26855IN-CP,https://techcomm.kohler.com/techcomm/cad/26855IN.skp,3d model,SKP,https://www.kohler.co.in/p/rain-max-square-254-mm-single-function-rainhead-22-lpm-26855in?skuId=26855IN-CP,True,asset_000967
26855IN-CP,https://techcomm.kohler.com/techcomm/cad/26855IN.3ds,3d model,3DS,https://www.kohler.co.in/p/rain-max-square-254-mm-single-function-rainhead-22-lpm-26855in?skuId=26855IN-CP,True,asset_000963
26855IN-CP,https://techcomm.kohler.com/techcomm/cad/Shower-Showerhead-KOHLER-Dual_Core-K-26855IN.rfa,3d model,RFA,https://www.kohler.co.in/p/rain-max-square-254-mm-single-function-rainhead-22-lpm-26855in?skuId=26855IN-CP,True,asset_002640
26855IN-CP,https://techcomm.kohler.com/techcomm/cad/26855inpln.dxf,cad drawing,DXF,https://www.kohler.co.in/p/rain-max-square-254-mm-single-function-rainhead-22-lpm-26855in?skuId=26855IN-CP,True,asset_000971
26855IN-CP,https://techcomm.kohler.com/techcomm/cad/26855inpln.dwg,cad drawing,DWG,https://www.kohler.co.in/p/rain-max-square-254-mm-single-function-rainhead-22-lpm-26855in?skuId=26855IN-CP,True,asset_000970
26855IN-CP,https://techcomm.kohler.com/techcomm/cad/26855infrt.dxf,cad drawing,DXF,https://www.kohler.co.in/p/rain-max-square-254-mm-single-function-rainhead-22-lpm-26855in?skuId=26855IN-CP,True,asset_000969
26855IN-CP,https://techcomm.kohler.com/techcomm/cad/26855infrt.dwg,cad drawing,DWG,https://www.kohler.co.in/p/rain-max-square-254-mm-single-function-rainhead-22-lpm-26855in?skuId=26855IN-CP,True,asset_000968
26855IN-CP,https://techcomm.kohler.com/techcomm/cad/26855insde.dxf,cad drawing,DXF,https://www.kohler.co.in/p/rain-max-square-254-mm-single-function-rainhead-22-lpm-26855in?skuId=26855IN-CP,True,asset_000973
26855IN-CP,https://techcomm.kohler.com/techcomm/cad/26855insde.dwg,cad drawing,DWG,https://www.kohler.co.in/p/rain-max-square-254-mm-single-function-rainhead-22-lpm-26855in?skuId=26855IN-CP,True,asset_000972
26855IN-CP,https://techcomm.kohler.com/techcomm/cad/26855IN.dxf,cad drawing,DXF,https://www.kohler.co.in/p/rain-max-square-254-mm-single-function-rainhead-22-lpm-26855in?skuId=26855IN-CP,True,asset_000965
26855IN-CP,https://techcomm.kohler.com/techcomm/cad/26855IN.dwg,cad drawing,DWG,https://www.kohler.co.in/p/rain-max-square-254-mm-single-function-rainhead-22-lpm-26855in?skuId=26855IN-CP,True,asset_000964
26855IN-CP,https://techcomm.kohler.com/techcomm/pdf/K-26855IN_spec_IN_Kohler_en.pdf,spec sheet,PDF,https://www.kohler.co.in/p/rain-max-square-254-mm-single-function-rainhead-22-lpm-26855in?skuId=26855IN-CP,True,asset_003032
26855IN-CP,https://techcomm.kohler.com/techcomm/pdf/1508929-IN2.pdf,installation,PDF,https://www.kohler.co.in/p/rain-max-square-254-mm-single-function-rainhead-22-lpm-26855in?skuId=26855IN-CP,True,asset_002846
73199IN-CP,https://techcomm.kohler.com/techcomm/cad/73199IN.obj,3d model,OBJ,https://www.kohler.co.in/p/rainduet-contemporary-square-200-mm-single-function-rainhead-8-7-lpm-73199in?skuId=73199IN-CP,True,asset_002044
73199IN-CP,https://techcomm.kohler.com/techcomm/cad/73199IN.skp,3d model,SKP,https://www.kohler.co.in/p/rainduet-contemporary-square-200-mm-single-function-rainhead-8-7-lpm-73199in?skuId=73199IN-CP,True,asset_002045
73199IN-CP,https://techcomm.kohler.com/techcomm/cad/73199IN.3ds,3d model,3DS,https://www.kohler.co.in/p/rainduet-contemporary-square-200-mm-single-function-rainhead-8-7-lpm-73199in?skuId=73199IN-CP,True,asset_002041
73199IN-CP,https://techcomm.kohler.com/techcomm/cad/Shower-Showerhead-KOHLER-Katalyst-K-73199IN.rfa,3d model,RFA,https://www.kohler.co.in/p/rainduet-contemporary-square-200-mm-single-function-rainhead-8-7-lpm-73199in?skuId=73199IN-CP,True,asset_002650
73199IN-CP,https://techcomm.kohler.com/techcomm/cad/73199inpln.dxf,cad drawing,DXF,https://www.kohler.co.in/p/rainduet-contemporary-square-200-mm-single-function-rainhead-8-7-lpm-73199in?skuId=73199IN-CP,True,asset_002049
73199IN-CP,https://techcomm.kohler.com/techcomm/cad/73199inpln.dwg,cad drawing,DWG,https://www.kohler.co.in/p/rainduet-contemporary-square-200-mm-single-function-rainhead-8-7-lpm-73199in?skuId=73199IN-CP,True,asset_002048
73199IN-CP,https://techcomm.kohler.com/techcomm/cad/73199infrt.dxf,cad drawing,DXF,https://www.kohler.co.in/p/rainduet-contemporary-square-200-mm-single-function-rainhead-8-7-lpm-73199in?skuId=73199IN-CP,True,asset_002047
73199IN-CP,https://techcomm.kohler.com/techcomm/cad/73199infrt.dwg,cad drawing,DWG,https://www.kohler.co.in/p/rainduet-contemporary-square-200-mm-single-function-rainhead-8-7-lpm-73199in?skuId=73199IN-CP,True,asset_002046
73199IN-CP,https://techcomm.kohler.com/techcomm/cad/73199insde.dxf,cad drawing,DXF,https://www.kohler.co.in/p/rainduet-contemporary-square-200-mm-single-function-rainhead-8-7-lpm-73199in?skuId=73199IN-CP,True,asset_002051
73199IN-CP,https://techcomm.kohler.com/techcomm/cad/73199insde.dwg,cad drawing,DWG,https://www.kohler.co.in/p/rainduet-contemporary-square-200-mm-single-function-rainhead-8-7-lpm-73199in?skuId=73199IN-CP,True,asset_002050
73199IN-CP,https://techcomm.kohler.com/techcomm/cad/73199IN.dxf,cad drawing,DXF,https://www.kohler.co.in/p/rainduet-contemporary-square-200-mm-single-function-rainhead-8-7-lpm-73199in?skuId=73199IN-CP,True,asset_002043
73199IN-CP,https://techcomm.kohler.com/techcomm/cad/73199IN.dwg,cad drawing,DWG,https://www.kohler.co.in/p/rainduet-contemporary-square-200-mm-single-function-rainhead-8-7-lpm-73199in?skuId=73199IN-CP,True,asset_002042
73199IN-CP,https://techcomm.kohler.com/techcomm/pdf/K-73199IN_spec_IN_Kohler_en.pdf,spec sheet,PDF,https://www.kohler.co.in/p/rainduet-contemporary-square-200-mm-single-function-rainhead-8-7-lpm-73199in?skuId=73199IN-CP,True,asset_003127
26856IN-CP,https://techcomm.kohler.com/techcomm/cad/26856IN.obj,3d model,OBJ,https://www.kohler.co.in/p/rain-max-square-305-mm-single-function-rainhead-22-lpm-26856in?skuId=26856IN-CP,True,asset_000977
26856IN-CP,https://techcomm.kohler.com/techcomm/cad/26856IN.skp,3d model,SKP,https://www.kohler.co.in/p/rain-max-square-305-mm-single-function-rainhead-22-lpm-26856in?skuId=26856IN-CP,True,asset_000978
26856IN-CP,https://techcomm.kohler.com/techcomm/cad/26856IN.3ds,3d model,3DS,https://www.kohler.co.in/p/rain-max-square-305-mm-single-function-rainhead-22-lpm-26856in?skuId=26856IN-CP,True,asset_000974
26856IN-CP,https://techcomm.kohler.com/techcomm/cad/Shower-Rainhead-KOHLER-Rain_Max-K-26856IN.rfa,3d model,RFA,https://www.kohler.co.in/p/rain-max-square-305-mm-single-function-rainhead-22-lpm-26856in?skuId=26856IN-CP,True,asset_002622
26856IN-CP,https://techcomm.kohler.com/techcomm/cad/Shower-Showerhead-KOHLER-Dual_Core-K-26856IN.rfa,3d model,RFA,https://www.kohler.co.in/p/rain-max-square-305-mm-single-function-rainhead-22-lpm-26856in?skuId=26856IN-CP,True,asset_002641
26856IN-CP,https://techcomm.kohler.com/techcomm/cad/26856inpln.dxf,cad drawing,DXF,https://www.kohler.co.in/p/rain-max-square-305-mm-single-function-rainhead-22-lpm-26856in?skuId=26856IN-CP,True,asset_000982
26856IN-CP,https://techcomm.kohler.com/techcomm/cad/26856inpln.dwg,cad drawing,DWG,https://www.kohler.co.in/p/rain-max-square-305-mm-single-function-rainhead-22-lpm-26856in?skuId=26856IN-CP,True,asset_000981
26856IN-CP,https://techcomm.kohler.com/techcomm/cad/26856infrt.dxf,cad drawing,DXF,https://www.kohler.co.in/p/rain-max-square-305-mm-single-function-rainhead-22-lpm-26856in?skuId=26856IN-CP,True,asset_000980
26856IN-CP,https://techcomm.kohler.com/techcomm/cad/26856infrt.dwg,cad drawing,DWG,https://www.kohler.co.in/p/rain-max-square-305-mm-single-function-rainhead-22-lpm-26856in?skuId=26856IN-CP,True,asset_000979
26856IN-CP,https://techcomm.kohler.com/techcomm/cad/26856insde.dxf,cad drawing,DXF,https://www.kohler.co.in/p/rain-max-square-305-mm-single-function-rainhead-22-lpm-26856in?skuId=26856IN-CP,True,asset_000984
26856IN-CP,https://techcomm.kohler.com/techcomm/cad/26856insde.dwg,cad drawing,DWG,https://www.kohler.co.in/p/rain-max-square-305-mm-single-function-rainhead-22-lpm-26856in?skuId=26856IN-CP,True,asset_000983
26856IN-CP,https://techcomm.kohler.com/techcomm/cad/26856IN.dxf,cad drawing,DXF,https://www.kohler.co.in/p/rain-max-square-305-mm-single-function-rainhead-22-lpm-26856in?skuId=26856IN-CP,True,asset_000976
26856IN-CP,https://techcomm.kohler.com/techcomm/cad/26856IN.dwg,cad drawing,DWG,https://www.kohler.co.in/p/rain-max-square-305-mm-single-function-rainhead-22-lpm-26856in?skuId=26856IN-CP,True,asset_000975
26856IN-CP,https://techcomm.kohler.com/techcomm/pdf/K-26856IN_spec_IN_Kohler_en.pdf,spec sheet,PDF,https://www.kohler.co.in/p/rain-max-square-305-mm-single-function-rainhead-22-lpm-26856in?skuId=26856IN-CP,True,asset_003033
26856IN-CP,https://techcomm.kohler.com/techcomm/pdf/1508929-IN2.pdf,installation,PDF,https://www.kohler.co.in/p/rain-max-square-305-mm-single-function-rainhead-22-lpm-26856in?skuId=26856IN-CP,True,asset_002846
26853IN-CP,https://techcomm.kohler.com/techcomm/cad/26853IN.obj,3d model,OBJ,https://www.kohler.co.in/p/rainduet-five-function-showerhead-14-0-lpm-26853in?skuId=26853IN-CP,True,asset_000955
26853IN-CP,https://techcomm.kohler.com/techcomm/cad/26853IN.skp,3d model,SKP,https://www.kohler.co.in/p/rainduet-five-function-showerhead-14-0-lpm-26853in?skuId=26853IN-CP,True,asset_000956
26853IN-CP,https://techcomm.kohler.com/techcomm/cad/26853IN.3ds,3d model,3DS,https://www.kohler.co.in/p/rainduet-five-function-showerhead-14-0-lpm-26853in?skuId=26853IN-CP,True,asset_000952
26853IN-CP,https://techcomm.kohler.com/techcomm/cad/Shower-Showerhead-KOHLER-RAIN_DUET-K-26853IN.rfa,3d model,RFA,https://www.kohler.co.in/p/rainduet-five-function-showerhead-14-0-lpm-26853in?skuId=26853IN-CP,True,asset_002656
26853IN-CP,https://techcomm.kohler.com/techcomm/cad/26853inpln.dxf,cad drawing,DXF,https://www.kohler.co.in/p/rainduet-five-function-showerhead-14-0-lpm-26853in?skuId=26853IN-CP,True,asset_000960
26853IN-CP,https://techcomm.kohler.com/techcomm/cad/26853inpln.dwg,cad drawing,DWG,https://www.kohler.co.in/p/rainduet-five-function-showerhead-14-0-lpm-26853in?skuId=26853IN-CP,True,asset_000959
26853IN-CP,https://techcomm.kohler.com/techcomm/cad/26853infrt.dxf,cad drawing,DXF,https://www.kohler.co.in/p/rainduet-five-function-showerhead-14-0-lpm-26853in?skuId=26853IN-CP,True,asset_000958
26853IN-CP,https://techcomm.kohler.com/techcomm/cad/26853infrt.dwg,cad drawing,DWG,https://www.kohler.co.in/p/rainduet-five-function-showerhead-14-0-lpm-26853in?skuId=26853IN-CP,True,asset_000957
26853IN-CP,https://techcomm.kohler.com/techcomm/cad/26853insde.dxf,cad drawing,DXF,https://www.kohler.co.in/p/rainduet-five-function-showerhead-14-0-lpm-26853in?skuId=26853IN-CP,True,asset_000962
26853IN-CP,https://techcomm.kohler.com/techcomm/cad/26853insde.dwg,cad drawing,DWG,https://www.kohler.co.in/p/rainduet-five-function-showerhead-14-0-lpm-26853in?skuId=26853IN-CP,True,asset_000961
26853IN-CP,https://techcomm.kohler.com/techcomm/cad/26853IN.dxf,cad drawing,DXF,https://www.kohler.co.in/p/rainduet-five-function-showerhead-14-0-lpm-26853in?skuId=26853IN-CP,True,asset_000954
26853IN-CP,https://techcomm.kohler.com/techcomm/cad/26853IN.dwg,cad drawing,DWG,https://www.kohler.co.in/p/rainduet-five-function-showerhead-14-0-lpm-26853in?skuId=26853IN-CP,True,asset_000953
26853IN-CP,https://techcomm.kohler.com/techcomm/pdf/K-26853IN_spec_IN_Kohler_en.pdf,spec sheet,PDF,https://www.kohler.co.in/p/rainduet-five-function-showerhead-14-0-lpm-26853in?skuId=26853IN-CP,True,asset_003031
24547IN-CP,https://techcomm.kohler.com/techcomm/cad/24547IN.obj,3d model,OBJ,https://www.kohler.co.in/p/daisyfield-multifunction-showerhead-9-6-lpm-24547in?skuId=24547IN-CP,True,asset_000648
24547IN-CP,https://techcomm.kohler.com/techcomm/cad/24547IN.skp,3d model,SKP,https://www.kohler.co.in/p/daisyfield-multifunction-showerhead-9-6-lpm-24547in?skuId=24547IN-CP,True,asset_000649
24547IN-CP,https://techcomm.kohler.com/techcomm/cad/24547IN.3ds,3d model,3DS,https://www.kohler.co.in/p/daisyfield-multifunction-showerhead-9-6-lpm-24547in?skuId=24547IN-CP,True,asset_000645
24547IN-CP,https://techcomm.kohler.com/techcomm/cad/Shower-Showerhead-KOHLER-Daisyfield-K-24547IN.rfa,3d model,RFA,https://www.kohler.co.in/p/daisyfield-multifunction-showerhead-9-6-lpm-24547in?skuId=24547IN-CP,True,asset_002639
24547IN-CP,https://techcomm.kohler.com/techcomm/cad/24547inpln.dxf,cad drawing,DXF,https://www.kohler.co.in/p/daisyfield-multifunction-showerhead-9-6-lpm-24547in?skuId=24547IN-CP,True,asset_000653
24547IN-CP,https://techcomm.kohler.com/techcomm/cad/24547inpln.dwg,cad drawing,DWG,https://www.kohler.co.in/p/daisyfield-multifunction-showerhead-9-6-lpm-24547in?skuId=24547IN-CP,True,asset_000652
24547IN-CP,https://techcomm.kohler.com/techcomm/cad/24547infrt.dxf,cad drawing,DXF,https://www.kohler.co.in/p/daisyfield-multifunction-showerhead-9-6-lpm-24547in?skuId=24547IN-CP,True,asset_000651
24547IN-CP,https://techcomm.kohler.com/techcomm/cad/24547infrt.dwg,cad drawing,DWG,https://www.kohler.co.in/p/daisyfield-multifunction-showerhead-9-6-lpm-24547in?skuId=24547IN-CP,True,asset_000650
24547IN-CP,https://techcomm.kohler.com/techcomm/cad/24547insde.dxf,cad drawing,DXF,https://www.kohler.co.in/p/daisyfield-multifunction-showerhead-9-6-lpm-24547in?skuId=24547IN-CP,True,asset_000655
24547IN-CP,https://techcomm.kohler.com/techcomm/cad/24547insde.dwg,cad drawing,DWG,https://www.kohler.co.in/p/daisyfield-multifunction-showerhead-9-6-lpm-24547in?skuId=24547IN-CP,True,asset_000654
24547IN-CP,https://techcomm.kohler.com/techcomm/cad/24547IN.dxf,cad drawing,DXF,https://www.kohler.co.in/p/daisyfield-multifunction-showerhead-9-6-lpm-24547in?skuId=24547IN-CP,True,asset_000647
24547IN-CP,https://techcomm.kohler.com/techcomm/cad/24547IN.dwg,cad drawing,DWG,https://www.kohler.co.in/p/daisyfield-multifunction-showerhead-9-6-lpm-24547in?skuId=24547IN-CP,True,asset_000646
24547IN-CP,https://techcomm.kohler.com/techcomm/pdf/K-24547IN_spec_IN_Kohler_en.pdf,spec sheet,PDF,https://www.kohler.co.in/p/daisyfield-multifunction-showerhead-9-6-lpm-24547in?skuId=24547IN-CP,True,asset_002996
73198IN-CP,https://techcomm.kohler.com/techcomm/cad/73198IN.obj,3d model,OBJ,https://www.kohler.co.in/p/203mm-round-katalyst-tm-rainhead-73198in?skuId=73198IN-CP,True,asset_002033
73198IN-CP,https://techcomm.kohler.com/techcomm/cad/73198IN.skp,3d model,SKP,https://www.kohler.co.in/p/203mm-round-katalyst-tm-rainhead-73198in?skuId=73198IN-CP,True,asset_002034
73198IN-CP,https://techcomm.kohler.com/techcomm/cad/73198IN.3ds,3d model,3DS,https://www.kohler.co.in/p/203mm-round-katalyst-tm-rainhead-73198in?skuId=73198IN-CP,True,asset_002032
73198IN-CP,https://techcomm.kohler.com/techcomm/cad/Shower-Showerhead-KOHLER-Katalyst-K-73198IN.rfa,3d model,RFA,https://www.kohler.co.in/p/203mm-round-katalyst-tm-rainhead-73198in?skuId=73198IN-CP,True,asset_002649
73198IN-CP,https://techcomm.kohler.com/techcomm/cad/73198inpln.dxf,cad drawing,DXF,https://www.kohler.co.in/p/203mm-round-katalyst-tm-rainhead-73198in?skuId=73198IN-CP,True,asset_002038
73198IN-CP,https://techcomm.kohler.com/techcomm/cad/73198inpln.dwg,cad drawing,DWG,https://www.kohler.co.in/p/203mm-round-katalyst-tm-rainhead-73198in?skuId=73198IN-CP,True,asset_002037
73198IN-CP,https://techcomm.kohler.com/techcomm/cad/73198infrt.dxf,cad drawing,DXF,https://www.kohler.co.in/p/203mm-round-katalyst-tm-rainhead-73198in?skuId=73198IN-CP,True,asset_002036
73198IN-CP,https://techcomm.kohler.com/techcomm/cad/73198infrt.dwg,cad drawing,DWG,https://www.kohler.co.in/p/203mm-round-katalyst-tm-rainhead-73198in?skuId=73198IN-CP,True,asset_002035
73198IN-CP,https://techcomm.kohler.com/techcomm/cad/73198insde.dxf,cad drawing,DXF,https://www.kohler.co.in/p/203mm-round-katalyst-tm-rainhead-73198in?skuId=73198IN-CP,True,asset_002040
73198IN-CP,https://techcomm.kohler.com/techcomm/cad/73198insde.dwg,cad drawing,DWG,https://www.kohler.co.in/p/203mm-round-katalyst-tm-rainhead-73198in?skuId=73198IN-CP,True,asset_002039
73198IN-CP,https://techcomm.kohler.com/techcomm/pdf/K-73198IN_spec_IN_Kohler_en.pdf,spec sheet,PDF,https://www.kohler.co.in/p/203mm-round-katalyst-tm-rainhead-73198in?skuId=73198IN-CP,True,asset_003126
22645IN-CP,https://techcomm.kohler.com/techcomm/cad/22645IN.obj,3d model,OBJ,https://www.kohler.co.in/p/parallel-square-127-mm-single-function-showerhead-9-0-lpm-22645in?skuId=22645IN-CP,True,asset_000549
22645IN-CP,https://techcomm.kohler.com/techcomm/cad/22645IN.skp,3d model,SKP,https://www.kohler.co.in/p/parallel-square-127-mm-single-function-showerhead-9-0-lpm-22645in?skuId=22645IN-CP,True,asset_000550
22645IN-CP,https://techcomm.kohler.com/techcomm/cad/22645IN.3ds,3d model,3DS,https://www.kohler.co.in/p/parallel-square-127-mm-single-function-showerhead-9-0-lpm-22645in?skuId=22645IN-CP,True,asset_000546
22645IN-CP,https://techcomm.kohler.com/techcomm/cad/Faucet-Lavatory-KOHLER-LOURE-K-28577T.rfa,3d model,RFA,https://www.kohler.co.in/p/parallel-square-127-mm-single-function-showerhead-9-0-lpm-22645in?skuId=22645IN-CP,True,asset_002531
22645IN-CP,https://techcomm.kohler.com/techcomm/cad/22645inpln.dxf,cad drawing,DXF,https://www.kohler.co.in/p/parallel-square-127-mm-single-function-showerhead-9-0-lpm-22645in?skuId=22645IN-CP,True,asset_000554
22645IN-CP,https://techcomm.kohler.com/techcomm/cad/22645inpln.dwg,cad drawing,DWG,https://www.kohler.co.in/p/parallel-square-127-mm-single-function-showerhead-9-0-lpm-22645in?skuId=22645IN-CP,True,asset_000553
22645IN-CP,https://techcomm.kohler.com/techcomm/cad/22645infrt.dxf,cad drawing,DXF,https://www.kohler.co.in/p/parallel-square-127-mm-single-function-showerhead-9-0-lpm-22645in?skuId=22645IN-CP,True,asset_000552
22645IN-CP,https://techcomm.kohler.com/techcomm/cad/22645infrt.dwg,cad drawing,DWG,https://www.kohler.co.in/p/parallel-square-127-mm-single-function-showerhead-9-0-lpm-22645in?skuId=22645IN-CP,True,asset_000551
22645IN-CP,https://techcomm.kohler.com/techcomm/cad/22645insde.dxf,cad drawing,DXF,https://www.kohler.co.in/p/parallel-square-127-mm-single-function-showerhead-9-0-lpm-22645in?skuId=22645IN-CP,True,asset_000556
22645IN-CP,https://techcomm.kohler.com/techcomm/cad/22645insde.dwg,cad drawing,DWG,https://www.kohler.co.in/p/parallel-square-127-mm-single-function-showerhead-9-0-lpm-22645in?skuId=22645IN-CP,True,asset_000555
22645IN-CP,https://techcomm.kohler.com/techcomm/cad/22645IN.dxf,cad drawing,DXF,https://www.kohler.co.in/p/parallel-square-127-mm-single-function-showerhead-9-0-lpm-22645in?skuId=22645IN-CP,True,asset_000548
22645IN-CP,https://techcomm.kohler.com/techcomm/cad/22645IN.dwg,cad drawing,DWG,https://www.kohler.co.in/p/parallel-square-127-mm-single-function-showerhead-9-0-lpm-22645in?skuId=22645IN-CP,True,asset_000547
22645IN-CP,https://techcomm.kohler.com/techcomm/pdf/K-22645IN_spec_IN_Kohler_en.pdf,spec sheet,PDF,https://www.kohler.co.in/p/parallel-square-127-mm-single-function-showerhead-9-0-lpm-22645in?skuId=22645IN-CP,True,asset_002987
16356IN-A-AF,https://techcomm.kohler.com/techcomm/cad/16356IN-A.obj,3d model,OBJ,https://www.kohler.co.in/p/sf-showerhead-with-arm-escutcheon-16356in-a?skuId=16356IN-A-AF,True,asset_000246
16356IN-A-AF,https://techcomm.kohler.com/techcomm/cad/16356IN-A.skp,3d model,SKP,https://www.kohler.co.in/p/sf-showerhead-with-arm-escutcheon-16356in-a?skuId=16356IN-A-AF,True,asset_000247
16356IN-A-AF,https://techcomm.kohler.com/techcomm/cad/16356IN-A.3ds,3d model,3DS,https://www.kohler.co.in/p/sf-showerhead-with-arm-escutcheon-16356in-a?skuId=16356IN-A-AF,True,asset_000243
16356IN-A-AF,https://techcomm.kohler.com/techcomm/cad/Shower-Showerhead_Kit-KOHLER-K-16356IN.rfa,3d model,RFA,https://www.kohler.co.in/p/sf-showerhead-with-arm-escutcheon-16356in-a?skuId=16356IN-A-AF,True,asset_002667
16356IN-A-AF,https://techcomm.kohler.com/techcomm/cad/16356in_apln.dxf,cad drawing,DXF,https://www.kohler.co.in/p/sf-showerhead-with-arm-escutcheon-16356in-a?skuId=16356IN-A-AF,True,asset_000251
16356IN-A-AF,https://techcomm.kohler.com/techcomm/cad/16356in_apln.dwg,cad drawing,DWG,https://www.kohler.co.in/p/sf-showerhead-with-arm-escutcheon-16356in-a?skuId=16356IN-A-AF,True,asset_000250
16356IN-A-AF,https://techcomm.kohler.com/techcomm/cad/16356in_afrt.dxf,cad drawing,DXF,https://www.kohler.co.in/p/sf-showerhead-with-arm-escutcheon-16356in-a?skuId=16356IN-A-AF,True,asset_000249
16356IN-A-AF,https://techcomm.kohler.com/techcomm/cad/16356in_afrt.dwg,cad drawing,DWG,https://www.kohler.co.in/p/sf-showerhead-with-arm-escutcheon-16356in-a?skuId=16356IN-A-AF,True,asset_000248
16356IN-A-AF,https://techcomm.kohler.com/techcomm/cad/16356in_asde.dxf,cad drawing,DXF,https://www.kohler.co.in/p/sf-showerhead-with-arm-escutcheon-16356in-a?skuId=16356IN-A-AF,True,asset_000253
16356IN-A-AF,https://techcomm.kohler.com/techcomm/cad/16356in_asde.dwg,cad drawing,DWG,https://www.kohler.co.in/p/sf-showerhead-with-arm-escutcheon-16356in-a?skuId=16356IN-A-AF,True,asset_000252
16356IN-A-AF,https://techcomm.kohler.com/techcomm/cad/16356IN-A.dxf,cad drawing,DXF,https://www.kohler.co.in/p/sf-showerhead-with-arm-escutcheon-16356in-a?skuId=16356IN-A-AF,True,asset_000245
16356IN-A-AF,https://techcomm.kohler.com/techcomm/cad/16356IN-A.dwg,cad drawing,DWG,https://www.kohler.co.in/p/sf-showerhead-with-arm-escutcheon-16356in-a?skuId=16356IN-A-AF,True,asset_000244
16356IN-A-AF,https://techcomm.kohler.com/techcomm/pdf/K-16356IN-A_spec_IN_Kohler_en.pdf,spec sheet,PDF,https://www.kohler.co.in/p/sf-showerhead-with-arm-escutcheon-16356in-a?skuId=16356IN-A-AF,True,asset_002948
16356IN-A-AF,https://techcomm.kohler.com/techcomm/pdf/1667467-24.pdf,environmental document,PDF,https://www.kohler.co.in/p/sf-showerhead-with-arm-escutcheon-16356in-a?skuId=16356IN-A-AF,True,asset_002899
73040IN-CL-CP,https://techcomm.kohler.com/techcomm/cad/73040IN-CL.obj,3d model,OBJ,https://www.kohler.co.in/p/rainduet-edge-square-254-mm-single-function-rainhead-9-5-lpm-73040in-cl?skuId=73040IN-CL-CP,True,asset_001949
73040IN-CL-CP,https://techcomm.kohler.com/techcomm/cad/73040IN-CL.skp,3d model,SKP,https://www.kohler.co.in/p/rainduet-edge-square-254-mm-single-function-rainhead-9-5-lpm-73040in-cl?skuId=73040IN-CL-CP,True,asset_001950
73040IN-CL-CP,https://techcomm.kohler.com/techcomm/cad/73040IN-CL.3ds,3d model,3DS,https://www.kohler.co.in/p/rainduet-edge-square-254-mm-single-function-rainhead-9-5-lpm-73040in-cl?skuId=73040IN-CL-CP,True,asset_001946
73040IN-CL-CP,https://techcomm.kohler.com/techcomm/cad/Shower-Showerhead-KOHLER-Rainduet-K-73040IN.rfa,3d model,RFA,https://www.kohler.co.in/p/rainduet-edge-square-254-mm-single-function-rainhead-9-5-lpm-73040in-cl?skuId=73040IN-CL-CP,True,asset_002663
73040IN-CL-CP,https://techcomm.kohler.com/techcomm/cad/73040in_clpln.dxf,cad drawing,DXF,https://www.kohler.co.in/p/rainduet-edge-square-254-mm-single-function-rainhead-9-5-lpm-73040in-cl?skuId=73040IN-CL-CP,True,asset_001954
73040IN-CL-CP,https://techcomm.kohler.com/techcomm/cad/73040in_clpln.dwg,cad drawing,DWG,https://www.kohler.co.in/p/rainduet-edge-square-254-mm-single-function-rainhead-9-5-lpm-73040in-cl?skuId=73040IN-CL-CP,True,asset_001953
73040IN-CL-CP,https://techcomm.kohler.com/techcomm/cad/73040in_clfrt.dxf,cad drawing,DXF,https://www.kohler.co.in/p/rainduet-edge-square-254-mm-single-function-rainhead-9-5-lpm-73040in-cl?skuId=73040IN-CL-CP,True,asset_001952
73040IN-CL-CP,https://techcomm.kohler.com/techcomm/cad/73040in_clfrt.dwg,cad drawing,DWG,https://www.kohler.co.in/p/rainduet-edge-square-254-mm-single-function-rainhead-9-5-lpm-73040in-cl?skuId=73040IN-CL-CP,True,asset_001951
73040IN-CL-CP,https://techcomm.kohler.com/techcomm/cad/73040in_clsde.dxf,cad drawing,DXF,https://www.kohler.co.in/p/rainduet-edge-square-254-mm-single-function-rainhead-9-5-lpm-73040in-cl?skuId=73040IN-CL-CP,True,asset_001956
73040IN-CL-CP,https://techcomm.kohler.com/techcomm/cad/73040in_clsde.dwg,cad drawing,DWG,https://www.kohler.co.in/p/rainduet-edge-square-254-mm-single-function-rainhead-9-5-lpm-73040in-cl?skuId=73040IN-CL-CP,True,asset_001955
73040IN-CL-CP,https://techcomm.kohler.com/techcomm/cad/73040IN-CL.dxf,cad drawing,DXF,https://www.kohler.co.in/p/rainduet-edge-square-254-mm-single-function-rainhead-9-5-lpm-73040in-cl?skuId=73040IN-CL-CP,True,asset_001948
73040IN-CL-CP,https://techcomm.kohler.com/techcomm/cad/73040IN-CL.dwg,cad drawing,DWG,https://www.kohler.co.in/p/rainduet-edge-square-254-mm-single-function-rainhead-9-5-lpm-73040in-cl?skuId=73040IN-CL-CP,True,asset_001947
73040IN-CL-CP,https://techcomm.kohler.com/techcomm/pdf/K-73040IN-CL_spec_IN_Kohler_en.pdf,spec sheet,PDF,https://www.kohler.co.in/p/rainduet-edge-square-254-mm-single-function-rainhead-9-5-lpm-73040in-cl?skuId=73040IN-CL-CP,True,asset_003114
73038IN-CL-CP,https://techcomm.kohler.com/techcomm/cad/73038IN-CL.obj,3d model,OBJ,https://www.kohler.co.in/p/rain-duet-edge-square-203-mm-single-function-rainhead-73038in-cl?skuId=73038IN-CL-CP,True,asset_001927
73038IN-CL-CP,https://techcomm.kohler.com/techcomm/cad/73038IN-CL.skp,3d model,SKP,https://www.kohler.co.in/p/rain-duet-edge-square-203-mm-single-function-rainhead-73038in-cl?skuId=73038IN-CL-CP,True,asset_001928
73038IN-CL-CP,https://techcomm.kohler.com/techcomm/cad/73038IN-CL.3ds,3d model,3DS,https://www.kohler.co.in/p/rain-duet-edge-square-203-mm-single-function-rainhead-73038in-cl?skuId=73038IN-CL-CP,True,asset_001924
73038IN-CL-CP,https://techcomm.kohler.com/techcomm/cad/Shower-Showerhead-KOHLER-Rainduet-K-73038IN.rfa,3d model,RFA,https://www.kohler.co.in/p/rain-duet-edge-square-203-mm-single-function-rainhead-73038in-cl?skuId=73038IN-CL-CP,True,asset_002661
73038IN-CL-CP,https://techcomm.kohler.com/techcomm/cad/73038in_clpln.dxf,cad drawing,DXF,https://www.kohler.co.in/p/rain-duet-edge-square-203-mm-single-function-rainhead-73038in-cl?skuId=73038IN-CL-CP,True,asset_001932
73038IN-CL-CP,https://techcomm.kohler.com/techcomm/cad/73038in_clpln.dwg,cad drawing,DWG,https://www.kohler.co.in/p/rain-duet-edge-square-203-mm-single-function-rainhead-73038in-cl?skuId=73038IN-CL-CP,True,asset_001931
73038IN-CL-CP,https://techcomm.kohler.com/techcomm/cad/73038in_clfrt.dxf,cad drawing,DXF,https://www.kohler.co.in/p/rain-duet-edge-square-203-mm-single-function-rainhead-73038in-cl?skuId=73038IN-CL-CP,True,asset_001930
73038IN-CL-CP,https://techcomm.kohler.com/techcomm/cad/73038in_clfrt.dwg,cad drawing,DWG,https://www.kohler.co.in/p/rain-duet-edge-square-203-mm-single-function-rainhead-73038in-cl?skuId=73038IN-CL-CP,True,asset_001929
73038IN-CL-CP,https://techcomm.kohler.com/techcomm/cad/73038in_clsde.dxf,cad drawing,DXF,https://www.kohler.co.in/p/rain-duet-edge-square-203-mm-single-function-rainhead-73038in-cl?skuId=73038IN-CL-CP,True,asset_001934
73038IN-CL-CP,https://techcomm.kohler.com/techcomm/cad/73038in_clsde.dwg,cad drawing,DWG,https://www.kohler.co.in/p/rain-duet-edge-square-203-mm-single-function-rainhead-73038in-cl?skuId=73038IN-CL-CP,True,asset_001933
73038IN-CL-CP,https://techcomm.kohler.com/techcomm/cad/73038IN-CL.dxf,cad drawing,DXF,https://www.kohler.co.in/p/rain-duet-edge-square-203-mm-single-function-rainhead-73038in-cl?skuId=73038IN-CL-CP,True,asset_001926
73038IN-CL-CP,https://techcomm.kohler.com/techcomm/cad/73038IN-CL.dwg,cad drawing,DWG,https://www.kohler.co.in/p/rain-duet-edge-square-203-mm-single-function-rainhead-73038in-cl?skuId=73038IN-CL-CP,True,asset_001925
73038IN-CL-CP,https://techcomm.kohler.com/techcomm/pdf/K-73038IN-CL_spec_IN_Kohler_en.pdf,spec sheet,PDF,https://www.kohler.co.in/p/rain-duet-edge-square-203-mm-single-function-rainhead-73038in-cl?skuId=73038IN-CL-CP,True,asset_003112
24613IN-CP,https://techcomm.kohler.com/techcomm/cad/24613in.obj,3d model,OBJ,https://www.kohler.co.in/p/arise-single-function-lighted-showerhead-9-5-lpm-24613in?skuId=24613IN-CP,True,asset_000659
24613IN-CP,https://techcomm.kohler.com/techcomm/cad/24613in.skp,3d model,SKP,https://www.kohler.co.in/p/arise-single-function-lighted-showerhead-9-5-lpm-24613in?skuId=24613IN-CP,True,asset_000660
24613IN-CP,https://techcomm.kohler.com/techcomm/cad/24613in.3ds,3d model,3DS,https://www.kohler.co.in/p/arise-single-function-lighted-showerhead-9-5-lpm-24613in?skuId=24613IN-CP,True,asset_000656
24613IN-CP,https://techcomm.kohler.com/techcomm/cad/Shower-Showerhead-KOHLER-Arise-K-24613IN.rfa,3d model,RFA,https://www.kohler.co.in/p/arise-single-function-lighted-showerhead-9-5-lpm-24613in?skuId=24613IN-CP,True,asset_002637
24613IN-CP,https://techcomm.kohler.com/techcomm/cad/24613inpln.dxf,cad drawing,DXF,https://www.kohler.co.in/p/arise-single-function-lighted-showerhead-9-5-lpm-24613in?skuId=24613IN-CP,True,asset_000664
24613IN-CP,https://techcomm.kohler.com/techcomm/cad/24613inpln.dwg,cad drawing,DWG,https://www.kohler.co.in/p/arise-single-function-lighted-showerhead-9-5-lpm-24613in?skuId=24613IN-CP,True,asset_000663
24613IN-CP,https://techcomm.kohler.com/techcomm/cad/24613infrt.dxf,cad drawing,DXF,https://www.kohler.co.in/p/arise-single-function-lighted-showerhead-9-5-lpm-24613in?skuId=24613IN-CP,True,asset_000662
24613IN-CP,https://techcomm.kohler.com/techcomm/cad/24613infrt.dwg,cad drawing,DWG,https://www.kohler.co.in/p/arise-single-function-lighted-showerhead-9-5-lpm-24613in?skuId=24613IN-CP,True,asset_000661
24613IN-CP,https://techcomm.kohler.com/techcomm/cad/24613insde.dxf,cad drawing,DXF,https://www.kohler.co.in/p/arise-single-function-lighted-showerhead-9-5-lpm-24613in?skuId=24613IN-CP,True,asset_000666
24613IN-CP,https://techcomm.kohler.com/techcomm/cad/24613insde.dwg,cad drawing,DWG,https://www.kohler.co.in/p/arise-single-function-lighted-showerhead-9-5-lpm-24613in?skuId=24613IN-CP,True,asset_000665
24613IN-CP,https://techcomm.kohler.com/techcomm/cad/24613in.dxf,cad drawing,DXF,https://www.kohler.co.in/p/arise-single-function-lighted-showerhead-9-5-lpm-24613in?skuId=24613IN-CP,True,asset_000658
24613IN-CP,https://techcomm.kohler.com/techcomm/cad/24613in.dwg,cad drawing,DWG,https://www.kohler.co.in/p/arise-single-function-lighted-showerhead-9-5-lpm-24613in?skuId=24613IN-CP,True,asset_000657
24613IN-CP,https://techcomm.kohler.com/techcomm/pdf/K-24613IN_spec_IN_Kohler_en.pdf,spec sheet,PDF,https://www.kohler.co.in/p/arise-single-function-lighted-showerhead-9-5-lpm-24613in?skuId=24613IN-CP,True,asset_002997
27731IN-CP,https://techcomm.kohler.com/techcomm/cad/27731IN.obj,3d model,OBJ,https://www.kohler.co.in/p/modernlife-flow-330x230mm-rainhead-27731in?skuId=27731IN-CP,True,asset_001123
27731IN-CP,https://techcomm.kohler.com/techcomm/cad/27731IN.skp,3d model,SKP,https://www.kohler.co.in/p/modernlife-flow-330x230mm-rainhead-27731in?skuId=27731IN-CP,True,asset_001124
27731IN-CP,https://techcomm.kohler.com/techcomm/cad/27731IN.3ds,3d model,3DS,https://www.kohler.co.in/p/modernlife-flow-330x230mm-rainhead-27731in?skuId=27731IN-CP,True,asset_001120
27731IN-CP,https://techcomm.kohler.com/techcomm/cad/Shower-Showerhead-KOHLER-Modern_Life-K-27731IN.rfa,3d model,RFA,https://www.kohler.co.in/p/modernlife-flow-330x230mm-rainhead-27731in?skuId=27731IN-CP,True,asset_002653
27731IN-CP,https://techcomm.kohler.com/techcomm/cad/Shower-Rainhead-KOHLER-BEITOU-K-27731IN.rfa,3d model,RFA,https://www.kohler.co.in/p/modernlife-flow-330x230mm-rainhead-27731in?skuId=27731IN-CP,True,asset_002615
27731IN-CP,https://techcomm.kohler.com/techcomm/cad/27731inpln.dxf,cad drawing,DXF,https://www.kohler.co.in/p/modernlife-flow-330x230mm-rainhead-27731in?skuId=27731IN-CP,True,asset_001128
27731IN-CP,https://techcomm.kohler.com/techcomm/cad/27731inpln.dwg,cad drawing,DWG,https://www.kohler.co.in/p/modernlife-flow-330x230mm-rainhead-27731in?skuId=27731IN-CP,True,asset_001127
27731IN-CP,https://techcomm.kohler.com/techcomm/cad/27731infrt.dxf,cad drawing,DXF,https://www.kohler.co.in/p/modernlife-flow-330x230mm-rainhead-27731in?skuId=27731IN-CP,True,asset_001126
27731IN-CP,https://techcomm.kohler.com/techcomm/cad/27731infrt.dwg,cad drawing,DWG,https://www.kohler.co.in/p/modernlife-flow-330x230mm-rainhead-27731in?skuId=27731IN-CP,True,asset_001125
27731IN-CP,https://techcomm.kohler.com/techcomm/cad/27731insde.dxf,cad drawing,DXF,https://www.kohler.co.in/p/modernlife-flow-330x230mm-rainhead-27731in?skuId=27731IN-CP,True,asset_001130
27731IN-CP,https://techcomm.kohler.com/techcomm/cad/27731insde.dwg,cad drawing,DWG,https://www.kohler.co.in/p/modernlife-flow-330x230mm-rainhead-27731in?skuId=27731IN-CP,True,asset_001129
27731IN-CP,https://techcomm.kohler.com/techcomm/cad/27731IN.dxf,cad drawing,DXF,https://www.kohler.co.in/p/modernlife-flow-330x230mm-rainhead-27731in?skuId=27731IN-CP,True,asset_001122
27731IN-CP,https://techcomm.kohler.com/techcomm/cad/27731IN.dwg,cad drawing,DWG,https://www.kohler.co.in/p/modernlife-flow-330x230mm-rainhead-27731in?skuId=27731IN-CP,True,asset_001121
27731IN-CP,https://techcomm.kohler.com/techcomm/pdf/K-27731IN_spec_IN_Kohler_en.pdf,spec sheet,PDF,https://www.kohler.co.in/p/modernlife-flow-330x230mm-rainhead-27731in?skuId=27731IN-CP,True,asset_003046
75924IN-CP,https://techcomm.kohler.com/techcomm/cad/75924IN.obj,3d model,OBJ,https://www.kohler.co.in/p/rainduet-multifunction-showerhead-75924in?skuId=75924IN-CP,True,asset_002082
75924IN-CP,https://techcomm.kohler.com/techcomm/cad/75924IN.skp,3d model,SKP,https://www.kohler.co.in/p/rainduet-multifunction-showerhead-75924in?skuId=75924IN-CP,True,asset_002083
75924IN-CP,https://techcomm.kohler.com/techcomm/cad/75924IN.3ds,3d model,3DS,https://www.kohler.co.in/p/rainduet-multifunction-showerhead-75924in?skuId=75924IN-CP,True,asset_002079
75924IN-CP,https://techcomm.kohler.com/techcomm/cad/Shower-Showerhead-KOHLER-Rainduet-K-75924IN.rfa,3d model,RFA,https://www.kohler.co.in/p/rainduet-multifunction-showerhead-75924in?skuId=75924IN-CP,True,asset_002664
75924IN-CP,https://techcomm.kohler.com/techcomm/cad/75924inpln.dxf,cad drawing,DXF,https://www.kohler.co.in/p/rainduet-multifunction-showerhead-75924in?skuId=75924IN-CP,True,asset_002087
75924IN-CP,https://techcomm.kohler.com/techcomm/cad/75924inpln.dwg,cad drawing,DWG,https://www.kohler.co.in/p/rainduet-multifunction-showerhead-75924in?skuId=75924IN-CP,True,asset_002086
75924IN-CP,https://techcomm.kohler.com/techcomm/cad/75924infrt.dxf,cad drawing,DXF,https://www.kohler.co.in/p/rainduet-multifunction-showerhead-75924in?skuId=75924IN-CP,True,asset_002085
75924IN-CP,https://techcomm.kohler.com/techcomm/cad/75924infrt.dwg,cad drawing,DWG,https://www.kohler.co.in/p/rainduet-multifunction-showerhead-75924in?skuId=75924IN-CP,True,asset_002084
75924IN-CP,https://techcomm.kohler.com/techcomm/cad/75924insde.dxf,cad drawing,DXF,https://www.kohler.co.in/p/rainduet-multifunction-showerhead-75924in?skuId=75924IN-CP,True,asset_002089
75924IN-CP,https://techcomm.kohler.com/techcomm/cad/75924insde.dwg,cad drawing,DWG,https://www.kohler.co.in/p/rainduet-multifunction-showerhead-75924in?skuId=75924IN-CP,True,asset_002088
75924IN-CP,https://techcomm.kohler.com/techcomm/cad/75924IN.dxf,cad drawing,DXF,https://www.kohler.co.in/p/rainduet-multifunction-showerhead-75924in?skuId=75924IN-CP,True,asset_002081
75924IN-CP,https://techcomm.kohler.com/techcomm/cad/75924IN.dwg,cad drawing,DWG,https://www.kohler.co.in/p/rainduet-multifunction-showerhead-75924in?skuId=75924IN-CP,True,asset_002080
26290T-2MB,https://techcomm.kohler.com/techcomm/cad/26290T.obj,3d model,OBJ,https://www.kohler.co.in/p/statement-three-function-showerhead-9-5-lpm-26290t?skuId=26290T-2MB,True,asset_000839
26290T-2MB,https://techcomm.kohler.com/techcomm/cad/26290T.skp,3d model,SKP,https://www.kohler.co.in/p/statement-three-function-showerhead-9-5-lpm-26290t?skuId=26290T-2MB,True,asset_000840
26290T-2MB,https://techcomm.kohler.com/techcomm/cad/26290T.3ds,3d model,3DS,https://www.kohler.co.in/p/statement-three-function-showerhead-9-5-lpm-26290t?skuId=26290T-2MB,True,asset_000836
26290T-2MB,https://techcomm.kohler.com/techcomm/cad/Shower-Showerhead-KOHLER-K-26290T.rfa,3d model,RFA,https://www.kohler.co.in/p/statement-three-function-showerhead-9-5-lpm-26290t?skuId=26290T-2MB,True,asset_002643
26290T-2MB,https://techcomm.kohler.com/techcomm/cad/26290tpln.dxf,cad drawing,DXF,https://www.kohler.co.in/p/statement-three-function-showerhead-9-5-lpm-26290t?skuId=26290T-2MB,True,asset_000850
26290T-2MB,https://techcomm.kohler.com/techcomm/cad/26290tpln.dwg,cad drawing,DWG,https://www.kohler.co.in/p/statement-three-function-showerhead-9-5-lpm-26290t?skuId=26290T-2MB,True,asset_000849
26290T-2MB,https://techcomm.kohler.com/techcomm/cad/26290tfrt.dxf,cad drawing,DXF,https://www.kohler.co.in/p/statement-three-function-showerhead-9-5-lpm-26290t?skuId=26290T-2MB,True,asset_000848
26290T-2MB,https://techcomm.kohler.com/techcomm/cad/26290tfrt.dwg,cad drawing,DWG,https://www.kohler.co.in/p/statement-three-function-showerhead-9-5-lpm-26290t?skuId=26290T-2MB,True,asset_000847
26290T-2MB,https://techcomm.kohler.com/techcomm/cad/26290tsde.dxf,cad drawing,DXF,https://www.kohler.co.in/p/statement-three-function-showerhead-9-5-lpm-26290t?skuId=26290T-2MB,True,asset_000852
26290T-2MB,https://techcomm.kohler.com/techcomm/cad/26290tsde.dwg,cad drawing,DWG,https://www.kohler.co.in/p/statement-three-function-showerhead-9-5-lpm-26290t?skuId=26290T-2MB,True,asset_000851
26290T-2MB,https://techcomm.kohler.com/techcomm/cad/26290T.dxf,cad drawing,DXF,https://www.kohler.co.in/p/statement-three-function-showerhead-9-5-lpm-26290t?skuId=26290T-2MB,True,asset_000838
26290T-2MB,https://techcomm.kohler.com/techcomm/cad/26290T.dwg,cad drawing,DWG,https://www.kohler.co.in/p/statement-three-function-showerhead-9-5-lpm-26290t?skuId=26290T-2MB,True,asset_000837
26290T-2MB,https://techcomm.kohler.com/techcomm/pdf/K-26290T_spec_AP_Kohler_en.pdf,spec sheet,PDF,https://www.kohler.co.in/p/statement-three-function-showerhead-9-5-lpm-26290t?skuId=26290T-2MB,True,asset_003016
26290T-2MB,https://techcomm.kohler.com/techcomm/pdf/K-26290T_spec_IN_Kohler_en.pdf,spec sheet,PDF,https://www.kohler.co.in/p/statement-three-function-showerhead-9-5-lpm-26290t?skuId=26290T-2MB,True,asset_003017
26290T-2MB,https://techcomm.kohler.com/techcomm/pdf/1430509-T2.pdf,installation,PDF,https://www.kohler.co.in/p/statement-three-function-showerhead-9-5-lpm-26290t?skuId=26290T-2MB,True,asset_002811
26290T-2MB,https://techcomm.kohler.com/techcomm/pdf/1430509-T8 (26290T).pdf,parts,PDF,https://www.kohler.co.in/p/statement-three-function-showerhead-9-5-lpm-26290t?skuId=26290T-2MB,True,asset_002812
26294IN-AF,https://techcomm.kohler.com/techcomm/cad/26294IN.obj,3d model,OBJ,https://www.kohler.co.in/p/statement-oblong-353-mm-single-function-rainhead-9-5-lpm-26294in?skuId=26294IN-AF,True,asset_000856
26294IN-AF,https://techcomm.kohler.com/techcomm/cad/26294IN.skp,3d model,SKP,https://www.kohler.co.in/p/statement-oblong-353-mm-single-function-rainhead-9-5-lpm-26294in?skuId=26294IN-AF,True,asset_000857
26294IN-AF,https://techcomm.kohler.com/techcomm/cad/26294IN.3ds,3d model,3DS,https://www.kohler.co.in/p/statement-oblong-353-mm-single-function-rainhead-9-5-lpm-26294in?skuId=26294IN-AF,True,asset_000853
26294IN-AF,https://techcomm.kohler.com/techcomm/cad/Shower-Rainhead-KOHLER-K-26294IN.rfa,3d model,RFA,https://www.kohler.co.in/p/statement-oblong-353-mm-single-function-rainhead-9-5-lpm-26294in?skuId=26294IN-AF,True,asset_002618
26294IN-AF,https://techcomm.kohler.com/techcomm/cad/26294inpln.dxf,cad drawing,DXF,https://www.kohler.co.in/p/statement-oblong-353-mm-single-function-rainhead-9-5-lpm-26294in?skuId=26294IN-AF,True,asset_000866
26294IN-AF,https://techcomm.kohler.com/techcomm/cad/26294inpln.dwg,cad drawing,DWG,https://www.kohler.co.in/p/statement-oblong-353-mm-single-function-rainhead-9-5-lpm-26294in?skuId=26294IN-AF,True,asset_000865
26294IN-AF,https://techcomm.kohler.com/techcomm/cad/26294infrt.dxf,cad drawing,DXF,https://www.kohler.co.in/p/statement-oblong-353-mm-single-function-rainhead-9-5-lpm-26294in?skuId=26294IN-AF,True,asset_000864
26294IN-AF,https://techcomm.kohler.com/techcomm/cad/26294infrt.dwg,cad drawing,DWG,https://www.kohler.co.in/p/statement-oblong-353-mm-single-function-rainhead-9-5-lpm-26294in?skuId=26294IN-AF,True,asset_000863
26294IN-AF,https://techcomm.kohler.com/techcomm/cad/26294insde.dxf,cad drawing,DXF,https://www.kohler.co.in/p/statement-oblong-353-mm-single-function-rainhead-9-5-lpm-26294in?skuId=26294IN-AF,True,asset_000868
26294IN-AF,https://techcomm.kohler.com/techcomm/cad/26294insde.dwg,cad drawing,DWG,https://www.kohler.co.in/p/statement-oblong-353-mm-single-function-rainhead-9-5-lpm-26294in?skuId=26294IN-AF,True,asset_000867
26294IN-AF,https://techcomm.kohler.com/techcomm/cad/26294IN.dxf,cad drawing,DXF,https://www.kohler.co.in/p/statement-oblong-353-mm-single-function-rainhead-9-5-lpm-26294in?skuId=26294IN-AF,True,asset_000855
26294IN-AF,https://techcomm.kohler.com/techcomm/cad/26294IN.dwg,cad drawing,DWG,https://www.kohler.co.in/p/statement-oblong-353-mm-single-function-rainhead-9-5-lpm-26294in?skuId=26294IN-AF,True,asset_000854
26294IN-AF,https://techcomm.kohler.com/techcomm/pdf/K-26294IN_spec_IN_Kohler_en.pdf,spec sheet,PDF,https://www.kohler.co.in/p/statement-oblong-353-mm-single-function-rainhead-9-5-lpm-26294in?skuId=26294IN-AF,True,asset_003018
26294IN-AF,https://techcomm.kohler.com/techcomm/pdf/1430510-IN2.pdf,installation,PDF,https://www.kohler.co.in/p/statement-oblong-353-mm-single-function-rainhead-9-5-lpm-26294in?skuId=26294IN-AF,True,asset_002813
26294T-2MB,https://techcomm.kohler.com/techcomm/cad/26294T.obj,3d model,OBJ,https://www.kohler.co.in/p/statement-oblong-353-mm-single-function-rainhead-9-5-lpm-26294t?skuId=26294T-2MB,True,asset_000861
26294T-2MB,https://techcomm.kohler.com/techcomm/cad/26294T.skp,3d model,SKP,https://www.kohler.co.in/p/statement-oblong-353-mm-single-function-rainhead-9-5-lpm-26294t?skuId=26294T-2MB,True,asset_000862
26294T-2MB,https://techcomm.kohler.com/techcomm/cad/26294T.3ds,3d model,3DS,https://www.kohler.co.in/p/statement-oblong-353-mm-single-function-rainhead-9-5-lpm-26294t?skuId=26294T-2MB,True,asset_000858
26294T-2MB,https://techcomm.kohler.com/techcomm/cad/Shower-Rainhead-KOHLER-K-26294T.rfa,3d model,RFA,https://www.kohler.co.in/p/statement-oblong-353-mm-single-function-rainhead-9-5-lpm-26294t?skuId=26294T-2MB,True,asset_002619
26294T-2MB,https://techcomm.kohler.com/techcomm/cad/Shower-Rainhead-KOHLER-Statement-K-26294T.zip,3d model,RFA,https://www.kohler.co.in/p/statement-oblong-353-mm-single-function-rainhead-9-5-lpm-26294t?skuId=26294T-2MB,True,asset_002623
26294T-2MB,https://techcomm.kohler.com/techcomm/cad/26294tpln.dxf,cad drawing,DXF,https://www.kohler.co.in/p/statement-oblong-353-mm-single-function-rainhead-9-5-lpm-26294t?skuId=26294T-2MB,True,asset_000872
26294T-2MB,https://techcomm.kohler.com/techcomm/cad/26294tpln.dwg,cad drawing,DWG,https://www.kohler.co.in/p/statement-oblong-353-mm-single-function-rainhead-9-5-lpm-26294t?skuId=26294T-2MB,True,asset_000871
26294T-2MB,https://techcomm.kohler.com/techcomm/cad/26294tfrt.dxf,cad drawing,DXF,https://www.kohler.co.in/p/statement-oblong-353-mm-single-function-rainhead-9-5-lpm-26294t?skuId=26294T-2MB,True,asset_000870
26294T-2MB,https://techcomm.kohler.com/techcomm/cad/26294tfrt.dwg,cad drawing,DWG,https://www.kohler.co.in/p/statement-oblong-353-mm-single-function-rainhead-9-5-lpm-26294t?skuId=26294T-2MB,True,asset_000869
26294T-2MB,https://techcomm.kohler.com/techcomm/cad/26294tsde.dxf,cad drawing,DXF,https://www.kohler.co.in/p/statement-oblong-353-mm-single-function-rainhead-9-5-lpm-26294t?skuId=26294T-2MB,True,asset_000874
26294T-2MB,https://techcomm.kohler.com/techcomm/cad/26294tsde.dwg,cad drawing,DWG,https://www.kohler.co.in/p/statement-oblong-353-mm-single-function-rainhead-9-5-lpm-26294t?skuId=26294T-2MB,True,asset_000873
26294T-2MB,https://techcomm.kohler.com/techcomm/cad/26294T.dxf,cad drawing,DXF,https://www.kohler.co.in/p/statement-oblong-353-mm-single-function-rainhead-9-5-lpm-26294t?skuId=26294T-2MB,True,asset_000860
26294T-2MB,https://techcomm.kohler.com/techcomm/cad/26294T.dwg,cad drawing,DWG,https://www.kohler.co.in/p/statement-oblong-353-mm-single-function-rainhead-9-5-lpm-26294t?skuId=26294T-2MB,True,asset_000859
26294T-2MB,https://techcomm.kohler.com/techcomm/pdf/K-26294T_spec_AP_Kohler_en.pdf,spec sheet,PDF,https://www.kohler.co.in/p/statement-oblong-353-mm-single-function-rainhead-9-5-lpm-26294t?skuId=26294T-2MB,True,asset_003019
26294T-2MB,https://techcomm.kohler.com/techcomm/pdf/K-26294T_spec_IN_Kohler_en.pdf,spec sheet,PDF,https://www.kohler.co.in/p/statement-oblong-353-mm-single-function-rainhead-9-5-lpm-26294t?skuId=26294T-2MB,True,asset_003020
26294T-2MB,https://techcomm.kohler.com/techcomm/pdf/1430510-T2.pdf,installation,PDF,https://www.kohler.co.in/p/statement-oblong-353-mm-single-function-rainhead-9-5-lpm-26294t?skuId=26294T-2MB,True,asset_002814
26294T-2MB,"https://techcomm.kohler.com/techcomm/pdf/1474742-T8 (26293T, 26294T).pdf",parts,PDF,https://www.kohler.co.in/p/statement-oblong-353-mm-single-function-rainhead-9-5-lpm-26294t?skuId=26294T-2MB,True,asset_002837
72425IN-CP,https://techcomm.kohler.com/techcomm/cad/72425IN.obj,3d model,OBJ,https://www.kohler.co.in/p/awaken-organic-multi-mode-showerhead-with-shower-arm-72425in?skuId=72425IN-CP,True,asset_001828
72425IN-CP,https://techcomm.kohler.com/techcomm/cad/72425IN.skp,3d model,SKP,https://www.kohler.co.in/p/awaken-organic-multi-mode-showerhead-with-shower-arm-72425in?skuId=72425IN-CP,True,asset_001829
72425IN-CP,https://techcomm.kohler.com/techcomm/cad/72425IN.3ds,3d model,3DS,https://www.kohler.co.in/p/awaken-organic-multi-mode-showerhead-with-shower-arm-72425in?skuId=72425IN-CP,True,asset_001825
72425IN-CP,https://techcomm.kohler.com/techcomm/cad/Shower-Showerhead-KOHLER-Awaken-K-72425IN.rfa,3d model,RFA,https://www.kohler.co.in/p/awaken-organic-multi-mode-showerhead-with-shower-arm-72425in?skuId=72425IN-CP,True,asset_002638
72425IN-CP,https://techcomm.kohler.com/techcomm/cad/72425inpln.dxf,cad drawing,DXF,https://www.kohler.co.in/p/awaken-organic-multi-mode-showerhead-with-shower-arm-72425in?skuId=72425IN-CP,True,asset_001833
72425IN-CP,https://techcomm.kohler.com/techcomm/cad/72425inpln.dwg,cad drawing,DWG,https://www.kohler.co.in/p/awaken-organic-multi-mode-showerhead-with-shower-arm-72425in?skuId=72425IN-CP,True,asset_001832
72425IN-CP,https://techcomm.kohler.com/techcomm/cad/72425infrt.dxf,cad drawing,DXF,https://www.kohler.co.in/p/awaken-organic-multi-mode-showerhead-with-shower-arm-72425in?skuId=72425IN-CP,True,asset_001831
72425IN-CP,https://techcomm.kohler.com/techcomm/cad/72425infrt.dwg,cad drawing,DWG,https://www.kohler.co.in/p/awaken-organic-multi-mode-showerhead-with-shower-arm-72425in?skuId=72425IN-CP,True,asset_001830
72425IN-CP,https://techcomm.kohler.com/techcomm/cad/72425insde.dxf,cad drawing,DXF,https://www.kohler.co.in/p/awaken-organic-multi-mode-showerhead-with-shower-arm-72425in?skuId=72425IN-CP,True,asset_001835
72425IN-CP,https://techcomm.kohler.com/techcomm/cad/72425insde.dwg,cad drawing,DWG,https://www.kohler.co.in/p/awaken-organic-multi-mode-showerhead-with-shower-arm-72425in?skuId=72425IN-CP,True,asset_001834
72425IN-CP,https://techcomm.kohler.com/techcomm/cad/72425IN.dxf,cad drawing,DXF,https://www.kohler.co.in/p/awaken-organic-multi-mode-showerhead-with-shower-arm-72425in?skuId=72425IN-CP,True,asset_001827
72425IN-CP,https://techcomm.kohler.com/techcomm/cad/72425IN.dwg,cad drawing,DWG,https://www.kohler.co.in/p/awaken-organic-multi-mode-showerhead-with-shower-arm-72425in?skuId=72425IN-CP,True,asset_001826
72425IN-CP,https://techcomm.kohler.com/techcomm/pdf/K-72425IN_spec_IN_Kohler_en.pdf,spec sheet,PDF,https://www.kohler.co.in/p/awaken-organic-multi-mode-showerhead-with-shower-arm-72425in?skuId=72425IN-CP,True,asset_003105
23657IN-CP,https://techcomm.kohler.com/techcomm/cad/23657IN.obj,3d model,OBJ,https://www.kohler.co.in/p/rainduet-single-function-organic-showerhead-23657in?skuId=23657IN-CP,True,asset_000593
23657IN-CP,https://techcomm.kohler.com/techcomm/cad/23657IN.skp,3d model,SKP,https://www.kohler.co.in/p/rainduet-single-function-organic-showerhead-23657in?skuId=23657IN-CP,True,asset_000594
23657IN-CP,https://techcomm.kohler.com/techcomm/cad/23657IN.3ds,3d model,3DS,https://www.kohler.co.in/p/rainduet-single-function-organic-showerhead-23657in?skuId=23657IN-CP,True,asset_000590
23657IN-CP,https://techcomm.kohler.com/techcomm/cad/Shower-Showerhead-KOHLER-Rain_Duet-K-23657IN.rfa,3d model,RFA,https://www.kohler.co.in/p/rainduet-single-function-organic-showerhead-23657in?skuId=23657IN-CP,True,asset_002658
23657IN-CP,https://techcomm.kohler.com/techcomm/cad/23657inpln.dxf,cad drawing,DXF,https://www.kohler.co.in/p/rainduet-single-function-organic-showerhead-23657in?skuId=23657IN-CP,True,asset_000598
23657IN-CP,https://techcomm.kohler.com/techcomm/cad/23657inpln.dwg,cad drawing,DWG,https://www.kohler.co.in/p/rainduet-single-function-organic-showerhead-23657in?skuId=23657IN-CP,True,asset_000597
23657IN-CP,https://techcomm.kohler.com/techcomm/cad/23657infrt.dxf,cad drawing,DXF,https://www.kohler.co.in/p/rainduet-single-function-organic-showerhead-23657in?skuId=23657IN-CP,True,asset_000596
23657IN-CP,https://techcomm.kohler.com/techcomm/cad/23657infrt.dwg,cad drawing,DWG,https://www.kohler.co.in/p/rainduet-single-function-organic-showerhead-23657in?skuId=23657IN-CP,True,asset_000595
23657IN-CP,https://techcomm.kohler.com/techcomm/cad/23657insde.dxf,cad drawing,DXF,https://www.kohler.co.in/p/rainduet-single-function-organic-showerhead-23657in?skuId=23657IN-CP,True,asset_000600
23657IN-CP,https://techcomm.kohler.com/techcomm/cad/23657insde.dwg,cad drawing,DWG,https://www.kohler.co.in/p/rainduet-single-function-organic-showerhead-23657in?skuId=23657IN-CP,True,asset_000599
23657IN-CP,https://techcomm.kohler.com/techcomm/cad/23657IN.dxf,cad drawing,DXF,https://www.kohler.co.in/p/rainduet-single-function-organic-showerhead-23657in?skuId=23657IN-CP,True,asset_000592
23657IN-CP,https://techcomm.kohler.com/techcomm/cad/23657IN.dwg,cad drawing,DWG,https://www.kohler.co.in/p/rainduet-single-function-organic-showerhead-23657in?skuId=23657IN-CP,True,asset_000591
23657IN-CP,https://techcomm.kohler.com/techcomm/pdf/K-23657IN_spec_IN_Kohler_en.pdf,spec sheet,PDF,https://www.kohler.co.in/p/rainduet-single-function-organic-showerhead-23657in?skuId=23657IN-CP,True,asset_002991
24470IN-CP,https://techcomm.kohler.com/techcomm/cad/24470IN.obj,3d model,OBJ,https://www.kohler.co.in/p/modernlife-dual-flow-330-x-230mm-rainhead-in-brushed-bronze-24470in?skuId=24470IN-CP,True,asset_000637
24470IN-CP,https://techcomm.kohler.com/techcomm/cad/24470IN.skp,3d model,SKP,https://www.kohler.co.in/p/modernlife-dual-flow-330-x-230mm-rainhead-in-brushed-bronze-24470in?skuId=24470IN-CP,True,asset_000638
24470IN-CP,https://techcomm.kohler.com/techcomm/cad/24470IN.3ds,3d model,3DS,https://www.kohler.co.in/p/modernlife-dual-flow-330-x-230mm-rainhead-in-brushed-bronze-24470in?skuId=24470IN-CP,True,asset_000634
24470IN-CP,https://techcomm.kohler.com/techcomm/cad/Shower-Rainhead-KOHLER-Beitou-K-24470IN.rfa,3d model,RFA,https://www.kohler.co.in/p/modernlife-dual-flow-330-x-230mm-rainhead-in-brushed-bronze-24470in?skuId=24470IN-CP,True,asset_002616
24470IN-CP,https://techcomm.kohler.com/techcomm/cad/24470inpln.dxf,cad drawing,DXF,https://www.kohler.co.in/p/modernlife-dual-flow-330-x-230mm-rainhead-in-brushed-bronze-24470in?skuId=24470IN-CP,True,asset_000642
24470IN-CP,https://techcomm.kohler.com/techcomm/cad/24470inpln.dwg,cad drawing,DWG,https://www.kohler.co.in/p/modernlife-dual-flow-330-x-230mm-rainhead-in-brushed-bronze-24470in?skuId=24470IN-CP,True,asset_000641
24470IN-CP,https://techcomm.kohler.com/techcomm/cad/24470infrt.dxf,cad drawing,DXF,https://www.kohler.co.in/p/modernlife-dual-flow-330-x-230mm-rainhead-in-brushed-bronze-24470in?skuId=24470IN-CP,True,asset_000640
24470IN-CP,https://techcomm.kohler.com/techcomm/cad/24470infrt.dwg,cad drawing,DWG,https://www.kohler.co.in/p/modernlife-dual-flow-330-x-230mm-rainhead-in-brushed-bronze-24470in?skuId=24470IN-CP,True,asset_000639
24470IN-CP,https://techcomm.kohler.com/techcomm/cad/24470insde.dxf,cad drawing,DXF,https://www.kohler.co.in/p/modernlife-dual-flow-330-x-230mm-rainhead-in-brushed-bronze-24470in?skuId=24470IN-CP,True,asset_000644
24470IN-CP,https://techcomm.kohler.com/techcomm/cad/24470insde.dwg,cad drawing,DWG,https://www.kohler.co.in/p/modernlife-dual-flow-330-x-230mm-rainhead-in-brushed-bronze-24470in?skuId=24470IN-CP,True,asset_000643
24470IN-CP,https://techcomm.kohler.com/techcomm/cad/24470IN.dxf,cad drawing,DXF,https://www.kohler.co.in/p/modernlife-dual-flow-330-x-230mm-rainhead-in-brushed-bronze-24470in?skuId=24470IN-CP,True,asset_000636
24470IN-CP,https://techcomm.kohler.com/techcomm/cad/24470IN.dwg,cad drawing,DWG,https://www.kohler.co.in/p/modernlife-dual-flow-330-x-230mm-rainhead-in-brushed-bronze-24470in?skuId=24470IN-CP,True,asset_000635
24470IN-CP,https://techcomm.kohler.com/techcomm/pdf/K-24470IN_spec_IN_Kohler_en.pdf,spec sheet,PDF,https://www.kohler.co.in/p/modernlife-dual-flow-330-x-230mm-rainhead-in-brushed-bronze-24470in?skuId=24470IN-CP,True,asset_002995
26295T-2MB,https://techcomm.kohler.com/techcomm/cad/26295T.obj,3d model,OBJ,https://www.kohler.co.in/p/statement-oblong-353-mm-two-function-rainhead-9-5-lpm-26295t?skuId=26295T-2MB,True,asset_000878
26295T-2MB,https://techcomm.kohler.com/techcomm/cad/26295T.skp,3d model,SKP,https://www.kohler.co.in/p/statement-oblong-353-mm-two-function-rainhead-9-5-lpm-26295t?skuId=26295T-2MB,True,asset_000879
26295T-2MB,https://techcomm.kohler.com/techcomm/cad/26295T.3ds,3d model,3DS,https://www.kohler.co.in/p/statement-oblong-353-mm-two-function-rainhead-9-5-lpm-26295t?skuId=26295T-2MB,True,asset_000875
26295T-2MB,https://techcomm.kohler.com/techcomm/cad/Shower-Showerhead-KOHLER-K-26295T.rfa,3d model,RFA,https://www.kohler.co.in/p/statement-oblong-353-mm-two-function-rainhead-9-5-lpm-26295t?skuId=26295T-2MB,True,asset_002644
26295T-2MB,https://techcomm.kohler.com/techcomm/cad/Shower-Showerhead-KOHLER-Statement-K-26295T.zip,3d model,RFA,https://www.kohler.co.in/p/statement-oblong-353-mm-two-function-rainhead-9-5-lpm-26295t?skuId=26295T-2MB,True,asset_002665
26295T-2MB,https://techcomm.kohler.com/techcomm/cad/26295tpln.dxf,cad drawing,DXF,https://www.kohler.co.in/p/statement-oblong-353-mm-two-function-rainhead-9-5-lpm-26295t?skuId=26295T-2MB,True,asset_000883
26295T-2MB,https://techcomm.kohler.com/techcomm/cad/26295tpln.dwg,cad drawing,DWG,https://www.kohler.co.in/p/statement-oblong-353-mm-two-function-rainhead-9-5-lpm-26295t?skuId=26295T-2MB,True,asset_000882
26295T-2MB,https://techcomm.kohler.com/techcomm/cad/26295tfrt.dxf,cad drawing,DXF,https://www.kohler.co.in/p/statement-oblong-353-mm-two-function-rainhead-9-5-lpm-26295t?skuId=26295T-2MB,True,asset_000881
26295T-2MB,https://techcomm.kohler.com/techcomm/cad/26295tfrt.dwg,cad drawing,DWG,https://www.kohler.co.in/p/statement-oblong-353-mm-two-function-rainhead-9-5-lpm-26295t?skuId=26295T-2MB,True,asset_000880
26295T-2MB,https://techcomm.kohler.com/techcomm/cad/26295tsde.dxf,cad drawing,DXF,https://www.kohler.co.in/p/statement-oblong-353-mm-two-function-rainhead-9-5-lpm-26295t?skuId=26295T-2MB,True,asset_000885
26295T-2MB,https://techcomm.kohler.com/techcomm/cad/26295tsde.dwg,cad drawing,DWG,https://www.kohler.co.in/p/statement-oblong-353-mm-two-function-rainhead-9-5-lpm-26295t?skuId=26295T-2MB,True,asset_000884
26295T-2MB,https://techcomm.kohler.com/techcomm/cad/26295T.dxf,cad drawing,DXF,https://www.kohler.co.in/p/statement-oblong-353-mm-two-function-rainhead-9-5-lpm-26295t?skuId=26295T-2MB,True,asset_000877
26295T-2MB,https://techcomm.kohler.com/techcomm/cad/26295T.dwg,cad drawing,DWG,https://www.kohler.co.in/p/statement-oblong-353-mm-two-function-rainhead-9-5-lpm-26295t?skuId=26295T-2MB,True,asset_000876
26295T-2MB,https://techcomm.kohler.com/techcomm/pdf/K-26295T_spec_AP_Kohler_en.pdf,spec sheet,PDF,https://www.kohler.co.in/p/statement-oblong-353-mm-two-function-rainhead-9-5-lpm-26295t?skuId=26295T-2MB,True,asset_003021
26295T-2MB,https://techcomm.kohler.com/techcomm/pdf/K-26295T_spec_IN_Kohler_en.pdf,spec sheet,PDF,https://www.kohler.co.in/p/statement-oblong-353-mm-two-function-rainhead-9-5-lpm-26295t?skuId=26295T-2MB,True,asset_003022
26295T-2MB,https://techcomm.kohler.com/techcomm/pdf/IUG_26295T.pdf,installation,PDF,https://www.kohler.co.in/p/statement-oblong-353-mm-two-function-rainhead-9-5-lpm-26295t?skuId=26295T-2MB,True,asset_002921
26295T-2MB,"https://techcomm.kohler.com/techcomm/pdf/1474744-T8 (26295T, 26297T).pdf",parts,PDF,https://www.kohler.co.in/p/statement-oblong-353-mm-two-function-rainhead-9-5-lpm-26295t?skuId=26295T-2MB,True,asset_002838
26296IN-AF,https://techcomm.kohler.com/techcomm/cad/26296IN.obj,3d model,OBJ,https://www.kohler.co.in/p/statement-oblong-353-mm-two-function-rainhead-9-5-lpm-26296in?skuId=26296IN-AF,True,asset_000889
26296IN-AF,https://techcomm.kohler.com/techcomm/cad/26296IN.skp,3d model,SKP,https://www.kohler.co.in/p/statement-oblong-353-mm-two-function-rainhead-9-5-lpm-26296in?skuId=26296IN-AF,True,asset_000890
26296IN-AF,https://techcomm.kohler.com/techcomm/cad/26296IN.3ds,3d model,3DS,https://www.kohler.co.in/p/statement-oblong-353-mm-two-function-rainhead-9-5-lpm-26296in?skuId=26296IN-AF,True,asset_000886
26296IN-AF,https://techcomm.kohler.com/techcomm/cad/Shower-Showerhead-KOHLER-K-26296IN.rfa,3d model,RFA,https://www.kohler.co.in/p/statement-oblong-353-mm-two-function-rainhead-9-5-lpm-26296in?skuId=26296IN-AF,True,asset_002645
26296IN-AF,https://techcomm.kohler.com/techcomm/cad/26296inpln.dxf,cad drawing,DXF,https://www.kohler.co.in/p/statement-oblong-353-mm-two-function-rainhead-9-5-lpm-26296in?skuId=26296IN-AF,True,asset_000899
26296IN-AF,https://techcomm.kohler.com/techcomm/cad/26296inpln.dwg,cad drawing,DWG,https://www.kohler.co.in/p/statement-oblong-353-mm-two-function-rainhead-9-5-lpm-26296in?skuId=26296IN-AF,True,asset_000898
26296IN-AF,https://techcomm.kohler.com/techcomm/cad/26296infrt.dxf,cad drawing,DXF,https://www.kohler.co.in/p/statement-oblong-353-mm-two-function-rainhead-9-5-lpm-26296in?skuId=26296IN-AF,True,asset_000897
26296IN-AF,https://techcomm.kohler.com/techcomm/cad/26296infrt.dwg,cad drawing,DWG,https://www.kohler.co.in/p/statement-oblong-353-mm-two-function-rainhead-9-5-lpm-26296in?skuId=26296IN-AF,True,asset_000896
26296IN-AF,https://techcomm.kohler.com/techcomm/cad/26296insde.dxf,cad drawing,DXF,https://www.kohler.co.in/p/statement-oblong-353-mm-two-function-rainhead-9-5-lpm-26296in?skuId=26296IN-AF,True,asset_000901
26296IN-AF,https://techcomm.kohler.com/techcomm/cad/26296insde.dwg,cad drawing,DWG,https://www.kohler.co.in/p/statement-oblong-353-mm-two-function-rainhead-9-5-lpm-26296in?skuId=26296IN-AF,True,asset_000900
26296IN-AF,https://techcomm.kohler.com/techcomm/cad/26296IN.dxf,cad drawing,DXF,https://www.kohler.co.in/p/statement-oblong-353-mm-two-function-rainhead-9-5-lpm-26296in?skuId=26296IN-AF,True,asset_000888
26296IN-AF,https://techcomm.kohler.com/techcomm/cad/26296IN.dwg,cad drawing,DWG,https://www.kohler.co.in/p/statement-oblong-353-mm-two-function-rainhead-9-5-lpm-26296in?skuId=26296IN-AF,True,asset_000887
26296IN-AF,https://techcomm.kohler.com/techcomm/pdf/K-26296IN_spec_IN_Kohler_en.pdf,spec sheet,PDF,https://www.kohler.co.in/p/statement-oblong-353-mm-two-function-rainhead-9-5-lpm-26296in?skuId=26296IN-AF,True,asset_003023
26296IN-AF,https://techcomm.kohler.com/techcomm/pdf/1430511-IN2.pdf,installation,PDF,https://www.kohler.co.in/p/statement-oblong-353-mm-two-function-rainhead-9-5-lpm-26296in?skuId=26296IN-AF,True,asset_002815
26296T-2MB,https://techcomm.kohler.com/techcomm/cad/26296T.obj,3d model,OBJ,https://www.kohler.co.in/p/statement-oblong-353-mm-two-function-rainhead-9-5-lpm-26296t?skuId=26296T-2MB,True,asset_000894
26296T-2MB,https://techcomm.kohler.com/techcomm/cad/26296T.skp,3d model,SKP,https://www.kohler.co.in/p/statement-oblong-353-mm-two-function-rainhead-9-5-lpm-26296t?skuId=26296T-2MB,True,asset_000895
26296T-2MB,https://techcomm.kohler.com/techcomm/cad/26296T.3ds,3d model,3DS,https://www.kohler.co.in/p/statement-oblong-353-mm-two-function-rainhead-9-5-lpm-26296t?skuId=26296T-2MB,True,asset_000891
26296T-2MB,https://techcomm.kohler.com/techcomm/cad/Shower-Showerhead-KOHLER-K-26296T.rfa,3d model,RFA,https://www.kohler.co.in/p/statement-oblong-353-mm-two-function-rainhead-9-5-lpm-26296t?skuId=26296T-2MB,True,asset_002646
26296T-2MB,https://techcomm.kohler.com/techcomm/cad/26296tpln.dxf,cad drawing,DXF,https://www.kohler.co.in/p/statement-oblong-353-mm-two-function-rainhead-9-5-lpm-26296t?skuId=26296T-2MB,True,asset_000905
26296T-2MB,https://techcomm.kohler.com/techcomm/cad/26296tpln.dwg,cad drawing,DWG,https://www.kohler.co.in/p/statement-oblong-353-mm-two-function-rainhead-9-5-lpm-26296t?skuId=26296T-2MB,True,asset_000904
26296T-2MB,https://techcomm.kohler.com/techcomm/cad/26296tfrt.dxf,cad drawing,DXF,https://www.kohler.co.in/p/statement-oblong-353-mm-two-function-rainhead-9-5-lpm-26296t?skuId=26296T-2MB,True,asset_000903
26296T-2MB,https://techcomm.kohler.com/techcomm/cad/26296tfrt.dwg,cad drawing,DWG,https://www.kohler.co.in/p/statement-oblong-353-mm-two-function-rainhead-9-5-lpm-26296t?skuId=26296T-2MB,True,asset_000902
26296T-2MB,https://techcomm.kohler.com/techcomm/cad/26296tsde.dxf,cad drawing,DXF,https://www.kohler.co.in/p/statement-oblong-353-mm-two-function-rainhead-9-5-lpm-26296t?skuId=26296T-2MB,True,asset_000907
26296T-2MB,https://techcomm.kohler.com/techcomm/cad/26296tsde.dwg,cad drawing,DWG,https://www.kohler.co.in/p/statement-oblong-353-mm-two-function-rainhead-9-5-lpm-26296t?skuId=26296T-2MB,True,asset_000906
26296T-2MB,https://techcomm.kohler.com/techcomm/cad/26296T.dxf,cad drawing,DXF,https://www.kohler.co.in/p/statement-oblong-353-mm-two-function-rainhead-9-5-lpm-26296t?skuId=26296T-2MB,True,asset_000893
26296T-2MB,https://techcomm.kohler.com/techcomm/cad/26296T.dwg,cad drawing,DWG,https://www.kohler.co.in/p/statement-oblong-353-mm-two-function-rainhead-9-5-lpm-26296t?skuId=26296T-2MB,True,asset_000892
26296T-2MB,https://techcomm.kohler.com/techcomm/pdf/K-26296T_spec_AP_Kohler_en.pdf,spec sheet,PDF,https://www.kohler.co.in/p/statement-oblong-353-mm-two-function-rainhead-9-5-lpm-26296t?skuId=26296T-2MB,True,asset_003024
26296T-2MB,https://techcomm.kohler.com/techcomm/pdf/K-26296T_spec_IN_Kohler_en.pdf,spec sheet,PDF,https://www.kohler.co.in/p/statement-oblong-353-mm-two-function-rainhead-9-5-lpm-26296t?skuId=26296T-2MB,True,asset_003025
26296T-2MB,https://techcomm.kohler.com/techcomm/pdf/1430511-T2.pdf,installation,PDF,https://www.kohler.co.in/p/statement-oblong-353-mm-two-function-rainhead-9-5-lpm-26296t?skuId=26296T-2MB,True,asset_002816
26296T-2MB,"https://techcomm.kohler.com/techcomm/pdf/1474745-T8 (26296T, 26298T).pdf",parts,PDF,https://www.kohler.co.in/p/statement-oblong-353-mm-two-function-rainhead-9-5-lpm-26296t?skuId=26296T-2MB,True,asset_002839
26297IN-CP,https://techcomm.kohler.com/techcomm/cad/26297IN.obj,3d model,OBJ,https://www.kohler.co.in/p/statement-oblong-453-mm-two-function-rainhead-9-5-lpm-26297in?skuId=26297IN-CP,True,asset_000911
26297IN-CP,https://techcomm.kohler.com/techcomm/cad/26297IN.skp,3d model,SKP,https://www.kohler.co.in/p/statement-oblong-453-mm-two-function-rainhead-9-5-lpm-26297in?skuId=26297IN-CP,True,asset_000912
26297IN-CP,https://techcomm.kohler.com/techcomm/cad/26297IN.3ds,3d model,3DS,https://www.kohler.co.in/p/statement-oblong-453-mm-two-function-rainhead-9-5-lpm-26297in?skuId=26297IN-CP,True,asset_000908
26297IN-CP,https://techcomm.kohler.com/techcomm/cad/Shower-Showerhead-KOHLER-K-26297IN.rfa,3d model,RFA,https://www.kohler.co.in/p/statement-oblong-453-mm-two-function-rainhead-9-5-lpm-26297in?skuId=26297IN-CP,True,asset_002647
26297IN-CP,https://techcomm.kohler.com/techcomm/cad/26297inpln.dxf,cad drawing,DXF,https://www.kohler.co.in/p/statement-oblong-453-mm-two-function-rainhead-9-5-lpm-26297in?skuId=26297IN-CP,True,asset_000916
26297IN-CP,https://techcomm.kohler.com/techcomm/cad/26297inpln.dwg,cad drawing,DWG,https://www.kohler.co.in/p/statement-oblong-453-mm-two-function-rainhead-9-5-lpm-26297in?skuId=26297IN-CP,True,asset_000915
26297IN-CP,https://techcomm.kohler.com/techcomm/cad/26297infrt.dxf,cad drawing,DXF,https://www.kohler.co.in/p/statement-oblong-453-mm-two-function-rainhead-9-5-lpm-26297in?skuId=26297IN-CP,True,asset_000914
26297IN-CP,https://techcomm.kohler.com/techcomm/cad/26297infrt.dwg,cad drawing,DWG,https://www.kohler.co.in/p/statement-oblong-453-mm-two-function-rainhead-9-5-lpm-26297in?skuId=26297IN-CP,True,asset_000913
26297IN-CP,https://techcomm.kohler.com/techcomm/cad/26297insde.dxf,cad drawing,DXF,https://www.kohler.co.in/p/statement-oblong-453-mm-two-function-rainhead-9-5-lpm-26297in?skuId=26297IN-CP,True,asset_000918
26297IN-CP,https://techcomm.kohler.com/techcomm/cad/26297insde.dwg,cad drawing,DWG,https://www.kohler.co.in/p/statement-oblong-453-mm-two-function-rainhead-9-5-lpm-26297in?skuId=26297IN-CP,True,asset_000917
26297IN-CP,https://techcomm.kohler.com/techcomm/cad/26297IN.dxf,cad drawing,DXF,https://www.kohler.co.in/p/statement-oblong-453-mm-two-function-rainhead-9-5-lpm-26297in?skuId=26297IN-CP,True,asset_000910
26297IN-CP,https://techcomm.kohler.com/techcomm/cad/26297IN.dwg,cad drawing,DWG,https://www.kohler.co.in/p/statement-oblong-453-mm-two-function-rainhead-9-5-lpm-26297in?skuId=26297IN-CP,True,asset_000909
26297IN-CP,https://techcomm.kohler.com/techcomm/pdf/K-26297IN_spec_IN_Kohler_en.pdf,spec sheet,PDF,https://www.kohler.co.in/p/statement-oblong-453-mm-two-function-rainhead-9-5-lpm-26297in?skuId=26297IN-CP,True,asset_003026
26297IN-CP,https://techcomm.kohler.com/techcomm/pdf/1430511-IN2.pdf,installation,PDF,https://www.kohler.co.in/p/statement-oblong-453-mm-two-function-rainhead-9-5-lpm-26297in?skuId=26297IN-CP,True,asset_002815
29959IN-AF,https://techcomm.kohler.com/techcomm/cad/29959IN.obj,3d model,OBJ,https://www.kohler.co.in/p/modernlife-edge-df-rectangle-425x330mm-17-x13--29959in?skuId=29959IN-AF,True,asset_001288
29959IN-AF,https://techcomm.kohler.com/techcomm/cad/29959IN.skp,3d model,SKP,https://www.kohler.co.in/p/modernlife-edge-df-rectangle-425x330mm-17-x13--29959in?skuId=29959IN-AF,True,asset_001289
29959IN-AF,https://techcomm.kohler.com/techcomm/cad/29959IN.3ds,3d model,3DS,https://www.kohler.co.in/p/modernlife-edge-df-rectangle-425x330mm-17-x13--29959in?skuId=29959IN-AF,True,asset_001285
29959IN-AF,https://techcomm.kohler.com/techcomm/cad/Shower-Rainhead-KOHLER-ML_Edge-K-29959IN.rfa,3d model,RFA,https://www.kohler.co.in/p/modernlife-edge-df-rectangle-425x330mm-17-x13--29959in?skuId=29959IN-AF,True,asset_002621
29959IN-AF,https://techcomm.kohler.com/techcomm/cad/29959inpln.dxf,cad drawing,DXF,https://www.kohler.co.in/p/modernlife-edge-df-rectangle-425x330mm-17-x13--29959in?skuId=29959IN-AF,True,asset_001293
29959IN-AF,https://techcomm.kohler.com/techcomm/cad/29959inpln.dwg,cad drawing,DWG,https://www.kohler.co.in/p/modernlife-edge-df-rectangle-425x330mm-17-x13--29959in?skuId=29959IN-AF,True,asset_001292
29959IN-AF,https://techcomm.kohler.com/techcomm/cad/29959infrt.dxf,cad drawing,DXF,https://www.kohler.co.in/p/modernlife-edge-df-rectangle-425x330mm-17-x13--29959in?skuId=29959IN-AF,True,asset_001291
29959IN-AF,https://techcomm.kohler.com/techcomm/cad/29959infrt.dwg,cad drawing,DWG,https://www.kohler.co.in/p/modernlife-edge-df-rectangle-425x330mm-17-x13--29959in?skuId=29959IN-AF,True,asset_001290
29959IN-AF,https://techcomm.kohler.com/techcomm/cad/29959insde.dxf,cad drawing,DXF,https://www.kohler.co.in/p/modernlife-edge-df-rectangle-425x330mm-17-x13--29959in?skuId=29959IN-AF,True,asset_001295
29959IN-AF,https://techcomm.kohler.com/techcomm/cad/29959insde.dwg,cad drawing,DWG,https://www.kohler.co.in/p/modernlife-edge-df-rectangle-425x330mm-17-x13--29959in?skuId=29959IN-AF,True,asset_001294
29959IN-AF,https://techcomm.kohler.com/techcomm/cad/29959IN.dxf,cad drawing,DXF,https://www.kohler.co.in/p/modernlife-edge-df-rectangle-425x330mm-17-x13--29959in?skuId=29959IN-AF,True,asset_001287
29959IN-AF,https://techcomm.kohler.com/techcomm/cad/29959IN.dwg,cad drawing,DWG,https://www.kohler.co.in/p/modernlife-edge-df-rectangle-425x330mm-17-x13--29959in?skuId=29959IN-AF,True,asset_001286
29959IN-AF,https://techcomm.kohler.com/techcomm/pdf/K-29959IN_spec_IN_Kohler_en.pdf,spec sheet,PDF,https://www.kohler.co.in/p/modernlife-edge-df-rectangle-425x330mm-17-x13--29959in?skuId=29959IN-AF,True,asset_003063
29959IN-AF,https://techcomm.kohler.com/techcomm/pdf/1461967-IN2.pdf,installation,PDF,https://www.kohler.co.in/p/modernlife-edge-df-rectangle-425x330mm-17-x13--29959in?skuId=29959IN-AF,True,asset_002822
29961IN-CP,https://techcomm.kohler.com/techcomm/cad/29961IN.obj,3d model,OBJ,https://www.kohler.co.in/p/modernlife-edge-df-rectangle-425x330mm-17-x13--29961in?skuId=29961IN-CP,True,asset_001299
29961IN-CP,https://techcomm.kohler.com/techcomm/cad/29961IN.skp,3d model,SKP,https://www.kohler.co.in/p/modernlife-edge-df-rectangle-425x330mm-17-x13--29961in?skuId=29961IN-CP,True,asset_001300
29961IN-CP,https://techcomm.kohler.com/techcomm/cad/29961IN.3ds,3d model,3DS,https://www.kohler.co.in/p/modernlife-edge-df-rectangle-425x330mm-17-x13--29961in?skuId=29961IN-CP,True,asset_001296
29961IN-CP,https://techcomm.kohler.com/techcomm/cad/Shower-Ceiling_Mount_Showerhead-KOHLER-ML_EDGE-K-29961IN.rfa,3d model,RFA,https://www.kohler.co.in/p/modernlife-edge-df-rectangle-425x330mm-17-x13--29961in?skuId=29961IN-CP,True,asset_002596
29961IN-CP,https://techcomm.kohler.com/techcomm/cad/29961inpln.dxf,cad drawing,DXF,https://www.kohler.co.in/p/modernlife-edge-df-rectangle-425x330mm-17-x13--29961in?skuId=29961IN-CP,True,asset_001304
29961IN-CP,https://techcomm.kohler.com/techcomm/cad/29961inpln.dwg,cad drawing,DWG,https://www.kohler.co.in/p/modernlife-edge-df-rectangle-425x330mm-17-x13--29961in?skuId=29961IN-CP,True,asset_001303
29961IN-CP,https://techcomm.kohler.com/techcomm/cad/29961infrt.dxf,cad drawing,DXF,https://www.kohler.co.in/p/modernlife-edge-df-rectangle-425x330mm-17-x13--29961in?skuId=29961IN-CP,True,asset_001302
29961IN-CP,https://techcomm.kohler.com/techcomm/cad/29961infrt.dwg,cad drawing,DWG,https://www.kohler.co.in/p/modernlife-edge-df-rectangle-425x330mm-17-x13--29961in?skuId=29961IN-CP,True,asset_001301
29961IN-CP,https://techcomm.kohler.com/techcomm/cad/29961insde.dxf,cad drawing,DXF,https://www.kohler.co.in/p/modernlife-edge-df-rectangle-425x330mm-17-x13--29961in?skuId=29961IN-CP,True,asset_001306
29961IN-CP,https://techcomm.kohler.com/techcomm/cad/29961insde.dwg,cad drawing,DWG,https://www.kohler.co.in/p/modernlife-edge-df-rectangle-425x330mm-17-x13--29961in?skuId=29961IN-CP,True,asset_001305
29961IN-CP,https://techcomm.kohler.com/techcomm/cad/29961IN.dxf,cad drawing,DXF,https://www.kohler.co.in/p/modernlife-edge-df-rectangle-425x330mm-17-x13--29961in?skuId=29961IN-CP,True,asset_001298
29961IN-CP,https://techcomm.kohler.com/techcomm/cad/29961IN.dwg,cad drawing,DWG,https://www.kohler.co.in/p/modernlife-edge-df-rectangle-425x330mm-17-x13--29961in?skuId=29961IN-CP,True,asset_001297
29961IN-CP,https://techcomm.kohler.com/techcomm/pdf/K-29961IN_spec_IN_Kohler_en.pdf,spec sheet,PDF,https://www.kohler.co.in/p/modernlife-edge-df-rectangle-425x330mm-17-x13--29961in?skuId=29961IN-CP,True,asset_003064
28529IN-0,https://techcomm.kohler.com/techcomm/cad/28529IN.obj,3d model,OBJ,https://www.kohler.co.in/p/leap-one-piece-round-front-smart-toilet-dual-flush-28529in?skuId=28529IN-0,True,asset_001156
28529IN-0,https://techcomm.kohler.com/techcomm/cad/28529IN.skp,3d model,SKP,https://www.kohler.co.in/p/leap-one-piece-round-front-smart-toilet-dual-flush-28529in?skuId=28529IN-0,True,asset_001157
28529IN-0,https://techcomm.kohler.com/techcomm/cad/28529IN.3ds,3d model,3DS,https://www.kohler.co.in/p/leap-one-piece-round-front-smart-toilet-dual-flush-28529in?skuId=28529IN-0,True,asset_001153
28529IN-0,https://techcomm.kohler.com/techcomm/cad/Toilet-Floor_Mount-KOHLER-Leap-K-28529IN.rfa,3d model,RFA,https://www.kohler.co.in/p/leap-one-piece-round-front-smart-toilet-dual-flush-28529in?skuId=28529IN-0,True,asset_002727
28529IN-0,https://techcomm.kohler.com/techcomm/cad/Toilet-Floor_Mount_Intelligent-KOHLER-Leap-K-28529IN.rfa,3d model,RFA,https://www.kohler.co.in/p/leap-one-piece-round-front-smart-toilet-dual-flush-28529in?skuId=28529IN-0,True,asset_002733
28529IN-0,https://techcomm.kohler.com/techcomm/cad/28529inpln.dxf,cad drawing,DXF,https://www.kohler.co.in/p/leap-one-piece-round-front-smart-toilet-dual-flush-28529in?skuId=28529IN-0,True,asset_001161
28529IN-0,https://techcomm.kohler.com/techcomm/cad/28529inpln.dwg,cad drawing,DWG,https://www.kohler.co.in/p/leap-one-piece-round-front-smart-toilet-dual-flush-28529in?skuId=28529IN-0,True,asset_001160
28529IN-0,https://techcomm.kohler.com/techcomm/cad/28529infrt.dxf,cad drawing,DXF,https://www.kohler.co.in/p/leap-one-piece-round-front-smart-toilet-dual-flush-28529in?skuId=28529IN-0,True,asset_001159
28529IN-0,https://techcomm.kohler.com/techcomm/cad/28529infrt.dwg,cad drawing,DWG,https://www.kohler.co.in/p/leap-one-piece-round-front-smart-toilet-dual-flush-28529in?skuId=28529IN-0,True,asset_001158
28529IN-0,https://techcomm.kohler.com/techcomm/cad/28529insde.dxf,cad drawing,DXF,https://www.kohler.co.in/p/leap-one-piece-round-front-smart-toilet-dual-flush-28529in?skuId=28529IN-0,True,asset_001163
28529IN-0,https://techcomm.kohler.com/techcomm/cad/28529insde.dwg,cad drawing,DWG,https://www.kohler.co.in/p/leap-one-piece-round-front-smart-toilet-dual-flush-28529in?skuId=28529IN-0,True,asset_001162
28529IN-0,https://techcomm.kohler.com/techcomm/cad/28529IN.dxf,cad drawing,DXF,https://www.kohler.co.in/p/leap-one-piece-round-front-smart-toilet-dual-flush-28529in?skuId=28529IN-0,True,asset_001155
28529IN-0,https://techcomm.kohler.com/techcomm/cad/28529IN.dwg,cad drawing,DWG,https://www.kohler.co.in/p/leap-one-piece-round-front-smart-toilet-dual-flush-28529in?skuId=28529IN-0,True,asset_001154
28529IN-0,https://techcomm.kohler.com/techcomm/pdf/K-28529IN_spec_IN_Kohler_en.pdf,spec sheet,PDF,https://www.kohler.co.in/p/leap-one-piece-round-front-smart-toilet-dual-flush-28529in?skuId=28529IN-0,True,asset_003049
28529IN-0,https://techcomm.kohler.com/techcomm/pdf/1571558-IN5.pdf,homeowners guide,PDF,https://www.kohler.co.in/p/leap-one-piece-round-front-smart-toilet-dual-flush-28529in?skuId=28529IN-0,True,asset_002857
28529IN-0,https://techcomm.kohler.com/techcomm/pdf/1571558-IN2.pdf,installation,PDF,https://www.kohler.co.in/p/leap-one-piece-round-front-smart-toilet-dual-flush-28529in?skuId=28529IN-0,True,asset_002856
3983IN-S-0,https://techcomm.kohler.com/techcomm/cad/3983IN-S.obj,3d model,OBJ,https://www.kohler.co.in/p/reach-one-piece-round-front-toilet-with-skirted-trapway-dual-flush-3983in-s?skuId=3983IN-S-0,True,asset_001599
3983IN-S-0,https://techcomm.kohler.com/techcomm/cad/3983IN-S.skp,3d model,SKP,https://www.kohler.co.in/p/reach-one-piece-round-front-toilet-with-skirted-trapway-dual-flush-3983in-s?skuId=3983IN-S-0,True,asset_001600
3983IN-S-0,https://techcomm.kohler.com/techcomm/cad/3983IN-S.3ds,3d model,3DS,https://www.kohler.co.in/p/reach-one-piece-round-front-toilet-with-skirted-trapway-dual-flush-3983in-s?skuId=3983IN-S-0,True,asset_001596
3983IN-S-0,https://techcomm.kohler.com/techcomm/cad/Toilet-Floor_Mount-KOHLER-Reach-K-3983IN.rfa,3d model,RFA,https://www.kohler.co.in/p/reach-one-piece-round-front-toilet-with-skirted-trapway-dual-flush-3983in-s?skuId=3983IN-S-0,True,asset_002729
3983IN-S-0,https://techcomm.kohler.com/techcomm/cad/3983in_spln.dxf,cad drawing,DXF,https://www.kohler.co.in/p/reach-one-piece-round-front-toilet-with-skirted-trapway-dual-flush-3983in-s?skuId=3983IN-S-0,True,asset_001604
3983IN-S-0,https://techcomm.kohler.com/techcomm/cad/3983in_spln.dwg,cad drawing,DWG,https://www.kohler.co.in/p/reach-one-piece-round-front-toilet-with-skirted-trapway-dual-flush-3983in-s?skuId=3983IN-S-0,True,asset_001603
3983IN-S-0,https://techcomm.kohler.com/techcomm/cad/3983in_sfrt.dxf,cad drawing,DXF,https://www.kohler.co.in/p/reach-one-piece-round-front-toilet-with-skirted-trapway-dual-flush-3983in-s?skuId=3983IN-S-0,True,asset_001602
3983IN-S-0,https://techcomm.kohler.com/techcomm/cad/3983in_sfrt.dwg,cad drawing,DWG,https://www.kohler.co.in/p/reach-one-piece-round-front-toilet-with-skirted-trapway-dual-flush-3983in-s?skuId=3983IN-S-0,True,asset_001601
3983IN-S-0,https://techcomm.kohler.com/techcomm/cad/3983in_ssde.dxf,cad drawing,DXF,https://www.kohler.co.in/p/reach-one-piece-round-front-toilet-with-skirted-trapway-dual-flush-3983in-s?skuId=3983IN-S-0,True,asset_001606
3983IN-S-0,https://techcomm.kohler.com/techcomm/cad/3983in_ssde.dwg,cad drawing,DWG,https://www.kohler.co.in/p/reach-one-piece-round-front-toilet-with-skirted-trapway-dual-flush-3983in-s?skuId=3983IN-S-0,True,asset_001605
3983IN-S-0,https://techcomm.kohler.com/techcomm/cad/3983IN-S.dxf,cad drawing,DXF,https://www.kohler.co.in/p/reach-one-piece-round-front-toilet-with-skirted-trapway-dual-flush-3983in-s?skuId=3983IN-S-0,True,asset_001598
3983IN-S-0,https://techcomm.kohler.com/techcomm/cad/3983IN-S.dwg,cad drawing,DWG,https://www.kohler.co.in/p/reach-one-piece-round-front-toilet-with-skirted-trapway-dual-flush-3983in-s?skuId=3983IN-S-0,True,asset_001597
3983IN-S-0,https://techcomm.kohler.com/techcomm/pdf/K-3983IN-S_spec_IN_Kohler_en.pdf,spec sheet,PDF,https://www.kohler.co.in/p/reach-one-piece-round-front-toilet-with-skirted-trapway-dual-flush-3983in-s?skuId=3983IN-S-0,True,asset_003089
3983IN-S-0,https://techpubs.kohlerco.com/pdf/1203790-T2_A1.pdf,installation,PDF,https://www.kohler.co.in/p/reach-one-piece-round-front-toilet-with-skirted-trapway-dual-flush-3983in-s?skuId=3983IN-S-0,True,asset_003183
1381T-S-0,https://techcomm.kohler.com/techcomm/cad/1381T-S.obj,3d model,OBJ,https://www.kohler.co.in/p/veil-one-piece-elongated-toilet-with-skirted-trapway-dual-flush-1381t-s?skuId=1381T-S-0,True,asset_000103
1381T-S-0,https://techcomm.kohler.com/techcomm/cad/1381T-S.skp,3d model,SKP,https://www.kohler.co.in/p/veil-one-piece-elongated-toilet-with-skirted-trapway-dual-flush-1381t-s?skuId=1381T-S-0,True,asset_000104
1381T-S-0,https://techcomm.kohler.com/techcomm/cad/1381T-S.3ds,3d model,3DS,https://www.kohler.co.in/p/veil-one-piece-elongated-toilet-with-skirted-trapway-dual-flush-1381t-s?skuId=1381T-S-0,True,asset_000100
1381T-S-0,https://techcomm.kohler.com/techcomm/cad/Toilet-Floor_Mount-KOHLER-VEIL-K-1381T.rfa,3d model,RFA,https://www.kohler.co.in/p/veil-one-piece-elongated-toilet-with-skirted-trapway-dual-flush-1381t-s?skuId=1381T-S-0,True,asset_002731
1381T-S-0,https://techcomm.kohler.com/techcomm/cad/1381t_spln.dxf,cad drawing,DXF,https://www.kohler.co.in/p/veil-one-piece-elongated-toilet-with-skirted-trapway-dual-flush-1381t-s?skuId=1381T-S-0,True,asset_000108
1381T-S-0,https://techcomm.kohler.com/techcomm/cad/1381t_spln.dwg,cad drawing,DWG,https://www.kohler.co.in/p/veil-one-piece-elongated-toilet-with-skirted-trapway-dual-flush-1381t-s?skuId=1381T-S-0,True,asset_000107
1381T-S-0,https://techcomm.kohler.com/techcomm/cad/1381t_sfrt.dxf,cad drawing,DXF,https://www.kohler.co.in/p/veil-one-piece-elongated-toilet-with-skirted-trapway-dual-flush-1381t-s?skuId=1381T-S-0,True,asset_000106
1381T-S-0,https://techcomm.kohler.com/techcomm/cad/1381t_sfrt.dwg,cad drawing,DWG,https://www.kohler.co.in/p/veil-one-piece-elongated-toilet-with-skirted-trapway-dual-flush-1381t-s?skuId=1381T-S-0,True,asset_000105
1381T-S-0,https://techcomm.kohler.com/techcomm/cad/1381t_ssde.dxf,cad drawing,DXF,https://www.kohler.co.in/p/veil-one-piece-elongated-toilet-with-skirted-trapway-dual-flush-1381t-s?skuId=1381T-S-0,True,asset_000110
1381T-S-0,https://techcomm.kohler.com/techcomm/cad/1381t_ssde.dwg,cad drawing,DWG,https://www.kohler.co.in/p/veil-one-piece-elongated-toilet-with-skirted-trapway-dual-flush-1381t-s?skuId=1381T-S-0,True,asset_000109
1381T-S-0,https://techcomm.kohler.com/techcomm/cad/1381T-S.dxf,cad drawing,DXF,https://www.kohler.co.in/p/veil-one-piece-elongated-toilet-with-skirted-trapway-dual-flush-1381t-s?skuId=1381T-S-0,True,asset_000102
1381T-S-0,https://techcomm.kohler.com/techcomm/cad/1381T-S.dwg,cad drawing,DWG,https://www.kohler.co.in/p/veil-one-piece-elongated-toilet-with-skirted-trapway-dual-flush-1381t-s?skuId=1381T-S-0,True,asset_000101
1381T-S-0,https://techcomm.kohler.com/techcomm/pdf/K-1381T-S_spec_CN_Kohler_en.pdf,spec sheet,PDF,https://www.kohler.co.in/p/veil-one-piece-elongated-toilet-with-skirted-trapway-dual-flush-1381t-s?skuId=1381T-S-0,True,asset_002933
1381T-S-0,https://techcomm.kohler.com/techcomm/pdf/K-1381T-S_spec_IN_Kohler_en.pdf,spec sheet,PDF,https://www.kohler.co.in/p/veil-one-piece-elongated-toilet-with-skirted-trapway-dual-flush-1381t-s?skuId=1381T-S-0,True,asset_002934
1381T-S-0,https://techcomm.kohler.com/techcomm/pdf/1667519-24.pdf,environmental document,PDF,https://www.kohler.co.in/p/veil-one-piece-elongated-toilet-with-skirted-trapway-dual-flush-1381t-s?skuId=1381T-S-0,True,asset_002900
1381T-S-0,https://techcomm.kohler.com/techcomm/pdf/1565677434451_K-1381T_K-1382T.pdf,installation,PDF,https://www.kohler.co.in/p/veil-one-piece-elongated-toilet-with-skirted-trapway-dual-flush-1381t-s?skuId=1381T-S-0,True,asset_002855
1381T-S-0,https://techcomm.kohler.com/techcomm/pdf/Service part 1262233-T8-B(1381-1382)-2018-3-21.pdf,parts,PDF,https://www.kohler.co.in/p/veil-one-piece-elongated-toilet-with-skirted-trapway-dual-flush-1381t-s?skuId=1381T-S-0,True,asset_003173
8688T-S-0,https://techcomm.kohler.com/techcomm/cad/8688T-S.obj,3d model,OBJ,https://www.kohler.co.in/p/san-raphael-grande-one-piece-elongated-toilet-with-skirted-trapway-4-8-lpf-8688t-s?skuId=8688T-S-0,True,asset_002201
8688T-S-0,https://techcomm.kohler.com/techcomm/cad/8688T-S.skp,3d model,SKP,https://www.kohler.co.in/p/san-raphael-grande-one-piece-elongated-toilet-with-skirted-trapway-4-8-lpf-8688t-s?skuId=8688T-S-0,True,asset_002202
8688T-S-0,https://techcomm.kohler.com/techcomm/cad/8688T-S.3ds,3d model,3DS,https://www.kohler.co.in/p/san-raphael-grande-one-piece-elongated-toilet-with-skirted-trapway-4-8-lpf-8688t-s?skuId=8688T-S-0,True,asset_002198
8688T-S-0,https://techcomm.kohler.com/techcomm/cad/Toilet-Floor_Mount-KOHLER-SAN_RAPHAEL-K-8688T.rfa,3d model,RFA,https://www.kohler.co.in/p/san-raphael-grande-one-piece-elongated-toilet-with-skirted-trapway-4-8-lpf-8688t-s?skuId=8688T-S-0,True,asset_002730
8688T-S-0,https://techcomm.kohler.com/techcomm/cad/8688t_spln.dxf,cad drawing,DXF,https://www.kohler.co.in/p/san-raphael-grande-one-piece-elongated-toilet-with-skirted-trapway-4-8-lpf-8688t-s?skuId=8688T-S-0,True,asset_002206
8688T-S-0,https://techcomm.kohler.com/techcomm/cad/8688t_spln.dwg,cad drawing,DWG,https://www.kohler.co.in/p/san-raphael-grande-one-piece-elongated-toilet-with-skirted-trapway-4-8-lpf-8688t-s?skuId=8688T-S-0,True,asset_002205
8688T-S-0,https://techcomm.kohler.com/techcomm/cad/8688t_sfrt.dxf,cad drawing,DXF,https://www.kohler.co.in/p/san-raphael-grande-one-piece-elongated-toilet-with-skirted-trapway-4-8-lpf-8688t-s?skuId=8688T-S-0,True,asset_002204
8688T-S-0,https://techcomm.kohler.com/techcomm/cad/8688t_sfrt.dwg,cad drawing,DWG,https://www.kohler.co.in/p/san-raphael-grande-one-piece-elongated-toilet-with-skirted-trapway-4-8-lpf-8688t-s?skuId=8688T-S-0,True,asset_002203
8688T-S-0,https://techcomm.kohler.com/techcomm/cad/8688t_ssde.dxf,cad drawing,DXF,https://www.kohler.co.in/p/san-raphael-grande-one-piece-elongated-toilet-with-skirted-trapway-4-8-lpf-8688t-s?skuId=8688T-S-0,True,asset_002208
8688T-S-0,https://techcomm.kohler.com/techcomm/cad/8688t_ssde.dwg,cad drawing,DWG,https://www.kohler.co.in/p/san-raphael-grande-one-piece-elongated-toilet-with-skirted-trapway-4-8-lpf-8688t-s?skuId=8688T-S-0,True,asset_002207
8688T-S-0,https://techcomm.kohler.com/techcomm/cad/8688T-S.dxf,cad drawing,DXF,https://www.kohler.co.in/p/san-raphael-grande-one-piece-elongated-toilet-with-skirted-trapway-4-8-lpf-8688t-s?skuId=8688T-S-0,True,asset_002200
8688T-S-0,https://techcomm.kohler.com/techcomm/cad/8688T-S.dwg,cad drawing,DWG,https://www.kohler.co.in/p/san-raphael-grande-one-piece-elongated-toilet-with-skirted-trapway-4-8-lpf-8688t-s?skuId=8688T-S-0,True,asset_002199
8688T-S-0,https://techcomm.kohler.com/techcomm/pdf/K-8688T-S_spec_IN_Kohler_en.pdf,spec sheet,PDF,https://www.kohler.co.in/p/san-raphael-grande-one-piece-elongated-toilet-with-skirted-trapway-4-8-lpf-8688t-s?skuId=8688T-S-0,True,asset_003141
8688T-S-0,https://techcomm.kohler.com/techcomm/pdf/k-8688T.pdf,installation,PDF,https://www.kohler.co.in/p/san-raphael-grande-one-piece-elongated-toilet-with-skirted-trapway-4-8-lpf-8688t-s?skuId=8688T-S-0,True,asset_003174
8688T-S-0,https://techcomm.kohler.com/techcomm/pdf/8688T_s.pdf,parts,PDF,https://www.kohler.co.in/p/san-raphael-grande-one-piece-elongated-toilet-with-skirted-trapway-4-8-lpf-8688t-s?skuId=8688T-S-0,True,asset_002915
29777IN-0,https://techcomm.kohler.com/techcomm/cad/29777IN.obj,3d model,OBJ,https://www.kohler.co.in/p/innate-one-piece-elongated-smart-toilet-dual-flush-29777in?skuId=29777IN-0,True,asset_001277
29777IN-0,https://techcomm.kohler.com/techcomm/cad/29777IN.skp,3d model,SKP,https://www.kohler.co.in/p/innate-one-piece-elongated-smart-toilet-dual-flush-29777in?skuId=29777IN-0,True,asset_001278
29777IN-0,https://techcomm.kohler.com/techcomm/cad/29777IN.3ds,3d model,3DS,https://www.kohler.co.in/p/innate-one-piece-elongated-smart-toilet-dual-flush-29777in?skuId=29777IN-0,True,asset_001274
29777IN-0,https://techcomm.kohler.com/techcomm/cad/Toilet-Floor_Mount-KOHLER-Innate-K-29777IN.rfa,3d model,RFA,https://www.kohler.co.in/p/innate-one-piece-elongated-smart-toilet-dual-flush-29777in?skuId=29777IN-0,True,asset_002726
29777IN-0,https://techcomm.kohler.com/techcomm/cad/29777inpln.dxf,cad drawing,DXF,https://www.kohler.co.in/p/innate-one-piece-elongated-smart-toilet-dual-flush-29777in?skuId=29777IN-0,True,asset_001282
29777IN-0,https://techcomm.kohler.com/techcomm/cad/29777inpln.dwg,cad drawing,DWG,https://www.kohler.co.in/p/innate-one-piece-elongated-smart-toilet-dual-flush-29777in?skuId=29777IN-0,True,asset_001281
29777IN-0,https://techcomm.kohler.com/techcomm/cad/29777infrt.dxf,cad drawing,DXF,https://www.kohler.co.in/p/innate-one-piece-elongated-smart-toilet-dual-flush-29777in?skuId=29777IN-0,True,asset_001280
29777IN-0,https://techcomm.kohler.com/techcomm/cad/29777infrt.dwg,cad drawing,DWG,https://www.kohler.co.in/p/innate-one-piece-elongated-smart-toilet-dual-flush-29777in?skuId=29777IN-0,True,asset_001279
29777IN-0,https://techcomm.kohler.com/techcomm/cad/29777insde.dxf,cad drawing,DXF,https://www.kohler.co.in/p/innate-one-piece-elongated-smart-toilet-dual-flush-29777in?skuId=29777IN-0,True,asset_001284
29777IN-0,https://techcomm.kohler.com/techcomm/cad/29777insde.dwg,cad drawing,DWG,https://www.kohler.co.in/p/innate-one-piece-elongated-smart-toilet-dual-flush-29777in?skuId=29777IN-0,True,asset_001283
29777IN-0,https://techcomm.kohler.com/techcomm/cad/29777IN.dxf,cad drawing,DXF,https://www.kohler.co.in/p/innate-one-piece-elongated-smart-toilet-dual-flush-29777in?skuId=29777IN-0,True,asset_001276
29777IN-0,https://techcomm.kohler.com/techcomm/cad/29777IN.dwg,cad drawing,DWG,https://www.kohler.co.in/p/innate-one-piece-elongated-smart-toilet-dual-flush-29777in?skuId=29777IN-0,True,asset_001275
29777IN-0,https://techcomm.kohler.com/techcomm/pdf/K-29777IN_spec_IN_Kohler_en.pdf,spec sheet,PDF,https://www.kohler.co.in/p/innate-one-piece-elongated-smart-toilet-dual-flush-29777in?skuId=29777IN-0,True,asset_003062
5401IN-0,https://techcomm.kohler.com/techcomm/cad/5401IN.obj,3d model,OBJ,https://www.kohler.co.in/p/veil-smart-one-piece-toilet-5401in?skuId=5401IN-0,True,asset_001621
5401IN-0,https://techcomm.kohler.com/techcomm/cad/5401IN.skp,3d model,SKP,https://www.kohler.co.in/p/veil-smart-one-piece-toilet-5401in?skuId=5401IN-0,True,asset_001622
5401IN-0,https://techcomm.kohler.com/techcomm/cad/5401IN.3ds,3d model,3DS,https://www.kohler.co.in/p/veil-smart-one-piece-toilet-5401in?skuId=5401IN-0,True,asset_001618
5401IN-0,https://techcomm.kohler.com/techcomm/cad/Toilet-Floor_Mount-KOHLER-VEIL-K-5401IN.rfa,3d model,RFA,https://www.kohler.co.in/p/veil-smart-one-piece-toilet-5401in?skuId=5401IN-0,True,asset_002732
5401IN-0,https://techcomm.kohler.com/techcomm/cad/5401inpln.dxf,cad drawing,DXF,https://www.kohler.co.in/p/veil-smart-one-piece-toilet-5401in?skuId=5401IN-0,True,asset_001626
5401IN-0,https://techcomm.kohler.com/techcomm/cad/5401inpln.dwg,cad drawing,DWG,https://www.kohler.co.in/p/veil-smart-one-piece-toilet-5401in?skuId=5401IN-0,True,asset_001625
5401IN-0,https://techcomm.kohler.com/techcomm/cad/5401infrt.dxf,cad drawing,DXF,https://www.kohler.co.in/p/veil-smart-one-piece-toilet-5401in?skuId=5401IN-0,True,asset_001624
5401IN-0,https://techcomm.kohler.com/techcomm/cad/5401infrt.dwg,cad drawing,DWG,https://www.kohler.co.in/p/veil-smart-one-piece-toilet-5401in?skuId=5401IN-0,True,asset_001623
5401IN-0,https://techcomm.kohler.com/techcomm/cad/5401insde.dxf,cad drawing,DXF,https://www.kohler.co.in/p/veil-smart-one-piece-toilet-5401in?skuId=5401IN-0,True,asset_001628
5401IN-0,https://techcomm.kohler.com/techcomm/cad/5401insde.dwg,cad drawing,DWG,https://www.kohler.co.in/p/veil-smart-one-piece-toilet-5401in?skuId=5401IN-0,True,asset_001627
5401IN-0,https://techcomm.kohler.com/techcomm/cad/5401IN.dxf,cad drawing,DXF,https://www.kohler.co.in/p/veil-smart-one-piece-toilet-5401in?skuId=5401IN-0,True,asset_001620
5401IN-0,https://techcomm.kohler.com/techcomm/cad/5401IN.dwg,cad drawing,DWG,https://www.kohler.co.in/p/veil-smart-one-piece-toilet-5401in?skuId=5401IN-0,True,asset_001619
5401IN-0,https://techcomm.kohler.com/techcomm/pdf/1373184-IN01_A1.pdf,installation,PDF,https://www.kohler.co.in/p/veil-smart-one-piece-toilet-5401in?skuId=5401IN-0,True,asset_002793
5401IN-0,https://techcomm.kohler.com/techcomm/pdf/1112833-8_p01.pdf,parts,PDF,https://www.kohler.co.in/p/veil-smart-one-piece-toilet-5401in?skuId=5401IN-0,True,asset_002766
17629T-NS-0,https://techcomm.kohler.com/techcomm/cad/17629T-NS.obj,3d model,OBJ,https://www.kohler.co.in/p/ove-one-piece-round-front-toilet-with-skirted-trapway-dual-flush-17629t-ns?skuId=17629T-NS-0,True,asset_000285
17629T-NS-0,https://techcomm.kohler.com/techcomm/cad/17629T-NS.skp,3d model,SKP,https://www.kohler.co.in/p/ove-one-piece-round-front-toilet-with-skirted-trapway-dual-flush-17629t-ns?skuId=17629T-NS-0,True,asset_000286
17629T-NS-0,https://techcomm.kohler.com/techcomm/cad/17629T-NS.3ds,3d model,3DS,https://www.kohler.co.in/p/ove-one-piece-round-front-toilet-with-skirted-trapway-dual-flush-17629t-ns?skuId=17629T-NS-0,True,asset_000282
17629T-NS-0,https://techcomm.kohler.com/techcomm/cad/Toilet-Floor_Mount-KOHLER-OVE-K-17629T.rfa,3d model,RFA,https://www.kohler.co.in/p/ove-one-piece-round-front-toilet-with-skirted-trapway-dual-flush-17629t-ns?skuId=17629T-NS-0,True,asset_002728
17629T-NS-0,https://techcomm.kohler.com/techcomm/cad/17629t_nspln.dxf,cad drawing,DXF,https://www.kohler.co.in/p/ove-one-piece-round-front-toilet-with-skirted-trapway-dual-flush-17629t-ns?skuId=17629T-NS-0,True,asset_000290
17629T-NS-0,https://techcomm.kohler.com/techcomm/cad/17629t_nspln.dwg,cad drawing,DWG,https://www.kohler.co.in/p/ove-one-piece-round-front-toilet-with-skirted-trapway-dual-flush-17629t-ns?skuId=17629T-NS-0,True,asset_000289
17629T-NS-0,https://techcomm.kohler.com/techcomm/cad/17629t_nsfrt.dxf,cad drawing,DXF,https://www.kohler.co.in/p/ove-one-piece-round-front-toilet-with-skirted-trapway-dual-flush-17629t-ns?skuId=17629T-NS-0,True,asset_000288
17629T-NS-0,https://techcomm.kohler.com/techcomm/cad/17629t_nsfrt.dwg,cad drawing,DWG,https://www.kohler.co.in/p/ove-one-piece-round-front-toilet-with-skirted-trapway-dual-flush-17629t-ns?skuId=17629T-NS-0,True,asset_000287
17629T-NS-0,https://techcomm.kohler.com/techcomm/cad/17629t_nssde.dxf,cad drawing,DXF,https://www.kohler.co.in/p/ove-one-piece-round-front-toilet-with-skirted-trapway-dual-flush-17629t-ns?skuId=17629T-NS-0,True,asset_000292
17629T-NS-0,https://techcomm.kohler.com/techcomm/cad/17629t_nssde.dwg,cad drawing,DWG,https://www.kohler.co.in/p/ove-one-piece-round-front-toilet-with-skirted-trapway-dual-flush-17629t-ns?skuId=17629T-NS-0,True,asset_000291
17629T-NS-0,https://techcomm.kohler.com/techcomm/cad/17629T-NS.dxf,cad drawing,DXF,https://www.kohler.co.in/p/ove-one-piece-round-front-toilet-with-skirted-trapway-dual-flush-17629t-ns?skuId=17629T-NS-0,True,asset_000284
17629T-NS-0,https://techcomm.kohler.com/techcomm/cad/17629T-NS.dwg,cad drawing,DWG,https://www.kohler.co.in/p/ove-one-piece-round-front-toilet-with-skirted-trapway-dual-flush-17629t-ns?skuId=17629T-NS-0,True,asset_000283
17629T-NS-0,https://techcomm.kohler.com/techcomm/pdf/K-17629T-NS_spec_CN_Kohler_en.pdf,spec sheet,PDF,https://www.kohler.co.in/p/ove-one-piece-round-front-toilet-with-skirted-trapway-dual-flush-17629t-ns?skuId=17629T-NS-0,True,asset_002952
17629T-NS-0,https://techcomm.kohler.com/techcomm/pdf/K-17629T-NS_spec_IN_Kohler_en.pdf,spec sheet,PDF,https://www.kohler.co.in/p/ove-one-piece-round-front-toilet-with-skirted-trapway-dual-flush-17629t-ns?skuId=17629T-NS-0,True,asset_002953
17629T-NS-0,https://techpubs.kohlerco.com/pdf/1089093-T2_B2.pdf,installation,PDF,https://www.kohler.co.in/p/ove-one-piece-round-front-toilet-with-skirted-trapway-dual-flush-17629t-ns?skuId=17629T-NS-0,True,asset_003182
17663IN-0,https://techcomm.kohler.com/techcomm/pdf/K-17663IN_spec_IN_Kohler_en.pdf,spec sheet,PDF,https://www.kohler.co.in/p/odeon-two-piece-toilet-tank-dual-flush-17663in?skuId=17663IN-0,True,asset_002954
17663IN-0,https://techcomm.kohler.com/techcomm/pdf/1065282-IN2_K2.pdf,installation,PDF,https://www.kohler.co.in/p/odeon-two-piece-toilet-tank-dual-flush-17663in?skuId=17663IN-0,True,asset_002763
1853IN-0,https://techcomm.kohler.com/techcomm/pdf/K-1853IN_spec_IN_Kohler_en.pdf,spec sheet,PDF,https://www.kohler.co.in/p/brive-compact-elongated-toilet-bowl-with-concealed-trapway-1853in?skuId=1853IN-0,True,asset_002959
1853IN-0,https://techpubs.kohlerco.com/pdf/fct/1210990-IN01_K1.pdf,installation,PDF,https://www.kohler.co.in/p/brive-compact-elongated-toilet-bowl-with-concealed-trapway-1853in?skuId=1853IN-0,True,asset_003184
1855IN-0,https://techcomm.kohler.com/techcomm/pdf/K-1855IN_spec_IN_Kohler_en.pdf,spec sheet,PDF,https://www.kohler.co.in/p/brive-2pc-tank-only-1855in?skuId=1855IN-0,True,asset_002960
1851IN-0,https://techcomm.kohler.com/techcomm/cad/Toilet-Floor_Mount-KOHLER-Brive-K-1851IN.rfa,3d model,RFA,https://www.kohler.co.in/p/brive-p-trap-2-pc-bowl-only-1851in?skuId=1851IN-0,True,asset_002725
1851IN-0,https://techcomm.kohler.com/techcomm/pdf/K-1851IN_spec_IN_Kohler_en.pdf,spec sheet,PDF,https://www.kohler.co.in/p/brive-p-trap-2-pc-bowl-only-1851in?skuId=1851IN-0,True,asset_002958
1851IN-0,https://techpubs.kohlerco.com/pdf/fct/1210990-IN01_K1.pdf,installation,PDF,https://www.kohler.co.in/p/brive-p-trap-2-pc-bowl-only-1851in?skuId=1851IN-0,True,asset_003184
2215IN-2-0,https://techcomm.kohler.com/techcomm/cad/2215IN-2.obj,3d model,OBJ,https://www.kohler.co.in/p/ladena-581mm-x-402mm-undercounter-basin-in-white-2215in-2?skuId=2215IN-2-0,True,asset_000522
2215IN-2-0,https://techcomm.kohler.com/techcomm/cad/2215IN-2.skp,3d model,SKP,https://www.kohler.co.in/p/ladena-581mm-x-402mm-undercounter-basin-in-white-2215in-2?skuId=2215IN-2-0,True,asset_000523
2215IN-2-0,https://techcomm.kohler.com/techcomm/cad/2215IN-2.3ds,3d model,3DS,https://www.kohler.co.in/p/ladena-581mm-x-402mm-undercounter-basin-in-white-2215in-2?skuId=2215IN-2-0,True,asset_000519
2215IN-2-0,https://techcomm.kohler.com/techcomm/cad/Sink-Undermount-Lavatory-KOHLER-Ladena -K-2215IN.rfa,3d model,RFA,https://www.kohler.co.in/p/ladena-581mm-x-402mm-undercounter-basin-in-white-2215in-2?skuId=2215IN-2-0,True,asset_002682
2215IN-2-0,https://techcomm.kohler.com/techcomm/cad/Sink-Undermount-Lavatory-KOHLER-Ladena-K-2215IN.rfa,3d model,RFA,https://www.kohler.co.in/p/ladena-581mm-x-402mm-undercounter-basin-in-white-2215in-2?skuId=2215IN-2-0,True,asset_002684
2215IN-2-0,https://techcomm.kohler.com/techcomm/cad/2215IN-2.dxf,cad drawing,DXF,https://www.kohler.co.in/p/ladena-581mm-x-402mm-undercounter-basin-in-white-2215in-2?skuId=2215IN-2-0,True,asset_000521
2215IN-2-0,https://techcomm.kohler.com/techcomm/cad/2215IN-2.dwg,cad drawing,DWG,https://www.kohler.co.in/p/ladena-581mm-x-402mm-undercounter-basin-in-white-2215in-2?skuId=2215IN-2-0,True,asset_000520
2215IN-2-0,https://techcomm.kohler.com/techcomm/pdf/K-2215IN-2_spec_IN_Kohler_en.pdf,spec sheet,PDF,https://www.kohler.co.in/p/ladena-581mm-x-402mm-undercounter-basin-in-white-2215in-2?skuId=2215IN-2-0,True,asset_002980
2215IN-2-0,https://techcomm.kohler.com/techcomm/pdf/1593303-IN8.pdf,parts,PDF,https://www.kohler.co.in/p/ladena-581mm-x-402mm-undercounter-basin-in-white-2215in-2?skuId=2215IN-2-0,True,asset_002863
2211IN-0,https://techcomm.kohler.com/techcomm/cad/2211IN.obj,3d model,OBJ,https://www.kohler.co.in/p/caxton-big-undercounter-lavatory-2211in?skuId=2211IN-0,True,asset_000500
2211IN-0,https://techcomm.kohler.com/techcomm/cad/2211IN.skp,3d model,SKP,https://www.kohler.co.in/p/caxton-big-undercounter-lavatory-2211in?skuId=2211IN-0,True,asset_000501
2211IN-0,https://techcomm.kohler.com/techcomm/cad/2211IN.3ds,3d model,3DS,https://www.kohler.co.in/p/caxton-big-undercounter-lavatory-2211in?skuId=2211IN-0,True,asset_000497
2211IN-0,https://techcomm.kohler.com/techcomm/cad/Sink-Undermount-Lavatory-KOHLER-Caxton-K-2211IN.rfa,3d model,RFA,https://www.kohler.co.in/p/caxton-big-undercounter-lavatory-2211in?skuId=2211IN-0,True,asset_002680
2211IN-0,https://techcomm.kohler.com/techcomm/cad/2211inpln.dxf,cad drawing,DXF,https://www.kohler.co.in/p/caxton-big-undercounter-lavatory-2211in?skuId=2211IN-0,True,asset_000505
2211IN-0,https://techcomm.kohler.com/techcomm/cad/2211inpln.dwg,cad drawing,DWG,https://www.kohler.co.in/p/caxton-big-undercounter-lavatory-2211in?skuId=2211IN-0,True,asset_000504
2211IN-0,https://techcomm.kohler.com/techcomm/cad/2211infrt.dxf,cad drawing,DXF,https://www.kohler.co.in/p/caxton-big-undercounter-lavatory-2211in?skuId=2211IN-0,True,asset_000503
2211IN-0,https://techcomm.kohler.com/techcomm/cad/2211infrt.dwg,cad drawing,DWG,https://www.kohler.co.in/p/caxton-big-undercounter-lavatory-2211in?skuId=2211IN-0,True,asset_000502
2211IN-0,https://techcomm.kohler.com/techcomm/cad/2211insde.dxf,cad drawing,DXF,https://www.kohler.co.in/p/caxton-big-undercounter-lavatory-2211in?skuId=2211IN-0,True,asset_000507
2211IN-0,https://techcomm.kohler.com/techcomm/cad/2211insde.dwg,cad drawing,DWG,https://www.kohler.co.in/p/caxton-big-undercounter-lavatory-2211in?skuId=2211IN-0,True,asset_000506
2211IN-0,https://techcomm.kohler.com/techcomm/cad/2211IN.dxf,cad drawing,DXF,https://www.kohler.co.in/p/caxton-big-undercounter-lavatory-2211in?skuId=2211IN-0,True,asset_000499
2211IN-0,https://techcomm.kohler.com/techcomm/cad/2211IN.dwg,cad drawing,DWG,https://www.kohler.co.in/p/caxton-big-undercounter-lavatory-2211in?skuId=2211IN-0,True,asset_000498
2211IN-0,https://techcomm.kohler.com/techcomm/pdf/K-2211IN_spec_IN_Kohler_en.pdf,spec sheet,PDF,https://www.kohler.co.in/p/caxton-big-undercounter-lavatory-2211in?skuId=2211IN-0,True,asset_002978
2211IN-0,https://techcomm.kohler.com/techcomm/pdf/1593303-IN8.pdf,parts,PDF,https://www.kohler.co.in/p/caxton-big-undercounter-lavatory-2211in?skuId=2211IN-0,True,asset_002863
2210IN-0,https://techcomm.kohler.com/techcomm/cad/2210IN.obj,3d model,OBJ,https://www.kohler.co.in/p/caxton-small-undercounter-lavatory-2210in?skuId=2210IN-0,True,asset_000489
2210IN-0,https://techcomm.kohler.com/techcomm/cad/2210IN.skp,3d model,SKP,https://www.kohler.co.in/p/caxton-small-undercounter-lavatory-2210in?skuId=2210IN-0,True,asset_000490
2210IN-0,https://techcomm.kohler.com/techcomm/cad/2210IN.3ds,3d model,3DS,https://www.kohler.co.in/p/caxton-small-undercounter-lavatory-2210in?skuId=2210IN-0,True,asset_000486
2210IN-0,https://techcomm.kohler.com/techcomm/cad/Sink-Undermount-Lavatory-KOHLER-Caxton-K-2210IN.rfa,3d model,RFA,https://www.kohler.co.in/p/caxton-small-undercounter-lavatory-2210in?skuId=2210IN-0,True,asset_002679
2210IN-0,https://techcomm.kohler.com/techcomm/cad/2210inpln.dxf,cad drawing,DXF,https://www.kohler.co.in/p/caxton-small-undercounter-lavatory-2210in?skuId=2210IN-0,True,asset_000494
2210IN-0,https://techcomm.kohler.com/techcomm/cad/2210inpln.dwg,cad drawing,DWG,https://www.kohler.co.in/p/caxton-small-undercounter-lavatory-2210in?skuId=2210IN-0,True,asset_000493
2210IN-0,https://techcomm.kohler.com/techcomm/cad/2210infrt.dxf,cad drawing,DXF,https://www.kohler.co.in/p/caxton-small-undercounter-lavatory-2210in?skuId=2210IN-0,True,asset_000492
2210IN-0,https://techcomm.kohler.com/techcomm/cad/2210infrt.dwg,cad drawing,DWG,https://www.kohler.co.in/p/caxton-small-undercounter-lavatory-2210in?skuId=2210IN-0,True,asset_000491
2210IN-0,https://techcomm.kohler.com/techcomm/cad/2210insde.dxf,cad drawing,DXF,https://www.kohler.co.in/p/caxton-small-undercounter-lavatory-2210in?skuId=2210IN-0,True,asset_000496
2210IN-0,https://techcomm.kohler.com/techcomm/cad/2210insde.dwg,cad drawing,DWG,https://www.kohler.co.in/p/caxton-small-undercounter-lavatory-2210in?skuId=2210IN-0,True,asset_000495
2210IN-0,https://techcomm.kohler.com/techcomm/cad/2210IN.dxf,cad drawing,DXF,https://www.kohler.co.in/p/caxton-small-undercounter-lavatory-2210in?skuId=2210IN-0,True,asset_000488
2210IN-0,https://techcomm.kohler.com/techcomm/cad/2210IN.dwg,cad drawing,DWG,https://www.kohler.co.in/p/caxton-small-undercounter-lavatory-2210in?skuId=2210IN-0,True,asset_000487
2210IN-0,https://techcomm.kohler.com/techcomm/pdf/K-2210IN_spec_IN_Kohler_en.pdf,spec sheet,PDF,https://www.kohler.co.in/p/caxton-small-undercounter-lavatory-2210in?skuId=2210IN-0,True,asset_002977
2210IN-0,https://techcomm.kohler.com/techcomm/pdf/1593303-IN8.pdf,parts,PDF,https://www.kohler.co.in/p/caxton-small-undercounter-lavatory-2210in?skuId=2210IN-0,True,asset_002863
14008T-RGD-0,https://techcomm.kohler.com/techcomm/cad/14008T-RGD.obj,3d model,OBJ,https://www.kohler.co.in/p/laureate-under-mount-bathroom-sink-rose-gold-14008t-rgd?skuId=14008T-RGD-0,True,asset_000135
14008T-RGD-0,https://techcomm.kohler.com/techcomm/cad/14008T-RGD.skp,3d model,SKP,https://www.kohler.co.in/p/laureate-under-mount-bathroom-sink-rose-gold-14008t-rgd?skuId=14008T-RGD-0,True,asset_000136
14008T-RGD-0,https://techcomm.kohler.com/techcomm/cad/14008T-RGD.3ds,3d model,3DS,https://www.kohler.co.in/p/laureate-under-mount-bathroom-sink-rose-gold-14008t-rgd?skuId=14008T-RGD-0,True,asset_000132
14008T-RGD-0,https://techcomm.kohler.com/techcomm/cad/Sink-Undermount-Lavatory-KOHLER-LAUREATE_CAXTON-K-14008T.rfa,3d model,RFA,https://www.kohler.co.in/p/laureate-under-mount-bathroom-sink-rose-gold-14008t-rgd?skuId=14008T-RGD-0,True,asset_002681
14008T-RGD-0,https://techcomm.kohler.com/techcomm/cad/14008t_rgdpln.dxf,cad drawing,DXF,https://www.kohler.co.in/p/laureate-under-mount-bathroom-sink-rose-gold-14008t-rgd?skuId=14008T-RGD-0,True,asset_000152
14008T-RGD-0,https://techcomm.kohler.com/techcomm/cad/14008t_rgdpln.dwg,cad drawing,DWG,https://www.kohler.co.in/p/laureate-under-mount-bathroom-sink-rose-gold-14008t-rgd?skuId=14008T-RGD-0,True,asset_000151
14008T-RGD-0,https://techcomm.kohler.com/techcomm/cad/14008t_rgdfrt.dxf,cad drawing,DXF,https://www.kohler.co.in/p/laureate-under-mount-bathroom-sink-rose-gold-14008t-rgd?skuId=14008T-RGD-0,True,asset_000150
14008T-RGD-0,https://techcomm.kohler.com/techcomm/cad/14008t_rgdfrt.dwg,cad drawing,DWG,https://www.kohler.co.in/p/laureate-under-mount-bathroom-sink-rose-gold-14008t-rgd?skuId=14008T-RGD-0,True,asset_000149
14008T-RGD-0,https://techcomm.kohler.com/techcomm/cad/14008t_rgdsde.dxf,cad drawing,DXF,https://www.kohler.co.in/p/laureate-under-mount-bathroom-sink-rose-gold-14008t-rgd?skuId=14008T-RGD-0,True,asset_000154
14008T-RGD-0,https://techcomm.kohler.com/techcomm/cad/14008t_rgdsde.dwg,cad drawing,DWG,https://www.kohler.co.in/p/laureate-under-mount-bathroom-sink-rose-gold-14008t-rgd?skuId=14008T-RGD-0,True,asset_000153
14008T-RGD-0,https://techcomm.kohler.com/techcomm/cad/14008T-RGD.dxf,cad drawing,DXF,https://www.kohler.co.in/p/laureate-under-mount-bathroom-sink-rose-gold-14008t-rgd?skuId=14008T-RGD-0,True,asset_000134
14008T-RGD-0,https://techcomm.kohler.com/techcomm/cad/14008T-RGD.dwg,cad drawing,DWG,https://www.kohler.co.in/p/laureate-under-mount-bathroom-sink-rose-gold-14008t-rgd?skuId=14008T-RGD-0,True,asset_000133
14008T-RGD-0,https://techcomm.kohler.com/techcomm/pdf/k_14008t_rgd.pdf,spec sheet,PDF,https://www.kohler.co.in/p/laureate-under-mount-bathroom-sink-rose-gold-14008t-rgd?skuId=14008T-RGD-0,True,asset_003179
14008T-PK-0,https://techcomm.kohler.com/techcomm/cad/14008T-PK.obj,3d model,OBJ,https://www.kohler.co.in/p/laureate-under-mount-bathroom-sink-platinum-14008t-pk?skuId=14008T-PK-0,True,asset_000130
14008T-PK-0,https://techcomm.kohler.com/techcomm/cad/14008T-PK.skp,3d model,SKP,https://www.kohler.co.in/p/laureate-under-mount-bathroom-sink-platinum-14008t-pk?skuId=14008T-PK-0,True,asset_000131
14008T-PK-0,https://techcomm.kohler.com/techcomm/cad/14008T-PK.3ds,3d model,3DS,https://www.kohler.co.in/p/laureate-under-mount-bathroom-sink-platinum-14008t-pk?skuId=14008T-PK-0,True,asset_000127
14008T-PK-0,https://techcomm.kohler.com/techcomm/cad/Sink-Undermount-Lavatory-KOHLER-LAUREATE_CAXTON-K-14008T.rfa,3d model,RFA,https://www.kohler.co.in/p/laureate-under-mount-bathroom-sink-platinum-14008t-pk?skuId=14008T-PK-0,True,asset_002681
14008T-PK-0,https://techcomm.kohler.com/techcomm/cad/14008t_pkpln.dxf,cad drawing,DXF,https://www.kohler.co.in/p/laureate-under-mount-bathroom-sink-platinum-14008t-pk?skuId=14008T-PK-0,True,asset_000146
14008T-PK-0,https://techcomm.kohler.com/techcomm/cad/14008t_pkpln.dwg,cad drawing,DWG,https://www.kohler.co.in/p/laureate-under-mount-bathroom-sink-platinum-14008t-pk?skuId=14008T-PK-0,True,asset_000145
14008T-PK-0,https://techcomm.kohler.com/techcomm/cad/14008t_pkfrt.dxf,cad drawing,DXF,https://www.kohler.co.in/p/laureate-under-mount-bathroom-sink-platinum-14008t-pk?skuId=14008T-PK-0,True,asset_000144
14008T-PK-0,https://techcomm.kohler.com/techcomm/cad/14008t_pkfrt.dwg,cad drawing,DWG,https://www.kohler.co.in/p/laureate-under-mount-bathroom-sink-platinum-14008t-pk?skuId=14008T-PK-0,True,asset_000143
14008T-PK-0,https://techcomm.kohler.com/techcomm/cad/14008t_pksde.dxf,cad drawing,DXF,https://www.kohler.co.in/p/laureate-under-mount-bathroom-sink-platinum-14008t-pk?skuId=14008T-PK-0,True,asset_000148
14008T-PK-0,https://techcomm.kohler.com/techcomm/cad/14008t_pksde.dwg,cad drawing,DWG,https://www.kohler.co.in/p/laureate-under-mount-bathroom-sink-platinum-14008t-pk?skuId=14008T-PK-0,True,asset_000147
14008T-PK-0,https://techcomm.kohler.com/techcomm/cad/14008T-PK.dxf,cad drawing,DXF,https://www.kohler.co.in/p/laureate-under-mount-bathroom-sink-platinum-14008t-pk?skuId=14008T-PK-0,True,asset_000129
14008T-PK-0,https://techcomm.kohler.com/techcomm/cad/14008T-PK.dwg,cad drawing,DWG,https://www.kohler.co.in/p/laureate-under-mount-bathroom-sink-platinum-14008t-pk?skuId=14008T-PK-0,True,asset_000128
14008T-PK-0,https://techcomm.kohler.com/techcomm/pdf/k_14008t_rgd.pdf,spec sheet,PDF,https://www.kohler.co.in/p/laureate-under-mount-bathroom-sink-platinum-14008t-pk?skuId=14008T-PK-0,True,asset_003179
14008T-PK-0,https://techcomm.kohler.com/techcomm/pdf/14008t_pd_pk.pdf,installation,PDF,https://www.kohler.co.in/p/laureate-under-mount-bathroom-sink-platinum-14008t-pk?skuId=14008T-PK-0,True,asset_002802
14008T-PD-0,https://techcomm.kohler.com/techcomm/cad/14008T-PD.obj,3d model,OBJ,https://www.kohler.co.in/p/laureate-under-mount-bathroom-sink-gold-14008t-pd?skuId=14008T-PD-0,True,asset_000125
14008T-PD-0,https://techcomm.kohler.com/techcomm/cad/14008T-PD.skp,3d model,SKP,https://www.kohler.co.in/p/laureate-under-mount-bathroom-sink-gold-14008t-pd?skuId=14008T-PD-0,True,asset_000126
14008T-PD-0,https://techcomm.kohler.com/techcomm/cad/14008T-PD.3ds,3d model,3DS,https://www.kohler.co.in/p/laureate-under-mount-bathroom-sink-gold-14008t-pd?skuId=14008T-PD-0,True,asset_000122
14008T-PD-0,https://techcomm.kohler.com/techcomm/cad/Sink-Undermount-Lavatory-KOHLER-LAUREATE_CAXTON-K-14008T.rfa,3d model,RFA,https://www.kohler.co.in/p/laureate-under-mount-bathroom-sink-gold-14008t-pd?skuId=14008T-PD-0,True,asset_002681
14008T-PD-0,https://techcomm.kohler.com/techcomm/cad/14008t_pdpln.dxf,cad drawing,DXF,https://www.kohler.co.in/p/laureate-under-mount-bathroom-sink-gold-14008t-pd?skuId=14008T-PD-0,True,asset_000140
14008T-PD-0,https://techcomm.kohler.com/techcomm/cad/14008t_pdpln.dwg,cad drawing,DWG,https://www.kohler.co.in/p/laureate-under-mount-bathroom-sink-gold-14008t-pd?skuId=14008T-PD-0,True,asset_000139
14008T-PD-0,https://techcomm.kohler.com/techcomm/cad/14008t_pdfrt.dxf,cad drawing,DXF,https://www.kohler.co.in/p/laureate-under-mount-bathroom-sink-gold-14008t-pd?skuId=14008T-PD-0,True,asset_000138
14008T-PD-0,https://techcomm.kohler.com/techcomm/cad/14008t_pdfrt.dwg,cad drawing,DWG,https://www.kohler.co.in/p/laureate-under-mount-bathroom-sink-gold-14008t-pd?skuId=14008T-PD-0,True,asset_000137
14008T-PD-0,https://techcomm.kohler.com/techcomm/cad/14008t_pdsde.dxf,cad drawing,DXF,https://www.kohler.co.in/p/laureate-under-mount-bathroom-sink-gold-14008t-pd?skuId=14008T-PD-0,True,asset_000142
14008T-PD-0,https://techcomm.kohler.com/techcomm/cad/14008t_pdsde.dwg,cad drawing,DWG,https://www.kohler.co.in/p/laureate-under-mount-bathroom-sink-gold-14008t-pd?skuId=14008T-PD-0,True,asset_000141
14008T-PD-0,https://techcomm.kohler.com/techcomm/cad/14008T-PD.dxf,cad drawing,DXF,https://www.kohler.co.in/p/laureate-under-mount-bathroom-sink-gold-14008t-pd?skuId=14008T-PD-0,True,asset_000124
14008T-PD-0,https://techcomm.kohler.com/techcomm/cad/14008T-PD.dwg,cad drawing,DWG,https://www.kohler.co.in/p/laureate-under-mount-bathroom-sink-gold-14008t-pd?skuId=14008T-PD-0,True,asset_000123
14008T-PD-0,https://techcomm.kohler.com/techcomm/pdf/k_14008t_rgd.pdf,spec sheet,PDF,https://www.kohler.co.in/p/laureate-under-mount-bathroom-sink-gold-14008t-pd?skuId=14008T-PD-0,True,asset_003179
14008T-PD-0,https://techcomm.kohler.com/techcomm/pdf/14008t_pd_pk.pdf,installation,PDF,https://www.kohler.co.in/p/laureate-under-mount-bathroom-sink-gold-14008t-pd?skuId=14008T-PD-0,True,asset_002802
2349IN-FDL-96,https://techcomm.kohler.com/techcomm/cad/2349IN-FDL.obj,3d model,OBJ,https://www.kohler.co.in/p/quila-camber-undermount-bathroom-sink-2349in-fdl?skuId=2349IN-FDL-96,True,asset_000571
2349IN-FDL-96,https://techcomm.kohler.com/techcomm/cad/2349IN-FDL.skp,3d model,SKP,https://www.kohler.co.in/p/quila-camber-undermount-bathroom-sink-2349in-fdl?skuId=2349IN-FDL-96,True,asset_000572
2349IN-FDL-96,https://techcomm.kohler.com/techcomm/cad/2349IN-FDL.3ds,3d model,3DS,https://www.kohler.co.in/p/quila-camber-undermount-bathroom-sink-2349in-fdl?skuId=2349IN-FDL-96,True,asset_000568
2349IN-FDL-96,https://techcomm.kohler.com/techcomm/cad/Sink-Undermount-Lavatory-KOHLER-QUILA-K-2349IN.rfa,3d model,RFA,https://www.kohler.co.in/p/quila-camber-undermount-bathroom-sink-2349in-fdl?skuId=2349IN-FDL-96,True,asset_002685
2349IN-FDL-96,https://techcomm.kohler.com/techcomm/cad/2349in_fdlpln.dxf,cad drawing,DXF,https://www.kohler.co.in/p/quila-camber-undermount-bathroom-sink-2349in-fdl?skuId=2349IN-FDL-96,True,asset_000576
2349IN-FDL-96,https://techcomm.kohler.com/techcomm/cad/2349in_fdlpln.dwg,cad drawing,DWG,https://www.kohler.co.in/p/quila-camber-undermount-bathroom-sink-2349in-fdl?skuId=2349IN-FDL-96,True,asset_000575
2349IN-FDL-96,https://techcomm.kohler.com/techcomm/cad/2349in_fdlfrt.dxf,cad drawing,DXF,https://www.kohler.co.in/p/quila-camber-undermount-bathroom-sink-2349in-fdl?skuId=2349IN-FDL-96,True,asset_000574
2349IN-FDL-96,https://techcomm.kohler.com/techcomm/cad/2349in_fdlfrt.dwg,cad drawing,DWG,https://www.kohler.co.in/p/quila-camber-undermount-bathroom-sink-2349in-fdl?skuId=2349IN-FDL-96,True,asset_000573
2349IN-FDL-96,https://techcomm.kohler.com/techcomm/cad/2349in_fdlsde.dxf,cad drawing,DXF,https://www.kohler.co.in/p/quila-camber-undermount-bathroom-sink-2349in-fdl?skuId=2349IN-FDL-96,True,asset_000578
2349IN-FDL-96,https://techcomm.kohler.com/techcomm/cad/2349in_fdlsde.dwg,cad drawing,DWG,https://www.kohler.co.in/p/quila-camber-undermount-bathroom-sink-2349in-fdl?skuId=2349IN-FDL-96,True,asset_000577
2349IN-FDL-96,https://techcomm.kohler.com/techcomm/cad/2349IN-FDL.dxf,cad drawing,DXF,https://www.kohler.co.in/p/quila-camber-undermount-bathroom-sink-2349in-fdl?skuId=2349IN-FDL-96,True,asset_000570
2349IN-FDL-96,https://techcomm.kohler.com/techcomm/cad/2349IN-FDL.dwg,cad drawing,DWG,https://www.kohler.co.in/p/quila-camber-undermount-bathroom-sink-2349in-fdl?skuId=2349IN-FDL-96,True,asset_000569
2349IN-FDL-96,https://techcomm.kohler.com/techcomm/pdf/K-2349IN-FDL_spec_IN_Kohler_en.pdf,spec sheet,PDF,https://www.kohler.co.in/p/quila-camber-undermount-bathroom-sink-2349in-fdl?skuId=2349IN-FDL-96,True,asset_002989
2883-0,https://techcomm.kohler.com/techcomm/cad/2883.obj,3d model,OBJ,https://www.kohler.co.in/p/demilav-verticyl-round-undermount-bathroom-sink-2883?skuId=2883-0,True,asset_001222
2883-0,https://techcomm.kohler.com/techcomm/cad/2883.skp,3d model,SKP,https://www.kohler.co.in/p/demilav-verticyl-round-undermount-bathroom-sink-2883?skuId=2883-0,True,asset_001223
2883-0,https://techcomm.kohler.com/techcomm/cad/2883.3ds,3d model,3DS,https://www.kohler.co.in/p/demilav-verticyl-round-undermount-bathroom-sink-2883?skuId=2883-0,True,asset_001219
2883-0,https://techcomm.kohler.com/techcomm/cad/Sink-Under_Mount-Lavatory-KOHLER-Verticyl-K-2883.zip,3d model,RFA,https://www.kohler.co.in/p/demilav-verticyl-round-undermount-bathroom-sink-2883?skuId=2883-0,True,asset_002678
2883-0,https://techcomm.kohler.com/techcomm/cad/2883pln.dxf,cad drawing,DXF,https://www.kohler.co.in/p/demilav-verticyl-round-undermount-bathroom-sink-2883?skuId=2883-0,True,asset_001227
2883-0,https://techcomm.kohler.com/techcomm/cad/2883pln.dwg,cad drawing,DWG,https://www.kohler.co.in/p/demilav-verticyl-round-undermount-bathroom-sink-2883?skuId=2883-0,True,asset_001226
2883-0,https://techcomm.kohler.com/techcomm/cad/2883frt.dxf,cad drawing,DXF,https://www.kohler.co.in/p/demilav-verticyl-round-undermount-bathroom-sink-2883?skuId=2883-0,True,asset_001225
2883-0,https://techcomm.kohler.com/techcomm/cad/2883frt.dwg,cad drawing,DWG,https://www.kohler.co.in/p/demilav-verticyl-round-undermount-bathroom-sink-2883?skuId=2883-0,True,asset_001224
2883-0,https://techcomm.kohler.com/techcomm/cad/2883sde.dxf,cad drawing,DXF,https://www.kohler.co.in/p/demilav-verticyl-round-undermount-bathroom-sink-2883?skuId=2883-0,True,asset_001229
2883-0,https://techcomm.kohler.com/techcomm/cad/2883sde.dwg,cad drawing,DWG,https://www.kohler.co.in/p/demilav-verticyl-round-undermount-bathroom-sink-2883?skuId=2883-0,True,asset_001228
2883-0,https://techcomm.kohler.com/techcomm/cad/2883.dxf,cad drawing,DXF,https://www.kohler.co.in/p/demilav-verticyl-round-undermount-bathroom-sink-2883?skuId=2883-0,True,asset_001221
2883-0,https://techcomm.kohler.com/techcomm/cad/2883.dwg,cad drawing,DWG,https://www.kohler.co.in/p/demilav-verticyl-round-undermount-bathroom-sink-2883?skuId=2883-0,True,asset_001220
2883-0,https://techcomm.kohler.com/techcomm/cad/1109224_7.dxf,cad drawing,DXF,https://www.kohler.co.in/p/demilav-verticyl-round-undermount-bathroom-sink-2883?skuId=2883-0,True,asset_000014
2883-0,https://techcomm.kohler.com/techcomm/pdf/K-2883_spec_US-CA_Kohler_en.pdf,spec sheet,PDF,https://www.kohler.co.in/p/demilav-verticyl-round-undermount-bathroom-sink-2883?skuId=2883-0,True,asset_003057
2883-0,https://techcomm.kohler.com/techcomm/pdf/K-2883_spec_IN_Kohler_en.pdf,spec sheet,PDF,https://www.kohler.co.in/p/demilav-verticyl-round-undermount-bathroom-sink-2883?skuId=2883-0,True,asset_003055
2883-0,https://techcomm.kohler.com/techcomm/pdf/K-2883_spec_US-CA_Kohler_fr-ca.pdf,spec sheet,PDF,https://www.kohler.co.in/p/demilav-verticyl-round-undermount-bathroom-sink-2883?skuId=2883-0,True,asset_003058
2883-0,https://techcomm.kohler.com/techcomm/pdf/K-2883_spec_LM_Kohler_en.pdf,spec sheet,PDF,https://www.kohler.co.in/p/demilav-verticyl-round-undermount-bathroom-sink-2883?skuId=2883-0,True,asset_003056
2883-0,https://techcomm.kohler.com/techcomm/pdf/1199847-2.pdf,installation,PDF,https://www.kohler.co.in/p/demilav-verticyl-round-undermount-bathroom-sink-2883?skuId=2883-0,True,asset_002770
2883-0,https://techcomm.kohler.com/techcomm/pdf/1068257-2.pdf,installation,PDF,https://www.kohler.co.in/p/demilav-verticyl-round-undermount-bathroom-sink-2883?skuId=2883-0,True,asset_002764
2214IN-0,https://techcomm.kohler.com/techcomm/cad/2214IN.obj,3d model,OBJ,https://www.kohler.co.in/p/ladena-529-mm-rectangular-undercounter-bathroom-sink-with-glazed-underside-2214in?skuId=2214IN-0,True,asset_000511
2214IN-0,https://techcomm.kohler.com/techcomm/cad/2214IN.skp,3d model,SKP,https://www.kohler.co.in/p/ladena-529-mm-rectangular-undercounter-bathroom-sink-with-glazed-underside-2214in?skuId=2214IN-0,True,asset_000512
2214IN-0,https://techcomm.kohler.com/techcomm/cad/2214IN.3ds,3d model,3DS,https://www.kohler.co.in/p/ladena-529-mm-rectangular-undercounter-bathroom-sink-with-glazed-underside-2214in?skuId=2214IN-0,True,asset_000508
2214IN-0,https://techcomm.kohler.com/techcomm/cad/Sink-Undermount-Lavatory-KOHLER-Ladena-K-2214IN.rfa,3d model,RFA,https://www.kohler.co.in/p/ladena-529-mm-rectangular-undercounter-bathroom-sink-with-glazed-underside-2214in?skuId=2214IN-0,True,asset_002683
2214IN-0,https://techcomm.kohler.com/techcomm/cad/2214inpln.dxf,cad drawing,DXF,https://www.kohler.co.in/p/ladena-529-mm-rectangular-undercounter-bathroom-sink-with-glazed-underside-2214in?skuId=2214IN-0,True,asset_000516
2214IN-0,https://techcomm.kohler.com/techcomm/cad/2214inpln.dwg,cad drawing,DWG,https://www.kohler.co.in/p/ladena-529-mm-rectangular-undercounter-bathroom-sink-with-glazed-underside-2214in?skuId=2214IN-0,True,asset_000515
2214IN-0,https://techcomm.kohler.com/techcomm/cad/2214infrt.dxf,cad drawing,DXF,https://www.kohler.co.in/p/ladena-529-mm-rectangular-undercounter-bathroom-sink-with-glazed-underside-2214in?skuId=2214IN-0,True,asset_000514
2214IN-0,https://techcomm.kohler.com/techcomm/cad/2214infrt.dwg,cad drawing,DWG,https://www.kohler.co.in/p/ladena-529-mm-rectangular-undercounter-bathroom-sink-with-glazed-underside-2214in?skuId=2214IN-0,True,asset_000513
2214IN-0,https://techcomm.kohler.com/techcomm/cad/2214insde.dxf,cad drawing,DXF,https://www.kohler.co.in/p/ladena-529-mm-rectangular-undercounter-bathroom-sink-with-glazed-underside-2214in?skuId=2214IN-0,True,asset_000518
2214IN-0,https://techcomm.kohler.com/techcomm/cad/2214insde.dwg,cad drawing,DWG,https://www.kohler.co.in/p/ladena-529-mm-rectangular-undercounter-bathroom-sink-with-glazed-underside-2214in?skuId=2214IN-0,True,asset_000517
2214IN-0,https://techcomm.kohler.com/techcomm/cad/2214IN.dxf,cad drawing,DXF,https://www.kohler.co.in/p/ladena-529-mm-rectangular-undercounter-bathroom-sink-with-glazed-underside-2214in?skuId=2214IN-0,True,asset_000510
2214IN-0,https://techcomm.kohler.com/techcomm/cad/2214IN.dwg,cad drawing,DWG,https://www.kohler.co.in/p/ladena-529-mm-rectangular-undercounter-bathroom-sink-with-glazed-underside-2214in?skuId=2214IN-0,True,asset_000509
2214IN-0,https://techcomm.kohler.com/techcomm/pdf/K-2214IN_spec_IN_Kohler_en.pdf,spec sheet,PDF,https://www.kohler.co.in/p/ladena-529-mm-rectangular-undercounter-bathroom-sink-with-glazed-underside-2214in?skuId=2214IN-0,True,asset_002979
2214IN-0,https://techcomm.kohler.com/techcomm/pdf/1593303-IN8.pdf,parts,PDF,https://www.kohler.co.in/p/ladena-529-mm-rectangular-undercounter-bathroom-sink-with-glazed-underside-2214in?skuId=2214IN-0,True,asset_002863
14031-BU-96,https://techcomm.kohler.com/techcomm/cad/14031-BU.obj,3d model,OBJ,https://www.kohler.co.in/p/marrakesh-vanity-top-with-single-faucet-hole-14031-bu?skuId=14031-BU-96,True,asset_000158
14031-BU-96,https://techcomm.kohler.com/techcomm/cad/14031-BU.skp,3d model,SKP,https://www.kohler.co.in/p/marrakesh-vanity-top-with-single-faucet-hole-14031-bu?skuId=14031-BU-96,True,asset_000159
14031-BU-96,https://techcomm.kohler.com/techcomm/cad/14031-BU.3ds,3d model,3DS,https://www.kohler.co.in/p/marrakesh-vanity-top-with-single-faucet-hole-14031-bu?skuId=14031-BU-96,True,asset_000155
14031-BU-96,https://techcomm.kohler.com/techcomm/cad/Counter_Top-Vanity_Top-KOHLER-Marrakesh-K-14031.rfa,3d model,RFA,https://www.kohler.co.in/p/marrakesh-vanity-top-with-single-faucet-hole-14031-bu?skuId=14031-BU-96,True,asset_002490
14031-BU-96,https://techcomm.kohler.com/techcomm/cad/14031_bupln.dxf,cad drawing,DXF,https://www.kohler.co.in/p/marrakesh-vanity-top-with-single-faucet-hole-14031-bu?skuId=14031-BU-96,True,asset_000163
14031-BU-96,https://techcomm.kohler.com/techcomm/cad/14031_bupln.dwg,cad drawing,DWG,https://www.kohler.co.in/p/marrakesh-vanity-top-with-single-faucet-hole-14031-bu?skuId=14031-BU-96,True,asset_000162
14031-BU-96,https://techcomm.kohler.com/techcomm/cad/14031_bufrt.dxf,cad drawing,DXF,https://www.kohler.co.in/p/marrakesh-vanity-top-with-single-faucet-hole-14031-bu?skuId=14031-BU-96,True,asset_000161
14031-BU-96,https://techcomm.kohler.com/techcomm/cad/14031_bufrt.dwg,cad drawing,DWG,https://www.kohler.co.in/p/marrakesh-vanity-top-with-single-faucet-hole-14031-bu?skuId=14031-BU-96,True,asset_000160
14031-BU-96,https://techcomm.kohler.com/techcomm/cad/14031_busde.dxf,cad drawing,DXF,https://www.kohler.co.in/p/marrakesh-vanity-top-with-single-faucet-hole-14031-bu?skuId=14031-BU-96,True,asset_000165
14031-BU-96,https://techcomm.kohler.com/techcomm/cad/14031_busde.dwg,cad drawing,DWG,https://www.kohler.co.in/p/marrakesh-vanity-top-with-single-faucet-hole-14031-bu?skuId=14031-BU-96,True,asset_000164
14031-BU-96,https://techcomm.kohler.com/techcomm/cad/14031-BU.dxf,cad drawing,DXF,https://www.kohler.co.in/p/marrakesh-vanity-top-with-single-faucet-hole-14031-bu?skuId=14031-BU-96,True,asset_000157
14031-BU-96,https://techcomm.kohler.com/techcomm/cad/14031-BU.dwg,cad drawing,DWG,https://www.kohler.co.in/p/marrakesh-vanity-top-with-single-faucet-hole-14031-bu?skuId=14031-BU-96,True,asset_000156
14031-BU-96,https://techcomm.kohler.com/techcomm/pdf/K-14031-BU_spec_US-CA_Kohler_en.pdf,spec sheet,PDF,https://www.kohler.co.in/p/marrakesh-vanity-top-with-single-faucet-hole-14031-bu?skuId=14031-BU-96,True,asset_002937
14031-BU-96,https://techcomm.kohler.com/techcomm/pdf/K-14031-BU_spec_IN_Kohler_en.pdf,spec sheet,PDF,https://www.kohler.co.in/p/marrakesh-vanity-top-with-single-faucet-hole-14031-bu?skuId=14031-BU-96,True,asset_002936
14031-BU-96,https://techcomm.kohler.com/techcomm/pdf/K-14031-BU_spec_US-CA_Kohler_fr-ca.pdf,spec sheet,PDF,https://www.kohler.co.in/p/marrakesh-vanity-top-with-single-faucet-hole-14031-bu?skuId=14031-BU-96,True,asset_002938
14031-BU-96,https://techcomm.kohler.com/techcomm/pdf/1058341-2.pdf,installation,PDF,https://www.kohler.co.in/p/marrakesh-vanity-top-with-single-faucet-hole-14031-bu?skuId=14031-BU-96,True,asset_002762
2749T-1-0,https://techcomm.kohler.com/techcomm/cad/2749T-1.obj,3d model,OBJ,https://www.kohler.co.in/p/forefront-vanity-lavatory-with-single-faucet-hole-2749t-1?skuId=2749T-1-0,True,asset_001101
2749T-1-0,https://techcomm.kohler.com/techcomm/cad/2749T-1.skp,3d model,SKP,https://www.kohler.co.in/p/forefront-vanity-lavatory-with-single-faucet-hole-2749t-1?skuId=2749T-1-0,True,asset_001102
2749T-1-0,https://techcomm.kohler.com/techcomm/cad/2749T-1.3ds,3d model,3DS,https://www.kohler.co.in/p/forefront-vanity-lavatory-with-single-faucet-hole-2749t-1?skuId=2749T-1-0,True,asset_001098
2749T-1-0,https://techcomm.kohler.com/techcomm/cad/Sink-Vessel-Lavatory-KOHLER-FOREFRONT-K-2749T.rfa,3d model,RFA,https://www.kohler.co.in/p/forefront-vanity-lavatory-with-single-faucet-hole-2749t-1?skuId=2749T-1-0,True,asset_002694
2749T-1-0,https://techcomm.kohler.com/techcomm/cad/2749t_1pln.dxf,cad drawing,DXF,https://www.kohler.co.in/p/forefront-vanity-lavatory-with-single-faucet-hole-2749t-1?skuId=2749T-1-0,True,asset_001106
2749T-1-0,https://techcomm.kohler.com/techcomm/cad/2749t_1pln.dwg,cad drawing,DWG,https://www.kohler.co.in/p/forefront-vanity-lavatory-with-single-faucet-hole-2749t-1?skuId=2749T-1-0,True,asset_001105
2749T-1-0,https://techcomm.kohler.com/techcomm/cad/2749t_1frt.dxf,cad drawing,DXF,https://www.kohler.co.in/p/forefront-vanity-lavatory-with-single-faucet-hole-2749t-1?skuId=2749T-1-0,True,asset_001104
2749T-1-0,https://techcomm.kohler.com/techcomm/cad/2749t_1frt.dwg,cad drawing,DWG,https://www.kohler.co.in/p/forefront-vanity-lavatory-with-single-faucet-hole-2749t-1?skuId=2749T-1-0,True,asset_001103
2749T-1-0,https://techcomm.kohler.com/techcomm/cad/2749t_1sde.dxf,cad drawing,DXF,https://www.kohler.co.in/p/forefront-vanity-lavatory-with-single-faucet-hole-2749t-1?skuId=2749T-1-0,True,asset_001108
2749T-1-0,https://techcomm.kohler.com/techcomm/cad/2749t_1sde.dwg,cad drawing,DWG,https://www.kohler.co.in/p/forefront-vanity-lavatory-with-single-faucet-hole-2749t-1?skuId=2749T-1-0,True,asset_001107
2749T-1-0,https://techcomm.kohler.com/techcomm/cad/2749T-1.dxf,cad drawing,DXF,https://www.kohler.co.in/p/forefront-vanity-lavatory-with-single-faucet-hole-2749t-1?skuId=2749T-1-0,True,asset_001100
2749T-1-0,https://techcomm.kohler.com/techcomm/cad/2749T-1.dwg,cad drawing,DWG,https://www.kohler.co.in/p/forefront-vanity-lavatory-with-single-faucet-hole-2749t-1?skuId=2749T-1-0,True,asset_001099
2749T-1-0,https://techcomm.kohler.com/techcomm/pdf/K-2749T-1_spec_IN_Kohler_en.pdf,spec sheet,PDF,https://www.kohler.co.in/p/forefront-vanity-lavatory-with-single-faucet-hole-2749t-1?skuId=2749T-1-0,True,asset_003044
2749T-1-0,https://techcomm.kohler.com/techcomm/pdf/2749T-1-0_i.pdf,installation,PDF,https://www.kohler.co.in/p/forefront-vanity-lavatory-with-single-faucet-hole-2749t-1?skuId=2749T-1-0,True,asset_002911
21226IN-HP1,https://techcomm.kohler.com/techcomm/cad/21226IN.obj,3d model,OBJ,https://www.kohler.co.in/p/600mm-edge-vessel-basin-without-faucet-hole-in-thunder-grey-21226in?skuId=21226IN-HP1,True,asset_000439
21226IN-HP1,https://techcomm.kohler.com/techcomm/cad/21226IN.skp,3d model,SKP,https://www.kohler.co.in/p/600mm-edge-vessel-basin-without-faucet-hole-in-thunder-grey-21226in?skuId=21226IN-HP1,True,asset_000440
21226IN-HP1,https://techcomm.kohler.com/techcomm/cad/21226IN.3ds,3d model,3DS,https://www.kohler.co.in/p/600mm-edge-vessel-basin-without-faucet-hole-in-thunder-grey-21226in?skuId=21226IN-HP1,True,asset_000436
21226IN-HP1,https://techcomm.kohler.com/techcomm/cad/Sink-Vessel-Lavatory-KOHLER-Modernlife-K-21226IN.rfa,3d model,RFA,https://www.kohler.co.in/p/600mm-edge-vessel-basin-without-faucet-hole-in-thunder-grey-21226in?skuId=21226IN-HP1,True,asset_002704
21226IN-HP1,https://techcomm.kohler.com/techcomm/cad/Sink-Vessel-Lavatory-KOHLER-ModernLife-K-21226IN.zip,3d model,RFA,https://www.kohler.co.in/p/600mm-edge-vessel-basin-without-faucet-hole-in-thunder-grey-21226in?skuId=21226IN-HP1,True,asset_002703
21226IN-HP1,https://techcomm.kohler.com/techcomm/cad/21226inpln.dxf,cad drawing,DXF,https://www.kohler.co.in/p/600mm-edge-vessel-basin-without-faucet-hole-in-thunder-grey-21226in?skuId=21226IN-HP1,True,asset_000450
21226IN-HP1,https://techcomm.kohler.com/techcomm/cad/21226inpln.dwg,cad drawing,DWG,https://www.kohler.co.in/p/600mm-edge-vessel-basin-without-faucet-hole-in-thunder-grey-21226in?skuId=21226IN-HP1,True,asset_000449
21226IN-HP1,https://techcomm.kohler.com/techcomm/cad/21226infrt.dxf,cad drawing,DXF,https://www.kohler.co.in/p/600mm-edge-vessel-basin-without-faucet-hole-in-thunder-grey-21226in?skuId=21226IN-HP1,True,asset_000448
21226IN-HP1,https://techcomm.kohler.com/techcomm/cad/21226infrt.dwg,cad drawing,DWG,https://www.kohler.co.in/p/600mm-edge-vessel-basin-without-faucet-hole-in-thunder-grey-21226in?skuId=21226IN-HP1,True,asset_000447
21226IN-HP1,https://techcomm.kohler.com/techcomm/cad/21226insde.dxf,cad drawing,DXF,https://www.kohler.co.in/p/600mm-edge-vessel-basin-without-faucet-hole-in-thunder-grey-21226in?skuId=21226IN-HP1,True,asset_000452
21226IN-HP1,https://techcomm.kohler.com/techcomm/cad/21226insde.dwg,cad drawing,DWG,https://www.kohler.co.in/p/600mm-edge-vessel-basin-without-faucet-hole-in-thunder-grey-21226in?skuId=21226IN-HP1,True,asset_000451
21226IN-HP1,https://techcomm.kohler.com/techcomm/cad/21226IN.dxf,cad drawing,DXF,https://www.kohler.co.in/p/600mm-edge-vessel-basin-without-faucet-hole-in-thunder-grey-21226in?skuId=21226IN-HP1,True,asset_000438
21226IN-HP1,https://techcomm.kohler.com/techcomm/cad/21226IN.dwg,cad drawing,DWG,https://www.kohler.co.in/p/600mm-edge-vessel-basin-without-faucet-hole-in-thunder-grey-21226in?skuId=21226IN-HP1,True,asset_000437
21226IN-HP1,https://techcomm.kohler.com/techcomm/pdf/K-21226IN_spec_IN_Kohler_en.pdf,spec sheet,PDF,https://www.kohler.co.in/p/600mm-edge-vessel-basin-without-faucet-hole-in-thunder-grey-21226in?skuId=21226IN-HP1,True,asset_002973
21226IN-HP1,https://techcomm.kohler.com/techcomm/pdf/21226IN.pdf,installation,PDF,https://www.kohler.co.in/p/600mm-edge-vessel-basin-without-faucet-hole-in-thunder-grey-21226in?skuId=21226IN-HP1,True,asset_002910
21226IN-SS-0,https://techcomm.kohler.com/techcomm/cad/21226IN-SS.obj,3d model,OBJ,https://www.kohler.co.in/p/modernlife-edge-edge-600-vessel-21226in-ss?skuId=21226IN-SS-0,True,asset_000434
21226IN-SS-0,https://techcomm.kohler.com/techcomm/cad/21226IN-SS.skp,3d model,SKP,https://www.kohler.co.in/p/modernlife-edge-edge-600-vessel-21226in-ss?skuId=21226IN-SS-0,True,asset_000435
21226IN-SS-0,https://techcomm.kohler.com/techcomm/cad/21226IN-SS.3ds,3d model,3DS,https://www.kohler.co.in/p/modernlife-edge-edge-600-vessel-21226in-ss?skuId=21226IN-SS-0,True,asset_000431
21226IN-SS-0,https://techcomm.kohler.com/techcomm/cad/Sink-Vessel-Lavatory-KOHLER-Modernlife-K-21226IN.rfa,3d model,RFA,https://www.kohler.co.in/p/modernlife-edge-edge-600-vessel-21226in-ss?skuId=21226IN-SS-0,True,asset_002704
21226IN-SS-0,https://techcomm.kohler.com/techcomm/cad/21226in_sspln.dxf,cad drawing,DXF,https://www.kohler.co.in/p/modernlife-edge-edge-600-vessel-21226in-ss?skuId=21226IN-SS-0,True,asset_000444
21226IN-SS-0,https://techcomm.kohler.com/techcomm/cad/21226in_sspln.dwg,cad drawing,DWG,https://www.kohler.co.in/p/modernlife-edge-edge-600-vessel-21226in-ss?skuId=21226IN-SS-0,True,asset_000443
21226IN-SS-0,https://techcomm.kohler.com/techcomm/cad/21226in_ssfrt.dxf,cad drawing,DXF,https://www.kohler.co.in/p/modernlife-edge-edge-600-vessel-21226in-ss?skuId=21226IN-SS-0,True,asset_000442
21226IN-SS-0,https://techcomm.kohler.com/techcomm/cad/21226in_ssfrt.dwg,cad drawing,DWG,https://www.kohler.co.in/p/modernlife-edge-edge-600-vessel-21226in-ss?skuId=21226IN-SS-0,True,asset_000441
21226IN-SS-0,https://techcomm.kohler.com/techcomm/cad/21226in_sssde.dxf,cad drawing,DXF,https://www.kohler.co.in/p/modernlife-edge-edge-600-vessel-21226in-ss?skuId=21226IN-SS-0,True,asset_000446
21226IN-SS-0,https://techcomm.kohler.com/techcomm/cad/21226in_sssde.dwg,cad drawing,DWG,https://www.kohler.co.in/p/modernlife-edge-edge-600-vessel-21226in-ss?skuId=21226IN-SS-0,True,asset_000445
21226IN-SS-0,https://techcomm.kohler.com/techcomm/cad/21226IN-SS.dxf,cad drawing,DXF,https://www.kohler.co.in/p/modernlife-edge-edge-600-vessel-21226in-ss?skuId=21226IN-SS-0,True,asset_000433
21226IN-SS-0,https://techcomm.kohler.com/techcomm/cad/21226IN-SS.dwg,cad drawing,DWG,https://www.kohler.co.in/p/modernlife-edge-edge-600-vessel-21226in-ss?skuId=21226IN-SS-0,True,asset_000432
31459IN-0,https://techcomm.kohler.com/techcomm/cad/31459IN.obj,3d model,OBJ,https://www.kohler.co.in/p/span-square-vessel-w-o-deck-480x340mm-31459in?skuId=31459IN-0,True,asset_001357
31459IN-0,https://techcomm.kohler.com/techcomm/cad/31459IN.skp,3d model,SKP,https://www.kohler.co.in/p/span-square-vessel-w-o-deck-480x340mm-31459in?skuId=31459IN-0,True,asset_001358
31459IN-0,https://techcomm.kohler.com/techcomm/cad/31459IN.3ds,3d model,3DS,https://www.kohler.co.in/p/span-square-vessel-w-o-deck-480x340mm-31459in?skuId=31459IN-0,True,asset_001356
31459IN-0,https://techcomm.kohler.com/techcomm/cad/31459inpln.dxf,cad drawing,DXF,https://www.kohler.co.in/p/span-square-vessel-w-o-deck-480x340mm-31459in?skuId=31459IN-0,True,asset_001362
31459IN-0,https://techcomm.kohler.com/techcomm/cad/31459inpln.dwg,cad drawing,DWG,https://www.kohler.co.in/p/span-square-vessel-w-o-deck-480x340mm-31459in?skuId=31459IN-0,True,asset_001361
31459IN-0,https://techcomm.kohler.com/techcomm/cad/31459infrt.dxf,cad drawing,DXF,https://www.kohler.co.in/p/span-square-vessel-w-o-deck-480x340mm-31459in?skuId=31459IN-0,True,asset_001360
31459IN-0,https://techcomm.kohler.com/techcomm/cad/31459infrt.dwg,cad drawing,DWG,https://www.kohler.co.in/p/span-square-vessel-w-o-deck-480x340mm-31459in?skuId=31459IN-0,True,asset_001359
31459IN-0,https://techcomm.kohler.com/techcomm/cad/31459insde.dxf,cad drawing,DXF,https://www.kohler.co.in/p/span-square-vessel-w-o-deck-480x340mm-31459in?skuId=31459IN-0,True,asset_001364
31459IN-0,https://techcomm.kohler.com/techcomm/cad/31459insde.dwg,cad drawing,DWG,https://www.kohler.co.in/p/span-square-vessel-w-o-deck-480x340mm-31459in?skuId=31459IN-0,True,asset_001363
31459IN-0,https://techcomm.kohler.com/techcomm/pdf/1496622-T2_A.pdf,cad drawing,DXF,https://www.kohler.co.in/p/span-square-vessel-w-o-deck-480x340mm-31459in?skuId=31459IN-0,True,asset_002845
31459IN-0,https://techcomm.kohler.com/techcomm/pdf/1408991-IN4.pdf,spec sheet,PDF,https://www.kohler.co.in/p/span-square-vessel-w-o-deck-480x340mm-31459in?skuId=31459IN-0,True,asset_002803
2200IN-0,https://techcomm.kohler.com/techcomm/cad/2200IN.obj,3d model,OBJ,https://www.kohler.co.in/p/conical-bell-413-mm-round-vessel-bathroom-sink-with-glazed-underside-no-overflow-2200in?skuId=2200IN-0,True,asset_000478
2200IN-0,https://techcomm.kohler.com/techcomm/cad/2200IN.skp,3d model,SKP,https://www.kohler.co.in/p/conical-bell-413-mm-round-vessel-bathroom-sink-with-glazed-underside-no-overflow-2200in?skuId=2200IN-0,True,asset_000479
2200IN-0,https://techcomm.kohler.com/techcomm/cad/2200IN.3ds,3d model,3DS,https://www.kohler.co.in/p/conical-bell-413-mm-round-vessel-bathroom-sink-with-glazed-underside-no-overflow-2200in?skuId=2200IN-0,True,asset_000475
2200IN-0,https://techcomm.kohler.com/techcomm/cad/Sink-Vessel-Lavatory-KOHLER-Conical-K-2200IN.rfa,3d model,RFA,https://www.kohler.co.in/p/conical-bell-413-mm-round-vessel-bathroom-sink-with-glazed-underside-no-overflow-2200in?skuId=2200IN-0,True,asset_002690
2200IN-0,https://techcomm.kohler.com/techcomm/cad/Sink-Vessel-Lavatory-KOHLER-Conical_Bell-K-2200IN.rfa,3d model,RFA,https://www.kohler.co.in/p/conical-bell-413-mm-round-vessel-bathroom-sink-with-glazed-underside-no-overflow-2200in?skuId=2200IN-0,True,asset_002691
2200IN-0,https://techcomm.kohler.com/techcomm/cad/Sink-Vessel-Lavatory-KOHLER-Conical_Bell-K-2200IN.zip,3d model,RFA,https://www.kohler.co.in/p/conical-bell-413-mm-round-vessel-bathroom-sink-with-glazed-underside-no-overflow-2200in?skuId=2200IN-0,True,asset_002692
2200IN-0,https://techcomm.kohler.com/techcomm/cad/2200inpln.dxf,cad drawing,DXF,https://www.kohler.co.in/p/conical-bell-413-mm-round-vessel-bathroom-sink-with-glazed-underside-no-overflow-2200in?skuId=2200IN-0,True,asset_000483
2200IN-0,https://techcomm.kohler.com/techcomm/cad/2200inpln.dwg,cad drawing,DWG,https://www.kohler.co.in/p/conical-bell-413-mm-round-vessel-bathroom-sink-with-glazed-underside-no-overflow-2200in?skuId=2200IN-0,True,asset_000482
2200IN-0,https://techcomm.kohler.com/techcomm/cad/2200infrt.dxf,cad drawing,DXF,https://www.kohler.co.in/p/conical-bell-413-mm-round-vessel-bathroom-sink-with-glazed-underside-no-overflow-2200in?skuId=2200IN-0,True,asset_000481
2200IN-0,https://techcomm.kohler.com/techcomm/cad/2200infrt.dwg,cad drawing,DWG,https://www.kohler.co.in/p/conical-bell-413-mm-round-vessel-bathroom-sink-with-glazed-underside-no-overflow-2200in?skuId=2200IN-0,True,asset_000480
2200IN-0,https://techcomm.kohler.com/techcomm/cad/2200insde.dxf,cad drawing,DXF,https://www.kohler.co.in/p/conical-bell-413-mm-round-vessel-bathroom-sink-with-glazed-underside-no-overflow-2200in?skuId=2200IN-0,True,asset_000485
2200IN-0,https://techcomm.kohler.com/techcomm/cad/2200insde.dwg,cad drawing,DWG,https://www.kohler.co.in/p/conical-bell-413-mm-round-vessel-bathroom-sink-with-glazed-underside-no-overflow-2200in?skuId=2200IN-0,True,asset_000484
2200IN-0,https://techcomm.kohler.com/techcomm/cad/2200IN.dxf,cad drawing,DXF,https://www.kohler.co.in/p/conical-bell-413-mm-round-vessel-bathroom-sink-with-glazed-underside-no-overflow-2200in?skuId=2200IN-0,True,asset_000477
2200IN-0,https://techcomm.kohler.com/techcomm/cad/2200IN.dwg,cad drawing,DWG,https://www.kohler.co.in/p/conical-bell-413-mm-round-vessel-bathroom-sink-with-glazed-underside-no-overflow-2200in?skuId=2200IN-0,True,asset_000476
2200IN-0,https://techcomm.kohler.com/techcomm/pdf/K-2200IN_spec_IN_Kohler_en.pdf,spec sheet,PDF,https://www.kohler.co.in/p/conical-bell-413-mm-round-vessel-bathroom-sink-with-glazed-underside-no-overflow-2200in?skuId=2200IN-0,True,asset_002976
5373IN-0,https://techcomm.kohler.com/techcomm/cad/5373IN.obj,3d model,OBJ,https://www.kohler.co.in/p/forefront-580-mm-rectangular-vessel-bathroom-sink-5373in?skuId=5373IN-0,True,asset_001610
5373IN-0,https://techcomm.kohler.com/techcomm/cad/5373IN.skp,3d model,SKP,https://www.kohler.co.in/p/forefront-580-mm-rectangular-vessel-bathroom-sink-5373in?skuId=5373IN-0,True,asset_001611
5373IN-0,https://techcomm.kohler.com/techcomm/cad/5373IN.3ds,3d model,3DS,https://www.kohler.co.in/p/forefront-580-mm-rectangular-vessel-bathroom-sink-5373in?skuId=5373IN-0,True,asset_001607
5373IN-0,https://techcomm.kohler.com/techcomm/cad/Sink-Vessel-Lavatory-KOHLER-FOREFRONT-K-5373IN.rfa,3d model,RFA,https://www.kohler.co.in/p/forefront-580-mm-rectangular-vessel-bathroom-sink-5373in?skuId=5373IN-0,True,asset_002695
5373IN-0,https://techcomm.kohler.com/techcomm/cad/Sink-Vessel-Lavatory-KOHLER-Forefront-K-5373IN.zip,3d model,RFA,https://www.kohler.co.in/p/forefront-580-mm-rectangular-vessel-bathroom-sink-5373in?skuId=5373IN-0,True,asset_002700
5373IN-0,https://techcomm.kohler.com/techcomm/cad/5373inpln.dxf,cad drawing,DXF,https://www.kohler.co.in/p/forefront-580-mm-rectangular-vessel-bathroom-sink-5373in?skuId=5373IN-0,True,asset_001615
5373IN-0,https://techcomm.kohler.com/techcomm/cad/5373inpln.dwg,cad drawing,DWG,https://www.kohler.co.in/p/forefront-580-mm-rectangular-vessel-bathroom-sink-5373in?skuId=5373IN-0,True,asset_001614
5373IN-0,https://techcomm.kohler.com/techcomm/cad/5373infrt.dxf,cad drawing,DXF,https://www.kohler.co.in/p/forefront-580-mm-rectangular-vessel-bathroom-sink-5373in?skuId=5373IN-0,True,asset_001613
5373IN-0,https://techcomm.kohler.com/techcomm/cad/5373infrt.dwg,cad drawing,DWG,https://www.kohler.co.in/p/forefront-580-mm-rectangular-vessel-bathroom-sink-5373in?skuId=5373IN-0,True,asset_001612
5373IN-0,https://techcomm.kohler.com/techcomm/cad/5373insde.dxf,cad drawing,DXF,https://www.kohler.co.in/p/forefront-580-mm-rectangular-vessel-bathroom-sink-5373in?skuId=5373IN-0,True,asset_001617
5373IN-0,https://techcomm.kohler.com/techcomm/cad/5373insde.dwg,cad drawing,DWG,https://www.kohler.co.in/p/forefront-580-mm-rectangular-vessel-bathroom-sink-5373in?skuId=5373IN-0,True,asset_001616
5373IN-0,https://techcomm.kohler.com/techcomm/cad/5373IN.dxf,cad drawing,DXF,https://www.kohler.co.in/p/forefront-580-mm-rectangular-vessel-bathroom-sink-5373in?skuId=5373IN-0,True,asset_001609
5373IN-0,https://techcomm.kohler.com/techcomm/cad/5373IN.dwg,cad drawing,DWG,https://www.kohler.co.in/p/forefront-580-mm-rectangular-vessel-bathroom-sink-5373in?skuId=5373IN-0,True,asset_001608
5373IN-0,https://techcomm.kohler.com/techcomm/pdf/K-5373IN_spec_IN_Kohler_en.pdf,spec sheet,PDF,https://www.kohler.co.in/p/forefront-580-mm-rectangular-vessel-bathroom-sink-5373in?skuId=5373IN-0,True,asset_003090
5373IN-0,https://techcomm.kohler.com/techcomm/pdf/1671956-24.pdf,environmental document,PDF,https://www.kohler.co.in/p/forefront-580-mm-rectangular-vessel-bathroom-sink-5373in?skuId=5373IN-0,True,asset_002901
5373IN-0,https://techcomm.kohler.com/techcomm/pdf/1656582-IN8.pdf,parts,PDF,https://www.kohler.co.in/p/forefront-580-mm-rectangular-vessel-bathroom-sink-5373in?skuId=5373IN-0,True,asset_002890
2661IN-0,https://techcomm.kohler.com/techcomm/cad/2661IN.obj,3d model,OBJ,https://www.kohler.co.in/p/vox-square-vessel-lavatory-without-faucet-hole-2661in?skuId=2661IN-0,True,asset_000933
2661IN-0,https://techcomm.kohler.com/techcomm/cad/2661IN.skp,3d model,SKP,https://www.kohler.co.in/p/vox-square-vessel-lavatory-without-faucet-hole-2661in?skuId=2661IN-0,True,asset_000934
2661IN-0,https://techcomm.kohler.com/techcomm/cad/2661IN.3ds,3d model,3DS,https://www.kohler.co.in/p/vox-square-vessel-lavatory-without-faucet-hole-2661in?skuId=2661IN-0,True,asset_000930
2661IN-0,https://techcomm.kohler.com/techcomm/cad/Sink-Vessel-Lavatory-KOHLER-FOREFRONT-K-2661IN.rfa,3d model,RFA,https://www.kohler.co.in/p/vox-square-vessel-lavatory-without-faucet-hole-2661in?skuId=2661IN-0,True,asset_002693
2661IN-0,https://techcomm.kohler.com/techcomm/cad/2661inpln.dxf,cad drawing,DXF,https://www.kohler.co.in/p/vox-square-vessel-lavatory-without-faucet-hole-2661in?skuId=2661IN-0,True,asset_000938
2661IN-0,https://techcomm.kohler.com/techcomm/cad/2661inpln.dwg,cad drawing,DWG,https://www.kohler.co.in/p/vox-square-vessel-lavatory-without-faucet-hole-2661in?skuId=2661IN-0,True,asset_000937
2661IN-0,https://techcomm.kohler.com/techcomm/cad/2661infrt.dxf,cad drawing,DXF,https://www.kohler.co.in/p/vox-square-vessel-lavatory-without-faucet-hole-2661in?skuId=2661IN-0,True,asset_000936
2661IN-0,https://techcomm.kohler.com/techcomm/cad/2661infrt.dwg,cad drawing,DWG,https://www.kohler.co.in/p/vox-square-vessel-lavatory-without-faucet-hole-2661in?skuId=2661IN-0,True,asset_000935
2661IN-0,https://techcomm.kohler.com/techcomm/cad/2661insde.dxf,cad drawing,DXF,https://www.kohler.co.in/p/vox-square-vessel-lavatory-without-faucet-hole-2661in?skuId=2661IN-0,True,asset_000940
2661IN-0,https://techcomm.kohler.com/techcomm/cad/2661insde.dwg,cad drawing,DWG,https://www.kohler.co.in/p/vox-square-vessel-lavatory-without-faucet-hole-2661in?skuId=2661IN-0,True,asset_000939
2661IN-0,https://techcomm.kohler.com/techcomm/cad/2661IN.dxf,cad drawing,DXF,https://www.kohler.co.in/p/vox-square-vessel-lavatory-without-faucet-hole-2661in?skuId=2661IN-0,True,asset_000932
2661IN-0,https://techcomm.kohler.com/techcomm/cad/2661IN.dwg,cad drawing,DWG,https://www.kohler.co.in/p/vox-square-vessel-lavatory-without-faucet-hole-2661in?skuId=2661IN-0,True,asset_000931
2661IN-0,https://techcomm.kohler.com/techcomm/pdf/K-2661IN_spec_IN_Kohler_en.pdf,spec sheet,PDF,https://www.kohler.co.in/p/vox-square-vessel-lavatory-without-faucet-hole-2661in?skuId=2661IN-0,True,asset_003029
2661IN-0,https://techcomm.kohler.com/techcomm/pdf/1656582-IN8.pdf,parts,PDF,https://www.kohler.co.in/p/vox-square-vessel-lavatory-without-faucet-hole-2661in?skuId=2661IN-0,True,asset_002890
25318IN-0,https://techcomm.kohler.com/techcomm/cad/25318IN.obj,3d model,OBJ,https://www.kohler.co.in/p/span-471-mm-oval-vessel-bathroom-sink-with-glazed-underside-no-overflow-25318in?skuId=25318IN-0,True,asset_000725
25318IN-0,https://techcomm.kohler.com/techcomm/cad/25318IN.skp,3d model,SKP,https://www.kohler.co.in/p/span-471-mm-oval-vessel-bathroom-sink-with-glazed-underside-no-overflow-25318in?skuId=25318IN-0,True,asset_000726
25318IN-0,https://techcomm.kohler.com/techcomm/cad/25318IN.3ds,3d model,3DS,https://www.kohler.co.in/p/span-471-mm-oval-vessel-bathroom-sink-with-glazed-underside-no-overflow-25318in?skuId=25318IN-0,True,asset_000722
25318IN-0,https://techcomm.kohler.com/techcomm/cad/Sink-Vessel-Lavatory-KOHLER-Span-K-25318IN.rfa,3d model,RFA,https://www.kohler.co.in/p/span-471-mm-oval-vessel-bathroom-sink-with-glazed-underside-no-overflow-25318in?skuId=25318IN-0,True,asset_002707
25318IN-0,https://techcomm.kohler.com/techcomm/cad/25318inpln.dxf,cad drawing,DXF,https://www.kohler.co.in/p/span-471-mm-oval-vessel-bathroom-sink-with-glazed-underside-no-overflow-25318in?skuId=25318IN-0,True,asset_000730
25318IN-0,https://techcomm.kohler.com/techcomm/cad/25318inpln.dwg,cad drawing,DWG,https://www.kohler.co.in/p/span-471-mm-oval-vessel-bathroom-sink-with-glazed-underside-no-overflow-25318in?skuId=25318IN-0,True,asset_000729
25318IN-0,https://techcomm.kohler.com/techcomm/cad/25318infrt.dxf,cad drawing,DXF,https://www.kohler.co.in/p/span-471-mm-oval-vessel-bathroom-sink-with-glazed-underside-no-overflow-25318in?skuId=25318IN-0,True,asset_000728
25318IN-0,https://techcomm.kohler.com/techcomm/cad/25318infrt.dwg,cad drawing,DWG,https://www.kohler.co.in/p/span-471-mm-oval-vessel-bathroom-sink-with-glazed-underside-no-overflow-25318in?skuId=25318IN-0,True,asset_000727
25318IN-0,https://techcomm.kohler.com/techcomm/cad/25318insde.dxf,cad drawing,DXF,https://www.kohler.co.in/p/span-471-mm-oval-vessel-bathroom-sink-with-glazed-underside-no-overflow-25318in?skuId=25318IN-0,True,asset_000732
25318IN-0,https://techcomm.kohler.com/techcomm/cad/25318insde.dwg,cad drawing,DWG,https://www.kohler.co.in/p/span-471-mm-oval-vessel-bathroom-sink-with-glazed-underside-no-overflow-25318in?skuId=25318IN-0,True,asset_000731
25318IN-0,https://techcomm.kohler.com/techcomm/cad/25318IN.dxf,cad drawing,DXF,https://www.kohler.co.in/p/span-471-mm-oval-vessel-bathroom-sink-with-glazed-underside-no-overflow-25318in?skuId=25318IN-0,True,asset_000724
25318IN-0,https://techcomm.kohler.com/techcomm/cad/25318IN.dwg,cad drawing,DWG,https://www.kohler.co.in/p/span-471-mm-oval-vessel-bathroom-sink-with-glazed-underside-no-overflow-25318in?skuId=25318IN-0,True,asset_000723
25318IN-0,https://techcomm.kohler.com/techcomm/pdf/K-25318IN_spec_IN_Kohler_en.pdf,spec sheet,PDF,https://www.kohler.co.in/p/span-471-mm-oval-vessel-bathroom-sink-with-glazed-underside-no-overflow-25318in?skuId=25318IN-0,True,asset_003003
25318IN-0,https://techcomm.kohler.com/techcomm/pdf/1667454-24.pdf,environmental document,PDF,https://www.kohler.co.in/p/span-471-mm-oval-vessel-bathroom-sink-with-glazed-underside-no-overflow-25318in?skuId=25318IN-0,True,asset_002897
25316IN-0,https://techcomm.kohler.com/techcomm/cad/25316IN.obj,3d model,OBJ,https://www.kohler.co.in/p/span-537-mm-rectangular-vessel-bathroom-sink-with-glazed-underside-no-overflow-25316in?skuId=25316IN-0,True,asset_000703
25316IN-0,https://techcomm.kohler.com/techcomm/cad/25316IN.skp,3d model,SKP,https://www.kohler.co.in/p/span-537-mm-rectangular-vessel-bathroom-sink-with-glazed-underside-no-overflow-25316in?skuId=25316IN-0,True,asset_000704
25316IN-0,https://techcomm.kohler.com/techcomm/cad/25316IN.3ds,3d model,3DS,https://www.kohler.co.in/p/span-537-mm-rectangular-vessel-bathroom-sink-with-glazed-underside-no-overflow-25316in?skuId=25316IN-0,True,asset_000700
25316IN-0,https://techcomm.kohler.com/techcomm/cad/Sink-Vessel-Lavatory-KOHLER-Span-K-25316IN.rfa,3d model,RFA,https://www.kohler.co.in/p/span-537-mm-rectangular-vessel-bathroom-sink-with-glazed-underside-no-overflow-25316in?skuId=25316IN-0,True,asset_002706
25316IN-0,https://techcomm.kohler.com/techcomm/cad/25316inpln.dxf,cad drawing,DXF,https://www.kohler.co.in/p/span-537-mm-rectangular-vessel-bathroom-sink-with-glazed-underside-no-overflow-25316in?skuId=25316IN-0,True,asset_000708
25316IN-0,https://techcomm.kohler.com/techcomm/cad/25316inpln.dwg,cad drawing,DWG,https://www.kohler.co.in/p/span-537-mm-rectangular-vessel-bathroom-sink-with-glazed-underside-no-overflow-25316in?skuId=25316IN-0,True,asset_000707
25316IN-0,https://techcomm.kohler.com/techcomm/cad/25316infrt.dxf,cad drawing,DXF,https://www.kohler.co.in/p/span-537-mm-rectangular-vessel-bathroom-sink-with-glazed-underside-no-overflow-25316in?skuId=25316IN-0,True,asset_000706
25316IN-0,https://techcomm.kohler.com/techcomm/cad/25316infrt.dwg,cad drawing,DWG,https://www.kohler.co.in/p/span-537-mm-rectangular-vessel-bathroom-sink-with-glazed-underside-no-overflow-25316in?skuId=25316IN-0,True,asset_000705
25316IN-0,https://techcomm.kohler.com/techcomm/cad/25316insde.dxf,cad drawing,DXF,https://www.kohler.co.in/p/span-537-mm-rectangular-vessel-bathroom-sink-with-glazed-underside-no-overflow-25316in?skuId=25316IN-0,True,asset_000710
25316IN-0,https://techcomm.kohler.com/techcomm/cad/25316insde.dwg,cad drawing,DWG,https://www.kohler.co.in/p/span-537-mm-rectangular-vessel-bathroom-sink-with-glazed-underside-no-overflow-25316in?skuId=25316IN-0,True,asset_000709
25316IN-0,https://techcomm.kohler.com/techcomm/cad/25316IN.dxf,cad drawing,DXF,https://www.kohler.co.in/p/span-537-mm-rectangular-vessel-bathroom-sink-with-glazed-underside-no-overflow-25316in?skuId=25316IN-0,True,asset_000702
25316IN-0,https://techcomm.kohler.com/techcomm/cad/25316IN.dwg,cad drawing,DWG,https://www.kohler.co.in/p/span-537-mm-rectangular-vessel-bathroom-sink-with-glazed-underside-no-overflow-25316in?skuId=25316IN-0,True,asset_000701
25316IN-0,https://techcomm.kohler.com/techcomm/pdf/K-25316IN_spec_IN_Kohler_en.pdf,spec sheet,PDF,https://www.kohler.co.in/p/span-537-mm-rectangular-vessel-bathroom-sink-with-glazed-underside-no-overflow-25316in?skuId=25316IN-0,True,asset_003001
29024IN-1-0,https://techcomm.kohler.com/techcomm/cad/29024IN-1.obj,3d model,OBJ,https://www.kohler.co.in/p/chalice-round-vessel-1tap-hole-29024in-1?skuId=29024IN-1-0,True,asset_001233
29024IN-1-0,https://techcomm.kohler.com/techcomm/cad/29024IN-1.skp,3d model,SKP,https://www.kohler.co.in/p/chalice-round-vessel-1tap-hole-29024in-1?skuId=29024IN-1-0,True,asset_001234
29024IN-1-0,https://techcomm.kohler.com/techcomm/cad/29024IN-1.3ds,3d model,3DS,https://www.kohler.co.in/p/chalice-round-vessel-1tap-hole-29024in-1?skuId=29024IN-1-0,True,asset_001230
29024IN-1-0,https://techcomm.kohler.com/techcomm/cad/Sink-Vessel-Lavatory-KOHLER-Chalice-K-29024IN.rfa,3d model,RFA,https://www.kohler.co.in/p/chalice-round-vessel-1tap-hole-29024in-1?skuId=29024IN-1-0,True,asset_002689
29024IN-1-0,https://techcomm.kohler.com/techcomm/cad/29024in_1pln.dxf,cad drawing,DXF,https://www.kohler.co.in/p/chalice-round-vessel-1tap-hole-29024in-1?skuId=29024IN-1-0,True,asset_001238
29024IN-1-0,https://techcomm.kohler.com/techcomm/cad/29024in_1pln.dwg,cad drawing,DWG,https://www.kohler.co.in/p/chalice-round-vessel-1tap-hole-29024in-1?skuId=29024IN-1-0,True,asset_001237
29024IN-1-0,https://techcomm.kohler.com/techcomm/cad/29024in_1frt.dxf,cad drawing,DXF,https://www.kohler.co.in/p/chalice-round-vessel-1tap-hole-29024in-1?skuId=29024IN-1-0,True,asset_001236
29024IN-1-0,https://techcomm.kohler.com/techcomm/cad/29024in_1frt.dwg,cad drawing,DWG,https://www.kohler.co.in/p/chalice-round-vessel-1tap-hole-29024in-1?skuId=29024IN-1-0,True,asset_001235
29024IN-1-0,https://techcomm.kohler.com/techcomm/cad/29024in_1sde.dxf,cad drawing,DXF,https://www.kohler.co.in/p/chalice-round-vessel-1tap-hole-29024in-1?skuId=29024IN-1-0,True,asset_001240
29024IN-1-0,https://techcomm.kohler.com/techcomm/cad/29024in_1sde.dwg,cad drawing,DWG,https://www.kohler.co.in/p/chalice-round-vessel-1tap-hole-29024in-1?skuId=29024IN-1-0,True,asset_001239
29024IN-1-0,https://techcomm.kohler.com/techcomm/cad/29024IN-1.dxf,cad drawing,DXF,https://www.kohler.co.in/p/chalice-round-vessel-1tap-hole-29024in-1?skuId=29024IN-1-0,True,asset_001232
29024IN-1-0,https://techcomm.kohler.com/techcomm/cad/29024IN-1.dwg,cad drawing,DWG,https://www.kohler.co.in/p/chalice-round-vessel-1tap-hole-29024in-1?skuId=29024IN-1-0,True,asset_001231
29024IN-1-0,https://techcomm.kohler.com/techcomm/pdf/29024IN-1_Chalice w deck vessel.pdf,spec sheet,PDF,https://www.kohler.co.in/p/chalice-round-vessel-1tap-hole-29024in-1?skuId=29024IN-1-0,True,asset_002912
75374IN-1-0,https://techcomm.kohler.com/techcomm/cad/75374IN-1.obj,3d model,OBJ,https://www.kohler.co.in/p/forefront-sq-w-deck-75374in-1?skuId=75374IN-1-0,True,asset_002066
75374IN-1-0,https://techcomm.kohler.com/techcomm/cad/75374IN-1.skp,3d model,SKP,https://www.kohler.co.in/p/forefront-sq-w-deck-75374in-1?skuId=75374IN-1-0,True,asset_002067
75374IN-1-0,https://techcomm.kohler.com/techcomm/cad/75374IN-1.3ds,3d model,3DS,https://www.kohler.co.in/p/forefront-sq-w-deck-75374in-1?skuId=75374IN-1-0,True,asset_002063
75374IN-1-0,https://techcomm.kohler.com/techcomm/cad/Sink-Vessel-Lavatory-KOHLER-FOREFRONT-K-75374IN.rfa,3d model,RFA,https://www.kohler.co.in/p/forefront-sq-w-deck-75374in-1?skuId=75374IN-1-0,True,asset_002696
75374IN-1-0,https://techcomm.kohler.com/techcomm/cad/75374IN-1.dxf,cad drawing,DXF,https://www.kohler.co.in/p/forefront-sq-w-deck-75374in-1?skuId=75374IN-1-0,True,asset_002065
75374IN-1-0,https://techcomm.kohler.com/techcomm/cad/75374IN-1.dwg,cad drawing,DWG,https://www.kohler.co.in/p/forefront-sq-w-deck-75374in-1?skuId=75374IN-1-0,True,asset_002064
75374IN-1-0,https://techcomm.kohler.com/techcomm/pdf/K-75374IN-1_spec_IN_Kohler_en.pdf,spec sheet,PDF,https://www.kohler.co.in/p/forefront-sq-w-deck-75374in-1?skuId=75374IN-1-0,True,asset_003128
90011T-0,https://techcomm.kohler.com/techcomm/cad/90011T.obj,3d model,OBJ,https://www.kohler.co.in/p/mica-vessel-sink-90011t?skuId=90011T-0,True,asset_002212
90011T-0,https://techcomm.kohler.com/techcomm/cad/90011T.skp,3d model,SKP,https://www.kohler.co.in/p/mica-vessel-sink-90011t?skuId=90011T-0,True,asset_002213
90011T-0,https://techcomm.kohler.com/techcomm/cad/90011T.3ds,3d model,3DS,https://www.kohler.co.in/p/mica-vessel-sink-90011t?skuId=90011T-0,True,asset_002209
90011T-0,https://techcomm.kohler.com/techcomm/cad/Sink-Vessel-Lavatory-KOHLER-MICA-K-90011T.rfa,3d model,RFA,https://www.kohler.co.in/p/mica-vessel-sink-90011t?skuId=90011T-0,True,asset_002702
90011T-0,https://techcomm.kohler.com/techcomm/cad/90011tpln.dxf,cad drawing,DXF,https://www.kohler.co.in/p/mica-vessel-sink-90011t?skuId=90011T-0,True,asset_002217
90011T-0,https://techcomm.kohler.com/techcomm/cad/90011tpln.dwg,cad drawing,DWG,https://www.kohler.co.in/p/mica-vessel-sink-90011t?skuId=90011T-0,True,asset_002216
90011T-0,https://techcomm.kohler.com/techcomm/cad/90011tfrt.dxf,cad drawing,DXF,https://www.kohler.co.in/p/mica-vessel-sink-90011t?skuId=90011T-0,True,asset_002215
90011T-0,https://techcomm.kohler.com/techcomm/cad/90011tfrt.dwg,cad drawing,DWG,https://www.kohler.co.in/p/mica-vessel-sink-90011t?skuId=90011T-0,True,asset_002214
90011T-0,https://techcomm.kohler.com/techcomm/cad/90011tsde.dxf,cad drawing,DXF,https://www.kohler.co.in/p/mica-vessel-sink-90011t?skuId=90011T-0,True,asset_002219
90011T-0,https://techcomm.kohler.com/techcomm/cad/90011tsde.dwg,cad drawing,DWG,https://www.kohler.co.in/p/mica-vessel-sink-90011t?skuId=90011T-0,True,asset_002218
90011T-0,https://techcomm.kohler.com/techcomm/cad/90011T.dxf,cad drawing,DXF,https://www.kohler.co.in/p/mica-vessel-sink-90011t?skuId=90011T-0,True,asset_002211
90011T-0,https://techcomm.kohler.com/techcomm/cad/90011T.dwg,cad drawing,DWG,https://www.kohler.co.in/p/mica-vessel-sink-90011t?skuId=90011T-0,True,asset_002210
90011T-0,https://techcomm.kohler.com/techcomm/pdf/90011T.pdf,spec sheet,PDF,https://www.kohler.co.in/p/mica-vessel-sink-90011t?skuId=90011T-0,True,asset_002917
90011T-0,https://techcomm.kohler.com/techcomm/pdf/K-90011T_spec_IN_Kohler_en.pdf,spec sheet,PDF,https://www.kohler.co.in/p/mica-vessel-sink-90011t?skuId=90011T-0,True,asset_003142
90011T-0,https://techcomm.kohler.com/techcomm/pdf/90011T-0or7.pdf,installation,PDF,https://www.kohler.co.in/p/mica-vessel-sink-90011t?skuId=90011T-0,True,asset_002916
31343IN-SS-0,https://techcomm.kohler.com/techcomm/cad/31343IN-SS.obj,3d model,OBJ,https://www.kohler.co.in/p/nysa-vessel-basin-without-faucet-hole-in-white-31343in-ss?skuId=31343IN-SS-0,True,asset_001328
31343IN-SS-0,https://techcomm.kohler.com/techcomm/cad/31343IN-SS.skp,3d model,SKP,https://www.kohler.co.in/p/nysa-vessel-basin-without-faucet-hole-in-white-31343in-ss?skuId=31343IN-SS-0,True,asset_001329
31343IN-SS-0,https://techcomm.kohler.com/techcomm/cad/31343IN-SS.3ds,3d model,3DS,https://www.kohler.co.in/p/nysa-vessel-basin-without-faucet-hole-in-white-31343in-ss?skuId=31343IN-SS-0,True,asset_001327
31343IN-SS-0,https://techcomm.kohler.com/techcomm/cad/Sink-Vessel-Lavatory-KOHLER-NYSA-K-31343IN.rfa,3d model,RFA,https://www.kohler.co.in/p/nysa-vessel-basin-without-faucet-hole-in-white-31343in-ss?skuId=31343IN-SS-0,True,asset_002705
31343IN-SS-0,https://techcomm.kohler.com/techcomm/cad/31343in_sspln.dxf,cad drawing,DXF,https://www.kohler.co.in/p/nysa-vessel-basin-without-faucet-hole-in-white-31343in-ss?skuId=31343IN-SS-0,True,asset_001333
31343IN-SS-0,https://techcomm.kohler.com/techcomm/cad/31343in_sspln.dwg,cad drawing,DWG,https://www.kohler.co.in/p/nysa-vessel-basin-without-faucet-hole-in-white-31343in-ss?skuId=31343IN-SS-0,True,asset_001332
31343IN-SS-0,https://techcomm.kohler.com/techcomm/cad/31343in_ssfrt.dxf,cad drawing,DXF,https://www.kohler.co.in/p/nysa-vessel-basin-without-faucet-hole-in-white-31343in-ss?skuId=31343IN-SS-0,True,asset_001331
31343IN-SS-0,https://techcomm.kohler.com/techcomm/cad/31343in_ssfrt.dwg,cad drawing,DWG,https://www.kohler.co.in/p/nysa-vessel-basin-without-faucet-hole-in-white-31343in-ss?skuId=31343IN-SS-0,True,asset_001330
31343IN-SS-0,https://techcomm.kohler.com/techcomm/cad/31343in_sssde.dxf,cad drawing,DXF,https://www.kohler.co.in/p/nysa-vessel-basin-without-faucet-hole-in-white-31343in-ss?skuId=31343IN-SS-0,True,asset_001335
31343IN-SS-0,https://techcomm.kohler.com/techcomm/cad/31343in_sssde.dwg,cad drawing,DWG,https://www.kohler.co.in/p/nysa-vessel-basin-without-faucet-hole-in-white-31343in-ss?skuId=31343IN-SS-0,True,asset_001334
31343IN-SS-0,https://techcomm.kohler.com/techcomm/pdf/1656584-IN8.pdf,parts,PDF,https://www.kohler.co.in/p/nysa-vessel-basin-without-faucet-hole-in-white-31343in-ss?skuId=31343IN-SS-0,True,asset_002891
75375IN-0,https://techcomm.kohler.com/techcomm/cad/75375IN.obj,3d model,OBJ,https://www.kohler.co.in/p/forefront-890-mm-rectangular-vessel-bathroom-sink-no-overflow-75375in?skuId=75375IN-0,True,asset_002071
75375IN-0,https://techcomm.kohler.com/techcomm/cad/75375IN.skp,3d model,SKP,https://www.kohler.co.in/p/forefront-890-mm-rectangular-vessel-bathroom-sink-no-overflow-75375in?skuId=75375IN-0,True,asset_002072
75375IN-0,https://techcomm.kohler.com/techcomm/cad/75375IN.3ds,3d model,3DS,https://www.kohler.co.in/p/forefront-890-mm-rectangular-vessel-bathroom-sink-no-overflow-75375in?skuId=75375IN-0,True,asset_002068
75375IN-0,https://techcomm.kohler.com/techcomm/cad/Sink-Vessel-Lavatory-KOHLER-FOREFRONT-K-75375IN.rfa,3d model,RFA,https://www.kohler.co.in/p/forefront-890-mm-rectangular-vessel-bathroom-sink-no-overflow-75375in?skuId=75375IN-0,True,asset_002697
75375IN-0,https://techcomm.kohler.com/techcomm/cad/75375inpln.dxf,cad drawing,DXF,https://www.kohler.co.in/p/forefront-890-mm-rectangular-vessel-bathroom-sink-no-overflow-75375in?skuId=75375IN-0,True,asset_002076
75375IN-0,https://techcomm.kohler.com/techcomm/cad/75375inpln.dwg,cad drawing,DWG,https://www.kohler.co.in/p/forefront-890-mm-rectangular-vessel-bathroom-sink-no-overflow-75375in?skuId=75375IN-0,True,asset_002075
75375IN-0,https://techcomm.kohler.com/techcomm/cad/75375infrt.dxf,cad drawing,DXF,https://www.kohler.co.in/p/forefront-890-mm-rectangular-vessel-bathroom-sink-no-overflow-75375in?skuId=75375IN-0,True,asset_002074
75375IN-0,https://techcomm.kohler.com/techcomm/cad/75375infrt.dwg,cad drawing,DWG,https://www.kohler.co.in/p/forefront-890-mm-rectangular-vessel-bathroom-sink-no-overflow-75375in?skuId=75375IN-0,True,asset_002073
75375IN-0,https://techcomm.kohler.com/techcomm/cad/75375insde.dxf,cad drawing,DXF,https://www.kohler.co.in/p/forefront-890-mm-rectangular-vessel-bathroom-sink-no-overflow-75375in?skuId=75375IN-0,True,asset_002078
75375IN-0,https://techcomm.kohler.com/techcomm/cad/75375insde.dwg,cad drawing,DWG,https://www.kohler.co.in/p/forefront-890-mm-rectangular-vessel-bathroom-sink-no-overflow-75375in?skuId=75375IN-0,True,asset_002077
75375IN-0,https://techcomm.kohler.com/techcomm/cad/75375IN.dxf,cad drawing,DXF,https://www.kohler.co.in/p/forefront-890-mm-rectangular-vessel-bathroom-sink-no-overflow-75375in?skuId=75375IN-0,True,asset_002070
75375IN-0,https://techcomm.kohler.com/techcomm/cad/75375IN.dwg,cad drawing,DWG,https://www.kohler.co.in/p/forefront-890-mm-rectangular-vessel-bathroom-sink-no-overflow-75375in?skuId=75375IN-0,True,asset_002069
75375IN-0,https://techcomm.kohler.com/techcomm/pdf/K-75375IN_spec_IN_Kohler_en.pdf,spec sheet,PDF,https://www.kohler.co.in/p/forefront-890-mm-rectangular-vessel-bathroom-sink-no-overflow-75375in?skuId=75375IN-0,True,asset_003129
28784IN-0,https://techcomm.kohler.com/techcomm/cad/28784IN.obj,3d model,OBJ,https://www.kohler.co.in/p/vive-552-mm-rectangular-vessel-bathroom-sink-no-overflow-28784in?skuId=28784IN-0,True,asset_001211
28784IN-0,https://techcomm.kohler.com/techcomm/cad/28784IN.skp,3d model,SKP,https://www.kohler.co.in/p/vive-552-mm-rectangular-vessel-bathroom-sink-no-overflow-28784in?skuId=28784IN-0,True,asset_001212
28784IN-0,https://techcomm.kohler.com/techcomm/cad/28784IN.3ds,3d model,3DS,https://www.kohler.co.in/p/vive-552-mm-rectangular-vessel-bathroom-sink-no-overflow-28784in?skuId=28784IN-0,True,asset_001208
28784IN-0,https://techcomm.kohler.com/techcomm/cad/Sink-Vessel-Lavatory-KOHLER-Vive-K-28784IN.rfa,3d model,RFA,https://www.kohler.co.in/p/vive-552-mm-rectangular-vessel-bathroom-sink-no-overflow-28784in?skuId=28784IN-0,True,asset_002712
28784IN-0,https://techcomm.kohler.com/techcomm/cad/28784inpln.dxf,cad drawing,DXF,https://www.kohler.co.in/p/vive-552-mm-rectangular-vessel-bathroom-sink-no-overflow-28784in?skuId=28784IN-0,True,asset_001216
28784IN-0,https://techcomm.kohler.com/techcomm/cad/28784inpln.dwg,cad drawing,DWG,https://www.kohler.co.in/p/vive-552-mm-rectangular-vessel-bathroom-sink-no-overflow-28784in?skuId=28784IN-0,True,asset_001215
28784IN-0,https://techcomm.kohler.com/techcomm/cad/28784infrt.dxf,cad drawing,DXF,https://www.kohler.co.in/p/vive-552-mm-rectangular-vessel-bathroom-sink-no-overflow-28784in?skuId=28784IN-0,True,asset_001214
28784IN-0,https://techcomm.kohler.com/techcomm/cad/28784infrt.dwg,cad drawing,DWG,https://www.kohler.co.in/p/vive-552-mm-rectangular-vessel-bathroom-sink-no-overflow-28784in?skuId=28784IN-0,True,asset_001213
28784IN-0,https://techcomm.kohler.com/techcomm/cad/28784insde.dxf,cad drawing,DXF,https://www.kohler.co.in/p/vive-552-mm-rectangular-vessel-bathroom-sink-no-overflow-28784in?skuId=28784IN-0,True,asset_001218
28784IN-0,https://techcomm.kohler.com/techcomm/cad/28784insde.dwg,cad drawing,DWG,https://www.kohler.co.in/p/vive-552-mm-rectangular-vessel-bathroom-sink-no-overflow-28784in?skuId=28784IN-0,True,asset_001217
28784IN-0,https://techcomm.kohler.com/techcomm/cad/28784IN.dxf,cad drawing,DXF,https://www.kohler.co.in/p/vive-552-mm-rectangular-vessel-bathroom-sink-no-overflow-28784in?skuId=28784IN-0,True,asset_001210
28784IN-0,https://techcomm.kohler.com/techcomm/cad/28784IN.dwg,cad drawing,DWG,https://www.kohler.co.in/p/vive-552-mm-rectangular-vessel-bathroom-sink-no-overflow-28784in?skuId=28784IN-0,True,asset_001209
28784IN-0,https://techcomm.kohler.com/techcomm/pdf/K-28784IN_spec_IN_Kohler_en.pdf,spec sheet,PDF,https://www.kohler.co.in/p/vive-552-mm-rectangular-vessel-bathroom-sink-no-overflow-28784in?skuId=28784IN-0,True,asset_003054
28783IN-0,https://techcomm.kohler.com/techcomm/cad/28783IN.obj,3d model,OBJ,https://www.kohler.co.in/p/vive-547-mm-oval-vessel-bathroom-sink-no-overflow-28783in?skuId=28783IN-0,True,asset_001200
28783IN-0,https://techcomm.kohler.com/techcomm/cad/28783IN.skp,3d model,SKP,https://www.kohler.co.in/p/vive-547-mm-oval-vessel-bathroom-sink-no-overflow-28783in?skuId=28783IN-0,True,asset_001201
28783IN-0,https://techcomm.kohler.com/techcomm/cad/28783IN.3ds,3d model,3DS,https://www.kohler.co.in/p/vive-547-mm-oval-vessel-bathroom-sink-no-overflow-28783in?skuId=28783IN-0,True,asset_001197
28783IN-0,https://techcomm.kohler.com/techcomm/cad/Sink-Vessel-Lavatory-KOHLER-Vive-K-28783IN.rfa,3d model,RFA,https://www.kohler.co.in/p/vive-547-mm-oval-vessel-bathroom-sink-no-overflow-28783in?skuId=28783IN-0,True,asset_002711
28783IN-0,https://techcomm.kohler.com/techcomm/cad/28783inpln.dxf,cad drawing,DXF,https://www.kohler.co.in/p/vive-547-mm-oval-vessel-bathroom-sink-no-overflow-28783in?skuId=28783IN-0,True,asset_001205
28783IN-0,https://techcomm.kohler.com/techcomm/cad/28783inpln.dwg,cad drawing,DWG,https://www.kohler.co.in/p/vive-547-mm-oval-vessel-bathroom-sink-no-overflow-28783in?skuId=28783IN-0,True,asset_001204
28783IN-0,https://techcomm.kohler.com/techcomm/cad/28783infrt.dxf,cad drawing,DXF,https://www.kohler.co.in/p/vive-547-mm-oval-vessel-bathroom-sink-no-overflow-28783in?skuId=28783IN-0,True,asset_001203
28783IN-0,https://techcomm.kohler.com/techcomm/cad/28783infrt.dwg,cad drawing,DWG,https://www.kohler.co.in/p/vive-547-mm-oval-vessel-bathroom-sink-no-overflow-28783in?skuId=28783IN-0,True,asset_001202
28783IN-0,https://techcomm.kohler.com/techcomm/cad/28783insde.dxf,cad drawing,DXF,https://www.kohler.co.in/p/vive-547-mm-oval-vessel-bathroom-sink-no-overflow-28783in?skuId=28783IN-0,True,asset_001207
28783IN-0,https://techcomm.kohler.com/techcomm/cad/28783insde.dwg,cad drawing,DWG,https://www.kohler.co.in/p/vive-547-mm-oval-vessel-bathroom-sink-no-overflow-28783in?skuId=28783IN-0,True,asset_001206
28783IN-0,https://techcomm.kohler.com/techcomm/cad/28783IN.dxf,cad drawing,DXF,https://www.kohler.co.in/p/vive-547-mm-oval-vessel-bathroom-sink-no-overflow-28783in?skuId=28783IN-0,True,asset_001199
28783IN-0,https://techcomm.kohler.com/techcomm/cad/28783IN.dwg,cad drawing,DWG,https://www.kohler.co.in/p/vive-547-mm-oval-vessel-bathroom-sink-no-overflow-28783in?skuId=28783IN-0,True,asset_001198
28783IN-0,https://techcomm.kohler.com/techcomm/pdf/K-28783IN_spec_IN_Kohler_en.pdf,spec sheet,PDF,https://www.kohler.co.in/p/vive-547-mm-oval-vessel-bathroom-sink-no-overflow-28783in?skuId=28783IN-0,True,asset_003053
21060IN-0,https://techcomm.kohler.com/techcomm/cad/21060IN.obj,3d model,OBJ,https://www.kohler.co.in/p/brazn-vessel-bathroom-sink-21060in?skuId=21060IN-0,True,asset_000423
21060IN-0,https://techcomm.kohler.com/techcomm/cad/21060IN.skp,3d model,SKP,https://www.kohler.co.in/p/brazn-vessel-bathroom-sink-21060in?skuId=21060IN-0,True,asset_000424
21060IN-0,https://techcomm.kohler.com/techcomm/cad/21060IN.3ds,3d model,3DS,https://www.kohler.co.in/p/brazn-vessel-bathroom-sink-21060in?skuId=21060IN-0,True,asset_000420
21060IN-0,https://techcomm.kohler.com/techcomm/cad/Sink-Vessel-Lavatory-KOHLER-BRAZN-K-21060IN.rfa,3d model,RFA,https://www.kohler.co.in/p/brazn-vessel-bathroom-sink-21060in?skuId=21060IN-0,True,asset_002687
21060IN-0,https://techcomm.kohler.com/techcomm/cad/Sink-Vessel-Lavatory-KOHLER-Brazn-K-21060IN.zip,3d model,RFA,https://www.kohler.co.in/p/brazn-vessel-bathroom-sink-21060in?skuId=21060IN-0,True,asset_002688
21060IN-0,https://techcomm.kohler.com/techcomm/cad/21060inpln.dxf,cad drawing,DXF,https://www.kohler.co.in/p/brazn-vessel-bathroom-sink-21060in?skuId=21060IN-0,True,asset_000428
21060IN-0,https://techcomm.kohler.com/techcomm/cad/21060inpln.dwg,cad drawing,DWG,https://www.kohler.co.in/p/brazn-vessel-bathroom-sink-21060in?skuId=21060IN-0,True,asset_000427
21060IN-0,https://techcomm.kohler.com/techcomm/cad/21060infrt.dxf,cad drawing,DXF,https://www.kohler.co.in/p/brazn-vessel-bathroom-sink-21060in?skuId=21060IN-0,True,asset_000426
21060IN-0,https://techcomm.kohler.com/techcomm/cad/21060infrt.dwg,cad drawing,DWG,https://www.kohler.co.in/p/brazn-vessel-bathroom-sink-21060in?skuId=21060IN-0,True,asset_000425
21060IN-0,https://techcomm.kohler.com/techcomm/cad/21060insde.dxf,cad drawing,DXF,https://www.kohler.co.in/p/brazn-vessel-bathroom-sink-21060in?skuId=21060IN-0,True,asset_000430
21060IN-0,https://techcomm.kohler.com/techcomm/cad/21060insde.dwg,cad drawing,DWG,https://www.kohler.co.in/p/brazn-vessel-bathroom-sink-21060in?skuId=21060IN-0,True,asset_000429
21060IN-0,https://techcomm.kohler.com/techcomm/cad/21060IN.dxf,cad drawing,DXF,https://www.kohler.co.in/p/brazn-vessel-bathroom-sink-21060in?skuId=21060IN-0,True,asset_000422
21060IN-0,https://techcomm.kohler.com/techcomm/cad/21060IN.dwg,cad drawing,DWG,https://www.kohler.co.in/p/brazn-vessel-bathroom-sink-21060in?skuId=21060IN-0,True,asset_000421
21060IN-0,https://techcomm.kohler.com/techcomm/pdf/K-21060IN_spec_IN_Kohler_en.pdf,spec sheet,PDF,https://www.kohler.co.in/p/brazn-vessel-bathroom-sink-21060in?skuId=21060IN-0,True,asset_002972
21060IN-0,https://techcomm.kohler.com/techcomm/pdf/1634465-IN2.pdf,installation,PDF,https://www.kohler.co.in/p/brazn-vessel-bathroom-sink-21060in?skuId=21060IN-0,True,asset_002875
21060IN-0,https://techcomm.kohler.com/techcomm/pdf/1634465-IN8.pdf,parts,PDF,https://www.kohler.co.in/p/brazn-vessel-bathroom-sink-21060in?skuId=21060IN-0,True,asset_002876
31347IN-0,https://techcomm.kohler.com/techcomm/cad/31347IN.obj,3d model,OBJ,https://www.kohler.co.in/p/sveda-663-mm-oval-vessel-bathroom-sink-31347in?skuId=31347IN-0,True,asset_001337
31347IN-0,https://techcomm.kohler.com/techcomm/cad/31347IN.skp,3d model,SKP,https://www.kohler.co.in/p/sveda-663-mm-oval-vessel-bathroom-sink-31347in?skuId=31347IN-0,True,asset_001338
31347IN-0,https://techcomm.kohler.com/techcomm/cad/31347IN.3ds,3d model,3DS,https://www.kohler.co.in/p/sveda-663-mm-oval-vessel-bathroom-sink-31347in?skuId=31347IN-0,True,asset_001336
31347IN-0,https://techcomm.kohler.com/techcomm/cad/Sink-Steam-Vessel-Lavatory-KOHLER-Swedna-K-31347IN.rfa,3d model,RFA,https://www.kohler.co.in/p/sveda-663-mm-oval-vessel-bathroom-sink-31347in?skuId=31347IN-0,True,asset_002677
31347IN-0,https://techcomm.kohler.com/techcomm/cad/31347inpln.dxf,cad drawing,DXF,https://www.kohler.co.in/p/sveda-663-mm-oval-vessel-bathroom-sink-31347in?skuId=31347IN-0,True,asset_001342
31347IN-0,https://techcomm.kohler.com/techcomm/cad/31347inpln.dwg,cad drawing,DWG,https://www.kohler.co.in/p/sveda-663-mm-oval-vessel-bathroom-sink-31347in?skuId=31347IN-0,True,asset_001341
31347IN-0,https://techcomm.kohler.com/techcomm/cad/31347infrt.dxf,cad drawing,DXF,https://www.kohler.co.in/p/sveda-663-mm-oval-vessel-bathroom-sink-31347in?skuId=31347IN-0,True,asset_001340
31347IN-0,https://techcomm.kohler.com/techcomm/cad/31347infrt.dwg,cad drawing,DWG,https://www.kohler.co.in/p/sveda-663-mm-oval-vessel-bathroom-sink-31347in?skuId=31347IN-0,True,asset_001339
31347IN-0,https://techcomm.kohler.com/techcomm/cad/31347insde.dxf,cad drawing,DXF,https://www.kohler.co.in/p/sveda-663-mm-oval-vessel-bathroom-sink-31347in?skuId=31347IN-0,True,asset_001344
31347IN-0,https://techcomm.kohler.com/techcomm/cad/31347insde.dwg,cad drawing,DWG,https://www.kohler.co.in/p/sveda-663-mm-oval-vessel-bathroom-sink-31347in?skuId=31347IN-0,True,asset_001343
31347IN-0,https://techcomm.kohler.com/techcomm/pdf/K-31347IN_spec_IN_Kohler_en.pdf,spec sheet,PDF,https://www.kohler.co.in/p/sveda-663-mm-oval-vessel-bathroom-sink-31347in?skuId=31347IN-0,True,asset_003066
31347IN-0,https://techcomm.kohler.com/techcomm/pdf/1490657-IN5.pdf,homeowners guide,PDF,https://www.kohler.co.in/p/sveda-663-mm-oval-vessel-bathroom-sink-31347in?skuId=31347IN-0,True,asset_002842
31347IN-0,https://techcomm.kohler.com/techcomm/pdf/1486830-IN2.pdf,installation,PDF,https://www.kohler.co.in/p/sveda-663-mm-oval-vessel-bathroom-sink-31347in?skuId=31347IN-0,True,asset_002841
31347IN-0,https://techcomm.kohler.com/techcomm/pdf/1557351-IN8.pdf,parts,PDF,https://www.kohler.co.in/p/sveda-663-mm-oval-vessel-bathroom-sink-31347in?skuId=31347IN-0,True,asset_002852
76600IN-0,https://techcomm.kohler.com/techcomm/cad/76600IN.obj,3d model,OBJ,https://www.kohler.co.in/p/kankara-vessel-basin-with-1-tap-hole-76600in?skuId=76600IN-0,True,asset_002115
76600IN-0,https://techcomm.kohler.com/techcomm/cad/76600IN.skp,3d model,SKP,https://www.kohler.co.in/p/kankara-vessel-basin-with-1-tap-hole-76600in?skuId=76600IN-0,True,asset_002116
76600IN-0,https://techcomm.kohler.com/techcomm/cad/76600IN.3ds,3d model,3DS,https://www.kohler.co.in/p/kankara-vessel-basin-with-1-tap-hole-76600in?skuId=76600IN-0,True,asset_002112
76600IN-0,https://techcomm.kohler.com/techcomm/cad/Sink-Vessel-Lavatory-KOHLER-Kankara-K-76600IN.rfa,3d model,RFA,https://www.kohler.co.in/p/kankara-vessel-basin-with-1-tap-hole-76600in?skuId=76600IN-0,True,asset_002701
76600IN-0,https://techcomm.kohler.com/techcomm/cad/76600inpln.dxf,cad drawing,DXF,https://www.kohler.co.in/p/kankara-vessel-basin-with-1-tap-hole-76600in?skuId=76600IN-0,True,asset_002120
76600IN-0,https://techcomm.kohler.com/techcomm/cad/76600inpln.dwg,cad drawing,DWG,https://www.kohler.co.in/p/kankara-vessel-basin-with-1-tap-hole-76600in?skuId=76600IN-0,True,asset_002119
76600IN-0,https://techcomm.kohler.com/techcomm/cad/76600infrt.dxf,cad drawing,DXF,https://www.kohler.co.in/p/kankara-vessel-basin-with-1-tap-hole-76600in?skuId=76600IN-0,True,asset_002118
76600IN-0,https://techcomm.kohler.com/techcomm/cad/76600infrt.dwg,cad drawing,DWG,https://www.kohler.co.in/p/kankara-vessel-basin-with-1-tap-hole-76600in?skuId=76600IN-0,True,asset_002117
76600IN-0,https://techcomm.kohler.com/techcomm/cad/76600insde.dxf,cad drawing,DXF,https://www.kohler.co.in/p/kankara-vessel-basin-with-1-tap-hole-76600in?skuId=76600IN-0,True,asset_002122
76600IN-0,https://techcomm.kohler.com/techcomm/cad/76600insde.dwg,cad drawing,DWG,https://www.kohler.co.in/p/kankara-vessel-basin-with-1-tap-hole-76600in?skuId=76600IN-0,True,asset_002121
76600IN-0,https://techcomm.kohler.com/techcomm/cad/76600IN.dxf,cad drawing,DXF,https://www.kohler.co.in/p/kankara-vessel-basin-with-1-tap-hole-76600in?skuId=76600IN-0,True,asset_002114
76600IN-0,https://techcomm.kohler.com/techcomm/cad/76600IN.dwg,cad drawing,DWG,https://www.kohler.co.in/p/kankara-vessel-basin-with-1-tap-hole-76600in?skuId=76600IN-0,True,asset_002113
76600IN-0,https://techcomm.kohler.com/techcomm/pdf/K-76600IN_spec_IN_Kohler_en.pdf,spec sheet,PDF,https://www.kohler.co.in/p/kankara-vessel-basin-with-1-tap-hole-76600in?skuId=76600IN-0,True,asset_003131
7799IN-FDL-0,https://techcomm.kohler.com/techcomm/cad/7799IN-FDL.obj,3d model,OBJ,https://www.kohler.co.in/p/quila-vana-vessel-bathroom-sink-7799in-fdl?skuId=7799IN-FDL-0,True,asset_002159
7799IN-FDL-0,https://techcomm.kohler.com/techcomm/cad/7799IN-FDL.skp,3d model,SKP,https://www.kohler.co.in/p/quila-vana-vessel-bathroom-sink-7799in-fdl?skuId=7799IN-FDL-0,True,asset_002160
7799IN-FDL-0,https://techcomm.kohler.com/techcomm/cad/7799IN-FDL.3ds,3d model,3DS,https://www.kohler.co.in/p/quila-vana-vessel-bathroom-sink-7799in-fdl?skuId=7799IN-FDL-0,True,asset_002156
7799IN-FDL-0,https://techcomm.kohler.com/techcomm/cad/Sink-Drop_In-Lavatory-KOHLER-QUILA_VANA-K-7799IN.rfa,3d model,RFA,https://www.kohler.co.in/p/quila-vana-vessel-bathroom-sink-7799in-fdl?skuId=7799IN-FDL-0,True,asset_002674
7799IN-FDL-0,https://techcomm.kohler.com/techcomm/cad/7799in_fdlpln.dxf,cad drawing,DXF,https://www.kohler.co.in/p/quila-vana-vessel-bathroom-sink-7799in-fdl?skuId=7799IN-FDL-0,True,asset_002164
7799IN-FDL-0,https://techcomm.kohler.com/techcomm/cad/7799in_fdlpln.dwg,cad drawing,DWG,https://www.kohler.co.in/p/quila-vana-vessel-bathroom-sink-7799in-fdl?skuId=7799IN-FDL-0,True,asset_002163
7799IN-FDL-0,https://techcomm.kohler.com/techcomm/cad/7799in_fdlfrt.dxf,cad drawing,DXF,https://www.kohler.co.in/p/quila-vana-vessel-bathroom-sink-7799in-fdl?skuId=7799IN-FDL-0,True,asset_002162
7799IN-FDL-0,https://techcomm.kohler.com/techcomm/cad/7799in_fdlfrt.dwg,cad drawing,DWG,https://www.kohler.co.in/p/quila-vana-vessel-bathroom-sink-7799in-fdl?skuId=7799IN-FDL-0,True,asset_002161
7799IN-FDL-0,https://techcomm.kohler.com/techcomm/cad/7799in_fdlsde.dxf,cad drawing,DXF,https://www.kohler.co.in/p/quila-vana-vessel-bathroom-sink-7799in-fdl?skuId=7799IN-FDL-0,True,asset_002166
7799IN-FDL-0,https://techcomm.kohler.com/techcomm/cad/7799in_fdlsde.dwg,cad drawing,DWG,https://www.kohler.co.in/p/quila-vana-vessel-bathroom-sink-7799in-fdl?skuId=7799IN-FDL-0,True,asset_002165
7799IN-FDL-0,https://techcomm.kohler.com/techcomm/cad/7799IN-FDL.dxf,cad drawing,DXF,https://www.kohler.co.in/p/quila-vana-vessel-bathroom-sink-7799in-fdl?skuId=7799IN-FDL-0,True,asset_002158
7799IN-FDL-0,https://techcomm.kohler.com/techcomm/cad/7799IN-FDL.dwg,cad drawing,DWG,https://www.kohler.co.in/p/quila-vana-vessel-bathroom-sink-7799in-fdl?skuId=7799IN-FDL-0,True,asset_002157
7799IN-FDL-0,https://techcomm.kohler.com/techcomm/pdf/K-7799IN-FDL_spec_IN_Kohler_en.pdf,spec sheet,PDF,https://www.kohler.co.in/p/quila-vana-vessel-bathroom-sink-7799in-fdl?skuId=7799IN-FDL-0,True,asset_003139
20704-0,https://techcomm.kohler.com/techcomm/cad/20704.obj,3d model,OBJ,https://www.kohler.co.in/p/veil-vessel-bathroom-sink-20704?skuId=20704-0,True,asset_000412
20704-0,https://techcomm.kohler.com/techcomm/cad/20704.skp,3d model,SKP,https://www.kohler.co.in/p/veil-vessel-bathroom-sink-20704?skuId=20704-0,True,asset_000413
20704-0,https://techcomm.kohler.com/techcomm/cad/20704.3ds,3d model,3DS,https://www.kohler.co.in/p/veil-vessel-bathroom-sink-20704?skuId=20704-0,True,asset_000409
20704-0,https://techcomm.kohler.com/techcomm/cad/Sink-Vessel-Lavatory-KOHLER-Veil-K-20704.zip,3d model,RFA,https://www.kohler.co.in/p/veil-vessel-bathroom-sink-20704?skuId=20704-0,True,asset_002708
20704-0,https://techcomm.kohler.com/techcomm/cad/Sink-Bathroom_Vessel-KOHLER-Veil-K-20704.zip,3d model,RFA,https://www.kohler.co.in/p/veil-vessel-bathroom-sink-20704?skuId=20704-0,True,asset_002672
20704-0,https://techcomm.kohler.com/techcomm/cad/20704pln.dxf,cad drawing,DXF,https://www.kohler.co.in/p/veil-vessel-bathroom-sink-20704?skuId=20704-0,True,asset_000417
20704-0,https://techcomm.kohler.com/techcomm/cad/20704pln.dwg,cad drawing,DWG,https://www.kohler.co.in/p/veil-vessel-bathroom-sink-20704?skuId=20704-0,True,asset_000416
20704-0,https://techcomm.kohler.com/techcomm/cad/20704frt.dxf,cad drawing,DXF,https://www.kohler.co.in/p/veil-vessel-bathroom-sink-20704?skuId=20704-0,True,asset_000415
20704-0,https://techcomm.kohler.com/techcomm/cad/20704frt.dwg,cad drawing,DWG,https://www.kohler.co.in/p/veil-vessel-bathroom-sink-20704?skuId=20704-0,True,asset_000414
20704-0,https://techcomm.kohler.com/techcomm/cad/20704sde.dxf,cad drawing,DXF,https://www.kohler.co.in/p/veil-vessel-bathroom-sink-20704?skuId=20704-0,True,asset_000419
20704-0,https://techcomm.kohler.com/techcomm/cad/20704sde.dwg,cad drawing,DWG,https://www.kohler.co.in/p/veil-vessel-bathroom-sink-20704?skuId=20704-0,True,asset_000418
20704-0,https://techcomm.kohler.com/techcomm/cad/20704.dxf,cad drawing,DXF,https://www.kohler.co.in/p/veil-vessel-bathroom-sink-20704?skuId=20704-0,True,asset_000411
20704-0,https://techcomm.kohler.com/techcomm/cad/20704.dwg,cad drawing,DWG,https://www.kohler.co.in/p/veil-vessel-bathroom-sink-20704?skuId=20704-0,True,asset_000410
20704-0,https://techcomm.kohler.com/techcomm/cad/1317551_7_a.dxf,cad drawing,DXF,https://www.kohler.co.in/p/veil-vessel-bathroom-sink-20704?skuId=20704-0,True,asset_000065
20704-0,https://techcomm.kohler.com/techcomm/pdf/K-20704_spec_US-CA_Kohler_en.pdf,spec sheet,PDF,https://www.kohler.co.in/p/veil-vessel-bathroom-sink-20704?skuId=20704-0,True,asset_002970
20704-0,https://techcomm.kohler.com/techcomm/pdf/K-20704_spec_IN_Kohler_en.pdf,spec sheet,PDF,https://www.kohler.co.in/p/veil-vessel-bathroom-sink-20704?skuId=20704-0,True,asset_002969
20704-0,https://techcomm.kohler.com/techcomm/pdf/K-20704_spec_US-CA_Kohler_fr-ca.pdf,spec sheet,PDF,https://www.kohler.co.in/p/veil-vessel-bathroom-sink-20704?skuId=20704-0,True,asset_002971
20704-0,https://techcomm.kohler.com/techcomm/pdf/1221748-2.pdf,installation,PDF,https://www.kohler.co.in/p/veil-vessel-bathroom-sink-20704?skuId=20704-0,True,asset_002777
20703-0,https://techcomm.kohler.com/techcomm/cad/20703.obj,3d model,OBJ,https://www.kohler.co.in/p/veil-tall-vessel-pedestal-bathroom-sink-basin-20703?skuId=20703-0,True,asset_000401
20703-0,https://techcomm.kohler.com/techcomm/cad/20703.skp,3d model,SKP,https://www.kohler.co.in/p/veil-tall-vessel-pedestal-bathroom-sink-basin-20703?skuId=20703-0,True,asset_000402
20703-0,https://techcomm.kohler.com/techcomm/cad/20703.3ds,3d model,3DS,https://www.kohler.co.in/p/veil-tall-vessel-pedestal-bathroom-sink-basin-20703?skuId=20703-0,True,asset_000398
20703-0,https://techcomm.kohler.com/techcomm/cad/Sink-Vessel-Lavatory-KOHLER-Veil_Tall-K-20703.zip,3d model,RFA,https://www.kohler.co.in/p/veil-tall-vessel-pedestal-bathroom-sink-basin-20703?skuId=20703-0,True,asset_002710
20703-0,https://techcomm.kohler.com/techcomm/cad/Sink-Vessel-Lavatory-KOHLER-Veil_Tall-K-20703.rfa,3d model,RFA,https://www.kohler.co.in/p/veil-tall-vessel-pedestal-bathroom-sink-basin-20703?skuId=20703-0,True,asset_002709
20703-0,https://techcomm.kohler.com/techcomm/cad/20703pln.dxf,cad drawing,DXF,https://www.kohler.co.in/p/veil-tall-vessel-pedestal-bathroom-sink-basin-20703?skuId=20703-0,True,asset_000406
20703-0,https://techcomm.kohler.com/techcomm/cad/20703pln.dwg,cad drawing,DWG,https://www.kohler.co.in/p/veil-tall-vessel-pedestal-bathroom-sink-basin-20703?skuId=20703-0,True,asset_000405
20703-0,https://techcomm.kohler.com/techcomm/cad/20703frt.dxf,cad drawing,DXF,https://www.kohler.co.in/p/veil-tall-vessel-pedestal-bathroom-sink-basin-20703?skuId=20703-0,True,asset_000404
20703-0,https://techcomm.kohler.com/techcomm/cad/20703frt.dwg,cad drawing,DWG,https://www.kohler.co.in/p/veil-tall-vessel-pedestal-bathroom-sink-basin-20703?skuId=20703-0,True,asset_000403
20703-0,https://techcomm.kohler.com/techcomm/cad/20703sde.dxf,cad drawing,DXF,https://www.kohler.co.in/p/veil-tall-vessel-pedestal-bathroom-sink-basin-20703?skuId=20703-0,True,asset_000408
20703-0,https://techcomm.kohler.com/techcomm/cad/20703sde.dwg,cad drawing,DWG,https://www.kohler.co.in/p/veil-tall-vessel-pedestal-bathroom-sink-basin-20703?skuId=20703-0,True,asset_000407
20703-0,https://techcomm.kohler.com/techcomm/cad/20703.dxf,cad drawing,DXF,https://www.kohler.co.in/p/veil-tall-vessel-pedestal-bathroom-sink-basin-20703?skuId=20703-0,True,asset_000400
20703-0,https://techcomm.kohler.com/techcomm/cad/20703.dwg,cad drawing,DWG,https://www.kohler.co.in/p/veil-tall-vessel-pedestal-bathroom-sink-basin-20703?skuId=20703-0,True,asset_000399
20703-0,https://techcomm.kohler.com/techcomm/cad/1348372_7_a.dxf,cad drawing,DXF,https://www.kohler.co.in/p/veil-tall-vessel-pedestal-bathroom-sink-basin-20703?skuId=20703-0,True,asset_000066
20703-0,https://techcomm.kohler.com/techcomm/pdf/K-20703_spec_US-CA_Kohler_en.pdf,spec sheet,PDF,https://www.kohler.co.in/p/veil-tall-vessel-pedestal-bathroom-sink-basin-20703?skuId=20703-0,True,asset_002967
20703-0,https://techcomm.kohler.com/techcomm/pdf/K-20703_spec_IN_Kohler_en.pdf,spec sheet,PDF,https://www.kohler.co.in/p/veil-tall-vessel-pedestal-bathroom-sink-basin-20703?skuId=20703-0,True,asset_002966
20703-0,https://techcomm.kohler.com/techcomm/pdf/K-20703_spec_US-CA_Kohler_fr-ca.pdf,spec sheet,PDF,https://www.kohler.co.in/p/veil-tall-vessel-pedestal-bathroom-sink-basin-20703?skuId=20703-0,True,asset_002968
20703-0,https://techcomm.kohler.com/techcomm/pdf/1348372-2.pdf,installation,PDF,https://www.kohler.co.in/p/veil-tall-vessel-pedestal-bathroom-sink-basin-20703?skuId=20703-0,True,asset_002792
34251IN-0,https://techcomm.kohler.com/techcomm/cad/34251IN.obj,3d model,OBJ,https://www.kohler.co.in/p/apt-550-mm-rectangular-vessel-bathroom-sink-no-overflow-34251in?skuId=34251IN-0,True,asset_001489
34251IN-0,https://techcomm.kohler.com/techcomm/cad/34251IN.skp,3d model,SKP,https://www.kohler.co.in/p/apt-550-mm-rectangular-vessel-bathroom-sink-no-overflow-34251in?skuId=34251IN-0,True,asset_001490
34251IN-0,https://techcomm.kohler.com/techcomm/cad/34251IN.3ds,3d model,3DS,https://www.kohler.co.in/p/apt-550-mm-rectangular-vessel-bathroom-sink-no-overflow-34251in?skuId=34251IN-0,True,asset_001486
34251IN-0,https://techcomm.kohler.com/techcomm/cad/Sink-Vessel-Lavatory-KOHLER-APT-K-34251IN.rfa,3d model,RFA,https://www.kohler.co.in/p/apt-550-mm-rectangular-vessel-bathroom-sink-no-overflow-34251in?skuId=34251IN-0,True,asset_002686
34251IN-0,https://techcomm.kohler.com/techcomm/cad/34251inpln.dxf,cad drawing,DXF,https://www.kohler.co.in/p/apt-550-mm-rectangular-vessel-bathroom-sink-no-overflow-34251in?skuId=34251IN-0,True,asset_001494
34251IN-0,https://techcomm.kohler.com/techcomm/cad/34251inpln.dwg,cad drawing,DWG,https://www.kohler.co.in/p/apt-550-mm-rectangular-vessel-bathroom-sink-no-overflow-34251in?skuId=34251IN-0,True,asset_001493
34251IN-0,https://techcomm.kohler.com/techcomm/cad/34251infrt.dxf,cad drawing,DXF,https://www.kohler.co.in/p/apt-550-mm-rectangular-vessel-bathroom-sink-no-overflow-34251in?skuId=34251IN-0,True,asset_001492
34251IN-0,https://techcomm.kohler.com/techcomm/cad/34251infrt.dwg,cad drawing,DWG,https://www.kohler.co.in/p/apt-550-mm-rectangular-vessel-bathroom-sink-no-overflow-34251in?skuId=34251IN-0,True,asset_001491
34251IN-0,https://techcomm.kohler.com/techcomm/cad/34251insde.dxf,cad drawing,DXF,https://www.kohler.co.in/p/apt-550-mm-rectangular-vessel-bathroom-sink-no-overflow-34251in?skuId=34251IN-0,True,asset_001496
34251IN-0,https://techcomm.kohler.com/techcomm/cad/34251insde.dwg,cad drawing,DWG,https://www.kohler.co.in/p/apt-550-mm-rectangular-vessel-bathroom-sink-no-overflow-34251in?skuId=34251IN-0,True,asset_001495
34251IN-0,https://techcomm.kohler.com/techcomm/cad/34251IN.dxf,cad drawing,DXF,https://www.kohler.co.in/p/apt-550-mm-rectangular-vessel-bathroom-sink-no-overflow-34251in?skuId=34251IN-0,True,asset_001488
34251IN-0,https://techcomm.kohler.com/techcomm/cad/34251IN.dwg,cad drawing,DWG,https://www.kohler.co.in/p/apt-550-mm-rectangular-vessel-bathroom-sink-no-overflow-34251in?skuId=34251IN-0,True,asset_001487
34251IN-0,https://techcomm.kohler.com/techcomm/pdf/K-34251IN_spec_IN_Kohler_en.pdf,spec sheet,PDF,https://www.kohler.co.in/p/apt-550-mm-rectangular-vessel-bathroom-sink-no-overflow-34251in?skuId=34251IN-0,True,asset_003079
34251IN-0,https://techcomm.kohler.com/techcomm/pdf/1587976-IN2.pdf,installation,PDF,https://www.kohler.co.in/p/apt-550-mm-rectangular-vessel-bathroom-sink-no-overflow-34251in?skuId=34251IN-0,True,asset_002861
30506IN-1-0,https://techcomm.kohler.com/techcomm/cad/30506IN-1.obj,3d model,OBJ,https://www.kohler.co.in/p/forefront-brink-600-mm-rectangle-vessel-bathroom-sink-with-deck-30506in-1?skuId=30506IN-1-0,True,asset_001308
30506IN-1-0,https://techcomm.kohler.com/techcomm/cad/30506IN-1.skp,3d model,SKP,https://www.kohler.co.in/p/forefront-brink-600-mm-rectangle-vessel-bathroom-sink-with-deck-30506in-1?skuId=30506IN-1-0,True,asset_001309
30506IN-1-0,https://techcomm.kohler.com/techcomm/cad/30506IN-1.3ds,3d model,3DS,https://www.kohler.co.in/p/forefront-brink-600-mm-rectangle-vessel-bathroom-sink-with-deck-30506in-1?skuId=30506IN-1-0,True,asset_001307
30506IN-1-0,https://techcomm.kohler.com/techcomm/cad/Sink-Vessel-Lavatory-KOHLER-Forefront-K-30506IN.rfa,3d model,RFA,https://www.kohler.co.in/p/forefront-brink-600-mm-rectangle-vessel-bathroom-sink-with-deck-30506in-1?skuId=30506IN-1-0,True,asset_002699
30506IN-1-0,https://techcomm.kohler.com/techcomm/cad/30506in_1pln.dxf,cad drawing,DXF,https://www.kohler.co.in/p/forefront-brink-600-mm-rectangle-vessel-bathroom-sink-with-deck-30506in-1?skuId=30506IN-1-0,True,asset_001313
30506IN-1-0,https://techcomm.kohler.com/techcomm/cad/30506in_1pln.dwg,cad drawing,DWG,https://www.kohler.co.in/p/forefront-brink-600-mm-rectangle-vessel-bathroom-sink-with-deck-30506in-1?skuId=30506IN-1-0,True,asset_001312
30506IN-1-0,https://techcomm.kohler.com/techcomm/cad/30506in_1frt.dxf,cad drawing,DXF,https://www.kohler.co.in/p/forefront-brink-600-mm-rectangle-vessel-bathroom-sink-with-deck-30506in-1?skuId=30506IN-1-0,True,asset_001311
30506IN-1-0,https://techcomm.kohler.com/techcomm/cad/30506in_1frt.dwg,cad drawing,DWG,https://www.kohler.co.in/p/forefront-brink-600-mm-rectangle-vessel-bathroom-sink-with-deck-30506in-1?skuId=30506IN-1-0,True,asset_001310
30506IN-1-0,https://techcomm.kohler.com/techcomm/cad/30506in_1sde.dxf,cad drawing,DXF,https://www.kohler.co.in/p/forefront-brink-600-mm-rectangle-vessel-bathroom-sink-with-deck-30506in-1?skuId=30506IN-1-0,True,asset_001315
30506IN-1-0,https://techcomm.kohler.com/techcomm/cad/30506in_1sde.dwg,cad drawing,DWG,https://www.kohler.co.in/p/forefront-brink-600-mm-rectangle-vessel-bathroom-sink-with-deck-30506in-1?skuId=30506IN-1-0,True,asset_001314
30506IN-1-0,https://techcomm.kohler.com/techcomm/pdf/K-30506IN-1_spec_IN_Kohler_en.pdf,spec sheet,PDF,https://www.kohler.co.in/p/forefront-brink-600-mm-rectangle-vessel-bathroom-sink-with-deck-30506in-1?skuId=30506IN-1-0,True,asset_003065
30506IN-1-0,https://techcomm.kohler.com/techcomm/cad/1634446-IN2.pdf,installation,PDF,https://www.kohler.co.in/p/forefront-brink-600-mm-rectangle-vessel-bathroom-sink-with-deck-30506in-1?skuId=30506IN-1-0,True,asset_000242
30506IN-1-0,https://techcomm.kohler.com/techcomm/pdf/1634446-IN8.pdf,parts,PDF,https://www.kohler.co.in/p/forefront-brink-600-mm-rectangle-vessel-bathroom-sink-with-deck-30506in-1?skuId=30506IN-1-0,True,asset_002874
27903IN-WRGD-0,https://techcomm.kohler.com/techcomm/pdf/1632607-IN5.pdf,homeowners guide,PDF,https://www.kohler.co.in/p/modernlife-edge-wall-hung-round-front-toilet-bowl-with-skirted-trapway-27903in-wrgd?skuId=27903IN-WRGD-0,True,asset_002873
27903IN-WRGD-0,https://techcomm.kohler.com/techcomm/pdf/1625013-IN2.pdf,installation,PDF,https://www.kohler.co.in/p/modernlife-edge-wall-hung-round-front-toilet-bowl-with-skirted-trapway-27903in-wrgd?skuId=27903IN-WRGD-0,True,asset_002872
27903IN-WRGD-0,https://techcomm.kohler.com/techcomm/pdf/1434774-IN8.pdf,parts,PDF,https://www.kohler.co.in/p/modernlife-edge-wall-hung-round-front-toilet-bowl-with-skirted-trapway-27903in-wrgd?skuId=27903IN-WRGD-0,True,asset_002818
27791IN-WAF-0,https://techcomm.kohler.com/techcomm/cad/27791IN-WAF.obj,3d model,OBJ,https://www.kohler.co.in/p/modernlife-edge-wall-hung-round-front-toilet-bowl-with-skirted-trapway-27791in-waf?skuId=27791IN-WAF-0,True,asset_001134
27791IN-WAF-0,https://techcomm.kohler.com/techcomm/cad/27791IN-WAF.skp,3d model,SKP,https://www.kohler.co.in/p/modernlife-edge-wall-hung-round-front-toilet-bowl-with-skirted-trapway-27791in-waf?skuId=27791IN-WAF-0,True,asset_001135
27791IN-WAF-0,https://techcomm.kohler.com/techcomm/cad/27791IN-WAF.3ds,3d model,3DS,https://www.kohler.co.in/p/modernlife-edge-wall-hung-round-front-toilet-bowl-with-skirted-trapway-27791in-waf?skuId=27791IN-WAF-0,True,asset_001131
27791IN-WAF-0,https://techcomm.kohler.com/techcomm/cad/Toilet-Wall_Hung-KOHLER-Modern_Life-K-27791IN.rfa,3d model,RFA,https://www.kohler.co.in/p/modernlife-edge-wall-hung-round-front-toilet-bowl-with-skirted-trapway-27791in-waf?skuId=27791IN-WAF-0,True,asset_002734
27791IN-WAF-0,https://techcomm.kohler.com/techcomm/cad/27791in_wafpln.dxf,cad drawing,DXF,https://www.kohler.co.in/p/modernlife-edge-wall-hung-round-front-toilet-bowl-with-skirted-trapway-27791in-waf?skuId=27791IN-WAF-0,True,asset_001139
27791IN-WAF-0,https://techcomm.kohler.com/techcomm/cad/27791in_wafpln.dwg,cad drawing,DWG,https://www.kohler.co.in/p/modernlife-edge-wall-hung-round-front-toilet-bowl-with-skirted-trapway-27791in-waf?skuId=27791IN-WAF-0,True,asset_001138
27791IN-WAF-0,https://techcomm.kohler.com/techcomm/cad/27791in_waffrt.dxf,cad drawing,DXF,https://www.kohler.co.in/p/modernlife-edge-wall-hung-round-front-toilet-bowl-with-skirted-trapway-27791in-waf?skuId=27791IN-WAF-0,True,asset_001137
27791IN-WAF-0,https://techcomm.kohler.com/techcomm/cad/27791in_waffrt.dwg,cad drawing,DWG,https://www.kohler.co.in/p/modernlife-edge-wall-hung-round-front-toilet-bowl-with-skirted-trapway-27791in-waf?skuId=27791IN-WAF-0,True,asset_001136
27791IN-WAF-0,https://techcomm.kohler.com/techcomm/cad/27791in_wafsde.dxf,cad drawing,DXF,https://www.kohler.co.in/p/modernlife-edge-wall-hung-round-front-toilet-bowl-with-skirted-trapway-27791in-waf?skuId=27791IN-WAF-0,True,asset_001141
27791IN-WAF-0,https://techcomm.kohler.com/techcomm/cad/27791in_wafsde.dwg,cad drawing,DWG,https://www.kohler.co.in/p/modernlife-edge-wall-hung-round-front-toilet-bowl-with-skirted-trapway-27791in-waf?skuId=27791IN-WAF-0,True,asset_001140
27791IN-WAF-0,https://techcomm.kohler.com/techcomm/cad/27791IN-WAF.dxf,cad drawing,DXF,https://www.kohler.co.in/p/modernlife-edge-wall-hung-round-front-toilet-bowl-with-skirted-trapway-27791in-waf?skuId=27791IN-WAF-0,True,asset_001133
27791IN-WAF-0,https://techcomm.kohler.com/techcomm/cad/27791IN-WAF.dwg,cad drawing,DWG,https://www.kohler.co.in/p/modernlife-edge-wall-hung-round-front-toilet-bowl-with-skirted-trapway-27791in-waf?skuId=27791IN-WAF-0,True,asset_001132
27791IN-WAF-0,https://techcomm.kohler.com/techcomm/pdf/K-27791IN-WAF_spec_IN_Kohler_en.pdf,spec sheet,PDF,https://www.kohler.co.in/p/modernlife-edge-wall-hung-round-front-toilet-bowl-with-skirted-trapway-27791in-waf?skuId=27791IN-WAF-0,True,asset_003047
EC42639IN-HC-0,https://techcomm.kohler.com/techcomm/cad/EC42639IN-HC.obj,3d model,OBJ,https://www.kohler.co.in/p/kohler-vive-hidden-cord-wall-hung-square-front-toilet-with-skirted-trapway-ec42639in-hc?skuId=EC42639IN-HC-0,True,asset_002492
EC42639IN-HC-0,https://techcomm.kohler.com/techcomm/cad/EC42639IN-HC.skp,3d model,SKP,https://www.kohler.co.in/p/kohler-vive-hidden-cord-wall-hung-square-front-toilet-with-skirted-trapway-ec42639in-hc?skuId=EC42639IN-HC-0,True,asset_002493
EC42639IN-HC-0,https://techcomm.kohler.com/techcomm/cad/EC42639IN-HC.3ds,3d model,3DS,https://www.kohler.co.in/p/kohler-vive-hidden-cord-wall-hung-square-front-toilet-with-skirted-trapway-ec42639in-hc?skuId=EC42639IN-HC-0,True,asset_002491
EC42639IN-HC-0,https://techcomm.kohler.com/techcomm/pdf/K-EC42639IN-HC_spec_IN_Kohler_en.pdf,spec sheet,PDF,https://www.kohler.co.in/p/kohler-vive-hidden-cord-wall-hung-square-front-toilet-with-skirted-trapway-ec42639in-hc?skuId=EC42639IN-HC-0,True,asset_003163
21748IN-HB1,https://techcomm.kohler.com/techcomm/cad/21748IN.obj,3d model,OBJ,https://www.kohler.co.in/p/brazn-wall-hung-round-front-toilet-bowl-with-skirted-trapway-21748in?skuId=21748IN-HB1,True,asset_000456
21748IN-HB1,https://techcomm.kohler.com/techcomm/cad/21748IN.skp,3d model,SKP,https://www.kohler.co.in/p/brazn-wall-hung-round-front-toilet-bowl-with-skirted-trapway-21748in?skuId=21748IN-HB1,True,asset_000457
21748IN-HB1,https://techcomm.kohler.com/techcomm/cad/21748IN.3ds,3d model,3DS,https://www.kohler.co.in/p/brazn-wall-hung-round-front-toilet-bowl-with-skirted-trapway-21748in?skuId=21748IN-HB1,True,asset_000453
21748IN-HB1,https://techcomm.kohler.com/techcomm/cad/Toilet-Wall_Mount-KOHLER-Brazn-K-21748IN.rfa,3d model,RFA,https://www.kohler.co.in/p/brazn-wall-hung-round-front-toilet-bowl-with-skirted-trapway-21748in?skuId=21748IN-HB1,True,asset_002735
21748IN-HB1,https://techcomm.kohler.com/techcomm/cad/21748inpln.dxf,cad drawing,DXF,https://www.kohler.co.in/p/brazn-wall-hung-round-front-toilet-bowl-with-skirted-trapway-21748in?skuId=21748IN-HB1,True,asset_000461
21748IN-HB1,https://techcomm.kohler.com/techcomm/cad/21748inpln.dwg,cad drawing,DWG,https://www.kohler.co.in/p/brazn-wall-hung-round-front-toilet-bowl-with-skirted-trapway-21748in?skuId=21748IN-HB1,True,asset_000460
21748IN-HB1,https://techcomm.kohler.com/techcomm/cad/21748infrt.dxf,cad drawing,DXF,https://www.kohler.co.in/p/brazn-wall-hung-round-front-toilet-bowl-with-skirted-trapway-21748in?skuId=21748IN-HB1,True,asset_000459
21748IN-HB1,https://techcomm.kohler.com/techcomm/cad/21748infrt.dwg,cad drawing,DWG,https://www.kohler.co.in/p/brazn-wall-hung-round-front-toilet-bowl-with-skirted-trapway-21748in?skuId=21748IN-HB1,True,asset_000458
21748IN-HB1,https://techcomm.kohler.com/techcomm/cad/21748insde.dxf,cad drawing,DXF,https://www.kohler.co.in/p/brazn-wall-hung-round-front-toilet-bowl-with-skirted-trapway-21748in?skuId=21748IN-HB1,True,asset_000463
21748IN-HB1,https://techcomm.kohler.com/techcomm/cad/21748insde.dwg,cad drawing,DWG,https://www.kohler.co.in/p/brazn-wall-hung-round-front-toilet-bowl-with-skirted-trapway-21748in?skuId=21748IN-HB1,True,asset_000462
21748IN-HB1,https://techcomm.kohler.com/techcomm/cad/21748IN.dxf,cad drawing,DXF,https://www.kohler.co.in/p/brazn-wall-hung-round-front-toilet-bowl-with-skirted-trapway-21748in?skuId=21748IN-HB1,True,asset_000455
21748IN-HB1,https://techcomm.kohler.com/techcomm/cad/21748IN.dwg,cad drawing,DWG,https://www.kohler.co.in/p/brazn-wall-hung-round-front-toilet-bowl-with-skirted-trapway-21748in?skuId=21748IN-HB1,True,asset_000454
21748IN-HB1,https://techcomm.kohler.com/techcomm/pdf/K-21748IN_spec_IN_Kohler_en.pdf,spec sheet,PDF,https://www.kohler.co.in/p/brazn-wall-hung-round-front-toilet-bowl-with-skirted-trapway-21748in?skuId=21748IN-HB1,True,asset_002974
21748IN-HB1,https://techcomm.kohler.com/techcomm/pdf/1419530-IN8.pdf,parts,PDF,https://www.kohler.co.in/p/brazn-wall-hung-round-front-toilet-bowl-with-skirted-trapway-21748in?skuId=21748IN-HB1,True,asset_002805
31461IN-0,https://techcomm.kohler.com/techcomm/cad/31461IN.obj,3d model,OBJ,https://www.kohler.co.in/p/span-wall-mount-basin-with-single-faucet-hole-in-white-31461in?skuId=31461IN-0,True,asset_001379
31461IN-0,https://techcomm.kohler.com/techcomm/cad/31461IN.skp,3d model,SKP,https://www.kohler.co.in/p/span-wall-mount-basin-with-single-faucet-hole-in-white-31461in?skuId=31461IN-0,True,asset_001380
31461IN-0,https://techcomm.kohler.com/techcomm/cad/31461IN.3ds,3d model,3DS,https://www.kohler.co.in/p/span-wall-mount-basin-with-single-faucet-hole-in-white-31461in?skuId=31461IN-0,True,asset_001376
31461IN-0,https://techcomm.kohler.com/techcomm/cad/Sink-Wall_Mount-Lavatory-KOHLER-Span-K-31461IN.rfa,3d model,RFA,https://www.kohler.co.in/p/span-wall-mount-basin-with-single-faucet-hole-in-white-31461in?skuId=31461IN-0,True,asset_002718
31461IN-0,https://techcomm.kohler.com/techcomm/cad/31461inpln.dxf,cad drawing,DXF,https://www.kohler.co.in/p/span-wall-mount-basin-with-single-faucet-hole-in-white-31461in?skuId=31461IN-0,True,asset_001384
31461IN-0,https://techcomm.kohler.com/techcomm/cad/31461inpln.dwg,cad drawing,DWG,https://www.kohler.co.in/p/span-wall-mount-basin-with-single-faucet-hole-in-white-31461in?skuId=31461IN-0,True,asset_001383
31461IN-0,https://techcomm.kohler.com/techcomm/cad/31461infrt.dxf,cad drawing,DXF,https://www.kohler.co.in/p/span-wall-mount-basin-with-single-faucet-hole-in-white-31461in?skuId=31461IN-0,True,asset_001382
31461IN-0,https://techcomm.kohler.com/techcomm/cad/31461infrt.dwg,cad drawing,DWG,https://www.kohler.co.in/p/span-wall-mount-basin-with-single-faucet-hole-in-white-31461in?skuId=31461IN-0,True,asset_001381
31461IN-0,https://techcomm.kohler.com/techcomm/cad/31461insde.dxf,cad drawing,DXF,https://www.kohler.co.in/p/span-wall-mount-basin-with-single-faucet-hole-in-white-31461in?skuId=31461IN-0,True,asset_001386
31461IN-0,https://techcomm.kohler.com/techcomm/cad/31461insde.dwg,cad drawing,DWG,https://www.kohler.co.in/p/span-wall-mount-basin-with-single-faucet-hole-in-white-31461in?skuId=31461IN-0,True,asset_001385
31461IN-0,https://techcomm.kohler.com/techcomm/cad/31461IN.dxf,cad drawing,DXF,https://www.kohler.co.in/p/span-wall-mount-basin-with-single-faucet-hole-in-white-31461in?skuId=31461IN-0,True,asset_001378
31461IN-0,https://techcomm.kohler.com/techcomm/cad/31461IN.dwg,cad drawing,DWG,https://www.kohler.co.in/p/span-wall-mount-basin-with-single-faucet-hole-in-white-31461in?skuId=31461IN-0,True,asset_001377
31461IN-0,https://techcomm.kohler.com/techcomm/pdf/K-31461IN_spec_IN_Kohler_en.pdf,spec sheet,PDF,https://www.kohler.co.in/p/span-wall-mount-basin-with-single-faucet-hole-in-white-31461in?skuId=31461IN-0,True,asset_003069
31461IN-0,https://techcomm.kohler.com/techcomm/pdf/1653958-IN2.pdf,installation,PDF,https://www.kohler.co.in/p/span-wall-mount-basin-with-single-faucet-hole-in-white-31461in?skuId=31461IN-0,True,asset_002887
5583IN-1WH-0,https://techcomm.kohler.com/techcomm/cad/5583IN-1WH.obj,3d model,OBJ,https://www.kohler.co.in/p/brive-wall-mount-lavatory-with-single-faucet-hole-5583in-1wh?skuId=5583IN-1WH-0,True,asset_001632
5583IN-1WH-0,https://techcomm.kohler.com/techcomm/cad/5583IN-1WH.skp,3d model,SKP,https://www.kohler.co.in/p/brive-wall-mount-lavatory-with-single-faucet-hole-5583in-1wh?skuId=5583IN-1WH-0,True,asset_001633
5583IN-1WH-0,https://techcomm.kohler.com/techcomm/cad/5583IN-1WH.3ds,3d model,3DS,https://www.kohler.co.in/p/brive-wall-mount-lavatory-with-single-faucet-hole-5583in-1wh?skuId=5583IN-1WH-0,True,asset_001629
5583IN-1WH-0,https://techcomm.kohler.com/techcomm/cad/Sink-Wall_Mount-Lavatory-KOHLER-Brive-K-5583IN.rfa,3d model,RFA,https://www.kohler.co.in/p/brive-wall-mount-lavatory-with-single-faucet-hole-5583in-1wh?skuId=5583IN-1WH-0,True,asset_002714
5583IN-1WH-0,https://techcomm.kohler.com/techcomm/cad/5583in_1whpln.dxf,cad drawing,DXF,https://www.kohler.co.in/p/brive-wall-mount-lavatory-with-single-faucet-hole-5583in-1wh?skuId=5583IN-1WH-0,True,asset_001637
5583IN-1WH-0,https://techcomm.kohler.com/techcomm/cad/5583in_1whpln.dwg,cad drawing,DWG,https://www.kohler.co.in/p/brive-wall-mount-lavatory-with-single-faucet-hole-5583in-1wh?skuId=5583IN-1WH-0,True,asset_001636
5583IN-1WH-0,https://techcomm.kohler.com/techcomm/cad/5583in_1whfrt.dxf,cad drawing,DXF,https://www.kohler.co.in/p/brive-wall-mount-lavatory-with-single-faucet-hole-5583in-1wh?skuId=5583IN-1WH-0,True,asset_001635
5583IN-1WH-0,https://techcomm.kohler.com/techcomm/cad/5583in_1whfrt.dwg,cad drawing,DWG,https://www.kohler.co.in/p/brive-wall-mount-lavatory-with-single-faucet-hole-5583in-1wh?skuId=5583IN-1WH-0,True,asset_001634
5583IN-1WH-0,https://techcomm.kohler.com/techcomm/cad/5583in_1whsde.dxf,cad drawing,DXF,https://www.kohler.co.in/p/brive-wall-mount-lavatory-with-single-faucet-hole-5583in-1wh?skuId=5583IN-1WH-0,True,asset_001639
5583IN-1WH-0,https://techcomm.kohler.com/techcomm/cad/5583in_1whsde.dwg,cad drawing,DWG,https://www.kohler.co.in/p/brive-wall-mount-lavatory-with-single-faucet-hole-5583in-1wh?skuId=5583IN-1WH-0,True,asset_001638
5583IN-1WH-0,https://techcomm.kohler.com/techcomm/cad/5583IN-1WH.dxf,cad drawing,DXF,https://www.kohler.co.in/p/brive-wall-mount-lavatory-with-single-faucet-hole-5583in-1wh?skuId=5583IN-1WH-0,True,asset_001631
5583IN-1WH-0,https://techcomm.kohler.com/techcomm/cad/5583IN-1WH.dwg,cad drawing,DWG,https://www.kohler.co.in/p/brive-wall-mount-lavatory-with-single-faucet-hole-5583in-1wh?skuId=5583IN-1WH-0,True,asset_001630
5583IN-1WH-0,https://techcomm.kohler.com/techcomm/pdf/K-5583IN-1WH_spec_IN_Kohler_en.pdf,spec sheet,PDF,https://www.kohler.co.in/p/brive-wall-mount-lavatory-with-single-faucet-hole-5583in-1wh?skuId=5583IN-1WH-0,True,asset_003091
5583IN-1WH-0,https://techcomm.kohler.com/techcomm/pdf/1656586-IN8.pdf,parts,PDF,https://www.kohler.co.in/p/brive-wall-mount-lavatory-with-single-faucet-hole-5583in-1wh?skuId=5583IN-1WH-0,True,asset_002893
31458IN-0,https://techcomm.kohler.com/techcomm/cad/31458IN.obj,3d model,OBJ,https://www.kohler.co.in/p/span-round-wm-lavatory-small-480x440-31458in?skuId=31458IN-0,True,asset_001348
31458IN-0,https://techcomm.kohler.com/techcomm/cad/31458IN.skp,3d model,SKP,https://www.kohler.co.in/p/span-round-wm-lavatory-small-480x440-31458in?skuId=31458IN-0,True,asset_001349
31458IN-0,https://techcomm.kohler.com/techcomm/cad/31458IN.3ds,3d model,3DS,https://www.kohler.co.in/p/span-round-wm-lavatory-small-480x440-31458in?skuId=31458IN-0,True,asset_001345
31458IN-0,https://techcomm.kohler.com/techcomm/cad/Sink-Wall_Mount-Lavatory-KOHLER-Span-K-31458IN.rfa,3d model,RFA,https://www.kohler.co.in/p/span-round-wm-lavatory-small-480x440-31458in?skuId=31458IN-0,True,asset_002716
31458IN-0,https://techcomm.kohler.com/techcomm/cad/31458inpln.dxf,cad drawing,DXF,https://www.kohler.co.in/p/span-round-wm-lavatory-small-480x440-31458in?skuId=31458IN-0,True,asset_001353
31458IN-0,https://techcomm.kohler.com/techcomm/cad/31458inpln.dwg,cad drawing,DWG,https://www.kohler.co.in/p/span-round-wm-lavatory-small-480x440-31458in?skuId=31458IN-0,True,asset_001352
31458IN-0,https://techcomm.kohler.com/techcomm/cad/31458infrt.dxf,cad drawing,DXF,https://www.kohler.co.in/p/span-round-wm-lavatory-small-480x440-31458in?skuId=31458IN-0,True,asset_001351
31458IN-0,https://techcomm.kohler.com/techcomm/cad/31458infrt.dwg,cad drawing,DWG,https://www.kohler.co.in/p/span-round-wm-lavatory-small-480x440-31458in?skuId=31458IN-0,True,asset_001350
31458IN-0,https://techcomm.kohler.com/techcomm/cad/31458insde.dxf,cad drawing,DXF,https://www.kohler.co.in/p/span-round-wm-lavatory-small-480x440-31458in?skuId=31458IN-0,True,asset_001355
31458IN-0,https://techcomm.kohler.com/techcomm/cad/31458insde.dwg,cad drawing,DWG,https://www.kohler.co.in/p/span-round-wm-lavatory-small-480x440-31458in?skuId=31458IN-0,True,asset_001354
31458IN-0,https://techcomm.kohler.com/techcomm/cad/31458IN.dxf,cad drawing,DXF,https://www.kohler.co.in/p/span-round-wm-lavatory-small-480x440-31458in?skuId=31458IN-0,True,asset_001347
31458IN-0,https://techcomm.kohler.com/techcomm/cad/31458IN.dwg,cad drawing,DWG,https://www.kohler.co.in/p/span-round-wm-lavatory-small-480x440-31458in?skuId=31458IN-0,True,asset_001346
31458IN-0,https://techcomm.kohler.com/techcomm/pdf/K-31458IN_spec_IN_Kohler_en.pdf,spec sheet,PDF,https://www.kohler.co.in/p/span-round-wm-lavatory-small-480x440-31458in?skuId=31458IN-0,True,asset_003067
31458IN-0,https://techcomm.kohler.com/techcomm/pdf/1389018-IN2_D2.pdf,installation,PDF,https://www.kohler.co.in/p/span-round-wm-lavatory-small-480x440-31458in?skuId=31458IN-0,True,asset_002796
31458IN-0,https://techcomm.kohler.com/techcomm/pdf/1656586-IN8.pdf,parts,PDF,https://www.kohler.co.in/p/span-round-wm-lavatory-small-480x440-31458in?skuId=31458IN-0,True,asset_002893
31460IN-0,https://techcomm.kohler.com/techcomm/cad/31460IN.obj,3d model,OBJ,https://www.kohler.co.in/p/span-square-wm-lavatory-small-480x440-31460in?skuId=31460IN-0,True,asset_001368
31460IN-0,https://techcomm.kohler.com/techcomm/cad/31460IN.skp,3d model,SKP,https://www.kohler.co.in/p/span-square-wm-lavatory-small-480x440-31460in?skuId=31460IN-0,True,asset_001369
31460IN-0,https://techcomm.kohler.com/techcomm/cad/31460IN.3ds,3d model,3DS,https://www.kohler.co.in/p/span-square-wm-lavatory-small-480x440-31460in?skuId=31460IN-0,True,asset_001365
31460IN-0,https://techcomm.kohler.com/techcomm/cad/Sink-Wall_Mount-Lavatory-KOHLER-Span-K-31460IN.rfa,3d model,RFA,https://www.kohler.co.in/p/span-square-wm-lavatory-small-480x440-31460in?skuId=31460IN-0,True,asset_002717
31460IN-0,https://techcomm.kohler.com/techcomm/cad/31460inpln.dxf,cad drawing,DXF,https://www.kohler.co.in/p/span-square-wm-lavatory-small-480x440-31460in?skuId=31460IN-0,True,asset_001373
31460IN-0,https://techcomm.kohler.com/techcomm/cad/31460inpln.dwg,cad drawing,DWG,https://www.kohler.co.in/p/span-square-wm-lavatory-small-480x440-31460in?skuId=31460IN-0,True,asset_001372
31460IN-0,https://techcomm.kohler.com/techcomm/cad/31460infrt.dxf,cad drawing,DXF,https://www.kohler.co.in/p/span-square-wm-lavatory-small-480x440-31460in?skuId=31460IN-0,True,asset_001371
31460IN-0,https://techcomm.kohler.com/techcomm/cad/31460infrt.dwg,cad drawing,DWG,https://www.kohler.co.in/p/span-square-wm-lavatory-small-480x440-31460in?skuId=31460IN-0,True,asset_001370
31460IN-0,https://techcomm.kohler.com/techcomm/cad/31460insde.dxf,cad drawing,DXF,https://www.kohler.co.in/p/span-square-wm-lavatory-small-480x440-31460in?skuId=31460IN-0,True,asset_001375
31460IN-0,https://techcomm.kohler.com/techcomm/cad/31460insde.dwg,cad drawing,DWG,https://www.kohler.co.in/p/span-square-wm-lavatory-small-480x440-31460in?skuId=31460IN-0,True,asset_001374
31460IN-0,https://techcomm.kohler.com/techcomm/cad/31460IN.dxf,cad drawing,DXF,https://www.kohler.co.in/p/span-square-wm-lavatory-small-480x440-31460in?skuId=31460IN-0,True,asset_001367
31460IN-0,https://techcomm.kohler.com/techcomm/cad/31460IN.dwg,cad drawing,DWG,https://www.kohler.co.in/p/span-square-wm-lavatory-small-480x440-31460in?skuId=31460IN-0,True,asset_001366
31460IN-0,https://techcomm.kohler.com/techcomm/pdf/K-31460IN_spec_IN_Kohler_en.pdf,spec sheet,PDF,https://www.kohler.co.in/p/span-square-wm-lavatory-small-480x440-31460in?skuId=31460IN-0,True,asset_003068
31460IN-0,https://techcomm.kohler.com/techcomm/pdf/1656586-IN8.pdf,parts,PDF,https://www.kohler.co.in/p/span-square-wm-lavatory-small-480x440-31460in?skuId=31460IN-0,True,asset_002893
30520IN-0,https://techcomm.kohler.com/techcomm/cad/30520IN.obj,3d model,OBJ,https://www.kohler.co.in/p/trace-550-mm-rectangular-wall-mount-bathroom-sink-30520in?skuId=30520IN-0,True,asset_001319
30520IN-0,https://techcomm.kohler.com/techcomm/cad/30520IN.skp,3d model,SKP,https://www.kohler.co.in/p/trace-550-mm-rectangular-wall-mount-bathroom-sink-30520in?skuId=30520IN-0,True,asset_001320
30520IN-0,https://techcomm.kohler.com/techcomm/cad/30520IN.3ds,3d model,3DS,https://www.kohler.co.in/p/trace-550-mm-rectangular-wall-mount-bathroom-sink-30520in?skuId=30520IN-0,True,asset_001316
30520IN-0,https://techcomm.kohler.com/techcomm/cad/Sink-Wall_Mount-Lavatory-KOHLER-Trace-K-30520IN.rfa,3d model,RFA,https://www.kohler.co.in/p/trace-550-mm-rectangular-wall-mount-bathroom-sink-30520in?skuId=30520IN-0,True,asset_002719
30520IN-0,https://techcomm.kohler.com/techcomm/cad/30520inpln.dxf,cad drawing,DXF,https://www.kohler.co.in/p/trace-550-mm-rectangular-wall-mount-bathroom-sink-30520in?skuId=30520IN-0,True,asset_001324
30520IN-0,https://techcomm.kohler.com/techcomm/cad/30520inpln.dwg,cad drawing,DWG,https://www.kohler.co.in/p/trace-550-mm-rectangular-wall-mount-bathroom-sink-30520in?skuId=30520IN-0,True,asset_001323
30520IN-0,https://techcomm.kohler.com/techcomm/cad/30520infrt.dxf,cad drawing,DXF,https://www.kohler.co.in/p/trace-550-mm-rectangular-wall-mount-bathroom-sink-30520in?skuId=30520IN-0,True,asset_001322
30520IN-0,https://techcomm.kohler.com/techcomm/cad/30520infrt.dwg,cad drawing,DWG,https://www.kohler.co.in/p/trace-550-mm-rectangular-wall-mount-bathroom-sink-30520in?skuId=30520IN-0,True,asset_001321
30520IN-0,https://techcomm.kohler.com/techcomm/cad/30520insde.dxf,cad drawing,DXF,https://www.kohler.co.in/p/trace-550-mm-rectangular-wall-mount-bathroom-sink-30520in?skuId=30520IN-0,True,asset_001326
30520IN-0,https://techcomm.kohler.com/techcomm/cad/30520insde.dwg,cad drawing,DWG,https://www.kohler.co.in/p/trace-550-mm-rectangular-wall-mount-bathroom-sink-30520in?skuId=30520IN-0,True,asset_001325
30520IN-0,https://techcomm.kohler.com/techcomm/cad/30520IN.dxf,cad drawing,DXF,https://www.kohler.co.in/p/trace-550-mm-rectangular-wall-mount-bathroom-sink-30520in?skuId=30520IN-0,True,asset_001318
30520IN-0,https://techcomm.kohler.com/techcomm/cad/30520IN.dwg,cad drawing,DWG,https://www.kohler.co.in/p/trace-550-mm-rectangular-wall-mount-bathroom-sink-30520in?skuId=30520IN-0,True,asset_001317
30520IN-0,https://techcomm.kohler.com/techcomm/pdf/1660126-IN8.pdf,parts,PDF,https://www.kohler.co.in/p/trace-550-mm-rectangular-wall-mount-bathroom-sink-30520in?skuId=30520IN-0,True,asset_002896
34229IN-0,https://techcomm.kohler.com/techcomm/cad/34229IN.obj,3d model,OBJ,https://www.kohler.co.in/p/apt-550-mm-rectangular-wall-mount-bathroom-sink-no-overflow-34229in?skuId=34229IN-0,True,asset_001478
34229IN-0,https://techcomm.kohler.com/techcomm/cad/34229IN.skp,3d model,SKP,https://www.kohler.co.in/p/apt-550-mm-rectangular-wall-mount-bathroom-sink-no-overflow-34229in?skuId=34229IN-0,True,asset_001479
34229IN-0,https://techcomm.kohler.com/techcomm/cad/34229IN.3ds,3d model,3DS,https://www.kohler.co.in/p/apt-550-mm-rectangular-wall-mount-bathroom-sink-no-overflow-34229in?skuId=34229IN-0,True,asset_001475
34229IN-0,https://techcomm.kohler.com/techcomm/cad/Sink-Wall_Mount-Lavatory-KOHLER-APT-K-34229IN.rfa,3d model,RFA,https://www.kohler.co.in/p/apt-550-mm-rectangular-wall-mount-bathroom-sink-no-overflow-34229in?skuId=34229IN-0,True,asset_002713
34229IN-0,https://techcomm.kohler.com/techcomm/cad/34229inpln.dxf,cad drawing,DXF,https://www.kohler.co.in/p/apt-550-mm-rectangular-wall-mount-bathroom-sink-no-overflow-34229in?skuId=34229IN-0,True,asset_001483
34229IN-0,https://techcomm.kohler.com/techcomm/cad/34229inpln.dwg,cad drawing,DWG,https://www.kohler.co.in/p/apt-550-mm-rectangular-wall-mount-bathroom-sink-no-overflow-34229in?skuId=34229IN-0,True,asset_001482
34229IN-0,https://techcomm.kohler.com/techcomm/cad/34229infrt.dxf,cad drawing,DXF,https://www.kohler.co.in/p/apt-550-mm-rectangular-wall-mount-bathroom-sink-no-overflow-34229in?skuId=34229IN-0,True,asset_001481
34229IN-0,https://techcomm.kohler.com/techcomm/cad/34229infrt.dwg,cad drawing,DWG,https://www.kohler.co.in/p/apt-550-mm-rectangular-wall-mount-bathroom-sink-no-overflow-34229in?skuId=34229IN-0,True,asset_001480
34229IN-0,https://techcomm.kohler.com/techcomm/cad/34229insde.dxf,cad drawing,DXF,https://www.kohler.co.in/p/apt-550-mm-rectangular-wall-mount-bathroom-sink-no-overflow-34229in?skuId=34229IN-0,True,asset_001485
34229IN-0,https://techcomm.kohler.com/techcomm/cad/34229insde.dwg,cad drawing,DWG,https://www.kohler.co.in/p/apt-550-mm-rectangular-wall-mount-bathroom-sink-no-overflow-34229in?skuId=34229IN-0,True,asset_001484
34229IN-0,https://techcomm.kohler.com/techcomm/cad/34229IN.dxf,cad drawing,DXF,https://www.kohler.co.in/p/apt-550-mm-rectangular-wall-mount-bathroom-sink-no-overflow-34229in?skuId=34229IN-0,True,asset_001477
34229IN-0,https://techcomm.kohler.com/techcomm/cad/34229IN.dwg,cad drawing,DWG,https://www.kohler.co.in/p/apt-550-mm-rectangular-wall-mount-bathroom-sink-no-overflow-34229in?skuId=34229IN-0,True,asset_001476
34229IN-0,https://techcomm.kohler.com/techcomm/pdf/K-34229IN_spec_IN_Kohler_en.pdf,spec sheet,PDF,https://www.kohler.co.in/p/apt-550-mm-rectangular-wall-mount-bathroom-sink-no-overflow-34229in?skuId=34229IN-0,True,asset_003078
34229IN-0,https://techcomm.kohler.com/techcomm/pdf/1587978-IN2.pdf,installation,PDF,https://www.kohler.co.in/p/apt-550-mm-rectangular-wall-mount-bathroom-sink-no-overflow-34229in?skuId=34229IN-0,True,asset_002862
25317IN-0,https://techcomm.kohler.com/techcomm/cad/25317IN.obj,3d model,OBJ,https://www.kohler.co.in/p/span-544-mm-rectangular-wall-mount-bathroom-sink-with-glazed-underside-25317in?skuId=25317IN-0,True,asset_000714
25317IN-0,https://techcomm.kohler.com/techcomm/cad/25317IN.skp,3d model,SKP,https://www.kohler.co.in/p/span-544-mm-rectangular-wall-mount-bathroom-sink-with-glazed-underside-25317in?skuId=25317IN-0,True,asset_000715
25317IN-0,https://techcomm.kohler.com/techcomm/cad/25317IN.3ds,3d model,3DS,https://www.kohler.co.in/p/span-544-mm-rectangular-wall-mount-bathroom-sink-with-glazed-underside-25317in?skuId=25317IN-0,True,asset_000711
25317IN-0,https://techcomm.kohler.com/techcomm/cad/Sink-Wall_Mount-Lavatory-KOHLER-Span-K-25317IN.rfa,3d model,RFA,https://www.kohler.co.in/p/span-544-mm-rectangular-wall-mount-bathroom-sink-with-glazed-underside-25317in?skuId=25317IN-0,True,asset_002715
25317IN-0,https://techcomm.kohler.com/techcomm/cad/25317inpln.dxf,cad drawing,DXF,https://www.kohler.co.in/p/span-544-mm-rectangular-wall-mount-bathroom-sink-with-glazed-underside-25317in?skuId=25317IN-0,True,asset_000719
25317IN-0,https://techcomm.kohler.com/techcomm/cad/25317inpln.dwg,cad drawing,DWG,https://www.kohler.co.in/p/span-544-mm-rectangular-wall-mount-bathroom-sink-with-glazed-underside-25317in?skuId=25317IN-0,True,asset_000718
25317IN-0,https://techcomm.kohler.com/techcomm/cad/25317infrt.dxf,cad drawing,DXF,https://www.kohler.co.in/p/span-544-mm-rectangular-wall-mount-bathroom-sink-with-glazed-underside-25317in?skuId=25317IN-0,True,asset_000717
25317IN-0,https://techcomm.kohler.com/techcomm/cad/25317infrt.dwg,cad drawing,DWG,https://www.kohler.co.in/p/span-544-mm-rectangular-wall-mount-bathroom-sink-with-glazed-underside-25317in?skuId=25317IN-0,True,asset_000716
25317IN-0,https://techcomm.kohler.com/techcomm/cad/25317insde.dxf,cad drawing,DXF,https://www.kohler.co.in/p/span-544-mm-rectangular-wall-mount-bathroom-sink-with-glazed-underside-25317in?skuId=25317IN-0,True,asset_000721
25317IN-0,https://techcomm.kohler.com/techcomm/cad/25317insde.dwg,cad drawing,DWG,https://www.kohler.co.in/p/span-544-mm-rectangular-wall-mount-bathroom-sink-with-glazed-underside-25317in?skuId=25317IN-0,True,asset_000720
25317IN-0,https://techcomm.kohler.com/techcomm/cad/25317IN.dxf,cad drawing,DXF,https://www.kohler.co.in/p/span-544-mm-rectangular-wall-mount-bathroom-sink-with-glazed-underside-25317in?skuId=25317IN-0,True,asset_000713
25317IN-0,https://techcomm.kohler.com/techcomm/cad/25317IN.dwg,cad drawing,DWG,https://www.kohler.co.in/p/span-544-mm-rectangular-wall-mount-bathroom-sink-with-glazed-underside-25317in?skuId=25317IN-0,True,asset_000712
25317IN-0,https://techcomm.kohler.com/techcomm/pdf/K-25317IN_spec_IN_Kohler_en.pdf,spec sheet,PDF,https://www.kohler.co.in/p/span-544-mm-rectangular-wall-mount-bathroom-sink-with-glazed-underside-25317in?skuId=25317IN-0,True,asset_003002
25317IN-0,https://techcomm.kohler.com/techcomm/pdf/1389018-IN2_D2.pdf,installation,PDF,https://www.kohler.co.in/p/span-544-mm-rectangular-wall-mount-bathroom-sink-with-glazed-underside-25317in?skuId=25317IN-0,True,asset_002796
25317IN-0,https://techcomm.kohler.com/techcomm/pdf/1656586-IN8.pdf,parts,PDF,https://www.kohler.co.in/p/span-544-mm-rectangular-wall-mount-bathroom-sink-with-glazed-underside-25317in?skuId=25317IN-0,True,asset_002893
