product_code,asset_type,file_format,asset_url,product_url,file_format_normalized,asset_type_normalized,asset_id,is_3d,is_obj,is_skp,is_3ds,is_rfa,is_dwg,is_dxf,is_pdf,source_domain
18343T-0,Spec Sheet,PDF,https://files.kohler.com.cn/pdfs/18343T_r.pdf,https://www.kohler.co.in/p/evok-1-6m-rectangular-freestanding-acrylic-bath-18343t?skuId=18343T-0,PDF,spec sheet,asset_000001,False,False,False,False,False,False,False,True,files.kohler.com.cn
38973IN-CP,3D Model,RFA,https://kohler.scene7.com/is/image/kohlergbhcloudprod/Shower-Showerhead-KOHLER-Filter_SF-K-38973IN.rfa,https://www.kohler.co.in/p/pristine-rectangular-254-mm-single-function-filtered-rainhead-12-0-lpm-38973in?skuId=38973IN-CP,RFA,3d model,asset_000002,True,False,False,False,True,False,False,False,kohler.scene7.com
10385IN-CP,3D Model,3DS,https://techcomm.kohler.com/techcomm/cad/10385IN.3ds,https://www.kohler.co.in/p/complementary-bath-spout-without-diverter-flat-face-160mm-10385in?skuId=10385IN-CP,3DS,3d model,asset_000003,True,False,False,True,False,False,False,False,techcomm.kohler.com
10385IN-CP,CAD Drawing,DWG,https://techcomm.kohler.com/techcomm/cad/10385IN.dwg,https://www.kohler.co.in/p/complementary-bath-spout-without-diverter-flat-face-160mm-10385in?skuId=10385IN-CP,DWG,cad drawing,asset_000004,False,False,False,False,False,True,False,False,techcomm.kohler.com
10385IN-CP,CAD Drawing,DXF,https://techcomm.kohler.com/techcomm/cad/10385IN.dxf,https://www.kohler.co.in/p/complementary-bath-spout-without-diverter-flat-face-160mm-10385in?skuId=10385IN-CP,DXF,cad drawing,asset_000005,False,False,False,False,False,False,True,False,techcomm.kohler.com
10385IN-CP,3D Model,OBJ,https://techcomm.kohler.com/techcomm/cad/10385IN.obj,https://www.kohler.co.in/p/complementary-bath-spout-without-diverter-flat-face-160mm-10385in?skuId=10385IN-CP,OBJ,3d model,asset_000006,True,True,False,False,False,False,False,False,techcomm.kohler.com
10385IN-CP,3D Model,SKP,https://techcomm.kohler.com/techcomm/cad/10385IN.skp,https://www.kohler.co.in/p/complementary-bath-spout-without-diverter-flat-face-160mm-10385in?skuId=10385IN-CP,SKP,3d model,asset_000007,True,False,True,False,False,False,False,False,techcomm.kohler.com
10385IN-CP,CAD Drawing,DWG,https://techcomm.kohler.com/techcomm/cad/10385infrt.dwg,https://www.kohler.co.in/p/complementary-bath-spout-without-diverter-flat-face-160mm-10385in?skuId=10385IN-CP,DWG,cad drawing,asset_000008,False,False,False,False,False,True,False,False,techcomm.kohler.com
10385IN-CP,CAD Drawing,DXF,https://techcomm.kohler.com/techcomm/cad/10385infrt.dxf,https://www.kohler.co.in/p/complementary-bath-spout-without-diverter-flat-face-160mm-10385in?skuId=10385IN-CP,DXF,cad drawing,asset_000009,False,False,False,False,False,False,True,False,techcomm.kohler.com
10385IN-CP,CAD Drawing,DWG,https://techcomm.kohler.com/techcomm/cad/10385inpln.dwg,https://www.kohler.co.in/p/complementary-bath-spout-without-diverter-flat-face-160mm-10385in?skuId=10385IN-CP,DWG,cad drawing,asset_000010,False,False,False,False,False,True,False,False,techcomm.kohler.com
10385IN-CP,CAD Drawing,DXF,https://techcomm.kohler.com/techcomm/cad/10385inpln.dxf,https://www.kohler.co.in/p/complementary-bath-spout-without-diverter-flat-face-160mm-10385in?skuId=10385IN-CP,DXF,cad drawing,asset_000011,False,False,False,False,False,False,True,False,techcomm.kohler.com
10385IN-CP,CAD Drawing,DWG,https://techcomm.kohler.com/techcomm/cad/10385insde.dwg,https://www.kohler.co.in/p/complementary-bath-spout-without-diverter-flat-face-160mm-10385in?skuId=10385IN-CP,DWG,cad drawing,asset_000012,False,False,False,False,False,True,False,False,techcomm.kohler.com
10385IN-CP,CAD Drawing,DXF,https://techcomm.kohler.com/techcomm/cad/10385insde.dxf,https://www.kohler.co.in/p/complementary-bath-spout-without-diverter-flat-face-160mm-10385in?skuId=10385IN-CP,DXF,cad drawing,asset_000013,False,False,False,False,False,False,True,False,techcomm.kohler.com
2883-0,CAD Drawing,DXF,https://techcomm.kohler.com/techcomm/cad/1109224_7.dxf,https://www.kohler.co.in/p/demilav-verticyl-round-undermount-bathroom-sink-2883?skuId=2883-0,DXF,cad drawing,asset_000014,False,False,False,False,False,False,True,False,techcomm.kohler.com
11160T-1-0,3D Model,3DS,https://techcomm.kohler.com/techcomm/cad/11160T-1.3ds,https://www.kohler.co.in/p/odeon-odeon-semi-recessed-basin-560mm-11160t-1?skuId=11160T-1-0,3DS,3d model,asset_000015,True,False,False,True,False,False,False,False,techcomm.kohler.com
11160T-1-0,CAD Drawing,DWG,https://techcomm.kohler.com/techcomm/cad/11160T-1.dwg,https://www.kohler.co.in/p/odeon-odeon-semi-recessed-basin-560mm-11160t-1?skuId=11160T-1-0,DWG,cad drawing,asset_000016,False,False,False,False,False,True,False,False,techcomm.kohler.com
11160T-1-0,CAD Drawing,DXF,https://techcomm.kohler.com/techcomm/cad/11160T-1.dxf,https://www.kohler.co.in/p/odeon-odeon-semi-recessed-basin-560mm-11160t-1?skuId=11160T-1-0,DXF,cad drawing,asset_000017,False,False,False,False,False,False,True,False,techcomm.kohler.com
11160T-1-0,3D Model,OBJ,https://techcomm.kohler.com/techcomm/cad/11160T-1.obj,https://www.kohler.co.in/p/odeon-odeon-semi-recessed-basin-560mm-11160t-1?skuId=11160T-1-0,OBJ,3d model,asset_000018,True,True,False,False,False,False,False,False,techcomm.kohler.com
11160T-1-0,3D Model,SKP,https://techcomm.kohler.com/techcomm/cad/11160T-1.skp,https://www.kohler.co.in/p/odeon-odeon-semi-recessed-basin-560mm-11160t-1?skuId=11160T-1-0,SKP,3d model,asset_000019,True,False,True,False,False,False,False,False,techcomm.kohler.com
11160T-1-0,CAD Drawing,DWG,https://techcomm.kohler.com/techcomm/cad/11160t_1frt.dwg,https://www.kohler.co.in/p/odeon-odeon-semi-recessed-basin-560mm-11160t-1?skuId=11160T-1-0,DWG,cad drawing,asset_000020,False,False,False,False,False,True,False,False,techcomm.kohler.com
11160T-1-0,CAD Drawing,DXF,https://techcomm.kohler.com/techcomm/cad/11160t_1frt.dxf,https://www.kohler.co.in/p/odeon-odeon-semi-recessed-basin-560mm-11160t-1?skuId=11160T-1-0,DXF,cad drawing,asset_000021,False,False,False,False,False,False,True,False,techcomm.kohler.com
11160T-1-0,CAD Drawing,DWG,https://techcomm.kohler.com/techcomm/cad/11160t_1pln.dwg,https://www.kohler.co.in/p/odeon-odeon-semi-recessed-basin-560mm-11160t-1?skuId=11160T-1-0,DWG,cad drawing,asset_000022,False,False,False,False,False,True,False,False,techcomm.kohler.com
11160T-1-0,CAD Drawing,DXF,https://techcomm.kohler.com/techcomm/cad/11160t_1pln.dxf,https://www.kohler.co.in/p/odeon-odeon-semi-recessed-basin-560mm-11160t-1?skuId=11160T-1-0,DXF,cad drawing,asset_000023,False,False,False,False,False,False,True,False,techcomm.kohler.com
11160T-1-0,CAD Drawing,DWG,https://techcomm.kohler.com/techcomm/cad/11160t_1sde.dwg,https://www.kohler.co.in/p/odeon-odeon-semi-recessed-basin-560mm-11160t-1?skuId=11160T-1-0,DWG,cad drawing,asset_000024,False,False,False,False,False,True,False,False,techcomm.kohler.com
11160T-1-0,CAD Drawing,DXF,https://techcomm.kohler.com/techcomm/cad/11160t_1sde.dxf,https://www.kohler.co.in/p/odeon-odeon-semi-recessed-basin-560mm-11160t-1?skuId=11160T-1-0,DXF,cad drawing,asset_000025,False,False,False,False,False,False,True,False,techcomm.kohler.com
11195T-0,3D Model,3DS,https://techcomm.kohler.com/techcomm/cad/11195T.3ds,https://www.kohler.co.in/p/cleo-1-7m-freestanding-cast-iron-bath-11195t?skuId=11195T-0,3DS,3d model,asset_000026,True,False,False,True,False,False,False,False,techcomm.kohler.com
11195T-0,CAD Drawing,DWG,https://techcomm.kohler.com/techcomm/cad/11195T.dwg,https://www.kohler.co.in/p/cleo-1-7m-freestanding-cast-iron-bath-11195t?skuId=11195T-0,DWG,cad drawing,asset_000027,False,False,False,False,False,True,False,False,techcomm.kohler.com
11195T-0,CAD Drawing,DXF,https://techcomm.kohler.com/techcomm/cad/11195T.dxf,https://www.kohler.co.in/p/cleo-1-7m-freestanding-cast-iron-bath-11195t?skuId=11195T-0,DXF,cad drawing,asset_000028,False,False,False,False,False,False,True,False,techcomm.kohler.com
11195T-0,3D Model,OBJ,https://techcomm.kohler.com/techcomm/cad/11195T.obj,https://www.kohler.co.in/p/cleo-1-7m-freestanding-cast-iron-bath-11195t?skuId=11195T-0,OBJ,3d model,asset_000029,True,True,False,False,False,False,False,False,techcomm.kohler.com
11195T-0,3D Model,SKP,https://techcomm.kohler.com/techcomm/cad/11195T.skp,https://www.kohler.co.in/p/cleo-1-7m-freestanding-cast-iron-bath-11195t?skuId=11195T-0,SKP,3d model,asset_000030,True,False,True,False,False,False,False,False,techcomm.kohler.com
11195T-0,CAD Drawing,DWG,https://techcomm.kohler.com/techcomm/cad/11195tfrt.dwg,https://www.kohler.co.in/p/cleo-1-7m-freestanding-cast-iron-bath-11195t?skuId=11195T-0,DWG,cad drawing,asset_000031,False,False,False,False,False,True,False,False,techcomm.kohler.com
11195T-0,CAD Drawing,DXF,https://techcomm.kohler.com/techcomm/cad/11195tfrt.dxf,https://www.kohler.co.in/p/cleo-1-7m-freestanding-cast-iron-bath-11195t?skuId=11195T-0,DXF,cad drawing,asset_000032,False,False,False,False,False,False,True,False,techcomm.kohler.com
11195T-0,CAD Drawing,DWG,https://techcomm.kohler.com/techcomm/cad/11195tpln.dwg,https://www.kohler.co.in/p/cleo-1-7m-freestanding-cast-iron-bath-11195t?skuId=11195T-0,DWG,cad drawing,asset_000033,False,False,False,False,False,True,False,False,techcomm.kohler.com
11195T-0,CAD Drawing,DXF,https://techcomm.kohler.com/techcomm/cad/11195tpln.dxf,https://www.kohler.co.in/p/cleo-1-7m-freestanding-cast-iron-bath-11195t?skuId=11195T-0,DXF,cad drawing,asset_000034,False,False,False,False,False,False,True,False,techcomm.kohler.com
11195T-0,CAD Drawing,DWG,https://techcomm.kohler.com/techcomm/cad/11195tsde.dwg,https://www.kohler.co.in/p/cleo-1-7m-freestanding-cast-iron-bath-11195t?skuId=11195T-0,DWG,cad drawing,asset_000035,False,False,False,False,False,True,False,False,techcomm.kohler.com
11195T-0,CAD Drawing,DXF,https://techcomm.kohler.com/techcomm/cad/11195tsde.dxf,https://www.kohler.co.in/p/cleo-1-7m-freestanding-cast-iron-bath-11195t?skuId=11195T-0,DXF,cad drawing,asset_000036,False,False,False,False,False,False,True,False,techcomm.kohler.com
11479IN-VC1-0,3D Model,3DS,https://techcomm.kohler.com/techcomm/cad/11479IN-VC1.3ds,https://www.kohler.co.in/p/forefront-semi-recessed-lavatory-with-single-faucet-hole-11479in-vc1?skuId=11479IN-VC1-0,3DS,3d model,asset_000037,True,False,False,True,False,False,False,False,techcomm.kohler.com
11479IN-VC1-0,CAD Drawing,DWG,https://techcomm.kohler.com/techcomm/cad/11479IN-VC1.dwg,https://www.kohler.co.in/p/forefront-semi-recessed-lavatory-with-single-faucet-hole-11479in-vc1?skuId=11479IN-VC1-0,DWG,cad drawing,asset_000038,False,False,False,False,False,True,False,False,techcomm.kohler.com
11479IN-VC1-0,CAD Drawing,DXF,https://techcomm.kohler.com/techcomm/cad/11479IN-VC1.dxf,https://www.kohler.co.in/p/forefront-semi-recessed-lavatory-with-single-faucet-hole-11479in-vc1?skuId=11479IN-VC1-0,DXF,cad drawing,asset_000039,False,False,False,False,False,False,True,False,techcomm.kohler.com
11479IN-VC1-0,3D Model,OBJ,https://techcomm.kohler.com/techcomm/cad/11479IN-VC1.obj,https://www.kohler.co.in/p/forefront-semi-recessed-lavatory-with-single-faucet-hole-11479in-vc1?skuId=11479IN-VC1-0,OBJ,3d model,asset_000040,True,True,False,False,False,False,False,False,techcomm.kohler.com
11479IN-VC1-0,3D Model,SKP,https://techcomm.kohler.com/techcomm/cad/11479IN-VC1.skp,https://www.kohler.co.in/p/forefront-semi-recessed-lavatory-with-single-faucet-hole-11479in-vc1?skuId=11479IN-VC1-0,SKP,3d model,asset_000041,True,False,True,False,False,False,False,False,techcomm.kohler.com
11479IN-VC1-0,CAD Drawing,DWG,https://techcomm.kohler.com/techcomm/cad/11479in_vc1frt.dwg,https://www.kohler.co.in/p/forefront-semi-recessed-lavatory-with-single-faucet-hole-11479in-vc1?skuId=11479IN-VC1-0,DWG,cad drawing,asset_000042,False,False,False,False,False,True,False,False,techcomm.kohler.com
11479IN-VC1-0,CAD Drawing,DXF,https://techcomm.kohler.com/techcomm/cad/11479in_vc1frt.dxf,https://www.kohler.co.in/p/forefront-semi-recessed-lavatory-with-single-faucet-hole-11479in-vc1?skuId=11479IN-VC1-0,DXF,cad drawing,asset_000043,False,False,False,False,False,False,True,False,techcomm.kohler.com
11479IN-VC1-0,CAD Drawing,DWG,https://techcomm.kohler.com/techcomm/cad/11479in_vc1pln.dwg,https://www.kohler.co.in/p/forefront-semi-recessed-lavatory-with-single-faucet-hole-11479in-vc1?skuId=11479IN-VC1-0,DWG,cad drawing,asset_000044,False,False,False,False,False,True,False,False,techcomm.kohler.com
11479IN-VC1-0,CAD Drawing,DXF,https://techcomm.kohler.com/techcomm/cad/11479in_vc1pln.dxf,https://www.kohler.co.in/p/forefront-semi-recessed-lavatory-with-single-faucet-hole-11479in-vc1?skuId=11479IN-VC1-0,DXF,cad drawing,asset_000045,False,False,False,False,False,False,True,False,techcomm.kohler.com
11479IN-VC1-0,CAD Drawing,DWG,https://techcomm.kohler.com/techcomm/cad/11479in_vc1sde.dwg,https://www.kohler.co.in/p/forefront-semi-recessed-lavatory-with-single-faucet-hole-11479in-vc1?skuId=11479IN-VC1-0,DWG,cad drawing,asset_000046,False,False,False,False,False,True,False,False,techcomm.kohler.com
11479IN-VC1-0,CAD Drawing,DXF,https://techcomm.kohler.com/techcomm/cad/11479in_vc1sde.dxf,https://www.kohler.co.in/p/forefront-semi-recessed-lavatory-with-single-faucet-hole-11479in-vc1?skuId=11479IN-VC1-0,DXF,cad drawing,asset_000047,False,False,False,False,False,False,True,False,techcomm.kohler.com
1188IN-C1-0,3D Model,3DS,https://techcomm.kohler.com/techcomm/cad/1188IN-C1.3ds,https://www.kohler.co.in/p/sok-1905-mm-x-1040-mm-drop-in-whirlpool-bath-with-effervescence-and-chromatherapy-1188in-c1?skuId=1188IN-C1-0,3DS,3d model,asset_000048,True,False,False,True,False,False,False,False,techcomm.kohler.com
1188IN-C1-0,CAD Drawing,DWG,https://techcomm.kohler.com/techcomm/cad/1188IN-C1.dwg,https://www.kohler.co.in/p/sok-1905-mm-x-1040-mm-drop-in-whirlpool-bath-with-effervescence-and-chromatherapy-1188in-c1?skuId=1188IN-C1-0,DWG,cad drawing,asset_000049,False,False,False,False,False,True,False,False,techcomm.kohler.com
1188IN-C1-0,CAD Drawing,DXF,https://techcomm.kohler.com/techcomm/cad/1188IN-C1.dxf,https://www.kohler.co.in/p/sok-1905-mm-x-1040-mm-drop-in-whirlpool-bath-with-effervescence-and-chromatherapy-1188in-c1?skuId=1188IN-C1-0,DXF,cad drawing,asset_000050,False,False,False,False,False,False,True,False,techcomm.kohler.com
1188IN-C1-0,3D Model,OBJ,https://techcomm.kohler.com/techcomm/cad/1188IN-C1.obj,https://www.kohler.co.in/p/sok-1905-mm-x-1040-mm-drop-in-whirlpool-bath-with-effervescence-and-chromatherapy-1188in-c1?skuId=1188IN-C1-0,OBJ,3d model,asset_000051,True,True,False,False,False,False,False,False,techcomm.kohler.com
1188IN-C1-0,3D Model,SKP,https://techcomm.kohler.com/techcomm/cad/1188IN-C1.skp,https://www.kohler.co.in/p/sok-1905-mm-x-1040-mm-drop-in-whirlpool-bath-with-effervescence-and-chromatherapy-1188in-c1?skuId=1188IN-C1-0,SKP,3d model,asset_000052,True,False,True,False,False,False,False,False,techcomm.kohler.com
1188IN-C1-0,CAD Drawing,DWG,https://techcomm.kohler.com/techcomm/cad/1188in_c1frt.dwg,https://www.kohler.co.in/p/sok-1905-mm-x-1040-mm-drop-in-whirlpool-bath-with-effervescence-and-chromatherapy-1188in-c1?skuId=1188IN-C1-0,DWG,cad drawing,asset_000053,False,False,False,False,False,True,False,False,techcomm.kohler.com
1188IN-C1-0,CAD Drawing,DXF,https://techcomm.kohler.com/techcomm/cad/1188in_c1frt.dxf,https://www.kohler.co.in/p/sok-1905-mm-x-1040-mm-drop-in-whirlpool-bath-with-effervescence-and-chromatherapy-1188in-c1?skuId=1188IN-C1-0,DXF,cad drawing,asset_000054,False,False,False,False,False,False,True,False,techcomm.kohler.com
1188IN-C1-0,CAD Drawing,DWG,https://techcomm.kohler.com/techcomm/cad/1188in_c1pln.dwg,https://www.kohler.co.in/p/sok-1905-mm-x-1040-mm-drop-in-whirlpool-bath-with-effervescence-and-chromatherapy-1188in-c1?skuId=1188IN-C1-0,DWG,cad drawing,asset_000055,False,False,False,False,False,True,False,False,techcomm.kohler.com
1188IN-C1-0,CAD Drawing,DXF,https://techcomm.kohler.com/techcomm/cad/1188in_c1pln.dxf,https://www.kohler.co.in/p/sok-1905-mm-x-1040-mm-drop-in-whirlpool-bath-with-effervescence-and-chromatherapy-1188in-c1?skuId=1188IN-C1-0,DXF,cad drawing,asset_000056,False,False,False,False,False,False,True,False,techcomm.kohler.com
1188IN-C1-0,CAD Drawing,DWG,https://techcomm.kohler.com/techcomm/cad/1188in_c1sde.dwg,https://www.kohler.co.in/p/sok-1905-mm-x-1040-mm-drop-in-whirlpool-bath-with-effervescence-and-chromatherapy-1188in-c1?skuId=1188IN-C1-0,DWG,cad drawing,asset_000057,False,False,False,False,False,True,False,False,techcomm.kohler.com
1188IN-C1-0,CAD Drawing,DXF,https://techcomm.kohler.com/techcomm/cad/1188in_c1sde.dxf,https://www.kohler.co.in/p/sok-1905-mm-x-1040-mm-drop-in-whirlpool-bath-with-effervescence-and-chromatherapy-1188in-c1?skuId=1188IN-C1-0,DXF,cad drawing,asset_000058,False,False,False,False,False,False,True,False,techcomm.kohler.com
12861IN-ZZ-CP,CAD Drawing,DWG,https://techcomm.kohler.com/techcomm/cad/12861in_zzfrt.dwg,https://www.kohler.co.in/p/citrus-multi-function-handspray-w-hose-12861in-zz?skuId=12861IN-ZZ-CP,DWG,cad drawing,asset_000059,False,False,False,False,False,True,False,False,techcomm.kohler.com
12861IN-ZZ-CP,CAD Drawing,DXF,https://techcomm.kohler.com/techcomm/cad/12861in_zzfrt.dxf,https://www.kohler.co.in/p/citrus-multi-function-handspray-w-hose-12861in-zz?skuId=12861IN-ZZ-CP,DXF,cad drawing,asset_000060,False,False,False,False,False,False,True,False,techcomm.kohler.com
12861IN-ZZ-CP,CAD Drawing,DWG,https://techcomm.kohler.com/techcomm/cad/12861in_zzpln.dwg,https://www.kohler.co.in/p/citrus-multi-function-handspray-w-hose-12861in-zz?skuId=12861IN-ZZ-CP,DWG,cad drawing,asset_000061,False,False,False,False,False,True,False,False,techcomm.kohler.com
12861IN-ZZ-CP,CAD Drawing,DXF,https://techcomm.kohler.com/techcomm/cad/12861in_zzpln.dxf,https://www.kohler.co.in/p/citrus-multi-function-handspray-w-hose-12861in-zz?skuId=12861IN-ZZ-CP,DXF,cad drawing,asset_000062,False,False,False,False,False,False,True,False,techcomm.kohler.com
12861IN-ZZ-CP,CAD Drawing,DWG,https://techcomm.kohler.com/techcomm/cad/12861in_zzsde.dwg,https://www.kohler.co.in/p/citrus-multi-function-handspray-w-hose-12861in-zz?skuId=12861IN-ZZ-CP,DWG,cad drawing,asset_000063,False,False,False,False,False,True,False,False,techcomm.kohler.com
12861IN-ZZ-CP,CAD Drawing,DXF,https://techcomm.kohler.com/techcomm/cad/12861in_zzsde.dxf,https://www.kohler.co.in/p/citrus-multi-function-handspray-w-hose-12861in-zz?skuId=12861IN-ZZ-CP,DXF,cad drawing,asset_000064,False,False,False,False,False,False,True,False,techcomm.kohler.com
20704-0,CAD Drawing,DXF,https://techcomm.kohler.com/techcomm/cad/1317551_7_a.dxf,https://www.kohler.co.in/p/veil-vessel-bathroom-sink-20704?skuId=20704-0,DXF,cad drawing,asset_000065,False,False,False,False,False,False,True,False,techcomm.kohler.com
20703-0,CAD Drawing,DXF,https://techcomm.kohler.com/techcomm/cad/1348372_7_a.dxf,https://www.kohler.co.in/p/veil-tall-vessel-pedestal-bathroom-sink-basin-20703?skuId=20703-0,DXF,cad drawing,asset_000066,False,False,False,False,False,False,True,False,techcomm.kohler.com
13491T-4-RGD,3D Model,3DS,https://techcomm.kohler.com/techcomm/cad/13491T-4.3ds,https://www.kohler.co.in/p/kelston-dual-handle-8-203-mm-lavatory-faucet-13491t-4?skuId=13491T-4-RGD,3DS,3d model,asset_000067,True,False,False,True,False,False,False,False,techcomm.kohler.com
13491T-4-RGD,CAD Drawing,DWG,https://techcomm.kohler.com/techcomm/cad/13491T-4.dwg,https://www.kohler.co.in/p/kelston-dual-handle-8-203-mm-lavatory-faucet-13491t-4?skuId=13491T-4-RGD,DWG,cad drawing,asset_000068,False,False,False,False,False,True,False,False,techcomm.kohler.com
13491T-4-RGD,CAD Drawing,DXF,https://techcomm.kohler.com/techcomm/cad/13491T-4.dxf,https://www.kohler.co.in/p/kelston-dual-handle-8-203-mm-lavatory-faucet-13491t-4?skuId=13491T-4-RGD,DXF,cad drawing,asset_000069,False,False,False,False,False,False,True,False,techcomm.kohler.com
13491T-4-RGD,3D Model,OBJ,https://techcomm.kohler.com/techcomm/cad/13491T-4.obj,https://www.kohler.co.in/p/kelston-dual-handle-8-203-mm-lavatory-faucet-13491t-4?skuId=13491T-4-RGD,OBJ,3d model,asset_000070,True,True,False,False,False,False,False,False,techcomm.kohler.com
13491T-4-RGD,3D Model,SKP,https://techcomm.kohler.com/techcomm/cad/13491T-4.skp,https://www.kohler.co.in/p/kelston-dual-handle-8-203-mm-lavatory-faucet-13491t-4?skuId=13491T-4-RGD,SKP,3d model,asset_000071,True,False,True,False,False,False,False,False,techcomm.kohler.com
13491T-4-RGD,CAD Drawing,DWG,https://techcomm.kohler.com/techcomm/cad/13491t_4frt.dwg,https://www.kohler.co.in/p/kelston-dual-handle-8-203-mm-lavatory-faucet-13491t-4?skuId=13491T-4-RGD,DWG,cad drawing,asset_000072,False,False,False,False,False,True,False,False,techcomm.kohler.com
13491T-4-RGD,CAD Drawing,DXF,https://techcomm.kohler.com/techcomm/cad/13491t_4frt.dxf,https://www.kohler.co.in/p/kelston-dual-handle-8-203-mm-lavatory-faucet-13491t-4?skuId=13491T-4-RGD,DXF,cad drawing,asset_000073,False,False,False,False,False,False,True,False,techcomm.kohler.com
13491T-4-RGD,CAD Drawing,DWG,https://techcomm.kohler.com/techcomm/cad/13491t_4pln.dwg,https://www.kohler.co.in/p/kelston-dual-handle-8-203-mm-lavatory-faucet-13491t-4?skuId=13491T-4-RGD,DWG,cad drawing,asset_000074,False,False,False,False,False,True,False,False,techcomm.kohler.com
13491T-4-RGD,CAD Drawing,DXF,https://techcomm.kohler.com/techcomm/cad/13491t_4pln.dxf,https://www.kohler.co.in/p/kelston-dual-handle-8-203-mm-lavatory-faucet-13491t-4?skuId=13491T-4-RGD,DXF,cad drawing,asset_000075,False,False,False,False,False,False,True,False,techcomm.kohler.com
13491T-4-RGD,CAD Drawing,DWG,https://techcomm.kohler.com/techcomm/cad/13491t_4sde.dwg,https://www.kohler.co.in/p/kelston-dual-handle-8-203-mm-lavatory-faucet-13491t-4?skuId=13491T-4-RGD,DWG,cad drawing,asset_000076,False,False,False,False,False,True,False,False,techcomm.kohler.com
13491T-4-RGD,CAD Drawing,DXF,https://techcomm.kohler.com/techcomm/cad/13491t_4sde.dxf,https://www.kohler.co.in/p/kelston-dual-handle-8-203-mm-lavatory-faucet-13491t-4?skuId=13491T-4-RGD,DXF,cad drawing,asset_000077,False,False,False,False,False,False,True,False,techcomm.kohler.com
1360IN-H2-0,3D Model,3DS,https://techcomm.kohler.com/techcomm/cad/1360IN-H2.3ds,https://www.kohler.co.in/p/riverbath-1905-mm-x-1143-mm-drop-in-heated-whirlpool-bath-with-chromatherapy-1360in-h2?skuId=1360IN-H2-0,3DS,3d model,asset_000078,True,False,False,True,False,False,False,False,techcomm.kohler.com
1360IN-H2-0,CAD Drawing,DWG,https://techcomm.kohler.com/techcomm/cad/1360IN-H2.dwg,https://www.kohler.co.in/p/riverbath-1905-mm-x-1143-mm-drop-in-heated-whirlpool-bath-with-chromatherapy-1360in-h2?skuId=1360IN-H2-0,DWG,cad drawing,asset_000079,False,False,False,False,False,True,False,False,techcomm.kohler.com
1360IN-H2-0,CAD Drawing,DXF,https://techcomm.kohler.com/techcomm/cad/1360IN-H2.dxf,https://www.kohler.co.in/p/riverbath-1905-mm-x-1143-mm-drop-in-heated-whirlpool-bath-with-chromatherapy-1360in-h2?skuId=1360IN-H2-0,DXF,cad drawing,asset_000080,False,False,False,False,False,False,True,False,techcomm.kohler.com
1360IN-H2-0,3D Model,OBJ,https://techcomm.kohler.com/techcomm/cad/1360IN-H2.obj,https://www.kohler.co.in/p/riverbath-1905-mm-x-1143-mm-drop-in-heated-whirlpool-bath-with-chromatherapy-1360in-h2?skuId=1360IN-H2-0,OBJ,3d model,asset_000081,True,True,False,False,False,False,False,False,techcomm.kohler.com
1360IN-H2-0,3D Model,SKP,https://techcomm.kohler.com/techcomm/cad/1360IN-H2.skp,https://www.kohler.co.in/p/riverbath-1905-mm-x-1143-mm-drop-in-heated-whirlpool-bath-with-chromatherapy-1360in-h2?skuId=1360IN-H2-0,SKP,3d model,asset_000082,True,False,True,False,False,False,False,False,techcomm.kohler.com
1360IN-H2-0,CAD Drawing,DWG,https://techcomm.kohler.com/techcomm/cad/1360in_h2frt.dwg,https://www.kohler.co.in/p/riverbath-1905-mm-x-1143-mm-drop-in-heated-whirlpool-bath-with-chromatherapy-1360in-h2?skuId=1360IN-H2-0,DWG,cad drawing,asset_000083,False,False,False,False,False,True,False,False,techcomm.kohler.com
1360IN-H2-0,CAD Drawing,DXF,https://techcomm.kohler.com/techcomm/cad/1360in_h2frt.dxf,https://www.kohler.co.in/p/riverbath-1905-mm-x-1143-mm-drop-in-heated-whirlpool-bath-with-chromatherapy-1360in-h2?skuId=1360IN-H2-0,DXF,cad drawing,asset_000084,False,False,False,False,False,False,True,False,techcomm.kohler.com
1360IN-H2-0,CAD Drawing,DWG,https://techcomm.kohler.com/techcomm/cad/1360in_h2pln.dwg,https://www.kohler.co.in/p/riverbath-1905-mm-x-1143-mm-drop-in-heated-whirlpool-bath-with-chromatherapy-1360in-h2?skuId=1360IN-H2-0,DWG,cad drawing,asset_000085,False,False,False,False,False,True,False,False,techcomm.kohler.com
1360IN-H2-0,CAD Drawing,DXF,https://techcomm.kohler.com/techcomm/cad/1360in_h2pln.dxf,https://www.kohler.co.in/p/riverbath-1905-mm-x-1143-mm-drop-in-heated-whirlpool-bath-with-chromatherapy-1360in-h2?skuId=1360IN-H2-0,DXF,cad drawing,asset_000086,False,False,False,False,False,False,True,False,techcomm.kohler.com
1360IN-H2-0,CAD Drawing,DWG,https://techcomm.kohler.com/techcomm/cad/1360in_h2sde.dwg,https://www.kohler.co.in/p/riverbath-1905-mm-x-1143-mm-drop-in-heated-whirlpool-bath-with-chromatherapy-1360in-h2?skuId=1360IN-H2-0,DWG,cad drawing,asset_000087,False,False,False,False,False,True,False,False,techcomm.kohler.com
1360IN-H2-0,CAD Drawing,DXF,https://techcomm.kohler.com/techcomm/cad/1360in_h2sde.dxf,https://www.kohler.co.in/p/riverbath-1905-mm-x-1143-mm-drop-in-heated-whirlpool-bath-with-chromatherapy-1360in-h2?skuId=1360IN-H2-0,DXF,cad drawing,asset_000088,False,False,False,False,False,False,True,False,techcomm.kohler.com
13693-CP,3D Model,3DS,https://techcomm.kohler.com/techcomm/cad/13693.3ds,https://www.kohler.co.in/p/traditional-round-10-rainhead-with-katalyst-air-induction-spray-2-5-gpm-13693?skuId=13693-CP,3DS,3d model,asset_000089,True,False,False,True,False,False,False,False,techcomm.kohler.com
13693-CP,CAD Drawing,DWG,https://techcomm.kohler.com/techcomm/cad/13693.dwg,https://www.kohler.co.in/p/traditional-round-10-rainhead-with-katalyst-air-induction-spray-2-5-gpm-13693?skuId=13693-CP,DWG,cad drawing,asset_000090,False,False,False,False,False,True,False,False,techcomm.kohler.com
13693-CP,CAD Drawing,DXF,https://techcomm.kohler.com/techcomm/cad/13693.dxf,https://www.kohler.co.in/p/traditional-round-10-rainhead-with-katalyst-air-induction-spray-2-5-gpm-13693?skuId=13693-CP,DXF,cad drawing,asset_000091,False,False,False,False,False,False,True,False,techcomm.kohler.com
13693-CP,3D Model,OBJ,https://techcomm.kohler.com/techcomm/cad/13693.obj,https://www.kohler.co.in/p/traditional-round-10-rainhead-with-katalyst-air-induction-spray-2-5-gpm-13693?skuId=13693-CP,OBJ,3d model,asset_000092,True,True,False,False,False,False,False,False,techcomm.kohler.com
13693-CP,3D Model,SKP,https://techcomm.kohler.com/techcomm/cad/13693.skp,https://www.kohler.co.in/p/traditional-round-10-rainhead-with-katalyst-air-induction-spray-2-5-gpm-13693?skuId=13693-CP,SKP,3d model,asset_000093,True,False,True,False,False,False,False,False,techcomm.kohler.com
13693-CP,CAD Drawing,DWG,https://techcomm.kohler.com/techcomm/cad/13693frt.dwg,https://www.kohler.co.in/p/traditional-round-10-rainhead-with-katalyst-air-induction-spray-2-5-gpm-13693?skuId=13693-CP,DWG,cad drawing,asset_000094,False,False,False,False,False,True,False,False,techcomm.kohler.com
13693-CP,CAD Drawing,DXF,https://techcomm.kohler.com/techcomm/cad/13693frt.dxf,https://www.kohler.co.in/p/traditional-round-10-rainhead-with-katalyst-air-induction-spray-2-5-gpm-13693?skuId=13693-CP,DXF,cad drawing,asset_000095,False,False,False,False,False,False,True,False,techcomm.kohler.com
13693-CP,CAD Drawing,DWG,https://techcomm.kohler.com/techcomm/cad/13693pln.dwg,https://www.kohler.co.in/p/traditional-round-10-rainhead-with-katalyst-air-induction-spray-2-5-gpm-13693?skuId=13693-CP,DWG,cad drawing,asset_000096,False,False,False,False,False,True,False,False,techcomm.kohler.com
13693-CP,CAD Drawing,DXF,https://techcomm.kohler.com/techcomm/cad/13693pln.dxf,https://www.kohler.co.in/p/traditional-round-10-rainhead-with-katalyst-air-induction-spray-2-5-gpm-13693?skuId=13693-CP,DXF,cad drawing,asset_000097,False,False,False,False,False,False,True,False,techcomm.kohler.com
13693-CP,CAD Drawing,DWG,https://techcomm.kohler.com/techcomm/cad/13693sde.dwg,https://www.kohler.co.in/p/traditional-round-10-rainhead-with-katalyst-air-induction-spray-2-5-gpm-13693?skuId=13693-CP,DWG,cad drawing,asset_000098,False,False,False,False,False,True,False,False,techcomm.kohler.com
13693-CP,CAD Drawing,DXF,https://techcomm.kohler.com/techcomm/cad/13693sde.dxf,https://www.kohler.co.in/p/traditional-round-10-rainhead-with-katalyst-air-induction-spray-2-5-gpm-13693?skuId=13693-CP,DXF,cad drawing,asset_000099,False,False,False,False,False,False,True,False,techcomm.kohler.com
1381T-S-0,3D Model,3DS,https://techcomm.kohler.com/techcomm/cad/1381T-S.3ds,https://www.kohler.co.in/p/veil-one-piece-elongated-toilet-with-skirted-trapway-dual-flush-1381t-s?skuId=1381T-S-0,3DS,3d model,asset_000100,True,False,False,True,False,False,False,False,techcomm.kohler.com
1381T-S-0,CAD Drawing,DWG,https://techcomm.kohler.com/techcomm/cad/1381T-S.dwg,https://www.kohler.co.in/p/veil-one-piece-elongated-toilet-with-skirted-trapway-dual-flush-1381t-s?skuId=1381T-S-0,DWG,cad drawing,asset_000101,False,False,False,False,False,True,False,False,techcomm.kohler.com
1381T-S-0,CAD Drawing,DXF,https://techcomm.kohler.com/techcomm/cad/1381T-S.dxf,https://www.kohler.co.in/p/veil-one-piece-elongated-toilet-with-skirted-trapway-dual-flush-1381t-s?skuId=1381T-S-0,DXF,cad drawing,asset_000102,False,False,False,False,False,False,True,False,techcomm.kohler.com
1381T-S-0,3D Model,OBJ,https://techcomm.kohler.com/techcomm/cad/1381T-S.obj,https://www.kohler.co.in/p/veil-one-piece-elongated-toilet-with-skirted-trapway-dual-flush-1381t-s?skuId=1381T-S-0,OBJ,3d model,asset_000103,True,True,False,False,False,False,False,False,techcomm.kohler.com
1381T-S-0,3D Model,SKP,https://techcomm.kohler.com/techcomm/cad/1381T-S.skp,https://www.kohler.co.in/p/veil-one-piece-elongated-toilet-with-skirted-trapway-dual-flush-1381t-s?skuId=1381T-S-0,SKP,3d model,asset_000104,True,False,True,False,False,False,False,False,techcomm.kohler.com
1381T-S-0,CAD Drawing,DWG,https://techcomm.kohler.com/techcomm/cad/1381t_sfrt.dwg,https://www.kohler.co.in/p/veil-one-piece-elongated-toilet-with-skirted-trapway-dual-flush-1381t-s?skuId=1381T-S-0,DWG,cad drawing,asset_000105,False,False,False,False,False,True,False,False,techcomm.kohler.com
1381T-S-0,CAD Drawing,DXF,https://techcomm.kohler.com/techcomm/cad/1381t_sfrt.dxf,https://www.kohler.co.in/p/veil-one-piece-elongated-toilet-with-skirted-trapway-dual-flush-1381t-s?skuId=1381T-S-0,DXF,cad drawing,asset_000106,False,False,False,False,False,False,True,False,techcomm.kohler.com
1381T-S-0,CAD Drawing,DWG,https://techcomm.kohler.com/techcomm/cad/1381t_spln.dwg,https://www.kohler.co.in/p/veil-one-piece-elongated-toilet-with-skirted-trapway-dual-flush-1381t-s?skuId=1381T-S-0,DWG,cad drawing,asset_000107,False,False,False,False,False,True,False,False,techcomm.kohler.com
1381T-S-0,CAD Drawing,DXF,https://techcomm.kohler.com/techcomm/cad/1381t_spln.dxf,https://www.kohler.co.in/p/veil-one-piece-elongated-toilet-with-skirted-trapway-dual-flush-1381t-s?skuId=1381T-S-0,DXF,cad drawing,asset_000108,False,False,False,False,False,False,True,False,techcomm.kohler.com
1381T-S-0,CAD Drawing,DWG,https://techcomm.kohler.com/techcomm/cad/1381t_ssde.dwg,https://www.kohler.co.in/p/veil-one-piece-elongated-toilet-with-skirted-trapway-dual-flush-1381t-s?skuId=1381T-S-0,DWG,cad drawing,asset_000109,False,False,False,False,False,True,False,False,techcomm.kohler.com
1381T-S-0,CAD Drawing,DXF,https://techcomm.kohler.com/techcomm/cad/1381t_ssde.dxf,https://www.kohler.co.in/p/veil-one-piece-elongated-toilet-with-skirted-trapway-dual-flush-1381t-s?skuId=1381T-S-0,DXF,cad drawing,asset_000110,False,False,False,False,False,False,True,False,techcomm.kohler.com
1394IN-H2-0,3D Model,3DS,https://techcomm.kohler.com/techcomm/cad/1394IN-H2.3ds,https://www.kohler.co.in/p/riverbath-1678-mm-drop-in-heated-whirlpool-bath-with-chromatherapy-1394in-h2?skuId=1394IN-H2-0,3DS,3d model,asset_000111,True,False,False,True,False,False,False,False,techcomm.kohler.com
1394IN-H2-0,CAD Drawing,DWG,https://techcomm.kohler.com/techcomm/cad/1394IN-H2.dwg,https://www.kohler.co.in/p/riverbath-1678-mm-drop-in-heated-whirlpool-bath-with-chromatherapy-1394in-h2?skuId=1394IN-H2-0,DWG,cad drawing,asset_000112,False,False,False,False,False,True,False,False,techcomm.kohler.com
1394IN-H2-0,CAD Drawing,DXF,https://techcomm.kohler.com/techcomm/cad/1394IN-H2.dxf,https://www.kohler.co.in/p/riverbath-1678-mm-drop-in-heated-whirlpool-bath-with-chromatherapy-1394in-h2?skuId=1394IN-H2-0,DXF,cad drawing,asset_000113,False,False,False,False,False,False,True,False,techcomm.kohler.com
1394IN-H2-0,3D Model,OBJ,https://techcomm.kohler.com/techcomm/cad/1394IN-H2.obj,https://www.kohler.co.in/p/riverbath-1678-mm-drop-in-heated-whirlpool-bath-with-chromatherapy-1394in-h2?skuId=1394IN-H2-0,OBJ,3d model,asset_000114,True,True,False,False,False,False,False,False,techcomm.kohler.com
1394IN-H2-0,3D Model,SKP,https://techcomm.kohler.com/techcomm/cad/1394IN-H2.skp,https://www.kohler.co.in/p/riverbath-1678-mm-drop-in-heated-whirlpool-bath-with-chromatherapy-1394in-h2?skuId=1394IN-H2-0,SKP,3d model,asset_000115,True,False,True,False,False,False,False,False,techcomm.kohler.com
1394IN-H2-0,CAD Drawing,DWG,https://techcomm.kohler.com/techcomm/cad/1394in_h2frt.dwg,https://www.kohler.co.in/p/riverbath-1678-mm-drop-in-heated-whirlpool-bath-with-chromatherapy-1394in-h2?skuId=1394IN-H2-0,DWG,cad drawing,asset_000116,False,False,False,False,False,True,False,False,techcomm.kohler.com
1394IN-H2-0,CAD Drawing,DXF,https://techcomm.kohler.com/techcomm/cad/1394in_h2frt.dxf,https://www.kohler.co.in/p/riverbath-1678-mm-drop-in-heated-whirlpool-bath-with-chromatherapy-1394in-h2?skuId=1394IN-H2-0,DXF,cad drawing,asset_000117,False,False,False,False,False,False,True,False,techcomm.kohler.com
1394IN-H2-0,CAD Drawing,DWG,https://techcomm.kohler.com/techcomm/cad/1394in_h2pln.dwg,https://www.kohler.co.in/p/riverbath-1678-mm-drop-in-heated-whirlpool-bath-with-chromatherapy-1394in-h2?skuId=1394IN-H2-0,DWG,cad drawing,asset_000118,False,False,False,False,False,True,False,False,techcomm.kohler.com
1394IN-H2-0,CAD Drawing,DXF,https://techcomm.kohler.com/techcomm/cad/1394in_h2pln.dxf,https://www.kohler.co.in/p/riverbath-1678-mm-drop-in-heated-whirlpool-bath-with-chromatherapy-1394in-h2?skuId=1394IN-H2-0,DXF,cad drawing,asset_000119,False,False,False,False,False,False,True,False,techcomm.kohler.com
1394IN-H2-0,CAD Drawing,DWG,https://techcomm.kohler.com/techcomm/cad/1394in_h2sde.dwg,https://www.kohler.co.in/p/riverbath-1678-mm-drop-in-heated-whirlpool-bath-with-chromatherapy-1394in-h2?skuId=1394IN-H2-0,DWG,cad drawing,asset_000120,False,False,False,False,False,True,False,False,techcomm.kohler.com
1394IN-H2-0,CAD Drawing,DXF,https://techcomm.kohler.com/techcomm/cad/1394in_h2sde.dxf,https://www.kohler.co.in/p/riverbath-1678-mm-drop-in-heated-whirlpool-bath-with-chromatherapy-1394in-h2?skuId=1394IN-H2-0,DXF,cad drawing,asset_000121,False,False,False,False,False,False,True,False,techcomm.kohler.com
14008T-PD-0,3D Model,3DS,https://techcomm.kohler.com/techcomm/cad/14008T-PD.3ds,https://www.kohler.co.in/p/laureate-under-mount-bathroom-sink-gold-14008t-pd?skuId=14008T-PD-0,3DS,3d model,asset_000122,True,False,False,True,False,False,False,False,techcomm.kohler.com
14008T-PD-0,CAD Drawing,DWG,https://techcomm.kohler.com/techcomm/cad/14008T-PD.dwg,https://www.kohler.co.in/p/laureate-under-mount-bathroom-sink-gold-14008t-pd?skuId=14008T-PD-0,DWG,cad drawing,asset_000123,False,False,False,False,False,True,False,False,techcomm.kohler.com
14008T-PD-0,CAD Drawing,DXF,https://techcomm.kohler.com/techcomm/cad/14008T-PD.dxf,https://www.kohler.co.in/p/laureate-under-mount-bathroom-sink-gold-14008t-pd?skuId=14008T-PD-0,DXF,cad drawing,asset_000124,False,False,False,False,False,False,True,False,techcomm.kohler.com
14008T-PD-0,3D Model,OBJ,https://techcomm.kohler.com/techcomm/cad/14008T-PD.obj,https://www.kohler.co.in/p/laureate-under-mount-bathroom-sink-gold-14008t-pd?skuId=14008T-PD-0,OBJ,3d model,asset_000125,True,True,False,False,False,False,False,False,techcomm.kohler.com
14008T-PD-0,3D Model,SKP,https://techcomm.kohler.com/techcomm/cad/14008T-PD.skp,https://www.kohler.co.in/p/laureate-under-mount-bathroom-sink-gold-14008t-pd?skuId=14008T-PD-0,SKP,3d model,asset_000126,True,False,True,False,False,False,False,False,techcomm.kohler.com
14008T-PK-0,3D Model,3DS,https://techcomm.kohler.com/techcomm/cad/14008T-PK.3ds,https://www.kohler.co.in/p/laureate-under-mount-bathroom-sink-platinum-14008t-pk?skuId=14008T-PK-0,3DS,3d model,asset_000127,True,False,False,True,False,False,False,False,techcomm.kohler.com
14008T-PK-0,CAD Drawing,DWG,https://techcomm.kohler.com/techcomm/cad/14008T-PK.dwg,https://www.kohler.co.in/p/laureate-under-mount-bathroom-sink-platinum-14008t-pk?skuId=14008T-PK-0,DWG,cad drawing,asset_000128,False,False,False,False,False,True,False,False,techcomm.kohler.com
14008T-PK-0,CAD Drawing,DXF,https://techcomm.kohler.com/techcomm/cad/14008T-PK.dxf,https://www.kohler.co.in/p/laureate-under-mount-bathroom-sink-platinum-14008t-pk?skuId=14008T-PK-0,DXF,cad drawing,asset_000129,False,False,False,False,False,False,True,False,techcomm.kohler.com
14008T-PK-0,3D Model,OBJ,https://techcomm.kohler.com/techcomm/cad/14008T-PK.obj,https://www.kohler.co.in/p/laureate-under-mount-bathroom-sink-platinum-14008t-pk?skuId=14008T-PK-0,OBJ,3d model,asset_000130,True,True,False,False,False,False,False,False,techcomm.kohler.com
14008T-PK-0,3D Model,SKP,https://techcomm.kohler.com/techcomm/cad/14008T-PK.skp,https://www.kohler.co.in/p/laureate-under-mount-bathroom-sink-platinum-14008t-pk?skuId=14008T-PK-0,SKP,3d model,asset_000131,True,False,True,False,False,False,False,False,techcomm.kohler.com
14008T-RGD-0,3D Model,3DS,https://techcomm.kohler.com/techcomm/cad/14008T-RGD.3ds,https://www.kohler.co.in/p/laureate-under-mount-bathroom-sink-rose-gold-14008t-rgd?skuId=14008T-RGD-0,3DS,3d model,asset_000132,True,False,False,True,False,False,False,False,techcomm.kohler.com
14008T-RGD-0,CAD Drawing,DWG,https://techcomm.kohler.com/techcomm/cad/14008T-RGD.dwg,https://www.kohler.co.in/p/laureate-under-mount-bathroom-sink-rose-gold-14008t-rgd?skuId=14008T-RGD-0,DWG,cad drawing,asset_000133,False,False,False,False,False,True,False,False,techcomm.kohler.com
14008T-RGD-0,CAD Drawing,DXF,https://techcomm.kohler.com/techcomm/cad/14008T-RGD.dxf,https://www.kohler.co.in/p/laureate-under-mount-bathroom-sink-rose-gold-14008t-rgd?skuId=14008T-RGD-0,DXF,cad drawing,asset_000134,False,False,False,False,False,False,True,False,techcomm.kohler.com
14008T-RGD-0,3D Model,OBJ,https://techcomm.kohler.com/techcomm/cad/14008T-RGD.obj,https://www.kohler.co.in/p/laureate-under-mount-bathroom-sink-rose-gold-14008t-rgd?skuId=14008T-RGD-0,OBJ,3d model,asset_000135,True,True,False,False,False,False,False,False,techcomm.kohler.com
14008T-RGD-0,3D Model,SKP,https://techcomm.kohler.com/techcomm/cad/14008T-RGD.skp,https://www.kohler.co.in/p/laureate-under-mount-bathroom-sink-rose-gold-14008t-rgd?skuId=14008T-RGD-0,SKP,3d model,asset_000136,True,False,True,False,False,False,False,False,techcomm.kohler.com
14008T-PD-0,CAD Drawing,DWG,https://techcomm.kohler.com/techcomm/cad/14008t_pdfrt.dwg,https://www.kohler.co.in/p/laureate-under-mount-bathroom-sink-gold-14008t-pd?skuId=14008T-PD-0,DWG,cad drawing,asset_000137,False,False,False,False,False,True,False,False,techcomm.kohler.com
14008T-PD-0,CAD Drawing,DXF,https://techcomm.kohler.com/techcomm/cad/14008t_pdfrt.dxf,https://www.kohler.co.in/p/laureate-under-mount-bathroom-sink-gold-14008t-pd?skuId=14008T-PD-0,DXF,cad drawing,asset_000138,False,False,False,False,False,False,True,False,techcomm.kohler.com
14008T-PD-0,CAD Drawing,DWG,https://techcomm.kohler.com/techcomm/cad/14008t_pdpln.dwg,https://www.kohler.co.in/p/laureate-under-mount-bathroom-sink-gold-14008t-pd?skuId=14008T-PD-0,DWG,cad drawing,asset_000139,False,False,False,False,False,True,False,False,techcomm.kohler.com
14008T-PD-0,CAD Drawing,DXF,https://techcomm.kohler.com/techcomm/cad/14008t_pdpln.dxf,https://www.kohler.co.in/p/laureate-under-mount-bathroom-sink-gold-14008t-pd?skuId=14008T-PD-0,DXF,cad drawing,asset_000140,False,False,False,False,False,False,True,False,techcomm.kohler.com
14008T-PD-0,CAD Drawing,DWG,https://techcomm.kohler.com/techcomm/cad/14008t_pdsde.dwg,https://www.kohler.co.in/p/laureate-under-mount-bathroom-sink-gold-14008t-pd?skuId=14008T-PD-0,DWG,cad drawing,asset_000141,False,False,False,False,False,True,False,False,techcomm.kohler.com
14008T-PD-0,CAD Drawing,DXF,https://techcomm.kohler.com/techcomm/cad/14008t_pdsde.dxf,https://www.kohler.co.in/p/laureate-under-mount-bathroom-sink-gold-14008t-pd?skuId=14008T-PD-0,DXF,cad drawing,asset_000142,False,False,False,False,False,False,True,False,techcomm.kohler.com
14008T-PK-0,CAD Drawing,DWG,https://techcomm.kohler.com/techcomm/cad/14008t_pkfrt.dwg,https://www.kohler.co.in/p/laureate-under-mount-bathroom-sink-platinum-14008t-pk?skuId=14008T-PK-0,DWG,cad drawing,asset_000143,False,False,False,False,False,True,False,False,techcomm.kohler.com
14008T-PK-0,CAD Drawing,DXF,https://techcomm.kohler.com/techcomm/cad/14008t_pkfrt.dxf,https://www.kohler.co.in/p/laureate-under-mount-bathroom-sink-platinum-14008t-pk?skuId=14008T-PK-0,DXF,cad drawing,asset_000144,False,False,False,False,False,False,True,False,techcomm.kohler.com
14008T-PK-0,CAD Drawing,DWG,https://techcomm.kohler.com/techcomm/cad/14008t_pkpln.dwg,https://www.kohler.co.in/p/laureate-under-mount-bathroom-sink-platinum-14008t-pk?skuId=14008T-PK-0,DWG,cad drawing,asset_000145,False,False,False,False,False,True,False,False,techcomm.kohler.com
14008T-PK-0,CAD Drawing,DXF,https://techcomm.kohler.com/techcomm/cad/14008t_pkpln.dxf,https://www.kohler.co.in/p/laureate-under-mount-bathroom-sink-platinum-14008t-pk?skuId=14008T-PK-0,DXF,cad drawing,asset_000146,False,False,False,False,False,False,True,False,techcomm.kohler.com
14008T-PK-0,CAD Drawing,DWG,https://techcomm.kohler.com/techcomm/cad/14008t_pksde.dwg,https://www.kohler.co.in/p/laureate-under-mount-bathroom-sink-platinum-14008t-pk?skuId=14008T-PK-0,DWG,cad drawing,asset_000147,False,False,False,False,False,True,False,False,techcomm.kohler.com
14008T-PK-0,CAD Drawing,DXF,https://techcomm.kohler.com/techcomm/cad/14008t_pksde.dxf,https://www.kohler.co.in/p/laureate-under-mount-bathroom-sink-platinum-14008t-pk?skuId=14008T-PK-0,DXF,cad drawing,asset_000148,False,False,False,False,False,False,True,False,techcomm.kohler.com
14008T-RGD-0,CAD Drawing,DWG,https://techcomm.kohler.com/techcomm/cad/14008t_rgdfrt.dwg,https://www.kohler.co.in/p/laureate-under-mount-bathroom-sink-rose-gold-14008t-rgd?skuId=14008T-RGD-0,DWG,cad drawing,asset_000149,False,False,False,False,False,True,False,False,techcomm.kohler.com
14008T-RGD-0,CAD Drawing,DXF,https://techcomm.kohler.com/techcomm/cad/14008t_rgdfrt.dxf,https://www.kohler.co.in/p/laureate-under-mount-bathroom-sink-rose-gold-14008t-rgd?skuId=14008T-RGD-0,DXF,cad drawing,asset_000150,False,False,False,False,False,False,True,False,techcomm.kohler.com
14008T-RGD-0,CAD Drawing,DWG,https://techcomm.kohler.com/techcomm/cad/14008t_rgdpln.dwg,https://www.kohler.co.in/p/laureate-under-mount-bathroom-sink-rose-gold-14008t-rgd?skuId=14008T-RGD-0,DWG,cad drawing,asset_000151,False,False,False,False,False,True,False,False,techcomm.kohler.com
14008T-RGD-0,CAD Drawing,DXF,https://techcomm.kohler.com/techcomm/cad/14008t_rgdpln.dxf,https://www.kohler.co.in/p/laureate-under-mount-bathroom-sink-rose-gold-14008t-rgd?skuId=14008T-RGD-0,DXF,cad drawing,asset_000152,False,False,False,False,False,False,True,False,techcomm.kohler.com
14008T-RGD-0,CAD Drawing,DWG,https://techcomm.kohler.com/techcomm/cad/14008t_rgdsde.dwg,https://www.kohler.co.in/p/laureate-under-mount-bathroom-sink-rose-gold-14008t-rgd?skuId=14008T-RGD-0,DWG,cad drawing,asset_000153,False,False,False,False,False,True,False,False,techcomm.kohler.com
14008T-RGD-0,CAD Drawing,DXF,https://techcomm.kohler.com/techcomm/cad/14008t_rgdsde.dxf,https://www.kohler.co.in/p/laureate-under-mount-bathroom-sink-rose-gold-14008t-rgd?skuId=14008T-RGD-0,DXF,cad drawing,asset_000154,False,False,False,False,False,False,True,False,techcomm.kohler.com
14031-BU-96,3D Model,3DS,https://techcomm.kohler.com/techcomm/cad/14031-BU.3ds,https://www.kohler.co.in/p/marrakesh-vanity-top-with-single-faucet-hole-14031-bu?skuId=14031-BU-96,3DS,3d model,asset_000155,True,False,False,True,False,False,False,False,techcomm.kohler.com
14031-BU-96,CAD Drawing,DWG,https://techcomm.kohler.com/techcomm/cad/14031-BU.dwg,https://www.kohler.co.in/p/marrakesh-vanity-top-with-single-faucet-hole-14031-bu?skuId=14031-BU-96,DWG,cad drawing,asset_000156,False,False,False,False,False,True,False,False,techcomm.kohler.com
14031-BU-96,CAD Drawing,DXF,https://techcomm.kohler.com/techcomm/cad/14031-BU.dxf,https://www.kohler.co.in/p/marrakesh-vanity-top-with-single-faucet-hole-14031-bu?skuId=14031-BU-96,DXF,cad drawing,asset_000157,False,False,False,False,False,False,True,False,techcomm.kohler.com
14031-BU-96,3D Model,OBJ,https://techcomm.kohler.com/techcomm/cad/14031-BU.obj,https://www.kohler.co.in/p/marrakesh-vanity-top-with-single-faucet-hole-14031-bu?skuId=14031-BU-96,OBJ,3d model,asset_000158,True,True,False,False,False,False,False,False,techcomm.kohler.com
14031-BU-96,3D Model,SKP,https://techcomm.kohler.com/techcomm/cad/14031-BU.skp,https://www.kohler.co.in/p/marrakesh-vanity-top-with-single-faucet-hole-14031-bu?skuId=14031-BU-96,SKP,3d model,asset_000159,True,False,True,False,False,False,False,False,techcomm.kohler.com
14031-BU-96,CAD Drawing,DWG,https://techcomm.kohler.com/techcomm/cad/14031_bufrt.dwg,https://www.kohler.co.in/p/marrakesh-vanity-top-with-single-faucet-hole-14031-bu?skuId=14031-BU-96,DWG,cad drawing,asset_000160,False,False,False,False,False,True,False,False,techcomm.kohler.com
14031-BU-96,CAD Drawing,DXF,https://techcomm.kohler.com/techcomm/cad/14031_bufrt.dxf,https://www.kohler.co.in/p/marrakesh-vanity-top-with-single-faucet-hole-14031-bu?skuId=14031-BU-96,DXF,cad drawing,asset_000161,False,False,False,False,False,False,True,False,techcomm.kohler.com
14031-BU-96,CAD Drawing,DWG,https://techcomm.kohler.com/techcomm/cad/14031_bupln.dwg,https://www.kohler.co.in/p/marrakesh-vanity-top-with-single-faucet-hole-14031-bu?skuId=14031-BU-96,DWG,cad drawing,asset_000162,False,False,False,False,False,True,False,False,techcomm.kohler.com
14031-BU-96,CAD Drawing,DXF,https://techcomm.kohler.com/techcomm/cad/14031_bupln.dxf,https://www.kohler.co.in/p/marrakesh-vanity-top-with-single-faucet-hole-14031-bu?skuId=14031-BU-96,DXF,cad drawing,asset_000163,False,False,False,False,False,False,True,False,techcomm.kohler.com
14031-BU-96,CAD Drawing,DWG,https://techcomm.kohler.com/techcomm/cad/14031_busde.dwg,https://www.kohler.co.in/p/marrakesh-vanity-top-with-single-faucet-hole-14031-bu?skuId=14031-BU-96,DWG,cad drawing,asset_000164,False,False,False,False,False,True,False,False,techcomm.kohler.com
14031-BU-96,CAD Drawing,DXF,https://techcomm.kohler.com/techcomm/cad/14031_busde.dxf,https://www.kohler.co.in/p/marrakesh-vanity-top-with-single-faucet-hole-14031-bu?skuId=14031-BU-96,DXF,cad drawing,asset_000165,False,False,False,False,False,False,True,False,techcomm.kohler.com
1418-V-0,3D Model,3DS,https://techcomm.kohler.com/techcomm/cad/1418.3ds,https://www.kohler.co.in/p/memoirs-72-x-42-drop-in-effervescence-whirlpool-with-spa-massage-package-1418-v?skuId=1418-V-0,3DS,3d model,asset_000166,True,False,False,True,False,False,False,False,techcomm.kohler.com
1418-V-0,CAD Drawing,DWG,https://techcomm.kohler.com/techcomm/cad/1418.dwg,https://www.kohler.co.in/p/memoirs-72-x-42-drop-in-effervescence-whirlpool-with-spa-massage-package-1418-v?skuId=1418-V-0,DWG,cad drawing,asset_000167,False,False,False,False,False,True,False,False,techcomm.kohler.com
1418-V-0,CAD Drawing,DXF,https://techcomm.kohler.com/techcomm/cad/1418.dxf,https://www.kohler.co.in/p/memoirs-72-x-42-drop-in-effervescence-whirlpool-with-spa-massage-package-1418-v?skuId=1418-V-0,DXF,cad drawing,asset_000168,False,False,False,False,False,False,True,False,techcomm.kohler.com
1418-V-0,3D Model,SKP,https://techcomm.kohler.com/techcomm/cad/1418.skp,https://www.kohler.co.in/p/memoirs-72-x-42-drop-in-effervescence-whirlpool-with-spa-massage-package-1418-v?skuId=1418-V-0,SKP,3d model,asset_000169,True,False,True,False,False,False,False,False,techcomm.kohler.com
1418-V-0,CAD Drawing,DWG,https://techcomm.kohler.com/techcomm/cad/1418frt.dwg,https://www.kohler.co.in/p/memoirs-72-x-42-drop-in-effervescence-whirlpool-with-spa-massage-package-1418-v?skuId=1418-V-0,DWG,cad drawing,asset_000170,False,False,False,False,False,True,False,False,techcomm.kohler.com
1418-V-0,CAD Drawing,DXF,https://techcomm.kohler.com/techcomm/cad/1418frt.dxf,https://www.kohler.co.in/p/memoirs-72-x-42-drop-in-effervescence-whirlpool-with-spa-massage-package-1418-v?skuId=1418-V-0,DXF,cad drawing,asset_000171,False,False,False,False,False,False,True,False,techcomm.kohler.com
1418-V-0,CAD Drawing,DWG,https://techcomm.kohler.com/techcomm/cad/1418pln.dwg,https://www.kohler.co.in/p/memoirs-72-x-42-drop-in-effervescence-whirlpool-with-spa-massage-package-1418-v?skuId=1418-V-0,DWG,cad drawing,asset_000172,False,False,False,False,False,True,False,False,techcomm.kohler.com
1418-V-0,CAD Drawing,DXF,https://techcomm.kohler.com/techcomm/cad/1418pln.dxf,https://www.kohler.co.in/p/memoirs-72-x-42-drop-in-effervescence-whirlpool-with-spa-massage-package-1418-v?skuId=1418-V-0,DXF,cad drawing,asset_000173,False,False,False,False,False,False,True,False,techcomm.kohler.com
1418-V-0,CAD Drawing,DWG,https://techcomm.kohler.com/techcomm/cad/1418sde.dwg,https://www.kohler.co.in/p/memoirs-72-x-42-drop-in-effervescence-whirlpool-with-spa-massage-package-1418-v?skuId=1418-V-0,DWG,cad drawing,asset_000174,False,False,False,False,False,True,False,False,techcomm.kohler.com
1418-V-0,CAD Drawing,DXF,https://techcomm.kohler.com/techcomm/cad/1418sde.dxf,https://www.kohler.co.in/p/memoirs-72-x-42-drop-in-effervescence-whirlpool-with-spa-massage-package-1418-v?skuId=1418-V-0,DXF,cad drawing,asset_000175,False,False,False,False,False,False,True,False,techcomm.kohler.com
14402IN-4A-CP,3D Model,3DS,https://techcomm.kohler.com/techcomm/cad/14402IN-4A.3ds,https://www.kohler.co.in/p/purist-single-control-lavatory-faucet-14402in-4a?skuId=14402IN-4A-CP,3DS,3d model,asset_000176,True,False,False,True,False,False,False,False,techcomm.kohler.com
14402IN-4A-CP,CAD Drawing,DWG,https://techcomm.kohler.com/techcomm/cad/14402IN-4A.dwg,https://www.kohler.co.in/p/purist-single-control-lavatory-faucet-14402in-4a?skuId=14402IN-4A-CP,DWG,cad drawing,asset_000177,False,False,False,False,False,True,False,False,techcomm.kohler.com
14402IN-4A-CP,CAD Drawing,DXF,https://techcomm.kohler.com/techcomm/cad/14402IN-4A.dxf,https://www.kohler.co.in/p/purist-single-control-lavatory-faucet-14402in-4a?skuId=14402IN-4A-CP,DXF,cad drawing,asset_000178,False,False,False,False,False,False,True,False,techcomm.kohler.com
14402IN-4A-CP,3D Model,OBJ,https://techcomm.kohler.com/techcomm/cad/14402IN-4A.obj,https://www.kohler.co.in/p/purist-single-control-lavatory-faucet-14402in-4a?skuId=14402IN-4A-CP,OBJ,3d model,asset_000179,True,True,False,False,False,False,False,False,techcomm.kohler.com
14402IN-4A-CP,3D Model,SKP,https://techcomm.kohler.com/techcomm/cad/14402IN-4A.skp,https://www.kohler.co.in/p/purist-single-control-lavatory-faucet-14402in-4a?skuId=14402IN-4A-CP,SKP,3d model,asset_000180,True,False,True,False,False,False,False,False,techcomm.kohler.com
14402IN-4A-CP,CAD Drawing,DWG,https://techcomm.kohler.com/techcomm/cad/14402in_4afrt.dwg,https://www.kohler.co.in/p/purist-single-control-lavatory-faucet-14402in-4a?skuId=14402IN-4A-CP,DWG,cad drawing,asset_000181,False,False,False,False,False,True,False,False,techcomm.kohler.com
14402IN-4A-CP,CAD Drawing,DXF,https://techcomm.kohler.com/techcomm/cad/14402in_4afrt.dxf,https://www.kohler.co.in/p/purist-single-control-lavatory-faucet-14402in-4a?skuId=14402IN-4A-CP,DXF,cad drawing,asset_000182,False,False,False,False,False,False,True,False,techcomm.kohler.com
14402IN-4A-CP,CAD Drawing,DWG,https://techcomm.kohler.com/techcomm/cad/14402in_4apln.dwg,https://www.kohler.co.in/p/purist-single-control-lavatory-faucet-14402in-4a?skuId=14402IN-4A-CP,DWG,cad drawing,asset_000183,False,False,False,False,False,True,False,False,techcomm.kohler.com
14402IN-4A-CP,CAD Drawing,DXF,https://techcomm.kohler.com/techcomm/cad/14402in_4apln.dxf,https://www.kohler.co.in/p/purist-single-control-lavatory-faucet-14402in-4a?skuId=14402IN-4A-CP,DXF,cad drawing,asset_000184,False,False,False,False,False,False,True,False,techcomm.kohler.com
14402IN-4A-CP,CAD Drawing,DWG,https://techcomm.kohler.com/techcomm/cad/14402in_4asde.dwg,https://www.kohler.co.in/p/purist-single-control-lavatory-faucet-14402in-4a?skuId=14402IN-4A-CP,DWG,cad drawing,asset_000185,False,False,False,False,False,True,False,False,techcomm.kohler.com
14402IN-4A-CP,CAD Drawing,DXF,https://techcomm.kohler.com/techcomm/cad/14402in_4asde.dxf,https://www.kohler.co.in/p/purist-single-control-lavatory-faucet-14402in-4a?skuId=14402IN-4A-CP,DXF,cad drawing,asset_000186,False,False,False,False,False,False,True,False,techcomm.kohler.com
14426-2MB,3D Model,3DS,https://techcomm.kohler.com/techcomm/cad/14426.3ds,https://www.kohler.co.in/p/purist-wall-mount-non-diverter-bath-spout-35-degrees-14426?skuId=14426-2MB,3DS,3d model,asset_000187,True,False,False,True,False,False,False,False,techcomm.kohler.com
14426-2MB,CAD Drawing,DWG,https://techcomm.kohler.com/techcomm/cad/14426.dwg,https://www.kohler.co.in/p/purist-wall-mount-non-diverter-bath-spout-35-degrees-14426?skuId=14426-2MB,DWG,cad drawing,asset_000188,False,False,False,False,False,True,False,False,techcomm.kohler.com
14426-2MB,CAD Drawing,DXF,https://techcomm.kohler.com/techcomm/cad/14426.dxf,https://www.kohler.co.in/p/purist-wall-mount-non-diverter-bath-spout-35-degrees-14426?skuId=14426-2MB,DXF,cad drawing,asset_000189,False,False,False,False,False,False,True,False,techcomm.kohler.com
14426-2MB,3D Model,OBJ,https://techcomm.kohler.com/techcomm/cad/14426.obj,https://www.kohler.co.in/p/purist-wall-mount-non-diverter-bath-spout-35-degrees-14426?skuId=14426-2MB,OBJ,3d model,asset_000190,True,True,False,False,False,False,False,False,techcomm.kohler.com
14426-2MB,3D Model,SKP,https://techcomm.kohler.com/techcomm/cad/14426.skp,https://www.kohler.co.in/p/purist-wall-mount-non-diverter-bath-spout-35-degrees-14426?skuId=14426-2MB,SKP,3d model,asset_000191,True,False,True,False,False,False,False,False,techcomm.kohler.com
14426IN-CP,3D Model,3DS,https://techcomm.kohler.com/techcomm/cad/14426IN.3ds,https://www.kohler.co.in/p/purist-bath-spout-without-diverter-14426in?skuId=14426IN-CP,3DS,3d model,asset_000192,True,False,False,True,False,False,False,False,techcomm.kohler.com
14426IN-CP,CAD Drawing,DWG,https://techcomm.kohler.com/techcomm/cad/14426IN.dwg,https://www.kohler.co.in/p/purist-bath-spout-without-diverter-14426in?skuId=14426IN-CP,DWG,cad drawing,asset_000193,False,False,False,False,False,True,False,False,techcomm.kohler.com
14426IN-CP,CAD Drawing,DXF,https://techcomm.kohler.com/techcomm/cad/14426IN.dxf,https://www.kohler.co.in/p/purist-bath-spout-without-diverter-14426in?skuId=14426IN-CP,DXF,cad drawing,asset_000194,False,False,False,False,False,False,True,False,techcomm.kohler.com
14426IN-CP,3D Model,OBJ,https://techcomm.kohler.com/techcomm/cad/14426IN.obj,https://www.kohler.co.in/p/purist-bath-spout-without-diverter-14426in?skuId=14426IN-CP,OBJ,3d model,asset_000195,True,True,False,False,False,False,False,False,techcomm.kohler.com
14426IN-CP,3D Model,SKP,https://techcomm.kohler.com/techcomm/cad/14426IN.skp,https://www.kohler.co.in/p/purist-bath-spout-without-diverter-14426in?skuId=14426IN-CP,SKP,3d model,asset_000196,True,False,True,False,False,False,False,False,techcomm.kohler.com
14426-2MB,CAD Drawing,DWG,https://techcomm.kohler.com/techcomm/cad/14426frt.dwg,https://www.kohler.co.in/p/purist-wall-mount-non-diverter-bath-spout-35-degrees-14426?skuId=14426-2MB,DWG,cad drawing,asset_000197,False,False,False,False,False,True,False,False,techcomm.kohler.com
14426-2MB,CAD Drawing,DXF,https://techcomm.kohler.com/techcomm/cad/14426frt.dxf,https://www.kohler.co.in/p/purist-wall-mount-non-diverter-bath-spout-35-degrees-14426?skuId=14426-2MB,DXF,cad drawing,asset_000198,False,False,False,False,False,False,True,False,techcomm.kohler.com
14426IN-CP,CAD Drawing,DWG,https://techcomm.kohler.com/techcomm/cad/14426infrt.dwg,https://www.kohler.co.in/p/purist-bath-spout-without-diverter-14426in?skuId=14426IN-CP,DWG,cad drawing,asset_000199,False,False,False,False,False,True,False,False,techcomm.kohler.com
14426IN-CP,CAD Drawing,DXF,https://techcomm.kohler.com/techcomm/cad/14426infrt.dxf,https://www.kohler.co.in/p/purist-bath-spout-without-diverter-14426in?skuId=14426IN-CP,DXF,cad drawing,asset_000200,False,False,False,False,False,False,True,False,techcomm.kohler.com
14426IN-CP,CAD Drawing,DWG,https://techcomm.kohler.com/techcomm/cad/14426inpln.dwg,https://www.kohler.co.in/p/purist-bath-spout-without-diverter-14426in?skuId=14426IN-CP,DWG,cad drawing,asset_000201,False,False,False,False,False,True,False,False,techcomm.kohler.com
14426IN-CP,CAD Drawing,DXF,https://techcomm.kohler.com/techcomm/cad/14426inpln.dxf,https://www.kohler.co.in/p/purist-bath-spout-without-diverter-14426in?skuId=14426IN-CP,DXF,cad drawing,asset_000202,False,False,False,False,False,False,True,False,techcomm.kohler.com
14426IN-CP,CAD Drawing,DWG,https://techcomm.kohler.com/techcomm/cad/14426insde.dwg,https://www.kohler.co.in/p/purist-bath-spout-without-diverter-14426in?skuId=14426IN-CP,DWG,cad drawing,asset_000203,False,False,False,False,False,True,False,False,techcomm.kohler.com
14426IN-CP,CAD Drawing,DXF,https://techcomm.kohler.com/techcomm/cad/14426insde.dxf,https://www.kohler.co.in/p/purist-bath-spout-without-diverter-14426in?skuId=14426IN-CP,DXF,cad drawing,asset_000204,False,False,False,False,False,False,True,False,techcomm.kohler.com
14426-2MB,CAD Drawing,DWG,https://techcomm.kohler.com/techcomm/cad/14426pln.dwg,https://www.kohler.co.in/p/purist-wall-mount-non-diverter-bath-spout-35-degrees-14426?skuId=14426-2MB,DWG,cad drawing,asset_000205,False,False,False,False,False,True,False,False,techcomm.kohler.com
14426-2MB,CAD Drawing,DXF,https://techcomm.kohler.com/techcomm/cad/14426pln.dxf,https://www.kohler.co.in/p/purist-wall-mount-non-diverter-bath-spout-35-degrees-14426?skuId=14426-2MB,DXF,cad drawing,asset_000206,False,False,False,False,False,False,True,False,techcomm.kohler.com
14426-2MB,CAD Drawing,DWG,https://techcomm.kohler.com/techcomm/cad/14426sde.dwg,https://www.kohler.co.in/p/purist-wall-mount-non-diverter-bath-spout-35-degrees-14426?skuId=14426-2MB,DWG,cad drawing,asset_000207,False,False,False,False,False,True,False,False,techcomm.kohler.com
14426-2MB,CAD Drawing,DXF,https://techcomm.kohler.com/techcomm/cad/14426sde.dxf,https://www.kohler.co.in/p/purist-wall-mount-non-diverter-bath-spout-35-degrees-14426?skuId=14426-2MB,DXF,cad drawing,asset_000208,False,False,False,False,False,False,True,False,techcomm.kohler.com
14428T-4-RGD,3D Model,3DS,https://techcomm.kohler.com/techcomm/cad/14428T-4.3ds,https://www.kohler.co.in/p/purist-bath-set-hob-mount-lever-handles-14428t-4?skuId=14428T-4-RGD,3DS,3d model,asset_000209,True,False,False,True,False,False,False,False,techcomm.kohler.com
14428T-4-RGD,CAD Drawing,DWG,https://techcomm.kohler.com/techcomm/cad/14428T-4.dwg,https://www.kohler.co.in/p/purist-bath-set-hob-mount-lever-handles-14428t-4?skuId=14428T-4-RGD,DWG,cad drawing,asset_000210,False,False,False,False,False,True,False,False,techcomm.kohler.com
14428T-4-RGD,CAD Drawing,DXF,https://techcomm.kohler.com/techcomm/cad/14428T-4.dxf,https://www.kohler.co.in/p/purist-bath-set-hob-mount-lever-handles-14428t-4?skuId=14428T-4-RGD,DXF,cad drawing,asset_000211,False,False,False,False,False,False,True,False,techcomm.kohler.com
14428T-4-RGD,3D Model,OBJ,https://techcomm.kohler.com/techcomm/cad/14428T-4.obj,https://www.kohler.co.in/p/purist-bath-set-hob-mount-lever-handles-14428t-4?skuId=14428T-4-RGD,OBJ,3d model,asset_000212,True,True,False,False,False,False,False,False,techcomm.kohler.com
14428T-4-RGD,3D Model,SKP,https://techcomm.kohler.com/techcomm/cad/14428T-4.skp,https://www.kohler.co.in/p/purist-bath-set-hob-mount-lever-handles-14428t-4?skuId=14428T-4-RGD,SKP,3d model,asset_000213,True,False,True,False,False,False,False,False,techcomm.kohler.com
14428T-4-RGD,CAD Drawing,DWG,https://techcomm.kohler.com/techcomm/cad/14428t_4frt.dwg,https://www.kohler.co.in/p/purist-bath-set-hob-mount-lever-handles-14428t-4?skuId=14428T-4-RGD,DWG,cad drawing,asset_000214,False,False,False,False,False,True,False,False,techcomm.kohler.com
14428T-4-RGD,CAD Drawing,DXF,https://techcomm.kohler.com/techcomm/cad/14428t_4frt.dxf,https://www.kohler.co.in/p/purist-bath-set-hob-mount-lever-handles-14428t-4?skuId=14428T-4-RGD,DXF,cad drawing,asset_000215,False,False,False,False,False,False,True,False,techcomm.kohler.com
14428T-4-RGD,CAD Drawing,DWG,https://techcomm.kohler.com/techcomm/cad/14428t_4pln.dwg,https://www.kohler.co.in/p/purist-bath-set-hob-mount-lever-handles-14428t-4?skuId=14428T-4-RGD,DWG,cad drawing,asset_000216,False,False,False,False,False,True,False,False,techcomm.kohler.com
14428T-4-RGD,CAD Drawing,DXF,https://techcomm.kohler.com/techcomm/cad/14428t_4pln.dxf,https://www.kohler.co.in/p/purist-bath-set-hob-mount-lever-handles-14428t-4?skuId=14428T-4-RGD,DXF,cad drawing,asset_000217,False,False,False,False,False,False,True,False,techcomm.kohler.com
14428T-4-RGD,CAD Drawing,DWG,https://techcomm.kohler.com/techcomm/cad/14428t_4sde.dwg,https://www.kohler.co.in/p/purist-bath-set-hob-mount-lever-handles-14428t-4?skuId=14428T-4-RGD,DWG,cad drawing,asset_000218,False,False,False,False,False,True,False,False,techcomm.kohler.com
14428T-4-RGD,CAD Drawing,DXF,https://techcomm.kohler.com/techcomm/cad/14428t_4sde.dxf,https://www.kohler.co.in/p/purist-bath-set-hob-mount-lever-handles-14428t-4?skuId=14428T-4-RGD,DXF,cad drawing,asset_000219,False,False,False,False,False,False,True,False,techcomm.kohler.com
15847T-0,3D Model,3DS,https://techcomm.kohler.com/techcomm/cad/15847T.3ds,https://www.kohler.co.in/p/reach-1500-mm-x-700-mm-drop-in-bath-15847t?skuId=15847T-0,3DS,3d model,asset_000220,True,False,False,True,False,False,False,False,techcomm.kohler.com
15847T-0,CAD Drawing,DWG,https://techcomm.kohler.com/techcomm/cad/15847T.dwg,https://www.kohler.co.in/p/reach-1500-mm-x-700-mm-drop-in-bath-15847t?skuId=15847T-0,DWG,cad drawing,asset_000221,False,False,False,False,False,True,False,False,techcomm.kohler.com
15847T-0,CAD Drawing,DXF,https://techcomm.kohler.com/techcomm/cad/15847T.dxf,https://www.kohler.co.in/p/reach-1500-mm-x-700-mm-drop-in-bath-15847t?skuId=15847T-0,DXF,cad drawing,asset_000222,False,False,False,False,False,False,True,False,techcomm.kohler.com
15847T-0,3D Model,OBJ,https://techcomm.kohler.com/techcomm/cad/15847T.obj,https://www.kohler.co.in/p/reach-1500-mm-x-700-mm-drop-in-bath-15847t?skuId=15847T-0,OBJ,3d model,asset_000223,True,True,False,False,False,False,False,False,techcomm.kohler.com
15847T-0,3D Model,SKP,https://techcomm.kohler.com/techcomm/cad/15847T.skp,https://www.kohler.co.in/p/reach-1500-mm-x-700-mm-drop-in-bath-15847t?skuId=15847T-0,SKP,3d model,asset_000224,True,False,True,False,False,False,False,False,techcomm.kohler.com
15847T-0,CAD Drawing,DWG,https://techcomm.kohler.com/techcomm/cad/15847tfrt.dwg,https://www.kohler.co.in/p/reach-1500-mm-x-700-mm-drop-in-bath-15847t?skuId=15847T-0,DWG,cad drawing,asset_000225,False,False,False,False,False,True,False,False,techcomm.kohler.com
15847T-0,CAD Drawing,DXF,https://techcomm.kohler.com/techcomm/cad/15847tfrt.dxf,https://www.kohler.co.in/p/reach-1500-mm-x-700-mm-drop-in-bath-15847t?skuId=15847T-0,DXF,cad drawing,asset_000226,False,False,False,False,False,False,True,False,techcomm.kohler.com
15847T-0,CAD Drawing,DWG,https://techcomm.kohler.com/techcomm/cad/15847tpln.dwg,https://www.kohler.co.in/p/reach-1500-mm-x-700-mm-drop-in-bath-15847t?skuId=15847T-0,DWG,cad drawing,asset_000227,False,False,False,False,False,True,False,False,techcomm.kohler.com
15847T-0,CAD Drawing,DXF,https://techcomm.kohler.com/techcomm/cad/15847tpln.dxf,https://www.kohler.co.in/p/reach-1500-mm-x-700-mm-drop-in-bath-15847t?skuId=15847T-0,DXF,cad drawing,asset_000228,False,False,False,False,False,False,True,False,techcomm.kohler.com
15847T-0,CAD Drawing,DWG,https://techcomm.kohler.com/techcomm/cad/15847tsde.dwg,https://www.kohler.co.in/p/reach-1500-mm-x-700-mm-drop-in-bath-15847t?skuId=15847T-0,DWG,cad drawing,asset_000229,False,False,False,False,False,True,False,False,techcomm.kohler.com
15847T-0,CAD Drawing,DXF,https://techcomm.kohler.com/techcomm/cad/15847tsde.dxf,https://www.kohler.co.in/p/reach-1500-mm-x-700-mm-drop-in-bath-15847t?skuId=15847T-0,DXF,cad drawing,asset_000230,False,False,False,False,False,False,True,False,techcomm.kohler.com
15848T-0,3D Model,3DS,https://techcomm.kohler.com/techcomm/cad/15848T.3ds,https://www.kohler.co.in/p/reach-1700-mm-x-700-mm-drop-in-bath-15848t?skuId=15848T-0,3DS,3d model,asset_000231,True,False,False,True,False,False,False,False,techcomm.kohler.com
15848T-0,CAD Drawing,DWG,https://techcomm.kohler.com/techcomm/cad/15848T.dwg,https://www.kohler.co.in/p/reach-1700-mm-x-700-mm-drop-in-bath-15848t?skuId=15848T-0,DWG,cad drawing,asset_000232,False,False,False,False,False,True,False,False,techcomm.kohler.com
15848T-0,CAD Drawing,DXF,https://techcomm.kohler.com/techcomm/cad/15848T.dxf,https://www.kohler.co.in/p/reach-1700-mm-x-700-mm-drop-in-bath-15848t?skuId=15848T-0,DXF,cad drawing,asset_000233,False,False,False,False,False,False,True,False,techcomm.kohler.com
15848T-0,3D Model,OBJ,https://techcomm.kohler.com/techcomm/cad/15848T.obj,https://www.kohler.co.in/p/reach-1700-mm-x-700-mm-drop-in-bath-15848t?skuId=15848T-0,OBJ,3d model,asset_000234,True,True,False,False,False,False,False,False,techcomm.kohler.com
15848T-0,3D Model,SKP,https://techcomm.kohler.com/techcomm/cad/15848T.skp,https://www.kohler.co.in/p/reach-1700-mm-x-700-mm-drop-in-bath-15848t?skuId=15848T-0,SKP,3d model,asset_000235,True,False,True,False,False,False,False,False,techcomm.kohler.com
15848T-0,CAD Drawing,DWG,https://techcomm.kohler.com/techcomm/cad/15848tfrt.dwg,https://www.kohler.co.in/p/reach-1700-mm-x-700-mm-drop-in-bath-15848t?skuId=15848T-0,DWG,cad drawing,asset_000236,False,False,False,False,False,True,False,False,techcomm.kohler.com
15848T-0,CAD Drawing,DXF,https://techcomm.kohler.com/techcomm/cad/15848tfrt.dxf,https://www.kohler.co.in/p/reach-1700-mm-x-700-mm-drop-in-bath-15848t?skuId=15848T-0,DXF,cad drawing,asset_000237,False,False,False,False,False,False,True,False,techcomm.kohler.com
15848T-0,CAD Drawing,DWG,https://techcomm.kohler.com/techcomm/cad/15848tpln.dwg,https://www.kohler.co.in/p/reach-1700-mm-x-700-mm-drop-in-bath-15848t?skuId=15848T-0,DWG,cad drawing,asset_000238,False,False,False,False,False,True,False,False,techcomm.kohler.com
15848T-0,CAD Drawing,DXF,https://techcomm.kohler.com/techcomm/cad/15848tpln.dxf,https://www.kohler.co.in/p/reach-1700-mm-x-700-mm-drop-in-bath-15848t?skuId=15848T-0,DXF,cad drawing,asset_000239,False,False,False,False,False,False,True,False,techcomm.kohler.com
15848T-0,CAD Drawing,DWG,https://techcomm.kohler.com/techcomm/cad/15848tsde.dwg,https://www.kohler.co.in/p/reach-1700-mm-x-700-mm-drop-in-bath-15848t?skuId=15848T-0,DWG,cad drawing,asset_000240,False,False,False,False,False,True,False,False,techcomm.kohler.com
15848T-0,CAD Drawing,DXF,https://techcomm.kohler.com/techcomm/cad/15848tsde.dxf,https://www.kohler.co.in/p/reach-1700-mm-x-700-mm-drop-in-bath-15848t?skuId=15848T-0,DXF,cad drawing,asset_000241,False,False,False,False,False,False,True,False,techcomm.kohler.com
30506IN-1-0,Installation,PDF,https://techcomm.kohler.com/techcomm/cad/1634446-IN2.pdf,https://www.kohler.co.in/p/forefront-brink-600-mm-rectangle-vessel-bathroom-sink-with-deck-30506in-1?skuId=30506IN-1-0,PDF,installation,asset_000242,False,False,False,False,False,False,False,True,techcomm.kohler.com
16356IN-A-AF,3D Model,3DS,https://techcomm.kohler.com/techcomm/cad/16356IN-A.3ds,https://www.kohler.co.in/p/sf-showerhead-with-arm-escutcheon-16356in-a?skuId=16356IN-A-AF,3DS,3d model,asset_000243,True,False,False,True,False,False,False,False,techcomm.kohler.com
16356IN-A-AF,CAD Drawing,DWG,https://techcomm.kohler.com/techcomm/cad/16356IN-A.dwg,https://www.kohler.co.in/p/sf-showerhead-with-arm-escutcheon-16356in-a?skuId=16356IN-A-AF,DWG,cad drawing,asset_000244,False,False,False,False,False,True,False,False,techcomm.kohler.com
16356IN-A-AF,CAD Drawing,DXF,https://techcomm.kohler.com/techcomm/cad/16356IN-A.dxf,https://www.kohler.co.in/p/sf-showerhead-with-arm-escutcheon-16356in-a?skuId=16356IN-A-AF,DXF,cad drawing,asset_000245,False,False,False,False,False,False,True,False,techcomm.kohler.com
16356IN-A-AF,3D Model,OBJ,https://techcomm.kohler.com/techcomm/cad/16356IN-A.obj,https://www.kohler.co.in/p/sf-showerhead-with-arm-escutcheon-16356in-a?skuId=16356IN-A-AF,OBJ,3d model,asset_000246,True,True,False,False,False,False,False,False,techcomm.kohler.com
16356IN-A-AF,3D Model,SKP,https://techcomm.kohler.com/techcomm/cad/16356IN-A.skp,https://www.kohler.co.in/p/sf-showerhead-with-arm-escutcheon-16356in-a?skuId=16356IN-A-AF,SKP,3d model,asset_000247,True,False,True,False,False,False,False,False,techcomm.kohler.com
16356IN-A-AF,CAD Drawing,DWG,https://techcomm.kohler.com/techcomm/cad/16356in_afrt.dwg,https://www.kohler.co.in/p/sf-showerhead-with-arm-escutcheon-16356in-a?skuId=16356IN-A-AF,DWG,cad drawing,asset_000248,False,False,False,False,False,True,False,False,techcomm.kohler.com
16356IN-A-AF,CAD Drawing,DXF,https://techcomm.kohler.com/techcomm/cad/16356in_afrt.dxf,https://www.kohler.co.in/p/sf-showerhead-with-arm-escutcheon-16356in-a?skuId=16356IN-A-AF,DXF,cad drawing,asset_000249,False,False,False,False,False,False,True,False,techcomm.kohler.com
16356IN-A-AF,CAD Drawing,DWG,https://techcomm.kohler.com/techcomm/cad/16356in_apln.dwg,https://www.kohler.co.in/p/sf-showerhead-with-arm-escutcheon-16356in-a?skuId=16356IN-A-AF,DWG,cad drawing,asset_000250,False,False,False,False,False,True,False,False,techcomm.kohler.com
16356IN-A-AF,CAD Drawing,DXF,https://techcomm.kohler.com/techcomm/cad/16356in_apln.dxf,https://www.kohler.co.in/p/sf-showerhead-with-arm-escutcheon-16356in-a?skuId=16356IN-A-AF,DXF,cad drawing,asset_000251,False,False,False,False,False,False,True,False,techcomm.kohler.com
16356IN-A-AF,CAD Drawing,DWG,https://techcomm.kohler.com/techcomm/cad/16356in_asde.dwg,https://www.kohler.co.in/p/sf-showerhead-with-arm-escutcheon-16356in-a?skuId=16356IN-A-AF,DWG,cad drawing,asset_000252,False,False,False,False,False,True,False,False,techcomm.kohler.com
16356IN-A-AF,CAD Drawing,DXF,https://techcomm.kohler.com/techcomm/cad/16356in_asde.dxf,https://www.kohler.co.in/p/sf-showerhead-with-arm-escutcheon-16356in-a?skuId=16356IN-A-AF,DXF,cad drawing,asset_000253,False,False,False,False,False,False,True,False,techcomm.kohler.com
16359IN-A-CP,3D Model,3DS,https://techcomm.kohler.com/techcomm/cad/16359IN-A.3ds,https://www.kohler.co.in/p/complementary-single-function-handshower-with-hose-16359in-a?skuId=16359IN-A-CP,3DS,3d model,asset_000254,True,False,False,True,False,False,False,False,techcomm.kohler.com
16359IN-A-CP,CAD Drawing,DWG,https://techcomm.kohler.com/techcomm/cad/16359IN-A.dwg,https://www.kohler.co.in/p/complementary-single-function-handshower-with-hose-16359in-a?skuId=16359IN-A-CP,DWG,cad drawing,asset_000255,False,False,False,False,False,True,False,False,techcomm.kohler.com
16359IN-A-CP,CAD Drawing,DXF,https://techcomm.kohler.com/techcomm/cad/16359IN-A.dxf,https://www.kohler.co.in/p/complementary-single-function-handshower-with-hose-16359in-a?skuId=16359IN-A-CP,DXF,cad drawing,asset_000256,False,False,False,False,False,False,True,False,techcomm.kohler.com
16359IN-A-CP,3D Model,OBJ,https://techcomm.kohler.com/techcomm/cad/16359IN-A.obj,https://www.kohler.co.in/p/complementary-single-function-handshower-with-hose-16359in-a?skuId=16359IN-A-CP,OBJ,3d model,asset_000257,True,True,False,False,False,False,False,False,techcomm.kohler.com
16359IN-A-CP,3D Model,SKP,https://techcomm.kohler.com/techcomm/cad/16359IN-A.skp,https://www.kohler.co.in/p/complementary-single-function-handshower-with-hose-16359in-a?skuId=16359IN-A-CP,SKP,3d model,asset_000258,True,False,True,False,False,False,False,False,techcomm.kohler.com
16359IN-A-CP,CAD Drawing,DWG,https://techcomm.kohler.com/techcomm/cad/16359in_afrt.dwg,https://www.kohler.co.in/p/complementary-single-function-handshower-with-hose-16359in-a?skuId=16359IN-A-CP,DWG,cad drawing,asset_000259,False,False,False,False,False,True,False,False,techcomm.kohler.com
16359IN-A-CP,CAD Drawing,DXF,https://techcomm.kohler.com/techcomm/cad/16359in_afrt.dxf,https://www.kohler.co.in/p/complementary-single-function-handshower-with-hose-16359in-a?skuId=16359IN-A-CP,DXF,cad drawing,asset_000260,False,False,False,False,False,False,True,False,techcomm.kohler.com
16359IN-A-CP,CAD Drawing,DWG,https://techcomm.kohler.com/techcomm/cad/16359in_apln.dwg,https://www.kohler.co.in/p/complementary-single-function-handshower-with-hose-16359in-a?skuId=16359IN-A-CP,DWG,cad drawing,asset_000261,False,False,False,False,False,True,False,False,techcomm.kohler.com
16359IN-A-CP,CAD Drawing,DXF,https://techcomm.kohler.com/techcomm/cad/16359in_apln.dxf,https://www.kohler.co.in/p/complementary-single-function-handshower-with-hose-16359in-a?skuId=16359IN-A-CP,DXF,cad drawing,asset_000262,False,False,False,False,False,False,True,False,techcomm.kohler.com
16359IN-A-CP,CAD Drawing,DWG,https://techcomm.kohler.com/techcomm/cad/16359in_asde.dwg,https://www.kohler.co.in/p/complementary-single-function-handshower-with-hose-16359in-a?skuId=16359IN-A-CP,DWG,cad drawing,asset_000263,False,False,False,False,False,True,False,False,techcomm.kohler.com
16359IN-A-CP,CAD Drawing,DXF,https://techcomm.kohler.com/techcomm/cad/16359in_asde.dxf,https://www.kohler.co.in/p/complementary-single-function-handshower-with-hose-16359in-a?skuId=16359IN-A-CP,DXF,cad drawing,asset_000264,False,False,False,False,False,False,True,False,techcomm.kohler.com
1704T-Z-0,3D Model,3DS,https://techcomm.kohler.com/techcomm/cad/1704T-Z.3ds,https://www.kohler.co.in/p/evok-1800-mm-x-800-mm-drop-in-bath-1704t-z?skuId=1704T-Z-0,3DS,3d model,asset_000265,True,False,False,True,False,False,False,False,techcomm.kohler.com
1704T-Z-0,CAD Drawing,DWG,https://techcomm.kohler.com/techcomm/cad/1704T-Z.dwg,https://www.kohler.co.in/p/evok-1800-mm-x-800-mm-drop-in-bath-1704t-z?skuId=1704T-Z-0,DWG,cad drawing,asset_000266,False,False,False,False,False,True,False,False,techcomm.kohler.com
1704T-Z-0,CAD Drawing,DXF,https://techcomm.kohler.com/techcomm/cad/1704T-Z.dxf,https://www.kohler.co.in/p/evok-1800-mm-x-800-mm-drop-in-bath-1704t-z?skuId=1704T-Z-0,DXF,cad drawing,asset_000267,False,False,False,False,False,False,True,False,techcomm.kohler.com
1704T-Z-0,3D Model,OBJ,https://techcomm.kohler.com/techcomm/cad/1704T-Z.obj,https://www.kohler.co.in/p/evok-1800-mm-x-800-mm-drop-in-bath-1704t-z?skuId=1704T-Z-0,OBJ,3d model,asset_000268,True,True,False,False,False,False,False,False,techcomm.kohler.com
1704T-Z-0,3D Model,SKP,https://techcomm.kohler.com/techcomm/cad/1704T-Z.skp,https://www.kohler.co.in/p/evok-1800-mm-x-800-mm-drop-in-bath-1704t-z?skuId=1704T-Z-0,SKP,3d model,asset_000269,True,False,True,False,False,False,False,False,techcomm.kohler.com
1704T-Z-0,CAD Drawing,DWG,https://techcomm.kohler.com/techcomm/cad/1704t_zfrt.dwg,https://www.kohler.co.in/p/evok-1800-mm-x-800-mm-drop-in-bath-1704t-z?skuId=1704T-Z-0,DWG,cad drawing,asset_000270,False,False,False,False,False,True,False,False,techcomm.kohler.com
1704T-Z-0,CAD Drawing,DXF,https://techcomm.kohler.com/techcomm/cad/1704t_zfrt.dxf,https://www.kohler.co.in/p/evok-1800-mm-x-800-mm-drop-in-bath-1704t-z?skuId=1704T-Z-0,DXF,cad drawing,asset_000271,False,False,False,False,False,False,True,False,techcomm.kohler.com
1704T-Z-0,CAD Drawing,DWG,https://techcomm.kohler.com/techcomm/cad/1704t_zpln.dwg,https://www.kohler.co.in/p/evok-1800-mm-x-800-mm-drop-in-bath-1704t-z?skuId=1704T-Z-0,DWG,cad drawing,asset_000272,False,False,False,False,False,True,False,False,techcomm.kohler.com
1704T-Z-0,CAD Drawing,DXF,https://techcomm.kohler.com/techcomm/cad/1704t_zpln.dxf,https://www.kohler.co.in/p/evok-1800-mm-x-800-mm-drop-in-bath-1704t-z?skuId=1704T-Z-0,DXF,cad drawing,asset_000273,False,False,False,False,False,False,True,False,techcomm.kohler.com
1704T-Z-0,CAD Drawing,DWG,https://techcomm.kohler.com/techcomm/cad/1704t_zsde.dwg,https://www.kohler.co.in/p/evok-1800-mm-x-800-mm-drop-in-bath-1704t-z?skuId=1704T-Z-0,DWG,cad drawing,asset_000274,False,False,False,False,False,True,False,False,techcomm.kohler.com
1704T-Z-0,CAD Drawing,DXF,https://techcomm.kohler.com/techcomm/cad/1704t_zsde.dxf,https://www.kohler.co.in/p/evok-1800-mm-x-800-mm-drop-in-bath-1704t-z?skuId=1704T-Z-0,DXF,cad drawing,asset_000275,False,False,False,False,False,False,True,False,techcomm.kohler.com
1709IN-K-0,CAD Drawing,DWG,https://techcomm.kohler.com/techcomm/cad/1709in_kfrt.dwg,https://www.kohler.co.in/p/ove-1700-mm-x-750-mm-drop-in-whirlpool-bath-1709in-k?skuId=1709IN-K-0,DWG,cad drawing,asset_000276,False,False,False,False,False,True,False,False,techcomm.kohler.com
1709IN-K-0,CAD Drawing,DXF,https://techcomm.kohler.com/techcomm/cad/1709in_kfrt.dxf,https://www.kohler.co.in/p/ove-1700-mm-x-750-mm-drop-in-whirlpool-bath-1709in-k?skuId=1709IN-K-0,DXF,cad drawing,asset_000277,False,False,False,False,False,False,True,False,techcomm.kohler.com
1709IN-K-0,CAD Drawing,DWG,https://techcomm.kohler.com/techcomm/cad/1709in_kpln.dwg,https://www.kohler.co.in/p/ove-1700-mm-x-750-mm-drop-in-whirlpool-bath-1709in-k?skuId=1709IN-K-0,DWG,cad drawing,asset_000278,False,False,False,False,False,True,False,False,techcomm.kohler.com
1709IN-K-0,CAD Drawing,DXF,https://techcomm.kohler.com/techcomm/cad/1709in_kpln.dxf,https://www.kohler.co.in/p/ove-1700-mm-x-750-mm-drop-in-whirlpool-bath-1709in-k?skuId=1709IN-K-0,DXF,cad drawing,asset_000279,False,False,False,False,False,False,True,False,techcomm.kohler.com
1709IN-K-0,CAD Drawing,DWG,https://techcomm.kohler.com/techcomm/cad/1709in_ksde.dwg,https://www.kohler.co.in/p/ove-1700-mm-x-750-mm-drop-in-whirlpool-bath-1709in-k?skuId=1709IN-K-0,DWG,cad drawing,asset_000280,False,False,False,False,False,True,False,False,techcomm.kohler.com
1709IN-K-0,CAD Drawing,DXF,https://techcomm.kohler.com/techcomm/cad/1709in_ksde.dxf,https://www.kohler.co.in/p/ove-1700-mm-x-750-mm-drop-in-whirlpool-bath-1709in-k?skuId=1709IN-K-0,DXF,cad drawing,asset_000281,False,False,False,False,False,False,True,False,techcomm.kohler.com
17629T-NS-0,3D Model,3DS,https://techcomm.kohler.com/techcomm/cad/17629T-NS.3ds,https://www.kohler.co.in/p/ove-one-piece-round-front-toilet-with-skirted-trapway-dual-flush-17629t-ns?skuId=17629T-NS-0,3DS,3d model,asset_000282,True,False,False,True,False,False,False,False,techcomm.kohler.com
17629T-NS-0,CAD Drawing,DWG,https://techcomm.kohler.com/techcomm/cad/17629T-NS.dwg,https://www.kohler.co.in/p/ove-one-piece-round-front-toilet-with-skirted-trapway-dual-flush-17629t-ns?skuId=17629T-NS-0,DWG,cad drawing,asset_000283,False,False,False,False,False,True,False,False,techcomm.kohler.com
17629T-NS-0,CAD Drawing,DXF,https://techcomm.kohler.com/techcomm/cad/17629T-NS.dxf,https://www.kohler.co.in/p/ove-one-piece-round-front-toilet-with-skirted-trapway-dual-flush-17629t-ns?skuId=17629T-NS-0,DXF,cad drawing,asset_000284,False,False,False,False,False,False,True,False,techcomm.kohler.com
17629T-NS-0,3D Model,OBJ,https://techcomm.kohler.com/techcomm/cad/17629T-NS.obj,https://www.kohler.co.in/p/ove-one-piece-round-front-toilet-with-skirted-trapway-dual-flush-17629t-ns?skuId=17629T-NS-0,OBJ,3d model,asset_000285,True,True,False,False,False,False,False,False,techcomm.kohler.com
17629T-NS-0,3D Model,SKP,https://techcomm.kohler.com/techcomm/cad/17629T-NS.skp,https://www.kohler.co.in/p/ove-one-piece-round-front-toilet-with-skirted-trapway-dual-flush-17629t-ns?skuId=17629T-NS-0,SKP,3d model,asset_000286,True,False,True,False,False,False,False,False,techcomm.kohler.com
17629T-NS-0,CAD Drawing,DWG,https://techcomm.kohler.com/techcomm/cad/17629t_nsfrt.dwg,https://www.kohler.co.in/p/ove-one-piece-round-front-toilet-with-skirted-trapway-dual-flush-17629t-ns?skuId=17629T-NS-0,DWG,cad drawing,asset_000287,False,False,False,False,False,True,False,False,techcomm.kohler.com
17629T-NS-0,CAD Drawing,DXF,https://techcomm.kohler.com/techcomm/cad/17629t_nsfrt.dxf,https://www.kohler.co.in/p/ove-one-piece-round-front-toilet-with-skirted-trapway-dual-flush-17629t-ns?skuId=17629T-NS-0,DXF,cad drawing,asset_000288,False,False,False,False,False,False,True,False,techcomm.kohler.com
17629T-NS-0,CAD Drawing,DWG,https://techcomm.kohler.com/techcomm/cad/17629t_nspln.dwg,https://www.kohler.co.in/p/ove-one-piece-round-front-toilet-with-skirted-trapway-dual-flush-17629t-ns?skuId=17629T-NS-0,DWG,cad drawing,asset_000289,False,False,False,False,False,True,False,False,techcomm.kohler.com
17629T-NS-0,CAD Drawing,DXF,https://techcomm.kohler.com/techcomm/cad/17629t_nspln.dxf,https://www.kohler.co.in/p/ove-one-piece-round-front-toilet-with-skirted-trapway-dual-flush-17629t-ns?skuId=17629T-NS-0,DXF,cad drawing,asset_000290,False,False,False,False,False,False,True,False,techcomm.kohler.com
17629T-NS-0,CAD Drawing,DWG,https://techcomm.kohler.com/techcomm/cad/17629t_nssde.dwg,https://www.kohler.co.in/p/ove-one-piece-round-front-toilet-with-skirted-trapway-dual-flush-17629t-ns?skuId=17629T-NS-0,DWG,cad drawing,asset_000291,False,False,False,False,False,True,False,False,techcomm.kohler.com
17629T-NS-0,CAD Drawing,DXF,https://techcomm.kohler.com/techcomm/cad/17629t_nssde.dxf,https://www.kohler.co.in/p/ove-one-piece-round-front-toilet-with-skirted-trapway-dual-flush-17629t-ns?skuId=17629T-NS-0,DXF,cad drawing,asset_000292,False,False,False,False,False,False,True,False,techcomm.kohler.com
1800T-0,3D Model,3DS,https://techcomm.kohler.com/techcomm/cad/1800T.3ds,https://www.kohler.co.in/p/abrazo-1-6m-freestanding-lithocast-bath-1800t?skuId=1800T-0,3DS,3d model,asset_000293,True,False,False,True,False,False,False,False,techcomm.kohler.com
1800T-0,CAD Drawing,DWG,https://techcomm.kohler.com/techcomm/cad/1800T.dwg,https://www.kohler.co.in/p/abrazo-1-6m-freestanding-lithocast-bath-1800t?skuId=1800T-0,DWG,cad drawing,asset_000294,False,False,False,False,False,True,False,False,techcomm.kohler.com
1800T-0,CAD Drawing,DXF,https://techcomm.kohler.com/techcomm/cad/1800T.dxf,https://www.kohler.co.in/p/abrazo-1-6m-freestanding-lithocast-bath-1800t?skuId=1800T-0,DXF,cad drawing,asset_000295,False,False,False,False,False,False,True,False,techcomm.kohler.com
1800T-0,3D Model,OBJ,https://techcomm.kohler.com/techcomm/cad/1800T.obj,https://www.kohler.co.in/p/abrazo-1-6m-freestanding-lithocast-bath-1800t?skuId=1800T-0,OBJ,3d model,asset_000296,True,True,False,False,False,False,False,False,techcomm.kohler.com
1800T-0,3D Model,SKP,https://techcomm.kohler.com/techcomm/cad/1800T.skp,https://www.kohler.co.in/p/abrazo-1-6m-freestanding-lithocast-bath-1800t?skuId=1800T-0,SKP,3d model,asset_000297,True,False,True,False,False,False,False,False,techcomm.kohler.com
1800T-0,CAD Drawing,DWG,https://techcomm.kohler.com/techcomm/cad/1800tfrt.dwg,https://www.kohler.co.in/p/abrazo-1-6m-freestanding-lithocast-bath-1800t?skuId=1800T-0,DWG,cad drawing,asset_000298,False,False,False,False,False,True,False,False,techcomm.kohler.com
1800T-0,CAD Drawing,DXF,https://techcomm.kohler.com/techcomm/cad/1800tfrt.dxf,https://www.kohler.co.in/p/abrazo-1-6m-freestanding-lithocast-bath-1800t?skuId=1800T-0,DXF,cad drawing,asset_000299,False,False,False,False,False,False,True,False,techcomm.kohler.com
1800T-0,CAD Drawing,DWG,https://techcomm.kohler.com/techcomm/cad/1800tpln.dwg,https://www.kohler.co.in/p/abrazo-1-6m-freestanding-lithocast-bath-1800t?skuId=1800T-0,DWG,cad drawing,asset_000300,False,False,False,False,False,True,False,False,techcomm.kohler.com
1800T-0,CAD Drawing,DXF,https://techcomm.kohler.com/techcomm/cad/1800tpln.dxf,https://www.kohler.co.in/p/abrazo-1-6m-freestanding-lithocast-bath-1800t?skuId=1800T-0,DXF,cad drawing,asset_000301,False,False,False,False,False,False,True,False,techcomm.kohler.com
1800T-0,CAD Drawing,DWG,https://techcomm.kohler.com/techcomm/cad/1800tsde.dwg,https://www.kohler.co.in/p/abrazo-1-6m-freestanding-lithocast-bath-1800t?skuId=1800T-0,DWG,cad drawing,asset_000302,False,False,False,False,False,True,False,False,techcomm.kohler.com
1800T-0,CAD Drawing,DXF,https://techcomm.kohler.com/techcomm/cad/1800tsde.dxf,https://www.kohler.co.in/p/abrazo-1-6m-freestanding-lithocast-bath-1800t?skuId=1800T-0,DXF,cad drawing,asset_000303,False,False,False,False,False,False,True,False,techcomm.kohler.com
18343T-0,3D Model,3DS,https://techcomm.kohler.com/techcomm/cad/18343T.3ds,https://www.kohler.co.in/p/evok-1-6m-rectangular-freestanding-acrylic-bath-18343t?skuId=18343T-0,3DS,3d model,asset_000304,True,False,False,True,False,False,False,False,techcomm.kohler.com
18343T-0,CAD Drawing,DWG,https://techcomm.kohler.com/techcomm/cad/18343T.dwg,https://www.kohler.co.in/p/evok-1-6m-rectangular-freestanding-acrylic-bath-18343t?skuId=18343T-0,DWG,cad drawing,asset_000305,False,False,False,False,False,True,False,False,techcomm.kohler.com
18343T-0,CAD Drawing,DXF,https://techcomm.kohler.com/techcomm/cad/18343T.dxf,https://www.kohler.co.in/p/evok-1-6m-rectangular-freestanding-acrylic-bath-18343t?skuId=18343T-0,DXF,cad drawing,asset_000306,False,False,False,False,False,False,True,False,techcomm.kohler.com
18343T-0,3D Model,OBJ,https://techcomm.kohler.com/techcomm/cad/18343T.obj,https://www.kohler.co.in/p/evok-1-6m-rectangular-freestanding-acrylic-bath-18343t?skuId=18343T-0,OBJ,3d model,asset_000307,True,True,False,False,False,False,False,False,techcomm.kohler.com
18343T-0,3D Model,SKP,https://techcomm.kohler.com/techcomm/cad/18343T.skp,https://www.kohler.co.in/p/evok-1-6m-rectangular-freestanding-acrylic-bath-18343t?skuId=18343T-0,SKP,3d model,asset_000308,True,False,True,False,False,False,False,False,techcomm.kohler.com
18343T-0,CAD Drawing,DWG,https://techcomm.kohler.com/techcomm/cad/18343tfrt.dwg,https://www.kohler.co.in/p/evok-1-6m-rectangular-freestanding-acrylic-bath-18343t?skuId=18343T-0,DWG,cad drawing,asset_000309,False,False,False,False,False,True,False,False,techcomm.kohler.com
18343T-0,CAD Drawing,DXF,https://techcomm.kohler.com/techcomm/cad/18343tfrt.dxf,https://www.kohler.co.in/p/evok-1-6m-rectangular-freestanding-acrylic-bath-18343t?skuId=18343T-0,DXF,cad drawing,asset_000310,False,False,False,False,False,False,True,False,techcomm.kohler.com
18343T-0,CAD Drawing,DWG,https://techcomm.kohler.com/techcomm/cad/18343tpln.dwg,https://www.kohler.co.in/p/evok-1-6m-rectangular-freestanding-acrylic-bath-18343t?skuId=18343T-0,DWG,cad drawing,asset_000311,False,False,False,False,False,True,False,False,techcomm.kohler.com
18343T-0,CAD Drawing,DXF,https://techcomm.kohler.com/techcomm/cad/18343tpln.dxf,https://www.kohler.co.in/p/evok-1-6m-rectangular-freestanding-acrylic-bath-18343t?skuId=18343T-0,DXF,cad drawing,asset_000312,False,False,False,False,False,False,True,False,techcomm.kohler.com
18343T-0,CAD Drawing,DWG,https://techcomm.kohler.com/techcomm/cad/18343tsde.dwg,https://www.kohler.co.in/p/evok-1-6m-rectangular-freestanding-acrylic-bath-18343t?skuId=18343T-0,DWG,cad drawing,asset_000313,False,False,False,False,False,True,False,False,techcomm.kohler.com
18343T-0,CAD Drawing,DXF,https://techcomm.kohler.com/techcomm/cad/18343tsde.dxf,https://www.kohler.co.in/p/evok-1-6m-rectangular-freestanding-acrylic-bath-18343t?skuId=18343T-0,DXF,cad drawing,asset_000314,False,False,False,False,False,False,True,False,techcomm.kohler.com
18749IN-W03C-0,3D Model,3DS,https://techcomm.kohler.com/techcomm/cad/18749IN-W03C.3ds,https://www.kohler.co.in/p/evora-1850-mm-x-1100-mm-drop-in-acrylic-rectangular-whirlpool-bath-with-chromatherapy-18749in-w03c?skuId=18749IN-W03C-0,3DS,3d model,asset_000315,True,False,False,True,False,False,False,False,techcomm.kohler.com
18749IN-W03C-0,CAD Drawing,DWG,https://techcomm.kohler.com/techcomm/cad/18749IN-W03C.dwg,https://www.kohler.co.in/p/evora-1850-mm-x-1100-mm-drop-in-acrylic-rectangular-whirlpool-bath-with-chromatherapy-18749in-w03c?skuId=18749IN-W03C-0,DWG,cad drawing,asset_000316,False,False,False,False,False,True,False,False,techcomm.kohler.com
18749IN-W03C-0,CAD Drawing,DXF,https://techcomm.kohler.com/techcomm/cad/18749IN-W03C.dxf,https://www.kohler.co.in/p/evora-1850-mm-x-1100-mm-drop-in-acrylic-rectangular-whirlpool-bath-with-chromatherapy-18749in-w03c?skuId=18749IN-W03C-0,DXF,cad drawing,asset_000317,False,False,False,False,False,False,True,False,techcomm.kohler.com
18749IN-W03C-0,3D Model,OBJ,https://techcomm.kohler.com/techcomm/cad/18749IN-W03C.obj,https://www.kohler.co.in/p/evora-1850-mm-x-1100-mm-drop-in-acrylic-rectangular-whirlpool-bath-with-chromatherapy-18749in-w03c?skuId=18749IN-W03C-0,OBJ,3d model,asset_000318,True,True,False,False,False,False,False,False,techcomm.kohler.com
18749IN-W03C-0,3D Model,SKP,https://techcomm.kohler.com/techcomm/cad/18749IN-W03C.skp,https://www.kohler.co.in/p/evora-1850-mm-x-1100-mm-drop-in-acrylic-rectangular-whirlpool-bath-with-chromatherapy-18749in-w03c?skuId=18749IN-W03C-0,SKP,3d model,asset_000319,True,False,True,False,False,False,False,False,techcomm.kohler.com
18749IN-W03C-0,CAD Drawing,DWG,https://techcomm.kohler.com/techcomm/cad/18749in_w03cfrt.dwg,https://www.kohler.co.in/p/evora-1850-mm-x-1100-mm-drop-in-acrylic-rectangular-whirlpool-bath-with-chromatherapy-18749in-w03c?skuId=18749IN-W03C-0,DWG,cad drawing,asset_000320,False,False,False,False,False,True,False,False,techcomm.kohler.com
18749IN-W03C-0,CAD Drawing,DXF,https://techcomm.kohler.com/techcomm/cad/18749in_w03cfrt.dxf,https://www.kohler.co.in/p/evora-1850-mm-x-1100-mm-drop-in-acrylic-rectangular-whirlpool-bath-with-chromatherapy-18749in-w03c?skuId=18749IN-W03C-0,DXF,cad drawing,asset_000321,False,False,False,False,False,False,True,False,techcomm.kohler.com
18749IN-W03C-0,CAD Drawing,DWG,https://techcomm.kohler.com/techcomm/cad/18749in_w03cpln.dwg,https://www.kohler.co.in/p/evora-1850-mm-x-1100-mm-drop-in-acrylic-rectangular-whirlpool-bath-with-chromatherapy-18749in-w03c?skuId=18749IN-W03C-0,DWG,cad drawing,asset_000322,False,False,False,False,False,True,False,False,techcomm.kohler.com
18749IN-W03C-0,CAD Drawing,DXF,https://techcomm.kohler.com/techcomm/cad/18749in_w03cpln.dxf,https://www.kohler.co.in/p/evora-1850-mm-x-1100-mm-drop-in-acrylic-rectangular-whirlpool-bath-with-chromatherapy-18749in-w03c?skuId=18749IN-W03C-0,DXF,cad drawing,asset_000323,False,False,False,False,False,False,True,False,techcomm.kohler.com
18749IN-W03C-0,CAD Drawing,DWG,https://techcomm.kohler.com/techcomm/cad/18749in_w03csde.dwg,https://www.kohler.co.in/p/evora-1850-mm-x-1100-mm-drop-in-acrylic-rectangular-whirlpool-bath-with-chromatherapy-18749in-w03c?skuId=18749IN-W03C-0,DWG,cad drawing,asset_000324,False,False,False,False,False,True,False,False,techcomm.kohler.com
18749IN-W03C-0,CAD Drawing,DXF,https://techcomm.kohler.com/techcomm/cad/18749in_w03csde.dxf,https://www.kohler.co.in/p/evora-1850-mm-x-1100-mm-drop-in-acrylic-rectangular-whirlpool-bath-with-chromatherapy-18749in-w03c?skuId=18749IN-W03C-0,DXF,cad drawing,asset_000325,False,False,False,False,False,False,True,False,techcomm.kohler.com
18775T-0,3D Model,3DS,https://techcomm.kohler.com/techcomm/cad/18775T.3ds,https://www.kohler.co.in/p/duo-1670-mm-x-760-mm-drop-in-bath-18775t?skuId=18775T-0,3DS,3d model,asset_000326,True,False,False,True,False,False,False,False,techcomm.kohler.com
18775T-0,CAD Drawing,DWG,https://techcomm.kohler.com/techcomm/cad/18775T.dwg,https://www.kohler.co.in/p/duo-1670-mm-x-760-mm-drop-in-bath-18775t?skuId=18775T-0,DWG,cad drawing,asset_000327,False,False,False,False,False,True,False,False,techcomm.kohler.com
18775T-0,CAD Drawing,DXF,https://techcomm.kohler.com/techcomm/cad/18775T.dxf,https://www.kohler.co.in/p/duo-1670-mm-x-760-mm-drop-in-bath-18775t?skuId=18775T-0,DXF,cad drawing,asset_000328,False,False,False,False,False,False,True,False,techcomm.kohler.com
18775T-0,3D Model,OBJ,https://techcomm.kohler.com/techcomm/cad/18775T.obj,https://www.kohler.co.in/p/duo-1670-mm-x-760-mm-drop-in-bath-18775t?skuId=18775T-0,OBJ,3d model,asset_000329,True,True,False,False,False,False,False,False,techcomm.kohler.com
18775T-0,3D Model,SKP,https://techcomm.kohler.com/techcomm/cad/18775T.skp,https://www.kohler.co.in/p/duo-1670-mm-x-760-mm-drop-in-bath-18775t?skuId=18775T-0,SKP,3d model,asset_000330,True,False,True,False,False,False,False,False,techcomm.kohler.com
18775T-0,CAD Drawing,DWG,https://techcomm.kohler.com/techcomm/cad/18775tfrt.dwg,https://www.kohler.co.in/p/duo-1670-mm-x-760-mm-drop-in-bath-18775t?skuId=18775T-0,DWG,cad drawing,asset_000331,False,False,False,False,False,True,False,False,techcomm.kohler.com
18775T-0,CAD Drawing,DXF,https://techcomm.kohler.com/techcomm/cad/18775tfrt.dxf,https://www.kohler.co.in/p/duo-1670-mm-x-760-mm-drop-in-bath-18775t?skuId=18775T-0,DXF,cad drawing,asset_000332,False,False,False,False,False,False,True,False,techcomm.kohler.com
18775T-0,CAD Drawing,DWG,https://techcomm.kohler.com/techcomm/cad/18775tpln.dwg,https://www.kohler.co.in/p/duo-1670-mm-x-760-mm-drop-in-bath-18775t?skuId=18775T-0,DWG,cad drawing,asset_000333,False,False,False,False,False,True,False,False,techcomm.kohler.com
18775T-0,CAD Drawing,DXF,https://techcomm.kohler.com/techcomm/cad/18775tpln.dxf,https://www.kohler.co.in/p/duo-1670-mm-x-760-mm-drop-in-bath-18775t?skuId=18775T-0,DXF,cad drawing,asset_000334,False,False,False,False,False,False,True,False,techcomm.kohler.com
18775T-0,CAD Drawing,DWG,https://techcomm.kohler.com/techcomm/cad/18775tsde.dwg,https://www.kohler.co.in/p/duo-1670-mm-x-760-mm-drop-in-bath-18775t?skuId=18775T-0,DWG,cad drawing,asset_000335,False,False,False,False,False,True,False,False,techcomm.kohler.com
18775T-0,CAD Drawing,DXF,https://techcomm.kohler.com/techcomm/cad/18775tsde.dxf,https://www.kohler.co.in/p/duo-1670-mm-x-760-mm-drop-in-bath-18775t?skuId=18775T-0,DXF,cad drawing,asset_000336,False,False,False,False,False,False,True,False,techcomm.kohler.com
18776T-0,3D Model,3DS,https://techcomm.kohler.com/techcomm/cad/18776T.3ds,https://www.kohler.co.in/p/duo-1520-mm-x-760-mm-drop-in-bath-18776t?skuId=18776T-0,3DS,3d model,asset_000337,True,False,False,True,False,False,False,False,techcomm.kohler.com
18776T-0,CAD Drawing,DWG,https://techcomm.kohler.com/techcomm/cad/18776T.dwg,https://www.kohler.co.in/p/duo-1520-mm-x-760-mm-drop-in-bath-18776t?skuId=18776T-0,DWG,cad drawing,asset_000338,False,False,False,False,False,True,False,False,techcomm.kohler.com
18776T-0,CAD Drawing,DXF,https://techcomm.kohler.com/techcomm/cad/18776T.dxf,https://www.kohler.co.in/p/duo-1520-mm-x-760-mm-drop-in-bath-18776t?skuId=18776T-0,DXF,cad drawing,asset_000339,False,False,False,False,False,False,True,False,techcomm.kohler.com
18776T-0,3D Model,OBJ,https://techcomm.kohler.com/techcomm/cad/18776T.obj,https://www.kohler.co.in/p/duo-1520-mm-x-760-mm-drop-in-bath-18776t?skuId=18776T-0,OBJ,3d model,asset_000340,True,True,False,False,False,False,False,False,techcomm.kohler.com
18776T-0,3D Model,SKP,https://techcomm.kohler.com/techcomm/cad/18776T.skp,https://www.kohler.co.in/p/duo-1520-mm-x-760-mm-drop-in-bath-18776t?skuId=18776T-0,SKP,3d model,asset_000341,True,False,True,False,False,False,False,False,techcomm.kohler.com
18776T-0,CAD Drawing,DWG,https://techcomm.kohler.com/techcomm/cad/18776tfrt.dwg,https://www.kohler.co.in/p/duo-1520-mm-x-760-mm-drop-in-bath-18776t?skuId=18776T-0,DWG,cad drawing,asset_000342,False,False,False,False,False,True,False,False,techcomm.kohler.com
18776T-0,CAD Drawing,DXF,https://techcomm.kohler.com/techcomm/cad/18776tfrt.dxf,https://www.kohler.co.in/p/duo-1520-mm-x-760-mm-drop-in-bath-18776t?skuId=18776T-0,DXF,cad drawing,asset_000343,False,False,False,False,False,False,True,False,techcomm.kohler.com
18776T-0,CAD Drawing,DWG,https://techcomm.kohler.com/techcomm/cad/18776tpln.dwg,https://www.kohler.co.in/p/duo-1520-mm-x-760-mm-drop-in-bath-18776t?skuId=18776T-0,DWG,cad drawing,asset_000344,False,False,False,False,False,True,False,False,techcomm.kohler.com
18776T-0,CAD Drawing,DXF,https://techcomm.kohler.com/techcomm/cad/18776tpln.dxf,https://www.kohler.co.in/p/duo-1520-mm-x-760-mm-drop-in-bath-18776t?skuId=18776T-0,DXF,cad drawing,asset_000345,False,False,False,False,False,False,True,False,techcomm.kohler.com
18776T-0,CAD Drawing,DWG,https://techcomm.kohler.com/techcomm/cad/18776tsde.dwg,https://www.kohler.co.in/p/duo-1520-mm-x-760-mm-drop-in-bath-18776t?skuId=18776T-0,DWG,cad drawing,asset_000346,False,False,False,False,False,True,False,False,techcomm.kohler.com
18776T-0,CAD Drawing,DXF,https://techcomm.kohler.com/techcomm/cad/18776tsde.dxf,https://www.kohler.co.in/p/duo-1520-mm-x-760-mm-drop-in-bath-18776t?skuId=18776T-0,DXF,cad drawing,asset_000347,False,False,False,False,False,False,True,False,techcomm.kohler.com
20070IN-4-CP,3D Model,3DS,https://techcomm.kohler.com/techcomm/cad/20070IN-4.3ds,https://www.kohler.co.in/p/aleo-tall-pillar-tap-20070in-4?skuId=20070IN-4-CP,3DS,3d model,asset_000348,True,False,False,True,False,False,False,False,techcomm.kohler.com
20070IN-4-CP,CAD Drawing,DWG,https://techcomm.kohler.com/techcomm/cad/20070IN-4.dwg,https://www.kohler.co.in/p/aleo-tall-pillar-tap-20070in-4?skuId=20070IN-4-CP,DWG,cad drawing,asset_000349,False,False,False,False,False,True,False,False,techcomm.kohler.com
20070IN-4-CP,CAD Drawing,DXF,https://techcomm.kohler.com/techcomm/cad/20070IN-4.dxf,https://www.kohler.co.in/p/aleo-tall-pillar-tap-20070in-4?skuId=20070IN-4-CP,DXF,cad drawing,asset_000350,False,False,False,False,False,False,True,False,techcomm.kohler.com
20070IN-4-CP,3D Model,OBJ,https://techcomm.kohler.com/techcomm/cad/20070IN-4.obj,https://www.kohler.co.in/p/aleo-tall-pillar-tap-20070in-4?skuId=20070IN-4-CP,OBJ,3d model,asset_000351,True,True,False,False,False,False,False,False,techcomm.kohler.com
20070IN-4-CP,3D Model,SKP,https://techcomm.kohler.com/techcomm/cad/20070IN-4.skp,https://www.kohler.co.in/p/aleo-tall-pillar-tap-20070in-4?skuId=20070IN-4-CP,SKP,3d model,asset_000352,True,False,True,False,False,False,False,False,techcomm.kohler.com
20070IN-4-CP,CAD Drawing,DWG,https://techcomm.kohler.com/techcomm/cad/20070in_4frt.dwg,https://www.kohler.co.in/p/aleo-tall-pillar-tap-20070in-4?skuId=20070IN-4-CP,DWG,cad drawing,asset_000353,False,False,False,False,False,True,False,False,techcomm.kohler.com
20070IN-4-CP,CAD Drawing,DXF,https://techcomm.kohler.com/techcomm/cad/20070in_4frt.dxf,https://www.kohler.co.in/p/aleo-tall-pillar-tap-20070in-4?skuId=20070IN-4-CP,DXF,cad drawing,asset_000354,False,False,False,False,False,False,True,False,techcomm.kohler.com
20070IN-4-CP,CAD Drawing,DWG,https://techcomm.kohler.com/techcomm/cad/20070in_4pln.dwg,https://www.kohler.co.in/p/aleo-tall-pillar-tap-20070in-4?skuId=20070IN-4-CP,DWG,cad drawing,asset_000355,False,False,False,False,False,True,False,False,techcomm.kohler.com
20070IN-4-CP,CAD Drawing,DXF,https://techcomm.kohler.com/techcomm/cad/20070in_4pln.dxf,https://www.kohler.co.in/p/aleo-tall-pillar-tap-20070in-4?skuId=20070IN-4-CP,DXF,cad drawing,asset_000356,False,False,False,False,False,False,True,False,techcomm.kohler.com
20070IN-4-CP,CAD Drawing,DWG,https://techcomm.kohler.com/techcomm/cad/20070in_4sde.dwg,https://www.kohler.co.in/p/aleo-tall-pillar-tap-20070in-4?skuId=20070IN-4-CP,DWG,cad drawing,asset_000357,False,False,False,False,False,True,False,False,techcomm.kohler.com
20070IN-4-CP,CAD Drawing,DXF,https://techcomm.kohler.com/techcomm/cad/20070in_4sde.dxf,https://www.kohler.co.in/p/aleo-tall-pillar-tap-20070in-4?skuId=20070IN-4-CP,DXF,cad drawing,asset_000358,False,False,False,False,False,False,True,False,techcomm.kohler.com
20071IN-4-CP,3D Model,3DS,https://techcomm.kohler.com/techcomm/cad/20071IN-4.3ds,https://www.kohler.co.in/p/aleo-pillar-tap-tall-20071in-4?skuId=20071IN-4-CP,3DS,3d model,asset_000359,True,False,False,True,False,False,False,False,techcomm.kohler.com
20071IN-4-CP,CAD Drawing,DWG,https://techcomm.kohler.com/techcomm/cad/20071IN-4.dwg,https://www.kohler.co.in/p/aleo-pillar-tap-tall-20071in-4?skuId=20071IN-4-CP,DWG,cad drawing,asset_000360,False,False,False,False,False,True,False,False,techcomm.kohler.com
20071IN-4-CP,CAD Drawing,DXF,https://techcomm.kohler.com/techcomm/cad/20071IN-4.dxf,https://www.kohler.co.in/p/aleo-pillar-tap-tall-20071in-4?skuId=20071IN-4-CP,DXF,cad drawing,asset_000361,False,False,False,False,False,False,True,False,techcomm.kohler.com
20071IN-4-CP,3D Model,OBJ,https://techcomm.kohler.com/techcomm/cad/20071IN-4.obj,https://www.kohler.co.in/p/aleo-pillar-tap-tall-20071in-4?skuId=20071IN-4-CP,OBJ,3d model,asset_000362,True,True,False,False,False,False,False,False,techcomm.kohler.com
20071IN-4-CP,3D Model,SKP,https://techcomm.kohler.com/techcomm/cad/20071IN-4.skp,https://www.kohler.co.in/p/aleo-pillar-tap-tall-20071in-4?skuId=20071IN-4-CP,SKP,3d model,asset_000363,True,False,True,False,False,False,False,False,techcomm.kohler.com
20071IN-4-CP,CAD Drawing,DWG,https://techcomm.kohler.com/techcomm/cad/20071in_4frt.dwg,https://www.kohler.co.in/p/aleo-pillar-tap-tall-20071in-4?skuId=20071IN-4-CP,DWG,cad drawing,asset_000364,False,False,False,False,False,True,False,False,techcomm.kohler.com
20071IN-4-CP,CAD Drawing,DXF,https://techcomm.kohler.com/techcomm/cad/20071in_4frt.dxf,https://www.kohler.co.in/p/aleo-pillar-tap-tall-20071in-4?skuId=20071IN-4-CP,DXF,cad drawing,asset_000365,False,False,False,False,False,False,True,False,techcomm.kohler.com
20071IN-4-CP,CAD Drawing,DWG,https://techcomm.kohler.com/techcomm/cad/20071in_4pln.dwg,https://www.kohler.co.in/p/aleo-pillar-tap-tall-20071in-4?skuId=20071IN-4-CP,DWG,cad drawing,asset_000366,False,False,False,False,False,True,False,False,techcomm.kohler.com
20071IN-4-CP,CAD Drawing,DXF,https://techcomm.kohler.com/techcomm/cad/20071in_4pln.dxf,https://www.kohler.co.in/p/aleo-pillar-tap-tall-20071in-4?skuId=20071IN-4-CP,DXF,cad drawing,asset_000367,False,False,False,False,False,False,True,False,techcomm.kohler.com
20071IN-4-CP,CAD Drawing,DWG,https://techcomm.kohler.com/techcomm/cad/20071in_4sde.dwg,https://www.kohler.co.in/p/aleo-pillar-tap-tall-20071in-4?skuId=20071IN-4-CP,DWG,cad drawing,asset_000368,False,False,False,False,False,True,False,False,techcomm.kohler.com
20071IN-4-CP,CAD Drawing,DXF,https://techcomm.kohler.com/techcomm/cad/20071in_4sde.dxf,https://www.kohler.co.in/p/aleo-pillar-tap-tall-20071in-4?skuId=20071IN-4-CP,DXF,cad drawing,asset_000369,False,False,False,False,False,False,True,False,techcomm.kohler.com
20077IN-CP,3D Model,3DS,https://techcomm.kohler.com/techcomm/cad/20077IN.3ds,https://www.kohler.co.in/p/aleo-bath-spout-w-diverter-20077in?skuId=20077IN-CP,3DS,3d model,asset_000370,True,False,False,True,False,False,False,False,techcomm.kohler.com
20077IN-CP,CAD Drawing,DWG,https://techcomm.kohler.com/techcomm/cad/20077IN.dwg,https://www.kohler.co.in/p/aleo-bath-spout-w-diverter-20077in?skuId=20077IN-CP,DWG,cad drawing,asset_000371,False,False,False,False,False,True,False,False,techcomm.kohler.com
20077IN-CP,CAD Drawing,DXF,https://techcomm.kohler.com/techcomm/cad/20077IN.dxf,https://www.kohler.co.in/p/aleo-bath-spout-w-diverter-20077in?skuId=20077IN-CP,DXF,cad drawing,asset_000372,False,False,False,False,False,False,True,False,techcomm.kohler.com
20077IN-CP,3D Model,OBJ,https://techcomm.kohler.com/techcomm/cad/20077IN.obj,https://www.kohler.co.in/p/aleo-bath-spout-w-diverter-20077in?skuId=20077IN-CP,OBJ,3d model,asset_000373,True,True,False,False,False,False,False,False,techcomm.kohler.com
20077IN-CP,3D Model,SKP,https://techcomm.kohler.com/techcomm/cad/20077IN.skp,https://www.kohler.co.in/p/aleo-bath-spout-w-diverter-20077in?skuId=20077IN-CP,SKP,3d model,asset_000374,True,False,True,False,False,False,False,False,techcomm.kohler.com
20077IN-CP,CAD Drawing,DWG,https://techcomm.kohler.com/techcomm/cad/20077infrt.dwg,https://www.kohler.co.in/p/aleo-bath-spout-w-diverter-20077in?skuId=20077IN-CP,DWG,cad drawing,asset_000375,False,False,False,False,False,True,False,False,techcomm.kohler.com
20077IN-CP,CAD Drawing,DXF,https://techcomm.kohler.com/techcomm/cad/20077infrt.dxf,https://www.kohler.co.in/p/aleo-bath-spout-w-diverter-20077in?skuId=20077IN-CP,DXF,cad drawing,asset_000376,False,False,False,False,False,False,True,False,techcomm.kohler.com
20077IN-CP,CAD Drawing,DWG,https://techcomm.kohler.com/techcomm/cad/20077inpln.dwg,https://www.kohler.co.in/p/aleo-bath-spout-w-diverter-20077in?skuId=20077IN-CP,DWG,cad drawing,asset_000377,False,False,False,False,False,True,False,False,techcomm.kohler.com
20077IN-CP,CAD Drawing,DXF,https://techcomm.kohler.com/techcomm/cad/20077inpln.dxf,https://www.kohler.co.in/p/aleo-bath-spout-w-diverter-20077in?skuId=20077IN-CP,DXF,cad drawing,asset_000378,False,False,False,False,False,False,True,False,techcomm.kohler.com
20077IN-CP,CAD Drawing,DWG,https://techcomm.kohler.com/techcomm/cad/20077insde.dwg,https://www.kohler.co.in/p/aleo-bath-spout-w-diverter-20077in?skuId=20077IN-CP,DWG,cad drawing,asset_000379,False,False,False,False,False,True,False,False,techcomm.kohler.com
20077IN-CP,CAD Drawing,DXF,https://techcomm.kohler.com/techcomm/cad/20077insde.dxf,https://www.kohler.co.in/p/aleo-bath-spout-w-diverter-20077in?skuId=20077IN-CP,DXF,cad drawing,asset_000380,False,False,False,False,False,False,True,False,techcomm.kohler.com
20249T-0,3D Model,3DS,https://techcomm.kohler.com/techcomm/cad/20249T.3ds,https://www.kohler.co.in/p/karing-1-8m-oval-lithocast-bath-20249t?skuId=20249T-0,3DS,3d model,asset_000381,True,False,False,True,False,False,False,False,techcomm.kohler.com
20249T-0,CAD Drawing,DWG,https://techcomm.kohler.com/techcomm/cad/20249T.dwg,https://www.kohler.co.in/p/karing-1-8m-oval-lithocast-bath-20249t?skuId=20249T-0,DWG,cad drawing,asset_000382,False,False,False,False,False,True,False,False,techcomm.kohler.com
20249T-0,CAD Drawing,DXF,https://techcomm.kohler.com/techcomm/cad/20249T.dxf,https://www.kohler.co.in/p/karing-1-8m-oval-lithocast-bath-20249t?skuId=20249T-0,DXF,cad drawing,asset_000383,False,False,False,False,False,False,True,False,techcomm.kohler.com
20249T-0,3D Model,OBJ,https://techcomm.kohler.com/techcomm/cad/20249T.obj,https://www.kohler.co.in/p/karing-1-8m-oval-lithocast-bath-20249t?skuId=20249T-0,OBJ,3d model,asset_000384,True,True,False,False,False,False,False,False,techcomm.kohler.com
20249T-0,3D Model,SKP,https://techcomm.kohler.com/techcomm/cad/20249T.skp,https://www.kohler.co.in/p/karing-1-8m-oval-lithocast-bath-20249t?skuId=20249T-0,SKP,3d model,asset_000385,True,False,True,False,False,False,False,False,techcomm.kohler.com
20249T-0,CAD Drawing,DWG,https://techcomm.kohler.com/techcomm/cad/20249tfrt.dwg,https://www.kohler.co.in/p/karing-1-8m-oval-lithocast-bath-20249t?skuId=20249T-0,DWG,cad drawing,asset_000386,False,False,False,False,False,True,False,False,techcomm.kohler.com
20249T-0,CAD Drawing,DXF,https://techcomm.kohler.com/techcomm/cad/20249tfrt.dxf,https://www.kohler.co.in/p/karing-1-8m-oval-lithocast-bath-20249t?skuId=20249T-0,DXF,cad drawing,asset_000387,False,False,False,False,False,False,True,False,techcomm.kohler.com
20249T-0,CAD Drawing,DWG,https://techcomm.kohler.com/techcomm/cad/20249tpln.dwg,https://www.kohler.co.in/p/karing-1-8m-oval-lithocast-bath-20249t?skuId=20249T-0,DWG,cad drawing,asset_000388,False,False,False,False,False,True,False,False,techcomm.kohler.com
20249T-0,CAD Drawing,DXF,https://techcomm.kohler.com/techcomm/cad/20249tpln.dxf,https://www.kohler.co.in/p/karing-1-8m-oval-lithocast-bath-20249t?skuId=20249T-0,DXF,cad drawing,asset_000389,False,False,False,False,False,False,True,False,techcomm.kohler.com
20249T-0,CAD Drawing,DWG,https://techcomm.kohler.com/techcomm/cad/20249tsde.dwg,https://www.kohler.co.in/p/karing-1-8m-oval-lithocast-bath-20249t?skuId=20249T-0,DWG,cad drawing,asset_000390,False,False,False,False,False,True,False,False,techcomm.kohler.com
20249T-0,CAD Drawing,DXF,https://techcomm.kohler.com/techcomm/cad/20249tsde.dxf,https://www.kohler.co.in/p/karing-1-8m-oval-lithocast-bath-20249t?skuId=20249T-0,DXF,cad drawing,asset_000391,False,False,False,False,False,False,True,False,techcomm.kohler.com
20627IN-K-0,CAD Drawing,DWG,https://techcomm.kohler.com/techcomm/cad/20627in_kfrt.dwg,https://www.kohler.co.in/p/hourglass-1529-mm-x-818-mm-corner-whirlpool-bath-20627in-k?skuId=20627IN-K-0,DWG,cad drawing,asset_000392,False,False,False,False,False,True,False,False,techcomm.kohler.com
20627IN-K-0,CAD Drawing,DXF,https://techcomm.kohler.com/techcomm/cad/20627in_kfrt.dxf,https://www.kohler.co.in/p/hourglass-1529-mm-x-818-mm-corner-whirlpool-bath-20627in-k?skuId=20627IN-K-0,DXF,cad drawing,asset_000393,False,False,False,False,False,False,True,False,techcomm.kohler.com
20627IN-K-0,CAD Drawing,DWG,https://techcomm.kohler.com/techcomm/cad/20627in_kpln.dwg,https://www.kohler.co.in/p/hourglass-1529-mm-x-818-mm-corner-whirlpool-bath-20627in-k?skuId=20627IN-K-0,DWG,cad drawing,asset_000394,False,False,False,False,False,True,False,False,techcomm.kohler.com
20627IN-K-0,CAD Drawing,DXF,https://techcomm.kohler.com/techcomm/cad/20627in_kpln.dxf,https://www.kohler.co.in/p/hourglass-1529-mm-x-818-mm-corner-whirlpool-bath-20627in-k?skuId=20627IN-K-0,DXF,cad drawing,asset_000395,False,False,False,False,False,False,True,False,techcomm.kohler.com
20627IN-K-0,CAD Drawing,DWG,https://techcomm.kohler.com/techcomm/cad/20627in_ksde.dwg,https://www.kohler.co.in/p/hourglass-1529-mm-x-818-mm-corner-whirlpool-bath-20627in-k?skuId=20627IN-K-0,DWG,cad drawing,asset_000396,False,False,False,False,False,True,False,False,techcomm.kohler.com
20627IN-K-0,CAD Drawing,DXF,https://techcomm.kohler.com/techcomm/cad/20627in_ksde.dxf,https://www.kohler.co.in/p/hourglass-1529-mm-x-818-mm-corner-whirlpool-bath-20627in-k?skuId=20627IN-K-0,DXF,cad drawing,asset_000397,False,False,False,False,False,False,True,False,techcomm.kohler.com
20703-0,3D Model,3DS,https://techcomm.kohler.com/techcomm/cad/20703.3ds,https://www.kohler.co.in/p/veil-tall-vessel-pedestal-bathroom-sink-basin-20703?skuId=20703-0,3DS,3d model,asset_000398,True,False,False,True,False,False,False,False,techcomm.kohler.com
20703-0,CAD Drawing,DWG,https://techcomm.kohler.com/techcomm/cad/20703.dwg,https://www.kohler.co.in/p/veil-tall-vessel-pedestal-bathroom-sink-basin-20703?skuId=20703-0,DWG,cad drawing,asset_000399,False,False,False,False,False,True,False,False,techcomm.kohler.com
20703-0,CAD Drawing,DXF,https://techcomm.kohler.com/techcomm/cad/20703.dxf,https://www.kohler.co.in/p/veil-tall-vessel-pedestal-bathroom-sink-basin-20703?skuId=20703-0,DXF,cad drawing,asset_000400,False,False,False,False,False,False,True,False,techcomm.kohler.com
20703-0,3D Model,OBJ,https://techcomm.kohler.com/techcomm/cad/20703.obj,https://www.kohler.co.in/p/veil-tall-vessel-pedestal-bathroom-sink-basin-20703?skuId=20703-0,OBJ,3d model,asset_000401,True,True,False,False,False,False,False,False,techcomm.kohler.com
20703-0,3D Model,SKP,https://techcomm.kohler.com/techcomm/cad/20703.skp,https://www.kohler.co.in/p/veil-tall-vessel-pedestal-bathroom-sink-basin-20703?skuId=20703-0,SKP,3d model,asset_000402,True,False,True,False,False,False,False,False,techcomm.kohler.com
20703-0,CAD Drawing,DWG,https://techcomm.kohler.com/techcomm/cad/20703frt.dwg,https://www.kohler.co.in/p/veil-tall-vessel-pedestal-bathroom-sink-basin-20703?skuId=20703-0,DWG,cad drawing,asset_000403,False,False,False,False,False,True,False,False,techcomm.kohler.com
20703-0,CAD Drawing,DXF,https://techcomm.kohler.com/techcomm/cad/20703frt.dxf,https://www.kohler.co.in/p/veil-tall-vessel-pedestal-bathroom-sink-basin-20703?skuId=20703-0,DXF,cad drawing,asset_000404,False,False,False,False,False,False,True,False,techcomm.kohler.com
20703-0,CAD Drawing,DWG,https://techcomm.kohler.com/techcomm/cad/20703pln.dwg,https://www.kohler.co.in/p/veil-tall-vessel-pedestal-bathroom-sink-basin-20703?skuId=20703-0,DWG,cad drawing,asset_000405,False,False,False,False,False,True,False,False,techcomm.kohler.com
20703-0,CAD Drawing,DXF,https://techcomm.kohler.com/techcomm/cad/20703pln.dxf,https://www.kohler.co.in/p/veil-tall-vessel-pedestal-bathroom-sink-basin-20703?skuId=20703-0,DXF,cad drawing,asset_000406,False,False,False,False,False,False,True,False,techcomm.kohler.com
20703-0,CAD Drawing,DWG,https://techcomm.kohler.com/techcomm/cad/20703sde.dwg,https://www.kohler.co.in/p/veil-tall-vessel-pedestal-bathroom-sink-basin-20703?skuId=20703-0,DWG,cad drawing,asset_000407,False,False,False,False,False,True,False,False,techcomm.kohler.com
20703-0,CAD Drawing,DXF,https://techcomm.kohler.com/techcomm/cad/20703sde.dxf,https://www.kohler.co.in/p/veil-tall-vessel-pedestal-bathroom-sink-basin-20703?skuId=20703-0,DXF,cad drawing,asset_000408,False,False,False,False,False,False,True,False,techcomm.kohler.com
20704-0,3D Model,3DS,https://techcomm.kohler.com/techcomm/cad/20704.3ds,https://www.kohler.co.in/p/veil-vessel-bathroom-sink-20704?skuId=20704-0,3DS,3d model,asset_000409,True,False,False,True,False,False,False,False,techcomm.kohler.com
20704-0,CAD Drawing,DWG,https://techcomm.kohler.com/techcomm/cad/20704.dwg,https://www.kohler.co.in/p/veil-vessel-bathroom-sink-20704?skuId=20704-0,DWG,cad drawing,asset_000410,False,False,False,False,False,True,False,False,techcomm.kohler.com
20704-0,CAD Drawing,DXF,https://techcomm.kohler.com/techcomm/cad/20704.dxf,https://www.kohler.co.in/p/veil-vessel-bathroom-sink-20704?skuId=20704-0,DXF,cad drawing,asset_000411,False,False,False,False,False,False,True,False,techcomm.kohler.com
20704-0,3D Model,OBJ,https://techcomm.kohler.com/techcomm/cad/20704.obj,https://www.kohler.co.in/p/veil-vessel-bathroom-sink-20704?skuId=20704-0,OBJ,3d model,asset_000412,True,True,False,False,False,False,False,False,techcomm.kohler.com
20704-0,3D Model,SKP,https://techcomm.kohler.com/techcomm/cad/20704.skp,https://www.kohler.co.in/p/veil-vessel-bathroom-sink-20704?skuId=20704-0,SKP,3d model,asset_000413,True,False,True,False,False,False,False,False,techcomm.kohler.com
20704-0,CAD Drawing,DWG,https://techcomm.kohler.com/techcomm/cad/20704frt.dwg,https://www.kohler.co.in/p/veil-vessel-bathroom-sink-20704?skuId=20704-0,DWG,cad drawing,asset_000414,False,False,False,False,False,True,False,False,techcomm.kohler.com
20704-0,CAD Drawing,DXF,https://techcomm.kohler.com/techcomm/cad/20704frt.dxf,https://www.kohler.co.in/p/veil-vessel-bathroom-sink-20704?skuId=20704-0,DXF,cad drawing,asset_000415,False,False,False,False,False,False,True,False,techcomm.kohler.com
20704-0,CAD Drawing,DWG,https://techcomm.kohler.com/techcomm/cad/20704pln.dwg,https://www.kohler.co.in/p/veil-vessel-bathroom-sink-20704?skuId=20704-0,DWG,cad drawing,asset_000416,False,False,False,False,False,True,False,False,techcomm.kohler.com
20704-0,CAD Drawing,DXF,https://techcomm.kohler.com/techcomm/cad/20704pln.dxf,https://www.kohler.co.in/p/veil-vessel-bathroom-sink-20704?skuId=20704-0,DXF,cad drawing,asset_000417,False,False,False,False,False,False,True,False,techcomm.kohler.com
20704-0,CAD Drawing,DWG,https://techcomm.kohler.com/techcomm/cad/20704sde.dwg,https://www.kohler.co.in/p/veil-vessel-bathroom-sink-20704?skuId=20704-0,DWG,cad drawing,asset_000418,False,False,False,False,False,True,False,False,techcomm.kohler.com
20704-0,CAD Drawing,DXF,https://techcomm.kohler.com/techcomm/cad/20704sde.dxf,https://www.kohler.co.in/p/veil-vessel-bathroom-sink-20704?skuId=20704-0,DXF,cad drawing,asset_000419,False,False,False,False,False,False,True,False,techcomm.kohler.com
21060IN-0,3D Model,3DS,https://techcomm.kohler.com/techcomm/cad/21060IN.3ds,https://www.kohler.co.in/p/brazn-vessel-bathroom-sink-21060in?skuId=21060IN-0,3DS,3d model,asset_000420,True,False,False,True,False,False,False,False,techcomm.kohler.com
21060IN-0,CAD Drawing,DWG,https://techcomm.kohler.com/techcomm/cad/21060IN.dwg,https://www.kohler.co.in/p/brazn-vessel-bathroom-sink-21060in?skuId=21060IN-0,DWG,cad drawing,asset_000421,False,False,False,False,False,True,False,False,techcomm.kohler.com
21060IN-0,CAD Drawing,DXF,https://techcomm.kohler.com/techcomm/cad/21060IN.dxf,https://www.kohler.co.in/p/brazn-vessel-bathroom-sink-21060in?skuId=21060IN-0,DXF,cad drawing,asset_000422,False,False,False,False,False,False,True,False,techcomm.kohler.com
21060IN-0,3D Model,OBJ,https://techcomm.kohler.com/techcomm/cad/21060IN.obj,https://www.kohler.co.in/p/brazn-vessel-bathroom-sink-21060in?skuId=21060IN-0,OBJ,3d model,asset_000423,True,True,False,False,False,False,False,False,techcomm.kohler.com
21060IN-0,3D Model,SKP,https://techcomm.kohler.com/techcomm/cad/21060IN.skp,https://www.kohler.co.in/p/brazn-vessel-bathroom-sink-21060in?skuId=21060IN-0,SKP,3d model,asset_000424,True,False,True,False,False,False,False,False,techcomm.kohler.com
21060IN-0,CAD Drawing,DWG,https://techcomm.kohler.com/techcomm/cad/21060infrt.dwg,https://www.kohler.co.in/p/brazn-vessel-bathroom-sink-21060in?skuId=21060IN-0,DWG,cad drawing,asset_000425,False,False,False,False,False,True,False,False,techcomm.kohler.com
21060IN-0,CAD Drawing,DXF,https://techcomm.kohler.com/techcomm/cad/21060infrt.dxf,https://www.kohler.co.in/p/brazn-vessel-bathroom-sink-21060in?skuId=21060IN-0,DXF,cad drawing,asset_000426,False,False,False,False,False,False,True,False,techcomm.kohler.com
21060IN-0,CAD Drawing,DWG,https://techcomm.kohler.com/techcomm/cad/21060inpln.dwg,https://www.kohler.co.in/p/brazn-vessel-bathroom-sink-21060in?skuId=21060IN-0,DWG,cad drawing,asset_000427,False,False,False,False,False,True,False,False,techcomm.kohler.com
21060IN-0,CAD Drawing,DXF,https://techcomm.kohler.com/techcomm/cad/21060inpln.dxf,https://www.kohler.co.in/p/brazn-vessel-bathroom-sink-21060in?skuId=21060IN-0,DXF,cad drawing,asset_000428,False,False,False,False,False,False,True,False,techcomm.kohler.com
21060IN-0,CAD Drawing,DWG,https://techcomm.kohler.com/techcomm/cad/21060insde.dwg,https://www.kohler.co.in/p/brazn-vessel-bathroom-sink-21060in?skuId=21060IN-0,DWG,cad drawing,asset_000429,False,False,False,False,False,True,False,False,techcomm.kohler.com
21060IN-0,CAD Drawing,DXF,https://techcomm.kohler.com/techcomm/cad/21060insde.dxf,https://www.kohler.co.in/p/brazn-vessel-bathroom-sink-21060in?skuId=21060IN-0,DXF,cad drawing,asset_000430,False,False,False,False,False,False,True,False,techcomm.kohler.com
21226IN-SS-0,3D Model,3DS,https://techcomm.kohler.com/techcomm/cad/21226IN-SS.3ds,https://www.kohler.co.in/p/modernlife-edge-edge-600-vessel-21226in-ss?skuId=21226IN-SS-0,3DS,3d model,asset_000431,True,False,False,True,False,False,False,False,techcomm.kohler.com
21226IN-SS-0,CAD Drawing,DWG,https://techcomm.kohler.com/techcomm/cad/21226IN-SS.dwg,https://www.kohler.co.in/p/modernlife-edge-edge-600-vessel-21226in-ss?skuId=21226IN-SS-0,DWG,cad drawing,asset_000432,False,False,False,False,False,True,False,False,techcomm.kohler.com
21226IN-SS-0,CAD Drawing,DXF,https://techcomm.kohler.com/techcomm/cad/21226IN-SS.dxf,https://www.kohler.co.in/p/modernlife-edge-edge-600-vessel-21226in-ss?skuId=21226IN-SS-0,DXF,cad drawing,asset_000433,False,False,False,False,False,False,True,False,techcomm.kohler.com
21226IN-SS-0,3D Model,OBJ,https://techcomm.kohler.com/techcomm/cad/21226IN-SS.obj,https://www.kohler.co.in/p/modernlife-edge-edge-600-vessel-21226in-ss?skuId=21226IN-SS-0,OBJ,3d model,asset_000434,True,True,False,False,False,False,False,False,techcomm.kohler.com
21226IN-SS-0,3D Model,SKP,https://techcomm.kohler.com/techcomm/cad/21226IN-SS.skp,https://www.kohler.co.in/p/modernlife-edge-edge-600-vessel-21226in-ss?skuId=21226IN-SS-0,SKP,3d model,asset_000435,True,False,True,False,False,False,False,False,techcomm.kohler.com
21226IN-HP1,3D Model,3DS,https://techcomm.kohler.com/techcomm/cad/21226IN.3ds,https://www.kohler.co.in/p/600mm-edge-vessel-basin-without-faucet-hole-in-thunder-grey-21226in?skuId=21226IN-HP1,3DS,3d model,asset_000436,True,False,False,True,False,False,False,False,techcomm.kohler.com
21226IN-HP1,CAD Drawing,DWG,https://techcomm.kohler.com/techcomm/cad/21226IN.dwg,https://www.kohler.co.in/p/600mm-edge-vessel-basin-without-faucet-hole-in-thunder-grey-21226in?skuId=21226IN-HP1,DWG,cad drawing,asset_000437,False,False,False,False,False,True,False,False,techcomm.kohler.com
21226IN-HP1,CAD Drawing,DXF,https://techcomm.kohler.com/techcomm/cad/21226IN.dxf,https://www.kohler.co.in/p/600mm-edge-vessel-basin-without-faucet-hole-in-thunder-grey-21226in?skuId=21226IN-HP1,DXF,cad drawing,asset_000438,False,False,False,False,False,False,True,False,techcomm.kohler.com
21226IN-HP1,3D Model,OBJ,https://techcomm.kohler.com/techcomm/cad/21226IN.obj,https://www.kohler.co.in/p/600mm-edge-vessel-basin-without-faucet-hole-in-thunder-grey-21226in?skuId=21226IN-HP1,OBJ,3d model,asset_000439,True,True,False,False,False,False,False,False,techcomm.kohler.com
21226IN-HP1,3D Model,SKP,https://techcomm.kohler.com/techcomm/cad/21226IN.skp,https://www.kohler.co.in/p/600mm-edge-vessel-basin-without-faucet-hole-in-thunder-grey-21226in?skuId=21226IN-HP1,SKP,3d model,asset_000440,True,False,True,False,False,False,False,False,techcomm.kohler.com
21226IN-SS-0,CAD Drawing,DWG,https://techcomm.kohler.com/techcomm/cad/21226in_ssfrt.dwg,https://www.kohler.co.in/p/modernlife-edge-edge-600-vessel-21226in-ss?skuId=21226IN-SS-0,DWG,cad drawing,asset_000441,False,False,False,False,False,True,False,False,techcomm.kohler.com
21226IN-SS-0,CAD Drawing,DXF,https://techcomm.kohler.com/techcomm/cad/21226in_ssfrt.dxf,https://www.kohler.co.in/p/modernlife-edge-edge-600-vessel-21226in-ss?skuId=21226IN-SS-0,DXF,cad drawing,asset_000442,False,False,False,False,False,False,True,False,techcomm.kohler.com
21226IN-SS-0,CAD Drawing,DWG,https://techcomm.kohler.com/techcomm/cad/21226in_sspln.dwg,https://www.kohler.co.in/p/modernlife-edge-edge-600-vessel-21226in-ss?skuId=21226IN-SS-0,DWG,cad drawing,asset_000443,False,False,False,False,False,True,False,False,techcomm.kohler.com
21226IN-SS-0,CAD Drawing,DXF,https://techcomm.kohler.com/techcomm/cad/21226in_sspln.dxf,https://www.kohler.co.in/p/modernlife-edge-edge-600-vessel-21226in-ss?skuId=21226IN-SS-0,DXF,cad drawing,asset_000444,False,False,False,False,False,False,True,False,techcomm.kohler.com
21226IN-SS-0,CAD Drawing,DWG,https://techcomm.kohler.com/techcomm/cad/21226in_sssde.dwg,https://www.kohler.co.in/p/modernlife-edge-edge-600-vessel-21226in-ss?skuId=21226IN-SS-0,DWG,cad drawing,asset_000445,False,False,False,False,False,True,False,False,techcomm.kohler.com
21226IN-SS-0,CAD Drawing,DXF,https://techcomm.kohler.com/techcomm/cad/21226in_sssde.dxf,https://www.kohler.co.in/p/modernlife-edge-edge-600-vessel-21226in-ss?skuId=21226IN-SS-0,DXF,cad drawing,asset_000446,False,False,False,False,False,False,True,False,techcomm.kohler.com
21226IN-HP1,CAD Drawing,DWG,https://techcomm.kohler.com/techcomm/cad/21226infrt.dwg,https://www.kohler.co.in/p/600mm-edge-vessel-basin-without-faucet-hole-in-thunder-grey-21226in?skuId=21226IN-HP1,DWG,cad drawing,asset_000447,False,False,False,False,False,True,False,False,techcomm.kohler.com
21226IN-HP1,CAD Drawing,DXF,https://techcomm.kohler.com/techcomm/cad/21226infrt.dxf,https://www.kohler.co.in/p/600mm-edge-vessel-basin-without-faucet-hole-in-thunder-grey-21226in?skuId=21226IN-HP1,DXF,cad drawing,asset_000448,False,False,False,False,False,False,True,False,techcomm.kohler.com
21226IN-HP1,CAD Drawing,DWG,https://techcomm.kohler.com/techcomm/cad/21226inpln.dwg,https://www.kohler.co.in/p/600mm-edge-vessel-basin-without-faucet-hole-in-thunder-grey-21226in?skuId=21226IN-HP1,DWG,cad drawing,asset_000449,False,False,False,False,False,True,False,False,techcomm.kohler.com
21226IN-HP1,CAD Drawing,DXF,https://techcomm.kohler.com/techcomm/cad/21226inpln.dxf,https://www.kohler.co.in/p/600mm-edge-vessel-basin-without-faucet-hole-in-thunder-grey-21226in?skuId=21226IN-HP1,DXF,cad drawing,asset_000450,False,False,False,False,False,False,True,False,techcomm.kohler.com
21226IN-HP1,CAD Drawing,DWG,https://techcomm.kohler.com/techcomm/cad/21226insde.dwg,https://www.kohler.co.in/p/600mm-edge-vessel-basin-without-faucet-hole-in-thunder-grey-21226in?skuId=21226IN-HP1,DWG,cad drawing,asset_000451,False,False,False,False,False,True,False,False,techcomm.kohler.com
21226IN-HP1,CAD Drawing,DXF,https://techcomm.kohler.com/techcomm/cad/21226insde.dxf,https://www.kohler.co.in/p/600mm-edge-vessel-basin-without-faucet-hole-in-thunder-grey-21226in?skuId=21226IN-HP1,DXF,cad drawing,asset_000452,False,False,False,False,False,False,True,False,techcomm.kohler.com
21748IN-HB1,3D Model,3DS,https://techcomm.kohler.com/techcomm/cad/21748IN.3ds,https://www.kohler.co.in/p/brazn-wall-hung-round-front-toilet-bowl-with-skirted-trapway-21748in?skuId=21748IN-HB1,3DS,3d model,asset_000453,True,False,False,True,False,False,False,False,techcomm.kohler.com
21748IN-HB1,CAD Drawing,DWG,https://techcomm.kohler.com/techcomm/cad/21748IN.dwg,https://www.kohler.co.in/p/brazn-wall-hung-round-front-toilet-bowl-with-skirted-trapway-21748in?skuId=21748IN-HB1,DWG,cad drawing,asset_000454,False,False,False,False,False,True,False,False,techcomm.kohler.com
21748IN-HB1,CAD Drawing,DXF,https://techcomm.kohler.com/techcomm/cad/21748IN.dxf,https://www.kohler.co.in/p/brazn-wall-hung-round-front-toilet-bowl-with-skirted-trapway-21748in?skuId=21748IN-HB1,DXF,cad drawing,asset_000455,False,False,False,False,False,False,True,False,techcomm.kohler.com
21748IN-HB1,3D Model,OBJ,https://techcomm.kohler.com/techcomm/cad/21748IN.obj,https://www.kohler.co.in/p/brazn-wall-hung-round-front-toilet-bowl-with-skirted-trapway-21748in?skuId=21748IN-HB1,OBJ,3d model,asset_000456,True,True,False,False,False,False,False,False,techcomm.kohler.com
21748IN-HB1,3D Model,SKP,https://techcomm.kohler.com/techcomm/cad/21748IN.skp,https://www.kohler.co.in/p/brazn-wall-hung-round-front-toilet-bowl-with-skirted-trapway-21748in?skuId=21748IN-HB1,SKP,3d model,asset_000457,True,False,True,False,False,False,False,False,techcomm.kohler.com
21748IN-HB1,CAD Drawing,DWG,https://techcomm.kohler.com/techcomm/cad/21748infrt.dwg,https://www.kohler.co.in/p/brazn-wall-hung-round-front-toilet-bowl-with-skirted-trapway-21748in?skuId=21748IN-HB1,DWG,cad drawing,asset_000458,False,False,False,False,False,True,False,False,techcomm.kohler.com
21748IN-HB1,CAD Drawing,DXF,https://techcomm.kohler.com/techcomm/cad/21748infrt.dxf,https://www.kohler.co.in/p/brazn-wall-hung-round-front-toilet-bowl-with-skirted-trapway-21748in?skuId=21748IN-HB1,DXF,cad drawing,asset_000459,False,False,False,False,False,False,True,False,techcomm.kohler.com
21748IN-HB1,CAD Drawing,DWG,https://techcomm.kohler.com/techcomm/cad/21748inpln.dwg,https://www.kohler.co.in/p/brazn-wall-hung-round-front-toilet-bowl-with-skirted-trapway-21748in?skuId=21748IN-HB1,DWG,cad drawing,asset_000460,False,False,False,False,False,True,False,False,techcomm.kohler.com
21748IN-HB1,CAD Drawing,DXF,https://techcomm.kohler.com/techcomm/cad/21748inpln.dxf,https://www.kohler.co.in/p/brazn-wall-hung-round-front-toilet-bowl-with-skirted-trapway-21748in?skuId=21748IN-HB1,DXF,cad drawing,asset_000461,False,False,False,False,False,False,True,False,techcomm.kohler.com
21748IN-HB1,CAD Drawing,DWG,https://techcomm.kohler.com/techcomm/cad/21748insde.dwg,https://www.kohler.co.in/p/brazn-wall-hung-round-front-toilet-bowl-with-skirted-trapway-21748in?skuId=21748IN-HB1,DWG,cad drawing,asset_000462,False,False,False,False,False,True,False,False,techcomm.kohler.com
21748IN-HB1,CAD Drawing,DXF,https://techcomm.kohler.com/techcomm/cad/21748insde.dxf,https://www.kohler.co.in/p/brazn-wall-hung-round-front-toilet-bowl-with-skirted-trapway-21748in?skuId=21748IN-HB1,DXF,cad drawing,asset_000463,False,False,False,False,False,False,True,False,techcomm.kohler.com
21969IN-4ND-BV,3D Model,3DS,https://techcomm.kohler.com/techcomm/cad/21969IN-4ND.3ds,https://www.kohler.co.in/p/aleo-wall-mount-bathroom-sink-faucet-with-lever-handle-40-9-lpm-21969in-4nd?skuId=21969IN-4ND-BV,3DS,3d model,asset_000464,True,False,False,True,False,False,False,False,techcomm.kohler.com
21969IN-4ND-BV,CAD Drawing,DWG,https://techcomm.kohler.com/techcomm/cad/21969IN-4ND.dwg,https://www.kohler.co.in/p/aleo-wall-mount-bathroom-sink-faucet-with-lever-handle-40-9-lpm-21969in-4nd?skuId=21969IN-4ND-BV,DWG,cad drawing,asset_000465,False,False,False,False,False,True,False,False,techcomm.kohler.com
21969IN-4ND-BV,CAD Drawing,DXF,https://techcomm.kohler.com/techcomm/cad/21969IN-4ND.dxf,https://www.kohler.co.in/p/aleo-wall-mount-bathroom-sink-faucet-with-lever-handle-40-9-lpm-21969in-4nd?skuId=21969IN-4ND-BV,DXF,cad drawing,asset_000466,False,False,False,False,False,False,True,False,techcomm.kohler.com
21969IN-4ND-BV,3D Model,OBJ,https://techcomm.kohler.com/techcomm/cad/21969IN-4ND.obj,https://www.kohler.co.in/p/aleo-wall-mount-bathroom-sink-faucet-with-lever-handle-40-9-lpm-21969in-4nd?skuId=21969IN-4ND-BV,OBJ,3d model,asset_000467,True,True,False,False,False,False,False,False,techcomm.kohler.com
21969IN-4ND-BV,3D Model,SKP,https://techcomm.kohler.com/techcomm/cad/21969IN-4ND.skp,https://www.kohler.co.in/p/aleo-wall-mount-bathroom-sink-faucet-with-lever-handle-40-9-lpm-21969in-4nd?skuId=21969IN-4ND-BV,SKP,3d model,asset_000468,True,False,True,False,False,False,False,False,techcomm.kohler.com
21969IN-4ND-BV,CAD Drawing,DWG,https://techcomm.kohler.com/techcomm/cad/21969in_4ndfrt.dwg,https://www.kohler.co.in/p/aleo-wall-mount-bathroom-sink-faucet-with-lever-handle-40-9-lpm-21969in-4nd?skuId=21969IN-4ND-BV,DWG,cad drawing,asset_000469,False,False,False,False,False,True,False,False,techcomm.kohler.com
21969IN-4ND-BV,CAD Drawing,DXF,https://techcomm.kohler.com/techcomm/cad/21969in_4ndfrt.dxf,https://www.kohler.co.in/p/aleo-wall-mount-bathroom-sink-faucet-with-lever-handle-40-9-lpm-21969in-4nd?skuId=21969IN-4ND-BV,DXF,cad drawing,asset_000470,False,False,False,False,False,False,True,False,techcomm.kohler.com
21969IN-4ND-BV,CAD Drawing,DWG,https://techcomm.kohler.com/techcomm/cad/21969in_4ndpln.dwg,https://www.kohler.co.in/p/aleo-wall-mount-bathroom-sink-faucet-with-lever-handle-40-9-lpm-21969in-4nd?skuId=21969IN-4ND-BV,DWG,cad drawing,asset_000471,False,False,False,False,False,True,False,False,techcomm.kohler.com
21969IN-4ND-BV,CAD Drawing,DXF,https://techcomm.kohler.com/techcomm/cad/21969in_4ndpln.dxf,https://www.kohler.co.in/p/aleo-wall-mount-bathroom-sink-faucet-with-lever-handle-40-9-lpm-21969in-4nd?skuId=21969IN-4ND-BV,DXF,cad drawing,asset_000472,False,False,False,False,False,False,True,False,techcomm.kohler.com
21969IN-4ND-BV,CAD Drawing,DWG,https://techcomm.kohler.com/techcomm/cad/21969in_4ndsde.dwg,https://www.kohler.co.in/p/aleo-wall-mount-bathroom-sink-faucet-with-lever-handle-40-9-lpm-21969in-4nd?skuId=21969IN-4ND-BV,DWG,cad drawing,asset_000473,False,False,False,False,False,True,False,False,techcomm.kohler.com
21969IN-4ND-BV,CAD Drawing,DXF,https://techcomm.kohler.com/techcomm/cad/21969in_4ndsde.dxf,https://www.kohler.co.in/p/aleo-wall-mount-bathroom-sink-faucet-with-lever-handle-40-9-lpm-21969in-4nd?skuId=21969IN-4ND-BV,DXF,cad drawing,asset_000474,False,False,False,False,False,False,True,False,techcomm.kohler.com
2200IN-0,3D Model,3DS,https://techcomm.kohler.com/techcomm/cad/2200IN.3ds,https://www.kohler.co.in/p/conical-bell-413-mm-round-vessel-bathroom-sink-with-glazed-underside-no-overflow-2200in?skuId=2200IN-0,3DS,3d model,asset_000475,True,False,False,True,False,False,False,False,techcomm.kohler.com
2200IN-0,CAD Drawing,DWG,https://techcomm.kohler.com/techcomm/cad/2200IN.dwg,https://www.kohler.co.in/p/conical-bell-413-mm-round-vessel-bathroom-sink-with-glazed-underside-no-overflow-2200in?skuId=2200IN-0,DWG,cad drawing,asset_000476,False,False,False,False,False,True,False,False,techcomm.kohler.com
2200IN-0,CAD Drawing,DXF,https://techcomm.kohler.com/techcomm/cad/2200IN.dxf,https://www.kohler.co.in/p/conical-bell-413-mm-round-vessel-bathroom-sink-with-glazed-underside-no-overflow-2200in?skuId=2200IN-0,DXF,cad drawing,asset_000477,False,False,False,False,False,False,True,False,techcomm.kohler.com
2200IN-0,3D Model,OBJ,https://techcomm.kohler.com/techcomm/cad/2200IN.obj,https://www.kohler.co.in/p/conical-bell-413-mm-round-vessel-bathroom-sink-with-glazed-underside-no-overflow-2200in?skuId=2200IN-0,OBJ,3d model,asset_000478,True,True,False,False,False,False,False,False,techcomm.kohler.com
2200IN-0,3D Model,SKP,https://techcomm.kohler.com/techcomm/cad/2200IN.skp,https://www.kohler.co.in/p/conical-bell-413-mm-round-vessel-bathroom-sink-with-glazed-underside-no-overflow-2200in?skuId=2200IN-0,SKP,3d model,asset_000479,True,False,True,False,False,False,False,False,techcomm.kohler.com
2200IN-0,CAD Drawing,DWG,https://techcomm.kohler.com/techcomm/cad/2200infrt.dwg,https://www.kohler.co.in/p/conical-bell-413-mm-round-vessel-bathroom-sink-with-glazed-underside-no-overflow-2200in?skuId=2200IN-0,DWG,cad drawing,asset_000480,False,False,False,False,False,True,False,False,techcomm.kohler.com
2200IN-0,CAD Drawing,DXF,https://techcomm.kohler.com/techcomm/cad/2200infrt.dxf,https://www.kohler.co.in/p/conical-bell-413-mm-round-vessel-bathroom-sink-with-glazed-underside-no-overflow-2200in?skuId=2200IN-0,DXF,cad drawing,asset_000481,False,False,False,False,False,False,True,False,techcomm.kohler.com
2200IN-0,CAD Drawing,DWG,https://techcomm.kohler.com/techcomm/cad/2200inpln.dwg,https://www.kohler.co.in/p/conical-bell-413-mm-round-vessel-bathroom-sink-with-glazed-underside-no-overflow-2200in?skuId=2200IN-0,DWG,cad drawing,asset_000482,False,False,False,False,False,True,False,False,techcomm.kohler.com
2200IN-0,CAD Drawing,DXF,https://techcomm.kohler.com/techcomm/cad/2200inpln.dxf,https://www.kohler.co.in/p/conical-bell-413-mm-round-vessel-bathroom-sink-with-glazed-underside-no-overflow-2200in?skuId=2200IN-0,DXF,cad drawing,asset_000483,False,False,False,False,False,False,True,False,techcomm.kohler.com
2200IN-0,CAD Drawing,DWG,https://techcomm.kohler.com/techcomm/cad/2200insde.dwg,https://www.kohler.co.in/p/conical-bell-413-mm-round-vessel-bathroom-sink-with-glazed-underside-no-overflow-2200in?skuId=2200IN-0,DWG,cad drawing,asset_000484,False,False,False,False,False,True,False,False,techcomm.kohler.com
2200IN-0,CAD Drawing,DXF,https://techcomm.kohler.com/techcomm/cad/2200insde.dxf,https://www.kohler.co.in/p/conical-bell-413-mm-round-vessel-bathroom-sink-with-glazed-underside-no-overflow-2200in?skuId=2200IN-0,DXF,cad drawing,asset_000485,False,False,False,False,False,False,True,False,techcomm.kohler.com
2210IN-0,3D Model,3DS,https://techcomm.kohler.com/techcomm/cad/2210IN.3ds,https://www.kohler.co.in/p/caxton-small-undercounter-lavatory-2210in?skuId=2210IN-0,3DS,3d model,asset_000486,True,False,False,True,False,False,False,False,techcomm.kohler.com
2210IN-0,CAD Drawing,DWG,https://techcomm.kohler.com/techcomm/cad/2210IN.dwg,https://www.kohler.co.in/p/caxton-small-undercounter-lavatory-2210in?skuId=2210IN-0,DWG,cad drawing,asset_000487,False,False,False,False,False,True,False,False,techcomm.kohler.com
2210IN-0,CAD Drawing,DXF,https://techcomm.kohler.com/techcomm/cad/2210IN.dxf,https://www.kohler.co.in/p/caxton-small-undercounter-lavatory-2210in?skuId=2210IN-0,DXF,cad drawing,asset_000488,False,False,False,False,False,False,True,False,techcomm.kohler.com
2210IN-0,3D Model,OBJ,https://techcomm.kohler.com/techcomm/cad/2210IN.obj,https://www.kohler.co.in/p/caxton-small-undercounter-lavatory-2210in?skuId=2210IN-0,OBJ,3d model,asset_000489,True,True,False,False,False,False,False,False,techcomm.kohler.com
2210IN-0,3D Model,SKP,https://techcomm.kohler.com/techcomm/cad/2210IN.skp,https://www.kohler.co.in/p/caxton-small-undercounter-lavatory-2210in?skuId=2210IN-0,SKP,3d model,asset_000490,True,False,True,False,False,False,False,False,techcomm.kohler.com
2210IN-0,CAD Drawing,DWG,https://techcomm.kohler.com/techcomm/cad/2210infrt.dwg,https://www.kohler.co.in/p/caxton-small-undercounter-lavatory-2210in?skuId=2210IN-0,DWG,cad drawing,asset_000491,False,False,False,False,False,True,False,False,techcomm.kohler.com
2210IN-0,CAD Drawing,DXF,https://techcomm.kohler.com/techcomm/cad/2210infrt.dxf,https://www.kohler.co.in/p/caxton-small-undercounter-lavatory-2210in?skuId=2210IN-0,DXF,cad drawing,asset_000492,False,False,False,False,False,False,True,False,techcomm.kohler.com
2210IN-0,CAD Drawing,DWG,https://techcomm.kohler.com/techcomm/cad/2210inpln.dwg,https://www.kohler.co.in/p/caxton-small-undercounter-lavatory-2210in?skuId=2210IN-0,DWG,cad drawing,asset_000493,False,False,False,False,False,True,False,False,techcomm.kohler.com
2210IN-0,CAD Drawing,DXF,https://techcomm.kohler.com/techcomm/cad/2210inpln.dxf,https://www.kohler.co.in/p/caxton-small-undercounter-lavatory-2210in?skuId=2210IN-0,DXF,cad drawing,asset_000494,False,False,False,False,False,False,True,False,techcomm.kohler.com
2210IN-0,CAD Drawing,DWG,https://techcomm.kohler.com/techcomm/cad/2210insde.dwg,https://www.kohler.co.in/p/caxton-small-undercounter-lavatory-2210in?skuId=2210IN-0,DWG,cad drawing,asset_000495,False,False,False,False,False,True,False,False,techcomm.kohler.com
2210IN-0,CAD Drawing,DXF,https://techcomm.kohler.com/techcomm/cad/2210insde.dxf,https://www.kohler.co.in/p/caxton-small-undercounter-lavatory-2210in?skuId=2210IN-0,DXF,cad drawing,asset_000496,False,False,False,False,False,False,True,False,techcomm.kohler.com
2211IN-0,3D Model,3DS,https://techcomm.kohler.com/techcomm/cad/2211IN.3ds,https://www.kohler.co.in/p/caxton-big-undercounter-lavatory-2211in?skuId=2211IN-0,3DS,3d model,asset_000497,True,False,False,True,False,False,False,False,techcomm.kohler.com
2211IN-0,CAD Drawing,DWG,https://techcomm.kohler.com/techcomm/cad/2211IN.dwg,https://www.kohler.co.in/p/caxton-big-undercounter-lavatory-2211in?skuId=2211IN-0,DWG,cad drawing,asset_000498,False,False,False,False,False,True,False,False,techcomm.kohler.com
2211IN-0,CAD Drawing,DXF,https://techcomm.kohler.com/techcomm/cad/2211IN.dxf,https://www.kohler.co.in/p/caxton-big-undercounter-lavatory-2211in?skuId=2211IN-0,DXF,cad drawing,asset_000499,False,False,False,False,False,False,True,False,techcomm.kohler.com
2211IN-0,3D Model,OBJ,https://techcomm.kohler.com/techcomm/cad/2211IN.obj,https://www.kohler.co.in/p/caxton-big-undercounter-lavatory-2211in?skuId=2211IN-0,OBJ,3d model,asset_000500,True,True,False,False,False,False,False,False,techcomm.kohler.com
2211IN-0,3D Model,SKP,https://techcomm.kohler.com/techcomm/cad/2211IN.skp,https://www.kohler.co.in/p/caxton-big-undercounter-lavatory-2211in?skuId=2211IN-0,SKP,3d model,asset_000501,True,False,True,False,False,False,False,False,techcomm.kohler.com
2211IN-0,CAD Drawing,DWG,https://techcomm.kohler.com/techcomm/cad/2211infrt.dwg,https://www.kohler.co.in/p/caxton-big-undercounter-lavatory-2211in?skuId=2211IN-0,DWG,cad drawing,asset_000502,False,False,False,False,False,True,False,False,techcomm.kohler.com
2211IN-0,CAD Drawing,DXF,https://techcomm.kohler.com/techcomm/cad/2211infrt.dxf,https://www.kohler.co.in/p/caxton-big-undercounter-lavatory-2211in?skuId=2211IN-0,DXF,cad drawing,asset_000503,False,False,False,False,False,False,True,False,techcomm.kohler.com
2211IN-0,CAD Drawing,DWG,https://techcomm.kohler.com/techcomm/cad/2211inpln.dwg,https://www.kohler.co.in/p/caxton-big-undercounter-lavatory-2211in?skuId=2211IN-0,DWG,cad drawing,asset_000504,False,False,False,False,False,True,False,False,techcomm.kohler.com
2211IN-0,CAD Drawing,DXF,https://techcomm.kohler.com/techcomm/cad/2211inpln.dxf,https://www.kohler.co.in/p/caxton-big-undercounter-lavatory-2211in?skuId=2211IN-0,DXF,cad drawing,asset_000505,False,False,False,False,False,False,True,False,techcomm.kohler.com
2211IN-0,CAD Drawing,DWG,https://techcomm.kohler.com/techcomm/cad/2211insde.dwg,https://www.kohler.co.in/p/caxton-big-undercounter-lavatory-2211in?skuId=2211IN-0,DWG,cad drawing,asset_000506,False,False,False,False,False,True,False,False,techcomm.kohler.com
2211IN-0,CAD Drawing,DXF,https://techcomm.kohler.com/techcomm/cad/2211insde.dxf,https://www.kohler.co.in/p/caxton-big-undercounter-lavatory-2211in?skuId=2211IN-0,DXF,cad drawing,asset_000507,False,False,False,False,False,False,True,False,techcomm.kohler.com
2214IN-0,3D Model,3DS,https://techcomm.kohler.com/techcomm/cad/2214IN.3ds,https://www.kohler.co.in/p/ladena-529-mm-rectangular-undercounter-bathroom-sink-with-glazed-underside-2214in?skuId=2214IN-0,3DS,3d model,asset_000508,True,False,False,True,False,False,False,False,techcomm.kohler.com
2214IN-0,CAD Drawing,DWG,https://techcomm.kohler.com/techcomm/cad/2214IN.dwg,https://www.kohler.co.in/p/ladena-529-mm-rectangular-undercounter-bathroom-sink-with-glazed-underside-2214in?skuId=2214IN-0,DWG,cad drawing,asset_000509,False,False,False,False,False,True,False,False,techcomm.kohler.com
2214IN-0,CAD Drawing,DXF,https://techcomm.kohler.com/techcomm/cad/2214IN.dxf,https://www.kohler.co.in/p/ladena-529-mm-rectangular-undercounter-bathroom-sink-with-glazed-underside-2214in?skuId=2214IN-0,DXF,cad drawing,asset_000510,False,False,False,False,False,False,True,False,techcomm.kohler.com
2214IN-0,3D Model,OBJ,https://techcomm.kohler.com/techcomm/cad/2214IN.obj,https://www.kohler.co.in/p/ladena-529-mm-rectangular-undercounter-bathroom-sink-with-glazed-underside-2214in?skuId=2214IN-0,OBJ,3d model,asset_000511,True,True,False,False,False,False,False,False,techcomm.kohler.com
2214IN-0,3D Model,SKP,https://techcomm.kohler.com/techcomm/cad/2214IN.skp,https://www.kohler.co.in/p/ladena-529-mm-rectangular-undercounter-bathroom-sink-with-glazed-underside-2214in?skuId=2214IN-0,SKP,3d model,asset_000512,True,False,True,False,False,False,False,False,techcomm.kohler.com
2214IN-0,CAD Drawing,DWG,https://techcomm.kohler.com/techcomm/cad/2214infrt.dwg,https://www.kohler.co.in/p/ladena-529-mm-rectangular-undercounter-bathroom-sink-with-glazed-underside-2214in?skuId=2214IN-0,DWG,cad drawing,asset_000513,False,False,False,False,False,True,False,False,techcomm.kohler.com
2214IN-0,CAD Drawing,DXF,https://techcomm.kohler.com/techcomm/cad/2214infrt.dxf,https://www.kohler.co.in/p/ladena-529-mm-rectangular-undercounter-bathroom-sink-with-glazed-underside-2214in?skuId=2214IN-0,DXF,cad drawing,asset_000514,False,False,False,False,False,False,True,False,techcomm.kohler.com
2214IN-0,CAD Drawing,DWG,https://techcomm.kohler.com/techcomm/cad/2214inpln.dwg,https://www.kohler.co.in/p/ladena-529-mm-rectangular-undercounter-bathroom-sink-with-glazed-underside-2214in?skuId=2214IN-0,DWG,cad drawing,asset_000515,False,False,False,False,False,True,False,False,techcomm.kohler.com
2214IN-0,CAD Drawing,DXF,https://techcomm.kohler.com/techcomm/cad/2214inpln.dxf,https://www.kohler.co.in/p/ladena-529-mm-rectangular-undercounter-bathroom-sink-with-glazed-underside-2214in?skuId=2214IN-0,DXF,cad drawing,asset_000516,False,False,False,False,False,False,True,False,techcomm.kohler.com
2214IN-0,CAD Drawing,DWG,https://techcomm.kohler.com/techcomm/cad/2214insde.dwg,https://www.kohler.co.in/p/ladena-529-mm-rectangular-undercounter-bathroom-sink-with-glazed-underside-2214in?skuId=2214IN-0,DWG,cad drawing,asset_000517,False,False,False,False,False,True,False,False,techcomm.kohler.com
2214IN-0,CAD Drawing,DXF,https://techcomm.kohler.com/techcomm/cad/2214insde.dxf,https://www.kohler.co.in/p/ladena-529-mm-rectangular-undercounter-bathroom-sink-with-glazed-underside-2214in?skuId=2214IN-0,DXF,cad drawing,asset_000518,False,False,False,False,False,False,True,False,techcomm.kohler.com
2215IN-2-0,3D Model,3DS,https://techcomm.kohler.com/techcomm/cad/2215IN-2.3ds,https://www.kohler.co.in/p/ladena-581mm-x-402mm-undercounter-basin-in-white-2215in-2?skuId=2215IN-2-0,3DS,3d model,asset_000519,True,False,False,True,False,False,False,False,techcomm.kohler.com
2215IN-2-0,CAD Drawing,DWG,https://techcomm.kohler.com/techcomm/cad/2215IN-2.dwg,https://www.kohler.co.in/p/ladena-581mm-x-402mm-undercounter-basin-in-white-2215in-2?skuId=2215IN-2-0,DWG,cad drawing,asset_000520,False,False,False,False,False,True,False,False,techcomm.kohler.com
2215IN-2-0,CAD Drawing,DXF,https://techcomm.kohler.com/techcomm/cad/2215IN-2.dxf,https://www.kohler.co.in/p/ladena-581mm-x-402mm-undercounter-basin-in-white-2215in-2?skuId=2215IN-2-0,DXF,cad drawing,asset_000521,False,False,False,False,False,False,True,False,techcomm.kohler.com
2215IN-2-0,3D Model,OBJ,https://techcomm.kohler.com/techcomm/cad/2215IN-2.obj,https://www.kohler.co.in/p/ladena-581mm-x-402mm-undercounter-basin-in-white-2215in-2?skuId=2215IN-2-0,OBJ,3d model,asset_000522,True,True,False,False,False,False,False,False,techcomm.kohler.com
2215IN-2-0,3D Model,SKP,https://techcomm.kohler.com/techcomm/cad/2215IN-2.skp,https://www.kohler.co.in/p/ladena-581mm-x-402mm-undercounter-basin-in-white-2215in-2?skuId=2215IN-2-0,SKP,3d model,asset_000523,True,False,True,False,False,False,False,False,techcomm.kohler.com
22166-CP,3D Model,3DS,https://techcomm.kohler.com/techcomm/cad/22166.3ds,https://www.kohler.co.in/p/purist-2-5-gpm-multifunction-handshower-with-katalyst-air-induction-technology-22166?skuId=22166-CP,3DS,3d model,asset_000524,True,False,False,True,False,False,False,False,techcomm.kohler.com
22166-CP,CAD Drawing,DWG,https://techcomm.kohler.com/techcomm/cad/22166.dwg,https://www.kohler.co.in/p/purist-2-5-gpm-multifunction-handshower-with-katalyst-air-induction-technology-22166?skuId=22166-CP,DWG,cad drawing,asset_000525,False,False,False,False,False,True,False,False,techcomm.kohler.com
22166-CP,CAD Drawing,DXF,https://techcomm.kohler.com/techcomm/cad/22166.dxf,https://www.kohler.co.in/p/purist-2-5-gpm-multifunction-handshower-with-katalyst-air-induction-technology-22166?skuId=22166-CP,DXF,cad drawing,asset_000526,False,False,False,False,False,False,True,False,techcomm.kohler.com
22166-CP,3D Model,OBJ,https://techcomm.kohler.com/techcomm/cad/22166.obj,https://www.kohler.co.in/p/purist-2-5-gpm-multifunction-handshower-with-katalyst-air-induction-technology-22166?skuId=22166-CP,OBJ,3d model,asset_000527,True,True,False,False,False,False,False,False,techcomm.kohler.com
22166-CP,3D Model,SKP,https://techcomm.kohler.com/techcomm/cad/22166.skp,https://www.kohler.co.in/p/purist-2-5-gpm-multifunction-handshower-with-katalyst-air-induction-technology-22166?skuId=22166-CP,SKP,3d model,asset_000528,True,False,True,False,False,False,False,False,techcomm.kohler.com
22166-CP,CAD Drawing,DWG,https://techcomm.kohler.com/techcomm/cad/22166frt.dwg,https://www.kohler.co.in/p/purist-2-5-gpm-multifunction-handshower-with-katalyst-air-induction-technology-22166?skuId=22166-CP,DWG,cad drawing,asset_000529,False,False,False,False,False,True,False,False,techcomm.kohler.com
22166-CP,CAD Drawing,DXF,https://techcomm.kohler.com/techcomm/cad/22166frt.dxf,https://www.kohler.co.in/p/purist-2-5-gpm-multifunction-handshower-with-katalyst-air-induction-technology-22166?skuId=22166-CP,DXF,cad drawing,asset_000530,False,False,False,False,False,False,True,False,techcomm.kohler.com
22166-CP,CAD Drawing,DWG,https://techcomm.kohler.com/techcomm/cad/22166pln.dwg,https://www.kohler.co.in/p/purist-2-5-gpm-multifunction-handshower-with-katalyst-air-induction-technology-22166?skuId=22166-CP,DWG,cad drawing,asset_000531,False,False,False,False,False,True,False,False,techcomm.kohler.com
22166-CP,CAD Drawing,DXF,https://techcomm.kohler.com/techcomm/cad/22166pln.dxf,https://www.kohler.co.in/p/purist-2-5-gpm-multifunction-handshower-with-katalyst-air-induction-technology-22166?skuId=22166-CP,DXF,cad drawing,asset_000532,False,False,False,False,False,False,True,False,techcomm.kohler.com
22166-CP,CAD Drawing,DWG,https://techcomm.kohler.com/techcomm/cad/22166sde.dwg,https://www.kohler.co.in/p/purist-2-5-gpm-multifunction-handshower-with-katalyst-air-induction-technology-22166?skuId=22166-CP,DWG,cad drawing,asset_000533,False,False,False,False,False,True,False,False,techcomm.kohler.com
22166-CP,CAD Drawing,DXF,https://techcomm.kohler.com/techcomm/cad/22166sde.dxf,https://www.kohler.co.in/p/purist-2-5-gpm-multifunction-handshower-with-katalyst-air-induction-technology-22166?skuId=22166-CP,DXF,cad drawing,asset_000534,False,False,False,False,False,False,True,False,techcomm.kohler.com
22534IN-4-CP,3D Model,3DS,https://techcomm.kohler.com/techcomm/cad/22534IN-4.3ds,https://www.kohler.co.in/p/hone-single-control-lav-faucet-with-drain-22534in-4?skuId=22534IN-4-CP,3DS,3d model,asset_000535,True,False,False,True,False,False,False,False,techcomm.kohler.com
22534IN-4-CP,CAD Drawing,DWG,https://techcomm.kohler.com/techcomm/cad/22534IN-4.dwg,https://www.kohler.co.in/p/hone-single-control-lav-faucet-with-drain-22534in-4?skuId=22534IN-4-CP,DWG,cad drawing,asset_000536,False,False,False,False,False,True,False,False,techcomm.kohler.com
22534IN-4-CP,CAD Drawing,DXF,https://techcomm.kohler.com/techcomm/cad/22534IN-4.dxf,https://www.kohler.co.in/p/hone-single-control-lav-faucet-with-drain-22534in-4?skuId=22534IN-4-CP,DXF,cad drawing,asset_000537,False,False,False,False,False,False,True,False,techcomm.kohler.com
22534IN-4-CP,3D Model,OBJ,https://techcomm.kohler.com/techcomm/cad/22534IN-4.obj,https://www.kohler.co.in/p/hone-single-control-lav-faucet-with-drain-22534in-4?skuId=22534IN-4-CP,OBJ,3d model,asset_000538,True,True,False,False,False,False,False,False,techcomm.kohler.com
22534IN-4-CP,3D Model,SKP,https://techcomm.kohler.com/techcomm/cad/22534IN-4.skp,https://www.kohler.co.in/p/hone-single-control-lav-faucet-with-drain-22534in-4?skuId=22534IN-4-CP,SKP,3d model,asset_000539,True,False,True,False,False,False,False,False,techcomm.kohler.com
22534IN-4-CP,CAD Drawing,DWG,https://techcomm.kohler.com/techcomm/cad/22534in_4frt.dwg,https://www.kohler.co.in/p/hone-single-control-lav-faucet-with-drain-22534in-4?skuId=22534IN-4-CP,DWG,cad drawing,asset_000540,False,False,False,False,False,True,False,False,techcomm.kohler.com
22534IN-4-CP,CAD Drawing,DXF,https://techcomm.kohler.com/techcomm/cad/22534in_4frt.dxf,https://www.kohler.co.in/p/hone-single-control-lav-faucet-with-drain-22534in-4?skuId=22534IN-4-CP,DXF,cad drawing,asset_000541,False,False,False,False,False,False,True,False,techcomm.kohler.com
22534IN-4-CP,CAD Drawing,DWG,https://techcomm.kohler.com/techcomm/cad/22534in_4pln.dwg,https://www.kohler.co.in/p/hone-single-control-lav-faucet-with-drain-22534in-4?skuId=22534IN-4-CP,DWG,cad drawing,asset_000542,False,False,False,False,False,True,False,False,techcomm.kohler.com
22534IN-4-CP,CAD Drawing,DXF,https://techcomm.kohler.com/techcomm/cad/22534in_4pln.dxf,https://www.kohler.co.in/p/hone-single-control-lav-faucet-with-drain-22534in-4?skuId=22534IN-4-CP,DXF,cad drawing,asset_000543,False,False,False,False,False,False,True,False,techcomm.kohler.com
22534IN-4-CP,CAD Drawing,DWG,https://techcomm.kohler.com/techcomm/cad/22534in_4sde.dwg,https://www.kohler.co.in/p/hone-single-control-lav-faucet-with-drain-22534in-4?skuId=22534IN-4-CP,DWG,cad drawing,asset_000544,False,False,False,False,False,True,False,False,techcomm.kohler.com
22534IN-4-CP,CAD Drawing,DXF,https://techcomm.kohler.com/techcomm/cad/22534in_4sde.dxf,https://www.kohler.co.in/p/hone-single-control-lav-faucet-with-drain-22534in-4?skuId=22534IN-4-CP,DXF,cad drawing,asset_000545,False,False,False,False,False,False,True,False,techcomm.kohler.com
22645IN-CP,3D Model,3DS,https://techcomm.kohler.com/techcomm/cad/22645IN.3ds,https://www.kohler.co.in/p/parallel-square-127-mm-single-function-showerhead-9-0-lpm-22645in?skuId=22645IN-CP,3DS,3d model,asset_000546,True,False,False,True,False,False,False,False,techcomm.kohler.com
22645IN-CP,CAD Drawing,DWG,https://techcomm.kohler.com/techcomm/cad/22645IN.dwg,https://www.kohler.co.in/p/parallel-square-127-mm-single-function-showerhead-9-0-lpm-22645in?skuId=22645IN-CP,DWG,cad drawing,asset_000547,False,False,False,False,False,True,False,False,techcomm.kohler.com
22645IN-CP,CAD Drawing,DXF,https://techcomm.kohler.com/techcomm/cad/22645IN.dxf,https://www.kohler.co.in/p/parallel-square-127-mm-single-function-showerhead-9-0-lpm-22645in?skuId=22645IN-CP,DXF,cad drawing,asset_000548,False,False,False,False,False,False,True,False,techcomm.kohler.com
22645IN-CP,3D Model,OBJ,https://techcomm.kohler.com/techcomm/cad/22645IN.obj,https://www.kohler.co.in/p/parallel-square-127-mm-single-function-showerhead-9-0-lpm-22645in?skuId=22645IN-CP,OBJ,3d model,asset_000549,True,True,False,False,False,False,False,False,techcomm.kohler.com
22645IN-CP,3D Model,SKP,https://techcomm.kohler.com/techcomm/cad/22645IN.skp,https://www.kohler.co.in/p/parallel-square-127-mm-single-function-showerhead-9-0-lpm-22645in?skuId=22645IN-CP,SKP,3d model,asset_000550,True,False,True,False,False,False,False,False,techcomm.kohler.com
22645IN-CP,CAD Drawing,DWG,https://techcomm.kohler.com/techcomm/cad/22645infrt.dwg,https://www.kohler.co.in/p/parallel-square-127-mm-single-function-showerhead-9-0-lpm-22645in?skuId=22645IN-CP,DWG,cad drawing,asset_000551,False,False,False,False,False,True,False,False,techcomm.kohler.com
22645IN-CP,CAD Drawing,DXF,https://techcomm.kohler.com/techcomm/cad/22645infrt.dxf,https://www.kohler.co.in/p/parallel-square-127-mm-single-function-showerhead-9-0-lpm-22645in?skuId=22645IN-CP,DXF,cad drawing,asset_000552,False,False,False,False,False,False,True,False,techcomm.kohler.com
22645IN-CP,CAD Drawing,DWG,https://techcomm.kohler.com/techcomm/cad/22645inpln.dwg,https://www.kohler.co.in/p/parallel-square-127-mm-single-function-showerhead-9-0-lpm-22645in?skuId=22645IN-CP,DWG,cad drawing,asset_000553,False,False,False,False,False,True,False,False,techcomm.kohler.com
22645IN-CP,CAD Drawing,DXF,https://techcomm.kohler.com/techcomm/cad/22645inpln.dxf,https://www.kohler.co.in/p/parallel-square-127-mm-single-function-showerhead-9-0-lpm-22645in?skuId=22645IN-CP,DXF,cad drawing,asset_000554,False,False,False,False,False,False,True,False,techcomm.kohler.com
22645IN-CP,CAD Drawing,DWG,https://techcomm.kohler.com/techcomm/cad/22645insde.dwg,https://www.kohler.co.in/p/parallel-square-127-mm-single-function-showerhead-9-0-lpm-22645in?skuId=22645IN-CP,DWG,cad drawing,asset_000555,False,False,False,False,False,True,False,False,techcomm.kohler.com
22645IN-CP,CAD Drawing,DXF,https://techcomm.kohler.com/techcomm/cad/22645insde.dxf,https://www.kohler.co.in/p/parallel-square-127-mm-single-function-showerhead-9-0-lpm-22645in?skuId=22645IN-CP,DXF,cad drawing,asset_000556,False,False,False,False,False,False,True,False,techcomm.kohler.com
23486IN-4ND-CP,3D Model,3DS,https://techcomm.kohler.com/techcomm/cad/23486IN-4ND.3ds,https://www.kohler.co.in/p/parallel-wall-mount-sc-lav-faucet-23486in-4nd?skuId=23486IN-4ND-CP,3DS,3d model,asset_000557,True,False,False,True,False,False,False,False,techcomm.kohler.com
23486IN-4ND-CP,CAD Drawing,DWG,https://techcomm.kohler.com/techcomm/cad/23486IN-4ND.dwg,https://www.kohler.co.in/p/parallel-wall-mount-sc-lav-faucet-23486in-4nd?skuId=23486IN-4ND-CP,DWG,cad drawing,asset_000558,False,False,False,False,False,True,False,False,techcomm.kohler.com
23486IN-4ND-CP,CAD Drawing,DXF,https://techcomm.kohler.com/techcomm/cad/23486IN-4ND.dxf,https://www.kohler.co.in/p/parallel-wall-mount-sc-lav-faucet-23486in-4nd?skuId=23486IN-4ND-CP,DXF,cad drawing,asset_000559,False,False,False,False,False,False,True,False,techcomm.kohler.com
23486IN-4ND-CP,3D Model,OBJ,https://techcomm.kohler.com/techcomm/cad/23486IN-4ND.obj,https://www.kohler.co.in/p/parallel-wall-mount-sc-lav-faucet-23486in-4nd?skuId=23486IN-4ND-CP,OBJ,3d model,asset_000560,True,True,False,False,False,False,False,False,techcomm.kohler.com
23486IN-4ND-CP,3D Model,SKP,https://techcomm.kohler.com/techcomm/cad/23486IN-4ND.skp,https://www.kohler.co.in/p/parallel-wall-mount-sc-lav-faucet-23486in-4nd?skuId=23486IN-4ND-CP,SKP,3d model,asset_000561,True,False,True,False,False,False,False,False,techcomm.kohler.com
23486IN-4ND-CP,CAD Drawing,DWG,https://techcomm.kohler.com/techcomm/cad/23486in_4ndfrt.dwg,https://www.kohler.co.in/p/parallel-wall-mount-sc-lav-faucet-23486in-4nd?skuId=23486IN-4ND-CP,DWG,cad drawing,asset_000562,False,False,False,False,False,True,False,False,techcomm.kohler.com
23486IN-4ND-CP,CAD Drawing,DXF,https://techcomm.kohler.com/techcomm/cad/23486in_4ndfrt.dxf,https://www.kohler.co.in/p/parallel-wall-mount-sc-lav-faucet-23486in-4nd?skuId=23486IN-4ND-CP,DXF,cad drawing,asset_000563,False,False,False,False,False,False,True,False,techcomm.kohler.com
23486IN-4ND-CP,CAD Drawing,DWG,https://techcomm.kohler.com/techcomm/cad/23486in_4ndpln.dwg,https://www.kohler.co.in/p/parallel-wall-mount-sc-lav-faucet-23486in-4nd?skuId=23486IN-4ND-CP,DWG,cad drawing,asset_000564,False,False,False,False,False,True,False,False,techcomm.kohler.com
23486IN-4ND-CP,CAD Drawing,DXF,https://techcomm.kohler.com/techcomm/cad/23486in_4ndpln.dxf,https://www.kohler.co.in/p/parallel-wall-mount-sc-lav-faucet-23486in-4nd?skuId=23486IN-4ND-CP,DXF,cad drawing,asset_000565,False,False,False,False,False,False,True,False,techcomm.kohler.com
23486IN-4ND-CP,CAD Drawing,DWG,https://techcomm.kohler.com/techcomm/cad/23486in_4ndsde.dwg,https://www.kohler.co.in/p/parallel-wall-mount-sc-lav-faucet-23486in-4nd?skuId=23486IN-4ND-CP,DWG,cad drawing,asset_000566,False,False,False,False,False,True,False,False,techcomm.kohler.com
23486IN-4ND-CP,CAD Drawing,DXF,https://techcomm.kohler.com/techcomm/cad/23486in_4ndsde.dxf,https://www.kohler.co.in/p/parallel-wall-mount-sc-lav-faucet-23486in-4nd?skuId=23486IN-4ND-CP,DXF,cad drawing,asset_000567,False,False,False,False,False,False,True,False,techcomm.kohler.com
2349IN-FDL-96,3D Model,3DS,https://techcomm.kohler.com/techcomm/cad/2349IN-FDL.3ds,https://www.kohler.co.in/p/quila-camber-undermount-bathroom-sink-2349in-fdl?skuId=2349IN-FDL-96,3DS,3d model,asset_000568,True,False,False,True,False,False,False,False,techcomm.kohler.com
2349IN-FDL-96,CAD Drawing,DWG,https://techcomm.kohler.com/techcomm/cad/2349IN-FDL.dwg,https://www.kohler.co.in/p/quila-camber-undermount-bathroom-sink-2349in-fdl?skuId=2349IN-FDL-96,DWG,cad drawing,asset_000569,False,False,False,False,False,True,False,False,techcomm.kohler.com
2349IN-FDL-96,CAD Drawing,DXF,https://techcomm.kohler.com/techcomm/cad/2349IN-FDL.dxf,https://www.kohler.co.in/p/quila-camber-undermount-bathroom-sink-2349in-fdl?skuId=2349IN-FDL-96,DXF,cad drawing,asset_000570,False,False,False,False,False,False,True,False,techcomm.kohler.com
2349IN-FDL-96,3D Model,OBJ,https://techcomm.kohler.com/techcomm/cad/2349IN-FDL.obj,https://www.kohler.co.in/p/quila-camber-undermount-bathroom-sink-2349in-fdl?skuId=2349IN-FDL-96,OBJ,3d model,asset_000571,True,True,False,False,False,False,False,False,techcomm.kohler.com
2349IN-FDL-96,3D Model,SKP,https://techcomm.kohler.com/techcomm/cad/2349IN-FDL.skp,https://www.kohler.co.in/p/quila-camber-undermount-bathroom-sink-2349in-fdl?skuId=2349IN-FDL-96,SKP,3d model,asset_000572,True,False,True,False,False,False,False,False,techcomm.kohler.com
2349IN-FDL-96,CAD Drawing,DWG,https://techcomm.kohler.com/techcomm/cad/2349in_fdlfrt.dwg,https://www.kohler.co.in/p/quila-camber-undermount-bathroom-sink-2349in-fdl?skuId=2349IN-FDL-96,DWG,cad drawing,asset_000573,False,False,False,False,False,True,False,False,techcomm.kohler.com
2349IN-FDL-96,CAD Drawing,DXF,https://techcomm.kohler.com/techcomm/cad/2349in_fdlfrt.dxf,https://www.kohler.co.in/p/quila-camber-undermount-bathroom-sink-2349in-fdl?skuId=2349IN-FDL-96,DXF,cad drawing,asset_000574,False,False,False,False,False,False,True,False,techcomm.kohler.com
2349IN-FDL-96,CAD Drawing,DWG,https://techcomm.kohler.com/techcomm/cad/2349in_fdlpln.dwg,https://www.kohler.co.in/p/quila-camber-undermount-bathroom-sink-2349in-fdl?skuId=2349IN-FDL-96,DWG,cad drawing,asset_000575,False,False,False,False,False,True,False,False,techcomm.kohler.com
2349IN-FDL-96,CAD Drawing,DXF,https://techcomm.kohler.com/techcomm/cad/2349in_fdlpln.dxf,https://www.kohler.co.in/p/quila-camber-undermount-bathroom-sink-2349in-fdl?skuId=2349IN-FDL-96,DXF,cad drawing,asset_000576,False,False,False,False,False,False,True,False,techcomm.kohler.com
2349IN-FDL-96,CAD Drawing,DWG,https://techcomm.kohler.com/techcomm/cad/2349in_fdlsde.dwg,https://www.kohler.co.in/p/quila-camber-undermount-bathroom-sink-2349in-fdl?skuId=2349IN-FDL-96,DWG,cad drawing,asset_000577,False,False,False,False,False,True,False,False,techcomm.kohler.com
2349IN-FDL-96,CAD Drawing,DXF,https://techcomm.kohler.com/techcomm/cad/2349in_fdlsde.dxf,https://www.kohler.co.in/p/quila-camber-undermount-bathroom-sink-2349in-fdl?skuId=2349IN-FDL-96,DXF,cad drawing,asset_000578,False,False,False,False,False,False,True,False,techcomm.kohler.com
23512IN-CP,3D Model,3DS,https://techcomm.kohler.com/techcomm/cad/23512IN.3ds,https://www.kohler.co.in/p/parallel-bath-spout-without-diverter-23512in?skuId=23512IN-CP,3DS,3d model,asset_000579,True,False,False,True,False,False,False,False,techcomm.kohler.com
23512IN-CP,CAD Drawing,DWG,https://techcomm.kohler.com/techcomm/cad/23512IN.dwg,https://www.kohler.co.in/p/parallel-bath-spout-without-diverter-23512in?skuId=23512IN-CP,DWG,cad drawing,asset_000580,False,False,False,False,False,True,False,False,techcomm.kohler.com
23512IN-CP,CAD Drawing,DXF,https://techcomm.kohler.com/techcomm/cad/23512IN.dxf,https://www.kohler.co.in/p/parallel-bath-spout-without-diverter-23512in?skuId=23512IN-CP,DXF,cad drawing,asset_000581,False,False,False,False,False,False,True,False,techcomm.kohler.com
23512IN-CP,3D Model,OBJ,https://techcomm.kohler.com/techcomm/cad/23512IN.obj,https://www.kohler.co.in/p/parallel-bath-spout-without-diverter-23512in?skuId=23512IN-CP,OBJ,3d model,asset_000582,True,True,False,False,False,False,False,False,techcomm.kohler.com
23512IN-CP,3D Model,SKP,https://techcomm.kohler.com/techcomm/cad/23512IN.skp,https://www.kohler.co.in/p/parallel-bath-spout-without-diverter-23512in?skuId=23512IN-CP,SKP,3d model,asset_000583,True,False,True,False,False,False,False,False,techcomm.kohler.com
23512IN-CP,CAD Drawing,DWG,https://techcomm.kohler.com/techcomm/cad/23512infrt.dwg,https://www.kohler.co.in/p/parallel-bath-spout-without-diverter-23512in?skuId=23512IN-CP,DWG,cad drawing,asset_000584,False,False,False,False,False,True,False,False,techcomm.kohler.com
23512IN-CP,CAD Drawing,DXF,https://techcomm.kohler.com/techcomm/cad/23512infrt.dxf,https://www.kohler.co.in/p/parallel-bath-spout-without-diverter-23512in?skuId=23512IN-CP,DXF,cad drawing,asset_000585,False,False,False,False,False,False,True,False,techcomm.kohler.com
23512IN-CP,CAD Drawing,DWG,https://techcomm.kohler.com/techcomm/cad/23512inpln.dwg,https://www.kohler.co.in/p/parallel-bath-spout-without-diverter-23512in?skuId=23512IN-CP,DWG,cad drawing,asset_000586,False,False,False,False,False,True,False,False,techcomm.kohler.com
23512IN-CP,CAD Drawing,DXF,https://techcomm.kohler.com/techcomm/cad/23512inpln.dxf,https://www.kohler.co.in/p/parallel-bath-spout-without-diverter-23512in?skuId=23512IN-CP,DXF,cad drawing,asset_000587,False,False,False,False,False,False,True,False,techcomm.kohler.com
23512IN-CP,CAD Drawing,DWG,https://techcomm.kohler.com/techcomm/cad/23512insde.dwg,https://www.kohler.co.in/p/parallel-bath-spout-without-diverter-23512in?skuId=23512IN-CP,DWG,cad drawing,asset_000588,False,False,False,False,False,True,False,False,techcomm.kohler.com
23512IN-CP,CAD Drawing,DXF,https://techcomm.kohler.com/techcomm/cad/23512insde.dxf,https://www.kohler.co.in/p/parallel-bath-spout-without-diverter-23512in?skuId=23512IN-CP,DXF,cad drawing,asset_000589,False,False,False,False,False,False,True,False,techcomm.kohler.com
23657IN-CP,3D Model,3DS,https://techcomm.kohler.com/techcomm/cad/23657IN.3ds,https://www.kohler.co.in/p/rainduet-single-function-organic-showerhead-23657in?skuId=23657IN-CP,3DS,3d model,asset_000590,True,False,False,True,False,False,False,False,techcomm.kohler.com
23657IN-CP,CAD Drawing,DWG,https://techcomm.kohler.com/techcomm/cad/23657IN.dwg,https://www.kohler.co.in/p/rainduet-single-function-organic-showerhead-23657in?skuId=23657IN-CP,DWG,cad drawing,asset_000591,False,False,False,False,False,True,False,False,techcomm.kohler.com
23657IN-CP,CAD Drawing,DXF,https://techcomm.kohler.com/techcomm/cad/23657IN.dxf,https://www.kohler.co.in/p/rainduet-single-function-organic-showerhead-23657in?skuId=23657IN-CP,DXF,cad drawing,asset_000592,False,False,False,False,False,False,True,False,techcomm.kohler.com
23657IN-CP,3D Model,OBJ,https://techcomm.kohler.com/techcomm/cad/23657IN.obj,https://www.kohler.co.in/p/rainduet-single-function-organic-showerhead-23657in?skuId=23657IN-CP,OBJ,3d model,asset_000593,True,True,False,False,False,False,False,False,techcomm.kohler.com
23657IN-CP,3D Model,SKP,https://techcomm.kohler.com/techcomm/cad/23657IN.skp,https://www.kohler.co.in/p/rainduet-single-function-organic-showerhead-23657in?skuId=23657IN-CP,SKP,3d model,asset_000594,True,False,True,False,False,False,False,False,techcomm.kohler.com
23657IN-CP,CAD Drawing,DWG,https://techcomm.kohler.com/techcomm/cad/23657infrt.dwg,https://www.kohler.co.in/p/rainduet-single-function-organic-showerhead-23657in?skuId=23657IN-CP,DWG,cad drawing,asset_000595,False,False,False,False,False,True,False,False,techcomm.kohler.com
23657IN-CP,CAD Drawing,DXF,https://techcomm.kohler.com/techcomm/cad/23657infrt.dxf,https://www.kohler.co.in/p/rainduet-single-function-organic-showerhead-23657in?skuId=23657IN-CP,DXF,cad drawing,asset_000596,False,False,False,False,False,False,True,False,techcomm.kohler.com
23657IN-CP,CAD Drawing,DWG,https://techcomm.kohler.com/techcomm/cad/23657inpln.dwg,https://www.kohler.co.in/p/rainduet-single-function-organic-showerhead-23657in?skuId=23657IN-CP,DWG,cad drawing,asset_000597,False,False,False,False,False,True,False,False,techcomm.kohler.com
23657IN-CP,CAD Drawing,DXF,https://techcomm.kohler.com/techcomm/cad/23657inpln.dxf,https://www.kohler.co.in/p/rainduet-single-function-organic-showerhead-23657in?skuId=23657IN-CP,DXF,cad drawing,asset_000598,False,False,False,False,False,False,True,False,techcomm.kohler.com
23657IN-CP,CAD Drawing,DWG,https://techcomm.kohler.com/techcomm/cad/23657insde.dwg,https://www.kohler.co.in/p/rainduet-single-function-organic-showerhead-23657in?skuId=23657IN-CP,DWG,cad drawing,asset_000599,False,False,False,False,False,True,False,False,techcomm.kohler.com
23657IN-CP,CAD Drawing,DXF,https://techcomm.kohler.com/techcomm/cad/23657insde.dxf,https://www.kohler.co.in/p/rainduet-single-function-organic-showerhead-23657in?skuId=23657IN-CP,DXF,cad drawing,asset_000600,False,False,False,False,False,False,True,False,techcomm.kohler.com
23973IN-AA-CP,3D Model,3DS,https://techcomm.kohler.com/techcomm/cad/23973IN-AA.3ds,https://www.kohler.co.in/p/bath-spout-without-diverter-in-rose-gold-23973in-aa?skuId=23973IN-AA-CP,3DS,3d model,asset_000601,True,False,False,True,False,False,False,False,techcomm.kohler.com
23973IN-AA-CP,CAD Drawing,DWG,https://techcomm.kohler.com/techcomm/cad/23973IN-AA.dwg,https://www.kohler.co.in/p/bath-spout-without-diverter-in-rose-gold-23973in-aa?skuId=23973IN-AA-CP,DWG,cad drawing,asset_000602,False,False,False,False,False,True,False,False,techcomm.kohler.com
23973IN-AA-CP,CAD Drawing,DXF,https://techcomm.kohler.com/techcomm/cad/23973IN-AA.dxf,https://www.kohler.co.in/p/bath-spout-without-diverter-in-rose-gold-23973in-aa?skuId=23973IN-AA-CP,DXF,cad drawing,asset_000603,False,False,False,False,False,False,True,False,techcomm.kohler.com
23973IN-AA-CP,3D Model,OBJ,https://techcomm.kohler.com/techcomm/cad/23973IN-AA.obj,https://www.kohler.co.in/p/bath-spout-without-diverter-in-rose-gold-23973in-aa?skuId=23973IN-AA-CP,OBJ,3d model,asset_000604,True,True,False,False,False,False,False,False,techcomm.kohler.com
23973IN-AA-CP,3D Model,SKP,https://techcomm.kohler.com/techcomm/cad/23973IN-AA.skp,https://www.kohler.co.in/p/bath-spout-without-diverter-in-rose-gold-23973in-aa?skuId=23973IN-AA-CP,SKP,3d model,asset_000605,True,False,True,False,False,False,False,False,techcomm.kohler.com
23973IN-AA-CP,CAD Drawing,DWG,https://techcomm.kohler.com/techcomm/cad/23973in_aafrt.dwg,https://www.kohler.co.in/p/bath-spout-without-diverter-in-rose-gold-23973in-aa?skuId=23973IN-AA-CP,DWG,cad drawing,asset_000606,False,False,False,False,False,True,False,False,techcomm.kohler.com
23973IN-AA-CP,CAD Drawing,DXF,https://techcomm.kohler.com/techcomm/cad/23973in_aafrt.dxf,https://www.kohler.co.in/p/bath-spout-without-diverter-in-rose-gold-23973in-aa?skuId=23973IN-AA-CP,DXF,cad drawing,asset_000607,False,False,False,False,False,False,True,False,techcomm.kohler.com
23973IN-AA-CP,CAD Drawing,DWG,https://techcomm.kohler.com/techcomm/cad/23973in_aapln.dwg,https://www.kohler.co.in/p/bath-spout-without-diverter-in-rose-gold-23973in-aa?skuId=23973IN-AA-CP,DWG,cad drawing,asset_000608,False,False,False,False,False,True,False,False,techcomm.kohler.com
23973IN-AA-CP,CAD Drawing,DXF,https://techcomm.kohler.com/techcomm/cad/23973in_aapln.dxf,https://www.kohler.co.in/p/bath-spout-without-diverter-in-rose-gold-23973in-aa?skuId=23973IN-AA-CP,DXF,cad drawing,asset_000609,False,False,False,False,False,False,True,False,techcomm.kohler.com
23973IN-AA-CP,CAD Drawing,DWG,https://techcomm.kohler.com/techcomm/cad/23973in_aasde.dwg,https://www.kohler.co.in/p/bath-spout-without-diverter-in-rose-gold-23973in-aa?skuId=23973IN-AA-CP,DWG,cad drawing,asset_000610,False,False,False,False,False,True,False,False,techcomm.kohler.com
23973IN-AA-CP,CAD Drawing,DXF,https://techcomm.kohler.com/techcomm/cad/23973in_aasde.dxf,https://www.kohler.co.in/p/bath-spout-without-diverter-in-rose-gold-23973in-aa?skuId=23973IN-AA-CP,DXF,cad drawing,asset_000611,False,False,False,False,False,False,True,False,techcomm.kohler.com
23975IN-4ND-CP,3D Model,3DS,https://techcomm.kohler.com/techcomm/cad/23975IN-4ND.3ds,https://www.kohler.co.in/p/vive-wall-mount-bathroom-sink-faucet-5-5-lpm-23975in-4nd?skuId=23975IN-4ND-CP,3DS,3d model,asset_000612,True,False,False,True,False,False,False,False,techcomm.kohler.com
23975IN-4ND-CP,CAD Drawing,DWG,https://techcomm.kohler.com/techcomm/cad/23975IN-4ND.dwg,https://www.kohler.co.in/p/vive-wall-mount-bathroom-sink-faucet-5-5-lpm-23975in-4nd?skuId=23975IN-4ND-CP,DWG,cad drawing,asset_000613,False,False,False,False,False,True,False,False,techcomm.kohler.com
23975IN-4ND-CP,CAD Drawing,DXF,https://techcomm.kohler.com/techcomm/cad/23975IN-4ND.dxf,https://www.kohler.co.in/p/vive-wall-mount-bathroom-sink-faucet-5-5-lpm-23975in-4nd?skuId=23975IN-4ND-CP,DXF,cad drawing,asset_000614,False,False,False,False,False,False,True,False,techcomm.kohler.com
23975IN-4ND-CP,3D Model,OBJ,https://techcomm.kohler.com/techcomm/cad/23975IN-4ND.obj,https://www.kohler.co.in/p/vive-wall-mount-bathroom-sink-faucet-5-5-lpm-23975in-4nd?skuId=23975IN-4ND-CP,OBJ,3d model,asset_000615,True,True,False,False,False,False,False,False,techcomm.kohler.com
23975IN-4ND-CP,3D Model,SKP,https://techcomm.kohler.com/techcomm/cad/23975IN-4ND.skp,https://www.kohler.co.in/p/vive-wall-mount-bathroom-sink-faucet-5-5-lpm-23975in-4nd?skuId=23975IN-4ND-CP,SKP,3d model,asset_000616,True,False,True,False,False,False,False,False,techcomm.kohler.com
23975IN-4ND-CP,CAD Drawing,DWG,https://techcomm.kohler.com/techcomm/cad/23975in_4ndfrt.dwg,https://www.kohler.co.in/p/vive-wall-mount-bathroom-sink-faucet-5-5-lpm-23975in-4nd?skuId=23975IN-4ND-CP,DWG,cad drawing,asset_000617,False,False,False,False,False,True,False,False,techcomm.kohler.com
23975IN-4ND-CP,CAD Drawing,DXF,https://techcomm.kohler.com/techcomm/cad/23975in_4ndfrt.dxf,https://www.kohler.co.in/p/vive-wall-mount-bathroom-sink-faucet-5-5-lpm-23975in-4nd?skuId=23975IN-4ND-CP,DXF,cad drawing,asset_000618,False,False,False,False,False,False,True,False,techcomm.kohler.com
23975IN-4ND-CP,CAD Drawing,DWG,https://techcomm.kohler.com/techcomm/cad/23975in_4ndpln.dwg,https://www.kohler.co.in/p/vive-wall-mount-bathroom-sink-faucet-5-5-lpm-23975in-4nd?skuId=23975IN-4ND-CP,DWG,cad drawing,asset_000619,False,False,False,False,False,True,False,False,techcomm.kohler.com
23975IN-4ND-CP,CAD Drawing,DXF,https://techcomm.kohler.com/techcomm/cad/23975in_4ndpln.dxf,https://www.kohler.co.in/p/vive-wall-mount-bathroom-sink-faucet-5-5-lpm-23975in-4nd?skuId=23975IN-4ND-CP,DXF,cad drawing,asset_000620,False,False,False,False,False,False,True,False,techcomm.kohler.com
23975IN-4ND-CP,CAD Drawing,DWG,https://techcomm.kohler.com/techcomm/cad/23975in_4ndsde.dwg,https://www.kohler.co.in/p/vive-wall-mount-bathroom-sink-faucet-5-5-lpm-23975in-4nd?skuId=23975IN-4ND-CP,DWG,cad drawing,asset_000621,False,False,False,False,False,True,False,False,techcomm.kohler.com
23975IN-4ND-CP,CAD Drawing,DXF,https://techcomm.kohler.com/techcomm/cad/23975in_4ndsde.dxf,https://www.kohler.co.in/p/vive-wall-mount-bathroom-sink-faucet-5-5-lpm-23975in-4nd?skuId=23975IN-4ND-CP,DXF,cad drawing,asset_000622,False,False,False,False,False,False,True,False,techcomm.kohler.com
24280IN-4ND-RGD,3D Model,3DS,https://techcomm.kohler.com/techcomm/cad/24280IN-4ND.3ds,https://www.kohler.co.in/p/wall-mount-lav-faucet-trim-valve-24280in-4nd?skuId=24280IN-4ND-RGD,3DS,3d model,asset_000623,True,False,False,True,False,False,False,False,techcomm.kohler.com
24280IN-4ND-RGD,CAD Drawing,DWG,https://techcomm.kohler.com/techcomm/cad/24280IN-4ND.dwg,https://www.kohler.co.in/p/wall-mount-lav-faucet-trim-valve-24280in-4nd?skuId=24280IN-4ND-RGD,DWG,cad drawing,asset_000624,False,False,False,False,False,True,False,False,techcomm.kohler.com
24280IN-4ND-RGD,CAD Drawing,DXF,https://techcomm.kohler.com/techcomm/cad/24280IN-4ND.dxf,https://www.kohler.co.in/p/wall-mount-lav-faucet-trim-valve-24280in-4nd?skuId=24280IN-4ND-RGD,DXF,cad drawing,asset_000625,False,False,False,False,False,False,True,False,techcomm.kohler.com
24280IN-4ND-RGD,3D Model,OBJ,https://techcomm.kohler.com/techcomm/cad/24280IN-4ND.obj,https://www.kohler.co.in/p/wall-mount-lav-faucet-trim-valve-24280in-4nd?skuId=24280IN-4ND-RGD,OBJ,3d model,asset_000626,True,True,False,False,False,False,False,False,techcomm.kohler.com
24280IN-4ND-RGD,3D Model,SKP,https://techcomm.kohler.com/techcomm/cad/24280IN-4ND.skp,https://www.kohler.co.in/p/wall-mount-lav-faucet-trim-valve-24280in-4nd?skuId=24280IN-4ND-RGD,SKP,3d model,asset_000627,True,False,True,False,False,False,False,False,techcomm.kohler.com
24280IN-4ND-RGD,CAD Drawing,DWG,https://techcomm.kohler.com/techcomm/cad/24280in_4ndfrt.dwg,https://www.kohler.co.in/p/wall-mount-lav-faucet-trim-valve-24280in-4nd?skuId=24280IN-4ND-RGD,DWG,cad drawing,asset_000628,False,False,False,False,False,True,False,False,techcomm.kohler.com
24280IN-4ND-RGD,CAD Drawing,DXF,https://techcomm.kohler.com/techcomm/cad/24280in_4ndfrt.dxf,https://www.kohler.co.in/p/wall-mount-lav-faucet-trim-valve-24280in-4nd?skuId=24280IN-4ND-RGD,DXF,cad drawing,asset_000629,False,False,False,False,False,False,True,False,techcomm.kohler.com
24280IN-4ND-RGD,CAD Drawing,DWG,https://techcomm.kohler.com/techcomm/cad/24280in_4ndpln.dwg,https://www.kohler.co.in/p/wall-mount-lav-faucet-trim-valve-24280in-4nd?skuId=24280IN-4ND-RGD,DWG,cad drawing,asset_000630,False,False,False,False,False,True,False,False,techcomm.kohler.com
24280IN-4ND-RGD,CAD Drawing,DXF,https://techcomm.kohler.com/techcomm/cad/24280in_4ndpln.dxf,https://www.kohler.co.in/p/wall-mount-lav-faucet-trim-valve-24280in-4nd?skuId=24280IN-4ND-RGD,DXF,cad drawing,asset_000631,False,False,False,False,False,False,True,False,techcomm.kohler.com
24280IN-4ND-RGD,CAD Drawing,DWG,https://techcomm.kohler.com/techcomm/cad/24280in_4ndsde.dwg,https://www.kohler.co.in/p/wall-mount-lav-faucet-trim-valve-24280in-4nd?skuId=24280IN-4ND-RGD,DWG,cad drawing,asset_000632,False,False,False,False,False,True,False,False,techcomm.kohler.com
24280IN-4ND-RGD,CAD Drawing,DXF,https://techcomm.kohler.com/techcomm/cad/24280in_4ndsde.dxf,https://www.kohler.co.in/p/wall-mount-lav-faucet-trim-valve-24280in-4nd?skuId=24280IN-4ND-RGD,DXF,cad drawing,asset_000633,False,False,False,False,False,False,True,False,techcomm.kohler.com
24470IN-CP,3D Model,3DS,https://techcomm.kohler.com/techcomm/cad/24470IN.3ds,https://www.kohler.co.in/p/modernlife-dual-flow-330-x-230mm-rainhead-in-brushed-bronze-24470in?skuId=24470IN-CP,3DS,3d model,asset_000634,True,False,False,True,False,False,False,False,techcomm.kohler.com
24470IN-CP,CAD Drawing,DWG,https://techcomm.kohler.com/techcomm/cad/24470IN.dwg,https://www.kohler.co.in/p/modernlife-dual-flow-330-x-230mm-rainhead-in-brushed-bronze-24470in?skuId=24470IN-CP,DWG,cad drawing,asset_000635,False,False,False,False,False,True,False,False,techcomm.kohler.com
24470IN-CP,CAD Drawing,DXF,https://techcomm.kohler.com/techcomm/cad/24470IN.dxf,https://www.kohler.co.in/p/modernlife-dual-flow-330-x-230mm-rainhead-in-brushed-bronze-24470in?skuId=24470IN-CP,DXF,cad drawing,asset_000636,False,False,False,False,False,False,True,False,techcomm.kohler.com
24470IN-CP,3D Model,OBJ,https://techcomm.kohler.com/techcomm/cad/24470IN.obj,https://www.kohler.co.in/p/modernlife-dual-flow-330-x-230mm-rainhead-in-brushed-bronze-24470in?skuId=24470IN-CP,OBJ,3d model,asset_000637,True,True,False,False,False,False,False,False,techcomm.kohler.com
24470IN-CP,3D Model,SKP,https://techcomm.kohler.com/techcomm/cad/24470IN.skp,https://www.kohler.co.in/p/modernlife-dual-flow-330-x-230mm-rainhead-in-brushed-bronze-24470in?skuId=24470IN-CP,SKP,3d model,asset_000638,True,False,True,False,False,False,False,False,techcomm.kohler.com
24470IN-CP,CAD Drawing,DWG,https://techcomm.kohler.com/techcomm/cad/24470infrt.dwg,https://www.kohler.co.in/p/modernlife-dual-flow-330-x-230mm-rainhead-in-brushed-bronze-24470in?skuId=24470IN-CP,DWG,cad drawing,asset_000639,False,False,False,False,False,True,False,False,techcomm.kohler.com
24470IN-CP,CAD Drawing,DXF,https://techcomm.kohler.com/techcomm/cad/24470infrt.dxf,https://www.kohler.co.in/p/modernlife-dual-flow-330-x-230mm-rainhead-in-brushed-bronze-24470in?skuId=24470IN-CP,DXF,cad drawing,asset_000640,False,False,False,False,False,False,True,False,techcomm.kohler.com
24470IN-CP,CAD Drawing,DWG,https://techcomm.kohler.com/techcomm/cad/24470inpln.dwg,https://www.kohler.co.in/p/modernlife-dual-flow-330-x-230mm-rainhead-in-brushed-bronze-24470in?skuId=24470IN-CP,DWG,cad drawing,asset_000641,False,False,False,False,False,True,False,False,techcomm.kohler.com
24470IN-CP,CAD Drawing,DXF,https://techcomm.kohler.com/techcomm/cad/24470inpln.dxf,https://www.kohler.co.in/p/modernlife-dual-flow-330-x-230mm-rainhead-in-brushed-bronze-24470in?skuId=24470IN-CP,DXF,cad drawing,asset_000642,False,False,False,False,False,False,True,False,techcomm.kohler.com
24470IN-CP,CAD Drawing,DWG,https://techcomm.kohler.com/techcomm/cad/24470insde.dwg,https://www.kohler.co.in/p/modernlife-dual-flow-330-x-230mm-rainhead-in-brushed-bronze-24470in?skuId=24470IN-CP,DWG,cad drawing,asset_000643,False,False,False,False,False,True,False,False,techcomm.kohler.com
24470IN-CP,CAD Drawing,DXF,https://techcomm.kohler.com/techcomm/cad/24470insde.dxf,https://www.kohler.co.in/p/modernlife-dual-flow-330-x-230mm-rainhead-in-brushed-bronze-24470in?skuId=24470IN-CP,DXF,cad drawing,asset_000644,False,False,False,False,False,False,True,False,techcomm.kohler.com
24547IN-CP,3D Model,3DS,https://techcomm.kohler.com/techcomm/cad/24547IN.3ds,https://www.kohler.co.in/p/daisyfield-multifunction-showerhead-9-6-lpm-24547in?skuId=24547IN-CP,3DS,3d model,asset_000645,True,False,False,True,False,False,False,False,techcomm.kohler.com
24547IN-CP,CAD Drawing,DWG,https://techcomm.kohler.com/techcomm/cad/24547IN.dwg,https://www.kohler.co.in/p/daisyfield-multifunction-showerhead-9-6-lpm-24547in?skuId=24547IN-CP,DWG,cad drawing,asset_000646,False,False,False,False,False,True,False,False,techcomm.kohler.com
24547IN-CP,CAD Drawing,DXF,https://techcomm.kohler.com/techcomm/cad/24547IN.dxf,https://www.kohler.co.in/p/daisyfield-multifunction-showerhead-9-6-lpm-24547in?skuId=24547IN-CP,DXF,cad drawing,asset_000647,False,False,False,False,False,False,True,False,techcomm.kohler.com
24547IN-CP,3D Model,OBJ,https://techcomm.kohler.com/techcomm/cad/24547IN.obj,https://www.kohler.co.in/p/daisyfield-multifunction-showerhead-9-6-lpm-24547in?skuId=24547IN-CP,OBJ,3d model,asset_000648,True,True,False,False,False,False,False,False,techcomm.kohler.com
24547IN-CP,3D Model,SKP,https://techcomm.kohler.com/techcomm/cad/24547IN.skp,https://www.kohler.co.in/p/daisyfield-multifunction-showerhead-9-6-lpm-24547in?skuId=24547IN-CP,SKP,3d model,asset_000649,True,False,True,False,False,False,False,False,techcomm.kohler.com
24547IN-CP,CAD Drawing,DWG,https://techcomm.kohler.com/techcomm/cad/24547infrt.dwg,https://www.kohler.co.in/p/daisyfield-multifunction-showerhead-9-6-lpm-24547in?skuId=24547IN-CP,DWG,cad drawing,asset_000650,False,False,False,False,False,True,False,False,techcomm.kohler.com
24547IN-CP,CAD Drawing,DXF,https://techcomm.kohler.com/techcomm/cad/24547infrt.dxf,https://www.kohler.co.in/p/daisyfield-multifunction-showerhead-9-6-lpm-24547in?skuId=24547IN-CP,DXF,cad drawing,asset_000651,False,False,False,False,False,False,True,False,techcomm.kohler.com
24547IN-CP,CAD Drawing,DWG,https://techcomm.kohler.com/techcomm/cad/24547inpln.dwg,https://www.kohler.co.in/p/daisyfield-multifunction-showerhead-9-6-lpm-24547in?skuId=24547IN-CP,DWG,cad drawing,asset_000652,False,False,False,False,False,True,False,False,techcomm.kohler.com
24547IN-CP,CAD Drawing,DXF,https://techcomm.kohler.com/techcomm/cad/24547inpln.dxf,https://www.kohler.co.in/p/daisyfield-multifunction-showerhead-9-6-lpm-24547in?skuId=24547IN-CP,DXF,cad drawing,asset_000653,False,False,False,False,False,False,True,False,techcomm.kohler.com
24547IN-CP,CAD Drawing,DWG,https://techcomm.kohler.com/techcomm/cad/24547insde.dwg,https://www.kohler.co.in/p/daisyfield-multifunction-showerhead-9-6-lpm-24547in?skuId=24547IN-CP,DWG,cad drawing,asset_000654,False,False,False,False,False,True,False,False,techcomm.kohler.com
24547IN-CP,CAD Drawing,DXF,https://techcomm.kohler.com/techcomm/cad/24547insde.dxf,https://www.kohler.co.in/p/daisyfield-multifunction-showerhead-9-6-lpm-24547in?skuId=24547IN-CP,DXF,cad drawing,asset_000655,False,False,False,False,False,False,True,False,techcomm.kohler.com
24613IN-CP,3D Model,3DS,https://techcomm.kohler.com/techcomm/cad/24613in.3ds,https://www.kohler.co.in/p/arise-single-function-lighted-showerhead-9-5-lpm-24613in?skuId=24613IN-CP,3DS,3d model,asset_000656,True,False,False,True,False,False,False,False,techcomm.kohler.com
24613IN-CP,CAD Drawing,DWG,https://techcomm.kohler.com/techcomm/cad/24613in.dwg,https://www.kohler.co.in/p/arise-single-function-lighted-showerhead-9-5-lpm-24613in?skuId=24613IN-CP,DWG,cad drawing,asset_000657,False,False,False,False,False,True,False,False,techcomm.kohler.com
24613IN-CP,CAD Drawing,DXF,https://techcomm.kohler.com/techcomm/cad/24613in.dxf,https://www.kohler.co.in/p/arise-single-function-lighted-showerhead-9-5-lpm-24613in?skuId=24613IN-CP,DXF,cad drawing,asset_000658,False,False,False,False,False,False,True,False,techcomm.kohler.com
24613IN-CP,3D Model,OBJ,https://techcomm.kohler.com/techcomm/cad/24613in.obj,https://www.kohler.co.in/p/arise-single-function-lighted-showerhead-9-5-lpm-24613in?skuId=24613IN-CP,OBJ,3d model,asset_000659,True,True,False,False,False,False,False,False,techcomm.kohler.com
24613IN-CP,3D Model,SKP,https://techcomm.kohler.com/techcomm/cad/24613in.skp,https://www.kohler.co.in/p/arise-single-function-lighted-showerhead-9-5-lpm-24613in?skuId=24613IN-CP,SKP,3d model,asset_000660,True,False,True,False,False,False,False,False,techcomm.kohler.com
24613IN-CP,CAD Drawing,DWG,https://techcomm.kohler.com/techcomm/cad/24613infrt.dwg,https://www.kohler.co.in/p/arise-single-function-lighted-showerhead-9-5-lpm-24613in?skuId=24613IN-CP,DWG,cad drawing,asset_000661,False,False,False,False,False,True,False,False,techcomm.kohler.com
24613IN-CP,CAD Drawing,DXF,https://techcomm.kohler.com/techcomm/cad/24613infrt.dxf,https://www.kohler.co.in/p/arise-single-function-lighted-showerhead-9-5-lpm-24613in?skuId=24613IN-CP,DXF,cad drawing,asset_000662,False,False,False,False,False,False,True,False,techcomm.kohler.com
24613IN-CP,CAD Drawing,DWG,https://techcomm.kohler.com/techcomm/cad/24613inpln.dwg,https://www.kohler.co.in/p/arise-single-function-lighted-showerhead-9-5-lpm-24613in?skuId=24613IN-CP,DWG,cad drawing,asset_000663,False,False,False,False,False,True,False,False,techcomm.kohler.com
24613IN-CP,CAD Drawing,DXF,https://techcomm.kohler.com/techcomm/cad/24613inpln.dxf,https://www.kohler.co.in/p/arise-single-function-lighted-showerhead-9-5-lpm-24613in?skuId=24613IN-CP,DXF,cad drawing,asset_000664,False,False,False,False,False,False,True,False,techcomm.kohler.com
24613IN-CP,CAD Drawing,DWG,https://techcomm.kohler.com/techcomm/cad/24613insde.dwg,https://www.kohler.co.in/p/arise-single-function-lighted-showerhead-9-5-lpm-24613in?skuId=24613IN-CP,DWG,cad drawing,asset_000665,False,False,False,False,False,True,False,False,techcomm.kohler.com
24613IN-CP,CAD Drawing,DXF,https://techcomm.kohler.com/techcomm/cad/24613insde.dxf,https://www.kohler.co.in/p/arise-single-function-lighted-showerhead-9-5-lpm-24613in?skuId=24613IN-CP,DXF,cad drawing,asset_000666,False,False,False,False,False,False,True,False,techcomm.kohler.com
24717IN-CP,3D Model,3DS,https://techcomm.kohler.com/techcomm/cad/24717IN.3ds,https://www.kohler.co.in/p/handshower-without-hose-24717in?skuId=24717IN-CP,3DS,3d model,asset_000667,True,False,False,True,False,False,False,False,techcomm.kohler.com
24717IN-CP,CAD Drawing,DWG,https://techcomm.kohler.com/techcomm/cad/24717IN.dwg,https://www.kohler.co.in/p/handshower-without-hose-24717in?skuId=24717IN-CP,DWG,cad drawing,asset_000668,False,False,False,False,False,True,False,False,techcomm.kohler.com
24717IN-CP,CAD Drawing,DXF,https://techcomm.kohler.com/techcomm/cad/24717IN.dxf,https://www.kohler.co.in/p/handshower-without-hose-24717in?skuId=24717IN-CP,DXF,cad drawing,asset_000669,False,False,False,False,False,False,True,False,techcomm.kohler.com
24717IN-CP,3D Model,OBJ,https://techcomm.kohler.com/techcomm/cad/24717IN.obj,https://www.kohler.co.in/p/handshower-without-hose-24717in?skuId=24717IN-CP,OBJ,3d model,asset_000670,True,True,False,False,False,False,False,False,techcomm.kohler.com
24717IN-CP,3D Model,SKP,https://techcomm.kohler.com/techcomm/cad/24717IN.skp,https://www.kohler.co.in/p/handshower-without-hose-24717in?skuId=24717IN-CP,SKP,3d model,asset_000671,True,False,True,False,False,False,False,False,techcomm.kohler.com
24717T-BL,3D Model,3DS,https://techcomm.kohler.com/techcomm/cad/24717T.3ds,https://www.kohler.co.in/p/three-function-handshower-6-6-lpm-24717t?skuId=24717T-BL,3DS,3d model,asset_000672,True,False,False,True,False,False,False,False,techcomm.kohler.com
24717T-BL,CAD Drawing,DWG,https://techcomm.kohler.com/techcomm/cad/24717T.dwg,https://www.kohler.co.in/p/three-function-handshower-6-6-lpm-24717t?skuId=24717T-BL,DWG,cad drawing,asset_000673,False,False,False,False,False,True,False,False,techcomm.kohler.com
24717T-BL,CAD Drawing,DXF,https://techcomm.kohler.com/techcomm/cad/24717T.dxf,https://www.kohler.co.in/p/three-function-handshower-6-6-lpm-24717t?skuId=24717T-BL,DXF,cad drawing,asset_000674,False,False,False,False,False,False,True,False,techcomm.kohler.com
24717T-BL,3D Model,OBJ,https://techcomm.kohler.com/techcomm/cad/24717T.obj,https://www.kohler.co.in/p/three-function-handshower-6-6-lpm-24717t?skuId=24717T-BL,OBJ,3d model,asset_000675,True,True,False,False,False,False,False,False,techcomm.kohler.com
24717T-BL,3D Model,SKP,https://techcomm.kohler.com/techcomm/cad/24717T.skp,https://www.kohler.co.in/p/three-function-handshower-6-6-lpm-24717t?skuId=24717T-BL,SKP,3d model,asset_000676,True,False,True,False,False,False,False,False,techcomm.kohler.com
24717IN-CP,CAD Drawing,DWG,https://techcomm.kohler.com/techcomm/cad/24717infrt.dwg,https://www.kohler.co.in/p/handshower-without-hose-24717in?skuId=24717IN-CP,DWG,cad drawing,asset_000677,False,False,False,False,False,True,False,False,techcomm.kohler.com
24717IN-CP,CAD Drawing,DXF,https://techcomm.kohler.com/techcomm/cad/24717infrt.dxf,https://www.kohler.co.in/p/handshower-without-hose-24717in?skuId=24717IN-CP,DXF,cad drawing,asset_000678,False,False,False,False,False,False,True,False,techcomm.kohler.com
24717IN-CP,CAD Drawing,DWG,https://techcomm.kohler.com/techcomm/cad/24717inpln.dwg,https://www.kohler.co.in/p/handshower-without-hose-24717in?skuId=24717IN-CP,DWG,cad drawing,asset_000679,False,False,False,False,False,True,False,False,techcomm.kohler.com
24717IN-CP,CAD Drawing,DXF,https://techcomm.kohler.com/techcomm/cad/24717inpln.dxf,https://www.kohler.co.in/p/handshower-without-hose-24717in?skuId=24717IN-CP,DXF,cad drawing,asset_000680,False,False,False,False,False,False,True,False,techcomm.kohler.com
24717IN-CP,CAD Drawing,DWG,https://techcomm.kohler.com/techcomm/cad/24717insde.dwg,https://www.kohler.co.in/p/handshower-without-hose-24717in?skuId=24717IN-CP,DWG,cad drawing,asset_000681,False,False,False,False,False,True,False,False,techcomm.kohler.com
24717IN-CP,CAD Drawing,DXF,https://techcomm.kohler.com/techcomm/cad/24717insde.dxf,https://www.kohler.co.in/p/handshower-without-hose-24717in?skuId=24717IN-CP,DXF,cad drawing,asset_000682,False,False,False,False,False,False,True,False,techcomm.kohler.com
24717T-BL,CAD Drawing,DWG,https://techcomm.kohler.com/techcomm/cad/24717tfrt.dwg,https://www.kohler.co.in/p/three-function-handshower-6-6-lpm-24717t?skuId=24717T-BL,DWG,cad drawing,asset_000683,False,False,False,False,False,True,False,False,techcomm.kohler.com
24717T-BL,CAD Drawing,DXF,https://techcomm.kohler.com/techcomm/cad/24717tfrt.dxf,https://www.kohler.co.in/p/three-function-handshower-6-6-lpm-24717t?skuId=24717T-BL,DXF,cad drawing,asset_000684,False,False,False,False,False,False,True,False,techcomm.kohler.com
24717T-BL,CAD Drawing,DWG,https://techcomm.kohler.com/techcomm/cad/24717tpln.dwg,https://www.kohler.co.in/p/three-function-handshower-6-6-lpm-24717t?skuId=24717T-BL,DWG,cad drawing,asset_000685,False,False,False,False,False,True,False,False,techcomm.kohler.com
24717T-BL,CAD Drawing,DXF,https://techcomm.kohler.com/techcomm/cad/24717tpln.dxf,https://www.kohler.co.in/p/three-function-handshower-6-6-lpm-24717t?skuId=24717T-BL,DXF,cad drawing,asset_000686,False,False,False,False,False,False,True,False,techcomm.kohler.com
24717T-BL,CAD Drawing,DWG,https://techcomm.kohler.com/techcomm/cad/24717tsde.dwg,https://www.kohler.co.in/p/three-function-handshower-6-6-lpm-24717t?skuId=24717T-BL,DWG,cad drawing,asset_000687,False,False,False,False,False,True,False,False,techcomm.kohler.com
24717T-BL,CAD Drawing,DXF,https://techcomm.kohler.com/techcomm/cad/24717tsde.dxf,https://www.kohler.co.in/p/three-function-handshower-6-6-lpm-24717t?skuId=24717T-BL,DXF,cad drawing,asset_000688,False,False,False,False,False,False,True,False,techcomm.kohler.com
25148IN-4ND-CP,3D Model,3DS,https://techcomm.kohler.com/techcomm/cad/25148IN-4ND.3ds,https://www.kohler.co.in/p/beam-wall-mount-cold-only-trim-without-drain-25148in-4nd?skuId=25148IN-4ND-CP,3DS,3d model,asset_000689,True,False,False,True,False,False,False,False,techcomm.kohler.com
25148IN-4ND-CP,CAD Drawing,DWG,https://techcomm.kohler.com/techcomm/cad/25148IN-4ND.dwg,https://www.kohler.co.in/p/beam-wall-mount-cold-only-trim-without-drain-25148in-4nd?skuId=25148IN-4ND-CP,DWG,cad drawing,asset_000690,False,False,False,False,False,True,False,False,techcomm.kohler.com
25148IN-4ND-CP,CAD Drawing,DXF,https://techcomm.kohler.com/techcomm/cad/25148IN-4ND.dxf,https://www.kohler.co.in/p/beam-wall-mount-cold-only-trim-without-drain-25148in-4nd?skuId=25148IN-4ND-CP,DXF,cad drawing,asset_000691,False,False,False,False,False,False,True,False,techcomm.kohler.com
25148IN-4ND-CP,3D Model,OBJ,https://techcomm.kohler.com/techcomm/cad/25148IN-4ND.obj,https://www.kohler.co.in/p/beam-wall-mount-cold-only-trim-without-drain-25148in-4nd?skuId=25148IN-4ND-CP,OBJ,3d model,asset_000692,True,True,False,False,False,False,False,False,techcomm.kohler.com
25148IN-4ND-CP,3D Model,SKP,https://techcomm.kohler.com/techcomm/cad/25148IN-4ND.skp,https://www.kohler.co.in/p/beam-wall-mount-cold-only-trim-without-drain-25148in-4nd?skuId=25148IN-4ND-CP,SKP,3d model,asset_000693,True,False,True,False,False,False,False,False,techcomm.kohler.com
25148IN-4ND-CP,CAD Drawing,DWG,https://techcomm.kohler.com/techcomm/cad/25148in_4ndfrt.dwg,https://www.kohler.co.in/p/beam-wall-mount-cold-only-trim-without-drain-25148in-4nd?skuId=25148IN-4ND-CP,DWG,cad drawing,asset_000694,False,False,False,False,False,True,False,False,techcomm.kohler.com
25148IN-4ND-CP,CAD Drawing,DXF,https://techcomm.kohler.com/techcomm/cad/25148in_4ndfrt.dxf,https://www.kohler.co.in/p/beam-wall-mount-cold-only-trim-without-drain-25148in-4nd?skuId=25148IN-4ND-CP,DXF,cad drawing,asset_000695,False,False,False,False,False,False,True,False,techcomm.kohler.com
25148IN-4ND-CP,CAD Drawing,DWG,https://techcomm.kohler.com/techcomm/cad/25148in_4ndpln.dwg,https://www.kohler.co.in/p/beam-wall-mount-cold-only-trim-without-drain-25148in-4nd?skuId=25148IN-4ND-CP,DWG,cad drawing,asset_000696,False,False,False,False,False,True,False,False,techcomm.kohler.com
25148IN-4ND-CP,CAD Drawing,DXF,https://techcomm.kohler.com/techcomm/cad/25148in_4ndpln.dxf,https://www.kohler.co.in/p/beam-wall-mount-cold-only-trim-without-drain-25148in-4nd?skuId=25148IN-4ND-CP,DXF,cad drawing,asset_000697,False,False,False,False,False,False,True,False,techcomm.kohler.com
25148IN-4ND-CP,CAD Drawing,DWG,https://techcomm.kohler.com/techcomm/cad/25148in_4ndsde.dwg,https://www.kohler.co.in/p/beam-wall-mount-cold-only-trim-without-drain-25148in-4nd?skuId=25148IN-4ND-CP,DWG,cad drawing,asset_000698,False,False,False,False,False,True,False,False,techcomm.kohler.com
25148IN-4ND-CP,CAD Drawing,DXF,https://techcomm.kohler.com/techcomm/cad/25148in_4ndsde.dxf,https://www.kohler.co.in/p/beam-wall-mount-cold-only-trim-without-drain-25148in-4nd?skuId=25148IN-4ND-CP,DXF,cad drawing,asset_000699,False,False,False,False,False,False,True,False,techcomm.kohler.com
25316IN-0,3D Model,3DS,https://techcomm.kohler.com/techcomm/cad/25316IN.3ds,https://www.kohler.co.in/p/span-537-mm-rectangular-vessel-bathroom-sink-with-glazed-underside-no-overflow-25316in?skuId=25316IN-0,3DS,3d model,asset_000700,True,False,False,True,False,False,False,False,techcomm.kohler.com
25316IN-0,CAD Drawing,DWG,https://techcomm.kohler.com/techcomm/cad/25316IN.dwg,https://www.kohler.co.in/p/span-537-mm-rectangular-vessel-bathroom-sink-with-glazed-underside-no-overflow-25316in?skuId=25316IN-0,DWG,cad drawing,asset_000701,False,False,False,False,False,True,False,False,techcomm.kohler.com
25316IN-0,CAD Drawing,DXF,https://techcomm.kohler.com/techcomm/cad/25316IN.dxf,https://www.kohler.co.in/p/span-537-mm-rectangular-vessel-bathroom-sink-with-glazed-underside-no-overflow-25316in?skuId=25316IN-0,DXF,cad drawing,asset_000702,False,False,False,False,False,False,True,False,techcomm.kohler.com
25316IN-0,3D Model,OBJ,https://techcomm.kohler.com/techcomm/cad/25316IN.obj,https://www.kohler.co.in/p/span-537-mm-rectangular-vessel-bathroom-sink-with-glazed-underside-no-overflow-25316in?skuId=25316IN-0,OBJ,3d model,asset_000703,True,True,False,False,False,False,False,False,techcomm.kohler.com
25316IN-0,3D Model,SKP,https://techcomm.kohler.com/techcomm/cad/25316IN.skp,https://www.kohler.co.in/p/span-537-mm-rectangular-vessel-bathroom-sink-with-glazed-underside-no-overflow-25316in?skuId=25316IN-0,SKP,3d model,asset_000704,True,False,True,False,False,False,False,False,techcomm.kohler.com
25316IN-0,CAD Drawing,DWG,https://techcomm.kohler.com/techcomm/cad/25316infrt.dwg,https://www.kohler.co.in/p/span-537-mm-rectangular-vessel-bathroom-sink-with-glazed-underside-no-overflow-25316in?skuId=25316IN-0,DWG,cad drawing,asset_000705,False,False,False,False,False,True,False,False,techcomm.kohler.com
25316IN-0,CAD Drawing,DXF,https://techcomm.kohler.com/techcomm/cad/25316infrt.dxf,https://www.kohler.co.in/p/span-537-mm-rectangular-vessel-bathroom-sink-with-glazed-underside-no-overflow-25316in?skuId=25316IN-0,DXF,cad drawing,asset_000706,False,False,False,False,False,False,True,False,techcomm.kohler.com
25316IN-0,CAD Drawing,DWG,https://techcomm.kohler.com/techcomm/cad/25316inpln.dwg,https://www.kohler.co.in/p/span-537-mm-rectangular-vessel-bathroom-sink-with-glazed-underside-no-overflow-25316in?skuId=25316IN-0,DWG,cad drawing,asset_000707,False,False,False,False,False,True,False,False,techcomm.kohler.com
25316IN-0,CAD Drawing,DXF,https://techcomm.kohler.com/techcomm/cad/25316inpln.dxf,https://www.kohler.co.in/p/span-537-mm-rectangular-vessel-bathroom-sink-with-glazed-underside-no-overflow-25316in?skuId=25316IN-0,DXF,cad drawing,asset_000708,False,False,False,False,False,False,True,False,techcomm.kohler.com
25316IN-0,CAD Drawing,DWG,https://techcomm.kohler.com/techcomm/cad/25316insde.dwg,https://www.kohler.co.in/p/span-537-mm-rectangular-vessel-bathroom-sink-with-glazed-underside-no-overflow-25316in?skuId=25316IN-0,DWG,cad drawing,asset_000709,False,False,False,False,False,True,False,False,techcomm.kohler.com
25316IN-0,CAD Drawing,DXF,https://techcomm.kohler.com/techcomm/cad/25316insde.dxf,https://www.kohler.co.in/p/span-537-mm-rectangular-vessel-bathroom-sink-with-glazed-underside-no-overflow-25316in?skuId=25316IN-0,DXF,cad drawing,asset_000710,False,False,False,False,False,False,True,False,techcomm.kohler.com
25317IN-0,3D Model,3DS,https://techcomm.kohler.com/techcomm/cad/25317IN.3ds,https://www.kohler.co.in/p/span-544-mm-rectangular-wall-mount-bathroom-sink-with-glazed-underside-25317in?skuId=25317IN-0,3DS,3d model,asset_000711,True,False,False,True,False,False,False,False,techcomm.kohler.com
25317IN-0,CAD Drawing,DWG,https://techcomm.kohler.com/techcomm/cad/25317IN.dwg,https://www.kohler.co.in/p/span-544-mm-rectangular-wall-mount-bathroom-sink-with-glazed-underside-25317in?skuId=25317IN-0,DWG,cad drawing,asset_000712,False,False,False,False,False,True,False,False,techcomm.kohler.com
25317IN-0,CAD Drawing,DXF,https://techcomm.kohler.com/techcomm/cad/25317IN.dxf,https://www.kohler.co.in/p/span-544-mm-rectangular-wall-mount-bathroom-sink-with-glazed-underside-25317in?skuId=25317IN-0,DXF,cad drawing,asset_000713,False,False,False,False,False,False,True,False,techcomm.kohler.com
25317IN-0,3D Model,OBJ,https://techcomm.kohler.com/techcomm/cad/25317IN.obj,https://www.kohler.co.in/p/span-544-mm-rectangular-wall-mount-bathroom-sink-with-glazed-underside-25317in?skuId=25317IN-0,OBJ,3d model,asset_000714,True,True,False,False,False,False,False,False,techcomm.kohler.com
25317IN-0,3D Model,SKP,https://techcomm.kohler.com/techcomm/cad/25317IN.skp,https://www.kohler.co.in/p/span-544-mm-rectangular-wall-mount-bathroom-sink-with-glazed-underside-25317in?skuId=25317IN-0,SKP,3d model,asset_000715,True,False,True,False,False,False,False,False,techcomm.kohler.com
25317IN-0,CAD Drawing,DWG,https://techcomm.kohler.com/techcomm/cad/25317infrt.dwg,https://www.kohler.co.in/p/span-544-mm-rectangular-wall-mount-bathroom-sink-with-glazed-underside-25317in?skuId=25317IN-0,DWG,cad drawing,asset_000716,False,False,False,False,False,True,False,False,techcomm.kohler.com
25317IN-0,CAD Drawing,DXF,https://techcomm.kohler.com/techcomm/cad/25317infrt.dxf,https://www.kohler.co.in/p/span-544-mm-rectangular-wall-mount-bathroom-sink-with-glazed-underside-25317in?skuId=25317IN-0,DXF,cad drawing,asset_000717,False,False,False,False,False,False,True,False,techcomm.kohler.com
25317IN-0,CAD Drawing,DWG,https://techcomm.kohler.com/techcomm/cad/25317inpln.dwg,https://www.kohler.co.in/p/span-544-mm-rectangular-wall-mount-bathroom-sink-with-glazed-underside-25317in?skuId=25317IN-0,DWG,cad drawing,asset_000718,False,False,False,False,False,True,False,False,techcomm.kohler.com
25317IN-0,CAD Drawing,DXF,https://techcomm.kohler.com/techcomm/cad/25317inpln.dxf,https://www.kohler.co.in/p/span-544-mm-rectangular-wall-mount-bathroom-sink-with-glazed-underside-25317in?skuId=25317IN-0,DXF,cad drawing,asset_000719,False,False,False,False,False,False,True,False,techcomm.kohler.com
25317IN-0,CAD Drawing,DWG,https://techcomm.kohler.com/techcomm/cad/25317insde.dwg,https://www.kohler.co.in/p/span-544-mm-rectangular-wall-mount-bathroom-sink-with-glazed-underside-25317in?skuId=25317IN-0,DWG,cad drawing,asset_000720,False,False,False,False,False,True,False,False,techcomm.kohler.com
25317IN-0,CAD Drawing,DXF,https://techcomm.kohler.com/techcomm/cad/25317insde.dxf,https://www.kohler.co.in/p/span-544-mm-rectangular-wall-mount-bathroom-sink-with-glazed-underside-25317in?skuId=25317IN-0,DXF,cad drawing,asset_000721,False,False,False,False,False,False,True,False,techcomm.kohler.com
25318IN-0,3D Model,3DS,https://techcomm.kohler.com/techcomm/cad/25318IN.3ds,https://www.kohler.co.in/p/span-471-mm-oval-vessel-bathroom-sink-with-glazed-underside-no-overflow-25318in?skuId=25318IN-0,3DS,3d model,asset_000722,True,False,False,True,False,False,False,False,techcomm.kohler.com
25318IN-0,CAD Drawing,DWG,https://techcomm.kohler.com/techcomm/cad/25318IN.dwg,https://www.kohler.co.in/p/span-471-mm-oval-vessel-bathroom-sink-with-glazed-underside-no-overflow-25318in?skuId=25318IN-0,DWG,cad drawing,asset_000723,False,False,False,False,False,True,False,False,techcomm.kohler.com
25318IN-0,CAD Drawing,DXF,https://techcomm.kohler.com/techcomm/cad/25318IN.dxf,https://www.kohler.co.in/p/span-471-mm-oval-vessel-bathroom-sink-with-glazed-underside-no-overflow-25318in?skuId=25318IN-0,DXF,cad drawing,asset_000724,False,False,False,False,False,False,True,False,techcomm.kohler.com
25318IN-0,3D Model,OBJ,https://techcomm.kohler.com/techcomm/cad/25318IN.obj,https://www.kohler.co.in/p/span-471-mm-oval-vessel-bathroom-sink-with-glazed-underside-no-overflow-25318in?skuId=25318IN-0,OBJ,3d model,asset_000725,True,True,False,False,False,False,False,False,techcomm.kohler.com
25318IN-0,3D Model,SKP,https://techcomm.kohler.com/techcomm/cad/25318IN.skp,https://www.kohler.co.in/p/span-471-mm-oval-vessel-bathroom-sink-with-glazed-underside-no-overflow-25318in?skuId=25318IN-0,SKP,3d model,asset_000726,True,False,True,False,False,False,False,False,techcomm.kohler.com
25318IN-0,CAD Drawing,DWG,https://techcomm.kohler.com/techcomm/cad/25318infrt.dwg,https://www.kohler.co.in/p/span-471-mm-oval-vessel-bathroom-sink-with-glazed-underside-no-overflow-25318in?skuId=25318IN-0,DWG,cad drawing,asset_000727,False,False,False,False,False,True,False,False,techcomm.kohler.com
25318IN-0,CAD Drawing,DXF,https://techcomm.kohler.com/techcomm/cad/25318infrt.dxf,https://www.kohler.co.in/p/span-471-mm-oval-vessel-bathroom-sink-with-glazed-underside-no-overflow-25318in?skuId=25318IN-0,DXF,cad drawing,asset_000728,False,False,False,False,False,False,True,False,techcomm.kohler.com
25318IN-0,CAD Drawing,DWG,https://techcomm.kohler.com/techcomm/cad/25318inpln.dwg,https://www.kohler.co.in/p/span-471-mm-oval-vessel-bathroom-sink-with-glazed-underside-no-overflow-25318in?skuId=25318IN-0,DWG,cad drawing,asset_000729,False,False,False,False,False,True,False,False,techcomm.kohler.com
25318IN-0,CAD Drawing,DXF,https://techcomm.kohler.com/techcomm/cad/25318inpln.dxf,https://www.kohler.co.in/p/span-471-mm-oval-vessel-bathroom-sink-with-glazed-underside-no-overflow-25318in?skuId=25318IN-0,DXF,cad drawing,asset_000730,False,False,False,False,False,False,True,False,techcomm.kohler.com
25318IN-0,CAD Drawing,DWG,https://techcomm.kohler.com/techcomm/cad/25318insde.dwg,https://www.kohler.co.in/p/span-471-mm-oval-vessel-bathroom-sink-with-glazed-underside-no-overflow-25318in?skuId=25318IN-0,DWG,cad drawing,asset_000731,False,False,False,False,False,True,False,False,techcomm.kohler.com
25318IN-0,CAD Drawing,DXF,https://techcomm.kohler.com/techcomm/cad/25318insde.dxf,https://www.kohler.co.in/p/span-471-mm-oval-vessel-bathroom-sink-with-glazed-underside-no-overflow-25318in?skuId=25318IN-0,DXF,cad drawing,asset_000732,False,False,False,False,False,False,True,False,techcomm.kohler.com
25757IN-4ND-CP,3D Model,3DS,https://techcomm.kohler.com/techcomm/cad/25757IN-4ND.3ds,https://www.kohler.co.in/p/modernlife-edge-single-handle-bathroom-sink-faucet-25757in-4nd?skuId=25757IN-4ND-CP,3DS,3d model,asset_000733,True,False,False,True,False,False,False,False,techcomm.kohler.com
25757IN-4ND-CP,3D Model,OBJ,https://techcomm.kohler.com/techcomm/cad/25757IN-4ND.obj,https://www.kohler.co.in/p/modernlife-edge-single-handle-bathroom-sink-faucet-25757in-4nd?skuId=25757IN-4ND-CP,OBJ,3d model,asset_000734,True,True,False,False,False,False,False,False,techcomm.kohler.com
25757IN-4ND-CP,3D Model,SKP,https://techcomm.kohler.com/techcomm/cad/25757IN-4ND.skp,https://www.kohler.co.in/p/modernlife-edge-single-handle-bathroom-sink-faucet-25757in-4nd?skuId=25757IN-4ND-CP,SKP,3d model,asset_000735,True,False,True,False,False,False,False,False,techcomm.kohler.com
25757IN-4ND-CP,CAD Drawing,DWG,https://techcomm.kohler.com/techcomm/cad/25757in_4ndfrt.dwg,https://www.kohler.co.in/p/modernlife-edge-single-handle-bathroom-sink-faucet-25757in-4nd?skuId=25757IN-4ND-CP,DWG,cad drawing,asset_000736,False,False,False,False,False,True,False,False,techcomm.kohler.com
25757IN-4ND-CP,CAD Drawing,DXF,https://techcomm.kohler.com/techcomm/cad/25757in_4ndfrt.dxf,https://www.kohler.co.in/p/modernlife-edge-single-handle-bathroom-sink-faucet-25757in-4nd?skuId=25757IN-4ND-CP,DXF,cad drawing,asset_000737,False,False,False,False,False,False,True,False,techcomm.kohler.com
25757IN-4ND-CP,CAD Drawing,DWG,https://techcomm.kohler.com/techcomm/cad/25757in_4ndpln.dwg,https://www.kohler.co.in/p/modernlife-edge-single-handle-bathroom-sink-faucet-25757in-4nd?skuId=25757IN-4ND-CP,DWG,cad drawing,asset_000738,False,False,False,False,False,True,False,False,techcomm.kohler.com
25757IN-4ND-CP,CAD Drawing,DXF,https://techcomm.kohler.com/techcomm/cad/25757in_4ndpln.dxf,https://www.kohler.co.in/p/modernlife-edge-single-handle-bathroom-sink-faucet-25757in-4nd?skuId=25757IN-4ND-CP,DXF,cad drawing,asset_000739,False,False,False,False,False,False,True,False,techcomm.kohler.com
25757IN-4ND-CP,CAD Drawing,DWG,https://techcomm.kohler.com/techcomm/cad/25757in_4ndsde.dwg,https://www.kohler.co.in/p/modernlife-edge-single-handle-bathroom-sink-faucet-25757in-4nd?skuId=25757IN-4ND-CP,DWG,cad drawing,asset_000740,False,False,False,False,False,True,False,False,techcomm.kohler.com
25757IN-4ND-CP,CAD Drawing,DXF,https://techcomm.kohler.com/techcomm/cad/25757in_4ndsde.dxf,https://www.kohler.co.in/p/modernlife-edge-single-handle-bathroom-sink-faucet-25757in-4nd?skuId=25757IN-4ND-CP,DXF,cad drawing,asset_000741,False,False,False,False,False,False,True,False,techcomm.kohler.com
25758IN-4ND-CP,3D Model,3DS,https://techcomm.kohler.com/techcomm/cad/25758IN-4ND.3ds,https://www.kohler.co.in/p/modernlife-edge-tall-single-handle-bathroom-sink-faucet-25758in-4nd?skuId=25758IN-4ND-CP,3DS,3d model,asset_000742,True,False,False,True,False,False,False,False,techcomm.kohler.com
25758IN-4ND-CP,3D Model,OBJ,https://techcomm.kohler.com/techcomm/cad/25758IN-4ND.obj,https://www.kohler.co.in/p/modernlife-edge-tall-single-handle-bathroom-sink-faucet-25758in-4nd?skuId=25758IN-4ND-CP,OBJ,3d model,asset_000743,True,True,False,False,False,False,False,False,techcomm.kohler.com
25758IN-4ND-CP,3D Model,SKP,https://techcomm.kohler.com/techcomm/cad/25758IN-4ND.skp,https://www.kohler.co.in/p/modernlife-edge-tall-single-handle-bathroom-sink-faucet-25758in-4nd?skuId=25758IN-4ND-CP,SKP,3d model,asset_000744,True,False,True,False,False,False,False,False,techcomm.kohler.com
25758IN-4ND-CP,CAD Drawing,DWG,https://techcomm.kohler.com/techcomm/cad/25758in_4ndfrt.dwg,https://www.kohler.co.in/p/modernlife-edge-tall-single-handle-bathroom-sink-faucet-25758in-4nd?skuId=25758IN-4ND-CP,DWG,cad drawing,asset_000745,False,False,False,False,False,True,False,False,techcomm.kohler.com
25758IN-4ND-CP,CAD Drawing,DXF,https://techcomm.kohler.com/techcomm/cad/25758in_4ndfrt.dxf,https://www.kohler.co.in/p/modernlife-edge-tall-single-handle-bathroom-sink-faucet-25758in-4nd?skuId=25758IN-4ND-CP,DXF,cad drawing,asset_000746,False,False,False,False,False,False,True,False,techcomm.kohler.com
25758IN-4ND-CP,CAD Drawing,DWG,https://techcomm.kohler.com/techcomm/cad/25758in_4ndpln.dwg,https://www.kohler.co.in/p/modernlife-edge-tall-single-handle-bathroom-sink-faucet-25758in-4nd?skuId=25758IN-4ND-CP,DWG,cad drawing,asset_000747,False,False,False,False,False,True,False,False,techcomm.kohler.com
25758IN-4ND-CP,CAD Drawing,DXF,https://techcomm.kohler.com/techcomm/cad/25758in_4ndpln.dxf,https://www.kohler.co.in/p/modernlife-edge-tall-single-handle-bathroom-sink-faucet-25758in-4nd?skuId=25758IN-4ND-CP,DXF,cad drawing,asset_000748,False,False,False,False,False,False,True,False,techcomm.kohler.com
25758IN-4ND-CP,CAD Drawing,DWG,https://techcomm.kohler.com/techcomm/cad/25758in_4ndsde.dwg,https://www.kohler.co.in/p/modernlife-edge-tall-single-handle-bathroom-sink-faucet-25758in-4nd?skuId=25758IN-4ND-CP,DWG,cad drawing,asset_000749,False,False,False,False,False,True,False,False,techcomm.kohler.com
25758IN-4ND-CP,CAD Drawing,DXF,https://techcomm.kohler.com/techcomm/cad/25758in_4ndsde.dxf,https://www.kohler.co.in/p/modernlife-edge-tall-single-handle-bathroom-sink-faucet-25758in-4nd?skuId=25758IN-4ND-CP,DXF,cad drawing,asset_000750,False,False,False,False,False,False,True,False,techcomm.kohler.com
25759IN-4ND-CP,3D Model,3DS,https://techcomm.kohler.com/techcomm/cad/25759IN-4ND.3ds,https://www.kohler.co.in/p/modernlife-edge-wall-mount-bathroom-sink-faucet-25759in-4nd?skuId=25759IN-4ND-CP,3DS,3d model,asset_000751,True,False,False,True,False,False,False,False,techcomm.kohler.com
25759IN-4ND-CP,3D Model,OBJ,https://techcomm.kohler.com/techcomm/cad/25759IN-4ND.obj,https://www.kohler.co.in/p/modernlife-edge-wall-mount-bathroom-sink-faucet-25759in-4nd?skuId=25759IN-4ND-CP,OBJ,3d model,asset_000752,True,True,False,False,False,False,False,False,techcomm.kohler.com
25759IN-4ND-CP,3D Model,SKP,https://techcomm.kohler.com/techcomm/cad/25759IN-4ND.skp,https://www.kohler.co.in/p/modernlife-edge-wall-mount-bathroom-sink-faucet-25759in-4nd?skuId=25759IN-4ND-CP,SKP,3d model,asset_000753,True,False,True,False,False,False,False,False,techcomm.kohler.com
25759IN-4ND-CP,CAD Drawing,DWG,https://techcomm.kohler.com/techcomm/cad/25759in_4ndfrt.dwg,https://www.kohler.co.in/p/modernlife-edge-wall-mount-bathroom-sink-faucet-25759in-4nd?skuId=25759IN-4ND-CP,DWG,cad drawing,asset_000754,False,False,False,False,False,True,False,False,techcomm.kohler.com
25759IN-4ND-CP,CAD Drawing,DXF,https://techcomm.kohler.com/techcomm/cad/25759in_4ndfrt.dxf,https://www.kohler.co.in/p/modernlife-edge-wall-mount-bathroom-sink-faucet-25759in-4nd?skuId=25759IN-4ND-CP,DXF,cad drawing,asset_000755,False,False,False,False,False,False,True,False,techcomm.kohler.com
25759IN-4ND-CP,CAD Drawing,DWG,https://techcomm.kohler.com/techcomm/cad/25759in_4ndpln.dwg,https://www.kohler.co.in/p/modernlife-edge-wall-mount-bathroom-sink-faucet-25759in-4nd?skuId=25759IN-4ND-CP,DWG,cad drawing,asset_000756,False,False,False,False,False,True,False,False,techcomm.kohler.com
25759IN-4ND-CP,CAD Drawing,DXF,https://techcomm.kohler.com/techcomm/cad/25759in_4ndpln.dxf,https://www.kohler.co.in/p/modernlife-edge-wall-mount-bathroom-sink-faucet-25759in-4nd?skuId=25759IN-4ND-CP,DXF,cad drawing,asset_000757,False,False,False,False,False,False,True,False,techcomm.kohler.com
25759IN-4ND-CP,CAD Drawing,DWG,https://techcomm.kohler.com/techcomm/cad/25759in_4ndsde.dwg,https://www.kohler.co.in/p/modernlife-edge-wall-mount-bathroom-sink-faucet-25759in-4nd?skuId=25759IN-4ND-CP,DWG,cad drawing,asset_000758,False,False,False,False,False,True,False,False,techcomm.kohler.com
25759IN-4ND-CP,CAD Drawing,DXF,https://techcomm.kohler.com/techcomm/cad/25759in_4ndsde.dxf,https://www.kohler.co.in/p/modernlife-edge-wall-mount-bathroom-sink-faucet-25759in-4nd?skuId=25759IN-4ND-CP,DXF,cad drawing,asset_000759,False,False,False,False,False,False,True,False,techcomm.kohler.com
25764IN-CP,3D Model,3DS,https://techcomm.kohler.com/techcomm/cad/25764IN.3ds,https://www.kohler.co.in/p/modernlife-edge-wall-mount-bath-spout-with-diverter-25764in?skuId=25764IN-CP,3DS,3d model,asset_000760,True,False,False,True,False,False,False,False,techcomm.kohler.com
25764IN-CP,3D Model,OBJ,https://techcomm.kohler.com/techcomm/cad/25764IN.obj,https://www.kohler.co.in/p/modernlife-edge-wall-mount-bath-spout-with-diverter-25764in?skuId=25764IN-CP,OBJ,3d model,asset_000761,True,True,False,False,False,False,False,False,techcomm.kohler.com
25764IN-CP,3D Model,SKP,https://techcomm.kohler.com/techcomm/cad/25764IN.skp,https://www.kohler.co.in/p/modernlife-edge-wall-mount-bath-spout-with-diverter-25764in?skuId=25764IN-CP,SKP,3d model,asset_000762,True,False,True,False,False,False,False,False,techcomm.kohler.com
25764IN-CP,CAD Drawing,DWG,https://techcomm.kohler.com/techcomm/cad/25764infrt.dwg,https://www.kohler.co.in/p/modernlife-edge-wall-mount-bath-spout-with-diverter-25764in?skuId=25764IN-CP,DWG,cad drawing,asset_000763,False,False,False,False,False,True,False,False,techcomm.kohler.com
25764IN-CP,CAD Drawing,DXF,https://techcomm.kohler.com/techcomm/cad/25764infrt.dxf,https://www.kohler.co.in/p/modernlife-edge-wall-mount-bath-spout-with-diverter-25764in?skuId=25764IN-CP,DXF,cad drawing,asset_000764,False,False,False,False,False,False,True,False,techcomm.kohler.com
25764IN-CP,CAD Drawing,DWG,https://techcomm.kohler.com/techcomm/cad/25764inpln.dwg,https://www.kohler.co.in/p/modernlife-edge-wall-mount-bath-spout-with-diverter-25764in?skuId=25764IN-CP,DWG,cad drawing,asset_000765,False,False,False,False,False,True,False,False,techcomm.kohler.com
25764IN-CP,CAD Drawing,DXF,https://techcomm.kohler.com/techcomm/cad/25764inpln.dxf,https://www.kohler.co.in/p/modernlife-edge-wall-mount-bath-spout-with-diverter-25764in?skuId=25764IN-CP,DXF,cad drawing,asset_000766,False,False,False,False,False,False,True,False,techcomm.kohler.com
25764IN-CP,CAD Drawing,DWG,https://techcomm.kohler.com/techcomm/cad/25764insde.dwg,https://www.kohler.co.in/p/modernlife-edge-wall-mount-bath-spout-with-diverter-25764in?skuId=25764IN-CP,DWG,cad drawing,asset_000767,False,False,False,False,False,True,False,False,techcomm.kohler.com
25764IN-CP,CAD Drawing,DXF,https://techcomm.kohler.com/techcomm/cad/25764insde.dxf,https://www.kohler.co.in/p/modernlife-edge-wall-mount-bath-spout-with-diverter-25764in?skuId=25764IN-CP,DXF,cad drawing,asset_000768,False,False,False,False,False,False,True,False,techcomm.kohler.com
25765IN-CP,3D Model,3DS,https://techcomm.kohler.com/techcomm/cad/25765IN.3ds,https://www.kohler.co.in/p/modernlife-edge-wall-mount-bath-spout-25765in?skuId=25765IN-CP,3DS,3d model,asset_000769,True,False,False,True,False,False,False,False,techcomm.kohler.com
25765IN-CP,3D Model,OBJ,https://techcomm.kohler.com/techcomm/cad/25765IN.obj,https://www.kohler.co.in/p/modernlife-edge-wall-mount-bath-spout-25765in?skuId=25765IN-CP,OBJ,3d model,asset_000770,True,True,False,False,False,False,False,False,techcomm.kohler.com
25765IN-CP,3D Model,SKP,https://techcomm.kohler.com/techcomm/cad/25765IN.skp,https://www.kohler.co.in/p/modernlife-edge-wall-mount-bath-spout-25765in?skuId=25765IN-CP,SKP,3d model,asset_000771,True,False,True,False,False,False,False,False,techcomm.kohler.com
25765IN-CP,CAD Drawing,DWG,https://techcomm.kohler.com/techcomm/cad/25765infrt.dwg,https://www.kohler.co.in/p/modernlife-edge-wall-mount-bath-spout-25765in?skuId=25765IN-CP,DWG,cad drawing,asset_000772,False,False,False,False,False,True,False,False,techcomm.kohler.com
25765IN-CP,CAD Drawing,DXF,https://techcomm.kohler.com/techcomm/cad/25765infrt.dxf,https://www.kohler.co.in/p/modernlife-edge-wall-mount-bath-spout-25765in?skuId=25765IN-CP,DXF,cad drawing,asset_000773,False,False,False,False,False,False,True,False,techcomm.kohler.com
25765IN-CP,CAD Drawing,DWG,https://techcomm.kohler.com/techcomm/cad/25765inpln.dwg,https://www.kohler.co.in/p/modernlife-edge-wall-mount-bath-spout-25765in?skuId=25765IN-CP,DWG,cad drawing,asset_000774,False,False,False,False,False,True,False,False,techcomm.kohler.com
25765IN-CP,CAD Drawing,DXF,https://techcomm.kohler.com/techcomm/cad/25765inpln.dxf,https://www.kohler.co.in/p/modernlife-edge-wall-mount-bath-spout-25765in?skuId=25765IN-CP,DXF,cad drawing,asset_000775,False,False,False,False,False,False,True,False,techcomm.kohler.com
25765IN-CP,CAD Drawing,DWG,https://techcomm.kohler.com/techcomm/cad/25765insde.dwg,https://www.kohler.co.in/p/modernlife-edge-wall-mount-bath-spout-25765in?skuId=25765IN-CP,DWG,cad drawing,asset_000776,False,False,False,False,False,True,False,False,techcomm.kohler.com
25765IN-CP,CAD Drawing,DXF,https://techcomm.kohler.com/techcomm/cad/25765insde.dxf,https://www.kohler.co.in/p/modernlife-edge-wall-mount-bath-spout-25765in?skuId=25765IN-CP,DXF,cad drawing,asset_000777,False,False,False,False,False,False,True,False,techcomm.kohler.com
26046IN-CP,3D Model,3DS,https://techcomm.kohler.com/techcomm/cad/26046IN.3ds,https://www.kohler.co.in/p/beam-bath-spout-wo-diverter-26046in?skuId=26046IN-CP,3DS,3d model,asset_000778,True,False,False,True,False,False,False,False,techcomm.kohler.com
26046IN-CP,CAD Drawing,DWG,https://techcomm.kohler.com/techcomm/cad/26046IN.dwg,https://www.kohler.co.in/p/beam-bath-spout-wo-diverter-26046in?skuId=26046IN-CP,DWG,cad drawing,asset_000779,False,False,False,False,False,True,False,False,techcomm.kohler.com
26046IN-CP,CAD Drawing,DXF,https://techcomm.kohler.com/techcomm/cad/26046IN.dxf,https://www.kohler.co.in/p/beam-bath-spout-wo-diverter-26046in?skuId=26046IN-CP,DXF,cad drawing,asset_000780,False,False,False,False,False,False,True,False,techcomm.kohler.com
26046IN-CP,3D Model,OBJ,https://techcomm.kohler.com/techcomm/cad/26046IN.obj,https://www.kohler.co.in/p/beam-bath-spout-wo-diverter-26046in?skuId=26046IN-CP,OBJ,3d model,asset_000781,True,True,False,False,False,False,False,False,techcomm.kohler.com
26046IN-CP,3D Model,SKP,https://techcomm.kohler.com/techcomm/cad/26046IN.skp,https://www.kohler.co.in/p/beam-bath-spout-wo-diverter-26046in?skuId=26046IN-CP,SKP,3d model,asset_000782,True,False,True,False,False,False,False,False,techcomm.kohler.com
26046IN-CP,CAD Drawing,DWG,https://techcomm.kohler.com/techcomm/cad/26046infrt.dwg,https://www.kohler.co.in/p/beam-bath-spout-wo-diverter-26046in?skuId=26046IN-CP,DWG,cad drawing,asset_000783,False,False,False,False,False,True,False,False,techcomm.kohler.com
26046IN-CP,CAD Drawing,DXF,https://techcomm.kohler.com/techcomm/cad/26046infrt.dxf,https://www.kohler.co.in/p/beam-bath-spout-wo-diverter-26046in?skuId=26046IN-CP,DXF,cad drawing,asset_000784,False,False,False,False,False,False,True,False,techcomm.kohler.com
26046IN-CP,CAD Drawing,DWG,https://techcomm.kohler.com/techcomm/cad/26046inpln.dwg,https://www.kohler.co.in/p/beam-bath-spout-wo-diverter-26046in?skuId=26046IN-CP,DWG,cad drawing,asset_000785,False,False,False,False,False,True,False,False,techcomm.kohler.com
26046IN-CP,CAD Drawing,DXF,https://techcomm.kohler.com/techcomm/cad/26046inpln.dxf,https://www.kohler.co.in/p/beam-bath-spout-wo-diverter-26046in?skuId=26046IN-CP,DXF,cad drawing,asset_000786,False,False,False,False,False,False,True,False,techcomm.kohler.com
26046IN-CP,CAD Drawing,DWG,https://techcomm.kohler.com/techcomm/cad/26046insde.dwg,https://www.kohler.co.in/p/beam-bath-spout-wo-diverter-26046in?skuId=26046IN-CP,DWG,cad drawing,asset_000787,False,False,False,False,False,True,False,False,techcomm.kohler.com
26046IN-CP,CAD Drawing,DXF,https://techcomm.kohler.com/techcomm/cad/26046insde.dxf,https://www.kohler.co.in/p/beam-bath-spout-wo-diverter-26046in?skuId=26046IN-CP,DXF,cad drawing,asset_000788,False,False,False,False,False,False,True,False,techcomm.kohler.com
26048IN-4ND-CP,3D Model,3DS,https://techcomm.kohler.com/techcomm/cad/26048IN-4ND.3ds,https://www.kohler.co.in/p/beam-single-control-wall-mount-lav-trim-assembly-26048in-4nd?skuId=26048IN-4ND-CP,3DS,3d model,asset_000789,True,False,False,True,False,False,False,False,techcomm.kohler.com
26048IN-4ND-CP,CAD Drawing,DWG,https://techcomm.kohler.com/techcomm/cad/26048IN-4ND.dwg,https://www.kohler.co.in/p/beam-single-control-wall-mount-lav-trim-assembly-26048in-4nd?skuId=26048IN-4ND-CP,DWG,cad drawing,asset_000790,False,False,False,False,False,True,False,False,techcomm.kohler.com
26048IN-4ND-CP,CAD Drawing,DXF,https://techcomm.kohler.com/techcomm/cad/26048IN-4ND.dxf,https://www.kohler.co.in/p/beam-single-control-wall-mount-lav-trim-assembly-26048in-4nd?skuId=26048IN-4ND-CP,DXF,cad drawing,asset_000791,False,False,False,False,False,False,True,False,techcomm.kohler.com
26048IN-4ND-CP,3D Model,OBJ,https://techcomm.kohler.com/techcomm/cad/26048IN-4ND.obj,https://www.kohler.co.in/p/beam-single-control-wall-mount-lav-trim-assembly-26048in-4nd?skuId=26048IN-4ND-CP,OBJ,3d model,asset_000792,True,True,False,False,False,False,False,False,techcomm.kohler.com
26048IN-4ND-CP,3D Model,SKP,https://techcomm.kohler.com/techcomm/cad/26048IN-4ND.skp,https://www.kohler.co.in/p/beam-single-control-wall-mount-lav-trim-assembly-26048in-4nd?skuId=26048IN-4ND-CP,SKP,3d model,asset_000793,True,False,True,False,False,False,False,False,techcomm.kohler.com
26048IN-4ND-CP,CAD Drawing,DWG,https://techcomm.kohler.com/techcomm/cad/26048in_4ndfrt.dwg,https://www.kohler.co.in/p/beam-single-control-wall-mount-lav-trim-assembly-26048in-4nd?skuId=26048IN-4ND-CP,DWG,cad drawing,asset_000794,False,False,False,False,False,True,False,False,techcomm.kohler.com
26048IN-4ND-CP,CAD Drawing,DXF,https://techcomm.kohler.com/techcomm/cad/26048in_4ndfrt.dxf,https://www.kohler.co.in/p/beam-single-control-wall-mount-lav-trim-assembly-26048in-4nd?skuId=26048IN-4ND-CP,DXF,cad drawing,asset_000795,False,False,False,False,False,False,True,False,techcomm.kohler.com
26048IN-4ND-CP,CAD Drawing,DWG,https://techcomm.kohler.com/techcomm/cad/26048in_4ndpln.dwg,https://www.kohler.co.in/p/beam-single-control-wall-mount-lav-trim-assembly-26048in-4nd?skuId=26048IN-4ND-CP,DWG,cad drawing,asset_000796,False,False,False,False,False,True,False,False,techcomm.kohler.com
26048IN-4ND-CP,CAD Drawing,DXF,https://techcomm.kohler.com/techcomm/cad/26048in_4ndpln.dxf,https://www.kohler.co.in/p/beam-single-control-wall-mount-lav-trim-assembly-26048in-4nd?skuId=26048IN-4ND-CP,DXF,cad drawing,asset_000797,False,False,False,False,False,False,True,False,techcomm.kohler.com
26048IN-4ND-CP,CAD Drawing,DWG,https://techcomm.kohler.com/techcomm/cad/26048in_4ndsde.dwg,https://www.kohler.co.in/p/beam-single-control-wall-mount-lav-trim-assembly-26048in-4nd?skuId=26048IN-4ND-CP,DWG,cad drawing,asset_000798,False,False,False,False,False,True,False,False,techcomm.kohler.com
26048IN-4ND-CP,CAD Drawing,DXF,https://techcomm.kohler.com/techcomm/cad/26048in_4ndsde.dxf,https://www.kohler.co.in/p/beam-single-control-wall-mount-lav-trim-assembly-26048in-4nd?skuId=26048IN-4ND-CP,DXF,cad drawing,asset_000799,False,False,False,False,False,False,True,False,techcomm.kohler.com
26284IN-AF,3D Model,3DS,https://techcomm.kohler.com/techcomm/cad/26284IN.3ds,https://www.kohler.co.in/p/statement-oblong-three-function-handshower-9-5-lpm-26284in?skuId=26284IN-AF,3DS,3d model,asset_000800,True,False,False,True,False,False,False,False,techcomm.kohler.com
26284IN-AF,CAD Drawing,DWG,https://techcomm.kohler.com/techcomm/cad/26284IN.dwg,https://www.kohler.co.in/p/statement-oblong-three-function-handshower-9-5-lpm-26284in?skuId=26284IN-AF,DWG,cad drawing,asset_000801,False,False,False,False,False,True,False,False,techcomm.kohler.com
26284IN-AF,CAD Drawing,DXF,https://techcomm.kohler.com/techcomm/cad/26284IN.dxf,https://www.kohler.co.in/p/statement-oblong-three-function-handshower-9-5-lpm-26284in?skuId=26284IN-AF,DXF,cad drawing,asset_000802,False,False,False,False,False,False,True,False,techcomm.kohler.com
26284IN-AF,3D Model,OBJ,https://techcomm.kohler.com/techcomm/cad/26284IN.obj,https://www.kohler.co.in/p/statement-oblong-three-function-handshower-9-5-lpm-26284in?skuId=26284IN-AF,OBJ,3d model,asset_000803,True,True,False,False,False,False,False,False,techcomm.kohler.com
26284IN-AF,3D Model,SKP,https://techcomm.kohler.com/techcomm/cad/26284IN.skp,https://www.kohler.co.in/p/statement-oblong-three-function-handshower-9-5-lpm-26284in?skuId=26284IN-AF,SKP,3d model,asset_000804,True,False,True,False,False,False,False,False,techcomm.kohler.com
26284T-2MB,3D Model,3DS,https://techcomm.kohler.com/techcomm/cad/26284T.3ds,https://www.kohler.co.in/p/statement-oblong-three-function-handshower-9-5-lpm-26284t?skuId=26284T-2MB,3DS,3d model,asset_000805,True,False,False,True,False,False,False,False,techcomm.kohler.com
26284T-2MB,CAD Drawing,DWG,https://techcomm.kohler.com/techcomm/cad/26284T.dwg,https://www.kohler.co.in/p/statement-oblong-three-function-handshower-9-5-lpm-26284t?skuId=26284T-2MB,DWG,cad drawing,asset_000806,False,False,False,False,False,True,False,False,techcomm.kohler.com
26284T-2MB,CAD Drawing,DXF,https://techcomm.kohler.com/techcomm/cad/26284T.dxf,https://www.kohler.co.in/p/statement-oblong-three-function-handshower-9-5-lpm-26284t?skuId=26284T-2MB,DXF,cad drawing,asset_000807,False,False,False,False,False,False,True,False,techcomm.kohler.com
26284T-2MB,3D Model,OBJ,https://techcomm.kohler.com/techcomm/cad/26284T.obj,https://www.kohler.co.in/p/statement-oblong-three-function-handshower-9-5-lpm-26284t?skuId=26284T-2MB,OBJ,3d model,asset_000808,True,True,False,False,False,False,False,False,techcomm.kohler.com
26284T-2MB,3D Model,SKP,https://techcomm.kohler.com/techcomm/cad/26284T.skp,https://www.kohler.co.in/p/statement-oblong-three-function-handshower-9-5-lpm-26284t?skuId=26284T-2MB,SKP,3d model,asset_000809,True,False,True,False,False,False,False,False,techcomm.kohler.com
26284IN-AF,CAD Drawing,DWG,https://techcomm.kohler.com/techcomm/cad/26284infrt.dwg,https://www.kohler.co.in/p/statement-oblong-three-function-handshower-9-5-lpm-26284in?skuId=26284IN-AF,DWG,cad drawing,asset_000810,False,False,False,False,False,True,False,False,techcomm.kohler.com
26284IN-AF,CAD Drawing,DXF,https://techcomm.kohler.com/techcomm/cad/26284infrt.dxf,https://www.kohler.co.in/p/statement-oblong-three-function-handshower-9-5-lpm-26284in?skuId=26284IN-AF,DXF,cad drawing,asset_000811,False,False,False,False,False,False,True,False,techcomm.kohler.com
26284IN-AF,CAD Drawing,DWG,https://techcomm.kohler.com/techcomm/cad/26284inpln.dwg,https://www.kohler.co.in/p/statement-oblong-three-function-handshower-9-5-lpm-26284in?skuId=26284IN-AF,DWG,cad drawing,asset_000812,False,False,False,False,False,True,False,False,techcomm.kohler.com
26284IN-AF,CAD Drawing,DXF,https://techcomm.kohler.com/techcomm/cad/26284inpln.dxf,https://www.kohler.co.in/p/statement-oblong-three-function-handshower-9-5-lpm-26284in?skuId=26284IN-AF,DXF,cad drawing,asset_000813,False,False,False,False,False,False,True,False,techcomm.kohler.com
26284IN-AF,CAD Drawing,DWG,https://techcomm.kohler.com/techcomm/cad/26284insde.dwg,https://www.kohler.co.in/p/statement-oblong-three-function-handshower-9-5-lpm-26284in?skuId=26284IN-AF,DWG,cad drawing,asset_000814,False,False,False,False,False,True,False,False,techcomm.kohler.com
26284IN-AF,CAD Drawing,DXF,https://techcomm.kohler.com/techcomm/cad/26284insde.dxf,https://www.kohler.co.in/p/statement-oblong-three-function-handshower-9-5-lpm-26284in?skuId=26284IN-AF,DXF,cad drawing,asset_000815,False,False,False,False,False,False,True,False,techcomm.kohler.com
26284T-2MB,CAD Drawing,DWG,https://techcomm.kohler.com/techcomm/cad/26284tfrt.dwg,https://www.kohler.co.in/p/statement-oblong-three-function-handshower-9-5-lpm-26284t?skuId=26284T-2MB,DWG,cad drawing,asset_000816,False,False,False,False,False,True,False,False,techcomm.kohler.com
26284T-2MB,CAD Drawing,DXF,https://techcomm.kohler.com/techcomm/cad/26284tfrt.dxf,https://www.kohler.co.in/p/statement-oblong-three-function-handshower-9-5-lpm-26284t?skuId=26284T-2MB,DXF,cad drawing,asset_000817,False,False,False,False,False,False,True,False,techcomm.kohler.com
26284T-2MB,CAD Drawing,DWG,https://techcomm.kohler.com/techcomm/cad/26284tpln.dwg,https://www.kohler.co.in/p/statement-oblong-three-function-handshower-9-5-lpm-26284t?skuId=26284T-2MB,DWG,cad drawing,asset_000818,False,False,False,False,False,True,False,False,techcomm.kohler.com
26284T-2MB,CAD Drawing,DXF,https://techcomm.kohler.com/techcomm/cad/26284tpln.dxf,https://www.kohler.co.in/p/statement-oblong-three-function-handshower-9-5-lpm-26284t?skuId=26284T-2MB,DXF,cad drawing,asset_000819,False,False,False,False,False,False,True,False,techcomm.kohler.com
26284T-2MB,CAD Drawing,DWG,https://techcomm.kohler.com/techcomm/cad/26284tsde.dwg,https://www.kohler.co.in/p/statement-oblong-three-function-handshower-9-5-lpm-26284t?skuId=26284T-2MB,DWG,cad drawing,asset_000820,False,False,False,False,False,True,False,False,techcomm.kohler.com
26284T-2MB,CAD Drawing,DXF,https://techcomm.kohler.com/techcomm/cad/26284tsde.dxf,https://www.kohler.co.in/p/statement-oblong-three-function-handshower-9-5-lpm-26284t?skuId=26284T-2MB,DXF,cad drawing,asset_000821,False,False,False,False,False,False,True,False,techcomm.kohler.com
26286IN-G-AF,CAD Drawing,DWG,https://techcomm.kohler.com/techcomm/cad/26286IN-G.dwg,https://www.kohler.co.in/p/statement-iconic-single-function-handshower-6-6-lpm-26286in-g?skuId=26286IN-G-AF,DWG,cad drawing,asset_000822,False,False,False,False,False,True,False,False,techcomm.kohler.com
26286IN-G-AF,CAD Drawing,DXF,https://techcomm.kohler.com/techcomm/cad/26286IN-G.dxf,https://www.kohler.co.in/p/statement-iconic-single-function-handshower-6-6-lpm-26286in-g?skuId=26286IN-G-AF,DXF,cad drawing,asset_000823,False,False,False,False,False,False,True,False,techcomm.kohler.com
26286IN-G-AF,3D Model,OBJ,https://techcomm.kohler.com/techcomm/cad/26286IN-G.obj,https://www.kohler.co.in/p/statement-iconic-single-function-handshower-6-6-lpm-26286in-g?skuId=26286IN-G-AF,OBJ,3d model,asset_000824,True,True,False,False,False,False,False,False,techcomm.kohler.com
26286IN-G-AF,CAD Drawing,DWG,https://techcomm.kohler.com/techcomm/cad/26286in_gfrt.dwg,https://www.kohler.co.in/p/statement-iconic-single-function-handshower-6-6-lpm-26286in-g?skuId=26286IN-G-AF,DWG,cad drawing,asset_000825,False,False,False,False,False,True,False,False,techcomm.kohler.com
26286IN-G-AF,CAD Drawing,DXF,https://techcomm.kohler.com/techcomm/cad/26286in_gfrt.dxf,https://www.kohler.co.in/p/statement-iconic-single-function-handshower-6-6-lpm-26286in-g?skuId=26286IN-G-AF,DXF,cad drawing,asset_000826,False,False,False,False,False,False,True,False,techcomm.kohler.com
26286IN-G-AF,CAD Drawing,DWG,https://techcomm.kohler.com/techcomm/cad/26286in_gpln.dwg,https://www.kohler.co.in/p/statement-iconic-single-function-handshower-6-6-lpm-26286in-g?skuId=26286IN-G-AF,DWG,cad drawing,asset_000827,False,False,False,False,False,True,False,False,techcomm.kohler.com
26286IN-G-AF,CAD Drawing,DXF,https://techcomm.kohler.com/techcomm/cad/26286in_gpln.dxf,https://www.kohler.co.in/p/statement-iconic-single-function-handshower-6-6-lpm-26286in-g?skuId=26286IN-G-AF,DXF,cad drawing,asset_000828,False,False,False,False,False,False,True,False,techcomm.kohler.com
26286IN-G-AF,CAD Drawing,DWG,https://techcomm.kohler.com/techcomm/cad/26286in_gsde.dwg,https://www.kohler.co.in/p/statement-iconic-single-function-handshower-6-6-lpm-26286in-g?skuId=26286IN-G-AF,DWG,cad drawing,asset_000829,False,False,False,False,False,True,False,False,techcomm.kohler.com
26286IN-G-AF,CAD Drawing,DXF,https://techcomm.kohler.com/techcomm/cad/26286in_gsde.dxf,https://www.kohler.co.in/p/statement-iconic-single-function-handshower-6-6-lpm-26286in-g?skuId=26286IN-G-AF,DXF,cad drawing,asset_000830,False,False,False,False,False,False,True,False,techcomm.kohler.com
26290IN-CP,3D Model,3DS,https://techcomm.kohler.com/techcomm/cad/26290IN.3ds,https://www.kohler.co.in/p/statement-three-function-showerhead-9-5-lpm-26290in?skuId=26290IN-CP,3DS,3d model,asset_000831,True,False,False,True,False,False,False,False,techcomm.kohler.com
26290IN-CP,CAD Drawing,DWG,https://techcomm.kohler.com/techcomm/cad/26290IN.dwg,https://www.kohler.co.in/p/statement-three-function-showerhead-9-5-lpm-26290in?skuId=26290IN-CP,DWG,cad drawing,asset_000832,False,False,False,False,False,True,False,False,techcomm.kohler.com
26290IN-CP,CAD Drawing,DXF,https://techcomm.kohler.com/techcomm/cad/26290IN.dxf,https://www.kohler.co.in/p/statement-three-function-showerhead-9-5-lpm-26290in?skuId=26290IN-CP,DXF,cad drawing,asset_000833,False,False,False,False,False,False,True,False,techcomm.kohler.com
26290IN-CP,3D Model,OBJ,https://techcomm.kohler.com/techcomm/cad/26290IN.obj,https://www.kohler.co.in/p/statement-three-function-showerhead-9-5-lpm-26290in?skuId=26290IN-CP,OBJ,3d model,asset_000834,True,True,False,False,False,False,False,False,techcomm.kohler.com
26290IN-CP,3D Model,SKP,https://techcomm.kohler.com/techcomm/cad/26290IN.skp,https://www.kohler.co.in/p/statement-three-function-showerhead-9-5-lpm-26290in?skuId=26290IN-CP,SKP,3d model,asset_000835,True,False,True,False,False,False,False,False,techcomm.kohler.com
26290T-2MB,3D Model,3DS,https://techcomm.kohler.com/techcomm/cad/26290T.3ds,https://www.kohler.co.in/p/statement-three-function-showerhead-9-5-lpm-26290t?skuId=26290T-2MB,3DS,3d model,asset_000836,True,False,False,True,False,False,False,False,techcomm.kohler.com
26290T-2MB,CAD Drawing,DWG,https://techcomm.kohler.com/techcomm/cad/26290T.dwg,https://www.kohler.co.in/p/statement-three-function-showerhead-9-5-lpm-26290t?skuId=26290T-2MB,DWG,cad drawing,asset_000837,False,False,False,False,False,True,False,False,techcomm.kohler.com
26290T-2MB,CAD Drawing,DXF,https://techcomm.kohler.com/techcomm/cad/26290T.dxf,https://www.kohler.co.in/p/statement-three-function-showerhead-9-5-lpm-26290t?skuId=26290T-2MB,DXF,cad drawing,asset_000838,False,False,False,False,False,False,True,False,techcomm.kohler.com
26290T-2MB,3D Model,OBJ,https://techcomm.kohler.com/techcomm/cad/26290T.obj,https://www.kohler.co.in/p/statement-three-function-showerhead-9-5-lpm-26290t?skuId=26290T-2MB,OBJ,3d model,asset_000839,True,True,False,False,False,False,False,False,techcomm.kohler.com
26290T-2MB,3D Model,SKP,https://techcomm.kohler.com/techcomm/cad/26290T.skp,https://www.kohler.co.in/p/statement-three-function-showerhead-9-5-lpm-26290t?skuId=26290T-2MB,SKP,3d model,asset_000840,True,False,True,False,False,False,False,False,techcomm.kohler.com
26290IN-CP,CAD Drawing,DWG,https://techcomm.kohler.com/techcomm/cad/26290infrt.dwg,https://www.kohler.co.in/p/statement-three-function-showerhead-9-5-lpm-26290in?skuId=26290IN-CP,DWG,cad drawing,asset_000841,False,False,False,False,False,True,False,False,techcomm.kohler.com
26290IN-CP,CAD Drawing,DXF,https://techcomm.kohler.com/techcomm/cad/26290infrt.dxf,https://www.kohler.co.in/p/statement-three-function-showerhead-9-5-lpm-26290in?skuId=26290IN-CP,DXF,cad drawing,asset_000842,False,False,False,False,False,False,True,False,techcomm.kohler.com
26290IN-CP,CAD Drawing,DWG,https://techcomm.kohler.com/techcomm/cad/26290inpln.dwg,https://www.kohler.co.in/p/statement-three-function-showerhead-9-5-lpm-26290in?skuId=26290IN-CP,DWG,cad drawing,asset_000843,False,False,False,False,False,True,False,False,techcomm.kohler.com
26290IN-CP,CAD Drawing,DXF,https://techcomm.kohler.com/techcomm/cad/26290inpln.dxf,https://www.kohler.co.in/p/statement-three-function-showerhead-9-5-lpm-26290in?skuId=26290IN-CP,DXF,cad drawing,asset_000844,False,False,False,False,False,False,True,False,techcomm.kohler.com
26290IN-CP,CAD Drawing,DWG,https://techcomm.kohler.com/techcomm/cad/26290insde.dwg,https://www.kohler.co.in/p/statement-three-function-showerhead-9-5-lpm-26290in?skuId=26290IN-CP,DWG,cad drawing,asset_000845,False,False,False,False,False,True,False,False,techcomm.kohler.com
26290IN-CP,CAD Drawing,DXF,https://techcomm.kohler.com/techcomm/cad/26290insde.dxf,https://www.kohler.co.in/p/statement-three-function-showerhead-9-5-lpm-26290in?skuId=26290IN-CP,DXF,cad drawing,asset_000846,False,False,False,False,False,False,True,False,techcomm.kohler.com
26290T-2MB,CAD Drawing,DWG,https://techcomm.kohler.com/techcomm/cad/26290tfrt.dwg,https://www.kohler.co.in/p/statement-three-function-showerhead-9-5-lpm-26290t?skuId=26290T-2MB,DWG,cad drawing,asset_000847,False,False,False,False,False,True,False,False,techcomm.kohler.com
26290T-2MB,CAD Drawing,DXF,https://techcomm.kohler.com/techcomm/cad/26290tfrt.dxf,https://www.kohler.co.in/p/statement-three-function-showerhead-9-5-lpm-26290t?skuId=26290T-2MB,DXF,cad drawing,asset_000848,False,False,False,False,False,False,True,False,techcomm.kohler.com
26290T-2MB,CAD Drawing,DWG,https://techcomm.kohler.com/techcomm/cad/26290tpln.dwg,https://www.kohler.co.in/p/statement-three-function-showerhead-9-5-lpm-26290t?skuId=26290T-2MB,DWG,cad drawing,asset_000849,False,False,False,False,False,True,False,False,techcomm.kohler.com
26290T-2MB,CAD Drawing,DXF,https://techcomm.kohler.com/techcomm/cad/26290tpln.dxf,https://www.kohler.co.in/p/statement-three-function-showerhead-9-5-lpm-26290t?skuId=26290T-2MB,DXF,cad drawing,asset_000850,False,False,False,False,False,False,True,False,techcomm.kohler.com
26290T-2MB,CAD Drawing,DWG,https://techcomm.kohler.com/techcomm/cad/26290tsde.dwg,https://www.kohler.co.in/p/statement-three-function-showerhead-9-5-lpm-26290t?skuId=26290T-2MB,DWG,cad drawing,asset_000851,False,False,False,False,False,True,False,False,techcomm.kohler.com
26290T-2MB,CAD Drawing,DXF,https://techcomm.kohler.com/techcomm/cad/26290tsde.dxf,https://www.kohler.co.in/p/statement-three-function-showerhead-9-5-lpm-26290t?skuId=26290T-2MB,DXF,cad drawing,asset_000852,False,False,False,False,False,False,True,False,techcomm.kohler.com
26294IN-AF,3D Model,3DS,https://techcomm.kohler.com/techcomm/cad/26294IN.3ds,https://www.kohler.co.in/p/statement-oblong-353-mm-single-function-rainhead-9-5-lpm-26294in?skuId=26294IN-AF,3DS,3d model,asset_000853,True,False,False,True,False,False,False,False,techcomm.kohler.com
26294IN-AF,CAD Drawing,DWG,https://techcomm.kohler.com/techcomm/cad/26294IN.dwg,https://www.kohler.co.in/p/statement-oblong-353-mm-single-function-rainhead-9-5-lpm-26294in?skuId=26294IN-AF,DWG,cad drawing,asset_000854,False,False,False,False,False,True,False,False,techcomm.kohler.com
26294IN-AF,CAD Drawing,DXF,https://techcomm.kohler.com/techcomm/cad/26294IN.dxf,https://www.kohler.co.in/p/statement-oblong-353-mm-single-function-rainhead-9-5-lpm-26294in?skuId=26294IN-AF,DXF,cad drawing,asset_000855,False,False,False,False,False,False,True,False,techcomm.kohler.com
26294IN-AF,3D Model,OBJ,https://techcomm.kohler.com/techcomm/cad/26294IN.obj,https://www.kohler.co.in/p/statement-oblong-353-mm-single-function-rainhead-9-5-lpm-26294in?skuId=26294IN-AF,OBJ,3d model,asset_000856,True,True,False,False,False,False,False,False,techcomm.kohler.com
26294IN-AF,3D Model,SKP,https://techcomm.kohler.com/techcomm/cad/26294IN.skp,https://www.kohler.co.in/p/statement-oblong-353-mm-single-function-rainhead-9-5-lpm-26294in?skuId=26294IN-AF,SKP,3d model,asset_000857,True,False,True,False,False,False,False,False,techcomm.kohler.com
26294T-2MB,3D Model,3DS,https://techcomm.kohler.com/techcomm/cad/26294T.3ds,https://www.kohler.co.in/p/statement-oblong-353-mm-single-function-rainhead-9-5-lpm-26294t?skuId=26294T-2MB,3DS,3d model,asset_000858,True,False,False,True,False,False,False,False,techcomm.kohler.com
26294T-2MB,CAD Drawing,DWG,https://techcomm.kohler.com/techcomm/cad/26294T.dwg,https://www.kohler.co.in/p/statement-oblong-353-mm-single-function-rainhead-9-5-lpm-26294t?skuId=26294T-2MB,DWG,cad drawing,asset_000859,False,False,False,False,False,True,False,False,techcomm.kohler.com
26294T-2MB,CAD Drawing,DXF,https://techcomm.kohler.com/techcomm/cad/26294T.dxf,https://www.kohler.co.in/p/statement-oblong-353-mm-single-function-rainhead-9-5-lpm-26294t?skuId=26294T-2MB,DXF,cad drawing,asset_000860,False,False,False,False,False,False,True,False,techcomm.kohler.com
26294T-2MB,3D Model,OBJ,https://techcomm.kohler.com/techcomm/cad/26294T.obj,https://www.kohler.co.in/p/statement-oblong-353-mm-single-function-rainhead-9-5-lpm-26294t?skuId=26294T-2MB,OBJ,3d model,asset_000861,True,True,False,False,False,False,False,False,techcomm.kohler.com
26294T-2MB,3D Model,SKP,https://techcomm.kohler.com/techcomm/cad/26294T.skp,https://www.kohler.co.in/p/statement-oblong-353-mm-single-function-rainhead-9-5-lpm-26294t?skuId=26294T-2MB,SKP,3d model,asset_000862,True,False,True,False,False,False,False,False,techcomm.kohler.com
26294IN-AF,CAD Drawing,DWG,https://techcomm.kohler.com/techcomm/cad/26294infrt.dwg,https://www.kohler.co.in/p/statement-oblong-353-mm-single-function-rainhead-9-5-lpm-26294in?skuId=26294IN-AF,DWG,cad drawing,asset_000863,False,False,False,False,False,True,False,False,techcomm.kohler.com
26294IN-AF,CAD Drawing,DXF,https://techcomm.kohler.com/techcomm/cad/26294infrt.dxf,https://www.kohler.co.in/p/statement-oblong-353-mm-single-function-rainhead-9-5-lpm-26294in?skuId=26294IN-AF,DXF,cad drawing,asset_000864,False,False,False,False,False,False,True,False,techcomm.kohler.com
26294IN-AF,CAD Drawing,DWG,https://techcomm.kohler.com/techcomm/cad/26294inpln.dwg,https://www.kohler.co.in/p/statement-oblong-353-mm-single-function-rainhead-9-5-lpm-26294in?skuId=26294IN-AF,DWG,cad drawing,asset_000865,False,False,False,False,False,True,False,False,techcomm.kohler.com
26294IN-AF,CAD Drawing,DXF,https://techcomm.kohler.com/techcomm/cad/26294inpln.dxf,https://www.kohler.co.in/p/statement-oblong-353-mm-single-function-rainhead-9-5-lpm-26294in?skuId=26294IN-AF,DXF,cad drawing,asset_000866,False,False,False,False,False,False,True,False,techcomm.kohler.com
26294IN-AF,CAD Drawing,DWG,https://techcomm.kohler.com/techcomm/cad/26294insde.dwg,https://www.kohler.co.in/p/statement-oblong-353-mm-single-function-rainhead-9-5-lpm-26294in?skuId=26294IN-AF,DWG,cad drawing,asset_000867,False,False,False,False,False,True,False,False,techcomm.kohler.com
26294IN-AF,CAD Drawing,DXF,https://techcomm.kohler.com/techcomm/cad/26294insde.dxf,https://www.kohler.co.in/p/statement-oblong-353-mm-single-function-rainhead-9-5-lpm-26294in?skuId=26294IN-AF,DXF,cad drawing,asset_000868,False,False,False,False,False,False,True,False,techcomm.kohler.com
26294T-2MB,CAD Drawing,DWG,https://techcomm.kohler.com/techcomm/cad/26294tfrt.dwg,https://www.kohler.co.in/p/statement-oblong-353-mm-single-function-rainhead-9-5-lpm-26294t?skuId=26294T-2MB,DWG,cad drawing,asset_000869,False,False,False,False,False,True,False,False,techcomm.kohler.com
26294T-2MB,CAD Drawing,DXF,https://techcomm.kohler.com/techcomm/cad/26294tfrt.dxf,https://www.kohler.co.in/p/statement-oblong-353-mm-single-function-rainhead-9-5-lpm-26294t?skuId=26294T-2MB,DXF,cad drawing,asset_000870,False,False,False,False,False,False,True,False,techcomm.kohler.com
26294T-2MB,CAD Drawing,DWG,https://techcomm.kohler.com/techcomm/cad/26294tpln.dwg,https://www.kohler.co.in/p/statement-oblong-353-mm-single-function-rainhead-9-5-lpm-26294t?skuId=26294T-2MB,DWG,cad drawing,asset_000871,False,False,False,False,False,True,False,False,techcomm.kohler.com
26294T-2MB,CAD Drawing,DXF,https://techcomm.kohler.com/techcomm/cad/26294tpln.dxf,https://www.kohler.co.in/p/statement-oblong-353-mm-single-function-rainhead-9-5-lpm-26294t?skuId=26294T-2MB,DXF,cad drawing,asset_000872,False,False,False,False,False,False,True,False,techcomm.kohler.com
26294T-2MB,CAD Drawing,DWG,https://techcomm.kohler.com/techcomm/cad/26294tsde.dwg,https://www.kohler.co.in/p/statement-oblong-353-mm-single-function-rainhead-9-5-lpm-26294t?skuId=26294T-2MB,DWG,cad drawing,asset_000873,False,False,False,False,False,True,False,False,techcomm.kohler.com
26294T-2MB,CAD Drawing,DXF,https://techcomm.kohler.com/techcomm/cad/26294tsde.dxf,https://www.kohler.co.in/p/statement-oblong-353-mm-single-function-rainhead-9-5-lpm-26294t?skuId=26294T-2MB,DXF,cad drawing,asset_000874,False,False,False,False,False,False,True,False,techcomm.kohler.com
26295T-2MB,3D Model,3DS,https://techcomm.kohler.com/techcomm/cad/26295T.3ds,https://www.kohler.co.in/p/statement-oblong-353-mm-two-function-rainhead-9-5-lpm-26295t?skuId=26295T-2MB,3DS,3d model,asset_000875,True,False,False,True,False,False,False,False,techcomm.kohler.com
26295T-2MB,CAD Drawing,DWG,https://techcomm.kohler.com/techcomm/cad/26295T.dwg,https://www.kohler.co.in/p/statement-oblong-353-mm-two-function-rainhead-9-5-lpm-26295t?skuId=26295T-2MB,DWG,cad drawing,asset_000876,False,False,False,False,False,True,False,False,techcomm.kohler.com
26295T-2MB,CAD Drawing,DXF,https://techcomm.kohler.com/techcomm/cad/26295T.dxf,https://www.kohler.co.in/p/statement-oblong-353-mm-two-function-rainhead-9-5-lpm-26295t?skuId=26295T-2MB,DXF,cad drawing,asset_000877,False,False,False,False,False,False,True,False,techcomm.kohler.com
26295T-2MB,3D Model,OBJ,https://techcomm.kohler.com/techcomm/cad/26295T.obj,https://www.kohler.co.in/p/statement-oblong-353-mm-two-function-rainhead-9-5-lpm-26295t?skuId=26295T-2MB,OBJ,3d model,asset_000878,True,True,False,False,False,False,False,False,techcomm.kohler.com
26295T-2MB,3D Model,SKP,https://techcomm.kohler.com/techcomm/cad/26295T.skp,https://www.kohler.co.in/p/statement-oblong-353-mm-two-function-rainhead-9-5-lpm-26295t?skuId=26295T-2MB,SKP,3d model,asset_000879,True,False,True,False,False,False,False,False,techcomm.kohler.com
26295T-2MB,CAD Drawing,DWG,https://techcomm.kohler.com/techcomm/cad/26295tfrt.dwg,https://www.kohler.co.in/p/statement-oblong-353-mm-two-function-rainhead-9-5-lpm-26295t?skuId=26295T-2MB,DWG,cad drawing,asset_000880,False,False,False,False,False,True,False,False,techcomm.kohler.com
26295T-2MB,CAD Drawing,DXF,https://techcomm.kohler.com/techcomm/cad/26295tfrt.dxf,https://www.kohler.co.in/p/statement-oblong-353-mm-two-function-rainhead-9-5-lpm-26295t?skuId=26295T-2MB,DXF,cad drawing,asset_000881,False,False,False,False,False,False,True,False,techcomm.kohler.com
26295T-2MB,CAD Drawing,DWG,https://techcomm.kohler.com/techcomm/cad/26295tpln.dwg,https://www.kohler.co.in/p/statement-oblong-353-mm-two-function-rainhead-9-5-lpm-26295t?skuId=26295T-2MB,DWG,cad drawing,asset_000882,False,False,False,False,False,True,False,False,techcomm.kohler.com
26295T-2MB,CAD Drawing,DXF,https://techcomm.kohler.com/techcomm/cad/26295tpln.dxf,https://www.kohler.co.in/p/statement-oblong-353-mm-two-function-rainhead-9-5-lpm-26295t?skuId=26295T-2MB,DXF,cad drawing,asset_000883,False,False,False,False,False,False,True,False,techcomm.kohler.com
26295T-2MB,CAD Drawing,DWG,https://techcomm.kohler.com/techcomm/cad/26295tsde.dwg,https://www.kohler.co.in/p/statement-oblong-353-mm-two-function-rainhead-9-5-lpm-26295t?skuId=26295T-2MB,DWG,cad drawing,asset_000884,False,False,False,False,False,True,False,False,techcomm.kohler.com
26295T-2MB,CAD Drawing,DXF,https://techcomm.kohler.com/techcomm/cad/26295tsde.dxf,https://www.kohler.co.in/p/statement-oblong-353-mm-two-function-rainhead-9-5-lpm-26295t?skuId=26295T-2MB,DXF,cad drawing,asset_000885,False,False,False,False,False,False,True,False,techcomm.kohler.com
26296IN-AF,3D Model,3DS,https://techcomm.kohler.com/techcomm/cad/26296IN.3ds,https://www.kohler.co.in/p/statement-oblong-353-mm-two-function-rainhead-9-5-lpm-26296in?skuId=26296IN-AF,3DS,3d model,asset_000886,True,False,False,True,False,False,False,False,techcomm.kohler.com
26296IN-AF,CAD Drawing,DWG,https://techcomm.kohler.com/techcomm/cad/26296IN.dwg,https://www.kohler.co.in/p/statement-oblong-353-mm-two-function-rainhead-9-5-lpm-26296in?skuId=26296IN-AF,DWG,cad drawing,asset_000887,False,False,False,False,False,True,False,False,techcomm.kohler.com
26296IN-AF,CAD Drawing,DXF,https://techcomm.kohler.com/techcomm/cad/26296IN.dxf,https://www.kohler.co.in/p/statement-oblong-353-mm-two-function-rainhead-9-5-lpm-26296in?skuId=26296IN-AF,DXF,cad drawing,asset_000888,False,False,False,False,False,False,True,False,techcomm.kohler.com
26296IN-AF,3D Model,OBJ,https://techcomm.kohler.com/techcomm/cad/26296IN.obj,https://www.kohler.co.in/p/statement-oblong-353-mm-two-function-rainhead-9-5-lpm-26296in?skuId=26296IN-AF,OBJ,3d model,asset_000889,True,True,False,False,False,False,False,False,techcomm.kohler.com
26296IN-AF,3D Model,SKP,https://techcomm.kohler.com/techcomm/cad/26296IN.skp,https://www.kohler.co.in/p/statement-oblong-353-mm-two-function-rainhead-9-5-lpm-26296in?skuId=26296IN-AF,SKP,3d model,asset_000890,True,False,True,False,False,False,False,False,techcomm.kohler.com
26296T-2MB,3D Model,3DS,https://techcomm.kohler.com/techcomm/cad/26296T.3ds,https://www.kohler.co.in/p/statement-oblong-353-mm-two-function-rainhead-9-5-lpm-26296t?skuId=26296T-2MB,3DS,3d model,asset_000891,True,False,False,True,False,False,False,False,techcomm.kohler.com
26296T-2MB,CAD Drawing,DWG,https://techcomm.kohler.com/techcomm/cad/26296T.dwg,https://www.kohler.co.in/p/statement-oblong-353-mm-two-function-rainhead-9-5-lpm-26296t?skuId=26296T-2MB,DWG,cad drawing,asset_000892,False,False,False,False,False,True,False,False,techcomm.kohler.com
26296T-2MB,CAD Drawing,DXF,https://techcomm.kohler.com/techcomm/cad/26296T.dxf,https://www.kohler.co.in/p/statement-oblong-353-mm-two-function-rainhead-9-5-lpm-26296t?skuId=26296T-2MB,DXF,cad drawing,asset_000893,False,False,False,False,False,False,True,False,techcomm.kohler.com
26296T-2MB,3D Model,OBJ,https://techcomm.kohler.com/techcomm/cad/26296T.obj,https://www.kohler.co.in/p/statement-oblong-353-mm-two-function-rainhead-9-5-lpm-26296t?skuId=26296T-2MB,OBJ,3d model,asset_000894,True,True,False,False,False,False,False,False,techcomm.kohler.com
26296T-2MB,3D Model,SKP,https://techcomm.kohler.com/techcomm/cad/26296T.skp,https://www.kohler.co.in/p/statement-oblong-353-mm-two-function-rainhead-9-5-lpm-26296t?skuId=26296T-2MB,SKP,3d model,asset_000895,True,False,True,False,False,False,False,False,techcomm.kohler.com
26296IN-AF,CAD Drawing,DWG,https://techcomm.kohler.com/techcomm/cad/26296infrt.dwg,https://www.kohler.co.in/p/statement-oblong-353-mm-two-function-rainhead-9-5-lpm-26296in?skuId=26296IN-AF,DWG,cad drawing,asset_000896,False,False,False,False,False,True,False,False,techcomm.kohler.com
26296IN-AF,CAD Drawing,DXF,https://techcomm.kohler.com/techcomm/cad/26296infrt.dxf,https://www.kohler.co.in/p/statement-oblong-353-mm-two-function-rainhead-9-5-lpm-26296in?skuId=26296IN-AF,DXF,cad drawing,asset_000897,False,False,False,False,False,False,True,False,techcomm.kohler.com
26296IN-AF,CAD Drawing,DWG,https://techcomm.kohler.com/techcomm/cad/26296inpln.dwg,https://www.kohler.co.in/p/statement-oblong-353-mm-two-function-rainhead-9-5-lpm-26296in?skuId=26296IN-AF,DWG,cad drawing,asset_000898,False,False,False,False,False,True,False,False,techcomm.kohler.com
26296IN-AF,CAD Drawing,DXF,https://techcomm.kohler.com/techcomm/cad/26296inpln.dxf,https://www.kohler.co.in/p/statement-oblong-353-mm-two-function-rainhead-9-5-lpm-26296in?skuId=26296IN-AF,DXF,cad drawing,asset_000899,False,False,False,False,False,False,True,False,techcomm.kohler.com
26296IN-AF,CAD Drawing,DWG,https://techcomm.kohler.com/techcomm/cad/26296insde.dwg,https://www.kohler.co.in/p/statement-oblong-353-mm-two-function-rainhead-9-5-lpm-26296in?skuId=26296IN-AF,DWG,cad drawing,asset_000900,False,False,False,False,False,True,False,False,techcomm.kohler.com
26296IN-AF,CAD Drawing,DXF,https://techcomm.kohler.com/techcomm/cad/26296insde.dxf,https://www.kohler.co.in/p/statement-oblong-353-mm-two-function-rainhead-9-5-lpm-26296in?skuId=26296IN-AF,DXF,cad drawing,asset_000901,False,False,False,False,False,False,True,False,techcomm.kohler.com
26296T-2MB,CAD Drawing,DWG,https://techcomm.kohler.com/techcomm/cad/26296tfrt.dwg,https://www.kohler.co.in/p/statement-oblong-353-mm-two-function-rainhead-9-5-lpm-26296t?skuId=26296T-2MB,DWG,cad drawing,asset_000902,False,False,False,False,False,True,False,False,techcomm.kohler.com
26296T-2MB,CAD Drawing,DXF,https://techcomm.kohler.com/techcomm/cad/26296tfrt.dxf,https://www.kohler.co.in/p/statement-oblong-353-mm-two-function-rainhead-9-5-lpm-26296t?skuId=26296T-2MB,DXF,cad drawing,asset_000903,False,False,False,False,False,False,True,False,techcomm.kohler.com
26296T-2MB,CAD Drawing,DWG,https://techcomm.kohler.com/techcomm/cad/26296tpln.dwg,https://www.kohler.co.in/p/statement-oblong-353-mm-two-function-rainhead-9-5-lpm-26296t?skuId=26296T-2MB,DWG,cad drawing,asset_000904,False,False,False,False,False,True,False,False,techcomm.kohler.com
26296T-2MB,CAD Drawing,DXF,https://techcomm.kohler.com/techcomm/cad/26296tpln.dxf,https://www.kohler.co.in/p/statement-oblong-353-mm-two-function-rainhead-9-5-lpm-26296t?skuId=26296T-2MB,DXF,cad drawing,asset_000905,False,False,False,False,False,False,True,False,techcomm.kohler.com
26296T-2MB,CAD Drawing,DWG,https://techcomm.kohler.com/techcomm/cad/26296tsde.dwg,https://www.kohler.co.in/p/statement-oblong-353-mm-two-function-rainhead-9-5-lpm-26296t?skuId=26296T-2MB,DWG,cad drawing,asset_000906,False,False,False,False,False,True,False,False,techcomm.kohler.com
26296T-2MB,CAD Drawing,DXF,https://techcomm.kohler.com/techcomm/cad/26296tsde.dxf,https://www.kohler.co.in/p/statement-oblong-353-mm-two-function-rainhead-9-5-lpm-26296t?skuId=26296T-2MB,DXF,cad drawing,asset_000907,False,False,False,False,False,False,True,False,techcomm.kohler.com
26297IN-CP,3D Model,3DS,https://techcomm.kohler.com/techcomm/cad/26297IN.3ds,https://www.kohler.co.in/p/statement-oblong-453-mm-two-function-rainhead-9-5-lpm-26297in?skuId=26297IN-CP,3DS,3d model,asset_000908,True,False,False,True,False,False,False,False,techcomm.kohler.com
26297IN-CP,CAD Drawing,DWG,https://techcomm.kohler.com/techcomm/cad/26297IN.dwg,https://www.kohler.co.in/p/statement-oblong-453-mm-two-function-rainhead-9-5-lpm-26297in?skuId=26297IN-CP,DWG,cad drawing,asset_000909,False,False,False,False,False,True,False,False,techcomm.kohler.com
26297IN-CP,CAD Drawing,DXF,https://techcomm.kohler.com/techcomm/cad/26297IN.dxf,https://www.kohler.co.in/p/statement-oblong-453-mm-two-function-rainhead-9-5-lpm-26297in?skuId=26297IN-CP,DXF,cad drawing,asset_000910,False,False,False,False,False,False,True,False,techcomm.kohler.com
26297IN-CP,3D Model,OBJ,https://techcomm.kohler.com/techcomm/cad/26297IN.obj,https://www.kohler.co.in/p/statement-oblong-453-mm-two-function-rainhead-9-5-lpm-26297in?skuId=26297IN-CP,OBJ,3d model,asset_000911,True,True,False,False,False,False,False,False,techcomm.kohler.com
26297IN-CP,3D Model,SKP,https://techcomm.kohler.com/techcomm/cad/26297IN.skp,https://www.kohler.co.in/p/statement-oblong-453-mm-two-function-rainhead-9-5-lpm-26297in?skuId=26297IN-CP,SKP,3d model,asset_000912,True,False,True,False,False,False,False,False,techcomm.kohler.com
26297IN-CP,CAD Drawing,DWG,https://techcomm.kohler.com/techcomm/cad/26297infrt.dwg,https://www.kohler.co.in/p/statement-oblong-453-mm-two-function-rainhead-9-5-lpm-26297in?skuId=26297IN-CP,DWG,cad drawing,asset_000913,False,False,False,False,False,True,False,False,techcomm.kohler.com
26297IN-CP,CAD Drawing,DXF,https://techcomm.kohler.com/techcomm/cad/26297infrt.dxf,https://www.kohler.co.in/p/statement-oblong-453-mm-two-function-rainhead-9-5-lpm-26297in?skuId=26297IN-CP,DXF,cad drawing,asset_000914,False,False,False,False,False,False,True,False,techcomm.kohler.com
26297IN-CP,CAD Drawing,DWG,https://techcomm.kohler.com/techcomm/cad/26297inpln.dwg,https://www.kohler.co.in/p/statement-oblong-453-mm-two-function-rainhead-9-5-lpm-26297in?skuId=26297IN-CP,DWG,cad drawing,asset_000915,False,False,False,False,False,True,False,False,techcomm.kohler.com
26297IN-CP,CAD Drawing,DXF,https://techcomm.kohler.com/techcomm/cad/26297inpln.dxf,https://www.kohler.co.in/p/statement-oblong-453-mm-two-function-rainhead-9-5-lpm-26297in?skuId=26297IN-CP,DXF,cad drawing,asset_000916,False,False,False,False,False,False,True,False,techcomm.kohler.com
26297IN-CP,CAD Drawing,DWG,https://techcomm.kohler.com/techcomm/cad/26297insde.dwg,https://www.kohler.co.in/p/statement-oblong-453-mm-two-function-rainhead-9-5-lpm-26297in?skuId=26297IN-CP,DWG,cad drawing,asset_000917,False,False,False,False,False,True,False,False,techcomm.kohler.com
26297IN-CP,CAD Drawing,DXF,https://techcomm.kohler.com/techcomm/cad/26297insde.dxf,https://www.kohler.co.in/p/statement-oblong-453-mm-two-function-rainhead-9-5-lpm-26297in?skuId=26297IN-CP,DXF,cad drawing,asset_000918,False,False,False,False,False,False,True,False,techcomm.kohler.com
26303T-CP,3D Model,3DS,https://techcomm.kohler.com/techcomm/cad/26303T.3ds,https://www.kohler.co.in/p/statement-ceiling-mount-single-function-iconic-dual-shower-arm-with-rainhead-and-handshower-26303t?skuId=26303T-CP,3DS,3d model,asset_000919,True,False,False,True,False,False,False,False,techcomm.kohler.com
26303T-CP,CAD Drawing,DWG,https://techcomm.kohler.com/techcomm/cad/26303T.dwg,https://www.kohler.co.in/p/statement-ceiling-mount-single-function-iconic-dual-shower-arm-with-rainhead-and-handshower-26303t?skuId=26303T-CP,DWG,cad drawing,asset_000920,False,False,False,False,False,True,False,False,techcomm.kohler.com
26303T-CP,CAD Drawing,DXF,https://techcomm.kohler.com/techcomm/cad/26303T.dxf,https://www.kohler.co.in/p/statement-ceiling-mount-single-function-iconic-dual-shower-arm-with-rainhead-and-handshower-26303t?skuId=26303T-CP,DXF,cad drawing,asset_000921,False,False,False,False,False,False,True,False,techcomm.kohler.com
26303T-CP,3D Model,OBJ,https://techcomm.kohler.com/techcomm/cad/26303T.obj,https://www.kohler.co.in/p/statement-ceiling-mount-single-function-iconic-dual-shower-arm-with-rainhead-and-handshower-26303t?skuId=26303T-CP,OBJ,3d model,asset_000922,True,True,False,False,False,False,False,False,techcomm.kohler.com
26303T-CP,3D Model,SKP,https://techcomm.kohler.com/techcomm/cad/26303T.skp,https://www.kohler.co.in/p/statement-ceiling-mount-single-function-iconic-dual-shower-arm-with-rainhead-and-handshower-26303t?skuId=26303T-CP,SKP,3d model,asset_000923,True,False,True,False,False,False,False,False,techcomm.kohler.com
26303T-CP,CAD Drawing,DWG,https://techcomm.kohler.com/techcomm/cad/26303tfrt.dwg,https://www.kohler.co.in/p/statement-ceiling-mount-single-function-iconic-dual-shower-arm-with-rainhead-and-handshower-26303t?skuId=26303T-CP,DWG,cad drawing,asset_000924,False,False,False,False,False,True,False,False,techcomm.kohler.com
26303T-CP,CAD Drawing,DXF,https://techcomm.kohler.com/techcomm/cad/26303tfrt.dxf,https://www.kohler.co.in/p/statement-ceiling-mount-single-function-iconic-dual-shower-arm-with-rainhead-and-handshower-26303t?skuId=26303T-CP,DXF,cad drawing,asset_000925,False,False,False,False,False,False,True,False,techcomm.kohler.com
26303T-CP,CAD Drawing,DWG,https://techcomm.kohler.com/techcomm/cad/26303tpln.dwg,https://www.kohler.co.in/p/statement-ceiling-mount-single-function-iconic-dual-shower-arm-with-rainhead-and-handshower-26303t?skuId=26303T-CP,DWG,cad drawing,asset_000926,False,False,False,False,False,True,False,False,techcomm.kohler.com
26303T-CP,CAD Drawing,DXF,https://techcomm.kohler.com/techcomm/cad/26303tpln.dxf,https://www.kohler.co.in/p/statement-ceiling-mount-single-function-iconic-dual-shower-arm-with-rainhead-and-handshower-26303t?skuId=26303T-CP,DXF,cad drawing,asset_000927,False,False,False,False,False,False,True,False,techcomm.kohler.com
26303T-CP,CAD Drawing,DWG,https://techcomm.kohler.com/techcomm/cad/26303tsde.dwg,https://www.kohler.co.in/p/statement-ceiling-mount-single-function-iconic-dual-shower-arm-with-rainhead-and-handshower-26303t?skuId=26303T-CP,DWG,cad drawing,asset_000928,False,False,False,False,False,True,False,False,techcomm.kohler.com
26303T-CP,CAD Drawing,DXF,https://techcomm.kohler.com/techcomm/cad/26303tsde.dxf,https://www.kohler.co.in/p/statement-ceiling-mount-single-function-iconic-dual-shower-arm-with-rainhead-and-handshower-26303t?skuId=26303T-CP,DXF,cad drawing,asset_000929,False,False,False,False,False,False,True,False,techcomm.kohler.com
2661IN-0,3D Model,3DS,https://techcomm.kohler.com/techcomm/cad/2661IN.3ds,https://www.kohler.co.in/p/vox-square-vessel-lavatory-without-faucet-hole-2661in?skuId=2661IN-0,3DS,3d model,asset_000930,True,False,False,True,False,False,False,False,techcomm.kohler.com
2661IN-0,CAD Drawing,DWG,https://techcomm.kohler.com/techcomm/cad/2661IN.dwg,https://www.kohler.co.in/p/vox-square-vessel-lavatory-without-faucet-hole-2661in?skuId=2661IN-0,DWG,cad drawing,asset_000931,False,False,False,False,False,True,False,False,techcomm.kohler.com
2661IN-0,CAD Drawing,DXF,https://techcomm.kohler.com/techcomm/cad/2661IN.dxf,https://www.kohler.co.in/p/vox-square-vessel-lavatory-without-faucet-hole-2661in?skuId=2661IN-0,DXF,cad drawing,asset_000932,False,False,False,False,False,False,True,False,techcomm.kohler.com
2661IN-0,3D Model,OBJ,https://techcomm.kohler.com/techcomm/cad/2661IN.obj,https://www.kohler.co.in/p/vox-square-vessel-lavatory-without-faucet-hole-2661in?skuId=2661IN-0,OBJ,3d model,asset_000933,True,True,False,False,False,False,False,False,techcomm.kohler.com
2661IN-0,3D Model,SKP,https://techcomm.kohler.com/techcomm/cad/2661IN.skp,https://www.kohler.co.in/p/vox-square-vessel-lavatory-without-faucet-hole-2661in?skuId=2661IN-0,SKP,3d model,asset_000934,True,False,True,False,False,False,False,False,techcomm.kohler.com
2661IN-0,CAD Drawing,DWG,https://techcomm.kohler.com/techcomm/cad/2661infrt.dwg,https://www.kohler.co.in/p/vox-square-vessel-lavatory-without-faucet-hole-2661in?skuId=2661IN-0,DWG,cad drawing,asset_000935,False,False,False,False,False,True,False,False,techcomm.kohler.com
2661IN-0,CAD Drawing,DXF,https://techcomm.kohler.com/techcomm/cad/2661infrt.dxf,https://www.kohler.co.in/p/vox-square-vessel-lavatory-without-faucet-hole-2661in?skuId=2661IN-0,DXF,cad drawing,asset_000936,False,False,False,False,False,False,True,False,techcomm.kohler.com
2661IN-0,CAD Drawing,DWG,https://techcomm.kohler.com/techcomm/cad/2661inpln.dwg,https://www.kohler.co.in/p/vox-square-vessel-lavatory-without-faucet-hole-2661in?skuId=2661IN-0,DWG,cad drawing,asset_000937,False,False,False,False,False,True,False,False,techcomm.kohler.com
2661IN-0,CAD Drawing,DXF,https://techcomm.kohler.com/techcomm/cad/2661inpln.dxf,https://www.kohler.co.in/p/vox-square-vessel-lavatory-without-faucet-hole-2661in?skuId=2661IN-0,DXF,cad drawing,asset_000938,False,False,False,False,False,False,True,False,techcomm.kohler.com
2661IN-0,CAD Drawing,DWG,https://techcomm.kohler.com/techcomm/cad/2661insde.dwg,https://www.kohler.co.in/p/vox-square-vessel-lavatory-without-faucet-hole-2661in?skuId=2661IN-0,DWG,cad drawing,asset_000939,False,False,False,False,False,True,False,False,techcomm.kohler.com
2661IN-0,CAD Drawing,DXF,https://techcomm.kohler.com/techcomm/cad/2661insde.dxf,https://www.kohler.co.in/p/vox-square-vessel-lavatory-without-faucet-hole-2661in?skuId=2661IN-0,DXF,cad drawing,asset_000940,False,False,False,False,False,False,True,False,techcomm.kohler.com
26791IN-4ND-CP,3D Model,3DS,https://techcomm.kohler.com/techcomm/cad/26791IN-4ND.3ds,https://www.kohler.co.in/p/accliv-wall-mount-single-handle-bathroom-sink-faucet-trim-9-0-lpm-26791in-4nd?skuId=26791IN-4ND-CP,3DS,3d model,asset_000941,True,False,False,True,False,False,False,False,techcomm.kohler.com
26791IN-4ND-CP,CAD Drawing,DWG,https://techcomm.kohler.com/techcomm/cad/26791IN-4ND.dwg,https://www.kohler.co.in/p/accliv-wall-mount-single-handle-bathroom-sink-faucet-trim-9-0-lpm-26791in-4nd?skuId=26791IN-4ND-CP,DWG,cad drawing,asset_000942,False,False,False,False,False,True,False,False,techcomm.kohler.com
26791IN-4ND-CP,CAD Drawing,DXF,https://techcomm.kohler.com/techcomm/cad/26791IN-4ND.dxf,https://www.kohler.co.in/p/accliv-wall-mount-single-handle-bathroom-sink-faucet-trim-9-0-lpm-26791in-4nd?skuId=26791IN-4ND-CP,DXF,cad drawing,asset_000943,False,False,False,False,False,False,True,False,techcomm.kohler.com
26791IN-4ND-CP,3D Model,OBJ,https://techcomm.kohler.com/techcomm/cad/26791IN-4ND.obj,https://www.kohler.co.in/p/accliv-wall-mount-single-handle-bathroom-sink-faucet-trim-9-0-lpm-26791in-4nd?skuId=26791IN-4ND-CP,OBJ,3d model,asset_000944,True,True,False,False,False,False,False,False,techcomm.kohler.com
26791IN-4ND-CP,3D Model,SKP,https://techcomm.kohler.com/techcomm/cad/26791IN-4ND.skp,https://www.kohler.co.in/p/accliv-wall-mount-single-handle-bathroom-sink-faucet-trim-9-0-lpm-26791in-4nd?skuId=26791IN-4ND-CP,SKP,3d model,asset_000945,True,False,True,False,False,False,False,False,techcomm.kohler.com
26791IN-4ND-CP,CAD Drawing,DWG,https://techcomm.kohler.com/techcomm/cad/26791in_4ndfrt.dwg,https://www.kohler.co.in/p/accliv-wall-mount-single-handle-bathroom-sink-faucet-trim-9-0-lpm-26791in-4nd?skuId=26791IN-4ND-CP,DWG,cad drawing,asset_000946,False,False,False,False,False,True,False,False,techcomm.kohler.com
26791IN-4ND-CP,CAD Drawing,DXF,https://techcomm.kohler.com/techcomm/cad/26791in_4ndfrt.dxf,https://www.kohler.co.in/p/accliv-wall-mount-single-handle-bathroom-sink-faucet-trim-9-0-lpm-26791in-4nd?skuId=26791IN-4ND-CP,DXF,cad drawing,asset_000947,False,False,False,False,False,False,True,False,techcomm.kohler.com
26791IN-4ND-CP,CAD Drawing,DWG,https://techcomm.kohler.com/techcomm/cad/26791in_4ndpln.dwg,https://www.kohler.co.in/p/accliv-wall-mount-single-handle-bathroom-sink-faucet-trim-9-0-lpm-26791in-4nd?skuId=26791IN-4ND-CP,DWG,cad drawing,asset_000948,False,False,False,False,False,True,False,False,techcomm.kohler.com
26791IN-4ND-CP,CAD Drawing,DXF,https://techcomm.kohler.com/techcomm/cad/26791in_4ndpln.dxf,https://www.kohler.co.in/p/accliv-wall-mount-single-handle-bathroom-sink-faucet-trim-9-0-lpm-26791in-4nd?skuId=26791IN-4ND-CP,DXF,cad drawing,asset_000949,False,False,False,False,False,False,True,False,techcomm.kohler.com
26791IN-4ND-CP,CAD Drawing,DWG,https://techcomm.kohler.com/techcomm/cad/26791in_4ndsde.dwg,https://www.kohler.co.in/p/accliv-wall-mount-single-handle-bathroom-sink-faucet-trim-9-0-lpm-26791in-4nd?skuId=26791IN-4ND-CP,DWG,cad drawing,asset_000950,False,False,False,False,False,True,False,False,techcomm.kohler.com
26791IN-4ND-CP,CAD Drawing,DXF,https://techcomm.kohler.com/techcomm/cad/26791in_4ndsde.dxf,https://www.kohler.co.in/p/accliv-wall-mount-single-handle-bathroom-sink-faucet-trim-9-0-lpm-26791in-4nd?skuId=26791IN-4ND-CP,DXF,cad drawing,asset_000951,False,False,False,False,False,False,True,False,techcomm.kohler.com
26853IN-CP,3D Model,3DS,https://techcomm.kohler.com/techcomm/cad/26853IN.3ds,https://www.kohler.co.in/p/rainduet-five-function-showerhead-14-0-lpm-26853in?skuId=26853IN-CP,3DS,3d model,asset_000952,True,False,False,True,False,False,False,False,techcomm.kohler.com
26853IN-CP,CAD Drawing,DWG,https://techcomm.kohler.com/techcomm/cad/26853IN.dwg,https://www.kohler.co.in/p/rainduet-five-function-showerhead-14-0-lpm-26853in?skuId=26853IN-CP,DWG,cad drawing,asset_000953,False,False,False,False,False,True,False,False,techcomm.kohler.com
26853IN-CP,CAD Drawing,DXF,https://techcomm.kohler.com/techcomm/cad/26853IN.dxf,https://www.kohler.co.in/p/rainduet-five-function-showerhead-14-0-lpm-26853in?skuId=26853IN-CP,DXF,cad drawing,asset_000954,False,False,False,False,False,False,True,False,techcomm.kohler.com
26853IN-CP,3D Model,OBJ,https://techcomm.kohler.com/techcomm/cad/26853IN.obj,https://www.kohler.co.in/p/rainduet-five-function-showerhead-14-0-lpm-26853in?skuId=26853IN-CP,OBJ,3d model,asset_000955,True,True,False,False,False,False,False,False,techcomm.kohler.com
26853IN-CP,3D Model,SKP,https://techcomm.kohler.com/techcomm/cad/26853IN.skp,https://www.kohler.co.in/p/rainduet-five-function-showerhead-14-0-lpm-26853in?skuId=26853IN-CP,SKP,3d model,asset_000956,True,False,True,False,False,False,False,False,techcomm.kohler.com
26853IN-CP,CAD Drawing,DWG,https://techcomm.kohler.com/techcomm/cad/26853infrt.dwg,https://www.kohler.co.in/p/rainduet-five-function-showerhead-14-0-lpm-26853in?skuId=26853IN-CP,DWG,cad drawing,asset_000957,False,False,False,False,False,True,False,False,techcomm.kohler.com
26853IN-CP,CAD Drawing,DXF,https://techcomm.kohler.com/techcomm/cad/26853infrt.dxf,https://www.kohler.co.in/p/rainduet-five-function-showerhead-14-0-lpm-26853in?skuId=26853IN-CP,DXF,cad drawing,asset_000958,False,False,False,False,False,False,True,False,techcomm.kohler.com
26853IN-CP,CAD Drawing,DWG,https://techcomm.kohler.com/techcomm/cad/26853inpln.dwg,https://www.kohler.co.in/p/rainduet-five-function-showerhead-14-0-lpm-26853in?skuId=26853IN-CP,DWG,cad drawing,asset_000959,False,False,False,False,False,True,False,False,techcomm.kohler.com
26853IN-CP,CAD Drawing,DXF,https://techcomm.kohler.com/techcomm/cad/26853inpln.dxf,https://www.kohler.co.in/p/rainduet-five-function-showerhead-14-0-lpm-26853in?skuId=26853IN-CP,DXF,cad drawing,asset_000960,False,False,False,False,False,False,True,False,techcomm.kohler.com
26853IN-CP,CAD Drawing,DWG,https://techcomm.kohler.com/techcomm/cad/26853insde.dwg,https://www.kohler.co.in/p/rainduet-five-function-showerhead-14-0-lpm-26853in?skuId=26853IN-CP,DWG,cad drawing,asset_000961,False,False,False,False,False,True,False,False,techcomm.kohler.com
26853IN-CP,CAD Drawing,DXF,https://techcomm.kohler.com/techcomm/cad/26853insde.dxf,https://www.kohler.co.in/p/rainduet-five-function-showerhead-14-0-lpm-26853in?skuId=26853IN-CP,DXF,cad drawing,asset_000962,False,False,False,False,False,False,True,False,techcomm.kohler.com
26855IN-CP,3D Model,3DS,https://techcomm.kohler.com/techcomm/cad/26855IN.3ds,https://www.kohler.co.in/p/rain-max-square-254-mm-single-function-rainhead-22-lpm-26855in?skuId=26855IN-CP,3DS,3d model,asset_000963,True,False,False,True,False,False,False,False,techcomm.kohler.com
26855IN-CP,CAD Drawing,DWG,https://techcomm.kohler.com/techcomm/cad/26855IN.dwg,https://www.kohler.co.in/p/rain-max-square-254-mm-single-function-rainhead-22-lpm-26855in?skuId=26855IN-CP,DWG,cad drawing,asset_000964,False,False,False,False,False,True,False,False,techcomm.kohler.com
26855IN-CP,CAD Drawing,DXF,https://techcomm.kohler.com/techcomm/cad/26855IN.dxf,https://www.kohler.co.in/p/rain-max-square-254-mm-single-function-rainhead-22-lpm-26855in?skuId=26855IN-CP,DXF,cad drawing,asset_000965,False,False,False,False,False,False,True,False,techcomm.kohler.com
26855IN-CP,3D Model,OBJ,https://techcomm.kohler.com/techcomm/cad/26855IN.obj,https://www.kohler.co.in/p/rain-max-square-254-mm-single-function-rainhead-22-lpm-26855in?skuId=26855IN-CP,OBJ,3d model,asset_000966,True,True,False,False,False,False,False,False,techcomm.kohler.com
26855IN-CP,3D Model,SKP,https://techcomm.kohler.com/techcomm/cad/26855IN.skp,https://www.kohler.co.in/p/rain-max-square-254-mm-single-function-rainhead-22-lpm-26855in?skuId=26855IN-CP,SKP,3d model,asset_000967,True,False,True,False,False,False,False,False,techcomm.kohler.com
26855IN-CP,CAD Drawing,DWG,https://techcomm.kohler.com/techcomm/cad/26855infrt.dwg,https://www.kohler.co.in/p/rain-max-square-254-mm-single-function-rainhead-22-lpm-26855in?skuId=26855IN-CP,DWG,cad drawing,asset_000968,False,False,False,False,False,True,False,False,techcomm.kohler.com
26855IN-CP,CAD Drawing,DXF,https://techcomm.kohler.com/techcomm/cad/26855infrt.dxf,https://www.kohler.co.in/p/rain-max-square-254-mm-single-function-rainhead-22-lpm-26855in?skuId=26855IN-CP,DXF,cad drawing,asset_000969,False,False,False,False,False,False,True,False,techcomm.kohler.com
26855IN-CP,CAD Drawing,DWG,https://techcomm.kohler.com/techcomm/cad/26855inpln.dwg,https://www.kohler.co.in/p/rain-max-square-254-mm-single-function-rainhead-22-lpm-26855in?skuId=26855IN-CP,DWG,cad drawing,asset_000970,False,False,False,False,False,True,False,False,techcomm.kohler.com
26855IN-CP,CAD Drawing,DXF,https://techcomm.kohler.com/techcomm/cad/26855inpln.dxf,https://www.kohler.co.in/p/rain-max-square-254-mm-single-function-rainhead-22-lpm-26855in?skuId=26855IN-CP,DXF,cad drawing,asset_000971,False,False,False,False,False,False,True,False,techcomm.kohler.com
26855IN-CP,CAD Drawing,DWG,https://techcomm.kohler.com/techcomm/cad/26855insde.dwg,https://www.kohler.co.in/p/rain-max-square-254-mm-single-function-rainhead-22-lpm-26855in?skuId=26855IN-CP,DWG,cad drawing,asset_000972,False,False,False,False,False,True,False,False,techcomm.kohler.com
26855IN-CP,CAD Drawing,DXF,https://techcomm.kohler.com/techcomm/cad/26855insde.dxf,https://www.kohler.co.in/p/rain-max-square-254-mm-single-function-rainhead-22-lpm-26855in?skuId=26855IN-CP,DXF,cad drawing,asset_000973,False,False,False,False,False,False,True,False,techcomm.kohler.com
26856IN-CP,3D Model,3DS,https://techcomm.kohler.com/techcomm/cad/26856IN.3ds,https://www.kohler.co.in/p/rain-max-square-305-mm-single-function-rainhead-22-lpm-26856in?skuId=26856IN-CP,3DS,3d model,asset_000974,True,False,False,True,False,False,False,False,techcomm.kohler.com
26856IN-CP,CAD Drawing,DWG,https://techcomm.kohler.com/techcomm/cad/26856IN.dwg,https://www.kohler.co.in/p/rain-max-square-305-mm-single-function-rainhead-22-lpm-26856in?skuId=26856IN-CP,DWG,cad drawing,asset_000975,False,False,False,False,False,True,False,False,techcomm.kohler.com
26856IN-CP,CAD Drawing,DXF,https://techcomm.kohler.com/techcomm/cad/26856IN.dxf,https://www.kohler.co.in/p/rain-max-square-305-mm-single-function-rainhead-22-lpm-26856in?skuId=26856IN-CP,DXF,cad drawing,asset_000976,False,False,False,False,False,False,True,False,techcomm.kohler.com
26856IN-CP,3D Model,OBJ,https://techcomm.kohler.com/techcomm/cad/26856IN.obj,https://www.kohler.co.in/p/rain-max-square-305-mm-single-function-rainhead-22-lpm-26856in?skuId=26856IN-CP,OBJ,3d model,asset_000977,True,True,False,False,False,False,False,False,techcomm.kohler.com
26856IN-CP,3D Model,SKP,https://techcomm.kohler.com/techcomm/cad/26856IN.skp,https://www.kohler.co.in/p/rain-max-square-305-mm-single-function-rainhead-22-lpm-26856in?skuId=26856IN-CP,SKP,3d model,asset_000978,True,False,True,False,False,False,False,False,techcomm.kohler.com
26856IN-CP,CAD Drawing,DWG,https://techcomm.kohler.com/techcomm/cad/26856infrt.dwg,https://www.kohler.co.in/p/rain-max-square-305-mm-single-function-rainhead-22-lpm-26856in?skuId=26856IN-CP,DWG,cad drawing,asset_000979,False,False,False,False,False,True,False,False,techcomm.kohler.com
26856IN-CP,CAD Drawing,DXF,https://techcomm.kohler.com/techcomm/cad/26856infrt.dxf,https://www.kohler.co.in/p/rain-max-square-305-mm-single-function-rainhead-22-lpm-26856in?skuId=26856IN-CP,DXF,cad drawing,asset_000980,False,False,False,False,False,False,True,False,techcomm.kohler.com
26856IN-CP,CAD Drawing,DWG,https://techcomm.kohler.com/techcomm/cad/26856inpln.dwg,https://www.kohler.co.in/p/rain-max-square-305-mm-single-function-rainhead-22-lpm-26856in?skuId=26856IN-CP,DWG,cad drawing,asset_000981,False,False,False,False,False,True,False,False,techcomm.kohler.com
26856IN-CP,CAD Drawing,DXF,https://techcomm.kohler.com/techcomm/cad/26856inpln.dxf,https://www.kohler.co.in/p/rain-max-square-305-mm-single-function-rainhead-22-lpm-26856in?skuId=26856IN-CP,DXF,cad drawing,asset_000982,False,False,False,False,False,False,True,False,techcomm.kohler.com
26856IN-CP,CAD Drawing,DWG,https://techcomm.kohler.com/techcomm/cad/26856insde.dwg,https://www.kohler.co.in/p/rain-max-square-305-mm-single-function-rainhead-22-lpm-26856in?skuId=26856IN-CP,DWG,cad drawing,asset_000983,False,False,False,False,False,True,False,False,techcomm.kohler.com
26856IN-CP,CAD Drawing,DXF,https://techcomm.kohler.com/techcomm/cad/26856insde.dxf,https://www.kohler.co.in/p/rain-max-square-305-mm-single-function-rainhead-22-lpm-26856in?skuId=26856IN-CP,DXF,cad drawing,asset_000984,False,False,False,False,False,False,True,False,techcomm.kohler.com
26286IN-G-AF,3D Model,RFA,https://techcomm.kohler.com/techcomm/cad/27106ME-4.dwg,https://www.kohler.co.in/p/statement-iconic-single-function-handshower-6-6-lpm-26286in-g?skuId=26286IN-G-AF,RFA,3d model,asset_000985,True,False,False,False,True,False,False,False,techcomm.kohler.com
26286IN-G-AF,3D Model,3DS,https://techcomm.kohler.com/techcomm/cad/27106ME-4.obj,https://www.kohler.co.in/p/statement-iconic-single-function-handshower-6-6-lpm-26286in-g?skuId=26286IN-G-AF,3DS,3d model,asset_000986,True,False,False,True,False,False,False,False,techcomm.kohler.com
26286IN-G-AF,3D Model,SKP,https://techcomm.kohler.com/techcomm/cad/27106me_4sde.dwg,https://www.kohler.co.in/p/statement-iconic-single-function-handshower-6-6-lpm-26286in-g?skuId=26286IN-G-AF,SKP,3d model,asset_000987,True,False,True,False,False,False,False,False,techcomm.kohler.com
27477IN-4ND-CP,3D Model,3DS,https://techcomm.kohler.com/techcomm/cad/27477IN-4ND.3ds,https://www.kohler.co.in/p/fore-tri-single-control-lav-faucet-without-drain-27477in-4nd?skuId=27477IN-4ND-CP,3DS,3d model,asset_000988,True,False,False,True,False,False,False,False,techcomm.kohler.com
27477IN-4ND-CP,CAD Drawing,DWG,https://techcomm.kohler.com/techcomm/cad/27477IN-4ND.dwg,https://www.kohler.co.in/p/fore-tri-single-control-lav-faucet-without-drain-27477in-4nd?skuId=27477IN-4ND-CP,DWG,cad drawing,asset_000989,False,False,False,False,False,True,False,False,techcomm.kohler.com
27477IN-4ND-CP,CAD Drawing,DXF,https://techcomm.kohler.com/techcomm/cad/27477IN-4ND.dxf,https://www.kohler.co.in/p/fore-tri-single-control-lav-faucet-without-drain-27477in-4nd?skuId=27477IN-4ND-CP,DXF,cad drawing,asset_000990,False,False,False,False,False,False,True,False,techcomm.kohler.com
27477IN-4ND-CP,3D Model,OBJ,https://techcomm.kohler.com/techcomm/cad/27477IN-4ND.obj,https://www.kohler.co.in/p/fore-tri-single-control-lav-faucet-without-drain-27477in-4nd?skuId=27477IN-4ND-CP,OBJ,3d model,asset_000991,True,True,False,False,False,False,False,False,techcomm.kohler.com
27477IN-4ND-CP,3D Model,SKP,https://techcomm.kohler.com/techcomm/cad/27477IN-4ND.skp,https://www.kohler.co.in/p/fore-tri-single-control-lav-faucet-without-drain-27477in-4nd?skuId=27477IN-4ND-CP,SKP,3d model,asset_000992,True,False,True,False,False,False,False,False,techcomm.kohler.com
27477IN-4ND-CP,CAD Drawing,DWG,https://techcomm.kohler.com/techcomm/cad/27477in_4ndfrt.dwg,https://www.kohler.co.in/p/fore-tri-single-control-lav-faucet-without-drain-27477in-4nd?skuId=27477IN-4ND-CP,DWG,cad drawing,asset_000993,False,False,False,False,False,True,False,False,techcomm.kohler.com
27477IN-4ND-CP,CAD Drawing,DXF,https://techcomm.kohler.com/techcomm/cad/27477in_4ndfrt.dxf,https://www.kohler.co.in/p/fore-tri-single-control-lav-faucet-without-drain-27477in-4nd?skuId=27477IN-4ND-CP,DXF,cad drawing,asset_000994,False,False,False,False,False,False,True,False,techcomm.kohler.com
27477IN-4ND-CP,CAD Drawing,DWG,https://techcomm.kohler.com/techcomm/cad/27477in_4ndpln.dwg,https://www.kohler.co.in/p/fore-tri-single-control-lav-faucet-without-drain-27477in-4nd?skuId=27477IN-4ND-CP,DWG,cad drawing,asset_000995,False,False,False,False,False,True,False,False,techcomm.kohler.com
27477IN-4ND-CP,CAD Drawing,DXF,https://techcomm.kohler.com/techcomm/cad/27477in_4ndpln.dxf,https://www.kohler.co.in/p/fore-tri-single-control-lav-faucet-without-drain-27477in-4nd?skuId=27477IN-4ND-CP,DXF,cad drawing,asset_000996,False,False,False,False,False,False,True,False,techcomm.kohler.com
27477IN-4ND-CP,CAD Drawing,DWG,https://techcomm.kohler.com/techcomm/cad/27477in_4ndsde.dwg,https://www.kohler.co.in/p/fore-tri-single-control-lav-faucet-without-drain-27477in-4nd?skuId=27477IN-4ND-CP,DWG,cad drawing,asset_000997,False,False,False,False,False,True,False,False,techcomm.kohler.com
27477IN-4ND-CP,CAD Drawing,DXF,https://techcomm.kohler.com/techcomm/cad/27477in_4ndsde.dxf,https://www.kohler.co.in/p/fore-tri-single-control-lav-faucet-without-drain-27477in-4nd?skuId=27477IN-4ND-CP,DXF,cad drawing,asset_000998,False,False,False,False,False,False,True,False,techcomm.kohler.com
27481IN-4ND-CP,3D Model,3DS,https://techcomm.kohler.com/techcomm/cad/27481IN-4ND.3ds,https://www.kohler.co.in/p/fore-tri-single-control-wall-mount-lav-faucet-trim-without-drain-27481in-4nd?skuId=27481IN-4ND-CP,3DS,3d model,asset_000999,True,False,False,True,False,False,False,False,techcomm.kohler.com
27481IN-4ND-CP,CAD Drawing,DWG,https://techcomm.kohler.com/techcomm/cad/27481IN-4ND.dwg,https://www.kohler.co.in/p/fore-tri-single-control-wall-mount-lav-faucet-trim-without-drain-27481in-4nd?skuId=27481IN-4ND-CP,DWG,cad drawing,asset_001000,False,False,False,False,False,True,False,False,techcomm.kohler.com
27481IN-4ND-CP,CAD Drawing,DXF,https://techcomm.kohler.com/techcomm/cad/27481IN-4ND.dxf,https://www.kohler.co.in/p/fore-tri-single-control-wall-mount-lav-faucet-trim-without-drain-27481in-4nd?skuId=27481IN-4ND-CP,DXF,cad drawing,asset_001001,False,False,False,False,False,False,True,False,techcomm.kohler.com
27481IN-4ND-CP,3D Model,OBJ,https://techcomm.kohler.com/techcomm/cad/27481IN-4ND.obj,https://www.kohler.co.in/p/fore-tri-single-control-wall-mount-lav-faucet-trim-without-drain-27481in-4nd?skuId=27481IN-4ND-CP,OBJ,3d model,asset_001002,True,True,False,False,False,False,False,False,techcomm.kohler.com
27481IN-4ND-CP,3D Model,SKP,https://techcomm.kohler.com/techcomm/cad/27481IN-4ND.skp,https://www.kohler.co.in/p/fore-tri-single-control-wall-mount-lav-faucet-trim-without-drain-27481in-4nd?skuId=27481IN-4ND-CP,SKP,3d model,asset_001003,True,False,True,False,False,False,False,False,techcomm.kohler.com
27481IN-4ND-CP,CAD Drawing,DWG,https://techcomm.kohler.com/techcomm/cad/27481in_4ndfrt.dwg,https://www.kohler.co.in/p/fore-tri-single-control-wall-mount-lav-faucet-trim-without-drain-27481in-4nd?skuId=27481IN-4ND-CP,DWG,cad drawing,asset_001004,False,False,False,False,False,True,False,False,techcomm.kohler.com
27481IN-4ND-CP,CAD Drawing,DXF,https://techcomm.kohler.com/techcomm/cad/27481in_4ndfrt.dxf,https://www.kohler.co.in/p/fore-tri-single-control-wall-mount-lav-faucet-trim-without-drain-27481in-4nd?skuId=27481IN-4ND-CP,DXF,cad drawing,asset_001005,False,False,False,False,False,False,True,False,techcomm.kohler.com
27481IN-4ND-CP,CAD Drawing,DWG,https://techcomm.kohler.com/techcomm/cad/27481in_4ndpln.dwg,https://www.kohler.co.in/p/fore-tri-single-control-wall-mount-lav-faucet-trim-without-drain-27481in-4nd?skuId=27481IN-4ND-CP,DWG,cad drawing,asset_001006,False,False,False,False,False,True,False,False,techcomm.kohler.com
27481IN-4ND-CP,CAD Drawing,DXF,https://techcomm.kohler.com/techcomm/cad/27481in_4ndpln.dxf,https://www.kohler.co.in/p/fore-tri-single-control-wall-mount-lav-faucet-trim-without-drain-27481in-4nd?skuId=27481IN-4ND-CP,DXF,cad drawing,asset_001007,False,False,False,False,False,False,True,False,techcomm.kohler.com
27481IN-4ND-CP,CAD Drawing,DWG,https://techcomm.kohler.com/techcomm/cad/27481in_4ndsde.dwg,https://www.kohler.co.in/p/fore-tri-single-control-wall-mount-lav-faucet-trim-without-drain-27481in-4nd?skuId=27481IN-4ND-CP,DWG,cad drawing,asset_001008,False,False,False,False,False,True,False,False,techcomm.kohler.com
27481IN-4ND-CP,CAD Drawing,DXF,https://techcomm.kohler.com/techcomm/cad/27481in_4ndsde.dxf,https://www.kohler.co.in/p/fore-tri-single-control-wall-mount-lav-faucet-trim-without-drain-27481in-4nd?skuId=27481IN-4ND-CP,DXF,cad drawing,asset_001009,False,False,False,False,False,False,True,False,techcomm.kohler.com
27483IN-4ND-CP,3D Model,3DS,https://techcomm.kohler.com/techcomm/cad/27483IN-4ND.3ds,https://www.kohler.co.in/p/fore-arc-single-control-wall-mount-lav-faucet-trim-without-drain-27483in-4nd?skuId=27483IN-4ND-CP,3DS,3d model,asset_001010,True,False,False,True,False,False,False,False,techcomm.kohler.com
27483IN-4ND-CP,CAD Drawing,DWG,https://techcomm.kohler.com/techcomm/cad/27483IN-4ND.dwg,https://www.kohler.co.in/p/fore-arc-single-control-wall-mount-lav-faucet-trim-without-drain-27483in-4nd?skuId=27483IN-4ND-CP,DWG,cad drawing,asset_001011,False,False,False,False,False,True,False,False,techcomm.kohler.com
27483IN-4ND-CP,CAD Drawing,DXF,https://techcomm.kohler.com/techcomm/cad/27483IN-4ND.dxf,https://www.kohler.co.in/p/fore-arc-single-control-wall-mount-lav-faucet-trim-without-drain-27483in-4nd?skuId=27483IN-4ND-CP,DXF,cad drawing,asset_001012,False,False,False,False,False,False,True,False,techcomm.kohler.com
27483IN-4ND-CP,3D Model,OBJ,https://techcomm.kohler.com/techcomm/cad/27483IN-4ND.obj,https://www.kohler.co.in/p/fore-arc-single-control-wall-mount-lav-faucet-trim-without-drain-27483in-4nd?skuId=27483IN-4ND-CP,OBJ,3d model,asset_001013,True,True,False,False,False,False,False,False,techcomm.kohler.com
27483IN-4ND-CP,3D Model,SKP,https://techcomm.kohler.com/techcomm/cad/27483IN-4ND.skp,https://www.kohler.co.in/p/fore-arc-single-control-wall-mount-lav-faucet-trim-without-drain-27483in-4nd?skuId=27483IN-4ND-CP,SKP,3d model,asset_001014,True,False,True,False,False,False,False,False,techcomm.kohler.com
27483IN-4ND-CP,CAD Drawing,DWG,https://techcomm.kohler.com/techcomm/cad/27483in_4ndfrt.dwg,https://www.kohler.co.in/p/fore-arc-single-control-wall-mount-lav-faucet-trim-without-drain-27483in-4nd?skuId=27483IN-4ND-CP,DWG,cad drawing,asset_001015,False,False,False,False,False,True,False,False,techcomm.kohler.com
27483IN-4ND-CP,CAD Drawing,DXF,https://techcomm.kohler.com/techcomm/cad/27483in_4ndfrt.dxf,https://www.kohler.co.in/p/fore-arc-single-control-wall-mount-lav-faucet-trim-without-drain-27483in-4nd?skuId=27483IN-4ND-CP,DXF,cad drawing,asset_001016,False,False,False,False,False,False,True,False,techcomm.kohler.com
27483IN-4ND-CP,CAD Drawing,DWG,https://techcomm.kohler.com/techcomm/cad/27483in_4ndpln.dwg,https://www.kohler.co.in/p/fore-arc-single-control-wall-mount-lav-faucet-trim-without-drain-27483in-4nd?skuId=27483IN-4ND-CP,DWG,cad drawing,asset_001017,False,False,False,False,False,True,False,False,techcomm.kohler.com
27483IN-4ND-CP,CAD Drawing,DXF,https://techcomm.kohler.com/techcomm/cad/27483in_4ndpln.dxf,https://www.kohler.co.in/p/fore-arc-single-control-wall-mount-lav-faucet-trim-without-drain-27483in-4nd?skuId=27483IN-4ND-CP,DXF,cad drawing,asset_001018,False,False,False,False,False,False,True,False,techcomm.kohler.com
27483IN-4ND-CP,CAD Drawing,DWG,https://techcomm.kohler.com/techcomm/cad/27483in_4ndsde.dwg,https://www.kohler.co.in/p/fore-arc-single-control-wall-mount-lav-faucet-trim-without-drain-27483in-4nd?skuId=27483IN-4ND-CP,DWG,cad drawing,asset_001019,False,False,False,False,False,True,False,False,techcomm.kohler.com
27483IN-4ND-CP,CAD Drawing,DXF,https://techcomm.kohler.com/techcomm/cad/27483in_4ndsde.dxf,https://www.kohler.co.in/p/fore-arc-single-control-wall-mount-lav-faucet-trim-without-drain-27483in-4nd?skuId=27483IN-4ND-CP,DXF,cad drawing,asset_001020,False,False,False,False,False,False,True,False,techcomm.kohler.com
27487IN-4ND-CP,3D Model,3DS,https://techcomm.kohler.com/techcomm/cad/27487IN-4ND.3ds,https://www.kohler.co.in/p/fore-tri-wall-mount-cold-only-trim-assy-27487in-4nd?skuId=27487IN-4ND-CP,3DS,3d model,asset_001021,True,False,False,True,False,False,False,False,techcomm.kohler.com
27487IN-4ND-CP,CAD Drawing,DWG,https://techcomm.kohler.com/techcomm/cad/27487IN-4ND.dwg,https://www.kohler.co.in/p/fore-tri-wall-mount-cold-only-trim-assy-27487in-4nd?skuId=27487IN-4ND-CP,DWG,cad drawing,asset_001022,False,False,False,False,False,True,False,False,techcomm.kohler.com
27487IN-4ND-CP,CAD Drawing,DXF,https://techcomm.kohler.com/techcomm/cad/27487IN-4ND.dxf,https://www.kohler.co.in/p/fore-tri-wall-mount-cold-only-trim-assy-27487in-4nd?skuId=27487IN-4ND-CP,DXF,cad drawing,asset_001023,False,False,False,False,False,False,True,False,techcomm.kohler.com
27487IN-4ND-CP,3D Model,OBJ,https://techcomm.kohler.com/techcomm/cad/27487IN-4ND.obj,https://www.kohler.co.in/p/fore-tri-wall-mount-cold-only-trim-assy-27487in-4nd?skuId=27487IN-4ND-CP,OBJ,3d model,asset_001024,True,True,False,False,False,False,False,False,techcomm.kohler.com
27487IN-4ND-CP,3D Model,SKP,https://techcomm.kohler.com/techcomm/cad/27487IN-4ND.skp,https://www.kohler.co.in/p/fore-tri-wall-mount-cold-only-trim-assy-27487in-4nd?skuId=27487IN-4ND-CP,SKP,3d model,asset_001025,True,False,True,False,False,False,False,False,techcomm.kohler.com
27487IN-4ND-CP,CAD Drawing,DWG,https://techcomm.kohler.com/techcomm/cad/27487in_4ndfrt.dwg,https://www.kohler.co.in/p/fore-tri-wall-mount-cold-only-trim-assy-27487in-4nd?skuId=27487IN-4ND-CP,DWG,cad drawing,asset_001026,False,False,False,False,False,True,False,False,techcomm.kohler.com
27487IN-4ND-CP,CAD Drawing,DXF,https://techcomm.kohler.com/techcomm/cad/27487in_4ndfrt.dxf,https://www.kohler.co.in/p/fore-tri-wall-mount-cold-only-trim-assy-27487in-4nd?skuId=27487IN-4ND-CP,DXF,cad drawing,asset_001027,False,False,False,False,False,False,True,False,techcomm.kohler.com
27487IN-4ND-CP,CAD Drawing,DWG,https://techcomm.kohler.com/techcomm/cad/27487in_4ndpln.dwg,https://www.kohler.co.in/p/fore-tri-wall-mount-cold-only-trim-assy-27487in-4nd?skuId=27487IN-4ND-CP,DWG,cad drawing,asset_001028,False,False,False,False,False,True,False,False,techcomm.kohler.com
27487IN-4ND-CP,CAD Drawing,DXF,https://techcomm.kohler.com/techcomm/cad/27487in_4ndpln.dxf,https://www.kohler.co.in/p/fore-tri-wall-mount-cold-only-trim-assy-27487in-4nd?skuId=27487IN-4ND-CP,DXF,cad drawing,asset_001029,False,False,False,False,False,False,True,False,techcomm.kohler.com
27487IN-4ND-CP,CAD Drawing,DWG,https://techcomm.kohler.com/techcomm/cad/27487in_4ndsde.dwg,https://www.kohler.co.in/p/fore-tri-wall-mount-cold-only-trim-assy-27487in-4nd?skuId=27487IN-4ND-CP,DWG,cad drawing,asset_001030,False,False,False,False,False,True,False,False,techcomm.kohler.com
27487IN-4ND-CP,CAD Drawing,DXF,https://techcomm.kohler.com/techcomm/cad/27487in_4ndsde.dxf,https://www.kohler.co.in/p/fore-tri-wall-mount-cold-only-trim-assy-27487in-4nd?skuId=27487IN-4ND-CP,DXF,cad drawing,asset_001031,False,False,False,False,False,False,True,False,techcomm.kohler.com
27488IN-4ND-CP,3D Model,3DS,https://techcomm.kohler.com/techcomm/cad/27488IN-4ND.3ds,https://www.kohler.co.in/p/fore-line-wall-mount-cold-only-trim-assy-27488in-4nd?skuId=27488IN-4ND-CP,3DS,3d model,asset_001032,True,False,False,True,False,False,False,False,techcomm.kohler.com
27488IN-4ND-CP,CAD Drawing,DWG,https://techcomm.kohler.com/techcomm/cad/27488IN-4ND.dwg,https://www.kohler.co.in/p/fore-line-wall-mount-cold-only-trim-assy-27488in-4nd?skuId=27488IN-4ND-CP,DWG,cad drawing,asset_001033,False,False,False,False,False,True,False,False,techcomm.kohler.com
27488IN-4ND-CP,CAD Drawing,DXF,https://techcomm.kohler.com/techcomm/cad/27488IN-4ND.dxf,https://www.kohler.co.in/p/fore-line-wall-mount-cold-only-trim-assy-27488in-4nd?skuId=27488IN-4ND-CP,DXF,cad drawing,asset_001034,False,False,False,False,False,False,True,False,techcomm.kohler.com
27488IN-4ND-CP,3D Model,OBJ,https://techcomm.kohler.com/techcomm/cad/27488IN-4ND.obj,https://www.kohler.co.in/p/fore-line-wall-mount-cold-only-trim-assy-27488in-4nd?skuId=27488IN-4ND-CP,OBJ,3d model,asset_001035,True,True,False,False,False,False,False,False,techcomm.kohler.com
27488IN-4ND-CP,3D Model,SKP,https://techcomm.kohler.com/techcomm/cad/27488IN-4ND.skp,https://www.kohler.co.in/p/fore-line-wall-mount-cold-only-trim-assy-27488in-4nd?skuId=27488IN-4ND-CP,SKP,3d model,asset_001036,True,False,True,False,False,False,False,False,techcomm.kohler.com
27488IN-4ND-CP,CAD Drawing,DWG,https://techcomm.kohler.com/techcomm/cad/27488in_4ndfrt.dwg,https://www.kohler.co.in/p/fore-line-wall-mount-cold-only-trim-assy-27488in-4nd?skuId=27488IN-4ND-CP,DWG,cad drawing,asset_001037,False,False,False,False,False,True,False,False,techcomm.kohler.com
27488IN-4ND-CP,CAD Drawing,DXF,https://techcomm.kohler.com/techcomm/cad/27488in_4ndfrt.dxf,https://www.kohler.co.in/p/fore-line-wall-mount-cold-only-trim-assy-27488in-4nd?skuId=27488IN-4ND-CP,DXF,cad drawing,asset_001038,False,False,False,False,False,False,True,False,techcomm.kohler.com
27488IN-4ND-CP,CAD Drawing,DWG,https://techcomm.kohler.com/techcomm/cad/27488in_4ndpln.dwg,https://www.kohler.co.in/p/fore-line-wall-mount-cold-only-trim-assy-27488in-4nd?skuId=27488IN-4ND-CP,DWG,cad drawing,asset_001039,False,False,False,False,False,True,False,False,techcomm.kohler.com
27488IN-4ND-CP,CAD Drawing,DXF,https://techcomm.kohler.com/techcomm/cad/27488in_4ndpln.dxf,https://www.kohler.co.in/p/fore-line-wall-mount-cold-only-trim-assy-27488in-4nd?skuId=27488IN-4ND-CP,DXF,cad drawing,asset_001040,False,False,False,False,False,False,True,False,techcomm.kohler.com
27488IN-4ND-CP,CAD Drawing,DWG,https://techcomm.kohler.com/techcomm/cad/27488in_4ndsde.dwg,https://www.kohler.co.in/p/fore-line-wall-mount-cold-only-trim-assy-27488in-4nd?skuId=27488IN-4ND-CP,DWG,cad drawing,asset_001041,False,False,False,False,False,True,False,False,techcomm.kohler.com
27488IN-4ND-CP,CAD Drawing,DXF,https://techcomm.kohler.com/techcomm/cad/27488in_4ndsde.dxf,https://www.kohler.co.in/p/fore-line-wall-mount-cold-only-trim-assy-27488in-4nd?skuId=27488IN-4ND-CP,DXF,cad drawing,asset_001042,False,False,False,False,False,False,True,False,techcomm.kohler.com
27489IN-4ND-CP,3D Model,3DS,https://techcomm.kohler.com/techcomm/cad/27489IN-4ND.3ds,https://www.kohler.co.in/p/fore-arc-wall-mount-cold-only-trim-assy-27489in-4nd?skuId=27489IN-4ND-CP,3DS,3d model,asset_001043,True,False,False,True,False,False,False,False,techcomm.kohler.com
27489IN-4ND-CP,CAD Drawing,DWG,https://techcomm.kohler.com/techcomm/cad/27489IN-4ND.dwg,https://www.kohler.co.in/p/fore-arc-wall-mount-cold-only-trim-assy-27489in-4nd?skuId=27489IN-4ND-CP,DWG,cad drawing,asset_001044,False,False,False,False,False,True,False,False,techcomm.kohler.com
27489IN-4ND-CP,CAD Drawing,DXF,https://techcomm.kohler.com/techcomm/cad/27489IN-4ND.dxf,https://www.kohler.co.in/p/fore-arc-wall-mount-cold-only-trim-assy-27489in-4nd?skuId=27489IN-4ND-CP,DXF,cad drawing,asset_001045,False,False,False,False,False,False,True,False,techcomm.kohler.com
27489IN-4ND-CP,3D Model,OBJ,https://techcomm.kohler.com/techcomm/cad/27489IN-4ND.obj,https://www.kohler.co.in/p/fore-arc-wall-mount-cold-only-trim-assy-27489in-4nd?skuId=27489IN-4ND-CP,OBJ,3d model,asset_001046,True,True,False,False,False,False,False,False,techcomm.kohler.com
27489IN-4ND-CP,3D Model,SKP,https://techcomm.kohler.com/techcomm/cad/27489IN-4ND.skp,https://www.kohler.co.in/p/fore-arc-wall-mount-cold-only-trim-assy-27489in-4nd?skuId=27489IN-4ND-CP,SKP,3d model,asset_001047,True,False,True,False,False,False,False,False,techcomm.kohler.com
27489IN-4ND-CP,CAD Drawing,DWG,https://techcomm.kohler.com/techcomm/cad/27489in_4ndfrt.dwg,https://www.kohler.co.in/p/fore-arc-wall-mount-cold-only-trim-assy-27489in-4nd?skuId=27489IN-4ND-CP,DWG,cad drawing,asset_001048,False,False,False,False,False,True,False,False,techcomm.kohler.com
27489IN-4ND-CP,CAD Drawing,DXF,https://techcomm.kohler.com/techcomm/cad/27489in_4ndfrt.dxf,https://www.kohler.co.in/p/fore-arc-wall-mount-cold-only-trim-assy-27489in-4nd?skuId=27489IN-4ND-CP,DXF,cad drawing,asset_001049,False,False,False,False,False,False,True,False,techcomm.kohler.com
27489IN-4ND-CP,CAD Drawing,DWG,https://techcomm.kohler.com/techcomm/cad/27489in_4ndpln.dwg,https://www.kohler.co.in/p/fore-arc-wall-mount-cold-only-trim-assy-27489in-4nd?skuId=27489IN-4ND-CP,DWG,cad drawing,asset_001050,False,False,False,False,False,True,False,False,techcomm.kohler.com
27489IN-4ND-CP,CAD Drawing,DXF,https://techcomm.kohler.com/techcomm/cad/27489in_4ndpln.dxf,https://www.kohler.co.in/p/fore-arc-wall-mount-cold-only-trim-assy-27489in-4nd?skuId=27489IN-4ND-CP,DXF,cad drawing,asset_001051,False,False,False,False,False,False,True,False,techcomm.kohler.com
27489IN-4ND-CP,CAD Drawing,DWG,https://techcomm.kohler.com/techcomm/cad/27489in_4ndsde.dwg,https://www.kohler.co.in/p/fore-arc-wall-mount-cold-only-trim-assy-27489in-4nd?skuId=27489IN-4ND-CP,DWG,cad drawing,asset_001052,False,False,False,False,False,True,False,False,techcomm.kohler.com
27489IN-4ND-CP,CAD Drawing,DXF,https://techcomm.kohler.com/techcomm/cad/27489in_4ndsde.dxf,https://www.kohler.co.in/p/fore-arc-wall-mount-cold-only-trim-assy-27489in-4nd?skuId=27489IN-4ND-CP,DXF,cad drawing,asset_001053,False,False,False,False,False,False,True,False,techcomm.kohler.com
27490IN-CP,3D Model,3DS,https://techcomm.kohler.com/techcomm/cad/27490IN.3ds,https://www.kohler.co.in/p/fore-bath-spout-without-diverter-27490in?skuId=27490IN-CP,3DS,3d model,asset_001054,True,False,False,True,False,False,False,False,techcomm.kohler.com
27490IN-CP,CAD Drawing,DWG,https://techcomm.kohler.com/techcomm/cad/27490IN.dwg,https://www.kohler.co.in/p/fore-bath-spout-without-diverter-27490in?skuId=27490IN-CP,DWG,cad drawing,asset_001055,False,False,False,False,False,True,False,False,techcomm.kohler.com
27490IN-CP,CAD Drawing,DXF,https://techcomm.kohler.com/techcomm/cad/27490IN.dxf,https://www.kohler.co.in/p/fore-bath-spout-without-diverter-27490in?skuId=27490IN-CP,DXF,cad drawing,asset_001056,False,False,False,False,False,False,True,False,techcomm.kohler.com
27490IN-CP,3D Model,OBJ,https://techcomm.kohler.com/techcomm/cad/27490IN.obj,https://www.kohler.co.in/p/fore-bath-spout-without-diverter-27490in?skuId=27490IN-CP,OBJ,3d model,asset_001057,True,True,False,False,False,False,False,False,techcomm.kohler.com
27490IN-CP,3D Model,SKP,https://techcomm.kohler.com/techcomm/cad/27490IN.skp,https://www.kohler.co.in/p/fore-bath-spout-without-diverter-27490in?skuId=27490IN-CP,SKP,3d model,asset_001058,True,False,True,False,False,False,False,False,techcomm.kohler.com
27490IN-CP,CAD Drawing,DWG,https://techcomm.kohler.com/techcomm/cad/27490infrt.dwg,https://www.kohler.co.in/p/fore-bath-spout-without-diverter-27490in?skuId=27490IN-CP,DWG,cad drawing,asset_001059,False,False,False,False,False,True,False,False,techcomm.kohler.com
27490IN-CP,CAD Drawing,DXF,https://techcomm.kohler.com/techcomm/cad/27490infrt.dxf,https://www.kohler.co.in/p/fore-bath-spout-without-diverter-27490in?skuId=27490IN-CP,DXF,cad drawing,asset_001060,False,False,False,False,False,False,True,False,techcomm.kohler.com
27490IN-CP,CAD Drawing,DWG,https://techcomm.kohler.com/techcomm/cad/27490inpln.dwg,https://www.kohler.co.in/p/fore-bath-spout-without-diverter-27490in?skuId=27490IN-CP,DWG,cad drawing,asset_001061,False,False,False,False,False,True,False,False,techcomm.kohler.com
27490IN-CP,CAD Drawing,DXF,https://techcomm.kohler.com/techcomm/cad/27490inpln.dxf,https://www.kohler.co.in/p/fore-bath-spout-without-diverter-27490in?skuId=27490IN-CP,DXF,cad drawing,asset_001062,False,False,False,False,False,False,True,False,techcomm.kohler.com
27490IN-CP,CAD Drawing,DWG,https://techcomm.kohler.com/techcomm/cad/27490insde.dwg,https://www.kohler.co.in/p/fore-bath-spout-without-diverter-27490in?skuId=27490IN-CP,DWG,cad drawing,asset_001063,False,False,False,False,False,True,False,False,techcomm.kohler.com
27490IN-CP,CAD Drawing,DXF,https://techcomm.kohler.com/techcomm/cad/27490insde.dxf,https://www.kohler.co.in/p/fore-bath-spout-without-diverter-27490in?skuId=27490IN-CP,DXF,cad drawing,asset_001064,False,False,False,False,False,False,True,False,techcomm.kohler.com
27492IN-CP,3D Model,3DS,https://techcomm.kohler.com/techcomm/cad/27492IN.3ds,https://www.kohler.co.in/p/fore-arc-bath-spout-without-diverter-27492in?skuId=27492IN-CP,3DS,3d model,asset_001065,True,False,False,True,False,False,False,False,techcomm.kohler.com
27492IN-CP,CAD Drawing,DWG,https://techcomm.kohler.com/techcomm/cad/27492IN.dwg,https://www.kohler.co.in/p/fore-arc-bath-spout-without-diverter-27492in?skuId=27492IN-CP,DWG,cad drawing,asset_001066,False,False,False,False,False,True,False,False,techcomm.kohler.com
27492IN-CP,CAD Drawing,DXF,https://techcomm.kohler.com/techcomm/cad/27492IN.dxf,https://www.kohler.co.in/p/fore-arc-bath-spout-without-diverter-27492in?skuId=27492IN-CP,DXF,cad drawing,asset_001067,False,False,False,False,False,False,True,False,techcomm.kohler.com
27492IN-CP,3D Model,OBJ,https://techcomm.kohler.com/techcomm/cad/27492IN.obj,https://www.kohler.co.in/p/fore-arc-bath-spout-without-diverter-27492in?skuId=27492IN-CP,OBJ,3d model,asset_001068,True,True,False,False,False,False,False,False,techcomm.kohler.com
27492IN-CP,3D Model,SKP,https://techcomm.kohler.com/techcomm/cad/27492IN.skp,https://www.kohler.co.in/p/fore-arc-bath-spout-without-diverter-27492in?skuId=27492IN-CP,SKP,3d model,asset_001069,True,False,True,False,False,False,False,False,techcomm.kohler.com
27492IN-CP,CAD Drawing,DWG,https://techcomm.kohler.com/techcomm/cad/27492infrt.dwg,https://www.kohler.co.in/p/fore-arc-bath-spout-without-diverter-27492in?skuId=27492IN-CP,DWG,cad drawing,asset_001070,False,False,False,False,False,True,False,False,techcomm.kohler.com
27492IN-CP,CAD Drawing,DXF,https://techcomm.kohler.com/techcomm/cad/27492infrt.dxf,https://www.kohler.co.in/p/fore-arc-bath-spout-without-diverter-27492in?skuId=27492IN-CP,DXF,cad drawing,asset_001071,False,False,False,False,False,False,True,False,techcomm.kohler.com
27492IN-CP,CAD Drawing,DWG,https://techcomm.kohler.com/techcomm/cad/27492inpln.dwg,https://www.kohler.co.in/p/fore-arc-bath-spout-without-diverter-27492in?skuId=27492IN-CP,DWG,cad drawing,asset_001072,False,False,False,False,False,True,False,False,techcomm.kohler.com
27492IN-CP,CAD Drawing,DXF,https://techcomm.kohler.com/techcomm/cad/27492inpln.dxf,https://www.kohler.co.in/p/fore-arc-bath-spout-without-diverter-27492in?skuId=27492IN-CP,DXF,cad drawing,asset_001073,False,False,False,False,False,False,True,False,techcomm.kohler.com
27492IN-CP,CAD Drawing,DWG,https://techcomm.kohler.com/techcomm/cad/27492insde.dwg,https://www.kohler.co.in/p/fore-arc-bath-spout-without-diverter-27492in?skuId=27492IN-CP,DWG,cad drawing,asset_001074,False,False,False,False,False,True,False,False,techcomm.kohler.com
27492IN-CP,CAD Drawing,DXF,https://techcomm.kohler.com/techcomm/cad/27492insde.dxf,https://www.kohler.co.in/p/fore-arc-bath-spout-without-diverter-27492in?skuId=27492IN-CP,DXF,cad drawing,asset_001075,False,False,False,False,False,False,True,False,techcomm.kohler.com
27493IN-CP,3D Model,3DS,https://techcomm.kohler.com/techcomm/cad/27493IN.3ds,https://www.kohler.co.in/p/fore-bath-spout-with-diverter-27493in?skuId=27493IN-CP,3DS,3d model,asset_001076,True,False,False,True,False,False,False,False,techcomm.kohler.com
27493IN-CP,CAD Drawing,DWG,https://techcomm.kohler.com/techcomm/cad/27493IN.dwg,https://www.kohler.co.in/p/fore-bath-spout-with-diverter-27493in?skuId=27493IN-CP,DWG,cad drawing,asset_001077,False,False,False,False,False,True,False,False,techcomm.kohler.com
27493IN-CP,CAD Drawing,DXF,https://techcomm.kohler.com/techcomm/cad/27493IN.dxf,https://www.kohler.co.in/p/fore-bath-spout-with-diverter-27493in?skuId=27493IN-CP,DXF,cad drawing,asset_001078,False,False,False,False,False,False,True,False,techcomm.kohler.com
27493IN-CP,3D Model,OBJ,https://techcomm.kohler.com/techcomm/cad/27493IN.obj,https://www.kohler.co.in/p/fore-bath-spout-with-diverter-27493in?skuId=27493IN-CP,OBJ,3d model,asset_001079,True,True,False,False,False,False,False,False,techcomm.kohler.com
27493IN-CP,3D Model,SKP,https://techcomm.kohler.com/techcomm/cad/27493IN.skp,https://www.kohler.co.in/p/fore-bath-spout-with-diverter-27493in?skuId=27493IN-CP,SKP,3d model,asset_001080,True,False,True,False,False,False,False,False,techcomm.kohler.com
27493IN-CP,CAD Drawing,DWG,https://techcomm.kohler.com/techcomm/cad/27493infrt.dwg,https://www.kohler.co.in/p/fore-bath-spout-with-diverter-27493in?skuId=27493IN-CP,DWG,cad drawing,asset_001081,False,False,False,False,False,True,False,False,techcomm.kohler.com
27493IN-CP,CAD Drawing,DXF,https://techcomm.kohler.com/techcomm/cad/27493infrt.dxf,https://www.kohler.co.in/p/fore-bath-spout-with-diverter-27493in?skuId=27493IN-CP,DXF,cad drawing,asset_001082,False,False,False,False,False,False,True,False,techcomm.kohler.com
27493IN-CP,CAD Drawing,DWG,https://techcomm.kohler.com/techcomm/cad/27493inpln.dwg,https://www.kohler.co.in/p/fore-bath-spout-with-diverter-27493in?skuId=27493IN-CP,DWG,cad drawing,asset_001083,False,False,False,False,False,True,False,False,techcomm.kohler.com
27493IN-CP,CAD Drawing,DXF,https://techcomm.kohler.com/techcomm/cad/27493inpln.dxf,https://www.kohler.co.in/p/fore-bath-spout-with-diverter-27493in?skuId=27493IN-CP,DXF,cad drawing,asset_001084,False,False,False,False,False,False,True,False,techcomm.kohler.com
27493IN-CP,CAD Drawing,DWG,https://techcomm.kohler.com/techcomm/cad/27493insde.dwg,https://www.kohler.co.in/p/fore-bath-spout-with-diverter-27493in?skuId=27493IN-CP,DWG,cad drawing,asset_001085,False,False,False,False,False,True,False,False,techcomm.kohler.com
27493IN-CP,CAD Drawing,DXF,https://techcomm.kohler.com/techcomm/cad/27493insde.dxf,https://www.kohler.co.in/p/fore-bath-spout-with-diverter-27493in?skuId=27493IN-CP,DXF,cad drawing,asset_001086,False,False,False,False,False,False,True,False,techcomm.kohler.com
27494IN-CP,3D Model,3DS,https://techcomm.kohler.com/techcomm/cad/27494IN.3ds,https://www.kohler.co.in/p/fore-arc-bath-spout-w-diverter-27494in?skuId=27494IN-CP,3DS,3d model,asset_001087,True,False,False,True,False,False,False,False,techcomm.kohler.com
27494IN-CP,CAD Drawing,DWG,https://techcomm.kohler.com/techcomm/cad/27494IN.dwg,https://www.kohler.co.in/p/fore-arc-bath-spout-w-diverter-27494in?skuId=27494IN-CP,DWG,cad drawing,asset_001088,False,False,False,False,False,True,False,False,techcomm.kohler.com
27494IN-CP,CAD Drawing,DXF,https://techcomm.kohler.com/techcomm/cad/27494IN.dxf,https://www.kohler.co.in/p/fore-arc-bath-spout-w-diverter-27494in?skuId=27494IN-CP,DXF,cad drawing,asset_001089,False,False,False,False,False,False,True,False,techcomm.kohler.com
27494IN-CP,3D Model,OBJ,https://techcomm.kohler.com/techcomm/cad/27494IN.obj,https://www.kohler.co.in/p/fore-arc-bath-spout-w-diverter-27494in?skuId=27494IN-CP,OBJ,3d model,asset_001090,True,True,False,False,False,False,False,False,techcomm.kohler.com
27494IN-CP,3D Model,SKP,https://techcomm.kohler.com/techcomm/cad/27494IN.skp,https://www.kohler.co.in/p/fore-arc-bath-spout-w-diverter-27494in?skuId=27494IN-CP,SKP,3d model,asset_001091,True,False,True,False,False,False,False,False,techcomm.kohler.com
27494IN-CP,CAD Drawing,DWG,https://techcomm.kohler.com/techcomm/cad/27494infrt.dwg,https://www.kohler.co.in/p/fore-arc-bath-spout-w-diverter-27494in?skuId=27494IN-CP,DWG,cad drawing,asset_001092,False,False,False,False,False,True,False,False,techcomm.kohler.com
27494IN-CP,CAD Drawing,DXF,https://techcomm.kohler.com/techcomm/cad/27494infrt.dxf,https://www.kohler.co.in/p/fore-arc-bath-spout-w-diverter-27494in?skuId=27494IN-CP,DXF,cad drawing,asset_001093,False,False,False,False,False,False,True,False,techcomm.kohler.com
27494IN-CP,CAD Drawing,DWG,https://techcomm.kohler.com/techcomm/cad/27494inpln.dwg,https://www.kohler.co.in/p/fore-arc-bath-spout-w-diverter-27494in?skuId=27494IN-CP,DWG,cad drawing,asset_001094,False,False,False,False,False,True,False,False,techcomm.kohler.com
27494IN-CP,CAD Drawing,DXF,https://techcomm.kohler.com/techcomm/cad/27494inpln.dxf,https://www.kohler.co.in/p/fore-arc-bath-spout-w-diverter-27494in?skuId=27494IN-CP,DXF,cad drawing,asset_001095,False,False,False,False,False,False,True,False,techcomm.kohler.com
27494IN-CP,CAD Drawing,DWG,https://techcomm.kohler.com/techcomm/cad/27494insde.dwg,https://www.kohler.co.in/p/fore-arc-bath-spout-w-diverter-27494in?skuId=27494IN-CP,DWG,cad drawing,asset_001096,False,False,False,False,False,True,False,False,techcomm.kohler.com
27494IN-CP,CAD Drawing,DXF,https://techcomm.kohler.com/techcomm/cad/27494insde.dxf,https://www.kohler.co.in/p/fore-arc-bath-spout-w-diverter-27494in?skuId=27494IN-CP,DXF,cad drawing,asset_001097,False,False,False,False,False,False,True,False,techcomm.kohler.com
2749T-1-0,3D Model,3DS,https://techcomm.kohler.com/techcomm/cad/2749T-1.3ds,https://www.kohler.co.in/p/forefront-vanity-lavatory-with-single-faucet-hole-2749t-1?skuId=2749T-1-0,3DS,3d model,asset_001098,True,False,False,True,False,False,False,False,techcomm.kohler.com
2749T-1-0,CAD Drawing,DWG,https://techcomm.kohler.com/techcomm/cad/2749T-1.dwg,https://www.kohler.co.in/p/forefront-vanity-lavatory-with-single-faucet-hole-2749t-1?skuId=2749T-1-0,DWG,cad drawing,asset_001099,False,False,False,False,False,True,False,False,techcomm.kohler.com
2749T-1-0,CAD Drawing,DXF,https://techcomm.kohler.com/techcomm/cad/2749T-1.dxf,https://www.kohler.co.in/p/forefront-vanity-lavatory-with-single-faucet-hole-2749t-1?skuId=2749T-1-0,DXF,cad drawing,asset_001100,False,False,False,False,False,False,True,False,techcomm.kohler.com
2749T-1-0,3D Model,OBJ,https://techcomm.kohler.com/techcomm/cad/2749T-1.obj,https://www.kohler.co.in/p/forefront-vanity-lavatory-with-single-faucet-hole-2749t-1?skuId=2749T-1-0,OBJ,3d model,asset_001101,True,True,False,False,False,False,False,False,techcomm.kohler.com
2749T-1-0,3D Model,SKP,https://techcomm.kohler.com/techcomm/cad/2749T-1.skp,https://www.kohler.co.in/p/forefront-vanity-lavatory-with-single-faucet-hole-2749t-1?skuId=2749T-1-0,SKP,3d model,asset_001102,True,False,True,False,False,False,False,False,techcomm.kohler.com
2749T-1-0,CAD Drawing,DWG,https://techcomm.kohler.com/techcomm/cad/2749t_1frt.dwg,https://www.kohler.co.in/p/forefront-vanity-lavatory-with-single-faucet-hole-2749t-1?skuId=2749T-1-0,DWG,cad drawing,asset_001103,False,False,False,False,False,True,False,False,techcomm.kohler.com
2749T-1-0,CAD Drawing,DXF,https://techcomm.kohler.com/techcomm/cad/2749t_1frt.dxf,https://www.kohler.co.in/p/forefront-vanity-lavatory-with-single-faucet-hole-2749t-1?skuId=2749T-1-0,DXF,cad drawing,asset_001104,False,False,False,False,False,False,True,False,techcomm.kohler.com
2749T-1-0,CAD Drawing,DWG,https://techcomm.kohler.com/techcomm/cad/2749t_1pln.dwg,https://www.kohler.co.in/p/forefront-vanity-lavatory-with-single-faucet-hole-2749t-1?skuId=2749T-1-0,DWG,cad drawing,asset_001105,False,False,False,False,False,True,False,False,techcomm.kohler.com
2749T-1-0,CAD Drawing,DXF,https://techcomm.kohler.com/techcomm/cad/2749t_1pln.dxf,https://www.kohler.co.in/p/forefront-vanity-lavatory-with-single-faucet-hole-2749t-1?skuId=2749T-1-0,DXF,cad drawing,asset_001106,False,False,False,False,False,False,True,False,techcomm.kohler.com
2749T-1-0,CAD Drawing,DWG,https://techcomm.kohler.com/techcomm/cad/2749t_1sde.dwg,https://www.kohler.co.in/p/forefront-vanity-lavatory-with-single-faucet-hole-2749t-1?skuId=2749T-1-0,DWG,cad drawing,asset_001107,False,False,False,False,False,True,False,False,techcomm.kohler.com
2749T-1-0,CAD Drawing,DXF,https://techcomm.kohler.com/techcomm/cad/2749t_1sde.dxf,https://www.kohler.co.in/p/forefront-vanity-lavatory-with-single-faucet-hole-2749t-1?skuId=2749T-1-0,DXF,cad drawing,asset_001108,False,False,False,False,False,False,True,False,techcomm.kohler.com
27724IN-CP,3D Model,3DS,https://techcomm.kohler.com/techcomm/cad/27724IN.3ds,https://www.kohler.co.in/p/kohler-rain-duet-filter-shower-with-activated-charcoal-and-5-showering-modes-27724in?skuId=27724IN-CP,3DS,3d model,asset_001109,True,False,False,True,False,False,False,False,techcomm.kohler.com
27724IN-CP,CAD Drawing,DWG,https://techcomm.kohler.com/techcomm/cad/27724IN.dwg,https://www.kohler.co.in/p/kohler-rain-duet-filter-shower-with-activated-charcoal-and-5-showering-modes-27724in?skuId=27724IN-CP,DWG,cad drawing,asset_001110,False,False,False,False,False,True,False,False,techcomm.kohler.com
27724IN-CP,CAD Drawing,DXF,https://techcomm.kohler.com/techcomm/cad/27724IN.dxf,https://www.kohler.co.in/p/kohler-rain-duet-filter-shower-with-activated-charcoal-and-5-showering-modes-27724in?skuId=27724IN-CP,DXF,cad drawing,asset_001111,False,False,False,False,False,False,True,False,techcomm.kohler.com
27724IN-CP,3D Model,OBJ,https://techcomm.kohler.com/techcomm/cad/27724IN.obj,https://www.kohler.co.in/p/kohler-rain-duet-filter-shower-with-activated-charcoal-and-5-showering-modes-27724in?skuId=27724IN-CP,OBJ,3d model,asset_001112,True,True,False,False,False,False,False,False,techcomm.kohler.com
27724IN-CP,3D Model,SKP,https://techcomm.kohler.com/techcomm/cad/27724IN.skp,https://www.kohler.co.in/p/kohler-rain-duet-filter-shower-with-activated-charcoal-and-5-showering-modes-27724in?skuId=27724IN-CP,SKP,3d model,asset_001113,True,False,True,False,False,False,False,False,techcomm.kohler.com
27724IN-CP,CAD Drawing,DWG,https://techcomm.kohler.com/techcomm/cad/27724infrt.dwg,https://www.kohler.co.in/p/kohler-rain-duet-filter-shower-with-activated-charcoal-and-5-showering-modes-27724in?skuId=27724IN-CP,DWG,cad drawing,asset_001114,False,False,False,False,False,True,False,False,techcomm.kohler.com
27724IN-CP,CAD Drawing,DXF,https://techcomm.kohler.com/techcomm/cad/27724infrt.dxf,https://www.kohler.co.in/p/kohler-rain-duet-filter-shower-with-activated-charcoal-and-5-showering-modes-27724in?skuId=27724IN-CP,DXF,cad drawing,asset_001115,False,False,False,False,False,False,True,False,techcomm.kohler.com
27724IN-CP,CAD Drawing,DWG,https://techcomm.kohler.com/techcomm/cad/27724inpln.dwg,https://www.kohler.co.in/p/kohler-rain-duet-filter-shower-with-activated-charcoal-and-5-showering-modes-27724in?skuId=27724IN-CP,DWG,cad drawing,asset_001116,False,False,False,False,False,True,False,False,techcomm.kohler.com
27724IN-CP,CAD Drawing,DXF,https://techcomm.kohler.com/techcomm/cad/27724inpln.dxf,https://www.kohler.co.in/p/kohler-rain-duet-filter-shower-with-activated-charcoal-and-5-showering-modes-27724in?skuId=27724IN-CP,DXF,cad drawing,asset_001117,False,False,False,False,False,False,True,False,techcomm.kohler.com
27724IN-CP,CAD Drawing,DWG,https://techcomm.kohler.com/techcomm/cad/27724insde.dwg,https://www.kohler.co.in/p/kohler-rain-duet-filter-shower-with-activated-charcoal-and-5-showering-modes-27724in?skuId=27724IN-CP,DWG,cad drawing,asset_001118,False,False,False,False,False,True,False,False,techcomm.kohler.com
27724IN-CP,CAD Drawing,DXF,https://techcomm.kohler.com/techcomm/cad/27724insde.dxf,https://www.kohler.co.in/p/kohler-rain-duet-filter-shower-with-activated-charcoal-and-5-showering-modes-27724in?skuId=27724IN-CP,DXF,cad drawing,asset_001119,False,False,False,False,False,False,True,False,techcomm.kohler.com
27731IN-CP,3D Model,3DS,https://techcomm.kohler.com/techcomm/cad/27731IN.3ds,https://www.kohler.co.in/p/modernlife-flow-330x230mm-rainhead-27731in?skuId=27731IN-CP,3DS,3d model,asset_001120,True,False,False,True,False,False,False,False,techcomm.kohler.com
27731IN-CP,CAD Drawing,DWG,https://techcomm.kohler.com/techcomm/cad/27731IN.dwg,https://www.kohler.co.in/p/modernlife-flow-330x230mm-rainhead-27731in?skuId=27731IN-CP,DWG,cad drawing,asset_001121,False,False,False,False,False,True,False,False,techcomm.kohler.com
27731IN-CP,CAD Drawing,DXF,https://techcomm.kohler.com/techcomm/cad/27731IN.dxf,https://www.kohler.co.in/p/modernlife-flow-330x230mm-rainhead-27731in?skuId=27731IN-CP,DXF,cad drawing,asset_001122,False,False,False,False,False,False,True,False,techcomm.kohler.com
27731IN-CP,3D Model,OBJ,https://techcomm.kohler.com/techcomm/cad/27731IN.obj,https://www.kohler.co.in/p/modernlife-flow-330x230mm-rainhead-27731in?skuId=27731IN-CP,OBJ,3d model,asset_001123,True,True,False,False,False,False,False,False,techcomm.kohler.com
27731IN-CP,3D Model,SKP,https://techcomm.kohler.com/techcomm/cad/27731IN.skp,https://www.kohler.co.in/p/modernlife-flow-330x230mm-rainhead-27731in?skuId=27731IN-CP,SKP,3d model,asset_001124,True,False,True,False,False,False,False,False,techcomm.kohler.com
27731IN-CP,CAD Drawing,DWG,https://techcomm.kohler.com/techcomm/cad/27731infrt.dwg,https://www.kohler.co.in/p/modernlife-flow-330x230mm-rainhead-27731in?skuId=27731IN-CP,DWG,cad drawing,asset_001125,False,False,False,False,False,True,False,False,techcomm.kohler.com
27731IN-CP,CAD Drawing,DXF,https://techcomm.kohler.com/techcomm/cad/27731infrt.dxf,https://www.kohler.co.in/p/modernlife-flow-330x230mm-rainhead-27731in?skuId=27731IN-CP,DXF,cad drawing,asset_001126,False,False,False,False,False,False,True,False,techcomm.kohler.com
27731IN-CP,CAD Drawing,DWG,https://techcomm.kohler.com/techcomm/cad/27731inpln.dwg,https://www.kohler.co.in/p/modernlife-flow-330x230mm-rainhead-27731in?skuId=27731IN-CP,DWG,cad drawing,asset_001127,False,False,False,False,False,True,False,False,techcomm.kohler.com
27731IN-CP,CAD Drawing,DXF,https://techcomm.kohler.com/techcomm/cad/27731inpln.dxf,https://www.kohler.co.in/p/modernlife-flow-330x230mm-rainhead-27731in?skuId=27731IN-CP,DXF,cad drawing,asset_001128,False,False,False,False,False,False,True,False,techcomm.kohler.com
27731IN-CP,CAD Drawing,DWG,https://techcomm.kohler.com/techcomm/cad/27731insde.dwg,https://www.kohler.co.in/p/modernlife-flow-330x230mm-rainhead-27731in?skuId=27731IN-CP,DWG,cad drawing,asset_001129,False,False,False,False,False,True,False,False,techcomm.kohler.com
27731IN-CP,CAD Drawing,DXF,https://techcomm.kohler.com/techcomm/cad/27731insde.dxf,https://www.kohler.co.in/p/modernlife-flow-330x230mm-rainhead-27731in?skuId=27731IN-CP,DXF,cad drawing,asset_001130,False,False,False,False,False,False,True,False,techcomm.kohler.com
27791IN-WAF-0,3D Model,3DS,https://techcomm.kohler.com/techcomm/cad/27791IN-WAF.3ds,https://www.kohler.co.in/p/modernlife-edge-wall-hung-round-front-toilet-bowl-with-skirted-trapway-27791in-waf?skuId=27791IN-WAF-0,3DS,3d model,asset_001131,True,False,False,True,False,False,False,False,techcomm.kohler.com
27791IN-WAF-0,CAD Drawing,DWG,https://techcomm.kohler.com/techcomm/cad/27791IN-WAF.dwg,https://www.kohler.co.in/p/modernlife-edge-wall-hung-round-front-toilet-bowl-with-skirted-trapway-27791in-waf?skuId=27791IN-WAF-0,DWG,cad drawing,asset_001132,False,False,False,False,False,True,False,False,techcomm.kohler.com
27791IN-WAF-0,CAD Drawing,DXF,https://techcomm.kohler.com/techcomm/cad/27791IN-WAF.dxf,https://www.kohler.co.in/p/modernlife-edge-wall-hung-round-front-toilet-bowl-with-skirted-trapway-27791in-waf?skuId=27791IN-WAF-0,DXF,cad drawing,asset_001133,False,False,False,False,False,False,True,False,techcomm.kohler.com
27791IN-WAF-0,3D Model,OBJ,https://techcomm.kohler.com/techcomm/cad/27791IN-WAF.obj,https://www.kohler.co.in/p/modernlife-edge-wall-hung-round-front-toilet-bowl-with-skirted-trapway-27791in-waf?skuId=27791IN-WAF-0,OBJ,3d model,asset_001134,True,True,False,False,False,False,False,False,techcomm.kohler.com
27791IN-WAF-0,3D Model,SKP,https://techcomm.kohler.com/techcomm/cad/27791IN-WAF.skp,https://www.kohler.co.in/p/modernlife-edge-wall-hung-round-front-toilet-bowl-with-skirted-trapway-27791in-waf?skuId=27791IN-WAF-0,SKP,3d model,asset_001135,True,False,True,False,False,False,False,False,techcomm.kohler.com
27791IN-WAF-0,CAD Drawing,DWG,https://techcomm.kohler.com/techcomm/cad/27791in_waffrt.dwg,https://www.kohler.co.in/p/modernlife-edge-wall-hung-round-front-toilet-bowl-with-skirted-trapway-27791in-waf?skuId=27791IN-WAF-0,DWG,cad drawing,asset_001136,False,False,False,False,False,True,False,False,techcomm.kohler.com
27791IN-WAF-0,CAD Drawing,DXF,https://techcomm.kohler.com/techcomm/cad/27791in_waffrt.dxf,https://www.kohler.co.in/p/modernlife-edge-wall-hung-round-front-toilet-bowl-with-skirted-trapway-27791in-waf?skuId=27791IN-WAF-0,DXF,cad drawing,asset_001137,False,False,False,False,False,False,True,False,techcomm.kohler.com
27791IN-WAF-0,CAD Drawing,DWG,https://techcomm.kohler.com/techcomm/cad/27791in_wafpln.dwg,https://www.kohler.co.in/p/modernlife-edge-wall-hung-round-front-toilet-bowl-with-skirted-trapway-27791in-waf?skuId=27791IN-WAF-0,DWG,cad drawing,asset_001138,False,False,False,False,False,True,False,False,techcomm.kohler.com
27791IN-WAF-0,CAD Drawing,DXF,https://techcomm.kohler.com/techcomm/cad/27791in_wafpln.dxf,https://www.kohler.co.in/p/modernlife-edge-wall-hung-round-front-toilet-bowl-with-skirted-trapway-27791in-waf?skuId=27791IN-WAF-0,DXF,cad drawing,asset_001139,False,False,False,False,False,False,True,False,techcomm.kohler.com
27791IN-WAF-0,CAD Drawing,DWG,https://techcomm.kohler.com/techcomm/cad/27791in_wafsde.dwg,https://www.kohler.co.in/p/modernlife-edge-wall-hung-round-front-toilet-bowl-with-skirted-trapway-27791in-waf?skuId=27791IN-WAF-0,DWG,cad drawing,asset_001140,False,False,False,False,False,True,False,False,techcomm.kohler.com
27791IN-WAF-0,CAD Drawing,DXF,https://techcomm.kohler.com/techcomm/cad/27791in_wafsde.dxf,https://www.kohler.co.in/p/modernlife-edge-wall-hung-round-front-toilet-bowl-with-skirted-trapway-27791in-waf?skuId=27791IN-WAF-0,DXF,cad drawing,asset_001141,False,False,False,False,False,False,True,False,techcomm.kohler.com
28514IN-ND-CP,3D Model,3DS,https://techcomm.kohler.com/techcomm/cad/28514IN-ND.3ds,https://www.kohler.co.in/p/evoke-touchless-tall-single-handle-bathroom-sink-faucet-6-0-lpm-28514in-nd?skuId=28514IN-ND-CP,3DS,3d model,asset_001142,True,False,False,True,False,False,False,False,techcomm.kohler.com
28514IN-ND-CP,CAD Drawing,DWG,https://techcomm.kohler.com/techcomm/cad/28514IN-ND.dwg,https://www.kohler.co.in/p/evoke-touchless-tall-single-handle-bathroom-sink-faucet-6-0-lpm-28514in-nd?skuId=28514IN-ND-CP,DWG,cad drawing,asset_001143,False,False,False,False,False,True,False,False,techcomm.kohler.com
28514IN-ND-CP,CAD Drawing,DXF,https://techcomm.kohler.com/techcomm/cad/28514IN-ND.dxf,https://www.kohler.co.in/p/evoke-touchless-tall-single-handle-bathroom-sink-faucet-6-0-lpm-28514in-nd?skuId=28514IN-ND-CP,DXF,cad drawing,asset_001144,False,False,False,False,False,False,True,False,techcomm.kohler.com
28514IN-ND-CP,3D Model,OBJ,https://techcomm.kohler.com/techcomm/cad/28514IN-ND.obj,https://www.kohler.co.in/p/evoke-touchless-tall-single-handle-bathroom-sink-faucet-6-0-lpm-28514in-nd?skuId=28514IN-ND-CP,OBJ,3d model,asset_001145,True,True,False,False,False,False,False,False,techcomm.kohler.com
28514IN-ND-CP,3D Model,SKP,https://techcomm.kohler.com/techcomm/cad/28514IN-ND.skp,https://www.kohler.co.in/p/evoke-touchless-tall-single-handle-bathroom-sink-faucet-6-0-lpm-28514in-nd?skuId=28514IN-ND-CP,SKP,3d model,asset_001146,True,False,True,False,False,False,False,False,techcomm.kohler.com
28514IN-ND-CP,CAD Drawing,DWG,https://techcomm.kohler.com/techcomm/cad/28514in_ndfrt.dwg,https://www.kohler.co.in/p/evoke-touchless-tall-single-handle-bathroom-sink-faucet-6-0-lpm-28514in-nd?skuId=28514IN-ND-CP,DWG,cad drawing,asset_001147,False,False,False,False,False,True,False,False,techcomm.kohler.com
28514IN-ND-CP,CAD Drawing,DXF,https://techcomm.kohler.com/techcomm/cad/28514in_ndfrt.dxf,https://www.kohler.co.in/p/evoke-touchless-tall-single-handle-bathroom-sink-faucet-6-0-lpm-28514in-nd?skuId=28514IN-ND-CP,DXF,cad drawing,asset_001148,False,False,False,False,False,False,True,False,techcomm.kohler.com
28514IN-ND-CP,CAD Drawing,DWG,https://techcomm.kohler.com/techcomm/cad/28514in_ndpln.dwg,https://www.kohler.co.in/p/evoke-touchless-tall-single-handle-bathroom-sink-faucet-6-0-lpm-28514in-nd?skuId=28514IN-ND-CP,DWG,cad drawing,asset_001149,False,False,False,False,False,True,False,False,techcomm.kohler.com
28514IN-ND-CP,CAD Drawing,DXF,https://techcomm.kohler.com/techcomm/cad/28514in_ndpln.dxf,https://www.kohler.co.in/p/evoke-touchless-tall-single-handle-bathroom-sink-faucet-6-0-lpm-28514in-nd?skuId=28514IN-ND-CP,DXF,cad drawing,asset_001150,False,False,False,False,False,False,True,False,techcomm.kohler.com
28514IN-ND-CP,CAD Drawing,DWG,https://techcomm.kohler.com/techcomm/cad/28514in_ndsde.dwg,https://www.kohler.co.in/p/evoke-touchless-tall-single-handle-bathroom-sink-faucet-6-0-lpm-28514in-nd?skuId=28514IN-ND-CP,DWG,cad drawing,asset_001151,False,False,False,False,False,True,False,False,techcomm.kohler.com
28514IN-ND-CP,CAD Drawing,DXF,https://techcomm.kohler.com/techcomm/cad/28514in_ndsde.dxf,https://www.kohler.co.in/p/evoke-touchless-tall-single-handle-bathroom-sink-faucet-6-0-lpm-28514in-nd?skuId=28514IN-ND-CP,DXF,cad drawing,asset_001152,False,False,False,False,False,False,True,False,techcomm.kohler.com
28529IN-0,3D Model,3DS,https://techcomm.kohler.com/techcomm/cad/28529IN.3ds,https://www.kohler.co.in/p/leap-one-piece-round-front-smart-toilet-dual-flush-28529in?skuId=28529IN-0,3DS,3d model,asset_001153,True,False,False,True,False,False,False,False,techcomm.kohler.com
28529IN-0,CAD Drawing,DWG,https://techcomm.kohler.com/techcomm/cad/28529IN.dwg,https://www.kohler.co.in/p/leap-one-piece-round-front-smart-toilet-dual-flush-28529in?skuId=28529IN-0,DWG,cad drawing,asset_001154,False,False,False,False,False,True,False,False,techcomm.kohler.com
28529IN-0,CAD Drawing,DXF,https://techcomm.kohler.com/techcomm/cad/28529IN.dxf,https://www.kohler.co.in/p/leap-one-piece-round-front-smart-toilet-dual-flush-28529in?skuId=28529IN-0,DXF,cad drawing,asset_001155,False,False,False,False,False,False,True,False,techcomm.kohler.com
28529IN-0,3D Model,OBJ,https://techcomm.kohler.com/techcomm/cad/28529IN.obj,https://www.kohler.co.in/p/leap-one-piece-round-front-smart-toilet-dual-flush-28529in?skuId=28529IN-0,OBJ,3d model,asset_001156,True,True,False,False,False,False,False,False,techcomm.kohler.com
28529IN-0,3D Model,SKP,https://techcomm.kohler.com/techcomm/cad/28529IN.skp,https://www.kohler.co.in/p/leap-one-piece-round-front-smart-toilet-dual-flush-28529in?skuId=28529IN-0,SKP,3d model,asset_001157,True,False,True,False,False,False,False,False,techcomm.kohler.com
28529IN-0,CAD Drawing,DWG,https://techcomm.kohler.com/techcomm/cad/28529infrt.dwg,https://www.kohler.co.in/p/leap-one-piece-round-front-smart-toilet-dual-flush-28529in?skuId=28529IN-0,DWG,cad drawing,asset_001158,False,False,False,False,False,True,False,False,techcomm.kohler.com
28529IN-0,CAD Drawing,DXF,https://techcomm.kohler.com/techcomm/cad/28529infrt.dxf,https://www.kohler.co.in/p/leap-one-piece-round-front-smart-toilet-dual-flush-28529in?skuId=28529IN-0,DXF,cad drawing,asset_001159,False,False,False,False,False,False,True,False,techcomm.kohler.com
28529IN-0,CAD Drawing,DWG,https://techcomm.kohler.com/techcomm/cad/28529inpln.dwg,https://www.kohler.co.in/p/leap-one-piece-round-front-smart-toilet-dual-flush-28529in?skuId=28529IN-0,DWG,cad drawing,asset_001160,False,False,False,False,False,True,False,False,techcomm.kohler.com
28529IN-0,CAD Drawing,DXF,https://techcomm.kohler.com/techcomm/cad/28529inpln.dxf,https://www.kohler.co.in/p/leap-one-piece-round-front-smart-toilet-dual-flush-28529in?skuId=28529IN-0,DXF,cad drawing,asset_001161,False,False,False,False,False,False,True,False,techcomm.kohler.com
28529IN-0,CAD Drawing,DWG,https://techcomm.kohler.com/techcomm/cad/28529insde.dwg,https://www.kohler.co.in/p/leap-one-piece-round-front-smart-toilet-dual-flush-28529in?skuId=28529IN-0,DWG,cad drawing,asset_001162,False,False,False,False,False,True,False,False,techcomm.kohler.com
28529IN-0,CAD Drawing,DXF,https://techcomm.kohler.com/techcomm/cad/28529insde.dxf,https://www.kohler.co.in/p/leap-one-piece-round-front-smart-toilet-dual-flush-28529in?skuId=28529IN-0,DXF,cad drawing,asset_001163,False,False,False,False,False,False,True,False,techcomm.kohler.com
28585IN-0,3D Model,3DS,https://techcomm.kohler.com/techcomm/cad/28585IN.3ds,https://www.kohler.co.in/p/switch-multimode-handshower-without-hose-white-28585in?skuId=28585IN-0,3DS,3d model,asset_001164,True,False,False,True,False,False,False,False,techcomm.kohler.com
28585IN-0,CAD Drawing,DWG,https://techcomm.kohler.com/techcomm/cad/28585IN.dwg,https://www.kohler.co.in/p/switch-multimode-handshower-without-hose-white-28585in?skuId=28585IN-0,DWG,cad drawing,asset_001165,False,False,False,False,False,True,False,False,techcomm.kohler.com
28585IN-0,CAD Drawing,DXF,https://techcomm.kohler.com/techcomm/cad/28585IN.dxf,https://www.kohler.co.in/p/switch-multimode-handshower-without-hose-white-28585in?skuId=28585IN-0,DXF,cad drawing,asset_001166,False,False,False,False,False,False,True,False,techcomm.kohler.com
28585IN-0,3D Model,OBJ,https://techcomm.kohler.com/techcomm/cad/28585IN.obj,https://www.kohler.co.in/p/switch-multimode-handshower-without-hose-white-28585in?skuId=28585IN-0,OBJ,3d model,asset_001167,True,True,False,False,False,False,False,False,techcomm.kohler.com
28585IN-0,3D Model,SKP,https://techcomm.kohler.com/techcomm/cad/28585IN.skp,https://www.kohler.co.in/p/switch-multimode-handshower-without-hose-white-28585in?skuId=28585IN-0,SKP,3d model,asset_001168,True,False,True,False,False,False,False,False,techcomm.kohler.com
28585IN-0,CAD Drawing,DWG,https://techcomm.kohler.com/techcomm/cad/28585infrt.dwg,https://www.kohler.co.in/p/switch-multimode-handshower-without-hose-white-28585in?skuId=28585IN-0,DWG,cad drawing,asset_001169,False,False,False,False,False,True,False,False,techcomm.kohler.com
28585IN-0,CAD Drawing,DXF,https://techcomm.kohler.com/techcomm/cad/28585infrt.dxf,https://www.kohler.co.in/p/switch-multimode-handshower-without-hose-white-28585in?skuId=28585IN-0,DXF,cad drawing,asset_001170,False,False,False,False,False,False,True,False,techcomm.kohler.com
28585IN-0,CAD Drawing,DWG,https://techcomm.kohler.com/techcomm/cad/28585inpln.dwg,https://www.kohler.co.in/p/switch-multimode-handshower-without-hose-white-28585in?skuId=28585IN-0,DWG,cad drawing,asset_001171,False,False,False,False,False,True,False,False,techcomm.kohler.com
28585IN-0,CAD Drawing,DXF,https://techcomm.kohler.com/techcomm/cad/28585inpln.dxf,https://www.kohler.co.in/p/switch-multimode-handshower-without-hose-white-28585in?skuId=28585IN-0,DXF,cad drawing,asset_001172,False,False,False,False,False,False,True,False,techcomm.kohler.com
28585IN-0,CAD Drawing,DWG,https://techcomm.kohler.com/techcomm/cad/28585insde.dwg,https://www.kohler.co.in/p/switch-multimode-handshower-without-hose-white-28585in?skuId=28585IN-0,DWG,cad drawing,asset_001173,False,False,False,False,False,True,False,False,techcomm.kohler.com
28585IN-0,CAD Drawing,DXF,https://techcomm.kohler.com/techcomm/cad/28585insde.dxf,https://www.kohler.co.in/p/switch-multimode-handshower-without-hose-white-28585in?skuId=28585IN-0,DXF,cad drawing,asset_001174,False,False,False,False,False,False,True,False,techcomm.kohler.com
28694IN-CP,3D Model,3DS,https://techcomm.kohler.com/techcomm/cad/28694IN.3ds,https://www.kohler.co.in/p/statement-round-three-function-handshower-9-5-lpm-28694in?skuId=28694IN-CP,3DS,3d model,asset_001175,True,False,False,True,False,False,False,False,techcomm.kohler.com
28694IN-CP,CAD Drawing,DWG,https://techcomm.kohler.com/techcomm/cad/28694IN.dwg,https://www.kohler.co.in/p/statement-round-three-function-handshower-9-5-lpm-28694in?skuId=28694IN-CP,DWG,cad drawing,asset_001176,False,False,False,False,False,True,False,False,techcomm.kohler.com
28694IN-CP,CAD Drawing,DXF,https://techcomm.kohler.com/techcomm/cad/28694IN.dxf,https://www.kohler.co.in/p/statement-round-three-function-handshower-9-5-lpm-28694in?skuId=28694IN-CP,DXF,cad drawing,asset_001177,False,False,False,False,False,False,True,False,techcomm.kohler.com
28694IN-CP,3D Model,OBJ,https://techcomm.kohler.com/techcomm/cad/28694IN.obj,https://www.kohler.co.in/p/statement-round-three-function-handshower-9-5-lpm-28694in?skuId=28694IN-CP,OBJ,3d model,asset_001178,True,True,False,False,False,False,False,False,techcomm.kohler.com
28694IN-CP,3D Model,SKP,https://techcomm.kohler.com/techcomm/cad/28694IN.skp,https://www.kohler.co.in/p/statement-round-three-function-handshower-9-5-lpm-28694in?skuId=28694IN-CP,SKP,3d model,asset_001179,True,False,True,False,False,False,False,False,techcomm.kohler.com
28694IN-CP,CAD Drawing,DWG,https://techcomm.kohler.com/techcomm/cad/28694infrt.dwg,https://www.kohler.co.in/p/statement-round-three-function-handshower-9-5-lpm-28694in?skuId=28694IN-CP,DWG,cad drawing,asset_001180,False,False,False,False,False,True,False,False,techcomm.kohler.com
28694IN-CP,CAD Drawing,DXF,https://techcomm.kohler.com/techcomm/cad/28694infrt.dxf,https://www.kohler.co.in/p/statement-round-three-function-handshower-9-5-lpm-28694in?skuId=28694IN-CP,DXF,cad drawing,asset_001181,False,False,False,False,False,False,True,False,techcomm.kohler.com
28694IN-CP,CAD Drawing,DWG,https://techcomm.kohler.com/techcomm/cad/28694inpln.dwg,https://www.kohler.co.in/p/statement-round-three-function-handshower-9-5-lpm-28694in?skuId=28694IN-CP,DWG,cad drawing,asset_001182,False,False,False,False,False,True,False,False,techcomm.kohler.com
28694IN-CP,CAD Drawing,DXF,https://techcomm.kohler.com/techcomm/cad/28694inpln.dxf,https://www.kohler.co.in/p/statement-round-three-function-handshower-9-5-lpm-28694in?skuId=28694IN-CP,DXF,cad drawing,asset_001183,False,False,False,False,False,False,True,False,techcomm.kohler.com
28694IN-CP,CAD Drawing,DWG,https://techcomm.kohler.com/techcomm/cad/28694insde.dwg,https://www.kohler.co.in/p/statement-round-three-function-handshower-9-5-lpm-28694in?skuId=28694IN-CP,DWG,cad drawing,asset_001184,False,False,False,False,False,True,False,False,techcomm.kohler.com
28694IN-CP,CAD Drawing,DXF,https://techcomm.kohler.com/techcomm/cad/28694insde.dxf,https://www.kohler.co.in/p/statement-round-three-function-handshower-9-5-lpm-28694in?skuId=28694IN-CP,DXF,cad drawing,asset_001185,False,False,False,False,False,False,True,False,techcomm.kohler.com
28695IN-CP,3D Model,3DS,https://techcomm.kohler.com/techcomm/cad/28695IN.3ds,https://www.kohler.co.in/p/statement-oblong-three-function-handshower-9-5-lpm-28695in?skuId=28695IN-CP,3DS,3d model,asset_001186,True,False,False,True,False,False,False,False,techcomm.kohler.com
28695IN-CP,CAD Drawing,DWG,https://techcomm.kohler.com/techcomm/cad/28695IN.dwg,https://www.kohler.co.in/p/statement-oblong-three-function-handshower-9-5-lpm-28695in?skuId=28695IN-CP,DWG,cad drawing,asset_001187,False,False,False,False,False,True,False,False,techcomm.kohler.com
28695IN-CP,CAD Drawing,DXF,https://techcomm.kohler.com/techcomm/cad/28695IN.dxf,https://www.kohler.co.in/p/statement-oblong-three-function-handshower-9-5-lpm-28695in?skuId=28695IN-CP,DXF,cad drawing,asset_001188,False,False,False,False,False,False,True,False,techcomm.kohler.com
28695IN-CP,3D Model,OBJ,https://techcomm.kohler.com/techcomm/cad/28695IN.obj,https://www.kohler.co.in/p/statement-oblong-three-function-handshower-9-5-lpm-28695in?skuId=28695IN-CP,OBJ,3d model,asset_001189,True,True,False,False,False,False,False,False,techcomm.kohler.com
28695IN-CP,3D Model,SKP,https://techcomm.kohler.com/techcomm/cad/28695IN.skp,https://www.kohler.co.in/p/statement-oblong-three-function-handshower-9-5-lpm-28695in?skuId=28695IN-CP,SKP,3d model,asset_001190,True,False,True,False,False,False,False,False,techcomm.kohler.com
28695IN-CP,CAD Drawing,DWG,https://techcomm.kohler.com/techcomm/cad/28695infrt.dwg,https://www.kohler.co.in/p/statement-oblong-three-function-handshower-9-5-lpm-28695in?skuId=28695IN-CP,DWG,cad drawing,asset_001191,False,False,False,False,False,True,False,False,techcomm.kohler.com
28695IN-CP,CAD Drawing,DXF,https://techcomm.kohler.com/techcomm/cad/28695infrt.dxf,https://www.kohler.co.in/p/statement-oblong-three-function-handshower-9-5-lpm-28695in?skuId=28695IN-CP,DXF,cad drawing,asset_001192,False,False,False,False,False,False,True,False,techcomm.kohler.com
28695IN-CP,CAD Drawing,DWG,https://techcomm.kohler.com/techcomm/cad/28695inpln.dwg,https://www.kohler.co.in/p/statement-oblong-three-function-handshower-9-5-lpm-28695in?skuId=28695IN-CP,DWG,cad drawing,asset_001193,False,False,False,False,False,True,False,False,techcomm.kohler.com
28695IN-CP,CAD Drawing,DXF,https://techcomm.kohler.com/techcomm/cad/28695inpln.dxf,https://www.kohler.co.in/p/statement-oblong-three-function-handshower-9-5-lpm-28695in?skuId=28695IN-CP,DXF,cad drawing,asset_001194,False,False,False,False,False,False,True,False,techcomm.kohler.com
28695IN-CP,CAD Drawing,DWG,https://techcomm.kohler.com/techcomm/cad/28695insde.dwg,https://www.kohler.co.in/p/statement-oblong-three-function-handshower-9-5-lpm-28695in?skuId=28695IN-CP,DWG,cad drawing,asset_001195,False,False,False,False,False,True,False,False,techcomm.kohler.com
28695IN-CP,CAD Drawing,DXF,https://techcomm.kohler.com/techcomm/cad/28695insde.dxf,https://www.kohler.co.in/p/statement-oblong-three-function-handshower-9-5-lpm-28695in?skuId=28695IN-CP,DXF,cad drawing,asset_001196,False,False,False,False,False,False,True,False,techcomm.kohler.com
28783IN-0,3D Model,3DS,https://techcomm.kohler.com/techcomm/cad/28783IN.3ds,https://www.kohler.co.in/p/vive-547-mm-oval-vessel-bathroom-sink-no-overflow-28783in?skuId=28783IN-0,3DS,3d model,asset_001197,True,False,False,True,False,False,False,False,techcomm.kohler.com
28783IN-0,CAD Drawing,DWG,https://techcomm.kohler.com/techcomm/cad/28783IN.dwg,https://www.kohler.co.in/p/vive-547-mm-oval-vessel-bathroom-sink-no-overflow-28783in?skuId=28783IN-0,DWG,cad drawing,asset_001198,False,False,False,False,False,True,False,False,techcomm.kohler.com
28783IN-0,CAD Drawing,DXF,https://techcomm.kohler.com/techcomm/cad/28783IN.dxf,https://www.kohler.co.in/p/vive-547-mm-oval-vessel-bathroom-sink-no-overflow-28783in?skuId=28783IN-0,DXF,cad drawing,asset_001199,False,False,False,False,False,False,True,False,techcomm.kohler.com
28783IN-0,3D Model,OBJ,https://techcomm.kohler.com/techcomm/cad/28783IN.obj,https://www.kohler.co.in/p/vive-547-mm-oval-vessel-bathroom-sink-no-overflow-28783in?skuId=28783IN-0,OBJ,3d model,asset_001200,True,True,False,False,False,False,False,False,techcomm.kohler.com
28783IN-0,3D Model,SKP,https://techcomm.kohler.com/techcomm/cad/28783IN.skp,https://www.kohler.co.in/p/vive-547-mm-oval-vessel-bathroom-sink-no-overflow-28783in?skuId=28783IN-0,SKP,3d model,asset_001201,True,False,True,False,False,False,False,False,techcomm.kohler.com
28783IN-0,CAD Drawing,DWG,https://techcomm.kohler.com/techcomm/cad/28783infrt.dwg,https://www.kohler.co.in/p/vive-547-mm-oval-vessel-bathroom-sink-no-overflow-28783in?skuId=28783IN-0,DWG,cad drawing,asset_001202,False,False,False,False,False,True,False,False,techcomm.kohler.com
28783IN-0,CAD Drawing,DXF,https://techcomm.kohler.com/techcomm/cad/28783infrt.dxf,https://www.kohler.co.in/p/vive-547-mm-oval-vessel-bathroom-sink-no-overflow-28783in?skuId=28783IN-0,DXF,cad drawing,asset_001203,False,False,False,False,False,False,True,False,techcomm.kohler.com
28783IN-0,CAD Drawing,DWG,https://techcomm.kohler.com/techcomm/cad/28783inpln.dwg,https://www.kohler.co.in/p/vive-547-mm-oval-vessel-bathroom-sink-no-overflow-28783in?skuId=28783IN-0,DWG,cad drawing,asset_001204,False,False,False,False,False,True,False,False,techcomm.kohler.com
28783IN-0,CAD Drawing,DXF,https://techcomm.kohler.com/techcomm/cad/28783inpln.dxf,https://www.kohler.co.in/p/vive-547-mm-oval-vessel-bathroom-sink-no-overflow-28783in?skuId=28783IN-0,DXF,cad drawing,asset_001205,False,False,False,False,False,False,True,False,techcomm.kohler.com
28783IN-0,CAD Drawing,DWG,https://techcomm.kohler.com/techcomm/cad/28783insde.dwg,https://www.kohler.co.in/p/vive-547-mm-oval-vessel-bathroom-sink-no-overflow-28783in?skuId=28783IN-0,DWG,cad drawing,asset_001206,False,False,False,False,False,True,False,False,techcomm.kohler.com
28783IN-0,CAD Drawing,DXF,https://techcomm.kohler.com/techcomm/cad/28783insde.dxf,https://www.kohler.co.in/p/vive-547-mm-oval-vessel-bathroom-sink-no-overflow-28783in?skuId=28783IN-0,DXF,cad drawing,asset_001207,False,False,False,False,False,False,True,False,techcomm.kohler.com
28784IN-0,3D Model,3DS,https://techcomm.kohler.com/techcomm/cad/28784IN.3ds,https://www.kohler.co.in/p/vive-552-mm-rectangular-vessel-bathroom-sink-no-overflow-28784in?skuId=28784IN-0,3DS,3d model,asset_001208,True,False,False,True,False,False,False,False,techcomm.kohler.com
28784IN-0,CAD Drawing,DWG,https://techcomm.kohler.com/techcomm/cad/28784IN.dwg,https://www.kohler.co.in/p/vive-552-mm-rectangular-vessel-bathroom-sink-no-overflow-28784in?skuId=28784IN-0,DWG,cad drawing,asset_001209,False,False,False,False,False,True,False,False,techcomm.kohler.com
28784IN-0,CAD Drawing,DXF,https://techcomm.kohler.com/techcomm/cad/28784IN.dxf,https://www.kohler.co.in/p/vive-552-mm-rectangular-vessel-bathroom-sink-no-overflow-28784in?skuId=28784IN-0,DXF,cad drawing,asset_001210,False,False,False,False,False,False,True,False,techcomm.kohler.com
28784IN-0,3D Model,OBJ,https://techcomm.kohler.com/techcomm/cad/28784IN.obj,https://www.kohler.co.in/p/vive-552-mm-rectangular-vessel-bathroom-sink-no-overflow-28784in?skuId=28784IN-0,OBJ,3d model,asset_001211,True,True,False,False,False,False,False,False,techcomm.kohler.com
28784IN-0,3D Model,SKP,https://techcomm.kohler.com/techcomm/cad/28784IN.skp,https://www.kohler.co.in/p/vive-552-mm-rectangular-vessel-bathroom-sink-no-overflow-28784in?skuId=28784IN-0,SKP,3d model,asset_001212,True,False,True,False,False,False,False,False,techcomm.kohler.com
28784IN-0,CAD Drawing,DWG,https://techcomm.kohler.com/techcomm/cad/28784infrt.dwg,https://www.kohler.co.in/p/vive-552-mm-rectangular-vessel-bathroom-sink-no-overflow-28784in?skuId=28784IN-0,DWG,cad drawing,asset_001213,False,False,False,False,False,True,False,False,techcomm.kohler.com
28784IN-0,CAD Drawing,DXF,https://techcomm.kohler.com/techcomm/cad/28784infrt.dxf,https://www.kohler.co.in/p/vive-552-mm-rectangular-vessel-bathroom-sink-no-overflow-28784in?skuId=28784IN-0,DXF,cad drawing,asset_001214,False,False,False,False,False,False,True,False,techcomm.kohler.com
28784IN-0,CAD Drawing,DWG,https://techcomm.kohler.com/techcomm/cad/28784inpln.dwg,https://www.kohler.co.in/p/vive-552-mm-rectangular-vessel-bathroom-sink-no-overflow-28784in?skuId=28784IN-0,DWG,cad drawing,asset_001215,False,False,False,False,False,True,False,False,techcomm.kohler.com
28784IN-0,CAD Drawing,DXF,https://techcomm.kohler.com/techcomm/cad/28784inpln.dxf,https://www.kohler.co.in/p/vive-552-mm-rectangular-vessel-bathroom-sink-no-overflow-28784in?skuId=28784IN-0,DXF,cad drawing,asset_001216,False,False,False,False,False,False,True,False,techcomm.kohler.com
28784IN-0,CAD Drawing,DWG,https://techcomm.kohler.com/techcomm/cad/28784insde.dwg,https://www.kohler.co.in/p/vive-552-mm-rectangular-vessel-bathroom-sink-no-overflow-28784in?skuId=28784IN-0,DWG,cad drawing,asset_001217,False,False,False,False,False,True,False,False,techcomm.kohler.com
28784IN-0,CAD Drawing,DXF,https://techcomm.kohler.com/techcomm/cad/28784insde.dxf,https://www.kohler.co.in/p/vive-552-mm-rectangular-vessel-bathroom-sink-no-overflow-28784in?skuId=28784IN-0,DXF,cad drawing,asset_001218,False,False,False,False,False,False,True,False,techcomm.kohler.com
2883-0,3D Model,3DS,https://techcomm.kohler.com/techcomm/cad/2883.3ds,https://www.kohler.co.in/p/demilav-verticyl-round-undermount-bathroom-sink-2883?skuId=2883-0,3DS,3d model,asset_001219,True,False,False,True,False,False,False,False,techcomm.kohler.com
2883-0,CAD Drawing,DWG,https://techcomm.kohler.com/techcomm/cad/2883.dwg,https://www.kohler.co.in/p/demilav-verticyl-round-undermount-bathroom-sink-2883?skuId=2883-0,DWG,cad drawing,asset_001220,False,False,False,False,False,True,False,False,techcomm.kohler.com
2883-0,CAD Drawing,DXF,https://techcomm.kohler.com/techcomm/cad/2883.dxf,https://www.kohler.co.in/p/demilav-verticyl-round-undermount-bathroom-sink-2883?skuId=2883-0,DXF,cad drawing,asset_001221,False,False,False,False,False,False,True,False,techcomm.kohler.com
2883-0,3D Model,OBJ,https://techcomm.kohler.com/techcomm/cad/2883.obj,https://www.kohler.co.in/p/demilav-verticyl-round-undermount-bathroom-sink-2883?skuId=2883-0,OBJ,3d model,asset_001222,True,True,False,False,False,False,False,False,techcomm.kohler.com
2883-0,3D Model,SKP,https://techcomm.kohler.com/techcomm/cad/2883.skp,https://www.kohler.co.in/p/demilav-verticyl-round-undermount-bathroom-sink-2883?skuId=2883-0,SKP,3d model,asset_001223,True,False,True,False,False,False,False,False,techcomm.kohler.com
2883-0,CAD Drawing,DWG,https://techcomm.kohler.com/techcomm/cad/2883frt.dwg,https://www.kohler.co.in/p/demilav-verticyl-round-undermount-bathroom-sink-2883?skuId=2883-0,DWG,cad drawing,asset_001224,False,False,False,False,False,True,False,False,techcomm.kohler.com
2883-0,CAD Drawing,DXF,https://techcomm.kohler.com/techcomm/cad/2883frt.dxf,https://www.kohler.co.in/p/demilav-verticyl-round-undermount-bathroom-sink-2883?skuId=2883-0,DXF,cad drawing,asset_001225,False,False,False,False,False,False,True,False,techcomm.kohler.com
2883-0,CAD Drawing,DWG,https://techcomm.kohler.com/techcomm/cad/2883pln.dwg,https://www.kohler.co.in/p/demilav-verticyl-round-undermount-bathroom-sink-2883?skuId=2883-0,DWG,cad drawing,asset_001226,False,False,False,False,False,True,False,False,techcomm.kohler.com
2883-0,CAD Drawing,DXF,https://techcomm.kohler.com/techcomm/cad/2883pln.dxf,https://www.kohler.co.in/p/demilav-verticyl-round-undermount-bathroom-sink-2883?skuId=2883-0,DXF,cad drawing,asset_001227,False,False,False,False,False,False,True,False,techcomm.kohler.com
2883-0,CAD Drawing,DWG,https://techcomm.kohler.com/techcomm/cad/2883sde.dwg,https://www.kohler.co.in/p/demilav-verticyl-round-undermount-bathroom-sink-2883?skuId=2883-0,DWG,cad drawing,asset_001228,False,False,False,False,False,True,False,False,techcomm.kohler.com
2883-0,CAD Drawing,DXF,https://techcomm.kohler.com/techcomm/cad/2883sde.dxf,https://www.kohler.co.in/p/demilav-verticyl-round-undermount-bathroom-sink-2883?skuId=2883-0,DXF,cad drawing,asset_001229,False,False,False,False,False,False,True,False,techcomm.kohler.com
29024IN-1-0,3D Model,3DS,https://techcomm.kohler.com/techcomm/cad/29024IN-1.3ds,https://www.kohler.co.in/p/chalice-round-vessel-1tap-hole-29024in-1?skuId=29024IN-1-0,3DS,3d model,asset_001230,True,False,False,True,False,False,False,False,techcomm.kohler.com
29024IN-1-0,CAD Drawing,DWG,https://techcomm.kohler.com/techcomm/cad/29024IN-1.dwg,https://www.kohler.co.in/p/chalice-round-vessel-1tap-hole-29024in-1?skuId=29024IN-1-0,DWG,cad drawing,asset_001231,False,False,False,False,False,True,False,False,techcomm.kohler.com
29024IN-1-0,CAD Drawing,DXF,https://techcomm.kohler.com/techcomm/cad/29024IN-1.dxf,https://www.kohler.co.in/p/chalice-round-vessel-1tap-hole-29024in-1?skuId=29024IN-1-0,DXF,cad drawing,asset_001232,False,False,False,False,False,False,True,False,techcomm.kohler.com
29024IN-1-0,3D Model,OBJ,https://techcomm.kohler.com/techcomm/cad/29024IN-1.obj,https://www.kohler.co.in/p/chalice-round-vessel-1tap-hole-29024in-1?skuId=29024IN-1-0,OBJ,3d model,asset_001233,True,True,False,False,False,False,False,False,techcomm.kohler.com
29024IN-1-0,3D Model,SKP,https://techcomm.kohler.com/techcomm/cad/29024IN-1.skp,https://www.kohler.co.in/p/chalice-round-vessel-1tap-hole-29024in-1?skuId=29024IN-1-0,SKP,3d model,asset_001234,True,False,True,False,False,False,False,False,techcomm.kohler.com
29024IN-1-0,CAD Drawing,DWG,https://techcomm.kohler.com/techcomm/cad/29024in_1frt.dwg,https://www.kohler.co.in/p/chalice-round-vessel-1tap-hole-29024in-1?skuId=29024IN-1-0,DWG,cad drawing,asset_001235,False,False,False,False,False,True,False,False,techcomm.kohler.com
29024IN-1-0,CAD Drawing,DXF,https://techcomm.kohler.com/techcomm/cad/29024in_1frt.dxf,https://www.kohler.co.in/p/chalice-round-vessel-1tap-hole-29024in-1?skuId=29024IN-1-0,DXF,cad drawing,asset_001236,False,False,False,False,False,False,True,False,techcomm.kohler.com
29024IN-1-0,CAD Drawing,DWG,https://techcomm.kohler.com/techcomm/cad/29024in_1pln.dwg,https://www.kohler.co.in/p/chalice-round-vessel-1tap-hole-29024in-1?skuId=29024IN-1-0,DWG,cad drawing,asset_001237,False,False,False,False,False,True,False,False,techcomm.kohler.com
29024IN-1-0,CAD Drawing,DXF,https://techcomm.kohler.com/techcomm/cad/29024in_1pln.dxf,https://www.kohler.co.in/p/chalice-round-vessel-1tap-hole-29024in-1?skuId=29024IN-1-0,DXF,cad drawing,asset_001238,False,False,False,False,False,False,True,False,techcomm.kohler.com
29024IN-1-0,CAD Drawing,DWG,https://techcomm.kohler.com/techcomm/cad/29024in_1sde.dwg,https://www.kohler.co.in/p/chalice-round-vessel-1tap-hole-29024in-1?skuId=29024IN-1-0,DWG,cad drawing,asset_001239,False,False,False,False,False,True,False,False,techcomm.kohler.com
29024IN-1-0,CAD Drawing,DXF,https://techcomm.kohler.com/techcomm/cad/29024in_1sde.dxf,https://www.kohler.co.in/p/chalice-round-vessel-1tap-hole-29024in-1?skuId=29024IN-1-0,DXF,cad drawing,asset_001240,False,False,False,False,False,False,True,False,techcomm.kohler.com
29199IN-4ND-RGD,3D Model,3DS,https://techcomm.kohler.com/techcomm/cad/29199IN-4ND.3ds,https://www.kohler.co.in/p/modernlife-edge-wm-lav-faucet-trim-valve-29199in-4nd?skuId=29199IN-4ND-RGD,3DS,3d model,asset_001241,True,False,False,True,False,False,False,False,techcomm.kohler.com
29199IN-4ND-RGD,CAD Drawing,DWG,https://techcomm.kohler.com/techcomm/cad/29199IN-4ND.dwg,https://www.kohler.co.in/p/modernlife-edge-wm-lav-faucet-trim-valve-29199in-4nd?skuId=29199IN-4ND-RGD,DWG,cad drawing,asset_001242,False,False,False,False,False,True,False,False,techcomm.kohler.com
29199IN-4ND-RGD,CAD Drawing,DXF,https://techcomm.kohler.com/techcomm/cad/29199IN-4ND.dxf,https://www.kohler.co.in/p/modernlife-edge-wm-lav-faucet-trim-valve-29199in-4nd?skuId=29199IN-4ND-RGD,DXF,cad drawing,asset_001243,False,False,False,False,False,False,True,False,techcomm.kohler.com
29199IN-4ND-RGD,3D Model,OBJ,https://techcomm.kohler.com/techcomm/cad/29199IN-4ND.obj,https://www.kohler.co.in/p/modernlife-edge-wm-lav-faucet-trim-valve-29199in-4nd?skuId=29199IN-4ND-RGD,OBJ,3d model,asset_001244,True,True,False,False,False,False,False,False,techcomm.kohler.com
29199IN-4ND-RGD,3D Model,SKP,https://techcomm.kohler.com/techcomm/cad/29199IN-4ND.skp,https://www.kohler.co.in/p/modernlife-edge-wm-lav-faucet-trim-valve-29199in-4nd?skuId=29199IN-4ND-RGD,SKP,3d model,asset_001245,True,False,True,False,False,False,False,False,techcomm.kohler.com
29199IN-ECH-RGD,3D Model,3DS,https://techcomm.kohler.com/techcomm/cad/29199IN-ECH.3ds,https://www.kohler.co.in/p/modernlife-edge-wall-mount-bathroom-sink-faucet-with-decorative-handle-7-6-lpm-29199in-ech?skuId=29199IN-ECH-RGD,3DS,3d model,asset_001246,True,False,False,True,False,False,False,False,techcomm.kohler.com
29199IN-ECH-RGD,CAD Drawing,DWG,https://techcomm.kohler.com/techcomm/cad/29199IN-ECH.dwg,https://www.kohler.co.in/p/modernlife-edge-wall-mount-bathroom-sink-faucet-with-decorative-handle-7-6-lpm-29199in-ech?skuId=29199IN-ECH-RGD,DWG,cad drawing,asset_001247,False,False,False,False,False,True,False,False,techcomm.kohler.com
29199IN-ECH-RGD,CAD Drawing,DXF,https://techcomm.kohler.com/techcomm/cad/29199IN-ECH.dxf,https://www.kohler.co.in/p/modernlife-edge-wall-mount-bathroom-sink-faucet-with-decorative-handle-7-6-lpm-29199in-ech?skuId=29199IN-ECH-RGD,DXF,cad drawing,asset_001248,False,False,False,False,False,False,True,False,techcomm.kohler.com
29199IN-ECH-RGD,3D Model,OBJ,https://techcomm.kohler.com/techcomm/cad/29199IN-ECH.obj,https://www.kohler.co.in/p/modernlife-edge-wall-mount-bathroom-sink-faucet-with-decorative-handle-7-6-lpm-29199in-ech?skuId=29199IN-ECH-RGD,OBJ,3d model,asset_001249,True,True,False,False,False,False,False,False,techcomm.kohler.com
29199IN-ECH-RGD,3D Model,SKP,https://techcomm.kohler.com/techcomm/cad/29199IN-ECH.skp,https://www.kohler.co.in/p/modernlife-edge-wall-mount-bathroom-sink-faucet-with-decorative-handle-7-6-lpm-29199in-ech?skuId=29199IN-ECH-RGD,SKP,3d model,asset_001250,True,False,True,False,False,False,False,False,techcomm.kohler.com
29199IN-4ND-RGD,CAD Drawing,DWG,https://techcomm.kohler.com/techcomm/cad/29199in_4ndfrt.dwg,https://www.kohler.co.in/p/modernlife-edge-wm-lav-faucet-trim-valve-29199in-4nd?skuId=29199IN-4ND-RGD,DWG,cad drawing,asset_001251,False,False,False,False,False,True,False,False,techcomm.kohler.com
29199IN-4ND-RGD,CAD Drawing,DXF,https://techcomm.kohler.com/techcomm/cad/29199in_4ndfrt.dxf,https://www.kohler.co.in/p/modernlife-edge-wm-lav-faucet-trim-valve-29199in-4nd?skuId=29199IN-4ND-RGD,DXF,cad drawing,asset_001252,False,False,False,False,False,False,True,False,techcomm.kohler.com
29199IN-4ND-RGD,CAD Drawing,DWG,https://techcomm.kohler.com/techcomm/cad/29199in_4ndpln.dwg,https://www.kohler.co.in/p/modernlife-edge-wm-lav-faucet-trim-valve-29199in-4nd?skuId=29199IN-4ND-RGD,DWG,cad drawing,asset_001253,False,False,False,False,False,True,False,False,techcomm.kohler.com
29199IN-4ND-RGD,CAD Drawing,DXF,https://techcomm.kohler.com/techcomm/cad/29199in_4ndpln.dxf,https://www.kohler.co.in/p/modernlife-edge-wm-lav-faucet-trim-valve-29199in-4nd?skuId=29199IN-4ND-RGD,DXF,cad drawing,asset_001254,False,False,False,False,False,False,True,False,techcomm.kohler.com
29199IN-4ND-RGD,CAD Drawing,DWG,https://techcomm.kohler.com/techcomm/cad/29199in_4ndsde.dwg,https://www.kohler.co.in/p/modernlife-edge-wm-lav-faucet-trim-valve-29199in-4nd?skuId=29199IN-4ND-RGD,DWG,cad drawing,asset_001255,False,False,False,False,False,True,False,False,techcomm.kohler.com
29199IN-4ND-RGD,CAD Drawing,DXF,https://techcomm.kohler.com/techcomm/cad/29199in_4ndsde.dxf,https://www.kohler.co.in/p/modernlife-edge-wm-lav-faucet-trim-valve-29199in-4nd?skuId=29199IN-4ND-RGD,DXF,cad drawing,asset_001256,False,False,False,False,False,False,True,False,techcomm.kohler.com
29199IN-ECH-RGD,CAD Drawing,DWG,https://techcomm.kohler.com/techcomm/cad/29199in_echfrt.dwg,https://www.kohler.co.in/p/modernlife-edge-wall-mount-bathroom-sink-faucet-with-decorative-handle-7-6-lpm-29199in-ech?skuId=29199IN-ECH-RGD,DWG,cad drawing,asset_001257,False,False,False,False,False,True,False,False,techcomm.kohler.com
29199IN-ECH-RGD,CAD Drawing,DXF,https://techcomm.kohler.com/techcomm/cad/29199in_echfrt.dxf,https://www.kohler.co.in/p/modernlife-edge-wall-mount-bathroom-sink-faucet-with-decorative-handle-7-6-lpm-29199in-ech?skuId=29199IN-ECH-RGD,DXF,cad drawing,asset_001258,False,False,False,False,False,False,True,False,techcomm.kohler.com
29199IN-ECH-RGD,CAD Drawing,DWG,https://techcomm.kohler.com/techcomm/cad/29199in_echpln.dwg,https://www.kohler.co.in/p/modernlife-edge-wall-mount-bathroom-sink-faucet-with-decorative-handle-7-6-lpm-29199in-ech?skuId=29199IN-ECH-RGD,DWG,cad drawing,asset_001259,False,False,False,False,False,True,False,False,techcomm.kohler.com
29199IN-ECH-RGD,CAD Drawing,DXF,https://techcomm.kohler.com/techcomm/cad/29199in_echpln.dxf,https://www.kohler.co.in/p/modernlife-edge-wall-mount-bathroom-sink-faucet-with-decorative-handle-7-6-lpm-29199in-ech?skuId=29199IN-ECH-RGD,DXF,cad drawing,asset_001260,False,False,False,False,False,False,True,False,techcomm.kohler.com
29199IN-ECH-RGD,CAD Drawing,DWG,https://techcomm.kohler.com/techcomm/cad/29199in_echsde.dwg,https://www.kohler.co.in/p/modernlife-edge-wall-mount-bathroom-sink-faucet-with-decorative-handle-7-6-lpm-29199in-ech?skuId=29199IN-ECH-RGD,DWG,cad drawing,asset_001261,False,False,False,False,False,True,False,False,techcomm.kohler.com
29199IN-ECH-RGD,CAD Drawing,DXF,https://techcomm.kohler.com/techcomm/cad/29199in_echsde.dxf,https://www.kohler.co.in/p/modernlife-edge-wall-mount-bathroom-sink-faucet-with-decorative-handle-7-6-lpm-29199in-ech?skuId=29199IN-ECH-RGD,DXF,cad drawing,asset_001262,False,False,False,False,False,False,True,False,techcomm.kohler.com
29310IN-4ND-AF,3D Model,3DS,https://techcomm.kohler.com/techcomm/cad/29310IN-4ND.3ds,https://www.kohler.co.in/p/components-wall-mount-bathroom-sink-faucet-with-row-spout-and-oyl-handle-16-0-lpm-29310in-4nd?skuId=29310IN-4ND-AF,3DS,3d model,asset_001263,True,False,False,True,False,False,False,False,techcomm.kohler.com
29310IN-4ND-AF,CAD Drawing,DWG,https://techcomm.kohler.com/techcomm/cad/29310IN-4ND.dwg,https://www.kohler.co.in/p/components-wall-mount-bathroom-sink-faucet-with-row-spout-and-oyl-handle-16-0-lpm-29310in-4nd?skuId=29310IN-4ND-AF,DWG,cad drawing,asset_001264,False,False,False,False,False,True,False,False,techcomm.kohler.com
29310IN-4ND-AF,CAD Drawing,DXF,https://techcomm.kohler.com/techcomm/cad/29310IN-4ND.dxf,https://www.kohler.co.in/p/components-wall-mount-bathroom-sink-faucet-with-row-spout-and-oyl-handle-16-0-lpm-29310in-4nd?skuId=29310IN-4ND-AF,DXF,cad drawing,asset_001265,False,False,False,False,False,False,True,False,techcomm.kohler.com
29310IN-4ND-AF,3D Model,OBJ,https://techcomm.kohler.com/techcomm/cad/29310IN-4ND.obj,https://www.kohler.co.in/p/components-wall-mount-bathroom-sink-faucet-with-row-spout-and-oyl-handle-16-0-lpm-29310in-4nd?skuId=29310IN-4ND-AF,OBJ,3d model,asset_001266,True,True,False,False,False,False,False,False,techcomm.kohler.com
29310IN-4ND-AF,3D Model,SKP,https://techcomm.kohler.com/techcomm/cad/29310IN-4ND.skp,https://www.kohler.co.in/p/components-wall-mount-bathroom-sink-faucet-with-row-spout-and-oyl-handle-16-0-lpm-29310in-4nd?skuId=29310IN-4ND-AF,SKP,3d model,asset_001267,True,False,True,False,False,False,False,False,techcomm.kohler.com
29310IN-4ND-AF,CAD Drawing,DWG,https://techcomm.kohler.com/techcomm/cad/29310in_4ndfrt.dwg,https://www.kohler.co.in/p/components-wall-mount-bathroom-sink-faucet-with-row-spout-and-oyl-handle-16-0-lpm-29310in-4nd?skuId=29310IN-4ND-AF,DWG,cad drawing,asset_001268,False,False,False,False,False,True,False,False,techcomm.kohler.com
29310IN-4ND-AF,CAD Drawing,DXF,https://techcomm.kohler.com/techcomm/cad/29310in_4ndfrt.dxf,https://www.kohler.co.in/p/components-wall-mount-bathroom-sink-faucet-with-row-spout-and-oyl-handle-16-0-lpm-29310in-4nd?skuId=29310IN-4ND-AF,DXF,cad drawing,asset_001269,False,False,False,False,False,False,True,False,techcomm.kohler.com
29310IN-4ND-AF,CAD Drawing,DWG,https://techcomm.kohler.com/techcomm/cad/29310in_4ndpln.dwg,https://www.kohler.co.in/p/components-wall-mount-bathroom-sink-faucet-with-row-spout-and-oyl-handle-16-0-lpm-29310in-4nd?skuId=29310IN-4ND-AF,DWG,cad drawing,asset_001270,False,False,False,False,False,True,False,False,techcomm.kohler.com
29310IN-4ND-AF,CAD Drawing,DXF,https://techcomm.kohler.com/techcomm/cad/29310in_4ndpln.dxf,https://www.kohler.co.in/p/components-wall-mount-bathroom-sink-faucet-with-row-spout-and-oyl-handle-16-0-lpm-29310in-4nd?skuId=29310IN-4ND-AF,DXF,cad drawing,asset_001271,False,False,False,False,False,False,True,False,techcomm.kohler.com
29310IN-4ND-AF,CAD Drawing,DWG,https://techcomm.kohler.com/techcomm/cad/29310in_4ndsde.dwg,https://www.kohler.co.in/p/components-wall-mount-bathroom-sink-faucet-with-row-spout-and-oyl-handle-16-0-lpm-29310in-4nd?skuId=29310IN-4ND-AF,DWG,cad drawing,asset_001272,False,False,False,False,False,True,False,False,techcomm.kohler.com
29310IN-4ND-AF,CAD Drawing,DXF,https://techcomm.kohler.com/techcomm/cad/29310in_4ndsde.dxf,https://www.kohler.co.in/p/components-wall-mount-bathroom-sink-faucet-with-row-spout-and-oyl-handle-16-0-lpm-29310in-4nd?skuId=29310IN-4ND-AF,DXF,cad drawing,asset_001273,False,False,False,False,False,False,True,False,techcomm.kohler.com
29777IN-0,3D Model,3DS,https://techcomm.kohler.com/techcomm/cad/29777IN.3ds,https://www.kohler.co.in/p/innate-one-piece-elongated-smart-toilet-dual-flush-29777in?skuId=29777IN-0,3DS,3d model,asset_001274,True,False,False,True,False,False,False,False,techcomm.kohler.com
29777IN-0,CAD Drawing,DWG,https://techcomm.kohler.com/techcomm/cad/29777IN.dwg,https://www.kohler.co.in/p/innate-one-piece-elongated-smart-toilet-dual-flush-29777in?skuId=29777IN-0,DWG,cad drawing,asset_001275,False,False,False,False,False,True,False,False,techcomm.kohler.com
29777IN-0,CAD Drawing,DXF,https://techcomm.kohler.com/techcomm/cad/29777IN.dxf,https://www.kohler.co.in/p/innate-one-piece-elongated-smart-toilet-dual-flush-29777in?skuId=29777IN-0,DXF,cad drawing,asset_001276,False,False,False,False,False,False,True,False,techcomm.kohler.com
29777IN-0,3D Model,OBJ,https://techcomm.kohler.com/techcomm/cad/29777IN.obj,https://www.kohler.co.in/p/innate-one-piece-elongated-smart-toilet-dual-flush-29777in?skuId=29777IN-0,OBJ,3d model,asset_001277,True,True,False,False,False,False,False,False,techcomm.kohler.com
29777IN-0,3D Model,SKP,https://techcomm.kohler.com/techcomm/cad/29777IN.skp,https://www.kohler.co.in/p/innate-one-piece-elongated-smart-toilet-dual-flush-29777in?skuId=29777IN-0,SKP,3d model,asset_001278,True,False,True,False,False,False,False,False,techcomm.kohler.com
29777IN-0,CAD Drawing,DWG,https://techcomm.kohler.com/techcomm/cad/29777infrt.dwg,https://www.kohler.co.in/p/innate-one-piece-elongated-smart-toilet-dual-flush-29777in?skuId=29777IN-0,DWG,cad drawing,asset_001279,False,False,False,False,False,True,False,False,techcomm.kohler.com
29777IN-0,CAD Drawing,DXF,https://techcomm.kohler.com/techcomm/cad/29777infrt.dxf,https://www.kohler.co.in/p/innate-one-piece-elongated-smart-toilet-dual-flush-29777in?skuId=29777IN-0,DXF,cad drawing,asset_001280,False,False,False,False,False,False,True,False,techcomm.kohler.com
29777IN-0,CAD Drawing,DWG,https://techcomm.kohler.com/techcomm/cad/29777inpln.dwg,https://www.kohler.co.in/p/innate-one-piece-elongated-smart-toilet-dual-flush-29777in?skuId=29777IN-0,DWG,cad drawing,asset_001281,False,False,False,False,False,True,False,False,techcomm.kohler.com
29777IN-0,CAD Drawing,DXF,https://techcomm.kohler.com/techcomm/cad/29777inpln.dxf,https://www.kohler.co.in/p/innate-one-piece-elongated-smart-toilet-dual-flush-29777in?skuId=29777IN-0,DXF,cad drawing,asset_001282,False,False,False,False,False,False,True,False,techcomm.kohler.com
29777IN-0,CAD Drawing,DWG,https://techcomm.kohler.com/techcomm/cad/29777insde.dwg,https://www.kohler.co.in/p/innate-one-piece-elongated-smart-toilet-dual-flush-29777in?skuId=29777IN-0,DWG,cad drawing,asset_001283,False,False,False,False,False,True,False,False,techcomm.kohler.com
29777IN-0,CAD Drawing,DXF,https://techcomm.kohler.com/techcomm/cad/29777insde.dxf,https://www.kohler.co.in/p/innate-one-piece-elongated-smart-toilet-dual-flush-29777in?skuId=29777IN-0,DXF,cad drawing,asset_001284,False,False,False,False,False,False,True,False,techcomm.kohler.com
29959IN-AF,3D Model,3DS,https://techcomm.kohler.com/techcomm/cad/29959IN.3ds,https://www.kohler.co.in/p/modernlife-edge-df-rectangle-425x330mm-17-x13--29959in?skuId=29959IN-AF,3DS,3d model,asset_001285,True,False,False,True,False,False,False,False,techcomm.kohler.com
29959IN-AF,CAD Drawing,DWG,https://techcomm.kohler.com/techcomm/cad/29959IN.dwg,https://www.kohler.co.in/p/modernlife-edge-df-rectangle-425x330mm-17-x13--29959in?skuId=29959IN-AF,DWG,cad drawing,asset_001286,False,False,False,False,False,True,False,False,techcomm.kohler.com
29959IN-AF,CAD Drawing,DXF,https://techcomm.kohler.com/techcomm/cad/29959IN.dxf,https://www.kohler.co.in/p/modernlife-edge-df-rectangle-425x330mm-17-x13--29959in?skuId=29959IN-AF,DXF,cad drawing,asset_001287,False,False,False,False,False,False,True,False,techcomm.kohler.com
29959IN-AF,3D Model,OBJ,https://techcomm.kohler.com/techcomm/cad/29959IN.obj,https://www.kohler.co.in/p/modernlife-edge-df-rectangle-425x330mm-17-x13--29959in?skuId=29959IN-AF,OBJ,3d model,asset_001288,True,True,False,False,False,False,False,False,techcomm.kohler.com
29959IN-AF,3D Model,SKP,https://techcomm.kohler.com/techcomm/cad/29959IN.skp,https://www.kohler.co.in/p/modernlife-edge-df-rectangle-425x330mm-17-x13--29959in?skuId=29959IN-AF,SKP,3d model,asset_001289,True,False,True,False,False,False,False,False,techcomm.kohler.com
29959IN-AF,CAD Drawing,DWG,https://techcomm.kohler.com/techcomm/cad/29959infrt.dwg,https://www.kohler.co.in/p/modernlife-edge-df-rectangle-425x330mm-17-x13--29959in?skuId=29959IN-AF,DWG,cad drawing,asset_001290,False,False,False,False,False,True,False,False,techcomm.kohler.com
29959IN-AF,CAD Drawing,DXF,https://techcomm.kohler.com/techcomm/cad/29959infrt.dxf,https://www.kohler.co.in/p/modernlife-edge-df-rectangle-425x330mm-17-x13--29959in?skuId=29959IN-AF,DXF,cad drawing,asset_001291,False,False,False,False,False,False,True,False,techcomm.kohler.com
29959IN-AF,CAD Drawing,DWG,https://techcomm.kohler.com/techcomm/cad/29959inpln.dwg,https://www.kohler.co.in/p/modernlife-edge-df-rectangle-425x330mm-17-x13--29959in?skuId=29959IN-AF,DWG,cad drawing,asset_001292,False,False,False,False,False,True,False,False,techcomm.kohler.com
29959IN-AF,CAD Drawing,DXF,https://techcomm.kohler.com/techcomm/cad/29959inpln.dxf,https://www.kohler.co.in/p/modernlife-edge-df-rectangle-425x330mm-17-x13--29959in?skuId=29959IN-AF,DXF,cad drawing,asset_001293,False,False,False,False,False,False,True,False,techcomm.kohler.com
29959IN-AF,CAD Drawing,DWG,https://techcomm.kohler.com/techcomm/cad/29959insde.dwg,https://www.kohler.co.in/p/modernlife-edge-df-rectangle-425x330mm-17-x13--29959in?skuId=29959IN-AF,DWG,cad drawing,asset_001294,False,False,False,False,False,True,False,False,techcomm.kohler.com
29959IN-AF,CAD Drawing,DXF,https://techcomm.kohler.com/techcomm/cad/29959insde.dxf,https://www.kohler.co.in/p/modernlife-edge-df-rectangle-425x330mm-17-x13--29959in?skuId=29959IN-AF,DXF,cad drawing,asset_001295,False,False,False,False,False,False,True,False,techcomm.kohler.com
29961IN-CP,3D Model,3DS,https://techcomm.kohler.com/techcomm/cad/29961IN.3ds,https://www.kohler.co.in/p/modernlife-edge-df-rectangle-425x330mm-17-x13--29961in?skuId=29961IN-CP,3DS,3d model,asset_001296,True,False,False,True,False,False,False,False,techcomm.kohler.com
29961IN-CP,CAD Drawing,DWG,https://techcomm.kohler.com/techcomm/cad/29961IN.dwg,https://www.kohler.co.in/p/modernlife-edge-df-rectangle-425x330mm-17-x13--29961in?skuId=29961IN-CP,DWG,cad drawing,asset_001297,False,False,False,False,False,True,False,False,techcomm.kohler.com
29961IN-CP,CAD Drawing,DXF,https://techcomm.kohler.com/techcomm/cad/29961IN.dxf,https://www.kohler.co.in/p/modernlife-edge-df-rectangle-425x330mm-17-x13--29961in?skuId=29961IN-CP,DXF,cad drawing,asset_001298,False,False,False,False,False,False,True,False,techcomm.kohler.com
29961IN-CP,3D Model,OBJ,https://techcomm.kohler.com/techcomm/cad/29961IN.obj,https://www.kohler.co.in/p/modernlife-edge-df-rectangle-425x330mm-17-x13--29961in?skuId=29961IN-CP,OBJ,3d model,asset_001299,True,True,False,False,False,False,False,False,techcomm.kohler.com
29961IN-CP,3D Model,SKP,https://techcomm.kohler.com/techcomm/cad/29961IN.skp,https://www.kohler.co.in/p/modernlife-edge-df-rectangle-425x330mm-17-x13--29961in?skuId=29961IN-CP,SKP,3d model,asset_001300,True,False,True,False,False,False,False,False,techcomm.kohler.com
29961IN-CP,CAD Drawing,DWG,https://techcomm.kohler.com/techcomm/cad/29961infrt.dwg,https://www.kohler.co.in/p/modernlife-edge-df-rectangle-425x330mm-17-x13--29961in?skuId=29961IN-CP,DWG,cad drawing,asset_001301,False,False,False,False,False,True,False,False,techcomm.kohler.com
29961IN-CP,CAD Drawing,DXF,https://techcomm.kohler.com/techcomm/cad/29961infrt.dxf,https://www.kohler.co.in/p/modernlife-edge-df-rectangle-425x330mm-17-x13--29961in?skuId=29961IN-CP,DXF,cad drawing,asset_001302,False,False,False,False,False,False,True,False,techcomm.kohler.com
29961IN-CP,CAD Drawing,DWG,https://techcomm.kohler.com/techcomm/cad/29961inpln.dwg,https://www.kohler.co.in/p/modernlife-edge-df-rectangle-425x330mm-17-x13--29961in?skuId=29961IN-CP,DWG,cad drawing,asset_001303,False,False,False,False,False,True,False,False,techcomm.kohler.com
29961IN-CP,CAD Drawing,DXF,https://techcomm.kohler.com/techcomm/cad/29961inpln.dxf,https://www.kohler.co.in/p/modernlife-edge-df-rectangle-425x330mm-17-x13--29961in?skuId=29961IN-CP,DXF,cad drawing,asset_001304,False,False,False,False,False,False,True,False,techcomm.kohler.com
29961IN-CP,CAD Drawing,DWG,https://techcomm.kohler.com/techcomm/cad/29961insde.dwg,https://www.kohler.co.in/p/modernlife-edge-df-rectangle-425x330mm-17-x13--29961in?skuId=29961IN-CP,DWG,cad drawing,asset_001305,False,False,False,False,False,True,False,False,techcomm.kohler.com
29961IN-CP,CAD Drawing,DXF,https://techcomm.kohler.com/techcomm/cad/29961insde.dxf,https://www.kohler.co.in/p/modernlife-edge-df-rectangle-425x330mm-17-x13--29961in?skuId=29961IN-CP,DXF,cad drawing,asset_001306,False,False,False,False,False,False,True,False,techcomm.kohler.com
30506IN-1-0,3D Model,3DS,https://techcomm.kohler.com/techcomm/cad/30506IN-1.3ds,https://www.kohler.co.in/p/forefront-brink-600-mm-rectangle-vessel-bathroom-sink-with-deck-30506in-1?skuId=30506IN-1-0,3DS,3d model,asset_001307,True,False,False,True,False,False,False,False,techcomm.kohler.com
30506IN-1-0,3D Model,OBJ,https://techcomm.kohler.com/techcomm/cad/30506IN-1.obj,https://www.kohler.co.in/p/forefront-brink-600-mm-rectangle-vessel-bathroom-sink-with-deck-30506in-1?skuId=30506IN-1-0,OBJ,3d model,asset_001308,True,True,False,False,False,False,False,False,techcomm.kohler.com
30506IN-1-0,3D Model,SKP,https://techcomm.kohler.com/techcomm/cad/30506IN-1.skp,https://www.kohler.co.in/p/forefront-brink-600-mm-rectangle-vessel-bathroom-sink-with-deck-30506in-1?skuId=30506IN-1-0,SKP,3d model,asset_001309,True,False,True,False,False,False,False,False,techcomm.kohler.com
30506IN-1-0,CAD Drawing,DWG,https://techcomm.kohler.com/techcomm/cad/30506in_1frt.dwg,https://www.kohler.co.in/p/forefront-brink-600-mm-rectangle-vessel-bathroom-sink-with-deck-30506in-1?skuId=30506IN-1-0,DWG,cad drawing,asset_001310,False,False,False,False,False,True,False,False,techcomm.kohler.com
30506IN-1-0,CAD Drawing,DXF,https://techcomm.kohler.com/techcomm/cad/30506in_1frt.dxf,https://www.kohler.co.in/p/forefront-brink-600-mm-rectangle-vessel-bathroom-sink-with-deck-30506in-1?skuId=30506IN-1-0,DXF,cad drawing,asset_001311,False,False,False,False,False,False,True,False,techcomm.kohler.com
30506IN-1-0,CAD Drawing,DWG,https://techcomm.kohler.com/techcomm/cad/30506in_1pln.dwg,https://www.kohler.co.in/p/forefront-brink-600-mm-rectangle-vessel-bathroom-sink-with-deck-30506in-1?skuId=30506IN-1-0,DWG,cad drawing,asset_001312,False,False,False,False,False,True,False,False,techcomm.kohler.com
30506IN-1-0,CAD Drawing,DXF,https://techcomm.kohler.com/techcomm/cad/30506in_1pln.dxf,https://www.kohler.co.in/p/forefront-brink-600-mm-rectangle-vessel-bathroom-sink-with-deck-30506in-1?skuId=30506IN-1-0,DXF,cad drawing,asset_001313,False,False,False,False,False,False,True,False,techcomm.kohler.com
30506IN-1-0,CAD Drawing,DWG,https://techcomm.kohler.com/techcomm/cad/30506in_1sde.dwg,https://www.kohler.co.in/p/forefront-brink-600-mm-rectangle-vessel-bathroom-sink-with-deck-30506in-1?skuId=30506IN-1-0,DWG,cad drawing,asset_001314,False,False,False,False,False,True,False,False,techcomm.kohler.com
30506IN-1-0,CAD Drawing,DXF,https://techcomm.kohler.com/techcomm/cad/30506in_1sde.dxf,https://www.kohler.co.in/p/forefront-brink-600-mm-rectangle-vessel-bathroom-sink-with-deck-30506in-1?skuId=30506IN-1-0,DXF,cad drawing,asset_001315,False,False,False,False,False,False,True,False,techcomm.kohler.com
30520IN-0,3D Model,3DS,https://techcomm.kohler.com/techcomm/cad/30520IN.3ds,https://www.kohler.co.in/p/trace-550-mm-rectangular-wall-mount-bathroom-sink-30520in?skuId=30520IN-0,3DS,3d model,asset_001316,True,False,False,True,False,False,False,False,techcomm.kohler.com
30520IN-0,CAD Drawing,DWG,https://techcomm.kohler.com/techcomm/cad/30520IN.dwg,https://www.kohler.co.in/p/trace-550-mm-rectangular-wall-mount-bathroom-sink-30520in?skuId=30520IN-0,DWG,cad drawing,asset_001317,False,False,False,False,False,True,False,False,techcomm.kohler.com
30520IN-0,CAD Drawing,DXF,https://techcomm.kohler.com/techcomm/cad/30520IN.dxf,https://www.kohler.co.in/p/trace-550-mm-rectangular-wall-mount-bathroom-sink-30520in?skuId=30520IN-0,DXF,cad drawing,asset_001318,False,False,False,False,False,False,True,False,techcomm.kohler.com
30520IN-0,3D Model,OBJ,https://techcomm.kohler.com/techcomm/cad/30520IN.obj,https://www.kohler.co.in/p/trace-550-mm-rectangular-wall-mount-bathroom-sink-30520in?skuId=30520IN-0,OBJ,3d model,asset_001319,True,True,False,False,False,False,False,False,techcomm.kohler.com
30520IN-0,3D Model,SKP,https://techcomm.kohler.com/techcomm/cad/30520IN.skp,https://www.kohler.co.in/p/trace-550-mm-rectangular-wall-mount-bathroom-sink-30520in?skuId=30520IN-0,SKP,3d model,asset_001320,True,False,True,False,False,False,False,False,techcomm.kohler.com
30520IN-0,CAD Drawing,DWG,https://techcomm.kohler.com/techcomm/cad/30520infrt.dwg,https://www.kohler.co.in/p/trace-550-mm-rectangular-wall-mount-bathroom-sink-30520in?skuId=30520IN-0,DWG,cad drawing,asset_001321,False,False,False,False,False,True,False,False,techcomm.kohler.com
30520IN-0,CAD Drawing,DXF,https://techcomm.kohler.com/techcomm/cad/30520infrt.dxf,https://www.kohler.co.in/p/trace-550-mm-rectangular-wall-mount-bathroom-sink-30520in?skuId=30520IN-0,DXF,cad drawing,asset_001322,False,False,False,False,False,False,True,False,techcomm.kohler.com
30520IN-0,CAD Drawing,DWG,https://techcomm.kohler.com/techcomm/cad/30520inpln.dwg,https://www.kohler.co.in/p/trace-550-mm-rectangular-wall-mount-bathroom-sink-30520in?skuId=30520IN-0,DWG,cad drawing,asset_001323,False,False,False,False,False,True,False,False,techcomm.kohler.com
30520IN-0,CAD Drawing,DXF,https://techcomm.kohler.com/techcomm/cad/30520inpln.dxf,https://www.kohler.co.in/p/trace-550-mm-rectangular-wall-mount-bathroom-sink-30520in?skuId=30520IN-0,DXF,cad drawing,asset_001324,False,False,False,False,False,False,True,False,techcomm.kohler.com
30520IN-0,CAD Drawing,DWG,https://techcomm.kohler.com/techcomm/cad/30520insde.dwg,https://www.kohler.co.in/p/trace-550-mm-rectangular-wall-mount-bathroom-sink-30520in?skuId=30520IN-0,DWG,cad drawing,asset_001325,False,False,False,False,False,True,False,False,techcomm.kohler.com
30520IN-0,CAD Drawing,DXF,https://techcomm.kohler.com/techcomm/cad/30520insde.dxf,https://www.kohler.co.in/p/trace-550-mm-rectangular-wall-mount-bathroom-sink-30520in?skuId=30520IN-0,DXF,cad drawing,asset_001326,False,False,False,False,False,False,True,False,techcomm.kohler.com
31343IN-SS-0,3D Model,3DS,https://techcomm.kohler.com/techcomm/cad/31343IN-SS.3ds,https://www.kohler.co.in/p/nysa-vessel-basin-without-faucet-hole-in-white-31343in-ss?skuId=31343IN-SS-0,3DS,3d model,asset_001327,True,False,False,True,False,False,False,False,techcomm.kohler.com
31343IN-SS-0,3D Model,OBJ,https://techcomm.kohler.com/techcomm/cad/31343IN-SS.obj,https://www.kohler.co.in/p/nysa-vessel-basin-without-faucet-hole-in-white-31343in-ss?skuId=31343IN-SS-0,OBJ,3d model,asset_001328,True,True,False,False,False,False,False,False,techcomm.kohler.com
31343IN-SS-0,3D Model,SKP,https://techcomm.kohler.com/techcomm/cad/31343IN-SS.skp,https://www.kohler.co.in/p/nysa-vessel-basin-without-faucet-hole-in-white-31343in-ss?skuId=31343IN-SS-0,SKP,3d model,asset_001329,True,False,True,False,False,False,False,False,techcomm.kohler.com
31343IN-SS-0,CAD Drawing,DWG,https://techcomm.kohler.com/techcomm/cad/31343in_ssfrt.dwg,https://www.kohler.co.in/p/nysa-vessel-basin-without-faucet-hole-in-white-31343in-ss?skuId=31343IN-SS-0,DWG,cad drawing,asset_001330,False,False,False,False,False,True,False,False,techcomm.kohler.com
31343IN-SS-0,CAD Drawing,DXF,https://techcomm.kohler.com/techcomm/cad/31343in_ssfrt.dxf,https://www.kohler.co.in/p/nysa-vessel-basin-without-faucet-hole-in-white-31343in-ss?skuId=31343IN-SS-0,DXF,cad drawing,asset_001331,False,False,False,False,False,False,True,False,techcomm.kohler.com
31343IN-SS-0,CAD Drawing,DWG,https://techcomm.kohler.com/techcomm/cad/31343in_sspln.dwg,https://www.kohler.co.in/p/nysa-vessel-basin-without-faucet-hole-in-white-31343in-ss?skuId=31343IN-SS-0,DWG,cad drawing,asset_001332,False,False,False,False,False,True,False,False,techcomm.kohler.com
31343IN-SS-0,CAD Drawing,DXF,https://techcomm.kohler.com/techcomm/cad/31343in_sspln.dxf,https://www.kohler.co.in/p/nysa-vessel-basin-without-faucet-hole-in-white-31343in-ss?skuId=31343IN-SS-0,DXF,cad drawing,asset_001333,False,False,False,False,False,False,True,False,techcomm.kohler.com
31343IN-SS-0,CAD Drawing,DWG,https://techcomm.kohler.com/techcomm/cad/31343in_sssde.dwg,https://www.kohler.co.in/p/nysa-vessel-basin-without-faucet-hole-in-white-31343in-ss?skuId=31343IN-SS-0,DWG,cad drawing,asset_001334,False,False,False,False,False,True,False,False,techcomm.kohler.com
31343IN-SS-0,CAD Drawing,DXF,https://techcomm.kohler.com/techcomm/cad/31343in_sssde.dxf,https://www.kohler.co.in/p/nysa-vessel-basin-without-faucet-hole-in-white-31343in-ss?skuId=31343IN-SS-0,DXF,cad drawing,asset_001335,False,False,False,False,False,False,True,False,techcomm.kohler.com
31347IN-0,3D Model,3DS,https://techcomm.kohler.com/techcomm/cad/31347IN.3ds,https://www.kohler.co.in/p/sveda-663-mm-oval-vessel-bathroom-sink-31347in?skuId=31347IN-0,3DS,3d model,asset_001336,True,False,False,True,False,False,False,False,techcomm.kohler.com
31347IN-0,3D Model,OBJ,https://techcomm.kohler.com/techcomm/cad/31347IN.obj,https://www.kohler.co.in/p/sveda-663-mm-oval-vessel-bathroom-sink-31347in?skuId=31347IN-0,OBJ,3d model,asset_001337,True,True,False,False,False,False,False,False,techcomm.kohler.com
31347IN-0,3D Model,SKP,https://techcomm.kohler.com/techcomm/cad/31347IN.skp,https://www.kohler.co.in/p/sveda-663-mm-oval-vessel-bathroom-sink-31347in?skuId=31347IN-0,SKP,3d model,asset_001338,True,False,True,False,False,False,False,False,techcomm.kohler.com
31347IN-0,CAD Drawing,DWG,https://techcomm.kohler.com/techcomm/cad/31347infrt.dwg,https://www.kohler.co.in/p/sveda-663-mm-oval-vessel-bathroom-sink-31347in?skuId=31347IN-0,DWG,cad drawing,asset_001339,False,False,False,False,False,True,False,False,techcomm.kohler.com
31347IN-0,CAD Drawing,DXF,https://techcomm.kohler.com/techcomm/cad/31347infrt.dxf,https://www.kohler.co.in/p/sveda-663-mm-oval-vessel-bathroom-sink-31347in?skuId=31347IN-0,DXF,cad drawing,asset_001340,False,False,False,False,False,False,True,False,techcomm.kohler.com
31347IN-0,CAD Drawing,DWG,https://techcomm.kohler.com/techcomm/cad/31347inpln.dwg,https://www.kohler.co.in/p/sveda-663-mm-oval-vessel-bathroom-sink-31347in?skuId=31347IN-0,DWG,cad drawing,asset_001341,False,False,False,False,False,True,False,False,techcomm.kohler.com
31347IN-0,CAD Drawing,DXF,https://techcomm.kohler.com/techcomm/cad/31347inpln.dxf,https://www.kohler.co.in/p/sveda-663-mm-oval-vessel-bathroom-sink-31347in?skuId=31347IN-0,DXF,cad drawing,asset_001342,False,False,False,False,False,False,True,False,techcomm.kohler.com
31347IN-0,CAD Drawing,DWG,https://techcomm.kohler.com/techcomm/cad/31347insde.dwg,https://www.kohler.co.in/p/sveda-663-mm-oval-vessel-bathroom-sink-31347in?skuId=31347IN-0,DWG,cad drawing,asset_001343,False,False,False,False,False,True,False,False,techcomm.kohler.com
31347IN-0,CAD Drawing,DXF,https://techcomm.kohler.com/techcomm/cad/31347insde.dxf,https://www.kohler.co.in/p/sveda-663-mm-oval-vessel-bathroom-sink-31347in?skuId=31347IN-0,DXF,cad drawing,asset_001344,False,False,False,False,False,False,True,False,techcomm.kohler.com
31458IN-0,3D Model,3DS,https://techcomm.kohler.com/techcomm/cad/31458IN.3ds,https://www.kohler.co.in/p/span-round-wm-lavatory-small-480x440-31458in?skuId=31458IN-0,3DS,3d model,asset_001345,True,False,False,True,False,False,False,False,techcomm.kohler.com
31458IN-0,CAD Drawing,DWG,https://techcomm.kohler.com/techcomm/cad/31458IN.dwg,https://www.kohler.co.in/p/span-round-wm-lavatory-small-480x440-31458in?skuId=31458IN-0,DWG,cad drawing,asset_001346,False,False,False,False,False,True,False,False,techcomm.kohler.com
31458IN-0,CAD Drawing,DXF,https://techcomm.kohler.com/techcomm/cad/31458IN.dxf,https://www.kohler.co.in/p/span-round-wm-lavatory-small-480x440-31458in?skuId=31458IN-0,DXF,cad drawing,asset_001347,False,False,False,False,False,False,True,False,techcomm.kohler.com
31458IN-0,3D Model,OBJ,https://techcomm.kohler.com/techcomm/cad/31458IN.obj,https://www.kohler.co.in/p/span-round-wm-lavatory-small-480x440-31458in?skuId=31458IN-0,OBJ,3d model,asset_001348,True,True,False,False,False,False,False,False,techcomm.kohler.com
31458IN-0,3D Model,SKP,https://techcomm.kohler.com/techcomm/cad/31458IN.skp,https://www.kohler.co.in/p/span-round-wm-lavatory-small-480x440-31458in?skuId=31458IN-0,SKP,3d model,asset_001349,True,False,True,False,False,False,False,False,techcomm.kohler.com
31458IN-0,CAD Drawing,DWG,https://techcomm.kohler.com/techcomm/cad/31458infrt.dwg,https://www.kohler.co.in/p/span-round-wm-lavatory-small-480x440-31458in?skuId=31458IN-0,DWG,cad drawing,asset_001350,False,False,False,False,False,True,False,False,techcomm.kohler.com
31458IN-0,CAD Drawing,DXF,https://techcomm.kohler.com/techcomm/cad/31458infrt.dxf,https://www.kohler.co.in/p/span-round-wm-lavatory-small-480x440-31458in?skuId=31458IN-0,DXF,cad drawing,asset_001351,False,False,False,False,False,False,True,False,techcomm.kohler.com
31458IN-0,CAD Drawing,DWG,https://techcomm.kohler.com/techcomm/cad/31458inpln.dwg,https://www.kohler.co.in/p/span-round-wm-lavatory-small-480x440-31458in?skuId=31458IN-0,DWG,cad drawing,asset_001352,False,False,False,False,False,True,False,False,techcomm.kohler.com
31458IN-0,CAD Drawing,DXF,https://techcomm.kohler.com/techcomm/cad/31458inpln.dxf,https://www.kohler.co.in/p/span-round-wm-lavatory-small-480x440-31458in?skuId=31458IN-0,DXF,cad drawing,asset_001353,False,False,False,False,False,False,True,False,techcomm.kohler.com
31458IN-0,CAD Drawing,DWG,https://techcomm.kohler.com/techcomm/cad/31458insde.dwg,https://www.kohler.co.in/p/span-round-wm-lavatory-small-480x440-31458in?skuId=31458IN-0,DWG,cad drawing,asset_001354,False,False,False,False,False,True,False,False,techcomm.kohler.com
31458IN-0,CAD Drawing,DXF,https://techcomm.kohler.com/techcomm/cad/31458insde.dxf,https://www.kohler.co.in/p/span-round-wm-lavatory-small-480x440-31458in?skuId=31458IN-0,DXF,cad drawing,asset_001355,False,False,False,False,False,False,True,False,techcomm.kohler.com
31459IN-0,3D Model,3DS,https://techcomm.kohler.com/techcomm/cad/31459IN.3ds,https://www.kohler.co.in/p/span-square-vessel-w-o-deck-480x340mm-31459in?skuId=31459IN-0,3DS,3d model,asset_001356,True,False,False,True,False,False,False,False,techcomm.kohler.com
31459IN-0,3D Model,OBJ,https://techcomm.kohler.com/techcomm/cad/31459IN.obj,https://www.kohler.co.in/p/span-square-vessel-w-o-deck-480x340mm-31459in?skuId=31459IN-0,OBJ,3d model,asset_001357,True,True,False,False,False,False,False,False,techcomm.kohler.com
31459IN-0,3D Model,SKP,https://techcomm.kohler.com/techcomm/cad/31459IN.skp,https://www.kohler.co.in/p/span-square-vessel-w-o-deck-480x340mm-31459in?skuId=31459IN-0,SKP,3d model,asset_001358,True,False,True,False,False,False,False,False,techcomm.kohler.com
31459IN-0,CAD Drawing,DWG,https://techcomm.kohler.com/techcomm/cad/31459infrt.dwg,https://www.kohler.co.in/p/span-square-vessel-w-o-deck-480x340mm-31459in?skuId=31459IN-0,DWG,cad drawing,asset_001359,False,False,False,False,False,True,False,False,techcomm.kohler.com
31459IN-0,CAD Drawing,DXF,https://techcomm.kohler.com/techcomm/cad/31459infrt.dxf,https://www.kohler.co.in/p/span-square-vessel-w-o-deck-480x340mm-31459in?skuId=31459IN-0,DXF,cad drawing,asset_001360,False,False,False,False,False,False,True,False,techcomm.kohler.com
31459IN-0,CAD Drawing,DWG,https://techcomm.kohler.com/techcomm/cad/31459inpln.dwg,https://www.kohler.co.in/p/span-square-vessel-w-o-deck-480x340mm-31459in?skuId=31459IN-0,DWG,cad drawing,asset_001361,False,False,False,False,False,True,False,False,techcomm.kohler.com
31459IN-0,CAD Drawing,DXF,https://techcomm.kohler.com/techcomm/cad/31459inpln.dxf,https://www.kohler.co.in/p/span-square-vessel-w-o-deck-480x340mm-31459in?skuId=31459IN-0,DXF,cad drawing,asset_001362,False,False,False,False,False,False,True,False,techcomm.kohler.com
31459IN-0,CAD Drawing,DWG,https://techcomm.kohler.com/techcomm/cad/31459insde.dwg,https://www.kohler.co.in/p/span-square-vessel-w-o-deck-480x340mm-31459in?skuId=31459IN-0,DWG,cad drawing,asset_001363,False,False,False,False,False,True,False,False,techcomm.kohler.com
31459IN-0,CAD Drawing,DXF,https://techcomm.kohler.com/techcomm/cad/31459insde.dxf,https://www.kohler.co.in/p/span-square-vessel-w-o-deck-480x340mm-31459in?skuId=31459IN-0,DXF,cad drawing,asset_001364,False,False,False,False,False,False,True,False,techcomm.kohler.com
31460IN-0,3D Model,3DS,https://techcomm.kohler.com/techcomm/cad/31460IN.3ds,https://www.kohler.co.in/p/span-square-wm-lavatory-small-480x440-31460in?skuId=31460IN-0,3DS,3d model,asset_001365,True,False,False,True,False,False,False,False,techcomm.kohler.com
31460IN-0,CAD Drawing,DWG,https://techcomm.kohler.com/techcomm/cad/31460IN.dwg,https://www.kohler.co.in/p/span-square-wm-lavatory-small-480x440-31460in?skuId=31460IN-0,DWG,cad drawing,asset_001366,False,False,False,False,False,True,False,False,techcomm.kohler.com
31460IN-0,CAD Drawing,DXF,https://techcomm.kohler.com/techcomm/cad/31460IN.dxf,https://www.kohler.co.in/p/span-square-wm-lavatory-small-480x440-31460in?skuId=31460IN-0,DXF,cad drawing,asset_001367,False,False,False,False,False,False,True,False,techcomm.kohler.com
31460IN-0,3D Model,OBJ,https://techcomm.kohler.com/techcomm/cad/31460IN.obj,https://www.kohler.co.in/p/span-square-wm-lavatory-small-480x440-31460in?skuId=31460IN-0,OBJ,3d model,asset_001368,True,True,False,False,False,False,False,False,techcomm.kohler.com
31460IN-0,3D Model,SKP,https://techcomm.kohler.com/techcomm/cad/31460IN.skp,https://www.kohler.co.in/p/span-square-wm-lavatory-small-480x440-31460in?skuId=31460IN-0,SKP,3d model,asset_001369,True,False,True,False,False,False,False,False,techcomm.kohler.com
31460IN-0,CAD Drawing,DWG,https://techcomm.kohler.com/techcomm/cad/31460infrt.dwg,https://www.kohler.co.in/p/span-square-wm-lavatory-small-480x440-31460in?skuId=31460IN-0,DWG,cad drawing,asset_001370,False,False,False,False,False,True,False,False,techcomm.kohler.com
31460IN-0,CAD Drawing,DXF,https://techcomm.kohler.com/techcomm/cad/31460infrt.dxf,https://www.kohler.co.in/p/span-square-wm-lavatory-small-480x440-31460in?skuId=31460IN-0,DXF,cad drawing,asset_001371,False,False,False,False,False,False,True,False,techcomm.kohler.com
31460IN-0,CAD Drawing,DWG,https://techcomm.kohler.com/techcomm/cad/31460inpln.dwg,https://www.kohler.co.in/p/span-square-wm-lavatory-small-480x440-31460in?skuId=31460IN-0,DWG,cad drawing,asset_001372,False,False,False,False,False,True,False,False,techcomm.kohler.com
31460IN-0,CAD Drawing,DXF,https://techcomm.kohler.com/techcomm/cad/31460inpln.dxf,https://www.kohler.co.in/p/span-square-wm-lavatory-small-480x440-31460in?skuId=31460IN-0,DXF,cad drawing,asset_001373,False,False,False,False,False,False,True,False,techcomm.kohler.com
31460IN-0,CAD Drawing,DWG,https://techcomm.kohler.com/techcomm/cad/31460insde.dwg,https://www.kohler.co.in/p/span-square-wm-lavatory-small-480x440-31460in?skuId=31460IN-0,DWG,cad drawing,asset_001374,False,False,False,False,False,True,False,False,techcomm.kohler.com
31460IN-0,CAD Drawing,DXF,https://techcomm.kohler.com/techcomm/cad/31460insde.dxf,https://www.kohler.co.in/p/span-square-wm-lavatory-small-480x440-31460in?skuId=31460IN-0,DXF,cad drawing,asset_001375,False,False,False,False,False,False,True,False,techcomm.kohler.com
31461IN-0,3D Model,3DS,https://techcomm.kohler.com/techcomm/cad/31461IN.3ds,https://www.kohler.co.in/p/span-wall-mount-basin-with-single-faucet-hole-in-white-31461in?skuId=31461IN-0,3DS,3d model,asset_001376,True,False,False,True,False,False,False,False,techcomm.kohler.com
31461IN-0,CAD Drawing,DWG,https://techcomm.kohler.com/techcomm/cad/31461IN.dwg,https://www.kohler.co.in/p/span-wall-mount-basin-with-single-faucet-hole-in-white-31461in?skuId=31461IN-0,DWG,cad drawing,asset_001377,False,False,False,False,False,True,False,False,techcomm.kohler.com
31461IN-0,CAD Drawing,DXF,https://techcomm.kohler.com/techcomm/cad/31461IN.dxf,https://www.kohler.co.in/p/span-wall-mount-basin-with-single-faucet-hole-in-white-31461in?skuId=31461IN-0,DXF,cad drawing,asset_001378,False,False,False,False,False,False,True,False,techcomm.kohler.com
31461IN-0,3D Model,OBJ,https://techcomm.kohler.com/techcomm/cad/31461IN.obj,https://www.kohler.co.in/p/span-wall-mount-basin-with-single-faucet-hole-in-white-31461in?skuId=31461IN-0,OBJ,3d model,asset_001379,True,True,False,False,False,False,False,False,techcomm.kohler.com
31461IN-0,3D Model,SKP,https://techcomm.kohler.com/techcomm/cad/31461IN.skp,https://www.kohler.co.in/p/span-wall-mount-basin-with-single-faucet-hole-in-white-31461in?skuId=31461IN-0,SKP,3d model,asset_001380,True,False,True,False,False,False,False,False,techcomm.kohler.com
31461IN-0,CAD Drawing,DWG,https://techcomm.kohler.com/techcomm/cad/31461infrt.dwg,https://www.kohler.co.in/p/span-wall-mount-basin-with-single-faucet-hole-in-white-31461in?skuId=31461IN-0,DWG,cad drawing,asset_001381,False,False,False,False,False,True,False,False,techcomm.kohler.com
31461IN-0,CAD Drawing,DXF,https://techcomm.kohler.com/techcomm/cad/31461infrt.dxf,https://www.kohler.co.in/p/span-wall-mount-basin-with-single-faucet-hole-in-white-31461in?skuId=31461IN-0,DXF,cad drawing,asset_001382,False,False,False,False,False,False,True,False,techcomm.kohler.com
31461IN-0,CAD Drawing,DWG,https://techcomm.kohler.com/techcomm/cad/31461inpln.dwg,https://www.kohler.co.in/p/span-wall-mount-basin-with-single-faucet-hole-in-white-31461in?skuId=31461IN-0,DWG,cad drawing,asset_001383,False,False,False,False,False,True,False,False,techcomm.kohler.com
31461IN-0,CAD Drawing,DXF,https://techcomm.kohler.com/techcomm/cad/31461inpln.dxf,https://www.kohler.co.in/p/span-wall-mount-basin-with-single-faucet-hole-in-white-31461in?skuId=31461IN-0,DXF,cad drawing,asset_001384,False,False,False,False,False,False,True,False,techcomm.kohler.com
31461IN-0,CAD Drawing,DWG,https://techcomm.kohler.com/techcomm/cad/31461insde.dwg,https://www.kohler.co.in/p/span-wall-mount-basin-with-single-faucet-hole-in-white-31461in?skuId=31461IN-0,DWG,cad drawing,asset_001385,False,False,False,False,False,True,False,False,techcomm.kohler.com
31461IN-0,CAD Drawing,DXF,https://techcomm.kohler.com/techcomm/cad/31461insde.dxf,https://www.kohler.co.in/p/span-wall-mount-basin-with-single-faucet-hole-in-white-31461in?skuId=31461IN-0,DXF,cad drawing,asset_001386,False,False,False,False,False,False,True,False,techcomm.kohler.com
33059IN-4ND-CP,3D Model,3DS,https://techcomm.kohler.com/techcomm/cad/33059IN-4ND.3ds,https://www.kohler.co.in/p/accliv-single-handle-bathroom-sink-faucet-with-paddle-handle-15-1-lpm-33059in-4nd?skuId=33059IN-4ND-CP,3DS,3d model,asset_001387,True,False,False,True,False,False,False,False,techcomm.kohler.com
33059IN-4ND-CP,CAD Drawing,DWG,https://techcomm.kohler.com/techcomm/cad/33059IN-4ND.dwg,https://www.kohler.co.in/p/accliv-single-handle-bathroom-sink-faucet-with-paddle-handle-15-1-lpm-33059in-4nd?skuId=33059IN-4ND-CP,DWG,cad drawing,asset_001388,False,False,False,False,False,True,False,False,techcomm.kohler.com
33059IN-4ND-CP,CAD Drawing,DXF,https://techcomm.kohler.com/techcomm/cad/33059IN-4ND.dxf,https://www.kohler.co.in/p/accliv-single-handle-bathroom-sink-faucet-with-paddle-handle-15-1-lpm-33059in-4nd?skuId=33059IN-4ND-CP,DXF,cad drawing,asset_001389,False,False,False,False,False,False,True,False,techcomm.kohler.com
33059IN-4ND-CP,3D Model,OBJ,https://techcomm.kohler.com/techcomm/cad/33059IN-4ND.obj,https://www.kohler.co.in/p/accliv-single-handle-bathroom-sink-faucet-with-paddle-handle-15-1-lpm-33059in-4nd?skuId=33059IN-4ND-CP,OBJ,3d model,asset_001390,True,True,False,False,False,False,False,False,techcomm.kohler.com
33059IN-4ND-CP,3D Model,SKP,https://techcomm.kohler.com/techcomm/cad/33059IN-4ND.skp,https://www.kohler.co.in/p/accliv-single-handle-bathroom-sink-faucet-with-paddle-handle-15-1-lpm-33059in-4nd?skuId=33059IN-4ND-CP,SKP,3d model,asset_001391,True,False,True,False,False,False,False,False,techcomm.kohler.com
33059IN-4ND-CP,CAD Drawing,DWG,https://techcomm.kohler.com/techcomm/cad/33059in_4ndfrt.dwg,https://www.kohler.co.in/p/accliv-single-handle-bathroom-sink-faucet-with-paddle-handle-15-1-lpm-33059in-4nd?skuId=33059IN-4ND-CP,DWG,cad drawing,asset_001392,False,False,False,False,False,True,False,False,techcomm.kohler.com
33059IN-4ND-CP,CAD Drawing,DXF,https://techcomm.kohler.com/techcomm/cad/33059in_4ndfrt.dxf,https://www.kohler.co.in/p/accliv-single-handle-bathroom-sink-faucet-with-paddle-handle-15-1-lpm-33059in-4nd?skuId=33059IN-4ND-CP,DXF,cad drawing,asset_001393,False,False,False,False,False,False,True,False,techcomm.kohler.com
33059IN-4ND-CP,CAD Drawing,DWG,https://techcomm.kohler.com/techcomm/cad/33059in_4ndpln.dwg,https://www.kohler.co.in/p/accliv-single-handle-bathroom-sink-faucet-with-paddle-handle-15-1-lpm-33059in-4nd?skuId=33059IN-4ND-CP,DWG,cad drawing,asset_001394,False,False,False,False,False,True,False,False,techcomm.kohler.com
33059IN-4ND-CP,CAD Drawing,DXF,https://techcomm.kohler.com/techcomm/cad/33059in_4ndpln.dxf,https://www.kohler.co.in/p/accliv-single-handle-bathroom-sink-faucet-with-paddle-handle-15-1-lpm-33059in-4nd?skuId=33059IN-4ND-CP,DXF,cad drawing,asset_001395,False,False,False,False,False,False,True,False,techcomm.kohler.com
33059IN-4ND-CP,CAD Drawing,DWG,https://techcomm.kohler.com/techcomm/cad/33059in_4ndsde.dwg,https://www.kohler.co.in/p/accliv-single-handle-bathroom-sink-faucet-with-paddle-handle-15-1-lpm-33059in-4nd?skuId=33059IN-4ND-CP,DWG,cad drawing,asset_001396,False,False,False,False,False,True,False,False,techcomm.kohler.com
33059IN-4ND-CP,CAD Drawing,DXF,https://techcomm.kohler.com/techcomm/cad/33059in_4ndsde.dxf,https://www.kohler.co.in/p/accliv-single-handle-bathroom-sink-faucet-with-paddle-handle-15-1-lpm-33059in-4nd?skuId=33059IN-4ND-CP,DXF,cad drawing,asset_001397,False,False,False,False,False,False,True,False,techcomm.kohler.com
33063IN-4ND-CP,3D Model,3DS,https://techcomm.kohler.com/techcomm/cad/33063IN-4.obj,https://www.kohler.co.in/p/accliv-tall-single-handle-bathroom-sink-faucet-with-paddle-handle-9-0-lpm-33063in-4nd?skuId=33063IN-4ND-CP,3DS,3d model,asset_001398,True,False,False,True,False,False,False,False,techcomm.kohler.com
33063IN-4ND-CP,CAD Drawing,DWG,https://techcomm.kohler.com/techcomm/cad/33063IN-4ND.dwg,https://www.kohler.co.in/p/accliv-tall-single-handle-bathroom-sink-faucet-with-paddle-handle-9-0-lpm-33063in-4nd?skuId=33063IN-4ND-CP,DWG,cad drawing,asset_001399,False,False,False,False,False,True,False,False,techcomm.kohler.com
33063IN-4ND-CP,CAD Drawing,DXF,https://techcomm.kohler.com/techcomm/cad/33063IN-4ND.dxf,https://www.kohler.co.in/p/accliv-tall-single-handle-bathroom-sink-faucet-with-paddle-handle-9-0-lpm-33063in-4nd?skuId=33063IN-4ND-CP,DXF,cad drawing,asset_001400,False,False,False,False,False,False,True,False,techcomm.kohler.com
33063IN-4ND-CP,3D Model,OBJ,https://techcomm.kohler.com/techcomm/cad/33063IN-4ND.obj,https://www.kohler.co.in/p/accliv-tall-single-handle-bathroom-sink-faucet-with-paddle-handle-9-0-lpm-33063in-4nd?skuId=33063IN-4ND-CP,OBJ,3d model,asset_001401,True,True,False,False,False,False,False,False,techcomm.kohler.com
33063IN-4ND-CP,CAD Drawing,DWG,https://techcomm.kohler.com/techcomm/cad/33063in_4ndfrt.dwg,https://www.kohler.co.in/p/accliv-tall-single-handle-bathroom-sink-faucet-with-paddle-handle-9-0-lpm-33063in-4nd?skuId=33063IN-4ND-CP,DWG,cad drawing,asset_001402,False,False,False,False,False,True,False,False,techcomm.kohler.com
33063IN-4ND-CP,CAD Drawing,DXF,https://techcomm.kohler.com/techcomm/cad/33063in_4ndfrt.dxf,https://www.kohler.co.in/p/accliv-tall-single-handle-bathroom-sink-faucet-with-paddle-handle-9-0-lpm-33063in-4nd?skuId=33063IN-4ND-CP,DXF,cad drawing,asset_001403,False,False,False,False,False,False,True,False,techcomm.kohler.com
33063IN-4ND-CP,CAD Drawing,DWG,https://techcomm.kohler.com/techcomm/cad/33063in_4ndpln.dwg,https://www.kohler.co.in/p/accliv-tall-single-handle-bathroom-sink-faucet-with-paddle-handle-9-0-lpm-33063in-4nd?skuId=33063IN-4ND-CP,DWG,cad drawing,asset_001404,False,False,False,False,False,True,False,False,techcomm.kohler.com
33063IN-4ND-CP,CAD Drawing,DXF,https://techcomm.kohler.com/techcomm/cad/33063in_4ndpln.dxf,https://www.kohler.co.in/p/accliv-tall-single-handle-bathroom-sink-faucet-with-paddle-handle-9-0-lpm-33063in-4nd?skuId=33063IN-4ND-CP,DXF,cad drawing,asset_001405,False,False,False,False,False,False,True,False,techcomm.kohler.com
33063IN-4ND-CP,CAD Drawing,DWG,https://techcomm.kohler.com/techcomm/cad/33063in_4ndsde.dwg,https://www.kohler.co.in/p/accliv-tall-single-handle-bathroom-sink-faucet-with-paddle-handle-9-0-lpm-33063in-4nd?skuId=33063IN-4ND-CP,DWG,cad drawing,asset_001406,False,False,False,False,False,True,False,False,techcomm.kohler.com
33063IN-4ND-CP,CAD Drawing,DXF,https://techcomm.kohler.com/techcomm/cad/33063in_4ndsde.dxf,https://www.kohler.co.in/p/accliv-tall-single-handle-bathroom-sink-faucet-with-paddle-handle-9-0-lpm-33063in-4nd?skuId=33063IN-4ND-CP,DXF,cad drawing,asset_001407,False,False,False,False,False,False,True,False,techcomm.kohler.com
33063IN-4ND-CP,3D Model,RFA,https://techcomm.kohler.com/techcomm/cad/33063in_4pln.dwg,https://www.kohler.co.in/p/accliv-tall-single-handle-bathroom-sink-faucet-with-paddle-handle-9-0-lpm-33063in-4nd?skuId=33063IN-4ND-CP,RFA,3d model,asset_001408,True,False,False,False,True,False,False,False,techcomm.kohler.com
33074IN-CP,3D Model,3DS,https://techcomm.kohler.com/techcomm/cad/33074IN.3ds,https://www.kohler.co.in/p/accliv-wall-mount-bath-spout-without-diverter-33074in?skuId=33074IN-CP,3DS,3d model,asset_001409,True,False,False,True,False,False,False,False,techcomm.kohler.com
33074IN-CP,CAD Drawing,DWG,https://techcomm.kohler.com/techcomm/cad/33074IN.dwg,https://www.kohler.co.in/p/accliv-wall-mount-bath-spout-without-diverter-33074in?skuId=33074IN-CP,DWG,cad drawing,asset_001410,False,False,False,False,False,True,False,False,techcomm.kohler.com
33074IN-CP,CAD Drawing,DXF,https://techcomm.kohler.com/techcomm/cad/33074IN.dxf,https://www.kohler.co.in/p/accliv-wall-mount-bath-spout-without-diverter-33074in?skuId=33074IN-CP,DXF,cad drawing,asset_001411,False,False,False,False,False,False,True,False,techcomm.kohler.com
33074IN-CP,3D Model,OBJ,https://techcomm.kohler.com/techcomm/cad/33074IN.obj,https://www.kohler.co.in/p/accliv-wall-mount-bath-spout-without-diverter-33074in?skuId=33074IN-CP,OBJ,3d model,asset_001412,True,True,False,False,False,False,False,False,techcomm.kohler.com
33074IN-CP,3D Model,SKP,https://techcomm.kohler.com/techcomm/cad/33074IN.skp,https://www.kohler.co.in/p/accliv-wall-mount-bath-spout-without-diverter-33074in?skuId=33074IN-CP,SKP,3d model,asset_001413,True,False,True,False,False,False,False,False,techcomm.kohler.com
33074IN-CP,CAD Drawing,DWG,https://techcomm.kohler.com/techcomm/cad/33074infrt.dwg,https://www.kohler.co.in/p/accliv-wall-mount-bath-spout-without-diverter-33074in?skuId=33074IN-CP,DWG,cad drawing,asset_001414,False,False,False,False,False,True,False,False,techcomm.kohler.com
33074IN-CP,CAD Drawing,DXF,https://techcomm.kohler.com/techcomm/cad/33074infrt.dxf,https://www.kohler.co.in/p/accliv-wall-mount-bath-spout-without-diverter-33074in?skuId=33074IN-CP,DXF,cad drawing,asset_001415,False,False,False,False,False,False,True,False,techcomm.kohler.com
33074IN-CP,CAD Drawing,DWG,https://techcomm.kohler.com/techcomm/cad/33074inpln.dwg,https://www.kohler.co.in/p/accliv-wall-mount-bath-spout-without-diverter-33074in?skuId=33074IN-CP,DWG,cad drawing,asset_001416,False,False,False,False,False,True,False,False,techcomm.kohler.com
33074IN-CP,CAD Drawing,DXF,https://techcomm.kohler.com/techcomm/cad/33074inpln.dxf,https://www.kohler.co.in/p/accliv-wall-mount-bath-spout-without-diverter-33074in?skuId=33074IN-CP,DXF,cad drawing,asset_001417,False,False,False,False,False,False,True,False,techcomm.kohler.com
33074IN-CP,CAD Drawing,DWG,https://techcomm.kohler.com/techcomm/cad/33074insde.dwg,https://www.kohler.co.in/p/accliv-wall-mount-bath-spout-without-diverter-33074in?skuId=33074IN-CP,DWG,cad drawing,asset_001418,False,False,False,False,False,True,False,False,techcomm.kohler.com
33074IN-CP,CAD Drawing,DXF,https://techcomm.kohler.com/techcomm/cad/33074insde.dxf,https://www.kohler.co.in/p/accliv-wall-mount-bath-spout-without-diverter-33074in?skuId=33074IN-CP,DXF,cad drawing,asset_001419,False,False,False,False,False,False,True,False,techcomm.kohler.com
33103IN-4ND-CP,3D Model,3DS,https://techcomm.kohler.com/techcomm/cad/33103IN-4ND.3ds,https://www.kohler.co.in/p/accliv-wall-mount-single-handle-bathroom-sink-faucet-trim-cold-only-9-0-lpm-33103in-4nd?skuId=33103IN-4ND-CP,3DS,3d model,asset_001420,True,False,False,True,False,False,False,False,techcomm.kohler.com
33103IN-4ND-CP,CAD Drawing,DWG,https://techcomm.kohler.com/techcomm/cad/33103IN-4ND.dwg,https://www.kohler.co.in/p/accliv-wall-mount-single-handle-bathroom-sink-faucet-trim-cold-only-9-0-lpm-33103in-4nd?skuId=33103IN-4ND-CP,DWG,cad drawing,asset_001421,False,False,False,False,False,True,False,False,techcomm.kohler.com
33103IN-4ND-CP,CAD Drawing,DXF,https://techcomm.kohler.com/techcomm/cad/33103IN-4ND.dxf,https://www.kohler.co.in/p/accliv-wall-mount-single-handle-bathroom-sink-faucet-trim-cold-only-9-0-lpm-33103in-4nd?skuId=33103IN-4ND-CP,DXF,cad drawing,asset_001422,False,False,False,False,False,False,True,False,techcomm.kohler.com
33103IN-4ND-CP,3D Model,OBJ,https://techcomm.kohler.com/techcomm/cad/33103IN-4ND.obj,https://www.kohler.co.in/p/accliv-wall-mount-single-handle-bathroom-sink-faucet-trim-cold-only-9-0-lpm-33103in-4nd?skuId=33103IN-4ND-CP,OBJ,3d model,asset_001423,True,True,False,False,False,False,False,False,techcomm.kohler.com
33103IN-4ND-CP,3D Model,SKP,https://techcomm.kohler.com/techcomm/cad/33103IN-4ND.skp,https://www.kohler.co.in/p/accliv-wall-mount-single-handle-bathroom-sink-faucet-trim-cold-only-9-0-lpm-33103in-4nd?skuId=33103IN-4ND-CP,SKP,3d model,asset_001424,True,False,True,False,False,False,False,False,techcomm.kohler.com
33103IN-4ND-CP,CAD Drawing,DWG,https://techcomm.kohler.com/techcomm/cad/33103in_4ndfrt.dwg,https://www.kohler.co.in/p/accliv-wall-mount-single-handle-bathroom-sink-faucet-trim-cold-only-9-0-lpm-33103in-4nd?skuId=33103IN-4ND-CP,DWG,cad drawing,asset_001425,False,False,False,False,False,True,False,False,techcomm.kohler.com
33103IN-4ND-CP,CAD Drawing,DXF,https://techcomm.kohler.com/techcomm/cad/33103in_4ndfrt.dxf,https://www.kohler.co.in/p/accliv-wall-mount-single-handle-bathroom-sink-faucet-trim-cold-only-9-0-lpm-33103in-4nd?skuId=33103IN-4ND-CP,DXF,cad drawing,asset_001426,False,False,False,False,False,False,True,False,techcomm.kohler.com
33103IN-4ND-CP,CAD Drawing,DWG,https://techcomm.kohler.com/techcomm/cad/33103in_4ndpln.dwg,https://www.kohler.co.in/p/accliv-wall-mount-single-handle-bathroom-sink-faucet-trim-cold-only-9-0-lpm-33103in-4nd?skuId=33103IN-4ND-CP,DWG,cad drawing,asset_001427,False,False,False,False,False,True,False,False,techcomm.kohler.com
33103IN-4ND-CP,CAD Drawing,DXF,https://techcomm.kohler.com/techcomm/cad/33103in_4ndpln.dxf,https://www.kohler.co.in/p/accliv-wall-mount-single-handle-bathroom-sink-faucet-trim-cold-only-9-0-lpm-33103in-4nd?skuId=33103IN-4ND-CP,DXF,cad drawing,asset_001428,False,False,False,False,False,False,True,False,techcomm.kohler.com
33103IN-4ND-CP,CAD Drawing,DWG,https://techcomm.kohler.com/techcomm/cad/33103in_4ndsde.dwg,https://www.kohler.co.in/p/accliv-wall-mount-single-handle-bathroom-sink-faucet-trim-cold-only-9-0-lpm-33103in-4nd?skuId=33103IN-4ND-CP,DWG,cad drawing,asset_001429,False,False,False,False,False,True,False,False,techcomm.kohler.com
33103IN-4ND-CP,CAD Drawing,DXF,https://techcomm.kohler.com/techcomm/cad/33103in_4ndsde.dxf,https://www.kohler.co.in/p/accliv-wall-mount-single-handle-bathroom-sink-faucet-trim-cold-only-9-0-lpm-33103in-4nd?skuId=33103IN-4ND-CP,DXF,cad drawing,asset_001430,False,False,False,False,False,False,True,False,techcomm.kohler.com
33995IN-CP,3D Model,3DS,https://techcomm.kohler.com/techcomm/cad/33995IN.3ds,https://www.kohler.co.in/p/apt-wall-mount-bath-spout-33995in?skuId=33995IN-CP,3DS,3d model,asset_001431,True,False,False,True,False,False,False,False,techcomm.kohler.com
33995IN-CP,CAD Drawing,DWG,https://techcomm.kohler.com/techcomm/cad/33995IN.dwg,https://www.kohler.co.in/p/apt-wall-mount-bath-spout-33995in?skuId=33995IN-CP,DWG,cad drawing,asset_001432,False,False,False,False,False,True,False,False,techcomm.kohler.com
33995IN-CP,CAD Drawing,DXF,https://techcomm.kohler.com/techcomm/cad/33995IN.dxf,https://www.kohler.co.in/p/apt-wall-mount-bath-spout-33995in?skuId=33995IN-CP,DXF,cad drawing,asset_001433,False,False,False,False,False,False,True,False,techcomm.kohler.com
33995IN-CP,3D Model,OBJ,https://techcomm.kohler.com/techcomm/cad/33995IN.obj,https://www.kohler.co.in/p/apt-wall-mount-bath-spout-33995in?skuId=33995IN-CP,OBJ,3d model,asset_001434,True,True,False,False,False,False,False,False,techcomm.kohler.com
33995IN-CP,3D Model,SKP,https://techcomm.kohler.com/techcomm/cad/33995IN.skp,https://www.kohler.co.in/p/apt-wall-mount-bath-spout-33995in?skuId=33995IN-CP,SKP,3d model,asset_001435,True,False,True,False,False,False,False,False,techcomm.kohler.com
33995IN-CP,CAD Drawing,DWG,https://techcomm.kohler.com/techcomm/cad/33995infrt.dwg,https://www.kohler.co.in/p/apt-wall-mount-bath-spout-33995in?skuId=33995IN-CP,DWG,cad drawing,asset_001436,False,False,False,False,False,True,False,False,techcomm.kohler.com
33995IN-CP,CAD Drawing,DXF,https://techcomm.kohler.com/techcomm/cad/33995infrt.dxf,https://www.kohler.co.in/p/apt-wall-mount-bath-spout-33995in?skuId=33995IN-CP,DXF,cad drawing,asset_001437,False,False,False,False,False,False,True,False,techcomm.kohler.com
33995IN-CP,CAD Drawing,DWG,https://techcomm.kohler.com/techcomm/cad/33995inpln.dwg,https://www.kohler.co.in/p/apt-wall-mount-bath-spout-33995in?skuId=33995IN-CP,DWG,cad drawing,asset_001438,False,False,False,False,False,True,False,False,techcomm.kohler.com
33995IN-CP,CAD Drawing,DXF,https://techcomm.kohler.com/techcomm/cad/33995inpln.dxf,https://www.kohler.co.in/p/apt-wall-mount-bath-spout-33995in?skuId=33995IN-CP,DXF,cad drawing,asset_001439,False,False,False,False,False,False,True,False,techcomm.kohler.com
33995IN-CP,CAD Drawing,DWG,https://techcomm.kohler.com/techcomm/cad/33995insde.dwg,https://www.kohler.co.in/p/apt-wall-mount-bath-spout-33995in?skuId=33995IN-CP,DWG,cad drawing,asset_001440,False,False,False,False,False,True,False,False,techcomm.kohler.com
33995IN-CP,CAD Drawing,DXF,https://techcomm.kohler.com/techcomm/cad/33995insde.dxf,https://www.kohler.co.in/p/apt-wall-mount-bath-spout-33995in?skuId=33995IN-CP,DXF,cad drawing,asset_001441,False,False,False,False,False,False,True,False,techcomm.kohler.com
33996IN-CP,3D Model,3DS,https://techcomm.kohler.com/techcomm/cad/33996IN.3ds,https://www.kohler.co.in/p/apt-wall-mount-bath-spout-with-diverter-33996in?skuId=33996IN-CP,3DS,3d model,asset_001442,True,False,False,True,False,False,False,False,techcomm.kohler.com
33996IN-CP,CAD Drawing,DWG,https://techcomm.kohler.com/techcomm/cad/33996IN.dwg,https://www.kohler.co.in/p/apt-wall-mount-bath-spout-with-diverter-33996in?skuId=33996IN-CP,DWG,cad drawing,asset_001443,False,False,False,False,False,True,False,False,techcomm.kohler.com
33996IN-CP,CAD Drawing,DXF,https://techcomm.kohler.com/techcomm/cad/33996IN.dxf,https://www.kohler.co.in/p/apt-wall-mount-bath-spout-with-diverter-33996in?skuId=33996IN-CP,DXF,cad drawing,asset_001444,False,False,False,False,False,False,True,False,techcomm.kohler.com
33996IN-CP,3D Model,OBJ,https://techcomm.kohler.com/techcomm/cad/33996IN.obj,https://www.kohler.co.in/p/apt-wall-mount-bath-spout-with-diverter-33996in?skuId=33996IN-CP,OBJ,3d model,asset_001445,True,True,False,False,False,False,False,False,techcomm.kohler.com
33996IN-CP,3D Model,SKP,https://techcomm.kohler.com/techcomm/cad/33996IN.skp,https://www.kohler.co.in/p/apt-wall-mount-bath-spout-with-diverter-33996in?skuId=33996IN-CP,SKP,3d model,asset_001446,True,False,True,False,False,False,False,False,techcomm.kohler.com
33996IN-CP,CAD Drawing,DWG,https://techcomm.kohler.com/techcomm/cad/33996infrt.dwg,https://www.kohler.co.in/p/apt-wall-mount-bath-spout-with-diverter-33996in?skuId=33996IN-CP,DWG,cad drawing,asset_001447,False,False,False,False,False,True,False,False,techcomm.kohler.com
33996IN-CP,CAD Drawing,DXF,https://techcomm.kohler.com/techcomm/cad/33996infrt.dxf,https://www.kohler.co.in/p/apt-wall-mount-bath-spout-with-diverter-33996in?skuId=33996IN-CP,DXF,cad drawing,asset_001448,False,False,False,False,False,False,True,False,techcomm.kohler.com
33996IN-CP,CAD Drawing,DWG,https://techcomm.kohler.com/techcomm/cad/33996inpln.dwg,https://www.kohler.co.in/p/apt-wall-mount-bath-spout-with-diverter-33996in?skuId=33996IN-CP,DWG,cad drawing,asset_001449,False,False,False,False,False,True,False,False,techcomm.kohler.com
33996IN-CP,CAD Drawing,DXF,https://techcomm.kohler.com/techcomm/cad/33996inpln.dxf,https://www.kohler.co.in/p/apt-wall-mount-bath-spout-with-diverter-33996in?skuId=33996IN-CP,DXF,cad drawing,asset_001450,False,False,False,False,False,False,True,False,techcomm.kohler.com
33996IN-CP,CAD Drawing,DWG,https://techcomm.kohler.com/techcomm/cad/33996insde.dwg,https://www.kohler.co.in/p/apt-wall-mount-bath-spout-with-diverter-33996in?skuId=33996IN-CP,DWG,cad drawing,asset_001451,False,False,False,False,False,True,False,False,techcomm.kohler.com
33996IN-CP,CAD Drawing,DXF,https://techcomm.kohler.com/techcomm/cad/33996insde.dxf,https://www.kohler.co.in/p/apt-wall-mount-bath-spout-with-diverter-33996in?skuId=33996IN-CP,DXF,cad drawing,asset_001452,False,False,False,False,False,False,True,False,techcomm.kohler.com
34039IN-4ND-CP,3D Model,3DS,https://techcomm.kohler.com/techcomm/cad/34039IN-4ND.3ds,https://www.kohler.co.in/p/apt-flux-wall-mount-bathroom-sink-faucet-12-5-lpm-34039in-4nd?skuId=34039IN-4ND-CP,3DS,3d model,asset_001453,True,False,False,True,False,False,False,False,techcomm.kohler.com
34039IN-4ND-CP,CAD Drawing,DWG,https://techcomm.kohler.com/techcomm/cad/34039IN-4ND.dwg,https://www.kohler.co.in/p/apt-flux-wall-mount-bathroom-sink-faucet-12-5-lpm-34039in-4nd?skuId=34039IN-4ND-CP,DWG,cad drawing,asset_001454,False,False,False,False,False,True,False,False,techcomm.kohler.com
34039IN-4ND-CP,CAD Drawing,DXF,https://techcomm.kohler.com/techcomm/cad/34039IN-4ND.dxf,https://www.kohler.co.in/p/apt-flux-wall-mount-bathroom-sink-faucet-12-5-lpm-34039in-4nd?skuId=34039IN-4ND-CP,DXF,cad drawing,asset_001455,False,False,False,False,False,False,True,False,techcomm.kohler.com
34039IN-4ND-CP,3D Model,OBJ,https://techcomm.kohler.com/techcomm/cad/34039IN-4ND.obj,https://www.kohler.co.in/p/apt-flux-wall-mount-bathroom-sink-faucet-12-5-lpm-34039in-4nd?skuId=34039IN-4ND-CP,OBJ,3d model,asset_001456,True,True,False,False,False,False,False,False,techcomm.kohler.com
34039IN-4ND-CP,3D Model,SKP,https://techcomm.kohler.com/techcomm/cad/34039IN-4ND.skp,https://www.kohler.co.in/p/apt-flux-wall-mount-bathroom-sink-faucet-12-5-lpm-34039in-4nd?skuId=34039IN-4ND-CP,SKP,3d model,asset_001457,True,False,True,False,False,False,False,False,techcomm.kohler.com
34039IN-4ND-CP,CAD Drawing,DWG,https://techcomm.kohler.com/techcomm/cad/34039in_4ndfrt.dwg,https://www.kohler.co.in/p/apt-flux-wall-mount-bathroom-sink-faucet-12-5-lpm-34039in-4nd?skuId=34039IN-4ND-CP,DWG,cad drawing,asset_001458,False,False,False,False,False,True,False,False,techcomm.kohler.com
34039IN-4ND-CP,CAD Drawing,DXF,https://techcomm.kohler.com/techcomm/cad/34039in_4ndfrt.dxf,https://www.kohler.co.in/p/apt-flux-wall-mount-bathroom-sink-faucet-12-5-lpm-34039in-4nd?skuId=34039IN-4ND-CP,DXF,cad drawing,asset_001459,False,False,False,False,False,False,True,False,techcomm.kohler.com
34039IN-4ND-CP,CAD Drawing,DWG,https://techcomm.kohler.com/techcomm/cad/34039in_4ndpln.dwg,https://www.kohler.co.in/p/apt-flux-wall-mount-bathroom-sink-faucet-12-5-lpm-34039in-4nd?skuId=34039IN-4ND-CP,DWG,cad drawing,asset_001460,False,False,False,False,False,True,False,False,techcomm.kohler.com
34039IN-4ND-CP,CAD Drawing,DXF,https://techcomm.kohler.com/techcomm/cad/34039in_4ndpln.dxf,https://www.kohler.co.in/p/apt-flux-wall-mount-bathroom-sink-faucet-12-5-lpm-34039in-4nd?skuId=34039IN-4ND-CP,DXF,cad drawing,asset_001461,False,False,False,False,False,False,True,False,techcomm.kohler.com
34039IN-4ND-CP,CAD Drawing,DWG,https://techcomm.kohler.com/techcomm/cad/34039in_4ndsde.dwg,https://www.kohler.co.in/p/apt-flux-wall-mount-bathroom-sink-faucet-12-5-lpm-34039in-4nd?skuId=34039IN-4ND-CP,DWG,cad drawing,asset_001462,False,False,False,False,False,True,False,False,techcomm.kohler.com
34039IN-4ND-CP,CAD Drawing,DXF,https://techcomm.kohler.com/techcomm/cad/34039in_4ndsde.dxf,https://www.kohler.co.in/p/apt-flux-wall-mount-bathroom-sink-faucet-12-5-lpm-34039in-4nd?skuId=34039IN-4ND-CP,DXF,cad drawing,asset_001463,False,False,False,False,False,False,True,False,techcomm.kohler.com
34076IN-4ND-CP,3D Model,3DS,https://techcomm.kohler.com/techcomm/cad/34076IN-4ND.3ds,https://www.kohler.co.in/p/apt-curv-wall-mount-bathroom-sink-faucet-12-5-lpm-34076in-4nd?skuId=34076IN-4ND-CP,3DS,3d model,asset_001464,True,False,False,True,False,False,False,False,techcomm.kohler.com
34076IN-4ND-CP,CAD Drawing,DWG,https://techcomm.kohler.com/techcomm/cad/34076IN-4ND.dwg,https://www.kohler.co.in/p/apt-curv-wall-mount-bathroom-sink-faucet-12-5-lpm-34076in-4nd?skuId=34076IN-4ND-CP,DWG,cad drawing,asset_001465,False,False,False,False,False,True,False,False,techcomm.kohler.com
34076IN-4ND-CP,CAD Drawing,DXF,https://techcomm.kohler.com/techcomm/cad/34076IN-4ND.dxf,https://www.kohler.co.in/p/apt-curv-wall-mount-bathroom-sink-faucet-12-5-lpm-34076in-4nd?skuId=34076IN-4ND-CP,DXF,cad drawing,asset_001466,False,False,False,False,False,False,True,False,techcomm.kohler.com
34076IN-4ND-CP,3D Model,OBJ,https://techcomm.kohler.com/techcomm/cad/34076IN-4ND.obj,https://www.kohler.co.in/p/apt-curv-wall-mount-bathroom-sink-faucet-12-5-lpm-34076in-4nd?skuId=34076IN-4ND-CP,OBJ,3d model,asset_001467,True,True,False,False,False,False,False,False,techcomm.kohler.com
34076IN-4ND-CP,3D Model,SKP,https://techcomm.kohler.com/techcomm/cad/34076IN-4ND.skp,https://www.kohler.co.in/p/apt-curv-wall-mount-bathroom-sink-faucet-12-5-lpm-34076in-4nd?skuId=34076IN-4ND-CP,SKP,3d model,asset_001468,True,False,True,False,False,False,False,False,techcomm.kohler.com
34076IN-4ND-CP,CAD Drawing,DWG,https://techcomm.kohler.com/techcomm/cad/34076in_4ndfrt.dwg,https://www.kohler.co.in/p/apt-curv-wall-mount-bathroom-sink-faucet-12-5-lpm-34076in-4nd?skuId=34076IN-4ND-CP,DWG,cad drawing,asset_001469,False,False,False,False,False,True,False,False,techcomm.kohler.com
34076IN-4ND-CP,CAD Drawing,DXF,https://techcomm.kohler.com/techcomm/cad/34076in_4ndfrt.dxf,https://www.kohler.co.in/p/apt-curv-wall-mount-bathroom-sink-faucet-12-5-lpm-34076in-4nd?skuId=34076IN-4ND-CP,DXF,cad drawing,asset_001470,False,False,False,False,False,False,True,False,techcomm.kohler.com
34076IN-4ND-CP,CAD Drawing,DWG,https://techcomm.kohler.com/techcomm/cad/34076in_4ndpln.dwg,https://www.kohler.co.in/p/apt-curv-wall-mount-bathroom-sink-faucet-12-5-lpm-34076in-4nd?skuId=34076IN-4ND-CP,DWG,cad drawing,asset_001471,False,False,False,False,False,True,False,False,techcomm.kohler.com
34076IN-4ND-CP,CAD Drawing,DXF,https://techcomm.kohler.com/techcomm/cad/34076in_4ndpln.dxf,https://www.kohler.co.in/p/apt-curv-wall-mount-bathroom-sink-faucet-12-5-lpm-34076in-4nd?skuId=34076IN-4ND-CP,DXF,cad drawing,asset_001472,False,False,False,False,False,False,True,False,techcomm.kohler.com
34076IN-4ND-CP,CAD Drawing,DWG,https://techcomm.kohler.com/techcomm/cad/34076in_4ndsde.dwg,https://www.kohler.co.in/p/apt-curv-wall-mount-bathroom-sink-faucet-12-5-lpm-34076in-4nd?skuId=34076IN-4ND-CP,DWG,cad drawing,asset_001473,False,False,False,False,False,True,False,False,techcomm.kohler.com
34076IN-4ND-CP,CAD Drawing,DXF,https://techcomm.kohler.com/techcomm/cad/34076in_4ndsde.dxf,https://www.kohler.co.in/p/apt-curv-wall-mount-bathroom-sink-faucet-12-5-lpm-34076in-4nd?skuId=34076IN-4ND-CP,DXF,cad drawing,asset_001474,False,False,False,False,False,False,True,False,techcomm.kohler.com
34229IN-0,3D Model,3DS,https://techcomm.kohler.com/techcomm/cad/34229IN.3ds,https://www.kohler.co.in/p/apt-550-mm-rectangular-wall-mount-bathroom-sink-no-overflow-34229in?skuId=34229IN-0,3DS,3d model,asset_001475,True,False,False,True,False,False,False,False,techcomm.kohler.com
34229IN-0,CAD Drawing,DWG,https://techcomm.kohler.com/techcomm/cad/34229IN.dwg,https://www.kohler.co.in/p/apt-550-mm-rectangular-wall-mount-bathroom-sink-no-overflow-34229in?skuId=34229IN-0,DWG,cad drawing,asset_001476,False,False,False,False,False,True,False,False,techcomm.kohler.com
34229IN-0,CAD Drawing,DXF,https://techcomm.kohler.com/techcomm/cad/34229IN.dxf,https://www.kohler.co.in/p/apt-550-mm-rectangular-wall-mount-bathroom-sink-no-overflow-34229in?skuId=34229IN-0,DXF,cad drawing,asset_001477,False,False,False,False,False,False,True,False,techcomm.kohler.com
34229IN-0,3D Model,OBJ,https://techcomm.kohler.com/techcomm/cad/34229IN.obj,https://www.kohler.co.in/p/apt-550-mm-rectangular-wall-mount-bathroom-sink-no-overflow-34229in?skuId=34229IN-0,OBJ,3d model,asset_001478,True,True,False,False,False,False,False,False,techcomm.kohler.com
34229IN-0,3D Model,SKP,https://techcomm.kohler.com/techcomm/cad/34229IN.skp,https://www.kohler.co.in/p/apt-550-mm-rectangular-wall-mount-bathroom-sink-no-overflow-34229in?skuId=34229IN-0,SKP,3d model,asset_001479,True,False,True,False,False,False,False,False,techcomm.kohler.com
34229IN-0,CAD Drawing,DWG,https://techcomm.kohler.com/techcomm/cad/34229infrt.dwg,https://www.kohler.co.in/p/apt-550-mm-rectangular-wall-mount-bathroom-sink-no-overflow-34229in?skuId=34229IN-0,DWG,cad drawing,asset_001480,False,False,False,False,False,True,False,False,techcomm.kohler.com
34229IN-0,CAD Drawing,DXF,https://techcomm.kohler.com/techcomm/cad/34229infrt.dxf,https://www.kohler.co.in/p/apt-550-mm-rectangular-wall-mount-bathroom-sink-no-overflow-34229in?skuId=34229IN-0,DXF,cad drawing,asset_001481,False,False,False,False,False,False,True,False,techcomm.kohler.com
34229IN-0,CAD Drawing,DWG,https://techcomm.kohler.com/techcomm/cad/34229inpln.dwg,https://www.kohler.co.in/p/apt-550-mm-rectangular-wall-mount-bathroom-sink-no-overflow-34229in?skuId=34229IN-0,DWG,cad drawing,asset_001482,False,False,False,False,False,True,False,False,techcomm.kohler.com
34229IN-0,CAD Drawing,DXF,https://techcomm.kohler.com/techcomm/cad/34229inpln.dxf,https://www.kohler.co.in/p/apt-550-mm-rectangular-wall-mount-bathroom-sink-no-overflow-34229in?skuId=34229IN-0,DXF,cad drawing,asset_001483,False,False,False,False,False,False,True,False,techcomm.kohler.com
34229IN-0,CAD Drawing,DWG,https://techcomm.kohler.com/techcomm/cad/34229insde.dwg,https://www.kohler.co.in/p/apt-550-mm-rectangular-wall-mount-bathroom-sink-no-overflow-34229in?skuId=34229IN-0,DWG,cad drawing,asset_001484,False,False,False,False,False,True,False,False,techcomm.kohler.com
34229IN-0,CAD Drawing,DXF,https://techcomm.kohler.com/techcomm/cad/34229insde.dxf,https://www.kohler.co.in/p/apt-550-mm-rectangular-wall-mount-bathroom-sink-no-overflow-34229in?skuId=34229IN-0,DXF,cad drawing,asset_001485,False,False,False,False,False,False,True,False,techcomm.kohler.com
34251IN-0,3D Model,3DS,https://techcomm.kohler.com/techcomm/cad/34251IN.3ds,https://www.kohler.co.in/p/apt-550-mm-rectangular-vessel-bathroom-sink-no-overflow-34251in?skuId=34251IN-0,3DS,3d model,asset_001486,True,False,False,True,False,False,False,False,techcomm.kohler.com
34251IN-0,CAD Drawing,DWG,https://techcomm.kohler.com/techcomm/cad/34251IN.dwg,https://www.kohler.co.in/p/apt-550-mm-rectangular-vessel-bathroom-sink-no-overflow-34251in?skuId=34251IN-0,DWG,cad drawing,asset_001487,False,False,False,False,False,True,False,False,techcomm.kohler.com
34251IN-0,CAD Drawing,DXF,https://techcomm.kohler.com/techcomm/cad/34251IN.dxf,https://www.kohler.co.in/p/apt-550-mm-rectangular-vessel-bathroom-sink-no-overflow-34251in?skuId=34251IN-0,DXF,cad drawing,asset_001488,False,False,False,False,False,False,True,False,techcomm.kohler.com
34251IN-0,3D Model,OBJ,https://techcomm.kohler.com/techcomm/cad/34251IN.obj,https://www.kohler.co.in/p/apt-550-mm-rectangular-vessel-bathroom-sink-no-overflow-34251in?skuId=34251IN-0,OBJ,3d model,asset_001489,True,True,False,False,False,False,False,False,techcomm.kohler.com
34251IN-0,3D Model,SKP,https://techcomm.kohler.com/techcomm/cad/34251IN.skp,https://www.kohler.co.in/p/apt-550-mm-rectangular-vessel-bathroom-sink-no-overflow-34251in?skuId=34251IN-0,SKP,3d model,asset_001490,True,False,True,False,False,False,False,False,techcomm.kohler.com
34251IN-0,CAD Drawing,DWG,https://techcomm.kohler.com/techcomm/cad/34251infrt.dwg,https://www.kohler.co.in/p/apt-550-mm-rectangular-vessel-bathroom-sink-no-overflow-34251in?skuId=34251IN-0,DWG,cad drawing,asset_001491,False,False,False,False,False,True,False,False,techcomm.kohler.com
34251IN-0,CAD Drawing,DXF,https://techcomm.kohler.com/techcomm/cad/34251infrt.dxf,https://www.kohler.co.in/p/apt-550-mm-rectangular-vessel-bathroom-sink-no-overflow-34251in?skuId=34251IN-0,DXF,cad drawing,asset_001492,False,False,False,False,False,False,True,False,techcomm.kohler.com
34251IN-0,CAD Drawing,DWG,https://techcomm.kohler.com/techcomm/cad/34251inpln.dwg,https://www.kohler.co.in/p/apt-550-mm-rectangular-vessel-bathroom-sink-no-overflow-34251in?skuId=34251IN-0,DWG,cad drawing,asset_001493,False,False,False,False,False,True,False,False,techcomm.kohler.com
34251IN-0,CAD Drawing,DXF,https://techcomm.kohler.com/techcomm/cad/34251inpln.dxf,https://www.kohler.co.in/p/apt-550-mm-rectangular-vessel-bathroom-sink-no-overflow-34251in?skuId=34251IN-0,DXF,cad drawing,asset_001494,False,False,False,False,False,False,True,False,techcomm.kohler.com
34251IN-0,CAD Drawing,DWG,https://techcomm.kohler.com/techcomm/cad/34251insde.dwg,https://www.kohler.co.in/p/apt-550-mm-rectangular-vessel-bathroom-sink-no-overflow-34251in?skuId=34251IN-0,DWG,cad drawing,asset_001495,False,False,False,False,False,True,False,False,techcomm.kohler.com
34251IN-0,CAD Drawing,DXF,https://techcomm.kohler.com/techcomm/cad/34251insde.dxf,https://www.kohler.co.in/p/apt-550-mm-rectangular-vessel-bathroom-sink-no-overflow-34251in?skuId=34251IN-0,DXF,cad drawing,asset_001496,False,False,False,False,False,False,True,False,techcomm.kohler.com
38471IN-CP,3D Model,3DS,https://techcomm.kohler.com/techcomm/cad/38471IN.3ds,https://www.kohler.co.in/p/engage-wall-mount-bath-spout-with-diverter-38471in?skuId=38471IN-CP,3DS,3d model,asset_001497,True,False,False,True,False,False,False,False,techcomm.kohler.com
38471IN-CP,CAD Drawing,DWG,https://techcomm.kohler.com/techcomm/cad/38471IN.dwg,https://www.kohler.co.in/p/engage-wall-mount-bath-spout-with-diverter-38471in?skuId=38471IN-CP,DWG,cad drawing,asset_001498,False,False,False,False,False,True,False,False,techcomm.kohler.com
38471IN-CP,CAD Drawing,DXF,https://techcomm.kohler.com/techcomm/cad/38471IN.dxf,https://www.kohler.co.in/p/engage-wall-mount-bath-spout-with-diverter-38471in?skuId=38471IN-CP,DXF,cad drawing,asset_001499,False,False,False,False,False,False,True,False,techcomm.kohler.com
38471IN-CP,3D Model,OBJ,https://techcomm.kohler.com/techcomm/cad/38471IN.obj,https://www.kohler.co.in/p/engage-wall-mount-bath-spout-with-diverter-38471in?skuId=38471IN-CP,OBJ,3d model,asset_001500,True,True,False,False,False,False,False,False,techcomm.kohler.com
38471IN-CP,3D Model,SKP,https://techcomm.kohler.com/techcomm/cad/38471IN.skp,https://www.kohler.co.in/p/engage-wall-mount-bath-spout-with-diverter-38471in?skuId=38471IN-CP,SKP,3d model,asset_001501,True,False,True,False,False,False,False,False,techcomm.kohler.com
38471IN-CP,CAD Drawing,DWG,https://techcomm.kohler.com/techcomm/cad/38471infrt.dwg,https://www.kohler.co.in/p/engage-wall-mount-bath-spout-with-diverter-38471in?skuId=38471IN-CP,DWG,cad drawing,asset_001502,False,False,False,False,False,True,False,False,techcomm.kohler.com
38471IN-CP,CAD Drawing,DXF,https://techcomm.kohler.com/techcomm/cad/38471infrt.dxf,https://www.kohler.co.in/p/engage-wall-mount-bath-spout-with-diverter-38471in?skuId=38471IN-CP,DXF,cad drawing,asset_001503,False,False,False,False,False,False,True,False,techcomm.kohler.com
38471IN-CP,CAD Drawing,DWG,https://techcomm.kohler.com/techcomm/cad/38471inpln.dwg,https://www.kohler.co.in/p/engage-wall-mount-bath-spout-with-diverter-38471in?skuId=38471IN-CP,DWG,cad drawing,asset_001504,False,False,False,False,False,True,False,False,techcomm.kohler.com
38471IN-CP,CAD Drawing,DXF,https://techcomm.kohler.com/techcomm/cad/38471inpln.dxf,https://www.kohler.co.in/p/engage-wall-mount-bath-spout-with-diverter-38471in?skuId=38471IN-CP,DXF,cad drawing,asset_001505,False,False,False,False,False,False,True,False,techcomm.kohler.com
38471IN-CP,CAD Drawing,DWG,https://techcomm.kohler.com/techcomm/cad/38471insde.dwg,https://www.kohler.co.in/p/engage-wall-mount-bath-spout-with-diverter-38471in?skuId=38471IN-CP,DWG,cad drawing,asset_001506,False,False,False,False,False,True,False,False,techcomm.kohler.com
38471IN-CP,CAD Drawing,DXF,https://techcomm.kohler.com/techcomm/cad/38471insde.dxf,https://www.kohler.co.in/p/engage-wall-mount-bath-spout-with-diverter-38471in?skuId=38471IN-CP,DXF,cad drawing,asset_001507,False,False,False,False,False,False,True,False,techcomm.kohler.com
38629IN-CP,3D Model,3DS,https://techcomm.kohler.com/techcomm/cad/38629IN.3ds,https://www.kohler.co.in/p/rain-max-square-305-mm-three-function-rainhead-14-5-31-0-lpm-38629in?skuId=38629IN-CP,3DS,3d model,asset_001508,True,False,False,True,False,False,False,False,techcomm.kohler.com
38629IN-CP,CAD Drawing,DWG,https://techcomm.kohler.com/techcomm/cad/38629IN.dwg,https://www.kohler.co.in/p/rain-max-square-305-mm-three-function-rainhead-14-5-31-0-lpm-38629in?skuId=38629IN-CP,DWG,cad drawing,asset_001509,False,False,False,False,False,True,False,False,techcomm.kohler.com
38629IN-CP,CAD Drawing,DXF,https://techcomm.kohler.com/techcomm/cad/38629IN.dxf,https://www.kohler.co.in/p/rain-max-square-305-mm-three-function-rainhead-14-5-31-0-lpm-38629in?skuId=38629IN-CP,DXF,cad drawing,asset_001510,False,False,False,False,False,False,True,False,techcomm.kohler.com
38629IN-CP,3D Model,OBJ,https://techcomm.kohler.com/techcomm/cad/38629IN.obj,https://www.kohler.co.in/p/rain-max-square-305-mm-three-function-rainhead-14-5-31-0-lpm-38629in?skuId=38629IN-CP,OBJ,3d model,asset_001511,True,True,False,False,False,False,False,False,techcomm.kohler.com
38629IN-CP,3D Model,SKP,https://techcomm.kohler.com/techcomm/cad/38629IN.skp,https://www.kohler.co.in/p/rain-max-square-305-mm-three-function-rainhead-14-5-31-0-lpm-38629in?skuId=38629IN-CP,SKP,3d model,asset_001512,True,False,True,False,False,False,False,False,techcomm.kohler.com
38629IN-CP,CAD Drawing,DWG,https://techcomm.kohler.com/techcomm/cad/38629infrt.dwg,https://www.kohler.co.in/p/rain-max-square-305-mm-three-function-rainhead-14-5-31-0-lpm-38629in?skuId=38629IN-CP,DWG,cad drawing,asset_001513,False,False,False,False,False,True,False,False,techcomm.kohler.com
38629IN-CP,CAD Drawing,DXF,https://techcomm.kohler.com/techcomm/cad/38629infrt.dxf,https://www.kohler.co.in/p/rain-max-square-305-mm-three-function-rainhead-14-5-31-0-lpm-38629in?skuId=38629IN-CP,DXF,cad drawing,asset_001514,False,False,False,False,False,False,True,False,techcomm.kohler.com
38629IN-CP,CAD Drawing,DWG,https://techcomm.kohler.com/techcomm/cad/38629inpln.dwg,https://www.kohler.co.in/p/rain-max-square-305-mm-three-function-rainhead-14-5-31-0-lpm-38629in?skuId=38629IN-CP,DWG,cad drawing,asset_001515,False,False,False,False,False,True,False,False,techcomm.kohler.com
38629IN-CP,CAD Drawing,DXF,https://techcomm.kohler.com/techcomm/cad/38629inpln.dxf,https://www.kohler.co.in/p/rain-max-square-305-mm-three-function-rainhead-14-5-31-0-lpm-38629in?skuId=38629IN-CP,DXF,cad drawing,asset_001516,False,False,False,False,False,False,True,False,techcomm.kohler.com
38629IN-CP,CAD Drawing,DWG,https://techcomm.kohler.com/techcomm/cad/38629insde.dwg,https://www.kohler.co.in/p/rain-max-square-305-mm-three-function-rainhead-14-5-31-0-lpm-38629in?skuId=38629IN-CP,DWG,cad drawing,asset_001517,False,False,False,False,False,True,False,False,techcomm.kohler.com
38629IN-CP,CAD Drawing,DXF,https://techcomm.kohler.com/techcomm/cad/38629insde.dxf,https://www.kohler.co.in/p/rain-max-square-305-mm-three-function-rainhead-14-5-31-0-lpm-38629in?skuId=38629IN-CP,DXF,cad drawing,asset_001518,False,False,False,False,False,False,True,False,techcomm.kohler.com
38973IN-CP,3D Model,3DS,https://techcomm.kohler.com/techcomm/cad/38973IN.3ds,https://www.kohler.co.in/p/pristine-rectangular-254-mm-single-function-filtered-rainhead-12-0-lpm-38973in?skuId=38973IN-CP,3DS,3d model,asset_001519,True,False,False,True,False,False,False,False,techcomm.kohler.com
38973IN-CP,CAD Drawing,DWG,https://techcomm.kohler.com/techcomm/cad/38973IN.dwg,https://www.kohler.co.in/p/pristine-rectangular-254-mm-single-function-filtered-rainhead-12-0-lpm-38973in?skuId=38973IN-CP,DWG,cad drawing,asset_001520,False,False,False,False,False,True,False,False,techcomm.kohler.com
38973IN-CP,CAD Drawing,DXF,https://techcomm.kohler.com/techcomm/cad/38973IN.dxf,https://www.kohler.co.in/p/pristine-rectangular-254-mm-single-function-filtered-rainhead-12-0-lpm-38973in?skuId=38973IN-CP,DXF,cad drawing,asset_001521,False,False,False,False,False,False,True,False,techcomm.kohler.com
38973IN-CP,3D Model,OBJ,https://techcomm.kohler.com/techcomm/cad/38973IN.obj,https://www.kohler.co.in/p/pristine-rectangular-254-mm-single-function-filtered-rainhead-12-0-lpm-38973in?skuId=38973IN-CP,OBJ,3d model,asset_001522,True,True,False,False,False,False,False,False,techcomm.kohler.com
38973IN-CP,3D Model,SKP,https://techcomm.kohler.com/techcomm/cad/38973IN.skp,https://www.kohler.co.in/p/pristine-rectangular-254-mm-single-function-filtered-rainhead-12-0-lpm-38973in?skuId=38973IN-CP,SKP,3d model,asset_001523,True,False,True,False,False,False,False,False,techcomm.kohler.com
38973IN-CP,CAD Drawing,DWG,https://techcomm.kohler.com/techcomm/cad/38973infrt.dwg,https://www.kohler.co.in/p/pristine-rectangular-254-mm-single-function-filtered-rainhead-12-0-lpm-38973in?skuId=38973IN-CP,DWG,cad drawing,asset_001524,False,False,False,False,False,True,False,False,techcomm.kohler.com
38973IN-CP,CAD Drawing,DXF,https://techcomm.kohler.com/techcomm/cad/38973infrt.dxf,https://www.kohler.co.in/p/pristine-rectangular-254-mm-single-function-filtered-rainhead-12-0-lpm-38973in?skuId=38973IN-CP,DXF,cad drawing,asset_001525,False,False,False,False,False,False,True,False,techcomm.kohler.com
38973IN-CP,CAD Drawing,DWG,https://techcomm.kohler.com/techcomm/cad/38973inpln.dwg,https://www.kohler.co.in/p/pristine-rectangular-254-mm-single-function-filtered-rainhead-12-0-lpm-38973in?skuId=38973IN-CP,DWG,cad drawing,asset_001526,False,False,False,False,False,True,False,False,techcomm.kohler.com
38973IN-CP,CAD Drawing,DXF,https://techcomm.kohler.com/techcomm/cad/38973inpln.dxf,https://www.kohler.co.in/p/pristine-rectangular-254-mm-single-function-filtered-rainhead-12-0-lpm-38973in?skuId=38973IN-CP,DXF,cad drawing,asset_001527,False,False,False,False,False,False,True,False,techcomm.kohler.com
38973IN-CP,CAD Drawing,DWG,https://techcomm.kohler.com/techcomm/cad/38973insde.dwg,https://www.kohler.co.in/p/pristine-rectangular-254-mm-single-function-filtered-rainhead-12-0-lpm-38973in?skuId=38973IN-CP,DWG,cad drawing,asset_001528,False,False,False,False,False,True,False,False,techcomm.kohler.com
38973IN-CP,CAD Drawing,DXF,https://techcomm.kohler.com/techcomm/cad/38973insde.dxf,https://www.kohler.co.in/p/pristine-rectangular-254-mm-single-function-filtered-rainhead-12-0-lpm-38973in?skuId=38973IN-CP,DXF,cad drawing,asset_001529,False,False,False,False,False,False,True,False,techcomm.kohler.com
39059IN-SHP,3D Model,3DS,https://techcomm.kohler.com/techcomm/cad/39059IN.3ds,https://www.kohler.co.in/p/elate-2000-mm-h-sliding-shower-door-with-8-mm-thick-glass-39059in?skuId=39059IN-SHP,3DS,3d model,asset_001530,True,False,False,True,False,False,False,False,techcomm.kohler.com
39059IN-SHP,CAD Drawing,DWG,https://techcomm.kohler.com/techcomm/cad/39059IN.dwg,https://www.kohler.co.in/p/elate-2000-mm-h-sliding-shower-door-with-8-mm-thick-glass-39059in?skuId=39059IN-SHP,DWG,cad drawing,asset_001531,False,False,False,False,False,True,False,False,techcomm.kohler.com
39059IN-SHP,CAD Drawing,DXF,https://techcomm.kohler.com/techcomm/cad/39059IN.dxf,https://www.kohler.co.in/p/elate-2000-mm-h-sliding-shower-door-with-8-mm-thick-glass-39059in?skuId=39059IN-SHP,DXF,cad drawing,asset_001532,False,False,False,False,False,False,True,False,techcomm.kohler.com
39059IN-SHP,3D Model,OBJ,https://techcomm.kohler.com/techcomm/cad/39059IN.obj,https://www.kohler.co.in/p/elate-2000-mm-h-sliding-shower-door-with-8-mm-thick-glass-39059in?skuId=39059IN-SHP,OBJ,3d model,asset_001533,True,True,False,False,False,False,False,False,techcomm.kohler.com
39059IN-SHP,3D Model,SKP,https://techcomm.kohler.com/techcomm/cad/39059IN.skp,https://www.kohler.co.in/p/elate-2000-mm-h-sliding-shower-door-with-8-mm-thick-glass-39059in?skuId=39059IN-SHP,SKP,3d model,asset_001534,True,False,True,False,False,False,False,False,techcomm.kohler.com
39059IN-SHP,CAD Drawing,DWG,https://techcomm.kohler.com/techcomm/cad/39059infrt.dwg,https://www.kohler.co.in/p/elate-2000-mm-h-sliding-shower-door-with-8-mm-thick-glass-39059in?skuId=39059IN-SHP,DWG,cad drawing,asset_001535,False,False,False,False,False,True,False,False,techcomm.kohler.com
39059IN-SHP,CAD Drawing,DXF,https://techcomm.kohler.com/techcomm/cad/39059infrt.dxf,https://www.kohler.co.in/p/elate-2000-mm-h-sliding-shower-door-with-8-mm-thick-glass-39059in?skuId=39059IN-SHP,DXF,cad drawing,asset_001536,False,False,False,False,False,False,True,False,techcomm.kohler.com
39059IN-SHP,CAD Drawing,DWG,https://techcomm.kohler.com/techcomm/cad/39059inpln.dwg,https://www.kohler.co.in/p/elate-2000-mm-h-sliding-shower-door-with-8-mm-thick-glass-39059in?skuId=39059IN-SHP,DWG,cad drawing,asset_001537,False,False,False,False,False,True,False,False,techcomm.kohler.com
39059IN-SHP,CAD Drawing,DXF,https://techcomm.kohler.com/techcomm/cad/39059inpln.dxf,https://www.kohler.co.in/p/elate-2000-mm-h-sliding-shower-door-with-8-mm-thick-glass-39059in?skuId=39059IN-SHP,DXF,cad drawing,asset_001538,False,False,False,False,False,False,True,False,techcomm.kohler.com
39059IN-SHP,CAD Drawing,DWG,https://techcomm.kohler.com/techcomm/cad/39059insde.dwg,https://www.kohler.co.in/p/elate-2000-mm-h-sliding-shower-door-with-8-mm-thick-glass-39059in?skuId=39059IN-SHP,DWG,cad drawing,asset_001539,False,False,False,False,False,True,False,False,techcomm.kohler.com
39059IN-SHP,CAD Drawing,DXF,https://techcomm.kohler.com/techcomm/cad/39059insde.dxf,https://www.kohler.co.in/p/elate-2000-mm-h-sliding-shower-door-with-8-mm-thick-glass-39059in?skuId=39059IN-SHP,DXF,cad drawing,asset_001540,False,False,False,False,False,False,True,False,techcomm.kohler.com
39061IN-SHP,3D Model,3DS,https://techcomm.kohler.com/techcomm/cad/39061IN.3ds,https://www.kohler.co.in/p/elate-2000-mm-h-sliding-shower-door-with-8-mm-thick-glass-39061in?skuId=39061IN-SHP,3DS,3d model,asset_001541,True,False,False,True,False,False,False,False,techcomm.kohler.com
39061IN-SHP,CAD Drawing,DWG,https://techcomm.kohler.com/techcomm/cad/39061IN.dwg,https://www.kohler.co.in/p/elate-2000-mm-h-sliding-shower-door-with-8-mm-thick-glass-39061in?skuId=39061IN-SHP,DWG,cad drawing,asset_001542,False,False,False,False,False,True,False,False,techcomm.kohler.com
39061IN-SHP,CAD Drawing,DXF,https://techcomm.kohler.com/techcomm/cad/39061IN.dxf,https://www.kohler.co.in/p/elate-2000-mm-h-sliding-shower-door-with-8-mm-thick-glass-39061in?skuId=39061IN-SHP,DXF,cad drawing,asset_001543,False,False,False,False,False,False,True,False,techcomm.kohler.com
39061IN-SHP,3D Model,OBJ,https://techcomm.kohler.com/techcomm/cad/39061IN.obj,https://www.kohler.co.in/p/elate-2000-mm-h-sliding-shower-door-with-8-mm-thick-glass-39061in?skuId=39061IN-SHP,OBJ,3d model,asset_001544,True,True,False,False,False,False,False,False,techcomm.kohler.com
39061IN-SHP,3D Model,SKP,https://techcomm.kohler.com/techcomm/cad/39061IN.skp,https://www.kohler.co.in/p/elate-2000-mm-h-sliding-shower-door-with-8-mm-thick-glass-39061in?skuId=39061IN-SHP,SKP,3d model,asset_001545,True,False,True,False,False,False,False,False,techcomm.kohler.com
39061IN-SHP,CAD Drawing,DWG,https://techcomm.kohler.com/techcomm/cad/39061infrt.dwg,https://www.kohler.co.in/p/elate-2000-mm-h-sliding-shower-door-with-8-mm-thick-glass-39061in?skuId=39061IN-SHP,DWG,cad drawing,asset_001546,False,False,False,False,False,True,False,False,techcomm.kohler.com
39061IN-SHP,CAD Drawing,DXF,https://techcomm.kohler.com/techcomm/cad/39061infrt.dxf,https://www.kohler.co.in/p/elate-2000-mm-h-sliding-shower-door-with-8-mm-thick-glass-39061in?skuId=39061IN-SHP,DXF,cad drawing,asset_001547,False,False,False,False,False,False,True,False,techcomm.kohler.com
39061IN-SHP,CAD Drawing,DWG,https://techcomm.kohler.com/techcomm/cad/39061inpln.dwg,https://www.kohler.co.in/p/elate-2000-mm-h-sliding-shower-door-with-8-mm-thick-glass-39061in?skuId=39061IN-SHP,DWG,cad drawing,asset_001548,False,False,False,False,False,True,False,False,techcomm.kohler.com
39061IN-SHP,CAD Drawing,DXF,https://techcomm.kohler.com/techcomm/cad/39061inpln.dxf,https://www.kohler.co.in/p/elate-2000-mm-h-sliding-shower-door-with-8-mm-thick-glass-39061in?skuId=39061IN-SHP,DXF,cad drawing,asset_001549,False,False,False,False,False,False,True,False,techcomm.kohler.com
39061IN-SHP,CAD Drawing,DWG,https://techcomm.kohler.com/techcomm/cad/39061insde.dwg,https://www.kohler.co.in/p/elate-2000-mm-h-sliding-shower-door-with-8-mm-thick-glass-39061in?skuId=39061IN-SHP,DWG,cad drawing,asset_001550,False,False,False,False,False,True,False,False,techcomm.kohler.com
39061IN-SHP,CAD Drawing,DXF,https://techcomm.kohler.com/techcomm/cad/39061insde.dxf,https://www.kohler.co.in/p/elate-2000-mm-h-sliding-shower-door-with-8-mm-thick-glass-39061in?skuId=39061IN-SHP,DXF,cad drawing,asset_001551,False,False,False,False,False,False,True,False,techcomm.kohler.com
39259IN-SHP,3D Model,3DS,https://techcomm.kohler.com/techcomm/cad/39259IN.3ds,https://www.kohler.co.in/p/elate-2000-mm-h-sliding-shower-door-with-8-mm-thick-glass-39259in?skuId=39259IN-SHP,3DS,3d model,asset_001552,True,False,False,True,False,False,False,False,techcomm.kohler.com
39259IN-SHP,CAD Drawing,DWG,https://techcomm.kohler.com/techcomm/cad/39259IN.dwg,https://www.kohler.co.in/p/elate-2000-mm-h-sliding-shower-door-with-8-mm-thick-glass-39259in?skuId=39259IN-SHP,DWG,cad drawing,asset_001553,False,False,False,False,False,True,False,False,techcomm.kohler.com
39259IN-SHP,CAD Drawing,DXF,https://techcomm.kohler.com/techcomm/cad/39259IN.dxf,https://www.kohler.co.in/p/elate-2000-mm-h-sliding-shower-door-with-8-mm-thick-glass-39259in?skuId=39259IN-SHP,DXF,cad drawing,asset_001554,False,False,False,False,False,False,True,False,techcomm.kohler.com
39259IN-SHP,3D Model,OBJ,https://techcomm.kohler.com/techcomm/cad/39259IN.obj,https://www.kohler.co.in/p/elate-2000-mm-h-sliding-shower-door-with-8-mm-thick-glass-39259in?skuId=39259IN-SHP,OBJ,3d model,asset_001555,True,True,False,False,False,False,False,False,techcomm.kohler.com
39259IN-SHP,3D Model,SKP,https://techcomm.kohler.com/techcomm/cad/39259IN.skp,https://www.kohler.co.in/p/elate-2000-mm-h-sliding-shower-door-with-8-mm-thick-glass-39259in?skuId=39259IN-SHP,SKP,3d model,asset_001556,True,False,True,False,False,False,False,False,techcomm.kohler.com
39259IN-SHP,CAD Drawing,DWG,https://techcomm.kohler.com/techcomm/cad/39259infrt.dwg,https://www.kohler.co.in/p/elate-2000-mm-h-sliding-shower-door-with-8-mm-thick-glass-39259in?skuId=39259IN-SHP,DWG,cad drawing,asset_001557,False,False,False,False,False,True,False,False,techcomm.kohler.com
39259IN-SHP,CAD Drawing,DXF,https://techcomm.kohler.com/techcomm/cad/39259infrt.dxf,https://www.kohler.co.in/p/elate-2000-mm-h-sliding-shower-door-with-8-mm-thick-glass-39259in?skuId=39259IN-SHP,DXF,cad drawing,asset_001558,False,False,False,False,False,False,True,False,techcomm.kohler.com
39259IN-SHP,CAD Drawing,DWG,https://techcomm.kohler.com/techcomm/cad/39259inpln.dwg,https://www.kohler.co.in/p/elate-2000-mm-h-sliding-shower-door-with-8-mm-thick-glass-39259in?skuId=39259IN-SHP,DWG,cad drawing,asset_001559,False,False,False,False,False,True,False,False,techcomm.kohler.com
39259IN-SHP,CAD Drawing,DXF,https://techcomm.kohler.com/techcomm/cad/39259inpln.dxf,https://www.kohler.co.in/p/elate-2000-mm-h-sliding-shower-door-with-8-mm-thick-glass-39259in?skuId=39259IN-SHP,DXF,cad drawing,asset_001560,False,False,False,False,False,False,True,False,techcomm.kohler.com
39259IN-SHP,CAD Drawing,DWG,https://techcomm.kohler.com/techcomm/cad/39259insde.dwg,https://www.kohler.co.in/p/elate-2000-mm-h-sliding-shower-door-with-8-mm-thick-glass-39259in?skuId=39259IN-SHP,DWG,cad drawing,asset_001561,False,False,False,False,False,True,False,False,techcomm.kohler.com
39259IN-SHP,CAD Drawing,DXF,https://techcomm.kohler.com/techcomm/cad/39259insde.dxf,https://www.kohler.co.in/p/elate-2000-mm-h-sliding-shower-door-with-8-mm-thick-glass-39259in?skuId=39259IN-SHP,DXF,cad drawing,asset_001562,False,False,False,False,False,False,True,False,techcomm.kohler.com
39502IN-CP,3D Model,3DS,https://techcomm.kohler.com/techcomm/cad/39502IN.3ds,https://www.kohler.co.in/p/rainduet-round-three-function-handshower-9-0-lpm-39502in?skuId=39502IN-CP,3DS,3d model,asset_001563,True,False,False,True,False,False,False,False,techcomm.kohler.com
39502IN-CP,CAD Drawing,DWG,https://techcomm.kohler.com/techcomm/cad/39502IN.dwg,https://www.kohler.co.in/p/rainduet-round-three-function-handshower-9-0-lpm-39502in?skuId=39502IN-CP,DWG,cad drawing,asset_001564,False,False,False,False,False,True,False,False,techcomm.kohler.com
39502IN-CP,CAD Drawing,DXF,https://techcomm.kohler.com/techcomm/cad/39502IN.dxf,https://www.kohler.co.in/p/rainduet-round-three-function-handshower-9-0-lpm-39502in?skuId=39502IN-CP,DXF,cad drawing,asset_001565,False,False,False,False,False,False,True,False,techcomm.kohler.com
39502IN-CP,3D Model,OBJ,https://techcomm.kohler.com/techcomm/cad/39502IN.obj,https://www.kohler.co.in/p/rainduet-round-three-function-handshower-9-0-lpm-39502in?skuId=39502IN-CP,OBJ,3d model,asset_001566,True,True,False,False,False,False,False,False,techcomm.kohler.com
39502IN-CP,3D Model,SKP,https://techcomm.kohler.com/techcomm/cad/39502IN.skp,https://www.kohler.co.in/p/rainduet-round-three-function-handshower-9-0-lpm-39502in?skuId=39502IN-CP,SKP,3d model,asset_001567,True,False,True,False,False,False,False,False,techcomm.kohler.com
39502IN-CP,CAD Drawing,DWG,https://techcomm.kohler.com/techcomm/cad/39502infrt.dwg,https://www.kohler.co.in/p/rainduet-round-three-function-handshower-9-0-lpm-39502in?skuId=39502IN-CP,DWG,cad drawing,asset_001568,False,False,False,False,False,True,False,False,techcomm.kohler.com
39502IN-CP,CAD Drawing,DXF,https://techcomm.kohler.com/techcomm/cad/39502infrt.dxf,https://www.kohler.co.in/p/rainduet-round-three-function-handshower-9-0-lpm-39502in?skuId=39502IN-CP,DXF,cad drawing,asset_001569,False,False,False,False,False,False,True,False,techcomm.kohler.com
39502IN-CP,CAD Drawing,DWG,https://techcomm.kohler.com/techcomm/cad/39502inpln.dwg,https://www.kohler.co.in/p/rainduet-round-three-function-handshower-9-0-lpm-39502in?skuId=39502IN-CP,DWG,cad drawing,asset_001570,False,False,False,False,False,True,False,False,techcomm.kohler.com
39502IN-CP,CAD Drawing,DXF,https://techcomm.kohler.com/techcomm/cad/39502inpln.dxf,https://www.kohler.co.in/p/rainduet-round-three-function-handshower-9-0-lpm-39502in?skuId=39502IN-CP,DXF,cad drawing,asset_001571,False,False,False,False,False,False,True,False,techcomm.kohler.com
39502IN-CP,CAD Drawing,DWG,https://techcomm.kohler.com/techcomm/cad/39502insde.dwg,https://www.kohler.co.in/p/rainduet-round-three-function-handshower-9-0-lpm-39502in?skuId=39502IN-CP,DWG,cad drawing,asset_001572,False,False,False,False,False,True,False,False,techcomm.kohler.com
39502IN-CP,CAD Drawing,DXF,https://techcomm.kohler.com/techcomm/cad/39502insde.dxf,https://www.kohler.co.in/p/rainduet-round-three-function-handshower-9-0-lpm-39502in?skuId=39502IN-CP,DXF,cad drawing,asset_001573,False,False,False,False,False,False,True,False,techcomm.kohler.com
39507IN-CP,3D Model,3DS,https://techcomm.kohler.com/techcomm/cad/39507IN.3ds,https://www.kohler.co.in/p/rainduet-round-250-mm-single-function-rainhead-10-5-lpm-39507in?skuId=39507IN-CP,3DS,3d model,asset_001574,True,False,False,True,False,False,False,False,techcomm.kohler.com
39507IN-CP,CAD Drawing,DWG,https://techcomm.kohler.com/techcomm/cad/39507IN.dwg,https://www.kohler.co.in/p/rainduet-round-250-mm-single-function-rainhead-10-5-lpm-39507in?skuId=39507IN-CP,DWG,cad drawing,asset_001575,False,False,False,False,False,True,False,False,techcomm.kohler.com
39507IN-CP,CAD Drawing,DXF,https://techcomm.kohler.com/techcomm/cad/39507IN.dxf,https://www.kohler.co.in/p/rainduet-round-250-mm-single-function-rainhead-10-5-lpm-39507in?skuId=39507IN-CP,DXF,cad drawing,asset_001576,False,False,False,False,False,False,True,False,techcomm.kohler.com
39507IN-CP,3D Model,OBJ,https://techcomm.kohler.com/techcomm/cad/39507IN.obj,https://www.kohler.co.in/p/rainduet-round-250-mm-single-function-rainhead-10-5-lpm-39507in?skuId=39507IN-CP,OBJ,3d model,asset_001577,True,True,False,False,False,False,False,False,techcomm.kohler.com
39507IN-CP,3D Model,SKP,https://techcomm.kohler.com/techcomm/cad/39507IN.skp,https://www.kohler.co.in/p/rainduet-round-250-mm-single-function-rainhead-10-5-lpm-39507in?skuId=39507IN-CP,SKP,3d model,asset_001578,True,False,True,False,False,False,False,False,techcomm.kohler.com
39507IN-CP,CAD Drawing,DWG,https://techcomm.kohler.com/techcomm/cad/39507infrt.dwg,https://www.kohler.co.in/p/rainduet-round-250-mm-single-function-rainhead-10-5-lpm-39507in?skuId=39507IN-CP,DWG,cad drawing,asset_001579,False,False,False,False,False,True,False,False,techcomm.kohler.com
39507IN-CP,CAD Drawing,DXF,https://techcomm.kohler.com/techcomm/cad/39507infrt.dxf,https://www.kohler.co.in/p/rainduet-round-250-mm-single-function-rainhead-10-5-lpm-39507in?skuId=39507IN-CP,DXF,cad drawing,asset_001580,False,False,False,False,False,False,True,False,techcomm.kohler.com
39507IN-CP,CAD Drawing,DWG,https://techcomm.kohler.com/techcomm/cad/39507inpln.dwg,https://www.kohler.co.in/p/rainduet-round-250-mm-single-function-rainhead-10-5-lpm-39507in?skuId=39507IN-CP,DWG,cad drawing,asset_001581,False,False,False,False,False,True,False,False,techcomm.kohler.com
39507IN-CP,CAD Drawing,DXF,https://techcomm.kohler.com/techcomm/cad/39507inpln.dxf,https://www.kohler.co.in/p/rainduet-round-250-mm-single-function-rainhead-10-5-lpm-39507in?skuId=39507IN-CP,DXF,cad drawing,asset_001582,False,False,False,False,False,False,True,False,techcomm.kohler.com
39507IN-CP,CAD Drawing,DWG,https://techcomm.kohler.com/techcomm/cad/39507insde.dwg,https://www.kohler.co.in/p/rainduet-round-250-mm-single-function-rainhead-10-5-lpm-39507in?skuId=39507IN-CP,DWG,cad drawing,asset_001583,False,False,False,False,False,True,False,False,techcomm.kohler.com
39507IN-CP,CAD Drawing,DXF,https://techcomm.kohler.com/techcomm/cad/39507insde.dxf,https://www.kohler.co.in/p/rainduet-round-250-mm-single-function-rainhead-10-5-lpm-39507in?skuId=39507IN-CP,DXF,cad drawing,asset_001584,False,False,False,False,False,False,True,False,techcomm.kohler.com
39560IN-ND-CP,3D Model,3DS,https://techcomm.kohler.com/techcomm/cad/39560IN-ND.3ds,https://www.kohler.co.in/p/components-touchless-wall-mount-195-mm-lavatory-faucet-with-kinesis-sensor-technology-1-9-lpm-39560in-nd?skuId=39560IN-ND-CP,3DS,3d model,asset_001585,True,False,False,True,False,False,False,False,techcomm.kohler.com
39560IN-ND-CP,CAD Drawing,DWG,https://techcomm.kohler.com/techcomm/cad/39560IN-ND.dwg,https://www.kohler.co.in/p/components-touchless-wall-mount-195-mm-lavatory-faucet-with-kinesis-sensor-technology-1-9-lpm-39560in-nd?skuId=39560IN-ND-CP,DWG,cad drawing,asset_001586,False,False,False,False,False,True,False,False,techcomm.kohler.com
39560IN-ND-CP,CAD Drawing,DXF,https://techcomm.kohler.com/techcomm/cad/39560IN-ND.dxf,https://www.kohler.co.in/p/components-touchless-wall-mount-195-mm-lavatory-faucet-with-kinesis-sensor-technology-1-9-lpm-39560in-nd?skuId=39560IN-ND-CP,DXF,cad drawing,asset_001587,False,False,False,False,False,False,True,False,techcomm.kohler.com
39560IN-ND-CP,3D Model,OBJ,https://techcomm.kohler.com/techcomm/cad/39560IN-ND.obj,https://www.kohler.co.in/p/components-touchless-wall-mount-195-mm-lavatory-faucet-with-kinesis-sensor-technology-1-9-lpm-39560in-nd?skuId=39560IN-ND-CP,OBJ,3d model,asset_001588,True,True,False,False,False,False,False,False,techcomm.kohler.com
39560IN-ND-CP,3D Model,SKP,https://techcomm.kohler.com/techcomm/cad/39560IN-ND.skp,https://www.kohler.co.in/p/components-touchless-wall-mount-195-mm-lavatory-faucet-with-kinesis-sensor-technology-1-9-lpm-39560in-nd?skuId=39560IN-ND-CP,SKP,3d model,asset_001589,True,False,True,False,False,False,False,False,techcomm.kohler.com
39560IN-ND-CP,CAD Drawing,DWG,https://techcomm.kohler.com/techcomm/cad/39560in_ndfrt.dwg,https://www.kohler.co.in/p/components-touchless-wall-mount-195-mm-lavatory-faucet-with-kinesis-sensor-technology-1-9-lpm-39560in-nd?skuId=39560IN-ND-CP,DWG,cad drawing,asset_001590,False,False,False,False,False,True,False,False,techcomm.kohler.com
39560IN-ND-CP,CAD Drawing,DXF,https://techcomm.kohler.com/techcomm/cad/39560in_ndfrt.dxf,https://www.kohler.co.in/p/components-touchless-wall-mount-195-mm-lavatory-faucet-with-kinesis-sensor-technology-1-9-lpm-39560in-nd?skuId=39560IN-ND-CP,DXF,cad drawing,asset_001591,False,False,False,False,False,False,True,False,techcomm.kohler.com
39560IN-ND-CP,CAD Drawing,DWG,https://techcomm.kohler.com/techcomm/cad/39560in_ndpln.dwg,https://www.kohler.co.in/p/components-touchless-wall-mount-195-mm-lavatory-faucet-with-kinesis-sensor-technology-1-9-lpm-39560in-nd?skuId=39560IN-ND-CP,DWG,cad drawing,asset_001592,False,False,False,False,False,True,False,False,techcomm.kohler.com
39560IN-ND-CP,CAD Drawing,DXF,https://techcomm.kohler.com/techcomm/cad/39560in_ndpln.dxf,https://www.kohler.co.in/p/components-touchless-wall-mount-195-mm-lavatory-faucet-with-kinesis-sensor-technology-1-9-lpm-39560in-nd?skuId=39560IN-ND-CP,DXF,cad drawing,asset_001593,False,False,False,False,False,False,True,False,techcomm.kohler.com
39560IN-ND-CP,CAD Drawing,DWG,https://techcomm.kohler.com/techcomm/cad/39560in_ndsde.dwg,https://www.kohler.co.in/p/components-touchless-wall-mount-195-mm-lavatory-faucet-with-kinesis-sensor-technology-1-9-lpm-39560in-nd?skuId=39560IN-ND-CP,DWG,cad drawing,asset_001594,False,False,False,False,False,True,False,False,techcomm.kohler.com
39560IN-ND-CP,CAD Drawing,DXF,https://techcomm.kohler.com/techcomm/cad/39560in_ndsde.dxf,https://www.kohler.co.in/p/components-touchless-wall-mount-195-mm-lavatory-faucet-with-kinesis-sensor-technology-1-9-lpm-39560in-nd?skuId=39560IN-ND-CP,DXF,cad drawing,asset_001595,False,False,False,False,False,False,True,False,techcomm.kohler.com
3983IN-S-0,3D Model,3DS,https://techcomm.kohler.com/techcomm/cad/3983IN-S.3ds,https://www.kohler.co.in/p/reach-one-piece-round-front-toilet-with-skirted-trapway-dual-flush-3983in-s?skuId=3983IN-S-0,3DS,3d model,asset_001596,True,False,False,True,False,False,False,False,techcomm.kohler.com
3983IN-S-0,CAD Drawing,DWG,https://techcomm.kohler.com/techcomm/cad/3983IN-S.dwg,https://www.kohler.co.in/p/reach-one-piece-round-front-toilet-with-skirted-trapway-dual-flush-3983in-s?skuId=3983IN-S-0,DWG,cad drawing,asset_001597,False,False,False,False,False,True,False,False,techcomm.kohler.com
3983IN-S-0,CAD Drawing,DXF,https://techcomm.kohler.com/techcomm/cad/3983IN-S.dxf,https://www.kohler.co.in/p/reach-one-piece-round-front-toilet-with-skirted-trapway-dual-flush-3983in-s?skuId=3983IN-S-0,DXF,cad drawing,asset_001598,False,False,False,False,False,False,True,False,techcomm.kohler.com
3983IN-S-0,3D Model,OBJ,https://techcomm.kohler.com/techcomm/cad/3983IN-S.obj,https://www.kohler.co.in/p/reach-one-piece-round-front-toilet-with-skirted-trapway-dual-flush-3983in-s?skuId=3983IN-S-0,OBJ,3d model,asset_001599,True,True,False,False,False,False,False,False,techcomm.kohler.com
3983IN-S-0,3D Model,SKP,https://techcomm.kohler.com/techcomm/cad/3983IN-S.skp,https://www.kohler.co.in/p/reach-one-piece-round-front-toilet-with-skirted-trapway-dual-flush-3983in-s?skuId=3983IN-S-0,SKP,3d model,asset_001600,True,False,True,False,False,False,False,False,techcomm.kohler.com
3983IN-S-0,CAD Drawing,DWG,https://techcomm.kohler.com/techcomm/cad/3983in_sfrt.dwg,https://www.kohler.co.in/p/reach-one-piece-round-front-toilet-with-skirted-trapway-dual-flush-3983in-s?skuId=3983IN-S-0,DWG,cad drawing,asset_001601,False,False,False,False,False,True,False,False,techcomm.kohler.com
3983IN-S-0,CAD Drawing,DXF,https://techcomm.kohler.com/techcomm/cad/3983in_sfrt.dxf,https://www.kohler.co.in/p/reach-one-piece-round-front-toilet-with-skirted-trapway-dual-flush-3983in-s?skuId=3983IN-S-0,DXF,cad drawing,asset_001602,False,False,False,False,False,False,True,False,techcomm.kohler.com
3983IN-S-0,CAD Drawing,DWG,https://techcomm.kohler.com/techcomm/cad/3983in_spln.dwg,https://www.kohler.co.in/p/reach-one-piece-round-front-toilet-with-skirted-trapway-dual-flush-3983in-s?skuId=3983IN-S-0,DWG,cad drawing,asset_001603,False,False,False,False,False,True,False,False,techcomm.kohler.com
3983IN-S-0,CAD Drawing,DXF,https://techcomm.kohler.com/techcomm/cad/3983in_spln.dxf,https://www.kohler.co.in/p/reach-one-piece-round-front-toilet-with-skirted-trapway-dual-flush-3983in-s?skuId=3983IN-S-0,DXF,cad drawing,asset_001604,False,False,False,False,False,False,True,False,techcomm.kohler.com
3983IN-S-0,CAD Drawing,DWG,https://techcomm.kohler.com/techcomm/cad/3983in_ssde.dwg,https://www.kohler.co.in/p/reach-one-piece-round-front-toilet-with-skirted-trapway-dual-flush-3983in-s?skuId=3983IN-S-0,DWG,cad drawing,asset_001605,False,False,False,False,False,True,False,False,techcomm.kohler.com
3983IN-S-0,CAD Drawing,DXF,https://techcomm.kohler.com/techcomm/cad/3983in_ssde.dxf,https://www.kohler.co.in/p/reach-one-piece-round-front-toilet-with-skirted-trapway-dual-flush-3983in-s?skuId=3983IN-S-0,DXF,cad drawing,asset_001606,False,False,False,False,False,False,True,False,techcomm.kohler.com
5373IN-0,3D Model,3DS,https://techcomm.kohler.com/techcomm/cad/5373IN.3ds,https://www.kohler.co.in/p/forefront-580-mm-rectangular-vessel-bathroom-sink-5373in?skuId=5373IN-0,3DS,3d model,asset_001607,True,False,False,True,False,False,False,False,techcomm.kohler.com
5373IN-0,CAD Drawing,DWG,https://techcomm.kohler.com/techcomm/cad/5373IN.dwg,https://www.kohler.co.in/p/forefront-580-mm-rectangular-vessel-bathroom-sink-5373in?skuId=5373IN-0,DWG,cad drawing,asset_001608,False,False,False,False,False,True,False,False,techcomm.kohler.com
5373IN-0,CAD Drawing,DXF,https://techcomm.kohler.com/techcomm/cad/5373IN.dxf,https://www.kohler.co.in/p/forefront-580-mm-rectangular-vessel-bathroom-sink-5373in?skuId=5373IN-0,DXF,cad drawing,asset_001609,False,False,False,False,False,False,True,False,techcomm.kohler.com
5373IN-0,3D Model,OBJ,https://techcomm.kohler.com/techcomm/cad/5373IN.obj,https://www.kohler.co.in/p/forefront-580-mm-rectangular-vessel-bathroom-sink-5373in?skuId=5373IN-0,OBJ,3d model,asset_001610,True,True,False,False,False,False,False,False,techcomm.kohler.com
5373IN-0,3D Model,SKP,https://techcomm.kohler.com/techcomm/cad/5373IN.skp,https://www.kohler.co.in/p/forefront-580-mm-rectangular-vessel-bathroom-sink-5373in?skuId=5373IN-0,SKP,3d model,asset_001611,True,False,True,False,False,False,False,False,techcomm.kohler.com
5373IN-0,CAD Drawing,DWG,https://techcomm.kohler.com/techcomm/cad/5373infrt.dwg,https://www.kohler.co.in/p/forefront-580-mm-rectangular-vessel-bathroom-sink-5373in?skuId=5373IN-0,DWG,cad drawing,asset_001612,False,False,False,False,False,True,False,False,techcomm.kohler.com
5373IN-0,CAD Drawing,DXF,https://techcomm.kohler.com/techcomm/cad/5373infrt.dxf,https://www.kohler.co.in/p/forefront-580-mm-rectangular-vessel-bathroom-sink-5373in?skuId=5373IN-0,DXF,cad drawing,asset_001613,False,False,False,False,False,False,True,False,techcomm.kohler.com
5373IN-0,CAD Drawing,DWG,https://techcomm.kohler.com/techcomm/cad/5373inpln.dwg,https://www.kohler.co.in/p/forefront-580-mm-rectangular-vessel-bathroom-sink-5373in?skuId=5373IN-0,DWG,cad drawing,asset_001614,False,False,False,False,False,True,False,False,techcomm.kohler.com
5373IN-0,CAD Drawing,DXF,https://techcomm.kohler.com/techcomm/cad/5373inpln.dxf,https://www.kohler.co.in/p/forefront-580-mm-rectangular-vessel-bathroom-sink-5373in?skuId=5373IN-0,DXF,cad drawing,asset_001615,False,False,False,False,False,False,True,False,techcomm.kohler.com
5373IN-0,CAD Drawing,DWG,https://techcomm.kohler.com/techcomm/cad/5373insde.dwg,https://www.kohler.co.in/p/forefront-580-mm-rectangular-vessel-bathroom-sink-5373in?skuId=5373IN-0,DWG,cad drawing,asset_001616,False,False,False,False,False,True,False,False,techcomm.kohler.com
5373IN-0,CAD Drawing,DXF,https://techcomm.kohler.com/techcomm/cad/5373insde.dxf,https://www.kohler.co.in/p/forefront-580-mm-rectangular-vessel-bathroom-sink-5373in?skuId=5373IN-0,DXF,cad drawing,asset_001617,False,False,False,False,False,False,True,False,techcomm.kohler.com
5401IN-0,3D Model,3DS,https://techcomm.kohler.com/techcomm/cad/5401IN.3ds,https://www.kohler.co.in/p/veil-smart-one-piece-toilet-5401in?skuId=5401IN-0,3DS,3d model,asset_001618,True,False,False,True,False,False,False,False,techcomm.kohler.com
5401IN-0,CAD Drawing,DWG,https://techcomm.kohler.com/techcomm/cad/5401IN.dwg,https://www.kohler.co.in/p/veil-smart-one-piece-toilet-5401in?skuId=5401IN-0,DWG,cad drawing,asset_001619,False,False,False,False,False,True,False,False,techcomm.kohler.com
5401IN-0,CAD Drawing,DXF,https://techcomm.kohler.com/techcomm/cad/5401IN.dxf,https://www.kohler.co.in/p/veil-smart-one-piece-toilet-5401in?skuId=5401IN-0,DXF,cad drawing,asset_001620,False,False,False,False,False,False,True,False,techcomm.kohler.com
5401IN-0,3D Model,OBJ,https://techcomm.kohler.com/techcomm/cad/5401IN.obj,https://www.kohler.co.in/p/veil-smart-one-piece-toilet-5401in?skuId=5401IN-0,OBJ,3d model,asset_001621,True,True,False,False,False,False,False,False,techcomm.kohler.com
5401IN-0,3D Model,SKP,https://techcomm.kohler.com/techcomm/cad/5401IN.skp,https://www.kohler.co.in/p/veil-smart-one-piece-toilet-5401in?skuId=5401IN-0,SKP,3d model,asset_001622,True,False,True,False,False,False,False,False,techcomm.kohler.com
5401IN-0,CAD Drawing,DWG,https://techcomm.kohler.com/techcomm/cad/5401infrt.dwg,https://www.kohler.co.in/p/veil-smart-one-piece-toilet-5401in?skuId=5401IN-0,DWG,cad drawing,asset_001623,False,False,False,False,False,True,False,False,techcomm.kohler.com
5401IN-0,CAD Drawing,DXF,https://techcomm.kohler.com/techcomm/cad/5401infrt.dxf,https://www.kohler.co.in/p/veil-smart-one-piece-toilet-5401in?skuId=5401IN-0,DXF,cad drawing,asset_001624,False,False,False,False,False,False,True,False,techcomm.kohler.com
5401IN-0,CAD Drawing,DWG,https://techcomm.kohler.com/techcomm/cad/5401inpln.dwg,https://www.kohler.co.in/p/veil-smart-one-piece-toilet-5401in?skuId=5401IN-0,DWG,cad drawing,asset_001625,False,False,False,False,False,True,False,False,techcomm.kohler.com
5401IN-0,CAD Drawing,DXF,https://techcomm.kohler.com/techcomm/cad/5401inpln.dxf,https://www.kohler.co.in/p/veil-smart-one-piece-toilet-5401in?skuId=5401IN-0,DXF,cad drawing,asset_001626,False,False,False,False,False,False,True,False,techcomm.kohler.com
5401IN-0,CAD Drawing,DWG,https://techcomm.kohler.com/techcomm/cad/5401insde.dwg,https://www.kohler.co.in/p/veil-smart-one-piece-toilet-5401in?skuId=5401IN-0,DWG,cad drawing,asset_001627,False,False,False,False,False,True,False,False,techcomm.kohler.com
5401IN-0,CAD Drawing,DXF,https://techcomm.kohler.com/techcomm/cad/5401insde.dxf,https://www.kohler.co.in/p/veil-smart-one-piece-toilet-5401in?skuId=5401IN-0,DXF,cad drawing,asset_001628,False,False,False,False,False,False,True,False,techcomm.kohler.com
5583IN-1WH-0,3D Model,3DS,https://techcomm.kohler.com/techcomm/cad/5583IN-1WH.3ds,https://www.kohler.co.in/p/brive-wall-mount-lavatory-with-single-faucet-hole-5583in-1wh?skuId=5583IN-1WH-0,3DS,3d model,asset_001629,True,False,False,True,False,False,False,False,techcomm.kohler.com
5583IN-1WH-0,CAD Drawing,DWG,https://techcomm.kohler.com/techcomm/cad/5583IN-1WH.dwg,https://www.kohler.co.in/p/brive-wall-mount-lavatory-with-single-faucet-hole-5583in-1wh?skuId=5583IN-1WH-0,DWG,cad drawing,asset_001630,False,False,False,False,False,True,False,False,techcomm.kohler.com
5583IN-1WH-0,CAD Drawing,DXF,https://techcomm.kohler.com/techcomm/cad/5583IN-1WH.dxf,https://www.kohler.co.in/p/brive-wall-mount-lavatory-with-single-faucet-hole-5583in-1wh?skuId=5583IN-1WH-0,DXF,cad drawing,asset_001631,False,False,False,False,False,False,True,False,techcomm.kohler.com
5583IN-1WH-0,3D Model,OBJ,https://techcomm.kohler.com/techcomm/cad/5583IN-1WH.obj,https://www.kohler.co.in/p/brive-wall-mount-lavatory-with-single-faucet-hole-5583in-1wh?skuId=5583IN-1WH-0,OBJ,3d model,asset_001632,True,True,False,False,False,False,False,False,techcomm.kohler.com
5583IN-1WH-0,3D Model,SKP,https://techcomm.kohler.com/techcomm/cad/5583IN-1WH.skp,https://www.kohler.co.in/p/brive-wall-mount-lavatory-with-single-faucet-hole-5583in-1wh?skuId=5583IN-1WH-0,SKP,3d model,asset_001633,True,False,True,False,False,False,False,False,techcomm.kohler.com
5583IN-1WH-0,CAD Drawing,DWG,https://techcomm.kohler.com/techcomm/cad/5583in_1whfrt.dwg,https://www.kohler.co.in/p/brive-wall-mount-lavatory-with-single-faucet-hole-5583in-1wh?skuId=5583IN-1WH-0,DWG,cad drawing,asset_001634,False,False,False,False,False,True,False,False,techcomm.kohler.com
5583IN-1WH-0,CAD Drawing,DXF,https://techcomm.kohler.com/techcomm/cad/5583in_1whfrt.dxf,https://www.kohler.co.in/p/brive-wall-mount-lavatory-with-single-faucet-hole-5583in-1wh?skuId=5583IN-1WH-0,DXF,cad drawing,asset_001635,False,False,False,False,False,False,True,False,techcomm.kohler.com
5583IN-1WH-0,CAD Drawing,DWG,https://techcomm.kohler.com/techcomm/cad/5583in_1whpln.dwg,https://www.kohler.co.in/p/brive-wall-mount-lavatory-with-single-faucet-hole-5583in-1wh?skuId=5583IN-1WH-0,DWG,cad drawing,asset_001636,False,False,False,False,False,True,False,False,techcomm.kohler.com
5583IN-1WH-0,CAD Drawing,DXF,https://techcomm.kohler.com/techcomm/cad/5583in_1whpln.dxf,https://www.kohler.co.in/p/brive-wall-mount-lavatory-with-single-faucet-hole-5583in-1wh?skuId=5583IN-1WH-0,DXF,cad drawing,asset_001637,False,False,False,False,False,False,True,False,techcomm.kohler.com
5583IN-1WH-0,CAD Drawing,DWG,https://techcomm.kohler.com/techcomm/cad/5583in_1whsde.dwg,https://www.kohler.co.in/p/brive-wall-mount-lavatory-with-single-faucet-hole-5583in-1wh?skuId=5583IN-1WH-0,DWG,cad drawing,asset_001638,False,False,False,False,False,True,False,False,techcomm.kohler.com
5583IN-1WH-0,CAD Drawing,DXF,https://techcomm.kohler.com/techcomm/cad/5583in_1whsde.dxf,https://www.kohler.co.in/p/brive-wall-mount-lavatory-with-single-faucet-hole-5583in-1wh?skuId=5583IN-1WH-0,DXF,cad drawing,asset_001639,False,False,False,False,False,False,True,False,techcomm.kohler.com
5680IN-4ND-CP,3D Model,3DS,https://techcomm.kohler.com/techcomm/cad/5680IN-4ND.3ds,https://www.kohler.co.in/p/july-wall-mount-lavatory-faucet-trim-in-polished-chrome-5680in-4nd?skuId=5680IN-4ND-CP,3DS,3d model,asset_001640,True,False,False,True,False,False,False,False,techcomm.kohler.com
5680IN-4ND-CP,CAD Drawing,DWG,https://techcomm.kohler.com/techcomm/cad/5680IN-4ND.dwg,https://www.kohler.co.in/p/july-wall-mount-lavatory-faucet-trim-in-polished-chrome-5680in-4nd?skuId=5680IN-4ND-CP,DWG,cad drawing,asset_001641,False,False,False,False,False,True,False,False,techcomm.kohler.com
5680IN-4ND-CP,CAD Drawing,DXF,https://techcomm.kohler.com/techcomm/cad/5680IN-4ND.dxf,https://www.kohler.co.in/p/july-wall-mount-lavatory-faucet-trim-in-polished-chrome-5680in-4nd?skuId=5680IN-4ND-CP,DXF,cad drawing,asset_001642,False,False,False,False,False,False,True,False,techcomm.kohler.com
5680IN-4ND-CP,3D Model,OBJ,https://techcomm.kohler.com/techcomm/cad/5680IN-4ND.obj,https://www.kohler.co.in/p/july-wall-mount-lavatory-faucet-trim-in-polished-chrome-5680in-4nd?skuId=5680IN-4ND-CP,OBJ,3d model,asset_001643,True,True,False,False,False,False,False,False,techcomm.kohler.com
5680IN-4ND-CP,3D Model,SKP,https://techcomm.kohler.com/techcomm/cad/5680IN-4ND.skp,https://www.kohler.co.in/p/july-wall-mount-lavatory-faucet-trim-in-polished-chrome-5680in-4nd?skuId=5680IN-4ND-CP,SKP,3d model,asset_001644,True,False,True,False,False,False,False,False,techcomm.kohler.com
5680IN-4ND-CP,CAD Drawing,DWG,https://techcomm.kohler.com/techcomm/cad/5680in_4ndfrt.dwg,https://www.kohler.co.in/p/july-wall-mount-lavatory-faucet-trim-in-polished-chrome-5680in-4nd?skuId=5680IN-4ND-CP,DWG,cad drawing,asset_001645,False,False,False,False,False,True,False,False,techcomm.kohler.com
5680IN-4ND-CP,CAD Drawing,DXF,https://techcomm.kohler.com/techcomm/cad/5680in_4ndfrt.dxf,https://www.kohler.co.in/p/july-wall-mount-lavatory-faucet-trim-in-polished-chrome-5680in-4nd?skuId=5680IN-4ND-CP,DXF,cad drawing,asset_001646,False,False,False,False,False,False,True,False,techcomm.kohler.com
5680IN-4ND-CP,CAD Drawing,DWG,https://techcomm.kohler.com/techcomm/cad/5680in_4ndpln.dwg,https://www.kohler.co.in/p/july-wall-mount-lavatory-faucet-trim-in-polished-chrome-5680in-4nd?skuId=5680IN-4ND-CP,DWG,cad drawing,asset_001647,False,False,False,False,False,True,False,False,techcomm.kohler.com
5680IN-4ND-CP,CAD Drawing,DXF,https://techcomm.kohler.com/techcomm/cad/5680in_4ndpln.dxf,https://www.kohler.co.in/p/july-wall-mount-lavatory-faucet-trim-in-polished-chrome-5680in-4nd?skuId=5680IN-4ND-CP,DXF,cad drawing,asset_001648,False,False,False,False,False,False,True,False,techcomm.kohler.com
5680IN-4ND-CP,CAD Drawing,DWG,https://techcomm.kohler.com/techcomm/cad/5680in_4ndsde.dwg,https://www.kohler.co.in/p/july-wall-mount-lavatory-faucet-trim-in-polished-chrome-5680in-4nd?skuId=5680IN-4ND-CP,DWG,cad drawing,asset_001649,False,False,False,False,False,True,False,False,techcomm.kohler.com
5680IN-4ND-CP,CAD Drawing,DXF,https://techcomm.kohler.com/techcomm/cad/5680in_4ndsde.dxf,https://www.kohler.co.in/p/july-wall-mount-lavatory-faucet-trim-in-polished-chrome-5680in-4nd?skuId=5680IN-4ND-CP,DXF,cad drawing,asset_001650,False,False,False,False,False,False,True,False,techcomm.kohler.com
5683IN-4ND-CP,3D Model,3DS,https://techcomm.kohler.com/techcomm/cad/5683IN-4ND.3ds,https://www.kohler.co.in/p/aleo-wall-mount-lavatory-faucet-trim-5683in-4nd?skuId=5683IN-4ND-CP,3DS,3d model,asset_001651,True,False,False,True,False,False,False,False,techcomm.kohler.com
5683IN-4ND-CP,CAD Drawing,DWG,https://techcomm.kohler.com/techcomm/cad/5683IN-4ND.dwg,https://www.kohler.co.in/p/aleo-wall-mount-lavatory-faucet-trim-5683in-4nd?skuId=5683IN-4ND-CP,DWG,cad drawing,asset_001652,False,False,False,False,False,True,False,False,techcomm.kohler.com
5683IN-4ND-CP,CAD Drawing,DXF,https://techcomm.kohler.com/techcomm/cad/5683IN-4ND.dxf,https://www.kohler.co.in/p/aleo-wall-mount-lavatory-faucet-trim-5683in-4nd?skuId=5683IN-4ND-CP,DXF,cad drawing,asset_001653,False,False,False,False,False,False,True,False,techcomm.kohler.com
5683IN-4ND-CP,3D Model,OBJ,https://techcomm.kohler.com/techcomm/cad/5683IN-4ND.obj,https://www.kohler.co.in/p/aleo-wall-mount-lavatory-faucet-trim-5683in-4nd?skuId=5683IN-4ND-CP,OBJ,3d model,asset_001654,True,True,False,False,False,False,False,False,techcomm.kohler.com
5683IN-4ND-CP,3D Model,SKP,https://techcomm.kohler.com/techcomm/cad/5683IN-4ND.skp,https://www.kohler.co.in/p/aleo-wall-mount-lavatory-faucet-trim-5683in-4nd?skuId=5683IN-4ND-CP,SKP,3d model,asset_001655,True,False,True,False,False,False,False,False,techcomm.kohler.com
5683IN-4ND-CP,CAD Drawing,DWG,https://techcomm.kohler.com/techcomm/cad/5683in_4ndfrt.dwg,https://www.kohler.co.in/p/aleo-wall-mount-lavatory-faucet-trim-5683in-4nd?skuId=5683IN-4ND-CP,DWG,cad drawing,asset_001656,False,False,False,False,False,True,False,False,techcomm.kohler.com
5683IN-4ND-CP,CAD Drawing,DXF,https://techcomm.kohler.com/techcomm/cad/5683in_4ndfrt.dxf,https://www.kohler.co.in/p/aleo-wall-mount-lavatory-faucet-trim-5683in-4nd?skuId=5683IN-4ND-CP,DXF,cad drawing,asset_001657,False,False,False,False,False,False,True,False,techcomm.kohler.com
5683IN-4ND-CP,CAD Drawing,DWG,https://techcomm.kohler.com/techcomm/cad/5683in_4ndpln.dwg,https://www.kohler.co.in/p/aleo-wall-mount-lavatory-faucet-trim-5683in-4nd?skuId=5683IN-4ND-CP,DWG,cad drawing,asset_001658,False,False,False,False,False,True,False,False,techcomm.kohler.com
5683IN-4ND-CP,CAD Drawing,DXF,https://techcomm.kohler.com/techcomm/cad/5683in_4ndpln.dxf,https://www.kohler.co.in/p/aleo-wall-mount-lavatory-faucet-trim-5683in-4nd?skuId=5683IN-4ND-CP,DXF,cad drawing,asset_001659,False,False,False,False,False,False,True,False,techcomm.kohler.com
5683IN-4ND-CP,CAD Drawing,DWG,https://techcomm.kohler.com/techcomm/cad/5683in_4ndsde.dwg,https://www.kohler.co.in/p/aleo-wall-mount-lavatory-faucet-trim-5683in-4nd?skuId=5683IN-4ND-CP,DWG,cad drawing,asset_001660,False,False,False,False,False,True,False,False,techcomm.kohler.com
5683IN-4ND-CP,CAD Drawing,DXF,https://techcomm.kohler.com/techcomm/cad/5683in_4ndsde.dxf,https://www.kohler.co.in/p/aleo-wall-mount-lavatory-faucet-trim-5683in-4nd?skuId=5683IN-4ND-CP,DXF,cad drawing,asset_001661,False,False,False,False,False,False,True,False,techcomm.kohler.com
5684IN-4ND-CP,3D Model,3DS,https://techcomm.kohler.com/techcomm/cad/5684IN-4ND.3ds,https://www.kohler.co.in/p/aleo-wall-mount-lavatory-faucet-trim-in-polished-chrome-5684in-4nd?skuId=5684IN-4ND-CP,3DS,3d model,asset_001662,True,False,False,True,False,False,False,False,techcomm.kohler.com
5684IN-4ND-CP,CAD Drawing,DWG,https://techcomm.kohler.com/techcomm/cad/5684IN-4ND.dwg,https://www.kohler.co.in/p/aleo-wall-mount-lavatory-faucet-trim-in-polished-chrome-5684in-4nd?skuId=5684IN-4ND-CP,DWG,cad drawing,asset_001663,False,False,False,False,False,True,False,False,techcomm.kohler.com
5684IN-4ND-CP,CAD Drawing,DXF,https://techcomm.kohler.com/techcomm/cad/5684IN-4ND.dxf,https://www.kohler.co.in/p/aleo-wall-mount-lavatory-faucet-trim-in-polished-chrome-5684in-4nd?skuId=5684IN-4ND-CP,DXF,cad drawing,asset_001664,False,False,False,False,False,False,True,False,techcomm.kohler.com
5684IN-4ND-CP,3D Model,OBJ,https://techcomm.kohler.com/techcomm/cad/5684IN-4ND.obj,https://www.kohler.co.in/p/aleo-wall-mount-lavatory-faucet-trim-in-polished-chrome-5684in-4nd?skuId=5684IN-4ND-CP,OBJ,3d model,asset_001665,True,True,False,False,False,False,False,False,techcomm.kohler.com
5684IN-4ND-CP,3D Model,SKP,https://techcomm.kohler.com/techcomm/cad/5684IN-4ND.skp,https://www.kohler.co.in/p/aleo-wall-mount-lavatory-faucet-trim-in-polished-chrome-5684in-4nd?skuId=5684IN-4ND-CP,SKP,3d model,asset_001666,True,False,True,False,False,False,False,False,techcomm.kohler.com
5684IN-4ND-CP,CAD Drawing,DWG,https://techcomm.kohler.com/techcomm/cad/5684in_4ndfrt.dwg,https://www.kohler.co.in/p/aleo-wall-mount-lavatory-faucet-trim-in-polished-chrome-5684in-4nd?skuId=5684IN-4ND-CP,DWG,cad drawing,asset_001667,False,False,False,False,False,True,False,False,techcomm.kohler.com
5684IN-4ND-CP,CAD Drawing,DXF,https://techcomm.kohler.com/techcomm/cad/5684in_4ndfrt.dxf,https://www.kohler.co.in/p/aleo-wall-mount-lavatory-faucet-trim-in-polished-chrome-5684in-4nd?skuId=5684IN-4ND-CP,DXF,cad drawing,asset_001668,False,False,False,False,False,False,True,False,techcomm.kohler.com
5684IN-4ND-CP,CAD Drawing,DWG,https://techcomm.kohler.com/techcomm/cad/5684in_4ndpln.dwg,https://www.kohler.co.in/p/aleo-wall-mount-lavatory-faucet-trim-in-polished-chrome-5684in-4nd?skuId=5684IN-4ND-CP,DWG,cad drawing,asset_001669,False,False,False,False,False,True,False,False,techcomm.kohler.com
5684IN-4ND-CP,CAD Drawing,DXF,https://techcomm.kohler.com/techcomm/cad/5684in_4ndpln.dxf,https://www.kohler.co.in/p/aleo-wall-mount-lavatory-faucet-trim-in-polished-chrome-5684in-4nd?skuId=5684IN-4ND-CP,DXF,cad drawing,asset_001670,False,False,False,False,False,False,True,False,techcomm.kohler.com
5684IN-4ND-CP,CAD Drawing,DWG,https://techcomm.kohler.com/techcomm/cad/5684in_4ndsde.dwg,https://www.kohler.co.in/p/aleo-wall-mount-lavatory-faucet-trim-in-polished-chrome-5684in-4nd?skuId=5684IN-4ND-CP,DWG,cad drawing,asset_001671,False,False,False,False,False,True,False,False,techcomm.kohler.com
5684IN-4ND-CP,CAD Drawing,DXF,https://techcomm.kohler.com/techcomm/cad/5684in_4ndsde.dxf,https://www.kohler.co.in/p/aleo-wall-mount-lavatory-faucet-trim-in-polished-chrome-5684in-4nd?skuId=5684IN-4ND-CP,DXF,cad drawing,asset_001672,False,False,False,False,False,False,True,False,techcomm.kohler.com
702650IN-LH0-BL,3D Model,3DS,https://techcomm.kohler.com/techcomm/cad/702650IN-LH0.3ds,https://www.kohler.co.in/p/brazn-2200-mm-h-sliding-shower-door-with-10-mm-thick-glass-702650in-lh0?skuId=702650IN-LH0-BL,3DS,3d model,asset_001673,True,False,False,True,False,False,False,False,techcomm.kohler.com
702650IN-LH0-BL,CAD Drawing,DWG,https://techcomm.kohler.com/techcomm/cad/702650IN-LH0.dwg,https://www.kohler.co.in/p/brazn-2200-mm-h-sliding-shower-door-with-10-mm-thick-glass-702650in-lh0?skuId=702650IN-LH0-BL,DWG,cad drawing,asset_001674,False,False,False,False,False,True,False,False,techcomm.kohler.com
702650IN-LH0-BL,CAD Drawing,DXF,https://techcomm.kohler.com/techcomm/cad/702650IN-LH0.dxf,https://www.kohler.co.in/p/brazn-2200-mm-h-sliding-shower-door-with-10-mm-thick-glass-702650in-lh0?skuId=702650IN-LH0-BL,DXF,cad drawing,asset_001675,False,False,False,False,False,False,True,False,techcomm.kohler.com
702650IN-LH0-BL,3D Model,OBJ,https://techcomm.kohler.com/techcomm/cad/702650IN-LH0.obj,https://www.kohler.co.in/p/brazn-2200-mm-h-sliding-shower-door-with-10-mm-thick-glass-702650in-lh0?skuId=702650IN-LH0-BL,OBJ,3d model,asset_001676,True,True,False,False,False,False,False,False,techcomm.kohler.com
702650IN-LH0-BL,3D Model,SKP,https://techcomm.kohler.com/techcomm/cad/702650IN-LH0.skp,https://www.kohler.co.in/p/brazn-2200-mm-h-sliding-shower-door-with-10-mm-thick-glass-702650in-lh0?skuId=702650IN-LH0-BL,SKP,3d model,asset_001677,True,False,True,False,False,False,False,False,techcomm.kohler.com
702650IN-LH0-BL,CAD Drawing,DWG,https://techcomm.kohler.com/techcomm/cad/702650in_lh0frt.dwg,https://www.kohler.co.in/p/brazn-2200-mm-h-sliding-shower-door-with-10-mm-thick-glass-702650in-lh0?skuId=702650IN-LH0-BL,DWG,cad drawing,asset_001678,False,False,False,False,False,True,False,False,techcomm.kohler.com
702650IN-LH0-BL,CAD Drawing,DXF,https://techcomm.kohler.com/techcomm/cad/702650in_lh0frt.dxf,https://www.kohler.co.in/p/brazn-2200-mm-h-sliding-shower-door-with-10-mm-thick-glass-702650in-lh0?skuId=702650IN-LH0-BL,DXF,cad drawing,asset_001679,False,False,False,False,False,False,True,False,techcomm.kohler.com
702650IN-LH0-BL,CAD Drawing,DWG,https://techcomm.kohler.com/techcomm/cad/702650in_lh0pln.dwg,https://www.kohler.co.in/p/brazn-2200-mm-h-sliding-shower-door-with-10-mm-thick-glass-702650in-lh0?skuId=702650IN-LH0-BL,DWG,cad drawing,asset_001680,False,False,False,False,False,True,False,False,techcomm.kohler.com
702650IN-LH0-BL,CAD Drawing,DXF,https://techcomm.kohler.com/techcomm/cad/702650in_lh0pln.dxf,https://www.kohler.co.in/p/brazn-2200-mm-h-sliding-shower-door-with-10-mm-thick-glass-702650in-lh0?skuId=702650IN-LH0-BL,DXF,cad drawing,asset_001681,False,False,False,False,False,False,True,False,techcomm.kohler.com
702650IN-LH0-BL,CAD Drawing,DWG,https://techcomm.kohler.com/techcomm/cad/702650in_lh0sde.dwg,https://www.kohler.co.in/p/brazn-2200-mm-h-sliding-shower-door-with-10-mm-thick-glass-702650in-lh0?skuId=702650IN-LH0-BL,DWG,cad drawing,asset_001682,False,False,False,False,False,True,False,False,techcomm.kohler.com
702650IN-LH0-BL,CAD Drawing,DXF,https://techcomm.kohler.com/techcomm/cad/702650in_lh0sde.dxf,https://www.kohler.co.in/p/brazn-2200-mm-h-sliding-shower-door-with-10-mm-thick-glass-702650in-lh0?skuId=702650IN-LH0-BL,DXF,cad drawing,asset_001683,False,False,False,False,False,False,True,False,techcomm.kohler.com
704698IN-SHP,3D Model,3DS,https://techcomm.kohler.com/techcomm/cad/704698IN.3ds,https://www.kohler.co.in/p/new-trilogy-2000-h-pivot-shower-door-with-8-mm-thick-glass-704698in?skuId=704698IN-SHP,3DS,3d model,asset_001684,True,False,False,True,False,False,False,False,techcomm.kohler.com
704698IN-SHP,CAD Drawing,DWG,https://techcomm.kohler.com/techcomm/cad/704698IN.dwg,https://www.kohler.co.in/p/new-trilogy-2000-h-pivot-shower-door-with-8-mm-thick-glass-704698in?skuId=704698IN-SHP,DWG,cad drawing,asset_001685,False,False,False,False,False,True,False,False,techcomm.kohler.com
704698IN-SHP,CAD Drawing,DXF,https://techcomm.kohler.com/techcomm/cad/704698IN.dxf,https://www.kohler.co.in/p/new-trilogy-2000-h-pivot-shower-door-with-8-mm-thick-glass-704698in?skuId=704698IN-SHP,DXF,cad drawing,asset_001686,False,False,False,False,False,False,True,False,techcomm.kohler.com
704698IN-SHP,3D Model,OBJ,https://techcomm.kohler.com/techcomm/cad/704698IN.obj,https://www.kohler.co.in/p/new-trilogy-2000-h-pivot-shower-door-with-8-mm-thick-glass-704698in?skuId=704698IN-SHP,OBJ,3d model,asset_001687,True,True,False,False,False,False,False,False,techcomm.kohler.com
704698IN-SHP,3D Model,SKP,https://techcomm.kohler.com/techcomm/cad/704698IN.skp,https://www.kohler.co.in/p/new-trilogy-2000-h-pivot-shower-door-with-8-mm-thick-glass-704698in?skuId=704698IN-SHP,SKP,3d model,asset_001688,True,False,True,False,False,False,False,False,techcomm.kohler.com
704698IN-SHP,CAD Drawing,DWG,https://techcomm.kohler.com/techcomm/cad/704698infrt.dwg,https://www.kohler.co.in/p/new-trilogy-2000-h-pivot-shower-door-with-8-mm-thick-glass-704698in?skuId=704698IN-SHP,DWG,cad drawing,asset_001689,False,False,False,False,False,True,False,False,techcomm.kohler.com
704698IN-SHP,CAD Drawing,DXF,https://techcomm.kohler.com/techcomm/cad/704698infrt.dxf,https://www.kohler.co.in/p/new-trilogy-2000-h-pivot-shower-door-with-8-mm-thick-glass-704698in?skuId=704698IN-SHP,DXF,cad drawing,asset_001690,False,False,False,False,False,False,True,False,techcomm.kohler.com
704698IN-SHP,CAD Drawing,DWG,https://techcomm.kohler.com/techcomm/cad/704698inpln.dwg,https://www.kohler.co.in/p/new-trilogy-2000-h-pivot-shower-door-with-8-mm-thick-glass-704698in?skuId=704698IN-SHP,DWG,cad drawing,asset_001691,False,False,False,False,False,True,False,False,techcomm.kohler.com
704698IN-SHP,CAD Drawing,DXF,https://techcomm.kohler.com/techcomm/cad/704698inpln.dxf,https://www.kohler.co.in/p/new-trilogy-2000-h-pivot-shower-door-with-8-mm-thick-glass-704698in?skuId=704698IN-SHP,DXF,cad drawing,asset_001692,False,False,False,False,False,False,True,False,techcomm.kohler.com
704698IN-SHP,CAD Drawing,DWG,https://techcomm.kohler.com/techcomm/cad/704698insde.dwg,https://www.kohler.co.in/p/new-trilogy-2000-h-pivot-shower-door-with-8-mm-thick-glass-704698in?skuId=704698IN-SHP,DWG,cad drawing,asset_001693,False,False,False,False,False,True,False,False,techcomm.kohler.com
704698IN-SHP,CAD Drawing,DXF,https://techcomm.kohler.com/techcomm/cad/704698insde.dxf,https://www.kohler.co.in/p/new-trilogy-2000-h-pivot-shower-door-with-8-mm-thick-glass-704698in?skuId=704698IN-SHP,DXF,cad drawing,asset_001694,False,False,False,False,False,False,True,False,techcomm.kohler.com
704699IN-SHP,3D Model,3DS,https://techcomm.kohler.com/techcomm/cad/704699IN.3ds,https://www.kohler.co.in/p/new-trilogy-2000-mm-2161-mm-h-pivot-shower-door-with-8-mm-thick-glass-704699in?skuId=704699IN-SHP,3DS,3d model,asset_001695,True,False,False,True,False,False,False,False,techcomm.kohler.com
704699IN-SHP,CAD Drawing,DWG,https://techcomm.kohler.com/techcomm/cad/704699IN.dwg,https://www.kohler.co.in/p/new-trilogy-2000-mm-2161-mm-h-pivot-shower-door-with-8-mm-thick-glass-704699in?skuId=704699IN-SHP,DWG,cad drawing,asset_001696,False,False,False,False,False,True,False,False,techcomm.kohler.com
704699IN-SHP,CAD Drawing,DXF,https://techcomm.kohler.com/techcomm/cad/704699IN.dxf,https://www.kohler.co.in/p/new-trilogy-2000-mm-2161-mm-h-pivot-shower-door-with-8-mm-thick-glass-704699in?skuId=704699IN-SHP,DXF,cad drawing,asset_001697,False,False,False,False,False,False,True,False,techcomm.kohler.com
704699IN-SHP,3D Model,OBJ,https://techcomm.kohler.com/techcomm/cad/704699IN.obj,https://www.kohler.co.in/p/new-trilogy-2000-mm-2161-mm-h-pivot-shower-door-with-8-mm-thick-glass-704699in?skuId=704699IN-SHP,OBJ,3d model,asset_001698,True,True,False,False,False,False,False,False,techcomm.kohler.com
704699IN-SHP,3D Model,SKP,https://techcomm.kohler.com/techcomm/cad/704699IN.skp,https://www.kohler.co.in/p/new-trilogy-2000-mm-2161-mm-h-pivot-shower-door-with-8-mm-thick-glass-704699in?skuId=704699IN-SHP,SKP,3d model,asset_001699,True,False,True,False,False,False,False,False,techcomm.kohler.com
704699IN-SHP,CAD Drawing,DWG,https://techcomm.kohler.com/techcomm/cad/704699infrt.dwg,https://www.kohler.co.in/p/new-trilogy-2000-mm-2161-mm-h-pivot-shower-door-with-8-mm-thick-glass-704699in?skuId=704699IN-SHP,DWG,cad drawing,asset_001700,False,False,False,False,False,True,False,False,techcomm.kohler.com
704699IN-SHP,CAD Drawing,DXF,https://techcomm.kohler.com/techcomm/cad/704699infrt.dxf,https://www.kohler.co.in/p/new-trilogy-2000-mm-2161-mm-h-pivot-shower-door-with-8-mm-thick-glass-704699in?skuId=704699IN-SHP,DXF,cad drawing,asset_001701,False,False,False,False,False,False,True,False,techcomm.kohler.com
704699IN-SHP,CAD Drawing,DWG,https://techcomm.kohler.com/techcomm/cad/704699inpln.dwg,https://www.kohler.co.in/p/new-trilogy-2000-mm-2161-mm-h-pivot-shower-door-with-8-mm-thick-glass-704699in?skuId=704699IN-SHP,DWG,cad drawing,asset_001702,False,False,False,False,False,True,False,False,techcomm.kohler.com
704699IN-SHP,CAD Drawing,DXF,https://techcomm.kohler.com/techcomm/cad/704699inpln.dxf,https://www.kohler.co.in/p/new-trilogy-2000-mm-2161-mm-h-pivot-shower-door-with-8-mm-thick-glass-704699in?skuId=704699IN-SHP,DXF,cad drawing,asset_001703,False,False,False,False,False,False,True,False,techcomm.kohler.com
704699IN-SHP,CAD Drawing,DWG,https://techcomm.kohler.com/techcomm/cad/704699insde.dwg,https://www.kohler.co.in/p/new-trilogy-2000-mm-2161-mm-h-pivot-shower-door-with-8-mm-thick-glass-704699in?skuId=704699IN-SHP,DWG,cad drawing,asset_001704,False,False,False,False,False,True,False,False,techcomm.kohler.com
704699IN-SHP,CAD Drawing,DXF,https://techcomm.kohler.com/techcomm/cad/704699insde.dxf,https://www.kohler.co.in/p/new-trilogy-2000-mm-2161-mm-h-pivot-shower-door-with-8-mm-thick-glass-704699in?skuId=704699IN-SHP,DXF,cad drawing,asset_001705,False,False,False,False,False,False,True,False,techcomm.kohler.com
704702IN-SHP,3D Model,3DS,https://techcomm.kohler.com/techcomm/cad/704702IN.3ds,https://www.kohler.co.in/p/new-trilogy-2d3p-t-shape-10mm-in-704702in?skuId=704702IN-SHP,3DS,3d model,asset_001706,True,False,False,True,False,False,False,False,techcomm.kohler.com
704702IN-SHP,CAD Drawing,DWG,https://techcomm.kohler.com/techcomm/cad/704702IN.dwg,https://www.kohler.co.in/p/new-trilogy-2d3p-t-shape-10mm-in-704702in?skuId=704702IN-SHP,DWG,cad drawing,asset_001707,False,False,False,False,False,True,False,False,techcomm.kohler.com
704702IN-SHP,CAD Drawing,DXF,https://techcomm.kohler.com/techcomm/cad/704702IN.dxf,https://www.kohler.co.in/p/new-trilogy-2d3p-t-shape-10mm-in-704702in?skuId=704702IN-SHP,DXF,cad drawing,asset_001708,False,False,False,False,False,False,True,False,techcomm.kohler.com
704702IN-SHP,3D Model,OBJ,https://techcomm.kohler.com/techcomm/cad/704702IN.obj,https://www.kohler.co.in/p/new-trilogy-2d3p-t-shape-10mm-in-704702in?skuId=704702IN-SHP,OBJ,3d model,asset_001709,True,True,False,False,False,False,False,False,techcomm.kohler.com
704702IN-SHP,3D Model,SKP,https://techcomm.kohler.com/techcomm/cad/704702IN.skp,https://www.kohler.co.in/p/new-trilogy-2d3p-t-shape-10mm-in-704702in?skuId=704702IN-SHP,SKP,3d model,asset_001710,True,False,True,False,False,False,False,False,techcomm.kohler.com
704702IN-SHP,CAD Drawing,DWG,https://techcomm.kohler.com/techcomm/cad/704702infrt.dwg,https://www.kohler.co.in/p/new-trilogy-2d3p-t-shape-10mm-in-704702in?skuId=704702IN-SHP,DWG,cad drawing,asset_001711,False,False,False,False,False,True,False,False,techcomm.kohler.com
704702IN-SHP,CAD Drawing,DXF,https://techcomm.kohler.com/techcomm/cad/704702infrt.dxf,https://www.kohler.co.in/p/new-trilogy-2d3p-t-shape-10mm-in-704702in?skuId=704702IN-SHP,DXF,cad drawing,asset_001712,False,False,False,False,False,False,True,False,techcomm.kohler.com
704702IN-SHP,CAD Drawing,DWG,https://techcomm.kohler.com/techcomm/cad/704702inpln.dwg,https://www.kohler.co.in/p/new-trilogy-2d3p-t-shape-10mm-in-704702in?skuId=704702IN-SHP,DWG,cad drawing,asset_001713,False,False,False,False,False,True,False,False,techcomm.kohler.com
704702IN-SHP,CAD Drawing,DXF,https://techcomm.kohler.com/techcomm/cad/704702inpln.dxf,https://www.kohler.co.in/p/new-trilogy-2d3p-t-shape-10mm-in-704702in?skuId=704702IN-SHP,DXF,cad drawing,asset_001714,False,False,False,False,False,False,True,False,techcomm.kohler.com
704702IN-SHP,CAD Drawing,DWG,https://techcomm.kohler.com/techcomm/cad/704702insde.dwg,https://www.kohler.co.in/p/new-trilogy-2d3p-t-shape-10mm-in-704702in?skuId=704702IN-SHP,DWG,cad drawing,asset_001715,False,False,False,False,False,True,False,False,techcomm.kohler.com
704702IN-SHP,CAD Drawing,DXF,https://techcomm.kohler.com/techcomm/cad/704702insde.dxf,https://www.kohler.co.in/p/new-trilogy-2d3p-t-shape-10mm-in-704702in?skuId=704702IN-SHP,DXF,cad drawing,asset_001716,False,False,False,False,False,False,True,False,techcomm.kohler.com
704796IN-2BL,3D Model,3DS,https://techcomm.kohler.com/techcomm/cad/704796IN.3ds,https://www.kohler.co.in/p/new-trilogy-2061-mm-h-pivot-shower-door-with-8-mm-or-10-mm-thick-glass-704796in?skuId=704796IN-2BL,3DS,3d model,asset_001717,True,False,False,True,False,False,False,False,techcomm.kohler.com
704796IN-2BL,CAD Drawing,DWG,https://techcomm.kohler.com/techcomm/cad/704796IN.dwg,https://www.kohler.co.in/p/new-trilogy-2061-mm-h-pivot-shower-door-with-8-mm-or-10-mm-thick-glass-704796in?skuId=704796IN-2BL,DWG,cad drawing,asset_001718,False,False,False,False,False,True,False,False,techcomm.kohler.com
704796IN-2BL,CAD Drawing,DXF,https://techcomm.kohler.com/techcomm/cad/704796IN.dxf,https://www.kohler.co.in/p/new-trilogy-2061-mm-h-pivot-shower-door-with-8-mm-or-10-mm-thick-glass-704796in?skuId=704796IN-2BL,DXF,cad drawing,asset_001719,False,False,False,False,False,False,True,False,techcomm.kohler.com
704796IN-2BL,3D Model,OBJ,https://techcomm.kohler.com/techcomm/cad/704796IN.obj,https://www.kohler.co.in/p/new-trilogy-2061-mm-h-pivot-shower-door-with-8-mm-or-10-mm-thick-glass-704796in?skuId=704796IN-2BL,OBJ,3d model,asset_001720,True,True,False,False,False,False,False,False,techcomm.kohler.com
704796IN-2BL,3D Model,SKP,https://techcomm.kohler.com/techcomm/cad/704796IN.skp,https://www.kohler.co.in/p/new-trilogy-2061-mm-h-pivot-shower-door-with-8-mm-or-10-mm-thick-glass-704796in?skuId=704796IN-2BL,SKP,3d model,asset_001721,True,False,True,False,False,False,False,False,techcomm.kohler.com
704796IN-2BL,CAD Drawing,DWG,https://techcomm.kohler.com/techcomm/cad/704796infrt.dwg,https://www.kohler.co.in/p/new-trilogy-2061-mm-h-pivot-shower-door-with-8-mm-or-10-mm-thick-glass-704796in?skuId=704796IN-2BL,DWG,cad drawing,asset_001722,False,False,False,False,False,True,False,False,techcomm.kohler.com
704796IN-2BL,CAD Drawing,DXF,https://techcomm.kohler.com/techcomm/cad/704796infrt.dxf,https://www.kohler.co.in/p/new-trilogy-2061-mm-h-pivot-shower-door-with-8-mm-or-10-mm-thick-glass-704796in?skuId=704796IN-2BL,DXF,cad drawing,asset_001723,False,False,False,False,False,False,True,False,techcomm.kohler.com
704796IN-2BL,CAD Drawing,DWG,https://techcomm.kohler.com/techcomm/cad/704796inpln.dwg,https://www.kohler.co.in/p/new-trilogy-2061-mm-h-pivot-shower-door-with-8-mm-or-10-mm-thick-glass-704796in?skuId=704796IN-2BL,DWG,cad drawing,asset_001724,False,False,False,False,False,True,False,False,techcomm.kohler.com
704796IN-2BL,CAD Drawing,DXF,https://techcomm.kohler.com/techcomm/cad/704796inpln.dxf,https://www.kohler.co.in/p/new-trilogy-2061-mm-h-pivot-shower-door-with-8-mm-or-10-mm-thick-glass-704796in?skuId=704796IN-2BL,DXF,cad drawing,asset_001725,False,False,False,False,False,False,True,False,techcomm.kohler.com
704796IN-2BL,CAD Drawing,DWG,https://techcomm.kohler.com/techcomm/cad/704796insde.dwg,https://www.kohler.co.in/p/new-trilogy-2061-mm-h-pivot-shower-door-with-8-mm-or-10-mm-thick-glass-704796in?skuId=704796IN-2BL,DWG,cad drawing,asset_001726,False,False,False,False,False,True,False,False,techcomm.kohler.com
704796IN-2BL,CAD Drawing,DXF,https://techcomm.kohler.com/techcomm/cad/704796insde.dxf,https://www.kohler.co.in/p/new-trilogy-2061-mm-h-pivot-shower-door-with-8-mm-or-10-mm-thick-glass-704796in?skuId=704796IN-2BL,DXF,cad drawing,asset_001727,False,False,False,False,False,False,True,False,techcomm.kohler.com
705115IN-SHP,3D Model,3DS,https://techcomm.kohler.com/techcomm/cad/705115IN.3ds,https://www.kohler.co.in/p/contra-2000-mm-2100-mm-h-sliding-shower-door-with-8-mm-thick-glass-705115in?skuId=705115IN-SHP,3DS,3d model,asset_001728,True,False,False,True,False,False,False,False,techcomm.kohler.com
705115IN-SHP,CAD Drawing,DWG,https://techcomm.kohler.com/techcomm/cad/705115IN.dwg,https://www.kohler.co.in/p/contra-2000-mm-2100-mm-h-sliding-shower-door-with-8-mm-thick-glass-705115in?skuId=705115IN-SHP,DWG,cad drawing,asset_001729,False,False,False,False,False,True,False,False,techcomm.kohler.com
705115IN-SHP,CAD Drawing,DXF,https://techcomm.kohler.com/techcomm/cad/705115IN.dxf,https://www.kohler.co.in/p/contra-2000-mm-2100-mm-h-sliding-shower-door-with-8-mm-thick-glass-705115in?skuId=705115IN-SHP,DXF,cad drawing,asset_001730,False,False,False,False,False,False,True,False,techcomm.kohler.com
705115IN-SHP,3D Model,OBJ,https://techcomm.kohler.com/techcomm/cad/705115IN.obj,https://www.kohler.co.in/p/contra-2000-mm-2100-mm-h-sliding-shower-door-with-8-mm-thick-glass-705115in?skuId=705115IN-SHP,OBJ,3d model,asset_001731,True,True,False,False,False,False,False,False,techcomm.kohler.com
705115IN-SHP,3D Model,SKP,https://techcomm.kohler.com/techcomm/cad/705115IN.skp,https://www.kohler.co.in/p/contra-2000-mm-2100-mm-h-sliding-shower-door-with-8-mm-thick-glass-705115in?skuId=705115IN-SHP,SKP,3d model,asset_001732,True,False,True,False,False,False,False,False,techcomm.kohler.com
705115IN-SHP,CAD Drawing,DWG,https://techcomm.kohler.com/techcomm/cad/705115infrt.dwg,https://www.kohler.co.in/p/contra-2000-mm-2100-mm-h-sliding-shower-door-with-8-mm-thick-glass-705115in?skuId=705115IN-SHP,DWG,cad drawing,asset_001733,False,False,False,False,False,True,False,False,techcomm.kohler.com
705115IN-SHP,CAD Drawing,DXF,https://techcomm.kohler.com/techcomm/cad/705115infrt.dxf,https://www.kohler.co.in/p/contra-2000-mm-2100-mm-h-sliding-shower-door-with-8-mm-thick-glass-705115in?skuId=705115IN-SHP,DXF,cad drawing,asset_001734,False,False,False,False,False,False,True,False,techcomm.kohler.com
705115IN-SHP,CAD Drawing,DWG,https://techcomm.kohler.com/techcomm/cad/705115inpln.dwg,https://www.kohler.co.in/p/contra-2000-mm-2100-mm-h-sliding-shower-door-with-8-mm-thick-glass-705115in?skuId=705115IN-SHP,DWG,cad drawing,asset_001735,False,False,False,False,False,True,False,False,techcomm.kohler.com
705115IN-SHP,CAD Drawing,DXF,https://techcomm.kohler.com/techcomm/cad/705115inpln.dxf,https://www.kohler.co.in/p/contra-2000-mm-2100-mm-h-sliding-shower-door-with-8-mm-thick-glass-705115in?skuId=705115IN-SHP,DXF,cad drawing,asset_001736,False,False,False,False,False,False,True,False,techcomm.kohler.com
705115IN-SHP,CAD Drawing,DWG,https://techcomm.kohler.com/techcomm/cad/705115insde.dwg,https://www.kohler.co.in/p/contra-2000-mm-2100-mm-h-sliding-shower-door-with-8-mm-thick-glass-705115in?skuId=705115IN-SHP,DWG,cad drawing,asset_001737,False,False,False,False,False,True,False,False,techcomm.kohler.com
705115IN-SHP,CAD Drawing,DXF,https://techcomm.kohler.com/techcomm/cad/705115insde.dxf,https://www.kohler.co.in/p/contra-2000-mm-2100-mm-h-sliding-shower-door-with-8-mm-thick-glass-705115in?skuId=705115IN-SHP,DXF,cad drawing,asset_001738,False,False,False,False,False,False,True,False,techcomm.kohler.com
705116IN-SHP,3D Model,3DS,https://techcomm.kohler.com/techcomm/cad/705116IN.3ds,https://www.kohler.co.in/p/contra-big-ht-2000mm-705116in?skuId=705116IN-SHP,3DS,3d model,asset_001739,True,False,False,True,False,False,False,False,techcomm.kohler.com
705116IN-SHP,CAD Drawing,DWG,https://techcomm.kohler.com/techcomm/cad/705116IN.dwg,https://www.kohler.co.in/p/contra-big-ht-2000mm-705116in?skuId=705116IN-SHP,DWG,cad drawing,asset_001740,False,False,False,False,False,True,False,False,techcomm.kohler.com
705116IN-SHP,CAD Drawing,DXF,https://techcomm.kohler.com/techcomm/cad/705116IN.dxf,https://www.kohler.co.in/p/contra-big-ht-2000mm-705116in?skuId=705116IN-SHP,DXF,cad drawing,asset_001741,False,False,False,False,False,False,True,False,techcomm.kohler.com
705116IN-SHP,3D Model,OBJ,https://techcomm.kohler.com/techcomm/cad/705116IN.obj,https://www.kohler.co.in/p/contra-big-ht-2000mm-705116in?skuId=705116IN-SHP,OBJ,3d model,asset_001742,True,True,False,False,False,False,False,False,techcomm.kohler.com
705116IN-SHP,3D Model,SKP,https://techcomm.kohler.com/techcomm/cad/705116IN.skp,https://www.kohler.co.in/p/contra-big-ht-2000mm-705116in?skuId=705116IN-SHP,SKP,3d model,asset_001743,True,False,True,False,False,False,False,False,techcomm.kohler.com
705116IN-SHP,CAD Drawing,DWG,https://techcomm.kohler.com/techcomm/cad/705116infrt.dwg,https://www.kohler.co.in/p/contra-big-ht-2000mm-705116in?skuId=705116IN-SHP,DWG,cad drawing,asset_001744,False,False,False,False,False,True,False,False,techcomm.kohler.com
705116IN-SHP,CAD Drawing,DXF,https://techcomm.kohler.com/techcomm/cad/705116infrt.dxf,https://www.kohler.co.in/p/contra-big-ht-2000mm-705116in?skuId=705116IN-SHP,DXF,cad drawing,asset_001745,False,False,False,False,False,False,True,False,techcomm.kohler.com
705116IN-SHP,CAD Drawing,DWG,https://techcomm.kohler.com/techcomm/cad/705116inpln.dwg,https://www.kohler.co.in/p/contra-big-ht-2000mm-705116in?skuId=705116IN-SHP,DWG,cad drawing,asset_001746,False,False,False,False,False,True,False,False,techcomm.kohler.com
705116IN-SHP,CAD Drawing,DXF,https://techcomm.kohler.com/techcomm/cad/705116inpln.dxf,https://www.kohler.co.in/p/contra-big-ht-2000mm-705116in?skuId=705116IN-SHP,DXF,cad drawing,asset_001747,False,False,False,False,False,False,True,False,techcomm.kohler.com
705116IN-SHP,CAD Drawing,DWG,https://techcomm.kohler.com/techcomm/cad/705116insde.dwg,https://www.kohler.co.in/p/contra-big-ht-2000mm-705116in?skuId=705116IN-SHP,DWG,cad drawing,asset_001748,False,False,False,False,False,True,False,False,techcomm.kohler.com
705116IN-SHP,CAD Drawing,DXF,https://techcomm.kohler.com/techcomm/cad/705116insde.dxf,https://www.kohler.co.in/p/contra-big-ht-2000mm-705116in?skuId=705116IN-SHP,DXF,cad drawing,asset_001749,False,False,False,False,False,False,True,False,techcomm.kohler.com
708065IN-CP,3D Model,3DS,https://techcomm.kohler.com/techcomm/cad/708065IN.3ds,https://www.kohler.co.in/p/singulier-1d1p-s-708065in?skuId=708065IN-CP,3DS,3d model,asset_001750,True,False,False,True,False,False,False,False,techcomm.kohler.com
708065IN-CP,CAD Drawing,DWG,https://techcomm.kohler.com/techcomm/cad/708065IN.dwg,https://www.kohler.co.in/p/singulier-1d1p-s-708065in?skuId=708065IN-CP,DWG,cad drawing,asset_001751,False,False,False,False,False,True,False,False,techcomm.kohler.com
708065IN-CP,CAD Drawing,DXF,https://techcomm.kohler.com/techcomm/cad/708065IN.dxf,https://www.kohler.co.in/p/singulier-1d1p-s-708065in?skuId=708065IN-CP,DXF,cad drawing,asset_001752,False,False,False,False,False,False,True,False,techcomm.kohler.com
708065IN-CP,3D Model,OBJ,https://techcomm.kohler.com/techcomm/cad/708065IN.obj,https://www.kohler.co.in/p/singulier-1d1p-s-708065in?skuId=708065IN-CP,OBJ,3d model,asset_001753,True,True,False,False,False,False,False,False,techcomm.kohler.com
708065IN-CP,3D Model,SKP,https://techcomm.kohler.com/techcomm/cad/708065IN.skp,https://www.kohler.co.in/p/singulier-1d1p-s-708065in?skuId=708065IN-CP,SKP,3d model,asset_001754,True,False,True,False,False,False,False,False,techcomm.kohler.com
708065IN-CP,CAD Drawing,DWG,https://techcomm.kohler.com/techcomm/cad/708065infrt.dwg,https://www.kohler.co.in/p/singulier-1d1p-s-708065in?skuId=708065IN-CP,DWG,cad drawing,asset_001755,False,False,False,False,False,True,False,False,techcomm.kohler.com
708065IN-CP,CAD Drawing,DXF,https://techcomm.kohler.com/techcomm/cad/708065infrt.dxf,https://www.kohler.co.in/p/singulier-1d1p-s-708065in?skuId=708065IN-CP,DXF,cad drawing,asset_001756,False,False,False,False,False,False,True,False,techcomm.kohler.com
708065IN-CP,CAD Drawing,DWG,https://techcomm.kohler.com/techcomm/cad/708065inpln.dwg,https://www.kohler.co.in/p/singulier-1d1p-s-708065in?skuId=708065IN-CP,DWG,cad drawing,asset_001757,False,False,False,False,False,True,False,False,techcomm.kohler.com
708065IN-CP,CAD Drawing,DXF,https://techcomm.kohler.com/techcomm/cad/708065inpln.dxf,https://www.kohler.co.in/p/singulier-1d1p-s-708065in?skuId=708065IN-CP,DXF,cad drawing,asset_001758,False,False,False,False,False,False,True,False,techcomm.kohler.com
708065IN-CP,CAD Drawing,DWG,https://techcomm.kohler.com/techcomm/cad/708065insde.dwg,https://www.kohler.co.in/p/singulier-1d1p-s-708065in?skuId=708065IN-CP,DWG,cad drawing,asset_001759,False,False,False,False,False,True,False,False,techcomm.kohler.com
708065IN-CP,CAD Drawing,DXF,https://techcomm.kohler.com/techcomm/cad/708065insde.dxf,https://www.kohler.co.in/p/singulier-1d1p-s-708065in?skuId=708065IN-CP,DXF,cad drawing,asset_001760,False,False,False,False,False,False,True,False,techcomm.kohler.com
708066IN-CP,3D Model,3DS,https://techcomm.kohler.com/techcomm/cad/708066IN.3ds,https://www.kohler.co.in/p/singulier-1d2p-s-708066in?skuId=708066IN-CP,3DS,3d model,asset_001761,True,False,False,True,False,False,False,False,techcomm.kohler.com
708066IN-CP,CAD Drawing,DWG,https://techcomm.kohler.com/techcomm/cad/708066IN.dwg,https://www.kohler.co.in/p/singulier-1d2p-s-708066in?skuId=708066IN-CP,DWG,cad drawing,asset_001762,False,False,False,False,False,True,False,False,techcomm.kohler.com
708066IN-CP,CAD Drawing,DXF,https://techcomm.kohler.com/techcomm/cad/708066IN.dxf,https://www.kohler.co.in/p/singulier-1d2p-s-708066in?skuId=708066IN-CP,DXF,cad drawing,asset_001763,False,False,False,False,False,False,True,False,techcomm.kohler.com
708066IN-CP,3D Model,OBJ,https://techcomm.kohler.com/techcomm/cad/708066IN.obj,https://www.kohler.co.in/p/singulier-1d2p-s-708066in?skuId=708066IN-CP,OBJ,3d model,asset_001764,True,True,False,False,False,False,False,False,techcomm.kohler.com
708066IN-CP,3D Model,SKP,https://techcomm.kohler.com/techcomm/cad/708066IN.skp,https://www.kohler.co.in/p/singulier-1d2p-s-708066in?skuId=708066IN-CP,SKP,3d model,asset_001765,True,False,True,False,False,False,False,False,techcomm.kohler.com
708066IN-CP,CAD Drawing,DWG,https://techcomm.kohler.com/techcomm/cad/708066infrt.dwg,https://www.kohler.co.in/p/singulier-1d2p-s-708066in?skuId=708066IN-CP,DWG,cad drawing,asset_001766,False,False,False,False,False,True,False,False,techcomm.kohler.com
708066IN-CP,CAD Drawing,DXF,https://techcomm.kohler.com/techcomm/cad/708066infrt.dxf,https://www.kohler.co.in/p/singulier-1d2p-s-708066in?skuId=708066IN-CP,DXF,cad drawing,asset_001767,False,False,False,False,False,False,True,False,techcomm.kohler.com
708066IN-CP,CAD Drawing,DWG,https://techcomm.kohler.com/techcomm/cad/708066inpln.dwg,https://www.kohler.co.in/p/singulier-1d2p-s-708066in?skuId=708066IN-CP,DWG,cad drawing,asset_001768,False,False,False,False,False,True,False,False,techcomm.kohler.com
708066IN-CP,CAD Drawing,DXF,https://techcomm.kohler.com/techcomm/cad/708066inpln.dxf,https://www.kohler.co.in/p/singulier-1d2p-s-708066in?skuId=708066IN-CP,DXF,cad drawing,asset_001769,False,False,False,False,False,False,True,False,techcomm.kohler.com
708066IN-CP,CAD Drawing,DWG,https://techcomm.kohler.com/techcomm/cad/708066insde.dwg,https://www.kohler.co.in/p/singulier-1d2p-s-708066in?skuId=708066IN-CP,DWG,cad drawing,asset_001770,False,False,False,False,False,True,False,False,techcomm.kohler.com
708066IN-CP,CAD Drawing,DXF,https://techcomm.kohler.com/techcomm/cad/708066insde.dxf,https://www.kohler.co.in/p/singulier-1d2p-s-708066in?skuId=708066IN-CP,DXF,cad drawing,asset_001771,False,False,False,False,False,False,True,False,techcomm.kohler.com
708067IN-CP,3D Model,3DS,https://techcomm.kohler.com/techcomm/cad/708067IN.3ds,https://www.kohler.co.in/p/singulier-2000-mm-2100-mm-h-pivot-shower-door-with-8-mm-thick-glass-708067in?skuId=708067IN-CP,3DS,3d model,asset_001772,True,False,False,True,False,False,False,False,techcomm.kohler.com
708067IN-CP,CAD Drawing,DWG,https://techcomm.kohler.com/techcomm/cad/708067IN.dwg,https://www.kohler.co.in/p/singulier-2000-mm-2100-mm-h-pivot-shower-door-with-8-mm-thick-glass-708067in?skuId=708067IN-CP,DWG,cad drawing,asset_001773,False,False,False,False,False,True,False,False,techcomm.kohler.com
708067IN-CP,CAD Drawing,DXF,https://techcomm.kohler.com/techcomm/cad/708067IN.dxf,https://www.kohler.co.in/p/singulier-2000-mm-2100-mm-h-pivot-shower-door-with-8-mm-thick-glass-708067in?skuId=708067IN-CP,DXF,cad drawing,asset_001774,False,False,False,False,False,False,True,False,techcomm.kohler.com
708067IN-CP,3D Model,OBJ,https://techcomm.kohler.com/techcomm/cad/708067IN.obj,https://www.kohler.co.in/p/singulier-2000-mm-2100-mm-h-pivot-shower-door-with-8-mm-thick-glass-708067in?skuId=708067IN-CP,OBJ,3d model,asset_001775,True,True,False,False,False,False,False,False,techcomm.kohler.com
708067IN-CP,3D Model,SKP,https://techcomm.kohler.com/techcomm/cad/708067IN.skp,https://www.kohler.co.in/p/singulier-2000-mm-2100-mm-h-pivot-shower-door-with-8-mm-thick-glass-708067in?skuId=708067IN-CP,SKP,3d model,asset_001776,True,False,True,False,False,False,False,False,techcomm.kohler.com
708067IN-CP,CAD Drawing,DWG,https://techcomm.kohler.com/techcomm/cad/708067infrt.dwg,https://www.kohler.co.in/p/singulier-2000-mm-2100-mm-h-pivot-shower-door-with-8-mm-thick-glass-708067in?skuId=708067IN-CP,DWG,cad drawing,asset_001777,False,False,False,False,False,True,False,False,techcomm.kohler.com
708067IN-CP,CAD Drawing,DXF,https://techcomm.kohler.com/techcomm/cad/708067infrt.dxf,https://www.kohler.co.in/p/singulier-2000-mm-2100-mm-h-pivot-shower-door-with-8-mm-thick-glass-708067in?skuId=708067IN-CP,DXF,cad drawing,asset_001778,False,False,False,False,False,False,True,False,techcomm.kohler.com
708067IN-CP,CAD Drawing,DWG,https://techcomm.kohler.com/techcomm/cad/708067inpln.dwg,https://www.kohler.co.in/p/singulier-2000-mm-2100-mm-h-pivot-shower-door-with-8-mm-thick-glass-708067in?skuId=708067IN-CP,DWG,cad drawing,asset_001779,False,False,False,False,False,True,False,False,techcomm.kohler.com
708067IN-CP,CAD Drawing,DXF,https://techcomm.kohler.com/techcomm/cad/708067inpln.dxf,https://www.kohler.co.in/p/singulier-2000-mm-2100-mm-h-pivot-shower-door-with-8-mm-thick-glass-708067in?skuId=708067IN-CP,DXF,cad drawing,asset_001780,False,False,False,False,False,False,True,False,techcomm.kohler.com
708067IN-CP,CAD Drawing,DWG,https://techcomm.kohler.com/techcomm/cad/708067insde.dwg,https://www.kohler.co.in/p/singulier-2000-mm-2100-mm-h-pivot-shower-door-with-8-mm-thick-glass-708067in?skuId=708067IN-CP,DWG,cad drawing,asset_001781,False,False,False,False,False,True,False,False,techcomm.kohler.com
708067IN-CP,CAD Drawing,DXF,https://techcomm.kohler.com/techcomm/cad/708067insde.dxf,https://www.kohler.co.in/p/singulier-2000-mm-2100-mm-h-pivot-shower-door-with-8-mm-thick-glass-708067in?skuId=708067IN-CP,DXF,cad drawing,asset_001782,False,False,False,False,False,False,True,False,techcomm.kohler.com
709075IN-CP,3D Model,3DS,https://techcomm.kohler.com/techcomm/cad/709075IN.3ds,https://www.kohler.co.in/p/new-levity-small-w-knob-709075in?skuId=709075IN-CP,3DS,3d model,asset_001783,True,False,False,True,False,False,False,False,techcomm.kohler.com
709075IN-CP,CAD Drawing,DWG,https://techcomm.kohler.com/techcomm/cad/709075IN.dwg,https://www.kohler.co.in/p/new-levity-small-w-knob-709075in?skuId=709075IN-CP,DWG,cad drawing,asset_001784,False,False,False,False,False,True,False,False,techcomm.kohler.com
709075IN-CP,CAD Drawing,DXF,https://techcomm.kohler.com/techcomm/cad/709075IN.dxf,https://www.kohler.co.in/p/new-levity-small-w-knob-709075in?skuId=709075IN-CP,DXF,cad drawing,asset_001785,False,False,False,False,False,False,True,False,techcomm.kohler.com
709075IN-CP,3D Model,OBJ,https://techcomm.kohler.com/techcomm/cad/709075IN.obj,https://www.kohler.co.in/p/new-levity-small-w-knob-709075in?skuId=709075IN-CP,OBJ,3d model,asset_001786,True,True,False,False,False,False,False,False,techcomm.kohler.com
709075IN-CP,3D Model,SKP,https://techcomm.kohler.com/techcomm/cad/709075IN.skp,https://www.kohler.co.in/p/new-levity-small-w-knob-709075in?skuId=709075IN-CP,SKP,3d model,asset_001787,True,False,True,False,False,False,False,False,techcomm.kohler.com
709075IN-CP,CAD Drawing,DWG,https://techcomm.kohler.com/techcomm/cad/709075infrt.dwg,https://www.kohler.co.in/p/new-levity-small-w-knob-709075in?skuId=709075IN-CP,DWG,cad drawing,asset_001788,False,False,False,False,False,True,False,False,techcomm.kohler.com
709075IN-CP,CAD Drawing,DXF,https://techcomm.kohler.com/techcomm/cad/709075infrt.dxf,https://www.kohler.co.in/p/new-levity-small-w-knob-709075in?skuId=709075IN-CP,DXF,cad drawing,asset_001789,False,False,False,False,False,False,True,False,techcomm.kohler.com
709075IN-CP,CAD Drawing,DWG,https://techcomm.kohler.com/techcomm/cad/709075inpln.dwg,https://www.kohler.co.in/p/new-levity-small-w-knob-709075in?skuId=709075IN-CP,DWG,cad drawing,asset_001790,False,False,False,False,False,True,False,False,techcomm.kohler.com
709075IN-CP,CAD Drawing,DXF,https://techcomm.kohler.com/techcomm/cad/709075inpln.dxf,https://www.kohler.co.in/p/new-levity-small-w-knob-709075in?skuId=709075IN-CP,DXF,cad drawing,asset_001791,False,False,False,False,False,False,True,False,techcomm.kohler.com
709075IN-CP,CAD Drawing,DWG,https://techcomm.kohler.com/techcomm/cad/709075insde.dwg,https://www.kohler.co.in/p/new-levity-small-w-knob-709075in?skuId=709075IN-CP,DWG,cad drawing,asset_001792,False,False,False,False,False,True,False,False,techcomm.kohler.com
709075IN-CP,CAD Drawing,DXF,https://techcomm.kohler.com/techcomm/cad/709075insde.dxf,https://www.kohler.co.in/p/new-levity-small-w-knob-709075in?skuId=709075IN-CP,DXF,cad drawing,asset_001793,False,False,False,False,False,False,True,False,techcomm.kohler.com
709076IN-CP,3D Model,3DS,https://techcomm.kohler.com/techcomm/cad/709076IN.3ds,https://www.kohler.co.in/p/big-w-knob-709076in?skuId=709076IN-CP,3DS,3d model,asset_001794,True,False,False,True,False,False,False,False,techcomm.kohler.com
709076IN-CP,CAD Drawing,DWG,https://techcomm.kohler.com/techcomm/cad/709076IN.dwg,https://www.kohler.co.in/p/big-w-knob-709076in?skuId=709076IN-CP,DWG,cad drawing,asset_001795,False,False,False,False,False,True,False,False,techcomm.kohler.com
709076IN-CP,CAD Drawing,DXF,https://techcomm.kohler.com/techcomm/cad/709076IN.dxf,https://www.kohler.co.in/p/big-w-knob-709076in?skuId=709076IN-CP,DXF,cad drawing,asset_001796,False,False,False,False,False,False,True,False,techcomm.kohler.com
709076IN-CP,3D Model,OBJ,https://techcomm.kohler.com/techcomm/cad/709076IN.obj,https://www.kohler.co.in/p/big-w-knob-709076in?skuId=709076IN-CP,OBJ,3d model,asset_001797,True,True,False,False,False,False,False,False,techcomm.kohler.com
709076IN-CP,3D Model,SKP,https://techcomm.kohler.com/techcomm/cad/709076IN.skp,https://www.kohler.co.in/p/big-w-knob-709076in?skuId=709076IN-CP,SKP,3d model,asset_001798,True,False,True,False,False,False,False,False,techcomm.kohler.com
709076IN-CP,CAD Drawing,DWG,https://techcomm.kohler.com/techcomm/cad/709076infrt.dwg,https://www.kohler.co.in/p/big-w-knob-709076in?skuId=709076IN-CP,DWG,cad drawing,asset_001799,False,False,False,False,False,True,False,False,techcomm.kohler.com
709076IN-CP,CAD Drawing,DXF,https://techcomm.kohler.com/techcomm/cad/709076infrt.dxf,https://www.kohler.co.in/p/big-w-knob-709076in?skuId=709076IN-CP,DXF,cad drawing,asset_001800,False,False,False,False,False,False,True,False,techcomm.kohler.com
709076IN-CP,CAD Drawing,DWG,https://techcomm.kohler.com/techcomm/cad/709076inpln.dwg,https://www.kohler.co.in/p/big-w-knob-709076in?skuId=709076IN-CP,DWG,cad drawing,asset_001801,False,False,False,False,False,True,False,False,techcomm.kohler.com
709076IN-CP,CAD Drawing,DXF,https://techcomm.kohler.com/techcomm/cad/709076inpln.dxf,https://www.kohler.co.in/p/big-w-knob-709076in?skuId=709076IN-CP,DXF,cad drawing,asset_001802,False,False,False,False,False,False,True,False,techcomm.kohler.com
709076IN-CP,CAD Drawing,DWG,https://techcomm.kohler.com/techcomm/cad/709076insde.dwg,https://www.kohler.co.in/p/big-w-knob-709076in?skuId=709076IN-CP,DWG,cad drawing,asset_001803,False,False,False,False,False,True,False,False,techcomm.kohler.com
709076IN-CP,CAD Drawing,DXF,https://techcomm.kohler.com/techcomm/cad/709076insde.dxf,https://www.kohler.co.in/p/big-w-knob-709076in?skuId=709076IN-CP,DXF,cad drawing,asset_001804,False,False,False,False,False,False,True,False,techcomm.kohler.com
72288IN-4-CP,3D Model,3DS,https://techcomm.kohler.com/techcomm/cad/72288IN-4.3ds,https://www.kohler.co.in/p/aleo-single-control-pillar-lavatory-faucet-in-polished-chrome-72288in-4?skuId=72288IN-4-CP,3DS,3d model,asset_001805,True,False,False,True,False,False,False,False,techcomm.kohler.com
72288IN-4-CP,CAD Drawing,DWG,https://techcomm.kohler.com/techcomm/cad/72288IN-4.dwg,https://www.kohler.co.in/p/aleo-single-control-pillar-lavatory-faucet-in-polished-chrome-72288in-4?skuId=72288IN-4-CP,DWG,cad drawing,asset_001806,False,False,False,False,False,True,False,False,techcomm.kohler.com
72288IN-4-CP,CAD Drawing,DXF,https://techcomm.kohler.com/techcomm/cad/72288IN-4.dxf,https://www.kohler.co.in/p/aleo-single-control-pillar-lavatory-faucet-in-polished-chrome-72288in-4?skuId=72288IN-4-CP,DXF,cad drawing,asset_001807,False,False,False,False,False,False,True,False,techcomm.kohler.com
72288IN-4-CP,3D Model,OBJ,https://techcomm.kohler.com/techcomm/cad/72288IN-4.obj,https://www.kohler.co.in/p/aleo-single-control-pillar-lavatory-faucet-in-polished-chrome-72288in-4?skuId=72288IN-4-CP,OBJ,3d model,asset_001808,True,True,False,False,False,False,False,False,techcomm.kohler.com
72288IN-4-CP,3D Model,SKP,https://techcomm.kohler.com/techcomm/cad/72288IN-4.skp,https://www.kohler.co.in/p/aleo-single-control-pillar-lavatory-faucet-in-polished-chrome-72288in-4?skuId=72288IN-4-CP,SKP,3d model,asset_001809,True,False,True,False,False,False,False,False,techcomm.kohler.com
72288IN-4-CP,CAD Drawing,DWG,https://techcomm.kohler.com/techcomm/cad/72288in_4frt.dwg,https://www.kohler.co.in/p/aleo-single-control-pillar-lavatory-faucet-in-polished-chrome-72288in-4?skuId=72288IN-4-CP,DWG,cad drawing,asset_001810,False,False,False,False,False,True,False,False,techcomm.kohler.com
72288IN-4-CP,CAD Drawing,DXF,https://techcomm.kohler.com/techcomm/cad/72288in_4frt.dxf,https://www.kohler.co.in/p/aleo-single-control-pillar-lavatory-faucet-in-polished-chrome-72288in-4?skuId=72288IN-4-CP,DXF,cad drawing,asset_001811,False,False,False,False,False,False,True,False,techcomm.kohler.com
72288IN-4-CP,CAD Drawing,DWG,https://techcomm.kohler.com/techcomm/cad/72288in_4pln.dwg,https://www.kohler.co.in/p/aleo-single-control-pillar-lavatory-faucet-in-polished-chrome-72288in-4?skuId=72288IN-4-CP,DWG,cad drawing,asset_001812,False,False,False,False,False,True,False,False,techcomm.kohler.com
72288IN-4-CP,CAD Drawing,DXF,https://techcomm.kohler.com/techcomm/cad/72288in_4pln.dxf,https://www.kohler.co.in/p/aleo-single-control-pillar-lavatory-faucet-in-polished-chrome-72288in-4?skuId=72288IN-4-CP,DXF,cad drawing,asset_001813,False,False,False,False,False,False,True,False,techcomm.kohler.com
72288IN-4-CP,CAD Drawing,DWG,https://techcomm.kohler.com/techcomm/cad/72288in_4sde.dwg,https://www.kohler.co.in/p/aleo-single-control-pillar-lavatory-faucet-in-polished-chrome-72288in-4?skuId=72288IN-4-CP,DWG,cad drawing,asset_001814,False,False,False,False,False,True,False,False,techcomm.kohler.com
72288IN-4-CP,CAD Drawing,DXF,https://techcomm.kohler.com/techcomm/cad/72288in_4sde.dxf,https://www.kohler.co.in/p/aleo-single-control-pillar-lavatory-faucet-in-polished-chrome-72288in-4?skuId=72288IN-4-CP,DXF,cad drawing,asset_001815,False,False,False,False,False,False,True,False,techcomm.kohler.com
72421IN-CP,3D Model,3DS,https://techcomm.kohler.com/techcomm/cad/72421IN.3ds,https://www.kohler.co.in/p/awaken-organic-multi-mode-handshower-with-hose-72421in?skuId=72421IN-CP,3DS,3d model,asset_001816,True,False,False,True,False,False,False,False,techcomm.kohler.com
72421IN-CP,3D Model,OBJ,https://techcomm.kohler.com/techcomm/cad/72421IN.obj,https://www.kohler.co.in/p/awaken-organic-multi-mode-handshower-with-hose-72421in?skuId=72421IN-CP,OBJ,3d model,asset_001817,True,True,False,False,False,False,False,False,techcomm.kohler.com
72421IN-CP,3D Model,SKP,https://techcomm.kohler.com/techcomm/cad/72421IN.skp,https://www.kohler.co.in/p/awaken-organic-multi-mode-handshower-with-hose-72421in?skuId=72421IN-CP,SKP,3d model,asset_001818,True,False,True,False,False,False,False,False,techcomm.kohler.com
72421IN-CP,CAD Drawing,DWG,https://techcomm.kohler.com/techcomm/cad/72421infrt.dwg,https://www.kohler.co.in/p/awaken-organic-multi-mode-handshower-with-hose-72421in?skuId=72421IN-CP,DWG,cad drawing,asset_001819,False,False,False,False,False,True,False,False,techcomm.kohler.com
72421IN-CP,CAD Drawing,DXF,https://techcomm.kohler.com/techcomm/cad/72421infrt.dxf,https://www.kohler.co.in/p/awaken-organic-multi-mode-handshower-with-hose-72421in?skuId=72421IN-CP,DXF,cad drawing,asset_001820,False,False,False,False,False,False,True,False,techcomm.kohler.com
72421IN-CP,CAD Drawing,DWG,https://techcomm.kohler.com/techcomm/cad/72421inpln.dwg,https://www.kohler.co.in/p/awaken-organic-multi-mode-handshower-with-hose-72421in?skuId=72421IN-CP,DWG,cad drawing,asset_001821,False,False,False,False,False,True,False,False,techcomm.kohler.com
72421IN-CP,CAD Drawing,DXF,https://techcomm.kohler.com/techcomm/cad/72421inpln.dxf,https://www.kohler.co.in/p/awaken-organic-multi-mode-handshower-with-hose-72421in?skuId=72421IN-CP,DXF,cad drawing,asset_001822,False,False,False,False,False,False,True,False,techcomm.kohler.com
72421IN-CP,CAD Drawing,DWG,https://techcomm.kohler.com/techcomm/cad/72421insde.dwg,https://www.kohler.co.in/p/awaken-organic-multi-mode-handshower-with-hose-72421in?skuId=72421IN-CP,DWG,cad drawing,asset_001823,False,False,False,False,False,True,False,False,techcomm.kohler.com
72421IN-CP,CAD Drawing,DXF,https://techcomm.kohler.com/techcomm/cad/72421insde.dxf,https://www.kohler.co.in/p/awaken-organic-multi-mode-handshower-with-hose-72421in?skuId=72421IN-CP,DXF,cad drawing,asset_001824,False,False,False,False,False,False,True,False,techcomm.kohler.com
72425IN-CP,3D Model,3DS,https://techcomm.kohler.com/techcomm/cad/72425IN.3ds,https://www.kohler.co.in/p/awaken-organic-multi-mode-showerhead-with-shower-arm-72425in?skuId=72425IN-CP,3DS,3d model,asset_001825,True,False,False,True,False,False,False,False,techcomm.kohler.com
72425IN-CP,CAD Drawing,DWG,https://techcomm.kohler.com/techcomm/cad/72425IN.dwg,https://www.kohler.co.in/p/awaken-organic-multi-mode-showerhead-with-shower-arm-72425in?skuId=72425IN-CP,DWG,cad drawing,asset_001826,False,False,False,False,False,True,False,False,techcomm.kohler.com
72425IN-CP,CAD Drawing,DXF,https://techcomm.kohler.com/techcomm/cad/72425IN.dxf,https://www.kohler.co.in/p/awaken-organic-multi-mode-showerhead-with-shower-arm-72425in?skuId=72425IN-CP,DXF,cad drawing,asset_001827,False,False,False,False,False,False,True,False,techcomm.kohler.com
72425IN-CP,3D Model,OBJ,https://techcomm.kohler.com/techcomm/cad/72425IN.obj,https://www.kohler.co.in/p/awaken-organic-multi-mode-showerhead-with-shower-arm-72425in?skuId=72425IN-CP,OBJ,3d model,asset_001828,True,True,False,False,False,False,False,False,techcomm.kohler.com
72425IN-CP,3D Model,SKP,https://techcomm.kohler.com/techcomm/cad/72425IN.skp,https://www.kohler.co.in/p/awaken-organic-multi-mode-showerhead-with-shower-arm-72425in?skuId=72425IN-CP,SKP,3d model,asset_001829,True,False,True,False,False,False,False,False,techcomm.kohler.com
72425IN-CP,CAD Drawing,DWG,https://techcomm.kohler.com/techcomm/cad/72425infrt.dwg,https://www.kohler.co.in/p/awaken-organic-multi-mode-showerhead-with-shower-arm-72425in?skuId=72425IN-CP,DWG,cad drawing,asset_001830,False,False,False,False,False,True,False,False,techcomm.kohler.com
72425IN-CP,CAD Drawing,DXF,https://techcomm.kohler.com/techcomm/cad/72425infrt.dxf,https://www.kohler.co.in/p/awaken-organic-multi-mode-showerhead-with-shower-arm-72425in?skuId=72425IN-CP,DXF,cad drawing,asset_001831,False,False,False,False,False,False,True,False,techcomm.kohler.com
72425IN-CP,CAD Drawing,DWG,https://techcomm.kohler.com/techcomm/cad/72425inpln.dwg,https://www.kohler.co.in/p/awaken-organic-multi-mode-showerhead-with-shower-arm-72425in?skuId=72425IN-CP,DWG,cad drawing,asset_001832,False,False,False,False,False,True,False,False,techcomm.kohler.com
72425IN-CP,CAD Drawing,DXF,https://techcomm.kohler.com/techcomm/cad/72425inpln.dxf,https://www.kohler.co.in/p/awaken-organic-multi-mode-showerhead-with-shower-arm-72425in?skuId=72425IN-CP,DXF,cad drawing,asset_001833,False,False,False,False,False,False,True,False,techcomm.kohler.com
72425IN-CP,CAD Drawing,DWG,https://techcomm.kohler.com/techcomm/cad/72425insde.dwg,https://www.kohler.co.in/p/awaken-organic-multi-mode-showerhead-with-shower-arm-72425in?skuId=72425IN-CP,DWG,cad drawing,asset_001834,False,False,False,False,False,True,False,False,techcomm.kohler.com
72425IN-CP,CAD Drawing,DXF,https://techcomm.kohler.com/techcomm/cad/72425insde.dxf,https://www.kohler.co.in/p/awaken-organic-multi-mode-showerhead-with-shower-arm-72425in?skuId=72425IN-CP,DXF,cad drawing,asset_001835,False,False,False,False,False,False,True,False,techcomm.kohler.com
72758T-CP,3D Model,3DS,https://techcomm.kohler.com/techcomm/cad/72758T.3ds,https://www.kohler.co.in/p/artifacts-widespread-lav-faucets-tea-72758t?skuId=72758T-CP,3DS,3d model,asset_001836,True,False,False,True,False,False,False,False,techcomm.kohler.com
72758T-CP,CAD Drawing,DWG,https://techcomm.kohler.com/techcomm/cad/72758T.dwg,https://www.kohler.co.in/p/artifacts-widespread-lav-faucets-tea-72758t?skuId=72758T-CP,DWG,cad drawing,asset_001837,False,False,False,False,False,True,False,False,techcomm.kohler.com
72758T-CP,CAD Drawing,DXF,https://techcomm.kohler.com/techcomm/cad/72758T.dxf,https://www.kohler.co.in/p/artifacts-widespread-lav-faucets-tea-72758t?skuId=72758T-CP,DXF,cad drawing,asset_001838,False,False,False,False,False,False,True,False,techcomm.kohler.com
72758T-CP,3D Model,OBJ,https://techcomm.kohler.com/techcomm/cad/72758T.obj,https://www.kohler.co.in/p/artifacts-widespread-lav-faucets-tea-72758t?skuId=72758T-CP,OBJ,3d model,asset_001839,True,True,False,False,False,False,False,False,techcomm.kohler.com
72758T-CP,3D Model,SKP,https://techcomm.kohler.com/techcomm/cad/72758T.skp,https://www.kohler.co.in/p/artifacts-widespread-lav-faucets-tea-72758t?skuId=72758T-CP,SKP,3d model,asset_001840,True,False,True,False,False,False,False,False,techcomm.kohler.com
72758T-CP,CAD Drawing,DWG,https://techcomm.kohler.com/techcomm/cad/72758tfrt.dwg,https://www.kohler.co.in/p/artifacts-widespread-lav-faucets-tea-72758t?skuId=72758T-CP,DWG,cad drawing,asset_001841,False,False,False,False,False,True,False,False,techcomm.kohler.com
72758T-CP,CAD Drawing,DXF,https://techcomm.kohler.com/techcomm/cad/72758tfrt.dxf,https://www.kohler.co.in/p/artifacts-widespread-lav-faucets-tea-72758t?skuId=72758T-CP,DXF,cad drawing,asset_001842,False,False,False,False,False,False,True,False,techcomm.kohler.com
72758T-CP,CAD Drawing,DWG,https://techcomm.kohler.com/techcomm/cad/72758tpln.dwg,https://www.kohler.co.in/p/artifacts-widespread-lav-faucets-tea-72758t?skuId=72758T-CP,DWG,cad drawing,asset_001843,False,False,False,False,False,True,False,False,techcomm.kohler.com
72758T-CP,CAD Drawing,DXF,https://techcomm.kohler.com/techcomm/cad/72758tpln.dxf,https://www.kohler.co.in/p/artifacts-widespread-lav-faucets-tea-72758t?skuId=72758T-CP,DXF,cad drawing,asset_001844,False,False,False,False,False,False,True,False,techcomm.kohler.com
72758T-CP,CAD Drawing,DWG,https://techcomm.kohler.com/techcomm/cad/72758tsde.dwg,https://www.kohler.co.in/p/artifacts-widespread-lav-faucets-tea-72758t?skuId=72758T-CP,DWG,cad drawing,asset_001845,False,False,False,False,False,True,False,False,techcomm.kohler.com
72758T-CP,CAD Drawing,DXF,https://techcomm.kohler.com/techcomm/cad/72758tsde.dxf,https://www.kohler.co.in/p/artifacts-widespread-lav-faucets-tea-72758t?skuId=72758T-CP,DXF,cad drawing,asset_001846,False,False,False,False,False,False,True,False,techcomm.kohler.com
72759T-CP,3D Model,3DS,https://techcomm.kohler.com/techcomm/cad/72759T.3ds,https://www.kohler.co.in/p/artifacts-widespread-lav-faucets-bell-72759t?skuId=72759T-CP,3DS,3d model,asset_001847,True,False,False,True,False,False,False,False,techcomm.kohler.com
72759T-CP,CAD Drawing,DWG,https://techcomm.kohler.com/techcomm/cad/72759T.dwg,https://www.kohler.co.in/p/artifacts-widespread-lav-faucets-bell-72759t?skuId=72759T-CP,DWG,cad drawing,asset_001848,False,False,False,False,False,True,False,False,techcomm.kohler.com
72759T-CP,CAD Drawing,DXF,https://techcomm.kohler.com/techcomm/cad/72759T.dxf,https://www.kohler.co.in/p/artifacts-widespread-lav-faucets-bell-72759t?skuId=72759T-CP,DXF,cad drawing,asset_001849,False,False,False,False,False,False,True,False,techcomm.kohler.com
72759T-CP,3D Model,OBJ,https://techcomm.kohler.com/techcomm/cad/72759T.obj,https://www.kohler.co.in/p/artifacts-widespread-lav-faucets-bell-72759t?skuId=72759T-CP,OBJ,3d model,asset_001850,True,True,False,False,False,False,False,False,techcomm.kohler.com
72759T-CP,3D Model,SKP,https://techcomm.kohler.com/techcomm/cad/72759T.skp,https://www.kohler.co.in/p/artifacts-widespread-lav-faucets-bell-72759t?skuId=72759T-CP,SKP,3d model,asset_001851,True,False,True,False,False,False,False,False,techcomm.kohler.com
72759T-CP,CAD Drawing,DWG,https://techcomm.kohler.com/techcomm/cad/72759tfrt.dwg,https://www.kohler.co.in/p/artifacts-widespread-lav-faucets-bell-72759t?skuId=72759T-CP,DWG,cad drawing,asset_001852,False,False,False,False,False,True,False,False,techcomm.kohler.com
72759T-CP,CAD Drawing,DXF,https://techcomm.kohler.com/techcomm/cad/72759tfrt.dxf,https://www.kohler.co.in/p/artifacts-widespread-lav-faucets-bell-72759t?skuId=72759T-CP,DXF,cad drawing,asset_001853,False,False,False,False,False,False,True,False,techcomm.kohler.com
72759T-CP,CAD Drawing,DWG,https://techcomm.kohler.com/techcomm/cad/72759tpln.dwg,https://www.kohler.co.in/p/artifacts-widespread-lav-faucets-bell-72759t?skuId=72759T-CP,DWG,cad drawing,asset_001854,False,False,False,False,False,True,False,False,techcomm.kohler.com
72759T-CP,CAD Drawing,DXF,https://techcomm.kohler.com/techcomm/cad/72759tpln.dxf,https://www.kohler.co.in/p/artifacts-widespread-lav-faucets-bell-72759t?skuId=72759T-CP,DXF,cad drawing,asset_001855,False,False,False,False,False,False,True,False,techcomm.kohler.com
72759T-CP,CAD Drawing,DWG,https://techcomm.kohler.com/techcomm/cad/72759tsde.dwg,https://www.kohler.co.in/p/artifacts-widespread-lav-faucets-bell-72759t?skuId=72759T-CP,DWG,cad drawing,asset_001856,False,False,False,False,False,True,False,False,techcomm.kohler.com
72759T-CP,CAD Drawing,DXF,https://techcomm.kohler.com/techcomm/cad/72759tsde.dxf,https://www.kohler.co.in/p/artifacts-widespread-lav-faucets-bell-72759t?skuId=72759T-CP,DXF,cad drawing,asset_001857,False,False,False,False,False,False,True,False,techcomm.kohler.com
72760T-CP,3D Model,3DS,https://techcomm.kohler.com/techcomm/cad/72760T.3ds,https://www.kohler.co.in/p/artifacts-widespread-bathroom-sink-faucets-72760t?skuId=72760T-CP,3DS,3d model,asset_001858,True,False,False,True,False,False,False,False,techcomm.kohler.com
72760T-CP,CAD Drawing,DWG,https://techcomm.kohler.com/techcomm/cad/72760T.dwg,https://www.kohler.co.in/p/artifacts-widespread-bathroom-sink-faucets-72760t?skuId=72760T-CP,DWG,cad drawing,asset_001859,False,False,False,False,False,True,False,False,techcomm.kohler.com
72760T-CP,CAD Drawing,DXF,https://techcomm.kohler.com/techcomm/cad/72760T.dxf,https://www.kohler.co.in/p/artifacts-widespread-bathroom-sink-faucets-72760t?skuId=72760T-CP,DXF,cad drawing,asset_001860,False,False,False,False,False,False,True,False,techcomm.kohler.com
72760T-CP,3D Model,OBJ,https://techcomm.kohler.com/techcomm/cad/72760T.obj,https://www.kohler.co.in/p/artifacts-widespread-bathroom-sink-faucets-72760t?skuId=72760T-CP,OBJ,3d model,asset_001861,True,True,False,False,False,False,False,False,techcomm.kohler.com
72760T-CP,3D Model,SKP,https://techcomm.kohler.com/techcomm/cad/72760T.skp,https://www.kohler.co.in/p/artifacts-widespread-bathroom-sink-faucets-72760t?skuId=72760T-CP,SKP,3d model,asset_001862,True,False,True,False,False,False,False,False,techcomm.kohler.com
72760T-CP,CAD Drawing,DWG,https://techcomm.kohler.com/techcomm/cad/72760tfrt.dwg,https://www.kohler.co.in/p/artifacts-widespread-bathroom-sink-faucets-72760t?skuId=72760T-CP,DWG,cad drawing,asset_001863,False,False,False,False,False,True,False,False,techcomm.kohler.com
72760T-CP,CAD Drawing,DXF,https://techcomm.kohler.com/techcomm/cad/72760tfrt.dxf,https://www.kohler.co.in/p/artifacts-widespread-bathroom-sink-faucets-72760t?skuId=72760T-CP,DXF,cad drawing,asset_001864,False,False,False,False,False,False,True,False,techcomm.kohler.com
72760T-CP,CAD Drawing,DWG,https://techcomm.kohler.com/techcomm/cad/72760tpln.dwg,https://www.kohler.co.in/p/artifacts-widespread-bathroom-sink-faucets-72760t?skuId=72760T-CP,DWG,cad drawing,asset_001865,False,False,False,False,False,True,False,False,techcomm.kohler.com
72760T-CP,CAD Drawing,DXF,https://techcomm.kohler.com/techcomm/cad/72760tpln.dxf,https://www.kohler.co.in/p/artifacts-widespread-bathroom-sink-faucets-72760t?skuId=72760T-CP,DXF,cad drawing,asset_001866,False,False,False,False,False,False,True,False,techcomm.kohler.com
72760T-CP,CAD Drawing,DWG,https://techcomm.kohler.com/techcomm/cad/72760tsde.dwg,https://www.kohler.co.in/p/artifacts-widespread-bathroom-sink-faucets-72760t?skuId=72760T-CP,DWG,cad drawing,asset_001867,False,False,False,False,False,True,False,False,techcomm.kohler.com
72760T-CP,CAD Drawing,DXF,https://techcomm.kohler.com/techcomm/cad/72760tsde.dxf,https://www.kohler.co.in/p/artifacts-widespread-bathroom-sink-faucets-72760t?skuId=72760T-CP,DXF,cad drawing,asset_001868,False,False,False,False,False,False,True,False,techcomm.kohler.com
72762T-9M-CP,3D Model,3DS,https://techcomm.kohler.com/techcomm/cad/72762T-9M.3ds,https://www.kohler.co.in/p/artifacts-single-handle-bathroom-sink-faucet-72762t-9m?skuId=72762T-9M-CP,3DS,3d model,asset_001869,True,False,False,True,False,False,False,False,techcomm.kohler.com
72762T-9M-CP,CAD Drawing,DWG,https://techcomm.kohler.com/techcomm/cad/72762T-9M.dwg,https://www.kohler.co.in/p/artifacts-single-handle-bathroom-sink-faucet-72762t-9m?skuId=72762T-9M-CP,DWG,cad drawing,asset_001870,False,False,False,False,False,True,False,False,techcomm.kohler.com
72762T-9M-CP,CAD Drawing,DXF,https://techcomm.kohler.com/techcomm/cad/72762T-9M.dxf,https://www.kohler.co.in/p/artifacts-single-handle-bathroom-sink-faucet-72762t-9m?skuId=72762T-9M-CP,DXF,cad drawing,asset_001871,False,False,False,False,False,False,True,False,techcomm.kohler.com
72762T-9M-CP,3D Model,OBJ,https://techcomm.kohler.com/techcomm/cad/72762T-9M.obj,https://www.kohler.co.in/p/artifacts-single-handle-bathroom-sink-faucet-72762t-9m?skuId=72762T-9M-CP,OBJ,3d model,asset_001872,True,True,False,False,False,False,False,False,techcomm.kohler.com
72762T-9M-CP,3D Model,SKP,https://techcomm.kohler.com/techcomm/cad/72762T-9M.skp,https://www.kohler.co.in/p/artifacts-single-handle-bathroom-sink-faucet-72762t-9m?skuId=72762T-9M-CP,SKP,3d model,asset_001873,True,False,True,False,False,False,False,False,techcomm.kohler.com
72762T-9M-CP,CAD Drawing,DWG,https://techcomm.kohler.com/techcomm/cad/72762t_9mfrt.dwg,https://www.kohler.co.in/p/artifacts-single-handle-bathroom-sink-faucet-72762t-9m?skuId=72762T-9M-CP,DWG,cad drawing,asset_001874,False,False,False,False,False,True,False,False,techcomm.kohler.com
72762T-9M-CP,CAD Drawing,DXF,https://techcomm.kohler.com/techcomm/cad/72762t_9mfrt.dxf,https://www.kohler.co.in/p/artifacts-single-handle-bathroom-sink-faucet-72762t-9m?skuId=72762T-9M-CP,DXF,cad drawing,asset_001875,False,False,False,False,False,False,True,False,techcomm.kohler.com
72762T-9M-CP,CAD Drawing,DWG,https://techcomm.kohler.com/techcomm/cad/72762t_9mpln.dwg,https://www.kohler.co.in/p/artifacts-single-handle-bathroom-sink-faucet-72762t-9m?skuId=72762T-9M-CP,DWG,cad drawing,asset_001876,False,False,False,False,False,True,False,False,techcomm.kohler.com
72762T-9M-CP,CAD Drawing,DXF,https://techcomm.kohler.com/techcomm/cad/72762t_9mpln.dxf,https://www.kohler.co.in/p/artifacts-single-handle-bathroom-sink-faucet-72762t-9m?skuId=72762T-9M-CP,DXF,cad drawing,asset_001877,False,False,False,False,False,False,True,False,techcomm.kohler.com
72762T-9M-CP,CAD Drawing,DWG,https://techcomm.kohler.com/techcomm/cad/72762t_9msde.dwg,https://www.kohler.co.in/p/artifacts-single-handle-bathroom-sink-faucet-72762t-9m?skuId=72762T-9M-CP,DWG,cad drawing,asset_001878,False,False,False,False,False,True,False,False,techcomm.kohler.com
72762T-9M-CP,CAD Drawing,DXF,https://techcomm.kohler.com/techcomm/cad/72762t_9msde.dxf,https://www.kohler.co.in/p/artifacts-single-handle-bathroom-sink-faucet-72762t-9m?skuId=72762T-9M-CP,DXF,cad drawing,asset_001879,False,False,False,False,False,False,True,False,techcomm.kohler.com
72791-CP,3D Model,3DS,https://techcomm.kohler.com/techcomm/cad/72791.3ds,https://www.kohler.co.in/p/artifacts-wall-mount-bath-spout-with-flare-design-72791?skuId=72791-CP,3DS,3d model,asset_001880,True,False,False,True,False,False,False,False,techcomm.kohler.com
72791-CP,CAD Drawing,DWG,https://techcomm.kohler.com/techcomm/cad/72791.dwg,https://www.kohler.co.in/p/artifacts-wall-mount-bath-spout-with-flare-design-72791?skuId=72791-CP,DWG,cad drawing,asset_001881,False,False,False,False,False,True,False,False,techcomm.kohler.com
72791-CP,CAD Drawing,DXF,https://techcomm.kohler.com/techcomm/cad/72791.dxf,https://www.kohler.co.in/p/artifacts-wall-mount-bath-spout-with-flare-design-72791?skuId=72791-CP,DXF,cad drawing,asset_001882,False,False,False,False,False,False,True,False,techcomm.kohler.com
72791-CP,3D Model,OBJ,https://techcomm.kohler.com/techcomm/cad/72791.obj,https://www.kohler.co.in/p/artifacts-wall-mount-bath-spout-with-flare-design-72791?skuId=72791-CP,OBJ,3d model,asset_001883,True,True,False,False,False,False,False,False,techcomm.kohler.com
72791-CP,3D Model,SKP,https://techcomm.kohler.com/techcomm/cad/72791.skp,https://www.kohler.co.in/p/artifacts-wall-mount-bath-spout-with-flare-design-72791?skuId=72791-CP,SKP,3d model,asset_001884,True,False,True,False,False,False,False,False,techcomm.kohler.com
72791-CP,CAD Drawing,DWG,https://techcomm.kohler.com/techcomm/cad/72791frt.dwg,https://www.kohler.co.in/p/artifacts-wall-mount-bath-spout-with-flare-design-72791?skuId=72791-CP,DWG,cad drawing,asset_001885,False,False,False,False,False,True,False,False,techcomm.kohler.com
72791-CP,CAD Drawing,DXF,https://techcomm.kohler.com/techcomm/cad/72791frt.dxf,https://www.kohler.co.in/p/artifacts-wall-mount-bath-spout-with-flare-design-72791?skuId=72791-CP,DXF,cad drawing,asset_001886,False,False,False,False,False,False,True,False,techcomm.kohler.com
72791-CP,CAD Drawing,DWG,https://techcomm.kohler.com/techcomm/cad/72791pln.dwg,https://www.kohler.co.in/p/artifacts-wall-mount-bath-spout-with-flare-design-72791?skuId=72791-CP,DWG,cad drawing,asset_001887,False,False,False,False,False,True,False,False,techcomm.kohler.com
72791-CP,CAD Drawing,DXF,https://techcomm.kohler.com/techcomm/cad/72791pln.dxf,https://www.kohler.co.in/p/artifacts-wall-mount-bath-spout-with-flare-design-72791?skuId=72791-CP,DXF,cad drawing,asset_001888,False,False,False,False,False,False,True,False,techcomm.kohler.com
72791-CP,CAD Drawing,DWG,https://techcomm.kohler.com/techcomm/cad/72791sde.dwg,https://www.kohler.co.in/p/artifacts-wall-mount-bath-spout-with-flare-design-72791?skuId=72791-CP,DWG,cad drawing,asset_001889,False,False,False,False,False,True,False,False,techcomm.kohler.com
72791-CP,CAD Drawing,DXF,https://techcomm.kohler.com/techcomm/cad/72791sde.dxf,https://www.kohler.co.in/p/artifacts-wall-mount-bath-spout-with-flare-design-72791?skuId=72791-CP,DXF,cad drawing,asset_001890,False,False,False,False,False,False,True,False,techcomm.kohler.com
72830IN-L-CP,3D Model,3DS,https://techcomm.kohler.com/techcomm/cad/72830IN-L.3ds,https://www.kohler.co.in/p/beitou-rainpanel-500x500-multifunction-rainpanel-in-polished-chrome-72830in-l?skuId=72830IN-L-CP,3DS,3d model,asset_001891,True,False,False,True,False,False,False,False,techcomm.kohler.com
72830IN-L-CP,CAD Drawing,DWG,https://techcomm.kohler.com/techcomm/cad/72830IN-L.dwg,https://www.kohler.co.in/p/beitou-rainpanel-500x500-multifunction-rainpanel-in-polished-chrome-72830in-l?skuId=72830IN-L-CP,DWG,cad drawing,asset_001892,False,False,False,False,False,True,False,False,techcomm.kohler.com
72830IN-L-CP,CAD Drawing,DXF,https://techcomm.kohler.com/techcomm/cad/72830IN-L.dxf,https://www.kohler.co.in/p/beitou-rainpanel-500x500-multifunction-rainpanel-in-polished-chrome-72830in-l?skuId=72830IN-L-CP,DXF,cad drawing,asset_001893,False,False,False,False,False,False,True,False,techcomm.kohler.com
72830IN-L-CP,3D Model,OBJ,https://techcomm.kohler.com/techcomm/cad/72830IN-L.obj,https://www.kohler.co.in/p/beitou-rainpanel-500x500-multifunction-rainpanel-in-polished-chrome-72830in-l?skuId=72830IN-L-CP,OBJ,3d model,asset_001894,True,True,False,False,False,False,False,False,techcomm.kohler.com
72830IN-L-CP,3D Model,SKP,https://techcomm.kohler.com/techcomm/cad/72830IN-L.skp,https://www.kohler.co.in/p/beitou-rainpanel-500x500-multifunction-rainpanel-in-polished-chrome-72830in-l?skuId=72830IN-L-CP,SKP,3d model,asset_001895,True,False,True,False,False,False,False,False,techcomm.kohler.com
72830IN-L-CP,CAD Drawing,DWG,https://techcomm.kohler.com/techcomm/cad/72830in_lfrt.dwg,https://www.kohler.co.in/p/beitou-rainpanel-500x500-multifunction-rainpanel-in-polished-chrome-72830in-l?skuId=72830IN-L-CP,DWG,cad drawing,asset_001896,False,False,False,False,False,True,False,False,techcomm.kohler.com
72830IN-L-CP,CAD Drawing,DXF,https://techcomm.kohler.com/techcomm/cad/72830in_lfrt.dxf,https://www.kohler.co.in/p/beitou-rainpanel-500x500-multifunction-rainpanel-in-polished-chrome-72830in-l?skuId=72830IN-L-CP,DXF,cad drawing,asset_001897,False,False,False,False,False,False,True,False,techcomm.kohler.com
72830IN-L-CP,CAD Drawing,DWG,https://techcomm.kohler.com/techcomm/cad/72830in_lpln.dwg,https://www.kohler.co.in/p/beitou-rainpanel-500x500-multifunction-rainpanel-in-polished-chrome-72830in-l?skuId=72830IN-L-CP,DWG,cad drawing,asset_001898,False,False,False,False,False,True,False,False,techcomm.kohler.com
72830IN-L-CP,CAD Drawing,DXF,https://techcomm.kohler.com/techcomm/cad/72830in_lpln.dxf,https://www.kohler.co.in/p/beitou-rainpanel-500x500-multifunction-rainpanel-in-polished-chrome-72830in-l?skuId=72830IN-L-CP,DXF,cad drawing,asset_001899,False,False,False,False,False,False,True,False,techcomm.kohler.com
72830IN-L-CP,CAD Drawing,DWG,https://techcomm.kohler.com/techcomm/cad/72830in_lsde.dwg,https://www.kohler.co.in/p/beitou-rainpanel-500x500-multifunction-rainpanel-in-polished-chrome-72830in-l?skuId=72830IN-L-CP,DWG,cad drawing,asset_001900,False,False,False,False,False,True,False,False,techcomm.kohler.com
72830IN-L-CP,CAD Drawing,DXF,https://techcomm.kohler.com/techcomm/cad/72830in_lsde.dxf,https://www.kohler.co.in/p/beitou-rainpanel-500x500-multifunction-rainpanel-in-polished-chrome-72830in-l?skuId=72830IN-L-CP,DXF,cad drawing,asset_001901,False,False,False,False,False,False,True,False,techcomm.kohler.com
72907K-1-0,3D Model,3DS,https://techcomm.kohler.com/techcomm/cad/72907K-1.3ds,https://www.kohler.co.in/p/ladena-semi-recessed-bathroom-sink-72907k-1?skuId=72907K-1-0,3DS,3d model,asset_001902,True,False,False,True,False,False,False,False,techcomm.kohler.com
72907K-1-0,CAD Drawing,DWG,https://techcomm.kohler.com/techcomm/cad/72907K-1.dwg,https://www.kohler.co.in/p/ladena-semi-recessed-bathroom-sink-72907k-1?skuId=72907K-1-0,DWG,cad drawing,asset_001903,False,False,False,False,False,True,False,False,techcomm.kohler.com
72907K-1-0,CAD Drawing,DXF,https://techcomm.kohler.com/techcomm/cad/72907K-1.dxf,https://www.kohler.co.in/p/ladena-semi-recessed-bathroom-sink-72907k-1?skuId=72907K-1-0,DXF,cad drawing,asset_001904,False,False,False,False,False,False,True,False,techcomm.kohler.com
72907K-1-0,3D Model,OBJ,https://techcomm.kohler.com/techcomm/cad/72907K-1.obj,https://www.kohler.co.in/p/ladena-semi-recessed-bathroom-sink-72907k-1?skuId=72907K-1-0,OBJ,3d model,asset_001905,True,True,False,False,False,False,False,False,techcomm.kohler.com
72907K-1-0,3D Model,SKP,https://techcomm.kohler.com/techcomm/cad/72907K-1.skp,https://www.kohler.co.in/p/ladena-semi-recessed-bathroom-sink-72907k-1?skuId=72907K-1-0,SKP,3d model,asset_001906,True,False,True,False,False,False,False,False,techcomm.kohler.com
72907K-1-0,CAD Drawing,DWG,https://techcomm.kohler.com/techcomm/cad/72907k_1frt.dwg,https://www.kohler.co.in/p/ladena-semi-recessed-bathroom-sink-72907k-1?skuId=72907K-1-0,DWG,cad drawing,asset_001907,False,False,False,False,False,True,False,False,techcomm.kohler.com
72907K-1-0,CAD Drawing,DXF,https://techcomm.kohler.com/techcomm/cad/72907k_1frt.dxf,https://www.kohler.co.in/p/ladena-semi-recessed-bathroom-sink-72907k-1?skuId=72907K-1-0,DXF,cad drawing,asset_001908,False,False,False,False,False,False,True,False,techcomm.kohler.com
72907K-1-0,CAD Drawing,DWG,https://techcomm.kohler.com/techcomm/cad/72907k_1pln.dwg,https://www.kohler.co.in/p/ladena-semi-recessed-bathroom-sink-72907k-1?skuId=72907K-1-0,DWG,cad drawing,asset_001909,False,False,False,False,False,True,False,False,techcomm.kohler.com
72907K-1-0,CAD Drawing,DXF,https://techcomm.kohler.com/techcomm/cad/72907k_1pln.dxf,https://www.kohler.co.in/p/ladena-semi-recessed-bathroom-sink-72907k-1?skuId=72907K-1-0,DXF,cad drawing,asset_001910,False,False,False,False,False,False,True,False,techcomm.kohler.com
72907K-1-0,CAD Drawing,DWG,https://techcomm.kohler.com/techcomm/cad/72907k_1sde.dwg,https://www.kohler.co.in/p/ladena-semi-recessed-bathroom-sink-72907k-1?skuId=72907K-1-0,DWG,cad drawing,asset_001911,False,False,False,False,False,True,False,False,techcomm.kohler.com
72907K-1-0,CAD Drawing,DXF,https://techcomm.kohler.com/techcomm/cad/72907k_1sde.dxf,https://www.kohler.co.in/p/ladena-semi-recessed-bathroom-sink-72907k-1?skuId=72907K-1-0,DXF,cad drawing,asset_001912,False,False,False,False,False,False,True,False,techcomm.kohler.com
73037IN-CL-CP,3D Model,3DS,https://techcomm.kohler.com/techcomm/cad/73037IN-CL.3ds,https://www.kohler.co.in/p/round-duet-edge-square-203-mm-single-function-rainhead-73037in-cl?skuId=73037IN-CL-CP,3DS,3d model,asset_001913,True,False,False,True,False,False,False,False,techcomm.kohler.com
73037IN-CL-CP,CAD Drawing,DWG,https://techcomm.kohler.com/techcomm/cad/73037IN-CL.dwg,https://www.kohler.co.in/p/round-duet-edge-square-203-mm-single-function-rainhead-73037in-cl?skuId=73037IN-CL-CP,DWG,cad drawing,asset_001914,False,False,False,False,False,True,False,False,techcomm.kohler.com
73037IN-CL-CP,CAD Drawing,DXF,https://techcomm.kohler.com/techcomm/cad/73037IN-CL.dxf,https://www.kohler.co.in/p/round-duet-edge-square-203-mm-single-function-rainhead-73037in-cl?skuId=73037IN-CL-CP,DXF,cad drawing,asset_001915,False,False,False,False,False,False,True,False,techcomm.kohler.com
73037IN-CL-CP,3D Model,OBJ,https://techcomm.kohler.com/techcomm/cad/73037IN-CL.obj,https://www.kohler.co.in/p/round-duet-edge-square-203-mm-single-function-rainhead-73037in-cl?skuId=73037IN-CL-CP,OBJ,3d model,asset_001916,True,True,False,False,False,False,False,False,techcomm.kohler.com
73037IN-CL-CP,3D Model,SKP,https://techcomm.kohler.com/techcomm/cad/73037IN-CL.skp,https://www.kohler.co.in/p/round-duet-edge-square-203-mm-single-function-rainhead-73037in-cl?skuId=73037IN-CL-CP,SKP,3d model,asset_001917,True,False,True,False,False,False,False,False,techcomm.kohler.com
73037IN-CL-CP,CAD Drawing,DWG,https://techcomm.kohler.com/techcomm/cad/73037in_clfrt.dwg,https://www.kohler.co.in/p/round-duet-edge-square-203-mm-single-function-rainhead-73037in-cl?skuId=73037IN-CL-CP,DWG,cad drawing,asset_001918,False,False,False,False,False,True,False,False,techcomm.kohler.com
73037IN-CL-CP,CAD Drawing,DXF,https://techcomm.kohler.com/techcomm/cad/73037in_clfrt.dxf,https://www.kohler.co.in/p/round-duet-edge-square-203-mm-single-function-rainhead-73037in-cl?skuId=73037IN-CL-CP,DXF,cad drawing,asset_001919,False,False,False,False,False,False,True,False,techcomm.kohler.com
73037IN-CL-CP,CAD Drawing,DWG,https://techcomm.kohler.com/techcomm/cad/73037in_clpln.dwg,https://www.kohler.co.in/p/round-duet-edge-square-203-mm-single-function-rainhead-73037in-cl?skuId=73037IN-CL-CP,DWG,cad drawing,asset_001920,False,False,False,False,False,True,False,False,techcomm.kohler.com
73037IN-CL-CP,CAD Drawing,DXF,https://techcomm.kohler.com/techcomm/cad/73037in_clpln.dxf,https://www.kohler.co.in/p/round-duet-edge-square-203-mm-single-function-rainhead-73037in-cl?skuId=73037IN-CL-CP,DXF,cad drawing,asset_001921,False,False,False,False,False,False,True,False,techcomm.kohler.com
73037IN-CL-CP,CAD Drawing,DWG,https://techcomm.kohler.com/techcomm/cad/73037in_clsde.dwg,https://www.kohler.co.in/p/round-duet-edge-square-203-mm-single-function-rainhead-73037in-cl?skuId=73037IN-CL-CP,DWG,cad drawing,asset_001922,False,False,False,False,False,True,False,False,techcomm.kohler.com
73037IN-CL-CP,CAD Drawing,DXF,https://techcomm.kohler.com/techcomm/cad/73037in_clsde.dxf,https://www.kohler.co.in/p/round-duet-edge-square-203-mm-single-function-rainhead-73037in-cl?skuId=73037IN-CL-CP,DXF,cad drawing,asset_001923,False,False,False,False,False,False,True,False,techcomm.kohler.com
73038IN-CL-CP,3D Model,3DS,https://techcomm.kohler.com/techcomm/cad/73038IN-CL.3ds,https://www.kohler.co.in/p/rain-duet-edge-square-203-mm-single-function-rainhead-73038in-cl?skuId=73038IN-CL-CP,3DS,3d model,asset_001924,True,False,False,True,False,False,False,False,techcomm.kohler.com
73038IN-CL-CP,CAD Drawing,DWG,https://techcomm.kohler.com/techcomm/cad/73038IN-CL.dwg,https://www.kohler.co.in/p/rain-duet-edge-square-203-mm-single-function-rainhead-73038in-cl?skuId=73038IN-CL-CP,DWG,cad drawing,asset_001925,False,False,False,False,False,True,False,False,techcomm.kohler.com
73038IN-CL-CP,CAD Drawing,DXF,https://techcomm.kohler.com/techcomm/cad/73038IN-CL.dxf,https://www.kohler.co.in/p/rain-duet-edge-square-203-mm-single-function-rainhead-73038in-cl?skuId=73038IN-CL-CP,DXF,cad drawing,asset_001926,False,False,False,False,False,False,True,False,techcomm.kohler.com
73038IN-CL-CP,3D Model,OBJ,https://techcomm.kohler.com/techcomm/cad/73038IN-CL.obj,https://www.kohler.co.in/p/rain-duet-edge-square-203-mm-single-function-rainhead-73038in-cl?skuId=73038IN-CL-CP,OBJ,3d model,asset_001927,True,True,False,False,False,False,False,False,techcomm.kohler.com
73038IN-CL-CP,3D Model,SKP,https://techcomm.kohler.com/techcomm/cad/73038IN-CL.skp,https://www.kohler.co.in/p/rain-duet-edge-square-203-mm-single-function-rainhead-73038in-cl?skuId=73038IN-CL-CP,SKP,3d model,asset_001928,True,False,True,False,False,False,False,False,techcomm.kohler.com
73038IN-CL-CP,CAD Drawing,DWG,https://techcomm.kohler.com/techcomm/cad/73038in_clfrt.dwg,https://www.kohler.co.in/p/rain-duet-edge-square-203-mm-single-function-rainhead-73038in-cl?skuId=73038IN-CL-CP,DWG,cad drawing,asset_001929,False,False,False,False,False,True,False,False,techcomm.kohler.com
73038IN-CL-CP,CAD Drawing,DXF,https://techcomm.kohler.com/techcomm/cad/73038in_clfrt.dxf,https://www.kohler.co.in/p/rain-duet-edge-square-203-mm-single-function-rainhead-73038in-cl?skuId=73038IN-CL-CP,DXF,cad drawing,asset_001930,False,False,False,False,False,False,True,False,techcomm.kohler.com
73038IN-CL-CP,CAD Drawing,DWG,https://techcomm.kohler.com/techcomm/cad/73038in_clpln.dwg,https://www.kohler.co.in/p/rain-duet-edge-square-203-mm-single-function-rainhead-73038in-cl?skuId=73038IN-CL-CP,DWG,cad drawing,asset_001931,False,False,False,False,False,True,False,False,techcomm.kohler.com
73038IN-CL-CP,CAD Drawing,DXF,https://techcomm.kohler.com/techcomm/cad/73038in_clpln.dxf,https://www.kohler.co.in/p/rain-duet-edge-square-203-mm-single-function-rainhead-73038in-cl?skuId=73038IN-CL-CP,DXF,cad drawing,asset_001932,False,False,False,False,False,False,True,False,techcomm.kohler.com
73038IN-CL-CP,CAD Drawing,DWG,https://techcomm.kohler.com/techcomm/cad/73038in_clsde.dwg,https://www.kohler.co.in/p/rain-duet-edge-square-203-mm-single-function-rainhead-73038in-cl?skuId=73038IN-CL-CP,DWG,cad drawing,asset_001933,False,False,False,False,False,True,False,False,techcomm.kohler.com
73038IN-CL-CP,CAD Drawing,DXF,https://techcomm.kohler.com/techcomm/cad/73038in_clsde.dxf,https://www.kohler.co.in/p/rain-duet-edge-square-203-mm-single-function-rainhead-73038in-cl?skuId=73038IN-CL-CP,DXF,cad drawing,asset_001934,False,False,False,False,False,False,True,False,techcomm.kohler.com
73039IN-CL-CP,3D Model,3DS,https://techcomm.kohler.com/techcomm/cad/73039IN-CL.3ds,https://www.kohler.co.in/p/rainduet-edge-round-254-mm-rainhead-9-4-lpm-73039in-cl?skuId=73039IN-CL-CP,3DS,3d model,asset_001935,True,False,False,True,False,False,False,False,techcomm.kohler.com
73039IN-CL-CP,CAD Drawing,DWG,https://techcomm.kohler.com/techcomm/cad/73039IN-CL.dwg,https://www.kohler.co.in/p/rainduet-edge-round-254-mm-rainhead-9-4-lpm-73039in-cl?skuId=73039IN-CL-CP,DWG,cad drawing,asset_001936,False,False,False,False,False,True,False,False,techcomm.kohler.com
73039IN-CL-CP,CAD Drawing,DXF,https://techcomm.kohler.com/techcomm/cad/73039IN-CL.dxf,https://www.kohler.co.in/p/rainduet-edge-round-254-mm-rainhead-9-4-lpm-73039in-cl?skuId=73039IN-CL-CP,DXF,cad drawing,asset_001937,False,False,False,False,False,False,True,False,techcomm.kohler.com
73039IN-CL-CP,3D Model,OBJ,https://techcomm.kohler.com/techcomm/cad/73039IN-CL.obj,https://www.kohler.co.in/p/rainduet-edge-round-254-mm-rainhead-9-4-lpm-73039in-cl?skuId=73039IN-CL-CP,OBJ,3d model,asset_001938,True,True,False,False,False,False,False,False,techcomm.kohler.com
73039IN-CL-CP,3D Model,SKP,https://techcomm.kohler.com/techcomm/cad/73039IN-CL.skp,https://www.kohler.co.in/p/rainduet-edge-round-254-mm-rainhead-9-4-lpm-73039in-cl?skuId=73039IN-CL-CP,SKP,3d model,asset_001939,True,False,True,False,False,False,False,False,techcomm.kohler.com
73039IN-CL-CP,CAD Drawing,DWG,https://techcomm.kohler.com/techcomm/cad/73039in_clfrt.dwg,https://www.kohler.co.in/p/rainduet-edge-round-254-mm-rainhead-9-4-lpm-73039in-cl?skuId=73039IN-CL-CP,DWG,cad drawing,asset_001940,False,False,False,False,False,True,False,False,techcomm.kohler.com
73039IN-CL-CP,CAD Drawing,DXF,https://techcomm.kohler.com/techcomm/cad/73039in_clfrt.dxf,https://www.kohler.co.in/p/rainduet-edge-round-254-mm-rainhead-9-4-lpm-73039in-cl?skuId=73039IN-CL-CP,DXF,cad drawing,asset_001941,False,False,False,False,False,False,True,False,techcomm.kohler.com
73039IN-CL-CP,CAD Drawing,DWG,https://techcomm.kohler.com/techcomm/cad/73039in_clpln.dwg,https://www.kohler.co.in/p/rainduet-edge-round-254-mm-rainhead-9-4-lpm-73039in-cl?skuId=73039IN-CL-CP,DWG,cad drawing,asset_001942,False,False,False,False,False,True,False,False,techcomm.kohler.com
73039IN-CL-CP,CAD Drawing,DXF,https://techcomm.kohler.com/techcomm/cad/73039in_clpln.dxf,https://www.kohler.co.in/p/rainduet-edge-round-254-mm-rainhead-9-4-lpm-73039in-cl?skuId=73039IN-CL-CP,DXF,cad drawing,asset_001943,False,False,False,False,False,False,True,False,techcomm.kohler.com
73039IN-CL-CP,CAD Drawing,DWG,https://techcomm.kohler.com/techcomm/cad/73039in_clsde.dwg,https://www.kohler.co.in/p/rainduet-edge-round-254-mm-rainhead-9-4-lpm-73039in-cl?skuId=73039IN-CL-CP,DWG,cad drawing,asset_001944,False,False,False,False,False,True,False,False,techcomm.kohler.com
73039IN-CL-CP,CAD Drawing,DXF,https://techcomm.kohler.com/techcomm/cad/73039in_clsde.dxf,https://www.kohler.co.in/p/rainduet-edge-round-254-mm-rainhead-9-4-lpm-73039in-cl?skuId=73039IN-CL-CP,DXF,cad drawing,asset_001945,False,False,False,False,False,False,True,False,techcomm.kohler.com
73040IN-CL-CP,3D Model,3DS,https://techcomm.kohler.com/techcomm/cad/73040IN-CL.3ds,https://www.kohler.co.in/p/rainduet-edge-square-254-mm-single-function-rainhead-9-5-lpm-73040in-cl?skuId=73040IN-CL-CP,3DS,3d model,asset_001946,True,False,False,True,False,False,False,False,techcomm.kohler.com
73040IN-CL-CP,CAD Drawing,DWG,https://techcomm.kohler.com/techcomm/cad/73040IN-CL.dwg,https://www.kohler.co.in/p/rainduet-edge-square-254-mm-single-function-rainhead-9-5-lpm-73040in-cl?skuId=73040IN-CL-CP,DWG,cad drawing,asset_001947,False,False,False,False,False,True,False,False,techcomm.kohler.com
73040IN-CL-CP,CAD Drawing,DXF,https://techcomm.kohler.com/techcomm/cad/73040IN-CL.dxf,https://www.kohler.co.in/p/rainduet-edge-square-254-mm-single-function-rainhead-9-5-lpm-73040in-cl?skuId=73040IN-CL-CP,DXF,cad drawing,asset_001948,False,False,False,False,False,False,True,False,techcomm.kohler.com
73040IN-CL-CP,3D Model,OBJ,https://techcomm.kohler.com/techcomm/cad/73040IN-CL.obj,https://www.kohler.co.in/p/rainduet-edge-square-254-mm-single-function-rainhead-9-5-lpm-73040in-cl?skuId=73040IN-CL-CP,OBJ,3d model,asset_001949,True,True,False,False,False,False,False,False,techcomm.kohler.com
73040IN-CL-CP,3D Model,SKP,https://techcomm.kohler.com/techcomm/cad/73040IN-CL.skp,https://www.kohler.co.in/p/rainduet-edge-square-254-mm-single-function-rainhead-9-5-lpm-73040in-cl?skuId=73040IN-CL-CP,SKP,3d model,asset_001950,True,False,True,False,False,False,False,False,techcomm.kohler.com
73040IN-CL-CP,CAD Drawing,DWG,https://techcomm.kohler.com/techcomm/cad/73040in_clfrt.dwg,https://www.kohler.co.in/p/rainduet-edge-square-254-mm-single-function-rainhead-9-5-lpm-73040in-cl?skuId=73040IN-CL-CP,DWG,cad drawing,asset_001951,False,False,False,False,False,True,False,False,techcomm.kohler.com
73040IN-CL-CP,CAD Drawing,DXF,https://techcomm.kohler.com/techcomm/cad/73040in_clfrt.dxf,https://www.kohler.co.in/p/rainduet-edge-square-254-mm-single-function-rainhead-9-5-lpm-73040in-cl?skuId=73040IN-CL-CP,DXF,cad drawing,asset_001952,False,False,False,False,False,False,True,False,techcomm.kohler.com
73040IN-CL-CP,CAD Drawing,DWG,https://techcomm.kohler.com/techcomm/cad/73040in_clpln.dwg,https://www.kohler.co.in/p/rainduet-edge-square-254-mm-single-function-rainhead-9-5-lpm-73040in-cl?skuId=73040IN-CL-CP,DWG,cad drawing,asset_001953,False,False,False,False,False,True,False,False,techcomm.kohler.com
73040IN-CL-CP,CAD Drawing,DXF,https://techcomm.kohler.com/techcomm/cad/73040in_clpln.dxf,https://www.kohler.co.in/p/rainduet-edge-square-254-mm-single-function-rainhead-9-5-lpm-73040in-cl?skuId=73040IN-CL-CP,DXF,cad drawing,asset_001954,False,False,False,False,False,False,True,False,techcomm.kohler.com
73040IN-CL-CP,CAD Drawing,DWG,https://techcomm.kohler.com/techcomm/cad/73040in_clsde.dwg,https://www.kohler.co.in/p/rainduet-edge-square-254-mm-single-function-rainhead-9-5-lpm-73040in-cl?skuId=73040IN-CL-CP,DWG,cad drawing,asset_001955,False,False,False,False,False,True,False,False,techcomm.kohler.com
73040IN-CL-CP,CAD Drawing,DXF,https://techcomm.kohler.com/techcomm/cad/73040in_clsde.dxf,https://www.kohler.co.in/p/rainduet-edge-square-254-mm-single-function-rainhead-9-5-lpm-73040in-cl?skuId=73040IN-CL-CP,DXF,cad drawing,asset_001956,False,False,False,False,False,False,True,False,techcomm.kohler.com
73060T-9GCH-TT,3D Model,3DS,https://techcomm.kohler.com/techcomm/cad/73060T-9GCH.3ds,https://www.kohler.co.in/p/composed-liu-guang-jing-yun-widespread-bathroom-sink-faucet-4-5-lpm-73060t-9gch?skuId=73060T-9GCH-TT,3DS,3d model,asset_001957,True,False,False,True,False,False,False,False,techcomm.kohler.com
73060T-9GCH-TT,CAD Drawing,DWG,https://techcomm.kohler.com/techcomm/cad/73060T-9GCH.dwg,https://www.kohler.co.in/p/composed-liu-guang-jing-yun-widespread-bathroom-sink-faucet-4-5-lpm-73060t-9gch?skuId=73060T-9GCH-TT,DWG,cad drawing,asset_001958,False,False,False,False,False,True,False,False,techcomm.kohler.com
73060T-9GCH-TT,CAD Drawing,DXF,https://techcomm.kohler.com/techcomm/cad/73060T-9GCH.dxf,https://www.kohler.co.in/p/composed-liu-guang-jing-yun-widespread-bathroom-sink-faucet-4-5-lpm-73060t-9gch?skuId=73060T-9GCH-TT,DXF,cad drawing,asset_001959,False,False,False,False,False,False,True,False,techcomm.kohler.com
73060T-9GCH-TT,3D Model,OBJ,https://techcomm.kohler.com/techcomm/cad/73060T-9GCH.obj,https://www.kohler.co.in/p/composed-liu-guang-jing-yun-widespread-bathroom-sink-faucet-4-5-lpm-73060t-9gch?skuId=73060T-9GCH-TT,OBJ,3d model,asset_001960,True,True,False,False,False,False,False,False,techcomm.kohler.com
73060T-9GCH-TT,3D Model,SKP,https://techcomm.kohler.com/techcomm/cad/73060T-9GCH.skp,https://www.kohler.co.in/p/composed-liu-guang-jing-yun-widespread-bathroom-sink-faucet-4-5-lpm-73060t-9gch?skuId=73060T-9GCH-TT,SKP,3d model,asset_001961,True,False,True,False,False,False,False,False,techcomm.kohler.com
73060T-9GCH-TT,CAD Drawing,DWG,https://techcomm.kohler.com/techcomm/cad/73060t_9gchfrt.dwg,https://www.kohler.co.in/p/composed-liu-guang-jing-yun-widespread-bathroom-sink-faucet-4-5-lpm-73060t-9gch?skuId=73060T-9GCH-TT,DWG,cad drawing,asset_001962,False,False,False,False,False,True,False,False,techcomm.kohler.com
73060T-9GCH-TT,CAD Drawing,DXF,https://techcomm.kohler.com/techcomm/cad/73060t_9gchfrt.dxf,https://www.kohler.co.in/p/composed-liu-guang-jing-yun-widespread-bathroom-sink-faucet-4-5-lpm-73060t-9gch?skuId=73060T-9GCH-TT,DXF,cad drawing,asset_001963,False,False,False,False,False,False,True,False,techcomm.kohler.com
73060T-9GCH-TT,CAD Drawing,DWG,https://techcomm.kohler.com/techcomm/cad/73060t_9gchpln.dwg,https://www.kohler.co.in/p/composed-liu-guang-jing-yun-widespread-bathroom-sink-faucet-4-5-lpm-73060t-9gch?skuId=73060T-9GCH-TT,DWG,cad drawing,asset_001964,False,False,False,False,False,True,False,False,techcomm.kohler.com
73060T-9GCH-TT,CAD Drawing,DXF,https://techcomm.kohler.com/techcomm/cad/73060t_9gchpln.dxf,https://www.kohler.co.in/p/composed-liu-guang-jing-yun-widespread-bathroom-sink-faucet-4-5-lpm-73060t-9gch?skuId=73060T-9GCH-TT,DXF,cad drawing,asset_001965,False,False,False,False,False,False,True,False,techcomm.kohler.com
73060T-9GCH-TT,CAD Drawing,DWG,https://techcomm.kohler.com/techcomm/cad/73060t_9gchsde.dwg,https://www.kohler.co.in/p/composed-liu-guang-jing-yun-widespread-bathroom-sink-faucet-4-5-lpm-73060t-9gch?skuId=73060T-9GCH-TT,DWG,cad drawing,asset_001966,False,False,False,False,False,True,False,False,techcomm.kohler.com
73060T-9GCH-TT,CAD Drawing,DXF,https://techcomm.kohler.com/techcomm/cad/73060t_9gchsde.dxf,https://www.kohler.co.in/p/composed-liu-guang-jing-yun-widespread-bathroom-sink-faucet-4-5-lpm-73060t-9gch?skuId=73060T-9GCH-TT,DXF,cad drawing,asset_001967,False,False,False,False,False,False,True,False,techcomm.kohler.com
73061IN-4ND-CP,3D Model,3DS,https://techcomm.kohler.com/techcomm/cad/73061IN-4ND.3ds,https://www.kohler.co.in/p/composed-wall-mount-bathroom-sink-faucet-8-3-lpm-73061in-4nd?skuId=73061IN-4ND-CP,3DS,3d model,asset_001968,True,False,False,True,False,False,False,False,techcomm.kohler.com
73061IN-4ND-CP,3D Model,OBJ,https://techcomm.kohler.com/techcomm/cad/73061IN-4ND.obj,https://www.kohler.co.in/p/composed-wall-mount-bathroom-sink-faucet-8-3-lpm-73061in-4nd?skuId=73061IN-4ND-CP,OBJ,3d model,asset_001969,True,True,False,False,False,False,False,False,techcomm.kohler.com
73061IN-4ND-CP,3D Model,SKP,https://techcomm.kohler.com/techcomm/cad/73061IN-4ND.skp,https://www.kohler.co.in/p/composed-wall-mount-bathroom-sink-faucet-8-3-lpm-73061in-4nd?skuId=73061IN-4ND-CP,SKP,3d model,asset_001970,True,False,True,False,False,False,False,False,techcomm.kohler.com
73061T-7-BV,3D Model,3DS,https://techcomm.kohler.com/techcomm/cad/73061T-7.3ds,https://www.kohler.co.in/p/composed-wall-mount-lavatory-faucet-73061t-7?skuId=73061T-7-BV,3DS,3d model,asset_001971,True,False,False,True,False,False,False,False,techcomm.kohler.com
73061T-7-BV,CAD Drawing,DWG,https://techcomm.kohler.com/techcomm/cad/73061T-7.dwg,https://www.kohler.co.in/p/composed-wall-mount-lavatory-faucet-73061t-7?skuId=73061T-7-BV,DWG,cad drawing,asset_001972,False,False,False,False,False,True,False,False,techcomm.kohler.com
73061T-7-BV,CAD Drawing,DXF,https://techcomm.kohler.com/techcomm/cad/73061T-7.dxf,https://www.kohler.co.in/p/composed-wall-mount-lavatory-faucet-73061t-7?skuId=73061T-7-BV,DXF,cad drawing,asset_001973,False,False,False,False,False,False,True,False,techcomm.kohler.com
73061T-7-BV,3D Model,OBJ,https://techcomm.kohler.com/techcomm/cad/73061T-7.obj,https://www.kohler.co.in/p/composed-wall-mount-lavatory-faucet-73061t-7?skuId=73061T-7-BV,OBJ,3d model,asset_001974,True,True,False,False,False,False,False,False,techcomm.kohler.com
73061T-7-BV,3D Model,SKP,https://techcomm.kohler.com/techcomm/cad/73061T-7.skp,https://www.kohler.co.in/p/composed-wall-mount-lavatory-faucet-73061t-7?skuId=73061T-7-BV,SKP,3d model,asset_001975,True,False,True,False,False,False,False,False,techcomm.kohler.com
73061IN-4ND-CP,CAD Drawing,DWG,https://techcomm.kohler.com/techcomm/cad/73061in_4ndfrt.dwg,https://www.kohler.co.in/p/composed-wall-mount-bathroom-sink-faucet-8-3-lpm-73061in-4nd?skuId=73061IN-4ND-CP,DWG,cad drawing,asset_001976,False,False,False,False,False,True,False,False,techcomm.kohler.com
73061IN-4ND-CP,CAD Drawing,DXF,https://techcomm.kohler.com/techcomm/cad/73061in_4ndfrt.dxf,https://www.kohler.co.in/p/composed-wall-mount-bathroom-sink-faucet-8-3-lpm-73061in-4nd?skuId=73061IN-4ND-CP,DXF,cad drawing,asset_001977,False,False,False,False,False,False,True,False,techcomm.kohler.com
73061IN-4ND-CP,CAD Drawing,DWG,https://techcomm.kohler.com/techcomm/cad/73061in_4ndpln.dwg,https://www.kohler.co.in/p/composed-wall-mount-bathroom-sink-faucet-8-3-lpm-73061in-4nd?skuId=73061IN-4ND-CP,DWG,cad drawing,asset_001978,False,False,False,False,False,True,False,False,techcomm.kohler.com
73061IN-4ND-CP,CAD Drawing,DXF,https://techcomm.kohler.com/techcomm/cad/73061in_4ndpln.dxf,https://www.kohler.co.in/p/composed-wall-mount-bathroom-sink-faucet-8-3-lpm-73061in-4nd?skuId=73061IN-4ND-CP,DXF,cad drawing,asset_001979,False,False,False,False,False,False,True,False,techcomm.kohler.com
73061IN-4ND-CP,CAD Drawing,DWG,https://techcomm.kohler.com/techcomm/cad/73061in_4ndsde.dwg,https://www.kohler.co.in/p/composed-wall-mount-bathroom-sink-faucet-8-3-lpm-73061in-4nd?skuId=73061IN-4ND-CP,DWG,cad drawing,asset_001980,False,False,False,False,False,True,False,False,techcomm.kohler.com
73061IN-4ND-CP,CAD Drawing,DXF,https://techcomm.kohler.com/techcomm/cad/73061in_4ndsde.dxf,https://www.kohler.co.in/p/composed-wall-mount-bathroom-sink-faucet-8-3-lpm-73061in-4nd?skuId=73061IN-4ND-CP,DXF,cad drawing,asset_001981,False,False,False,False,False,False,True,False,techcomm.kohler.com
73061T-7-BV,CAD Drawing,DWG,https://techcomm.kohler.com/techcomm/cad/73061t_7frt.dwg,https://www.kohler.co.in/p/composed-wall-mount-lavatory-faucet-73061t-7?skuId=73061T-7-BV,DWG,cad drawing,asset_001982,False,False,False,False,False,True,False,False,techcomm.kohler.com
73061T-7-BV,CAD Drawing,DXF,https://techcomm.kohler.com/techcomm/cad/73061t_7frt.dxf,https://www.kohler.co.in/p/composed-wall-mount-lavatory-faucet-73061t-7?skuId=73061T-7-BV,DXF,cad drawing,asset_001983,False,False,False,False,False,False,True,False,techcomm.kohler.com
73061T-7-BV,CAD Drawing,DWG,https://techcomm.kohler.com/techcomm/cad/73061t_7pln.dwg,https://www.kohler.co.in/p/composed-wall-mount-lavatory-faucet-73061t-7?skuId=73061T-7-BV,DWG,cad drawing,asset_001984,False,False,False,False,False,True,False,False,techcomm.kohler.com
73061T-7-BV,CAD Drawing,DXF,https://techcomm.kohler.com/techcomm/cad/73061t_7pln.dxf,https://www.kohler.co.in/p/composed-wall-mount-lavatory-faucet-73061t-7?skuId=73061T-7-BV,DXF,cad drawing,asset_001985,False,False,False,False,False,False,True,False,techcomm.kohler.com
73061T-7-BV,CAD Drawing,DWG,https://techcomm.kohler.com/techcomm/cad/73061t_7sde.dwg,https://www.kohler.co.in/p/composed-wall-mount-lavatory-faucet-73061t-7?skuId=73061T-7-BV,DWG,cad drawing,asset_001986,False,False,False,False,False,True,False,False,techcomm.kohler.com
73061T-7-BV,CAD Drawing,DXF,https://techcomm.kohler.com/techcomm/cad/73061t_7sde.dxf,https://www.kohler.co.in/p/composed-wall-mount-lavatory-faucet-73061t-7?skuId=73061T-7-BV,DXF,cad drawing,asset_001987,False,False,False,False,False,False,True,False,techcomm.kohler.com
73067T-9ACH-BV,3D Model,3DS,https://techcomm.kohler.com/techcomm/cad/73067T-9ACH.3ds,https://www.kohler.co.in/p/composed-liu-guang-jing-yun-series-double-handle-wall-mounted-bathroom-sink-faucet-with-amber-gold-glazed-glass-handle-73067t-9ach?skuId=73067T-9ACH-BV,3DS,3d model,asset_001988,True,False,False,True,False,False,False,False,techcomm.kohler.com
73067T-9ACH-BV,CAD Drawing,DWG,https://techcomm.kohler.com/techcomm/cad/73067T-9ACH.dwg,https://www.kohler.co.in/p/composed-liu-guang-jing-yun-series-double-handle-wall-mounted-bathroom-sink-faucet-with-amber-gold-glazed-glass-handle-73067t-9ach?skuId=73067T-9ACH-BV,DWG,cad drawing,asset_001989,False,False,False,False,False,True,False,False,techcomm.kohler.com
73067T-9ACH-BV,CAD Drawing,DXF,https://techcomm.kohler.com/techcomm/cad/73067T-9ACH.dxf,https://www.kohler.co.in/p/composed-liu-guang-jing-yun-series-double-handle-wall-mounted-bathroom-sink-faucet-with-amber-gold-glazed-glass-handle-73067t-9ach?skuId=73067T-9ACH-BV,DXF,cad drawing,asset_001990,False,False,False,False,False,False,True,False,techcomm.kohler.com
73067T-9ACH-BV,3D Model,OBJ,https://techcomm.kohler.com/techcomm/cad/73067T-9ACH.obj,https://www.kohler.co.in/p/composed-liu-guang-jing-yun-series-double-handle-wall-mounted-bathroom-sink-faucet-with-amber-gold-glazed-glass-handle-73067t-9ach?skuId=73067T-9ACH-BV,OBJ,3d model,asset_001991,True,True,False,False,False,False,False,False,techcomm.kohler.com
73067T-9ACH-BV,3D Model,SKP,https://techcomm.kohler.com/techcomm/cad/73067T-9ACH.skp,https://www.kohler.co.in/p/composed-liu-guang-jing-yun-series-double-handle-wall-mounted-bathroom-sink-faucet-with-amber-gold-glazed-glass-handle-73067t-9ach?skuId=73067T-9ACH-BV,SKP,3d model,asset_001992,True,False,True,False,False,False,False,False,techcomm.kohler.com
73067T-9ACH-BV,CAD Drawing,DWG,https://techcomm.kohler.com/techcomm/cad/73067t_9achfrt.dwg,https://www.kohler.co.in/p/composed-liu-guang-jing-yun-series-double-handle-wall-mounted-bathroom-sink-faucet-with-amber-gold-glazed-glass-handle-73067t-9ach?skuId=73067T-9ACH-BV,DWG,cad drawing,asset_001993,False,False,False,False,False,True,False,False,techcomm.kohler.com
73067T-9ACH-BV,CAD Drawing,DXF,https://techcomm.kohler.com/techcomm/cad/73067t_9achfrt.dxf,https://www.kohler.co.in/p/composed-liu-guang-jing-yun-series-double-handle-wall-mounted-bathroom-sink-faucet-with-amber-gold-glazed-glass-handle-73067t-9ach?skuId=73067T-9ACH-BV,DXF,cad drawing,asset_001994,False,False,False,False,False,False,True,False,techcomm.kohler.com
73067T-9ACH-BV,CAD Drawing,DWG,https://techcomm.kohler.com/techcomm/cad/73067t_9achpln.dwg,https://www.kohler.co.in/p/composed-liu-guang-jing-yun-series-double-handle-wall-mounted-bathroom-sink-faucet-with-amber-gold-glazed-glass-handle-73067t-9ach?skuId=73067T-9ACH-BV,DWG,cad drawing,asset_001995,False,False,False,False,False,True,False,False,techcomm.kohler.com
73067T-9ACH-BV,CAD Drawing,DXF,https://techcomm.kohler.com/techcomm/cad/73067t_9achpln.dxf,https://www.kohler.co.in/p/composed-liu-guang-jing-yun-series-double-handle-wall-mounted-bathroom-sink-faucet-with-amber-gold-glazed-glass-handle-73067t-9ach?skuId=73067T-9ACH-BV,DXF,cad drawing,asset_001996,False,False,False,False,False,False,True,False,techcomm.kohler.com
73067T-9ACH-BV,CAD Drawing,DWG,https://techcomm.kohler.com/techcomm/cad/73067t_9achsde.dwg,https://www.kohler.co.in/p/composed-liu-guang-jing-yun-series-double-handle-wall-mounted-bathroom-sink-faucet-with-amber-gold-glazed-glass-handle-73067t-9ach?skuId=73067T-9ACH-BV,DWG,cad drawing,asset_001997,False,False,False,False,False,True,False,False,techcomm.kohler.com
73067T-9ACH-BV,CAD Drawing,DXF,https://techcomm.kohler.com/techcomm/cad/73067t_9achsde.dxf,https://www.kohler.co.in/p/composed-liu-guang-jing-yun-series-double-handle-wall-mounted-bathroom-sink-faucet-with-amber-gold-glazed-glass-handle-73067t-9ach?skuId=73067T-9ACH-BV,DXF,cad drawing,asset_001998,False,False,False,False,False,False,True,False,techcomm.kohler.com
73120-2MB,3D Model,3DS,https://techcomm.kohler.com/techcomm/cad/73120.3ds,https://www.kohler.co.in/p/composed-wall-mount-bath-spout-73120?skuId=73120-2MB,3DS,3d model,asset_001999,True,False,False,True,False,False,False,False,techcomm.kohler.com
73120-2MB,CAD Drawing,DWG,https://techcomm.kohler.com/techcomm/cad/73120.dwg,https://www.kohler.co.in/p/composed-wall-mount-bath-spout-73120?skuId=73120-2MB,DWG,cad drawing,asset_002000,False,False,False,False,False,True,False,False,techcomm.kohler.com
73120-2MB,CAD Drawing,DXF,https://techcomm.kohler.com/techcomm/cad/73120.dxf,https://www.kohler.co.in/p/composed-wall-mount-bath-spout-73120?skuId=73120-2MB,DXF,cad drawing,asset_002001,False,False,False,False,False,False,True,False,techcomm.kohler.com
73120-2MB,3D Model,OBJ,https://techcomm.kohler.com/techcomm/cad/73120.obj,https://www.kohler.co.in/p/composed-wall-mount-bath-spout-73120?skuId=73120-2MB,OBJ,3d model,asset_002002,True,True,False,False,False,False,False,False,techcomm.kohler.com
73120-2MB,3D Model,SKP,https://techcomm.kohler.com/techcomm/cad/73120.skp,https://www.kohler.co.in/p/composed-wall-mount-bath-spout-73120?skuId=73120-2MB,SKP,3d model,asset_002003,True,False,True,False,False,False,False,False,techcomm.kohler.com
73120-2MB,CAD Drawing,DWG,https://techcomm.kohler.com/techcomm/cad/73120frt.dwg,https://www.kohler.co.in/p/composed-wall-mount-bath-spout-73120?skuId=73120-2MB,DWG,cad drawing,asset_002004,False,False,False,False,False,True,False,False,techcomm.kohler.com
73120-2MB,CAD Drawing,DXF,https://techcomm.kohler.com/techcomm/cad/73120frt.dxf,https://www.kohler.co.in/p/composed-wall-mount-bath-spout-73120?skuId=73120-2MB,DXF,cad drawing,asset_002005,False,False,False,False,False,False,True,False,techcomm.kohler.com
73120-2MB,CAD Drawing,DWG,https://techcomm.kohler.com/techcomm/cad/73120pln.dwg,https://www.kohler.co.in/p/composed-wall-mount-bath-spout-73120?skuId=73120-2MB,DWG,cad drawing,asset_002006,False,False,False,False,False,True,False,False,techcomm.kohler.com
73120-2MB,CAD Drawing,DXF,https://techcomm.kohler.com/techcomm/cad/73120pln.dxf,https://www.kohler.co.in/p/composed-wall-mount-bath-spout-73120?skuId=73120-2MB,DXF,cad drawing,asset_002007,False,False,False,False,False,False,True,False,techcomm.kohler.com
73120-2MB,CAD Drawing,DWG,https://techcomm.kohler.com/techcomm/cad/73120sde.dwg,https://www.kohler.co.in/p/composed-wall-mount-bath-spout-73120?skuId=73120-2MB,DWG,cad drawing,asset_002008,False,False,False,False,False,True,False,False,techcomm.kohler.com
73120-2MB,CAD Drawing,DXF,https://techcomm.kohler.com/techcomm/cad/73120sde.dxf,https://www.kohler.co.in/p/composed-wall-mount-bath-spout-73120?skuId=73120-2MB,DXF,cad drawing,asset_002009,False,False,False,False,False,False,True,False,techcomm.kohler.com
73158T-4-RGD,3D Model,3DS,https://techcomm.kohler.com/techcomm/cad/73158T-4.3ds,https://www.kohler.co.in/p/composed-single-handle-bathroom-sink-faucet-with-joystick-handle-73158t-4?skuId=73158T-4-RGD,3DS,3d model,asset_002010,True,False,False,True,False,False,False,False,techcomm.kohler.com
73158T-4-RGD,CAD Drawing,DWG,https://techcomm.kohler.com/techcomm/cad/73158T-4.dwg,https://www.kohler.co.in/p/composed-single-handle-bathroom-sink-faucet-with-joystick-handle-73158t-4?skuId=73158T-4-RGD,DWG,cad drawing,asset_002011,False,False,False,False,False,True,False,False,techcomm.kohler.com
73158T-4-RGD,CAD Drawing,DXF,https://techcomm.kohler.com/techcomm/cad/73158T-4.dxf,https://www.kohler.co.in/p/composed-single-handle-bathroom-sink-faucet-with-joystick-handle-73158t-4?skuId=73158T-4-RGD,DXF,cad drawing,asset_002012,False,False,False,False,False,False,True,False,techcomm.kohler.com
73158T-4-RGD,3D Model,OBJ,https://techcomm.kohler.com/techcomm/cad/73158T-4.obj,https://www.kohler.co.in/p/composed-single-handle-bathroom-sink-faucet-with-joystick-handle-73158t-4?skuId=73158T-4-RGD,OBJ,3d model,asset_002013,True,True,False,False,False,False,False,False,techcomm.kohler.com
73158T-4-RGD,3D Model,SKP,https://techcomm.kohler.com/techcomm/cad/73158T-4.skp,https://www.kohler.co.in/p/composed-single-handle-bathroom-sink-faucet-with-joystick-handle-73158t-4?skuId=73158T-4-RGD,SKP,3d model,asset_002014,True,False,True,False,False,False,False,False,techcomm.kohler.com
73158T-4-RGD,CAD Drawing,DWG,https://techcomm.kohler.com/techcomm/cad/73158t_4frt.dwg,https://www.kohler.co.in/p/composed-single-handle-bathroom-sink-faucet-with-joystick-handle-73158t-4?skuId=73158T-4-RGD,DWG,cad drawing,asset_002015,False,False,False,False,False,True,False,False,techcomm.kohler.com
73158T-4-RGD,CAD Drawing,DXF,https://techcomm.kohler.com/techcomm/cad/73158t_4frt.dxf,https://www.kohler.co.in/p/composed-single-handle-bathroom-sink-faucet-with-joystick-handle-73158t-4?skuId=73158T-4-RGD,DXF,cad drawing,asset_002016,False,False,False,False,False,False,True,False,techcomm.kohler.com
73158T-4-RGD,CAD Drawing,DWG,https://techcomm.kohler.com/techcomm/cad/73158t_4pln.dwg,https://www.kohler.co.in/p/composed-single-handle-bathroom-sink-faucet-with-joystick-handle-73158t-4?skuId=73158T-4-RGD,DWG,cad drawing,asset_002017,False,False,False,False,False,True,False,False,techcomm.kohler.com
73158T-4-RGD,CAD Drawing,DXF,https://techcomm.kohler.com/techcomm/cad/73158t_4pln.dxf,https://www.kohler.co.in/p/composed-single-handle-bathroom-sink-faucet-with-joystick-handle-73158t-4?skuId=73158T-4-RGD,DXF,cad drawing,asset_002018,False,False,False,False,False,False,True,False,techcomm.kohler.com
73158T-4-RGD,CAD Drawing,DWG,https://techcomm.kohler.com/techcomm/cad/73158t_4sde.dwg,https://www.kohler.co.in/p/composed-single-handle-bathroom-sink-faucet-with-joystick-handle-73158t-4?skuId=73158T-4-RGD,DWG,cad drawing,asset_002019,False,False,False,False,False,True,False,False,techcomm.kohler.com
73158T-4-RGD,CAD Drawing,DXF,https://techcomm.kohler.com/techcomm/cad/73158t_4sde.dxf,https://www.kohler.co.in/p/composed-single-handle-bathroom-sink-faucet-with-joystick-handle-73158t-4?skuId=73158T-4-RGD,DXF,cad drawing,asset_002020,False,False,False,False,False,False,True,False,techcomm.kohler.com
73159IN-7-CP,3D Model,3DS,https://techcomm.kohler.com/techcomm/cad/73159IN-7.3ds,https://www.kohler.co.in/p/composed-single-control-side-mount-tall-lavatory-faucet-with-drain-73159in-7?skuId=73159IN-7-CP,3DS,3d model,asset_002021,True,False,False,True,False,False,False,False,techcomm.kohler.com
73159IN-7-CP,CAD Drawing,DWG,https://techcomm.kohler.com/techcomm/cad/73159IN-7.dwg,https://www.kohler.co.in/p/composed-single-control-side-mount-tall-lavatory-faucet-with-drain-73159in-7?skuId=73159IN-7-CP,DWG,cad drawing,asset_002022,False,False,False,False,False,True,False,False,techcomm.kohler.com
73159IN-7-CP,CAD Drawing,DXF,https://techcomm.kohler.com/techcomm/cad/73159IN-7.dxf,https://www.kohler.co.in/p/composed-single-control-side-mount-tall-lavatory-faucet-with-drain-73159in-7?skuId=73159IN-7-CP,DXF,cad drawing,asset_002023,False,False,False,False,False,False,True,False,techcomm.kohler.com
73159IN-7-CP,3D Model,OBJ,https://techcomm.kohler.com/techcomm/cad/73159IN-7.obj,https://www.kohler.co.in/p/composed-single-control-side-mount-tall-lavatory-faucet-with-drain-73159in-7?skuId=73159IN-7-CP,OBJ,3d model,asset_002024,True,True,False,False,False,False,False,False,techcomm.kohler.com
73159IN-7-CP,3D Model,SKP,https://techcomm.kohler.com/techcomm/cad/73159IN-7.skp,https://www.kohler.co.in/p/composed-single-control-side-mount-tall-lavatory-faucet-with-drain-73159in-7?skuId=73159IN-7-CP,SKP,3d model,asset_002025,True,False,True,False,False,False,False,False,techcomm.kohler.com
73159IN-7-CP,CAD Drawing,DWG,https://techcomm.kohler.com/techcomm/cad/73159in_7frt.dwg,https://www.kohler.co.in/p/composed-single-control-side-mount-tall-lavatory-faucet-with-drain-73159in-7?skuId=73159IN-7-CP,DWG,cad drawing,asset_002026,False,False,False,False,False,True,False,False,techcomm.kohler.com
73159IN-7-CP,CAD Drawing,DXF,https://techcomm.kohler.com/techcomm/cad/73159in_7frt.dxf,https://www.kohler.co.in/p/composed-single-control-side-mount-tall-lavatory-faucet-with-drain-73159in-7?skuId=73159IN-7-CP,DXF,cad drawing,asset_002027,False,False,False,False,False,False,True,False,techcomm.kohler.com
73159IN-7-CP,CAD Drawing,DWG,https://techcomm.kohler.com/techcomm/cad/73159in_7pln.dwg,https://www.kohler.co.in/p/composed-single-control-side-mount-tall-lavatory-faucet-with-drain-73159in-7?skuId=73159IN-7-CP,DWG,cad drawing,asset_002028,False,False,False,False,False,True,False,False,techcomm.kohler.com
73159IN-7-CP,CAD Drawing,DXF,https://techcomm.kohler.com/techcomm/cad/73159in_7pln.dxf,https://www.kohler.co.in/p/composed-single-control-side-mount-tall-lavatory-faucet-with-drain-73159in-7?skuId=73159IN-7-CP,DXF,cad drawing,asset_002029,False,False,False,False,False,False,True,False,techcomm.kohler.com
73159IN-7-CP,CAD Drawing,DWG,https://techcomm.kohler.com/techcomm/cad/73159in_7sde.dwg,https://www.kohler.co.in/p/composed-single-control-side-mount-tall-lavatory-faucet-with-drain-73159in-7?skuId=73159IN-7-CP,DWG,cad drawing,asset_002030,False,False,False,False,False,True,False,False,techcomm.kohler.com
73159IN-7-CP,CAD Drawing,DXF,https://techcomm.kohler.com/techcomm/cad/73159in_7sde.dxf,https://www.kohler.co.in/p/composed-single-control-side-mount-tall-lavatory-faucet-with-drain-73159in-7?skuId=73159IN-7-CP,DXF,cad drawing,asset_002031,False,False,False,False,False,False,True,False,techcomm.kohler.com
73198IN-CP,3D Model,3DS,https://techcomm.kohler.com/techcomm/cad/73198IN.3ds,https://www.kohler.co.in/p/203mm-round-katalyst-tm-rainhead-73198in?skuId=73198IN-CP,3DS,3d model,asset_002032,True,False,False,True,False,False,False,False,techcomm.kohler.com
73198IN-CP,3D Model,OBJ,https://techcomm.kohler.com/techcomm/cad/73198IN.obj,https://www.kohler.co.in/p/203mm-round-katalyst-tm-rainhead-73198in?skuId=73198IN-CP,OBJ,3d model,asset_002033,True,True,False,False,False,False,False,False,techcomm.kohler.com
73198IN-CP,3D Model,SKP,https://techcomm.kohler.com/techcomm/cad/73198IN.skp,https://www.kohler.co.in/p/203mm-round-katalyst-tm-rainhead-73198in?skuId=73198IN-CP,SKP,3d model,asset_002034,True,False,True,False,False,False,False,False,techcomm.kohler.com
73198IN-CP,CAD Drawing,DWG,https://techcomm.kohler.com/techcomm/cad/73198infrt.dwg,https://www.kohler.co.in/p/203mm-round-katalyst-tm-rainhead-73198in?skuId=73198IN-CP,DWG,cad drawing,asset_002035,False,False,False,False,False,True,False,False,techcomm.kohler.com
73198IN-CP,CAD Drawing,DXF,https://techcomm.kohler.com/techcomm/cad/73198infrt.dxf,https://www.kohler.co.in/p/203mm-round-katalyst-tm-rainhead-73198in?skuId=73198IN-CP,DXF,cad drawing,asset_002036,False,False,False,False,False,False,True,False,techcomm.kohler.com
73198IN-CP,CAD Drawing,DWG,https://techcomm.kohler.com/techcomm/cad/73198inpln.dwg,https://www.kohler.co.in/p/203mm-round-katalyst-tm-rainhead-73198in?skuId=73198IN-CP,DWG,cad drawing,asset_002037,False,False,False,False,False,True,False,False,techcomm.kohler.com
73198IN-CP,CAD Drawing,DXF,https://techcomm.kohler.com/techcomm/cad/73198inpln.dxf,https://www.kohler.co.in/p/203mm-round-katalyst-tm-rainhead-73198in?skuId=73198IN-CP,DXF,cad drawing,asset_002038,False,False,False,False,False,False,True,False,techcomm.kohler.com
73198IN-CP,CAD Drawing,DWG,https://techcomm.kohler.com/techcomm/cad/73198insde.dwg,https://www.kohler.co.in/p/203mm-round-katalyst-tm-rainhead-73198in?skuId=73198IN-CP,DWG,cad drawing,asset_002039,False,False,False,False,False,True,False,False,techcomm.kohler.com
73198IN-CP,CAD Drawing,DXF,https://techcomm.kohler.com/techcomm/cad/73198insde.dxf,https://www.kohler.co.in/p/203mm-round-katalyst-tm-rainhead-73198in?skuId=73198IN-CP,DXF,cad drawing,asset_002040,False,False,False,False,False,False,True,False,techcomm.kohler.com
73199IN-CP,3D Model,3DS,https://techcomm.kohler.com/techcomm/cad/73199IN.3ds,https://www.kohler.co.in/p/rainduet-contemporary-square-200-mm-single-function-rainhead-8-7-lpm-73199in?skuId=73199IN-CP,3DS,3d model,asset_002041,True,False,False,True,False,False,False,False,techcomm.kohler.com
73199IN-CP,CAD Drawing,DWG,https://techcomm.kohler.com/techcomm/cad/73199IN.dwg,https://www.kohler.co.in/p/rainduet-contemporary-square-200-mm-single-function-rainhead-8-7-lpm-73199in?skuId=73199IN-CP,DWG,cad drawing,asset_002042,False,False,False,False,False,True,False,False,techcomm.kohler.com
73199IN-CP,CAD Drawing,DXF,https://techcomm.kohler.com/techcomm/cad/73199IN.dxf,https://www.kohler.co.in/p/rainduet-contemporary-square-200-mm-single-function-rainhead-8-7-lpm-73199in?skuId=73199IN-CP,DXF,cad drawing,asset_002043,False,False,False,False,False,False,True,False,techcomm.kohler.com
73199IN-CP,3D Model,OBJ,https://techcomm.kohler.com/techcomm/cad/73199IN.obj,https://www.kohler.co.in/p/rainduet-contemporary-square-200-mm-single-function-rainhead-8-7-lpm-73199in?skuId=73199IN-CP,OBJ,3d model,asset_002044,True,True,False,False,False,False,False,False,techcomm.kohler.com
73199IN-CP,3D Model,SKP,https://techcomm.kohler.com/techcomm/cad/73199IN.skp,https://www.kohler.co.in/p/rainduet-contemporary-square-200-mm-single-function-rainhead-8-7-lpm-73199in?skuId=73199IN-CP,SKP,3d model,asset_002045,True,False,True,False,False,False,False,False,techcomm.kohler.com
73199IN-CP,CAD Drawing,DWG,https://techcomm.kohler.com/techcomm/cad/73199infrt.dwg,https://www.kohler.co.in/p/rainduet-contemporary-square-200-mm-single-function-rainhead-8-7-lpm-73199in?skuId=73199IN-CP,DWG,cad drawing,asset_002046,False,False,False,False,False,True,False,False,techcomm.kohler.com
73199IN-CP,CAD Drawing,DXF,https://techcomm.kohler.com/techcomm/cad/73199infrt.dxf,https://www.kohler.co.in/p/rainduet-contemporary-square-200-mm-single-function-rainhead-8-7-lpm-73199in?skuId=73199IN-CP,DXF,cad drawing,asset_002047,False,False,False,False,False,False,True,False,techcomm.kohler.com
73199IN-CP,CAD Drawing,DWG,https://techcomm.kohler.com/techcomm/cad/73199inpln.dwg,https://www.kohler.co.in/p/rainduet-contemporary-square-200-mm-single-function-rainhead-8-7-lpm-73199in?skuId=73199IN-CP,DWG,cad drawing,asset_002048,False,False,False,False,False,True,False,False,techcomm.kohler.com
73199IN-CP,CAD Drawing,DXF,https://techcomm.kohler.com/techcomm/cad/73199inpln.dxf,https://www.kohler.co.in/p/rainduet-contemporary-square-200-mm-single-function-rainhead-8-7-lpm-73199in?skuId=73199IN-CP,DXF,cad drawing,asset_002049,False,False,False,False,False,False,True,False,techcomm.kohler.com
73199IN-CP,CAD Drawing,DWG,https://techcomm.kohler.com/techcomm/cad/73199insde.dwg,https://www.kohler.co.in/p/rainduet-contemporary-square-200-mm-single-function-rainhead-8-7-lpm-73199in?skuId=73199IN-CP,DWG,cad drawing,asset_002050,False,False,False,False,False,True,False,False,techcomm.kohler.com
73199IN-CP,CAD Drawing,DXF,https://techcomm.kohler.com/techcomm/cad/73199insde.dxf,https://www.kohler.co.in/p/rainduet-contemporary-square-200-mm-single-function-rainhead-8-7-lpm-73199in?skuId=73199IN-CP,DXF,cad drawing,asset_002051,False,False,False,False,False,False,True,False,techcomm.kohler.com
74028IN-4-CP,3D Model,3DS,https://techcomm.kohler.com/techcomm/cad/74028IN-4.3ds,https://www.kohler.co.in/p/taut-pilar-tap-74028in-4?skuId=74028IN-4-CP,3DS,3d model,asset_002052,True,False,False,True,False,False,False,False,techcomm.kohler.com
74028IN-4-CP,CAD Drawing,DWG,https://techcomm.kohler.com/techcomm/cad/74028IN-4.dwg,https://www.kohler.co.in/p/taut-pilar-tap-74028in-4?skuId=74028IN-4-CP,DWG,cad drawing,asset_002053,False,False,False,False,False,True,False,False,techcomm.kohler.com
74028IN-4-CP,CAD Drawing,DXF,https://techcomm.kohler.com/techcomm/cad/74028IN-4.dxf,https://www.kohler.co.in/p/taut-pilar-tap-74028in-4?skuId=74028IN-4-CP,DXF,cad drawing,asset_002054,False,False,False,False,False,False,True,False,techcomm.kohler.com
74028IN-4-CP,3D Model,OBJ,https://techcomm.kohler.com/techcomm/cad/74028IN-4.obj,https://www.kohler.co.in/p/taut-pilar-tap-74028in-4?skuId=74028IN-4-CP,OBJ,3d model,asset_002055,True,True,False,False,False,False,False,False,techcomm.kohler.com
74028IN-4-CP,3D Model,SKP,https://techcomm.kohler.com/techcomm/cad/74028IN-4.skp,https://www.kohler.co.in/p/taut-pilar-tap-74028in-4?skuId=74028IN-4-CP,SKP,3d model,asset_002056,True,False,True,False,False,False,False,False,techcomm.kohler.com
74028IN-4-CP,CAD Drawing,DWG,https://techcomm.kohler.com/techcomm/cad/74028in_4frt.dwg,https://www.kohler.co.in/p/taut-pilar-tap-74028in-4?skuId=74028IN-4-CP,DWG,cad drawing,asset_002057,False,False,False,False,False,True,False,False,techcomm.kohler.com
74028IN-4-CP,CAD Drawing,DXF,https://techcomm.kohler.com/techcomm/cad/74028in_4frt.dxf,https://www.kohler.co.in/p/taut-pilar-tap-74028in-4?skuId=74028IN-4-CP,DXF,cad drawing,asset_002058,False,False,False,False,False,False,True,False,techcomm.kohler.com
74028IN-4-CP,CAD Drawing,DWG,https://techcomm.kohler.com/techcomm/cad/74028in_4pln.dwg,https://www.kohler.co.in/p/taut-pilar-tap-74028in-4?skuId=74028IN-4-CP,DWG,cad drawing,asset_002059,False,False,False,False,False,True,False,False,techcomm.kohler.com
74028IN-4-CP,CAD Drawing,DXF,https://techcomm.kohler.com/techcomm/cad/74028in_4pln.dxf,https://www.kohler.co.in/p/taut-pilar-tap-74028in-4?skuId=74028IN-4-CP,DXF,cad drawing,asset_002060,False,False,False,False,False,False,True,False,techcomm.kohler.com
74028IN-4-CP,CAD Drawing,DWG,https://techcomm.kohler.com/techcomm/cad/74028in_4sde.dwg,https://www.kohler.co.in/p/taut-pilar-tap-74028in-4?skuId=74028IN-4-CP,DWG,cad drawing,asset_002061,False,False,False,False,False,True,False,False,techcomm.kohler.com
74028IN-4-CP,CAD Drawing,DXF,https://techcomm.kohler.com/techcomm/cad/74028in_4sde.dxf,https://www.kohler.co.in/p/taut-pilar-tap-74028in-4?skuId=74028IN-4-CP,DXF,cad drawing,asset_002062,False,False,False,False,False,False,True,False,techcomm.kohler.com
75374IN-1-0,3D Model,3DS,https://techcomm.kohler.com/techcomm/cad/75374IN-1.3ds,https://www.kohler.co.in/p/forefront-sq-w-deck-75374in-1?skuId=75374IN-1-0,3DS,3d model,asset_002063,True,False,False,True,False,False,False,False,techcomm.kohler.com
75374IN-1-0,CAD Drawing,DWG,https://techcomm.kohler.com/techcomm/cad/75374IN-1.dwg,https://www.kohler.co.in/p/forefront-sq-w-deck-75374in-1?skuId=75374IN-1-0,DWG,cad drawing,asset_002064,False,False,False,False,False,True,False,False,techcomm.kohler.com
75374IN-1-0,CAD Drawing,DXF,https://techcomm.kohler.com/techcomm/cad/75374IN-1.dxf,https://www.kohler.co.in/p/forefront-sq-w-deck-75374in-1?skuId=75374IN-1-0,DXF,cad drawing,asset_002065,False,False,False,False,False,False,True,False,techcomm.kohler.com
75374IN-1-0,3D Model,OBJ,https://techcomm.kohler.com/techcomm/cad/75374IN-1.obj,https://www.kohler.co.in/p/forefront-sq-w-deck-75374in-1?skuId=75374IN-1-0,OBJ,3d model,asset_002066,True,True,False,False,False,False,False,False,techcomm.kohler.com
75374IN-1-0,3D Model,SKP,https://techcomm.kohler.com/techcomm/cad/75374IN-1.skp,https://www.kohler.co.in/p/forefront-sq-w-deck-75374in-1?skuId=75374IN-1-0,SKP,3d model,asset_002067,True,False,True,False,False,False,False,False,techcomm.kohler.com
75375IN-0,3D Model,3DS,https://techcomm.kohler.com/techcomm/cad/75375IN.3ds,https://www.kohler.co.in/p/forefront-890-mm-rectangular-vessel-bathroom-sink-no-overflow-75375in?skuId=75375IN-0,3DS,3d model,asset_002068,True,False,False,True,False,False,False,False,techcomm.kohler.com
75375IN-0,CAD Drawing,DWG,https://techcomm.kohler.com/techcomm/cad/75375IN.dwg,https://www.kohler.co.in/p/forefront-890-mm-rectangular-vessel-bathroom-sink-no-overflow-75375in?skuId=75375IN-0,DWG,cad drawing,asset_002069,False,False,False,False,False,True,False,False,techcomm.kohler.com
75375IN-0,CAD Drawing,DXF,https://techcomm.kohler.com/techcomm/cad/75375IN.dxf,https://www.kohler.co.in/p/forefront-890-mm-rectangular-vessel-bathroom-sink-no-overflow-75375in?skuId=75375IN-0,DXF,cad drawing,asset_002070,False,False,False,False,False,False,True,False,techcomm.kohler.com
75375IN-0,3D Model,OBJ,https://techcomm.kohler.com/techcomm/cad/75375IN.obj,https://www.kohler.co.in/p/forefront-890-mm-rectangular-vessel-bathroom-sink-no-overflow-75375in?skuId=75375IN-0,OBJ,3d model,asset_002071,True,True,False,False,False,False,False,False,techcomm.kohler.com
75375IN-0,3D Model,SKP,https://techcomm.kohler.com/techcomm/cad/75375IN.skp,https://www.kohler.co.in/p/forefront-890-mm-rectangular-vessel-bathroom-sink-no-overflow-75375in?skuId=75375IN-0,SKP,3d model,asset_002072,True,False,True,False,False,False,False,False,techcomm.kohler.com
75375IN-0,CAD Drawing,DWG,https://techcomm.kohler.com/techcomm/cad/75375infrt.dwg,https://www.kohler.co.in/p/forefront-890-mm-rectangular-vessel-bathroom-sink-no-overflow-75375in?skuId=75375IN-0,DWG,cad drawing,asset_002073,False,False,False,False,False,True,False,False,techcomm.kohler.com
75375IN-0,CAD Drawing,DXF,https://techcomm.kohler.com/techcomm/cad/75375infrt.dxf,https://www.kohler.co.in/p/forefront-890-mm-rectangular-vessel-bathroom-sink-no-overflow-75375in?skuId=75375IN-0,DXF,cad drawing,asset_002074,False,False,False,False,False,False,True,False,techcomm.kohler.com
75375IN-0,CAD Drawing,DWG,https://techcomm.kohler.com/techcomm/cad/75375inpln.dwg,https://www.kohler.co.in/p/forefront-890-mm-rectangular-vessel-bathroom-sink-no-overflow-75375in?skuId=75375IN-0,DWG,cad drawing,asset_002075,False,False,False,False,False,True,False,False,techcomm.kohler.com
75375IN-0,CAD Drawing,DXF,https://techcomm.kohler.com/techcomm/cad/75375inpln.dxf,https://www.kohler.co.in/p/forefront-890-mm-rectangular-vessel-bathroom-sink-no-overflow-75375in?skuId=75375IN-0,DXF,cad drawing,asset_002076,False,False,False,False,False,False,True,False,techcomm.kohler.com
75375IN-0,CAD Drawing,DWG,https://techcomm.kohler.com/techcomm/cad/75375insde.dwg,https://www.kohler.co.in/p/forefront-890-mm-rectangular-vessel-bathroom-sink-no-overflow-75375in?skuId=75375IN-0,DWG,cad drawing,asset_002077,False,False,False,False,False,True,False,False,techcomm.kohler.com
75375IN-0,CAD Drawing,DXF,https://techcomm.kohler.com/techcomm/cad/75375insde.dxf,https://www.kohler.co.in/p/forefront-890-mm-rectangular-vessel-bathroom-sink-no-overflow-75375in?skuId=75375IN-0,DXF,cad drawing,asset_002078,False,False,False,False,False,False,True,False,techcomm.kohler.com
75924IN-CP,3D Model,3DS,https://techcomm.kohler.com/techcomm/cad/75924IN.3ds,https://www.kohler.co.in/p/rainduet-multifunction-showerhead-75924in?skuId=75924IN-CP,3DS,3d model,asset_002079,True,False,False,True,False,False,False,False,techcomm.kohler.com
75924IN-CP,CAD Drawing,DWG,https://techcomm.kohler.com/techcomm/cad/75924IN.dwg,https://www.kohler.co.in/p/rainduet-multifunction-showerhead-75924in?skuId=75924IN-CP,DWG,cad drawing,asset_002080,False,False,False,False,False,True,False,False,techcomm.kohler.com
75924IN-CP,CAD Drawing,DXF,https://techcomm.kohler.com/techcomm/cad/75924IN.dxf,https://www.kohler.co.in/p/rainduet-multifunction-showerhead-75924in?skuId=75924IN-CP,DXF,cad drawing,asset_002081,False,False,False,False,False,False,True,False,techcomm.kohler.com
75924IN-CP,3D Model,OBJ,https://techcomm.kohler.com/techcomm/cad/75924IN.obj,https://www.kohler.co.in/p/rainduet-multifunction-showerhead-75924in?skuId=75924IN-CP,OBJ,3d model,asset_002082,True,True,False,False,False,False,False,False,techcomm.kohler.com
75924IN-CP,3D Model,SKP,https://techcomm.kohler.com/techcomm/cad/75924IN.skp,https://www.kohler.co.in/p/rainduet-multifunction-showerhead-75924in?skuId=75924IN-CP,SKP,3d model,asset_002083,True,False,True,False,False,False,False,False,techcomm.kohler.com
75924IN-CP,CAD Drawing,DWG,https://techcomm.kohler.com/techcomm/cad/75924infrt.dwg,https://www.kohler.co.in/p/rainduet-multifunction-showerhead-75924in?skuId=75924IN-CP,DWG,cad drawing,asset_002084,False,False,False,False,False,True,False,False,techcomm.kohler.com
75924IN-CP,CAD Drawing,DXF,https://techcomm.kohler.com/techcomm/cad/75924infrt.dxf,https://www.kohler.co.in/p/rainduet-multifunction-showerhead-75924in?skuId=75924IN-CP,DXF,cad drawing,asset_002085,False,False,False,False,False,False,True,False,techcomm.kohler.com
75924IN-CP,CAD Drawing,DWG,https://techcomm.kohler.com/techcomm/cad/75924inpln.dwg,https://www.kohler.co.in/p/rainduet-multifunction-showerhead-75924in?skuId=75924IN-CP,DWG,cad drawing,asset_002086,False,False,False,False,False,True,False,False,techcomm.kohler.com
75924IN-CP,CAD Drawing,DXF,https://techcomm.kohler.com/techcomm/cad/75924inpln.dxf,https://www.kohler.co.in/p/rainduet-multifunction-showerhead-75924in?skuId=75924IN-CP,DXF,cad drawing,asset_002087,False,False,False,False,False,False,True,False,techcomm.kohler.com
75924IN-CP,CAD Drawing,DWG,https://techcomm.kohler.com/techcomm/cad/75924insde.dwg,https://www.kohler.co.in/p/rainduet-multifunction-showerhead-75924in?skuId=75924IN-CP,DWG,cad drawing,asset_002088,False,False,False,False,False,True,False,False,techcomm.kohler.com
75924IN-CP,CAD Drawing,DXF,https://techcomm.kohler.com/techcomm/cad/75924insde.dxf,https://www.kohler.co.in/p/rainduet-multifunction-showerhead-75924in?skuId=75924IN-CP,DXF,cad drawing,asset_002089,False,False,False,False,False,False,True,False,techcomm.kohler.com
76442IN-NW-0,3D Model,3DS,https://techcomm.kohler.com/techcomm/cad/76442IN-NW.3ds,https://www.kohler.co.in/p/karess-1700-mm-x-800-mm-drop-in-whirlpool-bath-76442in-nw?skuId=76442IN-NW-0,3DS,3d model,asset_002090,True,False,False,True,False,False,False,False,techcomm.kohler.com
76442IN-NW-0,CAD Drawing,DWG,https://techcomm.kohler.com/techcomm/cad/76442IN-NW.dwg,https://www.kohler.co.in/p/karess-1700-mm-x-800-mm-drop-in-whirlpool-bath-76442in-nw?skuId=76442IN-NW-0,DWG,cad drawing,asset_002091,False,False,False,False,False,True,False,False,techcomm.kohler.com
76442IN-NW-0,CAD Drawing,DXF,https://techcomm.kohler.com/techcomm/cad/76442IN-NW.dxf,https://www.kohler.co.in/p/karess-1700-mm-x-800-mm-drop-in-whirlpool-bath-76442in-nw?skuId=76442IN-NW-0,DXF,cad drawing,asset_002092,False,False,False,False,False,False,True,False,techcomm.kohler.com
76442IN-NW-0,3D Model,OBJ,https://techcomm.kohler.com/techcomm/cad/76442IN-NW.obj,https://www.kohler.co.in/p/karess-1700-mm-x-800-mm-drop-in-whirlpool-bath-76442in-nw?skuId=76442IN-NW-0,OBJ,3d model,asset_002093,True,True,False,False,False,False,False,False,techcomm.kohler.com
76442IN-NW-0,3D Model,SKP,https://techcomm.kohler.com/techcomm/cad/76442IN-NW.skp,https://www.kohler.co.in/p/karess-1700-mm-x-800-mm-drop-in-whirlpool-bath-76442in-nw?skuId=76442IN-NW-0,SKP,3d model,asset_002094,True,False,True,False,False,False,False,False,techcomm.kohler.com
76442IN-NW-0,CAD Drawing,DWG,https://techcomm.kohler.com/techcomm/cad/76442in_nwfrt.dwg,https://www.kohler.co.in/p/karess-1700-mm-x-800-mm-drop-in-whirlpool-bath-76442in-nw?skuId=76442IN-NW-0,DWG,cad drawing,asset_002095,False,False,False,False,False,True,False,False,techcomm.kohler.com
76442IN-NW-0,CAD Drawing,DXF,https://techcomm.kohler.com/techcomm/cad/76442in_nwfrt.dxf,https://www.kohler.co.in/p/karess-1700-mm-x-800-mm-drop-in-whirlpool-bath-76442in-nw?skuId=76442IN-NW-0,DXF,cad drawing,asset_002096,False,False,False,False,False,False,True,False,techcomm.kohler.com
76442IN-NW-0,CAD Drawing,DWG,https://techcomm.kohler.com/techcomm/cad/76442in_nwpln.dwg,https://www.kohler.co.in/p/karess-1700-mm-x-800-mm-drop-in-whirlpool-bath-76442in-nw?skuId=76442IN-NW-0,DWG,cad drawing,asset_002097,False,False,False,False,False,True,False,False,techcomm.kohler.com
76442IN-NW-0,CAD Drawing,DXF,https://techcomm.kohler.com/techcomm/cad/76442in_nwpln.dxf,https://www.kohler.co.in/p/karess-1700-mm-x-800-mm-drop-in-whirlpool-bath-76442in-nw?skuId=76442IN-NW-0,DXF,cad drawing,asset_002098,False,False,False,False,False,False,True,False,techcomm.kohler.com
76442IN-NW-0,CAD Drawing,DWG,https://techcomm.kohler.com/techcomm/cad/76442in_nwsde.dwg,https://www.kohler.co.in/p/karess-1700-mm-x-800-mm-drop-in-whirlpool-bath-76442in-nw?skuId=76442IN-NW-0,DWG,cad drawing,asset_002099,False,False,False,False,False,True,False,False,techcomm.kohler.com
76442IN-NW-0,CAD Drawing,DXF,https://techcomm.kohler.com/techcomm/cad/76442in_nwsde.dxf,https://www.kohler.co.in/p/karess-1700-mm-x-800-mm-drop-in-whirlpool-bath-76442in-nw?skuId=76442IN-NW-0,DXF,cad drawing,asset_002100,False,False,False,False,False,False,True,False,techcomm.kohler.com
76465IN-BL,3D Model,3DS,https://techcomm.kohler.com/techcomm/cad/76465IN.3ds,https://www.kohler.co.in/p/awaken-254mm-rainhead-76465in?skuId=76465IN-BL,3DS,3d model,asset_002101,True,False,False,True,False,False,False,False,techcomm.kohler.com
76465IN-BL,CAD Drawing,DWG,https://techcomm.kohler.com/techcomm/cad/76465IN.dwg,https://www.kohler.co.in/p/awaken-254mm-rainhead-76465in?skuId=76465IN-BL,DWG,cad drawing,asset_002102,False,False,False,False,False,True,False,False,techcomm.kohler.com
76465IN-BL,CAD Drawing,DXF,https://techcomm.kohler.com/techcomm/cad/76465IN.dxf,https://www.kohler.co.in/p/awaken-254mm-rainhead-76465in?skuId=76465IN-BL,DXF,cad drawing,asset_002103,False,False,False,False,False,False,True,False,techcomm.kohler.com
76465IN-BL,3D Model,OBJ,https://techcomm.kohler.com/techcomm/cad/76465IN.obj,https://www.kohler.co.in/p/awaken-254mm-rainhead-76465in?skuId=76465IN-BL,OBJ,3d model,asset_002104,True,True,False,False,False,False,False,False,techcomm.kohler.com
76465IN-BL,3D Model,SKP,https://techcomm.kohler.com/techcomm/cad/76465IN.skp,https://www.kohler.co.in/p/awaken-254mm-rainhead-76465in?skuId=76465IN-BL,SKP,3d model,asset_002105,True,False,True,False,False,False,False,False,techcomm.kohler.com
76465IN-BL,CAD Drawing,DWG,https://techcomm.kohler.com/techcomm/cad/76465infrt.dwg,https://www.kohler.co.in/p/awaken-254mm-rainhead-76465in?skuId=76465IN-BL,DWG,cad drawing,asset_002106,False,False,False,False,False,True,False,False,techcomm.kohler.com
76465IN-BL,CAD Drawing,DXF,https://techcomm.kohler.com/techcomm/cad/76465infrt.dxf,https://www.kohler.co.in/p/awaken-254mm-rainhead-76465in?skuId=76465IN-BL,DXF,cad drawing,asset_002107,False,False,False,False,False,False,True,False,techcomm.kohler.com
76465IN-BL,CAD Drawing,DWG,https://techcomm.kohler.com/techcomm/cad/76465inpln.dwg,https://www.kohler.co.in/p/awaken-254mm-rainhead-76465in?skuId=76465IN-BL,DWG,cad drawing,asset_002108,False,False,False,False,False,True,False,False,techcomm.kohler.com
76465IN-BL,CAD Drawing,DXF,https://techcomm.kohler.com/techcomm/cad/76465inpln.dxf,https://www.kohler.co.in/p/awaken-254mm-rainhead-76465in?skuId=76465IN-BL,DXF,cad drawing,asset_002109,False,False,False,False,False,False,True,False,techcomm.kohler.com
76465IN-BL,CAD Drawing,DWG,https://techcomm.kohler.com/techcomm/cad/76465insde.dwg,https://www.kohler.co.in/p/awaken-254mm-rainhead-76465in?skuId=76465IN-BL,DWG,cad drawing,asset_002110,False,False,False,False,False,True,False,False,techcomm.kohler.com
76465IN-BL,CAD Drawing,DXF,https://techcomm.kohler.com/techcomm/cad/76465insde.dxf,https://www.kohler.co.in/p/awaken-254mm-rainhead-76465in?skuId=76465IN-BL,DXF,cad drawing,asset_002111,False,False,False,False,False,False,True,False,techcomm.kohler.com
76600IN-0,3D Model,3DS,https://techcomm.kohler.com/techcomm/cad/76600IN.3ds,https://www.kohler.co.in/p/kankara-vessel-basin-with-1-tap-hole-76600in?skuId=76600IN-0,3DS,3d model,asset_002112,True,False,False,True,False,False,False,False,techcomm.kohler.com
76600IN-0,CAD Drawing,DWG,https://techcomm.kohler.com/techcomm/cad/76600IN.dwg,https://www.kohler.co.in/p/kankara-vessel-basin-with-1-tap-hole-76600in?skuId=76600IN-0,DWG,cad drawing,asset_002113,False,False,False,False,False,True,False,False,techcomm.kohler.com
76600IN-0,CAD Drawing,DXF,https://techcomm.kohler.com/techcomm/cad/76600IN.dxf,https://www.kohler.co.in/p/kankara-vessel-basin-with-1-tap-hole-76600in?skuId=76600IN-0,DXF,cad drawing,asset_002114,False,False,False,False,False,False,True,False,techcomm.kohler.com
76600IN-0,3D Model,OBJ,https://techcomm.kohler.com/techcomm/cad/76600IN.obj,https://www.kohler.co.in/p/kankara-vessel-basin-with-1-tap-hole-76600in?skuId=76600IN-0,OBJ,3d model,asset_002115,True,True,False,False,False,False,False,False,techcomm.kohler.com
76600IN-0,3D Model,SKP,https://techcomm.kohler.com/techcomm/cad/76600IN.skp,https://www.kohler.co.in/p/kankara-vessel-basin-with-1-tap-hole-76600in?skuId=76600IN-0,SKP,3d model,asset_002116,True,False,True,False,False,False,False,False,techcomm.kohler.com
76600IN-0,CAD Drawing,DWG,https://techcomm.kohler.com/techcomm/cad/76600infrt.dwg,https://www.kohler.co.in/p/kankara-vessel-basin-with-1-tap-hole-76600in?skuId=76600IN-0,DWG,cad drawing,asset_002117,False,False,False,False,False,True,False,False,techcomm.kohler.com
76600IN-0,CAD Drawing,DXF,https://techcomm.kohler.com/techcomm/cad/76600infrt.dxf,https://www.kohler.co.in/p/kankara-vessel-basin-with-1-tap-hole-76600in?skuId=76600IN-0,DXF,cad drawing,asset_002118,False,False,False,False,False,False,True,False,techcomm.kohler.com
76600IN-0,CAD Drawing,DWG,https://techcomm.kohler.com/techcomm/cad/76600inpln.dwg,https://www.kohler.co.in/p/kankara-vessel-basin-with-1-tap-hole-76600in?skuId=76600IN-0,DWG,cad drawing,asset_002119,False,False,False,False,False,True,False,False,techcomm.kohler.com
76600IN-0,CAD Drawing,DXF,https://techcomm.kohler.com/techcomm/cad/76600inpln.dxf,https://www.kohler.co.in/p/kankara-vessel-basin-with-1-tap-hole-76600in?skuId=76600IN-0,DXF,cad drawing,asset_002120,False,False,False,False,False,False,True,False,techcomm.kohler.com
76600IN-0,CAD Drawing,DWG,https://techcomm.kohler.com/techcomm/cad/76600insde.dwg,https://www.kohler.co.in/p/kankara-vessel-basin-with-1-tap-hole-76600in?skuId=76600IN-0,DWG,cad drawing,asset_002121,False,False,False,False,False,True,False,False,techcomm.kohler.com
76600IN-0,CAD Drawing,DXF,https://techcomm.kohler.com/techcomm/cad/76600insde.dxf,https://www.kohler.co.in/p/kankara-vessel-basin-with-1-tap-hole-76600in?skuId=76600IN-0,DXF,cad drawing,asset_002122,False,False,False,False,False,False,True,False,techcomm.kohler.com
77276IN-L-CP,3D Model,3DS,https://techcomm.kohler.com/techcomm/cad/77276IN-L.3ds,https://www.kohler.co.in/p/beitou-rectangle-600x800-multifunction-rainpanel-in-polished-chrome-77276in-l?skuId=77276IN-L-CP,3DS,3d model,asset_002123,True,False,False,True,False,False,False,False,techcomm.kohler.com
77276IN-L-CP,CAD Drawing,DWG,https://techcomm.kohler.com/techcomm/cad/77276IN-L.dwg,https://www.kohler.co.in/p/beitou-rectangle-600x800-multifunction-rainpanel-in-polished-chrome-77276in-l?skuId=77276IN-L-CP,DWG,cad drawing,asset_002124,False,False,False,False,False,True,False,False,techcomm.kohler.com
77276IN-L-CP,CAD Drawing,DXF,https://techcomm.kohler.com/techcomm/cad/77276IN-L.dxf,https://www.kohler.co.in/p/beitou-rectangle-600x800-multifunction-rainpanel-in-polished-chrome-77276in-l?skuId=77276IN-L-CP,DXF,cad drawing,asset_002125,False,False,False,False,False,False,True,False,techcomm.kohler.com
77276IN-L-CP,3D Model,OBJ,https://techcomm.kohler.com/techcomm/cad/77276IN-L.obj,https://www.kohler.co.in/p/beitou-rectangle-600x800-multifunction-rainpanel-in-polished-chrome-77276in-l?skuId=77276IN-L-CP,OBJ,3d model,asset_002126,True,True,False,False,False,False,False,False,techcomm.kohler.com
77276IN-L-CP,3D Model,SKP,https://techcomm.kohler.com/techcomm/cad/77276IN-L.skp,https://www.kohler.co.in/p/beitou-rectangle-600x800-multifunction-rainpanel-in-polished-chrome-77276in-l?skuId=77276IN-L-CP,SKP,3d model,asset_002127,True,False,True,False,False,False,False,False,techcomm.kohler.com
77276IN-L-CP,CAD Drawing,DWG,https://techcomm.kohler.com/techcomm/cad/77276in_lfrt.dwg,https://www.kohler.co.in/p/beitou-rectangle-600x800-multifunction-rainpanel-in-polished-chrome-77276in-l?skuId=77276IN-L-CP,DWG,cad drawing,asset_002128,False,False,False,False,False,True,False,False,techcomm.kohler.com
77276IN-L-CP,CAD Drawing,DXF,https://techcomm.kohler.com/techcomm/cad/77276in_lfrt.dxf,https://www.kohler.co.in/p/beitou-rectangle-600x800-multifunction-rainpanel-in-polished-chrome-77276in-l?skuId=77276IN-L-CP,DXF,cad drawing,asset_002129,False,False,False,False,False,False,True,False,techcomm.kohler.com
77276IN-L-CP,CAD Drawing,DWG,https://techcomm.kohler.com/techcomm/cad/77276in_lpln.dwg,https://www.kohler.co.in/p/beitou-rectangle-600x800-multifunction-rainpanel-in-polished-chrome-77276in-l?skuId=77276IN-L-CP,DWG,cad drawing,asset_002130,False,False,False,False,False,True,False,False,techcomm.kohler.com
77276IN-L-CP,CAD Drawing,DXF,https://techcomm.kohler.com/techcomm/cad/77276in_lpln.dxf,https://www.kohler.co.in/p/beitou-rectangle-600x800-multifunction-rainpanel-in-polished-chrome-77276in-l?skuId=77276IN-L-CP,DXF,cad drawing,asset_002131,False,False,False,False,False,False,True,False,techcomm.kohler.com
77276IN-L-CP,CAD Drawing,DWG,https://techcomm.kohler.com/techcomm/cad/77276in_lsde.dwg,https://www.kohler.co.in/p/beitou-rectangle-600x800-multifunction-rainpanel-in-polished-chrome-77276in-l?skuId=77276IN-L-CP,DWG,cad drawing,asset_002132,False,False,False,False,False,True,False,False,techcomm.kohler.com
77276IN-L-CP,CAD Drawing,DXF,https://techcomm.kohler.com/techcomm/cad/77276in_lsde.dxf,https://www.kohler.co.in/p/beitou-rectangle-600x800-multifunction-rainpanel-in-polished-chrome-77276in-l?skuId=77276IN-L-CP,DXF,cad drawing,asset_002133,False,False,False,False,False,False,True,False,techcomm.kohler.com
77958T-4A-CP,3D Model,3DS,https://techcomm.kohler.com/techcomm/cad/77958T-4A.3ds,https://www.kohler.co.in/p/components-single-handle-bathroom-sink-faucet-with-tube-spout-and-pin-handle-5-7-lpm-77958t-4a?skuId=77958T-4A-CP,3DS,3d model,asset_002134,True,False,False,True,False,False,False,False,techcomm.kohler.com
77958T-4A-CP,CAD Drawing,DWG,https://techcomm.kohler.com/techcomm/cad/77958T-4A.dwg,https://www.kohler.co.in/p/components-single-handle-bathroom-sink-faucet-with-tube-spout-and-pin-handle-5-7-lpm-77958t-4a?skuId=77958T-4A-CP,DWG,cad drawing,asset_002135,False,False,False,False,False,True,False,False,techcomm.kohler.com
77958T-4A-CP,CAD Drawing,DXF,https://techcomm.kohler.com/techcomm/cad/77958T-4A.dxf,https://www.kohler.co.in/p/components-single-handle-bathroom-sink-faucet-with-tube-spout-and-pin-handle-5-7-lpm-77958t-4a?skuId=77958T-4A-CP,DXF,cad drawing,asset_002136,False,False,False,False,False,False,True,False,techcomm.kohler.com
77958T-4A-CP,3D Model,OBJ,https://techcomm.kohler.com/techcomm/cad/77958T-4A.obj,https://www.kohler.co.in/p/components-single-handle-bathroom-sink-faucet-with-tube-spout-and-pin-handle-5-7-lpm-77958t-4a?skuId=77958T-4A-CP,OBJ,3d model,asset_002137,True,True,False,False,False,False,False,False,techcomm.kohler.com
77958T-4A-CP,3D Model,SKP,https://techcomm.kohler.com/techcomm/cad/77958T-4A.skp,https://www.kohler.co.in/p/components-single-handle-bathroom-sink-faucet-with-tube-spout-and-pin-handle-5-7-lpm-77958t-4a?skuId=77958T-4A-CP,SKP,3d model,asset_002138,True,False,True,False,False,False,False,False,techcomm.kohler.com
77958T-4A-CP,CAD Drawing,DWG,https://techcomm.kohler.com/techcomm/cad/77958t_4afrt.dwg,https://www.kohler.co.in/p/components-single-handle-bathroom-sink-faucet-with-tube-spout-and-pin-handle-5-7-lpm-77958t-4a?skuId=77958T-4A-CP,DWG,cad drawing,asset_002139,False,False,False,False,False,True,False,False,techcomm.kohler.com
77958T-4A-CP,CAD Drawing,DXF,https://techcomm.kohler.com/techcomm/cad/77958t_4afrt.dxf,https://www.kohler.co.in/p/components-single-handle-bathroom-sink-faucet-with-tube-spout-and-pin-handle-5-7-lpm-77958t-4a?skuId=77958T-4A-CP,DXF,cad drawing,asset_002140,False,False,False,False,False,False,True,False,techcomm.kohler.com
77958T-4A-CP,CAD Drawing,DWG,https://techcomm.kohler.com/techcomm/cad/77958t_4apln.dwg,https://www.kohler.co.in/p/components-single-handle-bathroom-sink-faucet-with-tube-spout-and-pin-handle-5-7-lpm-77958t-4a?skuId=77958T-4A-CP,DWG,cad drawing,asset_002141,False,False,False,False,False,True,False,False,techcomm.kohler.com
77958T-4A-CP,CAD Drawing,DXF,https://techcomm.kohler.com/techcomm/cad/77958t_4apln.dxf,https://www.kohler.co.in/p/components-single-handle-bathroom-sink-faucet-with-tube-spout-and-pin-handle-5-7-lpm-77958t-4a?skuId=77958T-4A-CP,DXF,cad drawing,asset_002142,False,False,False,False,False,False,True,False,techcomm.kohler.com
77958T-4A-CP,CAD Drawing,DWG,https://techcomm.kohler.com/techcomm/cad/77958t_4asde.dwg,https://www.kohler.co.in/p/components-single-handle-bathroom-sink-faucet-with-tube-spout-and-pin-handle-5-7-lpm-77958t-4a?skuId=77958T-4A-CP,DWG,cad drawing,asset_002143,False,False,False,False,False,True,False,False,techcomm.kohler.com
77958T-4A-CP,CAD Drawing,DXF,https://techcomm.kohler.com/techcomm/cad/77958t_4asde.dxf,https://www.kohler.co.in/p/components-single-handle-bathroom-sink-faucet-with-tube-spout-and-pin-handle-5-7-lpm-77958t-4a?skuId=77958T-4A-CP,DXF,cad drawing,asset_002144,False,False,False,False,False,False,True,False,techcomm.kohler.com
77963-8A-BL,3D Model,3DS,https://techcomm.kohler.com/techcomm/cad/77963-8A.3ds,https://www.kohler.co.in/p/components-bathroom-sink-rocker-handle-77963-8a?skuId=77963-8A-BL,3DS,3d model,asset_002145,True,False,False,True,False,False,False,False,techcomm.kohler.com
77963-8A-BL,CAD Drawing,DWG,https://techcomm.kohler.com/techcomm/cad/77963-8A.dwg,https://www.kohler.co.in/p/components-bathroom-sink-rocker-handle-77963-8a?skuId=77963-8A-BL,DWG,cad drawing,asset_002146,False,False,False,False,False,True,False,False,techcomm.kohler.com
77963-8A-BL,CAD Drawing,DXF,https://techcomm.kohler.com/techcomm/cad/77963-8A.dxf,https://www.kohler.co.in/p/components-bathroom-sink-rocker-handle-77963-8a?skuId=77963-8A-BL,DXF,cad drawing,asset_002147,False,False,False,False,False,False,True,False,techcomm.kohler.com
77963-8A-BL,3D Model,OBJ,https://techcomm.kohler.com/techcomm/cad/77963-8A.obj,https://www.kohler.co.in/p/components-bathroom-sink-rocker-handle-77963-8a?skuId=77963-8A-BL,OBJ,3d model,asset_002148,True,True,False,False,False,False,False,False,techcomm.kohler.com
77963-8A-BL,3D Model,SKP,https://techcomm.kohler.com/techcomm/cad/77963-8A.skp,https://www.kohler.co.in/p/components-bathroom-sink-rocker-handle-77963-8a?skuId=77963-8A-BL,SKP,3d model,asset_002149,True,False,True,False,False,False,False,False,techcomm.kohler.com
77963-8A-BL,CAD Drawing,DWG,https://techcomm.kohler.com/techcomm/cad/77963_8afrt.dwg,https://www.kohler.co.in/p/components-bathroom-sink-rocker-handle-77963-8a?skuId=77963-8A-BL,DWG,cad drawing,asset_002150,False,False,False,False,False,True,False,False,techcomm.kohler.com
77963-8A-BL,CAD Drawing,DXF,https://techcomm.kohler.com/techcomm/cad/77963_8afrt.dxf,https://www.kohler.co.in/p/components-bathroom-sink-rocker-handle-77963-8a?skuId=77963-8A-BL,DXF,cad drawing,asset_002151,False,False,False,False,False,False,True,False,techcomm.kohler.com
77963-8A-BL,CAD Drawing,DWG,https://techcomm.kohler.com/techcomm/cad/77963_8apln.dwg,https://www.kohler.co.in/p/components-bathroom-sink-rocker-handle-77963-8a?skuId=77963-8A-BL,DWG,cad drawing,asset_002152,False,False,False,False,False,True,False,False,techcomm.kohler.com
77963-8A-BL,CAD Drawing,DXF,https://techcomm.kohler.com/techcomm/cad/77963_8apln.dxf,https://www.kohler.co.in/p/components-bathroom-sink-rocker-handle-77963-8a?skuId=77963-8A-BL,DXF,cad drawing,asset_002153,False,False,False,False,False,False,True,False,techcomm.kohler.com
77963-8A-BL,CAD Drawing,DWG,https://techcomm.kohler.com/techcomm/cad/77963_8asde.dwg,https://www.kohler.co.in/p/components-bathroom-sink-rocker-handle-77963-8a?skuId=77963-8A-BL,DWG,cad drawing,asset_002154,False,False,False,False,False,True,False,False,techcomm.kohler.com
77963-8A-BL,CAD Drawing,DXF,https://techcomm.kohler.com/techcomm/cad/77963_8asde.dxf,https://www.kohler.co.in/p/components-bathroom-sink-rocker-handle-77963-8a?skuId=77963-8A-BL,DXF,cad drawing,asset_002155,False,False,False,False,False,False,True,False,techcomm.kohler.com
7799IN-FDL-0,3D Model,3DS,https://techcomm.kohler.com/techcomm/cad/7799IN-FDL.3ds,https://www.kohler.co.in/p/quila-vana-vessel-bathroom-sink-7799in-fdl?skuId=7799IN-FDL-0,3DS,3d model,asset_002156,True,False,False,True,False,False,False,False,techcomm.kohler.com
7799IN-FDL-0,CAD Drawing,DWG,https://techcomm.kohler.com/techcomm/cad/7799IN-FDL.dwg,https://www.kohler.co.in/p/quila-vana-vessel-bathroom-sink-7799in-fdl?skuId=7799IN-FDL-0,DWG,cad drawing,asset_002157,False,False,False,False,False,True,False,False,techcomm.kohler.com
7799IN-FDL-0,CAD Drawing,DXF,https://techcomm.kohler.com/techcomm/cad/7799IN-FDL.dxf,https://www.kohler.co.in/p/quila-vana-vessel-bathroom-sink-7799in-fdl?skuId=7799IN-FDL-0,DXF,cad drawing,asset_002158,False,False,False,False,False,False,True,False,techcomm.kohler.com
7799IN-FDL-0,3D Model,OBJ,https://techcomm.kohler.com/techcomm/cad/7799IN-FDL.obj,https://www.kohler.co.in/p/quila-vana-vessel-bathroom-sink-7799in-fdl?skuId=7799IN-FDL-0,OBJ,3d model,asset_002159,True,True,False,False,False,False,False,False,techcomm.kohler.com
7799IN-FDL-0,3D Model,SKP,https://techcomm.kohler.com/techcomm/cad/7799IN-FDL.skp,https://www.kohler.co.in/p/quila-vana-vessel-bathroom-sink-7799in-fdl?skuId=7799IN-FDL-0,SKP,3d model,asset_002160,True,False,True,False,False,False,False,False,techcomm.kohler.com
7799IN-FDL-0,CAD Drawing,DWG,https://techcomm.kohler.com/techcomm/cad/7799in_fdlfrt.dwg,https://www.kohler.co.in/p/quila-vana-vessel-bathroom-sink-7799in-fdl?skuId=7799IN-FDL-0,DWG,cad drawing,asset_002161,False,False,False,False,False,True,False,False,techcomm.kohler.com
7799IN-FDL-0,CAD Drawing,DXF,https://techcomm.kohler.com/techcomm/cad/7799in_fdlfrt.dxf,https://www.kohler.co.in/p/quila-vana-vessel-bathroom-sink-7799in-fdl?skuId=7799IN-FDL-0,DXF,cad drawing,asset_002162,False,False,False,False,False,False,True,False,techcomm.kohler.com
7799IN-FDL-0,CAD Drawing,DWG,https://techcomm.kohler.com/techcomm/cad/7799in_fdlpln.dwg,https://www.kohler.co.in/p/quila-vana-vessel-bathroom-sink-7799in-fdl?skuId=7799IN-FDL-0,DWG,cad drawing,asset_002163,False,False,False,False,False,True,False,False,techcomm.kohler.com
7799IN-FDL-0,CAD Drawing,DXF,https://techcomm.kohler.com/techcomm/cad/7799in_fdlpln.dxf,https://www.kohler.co.in/p/quila-vana-vessel-bathroom-sink-7799in-fdl?skuId=7799IN-FDL-0,DXF,cad drawing,asset_002164,False,False,False,False,False,False,True,False,techcomm.kohler.com
7799IN-FDL-0,CAD Drawing,DWG,https://techcomm.kohler.com/techcomm/cad/7799in_fdlsde.dwg,https://www.kohler.co.in/p/quila-vana-vessel-bathroom-sink-7799in-fdl?skuId=7799IN-FDL-0,DWG,cad drawing,asset_002165,False,False,False,False,False,True,False,False,techcomm.kohler.com
7799IN-FDL-0,CAD Drawing,DXF,https://techcomm.kohler.com/techcomm/cad/7799in_fdlsde.dxf,https://www.kohler.co.in/p/quila-vana-vessel-bathroom-sink-7799in-fdl?skuId=7799IN-FDL-0,DXF,cad drawing,asset_002166,False,False,False,False,False,False,True,False,techcomm.kohler.com
8331T-0,3D Model,3DS,https://techcomm.kohler.com/techcomm/cad/8331T.3ds,https://www.kohler.co.in/p/veil-freestanding-lithocast-bath-8331t?skuId=8331T-0,3DS,3d model,asset_002167,True,False,False,True,False,False,False,False,techcomm.kohler.com
8331T-0,CAD Drawing,DWG,https://techcomm.kohler.com/techcomm/cad/8331T.dwg,https://www.kohler.co.in/p/veil-freestanding-lithocast-bath-8331t?skuId=8331T-0,DWG,cad drawing,asset_002168,False,False,False,False,False,True,False,False,techcomm.kohler.com
8331T-0,CAD Drawing,DXF,https://techcomm.kohler.com/techcomm/cad/8331T.dxf,https://www.kohler.co.in/p/veil-freestanding-lithocast-bath-8331t?skuId=8331T-0,DXF,cad drawing,asset_002169,False,False,False,False,False,False,True,False,techcomm.kohler.com
8331T-0,3D Model,OBJ,https://techcomm.kohler.com/techcomm/cad/8331T.obj,https://www.kohler.co.in/p/veil-freestanding-lithocast-bath-8331t?skuId=8331T-0,OBJ,3d model,asset_002170,True,True,False,False,False,False,False,False,techcomm.kohler.com
8331T-0,3D Model,SKP,https://techcomm.kohler.com/techcomm/cad/8331T.skp,https://www.kohler.co.in/p/veil-freestanding-lithocast-bath-8331t?skuId=8331T-0,SKP,3d model,asset_002171,True,False,True,False,False,False,False,False,techcomm.kohler.com
8331T-0,CAD Drawing,DWG,https://techcomm.kohler.com/techcomm/cad/8331tfrt.dwg,https://www.kohler.co.in/p/veil-freestanding-lithocast-bath-8331t?skuId=8331T-0,DWG,cad drawing,asset_002172,False,False,False,False,False,True,False,False,techcomm.kohler.com
8331T-0,CAD Drawing,DXF,https://techcomm.kohler.com/techcomm/cad/8331tfrt.dxf,https://www.kohler.co.in/p/veil-freestanding-lithocast-bath-8331t?skuId=8331T-0,DXF,cad drawing,asset_002173,False,False,False,False,False,False,True,False,techcomm.kohler.com
8331T-0,CAD Drawing,DWG,https://techcomm.kohler.com/techcomm/cad/8331tpln.dwg,https://www.kohler.co.in/p/veil-freestanding-lithocast-bath-8331t?skuId=8331T-0,DWG,cad drawing,asset_002174,False,False,False,False,False,True,False,False,techcomm.kohler.com
8331T-0,CAD Drawing,DXF,https://techcomm.kohler.com/techcomm/cad/8331tpln.dxf,https://www.kohler.co.in/p/veil-freestanding-lithocast-bath-8331t?skuId=8331T-0,DXF,cad drawing,asset_002175,False,False,False,False,False,False,True,False,techcomm.kohler.com
8331T-0,CAD Drawing,DWG,https://techcomm.kohler.com/techcomm/cad/8331tsde.dwg,https://www.kohler.co.in/p/veil-freestanding-lithocast-bath-8331t?skuId=8331T-0,DWG,cad drawing,asset_002176,False,False,False,False,False,True,False,False,techcomm.kohler.com
8331T-0,CAD Drawing,DXF,https://techcomm.kohler.com/techcomm/cad/8331tsde.dxf,https://www.kohler.co.in/p/veil-freestanding-lithocast-bath-8331t?skuId=8331T-0,DXF,cad drawing,asset_002177,False,False,False,False,False,False,True,False,techcomm.kohler.com
8670IN-4M-CP,3D Model,3DS,https://techcomm.kohler.com/techcomm/cad/8670IN-4M.3ds,https://www.kohler.co.in/p/finial-widespread-lavatory-faucet-with-lever-handles-and-pop-up-drain-in-polished-chrome-8670in-4m?skuId=8670IN-4M-CP,3DS,3d model,asset_002178,True,False,False,True,False,False,False,False,techcomm.kohler.com
8670IN-4M-CP,CAD Drawing,DWG,https://techcomm.kohler.com/techcomm/cad/8670IN-4M.dwg,https://www.kohler.co.in/p/finial-widespread-lavatory-faucet-with-lever-handles-and-pop-up-drain-in-polished-chrome-8670in-4m?skuId=8670IN-4M-CP,DWG,cad drawing,asset_002179,False,False,False,False,False,True,False,False,techcomm.kohler.com
8670IN-4M-CP,CAD Drawing,DXF,https://techcomm.kohler.com/techcomm/cad/8670IN-4M.dxf,https://www.kohler.co.in/p/finial-widespread-lavatory-faucet-with-lever-handles-and-pop-up-drain-in-polished-chrome-8670in-4m?skuId=8670IN-4M-CP,DXF,cad drawing,asset_002180,False,False,False,False,False,False,True,False,techcomm.kohler.com
8670IN-4M-CP,3D Model,OBJ,https://techcomm.kohler.com/techcomm/cad/8670IN-4M.obj,https://www.kohler.co.in/p/finial-widespread-lavatory-faucet-with-lever-handles-and-pop-up-drain-in-polished-chrome-8670in-4m?skuId=8670IN-4M-CP,OBJ,3d model,asset_002181,True,True,False,False,False,False,False,False,techcomm.kohler.com
8670IN-4M-CP,3D Model,SKP,https://techcomm.kohler.com/techcomm/cad/8670IN-4M.skp,https://www.kohler.co.in/p/finial-widespread-lavatory-faucet-with-lever-handles-and-pop-up-drain-in-polished-chrome-8670in-4m?skuId=8670IN-4M-CP,SKP,3d model,asset_002182,True,False,True,False,False,False,False,False,techcomm.kohler.com
8670T-4M-AF,3D Model,3DS,https://techcomm.kohler.com/techcomm/cad/8670T-4M.3ds,https://www.kohler.co.in/p/finial-r-8-203-mm-widespread-bathroom-sink-faucet-8670t-4m?skuId=8670T-4M-AF,3DS,3d model,asset_002183,True,False,False,True,False,False,False,False,techcomm.kohler.com
8670T-4M-AF,3D Model,OBJ,https://techcomm.kohler.com/techcomm/cad/8670T-4M.obj,https://www.kohler.co.in/p/finial-r-8-203-mm-widespread-bathroom-sink-faucet-8670t-4m?skuId=8670T-4M-AF,OBJ,3d model,asset_002184,True,True,False,False,False,False,False,False,techcomm.kohler.com
8670T-4M-AF,3D Model,SKP,https://techcomm.kohler.com/techcomm/cad/8670T-4M.skp,https://www.kohler.co.in/p/finial-r-8-203-mm-widespread-bathroom-sink-faucet-8670t-4m?skuId=8670T-4M-AF,SKP,3d model,asset_002185,True,False,True,False,False,False,False,False,techcomm.kohler.com
8670IN-4M-CP,CAD Drawing,DWG,https://techcomm.kohler.com/techcomm/cad/8670in_4mfrt.dwg,https://www.kohler.co.in/p/finial-widespread-lavatory-faucet-with-lever-handles-and-pop-up-drain-in-polished-chrome-8670in-4m?skuId=8670IN-4M-CP,DWG,cad drawing,asset_002186,False,False,False,False,False,True,False,False,techcomm.kohler.com
8670IN-4M-CP,CAD Drawing,DXF,https://techcomm.kohler.com/techcomm/cad/8670in_4mfrt.dxf,https://www.kohler.co.in/p/finial-widespread-lavatory-faucet-with-lever-handles-and-pop-up-drain-in-polished-chrome-8670in-4m?skuId=8670IN-4M-CP,DXF,cad drawing,asset_002187,False,False,False,False,False,False,True,False,techcomm.kohler.com
8670IN-4M-CP,CAD Drawing,DWG,https://techcomm.kohler.com/techcomm/cad/8670in_4mpln.dwg,https://www.kohler.co.in/p/finial-widespread-lavatory-faucet-with-lever-handles-and-pop-up-drain-in-polished-chrome-8670in-4m?skuId=8670IN-4M-CP,DWG,cad drawing,asset_002188,False,False,False,False,False,True,False,False,techcomm.kohler.com
8670IN-4M-CP,CAD Drawing,DXF,https://techcomm.kohler.com/techcomm/cad/8670in_4mpln.dxf,https://www.kohler.co.in/p/finial-widespread-lavatory-faucet-with-lever-handles-and-pop-up-drain-in-polished-chrome-8670in-4m?skuId=8670IN-4M-CP,DXF,cad drawing,asset_002189,False,False,False,False,False,False,True,False,techcomm.kohler.com
8670IN-4M-CP,CAD Drawing,DWG,https://techcomm.kohler.com/techcomm/cad/8670in_4msde.dwg,https://www.kohler.co.in/p/finial-widespread-lavatory-faucet-with-lever-handles-and-pop-up-drain-in-polished-chrome-8670in-4m?skuId=8670IN-4M-CP,DWG,cad drawing,asset_002190,False,False,False,False,False,True,False,False,techcomm.kohler.com
8670IN-4M-CP,CAD Drawing,DXF,https://techcomm.kohler.com/techcomm/cad/8670in_4msde.dxf,https://www.kohler.co.in/p/finial-widespread-lavatory-faucet-with-lever-handles-and-pop-up-drain-in-polished-chrome-8670in-4m?skuId=8670IN-4M-CP,DXF,cad drawing,asset_002191,False,False,False,False,False,False,True,False,techcomm.kohler.com
8670T-4M-AF,CAD Drawing,DWG,https://techcomm.kohler.com/techcomm/cad/8670t_4mfrt.dwg,https://www.kohler.co.in/p/finial-r-8-203-mm-widespread-bathroom-sink-faucet-8670t-4m?skuId=8670T-4M-AF,DWG,cad drawing,asset_002192,False,False,False,False,False,True,False,False,techcomm.kohler.com
8670T-4M-AF,CAD Drawing,DXF,https://techcomm.kohler.com/techcomm/cad/8670t_4mfrt.dxf,https://www.kohler.co.in/p/finial-r-8-203-mm-widespread-bathroom-sink-faucet-8670t-4m?skuId=8670T-4M-AF,DXF,cad drawing,asset_002193,False,False,False,False,False,False,True,False,techcomm.kohler.com
8670T-4M-AF,CAD Drawing,DWG,https://techcomm.kohler.com/techcomm/cad/8670t_4mpln.dwg,https://www.kohler.co.in/p/finial-r-8-203-mm-widespread-bathroom-sink-faucet-8670t-4m?skuId=8670T-4M-AF,DWG,cad drawing,asset_002194,False,False,False,False,False,True,False,False,techcomm.kohler.com
8670T-4M-AF,CAD Drawing,DXF,https://techcomm.kohler.com/techcomm/cad/8670t_4mpln.dxf,https://www.kohler.co.in/p/finial-r-8-203-mm-widespread-bathroom-sink-faucet-8670t-4m?skuId=8670T-4M-AF,DXF,cad drawing,asset_002195,False,False,False,False,False,False,True,False,techcomm.kohler.com
8670T-4M-AF,CAD Drawing,DWG,https://techcomm.kohler.com/techcomm/cad/8670t_4msde.dwg,https://www.kohler.co.in/p/finial-r-8-203-mm-widespread-bathroom-sink-faucet-8670t-4m?skuId=8670T-4M-AF,DWG,cad drawing,asset_002196,False,False,False,False,False,True,False,False,techcomm.kohler.com
8670T-4M-AF,CAD Drawing,DXF,https://techcomm.kohler.com/techcomm/cad/8670t_4msde.dxf,https://www.kohler.co.in/p/finial-r-8-203-mm-widespread-bathroom-sink-faucet-8670t-4m?skuId=8670T-4M-AF,DXF,cad drawing,asset_002197,False,False,False,False,False,False,True,False,techcomm.kohler.com
8688T-S-0,3D Model,3DS,https://techcomm.kohler.com/techcomm/cad/8688T-S.3ds,https://www.kohler.co.in/p/san-raphael-grande-one-piece-elongated-toilet-with-skirted-trapway-4-8-lpf-8688t-s?skuId=8688T-S-0,3DS,3d model,asset_002198,True,False,False,True,False,False,False,False,techcomm.kohler.com
8688T-S-0,CAD Drawing,DWG,https://techcomm.kohler.com/techcomm/cad/8688T-S.dwg,https://www.kohler.co.in/p/san-raphael-grande-one-piece-elongated-toilet-with-skirted-trapway-4-8-lpf-8688t-s?skuId=8688T-S-0,DWG,cad drawing,asset_002199,False,False,False,False,False,True,False,False,techcomm.kohler.com
8688T-S-0,CAD Drawing,DXF,https://techcomm.kohler.com/techcomm/cad/8688T-S.dxf,https://www.kohler.co.in/p/san-raphael-grande-one-piece-elongated-toilet-with-skirted-trapway-4-8-lpf-8688t-s?skuId=8688T-S-0,DXF,cad drawing,asset_002200,False,False,False,False,False,False,True,False,techcomm.kohler.com
8688T-S-0,3D Model,OBJ,https://techcomm.kohler.com/techcomm/cad/8688T-S.obj,https://www.kohler.co.in/p/san-raphael-grande-one-piece-elongated-toilet-with-skirted-trapway-4-8-lpf-8688t-s?skuId=8688T-S-0,OBJ,3d model,asset_002201,True,True,False,False,False,False,False,False,techcomm.kohler.com
8688T-S-0,3D Model,SKP,https://techcomm.kohler.com/techcomm/cad/8688T-S.skp,https://www.kohler.co.in/p/san-raphael-grande-one-piece-elongated-toilet-with-skirted-trapway-4-8-lpf-8688t-s?skuId=8688T-S-0,SKP,3d model,asset_002202,True,False,True,False,False,False,False,False,techcomm.kohler.com
8688T-S-0,CAD Drawing,DWG,https://techcomm.kohler.com/techcomm/cad/8688t_sfrt.dwg,https://www.kohler.co.in/p/san-raphael-grande-one-piece-elongated-toilet-with-skirted-trapway-4-8-lpf-8688t-s?skuId=8688T-S-0,DWG,cad drawing,asset_002203,False,False,False,False,False,True,False,False,techcomm.kohler.com
8688T-S-0,CAD Drawing,DXF,https://techcomm.kohler.com/techcomm/cad/8688t_sfrt.dxf,https://www.kohler.co.in/p/san-raphael-grande-one-piece-elongated-toilet-with-skirted-trapway-4-8-lpf-8688t-s?skuId=8688T-S-0,DXF,cad drawing,asset_002204,False,False,False,False,False,False,True,False,techcomm.kohler.com
8688T-S-0,CAD Drawing,DWG,https://techcomm.kohler.com/techcomm/cad/8688t_spln.dwg,https://www.kohler.co.in/p/san-raphael-grande-one-piece-elongated-toilet-with-skirted-trapway-4-8-lpf-8688t-s?skuId=8688T-S-0,DWG,cad drawing,asset_002205,False,False,False,False,False,True,False,False,techcomm.kohler.com
8688T-S-0,CAD Drawing,DXF,https://techcomm.kohler.com/techcomm/cad/8688t_spln.dxf,https://www.kohler.co.in/p/san-raphael-grande-one-piece-elongated-toilet-with-skirted-trapway-4-8-lpf-8688t-s?skuId=8688T-S-0,DXF,cad drawing,asset_002206,False,False,False,False,False,False,True,False,techcomm.kohler.com
8688T-S-0,CAD Drawing,DWG,https://techcomm.kohler.com/techcomm/cad/8688t_ssde.dwg,https://www.kohler.co.in/p/san-raphael-grande-one-piece-elongated-toilet-with-skirted-trapway-4-8-lpf-8688t-s?skuId=8688T-S-0,DWG,cad drawing,asset_002207,False,False,False,False,False,True,False,False,techcomm.kohler.com
8688T-S-0,CAD Drawing,DXF,https://techcomm.kohler.com/techcomm/cad/8688t_ssde.dxf,https://www.kohler.co.in/p/san-raphael-grande-one-piece-elongated-toilet-with-skirted-trapway-4-8-lpf-8688t-s?skuId=8688T-S-0,DXF,cad drawing,asset_002208,False,False,False,False,False,False,True,False,techcomm.kohler.com
90011T-0,3D Model,3DS,https://techcomm.kohler.com/techcomm/cad/90011T.3ds,https://www.kohler.co.in/p/mica-vessel-sink-90011t?skuId=90011T-0,3DS,3d model,asset_002209,True,False,False,True,False,False,False,False,techcomm.kohler.com
90011T-0,CAD Drawing,DWG,https://techcomm.kohler.com/techcomm/cad/90011T.dwg,https://www.kohler.co.in/p/mica-vessel-sink-90011t?skuId=90011T-0,DWG,cad drawing,asset_002210,False,False,False,False,False,True,False,False,techcomm.kohler.com
90011T-0,CAD Drawing,DXF,https://techcomm.kohler.com/techcomm/cad/90011T.dxf,https://www.kohler.co.in/p/mica-vessel-sink-90011t?skuId=90011T-0,DXF,cad drawing,asset_002211,False,False,False,False,False,False,True,False,techcomm.kohler.com
90011T-0,3D Model,OBJ,https://techcomm.kohler.com/techcomm/cad/90011T.obj,https://www.kohler.co.in/p/mica-vessel-sink-90011t?skuId=90011T-0,OBJ,3d model,asset_002212,True,True,False,False,False,False,False,False,techcomm.kohler.com
90011T-0,3D Model,SKP,https://techcomm.kohler.com/techcomm/cad/90011T.skp,https://www.kohler.co.in/p/mica-vessel-sink-90011t?skuId=90011T-0,SKP,3d model,asset_002213,True,False,True,False,False,False,False,False,techcomm.kohler.com
90011T-0,CAD Drawing,DWG,https://techcomm.kohler.com/techcomm/cad/90011tfrt.dwg,https://www.kohler.co.in/p/mica-vessel-sink-90011t?skuId=90011T-0,DWG,cad drawing,asset_002214,False,False,False,False,False,True,False,False,techcomm.kohler.com
90011T-0,CAD Drawing,DXF,https://techcomm.kohler.com/techcomm/cad/90011tfrt.dxf,https://www.kohler.co.in/p/mica-vessel-sink-90011t?skuId=90011T-0,DXF,cad drawing,asset_002215,False,False,False,False,False,False,True,False,techcomm.kohler.com
90011T-0,CAD Drawing,DWG,https://techcomm.kohler.com/techcomm/cad/90011tpln.dwg,https://www.kohler.co.in/p/mica-vessel-sink-90011t?skuId=90011T-0,DWG,cad drawing,asset_002216,False,False,False,False,False,True,False,False,techcomm.kohler.com
90011T-0,CAD Drawing,DXF,https://techcomm.kohler.com/techcomm/cad/90011tpln.dxf,https://www.kohler.co.in/p/mica-vessel-sink-90011t?skuId=90011T-0,DXF,cad drawing,asset_002217,False,False,False,False,False,False,True,False,techcomm.kohler.com
90011T-0,CAD Drawing,DWG,https://techcomm.kohler.com/techcomm/cad/90011tsde.dwg,https://www.kohler.co.in/p/mica-vessel-sink-90011t?skuId=90011T-0,DWG,cad drawing,asset_002218,False,False,False,False,False,True,False,False,techcomm.kohler.com
90011T-0,CAD Drawing,DXF,https://techcomm.kohler.com/techcomm/cad/90011tsde.dxf,https://www.kohler.co.in/p/mica-vessel-sink-90011t?skuId=90011T-0,DXF,cad drawing,asset_002219,False,False,False,False,False,False,True,False,techcomm.kohler.com
9301IN-CL-CP,3D Model,3DS,https://techcomm.kohler.com/techcomm/cad/9301IN-CL.3ds,https://www.kohler.co.in/p/modernlife-edge-square-381mm-single-function-rainhead-9301in-cl?skuId=9301IN-CL-CP,3DS,3d model,asset_002220,True,False,False,True,False,False,False,False,techcomm.kohler.com
9301IN-CL-CP,CAD Drawing,DWG,https://techcomm.kohler.com/techcomm/cad/9301IN-CL.dwg,https://www.kohler.co.in/p/modernlife-edge-square-381mm-single-function-rainhead-9301in-cl?skuId=9301IN-CL-CP,DWG,cad drawing,asset_002221,False,False,False,False,False,True,False,False,techcomm.kohler.com
9301IN-CL-CP,CAD Drawing,DXF,https://techcomm.kohler.com/techcomm/cad/9301IN-CL.dxf,https://www.kohler.co.in/p/modernlife-edge-square-381mm-single-function-rainhead-9301in-cl?skuId=9301IN-CL-CP,DXF,cad drawing,asset_002222,False,False,False,False,False,False,True,False,techcomm.kohler.com
9301IN-CL-CP,3D Model,OBJ,https://techcomm.kohler.com/techcomm/cad/9301IN-CL.obj,https://www.kohler.co.in/p/modernlife-edge-square-381mm-single-function-rainhead-9301in-cl?skuId=9301IN-CL-CP,OBJ,3d model,asset_002223,True,True,False,False,False,False,False,False,techcomm.kohler.com
9301IN-CL-CP,3D Model,SKP,https://techcomm.kohler.com/techcomm/cad/9301IN-CL.skp,https://www.kohler.co.in/p/modernlife-edge-square-381mm-single-function-rainhead-9301in-cl?skuId=9301IN-CL-CP,SKP,3d model,asset_002224,True,False,True,False,False,False,False,False,techcomm.kohler.com
9301IN-ZX-RGD,3D Model,3DS,https://techcomm.kohler.com/techcomm/cad/9301IN-ZX.3ds,https://www.kohler.co.in/p/katalyst-air-square-384-mm-single-function-rainhead-22-2-lpm-9301in-zx?skuId=9301IN-ZX-RGD,3DS,3d model,asset_002225,True,False,False,True,False,False,False,False,techcomm.kohler.com
9301IN-ZX-RGD,CAD Drawing,DWG,https://techcomm.kohler.com/techcomm/cad/9301IN-ZX.dwg,https://www.kohler.co.in/p/katalyst-air-square-384-mm-single-function-rainhead-22-2-lpm-9301in-zx?skuId=9301IN-ZX-RGD,DWG,cad drawing,asset_002226,False,False,False,False,False,True,False,False,techcomm.kohler.com
9301IN-ZX-RGD,CAD Drawing,DXF,https://techcomm.kohler.com/techcomm/cad/9301IN-ZX.dxf,https://www.kohler.co.in/p/katalyst-air-square-384-mm-single-function-rainhead-22-2-lpm-9301in-zx?skuId=9301IN-ZX-RGD,DXF,cad drawing,asset_002227,False,False,False,False,False,False,True,False,techcomm.kohler.com
9301IN-ZX-RGD,3D Model,OBJ,https://techcomm.kohler.com/techcomm/cad/9301IN-ZX.obj,https://www.kohler.co.in/p/katalyst-air-square-384-mm-single-function-rainhead-22-2-lpm-9301in-zx?skuId=9301IN-ZX-RGD,OBJ,3d model,asset_002228,True,True,False,False,False,False,False,False,techcomm.kohler.com
9301IN-ZX-RGD,3D Model,SKP,https://techcomm.kohler.com/techcomm/cad/9301IN-ZX.skp,https://www.kohler.co.in/p/katalyst-air-square-384-mm-single-function-rainhead-22-2-lpm-9301in-zx?skuId=9301IN-ZX-RGD,SKP,3d model,asset_002229,True,False,True,False,False,False,False,False,techcomm.kohler.com
9301IN-CL-CP,CAD Drawing,DWG,https://techcomm.kohler.com/techcomm/cad/9301in_clfrt.dwg,https://www.kohler.co.in/p/modernlife-edge-square-381mm-single-function-rainhead-9301in-cl?skuId=9301IN-CL-CP,DWG,cad drawing,asset_002230,False,False,False,False,False,True,False,False,techcomm.kohler.com
9301IN-CL-CP,CAD Drawing,DXF,https://techcomm.kohler.com/techcomm/cad/9301in_clfrt.dxf,https://www.kohler.co.in/p/modernlife-edge-square-381mm-single-function-rainhead-9301in-cl?skuId=9301IN-CL-CP,DXF,cad drawing,asset_002231,False,False,False,False,False,False,True,False,techcomm.kohler.com
9301IN-CL-CP,CAD Drawing,DWG,https://techcomm.kohler.com/techcomm/cad/9301in_clpln.dwg,https://www.kohler.co.in/p/modernlife-edge-square-381mm-single-function-rainhead-9301in-cl?skuId=9301IN-CL-CP,DWG,cad drawing,asset_002232,False,False,False,False,False,True,False,False,techcomm.kohler.com
9301IN-CL-CP,CAD Drawing,DXF,https://techcomm.kohler.com/techcomm/cad/9301in_clpln.dxf,https://www.kohler.co.in/p/modernlife-edge-square-381mm-single-function-rainhead-9301in-cl?skuId=9301IN-CL-CP,DXF,cad drawing,asset_002233,False,False,False,False,False,False,True,False,techcomm.kohler.com
9301IN-CL-CP,CAD Drawing,DWG,https://techcomm.kohler.com/techcomm/cad/9301in_clsde.dwg,https://www.kohler.co.in/p/modernlife-edge-square-381mm-single-function-rainhead-9301in-cl?skuId=9301IN-CL-CP,DWG,cad drawing,asset_002234,False,False,False,False,False,True,False,False,techcomm.kohler.com
9301IN-CL-CP,CAD Drawing,DXF,https://techcomm.kohler.com/techcomm/cad/9301in_clsde.dxf,https://www.kohler.co.in/p/modernlife-edge-square-381mm-single-function-rainhead-9301in-cl?skuId=9301IN-CL-CP,DXF,cad drawing,asset_002235,False,False,False,False,False,False,True,False,techcomm.kohler.com
9301IN-ZX-RGD,CAD Drawing,DWG,https://techcomm.kohler.com/techcomm/cad/9301in_zxfrt.dwg,https://www.kohler.co.in/p/katalyst-air-square-384-mm-single-function-rainhead-22-2-lpm-9301in-zx?skuId=9301IN-ZX-RGD,DWG,cad drawing,asset_002236,False,False,False,False,False,True,False,False,techcomm.kohler.com
9301IN-ZX-RGD,CAD Drawing,DXF,https://techcomm.kohler.com/techcomm/cad/9301in_zxfrt.dxf,https://www.kohler.co.in/p/katalyst-air-square-384-mm-single-function-rainhead-22-2-lpm-9301in-zx?skuId=9301IN-ZX-RGD,DXF,cad drawing,asset_002237,False,False,False,False,False,False,True,False,techcomm.kohler.com
9301IN-ZX-RGD,CAD Drawing,DWG,https://techcomm.kohler.com/techcomm/cad/9301in_zxpln.dwg,https://www.kohler.co.in/p/katalyst-air-square-384-mm-single-function-rainhead-22-2-lpm-9301in-zx?skuId=9301IN-ZX-RGD,DWG,cad drawing,asset_002238,False,False,False,False,False,True,False,False,techcomm.kohler.com
9301IN-ZX-RGD,CAD Drawing,DXF,https://techcomm.kohler.com/techcomm/cad/9301in_zxpln.dxf,https://www.kohler.co.in/p/katalyst-air-square-384-mm-single-function-rainhead-22-2-lpm-9301in-zx?skuId=9301IN-ZX-RGD,DXF,cad drawing,asset_002239,False,False,False,False,False,False,True,False,techcomm.kohler.com
9301IN-ZX-RGD,CAD Drawing,DWG,https://techcomm.kohler.com/techcomm/cad/9301in_zxsde.dwg,https://www.kohler.co.in/p/katalyst-air-square-384-mm-single-function-rainhead-22-2-lpm-9301in-zx?skuId=9301IN-ZX-RGD,DWG,cad drawing,asset_002240,False,False,False,False,False,True,False,False,techcomm.kohler.com
9301IN-ZX-RGD,CAD Drawing,DXF,https://techcomm.kohler.com/techcomm/cad/9301in_zxsde.dxf,https://www.kohler.co.in/p/katalyst-air-square-384-mm-single-function-rainhead-22-2-lpm-9301in-zx?skuId=9301IN-ZX-RGD,DXF,cad drawing,asset_002241,False,False,False,False,False,False,True,False,techcomm.kohler.com
9302IN-CL-CP,3D Model,3DS,https://techcomm.kohler.com/techcomm/cad/9302IN-CL.3ds,https://www.kohler.co.in/p/modernlife-edge-square-330-mm-single-function-rainhead-9302in-cl?skuId=9302IN-CL-CP,3DS,3d model,asset_002242,True,False,False,True,False,False,False,False,techcomm.kohler.com
9302IN-CL-CP,CAD Drawing,DWG,https://techcomm.kohler.com/techcomm/cad/9302IN-CL.dwg,https://www.kohler.co.in/p/modernlife-edge-square-330-mm-single-function-rainhead-9302in-cl?skuId=9302IN-CL-CP,DWG,cad drawing,asset_002243,False,False,False,False,False,True,False,False,techcomm.kohler.com
9302IN-CL-CP,CAD Drawing,DXF,https://techcomm.kohler.com/techcomm/cad/9302IN-CL.dxf,https://www.kohler.co.in/p/modernlife-edge-square-330-mm-single-function-rainhead-9302in-cl?skuId=9302IN-CL-CP,DXF,cad drawing,asset_002244,False,False,False,False,False,False,True,False,techcomm.kohler.com
9302IN-CL-CP,3D Model,OBJ,https://techcomm.kohler.com/techcomm/cad/9302IN-CL.obj,https://www.kohler.co.in/p/modernlife-edge-square-330-mm-single-function-rainhead-9302in-cl?skuId=9302IN-CL-CP,OBJ,3d model,asset_002245,True,True,False,False,False,False,False,False,techcomm.kohler.com
9302IN-CL-CP,3D Model,SKP,https://techcomm.kohler.com/techcomm/cad/9302IN-CL.skp,https://www.kohler.co.in/p/modernlife-edge-square-330-mm-single-function-rainhead-9302in-cl?skuId=9302IN-CL-CP,SKP,3d model,asset_002246,True,False,True,False,False,False,False,False,techcomm.kohler.com
9302IN-CL-CP,CAD Drawing,DWG,https://techcomm.kohler.com/techcomm/cad/9302in_clfrt.dwg,https://www.kohler.co.in/p/modernlife-edge-square-330-mm-single-function-rainhead-9302in-cl?skuId=9302IN-CL-CP,DWG,cad drawing,asset_002247,False,False,False,False,False,True,False,False,techcomm.kohler.com
9302IN-CL-CP,CAD Drawing,DXF,https://techcomm.kohler.com/techcomm/cad/9302in_clfrt.dxf,https://www.kohler.co.in/p/modernlife-edge-square-330-mm-single-function-rainhead-9302in-cl?skuId=9302IN-CL-CP,DXF,cad drawing,asset_002248,False,False,False,False,False,False,True,False,techcomm.kohler.com
9302IN-CL-CP,CAD Drawing,DWG,https://techcomm.kohler.com/techcomm/cad/9302in_clpln.dwg,https://www.kohler.co.in/p/modernlife-edge-square-330-mm-single-function-rainhead-9302in-cl?skuId=9302IN-CL-CP,DWG,cad drawing,asset_002249,False,False,False,False,False,True,False,False,techcomm.kohler.com
9302IN-CL-CP,CAD Drawing,DXF,https://techcomm.kohler.com/techcomm/cad/9302in_clpln.dxf,https://www.kohler.co.in/p/modernlife-edge-square-330-mm-single-function-rainhead-9302in-cl?skuId=9302IN-CL-CP,DXF,cad drawing,asset_002250,False,False,False,False,False,False,True,False,techcomm.kohler.com
9302IN-CL-CP,CAD Drawing,DWG,https://techcomm.kohler.com/techcomm/cad/9302in_clsde.dwg,https://www.kohler.co.in/p/modernlife-edge-square-330-mm-single-function-rainhead-9302in-cl?skuId=9302IN-CL-CP,DWG,cad drawing,asset_002251,False,False,False,False,False,True,False,False,techcomm.kohler.com
9302IN-CL-CP,CAD Drawing,DXF,https://techcomm.kohler.com/techcomm/cad/9302in_clsde.dxf,https://www.kohler.co.in/p/modernlife-edge-square-330-mm-single-function-rainhead-9302in-cl?skuId=9302IN-CL-CP,DXF,cad drawing,asset_002252,False,False,False,False,False,False,True,False,techcomm.kohler.com
97009IN-CP,3D Model,3DS,https://techcomm.kohler.com/techcomm/cad/97009IN.3ds,https://www.kohler.co.in/p/rainduet-square-handshower-w-o-hose-97009in?skuId=97009IN-CP,3DS,3d model,asset_002253,True,False,False,True,False,False,False,False,techcomm.kohler.com
97009IN-CP,CAD Drawing,DWG,https://techcomm.kohler.com/techcomm/cad/97009IN.dwg,https://www.kohler.co.in/p/rainduet-square-handshower-w-o-hose-97009in?skuId=97009IN-CP,DWG,cad drawing,asset_002254,False,False,False,False,False,True,False,False,techcomm.kohler.com
97009IN-CP,CAD Drawing,DXF,https://techcomm.kohler.com/techcomm/cad/97009IN.dxf,https://www.kohler.co.in/p/rainduet-square-handshower-w-o-hose-97009in?skuId=97009IN-CP,DXF,cad drawing,asset_002255,False,False,False,False,False,False,True,False,techcomm.kohler.com
97009IN-CP,3D Model,OBJ,https://techcomm.kohler.com/techcomm/cad/97009IN.obj,https://www.kohler.co.in/p/rainduet-square-handshower-w-o-hose-97009in?skuId=97009IN-CP,OBJ,3d model,asset_002256,True,True,False,False,False,False,False,False,techcomm.kohler.com
97009IN-CP,3D Model,SKP,https://techcomm.kohler.com/techcomm/cad/97009IN.skp,https://www.kohler.co.in/p/rainduet-square-handshower-w-o-hose-97009in?skuId=97009IN-CP,SKP,3d model,asset_002257,True,False,True,False,False,False,False,False,techcomm.kohler.com
97009T-AF,3D Model,3DS,https://techcomm.kohler.com/techcomm/cad/97009T.3ds,https://www.kohler.co.in/p/rain-duet-multi-function-handshower-geo-97009t?skuId=97009T-AF,3DS,3d model,asset_002258,True,False,False,True,False,False,False,False,techcomm.kohler.com
97009T-AF,CAD Drawing,DWG,https://techcomm.kohler.com/techcomm/cad/97009T.dwg,https://www.kohler.co.in/p/rain-duet-multi-function-handshower-geo-97009t?skuId=97009T-AF,DWG,cad drawing,asset_002259,False,False,False,False,False,True,False,False,techcomm.kohler.com
97009T-AF,CAD Drawing,DXF,https://techcomm.kohler.com/techcomm/cad/97009T.dxf,https://www.kohler.co.in/p/rain-duet-multi-function-handshower-geo-97009t?skuId=97009T-AF,DXF,cad drawing,asset_002260,False,False,False,False,False,False,True,False,techcomm.kohler.com
97009T-AF,3D Model,OBJ,https://techcomm.kohler.com/techcomm/cad/97009T.obj,https://www.kohler.co.in/p/rain-duet-multi-function-handshower-geo-97009t?skuId=97009T-AF,OBJ,3d model,asset_002261,True,True,False,False,False,False,False,False,techcomm.kohler.com
97009T-AF,3D Model,SKP,https://techcomm.kohler.com/techcomm/cad/97009T.skp,https://www.kohler.co.in/p/rain-duet-multi-function-handshower-geo-97009t?skuId=97009T-AF,SKP,3d model,asset_002262,True,False,True,False,False,False,False,False,techcomm.kohler.com
97009IN-CP,CAD Drawing,DWG,https://techcomm.kohler.com/techcomm/cad/97009infrt.dwg,https://www.kohler.co.in/p/rainduet-square-handshower-w-o-hose-97009in?skuId=97009IN-CP,DWG,cad drawing,asset_002263,False,False,False,False,False,True,False,False,techcomm.kohler.com
97009IN-CP,CAD Drawing,DXF,https://techcomm.kohler.com/techcomm/cad/97009infrt.dxf,https://www.kohler.co.in/p/rainduet-square-handshower-w-o-hose-97009in?skuId=97009IN-CP,DXF,cad drawing,asset_002264,False,False,False,False,False,False,True,False,techcomm.kohler.com
97009IN-CP,CAD Drawing,DWG,https://techcomm.kohler.com/techcomm/cad/97009inpln.dwg,https://www.kohler.co.in/p/rainduet-square-handshower-w-o-hose-97009in?skuId=97009IN-CP,DWG,cad drawing,asset_002265,False,False,False,False,False,True,False,False,techcomm.kohler.com
97009IN-CP,CAD Drawing,DXF,https://techcomm.kohler.com/techcomm/cad/97009inpln.dxf,https://www.kohler.co.in/p/rainduet-square-handshower-w-o-hose-97009in?skuId=97009IN-CP,DXF,cad drawing,asset_002266,False,False,False,False,False,False,True,False,techcomm.kohler.com
97009IN-CP,CAD Drawing,DWG,https://techcomm.kohler.com/techcomm/cad/97009insde.dwg,https://www.kohler.co.in/p/rainduet-square-handshower-w-o-hose-97009in?skuId=97009IN-CP,DWG,cad drawing,asset_002267,False,False,False,False,False,True,False,False,techcomm.kohler.com
97009IN-CP,CAD Drawing,DXF,https://techcomm.kohler.com/techcomm/cad/97009insde.dxf,https://www.kohler.co.in/p/rainduet-square-handshower-w-o-hose-97009in?skuId=97009IN-CP,DXF,cad drawing,asset_002268,False,False,False,False,False,False,True,False,techcomm.kohler.com
97009T-AF,CAD Drawing,DWG,https://techcomm.kohler.com/techcomm/cad/97009tfrt.dwg,https://www.kohler.co.in/p/rain-duet-multi-function-handshower-geo-97009t?skuId=97009T-AF,DWG,cad drawing,asset_002269,False,False,False,False,False,True,False,False,techcomm.kohler.com
97009T-AF,CAD Drawing,DXF,https://techcomm.kohler.com/techcomm/cad/97009tfrt.dxf,https://www.kohler.co.in/p/rain-duet-multi-function-handshower-geo-97009t?skuId=97009T-AF,DXF,cad drawing,asset_002270,False,False,False,False,False,False,True,False,techcomm.kohler.com
97009T-AF,CAD Drawing,DWG,https://techcomm.kohler.com/techcomm/cad/97009tpln.dwg,https://www.kohler.co.in/p/rain-duet-multi-function-handshower-geo-97009t?skuId=97009T-AF,DWG,cad drawing,asset_002271,False,False,False,False,False,True,False,False,techcomm.kohler.com
97009T-AF,CAD Drawing,DXF,https://techcomm.kohler.com/techcomm/cad/97009tpln.dxf,https://www.kohler.co.in/p/rain-duet-multi-function-handshower-geo-97009t?skuId=97009T-AF,DXF,cad drawing,asset_002272,False,False,False,False,False,False,True,False,techcomm.kohler.com
97009T-AF,CAD Drawing,DWG,https://techcomm.kohler.com/techcomm/cad/97009tsde.dwg,https://www.kohler.co.in/p/rain-duet-multi-function-handshower-geo-97009t?skuId=97009T-AF,DWG,cad drawing,asset_002273,False,False,False,False,False,True,False,False,techcomm.kohler.com
97009T-AF,CAD Drawing,DXF,https://techcomm.kohler.com/techcomm/cad/97009tsde.dxf,https://www.kohler.co.in/p/rain-duet-multi-function-handshower-geo-97009t?skuId=97009T-AF,DXF,cad drawing,asset_002274,False,False,False,False,False,False,True,False,techcomm.kohler.com
97167IN-CP,3D Model,3DS,https://techcomm.kohler.com/techcomm/cad/97167IN.3ds,https://www.kohler.co.in/p/loure-shower-panel-97167in?skuId=97167IN-CP,3DS,3d model,asset_002275,True,False,False,True,False,False,False,False,techcomm.kohler.com
97167IN-CP,CAD Drawing,DWG,https://techcomm.kohler.com/techcomm/cad/97167IN.dwg,https://www.kohler.co.in/p/loure-shower-panel-97167in?skuId=97167IN-CP,DWG,cad drawing,asset_002276,False,False,False,False,False,True,False,False,techcomm.kohler.com
97167IN-CP,CAD Drawing,DXF,https://techcomm.kohler.com/techcomm/cad/97167IN.dxf,https://www.kohler.co.in/p/loure-shower-panel-97167in?skuId=97167IN-CP,DXF,cad drawing,asset_002277,False,False,False,False,False,False,True,False,techcomm.kohler.com
97167IN-CP,3D Model,OBJ,https://techcomm.kohler.com/techcomm/cad/97167IN.obj,https://www.kohler.co.in/p/loure-shower-panel-97167in?skuId=97167IN-CP,OBJ,3d model,asset_002278,True,True,False,False,False,False,False,False,techcomm.kohler.com
97167IN-CP,3D Model,SKP,https://techcomm.kohler.com/techcomm/cad/97167IN.skp,https://www.kohler.co.in/p/loure-shower-panel-97167in?skuId=97167IN-CP,SKP,3d model,asset_002279,True,False,True,False,False,False,False,False,techcomm.kohler.com
97167IN-CP,CAD Drawing,DWG,https://techcomm.kohler.com/techcomm/cad/97167infrt.dwg,https://www.kohler.co.in/p/loure-shower-panel-97167in?skuId=97167IN-CP,DWG,cad drawing,asset_002280,False,False,False,False,False,True,False,False,techcomm.kohler.com
97167IN-CP,CAD Drawing,DXF,https://techcomm.kohler.com/techcomm/cad/97167infrt.dxf,https://www.kohler.co.in/p/loure-shower-panel-97167in?skuId=97167IN-CP,DXF,cad drawing,asset_002281,False,False,False,False,False,False,True,False,techcomm.kohler.com
97167IN-CP,CAD Drawing,DWG,https://techcomm.kohler.com/techcomm/cad/97167inpln.dwg,https://www.kohler.co.in/p/loure-shower-panel-97167in?skuId=97167IN-CP,DWG,cad drawing,asset_002282,False,False,False,False,False,True,False,False,techcomm.kohler.com
97167IN-CP,CAD Drawing,DXF,https://techcomm.kohler.com/techcomm/cad/97167inpln.dxf,https://www.kohler.co.in/p/loure-shower-panel-97167in?skuId=97167IN-CP,DXF,cad drawing,asset_002283,False,False,False,False,False,False,True,False,techcomm.kohler.com
97167IN-CP,CAD Drawing,DWG,https://techcomm.kohler.com/techcomm/cad/97167insde.dwg,https://www.kohler.co.in/p/loure-shower-panel-97167in?skuId=97167IN-CP,DWG,cad drawing,asset_002284,False,False,False,False,False,True,False,False,techcomm.kohler.com
97167IN-CP,CAD Drawing,DXF,https://techcomm.kohler.com/techcomm/cad/97167insde.dxf,https://www.kohler.co.in/p/loure-shower-panel-97167in?skuId=97167IN-CP,DXF,cad drawing,asset_002285,False,False,False,False,False,False,True,False,techcomm.kohler.com
97168IN-BL,3D Model,3DS,https://techcomm.kohler.com/techcomm/cad/97168IN.3ds,https://www.kohler.co.in/p/loure-rectangular-800-mm-x-600-mm-four-function-overhead-shower-panel-11-8-lpm-36-0-lpm-97168in?skuId=97168IN-BL,3DS,3d model,asset_002286,True,False,False,True,False,False,False,False,techcomm.kohler.com
97168IN-BL,CAD Drawing,DWG,https://techcomm.kohler.com/techcomm/cad/97168IN.dwg,https://www.kohler.co.in/p/loure-rectangular-800-mm-x-600-mm-four-function-overhead-shower-panel-11-8-lpm-36-0-lpm-97168in?skuId=97168IN-BL,DWG,cad drawing,asset_002287,False,False,False,False,False,True,False,False,techcomm.kohler.com
97168IN-BL,CAD Drawing,DXF,https://techcomm.kohler.com/techcomm/cad/97168IN.dxf,https://www.kohler.co.in/p/loure-rectangular-800-mm-x-600-mm-four-function-overhead-shower-panel-11-8-lpm-36-0-lpm-97168in?skuId=97168IN-BL,DXF,cad drawing,asset_002288,False,False,False,False,False,False,True,False,techcomm.kohler.com
97168IN-BL,3D Model,OBJ,https://techcomm.kohler.com/techcomm/cad/97168IN.obj,https://www.kohler.co.in/p/loure-rectangular-800-mm-x-600-mm-four-function-overhead-shower-panel-11-8-lpm-36-0-lpm-97168in?skuId=97168IN-BL,OBJ,3d model,asset_002289,True,True,False,False,False,False,False,False,techcomm.kohler.com
97168IN-BL,3D Model,SKP,https://techcomm.kohler.com/techcomm/cad/97168IN.skp,https://www.kohler.co.in/p/loure-rectangular-800-mm-x-600-mm-four-function-overhead-shower-panel-11-8-lpm-36-0-lpm-97168in?skuId=97168IN-BL,SKP,3d model,asset_002290,True,False,True,False,False,False,False,False,techcomm.kohler.com
97168IN-BL,CAD Drawing,DWG,https://techcomm.kohler.com/techcomm/cad/97168infrt.dwg,https://www.kohler.co.in/p/loure-rectangular-800-mm-x-600-mm-four-function-overhead-shower-panel-11-8-lpm-36-0-lpm-97168in?skuId=97168IN-BL,DWG,cad drawing,asset_002291,False,False,False,False,False,True,False,False,techcomm.kohler.com
97168IN-BL,CAD Drawing,DXF,https://techcomm.kohler.com/techcomm/cad/97168infrt.dxf,https://www.kohler.co.in/p/loure-rectangular-800-mm-x-600-mm-four-function-overhead-shower-panel-11-8-lpm-36-0-lpm-97168in?skuId=97168IN-BL,DXF,cad drawing,asset_002292,False,False,False,False,False,False,True,False,techcomm.kohler.com
97168IN-BL,CAD Drawing,DWG,https://techcomm.kohler.com/techcomm/cad/97168inpln.dwg,https://www.kohler.co.in/p/loure-rectangular-800-mm-x-600-mm-four-function-overhead-shower-panel-11-8-lpm-36-0-lpm-97168in?skuId=97168IN-BL,DWG,cad drawing,asset_002293,False,False,False,False,False,True,False,False,techcomm.kohler.com
97168IN-BL,CAD Drawing,DXF,https://techcomm.kohler.com/techcomm/cad/97168inpln.dxf,https://www.kohler.co.in/p/loure-rectangular-800-mm-x-600-mm-four-function-overhead-shower-panel-11-8-lpm-36-0-lpm-97168in?skuId=97168IN-BL,DXF,cad drawing,asset_002294,False,False,False,False,False,False,True,False,techcomm.kohler.com
97168IN-BL,CAD Drawing,DWG,https://techcomm.kohler.com/techcomm/cad/97168insde.dwg,https://www.kohler.co.in/p/loure-rectangular-800-mm-x-600-mm-four-function-overhead-shower-panel-11-8-lpm-36-0-lpm-97168in?skuId=97168IN-BL,DWG,cad drawing,asset_002295,False,False,False,False,False,True,False,False,techcomm.kohler.com
97168IN-BL,CAD Drawing,DXF,https://techcomm.kohler.com/techcomm/cad/97168insde.dxf,https://www.kohler.co.in/p/loure-rectangular-800-mm-x-600-mm-four-function-overhead-shower-panel-11-8-lpm-36-0-lpm-97168in?skuId=97168IN-BL,DXF,cad drawing,asset_002296,False,False,False,False,False,False,True,False,techcomm.kohler.com
97347-4-BL,3D Model,3DS,https://techcomm.kohler.com/techcomm/cad/97347-4.3ds,https://www.kohler.co.in/p/avid-tall-single-handle-bathroom-sink-faucet-97347-4?skuId=97347-4-BL,3DS,3d model,asset_002297,True,False,False,True,False,False,False,False,techcomm.kohler.com
97347-4-BL,CAD Drawing,DWG,https://techcomm.kohler.com/techcomm/cad/97347-4.dwg,https://www.kohler.co.in/p/avid-tall-single-handle-bathroom-sink-faucet-97347-4?skuId=97347-4-BL,DWG,cad drawing,asset_002298,False,False,False,False,False,True,False,False,techcomm.kohler.com
97347-4-BL,CAD Drawing,DXF,https://techcomm.kohler.com/techcomm/cad/97347-4.dxf,https://www.kohler.co.in/p/avid-tall-single-handle-bathroom-sink-faucet-97347-4?skuId=97347-4-BL,DXF,cad drawing,asset_002299,False,False,False,False,False,False,True,False,techcomm.kohler.com
97347-4-BL,3D Model,OBJ,https://techcomm.kohler.com/techcomm/cad/97347-4.obj,https://www.kohler.co.in/p/avid-tall-single-handle-bathroom-sink-faucet-97347-4?skuId=97347-4-BL,OBJ,3d model,asset_002300,True,True,False,False,False,False,False,False,techcomm.kohler.com
97347-4-BL,3D Model,SKP,https://techcomm.kohler.com/techcomm/cad/97347-4.skp,https://www.kohler.co.in/p/avid-tall-single-handle-bathroom-sink-faucet-97347-4?skuId=97347-4-BL,SKP,3d model,asset_002301,True,False,True,False,False,False,False,False,techcomm.kohler.com
97347IN-4-CP,3D Model,3DS,https://techcomm.kohler.com/techcomm/cad/97347IN-4.3ds,https://www.kohler.co.in/p/avid-single-control-tall-lavatory-faucet-with-drain-in-polished-chrome-97347in-4?skuId=97347IN-4-CP,3DS,3d model,asset_002302,True,False,False,True,False,False,False,False,techcomm.kohler.com
97347IN-4-CP,CAD Drawing,DWG,https://techcomm.kohler.com/techcomm/cad/97347IN-4.dwg,https://www.kohler.co.in/p/avid-single-control-tall-lavatory-faucet-with-drain-in-polished-chrome-97347in-4?skuId=97347IN-4-CP,DWG,cad drawing,asset_002303,False,False,False,False,False,True,False,False,techcomm.kohler.com
97347IN-4-CP,CAD Drawing,DXF,https://techcomm.kohler.com/techcomm/cad/97347IN-4.dxf,https://www.kohler.co.in/p/avid-single-control-tall-lavatory-faucet-with-drain-in-polished-chrome-97347in-4?skuId=97347IN-4-CP,DXF,cad drawing,asset_002304,False,False,False,False,False,False,True,False,techcomm.kohler.com
97347IN-4-CP,3D Model,OBJ,https://techcomm.kohler.com/techcomm/cad/97347IN-4.obj,https://www.kohler.co.in/p/avid-single-control-tall-lavatory-faucet-with-drain-in-polished-chrome-97347in-4?skuId=97347IN-4-CP,OBJ,3d model,asset_002305,True,True,False,False,False,False,False,False,techcomm.kohler.com
97347IN-4-CP,3D Model,SKP,https://techcomm.kohler.com/techcomm/cad/97347IN-4.skp,https://www.kohler.co.in/p/avid-single-control-tall-lavatory-faucet-with-drain-in-polished-chrome-97347in-4?skuId=97347IN-4-CP,SKP,3d model,asset_002306,True,False,True,False,False,False,False,False,techcomm.kohler.com
97347T-4-RGD,3D Model,3DS,https://techcomm.kohler.com/techcomm/cad/97347T-4.3ds,https://www.kohler.co.in/p/avid-tall-single-handle-bathroom-sink-faucet-97347t-4?skuId=97347T-4-RGD,3DS,3d model,asset_002307,True,False,False,True,False,False,False,False,techcomm.kohler.com
97347T-4-RGD,CAD Drawing,DWG,https://techcomm.kohler.com/techcomm/cad/97347T-4.dwg,https://www.kohler.co.in/p/avid-tall-single-handle-bathroom-sink-faucet-97347t-4?skuId=97347T-4-RGD,DWG,cad drawing,asset_002308,False,False,False,False,False,True,False,False,techcomm.kohler.com
97347T-4-RGD,CAD Drawing,DXF,https://techcomm.kohler.com/techcomm/cad/97347T-4.dxf,https://www.kohler.co.in/p/avid-tall-single-handle-bathroom-sink-faucet-97347t-4?skuId=97347T-4-RGD,DXF,cad drawing,asset_002309,False,False,False,False,False,False,True,False,techcomm.kohler.com
97347T-4-RGD,3D Model,OBJ,https://techcomm.kohler.com/techcomm/cad/97347T-4.obj,https://www.kohler.co.in/p/avid-tall-single-handle-bathroom-sink-faucet-97347t-4?skuId=97347T-4-RGD,OBJ,3d model,asset_002310,True,True,False,False,False,False,False,False,techcomm.kohler.com
97347T-4-RGD,3D Model,SKP,https://techcomm.kohler.com/techcomm/cad/97347T-4.skp,https://www.kohler.co.in/p/avid-tall-single-handle-bathroom-sink-faucet-97347t-4?skuId=97347T-4-RGD,SKP,3d model,asset_002311,True,False,True,False,False,False,False,False,techcomm.kohler.com
97347-4-BL,CAD Drawing,DWG,https://techcomm.kohler.com/techcomm/cad/97347_4frt.dwg,https://www.kohler.co.in/p/avid-tall-single-handle-bathroom-sink-faucet-97347-4?skuId=97347-4-BL,DWG,cad drawing,asset_002312,False,False,False,False,False,True,False,False,techcomm.kohler.com
97347-4-BL,CAD Drawing,DXF,https://techcomm.kohler.com/techcomm/cad/97347_4frt.dxf,https://www.kohler.co.in/p/avid-tall-single-handle-bathroom-sink-faucet-97347-4?skuId=97347-4-BL,DXF,cad drawing,asset_002313,False,False,False,False,False,False,True,False,techcomm.kohler.com
97347-4-BL,CAD Drawing,DWG,https://techcomm.kohler.com/techcomm/cad/97347_4pln.dwg,https://www.kohler.co.in/p/avid-tall-single-handle-bathroom-sink-faucet-97347-4?skuId=97347-4-BL,DWG,cad drawing,asset_002314,False,False,False,False,False,True,False,False,techcomm.kohler.com
97347-4-BL,CAD Drawing,DXF,https://techcomm.kohler.com/techcomm/cad/97347_4pln.dxf,https://www.kohler.co.in/p/avid-tall-single-handle-bathroom-sink-faucet-97347-4?skuId=97347-4-BL,DXF,cad drawing,asset_002315,False,False,False,False,False,False,True,False,techcomm.kohler.com
97347-4-BL,CAD Drawing,DWG,https://techcomm.kohler.com/techcomm/cad/97347_4sde.dwg,https://www.kohler.co.in/p/avid-tall-single-handle-bathroom-sink-faucet-97347-4?skuId=97347-4-BL,DWG,cad drawing,asset_002316,False,False,False,False,False,True,False,False,techcomm.kohler.com
97347-4-BL,CAD Drawing,DXF,https://techcomm.kohler.com/techcomm/cad/97347_4sde.dxf,https://www.kohler.co.in/p/avid-tall-single-handle-bathroom-sink-faucet-97347-4?skuId=97347-4-BL,DXF,cad drawing,asset_002317,False,False,False,False,False,False,True,False,techcomm.kohler.com
97347IN-4-CP,CAD Drawing,DWG,https://techcomm.kohler.com/techcomm/cad/97347in_4frt.dwg,https://www.kohler.co.in/p/avid-single-control-tall-lavatory-faucet-with-drain-in-polished-chrome-97347in-4?skuId=97347IN-4-CP,DWG,cad drawing,asset_002318,False,False,False,False,False,True,False,False,techcomm.kohler.com
97347IN-4-CP,CAD Drawing,DXF,https://techcomm.kohler.com/techcomm/cad/97347in_4frt.dxf,https://www.kohler.co.in/p/avid-single-control-tall-lavatory-faucet-with-drain-in-polished-chrome-97347in-4?skuId=97347IN-4-CP,DXF,cad drawing,asset_002319,False,False,False,False,False,False,True,False,techcomm.kohler.com
97347IN-4-CP,CAD Drawing,DWG,https://techcomm.kohler.com/techcomm/cad/97347in_4pln.dwg,https://www.kohler.co.in/p/avid-single-control-tall-lavatory-faucet-with-drain-in-polished-chrome-97347in-4?skuId=97347IN-4-CP,DWG,cad drawing,asset_002320,False,False,False,False,False,True,False,False,techcomm.kohler.com
97347IN-4-CP,CAD Drawing,DXF,https://techcomm.kohler.com/techcomm/cad/97347in_4pln.dxf,https://www.kohler.co.in/p/avid-single-control-tall-lavatory-faucet-with-drain-in-polished-chrome-97347in-4?skuId=97347IN-4-CP,DXF,cad drawing,asset_002321,False,False,False,False,False,False,True,False,techcomm.kohler.com
97347IN-4-CP,CAD Drawing,DWG,https://techcomm.kohler.com/techcomm/cad/97347in_4sde.dwg,https://www.kohler.co.in/p/avid-single-control-tall-lavatory-faucet-with-drain-in-polished-chrome-97347in-4?skuId=97347IN-4-CP,DWG,cad drawing,asset_002322,False,False,False,False,False,True,False,False,techcomm.kohler.com
97347IN-4-CP,CAD Drawing,DXF,https://techcomm.kohler.com/techcomm/cad/97347in_4sde.dxf,https://www.kohler.co.in/p/avid-single-control-tall-lavatory-faucet-with-drain-in-polished-chrome-97347in-4?skuId=97347IN-4-CP,DXF,cad drawing,asset_002323,False,False,False,False,False,False,True,False,techcomm.kohler.com
97347T-4-RGD,CAD Drawing,DWG,https://techcomm.kohler.com/techcomm/cad/97347t_4frt.dwg,https://www.kohler.co.in/p/avid-tall-single-handle-bathroom-sink-faucet-97347t-4?skuId=97347T-4-RGD,DWG,cad drawing,asset_002324,False,False,False,False,False,True,False,False,techcomm.kohler.com
97347T-4-RGD,CAD Drawing,DXF,https://techcomm.kohler.com/techcomm/cad/97347t_4frt.dxf,https://www.kohler.co.in/p/avid-tall-single-handle-bathroom-sink-faucet-97347t-4?skuId=97347T-4-RGD,DXF,cad drawing,asset_002325,False,False,False,False,False,False,True,False,techcomm.kohler.com
97347T-4-RGD,CAD Drawing,DWG,https://techcomm.kohler.com/techcomm/cad/97347t_4pln.dwg,https://www.kohler.co.in/p/avid-tall-single-handle-bathroom-sink-faucet-97347t-4?skuId=97347T-4-RGD,DWG,cad drawing,asset_002326,False,False,False,False,False,True,False,False,techcomm.kohler.com
97347T-4-RGD,CAD Drawing,DXF,https://techcomm.kohler.com/techcomm/cad/97347t_4pln.dxf,https://www.kohler.co.in/p/avid-tall-single-handle-bathroom-sink-faucet-97347t-4?skuId=97347T-4-RGD,DXF,cad drawing,asset_002327,False,False,False,False,False,False,True,False,techcomm.kohler.com
97347T-4-RGD,CAD Drawing,DWG,https://techcomm.kohler.com/techcomm/cad/97347t_4sde.dwg,https://www.kohler.co.in/p/avid-tall-single-handle-bathroom-sink-faucet-97347t-4?skuId=97347T-4-RGD,DWG,cad drawing,asset_002328,False,False,False,False,False,True,False,False,techcomm.kohler.com
97347T-4-RGD,CAD Drawing,DXF,https://techcomm.kohler.com/techcomm/cad/97347t_4sde.dxf,https://www.kohler.co.in/p/avid-tall-single-handle-bathroom-sink-faucet-97347t-4?skuId=97347T-4-RGD,DXF,cad drawing,asset_002329,False,False,False,False,False,False,True,False,techcomm.kohler.com
97358IN-4ND-CP,3D Model,3DS,https://techcomm.kohler.com/techcomm/cad/97358IN-4ND.3ds,https://www.kohler.co.in/p/avid-single-control-wall-mount-lavatory-faucet-without-drain-97358in-4nd?skuId=97358IN-4ND-CP,3DS,3d model,asset_002330,True,False,False,True,False,False,False,False,techcomm.kohler.com
97358IN-4ND-CP,CAD Drawing,DWG,https://techcomm.kohler.com/techcomm/cad/97358IN-4ND.dwg,https://www.kohler.co.in/p/avid-single-control-wall-mount-lavatory-faucet-without-drain-97358in-4nd?skuId=97358IN-4ND-CP,DWG,cad drawing,asset_002331,False,False,False,False,False,True,False,False,techcomm.kohler.com
97358IN-4ND-CP,CAD Drawing,DXF,https://techcomm.kohler.com/techcomm/cad/97358IN-4ND.dxf,https://www.kohler.co.in/p/avid-single-control-wall-mount-lavatory-faucet-without-drain-97358in-4nd?skuId=97358IN-4ND-CP,DXF,cad drawing,asset_002332,False,False,False,False,False,False,True,False,techcomm.kohler.com
97358IN-4ND-CP,3D Model,OBJ,https://techcomm.kohler.com/techcomm/cad/97358IN-4ND.obj,https://www.kohler.co.in/p/avid-single-control-wall-mount-lavatory-faucet-without-drain-97358in-4nd?skuId=97358IN-4ND-CP,OBJ,3d model,asset_002333,True,True,False,False,False,False,False,False,techcomm.kohler.com
97358IN-4ND-CP,3D Model,SKP,https://techcomm.kohler.com/techcomm/cad/97358IN-4ND.skp,https://www.kohler.co.in/p/avid-single-control-wall-mount-lavatory-faucet-without-drain-97358in-4nd?skuId=97358IN-4ND-CP,SKP,3d model,asset_002334,True,False,True,False,False,False,False,False,techcomm.kohler.com
97358IN-4ND-CP,CAD Drawing,DWG,https://techcomm.kohler.com/techcomm/cad/97358in_4ndfrt.dwg,https://www.kohler.co.in/p/avid-single-control-wall-mount-lavatory-faucet-without-drain-97358in-4nd?skuId=97358IN-4ND-CP,DWG,cad drawing,asset_002335,False,False,False,False,False,True,False,False,techcomm.kohler.com
97358IN-4ND-CP,CAD Drawing,DXF,https://techcomm.kohler.com/techcomm/cad/97358in_4ndfrt.dxf,https://www.kohler.co.in/p/avid-single-control-wall-mount-lavatory-faucet-without-drain-97358in-4nd?skuId=97358IN-4ND-CP,DXF,cad drawing,asset_002336,False,False,False,False,False,False,True,False,techcomm.kohler.com
97358IN-4ND-CP,CAD Drawing,DWG,https://techcomm.kohler.com/techcomm/cad/97358in_4ndpln.dwg,https://www.kohler.co.in/p/avid-single-control-wall-mount-lavatory-faucet-without-drain-97358in-4nd?skuId=97358IN-4ND-CP,DWG,cad drawing,asset_002337,False,False,False,False,False,True,False,False,techcomm.kohler.com
97358IN-4ND-CP,CAD Drawing,DXF,https://techcomm.kohler.com/techcomm/cad/97358in_4ndpln.dxf,https://www.kohler.co.in/p/avid-single-control-wall-mount-lavatory-faucet-without-drain-97358in-4nd?skuId=97358IN-4ND-CP,DXF,cad drawing,asset_002338,False,False,False,False,False,False,True,False,techcomm.kohler.com
97358IN-4ND-CP,CAD Drawing,DWG,https://techcomm.kohler.com/techcomm/cad/97358in_4ndsde.dwg,https://www.kohler.co.in/p/avid-single-control-wall-mount-lavatory-faucet-without-drain-97358in-4nd?skuId=97358IN-4ND-CP,DWG,cad drawing,asset_002339,False,False,False,False,False,True,False,False,techcomm.kohler.com
97358IN-4ND-CP,CAD Drawing,DXF,https://techcomm.kohler.com/techcomm/cad/97358in_4ndsde.dxf,https://www.kohler.co.in/p/avid-single-control-wall-mount-lavatory-faucet-without-drain-97358in-4nd?skuId=97358IN-4ND-CP,DXF,cad drawing,asset_002340,False,False,False,False,False,False,True,False,techcomm.kohler.com
97367T-B4-CP,3D Model,3DS,https://techcomm.kohler.com/techcomm/cad/97367T-B4.3ds,https://www.kohler.co.in/p/avid-floor-mount-bath-filler-with-handshower-97367t-b4?skuId=97367T-B4-CP,3DS,3d model,asset_002341,True,False,False,True,False,False,False,False,techcomm.kohler.com
97367T-B4-CP,CAD Drawing,DWG,https://techcomm.kohler.com/techcomm/cad/97367T-B4.dwg,https://www.kohler.co.in/p/avid-floor-mount-bath-filler-with-handshower-97367t-b4?skuId=97367T-B4-CP,DWG,cad drawing,asset_002342,False,False,False,False,False,True,False,False,techcomm.kohler.com
97367T-B4-CP,CAD Drawing,DXF,https://techcomm.kohler.com/techcomm/cad/97367T-B4.dxf,https://www.kohler.co.in/p/avid-floor-mount-bath-filler-with-handshower-97367t-b4?skuId=97367T-B4-CP,DXF,cad drawing,asset_002343,False,False,False,False,False,False,True,False,techcomm.kohler.com
97367T-B4-CP,3D Model,OBJ,https://techcomm.kohler.com/techcomm/cad/97367T-B4.obj,https://www.kohler.co.in/p/avid-floor-mount-bath-filler-with-handshower-97367t-b4?skuId=97367T-B4-CP,OBJ,3d model,asset_002344,True,True,False,False,False,False,False,False,techcomm.kohler.com
97367T-B4-CP,3D Model,SKP,https://techcomm.kohler.com/techcomm/cad/97367T-B4.skp,https://www.kohler.co.in/p/avid-floor-mount-bath-filler-with-handshower-97367t-b4?skuId=97367T-B4-CP,SKP,3d model,asset_002345,True,False,True,False,False,False,False,False,techcomm.kohler.com
97367T-B4-CP,CAD Drawing,DWG,https://techcomm.kohler.com/techcomm/cad/97367t_b4frt.dwg,https://www.kohler.co.in/p/avid-floor-mount-bath-filler-with-handshower-97367t-b4?skuId=97367T-B4-CP,DWG,cad drawing,asset_002346,False,False,False,False,False,True,False,False,techcomm.kohler.com
97367T-B4-CP,CAD Drawing,DXF,https://techcomm.kohler.com/techcomm/cad/97367t_b4frt.dxf,https://www.kohler.co.in/p/avid-floor-mount-bath-filler-with-handshower-97367t-b4?skuId=97367T-B4-CP,DXF,cad drawing,asset_002347,False,False,False,False,False,False,True,False,techcomm.kohler.com
97367T-B4-CP,CAD Drawing,DWG,https://techcomm.kohler.com/techcomm/cad/97367t_b4pln.dwg,https://www.kohler.co.in/p/avid-floor-mount-bath-filler-with-handshower-97367t-b4?skuId=97367T-B4-CP,DWG,cad drawing,asset_002348,False,False,False,False,False,True,False,False,techcomm.kohler.com
97367T-B4-CP,CAD Drawing,DXF,https://techcomm.kohler.com/techcomm/cad/97367t_b4pln.dxf,https://www.kohler.co.in/p/avid-floor-mount-bath-filler-with-handshower-97367t-b4?skuId=97367T-B4-CP,DXF,cad drawing,asset_002349,False,False,False,False,False,False,True,False,techcomm.kohler.com
97367T-B4-CP,CAD Drawing,DWG,https://techcomm.kohler.com/techcomm/cad/97367t_b4sde.dwg,https://www.kohler.co.in/p/avid-floor-mount-bath-filler-with-handshower-97367t-b4?skuId=97367T-B4-CP,DWG,cad drawing,asset_002350,False,False,False,False,False,True,False,False,techcomm.kohler.com
97367T-B4-CP,CAD Drawing,DXF,https://techcomm.kohler.com/techcomm/cad/97367t_b4sde.dxf,https://www.kohler.co.in/p/avid-floor-mount-bath-filler-with-handshower-97367t-b4?skuId=97367T-B4-CP,DXF,cad drawing,asset_002351,False,False,False,False,False,False,True,False,techcomm.kohler.com
97904T-NA,3D Model,3DS,https://techcomm.kohler.com/techcomm/cad/97904T.3ds,https://www.kohler.co.in/p/floormount-bath-shower-fau-mounting-base-97904t?skuId=97904T-NA,3DS,3d model,asset_002352,True,False,False,True,False,False,False,False,techcomm.kohler.com
97904T-NA,CAD Drawing,DWG,https://techcomm.kohler.com/techcomm/cad/97904T.dwg,https://www.kohler.co.in/p/floormount-bath-shower-fau-mounting-base-97904t?skuId=97904T-NA,DWG,cad drawing,asset_002353,False,False,False,False,False,True,False,False,techcomm.kohler.com
97904T-NA,CAD Drawing,DXF,https://techcomm.kohler.com/techcomm/cad/97904T.dxf,https://www.kohler.co.in/p/floormount-bath-shower-fau-mounting-base-97904t?skuId=97904T-NA,DXF,cad drawing,asset_002354,False,False,False,False,False,False,True,False,techcomm.kohler.com
97904T-NA,3D Model,OBJ,https://techcomm.kohler.com/techcomm/cad/97904T.obj,https://www.kohler.co.in/p/floormount-bath-shower-fau-mounting-base-97904t?skuId=97904T-NA,OBJ,3d model,asset_002355,True,True,False,False,False,False,False,False,techcomm.kohler.com
97904T-NA,3D Model,SKP,https://techcomm.kohler.com/techcomm/cad/97904T.skp,https://www.kohler.co.in/p/floormount-bath-shower-fau-mounting-base-97904t?skuId=97904T-NA,SKP,3d model,asset_002356,True,False,True,False,False,False,False,False,techcomm.kohler.com
97904T-NA,CAD Drawing,DWG,https://techcomm.kohler.com/techcomm/cad/97904tfrt.dwg,https://www.kohler.co.in/p/floormount-bath-shower-fau-mounting-base-97904t?skuId=97904T-NA,DWG,cad drawing,asset_002357,False,False,False,False,False,True,False,False,techcomm.kohler.com
97904T-NA,CAD Drawing,DXF,https://techcomm.kohler.com/techcomm/cad/97904tfrt.dxf,https://www.kohler.co.in/p/floormount-bath-shower-fau-mounting-base-97904t?skuId=97904T-NA,DXF,cad drawing,asset_002358,False,False,False,False,False,False,True,False,techcomm.kohler.com
97904T-NA,CAD Drawing,DWG,https://techcomm.kohler.com/techcomm/cad/97904tpln.dwg,https://www.kohler.co.in/p/floormount-bath-shower-fau-mounting-base-97904t?skuId=97904T-NA,DWG,cad drawing,asset_002359,False,False,False,False,False,True,False,False,techcomm.kohler.com
97904T-NA,CAD Drawing,DXF,https://techcomm.kohler.com/techcomm/cad/97904tpln.dxf,https://www.kohler.co.in/p/floormount-bath-shower-fau-mounting-base-97904t?skuId=97904T-NA,DXF,cad drawing,asset_002360,False,False,False,False,False,False,True,False,techcomm.kohler.com
97904T-NA,CAD Drawing,DWG,https://techcomm.kohler.com/techcomm/cad/97904tsde.dwg,https://www.kohler.co.in/p/floormount-bath-shower-fau-mounting-base-97904t?skuId=97904T-NA,DWG,cad drawing,asset_002361,False,False,False,False,False,True,False,False,techcomm.kohler.com
97904T-NA,CAD Drawing,DXF,https://techcomm.kohler.com/techcomm/cad/97904tsde.dxf,https://www.kohler.co.in/p/floormount-bath-shower-fau-mounting-base-97904t?skuId=97904T-NA,DXF,cad drawing,asset_002362,False,False,False,False,False,False,True,False,techcomm.kohler.com
97905T-NA,3D Model,3DS,https://techcomm.kohler.com/techcomm/cad/97905T.3ds,https://www.kohler.co.in/p/mounting-block-97905t?skuId=97905T-NA,3DS,3d model,asset_002363,True,False,False,True,False,False,False,False,techcomm.kohler.com
97905T-NA,CAD Drawing,DWG,https://techcomm.kohler.com/techcomm/cad/97905T.dwg,https://www.kohler.co.in/p/mounting-block-97905t?skuId=97905T-NA,DWG,cad drawing,asset_002364,False,False,False,False,False,True,False,False,techcomm.kohler.com
97905T-NA,CAD Drawing,DXF,https://techcomm.kohler.com/techcomm/cad/97905T.dxf,https://www.kohler.co.in/p/mounting-block-97905t?skuId=97905T-NA,DXF,cad drawing,asset_002365,False,False,False,False,False,False,True,False,techcomm.kohler.com
97905T-NA,3D Model,OBJ,https://techcomm.kohler.com/techcomm/cad/97905T.obj,https://www.kohler.co.in/p/mounting-block-97905t?skuId=97905T-NA,OBJ,3d model,asset_002366,True,True,False,False,False,False,False,False,techcomm.kohler.com
97905T-NA,3D Model,SKP,https://techcomm.kohler.com/techcomm/cad/97905T.skp,https://www.kohler.co.in/p/mounting-block-97905t?skuId=97905T-NA,SKP,3d model,asset_002367,True,False,True,False,False,False,False,False,techcomm.kohler.com
97905T-NA,CAD Drawing,DWG,https://techcomm.kohler.com/techcomm/cad/97905tfrt.dwg,https://www.kohler.co.in/p/mounting-block-97905t?skuId=97905T-NA,DWG,cad drawing,asset_002368,False,False,False,False,False,True,False,False,techcomm.kohler.com
97905T-NA,CAD Drawing,DXF,https://techcomm.kohler.com/techcomm/cad/97905tfrt.dxf,https://www.kohler.co.in/p/mounting-block-97905t?skuId=97905T-NA,DXF,cad drawing,asset_002369,False,False,False,False,False,False,True,False,techcomm.kohler.com
97905T-NA,CAD Drawing,DWG,https://techcomm.kohler.com/techcomm/cad/97905tpln.dwg,https://www.kohler.co.in/p/mounting-block-97905t?skuId=97905T-NA,DWG,cad drawing,asset_002370,False,False,False,False,False,True,False,False,techcomm.kohler.com
97905T-NA,CAD Drawing,DXF,https://techcomm.kohler.com/techcomm/cad/97905tpln.dxf,https://www.kohler.co.in/p/mounting-block-97905t?skuId=97905T-NA,DXF,cad drawing,asset_002371,False,False,False,False,False,False,True,False,techcomm.kohler.com
97905T-NA,CAD Drawing,DWG,https://techcomm.kohler.com/techcomm/cad/97905tsde.dwg,https://www.kohler.co.in/p/mounting-block-97905t?skuId=97905T-NA,DWG,cad drawing,asset_002372,False,False,False,False,False,True,False,False,techcomm.kohler.com
97905T-NA,CAD Drawing,DXF,https://techcomm.kohler.com/techcomm/cad/97905tsde.dxf,https://www.kohler.co.in/p/mounting-block-97905t?skuId=97905T-NA,DXF,cad drawing,asset_002373,False,False,False,False,False,False,True,False,techcomm.kohler.com
98068T-3M-CP,3D Model,3DS,https://techcomm.kohler.com/techcomm/cad/98068T-3M.3ds,https://www.kohler.co.in/p/artifacts-classic-style-handles-98068t-3m?skuId=98068T-3M-CP,3DS,3d model,asset_002374,True,False,False,True,False,False,False,False,techcomm.kohler.com
98068T-3M-CP,CAD Drawing,DWG,https://techcomm.kohler.com/techcomm/cad/98068T-3M.dwg,https://www.kohler.co.in/p/artifacts-classic-style-handles-98068t-3m?skuId=98068T-3M-CP,DWG,cad drawing,asset_002375,False,False,False,False,False,True,False,False,techcomm.kohler.com
98068T-3M-CP,CAD Drawing,DXF,https://techcomm.kohler.com/techcomm/cad/98068T-3M.dxf,https://www.kohler.co.in/p/artifacts-classic-style-handles-98068t-3m?skuId=98068T-3M-CP,DXF,cad drawing,asset_002376,False,False,False,False,False,False,True,False,techcomm.kohler.com
98068T-3M-CP,3D Model,OBJ,https://techcomm.kohler.com/techcomm/cad/98068T-3M.obj,https://www.kohler.co.in/p/artifacts-classic-style-handles-98068t-3m?skuId=98068T-3M-CP,OBJ,3d model,asset_002377,True,True,False,False,False,False,False,False,techcomm.kohler.com
98068T-3M-CP,3D Model,SKP,https://techcomm.kohler.com/techcomm/cad/98068T-3M.skp,https://www.kohler.co.in/p/artifacts-classic-style-handles-98068t-3m?skuId=98068T-3M-CP,SKP,3d model,asset_002378,True,False,True,False,False,False,False,False,techcomm.kohler.com
98068T-9M-CP,3D Model,3DS,https://techcomm.kohler.com/techcomm/cad/98068T-9M.3ds,https://www.kohler.co.in/p/artifacts-swing-lever-handles-98068t-9m?skuId=98068T-9M-CP,3DS,3d model,asset_002379,True,False,False,True,False,False,False,False,techcomm.kohler.com
98068T-9M-CP,CAD Drawing,DWG,https://techcomm.kohler.com/techcomm/cad/98068T-9M.dwg,https://www.kohler.co.in/p/artifacts-swing-lever-handles-98068t-9m?skuId=98068T-9M-CP,DWG,cad drawing,asset_002380,False,False,False,False,False,True,False,False,techcomm.kohler.com
98068T-9M-CP,CAD Drawing,DXF,https://techcomm.kohler.com/techcomm/cad/98068T-9M.dxf,https://www.kohler.co.in/p/artifacts-swing-lever-handles-98068t-9m?skuId=98068T-9M-CP,DXF,cad drawing,asset_002381,False,False,False,False,False,False,True,False,techcomm.kohler.com
98068T-9M-CP,3D Model,OBJ,https://techcomm.kohler.com/techcomm/cad/98068T-9M.obj,https://www.kohler.co.in/p/artifacts-swing-lever-handles-98068t-9m?skuId=98068T-9M-CP,OBJ,3d model,asset_002382,True,True,False,False,False,False,False,False,techcomm.kohler.com
98068T-9M-CP,3D Model,SKP,https://techcomm.kohler.com/techcomm/cad/98068T-9M.skp,https://www.kohler.co.in/p/artifacts-swing-lever-handles-98068t-9m?skuId=98068T-9M-CP,SKP,3d model,asset_002383,True,False,True,False,False,False,False,False,techcomm.kohler.com
98068T-3M-CP,CAD Drawing,DWG,https://techcomm.kohler.com/techcomm/cad/98068t_3mfrt.dwg,https://www.kohler.co.in/p/artifacts-classic-style-handles-98068t-3m?skuId=98068T-3M-CP,DWG,cad drawing,asset_002384,False,False,False,False,False,True,False,False,techcomm.kohler.com
98068T-3M-CP,CAD Drawing,DXF,https://techcomm.kohler.com/techcomm/cad/98068t_3mfrt.dxf,https://www.kohler.co.in/p/artifacts-classic-style-handles-98068t-3m?skuId=98068T-3M-CP,DXF,cad drawing,asset_002385,False,False,False,False,False,False,True,False,techcomm.kohler.com
98068T-3M-CP,CAD Drawing,DWG,https://techcomm.kohler.com/techcomm/cad/98068t_3mpln.dwg,https://www.kohler.co.in/p/artifacts-classic-style-handles-98068t-3m?skuId=98068T-3M-CP,DWG,cad drawing,asset_002386,False,False,False,False,False,True,False,False,techcomm.kohler.com
98068T-3M-CP,CAD Drawing,DXF,https://techcomm.kohler.com/techcomm/cad/98068t_3mpln.dxf,https://www.kohler.co.in/p/artifacts-classic-style-handles-98068t-3m?skuId=98068T-3M-CP,DXF,cad drawing,asset_002387,False,False,False,False,False,False,True,False,techcomm.kohler.com
98068T-3M-CP,CAD Drawing,DWG,https://techcomm.kohler.com/techcomm/cad/98068t_3msde.dwg,https://www.kohler.co.in/p/artifacts-classic-style-handles-98068t-3m?skuId=98068T-3M-CP,DWG,cad drawing,asset_002388,False,False,False,False,False,True,False,False,techcomm.kohler.com
98068T-3M-CP,CAD Drawing,DXF,https://techcomm.kohler.com/techcomm/cad/98068t_3msde.dxf,https://www.kohler.co.in/p/artifacts-classic-style-handles-98068t-3m?skuId=98068T-3M-CP,DXF,cad drawing,asset_002389,False,False,False,False,False,False,True,False,techcomm.kohler.com
98068T-9M-CP,CAD Drawing,DWG,https://techcomm.kohler.com/techcomm/cad/98068t_9mfrt.dwg,https://www.kohler.co.in/p/artifacts-swing-lever-handles-98068t-9m?skuId=98068T-9M-CP,DWG,cad drawing,asset_002390,False,False,False,False,False,True,False,False,techcomm.kohler.com
98068T-9M-CP,CAD Drawing,DXF,https://techcomm.kohler.com/techcomm/cad/98068t_9mfrt.dxf,https://www.kohler.co.in/p/artifacts-swing-lever-handles-98068t-9m?skuId=98068T-9M-CP,DXF,cad drawing,asset_002391,False,False,False,False,False,False,True,False,techcomm.kohler.com
98068T-9M-CP,CAD Drawing,DWG,https://techcomm.kohler.com/techcomm/cad/98068t_9mpln.dwg,https://www.kohler.co.in/p/artifacts-swing-lever-handles-98068t-9m?skuId=98068T-9M-CP,DWG,cad drawing,asset_002392,False,False,False,False,False,True,False,False,techcomm.kohler.com
98068T-9M-CP,CAD Drawing,DXF,https://techcomm.kohler.com/techcomm/cad/98068t_9mpln.dxf,https://www.kohler.co.in/p/artifacts-swing-lever-handles-98068t-9m?skuId=98068T-9M-CP,DXF,cad drawing,asset_002393,False,False,False,False,False,False,True,False,techcomm.kohler.com
98068T-9M-CP,CAD Drawing,DWG,https://techcomm.kohler.com/techcomm/cad/98068t_9msde.dwg,https://www.kohler.co.in/p/artifacts-swing-lever-handles-98068t-9m?skuId=98068T-9M-CP,DWG,cad drawing,asset_002394,False,False,False,False,False,True,False,False,techcomm.kohler.com
98068T-9M-CP,CAD Drawing,DXF,https://techcomm.kohler.com/techcomm/cad/98068t_9msde.dxf,https://www.kohler.co.in/p/artifacts-swing-lever-handles-98068t-9m?skuId=98068T-9M-CP,DXF,cad drawing,asset_002395,False,False,False,False,False,False,True,False,techcomm.kohler.com
98275IN-CL-CP,3D Model,3DS,https://techcomm.kohler.com/techcomm/cad/98275IN-CL.3ds,https://www.kohler.co.in/p/loure-17-katalyst-air-showerhead-98275in-cl?skuId=98275IN-CL-CP,3DS,3d model,asset_002396,True,False,False,True,False,False,False,False,techcomm.kohler.com
98275IN-CL-CP,CAD Drawing,DWG,https://techcomm.kohler.com/techcomm/cad/98275IN-CL.dwg,https://www.kohler.co.in/p/loure-17-katalyst-air-showerhead-98275in-cl?skuId=98275IN-CL-CP,DWG,cad drawing,asset_002397,False,False,False,False,False,True,False,False,techcomm.kohler.com
98275IN-CL-CP,CAD Drawing,DXF,https://techcomm.kohler.com/techcomm/cad/98275IN-CL.dxf,https://www.kohler.co.in/p/loure-17-katalyst-air-showerhead-98275in-cl?skuId=98275IN-CL-CP,DXF,cad drawing,asset_002398,False,False,False,False,False,False,True,False,techcomm.kohler.com
98275IN-CL-CP,3D Model,OBJ,https://techcomm.kohler.com/techcomm/cad/98275IN-CL.obj,https://www.kohler.co.in/p/loure-17-katalyst-air-showerhead-98275in-cl?skuId=98275IN-CL-CP,OBJ,3d model,asset_002399,True,True,False,False,False,False,False,False,techcomm.kohler.com
98275IN-CL-CP,3D Model,SKP,https://techcomm.kohler.com/techcomm/cad/98275IN-CL.skp,https://www.kohler.co.in/p/loure-17-katalyst-air-showerhead-98275in-cl?skuId=98275IN-CL-CP,SKP,3d model,asset_002400,True,False,True,False,False,False,False,False,techcomm.kohler.com
98275IN-CL-CP,CAD Drawing,DWG,https://techcomm.kohler.com/techcomm/cad/98275in_clfrt.dwg,https://www.kohler.co.in/p/loure-17-katalyst-air-showerhead-98275in-cl?skuId=98275IN-CL-CP,DWG,cad drawing,asset_002401,False,False,False,False,False,True,False,False,techcomm.kohler.com
98275IN-CL-CP,CAD Drawing,DXF,https://techcomm.kohler.com/techcomm/cad/98275in_clfrt.dxf,https://www.kohler.co.in/p/loure-17-katalyst-air-showerhead-98275in-cl?skuId=98275IN-CL-CP,DXF,cad drawing,asset_002402,False,False,False,False,False,False,True,False,techcomm.kohler.com
98275IN-CL-CP,CAD Drawing,DWG,https://techcomm.kohler.com/techcomm/cad/98275in_clpln.dwg,https://www.kohler.co.in/p/loure-17-katalyst-air-showerhead-98275in-cl?skuId=98275IN-CL-CP,DWG,cad drawing,asset_002403,False,False,False,False,False,True,False,False,techcomm.kohler.com
98275IN-CL-CP,CAD Drawing,DXF,https://techcomm.kohler.com/techcomm/cad/98275in_clpln.dxf,https://www.kohler.co.in/p/loure-17-katalyst-air-showerhead-98275in-cl?skuId=98275IN-CL-CP,DXF,cad drawing,asset_002404,False,False,False,False,False,False,True,False,techcomm.kohler.com
98275IN-CL-CP,CAD Drawing,DWG,https://techcomm.kohler.com/techcomm/cad/98275in_clsde.dwg,https://www.kohler.co.in/p/loure-17-katalyst-air-showerhead-98275in-cl?skuId=98275IN-CL-CP,DWG,cad drawing,asset_002405,False,False,False,False,False,True,False,False,techcomm.kohler.com
98275IN-CL-CP,CAD Drawing,DXF,https://techcomm.kohler.com/techcomm/cad/98275in_clsde.dxf,https://www.kohler.co.in/p/loure-17-katalyst-air-showerhead-98275in-cl?skuId=98275IN-CL-CP,DXF,cad drawing,asset_002406,False,False,False,False,False,False,True,False,techcomm.kohler.com
98444IN-CP,3D Model,3DS,https://techcomm.kohler.com/techcomm/cad/98444IN.3ds,https://www.kohler.co.in/p/eo-single-function-small-handshower-with-hose-98444in?skuId=98444IN-CP,3DS,3d model,asset_002407,True,False,False,True,False,False,False,False,techcomm.kohler.com
98444IN-CP,CAD Drawing,DWG,https://techcomm.kohler.com/techcomm/cad/98444IN.dwg,https://www.kohler.co.in/p/eo-single-function-small-handshower-with-hose-98444in?skuId=98444IN-CP,DWG,cad drawing,asset_002408,False,False,False,False,False,True,False,False,techcomm.kohler.com
98444IN-CP,CAD Drawing,DXF,https://techcomm.kohler.com/techcomm/cad/98444IN.dxf,https://www.kohler.co.in/p/eo-single-function-small-handshower-with-hose-98444in?skuId=98444IN-CP,DXF,cad drawing,asset_002409,False,False,False,False,False,False,True,False,techcomm.kohler.com
98444IN-CP,3D Model,OBJ,https://techcomm.kohler.com/techcomm/cad/98444IN.obj,https://www.kohler.co.in/p/eo-single-function-small-handshower-with-hose-98444in?skuId=98444IN-CP,OBJ,3d model,asset_002410,True,True,False,False,False,False,False,False,techcomm.kohler.com
98444IN-CP,3D Model,SKP,https://techcomm.kohler.com/techcomm/cad/98444IN.skp,https://www.kohler.co.in/p/eo-single-function-small-handshower-with-hose-98444in?skuId=98444IN-CP,SKP,3d model,asset_002411,True,False,True,False,False,False,False,False,techcomm.kohler.com
98444IN-CP,CAD Drawing,DWG,https://techcomm.kohler.com/techcomm/cad/98444infrt.dwg,https://www.kohler.co.in/p/eo-single-function-small-handshower-with-hose-98444in?skuId=98444IN-CP,DWG,cad drawing,asset_002412,False,False,False,False,False,True,False,False,techcomm.kohler.com
98444IN-CP,CAD Drawing,DXF,https://techcomm.kohler.com/techcomm/cad/98444infrt.dxf,https://www.kohler.co.in/p/eo-single-function-small-handshower-with-hose-98444in?skuId=98444IN-CP,DXF,cad drawing,asset_002413,False,False,False,False,False,False,True,False,techcomm.kohler.com
98444IN-CP,CAD Drawing,DWG,https://techcomm.kohler.com/techcomm/cad/98444inpln.dwg,https://www.kohler.co.in/p/eo-single-function-small-handshower-with-hose-98444in?skuId=98444IN-CP,DWG,cad drawing,asset_002414,False,False,False,False,False,True,False,False,techcomm.kohler.com
98444IN-CP,CAD Drawing,DXF,https://techcomm.kohler.com/techcomm/cad/98444inpln.dxf,https://www.kohler.co.in/p/eo-single-function-small-handshower-with-hose-98444in?skuId=98444IN-CP,DXF,cad drawing,asset_002415,False,False,False,False,False,False,True,False,techcomm.kohler.com
98444IN-CP,CAD Drawing,DWG,https://techcomm.kohler.com/techcomm/cad/98444insde.dwg,https://www.kohler.co.in/p/eo-single-function-small-handshower-with-hose-98444in?skuId=98444IN-CP,DWG,cad drawing,asset_002416,False,False,False,False,False,True,False,False,techcomm.kohler.com
98444IN-CP,CAD Drawing,DXF,https://techcomm.kohler.com/techcomm/cad/98444insde.dxf,https://www.kohler.co.in/p/eo-single-function-small-handshower-with-hose-98444in?skuId=98444IN-CP,DXF,cad drawing,asset_002417,False,False,False,False,False,False,True,False,techcomm.kohler.com
98445IN-CP,3D Model,3DS,https://techcomm.kohler.com/techcomm/cad/98445IN.3ds,https://www.kohler.co.in/p/spatula-square-single-function-handshower-13-0-lpm-98445in?skuId=98445IN-CP,3DS,3d model,asset_002418,True,False,False,True,False,False,False,False,techcomm.kohler.com
98445IN-CP,CAD Drawing,DWG,https://techcomm.kohler.com/techcomm/cad/98445IN.dwg,https://www.kohler.co.in/p/spatula-square-single-function-handshower-13-0-lpm-98445in?skuId=98445IN-CP,DWG,cad drawing,asset_002419,False,False,False,False,False,True,False,False,techcomm.kohler.com
98445IN-CP,CAD Drawing,DXF,https://techcomm.kohler.com/techcomm/cad/98445IN.dxf,https://www.kohler.co.in/p/spatula-square-single-function-handshower-13-0-lpm-98445in?skuId=98445IN-CP,DXF,cad drawing,asset_002420,False,False,False,False,False,False,True,False,techcomm.kohler.com
98445IN-CP,3D Model,OBJ,https://techcomm.kohler.com/techcomm/cad/98445IN.obj,https://www.kohler.co.in/p/spatula-square-single-function-handshower-13-0-lpm-98445in?skuId=98445IN-CP,OBJ,3d model,asset_002421,True,True,False,False,False,False,False,False,techcomm.kohler.com
98445IN-CP,3D Model,SKP,https://techcomm.kohler.com/techcomm/cad/98445IN.skp,https://www.kohler.co.in/p/spatula-square-single-function-handshower-13-0-lpm-98445in?skuId=98445IN-CP,SKP,3d model,asset_002422,True,False,True,False,False,False,False,False,techcomm.kohler.com
98445IN-CP,CAD Drawing,DWG,https://techcomm.kohler.com/techcomm/cad/98445infrt.dwg,https://www.kohler.co.in/p/spatula-square-single-function-handshower-13-0-lpm-98445in?skuId=98445IN-CP,DWG,cad drawing,asset_002423,False,False,False,False,False,True,False,False,techcomm.kohler.com
98445IN-CP,CAD Drawing,DXF,https://techcomm.kohler.com/techcomm/cad/98445infrt.dxf,https://www.kohler.co.in/p/spatula-square-single-function-handshower-13-0-lpm-98445in?skuId=98445IN-CP,DXF,cad drawing,asset_002424,False,False,False,False,False,False,True,False,techcomm.kohler.com
98445IN-CP,CAD Drawing,DWG,https://techcomm.kohler.com/techcomm/cad/98445inpln.dwg,https://www.kohler.co.in/p/spatula-square-single-function-handshower-13-0-lpm-98445in?skuId=98445IN-CP,DWG,cad drawing,asset_002425,False,False,False,False,False,True,False,False,techcomm.kohler.com
98445IN-CP,CAD Drawing,DXF,https://techcomm.kohler.com/techcomm/cad/98445inpln.dxf,https://www.kohler.co.in/p/spatula-square-single-function-handshower-13-0-lpm-98445in?skuId=98445IN-CP,DXF,cad drawing,asset_002426,False,False,False,False,False,False,True,False,techcomm.kohler.com
98445IN-CP,CAD Drawing,DWG,https://techcomm.kohler.com/techcomm/cad/98445insde.dwg,https://www.kohler.co.in/p/spatula-square-single-function-handshower-13-0-lpm-98445in?skuId=98445IN-CP,DWG,cad drawing,asset_002427,False,False,False,False,False,True,False,False,techcomm.kohler.com
98445IN-CP,CAD Drawing,DXF,https://techcomm.kohler.com/techcomm/cad/98445insde.dxf,https://www.kohler.co.in/p/spatula-square-single-function-handshower-13-0-lpm-98445in?skuId=98445IN-CP,DXF,cad drawing,asset_002428,False,False,False,False,False,False,True,False,techcomm.kohler.com
98930X-1-0,3D Model,3DS,https://techcomm.kohler.com/techcomm/cad/98930X-1.3ds,https://www.kohler.co.in/p/forefront-semi-recessed-bathroom-sink-98930x-1?skuId=98930X-1-0,3DS,3d model,asset_002429,True,False,False,True,False,False,False,False,techcomm.kohler.com
98930X-1-0,CAD Drawing,DWG,https://techcomm.kohler.com/techcomm/cad/98930X-1.dwg,https://www.kohler.co.in/p/forefront-semi-recessed-bathroom-sink-98930x-1?skuId=98930X-1-0,DWG,cad drawing,asset_002430,False,False,False,False,False,True,False,False,techcomm.kohler.com
98930X-1-0,CAD Drawing,DXF,https://techcomm.kohler.com/techcomm/cad/98930X-1.dxf,https://www.kohler.co.in/p/forefront-semi-recessed-bathroom-sink-98930x-1?skuId=98930X-1-0,DXF,cad drawing,asset_002431,False,False,False,False,False,False,True,False,techcomm.kohler.com
98930X-1-0,3D Model,OBJ,https://techcomm.kohler.com/techcomm/cad/98930X-1.obj,https://www.kohler.co.in/p/forefront-semi-recessed-bathroom-sink-98930x-1?skuId=98930X-1-0,OBJ,3d model,asset_002432,True,True,False,False,False,False,False,False,techcomm.kohler.com
98930X-1-0,3D Model,SKP,https://techcomm.kohler.com/techcomm/cad/98930X-1.skp,https://www.kohler.co.in/p/forefront-semi-recessed-bathroom-sink-98930x-1?skuId=98930X-1-0,SKP,3d model,asset_002433,True,False,True,False,False,False,False,False,techcomm.kohler.com
98930X-1-0,CAD Drawing,DWG,https://techcomm.kohler.com/techcomm/cad/98930x_1frt.dwg,https://www.kohler.co.in/p/forefront-semi-recessed-bathroom-sink-98930x-1?skuId=98930X-1-0,DWG,cad drawing,asset_002434,False,False,False,False,False,True,False,False,techcomm.kohler.com
98930X-1-0,CAD Drawing,DXF,https://techcomm.kohler.com/techcomm/cad/98930x_1frt.dxf,https://www.kohler.co.in/p/forefront-semi-recessed-bathroom-sink-98930x-1?skuId=98930X-1-0,DXF,cad drawing,asset_002435,False,False,False,False,False,False,True,False,techcomm.kohler.com
98930X-1-0,CAD Drawing,DWG,https://techcomm.kohler.com/techcomm/cad/98930x_1pln.dwg,https://www.kohler.co.in/p/forefront-semi-recessed-bathroom-sink-98930x-1?skuId=98930X-1-0,DWG,cad drawing,asset_002436,False,False,False,False,False,True,False,False,techcomm.kohler.com
98930X-1-0,CAD Drawing,DXF,https://techcomm.kohler.com/techcomm/cad/98930x_1pln.dxf,https://www.kohler.co.in/p/forefront-semi-recessed-bathroom-sink-98930x-1?skuId=98930X-1-0,DXF,cad drawing,asset_002437,False,False,False,False,False,False,True,False,techcomm.kohler.com
98930X-1-0,CAD Drawing,DWG,https://techcomm.kohler.com/techcomm/cad/98930x_1sde.dwg,https://www.kohler.co.in/p/forefront-semi-recessed-bathroom-sink-98930x-1?skuId=98930X-1-0,DWG,cad drawing,asset_002438,False,False,False,False,False,True,False,False,techcomm.kohler.com
98930X-1-0,CAD Drawing,DXF,https://techcomm.kohler.com/techcomm/cad/98930x_1sde.dxf,https://www.kohler.co.in/p/forefront-semi-recessed-bathroom-sink-98930x-1?skuId=98930X-1-0,DXF,cad drawing,asset_002439,False,False,False,False,False,False,True,False,techcomm.kohler.com
99060IN-CP,3D Model,3DS,https://techcomm.kohler.com/techcomm/cad/99060IN.3ds,https://www.kohler.co.in/p/july-bath-spout-without-diverter-in-polished-chrome-99060in?skuId=99060IN-CP,3DS,3d model,asset_002440,True,False,False,True,False,False,False,False,techcomm.kohler.com
99060IN-CP,CAD Drawing,DWG,https://techcomm.kohler.com/techcomm/cad/99060IN.dwg,https://www.kohler.co.in/p/july-bath-spout-without-diverter-in-polished-chrome-99060in?skuId=99060IN-CP,DWG,cad drawing,asset_002441,False,False,False,False,False,True,False,False,techcomm.kohler.com
99060IN-CP,CAD Drawing,DXF,https://techcomm.kohler.com/techcomm/cad/99060IN.dxf,https://www.kohler.co.in/p/july-bath-spout-without-diverter-in-polished-chrome-99060in?skuId=99060IN-CP,DXF,cad drawing,asset_002442,False,False,False,False,False,False,True,False,techcomm.kohler.com
99060IN-CP,3D Model,OBJ,https://techcomm.kohler.com/techcomm/cad/99060IN.obj,https://www.kohler.co.in/p/july-bath-spout-without-diverter-in-polished-chrome-99060in?skuId=99060IN-CP,OBJ,3d model,asset_002443,True,True,False,False,False,False,False,False,techcomm.kohler.com
99060IN-CP,3D Model,SKP,https://techcomm.kohler.com/techcomm/cad/99060IN.skp,https://www.kohler.co.in/p/july-bath-spout-without-diverter-in-polished-chrome-99060in?skuId=99060IN-CP,SKP,3d model,asset_002444,True,False,True,False,False,False,False,False,techcomm.kohler.com
99060IN-CP,CAD Drawing,DWG,https://techcomm.kohler.com/techcomm/cad/99060infrt.dwg,https://www.kohler.co.in/p/july-bath-spout-without-diverter-in-polished-chrome-99060in?skuId=99060IN-CP,DWG,cad drawing,asset_002445,False,False,False,False,False,True,False,False,techcomm.kohler.com
99060IN-CP,CAD Drawing,DXF,https://techcomm.kohler.com/techcomm/cad/99060infrt.dxf,https://www.kohler.co.in/p/july-bath-spout-without-diverter-in-polished-chrome-99060in?skuId=99060IN-CP,DXF,cad drawing,asset_002446,False,False,False,False,False,False,True,False,techcomm.kohler.com
99060IN-CP,CAD Drawing,DWG,https://techcomm.kohler.com/techcomm/cad/99060inpln.dwg,https://www.kohler.co.in/p/july-bath-spout-without-diverter-in-polished-chrome-99060in?skuId=99060IN-CP,DWG,cad drawing,asset_002447,False,False,False,False,False,True,False,False,techcomm.kohler.com
99060IN-CP,CAD Drawing,DXF,https://techcomm.kohler.com/techcomm/cad/99060inpln.dxf,https://www.kohler.co.in/p/july-bath-spout-without-diverter-in-polished-chrome-99060in?skuId=99060IN-CP,DXF,cad drawing,asset_002448,False,False,False,False,False,False,True,False,techcomm.kohler.com
99060IN-CP,CAD Drawing,DWG,https://techcomm.kohler.com/techcomm/cad/99060insde.dwg,https://www.kohler.co.in/p/july-bath-spout-without-diverter-in-polished-chrome-99060in?skuId=99060IN-CP,DWG,cad drawing,asset_002449,False,False,False,False,False,True,False,False,techcomm.kohler.com
99060IN-CP,CAD Drawing,DXF,https://techcomm.kohler.com/techcomm/cad/99060insde.dxf,https://www.kohler.co.in/p/july-bath-spout-without-diverter-in-polished-chrome-99060in?skuId=99060IN-CP,DXF,cad drawing,asset_002450,False,False,False,False,False,False,True,False,techcomm.kohler.com
99460IN-4-CP,3D Model,3DS,https://techcomm.kohler.com/techcomm/cad/99460IN-4.3ds,https://www.kohler.co.in/p/kumin-exposed-sc-b-s-faucet-99460in-4?skuId=99460IN-4-CP,3DS,3d model,asset_002451,True,False,False,True,False,False,False,False,techcomm.kohler.com
99460IN-4-CP,CAD Drawing,DWG,https://techcomm.kohler.com/techcomm/cad/99460IN-4.dwg,https://www.kohler.co.in/p/kumin-exposed-sc-b-s-faucet-99460in-4?skuId=99460IN-4-CP,DWG,cad drawing,asset_002452,False,False,False,False,False,True,False,False,techcomm.kohler.com
99460IN-4-CP,CAD Drawing,DXF,https://techcomm.kohler.com/techcomm/cad/99460IN-4.dxf,https://www.kohler.co.in/p/kumin-exposed-sc-b-s-faucet-99460in-4?skuId=99460IN-4-CP,DXF,cad drawing,asset_002453,False,False,False,False,False,False,True,False,techcomm.kohler.com
99460IN-4-CP,3D Model,OBJ,https://techcomm.kohler.com/techcomm/cad/99460IN-4.obj,https://www.kohler.co.in/p/kumin-exposed-sc-b-s-faucet-99460in-4?skuId=99460IN-4-CP,OBJ,3d model,asset_002454,True,True,False,False,False,False,False,False,techcomm.kohler.com
99460IN-4-CP,3D Model,SKP,https://techcomm.kohler.com/techcomm/cad/99460IN-4.skp,https://www.kohler.co.in/p/kumin-exposed-sc-b-s-faucet-99460in-4?skuId=99460IN-4-CP,SKP,3d model,asset_002455,True,False,True,False,False,False,False,False,techcomm.kohler.com
99460IN-4-CP,CAD Drawing,DWG,https://techcomm.kohler.com/techcomm/cad/99460in_4frt.dwg,https://www.kohler.co.in/p/kumin-exposed-sc-b-s-faucet-99460in-4?skuId=99460IN-4-CP,DWG,cad drawing,asset_002456,False,False,False,False,False,True,False,False,techcomm.kohler.com
99460IN-4-CP,CAD Drawing,DXF,https://techcomm.kohler.com/techcomm/cad/99460in_4frt.dxf,https://www.kohler.co.in/p/kumin-exposed-sc-b-s-faucet-99460in-4?skuId=99460IN-4-CP,DXF,cad drawing,asset_002457,False,False,False,False,False,False,True,False,techcomm.kohler.com
99460IN-4-CP,CAD Drawing,DWG,https://techcomm.kohler.com/techcomm/cad/99460in_4pln.dwg,https://www.kohler.co.in/p/kumin-exposed-sc-b-s-faucet-99460in-4?skuId=99460IN-4-CP,DWG,cad drawing,asset_002458,False,False,False,False,False,True,False,False,techcomm.kohler.com
99460IN-4-CP,CAD Drawing,DXF,https://techcomm.kohler.com/techcomm/cad/99460in_4pln.dxf,https://www.kohler.co.in/p/kumin-exposed-sc-b-s-faucet-99460in-4?skuId=99460IN-4-CP,DXF,cad drawing,asset_002459,False,False,False,False,False,False,True,False,techcomm.kohler.com
99460IN-4-CP,CAD Drawing,DWG,https://techcomm.kohler.com/techcomm/cad/99460in_4sde.dwg,https://www.kohler.co.in/p/kumin-exposed-sc-b-s-faucet-99460in-4?skuId=99460IN-4-CP,DWG,cad drawing,asset_002460,False,False,False,False,False,True,False,False,techcomm.kohler.com
99460IN-4-CP,CAD Drawing,DXF,https://techcomm.kohler.com/techcomm/cad/99460in_4sde.dxf,https://www.kohler.co.in/p/kumin-exposed-sc-b-s-faucet-99460in-4?skuId=99460IN-4-CP,DXF,cad drawing,asset_002461,False,False,False,False,False,False,True,False,techcomm.kohler.com
99876IN-4ND-CP,3D Model,3DS,https://techcomm.kohler.com/techcomm/cad/99876IN-4ND.3ds,https://www.kohler.co.in/p/beitou-wall-mount-lavatory-facuet-99876in-4nd?skuId=99876IN-4ND-CP,3DS,3d model,asset_002462,True,False,False,True,False,False,False,False,techcomm.kohler.com
99876IN-4ND-CP,CAD Drawing,DWG,https://techcomm.kohler.com/techcomm/cad/99876IN-4ND.dwg,https://www.kohler.co.in/p/beitou-wall-mount-lavatory-facuet-99876in-4nd?skuId=99876IN-4ND-CP,DWG,cad drawing,asset_002463,False,False,False,False,False,True,False,False,techcomm.kohler.com
99876IN-4ND-CP,CAD Drawing,DXF,https://techcomm.kohler.com/techcomm/cad/99876IN-4ND.dxf,https://www.kohler.co.in/p/beitou-wall-mount-lavatory-facuet-99876in-4nd?skuId=99876IN-4ND-CP,DXF,cad drawing,asset_002464,False,False,False,False,False,False,True,False,techcomm.kohler.com
99876IN-4ND-CP,3D Model,OBJ,https://techcomm.kohler.com/techcomm/cad/99876IN-4ND.obj,https://www.kohler.co.in/p/beitou-wall-mount-lavatory-facuet-99876in-4nd?skuId=99876IN-4ND-CP,OBJ,3d model,asset_002465,True,True,False,False,False,False,False,False,techcomm.kohler.com
99876IN-4ND-CP,3D Model,SKP,https://techcomm.kohler.com/techcomm/cad/99876IN-4ND.skp,https://www.kohler.co.in/p/beitou-wall-mount-lavatory-facuet-99876in-4nd?skuId=99876IN-4ND-CP,SKP,3d model,asset_002466,True,False,True,False,False,False,False,False,techcomm.kohler.com
99876IN-4ND-CP,CAD Drawing,DWG,https://techcomm.kohler.com/techcomm/cad/99876in_4ndfrt.dwg,https://www.kohler.co.in/p/beitou-wall-mount-lavatory-facuet-99876in-4nd?skuId=99876IN-4ND-CP,DWG,cad drawing,asset_002467,False,False,False,False,False,True,False,False,techcomm.kohler.com
99876IN-4ND-CP,CAD Drawing,DXF,https://techcomm.kohler.com/techcomm/cad/99876in_4ndfrt.dxf,https://www.kohler.co.in/p/beitou-wall-mount-lavatory-facuet-99876in-4nd?skuId=99876IN-4ND-CP,DXF,cad drawing,asset_002468,False,False,False,False,False,False,True,False,techcomm.kohler.com
99876IN-4ND-CP,CAD Drawing,DWG,https://techcomm.kohler.com/techcomm/cad/99876in_4ndpln.dwg,https://www.kohler.co.in/p/beitou-wall-mount-lavatory-facuet-99876in-4nd?skuId=99876IN-4ND-CP,DWG,cad drawing,asset_002469,False,False,False,False,False,True,False,False,techcomm.kohler.com
99876IN-4ND-CP,CAD Drawing,DXF,https://techcomm.kohler.com/techcomm/cad/99876in_4ndpln.dxf,https://www.kohler.co.in/p/beitou-wall-mount-lavatory-facuet-99876in-4nd?skuId=99876IN-4ND-CP,DXF,cad drawing,asset_002470,False,False,False,False,False,False,True,False,techcomm.kohler.com
99876IN-4ND-CP,CAD Drawing,DWG,https://techcomm.kohler.com/techcomm/cad/99876in_4ndsde.dwg,https://www.kohler.co.in/p/beitou-wall-mount-lavatory-facuet-99876in-4nd?skuId=99876IN-4ND-CP,DWG,cad drawing,asset_002471,False,False,False,False,False,True,False,False,techcomm.kohler.com
99876IN-4ND-CP,CAD Drawing,DXF,https://techcomm.kohler.com/techcomm/cad/99876in_4ndsde.dxf,https://www.kohler.co.in/p/beitou-wall-mount-lavatory-facuet-99876in-4nd?skuId=99876IN-4ND-CP,DXF,cad drawing,asset_002472,False,False,False,False,False,False,True,False,techcomm.kohler.com
1188IN-C1-0,3D Model,RFA,https://techcomm.kohler.com/techcomm/cad/Bath-Drop_In-Effervesence-KOHLER-Sok-K-1188IN.rfa,https://www.kohler.co.in/p/sok-1905-mm-x-1040-mm-drop-in-whirlpool-bath-with-effervescence-and-chromatherapy-1188in-c1?skuId=1188IN-C1-0,RFA,3d model,asset_002473,True,False,False,False,True,False,False,False,techcomm.kohler.com
1418-V-0,3D Model,RFA,https://techcomm.kohler.com/techcomm/cad/Bath-Drop_In-Effervesence-Whirlpool-KOHLER-Memoirs-K-1418.rfa,https://www.kohler.co.in/p/memoirs-72-x-42-drop-in-effervescence-whirlpool-with-spa-massage-package-1418-v?skuId=1418-V-0,RFA,3d model,asset_002474,True,False,False,False,True,False,False,False,techcomm.kohler.com
18775T-0,3D Model,RFA,https://techcomm.kohler.com/techcomm/cad/Bath-Drop_In-KOHLER-DUO-K-18775T.rfa,https://www.kohler.co.in/p/duo-1670-mm-x-760-mm-drop-in-bath-18775t?skuId=18775T-0,RFA,3d model,asset_002475,True,False,False,False,True,False,False,False,techcomm.kohler.com
18776T-0,3D Model,RFA,https://techcomm.kohler.com/techcomm/cad/Bath-Drop_In-KOHLER-DUO-K-18776T.rfa,https://www.kohler.co.in/p/duo-1520-mm-x-760-mm-drop-in-bath-18776t?skuId=18776T-0,RFA,3d model,asset_002476,True,False,False,False,True,False,False,False,techcomm.kohler.com
1704T-Z-0,3D Model,RFA,https://techcomm.kohler.com/techcomm/cad/Bath-Drop_In-KOHLER-EVOK-K-1704T.rfa,https://www.kohler.co.in/p/evok-1800-mm-x-800-mm-drop-in-bath-1704t-z?skuId=1704T-Z-0,RFA,3d model,asset_002477,True,False,False,False,True,False,False,False,techcomm.kohler.com
15847T-0,3D Model,RFA,https://techcomm.kohler.com/techcomm/cad/Bath-Drop_In-KOHLER-REACH-K-15847T.rfa,https://www.kohler.co.in/p/reach-1500-mm-x-700-mm-drop-in-bath-15847t?skuId=15847T-0,RFA,3d model,asset_002478,True,False,False,False,True,False,False,False,techcomm.kohler.com
15848T-0,3D Model,RFA,https://techcomm.kohler.com/techcomm/cad/Bath-Drop_In-KOHLER-REACH-K-15848T.rfa,https://www.kohler.co.in/p/reach-1700-mm-x-700-mm-drop-in-bath-15848t?skuId=15848T-0,RFA,3d model,asset_002479,True,False,False,False,True,False,False,False,techcomm.kohler.com
18749IN-W03C-0,3D Model,RFA,https://techcomm.kohler.com/techcomm/cad/Bath-Drop_In-Whirlpool-Heater-KOHLER-Evora-K-18749IN.rfa,https://www.kohler.co.in/p/evora-1850-mm-x-1100-mm-drop-in-acrylic-rectangular-whirlpool-bath-with-chromatherapy-18749in-w03c?skuId=18749IN-W03C-0,RFA,3d model,asset_002480,True,False,False,False,True,False,False,False,techcomm.kohler.com
1360IN-H2-0,3D Model,RFA,https://techcomm.kohler.com/techcomm/cad/Bath-Drop_In-Whirlpool-Heater-KOHLER-Riverbath-K-1360IN.rfa,https://www.kohler.co.in/p/riverbath-1905-mm-x-1143-mm-drop-in-heated-whirlpool-bath-with-chromatherapy-1360in-h2?skuId=1360IN-H2-0,RFA,3d model,asset_002481,True,False,False,False,True,False,False,False,techcomm.kohler.com
76442IN-NW-0,3D Model,RFA,https://techcomm.kohler.com/techcomm/cad/Bath-Drop_In-Whirlpool-KOHLER-Karess-K-76442IN.rfa,https://www.kohler.co.in/p/karess-1700-mm-x-800-mm-drop-in-whirlpool-bath-76442in-nw?skuId=76442IN-NW-0,RFA,3d model,asset_002482,True,False,False,False,True,False,False,False,techcomm.kohler.com
1394IN-H2-0,3D Model,RFA,https://techcomm.kohler.com/techcomm/cad/Bath-Drop_In_Whirlpool_Heater-KOHLER-RiverBath-K-1394IN.rfa,https://www.kohler.co.in/p/riverbath-1678-mm-drop-in-heated-whirlpool-bath-with-chromatherapy-1394in-h2?skuId=1394IN-H2-0,RFA,3d model,asset_002483,True,False,False,False,True,False,False,False,techcomm.kohler.com
1800T-0,3D Model,RFA,https://techcomm.kohler.com/techcomm/cad/Bath-Freestanding-KOHLER-ABRAZO-K-1800T.rfa,https://www.kohler.co.in/p/abrazo-1-6m-freestanding-lithocast-bath-1800t?skuId=1800T-0,RFA,3d model,asset_002484,True,False,False,False,True,False,False,False,techcomm.kohler.com
11195T-0,3D Model,RFA,https://techcomm.kohler.com/techcomm/cad/Bath-Freestanding-KOHLER-CLEO-K-11195T.rfa,https://www.kohler.co.in/p/cleo-1-7m-freestanding-cast-iron-bath-11195t?skuId=11195T-0,RFA,3d model,asset_002485,True,False,False,False,True,False,False,False,techcomm.kohler.com
18343T-0,3D Model,RFA,https://techcomm.kohler.com/techcomm/cad/Bath-Freestanding-KOHLER-EVOK-K-18343T.rfa,https://www.kohler.co.in/p/evok-1-6m-rectangular-freestanding-acrylic-bath-18343t?skuId=18343T-0,RFA,3d model,asset_002486,True,False,False,False,True,False,False,False,techcomm.kohler.com
20249T-0,3D Model,RFA,https://techcomm.kohler.com/techcomm/cad/Bath-Freestanding-KOHLER-KARING-K-20249T.rfa,https://www.kohler.co.in/p/karing-1-8m-oval-lithocast-bath-20249t?skuId=20249T-0,RFA,3d model,asset_002487,True,False,False,False,True,False,False,False,techcomm.kohler.com
8331T-0,3D Model,RFA,https://techcomm.kohler.com/techcomm/cad/Bath-Freestanding-KOHLER-Veil-K-8331T.rfa,https://www.kohler.co.in/p/veil-freestanding-lithocast-bath-8331t?skuId=8331T-0,RFA,3d model,asset_002488,True,False,False,False,True,False,False,False,techcomm.kohler.com
73120-2MB,3D Model,RFA,https://techcomm.kohler.com/techcomm/cad/Bath-Spout-KOHLER-Composed-K-73120.zip,https://www.kohler.co.in/p/composed-wall-mount-bath-spout-73120?skuId=73120-2MB,RFA,3d model,asset_002489,True,False,False,False,True,False,False,False,techcomm.kohler.com
14031-BU-96,3D Model,RFA,https://techcomm.kohler.com/techcomm/cad/Counter_Top-Vanity_Top-KOHLER-Marrakesh-K-14031.rfa,https://www.kohler.co.in/p/marrakesh-vanity-top-with-single-faucet-hole-14031-bu?skuId=14031-BU-96,RFA,3d model,asset_002490,True,False,False,False,True,False,False,False,techcomm.kohler.com
EC42639IN-HC-0,3D Model,3DS,https://techcomm.kohler.com/techcomm/cad/EC42639IN-HC.3ds,https://www.kohler.co.in/p/kohler-vive-hidden-cord-wall-hung-square-front-toilet-with-skirted-trapway-ec42639in-hc?skuId=EC42639IN-HC-0,3DS,3d model,asset_002491,True,False,False,True,False,False,False,False,techcomm.kohler.com
EC42639IN-HC-0,3D Model,OBJ,https://techcomm.kohler.com/techcomm/cad/EC42639IN-HC.obj,https://www.kohler.co.in/p/kohler-vive-hidden-cord-wall-hung-square-front-toilet-with-skirted-trapway-ec42639in-hc?skuId=EC42639IN-HC-0,OBJ,3d model,asset_002492,True,True,False,False,False,False,False,False,techcomm.kohler.com
EC42639IN-HC-0,3D Model,SKP,https://techcomm.kohler.com/techcomm/cad/EC42639IN-HC.skp,https://www.kohler.co.in/p/kohler-vive-hidden-cord-wall-hung-square-front-toilet-with-skirted-trapway-ec42639in-hc?skuId=EC42639IN-HC-0,SKP,3d model,asset_002493,True,False,True,False,False,False,False,False,techcomm.kohler.com
EX27102T-4-2MB,3D Model,3DS,https://techcomm.kohler.com/techcomm/cad/EX27102T-4.3ds,https://www.kohler.co.in/p/occasion-wall-mount-single-handle-bathroom-sink-faucet-8-3-lpm-ex27102t-4?skuId=EX27102T-4-2MB,3DS,3d model,asset_002494,True,False,False,True,False,False,False,False,techcomm.kohler.com
EX27102T-4-2MB,CAD Drawing,DWG,https://techcomm.kohler.com/techcomm/cad/EX27102T-4.dwg,https://www.kohler.co.in/p/occasion-wall-mount-single-handle-bathroom-sink-faucet-8-3-lpm-ex27102t-4?skuId=EX27102T-4-2MB,DWG,cad drawing,asset_002495,False,False,False,False,False,True,False,False,techcomm.kohler.com
EX27102T-4-2MB,CAD Drawing,DXF,https://techcomm.kohler.com/techcomm/cad/EX27102T-4.dxf,https://www.kohler.co.in/p/occasion-wall-mount-single-handle-bathroom-sink-faucet-8-3-lpm-ex27102t-4?skuId=EX27102T-4-2MB,DXF,cad drawing,asset_002496,False,False,False,False,False,False,True,False,techcomm.kohler.com
EX27102T-4-2MB,3D Model,OBJ,https://techcomm.kohler.com/techcomm/cad/EX27102T-4.obj,https://www.kohler.co.in/p/occasion-wall-mount-single-handle-bathroom-sink-faucet-8-3-lpm-ex27102t-4?skuId=EX27102T-4-2MB,OBJ,3d model,asset_002497,True,True,False,False,False,False,False,False,techcomm.kohler.com
EX27102T-4-2MB,3D Model,SKP,https://techcomm.kohler.com/techcomm/cad/EX27102T-4.skp,https://www.kohler.co.in/p/occasion-wall-mount-single-handle-bathroom-sink-faucet-8-3-lpm-ex27102t-4?skuId=EX27102T-4-2MB,SKP,3d model,asset_002498,True,False,True,False,False,False,False,False,techcomm.kohler.com
EX28093IN-8-AF,3D Model,3DS,https://techcomm.kohler.com/techcomm/cad/EX28093IN-8.3ds,https://www.kohler.co.in/p/components-single-handle-bathroom-sink-faucet-with-row-spout-and-oyl-handle-8-3-lpm-ex28093in-8?skuId=EX28093IN-8-AF,3DS,3d model,asset_002499,True,False,False,True,False,False,False,False,techcomm.kohler.com
EX28093IN-8-AF,CAD Drawing,DWG,https://techcomm.kohler.com/techcomm/cad/EX28093IN-8.dwg,https://www.kohler.co.in/p/components-single-handle-bathroom-sink-faucet-with-row-spout-and-oyl-handle-8-3-lpm-ex28093in-8?skuId=EX28093IN-8-AF,DWG,cad drawing,asset_002500,False,False,False,False,False,True,False,False,techcomm.kohler.com
EX28093IN-8-AF,CAD Drawing,DXF,https://techcomm.kohler.com/techcomm/cad/EX28093IN-8.dxf,https://www.kohler.co.in/p/components-single-handle-bathroom-sink-faucet-with-row-spout-and-oyl-handle-8-3-lpm-ex28093in-8?skuId=EX28093IN-8-AF,DXF,cad drawing,asset_002501,False,False,False,False,False,False,True,False,techcomm.kohler.com
EX28093IN-8-AF,3D Model,OBJ,https://techcomm.kohler.com/techcomm/cad/EX28093IN-8.obj,https://www.kohler.co.in/p/components-single-handle-bathroom-sink-faucet-with-row-spout-and-oyl-handle-8-3-lpm-ex28093in-8?skuId=EX28093IN-8-AF,OBJ,3d model,asset_002502,True,True,False,False,False,False,False,False,techcomm.kohler.com
EX28093IN-8-AF,3D Model,SKP,https://techcomm.kohler.com/techcomm/cad/EX28093IN-8.skp,https://www.kohler.co.in/p/components-single-handle-bathroom-sink-faucet-with-row-spout-and-oyl-handle-8-3-lpm-ex28093in-8?skuId=EX28093IN-8-AF,SKP,3d model,asset_002503,True,False,True,False,False,False,False,False,techcomm.kohler.com
97367T-B4-CP,3D Model,RFA,https://techcomm.kohler.com/techcomm/cad/Faucet-Bath_Filler-KOHLER-AVID-K-97367T.rfa,https://www.kohler.co.in/p/avid-floor-mount-bath-filler-with-handshower-97367t-b4?skuId=97367T-B4-CP,RFA,3d model,asset_002504,True,False,False,False,True,False,False,False,techcomm.kohler.com
T98071-4-BV,3D Model,RFA,https://techcomm.kohler.com/techcomm/cad/Faucet-Bath_Handles-KOHLER-Artifacts-K-T98071.zip,https://www.kohler.co.in/p/artifacts-deck-mount-bath-lever-handle-trim-t98071-4?skuId=T98071-4-BV,RFA,3d model,asset_002505,True,False,False,False,True,False,False,False,techcomm.kohler.com
14428T-4-RGD,3D Model,RFA,https://techcomm.kohler.com/techcomm/cad/Faucet-Deck_Mount-Bath-KOHLER-PURIST-K-14428T.zip,https://www.kohler.co.in/p/purist-bath-set-hob-mount-lever-handles-14428t-4?skuId=14428T-4-RGD,RFA,3d model,asset_002506,True,False,False,False,True,False,False,False,techcomm.kohler.com
14428T-4-RGD,3D Model,RFA,https://techcomm.kohler.com/techcomm/cad/Faucet-Deck_Mount_Bath-KOHLER-PURIST-K-14428T.zip,https://www.kohler.co.in/p/purist-bath-set-hob-mount-lever-handles-14428t-4?skuId=14428T-4-RGD,RFA,3d model,asset_002507,True,False,False,False,True,False,False,False,techcomm.kohler.com
98068T-3M-CP,3D Model,RFA,https://techcomm.kohler.com/techcomm/cad/Faucet-Handle-KOHLER-ARTIFACTS-K-98068T.zip,https://www.kohler.co.in/p/artifacts-classic-style-handles-98068t-3m?skuId=98068T-3M-CP,RFA,3d model,asset_002508,True,False,False,False,True,False,False,False,techcomm.kohler.com
77963-8A-BL,3D Model,RFA,https://techcomm.kohler.com/techcomm/cad/Faucet-Handle-KOHLER-Components-K-77963.rfa,https://www.kohler.co.in/p/components-bathroom-sink-rocker-handle-77963-8a?skuId=77963-8A-BL,RFA,3d model,asset_002509,True,False,False,False,True,False,False,False,techcomm.kohler.com
77963-8A-BL,3D Model,RFA,https://techcomm.kohler.com/techcomm/cad/Faucet-Handle-KOHLER-Components-K-77963.zip,https://www.kohler.co.in/p/components-bathroom-sink-rocker-handle-77963-8a?skuId=77963-8A-BL,RFA,3d model,asset_002510,True,False,False,False,True,False,False,False,techcomm.kohler.com
33059IN-4ND-CP,3D Model,RFA,https://techcomm.kohler.com/techcomm/cad/Faucet-Lavatory-KOHLER-ACCLIV-K-33059IN.zip,https://www.kohler.co.in/p/accliv-single-handle-bathroom-sink-faucet-with-paddle-handle-15-1-lpm-33059in-4nd?skuId=33059IN-4ND-CP,RFA,3d model,asset_002511,True,False,False,False,True,False,False,False,techcomm.kohler.com
33063IN-4ND-CP,3D Model,SKP,https://techcomm.kohler.com/techcomm/cad/Faucet-Lavatory-KOHLER-ACCLIV-K-33063IN.zip,https://www.kohler.co.in/p/accliv-tall-single-handle-bathroom-sink-faucet-with-paddle-handle-9-0-lpm-33063in-4nd?skuId=33063IN-4ND-CP,SKP,3d model,asset_002512,True,False,True,False,False,False,False,False,techcomm.kohler.com
20070IN-4-CP,3D Model,RFA,https://techcomm.kohler.com/techcomm/cad/Faucet-Lavatory-KOHLER-ALEO-K-20070IN.rfa,https://www.kohler.co.in/p/aleo-tall-pillar-tap-20070in-4?skuId=20070IN-4-CP,RFA,3d model,asset_002513,True,False,False,False,True,False,False,False,techcomm.kohler.com
72762T-9M-CP,3D Model,RFA,https://techcomm.kohler.com/techcomm/cad/Faucet-Lavatory-KOHLER-ARTIFACTS-K-72762T.zip,https://www.kohler.co.in/p/artifacts-single-handle-bathroom-sink-faucet-72762t-9m?skuId=72762T-9M-CP,RFA,3d model,asset_002514,True,False,False,False,True,False,False,False,techcomm.kohler.com
97347T-4-RGD,3D Model,RFA,https://techcomm.kohler.com/techcomm/cad/Faucet-Lavatory-KOHLER-AVID-K-97347T.rfa,https://www.kohler.co.in/p/avid-tall-single-handle-bathroom-sink-faucet-97347t-4?skuId=97347T-4-RGD,RFA,3d model,asset_002515,True,False,False,False,True,False,False,False,techcomm.kohler.com
20071IN-4-CP,3D Model,RFA,https://techcomm.kohler.com/techcomm/cad/Faucet-Lavatory-KOHLER-Aleo-K-20071IN.rfa,https://www.kohler.co.in/p/aleo-pillar-tap-tall-20071in-4?skuId=20071IN-4-CP,RFA,3d model,asset_002516,True,False,False,False,True,False,False,False,techcomm.kohler.com
72288IN-4-CP,3D Model,RFA,https://techcomm.kohler.com/techcomm/cad/Faucet-Lavatory-KOHLER-Aleo-K-72288IN.rfa,https://www.kohler.co.in/p/aleo-single-control-pillar-lavatory-faucet-in-polished-chrome-72288in-4?skuId=72288IN-4-CP,RFA,3d model,asset_002517,True,False,False,False,True,False,False,False,techcomm.kohler.com
97347-4-BL,3D Model,RFA,https://techcomm.kohler.com/techcomm/cad/Faucet-Lavatory-KOHLER-Avid-K-97347.rfa,https://www.kohler.co.in/p/avid-tall-single-handle-bathroom-sink-faucet-97347-4?skuId=97347-4-BL,RFA,3d model,asset_002518,True,False,False,False,True,False,False,False,techcomm.kohler.com
97347IN-4-CP,3D Model,RFA,https://techcomm.kohler.com/techcomm/cad/Faucet-Lavatory-KOHLER-Avid-K-97347IN.rfa,https://www.kohler.co.in/p/avid-single-control-tall-lavatory-faucet-with-drain-in-polished-chrome-97347in-4?skuId=97347IN-4-CP,RFA,3d model,asset_002519,True,False,False,False,True,False,False,False,techcomm.kohler.com
77958T-4A-CP,3D Model,RFA,https://techcomm.kohler.com/techcomm/cad/Faucet-Lavatory-KOHLER-COMPONENTS-K-77958T.rfa,https://www.kohler.co.in/p/components-single-handle-bathroom-sink-faucet-with-tube-spout-and-pin-handle-5-7-lpm-77958t-4a?skuId=77958T-4A-CP,RFA,3d model,asset_002520,True,False,False,False,True,False,False,False,techcomm.kohler.com
77958T-4A-CP,3D Model,RFA,https://techcomm.kohler.com/techcomm/cad/Faucet-Lavatory-KOHLER-COMPONENTS-K-77958T.zip,https://www.kohler.co.in/p/components-single-handle-bathroom-sink-faucet-with-tube-spout-and-pin-handle-5-7-lpm-77958t-4a?skuId=77958T-4A-CP,RFA,3d model,asset_002521,True,False,False,False,True,False,False,False,techcomm.kohler.com
73060T-9GCH-TT,3D Model,RFA,https://techcomm.kohler.com/techcomm/cad/Faucet-Lavatory-KOHLER-COMPOSED-K-73060T.zip,https://www.kohler.co.in/p/composed-liu-guang-jing-yun-widespread-bathroom-sink-faucet-4-5-lpm-73060t-9gch?skuId=73060T-9GCH-TT,RFA,3d model,asset_002522,True,False,False,False,True,False,False,False,techcomm.kohler.com
73158T-4-RGD,3D Model,RFA,https://techcomm.kohler.com/techcomm/cad/Faucet-Lavatory-KOHLER-COMPOSED-K-73158T.zip,https://www.kohler.co.in/p/composed-single-handle-bathroom-sink-faucet-with-joystick-handle-73158t-4?skuId=73158T-4-RGD,RFA,3d model,asset_002523,True,False,False,False,True,False,False,False,techcomm.kohler.com
EX28093IN-8-AF,3D Model,RFA,https://techcomm.kohler.com/techcomm/cad/Faucet-Lavatory-KOHLER-Components-K-EX28093IN.rfa,https://www.kohler.co.in/p/components-single-handle-bathroom-sink-faucet-with-row-spout-and-oyl-handle-8-3-lpm-ex28093in-8?skuId=EX28093IN-8-AF,RFA,3d model,asset_002524,True,False,False,False,True,False,False,False,techcomm.kohler.com
73159IN-7-CP,3D Model,RFA,https://techcomm.kohler.com/techcomm/cad/Faucet-Lavatory-KOHLER-Composed-K-73159IN.rfa,https://www.kohler.co.in/p/composed-single-control-side-mount-tall-lavatory-faucet-with-drain-73159in-7?skuId=73159IN-7-CP,RFA,3d model,asset_002525,True,False,False,False,True,False,False,False,techcomm.kohler.com
8670IN-4M-CP,3D Model,RFA,https://techcomm.kohler.com/techcomm/cad/Faucet-Lavatory-KOHLER-Finial_Traditional-K-8670IN.rfa,https://www.kohler.co.in/p/finial-widespread-lavatory-faucet-with-lever-handles-and-pop-up-drain-in-polished-chrome-8670in-4m?skuId=8670IN-4M-CP,RFA,3d model,asset_002526,True,False,False,False,True,False,False,False,techcomm.kohler.com
8670T-4M-AF,3D Model,RFA,https://techcomm.kohler.com/techcomm/cad/Faucet-Lavatory-KOHLER-Finial_Traditional-K-8670T.rfa,https://www.kohler.co.in/p/finial-r-8-203-mm-widespread-bathroom-sink-faucet-8670t-4m?skuId=8670T-4M-AF,RFA,3d model,asset_002527,True,False,False,False,True,False,False,False,techcomm.kohler.com
27477IN-4ND-CP,3D Model,RFA,https://techcomm.kohler.com/techcomm/cad/Faucet-Lavatory-KOHLER-Fore-K-27477IN.rfa,https://www.kohler.co.in/p/fore-tri-single-control-lav-faucet-without-drain-27477in-4nd?skuId=27477IN-4ND-CP,RFA,3d model,asset_002528,True,False,False,False,True,False,False,False,techcomm.kohler.com
22534IN-4-CP,3D Model,RFA,https://techcomm.kohler.com/techcomm/cad/Faucet-Lavatory-KOHLER-Hone-K-22534IN.rfa,https://www.kohler.co.in/p/hone-single-control-lav-faucet-with-drain-22534in-4?skuId=22534IN-4-CP,RFA,3d model,asset_002529,True,False,False,False,True,False,False,False,techcomm.kohler.com
13491T-4-RGD,3D Model,RFA,https://techcomm.kohler.com/techcomm/cad/Faucet-Lavatory-KOHLER-KELSTON-K-13491T.rfa,https://www.kohler.co.in/p/kelston-dual-handle-8-203-mm-lavatory-faucet-13491t-4?skuId=13491T-4-RGD,RFA,3d model,asset_002530,True,False,False,False,True,False,False,False,techcomm.kohler.com
22645IN-CP,3D Model,RFA,https://techcomm.kohler.com/techcomm/cad/Faucet-Lavatory-KOHLER-LOURE-K-28577T.rfa,https://www.kohler.co.in/p/parallel-square-127-mm-single-function-showerhead-9-0-lpm-22645in?skuId=22645IN-CP,RFA,3d model,asset_002531,True,False,False,False,True,False,False,False,techcomm.kohler.com
25757IN-4ND-CP,3D Model,RFA,https://techcomm.kohler.com/techcomm/cad/Faucet-Lavatory-KOHLER-Modernlife-K-25757IN.rfa,https://www.kohler.co.in/p/modernlife-edge-single-handle-bathroom-sink-faucet-25757in-4nd?skuId=25757IN-4ND-CP,RFA,3d model,asset_002532,True,False,False,False,True,False,False,False,techcomm.kohler.com
25758IN-4ND-CP,3D Model,RFA,https://techcomm.kohler.com/techcomm/cad/Faucet-Lavatory-KOHLER-Modernlife-K-25758IN.rfa,https://www.kohler.co.in/p/modernlife-edge-tall-single-handle-bathroom-sink-faucet-25758in-4nd?skuId=25758IN-4ND-CP,RFA,3d model,asset_002533,True,False,False,False,True,False,False,False,techcomm.kohler.com
25764IN-CP,3D Model,RFA,https://techcomm.kohler.com/techcomm/cad/Faucet-Lavatory-KOHLER-Modernlife-K-25764IN.rfa,https://www.kohler.co.in/p/modernlife-edge-wall-mount-bath-spout-with-diverter-25764in?skuId=25764IN-CP,RFA,3d model,asset_002534,True,False,False,False,True,False,False,False,techcomm.kohler.com
14402IN-4A-CP,3D Model,RFA,https://techcomm.kohler.com/techcomm/cad/Faucet-Lavatory-KOHLER-Purist-K-14402IN.rfa,https://www.kohler.co.in/p/purist-single-control-lavatory-faucet-14402in-4a?skuId=14402IN-4A-CP,RFA,3d model,asset_002535,True,False,False,False,True,False,False,False,techcomm.kohler.com
74028IN-4-CP,3D Model,RFA,https://techcomm.kohler.com/techcomm/cad/Faucet-Lavatory-KOHLER-TAUT-K-74028IN.rfa,https://www.kohler.co.in/p/taut-pilar-tap-74028in-4?skuId=74028IN-4-CP,RFA,3d model,asset_002536,True,False,False,False,True,False,False,False,techcomm.kohler.com
72758T-CP,3D Model,RFA,https://techcomm.kohler.com/techcomm/cad/Faucet-Lavatory-Spout-KOHLER-ARTIFACTS-K-72758T.zip,https://www.kohler.co.in/p/artifacts-widespread-lav-faucets-tea-72758t?skuId=72758T-CP,RFA,3d model,asset_002537,True,False,False,False,True,False,False,False,techcomm.kohler.com
72759T-CP,3D Model,RFA,https://techcomm.kohler.com/techcomm/cad/Faucet-Lavatory-Spout-KOHLER-ARTIFACTS-K-72759T.zip,https://www.kohler.co.in/p/artifacts-widespread-lav-faucets-bell-72759t?skuId=72759T-CP,RFA,3d model,asset_002538,True,False,False,False,True,False,False,False,techcomm.kohler.com
72760T-CP,3D Model,RFA,https://techcomm.kohler.com/techcomm/cad/Faucet-Lavatory-Spout-KOHLER-ARTIFACTS-K-72760T.zip,https://www.kohler.co.in/p/artifacts-widespread-bathroom-sink-faucets-72760t?skuId=72760T-CP,RFA,3d model,asset_002539,True,False,False,False,True,False,False,False,techcomm.kohler.com
38471IN-CP,3D Model,RFA,https://techcomm.kohler.com/techcomm/cad/Faucet-Lavatory-Spout-KOHLER-K-38471IN.rfa,https://www.kohler.co.in/p/engage-wall-mount-bath-spout-with-diverter-38471in?skuId=38471IN-CP,RFA,3d model,asset_002540,True,False,False,False,True,False,False,False,techcomm.kohler.com
39560IN-ND-CP,3D Model,RFA,https://techcomm.kohler.com/techcomm/cad/Faucet-Touchless-Wall_Mount-Lavatory-KOHLER-Components-K-39560IN.rfa,https://www.kohler.co.in/p/components-touchless-wall-mount-195-mm-lavatory-faucet-with-kinesis-sensor-technology-1-9-lpm-39560in-nd?skuId=39560IN-ND-CP,RFA,3d model,asset_002541,True,False,False,False,True,False,False,False,techcomm.kohler.com
T9540-4-CP,3D Model,RFA,https://techcomm.kohler.com/techcomm/cad/Faucet-Valve_Trim-KOHLER-K-T9540.rfa,https://www.kohler.co.in/p/deck-mount-trim-for-transfer-valve-vacuum-breaker-with-lever-handle-valve-not-included-t9540-4?skuId=T9540-4-CP,RFA,3d model,asset_002542,True,False,False,False,True,False,False,False,techcomm.kohler.com
33074IN-CP,3D Model,RFA,https://techcomm.kohler.com/techcomm/cad/Faucet-Wall_Mount-Bath_Spout-KOHLER-ACCLIV-K-33074IN.rfa,https://www.kohler.co.in/p/accliv-wall-mount-bath-spout-without-diverter-33074in?skuId=33074IN-CP,RFA,3d model,asset_002543,True,False,False,False,True,False,False,False,techcomm.kohler.com
33995IN-CP,3D Model,RFA,https://techcomm.kohler.com/techcomm/cad/Faucet-Wall_Mount-Bath_Spout-KOHLER-APT-K-33995IN.rfa,https://www.kohler.co.in/p/apt-wall-mount-bath-spout-33995in?skuId=33995IN-CP,RFA,3d model,asset_002544,True,False,False,False,True,False,False,False,techcomm.kohler.com
33996IN-CP,3D Model,RFA,https://techcomm.kohler.com/techcomm/cad/Faucet-Wall_Mount-Bath_Spout-KOHLER-APT-K-33996IN.rfa,https://www.kohler.co.in/p/apt-wall-mount-bath-spout-with-diverter-33996in?skuId=33996IN-CP,RFA,3d model,asset_002545,True,False,False,False,True,False,False,False,techcomm.kohler.com
20077IN-CP,3D Model,RFA,https://techcomm.kohler.com/techcomm/cad/Faucet-Wall_Mount-Bath_Spout-KOHLER-Aleo-K-20077IN.rfa,https://www.kohler.co.in/p/aleo-bath-spout-w-diverter-20077in?skuId=20077IN-CP,RFA,3d model,asset_002546,True,False,False,False,True,False,False,False,techcomm.kohler.com
72791-CP,3D Model,RFA,https://techcomm.kohler.com/techcomm/cad/Faucet-Wall_Mount-Bath_Spout-KOHLER-Artifacts-K-72791.rfa,https://www.kohler.co.in/p/artifacts-wall-mount-bath-spout-with-flare-design-72791?skuId=72791-CP,RFA,3d model,asset_002547,True,False,False,False,True,False,False,False,techcomm.kohler.com
26046IN-CP,3D Model,RFA,https://techcomm.kohler.com/techcomm/cad/Faucet-Wall_Mount-Bath_Spout-KOHLER-Beam-K-26046IN.rfa,https://www.kohler.co.in/p/beam-bath-spout-wo-diverter-26046in?skuId=26046IN-CP,RFA,3d model,asset_002548,True,False,False,False,True,False,False,False,techcomm.kohler.com
10385IN-CP,3D Model,RFA,https://techcomm.kohler.com/techcomm/cad/Faucet-Wall_Mount-Bath_Spout-KOHLER-Complementary-K-10385IN.rfa,https://www.kohler.co.in/p/complementary-bath-spout-without-diverter-flat-face-160mm-10385in?skuId=10385IN-CP,RFA,3d model,asset_002549,True,False,False,False,True,False,False,False,techcomm.kohler.com
73120-2MB,3D Model,RFA,https://techcomm.kohler.com/techcomm/cad/Faucet-Wall_Mount-Bath_Spout-KOHLER-Composed-K-73120.rfa,https://www.kohler.co.in/p/composed-wall-mount-bath-spout-73120?skuId=73120-2MB,RFA,3d model,asset_002550,True,False,False,False,True,False,False,False,techcomm.kohler.com
27490IN-CP,3D Model,RFA,https://techcomm.kohler.com/techcomm/cad/Faucet-Wall_Mount-Bath_Spout-KOHLER-Fore-K-27490IN.rfa,https://www.kohler.co.in/p/fore-bath-spout-without-diverter-27490in?skuId=27490IN-CP,RFA,3d model,asset_002551,True,False,False,False,True,False,False,False,techcomm.kohler.com
27492IN-CP,3D Model,RFA,https://techcomm.kohler.com/techcomm/cad/Faucet-Wall_Mount-Bath_Spout-KOHLER-Fore-K-27492IN.rfa,https://www.kohler.co.in/p/fore-arc-bath-spout-without-diverter-27492in?skuId=27492IN-CP,RFA,3d model,asset_002552,True,False,False,False,True,False,False,False,techcomm.kohler.com
27493IN-CP,3D Model,RFA,https://techcomm.kohler.com/techcomm/cad/Faucet-Wall_Mount-Bath_Spout-KOHLER-Fore-K-27493IN.rfa,https://www.kohler.co.in/p/fore-bath-spout-with-diverter-27493in?skuId=27493IN-CP,RFA,3d model,asset_002553,True,False,False,False,True,False,False,False,techcomm.kohler.com
27494IN-CP,3D Model,RFA,https://techcomm.kohler.com/techcomm/cad/Faucet-Wall_Mount-Bath_Spout-KOHLER-Fore-K-27494IN.rfa,https://www.kohler.co.in/p/fore-arc-bath-spout-w-diverter-27494in?skuId=27494IN-CP,RFA,3d model,asset_002554,True,False,False,False,True,False,False,False,techcomm.kohler.com
99060IN-CP,3D Model,RFA,https://techcomm.kohler.com/techcomm/cad/Faucet-Wall_Mount-Bath_Spout-KOHLER-July-K-99060IN.rfa,https://www.kohler.co.in/p/july-bath-spout-without-diverter-in-polished-chrome-99060in?skuId=99060IN-CP,RFA,3d model,asset_002555,True,False,False,False,True,False,False,False,techcomm.kohler.com
25765IN-CP,3D Model,RFA,https://techcomm.kohler.com/techcomm/cad/Faucet-Wall_Mount-Bath_Spout-KOHLER-ModernLife_Edge-K-25765IN.rfa,https://www.kohler.co.in/p/modernlife-edge-wall-mount-bath-spout-25765in?skuId=25765IN-CP,RFA,3d model,asset_002556,True,False,False,False,True,False,False,False,techcomm.kohler.com
23512IN-CP,3D Model,RFA,https://techcomm.kohler.com/techcomm/cad/Faucet-Wall_Mount-Bath_Spout-KOHLER-PARALLEL-K-23512IN.rfa,https://www.kohler.co.in/p/parallel-bath-spout-without-diverter-23512in?skuId=23512IN-CP,RFA,3d model,asset_002557,True,False,False,False,True,False,False,False,techcomm.kohler.com
23512IN-CP,3D Model,RFA,https://techcomm.kohler.com/techcomm/cad/Faucet-Wall_Mount-Bath_Spout-KOHLER-PARALLEL-K-23512IN.zip,https://www.kohler.co.in/p/parallel-bath-spout-without-diverter-23512in?skuId=23512IN-CP,RFA,3d model,asset_002558,True,False,False,False,True,False,False,False,techcomm.kohler.com
14426-2MB,3D Model,RFA,https://techcomm.kohler.com/techcomm/cad/Faucet-Wall_Mount-Bath_Spout-KOHLER-Purist-K-14426.zip,https://www.kohler.co.in/p/purist-wall-mount-non-diverter-bath-spout-35-degrees-14426?skuId=14426-2MB,RFA,3d model,asset_002559,True,False,False,False,True,False,False,False,techcomm.kohler.com
14426IN-CP,3D Model,RFA,https://techcomm.kohler.com/techcomm/cad/Faucet-Wall_Mount-Bath_Spout-KOHLER-Purist-K-14426IN.rfa,https://www.kohler.co.in/p/purist-bath-spout-without-diverter-14426in?skuId=14426IN-CP,RFA,3d model,asset_002560,True,False,False,False,True,False,False,False,techcomm.kohler.com
74046IN-A1-CP,3D Model,RFA,https://techcomm.kohler.com/techcomm/cad/Faucet-Wall_Mount-Bath_Spout-KOHLER-TAUT-K-74046IN.rfa,https://www.kohler.co.in/p/taut-wall-mount-bath-spout-without-diverter-74046in-a1?skuId=74046IN-A1-CP,RFA,3d model,asset_002561,True,False,False,False,True,False,False,False,techcomm.kohler.com
23973IN-AA-CP,3D Model,RFA,https://techcomm.kohler.com/techcomm/cad/Faucet-Wall_Mount-Bath_Spout-KOHLER-Vive-K-23973IN.zip,https://www.kohler.co.in/p/bath-spout-without-diverter-in-rose-gold-23973in-aa?skuId=23973IN-AA-CP,RFA,3d model,asset_002562,True,False,False,False,True,False,False,False,techcomm.kohler.com
34039IN-4ND-CP,3D Model,RFA,https://techcomm.kohler.com/techcomm/cad/Faucet-Wall_Mount-Lavatory-KOHLER-APT-K-34039IN.rfa,https://www.kohler.co.in/p/apt-flux-wall-mount-bathroom-sink-faucet-12-5-lpm-34039in-4nd?skuId=34039IN-4ND-CP,RFA,3d model,asset_002563,True,False,False,False,True,False,False,False,techcomm.kohler.com
34076IN-4ND-CP,3D Model,RFA,https://techcomm.kohler.com/techcomm/cad/Faucet-Wall_Mount-Lavatory-KOHLER-APT-K-34076IN.rfa,https://www.kohler.co.in/p/apt-curv-wall-mount-bathroom-sink-faucet-12-5-lpm-34076in-4nd?skuId=34076IN-4ND-CP,RFA,3d model,asset_002564,True,False,False,False,True,False,False,False,techcomm.kohler.com
26791IN-4ND-CP,3D Model,RFA,https://techcomm.kohler.com/techcomm/cad/Faucet-Wall_Mount-Lavatory-KOHLER-Accliv-K-26791IN.rfa,https://www.kohler.co.in/p/accliv-wall-mount-single-handle-bathroom-sink-faucet-trim-9-0-lpm-26791in-4nd?skuId=26791IN-4ND-CP,RFA,3d model,asset_002565,True,False,False,False,True,False,False,False,techcomm.kohler.com
33103IN-4ND-CP,3D Model,RFA,https://techcomm.kohler.com/techcomm/cad/Faucet-Wall_Mount-Lavatory-KOHLER-Accliv-K-33103IN.rfa,https://www.kohler.co.in/p/accliv-wall-mount-single-handle-bathroom-sink-faucet-trim-cold-only-9-0-lpm-33103in-4nd?skuId=33103IN-4ND-CP,RFA,3d model,asset_002566,True,False,False,False,True,False,False,False,techcomm.kohler.com
21969IN-4ND-BV,3D Model,RFA,https://techcomm.kohler.com/techcomm/cad/Faucet-Wall_Mount-Lavatory-KOHLER-Aleo-K-21969IN.rfa,https://www.kohler.co.in/p/aleo-wall-mount-bathroom-sink-faucet-with-lever-handle-40-9-lpm-21969in-4nd?skuId=21969IN-4ND-BV,RFA,3d model,asset_002567,True,False,False,False,True,False,False,False,techcomm.kohler.com
5683IN-4ND-CP,3D Model,RFA,https://techcomm.kohler.com/techcomm/cad/Faucet-Wall_Mount-Lavatory-KOHLER-Aleo-K-5683IN.rfa,https://www.kohler.co.in/p/aleo-wall-mount-lavatory-faucet-trim-5683in-4nd?skuId=5683IN-4ND-CP,RFA,3d model,asset_002568,True,False,False,False,True,False,False,False,techcomm.kohler.com
5684IN-4ND-CP,3D Model,RFA,https://techcomm.kohler.com/techcomm/cad/Faucet-Wall_Mount-Lavatory-KOHLER-Aleo-K-5684IN.rfa,https://www.kohler.co.in/p/aleo-wall-mount-lavatory-faucet-trim-in-polished-chrome-5684in-4nd?skuId=5684IN-4ND-CP,RFA,3d model,asset_002569,True,False,False,False,True,False,False,False,techcomm.kohler.com
97358IN-4ND-CP,3D Model,RFA,https://techcomm.kohler.com/techcomm/cad/Faucet-Wall_Mount-Lavatory-KOHLER-Avid-K-97358IN.rfa,https://www.kohler.co.in/p/avid-single-control-wall-mount-lavatory-faucet-without-drain-97358in-4nd?skuId=97358IN-4ND-CP,RFA,3d model,asset_002570,True,False,False,False,True,False,False,False,techcomm.kohler.com
25148IN-4ND-CP,3D Model,RFA,https://techcomm.kohler.com/techcomm/cad/Faucet-Wall_Mount-Lavatory-KOHLER-Beam-K-25148IN.rfa,https://www.kohler.co.in/p/beam-wall-mount-cold-only-trim-without-drain-25148in-4nd?skuId=25148IN-4ND-CP,RFA,3d model,asset_002571,True,False,False,False,True,False,False,False,techcomm.kohler.com
26048IN-4ND-CP,3D Model,RFA,https://techcomm.kohler.com/techcomm/cad/Faucet-Wall_Mount-Lavatory-KOHLER-Beam-K-26048IN.rfa,https://www.kohler.co.in/p/beam-single-control-wall-mount-lav-trim-assembly-26048in-4nd?skuId=26048IN-4ND-CP,RFA,3d model,asset_002572,True,False,False,False,True,False,False,False,techcomm.kohler.com
99876IN-4ND-CP,3D Model,RFA,https://techcomm.kohler.com/techcomm/cad/Faucet-Wall_Mount-Lavatory-KOHLER-Beitou-K-99876IN.rfa,https://www.kohler.co.in/p/beitou-wall-mount-lavatory-facuet-99876in-4nd?skuId=99876IN-4ND-CP,RFA,3d model,asset_002573,True,False,False,False,True,False,False,False,techcomm.kohler.com
73061T-7-BV,3D Model,RFA,https://techcomm.kohler.com/techcomm/cad/Faucet-Wall_Mount-Lavatory-KOHLER-COMPOSED-K-73061T.zip,https://www.kohler.co.in/p/composed-wall-mount-lavatory-faucet-73061t-7?skuId=73061T-7-BV,RFA,3d model,asset_002574,True,False,False,False,True,False,False,False,techcomm.kohler.com
73067T-9ACH-BV,3D Model,RFA,https://techcomm.kohler.com/techcomm/cad/Faucet-Wall_Mount-Lavatory-KOHLER-COMPOSED-K-73067T.zip,https://www.kohler.co.in/p/composed-liu-guang-jing-yun-series-double-handle-wall-mounted-bathroom-sink-faucet-with-amber-gold-glazed-glass-handle-73067t-9ach?skuId=73067T-9ACH-BV,RFA,3d model,asset_002575,True,False,False,False,True,False,False,False,techcomm.kohler.com
73061IN-4ND-CP,3D Model,RFA,https://techcomm.kohler.com/techcomm/cad/Faucet-Wall_Mount-Lavatory-KOHLER-Composed-K-73061IN.rfa,https://www.kohler.co.in/p/composed-wall-mount-bathroom-sink-faucet-8-3-lpm-73061in-4nd?skuId=73061IN-4ND-CP,RFA,3d model,asset_002576,True,False,False,False,True,False,False,False,techcomm.kohler.com
29310IN-4ND-AF,3D Model,RFA,https://techcomm.kohler.com/techcomm/cad/Faucet-Wall_Mount-Lavatory-KOHLER-Entry_Lux-K-29310IN.rfa,https://www.kohler.co.in/p/components-wall-mount-bathroom-sink-faucet-with-row-spout-and-oyl-handle-16-0-lpm-29310in-4nd?skuId=29310IN-4ND-AF,RFA,3d model,asset_002577,True,False,False,False,True,False,False,False,techcomm.kohler.com
27481IN-4ND-CP,3D Model,RFA,https://techcomm.kohler.com/techcomm/cad/Faucet-Wall_Mount-Lavatory-KOHLER-Fore-K-27481IN.rfa,https://www.kohler.co.in/p/fore-tri-single-control-wall-mount-lav-faucet-trim-without-drain-27481in-4nd?skuId=27481IN-4ND-CP,RFA,3d model,asset_002578,True,False,False,False,True,False,False,False,techcomm.kohler.com
27483IN-4ND-CP,3D Model,RFA,https://techcomm.kohler.com/techcomm/cad/Faucet-Wall_Mount-Lavatory-KOHLER-Fore-K-27483IN.rfa,https://www.kohler.co.in/p/fore-arc-single-control-wall-mount-lav-faucet-trim-without-drain-27483in-4nd?skuId=27483IN-4ND-CP,RFA,3d model,asset_002579,True,False,False,False,True,False,False,False,techcomm.kohler.com
27488IN-4ND-CP,3D Model,RFA,https://techcomm.kohler.com/techcomm/cad/Faucet-Wall_Mount-Lavatory-KOHLER-Fore-K-27488IN.rfa,https://www.kohler.co.in/p/fore-line-wall-mount-cold-only-trim-assy-27488in-4nd?skuId=27488IN-4ND-CP,RFA,3d model,asset_002580,True,False,False,False,True,False,False,False,techcomm.kohler.com
27489IN-4ND-CP,3D Model,RFA,https://techcomm.kohler.com/techcomm/cad/Faucet-Wall_Mount-Lavatory-KOHLER-Fore-K-27489IN.rfa,https://www.kohler.co.in/p/fore-arc-wall-mount-cold-only-trim-assy-27489in-4nd?skuId=27489IN-4ND-CP,RFA,3d model,asset_002581,True,False,False,False,True,False,False,False,techcomm.kohler.com
5680IN-4ND-CP,3D Model,RFA,https://techcomm.kohler.com/techcomm/cad/Faucet-Wall_Mount-Lavatory-KOHLER-July-K-5680IN.rfa,https://www.kohler.co.in/p/july-wall-mount-lavatory-faucet-trim-in-polished-chrome-5680in-4nd?skuId=5680IN-4ND-CP,RFA,3d model,asset_002582,True,False,False,False,True,False,False,False,techcomm.kohler.com
25759IN-4ND-CP,3D Model,RFA,https://techcomm.kohler.com/techcomm/cad/Faucet-Wall_Mount-Lavatory-KOHLER-ModernLife_Edge-K-25759IN.rfa,https://www.kohler.co.in/p/modernlife-edge-wall-mount-bathroom-sink-faucet-25759in-4nd?skuId=25759IN-4ND-CP,RFA,3d model,asset_002583,True,False,False,False,True,False,False,False,techcomm.kohler.com
29199IN-ECH-RGD,3D Model,RFA,https://techcomm.kohler.com/techcomm/cad/Faucet-Wall_Mount-Lavatory-KOHLER-Modernlife_Edge-K-29199IN.rfa,https://www.kohler.co.in/p/modernlife-edge-wall-mount-bathroom-sink-faucet-with-decorative-handle-7-6-lpm-29199in-ech?skuId=29199IN-ECH-RGD,RFA,3d model,asset_002584,True,False,False,False,True,False,False,False,techcomm.kohler.com
EX27102T-4-2MB,3D Model,RFA,https://techcomm.kohler.com/techcomm/cad/Faucet-Wall_Mount-Lavatory-KOHLER-OCCASION-K-EX27102T.zip,https://www.kohler.co.in/p/occasion-wall-mount-single-handle-bathroom-sink-faucet-8-3-lpm-ex27102t-4?skuId=EX27102T-4-2MB,RFA,3d model,asset_002585,True,False,False,False,True,False,False,False,techcomm.kohler.com
27487IN-4ND-CP,3D Model,RFA,https://techcomm.kohler.com/techcomm/cad/Faucet-Wall_Mount-Lavatory-KOHLER-Ore-K-27487IN.rfa,https://www.kohler.co.in/p/fore-tri-wall-mount-cold-only-trim-assy-27487in-4nd?skuId=27487IN-4ND-CP,RFA,3d model,asset_002586,True,False,False,False,True,False,False,False,techcomm.kohler.com
23486IN-4ND-CP,3D Model,RFA,https://techcomm.kohler.com/techcomm/cad/Faucet-Wall_Mount-Lavatory-KOHLER-PARALLEL-K-23486IN.rfa,https://www.kohler.co.in/p/parallel-wall-mount-sc-lav-faucet-23486in-4nd?skuId=23486IN-4ND-CP,RFA,3d model,asset_002587,True,False,False,False,True,False,False,False,techcomm.kohler.com
24280IN-4ND-RGD,3D Model,RFA,https://techcomm.kohler.com/techcomm/cad/Faucet-Wall_Mount-Lavatory-KOHLER-Parallel-K-24280IN.rfa,https://www.kohler.co.in/p/wall-mount-lav-faucet-trim-valve-24280in-4nd?skuId=24280IN-4ND-RGD,RFA,3d model,asset_002588,True,False,False,False,True,False,False,False,techcomm.kohler.com
23975IN-4ND-CP,3D Model,RFA,https://techcomm.kohler.com/techcomm/cad/Faucet-Wall_Mount-Lavatory-KOHLER-Vive-K-23975IN.rfa,https://www.kohler.co.in/p/vive-wall-mount-bathroom-sink-faucet-5-5-lpm-23975in-4nd?skuId=23975IN-4ND-CP,RFA,3d model,asset_002589,True,False,False,False,True,False,False,False,techcomm.kohler.com
72791-CP,3D Model,RFA,https://techcomm.kohler.com/techcomm/cad/Faucet-Wall_Mount_Bath_Spout-KOHLER-Artifacts-K-72791.zip,https://www.kohler.co.in/p/artifacts-wall-mount-bath-spout-with-flare-design-72791?skuId=72791-CP,RFA,3d model,asset_002590,True,False,False,False,True,False,False,False,techcomm.kohler.com
28514IN-ND-CP,3D Model,RFA,https://techcomm.kohler.com/techcomm/cad/Faucet_Touchless-Lavatory-KOHLER-Aleo-K-28514IN.rfa,https://www.kohler.co.in/p/evoke-touchless-tall-single-handle-bathroom-sink-faucet-6-0-lpm-28514in-nd?skuId=28514IN-ND-CP,RFA,3d model,asset_002591,True,False,False,False,True,False,False,False,techcomm.kohler.com
R24717T-MU-BL,CAD Drawing,DWG,https://techcomm.kohler.com/techcomm/cad/R24717T-MU-BL_2D.dwg,https://www.kohler.co.in/p/rain-duet-multifunction-handshower-bl-finish-with-manchester-united-logo-r24717t-mu?skuId=R24717T-MU-BL,DWG,cad drawing,asset_002592,False,False,False,False,False,True,False,False,techcomm.kohler.com
97168IN-BL,3D Model,RFA,https://techcomm.kohler.com/techcomm/cad/Shower-Ceiling_Mount_Rainhead-KOHLER-K-97168IN.rfa,https://www.kohler.co.in/p/loure-rectangular-800-mm-x-600-mm-four-function-overhead-shower-panel-11-8-lpm-36-0-lpm-97168in?skuId=97168IN-BL,RFA,3d model,asset_002593,True,False,False,False,True,False,False,False,techcomm.kohler.com
97168IN-BL,3D Model,RFA,https://techcomm.kohler.com/techcomm/cad/Shower-Ceiling_Mount_Rainhead-KOHLER-K-97168IN.zip,https://www.kohler.co.in/p/loure-rectangular-800-mm-x-600-mm-four-function-overhead-shower-panel-11-8-lpm-36-0-lpm-97168in?skuId=97168IN-BL,RFA,3d model,asset_002594,True,False,False,False,True,False,False,False,techcomm.kohler.com
77276IN-L-CP,3D Model,RFA,https://techcomm.kohler.com/techcomm/cad/Shower-Ceiling_Mount_Showerhead-KOHLER-BEITOU-K-77276IN.rfa,https://www.kohler.co.in/p/beitou-rectangle-600x800-multifunction-rainpanel-in-polished-chrome-77276in-l?skuId=77276IN-L-CP,RFA,3d model,asset_002595,True,False,False,False,True,False,False,False,techcomm.kohler.com
29961IN-CP,3D Model,RFA,https://techcomm.kohler.com/techcomm/cad/Shower-Ceiling_Mount_Showerhead-KOHLER-ML_EDGE-K-29961IN.rfa,https://www.kohler.co.in/p/modernlife-edge-df-rectangle-425x330mm-17-x13--29961in?skuId=29961IN-CP,RFA,3d model,asset_002596,True,False,False,False,True,False,False,False,techcomm.kohler.com
72421IN-CP,3D Model,RFA,https://techcomm.kohler.com/techcomm/cad/Shower-Handshower-KOHLER-AWAKEN-K-72421IN.rfa,https://www.kohler.co.in/p/awaken-organic-multi-mode-handshower-with-hose-72421in?skuId=72421IN-CP,RFA,3d model,asset_002597,True,False,False,False,True,False,False,False,techcomm.kohler.com
12861IN-ZZ-CP,3D Model,RFA,https://techcomm.kohler.com/techcomm/cad/Shower-Handshower-KOHLER-Citrus-K-12861IN.rfa,https://www.kohler.co.in/p/citrus-multi-function-handspray-w-hose-12861in-zz?skuId=12861IN-ZZ-CP,RFA,3d model,asset_002598,True,False,False,False,True,False,False,False,techcomm.kohler.com
26284IN-AF,3D Model,RFA,https://techcomm.kohler.com/techcomm/cad/Shower-Handshower-KOHLER-K-26284IN.rfa,https://www.kohler.co.in/p/statement-oblong-three-function-handshower-9-5-lpm-26284in?skuId=26284IN-AF,RFA,3d model,asset_002599,True,False,False,False,True,False,False,False,techcomm.kohler.com
26284T-2MB,3D Model,RFA,https://techcomm.kohler.com/techcomm/cad/Shower-Handshower-KOHLER-K-26284T.rfa,https://www.kohler.co.in/p/statement-oblong-three-function-handshower-9-5-lpm-26284t?skuId=26284T-2MB,RFA,3d model,asset_002600,True,False,False,False,True,False,False,False,techcomm.kohler.com
39502IN-CP,3D Model,RFA,https://techcomm.kohler.com/techcomm/cad/Shower-Handshower-KOHLER-K-39502IN.rfa,https://www.kohler.co.in/p/rainduet-round-three-function-handshower-9-0-lpm-39502in?skuId=39502IN-CP,RFA,3d model,asset_002601,True,False,False,False,True,False,False,False,techcomm.kohler.com
16359IN-A-CP,3D Model,RFA,https://techcomm.kohler.com/techcomm/cad/Shower-Handshower-KOHLER-Multiproduct_Line-K-16359IN.rfa,https://www.kohler.co.in/p/complementary-single-function-handshower-with-hose-16359in-a?skuId=16359IN-A-CP,RFA,3d model,asset_002602,True,False,False,False,True,False,False,False,techcomm.kohler.com
22166-CP,3D Model,RFA,https://techcomm.kohler.com/techcomm/cad/Shower-Handshower-KOHLER-Purist-K-22166.zip,https://www.kohler.co.in/p/purist-2-5-gpm-multifunction-handshower-with-katalyst-air-induction-technology-22166?skuId=22166-CP,RFA,3d model,asset_002603,True,False,False,False,True,False,False,False,techcomm.kohler.com
24717T-BL,3D Model,RFA,https://techcomm.kohler.com/techcomm/cad/Shower-Handshower-KOHLER-RAINDUET-K-24717T.zip,https://www.kohler.co.in/p/three-function-handshower-6-6-lpm-24717t?skuId=24717T-BL,RFA,3d model,asset_002604,True,False,False,False,True,False,False,False,techcomm.kohler.com
97009T-AF,3D Model,RFA,https://techcomm.kohler.com/techcomm/cad/Shower-Handshower-KOHLER-RAINDUET-K-97009T.zip,https://www.kohler.co.in/p/rain-duet-multi-function-handshower-geo-97009t?skuId=97009T-AF,RFA,3d model,asset_002605,True,False,False,False,True,False,False,False,techcomm.kohler.com
24717IN-CP,3D Model,RFA,https://techcomm.kohler.com/techcomm/cad/Shower-Handshower-KOHLER-Rainduet-K-24717IN.rfa,https://www.kohler.co.in/p/handshower-without-hose-24717in?skuId=24717IN-CP,RFA,3d model,asset_002606,True,False,False,False,True,False,False,False,techcomm.kohler.com
97009IN-CP,3D Model,RFA,https://techcomm.kohler.com/techcomm/cad/Shower-Handshower-KOHLER-Rainduet-K-97009IN.rfa,https://www.kohler.co.in/p/rainduet-square-handshower-w-o-hose-97009in?skuId=97009IN-CP,RFA,3d model,asset_002607,True,False,False,False,True,False,False,False,techcomm.kohler.com
98444IN-CP,3D Model,RFA,https://techcomm.kohler.com/techcomm/cad/Shower-Handshower-KOHLER-SPATULA-K-98444IN.rfa,https://www.kohler.co.in/p/eo-single-function-small-handshower-with-hose-98444in?skuId=98444IN-CP,RFA,3d model,asset_002608,True,False,False,False,True,False,False,False,techcomm.kohler.com
26284T-2MB,3D Model,RFA,https://techcomm.kohler.com/techcomm/cad/Shower-Handshower-KOHLER-Statement-K-26284T.zip,https://www.kohler.co.in/p/statement-oblong-three-function-handshower-9-5-lpm-26284t?skuId=26284T-2MB,RFA,3d model,asset_002609,True,False,False,False,True,False,False,False,techcomm.kohler.com
28695IN-CP,3D Model,RFA,https://techcomm.kohler.com/techcomm/cad/Shower-Handshower-KOHLER-Statement-K-28695IN.rfa,https://www.kohler.co.in/p/statement-oblong-three-function-handshower-9-5-lpm-28695in?skuId=28695IN-CP,RFA,3d model,asset_002610,True,False,False,False,True,False,False,False,techcomm.kohler.com
28694IN-CP,3D Model,RFA,https://techcomm.kohler.com/techcomm/cad/Shower-Handshower-KOHLER-Statement_Round-K-28694IN.rfa,https://www.kohler.co.in/p/statement-round-three-function-handshower-9-5-lpm-28694in?skuId=28694IN-CP,RFA,3d model,asset_002611,True,False,False,False,True,False,False,False,techcomm.kohler.com
28585IN-0,3D Model,RFA,https://techcomm.kohler.com/techcomm/cad/Shower-Handshower-KOHLER-Switch-K-28585IN.rfa,https://www.kohler.co.in/p/switch-multimode-handshower-without-hose-white-28585in?skuId=28585IN-0,RFA,3d model,asset_002612,True,False,False,False,True,False,False,False,techcomm.kohler.com
99460IN-4-CP,3D Model,RFA,https://techcomm.kohler.com/techcomm/cad/Shower-Handshower_Kit-KOHLER-KUMIN-K-99460IN.rfa,https://www.kohler.co.in/p/kumin-exposed-sc-b-s-faucet-99460in-4?skuId=99460IN-4-CP,RFA,3d model,asset_002613,True,False,False,False,True,False,False,False,techcomm.kohler.com
98445IN-CP,3D Model,RFA,https://techcomm.kohler.com/techcomm/cad/Shower-Handshower_Kit-KOHLER-Spatula-K-98445IN.rfa,https://www.kohler.co.in/p/spatula-square-single-function-handshower-13-0-lpm-98445in?skuId=98445IN-CP,RFA,3d model,asset_002614,True,False,False,False,True,False,False,False,techcomm.kohler.com
27731IN-CP,3D Model,RFA,https://techcomm.kohler.com/techcomm/cad/Shower-Rainhead-KOHLER-BEITOU-K-27731IN.rfa,https://www.kohler.co.in/p/modernlife-flow-330x230mm-rainhead-27731in?skuId=27731IN-CP,RFA,3d model,asset_002615,True,False,False,False,True,False,False,False,techcomm.kohler.com
24470IN-CP,3D Model,RFA,https://techcomm.kohler.com/techcomm/cad/Shower-Rainhead-KOHLER-Beitou-K-24470IN.rfa,https://www.kohler.co.in/p/modernlife-dual-flow-330-x-230mm-rainhead-in-brushed-bronze-24470in?skuId=24470IN-CP,RFA,3d model,asset_002616,True,False,False,False,True,False,False,False,techcomm.kohler.com
26303T-CP,3D Model,RFA,https://techcomm.kohler.com/techcomm/cad/Shower-Rainhead-KOHLER-CANTILEVER-K-26303T.zip,https://www.kohler.co.in/p/statement-ceiling-mount-single-function-iconic-dual-shower-arm-with-rainhead-and-handshower-26303t?skuId=26303T-CP,RFA,3d model,asset_002617,True,False,False,False,True,False,False,False,techcomm.kohler.com
26294IN-AF,3D Model,RFA,https://techcomm.kohler.com/techcomm/cad/Shower-Rainhead-KOHLER-K-26294IN.rfa,https://www.kohler.co.in/p/statement-oblong-353-mm-single-function-rainhead-9-5-lpm-26294in?skuId=26294IN-AF,RFA,3d model,asset_002618,True,False,False,False,True,False,False,False,techcomm.kohler.com
26294T-2MB,3D Model,RFA,https://techcomm.kohler.com/techcomm/cad/Shower-Rainhead-KOHLER-K-26294T.rfa,https://www.kohler.co.in/p/statement-oblong-353-mm-single-function-rainhead-9-5-lpm-26294t?skuId=26294T-2MB,RFA,3d model,asset_002619,True,False,False,False,True,False,False,False,techcomm.kohler.com
97167IN-CP,3D Model,RFA,https://techcomm.kohler.com/techcomm/cad/Shower-Rainhead-KOHLER-K-97167IN.rfa,https://www.kohler.co.in/p/loure-shower-panel-97167in?skuId=97167IN-CP,RFA,3d model,asset_002620,True,False,False,False,True,False,False,False,techcomm.kohler.com
29959IN-AF,3D Model,RFA,https://techcomm.kohler.com/techcomm/cad/Shower-Rainhead-KOHLER-ML_Edge-K-29959IN.rfa,https://www.kohler.co.in/p/modernlife-edge-df-rectangle-425x330mm-17-x13--29959in?skuId=29959IN-AF,RFA,3d model,asset_002621,True,False,False,False,True,False,False,False,techcomm.kohler.com
26856IN-CP,3D Model,RFA,https://techcomm.kohler.com/techcomm/cad/Shower-Rainhead-KOHLER-Rain_Max-K-26856IN.rfa,https://www.kohler.co.in/p/rain-max-square-305-mm-single-function-rainhead-22-lpm-26856in?skuId=26856IN-CP,RFA,3d model,asset_002622,True,False,False,False,True,False,False,False,techcomm.kohler.com
26294T-2MB,3D Model,RFA,https://techcomm.kohler.com/techcomm/cad/Shower-Rainhead-KOHLER-Statement-K-26294T.zip,https://www.kohler.co.in/p/statement-oblong-353-mm-single-function-rainhead-9-5-lpm-26294t?skuId=26294T-2MB,RFA,3d model,asset_002623,True,False,False,False,True,False,False,False,techcomm.kohler.com
702650IN-LH0-BL,3D Model,RFA,https://techcomm.kohler.com/techcomm/cad/Shower-Shower_Door-KOHLER-Brazn-K-702650IN.rfa,https://www.kohler.co.in/p/brazn-2200-mm-h-sliding-shower-door-with-10-mm-thick-glass-702650in-lh0?skuId=702650IN-LH0-BL,RFA,3d model,asset_002624,True,False,False,False,True,False,False,False,techcomm.kohler.com
705115IN-SHP,3D Model,RFA,https://techcomm.kohler.com/techcomm/cad/Shower-Shower_Door-KOHLER-Contra-K-705115IN.rfa,https://www.kohler.co.in/p/contra-2000-mm-2100-mm-h-sliding-shower-door-with-8-mm-thick-glass-705115in?skuId=705115IN-SHP,RFA,3d model,asset_002625,True,False,False,False,True,False,False,False,techcomm.kohler.com
705116IN-SHP,3D Model,RFA,https://techcomm.kohler.com/techcomm/cad/Shower-Shower_Door-KOHLER-Contra-K-705116IN.rfa,https://www.kohler.co.in/p/contra-big-ht-2000mm-705116in?skuId=705116IN-SHP,RFA,3d model,asset_002626,True,False,False,False,True,False,False,False,techcomm.kohler.com
39059IN-SHP,3D Model,RFA,https://techcomm.kohler.com/techcomm/cad/Shower-Shower_Door-KOHLER-Elate-K-39059IN.rfa,https://www.kohler.co.in/p/elate-2000-mm-h-sliding-shower-door-with-8-mm-thick-glass-39059in?skuId=39059IN-SHP,RFA,3d model,asset_002627,True,False,False,False,True,False,False,False,techcomm.kohler.com
39061IN-SHP,3D Model,RFA,https://techcomm.kohler.com/techcomm/cad/Shower-Shower_Door-KOHLER-Elate-K-39061IN.rfa,https://www.kohler.co.in/p/elate-2000-mm-h-sliding-shower-door-with-8-mm-thick-glass-39061in?skuId=39061IN-SHP,RFA,3d model,asset_002628,True,False,False,False,True,False,False,False,techcomm.kohler.com
39259IN-SHP,3D Model,RFA,https://techcomm.kohler.com/techcomm/cad/Shower-Shower_Door-KOHLER-Elate-K-39259IN.rfa,https://www.kohler.co.in/p/elate-2000-mm-h-sliding-shower-door-with-8-mm-thick-glass-39259in?skuId=39259IN-SHP,RFA,3d model,asset_002629,True,False,False,False,True,False,False,False,techcomm.kohler.com
709075IN-CP,3D Model,RFA,https://techcomm.kohler.com/techcomm/cad/Shower-Shower_Door-KOHLER-New_Levity-K-709075IN.rfa,https://www.kohler.co.in/p/new-levity-small-w-knob-709075in?skuId=709075IN-CP,RFA,3d model,asset_002630,True,False,False,False,True,False,False,False,techcomm.kohler.com
709076IN-CP,3D Model,RFA,https://techcomm.kohler.com/techcomm/cad/Shower-Shower_Door-KOHLER-New_Levity-K-709076IN.rfa,https://www.kohler.co.in/p/big-w-knob-709076in?skuId=709076IN-CP,RFA,3d model,asset_002631,True,False,False,False,True,False,False,False,techcomm.kohler.com
704699IN-SHP,3D Model,RFA,https://techcomm.kohler.com/techcomm/cad/Shower-Shower_Door-KOHLER-New_Trilogy-K-704699IN.rfa,https://www.kohler.co.in/p/new-trilogy-2000-mm-2161-mm-h-pivot-shower-door-with-8-mm-thick-glass-704699in?skuId=704699IN-SHP,RFA,3d model,asset_002632,True,False,False,False,True,False,False,False,techcomm.kohler.com
708065IN-CP,3D Model,RFA,https://techcomm.kohler.com/techcomm/cad/Shower-Shower_Door-KOHLER-Singulier-K-708065IN.rfa,https://www.kohler.co.in/p/singulier-1d1p-s-708065in?skuId=708065IN-CP,RFA,3d model,asset_002633,True,False,False,False,True,False,False,False,techcomm.kohler.com
708066IN-CP,3D Model,RFA,https://techcomm.kohler.com/techcomm/cad/Shower-Shower_Door-KOHLER-Singulier-K-708066IN.rfa,https://www.kohler.co.in/p/singulier-1d2p-s-708066in?skuId=708066IN-CP,RFA,3d model,asset_002634,True,False,False,False,True,False,False,False,techcomm.kohler.com
708067IN-CP,3D Model,RFA,https://techcomm.kohler.com/techcomm/cad/Shower-Shower_Door-KOHLER-Singulier-K-708067IN.rfa,https://www.kohler.co.in/p/singulier-2000-mm-2100-mm-h-pivot-shower-door-with-8-mm-thick-glass-708067in?skuId=708067IN-CP,RFA,3d model,asset_002635,True,False,False,False,True,False,False,False,techcomm.kohler.com
704796IN-2BL,3D Model,RFA,https://techcomm.kohler.com/techcomm/cad/Shower-Shower_Door-KOHLER-TRILOGY-K-704796IN.rfa,https://www.kohler.co.in/p/new-trilogy-2061-mm-h-pivot-shower-door-with-8-mm-or-10-mm-thick-glass-704796in?skuId=704796IN-2BL,RFA,3d model,asset_002636,True,False,False,False,True,False,False,False,techcomm.kohler.com
24613IN-CP,3D Model,RFA,https://techcomm.kohler.com/techcomm/cad/Shower-Showerhead-KOHLER-Arise-K-24613IN.rfa,https://www.kohler.co.in/p/arise-single-function-lighted-showerhead-9-5-lpm-24613in?skuId=24613IN-CP,RFA,3d model,asset_002637,True,False,False,False,True,False,False,False,techcomm.kohler.com
72425IN-CP,3D Model,RFA,https://techcomm.kohler.com/techcomm/cad/Shower-Showerhead-KOHLER-Awaken-K-72425IN.rfa,https://www.kohler.co.in/p/awaken-organic-multi-mode-showerhead-with-shower-arm-72425in?skuId=72425IN-CP,RFA,3d model,asset_002638,True,False,False,False,True,False,False,False,techcomm.kohler.com
24547IN-CP,3D Model,RFA,https://techcomm.kohler.com/techcomm/cad/Shower-Showerhead-KOHLER-Daisyfield-K-24547IN.rfa,https://www.kohler.co.in/p/daisyfield-multifunction-showerhead-9-6-lpm-24547in?skuId=24547IN-CP,RFA,3d model,asset_002639,True,False,False,False,True,False,False,False,techcomm.kohler.com
26855IN-CP,3D Model,RFA,https://techcomm.kohler.com/techcomm/cad/Shower-Showerhead-KOHLER-Dual_Core-K-26855IN.rfa,https://www.kohler.co.in/p/rain-max-square-254-mm-single-function-rainhead-22-lpm-26855in?skuId=26855IN-CP,RFA,3d model,asset_002640,True,False,False,False,True,False,False,False,techcomm.kohler.com
26856IN-CP,3D Model,RFA,https://techcomm.kohler.com/techcomm/cad/Shower-Showerhead-KOHLER-Dual_Core-K-26856IN.rfa,https://www.kohler.co.in/p/rain-max-square-305-mm-single-function-rainhead-22-lpm-26856in?skuId=26856IN-CP,RFA,3d model,asset_002641,True,False,False,False,True,False,False,False,techcomm.kohler.com
26290IN-CP,3D Model,RFA,https://techcomm.kohler.com/techcomm/cad/Shower-Showerhead-KOHLER-K-26290IN.rfa,https://www.kohler.co.in/p/statement-three-function-showerhead-9-5-lpm-26290in?skuId=26290IN-CP,RFA,3d model,asset_002642,True,False,False,False,True,False,False,False,techcomm.kohler.com
26290T-2MB,3D Model,RFA,https://techcomm.kohler.com/techcomm/cad/Shower-Showerhead-KOHLER-K-26290T.rfa,https://www.kohler.co.in/p/statement-three-function-showerhead-9-5-lpm-26290t?skuId=26290T-2MB,RFA,3d model,asset_002643,True,False,False,False,True,False,False,False,techcomm.kohler.com
26295T-2MB,3D Model,RFA,https://techcomm.kohler.com/techcomm/cad/Shower-Showerhead-KOHLER-K-26295T.rfa,https://www.kohler.co.in/p/statement-oblong-353-mm-two-function-rainhead-9-5-lpm-26295t?skuId=26295T-2MB,RFA,3d model,asset_002644,True,False,False,False,True,False,False,False,techcomm.kohler.com
26296IN-AF,3D Model,RFA,https://techcomm.kohler.com/techcomm/cad/Shower-Showerhead-KOHLER-K-26296IN.rfa,https://www.kohler.co.in/p/statement-oblong-353-mm-two-function-rainhead-9-5-lpm-26296in?skuId=26296IN-AF,RFA,3d model,asset_002645,True,False,False,False,True,False,False,False,techcomm.kohler.com
26296T-2MB,3D Model,RFA,https://techcomm.kohler.com/techcomm/cad/Shower-Showerhead-KOHLER-K-26296T.rfa,https://www.kohler.co.in/p/statement-oblong-353-mm-two-function-rainhead-9-5-lpm-26296t?skuId=26296T-2MB,RFA,3d model,asset_002646,True,False,False,False,True,False,False,False,techcomm.kohler.com
26297IN-CP,3D Model,RFA,https://techcomm.kohler.com/techcomm/cad/Shower-Showerhead-KOHLER-K-26297IN.rfa,https://www.kohler.co.in/p/statement-oblong-453-mm-two-function-rainhead-9-5-lpm-26297in?skuId=26297IN-CP,RFA,3d model,asset_002647,True,False,False,False,True,False,False,False,techcomm.kohler.com
39507IN-CP,3D Model,RFA,https://techcomm.kohler.com/techcomm/cad/Shower-Showerhead-KOHLER-K-39507IN.rfa,https://www.kohler.co.in/p/rainduet-round-250-mm-single-function-rainhead-10-5-lpm-39507in?skuId=39507IN-CP,RFA,3d model,asset_002648,True,False,False,False,True,False,False,False,techcomm.kohler.com
73198IN-CP,3D Model,RFA,https://techcomm.kohler.com/techcomm/cad/Shower-Showerhead-KOHLER-Katalyst-K-73198IN.rfa,https://www.kohler.co.in/p/203mm-round-katalyst-tm-rainhead-73198in?skuId=73198IN-CP,RFA,3d model,asset_002649,True,False,False,False,True,False,False,False,techcomm.kohler.com
73199IN-CP,3D Model,RFA,https://techcomm.kohler.com/techcomm/cad/Shower-Showerhead-KOHLER-Katalyst-K-73199IN.rfa,https://www.kohler.co.in/p/rainduet-contemporary-square-200-mm-single-function-rainhead-8-7-lpm-73199in?skuId=73199IN-CP,RFA,3d model,asset_002650,True,False,False,False,True,False,False,False,techcomm.kohler.com
9302IN-CL-CP,3D Model,RFA,https://techcomm.kohler.com/techcomm/cad/Shower-Showerhead-KOHLER-LOURE-K-9302IN.rfa,https://www.kohler.co.in/p/modernlife-edge-square-330-mm-single-function-rainhead-9302in-cl?skuId=9302IN-CL-CP,RFA,3d model,asset_002651,True,False,False,False,True,False,False,False,techcomm.kohler.com
98275IN-CL-CP,3D Model,RFA,https://techcomm.kohler.com/techcomm/cad/Shower-Showerhead-KOHLER-Loure-K-98275IN.rfa,https://www.kohler.co.in/p/loure-17-katalyst-air-showerhead-98275in-cl?skuId=98275IN-CL-CP,RFA,3d model,asset_002652,True,False,False,False,True,False,False,False,techcomm.kohler.com
27731IN-CP,3D Model,RFA,https://techcomm.kohler.com/techcomm/cad/Shower-Showerhead-KOHLER-Modern_Life-K-27731IN.rfa,https://www.kohler.co.in/p/modernlife-flow-330x230mm-rainhead-27731in?skuId=27731IN-CP,RFA,3d model,asset_002653,True,False,False,False,True,False,False,False,techcomm.kohler.com
9301IN-CL-CP,3D Model,RFA,https://techcomm.kohler.com/techcomm/cad/Shower-Showerhead-KOHLER-Modern_Life-K-9301IN.zip,https://www.kohler.co.in/p/modernlife-edge-square-381mm-single-function-rainhead-9301in-cl?skuId=9301IN-CL-CP,RFA,3d model,asset_002654,True,False,False,False,True,False,False,False,techcomm.kohler.com
76465IN-BL,3D Model,RFA,https://techcomm.kohler.com/techcomm/cad/Shower-Showerhead-KOHLER-RAINDUET-K-76465IN.rfa,https://www.kohler.co.in/p/awaken-254mm-rainhead-76465in?skuId=76465IN-BL,RFA,3d model,asset_002655,True,False,False,False,True,False,False,False,techcomm.kohler.com
26853IN-CP,3D Model,RFA,https://techcomm.kohler.com/techcomm/cad/Shower-Showerhead-KOHLER-RAIN_DUET-K-26853IN.rfa,https://www.kohler.co.in/p/rainduet-five-function-showerhead-14-0-lpm-26853in?skuId=26853IN-CP,RFA,3d model,asset_002656,True,False,False,False,True,False,False,False,techcomm.kohler.com
38629IN-CP,3D Model,RFA,https://techcomm.kohler.com/techcomm/cad/Shower-Showerhead-KOHLER-Rain-K-38629IN.rfa,https://www.kohler.co.in/p/rain-max-square-305-mm-three-function-rainhead-14-5-31-0-lpm-38629in?skuId=38629IN-CP,RFA,3d model,asset_002657,True,False,False,False,True,False,False,False,techcomm.kohler.com
23657IN-CP,3D Model,RFA,https://techcomm.kohler.com/techcomm/cad/Shower-Showerhead-KOHLER-Rain_Duet-K-23657IN.rfa,https://www.kohler.co.in/p/rainduet-single-function-organic-showerhead-23657in?skuId=23657IN-CP,RFA,3d model,asset_002658,True,False,False,False,True,False,False,False,techcomm.kohler.com
73037IN-CL-CP,3D Model,RFA,https://techcomm.kohler.com/techcomm/cad/Shower-Showerhead-KOHLER-Rain_Duet-K-73037IN.rfa,https://www.kohler.co.in/p/round-duet-edge-square-203-mm-single-function-rainhead-73037in-cl?skuId=73037IN-CL-CP,RFA,3d model,asset_002659,True,False,False,False,True,False,False,False,techcomm.kohler.com
27724IN-CP,3D Model,RFA,https://techcomm.kohler.com/techcomm/cad/Shower-Showerhead-KOHLER-Rainduet-K-27724IN.rfa,https://www.kohler.co.in/p/kohler-rain-duet-filter-shower-with-activated-charcoal-and-5-showering-modes-27724in?skuId=27724IN-CP,RFA,3d model,asset_002660,True,False,False,False,True,False,False,False,techcomm.kohler.com
73038IN-CL-CP,3D Model,RFA,https://techcomm.kohler.com/techcomm/cad/Shower-Showerhead-KOHLER-Rainduet-K-73038IN.rfa,https://www.kohler.co.in/p/rain-duet-edge-square-203-mm-single-function-rainhead-73038in-cl?skuId=73038IN-CL-CP,RFA,3d model,asset_002661,True,False,False,False,True,False,False,False,techcomm.kohler.com
73039IN-CL-CP,3D Model,RFA,https://techcomm.kohler.com/techcomm/cad/Shower-Showerhead-KOHLER-Rainduet-K-73039IN.rfa,https://www.kohler.co.in/p/rainduet-edge-round-254-mm-rainhead-9-4-lpm-73039in-cl?skuId=73039IN-CL-CP,RFA,3d model,asset_002662,True,False,False,False,True,False,False,False,techcomm.kohler.com
73040IN-CL-CP,3D Model,RFA,https://techcomm.kohler.com/techcomm/cad/Shower-Showerhead-KOHLER-Rainduet-K-73040IN.rfa,https://www.kohler.co.in/p/rainduet-edge-square-254-mm-single-function-rainhead-9-5-lpm-73040in-cl?skuId=73040IN-CL-CP,RFA,3d model,asset_002663,True,False,False,False,True,False,False,False,techcomm.kohler.com
75924IN-CP,3D Model,RFA,https://techcomm.kohler.com/techcomm/cad/Shower-Showerhead-KOHLER-Rainduet-K-75924IN.rfa,https://www.kohler.co.in/p/rainduet-multifunction-showerhead-75924in?skuId=75924IN-CP,RFA,3d model,asset_002664,True,False,False,False,True,False,False,False,techcomm.kohler.com
26295T-2MB,3D Model,RFA,https://techcomm.kohler.com/techcomm/cad/Shower-Showerhead-KOHLER-Statement-K-26295T.zip,https://www.kohler.co.in/p/statement-oblong-353-mm-two-function-rainhead-9-5-lpm-26295t?skuId=26295T-2MB,RFA,3d model,asset_002665,True,False,False,False,True,False,False,False,techcomm.kohler.com
13693-CP,3D Model,RFA,https://techcomm.kohler.com/techcomm/cad/Shower-Showerhead-KOHLER-Traditional_Round-K-13693.zip,https://www.kohler.co.in/p/traditional-round-10-rainhead-with-katalyst-air-induction-spray-2-5-gpm-13693?skuId=13693-CP,RFA,3d model,asset_002666,True,False,False,False,True,False,False,False,techcomm.kohler.com
16356IN-A-AF,3D Model,RFA,https://techcomm.kohler.com/techcomm/cad/Shower-Showerhead_Kit-KOHLER-K-16356IN.rfa,https://www.kohler.co.in/p/sf-showerhead-with-arm-escutcheon-16356in-a?skuId=16356IN-A-AF,RFA,3d model,asset_002667,True,False,False,False,True,False,False,False,techcomm.kohler.com
72830IN-L-CP,3D Model,RFA,https://techcomm.kohler.com/techcomm/cad/Shower-Wall_Mount_Showerhead-KOHLER-BEITOU-K-72830IN.rfa,https://www.kohler.co.in/p/beitou-rainpanel-500x500-multifunction-rainpanel-in-polished-chrome-72830in-l?skuId=72830IN-L-CP,RFA,3d model,asset_002668,True,False,False,False,True,False,False,False,techcomm.kohler.com
704698IN-SHP,3D Model,RFA,https://techcomm.kohler.com/techcomm/cad/Shower-shower_Door-KOHLER-New_Trilogy-K-704698IN.rfa,https://www.kohler.co.in/p/new-trilogy-2000-h-pivot-shower-door-with-8-mm-thick-glass-704698in?skuId=704698IN-SHP,RFA,3d model,asset_002669,True,False,False,False,True,False,False,False,techcomm.kohler.com
704702IN-SHP,3D Model,RFA,https://techcomm.kohler.com/techcomm/cad/Shower-shower_Door-KOHLER-New_Trilogy-K-704702IN.rfa,https://www.kohler.co.in/p/new-trilogy-2d3p-t-shape-10mm-in-704702in?skuId=704702IN-SHP,RFA,3d model,asset_002670,True,False,False,False,True,False,False,False,techcomm.kohler.com
13693-CP,3D Model,RFA,https://techcomm.kohler.com/techcomm/cad/Showerhead-10in_Round-Kohler-Katalyst_Spray-13693.rfa,https://www.kohler.co.in/p/traditional-round-10-rainhead-with-katalyst-air-induction-spray-2-5-gpm-13693?skuId=13693-CP,RFA,3d model,asset_002671,True,False,False,False,True,False,False,False,techcomm.kohler.com
20704-0,3D Model,RFA,https://techcomm.kohler.com/techcomm/cad/Sink-Bathroom_Vessel-KOHLER-Veil-K-20704.zip,https://www.kohler.co.in/p/veil-vessel-bathroom-sink-20704?skuId=20704-0,RFA,3d model,asset_002672,True,False,False,False,True,False,False,False,techcomm.kohler.com
11160T-1-0,3D Model,RFA,https://techcomm.kohler.com/techcomm/cad/Sink-Drop_In-Lavatory-KOHLER-ODEON-K-11160T.rfa,https://www.kohler.co.in/p/odeon-odeon-semi-recessed-basin-560mm-11160t-1?skuId=11160T-1-0,RFA,3d model,asset_002673,True,False,False,False,True,False,False,False,techcomm.kohler.com
7799IN-FDL-0,3D Model,RFA,https://techcomm.kohler.com/techcomm/cad/Sink-Drop_In-Lavatory-KOHLER-QUILA_VANA-K-7799IN.rfa,https://www.kohler.co.in/p/quila-vana-vessel-bathroom-sink-7799in-fdl?skuId=7799IN-FDL-0,RFA,3d model,asset_002674,True,False,False,False,True,False,False,False,techcomm.kohler.com
98930X-1-0,3D Model,RFA,https://techcomm.kohler.com/techcomm/cad/Sink-Semi_Recessed-KOHLER-FOREFRONT-K-98930X.rfa,https://www.kohler.co.in/p/forefront-semi-recessed-bathroom-sink-98930x-1?skuId=98930X-1-0,RFA,3d model,asset_002675,True,False,False,False,True,False,False,False,techcomm.kohler.com
72907K-1-0,3D Model,RFA,https://techcomm.kohler.com/techcomm/cad/Sink-Semi_Recessed-Lavatory-KOHLER-LADENA-K-72907K.rfa,https://www.kohler.co.in/p/ladena-semi-recessed-bathroom-sink-72907k-1?skuId=72907K-1-0,RFA,3d model,asset_002676,True,False,False,False,True,False,False,False,techcomm.kohler.com
31347IN-0,3D Model,RFA,https://techcomm.kohler.com/techcomm/cad/Sink-Steam-Vessel-Lavatory-KOHLER-Swedna-K-31347IN.rfa,https://www.kohler.co.in/p/sveda-663-mm-oval-vessel-bathroom-sink-31347in?skuId=31347IN-0,RFA,3d model,asset_002677,True,False,False,False,True,False,False,False,techcomm.kohler.com
2883-0,3D Model,RFA,https://techcomm.kohler.com/techcomm/cad/Sink-Under_Mount-Lavatory-KOHLER-Verticyl-K-2883.zip,https://www.kohler.co.in/p/demilav-verticyl-round-undermount-bathroom-sink-2883?skuId=2883-0,RFA,3d model,asset_002678,True,False,False,False,True,False,False,False,techcomm.kohler.com
2210IN-0,3D Model,RFA,https://techcomm.kohler.com/techcomm/cad/Sink-Undermount-Lavatory-KOHLER-Caxton-K-2210IN.rfa,https://www.kohler.co.in/p/caxton-small-undercounter-lavatory-2210in?skuId=2210IN-0,RFA,3d model,asset_002679,True,False,False,False,True,False,False,False,techcomm.kohler.com
2211IN-0,3D Model,RFA,https://techcomm.kohler.com/techcomm/cad/Sink-Undermount-Lavatory-KOHLER-Caxton-K-2211IN.rfa,https://www.kohler.co.in/p/caxton-big-undercounter-lavatory-2211in?skuId=2211IN-0,RFA,3d model,asset_002680,True,False,False,False,True,False,False,False,techcomm.kohler.com
14008T-PD-0,3D Model,RFA,https://techcomm.kohler.com/techcomm/cad/Sink-Undermount-Lavatory-KOHLER-LAUREATE_CAXTON-K-14008T.rfa,https://www.kohler.co.in/p/laureate-under-mount-bathroom-sink-gold-14008t-pd?skuId=14008T-PD-0,RFA,3d model,asset_002681,True,False,False,False,True,False,False,False,techcomm.kohler.com
2215IN-2-0,3D Model,RFA,https://techcomm.kohler.com/techcomm/cad/Sink-Undermount-Lavatory-KOHLER-Ladena -K-2215IN.rfa,https://www.kohler.co.in/p/ladena-581mm-x-402mm-undercounter-basin-in-white-2215in-2?skuId=2215IN-2-0,RFA,3d model,asset_002682,True,False,False,False,True,False,False,False,techcomm.kohler.com
2214IN-0,3D Model,RFA,https://techcomm.kohler.com/techcomm/cad/Sink-Undermount-Lavatory-KOHLER-Ladena-K-2214IN.rfa,https://www.kohler.co.in/p/ladena-529-mm-rectangular-undercounter-bathroom-sink-with-glazed-underside-2214in?skuId=2214IN-0,RFA,3d model,asset_002683,True,False,False,False,True,False,False,False,techcomm.kohler.com
2215IN-2-0,3D Model,RFA,https://techcomm.kohler.com/techcomm/cad/Sink-Undermount-Lavatory-KOHLER-Ladena-K-2215IN.rfa,https://www.kohler.co.in/p/ladena-581mm-x-402mm-undercounter-basin-in-white-2215in-2?skuId=2215IN-2-0,RFA,3d model,asset_002684,True,False,False,False,True,False,False,False,techcomm.kohler.com
2349IN-FDL-96,3D Model,RFA,https://techcomm.kohler.com/techcomm/cad/Sink-Undermount-Lavatory-KOHLER-QUILA-K-2349IN.rfa,https://www.kohler.co.in/p/quila-camber-undermount-bathroom-sink-2349in-fdl?skuId=2349IN-FDL-96,RFA,3d model,asset_002685,True,False,False,False,True,False,False,False,techcomm.kohler.com
34251IN-0,3D Model,RFA,https://techcomm.kohler.com/techcomm/cad/Sink-Vessel-Lavatory-KOHLER-APT-K-34251IN.rfa,https://www.kohler.co.in/p/apt-550-mm-rectangular-vessel-bathroom-sink-no-overflow-34251in?skuId=34251IN-0,RFA,3d model,asset_002686,True,False,False,False,True,False,False,False,techcomm.kohler.com
21060IN-0,3D Model,RFA,https://techcomm.kohler.com/techcomm/cad/Sink-Vessel-Lavatory-KOHLER-BRAZN-K-21060IN.rfa,https://www.kohler.co.in/p/brazn-vessel-bathroom-sink-21060in?skuId=21060IN-0,RFA,3d model,asset_002687,True,False,False,False,True,False,False,False,techcomm.kohler.com
21060IN-0,3D Model,RFA,https://techcomm.kohler.com/techcomm/cad/Sink-Vessel-Lavatory-KOHLER-Brazn-K-21060IN.zip,https://www.kohler.co.in/p/brazn-vessel-bathroom-sink-21060in?skuId=21060IN-0,RFA,3d model,asset_002688,True,False,False,False,True,False,False,False,techcomm.kohler.com
29024IN-1-0,3D Model,RFA,https://techcomm.kohler.com/techcomm/cad/Sink-Vessel-Lavatory-KOHLER-Chalice-K-29024IN.rfa,https://www.kohler.co.in/p/chalice-round-vessel-1tap-hole-29024in-1?skuId=29024IN-1-0,RFA,3d model,asset_002689,True,False,False,False,True,False,False,False,techcomm.kohler.com
2200IN-0,3D Model,RFA,https://techcomm.kohler.com/techcomm/cad/Sink-Vessel-Lavatory-KOHLER-Conical-K-2200IN.rfa,https://www.kohler.co.in/p/conical-bell-413-mm-round-vessel-bathroom-sink-with-glazed-underside-no-overflow-2200in?skuId=2200IN-0,RFA,3d model,asset_002690,True,False,False,False,True,False,False,False,techcomm.kohler.com
2200IN-0,3D Model,RFA,https://techcomm.kohler.com/techcomm/cad/Sink-Vessel-Lavatory-KOHLER-Conical_Bell-K-2200IN.rfa,https://www.kohler.co.in/p/conical-bell-413-mm-round-vessel-bathroom-sink-with-glazed-underside-no-overflow-2200in?skuId=2200IN-0,RFA,3d model,asset_002691,True,False,False,False,True,False,False,False,techcomm.kohler.com
2200IN-0,3D Model,RFA,https://techcomm.kohler.com/techcomm/cad/Sink-Vessel-Lavatory-KOHLER-Conical_Bell-K-2200IN.zip,https://www.kohler.co.in/p/conical-bell-413-mm-round-vessel-bathroom-sink-with-glazed-underside-no-overflow-2200in?skuId=2200IN-0,RFA,3d model,asset_002692,True,False,False,False,True,False,False,False,techcomm.kohler.com
2661IN-0,3D Model,RFA,https://techcomm.kohler.com/techcomm/cad/Sink-Vessel-Lavatory-KOHLER-FOREFRONT-K-2661IN.rfa,https://www.kohler.co.in/p/vox-square-vessel-lavatory-without-faucet-hole-2661in?skuId=2661IN-0,RFA,3d model,asset_002693,True,False,False,False,True,False,False,False,techcomm.kohler.com
2749T-1-0,3D Model,RFA,https://techcomm.kohler.com/techcomm/cad/Sink-Vessel-Lavatory-KOHLER-FOREFRONT-K-2749T.rfa,https://www.kohler.co.in/p/forefront-vanity-lavatory-with-single-faucet-hole-2749t-1?skuId=2749T-1-0,RFA,3d model,asset_002694,True,False,False,False,True,False,False,False,techcomm.kohler.com
5373IN-0,3D Model,RFA,https://techcomm.kohler.com/techcomm/cad/Sink-Vessel-Lavatory-KOHLER-FOREFRONT-K-5373IN.rfa,https://www.kohler.co.in/p/forefront-580-mm-rectangular-vessel-bathroom-sink-5373in?skuId=5373IN-0,RFA,3d model,asset_002695,True,False,False,False,True,False,False,False,techcomm.kohler.com
75374IN-1-0,3D Model,RFA,https://techcomm.kohler.com/techcomm/cad/Sink-Vessel-Lavatory-KOHLER-FOREFRONT-K-75374IN.rfa,https://www.kohler.co.in/p/forefront-sq-w-deck-75374in-1?skuId=75374IN-1-0,RFA,3d model,asset_002696,True,False,False,False,True,False,False,False,techcomm.kohler.com
75375IN-0,3D Model,RFA,https://techcomm.kohler.com/techcomm/cad/Sink-Vessel-Lavatory-KOHLER-FOREFRONT-K-75375IN.rfa,https://www.kohler.co.in/p/forefront-890-mm-rectangular-vessel-bathroom-sink-no-overflow-75375in?skuId=75375IN-0,RFA,3d model,asset_002697,True,False,False,False,True,False,False,False,techcomm.kohler.com
11479IN-VC1-0,3D Model,RFA,https://techcomm.kohler.com/techcomm/cad/Sink-Vessel-Lavatory-KOHLER-Forefront-K-11479IN.rfa,https://www.kohler.co.in/p/forefront-semi-recessed-lavatory-with-single-faucet-hole-11479in-vc1?skuId=11479IN-VC1-0,RFA,3d model,asset_002698,True,False,False,False,True,False,False,False,techcomm.kohler.com
30506IN-1-0,3D Model,RFA,https://techcomm.kohler.com/techcomm/cad/Sink-Vessel-Lavatory-KOHLER-Forefront-K-30506IN.rfa,https://www.kohler.co.in/p/forefront-brink-600-mm-rectangle-vessel-bathroom-sink-with-deck-30506in-1?skuId=30506IN-1-0,RFA,3d model,asset_002699,True,False,False,False,True,False,False,False,techcomm.kohler.com
5373IN-0,3D Model,RFA,https://techcomm.kohler.com/techcomm/cad/Sink-Vessel-Lavatory-KOHLER-Forefront-K-5373IN.zip,https://www.kohler.co.in/p/forefront-580-mm-rectangular-vessel-bathroom-sink-5373in?skuId=5373IN-0,RFA,3d model,asset_002700,True,False,False,False,True,False,False,False,techcomm.kohler.com
76600IN-0,3D Model,RFA,https://techcomm.kohler.com/techcomm/cad/Sink-Vessel-Lavatory-KOHLER-Kankara-K-76600IN.rfa,https://www.kohler.co.in/p/kankara-vessel-basin-with-1-tap-hole-76600in?skuId=76600IN-0,RFA,3d model,asset_002701,True,False,False,False,True,False,False,False,techcomm.kohler.com
90011T-0,3D Model,RFA,https://techcomm.kohler.com/techcomm/cad/Sink-Vessel-Lavatory-KOHLER-MICA-K-90011T.rfa,https://www.kohler.co.in/p/mica-vessel-sink-90011t?skuId=90011T-0,RFA,3d model,asset_002702,True,False,False,False,True,False,False,False,techcomm.kohler.com
21226IN-HP1,3D Model,RFA,https://techcomm.kohler.com/techcomm/cad/Sink-Vessel-Lavatory-KOHLER-ModernLife-K-21226IN.zip,https://www.kohler.co.in/p/600mm-edge-vessel-basin-without-faucet-hole-in-thunder-grey-21226in?skuId=21226IN-HP1,RFA,3d model,asset_002703,True,False,False,False,True,False,False,False,techcomm.kohler.com
21226IN-HP1,3D Model,RFA,https://techcomm.kohler.com/techcomm/cad/Sink-Vessel-Lavatory-KOHLER-Modernlife-K-21226IN.rfa,https://www.kohler.co.in/p/600mm-edge-vessel-basin-without-faucet-hole-in-thunder-grey-21226in?skuId=21226IN-HP1,RFA,3d model,asset_002704,True,False,False,False,True,False,False,False,techcomm.kohler.com
31343IN-SS-0,3D Model,RFA,https://techcomm.kohler.com/techcomm/cad/Sink-Vessel-Lavatory-KOHLER-NYSA-K-31343IN.rfa,https://www.kohler.co.in/p/nysa-vessel-basin-without-faucet-hole-in-white-31343in-ss?skuId=31343IN-SS-0,RFA,3d model,asset_002705,True,False,False,False,True,False,False,False,techcomm.kohler.com
25316IN-0,3D Model,RFA,https://techcomm.kohler.com/techcomm/cad/Sink-Vessel-Lavatory-KOHLER-Span-K-25316IN.rfa,https://www.kohler.co.in/p/span-537-mm-rectangular-vessel-bathroom-sink-with-glazed-underside-no-overflow-25316in?skuId=25316IN-0,RFA,3d model,asset_002706,True,False,False,False,True,False,False,False,techcomm.kohler.com
25318IN-0,3D Model,RFA,https://techcomm.kohler.com/techcomm/cad/Sink-Vessel-Lavatory-KOHLER-Span-K-25318IN.rfa,https://www.kohler.co.in/p/span-471-mm-oval-vessel-bathroom-sink-with-glazed-underside-no-overflow-25318in?skuId=25318IN-0,RFA,3d model,asset_002707,True,False,False,False,True,False,False,False,techcomm.kohler.com
20704-0,3D Model,RFA,https://techcomm.kohler.com/techcomm/cad/Sink-Vessel-Lavatory-KOHLER-Veil-K-20704.zip,https://www.kohler.co.in/p/veil-vessel-bathroom-sink-20704?skuId=20704-0,RFA,3d model,asset_002708,True,False,False,False,True,False,False,False,techcomm.kohler.com
20703-0,3D Model,RFA,https://techcomm.kohler.com/techcomm/cad/Sink-Vessel-Lavatory-KOHLER-Veil_Tall-K-20703.rfa,https://www.kohler.co.in/p/veil-tall-vessel-pedestal-bathroom-sink-basin-20703?skuId=20703-0,RFA,3d model,asset_002709,True,False,False,False,True,False,False,False,techcomm.kohler.com
20703-0,3D Model,RFA,https://techcomm.kohler.com/techcomm/cad/Sink-Vessel-Lavatory-KOHLER-Veil_Tall-K-20703.zip,https://www.kohler.co.in/p/veil-tall-vessel-pedestal-bathroom-sink-basin-20703?skuId=20703-0,RFA,3d model,asset_002710,True,False,False,False,True,False,False,False,techcomm.kohler.com
28783IN-0,3D Model,RFA,https://techcomm.kohler.com/techcomm/cad/Sink-Vessel-Lavatory-KOHLER-Vive-K-28783IN.rfa,https://www.kohler.co.in/p/vive-547-mm-oval-vessel-bathroom-sink-no-overflow-28783in?skuId=28783IN-0,RFA,3d model,asset_002711,True,False,False,False,True,False,False,False,techcomm.kohler.com
28784IN-0,3D Model,RFA,https://techcomm.kohler.com/techcomm/cad/Sink-Vessel-Lavatory-KOHLER-Vive-K-28784IN.rfa,https://www.kohler.co.in/p/vive-552-mm-rectangular-vessel-bathroom-sink-no-overflow-28784in?skuId=28784IN-0,RFA,3d model,asset_002712,True,False,False,False,True,False,False,False,techcomm.kohler.com
34229IN-0,3D Model,RFA,https://techcomm.kohler.com/techcomm/cad/Sink-Wall_Mount-Lavatory-KOHLER-APT-K-34229IN.rfa,https://www.kohler.co.in/p/apt-550-mm-rectangular-wall-mount-bathroom-sink-no-overflow-34229in?skuId=34229IN-0,RFA,3d model,asset_002713,True,False,False,False,True,False,False,False,techcomm.kohler.com
5583IN-1WH-0,3D Model,RFA,https://techcomm.kohler.com/techcomm/cad/Sink-Wall_Mount-Lavatory-KOHLER-Brive-K-5583IN.rfa,https://www.kohler.co.in/p/brive-wall-mount-lavatory-with-single-faucet-hole-5583in-1wh?skuId=5583IN-1WH-0,RFA,3d model,asset_002714,True,False,False,False,True,False,False,False,techcomm.kohler.com
25317IN-0,3D Model,RFA,https://techcomm.kohler.com/techcomm/cad/Sink-Wall_Mount-Lavatory-KOHLER-Span-K-25317IN.rfa,https://www.kohler.co.in/p/span-544-mm-rectangular-wall-mount-bathroom-sink-with-glazed-underside-25317in?skuId=25317IN-0,RFA,3d model,asset_002715,True,False,False,False,True,False,False,False,techcomm.kohler.com
31458IN-0,3D Model,RFA,https://techcomm.kohler.com/techcomm/cad/Sink-Wall_Mount-Lavatory-KOHLER-Span-K-31458IN.rfa,https://www.kohler.co.in/p/span-round-wm-lavatory-small-480x440-31458in?skuId=31458IN-0,RFA,3d model,asset_002716,True,False,False,False,True,False,False,False,techcomm.kohler.com
31460IN-0,3D Model,RFA,https://techcomm.kohler.com/techcomm/cad/Sink-Wall_Mount-Lavatory-KOHLER-Span-K-31460IN.rfa,https://www.kohler.co.in/p/span-square-wm-lavatory-small-480x440-31460in?skuId=31460IN-0,RFA,3d model,asset_002717,True,False,False,False,True,False,False,False,techcomm.kohler.com
31461IN-0,3D Model,RFA,https://techcomm.kohler.com/techcomm/cad/Sink-Wall_Mount-Lavatory-KOHLER-Span-K-31461IN.rfa,https://www.kohler.co.in/p/span-wall-mount-basin-with-single-faucet-hole-in-white-31461in?skuId=31461IN-0,RFA,3d model,asset_002718,True,False,False,False,True,False,False,False,techcomm.kohler.com
30520IN-0,3D Model,RFA,https://techcomm.kohler.com/techcomm/cad/Sink-Wall_Mount-Lavatory-KOHLER-Trace-K-30520IN.rfa,https://www.kohler.co.in/p/trace-550-mm-rectangular-wall-mount-bathroom-sink-30520in?skuId=30520IN-0,RFA,3d model,asset_002719,True,False,False,False,True,False,False,False,techcomm.kohler.com
T98071-4-BV,3D Model,3DS,https://techcomm.kohler.com/techcomm/cad/T98071-4.3ds,https://www.kohler.co.in/p/artifacts-deck-mount-bath-lever-handle-trim-t98071-4?skuId=T98071-4-BV,3DS,3d model,asset_002720,True,False,False,True,False,False,False,False,techcomm.kohler.com
T98071-4-BV,CAD Drawing,DWG,https://techcomm.kohler.com/techcomm/cad/T98071-4.dwg,https://www.kohler.co.in/p/artifacts-deck-mount-bath-lever-handle-trim-t98071-4?skuId=T98071-4-BV,DWG,cad drawing,asset_002721,False,False,False,False,False,True,False,False,techcomm.kohler.com
T98071-4-BV,CAD Drawing,DXF,https://techcomm.kohler.com/techcomm/cad/T98071-4.dxf,https://www.kohler.co.in/p/artifacts-deck-mount-bath-lever-handle-trim-t98071-4?skuId=T98071-4-BV,DXF,cad drawing,asset_002722,False,False,False,False,False,False,True,False,techcomm.kohler.com
T98071-4-BV,3D Model,OBJ,https://techcomm.kohler.com/techcomm/cad/T98071-4.obj,https://www.kohler.co.in/p/artifacts-deck-mount-bath-lever-handle-trim-t98071-4?skuId=T98071-4-BV,OBJ,3d model,asset_002723,True,True,False,False,False,False,False,False,techcomm.kohler.com
T98071-4-BV,3D Model,SKP,https://techcomm.kohler.com/techcomm/cad/T98071-4.skp,https://www.kohler.co.in/p/artifacts-deck-mount-bath-lever-handle-trim-t98071-4?skuId=T98071-4-BV,SKP,3d model,asset_002724,True,False,True,False,False,False,False,False,techcomm.kohler.com
1851IN-0,3D Model,RFA,https://techcomm.kohler.com/techcomm/cad/Toilet-Floor_Mount-KOHLER-Brive-K-1851IN.rfa,https://www.kohler.co.in/p/brive-p-trap-2-pc-bowl-only-1851in?skuId=1851IN-0,RFA,3d model,asset_002725,True,False,False,False,True,False,False,False,techcomm.kohler.com
29777IN-0,3D Model,RFA,https://techcomm.kohler.com/techcomm/cad/Toilet-Floor_Mount-KOHLER-Innate-K-29777IN.rfa,https://www.kohler.co.in/p/innate-one-piece-elongated-smart-toilet-dual-flush-29777in?skuId=29777IN-0,RFA,3d model,asset_002726,True,False,False,False,True,False,False,False,techcomm.kohler.com
28529IN-0,3D Model,RFA,https://techcomm.kohler.com/techcomm/cad/Toilet-Floor_Mount-KOHLER-Leap-K-28529IN.rfa,https://www.kohler.co.in/p/leap-one-piece-round-front-smart-toilet-dual-flush-28529in?skuId=28529IN-0,RFA,3d model,asset_002727,True,False,False,False,True,False,False,False,techcomm.kohler.com
17629T-NS-0,3D Model,RFA,https://techcomm.kohler.com/techcomm/cad/Toilet-Floor_Mount-KOHLER-OVE-K-17629T.rfa,https://www.kohler.co.in/p/ove-one-piece-round-front-toilet-with-skirted-trapway-dual-flush-17629t-ns?skuId=17629T-NS-0,RFA,3d model,asset_002728,True,False,False,False,True,False,False,False,techcomm.kohler.com
3983IN-S-0,3D Model,RFA,https://techcomm.kohler.com/techcomm/cad/Toilet-Floor_Mount-KOHLER-Reach-K-3983IN.rfa,https://www.kohler.co.in/p/reach-one-piece-round-front-toilet-with-skirted-trapway-dual-flush-3983in-s?skuId=3983IN-S-0,RFA,3d model,asset_002729,True,False,False,False,True,False,False,False,techcomm.kohler.com
8688T-S-0,3D Model,RFA,https://techcomm.kohler.com/techcomm/cad/Toilet-Floor_Mount-KOHLER-SAN_RAPHAEL-K-8688T.rfa,https://www.kohler.co.in/p/san-raphael-grande-one-piece-elongated-toilet-with-skirted-trapway-4-8-lpf-8688t-s?skuId=8688T-S-0,RFA,3d model,asset_002730,True,False,False,False,True,False,False,False,techcomm.kohler.com
1381T-S-0,3D Model,RFA,https://techcomm.kohler.com/techcomm/cad/Toilet-Floor_Mount-KOHLER-VEIL-K-1381T.rfa,https://www.kohler.co.in/p/veil-one-piece-elongated-toilet-with-skirted-trapway-dual-flush-1381t-s?skuId=1381T-S-0,RFA,3d model,asset_002731,True,False,False,False,True,False,False,False,techcomm.kohler.com
5401IN-0,3D Model,RFA,https://techcomm.kohler.com/techcomm/cad/Toilet-Floor_Mount-KOHLER-VEIL-K-5401IN.rfa,https://www.kohler.co.in/p/veil-smart-one-piece-toilet-5401in?skuId=5401IN-0,RFA,3d model,asset_002732,True,False,False,False,True,False,False,False,techcomm.kohler.com
28529IN-0,3D Model,RFA,https://techcomm.kohler.com/techcomm/cad/Toilet-Floor_Mount_Intelligent-KOHLER-Leap-K-28529IN.rfa,https://www.kohler.co.in/p/leap-one-piece-round-front-smart-toilet-dual-flush-28529in?skuId=28529IN-0,RFA,3d model,asset_002733,True,False,False,False,True,False,False,False,techcomm.kohler.com
27791IN-WAF-0,3D Model,RFA,https://techcomm.kohler.com/techcomm/cad/Toilet-Wall_Hung-KOHLER-Modern_Life-K-27791IN.rfa,https://www.kohler.co.in/p/modernlife-edge-wall-hung-round-front-toilet-bowl-with-skirted-trapway-27791in-waf?skuId=27791IN-WAF-0,RFA,3d model,asset_002734,True,False,False,False,True,False,False,False,techcomm.kohler.com
21748IN-HB1,3D Model,RFA,https://techcomm.kohler.com/techcomm/cad/Toilet-Wall_Mount-KOHLER-Brazn-K-21748IN.rfa,https://www.kohler.co.in/p/brazn-wall-hung-round-front-toilet-bowl-with-skirted-trapway-21748in?skuId=21748IN-HB1,RFA,3d model,asset_002735,True,False,False,False,True,False,False,False,techcomm.kohler.com
EX27102T-4-2MB,CAD Drawing,DWG,https://techcomm.kohler.com/techcomm/cad/ex27102t_4frt.dwg,https://www.kohler.co.in/p/occasion-wall-mount-single-handle-bathroom-sink-faucet-8-3-lpm-ex27102t-4?skuId=EX27102T-4-2MB,DWG,cad drawing,asset_002736,False,False,False,False,False,True,False,False,techcomm.kohler.com
EX27102T-4-2MB,CAD Drawing,DXF,https://techcomm.kohler.com/techcomm/cad/ex27102t_4frt.dxf,https://www.kohler.co.in/p/occasion-wall-mount-single-handle-bathroom-sink-faucet-8-3-lpm-ex27102t-4?skuId=EX27102T-4-2MB,DXF,cad drawing,asset_002737,False,False,False,False,False,False,True,False,techcomm.kohler.com
EX27102T-4-2MB,CAD Drawing,DWG,https://techcomm.kohler.com/techcomm/cad/ex27102t_4pln.dwg,https://www.kohler.co.in/p/occasion-wall-mount-single-handle-bathroom-sink-faucet-8-3-lpm-ex27102t-4?skuId=EX27102T-4-2MB,DWG,cad drawing,asset_002738,False,False,False,False,False,True,False,False,techcomm.kohler.com
EX27102T-4-2MB,CAD Drawing,DXF,https://techcomm.kohler.com/techcomm/cad/ex27102t_4pln.dxf,https://www.kohler.co.in/p/occasion-wall-mount-single-handle-bathroom-sink-faucet-8-3-lpm-ex27102t-4?skuId=EX27102T-4-2MB,DXF,cad drawing,asset_002739,False,False,False,False,False,False,True,False,techcomm.kohler.com
EX27102T-4-2MB,CAD Drawing,DWG,https://techcomm.kohler.com/techcomm/cad/ex27102t_4sde.dwg,https://www.kohler.co.in/p/occasion-wall-mount-single-handle-bathroom-sink-faucet-8-3-lpm-ex27102t-4?skuId=EX27102T-4-2MB,DWG,cad drawing,asset_002740,False,False,False,False,False,True,False,False,techcomm.kohler.com
EX27102T-4-2MB,CAD Drawing,DXF,https://techcomm.kohler.com/techcomm/cad/ex27102t_4sde.dxf,https://www.kohler.co.in/p/occasion-wall-mount-single-handle-bathroom-sink-faucet-8-3-lpm-ex27102t-4?skuId=EX27102T-4-2MB,DXF,cad drawing,asset_002741,False,False,False,False,False,False,True,False,techcomm.kohler.com
EX28093IN-8-AF,CAD Drawing,DWG,https://techcomm.kohler.com/techcomm/cad/ex28093in_8frt.dwg,https://www.kohler.co.in/p/components-single-handle-bathroom-sink-faucet-with-row-spout-and-oyl-handle-8-3-lpm-ex28093in-8?skuId=EX28093IN-8-AF,DWG,cad drawing,asset_002742,False,False,False,False,False,True,False,False,techcomm.kohler.com
EX28093IN-8-AF,CAD Drawing,DXF,https://techcomm.kohler.com/techcomm/cad/ex28093in_8frt.dxf,https://www.kohler.co.in/p/components-single-handle-bathroom-sink-faucet-with-row-spout-and-oyl-handle-8-3-lpm-ex28093in-8?skuId=EX28093IN-8-AF,DXF,cad drawing,asset_002743,False,False,False,False,False,False,True,False,techcomm.kohler.com
EX28093IN-8-AF,CAD Drawing,DWG,https://techcomm.kohler.com/techcomm/cad/ex28093in_8pln.dwg,https://www.kohler.co.in/p/components-single-handle-bathroom-sink-faucet-with-row-spout-and-oyl-handle-8-3-lpm-ex28093in-8?skuId=EX28093IN-8-AF,DWG,cad drawing,asset_002744,False,False,False,False,False,True,False,False,techcomm.kohler.com
EX28093IN-8-AF,CAD Drawing,DXF,https://techcomm.kohler.com/techcomm/cad/ex28093in_8pln.dxf,https://www.kohler.co.in/p/components-single-handle-bathroom-sink-faucet-with-row-spout-and-oyl-handle-8-3-lpm-ex28093in-8?skuId=EX28093IN-8-AF,DXF,cad drawing,asset_002745,False,False,False,False,False,False,True,False,techcomm.kohler.com
EX28093IN-8-AF,CAD Drawing,DWG,https://techcomm.kohler.com/techcomm/cad/ex28093in_8sde.dwg,https://www.kohler.co.in/p/components-single-handle-bathroom-sink-faucet-with-row-spout-and-oyl-handle-8-3-lpm-ex28093in-8?skuId=EX28093IN-8-AF,DWG,cad drawing,asset_002746,False,False,False,False,False,True,False,False,techcomm.kohler.com
EX28093IN-8-AF,CAD Drawing,DXF,https://techcomm.kohler.com/techcomm/cad/ex28093in_8sde.dxf,https://www.kohler.co.in/p/components-single-handle-bathroom-sink-faucet-with-row-spout-and-oyl-handle-8-3-lpm-ex28093in-8?skuId=EX28093IN-8-AF,DXF,cad drawing,asset_002747,False,False,False,False,False,False,True,False,techcomm.kohler.com
T9540-4-CP,CAD Drawing,DWG,https://techcomm.kohler.com/techcomm/cad/t9540_4frt.dwg,https://www.kohler.co.in/p/deck-mount-trim-for-transfer-valve-vacuum-breaker-with-lever-handle-valve-not-included-t9540-4?skuId=T9540-4-CP,DWG,cad drawing,asset_002748,False,False,False,False,False,True,False,False,techcomm.kohler.com
T9540-4-CP,CAD Drawing,DXF,https://techcomm.kohler.com/techcomm/cad/t9540_4frt.dxf,https://www.kohler.co.in/p/deck-mount-trim-for-transfer-valve-vacuum-breaker-with-lever-handle-valve-not-included-t9540-4?skuId=T9540-4-CP,DXF,cad drawing,asset_002749,False,False,False,False,False,False,True,False,techcomm.kohler.com
T9540-4-CP,CAD Drawing,DWG,https://techcomm.kohler.com/techcomm/cad/t9540_4pln.dwg,https://www.kohler.co.in/p/deck-mount-trim-for-transfer-valve-vacuum-breaker-with-lever-handle-valve-not-included-t9540-4?skuId=T9540-4-CP,DWG,cad drawing,asset_002750,False,False,False,False,False,True,False,False,techcomm.kohler.com
T9540-4-CP,CAD Drawing,DXF,https://techcomm.kohler.com/techcomm/cad/t9540_4pln.dxf,https://www.kohler.co.in/p/deck-mount-trim-for-transfer-valve-vacuum-breaker-with-lever-handle-valve-not-included-t9540-4?skuId=T9540-4-CP,DXF,cad drawing,asset_002751,False,False,False,False,False,False,True,False,techcomm.kohler.com
T9540-4-CP,CAD Drawing,DWG,https://techcomm.kohler.com/techcomm/cad/t9540_4sde.dwg,https://www.kohler.co.in/p/deck-mount-trim-for-transfer-valve-vacuum-breaker-with-lever-handle-valve-not-included-t9540-4?skuId=T9540-4-CP,DWG,cad drawing,asset_002752,False,False,False,False,False,True,False,False,techcomm.kohler.com
T9540-4-CP,CAD Drawing,DXF,https://techcomm.kohler.com/techcomm/cad/t9540_4sde.dxf,https://www.kohler.co.in/p/deck-mount-trim-for-transfer-valve-vacuum-breaker-with-lever-handle-valve-not-included-t9540-4?skuId=T9540-4-CP,DXF,cad drawing,asset_002753,False,False,False,False,False,False,True,False,techcomm.kohler.com
T98071-4-BV,CAD Drawing,DWG,https://techcomm.kohler.com/techcomm/cad/t98071_4frt.dwg,https://www.kohler.co.in/p/artifacts-deck-mount-bath-lever-handle-trim-t98071-4?skuId=T98071-4-BV,DWG,cad drawing,asset_002754,False,False,False,False,False,True,False,False,techcomm.kohler.com
T98071-4-BV,CAD Drawing,DXF,https://techcomm.kohler.com/techcomm/cad/t98071_4frt.dxf,https://www.kohler.co.in/p/artifacts-deck-mount-bath-lever-handle-trim-t98071-4?skuId=T98071-4-BV,DXF,cad drawing,asset_002755,False,False,False,False,False,False,True,False,techcomm.kohler.com
T98071-4-BV,CAD Drawing,DWG,https://techcomm.kohler.com/techcomm/cad/t98071_4pln.dwg,https://www.kohler.co.in/p/artifacts-deck-mount-bath-lever-handle-trim-t98071-4?skuId=T98071-4-BV,DWG,cad drawing,asset_002756,False,False,False,False,False,True,False,False,techcomm.kohler.com
T98071-4-BV,CAD Drawing,DXF,https://techcomm.kohler.com/techcomm/cad/t98071_4pln.dxf,https://www.kohler.co.in/p/artifacts-deck-mount-bath-lever-handle-trim-t98071-4?skuId=T98071-4-BV,DXF,cad drawing,asset_002757,False,False,False,False,False,False,True,False,techcomm.kohler.com
T98071-4-BV,CAD Drawing,DWG,https://techcomm.kohler.com/techcomm/cad/t98071_4sde.dwg,https://www.kohler.co.in/p/artifacts-deck-mount-bath-lever-handle-trim-t98071-4?skuId=T98071-4-BV,DWG,cad drawing,asset_002758,False,False,False,False,False,True,False,False,techcomm.kohler.com
T98071-4-BV,CAD Drawing,DXF,https://techcomm.kohler.com/techcomm/cad/t98071_4sde.dxf,https://www.kohler.co.in/p/artifacts-deck-mount-bath-lever-handle-trim-t98071-4?skuId=T98071-4-BV,DXF,cad drawing,asset_002759,False,False,False,False,False,False,True,False,techcomm.kohler.com
T9540-4-CP,Installation,PDF,https://techcomm.kohler.com/techcomm/pdf/086840-2.pdf,https://www.kohler.co.in/p/deck-mount-trim-for-transfer-valve-vacuum-breaker-with-lever-handle-valve-not-included-t9540-4?skuId=T9540-4-CP,PDF,installation,asset_002760,False,False,False,False,False,False,False,True,techcomm.kohler.com
1418-V-0,Homeowners Guide,PDF,https://techcomm.kohler.com/techcomm/pdf/1023249-5.pdf,https://www.kohler.co.in/p/memoirs-72-x-42-drop-in-effervescence-whirlpool-with-spa-massage-package-1418-v?skuId=1418-V-0,PDF,homeowners guide,asset_002761,False,False,False,False,False,False,False,True,techcomm.kohler.com
14031-BU-96,Installation,PDF,https://techcomm.kohler.com/techcomm/pdf/1058341-2.pdf,https://www.kohler.co.in/p/marrakesh-vanity-top-with-single-faucet-hole-14031-bu?skuId=14031-BU-96,PDF,installation,asset_002762,False,False,False,False,False,False,False,True,techcomm.kohler.com
17663IN-0,Installation,PDF,https://techcomm.kohler.com/techcomm/pdf/1065282-IN2_K2.pdf,https://www.kohler.co.in/p/odeon-two-piece-toilet-tank-dual-flush-17663in?skuId=17663IN-0,PDF,installation,asset_002763,False,False,False,False,False,False,False,True,techcomm.kohler.com
2883-0,Installation,PDF,https://techcomm.kohler.com/techcomm/pdf/1068257-2.pdf,https://www.kohler.co.in/p/demilav-verticyl-round-undermount-bathroom-sink-2883?skuId=2883-0,PDF,installation,asset_002764,False,False,False,False,False,False,False,True,techcomm.kohler.com
10385IN-CP,Parts,PDF,https://techcomm.kohler.com/techcomm/pdf/1073960-IN8.pdf,https://www.kohler.co.in/p/complementary-bath-spout-without-diverter-flat-face-160mm-10385in?skuId=10385IN-CP,PDF,parts,asset_002765,False,False,False,False,False,False,False,True,techcomm.kohler.com
27477IN-4ND-CP,Parts,PDF,https://techcomm.kohler.com/techcomm/pdf/1112833-8_p01.pdf,https://www.kohler.co.in/p/fore-tri-single-control-lav-faucet-without-drain-27477in-4nd?skuId=27477IN-4ND-CP,PDF,parts,asset_002766,False,False,False,False,False,False,False,True,techcomm.kohler.com
11160T-1-0,Installation,PDF,https://techcomm.kohler.com/techcomm/pdf/11160t_1_4_8.pdf,https://www.kohler.co.in/p/odeon-odeon-semi-recessed-basin-560mm-11160t-1?skuId=11160T-1-0,PDF,installation,asset_002767,False,False,False,False,False,False,False,True,techcomm.kohler.com
13693-CP,Installation,PDF,https://techcomm.kohler.com/techcomm/pdf/1141989-2.pdf,https://www.kohler.co.in/p/traditional-round-10-rainhead-with-katalyst-air-induction-spray-2-5-gpm-13693?skuId=13693-CP,PDF,installation,asset_002768,False,False,False,False,False,False,False,True,techcomm.kohler.com
1418-V-0,Installation,PDF,https://techcomm.kohler.com/techcomm/pdf/1194657-2.pdf,https://www.kohler.co.in/p/memoirs-72-x-42-drop-in-effervescence-whirlpool-with-spa-massage-package-1418-v?skuId=1418-V-0,PDF,installation,asset_002769,False,False,False,False,False,False,False,True,techcomm.kohler.com
2883-0,Installation,PDF,https://techcomm.kohler.com/techcomm/pdf/1199847-2.pdf,https://www.kohler.co.in/p/demilav-verticyl-round-undermount-bathroom-sink-2883?skuId=2883-0,PDF,installation,asset_002770,False,False,False,False,False,False,False,True,techcomm.kohler.com
14426-2MB,Homeowners Guide,PDF,https://techcomm.kohler.com/techcomm/pdf/1204908-5.pdf,https://www.kohler.co.in/p/purist-wall-mount-non-diverter-bath-spout-35-degrees-14426?skuId=14426-2MB,PDF,homeowners guide,asset_002771,False,False,False,False,False,False,False,True,techcomm.kohler.com
14426-2MB,Installation,PDF,https://techcomm.kohler.com/techcomm/pdf/1204915-2.pdf,https://www.kohler.co.in/p/purist-wall-mount-non-diverter-bath-spout-35-degrees-14426?skuId=14426-2MB,PDF,installation,asset_002772,False,False,False,False,False,False,False,True,techcomm.kohler.com
72791-CP,Installation,PDF,https://techcomm.kohler.com/techcomm/pdf/1205264-2.pdf,https://www.kohler.co.in/p/artifacts-wall-mount-bath-spout-with-flare-design-72791?skuId=72791-CP,PDF,installation,asset_002773,False,False,False,False,False,False,False,True,techcomm.kohler.com
T98071-4-BV,Installation,PDF,https://techcomm.kohler.com/techcomm/pdf/1206060-2.pdf,https://www.kohler.co.in/p/artifacts-deck-mount-bath-lever-handle-trim-t98071-4?skuId=T98071-4-BV,PDF,installation,asset_002774,False,False,False,False,False,False,False,True,techcomm.kohler.com
5683IN-4ND-CP,Parts,PDF,https://techcomm.kohler.com/techcomm/pdf/1216567-IN8.pdf,https://www.kohler.co.in/p/aleo-wall-mount-lavatory-faucet-trim-5683in-4nd?skuId=5683IN-4ND-CP,PDF,parts,asset_002775,False,False,False,False,False,False,False,True,techcomm.kohler.com
98930X-1-0,Installation,PDF,https://techcomm.kohler.com/techcomm/pdf/1218942-X7_B.pdf,https://www.kohler.co.in/p/forefront-semi-recessed-bathroom-sink-98930x-1?skuId=98930X-1-0,PDF,installation,asset_002776,False,False,False,False,False,False,False,True,techcomm.kohler.com
20704-0,Installation,PDF,https://techcomm.kohler.com/techcomm/pdf/1221748-2.pdf,https://www.kohler.co.in/p/veil-vessel-bathroom-sink-20704?skuId=20704-0,PDF,installation,asset_002777,False,False,False,False,False,False,False,True,techcomm.kohler.com
22166-CP,Installation,PDF,https://techcomm.kohler.com/techcomm/pdf/1232145-2.pdf,https://www.kohler.co.in/p/purist-2-5-gpm-multifunction-handshower-with-katalyst-air-induction-technology-22166?skuId=22166-CP,PDF,installation,asset_002778,False,False,False,False,False,False,False,True,techcomm.kohler.com
97904T-NA,Installation,PDF,https://techcomm.kohler.com/techcomm/pdf/1246361-2A_B1_installation instructions.pdf,https://www.kohler.co.in/p/floormount-bath-shower-fau-mounting-base-97904t?skuId=97904T-NA,PDF,installation,asset_002779,False,False,False,False,False,False,False,True,techcomm.kohler.com
97904T-NA,Spec Sheet,PDF,https://techcomm.kohler.com/techcomm/pdf/1246361-X4_A1.pdf,https://www.kohler.co.in/p/floormount-bath-shower-fau-mounting-base-97904t?skuId=97904T-NA,PDF,spec sheet,asset_002780,False,False,False,False,False,False,False,True,techcomm.kohler.com
97904T-NA,Parts,PDF,https://techcomm.kohler.com/techcomm/pdf/1246361-X8_A1_service part.pdf,https://www.kohler.co.in/p/floormount-bath-shower-fau-mounting-base-97904t?skuId=97904T-NA,PDF,parts,asset_002781,False,False,False,False,False,False,False,True,techcomm.kohler.com
97905T-NA,Spec Sheet,PDF,https://techcomm.kohler.com/techcomm/pdf/1246363-X4_A1.pdf,https://www.kohler.co.in/p/mounting-block-97905t?skuId=97905T-NA,PDF,spec sheet,asset_002782,False,False,False,False,False,False,False,True,techcomm.kohler.com
73061T-7-BV,Installation,PDF,https://techcomm.kohler.com/techcomm/pdf/1247070-2A_A1.pdf,https://www.kohler.co.in/p/composed-wall-mount-lavatory-faucet-73061t-7?skuId=73061T-7-BV,PDF,installation,asset_002783,False,False,False,False,False,False,False,True,techcomm.kohler.com
72762T-9M-CP,Installation,PDF,https://techcomm.kohler.com/techcomm/pdf/1271109-2A-C.pdf,https://www.kohler.co.in/p/artifacts-single-handle-bathroom-sink-faucet-72762t-9m?skuId=72762T-9M-CP,PDF,installation,asset_002784,False,False,False,False,False,False,False,True,techcomm.kohler.com
73120-2MB,Installation,PDF,https://techcomm.kohler.com/techcomm/pdf/1276119-2.pdf,https://www.kohler.co.in/p/composed-wall-mount-bath-spout-73120?skuId=73120-2MB,PDF,installation,asset_002785,False,False,False,False,False,False,False,True,techcomm.kohler.com
8670T-4M-AF,Spec Sheet,PDF,https://techcomm.kohler.com/techcomm/pdf/1303728390_K-8670T.pdf,https://www.kohler.co.in/p/finial-r-8-203-mm-widespread-bathroom-sink-faucet-8670t-4m?skuId=8670T-4M-AF,PDF,spec sheet,asset_002786,False,False,False,False,False,False,False,True,techcomm.kohler.com
97347-4-BL,Installation,PDF,https://techcomm.kohler.com/techcomm/pdf/1318988-2.pdf,https://www.kohler.co.in/p/avid-tall-single-handle-bathroom-sink-faucet-97347-4?skuId=97347-4-BL,PDF,installation,asset_002787,False,False,False,False,False,False,False,True,techcomm.kohler.com
8331T-0,Installation,PDF,https://techcomm.kohler.com/techcomm/pdf/1329949-T01_C2.pdf,https://www.kohler.co.in/p/veil-freestanding-lithocast-bath-8331t?skuId=8331T-0,PDF,installation,asset_002788,False,False,False,False,False,False,False,True,techcomm.kohler.com
23512IN-CP,Installation,PDF,https://techcomm.kohler.com/techcomm/pdf/1339458-IN2.pdf,https://www.kohler.co.in/p/parallel-bath-spout-without-diverter-23512in?skuId=23512IN-CP,PDF,installation,asset_002789,False,False,False,False,False,False,False,True,techcomm.kohler.com
23486IN-4ND-CP,Installation,PDF,https://techcomm.kohler.com/techcomm/pdf/1339459-IN2.pdf,https://www.kohler.co.in/p/parallel-wall-mount-sc-lav-faucet-23486in-4nd?skuId=23486IN-4ND-CP,PDF,installation,asset_002790,False,False,False,False,False,False,False,True,techcomm.kohler.com
23486IN-4ND-CP,Parts,PDF,https://techcomm.kohler.com/techcomm/pdf/1339459-IN8.pdf,https://www.kohler.co.in/p/parallel-wall-mount-sc-lav-faucet-23486in-4nd?skuId=23486IN-4ND-CP,PDF,parts,asset_002791,False,False,False,False,False,False,False,True,techcomm.kohler.com
20703-0,Installation,PDF,https://techcomm.kohler.com/techcomm/pdf/1348372-2.pdf,https://www.kohler.co.in/p/veil-tall-vessel-pedestal-bathroom-sink-basin-20703?skuId=20703-0,PDF,installation,asset_002792,False,False,False,False,False,False,False,True,techcomm.kohler.com
5401IN-0,Installation,PDF,https://techcomm.kohler.com/techcomm/pdf/1373184-IN01_A1.pdf,https://www.kohler.co.in/p/veil-smart-one-piece-toilet-5401in?skuId=5401IN-0,PDF,installation,asset_002793,False,False,False,False,False,False,False,True,techcomm.kohler.com
14428T-4-RGD,Spec Sheet,PDF,https://techcomm.kohler.com/techcomm/pdf/1380095934_K-14428T(SS).pdf,https://www.kohler.co.in/p/purist-bath-set-hob-mount-lever-handles-14428t-4?skuId=14428T-4-RGD,PDF,spec sheet,asset_002794,False,False,False,False,False,False,False,True,techcomm.kohler.com
1418-V-0,Installation,PDF,https://techcomm.kohler.com/techcomm/pdf/1387900-2.pdf,https://www.kohler.co.in/p/memoirs-72-x-42-drop-in-effervescence-whirlpool-with-spa-massage-package-1418-v?skuId=1418-V-0,PDF,installation,asset_002795,False,False,False,False,False,False,False,True,techcomm.kohler.com
25317IN-0,Installation,PDF,https://techcomm.kohler.com/techcomm/pdf/1389018-IN2_D2.pdf,https://www.kohler.co.in/p/span-544-mm-rectangular-wall-mount-bathroom-sink-with-glazed-underside-25317in?skuId=25317IN-0,PDF,installation,asset_002796,False,False,False,False,False,False,False,True,techcomm.kohler.com
26048IN-4ND-CP,Installation,PDF,https://techcomm.kohler.com/techcomm/pdf/1392031-IN2.pdf,https://www.kohler.co.in/p/beam-single-control-wall-mount-lav-trim-assembly-26048in-4nd?skuId=26048IN-4ND-CP,PDF,installation,asset_002797,False,False,False,False,False,False,False,True,techcomm.kohler.com
25148IN-4ND-CP,Installation,PDF,https://techcomm.kohler.com/techcomm/pdf/1393321-IN2.pdf,https://www.kohler.co.in/p/beam-wall-mount-cold-only-trim-without-drain-25148in-4nd?skuId=25148IN-4ND-CP,PDF,installation,asset_002798,False,False,False,False,False,False,False,True,techcomm.kohler.com
77963-8A-BL,Installation,PDF,https://techcomm.kohler.com/techcomm/pdf/1394850-2.pdf,https://www.kohler.co.in/p/components-bathroom-sink-rocker-handle-77963-8a?skuId=77963-8A-BL,PDF,installation,asset_002799,False,False,False,False,False,False,False,True,techcomm.kohler.com
26046IN-CP,Installation,PDF,https://techcomm.kohler.com/techcomm/pdf/1397513-IN2.pdf,https://www.kohler.co.in/p/beam-bath-spout-wo-diverter-26046in?skuId=26046IN-CP,PDF,installation,asset_002800,False,False,False,False,False,False,False,True,techcomm.kohler.com
13491T-4-RGD,Spec Sheet,PDF,https://techcomm.kohler.com/techcomm/pdf/1398147858_ri_13491t_4.pdf,https://www.kohler.co.in/p/kelston-dual-handle-8-203-mm-lavatory-faucet-13491t-4?skuId=13491T-4-RGD,PDF,spec sheet,asset_002801,False,False,False,False,False,False,False,True,techcomm.kohler.com
14008T-PD-0,Installation,PDF,https://techcomm.kohler.com/techcomm/pdf/14008t_pd_pk.pdf,https://www.kohler.co.in/p/laureate-under-mount-bathroom-sink-gold-14008t-pd?skuId=14008T-PD-0,PDF,installation,asset_002802,False,False,False,False,False,False,False,True,techcomm.kohler.com
31459IN-0,Spec Sheet,PDF,https://techcomm.kohler.com/techcomm/pdf/1408991-IN4.pdf,https://www.kohler.co.in/p/span-square-vessel-w-o-deck-480x340mm-31459in?skuId=31459IN-0,PDF,spec sheet,asset_002803,False,False,False,False,False,False,False,True,techcomm.kohler.com
24717IN-CP,Installation,PDF,https://techcomm.kohler.com/techcomm/pdf/1412430-IN2.pdf,https://www.kohler.co.in/p/handshower-without-hose-24717in?skuId=24717IN-CP,PDF,installation,asset_002804,False,False,False,False,False,False,False,True,techcomm.kohler.com
21748IN-HB1,Parts,PDF,https://techcomm.kohler.com/techcomm/pdf/1419530-IN8.pdf,https://www.kohler.co.in/p/brazn-wall-hung-round-front-toilet-bowl-with-skirted-trapway-21748in?skuId=21748IN-HB1,PDF,parts,asset_002805,False,False,False,False,False,False,False,True,techcomm.kohler.com
EX27102T-4-2MB,Installation,PDF,https://techcomm.kohler.com/techcomm/pdf/1425622-2-C(EX27102T-4).pdf,https://www.kohler.co.in/p/occasion-wall-mount-single-handle-bathroom-sink-faucet-8-3-lpm-ex27102t-4?skuId=EX27102T-4-2MB,PDF,installation,asset_002806,False,False,False,False,False,False,False,True,techcomm.kohler.com
26284IN-AF,Installation,PDF,https://techcomm.kohler.com/techcomm/pdf/1430506-IN2.pdf,https://www.kohler.co.in/p/statement-oblong-three-function-handshower-9-5-lpm-26284in?skuId=26284IN-AF,PDF,installation,asset_002807,False,False,False,False,False,False,False,True,techcomm.kohler.com
26284T-2MB,Installation,PDF,https://techcomm.kohler.com/techcomm/pdf/1430506-T2.pdf,https://www.kohler.co.in/p/statement-oblong-three-function-handshower-9-5-lpm-26284t?skuId=26284T-2MB,PDF,installation,asset_002808,False,False,False,False,False,False,False,True,techcomm.kohler.com
26286IN-G-AF,Installation,PDF,https://techcomm.kohler.com/techcomm/pdf/1430507-2.pdf,https://www.kohler.co.in/p/statement-iconic-single-function-handshower-6-6-lpm-26286in-g?skuId=26286IN-G-AF,PDF,installation,asset_002809,False,False,False,False,False,False,False,True,techcomm.kohler.com
26290IN-CP,Installation,PDF,https://techcomm.kohler.com/techcomm/pdf/1430509-IN2.pdf,https://www.kohler.co.in/p/statement-three-function-showerhead-9-5-lpm-26290in?skuId=26290IN-CP,PDF,installation,asset_002810,False,False,False,False,False,False,False,True,techcomm.kohler.com
26290T-2MB,Installation,PDF,https://techcomm.kohler.com/techcomm/pdf/1430509-T2.pdf,https://www.kohler.co.in/p/statement-three-function-showerhead-9-5-lpm-26290t?skuId=26290T-2MB,PDF,installation,asset_002811,False,False,False,False,False,False,False,True,techcomm.kohler.com
26290T-2MB,Parts,PDF,https://techcomm.kohler.com/techcomm/pdf/1430509-T8 (26290T).pdf,https://www.kohler.co.in/p/statement-three-function-showerhead-9-5-lpm-26290t?skuId=26290T-2MB,PDF,parts,asset_002812,False,False,False,False,False,False,False,True,techcomm.kohler.com
26294IN-AF,Installation,PDF,https://techcomm.kohler.com/techcomm/pdf/1430510-IN2.pdf,https://www.kohler.co.in/p/statement-oblong-353-mm-single-function-rainhead-9-5-lpm-26294in?skuId=26294IN-AF,PDF,installation,asset_002813,False,False,False,False,False,False,False,True,techcomm.kohler.com
26294T-2MB,Installation,PDF,https://techcomm.kohler.com/techcomm/pdf/1430510-T2.pdf,https://www.kohler.co.in/p/statement-oblong-353-mm-single-function-rainhead-9-5-lpm-26294t?skuId=26294T-2MB,PDF,installation,asset_002814,False,False,False,False,False,False,False,True,techcomm.kohler.com
26296IN-AF,Installation,PDF,https://techcomm.kohler.com/techcomm/pdf/1430511-IN2.pdf,https://www.kohler.co.in/p/statement-oblong-353-mm-two-function-rainhead-9-5-lpm-26296in?skuId=26296IN-AF,PDF,installation,asset_002815,False,False,False,False,False,False,False,True,techcomm.kohler.com
26296T-2MB,Installation,PDF,https://techcomm.kohler.com/techcomm/pdf/1430511-T2.pdf,https://www.kohler.co.in/p/statement-oblong-353-mm-two-function-rainhead-9-5-lpm-26296t?skuId=26296T-2MB,PDF,installation,asset_002816,False,False,False,False,False,False,False,True,techcomm.kohler.com
26303T-CP,Installation,PDF,https://techcomm.kohler.com/techcomm/pdf/1430516-T2.pdf,https://www.kohler.co.in/p/statement-ceiling-mount-single-function-iconic-dual-shower-arm-with-rainhead-and-handshower-26303t?skuId=26303T-CP,PDF,installation,asset_002817,False,False,False,False,False,False,False,True,techcomm.kohler.com
27903IN-WRGD-0,Parts,PDF,https://techcomm.kohler.com/techcomm/pdf/1434774-IN8.pdf,https://www.kohler.co.in/p/modernlife-edge-wall-hung-round-front-toilet-bowl-with-skirted-trapway-27903in-wrgd?skuId=27903IN-WRGD-0,PDF,parts,asset_002818,False,False,False,False,False,False,False,True,techcomm.kohler.com
14402IN-4A-CP,Spec Sheet,PDF,https://techcomm.kohler.com/techcomm/pdf/14402_4a.pdf,https://www.kohler.co.in/p/purist-single-control-lavatory-faucet-14402in-4a?skuId=14402IN-4A-CP,PDF,spec sheet,asset_002819,False,False,False,False,False,False,False,True,techcomm.kohler.com
14426IN-CP,Spec Sheet,PDF,https://techcomm.kohler.com/techcomm/pdf/14426t.pdf,https://www.kohler.co.in/p/purist-bath-spout-without-diverter-14426in?skuId=14426IN-CP,PDF,spec sheet,asset_002820,False,False,False,False,False,False,False,True,techcomm.kohler.com
27477IN-4ND-CP,Installation,PDF,https://techcomm.kohler.com/techcomm/pdf/1460609-IN2.pdf,https://www.kohler.co.in/p/fore-tri-single-control-lav-faucet-without-drain-27477in-4nd?skuId=27477IN-4ND-CP,PDF,installation,asset_002821,False,False,False,False,False,False,False,True,techcomm.kohler.com
29959IN-AF,Installation,PDF,https://techcomm.kohler.com/techcomm/pdf/1461967-IN2.pdf,https://www.kohler.co.in/p/modernlife-edge-df-rectangle-425x330mm-17-x13--29959in?skuId=29959IN-AF,PDF,installation,asset_002822,False,False,False,False,False,False,False,True,techcomm.kohler.com
27483IN-4ND-CP,Installation,PDF,https://techcomm.kohler.com/techcomm/pdf/1465926-IN2.pdf,https://www.kohler.co.in/p/fore-arc-single-control-wall-mount-lav-faucet-trim-without-drain-27483in-4nd?skuId=27483IN-4ND-CP,PDF,installation,asset_002823,False,False,False,False,False,False,False,True,techcomm.kohler.com
27489IN-4ND-CP,Installation,PDF,https://techcomm.kohler.com/techcomm/pdf/1465928-IN2.pdf,https://www.kohler.co.in/p/fore-arc-wall-mount-cold-only-trim-assy-27489in-4nd?skuId=27489IN-4ND-CP,PDF,installation,asset_002824,False,False,False,False,False,False,False,True,techcomm.kohler.com
72759T-CP,Spec Sheet,PDF,https://techcomm.kohler.com/techcomm/pdf/1469085080_1282369-X4-A_ARTIFACTS_72759T.pdf,https://www.kohler.co.in/p/artifacts-widespread-lav-faucets-bell-72759t?skuId=72759T-CP,PDF,spec sheet,asset_002825,False,False,False,False,False,False,False,True,techcomm.kohler.com
72758T-CP,Spec Sheet,PDF,https://techcomm.kohler.com/techcomm/pdf/1469085106_1271108-X4-A_ARTIFACTS_72758T.pdf,https://www.kohler.co.in/p/artifacts-widespread-lav-faucets-tea-72758t?skuId=72758T-CP,PDF,spec sheet,asset_002826,False,False,False,False,False,False,False,True,techcomm.kohler.com
72760T-CP,Spec Sheet,PDF,https://techcomm.kohler.com/techcomm/pdf/1469085453_1282370-X4-A_ARTIFACTS_72760T.pdf,https://www.kohler.co.in/p/artifacts-widespread-bathroom-sink-faucets-72760t?skuId=72760T-CP,PDF,spec sheet,asset_002827,False,False,False,False,False,False,False,True,techcomm.kohler.com
72762T-9M-CP,Spec Sheet,PDF,https://techcomm.kohler.com/techcomm/pdf/1469510871_1271109-X4-A_ARTIFACTS_72762T-9M.pdf,https://www.kohler.co.in/p/artifacts-single-handle-bathroom-sink-faucet-72762t-9m?skuId=72762T-9M-CP,PDF,spec sheet,asset_002828,False,False,False,False,False,False,False,True,techcomm.kohler.com
98068T-3M-CP,Spec Sheet,PDF,https://techcomm.kohler.com/techcomm/pdf/1470631043_1282372-X4-A_ARTIFACTS_98068T-3M.pdf,https://www.kohler.co.in/p/artifacts-classic-style-handles-98068t-3m?skuId=98068T-3M-CP,PDF,spec sheet,asset_002829,False,False,False,False,False,False,False,True,techcomm.kohler.com
98068T-9M-CP,Spec Sheet,PDF,https://techcomm.kohler.com/techcomm/pdf/1470631241_1282373-X4-A_ARTIFACTS_98068T-9M.pdf,https://www.kohler.co.in/p/artifacts-swing-lever-handles-98068t-9m?skuId=98068T-9M-CP,PDF,spec sheet,asset_002830,False,False,False,False,False,False,False,True,techcomm.kohler.com
12861IN-ZZ-CP,Installation,PDF,https://techcomm.kohler.com/techcomm/pdf/1472373-IN2.pdf,https://www.kohler.co.in/p/citrus-multi-function-handspray-w-hose-12861in-zz?skuId=12861IN-ZZ-CP,PDF,installation,asset_002831,False,False,False,False,False,False,False,True,techcomm.kohler.com
33103IN-4ND-CP,Installation,PDF,https://techcomm.kohler.com/techcomm/pdf/1472378-IN2.pdf,https://www.kohler.co.in/p/accliv-wall-mount-single-handle-bathroom-sink-faucet-trim-cold-only-9-0-lpm-33103in-4nd?skuId=33103IN-4ND-CP,PDF,installation,asset_002832,False,False,False,False,False,False,False,True,techcomm.kohler.com
26791IN-4ND-CP,Installation,PDF,https://techcomm.kohler.com/techcomm/pdf/1472379-IN2.pdf,https://www.kohler.co.in/p/accliv-wall-mount-single-handle-bathroom-sink-faucet-trim-9-0-lpm-26791in-4nd?skuId=26791IN-4ND-CP,PDF,installation,asset_002833,False,False,False,False,False,False,False,True,techcomm.kohler.com
33074IN-CP,Installation,PDF,https://techcomm.kohler.com/techcomm/pdf/1472380-IN2.pdf,https://www.kohler.co.in/p/accliv-wall-mount-bath-spout-without-diverter-33074in?skuId=33074IN-CP,PDF,installation,asset_002834,False,False,False,False,False,False,False,True,techcomm.kohler.com
33059IN-4ND-CP,Installation,PDF,https://techcomm.kohler.com/techcomm/pdf/1472382-IN2.pdf,https://www.kohler.co.in/p/accliv-single-handle-bathroom-sink-faucet-with-paddle-handle-15-1-lpm-33059in-4nd?skuId=33059IN-4ND-CP,PDF,installation,asset_002835,False,False,False,False,False,False,False,True,techcomm.kohler.com
26284T-2MB,Parts,PDF,https://techcomm.kohler.com/techcomm/pdf/1474726-T8 (26284T).pdf,https://www.kohler.co.in/p/statement-oblong-three-function-handshower-9-5-lpm-26284t?skuId=26284T-2MB,PDF,parts,asset_002836,False,False,False,False,False,False,False,True,techcomm.kohler.com
26294T-2MB,Parts,PDF,"https://techcomm.kohler.com/techcomm/pdf/1474742-T8 (26293T, 26294T).pdf",https://www.kohler.co.in/p/statement-oblong-353-mm-single-function-rainhead-9-5-lpm-26294t?skuId=26294T-2MB,PDF,parts,asset_002837,False,False,False,False,False,False,False,True,techcomm.kohler.com
26295T-2MB,Parts,PDF,"https://techcomm.kohler.com/techcomm/pdf/1474744-T8 (26295T, 26297T).pdf",https://www.kohler.co.in/p/statement-oblong-353-mm-two-function-rainhead-9-5-lpm-26295t?skuId=26295T-2MB,PDF,parts,asset_002838,False,False,False,False,False,False,False,True,techcomm.kohler.com
26296T-2MB,Parts,PDF,"https://techcomm.kohler.com/techcomm/pdf/1474745-T8 (26296T, 26298T).pdf",https://www.kohler.co.in/p/statement-oblong-353-mm-two-function-rainhead-9-5-lpm-26296t?skuId=26296T-2MB,PDF,parts,asset_002839,False,False,False,False,False,False,False,True,techcomm.kohler.com
23973IN-AA-CP,Installation,PDF,https://techcomm.kohler.com/techcomm/pdf/1482706-IN2.pdf,https://www.kohler.co.in/p/bath-spout-without-diverter-in-rose-gold-23973in-aa?skuId=23973IN-AA-CP,PDF,installation,asset_002840,False,False,False,False,False,False,False,True,techcomm.kohler.com
31347IN-0,Installation,PDF,https://techcomm.kohler.com/techcomm/pdf/1486830-IN2.pdf,https://www.kohler.co.in/p/sveda-663-mm-oval-vessel-bathroom-sink-31347in?skuId=31347IN-0,PDF,installation,asset_002841,False,False,False,False,False,False,False,True,techcomm.kohler.com
31347IN-0,Homeowners Guide,PDF,https://techcomm.kohler.com/techcomm/pdf/1490657-IN5.pdf,https://www.kohler.co.in/p/sveda-663-mm-oval-vessel-bathroom-sink-31347in?skuId=31347IN-0,PDF,homeowners guide,asset_002842,False,False,False,False,False,False,False,True,techcomm.kohler.com
702650IN-LH0-BL,Installation,PDF,https://techcomm.kohler.com/techcomm/pdf/1495926-IN2.pdf,https://www.kohler.co.in/p/brazn-2200-mm-h-sliding-shower-door-with-10-mm-thick-glass-702650in-lh0?skuId=702650IN-LH0-BL,PDF,installation,asset_002843,False,False,False,False,False,False,False,True,techcomm.kohler.com
702650IN-LH0-BL,Installation,PDF,https://techcomm.kohler.com/techcomm/pdf/1495926-IN8.pdf,https://www.kohler.co.in/p/brazn-2200-mm-h-sliding-shower-door-with-10-mm-thick-glass-702650in-lh0?skuId=702650IN-LH0-BL,PDF,installation,asset_002844,False,False,False,False,False,False,False,True,techcomm.kohler.com
31459IN-0,CAD Drawing,DXF,https://techcomm.kohler.com/techcomm/pdf/1496622-T2_A.pdf,https://www.kohler.co.in/p/span-square-vessel-w-o-deck-480x340mm-31459in?skuId=31459IN-0,DXF,cad drawing,asset_002845,False,False,False,False,False,False,True,False,techcomm.kohler.com
26855IN-CP,Installation,PDF,https://techcomm.kohler.com/techcomm/pdf/1508929-IN2.pdf,https://www.kohler.co.in/p/rain-max-square-254-mm-single-function-rainhead-22-lpm-26855in?skuId=26855IN-CP,PDF,installation,asset_002846,False,False,False,False,False,False,False,True,techcomm.kohler.com
73067T-9ACH-BV,Installation,PDF,https://techcomm.kohler.com/techcomm/pdf/1511948185440_73067T-9ACH&9GCH_install.pdf,https://www.kohler.co.in/p/composed-liu-guang-jing-yun-series-double-handle-wall-mounted-bathroom-sink-faucet-with-amber-gold-glazed-glass-handle-73067t-9ach?skuId=73067T-9ACH-BV,PDF,installation,asset_002847,False,False,False,False,False,False,False,True,techcomm.kohler.com
26303T-CP,Parts,PDF,https://techcomm.kohler.com/techcomm/pdf/1528057-T8 (26303T).pdf,https://www.kohler.co.in/p/statement-ceiling-mount-single-function-iconic-dual-shower-arm-with-rainhead-and-handshower-26303t?skuId=26303T-CP,PDF,parts,asset_002848,False,False,False,False,False,False,False,True,techcomm.kohler.com
73060T-9GCH-TT,Installation,PDF,https://techcomm.kohler.com/techcomm/pdf/1535448202463_73060T-9ACH&9GCH.pdf,https://www.kohler.co.in/p/composed-liu-guang-jing-yun-widespread-bathroom-sink-faucet-4-5-lpm-73060t-9gch?skuId=73060T-9GCH-TT,PDF,installation,asset_002849,False,False,False,False,False,False,False,True,techcomm.kohler.com
8670T-4M-AF,Installation,PDF,https://techcomm.kohler.com/techcomm/pdf/1535706734110_8670T.pdf,https://www.kohler.co.in/p/finial-r-8-203-mm-widespread-bathroom-sink-faucet-8670t-4m?skuId=8670T-4M-AF,PDF,installation,asset_002850,False,False,False,False,False,False,False,True,techcomm.kohler.com
14428T-4-RGD,Installation,PDF,https://techcomm.kohler.com/techcomm/pdf/1535707372560_14428T.pdf,https://www.kohler.co.in/p/purist-bath-set-hob-mount-lever-handles-14428t-4?skuId=14428T-4-RGD,PDF,installation,asset_002851,False,False,False,False,False,False,False,True,techcomm.kohler.com
31347IN-0,Parts,PDF,https://techcomm.kohler.com/techcomm/pdf/1557351-IN8.pdf,https://www.kohler.co.in/p/sveda-663-mm-oval-vessel-bathroom-sink-31347in?skuId=31347IN-0,PDF,parts,asset_002852,False,False,False,False,False,False,False,True,techcomm.kohler.com
EX28093IN-8-AF,Installation,PDF,https://techcomm.kohler.com/techcomm/pdf/1557546-IN2.pdf,https://www.kohler.co.in/p/components-single-handle-bathroom-sink-faucet-with-row-spout-and-oyl-handle-8-3-lpm-ex28093in-8?skuId=EX28093IN-8-AF,PDF,installation,asset_002853,False,False,False,False,False,False,False,True,techcomm.kohler.com
72758T-CP,Installation,PDF,https://techcomm.kohler.com/techcomm/pdf/1558668801604_72758_72758_72760_72777_72778_98068.pdf,https://www.kohler.co.in/p/artifacts-widespread-lav-faucets-tea-72758t?skuId=72758T-CP,PDF,installation,asset_002854,False,False,False,False,False,False,False,True,techcomm.kohler.com
1381T-S-0,Installation,PDF,https://techcomm.kohler.com/techcomm/pdf/1565677434451_K-1381T_K-1382T.pdf,https://www.kohler.co.in/p/veil-one-piece-elongated-toilet-with-skirted-trapway-dual-flush-1381t-s?skuId=1381T-S-0,PDF,installation,asset_002855,False,False,False,False,False,False,False,True,techcomm.kohler.com
28529IN-0,Installation,PDF,https://techcomm.kohler.com/techcomm/pdf/1571558-IN2.pdf,https://www.kohler.co.in/p/leap-one-piece-round-front-smart-toilet-dual-flush-28529in?skuId=28529IN-0,PDF,installation,asset_002856,False,False,False,False,False,False,False,True,techcomm.kohler.com
28529IN-0,Homeowners Guide,PDF,https://techcomm.kohler.com/techcomm/pdf/1571558-IN5.pdf,https://www.kohler.co.in/p/leap-one-piece-round-front-smart-toilet-dual-flush-28529in?skuId=28529IN-0,PDF,homeowners guide,asset_002857,False,False,False,False,False,False,False,True,techcomm.kohler.com
15847T-0,Installation,PDF,https://techcomm.kohler.com/techcomm/pdf/15847t.pdf,https://www.kohler.co.in/p/reach-1500-mm-x-700-mm-drop-in-bath-15847t?skuId=15847T-0,PDF,installation,asset_002858,False,False,False,False,False,False,False,True,techcomm.kohler.com
15848T-0,Installation,PDF,https://techcomm.kohler.com/techcomm/pdf/15848T.pdf,https://www.kohler.co.in/p/reach-1700-mm-x-700-mm-drop-in-bath-15848t?skuId=15848T-0,PDF,installation,asset_002859,False,False,False,False,False,False,False,True,techcomm.kohler.com
33995IN-CP,Installation,PDF,https://techcomm.kohler.com/techcomm/pdf/1587906-IN2.pdf,https://www.kohler.co.in/p/apt-wall-mount-bath-spout-33995in?skuId=33995IN-CP,PDF,installation,asset_002860,False,False,False,False,False,False,False,True,techcomm.kohler.com
34251IN-0,Installation,PDF,https://techcomm.kohler.com/techcomm/pdf/1587976-IN2.pdf,https://www.kohler.co.in/p/apt-550-mm-rectangular-vessel-bathroom-sink-no-overflow-34251in?skuId=34251IN-0,PDF,installation,asset_002861,False,False,False,False,False,False,False,True,techcomm.kohler.com
34229IN-0,Installation,PDF,https://techcomm.kohler.com/techcomm/pdf/1587978-IN2.pdf,https://www.kohler.co.in/p/apt-550-mm-rectangular-wall-mount-bathroom-sink-no-overflow-34229in?skuId=34229IN-0,PDF,installation,asset_002862,False,False,False,False,False,False,False,True,techcomm.kohler.com
2210IN-0,Parts,PDF,https://techcomm.kohler.com/techcomm/pdf/1593303-IN8.pdf,https://www.kohler.co.in/p/caxton-small-undercounter-lavatory-2210in?skuId=2210IN-0,PDF,parts,asset_002863,False,False,False,False,False,False,False,True,techcomm.kohler.com
29310IN-4ND-AF,Installation,PDF,https://techcomm.kohler.com/techcomm/pdf/1594422-IN2.pdf,https://www.kohler.co.in/p/components-wall-mount-bathroom-sink-faucet-with-row-spout-and-oyl-handle-16-0-lpm-29310in-4nd?skuId=29310IN-4ND-AF,PDF,installation,asset_002864,False,False,False,False,False,False,False,True,techcomm.kohler.com
34076IN-4ND-CP,Installation,PDF,https://techcomm.kohler.com/techcomm/pdf/1602897-IN2.pdf,https://www.kohler.co.in/p/apt-curv-wall-mount-bathroom-sink-faucet-12-5-lpm-34076in-4nd?skuId=34076IN-4ND-CP,PDF,installation,asset_002865,False,False,False,False,False,False,False,True,techcomm.kohler.com
34039IN-4ND-CP,Installation,PDF,https://techcomm.kohler.com/techcomm/pdf/1602898-IN2.pdf,https://www.kohler.co.in/p/apt-flux-wall-mount-bathroom-sink-faucet-12-5-lpm-34039in-4nd?skuId=34039IN-4ND-CP,PDF,installation,asset_002866,False,False,False,False,False,False,False,True,techcomm.kohler.com
38471IN-CP,Installation,PDF,https://techcomm.kohler.com/techcomm/pdf/1609345-IN2.pdf,https://www.kohler.co.in/p/engage-wall-mount-bath-spout-with-diverter-38471in?skuId=38471IN-CP,PDF,installation,asset_002867,False,False,False,False,False,False,False,True,techcomm.kohler.com
28514IN-ND-CP,Installation,PDF,https://techcomm.kohler.com/techcomm/pdf/1612012-IN2.pdf,https://www.kohler.co.in/p/evoke-touchless-tall-single-handle-bathroom-sink-faucet-6-0-lpm-28514in-nd?skuId=28514IN-ND-CP,PDF,installation,asset_002868,False,False,False,False,False,False,False,True,techcomm.kohler.com
28514IN-ND-CP,Homeowners Guide,PDF,https://techcomm.kohler.com/techcomm/pdf/1612012-IN5.pdf,https://www.kohler.co.in/p/evoke-touchless-tall-single-handle-bathroom-sink-faucet-6-0-lpm-28514in-nd?skuId=28514IN-ND-CP,PDF,homeowners guide,asset_002869,False,False,False,False,False,False,False,True,techcomm.kohler.com
10385IN-CP,Installation,PDF,https://techcomm.kohler.com/techcomm/pdf/1617746-IN2.pdf,https://www.kohler.co.in/p/complementary-bath-spout-without-diverter-flat-face-160mm-10385in?skuId=10385IN-CP,PDF,installation,asset_002870,False,False,False,False,False,False,False,True,techcomm.kohler.com
28514IN-ND-CP,Parts,PDF,https://techcomm.kohler.com/techcomm/pdf/1619464-IN8.pdf,https://www.kohler.co.in/p/evoke-touchless-tall-single-handle-bathroom-sink-faucet-6-0-lpm-28514in-nd?skuId=28514IN-ND-CP,PDF,parts,asset_002871,False,False,False,False,False,False,False,True,techcomm.kohler.com
27903IN-WRGD-0,Installation,PDF,https://techcomm.kohler.com/techcomm/pdf/1625013-IN2.pdf,https://www.kohler.co.in/p/modernlife-edge-wall-hung-round-front-toilet-bowl-with-skirted-trapway-27903in-wrgd?skuId=27903IN-WRGD-0,PDF,installation,asset_002872,False,False,False,False,False,False,False,True,techcomm.kohler.com
27903IN-WRGD-0,Homeowners Guide,PDF,https://techcomm.kohler.com/techcomm/pdf/1632607-IN5.pdf,https://www.kohler.co.in/p/modernlife-edge-wall-hung-round-front-toilet-bowl-with-skirted-trapway-27903in-wrgd?skuId=27903IN-WRGD-0,PDF,homeowners guide,asset_002873,False,False,False,False,False,False,False,True,techcomm.kohler.com
30506IN-1-0,Parts,PDF,https://techcomm.kohler.com/techcomm/pdf/1634446-IN8.pdf,https://www.kohler.co.in/p/forefront-brink-600-mm-rectangle-vessel-bathroom-sink-with-deck-30506in-1?skuId=30506IN-1-0,PDF,parts,asset_002874,False,False,False,False,False,False,False,True,techcomm.kohler.com
21060IN-0,Installation,PDF,https://techcomm.kohler.com/techcomm/pdf/1634465-IN2.pdf,https://www.kohler.co.in/p/brazn-vessel-bathroom-sink-21060in?skuId=21060IN-0,PDF,installation,asset_002875,False,False,False,False,False,False,False,True,techcomm.kohler.com
21060IN-0,Parts,PDF,https://techcomm.kohler.com/techcomm/pdf/1634465-IN8.pdf,https://www.kohler.co.in/p/brazn-vessel-bathroom-sink-21060in?skuId=21060IN-0,PDF,parts,asset_002876,False,False,False,False,False,False,False,True,techcomm.kohler.com
22540IN-4AND-CP,Installation,PDF,https://techcomm.kohler.com/techcomm/pdf/1637356-IN2.pdf,https://www.kohler.co.in/p/hone-wall-mount-bathroom-sink-faucet-8-3-lpm-22540in-4and?skuId=22540IN-4AND-CP,PDF,installation,asset_002877,False,False,False,False,False,False,False,True,techcomm.kohler.com
39059IN-SHP,Installation,PDF,https://techcomm.kohler.com/techcomm/pdf/1640150-IN2.pdf,https://www.kohler.co.in/p/elate-2000-mm-h-sliding-shower-door-with-8-mm-thick-glass-39059in?skuId=39059IN-SHP,PDF,installation,asset_002878,False,False,False,False,False,False,False,True,techcomm.kohler.com
39059IN-SHP,Parts,PDF,https://techcomm.kohler.com/techcomm/pdf/1640150-IN8.pdf,https://www.kohler.co.in/p/elate-2000-mm-h-sliding-shower-door-with-8-mm-thick-glass-39059in?skuId=39059IN-SHP,PDF,parts,asset_002879,False,False,False,False,False,False,False,True,techcomm.kohler.com
38471IN-CP,Parts,PDF,https://techcomm.kohler.com/techcomm/pdf/1642587-IN8.pdf,https://www.kohler.co.in/p/engage-wall-mount-bath-spout-with-diverter-38471in?skuId=38471IN-CP,PDF,parts,asset_002880,False,False,False,False,False,False,False,True,techcomm.kohler.com
38629IN-CP,Installation,PDF,https://techcomm.kohler.com/techcomm/pdf/1646384-IN2.pdf,https://www.kohler.co.in/p/rain-max-square-305-mm-three-function-rainhead-14-5-31-0-lpm-38629in?skuId=38629IN-CP,PDF,installation,asset_002881,False,False,False,False,False,False,False,True,techcomm.kohler.com
38629IN-CP,Parts,PDF,https://techcomm.kohler.com/techcomm/pdf/1646384-IN8.pdf,https://www.kohler.co.in/p/rain-max-square-305-mm-three-function-rainhead-14-5-31-0-lpm-38629in?skuId=38629IN-CP,PDF,parts,asset_002882,False,False,False,False,False,False,False,True,techcomm.kohler.com
20070IN-4-CP,Parts,PDF,https://techcomm.kohler.com/techcomm/pdf/1649158-IN8.pdf,https://www.kohler.co.in/p/aleo-tall-pillar-tap-20070in-4?skuId=20070IN-4-CP,PDF,parts,asset_002883,False,False,False,False,False,False,False,True,techcomm.kohler.com
20070IN-4-CP,Parts,PDF,https://techcomm.kohler.com/techcomm/pdf/1649162-IN8.pdf,https://www.kohler.co.in/p/aleo-tall-pillar-tap-20070in-4?skuId=20070IN-4-CP,PDF,parts,asset_002884,False,False,False,False,False,False,False,True,techcomm.kohler.com
72288IN-4-CP,Parts,PDF,https://techcomm.kohler.com/techcomm/pdf/1649163-IN8.pdf,https://www.kohler.co.in/p/aleo-single-control-pillar-lavatory-faucet-in-polished-chrome-72288in-4?skuId=72288IN-4-CP,PDF,parts,asset_002885,False,False,False,False,False,False,False,True,techcomm.kohler.com
22540IN-4AND-CP,Parts,PDF,https://techcomm.kohler.com/techcomm/pdf/1653787-IN8.pdf,https://www.kohler.co.in/p/hone-wall-mount-bathroom-sink-faucet-8-3-lpm-22540in-4and?skuId=22540IN-4AND-CP,PDF,parts,asset_002886,False,False,False,False,False,False,False,True,techcomm.kohler.com
31461IN-0,Installation,PDF,https://techcomm.kohler.com/techcomm/pdf/1653958-IN2.pdf,https://www.kohler.co.in/p/span-wall-mount-basin-with-single-faucet-hole-in-white-31461in?skuId=31461IN-0,PDF,installation,asset_002887,False,False,False,False,False,False,False,True,techcomm.kohler.com
39502IN-CP,Installation,PDF,https://techcomm.kohler.com/techcomm/pdf/1655558-IN2.pdf,https://www.kohler.co.in/p/rainduet-round-three-function-handshower-9-0-lpm-39502in?skuId=39502IN-CP,PDF,installation,asset_002888,False,False,False,False,False,False,False,True,techcomm.kohler.com
39507IN-CP,Installation,PDF,https://techcomm.kohler.com/techcomm/pdf/1655559-IN2.pdf,https://www.kohler.co.in/p/rainduet-round-250-mm-single-function-rainhead-10-5-lpm-39507in?skuId=39507IN-CP,PDF,installation,asset_002889,False,False,False,False,False,False,False,True,techcomm.kohler.com
2661IN-0,Parts,PDF,https://techcomm.kohler.com/techcomm/pdf/1656582-IN8.pdf,https://www.kohler.co.in/p/vox-square-vessel-lavatory-without-faucet-hole-2661in?skuId=2661IN-0,PDF,parts,asset_002890,False,False,False,False,False,False,False,True,techcomm.kohler.com
31343IN-SS-0,Parts,PDF,https://techcomm.kohler.com/techcomm/pdf/1656584-IN8.pdf,https://www.kohler.co.in/p/nysa-vessel-basin-without-faucet-hole-in-white-31343in-ss?skuId=31343IN-SS-0,PDF,parts,asset_002891,False,False,False,False,False,False,False,True,techcomm.kohler.com
11479IN-VC1-0,Parts,PDF,https://techcomm.kohler.com/techcomm/pdf/1656585-IN8.pdf,https://www.kohler.co.in/p/forefront-semi-recessed-lavatory-with-single-faucet-hole-11479in-vc1?skuId=11479IN-VC1-0,PDF,parts,asset_002892,False,False,False,False,False,False,False,True,techcomm.kohler.com
25317IN-0,Parts,PDF,https://techcomm.kohler.com/techcomm/pdf/1656586-IN8.pdf,https://www.kohler.co.in/p/span-544-mm-rectangular-wall-mount-bathroom-sink-with-glazed-underside-25317in?skuId=25317IN-0,PDF,parts,asset_002893,False,False,False,False,False,False,False,True,techcomm.kohler.com
39507IN-CP,Parts,PDF,https://techcomm.kohler.com/techcomm/pdf/1656768-IN8.pdf,https://www.kohler.co.in/p/rainduet-round-250-mm-single-function-rainhead-10-5-lpm-39507in?skuId=39507IN-CP,PDF,parts,asset_002894,False,False,False,False,False,False,False,True,techcomm.kohler.com
38973IN-CP,Parts,PDF,https://techcomm.kohler.com/techcomm/pdf/1659128-IN8.pdf,https://www.kohler.co.in/p/pristine-rectangular-254-mm-single-function-filtered-rainhead-12-0-lpm-38973in?skuId=38973IN-CP,PDF,parts,asset_002895,False,False,False,False,False,False,False,True,techcomm.kohler.com
30520IN-0,Parts,PDF,https://techcomm.kohler.com/techcomm/pdf/1660126-IN8.pdf,https://www.kohler.co.in/p/trace-550-mm-rectangular-wall-mount-bathroom-sink-30520in?skuId=30520IN-0,PDF,parts,asset_002896,False,False,False,False,False,False,False,True,techcomm.kohler.com
25318IN-0,Environmental Document,PDF,https://techcomm.kohler.com/techcomm/pdf/1667454-24.pdf,https://www.kohler.co.in/p/span-471-mm-oval-vessel-bathroom-sink-with-glazed-underside-no-overflow-25318in?skuId=25318IN-0,PDF,environmental document,asset_002897,False,False,False,False,False,False,False,True,techcomm.kohler.com
27490IN-CP,Environmental Document,PDF,https://techcomm.kohler.com/techcomm/pdf/1667457-24.pdf,https://www.kohler.co.in/p/fore-bath-spout-without-diverter-27490in?skuId=27490IN-CP,PDF,environmental document,asset_002898,False,False,False,False,False,False,False,True,techcomm.kohler.com
16356IN-A-AF,Environmental Document,PDF,https://techcomm.kohler.com/techcomm/pdf/1667467-24.pdf,https://www.kohler.co.in/p/sf-showerhead-with-arm-escutcheon-16356in-a?skuId=16356IN-A-AF,PDF,environmental document,asset_002899,False,False,False,False,False,False,False,True,techcomm.kohler.com
1381T-S-0,Environmental Document,PDF,https://techcomm.kohler.com/techcomm/pdf/1667519-24.pdf,https://www.kohler.co.in/p/veil-one-piece-elongated-toilet-with-skirted-trapway-dual-flush-1381t-s?skuId=1381T-S-0,PDF,environmental document,asset_002900,False,False,False,False,False,False,False,True,techcomm.kohler.com
5373IN-0,Environmental Document,PDF,https://techcomm.kohler.com/techcomm/pdf/1671956-24.pdf,https://www.kohler.co.in/p/forefront-580-mm-rectangular-vessel-bathroom-sink-5373in?skuId=5373IN-0,PDF,environmental document,asset_002901,False,False,False,False,False,False,False,True,techcomm.kohler.com
25759IN-4ND-CP,Installation,PDF,https://techcomm.kohler.com/techcomm/pdf/1672150-IN2.pdf,https://www.kohler.co.in/p/modernlife-edge-wall-mount-bathroom-sink-faucet-25759in-4nd?skuId=25759IN-4ND-CP,PDF,installation,asset_002902,False,False,False,False,False,False,False,True,techcomm.kohler.com
25759IN-4ND-CP,Parts,PDF,https://techcomm.kohler.com/techcomm/pdf/1672150-IN8.pdf,https://www.kohler.co.in/p/modernlife-edge-wall-mount-bathroom-sink-faucet-25759in-4nd?skuId=25759IN-4ND-CP,PDF,parts,asset_002903,False,False,False,False,False,False,False,True,techcomm.kohler.com
5684IN-4ND-CP,Parts,PDF,https://techcomm.kohler.com/techcomm/pdf/1672256-IN8.pdf,https://www.kohler.co.in/p/aleo-wall-mount-lavatory-faucet-trim-in-polished-chrome-5684in-4nd?skuId=5684IN-4ND-CP,PDF,parts,asset_002904,False,False,False,False,False,False,False,True,techcomm.kohler.com
8331T-0,Spec Sheet,PDF,https://techcomm.kohler.com/techcomm/pdf/170821_RI_K-8331T_final1.pdf,https://www.kohler.co.in/p/veil-freestanding-lithocast-bath-8331t?skuId=8331T-0,PDF,spec sheet,asset_002905,False,False,False,False,False,False,False,True,techcomm.kohler.com
1800T-0,Installation,PDF,https://techcomm.kohler.com/techcomm/pdf/1800t.pdf,https://www.kohler.co.in/p/abrazo-1-6m-freestanding-lithocast-bath-1800t?skuId=1800T-0,PDF,installation,asset_002906,False,False,False,False,False,False,False,True,techcomm.kohler.com
18343T-0,Installation,PDF,https://techcomm.kohler.com/techcomm/pdf/18343t_18347t_18353t.pdf,https://www.kohler.co.in/p/evok-1-6m-rectangular-freestanding-acrylic-bath-18343t?skuId=18343T-0,PDF,installation,asset_002907,False,False,False,False,False,False,False,True,techcomm.kohler.com
18775T-0,Installation,PDF,https://techcomm.kohler.com/techcomm/pdf/18775t_18776t.pdf,https://www.kohler.co.in/p/duo-1670-mm-x-760-mm-drop-in-bath-18775t?skuId=18775T-0,PDF,installation,asset_002908,False,False,False,False,False,False,False,True,techcomm.kohler.com
18778T-0,Installation,PDF,https://techcomm.kohler.com/techcomm/pdf/18778t.pdf,https://www.kohler.co.in/p/emerald-acrylic-drop-in-bathtub-18778t?skuId=18778T-0,PDF,installation,asset_002909,False,False,False,False,False,False,False,True,techcomm.kohler.com
21226IN-HP1,Installation,PDF,https://techcomm.kohler.com/techcomm/pdf/21226IN.pdf,https://www.kohler.co.in/p/600mm-edge-vessel-basin-without-faucet-hole-in-thunder-grey-21226in?skuId=21226IN-HP1,PDF,installation,asset_002910,False,False,False,False,False,False,False,True,techcomm.kohler.com
2749T-1-0,Installation,PDF,https://techcomm.kohler.com/techcomm/pdf/2749T-1-0_i.pdf,https://www.kohler.co.in/p/forefront-vanity-lavatory-with-single-faucet-hole-2749t-1?skuId=2749T-1-0,PDF,installation,asset_002911,False,False,False,False,False,False,False,True,techcomm.kohler.com
29024IN-1-0,Spec Sheet,PDF,https://techcomm.kohler.com/techcomm/pdf/29024IN-1_Chalice w deck vessel.pdf,https://www.kohler.co.in/p/chalice-round-vessel-1tap-hole-29024in-1?skuId=29024IN-1-0,PDF,spec sheet,asset_002912,False,False,False,False,False,False,False,True,techcomm.kohler.com
77958T-4A-CP,Installation,PDF,https://techcomm.kohler.com/techcomm/pdf/77958T-4A_install_CN_Kohler_en.pdf,https://www.kohler.co.in/p/components-single-handle-bathroom-sink-faucet-with-tube-spout-and-pin-handle-5-7-lpm-77958t-4a?skuId=77958T-4A-CP,PDF,installation,asset_002913,False,False,False,False,False,False,False,True,techcomm.kohler.com
8670IN-4M-CP,Spec Sheet,PDF,https://techcomm.kohler.com/techcomm/pdf/8670.pdf,https://www.kohler.co.in/p/finial-widespread-lavatory-faucet-with-lever-handles-and-pop-up-drain-in-polished-chrome-8670in-4m?skuId=8670IN-4M-CP,PDF,spec sheet,asset_002914,False,False,False,False,False,False,False,True,techcomm.kohler.com
8688T-S-0,Parts,PDF,https://techcomm.kohler.com/techcomm/pdf/8688T_s.pdf,https://www.kohler.co.in/p/san-raphael-grande-one-piece-elongated-toilet-with-skirted-trapway-4-8-lpf-8688t-s?skuId=8688T-S-0,PDF,parts,asset_002915,False,False,False,False,False,False,False,True,techcomm.kohler.com
90011T-0,Installation,PDF,https://techcomm.kohler.com/techcomm/pdf/90011T-0or7.pdf,https://www.kohler.co.in/p/mica-vessel-sink-90011t?skuId=90011T-0,PDF,installation,asset_002916,False,False,False,False,False,False,False,True,techcomm.kohler.com
90011T-0,Spec Sheet,PDF,https://techcomm.kohler.com/techcomm/pdf/90011T.pdf,https://www.kohler.co.in/p/mica-vessel-sink-90011t?skuId=90011T-0,PDF,spec sheet,asset_002917,False,False,False,False,False,False,False,True,techcomm.kohler.com
97009T-AF,Spec Sheet,PDF,https://techcomm.kohler.com/techcomm/pdf/97009T_spec_CN_Kohler_en.pdf,https://www.kohler.co.in/p/rain-duet-multi-function-handshower-geo-97009t?skuId=97009T-AF,PDF,spec sheet,asset_002918,False,False,False,False,False,False,False,True,techcomm.kohler.com
97367T-B4-CP,Installation,PDF,https://techcomm.kohler.com/techcomm/pdf/97367T-B4_1338452-2A_D1.pdf,https://www.kohler.co.in/p/avid-floor-mount-bath-filler-with-handshower-97367t-b4?skuId=97367T-B4-CP,PDF,installation,asset_002919,False,False,False,False,False,False,False,True,techcomm.kohler.com
97905T-NA,Installation,PDF,https://techcomm.kohler.com/techcomm/pdf/97905T-NA.pdf,https://www.kohler.co.in/p/mounting-block-97905t?skuId=97905T-NA,PDF,installation,asset_002920,False,False,False,False,False,False,False,True,techcomm.kohler.com
26295T-2MB,Installation,PDF,https://techcomm.kohler.com/techcomm/pdf/IUG_26295T.pdf,https://www.kohler.co.in/p/statement-oblong-353-mm-two-function-rainhead-9-5-lpm-26295t?skuId=26295T-2MB,PDF,installation,asset_002921,False,False,False,False,False,False,False,True,techcomm.kohler.com
24717T-BL,Installation,PDF,https://techcomm.kohler.com/techcomm/pdf/Installation Instructions_24717T_1355515-2A_D1.pdf,https://www.kohler.co.in/p/three-function-handshower-6-6-lpm-24717t?skuId=24717T-BL,PDF,installation,asset_002922,False,False,False,False,False,False,False,True,techcomm.kohler.com
10385IN-CP,Spec Sheet,PDF,https://techcomm.kohler.com/techcomm/pdf/K-10385IN_spec_IN_Kohler_en.pdf,https://www.kohler.co.in/p/complementary-bath-spout-without-diverter-flat-face-160mm-10385in?skuId=10385IN-CP,PDF,spec sheet,asset_002923,False,False,False,False,False,False,False,True,techcomm.kohler.com
11195T-0,Spec Sheet,PDF,https://techcomm.kohler.com/techcomm/pdf/K-11195T_spec_IN_Kohler_en.pdf,https://www.kohler.co.in/p/cleo-1-7m-freestanding-cast-iron-bath-11195t?skuId=11195T-0,PDF,spec sheet,asset_002924,False,False,False,False,False,False,False,True,techcomm.kohler.com
11479IN-VC1-0,Spec Sheet,PDF,https://techcomm.kohler.com/techcomm/pdf/K-11479IN-VC1_spec_IN_Kohler_en.pdf,https://www.kohler.co.in/p/forefront-semi-recessed-lavatory-with-single-faucet-hole-11479in-vc1?skuId=11479IN-VC1-0,PDF,spec sheet,asset_002925,False,False,False,False,False,False,False,True,techcomm.kohler.com
1188IN-C1-0,Spec Sheet,PDF,https://techcomm.kohler.com/techcomm/pdf/K-1188IN-C1_spec_IN_Kohler_en.pdf,https://www.kohler.co.in/p/sok-1905-mm-x-1040-mm-drop-in-whirlpool-bath-with-effervescence-and-chromatherapy-1188in-c1?skuId=1188IN-C1-0,PDF,spec sheet,asset_002926,False,False,False,False,False,False,False,True,techcomm.kohler.com
12861IN-ZZ-CP,Spec Sheet,PDF,https://techcomm.kohler.com/techcomm/pdf/K-12861IN-ZZ_spec_IN_Kohler_en.pdf,https://www.kohler.co.in/p/citrus-multi-function-handspray-w-hose-12861in-zz?skuId=12861IN-ZZ-CP,PDF,spec sheet,asset_002927,False,False,False,False,False,False,False,True,techcomm.kohler.com
1360IN-H2-0,Spec Sheet,PDF,https://techcomm.kohler.com/techcomm/pdf/K-1360IN-H2_spec_IN_Kohler_en.pdf,https://www.kohler.co.in/p/riverbath-1905-mm-x-1143-mm-drop-in-heated-whirlpool-bath-with-chromatherapy-1360in-h2?skuId=1360IN-H2-0,PDF,spec sheet,asset_002928,False,False,False,False,False,False,False,True,techcomm.kohler.com
13693-CP,Spec Sheet,PDF,https://techcomm.kohler.com/techcomm/pdf/K-13693_spec_IN_Kohler_en.pdf,https://www.kohler.co.in/p/traditional-round-10-rainhead-with-katalyst-air-induction-spray-2-5-gpm-13693?skuId=13693-CP,PDF,spec sheet,asset_002929,False,False,False,False,False,False,False,True,techcomm.kohler.com
13693-CP,Spec Sheet,PDF,https://techcomm.kohler.com/techcomm/pdf/K-13693_spec_LM_Kohler_en.pdf,https://www.kohler.co.in/p/traditional-round-10-rainhead-with-katalyst-air-induction-spray-2-5-gpm-13693?skuId=13693-CP,PDF,spec sheet,asset_002930,False,False,False,False,False,False,False,True,techcomm.kohler.com
13693-CP,Spec Sheet,PDF,https://techcomm.kohler.com/techcomm/pdf/K-13693_spec_US-CA_Kohler_en.pdf,https://www.kohler.co.in/p/traditional-round-10-rainhead-with-katalyst-air-induction-spray-2-5-gpm-13693?skuId=13693-CP,PDF,spec sheet,asset_002931,False,False,False,False,False,False,False,True,techcomm.kohler.com
13693-CP,Spec Sheet,PDF,https://techcomm.kohler.com/techcomm/pdf/K-13693_spec_US-CA_Kohler_fr-ca.pdf,https://www.kohler.co.in/p/traditional-round-10-rainhead-with-katalyst-air-induction-spray-2-5-gpm-13693?skuId=13693-CP,PDF,spec sheet,asset_002932,False,False,False,False,False,False,False,True,techcomm.kohler.com
1381T-S-0,Spec Sheet,PDF,https://techcomm.kohler.com/techcomm/pdf/K-1381T-S_spec_CN_Kohler_en.pdf,https://www.kohler.co.in/p/veil-one-piece-elongated-toilet-with-skirted-trapway-dual-flush-1381t-s?skuId=1381T-S-0,PDF,spec sheet,asset_002933,False,False,False,False,False,False,False,True,techcomm.kohler.com
1381T-S-0,Spec Sheet,PDF,https://techcomm.kohler.com/techcomm/pdf/K-1381T-S_spec_IN_Kohler_en.pdf,https://www.kohler.co.in/p/veil-one-piece-elongated-toilet-with-skirted-trapway-dual-flush-1381t-s?skuId=1381T-S-0,PDF,spec sheet,asset_002934,False,False,False,False,False,False,False,True,techcomm.kohler.com
1394IN-H2-0,Spec Sheet,PDF,https://techcomm.kohler.com/techcomm/pdf/K-1394IN-H2_spec_IN_Kohler_en.pdf,https://www.kohler.co.in/p/riverbath-1678-mm-drop-in-heated-whirlpool-bath-with-chromatherapy-1394in-h2?skuId=1394IN-H2-0,PDF,spec sheet,asset_002935,False,False,False,False,False,False,False,True,techcomm.kohler.com
14031-BU-96,Spec Sheet,PDF,https://techcomm.kohler.com/techcomm/pdf/K-14031-BU_spec_IN_Kohler_en.pdf,https://www.kohler.co.in/p/marrakesh-vanity-top-with-single-faucet-hole-14031-bu?skuId=14031-BU-96,PDF,spec sheet,asset_002936,False,False,False,False,False,False,False,True,techcomm.kohler.com
14031-BU-96,Spec Sheet,PDF,https://techcomm.kohler.com/techcomm/pdf/K-14031-BU_spec_US-CA_Kohler_en.pdf,https://www.kohler.co.in/p/marrakesh-vanity-top-with-single-faucet-hole-14031-bu?skuId=14031-BU-96,PDF,spec sheet,asset_002937,False,False,False,False,False,False,False,True,techcomm.kohler.com
14031-BU-96,Spec Sheet,PDF,https://techcomm.kohler.com/techcomm/pdf/K-14031-BU_spec_US-CA_Kohler_fr-ca.pdf,https://www.kohler.co.in/p/marrakesh-vanity-top-with-single-faucet-hole-14031-bu?skuId=14031-BU-96,PDF,spec sheet,asset_002938,False,False,False,False,False,False,False,True,techcomm.kohler.com
1418-V-0,Spec Sheet,PDF,https://techcomm.kohler.com/techcomm/pdf/K-1418-V_spec_IN_Kohler_en.pdf,https://www.kohler.co.in/p/memoirs-72-x-42-drop-in-effervescence-whirlpool-with-spa-massage-package-1418-v?skuId=1418-V-0,PDF,spec sheet,asset_002939,False,False,False,False,False,False,False,True,techcomm.kohler.com
1418-V-0,Spec Sheet,PDF,https://techcomm.kohler.com/techcomm/pdf/K-1418-V_spec_US-CA_Kohler_en.pdf,https://www.kohler.co.in/p/memoirs-72-x-42-drop-in-effervescence-whirlpool-with-spa-massage-package-1418-v?skuId=1418-V-0,PDF,spec sheet,asset_002940,False,False,False,False,False,False,False,True,techcomm.kohler.com
1418-V-0,Spec Sheet,PDF,https://techcomm.kohler.com/techcomm/pdf/K-1418-V_spec_US-CA_Kohler_fr-ca.pdf,https://www.kohler.co.in/p/memoirs-72-x-42-drop-in-effervescence-whirlpool-with-spa-massage-package-1418-v?skuId=1418-V-0,PDF,spec sheet,asset_002941,False,False,False,False,False,False,False,True,techcomm.kohler.com
14426-2MB,Spec Sheet,PDF,https://techcomm.kohler.com/techcomm/pdf/K-14426_spec_IN_Kohler_en.pdf,https://www.kohler.co.in/p/purist-wall-mount-non-diverter-bath-spout-35-degrees-14426?skuId=14426-2MB,PDF,spec sheet,asset_002942,False,False,False,False,False,False,False,True,techcomm.kohler.com
14426-2MB,Spec Sheet,PDF,https://techcomm.kohler.com/techcomm/pdf/K-14426_spec_LM_Kohler_en.pdf,https://www.kohler.co.in/p/purist-wall-mount-non-diverter-bath-spout-35-degrees-14426?skuId=14426-2MB,PDF,spec sheet,asset_002943,False,False,False,False,False,False,False,True,techcomm.kohler.com
14426-2MB,Spec Sheet,PDF,https://techcomm.kohler.com/techcomm/pdf/K-14426_spec_US-CA_Kohler_en.pdf,https://www.kohler.co.in/p/purist-wall-mount-non-diverter-bath-spout-35-degrees-14426?skuId=14426-2MB,PDF,spec sheet,asset_002944,False,False,False,False,False,False,False,True,techcomm.kohler.com
14426-2MB,Spec Sheet,PDF,https://techcomm.kohler.com/techcomm/pdf/K-14426_spec_US-CA_Kohler_fr-ca.pdf,https://www.kohler.co.in/p/purist-wall-mount-non-diverter-bath-spout-35-degrees-14426?skuId=14426-2MB,PDF,spec sheet,asset_002945,False,False,False,False,False,False,False,True,techcomm.kohler.com
15847T-0,Spec Sheet,PDF,https://techcomm.kohler.com/techcomm/pdf/K-15847T_spec_IN_Kohler_en.pdf,https://www.kohler.co.in/p/reach-1500-mm-x-700-mm-drop-in-bath-15847t?skuId=15847T-0,PDF,spec sheet,asset_002946,False,False,False,False,False,False,False,True,techcomm.kohler.com
15848T-0,Spec Sheet,PDF,https://techcomm.kohler.com/techcomm/pdf/K-15848T_spec_IN_Kohler_en.pdf,https://www.kohler.co.in/p/reach-1700-mm-x-700-mm-drop-in-bath-15848t?skuId=15848T-0,PDF,spec sheet,asset_002947,False,False,False,False,False,False,False,True,techcomm.kohler.com
16356IN-A-AF,Spec Sheet,PDF,https://techcomm.kohler.com/techcomm/pdf/K-16356IN-A_spec_IN_Kohler_en.pdf,https://www.kohler.co.in/p/sf-showerhead-with-arm-escutcheon-16356in-a?skuId=16356IN-A-AF,PDF,spec sheet,asset_002948,False,False,False,False,False,False,False,True,techcomm.kohler.com
16359IN-A-CP,Spec Sheet,PDF,https://techcomm.kohler.com/techcomm/pdf/K-16359IN-A_spec_IN_Kohler_en.pdf,https://www.kohler.co.in/p/complementary-single-function-handshower-with-hose-16359in-a?skuId=16359IN-A-CP,PDF,spec sheet,asset_002949,False,False,False,False,False,False,False,True,techcomm.kohler.com
1704T-Z-0,Spec Sheet,PDF,https://techcomm.kohler.com/techcomm/pdf/K-1704T-Z_spec_IN_Kohler_en.pdf,https://www.kohler.co.in/p/evok-1800-mm-x-800-mm-drop-in-bath-1704t-z?skuId=1704T-Z-0,PDF,spec sheet,asset_002950,False,False,False,False,False,False,False,True,techcomm.kohler.com
1709IN-K-0,Spec Sheet,PDF,https://techcomm.kohler.com/techcomm/pdf/K-1709IN-K_spec_IN_Kohler_en.pdf,https://www.kohler.co.in/p/ove-1700-mm-x-750-mm-drop-in-whirlpool-bath-1709in-k?skuId=1709IN-K-0,PDF,spec sheet,asset_002951,False,False,False,False,False,False,False,True,techcomm.kohler.com
17629T-NS-0,Spec Sheet,PDF,https://techcomm.kohler.com/techcomm/pdf/K-17629T-NS_spec_CN_Kohler_en.pdf,https://www.kohler.co.in/p/ove-one-piece-round-front-toilet-with-skirted-trapway-dual-flush-17629t-ns?skuId=17629T-NS-0,PDF,spec sheet,asset_002952,False,False,False,False,False,False,False,True,techcomm.kohler.com
17629T-NS-0,Spec Sheet,PDF,https://techcomm.kohler.com/techcomm/pdf/K-17629T-NS_spec_IN_Kohler_en.pdf,https://www.kohler.co.in/p/ove-one-piece-round-front-toilet-with-skirted-trapway-dual-flush-17629t-ns?skuId=17629T-NS-0,PDF,spec sheet,asset_002953,False,False,False,False,False,False,False,True,techcomm.kohler.com
17663IN-0,Spec Sheet,PDF,https://techcomm.kohler.com/techcomm/pdf/K-17663IN_spec_IN_Kohler_en.pdf,https://www.kohler.co.in/p/odeon-two-piece-toilet-tank-dual-flush-17663in?skuId=17663IN-0,PDF,spec sheet,asset_002954,False,False,False,False,False,False,False,True,techcomm.kohler.com
1800T-0,Spec Sheet,PDF,https://techcomm.kohler.com/techcomm/pdf/K-1800T_spec_IN_Kohler_en.pdf,https://www.kohler.co.in/p/abrazo-1-6m-freestanding-lithocast-bath-1800t?skuId=1800T-0,PDF,spec sheet,asset_002955,False,False,False,False,False,False,False,True,techcomm.kohler.com
18343T-0,Spec Sheet,PDF,https://techcomm.kohler.com/techcomm/pdf/K-18343T_spec_CN_Kohler_en.pdf,https://www.kohler.co.in/p/evok-1-6m-rectangular-freestanding-acrylic-bath-18343t?skuId=18343T-0,PDF,spec sheet,asset_002956,False,False,False,False,False,False,False,True,techcomm.kohler.com
18343T-0,Spec Sheet,PDF,https://techcomm.kohler.com/techcomm/pdf/K-18343T_spec_IN_Kohler_en.pdf,https://www.kohler.co.in/p/evok-1-6m-rectangular-freestanding-acrylic-bath-18343t?skuId=18343T-0,PDF,spec sheet,asset_002957,False,False,False,False,False,False,False,True,techcomm.kohler.com
1851IN-0,Spec Sheet,PDF,https://techcomm.kohler.com/techcomm/pdf/K-1851IN_spec_IN_Kohler_en.pdf,https://www.kohler.co.in/p/brive-p-trap-2-pc-bowl-only-1851in?skuId=1851IN-0,PDF,spec sheet,asset_002958,False,False,False,False,False,False,False,True,techcomm.kohler.com
1853IN-0,Spec Sheet,PDF,https://techcomm.kohler.com/techcomm/pdf/K-1853IN_spec_IN_Kohler_en.pdf,https://www.kohler.co.in/p/brive-compact-elongated-toilet-bowl-with-concealed-trapway-1853in?skuId=1853IN-0,PDF,spec sheet,asset_002959,False,False,False,False,False,False,False,True,techcomm.kohler.com
1855IN-0,Spec Sheet,PDF,https://techcomm.kohler.com/techcomm/pdf/K-1855IN_spec_IN_Kohler_en.pdf,https://www.kohler.co.in/p/brive-2pc-tank-only-1855in?skuId=1855IN-0,PDF,spec sheet,asset_002960,False,False,False,False,False,False,False,True,techcomm.kohler.com
18749IN-W03C-0,Spec Sheet,PDF,https://techcomm.kohler.com/techcomm/pdf/K-18749IN-W03C_spec_IN_Kohler_en.pdf,https://www.kohler.co.in/p/evora-1850-mm-x-1100-mm-drop-in-acrylic-rectangular-whirlpool-bath-with-chromatherapy-18749in-w03c?skuId=18749IN-W03C-0,PDF,spec sheet,asset_002961,False,False,False,False,False,False,False,True,techcomm.kohler.com
18775T-0,Spec Sheet,PDF,https://techcomm.kohler.com/techcomm/pdf/K-18775T_spec_IN_Kohler_en.pdf,https://www.kohler.co.in/p/duo-1670-mm-x-760-mm-drop-in-bath-18775t?skuId=18775T-0,PDF,spec sheet,asset_002962,False,False,False,False,False,False,False,True,techcomm.kohler.com
18776T-0,Spec Sheet,PDF,https://techcomm.kohler.com/techcomm/pdf/K-18776T_spec_IN_Kohler_en.pdf,https://www.kohler.co.in/p/duo-1520-mm-x-760-mm-drop-in-bath-18776t?skuId=18776T-0,PDF,spec sheet,asset_002963,False,False,False,False,False,False,False,True,techcomm.kohler.com
20077IN-CP,Spec Sheet,PDF,https://techcomm.kohler.com/techcomm/pdf/K-20077IN_spec_IN_Kohler_en.pdf,https://www.kohler.co.in/p/aleo-bath-spout-w-diverter-20077in?skuId=20077IN-CP,PDF,spec sheet,asset_002964,False,False,False,False,False,False,False,True,techcomm.kohler.com
20249T-0,Spec Sheet,PDF,https://techcomm.kohler.com/techcomm/pdf/K-20249T_spec_IN_Kohler_en.pdf,https://www.kohler.co.in/p/karing-1-8m-oval-lithocast-bath-20249t?skuId=20249T-0,PDF,spec sheet,asset_002965,False,False,False,False,False,False,False,True,techcomm.kohler.com
20703-0,Spec Sheet,PDF,https://techcomm.kohler.com/techcomm/pdf/K-20703_spec_IN_Kohler_en.pdf,https://www.kohler.co.in/p/veil-tall-vessel-pedestal-bathroom-sink-basin-20703?skuId=20703-0,PDF,spec sheet,asset_002966,False,False,False,False,False,False,False,True,techcomm.kohler.com
20703-0,Spec Sheet,PDF,https://techcomm.kohler.com/techcomm/pdf/K-20703_spec_US-CA_Kohler_en.pdf,https://www.kohler.co.in/p/veil-tall-vessel-pedestal-bathroom-sink-basin-20703?skuId=20703-0,PDF,spec sheet,asset_002967,False,False,False,False,False,False,False,True,techcomm.kohler.com
20703-0,Spec Sheet,PDF,https://techcomm.kohler.com/techcomm/pdf/K-20703_spec_US-CA_Kohler_fr-ca.pdf,https://www.kohler.co.in/p/veil-tall-vessel-pedestal-bathroom-sink-basin-20703?skuId=20703-0,PDF,spec sheet,asset_002968,False,False,False,False,False,False,False,True,techcomm.kohler.com
20704-0,Spec Sheet,PDF,https://techcomm.kohler.com/techcomm/pdf/K-20704_spec_IN_Kohler_en.pdf,https://www.kohler.co.in/p/veil-vessel-bathroom-sink-20704?skuId=20704-0,PDF,spec sheet,asset_002969,False,False,False,False,False,False,False,True,techcomm.kohler.com
20704-0,Spec Sheet,PDF,https://techcomm.kohler.com/techcomm/pdf/K-20704_spec_US-CA_Kohler_en.pdf,https://www.kohler.co.in/p/veil-vessel-bathroom-sink-20704?skuId=20704-0,PDF,spec sheet,asset_002970,False,False,False,False,False,False,False,True,techcomm.kohler.com
20704-0,Spec Sheet,PDF,https://techcomm.kohler.com/techcomm/pdf/K-20704_spec_US-CA_Kohler_fr-ca.pdf,https://www.kohler.co.in/p/veil-vessel-bathroom-sink-20704?skuId=20704-0,PDF,spec sheet,asset_002971,False,False,False,False,False,False,False,True,techcomm.kohler.com
21060IN-0,Spec Sheet,PDF,https://techcomm.kohler.com/techcomm/pdf/K-21060IN_spec_IN_Kohler_en.pdf,https://www.kohler.co.in/p/brazn-vessel-bathroom-sink-21060in?skuId=21060IN-0,PDF,spec sheet,asset_002972,False,False,False,False,False,False,False,True,techcomm.kohler.com
21226IN-HP1,Spec Sheet,PDF,https://techcomm.kohler.com/techcomm/pdf/K-21226IN_spec_IN_Kohler_en.pdf,https://www.kohler.co.in/p/600mm-edge-vessel-basin-without-faucet-hole-in-thunder-grey-21226in?skuId=21226IN-HP1,PDF,spec sheet,asset_002973,False,False,False,False,False,False,False,True,techcomm.kohler.com
21748IN-HB1,Spec Sheet,PDF,https://techcomm.kohler.com/techcomm/pdf/K-21748IN_spec_IN_Kohler_en.pdf,https://www.kohler.co.in/p/brazn-wall-hung-round-front-toilet-bowl-with-skirted-trapway-21748in?skuId=21748IN-HB1,PDF,spec sheet,asset_002974,False,False,False,False,False,False,False,True,techcomm.kohler.com
21969IN-4ND-BV,Spec Sheet,PDF,https://techcomm.kohler.com/techcomm/pdf/K-21969IN-4ND_spec_IN_Kohler_en.pdf,https://www.kohler.co.in/p/aleo-wall-mount-bathroom-sink-faucet-with-lever-handle-40-9-lpm-21969in-4nd?skuId=21969IN-4ND-BV,PDF,spec sheet,asset_002975,False,False,False,False,False,False,False,True,techcomm.kohler.com
2200IN-0,Spec Sheet,PDF,https://techcomm.kohler.com/techcomm/pdf/K-2200IN_spec_IN_Kohler_en.pdf,https://www.kohler.co.in/p/conical-bell-413-mm-round-vessel-bathroom-sink-with-glazed-underside-no-overflow-2200in?skuId=2200IN-0,PDF,spec sheet,asset_002976,False,False,False,False,False,False,False,True,techcomm.kohler.com
2210IN-0,Spec Sheet,PDF,https://techcomm.kohler.com/techcomm/pdf/K-2210IN_spec_IN_Kohler_en.pdf,https://www.kohler.co.in/p/caxton-small-undercounter-lavatory-2210in?skuId=2210IN-0,PDF,spec sheet,asset_002977,False,False,False,False,False,False,False,True,techcomm.kohler.com
2211IN-0,Spec Sheet,PDF,https://techcomm.kohler.com/techcomm/pdf/K-2211IN_spec_IN_Kohler_en.pdf,https://www.kohler.co.in/p/caxton-big-undercounter-lavatory-2211in?skuId=2211IN-0,PDF,spec sheet,asset_002978,False,False,False,False,False,False,False,True,techcomm.kohler.com
2214IN-0,Spec Sheet,PDF,https://techcomm.kohler.com/techcomm/pdf/K-2214IN_spec_IN_Kohler_en.pdf,https://www.kohler.co.in/p/ladena-529-mm-rectangular-undercounter-bathroom-sink-with-glazed-underside-2214in?skuId=2214IN-0,PDF,spec sheet,asset_002979,False,False,False,False,False,False,False,True,techcomm.kohler.com
2215IN-2-0,Spec Sheet,PDF,https://techcomm.kohler.com/techcomm/pdf/K-2215IN-2_spec_IN_Kohler_en.pdf,https://www.kohler.co.in/p/ladena-581mm-x-402mm-undercounter-basin-in-white-2215in-2?skuId=2215IN-2-0,PDF,spec sheet,asset_002980,False,False,False,False,False,False,False,True,techcomm.kohler.com
22166-CP,Spec Sheet,PDF,https://techcomm.kohler.com/techcomm/pdf/K-22166_spec_IN_Kohler_en.pdf,https://www.kohler.co.in/p/purist-2-5-gpm-multifunction-handshower-with-katalyst-air-induction-technology-22166?skuId=22166-CP,PDF,spec sheet,asset_002981,False,False,False,False,False,False,False,True,techcomm.kohler.com
22166-CP,Spec Sheet,PDF,https://techcomm.kohler.com/techcomm/pdf/K-22166_spec_LM_Kohler_en.pdf,https://www.kohler.co.in/p/purist-2-5-gpm-multifunction-handshower-with-katalyst-air-induction-technology-22166?skuId=22166-CP,PDF,spec sheet,asset_002982,False,False,False,False,False,False,False,True,techcomm.kohler.com
22166-CP,Spec Sheet,PDF,https://techcomm.kohler.com/techcomm/pdf/K-22166_spec_US-CA_Kohler_en.pdf,https://www.kohler.co.in/p/purist-2-5-gpm-multifunction-handshower-with-katalyst-air-induction-technology-22166?skuId=22166-CP,PDF,spec sheet,asset_002983,False,False,False,False,False,False,False,True,techcomm.kohler.com
22166-CP,Spec Sheet,PDF,https://techcomm.kohler.com/techcomm/pdf/K-22166_spec_US-CA_Kohler_fr-ca.pdf,https://www.kohler.co.in/p/purist-2-5-gpm-multifunction-handshower-with-katalyst-air-induction-technology-22166?skuId=22166-CP,PDF,spec sheet,asset_002984,False,False,False,False,False,False,False,True,techcomm.kohler.com
22540IN-4AND-CP,Spec Sheet,PDF,https://techcomm.kohler.com/techcomm/pdf/K-22540IN-4AND_spec_IN_Kohler_en.pdf,https://www.kohler.co.in/p/hone-wall-mount-bathroom-sink-faucet-8-3-lpm-22540in-4and?skuId=22540IN-4AND-CP,PDF,spec sheet,asset_002985,False,False,False,False,False,False,False,True,techcomm.kohler.com
22543IN-N-CP,Spec Sheet,PDF,https://techcomm.kohler.com/techcomm/pdf/K-22543IN-N_spec_IN_Kohler_en.pdf,https://www.kohler.co.in/p/hone-wall-mount-bath-spout-22543in-n?skuId=22543IN-N-CP,PDF,spec sheet,asset_002986,False,False,False,False,False,False,False,True,techcomm.kohler.com
22645IN-CP,Spec Sheet,PDF,https://techcomm.kohler.com/techcomm/pdf/K-22645IN_spec_IN_Kohler_en.pdf,https://www.kohler.co.in/p/parallel-square-127-mm-single-function-showerhead-9-0-lpm-22645in?skuId=22645IN-CP,PDF,spec sheet,asset_002987,False,False,False,False,False,False,False,True,techcomm.kohler.com
23486IN-4ND-CP,Spec Sheet,PDF,https://techcomm.kohler.com/techcomm/pdf/K-23486IN-4ND_spec_IN_Kohler_en.pdf,https://www.kohler.co.in/p/parallel-wall-mount-sc-lav-faucet-23486in-4nd?skuId=23486IN-4ND-CP,PDF,spec sheet,asset_002988,False,False,False,False,False,False,False,True,techcomm.kohler.com
2349IN-FDL-96,Spec Sheet,PDF,https://techcomm.kohler.com/techcomm/pdf/K-2349IN-FDL_spec_IN_Kohler_en.pdf,https://www.kohler.co.in/p/quila-camber-undermount-bathroom-sink-2349in-fdl?skuId=2349IN-FDL-96,PDF,spec sheet,asset_002989,False,False,False,False,False,False,False,True,techcomm.kohler.com
23512IN-CP,Spec Sheet,PDF,https://techcomm.kohler.com/techcomm/pdf/K-23512IN_spec_IN_Kohler_en.pdf,https://www.kohler.co.in/p/parallel-bath-spout-without-diverter-23512in?skuId=23512IN-CP,PDF,spec sheet,asset_002990,False,False,False,False,False,False,False,True,techcomm.kohler.com
23657IN-CP,Spec Sheet,PDF,https://techcomm.kohler.com/techcomm/pdf/K-23657IN_spec_IN_Kohler_en.pdf,https://www.kohler.co.in/p/rainduet-single-function-organic-showerhead-23657in?skuId=23657IN-CP,PDF,spec sheet,asset_002991,False,False,False,False,False,False,False,True,techcomm.kohler.com
23973IN-AA-CP,Spec Sheet,PDF,https://techcomm.kohler.com/techcomm/pdf/K-23973IN-AA_spec_IN_Kohler_en.pdf,https://www.kohler.co.in/p/bath-spout-without-diverter-in-rose-gold-23973in-aa?skuId=23973IN-AA-CP,PDF,spec sheet,asset_002992,False,False,False,False,False,False,False,True,techcomm.kohler.com
23975IN-4ND-CP,Spec Sheet,PDF,https://techcomm.kohler.com/techcomm/pdf/K-23975IN-4ND_spec_IN_Kohler_en.pdf,https://www.kohler.co.in/p/vive-wall-mount-bathroom-sink-faucet-5-5-lpm-23975in-4nd?skuId=23975IN-4ND-CP,PDF,spec sheet,asset_002993,False,False,False,False,False,False,False,True,techcomm.kohler.com
24280IN-4ND-RGD,Spec Sheet,PDF,https://techcomm.kohler.com/techcomm/pdf/K-24280IN-4ND_spec_IN_Kohler_en.pdf,https://www.kohler.co.in/p/wall-mount-lav-faucet-trim-valve-24280in-4nd?skuId=24280IN-4ND-RGD,PDF,spec sheet,asset_002994,False,False,False,False,False,False,False,True,techcomm.kohler.com
24470IN-CP,Spec Sheet,PDF,https://techcomm.kohler.com/techcomm/pdf/K-24470IN_spec_IN_Kohler_en.pdf,https://www.kohler.co.in/p/modernlife-dual-flow-330-x-230mm-rainhead-in-brushed-bronze-24470in?skuId=24470IN-CP,PDF,spec sheet,asset_002995,False,False,False,False,False,False,False,True,techcomm.kohler.com
24547IN-CP,Spec Sheet,PDF,https://techcomm.kohler.com/techcomm/pdf/K-24547IN_spec_IN_Kohler_en.pdf,https://www.kohler.co.in/p/daisyfield-multifunction-showerhead-9-6-lpm-24547in?skuId=24547IN-CP,PDF,spec sheet,asset_002996,False,False,False,False,False,False,False,True,techcomm.kohler.com
24613IN-CP,Spec Sheet,PDF,https://techcomm.kohler.com/techcomm/pdf/K-24613IN_spec_IN_Kohler_en.pdf,https://www.kohler.co.in/p/arise-single-function-lighted-showerhead-9-5-lpm-24613in?skuId=24613IN-CP,PDF,spec sheet,asset_002997,False,False,False,False,False,False,False,True,techcomm.kohler.com
24717IN-CP,Spec Sheet,PDF,https://techcomm.kohler.com/techcomm/pdf/K-24717IN_spec_IN_Kohler_en.pdf,https://www.kohler.co.in/p/handshower-without-hose-24717in?skuId=24717IN-CP,PDF,spec sheet,asset_002998,False,False,False,False,False,False,False,True,techcomm.kohler.com
24717T-BL,Spec Sheet,PDF,https://techcomm.kohler.com/techcomm/pdf/K-24717T_spec_CN_Kohler_en.pdf,https://www.kohler.co.in/p/three-function-handshower-6-6-lpm-24717t?skuId=24717T-BL,PDF,spec sheet,asset_002999,False,False,False,False,False,False,False,True,techcomm.kohler.com
24717T-BL,Spec Sheet,PDF,https://techcomm.kohler.com/techcomm/pdf/K-24717T_spec_IN_Kohler_en.pdf,https://www.kohler.co.in/p/three-function-handshower-6-6-lpm-24717t?skuId=24717T-BL,PDF,spec sheet,asset_003000,False,False,False,False,False,False,False,True,techcomm.kohler.com
25316IN-0,Spec Sheet,PDF,https://techcomm.kohler.com/techcomm/pdf/K-25316IN_spec_IN_Kohler_en.pdf,https://www.kohler.co.in/p/span-537-mm-rectangular-vessel-bathroom-sink-with-glazed-underside-no-overflow-25316in?skuId=25316IN-0,PDF,spec sheet,asset_003001,False,False,False,False,False,False,False,True,techcomm.kohler.com
25317IN-0,Spec Sheet,PDF,https://techcomm.kohler.com/techcomm/pdf/K-25317IN_spec_IN_Kohler_en.pdf,https://www.kohler.co.in/p/span-544-mm-rectangular-wall-mount-bathroom-sink-with-glazed-underside-25317in?skuId=25317IN-0,PDF,spec sheet,asset_003002,False,False,False,False,False,False,False,True,techcomm.kohler.com
25318IN-0,Spec Sheet,PDF,https://techcomm.kohler.com/techcomm/pdf/K-25318IN_spec_IN_Kohler_en.pdf,https://www.kohler.co.in/p/span-471-mm-oval-vessel-bathroom-sink-with-glazed-underside-no-overflow-25318in?skuId=25318IN-0,PDF,spec sheet,asset_003003,False,False,False,False,False,False,False,True,techcomm.kohler.com
25757IN-4ND-CP,Spec Sheet,PDF,https://techcomm.kohler.com/techcomm/pdf/K-25757IN-4ND_spec_IN_Kohler_en.pdf,https://www.kohler.co.in/p/modernlife-edge-single-handle-bathroom-sink-faucet-25757in-4nd?skuId=25757IN-4ND-CP,PDF,spec sheet,asset_003004,False,False,False,False,False,False,False,True,techcomm.kohler.com
25758IN-4ND-CP,Spec Sheet,PDF,https://techcomm.kohler.com/techcomm/pdf/K-25758IN-4ND_spec_IN_Kohler_en.pdf,https://www.kohler.co.in/p/modernlife-edge-tall-single-handle-bathroom-sink-faucet-25758in-4nd?skuId=25758IN-4ND-CP,PDF,spec sheet,asset_003005,False,False,False,False,False,False,False,True,techcomm.kohler.com
25759IN-4ND-CP,Spec Sheet,PDF,https://techcomm.kohler.com/techcomm/pdf/K-25759IN-4ND_spec_IN_Kohler_en.pdf,https://www.kohler.co.in/p/modernlife-edge-wall-mount-bathroom-sink-faucet-25759in-4nd?skuId=25759IN-4ND-CP,PDF,spec sheet,asset_003006,False,False,False,False,False,False,False,True,techcomm.kohler.com
25764IN-CP,Spec Sheet,PDF,https://techcomm.kohler.com/techcomm/pdf/K-25764IN_spec_IN_Kohler_en.pdf,https://www.kohler.co.in/p/modernlife-edge-wall-mount-bath-spout-with-diverter-25764in?skuId=25764IN-CP,PDF,spec sheet,asset_003007,False,False,False,False,False,False,False,True,techcomm.kohler.com
25765IN-CP,Spec Sheet,PDF,https://techcomm.kohler.com/techcomm/pdf/K-25765IN_spec_IN_Kohler_en.pdf,https://www.kohler.co.in/p/modernlife-edge-wall-mount-bath-spout-25765in?skuId=25765IN-CP,PDF,spec sheet,asset_003008,False,False,False,False,False,False,False,True,techcomm.kohler.com
26046IN-CP,Spec Sheet,PDF,https://techcomm.kohler.com/techcomm/pdf/K-26046IN_spec_IN_Kohler_en.pdf,https://www.kohler.co.in/p/beam-bath-spout-wo-diverter-26046in?skuId=26046IN-CP,PDF,spec sheet,asset_003009,False,False,False,False,False,False,False,True,techcomm.kohler.com
26048IN-4ND-CP,Spec Sheet,PDF,https://techcomm.kohler.com/techcomm/pdf/K-26048IN-4ND_spec_IN_Kohler_en.pdf,https://www.kohler.co.in/p/beam-single-control-wall-mount-lav-trim-assembly-26048in-4nd?skuId=26048IN-4ND-CP,PDF,spec sheet,asset_003010,False,False,False,False,False,False,False,True,techcomm.kohler.com
26284IN-AF,Spec Sheet,PDF,https://techcomm.kohler.com/techcomm/pdf/K-26284IN_spec_IN_Kohler_en.pdf,https://www.kohler.co.in/p/statement-oblong-three-function-handshower-9-5-lpm-26284in?skuId=26284IN-AF,PDF,spec sheet,asset_003011,False,False,False,False,False,False,False,True,techcomm.kohler.com
26284T-2MB,Spec Sheet,PDF,https://techcomm.kohler.com/techcomm/pdf/K-26284T_spec_AP_Kohler_en.pdf,https://www.kohler.co.in/p/statement-oblong-three-function-handshower-9-5-lpm-26284t?skuId=26284T-2MB,PDF,spec sheet,asset_003012,False,False,False,False,False,False,False,True,techcomm.kohler.com
26284T-2MB,Spec Sheet,PDF,https://techcomm.kohler.com/techcomm/pdf/K-26284T_spec_IN_Kohler_en.pdf,https://www.kohler.co.in/p/statement-oblong-three-function-handshower-9-5-lpm-26284t?skuId=26284T-2MB,PDF,spec sheet,asset_003013,False,False,False,False,False,False,False,True,techcomm.kohler.com
26286IN-G-AF,Spec Sheet,PDF,https://techcomm.kohler.com/techcomm/pdf/K-26286IN-G_spec_IN_Kohler_en.pdf,https://www.kohler.co.in/p/statement-iconic-single-function-handshower-6-6-lpm-26286in-g?skuId=26286IN-G-AF,PDF,spec sheet,asset_003014,False,False,False,False,False,False,False,True,techcomm.kohler.com
26290IN-CP,Spec Sheet,PDF,https://techcomm.kohler.com/techcomm/pdf/K-26290IN_spec_IN_Kohler_en.pdf,https://www.kohler.co.in/p/statement-three-function-showerhead-9-5-lpm-26290in?skuId=26290IN-CP,PDF,spec sheet,asset_003015,False,False,False,False,False,False,False,True,techcomm.kohler.com
26290T-2MB,Spec Sheet,PDF,https://techcomm.kohler.com/techcomm/pdf/K-26290T_spec_AP_Kohler_en.pdf,https://www.kohler.co.in/p/statement-three-function-showerhead-9-5-lpm-26290t?skuId=26290T-2MB,PDF,spec sheet,asset_003016,False,False,False,False,False,False,False,True,techcomm.kohler.com
26290T-2MB,Spec Sheet,PDF,https://techcomm.kohler.com/techcomm/pdf/K-26290T_spec_IN_Kohler_en.pdf,https://www.kohler.co.in/p/statement-three-function-showerhead-9-5-lpm-26290t?skuId=26290T-2MB,PDF,spec sheet,asset_003017,False,False,False,False,False,False,False,True,techcomm.kohler.com
26294IN-AF,Spec Sheet,PDF,https://techcomm.kohler.com/techcomm/pdf/K-26294IN_spec_IN_Kohler_en.pdf,https://www.kohler.co.in/p/statement-oblong-353-mm-single-function-rainhead-9-5-lpm-26294in?skuId=26294IN-AF,PDF,spec sheet,asset_003018,False,False,False,False,False,False,False,True,techcomm.kohler.com
26294T-2MB,Spec Sheet,PDF,https://techcomm.kohler.com/techcomm/pdf/K-26294T_spec_AP_Kohler_en.pdf,https://www.kohler.co.in/p/statement-oblong-353-mm-single-function-rainhead-9-5-lpm-26294t?skuId=26294T-2MB,PDF,spec sheet,asset_003019,False,False,False,False,False,False,False,True,techcomm.kohler.com
26294T-2MB,Spec Sheet,PDF,https://techcomm.kohler.com/techcomm/pdf/K-26294T_spec_IN_Kohler_en.pdf,https://www.kohler.co.in/p/statement-oblong-353-mm-single-function-rainhead-9-5-lpm-26294t?skuId=26294T-2MB,PDF,spec sheet,asset_003020,False,False,False,False,False,False,False,True,techcomm.kohler.com
26295T-2MB,Spec Sheet,PDF,https://techcomm.kohler.com/techcomm/pdf/K-26295T_spec_AP_Kohler_en.pdf,https://www.kohler.co.in/p/statement-oblong-353-mm-two-function-rainhead-9-5-lpm-26295t?skuId=26295T-2MB,PDF,spec sheet,asset_003021,False,False,False,False,False,False,False,True,techcomm.kohler.com
26295T-2MB,Spec Sheet,PDF,https://techcomm.kohler.com/techcomm/pdf/K-26295T_spec_IN_Kohler_en.pdf,https://www.kohler.co.in/p/statement-oblong-353-mm-two-function-rainhead-9-5-lpm-26295t?skuId=26295T-2MB,PDF,spec sheet,asset_003022,False,False,False,False,False,False,False,True,techcomm.kohler.com
26296IN-AF,Spec Sheet,PDF,https://techcomm.kohler.com/techcomm/pdf/K-26296IN_spec_IN_Kohler_en.pdf,https://www.kohler.co.in/p/statement-oblong-353-mm-two-function-rainhead-9-5-lpm-26296in?skuId=26296IN-AF,PDF,spec sheet,asset_003023,False,False,False,False,False,False,False,True,techcomm.kohler.com
26296T-2MB,Spec Sheet,PDF,https://techcomm.kohler.com/techcomm/pdf/K-26296T_spec_AP_Kohler_en.pdf,https://www.kohler.co.in/p/statement-oblong-353-mm-two-function-rainhead-9-5-lpm-26296t?skuId=26296T-2MB,PDF,spec sheet,asset_003024,False,False,False,False,False,False,False,True,techcomm.kohler.com
26296T-2MB,Spec Sheet,PDF,https://techcomm.kohler.com/techcomm/pdf/K-26296T_spec_IN_Kohler_en.pdf,https://www.kohler.co.in/p/statement-oblong-353-mm-two-function-rainhead-9-5-lpm-26296t?skuId=26296T-2MB,PDF,spec sheet,asset_003025,False,False,False,False,False,False,False,True,techcomm.kohler.com
26297IN-CP,Spec Sheet,PDF,https://techcomm.kohler.com/techcomm/pdf/K-26297IN_spec_IN_Kohler_en.pdf,https://www.kohler.co.in/p/statement-oblong-453-mm-two-function-rainhead-9-5-lpm-26297in?skuId=26297IN-CP,PDF,spec sheet,asset_003026,False,False,False,False,False,False,False,True,techcomm.kohler.com
26303T-CP,Spec Sheet,PDF,https://techcomm.kohler.com/techcomm/pdf/K-26303T_spec_IN_Kohler_en.pdf,https://www.kohler.co.in/p/statement-ceiling-mount-single-function-iconic-dual-shower-arm-with-rainhead-and-handshower-26303t?skuId=26303T-CP,PDF,spec sheet,asset_003027,False,False,False,False,False,False,False,True,techcomm.kohler.com
26303T-CP,Spec Sheet,PDF,https://techcomm.kohler.com/techcomm/pdf/K-26303T_spec_US-CA_Kohler_en.pdf,https://www.kohler.co.in/p/statement-ceiling-mount-single-function-iconic-dual-shower-arm-with-rainhead-and-handshower-26303t?skuId=26303T-CP,PDF,spec sheet,asset_003028,False,False,False,False,False,False,False,True,techcomm.kohler.com
2661IN-0,Spec Sheet,PDF,https://techcomm.kohler.com/techcomm/pdf/K-2661IN_spec_IN_Kohler_en.pdf,https://www.kohler.co.in/p/vox-square-vessel-lavatory-without-faucet-hole-2661in?skuId=2661IN-0,PDF,spec sheet,asset_003029,False,False,False,False,False,False,False,True,techcomm.kohler.com
26791IN-4ND-CP,Spec Sheet,PDF,https://techcomm.kohler.com/techcomm/pdf/K-26791IN-4ND_spec_IN_Kohler_en.pdf,https://www.kohler.co.in/p/accliv-wall-mount-single-handle-bathroom-sink-faucet-trim-9-0-lpm-26791in-4nd?skuId=26791IN-4ND-CP,PDF,spec sheet,asset_003030,False,False,False,False,False,False,False,True,techcomm.kohler.com
26853IN-CP,Spec Sheet,PDF,https://techcomm.kohler.com/techcomm/pdf/K-26853IN_spec_IN_Kohler_en.pdf,https://www.kohler.co.in/p/rainduet-five-function-showerhead-14-0-lpm-26853in?skuId=26853IN-CP,PDF,spec sheet,asset_003031,False,False,False,False,False,False,False,True,techcomm.kohler.com
26855IN-CP,Spec Sheet,PDF,https://techcomm.kohler.com/techcomm/pdf/K-26855IN_spec_IN_Kohler_en.pdf,https://www.kohler.co.in/p/rain-max-square-254-mm-single-function-rainhead-22-lpm-26855in?skuId=26855IN-CP,PDF,spec sheet,asset_003032,False,False,False,False,False,False,False,True,techcomm.kohler.com
26856IN-CP,Spec Sheet,PDF,https://techcomm.kohler.com/techcomm/pdf/K-26856IN_spec_IN_Kohler_en.pdf,https://www.kohler.co.in/p/rain-max-square-305-mm-single-function-rainhead-22-lpm-26856in?skuId=26856IN-CP,PDF,spec sheet,asset_003033,False,False,False,False,False,False,False,True,techcomm.kohler.com
27477IN-4ND-CP,Spec Sheet,PDF,https://techcomm.kohler.com/techcomm/pdf/K-27477IN-4ND_spec_IN_Kohler_en.pdf,https://www.kohler.co.in/p/fore-tri-single-control-lav-faucet-without-drain-27477in-4nd?skuId=27477IN-4ND-CP,PDF,spec sheet,asset_003034,False,False,False,False,False,False,False,True,techcomm.kohler.com
27481IN-4ND-CP,Spec Sheet,PDF,https://techcomm.kohler.com/techcomm/pdf/K-27481IN-4ND_spec_IN_Kohler_en.pdf,https://www.kohler.co.in/p/fore-tri-single-control-wall-mount-lav-faucet-trim-without-drain-27481in-4nd?skuId=27481IN-4ND-CP,PDF,spec sheet,asset_003035,False,False,False,False,False,False,False,True,techcomm.kohler.com
27483IN-4ND-CP,Spec Sheet,PDF,https://techcomm.kohler.com/techcomm/pdf/K-27483IN-4ND_spec_IN_Kohler_en.pdf,https://www.kohler.co.in/p/fore-arc-single-control-wall-mount-lav-faucet-trim-without-drain-27483in-4nd?skuId=27483IN-4ND-CP,PDF,spec sheet,asset_003036,False,False,False,False,False,False,False,True,techcomm.kohler.com
27487IN-4ND-CP,Spec Sheet,PDF,https://techcomm.kohler.com/techcomm/pdf/K-27487IN-4ND_spec_IN_Kohler_en.pdf,https://www.kohler.co.in/p/fore-tri-wall-mount-cold-only-trim-assy-27487in-4nd?skuId=27487IN-4ND-CP,PDF,spec sheet,asset_003037,False,False,False,False,False,False,False,True,techcomm.kohler.com
27488IN-4ND-CP,Spec Sheet,PDF,https://techcomm.kohler.com/techcomm/pdf/K-27488IN-4ND_spec_IN_Kohler_en.pdf,https://www.kohler.co.in/p/fore-line-wall-mount-cold-only-trim-assy-27488in-4nd?skuId=27488IN-4ND-CP,PDF,spec sheet,asset_003038,False,False,False,False,False,False,False,True,techcomm.kohler.com
27489IN-4ND-CP,Spec Sheet,PDF,https://techcomm.kohler.com/techcomm/pdf/K-27489IN-4ND_spec_IN_Kohler_en.pdf,https://www.kohler.co.in/p/fore-arc-wall-mount-cold-only-trim-assy-27489in-4nd?skuId=27489IN-4ND-CP,PDF,spec sheet,asset_003039,False,False,False,False,False,False,False,True,techcomm.kohler.com
27490IN-CP,Spec Sheet,PDF,https://techcomm.kohler.com/techcomm/pdf/K-27490IN_spec_IN_Kohler_en.pdf,https://www.kohler.co.in/p/fore-bath-spout-without-diverter-27490in?skuId=27490IN-CP,PDF,spec sheet,asset_003040,False,False,False,False,False,False,False,True,techcomm.kohler.com
27492IN-CP,Spec Sheet,PDF,https://techcomm.kohler.com/techcomm/pdf/K-27492IN_spec_IN_Kohler_en.pdf,https://www.kohler.co.in/p/fore-arc-bath-spout-without-diverter-27492in?skuId=27492IN-CP,PDF,spec sheet,asset_003041,False,False,False,False,False,False,False,True,techcomm.kohler.com
27493IN-CP,Spec Sheet,PDF,https://techcomm.kohler.com/techcomm/pdf/K-27493IN_spec_IN_Kohler_en.pdf,https://www.kohler.co.in/p/fore-bath-spout-with-diverter-27493in?skuId=27493IN-CP,PDF,spec sheet,asset_003042,False,False,False,False,False,False,False,True,techcomm.kohler.com
27494IN-CP,Spec Sheet,PDF,https://techcomm.kohler.com/techcomm/pdf/K-27494IN_spec_IN_Kohler_en.pdf,https://www.kohler.co.in/p/fore-arc-bath-spout-w-diverter-27494in?skuId=27494IN-CP,PDF,spec sheet,asset_003043,False,False,False,False,False,False,False,True,techcomm.kohler.com
2749T-1-0,Spec Sheet,PDF,https://techcomm.kohler.com/techcomm/pdf/K-2749T-1_spec_IN_Kohler_en.pdf,https://www.kohler.co.in/p/forefront-vanity-lavatory-with-single-faucet-hole-2749t-1?skuId=2749T-1-0,PDF,spec sheet,asset_003044,False,False,False,False,False,False,False,True,techcomm.kohler.com
27724IN-CP,Spec Sheet,PDF,https://techcomm.kohler.com/techcomm/pdf/K-27724IN_spec_IN_Kohler_en.pdf,https://www.kohler.co.in/p/kohler-rain-duet-filter-shower-with-activated-charcoal-and-5-showering-modes-27724in?skuId=27724IN-CP,PDF,spec sheet,asset_003045,False,False,False,False,False,False,False,True,techcomm.kohler.com
27731IN-CP,Spec Sheet,PDF,https://techcomm.kohler.com/techcomm/pdf/K-27731IN_spec_IN_Kohler_en.pdf,https://www.kohler.co.in/p/modernlife-flow-330x230mm-rainhead-27731in?skuId=27731IN-CP,PDF,spec sheet,asset_003046,False,False,False,False,False,False,False,True,techcomm.kohler.com
27791IN-WAF-0,Spec Sheet,PDF,https://techcomm.kohler.com/techcomm/pdf/K-27791IN-WAF_spec_IN_Kohler_en.pdf,https://www.kohler.co.in/p/modernlife-edge-wall-hung-round-front-toilet-bowl-with-skirted-trapway-27791in-waf?skuId=27791IN-WAF-0,PDF,spec sheet,asset_003047,False,False,False,False,False,False,False,True,techcomm.kohler.com
28514IN-ND-CP,Spec Sheet,PDF,https://techcomm.kohler.com/techcomm/pdf/K-28514IN-ND_spec_IN_Kohler_en.pdf,https://www.kohler.co.in/p/evoke-touchless-tall-single-handle-bathroom-sink-faucet-6-0-lpm-28514in-nd?skuId=28514IN-ND-CP,PDF,spec sheet,asset_003048,False,False,False,False,False,False,False,True,techcomm.kohler.com
28529IN-0,Spec Sheet,PDF,https://techcomm.kohler.com/techcomm/pdf/K-28529IN_spec_IN_Kohler_en.pdf,https://www.kohler.co.in/p/leap-one-piece-round-front-smart-toilet-dual-flush-28529in?skuId=28529IN-0,PDF,spec sheet,asset_003049,False,False,False,False,False,False,False,True,techcomm.kohler.com
28585IN-0,Spec Sheet,PDF,https://techcomm.kohler.com/techcomm/pdf/K-28585IN_spec_IN_Kohler_en.pdf,https://www.kohler.co.in/p/switch-multimode-handshower-without-hose-white-28585in?skuId=28585IN-0,PDF,spec sheet,asset_003050,False,False,False,False,False,False,False,True,techcomm.kohler.com
28694IN-CP,Spec Sheet,PDF,https://techcomm.kohler.com/techcomm/pdf/K-28694IN_spec_IN_Kohler_en.pdf,https://www.kohler.co.in/p/statement-round-three-function-handshower-9-5-lpm-28694in?skuId=28694IN-CP,PDF,spec sheet,asset_003051,False,False,False,False,False,False,False,True,techcomm.kohler.com
28695IN-CP,Spec Sheet,PDF,https://techcomm.kohler.com/techcomm/pdf/K-28695IN_spec_IN_Kohler_en.pdf,https://www.kohler.co.in/p/statement-oblong-three-function-handshower-9-5-lpm-28695in?skuId=28695IN-CP,PDF,spec sheet,asset_003052,False,False,False,False,False,False,False,True,techcomm.kohler.com
28783IN-0,Spec Sheet,PDF,https://techcomm.kohler.com/techcomm/pdf/K-28783IN_spec_IN_Kohler_en.pdf,https://www.kohler.co.in/p/vive-547-mm-oval-vessel-bathroom-sink-no-overflow-28783in?skuId=28783IN-0,PDF,spec sheet,asset_003053,False,False,False,False,False,False,False,True,techcomm.kohler.com
28784IN-0,Spec Sheet,PDF,https://techcomm.kohler.com/techcomm/pdf/K-28784IN_spec_IN_Kohler_en.pdf,https://www.kohler.co.in/p/vive-552-mm-rectangular-vessel-bathroom-sink-no-overflow-28784in?skuId=28784IN-0,PDF,spec sheet,asset_003054,False,False,False,False,False,False,False,True,techcomm.kohler.com
2883-0,Spec Sheet,PDF,https://techcomm.kohler.com/techcomm/pdf/K-2883_spec_IN_Kohler_en.pdf,https://www.kohler.co.in/p/demilav-verticyl-round-undermount-bathroom-sink-2883?skuId=2883-0,PDF,spec sheet,asset_003055,False,False,False,False,False,False,False,True,techcomm.kohler.com
2883-0,Spec Sheet,PDF,https://techcomm.kohler.com/techcomm/pdf/K-2883_spec_LM_Kohler_en.pdf,https://www.kohler.co.in/p/demilav-verticyl-round-undermount-bathroom-sink-2883?skuId=2883-0,PDF,spec sheet,asset_003056,False,False,False,False,False,False,False,True,techcomm.kohler.com
2883-0,Spec Sheet,PDF,https://techcomm.kohler.com/techcomm/pdf/K-2883_spec_US-CA_Kohler_en.pdf,https://www.kohler.co.in/p/demilav-verticyl-round-undermount-bathroom-sink-2883?skuId=2883-0,PDF,spec sheet,asset_003057,False,False,False,False,False,False,False,True,techcomm.kohler.com
2883-0,Spec Sheet,PDF,https://techcomm.kohler.com/techcomm/pdf/K-2883_spec_US-CA_Kohler_fr-ca.pdf,https://www.kohler.co.in/p/demilav-verticyl-round-undermount-bathroom-sink-2883?skuId=2883-0,PDF,spec sheet,asset_003058,False,False,False,False,False,False,False,True,techcomm.kohler.com
29199IN-4ND-RGD,Spec Sheet,PDF,https://techcomm.kohler.com/techcomm/pdf/K-29199IN-4ND_spec_IN_Kohler_en.pdf,https://www.kohler.co.in/p/modernlife-edge-wm-lav-faucet-trim-valve-29199in-4nd?skuId=29199IN-4ND-RGD,PDF,spec sheet,asset_003059,False,False,False,False,False,False,False,True,techcomm.kohler.com
29199IN-ECH-RGD,Spec Sheet,PDF,https://techcomm.kohler.com/techcomm/pdf/K-29199IN-ECH_spec_IN_Kohler_en.pdf,https://www.kohler.co.in/p/modernlife-edge-wall-mount-bathroom-sink-faucet-with-decorative-handle-7-6-lpm-29199in-ech?skuId=29199IN-ECH-RGD,PDF,spec sheet,asset_003060,False,False,False,False,False,False,False,True,techcomm.kohler.com
29310IN-4ND-AF,Spec Sheet,PDF,https://techcomm.kohler.com/techcomm/pdf/K-29310IN-4ND_spec_IN_Kohler_en.pdf,https://www.kohler.co.in/p/components-wall-mount-bathroom-sink-faucet-with-row-spout-and-oyl-handle-16-0-lpm-29310in-4nd?skuId=29310IN-4ND-AF,PDF,spec sheet,asset_003061,False,False,False,False,False,False,False,True,techcomm.kohler.com
29777IN-0,Spec Sheet,PDF,https://techcomm.kohler.com/techcomm/pdf/K-29777IN_spec_IN_Kohler_en.pdf,https://www.kohler.co.in/p/innate-one-piece-elongated-smart-toilet-dual-flush-29777in?skuId=29777IN-0,PDF,spec sheet,asset_003062,False,False,False,False,False,False,False,True,techcomm.kohler.com
29959IN-AF,Spec Sheet,PDF,https://techcomm.kohler.com/techcomm/pdf/K-29959IN_spec_IN_Kohler_en.pdf,https://www.kohler.co.in/p/modernlife-edge-df-rectangle-425x330mm-17-x13--29959in?skuId=29959IN-AF,PDF,spec sheet,asset_003063,False,False,False,False,False,False,False,True,techcomm.kohler.com
29961IN-CP,Spec Sheet,PDF,https://techcomm.kohler.com/techcomm/pdf/K-29961IN_spec_IN_Kohler_en.pdf,https://www.kohler.co.in/p/modernlife-edge-df-rectangle-425x330mm-17-x13--29961in?skuId=29961IN-CP,PDF,spec sheet,asset_003064,False,False,False,False,False,False,False,True,techcomm.kohler.com
30506IN-1-0,Spec Sheet,PDF,https://techcomm.kohler.com/techcomm/pdf/K-30506IN-1_spec_IN_Kohler_en.pdf,https://www.kohler.co.in/p/forefront-brink-600-mm-rectangle-vessel-bathroom-sink-with-deck-30506in-1?skuId=30506IN-1-0,PDF,spec sheet,asset_003065,False,False,False,False,False,False,False,True,techcomm.kohler.com
31347IN-0,Spec Sheet,PDF,https://techcomm.kohler.com/techcomm/pdf/K-31347IN_spec_IN_Kohler_en.pdf,https://www.kohler.co.in/p/sveda-663-mm-oval-vessel-bathroom-sink-31347in?skuId=31347IN-0,PDF,spec sheet,asset_003066,False,False,False,False,False,False,False,True,techcomm.kohler.com
31458IN-0,Spec Sheet,PDF,https://techcomm.kohler.com/techcomm/pdf/K-31458IN_spec_IN_Kohler_en.pdf,https://www.kohler.co.in/p/span-round-wm-lavatory-small-480x440-31458in?skuId=31458IN-0,PDF,spec sheet,asset_003067,False,False,False,False,False,False,False,True,techcomm.kohler.com
31460IN-0,Spec Sheet,PDF,https://techcomm.kohler.com/techcomm/pdf/K-31460IN_spec_IN_Kohler_en.pdf,https://www.kohler.co.in/p/span-square-wm-lavatory-small-480x440-31460in?skuId=31460IN-0,PDF,spec sheet,asset_003068,False,False,False,False,False,False,False,True,techcomm.kohler.com
31461IN-0,Spec Sheet,PDF,https://techcomm.kohler.com/techcomm/pdf/K-31461IN_spec_IN_Kohler_en.pdf,https://www.kohler.co.in/p/span-wall-mount-basin-with-single-faucet-hole-in-white-31461in?skuId=31461IN-0,PDF,spec sheet,asset_003069,False,False,False,False,False,False,False,True,techcomm.kohler.com
33059IN-4ND-CP,Spec Sheet,PDF,https://techcomm.kohler.com/techcomm/pdf/K-33059IN-4ND_spec_IN_Kohler_en.pdf,https://www.kohler.co.in/p/accliv-single-handle-bathroom-sink-faucet-with-paddle-handle-15-1-lpm-33059in-4nd?skuId=33059IN-4ND-CP,PDF,spec sheet,asset_003070,False,False,False,False,False,False,False,True,techcomm.kohler.com
33063IN-4ND-CP,Spec Sheet,PDF,https://techcomm.kohler.com/techcomm/pdf/K-33063IN-4ND_spec_IN_Kohler_en.pdf,https://www.kohler.co.in/p/accliv-tall-single-handle-bathroom-sink-faucet-with-paddle-handle-9-0-lpm-33063in-4nd?skuId=33063IN-4ND-CP,PDF,spec sheet,asset_003071,False,False,False,False,False,False,False,True,techcomm.kohler.com
33074IN-CP,Spec Sheet,PDF,https://techcomm.kohler.com/techcomm/pdf/K-33074IN_spec_IN_Kohler_en.pdf,https://www.kohler.co.in/p/accliv-wall-mount-bath-spout-without-diverter-33074in?skuId=33074IN-CP,PDF,spec sheet,asset_003072,False,False,False,False,False,False,False,True,techcomm.kohler.com
33103IN-4ND-CP,Spec Sheet,PDF,https://techcomm.kohler.com/techcomm/pdf/K-33103IN-4ND_spec_IN_Kohler_en.pdf,https://www.kohler.co.in/p/accliv-wall-mount-single-handle-bathroom-sink-faucet-trim-cold-only-9-0-lpm-33103in-4nd?skuId=33103IN-4ND-CP,PDF,spec sheet,asset_003073,False,False,False,False,False,False,False,True,techcomm.kohler.com
33995IN-CP,Spec Sheet,PDF,https://techcomm.kohler.com/techcomm/pdf/K-33995IN_spec_IN_Kohler_en.pdf,https://www.kohler.co.in/p/apt-wall-mount-bath-spout-33995in?skuId=33995IN-CP,PDF,spec sheet,asset_003074,False,False,False,False,False,False,False,True,techcomm.kohler.com
33996IN-CP,Spec Sheet,PDF,https://techcomm.kohler.com/techcomm/pdf/K-33996IN_spec_IN_Kohler_en.pdf,https://www.kohler.co.in/p/apt-wall-mount-bath-spout-with-diverter-33996in?skuId=33996IN-CP,PDF,spec sheet,asset_003075,False,False,False,False,False,False,False,True,techcomm.kohler.com
34039IN-4ND-CP,Spec Sheet,PDF,https://techcomm.kohler.com/techcomm/pdf/K-34039IN-4ND_spec_IN_Kohler_en.pdf,https://www.kohler.co.in/p/apt-flux-wall-mount-bathroom-sink-faucet-12-5-lpm-34039in-4nd?skuId=34039IN-4ND-CP,PDF,spec sheet,asset_003076,False,False,False,False,False,False,False,True,techcomm.kohler.com
34076IN-4ND-CP,Spec Sheet,PDF,https://techcomm.kohler.com/techcomm/pdf/K-34076IN-4ND_spec_IN_Kohler_en.pdf,https://www.kohler.co.in/p/apt-curv-wall-mount-bathroom-sink-faucet-12-5-lpm-34076in-4nd?skuId=34076IN-4ND-CP,PDF,spec sheet,asset_003077,False,False,False,False,False,False,False,True,techcomm.kohler.com
34229IN-0,Spec Sheet,PDF,https://techcomm.kohler.com/techcomm/pdf/K-34229IN_spec_IN_Kohler_en.pdf,https://www.kohler.co.in/p/apt-550-mm-rectangular-wall-mount-bathroom-sink-no-overflow-34229in?skuId=34229IN-0,PDF,spec sheet,asset_003078,False,False,False,False,False,False,False,True,techcomm.kohler.com
34251IN-0,Spec Sheet,PDF,https://techcomm.kohler.com/techcomm/pdf/K-34251IN_spec_IN_Kohler_en.pdf,https://www.kohler.co.in/p/apt-550-mm-rectangular-vessel-bathroom-sink-no-overflow-34251in?skuId=34251IN-0,PDF,spec sheet,asset_003079,False,False,False,False,False,False,False,True,techcomm.kohler.com
38471IN-CP,Spec Sheet,PDF,https://techcomm.kohler.com/techcomm/pdf/K-38471IN_spec_IN_Kohler_en.pdf,https://www.kohler.co.in/p/engage-wall-mount-bath-spout-with-diverter-38471in?skuId=38471IN-CP,PDF,spec sheet,asset_003080,False,False,False,False,False,False,False,True,techcomm.kohler.com
38629IN-CP,Spec Sheet,PDF,https://techcomm.kohler.com/techcomm/pdf/K-38629IN_spec_IN_Kohler_en.pdf,https://www.kohler.co.in/p/rain-max-square-305-mm-three-function-rainhead-14-5-31-0-lpm-38629in?skuId=38629IN-CP,PDF,spec sheet,asset_003081,False,False,False,False,False,False,False,True,techcomm.kohler.com
38973IN-CP,Spec Sheet,PDF,https://techcomm.kohler.com/techcomm/pdf/K-38973IN_spec_IN_Kohler_en.pdf,https://www.kohler.co.in/p/pristine-rectangular-254-mm-single-function-filtered-rainhead-12-0-lpm-38973in?skuId=38973IN-CP,PDF,spec sheet,asset_003082,False,False,False,False,False,False,False,True,techcomm.kohler.com
39059IN-SHP,Spec Sheet,PDF,https://techcomm.kohler.com/techcomm/pdf/K-39059IN_spec_IN_Kohler_en.pdf,https://www.kohler.co.in/p/elate-2000-mm-h-sliding-shower-door-with-8-mm-thick-glass-39059in?skuId=39059IN-SHP,PDF,spec sheet,asset_003083,False,False,False,False,False,False,False,True,techcomm.kohler.com
39061IN-SHP,Spec Sheet,PDF,https://techcomm.kohler.com/techcomm/pdf/K-39061IN_spec_IN_Kohler_en.pdf,https://www.kohler.co.in/p/elate-2000-mm-h-sliding-shower-door-with-8-mm-thick-glass-39061in?skuId=39061IN-SHP,PDF,spec sheet,asset_003084,False,False,False,False,False,False,False,True,techcomm.kohler.com
39259IN-SHP,Spec Sheet,PDF,https://techcomm.kohler.com/techcomm/pdf/K-39259IN_spec_IN_Kohler_en.pdf,https://www.kohler.co.in/p/elate-2000-mm-h-sliding-shower-door-with-8-mm-thick-glass-39259in?skuId=39259IN-SHP,PDF,spec sheet,asset_003085,False,False,False,False,False,False,False,True,techcomm.kohler.com
39502IN-CP,Spec Sheet,PDF,https://techcomm.kohler.com/techcomm/pdf/K-39502IN_spec_IN_Kohler_en.pdf,https://www.kohler.co.in/p/rainduet-round-three-function-handshower-9-0-lpm-39502in?skuId=39502IN-CP,PDF,spec sheet,asset_003086,False,False,False,False,False,False,False,True,techcomm.kohler.com
39507IN-CP,Spec Sheet,PDF,https://techcomm.kohler.com/techcomm/pdf/K-39507IN_spec_IN_Kohler_en.pdf,https://www.kohler.co.in/p/rainduet-round-250-mm-single-function-rainhead-10-5-lpm-39507in?skuId=39507IN-CP,PDF,spec sheet,asset_003087,False,False,False,False,False,False,False,True,techcomm.kohler.com
39560IN-ND-CP,Spec Sheet,PDF,https://techcomm.kohler.com/techcomm/pdf/K-39560IN-ND_spec_IN_Kohler_en.pdf,https://www.kohler.co.in/p/components-touchless-wall-mount-195-mm-lavatory-faucet-with-kinesis-sensor-technology-1-9-lpm-39560in-nd?skuId=39560IN-ND-CP,PDF,spec sheet,asset_003088,False,False,False,False,False,False,False,True,techcomm.kohler.com
3983IN-S-0,Spec Sheet,PDF,https://techcomm.kohler.com/techcomm/pdf/K-3983IN-S_spec_IN_Kohler_en.pdf,https://www.kohler.co.in/p/reach-one-piece-round-front-toilet-with-skirted-trapway-dual-flush-3983in-s?skuId=3983IN-S-0,PDF,spec sheet,asset_003089,False,False,False,False,False,False,False,True,techcomm.kohler.com
5373IN-0,Spec Sheet,PDF,https://techcomm.kohler.com/techcomm/pdf/K-5373IN_spec_IN_Kohler_en.pdf,https://www.kohler.co.in/p/forefront-580-mm-rectangular-vessel-bathroom-sink-5373in?skuId=5373IN-0,PDF,spec sheet,asset_003090,False,False,False,False,False,False,False,True,techcomm.kohler.com
5583IN-1WH-0,Spec Sheet,PDF,https://techcomm.kohler.com/techcomm/pdf/K-5583IN-1WH_spec_IN_Kohler_en.pdf,https://www.kohler.co.in/p/brive-wall-mount-lavatory-with-single-faucet-hole-5583in-1wh?skuId=5583IN-1WH-0,PDF,spec sheet,asset_003091,False,False,False,False,False,False,False,True,techcomm.kohler.com
5680IN-4ND-CP,Spec Sheet,PDF,https://techcomm.kohler.com/techcomm/pdf/K-5680IN-4ND_spec_IN_Kohler_en.pdf,https://www.kohler.co.in/p/july-wall-mount-lavatory-faucet-trim-in-polished-chrome-5680in-4nd?skuId=5680IN-4ND-CP,PDF,spec sheet,asset_003092,False,False,False,False,False,False,False,True,techcomm.kohler.com
5683IN-4ND-CP,Spec Sheet,PDF,https://techcomm.kohler.com/techcomm/pdf/K-5683IN-4ND_spec_IN_Kohler_en.pdf,https://www.kohler.co.in/p/aleo-wall-mount-lavatory-faucet-trim-5683in-4nd?skuId=5683IN-4ND-CP,PDF,spec sheet,asset_003093,False,False,False,False,False,False,False,True,techcomm.kohler.com
5684IN-4ND-CP,Spec Sheet,PDF,https://techcomm.kohler.com/techcomm/pdf/K-5684IN-4ND_spec_IN_Kohler_en.pdf,https://www.kohler.co.in/p/aleo-wall-mount-lavatory-faucet-trim-in-polished-chrome-5684in-4nd?skuId=5684IN-4ND-CP,PDF,spec sheet,asset_003094,False,False,False,False,False,False,False,True,techcomm.kohler.com
702650IN-LH0-BL,Spec Sheet,PDF,https://techcomm.kohler.com/techcomm/pdf/K-702650IN-LH0_spec_IN_Kohler_en.pdf,https://www.kohler.co.in/p/brazn-2200-mm-h-sliding-shower-door-with-10-mm-thick-glass-702650in-lh0?skuId=702650IN-LH0-BL,PDF,spec sheet,asset_003095,False,False,False,False,False,False,False,True,techcomm.kohler.com
704698IN-SHP,Spec Sheet,PDF,https://techcomm.kohler.com/techcomm/pdf/K-704698IN_spec_IN_Kohler_en.pdf,https://www.kohler.co.in/p/new-trilogy-2000-h-pivot-shower-door-with-8-mm-thick-glass-704698in?skuId=704698IN-SHP,PDF,spec sheet,asset_003096,False,False,False,False,False,False,False,True,techcomm.kohler.com
704699IN-SHP,Spec Sheet,PDF,https://techcomm.kohler.com/techcomm/pdf/K-704699IN_spec_IN_Kohler_en.pdf,https://www.kohler.co.in/p/new-trilogy-2000-mm-2161-mm-h-pivot-shower-door-with-8-mm-thick-glass-704699in?skuId=704699IN-SHP,PDF,spec sheet,asset_003097,False,False,False,False,False,False,False,True,techcomm.kohler.com
704796IN-2BL,Spec Sheet,PDF,https://techcomm.kohler.com/techcomm/pdf/K-704796IN_spec_IN_Kohler_en.pdf,https://www.kohler.co.in/p/new-trilogy-2061-mm-h-pivot-shower-door-with-8-mm-or-10-mm-thick-glass-704796in?skuId=704796IN-2BL,PDF,spec sheet,asset_003098,False,False,False,False,False,False,False,True,techcomm.kohler.com
705115IN-SHP,Spec Sheet,PDF,https://techcomm.kohler.com/techcomm/pdf/K-705115IN_spec_IN_Kohler_en.pdf,https://www.kohler.co.in/p/contra-2000-mm-2100-mm-h-sliding-shower-door-with-8-mm-thick-glass-705115in?skuId=705115IN-SHP,PDF,spec sheet,asset_003099,False,False,False,False,False,False,False,True,techcomm.kohler.com
705116IN-SHP,Spec Sheet,PDF,https://techcomm.kohler.com/techcomm/pdf/K-705116IN_spec_IN_Kohler_en.pdf,https://www.kohler.co.in/p/contra-big-ht-2000mm-705116in?skuId=705116IN-SHP,PDF,spec sheet,asset_003100,False,False,False,False,False,False,False,True,techcomm.kohler.com
708065IN-CP,Spec Sheet,PDF,https://techcomm.kohler.com/techcomm/pdf/K-708065IN_spec_IN_Kohler_en.pdf,https://www.kohler.co.in/p/singulier-1d1p-s-708065in?skuId=708065IN-CP,PDF,spec sheet,asset_003101,False,False,False,False,False,False,False,True,techcomm.kohler.com
708066IN-CP,Spec Sheet,PDF,https://techcomm.kohler.com/techcomm/pdf/K-708066IN_spec_IN_Kohler_en.pdf,https://www.kohler.co.in/p/singulier-1d2p-s-708066in?skuId=708066IN-CP,PDF,spec sheet,asset_003102,False,False,False,False,False,False,False,True,techcomm.kohler.com
708067IN-CP,Spec Sheet,PDF,https://techcomm.kohler.com/techcomm/pdf/K-708067IN_spec_IN_Kohler_en.pdf,https://www.kohler.co.in/p/singulier-2000-mm-2100-mm-h-pivot-shower-door-with-8-mm-thick-glass-708067in?skuId=708067IN-CP,PDF,spec sheet,asset_003103,False,False,False,False,False,False,False,True,techcomm.kohler.com
72421IN-CP,Spec Sheet,PDF,https://techcomm.kohler.com/techcomm/pdf/K-72421IN_spec_IN_Kohler_en.pdf,https://www.kohler.co.in/p/awaken-organic-multi-mode-handshower-with-hose-72421in?skuId=72421IN-CP,PDF,spec sheet,asset_003104,False,False,False,False,False,False,False,True,techcomm.kohler.com
72425IN-CP,Spec Sheet,PDF,https://techcomm.kohler.com/techcomm/pdf/K-72425IN_spec_IN_Kohler_en.pdf,https://www.kohler.co.in/p/awaken-organic-multi-mode-showerhead-with-shower-arm-72425in?skuId=72425IN-CP,PDF,spec sheet,asset_003105,False,False,False,False,False,False,False,True,techcomm.kohler.com
72791-CP,Spec Sheet,PDF,https://techcomm.kohler.com/techcomm/pdf/K-72791_spec_IN_Kohler_en.pdf,https://www.kohler.co.in/p/artifacts-wall-mount-bath-spout-with-flare-design-72791?skuId=72791-CP,PDF,spec sheet,asset_003106,False,False,False,False,False,False,False,True,techcomm.kohler.com
72791-CP,Spec Sheet,PDF,https://techcomm.kohler.com/techcomm/pdf/K-72791_spec_LM_Kohler_en.pdf,https://www.kohler.co.in/p/artifacts-wall-mount-bath-spout-with-flare-design-72791?skuId=72791-CP,PDF,spec sheet,asset_003107,False,False,False,False,False,False,False,True,techcomm.kohler.com
72791-CP,Spec Sheet,PDF,https://techcomm.kohler.com/techcomm/pdf/K-72791_spec_US-CA_Kohler_en.pdf,https://www.kohler.co.in/p/artifacts-wall-mount-bath-spout-with-flare-design-72791?skuId=72791-CP,PDF,spec sheet,asset_003108,False,False,False,False,False,False,False,True,techcomm.kohler.com
72791-CP,Spec Sheet,PDF,https://techcomm.kohler.com/techcomm/pdf/K-72791_spec_US-CA_Kohler_fr-ca.pdf,https://www.kohler.co.in/p/artifacts-wall-mount-bath-spout-with-flare-design-72791?skuId=72791-CP,PDF,spec sheet,asset_003109,False,False,False,False,False,False,False,True,techcomm.kohler.com
72830IN-L-CP,Spec Sheet,PDF,https://techcomm.kohler.com/techcomm/pdf/K-72830IN-L_spec_IN_Kohler_en.pdf,https://www.kohler.co.in/p/beitou-rainpanel-500x500-multifunction-rainpanel-in-polished-chrome-72830in-l?skuId=72830IN-L-CP,PDF,spec sheet,asset_003110,False,False,False,False,False,False,False,True,techcomm.kohler.com
73037IN-CL-CP,Spec Sheet,PDF,https://techcomm.kohler.com/techcomm/pdf/K-73037IN-CL_spec_IN_Kohler_en.pdf,https://www.kohler.co.in/p/round-duet-edge-square-203-mm-single-function-rainhead-73037in-cl?skuId=73037IN-CL-CP,PDF,spec sheet,asset_003111,False,False,False,False,False,False,False,True,techcomm.kohler.com
73038IN-CL-CP,Spec Sheet,PDF,https://techcomm.kohler.com/techcomm/pdf/K-73038IN-CL_spec_IN_Kohler_en.pdf,https://www.kohler.co.in/p/rain-duet-edge-square-203-mm-single-function-rainhead-73038in-cl?skuId=73038IN-CL-CP,PDF,spec sheet,asset_003112,False,False,False,False,False,False,False,True,techcomm.kohler.com
73039IN-CL-CP,Spec Sheet,PDF,https://techcomm.kohler.com/techcomm/pdf/K-73039IN-CL_spec_IN_Kohler_en.pdf,https://www.kohler.co.in/p/rainduet-edge-round-254-mm-rainhead-9-4-lpm-73039in-cl?skuId=73039IN-CL-CP,PDF,spec sheet,asset_003113,False,False,False,False,False,False,False,True,techcomm.kohler.com
73040IN-CL-CP,Spec Sheet,PDF,https://techcomm.kohler.com/techcomm/pdf/K-73040IN-CL_spec_IN_Kohler_en.pdf,https://www.kohler.co.in/p/rainduet-edge-square-254-mm-single-function-rainhead-9-5-lpm-73040in-cl?skuId=73040IN-CL-CP,PDF,spec sheet,asset_003114,False,False,False,False,False,False,False,True,techcomm.kohler.com
73061IN-4ND-CP,Spec Sheet,PDF,https://techcomm.kohler.com/techcomm/pdf/K-73061IN-4ND_spec_IN_Kohler_en.pdf,https://www.kohler.co.in/p/composed-wall-mount-bathroom-sink-faucet-8-3-lpm-73061in-4nd?skuId=73061IN-4ND-CP,PDF,spec sheet,asset_003115,False,False,False,False,False,False,False,True,techcomm.kohler.com
73061T-7-BV,Spec Sheet,PDF,https://techcomm.kohler.com/techcomm/pdf/K-73061T-7_spec_IN_Kohler_en.pdf,https://www.kohler.co.in/p/composed-wall-mount-lavatory-faucet-73061t-7?skuId=73061T-7-BV,PDF,spec sheet,asset_003116,False,False,False,False,False,False,False,True,techcomm.kohler.com
73061T-7-BV,Spec Sheet,PDF,https://techcomm.kohler.com/techcomm/pdf/K-73061T-7_spec_TH_Kohler_en.pdf,https://www.kohler.co.in/p/composed-wall-mount-lavatory-faucet-73061t-7?skuId=73061T-7-BV,PDF,spec sheet,asset_003117,False,False,False,False,False,False,False,True,techcomm.kohler.com
73120-2MB,Spec Sheet,PDF,https://techcomm.kohler.com/techcomm/pdf/K-73120_spec_IN_Kohler_en.pdf,https://www.kohler.co.in/p/composed-wall-mount-bath-spout-73120?skuId=73120-2MB,PDF,spec sheet,asset_003118,False,False,False,False,False,False,False,True,techcomm.kohler.com
73120-2MB,Spec Sheet,PDF,https://techcomm.kohler.com/techcomm/pdf/K-73120_spec_LM_Kohler_en.pdf,https://www.kohler.co.in/p/composed-wall-mount-bath-spout-73120?skuId=73120-2MB,PDF,spec sheet,asset_003119,False,False,False,False,False,False,False,True,techcomm.kohler.com
73120-2MB,Spec Sheet,PDF,https://techcomm.kohler.com/techcomm/pdf/K-73120_spec_US-CA_Kohler_en.pdf,https://www.kohler.co.in/p/composed-wall-mount-bath-spout-73120?skuId=73120-2MB,PDF,spec sheet,asset_003120,False,False,False,False,False,False,False,True,techcomm.kohler.com
73120-2MB,Spec Sheet,PDF,https://techcomm.kohler.com/techcomm/pdf/K-73120_spec_US-CA_Kohler_fr-ca.pdf,https://www.kohler.co.in/p/composed-wall-mount-bath-spout-73120?skuId=73120-2MB,PDF,spec sheet,asset_003121,False,False,False,False,False,False,False,True,techcomm.kohler.com
73158T-4-RGD,Spec Sheet,PDF,https://techcomm.kohler.com/techcomm/pdf/K-73158T-4_spec_GPS_Kohler_en.pdf,https://www.kohler.co.in/p/composed-single-handle-bathroom-sink-faucet-with-joystick-handle-73158t-4?skuId=73158T-4-RGD,PDF,spec sheet,asset_003122,False,False,False,False,False,False,False,True,techcomm.kohler.com
73158T-4-RGD,Spec Sheet,PDF,https://techcomm.kohler.com/techcomm/pdf/K-73158T-4_spec_IN_Kohler_en.pdf,https://www.kohler.co.in/p/composed-single-handle-bathroom-sink-faucet-with-joystick-handle-73158t-4?skuId=73158T-4-RGD,PDF,spec sheet,asset_003123,False,False,False,False,False,False,False,True,techcomm.kohler.com
73158T-4-RGD,Installation,PDF,https://techcomm.kohler.com/techcomm/pdf/K-73158T.pdf,https://www.kohler.co.in/p/composed-single-handle-bathroom-sink-faucet-with-joystick-handle-73158t-4?skuId=73158T-4-RGD,PDF,installation,asset_003124,False,False,False,False,False,False,False,True,techcomm.kohler.com
73159IN-7-CP,Spec Sheet,PDF,https://techcomm.kohler.com/techcomm/pdf/K-73159IN-7_spec_IN_Kohler_en.pdf,https://www.kohler.co.in/p/composed-single-control-side-mount-tall-lavatory-faucet-with-drain-73159in-7?skuId=73159IN-7-CP,PDF,spec sheet,asset_003125,False,False,False,False,False,False,False,True,techcomm.kohler.com
73198IN-CP,Spec Sheet,PDF,https://techcomm.kohler.com/techcomm/pdf/K-73198IN_spec_IN_Kohler_en.pdf,https://www.kohler.co.in/p/203mm-round-katalyst-tm-rainhead-73198in?skuId=73198IN-CP,PDF,spec sheet,asset_003126,False,False,False,False,False,False,False,True,techcomm.kohler.com
73199IN-CP,Spec Sheet,PDF,https://techcomm.kohler.com/techcomm/pdf/K-73199IN_spec_IN_Kohler_en.pdf,https://www.kohler.co.in/p/rainduet-contemporary-square-200-mm-single-function-rainhead-8-7-lpm-73199in?skuId=73199IN-CP,PDF,spec sheet,asset_003127,False,False,False,False,False,False,False,True,techcomm.kohler.com
75374IN-1-0,Spec Sheet,PDF,https://techcomm.kohler.com/techcomm/pdf/K-75374IN-1_spec_IN_Kohler_en.pdf,https://www.kohler.co.in/p/forefront-sq-w-deck-75374in-1?skuId=75374IN-1-0,PDF,spec sheet,asset_003128,False,False,False,False,False,False,False,True,techcomm.kohler.com
75375IN-0,Spec Sheet,PDF,https://techcomm.kohler.com/techcomm/pdf/K-75375IN_spec_IN_Kohler_en.pdf,https://www.kohler.co.in/p/forefront-890-mm-rectangular-vessel-bathroom-sink-no-overflow-75375in?skuId=75375IN-0,PDF,spec sheet,asset_003129,False,False,False,False,False,False,False,True,techcomm.kohler.com
76442IN-NW-0,Spec Sheet,PDF,https://techcomm.kohler.com/techcomm/pdf/K-76442IN-NW_spec_IN_Kohler_en.pdf,https://www.kohler.co.in/p/karess-1700-mm-x-800-mm-drop-in-whirlpool-bath-76442in-nw?skuId=76442IN-NW-0,PDF,spec sheet,asset_003130,False,False,False,False,False,False,False,True,techcomm.kohler.com
76600IN-0,Spec Sheet,PDF,https://techcomm.kohler.com/techcomm/pdf/K-76600IN_spec_IN_Kohler_en.pdf,https://www.kohler.co.in/p/kankara-vessel-basin-with-1-tap-hole-76600in?skuId=76600IN-0,PDF,spec sheet,asset_003131,False,False,False,False,False,False,False,True,techcomm.kohler.com
77276IN-L-CP,Spec Sheet,PDF,https://techcomm.kohler.com/techcomm/pdf/K-77276IN-L_spec_IN_Kohler_en.pdf,https://www.kohler.co.in/p/beitou-rectangle-600x800-multifunction-rainpanel-in-polished-chrome-77276in-l?skuId=77276IN-L-CP,PDF,spec sheet,asset_003132,False,False,False,False,False,False,False,True,techcomm.kohler.com
77958T-4A-CP,Spec Sheet,PDF,https://techcomm.kohler.com/techcomm/pdf/K-77958T-4A_spec_IN_Kohler_en.pdf,https://www.kohler.co.in/p/components-single-handle-bathroom-sink-faucet-with-tube-spout-and-pin-handle-5-7-lpm-77958t-4a?skuId=77958T-4A-CP,PDF,spec sheet,asset_003133,False,False,False,False,False,False,False,True,techcomm.kohler.com
77958T-4A-CP,Spec Sheet,PDF,https://techcomm.kohler.com/techcomm/pdf/K-77958T-4A_spec_TH_Kohler_en.pdf,https://www.kohler.co.in/p/components-single-handle-bathroom-sink-faucet-with-tube-spout-and-pin-handle-5-7-lpm-77958t-4a?skuId=77958T-4A-CP,PDF,spec sheet,asset_003134,False,False,False,False,False,False,False,True,techcomm.kohler.com
77963-8A-BL,Spec Sheet,PDF,https://techcomm.kohler.com/techcomm/pdf/K-77963-8A_spec_IN_Kohler_en.pdf,https://www.kohler.co.in/p/components-bathroom-sink-rocker-handle-77963-8a?skuId=77963-8A-BL,PDF,spec sheet,asset_003135,False,False,False,False,False,False,False,True,techcomm.kohler.com
77963-8A-BL,Spec Sheet,PDF,https://techcomm.kohler.com/techcomm/pdf/K-77963-8A_spec_LM_Kohler_en.pdf,https://www.kohler.co.in/p/components-bathroom-sink-rocker-handle-77963-8a?skuId=77963-8A-BL,PDF,spec sheet,asset_003136,False,False,False,False,False,False,False,True,techcomm.kohler.com
77963-8A-BL,Spec Sheet,PDF,https://techcomm.kohler.com/techcomm/pdf/K-77963-8A_spec_US-CA_Kohler_en.pdf,https://www.kohler.co.in/p/components-bathroom-sink-rocker-handle-77963-8a?skuId=77963-8A-BL,PDF,spec sheet,asset_003137,False,False,False,False,False,False,False,True,techcomm.kohler.com
77963-8A-BL,Spec Sheet,PDF,https://techcomm.kohler.com/techcomm/pdf/K-77963-8A_spec_US-CA_Kohler_fr-ca.pdf,https://www.kohler.co.in/p/components-bathroom-sink-rocker-handle-77963-8a?skuId=77963-8A-BL,PDF,spec sheet,asset_003138,False,False,False,False,False,False,False,True,techcomm.kohler.com
7799IN-FDL-0,Spec Sheet,PDF,https://techcomm.kohler.com/techcomm/pdf/K-7799IN-FDL_spec_IN_Kohler_en.pdf,https://www.kohler.co.in/p/quila-vana-vessel-bathroom-sink-7799in-fdl?skuId=7799IN-FDL-0,PDF,spec sheet,asset_003139,False,False,False,False,False,False,False,True,techcomm.kohler.com
8331T-0,Spec Sheet,PDF,https://techcomm.kohler.com/techcomm/pdf/K-8331T_spec_IN_Kohler_en.pdf,https://www.kohler.co.in/p/veil-freestanding-lithocast-bath-8331t?skuId=8331T-0,PDF,spec sheet,asset_003140,False,False,False,False,False,False,False,True,techcomm.kohler.com
8688T-S-0,Spec Sheet,PDF,https://techcomm.kohler.com/techcomm/pdf/K-8688T-S_spec_IN_Kohler_en.pdf,https://www.kohler.co.in/p/san-raphael-grande-one-piece-elongated-toilet-with-skirted-trapway-4-8-lpf-8688t-s?skuId=8688T-S-0,PDF,spec sheet,asset_003141,False,False,False,False,False,False,False,True,techcomm.kohler.com
90011T-0,Spec Sheet,PDF,https://techcomm.kohler.com/techcomm/pdf/K-90011T_spec_IN_Kohler_en.pdf,https://www.kohler.co.in/p/mica-vessel-sink-90011t?skuId=90011T-0,PDF,spec sheet,asset_003142,False,False,False,False,False,False,False,True,techcomm.kohler.com
9301IN-CL-CP,Spec Sheet,PDF,https://techcomm.kohler.com/techcomm/pdf/K-9301IN-CL_spec_IN_Kohler_en.pdf,https://www.kohler.co.in/p/modernlife-edge-square-381mm-single-function-rainhead-9301in-cl?skuId=9301IN-CL-CP,PDF,spec sheet,asset_003143,False,False,False,False,False,False,False,True,techcomm.kohler.com
9301IN-ZX-RGD,Spec Sheet,PDF,https://techcomm.kohler.com/techcomm/pdf/K-9301IN-ZX_spec_IN_Kohler_en.pdf,https://www.kohler.co.in/p/katalyst-air-square-384-mm-single-function-rainhead-22-2-lpm-9301in-zx?skuId=9301IN-ZX-RGD,PDF,spec sheet,asset_003144,False,False,False,False,False,False,False,True,techcomm.kohler.com
97009IN-CP,Spec Sheet,PDF,https://techcomm.kohler.com/techcomm/pdf/K-97009IN_spec_IN_Kohler_en.pdf,https://www.kohler.co.in/p/rainduet-square-handshower-w-o-hose-97009in?skuId=97009IN-CP,PDF,spec sheet,asset_003145,False,False,False,False,False,False,False,True,techcomm.kohler.com
97167IN-CP,Spec Sheet,PDF,https://techcomm.kohler.com/techcomm/pdf/K-97167IN_spec_IN_Kohler_en.pdf,https://www.kohler.co.in/p/loure-shower-panel-97167in?skuId=97167IN-CP,PDF,spec sheet,asset_003146,False,False,False,False,False,False,False,True,techcomm.kohler.com
97168IN-BL,Spec Sheet,PDF,https://techcomm.kohler.com/techcomm/pdf/K-97168IN_spec_IN_Kohler_en.pdf,https://www.kohler.co.in/p/loure-rectangular-800-mm-x-600-mm-four-function-overhead-shower-panel-11-8-lpm-36-0-lpm-97168in?skuId=97168IN-BL,PDF,spec sheet,asset_003147,False,False,False,False,False,False,False,True,techcomm.kohler.com
97347-4-BL,Spec Sheet,PDF,https://techcomm.kohler.com/techcomm/pdf/K-97347-4_spec_IN_Kohler_en.pdf,https://www.kohler.co.in/p/avid-tall-single-handle-bathroom-sink-faucet-97347-4?skuId=97347-4-BL,PDF,spec sheet,asset_003148,False,False,False,False,False,False,False,True,techcomm.kohler.com
97347-4-BL,Spec Sheet,PDF,https://techcomm.kohler.com/techcomm/pdf/K-97347-4_spec_LM_Kohler_en.pdf,https://www.kohler.co.in/p/avid-tall-single-handle-bathroom-sink-faucet-97347-4?skuId=97347-4-BL,PDF,spec sheet,asset_003149,False,False,False,False,False,False,False,True,techcomm.kohler.com
97347-4-BL,Spec Sheet,PDF,https://techcomm.kohler.com/techcomm/pdf/K-97347-4_spec_US-CA_Kohler_en.pdf,https://www.kohler.co.in/p/avid-tall-single-handle-bathroom-sink-faucet-97347-4?skuId=97347-4-BL,PDF,spec sheet,asset_003150,False,False,False,False,False,False,False,True,techcomm.kohler.com
97347-4-BL,Spec Sheet,PDF,https://techcomm.kohler.com/techcomm/pdf/K-97347-4_spec_US-CA_Kohler_fr-ca.pdf,https://www.kohler.co.in/p/avid-tall-single-handle-bathroom-sink-faucet-97347-4?skuId=97347-4-BL,PDF,spec sheet,asset_003151,False,False,False,False,False,False,False,True,techcomm.kohler.com
97347T-4-RGD,Spec Sheet,PDF,https://techcomm.kohler.com/techcomm/pdf/K-97347T-4_spec_GPS_Kohler_en.pdf,https://www.kohler.co.in/p/avid-tall-single-handle-bathroom-sink-faucet-97347t-4?skuId=97347T-4-RGD,PDF,spec sheet,asset_003152,False,False,False,False,False,False,False,True,techcomm.kohler.com
97347T-4-RGD,Spec Sheet,PDF,https://techcomm.kohler.com/techcomm/pdf/K-97347T-4_spec_IN_Kohler_en.pdf,https://www.kohler.co.in/p/avid-tall-single-handle-bathroom-sink-faucet-97347t-4?skuId=97347T-4-RGD,PDF,spec sheet,asset_003153,False,False,False,False,False,False,False,True,techcomm.kohler.com
97367T-B4-CP,Spec Sheet,PDF,https://techcomm.kohler.com/techcomm/pdf/K-97367T-B4_spec_CN_Kohler_en.pdf,https://www.kohler.co.in/p/avid-floor-mount-bath-filler-with-handshower-97367t-b4?skuId=97367T-B4-CP,PDF,spec sheet,asset_003154,False,False,False,False,False,False,False,True,techcomm.kohler.com
97367T-B4-CP,Spec Sheet,PDF,https://techcomm.kohler.com/techcomm/pdf/K-97367T-B4_spec_IN_Kohler_en.pdf,https://www.kohler.co.in/p/avid-floor-mount-bath-filler-with-handshower-97367t-b4?skuId=97367T-B4-CP,PDF,spec sheet,asset_003155,False,False,False,False,False,False,False,True,techcomm.kohler.com
97905T-NA,Spec Sheet,PDF,https://techcomm.kohler.com/techcomm/pdf/K-97905T_spec_GPS_Kohler_en.pdf,https://www.kohler.co.in/p/mounting-block-97905t?skuId=97905T-NA,PDF,spec sheet,asset_003156,False,False,False,False,False,False,False,True,techcomm.kohler.com
97905T-NA,Spec Sheet,PDF,https://techcomm.kohler.com/techcomm/pdf/K-97905T_spec_IN_Kohler_en.pdf,https://www.kohler.co.in/p/mounting-block-97905t?skuId=97905T-NA,PDF,spec sheet,asset_003157,False,False,False,False,False,False,False,True,techcomm.kohler.com
98444IN-CP,Spec Sheet,PDF,https://techcomm.kohler.com/techcomm/pdf/K-98444IN_spec_IN_Kohler_en.pdf,https://www.kohler.co.in/p/eo-single-function-small-handshower-with-hose-98444in?skuId=98444IN-CP,PDF,spec sheet,asset_003158,False,False,False,False,False,False,False,True,techcomm.kohler.com
98445IN-CP,Spec Sheet,PDF,https://techcomm.kohler.com/techcomm/pdf/K-98445IN_spec_IN_Kohler_en.pdf,https://www.kohler.co.in/p/spatula-square-single-function-handshower-13-0-lpm-98445in?skuId=98445IN-CP,PDF,spec sheet,asset_003159,False,False,False,False,False,False,False,True,techcomm.kohler.com
98930X-1-0,Spec Sheet,PDF,https://techcomm.kohler.com/techcomm/pdf/K-98930X-1_spec_GPS_Kohler_en.pdf,https://www.kohler.co.in/p/forefront-semi-recessed-bathroom-sink-98930x-1?skuId=98930X-1-0,PDF,spec sheet,asset_003160,False,False,False,False,False,False,False,True,techcomm.kohler.com
98930X-1-0,Spec Sheet,PDF,https://techcomm.kohler.com/techcomm/pdf/K-98930X-1_spec_IN_Kohler_en.pdf,https://www.kohler.co.in/p/forefront-semi-recessed-bathroom-sink-98930x-1?skuId=98930X-1-0,PDF,spec sheet,asset_003161,False,False,False,False,False,False,False,True,techcomm.kohler.com
99060IN-CP,Spec Sheet,PDF,https://techcomm.kohler.com/techcomm/pdf/K-99060IN_spec_IN_Kohler_en.pdf,https://www.kohler.co.in/p/july-bath-spout-without-diverter-in-polished-chrome-99060in?skuId=99060IN-CP,PDF,spec sheet,asset_003162,False,False,False,False,False,False,False,True,techcomm.kohler.com
EC42639IN-HC-0,Spec Sheet,PDF,https://techcomm.kohler.com/techcomm/pdf/K-EC42639IN-HC_spec_IN_Kohler_en.pdf,https://www.kohler.co.in/p/kohler-vive-hidden-cord-wall-hung-square-front-toilet-with-skirted-trapway-ec42639in-hc?skuId=EC42639IN-HC-0,PDF,spec sheet,asset_003163,False,False,False,False,False,False,False,True,techcomm.kohler.com
EX27102T-4-2MB,Spec Sheet,PDF,https://techcomm.kohler.com/techcomm/pdf/K-EX27102T-4_spec_CN_Kohler_en.pdf,https://www.kohler.co.in/p/occasion-wall-mount-single-handle-bathroom-sink-faucet-8-3-lpm-ex27102t-4?skuId=EX27102T-4-2MB,PDF,spec sheet,asset_003164,False,False,False,False,False,False,False,True,techcomm.kohler.com
EX27102T-4-2MB,Spec Sheet,PDF,https://techcomm.kohler.com/techcomm/pdf/K-EX27102T-4_spec_IN_Kohler_en.pdf,https://www.kohler.co.in/p/occasion-wall-mount-single-handle-bathroom-sink-faucet-8-3-lpm-ex27102t-4?skuId=EX27102T-4-2MB,PDF,spec sheet,asset_003165,False,False,False,False,False,False,False,True,techcomm.kohler.com
EX28093IN-8-AF,Spec Sheet,PDF,https://techcomm.kohler.com/techcomm/pdf/K-EX28093IN-8_spec_IN_Kohler_en.pdf,https://www.kohler.co.in/p/components-single-handle-bathroom-sink-faucet-with-row-spout-and-oyl-handle-8-3-lpm-ex28093in-8?skuId=EX28093IN-8-AF,PDF,spec sheet,asset_003166,False,False,False,False,False,False,False,True,techcomm.kohler.com
T9540-4-CP,Spec Sheet,PDF,https://techcomm.kohler.com/techcomm/pdf/K-T9540-4_spec_IN_Kohler_en.pdf,https://www.kohler.co.in/p/deck-mount-trim-for-transfer-valve-vacuum-breaker-with-lever-handle-valve-not-included-t9540-4?skuId=T9540-4-CP,PDF,spec sheet,asset_003167,False,False,False,False,False,False,False,True,techcomm.kohler.com
T9540-4-CP,Spec Sheet,PDF,https://techcomm.kohler.com/techcomm/pdf/K-T9540-4_spec_US-CA_Kohler_en.pdf,https://www.kohler.co.in/p/deck-mount-trim-for-transfer-valve-vacuum-breaker-with-lever-handle-valve-not-included-t9540-4?skuId=T9540-4-CP,PDF,spec sheet,asset_003168,False,False,False,False,False,False,False,True,techcomm.kohler.com
T9540-4-CP,Spec Sheet,PDF,https://techcomm.kohler.com/techcomm/pdf/K-T9540-4_spec_US-CA_Kohler_fr-ca.pdf,https://www.kohler.co.in/p/deck-mount-trim-for-transfer-valve-vacuum-breaker-with-lever-handle-valve-not-included-t9540-4?skuId=T9540-4-CP,PDF,spec sheet,asset_003169,False,False,False,False,False,False,False,True,techcomm.kohler.com
T98071-4-BV,Spec Sheet,PDF,https://techcomm.kohler.com/techcomm/pdf/K-T98071-4_spec_IN_Kohler_en.pdf,https://www.kohler.co.in/p/artifacts-deck-mount-bath-lever-handle-trim-t98071-4?skuId=T98071-4-BV,PDF,spec sheet,asset_003170,False,False,False,False,False,False,False,True,techcomm.kohler.com
T98071-4-BV,Spec Sheet,PDF,https://techcomm.kohler.com/techcomm/pdf/K-T98071-4_spec_US-CA_Kohler_en.pdf,https://www.kohler.co.in/p/artifacts-deck-mount-bath-lever-handle-trim-t98071-4?skuId=T98071-4-BV,PDF,spec sheet,asset_003171,False,False,False,False,False,False,False,True,techcomm.kohler.com
T98071-4-BV,Spec Sheet,PDF,https://techcomm.kohler.com/techcomm/pdf/K-T98071-4_spec_US-CA_Kohler_fr-ca.pdf,https://www.kohler.co.in/p/artifacts-deck-mount-bath-lever-handle-trim-t98071-4?skuId=T98071-4-BV,PDF,spec sheet,asset_003172,False,False,False,False,False,False,False,True,techcomm.kohler.com
1381T-S-0,Parts,PDF,https://techcomm.kohler.com/techcomm/pdf/Service part 1262233-T8-B(1381-1382)-2018-3-21.pdf,https://www.kohler.co.in/p/veil-one-piece-elongated-toilet-with-skirted-trapway-dual-flush-1381t-s?skuId=1381T-S-0,PDF,parts,asset_003173,False,False,False,False,False,False,False,True,techcomm.kohler.com
8688T-S-0,Installation,PDF,https://techcomm.kohler.com/techcomm/pdf/k-8688T.pdf,https://www.kohler.co.in/p/san-raphael-grande-one-piece-elongated-toilet-with-skirted-trapway-4-8-lpf-8688t-s?skuId=8688T-S-0,PDF,installation,asset_003174,False,False,False,False,False,False,False,True,techcomm.kohler.com
97009T-AF,Installation,PDF,https://techcomm.kohler.com/techcomm/pdf/k-R97009T.pdf,https://www.kohler.co.in/p/rain-duet-multi-function-handshower-geo-97009t?skuId=97009T-AF,PDF,installation,asset_003175,False,False,False,False,False,False,False,True,techcomm.kohler.com
11195T-0,Installation,PDF,https://techcomm.kohler.com/techcomm/pdf/k11195t_2901t.pdf,https://www.kohler.co.in/p/cleo-1-7m-freestanding-cast-iron-bath-11195t?skuId=11195T-0,PDF,installation,asset_003176,False,False,False,False,False,False,False,True,techcomm.kohler.com
11160T-1-0,Spec Sheet,PDF,https://techcomm.kohler.com/techcomm/pdf/k_11160t.pdf,https://www.kohler.co.in/p/odeon-odeon-semi-recessed-basin-560mm-11160t-1?skuId=11160T-1-0,PDF,spec sheet,asset_003177,False,False,False,False,False,False,False,True,techcomm.kohler.com
13491T-4-RGD,Installation,PDF,https://techcomm.kohler.com/techcomm/pdf/k_13491t_4.pdf,https://www.kohler.co.in/p/kelston-dual-handle-8-203-mm-lavatory-faucet-13491t-4?skuId=13491T-4-RGD,PDF,installation,asset_003178,False,False,False,False,False,False,False,True,techcomm.kohler.com
14008T-PD-0,Spec Sheet,PDF,https://techcomm.kohler.com/techcomm/pdf/k_14008t_rgd.pdf,https://www.kohler.co.in/p/laureate-under-mount-bathroom-sink-gold-14008t-pd?skuId=14008T-PD-0,PDF,spec sheet,asset_003179,False,False,False,False,False,False,False,True,techcomm.kohler.com
72907K-1-0,Spec Sheet,PDF,https://techcomm.kohler.com/techcomm/pdf/ri-72907k.pdf,https://www.kohler.co.in/p/ladena-semi-recessed-bathroom-sink-72907k-1?skuId=72907K-1-0,PDF,spec sheet,asset_003180,False,False,False,False,False,False,False,True,techcomm.kohler.com
72759T-CP,Installation,PDF,https://techcomm.kohler.com/techcomm/pdf/ri_72777.pdf,https://www.kohler.co.in/p/artifacts-widespread-lav-faucets-bell-72759t?skuId=72759T-CP,PDF,installation,asset_003181,False,False,False,False,False,False,False,True,techcomm.kohler.com
17629T-NS-0,Installation,PDF,https://techpubs.kohlerco.com/pdf/1089093-T2_B2.pdf,https://www.kohler.co.in/p/ove-one-piece-round-front-toilet-with-skirted-trapway-dual-flush-17629t-ns?skuId=17629T-NS-0,PDF,installation,asset_003182,False,False,False,False,False,False,False,True,techpubs.kohlerco.com
3983IN-S-0,Installation,PDF,https://techpubs.kohlerco.com/pdf/1203790-T2_A1.pdf,https://www.kohler.co.in/p/reach-one-piece-round-front-toilet-with-skirted-trapway-dual-flush-3983in-s?skuId=3983IN-S-0,PDF,installation,asset_003183,False,False,False,False,False,False,False,True,techpubs.kohlerco.com
1851IN-0,Installation,PDF,https://techpubs.kohlerco.com/pdf/fct/1210990-IN01_K1.pdf,https://www.kohler.co.in/p/brive-p-trap-2-pc-bowl-only-1851in?skuId=1851IN-0,PDF,installation,asset_003184,False,False,False,False,False,False,False,True,techpubs.kohlerco.com
