# 3ds Max Wavefront OBJ Exporter v0.99 - (c)2007 guruware
# File Created: 10.11.2022 17:55:07

#
# object 25317IN
#

v  0.3348 -9.0531 0.6135
v  0.1291 -9.2288 0.6135
v  0.2078 -9.0406 0.5790
v  0.3034 -9.0973 0.5665
v  0.3984 -9.1537 0.5499
v  0.4228 -9.1724 0.5445
v  0.4416 -9.1954 0.5392
v  0.4550 -9.2232 0.5338
v  0.1764 -9.0220 0.5822
v  0.1949 -9.0329 0.5804
v  0.4615 -9.2535 0.5288
v  0.1650 -9.0174 0.5832
v  0.1532 -9.0166 0.5839
v  0.1413 -9.0194 0.5844
v  0.1310 -9.0257 0.5845
v  0.1230 -9.0347 0.5844
v  0.1182 -9.0460 0.5839
v  0.1170 -9.0577 0.5832
v  0.4589 -9.2936 0.5235
v  0.4435 -9.3323 0.5200
v  0.4170 -9.3638 0.5187
v  0.3820 -9.3854 0.5197
v  0.1194 -9.0697 0.5822
v  0.2106 -9.3113 0.5499
v  0.2632 -9.3755 0.5349
v  0.3414 -9.3950 0.5231
v  0.3013 -9.3916 0.5283
v  0.1651 -9.1908 0.5689
v  0.1280 -9.0924 0.5801
v  0.2326 -9.3489 0.5422
v  0.1949 -9.0329 0.6277
v  0.1949 -9.0329 0.6217
v  0.1985 -9.0280 0.6277
v  0.2078 -9.0406 0.6264
v  0.2098 -9.0348 0.6266
v  0.2078 -9.0406 0.6204
v  0.3034 -9.0973 0.6139
v  0.3069 -9.0924 0.6139
v  0.3034 -9.0973 0.6078
v  0.3984 -9.1537 0.5973
v  0.4045 -9.1508 0.5966
v  0.3984 -9.1537 0.5912
v  0.4228 -9.1724 0.5919
v  0.4265 -9.1676 0.5918
v  0.4228 -9.1724 0.5858
v  0.4416 -9.1954 0.5865
v  0.4435 -9.1883 0.5869
v  0.4416 -9.1954 0.5804
v  0.4550 -9.2232 0.5811
v  0.4616 -9.2258 0.5795
v  0.4550 -9.2232 0.5750
v  0.4615 -9.2535 0.5762
v  0.4672 -9.2570 0.5746
v  0.4615 -9.2535 0.5701
v  0.1764 -9.0220 0.6296
v  0.1764 -9.0220 0.6236
v  0.1783 -9.0163 0.6297
v  0.4589 -9.2936 0.5709
v  0.4636 -9.2976 0.5694
v  0.4589 -9.2936 0.5648
v  0.1650 -9.0174 0.6305
v  0.1650 -9.0174 0.6245
v  0.1683 -9.0123 0.6305
v  0.1651 -9.1908 0.6162
v  0.1651 -9.1908 0.6102
v  0.1605 -9.1956 0.6159
v  0.1280 -9.0924 0.6275
v  0.1224 -9.0947 0.6275
v  0.1280 -9.0924 0.6215
v  0.1532 -9.0166 0.6252
v  0.1532 -9.0166 0.6312
v  0.1537 -9.0112 0.6314
v  0.1413 -9.0194 0.6317
v  0.1413 -9.0194 0.6257
v  0.1371 -9.0149 0.6321
v  0.1310 -9.0257 0.6319
v  0.1310 -9.0257 0.6259
v  0.1275 -9.0208 0.6322
v  0.1230 -9.0347 0.6317
v  0.1230 -9.0347 0.6257
v  0.1193 -9.0299 0.6321
v  0.1182 -9.0460 0.6312
v  0.1182 -9.0460 0.6252
v  0.1138 -9.0411 0.6316
v  0.1170 -9.0577 0.6305
v  0.1170 -9.0577 0.6245
v  0.1115 -9.0523 0.6310
v  0.4435 -9.3323 0.5673
v  0.4475 -9.3366 0.5659
v  0.4435 -9.3323 0.5613
v  0.4170 -9.3638 0.5660
v  0.4205 -9.3685 0.5646
v  0.4170 -9.3638 0.5600
v  0.3820 -9.3854 0.5671
v  0.3851 -9.3903 0.5657
v  0.3820 -9.3854 0.5611
v  0.3414 -9.3950 0.5705
v  0.3440 -9.4004 0.5691
v  0.3414 -9.3950 0.5645
v  0.1194 -9.0697 0.6296
v  0.1194 -9.0697 0.6236
v  0.1135 -9.0705 0.6297
v  0.2106 -9.3113 0.5973
v  0.2106 -9.3113 0.5912
v  0.2071 -9.3172 0.5965
v  0.2632 -9.3755 0.5823
v  0.2632 -9.3755 0.5762
v  0.2648 -9.3826 0.5807
v  0.2326 -9.3489 0.5895
v  0.2267 -9.3506 0.5897
v  0.2326 -9.3489 0.5834
v  0.3013 -9.3916 0.5756
v  0.3035 -9.3977 0.5741
v  0.3013 -9.3916 0.5696
v  0.8716 -9.4514 0.6090
v  0.8241 -9.5165 0.6089
v  0.7740 -9.5757 0.6088
v  0.7215 -9.6288 0.6088
v  0.6674 -9.6770 0.6087
v  0.6105 -9.7206 0.6088
v  0.5504 -9.7609 0.6088
v  0.4864 -9.7976 0.6089
v  0.4190 -9.8301 0.6090
v  0.8519 -9.4382 0.5818
v  0.8059 -9.5020 0.5819
v  0.7574 -9.5605 0.5822
v  0.7066 -9.6130 0.5825
v  0.6536 -9.6602 0.5825
v  0.5977 -9.7029 0.5825
v  0.5384 -9.7416 0.5821
v  0.4754 -9.7767 0.5818
v  0.4094 -9.8083 0.5817
v  0.6193 -9.2816 0.4648
v  0.5858 -9.3283 0.4647
v  0.5506 -9.3712 0.4644
v  0.5138 -9.4098 0.4642
v  0.4751 -9.4444 0.4642
v  0.4342 -9.4754 0.4642
v  0.3907 -9.5035 0.4645
v  0.3445 -9.5287 0.4648
v  0.2962 -9.5517 0.4648
v  0.8662 -9.4478 0.6303
v  0.8193 -9.5127 0.6298
v  0.7700 -9.5720 0.6289
v  0.7182 -9.6253 0.6280
v  0.6644 -9.6733 0.6279
v  0.6076 -9.7166 0.6282
v  0.5474 -9.7562 0.6291
v  0.4835 -9.7920 0.6301
v  0.4163 -9.8241 0.6304
v  0.8660 -9.4477 0.5924
v  0.8189 -9.5124 0.5926
v  0.7692 -9.5714 0.5928
v  0.7173 -9.6243 0.5932
v  0.6635 -9.6722 0.5932
v  0.6069 -9.7155 0.5931
v  0.5470 -9.7555 0.5928
v  0.4833 -9.7916 0.5925
v  0.4163 -9.8239 0.5925
v  0.7345 -9.3591 0.5274
v  0.6947 -9.4144 0.5276
v  0.6530 -9.4649 0.5279
v  0.6092 -9.5104 0.5282
v  0.5634 -9.5512 0.5282
v  0.5152 -9.5880 0.5281
v  0.4638 -9.6213 0.5278
v  0.4094 -9.6515 0.5274
v  0.3522 -9.6788 0.5274
v  0.7391 -9.3623 0.6043
v  0.6993 -9.4179 0.6046
v  0.6574 -9.4690 0.6052
v  0.6135 -9.5149 0.6058
v  0.5675 -9.5561 0.6058
v  0.5187 -9.5930 0.6057
v  0.4669 -9.6264 0.6051
v  0.4119 -9.6566 0.6044
v  0.3545 -9.6839 0.6043
v  0.7018 -9.3372 0.5757
v  0.6640 -9.3899 0.5761
v  0.6241 -9.4385 0.5768
v  0.5823 -9.4820 0.5775
v  0.5386 -9.5211 0.5776
v  0.4923 -9.5562 0.5774
v  0.4431 -9.5881 0.5767
v  0.3909 -9.6168 0.5759
v  0.3364 -9.6428 0.5757
v  0.7782 -9.3886 0.6257
v  0.7363 -9.4471 0.6259
v  0.6922 -9.5009 0.6263
v  0.6460 -9.5492 0.6268
v  0.5976 -9.5925 0.6268
v  0.5463 -9.6314 0.6267
v  0.4918 -9.6665 0.6263
v  0.4340 -9.6982 0.6258
v  0.3735 -9.7270 0.6257
v  0.6568 -9.3061 0.5340
v  0.6211 -9.3558 0.5342
v  0.5837 -9.4014 0.5344
v  0.5446 -9.4423 0.5346
v  0.5035 -9.4789 0.5347
v  0.4602 -9.5119 0.5345
v  0.4140 -9.5417 0.5344
v  0.3651 -9.5686 0.5341
v  0.3138 -9.5931 0.5341
v  0.6079 -9.3458 0.5348
v  0.6030 -9.3427 0.5362
v  0.6427 -9.2973 0.5350
v  0.6371 -9.2951 0.5364
v  0.5715 -9.3903 0.5346
v  0.5671 -9.3865 0.5360
v  0.5333 -9.4304 0.5344
v  0.5293 -9.4261 0.5358
v  0.4932 -9.4662 0.5343
v  0.4897 -9.4615 0.5358
v  0.4507 -9.4984 0.5344
v  0.4477 -9.4934 0.5358
v  0.3076 -9.5775 0.5350
v  0.3063 -9.5717 0.5364
v  0.3577 -9.5537 0.5349
v  0.3557 -9.5481 0.5363
v  0.4055 -9.5275 0.5346
v  0.4030 -9.5222 0.5361
v  0.6688 -9.3149 0.5417
v  0.6726 -9.3174 0.5456
v  0.6325 -9.3652 0.5421
v  0.6361 -9.3680 0.5460
v  0.5943 -9.4112 0.5428
v  0.5977 -9.4143 0.5467
v  0.5545 -9.4527 0.5432
v  0.5576 -9.4560 0.5471
v  0.5127 -9.4898 0.5435
v  0.5156 -9.4934 0.5473
v  0.4687 -9.5234 0.5431
v  0.4714 -9.5272 0.5470
v  0.3203 -9.6064 0.5417
v  0.3221 -9.6105 0.5456
v  0.4219 -9.5539 0.5426
v  0.4244 -9.5578 0.5465
v  0.3723 -9.5815 0.5419
v  0.3744 -9.5855 0.5458
v  0.7031 -9.2616 0.5428
v  0.8192 -9.4162 0.6404
v  0.8145 -9.4130 0.6387
v  0.7750 -9.4777 0.6405
v  0.7705 -9.4742 0.6388
v  0.7286 -9.5342 0.6408
v  0.7244 -9.5303 0.6391
v  0.6800 -9.5850 0.6410
v  0.6760 -9.5808 0.6394
v  0.6290 -9.6305 0.6411
v  0.6253 -9.6261 0.6394
v  0.5751 -9.6714 0.6410
v  0.5718 -9.6668 0.6393
v  0.3934 -9.7723 0.6403
v  0.3911 -9.7670 0.6386
v  0.5178 -9.7085 0.6407
v  0.5148 -9.7036 0.6390
v  0.4571 -9.7419 0.6404
v  0.4544 -9.7368 0.6387
v  0.8010 -9.4982 0.6415
v  0.7963 -9.4945 0.6413
v  0.8465 -9.4345 0.6415
v  0.8415 -9.4312 0.6413
v  0.7532 -9.5567 0.6415
v  0.7488 -9.5527 0.6413
v  0.7031 -9.6093 0.6414
v  0.6989 -9.6050 0.6413
v  0.6504 -9.6564 0.6414
v  0.6466 -9.6518 0.6413
v  0.5947 -9.6987 0.6414
v  0.5912 -9.6938 0.6413
v  0.4067 -9.8023 0.6415
v  0.4043 -9.7969 0.6413
v  0.4725 -9.7711 0.6415
v  0.4697 -9.7657 0.6413
v  0.5354 -9.7367 0.6415
v  0.5322 -9.7316 0.6413
v  0.0488 -8.9689 0.6373
v  0.0488 -8.9689 0.6313
v  0.0528 -8.9735 0.6369
v  0.0886 -8.9358 0.6370
v  0.0886 -8.9358 0.6310
v  0.0924 -8.9405 0.6367
v  0.0766 -8.9489 0.6372
v  0.0806 -8.9533 0.6369
v  0.0766 -8.9489 0.6312
v  0.0635 -8.9597 0.6372
v  0.0672 -8.9644 0.6369
v  0.0635 -8.9597 0.6312
v  0.0886 -8.9358 0.5904
v  0.0886 -8.9358 0.5964
v  0.0839 -8.9321 0.5904
v  0.0488 -8.9689 0.5906
v  0.0460 -8.9636 0.5906
v  0.0488 -8.9689 0.5966
v  0.0766 -8.9489 0.5906
v  0.0766 -8.9489 0.5966
v  0.0724 -8.9445 0.5906
v  0.0635 -8.9597 0.5906
v  0.0635 -8.9597 0.5966
v  0.0600 -8.9548 0.5906
v  -0.1415 -9.2312 0.6135
v  0.0398 -9.1376 0.5790
v  0.0765 -9.2425 0.5665
v  0.1131 -9.3468 0.5499
v  0.1198 -9.3767 0.5445
v  0.1193 -9.4065 0.5392
v  0.1118 -9.4364 0.5338
v  0.0277 -9.1031 0.5822
v  0.0349 -9.1234 0.5804
v  0.0973 -9.4637 0.5288
v  0.0219 -9.0924 0.5832
v  0.0134 -9.0841 0.5839
v  0.0024 -9.0786 0.5844
v  -0.0095 -9.0768 0.5845
v  -0.0214 -9.0786 0.5844
v  -0.0323 -9.0841 0.5839
v  -0.0408 -9.0924 0.5832
v  0.0695 -9.4929 0.5235
v  0.0328 -9.5126 0.5200
v  -0.0078 -9.5197 0.5187
v  -0.0484 -9.5137 0.5197
v  -0.0466 -9.1031 0.5822
v  -0.1321 -9.3468 0.5499
v  -0.1331 -9.4298 0.5349
v  -0.0857 -9.4950 0.5231
v  -0.1142 -9.4666 0.5283
v  -0.0895 -9.2253 0.5689
v  -0.0547 -9.1260 0.5801
v  -0.1394 -9.3898 0.5422
v  0.0349 -9.1234 0.6277
v  0.0349 -9.1234 0.6217
v  0.0407 -9.1220 0.6277
v  0.0398 -9.1376 0.6264
v  0.0450 -9.1345 0.6266
v  0.0398 -9.1376 0.6204
v  0.0765 -9.2425 0.6139
v  0.0824 -9.2410 0.6139
v  0.0765 -9.2425 0.6078
v  0.1131 -9.3468 0.5973
v  0.1196 -9.3485 0.5966
v  0.1131 -9.3468 0.5912
v  0.1198 -9.3767 0.5919
v  0.1256 -9.3755 0.5918
v  0.1198 -9.3767 0.5858
v  0.1193 -9.4065 0.5865
v  0.1254 -9.4022 0.5869
v  0.1193 -9.4065 0.5804
v  0.1118 -9.4364 0.5811
v  0.1152 -9.4426 0.5795
v  0.1118 -9.4364 0.5750
v  0.0973 -9.4637 0.5762
v  0.0993 -9.4701 0.5746
v  0.0973 -9.4637 0.5701
v  0.0277 -9.1031 0.6296
v  0.0277 -9.1031 0.6236
v  0.0328 -9.1000 0.6297
v  0.0695 -9.4929 0.5709
v  0.0705 -9.4990 0.5694
v  0.0695 -9.4929 0.5648
v  0.0219 -9.0924 0.6305
v  0.0219 -9.0924 0.6245
v  0.0277 -9.0905 0.6305
v  -0.0895 -9.2253 0.6162
v  -0.0895 -9.2253 0.6102
v  -0.0961 -9.2260 0.6159
v  -0.0547 -9.1260 0.6275
v  -0.0604 -9.1242 0.6275
v  -0.0547 -9.1260 0.6215
v  0.0134 -9.0841 0.6252
v  0.0134 -9.0841 0.6312
v  0.0172 -9.0803 0.6314
v  0.0024 -9.0786 0.6317
v  0.0024 -9.0786 0.6257
v  0.0021 -9.0725 0.6321
v  -0.0095 -9.0768 0.6319
v  -0.0095 -9.0768 0.6259
v  -0.0090 -9.0708 0.6322
v  -0.0214 -9.0786 0.6317
v  -0.0214 -9.0786 0.6257
v  -0.0212 -9.0725 0.6321
v  -0.0323 -9.0841 0.6312
v  -0.0323 -9.0841 0.6252
v  -0.0326 -9.0775 0.6316
v  -0.0408 -9.0924 0.6305
v  -0.0408 -9.0924 0.6245
v  -0.0415 -9.0847 0.6310
v  0.0328 -9.5126 0.5673
v  0.0331 -9.5185 0.5659
v  0.0328 -9.5126 0.5613
v  -0.0078 -9.5197 0.5660
v  -0.0081 -9.5255 0.5646
v  -0.0078 -9.5197 0.5600
v  -0.0484 -9.5137 0.5671
v  -0.0492 -9.5195 0.5657
v  -0.0484 -9.5137 0.5611
v  -0.0857 -9.4950 0.5705
v  -0.0871 -9.5008 0.5691
v  -0.0857 -9.4950 0.5645
v  -0.0466 -9.1031 0.6296
v  -0.0466 -9.1031 0.6236
v  -0.0517 -9.0999 0.6297
v  -0.1321 -9.3468 0.5973
v  -0.1321 -9.3468 0.5912
v  -0.1386 -9.3491 0.5965
v  -0.1331 -9.4298 0.5823
v  -0.1331 -9.4298 0.5762
v  -0.1364 -9.4362 0.5807
v  -0.1394 -9.3898 0.5895
v  -0.1451 -9.3872 0.5897
v  -0.1394 -9.3898 0.5834
v  -0.1142 -9.4666 0.5756
v  -0.1165 -9.4726 0.5741
v  -0.1142 -9.4666 0.5696
v  0.0849 -9.1108 0.6277
v  0.0720 -9.0763 0.6301
v  0.2842 -9.8790 0.6090
v  0.2060 -9.8983 0.6089
v  0.1295 -9.9115 0.6088
v  0.0552 -9.9184 0.6088
v  -0.0172 -9.9206 0.6087
v  -0.0888 -9.9174 0.6088
v  -0.1608 -9.9096 0.6088
v  -0.2334 -9.8966 0.6089
v  -0.3059 -9.8781 0.6090
v  0.3623 -9.8533 0.6087
v  0.2776 -9.8562 0.5818
v  0.2013 -9.8755 0.5819
v  0.1266 -9.8892 0.5822
v  0.0539 -9.8967 0.5825
v  -0.0170 -9.8988 0.5825
v  -0.0872 -9.8956 0.5825
v  -0.1576 -9.8871 0.5821
v  -0.2284 -9.8735 0.5818
v  -0.2993 -9.8553 0.5817
v  0.3545 -9.8322 0.5822
v  0.2001 -9.5867 0.4648
v  0.1444 -9.6010 0.4647
v  0.0899 -9.6113 0.4644
v  0.0368 -9.6172 0.4642
v  -0.0150 -9.6188 0.4642
v  -0.0663 -9.6163 0.4642
v  -0.1177 -9.6097 0.4645
v  -0.1693 -9.5994 0.4648
v  -0.2210 -9.5860 0.4648
v  0.2564 -9.5698 0.4644
v  0.2824 -9.8728 0.6303
v  0.2048 -9.8923 0.6298
v  0.1288 -9.9061 0.6289
v  0.0549 -9.9136 0.6280
v  -0.0172 -9.9158 0.6279
v  -0.0885 -9.9125 0.6282
v  -0.1601 -9.9041 0.6291
v  -0.2320 -9.8904 0.6301
v  -0.3041 -9.8719 0.6304
v  0.3604 -9.8483 0.6288
v  0.2823 -9.8725 0.5924
v  0.2047 -9.8918 0.5926
v  0.1287 -9.9051 0.5928
v  0.0548 -9.9122 0.5932
v  -0.0171 -9.9144 0.5932
v  -0.0884 -9.9112 0.5931
v  -0.1599 -9.9032 0.5928
v  -0.2320 -9.8900 0.5925
v  -0.3040 -9.8717 0.5925
v  0.3601 -9.8473 0.5929
v  0.2385 -9.7202 0.5274
v  0.1725 -9.7369 0.5276
v  0.1080 -9.7488 0.5279
v  0.0452 -9.7555 0.5282
v  -0.0160 -9.7573 0.5282
v  -0.0766 -9.7545 0.5281
v  -0.1374 -9.7470 0.5278
v  -0.1985 -9.7352 0.5274
v  -0.2598 -9.7194 0.5274
v  0.3049 -9.6997 0.5279
v  0.2400 -9.7256 0.6043
v  0.1737 -9.7425 0.6046
v  0.1088 -9.7548 0.6052
v  0.0457 -9.7617 0.6058
v  -0.0161 -9.7637 0.6058
v  -0.0771 -9.7607 0.6057
v  -0.1383 -9.7529 0.6051
v  -0.1998 -9.7407 0.6044
v  -0.2613 -9.7247 0.6043
v  0.3071 -9.7053 0.6052
v  0.2275 -9.6824 0.5757
v  0.1647 -9.6984 0.5761
v  0.1029 -9.7100 0.5768
v  0.0429 -9.7165 0.5775
v  -0.0157 -9.7184 0.5776
v  -0.0737 -9.7155 0.5774
v  -0.1319 -9.7083 0.5767
v  -0.1903 -9.6967 0.5759
v  -0.2488 -9.6815 0.5757
v  0.2912 -9.6630 0.5769
v  0.2531 -9.7709 0.6257
v  0.1833 -9.7887 0.6259
v  0.1150 -9.8016 0.6263
v  0.0485 -9.8089 0.6268
v  -0.0164 -9.8109 0.6268
v  -0.0806 -9.8078 0.6267
v  -0.1450 -9.7997 0.6263
v  -0.2097 -9.7868 0.6258
v  -0.2745 -9.7700 0.6257
v  0.3236 -9.7496 0.6264
v  0.2130 -9.6296 0.5340
v  0.1537 -9.6448 0.5342
v  0.0958 -9.6557 0.5344
v  0.0395 -9.6618 0.5346
v  -0.0155 -9.6635 0.5347
v  -0.0698 -9.6609 0.5345
v  -0.1243 -9.6540 0.5344
v  -0.1792 -9.6432 0.5341
v  -0.2341 -9.6290 0.5341
v  0.2720 -9.6117 0.5344
v  0.1501 -9.6286 0.5348
v  0.1483 -9.6230 0.5362
v  0.2079 -9.6138 0.5350
v  0.2050 -9.6085 0.5364
v  0.0936 -9.6393 0.5346
v  0.0926 -9.6335 0.5360
v  0.0386 -9.6454 0.5344
v  0.0383 -9.6396 0.5358
v  -0.0152 -9.6471 0.5343
v  -0.0149 -9.6412 0.5358
v  -0.0684 -9.6445 0.5344
v  -0.0675 -9.6387 0.5358
v  -0.2289 -9.6131 0.5350
v  -0.2262 -9.6078 0.5364
v  -0.1752 -9.6270 0.5349
v  -0.1731 -9.6215 0.5363
v  -0.1217 -9.6377 0.5346
v  -0.1203 -9.6320 0.5361
v  0.2166 -9.6440 0.5417
v  0.2178 -9.6484 0.5456
v  0.1565 -9.6593 0.5421
v  0.1574 -9.6637 0.5460
v  0.0976 -9.6700 0.5428
v  0.0982 -9.6746 0.5467
v  0.0404 -9.6761 0.5432
v  0.0407 -9.6807 0.5471
v  -0.0154 -9.6777 0.5435
v  -0.0155 -9.6823 0.5473
v  -0.0707 -9.6752 0.5431
v  -0.0710 -9.6798 0.5470
v  -0.2377 -9.6433 0.5417
v  -0.2390 -9.6477 0.5456
v  -0.1261 -9.6685 0.5426
v  -0.1268 -9.6730 0.5465
v  -0.1819 -9.6577 0.5419
v  -0.1828 -9.6622 0.5458
v  0.2771 -9.6253 0.5428
v  0.2787 -9.6296 0.5466
v  0.2667 -9.8183 0.6404
v  0.2651 -9.8128 0.6387
v  0.1933 -9.8371 0.6405
v  0.1921 -9.8315 0.6388
v  0.1214 -9.8505 0.6408
v  0.1207 -9.8448 0.6391
v  0.0515 -9.8582 0.6410
v  0.0512 -9.8524 0.6394
v  -0.0167 -9.8603 0.6411
v  -0.0167 -9.8545 0.6394
v  -0.0843 -9.8570 0.6410
v  -0.0839 -9.8512 0.6393
v  -0.2883 -9.8174 0.6403
v  -0.2867 -9.8119 0.6386
v  -0.1520 -9.8485 0.6407
v  -0.1512 -9.8428 0.6390
v  -0.2201 -9.8351 0.6404
v  -0.2189 -9.8295 0.6387
v  0.3408 -9.7958 0.6408
v  0.3388 -9.7904 0.6391
v  0.2000 -9.8694 0.6415
v  0.1988 -9.8636 0.6413
v  0.2758 -9.8500 0.6415
v  0.2742 -9.8442 0.6413
v  0.1258 -9.8836 0.6415
v  0.1250 -9.8776 0.6413
v  0.0536 -9.8916 0.6414
v  0.0532 -9.8856 0.6413
v  -0.0170 -9.8938 0.6414
v  -0.0169 -9.8878 0.6413
v  -0.0868 -9.8904 0.6414
v  -0.0864 -9.8844 0.6413
v  -0.2975 -9.8490 0.6415
v  -0.2958 -9.8432 0.6413
v  -0.2270 -9.8673 0.6415
v  -0.2258 -9.8614 0.6413
v  -0.1568 -9.8814 0.6415
v  -0.1559 -9.8755 0.6413
v  0.3525 -9.8271 0.6415
v  0.3504 -9.8215 0.6413
v  -0.0360 -8.9805 0.6373
v  -0.0360 -8.9805 0.6313
v  -0.0358 -8.9866 0.6369
v  0.0158 -8.9807 0.6370
v  0.0158 -8.9807 0.6310
v  0.0157 -8.9868 0.6367
v  -0.0018 -8.9830 0.6372
v  -0.0015 -8.9890 0.6369
v  -0.0018 -8.9830 0.6312
v  -0.0188 -8.9829 0.6372
v  -0.0190 -8.9889 0.6369
v  -0.0188 -8.9829 0.6312
v  0.0343 -8.9754 0.5906
v  0.0322 -8.9697 0.5906
v  0.0343 -8.9754 0.5966
v  0.0158 -8.9807 0.5904
v  0.0158 -8.9807 0.5964
v  0.0146 -8.9748 0.5904
v  -0.0360 -8.9805 0.5906
v  -0.0347 -8.9746 0.5906
v  -0.0360 -8.9805 0.5966
v  -0.0018 -8.9830 0.5906
v  -0.0018 -8.9830 0.5966
v  -0.0022 -8.9770 0.5906
v  -0.0188 -8.9829 0.5906
v  -0.0188 -8.9829 0.5966
v  -0.0183 -8.9769 0.5906
v  0.1796 -9.3641 0.5907
v  0.2663 -9.5963 0.5345
v  0.2642 -9.5908 0.5359
v  0.0343 -8.9754 0.6372
v  0.0364 -8.9810 0.6368
v  0.0343 -8.9754 0.6312
v  -0.7151 -9.2737 0.5428
v  -0.1172 -8.9217 0.6312
v  -0.3503 -9.0591 0.6135
v  -0.1513 -9.1039 0.5790
v  -0.1905 -9.2079 0.5665
v  -0.2296 -9.3113 0.5499
v  -0.2437 -9.3385 0.5445
v  -0.2632 -9.3610 0.5392
v  -0.2882 -9.3791 0.5338
v  -0.1384 -9.0697 0.5822
v  -0.1459 -9.0899 0.5804
v  -0.3169 -9.3907 0.5288
v  -0.1359 -9.0577 0.5832
v  -0.1371 -9.0460 0.5839
v  -0.1420 -9.0347 0.5844
v  -0.1499 -9.0257 0.5845
v  -0.1602 -9.0194 0.5844
v  -0.1722 -9.0166 0.5839
v  -0.1840 -9.0174 0.5832
v  -0.3569 -9.3952 0.5235
v  -0.3977 -9.3867 0.5200
v  -0.4333 -9.3660 0.5187
v  -0.4606 -9.3354 0.5197
v  -0.1953 -9.0220 0.5822
v  -0.4174 -9.1537 0.5499
v  -0.4715 -9.2166 0.5349
v  -0.4771 -9.2970 0.5231
v  -0.4807 -9.2570 0.5283
v  -0.3067 -9.0880 0.5689
v  -0.2162 -9.0343 0.5801
v  -0.4507 -9.1819 0.5422
v  -0.1459 -9.0899 0.6277
v  -0.1459 -9.0899 0.6217
v  -0.1405 -9.0925 0.6277
v  -0.1513 -9.1039 0.6264
v  -0.1453 -9.1049 0.6266
v  -0.1513 -9.1039 0.6204
v  -0.1905 -9.2079 0.6139
v  -0.1851 -9.2105 0.6139
v  -0.1905 -9.2079 0.6078
v  -0.2296 -9.3113 0.5973
v  -0.2257 -9.3168 0.5966
v  -0.2296 -9.3113 0.5912
v  -0.2437 -9.3385 0.5919
v  -0.2385 -9.3413 0.5918
v  -0.2437 -9.3385 0.5858
v  -0.2632 -9.3610 0.5865
v  -0.2558 -9.3617 0.5869
v  -0.2632 -9.3610 0.5804
v  -0.2882 -9.3791 0.5811
v  -0.2896 -9.3860 0.5795
v  -0.2882 -9.3791 0.5750
v  -0.3169 -9.3907 0.5762
v  -0.3194 -9.3969 0.5746
v  -0.3169 -9.3907 0.5701
v  -0.1384 -9.0697 0.6296
v  -0.1384 -9.0697 0.6236
v  -0.1325 -9.0706 0.6297
v  -0.3569 -9.3952 0.5709
v  -0.3600 -9.4005 0.5694
v  -0.3569 -9.3952 0.5648
v  -0.1359 -9.0577 0.6305
v  -0.1359 -9.0577 0.6245
v  -0.1303 -9.0601 0.6305
v  -0.3067 -9.0880 0.6162
v  -0.3067 -9.0880 0.6102
v  -0.3122 -9.0843 0.6159
v  -0.2162 -9.0343 0.6275
v  -0.2194 -9.0293 0.6275
v  -0.2162 -9.0343 0.6215
v  -0.1371 -9.0460 0.6252
v  -0.1371 -9.0460 0.6312
v  -0.1317 -9.0455 0.6314
v  -0.1420 -9.0347 0.6317
v  -0.1420 -9.0347 0.6257
v  -0.1383 -9.0299 0.6321
v  -0.1499 -9.0257 0.6319
v  -0.1499 -9.0257 0.6259
v  -0.1457 -9.0214 0.6322
v  -0.1602 -9.0194 0.6317
v  -0.1602 -9.0194 0.6257
v  -0.1562 -9.0149 0.6321
v  -0.1722 -9.0166 0.6312
v  -0.1722 -9.0166 0.6252
v  -0.1681 -9.0114 0.6316
v  -0.1840 -9.0174 0.6305
v  -0.1840 -9.0174 0.6245
v  -0.1796 -9.0111 0.6310
v  -0.3977 -9.3867 0.5673
v  -0.4012 -9.3914 0.5659
v  -0.3977 -9.3867 0.5613
v  -0.4333 -9.3660 0.5660
v  -0.4373 -9.3703 0.5646
v  -0.4333 -9.3660 0.5600
v  -0.4606 -9.3354 0.5671
v  -0.4650 -9.3392 0.5657
v  -0.4606 -9.3354 0.5611
v  -0.4771 -9.2970 0.5705
v  -0.4820 -9.3006 0.5691
v  -0.4771 -9.2970 0.5645
v  -0.1953 -9.0220 0.6296
v  -0.1953 -9.0220 0.6236
v  -0.1972 -9.0162 0.6297
v  -0.4174 -9.1537 0.5973
v  -0.4174 -9.1537 0.5912
v  -0.4239 -9.1513 0.5965
v  -0.4715 -9.2166 0.5823
v  -0.4715 -9.2166 0.5762
v  -0.4782 -9.2194 0.5807
v  -0.4507 -9.1819 0.5895
v  -0.4534 -9.1763 0.5897
v  -0.4507 -9.1819 0.5834
v  -0.4807 -9.2570 0.5756
v  -0.4864 -9.2601 0.5741
v  -0.4807 -9.2570 0.5696
v  -0.0995 -9.1124 0.6277
v  -0.0872 -9.0776 0.6301
v  -0.4406 -9.8290 0.6090
v  -0.5129 -9.7935 0.6089
v  -0.5800 -9.7544 0.6088
v  -0.6414 -9.7119 0.6088
v  -0.6982 -9.6671 0.6087
v  -0.7511 -9.6186 0.6088
v  -0.8012 -9.5663 0.6088
v  -0.8484 -9.5098 0.6089
v  -0.8921 -9.4490 0.6090
v  -0.3643 -9.8595 0.6087
v  -0.4310 -9.8073 0.5818
v  -0.5019 -9.7730 0.5819
v  -0.5679 -9.7355 0.5822
v  -0.6284 -9.6945 0.5825
v  -0.6841 -9.6506 0.5825
v  -0.7358 -9.6029 0.5825
v  -0.7843 -9.5512 0.5821
v  -0.8298 -9.4953 0.5818
v  -0.8724 -9.4358 0.5817
v  -0.3567 -9.8383 0.5822
v  -0.3172 -9.5510 0.4648
v  -0.3690 -9.5261 0.4647
v  -0.4174 -9.4990 0.4644
v  -0.4618 -9.4694 0.4642
v  -0.5025 -9.4373 0.4642
v  -0.5402 -9.4024 0.4642
v  -0.5754 -9.3644 0.4645
v  -0.6083 -9.3233 0.4648
v  -0.6393 -9.2797 0.4648
v  -0.2632 -9.5742 0.4644
v  -0.4380 -9.8230 0.6303
v  -0.5100 -9.7881 0.6298
v  -0.5771 -9.7498 0.6289
v  -0.6385 -9.7081 0.6280
v  -0.6952 -9.6635 0.6279
v  -0.7477 -9.6150 0.6282
v  -0.7971 -9.5626 0.6291
v  -0.8434 -9.5059 0.6301
v  -0.8867 -9.4453 0.6304
v  -0.3625 -9.8545 0.6288
v  -0.4379 -9.8228 0.5924
v  -0.5098 -9.7877 0.5926
v  -0.5765 -9.7489 0.5928
v  -0.6377 -9.7070 0.5932
v  -0.6942 -9.6624 0.5932
v  -0.7467 -9.6141 0.5931
v  -0.7964 -9.5621 0.5928
v  -0.8431 -9.5056 0.5925
v  -0.8865 -9.4452 0.5925
v  -0.3621 -9.8535 0.5929
v  -0.3735 -9.6779 0.5274
v  -0.4348 -9.6484 0.5276
v  -0.4919 -9.6160 0.5279
v  -0.5443 -9.5808 0.5282
v  -0.5924 -9.5428 0.5282
v  -0.6370 -9.5017 0.5281
v  -0.6788 -9.4569 0.5278
v  -0.7180 -9.4085 0.5274
v  -0.7548 -9.3570 0.5274
v  -0.3095 -9.7049 0.5279
v  -0.3758 -9.6830 0.6043
v  -0.4375 -9.6534 0.6046
v  -0.4951 -9.6211 0.6052
v  -0.5480 -9.5858 0.6058
v  -0.5965 -9.5476 0.6058
v  -0.6413 -9.5061 0.6057
v  -0.6833 -9.4608 0.6051
v  -0.7225 -9.4119 0.6044
v  -0.7594 -9.3601 0.6043
v  -0.3115 -9.7106 0.6052
v  -0.3576 -9.6419 0.5757
v  -0.4161 -9.6138 0.5761
v  -0.4709 -9.5830 0.5768
v  -0.5210 -9.5494 0.5775
v  -0.5671 -9.5131 0.5776
v  -0.6097 -9.4736 0.5774
v  -0.6496 -9.4307 0.5767
v  -0.6869 -9.3843 0.5759
v  -0.7220 -9.3351 0.5757
v  -0.2964 -9.6680 0.5769
v  -0.3950 -9.7261 0.6257
v  -0.4599 -9.6949 0.6259
v  -0.5205 -9.6609 0.6263
v  -0.5761 -9.6238 0.6268
v  -0.6271 -9.5836 0.6268
v  -0.6743 -9.5399 0.6267
v  -0.7184 -9.4923 0.6263
v  -0.7597 -9.4409 0.6258
v  -0.7985 -9.3863 0.6257
v  -0.3273 -9.7551 0.6264
v  -0.3348 -9.5922 0.5340
v  -0.3900 -9.5657 0.5342
v  -0.4414 -9.5368 0.5344
v  -0.4885 -9.5053 0.5346
v  -0.5316 -9.4713 0.5347
v  -0.5716 -9.4343 0.5345
v  -0.6090 -9.3940 0.5344
v  -0.6440 -9.3505 0.5341
v  -0.6770 -9.3043 0.5341
v  -0.2781 -9.6164 0.5344
v  -0.3824 -9.5510 0.5348
v  -0.3802 -9.5455 0.5362
v  -0.3286 -9.5768 0.5350
v  -0.3274 -9.5709 0.5364
v  -0.4326 -9.5228 0.5346
v  -0.4296 -9.5178 0.5360
v  -0.4786 -9.4921 0.5344
v  -0.4751 -9.4875 0.5358
v  -0.5209 -9.4589 0.5343
v  -0.5169 -9.4546 0.5358
v  -0.5600 -9.4226 0.5344
v  -0.5556 -9.4188 0.5358
v  -0.6628 -9.2954 0.5350
v  -0.6572 -9.2931 0.5364
v  -0.6306 -9.3406 0.5349
v  -0.6254 -9.3377 0.5363
v  -0.5965 -9.3832 0.5346
v  -0.5917 -9.3798 0.5361
v  -0.3414 -9.6055 0.5417
v  -0.3433 -9.6097 0.5456
v  -0.3972 -9.5785 0.5421
v  -0.3994 -9.5826 0.5460
v  -0.4492 -9.5489 0.5428
v  -0.4517 -9.5528 0.5467
v  -0.4970 -9.5169 0.5432
v  -0.4997 -9.5205 0.5471
v  -0.5408 -9.4822 0.5435
v  -0.5438 -9.4857 0.5473
v  -0.5815 -9.4447 0.5431
v  -0.5847 -9.4480 0.5470
v  -0.6890 -9.3129 0.5417
v  -0.6928 -9.3155 0.5456
v  -0.6196 -9.4039 0.5426
v  -0.6230 -9.4070 0.5465
v  -0.6554 -9.3599 0.5419
v  -0.6590 -9.3627 0.5458
v  -0.2830 -9.6301 0.5428
v  -0.2845 -9.6344 0.5466
v  -0.4150 -9.7713 0.6404
v  -0.4127 -9.7660 0.6387
v  -0.4833 -9.7384 0.6405
v  -0.4806 -9.7334 0.6388
v  -0.5470 -9.7025 0.6408
v  -0.5439 -9.6977 0.6391
v  -0.6055 -9.6635 0.6410
v  -0.6020 -9.6588 0.6394
v  -0.6591 -9.6212 0.6411
v  -0.6554 -9.6168 0.6394
v  -0.7088 -9.5752 0.6410
v  -0.7048 -9.5711 0.6393
v  -0.8396 -9.4138 0.6403
v  -0.8349 -9.4106 0.6386
v  -0.7552 -9.5252 0.6407
v  -0.7509 -9.5214 0.6390
v  -0.7987 -9.4712 0.6404
v  -0.7941 -9.4677 0.6387
v  -0.3438 -9.8017 0.6408
v  -0.3418 -9.7962 0.6391
v  -0.4990 -9.7675 0.6415
v  -0.4961 -9.7622 0.6413
v  -0.4284 -9.8013 0.6415
v  -0.4259 -9.7959 0.6413
v  -0.5649 -9.7307 0.6415
v  -0.5617 -9.7256 0.6413
v  -0.6254 -9.6904 0.6414
v  -0.6218 -9.6856 0.6413
v  -0.6809 -9.6467 0.6414
v  -0.6770 -9.6422 0.6413
v  -0.7322 -9.5992 0.6414
v  -0.7280 -9.5949 0.6413
v  -0.8669 -9.4321 0.6415
v  -0.8620 -9.4287 0.6413
v  -0.8247 -9.4914 0.6415
v  -0.8200 -9.4877 0.6413
v  -0.7800 -9.5474 0.6415
v  -0.7755 -9.5434 0.6413
v  -0.3549 -9.8331 0.6415
v  -0.3529 -9.8274 0.6413
v  -0.1084 -8.9349 0.6373
v  -0.1084 -8.9349 0.6313
v  -0.1121 -8.9396 0.6369
v  -0.1172 -8.9217 0.6372
v  -0.1224 -8.9247 0.6368
v  -0.0688 -8.9683 0.6370
v  -0.0688 -8.9683 0.6310
v  -0.0728 -8.9729 0.6367
v  -0.0838 -8.9587 0.6372
v  -0.0874 -8.9635 0.6369
v  -0.0838 -8.9587 0.6312
v  -0.0967 -8.9477 0.6372
v  -0.1007 -8.9522 0.6369
v  -0.0967 -8.9477 0.6312
v  -0.0512 -8.9761 0.5906
v  -0.0492 -8.9704 0.5906
v  -0.0512 -8.9761 0.5966
v  -0.0688 -8.9683 0.5904
v  -0.0688 -8.9683 0.5964
v  -0.0660 -8.9630 0.5904
v  -0.1084 -8.9349 0.5906
v  -0.1036 -8.9312 0.5906
v  -0.1084 -8.9349 0.5966
v  -0.0838 -8.9587 0.5906
v  -0.0838 -8.9587 0.5966
v  -0.0802 -8.9539 0.5906
v  -0.0967 -8.9477 0.5906
v  -0.0967 -8.9477 0.5966
v  -0.0925 -8.9434 0.5906
v  -0.1897 -9.3673 0.5907
v  -0.2726 -9.6009 0.5345
v  -0.2707 -9.5953 0.5359
v  -0.0512 -8.9761 0.6372
v  -0.0533 -8.9817 0.6368
v  -0.0512 -8.9761 0.6312
v  -1.0571 -8.6827 0.6087
v  -1.0349 -8.6865 0.5822
v  -1.0508 -8.6838 0.5929
v  -0.8954 -8.7099 0.5279
v  -0.9013 -8.7089 0.6052
v  -0.8568 -8.7163 0.5769
v  -0.9479 -8.7011 0.6264
v  -0.8028 -8.7253 0.5344
v  -0.7865 -8.7281 0.5345
v  -0.7807 -8.7291 0.5359
v  -0.8170 -8.7230 0.5428
v  -0.9966 -8.6929 0.6408
v  -0.9909 -8.6938 0.6391
v  -1.0236 -8.6884 0.6413
v  -0.1328 -8.8376 0.6312
v  -0.1328 -8.8376 0.5906
v  -0.1268 -8.8386 0.5906
v  -0.3997 -8.7930 0.6135
v  -0.2753 -8.8137 0.6277
v  -0.5421 -8.7692 0.5907
v  -0.2390 -8.8198 0.6301
v  -0.2761 -8.9553 0.5790
v  -0.3729 -9.0097 0.5665
v  -0.4693 -9.0638 0.5499
v  -0.4976 -9.0756 0.5445
v  -0.5270 -9.0803 0.5392
v  -0.5577 -9.0781 0.5338
v  -0.2442 -8.9374 0.5822
v  -0.2629 -8.9480 0.5804
v  -0.5872 -9.0685 0.5288
v  -0.2346 -8.9298 0.5832
v  -0.2279 -8.9200 0.5839
v  -0.2244 -8.9082 0.5844
v  -0.2247 -8.8962 0.5845
v  -0.2286 -8.8848 0.5844
v  -0.2359 -8.8750 0.5839
v  -0.2455 -8.8680 0.5832
v  -0.6207 -9.0463 0.5235
v  -0.6465 -9.0136 0.5200
v  -0.6605 -8.9748 0.5187
v  -0.6617 -8.9338 0.5197
v  -0.2571 -8.8642 0.5822
v  -0.5119 -8.8224 0.5499
v  -0.5938 -8.8358 0.5349
v  -0.6497 -8.8938 0.5231
v  -0.6268 -8.8608 0.5283
v  -0.3848 -8.8432 0.5689
v  -0.2810 -8.8603 0.5801
v  -0.5555 -8.8226 0.5422
v  -0.2629 -8.9480 0.6277
v  -0.2629 -8.9480 0.6217
v  -0.2604 -8.9535 0.6277
v  -0.2761 -8.9553 0.6264
v  -0.2721 -8.9599 0.6266
v  -0.2761 -8.9553 0.6204
v  -0.3729 -9.0097 0.6139
v  -0.3705 -9.0152 0.6139
v  -0.3729 -9.0097 0.6078
v  -0.4693 -9.0638 0.5973
v  -0.4698 -9.0706 0.5966
v  -0.4693 -9.0638 0.5912
v  -0.4976 -9.0756 0.5919
v  -0.4954 -9.0812 0.5918
v  -0.4976 -9.0756 0.5858
v  -0.5270 -9.0803 0.5865
v  -0.5218 -9.0855 0.5869
v  -0.5270 -9.0803 0.5804
v  -0.5577 -9.0781 0.5811
v  -0.5633 -9.0825 0.5795
v  -0.5577 -9.0781 0.5750
v  -0.5872 -9.0685 0.5762
v  -0.5932 -9.0717 0.5746
v  -0.5872 -9.0685 0.5701
v  -0.2442 -8.9374 0.6296
v  -0.2442 -8.9374 0.6236
v  -0.2402 -8.9419 0.6297
v  -0.6207 -9.0463 0.5709
v  -0.6266 -9.0483 0.5694
v  -0.6207 -9.0463 0.5648
v  -0.2346 -8.9298 0.6305
v  -0.2346 -8.9298 0.6245
v  -0.2317 -8.9352 0.6305
v  -0.3848 -8.8432 0.6162
v  -0.3848 -8.8432 0.6102
v  -0.3866 -8.8368 0.6159
v  -0.2810 -8.8603 0.6275
v  -0.2802 -8.8543 0.6275
v  -0.2810 -8.8603 0.6215
v  -0.2279 -8.9200 0.6252
v  -0.2279 -8.9200 0.6312
v  -0.2235 -8.9231 0.6314
v  -0.2244 -8.9082 0.6317
v  -0.2244 -8.9082 0.6257
v  -0.2185 -8.9069 0.6321
v  -0.2247 -8.8962 0.6319
v  -0.2247 -8.8962 0.6259
v  -0.2187 -8.8957 0.6322
v  -0.2286 -8.8848 0.6317
v  -0.2286 -8.8848 0.6257
v  -0.2225 -8.8839 0.6321
v  -0.2359 -8.8750 0.6312
v  -0.2359 -8.8750 0.6252
v  -0.2294 -8.8736 0.6316
v  -0.2455 -8.8680 0.6305
v  -0.2455 -8.8680 0.6245
v  -0.2380 -8.8660 0.6310
v  -0.6465 -9.0136 0.5673
v  -0.6523 -9.0148 0.5659
v  -0.6465 -9.0136 0.5613
v  -0.6605 -8.9748 0.5660
v  -0.6664 -8.9755 0.5646
v  -0.6605 -8.9748 0.5600
v  -0.6617 -8.9338 0.5671
v  -0.6676 -8.9339 0.5657
v  -0.6617 -8.9338 0.5611
v  -0.6497 -8.8938 0.5705
v  -0.6557 -8.8934 0.5691
v  -0.6497 -8.8938 0.5645
v  -0.2571 -8.8642 0.6296
v  -0.2571 -8.8642 0.6236
v  -0.2548 -8.8586 0.6297
v  -0.5119 -8.8224 0.5973
v  -0.5119 -8.8224 0.5912
v  -0.5153 -8.8164 0.5965
v  -0.5938 -8.8358 0.5823
v  -0.5938 -8.8358 0.5762
v  -0.6007 -8.8336 0.5807
v  -0.5555 -8.8226 0.5895
v  -0.5540 -8.8166 0.5897
v  -0.5555 -8.8226 0.5834
v  -0.6268 -8.8608 0.5756
v  -0.6331 -8.8596 0.5741
v  -0.6268 -8.8608 0.5696
v  -0.2418 -8.9950 0.6277
v  -0.2100 -8.9763 0.6301
v  -0.9637 -9.3247 0.6090
v  -0.9963 -9.2511 0.6089
v  -1.0226 -9.1780 0.6088
v  -1.0423 -9.1061 0.6088
v  -1.0570 -9.0352 0.6087
v  -1.0663 -8.9640 0.6088
v  -1.0711 -8.8918 0.6088
v  -1.0709 -8.8181 0.6089
v  -1.0653 -8.7434 0.6090
v  -0.9248 -9.3972 0.6087
v  -0.9424 -9.3143 0.5818
v  -0.9747 -9.2425 0.5819
v  -1.0011 -9.1713 0.5822
v  -1.0212 -9.1010 0.5825
v  -1.0356 -9.0315 0.5825
v  -1.0446 -8.9618 0.5825
v  -1.0484 -8.8910 0.5821
v  -1.0473 -8.8190 0.5818
v  -1.0417 -8.7460 0.5817
v  -0.9054 -9.3858 0.5822
v  -0.6904 -9.1911 0.4648
v  -0.7142 -9.1388 0.4647
v  -0.7338 -9.0869 0.4644
v  -0.7488 -9.0357 0.4642
v  -0.7594 -8.9849 0.4642
v  -0.7658 -8.9339 0.4642
v  -0.7683 -8.8822 0.4645
v  -0.7671 -8.8296 0.4648
v  -0.7629 -8.7763 0.4648
v  -0.6640 -9.2436 0.4644
v  -0.9579 -9.3219 0.6303
v  -0.9906 -9.2489 0.6298
v  -1.0174 -9.1764 0.6289
v  -1.0376 -9.1050 0.6280
v  -1.0523 -9.0344 0.6279
v  -1.0614 -8.9635 0.6282
v  -1.0655 -8.8916 0.6291
v  -1.0646 -8.8183 0.6301
v  -1.0588 -8.7441 0.6304
v  -1.0518 -8.6836 0.6288
v  -0.9202 -9.3945 0.6288
v  -0.9576 -9.3218 0.5924
v  -0.9902 -9.2487 0.5926
v  -1.0164 -9.1761 0.5928
v  -1.0363 -9.1046 0.5932
v  -1.0509 -9.0341 0.5932
v  -1.0601 -8.9634 0.5931
v  -1.0647 -8.8916 0.5928
v  -1.0642 -8.8183 0.5925
v  -1.0586 -8.7442 0.5925
v  -0.9193 -9.3940 0.5929
v  -0.8152 -9.2521 0.5274
v  -0.8432 -9.1901 0.5276
v  -0.8661 -9.1286 0.5279
v  -0.8836 -9.0680 0.5282
v  -0.8960 -9.0080 0.5282
v  -0.9038 -8.9478 0.5281
v  -0.9070 -8.8866 0.5278
v  -0.9059 -8.8244 0.5274
v  -0.9010 -8.7612 0.5274
v  -0.7835 -9.3140 0.5279
v  -0.8203 -9.2546 0.6043
v  -0.8485 -9.1923 0.6046
v  -0.8718 -9.1305 0.6052
v  -0.8896 -9.0695 0.6058
v  -0.9023 -9.0090 0.6058
v  -0.9099 -8.9484 0.6057
v  -0.9129 -8.8868 0.6051
v  -0.9115 -8.8241 0.6044
v  -0.9065 -8.7607 0.6043
v  -0.7887 -9.3171 0.6052
v  -0.7799 -9.2348 0.5757
v  -0.8066 -9.1757 0.5761
v  -0.8288 -9.1169 0.5768
v  -0.8456 -9.0589 0.5775
v  -0.8576 -9.0015 0.5776
v  -0.8648 -8.9439 0.5774
v  -0.8678 -8.8854 0.5767
v  -0.8666 -8.8258 0.5759
v  -0.8618 -8.7655 0.5757
v  -0.7498 -9.2942 0.5769
v  -0.8626 -9.2753 0.6257
v  -0.8923 -9.2097 0.6259
v  -0.9168 -9.1447 0.6263
v  -0.9356 -9.0805 0.6268
v  -0.9489 -9.0169 0.6268
v  -0.9569 -8.9531 0.6267
v  -0.9601 -8.8883 0.6263
v  -0.9586 -8.8223 0.6258
v  -0.9534 -8.7556 0.6257
v  -0.8294 -9.3410 0.6264
v  -0.7304 -9.2113 0.5340
v  -0.7557 -9.1556 0.5342
v  -0.7765 -9.1004 0.5344
v  -0.7923 -9.0461 0.5346
v  -0.8035 -8.9922 0.5347
v  -0.8104 -8.9382 0.5345
v  -0.8131 -8.8833 0.5344
v  -0.8120 -8.8275 0.5341
v  -0.8075 -8.7709 0.5341
v  -0.7026 -9.2664 0.5344
v  -0.7404 -9.1492 0.5348
v  -0.7352 -9.1465 0.5362
v  -0.7158 -9.2035 0.5350
v  -0.7111 -9.1998 0.5364
v  -0.7607 -9.0954 0.5346
v  -0.7552 -9.0935 0.5360
v  -0.7763 -9.0423 0.5344
v  -0.7706 -9.0410 0.5358
v  -0.7873 -8.9896 0.5343
v  -0.7815 -8.9889 0.5358
v  -0.7940 -8.9367 0.5344
v  -0.7881 -8.9366 0.5358
v  -0.7909 -8.7732 0.5350
v  -0.7852 -8.7750 0.5364
v  -0.7953 -8.8285 0.5349
v  -0.7895 -8.8296 0.5363
v  -0.7966 -8.8831 0.5346
v  -0.7907 -8.8835 0.5361
v  -0.7441 -9.2174 0.5417
v  -0.7482 -9.2194 0.5456
v  -0.7695 -9.1608 0.5421
v  -0.7737 -9.1625 0.5460
v  -0.7903 -9.1047 0.5428
v  -0.7947 -9.1061 0.5467
v  -0.8063 -9.0494 0.5432
v  -0.8107 -9.0505 0.5471
v  -0.8175 -8.9947 0.5435
v  -0.8221 -8.9955 0.5473
v  -0.8247 -8.9398 0.5431
v  -0.8292 -8.9403 0.5470
v  -0.8223 -8.7698 0.5417
v  -0.8268 -8.7693 0.5456
v  -0.8276 -8.8841 0.5426
v  -0.8322 -8.8842 0.5465
v  -0.8267 -8.8273 0.5419
v  -0.8313 -8.8272 0.5458
v  -0.7190 -9.2760 0.5466
v  -0.9070 -9.2970 0.6404
v  -0.9018 -9.2945 0.6387
v  -0.9382 -9.2279 0.6405
v  -0.9329 -9.2258 0.6388
v  -0.9639 -9.1595 0.6408
v  -0.9584 -9.1578 0.6391
v  -0.9836 -9.0920 0.6410
v  -0.9780 -9.0906 0.6394
v  -0.9975 -9.0251 0.6411
v  -0.9918 -9.0242 0.6394
v  -1.0060 -8.9580 0.6410
v  -1.0003 -8.9574 0.6393
v  -1.0025 -8.7502 0.6403
v  -0.9968 -8.7508 0.6386
v  -1.0095 -8.8898 0.6407
v  -1.0037 -8.8897 0.6390
v  -1.0080 -8.8205 0.6404
v  -1.0023 -8.8207 0.6387
v  -0.8720 -9.3661 0.6408
v  -0.8670 -9.3632 0.6391
v  -0.9689 -9.2402 0.6415
v  -0.9633 -9.2379 0.6413
v  -0.9366 -9.3115 0.6415
v  -0.9312 -9.3088 0.6413
v  -0.9957 -9.1696 0.6415
v  -0.9900 -9.1677 0.6413
v  -1.0162 -9.0998 0.6414
v  -1.0104 -9.0984 0.6413
v  -1.0306 -9.0307 0.6414
v  -1.0247 -9.0297 0.6413
v  -1.0394 -8.9613 0.6414
v  -1.0334 -8.9607 0.6413
v  -1.0295 -8.6874 0.6415
v  -1.0352 -8.7467 0.6415
v  -1.0292 -8.7473 0.6413
v  -1.0410 -8.8192 0.6415
v  -1.0350 -8.8195 0.6413
v  -1.0427 -8.8909 0.6415
v  -1.0367 -8.8907 0.6413
v  -0.9007 -9.3830 0.6415
v  -0.8955 -9.3800 0.6413
v  -0.1345 -8.8534 0.6373
v  -0.1345 -8.8534 0.6313
v  -0.1404 -8.8546 0.6369
v  -0.1387 -8.8366 0.6368
v  -0.1257 -8.9044 0.6370
v  -0.1257 -8.9044 0.6310
v  -0.1317 -8.9054 0.6367
v  -0.1310 -8.8875 0.6372
v  -0.1368 -8.8888 0.6369
v  -0.1310 -8.8875 0.6312
v  -0.1338 -8.8707 0.6372
v  -0.1397 -8.8716 0.6369
v  -0.1338 -8.8707 0.6312
v  -0.1172 -8.9217 0.5906
v  -0.1120 -8.9186 0.5906
v  -0.1172 -8.9217 0.5966
v  -0.1257 -8.9044 0.5904
v  -0.1257 -8.9044 0.5964
v  -0.1201 -8.9022 0.5904
v  -0.1345 -8.8534 0.5906
v  -0.1284 -8.8536 0.5906
v  -0.1345 -8.8534 0.5966
v  -0.1328 -8.8376 0.5966
v  -0.1310 -8.8875 0.5906
v  -0.1310 -8.8875 0.5966
v  -0.1251 -8.8861 0.5906
v  -0.1338 -8.8707 0.5906
v  -0.1338 -8.8707 0.5966
v  -0.1278 -8.8701 0.5906
v  -0.4748 -9.1324 0.5907
v  -0.6884 -9.2580 0.5345
v  -0.6833 -9.2550 0.5359
v  -0.6992 -8.0504 0.6087
v  -0.6846 -8.0676 0.5822
v  -0.5027 -8.2806 0.4644
v  -0.6950 -8.0553 0.5929
v  -0.5927 -8.1752 0.5279
v  -0.5967 -8.1706 0.6052
v  -0.5673 -8.2049 0.5769
v  -0.6273 -8.1346 0.6264
v  -0.5317 -8.2465 0.5344
v  -0.5210 -8.2591 0.5345
v  -0.5172 -8.2636 0.5359
v  -0.5411 -8.2355 0.5428
v  -0.5441 -8.2320 0.5466
v  -0.6594 -8.0971 0.6408
v  -0.6556 -8.1015 0.6391
v  -0.6771 -8.0763 0.6413
v  -0.0906 -8.7632 0.6312
v  -0.0906 -8.7632 0.5906
v  -0.2664 -8.5575 0.6135
v  -0.1845 -8.6533 0.6277
v  -0.3602 -8.4476 0.5907
v  -0.1606 -8.6813 0.6301
v  -0.2761 -8.7612 0.5790
v  -0.3852 -8.7407 0.5665
v  -0.4938 -8.7202 0.5499
v  -0.5231 -8.7110 0.5445
v  -0.5487 -8.6957 0.5392
v  -0.5708 -8.6743 0.5338
v  -0.2401 -8.7680 0.5822
v  -0.2613 -8.7641 0.5804
v  -0.5872 -8.6480 0.5288
v  -0.2279 -8.7684 0.5832
v  -0.2165 -8.7652 0.5839
v  -0.2063 -8.7584 0.5844
v  -0.1987 -8.7490 0.5845
v  -0.1944 -8.7378 0.5844
v  -0.1936 -8.7256 0.5839
v  -0.1965 -8.7141 0.5832
v  -0.5986 -8.6094 0.5235
v  -0.5973 -8.5678 0.5200
v  -0.5831 -8.5291 0.5187
v  -0.5577 -8.4969 0.5197
v  -0.2030 -8.7037 0.5822
v  -0.3712 -8.5078 0.5499
v  -0.4427 -8.4655 0.5349
v  -0.5228 -8.4739 0.5231
v  -0.4840 -8.4634 0.5283
v  -0.2873 -8.6055 0.5689
v  -0.2187 -8.6853 0.5801
v  -0.4048 -8.4800 0.5422
v  -0.2613 -8.7641 0.6277
v  -0.2613 -8.7641 0.6217
v  -0.2629 -8.7699 0.6277
v  -0.2761 -8.7612 0.6264
v  -0.2760 -8.7674 0.6266
v  -0.2761 -8.7612 0.6204
v  -0.3852 -8.7407 0.6139
v  -0.3869 -8.7465 0.6139
v  -0.3852 -8.7407 0.6078
v  -0.4938 -8.7202 0.5973
v  -0.4986 -8.7250 0.5966
v  -0.4938 -8.7202 0.5912
v  -0.5231 -8.7110 0.5919
v  -0.5250 -8.7167 0.5918
v  -0.5231 -8.7110 0.5858
v  -0.5487 -8.6957 0.5865
v  -0.5480 -8.7031 0.5869
v  -0.5487 -8.6957 0.5804
v  -0.5708 -8.6743 0.5811
v  -0.5779 -8.6741 0.5795
v  -0.5708 -8.6743 0.5750
v  -0.5872 -8.6480 0.5762
v  -0.5938 -8.6466 0.5746
v  -0.5872 -8.6480 0.5701
v  -0.2401 -8.7680 0.6296
v  -0.2401 -8.7680 0.6236
v  -0.2400 -8.7740 0.6297
v  -0.5986 -8.6094 0.5709
v  -0.6044 -8.6072 0.5694
v  -0.5986 -8.6094 0.5648
v  -0.2279 -8.7684 0.6305
v  -0.2279 -8.7684 0.6245
v  -0.2292 -8.7744 0.6305
v  -0.2873 -8.6055 0.6162
v  -0.2873 -8.6055 0.6102
v  -0.2846 -8.5994 0.6159
v  -0.2187 -8.6853 0.6275
v  -0.2143 -8.6812 0.6275
v  -0.2187 -8.6853 0.6215
v  -0.2165 -8.7652 0.6252
v  -0.2165 -8.7652 0.6312
v  -0.2151 -8.7704 0.6314
v  -0.2063 -8.7584 0.6317
v  -0.2063 -8.7584 0.6257
v  -0.2008 -8.7612 0.6321
v  -0.1987 -8.7490 0.6319
v  -0.1987 -8.7490 0.6259
v  -0.1938 -8.7524 0.6322
v  -0.1944 -8.7378 0.6317
v  -0.1944 -8.7378 0.6257
v  -0.1892 -8.7410 0.6321
v  -0.1936 -8.7256 0.6312
v  -0.1936 -8.7256 0.6252
v  -0.1878 -8.7286 0.6316
v  -0.1965 -8.7141 0.6305
v  -0.1965 -8.7141 0.6245
v  -0.1895 -8.7173 0.6310
v  -0.5973 -8.5678 0.5673
v  -0.6025 -8.5650 0.5659
v  -0.5973 -8.5678 0.5613
v  -0.5831 -8.5291 0.5660
v  -0.5880 -8.5258 0.5646
v  -0.5831 -8.5291 0.5600
v  -0.5577 -8.4969 0.5671
v  -0.5622 -8.4932 0.5657
v  -0.5577 -8.4969 0.5611
v  -0.5228 -8.4739 0.5705
v  -0.5271 -8.4698 0.5691
v  -0.5228 -8.4739 0.5645
v  -0.2030 -8.7037 0.6296
v  -0.2030 -8.7037 0.6236
v  -0.1976 -8.7009 0.6297
v  -0.3712 -8.5078 0.5973
v  -0.3712 -8.5078 0.5912
v  -0.3700 -8.5011 0.5965
v  -0.4427 -8.4655 0.5823
v  -0.4427 -8.4655 0.5762
v  -0.4465 -8.4594 0.5807
v  -0.4048 -8.4800 0.5895
v  -0.3998 -8.4764 0.5897
v  -0.4048 -8.4800 0.5834
v  -0.4840 -8.4634 0.5756
v  -0.4880 -8.4584 0.5741
v  -0.4840 -8.4634 0.5696
v  -1.0403 -8.6022 0.6090
v  -1.0180 -8.5249 0.6089
v  -0.9911 -8.4520 0.6088
v  -0.9599 -8.3842 0.6088
v  -0.9256 -8.3205 0.6087
v  -0.8870 -8.2600 0.6088
v  -0.8443 -8.2015 0.6088
v  -0.7968 -8.1452 0.6089
v  -0.7445 -8.0916 0.6090
v  -1.0173 -8.6079 0.5818
v  -0.9959 -8.5322 0.5819
v  -0.9703 -8.4607 0.5822
v  -0.9405 -8.3939 0.5825
v  -0.9069 -8.3315 0.5825
v  -0.8690 -8.2723 0.5825
v  -0.8264 -8.2156 0.5821
v  -0.7793 -8.1610 0.5818
v  -0.7280 -8.1088 0.5817
v  -0.7451 -8.6756 0.4648
v  -0.7296 -8.6202 0.4647
v  -0.7113 -8.5678 0.4644
v  -0.6899 -8.5189 0.4642
v  -0.6653 -8.4733 0.4642
v  -0.6375 -8.4301 0.4642
v  -0.6062 -8.3889 0.4645
v  -0.5714 -8.3493 0.4648
v  -0.5339 -8.3112 0.4648
v  -0.7586 -8.7328 0.4644
v  -1.0340 -8.6038 0.6303
v  -1.0122 -8.5268 0.6298
v  -0.9861 -8.4541 0.6289
v  -0.9556 -8.3864 0.6280
v  -0.9215 -8.3228 0.6279
v  -0.8829 -8.2627 0.6282
v  -0.8399 -8.2050 0.6291
v  -0.7920 -8.1495 0.6301
v  -0.7400 -8.0963 0.6304
v  -0.6957 -8.0545 0.6288
v  -1.0337 -8.6039 0.5924
v  -1.0117 -8.5270 0.5926
v  -0.9851 -8.4545 0.5928
v  -0.9544 -8.3870 0.5932
v  -0.9203 -8.3236 0.5932
v  -0.8819 -8.2635 0.5931
v  -0.8392 -8.2055 0.5928
v  -0.7918 -8.1497 0.5925
v  -0.7398 -8.0965 0.5925
v  -0.8799 -8.6421 0.5274
v  -0.8614 -8.5766 0.5276
v  -0.8395 -8.5148 0.5279
v  -0.8139 -8.4571 0.5282
v  -0.7848 -8.4031 0.5282
v  -0.7521 -8.3520 0.5281
v  -0.7152 -8.3031 0.5278
v  -0.6744 -8.2561 0.5274
v  -0.6300 -8.2109 0.5274
v  -0.8853 -8.6407 0.6043
v  -0.8669 -8.5748 0.6046
v  -0.8450 -8.5125 0.6052
v  -0.8195 -8.4543 0.6058
v  -0.7903 -8.3999 0.6058
v  -0.7572 -8.3485 0.6057
v  -0.7199 -8.2994 0.6051
v  -0.6785 -8.2523 0.6044
v  -0.6339 -8.2069 0.6043
v  -0.8417 -8.6515 0.5757
v  -0.8241 -8.5890 0.5761
v  -0.8033 -8.5297 0.5768
v  -0.7789 -8.4745 0.5775
v  -0.7512 -8.4228 0.5776
v  -0.7197 -8.3740 0.5774
v  -0.6844 -8.3273 0.5767
v  -0.6452 -8.2825 0.5759
v  -0.6028 -8.2394 0.5757
v  -0.9311 -8.6294 0.6257
v  -0.9117 -8.5600 0.6259
v  -0.8887 -8.4944 0.6263
v  -0.8618 -8.4332 0.6268
v  -0.8311 -8.3760 0.6268
v  -0.7962 -8.3219 0.6267
v  -0.7570 -8.2702 0.6263
v  -0.7135 -8.2206 0.6258
v  -0.6665 -8.1729 0.6257
v  -0.7887 -8.6653 0.5340
v  -0.7722 -8.6064 0.5342
v  -0.7527 -8.5508 0.5344
v  -0.7299 -8.4989 0.5346
v  -0.7038 -8.4505 0.5347
v  -0.6744 -8.4047 0.5345
v  -0.6412 -8.3609 0.5344
v  -0.6044 -8.3189 0.5341
v  -0.5646 -8.2784 0.5341
v  -0.7564 -8.6113 0.5348
v  -0.7507 -8.6126 0.5362
v  -0.7725 -8.6688 0.5350
v  -0.7665 -8.6689 0.5364
v  -0.7374 -8.5570 0.5346
v  -0.7319 -8.5591 0.5360
v  -0.7152 -8.5063 0.5344
v  -0.7100 -8.5090 0.5358
v  -0.6898 -8.4589 0.5343
v  -0.6849 -8.4621 0.5358
v  -0.6609 -8.4141 0.5344
v  -0.6563 -8.4178 0.5358
v  -0.5534 -8.2908 0.5350
v  -0.5502 -8.2959 0.5364
v  -0.5923 -8.3304 0.5349
v  -0.5886 -8.3350 0.5363
v  -0.6284 -8.3714 0.5346
v  -0.6242 -8.3755 0.5361
v  -0.8030 -8.6612 0.5417
v  -0.8075 -8.6601 0.5456
v  -0.7862 -8.6015 0.5421
v  -0.7905 -8.6001 0.5460
v  -0.7660 -8.5452 0.5428
v  -0.7703 -8.5434 0.5467
v  -0.7427 -8.4926 0.5432
v  -0.7468 -8.4905 0.5471
v  -0.7162 -8.4434 0.5435
v  -0.7202 -8.4411 0.5473
v  -0.6864 -8.3968 0.5431
v  -0.6902 -8.3942 0.5470
v  -0.5752 -8.2681 0.5417
v  -0.5784 -8.2648 0.5456
v  -0.6528 -8.3522 0.5426
v  -0.6564 -8.3493 0.5465
v  -0.6156 -8.3093 0.5419
v  -0.6190 -8.3062 0.5458
v  -0.8216 -8.7222 0.5466
v  -0.9791 -8.6175 0.6404
v  -0.9735 -8.6188 0.6387
v  -0.9586 -8.5445 0.6405
v  -0.9531 -8.5463 0.6388
v  -0.9343 -8.4755 0.6408
v  -0.9289 -8.4777 0.6391
v  -0.9059 -8.4112 0.6410
v  -0.9008 -8.4138 0.6394
v  -0.8736 -8.3510 0.6411
v  -0.8686 -8.3539 0.6394
v  -0.8370 -8.2941 0.6410
v  -0.8322 -8.2973 0.6393
v  -0.7007 -8.1372 0.6403
v  -0.6967 -8.1414 0.6386
v  -0.7958 -8.2397 0.6407
v  -0.7913 -8.2433 0.6390
v  -0.7501 -8.1875 0.6404
v  -0.7459 -8.1913 0.6387
v  -0.9899 -8.5341 0.6415
v  -0.9842 -8.5360 0.6413
v  -1.0110 -8.6095 0.6415
v  -1.0051 -8.6110 0.6413
v  -0.9651 -8.4628 0.6415
v  -0.9595 -8.4651 0.6413
v  -0.9359 -8.3962 0.6414
v  -0.9306 -8.3989 0.6413
v  -0.9026 -8.3340 0.6414
v  -0.8974 -8.3370 0.6413
v  -0.8647 -8.2752 0.6414
v  -0.8597 -8.2786 0.6413
v  -0.6810 -8.0717 0.6415
v  -0.7235 -8.1135 0.6415
v  -0.7193 -8.1178 0.6413
v  -0.7746 -8.1654 0.6415
v  -0.7701 -8.1694 0.6413
v  -0.8219 -8.2191 0.6415
v  -0.8172 -8.2228 0.6413
v  -0.1021 -8.7742 0.6373
v  -0.1021 -8.7742 0.6313
v  -0.1074 -8.7713 0.6369
v  -0.0906 -8.7632 0.6372
v  -0.0945 -8.7586 0.6368
v  -0.1282 -8.8190 0.6370
v  -0.1282 -8.8190 0.6310
v  -0.1334 -8.8158 0.6367
v  -0.1213 -8.8026 0.6372
v  -0.1267 -8.7998 0.6369
v  -0.1213 -8.8026 0.6312
v  -0.1127 -8.7879 0.6372
v  -0.1179 -8.7848 0.6369
v  -0.1127 -8.7879 0.6312
v  -0.1282 -8.8190 0.5904
v  -0.1282 -8.8190 0.5964
v  -0.1225 -8.8208 0.5904
v  -0.1021 -8.7742 0.5906
v  -0.0976 -8.7782 0.5906
v  -0.1021 -8.7742 0.5966
v  -0.0906 -8.7632 0.5966
v  -0.1213 -8.8026 0.5906
v  -0.1213 -8.8026 0.5966
v  -0.1159 -8.8052 0.5906
v  -0.1127 -8.7879 0.5906
v  -0.1127 -8.7879 0.5966
v  -0.1078 -8.7913 0.5906
v  -0.1328 -8.8376 0.6372
v  -0.0185 -7.7961 0.6087
v  -0.0184 -7.8186 0.5822
v  -0.0160 -8.0987 0.4644
v  -0.0185 -7.8025 0.5929
v  -0.0172 -7.9601 0.5279
v  -0.0172 -7.9540 0.6052
v  -0.0168 -7.9992 0.5769
v  -0.0176 -7.9068 0.6264
v  -0.0163 -8.0540 0.5344
v  -0.0162 -8.0705 0.5345
v  -0.0162 -8.0763 0.5359
v  -0.0165 -8.0395 0.5428
v  -0.0165 -8.0349 0.5466
v  -0.0180 -7.8574 0.6408
v  -0.0180 -7.8632 0.6391
v  -0.0183 -7.8301 0.6413
v  -0.0105 -8.7333 0.6312
v  -0.0105 -8.7333 0.5906
v  -0.0105 -8.7393 0.5906
v  -0.0118 -8.5887 0.6277
v  -0.0142 -8.3183 0.5907
v  -0.0115 -8.6256 0.6301
v  -0.1513 -8.6126 0.5790
v  -0.2217 -8.5267 0.5665
v  -0.2918 -8.4412 0.5499
v  -0.3083 -8.4153 0.5445
v  -0.3180 -8.3872 0.5392
v  -0.3212 -8.3565 0.5338
v  -0.1281 -8.6409 0.5822
v  -0.1419 -8.6243 0.5804
v  -0.3169 -8.3258 0.5288
v  -0.1190 -8.6490 0.5832
v  -0.1082 -8.6539 0.5839
v  -0.0960 -8.6553 0.5844
v  -0.0842 -8.6529 0.5845
v  -0.0737 -8.6471 0.5844
v  -0.0652 -8.6382 0.5839
v  -0.0601 -8.6276 0.5832
v  -0.3008 -8.2890 0.5235
v  -0.2730 -8.2579 0.5200
v  -0.2373 -8.2373 0.5187
v  -0.1971 -8.2291 0.5197
v  -0.0583 -8.6155 0.5822
v  -0.0614 -8.3573 0.5499
v  -0.0888 -8.2789 0.5349
v  -0.1557 -8.2339 0.5231
v  -0.1192 -8.2508 0.5283
v  -0.0598 -8.4860 0.5689
v  -0.0586 -8.5913 0.5801
v  -0.0692 -8.3144 0.5422
v  -0.1419 -8.6243 0.6277
v  -0.1419 -8.6243 0.6217
v  -0.1469 -8.6277 0.6277
v  -0.1513 -8.6126 0.6264
v  -0.1552 -8.6173 0.6266
v  -0.1513 -8.6126 0.6204
v  -0.2217 -8.5267 0.6139
v  -0.2267 -8.5300 0.6139
v  -0.2217 -8.5267 0.6078
v  -0.2918 -8.4412 0.5973
v  -0.2985 -8.4418 0.5966
v  -0.2918 -8.4412 0.5912
v  -0.3083 -8.4153 0.5919
v  -0.3134 -8.4184 0.5918
v  -0.3083 -8.4153 0.5858
v  -0.3180 -8.3872 0.5865
v  -0.3223 -8.3932 0.5869
v  -0.3180 -8.3872 0.5804
v  -0.3212 -8.3565 0.5811
v  -0.3265 -8.3518 0.5795
v  -0.3212 -8.3565 0.5750
v  -0.3169 -8.3258 0.5762
v  -0.3210 -8.3205 0.5746
v  -0.3169 -8.3258 0.5701
v  -0.1281 -8.6409 0.6296
v  -0.1281 -8.6409 0.6236
v  -0.1319 -8.6456 0.6297
v  -0.3008 -8.2890 0.5709
v  -0.3038 -8.2836 0.5694
v  -0.3008 -8.2890 0.5648
v  -0.1190 -8.6490 0.6305
v  -0.1190 -8.6490 0.6245
v  -0.1238 -8.6528 0.6305
v  -0.0598 -8.4860 0.6162
v  -0.0598 -8.4860 0.6102
v  -0.0539 -8.4831 0.6159
v  -0.0586 -8.5913 0.6275
v  -0.0526 -8.5909 0.6275
v  -0.0586 -8.5913 0.6215
v  -0.1082 -8.6539 0.6252
v  -0.1082 -8.6539 0.6312
v  -0.1105 -8.6588 0.6314
v  -0.0960 -8.6553 0.6317
v  -0.0960 -8.6553 0.6257
v  -0.0937 -8.6609 0.6321
v  -0.0842 -8.6529 0.6319
v  -0.0842 -8.6529 0.6259
v  -0.0826 -8.6587 0.6322
v  -0.0737 -8.6471 0.6317
v  -0.0737 -8.6471 0.6257
v  -0.0717 -8.6529 0.6321
v  -0.0652 -8.6382 0.6312
v  -0.0652 -8.6382 0.6252
v  -0.0628 -8.6443 0.6316
v  -0.0601 -8.6276 0.6305
v  -0.0601 -8.6276 0.6245
v  -0.0568 -8.6346 0.6310
v  -0.2730 -8.2579 0.5673
v  -0.2753 -8.2524 0.5659
v  -0.2730 -8.2579 0.5613
v  -0.2373 -8.2373 0.5660
v  -0.2390 -8.2317 0.5646
v  -0.2373 -8.2373 0.5600
v  -0.1971 -8.2291 0.5671
v  -0.1983 -8.2233 0.5657
v  -0.1971 -8.2291 0.5611
v  -0.1557 -8.2339 0.5705
v  -0.1563 -8.2280 0.5691
v  -0.1557 -8.2339 0.5645
v  -0.0583 -8.6155 0.6296
v  -0.0583 -8.6155 0.6236
v  -0.0524 -8.6167 0.6297
v  -0.0614 -8.3573 0.5973
v  -0.0614 -8.3573 0.5912
v  -0.0561 -8.3529 0.5965
v  -0.0888 -8.2789 0.5823
v  -0.0888 -8.2789 0.5762
v  -0.0879 -8.2718 0.5807
v  -0.0692 -8.3144 0.5895
v  -0.0630 -8.3148 0.5897
v  -0.0692 -8.3144 0.5834
v  -0.1192 -8.2508 0.5756
v  -0.1191 -8.2444 0.5741
v  -0.1192 -8.2508 0.5696
v  -0.6345 -7.9995 0.6090
v  -0.5677 -7.9546 0.6089
v  -0.5003 -7.9161 0.6088
v  -0.4329 -7.8842 0.6088
v  -0.3656 -7.8574 0.6087
v  -0.2971 -7.8359 0.6088
v  -0.2268 -7.8186 0.6088
v  -0.1542 -7.8060 0.6089
v  -0.0797 -7.7985 0.6090
v  -0.6206 -8.0187 0.5818
v  -0.5555 -7.9745 0.5819
v  -0.4900 -7.9361 0.5822
v  -0.4242 -7.9041 0.5825
v  -0.3583 -7.8779 0.5825
v  -0.2912 -7.8569 0.5825
v  -0.2222 -7.8408 0.5821
v  -0.1510 -7.8294 0.5818
v  -0.0782 -7.8223 0.5817
v  -0.4556 -8.2455 0.4648
v  -0.4081 -8.2130 0.4647
v  -0.3604 -8.1847 0.4644
v  -0.3126 -8.1610 0.4642
v  -0.2644 -8.1418 0.4642
v  -0.2154 -8.1266 0.4642
v  -0.1648 -8.1151 0.4645
v  -0.1128 -8.1072 0.4648
v  -0.0596 -8.1021 0.4648
v  -0.6307 -8.0048 0.6303
v  -0.5645 -7.9598 0.6298
v  -0.4978 -7.9210 0.6289
v  -0.4310 -7.8886 0.6280
v  -0.3640 -7.8619 0.6279
v  -0.2958 -7.8406 0.6282
v  -0.2257 -7.8240 0.6291
v  -0.1534 -7.8123 0.6301
v  -0.0793 -7.8050 0.6304
v  -0.0185 -7.8014 0.6288
v  -0.6306 -8.0050 0.5924
v  -0.5642 -7.9603 0.5926
v  -0.4973 -7.9219 0.5928
v  -0.4304 -7.8899 0.5932
v  -0.3635 -7.8632 0.5932
v  -0.2955 -7.8419 0.5931
v  -0.2255 -7.8249 0.5928
v  -0.1533 -7.8127 0.5925
v  -0.0793 -7.8053 0.5925
v  -0.5373 -8.1332 0.5274
v  -0.4810 -8.0949 0.5276
v  -0.4245 -8.0616 0.5279
v  -0.3678 -8.0339 0.5282
v  -0.3109 -8.0112 0.5282
v  -0.2529 -7.9931 0.5281
v  -0.1933 -7.9793 0.5278
v  -0.1318 -7.9696 0.5274
v  -0.0687 -7.9635 0.5274
v  -0.5406 -8.1286 0.6043
v  -0.4841 -8.0900 0.6046
v  -0.4273 -8.0563 0.6052
v  -0.3703 -8.0282 0.6058
v  -0.3130 -8.0052 0.6058
v  -0.2546 -7.9872 0.6057
v  -0.1944 -7.9735 0.6051
v  -0.1325 -7.9640 0.6044
v  -0.0692 -7.9579 0.6043
v  -0.5140 -8.1649 0.5757
v  -0.4605 -8.1284 0.5761
v  -0.4064 -8.0964 0.5768
v  -0.3522 -8.0697 0.5775
v  -0.2978 -8.0479 0.5776
v  -0.2423 -8.0308 0.5774
v  -0.1852 -8.0177 0.5767
v  -0.1263 -8.0086 0.5759
v  -0.0662 -8.0028 0.5757
v  -0.5683 -8.0905 0.6257
v  -0.5089 -8.0499 0.6259
v  -0.4491 -8.0144 0.6263
v  -0.3891 -7.9848 0.6268
v  -0.3288 -7.9607 0.6268
v  -0.2674 -7.9417 0.6267
v  -0.2041 -7.9273 0.6263
v  -0.1389 -7.9173 0.6258
v  -0.0723 -7.9109 0.6257
v  -0.4824 -8.2096 0.5340
v  -0.4319 -8.1750 0.5342
v  -0.3812 -8.1450 0.5344
v  -0.3304 -8.1199 0.5346
v  -0.2793 -8.0996 0.5347
v  -0.2273 -8.0834 0.5345
v  -0.1737 -8.0712 0.5344
v  -0.1185 -8.0626 0.5341
v  -0.0620 -8.0572 0.5341
v  -0.4229 -8.1890 0.5348
v  -0.4193 -8.1936 0.5362
v  -0.4722 -8.2227 0.5350
v  -0.4677 -8.2267 0.5364
v  -0.3735 -8.1596 0.5346
v  -0.3706 -8.1647 0.5360
v  -0.3239 -8.1350 0.5344
v  -0.3216 -8.1404 0.5358
v  -0.2739 -8.1151 0.5343
v  -0.2722 -8.1207 0.5358
v  -0.2230 -8.0993 0.5344
v  -0.2218 -8.1051 0.5358
v  -0.0614 -8.0739 0.5350
v  -0.0622 -8.0799 0.5364
v  -0.1166 -8.0792 0.5349
v  -0.1167 -8.0851 0.5363
v  -0.1706 -8.0875 0.5346
v  -0.1700 -8.0933 0.5361
v  -0.4907 -8.1972 0.5417
v  -0.4934 -8.1935 0.5456
v  -0.4394 -8.1623 0.5421
v  -0.4418 -8.1584 0.5460
v  -0.3878 -8.1321 0.5428
v  -0.3899 -8.1281 0.5467
v  -0.3361 -8.1068 0.5432
v  -0.3379 -8.1026 0.5471
v  -0.2842 -8.0862 0.5435
v  -0.2857 -8.0819 0.5473
v  -0.2314 -8.0697 0.5431
v  -0.2326 -8.0652 0.5470
v  -0.0635 -8.0425 0.5417
v  -0.0638 -8.0379 0.5456
v  -0.1770 -8.0571 0.5426
v  -0.1779 -8.0526 0.5465
v  -0.1209 -8.0481 0.5419
v  -0.1215 -8.0436 0.5458
v  -0.5974 -8.0506 0.6404
v  -0.5940 -8.0552 0.6387
v  -0.5348 -8.0078 0.6405
v  -0.5318 -8.0127 0.6388
v  -0.4719 -7.9706 0.6408
v  -0.4692 -7.9758 0.6391
v  -0.4088 -7.9396 0.6410
v  -0.4065 -7.9448 0.6394
v  -0.3454 -7.9142 0.6411
v  -0.3434 -7.9197 0.6394
v  -0.2807 -7.8942 0.6410
v  -0.2792 -7.8997 0.6393
v  -0.0755 -7.8616 0.6403
v  -0.0751 -7.8673 0.6386
v  -0.2142 -7.8790 0.6407
v  -0.2130 -7.8846 0.6390
v  -0.1457 -7.8683 0.6404
v  -0.1449 -7.8740 0.6387
v  -0.5522 -7.9797 0.6415
v  -0.5490 -7.9848 0.6413
v  -0.6168 -8.0240 0.6415
v  -0.6132 -8.0288 0.6413
v  -0.4873 -7.9411 0.6415
v  -0.4845 -7.9464 0.6413
v  -0.4222 -7.9088 0.6414
v  -0.4198 -7.9143 0.6413
v  -0.3566 -7.8826 0.6414
v  -0.3546 -7.8882 0.6413
v  -0.2898 -7.8619 0.6414
v  -0.2882 -7.8677 0.6413
v  -0.0183 -7.8241 0.6415
v  -0.0777 -7.8288 0.6415
v  -0.0773 -7.8348 0.6413
v  -0.1502 -7.8357 0.6415
v  -0.1494 -7.8416 0.6413
v  -0.2210 -7.8464 0.6415
v  -0.2198 -7.8523 0.6413
v  -0.0264 -8.7343 0.6373
v  -0.0264 -8.7343 0.6313
v  -0.0287 -8.7287 0.6369
v  -0.0105 -8.7333 0.6372
v  -0.0106 -8.7273 0.6368
v  -0.0751 -8.7519 0.6370
v  -0.0751 -8.7519 0.6310
v  -0.0771 -8.7461 0.6367
v  -0.0594 -8.7437 0.6372
v  -0.0617 -8.7382 0.6369
v  -0.0594 -8.7437 0.6312
v  -0.0434 -8.7380 0.6372
v  -0.0453 -8.7323 0.6369
v  -0.0434 -8.7380 0.6312
v  -0.0867 -8.7678 0.5906
v  -0.0751 -8.7519 0.5904
v  -0.0751 -8.7519 0.5964
v  -0.0720 -8.7570 0.5904
v  -0.0264 -8.7343 0.5906
v  -0.0256 -8.7403 0.5906
v  -0.0264 -8.7343 0.5966
v  -0.0105 -8.7333 0.5966
v  -0.0594 -8.7437 0.5906
v  -0.0594 -8.7437 0.5966
v  -0.0570 -8.7492 0.5906
v  -0.0434 -8.7380 0.5906
v  -0.0434 -8.7380 0.5966
v  -0.0417 -8.7438 0.5906
v  -0.0095 -8.8583 0.5906
v  0.6663 -8.0388 0.6087
v  0.6520 -8.0561 0.5822
v  0.4738 -8.2723 0.4644
v  0.6623 -8.0437 0.5929
v  0.5620 -8.1653 0.5279
v  0.5658 -8.1606 0.6052
v  0.5371 -8.1955 0.5769
v  0.5959 -8.1242 0.6264
v  0.5023 -8.2377 0.5344
v  0.4918 -8.2505 0.5345
v  0.4880 -8.2550 0.5359
v  0.5115 -8.2266 0.5428
v  0.5144 -8.2230 0.5466
v  0.6273 -8.0861 0.6408
v  0.6236 -8.0905 0.6391
v  0.6447 -8.0650 0.6413
v  0.0700 -8.7618 0.6312
v  0.0700 -8.7618 0.5906
v  0.0662 -8.7665 0.5906
v  -0.0129 -8.4627 0.6135
v  0.1620 -8.6503 0.6277
v  0.3340 -8.4416 0.5907
v  0.1386 -8.6787 0.6301
v  0.0398 -8.5789 0.5790
v  0.0411 -8.4678 0.5665
v  0.0424 -8.3573 0.5499
v  0.0464 -8.3269 0.5445
v  0.0570 -8.2991 0.5392
v  0.0743 -8.2736 0.5338
v  0.0393 -8.6155 0.5822
v  0.0395 -8.5939 0.5804
v  0.0973 -8.2528 0.5288
v  0.0411 -8.6276 0.5832
v  0.0463 -8.6382 0.5839
v  0.0547 -8.6471 0.5844
v  0.0652 -8.6529 0.5845
v  0.0771 -8.6553 0.5844
v  0.0892 -8.6539 0.5839
v  0.1000 -8.6490 0.5832
v  0.1333 -8.2349 0.5235
v  0.1745 -8.2289 0.5200
v  0.2151 -8.2362 0.5187
v  0.2512 -8.2556 0.5197
v  0.1092 -8.6409 0.5822
v  0.2728 -8.4412 0.5499
v  0.3021 -8.3635 0.5349
v  0.2799 -8.2860 0.5231
v  0.2970 -8.3224 0.5283
v  0.1912 -8.5408 0.5689
v  0.1245 -8.6222 0.5801
v  0.2944 -8.4033 0.5422
v  0.0395 -8.5939 0.6277
v  0.0395 -8.5939 0.6217
v  0.0335 -8.5933 0.6277
v  0.0398 -8.5789 0.6264
v  0.0338 -8.5800 0.6266
v  0.0398 -8.5789 0.6204
v  0.0411 -8.4678 0.6139
v  0.0351 -8.4672 0.6139
v  0.0411 -8.4678 0.6078
v  0.0424 -8.3573 0.5973
v  0.0368 -8.3535 0.5966
v  0.0424 -8.3573 0.5912
v  0.0464 -8.3269 0.5919
v  0.0405 -8.3260 0.5918
v  0.0464 -8.3269 0.5858
v  0.0570 -8.2991 0.5865
v  0.0498 -8.3010 0.5869
v  0.0570 -8.2991 0.5804
v  0.0743 -8.2736 0.5811
v  0.0732 -8.2665 0.5795
v  0.0743 -8.2736 0.5750
v  0.0973 -8.2528 0.5762
v  0.0975 -8.2461 0.5746
v  0.0973 -8.2528 0.5701
v  0.0393 -8.6155 0.6296
v  0.0393 -8.6155 0.6236
v  0.0335 -8.6167 0.6297
v  0.1333 -8.2349 0.5709
v  0.1345 -8.2288 0.5694
v  0.1333 -8.2349 0.5648
v  0.0411 -8.6276 0.6305
v  0.0411 -8.6276 0.6245
v  0.0350 -8.6273 0.6305
v  0.1912 -8.5408 0.6162
v  0.1912 -8.5408 0.6102
v  0.1976 -8.5424 0.6159
v  0.1245 -8.6222 0.6275
v  0.1293 -8.6258 0.6275
v  0.1245 -8.6222 0.6215
v  0.0463 -8.6382 0.6252
v  0.0463 -8.6382 0.6312
v  0.0413 -8.6405 0.6314
v  0.0547 -8.6471 0.6317
v  0.0547 -8.6471 0.6257
v  0.0529 -8.6530 0.6321
v  0.0652 -8.6529 0.6319
v  0.0652 -8.6529 0.6259
v  0.0627 -8.6584 0.6322
v  0.0771 -8.6553 0.6317
v  0.0771 -8.6553 0.6257
v  0.0748 -8.6609 0.6321
v  0.0892 -8.6539 0.6312
v  0.0892 -8.6539 0.6252
v  0.0872 -8.6601 0.6316
v  0.1000 -8.6490 0.6305
v  0.1000 -8.6490 0.6245
v  0.0981 -8.6565 0.6310
v  0.1745 -8.2289 0.5673
v  0.1763 -8.2233 0.5659
v  0.1745 -8.2289 0.5613
v  0.2151 -8.2362 0.5660
v  0.2174 -8.2308 0.5646
v  0.2151 -8.2362 0.5600
v  0.2512 -8.2556 0.5671
v  0.2540 -8.2505 0.5657
v  0.2512 -8.2556 0.5611
v  0.2799 -8.2860 0.5705
v  0.2832 -8.2811 0.5691
v  0.2799 -8.2860 0.5645
v  0.1092 -8.6409 0.6296
v  0.1092 -8.6409 0.6236
v  0.1129 -8.6456 0.6297
v  0.2728 -8.4412 0.5973
v  0.2728 -8.4412 0.5912
v  0.2797 -8.4412 0.5965
v  0.3021 -8.3635 0.5823
v  0.3021 -8.3635 0.5762
v  0.3075 -8.3586 0.5807
v  0.2944 -8.4033 0.5895
v  0.2988 -8.4076 0.5897
v  0.2944 -8.4033 0.5834
v  0.2970 -8.3224 0.5756
v  0.3012 -8.3175 0.5741
v  0.2970 -8.3224 0.5696
v  0.0637 -7.7987 0.6090
v  0.1437 -7.8072 0.6089
v  0.2201 -7.8210 0.6088
v  0.2923 -7.8400 0.6088
v  0.3611 -7.8627 0.6087
v  0.4273 -7.8902 0.6088
v  0.4923 -7.9221 0.6088
v  0.5560 -7.9591 0.6089
v  0.6179 -8.0013 0.6090
v  0.0621 -7.8223 0.5818
v  0.1404 -7.8303 0.5819
v  0.2152 -7.8430 0.5822
v  0.2861 -7.8608 0.5825
v  0.3535 -7.8830 0.5825
v  0.4184 -7.9101 0.5825
v  0.4816 -7.9422 0.5821
v  0.5435 -7.9791 0.5818
v  0.6038 -8.0205 0.5817
v  0.0427 -8.1021 0.4648
v  0.0999 -8.1077 0.4647
v  0.1547 -8.1167 0.4644
v  0.2065 -8.1293 0.4642
v  0.2558 -8.1455 0.4642
v  0.3031 -8.1654 0.4642
v  0.3492 -8.1891 0.4645
v  0.3941 -8.2165 0.4648
v  0.4382 -8.2468 0.4648
v  0.0632 -7.8051 0.6303
v  0.1428 -7.8133 0.6298
v  0.2189 -7.8263 0.6289
v  0.2909 -7.8446 0.6280
v  0.3594 -7.8671 0.6279
v  0.4253 -7.8947 0.6282
v  0.4897 -7.9271 0.6291
v  0.5526 -7.9645 0.6301
v  0.6140 -8.0066 0.6304
v  0.6629 -8.0429 0.6288
v  0.0632 -7.8054 0.5924
v  0.1428 -7.8138 0.5926
v  0.2187 -7.8274 0.5928
v  0.2906 -7.8459 0.5932
v  0.3589 -7.8684 0.5932
v  0.4248 -7.8959 0.5931
v  0.4893 -7.9278 0.5928
v  0.5524 -7.9648 0.5925
v  0.6139 -8.0067 0.5925
v  0.0523 -7.9636 0.5274
v  0.1200 -7.9704 0.5276
v  0.1847 -7.9813 0.5279
v  0.2460 -7.9964 0.5282
v  0.3041 -8.0157 0.5282
v  0.3601 -8.0391 0.5281
v  0.4147 -8.0668 0.5278
v  0.4681 -8.0989 0.5274
v  0.5203 -8.1347 0.5274
v  0.0527 -7.9580 0.6043
v  0.1208 -7.9647 0.6046
v  0.1860 -7.9754 0.6052
v  0.2477 -7.9904 0.6058
v  0.3063 -8.0097 0.6058
v  0.3627 -8.0334 0.6057
v  0.4176 -8.0616 0.6051
v  0.4711 -8.0942 0.6044
v  0.5235 -8.1302 0.6043
v  0.0497 -8.0028 0.5757
v  0.1142 -8.0092 0.5761
v  0.1762 -8.0195 0.5768
v  0.2348 -8.0339 0.5775
v  0.2905 -8.0522 0.5776
v  0.3441 -8.0747 0.5774
v  0.3962 -8.1014 0.5767
v  0.4472 -8.1322 0.5759
v  0.4970 -8.1665 0.5757
v  0.0559 -7.9109 0.6257
v  0.1276 -7.9180 0.6259
v  0.1962 -7.9293 0.6263
v  0.2611 -7.9451 0.6268
v  0.3228 -7.9654 0.6268
v  0.3821 -7.9904 0.6267
v  0.4398 -8.0200 0.6263
v  0.4962 -8.0542 0.6258
v  0.5514 -8.0922 0.6257
v  0.0452 -8.0574 0.5340
v  0.1061 -8.0634 0.5342
v  0.1643 -8.0729 0.5344
v  0.2193 -8.0864 0.5346
v  0.2715 -8.1037 0.5347
v  0.3217 -8.1247 0.5345
v  0.3706 -8.1498 0.5344
v  0.4184 -8.1787 0.5341
v  0.4652 -8.2109 0.5341
v  0.1040 -8.0798 0.5348
v  0.1038 -8.0857 0.5362
v  0.0447 -8.0740 0.5350
v  0.0455 -8.0799 0.5364
v  0.1608 -8.0891 0.5346
v  0.1597 -8.0948 0.5360
v  0.2146 -8.1022 0.5344
v  0.2128 -8.1077 0.5358
v  0.2657 -8.1190 0.5343
v  0.2634 -8.1244 0.5358
v  0.3148 -8.1396 0.5344
v  0.3120 -8.1448 0.5358
v  0.4549 -8.2241 0.5350
v  0.4505 -8.2281 0.5364
v  0.4092 -8.1926 0.5349
v  0.4053 -8.1971 0.5363
v  0.3626 -8.1642 0.5346
v  0.3593 -8.1691 0.5361
v  0.0468 -8.0426 0.5417
v  0.0471 -8.0380 0.5456
v  0.1085 -8.0488 0.5421
v  0.1092 -8.0443 0.5460
v  0.1675 -8.0589 0.5428
v  0.1685 -8.0544 0.5467
v  0.2233 -8.0727 0.5432
v  0.2246 -8.0683 0.5471
v  0.2764 -8.0903 0.5435
v  0.2780 -8.0859 0.5473
v  0.3275 -8.1115 0.5431
v  0.3293 -8.1074 0.5470
v  0.4735 -8.1986 0.5417
v  0.4762 -8.1949 0.5456
v  0.3772 -8.1368 0.5426
v  0.3794 -8.1328 0.5465
v  0.4259 -8.1660 0.5419
v  0.4283 -8.1622 0.5458
v  0.0593 -7.8616 0.6404
v  0.0589 -7.8674 0.6387
v  0.1347 -7.8691 0.6405
v  0.1339 -7.8748 0.6388
v  0.2069 -7.8811 0.6408
v  0.2056 -7.8867 0.6391
v  0.2752 -7.8978 0.6410
v  0.2735 -7.9033 0.6394
v  0.3400 -7.9192 0.6411
v  0.3380 -7.9246 0.6394
v  0.4024 -7.9454 0.6410
v  0.4001 -7.9506 0.6393
v  0.5806 -8.0523 0.6403
v  0.5772 -8.0570 0.6386
v  0.4632 -7.9765 0.6407
v  0.4604 -7.9816 0.6390
v  0.5225 -8.0124 0.6404
v  0.5194 -8.0173 0.6387
v  0.1395 -7.8364 0.6415
v  0.1386 -7.8424 0.6413
v  0.0616 -7.8288 0.6415
v  0.0612 -7.8348 0.6413
v  0.2140 -7.8485 0.6415
v  0.2127 -7.8544 0.6413
v  0.2847 -7.8657 0.6414
v  0.2830 -7.8714 0.6413
v  0.3518 -7.8877 0.6414
v  0.3497 -7.8933 0.6413
v  0.4162 -7.9148 0.6414
v  0.4137 -7.9203 0.6413
v  0.6485 -8.0604 0.6415
v  0.6000 -8.0258 0.6415
v  0.5965 -8.0307 0.6413
v  0.5400 -7.9845 0.6415
v  0.5368 -7.9896 0.6413
v  0.4789 -7.9472 0.6415
v  0.4760 -7.9525 0.6413
v  0.0572 -8.7525 0.6373
v  0.0572 -8.7525 0.6313
v  0.0591 -8.7467 0.6369
v  0.0700 -8.7618 0.6372
v  0.0739 -8.7572 0.6368
v  0.0086 -8.7346 0.6370
v  0.0086 -8.7346 0.6310
v  0.0108 -8.7289 0.6367
v  0.0260 -8.7385 0.6372
v  0.0278 -8.7327 0.6369
v  0.0260 -8.7385 0.6312
v  0.0419 -8.7444 0.6372
v  0.0441 -8.7388 0.6369
v  0.0419 -8.7444 0.6312
v  0.0086 -8.7346 0.5904
v  0.0086 -8.7346 0.5964
v  0.0078 -8.7405 0.5904
v  0.0572 -8.7525 0.5906
v  0.0540 -8.7576 0.5906
v  0.0572 -8.7525 0.5966
v  0.0700 -8.7618 0.5966
v  0.0260 -8.7385 0.5906
v  0.0260 -8.7385 0.5966
v  0.0242 -8.7442 0.5906
v  0.0419 -8.7444 0.5906
v  0.0419 -8.7444 0.5966
v  0.0394 -8.7499 0.5906
v  1.0128 -8.6690 0.5822
v  0.8002 -8.7084 0.5466
v  0.9747 -8.6761 0.6408
v  0.9690 -8.6771 0.6391
v  0.1075 -8.8366 0.5906
v  0.2421 -8.5530 0.6135
v  0.2556 -8.8092 0.6277
v  0.2078 -8.6759 0.5790
v  0.2802 -8.5917 0.5665
v  0.3523 -8.5078 0.5499
v  0.3749 -8.4871 0.5445
v  0.4009 -8.4726 0.5392
v  0.4305 -8.4642 0.5338
v  0.1840 -8.7037 0.5822
v  0.1980 -8.6873 0.5804
v  0.4615 -8.4631 0.5288
v  0.1776 -8.7141 0.5832
v  0.1747 -8.7256 0.5839
v  0.1754 -8.7378 0.5844
v  0.1797 -8.7490 0.5845
v  0.1873 -8.7584 0.5844
v  0.1975 -8.7652 0.5839
v  0.2089 -8.7684 0.5832
v  0.5006 -8.4725 0.5235
v  0.5360 -8.4945 0.5200
v  0.5624 -8.5261 0.5187
v  0.5776 -8.5642 0.5197
v  0.2211 -8.7680 0.5822
v  0.4749 -8.7202 0.5499
v  0.5473 -8.6795 0.5349
v  0.5800 -8.6059 0.5231
v  0.5697 -8.6448 0.5283
v  0.3483 -8.7440 0.5689
v  0.2449 -8.7636 0.5801
v  0.5158 -8.7050 0.5422
v  0.1980 -8.6873 0.6277
v  0.1980 -8.6873 0.6217
v  0.1938 -8.6829 0.6277
v  0.2078 -8.6759 0.6264
v  0.2025 -8.6729 0.6266
v  0.2078 -8.6759 0.6204
v  0.2802 -8.5917 0.6139
v  0.2760 -8.5873 0.6139
v  0.2802 -8.5917 0.6078
v  0.3523 -8.5078 0.5973
v  0.3505 -8.5013 0.5966
v  0.3523 -8.5078 0.5912
v  0.3749 -8.4871 0.5919
v  0.3709 -8.4826 0.5918
v  0.3749 -8.4871 0.5858
v  0.4009 -8.4726 0.5865
v  0.3942 -8.4695 0.5869
v  0.4009 -8.4726 0.5804
v  0.4305 -8.4642 0.5811
v  0.4342 -8.4581 0.5795
v  0.4305 -8.4642 0.5750
v  0.4615 -8.4631 0.5762
v  0.4660 -8.4581 0.5746
v  0.4615 -8.4631 0.5701
v  0.1840 -8.7037 0.6296
v  0.1840 -8.7037 0.6236
v  0.1787 -8.7008 0.6297
v  0.5006 -8.4725 0.5709
v  0.5054 -8.4686 0.5694
v  0.5006 -8.4725 0.5648
v  0.1776 -8.7141 0.6305
v  0.1776 -8.7141 0.6245
v  0.1730 -8.7100 0.6305
v  0.3483 -8.7440 0.6162
v  0.3483 -8.7440 0.6102
v  0.3522 -8.7494 0.6159
v  0.2449 -8.7636 0.6275
v  0.2463 -8.7694 0.6275
v  0.2449 -8.7636 0.6215
v  0.1747 -8.7256 0.6252
v  0.1747 -8.7256 0.6312
v  0.1694 -8.7241 0.6314
v  0.1754 -8.7378 0.6317
v  0.1754 -8.7378 0.6257
v  0.1702 -8.7411 0.6321
v  0.1797 -8.7490 0.6319
v  0.1797 -8.7490 0.6259
v  0.1743 -8.7516 0.6322
v  0.1873 -8.7584 0.6317
v  0.1873 -8.7584 0.6257
v  0.1819 -8.7613 0.6321
v  0.1975 -8.7652 0.6312
v  0.1975 -8.7652 0.6252
v  0.1919 -8.7686 0.6316
v  0.2089 -8.7684 0.6305
v  0.2089 -8.7684 0.6245
v  0.2026 -8.7728 0.6310
v  0.5360 -8.4945 0.5673
v  0.5410 -8.4913 0.5659
v  0.5360 -8.4945 0.5613
v  0.5624 -8.5261 0.5660
v  0.5677 -8.5235 0.5646
v  0.5624 -8.5261 0.5600
v  0.5776 -8.5642 0.5671
v  0.5830 -8.5621 0.5657
v  0.5776 -8.5642 0.5611
v  0.5800 -8.6059 0.5705
v  0.5858 -8.6043 0.5691
v  0.5800 -8.6059 0.5645
v  0.2211 -8.7680 0.6296
v  0.2211 -8.7680 0.6236
v  0.2209 -8.7740 0.6297
v  0.4749 -8.7202 0.5973
v  0.4749 -8.7202 0.5912
v  0.4801 -8.7247 0.5965
v  0.5473 -8.6795 0.5823
v  0.5473 -8.6795 0.5762
v  0.5545 -8.6792 0.5807
v  0.5158 -8.7050 0.5895
v  0.5164 -8.7112 0.5897
v  0.5158 -8.7050 0.5834
v  0.5697 -8.6448 0.5756
v  0.5761 -8.6438 0.5741
v  0.5697 -8.6448 0.5696
v  0.7277 -8.0936 0.6090
v  0.7835 -8.1516 0.6089
v  0.8331 -8.2113 0.6088
v  0.8763 -8.2722 0.6088
v  0.9143 -8.3338 0.6087
v  0.9474 -8.3974 0.6088
v  0.9767 -8.4637 0.6088
v  1.0017 -8.5330 0.6089
v  1.0220 -8.6051 0.6090
v  0.7112 -8.1107 0.5818
v  0.7661 -8.1671 0.5819
v  0.8153 -8.2250 0.5822
v  0.8582 -8.2842 0.5825
v  0.8954 -8.3445 0.5825
v  0.9277 -8.4069 0.5825
v  0.9556 -8.4721 0.5821
v  0.9792 -8.5402 0.5818
v  0.9989 -8.6107 0.5817
v  0.5165 -8.3126 0.4648
v  0.5568 -8.3537 0.4647
v  0.5929 -8.3957 0.4644
v  0.6246 -8.4387 0.4642
v  0.6519 -8.4828 0.4642
v  0.6754 -8.5285 0.4642
v  0.6954 -8.5762 0.4645
v  0.7122 -8.6261 0.4648
v  0.7265 -8.6776 0.4648
v  0.7232 -8.0982 0.6303
v  0.7789 -8.1557 0.6298
v  0.8288 -8.2146 0.6289
v  0.8722 -8.2748 0.6280
v  0.9102 -8.3361 0.6279
v  0.9430 -8.3996 0.6282
v  0.9715 -8.4658 0.6291
v  0.9956 -8.5349 0.6301
v  1.0156 -8.6066 0.6304
v  0.7230 -8.0985 0.5924
v  0.7785 -8.1560 0.5926
v  0.8280 -8.2152 0.5928
v  0.8711 -8.2756 0.5932
v  0.9090 -8.3368 0.5932
v  0.9418 -8.4002 0.5931
v  0.9707 -8.4661 0.5928
v  0.9953 -8.5351 0.5925
v  1.0154 -8.6067 0.5925
v  0.6129 -8.2126 0.5274
v  0.6604 -8.2613 0.5276
v  0.7030 -8.3112 0.5279
v  0.7402 -8.3623 0.5282
v  0.7724 -8.4144 0.5282
v  0.8002 -8.4683 0.5281
v  0.8242 -8.5247 0.5278
v  0.8445 -8.5835 0.5274
v  0.8614 -8.6445 0.5274
v  0.6169 -8.2085 0.6043
v  0.6647 -8.2575 0.6046
v  0.7078 -8.3075 0.6052
v  0.7453 -8.3588 0.6058
v  0.7779 -8.4113 0.6058
v  0.8058 -8.4657 0.6057
v  0.8297 -8.5225 0.6051
v  0.8498 -8.5819 0.6044
v  0.8668 -8.6432 0.6043
v  0.5857 -8.2410 0.5757
v  0.6310 -8.2874 0.5761
v  0.6719 -8.3351 0.5768
v  0.7075 -8.3838 0.5775
v  0.7385 -8.4336 0.5776
v  0.7650 -8.4853 0.5774
v  0.7878 -8.5393 0.5767
v  0.8070 -8.5956 0.5759
v  0.8232 -8.6539 0.5757
v  0.6496 -8.1746 0.6257
v  0.6999 -8.2261 0.6259
v  0.7452 -8.2788 0.6263
v  0.7848 -8.3327 0.6268
v  0.8190 -8.3879 0.6268
v  0.8484 -8.4451 0.6267
v  0.8735 -8.5049 0.6263
v  0.8947 -8.5674 0.6258
v  0.9126 -8.6319 0.6257
v  0.5472 -8.2799 0.5340
v  0.5900 -8.3237 0.5342
v  0.6284 -8.3684 0.5344
v  0.6619 -8.4141 0.5346
v  0.6908 -8.4608 0.5347
v  0.7158 -8.5092 0.5345
v  0.7371 -8.5599 0.5344
v  0.7551 -8.6127 0.5341
v  0.7703 -8.6675 0.5341
v  0.5778 -8.3349 0.5348
v  0.5739 -8.3392 0.5362
v  0.5361 -8.2923 0.5350
v  0.5330 -8.2974 0.5364
v  0.6154 -8.3785 0.5346
v  0.6108 -8.3822 0.5360
v  0.6482 -8.4231 0.5344
v  0.6432 -8.4262 0.5358
v  0.6765 -8.4688 0.5343
v  0.6713 -8.4714 0.5358
v  0.7009 -8.5162 0.5344
v  0.6954 -8.5183 0.5358
v  0.7539 -8.6709 0.5350
v  0.7479 -8.6712 0.5364
v  0.7391 -8.6175 0.5349
v  0.7333 -8.6184 0.5363
v  0.7216 -8.5658 0.5346
v  0.7160 -8.5674 0.5361
v  0.5580 -8.2696 0.5417
v  0.5611 -8.2663 0.5456
v  0.6012 -8.3141 0.5421
v  0.6046 -8.3110 0.5460
v  0.6399 -8.3596 0.5428
v  0.6436 -8.3569 0.5467
v  0.6738 -8.4061 0.5432
v  0.6777 -8.4036 0.5471
v  0.7032 -8.4537 0.5435
v  0.7072 -8.4514 0.5473
v  0.7286 -8.5028 0.5431
v  0.7327 -8.5008 0.5470
v  0.7845 -8.6634 0.5417
v  0.7889 -8.6623 0.5456
v  0.7505 -8.5542 0.5426
v  0.7547 -8.5525 0.5465
v  0.7690 -8.6078 0.5419
v  0.7734 -8.6064 0.5458
v  0.6838 -8.1390 0.6404
v  0.6799 -8.1432 0.6387
v  0.7368 -8.1932 0.6405
v  0.7325 -8.1971 0.6388
v  0.7844 -8.2488 0.6408
v  0.7798 -8.2523 0.6391
v  0.8259 -8.3055 0.6410
v  0.8211 -8.3087 0.6394
v  0.8619 -8.3636 0.6411
v  0.8569 -8.3664 0.6394
v  0.8929 -8.4237 0.6410
v  0.8877 -8.4262 0.6393
v  0.9606 -8.6202 0.6403
v  0.9550 -8.6215 0.6386
v  0.9194 -8.4866 0.6407
v  0.9140 -8.4887 0.6390
v  0.9418 -8.5522 0.6404
v  0.9363 -8.5540 0.6387
v  0.7615 -8.1713 0.6415
v  0.7570 -8.1753 0.6413
v  0.7067 -8.1153 0.6415
v  0.7025 -8.1197 0.6413
v  0.8108 -8.2285 0.6415
v  0.8060 -8.2321 0.6413
v  0.8539 -8.2870 0.6414
v  0.8489 -8.2903 0.6413
v  0.8911 -8.3470 0.6414
v  0.8859 -8.3499 0.6413
v  0.9230 -8.4092 0.6414
v  0.9176 -8.4118 0.6413
v  0.9925 -8.6123 0.6415
v  0.9867 -8.6138 0.6413
v  0.9731 -8.5422 0.6415
v  0.9674 -8.5440 0.6413
v  0.9503 -8.4742 0.6415
v  0.9447 -8.4765 0.6413
v  0.1096 -8.8201 0.6373
v  0.1096 -8.8201 0.6313
v  0.1148 -8.8169 0.6369
v  0.1193 -8.8344 0.6368
v  0.0839 -8.7751 0.6370
v  0.0839 -8.7751 0.6310
v  0.0892 -8.7722 0.6367
v  0.0947 -8.7893 0.6372
v  0.0997 -8.7860 0.6369
v  0.0947 -8.7893 0.6312
v  0.1031 -8.8040 0.6372
v  0.1084 -8.8012 0.6369
v  0.1031 -8.8040 0.6312
v  0.0839 -8.7751 0.5904
v  0.0839 -8.7751 0.5964
v  0.0794 -8.7791 0.5904
v  0.1096 -8.8201 0.5906
v  0.1039 -8.8220 0.5906
v  0.1096 -8.8201 0.5966
v  0.0947 -8.7893 0.5906
v  0.0947 -8.7893 0.5966
v  0.0897 -8.7926 0.5906
v  0.1031 -8.8040 0.5906
v  0.1031 -8.8040 0.5966
v  0.0976 -8.8066 0.5906
v  0.9149 -9.3815 0.6087
v  0.8953 -9.3704 0.5822
v  0.6515 -9.2324 0.4644
v  0.9094 -9.3784 0.5929
v  0.7722 -9.3007 0.5279
v  0.7775 -9.3037 0.6052
v  0.7382 -9.2814 0.5769
v  0.8186 -9.3270 0.6264
v  0.6905 -9.2545 0.5344
v  0.6761 -9.2464 0.5345
v  0.6710 -9.2435 0.5359
v  0.7071 -9.2639 0.5466
v  0.8615 -9.3513 0.6408
v  0.8565 -9.3485 0.6391
v  0.8853 -9.3648 0.6413
v  0.0993 -8.9199 0.6312
v  0.0993 -8.9199 0.5906
v  0.0941 -8.9169 0.5906
v  0.3795 -8.7862 0.6135
v  0.2251 -8.9911 0.6277
v  0.4605 -9.1242 0.5907
v  0.1930 -8.9729 0.6301
v  0.2742 -8.8583 0.5790
v  0.3838 -8.8403 0.5665
v  0.4929 -8.8224 0.5499
v  0.5236 -8.8210 0.5445
v  0.5528 -8.8266 0.5392
v  0.5809 -8.8392 0.5338
v  0.2381 -8.8642 0.5822
v  0.2594 -8.8606 0.5804
v  0.6053 -8.8583 0.5288
v  0.2265 -8.8680 0.5832
v  0.2169 -8.8750 0.5839
v  0.2096 -8.8848 0.5844
v  0.2057 -8.8962 0.5845
v  0.2054 -8.9082 0.5844
v  0.2089 -8.9200 0.5839
v  0.2156 -8.9298 0.5832
v  0.6292 -8.8907 0.5235
v  0.6422 -8.9302 0.5200
v  0.6422 -8.9714 0.5187
v  0.6293 -9.0104 0.5197
v  0.2252 -8.9374 0.5822
v  0.4503 -9.0638 0.5499
v  0.5319 -9.0792 0.5349
v  0.6043 -9.0438 0.5231
v  0.5714 -9.0670 0.5283
v  0.3381 -9.0008 0.5689
v  0.2463 -8.9492 0.5801
v  0.4914 -9.0785 0.5422
v  0.2594 -8.8606 0.6277
v  0.2594 -8.8606 0.6217
v  0.2589 -8.8546 0.6277
v  0.2742 -8.8583 0.6264
v  0.2720 -8.8525 0.6266
v  0.2742 -8.8583 0.6204
v  0.3838 -8.8403 0.6139
v  0.3834 -8.8343 0.6139
v  0.3838 -8.8403 0.6078
v  0.4929 -8.8224 0.5973
v  0.4957 -8.8162 0.5966
v  0.4929 -8.8224 0.5912
v  0.5236 -8.8210 0.5919
v  0.5234 -8.8150 0.5918
v  0.5236 -8.8210 0.5858
v  0.5528 -8.8266 0.5865
v  0.5496 -8.8199 0.5869
v  0.5528 -8.8266 0.5804
v  0.5809 -8.8392 0.5811
v  0.5876 -8.8370 0.5795
v  0.5809 -8.8392 0.5750
v  0.6053 -8.8583 0.5762
v  0.6120 -8.8574 0.5746
v  0.6053 -8.8583 0.5701
v  0.2381 -8.8642 0.6296
v  0.2381 -8.8642 0.6236
v  0.2359 -8.8586 0.6297
v  0.6292 -8.8907 0.5709
v  0.6354 -8.8907 0.5694
v  0.6292 -8.8907 0.5648
v  0.2265 -8.8680 0.6305
v  0.2265 -8.8680 0.6245
v  0.2257 -8.8620 0.6305
v  0.3381 -9.0008 0.6162
v  0.3381 -9.0008 0.6102
v  0.3376 -9.0074 0.6159
v  0.2463 -8.9492 0.6275
v  0.2436 -8.9546 0.6275
v  0.2463 -8.9492 0.6215
v  0.2169 -8.8750 0.6252
v  0.2169 -8.8750 0.6312
v  0.2138 -8.8705 0.6314
v  0.2096 -8.8848 0.6317
v  0.2096 -8.8848 0.6257
v  0.2035 -8.8840 0.6321
v  0.2057 -8.8962 0.6319
v  0.2057 -8.8962 0.6259
v  0.1999 -8.8947 0.6322
v  0.2054 -8.9082 0.6317
v  0.2054 -8.9082 0.6257
v  0.1995 -8.9070 0.6321
v  0.2089 -8.9200 0.6312
v  0.2089 -8.9200 0.6252
v  0.2024 -8.9191 0.6316
v  0.2156 -8.9298 0.6305
v  0.2156 -8.9298 0.6245
v  0.2079 -8.9291 0.6310
v  0.6422 -8.9302 0.5673
v  0.6481 -8.9310 0.5659
v  0.6422 -8.9302 0.5613
v  0.6422 -8.9714 0.5660
v  0.6479 -8.9728 0.5646
v  0.6422 -8.9714 0.5600
v  0.6293 -9.0104 0.5671
v  0.6348 -9.0122 0.5657
v  0.6293 -9.0104 0.5611
v  0.6043 -9.0438 0.5705
v  0.6098 -9.0463 0.5691
v  0.6043 -9.0438 0.5645
v  0.2252 -8.9374 0.6296
v  0.2252 -8.9374 0.6236
v  0.2212 -8.9418 0.6297
v  0.4503 -9.0638 0.5973
v  0.4503 -9.0638 0.5912
v  0.4515 -9.0706 0.5965
v  0.5319 -9.0792 0.5823
v  0.5319 -9.0792 0.5762
v  0.5376 -9.0836 0.5807
v  0.4914 -9.0785 0.5895
v  0.4879 -9.0836 0.5897
v  0.4914 -9.0785 0.5834
v  0.5714 -9.0670 0.5756
v  0.5770 -9.0703 0.5741
v  0.5714 -9.0670 0.5696
v  0.2193 -8.8159 0.6301
v  1.0467 -8.7463 0.6090
v  1.0522 -8.8267 0.6089
v  1.0519 -8.9043 0.6088
v  1.0458 -8.9786 0.6088
v  1.0353 -9.0503 0.6087
v  1.0197 -9.1203 0.6088
v  0.9996 -9.1899 0.6088
v  0.9742 -9.2590 0.6089
v  0.9434 -9.3273 0.6090
v  1.0350 -8.6649 0.6087
v  1.0231 -8.7488 0.5818
v  1.0289 -8.8273 0.5819
v  1.0294 -8.9033 0.5822
v  1.0242 -8.9762 0.5825
v  1.0140 -9.0464 0.5825
v  0.9986 -9.1150 0.5825
v  0.9780 -9.1828 0.5821
v  0.9523 -9.2502 0.5818
v  0.9221 -9.3168 0.5817
v  0.7442 -8.7784 0.4648
v  0.7486 -8.8357 0.4647
v  0.7493 -8.8912 0.4644
v  0.7459 -8.9444 0.4642
v  0.7385 -8.9958 0.4642
v  0.7271 -9.0458 0.4642
v  0.7118 -9.0953 0.4645
v  0.6926 -9.1443 0.4648
v  0.6704 -9.1930 0.4648
v  0.7374 -8.7200 0.4644
v  1.0403 -8.7470 0.6303
v  1.0461 -8.8268 0.6298
v  1.0464 -8.9040 0.6289
v  1.0410 -8.9781 0.6280
v  1.0307 -9.0495 0.6279
v  1.0150 -9.1192 0.6282
v  0.9943 -9.1882 0.6291
v  0.9683 -9.2567 0.6301
v  0.9375 -9.3244 0.6304
v  0.9103 -9.3789 0.6288
v  1.0297 -8.6659 0.6288
v  1.0400 -8.7470 0.5924
v  1.0456 -8.8268 0.5926
v  1.0454 -8.9040 0.5928
v  1.0396 -8.9780 0.5932
v  1.0293 -9.0492 0.5932
v  1.0137 -9.1188 0.5931
v  0.9935 -9.1879 0.5928
v  0.9679 -9.2565 0.5925
v  0.9373 -9.3243 0.5925
v  1.0287 -8.6661 0.5929
v  0.8824 -8.7637 0.5274
v  0.8874 -8.8316 0.5276
v  0.8879 -8.8972 0.5279
v  0.8836 -8.9602 0.5282
v  0.8748 -9.0208 0.5282
v  0.8615 -9.0800 0.5281
v  0.8436 -9.1386 0.5278
v  0.8213 -9.1967 0.5274
v  0.7951 -9.2544 0.5274
v  0.8737 -8.6947 0.5279
v  0.8879 -8.7632 0.6043
v  0.8932 -8.8314 0.6046
v  0.8939 -8.8974 0.6052
v  0.8898 -8.9608 0.6058
v  0.8810 -9.0220 0.6058
v  0.8674 -9.0816 0.6057
v  0.8492 -9.1405 0.6051
v  0.8265 -9.1989 0.6044
v  0.8001 -9.2568 0.6043
v  0.8797 -8.6936 0.6052
v  0.8432 -8.7680 0.5757
v  0.8481 -8.8326 0.5761
v  0.8488 -8.8955 0.5768
v  0.8448 -8.9557 0.5775
v  0.8364 -9.0138 0.5776
v  0.8235 -9.0704 0.5774
v  0.8063 -9.1264 0.5767
v  0.7848 -9.1819 0.5759
v  0.7597 -9.2369 0.5757
v  0.8352 -8.7019 0.5769
v  0.9348 -8.7582 0.6257
v  0.9403 -8.8300 0.6259
v  0.9411 -8.8995 0.6263
v  0.9368 -8.9662 0.6268
v  0.9275 -9.0305 0.6268
v  0.9132 -9.0932 0.6267
v  0.8941 -9.1552 0.6263
v  0.8701 -9.2167 0.6258
v  0.8423 -9.2776 0.6257
v  0.9261 -8.6850 0.6264
v  0.7887 -8.7731 0.5340
v  0.7934 -8.8341 0.5342
v  0.7941 -8.8930 0.5344
v  0.7904 -8.9496 0.5346
v  0.7824 -9.0040 0.5347
v  0.7705 -9.0571 0.5345
v  0.7543 -9.1096 0.5344
v  0.7341 -9.1617 0.5341
v  0.7105 -9.2133 0.5341
v  0.7814 -8.7119 0.5344
v  0.7769 -8.8349 0.5348
v  0.7710 -8.8357 0.5362
v  0.7723 -8.7754 0.5350
v  0.7666 -8.7773 0.5364
v  0.7776 -8.8924 0.5346
v  0.7717 -8.8923 0.5360
v  0.7740 -8.9476 0.5344
v  0.7682 -8.9469 0.5358
v  0.7663 -9.0009 0.5343
v  0.7607 -8.9995 0.5358
v  0.7545 -9.0528 0.5344
v  0.7490 -9.0510 0.5358
v  0.6957 -9.2055 0.5350
v  0.6910 -9.2018 0.5364
v  0.7188 -9.1550 0.5349
v  0.7137 -9.1520 0.5363
v  0.7386 -9.1041 0.5346
v  0.7333 -9.1017 0.5361
v  0.8036 -8.7721 0.5417
v  0.8081 -8.7716 0.5456
v  0.8082 -8.8339 0.5421
v  0.8127 -8.8338 0.5460
v  0.8085 -8.8937 0.5428
v  0.8131 -8.8939 0.5467
v  0.8046 -8.9511 0.5432
v  0.8092 -8.9517 0.5471
v  0.7965 -9.0064 0.5435
v  0.8010 -9.0072 0.5473
v  0.7844 -9.0604 0.5431
v  0.7889 -9.0616 0.5470
v  0.7240 -9.2194 0.5417
v  0.7281 -9.2214 0.5456
v  0.7681 -9.1138 0.5426
v  0.7725 -9.1152 0.5465
v  0.7479 -9.1669 0.5419
v  0.7521 -9.1686 0.5458
v  0.7956 -8.7092 0.5428
v  0.9840 -8.7530 0.6404
v  0.9782 -8.7536 0.6387
v  0.9897 -8.8285 0.6405
v  0.9839 -8.8287 0.6388
v  0.9904 -8.9016 0.6408
v  0.9847 -8.9014 0.6391
v  0.9858 -8.9718 0.6410
v  0.9801 -8.9711 0.6394
v  0.9760 -9.0394 0.6411
v  0.9703 -9.0384 0.6394
v  0.9611 -9.1054 0.6410
v  0.9555 -9.1040 0.6393
v  0.8867 -9.2994 0.6403
v  0.8815 -9.2969 0.6386
v  0.9410 -9.1706 0.6407
v  0.9355 -9.1688 0.6390
v  0.9159 -9.2353 0.6404
v  0.9106 -9.2331 0.6387
v  1.0227 -8.8275 0.6415
v  1.0167 -8.8277 0.6413
v  1.0167 -8.7495 0.6415
v  1.0107 -8.7501 0.6413
v  1.0237 -8.9031 0.6415
v  1.0177 -8.9028 0.6413
v  1.0191 -8.9756 0.6414
v  1.0132 -8.9749 0.6413
v  1.0090 -9.0455 0.6414
v  1.0031 -9.0444 0.6413
v  0.9935 -9.1137 0.6414
v  0.9877 -9.1122 0.6413
v  0.8906 -9.3677 0.6415
v  0.9162 -9.3140 0.6415
v  0.9108 -9.3113 0.6413
v  0.9464 -9.2477 0.6415
v  0.9409 -9.2455 0.6413
v  0.9726 -9.1810 0.6415
v  0.9669 -9.1791 0.6413
v  1.0075 -8.6700 0.6415
v  1.0016 -8.6711 0.6413
v  0.1063 -8.9056 0.6373
v  0.1063 -8.9056 0.6313
v  0.1123 -8.9065 0.6369
v  0.0993 -8.9199 0.6372
v  0.1045 -8.9228 0.6368
v  0.1155 -8.8546 0.6370
v  0.1155 -8.8546 0.6310
v  0.1214 -8.8558 0.6367
v  0.1147 -8.8724 0.6372
v  0.1206 -8.8731 0.6369
v  0.1147 -8.8724 0.6312
v  0.1116 -8.8891 0.6372
v  0.1175 -8.8903 0.6369
v  0.1116 -8.8891 0.6312
v  0.1134 -8.8355 0.5906
v  0.1134 -8.8355 0.5966
v  0.1155 -8.8546 0.5904
v  0.1155 -8.8546 0.5964
v  0.1095 -8.8548 0.5904
v  0.1063 -8.9056 0.5906
v  0.1007 -8.9033 0.5906
v  0.1063 -8.9056 0.5966
v  0.0993 -8.9199 0.5966
v  0.1147 -8.8724 0.5906
v  0.1147 -8.8724 0.5966
v  0.1087 -8.8717 0.5906
v  0.1116 -8.8891 0.5906
v  0.1116 -8.8891 0.5966
v  0.1058 -8.8876 0.5906
v  0.5215 -8.7598 0.5907
v  0.7652 -8.7149 0.5345
v  0.7594 -8.7159 0.5359
v  0.1134 -8.8355 0.6372
v  0.1134 -8.8355 0.6312
v  -9.1714 -1.7423 4.4737
v  -9.2937 -4.0549 4.4737
v  -9.9250 -6.0832 4.4737
v  -10.3304 -7.1817 4.4737
v  -10.4729 -8.8470 4.4737
v  -10.4218 -11.4181 4.4737
v  -10.4038 -12.4322 4.4737
v  -10.3698 -14.5131 4.4737
v  -9.9612 -16.3157 4.4737
v  -8.8368 -17.7613 4.4737
v  -6.9702 -18.6587 4.4737
v  -4.4300 -18.8475 4.4737
v  -3.0068 -18.8906 4.4737
v  -1.5094 -18.9316 4.4737
v  -8.9064 -1.7423 3.6398
v  -9.0242 -4.0549 3.6398
v  -9.6498 -6.0832 3.6398
v  -10.0582 -7.1817 3.6398
v  -10.2086 -8.8470 3.6398
v  -10.1559 -11.4181 3.6398
v  -10.1356 -12.4322 3.6398
v  -10.0960 -14.4356 3.6398
v  -9.7078 -16.1629 3.6398
v  -8.6327 -17.5308 3.6398
v  -6.8322 -18.3700 3.6398
v  -4.3568 -18.5529 3.6398
v  -2.9598 -18.5956 3.6398
v  -1.4859 -18.6359 3.6398
v  -8.4995 -1.7423 2.4556
v  -8.6078 -4.0549 2.4556
v  -9.2253 -6.0832 2.4556
v  -9.6338 -7.1817 2.4556
v  -9.7951 -8.8471 2.4556
v  -9.7404 -11.4181 2.4556
v  -9.7174 -12.4322 2.4556
v  -9.6725 -14.3169 2.4556
v  -9.3215 -15.9307 2.4556
v  -8.3276 -17.1884 2.4556
v  -6.6287 -17.9448 2.4556
v  -4.2490 -18.1086 2.4556
v  -2.8907 -18.1470 2.4556
v  -1.4511 -18.1821 2.4556
v  -7.9142 -1.7423 0.9655
v  -8.0070 -4.0549 0.9655
v  -8.6168 -6.0832 0.9655
v  -9.0124 -7.1817 0.9655
v  -9.1990 -8.8472 0.9655
v  -9.1451 -11.4181 0.9655
v  -9.1209 -12.4322 0.9655
v  -9.0746 -14.1457 0.9655
v  -8.7851 -15.6097 0.9655
v  -7.9132 -16.7284 0.9655
v  -6.3611 -17.3919 0.9655
v  -4.1069 -17.5049 0.9655
v  -2.7998 -17.5304 0.9655
v  -1.4053 -17.5513 0.9655
v  -9.1709 -2.9929 4.4737
v  -8.9067 -2.9929 3.6398
v  -8.4994 -2.9929 2.4556
v  -7.9122 -2.9929 0.9655
v  -9.6278 -5.2329 4.4737
v  -9.3500 -5.2329 3.6398
v  -8.9209 -5.2329 2.4556
v  -8.3041 -5.2329 0.9655
v  -8.9003 -17.8405 5.5511
v  -7.0170 -18.7584 5.5511
v  -4.4755 -18.9355 5.5511
v  -3.0315 -18.9702 5.5512
v  -1.5177 -19.0074 5.5512
v  -10.2510 -15.4434 4.4737
v  -9.4800 -17.0938 4.4737
v  -8.0376 -18.2879 4.4737
v  -5.7552 -18.7993 4.4737
v  -9.9858 -15.3302 3.6398
v  -9.2485 -16.9017 3.6398
v  -7.8679 -18.0251 3.6398
v  -5.6519 -18.5059 3.6398
v  -9.5763 -15.1562 2.4556
v  -8.8969 -16.6116 2.4556
v  -7.6167 -17.6384 2.4556
v  -5.4993 -18.0671 2.4556
v  -8.9992 -14.9114 0.9655
v  -8.4142 -16.2165 0.9655
v  -7.2812 -17.1283 0.9655
v  -5.2972 -17.4769 0.9655
v  -9.5466 -17.1627 5.5511
v  -8.0966 -18.3798 5.5512
v  -5.8130 -18.8890 5.5512
v  -10.4378 -8.0013 4.4737
v  -10.1720 -8.0013 3.6398
v  -9.7564 -8.0013 2.4556
v  -9.1519 -8.0013 0.9655
v  -6.1977 -17.4616 4.4188
v  -3.9671 -17.5674 4.4595
v  -2.6974 -17.5823 4.4503
v  -1.3554 -17.5927 4.4386
v  -7.1346 -17.2298 4.3879
v  -5.1341 -17.5406 4.4536
v  -9.2741 -12.2463 4.3259
v  -9.2391 -14.1806 4.3307
v  -8.8135 -15.7545 4.3575
v  -7.8175 -16.8685 4.3806
v  -9.1006 -15.0138 4.3378
v  -8.3816 -16.3746 4.3720
v  -8.8321 -7.3762 4.1847
v  -9.2008 -8.8556 4.2298
v  -9.2629 -11.1470 4.2962
v  -9.0887 -8.0777 4.2127
v  -8.3857 -6.7408 4.1417
v  -5.2435 -5.7249 4.1033
v  -6.9725 -5.9012 4.0925
v  -7.7533 -6.2277 4.1037
v  -6.1166 -5.7575 4.0978
v  -5.8723 -17.1035 3.9298
v  -3.7695 -17.2003 3.9772
v  -2.5651 -17.2131 3.9677
v  -1.2884 -17.2196 3.9545
v  -6.7511 -16.9127 3.8835
v  -4.8756 -17.1721 3.9702
v  -8.8498 -12.1478 3.7689
v  -8.8073 -14.0708 3.7770
v  -8.3729 -15.5820 3.8333
v  -7.4060 -16.5980 3.8714
v  -8.6566 -14.8784 3.8012
v  -7.9506 -16.1562 3.8581
v  -8.4309 -7.4824 3.5531
v  -8.7924 -8.8597 3.6395
v  -8.8383 -11.0457 3.7331
v  -8.6784 -8.1414 3.6047
v  -8.0047 -6.8691 3.4841
v  -4.9760 -5.8902 3.4371
v  -6.6383 -6.0715 3.4292
v  -7.3938 -6.3770 3.4362
v  -5.8152 -5.9346 3.4362
v  -5.0388 -16.3341 2.8906
v  -3.2375 -16.4165 2.9277
v  -2.2028 -16.4249 2.9109
v  -1.1066 -16.4254 2.8950
v  -5.7837 -16.2089 2.8283
v  -4.1883 -16.3909 2.9278
v  -7.8997 -11.8470 2.6002
v  -7.8337 -13.6754 2.5935
v  -7.3588 -15.0696 2.6915
v  -6.4189 -15.9565 2.7762
v  -7.6538 -14.4312 2.6365
v  -6.9445 -15.5773 2.7385
v  -7.4975 -7.8245 2.3608
v  -7.8336 -8.8628 2.4970
v  -7.8857 -10.7981 2.5729
v  -7.7187 -8.3247 2.4417
v  -7.1156 -7.3161 2.2741
v  -4.4348 -6.3033 2.2104
v  -5.9189 -6.5807 2.2106
v  -6.5810 -6.8825 2.2185
v  -5.1881 -6.4026 2.2140
v  -3.9225 -5.7022 4.0985
v  -2.6195 -5.6828 4.0871
v  -1.3128 -5.6630 4.0706
v  -3.7329 -5.8592 3.4258
v  -2.4961 -5.8376 3.4109
v  -1.2534 -5.8207 3.3923
v  -3.3512 -6.2245 2.2037
v  -2.2548 -6.1811 2.2043
v  -1.1403 -6.1587 2.2032
v  -10.3996 -13.4733 4.4737
v  -10.1270 -13.4345 3.6398
v  -9.7036 -13.3749 2.4556
v  -9.1033 -13.2892 0.9655
v  -9.2786 -13.2146 4.3318
v  -8.8537 -13.1109 3.7743
v  -7.8983 -12.7641 2.5933
v  -1.9535 -13.6714 1.1640
v  -1.3275 -13.7001 1.1518
v  -0.6610 -13.7225 1.1458
v  -3.4344 -13.4415 1.1811
v  -2.5144 -13.6242 1.1748
v  -4.9327 -10.6642 1.1247
v  -4.7572 -12.0113 1.1397
v  -4.1995 -12.9787 1.1667
v  -4.7108 -8.2929 1.0893
v  -4.9194 -8.8710 1.1066
v  -4.9382 -10.0436 1.1171
v  -4.8471 -8.5785 1.0983
v  -4.4842 -7.9693 1.0816
v  -2.9192 -7.0358 1.1187
v  -3.8042 -7.3946 1.0924
v  -4.1799 -7.6630 1.0812
v  -3.3734 -7.1833 1.1065
v  -2.2433 -6.8802 1.1463
v  -1.5273 -6.7631 1.1824
v  -0.7800 -6.6861 1.2074
v  -4.8631 -11.3216 1.1240
v  -0.5595 -7.0690 0.9612
v  -1.9820 -11.8044 0.8893
v  -1.3017 -11.9633 0.8895
v  -0.8806 -12.0156 0.8886
v  -0.4310 -12.0514 0.8886
v  -2.2519 -11.7000 0.8885
v  -1.6686 -11.8940 0.8898
v  -3.2081 -9.9733 0.8735
v  -2.8978 -11.1480 0.8832
v  -2.5128 -11.5458 0.8867
v  -2.7267 -11.3628 0.8850
v  -3.1115 -8.4654 0.8596
v  -3.2297 -8.8666 0.8633
v  -3.2214 -9.6192 0.8677
v  -3.1899 -8.6655 0.8613
v  -2.9809 -8.2347 0.8592
v  -2.0425 -7.4710 0.8949
v  -2.5838 -7.7941 0.8717
v  -2.8038 -8.0067 0.8632
v  -2.3240 -7.6124 0.8832
v  -1.5920 -7.2909 0.9182
v  -1.0901 -7.1520 0.9446
v  -3.1722 -10.3726 0.8767
v  -4.0313 -15.1315 1.8346
v  -2.6016 -15.2323 1.8313
v  -1.7700 -15.2478 1.8116
v  -0.8878 -15.2565 1.7997
v  -4.6213 -15.0165 1.8107
v  -3.3593 -15.1966 1.8440
v  -6.5545 -11.3190 1.6471
v  -6.4429 -12.8490 1.6497
v  -5.9945 -14.0273 1.7140
v  -5.1742 -14.7835 1.7743
v  -6.2619 -13.4895 1.6788
v  -5.6317 -14.4563 1.7454
v  -6.2124 -8.0981 1.5549
v  -6.5011 -8.8679 1.6156
v  -6.5501 -10.4492 1.6388
v  -6.3993 -8.4723 1.5913
v  -5.8995 -7.6892 1.5172
v  -3.7465 -6.6621 1.5159
v  -4.9520 -7.0170 1.4985
v  -5.4753 -7.3178 1.4946
v  -4.3616 -6.8024 1.5100
v  -2.8556 -6.5320 1.5326
v  -1.9343 -6.4467 1.5672
v  -6.5296 -12.0875 1.6446
v  -0.9839 -6.3950 1.5952
v  -4.5423 -15.7928 2.3194
v  -2.9231 -15.8838 2.3368
v  -1.9889 -15.8949 2.3180
v  -0.9988 -15.8980 2.3045
v  -5.2118 -15.6742 2.2744
v  -3.7790 -15.8533 2.3438
v  -7.2780 -11.6053 2.0620
v  -7.1846 -13.3066 2.0554
v  -6.7113 -14.6076 2.1410
v  -5.8144 -15.4312 2.2259
v  -6.9984 -14.0135 2.0933
v  -6.3138 -15.0774 2.1880
v  -6.8922 -7.9725 1.9095
v  -7.2123 -8.8647 2.0034
v  -7.2685 -10.6335 2.0468
v  -7.0978 -8.4039 1.9693
v  -6.5430 -7.5156 1.8459
v  -4.1128 -6.4859 1.8199
v  -5.4661 -6.8093 1.8090
v  -6.0609 -7.1137 1.8092
v  -4.8016 -6.6097 1.8185
v  -3.1212 -6.3794 1.8268
v  -2.1071 -6.3160 1.8473
v  -0.4447 -7.2805 0.8670
v  -7.2638 -12.4593 2.0542
v  -2.4931 -12.6957 0.9988
v  -1.6279 -12.8297 0.9905
v  -1.1041 -12.8674 0.9839
v  -0.5461 -12.8963 0.9812
v  -2.8446 -12.5907 1.0002
v  -2.0919 -12.7744 0.9963
v  -4.0846 -10.3232 0.9708
v  -3.6968 -11.9165 0.9895
v  -3.1886 -12.4126 0.9972
v  -3.4716 -12.1893 0.9938
v  -3.9234 -8.3805 0.9518
v  -4.0881 -8.8699 0.9599
v  -4.0928 -9.8338 0.9666
v  -4.0318 -8.6238 0.9558
v  -3.7434 -8.1017 0.9492
v  -2.4834 -7.2466 0.9918
v  -3.2018 -7.5896 0.9638
v  -3.5013 -7.8326 0.9527
v  -2.8541 -7.3912 0.9783
v  -0.0095 -12.9346 0.9845
v  -1.9174 -7.0805 1.0183
v  -1.3072 -6.9537 1.0496
v  -0.8854 -6.5253 1.3790
v  -4.0497 -10.8702 0.9743
v  -0.6679 -6.8745 1.0700
v  -1.4733 -10.8797 0.8276
v  -0.9758 -11.0635 0.8318
v  -0.6569 -11.1311 0.8333
v  -0.3154 -11.1740 0.8344
v  -1.6622 -10.7766 0.8258
v  -1.2465 -10.9798 0.8299
v  -2.3120 -9.6146 0.8149
v  -2.0930 -10.3548 0.8209
v  -1.8365 -10.6495 0.8240
v  -1.9783 -10.5093 0.8225
v  -2.2809 -8.5445 0.8110
v  -2.3507 -8.8628 0.8100
v  -2.3283 -9.4006 0.8124
v  -2.3283 -8.7033 0.8112
v  -2.2009 -8.3625 0.8117
v  -1.5878 -7.7048 0.8300
v  -1.9498 -7.9989 0.8195
v  -2.0896 -8.1778 0.8145
v  -1.7790 -7.8385 0.8243
v  -1.2539 -7.5146 0.8424
v  -0.8628 -7.3651 0.8574
v  -2.2791 -9.8607 0.8168
v  -3.5216 -14.3723 1.4545
v  -2.2806 -14.4820 1.4365
v  -1.5508 -14.5028 1.4178
v  -0.7757 -14.5178 1.4110
v  -4.0329 -14.2595 1.4498
v  -2.9406 -14.4415 1.4516
v  -5.7646 -11.0003 1.3486
v  -5.6537 -12.3282 1.3576
v  -5.2492 -13.3634 1.3968
v  -4.5231 -14.0406 1.4307
v  -5.4880 -12.8901 1.3765
v  -4.9282 -13.7443 1.4142
v  -5.4825 -8.1981 1.2869
v  -5.7335 -8.8702 1.3210
v  -5.7657 -10.2510 1.3391
v  -5.6456 -8.5275 1.3068
v  -5.2106 -7.8313 1.2684
v  -3.3445 -6.8391 1.2898
v  -4.3942 -7.2025 1.2676
v  -4.8449 -7.4908 1.2595
v  -3.8816 -6.9853 1.2803
v  -0.0095 -14.5490 1.4154
v  -2.5585 -6.6949 1.3128
v  -1.7373 -6.5924 1.3508
v  -5.7366 -11.6676 1.3510
v  -1.0687 -6.2806 1.8635
v  -5.5035 -16.7671 3.4612
v  -3.5347 -16.8550 3.5080
v  -2.4052 -16.8650 3.4942
v  -1.2079 -16.8666 3.4782
v  -6.3200 -16.6134 3.3989
v  -4.5728 -16.8283 3.5038
v  -8.4179 -12.0253 3.2040
v  -8.3718 -13.9234 3.2137
v  -7.9228 -15.3849 3.3012
v  -6.9672 -16.3338 3.3677
v  -8.2107 -14.7106 3.2526
v  -7.5046 -15.9269 3.3402
v  -7.9991 -7.6513 2.9218
v  -8.3583 -8.8612 3.0620
v  -8.4031 -10.9350 3.1636
v  -8.2382 -8.2319 3.0056
v  -7.5874 -7.0907 2.8278
v  -4.7033 -6.1020 2.7337
v  -6.2931 -6.3228 2.7428
v  -7.0122 -6.6219 2.7565
v  -5.5075 -6.1703 2.7417
v  -3.5380 -6.0518 2.7132
v  -2.3708 -6.0242 2.6929
v  -1.1939 -6.0097 2.6727
v  -8.4228 -12.9764 3.2080
v  -6.5011 -17.8286 4.9275
v  -4.1462 -17.9552 4.9604
v  -2.8145 -17.9759 4.9525
v  -1.4162 -17.9942 4.9440
v  -7.4811 -17.5474 4.9064
v  -5.3691 -17.9275 4.9570
v  -9.6523 -12.3416 4.8772
v  -9.6187 -14.2821 4.8773
v  -9.2046 -15.9112 4.8744
v  -8.1893 -17.1254 4.8989
v  -9.4913 -15.1353 4.8693
v  -8.7657 -16.5729 4.8868
v  -9.2225 -7.3073 4.7596
v  -9.5914 -8.8501 4.8162
v  -9.6469 -11.2472 4.8524
v  -9.4892 -8.0364 4.7934
v  -8.7510 -6.6560 4.7243
v  -5.4988 -5.5752 4.6701
v  -7.2907 -5.7738 4.6662
v  -8.0920 -6.1293 4.6894
v  -6.4055 -5.6063 4.6627
v  -0.0095 -18.0042 4.9362
v  -4.1100 -5.5536 4.6676
v  -2.7455 -5.5317 4.6607
v  -1.3788 -5.5073 4.6469
v  -9.6541 -13.3127 4.8826
v  -10.4496 -10.1323 4.4737
v  -10.1849 -10.1324 3.6398
v  -9.7709 -10.1325 2.4556
v  -9.1761 -10.1324 0.9655
v  -9.2477 -10.0008 4.2697
v  -8.8374 -9.9516 3.6942
v  -7.8877 -9.8254 2.5538
v  -4.9535 -9.4541 1.1135
v  -3.2406 -9.2417 0.8684
v  -6.5571 -9.6536 1.6363
v  -7.2695 -9.7438 2.0420
v  -4.1107 -9.3497 0.9640
v  -2.3496 -9.1314 0.8120
v  -5.7780 -9.5565 1.3355
v  -8.4074 -9.8946 3.1271
v  -9.6259 -10.0472 4.8483
v  -7.4814 -1.7423 0.0187
v  -7.5617 -4.0549 0.0189
v  -8.1733 -6.0832 0.0199
v  -8.5489 -7.1817 0.0192
v  -8.7557 -8.8482 0.0204
v  -8.7013 -11.4181 0.0186
v  -8.6764 -12.4322 0.0186
v  -8.6322 -14.0312 0.0178
v  -8.3920 -15.3826 0.0197
v  -7.6200 -16.4025 0.0207
v  -6.1823 -17.0189 0.0233
v  -4.0206 -17.0790 0.0208
v  -2.7500 -17.0859 0.0180
v  -1.3760 -17.0943 0.0168
v  -7.4785 -2.9929 0.0197
v  -7.8517 -5.2329 0.0190
v  -8.5732 -14.7458 0.0184
v  -8.0644 -15.9345 0.0195
v  -7.0495 -16.7727 0.0213
v  -5.1754 -17.0620 0.0198
v  -8.7005 -8.0013 0.0197
v  -8.6583 -13.2319 0.0176
v  -8.7303 -10.1329 0.0181
v  -7.5066 -1.7423 0.0406
v  -7.5860 -4.0549 0.0396
v  -8.1960 -6.0832 0.0412
v  -8.5741 -7.1817 0.0402
v  -8.7799 -8.8476 0.0424
v  -8.7260 -11.4181 0.0398
v  -8.7014 -12.4322 0.0397
v  -8.6580 -14.0334 0.0393
v  -8.4140 -15.3916 0.0403
v  -7.6347 -16.4214 0.0427
v  -6.1893 -17.0422 0.0471
v  -4.0207 -17.1038 0.0439
v  -2.7509 -17.1107 0.0384
v  -1.3765 -17.1205 0.0379
v  -7.5026 -2.9929 0.0410
v  -7.8751 -5.2329 0.0404
v  -8.5983 -14.7499 0.0399
v  -8.0837 -15.9493 0.0406
v  -7.0597 -16.7944 0.0438
v  -5.1759 -17.0871 0.0423
v  -8.7249 -8.0013 0.0412
v  -8.6841 -13.2330 0.0389
v  -8.7557 -10.1325 0.0397
v  -7.4491 -1.7423 0.0045
v  -7.5315 -4.0549 0.0052
v  -8.1445 -6.0832 0.0054
v  -8.5169 -7.1817 0.0051
v  -8.7248 -8.8488 0.0055
v  -8.6702 -11.4181 0.0046
v  -8.6448 -12.4322 0.0045
v  -8.5996 -14.0288 0.0039
v  -8.3645 -15.3714 0.0057
v  -7.6012 -16.3786 0.0059
v  -6.1742 -16.9885 0.0066
v  -4.0205 -17.0470 0.0055
v  -2.7491 -17.0549 0.0044
v  -1.3754 -17.0615 0.0033
v  -7.4481 -2.9929 0.0053
v  -7.8222 -5.2329 0.0049
v  -8.5415 -14.7407 0.0043
v  -8.0400 -15.9157 0.0052
v  -7.0364 -16.7445 0.0059
v  -5.1750 -17.0294 0.0048
v  -8.6695 -8.0013 0.0053
v  -8.6258 -13.2306 0.0042
v  -8.6978 -10.1332 0.0042
v  -5.3495 -1.7423 5.5512
v  -5.3567 -2.9929 5.5512
v  -5.3640 -4.0549 5.5512
v  -2.8088 -1.7423 5.5512
v  -2.8088 -2.9929 5.5511
v  -2.8088 -4.0549 5.5511
v  -4.2443 -1.7423 5.5512
v  -4.2443 -2.9929 5.5512
v  -4.2443 -4.0549 5.5512
v  -1.4656 -1.7423 5.5512
v  -1.4656 -2.9929 5.5511
v  -1.4656 -4.0549 5.5511
v  -6.5119 -1.7423 5.5512
v  -6.5119 -2.9929 5.5512
v  -6.5119 -4.0549 5.5512
v  -7.4608 -1.7423 5.5510
v  -7.5075 -2.9929 5.5512
v  -7.5541 -4.0549 5.5512
v  -8.3852 -1.7423 5.5512
v  -8.4539 -2.9929 5.5511
v  -8.5226 -4.0549 5.5511
v  -10.1887 -12.4780 5.4703
v  -10.1576 -14.4663 5.4715
v  -10.0477 -15.3651 5.4776
v  -9.8209 -7.1198 5.4576
v  -10.2087 -8.8542 5.4802
v  -10.1921 -11.3807 5.4647
v  -10.1382 -8.0009 5.4788
v  -9.1952 -6.2330 5.4640
v  -7.5618 -5.3168 5.4317
v  -8.4335 -5.7113 5.4373
v  -6.5610 -5.1167 5.4378
v  -10.1862 -13.4727 5.4701
v  -4.2527 -5.0437 5.4362
v  -2.8252 -5.0227 5.4301
v  -1.4520 -5.0014 5.4226
v  -10.2067 -10.1126 5.4809
v  -5.5226 -5.0662 5.4387
v  -6.8559 -18.3234 5.4703
v  -4.3690 -18.4695 5.4738
v  -2.9588 -18.5044 5.4735
v  -1.4863 -18.5395 5.4746
v  -0.0095 -18.5690 5.4784
v  -7.8884 -17.9864 5.4669
v  -5.6648 -18.4391 5.4743
v  -9.7458 -16.1881 5.4774
v  -8.6429 -17.5152 5.4700
v  -9.2580 -16.9020 5.4682
v  -10.3289 -12.5010 5.5279
v  -10.2969 -14.5090 5.5275
v  -10.1906 -15.4252 5.5341
v  -9.6716 -7.1646 5.3375
v  -10.3713 -8.8574 5.5336
v  -10.3321 -11.4030 5.5263
v  -10.3155 -8.0031 5.5371
v  -9.0899 -6.3931 5.3276
v  -7.5294 -5.5028 5.2775
v  -8.3711 -5.8765 5.2984
v  -6.5787 -5.3202 5.2807
v  -10.3250 -13.5055 5.5268
v  -4.2477 -5.2443 5.2791
v  -2.8290 -5.2127 5.2716
v  -1.4406 -5.1817 5.2603
v  -10.3559 -10.1246 5.5334
v  -5.4380 -4.8109 5.5206
v  -6.9219 -18.4905 5.5333
v  -4.4153 -18.6430 5.5339
v  -2.9895 -18.6801 5.5338
v  -1.4987 -18.7169 5.5341
v  -7.9731 -18.1386 5.5323
v  -5.7287 -18.6087 5.5345
v  -9.8882 -16.2716 5.5363
v  -8.7514 -17.6511 5.5329
v  -9.3865 -17.0146 5.5325
v  -10.0462 -12.4511 5.3638
v  -10.0148 -14.4197 5.3683
v  -9.9021 -15.3025 5.3687
v  -9.9953 -7.0717 5.5304
v  -10.0427 -8.8498 5.3724
v  -10.0500 -11.3539 5.3552
v  -9.9715 -8.0008 5.3662
v  -9.3278 -6.0736 5.5331
v  -7.5917 -5.0883 5.5198
v  -8.5093 -5.5077 5.5201
v  -6.5369 -4.8679 5.5214
v  -10.0444 -13.4360 5.3669
v  -4.2515 -4.7978 5.5202
v  -2.8179 -4.7878 5.5184
v  -1.4614 -4.7756 5.5166
v  -10.0546 -10.0986 5.3803
v  -5.5977 -5.2760 5.2839
v  -6.7903 -18.1810 5.3631
v  -4.3205 -18.3197 5.3693
v  -2.9271 -18.3519 5.3678
v  -1.4735 -18.3852 5.3689
v  -7.8094 -17.8579 5.3596
v  -5.5992 -18.2934 5.3702
v  -9.6090 -16.1113 5.3687
v  -8.5454 -17.3990 5.3657
v  -9.1442 -16.8059 5.3635
v  -9.3733 -1.7423 5.4721
v  -9.5020 -4.0549 5.4721
v  -10.2541 -6.1109 5.4721
v  -10.5399 -7.1817 5.4721
v  -10.6777 -8.8523 5.4721
v  -10.6266 -11.4181 5.4721
v  -10.6101 -12.4322 5.4721
v  -10.5879 -14.5760 5.4721
v  -10.1677 -16.4387 5.4721
v  -9.0011 -17.9528 5.4721
v  -7.0763 -18.9014 5.4721
v  -4.4963 -19.0865 5.4721
v  -3.0482 -19.1309 5.4721
v  -1.5282 -19.1656 5.4721
v  -9.3715 -2.9929 5.4721
v  -9.8425 -5.2329 5.4721
v  -10.4654 -15.5316 5.4721
v  -9.6662 -17.2557 5.4721
v  -8.1758 -18.5128 5.4721
v  -5.8454 -19.0403 5.4721
v  -10.6440 -8.0013 5.4721
v  -10.6127 -13.5048 5.4721
v  -10.6538 -10.1347 5.4721
v  -9.1404 -0.0385 4.4737
v  -8.8734 -0.0396 3.6398
v  -8.4681 -0.0402 2.4556
v  -7.8815 -0.0374 0.9655
v  -1.4656 -0.0379 5.5197
v  -2.9754 -0.0379 5.5197
v  -5.3421 -0.0379 5.5197
v  -6.5119 -0.0379 5.5196
v  -8.3159 -0.0379 5.5196
v  -7.4137 -0.0379 5.5196
v  -9.3490 -0.0378 5.4553
v  -7.4723 -0.0388 0.0456
v  -7.4903 -0.0392 0.0611
v  -7.4501 -0.0388 0.0349
v  -9.1637 -0.0736 4.4737
v  -8.8963 -0.0748 3.6398
v  -8.4915 -0.0767 2.4556
v  -7.9069 -0.0741 0.9655
v  -7.4524 -0.0118 0.0756
v  -7.4628 -0.0121 0.0845
v  -7.4396 -0.0119 0.0695
v  -1.4656 -0.0735 5.5424
v  -2.9754 -0.0735 5.5424
v  -5.3421 -0.0735 5.5424
v  -6.5119 -0.0110 5.4825
v  -8.3161 -0.0110 5.4825
v  -7.4137 -0.0735 5.5424
v  -9.3662 -0.0736 5.4704
v  -9.1021 -0.0115 4.4737
v  -8.8356 -0.0121 3.6398
v  -8.4292 -0.0121 2.4556
v  -7.8391 -0.0099 0.9655
v  -1.4656 -0.0110 5.4825
v  -2.9754 -0.0127 5.4818
v  -5.3421 -0.0110 5.4825
v  -6.5119 -0.0735 5.5424
v  -8.3158 -0.0735 5.5424
v  -7.4139 -0.0110 5.4825
v  -9.3206 -0.0110 5.4312
v  -7.4845 -0.0729 0.0276
v  -7.5069 -0.0738 0.0472
v  -7.4565 -0.0729 0.0143
v  -9.4061 -1.7423 5.3954
v  -9.5329 -4.0549 5.3956
v  -10.2834 -6.0924 5.3953
v  -10.5737 -7.1817 5.3948
v  -10.7112 -8.8490 5.3942
v  -10.6609 -11.4181 5.3920
v  -10.6440 -12.4322 5.3892
v  -10.6219 -14.5825 5.3892
v  -10.1966 -16.4549 5.3885
v  -9.0254 -17.9764 5.3843
v  -7.0952 -18.9307 5.3866
v  -4.5011 -19.1141 5.3891
v  -3.0521 -19.1592 5.3899
v  -1.5312 -19.1964 5.3904
v  -9.4047 -2.9929 5.3990
v  -9.8759 -5.2329 5.4011
v  -10.4965 -15.5443 5.3899
v  -9.6946 -17.2737 5.3854
v  -8.1959 -18.5389 5.3855
v  -5.8530 -19.0695 5.3887
v  -10.6768 -8.0013 5.3943
v  -10.6470 -13.5081 5.3884
v  -10.6876 -10.1335 5.3930
v  -9.3063 -1.7423 5.5297
v  -9.4379 -4.0549 5.5284
v  -10.1895 -6.1353 5.5311
v  -10.4712 -7.1817 5.5299
v  -10.6075 -8.8558 5.5312
v  -10.5529 -11.4181 5.5322
v  -10.5429 -12.4322 5.5274
v  -10.5154 -14.5639 5.5311
v  -10.1118 -16.4091 5.5272
v  -8.9615 -17.9102 5.5250
v  -7.0488 -18.8391 5.5274
v  -4.4877 -19.0202 5.5274
v  -3.0420 -19.0685 5.5274
v  -1.5239 -19.1025 5.5274
v  -9.3038 -2.9929 5.5304
v  -9.7769 -5.2329 5.5296
v  -10.4023 -15.5096 5.5279
v  -9.6183 -17.2208 5.5255
v  -8.1434 -18.4612 5.5261
v  -5.8334 -18.9778 5.5274
v  -10.5765 -8.0013 5.5295
v  -10.5421 -13.4986 5.5292
v  -10.5820 -10.1348 5.5315
v  -9.3789 -0.0382 5.3951
v  -9.2940 -0.0372 5.5004
v  -9.4008 -0.0737 5.4006
v  -9.3040 -0.0731 5.5213
v  -9.3432 -0.0111 5.3851
v  -9.2774 -0.0106 5.4666
v  -10.3284 -14.9810 4.4737
v  -9.7417 -16.7184 4.4737
v  -8.4526 -18.0483 4.4737
v  -6.3665 -18.7539 4.4737
v  -10.0581 -14.8854 3.6398
v  -9.4987 -16.5450 3.6398
v  -8.2652 -17.8004 3.6398
v  -6.2454 -18.4605 3.6398
v  -9.6408 -14.7380 2.4556
v  -9.1292 -16.2841 2.4556
v  -7.9855 -17.4354 2.4556
v  -6.0663 -18.0245 2.4556
v  -9.0512 -14.5305 0.9655
v  -8.6166 -15.9240 0.9655
v  -7.6096 -16.9487 0.9655
v  -5.8303 -17.4476 0.9655
v  -9.2444 -17.5209 5.5511
v  -7.5695 -18.6049 5.5511
v  -10.1319 -15.8879 4.4737
v  -9.1756 -17.4439 4.4737
v  -7.5158 -18.5065 4.4737
v  -9.8718 -15.7552 3.6398
v  -8.9574 -17.2328 3.6398
v  -7.3605 -18.2293 3.6398
v  -9.4721 -15.5512 2.4556
v  -8.6279 -16.9151 2.4556
v  -7.1337 -17.8241 2.4556
v  -8.9144 -15.2670 0.9655
v  -8.1774 -16.4859 0.9655
v  -6.8324 -17.2951 0.9655
v  -9.7908 -16.7814 5.5512
v  -8.5143 -18.1345 5.5511
v  -6.4188 -18.8484 5.5511
v  -6.6737 -17.3737 4.3995
v  -7.4865 -17.0696 4.3843
v  -5.6674 -17.5144 4.4405
v  -8.9779 -15.3926 4.3475
v  -8.1138 -16.6378 4.3779
v  -9.1886 -14.6004 4.3333
v  -8.6172 -16.0782 4.3656
v  -6.3178 -17.0324 3.9032
v  -7.0876 -16.7744 3.8771
v  -5.3753 -17.1478 3.9557
v  -8.5345 -15.2385 3.8177
v  -7.6927 -16.3945 3.8654
v  -8.7503 -14.4783 3.7871
v  -8.1807 -15.8831 3.8472
v  -5.4146 -16.2870 2.8606
v  -6.1091 -16.1022 2.8004
v  -4.6143 -16.3695 2.9156
v  -7.5244 -14.7591 2.6638
v  -6.6938 -15.7835 2.7581
v  -7.7618 -14.0575 2.6122
v  -7.1691 -15.3376 2.7161
v  -3.8456 -13.2371 1.1745
v  -2.9950 -13.5492 1.1796
v  -4.4692 -12.6426 1.1576
v  -3.0819 -10.7587 0.8789
v  -4.3289 -15.0849 1.8250
v  -4.9042 -14.9154 1.7933
v  -3.6960 -15.1704 1.8424
v  -6.1426 -13.7659 1.6963
v  -5.4130 -14.6338 1.7596
v  -6.3679 -13.1734 1.6624
v  -5.8267 -14.2533 1.7311
v  -4.8799 -15.7461 2.2995
v  -5.5201 -15.5701 2.2498
v  -4.1613 -15.8297 2.3365
v  -6.8713 -14.3189 2.1169
v  -6.0753 -15.2700 2.2068
v  -7.1084 -13.6644 2.0722
v  -6.5269 -14.8544 2.1685
v  -3.9378 -11.3994 0.9795
v  -2.2156 -10.0986 0.8185
v  -3.7797 -14.3255 1.4536
v  -4.2837 -14.1632 1.4417
v  -3.2319 -14.4129 1.4545
v  -5.3811 -13.1333 1.3865
v  -4.7343 -13.9041 1.4225
v  -5.5845 -12.6128 1.3667
v  -5.1006 -13.5639 1.4061
v  -5.9164 -16.7104 3.4283
v  -6.6523 -16.4935 3.3812
v  -5.0393 -16.8060 3.4892
v  -8.0866 -15.0566 3.2765
v  -7.2486 -16.1469 3.3559
v  -8.3096 -14.3207 3.2306
v  -7.7319 -15.6698 3.3227
v  -7.0007 -17.7196 4.9138
v  -7.8484 -17.3592 4.9024
v  -5.9374 -17.8965 4.9451
v  -9.3707 -15.5319 4.8700
v  -8.4936 -16.8660 4.8929
v  -9.5734 -14.7118 4.8735
v  -9.0036 -16.2542 4.8813
v  -8.6131 -14.3898 0.0193
v  -8.2454 -15.6684 0.0202
v  -7.3470 -16.6076 0.0216
v  -5.6806 -17.0549 0.0243
v  -8.5024 -15.0702 0.0192
v  -7.8555 -16.1812 0.0201
v  -6.6260 -16.9298 0.0202
v  -8.6379 -14.3930 0.0410
v  -8.2657 -15.6801 0.0411
v  -7.3594 -16.6277 0.0438
v  -5.6842 -17.0779 0.0476
v  -8.5260 -15.0767 0.0402
v  -7.8727 -16.1982 0.0416
v  -6.6350 -16.9535 0.0435
v  -8.5815 -14.3861 0.0038
v  -8.2197 -15.6536 0.0055
v  -7.3313 -16.5817 0.0059
v  -5.6763 -17.0246 0.0074
v  -8.4728 -15.0620 0.0051
v  -7.8336 -16.1596 0.0055
v  -6.6150 -16.8991 0.0051
v  -9.9241 -15.7868 5.4781
v  -10.1221 -14.9188 5.4759
v  -7.3828 -18.1875 5.4674
v  -8.2798 -17.7736 5.4698
v  -6.2637 -18.4055 5.4719
v  -8.9661 -17.2248 5.4684
v  -9.5215 -16.5578 5.4737
v  -10.0672 -15.8585 5.5360
v  -10.2637 -14.9702 5.5306
v  -7.4584 -18.3475 5.5327
v  -8.3770 -17.9183 5.5332
v  -6.3288 -18.5740 5.5336
v  -9.0855 -17.3498 5.5321
v  -9.6584 -16.6567 5.5353
v  -9.7818 -15.7166 5.3681
v  -9.9772 -14.8641 5.3697
v  -7.3105 -18.0523 5.3590
v  -8.1909 -17.6505 5.3643
v  -6.1978 -18.2606 5.3671
v  -8.8602 -17.1183 5.3650
v  -9.3958 -16.4710 5.3669
v  -10.5448 -15.0564 5.4721
v  -9.9382 -16.8600 5.4721
v  -8.6047 -18.2575 5.4721
v  -6.4650 -18.9974 5.4721
v  -10.3427 -15.9942 5.4721
v  -9.3531 -17.6229 5.4721
v  -7.6378 -18.7403 5.4721
v  -10.5775 -15.0660 5.3898
v  -9.9678 -16.8776 5.3869
v  -8.6268 -18.2821 5.3849
v  -6.4781 -19.0268 5.3875
v  -10.3721 -16.0084 5.3895
v  -9.3785 -17.6427 5.3848
v  -7.6580 -18.7695 5.3859
v  -10.4776 -15.0394 5.5289
v  -9.8884 -16.8289 5.5251
v  -8.5688 -18.2107 5.5254
v  -6.4465 -18.9365 5.5274
v  -10.2829 -15.9680 5.5277
v  -9.3089 -17.5836 5.5255
v  -7.6102 -18.6897 5.5243
v  -0.0095 -18.2090 2.4556
v  -0.0095 -17.5639 0.9655
v  -0.0095 -19.2306 5.3910
v  -0.0095 -5.1568 5.2548
v  -0.0095 -0.0735 5.5424
v  -0.0095 -4.9906 5.4126
v  -0.0095 -0.0747 0.0084
v  -0.0095 -0.0398 0.0298
v  -0.0095 -4.0549 -0.0000
v  -0.0095 -7.1817 0.0000
v  -0.0095 -8.0013 0.0000
v  -0.0095 -14.0264 0.0000
v  -5.9407 -0.0747 0.0084
v  -4.4579 -0.0747 0.0084
v  -2.9751 -0.0747 0.0084
v  -1.4923 -0.0747 0.0084
v  -5.9405 -0.0398 0.0298
v  -4.4577 -0.0398 0.0298
v  -2.9750 -0.0398 0.0298
v  -1.4922 -0.0398 0.0298
v  -5.9412 -0.0121 0.0663
v  -4.4583 -0.0121 0.0663
v  -2.9754 -0.0121 0.0663
v  -1.4924 -0.0121 0.0663
v  -5.9314 -1.7423 -0.0002
v  -4.4509 -1.7423 -0.0002
v  -2.9705 -1.7423 -0.0002
v  -1.4900 -1.7423 -0.0002
v  -5.9324 -2.9929 -0.0004
v  -4.4517 -2.9929 -0.0004
v  -2.9709 -2.9929 -0.0004
v  -1.4902 -2.9929 -0.0004
v  -5.9997 -4.0549 -0.0012
v  -4.5021 -4.0549 -0.0012
v  -3.0046 -4.0549 -0.0012
v  -1.5070 -4.0549 -0.0012
v  -6.2324 -5.2329 0.0000
v  -4.6767 -5.2329 0.0000
v  -3.1209 -5.2329 0.0000
v  -1.5652 -5.2329 0.0000
v  -6.4911 -6.0832 0.0000
v  -4.8707 -6.0832 0.0000
v  -3.2503 -6.0832 0.0000
v  -1.6299 -6.0832 0.0000
v  -6.7860 -7.1817 0.0000
v  -5.0919 -7.1817 0.0000
v  -3.3978 -7.1817 0.0000
v  -1.7036 -7.1817 0.0000
v  -1.7343 -8.0013 0.0000
v  -3.4592 -8.0013 0.0000
v  -5.1841 -8.0013 0.0000
v  -6.9089 -8.0013 0.0000
v  -1.7454 -8.8495 0.0005
v  -3.4812 -8.8495 0.0005
v  -5.2171 -8.8495 0.0005
v  -6.9530 -8.8495 0.0005
v  -1.7397 -10.1335 0.0000
v  -3.4699 -10.1335 0.0000
v  -5.2001 -10.1335 0.0000
v  -6.9304 -10.1335 0.0000
v  -1.7345 -11.4181 -0.0002
v  -3.4595 -11.4181 -0.0002
v  -5.1845 -11.4181 -0.0002
v  -6.9095 -11.4181 -0.0002
v  -1.7293 -12.4322 0.0003
v  -3.4491 -12.4322 0.0003
v  -5.1689 -12.4322 0.0003
v  -6.8887 -12.4322 0.0003
v  -1.7253 -13.2293 0.0002
v  -3.4412 -13.2293 0.0002
v  -5.1571 -13.2294 0.0001
v  -6.8729 -13.2294 0.0002
v  -1.7200 -14.0264 0.0000
v  -3.4305 -14.0264 0.0000
v  -5.1410 -14.0264 0.0000
v  -6.8515 -14.0264 0.0000
v  -1.7164 -14.3821 0.0002
v  -3.4232 -14.3821 0.0002
v  -5.1301 -14.3821 0.0002
v  -6.8370 -14.3821 0.0002
v  -1.7086 -14.7352 0.0003
v  -3.4077 -14.7352 0.0003
v  -5.1068 -14.7352 0.0003
v  -6.8058 -14.7352 0.0003
v  -0.0095 -0.0000 2.4556
v  -0.0095 -0.0000 4.5055
v  -1.4882 -0.0000 0.9655
v  -1.4806 -0.0000 2.4556
v  -1.4746 -0.0001 3.6530
v  -1.4703 -0.0000 4.5055
v  -2.9754 -0.0000 0.9655
v  -2.9754 -0.0000 2.4556
v  -2.9754 -0.0001 3.6530
v  -2.9754 -0.0000 4.5055
v  -4.5777 0.0000 0.9655
v  -6.1800 0.0000 0.9655
v  -4.7758 -0.0000 2.4556
v  -6.5762 -0.0000 2.4556
v  -4.9134 -0.0001 3.6530
v  -6.8484 -0.0001 3.6398
v  -5.0040 -0.0000 4.5055
v  -7.0327 -0.0000 4.5055
v  -0.3867 -7.3904 0.8290
v  -1.2231 -10.4136 0.8051
v  -0.8156 -10.6114 0.8096
v  -0.5469 -10.6873 0.8116
v  -0.2585 -10.7341 0.8129
v  -1.3718 -10.3104 0.8034
v  -1.0389 -10.5198 0.8075
v  -1.6925 -9.9546 0.7997
v  -1.5018 -10.1971 0.8020
v  -1.6068 -10.0786 0.8008
v  -1.8770 -8.6298 0.7962
v  -1.9098 -8.8606 0.7963
v  -1.8804 -9.2914 0.7974
v  -1.7867 -8.3699 0.7969
v  -1.3593 -7.8232 0.8059
v  -1.6491 -8.1227 0.8001
v  -1.5168 -7.9648 0.8023
v  -1.0839 -7.6289 0.8140
v  -0.7481 -7.4752 0.8239
v  -1.8402 -9.5672 0.7994
v  -1.9043 -9.0763 0.7971
v  -1.7827 -9.7660 0.8002
v  -0.0095 -7.3549 0.8302
v  -0.0095 -18.6692 3.6398
v  -0.0095 -16.4220 2.8848
v  -0.0095 -7.0341 0.9689
v  -0.0095 -6.8409 1.0780
v  -0.0095 -15.2719 1.8030
v  -0.0095 -6.2676 1.8708
v  -0.0095 -18.7549 5.5367
v  -0.0095 -0.0110 5.4825
v  -0.0095 -1.7423 -0.0000
v  -0.0095 -0.0121 0.0663
v  -0.0095 -8.8495 0.0000
v  -0.0095 -13.2293 0.0000
v  -0.0095 -0.0000 0.9655
v  -0.6432 -9.4864 0.4157
v  -0.1380 -7.9658 0.4342
v  -0.2511 -7.9914 0.4320
v  -0.3851 -8.0424 0.4277
v  -0.5212 -8.1230 0.4230
v  -0.6466 -8.2312 0.4197
v  -0.7428 -8.3484 0.4177
v  -0.8189 -8.4801 0.4161
v  -0.8666 -8.6099 0.4156
v  -0.8938 -8.7360 0.4148
v  -0.9017 -8.8600 0.4147
v  -0.8966 -8.9552 0.4144
v  -0.8795 -9.0586 0.4143
v  -0.8491 -9.1602 0.4146
v  -0.8007 -9.2701 0.4149
v  -0.7339 -9.3806 0.4148
v  -0.1081 -9.7464 0.4185
v  -0.2417 -9.7212 0.4183
v  -0.3819 -9.6707 0.4171
v  -0.5273 -9.5857 0.4163
v  -0.8814 -9.7698 0.7469
v  -0.2335 -7.6332 0.7488
v  -0.3218 -7.6555 0.7473
v  -0.5383 -7.7209 0.7509
v  -0.7609 -7.8470 0.7510
v  -0.9472 -8.0121 0.7507
v  -1.0627 -8.1587 0.7498
v  -1.1544 -8.3264 0.7489
v  -1.2217 -8.5049 0.7479
v  -1.2614 -8.6898 0.7485
v  -1.2719 -8.8576 0.7472
v  -1.2666 -8.9956 0.7482
v  -1.2402 -9.1384 0.7469
v  -1.2028 -9.2728 0.7479
v  -1.1272 -9.4480 0.7481
v  -1.0257 -9.6070 0.7471
v  -0.1647 -10.1106 0.7489
v  -0.3646 -10.0693 0.7488
v  -0.5361 -10.0049 0.7481
v  -0.7395 -9.8907 0.7491
v  -0.0095 -10.1201 0.7488
v  -0.8378 -9.6945 0.7006
v  -0.1947 -7.6924 0.7099
v  -0.3174 -7.7218 0.7071
v  -0.5030 -7.7860 0.7080
v  -0.6948 -7.8965 0.7065
v  -0.8645 -8.0437 0.7050
v  -0.9828 -8.1917 0.7035
v  -1.0762 -8.3590 0.7021
v  -1.1398 -8.5280 0.7008
v  -1.1757 -8.6967 0.7013
v  -1.1861 -8.8574 0.7007
v  -1.1801 -8.9842 0.7013
v  -1.1565 -9.1192 0.7004
v  -1.1192 -9.2499 0.7004
v  -1.0533 -9.4024 0.7004
v  -0.9624 -9.5490 0.7002
v  -0.1460 -10.0285 0.7025
v  -0.3270 -9.9929 0.7023
v  -0.5013 -9.9282 0.7015
v  -0.6931 -9.8180 0.7018
v  -0.9260 -9.8535 0.7759
v  -0.2787 -7.5716 0.7785
v  -0.3249 -7.5834 0.7778
v  -0.5813 -7.6535 0.7817
v  -0.8353 -7.7968 0.7800
v  -1.0378 -7.9801 0.7790
v  -1.1504 -8.1247 0.7786
v  -1.2401 -8.2913 0.7776
v  -1.3115 -8.4798 0.7768
v  -1.3553 -8.6830 0.7769
v  -1.3653 -8.8579 0.7766
v  -1.3605 -9.0082 0.7774
v  -1.3313 -9.1592 0.7763
v  -1.2954 -9.2972 0.7766
v  -1.2082 -9.4991 0.7768
v  -1.0937 -9.6716 0.7759
v  -0.1845 -10.2001 0.7779
v  -0.4036 -10.1532 0.7776
v  -0.5742 -10.0887 0.7771
v  -0.7872 -9.9719 0.7775
v  -10.7138 -8.8469 5.3069
v  -10.7082 -8.8469 5.2877
v  -10.6789 -8.0013 5.3072
v  -10.6734 -8.0013 5.2879
v  -10.6630 -11.4181 5.3019
v  -10.6574 -11.4181 5.2827
v  -10.6898 -10.1324 5.3041
v  -10.6842 -10.1324 5.2848
v  -10.6448 -12.4322 5.2960
v  -10.6392 -12.4322 5.2768
v  -10.6226 -14.5824 5.2960
v  -10.6167 -14.5808 5.2769
v  -10.6476 -13.5080 5.2943
v  -10.6418 -13.5072 5.2751
v  -10.1961 -16.4549 5.2956
v  -10.1907 -16.4517 5.2766
v  -10.3712 -16.0088 5.2975
v  -10.3656 -16.0060 5.2784
v  -10.5766 -7.1817 5.3082
v  -10.5709 -7.1817 5.2890
v  -10.2835 -6.0832 5.3094
v  -10.2777 -6.0842 5.2902
v  -9.0261 -17.9741 5.2876
v  -9.0217 -17.9691 5.2687
v  -9.3781 -17.6390 5.2884
v  -9.3734 -17.6345 5.2695
v  -9.8812 -5.2329 5.3216
v  -9.8755 -5.2329 5.3024
v  -9.5342 -4.0549 5.3101
v  -9.5286 -4.0549 5.2908
v  -9.4091 -2.9929 5.3172
v  -9.4037 -2.9929 5.2980
v  -9.4089 -1.7423 5.3096
v  -9.4034 -1.7423 5.2903
v  -7.0998 -18.9286 5.2918
v  -7.0968 -18.9223 5.2713
v  -7.6614 -18.7678 5.2910
v  -7.6580 -18.7618 5.2721
v  -4.5016 -19.1139 5.2964
v  -4.5006 -19.1101 5.2729
v  -5.8540 -19.0693 5.2952
v  -5.8524 -19.0649 5.2729
v  -3.0528 -19.1589 5.2977
v  -3.0521 -19.1545 5.2729
v  -1.5321 -19.1970 5.2990
v  -1.5316 -19.1908 5.2729
v  -10.4963 -15.5455 5.2979
v  -10.4907 -15.5431 5.2789
v  -10.5779 -15.0666 5.2976
v  -10.5722 -15.0646 5.2785
v  -9.6954 -17.2709 5.2897
v  -9.6904 -17.2668 5.2707
v  -9.9688 -16.8767 5.2928
v  -9.9635 -16.8731 5.2738
v  -8.1972 -18.5353 5.2898
v  -8.1935 -18.5295 5.2710
v  -8.6276 -18.2789 5.2887
v  -8.6236 -18.2736 5.2699
v  -6.4810 -19.0254 5.2930
v  -6.4789 -19.0203 5.2729
v  -9.4029 -0.0737 5.3164
v  -9.3975 -0.0737 5.2971
v  -9.3812 -0.0382 5.3226
v  -9.3757 -0.0383 5.3033
v  -9.3447 -0.0111 5.3297
v  -9.3392 -0.0111 5.3103
v  -9.4057 -0.1182 5.2932
v  -9.4057 -0.1282 5.2932
v  -9.1736 -0.1173 4.4737
v  -9.1735 -0.1273 4.4737
v  -8.9053 -0.1186 3.6398
v  -8.9053 -0.1286 3.6398
v  -8.5014 -0.1217 2.4556
v  -8.5013 -0.1317 2.4556
v  -7.9169 -0.1209 0.9655
v  -7.9169 -0.1309 0.9655
v  -9.4079 -0.1184 5.3968
v  -9.4078 -0.1284 5.3968
v  -9.4111 -0.1182 5.3125
v  -9.4111 -0.1282 5.3125
v  -6.5119 -0.1182 5.5512
v  -6.5119 -0.1282 5.5512
v  -5.3422 -0.1182 5.5512
v  -5.3422 -0.1282 5.5512
v  -7.5137 -0.1168 0.0417
v  -7.5137 -0.1268 0.0416
v  -7.4896 -0.1153 0.0202
v  -7.4895 -0.1253 0.0202
v  -7.4591 -0.1154 0.0056
v  -7.4590 -0.1254 0.0056
v  -1.4656 -0.1182 5.5512
v  -1.4656 -0.1282 5.5512
v  -0.0095 -0.1182 5.5512
v  -0.0095 -0.1282 5.5512
v  -2.9754 -0.1182 5.5512
v  -2.9742 -0.1282 5.5512
v  -7.4142 -0.1182 5.5512
v  -7.4145 -0.1282 5.5512
v  -8.3165 -0.1182 5.5512
v  -8.3169 -0.1282 5.5512
v  -9.3079 -0.1183 5.5296
v  -9.3079 -0.1283 5.5296
v  -9.3751 -0.1185 5.4721
v  -9.3749 -0.1285 5.4721
v  -4.4581 -0.1181 0.0000
v  -4.4581 -0.1281 -0.0000
v  -2.9752 -0.1181 0.0000
v  -2.9752 -0.1281 -0.0000
v  -1.4924 -0.1181 0.0000
v  -1.4923 -0.1281 -0.0000
v  -0.0095 -0.1181 0.0000
v  -5.9410 -0.1181 0.0000
v  -5.9409 -0.1281 -0.0000
v  -7.4142 -0.0000 5.4331
v  -7.4101 -0.0000 5.4231
v  -8.3165 0.0000 5.4331
v  -8.3145 -0.0000 5.4231
v  -9.2825 0.0000 5.3994
v  -9.2744 0.0000 5.3931
v  -9.2954 -0.0003 5.3712
v  -9.2872 -0.0003 5.3651
v  -5.3422 -0.0000 5.4331
v  -5.3386 -0.0000 5.4231
v  -6.5119 -0.0000 5.4331
v  -6.5175 -0.0000 5.4231
v  -9.2903 0.0000 5.3182
v  -9.2773 0.0000 5.3092
v  -9.0512 -0.0000 4.4737
v  -9.0407 -0.0000 4.4737
v  -8.7849 -0.0001 3.6398
v  -8.7743 -0.0001 3.6398
v  -8.3767 -0.0000 2.4556
v  -8.3659 -0.0000 2.4556
v  -7.7823 0.0000 0.9655
v  -7.7715 0.0000 0.9655
v  -0.0095 -0.0000 5.4231
v  -1.4656 -0.0000 5.4331
v  -1.4657 -0.0000 5.4231
v  -2.9754 -0.0000 5.4331
v  -2.9754 -0.0000 5.4231
v  -9.2556 0.0000 5.4224
v  -9.2477 0.0000 5.4160
v  -9.2957 0.0000 5.3376
v  -9.2858 0.0000 5.3305
v  -8.4801 -7.1817 0.0000
v  -8.4700 -7.1817 0.0000
v  -8.6338 -8.0013 0.0000
v  -8.6237 -8.0013 0.0000
v  -8.6889 -8.8495 0.0005
v  -8.6789 -8.8495 0.0005
v  -8.6606 -10.1335 0.0000
v  -8.6506 -10.1335 0.0000
v  -8.6345 -11.4181 -0.0002
v  -8.6245 -11.4181 -0.0002
v  -8.6084 -12.4322 0.0003
v  -8.5984 -12.4322 0.0003
v  -8.5888 -13.2294 0.0002
v  -8.5788 -13.2294 0.0002
v  -8.5621 -14.0264 0.0000
v  -8.5520 -14.0264 0.0000
v  -8.5439 -14.3821 0.0002
v  -8.5338 -14.3821 0.0002
v  -8.1115 -6.0832 0.0000
v  -8.1008 -6.0832 0.0000
v  -8.3329 -15.3587 -0.0002
v  -8.3236 -15.3549 -0.0002
v  -8.1898 -15.6364 -0.0001
v  -8.1814 -15.6309 -0.0001
v  -7.4972 -4.0549 -0.0012
v  -7.4872 -4.0549 -0.0012
v  -7.7881 -5.2329 0.0000
v  -7.7778 -5.2329 0.0000
v  -7.4119 -1.7423 -0.0002
v  -7.4019 -1.7423 -0.0002
v  -7.4131 -2.9929 -0.0004
v  -7.4031 -2.9929 -0.0004
v  -7.4238 -0.1281 -0.0000
v  -7.4138 -0.1281 -0.0000
v  -7.5796 -16.3510 -0.0007
v  -7.5752 -16.3418 -0.0007
v  -7.3129 -16.5514 -0.0004
v  -7.3102 -16.5415 -0.0004
v  -6.1654 -16.9527 0.0000
v  -6.1610 -16.9434 0.0000
v  -5.6719 -16.9879 0.0002
v  -5.6694 -16.9779 0.0002
v  -4.0208 -17.0098 0.0003
v  -4.0181 -16.9998 0.0003
v  -2.7483 -17.0194 -0.0002
v  -2.7512 -17.0094 -0.0002
v  -1.3748 -17.0240 0.0000
v  -1.3763 -17.0139 0.0000
v  -0.0095 -17.0332 0.0000
v  -0.0095 -17.0232 0.0000
v  -8.5049 -14.7352 0.0003
v  -8.4947 -14.7352 0.0003
v  -8.4387 -15.0529 0.0000
v  -8.4289 -15.0510 0.0000
v  -8.0118 -15.8942 -0.0000
v  -8.0045 -15.8872 0.0000
v  -7.8085 -16.1348 -0.0004
v  -7.8026 -16.1266 -0.0004
v  -7.0215 -16.7117 -0.0000
v  -7.0203 -16.7014 -0.0000
v  -6.6029 -16.8641 0.0001
v  -6.6039 -16.8537 0.0001
v  -5.1750 -16.9916 -0.0002
v  -5.1747 -16.9816 -0.0002
v  -7.4242 -0.0121 0.0663
v  -7.4142 -0.0121 0.0663
v  -7.4232 -0.0398 0.0298
v  -7.4132 -0.0398 0.0298
v  -7.4235 -0.0747 0.0084
v  -7.4135 -0.0747 0.0084
v  -7.4238 -0.1181 0.0000
v  -7.4138 -0.1181 0.0000
v  -8.7430 -8.0013 0.0698
v  -8.7472 -8.0013 0.0789
v  -8.7980 -8.8473 0.0716
v  -8.8021 -8.8473 0.0807
v  -8.7752 -10.1322 0.0685
v  -8.7793 -10.1322 0.0776
v  -8.7448 -11.4181 0.0679
v  -8.7489 -11.4181 0.0770
v  -8.7201 -12.4322 0.0682
v  -8.7242 -12.4322 0.0773
v  -8.7023 -13.2343 0.0685
v  -8.7064 -13.2349 0.0776
v  -8.6770 -14.0362 0.0688
v  -8.6810 -14.0373 0.0779
v  -8.5439 -15.0828 0.0680
v  -8.5477 -15.0847 0.0771
v  -8.4302 -15.3990 0.0676
v  -8.4338 -15.4011 0.0767
v  -8.2140 -6.0832 0.0687
v  -8.2181 -6.0832 0.0778
v  -8.5936 -7.1817 0.0677
v  -8.5979 -7.1817 0.0768
v  -7.8852 -16.2104 0.0705
v  -7.8882 -16.2132 0.0796
v  -7.6460 -16.4353 0.0715
v  -7.6487 -16.4383 0.0807
v  -7.8930 -5.2329 0.0687
v  -7.8972 -5.2329 0.0778
v  -7.5207 -2.9929 0.0691
v  -7.5247 -2.9929 0.0783
v  -7.6039 -4.0549 0.0672
v  -7.6080 -4.0549 0.0764
v  -7.5317 -0.1286 0.0700
v  -7.5356 -0.1287 0.0792
v  -7.5255 -1.7423 0.0700
v  -7.5295 -1.7423 0.0791
v  -6.6429 -16.9714 0.0735
v  -6.6449 -16.9748 0.0828
v  -6.1956 -17.0593 0.0777
v  -6.1974 -17.0628 0.0870
v  -5.1778 -17.1057 0.0723
v  -5.1790 -17.1096 0.0815
v  -4.0219 -17.1226 0.0738
v  -4.0228 -17.1265 0.0830
v  -2.7520 -17.1299 0.0655
v  -2.7525 -17.1340 0.0746
v  -1.3773 -17.1398 0.0672
v  -1.3776 -17.1440 0.0763
v  -0.0095 -17.1387 0.0659
v  -0.0095 -17.1430 0.0750
v  -8.6586 -14.3966 0.0689
v  -8.6626 -14.3980 0.0780
v  -8.6165 -14.7542 0.0692
v  -8.6205 -14.7558 0.0783
v  -8.2808 -15.6894 0.0683
v  -8.2842 -15.6918 0.0775
v  -8.0981 -15.9605 0.0686
v  -8.1013 -15.9631 0.0777
v  -7.3687 -16.6417 0.0730
v  -7.3711 -16.6449 0.0822
v  -7.0684 -16.8108 0.0726
v  -7.0706 -16.8141 0.0818
v  -5.6883 -17.0948 0.0775
v  -5.6897 -17.0985 0.0868
v  -7.5241 -0.0749 0.0733
v  -7.5281 -0.0749 0.0825
v  -7.5317 -0.1186 0.0700
v  -7.5356 -0.1187 0.0792
v  -7.4709 -0.0121 0.0966
v  -7.4748 -0.0121 0.1058
v  -7.5042 -0.0396 0.0821
v  -7.5082 -0.0396 0.0913
v  -4.4583 -0.0000 0.1178
v  -4.4597 -0.0000 0.1278
v  -2.9754 -0.0000 0.1178
v  -2.9754 -0.0000 0.1278
v  -7.4142 -0.0000 0.1178
v  -7.4184 -0.0000 0.1278
v  -5.9413 -0.0000 0.1178
v  -5.9441 -0.0000 0.1278
v  -1.4924 -0.0000 0.1178
v  -1.4924 -0.0000 0.1278
v  -0.0095 -0.0000 0.1178
v  -0.0095 -0.0000 0.1278
v  -7.4242 -0.0000 0.1178
v  -7.4281 -0.0000 0.1270
v  -10.3787 -7.1817 5.5512
v  -10.3687 -7.1817 5.5511
v  -10.1017 -6.1462 5.5512
v  -10.0897 -6.1428 5.5512
v  -9.2188 0.0000 5.4331
v  -9.2088 0.0000 5.4331
v  -9.2188 -0.0110 5.4824
v  -9.2088 -0.0110 5.4824
v  -9.2188 -0.1282 5.5512
v  -9.2088 -0.1282 5.5512
v  -9.2167 -1.7423 5.5512
v  -9.2067 -1.7423 5.5512
v  -9.3511 -4.0549 5.5511
v  -9.3410 -4.0549 5.5511
v  -9.6920 -5.2329 5.5511
v  -9.6818 -5.2329 5.5511
v  -9.2150 -2.9929 5.5512
v  -9.2050 -2.9929 5.5512
v  -9.2189 -0.0379 5.5196
v  -9.2089 -0.0379 5.5196
v  -9.2187 -0.0735 5.5424
v  -9.2087 -0.0735 5.5424
v  -9.2188 -0.1182 5.5512
v  -9.2088 -0.1182 5.5512
v  -8.0805 -0.0000 4.4737
v  -9.2097 0.0000 5.4253
v  -7.5341 -18.5253 5.5512
v  -7.5302 -18.5162 5.5502
v  -8.0592 -18.3081 5.5512
v  -8.0547 -18.2992 5.5502
v  -4.4561 -18.8331 5.5510
v  -4.4540 -18.8231 5.5501
v  -5.7868 -18.7955 5.5512
v  -5.7838 -18.7856 5.5503
v  -3.0177 -18.8715 5.5509
v  -3.0163 -18.8616 5.5500
v  -1.5108 -18.9093 5.5509
v  -1.5102 -18.8994 5.5500
v  -0.0095 -18.9461 5.5512
v  -8.4781 -18.0779 5.5512
v  -8.4727 -18.0695 5.5502
v  -8.8673 -17.8004 5.5512
v  -8.8612 -17.7925 5.5502
v  -6.3903 -18.7601 5.5512
v  -6.3871 -18.7503 5.5503
v  -6.9864 -18.6750 5.5512
v  -6.9831 -18.6655 5.5503
v  -9.2156 -17.4905 5.5512
v  -9.2088 -17.4832 5.5502
v  -9.5234 -17.1409 5.5512
v  -9.5161 -17.1342 5.5502
v  -9.7782 -16.7701 5.5509
v  -9.7708 -16.7631 5.5500
v  -10.4585 -11.4181 5.5489
v  -10.4487 -11.4181 5.5471
v  -10.4532 -12.4322 5.5482
v  -10.4433 -12.4322 5.5466
v  -10.4481 -13.4888 5.5482
v  -10.4382 -13.4874 5.5464
v  -10.3175 -15.4785 5.5501
v  -10.3083 -15.4746 5.5490
v  -10.1887 -15.9128 5.5505
v  -10.1795 -15.9087 5.5494
v  -10.4211 -14.5447 5.5488
v  -10.4113 -14.5419 5.5471
v  -10.3907 -15.0149 5.5494
v  -10.3810 -15.0115 5.5480
v  -10.5165 -8.8580 5.5506
v  -10.5066 -8.8580 5.5494
v  -10.4892 -10.1327 5.5500
v  -10.4792 -10.1321 5.5488
v  -10.4830 -8.0013 5.5511
v  -10.0268 -16.3642 5.5512
v  -10.0185 -16.3587 5.5503
v  -7.4702 -5.6333 5.0705
v  -7.4321 -5.6631 4.9848
v  -6.5583 -5.4598 5.0581
v  -6.5251 -5.4916 4.9722
v  -8.2990 -5.9946 5.1139
v  -8.2576 -6.0216 5.0289
v  -5.6220 -5.4270 5.0615
v  -5.5950 -5.4596 4.9756
v  -7.7212 -17.7476 5.2323
v  -7.6603 -17.6968 5.1497
v  -7.2278 -17.9356 5.2296
v  -7.1684 -17.8791 5.1470
v  -5.5279 -18.1626 5.2417
v  -5.4818 -18.0944 5.1591
v  -4.2660 -18.1849 5.2395
v  -4.2305 -18.1169 5.1569
v  -2.8920 -18.2147 5.2345
v  -2.8693 -18.1448 5.1520
v  -1.4577 -18.2453 5.2363
v  -1.4460 -18.1745 5.1539
v  -0.0095 -18.2682 5.2396
v  -8.4455 -17.3010 5.2387
v  -8.3833 -17.2584 5.1562
v  -8.0965 -17.5461 5.2369
v  -8.0352 -17.4999 5.1543
v  -6.7133 -18.0571 5.2330
v  -6.6559 -17.9953 5.1504
v  -6.1234 -18.1318 5.2383
v  -6.0710 -18.0656 5.1557
v  -9.9216 -11.3250 5.2249
v  -9.8602 -11.3076 5.1415
v  -9.9158 -12.4219 5.2376
v  -9.8548 -12.4033 5.1542
v  -9.9165 -13.4002 5.2415
v  -9.8555 -13.3800 5.1581
v  -9.7678 -15.2470 5.2359
v  -9.7053 -15.2218 5.1530
v  -9.6488 -15.6556 5.2342
v  -9.5857 -15.6275 5.1516
v  -9.0320 -16.7241 5.2382
v  -8.9695 -16.6886 5.1557
v  -8.7543 -17.0285 5.2394
v  -8.6922 -16.9898 5.1569
v  -9.8867 -14.3770 5.2407
v  -9.8253 -14.3552 5.1574
v  -9.8453 -14.8149 5.2397
v  -9.7836 -14.7915 5.1566
v  -9.4796 -16.0457 5.2361
v  -9.4169 -16.0150 5.1536
v  -9.2748 -16.3971 5.2380
v  -9.2121 -16.3640 5.1555
v  -9.8220 -8.0090 5.2224
v  -9.7576 -8.0143 5.1393
v  -9.8970 -8.8470 5.2319
v  -9.8357 -8.8476 5.1485
v  -9.9201 -10.0842 5.2515
v  -9.8592 -10.0766 5.1681
v  -9.5394 -7.2119 5.1894
v  -9.4781 -7.2303 5.1062
v  -9.0023 -6.5258 5.1451
v  -8.9521 -6.5518 5.0611
v  -1.4228 -5.3269 5.0538
v  -1.4136 -5.3648 4.9682
v  -2.8158 -5.3604 5.0625
v  -2.8008 -5.3970 4.9769
v  -4.2191 -5.3932 5.0638
v  -4.1955 -5.4279 4.9780
v  -10.4731 -8.0013 5.5504
v  -10.2334 -7.1817 5.5511
v  -10.2513 -7.1817 5.5511
v  -9.5007 -5.9772 5.5512
v  -9.5298 -5.9854 5.5512
v  -8.5912 -5.2675 5.5512
v  -8.5899 -5.2329 5.5512
v  -6.5119 -4.5916 5.5512
v  -6.5119 -4.5716 5.5512
v  -5.3712 -4.5277 5.5512
v  -5.3711 -4.5077 5.5512
v  -4.2443 -4.5259 5.5512
v  -4.2443 -4.5059 5.5512
v  -2.8088 -4.5265 5.5512
v  -2.8088 -4.5065 5.5512
v  -1.4656 -4.5218 5.5512
v  -1.4656 -4.5018 5.5512
v  -7.6008 -4.8308 5.5509
v  -7.5998 -4.8101 5.5510
v  -0.0095 -4.5277 5.5512
v  -0.0095 -4.5077 5.5512
v  -0.3284 -7.5027 0.7988
v  -0.3376 -7.4851 0.8035
v  -1.4588 -9.0211 0.7878
v  -1.4787 -9.0236 0.7883
v  -1.4687 -8.8583 0.7881
v  -1.4888 -8.8584 0.7885
v  -0.6142 -10.1762 0.7898
v  -0.6226 -10.1944 0.7907
v  -0.8330 -10.0587 0.7892
v  -0.8412 -10.0770 0.7899
v  -0.4377 -10.2432 0.7904
v  -0.4425 -10.2628 0.7913
v  -0.2020 -10.2942 0.7909
v  -0.2046 -10.3141 0.7919
v  -0.9748 -9.9462 0.7887
v  -0.9844 -9.9641 0.7893
v  -1.1687 -9.7432 0.7882
v  -1.1847 -9.7554 0.7886
v  -1.3923 -9.3225 0.7878
v  -1.4099 -9.3322 0.7882
v  -1.4322 -9.1823 0.7878
v  -1.4517 -9.1871 0.7882
v  -1.4591 -8.6755 0.7885
v  -1.4791 -8.6733 0.7889
v  -1.4107 -8.4520 0.7892
v  -1.4303 -8.4477 0.7896
v  -1.3348 -8.2523 0.7900
v  -1.3534 -8.2447 0.7906
v  -1.2413 -8.0880 0.7909
v  -1.2596 -8.0798 0.7917
v  -1.1303 -7.9427 0.7920
v  -1.1483 -7.9333 0.7931
v  -0.6329 -7.5870 0.7978
v  -0.6477 -7.5727 0.8012
v  -0.9134 -7.7448 0.7946
v  -0.9303 -7.7333 0.7965
v  -1.2929 -9.5529 0.7879
v  -1.3113 -9.5609 0.7884
v  -0.6498 -9.7550 0.6393
v  -0.6415 -9.7435 0.6251
v  -0.7930 -9.6321 0.6386
v  -0.7828 -9.6222 0.6245
v  -0.1688 -7.7486 0.6591
v  -0.1668 -7.7626 0.6449
v  -0.3092 -7.7803 0.6568
v  -0.3055 -7.7940 0.6425
v  -0.4747 -7.8451 0.6525
v  -0.4688 -7.8580 0.6383
v  -0.6422 -7.9463 0.6473
v  -0.6342 -7.9581 0.6332
v  -0.7966 -8.0808 0.6437
v  -0.7865 -8.0909 0.6296
v  -0.9148 -8.2261 0.6416
v  -0.9032 -8.2343 0.6274
v  -1.0075 -8.3891 0.6402
v  -0.9947 -8.3953 0.6260
v  -1.0666 -8.5491 0.6394
v  -1.0531 -8.5532 0.6252
v  -1.0995 -8.7047 0.6392
v  -1.0856 -8.7069 0.6250
v  -1.1103 -8.8576 0.6382
v  -1.0961 -8.8577 0.6240
v  -1.1039 -8.9751 0.6380
v  -1.0898 -8.9738 0.6238
v  -1.0825 -9.1026 0.6379
v  -1.0687 -9.0996 0.6237
v  -1.0460 -9.2282 0.6379
v  -1.0326 -9.2235 0.6237
v  -0.9869 -9.3642 0.6380
v  -0.9742 -9.3578 0.6238
v  -0.9038 -9.5002 0.6382
v  -0.8922 -9.4921 0.6241
v  -0.0095 -9.9480 0.6272
v  -0.1316 -9.9553 0.6412
v  -0.1301 -9.9412 0.6271
v  -0.2970 -9.9238 0.6413
v  -0.2932 -9.9101 0.6271
v  -0.4702 -9.8602 0.6402
v  -0.4642 -9.8474 0.6260
v  -0.5416 -9.6056 0.4549
v  -0.5499 -9.6170 0.4691
v  -0.6606 -9.5033 0.4545
v  -0.6707 -9.5132 0.4686
v  -0.1422 -7.9361 0.4701
v  -0.1442 -7.9220 0.4842
v  -0.2592 -7.9623 0.4678
v  -0.2630 -7.9486 0.4820
v  -0.3968 -8.0169 0.4647
v  -0.4026 -8.0039 0.4789
v  -0.5361 -8.1013 0.4605
v  -0.5442 -8.0895 0.4747
v  -0.6646 -8.2132 0.4575
v  -0.6746 -8.2031 0.4717
v  -0.7632 -8.3339 0.4555
v  -0.7748 -8.3257 0.4697
v  -0.8401 -8.4699 0.4547
v  -0.8529 -8.4637 0.4689
v  -0.8895 -8.6029 0.4538
v  -0.9031 -8.5988 0.4680
v  -0.9170 -8.7325 0.4534
v  -0.9310 -8.7303 0.4677
v  -0.9254 -8.8597 0.4533
v  -0.9395 -8.8596 0.4674
v  -0.9198 -8.9575 0.4532
v  -0.9339 -8.9588 0.4674
v  -0.9021 -9.0635 0.4531
v  -0.9159 -9.0665 0.4673
v  -0.8714 -9.1679 0.4533
v  -0.8848 -9.1725 0.4675
v  -0.8220 -9.2809 0.4536
v  -0.8347 -9.2873 0.4678
v  -0.7530 -9.3940 0.4538
v  -0.7646 -9.4022 0.4679
v  -0.0095 -9.7776 0.4567
v  -0.0095 -9.7918 0.4709
v  -0.1109 -9.7715 0.4570
v  -0.1125 -9.7856 0.4711
v  -0.2483 -9.7454 0.4568
v  -0.2520 -9.7591 0.4710
v  -0.3924 -9.6930 0.4556
v  -0.3983 -9.7059 0.4698
v  -0.6384 -9.4818 0.3706
v  -0.6382 -9.4816 0.3506
v  -0.5225 -9.5791 0.3713
v  -0.5224 -9.5790 0.3513
v  -0.1358 -7.9810 0.3890
v  -0.1359 -7.9802 0.3691
v  -0.2472 -8.0053 0.3866
v  -0.2474 -8.0046 0.3666
v  -0.3799 -8.0537 0.3825
v  -0.3801 -8.0533 0.3625
v  -0.5153 -8.1316 0.3780
v  -0.5153 -8.1315 0.3580
v  -0.6401 -8.2377 0.3749
v  -0.6400 -8.2378 0.3549
v  -0.7361 -8.3533 0.3730
v  -0.7359 -8.3534 0.3530
v  -0.8111 -8.4838 0.3718
v  -0.8108 -8.4840 0.3518
v  -0.8602 -8.6119 0.3710
v  -0.8597 -8.6120 0.3510
v  -0.8860 -8.7372 0.3705
v  -0.8856 -8.7373 0.3505
v  -0.8952 -8.8601 0.3700
v  -0.8947 -8.8601 0.3500
v  -0.8894 -8.9546 0.3699
v  -0.8889 -8.9546 0.3499
v  -0.8717 -9.0570 0.3699
v  -0.8713 -9.0569 0.3499
v  -0.8421 -9.1578 0.3699
v  -0.8418 -9.1577 0.3499
v  -0.7951 -9.2673 0.3699
v  -0.7947 -9.2671 0.3499
v  -0.7270 -9.3757 0.3703
v  -0.7268 -9.3756 0.3503
v  -0.1072 -9.7380 0.3731
v  -0.1072 -9.7381 0.3531
v  -0.0095 -9.7441 0.3531
v  -0.2395 -9.7131 0.3730
v  -0.2395 -9.7132 0.3530
v  -0.3782 -9.6625 0.3722
v  -0.3782 -9.6625 0.3522
v  -0.5218 -9.5782 0.1978
v  -0.5159 -9.5701 0.1978
v  -0.5219 -9.5782 0.2078
v  -0.6364 -9.4798 0.1978
v  -0.6366 -9.4799 0.2077
v  -0.6292 -9.4728 0.1978
v  -0.1369 -7.9733 0.1980
v  -0.1355 -7.9832 0.1980
v  -0.1369 -7.9737 0.2079
v  -0.0095 -7.9631 0.1979
v  -0.0095 -7.9636 0.2079
v  -0.2493 -7.9983 0.1979
v  -0.2467 -8.0080 0.1979
v  -0.2492 -7.9987 0.2079
v  -0.3818 -8.0499 0.1979
v  -0.3776 -8.0590 0.1979
v  -0.3817 -8.0501 0.2079
v  -0.5158 -8.1310 0.1978
v  -0.5101 -8.1393 0.1978
v  -0.5158 -8.1310 0.2078
v  -0.6393 -8.2386 0.1978
v  -0.6322 -8.2457 0.1978
v  -0.6394 -8.2385 0.2078
v  -0.7339 -8.3548 0.1978
v  -0.7257 -8.3606 0.1978
v  -0.7340 -8.3547 0.2078
v  -0.8081 -8.4853 0.1978
v  -0.7990 -8.4896 0.1978
v  -0.8083 -8.4852 0.2078
v  -0.8553 -8.6133 0.1978
v  -0.8457 -8.6162 0.1978
v  -0.8556 -8.6132 0.2078
v  -0.8821 -8.7378 0.1978
v  -0.8721 -8.7393 0.1978
v  -0.8823 -8.7377 0.2077
v  -0.8903 -8.8601 0.1977
v  -0.8803 -8.8602 0.1977
v  -0.8906 -8.8601 0.2077
v  -0.8852 -8.9542 0.1977
v  -0.8752 -8.9532 0.1977
v  -0.8854 -8.9542 0.2077
v  -0.8681 -9.0561 0.1977
v  -0.8583 -9.0540 0.1977
v  -0.8683 -9.0562 0.2077
v  -0.8388 -9.1566 0.1977
v  -0.8294 -9.1534 0.1977
v  -0.8390 -9.1567 0.2077
v  -0.7916 -9.2655 0.1977
v  -0.7826 -9.2610 0.1977
v  -0.7918 -9.2656 0.2077
v  -0.7251 -9.3743 0.1977
v  -0.7169 -9.3685 0.1977
v  -0.7252 -9.3744 0.2077
v  -0.0095 -9.7440 0.1978
v  -0.0095 -9.7440 0.2078
v  -0.1072 -9.7385 0.1978
v  -0.1072 -9.7385 0.2078
v  -0.1061 -9.7285 0.1978
v  -0.2395 -9.7133 0.1978
v  -0.2395 -9.7133 0.2078
v  -0.2369 -9.7036 0.1978
v  -0.3781 -9.6624 0.1978
v  -0.3781 -9.6624 0.2078
v  -0.3739 -9.6533 0.1978
v  -0.4025 -5.8250 3.3913
v  -0.4872 -5.3111 5.0568
v  -0.4961 -5.1693 5.2576
v  -0.4693 -5.3475 4.9715
v  -0.5065 -4.7774 5.5137
v  -0.5018 -4.9960 5.4176
v  -0.5086 -4.5247 5.5512
v  -0.5086 -4.5047 5.5512
v  -1.3458 -5.5851 4.3587
v  -0.3697 -5.6305 4.1376
v  -0.3697 -5.6248 4.1356
v  -0.3762 -5.6307 4.1372
v  -0.4096 -5.6122 4.2104
v  -0.4158 -5.6123 4.2101
v  -0.4096 -5.6065 4.2084
v  -0.0942 -5.6738 3.9575
v  -0.0933 -5.6754 3.9516
v  -0.0942 -5.6681 3.9556
v  -0.0095 -5.4354 4.7830
v  -0.0095 -5.4326 4.7883
v  -0.0942 -5.4385 4.7752
v  -0.0942 -5.4328 4.7732
v  -0.0925 -5.4357 4.7807
v  -0.3161 -5.4800 4.6638
v  -0.3185 -5.4778 4.6691
v  -0.3161 -5.4744 4.6618
v  -0.3699 -5.5010 4.6014
v  -0.3699 -5.4953 4.5994
v  -0.3766 -5.5010 4.6017
v  -0.4098 -5.5235 4.5300
v  -0.4098 -5.5178 4.5280
v  -0.4159 -5.5234 4.5307
v  -0.4426 -5.5696 4.3707
v  -0.4426 -5.5639 4.3687
v  -0.4486 -5.5697 4.3706
v  -0.4344 -5.5467 4.4520
v  -0.4404 -5.5469 4.4513
v  -0.4344 -5.5410 4.4500
v  -0.4342 -5.5917 4.2890
v  -0.4402 -5.5918 4.2888
v  -0.4342 -5.5860 4.2870
v  -0.2505 -5.6588 4.0210
v  -0.2505 -5.6532 4.0190
v  -0.2519 -5.6604 4.0152
v  -0.3160 -5.6462 4.0737
v  -0.3169 -5.6480 4.0669
v  -0.3160 -5.6405 4.0717
v  -0.1756 -5.6681 3.9818
v  -0.1777 -5.6696 3.9763
v  -0.1756 -5.6624 3.9798
v  -0.2506 -5.4619 4.7146
v  -0.2539 -5.4598 4.7191
v  -0.2506 -5.4562 4.7126
v  -0.1756 -5.4476 4.7521
v  -0.1800 -5.4458 4.7562
v  -0.1756 -5.4420 4.7502
v  0.6308 -9.7550 0.6393
v  0.7740 -9.6321 0.6386
v  0.8188 -9.6945 0.7006
v  0.6741 -9.8180 0.7018
v  0.1498 -7.7486 0.6591
v  -0.0095 -7.7360 0.6596
v  -0.0095 -7.6784 0.7091
v  0.1758 -7.6924 0.7099
v  0.2903 -7.7803 0.6568
v  0.2984 -7.7218 0.7071
v  0.4557 -7.8451 0.6525
v  0.4840 -7.7860 0.7080
v  0.6232 -7.9463 0.6473
v  0.6758 -7.8965 0.7065
v  0.7776 -8.0808 0.6437
v  0.8455 -8.0437 0.7050
v  0.8958 -8.2261 0.6416
v  0.9638 -8.1917 0.7035
v  0.9885 -8.3891 0.6402
v  1.0572 -8.3590 0.7021
v  1.0476 -8.5491 0.6394
v  1.1208 -8.5280 0.7008
v  1.0806 -8.7047 0.6392
v  1.1567 -8.6967 0.7013
v  1.0913 -8.8576 0.6382
v  1.1671 -8.8574 0.7007
v  1.0849 -8.9751 0.6380
v  1.1611 -8.9842 0.7013
v  1.0635 -9.1026 0.6379
v  1.1375 -9.1192 0.7004
v  1.0270 -9.2282 0.6379
v  1.1002 -9.2499 0.7004
v  0.9679 -9.3642 0.6380
v  1.0343 -9.4024 0.7004
v  0.8848 -9.5002 0.6382
v  0.9434 -9.5490 0.7002
v  -0.0095 -9.9622 0.6413
v  0.1127 -9.9553 0.6412
v  0.1270 -10.0285 0.7025
v  -0.0095 -10.0363 0.7026
v  0.2780 -9.9238 0.6413
v  0.3080 -9.9929 0.7023
v  0.4512 -9.8602 0.6402
v  0.4823 -9.9282 0.7015
v  10.6893 -8.8469 5.2877
v  10.6544 -8.0013 5.2879
v  10.4189 -8.0013 4.4737
v  10.4539 -8.8470 4.4737
v  10.6384 -11.4181 5.2827
v  10.6653 -10.1324 5.2848
v  10.4306 -10.1323 4.4737
v  10.4029 -11.4181 4.4737
v  10.6202 -12.4322 5.2768
v  10.3849 -12.4322 4.4737
v  10.5978 -14.5808 5.2769
v  10.6229 -13.5072 5.2751
v  10.3806 -13.4733 4.4737
v  10.3508 -14.5131 4.4737
v  10.1717 -16.4517 5.2766
v  10.3467 -16.0060 5.2784
v  10.1129 -15.8879 4.4737
v  9.9422 -16.3157 4.4737
v  10.5519 -7.1817 5.2890
v  10.2587 -6.0842 5.2902
v  9.9060 -6.0832 4.4737
v  10.3115 -7.1817 4.4737
v  9.0027 -17.9691 5.2687
v  9.3544 -17.6345 5.2695
v  9.1566 -17.4439 4.4737
v  8.8178 -17.7613 4.4737
v  9.8565 -5.2329 5.3024
v  9.6088 -5.2329 4.4737
v  9.5097 -4.0549 5.2908
v  9.3847 -2.9929 5.2980
v  9.1520 -2.9929 4.4737
v  9.2747 -4.0549 4.4737
v  9.3844 -1.7423 5.2903
v  9.3867 -0.1282 5.2932
v  9.1546 -0.1273 4.4737
v  9.1524 -1.7423 4.4737
v  7.0778 -18.9223 5.2713
v  7.6391 -18.7618 5.2721
v  7.4968 -18.5065 4.4737
v  6.9512 -18.6587 4.4737
v  4.4816 -19.1101 5.2729
v  5.8334 -19.0649 5.2729
v  5.7362 -18.7993 4.4737
v  4.4111 -18.8475 4.4737
v  3.0331 -19.1545 5.2729
v  2.9878 -18.8906 4.4737
v  1.5126 -19.1908 5.2729
v  1.4904 -18.9316 4.4737
v  -0.0095 -19.2216 5.2729
v  -0.0095 -18.9661 4.4737
v  10.1530 -8.0013 3.6398
v  10.1896 -8.8470 3.6398
v  10.1659 -10.1324 3.6398
v  10.1369 -11.4181 3.6398
v  10.1166 -12.4322 3.6398
v  10.1080 -13.4345 3.6398
v  10.0770 -14.4356 3.6398
v  9.8528 -15.7552 3.6398
v  9.6889 -16.1629 3.6398
v  9.6308 -6.0832 3.6398
v  10.0392 -7.1817 3.6398
v  8.9385 -17.2328 3.6398
v  8.6138 -17.5308 3.6398
v  9.3310 -5.2329 3.6398
v  8.8877 -2.9929 3.6398
v  9.0052 -4.0549 3.6398
v  8.8864 -0.1286 3.6398
v  8.8874 -1.7423 3.6398
v  7.3415 -18.2293 3.6398
v  6.8132 -18.3700 3.6398
v  5.6329 -18.5059 3.6398
v  4.3378 -18.5529 3.6398
v  2.9408 -18.5956 3.6398
v  1.4669 -18.6359 3.6398
v  9.7375 -8.0013 2.4556
v  9.7761 -8.8471 2.4556
v  9.7520 -10.1325 2.4556
v  9.7214 -11.4181 2.4556
v  9.6984 -12.4322 2.4556
v  9.6846 -13.3750 2.4556
v  9.6535 -14.3169 2.4556
v  9.4531 -15.5512 2.4556
v  9.3025 -15.9307 2.4556
v  9.2063 -6.0832 2.4556
v  9.6148 -7.1817 2.4556
v  8.6089 -16.9151 2.4556
v  8.3086 -17.1884 2.4556
v  8.9019 -5.2329 2.4556
v  8.4805 -2.9929 2.4556
v  8.5888 -4.0549 2.4556
v  8.4824 -0.1317 2.4556
v  8.4805 -1.7423 2.4556
v  7.1147 -17.8241 2.4556
v  6.6097 -17.9448 2.4556
v  5.4803 -18.0671 2.4556
v  4.2300 -18.1086 2.4556
v  2.8717 -18.1470 2.4556
v  1.4321 -18.1821 2.4556
v  9.1329 -8.0013 0.9655
v  9.1801 -8.8472 0.9655
v  9.1571 -10.1324 0.9655
v  9.1261 -11.4181 0.9655
v  9.1019 -12.4322 0.9655
v  9.0843 -13.2892 0.9655
v  9.0556 -14.1457 0.9655
v  8.8954 -15.2670 0.9655
v  8.7661 -15.6097 0.9655
v  8.5978 -6.0832 0.9655
v  8.9935 -7.1817 0.9655
v  8.1584 -16.4859 0.9655
v  7.8942 -16.7284 0.9655
v  8.2852 -5.2329 0.9655
v  7.8933 -2.9929 0.9655
v  7.9881 -4.0549 0.9655
v  7.8979 -0.1309 0.9655
v  7.8952 -1.7423 0.9655
v  6.8134 -17.2951 0.9655
v  6.3421 -17.3919 0.9655
v  5.2782 -17.4769 0.9655
v  4.0880 -17.5049 0.9655
v  2.7808 -17.5304 0.9655
v  1.3863 -17.5513 0.9655
v  8.7282 -8.0013 0.0789
v  8.7831 -8.8473 0.0807
v  8.7603 -10.1323 0.0776
v  8.7299 -11.4181 0.0770
v  8.7052 -12.4322 0.0773
v  8.6874 -13.2349 0.0776
v  8.6621 -14.0373 0.0779
v  8.5287 -15.0847 0.0771
v  8.4148 -15.4011 0.0767
v  8.1992 -6.0832 0.0778
v  8.5789 -7.1817 0.0768
v  7.8692 -16.2132 0.0796
v  7.6297 -16.4383 0.0807
v  7.8782 -5.2329 0.0778
v  7.5057 -2.9929 0.0783
v  7.5891 -4.0549 0.0764
v  7.5166 -0.1287 0.0792
v  7.5105 -1.7423 0.0791
v  6.6259 -16.9748 0.0828
v  6.1784 -17.0628 0.0870
v  5.1600 -17.1096 0.0815
v  4.0038 -17.1265 0.0830
v  2.7335 -17.1340 0.0746
v  1.3586 -17.1440 0.0763
v  10.5576 -7.1817 5.3082
v  10.6599 -8.0013 5.3072
v  10.6578 -8.0013 5.3943
v  10.5547 -7.1817 5.3948
v  10.6948 -8.8469 5.3069
v  10.6708 -10.1324 5.3041
v  10.6686 -10.1335 5.3930
v  10.6922 -8.8490 5.3942
v  10.6440 -11.4181 5.3019
v  10.6258 -12.4322 5.2960
v  10.6250 -12.4322 5.3892
v  10.6419 -11.4181 5.3920
v  10.6287 -13.5080 5.2943
v  10.6281 -13.5081 5.3884
v  10.6036 -14.5824 5.2960
v  10.5590 -15.0666 5.2976
v  10.5586 -15.0660 5.3898
v  10.6030 -14.5825 5.3892
v  10.2645 -6.0832 5.3094
v  10.2644 -6.0924 5.3953
v  10.1771 -16.4549 5.2956
v  9.9498 -16.8767 5.2928
v  9.9488 -16.8776 5.3869
v  10.1777 -16.4549 5.3885
v  9.8623 -5.2329 5.3216
v  9.8569 -5.2329 5.4011
v  9.3902 -2.9929 5.3172
v  9.5152 -4.0549 5.3101
v  9.5139 -4.0549 5.3956
v  9.3857 -2.9929 5.3990
v  9.3899 -1.7423 5.3096
v  9.3872 -1.7423 5.3954
v  9.3888 -0.1284 5.3968
v  9.3921 -0.1282 5.3125
v  9.0071 -17.9741 5.2876
v  8.6087 -18.2789 5.2887
v  8.6079 -18.2822 5.3849
v  9.0064 -17.9764 5.3843
v  7.0808 -18.9286 5.2918
v  6.4621 -19.0254 5.2930
v  6.4592 -19.0268 5.3875
v  7.0763 -18.9307 5.3866
v  4.4827 -19.1139 5.2964
v  3.0339 -19.1589 5.2977
v  3.0331 -19.1592 5.3899
v  4.4821 -19.1141 5.3891
v  1.5132 -19.1970 5.2990
v  1.5123 -19.1964 5.3904
v  -0.0095 -19.2304 5.3007
v  10.4717 -15.5431 5.2789
v  10.5532 -15.0646 5.2785
v  10.3095 -14.9810 4.4737
v  10.2320 -15.4434 4.4737
v  9.6714 -17.2668 5.2707
v  9.9446 -16.8731 5.2738
v  9.7227 -16.7184 4.4737
v  9.4610 -17.0938 4.4737
v  8.1745 -18.5296 5.2710
v  8.6046 -18.2736 5.2699
v  8.4336 -18.0483 4.4737
v  8.0186 -18.2879 4.4737
v  6.4599 -19.0203 5.2729
v  6.3475 -18.7539 4.4737
v  10.0392 -14.8854 3.6398
v  9.9668 -15.3302 3.6398
v  9.4798 -16.5450 3.6398
v  9.2295 -16.9017 3.6398
v  8.2462 -17.8004 3.6398
v  7.8489 -18.0251 3.6398
v  6.2264 -18.4605 3.6398
v  9.6218 -14.7380 2.4556
v  9.5573 -15.1562 2.4556
v  9.1102 -16.2841 2.4556
v  8.8780 -16.6116 2.4556
v  7.9665 -17.4354 2.4556
v  7.5977 -17.6384 2.4556
v  6.0474 -18.0245 2.4556
v  9.0322 -14.5305 0.9655
v  8.9802 -14.9114 0.9655
v  8.5976 -15.9240 0.9655
v  8.3952 -16.2165 0.9655
v  7.5906 -16.9487 0.9655
v  7.2622 -17.1283 0.9655
v  5.8114 -17.4476 0.9655
v  8.6436 -14.3980 0.0780
v  8.6015 -14.7558 0.0783
v  8.2653 -15.6918 0.0775
v  8.0823 -15.9632 0.0777
v  7.3522 -16.6449 0.0822
v  7.0516 -16.8141 0.0818
v  5.6708 -17.0985 0.0868
v  10.4774 -15.5455 5.2979
v  10.3522 -16.0088 5.2975
v  10.3531 -16.0084 5.3895
v  10.4775 -15.5443 5.3899
v  9.6764 -17.2709 5.2897
v  9.3591 -17.6390 5.2884
v  9.3595 -17.6427 5.3848
v  9.6756 -17.2737 5.3854
v  8.1782 -18.5353 5.2898
v  7.6424 -18.7678 5.2909
v  7.6391 -18.7695 5.3859
v  8.1769 -18.5389 5.3855
v  5.8350 -19.0693 5.2952
v  5.8341 -19.0695 5.3887
v  8.0776 -18.3798 5.5512
v  7.5505 -18.6050 5.5511
v  7.5151 -18.5253 5.5512
v  8.0402 -18.3081 5.5512
v  5.7940 -18.8890 5.5512
v  4.4565 -18.9355 5.5511
v  4.4371 -18.8331 5.5510
v  5.7679 -18.7955 5.5512
v  3.0126 -18.9702 5.5512
v  2.9988 -18.8715 5.5509
v  1.4987 -19.0074 5.5512
v  1.4918 -18.9093 5.5509
v  -0.0095 -19.0411 5.5512
v  8.8813 -17.8405 5.5511
v  8.4953 -18.1345 5.5511
v  8.4591 -18.0779 5.5512
v  8.8484 -17.8004 5.5512
v  6.9980 -18.7584 5.5511
v  6.3998 -18.8484 5.5511
v  6.3713 -18.7601 5.5512
v  6.9674 -18.6750 5.5512
v  10.4297 -11.4181 5.5471
v  10.4243 -12.4322 5.5466
v  10.3100 -12.5010 5.5279
v  10.3131 -11.4030 5.5263
v  10.4192 -13.4874 5.5464
v  10.3060 -13.5055 5.5268
v  10.2893 -15.4746 5.5490
v  10.1605 -15.9087 5.5494
v  10.0483 -15.8585 5.5360
v  10.1717 -15.4252 5.5341
v  9.5276 -17.1627 5.5511
v  9.2254 -17.5209 5.5511
v  9.1966 -17.4905 5.5512
v  9.5044 -17.1409 5.5512
v  10.3923 -14.5419 5.5471
v  10.3620 -15.0115 5.5480
v  10.2447 -14.9702 5.5306
v  10.2779 -14.5090 5.5275
v  9.7718 -16.7814 5.5512
v  9.7592 -16.7701 5.5509
v  10.0078 -16.3643 5.5512
v  10.3497 -7.1817 5.5511
v  10.4541 -8.0013 5.5504
v  10.2323 -7.1817 5.5511
v  10.4876 -8.8580 5.5494
v  10.4603 -10.1321 5.5488
v  10.3369 -10.1246 5.5334
v  10.3523 -8.8574 5.5336
v  10.2965 -8.0031 5.5371
v  9.9763 -7.0717 5.5304
v  9.3089 -6.0736 5.5331
v  9.4817 -5.9772 5.5512
v  10.2144 -7.1817 5.5511
v  8.4903 -5.5077 5.5201
v  8.5723 -5.2675 5.5512
v  7.4512 -5.6333 5.0705
v  6.5394 -5.4598 5.0581
v  6.5597 -5.3202 5.2807
v  7.5105 -5.5028 5.2775
v  8.2800 -5.9946 5.1139
v  8.3521 -5.8765 5.2984
v  5.6031 -5.4270 5.0615
v  5.5788 -5.2760 5.2839
v  7.6414 -17.6968 5.1497
v  7.1495 -17.8791 5.1470
v  6.9817 -17.7196 4.9138
v  7.4622 -17.5474 4.9064
v  5.4629 -18.0944 5.1591
v  4.2115 -18.1169 5.1569
v  4.1272 -17.9552 4.9604
v  5.3502 -17.9275 4.9570
v  2.8503 -18.1448 5.1520
v  2.7955 -17.9759 4.9525
v  1.4270 -18.1745 5.1539
v  1.3972 -17.9942 4.9440
v  -0.0095 -18.1965 5.1572
v  8.3644 -17.2584 5.1562
v  8.0162 -17.4999 5.1543
v  7.8294 -17.3592 4.9024
v  8.1703 -17.1254 4.8989
v  6.6369 -17.9953 5.1504
v  6.0521 -18.0656 5.1557
v  5.9185 -17.8965 4.9451
v  6.4822 -17.8286 4.9275
v  9.8412 -11.3076 5.1415
v  9.8359 -12.4033 5.1542
v  9.6334 -12.3416 4.8772
v  9.6280 -11.2473 4.8524
v  9.8365 -13.3800 5.1581
v  9.6352 -13.3127 4.8826
v  9.6863 -15.2218 5.1530
v  9.5667 -15.6275 5.1516
v  9.3517 -15.5319 4.8700
v  9.4723 -15.1353 4.8693
v  8.9505 -16.6886 5.1557
v  8.6733 -16.9898 5.1569
v  8.4746 -16.8660 4.8929
v  8.7467 -16.5729 4.8868
v  9.8063 -14.3552 5.1574
v  9.7646 -14.7915 5.1566
v  9.5544 -14.7118 4.8735
v  9.5997 -14.2821 4.8773
v  9.3979 -16.0150 5.1536
v  9.1931 -16.3640 5.1555
v  8.9846 -16.2542 4.8813
v  9.1856 -15.9112 4.8744
v  9.7386 -8.0143 5.1393
v  9.8167 -8.8476 5.1485
v  9.5724 -8.8501 4.8162
v  9.4702 -8.0364 4.7934
v  9.8402 -10.0766 5.1681
v  9.6069 -10.0472 4.8483
v  9.4591 -7.2303 5.1062
v  9.2036 -7.3073 4.7596
v  8.9331 -6.5518 5.0611
v  8.7320 -6.6560 4.7243
v  8.2386 -6.0216 5.0289
v  8.0730 -6.1293 4.6894
v  6.5062 -5.4916 4.9722
v  7.4131 -5.6631 4.9848
v  7.2717 -5.7738 4.6662
v  6.3865 -5.6063 4.6627
v  5.5760 -5.4596 4.9756
v  5.4799 -5.5752 4.6701
v  1.3946 -5.3648 4.9682
v  2.7818 -5.3970 4.9769
v  2.7265 -5.5317 4.6607
v  1.3599 -5.5073 4.6469
v  7.1156 -17.2298 4.3879
v  6.6547 -17.3737 4.3995
v  6.2988 -17.0324 3.9032
v  6.7321 -16.9127 3.8835
v  5.1151 -17.5406 4.4536
v  3.9481 -17.5674 4.4595
v  3.7506 -17.2003 3.9772
v  4.8567 -17.1721 3.9702
v  2.6784 -17.5823 4.4503
v  2.5462 -17.2131 3.9677
v  1.3364 -17.5927 4.4386
v  1.2694 -17.2196 3.9545
v  -0.0095 -17.5930 4.4281
v  -0.0095 -17.2182 3.9401
v  7.7985 -16.8685 4.3806
v  7.4676 -17.0696 4.3843
v  7.0686 -16.7744 3.8771
v  7.3871 -16.5980 3.8714
v  6.1787 -17.4616 4.4188
v  5.6484 -17.5144 4.4405
v  5.3563 -17.1478 3.9557
v  5.8533 -17.1035 3.9298
v  9.2440 -11.1470 4.2962
v  9.2551 -12.2463 4.3259
v  8.8309 -12.1478 3.7689
v  8.8193 -11.0457 3.7331
v  9.2596 -13.2146 4.3318
v  8.8347 -13.1109 3.7743
v  9.0816 -15.0138 4.3378
v  8.9590 -15.3926 4.3475
v  8.5155 -15.2385 3.8177
v  8.6376 -14.8784 3.8012
v  8.3626 -16.3746 4.3720
v  8.0948 -16.6379 4.3779
v  7.6737 -16.3945 3.8654
v  7.9316 -16.1562 3.8581
v  9.2202 -14.1806 4.3307
v  9.1696 -14.6005 4.3333
v  8.7314 -14.4783 3.7871
v  8.7884 -14.0708 3.7770
v  8.7946 -15.7545 4.3575
v  8.5982 -16.0782 4.3656
v  8.1617 -15.8832 3.8472
v  8.3539 -15.5820 3.8333
v  9.0697 -8.0777 4.2127
v  9.1818 -8.8556 4.2298
v  8.7734 -8.8597 3.6395
v  8.6594 -8.1414 3.6047
v  9.2287 -10.0008 4.2697
v  8.8184 -9.9516 3.6942
v  8.8131 -7.3762 4.1847
v  8.4119 -7.4824 3.5531
v  8.3668 -6.7408 4.1417
v  7.9857 -6.8691 3.4841
v  7.7344 -6.2277 4.1037
v  7.3748 -6.3770 3.4362
v  6.0976 -5.7575 4.0978
v  6.9535 -5.9012 4.0925
v  6.6194 -6.0715 3.4292
v  5.7962 -5.9346 3.4362
v  5.2245 -5.7249 4.1033
v  4.9570 -5.8902 3.4371
v  1.2939 -5.6630 4.0706
v  2.6005 -5.6828 4.0871
v  2.4772 -5.8376 3.4109
v  1.2344 -5.8207 3.3923
v  5.8974 -16.7104 3.4283
v  6.3010 -16.6134 3.3989
v  3.5157 -16.8550 3.5080
v  4.5539 -16.8283 3.5038
v  2.3862 -16.8650 3.4942
v  1.1889 -16.8666 3.4782
v  -0.0095 -16.8610 3.4627
v  6.6333 -16.4935 3.3812
v  6.9482 -16.3338 3.3677
v  5.0203 -16.8060 3.4892
v  5.4845 -16.7671 3.4612
v  8.3989 -12.0253 3.2040
v  8.3841 -10.9350 3.1636
v  8.4038 -12.9764 3.2080
v  8.0676 -15.0567 3.2765
v  8.1917 -14.7106 3.2526
v  7.2297 -16.1469 3.3559
v  7.4857 -15.9269 3.3402
v  8.2906 -14.3207 3.2306
v  8.3528 -13.9234 3.2137
v  7.7129 -15.6698 3.3227
v  7.9038 -15.3849 3.3012
v  8.3393 -8.8612 3.0620
v  8.2192 -8.2319 3.0056
v  8.3884 -9.8946 3.1271
v  7.9802 -7.6513 2.9218
v  7.5684 -7.0907 2.8278
v  6.9932 -6.6219 2.7565
v  6.2741 -6.3228 2.7428
v  5.4886 -6.1703 2.7417
v  4.6844 -6.1020 2.7337
v  2.3518 -6.0242 2.6929
v  1.1749 -6.0097 2.6727
v  5.7648 -16.2089 2.8283
v  5.3956 -16.2870 2.8606
v  4.8609 -15.7461 2.2995
v  5.1928 -15.6742 2.2744
v  4.1693 -16.3909 2.9278
v  3.2185 -16.4165 2.9277
v  2.9041 -15.8838 2.3368
v  3.7600 -15.8533 2.3438
v  2.1838 -16.4249 2.9109
v  1.9699 -15.8949 2.3180
v  1.0876 -16.4254 2.8950
v  0.9798 -15.8980 2.3045
v  -0.0095 -15.9016 2.3018
v  6.3999 -15.9565 2.7762
v  6.0901 -16.1022 2.8004
v  5.5011 -15.5701 2.2498
v  5.7954 -15.4312 2.2259
v  5.0198 -16.3341 2.8906
v  4.5953 -16.3695 2.9156
v  4.1423 -15.8297 2.3365
v  4.5233 -15.7928 2.3194
v  7.8668 -10.7981 2.5729
v  7.8807 -11.8470 2.6002
v  7.2591 -11.6053 2.0620
v  7.2495 -10.6335 2.0468
v  7.8794 -12.7641 2.5933
v  7.2448 -12.4593 2.0542
v  7.6348 -14.4312 2.6365
v  7.5055 -14.7591 2.6638
v  6.8524 -14.3189 2.1169
v  6.9794 -14.0135 2.0933
v  6.9255 -15.5773 2.7385
v  6.6748 -15.7835 2.7581
v  6.0563 -15.2700 2.2068
v  6.2948 -15.0774 2.1880
v  7.8147 -13.6754 2.5935
v  7.7428 -14.0575 2.6122
v  7.0894 -13.6644 2.0722
v  7.1656 -13.3066 2.0554
v  7.3399 -15.0696 2.6915
v  7.1501 -15.3376 2.7161
v  6.5079 -14.8545 2.1685
v  6.6923 -14.6076 2.1410
v  7.6997 -8.3247 2.4417
v  7.8146 -8.8628 2.4970
v  7.1933 -8.8647 2.0034
v  7.0788 -8.4039 1.9693
v  7.8687 -9.8254 2.5538
v  7.2505 -9.7438 2.0420
v  7.4786 -7.8245 2.3608
v  6.8732 -7.9725 1.9095
v  7.0967 -7.3161 2.2741
v  6.5240 -7.5156 1.8459
v  6.5620 -6.8825 2.2185
v  6.0419 -7.1137 1.8092
v  5.1691 -6.4026 2.2140
v  5.8999 -6.5807 2.2106
v  5.4471 -6.8093 1.8090
v  4.7826 -6.6097 1.8185
v  4.4158 -6.3033 2.2104
v  4.0939 -6.4859 1.8199
v  1.1213 -6.1587 2.2032
v  2.2359 -6.1811 2.2043
v  2.0881 -6.3160 1.8473
v  1.0497 -6.2806 1.8635
v  4.1765 -5.4279 4.9780
v  4.0910 -5.5536 4.6676
v  0.3968 -5.6123 4.2101
v  0.4212 -5.5918 4.2888
v  1.3269 -5.5851 4.3587
v  3.9036 -5.7022 4.0985
v  3.7139 -5.8592 3.4258
v  0.2979 -5.6480 4.0669
v  0.3572 -5.6307 4.1372
v  3.5190 -6.0518 2.7132
v  -0.0095 -6.1522 2.2040
v  -0.0095 -6.0196 2.6696
v  3.3322 -6.2245 2.2037
v  3.1022 -6.3794 1.8268
v  0.3186 -7.4851 0.8035
v  -0.0095 -7.4489 0.8055
v  0.3677 -7.3904 0.8290
v  4.2001 -5.3932 5.0638
v  4.2287 -5.2443 5.2791
v  2.7968 -5.3604 5.0625
v  2.8100 -5.2127 5.2716
v  1.4038 -5.3269 5.0538
v  1.4216 -5.1817 5.2603
v  0.4682 -5.3111 5.0568
v  0.4771 -5.1693 5.2576
v  2.9760 -13.5492 1.1796
v  2.4741 -12.6957 0.9988
v  2.8256 -12.5907 1.0002
v  3.4154 -13.4415 1.1811
v  1.9346 -13.6714 1.1640
v  1.6089 -12.8297 0.9905
v  2.0729 -12.7744 0.9963
v  2.4954 -13.6242 1.1748
v  1.3085 -13.7001 1.1518
v  1.0851 -12.8674 0.9839
v  0.6420 -13.7225 1.1458
v  0.5271 -12.8963 0.9812
v  -0.0095 -13.7573 1.1498
v  3.1696 -12.4126 0.9972
v  3.8266 -13.2371 1.1745
v  4.9137 -10.6642 1.1247
v  4.0656 -10.3232 0.9708
v  4.0738 -9.8338 0.9666
v  4.9193 -10.0436 1.1171
v  4.8441 -11.3216 1.1240
v  4.0307 -10.8702 0.9743
v  4.4502 -12.6426 1.1576
v  3.6778 -11.9165 0.9895
v  3.9188 -11.3994 0.9795
v  4.7383 -12.0113 1.1397
v  3.4526 -12.1893 0.9938
v  4.1806 -12.9787 1.1667
v  4.9004 -8.8710 1.1066
v  4.0692 -8.8699 0.9599
v  4.0128 -8.6238 0.9558
v  4.8281 -8.5785 1.0983
v  4.0917 -9.3497 0.9640
v  4.9346 -9.4541 1.1135
v  3.9044 -8.3805 0.9518
v  4.6918 -8.2929 1.0893
v  3.7244 -8.1017 0.9492
v  4.4653 -7.9693 1.0817
v  3.4823 -7.8326 0.9527
v  4.1609 -7.6630 1.0812
v  3.7853 -7.3946 1.0924
v  3.1829 -7.5896 0.9638
v  2.8351 -7.3912 0.9783
v  3.3545 -7.1833 1.1065
v  2.4645 -7.2466 0.9918
v  2.9002 -7.0358 1.1187
v  1.5083 -6.7631 1.1824
v  1.2882 -6.9537 1.0496
v  0.6490 -6.8745 1.0700
v  0.7610 -6.6861 1.2074
v  1.8985 -7.0805 1.0183
v  2.2243 -6.8802 1.1463
v  -0.0095 -6.6531 1.2173
v  -0.0095 -6.4973 1.3905
v  0.8664 -6.5253 1.3790
v  0.5405 -7.0690 0.9612
v  1.9630 -11.8044 0.8893
v  1.4543 -10.8797 0.8276
v  1.6432 -10.7766 0.8258
v  2.2329 -11.7000 0.8885
v  1.2827 -11.9633 0.8895
v  0.9568 -11.0635 0.8318
v  1.2276 -10.9798 0.8299
v  1.6497 -11.8940 0.8898
v  0.8616 -12.0156 0.8886
v  0.6379 -11.1311 0.8333
v  0.4120 -12.0514 0.8886
v  0.2965 -11.1740 0.8344
v  -0.0095 -12.0815 0.8897
v  -0.0095 -11.1951 0.8357
v  1.8176 -10.6495 0.8240
v  2.4939 -11.5458 0.8867
v  3.1892 -9.9733 0.8735
v  2.2930 -9.6146 0.8149
v  2.3093 -9.4006 0.8124
v  3.2025 -9.6192 0.8677
v  3.1532 -10.3726 0.8767
v  2.2602 -9.8607 0.8168
v  2.8788 -11.1480 0.8832
v  2.0740 -10.3548 0.8209
v  2.1966 -10.0986 0.8185
v  3.0629 -10.7587 0.8789
v  1.9594 -10.5093 0.8225
v  2.7077 -11.3628 0.8850
v  3.2108 -8.8666 0.8633
v  2.3317 -8.8628 0.8100
v  2.3093 -8.7033 0.8112
v  3.1709 -8.6655 0.8613
v  2.3306 -9.1314 0.8120
v  3.2216 -9.2417 0.8684
v  2.2619 -8.5445 0.8110
v  3.0925 -8.4654 0.8596
v  2.1819 -8.3625 0.8117
v  2.9620 -8.2347 0.8592
v  2.0706 -8.1778 0.8145
v  2.7849 -8.0067 0.8632
v  2.5648 -7.7941 0.8717
v  1.9308 -7.9989 0.8195
v  1.7600 -7.8385 0.8243
v  2.3050 -7.6124 0.8832
v  1.5688 -7.7048 0.8300
v  2.0236 -7.4710 0.8949
v  1.0712 -7.1520 0.9446
v  0.8438 -7.3651 0.8574
v  0.4257 -7.2805 0.8670
v  1.2350 -7.5146 0.8424
v  1.5730 -7.2909 0.9182
v  4.0123 -15.1315 1.8346
v  3.5026 -14.3723 1.4545
v  3.7608 -14.3255 1.4536
v  4.3099 -15.0849 1.8250
v  2.5826 -15.2323 1.8313
v  2.2617 -14.4820 1.4365
v  2.9217 -14.4415 1.4516
v  3.3403 -15.1966 1.8440
v  1.7510 -15.2478 1.8116
v  1.5319 -14.5028 1.4178
v  0.8688 -15.2565 1.7997
v  0.7567 -14.5178 1.4110
v  4.6024 -15.0165 1.8107
v  4.0139 -14.2595 1.4498
v  4.2648 -14.1632 1.4417
v  4.8852 -14.9154 1.7933
v  3.2129 -14.4129 1.4545
v  3.6770 -15.1704 1.8424
v  6.5356 -11.3190 1.6471
v  5.7456 -11.0003 1.3486
v  5.7468 -10.2510 1.3391
v  6.5311 -10.4492 1.6388
v  6.5106 -12.0875 1.6446
v  5.7176 -11.6676 1.3510
v  5.9755 -14.0273 1.7140
v  5.2303 -13.3634 1.3968
v  5.3621 -13.1333 1.3865
v  6.1236 -13.7659 1.6963
v  5.1552 -14.7835 1.7743
v  4.5041 -14.0406 1.4307
v  4.7153 -13.9041 1.4225
v  5.3940 -14.6338 1.7596
v  6.2429 -13.4895 1.6788
v  5.4691 -12.8901 1.3765
v  5.5655 -12.6128 1.3667
v  6.3490 -13.1735 1.6624
v  5.6127 -14.4563 1.7454
v  4.9092 -13.7443 1.4142
v  5.0816 -13.5639 1.4061
v  5.8077 -14.2533 1.7311
v  6.4822 -8.8679 1.6156
v  5.7145 -8.8702 1.3210
v  5.6266 -8.5275 1.3068
v  6.3803 -8.4723 1.5913
v  5.7590 -9.5565 1.3355
v  6.5381 -9.6536 1.6363
v  5.4636 -8.1981 1.2869
v  6.1934 -8.0981 1.5549
v  5.1916 -7.8313 1.2684
v  5.8805 -7.6892 1.5172
v  4.8259 -7.4908 1.2595
v  5.4564 -7.3178 1.4946
v  4.9330 -7.0170 1.4985
v  4.3752 -7.2025 1.2676
v  3.8626 -6.9853 1.2803
v  4.3426 -6.8024 1.5100
v  3.3256 -6.8391 1.2898
v  3.7275 -6.6621 1.5159
v  1.9153 -6.4467 1.5672
v  1.7183 -6.5924 1.3508
v  0.9649 -6.3950 1.5952
v  2.5395 -6.6949 1.3128
v  2.8366 -6.5320 1.5326
v  6.4239 -12.8490 1.6497
v  5.6348 -12.3282 1.3576
v  -0.0095 -6.3738 1.6065
v  -0.0095 -7.2454 0.8717
v  1.2041 -10.4136 0.8051
v  1.3529 -10.3104 0.8034
v  0.7966 -10.6114 0.8096
v  1.0200 -10.5198 0.8075
v  0.5279 -10.6873 0.8116
v  0.2395 -10.7341 0.8129
v  -0.0095 -10.7509 0.8131
v  1.4828 -10.1971 0.8020
v  1.8212 -9.5672 0.7994
v  1.8614 -9.2914 0.7974
v  1.6735 -9.9546 0.7997
v  1.7637 -9.7660 0.8002
v  1.5878 -10.0786 0.8008
v  1.8909 -8.8606 0.7963
v  1.8854 -9.0763 0.7971
v  1.8580 -8.6298 0.7962
v  1.7677 -8.3699 0.7969
v  1.6301 -8.1227 0.8001
v  1.4979 -7.9648 0.8023
v  1.3403 -7.8232 0.8059
v  0.7291 -7.4752 0.8239
v  1.0649 -7.6289 0.8140
v  0.3835 -5.8250 3.3913
v  -0.0095 -5.3382 4.9747
v  0.0735 -5.4357 4.7807
v  1.4597 -9.0236 0.7883
v  1.4698 -8.8584 0.7885
v  9.3818 -0.0737 5.4006
v  9.3840 -0.0737 5.3164
v  9.3921 -0.1182 5.3125
v  9.3889 -0.1184 5.3968
v  6.4929 -0.1182 5.5512
v  5.3232 -0.1182 5.5512
v  5.3231 -0.0735 5.5424
v  6.4929 -0.0735 5.5424
v  9.1546 -0.1173 4.4737
v  9.3867 -0.1182 5.2932
v  9.3785 -0.0737 5.2971
v  9.1447 -0.0736 4.4737
v  8.8864 -0.1186 3.6398
v  8.8773 -0.0748 3.6398
v  8.4824 -0.1217 2.4556
v  8.4726 -0.0767 2.4556
v  7.8979 -0.1209 0.9655
v  7.8879 -0.0741 0.9655
v  7.5167 -0.1187 0.0792
v  7.5091 -0.0749 0.0825
v  7.4880 -0.0738 0.0472
v  7.4948 -0.1168 0.0417
v  7.5127 -0.1186 0.0700
v  7.5052 -0.0749 0.0733
v  8.7240 -8.0013 0.0698
v  8.5746 -7.1817 0.0677
v  8.5551 -7.1817 0.0402
v  8.7059 -8.0013 0.0412
v  8.7563 -10.1323 0.0685
v  8.7790 -8.8473 0.0716
v  8.7610 -8.8476 0.0424
v  8.7367 -10.1325 0.0397
v  8.7012 -12.4322 0.0682
v  8.7258 -11.4181 0.0679
v  8.7071 -11.4181 0.0398
v  8.6824 -12.4322 0.0397
v  8.6833 -13.2343 0.0685
v  8.6651 -13.2330 0.0389
v  8.5976 -14.7542 0.0692
v  8.6396 -14.3966 0.0689
v  8.6189 -14.3930 0.0410
v  8.5793 -14.7499 0.0399
v  8.1951 -6.0833 0.0687
v  8.1771 -6.0832 0.0412
v  8.0791 -15.9605 0.0686
v  8.2619 -15.6894 0.0683
v  8.2468 -15.6801 0.0411
v  8.0647 -15.9493 0.0406
v  7.8740 -5.2329 0.0687
v  7.5850 -4.0549 0.0672
v  7.5670 -4.0549 0.0396
v  7.8561 -5.2329 0.0404
v  7.5017 -2.9929 0.0691
v  7.5065 -1.7423 0.0700
v  7.4876 -1.7423 0.0406
v  7.4837 -2.9929 0.0410
v  7.5127 -0.1286 0.0700
v  7.4947 -0.1268 0.0416
v  7.0494 -16.8108 0.0726
v  7.3497 -16.6417 0.0730
v  7.3405 -16.6277 0.0438
v  7.0408 -16.7944 0.0438
v  5.1588 -17.1057 0.0723
v  5.6693 -17.0948 0.0775
v  5.6653 -17.0779 0.0476
v  5.1569 -17.0871 0.0423
v  2.7330 -17.1299 0.0655
v  4.0030 -17.1226 0.0738
v  4.0017 -17.1038 0.0439
v  2.7319 -17.1107 0.0384
v  1.3583 -17.1398 0.0672
v  1.3576 -17.1205 0.0379
v  -0.0095 -17.1205 0.0391
v  8.4112 -15.3990 0.0676
v  8.5249 -15.0828 0.0680
v  8.5070 -15.0767 0.0402
v  8.3950 -15.3916 0.0403
v  7.6270 -16.4353 0.0715
v  7.8662 -16.2104 0.0705
v  7.8537 -16.1982 0.0416
v  7.6157 -16.4214 0.0427
v  6.1766 -17.0593 0.0777
v  6.6239 -16.9714 0.0735
v  6.6161 -16.9535 0.0435
v  6.1703 -17.0422 0.0471
v  8.6580 -14.0362 0.0688
v  8.6391 -14.0334 0.0393
v  8.5299 -7.1817 0.0192
v  8.4979 -7.1817 0.0051
v  8.6506 -8.0013 0.0053
v  8.6815 -8.0013 0.0197
v  8.7367 -8.8482 0.0204
v  8.7058 -8.8488 0.0055
v  8.6788 -10.1332 0.0042
v  8.7113 -10.1329 0.0181
v  8.6824 -11.4181 0.0186
v  8.6513 -11.4181 0.0046
v  8.6258 -12.4322 0.0045
v  8.6574 -12.4322 0.0186
v  8.6068 -13.2306 0.0042
v  8.6393 -13.2319 0.0176
v  8.6132 -14.0312 0.0178
v  8.5806 -14.0288 0.0039
v  8.5625 -14.3861 0.0038
v  8.5942 -14.3899 0.0193
v  8.1543 -6.0832 0.0199
v  8.1256 -6.0832 0.0054
v  8.3730 -15.3826 0.0197
v  8.3455 -15.3714 0.0057
v  8.2008 -15.6536 0.0055
v  8.2265 -15.6684 0.0202
v  7.5428 -4.0549 0.0189
v  7.5126 -4.0549 0.0052
v  7.8032 -5.2329 0.0049
v  7.8328 -5.2329 0.0190
v  7.4624 -1.7423 0.0187
v  7.4301 -1.7423 0.0045
v  7.4291 -2.9929 0.0053
v  7.4595 -2.9929 0.0197
v  7.4706 -0.1253 0.0202
v  7.4400 -0.1254 0.0056
v  7.6010 -16.4025 0.0207
v  7.5823 -16.3786 0.0059
v  7.3123 -16.5817 0.0059
v  7.3281 -16.6076 0.0216
v  6.1634 -17.0189 0.0233
v  6.1553 -16.9885 0.0066
v  5.6574 -17.0246 0.0074
v  5.6616 -17.0549 0.0243
v  4.0016 -17.0790 0.0208
v  4.0016 -17.0470 0.0055
v  2.7301 -17.0549 0.0044
v  2.7310 -17.0859 0.0180
v  1.3564 -17.0615 0.0033
v  1.3570 -17.0943 0.0168
v  -0.0095 -17.0670 0.0051
v  -0.0095 -17.0966 0.0189
v  8.5543 -14.7458 0.0184
v  8.5226 -14.7407 0.0043
v  8.4538 -15.0620 0.0051
v  8.4834 -15.0702 0.0192
v  8.0454 -15.9345 0.0195
v  8.0210 -15.9157 0.0052
v  7.8147 -16.1596 0.0055
v  7.8365 -16.1812 0.0201
v  7.0305 -16.7727 0.0213
v  7.0174 -16.7445 0.0059
v  6.5960 -16.8991 0.0051
v  6.6070 -16.9298 0.0202
v  5.1564 -17.0620 0.0198
v  5.1560 -17.0294 0.0048
v  7.4052 -0.0000 0.1178
v  7.4206 -0.0119 0.0695
v  7.4334 -0.0118 0.0756
v  8.4612 -7.1817 0.0000
v  8.6148 -8.0013 0.0000
v  8.6699 -8.8495 0.0005
v  8.6416 -10.1335 0.0000
v  8.6156 -11.4181 -0.0002
v  8.5895 -12.4322 0.0003
v  8.5698 -13.2294 0.0002
v  8.5431 -14.0264 0.0000
v  8.5249 -14.3821 0.0002
v  8.0925 -6.0832 0.0000
v  8.3140 -15.3587 -0.0002
v  8.1708 -15.6364 -0.0001
v  7.4783 -4.0549 -0.0012
v  7.7692 -5.2329 0.0000
v  7.3929 -1.7423 -0.0002
v  7.3942 -2.9929 -0.0004
v  7.4048 -0.1281 -0.0000
v  7.5607 -16.3510 -0.0007
v  7.2939 -16.5514 -0.0004
v  6.1464 -16.9527 0.0000
v  5.6529 -16.9879 0.0002
v  4.0018 -17.0098 0.0003
v  2.7293 -17.0194 -0.0002
v  1.3559 -17.0240 0.0000
v  8.4860 -14.7352 0.0003
v  8.4197 -15.0529 0.0000
v  7.9928 -15.8942 -0.0000
v  7.7895 -16.1348 -0.0004
v  7.0025 -16.7117 -0.0000
v  6.5839 -16.8641 0.0001
v  5.1560 -16.9916 -0.0002
v  7.4438 -0.0121 0.0845
v  7.4052 -0.0121 0.0663
v  9.5109 -5.9854 5.5512
v  10.0707 -6.1428 5.5512
v  1.4467 -0.1182 5.5512
v  1.4467 -0.0735 5.5424
v  1.4467 -4.5018 5.5512
v  1.4467 -4.0549 5.5511
v  1.4467 -0.1282 5.5512
v  1.4467 -1.7423 5.5512
v  -0.0095 -1.5241 5.5512
v  2.9564 -0.1182 5.5512
v  2.9564 -0.0735 5.5424
v  7.3952 -0.0000 5.4331
v  8.2975 -0.0000 5.4331
v  8.2971 -0.0110 5.4825
v  7.3949 -0.0110 5.4825
v  6.4929 -1.7423 5.5512
v  6.4929 -2.9929 5.5512
v  5.3377 -2.9929 5.5512
v  5.3305 -1.7423 5.5512
v  4.2253 -1.7423 5.5512
v  4.2253 -2.9929 5.5512
v  2.7898 -2.9929 5.5511
v  2.7898 -1.7423 5.5512
v  1.4467 -2.9929 5.5511
v  7.4419 -1.7423 5.5510
v  7.4885 -2.9929 5.5512
v  9.1898 -0.0000 5.4331
v  9.1898 -0.0110 5.4824
v  7.3952 -0.1182 5.5512
v  7.3947 -0.0735 5.5424
v  8.3662 -1.7423 5.5512
v  8.4349 -2.9929 5.5511
v  8.2979 -0.1282 5.5512
v  9.1898 -0.1282 5.5512
v  9.1878 -1.7423 5.5512
v  6.4929 -4.0549 5.5512
v  6.4929 -4.5716 5.5512
v  5.3521 -4.5077 5.5512
v  5.3450 -4.0549 5.5512
v  5.3233 -0.1282 5.5512
v  6.4929 -0.1282 5.5512
v  4.2253 -4.0549 5.5512
v  4.2253 -4.5059 5.5512
v  2.7898 -4.5065 5.5512
v  2.7898 -4.0549 5.5511
v  2.9552 -0.1282 5.5512
v  7.5352 -4.0549 5.5512
v  7.5809 -4.8101 5.5510
v  7.3955 -0.1282 5.5512
v  8.5036 -4.0549 5.5511
v  8.5709 -5.2329 5.5512
v  9.3220 -4.0549 5.5511
v  9.6628 -5.2329 5.5511
v  9.1861 -2.9929 5.5512
v  6.9641 -18.6655 5.5503
v  6.9030 -18.4906 5.5333
v  7.4394 -18.3475 5.5327
v  7.5112 -18.5162 5.5502
v  4.4350 -18.8232 5.5501
v  4.3963 -18.6430 5.5339
v  5.7097 -18.6087 5.5345
v  5.7648 -18.7856 5.5503
v  2.9973 -18.8616 5.5500
v  2.9705 -18.6801 5.5338
v  1.4912 -18.8994 5.5500
v  1.4798 -18.7169 5.5341
v  -0.0095 -18.9361 5.5504
v  8.0357 -18.2993 5.5502
v  7.9541 -18.1386 5.5323
v  8.3580 -17.9183 5.5332
v  8.4538 -18.0695 5.5502
v  6.3098 -18.5740 5.5336
v  6.3681 -18.7503 5.5503
v  8.8423 -17.7925 5.5502
v  8.7325 -17.6511 5.5329
v  9.0665 -17.3498 5.5321
v  9.1898 -17.4832 5.5502
v  9.4971 -17.1342 5.5502
v  9.3676 -17.0146 5.5325
v  9.6395 -16.6567 5.5353
v  9.7518 -16.7631 5.5500
v  10.1698 -12.4780 5.4703
v  10.0272 -12.4511 5.3638
v  10.0311 -11.3539 5.3552
v  10.1732 -11.3807 5.4647
v  10.1672 -13.4727 5.4701
v  10.0254 -13.4360 5.3669
v  9.7268 -16.1882 5.4774
v  9.5901 -16.1113 5.3687
v  9.7628 -15.7166 5.3681
v  9.9052 -15.7868 5.4781
v  10.0288 -15.3651 5.4776
v  9.8832 -15.3025 5.3687
v  9.9582 -14.8641 5.3697
v  10.1031 -14.9188 5.4759
v  10.1878 -10.1126 5.4809
v  10.0356 -10.0986 5.3803
v  10.0237 -8.8498 5.3724
v  10.1897 -8.8542 5.4802
v  9.9525 -8.0008 5.3662
v  10.1193 -8.0009 5.4788
v  9.6526 -7.1646 5.3375
v  9.8019 -7.1198 5.4576
v  9.0709 -6.3931 5.3276
v  9.1762 -6.2330 5.4640
v  8.4145 -5.7113 5.4373
v  6.5420 -5.1167 5.4378
v  6.5179 -4.8679 5.5214
v  7.5728 -5.0883 5.5198
v  7.5428 -5.3168 5.4317
v  5.5036 -5.0662 5.4387
v  5.4190 -4.8109 5.5206
v  10.1386 -14.4663 5.4715
v  9.9958 -14.4197 5.3683
v  4.2337 -5.0437 5.4362
v  4.2326 -4.7978 5.5202
v  2.8062 -5.0227 5.4301
v  2.7989 -4.7878 5.5184
v  1.4330 -5.0014 5.4226
v  1.4424 -4.7756 5.5166
v  -0.0095 -4.7792 5.5109
v  0.4875 -4.7774 5.5137
v  0.4828 -4.9960 5.4176
v  6.8369 -18.3234 5.4703
v  6.7713 -18.1810 5.3631
v  7.2915 -18.0523 5.3590
v  7.3639 -18.1875 5.4674
v  4.3500 -18.4695 5.4738
v  4.3015 -18.3197 5.3693
v  5.5802 -18.2934 5.3702
v  5.6458 -18.4391 5.4743
v  2.9398 -18.5044 5.4735
v  2.9082 -18.3519 5.3678
v  1.4674 -18.5395 5.4746
v  1.4546 -18.3852 5.3689
v  -0.0095 -18.4074 5.3701
v  7.8695 -17.9864 5.4669
v  7.7904 -17.8579 5.3596
v  8.1719 -17.6505 5.3643
v  8.2608 -17.7736 5.4698
v  6.1789 -18.2606 5.3671
v  6.2447 -18.4055 5.4719
v  8.6239 -17.5152 5.4700
v  8.5264 -17.3990 5.3657
v  8.8413 -17.1183 5.3650
v  8.9471 -17.2248 5.4684
v  9.2391 -16.9020 5.4682
v  9.1252 -16.8059 5.3635
v  9.3768 -16.4710 5.3669
v  9.5025 -16.5578 5.4737
v  9.8692 -16.2716 5.5363
v  9.8968 -12.4219 5.2376
v  9.9027 -11.3250 5.2249
v  9.8975 -13.4002 5.2415
v  9.4607 -16.0457 5.2361
v  9.6298 -15.6556 5.2342
v  9.7488 -15.2470 5.2359
v  9.8263 -14.8149 5.2397
v  9.9011 -10.0842 5.2515
v  9.8781 -8.8470 5.2319
v  9.8031 -8.0090 5.2224
v  9.5204 -7.2119 5.1894
v  8.9833 -6.5258 5.1451
v  6.4929 -4.5916 5.5512
v  7.5818 -4.8308 5.5509
v  5.3522 -4.5277 5.5512
v  9.8677 -14.3770 5.2407
v  4.2253 -4.5259 5.5512
v  2.7898 -4.5265 5.5512
v  1.4467 -4.5218 5.5512
v  0.4896 -4.5247 5.5512
v  6.6943 -18.0571 5.2330
v  7.2088 -17.9356 5.2296
v  4.2470 -18.1849 5.2395
v  5.5089 -18.1626 5.2417
v  2.8730 -18.2147 5.2345
v  1.4387 -18.2453 5.2363
v  7.7022 -17.7476 5.2323
v  8.0775 -17.5461 5.2369
v  6.1044 -18.1318 5.2383
v  8.4266 -17.3010 5.2387
v  8.7353 -17.0285 5.2394
v  9.0130 -16.7241 5.2382
v  9.2558 -16.3971 5.2380
v  10.6250 -8.0013 5.4721
v  10.5575 -8.0013 5.5295
v  10.4522 -7.1817 5.5299
v  10.5209 -7.1817 5.4721
v  10.6348 -10.1347 5.4721
v  10.5631 -10.1348 5.5315
v  10.5886 -8.8558 5.5312
v  10.6587 -8.8523 5.4721
v  10.5911 -12.4322 5.4721
v  10.5239 -12.4322 5.5274
v  10.5339 -11.4181 5.5322
v  10.6076 -11.4181 5.4721
v  10.5937 -13.5048 5.4721
v  10.5231 -13.4986 5.5292
v  10.4464 -15.5316 5.4721
v  10.3833 -15.5096 5.5279
v  10.4587 -15.0394 5.5289
v  10.5258 -15.0564 5.4721
v  10.1705 -6.1353 5.5311
v  10.2351 -6.1109 5.4721
v  9.6472 -17.2557 5.4721
v  9.5993 -17.2208 5.5255
v  9.8694 -16.8289 5.5251
v  9.9192 -16.8600 5.4721
v  9.7579 -5.2329 5.5296
v  9.8235 -5.2329 5.4721
v  9.4831 -4.0549 5.4721
v  9.4189 -4.0549 5.5284
v  9.2848 -2.9929 5.5304
v  9.3526 -2.9929 5.4721
v  9.3544 -1.7423 5.4721
v  9.2873 -1.7423 5.5297
v  9.2890 -0.1283 5.5296
v  9.3559 -0.1285 5.4721
v  8.1568 -18.5128 5.4721
v  8.1244 -18.4612 5.5261
v  8.5498 -18.2107 5.5254
v  8.5857 -18.2575 5.4721
v  5.8264 -19.0403 5.4721
v  5.8144 -18.9778 5.5274
v  6.4275 -18.9365 5.5274
v  6.4460 -18.9974 5.4721
v  3.0292 -19.1309 5.4721
v  3.0231 -19.0685 5.5274
v  4.4687 -19.0202 5.5274
v  4.4773 -19.0865 5.4721
v  1.5092 -19.1656 5.4721
v  1.5049 -19.1025 5.5274
v  -0.0095 -19.1985 5.4721
v  -0.0095 -19.1340 5.5274
v  10.1488 -16.4387 5.4721
v  10.0929 -16.4091 5.5272
v  10.2639 -15.9680 5.5277
v  10.3238 -15.9942 5.4721
v  8.9821 -17.9528 5.4721
v  8.9425 -17.9102 5.5250
v  9.2899 -17.5836 5.5255
v  9.3341 -17.6229 5.4721
v  7.0574 -18.9014 5.4721
v  7.0299 -18.8391 5.5274
v  7.5912 -18.6897 5.5243
v  7.6188 -18.7403 5.4721
v  10.5689 -14.5760 5.4721
v  10.4965 -14.5639 5.5311
v  9.3562 -0.1185 5.4721
v  9.2890 -0.1183 5.5296
v  9.2850 -0.0731 5.5213
v  9.3472 -0.0736 5.4704
v  9.3301 -0.0378 5.4553
v  9.3016 -0.0110 5.4312
v  9.3242 -0.0111 5.3851
v  9.3600 -0.0382 5.3951
v  5.3231 -0.0379 5.5197
v  5.3232 -0.0110 5.4825
v  6.4929 -0.0110 5.4825
v  6.4929 -0.0379 5.5196
v  9.3567 -0.0383 5.3033
v  9.3203 -0.0111 5.3103
v  9.0831 -0.0115 4.4737
v  9.1214 -0.0385 4.4737
v  8.8166 -0.0121 3.6398
v  8.8545 -0.0396 3.6398
v  8.4102 -0.0121 2.4556
v  8.4492 -0.0402 2.4556
v  7.8201 -0.0099 0.9655
v  7.8626 -0.0374 0.9655
v  7.4558 -0.0121 0.1058
v  7.4892 -0.0396 0.0913
v  -0.0095 -0.0379 5.5197
v  1.4467 -0.0110 5.4825
v  1.4467 -0.0379 5.5197
v  2.9564 -0.0127 5.4818
v  2.9564 -0.0379 5.5197
v  8.2969 -0.0379 5.5196
v  8.2968 -0.0735 5.5424
v  7.3948 -0.0379 5.5196
v  9.1899 -0.0379 5.5196
v  9.1897 -0.0735 5.5424
v  9.1999 -0.0379 5.5196
v  9.1998 -0.0110 5.4824
v  9.2584 -0.0106 5.4666
v  9.2750 -0.0372 5.5004
v  7.4311 -0.0388 0.0349
v  7.4375 -0.0729 0.0143
v  7.4655 -0.0729 0.0276
v  7.4534 -0.0388 0.0456
v  7.4713 -0.0392 0.0611
v  7.4042 -0.0398 0.0298
v  7.4045 -0.0747 0.0084
v  7.4852 -0.0397 0.0821
v  7.4519 -0.0121 0.0966
v  9.1997 -0.0735 5.5424
v  9.2635 0.0000 5.3994
v  9.2765 -0.0003 5.3712
v  5.3232 -0.0000 5.4331
v  6.4929 -0.0000 5.4331
v  9.2713 -0.0000 5.3182
v  9.0322 -0.0000 4.4737
v  8.7659 -0.0001 3.6398
v  8.3577 -0.0000 2.4556
v  7.7633 -0.0000 0.9655
v  7.4091 -0.0000 0.1270
v  -0.0095 -0.0000 5.4331
v  1.4467 -0.0000 5.4331
v  2.9564 -0.0000 5.4331
v  8.2975 -0.1182 5.5512
v  9.1898 -0.1182 5.5512
v  9.1998 -0.0000 5.4331
v  9.2367 -0.0000 5.4224
v  7.4401 -0.1154 0.0056
v  7.4706 -0.1153 0.0202
v  7.4049 -0.1181 0.0000
v  10.4641 -8.0013 5.5511
v  10.3598 -7.1817 5.5512
v  10.4702 -10.1327 5.5500
v  10.4975 -8.8580 5.5506
v  10.4342 -12.4322 5.5482
v  10.4396 -11.4181 5.5489
v  10.4291 -13.4888 5.5482
v  10.2985 -15.4785 5.5501
v  10.3717 -15.0149 5.5494
v  10.0828 -6.1462 5.5512
v  9.6730 -5.2329 5.5511
v  9.3321 -4.0549 5.5511
v  9.1961 -2.9929 5.5512
v  9.1978 -1.7423 5.5512
v  9.1998 -0.1282 5.5512
v  10.1697 -15.9128 5.5505
v  10.4021 -14.5447 5.5488
v  9.1998 -0.1182 5.5512
v  9.3257 -0.0111 5.3297
v  9.3622 -0.0383 5.3226
v  9.2767 -0.0000 5.3376
v  9.9995 -16.3587 5.5503
v  5.0729 -7.1817 0.0000
v  3.3788 -7.1817 0.0000
v  3.4402 -8.0013 0.0000
v  5.1651 -8.0013 0.0000
v  4.4391 -0.1281 -0.0000
v  2.9562 -0.1281 -0.0000
v  2.9515 -1.7423 -0.0002
v  4.4320 -1.7423 -0.0002
v  2.9520 -2.9929 -0.0004
v  4.4327 -2.9929 -0.0004
v  2.9856 -4.0549 -0.0012
v  4.4832 -4.0549 -0.0012
v  3.1020 -5.2329 0.0000
v  4.6577 -5.2329 0.0000
v  3.2313 -6.0832 0.0000
v  4.8517 -6.0832 0.0000
v  2.9563 -0.1181 0.0000
v  4.4391 -0.1181 0.0000
v  4.4389 -0.0747 0.0084
v  2.9561 -0.0747 0.0084
v  4.4387 -0.0398 0.0298
v  2.9560 -0.0398 0.0298
v  4.4393 -0.0121 0.0663
v  2.9564 -0.0121 0.0663
v  4.4393 -0.0000 0.1178
v  2.9564 -0.0000 0.1178
v  3.4623 -8.8495 0.0005
v  5.1982 -8.8495 0.0005
v  3.4509 -10.1335 0.0000
v  5.1812 -10.1335 0.0000
v  3.4405 -11.4181 -0.0002
v  5.1655 -11.4181 -0.0002
v  3.4301 -12.4322 0.0003
v  5.1499 -12.4322 0.0003
v  3.4222 -13.2293 0.0002
v  5.1381 -13.2294 0.0002
v  3.4115 -14.0264 0.0000
v  5.1221 -14.0264 0.0000
v  3.4043 -14.3821 0.0002
v  5.1112 -14.3821 0.0002
v  3.3887 -14.7352 0.0003
v  5.0878 -14.7352 0.0003
v  1.3573 -17.0139 0.0000
v  1.6896 -14.7352 0.0003
v  -0.0095 -14.7352 0.0000
v  1.6846 -7.1817 0.0000
v  1.7154 -8.0013 0.0000
v  6.8899 -8.0013 0.0000
v  8.6047 -8.0013 0.0000
v  8.4510 -7.1817 0.0000
v  6.7670 -7.1817 0.0000
v  1.4734 -0.1281 -0.0000
v  -0.0095 -0.1281 0.0000
v  1.4710 -1.7423 -0.0002
v  5.9125 -1.7423 -0.0002
v  7.3829 -1.7423 -0.0002
v  7.3948 -0.1281 -0.0000
v  5.9219 -0.1281 -0.0000
v  -0.0095 -2.9929 -0.0000
v  1.4712 -2.9929 -0.0004
v  5.9134 -2.9929 -0.0004
v  7.3841 -2.9929 -0.0004
v  1.4881 -4.0549 -0.0012
v  5.9807 -4.0549 -0.0012
v  7.4682 -4.0549 -0.0012
v  -0.0095 -5.2329 0.0000
v  1.5462 -5.2329 0.0000
v  6.2134 -5.2329 0.0000
v  7.7588 -5.2329 0.0000
v  -0.0095 -6.0832 0.0000
v  1.6109 -6.0832 0.0000
v  6.4721 -6.0832 0.0000
v  8.0819 -6.0832 0.0000
v  5.9220 -0.1181 0.0000
v  7.3949 -0.1181 0.0000
v  7.3945 -0.0747 0.0084
v  5.9217 -0.0747 0.0084
v  1.4733 -0.0747 0.0084
v  1.4734 -0.1181 0.0000
v  7.3942 -0.0398 0.0298
v  5.9215 -0.0398 0.0298
v  1.4733 -0.0398 0.0298
v  7.3952 -0.0121 0.0663
v  5.9223 -0.0121 0.0663
v  1.4735 -0.0121 0.0663
v  7.3952 -0.0000 0.1178
v  5.9223 -0.0000 0.1178
v  1.4735 -0.0000 0.1178
v  6.9340 -8.8495 0.0005
v  8.6599 -8.8495 0.0005
v  1.7264 -8.8495 0.0005
v  6.9114 -10.1335 0.0000
v  8.6316 -10.1335 0.0000
v  -0.0095 -10.1335 0.0000
v  1.7207 -10.1335 0.0000
v  6.8906 -11.4181 -0.0002
v  8.6056 -11.4181 -0.0002
v  -0.0095 -11.4181 0.0000
v  1.7155 -11.4181 -0.0002
v  6.8697 -12.4322 0.0003
v  8.5795 -12.4322 0.0003
v  -0.0095 -12.4322 0.0000
v  1.7103 -12.4322 0.0003
v  6.8540 -13.2294 0.0002
v  8.5598 -13.2294 0.0002
v  1.7064 -13.2293 0.0002
v  6.8326 -14.0264 0.0000
v  8.5331 -14.0264 0.0000
v  1.7010 -14.0264 0.0000
v  6.8180 -14.3821 0.0002
v  8.5148 -14.3821 0.0002
v  -0.0095 -14.3820 0.0000
v  1.6974 -14.3821 0.0002
v  6.7869 -14.7352 0.0003
v  8.4757 -14.7352 0.0003
v  1.4734 -0.0000 0.1278
v  1.4692 -0.0000 0.9655
v  1.4617 -0.0000 2.4556
v  1.4556 -0.0001 3.6530
v  -0.0095 -0.0001 3.6530
v  1.4513 -0.0000 4.5055
v  1.4467 -0.0000 5.4231
v  2.9564 -0.0000 0.1278
v  2.9564 -0.0000 0.9655
v  2.9564 -0.0000 2.4556
v  2.9564 -0.0001 3.6530
v  2.9564 -0.0000 4.5055
v  2.9564 -0.0000 5.4231
v  4.4407 -0.0000 0.1278
v  4.5587 -0.0000 0.9655
v  6.1610 -0.0000 0.9655
v  6.5573 -0.0000 2.4556
v  4.7568 -0.0000 2.4556
v  6.8294 -0.0001 3.6398
v  4.8944 -0.0001 3.6530
v  7.0137 -0.0000 4.5055
v  4.9851 -0.0000 4.5055
v  5.3196 -0.0000 5.4231
v  7.7525 -0.0000 0.9655
v  8.3469 -0.0000 2.4556
v  8.7553 -0.0001 3.6398
v  9.0217 -0.0000 4.4737
v  8.0616 -0.0000 4.4737
v  5.9251 -0.0000 0.1278
v  7.3994 -0.0000 0.1278
v  8.2955 -0.0000 5.4231
v  7.3911 -0.0000 5.4231
v  9.1907 0.0000 5.4253
v  6.4986 -0.0000 5.4231
v  6.5849 -16.8537 0.0001
v  7.0014 -16.7014 -0.0000
v  7.2912 -16.5415 -0.0004
v  7.5563 -16.3418 -0.0007
v  7.7836 -16.1266 -0.0004
v  7.9855 -15.8872 -0.0000
v  8.1624 -15.6309 -0.0001
v  8.3047 -15.3549 -0.0002
v  8.4099 -15.0510 0.0000
v  5.6504 -16.9779 0.0002
v  6.1420 -16.9434 0.0000
v  5.1557 -16.9816 -0.0002
v  3.9992 -16.9998 0.0003
v  2.7322 -17.0094 -0.0002
v  9.2288 -0.0000 5.4160
v  9.2554 -0.0000 5.3931
v  9.2682 -0.0003 5.3651
v  9.2668 -0.0000 5.3305
v  9.2583 -0.0000 5.3092
v  0.9654 -9.9641 0.7893
v  0.6037 -10.1944 0.7907
v  0.8222 -10.0770 0.7899
v  0.4235 -10.2628 0.7913
v  0.1856 -10.3141 0.7919
v  -0.0095 -10.3267 0.7919
v  1.3909 -9.3322 0.7882
v  1.4327 -9.1871 0.7882
v  1.2923 -9.5609 0.7884
v  1.4601 -8.6733 0.7889
v  1.4113 -8.4477 0.7896
v  1.3344 -8.2447 0.7906
v  1.2406 -8.0798 0.7917
v  1.1293 -7.9333 0.7931
v  0.6287 -7.5727 0.8012
v  0.9113 -7.7333 0.7965
v  0.7639 -9.6222 0.6245
v  0.6225 -9.7435 0.6251
v  0.5310 -9.6170 0.4691
v  0.6518 -9.5132 0.4686
v  -0.0095 -7.7502 0.6455
v  0.1478 -7.7626 0.6449
v  0.1252 -7.9220 0.4842
v  -0.0095 -7.9117 0.4839
v  0.2865 -7.7940 0.6425
v  0.2440 -7.9486 0.4820
v  0.4499 -7.8580 0.6383
v  0.3837 -8.0039 0.4789
v  0.6152 -7.9581 0.6332
v  0.5252 -8.0895 0.4747
v  0.7676 -8.0909 0.6296
v  0.6557 -8.2031 0.4717
v  0.8842 -8.2343 0.6274
v  0.7558 -8.3257 0.4697
v  0.9758 -8.3953 0.6260
v  0.8339 -8.4637 0.4689
v  1.0341 -8.5532 0.6252
v  0.8841 -8.5988 0.4680
v  1.0666 -8.7069 0.6250
v  0.9120 -8.7303 0.4677
v  1.0772 -8.8577 0.6240
v  0.9205 -8.8596 0.4674
v  1.0708 -8.9738 0.6238
v  0.9149 -8.9588 0.4674
v  1.0497 -9.0996 0.6237
v  0.8969 -9.0665 0.4673
v  1.0136 -9.2235 0.6237
v  0.8659 -9.1725 0.4675
v  0.9553 -9.3578 0.6238
v  0.8157 -9.2873 0.4678
v  0.8732 -9.4921 0.6241
v  0.7456 -9.4022 0.4679
v  0.1111 -9.9412 0.6271
v  0.0936 -9.7856 0.4711
v  0.2743 -9.9101 0.6271
v  0.2331 -9.7591 0.4710
v  0.4452 -9.8474 0.6260
v  0.3794 -9.7059 0.4698
v  0.6416 -9.5033 0.4545
v  0.5227 -9.6056 0.4549
v  0.5083 -9.5857 0.4163
v  0.6242 -9.4864 0.4157
v  -0.0095 -7.9259 0.4698
v  0.1232 -7.9361 0.4701
v  0.1190 -7.9658 0.4342
v  -0.0095 -7.9568 0.4341
v  0.2403 -7.9623 0.4678
v  0.2322 -7.9914 0.4320
v  0.3778 -8.0169 0.4647
v  0.3661 -8.0424 0.4277
v  0.5172 -8.1013 0.4605
v  0.5022 -8.1230 0.4230
v  0.6456 -8.2132 0.4575
v  0.6276 -8.2312 0.4197
v  0.7443 -8.3339 0.4555
v  0.7238 -8.3484 0.4177
v  0.8211 -8.4699 0.4547
v  0.7999 -8.4801 0.4161
v  0.8706 -8.6029 0.4538
v  0.8476 -8.6099 0.4156
v  0.8980 -8.7325 0.4534
v  0.8749 -8.7360 0.4148
v  0.9064 -8.8597 0.4533
v  0.8828 -8.8600 0.4147
v  0.9008 -8.9575 0.4532
v  0.8776 -8.9553 0.4144
v  0.8831 -9.0635 0.4531
v  0.8605 -9.0586 0.4143
v  0.8525 -9.1679 0.4533
v  0.8301 -9.1602 0.4146
v  0.8031 -9.2809 0.4536
v  0.7818 -9.2701 0.4149
v  0.7340 -9.3940 0.4538
v  0.7150 -9.3806 0.4148
v  0.0920 -9.7715 0.4570
v  -0.0095 -9.7519 0.4185
v  0.0891 -9.7464 0.4185
v  0.2293 -9.7454 0.4568
v  0.2227 -9.7212 0.4183
v  0.3734 -9.6930 0.4556
v  0.3630 -9.6707 0.4171
v  0.6192 -9.4816 0.3506
v  0.5034 -9.5790 0.3513
v  0.5029 -9.5782 0.2078
v  0.6176 -9.4799 0.2077
v  -0.0095 -7.9713 0.3686
v  0.1169 -7.9802 0.3691
v  0.1179 -7.9737 0.2079
v  0.2285 -8.0046 0.3666
v  0.2302 -7.9987 0.2079
v  0.3611 -8.0533 0.3625
v  0.3627 -8.0501 0.2079
v  0.4964 -8.1315 0.3580
v  0.4968 -8.1310 0.2078
v  0.6211 -8.2378 0.3549
v  0.6204 -8.2385 0.2078
v  0.7169 -8.3534 0.3530
v  0.7150 -8.3547 0.2078
v  0.7918 -8.4840 0.3518
v  0.7893 -8.4852 0.2078
v  0.8407 -8.6120 0.3510
v  0.8366 -8.6132 0.2078
v  0.8666 -8.7373 0.3505
v  0.8633 -8.7377 0.2077
v  0.8757 -8.8601 0.3500
v  0.8716 -8.8601 0.2077
v  0.8700 -8.9546 0.3499
v  0.8664 -8.9542 0.2077
v  0.8523 -9.0569 0.3499
v  0.8493 -9.0562 0.2077
v  0.8228 -9.1577 0.3499
v  0.8200 -9.1567 0.2077
v  0.7757 -9.2671 0.3499
v  0.7728 -9.2656 0.2077
v  0.7078 -9.3756 0.3503
v  0.7062 -9.3744 0.2077
v  0.0882 -9.7381 0.3531
v  0.0883 -9.7385 0.2078
v  0.2205 -9.7132 0.3530
v  0.2206 -9.7133 0.2078
v  0.3592 -9.6625 0.3522
v  0.3591 -9.6624 0.2078
v  0.6103 -9.4728 0.1978
v  0.4970 -9.5701 0.1978
v  -0.0095 -8.8702 0.1978
v  -0.0095 -7.9731 0.1979
v  0.1165 -7.9832 0.1980
v  0.2277 -8.0080 0.1979
v  0.3587 -8.0590 0.1979
v  0.4911 -8.1393 0.1978
v  0.6132 -8.2457 0.1978
v  0.7067 -8.3606 0.1978
v  0.7801 -8.4896 0.1978
v  0.8268 -8.6162 0.1978
v  0.8532 -8.7393 0.1978
v  0.8613 -8.8602 0.1977
v  0.8562 -8.9532 0.1977
v  0.8393 -9.0540 0.1977
v  0.8104 -9.1534 0.1977
v  0.7636 -9.2610 0.1977
v  0.6979 -9.3685 0.1977
v  0.0871 -9.7285 0.1978
v  -0.0095 -9.7340 0.1978
v  0.2179 -9.7036 0.1978
v  0.3549 -9.6533 0.1978
v  0.5035 -9.5791 0.3713
v  0.6195 -9.4818 0.3706
v  0.1168 -7.9810 0.3890
v  -0.0095 -7.9723 0.3886
v  0.2282 -8.0053 0.3866
v  0.3609 -8.0537 0.3825
v  0.4963 -8.1316 0.3780
v  0.6212 -8.2377 0.3749
v  0.7171 -8.3533 0.3730
v  0.7921 -8.4839 0.3718
v  0.8412 -8.6119 0.3710
v  0.8671 -8.7372 0.3705
v  0.8763 -8.8601 0.3700
v  0.8705 -8.9546 0.3699
v  0.8527 -9.0570 0.3699
v  0.8232 -9.1578 0.3699
v  0.7761 -9.2673 0.3699
v  0.7081 -9.3757 0.3703
v  -0.0095 -9.7441 0.3731
v  0.0882 -9.7380 0.3731
v  0.2205 -9.7131 0.3730
v  0.3592 -9.6625 0.3722
v  0.8625 -9.7698 0.7469
v  0.9070 -9.8535 0.7759
v  0.7682 -9.9719 0.7775
v  0.7205 -9.8907 0.7491
v  -0.0095 -7.6142 0.7495
v  -0.0095 -7.5429 0.7779
v  0.2597 -7.5716 0.7785
v  0.2146 -7.6332 0.7488
v  0.3059 -7.5834 0.7778
v  0.3029 -7.6555 0.7473
v  0.5623 -7.6535 0.7817
v  0.5193 -7.7209 0.7509
v  0.8163 -7.7968 0.7800
v  0.7419 -7.8470 0.7510
v  1.0188 -7.9801 0.7790
v  0.9282 -8.0121 0.7507
v  1.1314 -8.1247 0.7786
v  1.0438 -8.1587 0.7498
v  1.2211 -8.2913 0.7776
v  1.1354 -8.3264 0.7489
v  1.2925 -8.4798 0.7768
v  1.2028 -8.5049 0.7479
v  1.3364 -8.6830 0.7769
v  1.2424 -8.6898 0.7485
v  1.3463 -8.8579 0.7766
v  1.2530 -8.8576 0.7472
v  1.3415 -9.0082 0.7774
v  1.2477 -8.9956 0.7482
v  1.3123 -9.1592 0.7763
v  1.2213 -9.1384 0.7469
v  1.2764 -9.2972 0.7766
v  1.1839 -9.2728 0.7479
v  1.1892 -9.4991 0.7768
v  1.1082 -9.4480 0.7481
v  1.0748 -9.6716 0.7759
v  1.0067 -9.6070 0.7471
v  0.1457 -10.1106 0.7489
v  0.1655 -10.2001 0.7779
v  -0.0095 -10.2112 0.7786
v  0.3456 -10.0693 0.7488
v  0.3846 -10.1532 0.7776
v  0.5172 -10.0049 0.7481
v  0.5552 -10.0887 0.7771
v  0.9558 -9.9462 0.7887
v  0.8140 -10.0587 0.7892
v  -0.0095 -7.4684 0.8004
v  0.3094 -7.5027 0.7988
v  0.6140 -7.5870 0.7978
v  0.8944 -7.7448 0.7946
v  1.1114 -7.9427 0.7920
v  1.2223 -8.0880 0.7909
v  1.3158 -8.2523 0.7900
v  1.3918 -8.4520 0.7892
v  1.4401 -8.6755 0.7885
v  1.4498 -8.8583 0.7881
v  1.4399 -9.0211 0.7878
v  1.4133 -9.1823 0.7878
v  1.3733 -9.3225 0.7878
v  1.2740 -9.5529 0.7879
v  1.1497 -9.7432 0.7882
v  0.1831 -10.2942 0.7909
v  -0.0095 -10.3067 0.7909
v  0.4187 -10.2432 0.7904
v  0.5953 -10.1762 0.7898
v  0.4504 -5.3475 4.9715
v  0.4896 -4.5047 5.5512
v  1.1657 -9.7554 0.7886
v  0.5028 -9.5782 0.1978
v  0.6175 -9.4798 0.1978
v  0.1179 -7.9733 0.1980
v  0.2303 -7.9983 0.1979
v  0.3628 -8.0499 0.1979
v  0.4968 -8.1310 0.1978
v  0.6203 -8.2386 0.1978
v  0.7149 -8.3548 0.1978
v  0.7891 -8.4853 0.1978
v  0.8364 -8.6133 0.1978
v  0.8631 -8.7378 0.1978
v  0.8713 -8.8601 0.1977
v  0.8662 -8.9542 0.1977
v  0.8491 -9.0561 0.1977
v  0.8199 -9.1566 0.1977
v  0.7726 -9.2655 0.1977
v  0.7061 -9.3743 0.1977
v  0.0883 -9.7385 0.1978
v  0.2206 -9.7133 0.1978
v  0.3591 -9.6624 0.1978
v  -0.0095 -5.2953 5.0599
v  0.3906 -5.6065 4.2084
v  0.3507 -5.6248 4.1356
v  0.0752 -5.6681 3.9556
v  -0.0095 -5.6700 3.9474
v  0.1566 -5.6624 3.9798
v  0.2315 -5.6532 4.0190
v  -0.0095 -5.4297 4.7810
v  0.0753 -5.4328 4.7732
v  0.1567 -5.4420 4.7502
v  0.2316 -5.4562 4.7126
v  0.2971 -5.4744 4.6618
v  0.3510 -5.4953 4.5994
v  0.3908 -5.5178 4.5280
v  0.2970 -5.6405 4.0717
v  0.4154 -5.5410 4.4500
v  0.4236 -5.5639 4.3687
v  0.4152 -5.5860 4.2870
v  0.3969 -5.5234 4.5307
v  0.3576 -5.5010 4.6017
v  0.4215 -5.5469 4.4513
v  0.4296 -5.5697 4.3706
v  0.1587 -5.6696 3.9763
v  0.2329 -5.6604 4.0152
v  -0.0095 -5.8294 3.3904
v  -0.0095 -5.6773 3.9435
v  0.0744 -5.6754 3.9516
v  0.2995 -5.4778 4.6691
v  0.2350 -5.4598 4.7191
v  0.1611 -5.4458 4.7562
v  0.3906 -5.6122 4.2104
v  0.4152 -5.5917 4.2890
v  0.2970 -5.6462 4.0737
v  0.3507 -5.6305 4.1376
v  0.0753 -5.4385 4.7752
v  0.0752 -5.6738 3.9575
v  -0.0095 -5.6757 3.9493
v  0.1566 -5.6681 3.9818
v  0.2315 -5.6588 4.0210
v  0.1567 -5.4476 4.7521
v  0.2316 -5.4619 4.7146
v  0.2971 -5.4800 4.6638
v  0.3510 -5.5010 4.6014
v  0.3908 -5.5235 4.5300
v  0.4154 -5.5467 4.4520
v  0.4236 -5.5696 4.3707
v  -0.0095 -2.7559 5.1575
v  -0.2631 -2.1153 5.1575
v  -0.2609 -2.1209 5.1575
v  -0.2631 -2.1153 5.1635
v  -0.1349 -2.0784 5.1575
v  -0.1349 -2.0784 5.1635
v  -0.1338 -2.0844 5.1575
v  -0.0095 -2.0669 5.1575
v  -0.0095 -2.0669 5.1635
v  -0.0095 -2.0730 5.1575
v  -0.0095 -3.4449 5.1575
v  -0.0095 -3.4389 5.1575
v  -0.0095 -3.4449 5.1635
v  -0.1349 -3.4334 5.1575
v  -0.1349 -3.4334 5.1635
v  -0.1338 -3.4275 5.1575
v  -0.2631 -3.3965 5.1575
v  -0.2631 -3.3965 5.1635
v  -0.2609 -3.3909 5.1575
v  -0.3865 -3.3326 5.1575
v  -0.3865 -3.3326 5.1635
v  -0.3832 -3.3275 5.1575
v  -0.4967 -3.2431 5.1575
v  -0.4967 -3.2431 5.1635
v  -0.4924 -3.2388 5.1575
v  -0.5862 -3.1329 5.1575
v  -0.5862 -3.1329 5.1635
v  -0.5811 -3.1296 5.1575
v  -0.6501 -3.0095 5.1575
v  -0.6501 -3.0095 5.1635
v  -0.6445 -3.0073 5.1575
v  -0.6870 -2.8813 5.1575
v  -0.6870 -2.8813 5.1635
v  -0.6810 -2.8802 5.1575
v  -0.6985 -2.7559 5.1575
v  -0.6985 -2.7559 5.1635
v  -0.6924 -2.7559 5.1575
v  -0.6870 -2.6305 5.1575
v  -0.6870 -2.6305 5.1635
v  -0.6810 -2.6316 5.1575
v  -0.6501 -2.5023 5.1575
v  -0.6501 -2.5023 5.1635
v  -0.6445 -2.5045 5.1575
v  -0.5862 -2.3789 5.1575
v  -0.5862 -2.3789 5.1635
v  -0.5811 -2.3822 5.1575
v  -0.4967 -2.2687 5.1575
v  -0.4967 -2.2687 5.1635
v  -0.4924 -2.2730 5.1575
v  -0.3865 -2.1792 5.1575
v  -0.3865 -2.1792 5.1635
v  -0.3832 -2.1843 5.1575
v  0.1159 -2.0784 5.1575
v  0.1148 -2.0844 5.1575
v  0.1159 -2.0784 5.1635
v  0.2441 -2.1153 5.1575
v  0.2441 -2.1153 5.1635
v  0.2419 -2.1209 5.1575
v  0.1159 -3.4334 5.1575
v  0.1148 -3.4275 5.1575
v  0.1159 -3.4334 5.1635
v  0.2441 -3.3965 5.1575
v  0.2419 -3.3909 5.1575
v  0.2441 -3.3965 5.1635
v  0.3675 -3.3326 5.1575
v  0.3642 -3.3275 5.1575
v  0.3675 -3.3326 5.1635
v  0.4777 -3.2431 5.1575
v  0.4734 -3.2388 5.1575
v  0.4777 -3.2431 5.1635
v  0.5672 -3.1329 5.1575
v  0.5621 -3.1296 5.1575
v  0.5672 -3.1329 5.1635
v  0.6311 -3.0095 5.1575
v  0.6255 -3.0073 5.1575
v  0.6311 -3.0095 5.1635
v  0.6680 -2.8813 5.1575
v  0.6621 -2.8802 5.1575
v  0.6680 -2.8813 5.1635
v  0.6795 -2.7559 5.1575
v  0.6735 -2.7559 5.1575
v  0.6795 -2.7559 5.1635
v  0.6680 -2.6305 5.1575
v  0.6621 -2.6316 5.1575
v  0.6680 -2.6305 5.1635
v  0.6311 -2.5023 5.1575
v  0.6255 -2.5045 5.1575
v  0.6311 -2.5023 5.1635
v  0.5672 -2.3789 5.1575
v  0.5621 -2.3822 5.1575
v  0.5672 -2.3789 5.1635
v  0.4777 -2.2687 5.1575
v  0.4734 -2.2730 5.1575
v  0.4777 -2.2687 5.1635
v  0.3675 -2.1792 5.1575
v  0.3642 -2.1843 5.1575
v  0.3675 -2.1792 5.1635
v  -0.1349 -2.0784 5.5512
v  -0.1335 -2.0723 5.5512
v  -0.1349 -2.0784 5.5452
v  -0.2631 -2.1153 5.5512
v  -0.2631 -2.1153 5.5452
v  -0.2600 -2.1082 5.5512
v  -0.0095 -2.0669 5.5512
v  -0.0095 -2.0609 5.5512
v  -0.0095 -2.0669 5.5452
v  -0.1349 -3.4334 5.5512
v  -0.1341 -3.4395 5.5512
v  -0.1349 -3.4334 5.5452
v  -0.0095 -3.4449 5.5512
v  -0.0095 -3.4449 5.5452
v  -0.0095 -3.4509 5.5512
v  -0.2631 -3.3965 5.5512
v  -0.2616 -3.4032 5.5512
v  -0.2631 -3.3965 5.5452
v  -0.3865 -3.3326 5.5512
v  -0.3872 -3.3390 5.5512
v  -0.3865 -3.3326 5.5452
v  -0.4967 -3.2431 5.5512
v  -0.5028 -3.2450 5.5512
v  -0.4967 -3.2431 5.5452
v  -0.5862 -3.1329 5.5512
v  -0.5916 -3.1355 5.5512
v  -0.5862 -3.1329 5.5452
v  -0.6501 -3.0095 5.5512
v  -0.6551 -3.0128 5.5512
v  -0.6501 -3.0095 5.5452
v  -0.6870 -2.8813 5.5512
v  -0.6932 -2.8793 5.5512
v  -0.6870 -2.8813 5.5452
v  -0.6985 -2.7559 5.5512
v  -0.7044 -2.7550 5.5512
v  -0.6985 -2.7559 5.5452
v  -0.6870 -2.6305 5.5512
v  -0.6930 -2.6306 5.5512
v  -0.6870 -2.6305 5.5452
v  -0.6501 -2.5023 5.5512
v  -0.6566 -2.5033 5.5512
v  -0.6501 -2.5023 5.5452
v  -0.5862 -2.3789 5.5512
v  -0.5905 -2.3747 5.5512
v  -0.5862 -2.3789 5.5452
v  -0.4967 -2.2687 5.5512
v  -0.5014 -2.2651 5.5512
v  -0.4967 -2.2687 5.5452
v  -0.3865 -2.1792 5.5512
v  -0.3919 -2.1759 5.5512
v  -0.3865 -2.1792 5.5452
v  0.2441 -2.1153 5.5512
v  0.2411 -2.1082 5.5512
v  0.2441 -2.1153 5.5452
v  0.1159 -2.0784 5.5512
v  0.1159 -2.0784 5.5452
v  0.1145 -2.0723 5.5512
v  0.1159 -3.4334 5.5512
v  0.1159 -3.4334 5.5452
v  0.1152 -3.4395 5.5512
v  0.2441 -3.3965 5.5512
v  0.2441 -3.3965 5.5452
v  0.2426 -3.4032 5.5512
v  0.3675 -3.3326 5.5512
v  0.3675 -3.3326 5.5452
v  0.3716 -3.3370 5.5512
v  0.4777 -3.2431 5.5512
v  0.4777 -3.2431 5.5452
v  0.4839 -3.2450 5.5512
v  0.5672 -3.1329 5.5512
v  0.5672 -3.1329 5.5452
v  0.5726 -3.1355 5.5512
v  0.6311 -3.0095 5.5512
v  0.6311 -3.0095 5.5452
v  0.6362 -3.0128 5.5512
v  0.6680 -2.8813 5.5512
v  0.6680 -2.8813 5.5452
v  0.6742 -2.8793 5.5512
v  0.6795 -2.7559 5.5512
v  0.6795 -2.7559 5.5452
v  0.6854 -2.7550 5.5512
v  0.6680 -2.6305 5.5512
v  0.6680 -2.6305 5.5452
v  0.6740 -2.6306 5.5512
v  0.6311 -2.5023 5.5512
v  0.6311 -2.5023 5.5452
v  0.6377 -2.5033 5.5512
v  0.5672 -2.3789 5.5512
v  0.5672 -2.3789 5.5452
v  0.5715 -2.3747 5.5512
v  0.4777 -2.2687 5.5512
v  0.4777 -2.2687 5.5452
v  0.4825 -2.2651 5.5512
v  0.3675 -2.1792 5.5512
v  0.3675 -2.1792 5.5452
v  0.3730 -2.1759 5.5512
v  -0.0095 -5.1905 4.2376
v  -0.3696 -5.2576 4.0065
v  -0.3646 -5.2567 4.0097
v  -0.3696 -5.2633 4.0085
v  -0.4096 -5.2394 4.0793
v  -0.4096 -5.2451 4.0813
v  -0.4040 -5.2387 4.0816
v  -0.0095 -5.3025 3.8181
v  -0.0095 -5.3009 3.8240
v  -0.0095 -5.3081 3.8201
v  -0.0942 -5.3006 3.8263
v  -0.0942 -5.3062 3.8283
v  -0.0930 -5.2990 3.8321
v  -0.1756 -5.2949 3.8506
v  -0.1756 -5.3006 3.8526
v  -0.1733 -5.2935 3.8560
v  -0.2505 -5.2857 3.8899
v  -0.2505 -5.2914 3.8919
v  -0.2471 -5.2844 3.8947
v  -0.0943 -5.0669 4.6445
v  -0.0931 -5.0686 4.6389
v  -0.0943 -5.0725 4.6465
v  -0.0095 -5.0637 4.6523
v  -0.0095 -5.0693 4.6543
v  -0.0095 -5.0654 4.6465
v  -0.1756 -5.0761 4.6215
v  -0.1733 -5.0777 4.6162
v  -0.1756 -5.0818 4.6235
v  -0.2506 -5.0904 4.5840
v  -0.2473 -5.0918 4.5792
v  -0.2506 -5.0961 4.5860
v  -0.3161 -5.1086 4.5332
v  -0.3119 -5.1097 4.5291
v  -0.3161 -5.1142 4.5352
v  -0.3700 -5.1294 4.4707
v  -0.3650 -5.1302 4.4675
v  -0.3700 -5.1350 4.4727
v  -0.4098 -5.1516 4.3992
v  -0.4043 -5.1522 4.3970
v  -0.4098 -5.1573 4.4012
v  -0.3160 -5.2731 3.9426
v  -0.3160 -5.2788 3.9446
v  -0.3118 -5.2720 3.9467
v  -0.4344 -5.1746 4.3211
v  -0.4285 -5.1748 4.3199
v  -0.4344 -5.1802 4.3231
v  -0.4426 -5.1973 4.2397
v  -0.4365 -5.1972 4.2397
v  -0.4426 -5.2030 4.2417
v  -0.4342 -5.2191 4.1580
v  -0.4283 -5.2187 4.1591
v  -0.4342 -5.2248 4.1600
v  0.3906 -5.2394 4.0793
v  0.3850 -5.2387 4.0816
v  0.3906 -5.2451 4.0813
v  0.3507 -5.2576 4.0065
v  0.3507 -5.2633 4.0085
v  0.3457 -5.2567 4.0097
v  0.0752 -5.3006 3.8263
v  0.0741 -5.2990 3.8321
v  0.0752 -5.3062 3.8283
v  0.1566 -5.2949 3.8506
v  0.1543 -5.2935 3.8560
v  0.1566 -5.3006 3.8526
v  0.2315 -5.2857 3.8899
v  0.2281 -5.2844 3.8947
v  0.2315 -5.2914 3.8919
v  0.0753 -5.0669 4.6445
v  0.0753 -5.0725 4.6465
v  0.0741 -5.0686 4.6389
v  0.1567 -5.0761 4.6215
v  0.1567 -5.0818 4.6235
v  0.1543 -5.0777 4.6162
v  0.2316 -5.0904 4.5840
v  0.2316 -5.0961 4.5860
v  0.2283 -5.0918 4.5792
v  0.2972 -5.1086 4.5332
v  0.2972 -5.1142 4.5352
v  0.2929 -5.1097 4.5291
v  0.3510 -5.1294 4.4707
v  0.3510 -5.1350 4.4727
v  0.3460 -5.1302 4.4675
v  0.3909 -5.1516 4.3992
v  0.3909 -5.1573 4.4012
v  0.3853 -5.1522 4.3970
v  0.2970 -5.2731 3.9426
v  0.2928 -5.2720 3.9467
v  0.2970 -5.2788 3.9446
v  0.4154 -5.1746 4.3211
v  0.4154 -5.1802 4.3231
v  0.4095 -5.1748 4.3199
v  0.4236 -5.1973 4.2397
v  0.4236 -5.2030 4.2417
v  0.4176 -5.1972 4.2397
v  0.4152 -5.2191 4.1580
v  0.4152 -5.2248 4.1600
v  0.4093 -5.2187 4.1591
v  -0.0095 -10.2943 -0.4892
v  0.4907 -10.2061 -0.4892
v  0.9306 -9.9521 -0.4892
v  1.2570 -9.5630 -0.4892
v  1.4308 -9.0857 -0.4892
v  1.4308 -8.5778 -0.4892
v  1.2570 -8.1006 -0.4892
v  0.9306 -7.7115 -0.4892
v  0.4907 -7.4575 -0.4892
v  -0.0095 -7.3693 -0.4892
v  -0.5097 -7.4575 -0.4892
v  -0.9495 -7.7115 -0.4892
v  -1.2760 -8.1005 -0.4892
v  -1.4497 -8.5778 -0.4892
v  -1.4497 -9.0857 -0.4892
v  -1.2760 -9.5630 -0.4892
v  -0.9495 -9.9521 -0.4892
v  -0.5097 -10.2061 -0.4892
v  -0.0095 -10.6197 -0.1275
v  0.6020 -10.5119 -0.1275
v  1.1398 -10.2014 -0.1275
v  1.5389 -9.7257 -0.1275
v  1.7513 -9.1423 -0.1275
v  1.7513 -8.5213 -0.1275
v  1.5389 -7.9378 -0.1275
v  1.1398 -7.4622 -0.1275
v  0.6020 -7.1517 -0.1275
v  -0.0095 -7.0439 -0.1275
v  -0.6210 -7.1517 -0.1275
v  -1.1587 -7.4622 -0.1275
v  -1.5579 -7.9378 -0.1275
v  -1.7702 -8.5213 -0.1275
v  -1.7702 -9.1423 -0.1275
v  -1.5579 -9.7257 -0.1275
v  -1.1587 -10.2014 -0.1275
v  -0.6210 -10.5119 -0.1275
v  -0.0095 -10.9876 0.2343
v  0.7278 -10.8576 0.2343
v  1.3762 -10.4832 0.2343
v  1.8575 -9.9097 0.2343
v  2.1135 -9.2061 0.2343
v  2.1135 -8.4574 0.2343
v  1.8575 -7.7539 0.2343
v  1.3762 -7.1804 0.2343
v  0.7278 -6.8060 0.2343
v  -0.0095 -6.6760 0.2343
v  -0.7468 -6.8060 0.2343
v  -1.3952 -7.1804 0.2343
v  -1.8765 -7.7539 0.2343
v  -2.1325 -8.4574 0.2343
v  -2.1325 -9.2061 0.2343
v  -1.8765 -9.9097 0.2343
v  -1.3952 -10.4832 0.2343
v  -0.7468 -10.8576 0.2343
v  -0.0095 -10.1318 -1.1682
v  0.4351 -10.0534 -1.1682
v  0.8261 -9.8276 -1.1682
v  1.1163 -9.4818 -1.1682
v  1.2707 -9.0575 -1.1682
v  1.2707 -8.6060 -1.1682
v  1.1163 -8.1818 -1.1682
v  0.8261 -7.8360 -1.1682
v  0.4351 -7.6102 -1.1682
v  -0.0095 -7.5318 -1.1682
v  -0.4541 -7.6102 -1.1682
v  -0.8451 -7.8360 -1.1682
v  -1.1353 -8.1818 -1.1682
v  -1.2897 -8.6060 -1.1682
v  -1.2897 -9.0575 -1.1682
v  -1.1353 -9.4818 -1.1682
v  -0.8451 -9.8276 -1.1682
v  -0.4541 -10.0534 -1.1682
v  -0.0095 -8.8554 -2.5411
v  0.4548 -10.1073 -1.0917
v  0.4556 -10.1097 -1.0774
v  -0.0095 -10.1892 -1.0917
v  -0.0095 -10.1917 -1.0774
v  0.8630 -9.8716 -1.0917
v  0.8646 -9.8735 -1.0774
v  1.1661 -9.5105 -1.0917
v  1.1682 -9.5117 -1.0774
v  1.3273 -9.0675 -1.0917
v  1.3298 -9.0679 -1.0774
v  1.3273 -8.5961 -1.0917
v  1.3298 -8.5956 -1.0774
v  1.1661 -8.1531 -1.0917
v  1.1682 -8.1518 -1.0774
v  0.8630 -7.7920 -1.0917
v  0.8646 -7.7900 -1.0774
v  0.4548 -7.5562 -1.0917
v  0.4556 -7.5539 -1.0774
v  -0.0095 -7.4744 -1.0917
v  -0.0095 -7.4719 -1.0774
v  -0.4737 -7.5562 -1.0917
v  -0.4746 -7.5539 -1.0774
v  -0.8820 -7.7920 -1.0917
v  -0.8836 -7.7900 -1.0774
v  -1.1850 -8.1531 -1.0917
v  -1.1872 -8.1518 -1.0774
v  -1.3463 -8.5961 -1.0917
v  -1.3487 -8.5956 -1.0774
v  -1.3463 -9.0675 -1.0917
v  -1.3487 -9.0679 -1.0774
v  -1.1850 -9.5105 -1.0917
v  -1.1872 -9.5117 -1.0774
v  -0.8820 -9.8716 -1.0917
v  -0.8836 -9.8735 -1.0774
v  -0.4737 -10.1073 -1.0917
v  -0.4746 -10.1097 -1.0774
v  -0.0095 -10.0473 -1.2126
v  -0.0095 -10.0325 -1.2126
v  0.4062 -9.9740 -1.2126
v  0.4012 -9.9601 -1.2126
v  0.7718 -9.7629 -1.2126
v  0.7623 -9.7516 -1.2126
v  1.0432 -9.4395 -1.2126
v  1.0304 -9.4322 -1.2126
v  1.1876 -9.0429 -1.2126
v  1.1730 -9.0403 -1.2126
v  1.1876 -8.6207 -1.2126
v  1.1730 -8.6233 -1.2126
v  1.0432 -8.2240 -1.2126
v  1.0304 -8.2314 -1.2126
v  0.7718 -7.9007 -1.2126
v  0.7623 -7.9119 -1.2126
v  0.4062 -7.6896 -1.2126
v  0.4012 -7.7034 -1.2126
v  -0.0095 -7.6163 -1.2126
v  -0.0095 -7.6310 -1.2126
v  -0.4252 -7.6896 -1.2126
v  -0.4202 -7.7034 -1.2126
v  -0.7908 -7.9007 -1.2126
v  -0.7813 -7.9119 -1.2126
v  -1.0621 -8.2240 -1.2126
v  -1.0494 -8.2314 -1.2126
v  -1.2065 -8.6207 -1.2126
v  -1.1920 -8.6233 -1.2126
v  -1.2065 -9.0429 -1.2126
v  -1.1920 -9.0403 -1.2126
v  -1.0621 -9.4395 -1.2126
v  -1.0494 -9.4322 -1.2126
v  -0.7908 -9.7629 -1.2126
v  -0.7813 -9.7516 -1.2126
v  -0.4252 -9.9740 -1.2126
v  -0.4202 -9.9601 -1.2126
v  -0.0095 -9.6769 -1.2126
v  -0.0095 -9.6770 -1.2271
v  -0.0095 -9.6916 -1.2126
v  0.2796 -9.6259 -1.2126
v  0.2846 -9.6398 -1.2126
v  0.2795 -9.6260 -1.2271
v  0.5337 -9.4792 -1.2126
v  0.5432 -9.4905 -1.2126
v  0.5336 -9.4793 -1.2271
v  0.7224 -9.2543 -1.2126
v  0.7352 -9.2617 -1.2126
v  0.7223 -9.2545 -1.2271
v  0.8228 -8.9785 -1.2126
v  0.8373 -8.9811 -1.2126
v  0.8226 -8.9788 -1.2271
v  0.8228 -8.6850 -1.2126
v  0.8373 -8.6825 -1.2126
v  0.8226 -8.6853 -1.2271
v  0.7224 -8.4092 -1.2126
v  0.7352 -8.4019 -1.2126
v  0.7223 -8.4096 -1.2271
v  0.5337 -8.1844 -1.2126
v  0.5432 -8.1731 -1.2126
v  0.5336 -8.1848 -1.2271
v  0.2796 -8.0376 -1.2126
v  0.2846 -8.0238 -1.2126
v  0.2795 -8.0381 -1.2271
v  -0.0095 -7.9867 -1.2126
v  -0.0095 -7.9719 -1.2126
v  -0.0095 -7.9871 -1.2271
v  -0.2985 -8.0376 -1.2126
v  -0.3036 -8.0238 -1.2126
v  -0.2985 -8.0381 -1.2271
v  -0.5527 -8.1844 -1.2126
v  -0.5622 -8.1731 -1.2126
v  -0.5526 -8.1848 -1.2271
v  -0.7414 -8.4092 -1.2126
v  -0.7542 -8.4019 -1.2126
v  -0.7412 -8.4096 -1.2271
v  -0.8418 -8.6850 -1.2126
v  -0.8563 -8.6825 -1.2126
v  -0.8416 -8.6853 -1.2271
v  -0.8418 -8.9785 -1.2126
v  -0.8563 -8.9811 -1.2126
v  -0.8416 -8.9788 -1.2271
v  -0.7414 -9.2543 -1.2126
v  -0.7542 -9.2617 -1.2126
v  -0.7412 -9.2545 -1.2271
v  -0.5527 -9.4792 -1.2126
v  -0.5622 -9.4905 -1.2126
v  -0.5526 -9.4793 -1.2271
v  -0.2985 -9.6259 -1.2126
v  -0.3036 -9.6398 -1.2126
v  -0.2985 -9.6260 -1.2271
v  -0.0095 -9.6845 -2.5411
v  -0.0095 -9.6697 -2.5411
v  -0.0095 -9.6844 -2.5266
v  0.2741 -9.6345 -2.5411
v  0.2741 -9.6344 -2.5266
v  0.2690 -9.6206 -2.5411
v  0.5234 -9.4905 -2.5411
v  0.5235 -9.4904 -2.5266
v  0.5140 -9.4792 -2.5411
v  0.7085 -9.2699 -2.5411
v  0.7087 -9.2697 -2.5266
v  0.6957 -9.2625 -2.5411
v  0.8070 -8.9993 -2.5411
v  0.8072 -8.9991 -2.5266
v  0.7925 -8.9968 -2.5411
v  0.8070 -8.7114 -2.5411
v  0.8072 -8.7111 -2.5266
v  0.7925 -8.7140 -2.5411
v  0.7085 -8.4408 -2.5411
v  0.7087 -8.4405 -2.5266
v  0.6957 -8.4482 -2.5411
v  0.5234 -8.2203 -2.5411
v  0.5235 -8.2199 -2.5266
v  0.5140 -8.2316 -2.5411
v  0.2741 -8.0763 -2.5411
v  0.2741 -8.0759 -2.5266
v  0.2690 -8.0902 -2.5411
v  -0.0095 -8.0263 -2.5411
v  -0.0095 -8.0259 -2.5266
v  -0.0095 -8.0410 -2.5411
v  -0.2930 -8.0763 -2.5411
v  -0.2931 -8.0759 -2.5266
v  -0.2880 -8.0902 -2.5411
v  -0.5424 -8.2203 -2.5411
v  -0.5425 -8.2199 -2.5266
v  -0.5329 -8.2316 -2.5411
v  -0.7275 -8.4408 -2.5411
v  -0.7276 -8.4405 -2.5266
v  -0.7147 -8.4482 -2.5411
v  -0.8260 -8.7114 -2.5411
v  -0.8261 -8.7111 -2.5266
v  -0.8114 -8.7140 -2.5411
v  -0.8260 -8.9993 -2.5411
v  -0.8261 -8.9991 -2.5266
v  -0.8114 -8.9968 -2.5411
v  -0.7275 -9.2699 -2.5411
v  -0.7276 -9.2697 -2.5266
v  -0.7147 -9.2625 -2.5411
v  -0.5424 -9.4905 -2.5411
v  -0.5425 -9.4904 -2.5266
v  -0.5329 -9.4792 -2.5411
v  -0.2930 -9.6345 -2.5411
v  -0.2931 -9.6344 -2.5266
v  -0.2880 -9.6206 -2.5411
v  0.4643 -10.1335 -0.7707
v  -0.0095 -10.2170 -0.7707
v  0.8809 -9.8929 -0.7707
v  1.1901 -9.5244 -0.7707
v  1.3547 -9.0723 -0.7707
v  1.3547 -8.5912 -0.7707
v  1.1901 -8.1392 -0.7707
v  0.8809 -7.7706 -0.7707
v  0.4643 -7.5301 -0.7707
v  -0.0095 -7.4466 -0.7707
v  -0.4833 -7.5301 -0.7707
v  -0.8999 -7.7706 -0.7707
v  -1.2091 -8.1392 -0.7707
v  -1.3737 -8.5912 -0.7707
v  -1.3737 -9.0723 -0.7707
v  -1.2091 -9.5244 -0.7707
v  -0.8999 -9.8929 -0.7707
v  -0.4833 -10.1335 -0.7707
v  0.5385 -10.3373 -0.2962
v  -0.0095 -10.4339 -0.2962
v  1.0203 -10.0591 -0.2962
v  1.3780 -9.6329 -0.2962
v  1.5683 -9.1100 -0.2962
v  1.5683 -8.5536 -0.2962
v  1.3780 -8.0307 -0.2962
v  1.0203 -7.6045 -0.2962
v  0.5385 -7.3263 -0.2962
v  -0.0095 -7.2296 -0.2962
v  -0.5575 -7.3263 -0.2962
v  -1.0393 -7.6045 -0.2962
v  -1.3970 -8.0307 -0.2962
v  -1.5873 -8.5536 -0.2962
v  -1.5873 -9.1100 -0.2962
v  -1.3970 -9.6329 -0.2962
v  -1.0393 -10.0591 -0.2962
v  -0.5575 -10.3373 -0.2962
# 7154 vertices

o 25317IN
g 25317IN
s 1
f 35 2610 33 
f 38 1 2610 35 
f 41 2611 1 38 
f 53 206 208 50 
f 59 210 206 53 
f 626 87 84 280 
f 285 75 72 283 
f 288 81 78 285 
f 280 84 81 288 
f 89 212 210 59 
f 92 214 212 89 
f 95 216 214 92 
f 110 622 624 108 
f 113 220 222 98 
f 110 105 622 
f 66 68 415 2 
f 41 44 2611 
f 44 47 2611 
f 47 50 2601 2611 
f 63 57 2612 
f 57 33 2610 2612 
f 105 66 2 622 
f 218 220 113 108 
f 95 98 222 216 
f 72 2612 2906 283 
f 72 63 2612 
f 416 415 68 102 
s 2
f 36 32 10 3 
f 39 36 3 4 
f 42 39 4 5 
f 45 42 5 6 
f 48 45 6 7 
f 51 48 7 8 
f 54 51 8 11 
f 32 56 9 10 
f 60 54 11 19 
f 56 62 12 9 
f 69 65 28 29 
f 62 70 13 12 
f 70 74 14 13 
f 74 77 15 14 
f 77 80 16 15 
f 80 83 17 16 
f 83 86 18 17 
f 90 60 19 20 
f 93 90 20 21 
f 96 93 21 22 
f 99 96 22 26 
f 86 101 23 18 
f 101 69 29 23 
f 65 104 24 28 
f 111 107 25 30 
f 114 99 26 27 
f 107 114 27 25 
f 104 111 30 24 
f 282 2606 2924 291 
f 627 279 295 609 
f 286 282 291 297 
f 289 286 297 300 
f 279 289 300 295 
s 1
f 35 33 31 34 
f 38 35 34 37 
f 41 38 37 40 
f 53 50 49 52 
f 59 53 52 58 
f 84 87 85 82 
f 72 75 73 71 
f 78 81 79 76 
f 81 84 82 79 
f 89 59 58 88 
f 92 89 88 91 
f 95 92 91 94 
f 110 108 106 109 
f 113 98 97 112 
f 105 110 109 103 
f 68 66 64 67 
f 44 41 40 43 
f 47 44 43 46 
f 50 47 46 49 
f 57 63 61 55 
f 33 57 55 31 
f 66 105 103 64 
f 108 113 112 106 
f 98 95 94 97 
f 63 72 71 61 
f 75 78 76 73 
f 102 68 67 100 
f 87 102 100 85 
s 2
f 32 36 34 31 
f 36 39 37 34 
f 39 42 40 37 
f 42 45 43 40 
f 45 48 46 43 
f 48 51 49 46 
f 51 54 52 49 
f 56 32 31 55 
f 54 60 58 52 
f 62 56 55 61 
f 65 69 67 64 
f 70 62 61 71 
f 74 70 71 73 
f 77 74 73 76 
f 80 77 76 79 
f 83 80 79 82 
f 86 83 82 85 
f 60 90 88 58 
f 90 93 91 88 
f 93 96 94 91 
f 96 99 97 94 
f 101 86 85 100 
f 69 101 100 67 
f 104 65 64 103 
f 107 111 109 106 
f 99 114 112 97 
f 114 107 106 112 
f 111 104 103 109 
s 1
f 207 205 197 196 
f 205 209 198 197 
f 209 211 199 198 
f 211 213 200 199 
f 213 215 201 200 
f 217 623 516 204 
f 221 219 203 202 
f 2600 207 196 2599 
f 219 217 204 203 
f 215 221 202 201 
f 224 226 179 178 
f 226 228 180 179 
f 228 230 181 180 
f 230 232 182 181 
f 232 234 183 182 
f 236 554 496 186 
f 238 240 185 184 
f 2602 224 178 2597 
f 240 236 186 185 
f 234 238 184 183 
f 242 244 261 263 
f 244 246 265 261 
f 246 248 267 265 
f 248 250 269 267 
f 250 252 271 269 
f 254 573 594 273 
f 256 258 275 277 
f 2603 242 263 2605 
f 258 254 273 275 
f 252 256 277 271 
f 262 260 143 142 
f 260 264 144 143 
f 264 266 145 144 
f 266 268 146 145 
f 268 270 147 146 
f 272 593 456 150 
f 276 274 149 148 
f 2893 262 142 2764 
f 274 272 150 149 
f 270 276 148 147 
f 115 116 152 151 
f 116 117 153 152 
f 117 118 154 153 
f 118 119 155 154 
f 119 120 156 155 
f 123 426 466 159 
f 121 122 158 157 
f 2591 115 151 2594 
f 122 123 159 158 
f 120 121 157 156 
f 124 125 161 160 
f 125 126 162 161 
f 126 127 163 162 
f 127 128 164 163 
f 128 129 165 164 
f 132 436 476 168 
f 130 131 167 166 
f 2592 124 160 2595 
f 131 132 168 167 
f 129 130 166 165 
f 143 116 115 142 
f 144 117 116 143 
f 145 118 117 144 
f 146 119 118 145 
f 147 120 119 146 
f 456 426 123 150 
f 149 122 121 148 
f 142 115 2591 2764 
f 150 123 122 149 
f 148 121 120 147 
f 152 125 124 151 
f 153 126 125 152 
f 154 127 126 153 
f 155 128 127 154 
f 156 129 128 155 
f 466 436 132 159 
f 158 131 130 157 
f 151 124 2592 2594 
f 159 132 131 158 
f 157 130 129 156 
f 161 134 133 160 
f 162 135 134 161 
f 163 136 135 162 
f 164 137 136 163 
f 165 138 137 164 
f 476 446 141 168 
f 167 140 139 166 
f 160 133 2593 2595 
f 168 141 140 167 
f 166 139 138 165 
f 170 188 187 169 
f 171 189 188 170 
f 172 190 189 171 
f 173 191 190 172 
f 174 192 191 173 
f 486 506 195 177 
f 176 194 193 175 
f 169 187 2598 2596 
f 177 195 194 176 
f 175 193 192 174 
f 179 170 169 178 
f 180 171 170 179 
f 181 172 171 180 
f 182 173 172 181 
f 183 174 173 182 
f 496 486 177 186 
f 185 176 175 184 
f 178 169 2596 2597 
f 186 177 176 185 
f 184 175 174 183 
f 188 245 243 187 
f 189 247 245 188 
f 190 249 247 189 
f 191 251 249 190 
f 192 253 251 191 
f 506 574 255 195 
f 194 259 257 193 
f 187 243 2604 2598 
f 195 255 259 194 
f 193 257 253 192 
f 197 225 223 196 
f 198 227 225 197 
f 199 229 227 198 
f 200 231 229 199 
f 201 233 231 200 
f 516 553 235 204 
f 203 239 237 202 
f 196 223 241 2599 
f 204 235 239 203 
f 202 237 233 201 
f 208 206 205 207 
f 206 210 209 205 
f 210 212 211 209 
f 212 214 213 211 
f 214 216 215 213 
f 218 624 623 217 
f 222 220 219 221 
f 2601 208 207 2600 
f 220 218 217 219 
f 216 222 221 215 
f 226 224 223 225 
f 228 226 225 227 
f 230 228 227 229 
f 232 230 229 231 
f 234 232 231 233 
f 554 236 235 553 
f 240 238 237 239 
f 224 2602 241 223 
f 236 240 239 235 
f 238 234 233 237 
f 243 245 244 242 
f 245 247 246 244 
f 247 249 248 246 
f 249 251 250 248 
f 251 253 252 250 
f 255 574 573 254 
f 257 259 258 256 
f 2604 243 242 2603 
f 259 255 254 258 
f 253 257 256 252 
f 263 261 260 262 
f 261 265 264 260 
f 265 267 266 264 
f 267 269 268 266 
f 269 271 270 268 
f 273 594 593 272 
f 277 275 274 276 
f 2605 263 262 2893 
f 275 273 272 274 
f 271 277 276 270 
f 626 280 278 625 
f 285 283 281 284 
f 288 285 284 287 
f 280 288 287 278 
f 283 2906 2905 281 
s 2
f 2606 282 281 2905 
f 279 627 625 278 
f 282 286 284 281 
f 286 289 287 284 
f 289 279 278 287 
s 1
f 292 2608 1958 
f 608 294 1958 
f 298 292 1958 
f 301 298 1958 
f 294 301 1958 
s 2
f 291 2924 2607 290 
f 609 295 293 607 
f 297 291 290 296 
f 300 297 296 299 
f 295 300 299 293 
s 1
f 2608 292 290 2607 
f 294 608 607 293 
f 292 298 296 290 
f 298 301 299 296 
f 301 294 293 299 
f 624 218 108 
f 50 208 2601 
f 626 416 102 87 
f 78 75 285 
f 335 415 333 
f 338 2 415 335 
f 341 622 2 338 
f 353 518 520 350 
f 359 522 518 353 
f 956 387 384 597 
f 602 375 372 600 
f 605 381 378 602 
f 597 384 381 605 
f 389 524 522 359 
f 392 526 524 389 
f 395 528 526 392 
f 410 952 954 408 
f 413 532 534 398 
f 410 405 952 
f 366 368 743 302 
f 341 344 622 
f 344 347 622 
f 347 350 624 622 
f 363 357 416 
f 357 333 415 416 
f 405 366 302 952 
f 530 532 413 408 
f 395 398 534 528 
f 372 416 626 600 
f 372 363 416 
f 744 743 368 402 
s 2
f 336 332 310 303 
f 339 336 303 304 
f 342 339 304 305 
f 345 342 305 306 
f 348 345 306 307 
f 351 348 307 308 
f 354 351 308 311 
f 332 356 309 310 
f 360 354 311 319 
f 356 362 312 309 
f 369 365 328 329 
f 362 370 313 312 
f 370 374 314 313 
f 374 377 315 314 
f 377 380 316 315 
f 380 383 317 316 
f 383 386 318 317 
f 390 360 319 320 
f 393 390 320 321 
f 396 393 321 322 
f 399 396 322 326 
f 386 401 323 318 
f 401 369 329 323 
f 365 404 324 328 
f 411 407 325 330 
f 414 399 326 327 
f 407 414 327 325 
f 404 411 330 324 
f 599 627 609 611 
f 957 596 615 939 
f 603 599 611 617 
f 606 603 617 620 
f 596 606 620 615 
s 1
f 335 333 331 334 
f 338 335 334 337 
f 341 338 337 340 
f 353 350 349 352 
f 359 353 352 358 
f 384 387 385 382 
f 372 375 373 371 
f 378 381 379 376 
f 381 384 382 379 
f 389 359 358 388 
f 392 389 388 391 
f 395 392 391 394 
f 410 408 406 409 
f 413 398 397 412 
f 405 410 409 403 
f 368 366 364 367 
f 344 341 340 343 
f 347 344 343 346 
f 350 347 346 349 
f 357 363 361 355 
f 333 357 355 331 
f 366 405 403 364 
f 408 413 412 406 
f 398 395 394 397 
f 363 372 371 361 
f 375 378 376 373 
f 402 368 367 400 
f 387 402 400 385 
s 2
f 332 336 334 331 
f 336 339 337 334 
f 339 342 340 337 
f 342 345 343 340 
f 345 348 346 343 
f 348 351 349 346 
f 351 354 352 349 
f 356 332 331 355 
f 354 360 358 352 
f 362 356 355 361 
f 365 369 367 364 
f 370 362 361 371 
f 374 370 371 373 
f 377 374 373 376 
f 380 377 376 379 
f 383 380 379 382 
f 386 383 382 385 
f 360 390 388 358 
f 390 393 391 388 
f 393 396 394 391 
f 396 399 397 394 
f 401 386 385 400 
f 369 401 400 367 
f 404 365 364 403 
f 407 411 409 406 
f 399 414 412 397 
f 414 407 406 412 
f 411 404 403 409 
s 1
f 519 517 508 507 
f 517 521 509 508 
f 521 523 510 509 
f 523 525 511 510 
f 525 527 512 511 
f 529 953 844 515 
f 533 531 514 513 
f 623 519 507 516 
f 531 529 515 514 
f 527 533 513 512 
f 536 538 488 487 
f 538 540 489 488 
f 540 542 490 489 
f 542 544 491 490 
f 544 546 492 491 
f 548 882 824 495 
f 550 552 494 493 
f 554 536 487 496 
f 552 548 495 494 
f 546 550 493 492 
f 555 557 576 578 
f 557 559 580 576 
f 559 561 582 580 
f 561 563 584 582 
f 563 565 586 584 
f 567 901 922 588 
f 569 571 590 592 
f 573 555 578 594 
f 571 567 588 590 
f 565 569 592 586 
f 577 575 448 447 
f 575 579 449 448 
f 579 581 450 449 
f 581 583 451 450 
f 583 585 452 451 
f 587 921 784 455 
f 591 589 454 453 
f 593 577 447 456 
f 589 587 455 454 
f 585 591 453 452 
f 417 418 458 457 
f 418 419 459 458 
f 419 420 460 459 
f 420 421 461 460 
f 421 422 462 461 
f 425 754 794 465 
f 423 424 464 463 
f 426 417 457 466 
f 424 425 465 464 
f 422 423 463 462 
f 427 428 468 467 
f 428 429 469 468 
f 429 430 470 469 
f 430 431 471 470 
f 431 432 472 471 
f 435 764 804 475 
f 433 434 474 473 
f 436 427 467 476 
f 434 435 475 474 
f 432 433 473 472 
f 448 418 417 447 
f 449 419 418 448 
f 450 420 419 449 
f 451 421 420 450 
f 452 422 421 451 
f 784 754 425 455 
f 454 424 423 453 
f 447 417 426 456 
f 455 425 424 454 
f 453 423 422 452 
f 458 428 427 457 
f 459 429 428 458 
f 460 430 429 459 
f 461 431 430 460 
f 462 432 431 461 
f 794 764 435 465 
f 464 434 433 463 
f 457 427 436 466 
f 465 435 434 464 
f 463 433 432 462 
f 468 438 437 467 
f 469 439 438 468 
f 470 440 439 469 
f 471 441 440 470 
f 472 442 441 471 
f 804 774 445 475 
f 474 444 443 473 
f 467 437 446 476 
f 475 445 444 474 
f 473 443 442 472 
f 478 498 497 477 
f 479 499 498 478 
f 480 500 499 479 
f 481 501 500 480 
f 482 502 501 481 
f 814 834 505 485 
f 484 504 503 483 
f 477 497 506 486 
f 485 505 504 484 
f 483 503 502 482 
f 488 478 477 487 
f 489 479 478 488 
f 490 480 479 489 
f 491 481 480 490 
f 492 482 481 491 
f 824 814 485 495 
f 494 484 483 493 
f 487 477 486 496 
f 495 485 484 494 
f 493 483 482 492 
f 498 558 556 497 
f 499 560 558 498 
f 500 562 560 499 
f 501 564 562 500 
f 502 566 564 501 
f 834 902 568 505 
f 504 572 570 503 
f 497 556 574 506 
f 505 568 572 504 
f 503 570 566 502 
f 508 537 535 507 
f 509 539 537 508 
f 510 541 539 509 
f 511 543 541 510 
f 512 545 543 511 
f 844 881 547 515 
f 514 551 549 513 
f 507 535 553 516 
f 515 547 551 514 
f 513 549 545 512 
f 520 518 517 519 
f 518 522 521 517 
f 522 524 523 521 
f 524 526 525 523 
f 526 528 527 525 
f 530 954 953 529 
f 534 532 531 533 
f 624 520 519 623 
f 532 530 529 531 
f 528 534 533 527 
f 538 536 535 537 
f 540 538 537 539 
f 542 540 539 541 
f 544 542 541 543 
f 546 544 543 545 
f 882 548 547 881 
f 552 550 549 551 
f 536 554 553 535 
f 548 552 551 547 
f 550 546 545 549 
f 556 558 557 555 
f 558 560 559 557 
f 560 562 561 559 
f 562 564 563 561 
f 564 566 565 563 
f 568 902 901 567 
f 570 572 571 569 
f 574 556 555 573 
f 572 568 567 571 
f 566 570 569 565 
f 578 576 575 577 
f 576 580 579 575 
f 580 582 581 579 
f 582 584 583 581 
f 584 586 585 583 
f 588 922 921 587 
f 592 590 589 591 
f 594 578 577 593 
f 590 588 587 589 
f 586 592 591 585 
f 956 597 595 955 
f 602 600 598 601 
f 605 602 601 604 
f 597 605 604 595 
f 600 626 625 598 
s 2
f 627 599 598 625 
f 596 957 955 595 
f 599 603 601 598 
f 603 606 604 601 
f 606 596 595 604 
s 1
f 612 608 1958 
f 938 614 1958 
f 618 612 1958 
f 621 618 1958 
f 614 621 1958 
s 2
f 611 609 607 610 
f 939 615 613 937 
f 617 611 610 616 
f 620 617 616 619 
f 615 620 619 613 
s 1
f 608 612 610 607 
f 614 938 937 613 
f 612 618 616 610 
f 618 621 619 616 
f 621 614 613 619 
f 954 530 408 
f 350 520 624 
f 956 744 402 387 
f 378 375 602 
f 663 743 661 
f 666 302 743 663 
f 669 952 302 666 
f 681 846 848 678 
f 687 850 846 681 
f 927 715 712 925 
f 932 703 700 930 
f 935 709 706 932 
f 925 712 709 935 
f 717 852 850 687 
f 720 854 852 717 
f 723 856 854 720 
f 738 1301 1303 736 
f 741 860 862 726 
f 738 733 1301 
f 694 696 1091 630 
f 669 672 952 
f 672 675 952 
f 675 678 954 952 
f 691 685 744 
f 685 661 743 744 
f 733 694 630 1301 
f 858 860 741 736 
f 723 726 862 856 
f 700 744 956 930 
f 700 691 744 
f 1092 1091 696 730 
s 2
f 664 660 638 631 
f 667 664 631 632 
f 670 667 632 633 
f 673 670 633 634 
f 676 673 634 635 
f 679 676 635 636 
f 682 679 636 639 
f 660 684 637 638 
f 688 682 639 647 
f 684 690 640 637 
f 697 693 656 657 
f 690 698 641 640 
f 698 702 642 641 
f 702 705 643 642 
f 705 708 644 643 
f 708 711 645 644 
f 711 714 646 645 
f 718 688 647 648 
f 721 718 648 649 
f 724 721 649 650 
f 727 724 650 654 
f 714 729 651 646 
f 729 697 657 651 
f 693 732 652 656 
f 739 735 653 658 
f 742 727 654 655 
f 735 742 655 653 
f 732 739 658 652 
f 929 957 939 941 
f 629 924 945 1287 
f 933 929 941 947 
f 936 933 947 950 
f 924 936 950 945 
s 1
f 663 661 659 662 
f 666 663 662 665 
f 669 666 665 668 
f 681 678 677 680 
f 687 681 680 686 
f 712 715 713 710 
f 700 703 701 699 
f 706 709 707 704 
f 709 712 710 707 
f 717 687 686 716 
f 720 717 716 719 
f 723 720 719 722 
f 738 736 734 737 
f 741 726 725 740 
f 733 738 737 731 
f 696 694 692 695 
f 672 669 668 671 
f 675 672 671 674 
f 678 675 674 677 
f 685 691 689 683 
f 661 685 683 659 
f 694 733 731 692 
f 736 741 740 734 
f 726 723 722 725 
f 691 700 699 689 
f 703 706 704 701 
f 730 696 695 728 
f 715 730 728 713 
s 2
f 660 664 662 659 
f 664 667 665 662 
f 667 670 668 665 
f 670 673 671 668 
f 673 676 674 671 
f 676 679 677 674 
f 679 682 680 677 
f 684 660 659 683 
f 682 688 686 680 
f 690 684 683 689 
f 693 697 695 692 
f 698 690 689 699 
f 702 698 699 701 
f 705 702 701 704 
f 708 705 704 707 
f 711 708 707 710 
f 714 711 710 713 
f 688 718 716 686 
f 718 721 719 716 
f 721 724 722 719 
f 724 727 725 722 
f 729 714 713 728 
f 697 729 728 695 
f 732 693 692 731 
f 735 739 737 734 
f 727 742 740 725 
f 742 735 734 740 
f 739 732 731 737 
s 1
f 847 845 836 835 
f 845 849 837 836 
f 849 851 838 837 
f 851 853 839 838 
f 853 855 840 839 
f 857 1302 1193 843 
f 861 859 842 841 
f 953 847 835 844 
f 859 857 843 842 
f 855 861 841 840 
f 864 866 816 815 
f 866 868 817 816 
f 868 870 818 817 
f 870 872 819 818 
f 872 874 820 819 
f 876 1230 1173 823 
f 878 880 822 821 
f 882 864 815 824 
f 880 876 823 822 
f 874 878 821 820 
f 883 885 904 906 
f 885 887 908 904 
f 887 889 910 908 
f 889 891 912 910 
f 891 893 914 912 
f 895 1249 1271 916 
f 897 899 918 920 
f 901 883 906 922 
f 899 895 916 918 
f 893 897 920 914 
f 905 903 776 775 
f 903 907 777 776 
f 907 909 778 777 
f 909 911 779 778 
f 911 913 780 779 
f 915 1270 1133 783 
f 919 917 782 781 
f 921 905 775 784 
f 917 915 783 782 
f 913 919 781 780 
f 745 746 786 785 
f 746 747 787 786 
f 747 748 788 787 
f 748 749 789 788 
f 749 750 790 789 
f 753 1102 1143 793 
f 751 752 792 791 
f 754 745 785 794 
f 752 753 793 792 
f 750 751 791 790 
f 755 756 796 795 
f 756 757 797 796 
f 757 758 798 797 
f 758 759 799 798 
f 759 760 800 799 
f 763 1112 1153 803 
f 761 762 802 801 
f 764 755 795 804 
f 762 763 803 802 
f 760 761 801 800 
f 776 746 745 775 
f 777 747 746 776 
f 778 748 747 777 
f 779 749 748 778 
f 780 750 749 779 
f 1133 1102 753 783 
f 782 752 751 781 
f 775 745 754 784 
f 783 753 752 782 
f 781 751 750 780 
f 786 756 755 785 
f 787 757 756 786 
f 788 758 757 787 
f 789 759 758 788 
f 790 760 759 789 
f 1143 1112 763 793 
f 792 762 761 791 
f 785 755 764 794 
f 793 763 762 792 
f 791 761 760 790 
f 796 766 765 795 
f 797 767 766 796 
f 798 768 767 797 
f 799 769 768 798 
f 800 770 769 799 
f 1153 1122 773 803 
f 802 772 771 801 
f 795 765 774 804 
f 803 773 772 802 
f 801 771 770 800 
f 806 826 825 805 
f 807 827 826 806 
f 808 828 827 807 
f 809 829 828 808 
f 810 830 829 809 
f 1163 1183 833 813 
f 812 832 831 811 
f 805 825 834 814 
f 813 833 832 812 
f 811 831 830 810 
f 816 806 805 815 
f 817 807 806 816 
f 818 808 807 817 
f 819 809 808 818 
f 820 810 809 819 
f 1173 1163 813 823 
f 822 812 811 821 
f 815 805 814 824 
f 823 813 812 822 
f 821 811 810 820 
f 826 886 884 825 
f 827 888 886 826 
f 828 890 888 827 
f 829 892 890 828 
f 830 894 892 829 
f 1183 1250 896 833 
f 832 900 898 831 
f 825 884 902 834 
f 833 896 900 832 
f 831 898 894 830 
f 836 865 863 835 
f 837 867 865 836 
f 838 869 867 837 
f 839 871 869 838 
f 840 873 871 839 
f 1193 628 875 843 
f 842 879 877 841 
f 835 863 881 844 
f 843 875 879 842 
f 841 877 873 840 
f 848 846 845 847 
f 846 850 849 845 
f 850 852 851 849 
f 852 854 853 851 
f 854 856 855 853 
f 858 1303 1302 857 
f 862 860 859 861 
f 954 848 847 953 
f 860 858 857 859 
f 856 862 861 855 
f 866 864 863 865 
f 868 866 865 867 
f 870 868 867 869 
f 872 870 869 871 
f 874 872 871 873 
f 1230 876 875 628 
f 880 878 877 879 
f 864 882 881 863 
f 876 880 879 875 
f 878 874 873 877 
f 884 886 885 883 
f 886 888 887 885 
f 888 890 889 887 
f 890 892 891 889 
f 892 894 893 891 
f 896 1250 1249 895 
f 898 900 899 897 
f 902 884 883 901 
f 900 896 895 899 
f 894 898 897 893 
f 906 904 903 905 
f 904 908 907 903 
f 908 910 909 907 
f 910 912 911 909 
f 912 914 913 911 
f 916 1271 1270 915 
f 920 918 917 919 
f 922 906 905 921 
f 918 916 915 917 
f 914 920 919 913 
f 927 925 923 926 
f 932 930 928 931 
f 935 932 931 934 
f 925 935 934 923 
f 930 956 955 928 
s 2
f 957 929 928 955 
f 924 629 926 923 
f 929 933 931 928 
f 933 936 934 931 
f 936 924 923 934 
s 1
f 942 938 1958 
f 1286 944 1958 
f 948 942 1958 
f 951 948 1958 
f 944 951 1958 
s 2
f 941 939 937 940 
f 1287 945 943 1285 
f 947 941 940 946 
f 950 947 946 949 
f 945 950 949 943 
s 1
f 938 942 940 937 
f 944 1286 1285 943 
f 942 948 946 940 
f 948 951 949 946 
f 951 944 943 949 
f 1303 858 736 
f 678 848 954 
f 927 1092 730 715 
f 706 703 932 
f 1011 1091 1009 
f 1014 630 1091 1011 
f 1017 1301 630 1014 
f 1029 1195 1197 1026 
f 1035 1199 1195 1029 
f 1275 1063 1060 1274 
f 1280 1051 1048 1278 
f 1283 1057 1054 1280 
f 1274 1060 1057 1283 
f 1065 1201 1199 1035 
f 1068 1203 1201 1065 
f 1071 1205 1203 1068 
f 1086 977 967 1084 
f 1089 1209 1211 1074 
f 1086 1081 977 
f 1042 1044 976 975 
f 1017 1020 1301 
f 1020 1023 1301 
f 1023 1026 1303 1301 
f 1039 1033 1092 
f 1033 1009 1091 1092 
f 1081 1042 975 977 
f 1207 1209 1089 1084 
f 1071 1074 1211 1205 
f 1048 1092 927 1278 
f 1048 1039 1092 
f 978 976 1044 1078 
s 2
f 1012 1008 986 979 
f 1015 1012 979 980 
f 1018 1015 980 981 
f 1021 1018 981 982 
f 1024 1021 982 983 
f 1027 1024 983 984 
f 1030 1027 984 987 
f 1008 1032 985 986 
f 1036 1030 987 995 
f 1032 1038 988 985 
f 1045 1041 1004 1005 
f 1038 1046 989 988 
f 1046 1050 990 989 
f 1050 1053 991 990 
f 1053 1056 992 991 
f 1056 1059 993 992 
f 1059 1062 994 993 
f 1066 1036 995 996 
f 1069 1066 996 997 
f 1072 1069 997 998 
f 1075 1072 998 1002 
f 1062 1077 999 994 
f 1077 1045 1005 999 
f 1041 1080 1000 1004 
f 1087 1083 1001 1006 
f 1090 1075 1002 1003 
f 1083 1090 1003 1001 
f 1080 1087 1006 1000 
f 1277 629 1287 1289 
f 972 1273 1293 1294 
f 1281 1277 1289 1296 
f 1284 1281 1296 1299 
f 1273 1284 1299 1293 
s 1
f 1011 1009 1007 1010 
f 1014 1011 1010 1013 
f 1017 1014 1013 1016 
f 1029 1026 1025 1028 
f 1035 1029 1028 1034 
f 1060 1063 1061 1058 
f 1048 1051 1049 1047 
f 1054 1057 1055 1052 
f 1057 1060 1058 1055 
f 1065 1035 1034 1064 
f 1068 1065 1064 1067 
f 1071 1068 1067 1070 
f 1086 1084 1082 1085 
f 1089 1074 1073 1088 
f 1081 1086 1085 1079 
f 1044 1042 1040 1043 
f 1020 1017 1016 1019 
f 1023 1020 1019 1022 
f 1026 1023 1022 1025 
f 1033 1039 1037 1031 
f 1009 1033 1031 1007 
f 1042 1081 1079 1040 
f 1084 1089 1088 1082 
f 1074 1071 1070 1073 
f 1039 1048 1047 1037 
f 1051 1054 1052 1049 
f 1078 1044 1043 1076 
f 1063 1078 1076 1061 
s 2
f 1008 1012 1010 1007 
f 1012 1015 1013 1010 
f 1015 1018 1016 1013 
f 1018 1021 1019 1016 
f 1021 1024 1022 1019 
f 1024 1027 1025 1022 
f 1027 1030 1028 1025 
f 1032 1008 1007 1031 
f 1030 1036 1034 1028 
f 1038 1032 1031 1037 
f 1041 1045 1043 1040 
f 1046 1038 1037 1047 
f 1050 1046 1047 1049 
f 1053 1050 1049 1052 
f 1056 1053 1052 1055 
f 1059 1056 1055 1058 
f 1062 1059 1058 1061 
f 1036 1066 1064 1034 
f 1066 1069 1067 1064 
f 1069 1072 1070 1067 
f 1072 1075 1073 1070 
f 1077 1062 1061 1076 
f 1045 1077 1076 1043 
f 1080 1041 1040 1079 
f 1083 1087 1085 1082 
f 1075 1090 1088 1073 
f 1090 1083 1082 1088 
f 1087 1080 1079 1085 
s 1
f 1196 1194 1185 1184 
f 1194 1198 1186 1185 
f 1198 1200 1187 1186 
f 1200 1202 1188 1187 
f 1202 1204 1189 1188 
f 1206 966 965 1192 
f 1210 1208 1191 1190 
f 1302 1196 1184 1193 
f 1208 1206 1192 1191 
f 1204 1210 1190 1189 
f 1213 1215 1165 1164 
f 1215 1217 1166 1165 
f 1217 1219 1167 1166 
f 1219 1221 1168 1167 
f 1221 1223 1169 1168 
f 1225 1566 963 1172 
f 1227 1229 1171 1170 
f 1230 1213 1164 1173 
f 1229 1225 1172 1171 
f 1223 1227 1170 1169 
f 1231 1233 1252 1254 
f 1233 1235 1256 1252 
f 1235 1237 1258 1256 
f 1237 1239 1260 1258 
f 1239 1241 1262 1260 
f 1243 969 971 1265 
f 1245 1247 1267 1269 
f 1249 1231 1254 1271 
f 1247 1243 1265 1267 
f 1241 1245 1269 1262 
f 1253 1251 1124 1123 
f 1251 1255 1125 1124 
f 1255 1257 1126 1125 
f 1257 1259 1127 1126 
f 1259 1261 1128 1127 
f 1264 1263 1132 1131 
f 1268 1266 1130 1129 
f 1270 1253 1123 1133 
f 1266 1264 1131 1130 
f 1261 1268 1129 1128 
f 1093 1094 1135 1134 
f 1094 1095 1136 1135 
f 1095 1096 1137 1136 
f 1096 1097 1138 1137 
f 1097 1098 1139 1138 
f 1101 958 960 1142 
f 1099 1100 1141 1140 
f 1102 1093 1134 1143 
f 1100 1101 1142 1141 
f 1098 1099 1140 1139 
f 1103 1104 1145 1144 
f 1104 1105 1146 1145 
f 1105 1106 1147 1146 
f 1106 1107 1148 1147 
f 1107 1108 1149 1148 
f 1111 959 961 1152 
f 1109 1110 1151 1150 
f 1112 1103 1144 1153 
f 1110 1111 1152 1151 
f 1108 1109 1150 1149 
f 1124 1094 1093 1123 
f 1125 1095 1094 1124 
f 1126 1096 1095 1125 
f 1127 1097 1096 1126 
f 1128 1098 1097 1127 
f 1132 958 1101 1131 
f 1130 1100 1099 1129 
f 1123 1093 1102 1133 
f 1131 1101 1100 1130 
f 1129 1099 1098 1128 
f 1135 1104 1103 1134 
f 1136 1105 1104 1135 
f 1137 1106 1105 1136 
f 1138 1107 1106 1137 
f 1139 1108 1107 1138 
f 960 959 1111 1142 
f 1141 1110 1109 1140 
f 1134 1103 1112 1143 
f 1142 1111 1110 1141 
f 1140 1109 1108 1139 
f 1145 1114 1113 1144 
f 1146 1115 1114 1145 
f 1147 1116 1115 1146 
f 1148 1117 1116 1147 
f 1149 1118 1117 1148 
f 961 1465 1121 1152 
f 1151 1120 1119 1150 
f 1144 1113 1122 1153 
f 1152 1121 1120 1151 
f 1150 1119 1118 1149 
f 1155 1175 1174 1154 
f 1156 1176 1175 1155 
f 1157 1177 1176 1156 
f 1158 1178 1177 1157 
f 1159 1179 1178 1158 
f 962 964 1182 1162 
f 1161 1181 1180 1160 
f 1154 1174 1183 1163 
f 1162 1182 1181 1161 
f 1160 1180 1179 1159 
f 1165 1155 1154 1164 
f 1166 1156 1155 1165 
f 1167 1157 1156 1166 
f 1168 1158 1157 1167 
f 1169 1159 1158 1168 
f 963 962 1162 1172 
f 1171 1161 1160 1170 
f 1164 1154 1163 1173 
f 1172 1162 1161 1171 
f 1170 1160 1159 1169 
f 1175 1234 1232 1174 
f 1176 1236 1234 1175 
f 1177 1238 1236 1176 
f 1178 1240 1238 1177 
f 1179 1242 1240 1178 
f 964 970 1244 1182 
f 1181 1248 1246 1180 
f 1174 1232 1250 1183 
f 1182 1244 1248 1181 
f 1180 1246 1242 1179 
f 1185 1214 1212 1184 
f 1186 1216 1214 1185 
f 1187 1218 1216 1186 
f 1188 1220 1218 1187 
f 1189 1222 1220 1188 
f 965 968 1224 1192 
f 1191 1228 1226 1190 
f 1184 1212 628 1193 
f 1192 1224 1228 1191 
f 1190 1226 1222 1189 
f 1197 1195 1194 1196 
f 1195 1199 1198 1194 
f 1199 1201 1200 1198 
f 1201 1203 1202 1200 
f 1203 1205 1204 1202 
f 1207 967 966 1206 
f 1211 1209 1208 1210 
f 1303 1197 1196 1302 
f 1209 1207 1206 1208 
f 1205 1211 1210 1204 
f 1215 1213 1212 1214 
f 1217 1215 1214 1216 
f 1219 1217 1216 1218 
f 1221 1219 1218 1220 
f 1223 1221 1220 1222 
f 1566 1225 1224 968 
f 1229 1227 1226 1228 
f 1213 1230 628 1212 
f 1225 1229 1228 1224 
f 1227 1223 1222 1226 
f 1232 1234 1233 1231 
f 1234 1236 1235 1233 
f 1236 1238 1237 1235 
f 1238 1240 1239 1237 
f 1240 1242 1241 1239 
f 1244 970 969 1243 
f 1246 1248 1247 1245 
f 1250 1232 1231 1249 
f 1248 1244 1243 1247 
f 1242 1246 1245 1241 
f 1254 1252 1251 1253 
f 1252 1256 1255 1251 
f 1256 1258 1257 1255 
f 1258 1260 1259 1257 
f 1260 1262 1261 1259 
f 1265 971 1263 1264 
f 1269 1267 1266 1268 
f 1271 1254 1253 1270 
f 1267 1265 1264 1266 
f 1262 1269 1268 1261 
f 1275 1274 1272 1631 
f 1280 1278 1276 1279 
f 1283 1280 1279 1282 
f 1274 1283 1282 1272 
f 1278 927 926 1276 
s 2
f 629 1277 1276 926 
f 1273 972 1631 1272 
f 1277 1281 1279 1276 
f 1281 1284 1282 1279 
f 1284 1273 1272 1282 
s 1
f 1290 1286 1958 
f 974 1292 1958 
f 1297 1290 1958 
f 1300 1297 1958 
f 1292 1300 1958 
s 2
f 1289 1287 1285 1288 
f 1294 1293 1291 973 
f 1296 1289 1288 1295 
f 1299 1296 1295 1298 
f 1293 1299 1298 1291 
s 1
f 1286 1290 1288 1285 
f 1292 974 973 1291 
f 1290 1297 1295 1288 
f 1297 1300 1298 1295 
f 1300 1292 1291 1298 
f 967 1207 1084 
f 1026 1197 1303 
f 1275 978 1078 1063 
f 1054 1051 1280 
f 1358 976 1356 
f 1361 975 976 1358 
f 1364 977 975 1361 
f 1376 1531 1533 1373 
f 1382 1535 1531 1376 
f 1608 1410 1407 1606 
f 1613 1398 1395 1611 
f 1616 1404 1401 1613 
f 1606 1407 1404 1616 
f 1412 1537 1535 1382 
f 1415 1539 1537 1412 
f 1418 1541 1539 1415 
f 1433 1324 1314 1431 
f 1436 1545 1547 1421 
f 1433 1428 1324 
f 1389 1391 1323 1322 
f 1364 1367 977 
f 1367 1370 977 
f 1370 1373 967 977 
f 1386 1380 978 
f 1380 1356 976 978 
f 1428 1389 1322 1324 
f 1543 1545 1436 1431 
f 1418 1421 1547 1541 
f 1395 978 1275 1611 
f 1395 1386 978 
f 1325 1323 1391 1425 
s 2
f 1359 1355 1333 1326 
f 1362 1359 1326 1327 
f 1365 1362 1327 1328 
f 1368 1365 1328 1329 
f 1371 1368 1329 1330 
f 1374 1371 1330 1331 
f 1377 1374 1331 1334 
f 1355 1379 1332 1333 
f 1383 1377 1334 1342 
f 1379 1385 1335 1332 
f 1392 1388 1351 1352 
f 1385 1393 1336 1335 
f 1393 1397 1337 1336 
f 1397 1400 1338 1337 
f 1400 1403 1339 1338 
f 1403 1406 1340 1339 
f 1406 1409 1341 1340 
f 1413 1383 1342 1343 
f 1416 1413 1343 1344 
f 1419 1416 1344 1345 
f 1422 1419 1345 1349 
f 1409 1424 1346 1341 
f 1424 1392 1352 1346 
f 1388 1427 1347 1351 
f 1434 1430 1348 1353 
f 1437 1422 1349 1350 
f 1430 1437 1350 1348 
f 1427 1434 1353 1347 
f 1610 972 1294 1619 
f 1320 1605 1623 1624 
f 1614 1610 1619 1626 
f 1617 1614 1626 1629 
f 1605 1617 1629 1623 
s 1
f 1358 1356 1354 1357 
f 1361 1358 1357 1360 
f 1364 1361 1360 1363 
f 1376 1373 1372 1375 
f 1382 1376 1375 1381 
f 1407 1410 1408 1405 
f 1395 1398 1396 1394 
f 1401 1404 1402 1399 
f 1404 1407 1405 1402 
f 1412 1382 1381 1411 
f 1415 1412 1411 1414 
f 1418 1415 1414 1417 
f 1433 1431 1429 1432 
f 1436 1421 1420 1435 
f 1428 1433 1432 1426 
f 1391 1389 1387 1390 
f 1367 1364 1363 1366 
f 1370 1367 1366 1369 
f 1373 1370 1369 1372 
f 1380 1386 1384 1378 
f 1356 1380 1378 1354 
f 1389 1428 1426 1387 
f 1431 1436 1435 1429 
f 1421 1418 1417 1420 
f 1386 1395 1394 1384 
f 1398 1401 1399 1396 
f 1425 1391 1390 1423 
f 1410 1425 1423 1408 
s 2
f 1355 1359 1357 1354 
f 1359 1362 1360 1357 
f 1362 1365 1363 1360 
f 1365 1368 1366 1363 
f 1368 1371 1369 1366 
f 1371 1374 1372 1369 
f 1374 1377 1375 1372 
f 1379 1355 1354 1378 
f 1377 1383 1381 1375 
f 1385 1379 1378 1384 
f 1388 1392 1390 1387 
f 1393 1385 1384 1394 
f 1397 1393 1394 1396 
f 1400 1397 1396 1399 
f 1403 1400 1399 1402 
f 1406 1403 1402 1405 
f 1409 1406 1405 1408 
f 1383 1413 1411 1381 
f 1413 1416 1414 1411 
f 1416 1419 1417 1414 
f 1419 1422 1420 1417 
f 1424 1409 1408 1423 
f 1392 1424 1423 1390 
f 1427 1388 1387 1426 
f 1430 1434 1432 1429 
f 1422 1437 1435 1420 
f 1437 1430 1429 1435 
f 1434 1427 1426 1432 
s 1
f 1532 1530 1522 1521 
f 1530 1534 1523 1522 
f 1534 1536 1524 1523 
f 1536 1538 1525 1524 
f 1538 1540 1526 1525 
f 1542 1313 1312 1529 
f 1546 1544 1528 1527 
f 966 1532 1521 965 
f 1544 1542 1529 1528 
f 1540 1546 1527 1526 
f 1549 1551 1504 1503 
f 1551 1553 1505 1504 
f 1553 1555 1506 1505 
f 1555 1557 1507 1506 
f 1557 1559 1508 1507 
f 1561 1316 1310 1511 
f 1563 1565 1510 1509 
f 1566 1549 1503 963 
f 1565 1561 1511 1510 
f 1559 1563 1509 1508 
f 1567 1569 1586 1588 
f 1569 1571 1590 1586 
f 1571 1573 1592 1590 
f 1573 1575 1594 1592 
f 1575 1577 1596 1594 
f 1579 1317 1319 1599 
f 1581 1583 1601 1603 
f 969 1567 1588 971 
f 1583 1579 1599 1601 
f 1577 1581 1603 1596 
f 1587 1585 1467 1466 
f 1585 1589 1468 1467 
f 1589 1591 1469 1468 
f 1591 1593 1470 1469 
f 1593 1595 1471 1470 
f 1598 1597 1475 1474 
f 1602 1600 1473 1472 
f 1263 1587 1466 1132 
f 1600 1598 1474 1473 
f 1595 1602 1472 1471 
f 1438 1439 1477 1476 
f 1439 1440 1478 1477 
f 1440 1441 1479 1478 
f 1441 1442 1480 1479 
f 1442 1443 1481 1480 
f 1446 1304 1307 1484 
f 1444 1445 1483 1482 
f 958 1438 1476 960 
f 1445 1446 1484 1483 
f 1443 1444 1482 1481 
f 1447 1448 1486 1485 
f 1448 1449 1487 1486 
f 1449 1450 1488 1487 
f 1450 1451 1489 1488 
f 1451 1452 1490 1489 
f 1455 1305 1308 1493 
f 1453 1454 1492 1491 
f 959 1447 1485 961 
f 1454 1455 1493 1492 
f 1452 1453 1491 1490 
f 1467 1439 1438 1466 
f 1468 1440 1439 1467 
f 1469 1441 1440 1468 
f 1470 1442 1441 1469 
f 1471 1443 1442 1470 
f 1475 1304 1446 1474 
f 1473 1445 1444 1472 
f 1466 1438 958 1132 
f 1474 1446 1445 1473 
f 1472 1444 1443 1471 
f 1477 1448 1447 1476 
f 1478 1449 1448 1477 
f 1479 1450 1449 1478 
f 1480 1451 1450 1479 
f 1481 1452 1451 1480 
f 1307 1305 1455 1484 
f 1483 1454 1453 1482 
f 1476 1447 959 960 
f 1484 1455 1454 1483 
f 1482 1453 1452 1481 
f 1486 1457 1456 1485 
f 1487 1458 1457 1486 
f 1488 1459 1458 1487 
f 1489 1460 1459 1488 
f 1490 1461 1460 1489 
f 1308 1306 1464 1493 
f 1492 1463 1462 1491 
f 1485 1456 1465 961 
f 1493 1464 1463 1492 
f 1491 1462 1461 1490 
f 1495 1513 1512 1494 
f 1496 1514 1513 1495 
f 1497 1515 1514 1496 
f 1498 1516 1515 1497 
f 1499 1517 1516 1498 
f 1309 1311 1520 1502 
f 1501 1519 1518 1500 
f 1494 1512 964 962 
f 1502 1520 1519 1501 
f 1500 1518 1517 1499 
f 1504 1495 1494 1503 
f 1505 1496 1495 1504 
f 1506 1497 1496 1505 
f 1507 1498 1497 1506 
f 1508 1499 1498 1507 
f 1310 1309 1502 1511 
f 1510 1501 1500 1509 
f 1503 1494 962 963 
f 1511 1502 1501 1510 
f 1509 1500 1499 1508 
f 1513 1570 1568 1512 
f 1514 1572 1570 1513 
f 1515 1574 1572 1514 
f 1516 1576 1574 1515 
f 1517 1578 1576 1516 
f 1311 1318 1580 1520 
f 1519 1584 1582 1518 
f 1512 1568 970 964 
f 1520 1580 1584 1519 
f 1518 1582 1578 1517 
f 1522 1550 1548 1521 
f 1523 1552 1550 1522 
f 1524 1554 1552 1523 
f 1525 1556 1554 1524 
f 1526 1558 1556 1525 
f 1312 1315 1560 1529 
f 1528 1564 1562 1527 
f 1521 1548 968 965 
f 1529 1560 1564 1528 
f 1527 1562 1558 1526 
f 1533 1531 1530 1532 
f 1531 1535 1534 1530 
f 1535 1537 1536 1534 
f 1537 1539 1538 1536 
f 1539 1541 1540 1538 
f 1543 1314 1313 1542 
f 1547 1545 1544 1546 
f 967 1533 1532 966 
f 1545 1543 1542 1544 
f 1541 1547 1546 1540 
f 1551 1549 1548 1550 
f 1553 1551 1550 1552 
f 1555 1553 1552 1554 
f 1557 1555 1554 1556 
f 1559 1557 1556 1558 
f 1316 1561 1560 1315 
f 1565 1563 1562 1564 
f 1549 1566 968 1548 
f 1561 1565 1564 1560 
f 1563 1559 1558 1562 
f 1568 1570 1569 1567 
f 1570 1572 1571 1569 
f 1572 1574 1573 1571 
f 1574 1576 1575 1573 
f 1576 1578 1577 1575 
f 1580 1318 1317 1579 
f 1582 1584 1583 1581 
f 970 1568 1567 969 
f 1584 1580 1579 1583 
f 1578 1582 1581 1577 
f 1588 1586 1585 1587 
f 1586 1590 1589 1585 
f 1590 1592 1591 1589 
f 1592 1594 1593 1591 
f 1594 1596 1595 1593 
f 1599 1319 1597 1598 
f 1603 1601 1600 1602 
f 971 1588 1587 1263 
f 1601 1599 1598 1600 
f 1596 1603 1602 1595 
f 1608 1606 1604 1607 
f 1613 1611 1609 1612 
f 1616 1613 1612 1615 
f 1606 1616 1615 1604 
f 1611 1275 1631 1609 
s 2
f 972 1610 1609 1631 
f 1605 1320 1607 1604 
f 1610 1614 1612 1609 
f 1614 1617 1615 1612 
f 1617 1605 1604 1615 
s 1
f 1620 974 1958 
f 1944 1622 1958 
f 1627 1620 1958 
f 1630 1627 1958 
f 1622 1630 1958 
s 2
f 1619 1294 973 1618 
f 1624 1623 1621 1321 
f 1626 1619 1618 1625 
f 1629 1626 1625 1628 
f 1623 1629 1628 1621 
s 1
f 974 1620 1618 973 
f 1622 1944 1321 1621 
f 1620 1627 1625 1618 
f 1627 1630 1628 1625 
f 1630 1622 1621 1628 
f 1314 1543 1431 
f 1373 1533 967 
f 1608 1325 1425 1410 
f 1401 1398 1613 
f 1686 1323 1684 
f 1689 1322 1323 1686 
f 1692 1324 1322 1689 
f 1704 1858 1860 1701 
f 1710 1862 1858 1704 
f 1934 1738 1735 1932 
f 1939 1726 1723 1937 
f 1942 1732 1729 1939 
f 1932 1735 1732 1942 
f 1740 1864 1862 1710 
f 1743 1866 1864 1740 
f 1746 1868 1866 1743 
f 1761 1652 1642 1759 
f 1764 1872 1874 1749 
f 1761 1756 1652 
f 1717 1719 1651 1978 
f 1692 1695 1324 
f 1695 1698 1324 
f 1698 1701 1314 1324 
f 1714 1708 1325 
f 1708 1684 1323 1325 
f 1756 1717 1978 1652 
f 1870 1872 1764 1759 
f 1746 1749 1874 1868 
f 1723 1325 1608 1937 
f 1723 1714 1325 
f 1653 1651 1719 1753 
s 2
f 1687 1683 1661 1654 
f 1690 1687 1654 1655 
f 1693 1690 1655 1656 
f 1696 1693 1656 1657 
f 1699 1696 1657 1658 
f 1702 1699 1658 1659 
f 1705 1702 1659 1662 
f 1683 1707 1660 1661 
f 1711 1705 1662 1670 
f 1707 1713 1663 1660 
f 1720 1716 1679 1680 
f 1713 1721 1664 1663 
f 1721 1725 1665 1664 
f 1725 1728 1666 1665 
f 1728 1731 1667 1666 
f 1731 1734 1668 1667 
f 1734 1737 1669 1668 
f 1741 1711 1670 1671 
f 1744 1741 1671 1672 
f 1747 1744 1672 1673 
f 1750 1747 1673 1677 
f 1737 1752 1674 1669 
f 1752 1720 1680 1674 
f 1716 1755 1675 1679 
f 1762 1758 1676 1681 
f 1765 1750 1677 1678 
f 1758 1765 1678 1676 
f 1755 1762 1681 1675 
f 1936 1320 1624 1946 
f 1648 1931 1950 1951 
f 1940 1936 1946 1953 
f 1943 1940 1953 1956 
f 1931 1943 1956 1950 
s 1
f 1686 1684 1682 1685 
f 1689 1686 1685 1688 
f 1692 1689 1688 1691 
f 1704 1701 1700 1703 
f 1710 1704 1703 1709 
f 1735 1738 1736 1733 
f 1723 1726 1724 1722 
f 1729 1732 1730 1727 
f 1732 1735 1733 1730 
f 1740 1710 1709 1739 
f 1743 1740 1739 1742 
f 1746 1743 1742 1745 
f 1761 1759 1757 1760 
f 1764 1749 1748 1763 
f 1756 1761 1760 1754 
f 1719 1717 1715 1718 
f 1695 1692 1691 1694 
f 1698 1695 1694 1697 
f 1701 1698 1697 1700 
f 1708 1714 1712 1706 
f 1684 1708 1706 1682 
f 1717 1756 1754 1715 
f 1759 1764 1763 1757 
f 1749 1746 1745 1748 
f 1714 1723 1722 1712 
f 1726 1729 1727 1724 
f 1753 1719 1718 1751 
f 1738 1753 1751 1736 
s 2
f 1683 1687 1685 1682 
f 1687 1690 1688 1685 
f 1690 1693 1691 1688 
f 1693 1696 1694 1691 
f 1696 1699 1697 1694 
f 1699 1702 1700 1697 
f 1702 1705 1703 1700 
f 1707 1683 1682 1706 
f 1705 1711 1709 1703 
f 1713 1707 1706 1712 
f 1716 1720 1718 1715 
f 1721 1713 1712 1722 
f 1725 1721 1722 1724 
f 1728 1725 1724 1727 
f 1731 1728 1727 1730 
f 1734 1731 1730 1733 
f 1737 1734 1733 1736 
f 1711 1741 1739 1709 
f 1741 1744 1742 1739 
f 1744 1747 1745 1742 
f 1747 1750 1748 1745 
f 1752 1737 1736 1751 
f 1720 1752 1751 1718 
f 1755 1716 1715 1754 
f 1758 1762 1760 1757 
f 1750 1765 1763 1748 
f 1765 1758 1757 1763 
f 1762 1755 1754 1760 
s 1
f 1859 1857 1849 1848 
f 1857 1861 1850 1849 
f 1861 1863 1851 1850 
f 1863 1865 1852 1851 
f 1865 1867 1853 1852 
f 1869 1641 1640 1856 
f 1873 1871 1855 1854 
f 1313 1859 1848 1312 
f 1871 1869 1856 1855 
f 1867 1873 1854 1853 
f 1876 1878 1831 1830 
f 1878 1880 1832 1831 
f 1880 1882 1833 1832 
f 1882 1884 1834 1833 
f 1884 1886 1835 1834 
f 1888 1644 1638 1838 
f 1890 1892 1837 1836 
f 1316 1876 1830 1310 
f 1892 1888 1838 1837 
f 1886 1890 1836 1835 
f 1893 1895 1912 1914 
f 1895 1897 1916 1912 
f 1897 1899 1918 1916 
f 1899 1901 1920 1918 
f 1901 1903 1922 1920 
f 1905 1645 1647 1925 
f 1907 1909 1927 1929 
f 1317 1893 1914 1319 
f 1909 1905 1925 1927 
f 1903 1907 1929 1922 
f 1913 1911 1794 1793 
f 1911 1915 1795 1794 
f 1915 1917 1796 1795 
f 1917 1919 1797 1796 
f 1919 1921 1798 1797 
f 1924 1923 1802 1801 
f 1928 1926 1800 1799 
f 1597 1913 1793 1475 
f 1926 1924 1801 1800 
f 1921 1928 1799 1798 
f 1766 1767 1804 1803 
f 1767 1768 1805 1804 
f 1768 1769 1806 1805 
f 1769 1770 1807 1806 
f 1770 1771 1808 1807 
f 1774 1632 1635 1811 
f 1772 1773 1810 1809 
f 1304 1766 1803 1307 
f 1773 1774 1811 1810 
f 1771 1772 1809 1808 
f 1775 1776 1813 1812 
f 1776 1777 1814 1813 
f 1777 1778 1815 1814 
f 1778 1779 1816 1815 
f 1779 1780 1817 1816 
f 1783 1633 1636 1820 
f 1781 1782 1819 1818 
f 1305 1775 1812 1308 
f 1782 1783 1820 1819 
f 1780 1781 1818 1817 
f 1794 1767 1766 1793 
f 1795 1768 1767 1794 
f 1796 1769 1768 1795 
f 1797 1770 1769 1796 
f 1798 1771 1770 1797 
f 1802 1632 1774 1801 
f 1800 1773 1772 1799 
f 1793 1766 1304 1475 
f 1801 1774 1773 1800 
f 1799 1772 1771 1798 
f 1804 1776 1775 1803 
f 1805 1777 1776 1804 
f 1806 1778 1777 1805 
f 1807 1779 1778 1806 
f 1808 1780 1779 1807 
f 1635 1633 1783 1811 
f 1810 1782 1781 1809 
f 1803 1775 1305 1307 
f 1811 1783 1782 1810 
f 1809 1781 1780 1808 
f 1813 1785 1784 1812 
f 1814 1786 1785 1813 
f 1815 1787 1786 1814 
f 1816 1788 1787 1815 
f 1817 1789 1788 1816 
f 1636 1634 1792 1820 
f 1819 1791 1790 1818 
f 1812 1784 1306 1308 
f 1820 1792 1791 1819 
f 1818 1790 1789 1817 
f 1822 1840 1839 1821 
f 1823 1841 1840 1822 
f 1824 1842 1841 1823 
f 1825 1843 1842 1824 
f 1826 1844 1843 1825 
f 1637 1639 1847 1829 
f 1828 1846 1845 1827 
f 1821 1839 1311 1309 
f 1829 1847 1846 1828 
f 1827 1845 1844 1826 
f 1831 1822 1821 1830 
f 1832 1823 1822 1831 
f 1833 1824 1823 1832 
f 1834 1825 1824 1833 
f 1835 1826 1825 1834 
f 1638 1637 1829 1838 
f 1837 1828 1827 1836 
f 1830 1821 1309 1310 
f 1838 1829 1828 1837 
f 1836 1827 1826 1835 
f 1840 1896 1894 1839 
f 1841 1898 1896 1840 
f 1842 1900 1898 1841 
f 1843 1902 1900 1842 
f 1844 1904 1902 1843 
f 1639 1646 1906 1847 
f 1846 1910 1908 1845 
f 1839 1894 1318 1311 
f 1847 1906 1910 1846 
f 1845 1908 1904 1844 
f 1849 1877 1875 1848 
f 1850 1879 1877 1849 
f 1851 1881 1879 1850 
f 1852 1883 1881 1851 
f 1853 1885 1883 1852 
f 1640 1643 1887 1856 
f 1855 1891 1889 1854 
f 1848 1875 1315 1312 
f 1856 1887 1891 1855 
f 1854 1889 1885 1853 
f 1860 1858 1857 1859 
f 1858 1862 1861 1857 
f 1862 1864 1863 1861 
f 1864 1866 1865 1863 
f 1866 1868 1867 1865 
f 1870 1642 1641 1869 
f 1874 1872 1871 1873 
f 1314 1860 1859 1313 
f 1872 1870 1869 1871 
f 1868 1874 1873 1867 
f 1878 1876 1875 1877 
f 1880 1878 1877 1879 
f 1882 1880 1879 1881 
f 1884 1882 1881 1883 
f 1886 1884 1883 1885 
f 1644 1888 1887 1643 
f 1892 1890 1889 1891 
f 1876 1316 1315 1875 
f 1888 1892 1891 1887 
f 1890 1886 1885 1889 
f 1894 1896 1895 1893 
f 1896 1898 1897 1895 
f 1898 1900 1899 1897 
f 1900 1902 1901 1899 
f 1902 1904 1903 1901 
f 1906 1646 1645 1905 
f 1908 1910 1909 1907 
f 1318 1894 1893 1317 
f 1910 1906 1905 1909 
f 1904 1908 1907 1903 
f 1914 1912 1911 1913 
f 1912 1916 1915 1911 
f 1916 1918 1917 1915 
f 1918 1920 1919 1917 
f 1920 1922 1921 1919 
f 1925 1647 1923 1924 
f 1929 1927 1926 1928 
f 1319 1914 1913 1597 
f 1927 1925 1924 1926 
f 1922 1929 1928 1921 
f 1934 1932 1930 1933 
f 1939 1937 1935 1938 
f 1942 1939 1938 1941 
f 1932 1942 1941 1930 
f 1937 1608 1607 1935 
s 2
f 1320 1936 1935 1607 
f 1931 1648 1933 1930 
f 1936 1940 1938 1935 
f 1940 1943 1941 1938 
f 1943 1931 1930 1941 
s 1
f 1947 1944 1958 
f 1650 1949 1958 
f 1954 1947 1958 
f 1957 1954 1958 
f 1949 1957 1958 
s 2
f 1946 1624 1321 1945 
f 1951 1950 1948 1649 
f 1953 1946 1945 1952 
f 1956 1953 1952 1955 
f 1950 1956 1955 1948 
s 1
f 1944 1947 1945 1321 
f 1949 1650 1649 1948 
f 1947 1954 1952 1945 
f 1954 1957 1955 1952 
f 1957 1949 1948 1955 
f 1642 1870 1759 
f 1701 1860 1314 
f 1934 1653 1753 1738 
f 1729 1726 1939 
f 2014 1651 2012 
f 2017 1978 1651 2014 
f 2020 1652 1978 2017 
f 2032 2186 2188 2029 
f 2038 2190 2186 2032 
f 2262 2066 2063 2260 
f 2267 2054 2051 2265 
f 2270 2060 2057 2267 
f 2260 2063 2060 2270 
f 2068 2192 2190 2038 
f 2071 2194 2192 2068 
f 2074 2196 2194 2071 
f 2089 1980 1969 2087 
f 2092 2200 2202 2077 
f 2089 2084 1980 
f 2045 2047 1979 2290 
f 2020 2023 1652 
f 2023 2026 1652 
f 2026 2029 1642 1652 
f 2042 2036 1653 
f 2036 2012 1651 1653 
f 2084 2045 2290 1980 
f 2198 2200 2092 2087 
f 2074 2077 2202 2196 
f 2051 1653 1934 2265 
f 2051 2042 1653 
f 1981 1979 2047 2081 
s 2
f 2015 2011 1989 1982 
f 2018 2015 1982 1983 
f 2021 2018 1983 1984 
f 2024 2021 1984 1985 
f 2027 2024 1985 1986 
f 2030 2027 1986 1987 
f 2033 2030 1987 1990 
f 2011 2035 1988 1989 
f 2039 2033 1990 1998 
f 2035 2041 1991 1988 
f 2048 2044 2007 2008 
f 2041 2049 1992 1991 
f 2049 2053 1993 1992 
f 2053 2056 1994 1993 
f 2056 2059 1995 1994 
f 2059 2062 1996 1995 
f 2062 2065 1997 1996 
f 2069 2039 1998 1999 
f 2072 2069 1999 2000 
f 2075 2072 2000 2001 
f 2078 2075 2001 2005 
f 2065 2080 2002 1997 
f 2080 2048 2008 2002 
f 2044 2083 2003 2007 
f 2090 2086 2004 2009 
f 2093 2078 2005 2006 
f 2086 2093 2006 2004 
f 2083 2090 2009 2003 
f 2264 1648 1951 2273 
f 1975 2259 2277 2278 
f 2268 2264 2273 2280 
f 2271 2268 2280 2283 
f 2259 2271 2283 2277 
s 1
f 2014 2012 2010 2013 
f 2017 2014 2013 2016 
f 2020 2017 2016 2019 
f 2032 2029 2028 2031 
f 2038 2032 2031 2037 
f 2063 2066 2064 2061 
f 2051 2054 2052 2050 
f 2057 2060 2058 2055 
f 2060 2063 2061 2058 
f 2068 2038 2037 2067 
f 2071 2068 2067 2070 
f 2074 2071 2070 2073 
f 2089 2087 2085 2088 
f 2092 2077 2076 2091 
f 2084 2089 2088 2082 
f 2047 2045 2043 2046 
f 2023 2020 2019 2022 
f 2026 2023 2022 2025 
f 2029 2026 2025 2028 
f 2036 2042 2040 2034 
f 2012 2036 2034 2010 
f 2045 2084 2082 2043 
f 2087 2092 2091 2085 
f 2077 2074 2073 2076 
f 2042 2051 2050 2040 
f 2054 2057 2055 2052 
f 2081 2047 2046 2079 
f 2066 2081 2079 2064 
s 2
f 2011 2015 2013 2010 
f 2015 2018 2016 2013 
f 2018 2021 2019 2016 
f 2021 2024 2022 2019 
f 2024 2027 2025 2022 
f 2027 2030 2028 2025 
f 2030 2033 2031 2028 
f 2035 2011 2010 2034 
f 2033 2039 2037 2031 
f 2041 2035 2034 2040 
f 2044 2048 2046 2043 
f 2049 2041 2040 2050 
f 2053 2049 2050 2052 
f 2056 2053 2052 2055 
f 2059 2056 2055 2058 
f 2062 2059 2058 2061 
f 2065 2062 2061 2064 
f 2039 2069 2067 2037 
f 2069 2072 2070 2067 
f 2072 2075 2073 2070 
f 2075 2078 2076 2073 
f 2080 2065 2064 2079 
f 2048 2080 2079 2046 
f 2083 2044 2043 2082 
f 2086 2090 2088 2085 
f 2078 2093 2091 2076 
f 2093 2086 2085 2091 
f 2090 2083 2082 2088 
s 1
f 2187 2185 2177 2176 
f 2185 2189 2178 2177 
f 2189 2191 2179 2178 
f 2191 2193 2180 2179 
f 2193 2195 2181 2180 
f 2197 1968 1967 2184 
f 2201 2199 2183 2182 
f 1641 2187 2176 1640 
f 2199 2197 2184 2183 
f 2195 2201 2182 2181 
f 2204 2206 2159 2158 
f 2206 2208 2160 2159 
f 2208 2210 2161 2160 
f 2210 2212 2162 2161 
f 2212 2214 2163 2162 
f 2216 1971 1965 2166 
f 2218 2220 2165 2164 
f 1644 2204 2158 1638 
f 2220 2216 2166 2165 
f 2214 2218 2164 2163 
f 2221 2223 2240 2242 
f 2223 2225 2244 2240 
f 2225 2227 2246 2244 
f 2227 2229 2248 2246 
f 2229 2231 2250 2248 
f 2233 1972 1974 2253 
f 2235 2237 2255 2257 
f 1645 2221 2242 1647 
f 2237 2233 2253 2255 
f 2231 2235 2257 2250 
f 2241 2239 2122 2121 
f 2239 2243 2123 2122 
f 2243 2245 2124 2123 
f 2245 2247 2125 2124 
f 2247 2249 2126 2125 
f 2252 2251 2130 2129 
f 2256 2254 2128 2127 
f 1923 2241 2121 1802 
f 2254 2252 2129 2128 
f 2249 2256 2127 2126 
f 2094 2095 2132 2131 
f 2095 2096 2133 2132 
f 2096 2097 2134 2133 
f 2097 2098 2135 2134 
f 2098 2099 2136 2135 
f 2102 1959 1962 2139 
f 2100 2101 2138 2137 
f 1632 2094 2131 1635 
f 2101 2102 2139 2138 
f 2099 2100 2137 2136 
f 2103 2104 2141 2140 
f 2104 2105 2142 2141 
f 2105 2106 2143 2142 
f 2106 2107 2144 2143 
f 2107 2108 2145 2144 
f 2111 1960 1963 2148 
f 2109 2110 2147 2146 
f 1633 2103 2140 1636 
f 2110 2111 2148 2147 
f 2108 2109 2146 2145 
f 2122 2095 2094 2121 
f 2123 2096 2095 2122 
f 2124 2097 2096 2123 
f 2125 2098 2097 2124 
f 2126 2099 2098 2125 
f 2130 1959 2102 2129 
f 2128 2101 2100 2127 
f 2121 2094 1632 1802 
f 2129 2102 2101 2128 
f 2127 2100 2099 2126 
f 2132 2104 2103 2131 
f 2133 2105 2104 2132 
f 2134 2106 2105 2133 
f 2135 2107 2106 2134 
f 2136 2108 2107 2135 
f 1962 1960 2111 2139 
f 2138 2110 2109 2137 
f 2131 2103 1633 1635 
f 2139 2111 2110 2138 
f 2137 2109 2108 2136 
f 2141 2113 2112 2140 
f 2142 2114 2113 2141 
f 2143 2115 2114 2142 
f 2144 2116 2115 2143 
f 2145 2117 2116 2144 
f 1963 1961 2120 2148 
f 2147 2119 2118 2146 
f 2140 2112 1634 1636 
f 2148 2120 2119 2147 
f 2146 2118 2117 2145 
f 2150 2168 2167 2149 
f 2151 2169 2168 2150 
f 2152 2170 2169 2151 
f 2153 2171 2170 2152 
f 2154 2172 2171 2153 
f 1964 1966 2175 2157 
f 2156 2174 2173 2155 
f 2149 2167 1639 1637 
f 2157 2175 2174 2156 
f 2155 2173 2172 2154 
f 2159 2150 2149 2158 
f 2160 2151 2150 2159 
f 2161 2152 2151 2160 
f 2162 2153 2152 2161 
f 2163 2154 2153 2162 
f 1965 1964 2157 2166 
f 2165 2156 2155 2164 
f 2158 2149 1637 1638 
f 2166 2157 2156 2165 
f 2164 2155 2154 2163 
f 2168 2224 2222 2167 
f 2169 2226 2224 2168 
f 2170 2228 2226 2169 
f 2171 2230 2228 2170 
f 2172 2232 2230 2171 
f 1966 1973 2234 2175 
f 2174 2238 2236 2173 
f 2167 2222 1646 1639 
f 2175 2234 2238 2174 
f 2173 2236 2232 2172 
f 2177 2205 2203 2176 
f 2178 2207 2205 2177 
f 2179 2209 2207 2178 
f 2180 2211 2209 2179 
f 2181 2213 2211 2180 
f 1967 1970 2215 2184 
f 2183 2219 2217 2182 
f 2176 2203 1643 1640 
f 2184 2215 2219 2183 
f 2182 2217 2213 2181 
f 2188 2186 2185 2187 
f 2186 2190 2189 2185 
f 2190 2192 2191 2189 
f 2192 2194 2193 2191 
f 2194 2196 2195 2193 
f 2198 1969 1968 2197 
f 2202 2200 2199 2201 
f 1642 2188 2187 1641 
f 2200 2198 2197 2199 
f 2196 2202 2201 2195 
f 2206 2204 2203 2205 
f 2208 2206 2205 2207 
f 2210 2208 2207 2209 
f 2212 2210 2209 2211 
f 2214 2212 2211 2213 
f 1971 2216 2215 1970 
f 2220 2218 2217 2219 
f 2204 1644 1643 2203 
f 2216 2220 2219 2215 
f 2218 2214 2213 2217 
f 2222 2224 2223 2221 
f 2224 2226 2225 2223 
f 2226 2228 2227 2225 
f 2228 2230 2229 2227 
f 2230 2232 2231 2229 
f 2234 1973 1972 2233 
f 2236 2238 2237 2235 
f 1646 2222 2221 1645 
f 2238 2234 2233 2237 
f 2232 2236 2235 2231 
f 2242 2240 2239 2241 
f 2240 2244 2243 2239 
f 2244 2246 2245 2243 
f 2246 2248 2247 2245 
f 2248 2250 2249 2247 
f 2253 1974 2251 2252 
f 2257 2255 2254 2256 
f 1647 2242 2241 1923 
f 2255 2253 2252 2254 
f 2250 2257 2256 2249 
f 2262 2260 2258 2261 
f 2267 2265 2263 2266 
f 2270 2267 2266 2269 
f 2260 2270 2269 2258 
f 2265 1934 1933 2263 
s 2
f 1648 2264 2263 1933 
f 2259 1975 2261 2258 
f 2264 2268 2266 2263 
f 2268 2271 2269 2266 
f 2271 2259 2258 2269 
s 1
f 2274 1650 1958 
f 1977 2276 1958 
f 2281 2274 1958 
f 2284 2281 1958 
f 2276 2284 1958 
s 2
f 2273 1951 1649 2272 
f 2278 2277 2275 1976 
f 2280 2273 2272 2279 
f 2283 2280 2279 2282 
f 2277 2283 2282 2275 
s 1
f 1650 2274 2272 1649 
f 2276 1977 1976 2275 
f 2274 2281 2279 2272 
f 2281 2284 2282 2279 
f 2284 2276 2275 2282 
f 1969 2198 2087 
f 2029 2188 1642 
f 2262 1981 2081 2066 
f 2057 2054 2267 
f 2324 1979 2322 
f 2327 2290 1979 2324 
f 2330 1980 2290 2327 
f 2342 2495 2497 2339 
f 2348 2499 2495 2342 
f 2569 2376 2373 2568 
f 2574 2364 2361 2572 
f 2577 2370 2367 2574 
f 2568 2373 2370 2577 
f 2378 2501 2499 2348 
f 2381 2503 2501 2378 
f 2384 2505 2503 2381 
f 2399 2931 2933 2397 
f 2402 2509 2511 2387 
f 2399 2394 2931 
f 2355 2357 2291 2609 
f 2330 2333 1980 
f 2333 2336 1980 
f 2336 2339 1969 1980 
f 2352 2346 1981 
f 2346 2322 1979 1981 
f 2394 2355 2609 2931 
f 2507 2509 2402 2397 
f 2384 2387 2511 2505 
f 2361 1981 2262 2572 
f 2361 2352 1981 
f 2725 2291 2357 2391 
s 2
f 2325 2321 2299 2292 
f 2328 2325 2292 2293 
f 2331 2328 2293 2294 
f 2334 2331 2294 2295 
f 2337 2334 2295 2296 
f 2340 2337 2296 2297 
f 2343 2340 2297 2300 
f 2321 2345 2298 2299 
f 2349 2343 2300 2308 
f 2345 2351 2301 2298 
f 2358 2354 2317 2318 
f 2351 2359 2302 2301 
f 2359 2363 2303 2302 
f 2363 2366 2304 2303 
f 2366 2369 2305 2304 
f 2369 2372 2306 2305 
f 2372 2375 2307 2306 
f 2379 2349 2308 2309 
f 2382 2379 2309 2310 
f 2385 2382 2310 2311 
f 2388 2385 2311 2315 
f 2375 2390 2312 2307 
f 2390 2358 2318 2312 
f 2354 2393 2313 2317 
f 2400 2396 2314 2319 
f 2403 2388 2315 2316 
f 2396 2403 2316 2314 
f 2393 2400 2319 2313 
f 2571 1975 2278 2580 
f 2935 2567 2584 2917 
f 2575 2571 2580 2586 
f 2578 2575 2586 2589 
f 2567 2578 2589 2584 
s 1
f 2324 2322 2320 2323 
f 2327 2324 2323 2326 
f 2330 2327 2326 2329 
f 2342 2339 2338 2341 
f 2348 2342 2341 2347 
f 2373 2376 2374 2371 
f 2361 2364 2362 2360 
f 2367 2370 2368 2365 
f 2370 2373 2371 2368 
f 2378 2348 2347 2377 
f 2381 2378 2377 2380 
f 2384 2381 2380 2383 
f 2399 2397 2395 2398 
f 2402 2387 2386 2401 
f 2394 2399 2398 2392 
f 2357 2355 2353 2356 
f 2333 2330 2329 2332 
f 2336 2333 2332 2335 
f 2339 2336 2335 2338 
f 2346 2352 2350 2344 
f 2322 2346 2344 2320 
f 2355 2394 2392 2353 
f 2397 2402 2401 2395 
f 2387 2384 2383 2386 
f 2352 2361 2360 2350 
f 2364 2367 2365 2362 
f 2391 2357 2356 2389 
f 2376 2391 2389 2374 
s 2
f 2321 2325 2323 2320 
f 2325 2328 2326 2323 
f 2328 2331 2329 2326 
f 2331 2334 2332 2329 
f 2334 2337 2335 2332 
f 2337 2340 2338 2335 
f 2340 2343 2341 2338 
f 2345 2321 2320 2344 
f 2343 2349 2347 2341 
f 2351 2345 2344 2350 
f 2354 2358 2356 2353 
f 2359 2351 2350 2360 
f 2363 2359 2360 2362 
f 2366 2363 2362 2365 
f 2369 2366 2365 2368 
f 2372 2369 2368 2371 
f 2375 2372 2371 2374 
f 2349 2379 2377 2347 
f 2379 2382 2380 2377 
f 2382 2385 2383 2380 
f 2385 2388 2386 2383 
f 2390 2375 2374 2389 
f 2358 2390 2389 2356 
f 2393 2354 2353 2392 
f 2396 2400 2398 2395 
f 2388 2403 2401 2386 
f 2403 2396 2395 2401 
f 2400 2393 2392 2398 
s 1
f 2496 2494 2486 2485 
f 2494 2498 2487 2486 
f 2498 2500 2488 2487 
f 2500 2502 2489 2488 
f 2502 2504 2490 2489 
f 2506 2932 2825 2493 
f 2510 2508 2492 2491 
f 1968 2496 2485 1967 
f 2508 2506 2493 2492 
f 2504 2510 2491 2490 
f 2513 2515 2468 2467 
f 2515 2517 2469 2468 
f 2517 2519 2470 2469 
f 2519 2521 2471 2470 
f 2521 2523 2472 2471 
f 2525 2286 2805 2475 
f 2527 2529 2474 2473 
f 1971 2513 2467 1965 
f 2529 2525 2475 2474 
f 2523 2527 2473 2472 
f 2530 2532 2549 2551 
f 2532 2534 2553 2549 
f 2534 2536 2555 2553 
f 2536 2538 2557 2555 
f 2538 2540 2559 2557 
f 2542 2287 2901 2561 
f 2544 2546 2563 2565 
f 1972 2530 2551 1974 
f 2546 2542 2561 2563 
f 2540 2544 2565 2559 
f 2550 2548 2432 2431 
f 2548 2552 2433 2432 
f 2552 2554 2434 2433 
f 2554 2556 2435 2434 
f 2556 2558 2436 2435 
f 2560 2900 2765 2439 
f 2564 2562 2438 2437 
f 2251 2550 2431 2130 
f 2562 2560 2439 2438 
f 2558 2564 2437 2436 
f 2404 2405 2441 2440 
f 2405 2406 2442 2441 
f 2406 2407 2443 2442 
f 2407 2408 2444 2443 
f 2408 2409 2445 2444 
f 2412 2735 2775 2448 
f 2410 2411 2447 2446 
f 1959 2404 2440 1962 
f 2411 2412 2448 2447 
f 2409 2410 2446 2445 
f 2413 2414 2450 2449 
f 2414 2415 2451 2450 
f 2415 2416 2452 2451 
f 2416 2417 2453 2452 
f 2417 2418 2454 2453 
f 2421 2285 2785 2457 
f 2419 2420 2456 2455 
f 1960 2413 2449 1963 
f 2420 2421 2457 2456 
f 2418 2419 2455 2454 
f 2432 2405 2404 2431 
f 2433 2406 2405 2432 
f 2434 2407 2406 2433 
f 2435 2408 2407 2434 
f 2436 2409 2408 2435 
f 2765 2735 2412 2439 
f 2438 2411 2410 2437 
f 2431 2404 1959 2130 
f 2439 2412 2411 2438 
f 2437 2410 2409 2436 
f 2441 2414 2413 2440 
f 2442 2415 2414 2441 
f 2443 2416 2415 2442 
f 2444 2417 2416 2443 
f 2445 2418 2417 2444 
f 2775 2285 2421 2448 
f 2447 2420 2419 2446 
f 2440 2413 1960 1962 
f 2448 2421 2420 2447 
f 2446 2419 2418 2445 
f 2450 2423 2422 2449 
f 2451 2424 2423 2450 
f 2452 2425 2424 2451 
f 2453 2426 2425 2452 
f 2454 2427 2426 2453 
f 2785 2754 2430 2457 
f 2456 2429 2428 2455 
f 2449 2422 1961 1963 
f 2457 2430 2429 2456 
f 2455 2428 2427 2454 
f 2459 2477 2476 2458 
f 2460 2478 2477 2459 
f 2461 2479 2478 2460 
f 2462 2480 2479 2461 
f 2463 2481 2480 2462 
f 2795 2815 2484 2466 
f 2465 2483 2482 2464 
f 2458 2476 1966 1964 
f 2466 2484 2483 2465 
f 2464 2482 2481 2463 
f 2468 2459 2458 2467 
f 2469 2460 2459 2468 
f 2470 2461 2460 2469 
f 2471 2462 2461 2470 
f 2472 2463 2462 2471 
f 2805 2795 2466 2475 
f 2474 2465 2464 2473 
f 2467 2458 1964 1965 
f 2475 2466 2465 2474 
f 2473 2464 2463 2472 
f 2477 2533 2531 2476 
f 2478 2535 2533 2477 
f 2479 2537 2535 2478 
f 2480 2539 2537 2479 
f 2481 2541 2539 2480 
f 2815 2288 2543 2484 
f 2483 2547 2545 2482 
f 2476 2531 1973 1966 
f 2484 2543 2547 2483 
f 2482 2545 2541 2481 
f 2486 2514 2512 2485 
f 2487 2516 2514 2486 
f 2488 2518 2516 2487 
f 2489 2520 2518 2488 
f 2490 2522 2520 2489 
f 2825 2862 2524 2493 
f 2492 2528 2526 2491 
f 2485 2512 1970 1967 
f 2493 2524 2528 2492 
f 2491 2526 2522 2490 
f 2497 2495 2494 2496 
f 2495 2499 2498 2494 
f 2499 2501 2500 2498 
f 2501 2503 2502 2500 
f 2503 2505 2504 2502 
f 2507 2933 2932 2506 
f 2511 2509 2508 2510 
f 1969 2497 2496 1968 
f 2509 2507 2506 2508 
f 2505 2511 2510 2504 
f 2515 2513 2512 2514 
f 2517 2515 2514 2516 
f 2519 2517 2516 2518 
f 2521 2519 2518 2520 
f 2523 2521 2520 2522 
f 2286 2525 2524 2862 
f 2529 2527 2526 2528 
f 2513 1971 1970 2512 
f 2525 2529 2528 2524 
f 2527 2523 2522 2526 
f 2531 2533 2532 2530 
f 2533 2535 2534 2532 
f 2535 2537 2536 2534 
f 2537 2539 2538 2536 
f 2539 2541 2540 2538 
f 2543 2288 2287 2542 
f 2545 2547 2546 2544 
f 1973 2531 2530 1972 
f 2547 2543 2542 2546 
f 2541 2545 2544 2540 
f 2551 2549 2548 2550 
f 2549 2553 2552 2548 
f 2553 2555 2554 2552 
f 2555 2557 2556 2554 
f 2557 2559 2558 2556 
f 2561 2901 2900 2560 
f 2565 2563 2562 2564 
f 1974 2551 2550 2251 
f 2563 2561 2560 2562 
f 2559 2565 2564 2558 
f 2569 2568 2566 2934 
f 2574 2572 2570 2573 
f 2577 2574 2573 2576 
f 2568 2577 2576 2566 
f 2572 2262 2261 2570 
s 2
f 1975 2571 2570 2261 
f 2567 2935 2934 2566 
f 2571 2575 2573 2570 
f 2575 2578 2576 2573 
f 2578 2567 2566 2576 
s 1
f 2581 1977 1958 
f 2289 2583 1958 
f 2587 2581 1958 
f 2590 2587 1958 
f 2583 2590 1958 
s 2
f 2580 2278 1976 2579 
f 2917 2584 2582 2916 
f 2586 2580 2579 2585 
f 2589 2586 2585 2588 
f 2584 2589 2588 2582 
s 1
f 1977 2581 2579 1976 
f 2583 2289 2916 2582 
f 2581 2587 2585 2579 
f 2587 2590 2588 2585 
f 2590 2583 2582 2588 
f 2933 2507 2397 
f 2339 2497 1969 
f 2569 2725 2391 2376 
f 2367 2364 2574 
f 2645 2291 2643 
f 2648 2609 2291 2645 
f 2651 2931 2609 2648 
f 2663 2827 2829 2660 
f 2669 2831 2827 2663 
f 2906 2697 2694 2904 
f 2911 2685 2682 2909 
f 2914 2691 2688 2911 
f 2904 2694 2691 2914 
f 2699 2833 2831 2669 
f 2702 2835 2833 2699 
f 2705 2837 2835 2702 
f 2720 2611 2601 2718 
f 2723 2841 2843 2708 
f 2720 2715 2611 
f 2676 2678 2610 1 
f 2651 2654 2931 
f 2654 2657 2931 
f 2657 2660 2933 2931 
f 2673 2667 2725 
f 2667 2643 2291 2725 
f 2715 2676 1 2611 
f 2839 2841 2723 2718 
f 2705 2708 2843 2837 
f 2682 2725 2569 2909 
f 2682 2673 2725 
f 2612 2610 2678 2712 
s 2
f 2646 2642 2620 2613 
f 2649 2646 2613 2614 
f 2652 2649 2614 2615 
f 2655 2652 2615 2616 
f 2658 2655 2616 2617 
f 2661 2658 2617 2618 
f 2664 2661 2618 2621 
f 2642 2666 2619 2620 
f 2670 2664 2621 2629 
f 2666 2672 2622 2619 
f 2679 2675 2638 2639 
f 2672 2680 2623 2622 
f 2680 2684 2624 2623 
f 2684 2687 2625 2624 
f 2687 2690 2626 2625 
f 2690 2693 2627 2626 
f 2693 2696 2628 2627 
f 2700 2670 2629 2630 
f 2703 2700 2630 2631 
f 2706 2703 2631 2632 
f 2709 2706 2632 2636 
f 2696 2711 2633 2628 
f 2711 2679 2639 2633 
f 2675 2714 2634 2638 
f 2721 2717 2635 2640 
f 2724 2709 2636 2637 
f 2717 2724 2637 2635 
f 2714 2721 2640 2634 
f 2908 2935 2917 2919 
f 2606 2903 2923 2924 
f 2912 2908 2919 2926 
f 2915 2912 2926 2929 
f 2903 2915 2929 2923 
s 1
f 2645 2643 2641 2644 
f 2648 2645 2644 2647 
f 2651 2648 2647 2650 
f 2663 2660 2659 2662 
f 2669 2663 2662 2668 
f 2694 2697 2695 2692 
f 2682 2685 2683 2681 
f 2688 2691 2689 2686 
f 2691 2694 2692 2689 
f 2699 2669 2668 2698 
f 2702 2699 2698 2701 
f 2705 2702 2701 2704 
f 2720 2718 2716 2719 
f 2723 2708 2707 2722 
f 2715 2720 2719 2713 
f 2678 2676 2674 2677 
f 2654 2651 2650 2653 
f 2657 2654 2653 2656 
f 2660 2657 2656 2659 
f 2667 2673 2671 2665 
f 2643 2667 2665 2641 
f 2676 2715 2713 2674 
f 2718 2723 2722 2716 
f 2708 2705 2704 2707 
f 2673 2682 2681 2671 
f 2685 2688 2686 2683 
f 2712 2678 2677 2710 
f 2697 2712 2710 2695 
s 2
f 2642 2646 2644 2641 
f 2646 2649 2647 2644 
f 2649 2652 2650 2647 
f 2652 2655 2653 2650 
f 2655 2658 2656 2653 
f 2658 2661 2659 2656 
f 2661 2664 2662 2659 
f 2666 2642 2641 2665 
f 2664 2670 2668 2662 
f 2672 2666 2665 2671 
f 2675 2679 2677 2674 
f 2680 2672 2671 2681 
f 2684 2680 2681 2683 
f 2687 2684 2683 2686 
f 2690 2687 2686 2689 
f 2693 2690 2689 2692 
f 2696 2693 2692 2695 
f 2670 2700 2698 2668 
f 2700 2703 2701 2698 
f 2703 2706 2704 2701 
f 2706 2709 2707 2704 
f 2711 2696 2695 2710 
f 2679 2711 2710 2677 
f 2714 2675 2674 2713 
f 2717 2721 2719 2716 
f 2709 2724 2722 2707 
f 2724 2717 2716 2722 
f 2721 2714 2713 2719 
s 1
f 2828 2826 2817 2816 
f 2826 2830 2818 2817 
f 2830 2832 2819 2818 
f 2832 2834 2820 2819 
f 2834 2836 2821 2820 
f 2838 2600 2599 2824 
f 2842 2840 2823 2822 
f 2932 2828 2816 2825 
f 2840 2838 2824 2823 
f 2836 2842 2822 2821 
f 2845 2847 2797 2796 
f 2847 2849 2798 2797 
f 2849 2851 2799 2798 
f 2851 2853 2800 2799 
f 2853 2855 2801 2800 
f 2857 2602 2597 2804 
f 2859 2861 2803 2802 
f 2286 2845 2796 2805 
f 2861 2857 2804 2803 
f 2855 2859 2802 2801 
f 2863 2865 2882 2884 
f 2865 2867 2886 2882 
f 2867 2869 2888 2886 
f 2869 2871 2890 2888 
f 2871 2873 2892 2890 
f 2875 2603 2605 2895 
f 2877 2879 2897 2899 
f 2287 2863 2884 2901 
f 2879 2875 2895 2897 
f 2873 2877 2899 2892 
f 2883 2881 2756 2755 
f 2881 2885 2757 2756 
f 2885 2887 2758 2757 
f 2887 2889 2759 2758 
f 2889 2891 2760 2759 
f 2894 2893 2764 2763 
f 2898 2896 2762 2761 
f 2900 2883 2755 2765 
f 2896 2894 2763 2762 
f 2891 2898 2761 2760 
f 2726 2727 2767 2766 
f 2727 2728 2768 2767 
f 2728 2729 2769 2768 
f 2729 2730 2770 2769 
f 2730 2731 2771 2770 
f 2734 2591 2594 2774 
f 2732 2733 2773 2772 
f 2735 2726 2766 2775 
f 2733 2734 2774 2773 
f 2731 2732 2772 2771 
f 2736 2737 2777 2776 
f 2737 2738 2778 2777 
f 2738 2739 2779 2778 
f 2739 2740 2780 2779 
f 2740 2741 2781 2780 
f 2744 2592 2595 2784 
f 2742 2743 2783 2782 
f 2285 2736 2776 2785 
f 2743 2744 2784 2783 
f 2741 2742 2782 2781 
f 2756 2727 2726 2755 
f 2757 2728 2727 2756 
f 2758 2729 2728 2757 
f 2759 2730 2729 2758 
f 2760 2731 2730 2759 
f 2764 2591 2734 2763 
f 2762 2733 2732 2761 
f 2755 2726 2735 2765 
f 2763 2734 2733 2762 
f 2761 2732 2731 2760 
f 2767 2737 2736 2766 
f 2768 2738 2737 2767 
f 2769 2739 2738 2768 
f 2770 2740 2739 2769 
f 2771 2741 2740 2770 
f 2594 2592 2744 2774 
f 2773 2743 2742 2772 
f 2766 2736 2285 2775 
f 2774 2744 2743 2773 
f 2772 2742 2741 2771 
f 2777 2746 2745 2776 
f 2778 2747 2746 2777 
f 2779 2748 2747 2778 
f 2780 2749 2748 2779 
f 2781 2750 2749 2780 
f 2595 2593 2753 2784 
f 2783 2752 2751 2782 
f 2776 2745 2754 2785 
f 2784 2753 2752 2783 
f 2782 2751 2750 2781 
f 2787 2807 2806 2786 
f 2788 2808 2807 2787 
f 2789 2809 2808 2788 
f 2790 2810 2809 2789 
f 2791 2811 2810 2790 
f 2596 2598 2814 2794 
f 2793 2813 2812 2792 
f 2786 2806 2815 2795 
f 2794 2814 2813 2793 
f 2792 2812 2811 2791 
f 2797 2787 2786 2796 
f 2798 2788 2787 2797 
f 2799 2789 2788 2798 
f 2800 2790 2789 2799 
f 2801 2791 2790 2800 
f 2597 2596 2794 2804 
f 2803 2793 2792 2802 
f 2796 2786 2795 2805 
f 2804 2794 2793 2803 
f 2802 2792 2791 2801 
f 2807 2866 2864 2806 
f 2808 2868 2866 2807 
f 2809 2870 2868 2808 
f 2810 2872 2870 2809 
f 2811 2874 2872 2810 
f 2598 2604 2876 2814 
f 2813 2880 2878 2812 
f 2806 2864 2288 2815 
f 2814 2876 2880 2813 
f 2812 2878 2874 2811 
f 2817 2846 2844 2816 
f 2818 2848 2846 2817 
f 2819 2850 2848 2818 
f 2820 2852 2850 2819 
f 2821 2854 2852 2820 
f 2599 241 2856 2824 
f 2823 2860 2858 2822 
f 2816 2844 2862 2825 
f 2824 2856 2860 2823 
f 2822 2858 2854 2821 
f 2829 2827 2826 2828 
f 2827 2831 2830 2826 
f 2831 2833 2832 2830 
f 2833 2835 2834 2832 
f 2835 2837 2836 2834 
f 2839 2601 2600 2838 
f 2843 2841 2840 2842 
f 2933 2829 2828 2932 
f 2841 2839 2838 2840 
f 2837 2843 2842 2836 
f 2847 2845 2844 2846 
f 2849 2847 2846 2848 
f 2851 2849 2848 2850 
f 2853 2851 2850 2852 
f 2855 2853 2852 2854 
f 2602 2857 2856 241 
f 2861 2859 2858 2860 
f 2845 2286 2862 2844 
f 2857 2861 2860 2856 
f 2859 2855 2854 2858 
f 2864 2866 2865 2863 
f 2866 2868 2867 2865 
f 2868 2870 2869 2867 
f 2870 2872 2871 2869 
f 2872 2874 2873 2871 
f 2876 2604 2603 2875 
f 2878 2880 2879 2877 
f 2288 2864 2863 2287 
f 2880 2876 2875 2879 
f 2874 2878 2877 2873 
f 2884 2882 2881 2883 
f 2882 2886 2885 2881 
f 2886 2888 2887 2885 
f 2888 2890 2889 2887 
f 2890 2892 2891 2889 
f 2895 2605 2893 2894 
f 2899 2897 2896 2898 
f 2901 2884 2883 2900 
f 2897 2895 2894 2896 
f 2892 2899 2898 2891 
f 2906 2904 2902 2905 
f 2911 2909 2907 2910 
f 2914 2911 2910 2913 
f 2904 2914 2913 2902 
f 2909 2569 2934 2907 
s 2
f 2935 2908 2907 2934 
f 2903 2606 2905 2902 
f 2908 2912 2910 2907 
f 2912 2915 2913 2910 
f 2915 2903 2902 2913 
s 1
f 2920 2289 1958 
f 2608 2922 1958 
f 2927 2920 1958 
f 2930 2927 1958 
f 2922 2930 1958 
s 2
f 2919 2917 2916 2918 
f 2924 2923 2921 2607 
f 2926 2919 2918 2925 
f 2929 2926 2925 2928 
f 2923 2929 2928 2921 
s 1
f 2289 2920 2918 2916 
f 2922 2608 2607 2921 
f 2920 2927 2925 2918 
f 2927 2930 2928 2925 
f 2930 2922 2921 2928 
f 2601 2839 2718 
f 2660 2829 2933 
f 2906 2612 2712 2697 
f 2688 2685 2911 
f 4506 4508 3964 3983 
f 4510 4755 4756 3965 
f 4512 4510 3965 3966 
f 4514 4512 3966 3967 
f 4516 4514 3967 3968 
f 4518 4516 3968 3969 
f 4520 4518 3969 3970 
f 4522 4520 3970 3971 
f 4524 4522 3971 3972 
f 4526 4524 3972 3973 
f 4528 4526 3973 3974 
f 4530 4528 3974 3975 
f 4532 4530 3975 3976 
f 4534 4532 3976 3977 
f 4536 4534 3977 3978 
f 4538 4536 3978 3979 
f 4508 4538 3979 3964 
f 4786 4541 3980 4789 
f 4541 4543 3981 3980 
f 4543 4545 3982 3981 
f 4545 4506 3983 3982 
s 2
f 6675 6677 6579 6581 
f 6675 6581 6584 6681 
f 6590 6684 6686 6588 
f 6593 6690 6684 6590 
f 6596 6693 6690 6593 
f 6599 6696 6693 6596 
f 6602 6699 6696 6599 
f 6605 6702 6699 6602 
f 6608 6705 6702 6605 
f 6611 6708 6705 6608 
f 6614 6711 6708 6611 
f 6614 6617 6714 6711 
f 6617 6620 6717 6714 
f 6620 6623 6720 6717 
f 6626 6723 6720 6623 
f 6579 6677 6723 6626 
s 1
f 4005 4007 3024 2940 
f 4009 4011 3325 2941 
f 4013 4009 2941 2942 
f 4015 4017 3100 2943 
f 4019 4021 3645 2944 
f 4023 4025 2938 2939 
f 4027 4029 3646 2945 
f 4025 4031 2996 2938 
f 4033 4035 2992 2937 
f 4037 4071 4073 2936 
f 4039 4041 3647 2946 
f 4043 4045 3008 2947 
f 4047 4043 2947 2948 
f 4049 4047 2948 2949 
f 4842 4049 2949 4843 
f 2940 3024 3025 2954 
f 2941 3325 3326 2955 
f 2942 2941 2955 2956 
f 2943 3100 3101 2957 
f 2944 3645 3648 2958 
f 2939 2938 2952 2953 
f 2945 3646 3649 2959 
f 2938 2996 2997 2952 
f 2937 2992 2993 2951 
f 2936 4073 4075 2950 
f 2946 3647 3650 2960 
f 2947 3008 3012 2961 
f 2948 2947 2961 2962 
f 2949 2948 2962 2963 
f 4843 2949 2963 3910 
f 2954 3025 3026 2968 
f 2955 3326 3327 2969 
f 2956 2955 2969 2970 
f 2957 3101 3102 2971 
f 2958 3648 3651 2972 
f 2953 2952 2966 2967 
f 2959 3649 3652 2973 
f 2952 2997 2998 2966 
f 2951 2993 2994 2965 
f 2950 4075 4077 2964 
f 2960 3650 3653 2974 
f 2961 3012 3016 2975 
f 2962 2961 2975 2976 
f 2963 2962 2976 2977 
f 3910 2963 2977 3785 
f 2968 3026 3027 2982 
f 2969 3327 3328 2983 
f 2970 2969 2983 2984 
f 2971 3102 3103 2985 
f 2972 3651 3654 2986 
f 2967 2966 2980 2981 
f 2973 3652 3655 2987 
f 2966 2998 2999 2980 
f 2965 2994 2995 2979 
f 2964 4077 4079 2978 
f 2974 3653 3656 2988 
f 2975 3016 3020 2989 
f 2976 2975 2989 2990 
f 2977 2976 2990 2991 
f 3785 2977 2991 3786 
f 2982 3027 4221 4223 
f 2983 3328 4225 4227 
f 2984 2983 4227 4229 
f 2985 3103 4231 4233 
f 2986 3654 4235 4237 
f 2981 2980 4239 4241 
f 2987 3655 4243 4245 
f 2980 2999 4247 4239 
f 2979 2995 4249 4251 
f 2978 4079 4253 4255 
f 2988 3656 4257 4259 
f 2989 3020 4261 4263 
f 2990 2989 4263 4265 
f 2991 2990 4265 4267 
f 3786 2991 4267 4269 
f 4035 4037 2936 2992 
f 2992 2936 2950 2993 
f 2993 2950 2964 2994 
f 2994 2964 2978 2995 
f 2995 2978 4255 4249 
f 4031 4033 2937 2996 
f 2996 2937 2951 2997 
f 2997 2951 2965 2998 
f 2998 2965 2979 2999 
f 2999 2979 4251 4247 
f 4022 4006 3595 3578 
f 4004 4010 3597 3579 
f 4008 4012 3581 3580 
f 4012 4016 3596 3581 
f 4014 4052 3771 3582 
f 4024 4022 3578 3577 
f 4018 4056 3772 3583 
f 4030 4024 3577 3590 
f 4034 4032 3576 3589 
f 4036 3575 4081 4083 
f 4026 4060 3773 3584 
f 4038 4062 3774 3585 
f 4042 4046 3587 3586 
f 4046 4048 3588 3587 
f 4048 4988 3787 3588 
f 4036 4034 3589 3575 
f 4032 4030 3590 3576 
f 4051 4053 3627 3005 
f 4055 4057 3628 3006 
f 4059 4061 3629 3007 
f 4045 4063 3630 3008 
f 3005 3627 3631 3009 
f 3006 3628 3632 3010 
f 3007 3629 3633 3011 
f 3008 3630 3634 3012 
f 3009 3631 3635 3013 
f 3010 3632 3636 3014 
f 3011 3633 3637 3015 
f 3012 3634 3638 3016 
f 3013 3635 3639 3017 
f 3014 3636 3640 3018 
f 3015 3637 3641 3019 
f 3016 3638 3642 3020 
f 3017 3639 4271 4273 
f 3018 3640 4275 4277 
f 3019 3641 4279 4281 
f 3020 3642 4283 4261 
f 4050 4020 3775 3591 
f 4054 4028 3776 3592 
f 4058 4040 3777 3593 
f 4044 4042 3586 3594 
f 3022 3644 4332 4334 
f 3023 3002 4336 4338 
f 3002 3003 4340 4336 
f 3003 3004 4342 4340 
f 3004 5057 4344 4342 
f 3000 3658 4345 4347 
f 3001 3659 4349 4351 
f 4360 4362 3458 3463 
f 4362 4364 3469 3458 
f 4366 4368 3750 3460 
f 3021 3643 4353 4355 
f 4370 4372 3751 3459 
f 3657 4357 4378 
f 4307 4447 4449 
f 4374 4376 3473 3462 
f 4007 4023 2939 3024 
f 3024 2939 2953 3025 
f 3025 2953 2967 3026 
f 3026 2967 2981 3027 
f 3027 2981 4241 4221 
f 4006 4004 3579 3595 
f 4447 4374 3462 3464 
f 3487 3491 4450 4448 
f 3491 3493 4452 4450 
f 4380 4382 3468 3466 
f 4384 4380 3466 3467 
f 4382 4386 3500 3468 
f 4389 4391 3715 3303 
f 4393 4395 3300 3304 
f 4395 4397 3301 3300 
f 4397 4399 3302 3301 
f 4399 5121 3320 3302 
f 4402 4404 3716 3308 
f 4406 4408 3717 3299 
f 4410 4412 3305 3313 
f 4412 4414 3324 3305 
f 4416 4418 3718 3309 
f 4420 4422 3719 3310 
f 4424 4426 3720 3306 
f 4428 4430 3721 3307 
f 4432 4434 3312 3314 
f 4434 4436 3340 3312 
f 4438 4432 3314 3311 
f 4440 4438 3311 3315 
f 4385 4440 3315 3318 
f 4383 4381 3317 3319 
f 4381 4385 3318 3317 
f 4387 4383 3319 3316 
f 4442 4444 3322 3323 
f 3032 3660 3667 3053 
f 3033 3029 3050 3054 
f 3029 3030 3051 3050 
f 3030 3031 3052 3051 
f 3031 5186 5187 3052 
f 3037 3661 3668 3058 
f 3028 3662 3669 3049 
f 3042 3034 3055 3063 
f 3034 3104 3105 3055 
f 3038 3663 3670 3059 
f 3039 3664 3671 3060 
f 3035 3665 3672 3056 
f 3036 3666 3673 3057 
f 3043 3041 3062 3064 
f 3041 3329 3330 3062 
f 3040 3043 3064 3061 
f 3044 3040 3061 3065 
f 3047 3044 3065 3068 
f 3048 3046 3067 3069 
f 3046 3047 3068 3067 
f 3045 3048 3069 3066 
f 3093 3092 3095 3096 
f 3053 3667 3708 3278 
f 3054 3050 3275 3279 
f 3050 3051 3276 3275 
f 3051 3052 3277 3276 
f 3052 5187 5246 3277 
f 3058 3668 3709 3283 
f 3049 3669 3710 3274 
f 3063 3055 3280 3288 
f 3055 3105 3298 3280 
f 3059 3670 3711 3284 
f 3060 3671 3712 3285 
f 3056 3672 3713 3281 
f 3057 3673 3714 3282 
f 3064 3062 3287 3289 
f 3062 3330 3339 3287 
f 3061 3064 3289 3286 
f 3065 3061 3286 3290 
f 3068 3065 3290 3293 
f 3069 3067 3292 3294 
f 3067 3068 3293 3292 
f 3066 3069 3294 3291 
f 3096 3095 3296 3297 
f 3074 3674 3692 3180 
f 3075 3071 3177 3181 
f 3071 3072 3178 3177 
f 3072 3073 3179 3178 
f 3073 3911 5285 3179 
f 3079 3675 3693 3185 
f 3070 3676 3694 3176 
f 3084 3076 3182 3190 
f 3076 3106 3200 3182 
f 3080 3677 3695 3186 
f 3081 3678 3696 3187 
f 3077 3679 3697 3183 
f 3078 3680 3698 3184 
f 3085 3083 3189 3191 
f 3083 3331 3335 3189 
f 3082 3085 3191 3188 
f 3086 3082 3188 3192 
f 3089 3086 3192 3195 
f 3090 3088 3194 3196 
f 3088 3089 3195 3194 
f 3087 3090 3196 3193 
f 3099 3098 3198 3273 
f 4446 4387 3316 3321 
f 4444 4446 3321 3322 
f 4707 4733 4702 3093 
f 3091 3045 3066 3094 
f 3092 3091 3094 3095 
f 3096 4739 4705 3093 
f 3094 3066 3291 3295 
f 3095 3094 3295 3296 
f 3099 5348 5349 3297 
f 3097 3087 3193 3197 
f 3098 3097 3197 3198 
f 4469 5353 3909 3887 
f 4017 4013 2942 3100 
f 3100 2942 2956 3101 
f 3101 2956 2970 3102 
f 3102 2970 2984 3103 
f 3103 2984 4229 4231 
f 4016 4014 3582 3596 
f 4364 4370 3459 3469 
f 4414 4424 3306 3324 
f 3104 3035 3056 3105 
f 3105 3056 3281 3298 
f 3106 3077 3183 3200 
f 4386 4445 3470 3500 
f 4445 4443 3471 3470 
f 4443 4441 3472 3471 
f 4441 4695 4696 3472 
f 3682 3201 3205 3110 
f 3107 3202 3206 3111 
f 3108 3203 3202 3107 
f 3109 3204 3203 3108 
f 5375 3220 3204 3109 
f 3110 3205 3209 3681 
f 3111 3206 3201 3682 
f 3112 3207 3213 3117 
f 3127 3224 3207 3112 
f 3683 3208 3699 3113 
f 3681 3209 3210 3114 
f 3114 3210 3208 3683 
f 3116 3212 3214 3118 
f 3117 3213 3336 3332 
f 3118 3214 3211 3115 
f 3115 3211 3215 3119 
f 3119 3215 3218 3122 
f 3121 3217 3219 3123 
f 3122 3218 3217 3121 
f 3123 3219 3216 3120 
f 3125 3222 3225 3126 
f 3120 3216 3221 3124 
f 3124 3221 3222 3125 
f 5414 5415 3223 3126 
f 3113 3699 3224 3127 
f 3912 3913 3225 3128 
f 3129 3226 3230 3133 
f 3130 3227 3231 3134 
f 3131 3228 3227 3130 
f 3132 3229 3228 3131 
f 5430 5431 3229 3132 
f 3133 3230 3234 3137 
f 3134 3231 3226 3129 
f 3135 3232 3238 3141 
f 3150 3247 3232 3135 
f 3136 3233 3700 3684 
f 3137 3234 3235 3138 
f 3138 3235 3233 3136 
f 3140 3237 3239 3142 
f 3141 3238 3337 3333 
f 3142 3239 3236 3139 
f 3139 3236 3240 3143 
f 3143 3240 3243 3146 
f 3145 3242 3244 3147 
f 3146 3243 3242 3145 
f 3147 3244 3241 3144 
f 3149 3246 3199 3128 
f 3144 3241 3245 3148 
f 3148 3245 3246 3149 
f 3684 3700 3247 3150 
f 3151 3248 3701 3685 
f 3152 3249 3253 3156 
f 3153 3250 3249 3152 
f 3154 3251 3250 3153 
f 3914 3269 3251 3154 
f 3155 3252 3702 3686 
f 3156 3253 3703 3687 
f 3157 3254 3262 3165 
f 3174 3272 3254 3157 
f 3159 3256 3704 3688 
f 3160 3257 3705 3689 
f 3161 3258 3706 3690 
f 3162 3259 3707 3691 
f 3164 3261 3263 3166 
f 3165 3262 3338 3334 
f 3166 3263 3260 3163 
f 3163 3260 3264 3167 
f 3167 3264 3267 3170 
f 3169 3266 3268 3171 
f 3170 3267 3266 3169 
f 3171 3268 3265 3168 
f 3173 3271 3223 3175 
f 3168 3265 3270 3172 
f 3172 3270 3271 3173 
f 3158 3255 3272 3174 
f 5534 3915 3273 3175 
f 3176 3151 3685 3692 
f 3177 3152 3156 3181 
f 3178 3153 3152 3177 
f 3179 3154 3153 3178 
f 5285 3914 3154 3179 
f 3180 3155 3686 3693 
f 3181 3156 3687 3694 
f 3182 3157 3165 3190 
f 3200 3174 3157 3182 
f 3184 3159 3688 3695 
f 3185 3160 3689 3696 
f 3186 3161 3690 3697 
f 3187 3162 3691 3698 
f 3189 3164 3166 3191 
f 3190 3165 3334 3335 
f 3191 3166 3163 3188 
f 3188 3163 3167 3192 
f 3192 3167 3170 3195 
f 3194 3169 3171 3196 
f 3195 3170 3169 3194 
f 3196 3171 3168 3193 
f 3198 3173 3175 3273 
f 3193 3168 3172 3197 
f 3197 3172 3173 3198 
f 5535 3912 3128 3199 
f 3183 3158 3174 3200 
f 3201 3129 3133 3205 
f 3202 3130 3134 3206 
f 3203 3131 3130 3202 
f 3204 3132 3131 3203 
f 3220 5430 3132 3204 
f 3205 3133 3137 3209 
f 3206 3134 3129 3201 
f 3207 3135 3141 3213 
f 3224 3150 3135 3207 
f 3208 3136 3684 3699 
f 3209 3137 3138 3210 
f 3210 3138 3136 3208 
f 3212 3140 3142 3214 
f 3213 3141 3333 3336 
f 3214 3142 3139 3211 
f 3211 3139 3143 3215 
f 3215 3143 3146 3218 
f 3217 3145 3147 3219 
f 3218 3146 3145 3217 
f 3219 3147 3144 3216 
f 3222 3149 3128 3225 
f 3216 3144 3148 3221 
f 3221 3148 3149 3222 
f 5415 5534 3175 3223 
f 3699 3684 3150 3224 
f 3913 5414 3126 3225 
f 3226 3888 3892 3230 
f 3227 3889 3893 3231 
f 3228 3890 3889 3227 
f 3229 3891 3890 3228 
f 5431 5542 3891 3229 
f 3230 3892 3895 3234 
f 3231 3893 3888 3226 
f 3232 3906 3899 3238 
f 3247 3906 3232 
f 3233 3894 3908 3700 
f 3234 3895 3896 3235 
f 3235 3896 3894 3233 
f 3237 3898 3239 
f 3238 3899 3907 3337 
f 3239 3898 3897 3236 
f 3236 3897 3900 3240 
f 3240 3900 3243 
f 3242 3902 3903 3244 
f 3243 3900 3902 3242 
f 3244 3903 3901 3241 
f 3246 3905 3887 3199 
f 3241 3901 3904 3245 
f 3245 3904 3905 3246 
f 3700 3908 3906 3247 
f 3248 3682 3701 
f 3249 3107 3111 3253 
f 3250 3108 3107 3249 
f 3251 3109 3108 3250 
f 3269 5375 3109 3251 
f 3252 3110 3681 3702 
f 3253 3111 3682 3703 
f 3254 3112 3117 3262 
f 3272 3127 3112 3254 
f 3256 3683 3704 
f 3257 3681 3705 
f 3258 3113 3706 
f 3259 3114 3683 3707 
f 3261 3116 3118 3263 
f 3262 3117 3332 3338 
f 3263 3118 3115 3260 
f 3260 3115 3119 3264 
f 3264 3119 3122 3267 
f 3266 3121 3123 3268 
f 3267 3122 3121 3266 
f 3268 3123 3120 3265 
f 3271 3125 3126 3223 
f 3265 3120 3124 3270 
f 3270 3124 3125 3271 
f 3255 3113 3127 3272 
f 3915 5348 3099 3273 
f 3274 3070 3674 3708 
f 3275 3071 3075 3279 
f 3276 3072 3071 3275 
f 3277 3073 3072 3276 
f 5246 3911 3073 3277 
f 3278 3074 3675 3709 
f 3279 3075 3676 3710 
f 3280 3076 3084 3288 
f 3298 3106 3076 3280 
f 3282 3078 3677 3711 
f 3283 3079 3678 3712 
f 3284 3080 3679 3713 
f 3285 3081 3680 3714 
f 3287 3083 3085 3289 
f 3288 3084 3331 3339 
f 3289 3085 3082 3286 
f 3286 3082 3086 3290 
f 3290 3086 3089 3293 
f 3292 3088 3090 3294 
f 3293 3089 3088 3292 
f 3294 3090 3087 3291 
f 3296 3098 3099 3297 
f 3291 3087 3097 3295 
f 3295 3097 3098 3296 
f 5349 4694 3096 3297 
f 3281 3077 3106 3298 
f 3299 3028 3660 3715 
f 3300 3029 3033 3304 
f 3301 3030 3029 3300 
f 3302 3031 3030 3301 
f 3320 5186 3031 3302 
f 3303 3032 3661 3716 
f 3304 3033 3662 3717 
f 3305 3034 3042 3313 
f 3324 3104 3034 3305 
f 3307 3036 3663 3718 
f 3308 3037 3664 3719 
f 3309 3038 3665 3720 
f 3310 3039 3666 3721 
f 3312 3041 3043 3314 
f 3313 3042 3329 3340 
f 3314 3043 3040 3311 
f 3311 3040 3044 3315 
f 3315 3044 3047 3318 
f 3317 3046 3048 3319 
f 3318 3047 3046 3317 
f 3319 3048 3045 3316 
f 3322 3092 4702 3323 
f 3316 3045 3091 3321 
f 3321 3091 3092 3322 
f 4713 5559 4716 
f 3306 3035 3104 3324 
f 4011 4005 2940 3325 
f 3325 2940 2954 3326 
f 3326 2954 2968 3327 
f 3327 2968 2982 3328 
f 3328 2982 4223 4225 
f 4010 4008 3580 3597 
f 4376 4360 3463 3473 
f 4436 4410 3313 3340 
f 3329 3042 3063 3330 
f 3330 3063 3288 3339 
f 3331 3084 3190 3335 
f 3336 3212 3116 3332 
f 3337 3237 3140 3333 
f 3338 3261 3164 3334 
f 3334 3164 3189 3335 
f 3333 3140 3212 3336 
f 4471 4473 3898 3907 
f 3332 3116 3261 3338 
f 3331 3083 3287 3339 
f 3329 3041 3312 3340 
f 3623 4064 4082 4080 
f 4084 4086 3556 3568 
f 4072 4070 4065 3547 
f 4074 4072 3547 3548 
f 4076 4074 3548 3549 
f 4078 4076 3549 3550 
f 4287 4078 3550 4285 
f 3573 4088 4286 4284 
f 4220 4240 3367 3384 
f 4224 4222 3368 3386 
f 4228 4226 3369 3370 
f 4230 4228 3370 3385 
f 4272 4270 3729 3380 
f 4240 4238 3366 3367 
f 4276 4274 3730 3381 
f 4246 4250 3365 3379 
f 4248 4254 3364 3378 
f 4254 4252 4089 3364 
f 4280 4278 3731 3382 
f 4260 4282 3732 3383 
f 4264 4262 3375 3376 
f 4266 4264 3376 3377 
f 4268 4266 3377 5635 
f 4250 4248 3378 3365 
f 4238 4246 3379 3366 
f 4236 4234 3733 3372 
f 4244 4242 3734 3373 
f 4258 4256 3735 3374 
f 4262 4260 3383 3375 
f 4222 4220 3384 3368 
f 4232 4230 3385 3371 
f 4226 4224 3386 3369 
f 3344 3390 3407 3361 
f 3345 3391 3409 3363 
f 3346 3392 3393 3347 
f 3347 3393 3408 3362 
f 3348 3394 3736 3722 
f 3343 3389 3390 3344 
f 3349 3395 3737 3723 
f 3342 3388 3402 3356 
f 3341 3387 3401 3355 
f 4091 4093 3387 3341 
f 3350 3396 3738 3724 
f 3351 3397 3739 3725 
f 3352 3398 3399 3353 
f 3353 3399 3400 3354 
f 3354 3400 5698 5699 
f 3355 3401 3388 3342 
f 3356 3402 3389 3343 
f 3357 3403 3740 3726 
f 3358 3404 3741 3727 
f 3359 3405 3742 3728 
f 3360 3406 3398 3352 
f 3361 3407 3391 3345 
f 3362 3408 3394 3348 
f 3363 3409 3392 3346 
f 4304 3553 3551 
f 3367 3344 3361 3384 
f 3368 3345 3363 3386 
f 3369 3346 3347 3370 
f 3370 3347 3362 3385 
f 3371 3348 3722 3729 
f 3366 3343 3344 3367 
f 3372 3349 3723 3730 
f 3365 3342 3356 3379 
f 3364 3341 3355 3378 
f 4089 4091 3341 3364 
f 3373 3350 3724 3731 
f 3374 3351 3725 3732 
f 3375 3352 3353 3376 
f 3376 3353 3354 3377 
f 3377 3354 5699 5635 
f 3378 3355 3342 3365 
f 3379 3356 3343 3366 
f 3380 3357 3726 3733 
f 3381 3358 3727 3734 
f 3382 3359 3728 3735 
f 3383 3360 3352 3375 
f 3384 3361 3345 3368 
f 3385 3362 3348 3371 
f 3386 3363 3346 3369 
f 3390 4148 4150 3407 
f 3391 4152 4154 3409 
f 3392 4156 4158 3393 
f 3393 4158 4160 3408 
f 3394 4162 4164 3736 
f 3389 4166 4148 3390 
f 3395 4168 4170 3737 
f 3388 4172 4174 3402 
f 3387 4176 4178 3401 
f 4093 4180 4176 3387 
f 3396 4182 4184 3738 
f 3397 4186 4188 3739 
f 3398 4190 4192 3399 
f 3399 4192 4194 3400 
f 3400 4194 4196 5698 
f 3401 4178 4172 3388 
f 3402 4174 4166 3389 
f 3403 4198 4200 3740 
f 3404 4202 4204 3741 
f 3405 4206 4208 3742 
f 3406 4210 4190 3398 
f 3407 4150 4152 3391 
f 3408 4160 4162 3394 
f 3409 4154 4156 3392 
f 4304 3551 3552 
f 4304 4212 3553 
f 4449 4451 4309 4307 
f 4094 4096 3789 3554 
f 4463 6695 3421 
f 4097 4095 3419 5758 
f 4098 4094 3554 3555 
f 4086 4098 3555 3556 
f 4117 4119 3558 3570 
f 3422 3423 3411 3410 
f 3416 3417 3414 3413 
f 3410 3411 3417 3416 
f 3413 3414 3420 3419 
f 3425 3426 3423 3422 
f 4119 4311 4313 3558 
f 4100 4084 3568 3559 
f 3428 3429 3426 3425 
f 4103 4315 4317 3428 
f 3424 4455 4457 3412 
f 3423 3424 3412 3411 
f 3410 4087 4085 3422 
f 3418 4459 4461 3415 
f 3417 3418 3415 3414 
f 3413 4099 3416 
f 3412 4457 4459 3418 
f 3411 3412 3418 3417 
f 3415 4461 4463 3421 
f 3414 3415 3421 3420 
f 3419 4095 4099 3413 
f 3427 4465 4455 3424 
f 3426 3427 3424 3423 
f 3422 4085 4101 3425 
f 3430 4453 4465 3427 
f 3429 3430 3427 3426 
f 3425 4101 4103 3428 
f 4319 4321 4453 3430 
f 4323 4319 3430 3429 
f 4317 4323 3429 3428 
f 3419 6722 6678 5758 
f 6695 6698 3421 
f 6698 6701 3421 
f 6701 6704 3420 3421 
f 6704 6707 3420 
f 6707 6710 3420 
f 3420 6710 6713 
f 3419 3420 6713 6716 
f 3419 6716 6719 
f 3419 6719 6722 
f 6674 6680 5758 
f 5758 6678 6674 
f 4352 3475 3752 4333 
f 4337 3476 3480 4339 
f 4341 3477 3476 4337 
f 4343 3478 3477 4341 
f 5816 3916 3478 4343 
f 4335 3479 3753 4346 
f 4339 3480 3754 4350 
f 4348 3482 3755 4354 
f 4356 3483 3756 4358 
f 3431 3484 3489 3436 
f 3442 3495 3484 3431 
f 3455 3507 3757 3743 
f 3433 3486 3758 3744 
f 3446 3499 3488 3435 
f 3435 3488 3490 3437 
f 3437 3490 3461 3434 
f 3434 3461 3465 3438 
f 3438 3465 3467 3440 
f 3441 3494 3492 3439 
f 3439 3492 3493 3440 
f 3447 3474 3494 3441 
f 3432 3485 3495 3442 
f 3443 3496 3474 3447 
f 3444 3497 3496 3443 
f 3445 3498 3497 3444 
f 3790 5870 4698 4699 
f 3436 3489 3499 3446 
f 3448 3501 3759 3745 
f 3449 3502 3506 3454 
f 3450 3503 3502 3449 
f 3451 3504 3503 3450 
f 3452 5885 3504 3451 
f 3453 3505 3760 3746 
f 3454 3506 3761 3747 
f 3456 3508 3762 3748 
f 3457 3509 3763 3749 
f 3458 3431 3436 3463 
f 3469 3442 3431 3458 
f 3481 3455 3743 3750 
f 3460 3433 3744 3751 
f 3473 3446 3435 3462 
f 3462 3435 3437 3464 
f 3464 3437 3434 3487 
f 3487 3434 3438 3491 
f 3491 3438 3440 3493 
f 3468 3441 3439 3466 
f 3466 3439 3440 3467 
f 3500 3447 3441 3468 
f 3459 3432 3442 3469 
f 3470 3443 3447 3500 
f 3471 3444 3443 3470 
f 3472 3445 3444 3471 
f 3788 3790 4699 4696 
f 3463 3436 3446 3473 
f 3475 3448 3745 3752 
f 3476 3449 3454 3480 
f 3477 3450 3449 3476 
f 3478 3451 3450 3477 
f 3916 3452 3451 3478 
f 3479 3453 3746 3753 
f 3480 3454 3747 3754 
f 3482 3456 3748 3755 
f 3483 3457 3749 3756 
f 3484 4411 4409 3489 
f 3495 4413 4411 3484 
f 3507 4427 4417 3757 
f 3486 4415 4425 3758 
f 3499 4435 4433 3488 
f 3488 4433 4431 3490 
f 3490 4431 4437 3461 
f 3461 4437 4439 3465 
f 3465 4439 4384 3467 
f 3494 4454 4464 3492 
f 3492 4464 4452 3493 
f 3474 4456 4454 3494 
f 3485 4423 4413 3495 
f 3496 4458 4456 3474 
f 3497 4460 4458 3496 
f 3498 4462 4460 3497 
f 5870 4466 4700 4698 
f 3489 4409 4435 3499 
f 3501 4405 4390 3759 
f 3502 4394 4392 3506 
f 3503 4396 4394 3502 
f 3504 4398 4396 3503 
f 5885 4400 4398 3504 
f 3505 4388 4403 3760 
f 3506 4392 4407 3761 
f 3508 4401 4421 3762 
f 3509 4419 4429 3763 
f 3530 3618 3601 3513 
f 3532 3620 3602 3514 
f 3516 3604 3603 3515 
f 3531 3619 3604 3516 
f 3526 3614 3778 3764 
f 3513 3601 3600 3512 
f 3527 3615 3779 3765 
f 3512 3600 3613 3525 
f 3511 3599 3612 3524 
f 3510 3598 4105 4107 
f 3528 3616 3780 3766 
f 3529 3617 3781 3767 
f 3522 3610 3609 3521 
f 3523 3611 3610 3522 
f 5982 5983 3611 3523 
f 3524 3612 3598 3510 
f 3525 3613 3599 3511 
f 3518 3606 3782 3768 
f 3519 3607 3783 3769 
f 3520 3608 3784 3770 
f 3521 3609 3617 3529 
f 3514 3602 3618 3530 
f 3517 3605 3619 3531 
f 3515 3603 3620 3532 
f 4106 4104 3624 3560 
f 3543 3571 3625 3621 
f 3539 3567 3557 3540 
f 4067 4069 3561 3533 
f 3533 3561 3562 3534 
f 3534 3562 3563 3535 
f 3535 3563 3564 3536 
f 3536 3564 4289 4291 
f 6022 3917 3565 3537 
f 3537 3565 3566 3538 
f 3538 3566 3567 3539 
f 3541 3569 3559 3542 
f 4325 4327 3569 3541 
f 3540 3557 3570 3542 
f 4324 4312 3626 3622 
f 3546 3574 3572 3544 
f 3544 3572 3573 3545 
f 4214 4216 3574 3546 
f 4290 4288 3552 3545 
f 3560 3543 3621 3623 
f 3556 3539 3540 3568 
f 4065 4067 3533 3547 
f 3547 3533 3534 3548 
f 3548 3534 3535 3549 
f 3549 3535 3536 3550 
f 3550 3536 4291 4285 
f 4284 4290 3545 3573 
f 3553 3546 3544 3551 
f 3551 3544 3545 3552 
f 4212 4214 3546 3553 
f 3789 6022 3537 3554 
f 3554 3537 3538 3555 
f 3555 3538 3539 3556 
f 3558 3541 3542 3570 
f 4313 4325 3541 3558 
f 3568 3540 3542 3559 
f 4326 4324 3622 3624 
f 3571 4121 4123 3625 
f 3567 4125 4127 3557 
f 4069 4129 4131 3561 
f 3561 4131 4133 3562 
f 3562 4133 4135 3563 
f 3563 4135 4137 3564 
f 3564 4137 4305 4289 
f 3917 6056 4140 3565 
f 3565 4140 4142 3566 
f 3566 4142 4125 3567 
f 3569 4102 4100 3559 
f 4327 4329 4102 3569 
f 3557 4127 4117 3570 
f 4312 4310 4144 3626 
f 3574 4092 4090 3572 
f 3572 4090 4088 3573 
f 4216 4218 4092 3574 
f 4288 4304 3552 
f 3595 3530 3513 3578 
f 3597 3532 3514 3579 
f 3581 3516 3515 3580 
f 3596 3531 3516 3581 
f 3591 3526 3764 3771 
f 3578 3513 3512 3577 
f 3592 3527 3765 3772 
f 3577 3512 3525 3590 
f 3576 3511 3524 3589 
f 3575 3510 4107 4081 
f 3593 3528 3766 3773 
f 3594 3529 3767 3774 
f 3587 3522 3521 3586 
f 3588 3523 3522 3587 
f 3787 5982 3523 3588 
f 3589 3524 3510 3575 
f 3590 3525 3511 3576 
f 3583 3518 3768 3775 
f 3584 3519 3769 3776 
f 3585 3520 3770 3777 
f 3586 3521 3529 3594 
f 3579 3514 3530 3595 
f 3582 3517 3531 3596 
f 3580 3515 3532 3597 
f 4080 4106 3560 3623 
f 3618 4377 4306 3601 
f 3620 4375 4373 3602 
f 3604 4361 4359 3603 
f 3619 4363 4361 3604 
f 3614 4365 4371 3778 
f 3601 4306 4308 3600 
f 3615 3021 3657 3779 
f 3600 4308 4320 3613 
f 3599 4318 4322 3612 
f 3598 4316 4314 4105 
f 3616 3022 3658 3780 
f 3617 3023 3659 3781 
f 3610 3003 3002 3609 
f 3611 3004 3003 3610 
f 5983 5057 3004 3611 
f 3612 4322 4316 3598 
f 3613 4320 4318 3599 
f 3606 4378 4367 3782 
f 3607 3000 3643 3783 
f 3608 3001 3644 3784 
f 3609 3002 3023 3617 
f 3602 4373 4377 3618 
f 3605 4369 4363 3619 
f 3603 4359 4375 3620 
f 4104 4328 4326 3624 
f 3625 4068 4066 3621 
f 3626 3571 3543 3622 
f 3621 4066 4064 3623 
f 3622 3543 3560 3624 
f 4123 4146 4068 3625 
f 4144 4121 3571 3626 
f 4021 4051 3005 3645 
f 4029 4055 3006 3646 
f 4041 4059 3007 3647 
f 3645 3005 3009 3648 
f 3646 3006 3010 3649 
f 3647 3007 3011 3650 
f 3648 3009 3013 3651 
f 3649 3010 3014 3652 
f 3650 3011 3015 3653 
f 3651 3013 3017 3654 
f 3652 3014 3018 3655 
f 3653 3015 3019 3656 
f 3654 3017 4273 4235 
f 3655 3018 4277 4243 
f 3656 3019 4281 4257 
f 4052 4050 3591 3771 
f 4056 4054 3592 3772 
f 4060 4058 3593 3773 
f 4062 4044 3594 3774 
f 4053 4015 2943 3627 
f 4057 4019 2944 3628 
f 4061 4027 2945 3629 
f 4063 4039 2946 3630 
f 3627 2943 2957 3631 
f 3628 2944 2958 3632 
f 3629 2945 2959 3633 
f 3630 2946 2960 3634 
f 3631 2957 2971 3635 
f 3632 2958 2972 3636 
f 3633 2959 2973 3637 
f 3634 2960 2974 3638 
f 3635 2971 2985 3639 
f 3636 2972 2986 3640 
f 3637 2973 2987 3641 
f 3638 2974 2988 3642 
f 3639 2985 4233 4271 
f 3640 2986 4237 4275 
f 3641 2987 4245 4279 
f 3642 2988 4259 4283 
f 4020 4018 3583 3775 
f 4028 4026 3584 3776 
f 4040 4038 3585 3777 
f 3644 3001 4351 4332 
f 3658 3022 4334 4345 
f 3659 3023 4338 4349 
f 4368 4379 3481 3750 
f 3643 3000 4347 4353 
f 4372 4366 3460 3751 
f 3657 3021 4355 4357 
f 4391 4406 3299 3715 
f 4404 4389 3303 3716 
f 4408 4393 3304 3717 
f 4418 4428 3307 3718 
f 4422 4402 3308 3719 
f 4426 4416 3309 3720 
f 4430 4420 3310 3721 
f 3660 3028 3049 3667 
f 3661 3032 3053 3668 
f 3662 3033 3054 3669 
f 3663 3036 3057 3670 
f 3664 3037 3058 3671 
f 3665 3038 3059 3672 
f 3666 3039 3060 3673 
f 3667 3049 3274 3708 
f 3668 3053 3278 3709 
f 3669 3054 3279 3710 
f 3670 3057 3282 3711 
f 3671 3058 3283 3712 
f 3672 3059 3284 3713 
f 3673 3060 3285 3714 
f 3674 3070 3176 3692 
f 3675 3074 3180 3693 
f 3676 3075 3181 3694 
f 3677 3078 3184 3695 
f 3678 3079 3185 3696 
f 3679 3080 3186 3697 
f 3680 3081 3187 3698 
f 3701 3252 3155 3685 
f 3702 3257 3160 3686 
f 3703 3248 3151 3687 
f 3704 3258 3161 3688 
f 3705 3259 3162 3689 
f 3706 3255 3158 3690 
f 3707 3256 3159 3691 
f 3685 3155 3180 3692 
f 3686 3160 3185 3693 
f 3687 3151 3176 3694 
f 3688 3161 3186 3695 
f 3689 3162 3187 3696 
f 3690 3158 3183 3697 
f 3691 3159 3184 3698 
f 3682 3110 3252 3701 
f 3681 3257 3702 
f 3682 3248 3703 
f 3683 3113 3258 3704 
f 3681 3114 3259 3705 
f 3113 3255 3706 
f 3683 3256 3707 
f 3674 3074 3278 3708 
f 3675 3079 3283 3709 
f 3676 3070 3274 3710 
f 3677 3080 3284 3711 
f 3678 3081 3285 3712 
f 3679 3077 3281 3713 
f 3680 3078 3282 3714 
f 3660 3032 3303 3715 
f 3661 3037 3308 3716 
f 3662 3028 3299 3717 
f 3663 3038 3309 3718 
f 3664 3039 3310 3719 
f 3665 3035 3306 3720 
f 3666 3036 3307 3721 
f 4270 4232 3371 3729 
f 4274 4236 3372 3730 
f 4278 4244 3373 3731 
f 4282 4258 3374 3732 
f 4234 4272 3380 3733 
f 4242 4276 3381 3734 
f 4256 4280 3382 3735 
f 3736 3403 3357 3722 
f 3737 3404 3358 3723 
f 3738 3405 3359 3724 
f 3739 3406 3360 3725 
f 3740 3395 3349 3726 
f 3741 3396 3350 3727 
f 3742 3397 3351 3728 
f 3722 3357 3380 3729 
f 3723 3358 3381 3730 
f 3724 3359 3382 3731 
f 3725 3360 3383 3732 
f 3726 3349 3372 3733 
f 3727 3350 3373 3734 
f 3728 3351 3374 3735 
f 4164 4198 3403 3736 
f 4170 4202 3404 3737 
f 4184 4206 3405 3738 
f 4188 4210 3406 3739 
f 4200 4168 3395 3740 
f 4204 4182 3396 3741 
f 4208 4186 3397 3742 
f 3752 3479 4335 4333 
f 3753 3482 4348 4346 
f 3754 3475 4352 4350 
f 3755 3483 4356 4354 
f 3756 3481 4379 4358 
f 3757 3486 3433 3743 
f 3758 3485 3432 3744 
f 3759 3505 3453 3745 
f 3760 3508 3456 3746 
f 3761 3501 3448 3747 
f 3762 3509 3457 3748 
f 3763 3507 3455 3749 
f 3743 3433 3460 3750 
f 3744 3432 3459 3751 
f 3745 3453 3479 3752 
f 3746 3456 3482 3753 
f 3747 3448 3475 3754 
f 3748 3457 3483 3755 
f 3749 3455 3481 3756 
f 4417 4415 3486 3757 
f 4425 4423 3485 3758 
f 4390 4388 3505 3759 
f 4403 4401 3508 3760 
f 4407 4405 3501 3761 
f 4421 4419 3509 3762 
f 4429 4427 3507 3763 
f 3778 3605 3517 3764 
f 3779 3606 3518 3765 
f 3780 3607 3519 3766 
f 3781 3608 3520 3767 
f 3782 3614 3526 3768 
f 3783 3615 3527 3769 
f 3784 3616 3528 3770 
f 3764 3517 3582 3771 
f 3765 3518 3583 3772 
f 3766 3519 3584 3773 
f 3767 3520 3585 3774 
f 3768 3526 3591 3775 
f 3769 3527 3592 3776 
f 3770 3528 3593 3777 
f 4371 4369 3605 3778 
f 3657 4378 3606 3779 
f 3658 3000 3607 3780 
f 3659 3001 3608 3781 
f 4367 4365 3614 3782 
f 3643 3021 3615 3783 
f 3644 3022 3616 3784 
f 3830 3831 3834 3835 
f 4109 4111 3811 3810 
f 3810 3811 3815 3814 
f 3814 3815 3819 3818 
f 3818 3819 3823 3822 
f 3822 3823 3827 3826 
f 3826 3827 3831 3830 
f 4110 4108 3798 3799 
f 3799 3798 3802 3803 
f 3803 3802 3806 3807 
f 3807 3806 4292 4294 
f 3838 3839 3835 3834 
f 3842 3843 3839 3838 
f 3846 3847 3843 3842 
f 3850 3851 3847 3846 
f 3854 3855 3851 3850 
f 3858 3859 3855 3854 
f 3862 3863 3859 3858 
f 3866 3867 3863 3862 
f 4197 4195 3865 6132 
f 3832 3794 3795 3833 
f 3831 3832 3833 3834 
f 3836 4151 4149 3829 
f 3835 3836 3829 3830 
f 4113 6140 3918 3812 
f 4111 4113 3812 3811 
f 3809 4177 4181 4116 
f 3810 3809 4116 4109 
f 3812 3918 6146 3816 
f 3811 3812 3816 3815 
f 3813 4179 4177 3809 
f 3814 3813 3809 3810 
f 3816 6146 3793 3820 
f 3815 3816 3820 3819 
f 3817 4173 4179 3813 
f 3818 3817 3813 3814 
f 3820 3793 6153 3824 
f 3819 3820 3824 3823 
f 3821 4175 4173 3817 
f 3822 3821 3817 3818 
f 3824 6153 6157 3828 
f 3823 3824 3828 3827 
f 3825 4167 4175 3821 
f 3826 3825 3821 3822 
f 3828 6157 3794 3832 
f 3827 3828 3832 3831 
f 3829 4149 4167 3825 
f 3830 3829 3825 3826 
f 4115 4219 4217 3797 
f 4108 4115 3797 3798 
f 3800 3791 4114 4112 
f 3799 3800 4112 4110 
f 3797 4217 4215 3801 
f 3798 3797 3801 3802 
f 3804 3792 3791 3800 
f 3803 3804 3800 3799 
f 3801 4215 4213 3805 
f 3802 3801 3805 3806 
f 3808 3919 3792 3804 
f 3807 3808 3804 3803 
f 3805 4213 4296 4298 
f 3806 3805 4298 4292 
f 4300 4302 3919 3808 
f 4294 4300 3808 3807 
f 3840 4153 4151 3836 
f 3839 3840 3836 3835 
f 3833 3795 3920 3837 
f 3834 3833 3837 3838 
f 3844 4155 4153 3840 
f 3843 3844 3840 3839 
f 3837 3920 6181 3841 
f 3838 3837 3841 3842 
f 3848 4157 4155 3844 
f 3847 3848 3844 3843 
f 3841 6181 6185 3845 
f 3842 3841 3845 3846 
f 3852 4159 4157 3848 
f 3851 3852 3848 3847 
f 3845 6185 6189 3849 
f 3846 3845 3849 3850 
f 3856 4161 4159 3852 
f 3855 3856 3852 3851 
f 3849 6189 3921 3853 
f 3850 3849 3853 3854 
f 3860 4163 4161 3856 
f 3859 3860 3856 3855 
f 3853 3921 3796 3857 
f 3854 3853 3857 3858 
f 3864 4165 4163 3860 
f 3863 3864 3860 3859 
f 3857 3796 6199 3861 
f 3858 3857 3861 3862 
f 3868 4199 4165 3864 
f 3867 3868 3864 3863 
f 3861 6199 6132 3865 
f 3862 3861 3865 3866 
f 4303 4301 3871 3922 
f 3922 3871 3872 3869 
f 3869 3872 3873 6207 
f 6207 3873 3874 3870 
f 3870 3874 4141 4139 
f 4301 4295 3875 3871 
f 3871 3875 3876 3872 
f 3872 3876 3877 3873 
f 3873 3877 3878 3874 
f 3874 3878 4143 4141 
f 4295 4293 3879 3875 
f 3879 3880 3882 3881 
f 3881 3882 3884 3883 
f 3883 3884 3886 3885 
f 3878 3885 4126 4143 
f 3880 4138 4136 3882 
f 3881 3876 3875 3879 
f 3882 4136 4134 3884 
f 3883 3877 3876 3881 
f 3884 4134 4132 4330 
f 3885 3878 3877 3883 
f 4293 4299 3880 3879 
f 4299 4297 4138 3880 
f 3886 4330 4120 4118 
f 4330 4331 4120 
f 3886 4118 4128 
f 3885 3886 4128 4126 
f 4209 4207 3868 
f 4207 4185 3868 
f 4185 4183 3868 
f 4183 4205 3868 
f 4205 4203 3868 
f 4203 4171 3868 
f 4171 4169 3868 
f 4169 4201 3868 
f 4201 4199 3868 
f 4189 4187 3867 
f 4187 4209 3868 3867 
f 4211 4189 3867 
f 4191 4211 3867 3866 
f 4193 4191 3866 
f 4195 4193 3866 3865 
f 4330 3886 3884 
f 4145 4331 4330 
f 4330 4122 4145 
f 4330 4124 4122 
f 4330 4147 4124 
f 4330 4132 4130 
f 3909 5535 3199 3887 
f 3888 4483 3892 
f 3889 4475 4477 3893 
f 3890 4479 4475 3889 
f 3891 4481 4479 3890 
f 5542 6261 4481 3891 
f 3893 4477 4483 3888 
f 3906 4487 4489 3899 
f 3894 4505 3908 
f 3899 4489 4471 3907 
f 3898 4473 4491 3897 
f 3897 4491 4493 3900 
f 3902 4495 4497 3903 
f 3900 4493 4495 3902 
f 3903 4497 4499 3901 
f 3905 4501 4469 3887 
f 3901 4499 4503 3904 
f 3904 4503 4501 3905 
f 3898 3237 3337 3907 
f 4505 4487 3906 3908 
f 4509 4507 4548 4550 
f 6276 4511 4552 6279 
f 4511 4513 4554 4552 
f 4513 4515 4556 4554 
f 4515 4517 4558 4556 
f 4517 4519 4560 4558 
f 4519 4521 4562 4560 
f 4521 4523 4564 4562 
f 4523 4525 4566 4564 
f 4525 4527 4568 4566 
f 4527 4529 4570 4568 
f 4529 4531 4572 4570 
f 4531 4533 4574 4572 
f 4533 4535 4576 4574 
f 4535 4537 4578 4576 
f 4537 4539 4580 4578 
f 4539 4509 4550 4580 
f 4542 4540 4582 4584 
f 4544 4542 4584 4586 
f 4546 4544 4586 4588 
f 4507 4546 4588 4548 
f 4549 4547 3942 3923 
f 6318 4551 3924 6321 
f 4551 4553 3925 3924 
f 4553 4555 3926 3925 
f 4555 4557 3927 3926 
f 4557 4559 3928 3927 
f 4559 4561 3929 3928 
f 4561 4563 3930 3929 
f 4563 4565 3931 3930 
f 4565 4567 3932 3931 
f 4567 4569 3933 3932 
f 4569 4571 3934 3933 
f 4571 4573 3935 3934 
f 4573 4575 3936 3935 
f 4575 4577 3937 3936 
f 4577 4579 3938 3937 
f 4579 4549 3923 3938 
f 4583 4581 6351 3939 
f 4585 4583 3939 3940 
f 4587 4585 3940 3941 
f 4547 4587 3941 3942 
f 4590 4592 4632 4634 
f 6361 4594 4638 4640 
f 4594 4596 4643 4638 
f 4596 4598 4646 4643 
f 4598 4600 4649 4646 
f 4600 4602 4652 4649 
f 4602 4604 4655 4652 
f 4604 4606 4658 4655 
f 4606 4608 4661 4658 
f 4608 4610 4664 4661 
f 4610 4612 4667 4664 
f 4612 4614 4670 4667 
f 4614 4616 4673 4670 
f 4616 4618 4676 4673 
f 4618 4620 4679 4676 
f 4620 4622 4682 4679 
f 4622 4590 4634 4682 
f 4624 4625 4684 4686 
f 4627 4624 4686 4689 
f 4629 4627 4689 4692 
f 4592 4629 4692 4632 
s 2
f 4635 4631 6400 
f 6401 4637 6400 
f 4637 4642 6400 
f 4642 4645 6400 
f 4645 4648 6400 
f 4648 4651 6400 
f 4651 4654 6400 
f 4654 4657 6400 
f 4657 4660 6400 
f 4660 4663 6400 
f 4663 4666 6400 
f 4666 4669 6400 
f 4669 4672 6400 
f 4672 4675 6400 
f 4675 4678 6400 
f 4678 4681 6400 
f 4681 4635 6400 
f 4687 6418 6400 
f 4690 4687 6400 
f 4693 4690 6400 
f 4631 4693 6400 
s 1
f 3942 4591 4589 3923 
f 3924 4593 6424 6321 
f 3925 4595 4593 3924 
f 3926 4597 4595 3925 
f 3927 4599 4597 3926 
f 3928 4601 4599 3927 
f 3929 4603 4601 3928 
f 3930 4605 4603 3929 
f 3931 4607 4605 3930 
f 3932 4609 4607 3931 
f 3933 4611 4609 3932 
f 3934 4613 4611 3933 
f 3935 4615 4613 3934 
f 3936 4617 4615 3935 
f 3937 4619 4617 3936 
f 3938 4621 4619 3937 
f 3923 4589 4621 3938 
f 6351 6439 4623 3939 
f 3939 4623 4626 3940 
f 3940 4626 4628 3941 
f 3941 4628 4591 3942 
f 3943 3984 4003 3962 
f 6447 6448 3985 3944 
f 3944 3985 3986 3945 
f 3945 3986 3987 3946 
f 3946 3987 3988 3947 
f 3947 3988 3989 3948 
f 3948 3989 3990 3949 
f 3949 3990 3991 3950 
f 3950 3991 3992 3951 
f 3951 3992 3993 3952 
f 3952 3993 3994 3953 
f 3953 3994 3995 3954 
f 3954 3995 3996 3955 
f 3955 3996 3997 3956 
f 3956 3997 3998 3957 
f 3957 3998 3999 3958 
f 3958 3999 3984 3943 
f 3959 4000 6481 3963 
f 3960 4001 4000 3959 
f 3961 4002 4001 3960 
f 3962 4003 4002 3961 
f 3964 3943 3962 3983 
f 4756 6447 3944 3965 
f 3965 3944 3945 3966 
f 3966 3945 3946 3967 
f 3967 3946 3947 3968 
f 3968 3947 3948 3969 
f 3969 3948 3949 3970 
f 3970 3949 3950 3971 
f 3971 3950 3951 3972 
f 3972 3951 3952 3973 
f 3973 3952 3953 3974 
f 3974 3953 3954 3975 
f 3975 3954 3955 3976 
f 3976 3955 3956 3977 
f 3977 3956 3957 3978 
f 3978 3957 3958 3979 
f 3979 3958 3943 3964 
f 3980 3959 3963 4789 
f 3981 3960 3959 3980 
f 3982 3961 3960 3981 
f 3983 3962 3961 3982 
f 3984 4482 4476 4003 
f 6448 6488 4468 3985 
f 3985 4468 3986 
f 3987 4500 4502 3988 
f 3988 4502 4498 3989 
f 3989 4498 4496 3990 
f 3990 4496 4494 3991 
f 3991 4494 4492 3992 
f 3992 4492 4490 3993 
f 3993 4490 4472 3994 
f 3994 4472 4470 3995 
f 3995 4470 4488 3996 
f 3996 4488 4486 3997 
f 3997 4486 4504 3998 
f 3998 4504 4484 3999 
f 3999 4484 4482 3984 
f 4000 4480 6504 6481 
f 4001 4478 4480 4000 
f 4002 4474 4478 4001 
f 4003 4476 4474 4002 
f 4007 4005 4004 4006 
f 4011 4009 4008 4010 
f 4009 4013 4012 4008 
f 4017 4015 4014 4016 
f 4021 4019 4018 4020 
f 4025 4023 4022 4024 
f 4029 4027 4026 4028 
f 4031 4025 4024 4030 
f 4035 4033 4032 4034 
f 4037 4036 4083 4071 
f 4041 4039 4038 4040 
f 4045 4043 4042 4044 
f 4043 4047 4046 4042 
f 4047 4049 4048 4046 
f 4049 4842 4988 4048 
f 4037 4035 4034 4036 
f 4033 4031 4030 4032 
f 4053 4051 4050 4052 
f 4057 4055 4054 4056 
f 4061 4059 4058 4060 
f 4063 4045 4044 4062 
f 4023 4007 4006 4022 
f 4013 4017 4016 4012 
f 4005 4011 4010 4004 
f 4065 4070 4082 4064 
f 4069 4067 4066 4068 
f 4067 4065 4064 4066 
f 4069 4068 4146 4129 
f 4051 4021 4020 4050 
f 4055 4029 4028 4054 
f 4059 4041 4040 4058 
f 4015 4053 4052 4014 
f 4019 4057 4056 4018 
f 4027 4061 4060 4026 
f 4039 4063 4062 4038 
f 4330 4130 4147 
f 4073 4071 4070 4072 
f 4075 4073 4072 4074 
f 4077 4075 4074 4076 
f 4079 4077 4076 4078 
f 4253 4079 4078 4287 
f 4083 4081 4080 4082 
f 4089 4252 4286 4088 
f 4093 4091 4090 4092 
f 4091 4089 4088 4090 
f 4093 4092 4218 4180 
f 4095 4097 4096 4094 
f 4315 4103 4102 4329 
f 4085 4087 4086 4084 
f 4087 4099 4098 4086 
f 4099 4095 4094 4098 
f 4101 4085 4084 4100 
f 4103 4101 4100 4102 
f 4107 4105 4104 4106 
f 4081 4107 4106 4080 
f 4105 4314 4328 4104 
f 4111 4109 4108 4110 
f 6140 4113 4112 4114 
f 4113 4111 4110 4112 
f 4116 4181 4219 4115 
f 4109 4116 4115 4108 
f 4071 4083 4082 4070 
f 4139 4141 4140 6056 
f 4141 4143 4142 4140 
f 4143 4126 4125 4142 
f 4136 4138 4137 4135 
f 4134 4136 4135 4133 
f 4132 4134 4133 4131 
f 4138 4297 4305 4137 
f 4118 4120 4119 4117 
f 4120 4331 4311 4119 
f 4128 4118 4117 4127 
f 4126 4128 4127 4125 
f 4145 4144 4310 4331 
f 4145 4122 4121 4144 
f 4122 4124 4123 4121 
f 4124 4147 4146 4123 
f 4130 4132 4131 4129 
f 4147 4130 4129 4146 
f 4099 4087 3410 3416 
f 4195 4197 4196 4194 
f 4149 4151 4150 4148 
f 4181 4177 4176 4180 
f 4177 4179 4178 4176 
f 4179 4173 4172 4178 
f 4173 4175 4174 4172 
f 4175 4167 4166 4174 
f 4167 4149 4148 4166 
f 4217 4219 4218 4216 
f 4215 4217 4216 4214 
f 4213 4215 4214 4212 
f 4213 4212 4304 4296 
f 4151 4153 4152 4150 
f 4153 4155 4154 4152 
f 4155 4157 4156 4154 
f 4157 4159 4158 4156 
f 4159 4161 4160 4158 
f 4161 4163 4162 4160 
f 4163 4165 4164 4162 
f 4165 4199 4198 4164 
f 4207 4209 4208 4206 
f 4185 4207 4206 4184 
f 4183 4185 4184 4182 
f 4205 4183 4182 4204 
f 4203 4205 4204 4202 
f 4171 4203 4202 4170 
f 4169 4171 4170 4168 
f 4201 4169 4168 4200 
f 4199 4201 4200 4198 
f 4187 4189 4188 4186 
f 4209 4187 4186 4208 
f 4189 4211 4210 4188 
f 4211 4191 4190 4210 
f 4191 4193 4192 4190 
f 4193 4195 4194 4192 
f 4219 4181 4180 4218 
f 4223 4221 4220 4222 
f 4227 4225 4224 4226 
f 4229 4227 4226 4228 
f 4233 4231 4230 4232 
f 4237 4235 4234 4236 
f 4241 4239 4238 4240 
f 4245 4243 4242 4244 
f 4239 4247 4246 4238 
f 4251 4249 4248 4250 
f 4255 4253 4252 4254 
f 4259 4257 4256 4258 
f 4263 4261 4260 4262 
f 4265 4263 4262 4264 
f 4267 4265 4264 4266 
f 4269 4267 4266 4268 
f 4249 4255 4254 4248 
f 4247 4251 4250 4246 
f 4273 4271 4270 4272 
f 4277 4275 4274 4276 
f 4281 4279 4278 4280 
f 4261 4283 4282 4260 
f 4221 4241 4240 4220 
f 4231 4229 4228 4230 
f 4225 4223 4222 4224 
f 4287 4285 4284 4286 
f 4291 4289 4288 4290 
f 4285 4291 4290 4284 
f 4289 4305 4304 4288 
f 4235 4273 4272 4234 
f 4243 4277 4276 4242 
f 4257 4281 4280 4256 
f 4271 4233 4232 4270 
f 4275 4237 4236 4274 
f 4279 4245 4244 4278 
f 4283 4259 4258 4282 
f 4253 4287 4286 4252 
f 4301 4303 4302 4300 
f 4295 4301 4300 4294 
f 4293 4295 4294 4292 
f 4299 4293 4292 4298 
f 4297 4299 4298 4296 
f 4305 4297 4296 4304 
f 4307 4309 4308 4306 
f 4313 4311 4310 4312 
f 4317 4315 4314 4316 
f 4321 4319 4318 4320 
f 4319 4323 4322 4318 
f 4323 4317 4316 4322 
f 4309 4321 4320 4308 
f 4327 4325 4324 4326 
f 4325 4313 4312 4324 
f 4329 4327 4326 4328 
f 4315 4329 4328 4314 
f 4311 4331 4310 
f 4352 4333 4332 4351 
f 4337 4339 4338 4336 
f 4341 4337 4336 4340 
f 4343 4341 4340 4342 
f 5816 4343 4342 4344 
f 4335 4346 4345 4334 
f 4339 4350 4349 4338 
f 4348 4354 4353 4347 
f 4356 4358 4357 4355 
f 4333 4335 4334 4332 
f 4346 4348 4347 4345 
f 4350 4352 4351 4349 
f 4354 4356 4355 4353 
f 4358 4379 4378 4357 
f 4362 4360 4359 4361 
f 4364 4362 4361 4363 
f 4368 4366 4365 4367 
f 4372 4370 4369 4371 
f 4376 4374 4373 4375 
f 4374 4447 4377 4373 
f 4370 4364 4363 4369 
f 4360 4376 4375 4359 
f 4379 4368 4367 4378 
f 4366 4372 4371 4365 
f 3464 3487 4448 4447 
f 4307 4306 4377 4447 
f 4391 4389 4388 4390 
f 4395 4393 4392 4394 
f 4397 4395 4394 4396 
f 4399 4397 4396 4398 
f 5121 4399 4398 4400 
f 4404 4402 4401 4403 
f 4408 4406 4405 4407 
f 4412 4410 4409 4411 
f 4414 4412 4411 4413 
f 4418 4416 4415 4417 
f 4422 4420 4419 4421 
f 4426 4424 4423 4425 
f 4430 4428 4427 4429 
f 4434 4432 4431 4433 
f 4436 4434 4433 4435 
f 4432 4438 4437 4431 
f 4438 4440 4439 4437 
f 4440 4385 4384 4439 
f 4381 4383 4382 4380 
f 4385 4381 4380 4384 
f 4383 4387 4386 4382 
f 4444 4442 4441 4443 
f 4387 4446 4445 4386 
f 4446 4444 4443 4445 
f 4424 4414 4413 4423 
f 4442 4697 4695 4441 
f 4410 4436 4435 4409 
f 4406 4391 4390 4405 
f 4389 4404 4403 4388 
f 4393 4408 4407 4392 
f 4428 4418 4417 4427 
f 4402 4422 4421 4401 
f 4416 4426 4425 4415 
f 4420 4430 4429 4419 
f 4449 4447 4448 
f 4451 4449 4448 4450 
f 4467 4701 4700 4466 
f 4457 4455 4454 4456 
f 4461 4459 4458 4460 
f 4459 4457 4456 4458 
f 4463 4461 4460 4462 
f 4455 4465 4464 4454 
f 4465 4453 4452 4464 
f 4453 4451 4450 4452 
f 4467 6687 6683 
f 4467 6683 6689 
f 4321 4309 4451 4453 
f 5353 4469 4468 6488 
f 4473 4471 4470 4472 
f 4485 4483 4482 4484 
f 4477 4475 4474 4476 
f 4475 4479 4478 4474 
f 4479 4481 4480 4478 
f 4481 6261 6504 4480 
f 4483 4477 4476 4482 
f 4489 4487 4486 4488 
f 4505 4485 4484 4504 
f 4471 4489 4488 4470 
f 4491 4473 4472 4490 
f 4493 4491 4490 4492 
f 4497 4495 4494 4496 
f 4495 4493 4492 4494 
f 4499 4497 4496 4498 
f 4469 4501 4500 4468 
f 4503 4499 4498 4502 
f 4501 4503 4502 4500 
f 4487 4505 4504 4486 
f 4483 4485 3895 3892 
f 4485 3896 3895 
f 3894 3896 4485 4505 
f 4468 4500 3987 3986 
f 4507 4509 4508 4506 
f 4511 6276 4755 4510 
f 4513 4511 4510 4512 
f 4515 4513 4512 4514 
f 4517 4515 4514 4516 
f 4519 4517 4516 4518 
f 4521 4519 4518 4520 
f 4523 4521 4520 4522 
f 4525 4523 4522 4524 
f 4527 4525 4524 4526 
f 4529 4527 4526 4528 
f 4531 4529 4528 4530 
f 4533 4531 4530 4532 
f 4535 4533 4532 4534 
f 4537 4535 4534 4536 
f 4539 4537 4536 4538 
f 4509 4539 4538 4508 
f 4540 4542 4541 4786 
f 4542 4544 4543 4541 
f 4544 4546 4545 4543 
f 4546 4507 4506 4545 
f 4550 4548 4547 4549 
f 6279 4552 4551 6318 
f 4552 4554 4553 4551 
f 4554 4556 4555 4553 
f 4556 4558 4557 4555 
f 4558 4560 4559 4557 
f 4560 4562 4561 4559 
f 4562 4564 4563 4561 
f 4564 4566 4565 4563 
f 4566 4568 4567 4565 
f 4568 4570 4569 4567 
f 4570 4572 4571 4569 
f 4572 4574 4573 4571 
f 4574 4576 4575 4573 
f 4576 4578 4577 4575 
f 4578 4580 4579 4577 
f 4580 4550 4549 4579 
f 4584 4582 4581 4583 
f 4586 4584 4583 4585 
f 4588 4586 4585 4587 
f 4548 4588 4587 4547 
f 4592 4590 4589 4591 
f 4594 6361 6424 4593 
f 4596 4594 4593 4595 
f 4598 4596 4595 4597 
f 4600 4598 4597 4599 
f 4602 4600 4599 4601 
f 4604 4602 4601 4603 
f 4606 4604 4603 4605 
f 4608 4606 4605 4607 
f 4610 4608 4607 4609 
f 4612 4610 4609 4611 
f 4614 4612 4611 4613 
f 4616 4614 4613 4615 
f 4618 4616 4615 4617 
f 4620 4618 4617 4619 
f 4622 4620 4619 4621 
f 4590 4622 4621 4589 
f 4625 4624 4623 6439 
f 4624 4627 4626 4623 
f 4627 4629 4628 4626 
f 4629 4592 4591 4628 
f 4634 4632 4630 4633 
f 4640 4638 4636 4639 
f 4638 4643 4641 4636 
f 4643 4646 4644 4641 
f 4646 4649 4647 4644 
f 4649 4652 4650 4647 
f 4652 4655 4653 4650 
f 4655 4658 4656 4653 
f 4658 4661 4659 4656 
f 4661 4664 4662 4659 
f 4664 4667 4665 4662 
f 4667 4670 4668 4665 
f 4670 4673 4671 4668 
f 4673 4676 4674 4671 
f 4676 4679 4677 4674 
f 4679 4682 4680 4677 
f 4682 4634 4633 4680 
f 4686 4684 4683 4685 
f 4689 4686 4685 4688 
f 4692 4689 4688 4691 
f 4632 4692 4691 4630 
s 2
f 4631 4635 4633 4630 
f 4637 6401 4639 4636 
f 4642 4637 4636 4641 
f 4645 4642 4641 4644 
f 4648 4645 4644 4647 
f 4651 4648 4647 4650 
f 4654 4651 4650 4653 
f 4657 4654 4653 4656 
f 4660 4657 4656 4659 
f 4663 4660 4659 4662 
f 4666 4663 4662 4665 
f 4669 4666 4665 4668 
f 4672 4669 4668 4671 
f 4675 4672 4671 4674 
f 4678 4675 4674 4677 
f 4681 4678 4677 4680 
f 4635 4681 4680 4633 
f 6418 4687 4685 4683 
f 4687 4690 4688 4685 
f 4690 4693 4691 4688 
f 4693 4631 4630 4691 
s 1
f 4695 6530 3788 4696 
f 4698 3498 3445 4699 
f 4699 3445 3472 4696 
f 4700 4462 3498 4698 
f 4697 5559 6530 4695 
f 4701 4463 4462 4700 
s 2
f 6774 4708 4704 6772 
f 6780 4711 6534 6778 
f 6783 4743 4711 6780 
f 6786 4736 4743 6783 
f 6537 4715 6790 6792 
f 4715 4749 6796 6790 
f 4749 4746 6799 6796 
f 4746 4719 6802 6799 
f 4721 6805 6802 4719 
f 4724 6808 6805 4721 
f 6810 4740 4736 6786 
f 4731 6814 6808 4724 
f 4727 6817 6814 4731 
f 4734 6820 6817 4727 
f 4708 6774 6820 4734 
f 6772 4704 4740 6810 
s 1
f 4725 4722 3323 
f 3323 4702 4730 4725 
f 4702 4728 4730 
f 3092 3093 4702 
f 4733 4728 4702 
f 3093 4705 4707 
f 4694 4742 4737 
f 6554 6555 4710 
f 4694 6554 4710 4742 
f 4694 4737 4739 
f 4697 4722 4718 
f 4697 4718 4745 
f 4697 4745 4748 
f 5559 4697 4748 4716 
f 4733 4707 4706 4732 
f 4705 4739 4738 4703 
f 4713 4716 4714 4712 
s 2
f 4704 4708 4706 4703 
f 6534 4711 4709 6566 
f 4711 4743 4741 4709 
f 4743 4736 4735 4741 
f 4715 6537 4712 4714 
f 4749 4715 4714 4747 
f 4746 4749 4747 4744 
f 4719 4746 4744 4717 
f 4721 4719 4717 4720 
f 4724 4721 4720 4723 
f 4736 4740 4738 4735 
f 4731 4724 4723 4729 
f 4727 4731 4729 4726 
f 4734 4727 4726 4732 
f 4708 4734 4732 4706 
f 4740 4704 4703 4738 
s 1
f 4722 4725 4723 4720 
f 4725 4730 4729 4723 
f 4730 4728 4726 4729 
f 4728 4733 4732 4726 
f 4707 4705 4703 4706 
f 4737 4742 4741 4735 
f 4710 6555 6566 4709 
f 4742 4710 4709 4741 
f 4739 4737 4735 4738 
f 4718 4722 4720 4717 
f 4745 4718 4717 4744 
f 4748 4745 4744 4747 
f 4716 4748 4747 4714 
f 5349 6554 4694 
f 3096 4694 4739 
f 4697 4442 3323 4722 
f 4701 4467 6689 6692 
f 4750 4753 4752 4751 
f 4754 4757 4756 4755 
f 4758 4759 4757 4754 
f 4760 4761 4759 4758 
f 4762 4763 4761 4760 
f 4764 4765 4763 4762 
f 4766 4767 4765 4764 
f 4768 4769 4767 4766 
f 4770 4771 4769 4768 
f 4772 4773 4771 4770 
f 4774 4775 4773 4772 
f 4776 4777 4775 4774 
f 4778 4779 4777 4776 
f 4780 4781 4779 4778 
f 4782 4783 4781 4780 
f 4784 4785 4783 4782 
f 4751 4752 4785 4784 
f 4786 4789 4788 4787 
f 4787 4788 4791 4790 
f 4790 4791 4793 4792 
f 4792 4793 4753 4750 
s 2
f 6728 6630 6632 6726 
f 6728 6681 6584 6630 
f 6636 6588 6686 6731 
f 6639 6636 6731 6734 
f 6642 6639 6734 6737 
f 6645 6642 6737 6740 
f 6648 6645 6740 6743 
f 6651 6648 6743 6746 
f 6654 6651 6746 6749 
f 6657 6654 6749 6752 
f 6660 6657 6752 6755 
f 6660 6755 6758 6663 
f 6663 6758 6761 6666 
f 6666 6761 6764 6669 
f 6672 6669 6764 6767 
f 6632 6672 6767 6726 
s 1
f 4794 4797 4796 4795 
f 4798 4801 4800 4799 
f 4802 4803 4801 4798 
f 4804 4807 4806 4805 
f 4808 4811 4810 4809 
f 4812 4815 4814 4813 
f 4816 4819 4818 4817 
f 4813 4814 4821 4820 
f 4822 4825 4824 4823 
f 4826 4829 4828 4827 
f 4830 4833 4832 4831 
f 4834 4837 4836 4835 
f 4838 4839 4837 4834 
f 4840 4841 4839 4838 
f 4842 4843 4841 4840 
f 4797 4845 4844 4796 
f 4801 4847 4846 4800 
f 4803 4848 4847 4801 
f 4807 4850 4849 4806 
f 4811 4852 4851 4810 
f 4815 4854 4853 4814 
f 4819 4856 4855 4818 
f 4814 4853 4857 4821 
f 4825 4859 4858 4824 
f 4829 4861 4860 4828 
f 4833 4863 4862 4832 
f 4837 4865 4864 4836 
f 4839 4866 4865 4837 
f 4841 4867 4866 4839 
f 4843 3910 4867 4841 
f 4845 4869 4868 4844 
f 4847 4871 4870 4846 
f 4848 4872 4871 4847 
f 4850 4874 4873 4849 
f 4852 4876 4875 4851 
f 4854 4878 4877 4853 
f 4856 4880 4879 4855 
f 4853 4877 4881 4857 
f 4859 4883 4882 4858 
f 4861 4885 4884 4860 
f 4863 4887 4886 4862 
f 4865 4889 4888 4864 
f 4866 4890 4889 4865 
f 4867 4891 4890 4866 
f 3910 3785 4891 4867 
f 4869 4893 4892 4868 
f 4871 4895 4894 4870 
f 4872 4896 4895 4871 
f 4874 4898 4897 4873 
f 4876 4900 4899 4875 
f 4878 4902 4901 4877 
f 4880 4904 4903 4879 
f 4877 4901 4905 4881 
f 4883 4907 4906 4882 
f 4885 4909 4908 4884 
f 4887 4911 4910 4886 
f 4889 4913 4912 4888 
f 4890 4914 4913 4889 
f 4891 4915 4914 4890 
f 3785 3786 4915 4891 
f 4893 4917 4916 4892 
f 4895 4919 4918 4894 
f 4896 4920 4919 4895 
f 4898 4922 4921 4897 
f 4900 4924 4923 4899 
f 4902 4926 4925 4901 
f 4904 4928 4927 4903 
f 4901 4925 4929 4905 
f 4907 4931 4930 4906 
f 4909 4933 4932 4908 
f 4911 4935 4934 4910 
f 4913 4937 4936 4912 
f 4914 4938 4937 4913 
f 4915 4939 4938 4914 
f 3786 4269 4939 4915 
f 4823 4824 4829 4826 
f 4824 4858 4861 4829 
f 4858 4882 4885 4861 
f 4882 4906 4909 4885 
f 4906 4930 4933 4909 
f 4820 4821 4825 4822 
f 4821 4857 4859 4825 
f 4857 4881 4883 4859 
f 4881 4905 4907 4883 
f 4905 4929 4931 4907 
f 4940 4943 4942 4941 
f 4944 4947 4946 4945 
f 4948 4951 4950 4949 
f 4949 4950 4953 4952 
f 4954 4957 4956 4955 
f 4958 4959 4943 4940 
f 4960 4963 4962 4961 
f 4964 4965 4959 4958 
f 4966 4969 4968 4967 
f 4970 4973 4972 4971 
f 4974 4977 4976 4975 
f 4978 4981 4980 4979 
f 4982 4985 4984 4983 
f 4983 4984 4987 4986 
f 4986 4987 3787 4988 
f 4970 4971 4969 4966 
f 4967 4968 4965 4964 
f 4989 4992 4991 4990 
f 4993 4996 4995 4994 
f 4997 5000 4999 4998 
f 4835 4836 5002 5001 
f 4992 5004 5003 4991 
f 4996 5006 5005 4995 
f 5000 5008 5007 4999 
f 4836 4864 5009 5002 
f 5004 5011 5010 5003 
f 5006 5013 5012 5005 
f 5008 5015 5014 5007 
f 4864 4888 5016 5009 
f 5011 5018 5017 5010 
f 5013 5020 5019 5012 
f 5015 5022 5021 5014 
f 4888 4912 5023 5016 
f 5018 5025 5024 5017 
f 5020 5027 5026 5019 
f 5022 5029 5028 5021 
f 4912 4936 5030 5023 
f 5031 5034 5033 5032 
f 5035 5038 5037 5036 
f 5039 5042 5041 5040 
f 5043 5044 4985 4982 
f 5045 5048 5047 5046 
f 5049 5052 5051 5050 
f 5050 5051 5054 5053 
f 5053 5054 5056 5055 
f 5055 5056 4344 5057 
f 5058 5061 5060 5059 
f 5062 5065 5064 5063 
f 5066 5069 5068 5067 
f 5067 5068 5071 5070 
f 5072 5075 5074 5073 
f 5076 5079 5078 5077 
f 5080 5083 5082 5081 
f 5084 5086 5085 
f 5087 5089 5088 
f 5090 5093 5092 5091 
f 4795 4796 4815 4812 
f 4796 4844 4854 4815 
f 4844 4868 4878 4854 
f 4868 4892 4902 4878 
f 4892 4916 4926 4902 
f 4941 4942 4947 4944 
f 5088 5094 5093 5090 
f 5095 5098 5097 5096 
f 5096 5097 5100 5099 
f 5101 5104 5103 5102 
f 5105 5106 5104 5101 
f 5102 5103 5108 5107 
f 5109 5112 5111 5110 
f 5113 5116 5115 5114 
f 5114 5115 5118 5117 
f 5117 5118 5120 5119 
f 5119 5120 3320 5121 
f 5122 5125 5124 5123 
f 5126 5129 5128 5127 
f 5130 5133 5132 5131 
f 5131 5132 5135 5134 
f 5136 5139 5138 5137 
f 5140 5143 5142 5141 
f 5144 5147 5146 5145 
f 5148 5151 5150 5149 
f 5152 5155 5154 5153 
f 5153 5154 5157 5156 
f 5158 5159 5155 5152 
f 5160 5161 5159 5158 
f 5162 5163 5161 5160 
f 5164 5167 5166 5165 
f 5165 5166 5163 5162 
f 5168 5169 5167 5164 
f 5170 5173 5172 5171 
f 5174 5177 5176 5175 
f 5178 5181 5180 5179 
f 5179 5180 5183 5182 
f 5182 5183 5185 5184 
f 5184 5185 5187 5186 
f 5188 5191 5190 5189 
f 5192 5195 5194 5193 
f 5196 5199 5198 5197 
f 5197 5198 5201 5200 
f 5202 5205 5204 5203 
f 5206 5209 5208 5207 
f 5210 5213 5212 5211 
f 5214 5217 5216 5215 
f 5218 5221 5220 5219 
f 5219 5220 5223 5222 
f 5224 5225 5221 5218 
f 5226 5227 5225 5224 
f 5228 5229 5227 5226 
f 5230 5233 5232 5231 
f 5231 5232 5229 5228 
f 5234 5235 5233 5230 
f 5236 5239 5238 5237 
f 5177 5241 5240 5176 
f 5181 5243 5242 5180 
f 5180 5242 5244 5183 
f 5183 5244 5245 5185 
f 5185 5245 5246 5187 
f 5191 5248 5247 5190 
f 5195 5250 5249 5194 
f 5199 5252 5251 5198 
f 5198 5251 5253 5201 
f 5205 5255 5254 5204 
f 5209 5257 5256 5208 
f 5213 5259 5258 5212 
f 5217 5261 5260 5216 
f 5221 5263 5262 5220 
f 5220 5262 5264 5223 
f 5225 5265 5263 5221 
f 5227 5266 5265 5225 
f 5229 5267 5266 5227 
f 5233 5269 5268 5232 
f 5232 5268 5267 5229 
f 5235 5270 5269 5233 
f 5239 5272 5271 5238 
f 5273 5276 5275 5274 
f 5277 5280 5279 5278 
f 5278 5279 5282 5281 
f 5281 5282 5284 5283 
f 5283 5284 5285 3911 
f 5286 5289 5288 5287 
f 5290 5293 5292 5291 
f 5294 5297 5296 5295 
f 5295 5296 5299 5298 
f 5300 5303 5302 5301 
f 5304 5307 5306 5305 
f 5308 5311 5310 5309 
f 5312 5315 5314 5313 
f 5316 5319 5318 5317 
f 5317 5318 5321 5320 
f 5322 5323 5319 5316 
f 5324 5325 5323 5322 
f 5326 5327 5325 5324 
f 5328 5331 5330 5329 
f 5329 5330 5327 5326 
f 5332 5333 5331 5328 
f 5334 5337 5336 5335 
f 5338 5339 5169 5168 
f 5171 5172 5339 5338 
f 5340 5236 5342 5341 
f 5343 5344 5235 5234 
f 5237 5238 5344 5343 
f 5239 5236 5346 5345 
f 5344 5347 5270 5235 
f 5238 5271 5347 5344 
f 5334 5272 5349 5348 
f 5350 5351 5333 5332 
f 5335 5336 5351 5350 
f 5352 5354 3909 5353 
f 4805 4806 4803 4802 
f 4806 4849 4848 4803 
f 4849 4873 4872 4848 
f 4873 4897 4896 4872 
f 4897 4921 4920 4896 
f 4952 4953 4957 4954 
f 5070 5071 5083 5080 
f 5134 5135 5147 5144 
f 5200 5201 5213 5210 
f 5201 5253 5259 5213 
f 5298 5299 5311 5308 
f 5107 5108 5356 5355 
f 5355 5356 5358 5357 
f 5357 5358 5360 5359 
f 5359 5360 5362 5361 
f 5363 5366 5365 5364 
f 5367 5370 5369 5368 
f 5371 5367 5368 5372 
f 5373 5371 5372 5374 
f 5375 5373 5374 3220 
f 5366 5377 5376 5365 
f 5370 5363 5364 5369 
f 5378 5381 5380 5379 
f 5382 5378 5379 5383 
f 5384 5387 5386 5385 
f 5377 5389 5388 5376 
f 5389 5384 5385 5388 
f 5390 5393 5392 5391 
f 5381 5395 5394 5380 
f 5393 5397 5396 5392 
f 5397 5399 5398 5396 
f 5399 5401 5400 5398 
f 5402 5405 5404 5403 
f 5401 5402 5403 5400 
f 5405 5407 5406 5404 
f 5408 5411 5410 5409 
f 5407 5413 5412 5406 
f 5413 5408 5409 5412 
f 5414 5411 5416 5415 
f 5387 5382 5383 5386 
f 3912 5417 5410 3913 
f 5418 5421 5420 5419 
f 5422 5425 5424 5423 
f 5426 5422 5423 5427 
f 5428 5426 5427 5429 
f 5430 5428 5429 5431 
f 5421 5433 5432 5420 
f 5425 5418 5419 5424 
f 5434 5437 5436 5435 
f 5438 5434 5435 5439 
f 5440 5443 5442 5441 
f 5433 5445 5444 5432 
f 5445 5440 5441 5444 
f 5446 5449 5448 5447 
f 5437 5451 5450 5436 
f 5449 5453 5452 5448 
f 5453 5455 5454 5452 
f 5455 5457 5456 5454 
f 5458 5461 5460 5459 
f 5457 5458 5459 5456 
f 5461 5463 5462 5460 
f 5464 5417 5466 5465 
f 5463 5468 5467 5462 
f 5468 5464 5465 5467 
f 5443 5438 5439 5442 
f 5469 5472 5471 5470 
f 5473 5476 5475 5474 
f 5477 5473 5474 5478 
f 5479 5477 5478 5480 
f 3914 5479 5480 3269 
f 5481 5484 5483 5482 
f 5476 5486 5485 5475 
f 5487 5490 5489 5488 
f 5491 5487 5488 5492 
f 5493 5496 5495 5494 
f 5497 5500 5499 5498 
f 5501 5504 5503 5502 
f 5505 5508 5507 5506 
f 5509 5512 5511 5510 
f 5490 5514 5513 5489 
f 5512 5516 5515 5511 
f 5516 5518 5517 5515 
f 5518 5520 5519 5517 
f 5521 5524 5523 5522 
f 5520 5521 5522 5519 
f 5524 5526 5525 5523 
f 5527 5529 5416 5528 
f 5526 5531 5530 5525 
f 5531 5527 5528 5530 
f 5532 5491 5492 5533 
f 5534 5529 5337 3915 
f 5293 5275 5472 5469 
f 5279 5280 5476 5473 
f 5282 5279 5473 5477 
f 5284 5282 5477 5479 
f 5285 5284 5479 3914 
f 5276 5288 5484 5481 
f 5280 5292 5486 5476 
f 5296 5297 5490 5487 
f 5299 5296 5487 5491 
f 5315 5302 5496 5493 
f 5289 5306 5500 5497 
f 5303 5310 5504 5501 
f 5307 5314 5508 5505 
f 5318 5319 5512 5509 
f 5297 5321 5514 5490 
f 5319 5323 5516 5512 
f 5323 5325 5518 5516 
f 5325 5327 5520 5518 
f 5330 5331 5524 5521 
f 5327 5330 5521 5520 
f 5331 5333 5526 5524 
f 5336 5337 5529 5527 
f 5333 5351 5531 5526 
f 5351 5336 5527 5531 
f 5535 5466 5417 3912 
f 5311 5299 5491 5532 
f 5364 5365 5421 5418 
f 5368 5369 5425 5422 
f 5372 5368 5422 5426 
f 5374 5372 5426 5428 
f 3220 5374 5428 5430 
f 5365 5376 5433 5421 
f 5369 5364 5418 5425 
f 5379 5380 5437 5434 
f 5383 5379 5434 5438 
f 5385 5386 5443 5440 
f 5376 5388 5445 5433 
f 5388 5385 5440 5445 
f 5391 5392 5449 5446 
f 5380 5394 5451 5437 
f 5392 5396 5453 5449 
f 5396 5398 5455 5453 
f 5398 5400 5457 5455 
f 5403 5404 5461 5458 
f 5400 5403 5458 5457 
f 5404 5406 5463 5461 
f 5409 5410 5417 5464 
f 5406 5412 5468 5463 
f 5412 5409 5464 5468 
f 5415 5416 5529 5534 
f 5386 5383 5438 5443 
f 3913 5410 5411 5414 
f 5419 5420 5537 5536 
f 5423 5424 5539 5538 
f 5427 5423 5538 5540 
f 5429 5427 5540 5541 
f 5431 5429 5541 5542 
f 5420 5432 5543 5537 
f 5424 5419 5536 5539 
f 5435 5436 5545 5544 
f 5439 5435 5544 
f 5441 5442 5547 5546 
f 5432 5444 5548 5543 
f 5444 5441 5546 5548 
f 5447 5448 5549 
f 5436 5450 5550 5545 
f 5448 5452 5551 5549 
f 5452 5454 5552 5551 
f 5454 5456 5552 
f 5459 5460 5554 5553 
f 5456 5459 5553 5552 
f 5460 5462 5555 5554 
f 5465 5466 5354 5556 
f 5462 5467 5557 5555 
f 5467 5465 5556 5557 
f 5442 5439 5544 5547 
f 5470 5471 5363 
f 5474 5475 5370 5367 
f 5478 5474 5367 5371 
f 5480 5478 5371 5373 
f 3269 5480 5373 5375 
f 5482 5483 5377 5366 
f 5475 5485 5363 5370 
f 5488 5489 5381 5378 
f 5492 5488 5378 5382 
f 5494 5495 5384 
f 5498 5499 5377 
f 5502 5503 5387 
f 5506 5507 5384 5389 
f 5510 5511 5393 5390 
f 5489 5513 5395 5381 
f 5511 5515 5397 5393 
f 5515 5517 5399 5397 
f 5517 5519 5401 5399 
f 5522 5523 5405 5402 
f 5519 5522 5402 5401 
f 5523 5525 5407 5405 
f 5528 5416 5411 5408 
f 5525 5530 5413 5407 
f 5530 5528 5408 5413 
f 5533 5492 5382 5387 
f 3915 5337 5334 5348 
f 5250 5240 5274 5290 
f 5242 5243 5277 5278 
f 5244 5242 5278 5281 
f 5245 5244 5281 5283 
f 5246 5245 5283 3911 
f 5241 5247 5287 5273 
f 5243 5249 5291 5277 
f 5251 5252 5294 5295 
f 5253 5251 5295 5298 
f 5261 5254 5301 5312 
f 5248 5256 5305 5286 
f 5255 5258 5309 5300 
f 5257 5260 5313 5304 
f 5262 5263 5316 5317 
f 5252 5264 5320 5294 
f 5263 5265 5322 5316 
f 5265 5266 5324 5322 
f 5266 5267 5326 5324 
f 5268 5269 5328 5329 
f 5267 5268 5329 5326 
f 5269 5270 5332 5328 
f 5271 5272 5334 5335 
f 5270 5347 5350 5332 
f 5347 5271 5335 5350 
f 5349 5272 5239 5558 
f 5259 5253 5298 5308 
f 5129 5111 5175 5192 
f 5115 5116 5178 5179 
f 5118 5115 5179 5182 
f 5120 5118 5182 5184 
f 3320 5120 5184 5186 
f 5112 5124 5189 5174 
f 5116 5128 5193 5178 
f 5132 5133 5196 5197 
f 5135 5132 5197 5200 
f 5151 5138 5203 5214 
f 5125 5142 5207 5188 
f 5139 5146 5211 5202 
f 5143 5150 5215 5206 
f 5154 5155 5218 5219 
f 5133 5157 5222 5196 
f 5155 5159 5224 5218 
f 5159 5161 5226 5224 
f 5161 5163 5228 5226 
f 5166 5167 5230 5231 
f 5163 5166 5231 5228 
f 5167 5169 5234 5230 
f 5172 5173 5342 5237 
f 5169 5339 5343 5234 
f 5339 5172 5237 5343 
f 4713 5560 5559 
f 5147 5135 5200 5210 
f 4799 4800 4797 4794 
f 4800 4846 4845 4797 
f 4846 4870 4869 4845 
f 4870 4894 4893 4869 
f 4894 4918 4917 4893 
f 4945 4946 4951 4948 
f 5091 5092 5069 5066 
f 5156 5157 5133 5130 
f 5222 5223 5199 5196 
f 5223 5264 5252 5199 
f 5320 5321 5297 5294 
f 5394 5395 5390 5391 
f 5450 5451 5446 5447 
f 5513 5514 5509 5510 
f 5514 5321 5318 5509 
f 5451 5394 5391 5446 
f 5561 5550 5549 5562 
f 5395 5513 5510 5390 
f 5320 5264 5262 5317 
f 5222 5157 5154 5219 
f 5563 5566 5565 5564 
f 5567 5570 5569 5568 
f 5571 5574 5573 5572 
f 5575 5576 5574 5571 
f 5577 5578 5576 5575 
f 5579 5580 5578 5577 
f 5581 5582 5580 5579 
f 5583 5586 5585 5584 
f 5587 5590 5589 5588 
f 5591 5594 5593 5592 
f 5595 5598 5597 5596 
f 5599 5600 5598 5595 
f 5601 5604 5603 5602 
f 5588 5589 5606 5605 
f 5607 5610 5609 5608 
f 5611 5614 5613 5612 
f 5615 5618 5617 5616 
f 5616 5617 5620 5619 
f 5621 5624 5623 5622 
f 5625 5628 5627 5626 
f 5629 5632 5631 5630 
f 5633 5634 5632 5629 
f 4268 5635 5634 5633 
f 5612 5613 5618 5615 
f 5605 5606 5614 5611 
f 5636 5639 5638 5637 
f 5640 5643 5642 5641 
f 5644 5647 5646 5645 
f 5630 5631 5628 5625 
f 5592 5593 5590 5587 
f 5648 5649 5600 5599 
f 5596 5597 5594 5591 
f 5650 5653 5652 5651 
f 5654 5657 5656 5655 
f 5658 5661 5660 5659 
f 5661 5663 5662 5660 
f 5664 5667 5666 5665 
f 5668 5650 5651 5669 
f 5670 5673 5672 5671 
f 5674 5677 5676 5675 
f 5678 5681 5680 5679 
f 5682 5678 5679 5683 
f 5684 5687 5686 5685 
f 5688 5691 5690 5689 
f 5692 5695 5694 5693 
f 5695 5697 5696 5694 
f 5697 5699 5698 5696 
f 5681 5674 5675 5680 
f 5677 5668 5669 5676 
f 5700 5703 5702 5701 
f 5704 5707 5706 5705 
f 5708 5711 5710 5709 
f 5712 5692 5693 5713 
f 5653 5654 5655 5652 
f 5663 5664 5665 5662 
f 5657 5658 5659 5656 
f 5714 5716 5715 
f 5589 5590 5653 5650 
f 5593 5594 5657 5654 
f 5597 5598 5661 5658 
f 5598 5600 5663 5661 
f 5649 5603 5667 5664 
f 5606 5589 5650 5668 
f 5639 5609 5673 5670 
f 5613 5614 5677 5674 
f 5617 5618 5681 5678 
f 5620 5617 5678 5682 
f 5643 5623 5687 5684 
f 5647 5627 5691 5688 
f 5631 5632 5695 5692 
f 5632 5634 5697 5695 
f 5634 5635 5699 5697 
f 5618 5613 5674 5681 
f 5614 5606 5668 5677 
f 5604 5638 5703 5700 
f 5610 5642 5707 5704 
f 5624 5646 5711 5708 
f 5628 5631 5692 5712 
f 5590 5593 5654 5653 
f 5600 5649 5664 5663 
f 5594 5597 5658 5657 
f 5651 5652 5718 5717 
f 5655 5656 5720 5719 
f 5659 5660 5722 5721 
f 5660 5662 5723 5722 
f 5665 5666 5725 5724 
f 5669 5651 5717 5726 
f 5671 5672 5728 5727 
f 5675 5676 5730 5729 
f 5679 5680 5732 5731 
f 5683 5679 5731 5733 
f 5685 5686 5735 5734 
f 5689 5690 5737 5736 
f 5693 5694 5739 5738 
f 5694 5696 5740 5739 
f 5696 5698 4196 5740 
f 5680 5675 5729 5732 
f 5676 5669 5726 5730 
f 5701 5702 5742 5741 
f 5705 5706 5744 5743 
f 5709 5710 5746 5745 
f 5713 5693 5738 5747 
f 5652 5655 5719 5718 
f 5662 5665 5724 5723 
f 5656 5659 5721 5720 
f 5714 5748 5716 
f 5714 5715 5749 
f 5089 5087 5751 5750 
f 5752 5753 3789 4096 
f 5754 5755 6741 6738 
f 4097 5758 5757 5756 
f 5759 5760 5753 5752 
f 5568 5569 5760 5759 
f 5761 5764 5763 5762 
f 5765 5768 5767 5766 
f 5769 5772 5771 5770 
f 5768 5769 5770 5767 
f 5772 5757 5773 5771 
f 5774 5765 5766 5775 
f 5762 5763 5777 5776 
f 5778 5779 5570 5567 
f 5780 5774 5775 5781 
f 5782 5780 5784 5783 
f 5785 5788 5787 5786 
f 5766 5767 5788 5785 
f 5768 5765 5790 5789 
f 5791 5794 5793 5792 
f 5770 5771 5794 5791 
f 5772 5769 5795 
f 5788 5791 5792 5787 
f 5767 5770 5791 5788 
f 5794 5755 5754 5793 
f 5771 5773 5755 5794 
f 5757 5772 5795 5756 
f 5796 5785 5786 5797 
f 5775 5766 5785 5796 
f 5765 5774 5798 5790 
f 5799 5796 5797 5800 
f 5781 5775 5796 5799 
f 5774 5780 5782 5798 
f 5801 5799 5800 5802 
f 5803 5781 5799 5801 
f 5784 5780 5781 5803 
f 5757 5758 6725 6768 
f 6741 5755 6744 
f 6744 5755 6747 
f 6747 5755 5773 6750 
f 6750 5773 6753 
f 6753 5773 6756 
f 5773 6759 6756 
f 5757 6762 6759 5773 
f 5757 6765 6762 
f 5757 6768 6765 
f 6729 5758 6680 
f 5758 6729 6725 
f 5804 5807 5806 5805 
f 5808 5811 5810 5809 
f 5812 5808 5809 5813 
f 5814 5812 5813 5815 
f 5816 5814 5815 3916 
f 5817 5820 5819 5818 
f 5811 5822 5821 5810 
f 5823 5826 5825 5824 
f 5827 5830 5829 5828 
f 5831 5834 5833 5832 
f 5835 5831 5832 5836 
f 5837 5840 5839 5838 
f 5841 5844 5843 5842 
f 5845 5848 5847 5846 
f 5848 5850 5849 5847 
f 5850 5852 5851 5849 
f 5852 5854 5853 5851 
f 5854 5855 5106 5853 
f 5856 5859 5858 5857 
f 5859 5855 5099 5858 
f 5860 5856 5857 5861 
f 5862 5835 5836 5863 
f 5864 5860 5861 5865 
f 5866 5864 5865 5867 
f 5868 5866 5867 5869 
f 3790 5872 5871 5870 
f 5834 5845 5846 5833 
f 5873 5876 5875 5874 
f 5877 5880 5879 5878 
f 5881 5877 5878 5882 
f 5883 5881 5882 5884 
f 3452 5883 5884 5885 
f 5886 5889 5888 5887 
f 5880 5891 5890 5879 
f 5892 5895 5894 5893 
f 5896 5899 5898 5897 
f 5068 5069 5834 5831 
f 5071 5068 5831 5835 
f 5900 5074 5840 5837 
f 5075 5082 5844 5841 
f 5092 5093 5848 5845 
f 5093 5094 5850 5848 
f 5094 5095 5852 5850 
f 5095 5096 5854 5852 
f 5096 5099 5855 5854 
f 5103 5104 5859 5856 
f 5104 5106 5855 5859 
f 5108 5103 5856 5860 
f 5083 5071 5835 5862 
f 5356 5108 5860 5864 
f 5358 5356 5864 5866 
f 5360 5358 5866 5868 
f 3788 5362 5872 3790 
f 5069 5092 5845 5834 
f 5805 5806 5876 5873 
f 5809 5810 5880 5877 
f 5813 5809 5877 5881 
f 5815 5813 5881 5883 
f 3916 5815 5883 3452 
f 5818 5819 5889 5886 
f 5810 5821 5891 5880 
f 5824 5825 5895 5892 
f 5828 5829 5899 5896 
f 5832 5833 5902 5901 
f 5836 5832 5901 5903 
f 5838 5839 5905 5904 
f 5842 5843 5907 5906 
f 5846 5847 5909 5908 
f 5847 5849 5910 5909 
f 5849 5851 5911 5910 
f 5851 5853 5912 5911 
f 5853 5106 5105 5912 
f 5857 5858 5914 5913 
f 5858 5099 5100 5914 
f 5861 5857 5913 5915 
f 5863 5836 5903 5916 
f 5865 5861 5915 5917 
f 5867 5865 5917 5918 
f 5869 5867 5918 5919 
f 5870 5871 5920 4466 
f 5833 5846 5908 5902 
f 5874 5875 5922 5921 
f 5878 5879 5924 5923 
f 5882 5878 5923 5925 
f 5884 5882 5925 5926 
f 5885 5884 5926 4400 
f 5887 5888 5928 5927 
f 5879 5890 5929 5924 
f 5893 5894 5931 5930 
f 5897 5898 5933 5932 
f 5934 5937 5936 5935 
f 5938 5941 5940 5939 
f 5942 5945 5944 5943 
f 5946 5942 5943 5947 
f 5948 5951 5950 5949 
f 5937 5953 5952 5936 
f 5954 5957 5956 5955 
f 5953 5959 5958 5952 
f 5960 5963 5962 5961 
f 5964 5967 5966 5965 
f 5968 5971 5970 5969 
f 5972 5975 5974 5973 
f 5976 5979 5978 5977 
f 5980 5976 5977 5981 
f 5982 5980 5981 5983 
f 5963 5964 5965 5962 
f 5959 5960 5961 5958 
f 5984 5987 5986 5985 
f 5988 5991 5990 5989 
f 5992 5995 5994 5993 
f 5979 5972 5973 5978 
f 5941 5934 5935 5940 
f 5996 5946 5947 5997 
f 5945 5938 5939 5944 
f 5998 6001 6000 5999 
f 6002 6005 6004 6003 
f 6006 6009 6008 6007 
f 6010 6013 6012 6011 
f 6013 6015 6014 6012 
f 6015 6017 6016 6014 
f 6017 6019 6018 6016 
f 6019 6021 6020 6018 
f 6022 6024 6023 3917 
f 6024 6026 6025 6023 
f 6026 6006 6007 6025 
f 6027 6029 5779 6028 
f 6030 6027 6028 6031 
f 6009 6029 5764 6008 
f 6032 6035 6034 6033 
f 6036 6039 6038 6037 
f 6039 6040 5583 6038 
f 6041 6036 6037 6042 
f 6043 6040 5748 6044 
f 6001 5563 6005 6002 
f 5569 5570 6009 6006 
f 5573 5574 6013 6010 
f 5574 5576 6015 6013 
f 5576 5578 6017 6015 
f 5578 5580 6019 6017 
f 5580 5582 6021 6019 
f 5586 5583 6040 6043 
f 5715 5716 6039 6036 
f 5716 5748 6040 6039 
f 5749 5715 6036 6041 
f 3789 5753 6024 6022 
f 5753 5760 6026 6024 
f 5760 5569 6006 6026 
f 5763 5764 6029 6027 
f 5777 5763 6027 6030 
f 5570 5779 6029 6009 
f 6045 6000 6035 6032 
f 6003 6004 6047 6046 
f 6007 6008 6049 6048 
f 6011 6012 6051 6050 
f 6012 6014 6052 6051 
f 6014 6016 6053 6052 
f 6016 6018 6054 6053 
f 6018 6020 6055 6054 
f 3917 6023 6057 6056 
f 6023 6025 6058 6057 
f 6025 6007 6048 6058 
f 6028 5779 5778 6059 
f 6031 6028 6059 6060 
f 6008 5764 5761 6049 
f 6033 6034 6062 6061 
f 6037 6038 6064 6063 
f 6038 5583 5584 6064 
f 6042 6037 6063 6065 
f 6044 5748 5714 
f 4942 4943 5937 5934 
f 4946 4947 5941 5938 
f 4950 4951 5945 5942 
f 4953 4950 5942 5946 
f 5034 4956 5951 5948 
f 4943 4959 5953 5937 
f 5038 4962 5957 5954 
f 4959 4965 5959 5953 
f 4968 4969 5963 5960 
f 4971 4972 5967 5964 
f 5042 4976 5971 5968 
f 5044 4980 5975 5972 
f 4984 4985 5979 5976 
f 4987 4984 5976 5980 
f 3787 4987 5980 5982 
f 4969 4971 5964 5963 
f 4965 4968 5960 5959 
f 4963 5033 5987 5984 
f 4977 5037 5991 5988 
f 4981 5041 5995 5992 
f 4985 5044 5972 5979 
f 4947 4942 5934 5941 
f 4957 4953 5946 5996 
f 4951 4946 5938 5945 
f 5566 5563 6001 5998 
f 5935 5936 6067 6066 
f 5939 5940 6069 6068 
f 5943 5944 6071 6070 
f 5947 5943 6070 6072 
f 5949 5950 6074 6073 
f 5936 5952 6075 6067 
f 5955 5956 5084 5076 
f 5952 5958 6076 6075 
f 5961 5962 6078 6077 
f 5965 5966 6080 6079 
f 5969 5970 5059 5045 
f 5973 5974 5063 5049 
f 5977 5978 5050 5053 
f 5981 5977 5053 5055 
f 5983 5981 5055 5057 
f 5962 5965 6079 6078 
f 5958 5961 6077 6076 
f 5985 5986 6081 5086 
f 5989 5990 5077 5058 
f 5993 5994 5046 5062 
f 5978 5973 5049 5050 
f 5940 5935 6066 6069 
f 5997 5947 6072 6082 
f 5944 5939 6068 6071 
f 5999 6000 6045 6083 
f 6004 6005 6085 6084 
f 6034 6035 6002 6003 
f 6005 5563 5564 6085 
f 6035 6000 6001 6002 
f 6047 6004 6084 6086 
f 6062 6034 6003 6046 
f 4809 4810 4992 4989 
f 4817 4818 4996 4993 
f 4831 4832 5000 4997 
f 4810 4851 5004 4992 
f 4818 4855 5006 4996 
f 4832 4862 5008 5000 
f 4851 4875 5011 5004 
f 4855 4879 5013 5006 
f 4862 4886 5015 5008 
f 4875 4899 5018 5011 
f 4879 4903 5020 5013 
f 4886 4910 5022 5015 
f 4899 4923 5025 5018 
f 4903 4927 5027 5020 
f 4910 4934 5029 5022 
f 4955 4956 5034 5031 
f 4961 4962 5038 5035 
f 4975 4976 5042 5039 
f 4979 4980 5044 5043 
f 4990 4991 4807 4804 
f 4994 4995 4811 4808 
f 4998 4999 4819 4816 
f 5001 5002 4833 4830 
f 4991 5003 4850 4807 
f 4995 5005 4852 4811 
f 4999 5007 4856 4819 
f 5002 5009 4863 4833 
f 5003 5010 4874 4850 
f 5005 5012 4876 4852 
f 5007 5014 4880 4856 
f 5009 5016 4887 4863 
f 5010 5017 4898 4874 
f 5012 5019 4900 4876 
f 5014 5021 4904 4880 
f 5016 5023 4911 4887 
f 5017 5024 4922 4898 
f 5019 5026 4924 4900 
f 5021 5028 4928 4904 
f 5023 5030 4935 4911 
f 5032 5033 4963 4960 
f 5036 5037 4977 4974 
f 5040 5041 4981 4978 
f 5046 5047 5065 5062 
f 5059 5060 5048 5045 
f 5063 5064 5052 5049 
f 5073 5074 5900 6087 
f 5077 5078 5061 5058 
f 5081 5082 5075 5072 
f 5084 5085 5079 5076 
f 5110 5111 5129 5126 
f 5123 5124 5112 5109 
f 5127 5128 5116 5113 
f 5137 5138 5151 5148 
f 5141 5142 5125 5122 
f 5145 5146 5139 5136 
f 5149 5150 5143 5140 
f 5175 5176 5195 5192 
f 5189 5190 5177 5174 
f 5193 5194 5181 5178 
f 5203 5204 5217 5214 
f 5207 5208 5191 5188 
f 5211 5212 5205 5202 
f 5215 5216 5209 5206 
f 5176 5240 5250 5195 
f 5190 5247 5241 5177 
f 5194 5249 5243 5181 
f 5204 5254 5261 5217 
f 5208 5256 5248 5191 
f 5212 5258 5255 5205 
f 5216 5260 5257 5209 
f 5274 5275 5293 5290 
f 5287 5288 5276 5273 
f 5291 5292 5280 5277 
f 5301 5302 5315 5312 
f 5305 5306 5289 5286 
f 5309 5310 5303 5300 
f 5313 5314 5307 5304 
f 5471 5472 5481 5482 
f 5483 5484 5497 5498 
f 5485 5486 5469 5470 
f 5495 5496 5501 5502 
f 5499 5500 5505 5506 
f 5503 5504 5532 5533 
f 5507 5508 5493 5494 
f 5472 5275 5276 5481 
f 5484 5288 5289 5497 
f 5486 5292 5293 5469 
f 5496 5302 5303 5501 
f 5500 5306 5307 5505 
f 5504 5310 5311 5532 
f 5508 5314 5315 5493 
f 5363 5471 5482 5366 
f 5377 5483 5498 
f 5363 5485 5470 
f 5384 5495 5502 5387 
f 5377 5499 5506 5389 
f 5387 5503 5533 
f 5384 5507 5494 
f 5274 5240 5241 5273 
f 5287 5247 5248 5286 
f 5291 5249 5250 5290 
f 5301 5254 5255 5300 
f 5305 5256 5257 5304 
f 5309 5258 5259 5308 
f 5313 5260 5261 5312 
f 5175 5111 5112 5174 
f 5189 5124 5125 5188 
f 5193 5128 5129 5192 
f 5203 5138 5139 5202 
f 5207 5142 5143 5206 
f 5211 5146 5147 5210 
f 5215 5150 5151 5214 
f 5602 5603 5649 5648 
f 5608 5609 5639 5636 
f 5622 5623 5643 5640 
f 5626 5627 5647 5644 
f 5637 5638 5604 5601 
f 5641 5642 5610 5607 
f 5645 5646 5624 5621 
f 5666 5667 5700 5701 
f 5672 5673 5704 5705 
f 5686 5687 5708 5709 
f 5690 5691 5712 5713 
f 5702 5703 5670 5671 
f 5706 5707 5684 5685 
f 5710 5711 5688 5689 
f 5667 5603 5604 5700 
f 5673 5609 5610 5704 
f 5687 5623 5624 5708 
f 5691 5627 5628 5712 
f 5703 5638 5639 5670 
f 5707 5642 5643 5684 
f 5711 5646 5647 5688 
f 5725 5666 5701 5741 
f 5728 5672 5705 5743 
f 5735 5686 5709 5745 
f 5737 5690 5713 5747 
f 5742 5702 5671 5727 
f 5744 5706 5685 5734 
f 5746 5710 5689 5736 
f 5806 5807 5817 5818 
f 5819 5820 5823 5824 
f 5821 5822 5804 5805 
f 5825 5826 5827 5828 
f 5829 5830 6087 5900 
f 5839 5840 5841 5842 
f 5843 5844 5862 5863 
f 5875 5876 5886 5887 
f 5888 5889 5892 5893 
f 5890 5891 5873 5874 
f 5894 5895 5896 5897 
f 5898 5899 5837 5838 
f 5840 5074 5075 5841 
f 5844 5082 5083 5862 
f 5876 5806 5818 5886 
f 5889 5819 5824 5892 
f 5891 5821 5805 5873 
f 5895 5825 5828 5896 
f 5899 5829 5900 5837 
f 5905 5839 5842 5906 
f 5907 5843 5863 5916 
f 5922 5875 5887 5927 
f 5928 5888 5893 5930 
f 5929 5890 5874 5921 
f 5931 5894 5897 5932 
f 5933 5898 5838 5904 
f 5950 5951 5996 5997 
f 5956 5957 5984 5985 
f 5970 5971 5988 5989 
f 5974 5975 5992 5993 
f 5986 5987 5948 5949 
f 5990 5991 5954 5955 
f 5994 5995 5968 5969 
f 5951 4956 4957 5996 
f 5957 4962 4963 5984 
f 5971 4976 4977 5988 
f 5975 4980 4981 5992 
f 5987 5033 5034 5948 
f 5991 5037 5038 5954 
f 5995 5041 5042 5968 
f 6074 5950 5997 6082 
f 5084 5956 5985 5086 
f 5059 5970 5989 5058 
f 5063 5974 5993 5062 
f 6081 5986 5949 6073 
f 5077 5990 5955 5076 
f 5046 5994 5969 5045 
f 6088 6091 6090 6089 
f 6092 6095 6094 6093 
f 6095 6097 6096 6094 
f 6097 6099 6098 6096 
f 6099 6101 6100 6098 
f 6101 6103 6102 6100 
f 6103 6088 6089 6102 
f 6104 6107 6106 6105 
f 6107 6109 6108 6106 
f 6109 6111 6110 6108 
f 6111 6113 6112 6110 
f 6114 6090 6091 6115 
f 6116 6114 6115 6117 
f 6118 6116 6117 6119 
f 6120 6118 6119 6121 
f 6122 6120 6121 6123 
f 6124 6122 6123 6125 
f 6126 6124 6125 6127 
f 6128 6126 6127 6129 
f 4197 6132 6131 6130 
f 6133 6134 3795 3794 
f 6089 6090 6134 6133 
f 6135 6138 6137 6136 
f 6091 6088 6138 6135 
f 6139 6141 3918 6140 
f 6093 6094 6141 6139 
f 6142 6145 6144 6143 
f 6095 6092 6145 6142 
f 6141 6147 6146 3918 
f 6094 6096 6147 6141 
f 6148 6142 6143 6149 
f 6097 6095 6142 6148 
f 6147 6150 3793 6146 
f 6096 6098 6150 6147 
f 6151 6148 6149 6152 
f 6099 6097 6148 6151 
f 6150 6154 6153 3793 
f 6098 6100 6154 6150 
f 6155 6151 6152 6156 
f 6101 6099 6151 6155 
f 6154 6158 6157 6153 
f 6100 6102 6158 6154 
f 6159 6155 6156 6160 
f 6103 6101 6155 6159 
f 6158 6133 3794 6157 
f 6102 6089 6133 6158 
f 6138 6159 6160 6137 
f 6088 6103 6159 6138 
f 6161 6164 6163 6162 
f 6105 6106 6164 6161 
f 6165 6166 4114 3791 
f 6107 6104 6166 6165 
f 6164 6168 6167 6163 
f 6106 6108 6168 6164 
f 6169 6165 3791 3792 
f 6109 6107 6165 6169 
f 6168 6171 6170 6167 
f 6108 6110 6171 6168 
f 6172 6169 3792 3919 
f 6111 6109 6169 6172 
f 6171 6174 6173 6170 
f 6110 6112 6174 6171 
f 6175 6172 3919 4302 
f 6113 6111 6172 6175 
f 6176 6135 6136 6177 
f 6115 6091 6135 6176 
f 6134 6178 3920 3795 
f 6090 6114 6178 6134 
f 6179 6176 6177 6180 
f 6117 6115 6176 6179 
f 6178 6182 6181 3920 
f 6114 6116 6182 6178 
f 6183 6179 6180 6184 
f 6119 6117 6179 6183 
f 6182 6186 6185 6181 
f 6116 6118 6186 6182 
f 6187 6183 6184 6188 
f 6121 6119 6183 6187 
f 6186 6190 6189 6185 
f 6118 6120 6190 6186 
f 6191 6187 6188 6192 
f 6123 6121 6187 6191 
f 6190 6193 3921 6189 
f 6120 6122 6193 6190 
f 6194 6191 6192 6195 
f 6125 6123 6191 6194 
f 6193 6196 3796 3921 
f 6122 6124 6196 6193 
f 6197 6194 6195 6198 
f 6127 6125 6194 6197 
f 6196 6200 6199 3796 
f 6124 6126 6200 6196 
f 6201 6197 6198 6202 
f 6129 6127 6197 6201 
f 6200 6131 6132 6199 
f 6126 6128 6131 6200 
f 4303 3922 6204 6203 
f 3922 3869 6205 6204 
f 3869 6207 6206 6205 
f 6207 3870 6208 6206 
f 3870 4139 6209 6208 
f 6203 6204 6211 6210 
f 6204 6205 6212 6211 
f 6205 6206 6213 6212 
f 6206 6208 6214 6213 
f 6208 6209 6215 6214 
f 6210 6211 6217 6216 
f 6217 6220 6219 6218 
f 6220 6222 6221 6219 
f 6222 6224 6223 6221 
f 6214 6215 6225 6224 
f 6218 6219 6227 6226 
f 6220 6217 6211 6212 
f 6219 6221 6228 6227 
f 6222 6220 6212 6213 
f 6221 6230 6229 6228 
f 6224 6222 6213 6214 
f 6216 6217 6218 6231 
f 6231 6218 6226 6232 
f 6223 6234 6233 6230 
f 6230 6233 6235 
f 6223 6236 6234 
f 6224 6225 6236 6223 
f 6237 6201 6238 
f 6238 6201 6239 
f 6239 6201 6240 
f 6240 6201 6241 
f 6241 6201 6242 
f 6242 6201 6243 
f 6243 6201 6244 
f 6244 6201 6245 
f 6245 6201 6202 
f 6246 6129 6247 
f 6247 6129 6201 6237 
f 6248 6129 6246 
f 6249 6128 6129 6248 
f 6250 6128 6249 
f 6130 6131 6128 6250 
f 6230 6221 6223 
f 6251 6230 6235 
f 6230 6251 6252 
f 6230 6252 6253 
f 6230 6253 6254 
f 6230 6255 6229 
f 3909 5354 5466 5535 
f 5536 5537 6256 
f 5538 5539 6258 6257 
f 5540 5538 6257 6259 
f 5541 5540 6259 6260 
f 5542 5541 6260 6261 
f 5539 5536 6256 6258 
f 5544 5545 6263 6262 
f 5546 5547 6264 
f 5545 5550 5561 6263 
f 5549 5551 6265 5562 
f 5551 5552 6266 6265 
f 5553 5554 6268 6267 
f 5552 5553 6267 6266 
f 5554 5555 6269 6268 
f 5556 5354 5352 6270 
f 5555 5557 6271 6269 
f 5557 5556 6270 6271 
f 5549 5550 5450 5447 
f 6264 5547 5544 6262 
f 6272 6275 6274 6273 
f 6276 6279 6278 6277 
f 6277 6278 6281 6280 
f 6280 6281 6283 6282 
f 6282 6283 6285 6284 
f 6284 6285 6287 6286 
f 6286 6287 6289 6288 
f 6288 6289 6291 6290 
f 6290 6291 6293 6292 
f 6292 6293 6295 6294 
f 6294 6295 6297 6296 
f 6296 6297 6299 6298 
f 6298 6299 6301 6300 
f 6300 6301 6303 6302 
f 6302 6303 6305 6304 
f 6304 6305 6307 6306 
f 6306 6307 6275 6272 
f 6308 6309 4582 4540 
f 6310 6311 6309 6308 
f 6312 6313 6311 6310 
f 6273 6274 6313 6312 
f 6314 6317 6316 6315 
f 6318 6321 6320 6319 
f 6319 6320 6323 6322 
f 6322 6323 6325 6324 
f 6324 6325 6327 6326 
f 6326 6327 6329 6328 
f 6328 6329 6331 6330 
f 6330 6331 6333 6332 
f 6332 6333 6335 6334 
f 6334 6335 6337 6336 
f 6336 6337 6339 6338 
f 6338 6339 6341 6340 
f 6340 6341 6343 6342 
f 6342 6343 6345 6344 
f 6344 6345 6347 6346 
f 6346 6347 6349 6348 
f 6348 6349 6317 6314 
f 6350 6352 6351 4581 
f 6353 6354 6352 6350 
f 6355 6356 6354 6353 
f 6315 6316 6356 6355 
f 6357 6360 6359 6358 
f 6361 4640 6363 6362 
f 6362 6363 6365 6364 
f 6364 6365 6367 6366 
f 6366 6367 6369 6368 
f 6368 6369 6371 6370 
f 6370 6371 6373 6372 
f 6372 6373 6375 6374 
f 6374 6375 6377 6376 
f 6376 6377 6379 6378 
f 6378 6379 6381 6380 
f 6380 6381 6383 6382 
f 6382 6383 6385 6384 
f 6384 6385 6387 6386 
f 6386 6387 6389 6388 
f 6388 6389 6391 6390 
f 6390 6391 6360 6357 
f 6392 6393 4684 4625 
f 6394 6395 6393 6392 
f 6396 6397 6395 6394 
f 6358 6359 6397 6396 
s 2
f 6398 6400 6399 
f 6401 6400 6402 
f 6402 6400 6403 
f 6403 6400 6404 
f 6404 6400 6405 
f 6405 6400 6406 
f 6406 6400 6407 
f 6407 6400 6408 
f 6408 6400 6409 
f 6409 6400 6410 
f 6410 6400 6411 
f 6411 6400 6412 
f 6412 6400 6413 
f 6413 6400 6414 
f 6414 6400 6415 
f 6415 6400 6416 
f 6416 6400 6398 
f 6417 6400 6418 
f 6419 6400 6417 
f 6420 6400 6419 
f 6399 6400 6420 
s 1
f 6316 6317 6422 6421 
f 6320 6321 6424 6423 
f 6323 6320 6423 6425 
f 6325 6323 6425 6426 
f 6327 6325 6426 6427 
f 6329 6327 6427 6428 
f 6331 6329 6428 6429 
f 6333 6331 6429 6430 
f 6335 6333 6430 6431 
f 6337 6335 6431 6432 
f 6339 6337 6432 6433 
f 6341 6339 6433 6434 
f 6343 6341 6434 6435 
f 6345 6343 6435 6436 
f 6347 6345 6436 6437 
f 6349 6347 6437 6438 
f 6317 6349 6438 6422 
f 6351 6352 6440 6439 
f 6352 6354 6441 6440 
f 6354 6356 6442 6441 
f 6356 6316 6421 6442 
f 6443 6446 6445 6444 
f 6447 6450 6449 6448 
f 6450 6452 6451 6449 
f 6452 6454 6453 6451 
f 6454 6456 6455 6453 
f 6456 6458 6457 6455 
f 6458 6460 6459 6457 
f 6460 6462 6461 6459 
f 6462 6464 6463 6461 
f 6464 6466 6465 6463 
f 6466 6468 6467 6465 
f 6468 6470 6469 6467 
f 6470 6472 6471 6469 
f 6472 6474 6473 6471 
f 6474 6476 6475 6473 
f 6476 6478 6477 6475 
f 6478 6443 6444 6477 
f 6479 3963 6481 6480 
f 6482 6479 6480 6483 
f 6484 6482 6483 6485 
f 6446 6484 6485 6445 
f 4752 4753 6446 6443 
f 4756 4757 6450 6447 
f 4757 4759 6452 6450 
f 4759 4761 6454 6452 
f 4761 4763 6456 6454 
f 4763 4765 6458 6456 
f 4765 4767 6460 6458 
f 4767 4769 6462 6460 
f 4769 4771 6464 6462 
f 4771 4773 6466 6464 
f 4773 4775 6468 6466 
f 4775 4777 6470 6468 
f 4777 4779 6472 6470 
f 4779 4781 6474 6472 
f 4781 4783 6476 6474 
f 4783 4785 6478 6476 
f 4785 4752 6443 6478 
f 4788 4789 3963 6479 
f 4791 4788 6479 6482 
f 4793 4791 6482 6484 
f 4753 4793 6484 6446 
f 6444 6445 6487 6486 
f 6448 6449 6489 6488 
f 6449 6451 6489 
f 6453 6455 6491 6490 
f 6455 6457 6492 6491 
f 6457 6459 6493 6492 
f 6459 6461 6494 6493 
f 6461 6463 6495 6494 
f 6463 6465 6496 6495 
f 6465 6467 6497 6496 
f 6467 6469 6498 6497 
f 6469 6471 6499 6498 
f 6471 6473 6500 6499 
f 6473 6475 6501 6500 
f 6475 6477 6502 6501 
f 6477 6444 6486 6502 
f 6480 6481 6504 6503 
f 6483 6480 6503 6505 
f 6485 6483 6505 6506 
f 6445 6485 6506 6487 
f 4795 4941 4944 4794 
f 4799 4945 4948 4798 
f 4798 4948 4949 4802 
f 4805 4952 4954 4804 
f 4809 5032 4960 4808 
f 4813 4958 4940 4812 
f 4817 5036 4974 4816 
f 4820 4964 4958 4813 
f 4823 4966 4967 4822 
f 4826 4827 4973 4970 
f 4831 5040 4978 4830 
f 4835 5043 4982 4834 
f 4834 4982 4983 4838 
f 4838 4983 4986 4840 
f 4840 4986 4988 4842 
f 4826 4970 4966 4823 
f 4822 4967 4964 4820 
f 4990 4955 5031 4989 
f 4994 4961 5035 4993 
f 4998 4975 5039 4997 
f 5001 4979 5043 4835 
f 4812 4940 4941 4795 
f 4802 4949 4952 4805 
f 4794 4944 4945 4799 
f 5573 5564 5565 5572 
f 6011 6084 6085 6010 
f 6010 6085 5564 5573 
f 6011 6050 6086 6084 
f 4989 5031 5032 4809 
f 4993 5035 5036 4817 
f 4997 5039 5040 4831 
f 4804 4954 4955 4990 
f 4808 4960 4961 4994 
f 4816 4974 4975 4998 
f 4830 4978 4979 5001 
f 6230 6254 6255 
f 4828 5571 5572 4827 
f 4860 5575 5571 4828 
f 4884 5577 5575 4860 
f 4908 5579 5577 4884 
f 4932 5581 5579 4908 
f 4973 5565 5566 4972 
f 5620 5584 5585 5619 
f 5683 6063 6064 5682 
f 5682 6064 5584 5620 
f 5683 5733 6065 6063 
f 5756 5752 4096 4097 
f 5783 6060 6059 5782 
f 5790 5567 5568 5789 
f 5789 5568 5759 5795 
f 5795 5759 5752 5756 
f 5798 5778 5567 5790 
f 5782 6059 5778 5798 
f 5967 5998 5999 5966 
f 4972 5566 5998 5967 
f 5966 5999 6083 6080 
f 6093 6104 6105 6092 
f 6140 4114 6166 6139 
f 6139 6166 6104 6093 
f 6145 6161 6162 6144 
f 6092 6105 6161 6145 
f 4827 5572 5565 4973 
f 4139 6056 6057 6209 
f 6209 6057 6058 6215 
f 6215 6058 6048 6225 
f 6227 6053 6054 6226 
f 6228 6052 6053 6227 
f 6229 6051 6052 6228 
f 6226 6054 6055 6232 
f 6234 5761 5762 6233 
f 6233 5762 5776 6235 
f 6236 6049 5761 6234 
f 6225 6048 6049 6236 
f 6251 6235 6061 6062 
f 6251 6062 6046 6252 
f 6252 6046 6047 6253 
f 6253 6047 6086 6254 
f 6255 6050 6051 6229 
f 6254 6086 6050 6255 
f 5795 5769 5768 5789 
f 6130 5740 4196 4197 
f 6137 5717 5718 6136 
f 6144 5733 5731 6143 
f 6143 5731 5732 6149 
f 6149 5732 5729 6152 
f 6152 5729 5730 6156 
f 6156 5730 5726 6160 
f 6160 5726 5717 6137 
f 6163 6042 6065 6162 
f 6167 6041 6042 6163 
f 6170 5749 6041 6167 
f 6170 6173 5714 5749 
f 6136 5718 5719 6177 
f 6177 5719 5720 6180 
f 6180 5720 5721 6184 
f 6184 5721 5722 6188 
f 6188 5722 5723 6192 
f 6192 5723 5724 6195 
f 6195 5724 5725 6198 
f 6198 5725 5741 6202 
f 6238 5745 5746 6237 
f 6239 5735 5745 6238 
f 6240 5734 5735 6239 
f 6241 5744 5734 6240 
f 6242 5743 5744 6241 
f 6243 5728 5743 6242 
f 6244 5727 5728 6243 
f 6245 5742 5727 6244 
f 6202 5741 5742 6245 
f 6247 5736 5737 6246 
f 6237 5746 5736 6247 
f 6246 5737 5747 6248 
f 6248 5747 5738 6249 
f 6249 5738 5739 6250 
f 6250 5739 5740 6130 
f 6162 6065 5733 6144 
f 4917 5592 5587 4916 
f 4919 5596 5591 4918 
f 4920 5595 5596 4919 
f 4922 5648 5599 4921 
f 4924 5636 5637 4923 
f 4926 5588 5605 4925 
f 4928 5640 5641 4927 
f 4925 5605 5611 4929 
f 4931 5612 5615 4930 
f 4933 5616 5619 4932 
f 4935 5644 5645 4934 
f 4937 5630 5625 4936 
f 4938 5629 5630 4937 
f 4939 5633 5629 4938 
f 4269 4268 5633 4939 
f 4930 5615 5616 4933 
f 4929 5611 5612 4931 
f 5025 5601 5602 5024 
f 5027 5607 5608 5026 
f 5029 5621 5622 5028 
f 4936 5625 5626 5030 
f 4916 5587 5588 4926 
f 4921 5599 5595 4920 
f 4918 5591 5592 4917 
f 5581 5585 5586 5582 
f 6021 6043 6044 6020 
f 5582 5586 6043 6021 
f 6020 6044 5714 6055 
f 4923 5637 5601 5025 
f 4927 5641 5607 5027 
f 4934 5645 5621 5029 
f 5024 5602 5648 4922 
f 5026 5608 5636 4924 
f 5028 5622 5640 4928 
f 5030 5626 5644 4935 
f 4932 5619 5585 5581 
f 6203 6175 4302 4303 
f 6210 6113 6175 6203 
f 6216 6112 6113 6210 
f 6231 6174 6112 6216 
f 6232 6173 6174 6231 
f 6055 5714 6173 6232 
f 5087 6067 6075 5751 
f 5777 6033 6061 5776 
f 5784 6079 6080 5783 
f 5802 6076 6077 5801 
f 5801 6077 6078 5803 
f 5803 6078 6079 5784 
f 5751 6075 6076 5802 
f 6031 6045 6032 6030 
f 6030 6032 6033 5777 
f 6060 6083 6045 6031 
f 5783 6080 6083 6060 
f 5776 6061 6235 
f 5804 5065 5047 5807 
f 5808 5051 5052 5811 
f 5812 5054 5051 5808 
f 5814 5056 5054 5812 
f 5816 4344 5056 5814 
f 5817 5048 5060 5820 
f 5811 5052 5064 5822 
f 5823 5061 5078 5826 
f 5827 5079 5085 5830 
f 5807 5047 5048 5817 
f 5820 5060 5061 5823 
f 5822 5064 5065 5804 
f 5826 5078 5079 5827 
f 5830 5085 5086 6087 
f 5067 6070 6071 5066 
f 5070 6072 6070 5067 
f 5073 6081 6073 5072 
f 5081 6074 6082 5080 
f 5091 6068 6069 5090 
f 5090 6069 6066 5088 
f 5080 6082 6072 5070 
f 5066 6071 6068 5091 
f 6087 5086 6081 5073 
f 5072 6073 6074 5081 
f 5094 5088 5098 5095 
f 5087 5088 6066 6067 
f 5110 5922 5927 5109 
f 5114 5923 5924 5113 
f 5117 5925 5923 5114 
f 5119 5926 5925 5117 
f 5121 4400 5926 5119 
f 5123 5928 5930 5122 
f 5127 5929 5921 5126 
f 5131 5901 5902 5130 
f 5134 5903 5901 5131 
f 5137 5905 5906 5136 
f 5141 5931 5932 5140 
f 5145 5907 5916 5144 
f 5149 5933 5904 5148 
f 5153 5909 5910 5152 
f 5156 5908 5909 5153 
f 5152 5910 5911 5158 
f 5158 5911 5912 5160 
f 5160 5912 5105 5162 
f 5165 5101 5102 5164 
f 5162 5105 5101 5165 
f 5164 5102 5107 5168 
f 5171 5357 5359 5170 
f 5168 5107 5355 5338 
f 5338 5355 5357 5171 
f 5144 5916 5903 5134 
f 5170 5359 5361 6507 
f 5130 5902 5908 5156 
f 5126 5921 5922 5110 
f 5109 5927 5928 5123 
f 5113 5924 5929 5127 
f 5148 5904 5905 5137 
f 5122 5930 5931 5141 
f 5136 5906 5907 5145 
f 5140 5932 5933 5149 
f 5089 5098 5088 
f 5750 5097 5098 5089 
f 4467 4466 5920 6508 
f 5787 5915 5913 5786 
f 5793 5918 5917 5792 
f 5792 5917 5915 5787 
f 5754 5919 5918 5793 
f 5786 5913 5914 5797 
f 5797 5914 5100 5800 
f 5800 5100 5097 5750 
f 4467 6732 6687 
f 4467 6508 6735 6732 
f 5754 6738 6735 6508 
f 5802 5800 5750 5751 
f 5353 6488 6489 5352 
f 5562 6497 6498 5561 
f 6509 6502 6486 6256 
f 6258 6487 6506 6257 
f 6257 6506 6505 6259 
f 6259 6505 6503 6260 
f 6260 6503 6504 6261 
f 6256 6486 6487 6258 
f 6263 6499 6500 6262 
f 6264 6501 6502 6509 
f 5561 6498 6499 6263 
f 6265 6496 6497 5562 
f 6266 6495 6496 6265 
f 6268 6493 6494 6267 
f 6267 6494 6495 6266 
f 6269 6492 6493 6268 
f 5352 6489 6490 6270 
f 6271 6491 6492 6269 
f 6270 6490 6491 6271 
f 6262 6500 6501 6264 
f 6256 5537 5543 6509 
f 6509 5543 5548 
f 5546 6264 6509 5548 
f 6489 6451 6453 6490 
f 6273 4750 4751 6272 
f 6277 4754 4755 6276 
f 6280 4758 4754 6277 
f 6282 4760 4758 6280 
f 6284 4762 4760 6282 
f 6286 4764 4762 6284 
f 6288 4766 4764 6286 
f 6290 4768 4766 6288 
f 6292 4770 4768 6290 
f 6294 4772 4770 6292 
f 6296 4774 4772 6294 
f 6298 4776 4774 6296 
f 6300 4778 4776 6298 
f 6302 4780 4778 6300 
f 6304 4782 4780 6302 
f 6306 4784 4782 6304 
f 6272 4751 4784 6306 
f 4540 4786 4787 6308 
f 6308 4787 4790 6310 
f 6310 4790 4792 6312 
f 6312 4792 4750 6273 
f 6275 6314 6315 6274 
f 6279 6318 6319 6278 
f 6278 6319 6322 6281 
f 6281 6322 6324 6283 
f 6283 6324 6326 6285 
f 6285 6326 6328 6287 
f 6287 6328 6330 6289 
f 6289 6330 6332 6291 
f 6291 6332 6334 6293 
f 6293 6334 6336 6295 
f 6295 6336 6338 6297 
f 6297 6338 6340 6299 
f 6299 6340 6342 6301 
f 6301 6342 6344 6303 
f 6303 6344 6346 6305 
f 6305 6346 6348 6307 
f 6307 6348 6314 6275 
f 6309 6350 4581 4582 
f 6311 6353 6350 6309 
f 6313 6355 6353 6311 
f 6274 6315 6355 6313 
f 6358 6421 6422 6357 
f 6362 6423 6424 6361 
f 6364 6425 6423 6362 
f 6366 6426 6425 6364 
f 6368 6427 6426 6366 
f 6370 6428 6427 6368 
f 6372 6429 6428 6370 
f 6374 6430 6429 6372 
f 6376 6431 6430 6374 
f 6378 6432 6431 6376 
f 6380 6433 6432 6378 
f 6382 6434 6433 6380 
f 6384 6435 6434 6382 
f 6386 6436 6435 6384 
f 6388 6437 6436 6386 
f 6390 6438 6437 6388 
f 6357 6422 6438 6390 
f 4625 6439 6440 6392 
f 6392 6440 6441 6394 
f 6394 6441 6442 6396 
f 6396 6442 6421 6358 
f 6360 6511 6510 6359 
f 4640 4639 6512 6363 
f 6363 6512 6513 6365 
f 6365 6513 6514 6367 
f 6367 6514 6515 6369 
f 6369 6515 6516 6371 
f 6371 6516 6517 6373 
f 6373 6517 6518 6375 
f 6375 6518 6519 6377 
f 6377 6519 6520 6379 
f 6379 6520 6521 6381 
f 6381 6521 6522 6383 
f 6383 6522 6523 6385 
f 6385 6523 6524 6387 
f 6387 6524 6525 6389 
f 6389 6525 6526 6391 
f 6391 6526 6511 6360 
f 6393 6527 4683 4684 
f 6395 6528 6527 6393 
f 6397 6529 6528 6395 
f 6359 6510 6529 6397 
s 2
f 6399 6510 6511 6398 
f 6402 6512 4639 6401 
f 6403 6513 6512 6402 
f 6404 6514 6513 6403 
f 6405 6515 6514 6404 
f 6406 6516 6515 6405 
f 6407 6517 6516 6406 
f 6408 6518 6517 6407 
f 6409 6519 6518 6408 
f 6410 6520 6519 6409 
f 6411 6521 6520 6410 
f 6412 6522 6521 6411 
f 6413 6523 6522 6412 
f 6414 6524 6523 6413 
f 6415 6525 6524 6414 
f 6416 6526 6525 6415 
f 6398 6511 6526 6416 
f 6418 4683 6527 6417 
f 6417 6527 6528 6419 
f 6419 6528 6529 6420 
f 6420 6529 6510 6399 
s 1
f 5361 5362 3788 6530 
f 5871 5872 5868 5869 
f 5872 5362 5360 5868 
f 5920 5871 5869 5919 
f 6507 5361 6530 5559 
f 6508 5920 5919 5754 
s 2
f 6823 6825 6532 6531 
f 6829 6778 6534 6533 
f 6832 6829 6533 6535 
f 6835 6832 6535 6536 
f 6537 6792 6837 6538 
f 6538 6837 6840 6539 
f 6539 6840 6843 6540 
f 6540 6843 6846 6541 
f 6542 6541 6846 6849 
f 6543 6542 6849 6852 
f 6856 6835 6536 6544 
f 6545 6543 6852 6858 
f 6546 6545 6858 6861 
f 6547 6546 6861 6864 
f 6531 6547 6864 6823 
f 6825 6856 6544 6532 
s 1
f 6548 5173 6549 
f 5173 6548 6550 5342 
f 5342 6550 6551 
f 5237 5342 5236 
f 5341 5342 6551 
f 5236 5340 5346 
f 5558 6553 6552 
f 6554 6556 6555 
f 5558 6552 6556 6554 
f 5558 5345 6553 
f 6507 6557 6549 
f 6507 6558 6557 
f 6507 6559 6558 
f 5559 5560 6559 6507 
f 5341 6561 6560 5340 
f 5346 6563 6562 5345 
f 4713 4712 6564 5560 
s 2
f 6532 6563 6560 6531 
f 6534 6566 6565 6533 
f 6533 6565 6567 6535 
f 6535 6567 6568 6536 
f 6538 6564 4712 6537 
f 6539 6569 6564 6538 
f 6540 6570 6569 6539 
f 6541 6571 6570 6540 
f 6542 6572 6571 6541 
f 6543 6573 6572 6542 
f 6536 6568 6562 6544 
f 6545 6574 6573 6543 
f 6546 6575 6574 6545 
f 6547 6561 6575 6546 
f 6531 6560 6561 6547 
f 6544 6562 6563 6532 
s 1
f 6549 6572 6573 6548 
f 6548 6573 6574 6550 
f 6550 6574 6575 6551 
f 6551 6575 6561 5341 
f 5340 6560 6563 5346 
f 6553 6568 6567 6552 
f 6556 6565 6566 6555 
f 6552 6567 6565 6556 
f 5345 6562 6568 6553 
f 6557 6571 6572 6549 
f 6558 6570 6571 6557 
f 6559 6569 6570 6558 
f 5560 6564 6569 6559 
f 5349 5558 6554 
f 5239 5345 5558 
f 6507 6549 5173 5170 
f 6582 6578 6576 
f 6585 6582 6576 
f 6591 6587 6576 
f 6594 6591 6576 
f 6597 6594 6576 
f 6600 6597 6576 
f 6603 6600 6576 
f 6606 6603 6576 
f 6609 6606 6576 
f 6612 6609 6576 
f 6615 6612 6576 
f 6618 6615 6576 
f 6621 6618 6576 
f 6624 6621 6576 
f 6627 6624 6576 
f 6578 6627 6576 
f 6633 6629 6576 
f 6629 6585 6576 
f 6587 6635 6576 
f 6635 6638 6576 
f 6638 6641 6576 
f 6641 6644 6576 
f 6644 6647 6576 
f 6647 6650 6576 
f 6650 6653 6576 
f 6653 6656 6576 
f 6656 6659 6576 
f 6659 6662 6576 
f 6662 6665 6576 
f 6665 6668 6576 
f 6668 6671 6576 
f 6671 6633 6576 
s 2
f 6581 6579 6577 6580 
f 6584 6581 6580 6583 
f 6590 6588 6586 6589 
f 6593 6590 6589 6592 
f 6596 6593 6592 6595 
f 6599 6596 6595 6598 
f 6602 6599 6598 6601 
f 6605 6602 6601 6604 
f 6608 6605 6604 6607 
f 6611 6608 6607 6610 
f 6614 6611 6610 6613 
f 6617 6614 6613 6616 
f 6620 6617 6616 6619 
f 6623 6620 6619 6622 
f 6626 6623 6622 6625 
f 6579 6626 6625 6577 
f 6632 6630 6628 6631 
f 6630 6584 6583 6628 
f 6588 6636 6634 6586 
f 6636 6639 6637 6634 
f 6639 6642 6640 6637 
f 6642 6645 6643 6640 
f 6645 6648 6646 6643 
f 6648 6651 6649 6646 
f 6651 6654 6652 6649 
f 6654 6657 6655 6652 
f 6657 6660 6658 6655 
f 6660 6663 6661 6658 
f 6663 6666 6664 6661 
f 6666 6669 6667 6664 
f 6669 6672 6670 6667 
f 6672 6632 6631 6670 
s 1
f 6578 6582 6580 6577 
f 6582 6585 6583 6580 
f 6587 6591 6589 6586 
f 6591 6594 6592 6589 
f 6594 6597 6595 6592 
f 6597 6600 6598 6595 
f 6600 6603 6601 6598 
f 6603 6606 6604 6601 
f 6606 6609 6607 6604 
f 6609 6612 6610 6607 
f 6612 6615 6613 6610 
f 6615 6618 6616 6613 
f 6618 6621 6619 6616 
f 6621 6624 6622 6619 
f 6624 6627 6625 6622 
f 6627 6578 6577 6625 
f 6629 6633 6631 6628 
f 6585 6629 6628 6583 
f 6635 6587 6586 6634 
f 6638 6635 6634 6637 
f 6641 6638 6637 6640 
f 6644 6641 6640 6643 
f 6647 6644 6643 6646 
f 6650 6647 6646 6649 
f 6653 6650 6649 6652 
f 6656 6653 6652 6655 
f 6659 6656 6655 6658 
f 6662 6659 6658 6661 
f 6665 6662 6661 6664 
f 6668 6665 6664 6667 
f 6671 6668 6667 6670 
f 6633 6671 6670 6631 
s 2
f 6677 6675 6673 6676 
f 6675 6681 6679 6673 
f 6686 6684 6682 6685 
f 6684 6690 6688 6682 
f 6690 6693 6691 6688 
f 6693 6696 6694 6691 
f 6696 6699 6697 6694 
f 6699 6702 6700 6697 
f 6702 6705 6703 6700 
f 6705 6708 6706 6703 
f 6708 6711 6709 6706 
f 6711 6714 6712 6709 
f 6714 6717 6715 6712 
f 6717 6720 6718 6715 
f 6720 6723 6721 6718 
f 6723 6677 6676 6721 
s 1
f 6695 6692 6691 6694 
f 6678 6722 6721 6676 
f 6698 6695 6694 6697 
f 6701 6698 6697 6700 
f 6704 6701 6700 6703 
f 6707 6704 6703 6706 
f 6710 6707 6706 6709 
f 6713 6710 6709 6712 
f 6716 6713 6712 6715 
f 6719 6716 6715 6718 
f 6722 6719 6718 6721 
f 6680 6674 6673 6679 
f 6674 6678 6676 6673 
f 6683 6687 6685 6682 
f 6689 6683 6682 6688 
f 6692 6689 6688 6691 
s 2
f 6728 6726 6724 6727 
f 6681 6728 6727 6679 
f 6731 6686 6685 6730 
f 6734 6731 6730 6733 
f 6737 6734 6733 6736 
f 6740 6737 6736 6739 
f 6743 6740 6739 6742 
f 6746 6743 6742 6745 
f 6749 6746 6745 6748 
f 6752 6749 6748 6751 
f 6755 6752 6751 6754 
f 6758 6755 6754 6757 
f 6761 6758 6757 6760 
f 6764 6761 6760 6763 
f 6767 6764 6763 6766 
f 6726 6767 6766 6724 
s 1
f 6738 6741 6739 6736 
f 6768 6725 6724 6766 
f 6741 6744 6742 6739 
f 6744 6747 6745 6742 
f 6747 6750 6748 6745 
f 6750 6753 6751 6748 
f 6753 6756 6754 6751 
f 6756 6759 6757 6754 
f 6759 6762 6760 6757 
f 6762 6765 6763 6760 
f 6765 6768 6766 6763 
f 6729 6680 6679 6727 
f 6725 6729 6727 6724 
f 6687 6732 6730 6685 
f 6732 6735 6733 6730 
f 6735 6738 6736 6733 
f 6775 6771 6769 
f 6781 6777 6769 
f 6784 6781 6769 
f 6787 6784 6769 
f 6793 6789 6769 
f 6789 6795 6769 
f 6795 6798 6769 
f 6798 6801 6769 
f 6801 6804 6769 
f 6804 6807 6769 
f 6811 6787 6769 
f 6807 6813 6769 
f 6813 6816 6769 
f 6816 6819 6769 
f 6819 6775 6769 
f 6771 6811 6769 
f 6826 6822 6769 
f 6777 6828 6769 
f 6828 6831 6769 
f 6831 6834 6769 
f 6838 6793 6769 
f 6841 6838 6769 
f 6844 6841 6769 
f 6847 6844 6769 
f 6850 6847 6769 
f 6853 6850 6769 
f 6834 6855 6769 
f 6859 6853 6769 
f 6862 6859 6769 
f 6865 6862 6769 
f 6822 6865 6769 
f 6855 6826 6769 
s 2
f 6774 6772 6770 6773 
f 6780 6778 6776 6779 
f 6783 6780 6779 6782 
f 6786 6783 6782 6785 
f 6792 6790 6788 6791 
f 6790 6796 6794 6788 
f 6796 6799 6797 6794 
f 6799 6802 6800 6797 
f 6802 6805 6803 6800 
f 6805 6808 6806 6803 
f 6810 6786 6785 6809 
f 6808 6814 6812 6806 
f 6814 6817 6815 6812 
f 6817 6820 6818 6815 
f 6820 6774 6773 6818 
f 6772 6810 6809 6770 
f 6825 6823 6821 6824 
f 6778 6829 6827 6776 
f 6829 6832 6830 6827 
f 6832 6835 6833 6830 
f 6837 6792 6791 6836 
f 6840 6837 6836 6839 
f 6843 6840 6839 6842 
f 6846 6843 6842 6845 
f 6849 6846 6845 6848 
f 6852 6849 6848 6851 
f 6835 6856 6854 6833 
f 6858 6852 6851 6857 
f 6861 6858 6857 6860 
f 6864 6861 6860 6863 
f 6823 6864 6863 6821 
f 6856 6825 6824 6854 
s 1
f 6771 6775 6773 6770 
f 6777 6781 6779 6776 
f 6781 6784 6782 6779 
f 6784 6787 6785 6782 
f 6789 6793 6791 6788 
f 6795 6789 6788 6794 
f 6798 6795 6794 6797 
f 6801 6798 6797 6800 
f 6804 6801 6800 6803 
f 6807 6804 6803 6806 
f 6787 6811 6809 6785 
f 6813 6807 6806 6812 
f 6816 6813 6812 6815 
f 6819 6816 6815 6818 
f 6775 6819 6818 6773 
f 6811 6771 6770 6809 
f 6822 6826 6824 6821 
f 6828 6777 6776 6827 
f 6831 6828 6827 6830 
f 6834 6831 6830 6833 
f 6793 6838 6836 6791 
f 6838 6841 6839 6836 
f 6841 6844 6842 6839 
f 6844 6847 6845 6842 
f 6847 6850 6848 6845 
f 6850 6853 6851 6848 
f 6855 6834 6833 6854 
f 6853 6859 6857 6851 
f 6859 6862 6860 6857 
f 6862 6865 6863 6860 
f 6865 6822 6821 6863 
f 6826 6855 6854 6824 
f 4463 4701 6692 6695 
f 6975 6977 6921 6920 
f 6977 6979 6922 6921 
f 6979 6981 6923 6922 
f 6981 6983 6924 6923 
f 6983 6985 6925 6924 
f 6985 6987 6926 6925 
f 6987 6989 6927 6926 
f 6989 6991 6928 6927 
f 6991 6993 6929 6928 
f 6993 6995 6930 6929 
f 6995 6997 6931 6930 
f 6997 6999 6932 6931 
f 6999 7001 6933 6932 
f 7001 7003 6934 6933 
f 7003 7005 6935 6934 
f 7005 7007 6936 6935 
f 7007 7009 6937 6936 
f 7009 6975 6920 6937 
f 6942 6940 7119 7120 
f 6940 6944 7121 7119 
f 6944 6946 7122 7121 
f 6946 6948 7123 7122 
f 6948 6950 7124 7123 
f 6950 6952 7125 7124 
f 6952 6954 7126 7125 
f 6954 6956 7127 7126 
f 6956 6958 7128 7127 
f 6958 6960 7129 7128 
f 6960 6962 7130 7129 
f 6962 6964 7131 7130 
f 6964 6966 7132 7131 
f 6966 6968 7133 7132 
f 6968 6970 7134 7133 
f 6970 6972 7135 7134 
f 6972 6974 7136 7135 
f 6974 6942 7120 7136 
f 6866 6867 7137 7138 
f 6867 6868 7139 7137 
f 6868 6869 7140 7139 
f 6869 6870 7141 7140 
f 6870 6871 7142 7141 
f 6871 6872 7143 7142 
f 6872 6873 7144 7143 
f 6873 6874 7145 7144 
f 6874 6875 7146 7145 
f 6875 6876 7147 7146 
f 6876 6877 7148 7147 
f 6877 6878 7149 7148 
f 6878 6879 7150 7149 
f 6879 6880 7151 7150 
f 6880 6881 7152 7151 
f 6881 6882 7153 7152 
f 6882 6883 7154 7153 
f 6883 6866 7138 7154 
f 6884 6885 6903 6902 
f 6885 6886 6904 6903 
f 6886 6887 6905 6904 
f 6887 6888 6906 6905 
f 6888 6889 6907 6906 
f 6889 6890 6908 6907 
f 6890 6891 6909 6908 
f 6891 6892 6910 6909 
f 6892 6893 6911 6910 
f 6893 6894 6912 6911 
f 6894 6895 6913 6912 
f 6895 6896 6914 6913 
f 6896 6897 6915 6914 
f 6897 6898 6916 6915 
f 6898 6899 6917 6916 
f 6899 6900 6918 6917 
f 6900 6901 6919 6918 
f 6901 6884 6902 6919 
f 6978 6976 7013 7015 
f 6980 6978 7015 7018 
f 6982 6980 7018 7021 
f 6984 6982 7021 7024 
f 6986 6984 7024 7027 
f 6988 6986 7027 7030 
f 6990 6988 7030 7033 
f 6992 6990 7033 7036 
f 6994 6992 7036 7039 
f 6996 6994 7039 7042 
f 6998 6996 7042 7045 
f 7000 6998 7045 7048 
f 7002 7000 7048 7051 
f 7004 7002 7051 7054 
f 7006 7004 7054 7057 
f 7008 7006 7057 7060 
f 7010 7008 7060 7063 
f 6976 7010 7063 7013 
s 2
f 7016 7012 7067 7069 
f 7019 7016 7069 7072 
f 7022 7019 7072 7075 
f 7025 7022 7075 7078 
f 7028 7025 7078 7081 
f 7031 7028 7081 7084 
f 7034 7031 7084 7087 
f 7037 7034 7087 7090 
f 7040 7037 7090 7093 
f 7043 7040 7093 7096 
f 7046 7043 7096 7099 
f 7049 7046 7099 7102 
f 7052 7049 7102 7105 
f 7055 7052 7105 7108 
f 7058 7055 7108 7111 
f 7061 7058 7111 7114 
f 7064 7061 7114 7117 
f 7012 7064 7117 7067 
s 1
f 6921 6939 6941 6920 
f 6922 6943 6939 6921 
f 6923 6945 6943 6922 
f 6924 6947 6945 6923 
f 6925 6949 6947 6924 
f 6926 6951 6949 6925 
f 6927 6953 6951 6926 
f 6928 6955 6953 6927 
f 6929 6957 6955 6928 
f 6930 6959 6957 6929 
f 6931 6961 6959 6930 
f 6932 6963 6961 6931 
f 6933 6965 6963 6932 
f 6934 6967 6965 6933 
f 6935 6969 6967 6934 
f 6936 6971 6969 6935 
f 6937 6973 6971 6936 
f 6920 6941 6973 6937 
f 7070 7066 6938 
f 7073 7070 6938 
f 7076 7073 6938 
f 7079 7076 6938 
f 7082 7079 6938 
f 7085 7082 6938 
f 7088 7085 6938 
f 7091 7088 6938 
f 7094 7091 6938 
f 7097 7094 6938 
f 7100 7097 6938 
f 7103 7100 6938 
f 7106 7103 6938 
f 7109 7106 6938 
f 7112 7109 6938 
f 7115 7112 6938 
f 7118 7115 6938 
f 7066 7118 6938 
f 6940 6942 6941 6939 
f 6944 6940 6939 6943 
f 6946 6944 6943 6945 
f 6948 6946 6945 6947 
f 6950 6948 6947 6949 
f 6952 6950 6949 6951 
f 6954 6952 6951 6953 
f 6956 6954 6953 6955 
f 6958 6956 6955 6957 
f 6960 6958 6957 6959 
f 6962 6960 6959 6961 
f 6964 6962 6961 6963 
f 6966 6964 6963 6965 
f 6968 6966 6965 6967 
f 6970 6968 6967 6969 
f 6972 6970 6969 6971 
f 6974 6972 6971 6973 
f 6942 6974 6973 6941 
f 6976 6978 6977 6975 
f 6978 6980 6979 6977 
f 6980 6982 6981 6979 
f 6982 6984 6983 6981 
f 6984 6986 6985 6983 
f 6986 6988 6987 6985 
f 6988 6990 6989 6987 
f 6990 6992 6991 6989 
f 6992 6994 6993 6991 
f 6994 6996 6995 6993 
f 6996 6998 6997 6995 
f 6998 7000 6999 6997 
f 7000 7002 7001 6999 
f 7002 7004 7003 7001 
f 7004 7006 7005 7003 
f 7006 7008 7007 7005 
f 7008 7010 7009 7007 
f 7010 6976 6975 7009 
f 7015 7013 7011 7014 
f 7018 7015 7014 7017 
f 7021 7018 7017 7020 
f 7024 7021 7020 7023 
f 7027 7024 7023 7026 
f 7030 7027 7026 7029 
f 7033 7030 7029 7032 
f 7036 7033 7032 7035 
f 7039 7036 7035 7038 
f 7042 7039 7038 7041 
f 7045 7042 7041 7044 
f 7048 7045 7044 7047 
f 7051 7048 7047 7050 
f 7054 7051 7050 7053 
f 7057 7054 7053 7056 
f 7060 7057 7056 7059 
f 7063 7060 7059 7062 
f 7013 7063 7062 7011 
s 2
f 7012 7016 7014 7011 
f 7016 7019 7017 7014 
f 7019 7022 7020 7017 
f 7022 7025 7023 7020 
f 7025 7028 7026 7023 
f 7028 7031 7029 7026 
f 7031 7034 7032 7029 
f 7034 7037 7035 7032 
f 7037 7040 7038 7035 
f 7040 7043 7041 7038 
f 7043 7046 7044 7041 
f 7046 7049 7047 7044 
f 7049 7052 7050 7047 
f 7052 7055 7053 7050 
f 7055 7058 7056 7053 
f 7058 7061 7059 7056 
f 7061 7064 7062 7059 
f 7064 7012 7011 7062 
f 7069 7067 7065 7068 
f 7072 7069 7068 7071 
f 7075 7072 7071 7074 
f 7078 7075 7074 7077 
f 7081 7078 7077 7080 
f 7084 7081 7080 7083 
f 7087 7084 7083 7086 
f 7090 7087 7086 7089 
f 7093 7090 7089 7092 
f 7096 7093 7092 7095 
f 7099 7096 7095 7098 
f 7102 7099 7098 7101 
f 7105 7102 7101 7104 
f 7108 7105 7104 7107 
f 7111 7108 7107 7110 
f 7114 7111 7110 7113 
f 7117 7114 7113 7116 
f 7067 7117 7116 7065 
s 1
f 7066 7070 7068 7065 
f 7070 7073 7071 7068 
f 7073 7076 7074 7071 
f 7076 7079 7077 7074 
f 7079 7082 7080 7077 
f 7082 7085 7083 7080 
f 7085 7088 7086 7083 
f 7088 7091 7089 7086 
f 7091 7094 7092 7089 
f 7094 7097 7095 7092 
f 7097 7100 7098 7095 
f 7100 7103 7101 7098 
f 7103 7106 7104 7101 
f 7106 7109 7107 7104 
f 7109 7112 7110 7107 
f 7112 7115 7113 7110 
f 7115 7118 7116 7113 
f 7118 7066 7065 7116 
f 7119 6867 6866 7120 
f 7121 6868 6867 7119 
f 7122 6869 6868 7121 
f 7123 6870 6869 7122 
f 7124 6871 6870 7123 
f 7125 6872 6871 7124 
f 7126 6873 6872 7125 
f 7127 6874 6873 7126 
f 7128 6875 6874 7127 
f 7129 6876 6875 7128 
f 7130 6877 6876 7129 
f 7131 6878 6877 7130 
f 7132 6879 6878 7131 
f 7133 6880 6879 7132 
f 7134 6881 6880 7133 
f 7135 6882 6881 7134 
f 7136 6883 6882 7135 
f 7120 6866 6883 7136 
f 7137 6885 6884 7138 
f 7139 6886 6885 7137 
f 7140 6887 6886 7139 
f 7141 6888 6887 7140 
f 7142 6889 6888 7141 
f 7143 6890 6889 7142 
f 7144 6891 6890 7143 
f 7145 6892 6891 7144 
f 7146 6893 6892 7145 
f 7147 6894 6893 7146 
f 7148 6895 6894 7147 
f 7149 6896 6895 7148 
f 7150 6897 6896 7149 
f 7151 6898 6897 7150 
f 7152 6899 6898 7151 
f 7153 6900 6899 7152 
f 7154 6901 6900 7153 
f 7138 6884 6901 7154 
# 6784 polygons - 390 triangles

