# 3ds Max Wavefront OBJ Exporter v0.99 - (c)2007 guruware
# File Created: 04.11.2022 15:05:54

#
# object 99060IN
#

v  -0.0025 -5.7470 -0.4425
v  0.0792 -5.7539 -0.4403
v  0.1623 -5.7767 -0.4332
v  0.2418 -5.8162 -0.4211
v  0.3124 -5.8711 -0.4041
v  0.3694 -5.9383 -0.3835
v  0.4337 -6.0906 -0.3367
v  0.4414 -6.1667 -0.3133
v  0.4341 -6.2448 -0.2893
v  0.3690 -6.4003 -0.2416
v  0.3115 -6.4678 -0.2209
v  0.2411 -6.5223 -0.2042
v  0.1628 -6.5612 -0.1923
v  0.0818 -6.5837 -0.1855
v  0.0022 -6.5911 -0.1833
v  -0.0794 -6.5842 -0.1854
v  -0.1625 -6.5614 -0.1925
v  -0.2421 -6.5219 -0.2047
v  -0.3127 -6.4670 -0.2216
v  -0.3697 -6.3998 -0.2423
v  -0.4339 -6.2475 -0.2891
v  -0.4416 -6.1714 -0.3124
v  -0.4344 -6.0933 -0.3364
v  -0.3692 -5.9378 -0.3841
v  -0.3117 -5.8703 -0.4048
v  -0.2414 -5.8158 -0.4215
v  -0.1631 -5.7769 -0.4334
v  -0.0821 -5.7544 -0.4402
v  0.0839 -5.7818 -0.6250
v  0.1723 -5.8060 -0.6175
v  0.2568 -5.8480 -0.6045
v  0.3319 -5.9064 -0.5865
v  0.3925 -5.9779 -0.5645
v  0.3920 -6.4690 -0.4137
v  0.3309 -6.5408 -0.3917
v  0.2561 -6.5988 -0.3740
v  0.1728 -6.6401 -0.3613
v  0.0867 -6.6641 -0.3540
v  0.0021 -6.6719 -0.3517
v  -0.0847 -6.6646 -0.3540
v  -0.1731 -6.6404 -0.3615
v  -0.2577 -6.5984 -0.3744
v  -0.3327 -6.5400 -0.3924
v  -0.3934 -6.4685 -0.4144
v  -0.3929 -5.9773 -0.5652
v  -0.3317 -5.9056 -0.5872
v  -0.2570 -5.8476 -0.6050
v  -0.1737 -5.8063 -0.6176
v  -0.0876 -5.7823 -0.6249
v  -0.0029 -5.7745 -0.6273
v  0.0776 -5.8695 -0.7548
v  0.1561 -5.8914 -0.7480
v  0.2352 -5.9300 -0.7358
v  0.3000 -5.9847 -0.7193
v  0.3557 -6.0468 -0.6994
v  0.4153 -6.1884 -0.6569
v  0.4235 -6.2660 -0.6328
v  0.4135 -6.3528 -0.6062
v  0.3547 -6.4888 -0.5647
v  0.2989 -6.5537 -0.5444
v  0.2317 -6.6060 -0.5288
v  0.1556 -6.6433 -0.5168
v  0.0773 -6.6651 -0.5105
v  0.0013 -6.6721 -0.5087
v  -0.0755 -6.6658 -0.5102
v  -0.1547 -6.6441 -0.5171
v  -0.2316 -6.6060 -0.5290
v  -0.3001 -6.5535 -0.5456
v  -0.3551 -6.4883 -0.5654
v  -0.4141 -6.3501 -0.6074
v  -0.4227 -6.2687 -0.6325
v  -0.4134 -6.1815 -0.6584
v  -0.3536 -6.0444 -0.7014
v  -0.2984 -5.9803 -0.7216
v  -0.2334 -5.9289 -0.7358
v  -0.1640 -5.8947 -0.7475
v  -0.0832 -5.8703 -0.7546
v  -0.0041 -5.8629 -0.7568
v  0.4103 -6.3242 -0.2649
v  -0.4103 -6.3249 -0.2653
v  -0.4105 -6.0139 -0.3608
v  0.0853 -5.8176 -0.7424
v  0.0841 -5.8253 -0.7442
v  0.0852 -5.8153 -0.7347
v  -0.0014 -5.8101 -0.7448
v  -0.0015 -5.8078 -0.7372
v  -0.0018 -5.8179 -0.7466
v  0.1705 -5.8415 -0.7356
v  0.1683 -5.8490 -0.7374
v  0.1706 -5.8392 -0.7279
v  0.2583 -5.8839 -0.7216
v  0.2549 -5.8908 -0.7238
v  0.2582 -5.8816 -0.7140
v  0.3340 -5.9435 -0.7031
v  0.3294 -5.9491 -0.7065
v  0.3339 -5.9411 -0.6955
v  0.3936 -6.0138 -0.6811
v  0.3879 -6.0188 -0.6839
v  0.3935 -6.0115 -0.6735
v  0.4336 -6.0843 -0.6621
v  0.4298 -6.0771 -0.6637
v  0.4271 -6.0879 -0.6649
v  0.4336 -6.0922 -0.6610
v  0.4336 -6.0819 -0.6544
v  0.4336 -6.1825 -0.6494
v  0.4244 -6.1854 -0.6531
v  0.4336 -6.1800 -0.6418
v  0.4314 -6.2642 -0.6279
v  0.4277 -6.2653 -0.6306
v  0.4315 -6.2619 -0.6202
v  0.4319 -6.3498 -0.5962
v  0.4226 -6.3520 -0.6003
v  0.4319 -6.3473 -0.5886
v  0.4322 -6.4360 -0.5525
v  0.4321 -6.4289 -0.5561
v  0.4256 -6.4351 -0.5569
v  0.4284 -6.4428 -0.5503
v  0.4321 -6.4337 -0.5448
v  0.3937 -6.5047 -0.5310
v  0.3879 -6.5023 -0.5360
v  0.3936 -6.5023 -0.5233
v  0.3321 -6.5772 -0.5095
v  0.3271 -6.5737 -0.5147
v  0.3320 -6.5748 -0.5018
v  0.2571 -6.6350 -0.4907
v  0.2534 -6.6307 -0.4963
v  0.2571 -6.6327 -0.4830
v  0.1755 -6.6751 -0.4777
v  0.1725 -6.6704 -0.4835
v  0.1753 -6.6728 -0.4701
v  0.0866 -6.7002 -0.4697
v  0.0852 -6.6951 -0.4757
v  0.0866 -6.6978 -0.4621
v  0.0029 -6.7088 -0.4690
v  0.0027 -6.7033 -0.4748
v  0.0029 -6.7064 -0.4613
v  -0.0844 -6.7009 -0.4712
v  -0.0831 -6.6957 -0.4770
v  -0.0845 -6.6986 -0.4635
v  -0.1721 -6.6775 -0.4785
v  -0.1695 -6.6725 -0.4842
v  -0.1721 -6.6751 -0.4709
v  -0.2576 -6.6353 -0.4919
v  -0.2537 -6.6309 -0.4974
v  -0.2576 -6.6329 -0.4843
v  -0.3319 -6.5772 -0.5100
v  -0.3271 -6.5736 -0.5153
v  -0.3319 -6.5747 -0.5023
v  -0.3930 -6.5058 -0.5317
v  -0.3874 -6.5031 -0.5367
v  -0.3930 -6.5033 -0.5241
v  -0.4321 -6.4360 -0.5534
v  -0.4283 -6.4428 -0.5513
v  -0.4258 -6.4344 -0.5580
v  -0.4321 -6.4289 -0.5570
v  -0.4321 -6.4337 -0.5458
v  -0.4318 -6.3477 -0.5979
v  -0.4228 -6.3489 -0.6023
v  -0.4319 -6.3452 -0.5903
v  -0.4322 -6.2673 -0.6279
v  -0.4270 -6.2681 -0.6301
v  -0.4322 -6.2649 -0.6203
v  -0.4316 -6.1781 -0.6496
v  -0.4231 -6.1796 -0.6540
v  -0.4316 -6.1762 -0.6419
v  -0.4318 -6.0822 -0.6604
v  -0.4318 -6.0902 -0.6595
v  -0.4257 -6.0862 -0.6635
v  -0.4280 -6.0755 -0.6625
v  -0.4318 -6.0799 -0.6527
v  -0.3911 -6.0115 -0.6831
v  -0.3854 -6.0164 -0.6858
v  -0.3912 -6.0093 -0.6754
v  -0.3304 -5.9409 -0.7050
v  -0.3256 -5.9468 -0.7075
v  -0.3305 -5.9386 -0.6974
v  -0.2555 -5.8827 -0.7231
v  -0.2521 -5.8897 -0.7250
v  -0.2556 -5.8804 -0.7154
v  -0.1727 -5.8414 -0.7341
v  -0.1714 -5.8490 -0.7360
v  -0.1727 -5.8391 -0.7264
v  -0.0871 -5.8180 -0.7426
v  -0.0865 -5.8258 -0.7444
v  -0.0871 -5.8157 -0.7350
v  0.4324 -6.0468 -0.5441
v  0.4322 -6.0490 -0.5510
v  0.4385 -6.0606 -0.5357
v  0.4288 -6.0381 -0.5372
v  0.4322 -6.3997 -0.4355
v  0.4322 -6.4023 -0.4433
v  0.4278 -6.4075 -0.4270
v  0.4378 -6.3856 -0.4362
v  0.4320 -6.3915 -0.4379
v  -0.4321 -6.3999 -0.4358
v  -0.4319 -6.4024 -0.4436
v  -0.4375 -6.3861 -0.4365
v  -0.4283 -6.4040 -0.4264
v  -0.4318 -6.0472 -0.5442
v  -0.4318 -6.0495 -0.5519
v  -0.4283 -6.0385 -0.5385
v  -0.4362 -6.0563 -0.5385
v  -0.4319 -6.0549 -0.5419
v  0.4612 -6.1336 -0.4984
v  0.4546 -6.1346 -0.5028
v  0.4612 -6.1313 -0.4907
v  0.4700 -6.2142 -0.4692
v  0.4631 -6.2157 -0.4724
v  0.4700 -6.2117 -0.4599
v  0.4624 -6.2954 -0.4483
v  0.4556 -6.2977 -0.4518
v  0.4624 -6.2932 -0.4406
v  -0.4611 -6.3010 -0.4478
v  -0.4543 -6.3017 -0.4519
v  -0.4612 -6.2987 -0.4401
v  -0.4707 -6.2169 -0.4691
v  -0.4638 -6.2182 -0.4729
v  -0.4706 -6.2147 -0.4614
v  -0.4619 -6.1370 -0.4979
v  -0.4551 -6.1387 -0.5017
v  -0.4619 -6.1347 -0.4902
v  0.4322 -6.2221 -0.4898
v  0.4321 -6.2244 -0.4975
v  0.4390 -6.2207 -0.4860
v  0.4324 -6.1377 -0.5174
v  0.4390 -6.1368 -0.5130
v  0.4325 -6.1403 -0.5250
v  0.4319 -6.3057 -0.4641
v  0.4319 -6.3082 -0.4717
v  0.4387 -6.3034 -0.4606
v  -0.4323 -6.2241 -0.4903
v  -0.4323 -6.2265 -0.4979
v  -0.4392 -6.2228 -0.4865
v  -0.4323 -6.3041 -0.4650
v  -0.4392 -6.3034 -0.4610
v  -0.4323 -6.3066 -0.4726
v  -0.4323 -6.1444 -0.5145
v  -0.4323 -6.1463 -0.5222
v  -0.4391 -6.1427 -0.5107
v  0.3893 -6.1087 -0.6811
v  0.3879 -6.4296 -0.5825
v  -0.3900 -6.4251 -0.5839
v  -0.3893 -6.1084 -0.6815
v  0.4101 -6.0132 -0.3604
v  0.4297 -6.0751 -0.6563
v  0.4322 -6.0548 -0.5415
v  0.4283 -6.4404 -0.5427
v  -0.4283 -6.4404 -0.5437
v  -0.4318 -6.3922 -0.4381
v  -0.4281 -6.0732 -0.6549
v  0.4336 -6.0899 -0.6533
v  0.4325 -6.0568 -0.5483
v  0.4322 -6.3945 -0.4458
v  0.4322 -6.4264 -0.5484
v  -0.4321 -6.4264 -0.5493
v  -0.4318 -6.3947 -0.4460
v  -0.4318 -6.0572 -0.5495
v  -0.4319 -6.0880 -0.6517
v  0.4264 -6.0969 -0.6639
v  0.4251 -6.4273 -0.5610
v  0.4218 -6.4419 -0.5549
v  -0.4220 -6.4412 -0.5560
v  -0.4250 -6.4262 -0.5626
v  -0.4248 -6.0955 -0.6627
v  -0.4217 -6.0795 -0.6656
v  0.0789 -5.8618 -0.7530
v  -0.0041 -5.8551 -0.7550
v  -0.0846 -5.8626 -0.7527
v  -0.1666 -5.8874 -0.7455
v  -0.2372 -5.9222 -0.7336
v  -0.3033 -5.9744 -0.7191
v  -0.3593 -6.0395 -0.6985
v  -0.3956 -6.1046 -0.6782
v  -0.3964 -6.4265 -0.5794
v  -0.3608 -6.4908 -0.5604
v  -0.3050 -6.5570 -0.5403
v  -0.2354 -6.6103 -0.5234
v  -0.1573 -6.6490 -0.5113
v  -0.0767 -6.6711 -0.5043
v  0.0013 -6.6775 -0.5028
v  0.0786 -6.6703 -0.5045
v  0.1581 -6.6482 -0.5109
v  0.2355 -6.6103 -0.5231
v  0.3037 -6.5572 -0.5391
v  0.3604 -6.4913 -0.5596
v  0.3942 -6.4310 -0.5778
v  0.3959 -6.1051 -0.6783
v  0.3613 -6.0417 -0.6965
v  0.3047 -5.9789 -0.7163
v  0.2392 -5.9234 -0.7333
v  0.1586 -5.8841 -0.7460
v  0.4241 -6.0819 -0.6663
v  0.0726 -5.8947 -0.7471
v  0.0726 -5.8924 -0.7395
v  0.0741 -5.8872 -0.7494
v  -0.0038 -5.8885 -0.7489
v  -0.0039 -5.8809 -0.7513
v  -0.0038 -5.8862 -0.7413
v  0.1461 -5.9153 -0.7407
v  0.1461 -5.9129 -0.7330
v  0.1491 -5.9082 -0.7429
v  0.2203 -5.9514 -0.7293
v  0.2203 -5.9490 -0.7216
v  0.2247 -5.9450 -0.7312
v  0.2810 -6.0026 -0.7132
v  0.2810 -6.0003 -0.7055
v  0.2866 -5.9973 -0.7150
v  0.3332 -6.0608 -0.6952
v  0.3332 -6.0584 -0.6875
v  0.3399 -6.0566 -0.6964
v  0.3646 -6.1188 -0.6780
v  0.3646 -6.1164 -0.6704
v  0.3720 -6.1158 -0.6790
v  0.3890 -6.1934 -0.6554
v  0.3890 -6.1911 -0.6478
v  0.3968 -6.1919 -0.6559
v  0.3966 -6.2661 -0.6328
v  0.3966 -6.2637 -0.6251
v  0.4046 -6.2661 -0.6328
v  0.3872 -6.3474 -0.6080
v  0.3872 -6.3451 -0.6003
v  0.3951 -6.3490 -0.6074
v  0.3632 -6.4193 -0.5857
v  0.3632 -6.4170 -0.5780
v  0.3706 -6.4224 -0.5847
v  0.3321 -6.4748 -0.5690
v  0.3321 -6.4724 -0.5613
v  0.3388 -6.4789 -0.5677
v  0.2799 -6.5356 -0.5500
v  0.2799 -6.5332 -0.5424
v  0.2855 -6.5410 -0.5483
v  0.2170 -6.5845 -0.5354
v  0.2170 -6.5822 -0.5277
v  0.2214 -6.5909 -0.5334
v  0.1457 -6.6195 -0.5242
v  0.1457 -6.6171 -0.5165
v  0.1486 -6.6266 -0.5220
v  0.0724 -6.6399 -0.5182
v  0.0724 -6.6375 -0.5106
v  0.0739 -6.6474 -0.5159
v  0.0012 -6.6465 -0.5166
v  0.0012 -6.6441 -0.5090
v  0.0012 -6.6541 -0.5143
v  -0.0707 -6.6405 -0.5180
v  -0.0707 -6.6382 -0.5103
v  -0.0721 -6.6481 -0.5157
v  -0.1449 -6.6202 -0.5244
v  -0.1449 -6.6178 -0.5167
v  -0.1478 -6.6273 -0.5222
v  -0.2169 -6.5845 -0.5356
v  -0.2169 -6.5822 -0.5279
v  -0.2213 -6.5909 -0.5336
v  -0.2811 -6.5354 -0.5511
v  -0.2811 -6.5330 -0.5435
v  -0.2868 -6.5408 -0.5495
v  -0.3326 -6.4743 -0.5697
v  -0.3326 -6.4720 -0.5620
v  -0.3393 -6.4785 -0.5684
v  -0.3653 -6.4151 -0.5870
v  -0.3653 -6.4127 -0.5794
v  -0.3726 -6.4181 -0.5861
v  -0.3879 -6.3449 -0.6090
v  -0.3879 -6.3425 -0.6013
v  -0.3957 -6.3464 -0.6085
v  -0.3966 -6.2678 -0.6328
v  -0.3966 -6.2654 -0.6251
v  -0.4046 -6.2681 -0.6327
v  -0.3872 -6.1869 -0.6568
v  -0.3872 -6.1846 -0.6491
v  -0.3950 -6.1853 -0.6573
v  -0.3645 -6.1185 -0.6784
v  -0.3645 -6.1161 -0.6707
v  -0.3719 -6.1155 -0.6793
v  -0.3312 -6.0586 -0.6970
v  -0.3312 -6.0562 -0.6894
v  -0.3379 -6.0544 -0.6983
v  -0.2795 -5.9985 -0.7160
v  -0.2795 -5.9962 -0.7084
v  -0.2851 -5.9931 -0.7177
v  -0.2186 -5.9504 -0.7293
v  -0.2186 -5.9480 -0.7216
v  -0.2230 -5.9440 -0.7312
v  -0.1536 -5.9183 -0.7402
v  -0.1536 -5.9160 -0.7326
v  -0.1567 -5.9113 -0.7424
v  -0.0780 -5.8955 -0.7469
v  -0.0780 -5.8931 -0.7392
v  -0.0795 -5.8880 -0.7492
v  0.0842 -5.7277 -0.4483
v  0.0842 -5.7300 -0.4560
v  0.0827 -5.7352 -0.4460
v  -0.0026 -5.7203 -0.4507
v  -0.0026 -5.7280 -0.4483
v  -0.0026 -5.7227 -0.4583
v  0.1726 -5.7519 -0.4409
v  0.1725 -5.7542 -0.4485
v  0.1696 -5.7590 -0.4387
v  0.2571 -5.7938 -0.4279
v  0.2571 -5.7962 -0.4356
v  0.2527 -5.8002 -0.4260
v  0.3322 -5.8523 -0.4099
v  0.3322 -5.8546 -0.4176
v  0.3265 -5.8577 -0.4083
v  0.3928 -5.9237 -0.3879
v  0.3928 -5.9261 -0.3956
v  0.3861 -5.9279 -0.3867
v  0.4360 -6.0033 -0.3635
v  0.4357 -6.0049 -0.3713
v  0.4286 -6.0062 -0.3626
v  0.4611 -6.0857 -0.3382
v  0.4611 -6.0880 -0.3458
v  0.4532 -6.0871 -0.3377
v  0.4693 -6.1666 -0.3133
v  0.4693 -6.1690 -0.3210
v  0.4613 -6.1666 -0.3133
v  0.4616 -6.2496 -0.2878
v  0.4616 -6.2518 -0.2955
v  0.4537 -6.2482 -0.2883
v  0.4357 -6.3339 -0.2620
v  0.4354 -6.3371 -0.2693
v  0.4283 -6.3310 -0.2628
v  0.3923 -6.4149 -0.2371
v  0.3923 -6.4172 -0.2448
v  0.3856 -6.4107 -0.2384
v  0.3312 -6.4867 -0.2151
v  0.3312 -6.4890 -0.2228
v  0.3255 -6.4812 -0.2168
v  0.2564 -6.5446 -0.1974
v  0.2564 -6.5470 -0.2050
v  0.2520 -6.5382 -0.1993
v  0.1731 -6.5860 -0.1847
v  0.1731 -6.5883 -0.1924
v  0.1702 -6.5789 -0.1869
v  0.0870 -6.6099 -0.1774
v  0.0870 -6.6123 -0.1851
v  0.0855 -6.6024 -0.1797
v  0.0023 -6.6178 -0.1751
v  0.0023 -6.6201 -0.1827
v  0.0023 -6.6101 -0.1774
v  -0.0844 -6.6104 -0.1774
v  -0.0844 -6.6128 -0.1850
v  -0.0830 -6.6029 -0.1797
v  -0.1728 -6.5862 -0.1849
v  -0.1728 -6.5886 -0.1925
v  -0.1699 -6.5791 -0.1870
v  -0.2574 -6.5443 -0.1978
v  -0.2574 -6.5466 -0.2055
v  -0.2530 -6.5379 -0.1998
v  -0.3324 -6.4858 -0.2158
v  -0.3324 -6.4882 -0.2234
v  -0.3268 -6.4804 -0.2175
v  -0.3931 -6.4144 -0.2378
v  -0.3931 -6.4167 -0.2454
v  -0.3864 -6.4102 -0.2391
v  -0.4363 -6.3348 -0.2623
v  -0.4359 -6.3379 -0.2696
v  -0.4289 -6.3319 -0.2631
v  -0.4613 -6.2524 -0.2876
v  -0.4613 -6.2548 -0.2952
v  -0.4535 -6.2510 -0.2880
v  -0.4695 -6.1715 -0.3124
v  -0.4696 -6.1737 -0.3201
v  -0.4615 -6.1715 -0.3124
v  -0.4618 -6.0885 -0.3379
v  -0.4618 -6.0909 -0.3455
v  -0.4540 -6.0899 -0.3375
v  -0.4365 -6.0041 -0.3638
v  -0.4361 -6.0056 -0.3717
v  -0.4291 -6.0069 -0.3629
v  -0.3926 -5.9232 -0.3886
v  -0.3926 -5.9255 -0.3963
v  -0.3859 -5.9274 -0.3873
v  -0.3314 -5.8515 -0.4106
v  -0.3315 -5.8538 -0.4183
v  -0.3258 -5.8569 -0.4089
v  -0.2567 -5.7935 -0.4284
v  -0.2567 -5.7958 -0.4360
v  -0.2523 -5.7999 -0.4264
v  -0.1734 -5.7521 -0.4410
v  -0.1734 -5.7545 -0.4487
v  -0.1704 -5.7592 -0.4388
v  -0.0873 -5.7282 -0.4483
v  -0.0873 -5.7305 -0.4560
v  -0.0858 -5.7357 -0.4460
v  0.0736 -5.7578 -0.3264
v  0.0721 -5.7690 -0.3257
v  -0.0040 -5.7628 -0.3276
v  -0.0037 -5.7515 -0.3282
v  0.1487 -5.7787 -0.3199
v  0.1448 -5.7893 -0.3194
v  0.2238 -5.8153 -0.3083
v  0.2185 -5.8252 -0.3080
v  0.2923 -5.8646 -0.2956
v  0.2840 -5.8736 -0.2961
v  0.3390 -5.9268 -0.2736
v  0.3301 -5.9335 -0.2743
v  0.3720 -5.9876 -0.2555
v  0.3608 -5.9901 -0.2576
v  0.3963 -6.0627 -0.2328
v  0.3852 -6.0645 -0.2350
v  0.4039 -6.1359 -0.2100
v  0.3929 -6.1368 -0.2125
v  0.3947 -6.2167 -0.1842
v  0.3834 -6.2185 -0.1866
v  0.3708 -6.2898 -0.1625
v  0.3593 -6.2898 -0.1656
v  0.3381 -6.3487 -0.1449
v  0.3290 -6.3434 -0.1493
v  0.2850 -6.4106 -0.1256
v  0.2772 -6.4037 -0.1305
v  0.2209 -6.4605 -0.1107
v  0.2150 -6.4522 -0.1160
v  0.1484 -6.4960 -0.0993
v  0.1442 -6.4869 -0.1049
v  0.0739 -6.5168 -0.0932
v  0.0716 -6.5070 -0.0990
v  0.0013 -6.5236 -0.0916
v  0.0011 -6.5136 -0.0975
v  -0.0722 -6.5174 -0.0930
v  -0.0700 -6.5077 -0.0988
v  -0.1479 -6.4967 -0.0995
v  -0.1434 -6.4876 -0.1051
v  -0.2211 -6.4604 -0.1109
v  -0.2148 -6.4522 -0.1162
v  -0.2864 -6.4103 -0.1268
v  -0.2785 -6.4035 -0.1316
v  -0.3387 -6.3482 -0.1456
v  -0.3295 -6.3430 -0.1500
v  -0.3727 -6.2864 -0.1637
v  -0.3616 -6.2851 -0.1670
v  -0.3955 -6.2150 -0.1860
v  -0.3841 -6.2155 -0.1888
v  -0.4046 -6.1365 -0.2096
v  -0.3936 -6.1364 -0.2123
v  -0.3949 -6.0576 -0.2336
v  -0.3834 -6.0573 -0.2367
v  -0.3735 -5.9874 -0.2558
v  -0.3625 -5.9897 -0.2578
v  -0.3375 -5.9249 -0.2753
v  -0.3280 -5.9311 -0.2762
v  -0.2849 -5.8636 -0.2946
v  -0.2768 -5.8717 -0.2950
v  -0.2224 -5.8144 -0.3083
v  -0.2167 -5.8241 -0.3080
v  -0.1553 -5.7813 -0.3195
v  -0.1529 -5.7926 -0.3189
v  -0.0787 -5.7584 -0.3262
v  -0.0776 -5.7697 -0.3255
v  -0.0141 -6.5677 -0.5368
v  0.0430 -6.5673 -0.5447
v  0.0430 -6.5651 -0.5376
v  0.1017 -6.5518 -0.5416
v  0.1017 -6.5540 -0.5488
v  0.1591 -6.5268 -0.5493
v  0.1591 -6.5290 -0.5564
v  0.2113 -6.4924 -0.5676
v  0.2113 -6.4902 -0.5604
v  0.2549 -6.4440 -0.5746
v  0.2549 -6.4462 -0.5818
v  0.2873 -6.3911 -0.5908
v  0.2873 -6.3933 -0.5980
v  0.3076 -6.3353 -0.6080
v  0.3154 -6.2798 -0.6250
v  0.3154 -6.2820 -0.6322
v  0.3127 -6.2273 -0.6489
v  0.3127 -6.2251 -0.6418
v  0.2988 -6.1713 -0.6662
v  0.2988 -6.1691 -0.6590
v  0.2726 -6.1142 -0.6759
v  0.2726 -6.1164 -0.6830
v  0.2344 -6.0642 -0.6912
v  0.2344 -6.0664 -0.6984
v  0.1861 -6.0226 -0.7041
v  0.1308 -5.9917 -0.7136
v  0.0723 -5.9726 -0.7195
v  0.0143 -5.9648 -0.7219
v  -0.0429 -5.9674 -0.7212
v  -0.1015 -5.9807 -0.7171
v  -0.1589 -6.0057 -0.7095
v  -0.1589 -6.0079 -0.7166
v  -0.2112 -6.0423 -0.6983
v  -0.2548 -6.0885 -0.6841
v  -0.2871 -6.1414 -0.6679
v  -0.3071 -6.1995 -0.6579
v  -0.3071 -6.1973 -0.6508
v  -0.3152 -6.2527 -0.6337
v  -0.3126 -6.3096 -0.6241
v  -0.3126 -6.3074 -0.6170
v  -0.2987 -6.3656 -0.6069
v  -0.2987 -6.3634 -0.5997
v  -0.2725 -6.4183 -0.5829
v  -0.2343 -6.4683 -0.5675
v  -0.2343 -6.4705 -0.5746
v  -0.1859 -6.5099 -0.5547
v  -0.1859 -6.5121 -0.5618
v  -0.1306 -6.5430 -0.5523
v  -0.1306 -6.5408 -0.5451
v  -0.0721 -6.5621 -0.5464
v  -0.0721 -6.5599 -0.5392
v  -0.0141 -6.5699 -0.5440
v  -0.2112 -6.0445 -0.7054
v  -0.2548 -6.0907 -0.6913
v  -0.2871 -6.1436 -0.6751
v  -0.3152 -6.2549 -0.6409
v  -0.3272 -6.3115 -0.6235
v  -0.2852 -6.4276 -0.5878
v  -0.2725 -6.4205 -0.5900
v  -0.1946 -6.5235 -0.5583
v  -0.1367 -6.5559 -0.5484
v  -0.0755 -6.5759 -0.5422
v  0.1665 -6.5411 -0.5527
v  0.2212 -6.5029 -0.5644
v  0.2668 -6.4545 -0.5792
v  0.3216 -6.3406 -0.6141
v  0.3076 -6.3374 -0.6148
v  0.3301 -6.2826 -0.6320
v  0.3274 -6.2254 -0.6495
v  0.3128 -6.1667 -0.6676
v  0.2854 -6.1093 -0.6852
v  0.1861 -6.0248 -0.7112
v  0.1308 -5.9939 -0.7208
v  0.0757 -5.9610 -0.7309
v  0.0723 -5.9748 -0.7267
v  0.0149 -5.9529 -0.7334
v  0.0143 -5.9670 -0.7291
v  -0.0429 -5.9696 -0.7283
v  -0.1015 -5.9829 -0.7243
v  -0.0148 -6.5839 -0.5396
v  0.0450 -6.5813 -0.5404
v  0.1064 -6.5674 -0.5447
v  0.3007 -6.3992 -0.5962
v  0.2454 -6.0570 -0.7013
v  0.1948 -6.0134 -0.7147
v  0.1369 -5.9810 -0.7247
v  -0.0449 -5.9556 -0.7326
v  -0.1063 -5.9695 -0.7284
v  -0.1664 -5.9958 -0.7204
v  -0.2211 -6.0340 -0.7087
v  -0.2667 -6.0824 -0.6938
v  -0.3006 -6.1377 -0.6769
v  -0.3215 -6.1962 -0.6589
v  -0.3300 -6.2543 -0.6411
v  -0.3126 -6.3702 -0.6055
v  -0.2452 -6.4799 -0.5718
v  0.0469 -6.5912 -0.5261
v  0.1110 -6.5770 -0.5303
v  0.1737 -6.5496 -0.5386
v  0.2307 -6.5098 -0.5508
v  0.2783 -6.4593 -0.5663
v  0.3136 -6.4016 -0.5840
v  0.3442 -6.2800 -0.6213
v  0.3258 -6.1593 -0.6585
v  0.2972 -6.0995 -0.6769
v  0.2556 -6.0450 -0.6936
v  0.2029 -5.9996 -0.7076
v  0.0155 -5.9366 -0.7271
v  -0.2782 -6.0711 -0.6858
v  -0.3135 -6.1289 -0.6681
v  -0.2558 -6.4858 -0.5585
v  -0.2028 -6.5310 -0.5447
v  -0.1424 -6.5646 -0.5343
v  -0.0787 -6.5855 -0.5279
v  -0.0154 -6.5939 -0.5253
v  -0.0153 -6.5892 -0.5208
v  -0.0151 -6.5846 -0.5212
v  -0.0149 -6.5813 -0.5241
v  -0.0760 -6.5731 -0.5266
v  -0.0769 -6.5763 -0.5237
v  -0.0779 -6.5809 -0.5234
v  -0.1376 -6.5530 -0.5328
v  -0.1392 -6.5560 -0.5300
v  -0.1411 -6.5602 -0.5298
v  -0.1958 -6.5205 -0.5428
v  -0.1982 -6.5230 -0.5402
v  -0.2009 -6.5268 -0.5401
v  -0.2467 -6.4766 -0.5564
v  -0.2497 -6.4786 -0.5539
v  -0.2533 -6.4819 -0.5536
v  -0.2870 -6.4240 -0.5725
v  -0.2904 -6.4254 -0.5702
v  -0.2945 -6.4279 -0.5702
v  -0.3146 -6.3662 -0.5903
v  -0.3184 -6.3669 -0.5882
v  -0.3229 -6.3686 -0.5885
v  -0.3294 -6.3072 -0.6086
v  -0.3332 -6.3071 -0.6065
v  -0.3379 -6.3080 -0.6071
v  -0.3322 -6.2496 -0.6263
v  -0.3360 -6.2489 -0.6243
v  -0.3407 -6.2489 -0.6253
v  -0.3237 -6.1912 -0.6442
v  -0.3274 -6.1898 -0.6425
v  -0.3320 -6.1890 -0.6436
v  -0.3024 -6.1323 -0.6621
v  -0.3060 -6.1302 -0.6609
v  -0.3102 -6.1287 -0.6624
v  -0.2683 -6.0766 -0.6792
v  -0.2716 -6.0738 -0.6782
v  -0.2753 -6.0716 -0.6799
v  -0.2224 -6.0280 -0.6941
v  -0.2251 -6.0246 -0.6933
v  -0.2282 -6.0217 -0.6952
v  -0.1674 -5.9895 -0.7059
v  -0.1694 -5.9857 -0.7052
v  -0.1717 -5.9822 -0.7073
v  -0.1069 -5.9631 -0.7139
v  -0.1082 -5.9589 -0.7134
v  -0.1097 -5.9551 -0.7156
v  -0.0452 -5.9491 -0.7182
v  -0.0457 -5.9448 -0.7177
v  -0.0463 -5.9407 -0.7200
v  0.0150 -5.9464 -0.7190
v  0.0152 -5.9421 -0.7185
v  0.0154 -5.9380 -0.7208
v  0.0761 -5.9546 -0.7164
v  0.0770 -5.9503 -0.7159
v  0.0781 -5.9464 -0.7182
v  0.1377 -5.9747 -0.7102
v  0.1394 -5.9707 -0.7096
v  0.1413 -5.9670 -0.7118
v  0.1960 -6.0072 -0.7002
v  0.1983 -6.0036 -0.6994
v  0.2010 -6.0004 -0.7015
v  0.2469 -6.0511 -0.6867
v  0.2498 -6.0480 -0.6858
v  0.2532 -6.0454 -0.6876
v  0.2871 -6.1037 -0.6705
v  0.2905 -6.1013 -0.6694
v  0.2945 -6.0994 -0.6710
v  0.3147 -6.1615 -0.6527
v  0.3185 -6.1597 -0.6514
v  0.3228 -6.1586 -0.6528
v  0.3293 -6.2205 -0.6346
v  0.3333 -6.2195 -0.6330
v  0.3378 -6.2192 -0.6342
v  0.3321 -6.2781 -0.6169
v  0.3361 -6.2777 -0.6152
v  0.3407 -6.2782 -0.6161
v  0.3238 -6.3366 -0.5991
v  0.3275 -6.3368 -0.5969
v  0.3321 -6.3381 -0.5974
v  0.3025 -6.3954 -0.5809
v  0.3062 -6.3964 -0.5787
v  0.3103 -6.3985 -0.5792
v  0.2685 -6.4511 -0.5639
v  0.2717 -6.4527 -0.5614
v  0.2756 -6.4557 -0.5613
v  0.2227 -6.5000 -0.5491
v  0.2252 -6.5020 -0.5463
v  0.2284 -6.5056 -0.5460
v  0.1675 -6.5382 -0.5372
v  0.1695 -6.5410 -0.5344
v  0.1719 -6.5451 -0.5339
v  0.1071 -6.5646 -0.5291
v  0.1084 -6.5677 -0.5263
v  0.1098 -6.5721 -0.5260
v  0.0453 -6.5786 -0.5248
v  0.0458 -6.5819 -0.5220
v  0.0465 -6.5865 -0.5216
v  0.0469 -6.5961 -0.5421
v  0.1737 -6.5545 -0.5543
v  0.2307 -6.5146 -0.5665
v  0.2783 -6.4641 -0.5819
v  0.3136 -6.4064 -0.5997
v  0.3354 -6.3405 -0.6027
v  0.3354 -6.3454 -0.6185
v  0.3442 -6.2848 -0.6371
v  0.3410 -6.2254 -0.6557
v  0.3410 -6.2204 -0.6397
v  0.3258 -6.1642 -0.6745
v  0.2972 -6.1044 -0.6929
v  0.2556 -6.0499 -0.7096
v  0.1426 -5.9659 -0.7180
v  0.1426 -5.9708 -0.7340
v  0.0788 -5.9450 -0.7245
v  -0.0468 -5.9394 -0.7263
v  -0.1108 -5.9584 -0.7376
v  -0.1109 -5.9535 -0.7219
v  -0.1733 -5.9812 -0.7135
v  -0.2306 -6.0207 -0.7013
v  -0.3353 -6.1899 -0.6494
v  -0.3441 -6.2505 -0.6308
v  -0.3412 -6.3101 -0.6125
v  -0.3412 -6.3149 -0.6283
v  -0.3261 -6.3713 -0.5937
v  -0.2975 -6.4312 -0.5753
v  -0.2971 -6.4360 -0.5915
v  -0.2027 -6.5359 -0.5607
v  -0.1424 -6.5696 -0.5503
v  -0.0787 -6.5904 -0.5439
v  -0.0154 -6.5988 -0.5413
v  0.0156 -5.9415 -0.7431
v  -0.0467 -5.9443 -0.7423
v  -0.1733 -5.9861 -0.7295
v  -0.2303 -6.0260 -0.7173
v  -0.2782 -6.0760 -0.7015
v  -0.3135 -6.1337 -0.6838
v  -0.3353 -6.1948 -0.6651
v  -0.3441 -6.2553 -0.6466
v  -0.3257 -6.3762 -0.6098
v  -0.3039 -6.4397 -0.5903
v  -0.2074 -6.5419 -0.5589
v  -0.2554 -6.4904 -0.5747
v  -0.1457 -6.5764 -0.5482
v  -0.0805 -6.5977 -0.5416
v  -0.0158 -6.6063 -0.5390
v  0.0480 -6.6035 -0.5398
v  0.1134 -6.5887 -0.5443
v  0.1110 -6.5818 -0.5460
v  0.3204 -6.4095 -0.5992
v  0.3427 -6.3471 -0.6183
v  0.3488 -6.2243 -0.6560
v  0.3333 -6.1618 -0.6752
v  0.3040 -6.1006 -0.6940
v  0.2614 -6.0449 -0.7112
v  0.2029 -6.0045 -0.7236
v  0.0788 -5.9500 -0.7405
v  -0.0165 -6.6167 -0.5193
v  0.0501 -6.6138 -0.5201
v  0.1186 -6.5987 -0.5248
v  0.1856 -6.5695 -0.5337
v  0.2466 -6.5269 -0.5468
v  0.2974 -6.4730 -0.5633
v  0.3351 -6.4113 -0.5822
v  0.3584 -6.3460 -0.6022
v  0.3678 -6.2813 -0.6221
v  0.3644 -6.2177 -0.6416
v  0.3482 -6.1523 -0.6617
v  0.3176 -6.0884 -0.6813
v  0.2731 -6.0302 -0.6992
v  0.2168 -5.9817 -0.7142
v  0.1525 -5.9453 -0.7255
v  0.0843 -5.9230 -0.7323
v  0.0166 -5.9140 -0.7351
v  -0.0500 -5.9170 -0.7343
v  -0.1185 -5.9325 -0.7296
v  -0.1852 -5.9620 -0.7204
v  -0.2464 -6.0043 -0.7076
v  -0.2973 -6.0582 -0.6911
v  -0.3350 -6.1199 -0.6722
v  -0.3583 -6.1851 -0.6521
v  -0.3677 -6.2498 -0.6323
v  -0.3646 -6.3135 -0.6127
v  -0.3484 -6.3790 -0.5926
v  -0.3179 -6.4430 -0.5729
v  -0.2733 -6.5013 -0.5550
v  -0.2169 -6.5498 -0.5400
v  -0.1522 -6.5855 -0.5290
v  -0.0842 -6.6081 -0.5220
v  -0.2613 -6.4955 -0.5732
v  -0.3331 -6.3786 -0.6091
v  -0.3486 -6.3160 -0.6283
v  -0.3516 -6.2551 -0.6470
v  -0.3425 -6.1933 -0.6660
v  -0.3202 -6.1309 -0.6852
v  -0.2842 -6.0719 -0.7032
v  -0.2355 -6.0204 -0.7190
v  -0.1772 -5.9796 -0.7315
v  -0.1132 -5.9517 -0.7401
v  -0.0478 -5.9368 -0.7446
v  0.0159 -5.9340 -0.7454
v  0.0806 -5.9426 -0.7427
v  0.1458 -5.9640 -0.7361
v  0.2075 -5.9984 -0.7255
v  0.3517 -6.2852 -0.6373
v  0.2843 -6.4684 -0.5811
v  0.2357 -6.5200 -0.5653
v  0.1774 -6.5607 -0.5528
v  -0.0164 -6.6165 -0.5266
v  -0.0161 -6.6135 -0.5331
v  -0.0824 -6.6047 -0.5359
v  -0.0835 -6.6076 -0.5294
v  -0.1492 -6.5828 -0.5426
v  -0.1512 -6.5854 -0.5362
v  -0.2124 -6.5475 -0.5535
v  -0.2152 -6.5497 -0.5473
v  -0.2676 -6.4999 -0.5682
v  -0.2719 -6.5022 -0.5624
v  -0.3113 -6.4429 -0.5857
v  -0.3162 -6.4443 -0.5803
v  -0.3418 -6.3806 -0.6057
v  -0.3466 -6.3806 -0.5998
v  -0.3577 -6.3164 -0.6254
v  -0.3627 -6.3155 -0.6198
v  -0.3607 -6.2539 -0.6446
v  -0.3658 -6.2521 -0.6393
v  -0.3514 -6.1905 -0.6641
v  -0.3564 -6.1878 -0.6591
v  -0.3286 -6.1265 -0.6838
v  -0.3332 -6.1229 -0.6790
v  -0.2916 -6.0660 -0.7023
v  -0.2957 -6.0615 -0.6978
v  -0.2417 -6.0131 -0.7185
v  -0.2452 -6.0079 -0.7143
v  -0.1816 -5.9716 -0.7304
v  -0.1840 -5.9661 -0.7264
v  -0.1162 -5.9426 -0.7401
v  -0.1179 -5.9364 -0.7361
v  -0.0490 -5.9277 -0.7438
v  -0.0498 -5.9210 -0.7408
v  0.0163 -5.9248 -0.7446
v  0.0165 -5.9180 -0.7417
v  0.0826 -5.9336 -0.7418
v  0.0839 -5.9270 -0.7389
v  0.1494 -5.9555 -0.7351
v  0.1514 -5.9498 -0.7312
v  0.2126 -5.9908 -0.7242
v  0.2154 -5.9856 -0.7202
v  0.2678 -6.0384 -0.7096
v  0.2713 -6.0338 -0.7053
v  0.3114 -6.0955 -0.6920
v  0.3155 -6.0917 -0.6876
v  0.3414 -6.1581 -0.6727
v  0.3459 -6.1552 -0.6680
v  0.3573 -6.2222 -0.6531
v  0.3620 -6.2201 -0.6481
v  0.3608 -6.2849 -0.6346
v  0.3659 -6.2835 -0.6292
v  0.3516 -6.3483 -0.6152
v  0.3566 -6.3478 -0.6094
v  0.3287 -6.4123 -0.5956
v  0.3334 -6.4127 -0.5895
v  0.2917 -6.4728 -0.5770
v  0.2958 -6.4741 -0.5707
v  0.2418 -6.5257 -0.5608
v  0.2452 -6.5277 -0.5543
v  0.1820 -6.5675 -0.5480
v  0.1846 -6.5701 -0.5413
v  0.1164 -6.5962 -0.5392
v  0.1180 -6.5992 -0.5324
v  0.0491 -6.6106 -0.5340
v  0.0498 -6.6136 -0.5275
v  -0.0166 -6.5960 -0.4506
v  0.0507 -6.5930 -0.4515
v  0.1198 -6.5774 -0.4571
v  0.1854 -6.5436 -0.4635
v  0.2463 -6.5010 -0.4765
v  0.2991 -6.4493 -0.4950
v  0.3364 -6.3869 -0.5135
v  0.3591 -6.3210 -0.5329
v  0.3684 -6.2561 -0.5526
v  0.3641 -6.1921 -0.5710
v  0.3482 -6.1268 -0.5914
v  0.3163 -6.0632 -0.6093
v  0.2726 -6.0049 -0.6281
v  0.2153 -5.9574 -0.6406
v  0.1511 -5.9218 -0.6511
v  0.0835 -5.8999 -0.6577
v  0.0166 -5.8898 -0.6628
v  -0.0495 -5.8939 -0.6595
v  -0.1173 -5.9092 -0.6551
v  -0.1837 -5.9380 -0.6467
v  -0.2455 -5.9794 -0.6362
v  -0.2955 -6.0334 -0.6187
v  -0.3335 -6.0947 -0.6005
v  -0.3574 -6.1597 -0.5813
v  -0.3681 -6.2245 -0.5627
v  -0.3654 -6.2885 -0.5435
v  -0.3495 -6.3543 -0.5237
v  -0.3195 -6.4190 -0.5045
v  -0.2752 -6.4782 -0.4869
v  -0.2187 -6.5277 -0.4722
v  -0.1538 -6.5644 -0.4612
v  -0.0850 -6.5869 -0.4535
v  -0.0182 -6.6286 -0.4375
v  0.0555 -6.6254 -0.4385
v  0.1311 -6.6079 -0.4427
v  0.2051 -6.5759 -0.4536
v  0.2725 -6.5288 -0.4680
v  0.3287 -6.4692 -0.4863
v  0.3703 -6.4011 -0.5072
v  0.3961 -6.3290 -0.5293
v  0.4066 -6.2575 -0.5512
v  0.4032 -6.1871 -0.5729
v  0.3852 -6.1148 -0.5951
v  0.3515 -6.0441 -0.6168
v  0.3022 -5.9796 -0.6366
v  0.2399 -5.9259 -0.6532
v  0.1686 -5.8861 -0.6654
v  0.0932 -5.8615 -0.6730
v  0.0184 -5.8515 -0.6762
v  -0.0552 -5.8548 -0.6752
v  -0.1309 -5.8719 -0.6700
v  -0.2049 -5.9042 -0.6601
v  -0.2722 -5.9513 -0.6457
v  -0.3284 -6.0109 -0.6274
v  -0.3701 -6.0791 -0.6065
v  -0.3959 -6.1511 -0.5844
v  -0.4064 -6.2226 -0.5625
v  -0.4030 -6.2927 -0.5397
v  -0.3850 -6.3654 -0.5186
v  -0.3512 -6.4361 -0.4969
v  -0.3020 -6.5005 -0.4771
v  -0.2397 -6.5542 -0.4605
v  -0.1684 -6.5940 -0.4483
v  -0.0930 -6.6187 -0.4406
v  -0.0165 -6.6140 -0.5118
v  0.0500 -6.6111 -0.5126
v  0.1186 -6.5963 -0.5171
v  0.1856 -6.5671 -0.5260
v  0.2466 -6.5245 -0.5390
v  0.2974 -6.4706 -0.5556
v  0.3351 -6.4089 -0.5745
v  0.3584 -6.3437 -0.5945
v  0.3678 -6.2790 -0.6144
v  0.3644 -6.2153 -0.6339
v  0.3486 -6.1498 -0.6541
v  0.3180 -6.0858 -0.6737
v  0.2733 -6.0277 -0.6916
v  0.2170 -5.9791 -0.7066
v  0.1525 -5.9429 -0.7177
v  0.0843 -5.9206 -0.7246
v  0.0166 -5.9117 -0.7274
v  -0.0500 -5.9146 -0.7266
v  -0.1185 -5.9301 -0.7219
v  -0.1854 -5.9594 -0.7129
v  -0.2464 -6.0019 -0.6999
v  -0.2973 -6.0558 -0.6834
v  -0.3350 -6.1175 -0.6644
v  -0.3583 -6.1828 -0.6444
v  -0.3677 -6.2474 -0.6246
v  -0.3646 -6.3112 -0.6050
v  -0.3484 -6.3766 -0.5849
v  -0.3179 -6.4406 -0.5652
v  -0.2733 -6.4989 -0.5473
v  -0.2170 -6.5475 -0.5323
v  -0.1524 -6.5835 -0.5212
v  -0.0842 -6.6058 -0.5143
v  0.0507 -6.5944 -0.4562
v  -0.0166 -6.5975 -0.4553
v  -0.0850 -6.5883 -0.4581
v  -0.1538 -6.5656 -0.4652
v  -0.2187 -6.5290 -0.4765
v  -0.2751 -6.4797 -0.4917
v  -0.3195 -6.4207 -0.5099
v  -0.3495 -6.3562 -0.5298
v  -0.3651 -6.2904 -0.5500
v  -0.3675 -6.2267 -0.5696
v  -0.3574 -6.1621 -0.5894
v  -0.3335 -6.0973 -0.6092
v  -0.2955 -6.0362 -0.6280
v  -0.2445 -5.9831 -0.6442
v  -0.1837 -5.9411 -0.6570
v  -0.1173 -5.9124 -0.6658
v  -0.0495 -5.8973 -0.6704
v  0.0165 -5.8944 -0.6712
v  0.0835 -5.9032 -0.6684
v  0.1511 -5.9251 -0.6617
v  0.2153 -5.9605 -0.6508
v  0.2716 -6.0084 -0.6361
v  0.3163 -6.0660 -0.6184
v  0.3481 -6.1292 -0.5990
v  0.3641 -6.1946 -0.5789
v  0.3679 -6.2582 -0.5594
v  0.3591 -6.3230 -0.5395
v  0.3382 -6.3894 -0.5190
v  0.2991 -6.4509 -0.5002
v  0.2484 -6.5056 -0.4834
v  0.1872 -6.5489 -0.4701
v  0.1198 -6.5786 -0.4610
v  -0.0154 -6.5954 -0.5300
v  0.0469 -6.5926 -0.5308
v  0.1110 -6.5785 -0.5351
v  0.1737 -6.5511 -0.5435
v  0.2307 -6.5113 -0.5557
v  0.2783 -6.4608 -0.5712
v  0.3136 -6.4031 -0.5889
v  0.3354 -6.3420 -0.6076
v  0.3442 -6.2815 -0.6262
v  0.3410 -6.2219 -0.6445
v  0.3258 -6.1608 -0.6633
v  0.2972 -6.1010 -0.6817
v  0.2556 -6.0465 -0.6984
v  0.2029 -6.0011 -0.7124
v  0.1426 -5.9674 -0.7228
v  0.0788 -5.9465 -0.7292
v  0.0155 -5.9381 -0.7319
v  -0.0467 -5.9408 -0.7311
v  -0.1109 -5.9550 -0.7268
v  -0.1733 -5.9827 -0.7183
v  -0.2306 -6.0222 -0.7062
v  -0.2782 -6.0726 -0.6907
v  -0.3135 -6.1304 -0.6730
v  -0.3353 -6.1914 -0.6543
v  -0.3441 -6.2520 -0.6357
v  -0.3412 -6.3116 -0.6174
v  -0.3257 -6.3727 -0.5986
v  -0.2971 -6.4325 -0.5802
v  -0.2554 -6.4870 -0.5635
v  -0.2027 -6.5324 -0.5495
v  -0.1424 -6.5661 -0.5391
v  -0.0787 -6.5870 -0.5327
v  0.0469 -6.5946 -0.5373
v  -0.0154 -6.5974 -0.5365
v  -0.0787 -6.5889 -0.5391
v  -0.1424 -6.5681 -0.5455
v  -0.2027 -6.5344 -0.5559
v  -0.2554 -6.4890 -0.5699
v  -0.2971 -6.4345 -0.5867
v  -0.3257 -6.3747 -0.6051
v  -0.3412 -6.3136 -0.6238
v  -0.3441 -6.2540 -0.6421
v  -0.3353 -6.1934 -0.6607
v  -0.3135 -6.1324 -0.6795
v  -0.2782 -6.0746 -0.6972
v  -0.2306 -6.0242 -0.7126
v  -0.1733 -5.9847 -0.7247
v  -0.1109 -5.9570 -0.7332
v  -0.0467 -5.9428 -0.7375
v  0.0156 -5.9401 -0.7383
v  0.0788 -5.9485 -0.7357
v  0.1426 -5.9693 -0.7292
v  0.2029 -6.0030 -0.7188
v  0.2556 -6.0485 -0.7049
v  0.2972 -6.1029 -0.6881
v  0.3258 -6.1627 -0.6697
v  0.3410 -6.2239 -0.6509
v  0.3442 -6.2835 -0.6326
v  0.3354 -6.3440 -0.6140
v  0.3136 -6.4051 -0.5953
v  0.2783 -6.4628 -0.5776
v  0.2307 -6.5133 -0.5621
v  0.1737 -6.5531 -0.5499
v  0.1110 -6.5805 -0.5416
v  -0.1626 -6.0019 -0.7185
v  -0.2161 -6.0392 -0.7071
v  -0.2607 -6.0865 -0.6926
v  -0.2938 -6.1406 -0.6760
v  -0.3143 -6.1979 -0.6584
v  -0.3226 -6.2546 -0.6410
v  -0.3199 -6.3105 -0.6238
v  -0.3057 -6.3679 -0.6062
v  -0.2788 -6.4240 -0.5889
v  -0.2397 -6.4752 -0.5732
v  -0.1903 -6.5178 -0.5601
v  -0.1337 -6.5494 -0.5503
v  -0.0738 -6.5690 -0.5443
v  -0.0145 -6.5769 -0.5418
v  0.0440 -6.5743 -0.5426
v  0.1041 -6.5607 -0.5467
v  0.1628 -6.5350 -0.5546
v  0.2163 -6.4977 -0.5660
v  0.2609 -6.4504 -0.5805
v  0.2940 -6.3963 -0.5971
v  0.3145 -6.3390 -0.6146
v  0.3227 -6.2823 -0.6321
v  0.3200 -6.2264 -0.6492
v  0.3058 -6.1690 -0.6669
v  0.2790 -6.1128 -0.6841
v  0.2399 -6.0617 -0.6999
v  0.1904 -6.0191 -0.7130
v  0.1338 -5.9875 -0.7227
v  0.0740 -5.9679 -0.7288
v  0.0146 -5.9600 -0.7312
v  -0.0439 -5.9626 -0.7305
v  -0.1039 -5.9762 -0.7263
v  -0.1667 -5.9938 -0.7158
v  -0.2215 -6.0321 -0.7041
v  -0.2672 -6.0806 -0.6892
v  -0.3011 -6.1360 -0.6722
v  -0.3219 -6.1947 -0.6542
v  -0.3303 -6.2528 -0.6363
v  -0.3278 -6.3101 -0.6188
v  -0.3132 -6.3689 -0.6007
v  -0.2858 -6.4264 -0.5830
v  -0.2457 -6.4788 -0.5669
v  -0.1950 -6.5225 -0.5534
v  -0.1370 -6.5549 -0.5434
v  -0.0757 -6.5750 -0.5373
v  -0.0148 -6.5831 -0.5347
v  0.0451 -6.5804 -0.5355
v  0.1066 -6.5665 -0.5397
v  0.1668 -6.5402 -0.5478
v  0.2215 -6.5017 -0.5595
v  0.2672 -6.4533 -0.5744
v  0.3013 -6.3980 -0.5914
v  0.3220 -6.3393 -0.6093
v  0.3307 -6.2812 -0.6272
v  0.3280 -6.2239 -0.6448
v  0.3134 -6.1651 -0.6629
v  0.2859 -6.1075 -0.6806
v  0.2458 -6.0551 -0.6967
v  0.1952 -6.0114 -0.7101
v  0.1371 -5.9790 -0.7201
v  0.0758 -5.9590 -0.7263
v  0.0150 -5.9509 -0.7288
v  -0.0450 -5.9535 -0.7281
v  -0.1065 -5.9675 -0.7238
v  0.0452 -6.5795 -0.5298
v  -0.0149 -6.5821 -0.5290
v  -0.0758 -6.5740 -0.5315
v  -0.1373 -6.5539 -0.5377
v  -0.1955 -6.5214 -0.5477
v  -0.2463 -6.4776 -0.5612
v  -0.2864 -6.4251 -0.5774
v  -0.3140 -6.3675 -0.5951
v  -0.3283 -6.3085 -0.6132
v  -0.3303 -6.2511 -0.6307
v  -0.3219 -6.1930 -0.6485
v  -0.3018 -6.1340 -0.6668
v  -0.2678 -6.0784 -0.6838
v  -0.2220 -6.0299 -0.6987
v  -0.1671 -5.9915 -0.7105
v  -0.1067 -5.9651 -0.7185
v  -0.0451 -5.9511 -0.7228
v  0.0150 -5.9485 -0.7235
v  0.0760 -5.9566 -0.7210
v  0.1375 -5.9767 -0.7148
v  0.1956 -6.0092 -0.7048
v  0.2464 -6.0530 -0.6913
v  0.2865 -6.1055 -0.6752
v  0.3141 -6.1631 -0.6574
v  0.3287 -6.2221 -0.6393
v  0.3315 -6.2795 -0.6217
v  0.3220 -6.3375 -0.6037
v  0.3020 -6.3966 -0.5857
v  0.2672 -6.4516 -0.5688
v  0.2215 -6.5000 -0.5539
v  0.1672 -6.5391 -0.5421
v  0.1069 -6.5655 -0.5340
v  -0.0371 -6.5523 -0.4557
v  -0.0350 -6.5538 -0.4633
v  0.0200 -6.5498 -0.4564
v  0.0222 -6.5512 -0.4640
v  0.0879 -6.5357 -0.4597
v  0.0887 -6.5372 -0.4675
v  0.1361 -6.5114 -0.4681
v  0.1382 -6.5129 -0.4757
v  0.1883 -6.4749 -0.4793
v  0.1905 -6.4763 -0.4869
v  0.2319 -6.4287 -0.4935
v  0.2341 -6.4301 -0.5011
v  0.2643 -6.3758 -0.5097
v  0.2664 -6.3772 -0.5173
v  0.2843 -6.3199 -0.5269
v  0.2865 -6.3213 -0.5344
v  0.2924 -6.2644 -0.5439
v  0.2945 -6.2659 -0.5515
v  0.2897 -6.2098 -0.5607
v  0.2919 -6.2112 -0.5682
v  0.2758 -6.1537 -0.5779
v  0.2780 -6.1551 -0.5855
v  0.2496 -6.0989 -0.5948
v  0.2518 -6.1003 -0.6023
v  0.2114 -6.0489 -0.6101
v  0.2136 -6.0503 -0.6177
v  0.1631 -6.0072 -0.6230
v  0.1652 -6.0087 -0.6305
v  0.1078 -5.9763 -0.6325
v  0.1099 -5.9778 -0.6401
v  0.0493 -5.9572 -0.6384
v  0.0514 -5.9587 -0.6460
v  -0.0087 -5.9495 -0.6408
v  -0.0066 -5.9509 -0.6484
v  -0.0659 -5.9520 -0.6401
v  -0.0637 -5.9535 -0.6476
v  -0.1245 -5.9653 -0.6360
v  -0.1224 -5.9668 -0.6436
v  -0.1819 -5.9904 -0.6283
v  -0.1798 -5.9918 -0.6359
v  -0.2342 -6.0269 -0.6172
v  -0.2321 -6.0284 -0.6247
v  -0.2778 -6.0731 -0.6030
v  -0.2756 -6.0746 -0.6106
v  -0.3101 -6.1260 -0.5868
v  -0.3080 -6.1275 -0.5944
v  -0.3301 -6.1819 -0.5696
v  -0.3280 -6.1834 -0.5772
v  -0.3382 -6.2374 -0.5526
v  -0.3361 -6.2388 -0.5602
v  -0.3356 -6.2920 -0.5358
v  -0.3334 -6.2934 -0.5434
v  -0.3217 -6.3481 -0.5186
v  -0.3195 -6.3495 -0.5262
v  -0.2955 -6.4030 -0.5017
v  -0.2933 -6.4044 -0.5093
v  -0.2573 -6.4529 -0.4864
v  -0.2551 -6.4544 -0.4939
v  -0.2089 -6.4946 -0.4735
v  -0.2068 -6.4960 -0.4811
v  -0.1536 -6.5255 -0.4640
v  -0.1515 -6.5269 -0.4716
v  -0.0951 -6.5446 -0.4581
v  -0.0930 -6.5460 -0.4657
v  -0.0367 -6.5447 -0.4580
v  -0.0933 -6.5371 -0.4604
v  -0.1503 -6.5185 -0.4662
v  -0.2042 -6.4884 -0.4754
v  -0.2513 -6.4478 -0.4879
v  -0.2885 -6.3991 -0.5029
v  -0.3141 -6.3456 -0.5194
v  -0.3276 -6.2909 -0.5362
v  -0.3302 -6.2378 -0.5525
v  -0.3223 -6.1837 -0.5691
v  -0.3028 -6.1292 -0.5858
v  -0.2713 -6.0777 -0.6016
v  -0.2288 -6.0326 -0.6154
v  -0.1779 -5.9970 -0.6263
v  -0.1219 -5.9726 -0.6338
v  -0.0647 -5.9596 -0.6377
v  -0.0091 -5.9572 -0.6384
v  0.0474 -5.9647 -0.6361
v  0.1044 -5.9833 -0.6303
v  0.1583 -6.0134 -0.6211
v  0.2054 -6.0541 -0.6085
v  0.2427 -6.1028 -0.5936
v  0.2682 -6.1562 -0.5771
v  0.2818 -6.2109 -0.5603
v  0.2844 -6.2641 -0.5440
v  0.2765 -6.3181 -0.5274
v  0.2570 -6.3726 -0.5107
v  0.2254 -6.4241 -0.4949
v  0.1830 -6.4692 -0.4811
v  0.1317 -6.5050 -0.4701
v  0.0850 -6.5284 -0.4619
v  0.0190 -6.5422 -0.4588
v  -0.0225 -6.2509 -0.5483
v  -0.0727 -0.7492 -0.4134
v  -0.0753 -0.7352 -0.4134
v  -0.0753 -0.7216 -0.4134
v  -0.0727 -0.7076 -0.4134
v  -0.0672 -0.6937 -0.4134
v  -0.0587 -0.6807 -0.4134
v  -0.0477 -0.6697 -0.4134
v  -0.0347 -0.6612 -0.4134
v  -0.0208 -0.6557 -0.4134
v  -0.0068 -0.6530 -0.4134
v  0.0068 -0.6530 -0.4134
v  0.0208 -0.6557 -0.4134
v  0.0347 -0.6612 -0.4134
v  0.0477 -0.6697 -0.4134
v  0.0587 -0.6807 -0.4134
v  0.0672 -0.6937 -0.4134
v  0.0727 -0.7076 -0.4134
v  0.0754 -0.7218 -0.4134
v  0.0754 -0.7350 -0.4134
v  0.0727 -0.7492 -0.4134
v  0.0672 -0.7631 -0.4134
v  0.0587 -0.7761 -0.4134
v  0.0477 -0.7871 -0.4134
v  0.0347 -0.7956 -0.4134
v  0.0208 -0.8011 -0.4134
v  0.0068 -0.8037 -0.4134
v  -0.0068 -0.8037 -0.4134
v  -0.0208 -0.8011 -0.4134
v  -0.0347 -0.7956 -0.4134
v  -0.0477 -0.7871 -0.4134
v  -0.0587 -0.7761 -0.4134
v  -0.0672 -0.7631 -0.4134
v  -0.0284 -0.7776 -0.3346
v  -0.0214 -0.7776 -0.3346
v  -0.0319 -0.7715 -0.3346
v  -0.0284 -0.7776 -0.4134
v  -0.0319 -0.7715 -0.4134
v  -0.0214 -0.7776 -0.4134
v  -0.0568 -0.7284 -0.4134
v  -0.0533 -0.7223 -0.4134
v  -0.0533 -0.7345 -0.4134
v  -0.0568 -0.7284 -0.3346
v  -0.0533 -0.7345 -0.3346
v  -0.0533 -0.7223 -0.3346
v  0.0284 -0.7776 -0.3346
v  0.0319 -0.7715 -0.3346
v  0.0214 -0.7776 -0.3346
v  0.0284 -0.7776 -0.4134
v  0.0214 -0.7776 -0.4134
v  0.0319 -0.7715 -0.4134
v  0.0568 -0.7284 -0.3346
v  0.0533 -0.7223 -0.3346
v  0.0533 -0.7345 -0.3346
v  0.0568 -0.7284 -0.4134
v  0.0533 -0.7345 -0.4134
v  0.0533 -0.7223 -0.4134
v  0.0284 -0.6792 -0.3346
v  0.0214 -0.6792 -0.3346
v  0.0319 -0.6852 -0.3346
v  0.0284 -0.6792 -0.4134
v  0.0319 -0.6852 -0.4134
v  0.0214 -0.6792 -0.4134
v  -0.0284 -0.6792 -0.3346
v  -0.0319 -0.6852 -0.3346
v  -0.0214 -0.6792 -0.3346
v  -0.0284 -0.6792 -0.4134
v  -0.0214 -0.6792 -0.4134
v  -0.0319 -0.6852 -0.4134
v  -0.0325 -0.6722 -0.4134
v  -0.0649 -0.7284 -0.4134
v  -0.0325 -0.7846 -0.4134
v  0.0325 -0.7846 -0.4134
v  0.0649 -0.7284 -0.4134
v  0.0325 -0.6722 -0.4134
v  -0.0459 -0.7234 -0.3346
v  -0.0278 -0.6921 -0.3346
v  -0.0244 -0.6862 -0.3346
v  -0.0183 -0.6862 -0.3346
v  0.0187 -0.6862 -0.3346
v  0.0244 -0.6862 -0.3346
v  0.0273 -0.6912 -0.3346
v  0.0457 -0.7231 -0.3346
v  0.0487 -0.7284 -0.3346
v  0.0459 -0.7332 -0.3346
v  0.0272 -0.7658 -0.3346
v  0.0244 -0.7706 -0.3346
v  0.0187 -0.7706 -0.3346
v  -0.0188 -0.7706 -0.3346
v  -0.0244 -0.7706 -0.3346
v  -0.0273 -0.7656 -0.3346
v  -0.0455 -0.7340 -0.3346
v  -0.0487 -0.7284 -0.3346
v  0.0000 -0.7284 -0.3346
v  -0.0487 -0.7565 -0.4134
v  -0.0426 -0.7530 -0.3346
v  -0.0426 -0.7530 -0.4134
v  -0.0364 -0.7498 -0.3346
v  0.0000 -0.7846 -0.4134
v  0.0000 -0.7776 -0.3346
v  0.0000 -0.7776 -0.4134
v  0.0013 -0.7706 -0.3346
v  0.0487 -0.7565 -0.4134
v  0.0426 -0.7530 -0.3346
v  0.0426 -0.7530 -0.4134
v  0.0359 -0.7506 -0.3346
v  0.0487 -0.7003 -0.4134
v  0.0426 -0.7038 -0.3346
v  0.0426 -0.7038 -0.4134
v  0.0367 -0.7075 -0.3346
v  0.0000 -0.6722 -0.4134
v  0.0000 -0.6792 -0.3346
v  0.0000 -0.6792 -0.4134
v  0.0002 -0.6862 -0.3346
v  -0.0487 -0.7003 -0.4134
v  -0.0426 -0.7038 -0.3346
v  -0.0426 -0.7038 -0.4134
v  -0.0368 -0.7078 -0.3346
v  -0.0426 -0.7038 -0.3416
v  -0.0533 -0.7223 -0.3416
v  -0.0568 -0.7284 -0.3416
v  -0.0533 -0.7345 -0.3416
v  -0.0426 -0.7530 -0.3416
v  -0.0319 -0.7715 -0.3416
v  -0.0284 -0.7776 -0.3416
v  -0.0214 -0.7776 -0.3416
v  0.0000 -0.7776 -0.3416
v  0.0214 -0.7776 -0.3416
v  0.0284 -0.7776 -0.3416
v  0.0319 -0.7715 -0.3416
v  0.0426 -0.7530 -0.3416
v  0.0533 -0.7345 -0.3416
v  0.0568 -0.7284 -0.3416
v  0.0533 -0.7223 -0.3416
v  0.0426 -0.7038 -0.3416
v  0.0319 -0.6852 -0.3416
v  0.0284 -0.6792 -0.3416
v  0.0214 -0.6792 -0.3416
v  0.0000 -0.6792 -0.3416
v  -0.0214 -0.6792 -0.3416
v  -0.0284 -0.6792 -0.3416
v  -0.0319 -0.6852 -0.3416
v  -0.0533 -0.7223 -0.4064
v  -0.0426 -0.7038 -0.4064
v  -0.0319 -0.6852 -0.4064
v  -0.0284 -0.6792 -0.4064
v  -0.0214 -0.6792 -0.4064
v  0.0000 -0.6792 -0.4064
v  0.0214 -0.6792 -0.4064
v  0.0284 -0.6792 -0.4064
v  0.0319 -0.6852 -0.4064
v  0.0426 -0.7038 -0.4064
v  0.0533 -0.7223 -0.4064
v  0.0568 -0.7284 -0.4064
v  0.0533 -0.7345 -0.4064
v  0.0426 -0.7530 -0.4064
v  0.0319 -0.7715 -0.4064
v  0.0284 -0.7776 -0.4064
v  0.0214 -0.7776 -0.4064
v  0.0000 -0.7776 -0.4064
v  -0.0214 -0.7776 -0.4064
v  -0.0284 -0.7776 -0.4064
v  -0.0319 -0.7715 -0.4064
v  -0.0426 -0.7530 -0.4064
v  -0.0533 -0.7345 -0.4064
v  -0.0568 -0.7284 -0.4064
v  -0.0000 -5.7122 -0.4606
v  0.4422 -6.4602 -0.3037
v  0.3906 -6.5447 -0.2781
v  0.4797 -6.1615 -0.3723
v  0.2375 -6.7321 0.2362
v  0.6060 -6.2826 0.2362
v  0.3054 -6.6293 -0.2521
v  0.2132 -6.6849 -0.2345
v  0.1027 -6.7215 -0.2236
v  0.3293 -6.6563 -0.1239
v  0.4206 -6.5818 -0.1238
v  0.4518 -6.4640 -0.2845
v  0.4862 -6.3641 -0.3132
v  0.5097 -6.3692 -0.2716
v  0.1198 -6.7631 0.0503
v  0.2333 -6.7289 0.0506
v  0.3399 -6.6723 0.0508
v  0.4343 -6.5953 0.0508
v  0.5110 -6.5012 0.0508
v  0.5680 -6.3936 0.0506
v  0.6021 -6.2795 0.0505
v  0.5832 -6.2758 -0.1245
v  0.5406 -6.2671 -0.2707
v  0.5115 -6.2629 -0.3220
v  0.2260 -6.7110 -0.1244
v  0.1160 -6.7441 -0.1252
v  0.4950 -6.4905 -0.1239
v  0.5502 -6.3863 -0.1241
v  0.3389 -0.2201 -0.4387
v  0.4109 -0.2201 -0.4163
v  0.4593 -0.2201 -0.3888
v  0.5561 -0.2201 -0.2592
v  0.6150 -0.2201 0.0887
v  0.6181 -0.2201 0.2363
v  0.6181 -0.2201 0.3674
v  0.6181 -6.1615 0.2362
v  0.0787 -0.2201 -0.4606
v  0.6035 -0.2201 -0.0670
v  0.6139 -6.1615 0.0507
v  0.5946 -6.1615 -0.1240
v  0.5516 -6.1615 -0.2696
v  0.4982 -0.2201 -0.3537
v  0.5187 -6.1615 -0.3279
v  0.4528 -6.0260 -0.3933
v  0.3901 -5.9106 -0.4246
v  0.2278 -0.2201 -0.4559
v  0.2057 -5.7580 -0.4574
v  0.1036 -5.7234 -0.4605
v  0.6063 -6.2803 0.3680
v  0.5706 -6.3988 0.2363
v  0.5129 -6.5064 0.2363
v  0.4363 -6.5992 0.2363
v  0.4372 -6.5984 0.3671
v  0.3436 -6.6752 0.2363
v  0.1220 -6.7674 0.2362
v  0.1207 -6.7674 0.3695
v  0.2350 -6.7328 0.3672
v  0.3423 -6.6758 0.3671
v  0.5146 -6.5035 0.3671
v  0.5719 -6.3951 0.3674
v  0.6181 -6.1614 0.3674
v  0.5534 -6.2668 0.4262
v  0.5230 -6.3708 0.4262
v  0.4706 -6.4709 0.4263
v  0.4003 -6.5576 0.4263
v  0.2140 -6.6821 0.4263
v  0.1079 -6.7142 0.4263
v  0.5633 -0.2201 0.4263
v  0.5633 -6.1614 0.4263
v  0.3131 -6.6299 0.4263
v  0.3020 -5.8190 -0.4470
v  0.6153 -0.7315 0.0818
v  0.6027 -0.7315 -0.0718
v  0.5558 -0.7315 -0.2601
v  0.4999 -0.7315 -0.3516
v  0.4533 -0.7316 -0.3927
v  0.3940 -0.7316 -0.4232
v  0.3041 -0.7317 -0.4466
v  0.1905 -0.9468 -0.4578
v  0.0787 -0.9469 -0.4606
v  0.1166 -6.7519 0.4077
v  0.2291 -6.7192 0.4066
v  0.3345 -6.6633 0.4063
v  0.4274 -6.5868 0.4063
v  0.5029 -6.4940 0.4062
v  0.5587 -6.3875 0.4064
v  0.6031 -6.1618 0.4066
v  0.5915 -6.2760 0.4067
v  0.6031 -0.2201 0.4066
v  0.5748 -6.2719 0.4200
v  0.1127 -6.7351 0.4205
v  0.2225 -6.7030 0.4201
v  0.3252 -6.6487 0.4199
v  0.4157 -6.5740 0.4199
v  0.4889 -6.4838 0.4199
v  0.5432 -6.3800 0.4199
v  0.5857 -6.1617 0.4200
v  0.5857 -0.2201 0.4201
v  0.1194 -6.7631 0.3900
v  0.2334 -6.7295 0.3883
v  0.3403 -6.6726 0.3880
v  0.4347 -6.5950 0.3879
v  0.5115 -6.5007 0.3879
v  0.5684 -6.3927 0.3881
v  0.6142 -6.1616 0.3883
v  0.6143 -0.2201 0.3883
v  0.6022 -6.2789 0.3886
v  0.6181 -0.7315 0.3674
v  0.2128 -0.5222 -0.4567
v  0.6181 -0.7315 0.2363
v  0.0787 -0.5222 -0.4606
v  0.5633 -0.7315 0.4263
v  0.6031 -0.7315 0.4066
v  0.5857 -0.7315 0.4201
v  0.6143 -0.7315 0.3883
v  0.2021 -0.7260 -0.4572
v  0.1213 -6.7663 0.1431
v  0.2361 -6.7313 0.1433
v  0.3425 -6.6746 0.1434
v  0.4361 -6.5982 0.1435
v  0.5126 -6.5047 0.1434
v  0.5701 -6.3970 0.1434
v  0.6051 -6.2816 0.1433
v  0.6168 -0.2201 0.1597
v  0.6172 -6.1614 0.1434
v  0.6168 -0.7315 0.1590
v  0.5953 -6.2779 -0.0375
v  0.1196 -6.7560 -0.0379
v  0.2307 -6.7224 -0.0373
v  0.3364 -6.6663 -0.0370
v  0.4291 -6.5906 -0.0370
v  0.5054 -6.4971 -0.0371
v  0.5617 -6.3906 -0.0372
v  0.6110 -0.2201 0.0076
v  0.6069 -6.1614 -0.0371
v  0.6107 -0.7315 0.0047
v  0.4096 -6.5684 -0.1977
v  0.5662 -6.2720 -0.1992
v  0.4814 -6.4792 -0.1999
v  0.5344 -6.3786 -0.1994
v  0.5773 -6.1614 -0.1983
v  0.5853 -0.2201 -0.1653
v  0.5847 -0.7315 -0.1679
v  0.6181 -0.2201 0.3018
v  0.6181 -6.1612 0.3020
v  0.6060 -6.2819 0.3023
v  0.5710 -6.3976 0.3021
v  0.5134 -6.5054 0.3019
v  0.4365 -6.5990 0.3019
v  0.3429 -6.6755 0.3019
v  0.2364 -6.7324 0.3019
v  0.1216 -6.7673 0.3031
v  0.6181 -0.7315 0.3020
v  0.1091 -6.7335 -0.1786
v  0.2199 -6.6989 -0.1843
v  0.3182 -6.6445 -0.1939
v  0.5183 -6.0321 -0.3284
v  0.5517 -6.0321 -0.2694
v  0.5775 -6.0321 -0.1976
v  0.5948 -6.0321 -0.1227
v  0.6070 -6.0321 -0.0361
v  0.6139 -6.0321 0.0515
v  0.6172 -6.0321 0.1438
v  0.6181 -6.0321 0.2362
v  0.6181 -6.0319 0.3020
v  0.6181 -6.0321 0.3674
v  0.6142 -6.0323 0.3883
v  0.6031 -6.0324 0.4066
v  0.5857 -6.0324 0.4201
v  0.5633 -6.0321 0.4263
v  -0.0000 -5.6766 -0.4606
v  0.1026 -5.6876 -0.4605
v  0.2041 -5.7217 -0.4575
v  0.2999 -5.7799 -0.4474
v  0.3876 -5.8703 -0.4255
v  0.4496 -5.9645 -0.3954
v  0.4723 -6.0312 -0.3786
v  0.4967 -6.1620 -0.3543
v  0.4930 -6.2590 -0.3477
v  0.3950 -6.5518 -0.2576
v  0.3094 -6.6349 -0.2318
v  0.2158 -6.6911 -0.2128
v  0.1056 -6.7267 -0.2039
v  0.4588 -6.4669 -0.2661
v  0.0799 -1.1665 -0.4606
v  0.5633 -1.1687 0.4263
v  0.1912 -1.1670 -0.4578
v  0.3040 -1.1644 -0.4467
v  0.3936 -1.1659 -0.4233
v  0.4532 -1.1675 -0.3927
v  0.5014 -1.1687 -0.3497
v  0.5554 -1.1687 -0.2609
v  0.5841 -1.1687 -0.1704
v  0.6021 -1.1687 -0.0760
v  0.6104 -1.1687 0.0014
v  0.6152 -1.1687 0.0793
v  0.6168 -1.1687 0.1578
v  0.6181 -1.1687 0.2363
v  0.6181 -1.1687 0.3020
v  0.6181 -1.1687 0.3674
v  0.6143 -1.1687 0.3883
v  0.6031 -1.1687 0.4066
v  0.5857 -1.1687 0.4201
v  -0.0000 -5.5673 -0.4606
v  0.2051 -5.5678 -0.4575
v  0.3021 -5.5684 -0.4470
v  0.3904 -5.5693 -0.4245
v  0.4523 -5.5703 -0.3937
v  0.5167 -5.5711 -0.3305
v  0.5520 -5.5711 -0.2686
v  0.5782 -5.5711 -0.1950
v  0.5955 -5.5711 -0.1183
v  0.6073 -5.5711 -0.0326
v  0.6140 -5.5711 0.0541
v  0.6172 -5.5711 0.1451
v  0.6181 -5.5711 0.3020
v  0.6142 -5.5711 0.3883
v  0.6031 -5.5711 0.4066
v  0.5857 -5.5711 0.4201
v  0.1028 -5.5674 -0.4605
v  0.5633 -5.5711 0.4263
v  0.6181 -5.5711 0.2362
v  0.6181 -5.5711 0.3674
v  0.0827 -1.7166 -0.4606
v  0.0856 -2.2667 -0.4606
v  0.0885 -2.8168 -0.4605
v  0.0913 -3.3669 -0.4605
v  0.0942 -3.9171 -0.4605
v  0.0971 -4.4672 -0.4604
v  0.0999 -5.0173 -0.4604
v  0.5633 -1.7190 0.4263
v  0.5633 -2.2693 0.4263
v  0.5633 -2.8196 0.4263
v  0.5633 -3.3699 0.4263
v  0.5633 -3.9202 0.4263
v  0.5633 -4.4705 0.4263
v  0.5633 -5.0208 0.4263
v  0.6181 -1.7190 0.2363
v  0.6181 -2.2693 0.2363
v  0.6181 -2.8196 0.2363
v  0.6181 -3.3699 0.2363
v  0.6181 -3.9202 0.2363
v  0.6181 -4.4705 0.2362
v  0.6181 -5.0208 0.2362
v  0.6181 -1.7190 0.3674
v  0.6181 -2.2693 0.3674
v  0.6181 -2.8196 0.3674
v  0.6181 -3.3699 0.3674
v  0.6181 -3.9202 0.3674
v  0.6181 -4.4705 0.3674
v  0.6181 -5.0208 0.3674
v  -0.0000 -5.0172 -0.4606
v  -0.0000 -4.4670 -0.4606
v  0.0000 -3.9169 -0.4606
v  0.0000 -3.3668 -0.4606
v  0.0000 -2.8167 -0.4606
v  0.2034 -5.0177 -0.4575
v  0.2017 -4.4676 -0.4575
v  0.1999 -3.9175 -0.4576
v  0.1982 -3.3674 -0.4576
v  0.1964 -2.8173 -0.4576
v  0.1947 -2.2672 -0.4577
v  0.1930 -1.7171 -0.4577
v  0.3023 -5.0179 -0.4469
v  0.3026 -4.4674 -0.4469
v  0.3028 -3.9169 -0.4468
v  0.3030 -3.3664 -0.4468
v  0.3033 -2.8159 -0.4467
v  0.3035 -2.2654 -0.4467
v  0.3037 -1.7149 -0.4467
v  0.3908 -5.0189 -0.4244
v  0.3912 -4.4685 -0.4242
v  0.3916 -3.9181 -0.4241
v  0.3920 -3.3676 -0.4239
v  0.3924 -2.8172 -0.4238
v  0.3928 -2.2668 -0.4236
v  0.3932 -1.7164 -0.4235
v  0.4524 -5.0200 -0.3935
v  0.4525 -4.4696 -0.3934
v  0.4526 -3.9193 -0.3933
v  0.4527 -3.3689 -0.3932
v  0.4528 -2.8186 -0.3931
v  0.4530 -2.2682 -0.3930
v  0.4531 -1.7179 -0.3929
v  0.5148 -5.0208 -0.3329
v  0.5129 -4.4705 -0.3353
v  0.5110 -3.9202 -0.3377
v  0.5091 -3.3699 -0.3401
v  0.5071 -2.8196 -0.3425
v  0.5052 -2.2693 -0.3449
v  0.5033 -1.7190 -0.3473
v  0.5525 -5.0208 -0.2676
v  0.5529 -4.4705 -0.2667
v  0.5533 -3.9202 -0.2657
v  0.5537 -3.3699 -0.2647
v  0.5541 -2.8196 -0.2638
v  0.5546 -2.2693 -0.2628
v  0.5550 -1.7190 -0.2618
v  0.5789 -5.0208 -0.1919
v  0.5796 -4.4705 -0.1888
v  0.5804 -3.9202 -0.1858
v  0.5811 -3.3699 -0.1827
v  0.5819 -2.8196 -0.1796
v  0.5826 -2.2693 -0.1765
v  0.5834 -1.7190 -0.1735
v  0.5963 -5.0208 -0.1130
v  0.5972 -4.4705 -0.1077
v  0.5980 -3.9202 -0.1024
v  0.5988 -3.3699 -0.0971
v  0.5996 -2.8196 -0.0918
v  0.6004 -2.2693 -0.0865
v  0.6013 -1.7190 -0.0813
v  0.6076 -5.0208 -0.0283
v  0.6079 -4.4705 -0.0241
v  0.6083 -3.9202 -0.0198
v  0.6089 -3.3699 -0.0156
v  0.6093 -2.8196 -0.0114
v  0.6097 -2.2693 -0.0071
v  0.6100 -1.7190 -0.0029
v  0.6142 -5.0208 0.0573
v  0.6143 -4.4705 0.0604
v  0.6145 -3.9202 0.0636
v  0.6146 -3.3699 0.0667
v  0.6148 -2.8196 0.0699
v  0.6149 -2.2693 0.0730
v  0.6151 -1.7190 0.0762
v  0.6171 -5.0208 0.1467
v  0.6170 -4.4705 0.1483
v  0.6169 -3.9202 0.1498
v  0.6167 -3.3699 0.1514
v  0.6170 -2.8196 0.1530
v  0.6167 -2.2693 0.1546
v  0.6167 -1.7190 0.1562
v  0.6181 -5.0208 0.3020
v  0.6181 -4.4705 0.3020
v  0.6181 -3.9202 0.3020
v  0.6181 -3.3699 0.3020
v  0.6181 -2.8196 0.3020
v  0.6181 -2.2693 0.3020
v  0.6181 -1.7190 0.3020
v  0.6142 -5.0208 0.3883
v  0.6142 -4.4705 0.3883
v  0.6142 -3.9202 0.3883
v  0.6142 -3.3699 0.3883
v  0.6142 -2.8196 0.3883
v  0.6142 -2.2693 0.3883
v  0.6142 -1.7190 0.3883
v  0.6031 -5.0208 0.4066
v  0.6031 -4.4705 0.4066
v  0.6031 -3.9202 0.4066
v  0.6031 -3.3699 0.4066
v  0.6031 -2.8196 0.4066
v  0.6031 -2.2693 0.4066
v  0.6031 -1.7190 0.4066
v  0.5857 -5.0208 0.4201
v  0.5857 -4.4705 0.4201
v  0.5857 -3.9202 0.4201
v  0.5857 -3.3699 0.4201
v  0.5857 -2.8196 0.4201
v  0.5857 -2.2693 0.4201
v  0.5857 -1.7190 0.4201
v  -0.1027 -6.7215 -0.2236
v  -0.1056 -6.7267 -0.2039
v  -0.0000 -6.7373 -0.2018
v  -0.0000 -6.7319 -0.2211
v  -0.4767 -6.2529 -0.3668
v  -0.4797 -6.1615 -0.3723
v  -0.4967 -6.1620 -0.3543
v  -0.3293 -6.6563 -0.1239
v  -0.3182 -6.6445 -0.1939
v  -0.4096 -6.5684 -0.1977
v  -0.4206 -6.5818 -0.1238
v  -0.1198 -6.7631 0.0503
v  -0.1213 -6.7663 0.1431
v  -0.0000 -6.7787 0.1434
v  -0.0000 -6.7753 0.0508
v  -0.2333 -6.7289 0.0506
v  -0.2361 -6.7313 0.1433
v  -0.3399 -6.6723 0.0508
v  -0.3425 -6.6746 0.1434
v  -0.4343 -6.5953 0.0508
v  -0.4361 -6.5982 0.1435
v  -0.5110 -6.5012 0.0508
v  -0.5126 -6.5047 0.1435
v  -0.5680 -6.3936 0.0507
v  -0.5701 -6.3970 0.1434
v  -0.6021 -6.2795 0.0505
v  -0.6051 -6.2816 0.1433
v  -0.6139 -6.1615 0.0507
v  -0.6172 -6.1614 0.1434
v  -0.5832 -6.2758 -0.1245
v  -0.5946 -6.1615 -0.1240
v  -0.6069 -6.1614 -0.0371
v  -0.5953 -6.2779 -0.0375
v  -0.5115 -6.2629 -0.3220
v  -0.5187 -6.1615 -0.3279
v  -0.5516 -6.1615 -0.2696
v  -0.5406 -6.2671 -0.2707
v  -0.4862 -6.3641 -0.3132
v  -0.4740 -6.3586 -0.3344
v  -0.4518 -6.4640 -0.2845
v  -0.4422 -6.4602 -0.3037
v  -0.3950 -6.5518 -0.2576
v  -0.3906 -6.5447 -0.2781
v  -0.3094 -6.6349 -0.2318
v  -0.3054 -6.6293 -0.2521
v  -0.2260 -6.7110 -0.1244
v  -0.2199 -6.6989 -0.1843
v  -0.1160 -6.7441 -0.1252
v  -0.1091 -6.7335 -0.1786
v  -0.0000 -6.7684 -0.0370
v  -0.1196 -6.7560 -0.0379
v  -0.2307 -6.7224 -0.0373
v  -0.3364 -6.6663 -0.0370
v  -0.4291 -6.5906 -0.0370
v  -0.5054 -6.4971 -0.0371
v  -0.5617 -6.3906 -0.0372
v  -0.4814 -6.4792 -0.1999
v  -0.4950 -6.4905 -0.1239
v  -0.5344 -6.3786 -0.1994
v  -0.5502 -6.3863 -0.1241
v  -0.5662 -6.2720 -0.1992
v  -0.5097 -6.3692 -0.2716
v  -0.6181 -0.2201 0.2363
v  -0.6181 -0.2201 0.3018
v  -0.6181 -0.7315 0.3020
v  -0.6181 -0.7315 0.2363
v  -0.2278 -0.2201 -0.4559
v  -0.2128 -0.5222 -0.4567
v  -0.0787 -0.5222 -0.4606
v  -0.0787 -0.2201 -0.4606
v  -0.6181 -6.1615 0.2362
v  -0.6172 -6.0321 0.1438
v  -0.6181 -6.0321 0.2362
v  -0.6070 -6.0321 -0.0361
v  -0.6139 -6.0321 0.0515
v  -0.5773 -6.1614 -0.1983
v  -0.5775 -6.0321 -0.1976
v  -0.5948 -6.0321 -0.1227
v  -0.5183 -6.0321 -0.3284
v  -0.5517 -6.0321 -0.2694
v  -0.4528 -6.0260 -0.3933
v  -0.4723 -6.0312 -0.3786
v  -0.3901 -5.9106 -0.4246
v  -0.3876 -5.8703 -0.4255
v  -0.4496 -5.9645 -0.3954
v  -0.3020 -5.8190 -0.4470
v  -0.2999 -5.7799 -0.4474
v  -0.2057 -5.7580 -0.4574
v  -0.2041 -5.7217 -0.4575
v  -0.1036 -5.7234 -0.4605
v  -0.1026 -5.6876 -0.4605
v  0.0000 -0.5221 -0.4606
v  0.0000 -0.2201 -0.4606
v  -0.6181 -6.1614 0.3674
v  -0.6063 -6.2803 0.3680
v  -0.6060 -6.2819 0.3023
v  -0.6181 -6.1612 0.3020
v  -0.5719 -6.3951 0.3674
v  -0.5710 -6.3976 0.3021
v  -0.5146 -6.5035 0.3671
v  -0.5134 -6.5054 0.3019
v  -0.4372 -6.5984 0.3671
v  -0.4365 -6.5990 0.3019
v  -0.3423 -6.6758 0.3671
v  -0.3429 -6.6755 0.3019
v  -0.2350 -6.7328 0.3672
v  -0.2364 -6.7324 0.3019
v  -0.1207 -6.7674 0.3695
v  -0.1216 -6.7673 0.3031
v  -0.0000 -6.7796 0.3674
v  -0.0000 -6.7796 0.3021
v  -0.1194 -6.7631 0.3900
v  -0.0000 -6.7753 0.3883
v  -0.2334 -6.7295 0.3883
v  -0.3403 -6.6726 0.3880
v  -0.4347 -6.5950 0.3879
v  -0.5115 -6.5007 0.3879
v  -0.5684 -6.3927 0.3881
v  -0.6022 -6.2789 0.3886
v  -0.6142 -6.1616 0.3883
v  -0.6181 -0.2201 0.3674
v  -0.6142 -0.2201 0.3883
v  -0.6142 -0.7315 0.3883
v  -0.6181 -0.7315 0.3674
v  -0.6181 -1.1687 0.3674
v  -0.6181 -1.1687 0.3020
v  -0.1905 -0.9468 -0.4578
v  -0.2021 -0.7260 -0.4572
v  -0.3041 -0.7317 -0.4466
v  -0.0787 -0.9469 -0.4606
v  0.0000 -0.9469 -0.4606
v  -0.5633 -0.7315 0.4263
v  -0.5633 -1.1687 0.4263
v  -0.5857 -1.1687 0.4201
v  -0.5857 -0.7315 0.4201
v  -0.1166 -6.7519 0.4077
v  -0.1127 -6.7351 0.4205
v  0.0000 -6.7465 0.4202
v  -0.0000 -6.7640 0.4067
v  -0.2291 -6.7192 0.4066
v  -0.2225 -6.7030 0.4201
v  -0.3345 -6.6633 0.4063
v  -0.3252 -6.6487 0.4199
v  -0.4274 -6.5868 0.4063
v  -0.4157 -6.5740 0.4199
v  -0.5029 -6.4940 0.4062
v  -0.4889 -6.4838 0.4199
v  -0.5587 -6.3875 0.4064
v  -0.5432 -6.3800 0.4199
v  -0.5915 -6.2760 0.4067
v  -0.5748 -6.2719 0.4200
v  -0.6031 -6.1618 0.4066
v  -0.5857 -6.1617 0.4200
v  -0.6031 -0.2201 0.4066
v  -0.5857 -0.2201 0.4201
v  -0.6031 -0.7315 0.4066
v  -0.6142 -6.0323 0.3883
v  -0.6031 -6.0324 0.4066
v  -0.5857 -6.0324 0.4201
v  -0.1079 -6.7142 0.4263
v  -0.0000 -6.7241 0.4263
v  -0.2140 -6.6821 0.4263
v  -0.3131 -6.6299 0.4263
v  -0.4003 -6.5576 0.4263
v  -0.4706 -6.4709 0.4263
v  -0.5230 -6.3708 0.4262
v  -0.5534 -6.2668 0.4262
v  -0.5633 -6.1614 0.4263
v  -0.5633 -0.2201 0.4263
v  -0.6181 -6.0321 0.3674
v  -0.6153 -0.7315 0.0818
v  -0.6150 -0.2201 0.0887
v  -0.6168 -0.2201 0.1597
v  -0.6168 -0.7315 0.1590
v  -0.6027 -0.7315 -0.0718
v  -0.6035 -0.2201 -0.0670
v  -0.6110 -0.2201 0.0076
v  -0.6107 -0.7315 0.0047
v  -0.5557 -0.7315 -0.2601
v  -0.5561 -0.2201 -0.2592
v  -0.5853 -0.2201 -0.1653
v  -0.5847 -0.7315 -0.1679
v  -0.4999 -0.7315 -0.3516
v  -0.4982 -0.2201 -0.3537
v  -0.4533 -0.7316 -0.3927
v  -0.4593 -0.2201 -0.3888
v  -0.3940 -0.7316 -0.4232
v  -0.4109 -0.2201 -0.4163
v  -0.3389 -0.2201 -0.4387
v  -0.0795 -0.7056 -0.4606
v  -0.1220 -6.7674 0.2362
v  -0.0000 -6.7796 0.2363
v  -0.2375 -6.7321 0.2362
v  -0.3436 -6.6752 0.2363
v  -0.4363 -6.5992 0.2363
v  -0.5129 -6.5064 0.2363
v  -0.5706 -6.3988 0.2363
v  -0.6060 -6.2826 0.2362
v  -0.0000 -6.7561 -0.1239
v  -0.6181 -6.0319 0.3020
v  -0.0000 -6.7445 -0.1766
v  -0.2158 -6.6911 -0.2128
v  -0.2132 -6.6849 -0.2345
v  -0.6172 -5.5711 0.1451
v  -0.6181 -5.5711 0.2362
v  -0.6073 -5.5711 -0.0326
v  -0.6140 -5.5711 0.0541
v  -0.5782 -5.5711 -0.1950
v  -0.5955 -5.5711 -0.1183
v  -0.5167 -5.5711 -0.3305
v  -0.5520 -5.5711 -0.2686
v  -0.5633 -6.0321 0.4263
v  -0.6142 -5.5711 0.3883
v  -0.6031 -5.5711 0.4066
v  -0.5857 -5.5711 0.4201
v  -0.6181 -5.5711 0.3674
v  -0.6181 -5.5711 0.3020
v  -0.3904 -5.5693 -0.4245
v  -0.4523 -5.5703 -0.3937
v  -0.3021 -5.5684 -0.4470
v  -0.2051 -5.5678 -0.4575
v  -0.1028 -5.5674 -0.4605
v  -0.4588 -6.4669 -0.2661
v  -0.6181 -2.8196 0.3674
v  -0.6181 -3.3699 0.3674
v  -0.6181 -3.3699 0.3020
v  -0.6181 -2.8196 0.3020
v  -0.5633 -2.8196 0.4263
v  -0.5633 -3.3699 0.4263
v  -0.5857 -3.3699 0.4201
v  -0.5857 -2.8196 0.4201
v  -0.6168 -1.1687 0.1578
v  -0.6181 -1.1687 0.2363
v  -0.6104 -1.1687 0.0014
v  -0.6152 -1.1687 0.0793
v  -0.5841 -1.1687 -0.1704
v  -0.6021 -1.1687 -0.0760
v  -0.5014 -1.1687 -0.3497
v  -0.5554 -1.1687 -0.2609
v  -0.6142 -1.1687 0.3883
v  -0.6031 -1.1687 0.4066
v  -0.3936 -1.1659 -0.4233
v  -0.4532 -1.1675 -0.3927
v  -0.3040 -1.1644 -0.4467
v  -0.1912 -1.1670 -0.4578
v  -0.0799 -1.1665 -0.4606
v  0.0000 -1.1663 -0.4606
v  -0.6168 -3.9202 0.1498
v  -0.6167 -3.3699 0.1514
v  -0.6181 -3.3699 0.2363
v  -0.6181 -3.9202 0.2363
v  -0.6083 -3.9202 -0.0198
v  -0.6089 -3.3699 -0.0156
v  -0.6146 -3.3699 0.0667
v  -0.6145 -3.9202 0.0636
v  -0.5804 -3.9202 -0.1858
v  -0.5811 -3.3699 -0.1827
v  -0.5988 -3.3699 -0.0971
v  -0.5980 -3.9202 -0.1024
v  -0.5110 -3.9202 -0.3377
v  -0.5090 -3.3699 -0.3401
v  -0.5537 -3.3699 -0.2647
v  -0.5533 -3.9202 -0.2657
v  -0.6142 -3.9202 0.3883
v  -0.6142 -3.3699 0.3883
v  -0.6031 -3.3699 0.4066
v  -0.6031 -3.9202 0.4066
v  -0.5857 -3.9202 0.4201
v  -0.6181 -3.9202 0.3674
v  -0.6181 -3.9202 0.3020
v  -0.3916 -3.9181 -0.4241
v  -0.3920 -3.3676 -0.4239
v  -0.4527 -3.3689 -0.3932
v  -0.4526 -3.9193 -0.3933
v  -0.3028 -3.9169 -0.4468
v  -0.3030 -3.3664 -0.4468
v  -0.1999 -3.9175 -0.4576
v  -0.1982 -3.3674 -0.4576
v  -0.0942 -3.9171 -0.4605
v  -0.0913 -3.3669 -0.4605
v  -0.5633 -5.5711 0.4263
v  -0.6181 -5.0208 0.3674
v  -0.6181 -5.0208 0.3020
v  -0.6181 -4.4705 0.3674
v  -0.6181 -4.4705 0.3020
v  -0.6181 -1.7190 0.3020
v  -0.6181 -1.7190 0.3674
v  -0.6181 -2.2693 0.3020
v  -0.6181 -2.2693 0.3674
v  -0.5633 -5.0208 0.4263
v  -0.5857 -5.0208 0.4201
v  -0.5633 -4.4705 0.4263
v  -0.5857 -4.4705 0.4201
v  -0.5633 -3.9202 0.4263
v  -0.5857 -1.7190 0.4201
v  -0.5633 -1.7190 0.4263
v  -0.5857 -2.2693 0.4201
v  -0.5633 -2.2693 0.4263
v  -0.6167 -1.7190 0.1562
v  -0.6181 -1.7190 0.2363
v  -0.6167 -2.2693 0.1546
v  -0.6181 -2.2693 0.2363
v  -0.6170 -2.8196 0.1530
v  -0.6181 -2.8196 0.2363
v  -0.6181 -5.0208 0.2362
v  -0.6171 -5.0208 0.1467
v  -0.6181 -4.4705 0.2363
v  -0.6170 -4.4705 0.1483
v  -0.6100 -1.7190 -0.0029
v  -0.6151 -1.7190 0.0762
v  -0.6097 -2.2693 -0.0071
v  -0.6149 -2.2693 0.0730
v  -0.6093 -2.8196 -0.0114
v  -0.6148 -2.8196 0.0699
v  -0.6142 -5.0208 0.0573
v  -0.6076 -5.0208 -0.0283
v  -0.6143 -4.4705 0.0604
v  -0.6079 -4.4705 -0.0241
v  -0.5834 -1.7190 -0.1735
v  -0.6012 -1.7190 -0.0813
v  -0.5826 -2.2693 -0.1765
v  -0.6004 -2.2693 -0.0865
v  -0.5819 -2.8196 -0.1796
v  -0.5996 -2.8196 -0.0918
v  -0.5963 -5.0208 -0.1130
v  -0.5789 -5.0208 -0.1919
v  -0.5972 -4.4705 -0.1077
v  -0.5796 -4.4705 -0.1888
v  -0.5033 -1.7190 -0.3473
v  -0.5550 -1.7190 -0.2618
v  -0.5052 -2.2693 -0.3449
v  -0.5546 -2.2693 -0.2628
v  -0.5071 -2.8196 -0.3425
v  -0.5541 -2.8196 -0.2638
v  -0.5525 -5.0208 -0.2676
v  -0.5148 -5.0208 -0.3329
v  -0.5529 -4.4705 -0.2667
v  -0.5129 -4.4705 -0.3353
v  -0.6142 -1.7190 0.3883
v  -0.6031 -1.7190 0.4066
v  -0.6142 -2.2693 0.3883
v  -0.6031 -2.2693 0.4066
v  -0.6142 -2.8196 0.3883
v  -0.6031 -2.8196 0.4066
v  -0.6031 -5.0208 0.4066
v  -0.6142 -5.0208 0.3883
v  -0.6031 -4.4705 0.4066
v  -0.6142 -4.4705 0.3883
v  -0.3932 -1.7164 -0.4235
v  -0.4531 -1.7179 -0.3929
v  -0.3928 -2.2668 -0.4236
v  -0.4530 -2.2682 -0.3930
v  -0.3924 -2.8172 -0.4238
v  -0.4528 -2.8186 -0.3931
v  -0.4524 -5.0200 -0.3935
v  -0.3908 -5.0189 -0.4244
v  -0.4525 -4.4696 -0.3934
v  -0.3912 -4.4685 -0.4242
v  -0.3037 -1.7149 -0.4467
v  -0.3035 -2.2654 -0.4467
v  -0.3033 -2.8159 -0.4467
v  -0.3023 -5.0179 -0.4469
v  -0.3026 -4.4674 -0.4469
v  -0.1930 -1.7171 -0.4577
v  -0.1947 -2.2672 -0.4577
v  -0.1964 -2.8173 -0.4576
v  -0.2034 -5.0177 -0.4575
v  -0.2017 -4.4676 -0.4575
v  -0.0827 -1.7166 -0.4606
v  -0.0856 -2.2667 -0.4606
v  -0.0885 -2.8168 -0.4605
v  -0.0999 -5.0173 -0.4604
v  -0.0971 -4.4672 -0.4604
v  0.0000 -1.7164 -0.4606
v  0.0000 -2.2665 -0.4606
v  -0.4057 -6.4395 -0.3105
v  -0.3524 -6.5035 -0.2909
v  -0.2660 -6.5738 -0.2694
v  -0.1789 -6.6189 -0.2556
v  -0.0882 -6.6432 -0.2482
v  0.0032 -6.6515 -0.2456
v  0.0883 -6.6440 -0.2479
v  0.1774 -6.6190 -0.2556
v  0.2636 -6.5765 -0.2686
v  0.3404 -6.5164 -0.2869
v  0.4028 -6.4424 -0.3096
v  0.4475 -6.3603 -0.3347
v  0.4740 -6.3586 -0.3344
v  0.4767 -6.2529 -0.3668
v  -0.4475 -6.3606 -0.3346
v  -0.0000 -5.6922 -0.3948
v  0.4789 -6.1223 -0.2635
v  0.4520 -5.9966 -0.3022
v  0.3888 -5.8819 -0.3374
v  0.2052 -5.7365 -0.3820
v  0.1037 -5.7038 -0.3910
v  0.3020 -5.7944 -0.3635
v  -0.4765 -6.2057 -0.2381
v  -0.4789 -6.1223 -0.2635
v  -0.4520 -5.9966 -0.3022
v  -0.3888 -5.8819 -0.3374
v  -0.3020 -5.7944 -0.3635
v  -0.2052 -5.7365 -0.3820
v  -0.1037 -5.7038 -0.3910
v  -0.4090 -6.3872 -0.1806
v  -0.3547 -6.4576 -0.1592
v  -0.2705 -6.5257 -0.1372
v  -0.1789 -6.5778 -0.1244
v  -0.0883 -6.6028 -0.1164
v  0.0004 -6.6111 -0.1151
v  0.0883 -6.6030 -0.1166
v  0.1776 -6.5782 -0.1240
v  0.2670 -6.5281 -0.1365
v  0.3424 -6.4704 -0.1555
v  0.4066 -6.3903 -0.1794
v  0.4499 -6.3075 -0.2056
v  0.4765 -6.2057 -0.2381
v  -0.4498 -6.3078 -0.2056
v  0.4522 -6.1184 -0.2445
v  0.4497 -6.1982 -0.2201
v  0.4279 -6.2905 -0.1922
v  0.3863 -6.3712 -0.1663
v  0.3259 -6.4468 -0.1439
v  0.2521 -6.5056 -0.1258
v  0.1658 -6.5493 -0.1127
v  0.0834 -6.5718 -0.1057
v  0.0005 -6.5785 -0.1027
v  -0.0848 -6.5708 -0.1053
v  -0.1692 -6.5477 -0.1130
v  -0.2577 -6.5018 -0.1269
v  -0.3378 -6.4342 -0.1475
v  -0.3888 -6.3674 -0.1676
v  -0.4265 -6.2912 -0.1912
v  -0.4504 -6.1928 -0.2217
v  -0.4514 -6.1169 -0.2444
v  -0.4260 -5.9994 -0.2800
v  -0.3688 -5.8946 -0.3122
v  -0.2864 -5.8101 -0.3372
v  -0.1982 -5.7559 -0.3554
v  -0.1003 -5.7233 -0.3654
v  0.0000 -5.7126 -0.3676
v  0.0999 -5.7239 -0.3646
v  0.1954 -5.7547 -0.3557
v  0.2837 -5.8079 -0.3392
v  0.3654 -5.8899 -0.3139
v  0.4262 -5.9986 -0.2810
v  -0.0011 -6.1687 -0.2287
v  0.4797 -6.1607 -0.3653
v  0.4767 -6.2517 -0.3599
v  0.4474 -6.3582 -0.3280
v  0.4027 -6.4402 -0.3029
v  0.3403 -6.5143 -0.2803
v  0.2635 -6.5743 -0.2619
v  0.1774 -6.6169 -0.2489
v  0.0883 -6.6419 -0.2413
v  0.0032 -6.6495 -0.2389
v  -0.0882 -6.6412 -0.2415
v  -0.1789 -6.6168 -0.2489
v  -0.2659 -6.5716 -0.2627
v  -0.3523 -6.5014 -0.2842
v  -0.4055 -6.4374 -0.3038
v  -0.4474 -6.3586 -0.3279
v  -0.4767 -6.2517 -0.3599
v  -0.4797 -6.1607 -0.3653
v  -0.4529 -6.0245 -0.3864
v  -0.3902 -5.9087 -0.4179
v  -0.3023 -5.8172 -0.4402
v  -0.2061 -5.7563 -0.4507
v  -0.1039 -5.7216 -0.4537
v  -0.0000 -5.7103 -0.4539
v  0.1039 -5.7216 -0.4537
v  0.2061 -5.7563 -0.4507
v  0.3023 -5.8172 -0.4402
v  0.3902 -5.9087 -0.4179
v  0.4529 -6.0245 -0.3864
v  0.4766 -6.2078 -0.2448
v  0.4790 -6.1243 -0.2702
v  0.4520 -5.9986 -0.3089
v  0.3887 -5.8839 -0.3441
v  0.3020 -5.7964 -0.3703
v  0.2052 -5.7384 -0.3887
v  0.1037 -5.7057 -0.3977
v  -0.0000 -5.6942 -0.4015
v  -0.1037 -5.7057 -0.3977
v  -0.2052 -5.7384 -0.3887
v  -0.3020 -5.7964 -0.3703
v  -0.3888 -5.8839 -0.3441
v  -0.4520 -5.9986 -0.3089
v  -0.4790 -6.1243 -0.2702
v  -0.4766 -6.2078 -0.2448
v  -0.4499 -6.3099 -0.2122
v  -0.4091 -6.3893 -0.1873
v  -0.3548 -6.4598 -0.1659
v  -0.2706 -6.5278 -0.1439
v  -0.1790 -6.5798 -0.1311
v  -0.0884 -6.6049 -0.1231
v  0.0004 -6.6132 -0.1218
v  0.0884 -6.6051 -0.1233
v  0.1777 -6.5803 -0.1307
v  0.2671 -6.5302 -0.1432
v  0.3425 -6.4726 -0.1621
v  0.4067 -6.3924 -0.1861
v  0.4500 -6.3096 -0.2123
v  0.4733 -6.1215 -0.2594
v  0.4709 -6.2037 -0.2343
v  0.4446 -6.3043 -0.2022
v  0.4018 -6.3862 -0.1763
v  0.3383 -6.4654 -0.1527
v  0.2637 -6.5224 -0.1340
v  0.1753 -6.5720 -0.1216
v  0.0872 -6.5965 -0.1143
v  0.0004 -6.6045 -0.1127
v  -0.0873 -6.5963 -0.1140
v  -0.1766 -6.5716 -0.1220
v  -0.2671 -6.5201 -0.1346
v  -0.3506 -6.4527 -0.1564
v  -0.4042 -6.3832 -0.1775
v  -0.4445 -6.3047 -0.2022
v  -0.4709 -6.2037 -0.2343
v  -0.4733 -6.1215 -0.2594
v  -0.4467 -5.9971 -0.2976
v  -0.3842 -5.8838 -0.3324
v  -0.2984 -5.7973 -0.3582
v  -0.2028 -5.7401 -0.3764
v  -0.1025 -5.7079 -0.3854
v  -0.0000 -5.6964 -0.3892
v  0.1025 -5.7079 -0.3854
v  0.2028 -5.7401 -0.3765
v  0.2984 -5.7973 -0.3583
v  0.3842 -5.8838 -0.3324
v  0.4467 -5.9972 -0.2977
v  0.4553 -6.2001 -0.2238
v  0.4578 -6.1192 -0.2486
v  0.4315 -5.9980 -0.2855
v  0.3700 -5.8880 -0.3189
v  0.2872 -5.8050 -0.3444
v  0.1978 -5.7510 -0.3611
v  0.1011 -5.7198 -0.3701
v  0.0000 -5.7084 -0.3733
v  -0.1015 -5.7192 -0.3710
v  -0.2007 -5.7523 -0.3609
v  -0.2900 -5.8072 -0.3425
v  -0.3733 -5.8928 -0.3173
v  -0.4313 -5.9988 -0.2846
v  -0.4571 -6.1176 -0.2486
v  -0.4560 -6.1947 -0.2254
v  -0.4318 -6.2943 -0.1946
v  -0.3936 -6.3714 -0.1707
v  -0.3420 -6.4391 -0.1503
v  -0.2609 -6.5074 -0.1294
v  -0.1713 -6.5540 -0.1154
v  -0.0858 -6.5773 -0.1077
v  0.0005 -6.5851 -0.1051
v  0.0844 -6.5783 -0.1081
v  0.1680 -6.5556 -0.1151
v  0.2553 -6.5113 -0.1283
v  0.3300 -6.4518 -0.1467
v  0.3911 -6.3753 -0.1693
v  0.4333 -6.2935 -0.1956
v  0.4452 -6.1190 -0.2443
v  0.4427 -6.1974 -0.2203
v  0.4213 -6.2883 -0.1929
v  0.3803 -6.3677 -0.1674
v  0.3209 -6.4422 -0.1453
v  0.2482 -6.5000 -0.1275
v  0.1632 -6.5431 -0.1146
v  0.0821 -6.5652 -0.1077
v  0.0005 -6.5718 -0.1048
v  -0.0835 -6.5642 -0.1073
v  -0.1665 -6.5415 -0.1149
v  -0.2536 -6.4963 -0.1285
v  -0.3326 -6.4297 -0.1489
v  -0.3827 -6.3639 -0.1686
v  -0.4198 -6.2890 -0.1919
v  -0.4434 -6.1920 -0.2219
v  -0.4444 -6.1175 -0.2442
v  -0.4194 -6.0017 -0.2793
v  -0.3630 -5.8985 -0.3111
v  -0.2818 -5.8153 -0.3357
v  -0.1951 -5.7620 -0.3535
v  -0.0987 -5.7299 -0.3634
v  -0.0000 -5.7194 -0.3656
v  0.0983 -5.7305 -0.3626
v  0.1923 -5.7608 -0.3538
v  0.2792 -5.8131 -0.3376
v  0.3597 -5.8939 -0.3127
v  0.4195 -6.0009 -0.2802
v  0.4578 -6.3445 0.4305
v  0.4843 -6.2536 0.4302
v  0.4933 -6.1581 0.4307
v  0.4933 -6.0321 0.4307
v  0.4933 -5.5711 0.4307
v  0.4933 -5.0208 0.4307
v  0.4933 -4.4705 0.4307
v  0.4933 -3.9202 0.4307
v  0.4933 -3.3699 0.4307
v  0.4933 -2.8196 0.4307
v  0.4933 -2.2693 0.4307
v  0.4933 -1.7190 0.4307
v  0.4933 -1.1687 0.4307
v  0.4933 -0.7315 0.4307
v  0.4993 -0.2201 0.4304
v  -0.4878 -0.2202 0.4310
v  -0.4933 -0.7315 0.4307
v  -0.4933 -1.1687 0.4307
v  -0.4933 -1.7190 0.4307
v  -0.4933 -2.2693 0.4307
v  -0.4933 -2.8196 0.4307
v  -0.4933 -3.3699 0.4307
v  -0.4933 -3.9202 0.4307
v  -0.4933 -4.4705 0.4307
v  -0.4933 -5.0208 0.4307
v  -0.4933 -5.5711 0.4307
v  -0.4933 -6.0321 0.4263
v  -0.4933 -6.1581 0.4307
v  -0.4843 -6.2536 0.4301
v  -0.4578 -6.3445 0.4305
v  -0.4119 -6.4322 0.4305
v  -0.3503 -6.5081 0.4310
v  -0.2740 -6.5713 0.4304
v  -0.1873 -6.6170 0.4306
v  -0.0944 -6.6451 0.4302
v  0.0000 -6.6538 0.4307
v  0.0944 -6.6451 0.4302
v  0.1873 -6.6170 0.4306
v  0.2740 -6.5713 0.4305
v  0.3503 -6.5081 0.4310
v  0.4119 -6.4322 0.4304
v  0.3553 -6.3032 0.4368
v  0.3758 -6.2329 0.4365
v  0.3833 -6.1530 0.4368
v  0.3833 -6.0321 0.4368
v  0.3833 -5.5711 0.4368
v  0.3833 -5.0208 0.4368
v  0.3833 -4.4705 0.4368
v  0.3833 -3.9202 0.4368
v  0.3833 -3.3699 0.4368
v  0.3833 -2.8196 0.4368
v  0.3833 -2.2693 0.4368
v  0.3833 -1.7190 0.4368
v  0.3833 -1.1687 0.4368
v  0.3833 -0.7315 0.4368
v  0.3906 -0.2202 0.4364
v  -0.3807 -0.2201 0.4358
v  -0.3833 -0.7315 0.4368
v  -0.3833 -1.1687 0.4368
v  -0.3833 -1.7190 0.4368
v  -0.3833 -2.2693 0.4368
v  -0.3833 -2.8196 0.4368
v  -0.3833 -3.3699 0.4368
v  -0.3833 -3.9202 0.4368
v  -0.3833 -4.4705 0.4368
v  -0.3833 -5.0208 0.4368
v  -0.3833 -5.5711 0.4368
v  -0.3833 -6.0321 0.4368
v  -0.3833 -6.1530 0.4368
v  -0.3758 -6.2329 0.4365
v  -0.3553 -6.3032 0.4368
v  -0.3195 -6.3714 0.4366
v  -0.2717 -6.4304 0.4362
v  -0.2126 -6.4794 0.4365
v  -0.1454 -6.5148 0.4369
v  -0.0732 -6.5366 0.4365
v  0.0000 -6.5433 0.4369
v  0.0732 -6.5366 0.4365
v  0.1454 -6.5148 0.4369
v  0.2126 -6.4794 0.4365
v  0.2717 -6.4304 0.4362
v  0.3195 -6.3714 0.4366
v  0.2527 -6.2618 0.4408
v  0.2672 -6.2122 0.4409
v  0.2733 -6.1478 0.4413
v  0.2733 -6.0321 0.4413
v  0.2733 -5.5711 0.4413
v  0.2733 -5.0208 0.4413
v  0.2733 -4.4705 0.4413
v  0.2733 -3.9202 0.4413
v  0.2733 -3.3699 0.4413
v  0.2733 -2.8196 0.4413
v  0.2733 -2.2693 0.4413
v  0.2733 -1.7190 0.4413
v  0.2733 -1.1687 0.4413
v  0.2730 -0.7312 0.4413
v  0.2776 -0.2201 0.4411
v  -0.2722 -0.2202 0.4413
v  -0.2733 -0.7315 0.4413
v  -0.2732 -1.1687 0.4413
v  -0.2733 -1.7189 0.4413
v  -0.2733 -2.2693 0.4413
v  -0.2733 -2.8196 0.4413
v  -0.2733 -3.3699 0.4413
v  -0.2733 -3.9202 0.4413
v  -0.2733 -4.4705 0.4413
v  -0.2733 -5.0208 0.4413
v  -0.2733 -5.5711 0.4413
v  -0.2733 -6.0321 0.4413
v  -0.2733 -6.1478 0.4413
v  -0.2672 -6.2122 0.4409
v  -0.2528 -6.2618 0.4408
v  -0.2272 -6.3107 0.4411
v  -0.1931 -6.3526 0.4414
v  -0.1513 -6.3874 0.4412
v  -0.1034 -6.4126 0.4408
v  -0.0520 -6.4281 0.4409
v  -0.0000 -6.4329 0.4413
v  0.0520 -6.4281 0.4409
v  0.1034 -6.4126 0.4408
v  0.1512 -6.3874 0.4412
v  0.1931 -6.3526 0.4414
v  0.2272 -6.3107 0.4411
v  0.0002 -0.7312 0.4465
v  0.0032 -0.2201 0.4465
v  0.0000 -1.1687 0.4465
v  -0.0000 -1.7190 0.4465
v  0.0000 -2.2693 0.4465
v  -0.0000 -2.8196 0.4465
v  0.0000 -3.3699 0.4465
v  -0.0000 -3.9202 0.4465
v  -0.0000 -4.4705 0.4465
v  -0.0000 -5.0208 0.4465
v  -0.0000 -5.5711 0.4465
v  -0.0000 -6.0321 0.4465
v  0.6181 -0.2201 0.3501
v  0.6181 -0.7315 0.3501
v  0.6181 -1.1687 0.3501
v  0.6181 -1.7190 0.3501
v  0.6181 -2.2693 0.3501
v  0.6181 -2.8196 0.3501
v  0.6181 -3.3699 0.3501
v  0.6181 -3.9202 0.3501
v  0.6181 -4.4705 0.3501
v  0.6181 -5.0208 0.3501
v  0.6181 -5.5711 0.3501
v  0.6181 -6.0320 0.3501
v  0.6181 -6.1614 0.3501
v  0.6063 -6.2807 0.3506
v  0.5717 -6.3958 0.3502
v  0.5143 -6.5040 0.3499
v  0.4370 -6.5985 0.3499
v  0.3425 -6.6758 0.3499
v  0.2354 -6.7327 0.3500
v  0.1209 -6.7674 0.3520
v  -0.0000 -6.7796 0.3501
v  -0.1209 -6.7674 0.3520
v  -0.2354 -6.7327 0.3500
v  -0.3425 -6.6758 0.3499
v  -0.4370 -6.5985 0.3499
v  -0.5143 -6.5040 0.3499
v  -0.5717 -6.3958 0.3502
v  -0.6063 -6.2807 0.3506
v  -0.6181 -6.1614 0.3501
v  -0.6181 -6.0320 0.3501
v  -0.6181 -5.5711 0.3501
v  -0.6181 -5.0208 0.3501
v  -0.6181 -4.4705 0.3501
v  -0.6181 -3.9202 0.3501
v  -0.6181 -3.3699 0.3501
v  -0.6181 -2.8196 0.3501
v  -0.6181 -2.2693 0.3501
v  -0.6181 -1.7190 0.3501
v  -0.6181 -1.1687 0.3501
v  -0.6181 -0.7315 0.3501
v  -0.6181 -0.2201 0.3501
v  0.5446 -0.2201 0.4275
v  0.5429 -0.7315 0.4276
v  0.5429 -1.1687 0.4276
v  0.5429 -1.7190 0.4276
v  0.5429 -2.2693 0.4276
v  0.5429 -2.8196 0.4276
v  0.5429 -3.3699 0.4276
v  0.5429 -3.9202 0.4276
v  0.5429 -4.4705 0.4276
v  0.5429 -5.0208 0.4276
v  0.5429 -5.5711 0.4276
v  0.5429 -6.0321 0.4276
v  0.5429 -6.1605 0.4276
v  0.5332 -6.2630 0.4274
v  0.5040 -6.3631 0.4275
v  0.4535 -6.4596 0.4275
v  0.3857 -6.5431 0.4276
v  0.3017 -6.6128 0.4275
v  0.2062 -6.6631 0.4275
v  0.1039 -6.6941 0.4274
v  -0.0000 -6.7036 0.4276
v  -0.1039 -6.6941 0.4274
v  -0.2062 -6.6631 0.4275
v  -0.3017 -6.6128 0.4275
v  -0.3857 -6.5431 0.4276
v  -0.4535 -6.4596 0.4275
v  -0.5040 -6.3631 0.4275
v  -0.5332 -6.2630 0.4274
v  -0.5429 -6.1605 0.4276
v  -0.5429 -6.0321 0.4263
v  -0.5429 -5.5711 0.4276
v  -0.5429 -5.0208 0.4276
v  -0.5429 -4.4705 0.4276
v  -0.5429 -3.9202 0.4276
v  -0.5429 -3.3699 0.4276
v  -0.5429 -2.8196 0.4276
v  -0.5429 -2.2693 0.4276
v  -0.5429 -1.7190 0.4276
v  -0.5429 -1.1687 0.4276
v  -0.5429 -0.7315 0.4276
v  -0.5413 -0.2201 0.4277
v  0.4680 -6.3590 -0.3345
v  0.4350 -6.4569 -0.3048
v  0.3814 -6.5395 -0.2797
v  0.2977 -6.6197 -0.2551
v  0.2067 -6.6729 -0.2383
v  0.1001 -6.7073 -0.2280
v  0.0006 -6.7172 -0.2256
v  -0.1000 -6.7072 -0.2281
v  -0.2070 -6.6729 -0.2383
v  -0.2982 -6.6192 -0.2553
v  -0.3836 -6.5372 -0.2804
v  -0.4355 -6.4564 -0.3049
v  -0.4679 -6.3591 -0.3344
v  0.4534 -6.3599 -0.3346
v  0.4102 -6.4457 -0.3085
v  0.3498 -6.5217 -0.2853
v  0.2714 -6.5864 -0.2655
v  0.1841 -6.6313 -0.2516
v  0.0910 -6.6585 -0.2434
v  0.0026 -6.6666 -0.2410
v  -0.0909 -6.6579 -0.2436
v  -0.1854 -6.6313 -0.2516
v  -0.2734 -6.5842 -0.2662
v  -0.3595 -6.5112 -0.2885
v  -0.4125 -6.4434 -0.3092
v  -0.4536 -6.3602 -0.3345
v  -0.4930 -6.2590 -0.3477
v  -0.6031 -0.2467 0.4066
v  -0.6142 -0.2467 0.3883
v  -0.6181 -0.2467 0.3674
v  -0.6181 -0.2467 0.3501
v  -0.6181 -0.2467 0.3018
v  -0.6181 -0.2467 0.2363
v  -0.6168 -0.2467 0.1597
v  -0.6150 -0.2467 0.0885
v  -0.6110 -0.2467 0.0075
v  -0.6034 -0.2467 -0.0671
v  -0.5853 -0.2467 -0.1654
v  -0.5561 -0.2467 -0.2592
v  -0.4982 -0.2467 -0.3537
v  -0.4592 -0.2467 -0.3888
v  -0.4106 -0.2467 -0.4165
v  -0.3382 -0.2467 -0.4389
v  -0.2273 -0.2467 -0.4560
v  -0.0787 -0.2467 -0.4606
v  0.0000 -0.2467 -0.4606
v  0.0787 -0.2467 -0.4606
v  0.2273 -0.2467 -0.4560
v  0.3382 -0.2467 -0.4389
v  0.4106 -0.2467 -0.4165
v  0.4592 -0.2467 -0.3889
v  0.4982 -0.2467 -0.3537
v  0.5561 -0.2467 -0.2592
v  0.5853 -0.2467 -0.1654
v  0.6034 -0.2467 -0.0671
v  0.6110 -0.2467 0.0075
v  0.6150 -0.2467 0.0885
v  0.6168 -0.2467 0.1597
v  0.6181 -0.2467 0.2363
v  0.6181 -0.2467 0.3018
v  0.6181 -0.2467 0.3501
v  0.6181 -0.2467 0.3674
v  0.6143 -0.2467 0.3883
v  0.6031 -0.2467 0.4066
v  0.5857 -0.2467 0.4201
v  0.5633 -0.2467 0.4263
v  0.5446 -0.2467 0.4275
v  0.4992 -0.2467 0.4304
v  0.3904 -0.2467 0.4364
v  0.2775 -0.2467 0.4411
v  0.0031 -0.2467 0.4465
v  -0.2722 -0.2467 0.4413
v  -0.3808 -0.2467 0.4358
v  -0.4879 -0.2467 0.4310
v  -0.5413 -0.2467 0.4277
v  -0.5633 -0.2467 0.4263
v  -0.5857 -0.2467 0.4201
v  0.4459 -6.4600 -0.2978
v  0.4783 -6.3577 -0.3289
v  0.4814 -6.2521 -0.3616
v  0.4846 -6.1605 -0.3674
v  0.4582 -6.0233 -0.3896
v  0.3953 -5.9062 -0.4226
v  0.3063 -5.8135 -0.4462
v  0.2087 -5.7517 -0.4572
v  0.1051 -5.7165 -0.4604
v  -0.0000 -5.7052 -0.4606
v  -0.1051 -5.7165 -0.4604
v  -0.2087 -5.7517 -0.4572
v  -0.3063 -5.8135 -0.4462
v  -0.3953 -5.9062 -0.4226
v  -0.4582 -6.0233 -0.3896
v  -0.4846 -6.1605 -0.3674
v  -0.4814 -6.2521 -0.3616
v  -0.4783 -6.3577 -0.3289
v  -0.4459 -6.4600 -0.2978
v  -0.3936 -6.5452 -0.2718
v  -0.3078 -6.6304 -0.2456
v  -0.2149 -6.6865 -0.2278
v  -0.1035 -6.7233 -0.2168
v  -0.0000 -6.7337 -0.2143
v  0.1035 -6.7233 -0.2168
v  0.2149 -6.6865 -0.2278
v  0.3078 -6.6304 -0.2456
v  0.3936 -6.5452 -0.2718
v  -0.0795 -0.7511 -0.4506
v  -0.0823 -0.7358 -0.4506
v  -0.0734 -0.7664 -0.4506
v  -0.0642 -0.7805 -0.4506
v  -0.0521 -0.7926 -0.4506
v  -0.0380 -0.8018 -0.4506
v  -0.0227 -0.8079 -0.4506
v  -0.0074 -0.8107 -0.4506
v  0.0074 -0.8107 -0.4506
v  0.0227 -0.8079 -0.4506
v  0.0380 -0.8018 -0.4506
v  0.0521 -0.7926 -0.4506
v  0.0642 -0.7805 -0.4506
v  0.0734 -0.7664 -0.4506
v  0.0795 -0.7511 -0.4506
v  0.0823 -0.7358 -0.4506
v  0.0823 -0.7210 -0.4506
v  -0.0823 -0.7210 -0.4506
v  -0.0795 -0.7056 -0.4506
v  -0.0734 -0.6904 -0.4506
v  -0.0642 -0.6763 -0.4506
v  -0.0521 -0.6642 -0.4506
v  -0.0380 -0.6550 -0.4506
v  -0.0227 -0.6489 -0.4506
v  -0.0074 -0.6460 -0.4506
v  0.0074 -0.6460 -0.4506
v  0.0227 -0.6489 -0.4506
v  0.0380 -0.6550 -0.4506
v  0.0521 -0.6642 -0.4506
v  0.0642 -0.6763 -0.4506
v  0.0734 -0.6904 -0.4506
v  0.0795 -0.7056 -0.4506
v  -0.0795 -0.7511 -0.4134
v  -0.0795 -0.7511 -0.4234
v  -0.0823 -0.7358 -0.4134
v  -0.0823 -0.7358 -0.4234
v  -0.0823 -0.7210 -0.4134
v  -0.0823 -0.7210 -0.4234
v  -0.0795 -0.7056 -0.4134
v  -0.0795 -0.7056 -0.4234
v  -0.0734 -0.6904 -0.4134
v  -0.0734 -0.6904 -0.4234
v  -0.0642 -0.6763 -0.4134
v  -0.0642 -0.6763 -0.4234
v  -0.0521 -0.6642 -0.4134
v  -0.0521 -0.6642 -0.4234
v  -0.0380 -0.6550 -0.4134
v  -0.0380 -0.6550 -0.4234
v  -0.0227 -0.6489 -0.4134
v  -0.0227 -0.6489 -0.4234
v  -0.0074 -0.6460 -0.4134
v  -0.0074 -0.6460 -0.4234
v  0.0074 -0.6460 -0.4134
v  0.0074 -0.6460 -0.4234
v  0.0227 -0.6489 -0.4134
v  0.0227 -0.6489 -0.4234
v  0.0380 -0.6550 -0.4134
v  0.0380 -0.6550 -0.4234
v  0.0521 -0.6642 -0.4134
v  0.0521 -0.6642 -0.4234
v  0.0642 -0.6763 -0.4134
v  0.0642 -0.6763 -0.4234
v  0.0734 -0.6904 -0.4134
v  0.0734 -0.6904 -0.4234
v  0.0795 -0.7056 -0.4134
v  0.0795 -0.7056 -0.4234
v  0.0823 -0.7210 -0.4134
v  0.0823 -0.7210 -0.4234
v  0.0823 -0.7358 -0.4134
v  0.0823 -0.7358 -0.4234
v  0.0795 -0.7511 -0.4134
v  0.0795 -0.7511 -0.4234
v  0.0734 -0.7664 -0.4134
v  0.0734 -0.7664 -0.4234
v  0.0642 -0.7805 -0.4134
v  0.0642 -0.7805 -0.4234
v  0.0521 -0.7926 -0.4134
v  0.0521 -0.7926 -0.4234
v  0.0380 -0.8018 -0.4134
v  0.0380 -0.8018 -0.4234
v  0.0227 -0.8079 -0.4134
v  0.0227 -0.8079 -0.4234
v  0.0074 -0.8107 -0.4134
v  0.0074 -0.8107 -0.4234
v  -0.0074 -0.8107 -0.4134
v  -0.0074 -0.8107 -0.4234
v  -0.0227 -0.8079 -0.4134
v  -0.0227 -0.8079 -0.4234
v  -0.0380 -0.8018 -0.4134
v  -0.0380 -0.8018 -0.4234
v  -0.0521 -0.7926 -0.4134
v  -0.0521 -0.7926 -0.4234
v  -0.0642 -0.7805 -0.4134
v  -0.0642 -0.7805 -0.4234
v  -0.0734 -0.7664 -0.4134
v  -0.0734 -0.7664 -0.4234
v  0.0795 -0.7511 -0.4606
v  0.0823 -0.7358 -0.4606
v  0.0642 -0.6763 -0.4606
v  0.0521 -0.6642 -0.4606
v  0.0380 -0.6550 -0.4606
v  0.0227 -0.6489 -0.4606
v  0.0074 -0.6460 -0.4606
v  -0.0074 -0.6460 -0.4606
v  0.0074 -0.8107 -0.4606
v  0.0227 -0.8079 -0.4606
v  0.0380 -0.8018 -0.4606
v  0.0521 -0.7926 -0.4606
v  0.0642 -0.7805 -0.4606
v  0.0734 -0.7664 -0.4606
v  -0.0795 -0.7511 -0.4606
v  -0.0734 -0.7664 -0.4606
v  -0.0823 -0.7210 -0.4606
v  -0.0823 -0.7358 -0.4606
v  -0.0734 -0.6904 -0.4606
v  -0.0642 -0.6763 -0.4606
v  -0.0521 -0.6642 -0.4606
v  -0.0380 -0.6550 -0.4606
v  -0.0227 -0.6489 -0.4606
v  -0.0074 -0.8107 -0.4606
v  -0.0227 -0.8079 -0.4606
v  -0.0380 -0.8018 -0.4606
v  -0.0521 -0.7926 -0.4606
v  -0.0642 -0.7805 -0.4606
v  0.0823 -0.7210 -0.4606
v  0.0795 -0.7056 -0.4606
v  0.0734 -0.6904 -0.4606
v  0.2735 -6.1498 -0.6573
v  0.2707 -6.1436 -0.6541
v  0.2847 -6.1201 -0.6616
v  0.2792 -6.1482 -0.6526
v  0.2390 -6.0937 -0.6752
v  0.2222 -6.1220 -0.6662
v  0.2193 -6.1158 -0.6630
v  0.2334 -6.0923 -0.6705
v  0.2419 -6.0969 -0.6690
v  0.2279 -6.1204 -0.6615
v  0.1877 -6.0659 -0.6841
v  0.1709 -6.0942 -0.6751
v  0.1680 -6.0880 -0.6719
v  0.1820 -6.0645 -0.6794
v  0.1906 -6.0691 -0.6779
v  0.1765 -6.0927 -0.6704
v  0.1364 -6.0382 -0.6930
v  0.1195 -6.0664 -0.6840
v  0.1166 -6.0602 -0.6808
v  0.1307 -6.0367 -0.6883
v  0.1392 -6.0413 -0.6868
v  0.1252 -6.0649 -0.6793
v  0.0850 -6.0104 -0.7019
v  0.0682 -6.0386 -0.6929
v  0.0653 -6.0324 -0.6897
v  0.0793 -6.0089 -0.6972
v  0.0879 -6.0135 -0.6957
v  0.0739 -6.0371 -0.6882
v  0.0337 -5.9826 -0.7108
v  0.0168 -6.0108 -0.7018
v  0.0140 -6.0047 -0.6986
v  0.0280 -5.9811 -0.7061
v  0.0366 -5.9858 -0.7046
v  0.0225 -6.0093 -0.6971
v  -0.0345 -5.9830 -0.7107
v  -0.0374 -5.9769 -0.7075
v  -0.0148 -5.9580 -0.7136
v  -0.0288 -5.9815 -0.7060
v  0.2703 -6.0967 -0.6691
v  0.2419 -6.0875 -0.6720
v  0.2218 -6.0657 -0.6842
v  0.2275 -6.0642 -0.6795
v  0.2190 -6.0689 -0.6780
v  0.2189 -6.0596 -0.6810
v  0.1905 -6.0597 -0.6809
v  0.1705 -6.0379 -0.6931
v  0.1761 -6.0364 -0.6884
v  0.1676 -6.0411 -0.6869
v  0.1676 -6.0318 -0.6899
v  0.1392 -6.0320 -0.6898
v  0.1191 -6.0101 -0.7020
v  0.1248 -6.0086 -0.6973
v  0.1163 -6.0134 -0.6958
v  0.1162 -6.0040 -0.6988
v  0.0878 -6.0042 -0.6987
v  0.0678 -5.9824 -0.7109
v  0.0735 -5.9808 -0.7062
v  0.0650 -5.9856 -0.7047
v  0.0649 -5.9762 -0.7077
v  0.0365 -5.9764 -0.7076
v  0.0136 -5.9578 -0.7136
v  -0.0646 -6.5457 -0.5308
v  -0.0703 -6.5443 -0.5261
v  -0.0617 -6.5489 -0.5246
v  -0.1159 -6.5179 -0.5397
v  -0.1216 -6.5165 -0.5350
v  -0.1131 -6.5211 -0.5335
v  -0.1673 -6.4902 -0.5486
v  -0.1730 -6.4887 -0.5439
v  -0.1644 -6.4933 -0.5424
v  -0.2186 -6.4624 -0.5575
v  -0.2243 -6.4609 -0.5528
v  -0.2158 -6.4655 -0.5513
v  0.0377 -6.5451 -0.5310
v  0.0180 -6.5671 -0.5188
v  0.0320 -6.5436 -0.5263
v  -0.0105 -6.5673 -0.5187
v  -0.0305 -6.5455 -0.5308
v  -0.0248 -6.5440 -0.5262
v  0.0406 -6.5482 -0.5248
v  -0.0333 -6.5487 -0.5247
v  -0.0137 -6.5173 -0.5399
v  -0.0334 -6.5393 -0.5277
v  -0.0193 -6.5158 -0.5352
v  -0.0618 -6.5395 -0.5276
v  -0.0819 -6.5177 -0.5398
v  -0.0762 -6.5162 -0.5351
v  -0.0108 -6.5204 -0.5337
v  -0.0847 -6.5209 -0.5336
v  -0.0650 -6.4895 -0.5488
v  -0.0847 -6.5116 -0.5366
v  -0.0707 -6.4880 -0.5441
v  -0.1131 -6.5117 -0.5365
v  -0.1332 -6.4899 -0.5487
v  -0.1275 -6.4884 -0.5440
v  -0.0621 -6.4927 -0.5426
v  -0.1360 -6.4931 -0.5425
v  -0.1163 -6.4617 -0.5577
v  -0.1361 -6.4838 -0.5455
v  -0.1220 -6.4602 -0.5530
v  -0.1645 -6.4840 -0.5454
v  -0.1845 -6.4621 -0.5576
v  -0.1789 -6.4606 -0.5529
v  -0.1135 -6.4649 -0.5515
v  -0.1873 -6.4654 -0.5514
v  -0.1677 -6.4339 -0.5666
v  -0.1874 -6.4560 -0.5544
v  -0.1734 -6.4324 -0.5619
v  -0.2158 -6.4562 -0.5543
v  -0.2359 -6.4344 -0.5665
v  -0.2302 -6.4328 -0.5618
v  -0.1648 -6.4371 -0.5604
v  -0.2387 -6.4376 -0.5603
v  -0.2190 -6.4061 -0.5755
v  -0.2388 -6.4282 -0.5633
v  -0.2247 -6.4047 -0.5708
v  -0.2672 -6.4284 -0.5632
v  -0.2815 -6.4050 -0.5707
v  -0.2162 -6.4093 -0.5693
v  -0.2704 -6.3783 -0.5844
v  -0.2761 -6.3769 -0.5797
v  -0.2675 -6.3815 -0.5782
v  0.0718 -6.5448 -0.5310
v  0.0775 -6.5433 -0.5263
v  0.0690 -6.5480 -0.5248
v  0.0886 -6.5166 -0.5400
v  0.0689 -6.5387 -0.5278
v  0.0829 -6.5151 -0.5354
v  0.0405 -6.5389 -0.5278
v  0.0204 -6.5171 -0.5399
v  0.0261 -6.5155 -0.5353
v  0.0915 -6.5198 -0.5339
v  0.0176 -6.5203 -0.5337
v  0.0373 -6.4888 -0.5490
v  0.0176 -6.5109 -0.5367
v  0.0316 -6.4874 -0.5443
v  -0.0109 -6.5111 -0.5367
v  -0.0309 -6.4893 -0.5488
v  -0.0252 -6.4877 -0.5442
v  0.0401 -6.4920 -0.5428
v  -0.0337 -6.4925 -0.5426
v  -0.0141 -6.4610 -0.5579
v  -0.0338 -6.4831 -0.5456
v  -0.0197 -6.4596 -0.5532
v  -0.0622 -6.4833 -0.5456
v  -0.0823 -6.4615 -0.5577
v  -0.0766 -6.4599 -0.5531
v  -0.0112 -6.4642 -0.5517
v  -0.0851 -6.4647 -0.5516
v  -0.0654 -6.4332 -0.5668
v  -0.0851 -6.4553 -0.5545
v  -0.0711 -6.4318 -0.5621
v  -0.1135 -6.4555 -0.5545
v  -0.1336 -6.4337 -0.5666
v  -0.1279 -6.4321 -0.5620
v  -0.0625 -6.4364 -0.5606
v  -0.1364 -6.4369 -0.5605
v  -0.1167 -6.4054 -0.5757
v  -0.1365 -6.4275 -0.5635
v  -0.1224 -6.4040 -0.5710
v  -0.1649 -6.4277 -0.5634
v  -0.1849 -6.4059 -0.5756
v  -0.1793 -6.4044 -0.5709
v  -0.1139 -6.4086 -0.5695
v  -0.1877 -6.4091 -0.5694
v  -0.1681 -6.3777 -0.5846
v  -0.1878 -6.3997 -0.5724
v  -0.1738 -6.3762 -0.5799
v  -0.2162 -6.3999 -0.5723
v  -0.2363 -6.3781 -0.5845
v  -0.2306 -6.3766 -0.5798
v  -0.1652 -6.3808 -0.5784
v  -0.2391 -6.3813 -0.5783
v  -0.2194 -6.3499 -0.5935
v  -0.2392 -6.3719 -0.5813
v  -0.2251 -6.3484 -0.5888
v  -0.2676 -6.3721 -0.5812
v  -0.2876 -6.3503 -0.5934
v  -0.2819 -6.3488 -0.5887
v  -0.2166 -6.3530 -0.5873
v  -0.2904 -6.3535 -0.5872
v  -0.2708 -6.3221 -0.6024
v  -0.2905 -6.3442 -0.5902
v  -0.2765 -6.3206 -0.5977
v  -0.2679 -6.3253 -0.5962
v  0.2912 -6.2340 -0.6303
v  0.2743 -6.2623 -0.6213
v  0.2715 -6.2561 -0.6181
v  0.2855 -6.2326 -0.6256
v  0.2941 -6.2372 -0.6241
v  0.2800 -6.2607 -0.6166
v  0.2398 -6.2062 -0.6392
v  0.2230 -6.2345 -0.6302
v  0.2201 -6.2283 -0.6270
v  0.2342 -6.2048 -0.6345
v  0.2427 -6.2094 -0.6331
v  0.2287 -6.2329 -0.6255
v  0.1885 -6.1784 -0.6481
v  0.1717 -6.2067 -0.6391
v  0.1688 -6.2005 -0.6359
v  0.1828 -6.1770 -0.6434
v  0.1914 -6.1816 -0.6420
v  0.1773 -6.2051 -0.6344
v  0.1372 -6.1507 -0.6570
v  0.1203 -6.1789 -0.6480
v  0.1174 -6.1727 -0.6448
v  0.1315 -6.1492 -0.6523
v  0.1400 -6.1538 -0.6509
v  0.1260 -6.1774 -0.6433
v  0.0858 -6.1229 -0.6660
v  0.0690 -6.1511 -0.6569
v  0.0661 -6.1449 -0.6537
v  0.0801 -6.1214 -0.6613
v  0.0887 -6.1260 -0.6598
v  0.0747 -6.1496 -0.6523
v  0.0345 -6.0951 -0.6749
v  0.0176 -6.1233 -0.6658
v  0.0148 -6.1171 -0.6626
v  0.0288 -6.0936 -0.6702
v  0.0374 -6.0983 -0.6687
v  0.0233 -6.1218 -0.6612
v  -0.0169 -6.0673 -0.6838
v  -0.0337 -6.0955 -0.6747
v  -0.0366 -6.0894 -0.6715
v  -0.0225 -6.0658 -0.6791
v  -0.0140 -6.0705 -0.6776
v  -0.0280 -6.0940 -0.6701
v  -0.0682 -6.0395 -0.6927
v  -0.0851 -6.0677 -0.6836
v  -0.0879 -6.0616 -0.6805
v  -0.0739 -6.0380 -0.6880
v  -0.0653 -6.0427 -0.6865
v  -0.0794 -6.0662 -0.6790
v  -0.1195 -6.0117 -0.7016
v  -0.1364 -6.0400 -0.6926
v  -0.1393 -6.0338 -0.6894
v  -0.1252 -6.0103 -0.6969
v  -0.1167 -6.0149 -0.6954
v  -0.1307 -6.0384 -0.6879
v  0.2940 -6.2278 -0.6271
v  0.2739 -6.2060 -0.6393
v  0.2796 -6.2045 -0.6346
v  0.2908 -6.1778 -0.6483
v  0.2936 -6.1716 -0.6451
v  0.2711 -6.2092 -0.6331
v  0.2937 -6.1809 -0.6421
v  0.2711 -6.1998 -0.6361
v  0.2851 -6.1763 -0.6436
v  0.2427 -6.2000 -0.6361
v  0.2226 -6.1782 -0.6482
v  0.2283 -6.1767 -0.6435
v  0.2394 -6.1500 -0.6572
v  0.2423 -6.1438 -0.6540
v  0.2198 -6.1814 -0.6420
v  0.2707 -6.1530 -0.6511
v  0.2423 -6.1532 -0.6510
v  0.2197 -6.1721 -0.6450
v  0.2338 -6.1485 -0.6525
v  0.1913 -6.1722 -0.6450
v  0.1713 -6.1504 -0.6571
v  0.1769 -6.1489 -0.6524
v  0.1881 -6.1222 -0.6661
v  0.1909 -6.1160 -0.6629
v  0.1684 -6.1536 -0.6509
v  0.2194 -6.1252 -0.6600
v  0.1910 -6.1254 -0.6599
v  0.1684 -6.1443 -0.6539
v  0.1824 -6.1207 -0.6614
v  0.1400 -6.1445 -0.6539
v  0.1199 -6.1226 -0.6660
v  0.1256 -6.1211 -0.6613
v  0.1368 -6.0944 -0.6750
v  0.1396 -6.0882 -0.6718
v  0.1171 -6.1259 -0.6598
v  0.1680 -6.0974 -0.6689
v  0.1396 -6.0976 -0.6688
v  0.0686 -6.0949 -0.6749
v  0.0854 -6.0666 -0.6839
v  0.0882 -6.0604 -0.6808
v  0.0658 -6.0981 -0.6687
v  0.0657 -6.0887 -0.6717
v  0.0797 -6.0652 -0.6792
v  0.0373 -6.0889 -0.6717
v  0.0172 -6.0671 -0.6838
v  0.0229 -6.0655 -0.6791
v  0.0341 -6.0388 -0.6928
v  0.0369 -6.0326 -0.6897
v  0.0144 -6.0703 -0.6776
v  0.0654 -6.0418 -0.6867
v  0.0370 -6.0420 -0.6867
v  0.0144 -6.0609 -0.6806
v  0.0284 -6.0374 -0.6881
v  -0.0141 -6.0611 -0.6806
v  -0.0341 -6.0393 -0.6927
v  -0.0284 -6.0377 -0.6880
v  -0.0173 -6.0110 -0.7017
v  -0.0145 -6.0048 -0.6986
v  -0.0369 -6.0425 -0.6865
v  0.0140 -6.0140 -0.6956
v  -0.0144 -6.0142 -0.6956
v  -0.0370 -6.0331 -0.6895
v  -0.0229 -6.0096 -0.6971
v  -0.0654 -6.0333 -0.6895
v  -0.0855 -6.0115 -0.7016
v  -0.0798 -6.0100 -0.6970
v  -0.0686 -5.9833 -0.7107
v  -0.0658 -5.9771 -0.7075
v  -0.0883 -6.0147 -0.6954
v  -0.0373 -5.9862 -0.7045
v  -0.0657 -5.9864 -0.7045
v  -0.0883 -6.0053 -0.6984
v  -0.0743 -5.9818 -0.7060
v  -0.1167 -6.0055 -0.6984
v  0.2920 -6.3465 -0.5944
v  0.2751 -6.3748 -0.5853
v  0.2723 -6.3686 -0.5821
v  0.2863 -6.3451 -0.5897
v  0.2949 -6.3497 -0.5882
v  0.2808 -6.3732 -0.5807
v  0.2406 -6.3187 -0.6033
v  0.2238 -6.3470 -0.5942
v  0.2209 -6.3408 -0.5910
v  0.2350 -6.3173 -0.5986
v  0.2435 -6.3219 -0.5971
v  0.2295 -6.3454 -0.5896
v  0.1893 -6.2909 -0.6122
v  0.1725 -6.3192 -0.6031
v  0.1696 -6.3130 -0.6000
v  0.1836 -6.2895 -0.6075
v  0.1922 -6.2941 -0.6060
v  0.1781 -6.3176 -0.5985
v  0.1380 -6.2632 -0.6211
v  0.1211 -6.2914 -0.6121
v  0.1182 -6.2852 -0.6089
v  0.1323 -6.2617 -0.6164
v  0.1408 -6.2663 -0.6149
v  0.1268 -6.2899 -0.6074
v  0.0866 -6.2354 -0.6300
v  0.0698 -6.2636 -0.6210
v  0.0669 -6.2574 -0.6178
v  0.0809 -6.2339 -0.6253
v  0.0895 -6.2385 -0.6238
v  0.0755 -6.2621 -0.6163
v  0.0353 -6.2076 -0.6389
v  0.0184 -6.2358 -0.6299
v  0.0156 -6.2296 -0.6267
v  0.0296 -6.2061 -0.6342
v  0.0382 -6.2107 -0.6327
v  0.0241 -6.2343 -0.6252
v  -0.0161 -6.1798 -0.6478
v  -0.0329 -6.2080 -0.6388
v  -0.0358 -6.2019 -0.6356
v  -0.0217 -6.1783 -0.6431
v  -0.0132 -6.1830 -0.6416
v  -0.0272 -6.2065 -0.6341
v  -0.0674 -6.1520 -0.6567
v  -0.0843 -6.1802 -0.6477
v  -0.0871 -6.1741 -0.6445
v  -0.0731 -6.1505 -0.6520
v  -0.0645 -6.1552 -0.6505
v  -0.0786 -6.1787 -0.6430
v  -0.1187 -6.1242 -0.6656
v  -0.1356 -6.1524 -0.6566
v  -0.1385 -6.1463 -0.6534
v  -0.1244 -6.1227 -0.6609
v  -0.1159 -6.1274 -0.6594
v  -0.1299 -6.1509 -0.6519
v  -0.1701 -6.0964 -0.6745
v  -0.1869 -6.1247 -0.6655
v  -0.1898 -6.1185 -0.6623
v  -0.1758 -6.0950 -0.6698
v  -0.1672 -6.0996 -0.6683
v  -0.1813 -6.1231 -0.6608
v  -0.2214 -6.0686 -0.6834
v  -0.2383 -6.0969 -0.6744
v  -0.2412 -6.0907 -0.6712
v  -0.2271 -6.0672 -0.6787
v  -0.2186 -6.0718 -0.6772
v  -0.2326 -6.0953 -0.6697
v  0.2948 -6.3403 -0.5912
v  0.2747 -6.3185 -0.6033
v  0.2804 -6.3170 -0.5986
v  0.2916 -6.2903 -0.6123
v  0.2944 -6.2841 -0.6092
v  0.2719 -6.3217 -0.5971
v  0.2945 -6.2934 -0.6062
v  0.2719 -6.3123 -0.6001
v  0.2859 -6.2888 -0.6076
v  0.2435 -6.3125 -0.6001
v  0.2234 -6.2907 -0.6122
v  0.2291 -6.2892 -0.6075
v  0.2402 -6.2625 -0.6212
v  0.2431 -6.2563 -0.6181
v  0.2206 -6.2939 -0.6060
v  0.2715 -6.2655 -0.6151
v  0.2431 -6.2657 -0.6151
v  0.2205 -6.2845 -0.6090
v  0.2346 -6.2610 -0.6166
v  0.1921 -6.2847 -0.6090
v  0.1721 -6.2629 -0.6211
v  0.1777 -6.2614 -0.6165
v  0.1889 -6.2347 -0.6302
v  0.1917 -6.2285 -0.6270
v  0.1692 -6.2661 -0.6149
v  0.2202 -6.2377 -0.6240
v  0.1918 -6.2379 -0.6240
v  0.1692 -6.2568 -0.6179
v  0.1832 -6.2332 -0.6255
v  0.1408 -6.2569 -0.6179
v  0.1207 -6.2351 -0.6300
v  0.1264 -6.2336 -0.6254
v  0.1376 -6.2069 -0.6391
v  0.1404 -6.2007 -0.6359
v  0.1179 -6.2383 -0.6238
v  0.1688 -6.2099 -0.6329
v  0.1404 -6.2101 -0.6329
v  0.1178 -6.2290 -0.6268
v  0.1319 -6.2054 -0.6344
v  0.0894 -6.2292 -0.6268
v  0.0694 -6.2074 -0.6389
v  0.0751 -6.2058 -0.6343
v  0.0862 -6.1791 -0.6480
v  0.0890 -6.1729 -0.6448
v  0.0666 -6.2106 -0.6328
v  0.1175 -6.1821 -0.6418
v  0.0891 -6.1823 -0.6418
v  0.0665 -6.2012 -0.6357
v  0.0805 -6.1777 -0.6433
v  0.0381 -6.2014 -0.6357
v  0.0180 -6.1796 -0.6478
v  0.0237 -6.1780 -0.6432
v  0.0349 -6.1513 -0.6569
v  0.0377 -6.1451 -0.6537
v  0.0152 -6.1828 -0.6417
v  0.0662 -6.1543 -0.6507
v  0.0378 -6.1545 -0.6507
v  0.0152 -6.1734 -0.6447
v  0.0292 -6.1499 -0.6522
v  -0.0133 -6.1736 -0.6446
v  -0.0333 -6.1518 -0.6568
v  -0.0276 -6.1502 -0.6521
v  -0.0165 -6.1235 -0.6658
v  -0.0137 -6.1173 -0.6626
v  -0.0361 -6.1550 -0.6506
v  0.0148 -6.1265 -0.6596
v  -0.0136 -6.1267 -0.6596
v  -0.0362 -6.1456 -0.6536
v  -0.0221 -6.1221 -0.6611
v  -0.0646 -6.1458 -0.6535
v  -0.0847 -6.1240 -0.6657
v  -0.0790 -6.1225 -0.6610
v  -0.0678 -6.0958 -0.6747
v  -0.0650 -6.0895 -0.6715
v  -0.0875 -6.1272 -0.6595
v  -0.0365 -6.0987 -0.6685
v  -0.0649 -6.0989 -0.6685
v  -0.0875 -6.1178 -0.6625
v  -0.0735 -6.0943 -0.6700
v  -0.1159 -6.1180 -0.6624
v  -0.1360 -6.0962 -0.6746
v  -0.1303 -6.0947 -0.6699
v  -0.1191 -6.0680 -0.6836
v  -0.1163 -6.0618 -0.6804
v  -0.1388 -6.0994 -0.6684
v  -0.0879 -6.0709 -0.6775
v  -0.1163 -6.0711 -0.6774
v  -0.1389 -6.0900 -0.6714
v  -0.1248 -6.0665 -0.6789
v  -0.1673 -6.0902 -0.6713
v  -0.1873 -6.0684 -0.6835
v  -0.1817 -6.0669 -0.6788
v  -0.1705 -6.0402 -0.6925
v  -0.1677 -6.0340 -0.6893
v  -0.1901 -6.0716 -0.6773
v  -0.1392 -6.0432 -0.6864
v  -0.1676 -6.0433 -0.6863
v  -0.1902 -6.0622 -0.6803
v  -0.1762 -6.0387 -0.6878
v  -0.2186 -6.0624 -0.6802
v  0.2414 -6.4312 -0.5673
v  0.2246 -6.4595 -0.5583
v  0.2217 -6.4533 -0.5551
v  0.2358 -6.4298 -0.5626
v  0.2443 -6.4344 -0.5611
v  0.2303 -6.4579 -0.5536
v  0.1901 -6.4034 -0.5762
v  0.1733 -6.4317 -0.5672
v  0.1704 -6.4255 -0.5640
v  0.1844 -6.4020 -0.5715
v  0.1930 -6.4066 -0.5700
v  0.1789 -6.4301 -0.5625
v  0.1388 -6.3757 -0.5851
v  0.1219 -6.4039 -0.5761
v  0.1190 -6.3977 -0.5729
v  0.1331 -6.3742 -0.5804
v  0.1416 -6.3788 -0.5789
v  0.1276 -6.4023 -0.5714
v  0.0874 -6.3479 -0.5940
v  0.0706 -6.3761 -0.5850
v  0.0677 -6.3699 -0.5818
v  0.0817 -6.3464 -0.5893
v  0.0903 -6.3510 -0.5878
v  0.0763 -6.3746 -0.5803
v  0.0361 -6.3201 -0.6029
v  0.0192 -6.3483 -0.5939
v  0.0164 -6.3421 -0.5907
v  0.0304 -6.3186 -0.5982
v  0.0390 -6.3232 -0.5967
v  0.0249 -6.3468 -0.5892
v  -0.0153 -6.2923 -0.6118
v  -0.0321 -6.3205 -0.6028
v  -0.0350 -6.3144 -0.5996
v  -0.0209 -6.2908 -0.6071
v  -0.0124 -6.2955 -0.6056
v  -0.0264 -6.3190 -0.5981
v  -0.0666 -6.2645 -0.6207
v  -0.0835 -6.2927 -0.6117
v  -0.0863 -6.2866 -0.6085
v  -0.0723 -6.2630 -0.6160
v  -0.0637 -6.2677 -0.6145
v  -0.0778 -6.2912 -0.6070
v  -0.1179 -6.2367 -0.6296
v  -0.1348 -6.2649 -0.6206
v  -0.1377 -6.2588 -0.6174
v  -0.1236 -6.2352 -0.6249
v  -0.1151 -6.2399 -0.6234
v  -0.1291 -6.2634 -0.6159
v  -0.1693 -6.2089 -0.6385
v  -0.1861 -6.2372 -0.6295
v  -0.1890 -6.2310 -0.6263
v  -0.1750 -6.2075 -0.6338
v  -0.1664 -6.2121 -0.6324
v  -0.1805 -6.2356 -0.6248
v  -0.2206 -6.1811 -0.6474
v  -0.2375 -6.2094 -0.6384
v  -0.2404 -6.2032 -0.6352
v  -0.2263 -6.1797 -0.6427
v  -0.2178 -6.1843 -0.6413
v  -0.2318 -6.2078 -0.6337
v  -0.2720 -6.1533 -0.6563
v  -0.2888 -6.1816 -0.6473
v  -0.2917 -6.1754 -0.6441
v  -0.2777 -6.1519 -0.6516
v  -0.2691 -6.1565 -0.6502
v  -0.2831 -6.1800 -0.6426
v  0.2727 -6.4248 -0.5642
v  0.2867 -6.4013 -0.5717
v  0.2443 -6.4250 -0.5641
v  0.2242 -6.4032 -0.5763
v  0.2299 -6.4017 -0.5716
v  0.2410 -6.3750 -0.5853
v  0.2439 -6.3688 -0.5821
v  0.2214 -6.4064 -0.5701
v  0.2723 -6.3780 -0.5791
v  0.2439 -6.3781 -0.5791
v  0.2213 -6.3970 -0.5731
v  0.2354 -6.3735 -0.5806
v  0.1929 -6.3972 -0.5730
v  0.1729 -6.3754 -0.5852
v  0.1785 -6.3739 -0.5805
v  0.1897 -6.3472 -0.5942
v  0.1925 -6.3410 -0.5910
v  0.1700 -6.3786 -0.5790
v  0.2210 -6.3502 -0.5880
v  0.1926 -6.3504 -0.5880
v  0.1700 -6.3693 -0.5820
v  0.1840 -6.3457 -0.5895
v  0.1416 -6.3694 -0.5819
v  0.1215 -6.3476 -0.5941
v  0.1272 -6.3461 -0.5894
v  0.1384 -6.3194 -0.6031
v  0.1412 -6.3132 -0.5999
v  0.1187 -6.3508 -0.5879
v  0.1696 -6.3224 -0.5970
v  0.1412 -6.3226 -0.5969
v  0.1186 -6.3415 -0.5909
v  0.1327 -6.3179 -0.5984
v  0.0902 -6.3417 -0.5908
v  0.0702 -6.3198 -0.6030
v  0.0759 -6.3183 -0.5983
v  0.0870 -6.2916 -0.6120
v  0.0898 -6.2854 -0.6088
v  0.0674 -6.3231 -0.5968
v  0.1183 -6.2946 -0.6059
v  0.0899 -6.2948 -0.6058
v  0.0673 -6.3137 -0.5998
v  0.0813 -6.2901 -0.6073
v  0.0389 -6.3139 -0.5997
v  0.0188 -6.2921 -0.6119
v  0.0245 -6.2905 -0.6072
v  0.0357 -6.2638 -0.6209
v  0.0385 -6.2576 -0.6177
v  0.0160 -6.2953 -0.6057
v  0.0670 -6.2668 -0.6148
v  0.0386 -6.2670 -0.6147
v  -0.0325 -6.2643 -0.6208
v  -0.0157 -6.2360 -0.6298
v  -0.0129 -6.2298 -0.6266
v  -0.0353 -6.2675 -0.6146
v  -0.0354 -6.2581 -0.6176
v  -0.0213 -6.2346 -0.6251
v  -0.0638 -6.2583 -0.6175
v  -0.0839 -6.2365 -0.6297
v  -0.0782 -6.2349 -0.6250
v  -0.0670 -6.2082 -0.6387
v  -0.0642 -6.2020 -0.6355
v  -0.0867 -6.2397 -0.6235
v  -0.0357 -6.2112 -0.6326
v  -0.0641 -6.2114 -0.6325
v  -0.0867 -6.2303 -0.6265
v  -0.0727 -6.2068 -0.6340
v  -0.1151 -6.2305 -0.6264
v  -0.1352 -6.2087 -0.6386
v  -0.1295 -6.2072 -0.6339
v  -0.1183 -6.1805 -0.6476
v  -0.1155 -6.1743 -0.6444
v  -0.1380 -6.2119 -0.6324
v  -0.0871 -6.1834 -0.6415
v  -0.1155 -6.1836 -0.6414
v  -0.1381 -6.2025 -0.6354
v  -0.1240 -6.1790 -0.6429
v  -0.1665 -6.2027 -0.6354
v  -0.1865 -6.1809 -0.6475
v  -0.1809 -6.1794 -0.6428
v  -0.1697 -6.1527 -0.6565
v  -0.1669 -6.1465 -0.6533
v  -0.1893 -6.1841 -0.6413
v  -0.1384 -6.1557 -0.6504
v  -0.1668 -6.1558 -0.6503
v  -0.1894 -6.1747 -0.6443
v  -0.1754 -6.1512 -0.6518
v  -0.2178 -6.1749 -0.6443
v  -0.2379 -6.1531 -0.6564
v  -0.2322 -6.1516 -0.6517
v  -0.2210 -6.1249 -0.6654
v  -0.2182 -6.1187 -0.6622
v  -0.2407 -6.1563 -0.6502
v  -0.1897 -6.1279 -0.6593
v  -0.2182 -6.1281 -0.6592
v  -0.2408 -6.1470 -0.6532
v  -0.2267 -6.1234 -0.6607
v  -0.2692 -6.1471 -0.6532
v  -0.2835 -6.1238 -0.6606
v  -0.2411 -6.1001 -0.6682
v  -0.2695 -6.1003 -0.6681
v  0.1227 -6.5164 -0.5401
v  0.1284 -6.5148 -0.5354
v  0.1199 -6.5196 -0.5339
v  0.1396 -6.4881 -0.5491
v  0.1198 -6.5102 -0.5369
v  0.1339 -6.4867 -0.5444
v  0.0914 -6.5104 -0.5369
v  0.0714 -6.4886 -0.5490
v  0.0771 -6.4871 -0.5443
v  0.1424 -6.4913 -0.5429
v  0.0686 -6.4918 -0.5428
v  0.0882 -6.4604 -0.5580
v  0.0685 -6.4824 -0.5458
v  0.0825 -6.4589 -0.5533
v  0.0401 -6.4826 -0.5458
v  0.0200 -6.4608 -0.5579
v  0.0257 -6.4593 -0.5532
v  0.0911 -6.4635 -0.5519
v  0.0172 -6.4640 -0.5517
v  0.0369 -6.4326 -0.5669
v  0.0172 -6.4546 -0.5547
v  0.0312 -6.4311 -0.5622
v  -0.0113 -6.4548 -0.5547
v  -0.0313 -6.4330 -0.5668
v  -0.0256 -6.4315 -0.5621
v  0.0397 -6.4357 -0.5608
v  -0.0341 -6.4362 -0.5606
v  -0.0145 -6.4048 -0.5758
v  -0.0342 -6.4268 -0.5636
v  -0.0201 -6.4033 -0.5711
v  -0.0626 -6.4270 -0.5636
v  -0.0827 -6.4052 -0.5757
v  -0.0770 -6.4037 -0.5711
v  -0.0116 -6.4079 -0.5697
v  -0.0855 -6.4084 -0.5695
v  -0.0658 -6.3770 -0.5848
v  -0.0855 -6.3991 -0.5725
v  -0.0715 -6.3755 -0.5801
v  -0.1139 -6.3992 -0.5725
v  -0.1340 -6.3774 -0.5846
v  -0.1283 -6.3759 -0.5800
v  -0.0629 -6.3802 -0.5786
v  -0.1368 -6.3806 -0.5784
v  -0.1171 -6.3492 -0.5937
v  -0.1369 -6.3713 -0.5814
v  -0.1228 -6.3477 -0.5890
v  -0.1653 -6.3715 -0.5814
v  -0.1853 -6.3497 -0.5935
v  -0.1797 -6.3481 -0.5889
v  -0.1143 -6.3524 -0.5875
v  -0.1881 -6.3529 -0.5873
v  -0.1685 -6.3214 -0.6026
v  -0.1882 -6.3435 -0.5903
v  -0.1742 -6.3200 -0.5979
v  -0.2166 -6.3437 -0.5903
v  -0.2367 -6.3219 -0.6024
v  -0.2310 -6.3203 -0.5978
v  -0.1656 -6.3246 -0.5964
v  -0.2395 -6.3251 -0.5963
v  -0.2198 -6.2936 -0.6115
v  -0.2396 -6.3157 -0.5993
v  -0.2255 -6.2922 -0.6068
v  -0.2680 -6.3159 -0.5992
v  -0.2880 -6.2941 -0.6114
v  -0.2823 -6.2925 -0.6067
v  -0.2170 -6.2968 -0.6053
v  -0.2908 -6.2973 -0.6052
v  -0.2712 -6.2658 -0.6204
v  -0.2909 -6.2879 -0.6082
v  -0.2769 -6.2644 -0.6157
v  -0.2683 -6.2690 -0.6142
v  0.1737 -6.4879 -0.5492
v  0.1793 -6.4864 -0.5445
v  0.1905 -6.4597 -0.5582
v  0.1933 -6.4535 -0.5550
v  0.1708 -6.4911 -0.5430
v  0.2218 -6.4627 -0.5521
v  0.1934 -6.4629 -0.5520
v  0.1708 -6.4818 -0.5460
v  0.1848 -6.4582 -0.5535
v  0.1424 -6.4819 -0.5459
v  0.1223 -6.4601 -0.5581
v  0.1280 -6.4586 -0.5534
v  0.1392 -6.4319 -0.5671
v  0.1420 -6.4257 -0.5639
v  0.1195 -6.4633 -0.5519
v  0.1704 -6.4349 -0.5610
v  0.1420 -6.4351 -0.5609
v  0.0710 -6.4323 -0.5670
v  0.0878 -6.4041 -0.5760
v  0.0906 -6.3979 -0.5728
v  0.0682 -6.4356 -0.5608
v  0.0681 -6.4262 -0.5638
v  0.0821 -6.4026 -0.5713
v  0.0397 -6.4264 -0.5638
v  0.0196 -6.4046 -0.5759
v  0.0253 -6.4030 -0.5712
v  0.0365 -6.3763 -0.5849
v  0.0393 -6.3701 -0.5817
v  0.0168 -6.4078 -0.5697
v  0.0678 -6.3793 -0.5788
v  0.0393 -6.3795 -0.5787
v  0.0168 -6.3984 -0.5727
v  0.0308 -6.3749 -0.5802
v  -0.0117 -6.3986 -0.5727
v  -0.0317 -6.3768 -0.5848
v  -0.0260 -6.3752 -0.5801
v  -0.0149 -6.3485 -0.5938
v  -0.0121 -6.3423 -0.5906
v  -0.0345 -6.3800 -0.5786
v  0.0164 -6.3515 -0.5877
v  -0.0120 -6.3517 -0.5876
v  -0.0346 -6.3706 -0.5816
v  -0.0205 -6.3471 -0.5891
v  -0.0630 -6.3708 -0.5816
v  -0.0831 -6.3490 -0.5937
v  -0.0774 -6.3474 -0.5890
v  -0.0662 -6.3207 -0.6027
v  -0.0634 -6.3145 -0.5996
v  -0.0859 -6.3522 -0.5875
v  -0.0349 -6.3237 -0.5966
v  -0.0633 -6.3239 -0.5966
v  -0.0859 -6.3428 -0.5905
v  -0.0719 -6.3193 -0.5980
v  -0.1143 -6.3430 -0.5905
v  -0.1344 -6.3212 -0.6026
v  -0.1287 -6.3197 -0.5979
v  -0.1175 -6.2930 -0.6116
v  -0.1147 -6.2867 -0.6085
v  -0.1372 -6.3244 -0.5964
v  -0.0863 -6.2959 -0.6055
v  -0.1147 -6.2961 -0.6055
v  -0.1373 -6.3150 -0.5994
v  -0.1232 -6.2915 -0.6069
v  -0.1657 -6.3152 -0.5994
v  -0.1857 -6.2934 -0.6115
v  -0.1801 -6.2919 -0.6068
v  -0.1689 -6.2652 -0.6205
v  -0.1661 -6.2590 -0.6174
v  -0.1885 -6.2966 -0.6053
v  -0.1376 -6.2682 -0.6144
v  -0.1660 -6.2683 -0.6144
v  -0.2371 -6.2656 -0.6204
v  -0.2202 -6.2374 -0.6295
v  -0.2174 -6.2312 -0.6263
v  -0.2399 -6.2688 -0.6142
v  -0.2400 -6.2594 -0.6172
v  -0.2259 -6.2359 -0.6248
v  -0.2684 -6.2596 -0.6172
v  -0.2884 -6.2378 -0.6293
v  -0.2827 -6.2363 -0.6247
v  -0.2716 -6.2096 -0.6384
v  -0.2688 -6.2034 -0.6352
v  -0.2912 -6.2410 -0.6231
v  -0.2403 -6.2126 -0.6322
v  -0.2687 -6.2128 -0.6322
v  -0.2913 -6.2317 -0.6261
v  -0.2773 -6.2081 -0.6337
v  -0.2916 -6.1848 -0.6411
v  -0.2282 -6.4785 -0.5524
v  -0.2316 -6.4732 -0.5489
v  -0.2649 -6.4345 -0.5664
v  -0.2619 -6.4377 -0.5602
v  -0.2851 -6.4030 -0.5765
v  -0.2875 -6.3960 -0.5736
v  -0.3052 -6.3536 -0.5871
v  -0.3064 -6.3504 -0.5933
v  -0.3076 -6.3443 -0.5901
v  -0.3176 -6.2943 -0.6113
v  -0.3172 -6.2975 -0.6051
v  -0.3181 -6.2881 -0.6081
v  -0.3181 -6.2380 -0.6293
v  -0.3178 -6.2318 -0.6261
v  -0.3184 -6.2412 -0.6231
v  -0.3080 -6.1817 -0.6473
v  -0.3090 -6.1849 -0.6411
v  -0.3068 -6.1755 -0.6441
v  -0.2869 -6.1291 -0.6641
v  -0.2896 -6.1325 -0.6578
v  -0.2678 -6.0971 -0.6743
v  -0.2647 -6.0909 -0.6712
v  -0.2348 -6.0547 -0.6827
v  -0.2274 -6.0481 -0.6848
v  -0.2311 -6.0529 -0.6884
v  -0.1855 -6.0158 -0.7003
v  -0.1896 -6.0169 -0.6948
v  -0.1814 -6.0116 -0.6965
v  -0.1345 -5.9874 -0.7094
v  -0.1301 -5.9839 -0.7053
v  -0.1390 -5.9879 -0.7040
v  -0.0781 -5.9678 -0.7156
v  -0.0829 -5.9677 -0.7105
v  -0.0733 -5.9649 -0.7113
v  -0.0198 -5.9584 -0.7186
v  -0.0260 -5.9577 -0.7136
v  0.0190 -5.9587 -0.7185
v  0.0247 -5.9573 -0.7138
v  0.0774 -5.9662 -0.7160
v  0.0722 -5.9639 -0.7116
v  0.0822 -5.9662 -0.7109
v  0.1339 -5.9854 -0.7099
v  0.1383 -5.9859 -0.7046
v  0.1294 -5.9819 -0.7059
v  0.1852 -6.0132 -0.7010
v  0.1893 -6.0143 -0.6955
v  0.1811 -6.0091 -0.6971
v  0.2277 -6.0449 -0.6857
v  0.2314 -6.0496 -0.6893
v  0.2348 -6.0519 -0.6834
v  0.2681 -6.0935 -0.6753
v  0.2651 -6.0874 -0.6721
v  0.2882 -6.1251 -0.6651
v  0.2906 -6.1291 -0.6587
v  0.3096 -6.1777 -0.6483
v  0.3108 -6.1808 -0.6422
v  0.3083 -6.1715 -0.6452
v  0.3204 -6.2276 -0.6272
v  0.3208 -6.2338 -0.6304
v  0.3212 -6.2370 -0.6242
v  0.3213 -6.2901 -0.6124
v  0.3210 -6.2933 -0.6062
v  0.3216 -6.2839 -0.6092
v  0.3111 -6.3464 -0.5944
v  0.3122 -6.3402 -0.5912
v  0.3100 -6.3496 -0.5882
v  0.2901 -6.3990 -0.5776
v  0.2927 -6.3926 -0.5745
v  0.2710 -6.4310 -0.5673
v  0.2679 -6.4342 -0.5611
v  0.2379 -6.4704 -0.5496
v  0.2343 -6.4752 -0.5532
v  0.2306 -6.4770 -0.5475
v  0.1887 -6.5123 -0.5414
v  0.1846 -6.5135 -0.5358
v  0.1927 -6.5082 -0.5375
v  0.1377 -6.5407 -0.5323
v  0.1332 -6.5412 -0.5270
v  0.1421 -6.5372 -0.5283
v  0.0813 -6.5603 -0.5261
v  0.0764 -6.5602 -0.5210
v  0.0861 -6.5574 -0.5218
v  0.0230 -6.5697 -0.5231
v  0.0291 -6.5674 -0.5187
v  -0.0216 -6.5678 -0.5185
v  -0.0158 -6.5694 -0.5232
v  -0.0742 -6.5618 -0.5256
v  -0.0691 -6.5612 -0.5207
v  -0.0790 -6.5589 -0.5214
v  -0.1307 -6.5427 -0.5318
v  -0.1263 -6.5432 -0.5264
v  -0.1352 -6.5392 -0.5278
v  -0.1821 -6.5149 -0.5407
v  -0.1779 -6.5160 -0.5352
v  -0.1862 -6.5108 -0.5368
v  -0.2245 -6.4802 -0.5467
v  0.2706 -6.1200 -0.5804
v  0.2847 -6.0965 -0.5879
v  0.2877 -6.1115 -0.5333
v  0.2193 -6.0922 -0.5893
v  0.2333 -6.0687 -0.5968
v  0.2419 -6.0733 -0.5953
v  0.2279 -6.0969 -0.5878
v  0.1680 -6.0644 -0.5982
v  0.1820 -6.0409 -0.6057
v  0.1905 -6.0455 -0.6042
v  0.1765 -6.0691 -0.5967
v  0.1166 -6.0367 -0.6071
v  0.1307 -6.0131 -0.6146
v  0.1392 -6.0178 -0.6131
v  0.1252 -6.0413 -0.6056
v  0.0653 -6.0089 -0.6160
v  0.0793 -5.9853 -0.6235
v  0.0879 -5.9900 -0.6220
v  0.0738 -6.0135 -0.6145
v  0.0139 -5.9811 -0.6249
v  0.0280 -5.9575 -0.6324
v  0.0365 -5.9622 -0.6309
v  0.0225 -5.9857 -0.6234
v  -0.0289 -5.9401 -0.5882
v  -0.0148 -5.9344 -0.6398
v  -0.0289 -5.9579 -0.6323
v  0.2703 -6.0731 -0.5954
v  0.2504 -6.0508 -0.5527
v  0.2360 -6.0274 -0.5602
v  0.2190 -6.0454 -0.6043
v  0.2274 -6.0228 -0.5617
v  0.1990 -6.0230 -0.5616
v  0.1846 -5.9997 -0.5691
v  0.1676 -6.0176 -0.6132
v  0.1761 -5.9950 -0.5706
v  0.1477 -5.9952 -0.5705
v  0.1333 -5.9719 -0.5780
v  0.1163 -5.9898 -0.6221
v  0.1247 -5.9672 -0.5795
v  0.0963 -5.9674 -0.5794
v  0.0820 -5.9441 -0.5869
v  0.0649 -5.9620 -0.6310
v  0.0734 -5.9394 -0.5884
v  0.0450 -5.9396 -0.5883
v  0.0136 -5.9342 -0.6399
v  -0.0618 -6.5075 -0.4068
v  -0.0532 -6.5122 -0.4053
v  -0.1131 -6.4797 -0.4157
v  -0.1046 -6.4844 -0.4142
v  -0.1645 -6.4520 -0.4246
v  -0.1559 -6.4566 -0.4231
v  -0.2158 -6.4242 -0.4335
v  -0.2073 -6.4288 -0.4320
v  0.0179 -6.5436 -0.4450
v  0.0320 -6.5200 -0.4525
v  -0.0105 -6.5437 -0.4450
v  -0.0249 -6.5204 -0.4525
v  0.0491 -6.5115 -0.4055
v  -0.0248 -6.5120 -0.4054
v  -0.0334 -6.5158 -0.4539
v  -0.0194 -6.4922 -0.4615
v  -0.0618 -6.5160 -0.4539
v  -0.0762 -6.4926 -0.4614
v  -0.0108 -6.4969 -0.4600
v  -0.0762 -6.4842 -0.4143
v  -0.0848 -6.4880 -0.4628
v  -0.0707 -6.4645 -0.4704
v  -0.1132 -6.4882 -0.4628
v  -0.1275 -6.4648 -0.4703
v  -0.0622 -6.4691 -0.4689
v  -0.1275 -6.4564 -0.4232
v  -0.1361 -6.4602 -0.4717
v  -0.1221 -6.4367 -0.4793
v  -0.1645 -6.4604 -0.4717
v  -0.1789 -6.4370 -0.4792
v  -0.1135 -6.4413 -0.4778
v  -0.1788 -6.4286 -0.4321
v  -0.1874 -6.4324 -0.4807
v  -0.1734 -6.4089 -0.4882
v  -0.2159 -6.4326 -0.4806
v  -0.2302 -6.4092 -0.4881
v  -0.1648 -6.4135 -0.4867
v  -0.2302 -6.4008 -0.4410
v  -0.2388 -6.4046 -0.4896
v  -0.2247 -6.3811 -0.4971
v  -0.2672 -6.4048 -0.4895
v  -0.2816 -6.3815 -0.4970
v  -0.2162 -6.3857 -0.4956
v  -0.2676 -6.3401 -0.4604
v  -0.2675 -6.3579 -0.5045
v  0.0860 -6.5066 -0.4070
v  0.0775 -6.5113 -0.4055
v  0.0689 -6.5151 -0.4541
v  0.0829 -6.4916 -0.4616
v  0.0405 -6.5153 -0.4541
v  0.0261 -6.4919 -0.4615
v  0.1000 -6.4830 -0.4146
v  0.0176 -6.4967 -0.4600
v  0.0175 -6.4873 -0.4630
v  0.0316 -6.4638 -0.4705
v  -0.0109 -6.4875 -0.4630
v  -0.0253 -6.4642 -0.4704
v  0.0401 -6.4684 -0.4690
v  -0.0338 -6.4689 -0.4689
v  -0.0338 -6.4595 -0.4719
v  -0.0198 -6.4360 -0.4794
v  -0.0622 -6.4597 -0.4719
v  -0.0766 -6.4364 -0.4793
v  -0.0112 -6.4406 -0.4780
v  -0.0851 -6.4411 -0.4778
v  -0.0852 -6.4317 -0.4808
v  -0.0711 -6.4082 -0.4883
v  -0.1136 -6.4319 -0.4808
v  -0.1279 -6.4086 -0.4882
v  -0.0626 -6.4128 -0.4869
v  -0.1364 -6.4133 -0.4867
v  -0.1365 -6.4039 -0.4897
v  -0.1225 -6.3804 -0.4973
v  -0.1649 -6.4041 -0.4897
v  -0.1793 -6.3808 -0.4972
v  -0.1139 -6.3850 -0.4958
v  -0.1878 -6.3855 -0.4956
v  -0.1878 -6.3762 -0.4986
v  -0.1738 -6.3526 -0.5062
v  -0.2163 -6.3763 -0.4986
v  -0.2306 -6.3530 -0.5061
v  -0.1652 -6.3573 -0.5047
v  -0.2391 -6.3577 -0.5045
v  -0.2392 -6.3484 -0.5075
v  -0.2251 -6.3248 -0.5151
v  -0.2676 -6.3486 -0.5075
v  -0.2820 -6.3252 -0.5150
v  -0.2166 -6.3295 -0.5136
v  -0.2819 -6.3168 -0.4679
v  -0.2820 -6.3074 -0.4709
v  -0.2680 -6.2839 -0.4784
v  -0.2679 -6.3017 -0.5225
v  0.2714 -6.2325 -0.5444
v  0.2855 -6.2090 -0.5519
v  0.3026 -6.2004 -0.5048
v  0.2885 -6.2240 -0.4973
v  0.2201 -6.2047 -0.5533
v  0.2341 -6.1812 -0.5608
v  0.2427 -6.1858 -0.5593
v  0.2287 -6.2094 -0.5518
v  0.1688 -6.1769 -0.5622
v  0.1828 -6.1534 -0.5697
v  0.1913 -6.1580 -0.5682
v  0.1773 -6.1816 -0.5607
v  0.1174 -6.1492 -0.5711
v  0.1314 -6.1256 -0.5786
v  0.1400 -6.1303 -0.5771
v  0.1260 -6.1538 -0.5696
v  0.0661 -6.1214 -0.5800
v  0.0801 -6.0978 -0.5875
v  0.0887 -6.1025 -0.5860
v  0.0746 -6.1260 -0.5785
v  0.0147 -6.0936 -0.5889
v  0.0288 -6.0700 -0.5964
v  0.0373 -6.0747 -0.5950
v  0.0233 -6.0982 -0.5874
v  -0.0366 -6.0658 -0.5978
v  -0.0226 -6.0423 -0.6053
v  -0.0140 -6.0469 -0.6039
v  -0.0281 -6.0704 -0.5963
v  -0.0880 -6.0380 -0.6067
v  -0.0739 -6.0145 -0.6142
v  -0.0654 -6.0191 -0.6128
v  -0.0794 -6.0426 -0.6052
v  -0.1308 -5.9970 -0.5701
v  -0.1167 -5.9735 -0.5776
v  -0.1167 -5.9913 -0.6217
v  -0.1307 -6.0148 -0.6142
v  0.3025 -6.1911 -0.5078
v  0.2881 -6.1677 -0.5153
v  0.3021 -6.1348 -0.5258
v  0.2711 -6.1856 -0.5594
v  0.3022 -6.1442 -0.5228
v  0.2710 -6.1763 -0.5624
v  0.2851 -6.1527 -0.5699
v  0.2426 -6.1765 -0.5623
v  0.2283 -6.1531 -0.5698
v  0.2422 -6.1202 -0.5803
v  0.2198 -6.1579 -0.5683
v  0.2707 -6.1294 -0.5774
v  0.2423 -6.1296 -0.5773
v  0.2197 -6.1485 -0.5713
v  0.2337 -6.1250 -0.5788
v  0.1913 -6.1487 -0.5712
v  0.1769 -6.1253 -0.5787
v  0.1909 -6.0924 -0.5892
v  0.1684 -6.1301 -0.5772
v  0.2194 -6.1016 -0.5863
v  0.1909 -6.1018 -0.5862
v  0.1684 -6.1207 -0.5802
v  0.1824 -6.0972 -0.5877
v  0.1399 -6.1209 -0.5801
v  0.1256 -6.0975 -0.5876
v  0.1395 -6.0646 -0.5981
v  0.1171 -6.1023 -0.5861
v  0.1680 -6.0738 -0.5952
v  0.1396 -6.0740 -0.5951
v  0.0882 -6.0368 -0.6070
v  0.0657 -6.0745 -0.5950
v  0.0657 -6.0651 -0.5980
v  0.0797 -6.0416 -0.6055
v  0.0373 -6.0653 -0.5980
v  0.0229 -6.0420 -0.6054
v  0.0369 -6.0091 -0.6159
v  0.0144 -6.0467 -0.6039
v  0.0653 -6.0182 -0.6130
v  0.0369 -6.0184 -0.6129
v  0.0143 -6.0373 -0.6069
v  0.0284 -6.0138 -0.6144
v  -0.0141 -6.0375 -0.6069
v  -0.0285 -6.0142 -0.6143
v  -0.0145 -5.9813 -0.6248
v  -0.0369 -6.0189 -0.6128
v  0.0140 -5.9905 -0.6219
v  -0.0144 -5.9906 -0.6218
v  -0.0370 -6.0095 -0.6158
v  -0.0230 -5.9860 -0.6233
v  -0.0654 -6.0097 -0.6158
v  -0.0798 -5.9864 -0.6232
v  -0.0573 -5.9403 -0.5882
v  -0.0883 -5.9911 -0.6217
v  -0.0373 -5.9627 -0.6308
v  -0.0658 -5.9629 -0.6308
v  -0.0798 -5.9686 -0.5791
v  -0.0658 -5.9450 -0.5867
v  -0.1082 -5.9688 -0.5791
v  0.2722 -6.3450 -0.5084
v  0.2863 -6.3215 -0.5159
v  0.3034 -6.3129 -0.4689
v  0.2893 -6.3365 -0.4614
v  0.2209 -6.3172 -0.5173
v  0.2349 -6.2937 -0.5248
v  0.2435 -6.2983 -0.5234
v  0.2294 -6.3219 -0.5158
v  0.1696 -6.2894 -0.5262
v  0.1836 -6.2659 -0.5337
v  0.1921 -6.2705 -0.5323
v  0.1781 -6.2941 -0.5247
v  0.1182 -6.2616 -0.5351
v  0.1322 -6.2381 -0.5427
v  0.1408 -6.2428 -0.5412
v  0.1268 -6.2663 -0.5337
v  0.0669 -6.2339 -0.5440
v  0.0809 -6.2103 -0.5516
v  0.0895 -6.2150 -0.5501
v  0.0754 -6.2385 -0.5426
v  0.0155 -6.2061 -0.5529
v  0.0296 -6.1825 -0.5605
v  0.0381 -6.1872 -0.5590
v  0.0241 -6.2107 -0.5515
v  -0.0358 -6.1783 -0.5619
v  -0.0218 -6.1548 -0.5694
v  -0.0132 -6.1594 -0.5679
v  -0.0273 -6.1829 -0.5604
v  -0.0872 -6.1505 -0.5708
v  -0.0731 -6.1270 -0.5783
v  -0.0646 -6.1316 -0.5768
v  -0.0786 -6.1551 -0.5693
v  -0.1385 -6.1227 -0.5797
v  -0.1245 -6.0992 -0.5872
v  -0.1159 -6.1038 -0.5857
v  -0.1299 -6.1273 -0.5782
v  -0.1898 -6.0949 -0.5886
v  -0.1758 -6.0714 -0.5961
v  -0.1672 -6.0760 -0.5946
v  -0.1813 -6.0995 -0.5871
v  -0.2327 -6.0540 -0.5519
v  -0.2186 -6.0304 -0.5594
v  -0.2186 -6.0482 -0.6035
v  -0.2326 -6.0718 -0.5960
v  0.3033 -6.3036 -0.4719
v  0.2889 -6.2802 -0.4793
v  0.3029 -6.2473 -0.4899
v  0.2719 -6.2981 -0.5234
v  0.3030 -6.2567 -0.4869
v  0.2718 -6.2888 -0.5264
v  0.2859 -6.2652 -0.5339
v  0.2434 -6.2889 -0.5264
v  0.2291 -6.2656 -0.5338
v  0.2430 -6.2327 -0.5443
v  0.2206 -6.2704 -0.5323
v  0.2715 -6.2419 -0.5414
v  0.2431 -6.2421 -0.5413
v  0.2205 -6.2610 -0.5353
v  0.2345 -6.2374 -0.5428
v  0.1921 -6.2612 -0.5353
v  0.1777 -6.2378 -0.5427
v  0.1917 -6.2049 -0.5532
v  0.1692 -6.2426 -0.5412
v  0.2202 -6.2141 -0.5503
v  0.1917 -6.2143 -0.5503
v  0.1692 -6.2332 -0.5442
v  0.1832 -6.2097 -0.5517
v  0.1407 -6.2334 -0.5442
v  0.1264 -6.2100 -0.5516
v  0.1403 -6.1771 -0.5622
v  0.1179 -6.2148 -0.5501
v  0.1688 -6.1863 -0.5592
v  0.1404 -6.1865 -0.5592
v  0.1178 -6.2054 -0.5531
v  0.1318 -6.1819 -0.5606
v  0.0894 -6.2056 -0.5531
v  0.0750 -6.1822 -0.5605
v  0.0890 -6.1493 -0.5711
v  0.0665 -6.1870 -0.5590
v  0.1175 -6.1585 -0.5681
v  0.0891 -6.1587 -0.5681
v  0.0665 -6.1776 -0.5620
v  0.0805 -6.1541 -0.5695
v  0.0381 -6.1778 -0.5620
v  0.0237 -6.1545 -0.5694
v  0.0377 -6.1216 -0.5800
v  0.0152 -6.1592 -0.5679
v  0.0661 -6.1307 -0.5770
v  0.0377 -6.1309 -0.5770
v  0.0151 -6.1498 -0.5709
v  0.0292 -6.1263 -0.5785
v  -0.0133 -6.1500 -0.5709
v  -0.0277 -6.1267 -0.5784
v  -0.0137 -6.0938 -0.5889
v  -0.0361 -6.1314 -0.5768
v  0.0148 -6.1030 -0.5859
v  -0.0136 -6.1031 -0.5859
v  -0.0362 -6.1220 -0.5798
v  -0.0222 -6.0985 -0.5874
v  -0.0646 -6.1222 -0.5798
v  -0.0790 -6.0989 -0.5873
v  -0.0650 -6.0660 -0.5978
v  -0.0875 -6.1036 -0.5857
v  -0.0365 -6.0752 -0.5948
v  -0.0650 -6.0753 -0.5948
v  -0.0876 -6.0942 -0.5887
v  -0.0735 -6.0707 -0.5963
v  -0.1160 -6.0944 -0.5887
v  -0.1303 -6.0711 -0.5962
v  -0.1164 -6.0382 -0.6067
v  -0.1388 -6.0758 -0.5947
v  -0.0879 -6.0474 -0.6037
v  -0.1163 -6.0476 -0.6037
v  -0.1389 -6.0665 -0.5977
v  -0.1249 -6.0429 -0.6052
v  -0.1673 -6.0666 -0.5976
v  -0.1817 -6.0433 -0.6051
v  -0.1592 -5.9972 -0.5700
v  -0.1902 -6.0480 -0.6036
v  -0.1392 -6.0196 -0.6126
v  -0.1676 -6.0198 -0.6126
v  -0.1817 -6.0255 -0.5610
v  -0.1677 -6.0020 -0.5685
v  -0.2101 -6.0257 -0.5609
v  0.2217 -6.4297 -0.4814
v  0.2357 -6.4062 -0.4889
v  0.2528 -6.3977 -0.4418
v  0.2388 -6.4212 -0.4343
v  0.1704 -6.4019 -0.4903
v  0.1844 -6.3784 -0.4978
v  0.1929 -6.3830 -0.4963
v  0.1789 -6.4066 -0.4888
v  0.1190 -6.3741 -0.4992
v  0.1330 -6.3506 -0.5067
v  0.1416 -6.3552 -0.5052
v  0.1276 -6.3788 -0.4977
v  0.0677 -6.3464 -0.5081
v  0.0817 -6.3228 -0.5156
v  0.0903 -6.3275 -0.5141
v  0.0762 -6.3510 -0.5066
v  0.0163 -6.3186 -0.5170
v  0.0304 -6.2950 -0.5245
v  0.0389 -6.2997 -0.5230
v  0.0249 -6.3232 -0.5155
v  -0.0350 -6.2908 -0.5259
v  -0.0210 -6.2672 -0.5334
v  -0.0124 -6.2719 -0.5319
v  -0.0265 -6.2954 -0.5244
v  -0.0864 -6.2630 -0.5348
v  -0.0723 -6.2395 -0.5423
v  -0.0638 -6.2441 -0.5408
v  -0.0778 -6.2676 -0.5333
v  -0.1377 -6.2352 -0.5437
v  -0.1237 -6.2117 -0.5512
v  -0.1151 -6.2163 -0.5497
v  -0.1291 -6.2398 -0.5422
v  -0.1890 -6.2074 -0.5526
v  -0.1750 -6.1839 -0.5601
v  -0.1664 -6.1885 -0.5586
v  -0.1805 -6.2120 -0.5511
v  -0.2404 -6.1796 -0.5615
v  -0.2263 -6.1561 -0.5690
v  -0.2178 -6.1607 -0.5675
v  -0.2318 -6.1843 -0.5600
v  -0.2832 -6.1387 -0.5248
v  -0.2692 -6.1151 -0.5323
v  -0.2691 -6.1329 -0.5764
v  -0.2832 -6.1565 -0.5689
v  0.2726 -6.4013 -0.4904
v  0.2867 -6.3777 -0.4980
v  0.2442 -6.4014 -0.4904
v  0.2298 -6.3781 -0.4979
v  0.2438 -6.3452 -0.5084
v  0.2214 -6.3828 -0.4963
v  0.2723 -6.3544 -0.5054
v  0.2439 -6.3546 -0.5054
v  0.2213 -6.3735 -0.4993
v  0.2353 -6.3499 -0.5069
v  0.1929 -6.3737 -0.4993
v  0.1785 -6.3503 -0.5068
v  0.1925 -6.3174 -0.5173
v  0.1700 -6.3551 -0.5052
v  0.2210 -6.3266 -0.5143
v  0.1925 -6.3268 -0.5143
v  0.1700 -6.3457 -0.5082
v  0.1840 -6.3222 -0.5158
v  0.1415 -6.3459 -0.5082
v  0.1272 -6.3225 -0.5157
v  0.1411 -6.2896 -0.5262
v  0.1187 -6.3273 -0.5142
v  0.1696 -6.2988 -0.5232
v  0.1412 -6.2990 -0.5232
v  0.1186 -6.3179 -0.5171
v  0.1326 -6.2944 -0.5247
v  0.0902 -6.3181 -0.5171
v  0.0758 -6.2947 -0.5246
v  0.0898 -6.2618 -0.5351
v  0.0673 -6.2995 -0.5231
v  0.1183 -6.2710 -0.5321
v  0.0899 -6.2712 -0.5321
v  0.0673 -6.2901 -0.5261
v  0.0813 -6.2666 -0.5336
v  0.0389 -6.2903 -0.5260
v  0.0245 -6.2669 -0.5335
v  0.0385 -6.2340 -0.5440
v  0.0160 -6.2717 -0.5320
v  0.0669 -6.2432 -0.5410
v  0.0385 -6.2434 -0.5410
v  -0.0129 -6.2063 -0.5529
v  -0.0353 -6.2439 -0.5409
v  -0.0354 -6.2345 -0.5439
v  -0.0214 -6.2110 -0.5514
v  -0.0638 -6.2347 -0.5438
v  -0.0782 -6.2114 -0.5513
v  -0.0642 -6.1785 -0.5618
v  -0.0867 -6.2161 -0.5498
v  -0.0357 -6.1877 -0.5589
v  -0.0642 -6.1878 -0.5588
v  -0.0868 -6.2067 -0.5528
v  -0.0727 -6.1832 -0.5603
v  -0.1152 -6.2069 -0.5527
v  -0.1295 -6.1836 -0.5602
v  -0.1156 -6.1507 -0.5707
v  -0.1380 -6.1883 -0.5587
v  -0.0871 -6.1599 -0.5678
v  -0.1155 -6.1601 -0.5677
v  -0.1381 -6.1790 -0.5617
v  -0.1241 -6.1554 -0.5692
v  -0.1665 -6.1791 -0.5616
v  -0.1809 -6.1558 -0.5691
v  -0.1669 -6.1229 -0.5796
v  -0.1894 -6.1605 -0.5676
v  -0.1384 -6.1321 -0.5767
v  -0.1668 -6.1323 -0.5766
v  -0.1894 -6.1512 -0.5706
v  -0.1754 -6.1276 -0.5781
v  -0.2179 -6.1514 -0.5705
v  -0.2322 -6.1280 -0.5780
v  -0.2183 -6.0951 -0.5885
v  -0.2407 -6.1328 -0.5765
v  -0.1898 -6.1043 -0.5856
v  -0.2182 -6.1045 -0.5855
v  -0.2408 -6.1234 -0.5795
v  -0.2267 -6.0998 -0.5870
v  -0.2692 -6.1236 -0.5794
v  -0.2836 -6.1002 -0.5869
v  -0.2411 -6.0765 -0.5945
v  -0.2695 -6.0767 -0.5944
v  0.1369 -6.4781 -0.4161
v  0.1284 -6.4828 -0.4146
v  0.1198 -6.4866 -0.4632
v  0.1338 -6.4631 -0.4707
v  0.0914 -6.4868 -0.4631
v  0.0770 -6.4635 -0.4706
v  0.1509 -6.4546 -0.4236
v  0.0685 -6.4682 -0.4691
v  0.0685 -6.4588 -0.4721
v  0.0825 -6.4353 -0.4796
v  0.0401 -6.4590 -0.4720
v  0.0257 -6.4357 -0.4795
v  0.0911 -6.4400 -0.4781
v  0.0172 -6.4404 -0.4780
v  0.0171 -6.4311 -0.4810
v  0.0312 -6.4075 -0.4885
v  -0.0113 -6.4312 -0.4810
v  -0.0257 -6.4079 -0.4884
v  0.0397 -6.4122 -0.4870
v  -0.0342 -6.4126 -0.4869
v  -0.0342 -6.4033 -0.4899
v  -0.0202 -6.3797 -0.4974
v  -0.0626 -6.4035 -0.4899
v  -0.0770 -6.3801 -0.4973
v  -0.0116 -6.3844 -0.4959
v  -0.0855 -6.3849 -0.4958
v  -0.0856 -6.3755 -0.4988
v  -0.0715 -6.3520 -0.5063
v  -0.1140 -6.3757 -0.4988
v  -0.1283 -6.3523 -0.5062
v  -0.0630 -6.3566 -0.5048
v  -0.1368 -6.3571 -0.5047
v  -0.1369 -6.3477 -0.5077
v  -0.1229 -6.3242 -0.5152
v  -0.1653 -6.3479 -0.5077
v  -0.1797 -6.3245 -0.5151
v  -0.1143 -6.3288 -0.5138
v  -0.1882 -6.3293 -0.5136
v  -0.1882 -6.3199 -0.5166
v  -0.1742 -6.2964 -0.5241
v  -0.2167 -6.3201 -0.5166
v  -0.2310 -6.2968 -0.5240
v  -0.1656 -6.3010 -0.5227
v  -0.2395 -6.3015 -0.5225
v  -0.2396 -6.2921 -0.5255
v  -0.2255 -6.2686 -0.5330
v  -0.2680 -6.2923 -0.5255
v  -0.2824 -6.2690 -0.5330
v  -0.2170 -6.2732 -0.5316
v  -0.2823 -6.2605 -0.4859
v  -0.2824 -6.2512 -0.4889
v  -0.2684 -6.2276 -0.4964
v  -0.2683 -6.2454 -0.5405
v  0.1878 -6.4496 -0.4252
v  0.1933 -6.4299 -0.4813
v  0.1793 -6.4544 -0.4237
v  0.2303 -6.4259 -0.4328
v  0.2019 -6.4261 -0.4327
v  0.1707 -6.4582 -0.4723
v  0.1848 -6.4346 -0.4798
v  0.1423 -6.4584 -0.4722
v  0.1280 -6.4350 -0.4797
v  0.1419 -6.4021 -0.4902
v  0.1195 -6.4398 -0.4782
v  0.1704 -6.4113 -0.4873
v  0.1420 -6.4115 -0.4872
v  0.0906 -6.3743 -0.4991
v  0.0681 -6.4120 -0.4871
v  0.0681 -6.4026 -0.4901
v  0.0821 -6.3791 -0.4976
v  0.0397 -6.4028 -0.4900
v  0.0253 -6.3794 -0.4975
v  0.0393 -6.3465 -0.5080
v  0.0168 -6.3842 -0.4960
v  0.0677 -6.3557 -0.5051
v  0.0393 -6.3559 -0.5050
v  0.0167 -6.3748 -0.4990
v  0.0308 -6.3513 -0.5065
v  -0.0117 -6.3750 -0.4989
v  -0.0261 -6.3517 -0.5064
v  -0.0121 -6.3188 -0.5169
v  -0.0346 -6.3564 -0.5049
v  0.0164 -6.3279 -0.5140
v  -0.0120 -6.3281 -0.5139
v  -0.0346 -6.3470 -0.5079
v  -0.0206 -6.3235 -0.5154
v  -0.0630 -6.3472 -0.5078
v  -0.0774 -6.3239 -0.5153
v  -0.0634 -6.2910 -0.5258
v  -0.0859 -6.3286 -0.5138
v  -0.0349 -6.3002 -0.5229
v  -0.0634 -6.3003 -0.5228
v  -0.0860 -6.3192 -0.5168
v  -0.0719 -6.2957 -0.5243
v  -0.1144 -6.3194 -0.5168
v  -0.1287 -6.2961 -0.5242
v  -0.1148 -6.2632 -0.5347
v  -0.1372 -6.3008 -0.5227
v  -0.0863 -6.2724 -0.5318
v  -0.1147 -6.2726 -0.5317
v  -0.1373 -6.2914 -0.5257
v  -0.1233 -6.2679 -0.5332
v  -0.1657 -6.2916 -0.5257
v  -0.1801 -6.2683 -0.5331
v  -0.1661 -6.2354 -0.5436
v  -0.1886 -6.2730 -0.5316
v  -0.1376 -6.2446 -0.5407
v  -0.1660 -6.2448 -0.5406
v  -0.2175 -6.2076 -0.5525
v  -0.2399 -6.2452 -0.5405
v  -0.2400 -6.2359 -0.5435
v  -0.2259 -6.2123 -0.5510
v  -0.2684 -6.2361 -0.5435
v  -0.2828 -6.2127 -0.5509
v  -0.2688 -6.1798 -0.5615
v  -0.2827 -6.2043 -0.5038
v  -0.2403 -6.1890 -0.5585
v  -0.2687 -6.1892 -0.5585
v  -0.2828 -6.1949 -0.5068
v  -0.2688 -6.1714 -0.5144
v  -0.2831 -6.1480 -0.5218
v  -0.2197 -6.4417 -0.4331
v  -0.2231 -6.4364 -0.4296
v  -0.2564 -6.3978 -0.4471
v  -0.2534 -6.4010 -0.4409
v  -0.2790 -6.3593 -0.4543
v  -0.2967 -6.3169 -0.4678
v  -0.2979 -6.3137 -0.4740
v  -0.2991 -6.3075 -0.4708
v  -0.3091 -6.2575 -0.4920
v  -0.3087 -6.2607 -0.4858
v  -0.3096 -6.2513 -0.4888
v  -0.3096 -6.2013 -0.5100
v  -0.3093 -6.1951 -0.5068
v  -0.3099 -6.2045 -0.5038
v  -0.2995 -6.1450 -0.5280
v  -0.3005 -6.1482 -0.5218
v  -0.2983 -6.1388 -0.5248
v  -0.2784 -6.0923 -0.5448
v  -0.2811 -6.0958 -0.5385
v  -0.2593 -6.0603 -0.5550
v  -0.2562 -6.0541 -0.5519
v  -0.2263 -6.0180 -0.5634
v  -0.2189 -6.0114 -0.5655
v  -0.2226 -6.0161 -0.5691
v  -0.1770 -5.9790 -0.5810
v  -0.1811 -5.9802 -0.5755
v  -0.1729 -5.9749 -0.5772
v  -0.1260 -5.9506 -0.5901
v  -0.1216 -5.9471 -0.5860
v  -0.1305 -5.9512 -0.5847
v  -0.0696 -5.9311 -0.5963
v  -0.0744 -5.9310 -0.5912
v  -0.0648 -5.9282 -0.5920
v  -0.0113 -5.9217 -0.5993
v  -0.0175 -5.9210 -0.5943
v  0.0275 -5.9220 -0.5992
v  0.0332 -5.9205 -0.5945
v  0.0859 -5.9295 -0.5967
v  0.0807 -5.9272 -0.5923
v  0.0907 -5.9294 -0.5916
v  0.1424 -5.9486 -0.5906
v  0.1468 -5.9492 -0.5852
v  0.1379 -5.9451 -0.5866
v  0.1937 -5.9764 -0.5817
v  0.1978 -5.9775 -0.5762
v  0.1896 -5.9723 -0.5778
v  0.2362 -6.0082 -0.5664
v  0.2399 -6.0129 -0.5700
v  0.2433 -6.0152 -0.5641
v  0.2766 -6.0568 -0.5560
v  0.2736 -6.0506 -0.5528
v  0.2967 -6.0884 -0.5458
v  0.2991 -6.0923 -0.5394
v  0.3181 -6.1409 -0.5290
v  0.3193 -6.1441 -0.5229
v  0.3168 -6.1347 -0.5259
v  0.3289 -6.1909 -0.5079
v  0.3293 -6.1971 -0.5111
v  0.3297 -6.2003 -0.5049
v  0.3298 -6.2533 -0.4931
v  0.3295 -6.2565 -0.4869
v  0.3301 -6.2471 -0.4899
v  0.3196 -6.3096 -0.4751
v  0.3207 -6.3035 -0.4719
v  0.3185 -6.3128 -0.4689
v  0.2986 -6.3623 -0.4583
v  0.3012 -6.3558 -0.4552
v  0.2795 -6.3943 -0.4480
v  0.2764 -6.3975 -0.4418
v  0.2464 -6.4336 -0.4303
v  0.2428 -6.4385 -0.4339
v  0.2391 -6.4402 -0.4282
v  0.1972 -6.4756 -0.4221
v  0.1931 -6.4767 -0.4165
v  0.2012 -6.4714 -0.4182
v  0.1462 -6.5040 -0.4130
v  0.1417 -6.5045 -0.4077
v  0.1506 -6.5004 -0.4090
v  0.0898 -6.5235 -0.4068
v  0.0849 -6.5234 -0.4017
v  0.0946 -6.5206 -0.4025
v  0.0315 -6.5329 -0.4038
v  0.0376 -6.5306 -0.3994
v  -0.0131 -6.5311 -0.3992
v  -0.0073 -6.5326 -0.4039
v  -0.0657 -6.5251 -0.4063
v  -0.0605 -6.5244 -0.4014
v  -0.0705 -6.5222 -0.4021
v  -0.1222 -6.5060 -0.4125
v  -0.1178 -6.5065 -0.4071
v  -0.1267 -6.5024 -0.4085
v  -0.1736 -6.4782 -0.4214
v  -0.1694 -6.4793 -0.4159
v  -0.1777 -6.4741 -0.4175
v  -0.2160 -6.4434 -0.4274
v  0.0891 -0.7539 -0.4604
v  0.0923 -0.7367 -0.4603
v  0.0923 -0.7200 -0.4603
v  0.0891 -0.7029 -0.4604
v  0.0824 -0.6858 -0.4604
v  0.0720 -0.6699 -0.4605
v  0.0585 -0.6564 -0.4605
v  0.0426 -0.6460 -0.4606
v  0.0255 -0.6393 -0.4606
v  0.0084 -0.6360 -0.4606
v  -0.0084 -0.6360 -0.4606
v  -0.0255 -0.6393 -0.4606
v  -0.0426 -0.6460 -0.4606
v  -0.0585 -0.6564 -0.4605
v  -0.0720 -0.6699 -0.4605
v  -0.0824 -0.6858 -0.4604
v  -0.0891 -0.7029 -0.4604
v  -0.0923 -0.7200 -0.4603
v  -0.0923 -0.7367 -0.4603
v  -0.0891 -0.7539 -0.4604
v  -0.0824 -0.7710 -0.4604
v  -0.0720 -0.7868 -0.4605
v  -0.0585 -0.8004 -0.4605
v  -0.0426 -0.8108 -0.4606
v  -0.0255 -0.8175 -0.4606
v  -0.0084 -0.8207 -0.4606
v  0.0084 -0.8207 -0.4606
v  0.0255 -0.8175 -0.4606
v  0.0426 -0.8108 -0.4606
v  0.0585 -0.8004 -0.4606
v  0.0720 -0.7868 -0.4605
v  0.0824 -0.7710 -0.4604
v  0.0000 0.0000 1.3693
v  -0.1342 0.0000 1.3627
v  -0.2671 0.0000 1.3430
v  -0.3975 0.0000 1.3104
v  -0.5240 0.0000 1.2651
v  -0.6455 0.0000 1.2077
v  -0.7608 0.0000 1.1386
v  -0.8687 0.0000 1.0585
v  -0.9683 0.0000 0.9683
v  -1.0585 0.0000 0.8687
v  -1.1386 0.0000 0.7608
v  -1.2077 0.0000 0.6455
v  -1.2651 0.0000 0.5240
v  -1.3104 0.0000 0.3975
v  -1.3430 0.0000 0.2671
v  -1.3627 0.0000 0.1342
v  -1.3693 0.0000 0.0000
v  -1.3627 0.0000 -0.1342
v  -1.3430 0.0000 -0.2671
v  -1.3104 0.0000 -0.3975
v  -1.2651 0.0000 -0.5240
v  -1.2077 0.0000 -0.6455
v  -1.1386 0.0000 -0.7608
v  -1.0585 0.0000 -0.8687
v  -0.9683 0.0000 -0.9683
v  -0.8687 0.0000 -1.0585
v  -0.7608 0.0000 -1.1386
v  -0.6455 0.0000 -1.2077
v  -0.5240 0.0000 -1.2651
v  -0.3975 0.0000 -1.3104
v  -0.2671 0.0000 -1.3430
v  -0.1342 0.0000 -1.3627
v  0.0000 -0.0000 -1.3693
v  0.1342 -0.0000 -1.3627
v  0.2671 -0.0000 -1.3430
v  0.3975 -0.0000 -1.3104
v  0.5240 -0.0000 -1.2651
v  0.6455 -0.0000 -1.2077
v  0.7608 -0.0000 -1.1386
v  0.8687 -0.0000 -1.0585
v  0.9683 -0.0000 -0.9683
v  1.0585 -0.0000 -0.8687
v  1.1386 -0.0000 -0.7608
v  1.2077 -0.0000 -0.6455
v  1.2651 -0.0000 -0.5240
v  1.3104 -0.0000 -0.3975
v  1.3430 -0.0000 -0.2671
v  1.3627 -0.0000 -0.1342
v  1.3693 -0.0000 -0.0000
v  1.3627 -0.0000 0.1342
v  1.3430 -0.0000 0.2671
v  1.3104 -0.0000 0.3975
v  1.2651 -0.0000 0.5240
v  1.2077 -0.0000 0.6455
v  1.1386 -0.0000 0.7608
v  1.0585 -0.0000 0.8687
v  0.9683 -0.0000 0.9683
v  0.8687 -0.0000 1.0585
v  0.7608 -0.0000 1.1386
v  0.6455 0.0000 1.2077
v  0.5240 0.0000 1.2651
v  0.3975 0.0000 1.3104
v  0.2671 0.0000 1.3430
v  -0.0000 -0.2362 0.0000
v  0.1342 0.0000 1.3627
v  -0.0000 -0.2258 1.3477
v  -0.1321 -0.2257 1.3412
v  -0.2629 -0.2257 1.3217
v  -0.3912 -0.2257 1.2896
v  -0.5157 -0.2256 1.2450
v  -0.6353 -0.2256 1.1885
v  -0.7487 -0.2257 1.1205
v  -0.8549 -0.2257 1.0418
v  -0.9530 -0.2258 0.9530
v  -1.0418 -0.2258 0.8550
v  -1.1206 -0.2257 0.7487
v  -1.1885 -0.2257 0.6353
v  -1.2450 -0.2257 0.5157
v  -1.2896 -0.2257 0.3912
v  -1.3218 -0.2257 0.2629
v  -1.3412 -0.2258 0.1321
v  -1.3477 -0.2258 0.0000
v  -1.3412 -0.2257 -0.1321
v  -1.3217 -0.2257 -0.2629
v  -1.2896 -0.2257 -0.3912
v  -1.2450 -0.2256 -0.5157
v  -1.1885 -0.2256 -0.6353
v  -1.1205 -0.2257 -0.7487
v  -1.0418 -0.2257 -0.8549
v  -0.9530 -0.2258 -0.9530
v  -0.8550 -0.2258 -1.0418
v  -0.7487 -0.2257 -1.1206
v  -0.6353 -0.2257 -1.1885
v  -0.5157 -0.2257 -1.2450
v  -0.3912 -0.2257 -1.2896
v  -0.2629 -0.2257 -1.3218
v  -0.1321 -0.2258 -1.3412
v  0.0000 -0.2258 -1.3477
v  0.1321 -0.2257 -1.3412
v  0.2629 -0.2257 -1.3217
v  0.3912 -0.2257 -1.2896
v  0.5157 -0.2256 -1.2450
v  0.6353 -0.2257 -1.1885
v  0.7487 -0.2257 -1.1205
v  0.8549 -0.2257 -1.0418
v  0.9530 -0.2258 -0.9530
v  1.0418 -0.2258 -0.8550
v  1.1206 -0.2257 -0.7487
v  1.1885 -0.2257 -0.6353
v  1.2450 -0.2257 -0.5157
v  1.2896 -0.2257 -0.3912
v  1.3218 -0.2257 -0.2629
v  1.3412 -0.2258 -0.1321
v  1.3477 -0.2258 0.0000
v  1.3412 -0.2257 0.1321
v  1.3217 -0.2257 0.2629
v  1.2896 -0.2257 0.3912
v  1.2450 -0.2256 0.5157
v  1.1885 -0.2257 0.6352
v  1.1205 -0.2257 0.7487
v  1.0418 -0.2257 0.8549
v  0.9529 -0.2258 0.9530
v  0.8550 -0.2258 1.0418
v  0.7487 -0.2258 1.1205
v  0.6353 -0.2257 1.1885
v  0.5157 -0.2257 1.2450
v  0.3912 -0.2257 1.2896
v  0.2629 -0.2257 1.3218
v  0.1321 -0.2258 1.3412
v  -0.1329 -0.2145 1.3495
v  -0.2645 -0.2145 1.3299
v  -0.3936 -0.2145 1.2975
v  -0.5189 -0.2144 1.2527
v  -0.6392 -0.2144 1.1958
v  -0.7533 -0.2145 1.1274
v  -0.8602 -0.2145 1.0482
v  -0.9589 -0.2146 0.9589
v  -1.0483 -0.2146 0.8603
v  -1.1275 -0.2145 0.7534
v  -1.1959 -0.2145 0.6392
v  -1.2528 -0.2145 0.5189
v  -1.2976 -0.2145 0.3936
v  -1.3300 -0.2145 0.2645
v  -1.3496 -0.2146 0.1329
v  -1.3561 -0.2146 0.0000
v  -1.3495 -0.2145 -0.1329
v  -1.3299 -0.2145 -0.2645
v  -1.2975 -0.2145 -0.3936
v  -1.2527 -0.2144 -0.5189
v  -1.1958 -0.2144 -0.6392
v  -1.1274 -0.2145 -0.7533
v  -1.0482 -0.2145 -0.8602
v  -0.9589 -0.2146 -0.9589
v  -0.8603 -0.2146 -1.0483
v  -0.7534 -0.2145 -1.1275
v  -0.6392 -0.2145 -1.1959
v  -0.5189 -0.2145 -1.2528
v  -0.3936 -0.2145 -1.2976
v  -0.2645 -0.2145 -1.3300
v  -0.1329 -0.2146 -1.3496
v  0.0000 -0.2146 -1.3562
v  0.1329 -0.2145 -1.3495
v  0.2645 -0.2145 -1.3299
v  0.3936 -0.2145 -1.2975
v  0.5189 -0.2144 -1.2527
v  0.6392 -0.2145 -1.1958
v  0.7533 -0.2145 -1.1274
v  0.8602 -0.2145 -1.0482
v  0.9589 -0.2146 -0.9589
v  1.0483 -0.2146 -0.8603
v  1.1275 -0.2145 -0.7534
v  1.1959 -0.2145 -0.6392
v  1.2528 -0.2145 -0.5189
v  1.2976 -0.2145 -0.3936
v  1.3300 -0.2145 -0.2645
v  1.3496 -0.2146 -0.1329
v  1.3561 -0.2146 0.0000
v  1.3495 -0.2145 0.1329
v  1.3299 -0.2145 0.2645
v  1.2975 -0.2145 0.3936
v  1.2528 -0.2145 0.5189
v  1.1959 -0.2145 0.6392
v  1.1275 -0.2145 0.7534
v  1.0483 -0.2146 0.8603
v  0.9592 -0.2140 0.9592
v  0.8606 -0.2141 1.0486
v  0.7536 -0.2140 1.1278
v  0.6394 -0.2139 1.1962
v  0.5189 -0.2145 1.2528
v  0.3936 -0.2145 1.2977
v  0.2646 -0.2146 1.3300
v  0.1329 -0.2146 1.3497
v  -0.0000 -0.2146 1.3562
v  -0.0000 -0.2330 1.3355
v  -0.1309 -0.2330 1.3290
v  -0.2605 -0.2329 1.3098
v  -0.3876 -0.2329 1.2779
v  -0.5110 -0.2329 1.2337
v  -0.6295 -0.2329 1.1777
v  -0.7419 -0.2329 1.1104
v  -0.8472 -0.2330 1.0323
v  -0.9443 -0.2330 0.9443
v  -1.0323 -0.2330 0.8472
v  -1.1104 -0.2330 0.7419
v  -1.1777 -0.2330 0.6295
v  -1.2338 -0.2329 0.5110
v  -1.2779 -0.2329 0.3877
v  -1.3098 -0.2330 0.2605
v  -1.3290 -0.2330 0.1309
v  -1.3355 -0.2330 0.0000
v  -1.3290 -0.2330 -0.1309
v  -1.3098 -0.2329 -0.2605
v  -1.2779 -0.2329 -0.3876
v  -1.2337 -0.2329 -0.5110
v  -1.1777 -0.2329 -0.6295
v  -1.1104 -0.2329 -0.7419
v  -1.0323 -0.2330 -0.8472
v  -0.9443 -0.2330 -0.9443
v  -0.8472 -0.2330 -1.0323
v  -0.7419 -0.2330 -1.1104
v  -0.6295 -0.2330 -1.1777
v  -0.5110 -0.2329 -1.2338
v  -0.3877 -0.2329 -1.2779
v  -0.2605 -0.2330 -1.3098
v  -0.1309 -0.2330 -1.3290
v  0.0000 -0.2330 -1.3355
v  0.1309 -0.2330 -1.3290
v  0.2605 -0.2329 -1.3098
v  0.3876 -0.2329 -1.2779
v  0.5110 -0.2329 -1.2337
v  0.6295 -0.2329 -1.1777
v  0.7419 -0.2329 -1.1104
v  0.8472 -0.2330 -1.0323
v  0.9443 -0.2330 -0.9443
v  1.0323 -0.2330 -0.8472
v  1.1104 -0.2330 -0.7419
v  1.1777 -0.2330 -0.6295
v  1.2338 -0.2329 -0.5110
v  1.2779 -0.2329 -0.3877
v  1.3098 -0.2330 -0.2605
v  1.3290 -0.2330 -0.1309
v  1.3355 -0.2330 0.0000
v  1.3290 -0.2330 0.1309
v  1.3098 -0.2329 0.2605
v  1.2779 -0.2329 0.3876
v  1.2339 -0.2333 0.5111
v  1.1779 -0.2333 0.6296
v  1.1105 -0.2334 0.7420
v  1.0324 -0.2334 0.8473
v  0.9440 -0.2336 0.9441
v  0.8470 -0.2336 1.0321
v  0.7418 -0.2336 1.1101
v  0.6294 -0.2336 1.1774
v  0.5111 -0.2334 1.2339
v  0.3877 -0.2334 1.2781
v  0.2606 -0.2334 1.3099
v  0.1309 -0.2334 1.3292
v  -0.1324 0.0000 1.3438
v  0.0000 0.0000 1.3503
v  0.1324 0.0000 1.3438
v  0.2634 0.0000 1.3244
v  0.3920 0.0000 1.2922
v  0.5167 0.0000 1.2475
v  0.6365 0.0000 1.1909
v  0.7502 -0.0000 1.1228
v  0.8566 -0.0000 1.0438
v  0.9548 -0.0000 0.9548
v  1.0438 -0.0000 0.8566
v  1.1228 -0.0000 0.7502
v  1.1909 -0.0000 0.6365
v  1.2475 -0.0000 0.5167
v  1.2922 -0.0000 0.3920
v  1.3244 -0.0000 0.2634
v  1.3438 -0.0000 0.1324
v  1.3503 -0.0000 0.0000
v  1.3438 -0.0000 -0.1324
v  1.3244 -0.0000 -0.2634
v  1.2922 -0.0000 -0.3920
v  1.2475 -0.0000 -0.5167
v  1.1909 -0.0000 -0.6365
v  1.1228 -0.0000 -0.7502
v  1.0438 -0.0000 -0.8566
v  0.9548 -0.0000 -0.9548
v  0.8566 -0.0000 -1.0438
v  0.7502 -0.0000 -1.1228
v  0.6365 -0.0000 -1.1909
v  0.5167 -0.0000 -1.2475
v  0.3920 -0.0000 -1.2922
v  0.2634 -0.0000 -1.3244
v  0.1324 -0.0000 -1.3438
v  0.0000 -0.0000 -1.3503
v  -0.1324 0.0000 -1.3438
v  -0.2634 0.0000 -1.3244
v  -0.3920 0.0000 -1.2922
v  -0.5167 0.0000 -1.2475
v  -0.6365 0.0000 -1.1909
v  -0.7502 0.0000 -1.1228
v  -0.8566 0.0000 -1.0438
v  -0.9548 0.0000 -0.9548
v  -1.0438 0.0000 -0.8566
v  -1.1228 0.0000 -0.7502
v  -1.1909 0.0000 -0.6365
v  -1.2475 0.0000 -0.5167
v  -1.2922 0.0000 -0.3920
v  -1.3244 0.0000 -0.2634
v  -1.3438 0.0000 -0.1324
v  -1.3503 0.0000 -0.0000
v  -1.3438 0.0000 0.1324
v  -1.3244 0.0000 0.2634
v  -1.2922 0.0000 0.3920
v  -1.2475 0.0000 0.5167
v  -1.1909 0.0000 0.6365
v  -1.1228 0.0000 0.7502
v  -1.0438 0.0000 0.8566
v  -0.9548 0.0000 0.9548
v  -0.8566 0.0000 1.0438
v  -0.7502 0.0000 1.1228
v  -0.6365 0.0000 1.1909
v  -0.5167 0.0000 1.2475
v  -0.3920 0.0000 1.2922
v  -0.2634 0.0000 1.3244
v  -0.0000 0.0000 0.0000
v  0.0000 -0.0030 1.3743
v  -0.1347 -0.0030 1.3677
v  -0.2681 -0.0030 1.3479
v  -0.3989 -0.0030 1.3152
v  -0.5259 -0.0030 1.2697
v  -0.6479 -0.0030 1.2120
v  -0.7635 -0.0030 1.1427
v  -0.8719 -0.0030 1.0624
v  -0.9718 -0.0030 0.9718
v  -1.0624 -0.0030 0.8719
v  -1.1427 -0.0030 0.7635
v  -1.2120 -0.0030 0.6479
v  -1.2697 -0.0030 0.5259
v  -1.3152 -0.0030 0.3989
v  -1.3479 -0.0030 0.2681
v  -1.3677 -0.0030 0.1347
v  -1.3743 -0.0030 -0.0000
v  -1.3677 -0.0030 -0.1347
v  -1.3479 -0.0030 -0.2681
v  -1.3152 -0.0030 -0.3989
v  -1.2697 -0.0030 -0.5259
v  -1.2120 -0.0030 -0.6479
v  -1.1427 -0.0030 -0.7635
v  -1.0624 -0.0030 -0.8719
v  -0.9718 -0.0030 -0.9718
v  -0.8719 -0.0030 -1.0624
v  -0.7635 -0.0030 -1.1427
v  -0.6479 -0.0030 -1.2120
v  -0.5259 -0.0030 -1.2697
v  -0.3989 -0.0030 -1.3152
v  -0.2681 -0.0030 -1.3479
v  -0.1347 -0.0030 -1.3677
v  0.0000 -0.0030 -1.3743
v  0.1347 -0.0030 -1.3677
v  0.2681 -0.0030 -1.3479
v  0.3989 -0.0030 -1.3152
v  0.5259 -0.0030 -1.2697
v  0.6479 -0.0030 -1.2120
v  0.7635 -0.0030 -1.1427
v  0.8719 -0.0030 -1.0624
v  0.9718 -0.0030 -0.9718
v  1.0624 -0.0030 -0.8719
v  1.1427 -0.0030 -0.7635
v  1.2120 -0.0030 -0.6479
v  1.2697 -0.0030 -0.5259
v  1.3152 -0.0030 -0.3989
v  1.3479 -0.0030 -0.2681
v  1.3677 -0.0030 -0.1347
v  1.3743 -0.0030 0.0000
v  1.3677 -0.0030 0.1347
v  1.3479 -0.0030 0.2681
v  1.3152 -0.0030 0.3989
v  1.2697 -0.0030 0.5259
v  1.2120 -0.0030 0.6479
v  1.1427 -0.0030 0.7635
v  1.0624 -0.0030 0.8719
v  0.9718 -0.0030 0.9718
v  0.8719 -0.0030 1.0624
v  0.7635 -0.0030 1.1427
v  0.6479 -0.0030 1.2120
v  0.5259 -0.0030 1.2697
v  0.3989 -0.0030 1.3152
v  0.2681 -0.0030 1.3479
v  0.1347 -0.0030 1.3677
v  -0.1333 -0.2002 1.3536
v  -0.1334 -0.1902 1.3545
v  -0.0000 -0.2003 1.3604
v  -0.0000 -0.1903 1.3613
v  -0.1295 -0.2362 1.3148
v  -0.1285 -0.2362 1.3049
v  -0.0000 -0.2362 1.3212
v  -0.0000 -0.2362 1.3112
v  -0.2653 -0.2002 1.3340
v  -0.2655 -0.1902 1.3348
v  -0.2578 -0.2362 1.2958
v  -0.2558 -0.2362 1.2860
v  -0.3948 -0.2001 1.3015
v  -0.3951 -0.1902 1.3023
v  -0.3835 -0.2362 1.2643
v  -0.3806 -0.2362 1.2547
v  -0.5205 -0.2001 1.2565
v  -0.5208 -0.1902 1.2573
v  -0.5056 -0.2362 1.2206
v  -0.5018 -0.2362 1.2114
v  -0.6411 -0.2001 1.1995
v  -0.6415 -0.1902 1.2002
v  -0.6228 -0.2362 1.1652
v  -0.6181 -0.2362 1.1564
v  -0.7556 -0.2002 1.1309
v  -0.7561 -0.1902 1.1316
v  -0.7340 -0.2362 1.0985
v  -0.7285 -0.2362 1.0902
v  -0.8629 -0.2002 1.0514
v  -0.8634 -0.1902 1.0521
v  -0.8382 -0.2362 1.0213
v  -0.8318 -0.2362 1.0136
v  -0.9619 -0.2002 0.9619
v  -0.9625 -0.1903 0.9625
v  -0.9342 -0.2362 0.9342
v  -0.9272 -0.2362 0.9272
v  -1.0516 -0.2003 0.8630
v  -1.0523 -0.1903 0.8636
v  -1.0213 -0.2362 0.8382
v  -1.0136 -0.2362 0.8318
v  -1.1310 -0.2002 0.7557
v  -1.1317 -0.1903 0.7562
v  -1.0985 -0.2362 0.7340
v  -1.0902 -0.2362 0.7285
v  -1.1996 -0.2002 0.6412
v  -1.2003 -0.1902 0.6416
v  -1.1652 -0.2362 0.6228
v  -1.1564 -0.2362 0.6181
v  -1.2566 -0.2002 0.5205
v  -1.2574 -0.1902 0.5208
v  -1.2206 -0.2362 0.5056
v  -1.2114 -0.2362 0.5018
v  -1.3016 -0.2002 0.3948
v  -1.3024 -0.1902 0.3951
v  -1.2643 -0.2362 0.3835
v  -1.2547 -0.2362 0.3806
v  -1.3341 -0.2002 0.2654
v  -1.3349 -0.1902 0.2655
v  -1.2958 -0.2362 0.2578
v  -1.2860 -0.2362 0.2558
v  -1.3538 -0.2002 0.1333
v  -1.3546 -0.1903 0.1334
v  -1.3148 -0.2362 0.1295
v  -1.3049 -0.2362 0.1285
v  -1.3603 -0.2002 -0.0000
v  -1.3612 -0.1903 -0.0000
v  -1.3212 -0.2362 0.0000
v  -1.3112 -0.2362 0.0000
v  -1.3536 -0.2002 -0.1333
v  -1.3545 -0.1902 -0.1334
v  -1.3148 -0.2362 -0.1295
v  -1.3049 -0.2362 -0.1285
v  -1.3340 -0.2002 -0.2653
v  -1.3348 -0.1902 -0.2655
v  -1.2958 -0.2362 -0.2578
v  -1.2860 -0.2362 -0.2558
v  -1.3015 -0.2001 -0.3948
v  -1.3023 -0.1902 -0.3951
v  -1.2643 -0.2362 -0.3835
v  -1.2547 -0.2362 -0.3806
v  -1.2565 -0.2001 -0.5205
v  -1.2573 -0.1902 -0.5208
v  -1.2206 -0.2362 -0.5056
v  -1.2114 -0.2362 -0.5018
v  -1.1995 -0.2001 -0.6411
v  -1.2002 -0.1902 -0.6415
v  -1.1652 -0.2362 -0.6228
v  -1.1564 -0.2362 -0.6181
v  -1.1309 -0.2002 -0.7556
v  -1.1316 -0.1902 -0.7561
v  -1.0985 -0.2362 -0.7340
v  -1.0902 -0.2362 -0.7285
v  -1.0514 -0.2002 -0.8629
v  -1.0521 -0.1902 -0.8634
v  -1.0213 -0.2362 -0.8382
v  -1.0136 -0.2362 -0.8318
v  -0.9619 -0.2002 -0.9619
v  -0.9625 -0.1903 -0.9625
v  -0.9342 -0.2362 -0.9342
v  -0.9272 -0.2362 -0.9272
v  -0.8630 -0.2003 -1.0516
v  -0.8636 -0.1903 -1.0523
v  -0.8382 -0.2362 -1.0213
v  -0.8318 -0.2362 -1.0136
v  -0.7557 -0.2002 -1.1310
v  -0.7562 -0.1903 -1.1317
v  -0.7340 -0.2362 -1.0985
v  -0.7285 -0.2362 -1.0902
v  -0.6412 -0.2002 -1.1996
v  -0.6416 -0.1902 -1.2003
v  -0.6228 -0.2362 -1.1652
v  -0.6181 -0.2362 -1.1564
v  -0.5205 -0.2002 -1.2566
v  -0.5208 -0.1902 -1.2574
v  -0.5056 -0.2362 -1.2206
v  -0.5018 -0.2362 -1.2114
v  -0.3948 -0.2002 -1.3016
v  -0.3951 -0.1902 -1.3024
v  -0.3835 -0.2362 -1.2643
v  -0.3806 -0.2362 -1.2547
v  -0.2654 -0.2002 -1.3341
v  -0.2655 -0.1902 -1.3349
v  -0.2578 -0.2362 -1.2958
v  -0.2558 -0.2362 -1.2860
v  -0.1333 -0.2002 -1.3538
v  -0.1334 -0.1903 -1.3546
v  -0.1295 -0.2362 -1.3148
v  -0.1285 -0.2362 -1.3049
v  0.0000 -0.2003 -1.3604
v  0.0000 -0.1903 -1.3613
v  0.0000 -0.2362 -1.3212
v  0.0000 -0.2362 -1.3112
v  0.1333 -0.2002 -1.3536
v  0.1334 -0.1902 -1.3545
v  0.1295 -0.2362 -1.3148
v  0.1285 -0.2362 -1.3049
v  0.2653 -0.2002 -1.3340
v  0.2655 -0.1902 -1.3348
v  0.2578 -0.2362 -1.2958
v  0.2558 -0.2362 -1.2860
v  0.3948 -0.2001 -1.3015
v  0.3951 -0.1902 -1.3023
v  0.3835 -0.2362 -1.2643
v  0.3806 -0.2362 -1.2547
v  0.5205 -0.2001 -1.2565
v  0.5208 -0.1902 -1.2573
v  0.5056 -0.2362 -1.2206
v  0.5018 -0.2362 -1.2114
v  0.6411 -0.2001 -1.1995
v  0.6415 -0.1902 -1.2002
v  0.6228 -0.2362 -1.1652
v  0.6181 -0.2362 -1.1564
v  0.7556 -0.2002 -1.1309
v  0.7561 -0.1902 -1.1316
v  0.7340 -0.2362 -1.0985
v  0.7285 -0.2362 -1.0902
v  0.8629 -0.2002 -1.0514
v  0.8635 -0.1902 -1.0521
v  0.8382 -0.2362 -1.0213
v  0.8318 -0.2362 -1.0136
v  0.9619 -0.2002 -0.9619
v  0.9625 -0.1903 -0.9625
v  0.9342 -0.2362 -0.9342
v  0.9272 -0.2362 -0.9272
v  1.0516 -0.2003 -0.8630
v  1.0523 -0.1903 -0.8636
v  1.0213 -0.2362 -0.8382
v  1.0136 -0.2362 -0.8318
v  1.1310 -0.2002 -0.7557
v  1.1317 -0.1903 -0.7562
v  1.0985 -0.2362 -0.7340
v  1.0902 -0.2362 -0.7285
v  1.1996 -0.2002 -0.6412
v  1.2003 -0.1902 -0.6416
v  1.1652 -0.2362 -0.6228
v  1.1564 -0.2362 -0.6181
v  1.2566 -0.2002 -0.5205
v  1.2574 -0.1902 -0.5208
v  1.2206 -0.2362 -0.5056
v  1.2114 -0.2362 -0.5018
v  1.3016 -0.2002 -0.3948
v  1.3024 -0.1902 -0.3951
v  1.2643 -0.2362 -0.3835
v  1.2547 -0.2362 -0.3806
v  1.3340 -0.2002 -0.2654
v  1.3349 -0.1902 -0.2655
v  1.2958 -0.2362 -0.2578
v  1.2860 -0.2362 -0.2558
v  1.3537 -0.2002 -0.1333
v  1.3546 -0.1903 -0.1334
v  1.3148 -0.2362 -0.1295
v  1.3049 -0.2362 -0.1285
v  1.3603 -0.2002 0.0000
v  1.3612 -0.1903 0.0000
v  1.3212 -0.2362 0.0000
v  1.3112 -0.2362 0.0000
v  1.3536 -0.2002 0.1333
v  1.3545 -0.1902 0.1334
v  1.3148 -0.2362 0.1295
v  1.3049 -0.2362 0.1285
v  1.3340 -0.2002 0.2653
v  1.3348 -0.1902 0.2655
v  1.2958 -0.2362 0.2578
v  1.2860 -0.2362 0.2558
v  1.3015 -0.2001 0.3948
v  1.3023 -0.1902 0.3951
v  1.2643 -0.2362 0.3835
v  1.2547 -0.2362 0.3806
v  1.2565 -0.2001 0.5205
v  1.2573 -0.1902 0.5208
v  1.2206 -0.2362 0.5056
v  1.2114 -0.2362 0.5018
v  1.1995 -0.2001 0.6411
v  1.2002 -0.1902 0.6415
v  1.1652 -0.2362 0.6228
v  1.1564 -0.2362 0.6181
v  1.1309 -0.2002 0.7556
v  1.1316 -0.1902 0.7561
v  1.0985 -0.2362 0.7340
v  1.0902 -0.2362 0.7285
v  1.0514 -0.2002 0.8629
v  1.0521 -0.1902 0.8635
v  1.0213 -0.2362 0.8382
v  1.0136 -0.2362 0.8318
v  0.9619 -0.2003 0.9619
v  0.9625 -0.1903 0.9625
v  0.9342 -0.2362 0.9342
v  0.9272 -0.2362 0.9271
v  0.8630 -0.2003 1.0516
v  0.8636 -0.1903 1.0523
v  0.8382 -0.2362 1.0213
v  0.8318 -0.2362 1.0136
v  0.7557 -0.2002 1.1310
v  0.7562 -0.1903 1.1317
v  0.7340 -0.2362 1.0985
v  0.7285 -0.2362 1.0902
v  0.6412 -0.2002 1.1995
v  0.6416 -0.1903 1.2003
v  0.6228 -0.2362 1.1652
v  0.6181 -0.2362 1.1564
v  0.5205 -0.2002 1.2566
v  0.5208 -0.1902 1.2574
v  0.5056 -0.2362 1.2206
v  0.5018 -0.2362 1.2114
v  0.3948 -0.2002 1.3016
v  0.3951 -0.1902 1.3024
v  0.3835 -0.2362 1.2643
v  0.3806 -0.2362 1.2547
v  0.2654 -0.2002 1.3340
v  0.2655 -0.1902 1.3349
v  0.2578 -0.2362 1.2958
v  0.2558 -0.2362 1.2860
v  0.1333 -0.2002 1.3537
v  0.1334 -0.1903 1.3546
v  0.1295 -0.2362 1.3148
v  0.1285 -0.2362 1.3049
v  -0.0000 -0.0079 1.3772
v  -0.0000 -0.0178 1.3763
v  -0.1350 -0.0079 1.3706
v  -0.1349 -0.0178 1.3697
v  -0.2687 -0.0079 1.3507
v  -0.2685 -0.0178 1.3499
v  -0.3998 -0.0079 1.3179
v  -0.3995 -0.0178 1.3170
v  -0.5270 -0.0079 1.2724
v  -0.5267 -0.0178 1.2715
v  -0.6492 -0.0079 1.2146
v  -0.6488 -0.0178 1.2138
v  -0.7651 -0.0079 1.1451
v  -0.7646 -0.0178 1.1444
v  -0.8737 -0.0079 1.0646
v  -0.8731 -0.0178 1.0639
v  -0.9738 -0.0079 0.9738
v  -0.9732 -0.0178 0.9732
v  -1.0646 -0.0079 0.8737
v  -1.0639 -0.0178 0.8731
v  -1.1451 -0.0079 0.7651
v  -1.1444 -0.0178 0.7646
v  -1.2146 -0.0079 0.6492
v  -1.2138 -0.0178 0.6488
v  -1.2724 -0.0079 0.5270
v  -1.2715 -0.0178 0.5267
v  -1.3179 -0.0079 0.3998
v  -1.3170 -0.0178 0.3995
v  -1.3507 -0.0079 0.2687
v  -1.3499 -0.0178 0.2685
v  -1.3706 -0.0079 0.1350
v  -1.3697 -0.0178 0.1349
v  -1.3772 -0.0079 -0.0000
v  -1.3763 -0.0178 -0.0000
v  -1.3706 -0.0079 -0.1350
v  -1.3697 -0.0178 -0.1349
v  -1.3507 -0.0079 -0.2687
v  -1.3499 -0.0178 -0.2685
v  -1.3179 -0.0079 -0.3998
v  -1.3170 -0.0178 -0.3995
v  -1.2724 -0.0079 -0.5270
v  -1.2715 -0.0178 -0.5267
v  -1.2146 -0.0079 -0.6492
v  -1.2138 -0.0178 -0.6488
v  -1.1451 -0.0079 -0.7651
v  -1.1444 -0.0178 -0.7646
v  -1.0646 -0.0079 -0.8737
v  -1.0639 -0.0178 -0.8731
v  -0.9738 -0.0079 -0.9738
v  -0.9732 -0.0178 -0.9732
v  -0.8737 -0.0079 -1.0646
v  -0.8731 -0.0178 -1.0639
v  -0.7651 -0.0079 -1.1451
v  -0.7646 -0.0178 -1.1444
v  -0.6492 -0.0079 -1.2146
v  -0.6488 -0.0178 -1.2138
v  -0.5270 -0.0079 -1.2724
v  -0.5267 -0.0178 -1.2715
v  -0.3998 -0.0079 -1.3179
v  -0.3995 -0.0178 -1.3170
v  -0.2687 -0.0079 -1.3507
v  -0.2685 -0.0178 -1.3499
v  -0.1350 -0.0079 -1.3706
v  -0.1349 -0.0178 -1.3697
v  0.0000 -0.0079 -1.3772
v  0.0000 -0.0178 -1.3763
v  0.1350 -0.0079 -1.3706
v  0.1349 -0.0178 -1.3697
v  0.2687 -0.0079 -1.3507
v  0.2685 -0.0178 -1.3499
v  0.3998 -0.0079 -1.3179
v  0.3995 -0.0178 -1.3170
v  0.5270 -0.0079 -1.2724
v  0.5267 -0.0178 -1.2715
v  0.6492 -0.0079 -1.2146
v  0.6488 -0.0178 -1.2138
v  0.7651 -0.0079 -1.1451
v  0.7646 -0.0178 -1.1444
v  0.8737 -0.0079 -1.0646
v  0.8731 -0.0178 -1.0639
v  0.9738 -0.0079 -0.9738
v  0.9732 -0.0178 -0.9732
v  1.0646 -0.0079 -0.8737
v  1.0639 -0.0178 -0.8731
v  1.1451 -0.0079 -0.7651
v  1.1444 -0.0178 -0.7646
v  1.2146 -0.0079 -0.6492
v  1.2138 -0.0178 -0.6488
v  1.2724 -0.0079 -0.5270
v  1.2715 -0.0178 -0.5267
v  1.3179 -0.0079 -0.3998
v  1.3170 -0.0178 -0.3995
v  1.3507 -0.0079 -0.2687
v  1.3499 -0.0178 -0.2685
v  1.3706 -0.0079 -0.1350
v  1.3697 -0.0178 -0.1349
v  1.3772 -0.0079 0.0000
v  1.3763 -0.0178 0.0000
v  1.3706 -0.0079 0.1350
v  1.3697 -0.0178 0.1349
v  1.3507 -0.0079 0.2687
v  1.3499 -0.0178 0.2685
v  1.3179 -0.0079 0.3998
v  1.3170 -0.0178 0.3995
v  1.2724 -0.0079 0.5270
v  1.2715 -0.0178 0.5267
v  1.2146 -0.0079 0.6492
v  1.2138 -0.0178 0.6488
v  1.1451 -0.0079 0.7651
v  1.1444 -0.0178 0.7646
v  1.0646 -0.0079 0.8737
v  1.0639 -0.0178 0.8731
v  0.9738 -0.0079 0.9738
v  0.9732 -0.0178 0.9732
v  0.8737 -0.0079 1.0646
v  0.8731 -0.0178 1.0639
v  0.7651 -0.0079 1.1451
v  0.7646 -0.0178 1.1444
v  0.6492 -0.0079 1.2146
v  0.6488 -0.0178 1.2138
v  0.5270 -0.0079 1.2724
v  0.5267 -0.0178 1.2715
v  0.3998 -0.0079 1.3179
v  0.3995 -0.0178 1.3170
v  0.2687 -0.0079 1.3507
v  0.2685 -0.0178 1.3499
v  0.1350 -0.0079 1.3706
v  0.1349 -0.0178 1.3697
# 5276 vertices

o 99060IN
g 99060IN
s 1
f 1 2 391 393 
f 2 3 397 391 
f 3 4 400 397 
f 4 5 403 400 
f 5 6 406 403 
f 6 244 409 406 
f 244 7 412 409 
f 7 8 415 412 
f 8 9 418 415 
f 9 79 421 418 
f 10 424 421 79 
f 10 11 427 424 
f 11 12 430 427 
f 12 13 433 430 
f 13 14 436 433 
f 14 15 439 436 
f 15 16 442 439 
f 16 17 445 442 
f 17 18 448 445 
f 18 19 451 448 
f 19 20 454 451 
f 20 80 457 454 
f 21 460 457 80 
f 21 22 463 460 
f 22 23 466 463 
f 23 81 469 466 
f 24 472 469 81 
f 24 25 475 472 
f 25 26 478 475 
f 26 27 481 478 
f 27 28 484 481 
f 28 1 393 484 
s 2
f 394 390 29 50 
f 390 396 30 29 
f 396 399 31 30 
f 399 402 32 31 
f 402 405 33 32 
f 405 408 189 33 
f 408 411 206 189 
f 411 414 209 206 
f 414 417 212 209 
f 417 420 192 212 
f 420 423 34 192 
f 423 426 35 34 
f 426 429 36 35 
f 429 432 37 36 
f 432 435 38 37 
f 435 438 39 38 
f 438 441 40 39 
f 441 444 41 40 
f 444 447 42 41 
f 447 450 43 42 
f 450 453 44 43 
f 453 456 198 44 
f 456 459 215 198 
f 459 462 218 215 
f 462 465 221 218 
f 465 468 201 221 
f 468 471 45 201 
f 471 474 46 45 
f 474 477 47 46 
f 477 480 48 47 
f 480 483 49 48 
f 483 394 50 49 
f 29 84 86 50 
f 30 90 84 29 
f 31 93 90 30 
f 32 96 93 31 
f 33 99 96 32 
f 189 245 99 33 
s 1
f 205 226 246 
f 208 224 226 205 
f 211 230 224 208 
f 194 230 211 
s 2
f 34 121 247 192 
f 35 124 121 34 
f 36 127 124 35 
f 37 130 127 36 
f 38 133 130 37 
f 39 136 133 38 
f 40 139 136 39 
f 41 142 139 40 
f 42 145 142 41 
f 43 148 145 42 
f 44 151 148 43 
f 198 248 151 44 
s 1
f 214 235 249 
f 217 233 235 214 
f 220 239 233 217 
f 203 239 220 
s 2
f 45 173 250 201 
f 46 176 173 45 
f 47 179 176 46 
f 48 182 179 47 
f 49 185 182 48 
f 50 86 185 49 
s 4
f 223 110 107 227 
f 229 113 110 223 
f 227 107 251 252 
f 253 254 113 229 
f 232 162 159 236 
f 238 165 162 232 
f 236 159 255 256 
f 257 258 165 238 
s 1
f 87 83 266 267 
f 83 89 291 266 
f 89 92 290 291 
f 92 95 289 290 
f 95 98 288 289 
f 98 292 287 288 
f 259 106 287 
f 112 260 286 
f 261 286 116 
f 120 123 284 285 
f 123 126 283 284 
f 126 129 282 283 
f 129 132 281 282 
f 132 135 280 281 
f 135 138 279 280 
f 138 141 278 279 
f 141 144 277 278 
f 144 147 276 277 
f 147 150 275 276 
f 150 262 274 275 
f 263 158 274 
f 164 264 273 
f 265 172 272 273 
f 172 175 271 272 
f 175 178 270 271 
f 178 181 269 270 
f 181 184 268 269 
f 184 87 267 268 
f 78 51 295 297 
f 51 52 301 295 
f 52 53 304 301 
f 53 54 307 304 
f 54 55 310 307 
f 55 240 313 310 
f 56 316 313 240 
f 56 57 319 316 
f 57 58 322 319 
f 58 241 325 322 
f 59 328 325 241 
f 59 60 331 328 
f 60 61 334 331 
f 61 62 337 334 
f 62 63 340 337 
f 63 64 343 340 
f 64 65 346 343 
f 65 66 349 346 
f 66 67 352 349 
f 67 68 355 352 
f 68 69 358 355 
f 69 242 361 358 
f 70 364 361 242 
f 70 71 367 364 
f 71 72 370 367 
f 72 243 373 370 
f 73 376 373 243 
f 73 74 379 376 
f 74 75 382 379 
f 75 76 385 382 
f 76 77 388 385 
f 77 78 297 388 
s 2
f 298 294 486 487 
f 294 300 490 486 
f 300 303 492 490 
f 303 306 494 492 
f 306 309 496 494 
f 309 312 498 496 
f 315 500 498 312 
f 315 318 502 500 
f 318 321 504 502 
f 321 324 506 504 
f 327 508 506 324 
f 327 330 510 508 
f 330 333 512 510 
f 333 336 514 512 
f 336 339 516 514 
f 339 342 518 516 
f 342 345 520 518 
f 345 348 522 520 
f 348 351 524 522 
f 351 354 526 524 
f 354 357 528 526 
f 357 360 530 528 
f 363 532 530 360 
f 363 366 534 532 
f 366 369 536 534 
f 369 372 538 536 
f 375 540 538 372 
f 375 378 542 540 
f 378 381 544 542 
f 381 384 546 544 
f 384 387 548 546 
f 387 298 487 548 
f 8 7 499 501 
f 7 244 497 499 
f 6 495 497 244 
f 6 5 493 495 
f 5 4 491 493 
f 4 3 489 491 
f 3 2 485 489 
f 2 1 488 485 
f 1 28 547 488 
f 28 27 545 547 
f 27 26 543 545 
f 26 25 541 543 
f 25 24 539 541 
f 24 81 537 539 
f 23 535 537 81 
f 23 22 533 535 
f 22 21 531 533 
f 21 80 529 531 
f 20 527 529 80 
f 20 19 525 527 
f 19 18 523 525 
f 18 17 521 523 
f 17 16 519 521 
f 16 15 517 519 
f 15 14 515 517 
f 14 13 513 515 
f 13 12 511 513 
f 12 11 509 511 
f 11 10 507 509 
f 10 79 505 507 
f 9 503 505 79 
f 9 8 501 503 
f 245 104 100 101 
s 1
f 246 186 188 
f 193 190 194 
s 2
f 247 117 114 118 
f 248 156 152 153 
s 1
f 249 195 197 
f 202 199 203 
s 2
f 250 169 166 170 
s 4
f 251 103 100 104 
f 252 246 225 227 
f 253 194 190 191 
f 254 118 114 115 
f 255 155 152 156 
f 256 196 195 249 
f 257 203 199 200 
f 258 170 166 167 
s 1
f 98 97 101 292 
f 259 102 100 103 
f 260 115 114 116 
f 261 116 114 117 
f 262 153 152 154 
f 263 154 152 155 
f 264 167 166 168 
f 265 168 166 169 
s 2
f 189 206 204 188 
f 206 209 207 204 
f 209 212 210 207 
f 212 192 193 210 
f 198 215 213 197 
f 215 218 216 213 
f 218 221 219 216 
f 221 201 202 219 
f 86 84 82 85 
f 84 90 88 82 
f 90 93 91 88 
f 93 96 94 91 
f 96 99 97 94 
f 245 189 187 104 
f 99 245 101 97 
s 1
f 246 226 225 
f 205 246 188 204 
f 226 224 222 225 
f 208 205 204 207 
f 224 230 228 222 
f 211 208 207 210 
f 230 194 228 
f 194 211 210 193 
s 2
f 247 121 119 117 
f 192 247 118 191 
f 121 124 122 119 
f 124 127 125 122 
f 127 130 128 125 
f 130 133 131 128 
f 133 136 134 131 
f 136 139 137 134 
f 139 142 140 137 
f 142 145 143 140 
f 145 148 146 143 
f 148 151 149 146 
f 248 198 196 156 
f 151 248 153 149 
s 1
f 249 235 234 
f 214 249 197 213 
f 235 233 231 234 
f 217 214 213 216 
f 233 239 237 231 
f 220 217 216 219 
f 239 203 237 
f 203 220 219 202 
s 2
f 250 173 171 169 
f 201 250 170 200 
f 173 176 174 171 
f 176 179 177 174 
f 179 182 180 177 
f 182 185 183 180 
f 185 86 85 183 
s 4
f 107 110 108 105 
f 223 227 225 222 
f 110 113 111 108 
f 229 223 222 228 
f 251 107 105 103 
f 252 251 104 187 
f 254 253 191 118 
f 113 254 115 111 
f 253 229 228 194 
f 159 162 160 157 
f 232 236 234 231 
f 162 165 163 160 
f 238 232 231 237 
f 255 159 157 155 
f 256 255 156 196 
f 236 256 249 234 
f 258 257 200 170 
f 165 258 167 163 
f 257 238 237 203 
s 1
f 83 87 85 82 
f 89 83 82 88 
f 92 89 88 91 
f 95 92 91 94 
f 98 95 94 97 
f 106 259 103 105 
f 109 106 105 108 
f 112 109 108 111 
f 260 112 111 115 
f 120 261 117 119 
f 123 120 119 122 
f 126 123 122 125 
f 129 126 125 128 
f 132 129 128 131 
f 135 132 131 134 
f 138 135 134 137 
f 141 138 137 140 
f 144 141 140 143 
f 147 144 143 146 
f 150 147 146 149 
f 262 150 149 153 
f 262 154 274 
f 158 263 155 157 
f 274 154 263 
f 161 158 157 160 
f 164 161 160 163 
f 264 164 163 167 
f 264 168 273 
f 172 265 169 171 
f 273 168 265 
f 175 172 171 174 
f 178 175 174 177 
f 181 178 177 180 
f 184 181 180 183 
f 87 184 183 85 
s 2
f 189 188 186 187 
f 198 197 195 196 
f 192 191 190 193 
f 201 200 199 202 
s 1
f 51 78 267 266 
f 78 77 268 267 
f 77 76 269 268 
f 76 75 270 269 
f 75 74 271 270 
f 74 73 272 271 
f 73 243 273 272 
f 243 72 164 273 
f 72 71 161 164 
f 71 70 158 161 
f 70 242 274 158 
f 242 69 275 274 
f 69 68 276 275 
f 68 67 277 276 
f 67 66 278 277 
f 66 65 279 278 
f 65 64 280 279 
f 64 63 281 280 
f 63 62 282 281 
f 62 61 283 282 
f 61 60 284 283 
f 60 59 285 284 
f 59 241 286 285 
f 241 58 112 286 
f 58 57 109 112 
f 57 56 106 109 
f 56 240 287 106 
f 240 55 288 287 
f 55 54 289 288 
f 54 53 290 289 
f 53 52 291 290 
f 52 51 266 291 
f 101 100 102 292 
f 292 102 287 
f 287 102 259 
f 297 295 293 296 
f 295 301 299 293 
f 301 304 302 299 
f 304 307 305 302 
f 307 310 308 305 
f 310 313 311 308 
f 313 316 314 311 
f 316 319 317 314 
f 319 322 320 317 
f 322 325 323 320 
f 325 328 326 323 
f 328 331 329 326 
f 331 334 332 329 
f 334 337 335 332 
f 337 340 338 335 
f 340 343 341 338 
f 343 346 344 341 
f 346 349 347 344 
f 349 352 350 347 
f 352 355 353 350 
f 355 358 356 353 
f 358 361 359 356 
f 361 364 362 359 
f 364 367 365 362 
f 367 370 368 365 
f 370 373 371 368 
f 373 376 374 371 
f 376 379 377 374 
f 379 382 380 377 
f 382 385 383 380 
f 385 388 386 383 
f 388 297 296 386 
s 2
f 294 298 296 293 
f 300 294 293 299 
f 303 300 299 302 
f 306 303 302 305 
f 309 306 305 308 
f 312 309 308 311 
f 315 312 311 314 
f 318 315 314 317 
f 321 318 317 320 
f 324 321 320 323 
f 327 324 323 326 
f 330 327 326 329 
f 333 330 329 332 
f 336 333 332 335 
f 339 336 335 338 
f 342 339 338 341 
f 345 342 341 344 
f 348 345 344 347 
f 351 348 347 350 
f 354 351 350 353 
f 357 354 353 356 
f 360 357 356 359 
f 363 360 359 362 
f 366 363 362 365 
f 369 366 365 368 
f 372 369 368 371 
f 375 372 371 374 
f 378 375 374 377 
f 381 378 377 380 
f 384 381 380 383 
f 387 384 383 386 
f 298 387 386 296 
s 1
f 393 391 389 392 
f 391 397 395 389 
f 397 400 398 395 
f 400 403 401 398 
f 403 406 404 401 
f 406 409 407 404 
f 409 412 410 407 
f 412 415 413 410 
f 415 418 416 413 
f 418 421 419 416 
f 421 424 422 419 
f 424 427 425 422 
f 427 430 428 425 
f 430 433 431 428 
f 433 436 434 431 
f 436 439 437 434 
f 439 442 440 437 
f 442 445 443 440 
f 445 448 446 443 
f 448 451 449 446 
f 451 454 452 449 
f 454 457 455 452 
f 457 460 458 455 
f 460 463 461 458 
f 463 466 464 461 
f 466 469 467 464 
f 469 472 470 467 
f 472 475 473 470 
f 475 478 476 473 
f 478 481 479 476 
f 481 484 482 479 
f 484 393 392 482 
s 2
f 390 394 392 389 
f 396 390 389 395 
f 399 396 395 398 
f 402 399 398 401 
f 405 402 401 404 
f 408 405 404 407 
f 411 408 407 410 
f 414 411 410 413 
f 417 414 413 416 
f 420 417 416 419 
f 423 420 419 422 
f 426 423 422 425 
f 429 426 425 428 
f 432 429 428 431 
f 435 432 431 434 
f 438 435 434 437 
f 441 438 437 440 
f 444 441 440 443 
f 447 444 443 446 
f 450 447 446 449 
f 453 450 449 452 
f 456 453 452 455 
f 459 456 455 458 
f 462 459 458 461 
f 465 462 461 464 
f 468 465 464 467 
f 471 468 467 470 
f 474 471 470 473 
f 477 474 473 476 
f 480 477 476 479 
f 483 480 479 482 
f 394 483 482 392 
s 1
f 507 505 506 508 
f 509 507 508 510 
f 511 509 510 512 
f 513 511 512 514 
f 515 513 514 516 
f 517 515 516 518 
f 519 517 518 520 
f 521 519 520 522 
f 523 521 522 524 
f 525 523 524 526 
f 527 525 526 528 
f 529 527 528 530 
f 531 529 530 532 
f 533 531 532 534 
f 535 533 534 536 
f 537 535 536 538 
f 539 537 538 540 
f 541 539 540 542 
f 543 541 542 544 
f 545 543 544 546 
f 547 545 546 548 
f 488 547 548 487 
f 485 488 487 486 
f 489 485 486 490 
f 491 489 490 492 
f 493 491 492 494 
f 495 493 494 496 
f 497 495 496 498 
f 499 497 498 500 
f 501 499 500 502 
f 503 501 502 504 
f 505 503 504 506 
f 549 551 550 600 
f 552 553 550 551 
f 554 555 553 552 
f 557 556 555 554 
f 557 558 559 556 
f 560 561 559 558 
f 560 562 615 561 
f 563 564 615 562 
f 563 566 565 564 
f 568 567 565 566 
f 569 570 567 568 
f 571 572 570 569 
f 573 620 572 571 
f 574 621 620 573 
f 575 623 621 574 
f 575 576 625 623 
f 576 577 626 625 
f 578 627 626 577 
f 578 579 580 627 
f 581 601 580 579 
f 581 582 602 601 
f 582 583 603 602 
f 583 585 584 603 
f 585 586 604 584 
f 588 587 604 586 
f 588 590 589 587 
f 591 607 589 590 
f 592 593 607 591 
f 592 594 595 593 
f 597 596 595 594 
f 597 599 598 596 
f 599 549 600 598 
s 2
f 637 636 1156 1125 
f 580 601 1126 1125 
f 601 602 1127 1126 
f 602 603 1128 1127 
f 603 584 1129 1128 
f 584 604 1130 1129 
f 604 587 1131 1130 
f 587 589 1132 1131 
f 589 607 1133 1132 
f 607 593 1134 1133 
f 593 595 1135 1134 
f 595 596 1136 1135 
f 596 598 1137 1136 
f 598 600 1138 1137 
f 600 550 1139 1138 
f 550 553 1140 1139 
f 553 555 1141 1140 
f 555 556 1142 1141 
f 556 559 1143 1142 
f 559 561 1144 1143 
f 561 615 1145 1144 
f 615 564 1146 1145 
f 564 565 1147 1146 
f 565 567 1148 1147 
f 567 570 1149 1148 
f 570 572 1150 1149 
f 572 620 1151 1150 
f 620 621 1152 1151 
f 621 623 1153 1152 
f 623 625 1154 1153 
f 625 626 1155 1154 
f 626 627 1156 1155 
s 1
f 1174 1218 1219 1173 
f 1176 1216 1217 1175 
f 1180 1181 1211 1212 
f 1183 1184 1208 1209 
f 1188 1204 1205 1187 
f 1159 1160 1200 1201 
f 1162 1198 1199 1161 
f 1165 1195 1196 1164 
f 1166 1167 1193 1194 
f 1168 1192 1193 1167 
f 759 664 665 758 
f 645 663 664 759 
f 1190 1191 1169 1170 
f 1168 1169 1191 1192 
f 1194 1195 1165 1166 
f 1163 1164 1196 1197 
f 1162 1163 1197 1198 
f 1160 1161 1199 1200 
f 1158 1159 1201 1202 
f 1157 1158 1202 1203 
f 1188 1157 1203 1204 
f 1186 1187 1205 1206 
f 1185 1186 1206 1207 
f 1184 1185 1207 1208 
f 1182 1183 1209 1210 
f 1181 1182 1210 1211 
f 1179 1180 1212 1213 
f 1178 1179 1213 1214 
f 1177 1178 1214 1215 
f 1176 1177 1215 1216 
f 1174 1175 1217 1218 
f 1172 1173 1219 1220 
f 1171 1172 1220 1189 
f 1189 1190 1170 1171 
f 758 665 666 757 
f 666 665 668 667 
f 665 664 669 668 
f 664 663 662 669 
f 667 668 671 670 
f 668 669 672 671 
f 669 662 661 672 
f 670 671 674 673 
f 671 672 675 674 
f 672 661 660 675 
f 673 674 677 676 
f 674 675 678 677 
f 675 660 659 678 
f 676 677 680 679 
f 677 678 681 680 
f 678 659 786 681 
f 679 680 683 682 
f 680 681 684 683 
f 681 786 785 684 
f 682 683 686 685 
f 683 684 687 686 
f 684 785 783 687 
f 685 686 689 688 
f 686 687 690 689 
f 687 783 782 690 
f 688 689 692 691 
f 689 690 693 692 
f 690 782 781 693 
f 691 692 695 694 
f 692 693 696 695 
f 693 781 658 696 
f 694 695 698 697 
f 695 696 699 698 
f 696 658 657 699 
f 697 698 701 700 
f 698 699 702 701 
f 699 657 780 702 
f 700 701 704 703 
f 701 702 705 704 
f 702 780 779 705 
f 703 704 707 706 
f 704 705 708 707 
f 705 779 778 708 
f 706 707 710 709 
f 707 708 711 710 
f 708 778 776 711 
f 709 710 713 712 
f 710 711 714 713 
f 711 776 656 714 
f 712 713 716 715 
f 713 714 717 716 
f 714 656 775 717 
f 715 716 719 718 
f 716 717 720 719 
f 717 775 773 720 
f 718 719 722 721 
f 719 720 723 722 
f 720 773 655 723 
f 721 722 725 724 
f 722 723 726 725 
f 723 655 654 726 
f 724 725 728 727 
f 725 726 729 728 
f 726 654 653 729 
f 727 728 731 730 
f 728 729 732 731 
f 729 653 652 732 
f 730 731 734 733 
f 731 732 735 734 
f 732 652 769 735 
f 733 734 737 736 
f 734 735 738 737 
f 735 769 651 738 
f 736 737 740 739 
f 737 738 741 740 
f 738 651 765 741 
f 739 740 743 742 
f 740 741 744 743 
f 741 765 650 744 
f 742 743 746 745 
f 743 744 747 746 
f 744 650 649 747 
f 745 746 749 748 
f 746 747 750 749 
f 747 649 648 750 
f 748 749 752 751 
f 749 750 753 752 
f 750 648 647 753 
f 751 752 755 754 
f 752 753 756 755 
f 753 647 646 756 
f 754 755 758 757 
f 755 756 759 758 
f 756 646 645 759 
f 1062 1093 1094 1061 
f 1062 1063 1124 1093 
f 1063 1064 1123 1124 
f 1064 1065 1122 1123 
f 1066 1121 1122 1065 
f 1067 1120 1121 1066 
f 1068 1119 1120 1067 
f 1069 1118 1119 1068 
f 1069 1070 1117 1118 
f 1071 1116 1117 1070 
f 1071 1072 1115 1116 
f 1072 1073 1114 1115 
f 1074 1113 1114 1073 
f 1075 1112 1113 1074 
f 1075 1076 1111 1112 
f 1077 1110 1111 1076 
f 1078 1109 1110 1077 
f 1078 1079 1108 1109 
f 1080 1107 1108 1079 
f 1081 1106 1107 1080 
f 1081 1082 1105 1106 
f 1082 1083 1104 1105 
f 1084 1103 1104 1083 
f 1084 1085 1102 1103 
f 1085 1086 1101 1102 
f 1087 1100 1101 1086 
f 1088 1099 1100 1087 
f 1089 1098 1099 1088 
f 1089 1090 1097 1098 
f 1090 1091 1096 1097 
f 1091 1092 1095 1096 
f 1092 1061 1094 1095 
s 4
f 860 861 792 793 
f 793 777 859 860 
f 777 794 858 859 
f 794 795 857 858 
f 795 796 856 857 
f 796 797 855 856 
f 797 798 854 855 
f 798 799 853 854 
f 799 784 852 853 
f 784 800 851 852 
f 800 787 801 851 
f 787 803 850 801 
f 803 788 802 850 
f 788 789 804 802 
f 789 790 805 804 
f 790 791 806 805 
f 791 760 807 806 
f 760 809 808 807 
f 809 761 868 808 
f 761 762 867 868 
f 762 763 866 867 
f 763 764 810 866 
f 764 766 811 810 
f 766 767 865 811 
f 767 768 812 865 
f 768 770 813 812 
f 770 771 814 813 
f 771 772 815 814 
f 772 816 864 815 
f 816 774 863 864 
f 774 817 862 863 
f 817 792 861 862 
s 2
f 807 931 870 806 
f 819 818 869 932 
f 932 930 820 819 
f 821 820 930 928 
f 822 821 928 926 
f 823 822 926 924 
f 924 922 824 823 
f 825 824 922 920 
f 920 918 826 825 
f 827 826 918 916 
f 916 914 828 827 
f 829 828 914 912 
f 912 910 830 829 
f 910 908 831 830 
f 908 906 832 831 
f 833 832 906 904 
f 834 833 904 902 
f 902 900 835 834 
f 900 898 836 835 
f 837 836 898 896 
f 896 894 838 837 
f 839 838 894 892 
f 892 890 840 839 
f 841 840 890 888 
f 888 886 842 841 
f 843 842 886 884 
f 844 843 884 882 
f 845 844 882 880 
f 846 845 880 878 
f 847 846 878 876 
f 848 847 876 874 
f 849 848 874 872 
f 872 869 818 849 
f 870 871 805 806 
f 804 805 871 873 
f 802 804 873 875 
f 875 877 850 802 
f 801 850 877 879 
f 879 881 851 801 
f 881 883 852 851 
f 853 852 883 885 
f 854 853 885 887 
f 855 854 887 889 
f 889 891 856 855 
f 857 856 891 893 
f 858 857 893 895 
f 859 858 895 897 
f 860 859 897 899 
f 899 901 861 860 
f 901 903 862 861 
f 903 905 863 862 
f 864 863 905 907 
f 907 909 815 864 
f 814 815 909 911 
f 813 814 911 913 
f 812 813 913 915 
f 865 812 915 917 
f 917 919 811 865 
f 810 811 919 921 
f 866 810 921 923 
f 867 866 923 925 
f 925 927 868 867 
f 808 868 927 929 
f 807 808 929 931 
f 932 869 870 931 
f 870 869 872 871 
f 871 872 874 873 
f 873 874 876 875 
f 875 876 878 877 
f 877 878 880 879 
f 879 880 882 881 
f 881 882 884 883 
f 883 884 886 885 
f 885 886 888 887 
f 887 888 890 889 
f 889 890 892 891 
f 891 892 894 893 
f 893 894 896 895 
f 895 896 898 897 
f 897 898 900 899 
f 899 900 902 901 
f 901 902 904 903 
f 903 904 906 905 
f 905 906 908 907 
f 907 908 910 909 
f 909 910 912 911 
f 911 912 914 913 
f 913 914 916 915 
f 915 916 918 917 
f 917 918 920 919 
f 919 920 922 921 
f 921 922 924 923 
f 923 924 926 925 
f 925 926 928 927 
f 927 928 930 929 
f 929 930 932 931 
s 1
f 551 549 1222 1224 
f 552 551 1224 1226 
f 554 552 1226 1228 
f 557 554 1228 1230 
f 558 557 1230 1232 
f 560 558 1232 1234 
f 562 560 1234 1236 
f 563 562 1236 1238 
f 566 563 1238 1240 
f 568 566 1240 1242 
f 569 568 1242 1244 
f 571 569 1244 1246 
f 573 571 1246 1248 
f 574 573 1248 1250 
f 575 574 1250 1252 
f 576 575 1252 1254 
f 577 576 1254 1256 
f 578 577 1256 1258 
f 579 578 1258 1260 
f 581 579 1260 1262 
f 582 581 1262 1264 
f 583 582 1264 1266 
f 585 583 1266 1268 
f 586 585 1268 1270 
f 588 586 1270 1272 
f 590 588 1272 1274 
f 591 590 1274 1276 
f 592 591 1276 1278 
f 594 592 1278 1280 
f 597 594 1280 1282 
f 599 597 1282 1284 
f 549 599 1284 1222 
s 2
f 997 998 1029 1030 
f 998 999 1060 1029 
f 999 1000 1059 1060 
f 1000 1001 1058 1059 
f 1001 1002 1057 1058 
f 1002 1003 1056 1057 
f 1003 1004 1055 1056 
f 1004 1005 1054 1055 
f 1005 1006 1053 1054 
f 1006 1007 1052 1053 
f 1007 1008 1051 1052 
f 1008 1009 1050 1051 
f 1009 1010 1049 1050 
f 1010 1011 1048 1049 
f 1011 1012 1047 1048 
f 1012 1013 1046 1047 
f 1013 1014 1045 1046 
f 1014 1015 1044 1045 
f 1015 1016 1043 1044 
f 1016 1017 1042 1043 
f 1017 1018 1041 1042 
f 1018 1019 1040 1041 
f 1019 1020 1039 1040 
f 1020 1021 1038 1039 
f 1021 1022 1037 1038 
f 1022 1023 1036 1037 
f 1023 1024 1035 1036 
f 1024 1025 1034 1035 
f 1025 1026 1033 1034 
f 1026 1027 1032 1033 
f 1027 1028 1031 1032 
f 1028 997 1030 1031 
s 1
f 933 934 966 965 
f 934 935 967 966 
f 935 936 968 967 
f 936 937 969 968 
f 937 938 970 969 
f 938 939 971 970 
f 939 940 972 971 
f 940 941 973 972 
f 941 942 974 973 
f 942 943 975 974 
f 943 944 976 975 
f 944 945 977 976 
f 945 946 978 977 
f 946 947 979 978 
f 947 948 980 979 
f 948 949 981 980 
f 949 950 982 981 
f 950 951 983 982 
f 951 952 984 983 
f 952 953 985 984 
f 953 954 986 985 
f 954 955 987 986 
f 955 956 988 987 
f 956 957 989 988 
f 957 958 990 989 
f 958 959 991 990 
f 959 960 992 991 
f 960 961 993 992 
f 961 962 994 993 
f 962 963 995 994 
f 963 964 996 995 
f 964 933 965 996 
s 2
f 818 819 998 997 
f 819 820 999 998 
f 820 821 1000 999 
f 821 822 1001 1000 
f 822 823 1002 1001 
f 823 824 1003 1002 
f 824 825 1004 1003 
f 825 826 1005 1004 
f 826 827 1006 1005 
f 827 828 1007 1006 
f 828 829 1008 1007 
f 829 830 1009 1008 
f 830 831 1010 1009 
f 831 832 1011 1010 
f 832 833 1012 1011 
f 833 834 1013 1012 
f 834 835 1014 1013 
f 835 836 1015 1014 
f 836 837 1016 1015 
f 837 838 1017 1016 
f 838 839 1018 1017 
f 839 840 1019 1018 
f 840 841 1020 1019 
f 841 842 1021 1020 
f 842 843 1022 1021 
f 843 844 1023 1022 
f 844 845 1024 1023 
f 845 846 1025 1024 
f 846 847 1026 1025 
f 847 848 1027 1026 
f 848 849 1028 1027 
f 849 818 997 1028 
f 934 933 1030 1029 
f 933 964 1031 1030 
f 964 963 1032 1031 
f 963 962 1033 1032 
f 962 961 1034 1033 
f 961 960 1035 1034 
f 960 959 1036 1035 
f 959 958 1037 1036 
f 958 957 1038 1037 
f 957 956 1039 1038 
f 956 955 1040 1039 
f 955 954 1041 1040 
f 954 953 1042 1041 
f 953 952 1043 1042 
f 952 951 1044 1043 
f 951 950 1045 1044 
f 950 949 1046 1045 
f 949 948 1047 1046 
f 948 947 1048 1047 
f 947 946 1049 1048 
f 946 945 1050 1049 
f 945 944 1051 1050 
f 944 943 1052 1051 
f 943 942 1053 1052 
f 942 941 1054 1053 
f 941 940 1055 1054 
f 940 939 1056 1055 
f 939 938 1057 1056 
f 938 937 1058 1057 
f 937 936 1059 1058 
f 936 935 1060 1059 
f 935 934 1029 1060 
s 1
f 663 645 1062 1061 
f 645 646 1063 1062 
f 646 647 1064 1063 
f 647 648 1065 1064 
f 648 649 1066 1065 
f 649 650 1067 1066 
f 650 765 1068 1067 
f 765 651 1069 1068 
f 651 769 1070 1069 
f 769 652 1071 1070 
f 652 653 1072 1071 
f 653 654 1073 1072 
f 654 655 1074 1073 
f 655 773 1075 1074 
f 773 775 1076 1075 
f 775 656 1077 1076 
f 656 776 1078 1077 
f 776 778 1079 1078 
f 778 779 1080 1079 
f 779 780 1081 1080 
f 780 657 1082 1081 
f 657 658 1083 1082 
f 658 781 1084 1083 
f 781 782 1085 1084 
f 782 783 1086 1085 
f 783 785 1087 1086 
f 785 786 1088 1087 
f 786 659 1089 1088 
f 659 660 1090 1089 
f 660 661 1091 1090 
f 661 662 1092 1091 
f 662 663 1061 1092 
f 760 791 1094 1093 
f 791 790 1095 1094 
f 790 789 1096 1095 
f 789 788 1097 1096 
f 788 803 1098 1097 
f 803 787 1099 1098 
f 787 800 1100 1099 
f 800 784 1101 1100 
f 784 799 1102 1101 
f 799 798 1103 1102 
f 798 797 1104 1103 
f 797 796 1105 1104 
f 796 795 1106 1105 
f 795 794 1107 1106 
f 794 777 1108 1107 
f 777 793 1109 1108 
f 793 792 1110 1109 
f 792 817 1111 1110 
f 817 774 1112 1111 
f 774 816 1113 1112 
f 816 772 1114 1113 
f 772 771 1115 1114 
f 771 770 1116 1115 
f 770 768 1117 1116 
f 768 767 1118 1117 
f 767 766 1119 1118 
f 766 764 1120 1119 
f 764 763 1121 1120 
f 763 762 1122 1121 
f 762 761 1123 1122 
f 761 809 1124 1123 
f 809 760 1093 1124 
s 2
f 1156 627 580 1125 
f 1126 638 637 1125 
f 1127 639 638 1126 
f 1128 640 639 1127 
f 1129 641 640 1128 
f 1130 642 641 1129 
f 1131 605 642 1130 
f 1132 643 605 1131 
f 1133 606 643 1132 
f 1134 644 606 1133 
f 1135 608 644 1134 
f 1136 609 608 1135 
f 1137 610 609 1136 
f 1138 628 610 1137 
f 1139 629 628 1138 
f 1140 630 629 1139 
f 1141 611 630 1140 
f 1142 612 611 1141 
f 1143 613 612 1142 
f 1144 631 613 1143 
f 1145 614 631 1144 
f 1146 616 614 1145 
f 1147 617 616 1146 
f 1148 618 617 1147 
f 1149 619 618 1148 
f 1150 632 619 1149 
f 1151 633 632 1150 
f 1152 634 633 1151 
f 1153 622 634 1152 
f 1154 624 622 1153 
f 1155 635 624 1154 
f 1156 636 635 1155 
s 1
f 637 638 1158 1157 
f 638 639 1159 1158 
f 639 640 1160 1159 
f 640 641 1161 1160 
f 641 642 1162 1161 
f 642 605 1163 1162 
f 605 643 1164 1163 
f 643 606 1165 1164 
f 606 644 1166 1165 
f 644 608 1167 1166 
f 608 609 1168 1167 
f 609 610 1169 1168 
f 610 628 1170 1169 
f 628 629 1171 1170 
f 629 630 1172 1171 
f 630 611 1173 1172 
f 611 612 1174 1173 
f 612 613 1175 1174 
f 613 631 1176 1175 
f 631 614 1177 1176 
f 614 616 1178 1177 
f 616 617 1179 1178 
f 617 618 1180 1179 
f 618 619 1181 1180 
f 619 632 1182 1181 
f 632 633 1183 1182 
f 633 634 1184 1183 
f 634 622 1185 1184 
f 622 624 1186 1185 
f 624 635 1187 1186 
f 635 636 1188 1187 
f 636 637 1157 1188 
f 757 666 1190 1189 
f 666 667 1191 1190 
f 667 670 1192 1191 
f 670 673 1193 1192 
f 673 676 1194 1193 
f 676 679 1195 1194 
f 679 682 1196 1195 
f 682 685 1197 1196 
f 685 688 1198 1197 
f 688 691 1199 1198 
f 691 694 1200 1199 
f 694 697 1201 1200 
f 697 700 1202 1201 
f 700 703 1203 1202 
f 703 706 1204 1203 
f 706 709 1205 1204 
f 709 712 1206 1205 
f 712 715 1207 1206 
f 715 718 1208 1207 
f 718 721 1209 1208 
f 721 724 1210 1209 
f 724 727 1211 1210 
f 727 730 1212 1211 
f 730 733 1213 1212 
f 733 736 1214 1213 
f 736 739 1215 1214 
f 739 742 1216 1215 
f 742 745 1217 1216 
f 745 748 1218 1217 
f 748 751 1219 1218 
f 751 754 1220 1219 
f 754 757 1189 1220 
f 1224 1222 1221 1223 
f 1226 1224 1223 1225 
f 1228 1226 1225 1227 
f 1230 1228 1227 1229 
f 1232 1230 1229 1231 
f 1234 1232 1231 1233 
f 1236 1234 1233 1235 
f 1238 1236 1235 1237 
f 1240 1238 1237 1239 
f 1242 1240 1239 1241 
f 1244 1242 1241 1243 
f 1246 1244 1243 1245 
f 1248 1246 1245 1247 
f 1250 1248 1247 1249 
f 1252 1250 1249 1251 
f 1254 1252 1251 1253 
f 1256 1254 1253 1255 
f 1258 1256 1255 1257 
f 1260 1258 1257 1259 
f 1262 1260 1259 1261 
f 1264 1262 1261 1263 
f 1266 1264 1263 1265 
f 1268 1266 1265 1267 
f 1270 1268 1267 1269 
f 1272 1270 1269 1271 
f 1274 1272 1271 1273 
f 1276 1274 1273 1275 
f 1278 1276 1275 1277 
f 1280 1278 1277 1279 
f 1282 1280 1279 1281 
f 1284 1282 1281 1283 
f 1222 1284 1283 1221 
s 2
f 1286 1285 1221 1283 
f 1287 1286 1283 1281 
f 1288 1287 1281 1279 
f 1289 1288 1279 1277 
f 1290 1289 1277 1275 
f 1291 1290 1275 1273 
f 1292 1291 1273 1271 
f 1293 1292 1271 1269 
f 1294 1293 1269 1267 
f 1295 1294 1267 1265 
f 1296 1295 1265 1263 
f 1297 1296 1263 1261 
f 1298 1297 1261 1259 
f 1299 1298 1259 1257 
f 1300 1299 1257 1255 
f 1301 1300 1255 1253 
f 1302 1301 1253 1251 
f 1303 1302 1251 1249 
f 1304 1303 1249 1247 
f 1305 1304 1247 1245 
f 1306 1305 1245 1243 
f 1307 1306 1243 1241 
f 1308 1307 1241 1239 
f 1309 1308 1239 1237 
f 1310 1309 1237 1235 
f 1311 1310 1235 1233 
f 1312 1311 1233 1231 
f 1313 1312 1231 1229 
f 1314 1313 1229 1227 
f 1315 1314 1227 1225 
f 1316 1315 1225 1223 
f 1285 1316 1223 1221 
f 1285 1286 1317 
f 1286 1287 1317 
f 1287 1288 1317 
f 1288 1289 1317 
f 1289 1290 1317 
f 1290 1291 1317 
f 1291 1292 1317 
f 1292 1293 1317 
f 1293 1294 1317 
f 1294 1295 1317 
f 1295 1296 1317 
f 1296 1297 1317 
f 1297 1298 1317 
f 1298 1299 1317 
f 1299 1300 1317 
f 1300 1301 1317 
f 1301 1302 1317 
f 1302 1303 1317 
f 1303 1304 1317 
f 1304 1305 1317 
f 1305 1306 1317 
f 1306 1307 1317 
f 1307 1308 1317 
f 1308 1309 1317 
f 1309 1310 1317 
f 1310 1311 1317 
f 1311 1312 1317 
f 1312 1313 1317 
f 1313 1314 1317 
f 1314 1315 1317 
f 1315 1316 1317 
f 1316 1285 1317 
s 1
f 260 116 286 
f 261 120 285 286 
s 4
f 252 187 186 246 
s 1
f 1326 1386 1325 
s 2
f 1461 1458 1435 1460 
s 4
f 1481 1438 1439 1480 
s 2
f 1477 1442 1443 1476 
s 4
f 1473 1446 1447 1472 
s 2
f 1469 1450 1451 1468 
s 4
f 1465 1454 1455 1464 
s 1
f 2785 2787 1319 1318 
f 2787 2789 1320 1319 
f 2789 2791 1321 1320 
f 2791 2793 1322 1321 
f 2793 2795 1323 1322 
f 2795 2797 1324 1323 
f 2797 2799 1325 1324 
f 2799 2801 1326 1325 
f 2801 2803 1327 1326 
f 2803 2805 1328 1327 
f 2805 2807 1329 1328 
f 2807 2809 1330 1329 
f 2809 2811 1331 1330 
f 2811 2813 1332 1331 
f 2813 2815 1333 1332 
f 2815 2817 1334 1333 
f 2817 2819 1335 1334 
f 2819 2821 1336 1335 
f 2821 2823 1337 1336 
f 2823 2825 1338 1337 
f 2825 2827 1339 1338 
f 2827 2829 1340 1339 
f 2829 2831 1341 1340 
f 2831 2833 1342 1341 
f 2833 2835 1343 1342 
f 2835 2837 1344 1343 
f 2837 2839 1345 1344 
f 2839 2841 1346 1345 
f 2841 2843 1347 1346 
f 2843 2845 1348 1347 
f 2845 2847 1349 1348 
f 2847 2785 1318 1349 
f 1385 1433 1431 1386 
f 1358 1413 1411 1387 
f 1355 1417 1415 1388 
f 1367 1421 1419 1389 
f 1373 1425 1423 1390 
f 1379 1429 1427 1391 
s 2
f 1458 1461 1462 1457 
f 1459 1436 1437 1482 
s 4
f 1438 1481 1482 1437 
f 1479 1440 1441 1478 
s 2
f 1442 1477 1478 1441 
f 1475 1444 1445 1474 
s 4
f 1446 1473 1474 1445 
f 1471 1448 1449 1470 
s 2
f 1450 1469 1470 1449 
f 1467 1452 1453 1466 
s 4
f 1454 1465 1466 1453 
f 1463 1456 1457 1462 
s 1
f 1387 1357 1356 
f 1385 1386 1383 
f 1388 1354 1353 
f 1358 1387 1356 
f 1389 1366 1365 
f 1355 1388 1353 
f 1390 1372 1371 
f 1367 1389 1365 
f 1391 1378 1377 
f 1373 1390 1371 
f 1386 1384 1383 
f 1379 1391 1377 
f 1361 1432 1434 1392 
f 1381 1380 1394 1393 
f 1380 1382 1395 1394 
f 1382 1428 1430 1395 
f 1375 1374 1397 1396 
f 1374 1376 1398 1397 
f 1376 1424 1426 1398 
f 1369 1368 1400 1399 
f 1368 1370 1401 1400 
f 1370 1420 1422 1401 
f 1363 1362 1403 1402 
f 1362 1364 1404 1403 
f 1364 1416 1418 1404 
f 1351 1350 1406 1405 
f 1350 1352 1407 1406 
f 1352 1412 1414 1407 
f 1360 1359 1409 1408 
f 1359 1361 1392 1409 
f 1392 1434 1410 
f 1393 1394 1410 
f 1394 1395 1410 
f 1395 1430 1410 
f 1396 1397 1410 
f 1397 1398 1410 
f 1398 1426 1410 
f 1399 1400 1410 
f 1400 1401 1410 
f 1401 1422 1410 
f 1402 1403 1410 
f 1403 1404 1410 
f 1404 1418 1410 
f 1405 1406 1410 
f 1406 1407 1410 
f 1407 1414 1410 
f 1408 1409 1410 
f 1409 1392 1410 
s 4
f 1439 1440 1479 1480 
s 1
f 1413 1354 1388 1411 
f 1412 1360 1408 1414 
s 2
f 1443 1444 1475 1476 
s 1
f 1417 1366 1389 1415 
f 1416 1351 1405 1418 
s 4
f 1447 1448 1471 1472 
s 1
f 1421 1372 1390 1419 
f 1420 1363 1402 1422 
s 2
f 1451 1452 1467 1468 
s 1
f 1425 1378 1391 1423 
f 1424 1369 1399 1426 
s 4
f 1455 1456 1463 1464 
s 1
f 1429 1384 1386 1427 
f 1428 1375 1396 1430 
s 2
f 1435 1436 1459 1460 
s 1
f 1433 1357 1387 1431 
f 1432 1381 1393 1434 
f 1348 1349 1411 
f 1349 1318 1411 
f 1318 1319 1387 1411 
f 1321 1322 1431 
f 1322 1323 1431 
f 1323 1324 1386 1431 
f 1327 1328 1427 
f 1328 1329 1427 
f 1329 1330 1391 1427 
f 1332 1333 1423 
f 1333 1334 1423 
f 1334 1335 1390 1423 
f 1338 1339 1419 
f 1339 1340 1389 1419 
f 1337 1338 1419 
f 1345 1346 1388 1415 
f 1344 1345 1415 
f 1343 1344 1415 
f 1340 1341 1389 
f 1341 1342 1389 
f 1342 1343 1415 1389 
f 1346 1347 1388 
f 1347 1348 1411 1388 
f 1319 1320 1387 
f 1320 1321 1431 1387 
f 1324 1325 1386 
f 1326 1327 1427 1386 
f 1330 1331 1391 
f 1331 1332 1423 1391 
s 2
f 1432 1361 1436 1435 
f 1361 1359 1437 1436 
s 4
f 1359 1360 1438 1437 
f 1360 1412 1439 1438 
f 1412 1352 1440 1439 
f 1352 1350 1441 1440 
s 2
f 1350 1351 1442 1441 
f 1351 1416 1443 1442 
f 1416 1364 1444 1443 
f 1364 1362 1445 1444 
s 4
f 1362 1363 1446 1445 
f 1363 1420 1447 1446 
f 1420 1370 1448 1447 
f 1370 1368 1449 1448 
s 2
f 1368 1369 1450 1449 
f 1369 1424 1451 1450 
f 1424 1376 1452 1451 
f 1376 1374 1453 1452 
s 4
f 1374 1375 1454 1453 
f 1375 1428 1455 1454 
f 1428 1382 1456 1455 
f 1382 1380 1457 1456 
s 2
f 1380 1381 1458 1457 
f 1381 1432 1435 1458 
f 1357 1433 1460 1459 
f 1433 1385 1461 1460 
f 1385 1383 1462 1461 
s 4
f 1383 1384 1463 1462 
f 1384 1429 1464 1463 
f 1429 1379 1465 1464 
f 1379 1377 1466 1465 
s 2
f 1377 1378 1467 1466 
f 1378 1425 1468 1467 
f 1425 1373 1469 1468 
f 1373 1371 1470 1469 
s 4
f 1371 1372 1471 1470 
f 1372 1421 1472 1471 
f 1421 1367 1473 1472 
f 1367 1365 1474 1473 
s 2
f 1365 1366 1475 1474 
f 1366 1417 1476 1475 
f 1417 1355 1477 1476 
f 1355 1353 1478 1477 
s 4
f 1353 1354 1479 1478 
f 1354 1413 1480 1479 
f 1413 1358 1481 1480 
f 1358 1356 1482 1481 
s 2
f 1356 1357 1459 1482 
s 1
f 2749 1665 1846 2748 
f 1661 2727 2728 1660 
f 1492 1638 1619 1493 
f 1497 1599 1857 1858 
f 1498 1600 1599 1497 
f 1499 1601 1600 1498 
f 1500 1602 1601 1499 
f 1500 1501 1603 1602 
f 1501 1502 1604 1603 
f 1502 1503 1605 1604 
f 1503 1521 1607 1605 
f 1504 1522 1617 1609 
f 1506 1525 1523 1505 
f 1495 2726 2727 1661 
f 1495 1494 2725 2726 
f 1494 1662 2752 2725 
f 1662 1663 2751 2752 
f 1507 1637 1638 1492 
f 1508 1636 1637 1507 
f 1858 1893 1610 1497 
f 1497 1610 1611 1498 
f 1498 1611 1612 1499 
f 1499 1612 1613 1500 
f 1500 1613 1614 1501 
f 1501 1614 1615 1502 
f 1493 1619 1621 1509 
f 1509 1621 1622 1510 
f 1502 1615 1609 1503 
f 1510 1622 1620 1504 
f 1496 1495 1506 1505 
f 1516 1626 2707 2706 
f 1528 2695 2694 1519 
f 1518 1607 1645 1646 
f 1521 1617 1643 1644 
f 1522 1623 1641 1642 
f 1523 1525 1639 1640 
f 2728 2729 1659 1660 
f 2730 1657 1658 2729 
f 2730 2731 1656 1657 
f 2732 1655 1656 2731 
f 2733 1654 1655 2732 
f 2733 2734 1653 1654 
f 1935 4484 4485 
f 1593 4482 4483 1935 
f 1519 2694 2693 1936 
f 1543 1531 2579 2578 
f 1542 2580 2579 1531 
f 1541 2581 2580 1542 
f 1535 2582 2581 1541 
f 1540 2583 2582 1535 
f 1540 1539 2584 2583 
f 1539 1538 2585 2584 
f 1538 1953 2586 2585 
f 1538 1581 1956 1953 
f 1539 1582 1581 1538 
f 1540 1583 1582 1539 
f 1535 1584 1583 1540 
f 1541 1585 1584 1535 
f 1542 1586 1585 1541 
f 1531 1589 1586 1542 
f 1543 1587 1589 1531 
f 1517 1588 2710 2709 
f 1504 1620 1623 1522 
f 1590 1682 2568 2567 
f 1561 1598 1560 
f 1562 4504 4505 1561 
f 1974 4501 4502 
f 1594 1668 1685 1596 
f 1974 4502 4503 1562 
f 1563 1573 1981 1982 
f 1564 1574 1573 1563 
f 1565 1575 1574 1564 
f 1566 1576 1575 1565 
f 1567 1577 1576 1566 
f 1568 1578 1577 1567 
f 1570 1572 1578 1568 
f 1569 1579 1572 1570 
f 1571 1580 2712 2711 
f 1569 1587 1649 1650 
f 1579 1569 1650 1651 
f 1573 1549 2004 1981 
f 1574 1548 1549 1573 
f 1575 1552 1548 1574 
f 1576 1547 1552 1575 
f 1577 1546 1547 1576 
f 1578 1545 1546 1577 
f 1572 1544 1545 1578 
f 1579 1551 1544 1572 
f 1580 1550 2713 2712 
f 1581 1563 1982 1956 
f 1582 1564 1563 1581 
f 1583 1565 1564 1582 
f 1584 1566 1565 1583 
f 1585 1567 1566 1584 
f 1586 1568 1567 1585 
f 1589 1570 1568 1586 
f 1587 1569 1570 1589 
f 1588 1571 2711 2710 
f 1587 1543 1648 1649 
f 1591 4480 4481 1593 
f 1554 2704 2705 1608 
f 1555 2702 2703 1618 
f 1556 2700 2701 1625 
f 1557 2699 2700 1556 
f 1558 2698 2699 1557 
f 1559 2697 2698 1558 
f 1560 2696 2697 1559 
f 1591 2695 2696 1560 
f 1598 1591 1560 
f 1598 4475 4476 
f 1598 4476 4477 
f 1598 4477 4478 
f 1591 1598 4478 4479 
f 4505 4506 1561 
f 1599 1537 2035 1857 
f 1600 1487 1537 1599 
f 1601 1536 1487 1600 
f 1602 1534 1536 1601 
f 1603 1533 1534 1602 
f 1604 1532 1533 1603 
f 1605 1488 1532 1604 
f 1607 1518 1488 1605 
f 1607 1521 1644 1645 
f 1606 1516 2706 2705 
f 1617 1521 1503 1609 
f 1893 2042 1508 1610 
f 1610 1508 1507 1611 
f 1611 1507 1492 1612 
f 1612 1492 1493 1613 
f 1613 1493 1509 1614 
f 1614 1509 1510 1615 
f 1615 1510 1504 1609 
f 1617 1522 1642 1643 
f 1616 1515 2704 2703 
f 1622 1496 1505 1620 
f 1623 1523 1640 1641 
f 1620 1505 1523 1623 
f 1624 1520 2702 2701 
f 1626 2566 2708 2707 
f 1628 1488 1518 1627 
f 1629 1532 1488 1628 
f 1630 1533 1532 1629 
f 1631 1534 1533 1630 
f 1632 1536 1534 1631 
f 1633 1487 1536 1632 
f 1634 1537 1487 1633 
f 1954 2035 1537 1634 
f 1627 1518 1646 1647 
f 1636 1508 2042 2044 
f 1664 2750 2751 1663 
f 1665 2749 2750 1664 
f 1645 1697 1704 1646 
f 1643 1695 1696 1644 
f 1641 1693 1694 1642 
f 1639 1691 1692 1640 
f 1648 1543 2578 2577 
f 1652 1551 1579 1651 
f 1649 1699 1700 1650 
f 1650 1700 1701 1651 
f 1648 1705 1699 1649 
f 1644 1696 1697 1645 
f 1642 1694 1695 1643 
f 1640 1692 1693 1641 
f 1646 1704 1698 1647 
f 2729 1658 1659 
f 1657 1689 1690 1658 
f 1656 1688 1689 1657 
f 1655 1687 1688 1656 
f 1654 1702 1687 1655 
f 1653 1686 1702 1654 
f 1658 1691 1639 1659 
f 1659 1639 1525 1660 
f 1660 1525 1506 1661 
f 1661 1506 1495 
f 1495 1496 1666 1494 
f 1494 1666 1662 
f 1662 1619 1638 1663 
f 1663 1638 1637 1664 
f 1664 1637 1636 1665 
f 1665 1636 2044 1846 
f 1496 1622 1621 1666 
f 1666 1621 1619 1662 
f 1729 1730 2572 2571 
f 1715 1716 1840 1841 
f 1679 1608 1592 1680 
f 1677 1618 1554 1678 
f 1675 1625 1555 1676 
f 1673 1557 1556 1674 
f 1683 1597 1595 1684 
f 1684 1595 1596 1685 
f 1682 1590 1597 1683 
f 1678 1554 1608 1679 
f 1676 1555 1618 1677 
f 1674 1556 1625 1675 
f 1680 1592 1635 1681 
f 1671 1559 1558 1672 
f 1670 1560 1559 1671 
f 1669 1561 1560 1670 
f 1667 1562 1561 1669 
f 2090 1974 1562 1667 
f 1672 1558 1557 1673 
f 1811 1812 1723 1724 
f 1797 1798 1805 1804 
f 1783 1784 1791 1790 
f 1769 1770 1777 1776 
f 1825 1826 1833 1832 
f 1832 1833 1840 1839 
f 1731 1730 1826 1825 
f 1804 1805 1812 1811 
f 1790 1791 1798 1797 
f 1776 1777 1784 1783 
f 1724 1723 1819 1818 
f 1755 1756 1763 1762 
f 1748 1749 1756 1755 
f 1741 1742 1749 1748 
f 1710 1709 1742 1741 
f 1736 1737 1709 1710 
f 1762 1763 1770 1769 
f 1705 1648 2577 2576 
f 1703 1652 1651 1701 
f 1733 1705 2576 2575 
f 1732 1733 2575 2574 
f 1731 1732 2574 2573 
f 1730 1731 2573 2572 
f 1822 1681 2568 2569 
f 1821 1822 2569 2570 
f 1820 1821 2570 2571 
f 1719 1703 1701 1837 
f 1718 1719 1837 1838 
f 1717 1718 1838 1839 
f 1716 1717 1839 1840 
f 1843 1685 1668 1713 
f 1842 1843 1713 1714 
f 1841 1842 1714 1715 
f 1815 1679 1680 1720 
f 1814 1815 1720 1721 
f 1813 1814 1721 1722 
f 1812 1813 1722 1723 
f 1726 1704 1697 1809 
f 1725 1726 1809 1810 
f 1724 1725 1810 1811 
f 1801 1677 1678 1808 
f 1800 1801 1808 1807 
f 1799 1800 1807 1806 
f 1798 1799 1806 1805 
f 1802 1696 1695 1795 
f 1803 1802 1795 1796 
f 1804 1803 1796 1797 
f 1787 1675 1676 1794 
f 1786 1787 1794 1793 
f 1785 1786 1793 1792 
f 1784 1785 1792 1791 
f 1788 1694 1693 1781 
f 1789 1788 1781 1782 
f 1790 1789 1782 1783 
f 1773 1673 1674 1780 
f 1772 1773 1780 1779 
f 1771 1772 1779 1778 
f 1770 1771 1778 1777 
f 1774 1692 1691 1767 
f 1775 1774 1767 1768 
f 1776 1775 1768 1769 
f 1829 1683 1684 1836 
f 1828 1829 1836 1835 
f 1827 1828 1835 1834 
f 1826 1827 1834 1833 
f 1830 1700 1699 1823 
f 1831 1830 1823 1824 
f 1832 1831 1824 1825 
f 1836 1684 1685 1843 
f 1835 1836 1843 1842 
f 1834 1835 1842 1841 
f 1833 1834 1841 1840 
f 1837 1701 1700 1830 
f 1838 1837 1830 1831 
f 1839 1838 1831 1832 
f 1727 1682 1683 1829 
f 1728 1727 1829 1828 
f 1729 1728 1828 1827 
f 1730 1729 1827 1826 
f 1823 1699 1705 1733 
f 1824 1823 1733 1732 
f 1825 1824 1732 1731 
f 1808 1678 1679 1815 
f 1807 1808 1815 1814 
f 1806 1807 1814 1813 
f 1805 1806 1813 1812 
f 1809 1697 1696 1802 
f 1810 1809 1802 1803 
f 1811 1810 1803 1804 
f 1794 1676 1677 1801 
f 1793 1794 1801 1800 
f 1792 1793 1800 1799 
f 1791 1792 1799 1798 
f 1795 1695 1694 1788 
f 1796 1795 1788 1789 
f 1797 1796 1789 1790 
f 1780 1674 1675 1787 
f 1779 1780 1787 1786 
f 1778 1779 1786 1785 
f 1777 1778 1785 1784 
f 1781 1693 1692 1774 
f 1782 1781 1774 1775 
f 1783 1782 1775 1776 
f 1720 1680 1681 1822 
f 1721 1720 1822 1821 
f 1722 1721 1821 1820 
f 1723 1722 1820 1819 
f 1816 1698 1704 1726 
f 1817 1816 1726 1725 
f 1818 1817 1725 1724 
f 1759 1671 1672 1766 
f 1758 1759 1766 1765 
f 1757 1758 1765 1764 
f 1756 1757 1764 1763 
f 1760 1690 1689 1753 
f 1761 1760 1753 1754 
f 1762 1761 1754 1755 
f 1752 1670 1671 1759 
f 1751 1752 1759 1758 
f 1750 1751 1758 1757 
f 1749 1750 1757 1756 
f 1753 1689 1688 1746 
f 1754 1753 1746 1747 
f 1755 1754 1747 1748 
f 1745 1669 1670 1752 
f 1744 1745 1752 1751 
f 1743 1744 1751 1750 
f 1742 1743 1750 1749 
f 1746 1688 1687 1739 
f 1747 1746 1739 1740 
f 1748 1747 1740 1741 
f 1706 1667 1669 1745 
f 1707 1706 1745 1744 
f 1708 1707 1744 1743 
f 1709 1708 1743 1742 
f 1739 1687 1702 1712 
f 1740 1739 1712 1711 
f 1741 1740 1711 1710 
f 2217 2090 1667 1706 
f 2218 2217 1706 1707 
f 1738 2218 1707 1708 
f 1737 1738 1708 1709 
f 1712 1702 1686 1734 
f 1711 1712 1734 1735 
f 1710 1711 1735 1736 
f 1766 1672 1673 1773 
f 1765 1766 1773 1772 
f 1764 1765 1772 1771 
f 1763 1764 1771 1770 
f 1767 1691 1690 1760 
f 1768 1767 1760 1761 
f 1769 1768 1761 1762 
f 2747 2748 1846 1845 
f 2674 1850 2740 2741 
f 1851 1854 1853 1852 
f 1855 1858 1857 1856 
f 1859 1855 1856 1860 
f 1861 1859 1860 1862 
f 1863 1861 1862 1864 
f 1863 1864 1866 1865 
f 1865 1866 1868 1867 
f 1867 1868 1870 1869 
f 1869 1870 1872 1871 
f 1873 1876 1875 1874 
f 1877 1880 1879 1878 
f 1881 2674 2741 2742 
f 1881 2742 2743 1883 
f 1883 2743 2744 1885 
f 1885 2744 2745 1887 
f 1889 1851 1852 1890 
f 1891 1889 1890 1892 
f 1858 1855 1894 1893 
f 1855 1859 1895 1894 
f 1859 1861 1896 1895 
f 1861 1863 1897 1896 
f 1863 1865 1898 1897 
f 1865 1867 1899 1898 
f 1854 1901 1900 1853 
f 1901 1903 1902 1900 
f 1867 1869 1876 1899 
f 1903 1873 1904 1902 
f 1905 1880 1877 1881 
f 1906 2680 2679 1907 
f 1910 1913 2692 2691 
f 1914 1916 1915 1872 
f 1871 1918 1917 1875 
f 1874 1921 1920 1919 
f 1879 1923 1922 1878 
f 2740 1850 1925 2739 
f 2738 2739 1928 1927 
f 2738 1927 1930 2737 
f 2736 2737 1930 1932 
f 2735 2736 1932 1934 
f 2735 1934 1653 2734 
f 4487 4488 1912 
f 1913 1936 2693 2692 
f 1937 2594 2593 1938 
f 1941 1938 2593 2592 
f 1943 1941 2592 2591 
f 1945 1943 2591 2590 
f 1947 1945 2590 2589 
f 1947 2589 2588 1949 
f 1949 2588 2587 1951 
f 1951 2587 2586 1953 
f 1951 1953 1956 1955 
f 1949 1951 1955 1957 
f 1947 1949 1957 1958 
f 1945 1947 1958 1959 
f 1943 1945 1959 1960 
f 1941 1943 1960 1961 
f 1938 1941 1961 1962 
f 1937 1938 1962 1963 
f 1964 2677 2676 1965 
f 1873 1874 1919 1904 
f 1967 2605 2604 1968 
f 1970 1972 1971 
f 1973 1970 4497 4498 
f 1974 4500 4501 
f 1975 1978 1977 1976 
f 1974 1973 4499 4500 
f 1979 1982 1981 1980 
f 1983 1979 1980 1984 
f 1985 1983 1984 1986 
f 1987 1985 1986 1988 
f 1989 1987 1988 1990 
f 1991 1989 1990 1992 
f 1993 1991 1992 1994 
f 1995 1993 1994 1996 
f 1997 2675 2724 1998 
f 1995 2001 2000 1963 
f 1996 2002 2001 1995 
f 1980 1981 2004 2003 
f 1984 1980 2003 2005 
f 1986 1984 2005 2006 
f 1988 1986 2006 2007 
f 1990 1988 2007 2008 
f 1992 1990 2008 2009 
f 1994 1992 2009 2010 
f 1996 1994 2010 2011 
f 1998 2724 2723 2012 
f 1955 1956 1982 1979 
f 1957 1955 1979 1983 
f 1958 1957 1983 1985 
f 1959 1958 1985 1987 
f 1960 1959 1987 1989 
f 1961 1960 1989 1991 
f 1962 1961 1991 1993 
f 1963 1962 1993 1995 
f 1965 2676 2675 1997 
f 1963 2000 2013 1937 
f 1911 1912 4488 4489 
f 2014 2017 2681 2682 
f 2018 2021 2683 2684 
f 2022 2025 2685 2686 
f 2026 2022 2686 2687 
f 2028 2026 2687 2688 
f 2030 2028 2688 2689 
f 1972 2030 2689 2690 
f 1911 1972 2690 2691 
f 1971 1972 1911 
f 1971 4492 4493 
f 1971 4491 4492 
f 1911 4490 4491 1971 
f 4495 1970 1971 4494 
f 1911 4489 4490 
f 1912 4486 4487 
f 1970 4496 4497 
f 1856 1857 2035 2034 
f 1860 1856 2034 2036 
f 1862 1860 2036 2037 
f 1864 1862 2037 2038 
f 1866 1864 2038 2039 
f 1868 1866 2039 2040 
f 1870 1868 2040 2041 
f 1872 1870 2041 1914 
f 1872 1915 1918 1871 
f 2016 2681 2680 1906 
f 1875 1876 1869 1871 
f 1893 1894 1891 2042 
f 1894 1895 1889 1891 
f 1895 1896 1851 1889 
f 1896 1897 1854 1851 
f 1897 1898 1901 1854 
f 1898 1899 1903 1901 
f 1899 1876 1873 1903 
f 1875 1917 1921 1874 
f 2020 2683 2682 2015 
f 1902 1904 1880 1905 
f 1919 1920 1923 1879 
f 1904 1919 1879 1880 
f 2024 2685 2684 2019 
f 1907 2679 2678 2606 
f 1939 1940 1914 2041 
f 1942 1939 2041 2040 
f 1944 1942 2040 2039 
f 1946 1944 2039 2038 
f 1948 1946 2038 2037 
f 1950 1948 2037 2036 
f 1952 1950 2036 2034 
f 1954 1952 2034 2035 
f 1940 2043 1916 1914 
f 1892 2044 2042 1891 
f 2045 1887 2745 2746 
f 1845 2045 2746 2747 
f 1915 1916 2048 2047 
f 1917 1918 2050 2049 
f 1920 1921 2052 2051 
f 1922 1923 2054 2053 
f 2013 2595 2594 1937 
f 2055 2002 1996 2011 
f 2000 2001 2057 2056 
f 2001 2002 2058 2057 
f 2013 2000 2056 2059 
f 1918 1915 2047 2050 
f 1921 1917 2049 2052 
f 1923 1920 2051 2054 
f 1916 2043 2060 2048 
f 2739 1925 1928 
f 1927 1928 2062 2061 
f 1930 1927 2061 2063 
f 1932 1930 2063 2064 
f 1934 1932 2064 2065 
f 1653 1934 2065 1686 
f 1928 2053 2062 
f 1925 1850 1878 1922 
f 1850 2674 1877 1878 
f 2674 1881 1877 
f 1881 1883 2066 1905 
f 1883 1885 2066 
f 1885 1887 1852 1853 
f 1887 2045 1890 1852 
f 2045 1845 1892 1890 
f 1845 1846 2044 1892 
f 1905 2066 1900 1902 
f 2066 1885 1853 1900 
f 2067 2601 2600 2068 
f 2071 2074 2073 2072 
f 2075 2076 1909 2017 
f 2077 2078 2014 2021 
f 2079 2080 2018 2025 
f 2081 2082 2022 2026 
f 2083 2084 1999 1966 
f 2084 1977 1978 1999 
f 1968 2083 1966 1967 
f 2078 2075 2017 2014 
f 2080 2077 2021 2018 
f 2082 2079 2025 2022 
f 2076 1969 1908 1909 
f 2085 2086 2028 2030 
f 2087 2085 2030 1972 
f 2088 2087 1972 1970 
f 2089 2088 1970 1973 
f 2090 2089 1973 1974 
f 2086 2081 2026 2028 
f 2091 2094 2093 2092 
f 2095 2098 2097 2096 
f 2099 2102 2101 2100 
f 2103 2106 2105 2104 
f 2107 2110 2109 2108 
f 2110 2111 2073 2109 
f 2112 2107 2108 2068 
f 2098 2091 2092 2097 
f 2102 2095 2096 2101 
f 2106 2099 2100 2105 
f 2094 2113 2069 2093 
f 2114 2117 2116 2115 
f 2118 2114 2115 2119 
f 2120 2118 2119 2121 
f 2122 2120 2121 2123 
f 1736 2122 2123 1737 
f 2117 2103 2104 2116 
f 2059 2596 2595 2013 
f 2124 2058 2002 2055 
f 2125 2597 2596 2059 
f 2127 2598 2597 2125 
f 2112 2599 2598 2127 
f 2068 2600 2599 2112 
f 2129 2603 2604 1969 
f 2131 2602 2603 2129 
f 2070 2601 2602 2131 
f 2133 2134 2058 2124 
f 2135 2136 2134 2133 
f 2137 2111 2136 2135 
f 2072 2073 2111 2137 
f 2138 2139 1976 1977 
f 2140 2141 2139 2138 
f 2074 2071 2141 2140 
f 2142 2143 2076 2075 
f 2144 2145 2143 2142 
f 2146 2147 2145 2144 
f 2092 2093 2147 2146 
f 2148 2149 2047 2048 
f 2150 2151 2149 2148 
f 2094 2091 2151 2150 
f 2152 2153 2078 2077 
f 2154 2155 2153 2152 
f 2156 2157 2155 2154 
f 2096 2097 2157 2156 
f 2158 2159 2049 2050 
f 2160 2161 2159 2158 
f 2098 2095 2161 2160 
f 2162 2163 2080 2079 
f 2164 2165 2163 2162 
f 2166 2167 2165 2164 
f 2100 2101 2167 2166 
f 2168 2169 2051 2052 
f 2170 2171 2169 2168 
f 2102 2099 2171 2170 
f 2172 2173 2082 2081 
f 2174 2175 2173 2172 
f 2176 2177 2175 2174 
f 2104 2105 2177 2176 
f 2178 2179 2053 2054 
f 2180 2181 2179 2178 
f 2106 2103 2181 2180 
f 2182 2183 2084 2083 
f 2184 2185 2183 2182 
f 2186 2187 2185 2184 
f 2108 2109 2187 2186 
f 2188 2189 2056 2057 
f 2190 2191 2189 2188 
f 2110 2107 2191 2190 
f 2183 2138 1977 2084 
f 2185 2140 2138 2183 
f 2187 2074 2140 2185 
f 2109 2073 2074 2187 
f 2134 2188 2057 2058 
f 2136 2190 2188 2134 
f 2111 2110 2190 2136 
f 2130 2182 2083 1968 
f 2132 2184 2182 2130 
f 2067 2186 2184 2132 
f 2068 2108 2186 2067 
f 2189 2125 2059 2056 
f 2191 2127 2125 2189 
f 2107 2112 2127 2191 
f 2153 2142 2075 2078 
f 2155 2144 2142 2153 
f 2157 2146 2144 2155 
f 2097 2092 2146 2157 
f 2149 2158 2050 2047 
f 2151 2160 2158 2149 
f 2091 2098 2160 2151 
f 2163 2152 2077 2080 
f 2165 2154 2152 2163 
f 2167 2156 2154 2165 
f 2101 2096 2156 2167 
f 2159 2168 2052 2049 
f 2161 2170 2168 2159 
f 2095 2102 2170 2161 
f 2173 2162 2079 2082 
f 2175 2164 2162 2173 
f 2177 2166 2164 2175 
f 2105 2100 2166 2177 
f 2169 2178 2054 2051 
f 2171 2180 2178 2169 
f 2099 2106 2180 2171 
f 2143 2129 1969 2076 
f 2145 2131 2129 2143 
f 2147 2070 2131 2145 
f 2093 2069 2070 2147 
f 2126 2148 2048 2060 
f 2128 2150 2148 2126 
f 2113 2094 2150 2128 
f 2192 2193 2086 2085 
f 2194 2195 2193 2192 
f 2196 2197 2195 2194 
f 2115 2116 2197 2196 
f 2198 2199 2061 2062 
f 2200 2201 2199 2198 
f 2117 2114 2201 2200 
f 2202 2192 2085 2087 
f 2203 2194 2192 2202 
f 2204 2196 2194 2203 
f 2119 2115 2196 2204 
f 2199 2205 2063 2061 
f 2201 2206 2205 2199 
f 2114 2118 2206 2201 
f 2207 2202 2087 2088 
f 2208 2203 2202 2207 
f 2209 2204 2203 2208 
f 2121 2119 2204 2209 
f 2205 2210 2064 2063 
f 2206 2211 2210 2205 
f 2118 2120 2211 2206 
f 2212 2207 2088 2089 
f 2213 2208 2207 2212 
f 2214 2209 2208 2213 
f 2123 2121 2209 2214 
f 2210 2215 2065 2064 
f 2211 2216 2215 2210 
f 2120 2122 2216 2211 
f 2217 2212 2089 2090 
f 2218 2213 2212 2217 
f 1738 2214 2213 2218 
f 1737 2123 2214 1738 
f 2215 1734 1686 2065 
f 2216 1735 1734 2215 
f 2122 1736 1735 2216 
f 2193 2172 2081 2086 
f 2195 2174 2172 2193 
f 2197 2176 2174 2195 
f 2116 2104 2176 2197 
f 2179 2198 2062 2053 
f 2181 2200 2198 2179 
f 2103 2117 2200 2181 
s 2
f 1884 1882 2660 2659 
f 2220 2671 2672 2219 
f 2221 2670 2671 2220 
f 2222 2669 2670 2221 
f 2223 2668 2669 2222 
f 2224 2667 2668 2223 
f 2225 2666 2667 2224 
f 2226 2665 2666 2225 
f 2227 2664 2665 2226 
f 2228 2663 2664 2227 
f 2229 2662 2663 2228 
f 2230 2661 2662 2229 
f 2230 2232 2661 
f 1882 1848 2660 
s 4
f 2291 2292 2319 2320 
f 2315 2316 2323 2324 
f 2314 2315 2324 2325 
f 2318 2291 2320 2321 
f 2317 2318 2321 2322 
f 2316 2317 2322 2323 
f 2313 2314 2325 2326 
f 2306 2307 2332 2333 
f 2307 2308 2331 2332 
f 2308 2309 2330 2331 
f 2309 2310 2329 2330 
f 2310 2311 2328 2329 
f 2311 2312 2327 2328 
f 2312 2313 2326 2327 
f 2305 2306 2333 2334 
f 2303 2304 2335 2336 
f 2302 2303 2336 2337 
f 2301 2302 2337 2338 
f 2300 2301 2338 2339 
f 2299 2300 2339 2340 
f 2298 2299 2340 2341 
f 2297 2298 2341 2342 
f 2296 2297 2342 2343 
f 2295 2296 2343 2344 
f 2294 2295 2344 2345 
f 2293 2294 2345 2346 
f 2292 2293 2346 2319 
f 2304 2305 2334 2335 
s 1
f 2347 2348 2375 2376 
f 2348 2349 2402 2375 
f 2349 2350 2401 2402 
f 2350 2351 2400 2401 
f 2351 2352 2399 2400 
f 2352 2353 2398 2399 
f 2353 2354 2397 2398 
f 2354 2355 2396 2397 
f 2355 2356 2395 2396 
f 2356 2357 2394 2395 
f 2357 2358 2393 2394 
f 2358 2359 2392 2393 
f 2359 2360 2391 2392 
f 2360 2361 2390 2391 
f 2361 2362 2389 2390 
f 2362 2363 2388 2389 
f 2363 2364 2387 2388 
f 2364 2365 2386 2387 
f 2365 2366 2385 2386 
f 2366 2367 2384 2385 
f 2367 2368 2383 2384 
f 2368 2369 2382 2383 
f 2369 2370 2381 2382 
f 2370 2371 2380 2381 
f 2371 2372 2379 2380 
f 2372 2373 2378 2379 
f 2373 2374 2377 2378 
f 2374 2347 2376 2377 
f 2403 2404 2290 
f 2404 2405 2290 
f 2405 2406 2290 
f 2406 2407 2290 
f 2407 2408 2290 
f 2408 2409 2290 
f 2409 2410 2290 
f 2410 2411 2290 
f 2411 2412 2290 
f 2412 2413 2290 
f 2413 2414 2290 
f 2414 2415 2290 
f 2415 2416 2290 
f 2416 2417 2290 
f 2417 2418 2290 
f 2418 2419 2290 
f 2419 2420 2290 
f 2420 2421 2290 
f 2421 2422 2290 
f 2422 2423 2290 
f 2423 2424 2290 
f 2424 2425 2290 
f 2425 2426 2290 
f 2426 2427 2290 
f 2427 2428 2290 
f 2428 2429 2290 
f 2429 2430 2290 
f 2430 2403 2290 
s 4
f 1486 2232 2292 2291 
f 2232 2230 2293 2292 
f 2230 2229 2294 2293 
f 2229 2228 2295 2294 
f 2228 2227 2296 2295 
f 2227 2226 2297 2296 
f 2226 2225 2298 2297 
f 2225 2224 2299 2298 
f 2224 2223 2300 2299 
f 2223 2222 2301 2300 
f 2222 2221 2302 2301 
f 2221 2220 2303 2302 
f 2220 2219 2304 2303 
f 2219 2233 2305 2304 
f 2233 1848 2306 2305 
f 1848 1849 2307 2306 
f 1849 1924 2308 2307 
f 1924 1926 2309 2308 
f 1926 1929 2310 2309 
f 1929 1931 2311 2310 
f 1931 1933 2312 2311 
f 1933 1483 2313 2312 
f 1483 1530 2314 2313 
f 1530 1529 2315 2314 
f 1529 1553 2316 2315 
f 1553 1527 2317 2316 
f 1527 1526 2318 2317 
f 1526 1486 2291 2318 
f 2260 2235 2320 2319 
f 2235 2236 2321 2320 
f 2236 2237 2322 2321 
f 2237 2240 2323 2322 
f 2240 2238 2324 2323 
f 2238 2239 2325 2324 
f 2239 2234 2326 2325 
f 2234 2247 2327 2326 
f 2247 2246 2328 2327 
f 2246 2245 2329 2328 
f 2245 2244 2330 2329 
f 2244 2243 2331 2330 
f 2243 2242 2332 2331 
f 2242 2241 2333 2332 
f 2241 2261 2334 2333 
f 2261 2248 2335 2334 
f 2248 2249 2336 2335 
f 2249 2250 2337 2336 
f 2250 2251 2338 2337 
f 2251 2252 2339 2338 
f 2252 2253 2340 2339 
f 2253 2254 2341 2340 
f 2254 2255 2342 2341 
f 2255 2256 2343 2342 
f 2256 2257 2344 2343 
f 2257 2258 2345 2344 
f 2258 2259 2346 2345 
f 2259 2260 2319 2346 
s 1
f 2235 2260 2348 2347 
f 2260 2259 2349 2348 
f 2259 2258 2350 2349 
f 2258 2257 2351 2350 
f 2257 2256 2352 2351 
f 2256 2255 2353 2352 
f 2255 2254 2354 2353 
f 2254 2253 2355 2354 
f 2253 2252 2356 2355 
f 2252 2251 2357 2356 
f 2251 2250 2358 2357 
f 2250 2249 2359 2358 
f 2249 2248 2360 2359 
f 2248 2261 2361 2360 
f 2261 2241 2362 2361 
f 2241 2242 2363 2362 
f 2242 2243 2364 2363 
f 2243 2244 2365 2364 
f 2244 2245 2366 2365 
f 2245 2246 2367 2366 
f 2246 2247 2368 2367 
f 2247 2234 2369 2368 
f 2234 2239 2370 2369 
f 2239 2238 2371 2370 
f 2238 2240 2372 2371 
f 2240 2237 2373 2372 
f 2237 2236 2374 2373 
f 2236 2235 2347 2374 
f 2263 2262 2376 2375 
f 2262 2289 2377 2376 
f 2289 2288 2378 2377 
f 2288 2287 2379 2378 
f 2287 2286 2380 2379 
f 2286 2285 2381 2380 
f 2285 2284 2382 2381 
f 2284 2283 2383 2382 
f 2283 2282 2384 2383 
f 2282 2281 2385 2384 
f 2281 2280 2386 2385 
f 2280 2279 2387 2386 
f 2279 2278 2388 2387 
f 2278 2277 2389 2388 
f 2277 2276 2390 2389 
f 2276 2275 2391 2390 
f 2275 2274 2392 2391 
f 2274 2273 2393 2392 
f 2273 2272 2394 2393 
f 2272 2271 2395 2394 
f 2271 2270 2396 2395 
f 2270 2269 2397 2396 
f 2269 2268 2398 2397 
f 2268 2267 2399 2398 
f 2267 2266 2400 2399 
f 2266 2265 2401 2400 
f 2265 2264 2402 2401 
f 2264 2263 2375 2402 
f 2262 2263 2404 2403 
f 2263 2264 2405 2404 
f 2264 2265 2406 2405 
f 2265 2266 2407 2406 
f 2266 2267 2408 2407 
f 2267 2268 2409 2408 
f 2268 2269 2410 2409 
f 2269 2270 2411 2410 
f 2270 2271 2412 2411 
f 2271 2272 2413 2412 
f 2272 2273 2414 2413 
f 2273 2274 2415 2414 
f 2274 2275 2416 2415 
f 2275 2276 2417 2416 
f 2276 2277 2418 2417 
f 2277 2278 2419 2418 
f 2278 2279 2420 2419 
f 2279 2280 2421 2420 
f 2280 2281 2422 2421 
f 2281 2282 2423 2422 
f 2282 2283 2424 2423 
f 2283 2284 2425 2424 
f 2284 2285 2426 2425 
f 2285 2286 2427 2426 
f 2286 2287 2428 2427 
f 2287 2288 2429 2428 
f 2288 2289 2430 2429 
f 2289 2262 2403 2430 
f 2528 2719 2718 2555 
f 2514 2565 2513 
f 1545 1544 2620 2621 
f 1544 1551 2619 2620 
f 1551 1652 2618 2619 
f 1652 1703 2617 2618 
f 1703 1719 2616 2617 
f 1719 1718 2615 2616 
f 1718 1717 2614 2615 
f 1717 1716 2613 2614 
f 1716 1715 2612 2613 
f 1715 1714 2611 2612 
f 1714 1713 2610 2611 
f 1713 1668 2609 2610 
f 1668 1594 2608 2609 
f 1594 2713 2714 2608 
f 2012 2723 2722 2647 
f 1975 1976 2645 2646 
f 1976 2139 2644 2645 
f 2139 2141 2643 2644 
f 2141 2071 2642 2643 
f 2071 2072 2641 2642 
f 2072 2137 2640 2641 
f 2137 2135 2639 2640 
f 2135 2133 2638 2639 
f 2133 2124 2637 2638 
f 2124 2055 2636 2637 
f 2055 2011 2635 2636 
f 2011 2010 2634 2635 
f 2010 2009 2633 2634 
f 2009 2008 2632 2633 
f 2008 2007 2631 2632 
f 2007 2006 2630 2631 
f 2006 2005 2629 2630 
f 2005 2003 2628 2629 
f 2003 2004 2627 2628 
f 2004 1549 2626 2627 
f 1549 1548 2625 2626 
f 1548 1552 2624 2625 
f 1552 1547 2623 2624 
f 1547 1546 2622 2623 
f 1546 1545 2621 2622 
f 2431 2432 2473 2472 
f 2432 2433 2474 2473 
f 2433 2434 2475 2474 
f 2434 2435 2476 2475 
f 2435 2436 2477 2476 
f 2436 2437 2478 2477 
f 2437 2438 2479 2478 
f 2438 2439 2480 2479 
f 2439 2440 2481 2480 
f 2440 2441 2482 2481 
f 2441 2442 2483 2482 
f 2442 2443 2484 2483 
f 2443 2444 2485 2484 
f 2444 2715 2716 2485 
f 2446 2721 2720 2487 
f 2447 2448 2489 2488 
f 2448 2449 2490 2489 
f 2449 2450 2491 2490 
f 2450 2451 2492 2491 
f 2451 2452 2493 2492 
f 2452 2453 2494 2493 
f 2453 2454 2495 2494 
f 2454 2455 2496 2495 
f 2455 2456 2497 2496 
f 2456 2457 2498 2497 
f 2457 2458 2499 2498 
f 2458 2459 2500 2499 
f 2459 2460 2501 2500 
f 2460 2461 2502 2501 
f 2461 2462 2503 2502 
f 2462 2463 2504 2503 
f 2463 2464 2505 2504 
f 2464 2465 2506 2505 
f 2465 2466 2507 2506 
f 2466 2467 2508 2507 
f 2467 2468 2509 2508 
f 2468 2469 2510 2509 
f 2469 2470 2511 2510 
f 2470 2471 2512 2511 
f 2471 2431 2472 2512 
f 2472 2473 2514 2513 
f 2473 2474 2515 2514 
f 2474 2475 2516 2515 
f 2475 2476 2517 2516 
f 2476 2477 2518 2517 
f 2477 2478 2519 2518 
f 2478 2479 2520 2519 
f 2479 2480 2521 2520 
f 2480 2481 2522 2521 
f 2481 2482 2523 2522 
f 2482 2483 2524 2523 
f 2483 2484 2525 2524 
f 2484 2485 2526 2525 
f 2485 2716 2717 2526 
f 2487 2720 2719 2528 
f 2488 2489 2530 2529 
f 2489 2490 2531 2530 
f 2490 2491 2532 2531 
f 2491 2492 2533 2532 
f 2492 2493 2534 2533 
f 2493 2494 2535 2534 
f 2494 2495 2536 2535 
f 2495 2496 2537 2536 
f 2496 2497 2538 2537 
f 2497 2498 2539 2538 
f 2498 2499 2540 2539 
f 2499 2500 2541 2540 
f 2500 2501 2542 2541 
f 2501 2502 2543 2542 
f 2502 2503 2544 2543 
f 2503 2504 2545 2544 
f 2504 2505 2546 2545 
f 2505 2506 2547 2546 
f 2506 2507 2548 2547 
f 2507 2508 2549 2548 
f 2508 2509 2550 2549 
f 2509 2510 2551 2550 
f 2510 2511 2552 2551 
f 2511 2512 2553 2552 
f 2512 2472 2513 2553 
f 2525 2526 2554 2556 
f 2524 2525 2556 2557 
f 2523 2524 2557 2558 
f 2522 2523 2558 2559 
f 2521 2522 2559 2560 
f 2520 2521 2560 2561 
f 2519 2520 2561 2562 
f 2518 2519 2562 2563 
f 2517 2518 2563 2564 
f 2516 2517 2564 2565 
f 2554 2526 2717 2718 
f 2554 2529 2530 2556 
f 2556 2530 2531 2557 
f 2557 2531 2532 2558 
f 2558 2532 2533 2559 
f 2559 2533 2534 2560 
f 2560 2534 2535 2561 
f 2561 2535 2536 2562 
f 2562 2536 2537 2563 
f 2563 2537 2538 2564 
f 2564 2538 2539 2565 
f 2565 2539 2540 
f 2565 2540 2541 
f 2565 2541 2542 
f 2565 2542 2543 
f 2565 2543 2544 
f 2565 2544 2545 
f 2565 2545 2546 
f 2565 2546 2547 
f 2565 2547 2548 
f 2565 2548 2549 
f 2565 2549 2550 
f 2565 2550 2551 
f 2565 2551 2552 
f 2565 2552 2553 
f 2565 2553 2513 
f 2514 2515 2565 
f 2515 2516 2565 
f 2579 1628 1627 2578 
f 2580 1629 1628 2579 
f 2581 1630 1629 2580 
f 2582 1631 1630 2581 
f 2583 1632 1631 2582 
f 2584 1633 1632 2583 
f 2585 1634 1633 2584 
f 2586 1954 1634 2585 
f 2568 1681 1635 2567 
f 2566 1517 2709 2708 
f 2578 1627 1647 2577 
f 2572 1819 1820 2571 
f 2577 1647 1698 2576 
f 2576 1698 1816 2575 
f 2575 1816 1817 2574 
f 2574 1817 1818 2573 
f 2573 1818 1819 2572 
f 2568 1682 1727 2569 
f 2569 1727 1728 2570 
f 2570 1728 1729 2571 
f 2594 1940 1939 2593 
f 2593 1939 1942 2592 
f 2592 1942 1944 2591 
f 2591 1944 1946 2590 
f 2590 1946 1948 2589 
f 2589 1948 1950 2588 
f 2588 1950 1952 2587 
f 2587 1952 1954 2586 
f 2605 1908 1969 2604 
f 2605 1967 2677 2678 
f 2595 2043 1940 2594 
f 2601 2070 2069 2600 
f 2596 2060 2043 2595 
f 2597 2126 2060 2596 
f 2598 2128 2126 2597 
f 2599 2113 2128 2598 
f 2600 2069 2113 2599 
f 2603 2130 1968 2604 
f 2602 2132 2130 2603 
f 2601 2067 2132 2602 
f 2620 2432 2431 2621 
f 2619 2433 2432 2620 
f 2618 2434 2433 2619 
f 2617 2435 2434 2618 
f 2616 2436 2435 2617 
f 2615 2437 2436 2616 
f 2614 2438 2437 2615 
f 2613 2439 2438 2614 
f 2612 2440 2439 2613 
f 2611 2441 2440 2612 
f 2610 2442 2441 2611 
f 2609 2443 2442 2610 
f 2608 2444 2443 2609 
f 2607 2445 2715 2714 
f 2646 2447 2721 2722 
f 2645 2448 2447 2646 
f 2644 2449 2448 2645 
f 2643 2450 2449 2644 
f 2642 2451 2450 2643 
f 2641 2452 2451 2642 
f 2640 2453 2452 2641 
f 2639 2454 2453 2640 
f 2638 2455 2454 2639 
f 2637 2456 2455 2638 
f 2636 2457 2456 2637 
f 2635 2458 2457 2636 
f 2634 2459 2458 2635 
f 2633 2460 2459 2634 
f 2632 2461 2460 2633 
f 2631 2462 2461 2632 
f 2630 2463 2462 2631 
f 2629 2464 2463 2630 
f 2628 2465 2464 2629 
f 2627 2466 2465 2628 
f 2626 2467 2466 2627 
f 2625 2468 2467 2626 
f 2624 2469 2468 2625 
f 2623 2470 2469 2624 
f 2622 2471 2470 2623 
f 2621 2431 2471 2622 
s 2
f 2660 2673 2672 2659 
f 2658 1886 1884 2659 
f 2657 1888 1886 2658 
f 2656 2046 1888 2657 
f 2655 1844 2046 2656 
f 2654 1847 1844 2655 
f 2653 1491 1847 2654 
f 2652 1490 1491 2653 
f 2651 1489 1490 2652 
f 2650 1485 1489 2651 
f 2649 1484 1485 2650 
f 2648 2231 1484 2649 
f 2671 2658 2659 2672 
f 2670 2657 2658 2671 
f 2669 2656 2657 2670 
f 2668 2655 2656 2669 
f 2667 2654 2655 2668 
f 2666 2653 2654 2667 
f 2665 2652 2653 2666 
f 2664 2651 2652 2665 
f 2663 2650 2651 2664 
f 2662 2649 2650 2663 
f 2661 2648 2649 2662 
f 2232 2648 2661 
f 1848 2233 2673 
f 2673 2233 2219 2672 
f 2232 2231 2648 
f 1848 2673 2660 
s 1
f 2707 1635 1592 2706 
f 2695 1591 1593 2694 
f 2694 1593 1935 2693 
f 2710 1597 1590 2709 
f 2712 1596 1595 2711 
f 2713 1594 1596 2712 
f 2711 1595 1597 2710 
f 2704 1515 1606 2705 
f 2702 1520 1616 2703 
f 2700 1514 1624 2701 
f 2699 1524 1514 2700 
f 2698 1513 1524 2699 
f 2697 1512 1513 2698 
f 2696 1511 1512 2697 
f 2695 1528 1511 2696 
f 2706 1592 1608 2705 
f 2704 1554 1618 2703 
f 2702 1555 1625 2701 
f 2708 2567 1635 2707 
f 2680 1909 1908 2679 
f 2692 1912 1911 2691 
f 2693 1935 1912 2692 
f 2677 1967 1966 2676 
f 2675 1999 1978 2724 
f 2724 1978 1975 2723 
f 2676 1966 1999 2675 
f 2681 2016 2015 2682 
f 2683 2020 2019 2684 
f 2685 2024 2023 2686 
f 2686 2023 2027 2687 
f 2687 2027 2029 2688 
f 2688 2029 2031 2689 
f 2689 2031 2032 2690 
f 2690 2032 1910 2691 
f 2681 2017 1909 2680 
f 2683 2021 2014 2682 
f 2685 2025 2018 2684 
f 2679 1908 2605 2678 
f 2719 2529 2554 2718 
f 2713 1550 2607 2714 
f 2723 1975 2646 2722 
f 2715 2445 2486 2716 
f 2721 2447 2488 2720 
f 2716 2486 2527 2717 
f 2720 2488 2529 2719 
f 2717 2527 2555 2718 
f 2709 1590 2567 2708 
f 2677 1964 2606 2678 
f 2715 2444 2608 2714 
f 2721 2446 2647 2722 
f 1928 1925 1922 2053 
f 1658 1690 1691 
f 1336 1337 1419 1390 
f 1335 1336 1390 
f 1426 1399 1410 
f 1422 1402 1410 
f 1418 1405 1410 
f 1414 1408 1410 
f 1434 1393 1410 
f 1430 1396 1410 
f 1484 2231 2726 2725 
f 2231 2232 2727 2726 
f 2232 1486 2728 2727 
f 1486 1526 2729 2728 
f 1526 1527 2730 2729 
f 1527 1553 2731 2730 
f 1553 1529 2732 2731 
f 1529 1530 2733 2732 
f 1530 1483 2734 2733 
f 1483 1933 2735 2734 
f 1933 1931 2736 2735 
f 1931 1929 2737 2736 
f 1929 1926 2738 2737 
f 1926 1924 2739 2738 
f 1924 1849 2740 2739 
f 1849 1848 2741 2740 
f 1848 1882 2742 2741 
f 1882 1884 2743 2742 
f 1884 1886 2744 2743 
f 1886 1888 2745 2744 
f 1888 2046 2746 2745 
f 2046 1844 2747 2746 
f 1844 1847 2748 2747 
f 1847 1491 2749 2748 
f 1491 1490 2750 2749 
f 1490 1489 2751 2750 
f 1489 1485 2752 2751 
f 1485 1484 2725 2752 
s off
f 2753 2754 2788 2786 
f 2754 2770 2790 2788 
f 2770 2771 2792 2790 
f 2771 2772 2794 2792 
f 2772 2773 2796 2794 
f 2773 2774 2798 2796 
f 2774 2775 2800 2798 
f 2775 2776 2802 2800 
f 2776 2777 2804 2802 
f 2777 2778 2806 2804 
f 2778 2779 2808 2806 
f 2779 2780 2810 2808 
f 2780 2781 2812 2810 
f 2781 2782 2814 2812 
f 2782 2783 2816 2814 
f 2783 2784 2818 2816 
f 2784 2769 2820 2818 
f 2769 2768 2822 2820 
f 2768 2767 2824 2822 
f 2767 2766 2826 2824 
f 2766 2765 2828 2826 
f 2765 2764 2830 2828 
f 2764 2763 2832 2830 
f 2763 2762 2834 2832 
f 2762 2761 2836 2834 
f 2761 2760 2838 2836 
f 2760 2759 2840 2838 
f 2759 2758 2842 2840 
f 2758 2757 2844 2842 
f 2757 2756 2846 2844 
f 2756 2755 2848 2846 
f 2755 2753 2786 2848 
f 2754 2753 2863 2866 
f 2770 2754 2866 2865 
f 2771 2770 2865 2033 
f 2772 2771 2033 2867 
f 2773 2772 2867 2868 
f 2774 2773 2868 2869 
f 2775 2774 2869 2870 
f 2776 2775 2870 2871 
f 2777 2776 2871 2856 
f 2778 2777 2856 2855 
f 2779 2778 2855 2854 
f 2780 2779 2854 2853 
f 2781 2780 2853 2852 
f 2782 2781 2852 2851 
f 2783 2782 2851 2879 
f 2784 2783 2879 2878 
f 2769 2784 2878 2877 
f 2768 2769 2877 2850 
f 2767 2768 2850 2849 
f 2766 2767 2849 2862 
f 2765 2766 2862 2861 
f 2764 2765 2861 2860 
f 2763 2764 2860 2859 
f 2762 2763 2859 2858 
f 2761 2762 2858 2857 
f 2760 2761 2857 2872 
f 2759 2760 2872 2873 
f 2758 2759 2873 2874 
f 2757 2758 2874 2875 
f 2756 2757 2875 2876 
f 2755 2756 2876 2864 
f 2753 2755 2864 2863 
f 2786 2788 2787 2785 
f 2788 2790 2789 2787 
f 2790 2792 2791 2789 
f 2792 2794 2793 2791 
f 2794 2796 2795 2793 
f 2796 2798 2797 2795 
f 2798 2800 2799 2797 
f 2800 2802 2801 2799 
f 2802 2804 2803 2801 
f 2804 2806 2805 2803 
f 2806 2808 2807 2805 
f 2808 2810 2809 2807 
f 2810 2812 2811 2809 
f 2812 2814 2813 2811 
f 2814 2816 2815 2813 
f 2816 2818 2817 2815 
f 2818 2820 2819 2817 
f 2820 2822 2821 2819 
f 2822 2824 2823 2821 
f 2824 2826 2825 2823 
f 2826 2828 2827 2825 
f 2828 2830 2829 2827 
f 2830 2832 2831 2829 
f 2832 2834 2833 2831 
f 2834 2836 2835 2833 
f 2836 2838 2837 2835 
f 2838 2840 2839 2837 
f 2840 2842 2841 2839 
f 2842 2844 2843 2841 
f 2844 2846 2845 2843 
f 2846 2848 2847 2845 
f 2848 2786 2785 2847 
s 1
f 4479 4480 1591 
f 1971 4493 4494 
f 4495 4496 1970 
f 1598 1561 4506 4475 
f 1973 4498 4499 
f 4503 4504 1562 
f 4483 4484 1935 
f 1912 1935 4485 4486 
f 4481 4482 1593 
f 2880 3736 3737 2883 
f 2884 2885 2886 2887 
s 2
f 2889 2885 2884 2888 
f 2890 2891 2892 2893 
s 1
f 2895 2891 2890 2894 
f 2896 2897 2898 2899 
s 2
f 2901 2897 2896 2900 
s 4
f 2902 2903 2904 2905 
s 1
f 2907 2903 2902 2906 
f 2908 2909 2910 2911 
s 4
f 2913 2909 2908 2912 
s 2
f 3719 3718 2914 2915 
s 4
f 3735 3734 2884 2919 
f 2920 2921 2919 2884 
s 1
f 2922 2920 2884 2887 
s 8
f 2923 3731 3732 2920 
f 2920 2890 2924 2923 
f 2925 2926 2924 2890 
s 4
f 3732 3733 2921 2920 
s 1
f 2922 2894 2890 2920 
s 2
f 2893 2927 2925 2890 
s 4
f 2928 3730 3728 2925 
f 2896 2929 2928 2925 
f 2930 2931 2929 2896 
s 8
f 3728 3729 2926 2925 
s 2
f 2927 2900 2896 2925 
s 1
f 2932 2930 2896 2899 
s 2
f 2933 3727 3725 2930 
f 2930 2902 2934 2933 
f 2935 2936 2934 2902 
s 4
f 3725 3726 2931 2930 
s 1
f 2932 2906 2902 2930 
s 4
f 2905 2937 2935 2902 
s 8
f 2938 3723 3722 2935 
f 2935 2908 2939 2938 
f 2908 3720 3721 2939 
s 4
f 2937 2912 2908 2935 
s 1
f 2911 2940 3720 2908 
f 3770 3772 2942 2941 
s 2
f 2943 3771 3770 2941 
f 3773 3775 2945 2944 
s 1
f 2946 3774 3773 2944 
f 3776 3778 2948 2947 
s 2
f 2949 3777 3776 2947 
f 3684 3685 2951 2950 
s 1
f 2952 3779 3684 2950 
f 2954 2955 2953 3766 
f 2958 2956 3769 2957 
s 2
f 3767 3766 2953 2959 
f 2957 3769 3768 2960 
s 4
f 2957 2962 2963 2961 
f 2941 2964 2962 2957 
f 2941 2965 2966 2964 
s 1
f 2967 2958 2957 2961 
s 2
f 2943 2941 2957 2960 
s 1
f 2942 2968 2965 2941 
s 8
f 2969 2965 2970 2971 
f 2944 2972 2970 2965 
f 2944 2973 2974 2972 
s 4
f 2966 2965 2969 2975 
s 1
f 2968 2946 2944 2965 
s 2
f 2945 2976 2973 2944 
s 4
f 2977 2973 2978 2979 
f 2947 2980 2978 2973 
f 2947 2981 2982 2980 
s 8
f 2983 2974 2973 2977 
s 2
f 2976 2949 2947 2973 
s 1
f 2948 2984 2981 2947 
s 8
f 2985 2981 2986 2987 
f 2950 2988 2986 2981 
f 2950 2989 2990 2988 
s 4
f 2982 2981 2985 2991 
s 1
f 2984 2952 2950 2981 
s 2
f 2951 2992 2989 2950 
s 1
f 2993 2989 2994 2995 
s 8
f 2998 2990 2989 2993 
s 2
f 3687 3686 2989 2992 
f 3688 3689 3000 2999 
s 1
f 3003 3765 3763 3002 
s 2
f 3763 3764 3004 3002 
s 4
f 3005 3002 3006 3007 
f 3002 2953 3008 3006 
f 3009 3010 3008 2953 
s 1
f 3003 3002 3005 3011 
s 2
f 3004 2959 2953 3002 
s 1
f 2955 3012 3009 2953 
s 2
f 3009 3014 3015 3013 
f 2961 3016 3014 3009 
f 3017 3018 3016 2961 
s 4
f 3010 3009 3013 3019 
s 1
f 3012 2967 2961 3009 
s 4
f 3020 3017 2961 2963 
s 1
f 3021 3017 3022 3023 
f 3017 2969 3024 3022 
f 3025 3026 3024 2969 
s 2
f 3018 3017 3021 3027 
s 4
f 3020 2975 2969 3017 
s 8
f 2971 3028 3025 2969 
s 2
f 3029 3025 3030 3031 
f 2977 3032 3030 3025 
f 3033 3034 3032 2977 
s 1
f 3026 3025 3029 3035 
s 8
f 3028 2983 2977 3025 
s 4
f 3036 3033 2977 2979 
s 1
f 3037 3033 3038 3039 
f 3033 2985 3040 3038 
f 3041 3042 3040 2985 
s 2
f 3034 3033 3037 3043 
s 4
f 3036 2991 2985 3033 
s 8
f 2987 3044 3041 2985 
s 2
f 3045 3041 3046 3047 
f 2993 3048 3046 3041 
f 3049 3050 3048 2993 
s 1
f 3042 3041 3045 3051 
s 8
f 3044 2998 2993 3041 
s 1
f 3052 3049 2993 2995 
s 4
f 3053 3049 3054 3055 
f 3049 2999 3056 3054 
f 3057 3058 3056 2999 
s 2
f 3050 3049 3053 3059 
s 1
f 3052 3001 2999 3049 
s 2
f 3000 3060 3057 2999 
s 1
f 3061 3057 3062 3063 
f 3691 3692 3062 3057 
s 4
f 3058 3057 3061 3064 
s 2
f 3060 3690 3691 3057 
s 1
f 3065 3066 3067 3068 
s 2
f 3070 3066 3065 3069 
f 3071 3072 3073 3074 
s 1
f 3076 3072 3071 3075 
f 3077 3078 3079 3080 
s 2
f 3082 3078 3077 3081 
f 3083 3084 3085 3086 
s 1
f 3088 3084 3083 3087 
f 3089 3090 3091 3092 
s 2
f 3094 3090 3089 3093 
s 4
f 3095 3096 3097 3098 
s 1
f 3100 3096 3095 3099 
f 3101 3102 3103 3104 
s 4
f 3106 3102 3101 3105 
s 2
f 3107 3108 3109 3110 
s 1
f 3112 3108 3107 3111 
f 3113 3114 3115 3116 
s 2
f 3118 3114 3113 3117 
s 4
f 3119 3741 3742 3065 
f 3120 3121 3119 3065 
s 1
f 3123 3740 3738 3122 
s 2
f 3742 3743 3069 3065 
s 1
f 3124 3120 3065 3068 
s 4
f 3738 3739 3125 3122 
s 8
f 3120 3126 3127 3122 
f 3120 3071 3128 3126 
s 1
f 2880 2883 3123 3122 
s 8
f 3129 3130 3128 3071 
s 2
f 3131 3132 2881 2880 
s 4
f 3125 3121 3120 3122 
s 1
f 3124 3075 3071 3120 
s 2
f 3074 3133 3129 3071 
s 8
f 3134 3135 3131 2880 
f 3127 3134 2880 3122 
s 4
f 3129 3136 3137 3131 
f 3077 3138 3136 3129 
s 2
f 2885 2889 3132 3131 
s 4
f 3139 3140 3138 3077 
s 1
f 2885 3141 3142 2886 
s 8
f 3135 3130 3129 3131 
s 2
f 3133 3081 3077 3129 
s 1
f 3143 3139 3077 3080 
s 4
f 3144 3145 3141 2885 
f 3144 2885 3131 3137 
s 2
f 3139 3146 3147 3141 
f 3139 3083 3148 3146 
s 1
f 2891 2895 3142 3141 
s 2
f 3149 3150 3148 3083 
f 2891 3151 3152 2892 
s 4
f 3145 3140 3139 3141 
s 1
f 3143 3087 3083 3139 
s 2
f 3086 3153 3149 3083 
f 3154 3155 3151 2891 
f 3147 3154 2891 3141 
f 2897 2901 3152 3151 
s 1
f 2897 3157 3158 2898 
s 2
f 3155 3150 3149 3151 
f 3153 3093 3089 3149 
s 1
f 3159 3156 3089 3092 
s 2
f 3156 3160 3161 3157 
f 3156 3095 3162 3160 
s 1
f 2903 2907 3158 3157 
s 2
f 3163 3164 3162 3095 
s 4
f 2903 3165 3166 2904 
s 1
f 3159 3099 3095 3156 
s 4
f 3098 3167 3163 3095 
s 2
f 3168 3169 3165 2903 
f 3161 3168 2903 3157 
s 8
f 3163 3170 3171 3165 
f 3163 3101 3172 3170 
s 4
f 2909 2913 3166 3165 
s 8
f 3173 3174 3172 3101 
s 1
f 2909 3175 3176 2910 
s 2
f 3169 3164 3163 3165 
s 4
f 3167 3105 3101 3163 
s 1
f 3177 3173 3101 3104 
s 8
f 3178 3179 3175 2909 
f 3171 3178 2909 3165 
s 4
f 3173 3180 3181 3175 
f 3173 3107 3182 3180 
s 1
f 2914 2917 3176 3175 
s 4
f 3183 3184 3182 3107 
s 2
f 2914 3185 3186 2915 
s 8
f 3179 3174 3173 3175 
s 1
f 3177 3111 3107 3173 
s 2
f 3110 3187 3183 3107 
s 4
f 3188 3189 3185 2914 
f 3181 3188 2914 3175 
s 8
f 3183 3190 3191 3185 
f 3183 3113 3192 3190 
s 2
f 3715 3717 3186 3185 
s 8
f 3712 3713 3192 3113 
s 4
f 3189 3184 3183 3185 
s 2
f 3187 3117 3113 3183 
s 1
f 3116 3714 3712 3113 
s 8
f 3716 3715 3185 3191 
s 1
f 3193 3194 3195 3196 
s 2
f 3198 3194 3193 3197 
f 3199 3200 3201 3202 
s 1
f 3204 3200 3199 3203 
f 3205 3206 3207 3208 
s 2
f 3210 3206 3205 3209 
f 3211 3212 3213 3214 
s 1
f 3216 3212 3211 3215 
f 3217 3218 3219 3220 
s 2
f 3222 3218 3217 3221 
s 1
f 3223 3224 3225 3226 
f 3228 3224 3223 3227 
s 2
f 3229 3230 3231 3232 
s 1
f 3234 3230 3229 3233 
f 3235 3236 3237 3238 
s 2
f 3240 3236 3235 3239 
f 3241 3242 3243 3244 
s 1
f 3246 3242 3241 3245 
f 3247 3248 3249 3250 
s 2
f 3252 3248 3247 3251 
f 3253 3254 3255 3256 
s 1
f 3258 3254 3253 3257 
s 4
f 3747 3193 3259 3748 
f 3260 3261 3259 3193 
s 2
f 3744 3262 3263 3746 
s 1
f 3196 3264 3260 3193 
s 4
f 3744 3745 3265 3262 
s 8
f 3262 3260 3266 3267 
f 3199 3268 3266 3260 
s 2
f 3066 3070 3263 3262 
s 8
f 3269 3270 3268 3199 
s 1
f 3066 3271 3272 3067 
s 4
f 3265 3261 3260 3262 
s 1
f 3264 3203 3199 3260 
s 2
f 3273 3269 3199 3202 
s 8
f 3274 3275 3271 3066 
f 3267 3274 3066 3262 
s 4
f 3271 3269 3276 3277 
f 3269 3205 3278 3276 
s 1
f 3072 3076 3272 3271 
s 4
f 3279 3280 3278 3205 
s 2
f 3281 3282 3073 3072 
s 8
f 3275 3270 3269 3271 
s 2
f 3273 3209 3205 3269 
s 1
f 3208 3283 3279 3205 
s 4
f 3284 3285 3281 3072 
f 3277 3284 3072 3271 
s 8
f 3281 3279 3286 3287 
f 3211 3288 3286 3279 
s 2
f 3078 3082 3282 3281 
s 8
f 3289 3290 3288 3211 
s 1
f 3078 3291 3292 3079 
s 4
f 3285 3280 3279 3281 
s 1
f 3283 3215 3211 3279 
s 2
f 3293 3289 3211 3214 
s 8
f 3294 3295 3291 3078 
f 3294 3078 3281 3287 
s 4
f 3291 3289 3296 3297 
f 3289 3217 3298 3296 
s 1
f 3084 3088 3292 3291 
s 4
f 3299 3300 3298 3217 
s 2
f 3301 3302 3085 3084 
s 8
f 3295 3290 3289 3291 
s 2
f 3293 3221 3217 3289 
s 1
f 3220 3303 3299 3217 
s 4
f 3304 3305 3301 3084 
f 3297 3304 3084 3291 
s 8
f 3301 3299 3306 3307 
f 3223 3308 3306 3299 
s 2
f 3090 3094 3302 3301 
s 8
f 3309 3310 3308 3223 
s 1
f 3090 3311 3312 3091 
s 4
f 3305 3300 3299 3301 
s 1
f 3303 3227 3223 3299 
f 3313 3309 3223 3226 
s 8
f 3314 3315 3311 3090 
f 3307 3314 3090 3301 
s 16
f 3311 3309 3316 3317 
f 3309 3229 3318 3316 
s 1
f 3096 3100 3312 3311 
s 16
f 3319 3320 3318 3229 
s 4
f 3321 3322 3097 3096 
s 8
f 3315 3310 3309 3311 
s 1
f 3313 3233 3229 3309 
s 2
f 3232 3323 3319 3229 
s 16
f 3324 3325 3321 3096 
f 3317 3324 3096 3311 
s 8
f 3321 3319 3326 3327 
f 3319 3235 3328 3326 
s 4
f 3102 3106 3322 3321 
s 8
f 3329 3330 3328 3235 
s 1
f 3102 3331 3332 3103 
s 16
f 3325 3320 3319 3321 
s 2
f 3323 3239 3235 3319 
s 1
f 3333 3329 3235 3238 
s 8
f 3334 3335 3331 3102 
f 3327 3334 3102 3321 
s 4
f 3331 3329 3336 3337 
f 3329 3241 3338 3336 
s 1
f 3108 3112 3332 3331 
s 4
f 3339 3340 3338 3241 
s 2
f 3341 3342 3109 3108 
s 8
f 3335 3330 3329 3331 
s 1
f 3333 3245 3241 3329 
s 2
f 3244 3343 3339 3241 
s 4
f 3344 3345 3341 3108 
f 3337 3344 3108 3331 
s 8
f 3339 3346 3347 3341 
f 3339 3247 3348 3346 
s 2
f 3114 3118 3342 3341 
s 8
f 3349 3350 3348 3247 
s 1
f 3114 3351 3352 3115 
s 4
f 3345 3340 3339 3341 
s 2
f 3343 3251 3247 3339 
s 1
f 3353 3349 3247 3250 
s 8
f 3354 3355 3351 3114 
f 3347 3354 3114 3341 
s 4
f 3351 3349 3356 3357 
f 3349 3253 3358 3356 
s 1
f 3709 3711 3352 3351 
s 4
f 3708 3707 3358 3253 
s 8
f 3355 3350 3349 3351 
s 1
f 3353 3257 3253 3349 
s 2
f 3256 3706 3708 3253 
s 4
f 3710 3709 3351 3357 
s 1
f 3359 3360 3361 3362 
s 2
f 3364 3360 3359 3363 
f 3365 3366 3367 3368 
s 1
f 3370 3366 3365 3369 
f 3371 3372 3373 3374 
s 2
f 3376 3372 3371 3375 
f 3377 3378 3379 3380 
s 1
f 3382 3378 3377 3381 
s 4
f 3383 3384 3385 3386 
s 2
f 3388 3384 3383 3387 
f 3389 3390 3391 3392 
s 4
f 3394 3390 3389 3393 
s 1
f 3395 3396 3397 3398 
s 2
f 3400 3396 3395 3399 
s 8
f 3401 3402 3403 3404 
s 1
f 3406 3402 3401 3405 
s 8
f 3407 3408 3409 3410 
f 3412 3408 3407 3411 
s 1
f 3413 3414 3415 3416 
s 8
f 3418 3414 3413 3417 
s 2
f 3419 3420 3421 3422 
s 1
f 3424 3420 3419 3423 
s 2
f 3751 3750 3194 3198 
s 4
f 3428 3429 3427 3359 
s 1
f 3194 3430 3431 3195 
s 2
f 3359 3752 3753 3363 
s 1
f 3362 3432 3428 3359 
s 4
f 3433 3434 3430 3194 
s 8
f 3430 3428 3435 3436 
f 3365 3437 3435 3428 
s 1
f 3200 3204 3431 3430 
s 8
f 3438 3439 3437 3365 
s 2
f 3200 3440 3441 3201 
s 4
f 3434 3429 3428 3430 
s 1
f 3432 3369 3365 3428 
s 2
f 3442 3438 3365 3368 
s 8
f 3443 3444 3440 3200 
f 3436 3443 3200 3430 
s 4
f 3440 3438 3445 3446 
f 3438 3371 3447 3445 
s 2
f 3206 3210 3441 3440 
s 4
f 3448 3449 3447 3371 
s 1
f 3450 3451 3207 3206 
s 8
f 3444 3439 3438 3440 
s 2
f 3442 3375 3371 3438 
s 1
f 3374 3452 3448 3371 
s 4
f 3453 3454 3450 3206 
f 3446 3453 3206 3440 
s 8
f 3450 3448 3455 3456 
f 3377 3457 3455 3448 
s 1
f 3212 3216 3451 3450 
s 8
f 3458 3459 3457 3377 
s 2
f 3212 3460 3461 3213 
s 4
f 3454 3449 3448 3450 
s 1
f 3452 3381 3377 3448 
s 2
f 3462 3458 3377 3380 
s 8
f 3463 3464 3460 3212 
f 3463 3212 3450 3456 
s 1
f 3460 3458 3465 3466 
f 3458 3383 3467 3465 
s 2
f 3218 3222 3461 3460 
s 1
f 3468 3469 3467 3383 
f 3218 3470 3471 3219 
s 8
f 3464 3459 3458 3460 
s 2
f 3462 3387 3383 3458 
s 4
f 3386 3472 3468 3383 
s 1
f 3473 3474 3470 3218 
f 3466 3473 3218 3460 
f 3224 3228 3471 3470 
f 3224 3476 3477 3225 
f 3474 3469 3468 3470 
s 4
f 3472 3393 3389 3468 
s 2
f 3478 3475 3389 3392 
s 4
f 3476 3475 3479 3480 
f 3475 3395 3481 3479 
s 1
f 3230 3234 3477 3476 
s 4
f 3482 3483 3481 3395 
s 2
f 3230 3484 3485 3231 
f 3478 3399 3395 3475 
s 1
f 3398 3486 3482 3395 
s 4
f 3487 3488 3484 3230 
f 3480 3487 3230 3476 
s 16
f 3484 3482 3489 3490 
f 3482 3401 3491 3489 
s 2
f 3236 3240 3485 3484 
s 16
f 3492 3493 3491 3401 
s 1
f 3236 3494 3495 3237 
s 4
f 3488 3483 3482 3484 
s 1
f 3486 3405 3401 3482 
s 8
f 3496 3492 3401 3404 
s 16
f 3497 3498 3494 3236 
f 3490 3497 3236 3484 
s 4
f 3494 3492 3499 3500 
f 3492 3407 3501 3499 
s 1
f 3242 3246 3495 3494 
s 4
f 3502 3503 3501 3407 
s 2
f 3242 3504 3505 3243 
s 16
f 3498 3493 3492 3494 
s 8
f 3496 3411 3407 3492 
f 3410 3506 3502 3407 
s 4
f 3507 3508 3504 3242 
f 3500 3507 3242 3494 
s 16
f 3502 3509 3510 3504 
f 3502 3413 3511 3509 
s 2
f 3248 3252 3505 3504 
s 16
f 3512 3513 3511 3413 
s 1
f 3248 3514 3515 3249 
s 4
f 3508 3503 3502 3504 
s 8
f 3506 3417 3413 3502 
s 1
f 3516 3512 3413 3416 
s 16
f 3517 3518 3514 3248 
f 3510 3517 3248 3504 
s 4
f 3514 3512 3519 3520 
f 3512 3419 3521 3519 
s 1
f 3254 3258 3515 3514 
s 2
f 3254 3704 3705 3255 
s 16
f 3518 3513 3512 3514 
s 1
f 3516 3423 3419 3512 
s 2
f 3703 3702 3419 3422 
s 4
f 3523 3524 3704 3254 
f 3520 3523 3254 3514 
s 2
f 3760 3525 3526 3762 
s 1
f 3760 3761 3527 3525 
s 8
f 3528 3525 3529 3530 
f 3005 3531 3529 3525 
f 3005 3532 3533 3531 
s 2
f 3534 3526 3525 3528 
s 1
f 3527 3011 3005 3525 
s 4
f 3007 3535 3532 3005 
s 16
f 3536 3532 3537 3538 
f 3532 3013 3539 3537 
f 3013 3540 3541 3539 
s 8
f 3533 3532 3536 3542 
s 4
f 3019 3013 3532 3535 
s 2
f 3015 3543 3540 3013 
s 4
f 3540 3545 3546 3544 
f 3021 3547 3545 3540 
f 3021 3548 3549 3547 
s 16
f 3550 3541 3540 3544 
s 2
f 3027 3021 3540 3543 
s 1
f 3023 3551 3548 3021 
s 8
f 3552 3548 3553 3554 
f 3029 3555 3553 3548 
f 3029 3556 3557 3555 
s 4
f 3549 3548 3552 3558 
s 1
f 3551 3035 3029 3548 
s 2
f 3031 3559 3556 3029 
s 4
f 3560 3556 3561 3562 
f 3037 3563 3561 3556 
f 3037 3564 3565 3563 
s 8
f 3566 3557 3556 3560 
s 2
f 3559 3043 3037 3556 
s 1
f 3039 3567 3564 3037 
s 16
f 3568 3564 3569 3570 
f 3045 3571 3569 3564 
f 3045 3572 3573 3571 
s 4
f 3565 3564 3568 3574 
s 1
f 3567 3051 3045 3564 
s 2
f 3047 3575 3572 3045 
s 8
f 3576 3572 3577 3578 
f 3053 3579 3577 3572 
f 3053 3580 3581 3579 
s 16
f 3582 3573 3572 3576 
s 2
f 3575 3059 3053 3572 
s 4
f 3055 3583 3580 3053 
s 8
f 3584 3580 3585 3586 
f 3061 3587 3585 3580 
f 3061 3588 3589 3587 
f 3581 3580 3584 3590 
s 4
f 3583 3064 3061 3580 
s 1
f 3063 3591 3588 3061 
s 2
f 3592 3588 3593 3594 
f 3693 3695 3593 3588 
s 8
f 3595 3589 3588 3592 
s 1
f 3591 3694 3693 3588 
s 2
f 3364 3754 3755 3360 
s 4
f 3597 3759 3757 3596 
s 1
f 3360 3598 3599 3361 
s 2
f 3757 3758 3600 3596 
s 4
f 3601 3602 3598 3360 
f 3755 3756 3601 3360 
s 16
f 3598 3596 3603 3604 
f 3528 3605 3603 3596 
s 1
f 3366 3370 3599 3598 
s 16
f 3606 3607 3605 3528 
s 2
f 3366 3608 3609 3367 
s 4
f 3602 3597 3596 3598 
s 2
f 3600 3534 3528 3596 
s 8
f 3610 3606 3528 3530 
s 16
f 3611 3612 3608 3366 
f 3604 3611 3366 3598 
s 2
f 3372 3376 3609 3608 
s 1
f 3614 3615 3373 3372 
s 16
f 3612 3607 3606 3608 
s 8
f 3610 3542 3536 3606 
s 16
f 3538 3616 3613 3536 
s 8
f 3614 3613 3617 3618 
f 3544 3619 3617 3613 
s 1
f 3378 3382 3615 3614 
s 8
f 3620 3621 3619 3544 
s 2
f 3378 3622 3623 3379 
s 16
f 3616 3550 3544 3613 
s 4
f 3624 3620 3544 3546 
s 8
f 3625 3626 3622 3378 
f 3625 3378 3614 3618 
s 1
f 3622 3620 3627 3628 
f 3620 3552 3629 3627 
s 2
f 3384 3388 3623 3622 
s 1
f 3630 3631 3629 3552 
s 4
f 3384 3632 3633 3385 
s 8
f 3626 3621 3620 3622 
s 4
f 3624 3558 3552 3620 
s 8
f 3554 3634 3630 3552 
s 1
f 3635 3636 3632 3384 
f 3628 3635 3384 3622 
s 16
f 3632 3630 3637 3638 
f 3560 3639 3637 3630 
s 4
f 3390 3394 3633 3632 
s 16
f 3640 3641 3639 3560 
s 2
f 3390 3642 3643 3391 
s 1
f 3636 3631 3630 3632 
s 8
f 3634 3566 3560 3630 
s 4
f 3644 3640 3560 3562 
s 16
f 3645 3646 3642 3390 
f 3638 3645 3390 3632 
s 8
f 3642 3640 3647 3648 
f 3640 3568 3649 3647 
s 2
f 3396 3400 3643 3642 
s 8
f 3650 3651 3649 3568 
s 1
f 3396 3652 3653 3397 
s 16
f 3646 3641 3640 3642 
s 4
f 3644 3574 3568 3640 
s 16
f 3570 3654 3650 3568 
s 8
f 3655 3656 3652 3396 
f 3648 3655 3396 3642 
s 2
f 3652 3650 3657 3658 
f 3650 3576 3659 3657 
s 1
f 3402 3406 3653 3652 
s 2
f 3660 3661 3659 3576 
s 8
f 3402 3662 3663 3403 
f 3656 3651 3650 3652 
s 16
f 3654 3582 3576 3650 
s 8
f 3664 3660 3576 3578 
s 2
f 3665 3666 3662 3402 
f 3658 3665 3402 3652 
s 8
f 3408 3412 3663 3662 
f 3408 3668 3669 3409 
s 2
f 3666 3661 3660 3662 
s 8
f 3664 3590 3584 3660 
f 3586 3670 3667 3584 
s 4
f 3667 3671 3672 3668 
f 3667 3592 3673 3671 
s 8
f 3414 3418 3669 3668 
s 4
f 3674 3675 3673 3592 
s 1
f 3414 3676 3677 3415 
s 8
f 3670 3595 3592 3667 
s 2
f 3678 3674 3592 3594 
s 4
f 3679 3680 3676 3414 
f 3672 3679 3414 3668 
s 8
f 3676 3674 3681 3682 
f 3696 3697 3681 3674 
s 1
f 3420 3424 3677 3676 
s 4
f 3680 3675 3674 3676 
s 2
f 3678 3698 3696 3674 
s 8
f 3683 3700 3699 3420 
f 3682 3683 3420 3676 
s 2
f 2881 2882 3736 2880 
f 2935 3722 3724 2936 
s 1
f 3001 2997 3688 2999 
s 2
f 3747 3749 3197 3193 
f 3699 3701 3421 3420 
s 1
f 2883 3737 4432 3782 
s 2
f 2887 2886 3783 3784 
f 2889 2888 3785 3786 
s 1
f 2893 2892 3787 3788 
s 2
f 2895 2894 3789 3790 
f 2899 2898 3791 3792 
f 2901 2900 3793 3794 
s 1
f 2905 2904 3795 3796 
f 2907 2906 3797 3798 
f 2911 2910 3799 3800 
f 2913 2912 3801 3802 
f 3719 2915 3803 4414 
f 3735 2919 3807 4430 
f 2888 2918 3806 3785 
f 2922 2887 3784 3809 
f 3732 3731 4426 4427 
f 2923 2924 3811 3810 
f 2932 2899 3792 3817 
f 2933 2934 3819 3818 
f 2938 2939 3823 3822 
s 8
f 2939 3721 4416 3823 
s 1
f 3724 3722 4417 4419 
s 2
f 2936 3724 4419 3820 
s 4
f 3684 3779 4474 4380 
s 1
f 2955 2954 3833 3834 
s 2
f 3767 2959 3837 4462 
s 1
f 2960 3768 4463 3838 
s 4
f 2964 2966 3842 3841 
s 2
f 2943 2960 3838 3826 
s 8
f 2971 2970 3845 3846 
f 2972 2974 3848 3847 
s 1
f 2966 2975 3849 3842 
f 2979 2978 3851 3852 
s 4
f 2980 2982 3854 3853 
s 8
f 2987 2986 3857 3858 
f 2988 2990 3860 3859 
s 1
f 2982 2991 3861 3854 
f 2995 2994 3863 3864 
s 2
f 2994 2996 3865 3863 
f 3687 2992 3862 4383 
s 4
f 3007 3006 3872 3873 
s 1
f 3006 3008 3874 3872 
f 3003 3011 3876 3870 
s 4
f 3010 3019 3882 3875 
f 3020 2963 3840 3883 
s 1
f 3023 3022 3884 3885 
f 3022 3024 3886 3884 
f 3018 3027 3888 3881 
f 3031 3030 3890 3891 
f 3026 3035 3894 3887 
s 4
f 3036 2979 3852 3895 
s 1
f 3039 3038 3896 3897 
s 2
f 3038 3040 3898 3896 
s 1
f 3034 3043 3900 3893 
f 3047 3046 3902 3903 
f 3042 3051 3906 3899 
f 3052 2995 3864 3907 
s 4
f 3055 3054 3908 3909 
s 1
f 3054 3056 3910 3908 
s 2
f 3050 3059 3912 3905 
f 3063 3062 3914 3915 
s 1
f 3058 3064 3916 3911 
s 2
f 3068 3067 3917 3918 
f 3070 3069 3919 3920 
f 3074 3073 3921 3922 
s 1
f 3076 3075 3923 3924 
f 3080 3079 3925 3926 
s 2
f 3082 3081 3927 3928 
f 3086 3085 3929 3930 
f 3088 3087 3931 3932 
s 1
f 3092 3091 3933 3934 
f 3094 3093 3935 3936 
f 3098 3097 3937 3938 
s 2
f 3100 3099 3939 3940 
f 3104 3103 3941 3942 
s 1
f 3106 3105 3943 3944 
s 2
f 3110 3109 3945 3946 
f 3112 3111 3947 3948 
f 3116 3115 3949 3950 
s 1
f 3118 3117 3951 3952 
f 3124 3068 3918 3956 
f 3126 3128 3960 3958 
s 8
f 3134 3127 3959 3964 
s 4
f 2886 3142 3970 3783 
s 2
f 3143 3080 3926 3971 
s 1
f 3144 3137 3967 3972 
s 2
f 3146 3148 3976 3974 
s 4
f 2892 3152 3978 3787 
s 1
f 3154 3147 3975 3980 
f 2898 3158 3982 3791 
f 3159 3092 3934 3983 
f 3160 3162 3986 3984 
s 2
f 2904 3166 3988 3795 
f 3168 3161 3985 3990 
s 1
f 3170 3172 3994 3992 
s 2
f 2910 3176 3996 3799 
s 1
f 3177 3104 3942 3997 
s 8
f 3178 3171 3993 3998 
s 1
f 3180 3182 4002 4000 
s 4
f 2915 3186 4004 3803 
s 1
f 3188 3181 4001 4006 
f 3190 3192 4010 4008 
f 3716 3191 4009 4411 
s 4
f 3715 3716 4411 4410 
s 2
f 3196 3195 4011 4012 
f 3198 3197 4013 4014 
s 1
f 3202 3201 4015 4016 
f 3204 3203 4017 4018 
s 2
f 3208 3207 4019 4020 
s 1
f 3210 3209 4021 4022 
f 3214 3213 4023 4024 
s 2
f 3216 3215 4025 4026 
f 3220 3219 4027 4028 
f 3222 3221 4029 4030 
s 1
f 3226 3225 4031 4032 
s 2
f 3228 3227 4033 4034 
f 3232 3231 4035 4036 
s 1
f 3234 3233 4037 4038 
s 2
f 3238 3237 4039 4040 
s 1
f 3240 3239 4041 4042 
s 2
f 3244 3243 4043 4044 
s 1
f 3246 3245 4045 4046 
s 2
f 3250 3249 4047 4048 
s 1
f 3252 3251 4049 4050 
f 3256 3255 4051 4052 
f 3258 3257 4053 4054 
f 3747 3748 4443 4442 
s 2
f 3748 3259 4055 4443 
s 1
f 3746 3263 4057 4441 
s 8
f 3744 3746 4441 4439 
s 1
f 3749 3747 4442 4444 
s 2
f 3197 3749 4444 4013 
s 1
f 3267 3266 4060 4061 
s 4
f 3067 3272 4064 3917 
s 2
f 3273 3202 4016 4065 
s 8
f 3274 3267 4061 4066 
s 4
f 3277 3276 4068 4069 
f 3276 3278 4070 4068 
s 1
f 3284 3277 4069 4074 
f 3287 3286 4076 4077 
f 3079 3292 4080 3925 
s 4
f 3293 3214 4024 4081 
s 8
f 3294 3287 4077 4082 
s 4
f 3297 3296 4084 4085 
s 1
f 3296 3298 4086 4084 
s 4
f 3304 3297 4085 4090 
s 8
f 3307 3306 4092 4093 
s 1
f 3091 3312 4096 3933 
f 3313 3226 4032 4097 
s 8
f 3314 3307 4093 4098 
s 16
f 3317 3316 4100 4101 
s 1
f 3316 3318 4102 4100 
f 3324 3317 4101 4106 
f 3327 3326 4108 4109 
s 8
f 3326 3328 4110 4108 
s 4
f 3103 3332 4112 3941 
f 3333 3238 4040 4113 
s 2
f 3334 3327 4109 4114 
s 4
f 3337 3336 4116 4117 
s 1
f 3336 3338 4118 4116 
f 3344 3337 4117 4122 
f 3346 3348 4126 4124 
s 4
f 3115 3352 4128 3949 
f 3353 3250 4048 4129 
s 8
f 3354 3347 4125 4130 
s 1
f 3357 3356 4132 4133 
s 2
f 3356 3358 4134 4132 
s 1
f 3708 3706 4401 4403 
s 2
f 3710 3357 4133 4405 
f 3362 3361 4135 4136 
f 3364 3363 4137 4138 
f 3368 3367 4139 4140 
f 3370 3369 4141 4142 
f 3374 3373 4143 4144 
f 3376 3375 4145 4146 
f 3380 3379 4147 4148 
f 3382 3381 4149 4150 
s 1
f 3386 3385 4151 4152 
s 2
f 3388 3387 4153 4154 
f 3392 3391 4155 4156 
s 1
f 3394 3393 4157 4158 
s 2
f 3398 3397 4159 4160 
f 3400 3399 4161 4162 
s 1
f 3404 3403 4163 4164 
s 2
f 3406 3405 4165 4166 
s 1
f 3410 3409 4167 4168 
s 8
f 3412 3411 4169 4170 
s 2
f 3416 3415 4171 4172 
s 8
f 3418 3417 4173 4174 
s 1
f 3422 3421 4175 4176 
f 3424 3423 4177 4178 
s 4
f 3426 3425 4179 4180 
f 3425 3427 4181 4179 
s 2
f 3751 3198 4014 4446 
s 4
f 3195 3431 4183 4011 
s 2
f 3363 3753 4448 4137 
s 1
f 3433 3426 4180 4185 
f 3436 3435 4187 4188 
s 2
f 3201 3441 4191 4015 
s 1
f 3442 3368 4140 4192 
s 8
f 3443 3436 4188 4193 
s 1
f 3446 3445 4195 4196 
s 2
f 3445 3447 4197 4195 
f 3453 3446 4196 4201 
s 1
f 3456 3455 4203 4204 
s 4
f 3213 3461 4207 4023 
s 2
f 3462 3380 4148 4208 
f 3463 3456 4204 4209 
s 1
f 3466 3465 4211 4212 
f 3465 3467 4213 4211 
s 4
f 3219 3471 4215 4027 
s 1
f 3473 3466 4212 4217 
s 2
f 3225 3477 4219 4031 
f 3478 3392 4156 4220 
s 4
f 3480 3479 4221 4222 
s 1
f 3479 3481 4223 4221 
s 2
f 3231 3485 4225 4035 
s 1
f 3487 3480 4222 4227 
s 16
f 3490 3489 4229 4230 
s 1
f 3489 3491 4231 4229 
s 4
f 3237 3495 4233 4039 
s 2
f 3496 3404 4164 4234 
s 16
f 3497 3490 4230 4235 
s 4
f 3500 3499 4237 4238 
f 3499 3501 4239 4237 
s 2
f 3243 3505 4241 4043 
s 4
f 3507 3500 4238 4243 
s 1
f 3509 3511 4247 4245 
s 4
f 3249 3515 4249 4047 
f 3516 3416 4172 4250 
s 1
f 3517 3510 4246 4251 
s 4
f 3520 3519 4253 4254 
f 3519 3521 4255 4253 
f 3521 3522 4256 4255 
f 3255 3705 4400 4051 
f 3703 3422 4176 4398 
f 3523 3520 4254 4257 
s 2
f 3762 3526 4259 4457 
s 4
f 3760 3762 4457 4455 
s 8
f 3530 3529 4261 4262 
f 3531 3533 4264 4263 
s 1
f 3538 3537 4267 4268 
s 16
f 3537 3539 4269 4267 
f 3539 3541 4270 4269 
s 1
f 3533 3542 4271 4264 
f 3019 3535 4266 3882 
s 4
f 3547 3549 4276 4275 
s 2
f 3027 3543 4272 3888 
s 8
f 3554 3553 4279 4280 
s 1
f 3555 3557 4282 4281 
s 4
f 3549 3558 4283 4276 
s 1
f 3562 3561 4285 4286 
s 4
f 3563 3565 4288 4287 
s 16
f 3570 3569 4291 4292 
s 1
f 3571 3573 4294 4293 
f 3565 3574 4295 4288 
f 3578 3577 4297 4298 
f 3579 3581 4300 4299 
s 8
f 3586 3585 4303 4304 
f 3587 3589 4306 4305 
s 2
f 3581 3590 4307 4300 
s 1
f 3594 3593 4309 4310 
f 3755 3754 4449 4450 
f 3361 3599 4313 4135 
f 3604 3603 4317 4318 
s 2
f 3367 3609 4321 4139 
s 1
f 3610 3530 4262 4322 
s 8
f 3618 3617 4327 4328 
s 2
f 3379 3623 4331 4147 
s 4
f 3624 3546 4274 4332 
s 1
f 3625 3618 4328 4333 
f 3628 3627 4335 4336 
s 2
f 3627 3629 4337 4335 
f 3385 3633 4339 4151 
f 3635 3628 4336 4341 
s 1
f 3638 3637 4343 4344 
s 2
f 3391 3643 4347 4155 
s 4
f 3644 3562 4286 4348 
s 2
f 3645 3638 4344 4349 
s 8
f 3648 3647 4351 4352 
s 1
f 3647 3649 4353 4351 
s 4
f 3397 3653 4355 4159 
s 8
f 3655 3648 4352 4357 
s 2
f 3658 3657 4359 4360 
f 3657 3659 4361 4359 
f 3403 3663 4363 4163 
s 8
f 3664 3578 4298 4364 
s 1
f 3665 3658 4360 4365 
s 2
f 3409 3669 4367 4167 
s 1
f 3671 3673 4371 4369 
s 4
f 3415 3677 4373 4171 
f 3678 3594 4310 4374 
s 1
f 3679 3672 4370 4375 
f 3682 3681 4377 4378 
f 3701 3699 4394 4396 
s 4
f 3421 3701 4396 4175 
s 2
f 3683 3682 4378 4379 
f 2882 2881 3780 3781 
s 8
f 3737 3736 4431 4432 
s 4
f 3718 3719 4414 4413 
s 1
f 2917 2916 3804 3805 
s 4
f 2918 2882 3781 3806 
s 8
f 3734 3735 4430 4429 
s 4
f 2919 2921 3808 3807 
s 2
f 3731 2923 3810 4426 
s 8
f 2924 2926 3812 3811 
s 1
f 3733 3732 4427 4428 
s 4
f 2921 3733 4428 3808 
f 2894 2922 3809 3789 
s 2
f 2927 2893 3788 3813 
s 1
f 3730 2928 3814 4425 
s 2
f 3728 3730 4425 4423 
f 2928 2929 3815 3814 
s 4
f 2929 2931 3816 3815 
s 2
f 3729 3728 4423 4424 
s 8
f 2926 3729 4424 3812 
s 2
f 2900 2927 3813 3793 
s 4
f 3727 2933 3818 4422 
s 1
f 3725 3727 4422 4420 
s 2
f 2934 2936 3820 3819 
s 1
f 3726 3725 4420 4421 
s 4
f 2931 3726 4421 3816 
s 1
f 2906 2932 3817 3797 
s 4
f 2937 2905 3796 3821 
s 2
f 3723 2938 3822 4418 
s 1
f 3722 3723 4418 4417 
s 4
f 3721 3720 4415 4416 
s 2
f 2912 2937 3821 3801 
s 1
f 2940 2911 3800 3824 
f 2916 2940 3824 3804 
s 4
f 3772 3770 4465 4467 
s 2
f 2942 3772 4467 3825 
f 3771 2943 3826 4466 
s 4
f 3770 3771 4466 4465 
f 3775 3773 4468 4470 
s 1
f 2945 3775 4470 3827 
f 3774 2946 3828 4469 
s 4
f 3773 3774 4469 4468 
f 3778 3776 4471 4473 
s 2
f 2948 3778 4473 3829 
f 3777 2949 3830 4472 
s 4
f 3776 3777 4472 4471 
f 3685 3684 4380 4381 
s 1
f 2951 3685 4381 3831 
f 3779 2952 3832 4474 
f 2954 2956 3835 3833 
s 2
f 2956 2958 3836 3835 
s 4
f 3766 3767 4462 4461 
f 3768 3769 4464 4463 
f 2963 2962 3839 3840 
s 1
f 2962 2964 3841 3839 
s 4
f 2958 2967 3843 3836 
f 2968 2942 3825 3844 
s 8
f 2970 2972 3847 3845 
s 1
f 2946 2968 3844 3828 
s 4
f 2976 2945 3827 3850 
f 2978 2980 3853 3851 
s 8
f 2974 2983 3855 3848 
s 2
f 2949 2976 3850 3830 
s 4
f 2984 2948 3829 3856 
s 8
f 2986 2988 3859 3857 
s 1
f 2952 2984 3856 3832 
s 4
f 2992 2951 3831 3862 
f 2996 2997 3866 3865 
s 1
f 2990 2998 3867 3860 
s 4
f 3686 3687 4383 4382 
s 1
f 3000 3689 4384 3868 
s 2
f 2997 3001 3869 3866 
s 1
f 3765 3003 3870 4460 
s 4
f 3763 3765 4460 4458 
f 3764 3763 4458 4459 
s 1
f 3004 3764 4459 3871 
s 2
f 3008 3010 3875 3874 
f 2959 3004 3871 3837 
f 3012 2955 3834 3877 
s 1
f 3015 3014 3878 3879 
s 4
f 3014 3016 3880 3878 
s 2
f 3016 3018 3881 3880 
s 8
f 2967 3012 3877 3843 
s 1
f 3024 3026 3887 3886 
s 2
f 2975 3020 3883 3849 
s 1
f 3028 2971 3846 3889 
s 4
f 3030 3032 3892 3890 
s 8
f 3032 3034 3893 3892 
f 2983 3028 3889 3855 
s 1
f 3040 3042 3899 3898 
s 2
f 2991 3036 3895 3861 
s 1
f 3044 2987 3858 3901 
s 4
f 3046 3048 3904 3902 
s 2
f 3048 3050 3905 3904 
f 2998 3044 3901 3867 
f 3056 3058 3911 3910 
s 1
f 3001 3052 3907 3869 
s 4
f 3060 3000 3868 3913 
f 3692 3691 4386 4387 
s 8
f 3062 3692 4387 3914 
s 2
f 3690 3060 3913 4385 
s 4
f 3691 3690 4385 4386 
s 1
f 3741 3119 3953 4436 
s 8
f 3742 3741 4436 4437 
s 4
f 3119 3121 3954 3953 
s 2
f 3740 3123 3955 4435 
s 8
f 3738 3740 4435 4433 
f 3743 3742 4437 4438 
s 2
f 3069 3743 4438 3919 
s 8
f 3739 3738 4433 4434 
s 4
f 3125 3739 4434 3957 
s 8
f 3127 3126 3958 3959 
s 1
f 3123 2883 3782 3955 
s 8
f 3128 3130 3961 3960 
s 2
f 2881 3132 3962 3780 
s 4
f 3121 3125 3957 3954 
s 1
f 3075 3124 3956 3923 
s 2
f 3133 3074 3922 3963 
s 8
f 3135 3134 3964 3965 
s 2
f 3137 3136 3966 3967 
s 4
f 3136 3138 3968 3966 
s 2
f 3132 2889 3786 3962 
s 4
f 3138 3140 3969 3968 
s 8
f 3130 3135 3965 3961 
s 2
f 3081 3133 3963 3927 
f 3145 3144 3972 3973 
f 3147 3146 3974 3975 
s 1
f 3142 2895 3790 3970 
s 2
f 3148 3150 3977 3976 
s 1
f 3140 3145 3973 3969 
f 3087 3143 3971 3931 
f 3153 3086 3930 3979 
s 4
f 3155 3154 3980 3981 
s 1
f 3152 2901 3794 3978 
f 3150 3155 3981 3977 
s 4
f 3093 3153 3979 3935 
f 3161 3160 3984 3985 
s 1
f 3158 2907 3798 3982 
s 4
f 3162 3164 3987 3986 
s 1
f 3099 3159 3983 3939 
s 4
f 3167 3098 3938 3989 
s 2
f 3169 3168 3990 3991 
f 3171 3170 3992 3993 
s 8
f 3166 2913 3802 3988 
s 2
f 3172 3174 3995 3994 
f 3164 3169 3991 3987 
s 4
f 3105 3167 3989 3943 
s 8
f 3179 3178 3998 3999 
s 2
f 3181 3180 4000 4001 
s 4
f 3176 2917 3805 3996 
f 3182 3184 4003 4002 
s 1
f 3174 3179 3999 3995 
f 3111 3177 3997 3947 
s 2
f 3187 3110 3946 4005 
f 3189 3188 4006 4007 
f 3191 3190 4008 4009 
s 4
f 3717 3715 4410 4412 
s 2
f 3186 3717 4412 4004 
f 3713 3712 4407 4408 
s 8
f 3192 3713 4408 4010 
s 4
f 3184 3189 4007 4003 
s 2
f 3117 3187 4005 3951 
s 4
f 3714 3116 3950 4409 
s 2
f 3712 3714 4409 4407 
s 4
f 3259 3261 4056 4055 
s 1
f 3264 3196 4012 4058 
s 8
f 3745 3744 4439 4440 
s 4
f 3265 3745 4440 4059 
s 8
f 3266 3268 4062 4060 
s 2
f 3263 3070 3920 4057 
s 8
f 3268 3270 4063 4062 
s 4
f 3261 3265 4059 4056 
s 1
f 3203 3264 4058 4017 
s 8
f 3275 3274 4066 4067 
s 2
f 3272 3076 3924 4064 
s 1
f 3278 3280 4071 4070 
f 3073 3282 4072 3921 
s 8
f 3270 3275 4067 4063 
s 2
f 3209 3273 4065 4021 
s 1
f 3283 3208 4020 4073 
s 4
f 3285 3284 4074 4075 
s 2
f 3286 3288 4078 4076 
f 3282 3082 3928 4072 
s 1
f 3288 3290 4079 4078 
s 4
f 3280 3285 4075 4071 
f 3215 3283 4073 4025 
s 8
f 3295 3294 4082 4083 
s 1
f 3292 3088 3932 4080 
s 2
f 3298 3300 4087 4086 
f 3085 3302 4088 3929 
f 3290 3295 4083 4079 
f 3221 3293 4081 4029 
s 1
f 3303 3220 4028 4089 
s 4
f 3305 3304 4090 4091 
s 8
f 3306 3308 4094 4092 
s 4
f 3302 3094 3936 4088 
s 8
f 3308 3310 4095 4094 
s 4
f 3300 3305 4091 4087 
f 3227 3303 4089 4033 
s 1
f 3315 3314 4098 4099 
f 3312 3100 3940 4096 
s 2
f 3318 3320 4103 4102 
s 4
f 3097 3322 4104 3937 
s 2
f 3310 3315 4099 4095 
s 1
f 3233 3313 4097 4037 
s 2
f 3323 3232 4036 4105 
f 3325 3324 4106 4107 
s 4
f 3322 3106 3944 4104 
s 8
f 3328 3330 4111 4110 
s 16
f 3320 3325 4107 4103 
s 4
f 3239 3323 4105 4041 
s 1
f 3335 3334 4114 4115 
s 8
f 3332 3112 3948 4112 
s 2
f 3338 3340 4119 4118 
f 3109 3342 4120 3945 
f 3330 3335 4115 4111 
f 3245 3333 4113 4045 
f 3343 3244 4044 4121 
f 3345 3344 4122 4123 
f 3347 3346 4124 4125 
f 3342 3118 3952 4120 
s 8
f 3348 3350 4127 4126 
s 4
f 3340 3345 4123 4119 
s 2
f 3251 3343 4121 4049 
s 8
f 3355 3354 4130 4131 
f 3711 3709 4404 4406 
s 1
f 3352 3711 4406 4128 
f 3707 3708 4403 4402 
s 4
f 3358 3707 4402 4134 
s 1
f 3350 3355 4131 4127 
f 3257 3353 4129 4053 
s 4
f 3706 3256 4052 4401 
s 8
f 3709 3710 4405 4404 
s 1
f 3750 3751 4446 4445 
s 4
f 3427 3429 4182 4181 
s 1
f 3753 3752 4447 4448 
f 3432 3362 4136 4184 
s 4
f 3434 3433 4185 4186 
s 2
f 3435 3437 4189 4187 
s 1
f 3431 3204 4018 4183 
f 3437 3439 4190 4189 
s 4
f 3429 3434 4186 4182 
s 1
f 3369 3432 4184 4141 
s 8
f 3444 3443 4193 4194 
s 2
f 3441 3210 4022 4191 
s 1
f 3447 3449 4198 4197 
f 3207 3451 4199 4019 
s 8
f 3439 3444 4194 4190 
s 4
f 3375 3442 4192 4145 
s 1
f 3452 3374 4144 4200 
f 3454 3453 4201 4202 
s 2
f 3455 3457 4205 4203 
s 1
f 3451 3216 4026 4199 
s 8
f 3457 3459 4206 4205 
s 2
f 3449 3454 4202 4198 
s 1
f 3381 3452 4200 4149 
f 3464 3463 4209 4210 
f 3461 3222 4030 4207 
s 2
f 3467 3469 4214 4213 
s 8
f 3459 3464 4210 4206 
s 2
f 3387 3462 4208 4153 
f 3472 3386 4152 4216 
f 3474 3473 4217 4218 
s 8
f 3471 3228 4034 4215 
s 4
f 3469 3474 4218 4214 
f 3393 3472 4216 4157 
f 3477 3234 4038 4219 
f 3481 3483 4224 4223 
s 2
f 3399 3478 4220 4161 
s 1
f 3486 3398 4160 4226 
s 4
f 3488 3487 4227 4228 
f 3485 3240 4042 4225 
s 16
f 3491 3493 4232 4231 
s 4
f 3483 3488 4228 4224 
f 3405 3486 4226 4165 
s 16
f 3498 3497 4235 4236 
s 2
f 3495 3246 4046 4233 
s 4
f 3501 3503 4240 4239 
s 16
f 3493 3498 4236 4232 
s 1
f 3411 3496 4234 4169 
s 8
f 3506 3410 4168 4242 
s 1
f 3508 3507 4243 4244 
s 2
f 3510 3509 4245 4246 
f 3505 3252 4050 4241 
f 3511 3513 4248 4247 
f 3503 3508 4244 4240 
s 8
f 3417 3506 4242 4173 
s 2
f 3518 3517 4251 4252 
f 3515 3258 4054 4249 
s 1
f 3705 3704 4399 4400 
s 16
f 3513 3518 4252 4248 
s 2
f 3423 3516 4250 4177 
s 1
f 3702 3703 4398 4397 
f 3524 3523 4257 4258 
s 2
f 3522 3524 4258 4256 
s 4
f 3761 3760 4455 4456 
s 2
f 3527 3761 4456 4260 
s 8
f 3529 3531 4263 4261 
s 2
f 3526 3534 4265 4259 
s 1
f 3011 3527 4260 3876 
s 2
f 3535 3007 3873 4266 
s 4
f 3543 3015 3879 4272 
f 3546 3545 4273 4274 
f 3545 3547 4275 4273 
s 16
f 3541 3550 4277 4270 
s 2
f 3551 3023 3885 4278 
f 3553 3555 4281 4279 
s 1
f 3035 3551 4278 3894 
s 2
f 3559 3031 3891 4284 
s 4
f 3561 3563 4287 4285 
s 8
f 3557 3566 4289 4282 
s 4
f 3043 3559 4284 3900 
s 2
f 3567 3039 3897 4290 
s 16
f 3569 3571 4293 4291 
s 1
f 3051 3567 4290 3906 
s 2
f 3575 3047 3903 4296 
s 8
f 3577 3579 4299 4297 
s 16
f 3573 3582 4301 4294 
s 2
f 3059 3575 4296 3912 
s 4
f 3583 3055 3909 4302 
s 8
f 3585 3587 4305 4303 
s 4
f 3064 3583 4302 3916 
f 3591 3063 3915 4308 
f 3695 3693 4388 4390 
s 8
f 3593 3695 4390 4309 
f 3589 3595 4311 4306 
s 1
f 3694 3591 4308 4389 
s 4
f 3693 3694 4389 4388 
s 2
f 3754 3364 4138 4449 
s 4
f 3759 3597 4312 4454 
s 1
f 3757 3759 4454 4452 
f 3758 3757 4452 4453 
s 4
f 3600 3758 4453 4314 
f 3602 3601 4315 4316 
s 1
f 3756 3755 4450 4451 
s 2
f 3601 3756 4451 4315 
s 16
f 3603 3605 4319 4317 
s 1
f 3599 3370 4142 4313 
f 3605 3607 4320 4319 
s 4
f 3597 3602 4316 4312 
s 2
f 3534 3600 4314 4265 
s 1
f 3612 3611 4323 4324 
s 2
f 3611 3604 4318 4323 
f 3609 3376 4146 4321 
s 4
f 3373 3615 4325 4143 
s 16
f 3607 3612 4324 4320 
s 8
f 3542 3610 4322 4271 
s 16
f 3616 3538 4268 4326 
s 8
f 3617 3619 4329 4327 
f 3615 3382 4150 4325 
s 1
f 3619 3621 4330 4329 
f 3550 3616 4326 4277 
s 2
f 3626 3625 4333 4334 
s 1
f 3623 3388 4154 4331 
f 3629 3631 4338 4337 
s 8
f 3621 3626 4334 4330 
s 4
f 3558 3624 4332 4283 
s 8
f 3634 3554 4280 4340 
s 1
f 3636 3635 4341 4342 
s 2
f 3637 3639 4345 4343 
s 8
f 3633 3394 4158 4339 
s 16
f 3639 3641 4346 4345 
s 1
f 3631 3636 4342 4338 
f 3566 3634 4340 4289 
s 16
f 3646 3645 4349 4350 
s 2
f 3643 3400 4162 4347 
s 8
f 3649 3651 4354 4353 
s 1
f 3641 3646 4350 4346 
s 4
f 3574 3644 4348 4295 
s 16
f 3654 3570 4292 4356 
s 8
f 3656 3655 4357 4358 
f 3653 3406 4166 4355 
s 1
f 3659 3661 4362 4361 
s 8
f 3651 3656 4358 4354 
s 16
f 3582 3654 4356 4301 
s 4
f 3666 3665 4365 4366 
s 1
f 3663 3412 4170 4363 
s 2
f 3661 3666 4366 4362 
s 1
f 3590 3664 4364 4307 
f 3670 3586 4304 4368 
s 4
f 3672 3671 4369 4370 
s 1
f 3669 3418 4174 4367 
s 4
f 3673 3675 4372 4371 
s 8
f 3595 3670 4368 4311 
s 4
f 3680 3679 4375 4376 
s 1
f 3697 3696 4391 4392 
s 2
f 3681 3697 4392 4377 
s 1
f 3677 3424 4178 4373 
s 4
f 3675 3680 4376 4372 
s 2
f 3698 3678 4374 4393 
s 1
f 3696 3698 4393 4391 
s 8
f 3700 3683 4379 4395 
s 1
f 3699 3700 4395 4394 
f 3536 3613 3614 3606 
f 3614 3372 3608 3606 
f 3389 3475 3476 3468 
f 3476 3224 3470 3468 
s 8
f 3584 3667 3668 3660 
f 3668 3408 3662 3660 
s 2
f 3149 3157 2897 3151 
f 3149 3089 3156 3157 
s 4
f 3425 3752 3359 3427 
f 3750 3426 3433 3194 
s 2
f 3734 2918 2888 2884 
s 1
f 3718 2916 2917 2914 
s 4
f 3702 3522 3521 3419 
s 1
f 3686 2996 2994 2989 
s off
f 2849 2850 4476 4475 
f 2850 2877 4477 4476 
f 2877 2878 4478 4477 
f 2878 2879 4479 4478 
f 2879 2851 4480 4479 
f 2851 2852 4481 4480 
f 2852 2853 4482 4481 
f 2853 2854 4483 4482 
f 2854 2855 4484 4483 
f 2855 2856 4485 4484 
f 2856 2871 4486 4485 
f 2871 2870 4487 4486 
f 2870 2869 4488 4487 
f 2869 2868 4489 4488 
f 2868 2867 4490 4489 
f 2867 2033 4491 4490 
f 2033 2865 4492 4491 
f 2865 2866 4493 4492 
f 2866 2863 4494 4493 
f 2863 2864 4495 4494 
f 2864 2876 4496 4495 
f 2876 2875 4497 4496 
f 2875 2874 4498 4497 
f 2874 2873 4499 4498 
f 2873 2872 4500 4499 
f 2872 2857 4501 4500 
f 2857 2858 4502 4501 
f 2858 2859 4503 4502 
f 2859 2860 4504 4503 
f 2860 2861 4505 4504 
f 2861 2862 4506 4505 
f 2862 2849 4475 4506 
s 1
f 4507 4508 4830 4829 
f 5150 5152 4894 4896 
f 4895 4893 4636 4699 
f 4900 4898 4570 
f 4508 4509 4831 4830 
f 5152 5154 4902 4894 
f 4893 4901 4637 4636 
f 4898 4904 4570 
f 4509 4510 4832 4831 
f 5154 5156 4906 4902 
f 4901 4905 4638 4637 
f 4904 4908 4570 
f 4510 4511 4833 4832 
f 5156 5158 4910 4906 
f 4905 4909 4639 4638 
f 4908 4912 4570 
f 4511 4512 4834 4833 
f 5158 5160 4914 4910 
f 4909 4913 4640 4639 
f 4912 4916 4570 
f 4512 4513 4835 4834 
f 5160 5162 4918 4914 
f 4913 4917 4641 4640 
f 4916 4920 4570 
f 4513 4514 4836 4835 
f 5162 5164 4922 4918 
f 4917 4921 4642 4641 
f 4920 4924 4570 
f 4514 4515 4837 4836 
f 5164 5166 4926 4922 
f 4921 4925 4643 4642 
f 4924 4928 4570 
f 4515 4516 4838 4837 
f 5166 5168 4930 4926 
f 4925 4929 4644 4643 
f 4928 4932 4570 
f 4516 4517 4839 4838 
f 5168 5170 4934 4930 
f 4929 4933 4645 4644 
f 4932 4936 4570 
f 4517 4518 4840 4839 
f 5170 5172 4938 4934 
f 4933 4937 4646 4645 
f 4936 4940 4570 
f 4518 4519 4841 4840 
f 5172 5174 4942 4938 
f 4937 4941 4647 4646 
f 4940 4944 4570 
f 4519 4520 4842 4841 
f 5174 5176 4946 4942 
f 4941 4945 4648 4647 
f 4944 4948 4570 
f 4520 4521 4843 4842 
f 5176 5178 4950 4946 
f 4945 4949 4649 4648 
f 4948 4952 4570 
f 4521 4522 4844 4843 
f 5178 5180 4954 4950 
f 4949 4953 4650 4649 
f 4952 4956 4570 
f 4522 4523 4845 4844 
f 5180 5182 4958 4954 
f 4953 4957 4651 4650 
f 4956 4960 4570 
f 4523 4524 4846 4845 
f 5182 5184 4962 4958 
f 4957 4961 4652 4651 
f 4960 4964 4570 
f 4524 4525 4847 4846 
f 5184 5186 4966 4962 
f 4961 4965 4653 4652 
f 4964 4968 4570 
f 4525 4526 4848 4847 
f 5186 5188 4970 4966 
f 4965 4969 4654 4653 
f 4968 4972 4570 
f 4526 4527 4849 4848 
f 5188 5190 4974 4970 
f 4969 4973 4655 4654 
f 4972 4976 4570 
f 4527 4528 4850 4849 
f 5190 5192 4978 4974 
f 4973 4977 4656 4655 
f 4976 4980 4570 
f 4528 4529 4851 4850 
f 5192 5194 4982 4978 
f 4977 4981 4657 4656 
f 4980 4984 4570 
f 4529 4530 4852 4851 
f 5194 5196 4986 4982 
f 4981 4985 4658 4657 
f 4984 4988 4570 
f 4530 4531 4853 4852 
f 5196 5198 4990 4986 
f 4985 4989 4659 4658 
f 4988 4992 4570 
f 4531 4532 4854 4853 
f 5198 5200 4994 4990 
f 4989 4993 4660 4659 
f 4992 4996 4570 
f 4532 4533 4855 4854 
f 5200 5202 4998 4994 
f 4993 4997 4661 4660 
f 4996 5000 4570 
f 4533 4534 4856 4855 
f 5202 5204 5002 4998 
f 4997 5001 4662 4661 
f 5000 5004 4570 
f 4534 4535 4857 4856 
f 5204 5206 5006 5002 
f 5001 5005 4663 4662 
f 5004 5008 4570 
f 4535 4536 4858 4857 
f 5206 5208 5010 5006 
f 5005 5009 4664 4663 
f 5008 5012 4570 
f 4536 4537 4859 4858 
f 5208 5210 5014 5010 
f 5009 5013 4665 4664 
f 5012 5016 4570 
f 4537 4538 4860 4859 
f 5210 5212 5018 5014 
f 5013 5017 4666 4665 
f 5016 5020 4570 
f 4538 4539 4861 4860 
f 5212 5214 5022 5018 
f 5017 5021 4667 4666 
f 5020 5024 4570 
f 4539 4540 4862 4861 
f 5214 5216 5026 5022 
f 5021 5025 4668 4667 
f 5024 5028 4570 
f 4540 4541 4863 4862 
f 5216 5218 5030 5026 
f 5025 5029 4669 4668 
f 5028 5032 4570 
f 4541 4542 4864 4863 
f 5218 5220 5034 5030 
f 5029 5033 4670 4669 
f 5032 5036 4570 
f 4542 4543 4865 4864 
f 5220 5222 5038 5034 
f 5033 5037 4671 4670 
f 5036 5040 4570 
f 4543 4544 4866 4865 
f 5222 5224 5042 5038 
f 5037 5041 4672 4671 
f 5040 5044 4570 
f 4544 4545 4867 4866 
f 5224 5226 5046 5042 
f 5041 5045 4673 4672 
f 5044 5048 4570 
f 4545 4546 4868 4867 
f 5226 5228 5050 5046 
f 5045 5049 4674 4673 
f 5048 5052 4570 
f 4546 4547 4869 4868 
f 5228 5230 5054 5050 
f 5049 5053 4675 4674 
f 5052 5056 4570 
f 4547 4548 4870 4869 
f 5230 5232 5058 5054 
f 5053 5057 4676 4675 
f 5056 5060 4570 
f 4548 4549 4871 4870 
f 5232 5234 5062 5058 
f 5057 5061 4677 4676 
f 5060 5064 4570 
f 4549 4550 4872 4871 
f 5234 5236 5066 5062 
f 5061 5065 4678 4677 
f 5064 5068 4570 
f 4550 4551 4873 4872 
f 5236 5238 5070 5066 
f 5065 5069 4679 4678 
f 5068 5072 4570 
f 4551 4552 4874 4873 
f 5238 5240 5074 5070 
f 5069 5073 4680 4679 
f 5072 5076 4570 
f 4552 4553 4875 4874 
f 5240 5242 5078 5074 
f 5073 5077 4681 4680 
f 5076 5080 4570 
f 4553 4554 4876 4875 
f 5242 5244 5082 5078 
f 5077 5081 4682 4681 
f 5080 5084 4570 
f 4554 4555 4877 4876 
f 5244 5246 5086 5082 
f 5081 5085 4683 4682 
f 5084 5088 4570 
f 4555 4556 4878 4877 
f 5246 5248 5090 5086 
f 5085 5089 4684 4683 
f 5088 5092 4570 
f 4556 4557 4879 4878 
f 5248 5250 5094 5090 
f 5089 5093 4685 4684 
f 5092 5096 4570 
f 4557 4558 4880 4879 
f 5250 5252 5098 5094 
f 5093 5097 4686 4685 
f 5096 5100 4570 
f 4558 4559 4881 4880 
f 5252 5254 5102 5098 
f 5097 5101 4687 4686 
f 5100 5104 4570 
f 4559 4560 4882 4881 
f 5254 5256 5106 5102 
f 5101 5105 4688 4687 
f 5104 5108 4570 
f 4560 4561 4883 4882 
f 5256 5258 5110 5106 
f 5105 5109 4689 4688 
f 5108 5112 4570 
f 4561 4562 4884 4883 
f 5258 5260 5114 5110 
f 5109 5113 4690 4689 
f 5112 5116 4570 
f 4562 4563 4885 4884 
f 5260 5262 5118 5114 
f 5113 5117 4691 4690 
f 5116 5120 4570 
f 4563 4564 4886 4885 
f 5262 5264 5122 5118 
f 5117 5121 4692 4691 
f 5120 5124 4570 
f 4564 4565 4887 4886 
f 5264 5266 5126 5122 
f 5121 5125 4693 4692 
f 5124 5128 4570 
f 4565 4566 4888 4887 
f 5266 5268 5130 5126 
f 5125 5129 4694 4693 
f 5128 5132 4570 
f 4566 4567 4889 4888 
f 5268 5270 5134 5130 
f 5129 5133 4695 4694 
f 5132 5136 4570 
f 4567 4568 4890 4889 
f 5270 5272 5138 5134 
f 5133 5137 4696 4695 
f 5136 5140 4570 
f 4568 4569 4891 4890 
f 5272 5274 5142 5138 
f 5137 5141 4697 4696 
f 5140 5144 4570 
f 4569 4571 4892 4891 
f 5274 5276 5146 5142 
f 5141 5145 4698 4697 
f 5144 5148 4570 
f 4571 4507 4829 4892 
f 5276 5150 4896 5146 
f 5145 4895 4699 4698 
f 5148 4900 4570 
f 4573 4701 4700 4572 
f 4574 4702 4701 4573 
f 4575 4703 4702 4574 
f 4576 4704 4703 4575 
f 4577 4705 4704 4576 
f 4578 4706 4705 4577 
f 4579 4707 4706 4578 
f 4580 4708 4707 4579 
f 4581 4709 4708 4580 
f 4582 4710 4709 4581 
f 4583 4711 4710 4582 
f 4584 4712 4711 4583 
f 4585 4713 4712 4584 
f 4586 4714 4713 4585 
f 4587 4715 4714 4586 
f 4588 4716 4715 4587 
f 4589 4717 4716 4588 
f 4590 4718 4717 4589 
f 4591 4719 4718 4590 
f 4592 4720 4719 4591 
f 4593 4721 4720 4592 
f 4594 4722 4721 4593 
f 4595 4723 4722 4594 
f 4596 4724 4723 4595 
f 4597 4725 4724 4596 
f 4598 4726 4725 4597 
f 4599 4727 4726 4598 
f 4600 4728 4727 4599 
f 4601 4729 4728 4600 
f 4602 4730 4729 4601 
f 4603 4731 4730 4602 
f 4604 4732 4731 4603 
f 4605 4733 4732 4604 
f 4606 4734 4733 4605 
f 4607 4735 4734 4606 
f 4608 4736 4735 4607 
f 4609 4737 4736 4608 
f 4610 4738 4737 4609 
f 4611 4739 4738 4610 
f 4612 4740 4739 4611 
f 4613 4741 4740 4612 
f 4614 4742 4741 4613 
f 4615 4743 4742 4614 
f 4616 4744 4743 4615 
f 4617 4745 4744 4616 
f 4618 4746 4745 4617 
f 4619 4747 4746 4618 
f 4620 4748 4747 4619 
f 4621 4749 4748 4620 
f 4622 4750 4749 4621 
f 4623 4751 4750 4622 
f 4624 4752 4751 4623 
f 4625 4753 4752 4624 
f 4626 4754 4753 4625 
f 4627 4755 4754 4626 
f 4628 4756 4755 4627 
f 4629 4757 4756 4628 
f 4630 4758 4757 4629 
f 4631 4759 4758 4630 
f 4632 4760 4759 4631 
f 4633 4761 4760 4632 
f 4634 4762 4761 4633 
f 4635 4763 4762 4634 
f 4572 4700 4763 4635 
f 4636 4573 4572 4699 
f 4637 4574 4573 4636 
f 4638 4575 4574 4637 
f 4639 4576 4575 4638 
f 4640 4577 4576 4639 
f 4641 4578 4577 4640 
f 4642 4579 4578 4641 
f 4643 4580 4579 4642 
f 4644 4581 4580 4643 
f 4645 4582 4581 4644 
f 4646 4583 4582 4645 
f 4647 4584 4583 4646 
f 4648 4585 4584 4647 
f 4649 4586 4585 4648 
f 4650 4587 4586 4649 
f 4651 4588 4587 4650 
f 4652 4589 4588 4651 
f 4653 4590 4589 4652 
f 4654 4591 4590 4653 
f 4655 4592 4591 4654 
f 4656 4593 4592 4655 
f 4657 4594 4593 4656 
f 4658 4595 4594 4657 
f 4659 4596 4595 4658 
f 4660 4597 4596 4659 
f 4661 4598 4597 4660 
f 4662 4599 4598 4661 
f 4663 4600 4599 4662 
f 4664 4601 4600 4663 
f 4665 4602 4601 4664 
f 4666 4603 4602 4665 
f 4667 4604 4603 4666 
f 4668 4605 4604 4667 
f 4669 4606 4605 4668 
f 4670 4607 4606 4669 
f 4671 4608 4607 4670 
f 4672 4609 4608 4671 
f 4673 4610 4609 4672 
f 4674 4611 4610 4673 
f 4675 4612 4611 4674 
f 4676 4613 4612 4675 
f 4677 4614 4613 4676 
f 4678 4615 4614 4677 
f 4679 4616 4615 4678 
f 4680 4617 4616 4679 
f 4681 4618 4617 4680 
f 4682 4619 4618 4681 
f 4683 4620 4619 4682 
f 4684 4621 4620 4683 
f 4685 4622 4621 4684 
f 4686 4623 4622 4685 
f 4687 4624 4623 4686 
f 4688 4625 4624 4687 
f 4689 4626 4625 4688 
f 4690 4627 4626 4689 
f 4691 4628 4627 4690 
f 4692 4629 4628 4691 
f 4693 4630 4629 4692 
f 4694 4631 4630 4693 
f 4695 4632 4631 4694 
f 4696 4633 4632 4695 
f 4697 4634 4633 4696 
f 4698 4635 4634 4697 
f 4699 4572 4635 4698 
f 4701 4897 4899 4700 
f 4702 4903 4897 4701 
f 4703 4907 4903 4702 
f 4704 4911 4907 4703 
f 4705 4915 4911 4704 
f 4706 4919 4915 4705 
f 4707 4923 4919 4706 
f 4708 4927 4923 4707 
f 4709 4931 4927 4708 
f 4710 4935 4931 4709 
f 4711 4939 4935 4710 
f 4712 4943 4939 4711 
f 4713 4947 4943 4712 
f 4714 4951 4947 4713 
f 4715 4955 4951 4714 
f 4716 4959 4955 4715 
f 4717 4963 4959 4716 
f 4718 4967 4963 4717 
f 4719 4971 4967 4718 
f 4720 4975 4971 4719 
f 4721 4979 4975 4720 
f 4722 4983 4979 4721 
f 4723 4987 4983 4722 
f 4724 4991 4987 4723 
f 4725 4995 4991 4724 
f 4726 4999 4995 4725 
f 4727 5003 4999 4726 
f 4728 5007 5003 4727 
f 4729 5011 5007 4728 
f 4730 5015 5011 4729 
f 4731 5019 5015 4730 
f 4732 5023 5019 4731 
f 4733 5027 5023 4732 
f 4734 5031 5027 4733 
f 4735 5035 5031 4734 
f 4736 5039 5035 4735 
f 4737 5043 5039 4736 
f 4738 5047 5043 4737 
f 4739 5051 5047 4738 
f 4740 5055 5051 4739 
f 4741 5059 5055 4740 
f 4742 5063 5059 4741 
f 4743 5067 5063 4742 
f 4744 5071 5067 4743 
f 4745 5075 5071 4744 
f 4746 5079 5075 4745 
f 4747 5083 5079 4746 
f 4748 5087 5083 4747 
f 4749 5091 5087 4748 
f 4750 5095 5091 4749 
f 4751 5099 5095 4750 
f 4752 5103 5099 4751 
f 4753 5107 5103 4752 
f 4754 5111 5107 4753 
f 4755 5115 5111 4754 
f 4756 5119 5115 4755 
f 4757 5123 5119 4756 
f 4758 5127 5123 4757 
f 4759 5131 5127 4758 
f 4760 5135 5131 4759 
f 4761 5139 5135 4760 
f 4762 5143 5139 4761 
f 4763 5147 5143 4762 
f 4700 4899 5147 4763 
f 4508 4507 4765 4764 
f 4507 4571 4766 4765 
f 4571 4569 4767 4766 
f 4569 4568 4768 4767 
f 4568 4567 4769 4768 
f 4567 4566 4770 4769 
f 4566 4565 4771 4770 
f 4565 4564 4772 4771 
f 4564 4563 4773 4772 
f 4563 4562 4774 4773 
f 4562 4561 4775 4774 
f 4561 4560 4776 4775 
f 4560 4559 4777 4776 
f 4559 4558 4778 4777 
f 4558 4557 4779 4778 
f 4557 4556 4780 4779 
f 4556 4555 4781 4780 
f 4555 4554 4782 4781 
f 4554 4553 4783 4782 
f 4553 4552 4784 4783 
f 4552 4551 4785 4784 
f 4551 4550 4786 4785 
f 4550 4549 4787 4786 
f 4549 4548 4788 4787 
f 4548 4547 4789 4788 
f 4547 4546 4790 4789 
f 4546 4545 4791 4790 
f 4545 4544 4792 4791 
f 4544 4543 4793 4792 
f 4543 4542 4794 4793 
f 4542 4541 4795 4794 
f 4541 4540 4796 4795 
f 4540 4539 4797 4796 
f 4539 4538 4798 4797 
f 4538 4537 4799 4798 
f 4537 4536 4800 4799 
f 4536 4535 4801 4800 
f 4535 4534 4802 4801 
f 4534 4533 4803 4802 
f 4533 4532 4804 4803 
f 4532 4531 4805 4804 
f 4531 4530 4806 4805 
f 4530 4529 4807 4806 
f 4529 4528 4808 4807 
f 4528 4527 4809 4808 
f 4527 4526 4810 4809 
f 4526 4525 4811 4810 
f 4525 4524 4812 4811 
f 4524 4523 4813 4812 
f 4523 4522 4814 4813 
f 4522 4521 4815 4814 
f 4521 4520 4816 4815 
f 4520 4519 4817 4816 
f 4519 4518 4818 4817 
f 4518 4517 4819 4818 
f 4517 4516 4820 4819 
f 4516 4515 4821 4820 
f 4515 4514 4822 4821 
f 4514 4513 4823 4822 
f 4513 4512 4824 4823 
f 4512 4511 4825 4824 
f 4511 4510 4826 4825 
f 4510 4509 4827 4826 
f 4509 4508 4764 4827 
f 4764 4765 4828 
f 4765 4766 4828 
f 4766 4767 4828 
f 4767 4768 4828 
f 4768 4769 4828 
f 4769 4770 4828 
f 4770 4771 4828 
f 4771 4772 4828 
f 4772 4773 4828 
f 4773 4774 4828 
f 4774 4775 4828 
f 4775 4776 4828 
f 4776 4777 4828 
f 4777 4778 4828 
f 4778 4779 4828 
f 4779 4780 4828 
f 4780 4781 4828 
f 4781 4782 4828 
f 4782 4783 4828 
f 4783 4784 4828 
f 4784 4785 4828 
f 4785 4786 4828 
f 4786 4787 4828 
f 4787 4788 4828 
f 4788 4789 4828 
f 4789 4790 4828 
f 4790 4791 4828 
f 4791 4792 4828 
f 4792 4793 4828 
f 4793 4794 4828 
f 4794 4795 4828 
f 4795 4796 4828 
f 4796 4797 4828 
f 4797 4798 4828 
f 4798 4799 4828 
f 4799 4800 4828 
f 4800 4801 4828 
f 4801 4802 4828 
f 4802 4803 4828 
f 4803 4804 4828 
f 4804 4805 4828 
f 4805 4806 4828 
f 4806 4807 4828 
f 4807 4808 4828 
f 4808 4809 4828 
f 4809 4810 4828 
f 4810 4811 4828 
f 4811 4812 4828 
f 4812 4813 4828 
f 4813 4814 4828 
f 4814 4815 4828 
f 4815 4816 4828 
f 4816 4817 4828 
f 4817 4818 4828 
f 4818 4819 4828 
f 4819 4820 4828 
f 4820 4821 4828 
f 4821 4822 4828 
f 4822 4823 4828 
f 4823 4824 4828 
f 4824 4825 4828 
f 4825 4826 4828 
f 4826 4827 4828 
f 4827 4764 4828 
f 4830 5151 5149 4829 
f 4831 5153 5151 4830 
f 4832 5155 5153 4831 
f 4833 5157 5155 4832 
f 4834 5159 5157 4833 
f 4835 5161 5159 4834 
f 4836 5163 5161 4835 
f 4837 5165 5163 4836 
f 4838 5167 5165 4837 
f 4839 5169 5167 4838 
f 4840 5171 5169 4839 
f 4841 5173 5171 4840 
f 4842 5175 5173 4841 
f 4843 5177 5175 4842 
f 4844 5179 5177 4843 
f 4845 5181 5179 4844 
f 4846 5183 5181 4845 
f 4847 5185 5183 4846 
f 4848 5187 5185 4847 
f 4849 5189 5187 4848 
f 4850 5191 5189 4849 
f 4851 5193 5191 4850 
f 4852 5195 5193 4851 
f 4853 5197 5195 4852 
f 4854 5199 5197 4853 
f 4855 5201 5199 4854 
f 4856 5203 5201 4855 
f 4857 5205 5203 4856 
f 4858 5207 5205 4857 
f 4859 5209 5207 4858 
f 4860 5211 5209 4859 
f 4861 5213 5211 4860 
f 4862 5215 5213 4861 
f 4863 5217 5215 4862 
f 4864 5219 5217 4863 
f 4865 5221 5219 4864 
f 4866 5223 5221 4865 
f 4867 5225 5223 4866 
f 4868 5227 5225 4867 
f 4869 5229 5227 4868 
f 4870 5231 5229 4869 
f 4871 5233 5231 4870 
f 4872 5235 5233 4871 
f 4873 5237 5235 4872 
f 4874 5239 5237 4873 
f 4875 5241 5239 4874 
f 4876 5243 5241 4875 
f 4877 5245 5243 4876 
f 4878 5247 5245 4877 
f 4879 5249 5247 4878 
f 4880 5251 5249 4879 
f 4881 5253 5251 4880 
f 4882 5255 5253 4881 
f 4883 5257 5255 4882 
f 4884 5259 5257 4883 
f 4885 5261 5259 4884 
f 4886 5263 5261 4885 
f 4887 5265 5263 4886 
f 4888 5267 5265 4887 
f 4889 5269 5267 4888 
f 4890 5271 5269 4889 
f 4891 5273 5271 4890 
f 4892 5275 5273 4891 
f 4829 5149 5275 4892 
f 4896 4894 4893 4895 
f 4898 4900 4899 4897 
f 4894 4902 4901 4893 
f 4904 4898 4897 4903 
f 4902 4906 4905 4901 
f 4908 4904 4903 4907 
f 4906 4910 4909 4905 
f 4912 4908 4907 4911 
f 4910 4914 4913 4909 
f 4916 4912 4911 4915 
f 4914 4918 4917 4913 
f 4920 4916 4915 4919 
f 4918 4922 4921 4917 
f 4924 4920 4919 4923 
f 4922 4926 4925 4921 
f 4928 4924 4923 4927 
f 4926 4930 4929 4925 
f 4932 4928 4927 4931 
f 4930 4934 4933 4929 
f 4936 4932 4931 4935 
f 4934 4938 4937 4933 
f 4940 4936 4935 4939 
f 4938 4942 4941 4937 
f 4944 4940 4939 4943 
f 4942 4946 4945 4941 
f 4948 4944 4943 4947 
f 4946 4950 4949 4945 
f 4952 4948 4947 4951 
f 4950 4954 4953 4949 
f 4956 4952 4951 4955 
f 4954 4958 4957 4953 
f 4960 4956 4955 4959 
f 4958 4962 4961 4957 
f 4964 4960 4959 4963 
f 4962 4966 4965 4961 
f 4968 4964 4963 4967 
f 4966 4970 4969 4965 
f 4972 4968 4967 4971 
f 4970 4974 4973 4969 
f 4976 4972 4971 4975 
f 4974 4978 4977 4973 
f 4980 4976 4975 4979 
f 4978 4982 4981 4977 
f 4984 4980 4979 4983 
f 4982 4986 4985 4981 
f 4988 4984 4983 4987 
f 4986 4990 4989 4985 
f 4992 4988 4987 4991 
f 4990 4994 4993 4989 
f 4996 4992 4991 4995 
f 4994 4998 4997 4993 
f 5000 4996 4995 4999 
f 4998 5002 5001 4997 
f 5004 5000 4999 5003 
f 5002 5006 5005 5001 
f 5008 5004 5003 5007 
f 5006 5010 5009 5005 
f 5012 5008 5007 5011 
f 5010 5014 5013 5009 
f 5016 5012 5011 5015 
f 5014 5018 5017 5013 
f 5020 5016 5015 5019 
f 5018 5022 5021 5017 
f 5024 5020 5019 5023 
f 5022 5026 5025 5021 
f 5028 5024 5023 5027 
f 5026 5030 5029 5025 
f 5032 5028 5027 5031 
f 5030 5034 5033 5029 
f 5036 5032 5031 5035 
f 5034 5038 5037 5033 
f 5040 5036 5035 5039 
f 5038 5042 5041 5037 
f 5044 5040 5039 5043 
f 5042 5046 5045 5041 
f 5048 5044 5043 5047 
f 5046 5050 5049 5045 
f 5052 5048 5047 5051 
f 5050 5054 5053 5049 
f 5056 5052 5051 5055 
f 5054 5058 5057 5053 
f 5060 5056 5055 5059 
f 5058 5062 5061 5057 
f 5064 5060 5059 5063 
f 5062 5066 5065 5061 
f 5068 5064 5063 5067 
f 5066 5070 5069 5065 
f 5072 5068 5067 5071 
f 5070 5074 5073 5069 
f 5076 5072 5071 5075 
f 5074 5078 5077 5073 
f 5080 5076 5075 5079 
f 5078 5082 5081 5077 
f 5084 5080 5079 5083 
f 5082 5086 5085 5081 
f 5088 5084 5083 5087 
f 5086 5090 5089 5085 
f 5092 5088 5087 5091 
f 5090 5094 5093 5089 
f 5096 5092 5091 5095 
f 5094 5098 5097 5093 
f 5100 5096 5095 5099 
f 5098 5102 5101 5097 
f 5104 5100 5099 5103 
f 5102 5106 5105 5101 
f 5108 5104 5103 5107 
f 5106 5110 5109 5105 
f 5112 5108 5107 5111 
f 5110 5114 5113 5109 
f 5116 5112 5111 5115 
f 5114 5118 5117 5113 
f 5120 5116 5115 5119 
f 5118 5122 5121 5117 
f 5124 5120 5119 5123 
f 5122 5126 5125 5121 
f 5128 5124 5123 5127 
f 5126 5130 5129 5125 
f 5132 5128 5127 5131 
f 5130 5134 5133 5129 
f 5136 5132 5131 5135 
f 5134 5138 5137 5133 
f 5140 5136 5135 5139 
f 5138 5142 5141 5137 
f 5144 5140 5139 5143 
f 5142 5146 5145 5141 
f 5148 5144 5143 5147 
f 5146 4896 4895 5145 
f 4900 5148 5147 4899 
f 5152 5150 5149 5151 
f 5154 5152 5151 5153 
f 5156 5154 5153 5155 
f 5158 5156 5155 5157 
f 5160 5158 5157 5159 
f 5162 5160 5159 5161 
f 5164 5162 5161 5163 
f 5166 5164 5163 5165 
f 5168 5166 5165 5167 
f 5170 5168 5167 5169 
f 5172 5170 5169 5171 
f 5174 5172 5171 5173 
f 5176 5174 5173 5175 
f 5178 5176 5175 5177 
f 5180 5178 5177 5179 
f 5182 5180 5179 5181 
f 5184 5182 5181 5183 
f 5186 5184 5183 5185 
f 5188 5186 5185 5187 
f 5190 5188 5187 5189 
f 5192 5190 5189 5191 
f 5194 5192 5191 5193 
f 5196 5194 5193 5195 
f 5198 5196 5195 5197 
f 5200 5198 5197 5199 
f 5202 5200 5199 5201 
f 5204 5202 5201 5203 
f 5206 5204 5203 5205 
f 5208 5206 5205 5207 
f 5210 5208 5207 5209 
f 5212 5210 5209 5211 
f 5214 5212 5211 5213 
f 5216 5214 5213 5215 
f 5218 5216 5215 5217 
f 5220 5218 5217 5219 
f 5222 5220 5219 5221 
f 5224 5222 5221 5223 
f 5226 5224 5223 5225 
f 5228 5226 5225 5227 
f 5230 5228 5227 5229 
f 5232 5230 5229 5231 
f 5234 5232 5231 5233 
f 5236 5234 5233 5235 
f 5238 5236 5235 5237 
f 5240 5238 5237 5239 
f 5242 5240 5239 5241 
f 5244 5242 5241 5243 
f 5246 5244 5243 5245 
f 5248 5246 5245 5247 
f 5250 5248 5247 5249 
f 5252 5250 5249 5251 
f 5254 5252 5251 5253 
f 5256 5254 5253 5255 
f 5258 5256 5255 5257 
f 5260 5258 5257 5259 
f 5262 5260 5259 5261 
f 5264 5262 5261 5263 
f 5266 5264 5263 5265 
f 5268 5266 5265 5267 
f 5270 5268 5267 5269 
f 5272 5270 5269 5271 
f 5274 5272 5271 5273 
f 5276 5274 5273 5275 
f 5150 5276 5275 5149 
# 4795 polygons - 324 triangles

