# 3ds Max Wavefront OBJ Exporter v0.97b - (c)2007 guruware
# File Created: 23.06.2022 13:37:48

#
# object 14008T_PD
#

v  0.0000 8.1317 -2.1669
v  0.0000 -2.1334 -6.3891
v  0.0000 -3.4379 -6.6538
v  0.0000 8.5562 0.4401
v  0.0000 -7.7604 0.4143
v  0.0000 -7.6488 0.3468
v  0.0000 8.5818 0.4340
v  0.0000 -8.6157 0.3719
v  0.0000 -8.6120 0.4015
v  0.0000 8.5417 0.0324
v  0.0000 -8.5419 0.0324
v  0.0000 -8.2173 -0.0000
v  0.0000 -3.5692 -5.0743
v  0.0000 6.7639 -1.5416
v  0.0000 7.2101 -0.4992
v  0.0000 -6.9574 -4.3268
v  0.0000 6.8479 -1.3802
v  0.0000 -6.1549 -6.9397
v  0.0000 -3.4658 -6.9397
v  0.0000 -3.9593 -6.9397
v  0.0000 -7.9675 -0.2221
v  0.0000 1.6000 -4.7507
v  0.0000 -7.8652 -1.5535
v  0.0000 -7.8241 -2.0922
v  0.0000 -7.3592 -4.7271
v  0.0000 -8.0014 -0.1214
v  0.0000 -1.2260 -4.8552
v  0.0000 -1.7819 -4.8754
v  0.0000 3.0026 -4.5487
v  0.0000 -7.2969 -2.8700
v  0.0000 6.8549 -1.3802
v  0.0000 -2.8673 -4.9148
v  0.0000 -6.5311 -4.7190
v  0.0000 7.1739 -1.3802
v  0.0000 8.4292 -0.0028
v  0.0000 -3.3598 -6.4952
v  0.0000 8.4263 -0.5305
v  0.0000 -3.9350 -5.4456
v  0.0000 8.5362 0.4401
v  -9.4757 0.0005 -1.1032
v  -9.6881 0.0013 -0.5309
v  -9.6118 -0.9548 -0.5309
v  -9.4053 -0.9242 -1.0991
v  -9.4200 -1.8212 -0.5312
v  -9.2218 -1.7722 -1.0936
v  -9.1361 -2.6120 -0.5309
v  -8.9459 -2.5534 -1.0877
v  -8.7646 -3.3528 -0.5306
v  -8.5795 -3.2961 -1.0820
v  -8.3219 -4.0237 -0.5306
v  -8.1474 -3.9647 -1.0764
v  -7.8039 -4.6391 -0.5303
v  -7.6477 -4.5719 -1.0710
v  -7.2172 -5.1940 -0.5300
v  -7.0823 -5.1224 -1.0665
v  -6.5430 -5.7319 -0.5299
v  -6.4274 -5.6587 -1.0616
v  -5.7554 -6.2664 -0.5298
v  -5.6660 -6.1907 -1.0583
v  -4.9141 -6.7398 -0.5296
v  -4.8470 -6.6667 -1.0538
v  -3.9935 -7.1577 -0.5291
v  -3.9579 -7.0870 -1.0490
v  -3.0281 -7.4947 -0.5286
v  -2.9947 -7.4378 -1.0388
v  -2.0209 -7.7438 -0.5282
v  -2.0011 -7.6962 -1.0276
v  -1.0126 -7.8927 -0.5271
v  -1.0037 -7.8519 -1.0164
v  -9.2051 1.7841 -1.1020
v  -9.4164 1.8295 -0.5312
v  -9.6143 0.9609 -0.5310
v  -9.4035 0.9331 -1.1045
v  -8.9084 2.5581 -1.0994
v  -9.1210 2.6167 -0.5314
v  -8.5139 3.2840 -1.0957
v  -8.7350 3.3478 -0.5316
v  -8.0687 3.9036 -1.0927
v  -8.2840 3.9905 -0.5315
v  -7.5349 4.4893 -1.0881
v  -7.7446 4.5925 -0.5317
v  -6.9404 5.0110 -1.0844
v  -7.1402 5.1292 -0.5312
v  -6.2784 5.5031 -1.0814
v  -6.4640 5.6367 -0.5311
v  -5.4834 6.0038 -1.0781
v  -5.6470 6.1556 -0.5315
v  -4.6966 6.4152 -1.0763
v  -4.8279 6.5862 -0.5309
v  -3.7601 6.8122 -1.0730
v  -3.8779 6.9891 -0.5308
v  -2.8302 7.1075 -1.0802
v  -2.9194 7.2971 -0.5308
v  -1.5213 7.4239 -0.9745
v  -1.9094 7.3112 -1.0949
v  -1.4786 7.3277 -1.2319
v  -9.1499 -0.8994 -1.6571
v  -9.2169 -0.0013 -1.6645
v  -8.9754 -1.7273 -1.6485
v  -8.7115 -2.4939 -1.6400
v  -8.3587 -3.2270 -1.6339
v  -7.9437 -3.8877 -1.6284
v  -7.4661 -4.4887 -1.6246
v  -6.9222 -5.0384 -1.6216
v  -6.2875 -5.5756 -1.6174
v  -5.5544 -6.1041 -1.6168
v  -4.7654 -6.5822 -1.6150
v  -3.9049 -7.0092 -1.6116
v  -2.9611 -7.3725 -1.5974
v  -1.9871 -7.6416 -1.5787
v  -1.0007 -7.8066 -1.5585
v  -9.1445 0.9078 -1.6658
v  -8.9469 1.7385 -1.6609
v  -8.6517 2.4940 -1.6550
v  -8.2571 3.2042 -1.6478
v  -7.8189 3.8032 -1.6415
v  -7.2959 4.3693 -1.6327
v  -6.7152 4.8747 -1.6259
v  -6.0705 5.3502 -1.6199
v  -5.3041 5.8287 -1.6137
v  -4.5442 6.2237 -1.6095
v  -3.6355 6.6072 -1.6034
v  -2.7427 6.8879 -1.6116
v  -6.9481 -0.6623 -4.1464
v  -6.9819 0.0054 -4.1393
v  -7.5634 0.0009 -3.7146
v  -7.5247 -0.7351 -3.7140
v  -8.0201 -0.7931 -3.2447
v  -7.8907 -1.5247 -3.2461
v  -7.4157 -1.4222 -3.7253
v  -4.5579 -6.3588 -2.8196
v  -3.7616 -6.8130 -2.8321
v  -3.6416 -6.6701 -3.5773
v  -4.4063 -6.1823 -3.5446
v  -5.2768 -5.8645 -2.8002
v  -5.0969 -5.6635 -3.4925
v  -5.9446 -5.3263 -2.7789
v  -5.7171 -5.1185 -3.4413
v  -5.5332 -4.0282 -4.5178
v  -5.8941 -3.5500 -4.4254
v  -6.3373 -3.8286 -3.9186
v  -5.9360 -4.3536 -3.9977
v  -7.0725 -3.4801 -3.3081
v  -6.6839 -4.0496 -3.3507
v  -6.6922 -3.2748 -3.8472
v  -7.4070 -2.8685 -3.2778
v  -6.9925 -2.6887 -3.7926
v  -7.6861 -2.2095 -3.2563
v  -7.2378 -2.0678 -3.7506
v  -8.2598 1.6262 -2.7284
v  -8.4513 0.8488 -2.7372
v  -7.9996 0.8094 -3.2504
v  -7.8161 1.5494 -3.2391
v  -7.9759 2.3303 -2.7166
v  -7.5429 2.2220 -3.2236
v  -7.5958 2.9893 -2.7028
v  -7.1765 2.8509 -3.2043
v  -7.1785 3.5422 -2.6895
v  -6.7770 3.3751 -3.1856
v  -6.6860 4.0610 -2.6731
v  -6.3065 3.8659 -3.1641
v  -6.1434 4.5216 -2.6594
v  -5.7885 4.3009 -3.1445
v  -5.5466 4.9520 -2.6485
v  -5.2212 4.7054 -3.1294
v  -4.8470 5.3794 -2.6376
v  -4.5591 5.1045 -3.1145
v  -4.1460 5.7357 -2.6282
v  -3.8931 5.4383 -3.1014
v  -3.3169 6.0772 -2.6177
v  -3.1080 5.7553 -3.0881
v  -2.5079 6.3262 -2.6179
v  -2.3451 5.9823 -3.0868
v  -1.6659 6.5083 -2.6198
v  -1.5666 6.1401 -3.0936
v  -1.2454 6.5651 -2.6323
v  -1.1821 6.1894 -3.1033
v  -8.5229 -0.0037 -2.7364
v  -8.0697 -0.0023 -3.2513
v  -8.9075 -0.0030 -2.1989
v  -8.8446 -0.8743 -2.1889
v  -8.4666 -0.8400 -2.7275
v  -8.6818 -1.6788 -2.1793
v  -8.3191 -1.6139 -2.7219
v  -8.4345 -2.4261 -2.1710
v  -8.0923 -2.3355 -2.7196
v  -8.1022 -3.1413 -2.1673
v  -7.7844 -3.0265 -2.7246
v  -7.7104 -3.7902 -2.1647
v  -7.4199 -3.6590 -2.7333
v  -7.2592 -4.3855 -2.1653
v  -6.9984 -4.2442 -2.7485
v  -6.7410 -4.9368 -2.1669
v  -6.5140 -4.7955 -2.7668
v  -6.1324 -5.4740 -2.1657
v  -5.4297 -6.0035 -2.1701
v  -4.6742 -6.4869 -2.1729
v  -3.8416 -6.9250 -2.1723
v  -2.9208 -7.3043 -2.1550
v  -2.8539 -7.2197 -2.8219
v  -1.9693 -7.5858 -2.1295
v  -1.9276 -7.5138 -2.8341
v  -0.9971 -7.7610 -2.1005
v  -0.9820 -7.7010 -2.8082
v  -8.8347 0.8816 -2.2000
v  -8.6392 1.6885 -2.1932
v  -8.3480 2.4208 -2.1847
v  -7.9587 3.1078 -2.1751
v  -7.5290 3.6859 -2.1659
v  -7.0199 4.2296 -2.1539
v  -6.4561 4.7155 -2.1445
v  -5.8323 5.1711 -2.1364
v  -5.0981 5.6248 -2.1281
v  -4.3646 6.0027 -2.1215
v  -3.4931 6.3669 -2.1133
v  -2.6408 6.6304 -2.1220
v  -1.8399 7.0816 -1.6356
v  -1.7632 6.8235 -2.1272
v  -1.4004 7.1214 -1.7012
v  -1.3251 6.8794 -2.1528
v  0.0000 -7.7695 -2.8073
v  -6.2381 -4.5925 -3.3989
v  -2.7288 -7.1260 -3.5955
v  -1.8690 -7.4325 -3.6045
v  -0.9567 -7.6355 -3.5794
v  -5.8739 -0.5508 -4.6997
v  -5.9003 0.0123 -4.6965
v  -6.4552 0.0041 -4.4447
v  -6.4267 -0.6038 -4.4517
v  -5.7962 -1.1157 -4.7159
v  -6.3460 -1.2099 -4.4730
v  -4.0333 -4.3809 -5.0872
v  -4.3221 -4.7363 -4.9407
v  -3.7291 -5.2397 -5.0288
v  -3.4749 -4.8385 -5.1691
v  -4.5352 -3.9192 -5.0014
v  -4.8494 -4.2371 -4.8441
v  -4.9027 -3.5351 -4.9243
v  -5.2362 -3.7929 -4.7606
v  -5.2098 -3.1512 -4.8485
v  -5.5710 -3.3565 -4.6713
v  -5.2984 -2.5799 -4.8408
v  -5.8525 -2.8522 -4.6004
v  -5.4975 -2.1341 -4.7908
v  -6.0717 -2.3250 -4.5445
v  -5.6546 -1.6520 -4.7517
v  -6.2292 -1.7938 -4.5022
v  -5.8496 0.6130 -4.6938
v  -6.3999 0.6591 -4.4416
v  -5.7093 1.1852 -4.6780
v  -6.2475 1.2830 -4.4262
v  -5.5283 1.6569 -4.6551
v  -5.2887 2.0982 -4.6275
v  -5.7524 2.3110 -4.3743
v  -6.0351 1.8184 -4.4017
v  -4.9610 2.5823 -4.5822
v  -5.4194 2.7794 -4.3337
v  -4.5956 2.9630 -4.5488
v  -5.0262 3.1888 -4.3006
v  -4.2686 3.2676 -4.5118
v  -4.6370 3.5338 -4.2618
v  -3.8848 3.5386 -4.4897
v  -4.1949 3.8459 -4.2380
v  -3.3553 3.8269 -4.4746
v  -3.6329 4.1619 -4.2213
v  -2.9155 4.0538 -4.4502
v  -3.1253 4.4156 -4.1982
v  -2.3861 4.2349 -4.4477
v  -2.5200 4.6335 -4.1921
v  -1.7654 4.4009 -4.4423
v  -1.8597 4.8089 -4.1877
v  -1.2088 4.4876 -4.4483
v  -1.2045 4.8634 -4.2279
v  -1.1925 5.2737 -3.9439
v  -1.1853 5.7604 -3.5392
v  -1.4835 5.7255 -3.5305
v  -1.4291 5.2612 -3.9276
v  -0.3164 -6.4932 -5.3183
v  -0.5658 -6.5845 -5.2793
v  -0.7349 -6.3703 -5.3320
v  -1.0767 -6.1780 -5.3466
v  -1.1714 -6.3533 -5.3026
v  -1.4298 -5.8500 -5.3522
v  -1.7310 -6.0261 -5.3135
v  -0.8574 -7.2492 -4.7657
v  -0.9318 -7.5014 -4.3127
v  -1.6464 7.6758 -0.2243
v  -1.9964 7.6183 -0.2245
v  -1.9572 7.5143 -0.5321
v  -1.5966 7.5738 -0.5349
v  -1.4461 -2.1317 -5.3027
v  -1.4294 -1.4862 -5.2814
v  -1.7104 -1.4875 -5.2701
v  -1.7256 -2.1406 -5.2919
v  -1.6638 1.0305 -5.2189
v  -2.0025 1.0303 -5.2099
v  -2.0328 0.5279 -5.2216
v  -1.6866 0.5275 -5.2331
v  -1.7006 0.0344 -5.2371
v  -1.7067 -0.4580 -5.2391
v  -1.3947 -0.4569 -5.2507
v  -1.3784 0.0354 -5.2460
v  -1.3611 0.5279 -5.2405
v  -1.3400 1.0316 -5.2257
v  -1.6107 2.1025 -5.1517
v  -1.6347 1.5337 -5.1991
v  -1.3193 1.5349 -5.2072
v  -1.2975 2.0874 -5.1673
v  -1.9552 1.5325 -5.1875
v  -1.6181 3.1086 -4.9654
v  -1.5986 2.6002 -5.0791
v  -1.2767 2.6057 -5.0947
v  -1.2558 3.1479 -4.9766
v  -3.3154 -2.4719 -5.2128
v  -3.6735 -2.6800 -5.1750
v  -3.0434 -3.1572 -5.2379
v  -2.7672 -2.8749 -5.2613
v  -2.4926 2.8708 -4.9578
v  -2.3655 2.4480 -5.0563
v  -1.9169 2.5829 -5.0619
v  -1.9916 3.0507 -4.9543
v  -4.0835 1.2186 -5.0675
v  -4.5409 1.3175 -4.9890
v  -4.7250 0.5725 -5.0182
v  -4.2806 0.5571 -5.0854
v  -3.9204 -1.6633 -5.1430
v  -3.3952 -1.5447 -5.1838
v  -3.6101 -0.9510 -5.1545
v  -4.2240 -0.9395 -5.1024
v  -4.3414 0.0366 -5.0884
v  -4.7833 0.0369 -5.0208
v  -4.7587 -0.4714 -5.0227
v  -4.3170 -0.4605 -5.0892
v  -1.7962 -3.9541 -5.3301
v  -1.6104 -4.0886 -5.3405
v  -1.4782 -3.8491 -5.3489
v  -1.4774 -3.7434 -5.3478
v  -3.7721 1.8978 -5.0232
v  -4.1018 2.1035 -4.9335
v  -3.2605 2.4669 -4.9729
v  -3.4982 2.7077 -4.8806
v  -1.6507 3.5121 -4.8418
v  -1.2392 3.6243 -4.8312
v  -2.7014 3.1898 -4.8463
v  -2.0739 3.4094 -4.8409
v  -4.3815 -1.7693 -5.0797
v  -4.6730 -0.9594 -5.0364
v  -3.7988 -3.2066 -5.1447
v  -3.3525 -3.4900 -5.1979
v  -2.7978 -3.8212 -5.2517
v  -2.5392 -3.4781 -5.2789
v  -3.4943 3.1263 -4.7471
v  -3.8115 2.9250 -4.7578
v  -5.0239 1.0888 -4.9102
v  -5.1634 0.5820 -4.9208
v  -5.1935 -0.4958 -4.9248
v  -5.1135 -1.0064 -4.9366
v  -4.9063 1.4364 -4.8902
v  -2.1991 -4.5658 -5.2941
v  -1.7562 -4.7182 -5.3270
v  -1.7009 -4.3665 -5.3337
v  -2.0149 -4.2099 -5.3139
v  -4.4207 2.3138 -4.8171
v  -4.7169 1.7942 -4.8713
v  -4.0564 2.6846 -4.7873
v  -3.7157 -0.4643 -5.1398
v  -3.7375 0.0347 -5.1373
v  -2.9326 1.0630 -5.1648
v  -3.5389 1.1193 -5.1218
v  -3.6756 0.5333 -5.1358
v  -3.0083 0.5311 -5.1775
v  -2.5419 1.9229 -5.1197
v  -2.9076 2.1772 -5.0587
v  -3.3013 1.6634 -5.0952
v  -2.7794 1.5736 -5.1381
v  -2.7659 -1.8233 -5.2302
v  -2.4381 -2.0043 -5.2549
v  -2.4419 -1.4771 -5.2362
v  -2.9096 -1.4589 -5.2097
v  -2.9730 -0.9503 -5.1938
v  -2.4829 -0.9505 -5.2187
v  -2.5146 -0.4589 -5.2086
v  -3.0177 -0.4596 -5.1826
v  -1.3285 0.0337 -5.2474
v  -1.3448 -0.4586 -5.2527
v  -1.1735 -0.4588 -5.3207
v  -1.1715 0.0332 -5.3075
v  -1.2901 1.0296 -5.2264
v  -1.3112 0.5260 -5.2416
v  -1.1702 0.5253 -5.2927
v  -1.1629 1.0289 -5.2740
v  -1.0799 0.0371 -5.5003
v  -1.0767 -0.4556 -5.5282
v  -0.9786 -0.4601 -6.0751
v  -0.9788 0.0319 -6.0566
v  -1.0865 1.0332 -5.4367
v  -1.0839 0.5292 -5.4677
v  -0.9794 0.5242 -6.0369
v  -0.9787 1.0279 -6.0231
v  -0.9699 0.0338 -6.1058
v  -0.9697 -0.4583 -6.1243
v  -0.9380 -0.4579 -6.2071
v  -0.9383 0.0343 -6.1888
v  -0.9696 1.0295 -6.0722
v  -0.9704 0.5259 -6.0860
v  -0.9392 0.5263 -6.1701
v  -0.9373 1.0301 -6.1549
v  -0.6490 0.0328 -6.3106
v  -0.6491 -0.4594 -6.3284
v  -0.3664 -0.4604 -6.3284
v  -0.3659 0.0315 -6.3105
v  -0.6479 1.0292 -6.2748
v  -0.6488 0.5253 -6.2931
v  -0.3657 0.5244 -6.2931
v  -0.3653 1.0281 -6.2749
v  -1.0839 -0.9505 -5.5041
v  -1.1801 -0.9505 -5.3379
v  -1.1862 -1.4877 -5.3586
v  -1.0824 -1.4876 -5.5332
v  -1.0749 -0.9479 -5.5532
v  -1.0732 -1.4848 -5.5823
v  -0.9785 -1.4896 -6.1142
v  -0.9785 -0.9524 -6.0935
v  -0.7245 -0.9505 -6.3464
v  -0.8099 -0.9505 -6.3310
v  -0.8100 -1.4877 -6.3515
v  -0.7244 -1.4877 -6.3667
v  -1.1932 -3.7611 -5.4478
v  -1.0722 -3.7171 -5.6635
v  -1.0724 -3.6707 -5.6611
v  -1.1933 -3.7111 -5.4463
v  -1.0704 -2.1297 -5.6208
v  -1.0673 -2.7180 -5.6592
v  -0.9783 -2.7228 -6.1628
v  -0.9785 -2.1354 -6.1395
v  -0.7239 -2.1334 -6.3912
v  -0.8101 -2.1335 -6.3762
v  -0.8105 -2.7208 -6.3985
v  -0.7234 -2.7208 -6.4135
v  -1.1578 1.5322 -5.2496
v  -1.2694 1.5330 -5.2081
v  -0.9787 1.5304 -6.0042
v  -1.0898 1.5378 -5.3999
v  -0.9377 1.5337 -6.1344
v  -0.9696 1.5329 -6.0533
v  -0.3653 1.5317 -6.2561
v  -0.6483 1.5331 -6.2561
v  -1.1894 3.6239 -4.8349
v  -1.2061 3.1469 -4.9797
v  -1.1440 3.1532 -5.0036
v  -1.1358 3.6324 -4.8556
v  -0.9791 3.2261 -5.7766
v  -0.9792 3.7438 -5.6246
v  -1.1038 3.6632 -4.9441
v  -1.1013 3.1770 -5.1086
v  -1.0980 2.6163 -5.2492
v  -0.9788 2.6034 -5.9067
v  -1.1103 3.1631 -5.0615
v  -1.1587 2.6027 -5.1212
v  -1.1071 2.6061 -5.2011
v  -1.1546 4.8647 -4.2314
v  -1.1589 4.4879 -4.4512
v  -1.1267 4.4986 -4.4675
v  -1.1314 4.8739 -4.2365
v  -1.1960 6.5732 -2.6307
v  -1.1324 6.1950 -3.1049
v  -1.1264 6.1968 -3.1073
v  -1.1908 6.5745 -2.6317
v  -1.3515 7.1307 -1.6976
v  -1.2761 6.8882 -2.1499
v  -1.2718 6.8898 -2.1502
v  -1.3459 7.1334 -1.6980
v  -1.4725 7.4335 -0.9697
v  -1.4297 7.3372 -1.2276
v  -1.4231 7.3408 -1.2282
v  -1.4668 7.4364 -0.9699
v  -1.6200 7.9243 -0.0004
v  -1.6125 7.9230 -0.0039
v  -1.5936 7.9785 -0.0029
v  -1.5970 7.9807 -0.0005
v  -1.3813 8.1589 -0.0000
v  -1.2579 8.2044 0.0000
v  -1.0779 8.3788 0.0000
v  -2.1561 8.2801 0.0001
v  -0.9700 3.7594 -5.6713
v  -0.9699 3.2380 -5.8243
v  -0.9452 3.2454 -5.8934
v  -0.9447 3.7738 -5.7401
v  -0.9696 2.6114 -5.9552
v  -0.9453 2.6168 -6.0227
v  -0.9695 5.2903 -4.9553
v  -0.9704 4.8192 -5.2202
v  -0.9414 4.8532 -5.2908
v  -0.9364 5.3354 -5.0235
v  -0.9615 7.3522 -3.0670
v  -0.9665 6.8473 -3.6618
v  -0.9349 6.9136 -3.7137
v  -0.9296 7.4137 -3.1092
v  -0.8694 8.0589 -2.1243
v  -0.9651 8.0335 -2.1103
v  -0.8585 7.8234 -2.6166
v  -0.7714 7.8454 -2.6283
v  -1.0877 8.2399 -1.3062
v  -1.1926 8.2000 -1.2930
v  -1.1117 8.1708 -1.5767
v  -1.0077 8.2070 -1.5918
v  -0.6495 3.7941 -5.8736
v  -0.6518 3.2570 -6.0310
v  -0.3667 3.2568 -6.0328
v  -0.3663 3.7983 -5.8744
v  -0.6509 2.6217 -6.1605
v  -0.3667 2.6215 -6.1610
v  -0.6471 5.4105 -5.1180
v  -0.6494 4.9096 -5.4028
v  -0.3663 4.9159 -5.4026
v  -0.3645 5.4182 -5.1175
v  -0.6540 7.5112 -3.1804
v  -0.6440 7.0182 -3.7837
v  -0.3636 7.0159 -3.7849
v  -0.3704 7.5021 -3.1898
v  -0.7887 8.0722 -2.1323
v  -0.6971 7.8559 -2.6238
v  -0.3910 7.8534 -2.6513
v  -0.4402 8.1119 -2.1556
v  -0.9254 8.2320 -1.6006
v  -1.0084 8.2675 -1.3134
v  -0.3672 -0.9505 -6.3462
v  -0.3669 -1.4878 -6.3660
v  0.0000 -1.4876 -6.3656
v  -0.3615 -2.1338 -6.3896
v  -0.3453 -2.7202 -6.4111
v  -0.8835 -0.9505 -6.2889
v  -0.8098 -0.4591 -6.3131
v  -0.8836 -0.4586 -6.2709
v  -0.8840 0.0335 -6.2527
v  -0.8100 0.0331 -6.2951
v  -0.8104 0.5256 -6.2775
v  -0.8848 0.5257 -6.2347
v  -0.9378 -0.9500 -6.2253
v  -0.9380 -1.4871 -6.2460
v  -0.8837 -1.4877 -6.3095
v  -0.8843 -2.1335 -6.3340
v  -0.9383 -2.1329 -6.2708
v  -0.9386 -2.7204 -6.2932
v  -0.8855 -2.7209 -6.3557
v  -0.8824 1.0296 -6.2184
v  -0.8086 1.0294 -6.2600
v  -0.8103 1.5330 -6.2406
v  -0.8849 1.5331 -6.1976
v  -1.3611 8.1155 -0.0105
v  -1.3620 8.1179 -0.0033
v  -1.4349 8.0816 -0.0035
v  -1.4317 8.0785 -0.0102
v  -0.9058 3.2484 -5.9507
v  -0.8249 3.2541 -6.0073
v  -0.8224 3.7912 -5.8512
v  -0.9037 3.7823 -5.7968
v  -0.8988 2.0865 -6.1529
v  -0.8196 2.0873 -6.2045
v  -0.8251 2.6212 -6.1363
v  -0.9069 2.6190 -6.0785
v  -0.7231 5.9838 -4.7248
v  -0.7244 6.4723 -4.3206
v  -0.8115 6.4609 -4.3083
v  -0.8097 5.9762 -4.7108
v  -0.8207 4.3349 -5.6490
v  -0.9018 4.3214 -5.5968
v  -1.0575 7.9986 -2.0903
v  -1.1331 7.9443 -2.0598
v  -1.0034 7.7361 -2.5640
v  -0.9387 7.7885 -2.5934
v  -1.2959 8.1613 -1.2769
v  -1.3730 8.1058 -1.2533
v  -1.2914 8.0739 -1.5360
v  -1.2125 8.1317 -1.5602
v  -2.2166 -5.2312 -5.2907
v  -1.6294 -5.5132 -5.3288
v  -1.7376 -5.0587 -5.3239
v  -2.2168 -4.8888 -5.2871
v  -0.9787 5.2643 -4.9135
v  -1.1107 4.9151 -4.2940
v  -1.1086 4.5330 -4.5297
v  -0.9797 4.7966 -5.1765
v  -1.0659 -3.7582 -5.7132
v  -0.9828 -3.7320 -6.1990
v  -0.9784 -3.6864 -6.1990
v  -1.0621 -3.7138 -5.7125
v  -0.8894 -3.5670 -6.3848
v  -0.9383 -3.6374 -6.3293
v  -0.9378 -3.6908 -6.3406
v  -0.8816 -3.6301 -6.4040
v  -0.7233 -3.3690 -6.4381
v  -0.8170 -3.4599 -6.4244
v  -0.7967 -3.5353 -6.4441
v  -0.6939 -3.4520 -6.4564
v  -1.1261 -3.8746 -5.6834
v  -1.1059 -3.8436 -5.6726
v  -1.1563 -3.8831 -5.5625
v  -1.1636 -3.9100 -5.6081
v  -0.6171 -3.6143 -6.9327
v  -0.5523 -3.5636 -6.6843
v  -0.6104 -3.5846 -6.6859
v  -1.0942 -4.0299 -6.9327
v  -0.9883 -3.8308 -6.4462
v  -1.0468 -3.8693 -6.2754
v  -1.2224 -4.2516 -6.9327
v  -0.2825 -6.1243 -6.9327
v  -0.3181 -6.2489 -5.5743
v  0.0000 -6.2840 -5.5699
v  -0.5658 -6.0291 -6.9327
v  -0.6159 -6.1468 -5.5876
v  -0.8243 -5.8721 -6.9327
v  -0.8999 -5.9733 -5.6019
v  -1.0439 -5.6590 -6.9327
v  -1.1336 -5.7451 -5.6072
v  -1.2158 -5.3828 -6.9327
v  -1.3191 -5.0714 -6.9327
v  -1.4449 -5.0956 -5.5731
v  -1.3338 -5.4352 -5.5846
v  -0.3073 -3.5015 -6.9327
v  -0.3112 -3.4761 -6.6778
v  -0.9012 -3.8131 -6.9327
v  -0.7639 -3.6703 -6.6542
v  -0.8930 -3.7599 -6.5758
v  -1.3071 -4.4972 -6.9327
v  -1.3393 -4.2019 -5.5906
v  -1.4325 -4.4683 -5.5812
v  -1.3438 -4.7756 -6.9327
v  -1.4729 -4.7705 -5.5762
v  -0.3173 -3.2238 -6.4295
v  -0.6428 -3.3402 -6.4364
v  -0.6205 -3.4255 -6.4576
v  -0.3204 -3.3227 -6.4500
v  -1.1341 -3.8882 -5.7061
v  -1.1697 -3.9209 -5.6255
v  -1.2317 -4.0042 -5.5975
v  -1.4284 -3.8622 -5.3519
v  -1.5644 -4.1086 -5.3434
v  -1.4647 -4.1432 -5.3701
v  -1.3502 -3.9139 -5.3739
v  -1.4343 -4.4674 -5.5613
v  -1.3407 -4.2006 -5.5707
v  -1.3590 -4.1872 -5.4874
v  -1.4554 -4.4580 -5.4754
v  -1.6522 -4.3783 -5.3372
v  -1.7062 -4.7208 -5.3307
v  -1.6197 -4.7398 -5.3523
v  -1.5752 -4.4171 -5.3564
v  -1.4468 -5.0962 -5.5532
v  -1.4748 -4.7702 -5.5563
v  -1.4960 -4.7637 -5.4738
v  -1.4723 -5.0939 -5.4657
v  -0.3191 -6.2507 -5.5544
v  -0.3170 -6.2675 -5.4818
v  -0.7156 -6.3259 -5.3458
v  -0.3072 -6.4463 -5.3339
v  -0.3078 -6.3626 -5.3695
v  -0.6804 -6.2562 -5.3737
v  -0.9015 -5.9745 -5.5820
v  -1.1348 -5.7466 -5.5873
v  -1.1581 -5.7544 -5.4998
v  -0.9207 -5.9883 -5.5010
v  -0.6175 -6.1482 -5.5677
v  -0.6266 -6.1643 -5.4907
v  -1.6881 -5.0515 -5.3278
v  -1.5826 -5.4942 -5.3323
v  -1.4806 -5.4685 -5.3557
v  -1.6008 -5.0635 -5.3488
v  -1.3351 -5.4369 -5.5647
v  -1.3515 -5.4455 -5.4888
v  -0.3120 -3.4743 -6.6579
v  0.0000 -3.4130 -6.5670
v  -0.3173 -3.4529 -6.5762
v  -1.0052 -3.8145 -6.2601
v  -1.0345 -3.8543 -6.2687
v  -0.9772 -3.8175 -6.4339
v  -0.9560 -3.7824 -6.3953
v  -0.8776 -3.7252 -6.4955
v  -0.8845 -3.7495 -6.5593
v  -0.7578 -3.6646 -6.6351
v  -0.7612 -3.6416 -6.5563
v  -1.0760 -3.7614 -5.6658
v  -1.1766 -3.8105 -5.4723
v  -0.6242 -3.5619 -6.5778
v  -0.6086 -3.5817 -6.6659
v  -0.5510 -3.5609 -6.6644
v  -0.5645 -3.5407 -6.5775
v  -1.2318 -4.0006 -5.5777
v  -1.2480 -3.9839 -5.4951
v  0.0000 -6.4020 -5.3614
v  -1.3058 -5.7860 -5.3760
v  -1.3908 -5.8185 -5.3580
v  -1.0474 -6.1385 -5.3572
v  -0.9996 -6.0725 -5.3828
v  -10.4711 0.0005 0.4401
v  -10.3974 1.0636 0.4401
v  -9.7214 0.9828 0.4401
v  -9.7959 0.0005 0.4400
v  -10.2024 2.0301 0.4401
v  -9.5257 1.8624 0.4400
v  -9.9062 2.9168 0.4401
v  -9.2363 2.6559 0.4400
v  -9.5172 3.7443 0.4401
v  -8.8613 3.3831 0.4400
v  -9.0453 4.5040 0.4401
v  -8.4096 4.0466 0.4400
v  -8.4775 5.2162 0.4401
v  -7.8748 4.6601 0.4400
v  -7.8197 5.8689 0.4401
v  -7.2599 5.2111 0.4400
v  -7.0473 6.4693 0.4401
v  -6.5565 5.7432 0.4400
v  -6.1749 6.9892 0.4401
v  -5.7555 6.2544 0.4401
v  -4.9070 6.7033 0.4401
v  -5.2615 7.4312 0.4401
v  -4.2831 7.8162 0.4401
v  -3.9605 7.1008 0.4401
v  -3.2422 8.1237 0.4401
v  -2.9926 7.4101 0.4401
v  -2.1753 8.3541 0.4401
v  -2.0001 7.6340 0.4401
v  -1.0915 8.4887 0.4401
v  -0.9971 7.7670 0.4401
v  -10.3977 -1.0629 0.4401
v  -9.7219 -0.9821 0.4400
v  -9.5291 -1.8626 0.4401
v  -10.2068 -2.0111 0.4401
v  -9.9066 -2.9162 0.4401
v  -9.2432 -2.6584 0.4401
v  -8.8728 -3.3885 0.4401
v  -9.5167 -3.7432 0.4401
v  -9.0444 -4.5029 0.4400
v  -8.4266 -4.0569 0.4401
v  -8.4781 -5.2159 0.4400
v  -7.8943 -4.6783 0.4401
v  -7.8206 -5.8688 0.4400
v  -7.2869 -5.2344 0.4401
v  -7.0471 -6.4687 0.4400
v  -6.5941 -5.7712 0.4400
v  -6.1755 -6.9888 0.4400
v  -5.7875 -6.2957 0.4400
v  -5.2619 -7.4313 0.4400
v  -4.9333 -6.7546 0.4400
v  -4.2833 -7.8159 0.4401
v  -3.9943 -7.1595 0.4401
v  -3.0345 -7.4761 0.4401
v  -3.2428 -8.1266 0.4401
v  -2.0274 -7.7100 0.4401
v  -2.1755 -8.3541 0.4401
v  -1.0911 -8.4690 0.4401
v  -1.0170 -7.8503 0.4401
v  0.0000 -8.5362 0.4401
v  0.0000 -7.8976 0.4401
v  -1.0031 -7.6951 0.4070
v  -0.9903 7.6538 0.4228
v  -9.6826 0.0005 0.4226
v  -9.6085 0.9715 0.4227
v  -9.3662 -0.9417 0.1906
v  -9.4269 -0.9477 0.2971
v  -9.4993 0.0005 0.2969
v  -9.4390 0.0005 0.1900
v  -9.2412 -1.7863 0.2974
v  -9.1827 -1.7710 0.1903
v  -8.9149 -2.5123 0.1886
v  -8.9694 -2.5382 0.2965
v  -8.5644 -3.2017 0.1823
v  -8.6145 -3.2338 0.2928
v  -8.1310 -3.8472 0.1775
v  -8.1802 -3.8809 0.2892
v  -7.6723 -4.4666 0.2853
v  -7.6305 -4.4259 0.1702
v  -7.0564 -4.9481 0.1562
v  -7.0908 -4.9930 0.2766
v  -6.3936 -5.4591 0.1488
v  -6.4216 -5.5059 0.2732
v  -5.6136 -5.9661 0.1361
v  -5.6359 -6.0137 0.2653
v  -4.7830 -6.4122 0.1272
v  -4.8014 -6.4604 0.2593
v  -3.8843 -6.8004 0.1198
v  -3.8933 -6.8501 0.2551
v  -2.9284 -7.1142 0.1065
v  -2.9412 -7.1593 0.2474
v  -1.9547 -7.3841 0.2410
v  -1.9433 -7.3415 0.0958
v  -0.9771 -7.4732 0.0872
v  -0.9824 -7.5119 0.2302
v  -9.3635 0.9569 0.1914
v  -9.4249 0.9583 0.2977
v  -9.2375 1.7924 0.2998
v  -9.1779 1.7797 0.1942
v  -8.9627 2.5457 0.3019
v  -8.9056 2.5234 0.1977
v  -8.6080 3.2358 0.3027
v  -8.5554 3.2046 0.1993
v  -8.1825 3.8639 0.3031
v  -8.1359 3.8232 0.2010
v  -7.6653 4.4570 0.3051
v  -7.6213 4.4134 0.2037
v  -7.0717 4.9894 0.3037
v  -7.0315 4.9426 0.2021
v  -6.3954 5.4994 0.3035
v  -6.3627 5.4479 0.2006
v  -5.6022 6.0053 0.3034
v  -5.5684 5.9541 0.2006
v  -4.7892 6.4340 0.3020
v  -4.7669 6.3767 0.1984
v  -3.8430 6.8307 0.3009
v  -3.8174 6.7752 0.1965
v  -2.8858 7.1336 0.3000
v  -2.8592 7.0777 0.1952
v  -1.9377 7.3439 0.2987
v  -1.9247 7.2847 0.1925
v  -0.9911 7.4690 0.2982
v  -0.9963 7.4082 0.1914
v  -0.9916 -7.5909 0.3373
v  0.0000 -7.5615 0.2365
v  -0.9895 7.5547 0.3759
v  -9.5099 0.9637 0.3756
v  -9.5841 0.0005 0.3751
v  -9.5112 -0.9570 0.3753
v  -9.6093 -0.9685 0.4226
v  -9.4191 -1.8338 0.4229
v  -9.3234 -1.8082 0.3756
v  -9.0470 -2.5735 0.3753
v  -9.1378 -2.6139 0.4229
v  -8.6873 -3.2786 0.3735
v  -8.7729 -3.3304 0.4223
v  -8.2499 -3.9301 0.3717
v  -8.3319 -3.9887 0.4217
v  -7.8080 -4.5969 0.4211
v  -7.7343 -4.5263 0.3699
v  -7.1446 -5.0605 0.3655
v  -7.2097 -5.1408 0.4197
v  -6.4686 -5.5795 0.3643
v  -6.5260 -5.6676 0.4196
v  -5.6761 -6.0912 0.3605
v  -5.7265 -6.1850 0.4181
v  -4.8358 -6.5404 0.3573
v  -4.8794 -6.6384 0.4170
v  -3.9171 -6.9342 0.3555
v  -3.9495 -7.0375 0.4168
v  -2.9655 -7.2432 0.3521
v  -2.9961 -7.3486 0.4157
v  -1.9983 -7.5777 0.4146
v  -1.9744 -7.4694 0.3489
v  -9.4161 1.8351 0.4230
v  -9.3203 1.8118 0.3767
v  -9.1322 2.6141 0.4234
v  -9.0413 2.5772 0.3778
v  -8.7647 3.3278 0.4234
v  -8.6807 3.2785 0.3781
v  -8.3221 3.9788 0.4233
v  -8.2469 3.9175 0.3781
v  -7.7949 4.5837 0.4239
v  -7.7254 4.5159 0.3793
v  -7.1886 5.1270 0.4234
v  -7.1261 5.0533 0.3782
v  -6.4948 5.6510 0.4235
v  -6.4413 5.5699 0.3784
v  -5.6986 6.1591 0.4236
v  -5.6472 6.0765 0.3784
v  -4.8607 6.6016 0.4234
v  -4.8219 6.5119 0.3778
v  -3.9160 6.9981 0.4231
v  -3.8772 6.9081 0.3772
v  -2.9541 7.3043 0.4228
v  -2.9184 7.2124 0.3765
v  -1.9758 7.5235 0.4229
v  -1.9554 7.4270 0.3762
v  0.0000 7.4540 0.1901
v  -10.5163 0.0005 0.4340
v  -10.4426 1.0698 0.4340
v  -10.4173 1.0663 0.4401
v  -10.4911 0.0005 0.4401
v  -10.2459 2.0419 0.4340
v  -10.2218 2.0353 0.4401
v  -9.9487 2.9343 0.4340
v  -9.9248 2.9242 0.4401
v  -9.5563 3.7665 0.4340
v  -9.5348 3.7538 0.4401
v  -9.0817 4.5311 0.4340
v  -9.0617 4.5155 0.4401
v  -8.5103 5.2475 0.4340
v  -8.4925 5.2296 0.4401
v  -7.8490 5.9045 0.4340
v  -7.8330 5.8840 0.4401
v  -7.0712 6.5071 0.4340
v  -7.0586 6.4859 0.4401
v  -6.1954 7.0297 0.4340
v  -6.1844 7.0068 0.4401
v  -5.2786 7.4732 0.4340
v  -5.2696 7.4495 0.4401
v  -4.2970 7.8587 0.4340
v  -4.2896 7.8351 0.4401
v  -3.2530 8.1700 0.4340
v  -3.2472 8.1431 0.4401
v  -2.1813 8.3981 0.4340
v  -2.1787 8.3738 0.4401
v  -1.0932 8.5339 0.4340
v  -1.0931 8.5087 0.4401
v  -10.4421 -1.0689 0.4340
v  -10.4176 -1.0655 0.4401
v  -10.2526 -2.0224 0.4340
v  -10.2262 -2.0162 0.4401
v  -9.9483 -2.9334 0.4340
v  -9.9252 -2.9236 0.4401
v  -9.5558 -3.7655 0.4340
v  -9.5343 -3.7528 0.4401
v  -9.0809 -4.5300 0.4340
v  -9.0608 -4.5144 0.4400
v  -8.5110 -5.2473 0.4341
v  -8.4930 -5.2292 0.4400
v  -7.8490 -5.9037 0.4338
v  -7.8338 -5.8839 0.4400
v  -7.0712 -6.5072 0.4340
v  -7.0584 -6.4853 0.4400
v  -6.1960 -7.0297 0.4342
v  -6.1850 -7.0064 0.4400
v  -5.2794 -7.4744 0.4344
v  -5.2700 -7.4496 0.4400
v  -4.2973 -7.8594 0.4340
v  -4.2898 -7.8349 0.4401
v  -3.2529 -8.1717 0.4340
v  -3.2478 -8.1460 0.4401
v  -2.1813 -8.3991 0.4340
v  -2.1787 -8.3738 0.4401
v  -1.0941 -8.5142 0.4340
v  -1.0928 -8.4890 0.4401
v  0.0000 -8.5562 0.4401
v  -10.5501 0.0005 0.3719
v  -10.5140 0.0005 0.1040
v  -10.4402 1.0694 0.1041
v  -10.4753 1.0749 0.3719
v  -10.2440 2.0412 0.1039
v  -10.2774 2.0518 0.3719
v  -9.9462 2.9328 0.1040
v  -9.9787 2.9488 0.3719
v  -9.5541 3.7643 0.1040
v  -9.5833 3.7848 0.3719
v  -9.0794 4.5281 0.1039
v  -9.1068 4.5534 0.3719
v  -8.5095 5.2451 0.1040
v  -8.5318 5.2727 0.3719
v  -7.8484 5.9015 0.1040
v  -7.8676 5.9332 0.3719
v  -7.0712 6.5043 0.1040
v  -7.0852 6.5370 0.3719
v  -6.1954 7.0271 0.1039
v  -6.2065 7.0622 0.3719
v  -5.2795 7.4721 0.1040
v  -5.2867 7.5071 0.3719
v  -4.2990 7.8561 0.1035
v  -4.3023 7.8936 0.3719
v  -3.2540 8.1699 0.1040
v  -3.2547 8.2057 0.3719
v  -2.1825 8.3966 0.1040
v  -2.1791 8.4343 0.3719
v  -1.0952 8.5334 0.1038
v  -1.0869 8.5689 0.3719
v  0.0000 8.6157 0.3719
v  -10.4748 -1.0740 0.3719
v  -10.4403 -1.0686 0.1040
v  -10.2846 -2.0279 0.3719
v  -10.2484 -2.0254 0.1030
v  -9.9777 -2.9476 0.3719
v  -9.9464 -2.9321 0.1039
v  -9.5832 -3.7840 0.3719
v  -9.5543 -3.7637 0.1040
v  -9.1067 -4.5529 0.3719
v  -9.0796 -4.5277 0.1039
v  -8.5327 -5.2725 0.3719
v  -8.5102 -5.2445 0.1040
v  -7.8673 -5.9321 0.3719
v  -7.8489 -5.9011 0.1039
v  -7.0852 -6.5376 0.3719
v  -7.0714 -6.5043 0.1041
v  -6.2071 -7.0624 0.3719
v  -6.1960 -7.0269 0.1040
v  -5.2876 -7.5085 0.3719
v  -5.2782 -7.4710 0.1040
v  -4.3023 -7.8937 0.3719
v  -4.2974 -7.8568 0.1041
v  -3.2542 -8.2075 0.3719
v  -3.2535 -8.1683 0.1038
v  -2.1787 -8.4342 0.3719
v  -2.1825 -8.3965 0.1041
v  -1.0927 -8.5485 0.3719
v  -1.0962 -8.5307 0.1038
v  0.0000 -8.5792 0.1039
v  -10.5497 0.0005 0.3801
v  -10.4767 1.0751 0.3801
v  -10.2780 2.0519 0.3801
v  -9.9801 2.9493 0.3801
v  -9.5838 3.7851 0.3801
v  -9.1069 4.5535 0.3801
v  -8.5323 5.2732 0.3801
v  -7.8681 5.9339 0.3801
v  -7.0855 6.5374 0.3801
v  -6.2064 7.0620 0.3801
v  -5.2862 7.5061 0.3801
v  -4.3015 7.8914 0.3801
v  -3.2552 8.2078 0.3801
v  -2.1786 8.4315 0.3801
v  -1.0867 8.5674 0.3801
v  -10.4752 -1.0740 0.3801
v  -10.2845 -2.0273 0.3801
v  -9.9790 -2.9481 0.3801
v  -9.5838 -3.7843 0.3801
v  -9.1065 -4.5527 0.3801
v  -8.5336 -5.2733 0.3801
v  -7.8674 -5.9323 0.3801
v  -7.0857 -6.5383 0.3801
v  -6.2074 -7.0628 0.3801
v  -5.2878 -7.5089 0.3801
v  -4.3025 -7.8940 0.3801
v  -3.2541 -8.2073 0.3801
v  -2.1786 -8.4338 0.3801
v  -1.0927 -8.5484 0.3801
v  -1.0935 -8.5443 0.4015
v  -2.1802 -8.4295 0.4015
v  -3.2551 -8.2028 0.4015
v  -4.3028 -7.8895 0.4015
v  -5.2876 -7.5046 0.4016
v  -6.2067 -7.0586 0.4016
v  -7.0846 -6.5343 0.4015
v  -7.8656 -5.9284 0.4015
v  -8.5313 -5.2699 0.4016
v  -9.1037 -4.5496 0.4016
v  -9.5805 -3.7817 0.4015
v  -9.9753 -2.9460 0.4015
v  -10.2817 -2.0255 0.4015
v  -10.4712 -1.0733 0.4015
v  -10.5457 0.0005 0.4015
v  -10.4727 1.0743 0.4015
v  -10.2742 2.0505 0.4015
v  -9.9765 2.9473 0.4015
v  -9.5807 3.7825 0.4015
v  -9.1042 4.5504 0.4015
v  -8.5300 5.2697 0.4015
v  -7.8664 5.9300 0.4015
v  -7.0843 6.5334 0.4015
v  -6.2058 7.0578 0.4015
v  -5.2861 7.5018 0.4015
v  -4.3019 7.8871 0.4015
v  -3.2561 8.2031 0.4015
v  -2.1801 8.4271 0.4015
v  -1.0888 8.5633 0.4015
v  -10.5355 0.0005 0.4191
v  -10.4619 1.0726 0.4191
v  -10.2642 2.0473 0.4191
v  -9.9667 2.9425 0.4191
v  -9.5723 3.7767 0.4191
v  -9.0965 4.5434 0.4191
v  -8.5234 5.2617 0.4191
v  -7.8605 5.9208 0.4191
v  -7.0800 6.5238 0.4191
v  -6.2026 7.0477 0.4191
v  -5.2841 7.4917 0.4191
v  -4.3009 7.8772 0.4191
v  -3.2556 8.1910 0.4191
v  -2.1813 8.4170 0.4191
v  -1.0912 8.5531 0.4191
v  -10.4609 -1.0717 0.4191
v  -10.2724 -2.0238 0.4191
v  -9.9658 -2.9413 0.4191
v  -9.5719 -3.7757 0.4191
v  -9.0959 -4.5425 0.4191
v  -8.5244 -5.2616 0.4192
v  -7.8601 -5.9194 0.4190
v  -7.0802 -6.5244 0.4191
v  -6.2034 -7.0482 0.4193
v  -5.2853 -7.4938 0.4194
v  -4.3015 -7.8787 0.4191
v  -3.2550 -8.1917 0.4191
v  -2.1813 -8.4187 0.4191
v  -1.0941 -8.5336 0.4191
v  0.0000 -8.6013 0.4191
v  -10.4997 0.0005 0.0638
v  -10.4255 1.0669 0.0638
v  -10.2315 2.0378 0.0638
v  -9.9329 2.9271 0.0638
v  -9.5414 3.7569 0.0636
v  -9.0684 4.5198 0.0637
v  -8.4999 5.2357 0.0638
v  -7.8391 5.8901 0.0638
v  -7.0637 6.4926 0.0638
v  -6.1886 7.0159 0.0638
v  -5.2784 7.4580 0.0638
v  -4.2935 7.8440 0.0638
v  -3.2498 8.1567 0.0638
v  -2.1796 8.3828 0.0638
v  -1.0940 8.5196 0.0638
v  -10.4271 -1.0662 0.0638
v  -10.2316 -2.0245 0.0638
v  -9.9332 -2.9315 0.0637
v  -9.5397 -3.7611 0.0638
v  -9.0693 -4.5204 0.0637
v  -8.4976 -5.2368 0.0637
v  -7.8401 -5.8922 0.0637
v  -7.0597 -6.4944 0.0637
v  -6.1862 -7.0160 0.0637
v  -5.2729 -7.4572 0.0637
v  -4.2894 -7.8426 0.0637
v  -3.2505 -8.1570 0.0638
v  -2.1783 -8.3816 0.0631
v  -1.0938 -8.5126 0.0638
v  -10.4756 0.0005 0.0324
v  -10.4394 0.0005 0.0092
v  -10.3664 1.0573 0.0092
v  -10.4016 1.0629 0.0324
v  -10.1731 2.0225 0.0092
v  -10.2080 2.0317 0.0324
v  -9.8766 2.9040 0.0092
v  -9.9105 2.9179 0.0324
v  -9.4880 3.7272 0.0087
v  -9.5202 3.7451 0.0322
v  -9.0191 4.4846 0.0089
v  -9.0487 4.5057 0.0323
v  -8.4554 5.1953 0.0092
v  -8.4820 5.2194 0.0324
v  -7.7990 5.8440 0.0092
v  -7.8232 5.8718 0.0324
v  -7.0295 6.4425 0.0092
v  -7.0501 6.4726 0.0324
v  -6.1571 6.9644 0.0092
v  -6.1758 6.9953 0.0324
v  -5.2672 7.3968 0.0092
v  -5.2749 7.4330 0.0324
v  -4.2683 7.7890 0.0092
v  -4.2831 7.8220 0.0324
v  -3.2307 8.0993 0.0092
v  -3.2419 8.1337 0.0324
v  -2.1659 8.3238 0.0092
v  -2.1739 8.3593 0.0324
v  -1.0864 8.4597 0.0092
v  -1.0908 8.4955 0.0324
v  0.0000 8.5035 0.0092
v  -10.4032 -1.0621 0.0324
v  -10.3671 -1.0563 0.0092
v  -10.2092 -2.0207 0.0324
v  -10.1747 -2.0135 0.0092
v  -9.9081 -2.9293 0.0322
v  -9.8716 -2.9235 0.0090
v  -9.5147 -3.7565 0.0324
v  -9.4787 -3.7470 0.0092
v  -9.0492 -4.5069 0.0323
v  -9.0193 -4.4867 0.0091
v  -8.4765 -5.2241 0.0323
v  -8.4462 -5.2040 0.0091
v  -7.8227 -5.8752 0.0323
v  -7.7972 -5.8495 0.0091
v  -7.0403 -6.4783 0.0322
v  -7.0129 -6.4524 0.0087
v  -6.1693 -6.9977 0.0323
v  -6.1462 -6.9694 0.0091
v  -5.2628 -7.4350 0.0323
v  -5.2466 -7.4020 0.0090
v  -4.2766 -7.8211 0.0323
v  -4.2589 -7.7876 0.0088
v  -3.2435 -8.1338 0.0324
v  -3.2333 -8.0992 0.0092
v  -2.1712 -8.3577 0.0315
v  -2.1614 -8.3210 0.0080
v  -1.0898 -8.4814 0.0324
v  -1.0843 -8.4377 0.0084
v  0.0000 -8.5058 0.0091
v  -10.3936 0.0005 -0.0000
v  -10.3213 1.0502 0.0001
v  -10.1291 2.0110 -0.0000
v  -9.8362 2.8875 0.0000
v  -9.4502 3.7063 0.0001
v  -8.9826 4.4588 0.0000
v  -8.4217 5.1649 0.0000
v  -7.7706 5.8115 0.0001
v  -7.0044 6.4060 0.0001
v  -6.1333 6.9248 0.0001
v  -5.2559 7.3503 0.0001
v  -4.2501 7.7472 0.0001
v  -3.2166 8.0550 0.0001
v  -1.0808 8.4137 -0.0000
v  0.0000 8.4602 -0.0000
v  -10.3237 -1.0494 0.0000
v  -10.1311 -2.0027 0.0001
v  -9.8257 -2.9148 -0.0000
v  -9.4341 -3.7337 0.0001
v  -8.9818 -4.4612 0.0000
v  -8.4083 -5.1779 -0.0000
v  -7.7650 -5.8167 -0.0000
v  -6.9819 -6.4214 0.0001
v  -6.1179 -6.9330 -0.0000
v  -5.2283 -7.3625 0.0001
v  -4.2416 -7.7454 0.0001
v  -3.2202 -8.0541 -0.0000
v  -2.1511 -8.2812 0.0001
v  -1.0789 -8.3943 -0.0000
v  -9.7594 0.9872 -0.1228
v  -9.8340 0.9957 -0.0430
v  -9.9084 -0.0010 -0.0432
v  -9.8337 -0.0001 -0.1227
v  -9.6344 1.8883 -0.0426
v  -9.5609 1.8704 -0.1226
v  -9.3390 2.6945 -0.0414
v  -9.2670 2.6665 -0.1225
v  -8.9537 3.4340 -0.0423
v  -8.8882 3.3956 -0.1229
v  -8.4899 4.1090 -0.0415
v  -8.4298 4.0609 -0.1225
v  -7.9462 4.7233 -0.0417
v  -7.8907 4.6704 -0.1226
v  -7.3210 5.2830 -0.0426
v  -7.2764 5.2222 -0.1226
v  -6.5838 5.7455 -0.1229
v  -6.6160 5.8144 -0.0431
v  -5.7698 6.2694 -0.1251
v  -5.8089 6.3304 -0.0419
v  -4.9431 6.7867 -0.0424
v  -4.9144 6.7210 -0.1251
v  -3.9977 7.1809 -0.0482
v  -3.9708 7.1182 -0.1235
v  -3.0244 7.5017 -0.0429
v  -3.0024 7.4299 -0.1226
v  -2.0262 7.7333 -0.0410
v  -2.0084 7.6573 -0.1223
v  -9.8292 -0.9941 -0.0436
v  -9.7554 -0.9860 -0.1229
v  -9.6316 -1.8861 -0.0425
v  -9.5579 -1.8688 -0.1227
v  -9.3386 -2.6947 -0.0428
v  -9.2689 -2.6672 -0.1226
v  -8.9619 -3.4359 -0.0443
v  -8.8985 -3.3998 -0.1227
v  -8.5097 -4.1147 -0.0455
v  -8.4524 -4.0719 -0.1231
v  -7.9712 -4.7475 -0.0458
v  -7.9200 -4.6979 -0.1229
v  -7.3548 -5.3153 -0.0494
v  -7.3137 -5.2634 -0.1225
v  -6.6529 -5.8608 -0.0516
v  -6.6195 -5.8071 -0.1222
v  -5.8439 -6.3974 -0.0526
v  -5.8147 -6.3432 -0.1222
v  -4.9883 -6.8666 -0.0555
v  -4.9631 -6.8147 -0.1220
v  -4.0493 -7.2818 -0.0568
v  -4.0257 -7.2310 -0.1216
v  -3.0790 -7.6105 -0.0581
v  -3.0639 -7.5587 -0.1213
v  -2.0619 -7.8546 -0.0595
v  -2.0512 -7.8033 -0.1213
v  -1.0360 -7.9896 -0.0713
v  -1.0318 -7.9476 -0.1259
v  0.0000 -8.0553 -0.0586
v  -10.0501 -0.0019 -0.0000
v  -9.9738 1.0124 -0.0000
v  -9.7701 1.9225 -0.0000
v  -9.4657 2.7441 -0.0000
v  -9.0745 3.5014 -0.0000
v  -8.6002 4.1919 -0.0000
v  -8.0478 4.8171 -0.0000
v  -7.4064 5.3891 -0.0000
v  -6.6854 5.9364 -0.0000
v  -5.8821 6.4483 0.0001
v  -5.0038 6.9111 0.0001
v  -4.0497 7.2974 -0.0009
v  -3.0688 7.6349 -0.0000
v  -2.0536 7.8673 0.0001
v  -9.9686 -1.0106 -0.0000
v  -9.7687 -1.9217 -0.0000
v  -9.4696 -2.7492 -0.0000
v  -9.0853 -3.5071 -0.0000
v  -8.6243 -4.1972 -0.0001
v  -8.0769 -4.8468 -0.0000
v  -7.4495 -5.4288 -0.0000
v  -6.7331 -5.9861 -0.0000
v  -5.9183 -6.5326 -0.0000
v  -5.0569 -7.0053 -0.0001
v  -4.1123 -7.4270 -0.0000
v  -3.1266 -7.7638 -0.0000
v  -2.0963 -8.0131 -0.0000
v  -1.0524 -8.1409 -0.0013
v  -9.1113 -0.0009 -0.7071
v  -9.0409 -0.9109 -0.7074
v  -9.3493 -0.9392 0.1436
v  -9.4219 0.0005 0.1430
v  -8.8642 -1.7056 -0.7069
v  -9.1663 -1.7662 0.1433
v  -8.6110 -2.4140 -0.7084
v  -8.8995 -2.5054 0.1415
v  -8.2803 -3.0799 -0.7127
v  -8.5506 -3.1932 0.1350
v  -7.8693 -3.7142 -0.7168
v  -8.1191 -3.8376 0.1299
v  -7.4028 -4.2815 -0.7230
v  -7.6207 -4.4155 0.1223
v  -6.8644 -4.8005 -0.7326
v  -7.0486 -4.9378 0.1079
v  -6.2339 -5.3117 -0.7376
v  -6.3875 -5.4496 0.1000
v  -5.4868 -5.8243 -0.7451
v  -5.6088 -5.9571 0.0872
v  -4.6863 -6.2825 -0.7505
v  -4.7792 -6.4035 0.0782
v  -3.8208 -6.6838 -0.7549
v  -3.8819 -6.7929 0.0704
v  -2.8838 -7.0173 -0.7626
v  -2.9272 -7.1081 0.0569
v  -1.9123 -7.2614 -0.7688
v  -1.9429 -7.3369 0.0461
v  -0.9632 -7.4037 -0.7733
v  -0.9769 -7.4691 0.0374
v  -8.8455 1.7101 -0.7044
v  -9.0350 0.9279 -0.7061
v  -9.3464 0.9544 0.1445
v  -9.1609 1.7749 0.1474
v  -8.5743 2.4153 -0.7024
v  -8.8890 2.5163 0.1511
v  -8.2300 3.0582 -0.7019
v  -8.5396 3.1953 0.1528
v  -7.8239 3.6392 -0.7023
v  -8.1212 3.8120 0.1546
v  -7.3221 4.2009 -0.7013
v  -7.6080 4.4004 0.1573
v  -6.7533 4.7050 -0.7020
v  -7.0197 4.9282 0.1557
v  -6.1135 5.1838 -0.7023
v  -6.3522 5.4327 0.1541
v  -5.3420 5.6736 -0.7017
v  -5.5592 5.9382 0.1541
v  -4.5769 6.0618 -0.6966
v  -4.7591 6.3601 0.1519
v  -3.6567 6.4567 -0.6985
v  -3.8112 6.7583 0.1498
v  -2.7316 6.7602 -0.7023
v  -2.8547 7.0606 0.1485
v  -1.8471 6.9584 -0.7049
v  -1.9217 7.2675 0.1456
v  -0.9704 7.0008 -0.9124
v  -0.9742 7.0601 -0.7548
v  0.0000 -7.5151 0.0409
v  -8.7549 -0.0042 -1.5105
v  -8.6860 -0.8867 -1.5100
v  -8.5163 -1.6595 -1.5093
v  -8.2745 -2.3506 -1.5083
v  -7.9610 -3.0005 -1.5070
v  -7.5725 -3.6208 -1.5060
v  -7.1303 -4.1831 -1.5050
v  -6.6226 -4.7013 -1.5036
v  -6.0246 -5.2086 -1.5033
v  -5.3157 -5.7213 -1.5028
v  -4.5514 -6.1843 -1.5024
v  -3.7183 -6.5952 -1.5017
v  -2.8338 -6.9334 -1.5019
v  -1.8736 -7.1943 -1.5017
v  -0.9485 -7.3449 -1.5036
v  -8.4808 1.6524 -1.5101
v  -8.6749 0.8938 -1.5104
v  -8.2055 2.3321 -1.5100
v  -7.8590 2.9485 -1.5100
v  -7.4497 3.5017 -1.5148
v  -6.9572 4.0322 -1.5145
v  -6.4068 4.5072 -1.5154
v  -5.7920 4.9560 -1.5148
v  -5.0588 5.4123 -1.5151
v  -4.3342 5.7883 -1.5153
v  -3.4617 6.1459 -1.5047
v  -2.5855 6.4200 -1.5043
v  -1.7487 6.6209 -1.5119
v  -0.9176 6.7302 -1.5190
v  0.0000 -7.3995 -1.5014
v  -2.5590 0.0187 -4.7507
v  -3.1511 0.0171 -4.7202
v  -3.1202 0.3604 -4.7177
v  -2.5340 0.2976 -4.7490
v  -3.7183 -0.3715 -4.6862
v  -3.7426 0.0155 -4.6825
v  -3.1305 -0.3087 -4.7220
v  -4.2111 0.8947 -4.6050
v  -3.6206 0.7743 -4.6730
v  -3.7060 0.4224 -4.6796
v  -4.3105 0.4850 -4.6160
v  -3.6565 -0.7064 -4.6953
v  -3.0784 -0.5905 -4.7288
v  -0.2619 2.0613 -4.7209
v  -0.3224 2.5266 -4.6535
v  -3.8888 1.5851 -4.5692
v  -3.3446 1.3704 -4.6523
v  -3.4987 1.0880 -4.6636
v  -4.0687 1.2581 -4.5881
v  -3.6783 1.8779 -4.5488
v  -3.1639 1.6236 -4.6396
v  -3.4283 2.1498 -4.5267
v  -2.9495 1.8588 -4.6256
v  -3.1521 2.3861 -4.5070
v  -2.7141 2.0619 -4.6129
v  -2.8463 2.6057 -4.4888
v  -2.4514 2.2557 -4.6006
v  -2.4886 2.8227 -4.4696
v  -2.1440 2.4439 -4.5879
v  -2.1270 3.0044 -4.4531
v  -1.8330 2.6017 -4.5767
v  -1.7023 3.1744 -4.4365
v  -1.4675 2.7496 -4.5663
v  -1.2745 3.3036 -4.4222
v  -1.0991 2.8627 -4.5587
v  -0.8571 3.3915 -4.4126
v  -0.7393 2.9397 -4.5541
v  -0.4436 3.4441 -4.4072
v  -0.3827 2.9856 -4.5505
v  -1.5187 -3.1560 -4.8904
v  -2.0695 -2.8380 -4.8549
v  -1.7422 -2.3846 -4.8535
v  -1.2652 -2.6238 -4.8807
v  -2.3873 -2.5987 -4.8308
v  -2.0098 -2.1831 -4.8345
v  -2.6753 -2.3450 -4.8072
v  -2.2522 -1.9695 -4.8159
v  -2.9171 -2.0926 -4.7842
v  -2.4559 -1.7571 -4.7976
v  -3.1230 -1.8394 -4.7620
v  -2.6292 -1.5439 -4.7802
v  -3.2967 -1.5778 -4.7419
v  -2.7755 -1.3237 -4.7646
v  -3.4458 -1.2980 -4.7236
v  -2.9010 -1.0884 -4.7504
v  -3.5660 -1.0096 -4.7079
v  -3.0022 -0.8457 -4.7384
v  -4.9484 0.0105 -4.4994
v  -5.5693 0.0045 -4.3038
v  -5.5166 0.6022 -4.2953
v  -4.9012 0.5447 -4.4913
v  -1.3603 0.1710 -4.7923
v  0.0000 0.0245 -4.8098
v  -1.3736 0.0216 -4.7927
v  -7.7398 -0.8093 -2.8346
v  -7.7963 -0.0090 -2.8337
v  -1.3646 -0.1204 -4.7937
v  -1.3291 0.3011 -4.7911
v  -5.3891 1.1183 -4.2767
v  -4.7879 1.0078 -4.4767
v  -7.6045 -1.5167 -2.8380
v  -7.0086 -1.4081 -3.4312
v  -1.3419 -0.2431 -4.7959
v  -0.5037 3.8882 -4.2302
v  -0.5670 4.3461 -3.9977
v  -1.2279 0.5213 -4.7877
v  -1.2844 0.4168 -4.7895
v  -4.6259 1.4186 -4.4561
v  -5.2070 1.5762 -4.2517
v  -4.9769 1.9884 -4.2236
v  -4.4211 1.7881 -4.4325
v  -1.1616 0.6150 -4.7857
v  -4.7077 2.3578 -4.1937
v  -4.1814 2.1187 -4.4069
v  -1.0829 0.7021 -4.7834
v  -4.3877 2.7019 -4.1620
v  -3.8969 2.4260 -4.3793
v  -0.9962 0.7777 -4.7814
v  -4.0334 3.0022 -4.1343
v  -3.5822 2.6931 -4.3546
v  -0.9000 0.8492 -4.7795
v  -3.6413 3.2814 -4.1085
v  -3.2340 2.9412 -4.3313
v  -0.7872 0.9189 -4.7774
v  -3.1828 3.5577 -4.0820
v  -2.8269 3.1866 -4.3069
v  -0.6731 0.9774 -4.7756
v  -2.7200 3.7884 -4.0590
v  -2.4158 3.3915 -4.2854
v  -0.5390 1.0323 -4.7737
v  -2.1763 4.0045 -4.0364
v  -1.9330 3.5833 -4.2641
v  -0.4037 1.0742 -4.7721
v  -1.6291 4.1690 -4.0187
v  -1.4470 3.7294 -4.2473
v  -0.2715 1.1029 -4.7709
v  -1.0956 4.2803 -4.0062
v  -0.9731 3.8287 -4.2363
v  -0.1405 1.1200 -4.7701
v  -0.3417 -1.1926 -4.8494
v  -0.1623 -1.2173 -4.8537
v  -0.5546 -1.1350 -4.8444
v  -0.7590 -1.0247 -4.8354
v  -3.5052 -6.3838 -2.8828
v  -4.2556 -5.9367 -2.8877
v  -3.4231 -6.3051 -3.3069
v  -0.8757 -0.9369 -4.8292
v  -4.9242 -5.4498 -2.8902
v  -0.9814 -0.8439 -4.8232
v  -5.5298 -4.9270 -2.8914
v  -1.0702 -0.7512 -4.8173
v  -6.0422 -4.4072 -2.8942
v  -5.6484 -4.1755 -3.6087
v  -1.1459 -0.6583 -4.8117
v  -6.4589 -3.8949 -2.8857
v  -6.0237 -3.6653 -3.5622
v  -1.2096 -0.5625 -4.8068
v  -6.8296 -3.3473 -2.8703
v  -6.3457 -3.1352 -3.5212
v  -1.2644 -0.4599 -4.8027
v  -7.1497 -2.7615 -2.8565
v  -6.6210 -2.5772 -3.4846
v  -1.3086 -0.3542 -4.7989
v  -7.4070 -2.1553 -2.8457
v  -6.8412 -2.0057 -3.4546
v  -8.0805 1.5865 -2.1571
v  -7.5331 1.4937 -2.8245
v  -7.7196 0.8029 -2.8311
v  -8.2727 0.8554 -2.1607
v  -7.8092 2.2389 -2.1526
v  -7.2710 2.1073 -2.8165
v  -7.4678 2.8279 -2.1472
v  -6.9411 2.6585 -2.8068
v  -7.0678 3.3553 -2.1452
v  -6.5581 3.1508 -2.7990
v  -6.5894 3.8557 -2.1426
v  -6.1041 3.6132 -2.7910
v  -6.0635 4.3045 -2.1342
v  -5.6094 4.0258 -2.7789
v  -5.4767 4.7258 -2.1289
v  -5.0606 4.4112 -2.7702
v  -4.7826 5.1510 -2.1245
v  -4.4172 4.7964 -2.7622
v  -4.0934 5.5036 -2.1208
v  -3.7754 5.1172 -2.7551
v  -3.2730 5.8434 -2.1150
v  -3.0177 5.4206 -2.7456
v  -2.4472 6.1019 -2.1133
v  -2.2565 5.6508 -2.7399
v  -1.6513 6.2798 -2.1115
v  -1.5200 5.8094 -2.7353
v  -0.8578 6.3676 -2.1324
v  -0.7868 5.8966 -2.7443
v  -8.3532 -0.0070 -2.1629
v  -0.2543 -1.7683 -4.8730
v  -0.4592 -1.7428 -4.8682
v  -0.8123 -3.4492 -4.9240
v  -0.3948 -3.2835 -4.9274
v  -0.3832 -3.3741 -4.9397
v  -0.7473 -3.5254 -4.9371
v  -1.4562 -4.1438 -4.9004
v  -1.3061 -3.8888 -4.9075
v  -1.2238 -3.9307 -4.9199
v  -1.3806 -4.1929 -4.9124
v  -0.3084 -6.3272 -4.8187
v  -0.2996 -6.2908 -4.8365
v  -0.6301 -6.2141 -4.8460
v  -0.6038 -6.1681 -4.8685
v  -0.9445 -6.0239 -4.8804
v  -0.9024 -5.9730 -4.9020
v  -1.2205 -5.7671 -4.9084
v  -1.1514 -5.7272 -4.9257
v  -1.4038 -5.5320 -4.9147
v  -1.5001 -5.1444 -4.8988
v  -1.3363 -5.4721 -4.9276
v  -1.0846 -3.6446 -4.9159
v  -1.0196 -3.7117 -4.9280
v  0.0000 -3.2336 -4.9283
v  0.0000 -3.3262 -4.9404
v  -1.5552 -4.4296 -4.8938
v  -1.4691 -4.4546 -4.9071
v  -1.5878 -5.1611 -4.8893
v  -1.6040 -4.7716 -4.8883
v  -1.5196 -4.7892 -4.9009
v  -0.5937 -3.7171 -5.0703
v  -0.3129 -3.6075 -5.0718
v  -0.2019 -3.9546 -5.4392
v  -0.4048 -4.0284 -5.4346
v  -1.1511 -4.2782 -5.0467
v  -1.0263 -4.0777 -5.0535
v  -0.7179 -4.3019 -5.4342
v  -0.8012 -4.4453 -5.4334
v  -0.2677 -6.1732 -4.9255
v  -0.1840 -5.6696 -5.4350
v  0.0000 -5.6899 -5.4350
v  -0.5366 -6.0486 -4.9645
v  -0.3705 -5.6090 -5.4335
v  -0.7892 -5.8433 -5.0138
v  -0.5385 -5.5082 -5.4322
v  -0.9774 -5.6162 -5.0478
v  -0.6829 -5.3680 -5.4328
v  -1.1300 -5.3542 -5.0604
v  -1.2574 -5.0621 -5.0326
v  -0.8644 -4.9813 -5.4331
v  -0.7962 -5.1855 -5.4334
v  -0.8441 -3.8844 -5.0615
v  -0.5914 -4.1586 -5.4338
v  -1.2369 -4.5004 -5.0392
v  -0.8568 -4.6057 -5.4330
v  -1.2813 -4.7721 -5.0319
v  -0.8800 -4.7890 -5.4338
v  -0.4022 -4.0326 -5.4465
v  -0.2004 -3.9593 -5.4511
v  -0.2004 -3.9593 -6.9329
v  -0.4020 -4.0329 -6.9329
v  -0.7967 -4.4474 -5.4453
v  -0.7139 -4.3048 -5.4461
v  -0.7132 -4.3051 -6.9329
v  -0.7953 -4.4480 -6.9329
v  -0.1832 -5.6647 -5.4469
v  -0.3687 -5.6043 -5.4455
v  -0.3677 -5.6028 -6.9329
v  -0.1877 -5.6538 -6.9329
v  -0.5355 -5.5041 -5.4442
v  -0.5342 -5.5018 -6.9329
v  -0.6791 -5.3648 -5.4447
v  -0.6776 -5.3633 -6.9329
v  -0.7918 -5.1832 -5.4454
v  -0.8595 -4.9803 -5.4450
v  -0.8577 -4.9802 -6.9329
v  -0.7906 -5.1823 -6.9329
v  -0.5880 -4.1623 -5.4458
v  -0.5873 -4.1631 -6.9329
v  -0.8520 -4.6071 -5.4449
v  -0.8501 -4.6077 -6.9329
v  -0.8750 -4.7892 -5.4458
v  -0.8739 -4.7890 -6.9329
v  -4.3518 0.0136 -4.6219
v  -1.9472 0.2343 -4.7738
v  -1.9664 0.0202 -4.7746
v  -4.9162 -0.5017 -4.5044
v  -4.3234 -0.4364 -4.6255
v  -1.9535 -0.1831 -4.7758
v  -2.4758 0.5387 -4.7472
v  -1.9026 0.4200 -4.7726
v  -3.0485 0.6568 -4.7139
v  -4.8349 -0.9469 -4.5207
v  -4.2518 -0.8263 -4.6379
v  -1.9210 -0.3589 -4.7793
v  -0.2012 1.5909 -4.7514
v  -2.2873 0.9481 -4.7418
v  -1.7577 0.7348 -4.7694
v  -1.8386 0.5855 -4.7711
v  -2.3926 0.7540 -4.7447
v  -2.8162 1.1599 -4.7026
v  -2.9460 0.9215 -4.7088
v  -2.1639 1.1222 -4.7386
v  -1.6629 0.8688 -4.7675
v  -2.6642 1.3738 -4.6956
v  -2.0174 1.2841 -4.7351
v  -1.5503 0.9933 -4.7655
v  -2.4838 1.5725 -4.6879
v  -1.8569 1.4237 -4.7349
v  -1.4267 1.1009 -4.7637
v  -2.2863 1.7439 -4.6849
v  -1.6768 1.5578 -4.7322
v  -1.2885 1.2038 -4.7618
v  -2.0645 1.9086 -4.6786
v  -1.4668 1.6874 -4.7296
v  -1.1271 1.3035 -4.7598
v  -1.8058 2.0678 -4.6724
v  -1.2542 1.7962 -4.7274
v  -0.9637 1.3872 -4.7580
v  -1.5440 2.2013 -4.6667
v  -1.0043 1.8983 -4.7256
v  -0.7717 1.4656 -4.7559
v  -1.2363 2.3265 -4.6614
v  -0.7523 1.9765 -4.7241
v  -0.5781 1.5257 -4.7541
v  -0.9260 2.4223 -4.6572
v  -0.5060 2.0297 -4.7222
v  -0.3888 1.5666 -4.7526
v  -0.6229 2.4876 -4.6546
v  -1.9931 -4.2239 -4.8655
v  -2.7384 -3.7785 -4.8040
v  -2.4074 -3.3079 -4.8388
v  -1.7931 -3.7485 -4.8811
v  -0.7895 -1.6269 -4.8566
v  -1.0868 -1.4780 -4.8419
v  -3.1589 -3.4610 -4.7628
v  -2.7769 -3.0293 -4.8087
v  -1.2538 -1.3523 -4.8317
v  -3.5398 -3.1245 -4.7218
v  -3.1118 -2.7341 -4.7792
v  -1.4051 -1.2191 -4.8219
v  -3.8591 -2.7900 -4.6816
v  -3.3928 -2.4405 -4.7501
v  -1.5322 -1.0865 -4.8121
v  -4.1308 -2.4539 -4.6416
v  -3.6319 -2.1458 -4.7216
v  -1.6404 -0.9534 -4.8029
v  -4.3604 -2.1056 -4.6052
v  -3.8338 -1.8410 -4.6959
v  -1.7317 -0.8162 -4.7947
v  -4.5572 -1.7335 -4.5719
v  -4.0070 -1.5152 -4.6726
v  -1.8101 -0.6694 -4.7872
v  -4.7156 -1.3500 -4.5434
v  -4.1466 -1.1793 -4.6531
v  -1.8734 -0.5180 -4.7842
v  -1.0244 -2.1189 -4.8687
v  -0.5768 -2.2930 -4.8869
v  -5.5338 -0.5735 -4.3116
v  -5.4445 -1.0795 -4.3350
v  -2.1196 -4.4742 -4.8512
v  -2.8759 -3.9879 -4.7825
v  -3.3269 -3.6640 -4.7330
v  -3.7458 -3.3250 -4.6813
v  -4.3608 -3.1924 -4.5796
v  -4.6640 -2.8058 -4.5184
v  -4.9201 -2.4039 -4.4621
v  -5.1381 -1.9770 -4.4111
v  -5.3133 -1.5388 -4.3688
v  -8.2874 -0.8562 -2.1624
v  -8.1311 -1.6031 -2.1621
v  -7.9061 -2.2733 -2.1625
v  -7.6143 -2.9052 -2.1643
v  -7.2533 -3.5111 -2.1677
v  -6.8396 -4.0678 -2.1718
v  -6.3643 -4.5806 -2.1865
v  -5.7960 -5.0906 -2.1938
v  -5.1323 -5.6056 -2.1910
v  -4.4100 -6.0770 -2.1882
v  -3.6211 -6.4981 -2.1851
v  -2.7766 -6.8502 -2.1832
v  -1.8476 -7.1259 -2.1808
v  -0.9334 -7.2895 -2.1817
v  -2.6941 -6.7601 -2.8799
v  -1.8030 -7.0551 -2.8748
v  -0.9122 -7.2323 -2.8750
v  -0.0837 6.8494 -1.3768
v  0.0000 6.8446 -1.3864
v  -0.0891 7.2020 -0.5010
v  -0.2606 6.8810 -1.3029
v  -0.1717 6.8607 -1.3501
v  -0.4395 7.0638 -0.8531
v  -0.4482 7.0270 -0.9479
v  -0.1633 7.1932 -0.5227
v  -0.9948 7.3910 0.1445
v  -0.2460 7.1756 -0.5658
v  -0.3236 7.1509 -0.6269
v  -0.3731 7.1262 -0.6915
v  -0.4192 7.0929 -0.7772
v  -0.4373 6.9903 -1.0405
v  -0.4066 6.9537 -1.1304
v  -0.3681 6.9249 -1.1993
v  -0.3086 6.8966 -1.2662
v  -0.0866 6.8594 -1.3712
v  -0.0866 7.1714 -1.3712
v  -0.1761 6.8701 -1.3452
v  -0.1761 7.1822 -1.3452
v  -0.4326 7.0708 -0.8544
v  -0.4122 7.1003 -0.7775
v  -0.4122 7.4123 -0.7775
v  -0.4326 7.3829 -0.8544
v  -0.4412 7.0343 -0.9484
v  -0.4412 7.3464 -0.9484
v  -0.3692 7.1314 -0.6970
v  -0.3692 7.4435 -0.6970
v  -0.3192 7.1563 -0.6322
v  -0.3192 7.4684 -0.6322
v  -0.2412 7.1812 -0.5706
v  -0.2412 7.4932 -0.5706
v  -0.1648 7.1978 -0.5291
v  -0.1648 7.5099 -0.5291
v  -0.0900 7.2067 -0.5075
v  -0.0900 7.5187 -0.5075
v  -0.3023 6.9053 -1.2636
v  -0.3623 6.9340 -1.1960
v  -0.3623 7.2460 -1.1960
v  -0.3023 7.2174 -1.2636
v  -0.2541 6.8895 -1.3007
v  -0.2541 7.2016 -1.3007
v  -0.4014 6.9630 -1.1264
v  -0.4014 7.2751 -1.1264
v  -0.4305 6.9972 -1.0421
v  -0.4305 7.3092 -1.0421
v  -0.0853 7.1810 -1.3648
v  0.0000 7.3517 -0.9449
v  -0.1735 7.1916 -1.3392
v  -0.4258 7.3893 -0.8558
v  -0.4058 7.4183 -0.7801
v  -0.4342 7.3534 -0.9483
v  -0.3635 7.4489 -0.7008
v  -0.3144 7.4735 -0.6369
v  -0.2376 7.4980 -0.5762
v  -0.1624 7.5145 -0.5352
v  -0.0886 7.5232 -0.5139
v  0.0000 7.5266 -0.5057
v  -0.2977 7.2264 -1.2587
v  -0.3567 7.2546 -1.1921
v  -0.2502 7.2107 -1.2953
v  -0.3951 7.2832 -1.1235
v  -0.4237 7.3168 -1.0406
v  -2.2656 -4.7566 -4.8339
v  -1.6542 -4.7700 -4.8847
v  -0.3464 -2.3194 -4.8922
v  -0.4094 -2.8604 -4.9114
v  -0.7014 -2.8348 -4.9049
v  -0.8364 -3.4050 -4.9226
v  -1.1181 -3.6071 -4.9139
v  -1.3465 -3.8590 -4.9051
v  -1.5017 -4.1227 -4.8977
v  -1.6039 -4.4177 -4.8906
v  -6.4726 -0.0040 -3.8780
v  -6.0926 -0.0005 -4.0803
v  -6.0589 -0.6341 -4.0915
v  -6.4367 -0.6770 -3.8892
v  -5.9699 -1.1930 -4.1206
v  -6.3429 -1.2729 -3.9176
v  -3.7527 -5.2659 -4.3845
v  -3.5462 -4.9652 -4.6079
v  -2.8226 -5.5309 -4.6712
v  -3.0311 -5.8211 -4.4287
v  -4.2926 -4.7911 -4.3239
v  -4.0609 -4.5221 -4.5372
v  -4.7628 -4.2875 -4.2727
v  -4.5032 -4.0442 -4.4763
v  -5.1619 -3.8066 -4.2050
v  -4.8570 -3.5661 -4.4195
v  -5.4904 -3.3380 -4.1348
v  -5.1641 -3.1273 -4.3484
v  -5.7730 -2.8498 -4.0693
v  -5.4317 -2.6711 -4.2796
v  -6.0123 -2.3381 -4.0099
v  -5.6574 -2.1916 -4.2161
v  -6.2014 -1.8162 -3.9588
v  -5.8361 -1.7025 -4.1626
v  -6.4078 0.6832 -3.8714
v  -6.0317 0.6494 -4.0719
v  -6.2503 1.2723 -3.8563
v  -5.8862 1.2082 -4.0565
v  -0.6102 4.6589 -3.8103
v  -0.6455 4.9123 -3.6374
v  -5.7480 2.2595 -3.8133
v  -5.4179 2.1452 -4.0091
v  -5.6791 1.7025 -4.0343
v  -6.0277 1.7932 -3.8357
v  -5.4250 2.6760 -3.7897
v  -5.1158 2.5409 -3.9823
v  -5.0450 3.0637 -3.7646
v  -4.7599 2.9091 -3.9540
v  -4.6296 3.4036 -3.7425
v  -4.3695 3.2310 -3.9294
v  -4.1726 3.7188 -3.7231
v  -3.9394 3.5293 -3.9071
v  -3.6407 4.0293 -3.7020
v  -3.4386 3.8234 -3.8833
v  -3.1072 4.2883 -3.6837
v  -2.9354 4.0686 -3.8628
v  -2.4829 4.5298 -3.6657
v  -2.3458 4.2969 -3.8429
v  -1.8566 4.7131 -3.6520
v  -1.7544 4.4703 -3.8274
v  -1.2483 4.8382 -3.6433
v  -1.1795 4.5885 -3.8174
v  -0.7818 -6.8824 -4.3366
v  -0.7250 -6.6307 -4.6029
v  -1.4323 -6.6831 -4.3870
v  -1.2507 -6.4443 -4.6452
v  -2.1713 -6.3286 -4.4435
v  -1.9079 -6.0911 -4.6951
v  -3.9260 -5.5161 -4.0814
v  -4.4934 -5.0202 -4.0384
v  -4.9934 -4.4983 -4.0017
v  -0.8299 -7.0579 -4.0256
v  -1.5816 -6.8627 -4.0640
v  -2.3782 -6.5234 -4.1125
v  -3.3130 -4.6285 -4.7353
v  -2.5665 -5.1837 -4.8165
v  -3.8043 -4.2251 -4.6652
v  -4.2160 -3.7746 -4.6028
v  -0.3039 -6.4734 -4.7434
v  -0.3059 -6.3734 -4.7976
v  -0.6719 -6.3558 -4.7797
v  -0.6480 -6.2606 -4.8259
v  -1.0529 -6.1707 -4.8216
v  -0.9747 -6.0614 -4.8660
v  -1.5915 -5.8654 -4.8442
v  -1.2573 -5.8002 -4.8999
v  -1.4452 -5.5601 -4.9108
v  -3.0636 -4.2714 -4.7577
v  -3.5397 -3.9194 -4.7014
v  -3.9798 -3.5516 -4.6422
v  -4.1587 -5.8295 -3.3056
v  -4.7932 -5.3341 -3.2955
v  -5.3631 -4.8071 -3.2857
v  -0.8939 -7.1997 -3.2729
v  -1.7587 -7.0140 -3.2856
v  -2.6234 -6.7049 -3.3057
v  -3.2020 -6.0537 -4.1060
v  -4.0605 -5.7044 -3.7149
v  -3.3318 -6.2148 -3.7233
v  -4.6592 -5.2015 -3.6915
v  -5.1923 -4.6717 -3.6705
v  -0.8683 -7.1598 -3.6672
v  -1.6906 -6.9703 -3.6901
v  -2.5283 -6.6494 -3.7238
v  -0.0866 6.8524 -1.3712
v  -0.0900 7.1997 -0.5075
v  -0.2541 6.8825 -1.3007
v  -0.1761 6.8631 -1.3452
v  -0.4326 7.0638 -0.8544
v  -0.4412 7.0273 -0.9484
v  -0.1648 7.1908 -0.5291
v  -0.2412 7.1742 -0.5706
v  -0.3192 7.1493 -0.6322
v  -0.3692 7.1244 -0.6970
v  -0.4122 7.0933 -0.7775
v  -0.4305 6.9902 -1.0421
v  -0.4014 6.9560 -1.1264
v  -0.3623 6.9270 -1.1960
v  -0.3023 6.8983 -1.2636
v  -0.0866 7.1784 -1.3712
v  -0.1761 7.1892 -1.3452
v  -0.4122 7.4193 -0.7775
v  -0.4326 7.3899 -0.8544
v  -0.4412 7.3534 -0.9484
v  -0.3692 7.4505 -0.6970
v  -0.3192 7.4754 -0.6322
v  -0.2412 7.5002 -0.5706
v  -0.1648 7.5169 -0.5291
v  -0.0900 7.5257 -0.5075
v  -0.3623 7.2530 -1.1960
v  -0.3023 7.2244 -1.2636
v  -0.2541 7.2086 -1.3007
v  -0.4014 7.2821 -1.1264
v  -0.4305 7.3162 -1.0421
v  -0.3611 -3.4601 -4.9682
v  -0.3363 -3.5390 -5.0131
v  -0.6370 -3.6595 -5.0118
v  -0.6892 -3.5958 -4.9669
v  -1.1496 -3.9815 -4.9483
v  -1.0833 -4.0324 -4.9937
v  -1.2197 -4.2545 -4.9866
v  -1.2988 -4.2274 -4.9411
v  -0.2873 -6.2456 -4.8644
v  -0.2773 -6.2093 -4.8922
v  -0.5776 -6.1229 -4.8973
v  -0.5561 -6.0822 -4.9304
v  -0.8614 -5.9261 -4.9320
v  -0.8230 -5.8831 -4.9699
v  -1.0868 -5.6879 -4.9550
v  -1.0275 -5.6508 -4.9955
v  -1.4119 -5.1201 -4.9254
v  -1.3275 -5.0870 -4.9728
v  -1.1923 -5.3859 -5.0017
v  -1.2631 -5.4252 -4.9569
v  -0.9553 -3.7751 -4.9566
v  -0.8956 -3.8331 -5.0020
v  -1.3056 -4.4868 -4.9811
v  -1.3846 -4.4724 -4.9367
v  -1.4339 -4.7878 -4.9294
v  -1.3526 -4.7792 -4.9739
v  -0.4053 -4.0267 -6.9397
v  -0.2020 -3.9525 -6.9397
v  -0.3056 -3.5089 -6.9397
v  -0.6141 -3.6214 -6.9397
v  -0.8016 -4.4451 -6.9397
v  -0.7189 -4.3011 -6.9397
v  -1.0892 -4.0359 -6.9397
v  -1.2153 -4.2548 -6.9397
v  -0.1843 -5.6717 -6.9397
v  -0.3706 -5.6091 -6.9397
v  -0.5624 -6.0218 -6.9397
v  -0.2806 -6.1161 -6.9397
v  -0.5386 -5.5073 -6.9397
v  -0.8196 -5.8660 -6.9397
v  -0.6830 -5.3677 -6.9397
v  -1.0373 -5.6536 -6.9397
v  -0.7969 -5.1853 -6.9397
v  -0.8645 -4.9815 -6.9397
v  -1.3116 -5.0699 -6.9397
v  -1.2089 -5.3795 -6.9397
v  -0.5920 -4.1579 -6.9397
v  -0.8968 -3.8195 -6.9397
v  -0.8569 -4.6060 -6.9397
v  -1.2997 -4.4990 -6.9397
v  -0.8809 -4.7888 -6.9397
v  -1.3361 -4.7758 -6.9397
v  -1.6134 7.7220 -0.1239
v  -1.6238 7.7771 -0.0578
v  -1.6538 7.7756 -0.0552
v  -1.6537 7.7162 -0.1228
v  -1.6461 7.9310 -0.0001
v  -0.6766 8.3776 -0.0000
v  -1.6269 8.0001 -0.0000
v  -1.5752 8.0540 -0.0000
v  -1.4558 8.1178 -0.0000
v  -1.3655 8.1238 -0.0000
v  -1.2489 8.1682 -0.0040
v  -1.2491 8.1773 -0.0000
v  -0.6691 8.3648 -0.0000
v  -0.6669 8.3574 -0.0023
v  0.0000 8.3679 -1.6589
v  -0.5127 8.3261 -1.6418
v  -1.3301 7.9867 -1.4988
v  -1.1765 7.8679 -2.0173
v  -0.5541 8.3817 -1.3512
v  -1.0790 -3.8005 -5.7145
v  -0.9951 -3.7761 -6.1990
v  -0.9430 -3.7399 -6.3636
v  -0.8758 -3.6843 -6.4425
v  -0.7748 -3.5977 -6.4906
v  -0.6556 -3.5180 -6.5054
v  -1.0874 -3.8042 -5.6690
v  -1.1608 -3.8508 -5.5153
v  -0.5901 -3.4952 -6.5047
v  -0.3212 -3.4014 -6.5022
v  -1.4021 -4.1664 -5.4188
v  -1.2899 -3.9558 -5.4241
v  -1.5049 -4.4411 -5.4048
v  -1.5462 -4.7532 -5.4027
v  -1.5264 -5.0821 -5.3958
v  -0.3113 -6.3051 -5.4214
v  -0.6496 -6.2067 -5.4185
v  -1.2170 -5.7640 -5.4293
v  -0.9551 -6.0213 -5.4327
v  -1.4036 -5.4594 -5.4091
v  -1.0975 -3.8398 -5.7158
v  -1.0157 -3.8174 -6.1990
v  -0.9856 -3.7732 -6.2535
v  -1.1189 -3.8713 -5.7192
v  -1.0454 -3.8567 -6.1990
v  -0.9790 5.8216 -4.5313
v  -0.9788 6.3030 -4.1336
v  -1.1139 5.8066 -3.5861
v  -1.1120 5.3224 -4.0006
v  -1.1733 6.6193 -2.6608
v  -0.9720 7.3116 -3.0392
v  -1.0564 7.6195 -2.5082
v  -1.2550 6.9371 -2.1753
v  -1.4146 7.3923 -1.2475
v  -1.3368 7.9373 -1.4792
v  -1.4160 7.9706 -1.1933
v  -1.4608 7.4898 -0.9878
v  -1.3326 7.1826 -1.7201
v  -1.1925 7.8079 -1.9868
v  -1.6099 7.9235 -0.0105
v  -1.6172 7.7795 -0.0600
v  -1.6146 7.7843 -0.0639
v  -1.6074 7.9388 -0.0781
v  -1.5865 7.9944 -0.0781
v  -1.5901 7.9789 -0.0125
v  -1.5493 8.0172 -0.0123
v  -1.5422 8.0338 -0.0781
v  -1.4224 8.0954 -0.0781
v  -1.2352 8.1759 -0.0781
v  -1.2122 8.1993 -0.1924
v  -0.6500 8.3635 -0.1927
v  -0.6656 8.3573 -0.0792
v  -1.6031 7.7211 -0.1393
v  -1.5968 7.6839 -0.2242
v  -1.5910 7.6869 -0.2242
v  -1.5974 7.7575 -0.1928
v  -1.6006 7.9167 -0.2244
v  -1.6104 7.8970 -0.0792
v  -1.6083 7.8086 -0.1123
v  -1.0854 -0.4582 -5.4790
v  -1.0888 0.0340 -5.4512
v  -1.0933 0.5260 -5.4187
v  -1.3623 -0.9505 -5.2665
v  -1.3795 -1.4876 -5.2835
v  -1.4217 -3.2947 -5.3451
v  -1.1940 -3.2845 -5.4337
v  -1.1912 -2.7210 -5.4119
v  -1.4085 -2.7211 -5.3247
v  -1.0957 1.0299 -5.3877
v  -1.0990 1.5332 -5.3510
v  -1.1128 3.6455 -4.8982
v  -1.2268 2.6041 -5.0972
v  -1.1157 4.1123 -4.6964
v  -1.1338 4.1003 -4.6640
v  -1.1213 5.2919 -3.9619
v  -1.1228 5.7729 -3.5502
v  -1.1272 5.7655 -3.5444
v  -1.1293 5.2811 -3.9505
v  -1.1874 6.5793 -2.6341
v  -1.2676 6.8947 -2.1521
v  -1.4208 7.3459 -1.2297
v  -1.4640 7.4426 -0.9716
v  -1.4398 8.0867 -0.0000
v  -1.2458 8.1672 -0.0121
v  -0.6650 8.3547 -0.0103
v  0.0000 8.4262 -0.0092
v  -1.3427 7.1381 -1.6997
v  -1.6005 7.7248 -0.1511
v  -1.5378 7.5914 -0.5306
v  -1.5409 7.5859 -0.5299
v  -3.4853 -6.4628 -4.2992
v  -4.2255 -5.9553 -4.2313
v  -4.8966 -5.4105 -4.1484
v  -5.4687 -4.8714 -4.0723
v  -2.5863 -6.9597 -4.3333
v  -1.7734 -7.2857 -4.3318
v  -1.1353 5.7621 -3.5418
v  -0.9698 6.3360 -4.1700
v  -0.9388 6.3898 -4.2298
v  -0.6494 6.4726 -4.3213
v  -0.3655 6.4724 -4.3225
v  -0.7190 7.0182 -3.7839
v  -0.7290 7.5080 -3.1817
v  -0.8080 7.4925 -3.1687
v  -0.8072 7.0044 -3.7763
v  -0.9755 6.8111 -3.6283
v  -1.1139 6.2379 -3.1431
v  -1.1235 6.2006 -3.1111
v  -6.8605 -1.3066 -4.1666
v  -6.2262 -3.0222 -4.3354
v  -6.4976 -2.4794 -4.2607
v  -6.7047 -1.9096 -4.2076
v  -3.2643 -6.1151 -4.8166
v  -3.9553 -5.5878 -4.7657
v  -4.5812 -5.0461 -4.6861
v  -5.1269 -4.5224 -4.5924
v  -2.3429 -6.6954 -4.8173
v  -2.7724 -6.4442 -4.8262
v  -1.5966 -7.0299 -4.7985
v  -1.1426 5.2750 -3.9471
v  -0.9699 5.8512 -4.5706
v  -0.9382 5.9067 -4.6313
v  -0.6481 5.9844 -4.7254
v  -0.3651 5.9842 -4.7272
v  -7.4965 0.7635 -3.7134
v  -7.3222 1.4654 -3.7003
v  -6.7142 2.6919 -3.6603
v  -7.0625 2.0997 -3.6827
v  -6.3352 3.1854 -3.6378
v  -5.8879 3.6479 -3.6120
v  -5.3993 4.0528 -3.5887
v  -4.8660 4.4277 -3.5710
v  -4.2426 4.7980 -3.5529
v  -3.6174 5.1053 -3.5371
v  -2.8839 5.3942 -3.5218
v  -2.1656 5.5999 -3.5187
v  -6.9217 0.7071 -4.1358
v  -6.7572 1.3744 -4.1205
v  -6.1978 2.5013 -4.0760
v  -6.5199 1.9587 -4.0990
v  -5.8544 2.9682 -4.0421
v  -5.4333 3.4070 -4.0103
v  -4.9922 3.7815 -3.9768
v  -4.5043 4.1249 -3.9546
v  -3.9157 4.4662 -3.9366
v  -3.3435 4.7477 -3.9155
v  -2.6697 5.0013 -3.9035
v  -1.9856 5.1865 -3.9016
v  -1.1198 4.8878 -4.2531
v  -0.8842 5.9505 -4.6772
v  -0.8811 5.3718 -5.0746
v  -0.8072 5.3983 -5.1063
v  -1.7210 4.0768 -4.6088
v  -1.2235 4.0905 -4.6454
v  -2.3002 3.9676 -4.5945
v  -2.7727 3.7852 -4.6065
v  -3.1751 3.5715 -4.6305
v  -3.6717 3.3030 -4.6434
v  -5.4721 -0.5190 -4.8432
v  -5.4956 0.0341 -4.8398
v  -5.2591 -1.5567 -4.8813
v  -5.3950 -1.0517 -4.8559
v  -5.4439 0.5824 -4.8388
v  -5.1120 -2.0179 -4.9062
v  -4.9127 -2.3852 -4.9453
v  -4.9590 -3.0169 -4.9209
v  -4.7739 -2.9080 -4.9604
v  -4.6621 -3.3548 -4.9834
v  -4.4939 -3.2288 -5.0130
v  -4.3138 -3.7029 -5.0461
v  -4.1575 -3.5546 -5.0662
v  -1.1736 4.0903 -4.6490
v  -0.9700 4.2893 -5.4703
v  -0.9441 4.3087 -5.5396
v  -0.6486 4.3410 -5.6708
v  -0.3662 4.3424 -5.6737
v  -0.7245 4.9094 -5.4023
v  -0.7221 5.4100 -5.1170
v  -0.8143 4.9005 -5.3866
v  -1.1065 4.1336 -4.7407
v  -0.9793 4.2701 -5.4251
v  -1.1177 4.5085 -4.4870
v  -2.6945 -4.6239 -5.2440
v  -2.7555 -4.9005 -5.2411
v  -2.5556 -6.0711 -5.1313
v  -3.0432 -5.7278 -5.1103
v  -1.3974 -6.7281 -5.1058
v  -0.7329 -6.9585 -5.0637
v  -2.0797 -6.3695 -5.1343
v  -1.4717 -3.2939 -5.3427
v  -1.4584 -2.7201 -5.3225
v  -1.7734 -2.7228 -5.3103
v  -1.9193 -3.4061 -5.3216
v  -2.5271 -2.4978 -5.2657
v  -2.9684 -2.1901 -5.2325
v  -2.4716 1.0414 -5.1891
v  -2.5098 0.5290 -5.2030
v  -2.2219 2.0848 -5.1198
v  -2.4060 1.5478 -5.1644
v  -2.0159 -2.1375 -5.2797
v  -2.0109 -1.4868 -5.2582
v  -2.0305 -0.9501 -5.2398
v  -2.0453 -0.4582 -5.2266
v  -2.2922 -3.1873 -5.2971
v  -2.0942 -2.6882 -5.2949
v  -1.9215 2.1205 -5.1336
v  -1.0655 -3.2729 -5.6895
v  -0.9786 -3.2715 -6.1823
v  -0.8883 -3.2493 -6.3735
v  -0.8123 -3.2324 -6.4174
v  -1.0947 2.0922 -5.3388
v  -0.9792 2.0752 -5.9701
v  -1.1605 2.0854 -5.1991
v  -1.1036 2.0853 -5.2901
v  -0.9701 2.0797 -6.0191
v  -0.9432 2.0842 -6.0933
v  -0.6502 2.0871 -6.2254
v  -0.3660 2.0868 -6.2252
v  -0.9695 -2.7209 -6.2120
v  -0.9699 -3.2697 -6.2315
v  -0.9399 -3.2618 -6.3119
v  -0.7260 2.6216 -6.1603
v  -0.7268 3.2570 -6.0305
v  -1.2476 2.0856 -5.1695
v  -1.0764 -2.7209 -5.6101
v  -1.0796 -2.1328 -5.5717
v  -1.1903 -2.1333 -5.3856
v  -1.3962 -2.1328 -5.3048
v  -1.4122 -0.9489 -5.2644
v  -1.7089 -0.9499 -5.2526
v  -0.6494 -1.4877 -6.3662
v  -0.6489 -2.1334 -6.3905
v  -0.9696 -1.4877 -6.1634
v  -0.9696 -2.1335 -6.1887
v  0.0000 1.5328 -6.2562
v  -0.7233 1.5329 -6.2562
v  -0.7252 2.0868 -6.2251
v  -2.5253 0.0346 -5.2051
v  -2.0476 0.0345 -5.2253
v  -3.0314 0.0350 -5.1799
v  -0.9696 -0.9505 -6.1427
v  -0.6495 -0.9506 -6.3464
v  -0.7241 -0.4593 -6.3285
v  -0.7240 0.0328 -6.3106
v  -0.7238 0.5254 -6.2931
v  -0.7229 1.0292 -6.2748
v  -0.6484 -2.7208 -6.4128
v  -0.6488 -3.1996 -6.4309
v  -0.3314 -3.0732 -6.4240
v  -2.1440 -5.6626 -5.3097
v  -2.8386 -5.2547 -5.2477
v  -3.8307 -4.1249 -5.1161
v  -3.6898 -3.9345 -5.1304
v  -3.2695 -4.5260 -5.1835
v  -3.1468 -4.3072 -5.1974
v  -4.0036 3.0697 -4.6623
v  -5.3155 1.1183 -4.8252
v  -5.1618 1.5307 -4.8044
v  -4.6285 2.4359 -4.7300
v  -4.9487 1.9403 -4.7784
v  -4.2786 2.8037 -4.6964
v  -0.7236 4.3407 -5.6701
v  -1.6881 3.8320 -4.7193
v  -2.1898 3.7094 -4.7198
v  -2.6563 3.5811 -4.7106
v  -3.0164 3.3887 -4.7320
v  -5.2185 0.0358 -4.9209
v  -4.9658 -1.4836 -4.9632
v  -4.8299 -1.9134 -4.9840
v  -4.6241 -2.2434 -5.0206
v  -4.5918 -2.8027 -5.0065
v  -4.3409 -2.6351 -5.0669
v  -4.3265 -3.1046 -5.0529
v  -4.0821 -2.9591 -5.1056
v  -4.0041 -3.4062 -5.1020
v  -9.7932 0.0006 -0.2242
v  -9.7147 -0.9803 -0.2241
v  -9.5187 -1.8589 -0.2243
v  -9.2313 -2.6528 -0.2241
v  -8.8629 -3.3829 -0.2240
v  -8.4190 -4.0515 -0.2242
v  -7.8907 -4.6740 -0.2240
v  -7.2889 -5.2357 -0.2234
v  -6.5997 -5.7782 -0.2236
v  -5.7976 -6.3133 -0.2236
v  -4.9472 -6.7837 -0.2231
v  -4.0105 -7.2002 -0.2226
v  -3.0533 -7.5263 -0.2221
v  -2.0427 -7.7706 -0.2219
v  -1.0276 -7.9168 -0.2226
v  -9.5209 1.8605 -0.2242
v  -9.7185 0.9818 -0.2242
v  -9.2275 2.6523 -0.2242
v  -8.8501 3.3778 -0.2245
v  -8.3941 4.0369 -0.2239
v  -7.8563 4.6447 -0.2242
v  -7.2469 5.1908 -0.2238
v  -6.5618 5.7085 -0.2240
v  -5.7404 6.2333 -0.2242
v  -4.8943 6.6801 -0.2242
v  -3.9507 7.0815 -0.2246
v  -2.9863 7.3916 -0.2241
v  -1.5478 7.5832 -0.5300
v  -1.5884 7.6941 -0.2242
v  -1.5620 8.0108 -0.5305
v  -1.4102 8.0210 -1.2166
v  -1.5368 8.0782 -0.5305
v  -1.4779 8.1217 -0.5305
v  -1.3508 8.1703 -0.5305
v  -1.1510 8.2457 -0.5305
v  -0.6240 8.3802 -0.5303
v  -1.5391 7.6387 -0.5468
v  -1.5615 7.9599 -0.5305
v  -0.8774 7.4605 -3.1425
v  -1.0437 7.6641 -2.5272
v  -1.0746 -3.2756 -5.6404
v  -1.0642 -3.6643 -5.7090
v  -0.9781 -3.6357 -6.1990
v  -0.8892 -3.5009 -6.3825
v  -0.8174 -3.3863 -6.4215
v  -0.9702 -3.6254 -6.2440
v  -0.9381 -3.5729 -6.3272
v  -1.4275 -3.7439 -5.3505
v  0.0000 3.8000 -5.8749
v  0.0000 2.6216 -6.1616
v  0.0000 7.4928 -3.1997
v  0.0000 7.8482 -2.6719
v  0.0000 6.4716 -4.3241
v  0.0000 4.3426 -5.6747
v  0.0000 -3.9593 -6.9329
v  -0.6173 -3.6151 -6.9397
v  -0.3072 -3.5021 -6.9397
v  -1.2216 -4.2519 -6.9397
v  -1.0949 -4.0318 -6.9397
v  -0.2821 -6.1229 -6.9397
v  -0.5653 -6.0282 -6.9397
v  -0.8239 -5.8716 -6.9397
v  -1.0428 -5.6580 -6.9397
v  -1.2152 -5.3825 -6.9397
v  -1.3185 -5.0713 -6.9397
v  -0.9015 -3.8143 -6.9397
v  -1.3065 -4.4974 -6.9397
v  -1.3431 -4.7756 -6.9397
v  -0.2004 -3.9593 -6.9397
v  -0.4020 -4.0329 -6.9397
v  -0.7132 -4.3051 -6.9397
v  -0.7953 -4.4480 -6.9397
v  -0.3677 -5.6028 -6.9397
v  -0.1877 -5.6538 -6.9397
v  -0.5342 -5.5018 -6.9397
v  -0.6776 -5.3633 -6.9397
v  -0.8577 -4.9802 -6.9397
v  -0.7906 -5.1823 -6.9397
v  -0.5873 -4.1631 -6.9397
v  -0.8501 -4.6077 -6.9397
v  -0.8739 -4.7890 -6.9397
v  0.0000 -5.6850 -6.9397
v  -1.0587 -3.8720 -6.1992
v  -1.6018 7.9624 -0.1928
v  -1.5792 8.0207 -0.1928
v  -1.5304 8.0611 -0.1928
v  -1.4080 8.1178 -0.1928
v  -1.5931 7.7468 -0.2244
v  -0.9702 -3.6837 -6.2460
v  -0.9740 -3.7293 -6.2487
v  -0.7236 -3.2896 -6.4351
v  -0.6439 -3.2623 -6.4332
v  -0.3214 -3.1515 -6.4268
v  0.0000 -3.1254 -6.4251
v  -2.6260 -4.3457 -5.2589
v  -3.0051 -4.1019 -5.2230
v  -3.5516 -3.7442 -5.1614
v  -2.1842 -3.6967 -5.3047
v  -2.4281 -3.9988 -5.2838
v  -0.7238 -3.2146 -6.4322
v  -0.7245 3.7941 -5.8731
v  -1.3367 8.1512 -0.1928
v  -1.2756 8.1993 -0.5304
v  -1.3519 8.1288 -0.0781
v  -1.6400 -5.1624 -4.8880
v  -0.4074 -3.2347 -4.9253
v  -2.5423 -0.2459 -4.7519
v  -2.4999 -0.4747 -4.7569
v  -1.4146 -1.9313 -4.8482
v  -1.6319 -1.7677 -4.8339
v  -1.8288 -1.5943 -4.8199
v  -1.9942 -1.4217 -4.8062
v  -2.1350 -1.2486 -4.7932
v  -2.2537 -1.0699 -4.7816
v  -2.3557 -0.8788 -4.7710
v  -2.4380 -0.6818 -4.7639
v  -0.2004 -3.9593 -5.4441
v  -0.4022 -4.0326 -5.4395
v  -0.7139 -4.3048 -5.4391
v  -0.7967 -4.4474 -5.4383
v  -0.1832 -5.6647 -5.4399
v  -0.3687 -5.6043 -5.4385
v  -0.5355 -5.5042 -5.4372
v  -0.6791 -5.3648 -5.4377
v  -0.8596 -4.9803 -5.4380
v  -0.7918 -5.1832 -5.4384
v  -0.5880 -4.1623 -5.4388
v  -0.8520 -4.6070 -5.4379
v  -0.8750 -4.7892 -5.4388
v  -1.5511 8.0194 -0.0028
v  -1.5538 8.0258 -0.0000
v  -0.8912 4.8793 -5.3458
v  -0.8827 6.9678 -3.7519
v  -0.8864 6.4315 -4.2760
v  -1.7381 8.3320 -0.0000
v  -1.7585 8.4499 0.1039
v  -1.7565 8.4361 0.0638
v  -1.7458 8.3767 0.0092
v  -1.7520 8.4123 0.0324
v  9.4731 0.0006 -1.1022
v  9.4018 -0.9237 -1.0977
v  9.6121 -0.9548 -0.5310
v  9.6882 0.0013 -0.5309
v  9.2173 -1.7709 -1.0917
v  9.4196 -1.8210 -0.5310
v  8.9423 -2.5519 -1.0862
v  9.1359 -2.6119 -0.5309
v  8.5765 -3.2944 -1.0807
v  8.7645 -3.3527 -0.5305
v  8.1450 -3.9630 -1.0754
v  8.3219 -4.0237 -0.5306
v  7.6468 -4.5711 -1.0706
v  7.8042 -4.6394 -0.5304
v  7.0820 -5.1220 -1.0663
v  7.2176 -5.1944 -0.5301
v  6.4270 -5.6582 -1.0614
v  6.5430 -5.7319 -0.5299
v  5.6656 -6.1900 -1.0581
v  5.7553 -6.2663 -0.5298
v  4.8475 -6.6676 -1.0540
v  4.9139 -6.7394 -0.5295
v  3.9585 -7.0883 -1.0492
v  3.9936 -7.1577 -0.5291
v  2.9953 -7.4397 -1.0391
v  3.0281 -7.4947 -0.5286
v  2.0013 -7.6972 -1.0278
v  2.0209 -7.7438 -0.5282
v  1.0034 -7.8490 -1.0161
v  1.0126 -7.8927 -0.5271
v  9.2018 1.7831 -1.1005
v  9.4009 0.9327 -1.1034
v  9.6147 0.9610 -0.5312
v  9.4162 1.8294 -0.5312
v  8.9054 2.5568 -1.0980
v  9.1209 2.6166 -0.5314
v  8.5123 3.2831 -1.0949
v  8.7347 3.3477 -0.5315
v  8.0677 3.9028 -1.0922
v  8.2841 3.9906 -0.5315
v  7.5336 4.4881 -1.0873
v  7.7449 4.5928 -0.5318
v  6.9402 5.0108 -1.0843
v  7.1404 5.1295 -0.5313
v  6.2785 5.5031 -1.0814
v  6.4643 5.6371 -0.5312
v  5.4824 6.0020 -1.0773
v  5.6468 6.1552 -0.5313
v  4.6966 6.4152 -1.0763
v  4.8279 6.5862 -0.5309
v  3.7600 6.8119 -1.0728
v  3.8777 6.9886 -0.5306
v  2.8303 7.1077 -1.0803
v  2.9194 7.2972 -0.5308
v  1.5212 7.4234 -0.9743
v  1.4784 7.3270 -1.2316
v  1.9094 7.3112 -1.0949
v  0.0000 -7.9064 -1.0147
v  0.0000 -7.9437 -0.5278
v  9.2149 -0.0013 -1.6636
v  9.1476 -0.8991 -1.6561
v  8.9722 -1.7264 -1.6471
v  8.7092 -2.4930 -1.6391
v  8.3568 -3.2259 -1.6331
v  7.9420 -3.8865 -1.6276
v  7.4652 -4.4879 -1.6242
v  6.9220 -5.0382 -1.6215
v  6.2872 -5.5752 -1.6173
v  5.5545 -6.1042 -1.6169
v  4.7662 -6.5836 -1.6153
v  3.9056 -7.0109 -1.6119
v  2.9617 -7.3742 -1.5976
v  1.9872 -7.6425 -1.5788
v  1.0005 -7.8045 -1.5583
v  8.9444 1.7377 -1.6597
v  9.1430 0.9076 -1.6652
v  8.6495 2.4930 -1.6540
v  8.2560 3.2035 -1.6472
v  7.8182 3.8026 -1.6410
v  7.2948 4.3682 -1.6320
v  6.7149 4.8744 -1.6256
v  6.0704 5.3501 -1.6198
v  5.3034 5.8275 -1.6131
v  4.5442 6.2237 -1.6094
v  3.6354 6.6071 -1.6034
v  2.7428 6.8881 -1.6117
v  6.9479 -0.6623 -4.1462
v  7.5247 -0.7351 -3.7140
v  7.5632 0.0009 -3.7144
v  6.9819 0.0054 -4.1393
v  8.0202 -0.7931 -3.2447
v  7.4158 -1.4222 -3.7253
v  7.8909 -1.5248 -3.2462
v  4.5586 -6.3599 -2.8200
v  4.4071 -6.1834 -3.5451
v  3.6409 -6.6690 -3.5769
v  3.7616 -6.8130 -2.8321
v  5.2780 -5.8661 -2.8009
v  5.0971 -5.6637 -3.4926
v  5.9457 -5.3275 -2.7796
v  5.7180 -5.1194 -3.4420
v  5.5337 -4.0284 -4.5184
v  5.9364 -4.3539 -3.9981
v  6.3382 -3.8291 -3.9194
v  5.8947 -3.5502 -4.4262
v  7.0729 -3.4804 -3.3084
v  6.6930 -3.2751 -3.8480
v  6.6844 -4.0500 -3.3511
v  7.4072 -2.8686 -3.2780
v  6.9930 -2.6889 -3.7932
v  7.6860 -2.2094 -3.2561
v  7.2380 -2.0678 -3.7509
v  8.2594 1.6260 -2.7281
v  7.8158 1.5493 -3.2388
v  7.9997 0.8094 -3.2506
v  8.4517 0.8488 -2.7375
v  7.9757 2.3302 -2.7165
v  7.5428 2.2219 -3.2235
v  7.5956 2.9891 -2.7026
v  7.1763 2.8508 -3.2041
v  7.1782 3.5420 -2.6892
v  6.7787 3.3766 -3.1876
v  6.6855 4.0605 -2.6727
v  6.3064 3.8658 -3.1639
v  6.1432 4.5213 -2.6591
v  5.7885 4.3008 -3.1444
v  5.5466 4.9520 -2.6485
v  5.2212 4.7054 -3.1293
v  4.8470 5.3794 -2.6376
v  4.5591 5.1045 -3.1145
v  4.1460 5.7357 -2.6282
v  3.8931 5.4383 -3.1014
v  3.3169 6.0771 -2.6177
v  3.1080 5.7553 -3.0881
v  2.5079 6.3262 -2.6179
v  2.3452 5.9823 -3.0868
v  1.6659 6.5084 -2.6198
v  1.5666 6.1401 -3.0937
v  1.2454 6.5653 -2.6325
v  1.1822 6.1899 -3.1037
v  8.0686 -0.0023 -3.2502
v  8.5225 -0.0037 -2.7360
v  8.4667 -0.8400 -2.7276
v  8.8448 -0.8743 -2.1891
v  8.9071 -0.0030 -2.1986
v  8.3189 -1.6138 -2.7217
v  8.6815 -1.6787 -2.1792
v  8.0921 -2.3355 -2.7195
v  8.4346 -2.4261 -2.1710
v  7.7844 -3.0265 -2.7246
v  8.1023 -3.1413 -2.1673
v  7.4200 -3.6591 -2.7334
v  7.7103 -3.7901 -2.1647
v  6.9986 -4.2443 -2.7486
v  7.2589 -4.3852 -2.1651
v  6.5145 -4.7959 -2.7671
v  6.7412 -4.9370 -2.1670
v  6.1328 -5.4744 -2.1659
v  5.4305 -6.0048 -2.1705
v  4.6749 -6.4882 -2.1732
v  3.8422 -6.9262 -2.1725
v  2.8545 -7.2211 -2.8221
v  2.9211 -7.3052 -2.1552
v  1.9279 -7.5149 -2.8342
v  1.9694 -7.5862 -2.1296
v  0.9821 -7.7014 -2.8082
v  0.9971 -7.7610 -2.1005
v  8.6386 1.6883 -2.1928
v  8.8352 0.8817 -2.2004
v  8.3477 2.4207 -2.1845
v  7.9585 3.1077 -2.1749
v  7.5288 3.6857 -2.1657
v  7.0195 4.2292 -2.1535
v  6.4558 4.7152 -2.1442
v  5.8321 5.1709 -2.1363
v  5.0980 5.6246 -2.1280
v  4.3646 6.0026 -2.1214
v  3.4931 6.3669 -2.1133
v  2.6408 6.6304 -2.1220
v  1.8399 7.0817 -1.6356
v  1.7632 6.8236 -2.1273
v  1.4002 7.1201 -1.7004
v  1.3251 6.8792 -2.1527
v  6.2383 -4.5926 -3.3991
v  2.7292 -7.1270 -3.5957
v  1.8694 -7.4338 -3.6048
v  0.9569 -7.6365 -3.5795
v  0.0000 -7.7124 -3.5545
v  5.8737 -0.5508 -4.6990
v  6.4266 -0.6038 -4.4516
v  6.4552 0.0041 -4.4447
v  5.9003 0.0123 -4.6965
v  5.7959 -1.1156 -4.7152
v  6.3458 -1.2099 -4.4725
v  4.0332 -4.3808 -5.0866
v  3.4749 -4.8385 -5.1689
v  3.7292 -5.2398 -5.0290
v  4.3222 -4.7363 -4.9409
v  4.5354 -3.9192 -5.0021
v  4.8494 -4.2372 -4.8442
v  4.9025 -3.5351 -4.9236
v  5.2362 -3.7929 -4.7606
v  5.2097 -3.1512 -4.8481
v  5.5710 -3.3565 -4.6713
v  5.2984 -2.5799 -4.8407
v  5.8525 -2.8522 -4.6003
v  6.0717 -2.3250 -4.5443
v  5.4975 -2.1341 -4.7907
v  6.2290 -1.7938 -4.5019
v  5.6546 -1.6520 -4.7517
v  6.3998 0.6591 -4.4415
v  5.8496 0.6130 -4.6938
v  6.2475 1.2830 -4.4262
v  5.7092 1.1851 -4.6777
v  5.5283 1.6569 -4.6551
v  6.0351 1.8183 -4.4016
v  5.7523 2.3110 -4.3742
v  5.2887 2.0982 -4.6275
v  5.4194 2.7793 -4.3336
v  4.9610 2.5823 -4.5822
v  5.0262 3.1888 -4.3006
v  4.5956 2.9629 -4.5487
v  4.6370 3.5338 -4.2618
v  4.2686 3.2676 -4.5118
v  4.1949 3.8459 -4.2380
v  3.8848 3.5386 -4.4897
v  3.6330 4.1619 -4.2214
v  3.3553 3.8269 -4.4747
v  3.1253 4.4156 -4.1983
v  2.9156 4.0538 -4.4502
v  2.5200 4.6335 -4.1921
v  2.3861 4.2349 -4.4478
v  1.8598 4.8090 -4.1877
v  1.7654 4.4010 -4.4424
v  1.2045 4.8634 -4.2278
v  1.2088 4.4876 -4.4483
v  1.1925 5.2735 -3.9436
v  1.4291 5.2612 -3.9276
v  1.4835 5.7255 -3.5305
v  1.1853 5.7604 -3.5393
v  0.3164 -6.4932 -5.3183
v  0.0000 -6.5144 -5.3171
v  0.0000 -6.7163 -5.2438
v  0.5658 -6.5845 -5.2793
v  0.7349 -6.3703 -5.3320
v  1.1714 -6.3533 -5.3026
v  1.0767 -6.1780 -5.3466
v  1.7311 -6.0261 -5.3135
v  1.4299 -5.8500 -5.3523
v  0.8574 -7.2493 -4.7658
v  0.0000 -7.6001 -4.2721
v  0.9319 -7.5019 -4.3129
v  1.6464 7.6758 -0.2243
v  1.5966 7.5739 -0.5349
v  1.9571 7.5141 -0.5321
v  1.9962 7.6176 -0.2242
v  1.4461 -2.1317 -5.3027
v  1.7256 -2.1406 -5.2918
v  1.7105 -1.4875 -5.2704
v  1.4294 -1.4862 -5.2813
v  1.6638 1.0305 -5.2188
v  1.6866 0.5275 -5.2331
v  2.0328 0.5279 -5.2215
v  2.0025 1.0303 -5.2099
v  1.7007 0.0344 -5.2371
v  1.3784 0.0354 -5.2460
v  1.3947 -0.4569 -5.2506
v  1.7068 -0.4580 -5.2391
v  1.3400 1.0316 -5.2257
v  1.3611 0.5279 -5.2405
v  1.6107 2.1025 -5.1519
v  1.2975 2.0874 -5.1672
v  1.3193 1.5349 -5.2072
v  1.6347 1.5337 -5.1991
v  1.9552 1.5325 -5.1874
v  1.6182 3.1087 -4.9659
v  1.2558 3.1479 -4.9765
v  1.2767 2.6056 -5.0942
v  1.5986 2.6002 -5.0792
v  3.3154 -2.4719 -5.2127
v  2.7672 -2.8749 -5.2612
v  3.0434 -3.1572 -5.2374
v  3.6735 -2.6800 -5.1749
v  2.4926 2.8709 -4.9580
v  1.9916 3.0507 -4.9546
v  1.9170 2.5830 -5.0627
v  2.3655 2.4480 -5.0563
v  4.0835 1.2186 -5.0676
v  4.2806 0.5570 -5.0852
v  4.7250 0.5725 -5.0179
v  4.5409 1.3175 -4.9890
v  3.9204 -1.6633 -5.1429
v  4.2240 -0.9395 -5.1025
v  3.6101 -0.9510 -5.1544
v  3.3952 -1.5447 -5.1837
v  4.3415 0.0366 -5.0884
v  4.3171 -0.4605 -5.0893
v  4.7586 -0.4714 -5.0223
v  4.7833 0.0369 -5.0208
v  1.7962 -3.9541 -5.3302
v  1.4775 -3.7434 -5.3492
v  1.4782 -3.8491 -5.3492
v  1.6104 -4.0886 -5.3406
v  3.7721 1.8978 -5.0232
v  4.1018 2.1035 -4.9336
v  3.2605 2.4669 -4.9729
v  3.4983 2.7077 -4.8808
v  1.6507 3.5122 -4.8422
v  1.2392 3.6243 -4.8311
v  2.7014 3.1899 -4.8464
v  2.0739 3.4096 -4.8414
v  4.3814 -1.7693 -5.0794
v  4.6730 -0.9594 -5.0363
v  3.3525 -3.4900 -5.1979
v  3.7988 -3.2066 -5.1442
v  2.5392 -3.4781 -5.2781
v  2.7978 -3.8212 -5.2509
v  3.8116 2.9251 -4.7579
v  3.4943 3.1264 -4.7473
v  5.1634 0.5820 -4.9208
v  5.0239 1.0888 -4.9101
v  5.1135 -1.0064 -4.9366
v  5.1935 -0.4958 -4.9247
v  4.9063 1.4364 -4.8901
v  2.1991 -4.5658 -5.2943
v  2.0149 -4.2099 -5.3140
v  1.7009 -4.3665 -5.3337
v  1.7563 -4.7182 -5.3271
v  4.7169 1.7942 -4.8713
v  4.4207 2.3138 -4.8171
v  4.0563 2.6844 -4.7870
v  3.7376 0.0347 -5.1373
v  3.7157 -0.4643 -5.1397
v  2.9326 1.0630 -5.1649
v  3.0083 0.5311 -5.1776
v  3.6756 0.5333 -5.1359
v  3.5389 1.1193 -5.1219
v  2.5419 1.9229 -5.1198
v  2.7794 1.5737 -5.1389
v  3.3013 1.6634 -5.0955
v  2.9076 2.1772 -5.0588
v  2.7659 -1.8233 -5.2301
v  2.9095 -1.4589 -5.2088
v  2.4418 -1.4772 -5.2347
v  2.4381 -2.0043 -5.2539
v  2.9730 -0.9503 -5.1938
v  3.0177 -0.4596 -5.1826
v  2.5146 -0.4589 -5.2086
v  2.4829 -0.9505 -5.2190
v  1.3285 0.0337 -5.2474
v  1.1715 0.0332 -5.3075
v  1.1735 -0.4588 -5.3207
v  1.3448 -0.4586 -5.2527
v  1.2902 1.0296 -5.2265
v  1.1630 1.0289 -5.2740
v  1.1703 0.5253 -5.2927
v  1.3112 0.5260 -5.2416
v  1.0799 0.0371 -5.5003
v  0.9788 0.0319 -6.0566
v  0.9787 -0.4601 -6.0752
v  1.0767 -0.4556 -5.5282
v  1.0865 1.0332 -5.4367
v  0.9787 1.0279 -6.0231
v  0.9795 0.5242 -6.0369
v  1.0839 0.5292 -5.4677
v  0.9699 0.0338 -6.1058
v  0.9376 0.0343 -6.1884
v  0.9377 -0.4579 -6.2070
v  0.9697 -0.4583 -6.1243
v  0.9696 1.0295 -6.0722
v  0.9367 1.0300 -6.1546
v  0.9385 0.5263 -6.1697
v  0.9704 0.5259 -6.0860
v  0.6490 0.0328 -6.3106
v  0.3659 0.0315 -6.3106
v  0.3664 -0.4604 -6.3283
v  0.6491 -0.4594 -6.3284
v  0.6479 1.0292 -6.2749
v  0.3653 1.0280 -6.2748
v  0.3657 0.5244 -6.2930
v  0.6488 0.5253 -6.2931
v  1.0840 -0.9505 -5.5041
v  1.0823 -1.4876 -5.5332
v  1.1861 -1.4878 -5.3584
v  1.1801 -0.9505 -5.3379
v  1.0749 -0.9479 -5.5532
v  0.9785 -0.9524 -6.0935
v  0.9785 -1.4896 -6.1142
v  1.0730 -1.4848 -5.5822
v  0.7245 -0.9505 -6.3464
v  0.7244 -1.4877 -6.3667
v  0.8100 -1.4877 -6.3515
v  0.8099 -0.9505 -6.3310
v  1.1932 -3.7611 -5.4478
v  1.1933 -3.7111 -5.4464
v  1.0726 -3.6707 -5.6612
v  1.0723 -3.7171 -5.6636
v  1.0704 -2.1297 -5.6208
v  0.9784 -2.1354 -6.1395
v  0.9783 -2.7228 -6.1628
v  1.0673 -2.7180 -5.6592
v  0.7239 -2.1334 -6.3912
v  0.7234 -2.7208 -6.4134
v  0.8105 -2.7208 -6.3984
v  0.8100 -2.1335 -6.3761
v  1.2694 1.5330 -5.2081
v  1.1578 1.5322 -5.2496
v  1.0898 1.5378 -5.3999
v  0.9787 1.5304 -6.0042
v  0.9696 1.5329 -6.0533
v  0.9375 1.5337 -6.1343
v  0.6483 1.5331 -6.2562
v  0.3654 1.5317 -6.2561
v  1.1890 3.6233 -4.8332
v  1.1358 3.6324 -4.8556
v  1.1440 3.1532 -5.0036
v  1.2061 3.1469 -4.9797
v  0.9790 3.2261 -5.7766
v  1.1012 3.1770 -5.1086
v  1.1037 3.6632 -4.9441
v  0.9791 3.7437 -5.6246
v  0.9787 2.6034 -5.9067
v  1.0978 2.6163 -5.2492
v  1.1102 3.1631 -5.0615
v  1.1070 2.6061 -5.2011
v  1.1586 2.6027 -5.1211
v  1.1546 4.8646 -4.2313
v  1.1314 4.8739 -4.2365
v  1.1267 4.4986 -4.4675
v  1.1589 4.4879 -4.4512
v  1.1961 6.5734 -2.6308
v  1.1908 6.5745 -2.6317
v  1.1271 6.1973 -3.1078
v  1.1325 6.1953 -3.1052
v  1.3513 7.1301 -1.6972
v  1.3458 7.1333 -1.6980
v  1.2718 6.8898 -2.1502
v  1.2761 6.8882 -2.1499
v  1.4725 7.4334 -0.9696
v  1.4668 7.4364 -0.9698
v  1.4230 7.3407 -1.2281
v  1.4297 7.3372 -1.2276
v  1.6200 7.9243 -0.0004
v  1.5970 7.9807 -0.0005
v  1.5936 7.9785 -0.0028
v  1.6125 7.9230 -0.0039
v  0.9700 3.7594 -5.6713
v  0.9446 3.7738 -5.7401
v  0.9452 3.2454 -5.8934
v  0.9698 3.2380 -5.8243
v  0.9453 2.6168 -6.0227
v  0.9695 2.6114 -5.9552
v  0.9694 5.2903 -4.9553
v  0.9363 5.3353 -5.0235
v  0.9413 4.8532 -5.2908
v  0.9704 4.8192 -5.2202
v  0.9615 7.3522 -3.0670
v  0.9296 7.4137 -3.1092
v  0.9349 6.9136 -3.7137
v  0.9665 6.8472 -3.6618
v  0.8694 8.0589 -2.1245
v  0.7714 7.8454 -2.6283
v  0.8585 7.8234 -2.6166
v  0.9651 8.0333 -2.1104
v  1.0877 8.2399 -1.3062
v  1.0077 8.2070 -1.5918
v  1.1117 8.1708 -1.5767
v  1.1927 8.2000 -1.2930
v  0.6495 3.7940 -5.8735
v  0.3663 3.7983 -5.8743
v  0.3667 3.2568 -6.0327
v  0.6518 3.2569 -6.0308
v  0.3667 2.6215 -6.1611
v  0.6509 2.6217 -6.1605
v  0.6471 5.4104 -5.1178
v  0.3645 5.4181 -5.1175
v  0.3663 4.9159 -5.4025
v  0.6494 4.9095 -5.4026
v  0.6540 7.5112 -3.1804
v  0.3705 7.5022 -3.1899
v  0.3636 7.0159 -3.7849
v  0.6440 7.0182 -3.7837
v  0.7887 8.0724 -2.1325
v  0.4400 8.1118 -2.1556
v  0.3910 7.8532 -2.6512
v  0.6971 7.8560 -2.6239
v  1.0079 8.2677 -1.3134
v  0.9252 8.2320 -1.6006
v  0.3672 -0.9505 -6.3462
v  0.0000 -0.9505 -6.3461
v  0.3669 -1.4878 -6.3659
v  0.3615 -2.1338 -6.3896
v  0.0000 -2.7200 -6.4104
v  0.3453 -2.7202 -6.4111
v  0.8835 -0.9505 -6.2889
v  0.8836 -0.4586 -6.2708
v  0.8098 -0.4590 -6.3131
v  0.8840 0.0335 -6.2527
v  0.8848 0.5257 -6.2347
v  0.8104 0.5256 -6.2776
v  0.8100 0.0331 -6.2951
v  0.8836 -1.4877 -6.3094
v  0.9380 -1.4871 -6.2460
v  0.9378 -0.9500 -6.2253
v  0.8841 -2.1335 -6.3339
v  0.8853 -2.7209 -6.3555
v  0.9385 -2.7204 -6.2931
v  0.9382 -2.1329 -6.2708
v  0.8825 1.0296 -6.2184
v  0.8849 1.5331 -6.1976
v  0.8103 1.5330 -6.2406
v  0.8086 1.0294 -6.2601
v  1.3613 8.1157 -0.0106
v  1.4317 8.0784 -0.0102
v  1.4349 8.0815 -0.0034
v  1.3621 8.1182 -0.0035
v  0.9057 3.2484 -5.9506
v  0.9036 3.7823 -5.7967
v  0.8223 3.7911 -5.8511
v  0.8249 3.2540 -6.0072
v  0.8988 2.0865 -6.1529
v  0.9068 2.6190 -6.0784
v  0.8251 2.6212 -6.1362
v  0.8195 2.0873 -6.2044
v  0.7231 5.9837 -4.7247
v  0.8096 5.9761 -4.7107
v  0.8115 6.4609 -4.3082
v  0.7244 6.4722 -4.3205
v  0.9017 4.3213 -5.5966
v  0.8206 4.3348 -5.6488
v  1.0575 7.9985 -2.0905
v  0.9387 7.7885 -2.5934
v  1.0035 7.7361 -2.5640
v  1.1331 7.9442 -2.0599
v  1.2959 8.1612 -1.2769
v  1.2125 8.1317 -1.5602
v  1.2914 8.0739 -1.5360
v  1.3730 8.1058 -1.2533
v  2.2166 -5.2312 -5.2908
v  2.2168 -4.8888 -5.2872
v  1.7376 -5.0587 -5.3239
v  1.6294 -5.5132 -5.3288
v  0.9786 5.2643 -4.9135
v  0.9796 4.7966 -5.1765
v  1.1086 4.5330 -4.5297
v  1.1107 4.9151 -4.2940
v  1.0676 -3.7579 -5.7135
v  1.0637 -3.7137 -5.7127
v  0.9783 -3.6864 -6.1989
v  0.9826 -3.7321 -6.1989
v  0.8891 -3.5670 -6.3845
v  0.8812 -3.6302 -6.4037
v  0.9375 -3.6909 -6.3404
v  0.9380 -3.6374 -6.3291
v  0.7233 -3.3690 -6.4380
v  0.6939 -3.4520 -6.4563
v  0.7964 -3.5354 -6.4436
v  0.8169 -3.4599 -6.4241
v  1.1262 -3.8745 -5.6834
v  1.1637 -3.9099 -5.6082
v  1.1565 -3.8831 -5.5625
v  1.1060 -3.8436 -5.6726
v  0.6171 -3.6143 -6.9327
v  0.6104 -3.5846 -6.6859
v  0.5542 -3.5585 -6.6849
v  1.0942 -4.0299 -6.9327
v  1.2224 -4.2516 -6.9327
v  1.0469 -3.8692 -6.2754
v  0.9885 -3.8306 -6.4463
v  0.0000 -6.1557 -6.9327
v  0.3182 -6.2489 -5.5743
v  0.2825 -6.1243 -6.9327
v  0.6160 -6.1468 -5.5876
v  0.5658 -6.0291 -6.9327
v  0.8999 -5.9733 -5.6019
v  0.8243 -5.8721 -6.9327
v  1.1336 -5.7451 -5.6072
v  1.0439 -5.6590 -6.9327
v  1.2158 -5.3828 -6.9327
v  1.3338 -5.4352 -5.5846
v  1.4449 -5.0956 -5.5731
v  1.3191 -5.0714 -6.9327
v  0.3074 -3.5015 -6.9327
v  0.3112 -3.4761 -6.6778
v  0.0000 -3.4398 -6.6742
v  0.0000 -3.4651 -6.9327
v  0.9012 -3.8131 -6.9327
v  0.8936 -3.7592 -6.5759
v  0.7636 -3.6707 -6.6541
v  1.3071 -4.4972 -6.9327
v  1.4325 -4.4683 -5.5812
v  1.3404 -4.2015 -5.5908
v  1.4729 -4.7705 -5.5762
v  1.3438 -4.7756 -6.9327
v  0.3173 -3.2238 -6.4296
v  0.3204 -3.3227 -6.4500
v  0.6205 -3.4255 -6.4576
v  0.6428 -3.3402 -6.4364
v  1.1342 -3.8882 -5.7061
v  1.2318 -4.0041 -5.5975
v  1.1698 -3.9208 -5.6255
v  1.4284 -3.8622 -5.3520
v  1.3503 -3.9139 -5.3740
v  1.4647 -4.1432 -5.3702
v  1.5645 -4.1086 -5.3436
v  1.4344 -4.4674 -5.5613
v  1.4554 -4.4580 -5.4754
v  1.3592 -4.1871 -5.4875
v  1.3418 -4.2001 -5.5710
v  1.6522 -4.3783 -5.3372
v  1.5752 -4.4171 -5.3564
v  1.6197 -4.7398 -5.3523
v  1.7062 -4.7208 -5.3308
v  1.4468 -5.0962 -5.5532
v  1.4723 -5.0939 -5.4657
v  1.4960 -4.7637 -5.4738
v  1.4748 -4.7702 -5.5563
v  0.0000 -6.2867 -5.5496
v  0.0000 -6.3056 -5.4749
v  0.3170 -6.2675 -5.4818
v  0.3191 -6.2507 -5.5544
v  0.7156 -6.3259 -5.3458
v  0.6804 -6.2562 -5.3737
v  0.3078 -6.3626 -5.3695
v  0.3072 -6.4463 -5.3339
v  0.9016 -5.9745 -5.5820
v  0.9207 -5.9883 -5.5010
v  1.1582 -5.7544 -5.4998
v  1.1348 -5.7466 -5.5873
v  0.6175 -6.1482 -5.5677
v  0.6266 -6.1643 -5.4907
v  1.6881 -5.0515 -5.3278
v  1.6008 -5.0635 -5.3488
v  1.4806 -5.4685 -5.3557
v  1.5827 -5.4942 -5.3323
v  1.3515 -5.4455 -5.4888
v  1.3351 -5.4369 -5.5647
v  0.3120 -3.4743 -6.6579
v  0.3173 -3.4529 -6.5762
v  1.0053 -3.8144 -6.2601
v  0.9561 -3.7824 -6.3953
v  0.9773 -3.8175 -6.4339
v  1.0346 -3.8542 -6.2687
v  0.8777 -3.7251 -6.4955
v  0.7613 -3.6415 -6.5564
v  0.7578 -3.6645 -6.6351
v  0.8845 -3.7495 -6.5593
v  1.0761 -3.7614 -5.6659
v  1.1768 -3.8104 -5.4724
v  0.6242 -3.5619 -6.5778
v  0.5656 -3.5376 -6.5790
v  0.5529 -3.5558 -6.6654
v  0.6086 -3.5816 -6.6659
v  1.2481 -3.9838 -5.4952
v  1.2319 -4.0006 -5.5777
v  0.0000 -6.4728 -5.3307
v  1.3058 -5.7860 -5.3760
v  0.9996 -6.0725 -5.3828
v  1.0474 -6.1385 -5.3572
v  1.3908 -5.8185 -5.3582
v  0.0000 -3.2838 -6.4464
v  0.0000 -3.1941 -6.4277
v  10.4711 0.0005 0.4401
v  9.7959 0.0005 0.4401
v  9.7214 0.9828 0.4401
v  10.3974 1.0637 0.4401
v  9.5257 1.8624 0.4401
v  10.2024 2.0301 0.4401
v  9.2363 2.6559 0.4401
v  9.9063 2.9168 0.4401
v  9.5172 3.7443 0.4401
v  8.8613 3.3831 0.4401
v  8.4096 4.0466 0.4401
v  9.0453 4.5040 0.4401
v  7.8748 4.6601 0.4401
v  8.4776 5.2162 0.4401
v  7.2599 5.2111 0.4401
v  7.8198 5.8689 0.4401
v  6.5565 5.7431 0.4401
v  7.0473 6.4693 0.4401
v  5.7555 6.2544 0.4401
v  6.1750 6.9892 0.4401
v  4.9070 6.7033 0.4401
v  5.2615 7.4312 0.4401
v  3.9605 7.1008 0.4401
v  4.2831 7.8162 0.4401
v  2.9926 7.4101 0.4401
v  3.2422 8.1237 0.4401
v  2.0001 7.6340 0.4401
v  2.1753 8.3541 0.4401
v  0.9971 7.7670 0.4401
v  1.0915 8.4887 0.4401
v  0.0000 7.8110 0.4401
v  10.3977 -1.0629 0.4400
v  9.7219 -0.9821 0.4401
v  10.2069 -2.0111 0.4400
v  9.5292 -1.8626 0.4401
v  9.9066 -2.9161 0.4401
v  9.2432 -2.6584 0.4401
v  9.5167 -3.7432 0.4401
v  8.8728 -3.3885 0.4401
v  9.0444 -4.5029 0.4401
v  8.4266 -4.0568 0.4401
v  8.4781 -5.2159 0.4400
v  7.8943 -4.6783 0.4401
v  7.8206 -5.8688 0.4400
v  7.2869 -5.2344 0.4401
v  7.0472 -6.4687 0.4400
v  6.5941 -5.7712 0.4401
v  6.1755 -6.9888 0.4401
v  5.7875 -6.2957 0.4401
v  5.2619 -7.4313 0.4401
v  4.9333 -6.7546 0.4401
v  4.2833 -7.8159 0.4401
v  3.9943 -7.1595 0.4401
v  3.2428 -8.1266 0.4400
v  3.0345 -7.4761 0.4401
v  2.1756 -8.3541 0.4401
v  2.0274 -7.7100 0.4401
v  1.0912 -8.4690 0.4400
v  1.0170 -7.8503 0.4401
v  1.0031 -7.6951 0.4070
v  0.0000 7.6977 0.4227
v  0.9903 7.6538 0.4228
v  9.6826 0.0005 0.4227
v  9.6085 0.9715 0.4228
v  9.3662 -0.9417 0.1906
v  9.4389 0.0005 0.1900
v  9.4992 0.0005 0.2970
v  9.4267 -0.9476 0.2972
v  9.2412 -1.7863 0.2974
v  9.1827 -1.7710 0.1903
v  8.9149 -2.5123 0.1886
v  8.9694 -2.5382 0.2965
v  8.5644 -3.2017 0.1823
v  8.6145 -3.2338 0.2928
v  8.1310 -3.8471 0.1775
v  8.1802 -3.8809 0.2892
v  7.6723 -4.4666 0.2853
v  7.6305 -4.4259 0.1702
v  7.0563 -4.9479 0.1562
v  7.0907 -4.9929 0.2767
v  6.3936 -5.4591 0.1487
v  6.4217 -5.5059 0.2732
v  5.6133 -5.9657 0.1363
v  5.6358 -6.0137 0.2654
v  4.7828 -6.4118 0.1274
v  4.8014 -6.4603 0.2593
v  3.8843 -6.8004 0.1198
v  3.8933 -6.8501 0.2551
v  2.9284 -7.1142 0.1065
v  2.9412 -7.1593 0.2474
v  1.9547 -7.3841 0.2410
v  1.9432 -7.3412 0.0959
v  0.9772 -7.4732 0.0872
v  0.9824 -7.5119 0.2302
v  9.3635 0.9569 0.1914
v  9.1776 1.7797 0.1943
v  9.2374 1.7923 0.2999
v  9.4247 0.9583 0.2978
v  8.9056 2.5234 0.1977
v  8.9626 2.5457 0.3020
v  8.5555 3.2046 0.1993
v  8.6079 3.2357 0.3028
v  8.1357 3.8230 0.2012
v  8.1824 3.8638 0.3032
v  7.6212 4.4133 0.2037
v  7.6653 4.4569 0.3052
v  7.0315 4.9426 0.2022
v  7.0716 4.9894 0.3038
v  6.3626 5.4477 0.2007
v  6.3953 5.4993 0.3035
v  5.5684 5.9542 0.2006
v  5.6022 6.0053 0.3034
v  4.7669 6.3767 0.1984
v  4.7892 6.4340 0.3020
v  3.8174 6.7752 0.1965
v  3.8430 6.8307 0.3009
v  2.8592 7.0777 0.1952
v  2.8858 7.1336 0.3000
v  1.9247 7.2847 0.1925
v  1.9377 7.3439 0.2987
v  0.9963 7.4082 0.1914
v  0.9911 7.4690 0.2982
v  0.9916 -7.5909 0.3373
v  0.0000 7.5143 0.2970
v  0.0000 7.5991 0.3753
v  0.9895 7.5547 0.3759
v  9.5098 0.9637 0.3757
v  9.5840 0.0005 0.3752
v  9.5111 -0.9570 0.3754
v  9.6093 -0.9685 0.4227
v  9.4191 -1.8338 0.4229
v  9.3234 -1.8082 0.3756
v  9.0470 -2.5735 0.3753
v  9.1378 -2.6139 0.4229
v  8.6873 -3.2786 0.3735
v  8.7729 -3.3304 0.4224
v  8.2499 -3.9301 0.3717
v  8.3319 -3.9887 0.4217
v  7.8080 -4.5969 0.4211
v  7.7343 -4.5263 0.3699
v  7.1446 -5.0604 0.3656
v  7.2096 -5.1408 0.4199
v  6.4686 -5.5796 0.3643
v  6.5261 -5.6676 0.4195
v  5.6761 -6.0912 0.3605
v  5.7265 -6.1850 0.4182
v  4.8358 -6.5403 0.3574
v  4.8794 -6.6383 0.4171
v  3.9171 -6.9341 0.3556
v  3.9495 -7.0375 0.4168
v  2.9655 -7.2432 0.3521
v  2.9962 -7.3486 0.4157
v  1.9983 -7.5777 0.4146
v  1.9744 -7.4694 0.3489
v  9.3202 1.8117 0.3768
v  9.4161 1.8351 0.4231
v  9.0413 2.5772 0.3779
v  9.1322 2.6141 0.4235
v  8.6806 3.2785 0.3782
v  8.7647 3.3278 0.4235
v  8.2469 3.9175 0.3782
v  8.3221 3.9788 0.4234
v  7.7253 4.5158 0.3794
v  7.7948 4.5836 0.4240
v  7.1260 5.0532 0.3783
v  7.1886 5.1270 0.4235
v  6.4413 5.5698 0.3785
v  6.4948 5.6509 0.4236
v  5.6472 6.0765 0.3784
v  5.6986 6.1591 0.4236
v  4.8219 6.5119 0.3778
v  4.8607 6.6016 0.4234
v  3.8772 6.9081 0.3772
v  3.9160 6.9981 0.4231
v  2.9184 7.2124 0.3765
v  2.9541 7.3043 0.4228
v  1.9554 7.4270 0.3762
v  1.9758 7.5235 0.4229
v  0.0000 -7.5186 0.0885
v  10.5163 0.0005 0.4340
v  10.4911 0.0005 0.4401
v  10.4173 1.0663 0.4401
v  10.4426 1.0698 0.4340
v  10.2218 2.0353 0.4401
v  10.2459 2.0419 0.4340
v  9.9249 2.9243 0.4401
v  9.9487 2.9343 0.4340
v  9.5348 3.7538 0.4401
v  9.5563 3.7665 0.4340
v  9.0617 4.5155 0.4401
v  9.0817 4.5311 0.4340
v  8.4925 5.2296 0.4401
v  8.5103 5.2475 0.4340
v  7.8330 5.8840 0.4401
v  7.8490 5.9045 0.4340
v  7.0586 6.4859 0.4401
v  7.0712 6.5071 0.4340
v  6.1844 7.0068 0.4401
v  6.1954 7.0297 0.4340
v  5.2696 7.4495 0.4401
v  5.2786 7.4732 0.4340
v  4.2896 7.8351 0.4401
v  4.2970 7.8587 0.4340
v  3.2472 8.1431 0.4401
v  3.2530 8.1700 0.4340
v  2.1787 8.3738 0.4401
v  2.1813 8.3981 0.4340
v  1.0931 8.5087 0.4401
v  1.0932 8.5339 0.4340
v  10.4423 -1.0689 0.4344
v  10.4176 -1.0655 0.4400
v  10.2523 -2.0223 0.4333
v  10.2262 -2.0162 0.4400
v  9.9483 -2.9334 0.4340
v  9.9252 -2.9236 0.4401
v  9.5558 -3.7655 0.4340
v  9.5343 -3.7528 0.4401
v  9.0809 -4.5300 0.4340
v  9.0608 -4.5144 0.4401
v  8.5110 -5.2472 0.4340
v  8.4930 -5.2292 0.4400
v  7.8493 -5.9040 0.4345
v  7.8338 -5.8839 0.4400
v  7.0711 -6.5070 0.4337
v  7.0584 -6.4853 0.4400
v  6.1960 -7.0296 0.4340
v  6.1850 -7.0064 0.4401
v  5.2793 -7.4742 0.4340
v  5.2700 -7.4497 0.4401
v  4.2973 -7.8594 0.4340
v  4.2898 -7.8349 0.4401
v  3.2530 -8.1720 0.4346
v  3.2478 -8.1460 0.4400
v  2.1813 -8.3991 0.4340
v  2.1787 -8.3738 0.4401
v  1.0944 -8.5246 0.4340
v  1.0928 -8.4889 0.4400
v  0.0000 -8.5818 0.4340
v  10.5501 0.0005 0.3719
v  10.4753 1.0749 0.3719
v  10.4402 1.0694 0.1041
v  10.5142 0.0005 0.1040
v  10.2774 2.0518 0.3719
v  10.2440 2.0412 0.1039
v  9.9787 2.9488 0.3719
v  9.9462 2.9328 0.1040
v  9.5833 3.7848 0.3719
v  9.5540 3.7643 0.1040
v  9.1068 4.5534 0.3719
v  9.0793 4.5280 0.1040
v  8.5318 5.2727 0.3719
v  8.5095 5.2451 0.1040
v  7.8676 5.9332 0.3719
v  7.8484 5.9015 0.1040
v  7.0852 6.5370 0.3719
v  7.0712 6.5043 0.1040
v  6.2065 7.0622 0.3719
v  6.1954 7.0271 0.1039
v  5.2867 7.5071 0.3719
v  5.2795 7.4721 0.1040
v  4.3023 7.8936 0.3719
v  4.2990 7.8561 0.1035
v  3.2547 8.2057 0.3719
v  3.2540 8.1699 0.1040
v  2.1791 8.4343 0.3719
v  2.1825 8.3966 0.1040
v  1.0869 8.5689 0.3719
v  1.0952 8.5334 0.1038
v  1.7585 8.4499 0.1039
v  0.0000 8.5791 0.1039
v  10.4756 -1.0741 0.3718
v  10.4404 -1.0686 0.1039
v  10.2843 -2.0278 0.3719
v  10.2485 -2.0254 0.1030
v  9.9777 -2.9476 0.3719
v  9.9465 -2.9321 0.1039
v  9.5832 -3.7840 0.3719
v  9.5543 -3.7637 0.1040
v  9.1066 -4.5528 0.3719
v  9.0795 -4.5276 0.1039
v  8.5324 -5.2723 0.3719
v  8.5102 -5.2445 0.1040
v  7.8680 -5.9329 0.3717
v  7.8490 -5.9011 0.1039
v  7.0850 -6.5372 0.3719
v  7.0714 -6.5043 0.1041
v  6.2071 -7.0623 0.3719
v  6.1960 -7.0268 0.1040
v  5.2876 -7.5084 0.3719
v  5.2782 -7.4709 0.1040
v  4.3024 -7.8937 0.3719
v  4.2974 -7.8568 0.1041
v  3.2538 -8.2060 0.3720
v  3.2539 -8.1699 0.1034
v  2.1787 -8.4341 0.3719
v  2.1825 -8.3966 0.1041
v  1.0944 -8.5680 0.3719
v  1.0964 -8.5307 0.1038
v  10.5497 0.0005 0.3801
v  10.4767 1.0751 0.3801
v  10.2781 2.0519 0.3801
v  9.9801 2.9493 0.3801
v  9.5838 3.7851 0.3801
v  9.1069 4.5535 0.3801
v  8.5323 5.2732 0.3801
v  7.8682 5.9339 0.3801
v  7.0855 6.5374 0.3801
v  6.2064 7.0620 0.3801
v  5.2862 7.5061 0.3801
v  4.3015 7.8914 0.3801
v  3.2552 8.2078 0.3801
v  2.1786 8.4315 0.3801
v  1.0868 8.5674 0.3801
v  0.0000 8.6161 0.3801
v  10.4768 -1.0742 0.3803
v  10.2846 -2.0274 0.3801
v  9.9790 -2.9481 0.3801
v  9.5838 -3.7843 0.3801
v  9.1064 -4.5527 0.3801
v  8.5328 -5.2726 0.3801
v  7.8686 -5.9336 0.3802
v  7.0853 -6.5377 0.3801
v  6.2073 -7.0628 0.3801
v  5.2878 -7.5089 0.3801
v  4.3025 -7.8940 0.3801
v  3.2543 -8.2080 0.3802
v  2.1783 -8.4318 0.3799
v  1.0943 -8.5670 0.3801
v  0.0000 -8.6161 0.3801
v  1.0947 -8.5616 0.4015
v  2.1801 -8.4291 0.4014
v  3.2553 -8.2035 0.4018
v  4.3028 -7.8895 0.4015
v  5.2876 -7.5044 0.4015
v  6.2067 -7.0584 0.4015
v  7.0842 -6.5337 0.4013
v  7.8667 -5.9297 0.4021
v  8.5306 -5.2692 0.4012
v  9.1036 -4.5496 0.4015
v  9.5805 -3.7817 0.4015
v  9.9753 -2.9460 0.4015
v  10.2811 -2.0253 0.4013
v  10.4727 -1.0735 0.4021
v  10.5457 0.0005 0.4015
v  10.4727 1.0743 0.4015
v  10.2742 2.0505 0.4015
v  9.9765 2.9473 0.4015
v  9.5807 3.7825 0.4015
v  9.1042 4.5504 0.4015
v  8.5300 5.2697 0.4015
v  7.8664 5.9300 0.4015
v  7.0843 6.5334 0.4015
v  6.2058 7.0578 0.4015
v  5.2861 7.5018 0.4015
v  4.3020 7.8871 0.4015
v  3.2561 8.2031 0.4015
v  2.1801 8.4271 0.4015
v  1.0888 8.5633 0.4015
v  0.0000 8.6120 0.4015
v  10.4619 1.0726 0.4191
v  10.5355 0.0005 0.4191
v  10.2643 2.0473 0.4191
v  9.9667 2.9425 0.4191
v  9.5723 3.7767 0.4191
v  9.0965 4.5434 0.4191
v  8.5234 5.2617 0.4191
v  7.8605 5.9208 0.4191
v  7.0800 6.5238 0.4191
v  6.2026 7.0478 0.4191
v  5.2841 7.4917 0.4191
v  4.3009 7.8772 0.4191
v  3.2556 8.1910 0.4191
v  2.1813 8.4170 0.4191
v  1.0912 8.5531 0.4191
v  0.0000 8.6013 0.4191
v  10.4618 -1.0718 0.4198
v  10.2714 -2.0236 0.4182
v  9.9658 -2.9413 0.4191
v  9.5719 -3.7757 0.4191
v  9.0959 -4.5425 0.4191
v  8.5241 -5.2614 0.4189
v  7.8608 -5.9202 0.4199
v  7.0800 -6.5241 0.4187
v  6.2033 -7.0480 0.4191
v  5.2852 -7.4935 0.4191
v  4.3015 -7.8787 0.4191
v  3.2552 -8.1924 0.4196
v  2.1813 -8.4187 0.4191
v  1.0948 -8.5481 0.4191
v  10.4998 0.0005 0.0637
v  10.4255 1.0669 0.0638
v  10.2315 2.0378 0.0638
v  9.9329 2.9271 0.0638
v  9.5412 3.7568 0.0638
v  9.0682 4.5197 0.0638
v  8.4999 5.2357 0.0638
v  7.8391 5.8901 0.0638
v  7.0637 6.4926 0.0638
v  6.1887 7.0159 0.0638
v  5.2784 7.4580 0.0638
v  4.2935 7.8440 0.0638
v  3.2499 8.1567 0.0638
v  2.1796 8.3828 0.0638
v  1.0940 8.5196 0.0638
v  1.7565 8.4361 0.0638
v  0.0000 8.5660 0.0638
v  10.4262 -1.0661 0.0643
v  10.2340 -2.0251 0.0624
v  9.9320 -2.9310 0.0644
v  9.5397 -3.7611 0.0638
v  9.0691 -4.5203 0.0638
v  8.4982 -5.2373 0.0633
v  7.8391 -5.8911 0.0645
v  7.0601 -6.4949 0.0633
v  6.1861 -7.0159 0.0638
v  5.2728 -7.4570 0.0638
v  4.2893 -7.8426 0.0637
v  3.2504 -8.1568 0.0639
v  2.1786 -8.3816 0.0631
v  1.0940 -8.5126 0.0638
v  0.0000 -8.5661 0.0638
v  10.4757 0.0005 0.0323
v  10.4016 1.0629 0.0324
v  10.3664 1.0573 0.0092
v  10.4395 0.0005 0.0090
v  10.2080 2.0317 0.0324
v  10.1731 2.0225 0.0092
v  9.9105 2.9179 0.0324
v  9.8766 2.9040 0.0092
v  9.5200 3.7450 0.0324
v  9.4878 3.7271 0.0092
v  9.0486 4.5056 0.0324
v  9.0190 4.4845 0.0092
v  8.4820 5.2194 0.0324
v  8.4554 5.1953 0.0092
v  7.8232 5.8718 0.0324
v  7.7991 5.8440 0.0092
v  7.0501 6.4726 0.0324
v  7.0295 6.4425 0.0092
v  6.1758 6.9953 0.0324
v  6.1571 6.9644 0.0092
v  5.2749 7.4330 0.0324
v  5.2672 7.3968 0.0092
v  4.2831 7.8220 0.0324
v  4.2683 7.7890 0.0092
v  3.2419 8.1337 0.0324
v  3.2307 8.0993 0.0092
v  2.1739 8.3593 0.0324
v  2.1659 8.3238 0.0092
v  1.7520 8.4123 0.0324
v  1.7458 8.3767 0.0092
v  1.0908 8.4955 0.0324
v  1.0864 8.4597 0.0092
v  10.4027 -1.0621 0.0330
v  10.3670 -1.0563 0.0094
v  10.2100 -2.0210 0.0315
v  10.1749 -2.0136 0.0088
v  9.9073 -2.9290 0.0332
v  9.8713 -2.9234 0.0099
v  9.5147 -3.7565 0.0324
v  9.4788 -3.7470 0.0092
v  9.0491 -4.5068 0.0324
v  9.0193 -4.4866 0.0092
v  8.4768 -5.2244 0.0319
v  8.4463 -5.2041 0.0088
v  7.8221 -5.8746 0.0332
v  7.7970 -5.8493 0.0098
v  7.0405 -6.4786 0.0319
v  7.0130 -6.4524 0.0084
v  6.1693 -6.9976 0.0324
v  6.1462 -6.9694 0.0092
v  5.2628 -7.4350 0.0323
v  5.2466 -7.4020 0.0090
v  4.2766 -7.8211 0.0323
v  4.2588 -7.7876 0.0088
v  3.2435 -8.1337 0.0325
v  3.2333 -8.0992 0.0093
v  2.1714 -8.3577 0.0315
v  2.1615 -8.3210 0.0080
v  1.0899 -8.4814 0.0324
v  1.0844 -8.4377 0.0084
v  10.3213 1.0502 0.0001
v  10.3936 0.0005 0.0000
v  10.1291 2.0110 0.0001
v  9.8362 2.8875 0.0001
v  9.4502 3.7063 0.0001
v  8.9826 4.4588 0.0001
v  8.4217 5.1649 0.0001
v  7.7706 5.8115 0.0001
v  7.0044 6.4060 0.0001
v  6.1333 6.9248 0.0001
v  5.2559 7.3503 0.0001
v  4.2501 7.7472 0.0001
v  3.2166 8.0550 0.0001
v  2.1561 8.2801 0.0001
v  1.7381 8.3320 -0.0000
v  1.0808 8.4137 -0.0000
v  10.3237 -1.0494 0.0001
v  10.1311 -2.0027 0.0000
v  9.8257 -2.9148 0.0001
v  9.4341 -3.7337 0.0001
v  8.9819 -4.4612 0.0001
v  8.4083 -5.1779 -0.0000
v  7.7650 -5.8167 0.0001
v  6.9819 -6.4214 0.0001
v  6.1179 -6.9330 0.0001
v  5.2284 -7.3625 0.0001
v  4.2415 -7.7454 0.0001
v  3.2202 -8.0541 -0.0000
v  2.1511 -8.2812 0.0000
v  1.0790 -8.3943 -0.0000
v  0.0000 -8.4603 0.0000
v  9.7629 0.9877 -0.1251
v  9.8374 -0.0001 -0.1251
v  9.9083 -0.0010 -0.0431
v  9.8340 0.9957 -0.0428
v  9.6343 1.8882 -0.0425
v  9.5646 1.8715 -0.1251
v  9.3389 2.6945 -0.0413
v  9.2708 2.6682 -0.1251
v  8.9537 3.4339 -0.0421
v  8.8911 3.3974 -0.1251
v  8.4899 4.1089 -0.0413
v  8.4330 4.0633 -0.1251
v  7.9461 4.7233 -0.0415
v  7.8934 4.6731 -0.1251
v  7.3209 5.2830 -0.0425
v  7.2788 5.2251 -0.1251
v  6.6160 5.8143 -0.0429
v  6.5858 5.7483 -0.1251
v  5.8089 6.3304 -0.0419
v  5.7698 6.2694 -0.1251
v  4.9431 6.7867 -0.0424
v  4.9144 6.7210 -0.1251
v  3.9977 7.1808 -0.0481
v  3.9717 7.1205 -0.1251
v  3.0244 7.5016 -0.0428
v  3.0034 7.4337 -0.1251
v  2.0262 7.7332 -0.0409
v  2.0093 7.6615 -0.1251
v  9.7554 -0.9860 -0.1229
v  9.8292 -0.9941 -0.0436
v  9.6316 -1.8861 -0.0425
v  9.5579 -1.8688 -0.1227
v  9.2689 -2.6672 -0.1226
v  9.3386 -2.6947 -0.0428
v  8.9619 -3.4359 -0.0443
v  8.8985 -3.3998 -0.1227
v  8.4524 -4.0719 -0.1231
v  8.5097 -4.1146 -0.0455
v  7.9200 -4.6978 -0.1229
v  7.9712 -4.7475 -0.0457
v  7.3137 -5.2634 -0.1224
v  7.3549 -5.3153 -0.0494
v  6.6195 -5.8070 -0.1221
v  6.6529 -5.8607 -0.0515
v  5.8146 -6.3431 -0.1221
v  5.8439 -6.3974 -0.0526
v  4.9631 -6.8147 -0.1220
v  4.9883 -6.8666 -0.0555
v  4.0257 -7.2310 -0.1216
v  4.0493 -7.2818 -0.0568
v  3.0790 -7.6105 -0.0581
v  3.0639 -7.5587 -0.1212
v  2.0619 -7.8546 -0.0595
v  2.0512 -7.8033 -0.1212
v  1.0318 -7.9476 -0.1259
v  1.0360 -7.9896 -0.0713
v  10.0501 -0.0019 0.0000
v  9.9738 1.0124 0.0001
v  9.7701 1.9225 0.0001
v  9.4657 2.7440 0.0001
v  9.0745 3.5014 0.0001
v  8.6002 4.1919 0.0001
v  8.0478 4.8171 0.0001
v  7.4064 5.3891 0.0001
v  6.6854 5.9364 0.0001
v  5.8821 6.4483 0.0001
v  5.0039 6.9111 0.0001
v  4.0497 7.2974 -0.0009
v  3.0688 7.6349 0.0001
v  2.0536 7.8673 0.0001
v  9.9686 -1.0106 0.0000
v  9.7687 -1.9217 0.0000
v  9.4696 -2.7492 0.0000
v  9.0853 -3.5071 -0.0000
v  8.6243 -4.1972 -0.0001
v  8.0769 -4.8468 -0.0000
v  7.4495 -5.4288 -0.0000
v  6.7331 -5.9861 -0.0000
v  5.9183 -6.5326 -0.0000
v  5.0569 -7.0053 -0.0000
v  4.1123 -7.4269 -0.0000
v  3.1266 -7.7638 -0.0000
v  2.0963 -8.0131 -0.0000
v  1.0524 -8.1409 -0.0012
v  9.0876 -0.0011 -0.6976
v  9.4218 0.0005 0.1430
v  9.3493 -0.9392 0.1436
v  9.0408 -0.9109 -0.7073
v  9.1664 -1.7662 0.1433
v  8.8641 -1.7056 -0.7069
v  8.8995 -2.5054 0.1415
v  8.6108 -2.4140 -0.7083
v  8.5506 -3.1932 0.1350
v  8.2801 -3.0798 -0.7126
v  8.1191 -3.8376 0.1299
v  7.8691 -3.7141 -0.7167
v  7.6207 -4.4155 0.1223
v  7.4027 -4.2813 -0.7230
v  7.0485 -4.9376 0.1079
v  6.8641 -4.8002 -0.7325
v  6.3876 -5.4497 0.1000
v  6.2339 -5.3116 -0.7376
v  5.6085 -5.9566 0.0874
v  5.4865 -5.8238 -0.7449
v  4.7792 -6.4034 0.0782
v  4.6859 -6.2817 -0.7504
v  3.8818 -6.7927 0.0705
v  3.8205 -6.6830 -0.7548
v  2.9272 -7.1081 0.0569
v  2.8832 -7.0155 -0.7623
v  1.9428 -7.3361 0.0461
v  1.9121 -7.2604 -0.7687
v  0.9770 -7.4691 0.0374
v  0.9631 -7.4031 -0.7732
v  8.8221 1.7027 -0.6942
v  9.1595 1.7745 0.1479
v  9.3465 0.9545 0.1445
v  9.0095 0.9237 -0.6955
v  8.5524 2.4053 -0.6923
v  8.8880 2.5159 0.1515
v  8.2110 3.0465 -0.6923
v  8.5390 3.1949 0.1531
v  7.8088 3.6271 -0.6939
v  8.1210 3.8118 0.1547
v  7.3094 4.1882 -0.6934
v  7.6079 4.4003 0.1573
v  6.7427 4.6921 -0.6947
v  7.0197 4.9282 0.1557
v  6.1054 5.1719 -0.6962
v  6.3521 5.4325 0.1542
v  5.3351 5.6616 -0.6958
v  5.5592 5.9382 0.1541
v  4.5769 6.0618 -0.6966
v  4.7591 6.3601 0.1519
v  3.6529 6.4463 -0.6939
v  3.8113 6.7583 0.1498
v  2.7316 6.7602 -0.7022
v  2.8547 7.0607 0.1484
v  1.8471 6.9583 -0.7048
v  1.9217 7.2675 0.1456
v  0.9704 7.0008 -0.9124
v  0.9742 7.0601 -0.7548
v  0.0000 -7.4541 -0.7727
v  8.6860 -0.8867 -1.5099
v  8.7560 -0.0042 -1.5111
v  8.5161 -1.6595 -1.5092
v  8.2743 -2.3505 -1.5082
v  7.9609 -3.0004 -1.5069
v  7.5724 -3.6207 -1.5059
v  7.1301 -4.1829 -1.5049
v  6.6228 -4.7015 -1.5037
v  6.0242 -5.2082 -1.5031
v  5.3153 -5.7205 -1.5025
v  4.5510 -6.1835 -1.5022
v  3.7180 -6.5944 -1.5016
v  2.8328 -6.9303 -1.5015
v  1.8732 -7.1926 -1.5015
v  0.9485 -7.3440 -1.5035
v  8.6748 0.8938 -1.5104
v  8.4809 1.6524 -1.5101
v  8.2055 2.3321 -1.5101
v  7.8590 2.9484 -1.5100
v  7.4497 3.5018 -1.5148
v  6.9348 4.0091 -1.4980
v  6.4065 4.5068 -1.5152
v  5.7921 4.9561 -1.5149
v  5.0588 5.4123 -1.5151
v  4.3342 5.7883 -1.5153
v  3.4588 6.1381 -1.5005
v  2.5855 6.4200 -1.5043
v  1.7486 6.6209 -1.5119
v  0.9176 6.7302 -1.5190
v  2.5590 0.0187 -4.7507
v  2.5340 0.2976 -4.7490
v  3.1202 0.3604 -4.7175
v  3.1511 0.0171 -4.7202
v  3.7183 -0.3715 -4.6864
v  3.1305 -0.3087 -4.7222
v  3.7426 0.0155 -4.6826
v  4.2111 0.8947 -4.6050
v  4.3105 0.4850 -4.6160
v  3.7060 0.4224 -4.6796
v  3.6206 0.7743 -4.6729
v  3.6565 -0.7064 -4.6954
v  3.0785 -0.5905 -4.7290
v  0.2619 2.0613 -4.7207
v  0.0000 2.0730 -4.7202
v  0.0000 2.5412 -4.6534
v  0.3224 2.5265 -4.6531
v  3.8888 1.5851 -4.5690
v  4.0687 1.2581 -4.5881
v  3.4987 1.0880 -4.6633
v  3.3445 1.3704 -4.6518
v  3.6782 1.8778 -4.5486
v  3.1639 1.6235 -4.6392
v  3.4283 2.1498 -4.5266
v  2.9495 1.8587 -4.6254
v  3.1521 2.3861 -4.5070
v  2.7141 2.0619 -4.6129
v  2.8462 2.6055 -4.4884
v  2.4513 2.2556 -4.5996
v  2.4886 2.8226 -4.4693
v  2.1440 2.4438 -4.5872
v  2.1270 3.0044 -4.4531
v  1.8330 2.6017 -4.5766
v  1.7023 3.1744 -4.4364
v  1.4675 2.7496 -4.5661
v  1.2745 3.3035 -4.4218
v  1.0991 2.8626 -4.5584
v  0.8571 3.3913 -4.4122
v  0.7393 2.9397 -4.5539
v  0.4436 3.4438 -4.4066
v  0.3827 2.9855 -4.5503
v  1.5187 -3.1560 -4.8904
v  1.2652 -2.6238 -4.8806
v  1.7422 -2.3845 -4.8539
v  2.0695 -2.8380 -4.8548
v  2.0098 -2.1831 -4.8347
v  2.3873 -2.5987 -4.8308
v  2.2522 -1.9696 -4.8158
v  2.6753 -2.3450 -4.8072
v  2.4559 -1.7571 -4.7979
v  2.9172 -2.0926 -4.7843
v  2.6293 -1.5439 -4.7805
v  3.1230 -1.8394 -4.7620
v  2.7755 -1.3237 -4.7648
v  3.2967 -1.5778 -4.7420
v  2.9010 -1.0884 -4.7506
v  3.4458 -1.2980 -4.7236
v  3.0022 -0.8457 -4.7385
v  3.5660 -1.0096 -4.7080
v  4.9485 0.0105 -4.4994
v  4.9013 0.5447 -4.4916
v  5.5167 0.6022 -4.2956
v  5.5693 0.0045 -4.3039
v  1.3603 0.1710 -4.7923
v  1.3736 0.0216 -4.7927
v  7.7399 -0.8093 -2.8346
v  7.2806 -0.7659 -3.2761
v  7.7963 -0.0090 -2.8337
v  1.3646 -0.1204 -4.7938
v  1.3291 0.3011 -4.7911
v  4.7879 1.0078 -4.4767
v  5.3891 1.1183 -4.2768
v  7.6044 -1.5167 -2.8379
v  7.0086 -1.4081 -3.4311
v  1.3419 -0.2431 -4.7959
v  0.5037 3.8882 -4.2302
v  0.0000 3.9100 -4.2264
v  0.0000 4.3710 -3.9945
v  0.5670 4.3459 -3.9972
v  1.2279 0.5212 -4.7874
v  1.2844 0.4168 -4.7894
v  4.6259 1.4186 -4.4561
v  4.4211 1.7881 -4.4325
v  4.9770 1.9884 -4.2237
v  5.2071 1.5762 -4.2518
v  1.1616 0.6150 -4.7855
v  4.1815 2.1187 -4.4069
v  4.7078 2.3578 -4.1938
v  1.0829 0.7021 -4.7834
v  3.8969 2.4260 -4.3792
v  4.3877 2.7019 -4.1620
v  0.9962 0.7777 -4.7814
v  3.5822 2.6931 -4.3546
v  4.0334 3.0022 -4.1343
v  0.9000 0.8492 -4.7795
v  3.2340 2.9412 -4.3312
v  3.6413 3.2813 -4.1084
v  0.7872 0.9189 -4.7774
v  2.8269 3.1865 -4.3067
v  3.1828 3.5576 -4.0818
v  0.6731 0.9774 -4.7756
v  2.4158 3.3915 -4.2854
v  2.7200 3.7884 -4.0590
v  0.5390 1.0323 -4.7737
v  1.9330 3.5833 -4.2640
v  2.1763 4.0045 -4.0363
v  0.4037 1.0742 -4.7721
v  1.4470 3.7293 -4.2471
v  1.6291 4.1690 -4.0186
v  0.2715 1.1029 -4.7709
v  0.9731 3.8286 -4.2360
v  1.0956 4.2803 -4.0061
v  0.1405 1.1200 -4.7701
v  0.3417 -1.1926 -4.8494
v  0.1623 -1.2173 -4.8537
v  0.5546 -1.1350 -4.8444
v  0.7590 -1.0247 -4.8354
v  3.5048 -6.3831 -2.8827
v  3.4230 -6.3048 -3.3068
v  4.1585 -5.8292 -3.3054
v  4.2553 -5.9361 -2.8875
v  0.8757 -0.9369 -4.8292
v  4.7931 -5.3339 -3.2952
v  4.9234 -5.4487 -2.8897
v  0.9814 -0.8439 -4.8232
v  5.3626 -4.8066 -3.2854
v  5.5292 -4.9263 -2.8909
v  1.0702 -0.7512 -4.8173
v  5.6477 -4.1750 -3.6081
v  6.0423 -4.4072 -2.8942
v  1.1459 -0.6583 -4.8117
v  6.0230 -3.6649 -3.5614
v  6.4588 -3.8947 -2.8856
v  1.2096 -0.5625 -4.8068
v  6.3452 -3.1349 -3.5206
v  6.8294 -3.3471 -2.8701
v  1.2644 -0.4599 -4.8027
v  6.6207 -2.5771 -3.4843
v  7.1493 -2.7613 -2.8562
v  1.3086 -0.3542 -4.7989
v  6.8410 -2.0056 -3.4544
v  7.4066 -2.1552 -2.8454
v  8.0806 1.5866 -2.1571
v  8.2726 0.8553 -2.1606
v  7.7197 0.8029 -2.8311
v  7.5334 1.4938 -2.8248
v  7.8092 2.2389 -2.1526
v  7.2710 2.1073 -2.8165
v  7.4678 2.8279 -2.1472
v  6.9413 2.6586 -2.8069
v  7.0679 3.3554 -2.1453
v  6.5583 3.1510 -2.7993
v  6.5895 3.8558 -2.1427
v  6.1043 3.6134 -2.7913
v  6.0633 4.3042 -2.1339
v  5.6094 4.0258 -2.7789
v  5.4768 4.7260 -2.1291
v  5.0607 4.4113 -2.7703
v  4.7827 5.1510 -2.1246
v  4.4173 4.7964 -2.7623
v  4.0934 5.5036 -2.1209
v  3.7754 5.1172 -2.7551
v  3.2730 5.8434 -2.1150
v  3.0177 5.4206 -2.7456
v  2.4472 6.1019 -2.1133
v  2.2565 5.6508 -2.7398
v  1.6509 6.2773 -2.1098
v  1.5200 5.8093 -2.7352
v  0.8578 6.3674 -2.1322
v  0.7868 5.8965 -2.7442
v  0.0000 6.3936 -2.1422
v  0.0000 5.9265 -2.7512
v  8.3519 -0.0070 -2.1620
v  0.4592 -1.7428 -4.8682
v  0.2543 -1.7683 -4.8730
v  0.8123 -3.4492 -4.9241
v  0.7473 -3.5255 -4.9371
v  0.3832 -3.3741 -4.9397
v  0.3948 -3.2835 -4.9274
v  1.4562 -4.1438 -4.9005
v  1.3806 -4.1929 -4.9124
v  1.2238 -3.9307 -4.9198
v  1.3061 -3.8888 -4.9075
v  0.0000 -6.3638 -4.8085
v  0.0000 -6.3226 -4.8292
v  0.2996 -6.2908 -4.8365
v  0.3084 -6.3271 -4.8187
v  0.6037 -6.1680 -4.8683
v  0.6301 -6.2142 -4.8463
v  0.9024 -5.9730 -4.9020
v  0.9445 -6.0239 -4.8804
v  1.1514 -5.7271 -4.9256
v  1.2205 -5.7672 -4.9086
v  1.4039 -5.5320 -4.9150
v  1.3363 -5.4721 -4.9276
v  1.5728 -5.1611 -4.8895
v  1.0196 -3.7117 -4.9279
v  1.0847 -3.6446 -4.9158
v  1.5552 -4.4296 -4.8937
v  1.4691 -4.4546 -4.9071
v  1.5001 -5.1444 -4.8989
v  1.5196 -4.7892 -4.9009
v  1.6040 -4.7716 -4.8882
v  0.5938 -3.7169 -5.0705
v  0.4049 -4.0283 -5.4347
v  0.2014 -3.9566 -5.4371
v  0.3129 -3.6075 -5.0718
v  1.1509 -4.2782 -5.0465
v  0.8013 -4.4452 -5.4335
v  0.7180 -4.3019 -5.4343
v  1.0266 -4.0775 -5.0538
v  0.0000 -6.2130 -4.9120
v  0.1840 -5.6696 -5.4350
v  0.2677 -6.1733 -4.9256
v  0.3705 -5.6090 -5.4335
v  0.5366 -6.0486 -4.9645
v  0.5385 -5.5082 -5.4322
v  0.7894 -5.8436 -5.0142
v  0.6829 -5.3680 -5.4328
v  0.9772 -5.6160 -5.0475
v  1.1294 -5.3539 -5.0597
v  0.7963 -5.1855 -5.4334
v  0.8645 -4.9814 -5.4332
v  1.2574 -5.0621 -5.0326
v  0.5915 -4.1585 -5.4339
v  0.8444 -3.8842 -5.0619
v  0.0000 -3.9292 -5.4342
v  1.2369 -4.5004 -5.0392
v  0.8569 -4.6057 -5.4331
v  0.8801 -4.7890 -5.4339
v  1.2817 -4.7721 -5.0323
v  0.4021 -4.0329 -5.4465
v  0.4021 -4.0329 -6.9329
v  0.2004 -3.9593 -6.9329
v  0.2004 -3.9593 -5.4511
v  0.7954 -4.4480 -5.4453
v  0.7953 -4.4480 -6.9329
v  0.7132 -4.3051 -6.9329
v  0.7134 -4.3052 -5.4461
v  0.1832 -5.6647 -5.4469
v  0.1877 -5.6538 -6.9329
v  0.3677 -5.6028 -6.9329
v  0.3687 -5.6043 -5.4455
v  0.5343 -5.5018 -6.9329
v  0.5355 -5.5041 -5.4442
v  0.6776 -5.3633 -6.9329
v  0.6791 -5.3648 -5.4447
v  0.7918 -5.1832 -5.4454
v  0.7906 -5.1823 -6.9329
v  0.8577 -4.9802 -6.9329
v  0.8579 -4.9800 -5.4450
v  0.5873 -4.1631 -6.9329
v  0.5874 -4.1630 -5.4458
v  0.8502 -4.6075 -5.4449
v  0.8501 -4.6077 -6.9329
v  0.8739 -4.7890 -6.9329
v  0.8741 -4.7892 -5.4458
v  4.3518 0.0136 -4.6218
v  1.9664 0.0202 -4.7746
v  1.9473 0.2343 -4.7739
v  4.9164 -0.5017 -4.5051
v  4.3235 -0.4364 -4.6256
v  1.9536 -0.1831 -4.7758
v  2.4758 0.5387 -4.7472
v  1.9026 0.4200 -4.7727
v  3.0485 0.6568 -4.7139
v  4.8350 -0.9469 -4.5210
v  4.2519 -0.8263 -4.6380
v  1.9210 -0.3589 -4.7794
v  0.0000 3.4638 -4.4055
v  0.2012 1.5909 -4.7514
v  2.2873 0.9481 -4.7416
v  2.3926 0.7540 -4.7446
v  1.8387 0.5855 -4.7711
v  1.7577 0.7348 -4.7694
v  2.9459 0.9215 -4.7082
v  2.8162 1.1599 -4.7019
v  2.1639 1.1222 -4.7384
v  1.6629 0.8688 -4.7676
v  2.6642 1.3738 -4.6951
v  2.0174 1.2841 -4.7350
v  1.5503 0.9933 -4.7655
v  2.4838 1.5725 -4.6877
v  1.8569 1.4237 -4.7349
v  1.4267 1.1009 -4.7637
v  2.2863 1.7439 -4.6849
v  1.6768 1.5578 -4.7320
v  1.2885 1.2038 -4.7619
v  2.0645 1.9086 -4.6785
v  1.4668 1.6874 -4.7294
v  1.1271 1.3035 -4.7599
v  1.8058 2.0678 -4.6722
v  1.2542 1.7962 -4.7274
v  0.9637 1.3872 -4.7580
v  1.5440 2.2013 -4.6667
v  1.0043 1.8983 -4.7255
v  0.7717 1.4656 -4.7559
v  1.2363 2.3265 -4.6613
v  0.7523 1.9765 -4.7241
v  0.5781 1.5257 -4.7541
v  0.9260 2.4222 -4.6571
v  0.5060 2.0297 -4.7221
v  0.3888 1.5666 -4.7526
v  0.6229 2.4876 -4.6544
v  1.9931 -4.2239 -4.8656
v  1.7932 -3.7485 -4.8813
v  2.4074 -3.3079 -4.8390
v  2.7384 -3.7785 -4.8043
v  1.0868 -1.4780 -4.8424
v  0.7895 -1.6269 -4.8570
v  2.7769 -3.0293 -4.8090
v  3.1589 -3.4610 -4.7630
v  1.2538 -1.3523 -4.8321
v  3.1118 -2.7341 -4.7792
v  3.5398 -3.1245 -4.7218
v  1.4051 -1.2191 -4.8219
v  3.3928 -2.4405 -4.7504
v  3.8591 -2.7900 -4.6818
v  1.5322 -1.0864 -4.8125
v  3.6320 -2.1458 -4.7219
v  4.1308 -2.4539 -4.6417
v  1.6405 -0.9534 -4.8033
v  3.8339 -1.8410 -4.6962
v  4.3605 -2.1056 -4.6054
v  1.7317 -0.8162 -4.7950
v  4.0071 -1.5152 -4.6729
v  4.5573 -1.7335 -4.5722
v  1.8101 -0.6694 -4.7876
v  4.1466 -1.1793 -4.6532
v  4.7156 -1.3500 -4.5437
v  1.8734 -0.5179 -4.7842
v  1.0244 -2.1188 -4.8689
v  0.5768 -2.2930 -4.8869
v  5.5342 -0.5735 -4.3126
v  5.4447 -1.0795 -4.3355
v  2.8761 -3.9879 -4.7836
v  2.1197 -4.4743 -4.8520
v  3.3271 -3.6640 -4.7338
v  3.7458 -3.3250 -4.6814
v  4.3609 -3.1924 -4.5801
v  4.6642 -2.8058 -4.5190
v  4.9203 -2.4039 -4.4627
v  5.1383 -1.9770 -4.4116
v  5.3134 -1.5388 -4.3693
v  8.2903 -0.8566 -2.1645
v  8.1310 -1.6030 -2.1619
v  7.9059 -2.2732 -2.1624
v  7.6140 -2.9051 -2.1641
v  7.2529 -3.5108 -2.1674
v  6.8391 -4.0673 -2.1714
v  6.3669 -4.5832 -2.1881
v  5.7939 -5.0881 -2.1925
v  5.1312 -5.6040 -2.1905
v  4.4095 -6.0761 -2.1879
v  3.6208 -6.4974 -2.1849
v  2.7753 -6.8465 -2.1826
v  1.8470 -7.1235 -2.1805
v  0.9332 -7.2882 -2.1815
v  0.0000 -7.3488 -2.1781
v  2.6931 -6.7577 -2.8794
v  1.8024 -7.0525 -2.8745
v  0.9120 -7.2309 -2.8749
v  0.0837 6.8494 -1.3768
v  0.0000 7.4372 0.1439
v  0.0891 7.2020 -0.5010
v  0.0000 7.2055 -0.4926
v  0.1717 6.8607 -1.3501
v  0.2606 6.8810 -1.3029
v  0.4482 7.0270 -0.9479
v  0.4395 7.0638 -0.8531
v  0.1633 7.1932 -0.5227
v  0.9949 7.3910 0.1445
v  0.2460 7.1756 -0.5658
v  0.3236 7.1509 -0.6269
v  0.3731 7.1262 -0.6915
v  0.4192 7.0929 -0.7772
v  0.4374 6.9903 -1.0405
v  0.3681 6.9249 -1.1993
v  0.4066 6.9537 -1.1304
v  0.3086 6.8966 -1.2662
v  0.0000 7.1669 -1.3802
v  0.0866 7.1714 -1.3712
v  0.0866 6.8594 -1.3712
v  0.1761 7.1822 -1.3452
v  0.1761 6.8701 -1.3452
v  0.4327 7.0708 -0.8544
v  0.4327 7.3829 -0.8544
v  0.4122 7.4123 -0.7775
v  0.4122 7.1003 -0.7775
v  0.4412 7.0343 -0.9484
v  0.4412 7.3464 -0.9484
v  0.3692 7.4435 -0.6970
v  0.3692 7.1314 -0.6970
v  0.3192 7.4684 -0.6322
v  0.3192 7.1563 -0.6322
v  0.2412 7.4932 -0.5706
v  0.2412 7.1812 -0.5706
v  0.1648 7.5099 -0.5291
v  0.1648 7.1978 -0.5291
v  0.0900 7.5187 -0.5075
v  0.0900 7.2067 -0.5075
v  0.0000 7.5222 -0.4992
v  0.3023 6.9053 -1.2636
v  0.3023 7.2174 -1.2636
v  0.3623 7.2460 -1.1960
v  0.3623 6.9340 -1.1960
v  0.2541 6.8895 -1.3007
v  0.2541 7.2016 -1.3007
v  0.4014 7.2751 -1.1264
v  0.4014 6.9630 -1.1264
v  0.4305 7.3092 -1.0421
v  0.4305 6.9972 -1.0421
v  0.0000 7.1766 -1.3737
v  0.0853 7.1810 -1.3648
v  0.1735 7.1916 -1.3392
v  0.4258 7.3893 -0.8558
v  0.4058 7.4183 -0.7801
v  0.4342 7.3534 -0.9483
v  0.3635 7.4489 -0.7008
v  0.3144 7.4735 -0.6369
v  0.2376 7.4980 -0.5762
v  0.1624 7.5145 -0.5352
v  0.0886 7.5232 -0.5139
v  0.2977 7.2264 -1.2587
v  0.3567 7.2546 -1.1921
v  0.2502 7.2107 -1.2953
v  0.3951 7.2832 -1.1235
v  0.4237 7.3168 -1.0406
v  -0.0000 -7.2673 -3.2651
v  0.8938 -7.1989 -3.2728
v  1.7584 -7.0129 -3.2855
v  2.6231 -6.7043 -3.3056
v  2.2657 -4.7566 -4.8339
v  1.6250 -5.1624 -4.8880
v  1.6542 -4.7700 -4.8845
v  0.3464 -2.3194 -4.8922
v  0.4094 -2.8604 -4.9114
v  0.0000 -2.3210 -4.8950
v  0.7014 -2.8348 -4.9050
v  0.8364 -3.4050 -4.9224
v  1.3465 -3.8590 -4.9051
v  1.1181 -3.6071 -4.9139
v  1.5018 -4.1227 -4.8977
v  1.6039 -4.4177 -4.8905
v  6.4726 -0.0040 -3.8780
v  6.4367 -0.6770 -3.8893
v  6.0590 -0.6341 -4.0917
v  6.0926 -0.0005 -4.0803
v  6.3429 -1.2729 -3.9176
v  5.9700 -1.1930 -4.1207
v  3.7525 -5.2656 -4.3840
v  3.0311 -5.8209 -4.4286
v  2.8226 -5.5309 -4.6711
v  3.5461 -4.9651 -4.6077
v  4.2922 -4.7907 -4.3233
v  4.0608 -4.5220 -4.5370
v  4.7628 -4.2875 -4.2727
v  4.5032 -4.0442 -4.4763
v  5.1615 -3.8064 -4.2044
v  4.8570 -3.5661 -4.4195
v  5.4900 -3.3378 -4.1343
v  5.1641 -3.1272 -4.3484
v  5.7728 -2.8497 -4.0689
v  5.4317 -2.6711 -4.2796
v  6.0122 -2.3380 -4.0098
v  5.6575 -2.1916 -4.2164
v  6.2014 -1.8162 -3.9588
v  5.8362 -1.7025 -4.1627
v  6.4078 0.6832 -3.8715
v  6.0318 0.6494 -4.0721
v  6.2504 1.2723 -3.8564
v  5.8862 1.2082 -4.0566
v  0.0000 4.9394 -3.6349
v  0.6455 4.9122 -3.6373
v  0.6102 4.6588 -3.8102
v  0.0000 4.6851 -3.8069
v  5.7481 2.2596 -3.8135
v  6.0277 1.7932 -3.8358
v  5.6791 1.7025 -4.0344
v  5.4179 2.1452 -4.0092
v  5.4250 2.6761 -3.7898
v  5.1158 2.5409 -3.9824
v  5.0451 3.0637 -3.7646
v  4.7599 2.9091 -3.9540
v  4.6295 3.4036 -3.7425
v  4.3695 3.2310 -3.9294
v  4.1726 3.7188 -3.7231
v  3.9394 3.5293 -3.9071
v  3.6407 4.0293 -3.7020
v  3.4386 3.8234 -3.8833
v  3.1072 4.2883 -3.6837
v  2.9354 4.0686 -3.8628
v  2.4829 4.5298 -3.6657
v  2.3458 4.2968 -3.8429
v  1.8566 4.7130 -3.6520
v  1.7544 4.4703 -3.8273
v  1.2483 4.8381 -3.6432
v  1.1795 4.5884 -3.8172
v  0.7818 -6.8821 -4.3365
v  0.0000 -6.7156 -4.5848
v  0.7250 -6.6306 -4.6028
v  1.4321 -6.6825 -4.3866
v  1.2508 -6.4443 -4.6453
v  2.1701 -6.3260 -4.4407
v  1.9079 -6.0912 -4.6952
v  3.9255 -5.5154 -4.0808
v  3.2018 -6.0535 -4.1059
v  4.4926 -5.0194 -4.0375
v  4.9934 -4.4984 -4.0016
v  0.8299 -7.0573 -4.0254
v  0.0000 -7.1346 -4.0147
v  1.5800 -6.8577 -4.0614
v  2.3748 -6.5163 -4.1078
v  2.5665 -5.1837 -4.8163
v  3.3131 -4.6285 -4.7356
v  3.8044 -4.2252 -4.6656
v  4.2161 -3.7746 -4.6028
v  0.3039 -6.4731 -4.7429
v  0.0000 -6.4068 -4.7863
v  0.3060 -6.3734 -4.7976
v  0.6718 -6.3553 -4.7787
v  0.6480 -6.2607 -4.8260
v  1.0529 -6.1706 -4.8215
v  0.9746 -6.0610 -4.8649
v  1.5915 -5.8654 -4.8443
v  1.2570 -5.7998 -4.8978
v  1.4452 -5.5601 -4.9105
v  3.0637 -4.2714 -4.7583
v  3.5398 -3.9194 -4.7021
v  3.9798 -3.5516 -4.6423
v  3.3316 -6.2144 -3.7232
v  4.0598 -5.7035 -3.7142
v  4.6583 -5.2006 -3.6907
v  5.1923 -4.6717 -3.6705
v  0.0000 -7.2330 -3.6574
v  0.8683 -7.1595 -3.6672
v  1.6895 -6.9666 -3.6891
v  2.5254 -6.6430 -3.7213
v  0.0866 6.8524 -1.3712
v  0.0900 7.1997 -0.5075
v  0.0000 7.2031 -0.4992
v  0.1761 6.8631 -1.3452
v  0.2541 6.8825 -1.3007
v  0.4412 7.0273 -0.9484
v  0.4327 7.0638 -0.8544
v  0.1648 7.1908 -0.5291
v  0.2412 7.1742 -0.5706
v  0.3192 7.1493 -0.6322
v  0.3692 7.1244 -0.6970
v  0.4122 7.0933 -0.7775
v  0.4305 6.9902 -1.0421
v  0.3623 6.9270 -1.1960
v  0.4014 6.9560 -1.1264
v  0.3023 6.8983 -1.2636
v  0.0866 7.1784 -1.3712
v  0.1761 7.1892 -1.3452
v  0.4327 7.3899 -0.8544
v  0.4122 7.4193 -0.7775
v  0.4412 7.3534 -0.9484
v  0.3692 7.4505 -0.6970
v  0.3192 7.4754 -0.6322
v  0.2412 7.5002 -0.5706
v  0.1648 7.5169 -0.5291
v  0.0900 7.5257 -0.5075
v  0.0000 7.5292 -0.4992
v  0.3023 7.2244 -1.2636
v  0.3623 7.2530 -1.1960
v  0.2541 7.2086 -1.3007
v  0.4014 7.2821 -1.1264
v  0.4305 7.3162 -1.0421
v  0.3611 -3.4601 -4.9682
v  0.6892 -3.5958 -4.9669
v  0.6370 -3.6595 -5.0118
v  0.3364 -3.5390 -5.0131
v  1.1496 -3.9815 -4.9483
v  1.2988 -4.2274 -4.9410
v  1.2197 -4.2545 -4.9866
v  1.0833 -4.0325 -4.9937
v  0.2873 -6.2456 -4.8643
v  0.0000 -6.2836 -4.8534
v  0.0000 -6.2469 -4.8811
v  0.2773 -6.2092 -4.8921
v  0.5776 -6.1227 -4.8971
v  0.5561 -6.0820 -4.9302
v  0.8614 -5.9261 -4.9320
v  0.8230 -5.8831 -4.9699
v  1.0868 -5.6879 -4.9549
v  1.0275 -5.6508 -4.9955
v  1.4119 -5.1201 -4.9254
v  1.2631 -5.4252 -4.9570
v  1.1923 -5.3859 -5.0017
v  1.3276 -5.0870 -4.9729
v  0.9553 -3.7751 -4.9566
v  0.8956 -3.8332 -5.0019
v  0.0000 -3.4153 -4.9695
v  0.0000 -3.4975 -5.0149
v  1.3846 -4.4724 -4.9366
v  1.3056 -4.4868 -4.9811
v  1.4339 -4.7878 -4.9294
v  1.3526 -4.7792 -4.9739
v  0.4053 -4.0267 -6.9397
v  0.6141 -3.6214 -6.9397
v  0.3057 -3.5089 -6.9397
v  0.2020 -3.9525 -6.9397
v  0.8016 -4.4451 -6.9397
v  1.2153 -4.2548 -6.9397
v  1.0892 -4.0359 -6.9397
v  0.7189 -4.3011 -6.9397
v  0.1843 -5.6717 -6.9397
v  0.2806 -6.1161 -6.9397
v  0.5624 -6.0218 -6.9397
v  0.3706 -5.6091 -6.9397
v  0.8196 -5.8660 -6.9397
v  0.5386 -5.5073 -6.9397
v  1.0374 -5.6536 -6.9397
v  0.6830 -5.3677 -6.9397
v  0.7969 -5.1853 -6.9397
v  1.2089 -5.3795 -6.9397
v  1.3116 -5.0699 -6.9397
v  0.8646 -4.9815 -6.9397
v  0.8968 -3.8195 -6.9397
v  0.5920 -4.1579 -6.9397
v  0.0000 -3.4728 -6.9397
v  0.0000 -3.9523 -6.9397
v  0.8569 -4.6060 -6.9397
v  1.2997 -4.4990 -6.9397
v  1.3361 -4.7758 -6.9397
v  0.8809 -4.7888 -6.9397
v  1.6137 7.7219 -0.1239
v  1.6537 7.7162 -0.1228
v  1.6538 7.7756 -0.0552
v  1.6238 7.7771 -0.0578
v  1.6461 7.9310 -0.0001
v  0.0000 8.4453 -0.0000
v  0.6766 8.3776 -0.0000
v  1.0779 8.3788 0.0000
v  1.6269 8.0001 -0.0000
v  1.3655 8.1238 0.0002
v  1.2491 8.1772 0.0000
v  1.2488 8.1680 -0.0037
v  0.6691 8.3648 -0.0000
v  0.0000 8.4357 -0.0000
v  0.6669 8.3574 -0.0023
v  0.5127 8.3261 -1.6418
v  1.3301 7.9867 -1.4988
v  1.1765 7.8677 -2.0175
v  0.5541 8.3817 -1.3511
v  0.0000 8.4263 -1.3688
v  1.0791 -3.8005 -5.7145
v  0.9952 -3.7760 -6.1990
v  0.8759 -3.6843 -6.4425
v  0.9431 -3.7399 -6.3637
v  0.6556 -3.5179 -6.5055
v  0.7749 -3.5976 -6.4907
v  1.1609 -3.8507 -5.5154
v  1.0876 -3.8041 -5.6690
v  0.3212 -3.4013 -6.5023
v  0.5909 -3.4928 -6.5073
v  1.2900 -3.9557 -5.4242
v  1.4022 -4.1663 -5.4189
v  1.5049 -4.4411 -5.4048
v  1.5462 -4.7532 -5.4027
v  1.5264 -5.0821 -5.3958
v  0.0000 -6.3449 -5.4110
v  0.3113 -6.3051 -5.4214
v  0.6496 -6.2067 -5.4185
v  0.9551 -6.0213 -5.4327
v  1.2170 -5.7640 -5.4293
v  1.4036 -5.4594 -5.4091
v  1.0158 -3.8174 -6.1990
v  1.0976 -3.8398 -5.7158
v  0.9857 -3.7732 -6.2535
v  1.1189 -3.8712 -5.7192
v  1.0455 -3.8566 -6.1991
v  0.9790 5.8216 -4.5313
v  1.1120 5.3224 -4.0006
v  1.1139 5.8066 -3.5861
v  0.9788 6.3030 -4.1336
v  1.1733 6.6193 -2.6608
v  1.2550 6.9371 -2.1753
v  1.0564 7.6195 -2.5082
v  0.9722 7.3116 -3.0392
v  1.4141 7.3922 -1.2474
v  1.4608 7.4898 -0.9878
v  1.4160 7.9706 -1.1933
v  1.3368 7.9373 -1.4792
v  1.3326 7.1826 -1.7201
v  1.1924 7.8076 -1.9870
v  1.6099 7.9235 -0.0105
v  1.6146 7.7843 -0.0639
v  1.6172 7.7795 -0.0600
v  1.5901 7.9789 -0.0125
v  1.5866 7.9945 -0.0781
v  1.6074 7.9388 -0.0781
v  1.5493 8.0172 -0.0123
v  1.4230 8.0937 -0.0784
v  1.5422 8.0337 -0.0781
v  1.2335 8.1759 -0.0781
v  0.6656 8.3573 -0.0792
v  0.6504 8.3654 -0.1927
v  1.2095 8.2005 -0.1923
v  0.0000 8.4262 -0.0792
v  0.0000 8.4262 -0.1927
v  1.6003 7.7056 -0.1676
v  1.5910 7.6869 -0.2242
v  1.5968 7.6839 -0.2242
v  1.5974 7.7575 -0.1928
v  1.6083 7.8086 -0.1123
v  1.6104 7.8970 -0.0792
v  1.6006 7.9167 -0.2244
v  1.0854 -0.4582 -5.4790
v  1.0933 0.5260 -5.4187
v  1.0888 0.0340 -5.4512
v  1.3795 -1.4876 -5.2834
v  1.3623 -0.9505 -5.2665
v  1.4216 -3.2947 -5.3447
v  1.4085 -2.7211 -5.3247
v  1.1913 -2.7210 -5.4120
v  1.1941 -3.2845 -5.4338
v  1.0990 1.5332 -5.3510
v  1.0957 1.0299 -5.3877
v  1.1128 3.6455 -4.8982
v  1.2268 2.6041 -5.0969
v  1.1338 4.1003 -4.6640
v  1.1157 4.1123 -4.6964
v  1.1213 5.2919 -3.9619
v  1.1293 5.2811 -3.9505
v  1.1272 5.7655 -3.5444
v  1.1228 5.7729 -3.5502
v  1.2676 6.8947 -2.1521
v  1.1874 6.5793 -2.6340
v  1.4639 7.4426 -0.9715
v  1.4207 7.3459 -1.2297
v  1.4398 8.0867 0.0002
v  1.2459 8.1673 -0.0121
v  0.6650 8.3547 -0.0103
v  1.3424 7.1380 -1.6996
v  1.5976 7.7126 -0.1691
v  1.5409 7.5859 -0.5299
v  1.5378 7.5914 -0.5306
v  4.2264 -5.9563 -4.2321
v  3.4858 -6.4636 -4.2997
v  4.8975 -5.4115 -4.1493
v  5.4688 -4.8714 -4.0724
v  2.5864 -6.9600 -4.3334
v  1.7736 -7.2862 -4.3320
v  1.1353 5.7621 -3.5418
v  0.9388 6.3898 -4.2297
v  0.9697 6.3360 -4.1700
v  0.3655 6.4723 -4.3225
v  0.6494 6.4726 -4.3212
v  0.7190 7.0182 -3.7840
v  0.8073 7.0044 -3.7763
v  0.8080 7.4925 -3.1687
v  0.7290 7.5080 -3.1818
v  0.9755 6.8111 -3.6283
v  1.1139 6.2379 -3.1431
v  1.1235 6.2006 -3.1111
v  6.8605 -1.3066 -4.1666
v  6.2266 -3.0224 -4.3360
v  6.4980 -2.4795 -4.2612
v  6.7049 -1.9096 -4.2079
v  3.9556 -5.5880 -4.7660
v  3.2643 -6.1151 -4.8167
v  4.5814 -5.0463 -4.6864
v  5.1268 -4.5224 -4.5923
v  2.7725 -6.4444 -4.8264
v  2.3430 -6.6955 -4.8174
v  1.5966 -7.0300 -4.7986
v  1.1426 5.2750 -3.9471
v  0.9381 5.9067 -4.6313
v  0.9699 5.8512 -4.5706
v  0.3651 5.9841 -4.7272
v  0.6481 5.9843 -4.7253
v  7.4966 0.7635 -3.7135
v  7.3220 1.4653 -3.7000
v  6.7141 2.6919 -3.6602
v  7.0625 2.0997 -3.6827
v  6.3352 3.1853 -3.6377
v  5.8878 3.6478 -3.6120
v  5.3992 4.0528 -3.5886
v  4.8660 4.4276 -3.5710
v  4.2426 4.7980 -3.5529
v  3.6174 5.1053 -3.5370
v  2.8839 5.3942 -3.5219
v  2.1656 5.5999 -3.5187
v  6.9217 0.7071 -4.1357
v  6.7571 1.3743 -4.1203
v  6.1977 2.5013 -4.0759
v  6.5199 1.9587 -4.0990
v  5.8544 2.9682 -4.0421
v  5.4333 3.4069 -4.0103
v  4.9922 3.7815 -3.9767
v  4.5043 4.1248 -3.9546
v  3.9157 4.4662 -3.9366
v  3.3435 4.7478 -3.9155
v  2.6697 5.0014 -3.9035
v  1.9857 5.1865 -3.9017
v  1.1198 4.8878 -4.2531
v  0.8841 5.9505 -4.6771
v  0.8071 5.3982 -5.1061
v  0.8808 5.3717 -5.0744
v  1.2235 4.0905 -4.6454
v  1.7210 4.0770 -4.6093
v  2.3002 3.9676 -4.5945
v  2.7727 3.7853 -4.6065
v  3.1751 3.5715 -4.6305
v  3.6717 3.3031 -4.6435
v  5.4956 0.0342 -4.8398
v  5.4721 -0.5190 -4.8430
v  5.3949 -1.0517 -4.8557
v  5.2590 -1.5567 -4.8809
v  5.4439 0.5824 -4.8387
v  5.1119 -2.0179 -4.9058
v  4.9126 -2.3852 -4.9449
v  4.9590 -3.0169 -4.9207
v  4.7739 -2.9079 -4.9603
v  4.6619 -3.3548 -4.9823
v  4.4937 -3.2288 -5.0123
v  4.3138 -3.7029 -5.0461
v  4.1575 -3.5546 -5.0662
v  1.1736 4.0902 -4.6488
v  0.9440 4.3087 -5.5396
v  0.9700 4.2893 -5.4703
v  0.3662 4.3424 -5.6737
v  0.6486 4.3409 -5.6706
v  0.7245 4.9093 -5.4021
v  0.8143 4.9004 -5.3865
v  0.7221 5.4099 -5.1168
v  0.9791 4.2701 -5.4250
v  1.1065 4.1336 -4.7407
v  1.1177 4.5085 -4.4870
v  2.7555 -4.9005 -5.2410
v  2.6944 -4.6239 -5.2434
v  3.0433 -5.7278 -5.1105
v  2.5557 -6.0713 -5.1318
v  1.3974 -6.7281 -5.1058
v  0.7329 -6.9585 -5.0637
v  2.0797 -6.3695 -5.1343
v  0.0000 -7.0734 -5.0267
v  1.4716 -3.2939 -5.3422
v  1.9193 -3.4061 -5.3218
v  1.7734 -2.7228 -5.3104
v  1.4584 -2.7201 -5.3226
v  2.9684 -2.1901 -5.2325
v  2.5271 -2.4978 -5.2657
v  2.4717 1.0415 -5.1894
v  2.5098 0.5290 -5.2030
v  2.2220 2.0849 -5.1205
v  2.4060 1.5478 -5.1645
v  2.0109 -1.4868 -5.2586
v  2.0158 -2.1375 -5.2791
v  2.0453 -0.4582 -5.2266
v  2.0305 -0.9501 -5.2398
v  2.0942 -2.6882 -5.2948
v  2.2922 -3.1873 -5.2971
v  1.9216 2.1205 -5.1340
v  0.9785 -3.2715 -6.1822
v  1.0654 -3.2729 -5.6895
v  0.8123 -3.2325 -6.4172
v  0.8880 -3.2493 -6.3732
v  0.9791 2.0752 -5.9701
v  1.0947 2.0922 -5.3388
v  1.1036 2.0853 -5.2901
v  1.1605 2.0854 -5.1991
v  0.9432 2.0842 -6.0933
v  0.9701 2.0797 -6.0191
v  0.3660 2.0868 -6.2252
v  0.6502 2.0870 -6.2253
v  0.9695 -2.7209 -6.2120
v  0.9396 -3.2618 -6.3117
v  0.9699 -3.2697 -6.2315
v  0.7260 2.6216 -6.1602
v  0.7268 3.2569 -6.0303
v  1.2476 2.0856 -5.1691
v  1.0764 -2.7209 -5.6101
v  1.1902 -2.1333 -5.3855
v  1.0794 -2.1328 -5.5716
v  1.3962 -2.1328 -5.3048
v  1.7089 -0.9499 -5.2526
v  1.4122 -0.9489 -5.2644
v  0.6494 -1.4877 -6.3661
v  0.6489 -2.1334 -6.3905
v  0.9696 -1.4877 -6.1633
v  0.9696 -2.1335 -6.1887
v  0.0000 2.0868 -6.2254
v  0.7234 1.5329 -6.2562
v  0.7252 2.0868 -6.2250
v  2.0476 0.0345 -5.2253
v  2.5253 0.0346 -5.2051
v  3.0314 0.0350 -5.1799
v  0.9696 -0.9505 -6.1427
v  0.6495 -0.9506 -6.3464
v  0.7241 -0.4593 -6.3285
v  0.7240 0.0328 -6.3106
v  0.7238 0.5254 -6.2931
v  0.7230 1.0292 -6.2749
v  0.6484 -2.7208 -6.4127
v  0.3314 -3.0732 -6.4240
v  0.6488 -3.1996 -6.4310
v  2.8386 -5.2547 -5.2478
v  2.1440 -5.6626 -5.3098
v  3.6898 -3.9345 -5.1301
v  3.8306 -4.1249 -5.1149
v  3.1467 -4.3072 -5.1966
v  3.2695 -4.5260 -5.1833
v  4.0036 3.0697 -4.6623
v  5.3156 1.1183 -4.8252
v  5.1618 1.5307 -4.8043
v  4.6285 2.4359 -4.7300
v  4.9487 1.9403 -4.7784
v  4.2785 2.8036 -4.6962
v  0.7236 4.3406 -5.6699
v  1.6881 3.8321 -4.7193
v  2.1898 3.7094 -4.7199
v  2.6563 3.5812 -4.7108
v  3.0164 3.3887 -4.7320
v  5.2185 0.0358 -4.9209
v  4.9657 -1.4835 -4.9627
v  4.8298 -1.9133 -4.9834
v  4.6241 -2.2434 -5.0203
v  4.5918 -2.8027 -5.0064
v  4.3409 -2.6351 -5.0669
v  4.3263 -3.1046 -5.0519
v  4.0821 -2.9591 -5.1052
v  4.0040 -3.4062 -5.1012
v  9.7147 -0.9803 -0.2241
v  9.7932 0.0006 -0.2242
v  9.5187 -1.8589 -0.2243
v  9.2313 -2.6528 -0.2241
v  8.8628 -3.3829 -0.2240
v  8.4190 -4.0515 -0.2242
v  7.8907 -4.6740 -0.2240
v  7.2889 -5.2357 -0.2234
v  6.5997 -5.7782 -0.2236
v  5.7974 -6.3131 -0.2235
v  4.9471 -6.7835 -0.2231
v  4.0105 -7.2002 -0.2226
v  3.0533 -7.5263 -0.2221
v  2.0427 -7.7706 -0.2219
v  1.0276 -7.9168 -0.2226
v  9.7187 0.9818 -0.2242
v  9.5209 1.8605 -0.2242
v  9.2276 2.6524 -0.2242
v  8.8494 3.3774 -0.2242
v  8.3946 4.0373 -0.2242
v  7.8564 4.6447 -0.2242
v  7.2475 5.1915 -0.2242
v  6.5621 5.7088 -0.2242
v  5.7404 6.2334 -0.2242
v  4.8943 6.6801 -0.2242
v  3.9504 7.0805 -0.2242
v  2.9863 7.3919 -0.2242
v  1.5478 7.5831 -0.5299
v  1.5884 7.6941 -0.2242
v  1.5621 8.0108 -0.5305
v  1.5367 8.0782 -0.5304
v  1.4102 8.0210 -1.2166
v  1.4779 8.1217 -0.5305
v  1.3508 8.1703 -0.5305
v  1.1510 8.2457 -0.5304
v  0.6239 8.3796 -0.5303
v  1.5391 7.6387 -0.5468
v  1.5616 7.9599 -0.5306
v  0.8775 7.4605 -3.1425
v  1.0436 7.6641 -2.5272
v  1.0744 -3.2756 -5.6404
v  0.9780 -3.6357 -6.1990
v  1.0641 -3.6643 -5.7090
v  0.8173 -3.3863 -6.4211
v  0.8889 -3.5009 -6.3821
v  0.9378 -3.5729 -6.3270
v  0.9700 -3.6254 -6.2439
v  1.4275 -3.7439 -5.3505
v  0.0000 0.0317 -6.3105
v  0.0000 -0.4604 -6.3283
v  0.0000 1.0288 -6.2748
v  0.0000 0.5248 -6.2930
v  0.0000 3.2571 -6.0332
v  0.0000 5.4196 -5.1188
v  0.0000 4.9162 -5.4038
v  0.0000 7.0079 -3.7935
v  0.0000 5.9851 -4.7278
v  0.0000 -3.0358 -6.4218
v  0.0000 -5.6850 -5.4470
v  0.0000 -5.6850 -6.9329
v  0.0000 -5.6920 -6.9397
v  0.0000 -6.1479 -6.9397
v  0.3072 -3.5021 -6.9397
v  0.6174 -3.6151 -6.9397
v  1.0949 -4.0318 -6.9397
v  1.2216 -4.2519 -6.9397
v  0.2821 -6.1229 -6.9397
v  0.5653 -6.0282 -6.9397
v  0.8239 -5.8716 -6.9397
v  1.0428 -5.6580 -6.9397
v  1.3185 -5.0713 -6.9397
v  1.2152 -5.3825 -6.9397
v  0.9015 -3.8143 -6.9397
v  1.3065 -4.4974 -6.9397
v  1.3431 -4.7756 -6.9397
v  0.4021 -4.0329 -6.9397
v  0.2004 -3.9593 -6.9397
v  0.7953 -4.4480 -6.9397
v  0.7132 -4.3051 -6.9397
v  0.1877 -5.6538 -6.9397
v  0.3677 -5.6028 -6.9397
v  0.5343 -5.5018 -6.9397
v  0.6776 -5.3633 -6.9397
v  0.7906 -5.1823 -6.9397
v  0.8577 -4.9802 -6.9397
v  0.5873 -4.1631 -6.9397
v  0.8501 -4.6077 -6.9397
v  0.8739 -4.7890 -6.9397
v  1.0588 -3.8719 -6.1992
v  1.6018 7.9624 -0.1928
v  1.5791 8.0206 -0.1928
v  1.5304 8.0611 -0.1927
v  1.4080 8.1177 -0.1929
v  1.5931 7.7468 -0.2244
v  0.9701 -3.6837 -6.2460
v  0.9739 -3.7293 -6.2487
v  0.7236 -3.2896 -6.4349
v  0.6439 -3.2623 -6.4333
v  0.3214 -3.1515 -6.4268
v  2.6260 -4.3457 -5.2588
v  3.5515 -3.7442 -5.1610
v  3.0050 -4.1018 -5.2223
v  2.1842 -3.6967 -5.3048
v  2.4281 -3.9988 -5.2836
v  0.7238 -3.2146 -6.4321
v  0.7245 3.7940 -5.8729
v  1.3366 8.1513 -0.1928
v  1.2756 8.1993 -0.5305
v  1.3520 8.1290 -0.0781
v  0.0000 1.1264 -4.7698
v  1.2579 8.2044 0.0000
v  0.0000 -3.1887 -4.9267
v  0.4074 -3.2347 -4.9253
v  2.5423 -0.2459 -4.7520
v  2.5000 -0.4747 -4.7570
v  1.4146 -1.9313 -4.8484
v  1.6319 -1.7677 -4.8340
v  1.8288 -1.5943 -4.8199
v  1.9942 -1.4217 -4.8064
v  2.1350 -1.2486 -4.7934
v  2.2538 -1.0699 -4.7817
v  2.3558 -0.8788 -4.7722
v  2.4380 -0.6818 -4.7641
v  0.4023 -4.0325 -5.4396
v  0.2004 -3.9593 -5.4441
v  0.7969 -4.4473 -5.4384
v  0.7141 -4.3047 -5.4392
v  0.0000 -5.6850 -5.4400
v  0.1832 -5.6647 -5.4399
v  0.3687 -5.6043 -5.4385
v  0.5355 -5.5042 -5.4372
v  0.6791 -5.3648 -5.4377
v  0.7918 -5.1832 -5.4384
v  0.8597 -4.9804 -5.4381
v  0.5882 -4.1622 -5.4388
v  0.0000 -3.9339 -5.4389
v  0.8522 -4.6070 -5.4380
v  0.8752 -4.7892 -5.4388
v  1.5538 8.0258 0.0001
v  1.5520 8.0206 -0.0041
v  0.8911 4.8793 -5.3457
v  0.8827 6.9678 -3.7519
v  0.8864 6.4315 -4.2760
v  1.5752 8.0540 0.0000
v  1.4558 8.1178 0.0000
v  1.3813 8.1589 0.0000
v  -7.2807 -0.7660 -3.2762
v  -7.3144 -1.4654 -3.1431
v  -5.8471 -4.2976 -3.2556
v  -6.2437 -3.7858 -3.2283
v  -6.5914 -3.2463 -3.2008
v  -6.8906 -2.6740 -3.1768
v  -7.1307 -2.0845 -3.1576
v  7.3144 -1.4654 -3.1431
v  5.8471 -4.2976 -3.2556
v  6.2438 -3.7858 -3.2282
v  6.5914 -3.2463 -3.2008
v  6.8906 -2.6740 -3.1768
v  7.1306 -2.0844 -3.1575
v  -6.8270 -0.0067 -3.6552
v  -6.7875 -0.7154 -3.6645
v  -6.6863 -1.3442 -3.6881
v  -5.4233 -4.0117 -3.9310
v  -5.7752 -3.5169 -3.8694
v  -6.0755 -3.0038 -3.8142
v  -6.3308 -2.4659 -3.7643
v  -6.5337 -1.9167 -3.7223
v  -6.7585 0.7145 -3.6497
v  -6.5910 1.3314 -3.6363
v  -0.6801 5.1561 -3.4518
v  -6.0598 2.3654 -3.6001
v  -6.3554 1.8770 -3.6190
v  -5.7182 2.8013 -3.5805
v  -5.3168 3.2075 -3.5594
v  -4.8787 3.5647 -3.5405
v  -4.3967 3.8965 -3.5240
v  -3.8357 4.2237 -3.5063
v  -3.2736 4.4966 -3.4905
v  -2.6159 4.7522 -3.4748
v  -1.9560 4.9458 -3.4634
v  -1.3154 5.0783 -3.4561
v  6.7875 -0.7154 -3.6645
v  6.8270 -0.0067 -3.6552
v  6.6863 -1.3442 -3.6880
v  5.4225 -4.0111 -3.9301
v  5.7744 -3.5165 -3.8685
v  6.0749 -3.0036 -3.8135
v  6.3304 -2.4658 -3.7638
v  6.5336 -1.9167 -3.7222
v  6.7585 0.7145 -3.6498
v  6.5911 1.3314 -3.6364
v  0.6801 5.1559 -3.4516
v  0.0000 5.1840 -3.4506
v  6.3555 1.8770 -3.6191
v  6.0599 2.3655 -3.6003
v  5.7183 2.8014 -3.5807
v  5.3169 3.2075 -3.5595
v  4.8787 3.5647 -3.5405
v  4.3967 3.8965 -3.5240
v  3.8357 4.2237 -3.5063
v  3.2736 4.4967 -3.4905
v  2.6159 4.7522 -3.4748
v  1.9560 4.9457 -3.4633
v  1.3154 5.0782 -3.4561
v  -7.3312 -0.0090 -3.2750
v  -5.7503 -4.2412 -3.4356
v  -6.1365 -3.7289 -3.3985
v  -6.4713 -3.1934 -3.3643
v  -6.7587 -2.6278 -3.3341
v  -6.9890 -2.0468 -3.3097
v  -7.2576 0.7595 -3.2701
v  -7.0792 1.4152 -3.2601
v  -6.5137 2.5168 -3.2333
v  -6.1492 2.9815 -3.2196
v  -5.7197 3.4159 -3.2048
v  -5.2516 3.8007 -3.1895
v  -4.7348 4.1593 -3.1769
v  -4.1318 4.5153 -3.1644
v  -3.5281 4.8114 -3.1522
v  -2.8199 5.0905 -3.1395
v  -2.1088 5.3019 -3.1310
v  -1.4192 5.4474 -3.1253
v  -4.1131 -5.7743 -3.5141
v  -3.3817 -6.2672 -3.5184
v  -4.7298 -5.2741 -3.4974
v  -5.2814 -4.7448 -3.4822
v  -0.8831 -7.1864 -3.4714
v  -1.7305 -6.9982 -3.4902
v  -2.5827 -6.6833 -3.5180
v  7.1648 -1.4380 -3.2910
v  0.7337 5.5306 -3.1265
v  6.8286 1.9961 -3.2476
v  3.3815 -6.2669 -3.5183
v  4.1126 -5.7737 -3.5136
v  4.7293 -5.2736 -3.4969
v  5.2811 -4.7446 -3.4820
v  0.0000 -7.2567 -3.4624
v  0.8830 -7.1859 -3.4714
v  1.7300 -6.9961 -3.4897
v  2.5813 -6.6800 -3.5168
v  -7.1648 -1.4380 -3.2910
v  -0.7337 5.5306 -3.1266
v  -6.8285 1.9961 -3.2476
v  7.3317 -0.0090 -3.2754
v  5.7500 -4.2410 -3.4353
v  6.1362 -3.7287 -3.3981
v  6.4711 -3.1933 -3.3640
v  6.7585 -2.6277 -3.3339
v  6.9889 -2.0467 -3.3095
v  7.2577 0.7595 -3.2702
v  7.0794 1.4153 -3.2604
v  0.0000 5.5589 -3.1281
v  6.5138 2.5169 -3.2335
v  6.1494 2.9816 -3.2198
v  5.7198 3.4160 -3.2050
v  5.2516 3.8007 -3.1895
v  4.7348 4.1594 -3.1770
v  4.1318 4.5153 -3.1644
v  3.5281 4.8114 -3.1522
v  2.8199 5.0905 -3.1395
v  2.1088 5.3019 -3.1310
v  1.4192 5.4473 -3.1252
v  -0.0000 -4.9430 -5.1642
v  -0.0000 -5.0780 -5.1747
v  -0.0000 -5.2146 -5.1916
v  -0.0000 -5.3524 -5.2150
v  -0.0000 -5.4909 -5.2454
v  -0.0000 -5.5655 -5.2646
v  -0.0000 -5.5748 -5.2702
v  -0.0000 -5.5797 -5.2789
v  -0.0000 -5.5799 -5.2892
v  -0.0000 -5.5763 -5.3023
v  -0.0000 -5.5729 -5.3078
v  -0.0000 -5.5665 -5.3100
v  -0.0000 -5.4863 -5.3100
v  -0.0000 -5.4794 -5.3130
v  -0.0000 -5.4765 -5.3198
v  -0.0000 -5.4766 -5.4029
v  -0.0000 -5.4803 -5.4091
v  -0.0000 -5.4864 -5.4129
v  -0.0000 -5.5216 -5.4129
v  -0.0000 -5.5334 -5.4131
v  -0.0000 -5.5398 -5.4153
v  -0.0000 -5.5433 -5.4255
v  -0.0000 -5.5400 -5.4395
v  -0.0000 -5.4350 -5.3299
v  -0.0000 -5.4307 -5.3078
v  -0.0000 -5.4178 -5.2880
v  -0.0000 -5.3974 -5.2744
v  -0.0000 -5.3751 -5.2700
v  0.0130 -4.9424 -5.1642
v  0.0262 -5.0767 -5.1747
v  0.0396 -5.2126 -5.1916
v  0.0531 -5.3497 -5.2150
v  0.0667 -5.4876 -5.2454
v  0.0740 -5.5619 -5.2646
v  0.0749 -5.5712 -5.2701
v  0.0754 -5.5761 -5.2789
v  0.0754 -5.5761 -5.2892
v  0.0751 -5.5726 -5.3023
v  0.0747 -5.5692 -5.3077
v  0.0741 -5.5629 -5.3100
v  0.0663 -5.4831 -5.3100
v  0.0656 -5.4761 -5.3129
v  0.0653 -5.4732 -5.3198
v  0.0653 -5.4734 -5.4029
v  0.0657 -5.4771 -5.4091
v  0.0663 -5.4832 -5.4129
v  0.0697 -5.5181 -5.4129
v  0.0709 -5.5299 -5.4131
v  0.0715 -5.5363 -5.4153
v  0.0718 -5.5397 -5.4255
v  0.0715 -5.5365 -5.4395
v  0.0612 -5.4319 -5.3299
v  0.0608 -5.4277 -5.3078
v  0.0595 -5.4148 -5.2880
v  0.0575 -5.3946 -5.2744
v  0.0554 -5.3724 -5.2700
v  0.0259 -4.9405 -5.1642
v  0.0523 -5.0728 -5.1747
v  0.0789 -5.2068 -5.1916
v  0.1058 -5.3419 -5.2150
v  0.1328 -5.4778 -5.2454
v  0.1474 -5.5510 -5.2646
v  0.1492 -5.5602 -5.2701
v  0.1502 -5.5651 -5.2788
v  0.1501 -5.5649 -5.2892
v  0.1494 -5.5615 -5.3023
v  0.1488 -5.5582 -5.3077
v  0.1476 -5.5520 -5.3100
v  0.1319 -5.4733 -5.3100
v  0.1305 -5.4665 -5.3129
v  0.1300 -5.4636 -5.3198
v  0.1300 -5.4638 -5.4029
v  0.1307 -5.4674 -5.4091
v  0.1319 -5.4734 -5.4129
v  0.1388 -5.5079 -5.4129
v  0.1411 -5.5195 -5.4131
v  0.1423 -5.5258 -5.4153
v  0.1430 -5.5292 -5.4255
v  0.1424 -5.5260 -5.4395
v  0.1219 -5.4229 -5.3299
v  0.1210 -5.4187 -5.3078
v  0.1185 -5.4060 -5.2880
v  0.1146 -5.3861 -5.2744
v  0.1102 -5.3642 -5.2700
v  0.0386 -4.9373 -5.1642
v  0.0778 -5.0665 -5.1747
v  0.1174 -5.1972 -5.1916
v  0.1574 -5.3290 -5.2150
v  0.1976 -5.4616 -5.2454
v  0.2193 -5.5330 -5.2646
v  0.2219 -5.5417 -5.2703
v  0.2233 -5.5461 -5.2790
v  0.2235 -5.5469 -5.2892
v  0.2224 -5.5434 -5.3024
v  0.2214 -5.5399 -5.3077
v  0.2196 -5.5339 -5.3099
v  0.1963 -5.4572 -5.3100
v  0.1943 -5.4505 -5.3129
v  0.1934 -5.4477 -5.3198
v  0.1935 -5.4479 -5.4029
v  0.1945 -5.4514 -5.4091
v  0.1963 -5.4573 -5.4129
v  0.2065 -5.4909 -5.4129
v  0.2100 -5.5023 -5.4131
v  0.2118 -5.5084 -5.4153
v  0.2128 -5.5117 -5.4255
v  0.2119 -5.5086 -5.4395
v  0.1814 -5.4080 -5.3299
v  0.1801 -5.4039 -5.3078
v  0.1764 -5.3915 -5.2880
v  0.1705 -5.3721 -5.2744
v  0.1640 -5.3507 -5.2700
v  0.0509 -4.9329 -5.1642
v  0.1025 -5.0576 -5.1747
v  0.1548 -5.1838 -5.1916
v  0.2075 -5.3111 -5.2150
v  0.2605 -5.4390 -5.2454
v  0.2891 -5.5080 -5.2646
v  0.2926 -5.5164 -5.2703
v  0.2944 -5.5207 -5.2790
v  0.2947 -5.5214 -5.2892
v  0.2933 -5.5181 -5.3024
v  0.2919 -5.5147 -5.3077
v  0.2895 -5.5089 -5.3099
v  0.2588 -5.4349 -5.3100
v  0.2561 -5.4284 -5.3129
v  0.2550 -5.4257 -5.3198
v  0.2551 -5.4259 -5.4029
v  0.2565 -5.4293 -5.4091
v  0.2588 -5.4350 -5.4129
v  0.2723 -5.4674 -5.4129
v  0.2768 -5.4783 -5.4131
v  0.2793 -5.4843 -5.4153
v  0.2806 -5.4875 -5.4255
v  0.2793 -5.4845 -5.4395
v  0.2391 -5.3873 -5.3299
v  0.2375 -5.3834 -5.3078
v  0.2325 -5.3715 -5.2880
v  0.2248 -5.3527 -5.2744
v  0.2162 -5.3321 -5.2700
v  0.0627 -4.9273 -5.1642
v  0.1263 -5.0463 -5.1747
v  0.1907 -5.1668 -5.1916
v  0.2556 -5.2883 -5.2150
v  0.3209 -5.4105 -5.2454
v  0.3561 -5.4763 -5.2646
v  0.3604 -5.4844 -5.2703
v  0.3626 -5.4884 -5.2790
v  0.3630 -5.4891 -5.2892
v  0.3613 -5.4859 -5.3024
v  0.3595 -5.4827 -5.3077
v  0.3566 -5.4772 -5.3099
v  0.3188 -5.4065 -5.3100
v  0.3155 -5.4003 -5.3129
v  0.3141 -5.3977 -5.3198
v  0.3142 -5.3979 -5.4029
v  0.3159 -5.4012 -5.4091
v  0.3188 -5.4066 -5.4129
v  0.3354 -5.4376 -5.4129
v  0.3410 -5.4480 -5.4131
v  0.3440 -5.4536 -5.4153
v  0.3456 -5.4567 -5.4255
v  0.3441 -5.4538 -5.4395
v  0.2945 -5.3611 -5.3299
v  0.2925 -5.3574 -5.3078
v  0.2864 -5.3460 -5.2880
v  0.2769 -5.3281 -5.2744
v  0.2663 -5.3084 -5.2700
v  0.0739 -4.9206 -5.1642
v  0.1489 -5.0328 -5.1747
v  0.2247 -5.1464 -5.1916
v  0.3013 -5.2610 -5.2150
v  0.3782 -5.3761 -5.2454
v  0.4197 -5.4382 -5.2646
v  0.4248 -5.4458 -5.2703
v  0.4273 -5.4496 -5.2790
v  0.4278 -5.4503 -5.2892
v  0.4258 -5.4473 -5.3024
v  0.4238 -5.4442 -5.3077
v  0.4203 -5.4390 -5.3099
v  0.3757 -5.3724 -5.3100
v  0.3720 -5.3668 -5.3133
v  0.3702 -5.3641 -5.3198
v  0.3703 -5.3643 -5.4029
v  0.3724 -5.3673 -5.4091
v  0.3758 -5.3724 -5.4129
v  0.3953 -5.4017 -5.4129
v  0.4019 -5.4115 -5.4131
v  0.4054 -5.4168 -5.4153
v  0.4074 -5.4197 -5.4255
v  0.4056 -5.4170 -5.4395
v  0.3472 -5.3296 -5.3299
v  0.3448 -5.3261 -5.3078
v  0.3376 -5.3153 -5.2880
v  0.3263 -5.2984 -5.2744
v  0.3139 -5.2798 -5.2700
v  0.0844 -4.9128 -5.1642
v  0.1700 -5.0172 -5.1747
v  0.2566 -5.1228 -5.1916
v  0.3440 -5.2293 -5.2150
v  0.4319 -5.3363 -5.2454
v  0.4793 -5.3940 -5.2646
v  0.4851 -5.4011 -5.2703
v  0.4880 -5.4047 -5.2790
v  0.4885 -5.4053 -5.2892
v  0.4862 -5.4024 -5.3024
v  0.4839 -5.3996 -5.3077
v  0.4799 -5.3948 -5.3099
v  0.4290 -5.3328 -5.3100
v  0.4253 -5.3283 -5.3140
v  0.4228 -5.3253 -5.3198
v  0.4229 -5.3253 -5.4029
v  0.4252 -5.3281 -5.4091
v  0.4291 -5.3329 -5.4129
v  0.4514 -5.3601 -5.4129
v  0.4589 -5.3692 -5.4131
v  0.4630 -5.3741 -5.4153
v  0.4652 -5.3768 -5.4255
v  0.4631 -5.3743 -5.4395
v  0.3964 -5.2930 -5.3299
v  0.3938 -5.2898 -5.3078
v  0.3855 -5.2798 -5.2880
v  0.3726 -5.2641 -5.2744
v  0.3584 -5.2468 -5.2706
v  0.0940 -4.9041 -5.1642
v  0.1895 -4.9995 -5.1747
v  0.2861 -5.0961 -5.1915
v  0.3835 -5.1935 -5.2150
v  0.4814 -5.2915 -5.2454
v  0.5342 -5.3442 -5.2646
v  0.5407 -5.3507 -5.2703
v  0.5439 -5.3540 -5.2790
v  0.5445 -5.3545 -5.2892
v  0.5419 -5.3519 -5.3024
v  0.5393 -5.3494 -5.3077
v  0.5349 -5.3449 -5.3099
v  0.4782 -5.2883 -5.3100
v  0.4733 -5.2834 -5.3130
v  0.4713 -5.2814 -5.3198
v  0.4713 -5.2814 -5.4029
v  0.4739 -5.2840 -5.4091
v  0.4783 -5.2883 -5.4129
v  0.5031 -5.3132 -5.4129
v  0.5115 -5.3215 -5.4131
v  0.5160 -5.3261 -5.4153
v  0.5185 -5.3285 -5.4255
v  0.5162 -5.3262 -5.4395
v  0.4418 -5.2518 -5.3299
v  0.4389 -5.2490 -5.3078
v  0.4298 -5.2398 -5.2879
v  0.4154 -5.2254 -5.2743
v  0.3995 -5.2096 -5.2700
v  0.1028 -4.8944 -5.1642
v  0.2071 -4.9800 -5.1747
v  0.3127 -5.0667 -5.1915
v  0.4192 -5.1541 -5.2150
v  0.5263 -5.2419 -5.2454
v  0.5840 -5.2893 -5.2646
v  0.5910 -5.2951 -5.2703
v  0.5946 -5.2980 -5.2790
v  0.5952 -5.2985 -5.2892
v  0.5924 -5.2962 -5.3024
v  0.5896 -5.2939 -5.3077
v  0.5848 -5.2899 -5.3099
v  0.5228 -5.2391 -5.3100
v  0.5174 -5.2347 -5.3130
v  0.5152 -5.2328 -5.3198
v  0.5153 -5.2329 -5.4029
v  0.5181 -5.2352 -5.4091
v  0.5229 -5.2391 -5.4129
v  0.5500 -5.2614 -5.4129
v  0.5592 -5.2689 -5.4131
v  0.5641 -5.2730 -5.4153
v  0.5668 -5.2752 -5.4255
v  0.5643 -5.2731 -5.4395
v  0.4831 -5.2065 -5.3299
v  0.4798 -5.2038 -5.3078
v  0.4698 -5.1956 -5.2879
v  0.4541 -5.1827 -5.2744
v  0.4368 -5.1685 -5.2700
v  0.1106 -4.8839 -5.1642
v  0.2228 -4.9589 -5.1747
v  0.3364 -5.0348 -5.1915
v  0.4509 -5.1113 -5.2150
v  0.5661 -5.1883 -5.2454
v  0.6281 -5.2297 -5.2646
v  0.6357 -5.2348 -5.2703
v  0.6396 -5.2374 -5.2790
v  0.6402 -5.2378 -5.2892
v  0.6372 -5.2358 -5.3024
v  0.6342 -5.2338 -5.3077
v  0.6290 -5.2303 -5.3099
v  0.5623 -5.1858 -5.3100
v  0.5565 -5.1819 -5.3130
v  0.5541 -5.1803 -5.3198
v  0.5542 -5.1804 -5.4029
v  0.5573 -5.1824 -5.4091
v  0.5624 -5.1858 -5.4129
v  0.5916 -5.2053 -5.4129
v  0.6015 -5.2119 -5.4131
v  0.6068 -5.2155 -5.4153
v  0.6097 -5.2174 -5.4255
v  0.6070 -5.2156 -5.4395
v  0.5196 -5.1572 -5.3299
v  0.5161 -5.1549 -5.3078
v  0.5053 -5.1477 -5.2880
v  0.4884 -5.1364 -5.2744
v  0.4698 -5.1239 -5.2700
v  0.1173 -4.8727 -5.1642
v  0.2363 -4.9363 -5.1747
v  0.3568 -5.0007 -5.1915
v  0.4783 -5.0657 -5.2150
v  0.6004 -5.1310 -5.2454
v  0.6663 -5.1661 -5.2646
v  0.6743 -5.1705 -5.2703
v  0.6784 -5.1726 -5.2790
v  0.6791 -5.1730 -5.2892
v  0.6759 -5.1713 -5.3024
v  0.6727 -5.1696 -5.3077
v  0.6672 -5.1666 -5.3099
v  0.5965 -5.1288 -5.3100
v  0.5903 -5.1255 -5.3129
v  0.5877 -5.1242 -5.3198
v  0.5879 -5.1242 -5.4029
v  0.5911 -5.1260 -5.4091
v  0.5965 -5.1289 -5.4129
v  0.6275 -5.1454 -5.4129
v  0.6380 -5.1510 -5.4131
v  0.6436 -5.1540 -5.4153
v  0.6467 -5.1557 -5.4255
v  0.6438 -5.1541 -5.4395
v  0.5511 -5.1046 -5.3299
v  0.5474 -5.1026 -5.3078
v  0.5360 -5.0965 -5.2880
v  0.5180 -5.0869 -5.2744
v  0.4983 -5.0764 -5.2700
v  0.1229 -4.8609 -5.1642
v  0.2476 -4.9126 -5.1747
v  0.3738 -4.9648 -5.1915
v  0.5010 -5.0176 -5.2150
v  0.6290 -5.0706 -5.2454
v  0.6980 -5.0991 -5.2646
v  0.7066 -5.1027 -5.2701
v  0.7111 -5.1046 -5.2789
v  0.7111 -5.1046 -5.2892
v  0.7079 -5.1032 -5.3023
v  0.7048 -5.1019 -5.3077
v  0.6989 -5.0995 -5.3100
v  0.6248 -5.0688 -5.3100
v  0.6184 -5.0662 -5.3129
v  0.6157 -5.0650 -5.3198
v  0.6158 -5.0651 -5.4029
v  0.6192 -5.0665 -5.4091
v  0.6249 -5.0689 -5.4129
v  0.6574 -5.0823 -5.4129
v  0.6683 -5.0868 -5.4131
v  0.6742 -5.0893 -5.4153
v  0.6774 -5.0906 -5.4255
v  0.6744 -5.0894 -5.4395
v  0.5773 -5.0492 -5.3299
v  0.5734 -5.0475 -5.3078
v  0.5615 -5.0426 -5.2880
v  0.5427 -5.0348 -5.2744
v  0.5220 -5.0262 -5.2709
v  0.1273 -4.8486 -5.1642
v  0.2564 -4.8878 -5.1747
v  0.3871 -4.9274 -5.1915
v  0.5190 -4.9674 -5.2150
v  0.6515 -5.0077 -5.2454
v  0.7229 -5.0293 -5.2646
v  0.7319 -5.0320 -5.2701
v  0.7366 -5.0335 -5.2789
v  0.7366 -5.0335 -5.2892
v  0.7332 -5.0324 -5.3023
v  0.7300 -5.0314 -5.3077
v  0.7239 -5.0296 -5.3100
v  0.6472 -5.0063 -5.3100
v  0.6405 -5.0043 -5.3129
v  0.6377 -5.0035 -5.3198
v  0.6379 -5.0035 -5.4029
v  0.6414 -5.0046 -5.4091
v  0.6473 -5.0064 -5.4129
v  0.6809 -5.0166 -5.4129
v  0.6922 -5.0200 -5.4131
v  0.6984 -5.0219 -5.4153
v  0.7017 -5.0229 -5.4255
v  0.6986 -5.0219 -5.4395
v  0.5980 -4.9914 -5.3299
v  0.5939 -4.9902 -5.3078
v  0.5816 -4.9864 -5.2880
v  0.5621 -4.9805 -5.2744
v  0.5407 -4.9740 -5.2707
v  0.1304 -4.8360 -5.1642
v  0.2628 -4.8623 -5.1748
v  0.3968 -4.8889 -5.1915
v  0.5319 -4.9158 -5.2150
v  0.6678 -4.9428 -5.2454
v  0.7410 -4.9574 -5.2646
v  0.7501 -4.9592 -5.2701
v  0.7549 -4.9602 -5.2789
v  0.7550 -4.9602 -5.2892
v  0.7515 -4.9595 -5.3023
v  0.7482 -4.9588 -5.3078
v  0.7420 -4.9576 -5.3100
v  0.6633 -4.9420 -5.3100
v  0.6565 -4.9406 -5.3130
v  0.6536 -4.9400 -5.3198
v  0.6538 -4.9401 -5.4029
v  0.6574 -4.9408 -5.4091
v  0.6634 -4.9420 -5.4129
v  0.6979 -4.9488 -5.4129
v  0.7095 -4.9511 -5.4131
v  0.7158 -4.9524 -5.4153
v  0.7192 -4.9531 -5.4255
v  0.7160 -4.9524 -5.4395
v  0.6129 -4.9319 -5.3299
v  0.6088 -4.9311 -5.3078
v  0.5961 -4.9286 -5.2880
v  0.5761 -4.9246 -5.2744
v  0.5542 -4.9202 -5.2700
v  0.1323 -4.8230 -5.1642
v  0.2667 -4.8363 -5.1749
v  0.4026 -4.8497 -5.1915
v  0.5397 -4.8632 -5.2150
v  0.6776 -4.8767 -5.2454
v  0.7518 -4.8841 -5.2646
v  0.7611 -4.8850 -5.2701
v  0.7660 -4.8855 -5.2789
v  0.7661 -4.8855 -5.2892
v  0.7626 -4.8851 -5.3023
v  0.7592 -4.8848 -5.3078
v  0.7529 -4.8842 -5.3100
v  0.6731 -4.8763 -5.3100
v  0.6661 -4.8756 -5.3130
v  0.6633 -4.8753 -5.3198
v  0.6634 -4.8753 -5.4029
v  0.6670 -4.8757 -5.4091
v  0.6732 -4.8763 -5.4129
v  0.7081 -4.8798 -5.4129
v  0.7199 -4.8809 -5.4131
v  0.7263 -4.8815 -5.4153
v  0.7297 -4.8819 -5.4255
v  0.7265 -4.8816 -5.4395
v  0.6218 -4.8712 -5.3299
v  0.6177 -4.8708 -5.3078
v  0.6048 -4.8696 -5.2879
v  0.5846 -4.8676 -5.2744
v  0.5623 -4.8654 -5.2700
v  0.1330 -4.8100 -5.1642
v  0.2679 -4.8100 -5.1749
v  0.4046 -4.8100 -5.1915
v  0.5423 -4.8100 -5.2150
v  0.6809 -4.8100 -5.2454
v  0.7555 -4.8100 -5.2646
v  0.7646 -4.8100 -5.2703
v  0.7692 -4.8100 -5.2790
v  0.7700 -4.8100 -5.2892
v  0.7664 -4.8100 -5.3024
v  0.7628 -4.8100 -5.3077
v  0.7565 -4.8100 -5.3099
v  0.6763 -4.8100 -5.3100
v  0.6694 -4.8100 -5.3130
v  0.6666 -4.8100 -5.3198
v  0.6666 -4.8100 -5.4029
v  0.6703 -4.8100 -5.4091
v  0.6764 -4.8100 -5.4129
v  0.7115 -4.8100 -5.4129
v  0.7234 -4.8100 -5.4131
v  0.7298 -4.8100 -5.4153
v  0.7332 -4.8100 -5.4255
v  0.7300 -4.8100 -5.4395
v  0.6248 -4.8100 -5.3299
v  0.6208 -4.8100 -5.3077
v  0.6078 -4.8100 -5.2879
v  0.5874 -4.8100 -5.2743
v  0.5650 -4.8100 -5.2700
v  0.1323 -4.7970 -5.1642
v  0.2667 -4.7837 -5.1748
v  0.4026 -4.7703 -5.1915
v  0.5397 -4.7568 -5.2149
v  0.6776 -4.7433 -5.2454
v  0.7518 -4.7360 -5.2646
v  0.7612 -4.7350 -5.2700
v  0.7662 -4.7345 -5.2788
v  0.7661 -4.7345 -5.2892
v  0.7626 -4.7349 -5.3023
v  0.7592 -4.7352 -5.3078
v  0.7529 -4.7358 -5.3100
v  0.6731 -4.7437 -5.3100
v  0.6662 -4.7444 -5.3130
v  0.6633 -4.7447 -5.3198
v  0.6634 -4.7447 -5.4029
v  0.6670 -4.7443 -5.4091
v  0.6732 -4.7437 -5.4129
v  0.7081 -4.7403 -5.4129
v  0.7199 -4.7391 -5.4131
v  0.7263 -4.7385 -5.4153
v  0.7297 -4.7381 -5.4255
v  0.7265 -4.7384 -5.4395
v  0.6220 -4.7487 -5.3299
v  0.6177 -4.7492 -5.3078
v  0.6048 -4.7504 -5.2879
v  0.5846 -4.7524 -5.2744
v  0.5623 -4.7546 -5.2700
v  0.1304 -4.7841 -5.1642
v  0.2628 -4.7577 -5.1748
v  0.3968 -4.7311 -5.1915
v  0.5319 -4.7042 -5.2149
v  0.6678 -4.6772 -5.2454
v  0.7410 -4.6626 -5.2646
v  0.7502 -4.6608 -5.2700
v  0.7551 -4.6598 -5.2788
v  0.7550 -4.6598 -5.2892
v  0.7515 -4.6605 -5.3023
v  0.7482 -4.6612 -5.3078
v  0.7420 -4.6624 -5.3100
v  0.6633 -4.6781 -5.3100
v  0.6565 -4.6794 -5.3130
v  0.6536 -4.6800 -5.3198
v  0.6538 -4.6800 -5.4029
v  0.6574 -4.6792 -5.4091
v  0.6634 -4.6780 -5.4129
v  0.6979 -4.6712 -5.4129
v  0.7095 -4.6689 -5.4131
v  0.7158 -4.6676 -5.4153
v  0.7192 -4.6669 -5.4255
v  0.7160 -4.6676 -5.4395
v  0.6129 -4.6881 -5.3299
v  0.6088 -4.6889 -5.3078
v  0.5961 -4.6914 -5.2880
v  0.5761 -4.6954 -5.2744
v  0.5542 -4.6998 -5.2700
v  0.1273 -4.7714 -5.1642
v  0.2564 -4.7322 -5.1747
v  0.3871 -4.6926 -5.1915
v  0.5190 -4.6526 -5.2150
v  0.6515 -4.6124 -5.2454
v  0.7229 -4.5907 -5.2646
v  0.7320 -4.5880 -5.2700
v  0.7367 -4.5865 -5.2788
v  0.7366 -4.5865 -5.2892
v  0.7332 -4.5876 -5.3023
v  0.7300 -4.5886 -5.3077
v  0.7239 -4.5904 -5.3100
v  0.6472 -4.6137 -5.3100
v  0.6405 -4.6157 -5.3129
v  0.6377 -4.6165 -5.3198
v  0.6379 -4.6165 -5.4029
v  0.6414 -4.6154 -5.4091
v  0.6473 -4.6136 -5.4129
v  0.6809 -4.6034 -5.4129
v  0.6922 -4.6000 -5.4131
v  0.6984 -4.5982 -5.4153
v  0.7017 -4.5971 -5.4255
v  0.6986 -4.5981 -5.4395
v  0.5980 -4.6286 -5.3299
v  0.5939 -4.6298 -5.3078
v  0.5816 -4.6336 -5.2880
v  0.5621 -4.6395 -5.2744
v  0.5407 -4.6460 -5.2700
v  0.1229 -4.7591 -5.1642
v  0.2476 -4.7074 -5.1747
v  0.3738 -4.6552 -5.1915
v  0.5010 -4.6025 -5.2150
v  0.6290 -4.5494 -5.2454
v  0.6980 -4.5209 -5.2646
v  0.7067 -4.5173 -5.2700
v  0.7113 -4.5154 -5.2788
v  0.7112 -4.5154 -5.2892
v  0.7079 -4.5168 -5.3023
v  0.7048 -4.5181 -5.3077
v  0.6989 -4.5205 -5.3100
v  0.6248 -4.5512 -5.3100
v  0.6184 -4.5539 -5.3129
v  0.6157 -4.5550 -5.3198
v  0.6158 -4.5549 -5.4029
v  0.6192 -4.5535 -5.4091
v  0.6249 -4.5511 -5.4129
v  0.6574 -4.5377 -5.4129
v  0.6683 -4.5332 -5.4131
v  0.6742 -4.5307 -5.4153
v  0.6774 -4.5294 -5.4255
v  0.6744 -4.5306 -5.4395
v  0.5773 -4.5708 -5.3299
v  0.5734 -4.5725 -5.3078
v  0.5615 -4.5774 -5.2880
v  0.5427 -4.5852 -5.2744
v  0.5220 -4.5938 -5.2700
v  0.1173 -4.7473 -5.1642
v  0.2363 -4.6837 -5.1747
v  0.3568 -4.6193 -5.1915
v  0.4783 -4.5543 -5.2150
v  0.6005 -4.4890 -5.2454
v  0.6663 -4.4539 -5.2646
v  0.6746 -4.4494 -5.2701
v  0.6790 -4.4471 -5.2788
v  0.6789 -4.4471 -5.2892
v  0.6758 -4.4488 -5.3023
v  0.6728 -4.4504 -5.3077
v  0.6672 -4.4534 -5.3100
v  0.5965 -4.4912 -5.3100
v  0.5903 -4.4945 -5.3129
v  0.5877 -4.4958 -5.3198
v  0.5879 -4.4958 -5.4029
v  0.5911 -4.4940 -5.4091
v  0.5965 -4.4911 -5.4129
v  0.6275 -4.4746 -5.4129
v  0.6380 -4.4690 -5.4131
v  0.6436 -4.4660 -5.4153
v  0.6467 -4.4643 -5.4255
v  0.6438 -4.4659 -5.4395
v  0.5511 -4.5154 -5.3299
v  0.5474 -4.5174 -5.3078
v  0.5360 -4.5235 -5.2880
v  0.5180 -4.5331 -5.2744
v  0.4983 -4.5436 -5.2700
v  0.1106 -4.7361 -5.1642
v  0.2228 -4.6611 -5.1747
v  0.3364 -4.5852 -5.1915
v  0.4509 -4.5087 -5.2150
v  0.5661 -4.4317 -5.2454
v  0.6281 -4.3903 -5.2646
v  0.6359 -4.3851 -5.2701
v  0.6401 -4.3823 -5.2788
v  0.6401 -4.3823 -5.2892
v  0.6371 -4.3843 -5.3023
v  0.6343 -4.3862 -5.3078
v  0.6290 -4.3897 -5.3100
v  0.5623 -4.4342 -5.3100
v  0.5565 -4.4381 -5.3130
v  0.5541 -4.4397 -5.3198
v  0.5542 -4.4397 -5.4029
v  0.5573 -4.4376 -5.4091
v  0.5624 -4.4342 -5.4129
v  0.5916 -4.4147 -5.4129
v  0.6015 -4.4081 -5.4131
v  0.6068 -4.4045 -5.4153
v  0.6097 -4.4026 -5.4255
v  0.6070 -4.4044 -5.4395
v  0.5196 -4.4628 -5.3299
v  0.5161 -4.4652 -5.3078
v  0.5053 -4.4723 -5.2880
v  0.4884 -4.4836 -5.2744
v  0.4698 -4.4961 -5.2700
v  0.1028 -4.7256 -5.1642
v  0.2071 -4.6400 -5.1747
v  0.3127 -4.5533 -5.1915
v  0.4192 -4.4659 -5.2150
v  0.5263 -4.3781 -5.2454
v  0.5840 -4.3307 -5.2646
v  0.5912 -4.3248 -5.2701
v  0.5950 -4.3217 -5.2789
v  0.5952 -4.3216 -5.2892
v  0.5924 -4.3238 -5.3023
v  0.5897 -4.3260 -5.3078
v  0.5848 -4.3301 -5.3100
v  0.5228 -4.3809 -5.3100
v  0.5174 -4.3853 -5.3130
v  0.5152 -4.3872 -5.3198
v  0.5153 -4.3871 -5.4029
v  0.5181 -4.3848 -5.4091
v  0.5229 -4.3809 -5.4129
v  0.5500 -4.3586 -5.4129
v  0.5592 -4.3511 -5.4131
v  0.5641 -4.3470 -5.4153
v  0.5668 -4.3448 -5.4255
v  0.5643 -4.3469 -5.4395
v  0.4831 -4.4135 -5.3299
v  0.4798 -4.4162 -5.3078
v  0.4698 -4.4244 -5.2879
v  0.4541 -4.4373 -5.2744
v  0.4368 -4.4515 -5.2700
v  0.0940 -4.7160 -5.1642
v  0.1895 -4.6205 -5.1747
v  0.2861 -4.5239 -5.1915
v  0.3835 -4.4265 -5.2149
v  0.4814 -4.3286 -5.2454
v  0.5342 -4.2758 -5.2646
v  0.5408 -4.2692 -5.2702
v  0.5442 -4.2657 -5.2789
v  0.5443 -4.2656 -5.2892
v  0.5419 -4.2681 -5.3024
v  0.5394 -4.2705 -5.3078
v  0.5349 -4.2750 -5.3100
v  0.4782 -4.3318 -5.3100
v  0.4733 -4.3366 -5.3130
v  0.4713 -4.3386 -5.3198
v  0.4713 -4.3386 -5.4029
v  0.4739 -4.3360 -5.4091
v  0.4783 -4.3317 -5.4129
v  0.5031 -4.3068 -5.4129
v  0.5115 -4.2985 -5.4131
v  0.5160 -4.2940 -5.4153
v  0.5185 -4.2915 -5.4255
v  0.5162 -4.2938 -5.4395
v  0.4418 -4.3682 -5.3299
v  0.4390 -4.3710 -5.3078
v  0.4298 -4.3802 -5.2879
v  0.4154 -4.3946 -5.2743
v  0.3995 -4.4104 -5.2700
v  0.0844 -4.7072 -5.1642
v  0.1700 -4.6028 -5.1747
v  0.2566 -4.4973 -5.1916
v  0.3441 -4.3907 -5.2149
v  0.4319 -4.2837 -5.2454
v  0.4793 -4.2260 -5.2646
v  0.4852 -4.2188 -5.2702
v  0.4883 -4.2150 -5.2789
v  0.4883 -4.2150 -5.2892
v  0.4861 -4.2176 -5.3023
v  0.4839 -4.2203 -5.3078
v  0.4799 -4.2252 -5.3100
v  0.4290 -4.2872 -5.3100
v  0.4246 -4.2926 -5.3130
v  0.4228 -4.2948 -5.3198
v  0.4229 -4.2947 -5.4029
v  0.4252 -4.2919 -5.4091
v  0.4291 -4.2871 -5.4129
v  0.4514 -4.2600 -5.4129
v  0.4589 -4.2508 -5.4131
v  0.4630 -4.2459 -5.4153
v  0.4652 -4.2432 -5.4255
v  0.4631 -4.2457 -5.4395
v  0.3965 -4.3269 -5.3299
v  0.3938 -4.3302 -5.3078
v  0.3855 -4.3402 -5.2880
v  0.3726 -4.3559 -5.2744
v  0.3585 -4.3732 -5.2700
v  0.0739 -4.6994 -5.1642
v  0.1489 -4.5872 -5.1747
v  0.2247 -4.4736 -5.1916
v  0.3013 -4.3590 -5.2149
v  0.3782 -4.2439 -5.2454
v  0.4197 -4.1818 -5.2646
v  0.4249 -4.1741 -5.2702
v  0.4276 -4.1700 -5.2789
v  0.4276 -4.1700 -5.2892
v  0.4257 -4.1729 -5.3023
v  0.4238 -4.1757 -5.3077
v  0.4203 -4.1810 -5.3100
v  0.3757 -4.2476 -5.3100
v  0.3718 -4.2535 -5.3129
v  0.3702 -4.2559 -5.3198
v  0.3703 -4.2557 -5.4029
v  0.3724 -4.2527 -5.4091
v  0.3758 -4.2476 -5.4129
v  0.3953 -4.2184 -5.4129
v  0.4019 -4.2085 -5.4131
v  0.4054 -4.2032 -5.4153
v  0.4074 -4.2003 -5.4255
v  0.4056 -4.2030 -5.4395
v  0.3472 -4.2904 -5.3299
v  0.3448 -4.2939 -5.3078
v  0.3376 -4.3047 -5.2880
v  0.3263 -4.3216 -5.2744
v  0.3139 -4.3402 -5.2700
v  0.0627 -4.6927 -5.1642
v  0.1263 -4.5737 -5.1747
v  0.1907 -4.4532 -5.1916
v  0.2556 -4.3317 -5.2150
v  0.3209 -4.2095 -5.2454
v  0.3561 -4.1437 -5.2646
v  0.3605 -4.1355 -5.2702
v  0.3628 -4.1312 -5.2789
v  0.3628 -4.1312 -5.2892
v  0.3612 -4.1343 -5.3023
v  0.3596 -4.1372 -5.3077
v  0.3566 -4.1428 -5.3100
v  0.3188 -4.2135 -5.3100
v  0.3155 -4.2197 -5.3129
v  0.3141 -4.2223 -5.3198
v  0.3142 -4.2221 -5.4029
v  0.3159 -4.2189 -5.4091
v  0.3188 -4.2134 -5.4129
v  0.3354 -4.1825 -5.4129
v  0.3410 -4.1720 -5.4131
v  0.3440 -4.1664 -5.4153
v  0.3456 -4.1633 -5.4255
v  0.3441 -4.1662 -5.4395
v  0.2945 -4.2590 -5.3299
v  0.2925 -4.2626 -5.3078
v  0.2865 -4.2740 -5.2880
v  0.2769 -4.2919 -5.2744
v  0.2663 -4.3117 -5.2700
v  0.0509 -4.6871 -5.1642
v  0.1025 -4.5624 -5.1747
v  0.1548 -4.4362 -5.1916
v  0.2075 -4.3089 -5.2149
v  0.2605 -4.1810 -5.2454
v  0.2891 -4.1120 -5.2646
v  0.2926 -4.1034 -5.2702
v  0.2945 -4.0989 -5.2789
v  0.2945 -4.0989 -5.2892
v  0.2932 -4.1021 -5.3023
v  0.2919 -4.1052 -5.3077
v  0.2895 -4.1111 -5.3100
v  0.2588 -4.1851 -5.3100
v  0.2561 -4.1916 -5.3129
v  0.2550 -4.1943 -5.3198
v  0.2551 -4.1941 -5.4029
v  0.2565 -4.1907 -5.4091
v  0.2588 -4.1851 -5.4129
v  0.2723 -4.1526 -5.4129
v  0.2768 -4.1417 -5.4131
v  0.2793 -4.1358 -5.4153
v  0.2806 -4.1325 -5.4255
v  0.2793 -4.1355 -5.4395
v  0.2391 -4.2327 -5.3299
v  0.2375 -4.2366 -5.3078
v  0.2325 -4.2485 -5.2880
v  0.2248 -4.2673 -5.2744
v  0.2162 -4.2879 -5.2700
v  0.0386 -4.6827 -5.1642
v  0.0778 -4.5536 -5.1747
v  0.1174 -4.4228 -5.1916
v  0.1574 -4.2910 -5.2149
v  0.1976 -4.1585 -5.2454
v  0.2193 -4.0870 -5.2646
v  0.2220 -4.0782 -5.2702
v  0.2234 -4.0735 -5.2789
v  0.2234 -4.0735 -5.2892
v  0.2224 -4.0768 -5.3023
v  0.2214 -4.0800 -5.3077
v  0.2196 -4.0860 -5.3100
v  0.1963 -4.1628 -5.3100
v  0.1943 -4.1695 -5.3129
v  0.1934 -4.1723 -5.3198
v  0.1935 -4.1721 -5.4029
v  0.1946 -4.1686 -5.4091
v  0.1963 -4.1627 -5.4129
v  0.2065 -4.1291 -5.4129
v  0.2100 -4.1177 -5.4131
v  0.2118 -4.1116 -5.4153
v  0.2128 -4.1083 -5.4255
v  0.2119 -4.1114 -5.4395
v  0.1814 -4.2121 -5.3299
v  0.1801 -4.2161 -5.3078
v  0.1764 -4.2285 -5.2880
v  0.1705 -4.2479 -5.2744
v  0.1640 -4.2693 -5.2700
v  0.0259 -4.6795 -5.1642
v  0.0523 -4.5472 -5.1747
v  0.0789 -4.4132 -5.1916
v  0.1058 -4.2781 -5.2150
v  0.1328 -4.1422 -5.2454
v  0.1474 -4.0690 -5.2646
v  0.1492 -4.0599 -5.2702
v  0.1501 -4.0551 -5.2789
v  0.1501 -4.0551 -5.2892
v  0.1495 -4.0585 -5.3023
v  0.1488 -4.0618 -5.3077
v  0.1476 -4.0680 -5.3100
v  0.1319 -4.1467 -5.3100
v  0.1306 -4.1535 -5.3129
v  0.1300 -4.1564 -5.3198
v  0.1300 -4.1562 -5.4029
v  0.1307 -4.1526 -5.4091
v  0.1319 -4.1466 -5.4129
v  0.1388 -4.1121 -5.4129
v  0.1411 -4.1005 -5.4131
v  0.1424 -4.0942 -5.4153
v  0.1430 -4.0908 -5.4255
v  0.1424 -4.0940 -5.4395
v  0.1219 -4.1971 -5.3299
v  0.1211 -4.2013 -5.3078
v  0.1185 -4.2140 -5.2880
v  0.1146 -4.2339 -5.2744
v  0.1102 -4.2558 -5.2704
v  0.0130 -4.6776 -5.1642
v  0.0262 -4.5433 -5.1747
v  0.0396 -4.4074 -5.1916
v  0.0531 -4.2703 -5.2150
v  0.0667 -4.1324 -5.2454
v  0.0740 -4.0582 -5.2646
v  0.0749 -4.0489 -5.2702
v  0.0754 -4.0440 -5.2789
v  0.0754 -4.0440 -5.2892
v  0.0751 -4.0474 -5.3023
v  0.0747 -4.0508 -5.3077
v  0.0741 -4.0571 -5.3100
v  0.0663 -4.1369 -5.3100
v  0.0656 -4.1439 -5.3129
v  0.0653 -4.1468 -5.3198
v  0.0653 -4.1466 -5.4029
v  0.0657 -4.1429 -5.4091
v  0.0663 -4.1368 -5.4129
v  0.0697 -4.1019 -5.4129
v  0.0709 -4.0901 -5.4131
v  0.0715 -4.0837 -5.4153
v  0.0718 -4.0803 -5.4255
v  0.0715 -4.0835 -5.4395
v  0.0612 -4.1881 -5.3299
v  0.0608 -4.1923 -5.3078
v  0.0595 -4.2052 -5.2880
v  0.0576 -4.2254 -5.2744
v  0.0554 -4.2477 -5.2700
v  -0.0000 -4.6770 -5.1642
v  -0.0000 -4.5420 -5.1747
v  -0.0000 -4.4054 -5.1916
v  -0.0000 -4.2676 -5.2150
v  -0.0000 -4.1291 -5.2454
v  -0.0000 -4.0545 -5.2646
v  -0.0000 -4.0452 -5.2702
v  -0.0000 -4.0403 -5.2789
v  -0.0000 -4.0401 -5.2892
v  -0.0000 -4.0437 -5.3023
v  -0.0000 -4.0471 -5.3078
v  -0.0000 -4.0535 -5.3100
v  -0.0000 -4.1337 -5.3100
v  -0.0000 -4.1406 -5.3130
v  -0.0000 -4.1435 -5.3198
v  -0.0000 -4.1434 -5.4029
v  -0.0000 -4.1397 -5.4091
v  -0.0000 -4.1336 -5.4129
v  -0.0000 -4.0984 -5.4129
v  -0.0000 -4.0866 -5.4131
v  -0.0000 -4.0802 -5.4153
v  -0.0000 -4.0767 -5.4255
v  -0.0000 -4.0800 -5.4395
v  -0.0000 -4.1850 -5.3299
v  -0.0000 -4.1893 -5.3078
v  -0.0000 -4.2022 -5.2880
v  -0.0000 -4.2226 -5.2744
v  -0.0000 -4.2449 -5.2700
v  -0.0131 -4.6776 -5.1642
v  -0.0263 -4.5433 -5.1747
v  -0.0397 -4.4074 -5.1915
v  -0.0532 -4.2703 -5.2151
v  -0.0668 -4.1324 -5.2454
v  -0.0741 -4.0582 -5.2646
v  -0.0750 -4.0488 -5.2701
v  -0.0755 -4.0439 -5.2789
v  -0.0755 -4.0440 -5.2892
v  -0.0751 -4.0475 -5.3023
v  -0.0748 -4.0508 -5.3077
v  -0.0742 -4.0571 -5.3100
v  -0.0663 -4.1369 -5.3100
v  -0.0656 -4.1439 -5.3129
v  -0.0653 -4.1468 -5.3198
v  -0.0654 -4.1466 -5.4029
v  -0.0657 -4.1429 -5.4091
v  -0.0663 -4.1368 -5.4129
v  -0.0698 -4.1019 -5.4129
v  -0.0709 -4.0901 -5.4131
v  -0.0716 -4.0837 -5.4153
v  -0.0719 -4.0803 -5.4255
v  -0.0716 -4.0835 -5.4395
v  -0.0613 -4.1881 -5.3299
v  -0.0609 -4.1924 -5.3078
v  -0.0596 -4.2052 -5.2880
v  -0.0576 -4.2254 -5.2744
v  -0.0554 -4.2477 -5.2700
v  -0.0260 -4.6795 -5.1642
v  -0.0523 -4.5472 -5.1747
v  -0.0790 -4.4132 -5.1915
v  -0.1058 -4.2781 -5.2151
v  -0.1329 -4.1422 -5.2454
v  -0.1474 -4.0690 -5.2647
v  -0.1492 -4.0598 -5.2701
v  -0.1502 -4.0550 -5.2788
v  -0.1502 -4.0551 -5.2892
v  -0.1495 -4.0586 -5.3022
v  -0.1488 -4.0619 -5.3077
v  -0.1476 -4.0680 -5.3100
v  -0.1320 -4.1467 -5.3100
v  -0.1306 -4.1536 -5.3129
v  -0.1300 -4.1565 -5.3197
v  -0.1301 -4.1562 -5.4029
v  -0.1308 -4.1526 -5.4091
v  -0.1320 -4.1466 -5.4129
v  -0.1388 -4.1121 -5.4129
v  -0.1412 -4.1005 -5.4131
v  -0.1424 -4.0942 -5.4153
v  -0.1431 -4.0908 -5.4255
v  -0.1425 -4.0940 -5.4395
v  -0.1219 -4.1972 -5.3299
v  -0.1211 -4.2013 -5.3078
v  -0.1186 -4.2140 -5.2880
v  -0.1146 -4.2339 -5.2744
v  -0.1103 -4.2558 -5.2700
v  -0.0386 -4.6827 -5.1642
v  -0.0778 -4.5536 -5.1747
v  -0.1175 -4.4228 -5.1915
v  -0.1575 -4.2910 -5.2151
v  -0.1977 -4.1585 -5.2454
v  -0.2193 -4.0870 -5.2646
v  -0.2220 -4.0783 -5.2703
v  -0.2233 -4.0739 -5.2790
v  -0.2236 -4.0731 -5.2892
v  -0.2225 -4.0766 -5.3024
v  -0.2215 -4.0801 -5.3077
v  -0.2196 -4.0861 -5.3099
v  -0.1964 -4.1628 -5.3100
v  -0.1943 -4.1695 -5.3129
v  -0.1934 -4.1724 -5.3197
v  -0.1935 -4.1721 -5.4029
v  -0.1946 -4.1686 -5.4091
v  -0.1964 -4.1627 -5.4129
v  -0.2066 -4.1291 -5.4129
v  -0.2100 -4.1177 -5.4131
v  -0.2119 -4.1116 -5.4153
v  -0.2129 -4.1083 -5.4255
v  -0.2119 -4.1114 -5.4395
v  -0.1814 -4.2121 -5.3299
v  -0.1802 -4.2162 -5.3079
v  -0.1764 -4.2285 -5.2881
v  -0.1705 -4.2479 -5.2744
v  -0.1641 -4.2693 -5.2700
v  -0.0509 -4.6871 -5.1642
v  -0.1026 -4.5624 -5.1747
v  -0.1549 -4.4362 -5.1915
v  -0.2076 -4.3089 -5.2151
v  -0.2606 -4.1810 -5.2454
v  -0.2891 -4.1120 -5.2647
v  -0.2927 -4.1034 -5.2701
v  -0.2946 -4.0988 -5.2789
v  -0.2945 -4.0990 -5.2892
v  -0.2932 -4.1022 -5.3022
v  -0.2919 -4.1053 -5.3077
v  -0.2895 -4.1111 -5.3100
v  -0.2588 -4.1851 -5.3100
v  -0.2561 -4.1917 -5.3129
v  -0.2550 -4.1944 -5.3197
v  -0.2551 -4.1941 -5.4029
v  -0.2565 -4.1907 -5.4091
v  -0.2589 -4.1851 -5.4129
v  -0.2723 -4.1526 -5.4129
v  -0.2769 -4.1417 -5.4131
v  -0.2793 -4.1358 -5.4153
v  -0.2806 -4.1325 -5.4255
v  -0.2794 -4.1355 -5.4395
v  -0.2391 -4.2328 -5.3299
v  -0.2375 -4.2367 -5.3079
v  -0.2326 -4.2486 -5.2881
v  -0.2248 -4.2673 -5.2745
v  -0.2163 -4.2879 -5.2700
v  -0.0627 -4.6927 -5.1642
v  -0.1264 -4.5737 -5.1747
v  -0.1908 -4.4532 -5.1915
v  -0.2557 -4.3317 -5.2151
v  -0.3210 -4.2095 -5.2454
v  -0.3562 -4.1437 -5.2647
v  -0.3606 -4.1355 -5.2701
v  -0.3629 -4.1311 -5.2789
v  -0.3628 -4.1313 -5.2892
v  -0.3612 -4.1343 -5.3022
v  -0.3596 -4.1373 -5.3077
v  -0.3567 -4.1428 -5.3100
v  -0.3188 -4.2135 -5.3100
v  -0.3155 -4.2198 -5.3129
v  -0.3141 -4.2224 -5.3197
v  -0.3143 -4.2221 -5.4029
v  -0.3160 -4.2189 -5.4091
v  -0.3189 -4.2134 -5.4129
v  -0.3355 -4.1825 -5.4129
v  -0.3410 -4.1720 -5.4131
v  -0.3441 -4.1664 -5.4153
v  -0.3457 -4.1633 -5.4255
v  -0.3442 -4.1662 -5.4395
v  -0.2945 -4.2590 -5.3299
v  -0.2925 -4.2627 -5.3079
v  -0.2865 -4.2741 -5.2881
v  -0.2769 -4.2920 -5.2745
v  -0.2664 -4.3117 -5.2700
v  -0.0739 -4.6994 -5.1642
v  -0.1489 -4.5872 -5.1747
v  -0.2248 -4.4736 -5.1916
v  -0.3013 -4.3591 -5.2151
v  -0.3783 -4.2439 -5.2454
v  -0.4198 -4.1818 -5.2646
v  -0.4248 -4.1742 -5.2703
v  -0.4274 -4.1704 -5.2790
v  -0.4278 -4.1697 -5.2892
v  -0.4258 -4.1728 -5.3024
v  -0.4238 -4.1758 -5.3077
v  -0.4203 -4.1810 -5.3099
v  -0.3758 -4.2476 -5.3100
v  -0.3719 -4.2535 -5.3129
v  -0.3702 -4.2560 -5.3197
v  -0.3704 -4.2557 -5.4029
v  -0.3724 -4.2527 -5.4091
v  -0.3758 -4.2476 -5.4129
v  -0.3954 -4.2184 -5.4129
v  -0.4019 -4.2085 -5.4131
v  -0.4055 -4.2032 -5.4153
v  -0.4074 -4.2003 -5.4255
v  -0.4056 -4.2030 -5.4395
v  -0.3472 -4.2905 -5.3299
v  -0.3448 -4.2940 -5.3079
v  -0.3376 -4.3047 -5.2881
v  -0.3264 -4.3216 -5.2744
v  -0.3140 -4.3402 -5.2700
v  -0.0000 -4.8100 -5.1599
v  -0.0844 -4.7072 -5.1642
v  -0.1700 -4.6028 -5.1747
v  -0.2567 -4.4973 -5.1916
v  -0.3441 -4.3908 -5.2151
v  -0.4320 -4.2837 -5.2454
v  -0.4793 -4.2260 -5.2646
v  -0.4851 -4.2189 -5.2703
v  -0.4880 -4.2154 -5.2790
v  -0.4885 -4.2148 -5.2892
v  -0.4862 -4.2176 -5.3024
v  -0.4839 -4.2204 -5.3077
v  -0.4800 -4.2252 -5.3099
v  -0.4291 -4.2872 -5.3100
v  -0.4246 -4.2926 -5.3129
v  -0.4228 -4.2949 -5.3197
v  -0.4229 -4.2947 -5.4029
v  -0.4253 -4.2919 -5.4091
v  -0.4292 -4.2871 -5.4129
v  -0.4514 -4.2599 -5.4129
v  -0.4589 -4.2508 -5.4131
v  -0.4630 -4.2459 -5.4153
v  -0.4652 -4.2432 -5.4255
v  -0.4632 -4.2457 -5.4395
v  -0.3964 -4.3270 -5.3299
v  -0.3937 -4.3303 -5.3078
v  -0.3855 -4.3403 -5.2880
v  -0.3727 -4.3559 -5.2744
v  -0.3585 -4.3732 -5.2700
v  -0.0941 -4.7159 -5.1642
v  -0.1895 -4.6205 -5.1747
v  -0.2861 -4.5239 -5.1916
v  -0.3835 -4.4265 -5.2151
v  -0.4815 -4.3286 -5.2454
v  -0.5342 -4.2758 -5.2647
v  -0.5408 -4.2693 -5.2702
v  -0.5442 -4.2658 -5.2789
v  -0.5443 -4.2657 -5.2892
v  -0.5419 -4.2682 -5.3023
v  -0.5394 -4.2706 -5.3077
v  -0.5350 -4.2750 -5.3100
v  -0.4783 -4.3318 -5.3100
v  -0.4733 -4.3367 -5.3129
v  -0.4713 -4.3388 -5.3198
v  -0.4714 -4.3386 -5.4029
v  -0.4740 -4.3360 -5.4091
v  -0.4783 -4.3317 -5.4129
v  -0.5032 -4.3068 -5.4129
v  -0.5116 -4.2985 -5.4131
v  -0.5161 -4.2940 -5.4153
v  -0.5185 -4.2915 -5.4255
v  -0.5162 -4.2938 -5.4395
v  -0.4419 -4.3681 -5.3299
v  -0.4389 -4.3711 -5.3078
v  -0.4298 -4.3803 -5.2880
v  -0.4154 -4.3946 -5.2744
v  -0.3996 -4.4104 -5.2700
v  -0.1028 -4.7256 -5.1642
v  -0.2072 -4.6400 -5.1747
v  -0.3128 -4.5533 -5.1916
v  -0.4193 -4.4659 -5.2151
v  -0.5263 -4.3781 -5.2454
v  -0.5840 -4.3307 -5.2647
v  -0.5911 -4.3249 -5.2703
v  -0.5949 -4.3218 -5.2789
v  -0.5950 -4.3217 -5.2892
v  -0.5923 -4.3239 -5.3022
v  -0.5897 -4.3261 -5.3077
v  -0.5848 -4.3301 -5.3100
v  -0.5228 -4.3809 -5.3100
v  -0.5174 -4.3854 -5.3129
v  -0.5151 -4.3873 -5.3197
v  -0.5153 -4.3871 -5.4029
v  -0.5182 -4.3848 -5.4091
v  -0.5229 -4.3809 -5.4129
v  -0.5501 -4.3586 -5.4129
v  -0.5592 -4.3511 -5.4131
v  -0.5642 -4.3470 -5.4153
v  -0.5669 -4.3448 -5.4255
v  -0.5643 -4.3469 -5.4395
v  -0.4830 -4.4136 -5.3299
v  -0.4797 -4.4163 -5.3078
v  -0.4698 -4.4245 -5.2880
v  -0.4541 -4.4373 -5.2744
v  -0.4368 -4.4515 -5.2700
v  -0.1106 -4.7361 -5.1642
v  -0.2228 -4.6611 -5.1747
v  -0.3364 -4.5852 -5.1916
v  -0.4510 -4.5087 -5.2151
v  -0.5661 -4.4317 -5.2454
v  -0.6282 -4.3903 -5.2646
v  -0.6358 -4.3852 -5.2703
v  -0.6396 -4.3826 -5.2790
v  -0.6403 -4.3822 -5.2892
v  -0.6373 -4.3842 -5.3024
v  -0.6343 -4.3862 -5.3077
v  -0.6290 -4.3897 -5.3099
v  -0.5624 -4.4342 -5.3100
v  -0.5565 -4.4382 -5.3129
v  -0.5540 -4.4398 -5.3197
v  -0.5543 -4.4397 -5.4029
v  -0.5574 -4.4376 -5.4091
v  -0.5625 -4.4342 -5.4129
v  -0.5917 -4.4147 -5.4129
v  -0.6015 -4.4081 -5.4131
v  -0.6068 -4.4045 -5.4153
v  -0.6097 -4.4026 -5.4255
v  -0.6070 -4.4044 -5.4395
v  -0.5195 -4.4629 -5.3299
v  -0.5160 -4.4653 -5.3079
v  -0.5053 -4.4724 -5.2881
v  -0.4884 -4.4837 -5.2745
v  -0.4698 -4.4961 -5.2709
v  -0.1173 -4.7473 -5.1642
v  -0.2364 -4.6837 -5.1746
v  -0.3568 -4.6193 -5.1916
v  -0.4783 -4.5543 -5.2151
v  -0.6005 -4.4890 -5.2453
v  -0.6663 -4.4539 -5.2646
v  -0.6744 -4.4495 -5.2703
v  -0.6785 -4.4474 -5.2790
v  -0.6791 -4.4470 -5.2892
v  -0.6759 -4.4487 -5.3024
v  -0.6727 -4.4504 -5.3077
v  -0.6672 -4.4534 -5.3099
v  -0.5965 -4.4912 -5.3101
v  -0.5913 -4.4939 -5.3140
v  -0.5879 -4.4958 -5.3198
v  -0.5879 -4.4958 -5.4029
v  -0.5912 -4.4940 -5.4091
v  -0.5966 -4.4911 -5.4129
v  -0.6276 -4.4746 -5.4129
v  -0.6380 -4.4690 -5.4131
v  -0.6437 -4.4660 -5.4153
v  -0.6467 -4.4643 -5.4255
v  -0.6439 -4.4659 -5.4395
v  -0.5511 -4.5155 -5.3299
v  -0.5474 -4.5174 -5.3078
v  -0.5365 -4.5233 -5.2875
v  -0.5181 -4.5331 -5.2745
v  -0.4984 -4.5436 -5.2700
v  -0.1229 -4.7591 -5.1642
v  -0.2476 -4.7074 -5.1746
v  -0.3738 -4.6552 -5.1916
v  -0.5011 -4.6025 -5.2151
v  -0.6291 -4.5494 -5.2453
v  -0.6980 -4.5209 -5.2646
v  -0.7065 -4.5174 -5.2703
v  -0.7107 -4.5156 -5.2790
v  -0.7115 -4.5153 -5.2892
v  -0.7081 -4.5167 -5.3024
v  -0.7047 -4.5181 -5.3077
v  -0.6990 -4.5205 -5.3099
v  -0.6249 -4.5512 -5.3101
v  -0.6195 -4.5534 -5.3140
v  -0.6159 -4.5549 -5.3198
v  -0.6159 -4.5549 -5.4029
v  -0.6193 -4.5535 -5.4091
v  -0.6250 -4.5511 -5.4129
v  -0.6574 -4.5377 -5.4129
v  -0.6684 -4.5332 -5.4131
v  -0.6743 -4.5307 -5.4153
v  -0.6775 -4.5294 -5.4255
v  -0.6745 -4.5306 -5.4395
v  -0.5773 -4.5709 -5.3299
v  -0.5735 -4.5725 -5.3078
v  -0.5620 -4.5772 -5.2875
v  -0.5427 -4.5852 -5.2745
v  -0.5221 -4.5938 -5.2700
v  -0.1273 -4.7714 -5.1642
v  -0.2565 -4.7322 -5.1746
v  -0.3872 -4.6926 -5.1915
v  -0.5190 -4.6526 -5.2151
v  -0.6516 -4.6123 -5.2453
v  -0.7230 -4.5907 -5.2646
v  -0.7317 -4.5880 -5.2703
v  -0.7362 -4.5867 -5.2790
v  -0.7369 -4.5865 -5.2892
v  -0.7334 -4.5875 -5.3024
v  -0.7300 -4.5886 -5.3077
v  -0.7240 -4.5904 -5.3099
v  -0.6473 -4.6137 -5.3101
v  -0.6416 -4.6154 -5.3140
v  -0.6379 -4.6165 -5.3198
v  -0.6379 -4.6165 -5.4029
v  -0.6415 -4.6154 -5.4091
v  -0.6473 -4.6136 -5.4129
v  -0.6810 -4.6034 -5.4129
v  -0.6923 -4.6000 -5.4131
v  -0.6984 -4.5981 -5.4153
v  -0.7017 -4.5971 -5.4255
v  -0.6986 -4.5981 -5.4395
v  -0.5979 -4.6286 -5.3299
v  -0.5940 -4.6298 -5.3078
v  -0.5815 -4.6336 -5.2881
v  -0.5621 -4.6395 -5.2745
v  -0.5408 -4.6460 -5.2700
v  -0.1305 -4.7841 -5.1642
v  -0.2629 -4.7577 -5.1746
v  -0.3968 -4.7311 -5.1915
v  -0.5320 -4.7042 -5.2151
v  -0.6678 -4.6772 -5.2454
v  -0.7410 -4.6626 -5.2646
v  -0.7500 -4.6608 -5.2703
v  -0.7545 -4.6599 -5.2790
v  -0.7553 -4.6598 -5.2892
v  -0.7517 -4.6605 -5.3024
v  -0.7482 -4.6612 -5.3077
v  -0.7420 -4.6624 -5.3099
v  -0.6634 -4.6780 -5.3101
v  -0.6576 -4.6792 -5.3140
v  -0.6538 -4.6800 -5.3198
v  -0.6538 -4.6800 -5.4029
v  -0.6574 -4.6792 -5.4091
v  -0.6635 -4.6780 -5.4129
v  -0.6979 -4.6712 -5.4129
v  -0.7095 -4.6689 -5.4131
v  -0.7158 -4.6676 -5.4153
v  -0.7192 -4.6669 -5.4255
v  -0.7160 -4.6676 -5.4395
v  -0.6128 -4.6881 -5.3299
v  -0.6086 -4.6889 -5.3079
v  -0.5960 -4.6915 -5.2881
v  -0.5761 -4.6954 -5.2745
v  -0.5542 -4.6998 -5.2700
v  -0.1324 -4.7970 -5.1642
v  -0.2667 -4.7837 -5.1746
v  -0.4027 -4.7703 -5.1915
v  -0.5398 -4.7568 -5.2151
v  -0.6776 -4.7433 -5.2454
v  -0.7519 -4.7359 -5.2646
v  -0.7610 -4.7351 -5.2703
v  -0.7656 -4.7346 -5.2790
v  -0.7664 -4.7345 -5.2892
v  -0.7627 -4.7349 -5.3024
v  -0.7591 -4.7352 -5.3077
v  -0.7529 -4.7358 -5.3099
v  -0.6731 -4.7437 -5.3100
v  -0.6661 -4.7444 -5.3129
v  -0.6631 -4.7447 -5.3197
v  -0.6634 -4.7447 -5.4029
v  -0.6671 -4.7443 -5.4091
v  -0.6732 -4.7437 -5.4129
v  -0.7082 -4.7403 -5.4129
v  -0.7200 -4.7391 -5.4131
v  -0.7263 -4.7385 -5.4153
v  -0.7298 -4.7381 -5.4255
v  -0.7265 -4.7384 -5.4395
v  -0.6218 -4.7488 -5.3299
v  -0.6176 -4.7492 -5.3079
v  -0.6048 -4.7504 -5.2881
v  -0.5846 -4.7524 -5.2745
v  -0.5624 -4.7546 -5.2700
v  -0.1330 -4.8100 -5.1642
v  -0.2680 -4.8100 -5.1746
v  -0.4046 -4.8100 -5.1915
v  -0.5424 -4.8100 -5.2151
v  -0.6809 -4.8100 -5.2454
v  -0.7555 -4.8100 -5.2646
v  -0.7647 -4.8100 -5.2703
v  -0.7693 -4.8100 -5.2790
v  -0.7701 -4.8100 -5.2892
v  -0.7664 -4.8100 -5.3024
v  -0.7628 -4.8100 -5.3077
v  -0.7565 -4.8100 -5.3099
v  -0.6764 -4.8100 -5.3100
v  -0.6694 -4.8100 -5.3129
v  -0.6664 -4.8100 -5.3198
v  -0.6666 -4.8100 -5.4029
v  -0.6703 -4.8100 -5.4091
v  -0.6765 -4.8100 -5.4129
v  -0.7116 -4.8100 -5.4129
v  -0.7234 -4.8100 -5.4131
v  -0.7298 -4.8100 -5.4153
v  -0.7333 -4.8100 -5.4255
v  -0.7301 -4.8100 -5.4395
v  -0.6248 -4.8100 -5.3299
v  -0.6206 -4.8100 -5.3078
v  -0.6077 -4.8100 -5.2880
v  -0.5874 -4.8100 -5.2744
v  -0.5651 -4.8100 -5.2700
v  -0.1324 -4.8230 -5.1642
v  -0.2667 -4.8363 -5.1746
v  -0.4027 -4.8497 -5.1915
v  -0.5398 -4.8632 -5.2151
v  -0.6776 -4.8767 -5.2454
v  -0.7519 -4.8841 -5.2646
v  -0.7610 -4.8849 -5.2703
v  -0.7656 -4.8854 -5.2790
v  -0.7664 -4.8855 -5.2892
v  -0.7627 -4.8851 -5.3024
v  -0.7591 -4.8848 -5.3077
v  -0.7529 -4.8842 -5.3099
v  -0.6731 -4.8763 -5.3100
v  -0.6661 -4.8756 -5.3129
v  -0.6631 -4.8753 -5.3197
v  -0.6634 -4.8753 -5.4029
v  -0.6671 -4.8757 -5.4091
v  -0.6732 -4.8763 -5.4129
v  -0.7082 -4.8797 -5.4129
v  -0.7200 -4.8809 -5.4131
v  -0.7263 -4.8815 -5.4153
v  -0.7298 -4.8819 -5.4255
v  -0.7265 -4.8816 -5.4395
v  -0.6218 -4.8712 -5.3299
v  -0.6176 -4.8708 -5.3079
v  -0.6048 -4.8696 -5.2881
v  -0.5846 -4.8676 -5.2745
v  -0.5624 -4.8654 -5.2700
v  -0.1305 -4.8359 -5.1642
v  -0.2629 -4.8623 -5.1746
v  -0.3968 -4.8889 -5.1915
v  -0.5320 -4.9158 -5.2151
v  -0.6678 -4.9428 -5.2454
v  -0.7410 -4.9574 -5.2646
v  -0.7500 -4.9592 -5.2703
v  -0.7545 -4.9601 -5.2790
v  -0.7553 -4.9602 -5.2892
v  -0.7517 -4.9595 -5.3024
v  -0.7482 -4.9588 -5.3077
v  -0.7420 -4.9576 -5.3099
v  -0.6634 -4.9420 -5.3101
v  -0.6576 -4.9408 -5.3140
v  -0.6538 -4.9400 -5.3198
v  -0.6538 -4.9400 -5.4029
v  -0.6574 -4.9408 -5.4091
v  -0.6635 -4.9420 -5.4129
v  -0.6979 -4.9488 -5.4129
v  -0.7095 -4.9511 -5.4131
v  -0.7158 -4.9524 -5.4153
v  -0.7192 -4.9531 -5.4255
v  -0.7160 -4.9524 -5.4395
v  -0.6128 -4.9319 -5.3299
v  -0.6086 -4.9311 -5.3079
v  -0.5960 -4.9285 -5.2881
v  -0.5761 -4.9246 -5.2745
v  -0.5542 -4.9202 -5.2700
v  -0.1273 -4.8486 -5.1642
v  -0.2565 -4.8878 -5.1746
v  -0.3872 -4.9274 -5.1915
v  -0.5190 -4.9674 -5.2151
v  -0.6516 -5.0076 -5.2454
v  -0.7230 -5.0293 -5.2646
v  -0.7317 -5.0320 -5.2703
v  -0.7362 -5.0333 -5.2790
v  -0.7369 -5.0335 -5.2892
v  -0.7334 -5.0325 -5.3024
v  -0.7300 -5.0314 -5.3077
v  -0.7240 -5.0296 -5.3099
v  -0.6473 -5.0063 -5.3101
v  -0.6416 -5.0046 -5.3140
v  -0.6379 -5.0035 -5.3198
v  -0.6379 -5.0035 -5.4029
v  -0.6415 -5.0046 -5.4091
v  -0.6473 -5.0064 -5.4129
v  -0.6810 -5.0166 -5.4129
v  -0.6923 -5.0200 -5.4131
v  -0.6984 -5.0219 -5.4153
v  -0.7017 -5.0229 -5.4255
v  -0.6986 -5.0219 -5.4395
v  -0.5979 -4.9914 -5.3299
v  -0.5938 -4.9901 -5.3079
v  -0.5815 -4.9864 -5.2881
v  -0.5621 -4.9805 -5.2745
v  -0.5408 -4.9740 -5.2700
v  -0.1229 -4.8609 -5.1642
v  -0.2476 -4.9126 -5.1746
v  -0.3738 -4.9648 -5.1915
v  -0.5011 -5.0175 -5.2151
v  -0.6291 -5.0706 -5.2454
v  -0.6980 -5.0991 -5.2646
v  -0.7065 -5.1026 -5.2703
v  -0.7107 -5.1044 -5.2790
v  -0.7115 -5.1047 -5.2892
v  -0.7081 -5.1033 -5.3024
v  -0.7048 -5.1019 -5.3077
v  -0.6990 -5.0995 -5.3099
v  -0.6249 -5.0688 -5.3101
v  -0.6195 -5.0666 -5.3140
v  -0.6159 -5.0651 -5.3198
v  -0.6159 -5.0651 -5.4029
v  -0.6193 -5.0665 -5.4091
v  -0.6250 -5.0689 -5.4129
v  -0.6574 -5.0823 -5.4129
v  -0.6684 -5.0868 -5.4131
v  -0.6743 -5.0893 -5.4153
v  -0.6775 -5.0906 -5.4255
v  -0.6745 -5.0894 -5.4395
v  -0.5773 -5.0491 -5.3299
v  -0.5733 -5.0475 -5.3079
v  -0.5614 -5.0425 -5.2881
v  -0.5427 -5.0348 -5.2745
v  -0.5221 -5.0262 -5.2700
v  -0.1173 -4.8727 -5.1642
v  -0.2364 -4.9363 -5.1746
v  -0.3568 -5.0007 -5.1915
v  -0.4783 -5.0657 -5.2151
v  -0.6005 -5.1310 -5.2454
v  -0.6663 -5.1661 -5.2646
v  -0.6744 -5.1705 -5.2703
v  -0.6785 -5.1726 -5.2790
v  -0.6791 -5.1730 -5.2892
v  -0.6759 -5.1713 -5.3024
v  -0.6727 -5.1696 -5.3077
v  -0.6672 -5.1666 -5.3099
v  -0.5965 -5.1288 -5.3101
v  -0.5913 -5.1261 -5.3140
v  -0.5879 -5.1242 -5.3198
v  -0.5879 -5.1242 -5.4029
v  -0.5912 -5.1260 -5.4091
v  -0.5966 -5.1289 -5.4129
v  -0.6276 -5.1454 -5.4129
v  -0.6380 -5.1510 -5.4131
v  -0.6437 -5.1540 -5.4153
v  -0.6467 -5.1557 -5.4255
v  -0.6439 -5.1541 -5.4395
v  -0.5511 -5.1045 -5.3299
v  -0.5473 -5.1025 -5.3079
v  -0.5359 -5.0964 -5.2881
v  -0.5181 -5.0869 -5.2745
v  -0.4984 -5.0764 -5.2700
v  -0.1106 -4.8839 -5.1642
v  -0.2229 -4.9589 -5.1746
v  -0.3364 -5.0348 -5.1915
v  -0.4510 -5.1113 -5.2151
v  -0.5661 -5.1883 -5.2454
v  -0.6282 -5.2297 -5.2646
v  -0.6358 -5.2348 -5.2703
v  -0.6396 -5.2374 -5.2790
v  -0.6403 -5.2378 -5.2892
v  -0.6373 -5.2358 -5.3024
v  -0.6343 -5.2338 -5.3077
v  -0.6291 -5.2303 -5.3099
v  -0.5624 -5.1858 -5.3101
v  -0.5575 -5.1825 -5.3140
v  -0.5543 -5.1803 -5.3198
v  -0.5543 -5.1803 -5.4029
v  -0.5574 -5.1824 -5.4091
v  -0.5625 -5.1858 -5.4129
v  -0.5917 -5.2053 -5.4129
v  -0.6015 -5.2119 -5.4131
v  -0.6068 -5.2155 -5.4153
v  -0.6097 -5.2174 -5.4255
v  -0.6070 -5.2156 -5.4395
v  -0.5195 -5.1571 -5.3299
v  -0.5160 -5.1547 -5.3079
v  -0.5053 -5.1476 -5.2881
v  -0.4884 -5.1363 -5.2745
v  -0.4699 -5.1239 -5.2700
v  -0.1028 -4.8944 -5.1642
v  -0.2072 -4.9800 -5.1746
v  -0.3128 -5.0667 -5.1915
v  -0.4193 -5.1541 -5.2151
v  -0.5263 -5.2419 -5.2454
v  -0.5840 -5.2893 -5.2646
v  -0.5911 -5.2951 -5.2703
v  -0.5947 -5.2980 -5.2790
v  -0.5953 -5.2985 -5.2892
v  -0.5925 -5.2962 -5.3024
v  -0.5897 -5.2939 -5.3077
v  -0.5848 -5.2899 -5.3099
v  -0.5229 -5.2391 -5.3101
v  -0.5183 -5.2353 -5.3140
v  -0.5153 -5.2329 -5.3198
v  -0.5153 -5.2329 -5.4029
v  -0.5182 -5.2352 -5.4091
v  -0.5229 -5.2391 -5.4129
v  -0.5501 -5.2614 -5.4129
v  -0.5592 -5.2689 -5.4131
v  -0.5642 -5.2730 -5.4153
v  -0.5669 -5.2752 -5.4255
v  -0.5643 -5.2731 -5.4395
v  -0.4830 -5.2064 -5.3299
v  -0.4797 -5.2037 -5.3078
v  -0.4698 -5.1955 -5.2880
v  -0.4541 -5.1827 -5.2744
v  -0.4368 -5.1685 -5.2700
v  -0.0941 -4.9041 -5.1642
v  -0.1895 -4.9995 -5.1747
v  -0.2861 -5.0961 -5.1915
v  -0.3835 -5.1935 -5.2151
v  -0.4815 -5.2914 -5.2454
v  -0.5342 -5.3442 -5.2646
v  -0.5407 -5.3507 -5.2703
v  -0.5440 -5.3540 -5.2790
v  -0.5445 -5.3545 -5.2892
v  -0.5420 -5.3519 -5.3024
v  -0.5394 -5.3494 -5.3077
v  -0.5350 -5.3449 -5.3099
v  -0.4783 -5.2883 -5.3101
v  -0.4741 -5.2841 -5.3140
v  -0.4714 -5.2813 -5.3198
v  -0.4714 -5.2814 -5.4029
v  -0.4740 -5.2840 -5.4091
v  -0.4783 -5.2883 -5.4129
v  -0.5032 -5.3132 -5.4129
v  -0.5116 -5.3215 -5.4131
v  -0.5161 -5.3260 -5.4153
v  -0.5185 -5.3285 -5.4255
v  -0.5162 -5.3262 -5.4395
v  -0.4418 -5.2518 -5.3299
v  -0.4389 -5.2489 -5.3078
v  -0.4298 -5.2397 -5.2880
v  -0.4154 -5.2254 -5.2744
v  -0.3996 -5.2096 -5.2700
v  -0.0844 -4.9128 -5.1642
v  -0.1700 -5.0172 -5.1747
v  -0.2567 -5.1228 -5.1915
v  -0.3441 -5.2292 -5.2151
v  -0.4320 -5.3363 -5.2454
v  -0.4793 -5.3940 -5.2646
v  -0.4851 -5.4011 -5.2703
v  -0.4880 -5.4046 -5.2790
v  -0.4885 -5.4053 -5.2892
v  -0.4862 -5.4024 -5.3024
v  -0.4839 -5.3996 -5.3077
v  -0.4800 -5.3948 -5.3099
v  -0.4291 -5.3328 -5.3101
v  -0.4254 -5.3283 -5.3140
v  -0.4229 -5.3253 -5.3198
v  -0.4229 -5.3253 -5.4029
v  -0.4253 -5.3281 -5.4091
v  -0.4292 -5.3329 -5.4129
v  -0.4514 -5.3601 -5.4129
v  -0.4590 -5.3692 -5.4131
v  -0.4630 -5.3741 -5.4153
v  -0.4652 -5.3768 -5.4255
v  -0.4632 -5.3743 -5.4395
v  -0.3964 -5.2930 -5.3299
v  -0.3937 -5.2897 -5.3078
v  -0.3855 -5.2798 -5.2880
v  -0.3727 -5.2641 -5.2744
v  -0.3585 -5.2468 -5.2700
v  -0.0739 -4.9206 -5.1642
v  -0.1489 -5.0328 -5.1747
v  -0.2248 -5.1464 -5.1915
v  -0.3013 -5.2610 -5.2151
v  -0.3783 -5.3761 -5.2454
v  -0.4198 -5.4382 -5.2646
v  -0.4248 -5.4458 -5.2703
v  -0.4274 -5.4496 -5.2790
v  -0.4278 -5.4503 -5.2892
v  -0.4258 -5.4472 -5.3024
v  -0.4238 -5.4442 -5.3077
v  -0.4203 -5.4390 -5.3099
v  -0.3758 -5.3724 -5.3100
v  -0.3719 -5.3665 -5.3129
v  -0.3702 -5.3640 -5.3197
v  -0.3704 -5.3643 -5.4029
v  -0.3724 -5.3673 -5.4091
v  -0.3758 -5.3724 -5.4129
v  -0.3954 -5.4017 -5.4129
v  -0.4019 -5.4115 -5.4131
v  -0.4055 -5.4168 -5.4153
v  -0.4074 -5.4197 -5.4255
v  -0.4056 -5.4170 -5.4395
v  -0.3472 -5.3295 -5.3299
v  -0.3448 -5.3260 -5.3079
v  -0.3376 -5.3153 -5.2881
v  -0.3264 -5.2984 -5.2745
v  -0.3140 -5.2798 -5.2700
v  -0.0627 -4.9273 -5.1642
v  -0.1264 -5.0463 -5.1747
v  -0.1908 -5.1668 -5.1915
v  -0.2557 -5.2883 -5.2151
v  -0.3210 -5.4105 -5.2454
v  -0.3562 -5.4763 -5.2646
v  -0.3605 -5.4844 -5.2703
v  -0.3627 -5.4884 -5.2790
v  -0.3630 -5.4891 -5.2892
v  -0.3613 -5.4859 -5.3024
v  -0.3596 -5.4827 -5.3077
v  -0.3566 -5.4772 -5.3099
v  -0.3189 -5.4065 -5.3100
v  -0.3155 -5.4002 -5.3129
v  -0.3141 -5.3976 -5.3197
v  -0.3143 -5.3979 -5.4029
v  -0.3160 -5.4011 -5.4091
v  -0.3189 -5.4066 -5.4129
v  -0.3355 -5.4376 -5.4129
v  -0.3410 -5.4480 -5.4131
v  -0.3441 -5.4536 -5.4153
v  -0.3457 -5.4567 -5.4255
v  -0.3442 -5.4538 -5.4395
v  -0.2946 -5.3610 -5.3299
v  -0.2925 -5.3573 -5.3079
v  -0.2865 -5.3459 -5.2881
v  -0.2769 -5.3281 -5.2745
v  -0.2664 -5.3084 -5.2700
v  -0.0509 -4.9329 -5.1642
v  -0.1026 -5.0576 -5.1747
v  -0.1549 -5.1838 -5.1915
v  -0.2076 -5.3111 -5.2150
v  -0.2606 -5.4390 -5.2454
v  -0.2891 -5.5080 -5.2647
v  -0.2927 -5.5165 -5.2702
v  -0.2944 -5.5207 -5.2790
v  -0.2947 -5.5214 -5.2892
v  -0.2933 -5.5181 -5.3024
v  -0.2919 -5.5147 -5.3077
v  -0.2895 -5.5089 -5.3099
v  -0.2589 -5.4349 -5.3100
v  -0.2561 -5.4283 -5.3129
v  -0.2550 -5.4256 -5.3197
v  -0.2551 -5.4259 -5.4029
v  -0.2565 -5.4293 -5.4091
v  -0.2589 -5.4349 -5.4129
v  -0.2723 -5.4674 -5.4129
v  -0.2769 -5.4783 -5.4131
v  -0.2793 -5.4843 -5.4153
v  -0.2806 -5.4875 -5.4255
v  -0.2794 -5.4845 -5.4395
v  -0.2391 -5.3873 -5.3299
v  -0.2375 -5.3833 -5.3079
v  -0.2326 -5.3714 -5.2881
v  -0.2248 -5.3527 -5.2745
v  -0.2162 -5.3320 -5.2709
v  -0.0386 -4.9373 -5.1642
v  -0.0778 -5.0665 -5.1747
v  -0.1175 -5.1972 -5.1915
v  -0.1575 -5.3290 -5.2151
v  -0.1977 -5.4616 -5.2454
v  -0.2193 -5.5330 -5.2647
v  -0.2220 -5.5418 -5.2702
v  -0.2233 -5.5461 -5.2790
v  -0.2236 -5.5469 -5.2892
v  -0.2225 -5.5434 -5.3024
v  -0.2215 -5.5399 -5.3077
v  -0.2196 -5.5339 -5.3099
v  -0.1964 -5.4572 -5.3100
v  -0.1943 -5.4505 -5.3129
v  -0.1934 -5.4476 -5.3197
v  -0.1935 -5.4479 -5.4029
v  -0.1946 -5.4514 -5.4091
v  -0.1964 -5.4573 -5.4129
v  -0.2066 -5.4909 -5.4129
v  -0.2100 -5.5023 -5.4131
v  -0.2119 -5.5084 -5.4153
v  -0.2129 -5.5117 -5.4255
v  -0.2119 -5.5086 -5.4395
v  -0.1814 -5.4079 -5.3299
v  -0.1802 -5.4038 -5.3079
v  -0.1764 -5.3915 -5.2881
v  -0.1706 -5.3722 -5.2741
v  -0.1640 -5.3507 -5.2708
v  -0.0260 -4.9405 -5.1642
v  -0.0523 -5.0728 -5.1747
v  -0.0790 -5.2068 -5.1916
v  -0.1058 -5.3419 -5.2151
v  -0.1329 -5.4778 -5.2454
v  -0.1474 -5.5510 -5.2646
v  -0.1492 -5.5600 -5.2703
v  -0.1501 -5.5645 -5.2790
v  -0.1503 -5.5652 -5.2892
v  -0.1495 -5.5617 -5.3024
v  -0.1488 -5.5581 -5.3077
v  -0.1476 -5.5520 -5.3099
v  -0.1320 -5.4733 -5.3100
v  -0.1306 -5.4664 -5.3129
v  -0.1300 -5.4635 -5.3197
v  -0.1301 -5.4638 -5.4029
v  -0.1308 -5.4674 -5.4091
v  -0.1320 -5.4734 -5.4129
v  -0.1388 -5.5079 -5.4129
v  -0.1412 -5.5195 -5.4131
v  -0.1424 -5.5258 -5.4153
v  -0.1431 -5.5292 -5.4255
v  -0.1424 -5.5260 -5.4395
v  -0.1219 -5.4228 -5.3299
v  -0.1211 -5.4187 -5.3078
v  -0.1186 -5.4060 -5.2880
v  -0.1146 -5.3861 -5.2744
v  -0.1103 -5.3642 -5.2700
v  -0.0131 -4.9424 -5.1642
v  -0.0263 -5.0767 -5.1747
v  -0.0397 -5.2126 -5.1916
v  -0.0532 -5.3497 -5.2151
v  -0.0668 -5.4876 -5.2454
v  -0.0741 -5.5619 -5.2646
v  -0.0750 -5.5710 -5.2703
v  -0.0754 -5.5756 -5.2790
v  -0.0755 -5.5763 -5.2892
v  -0.0751 -5.5727 -5.3024
v  -0.0748 -5.5691 -5.3077
v  -0.0742 -5.5629 -5.3099
v  -0.0663 -5.4831 -5.3100
v  -0.0656 -5.4761 -5.3129
v  -0.0653 -5.4732 -5.3198
v  -0.0654 -5.4734 -5.4029
v  -0.0657 -5.4771 -5.4091
v  -0.0663 -5.4832 -5.4129
v  -0.0698 -5.5181 -5.4129
v  -0.0709 -5.5299 -5.4131
v  -0.0716 -5.5363 -5.4153
v  -0.0719 -5.5397 -5.4255
v  -0.0716 -5.5365 -5.4395
v  -0.0613 -5.4318 -5.3299
v  -0.0609 -5.4276 -5.3078
v  -0.0596 -5.4148 -5.2880
v  -0.0576 -5.3946 -5.2744
v  -0.0554 -5.3724 -5.2700
v  -0.0000 -4.8100 -5.2709
v  -0.0000 -5.5095 -5.4699
v  -0.0000 -5.5025 -5.4699
v  -0.0000 -5.5144 -5.4650
v  0.0685 -5.5061 -5.4699
v  0.0690 -5.5110 -5.4650
v  0.0678 -5.4991 -5.4699
v  -0.0000 -5.4650 -5.4699
v  -0.0000 -5.4615 -5.4638
v  -0.0000 -5.4720 -5.4699
v  0.0642 -5.4618 -5.4699
v  0.0649 -5.4688 -5.4699
v  0.0638 -5.4584 -5.4638
v  -0.0000 -5.4350 -5.4179
v  -0.0000 -5.4350 -5.4109
v  -0.0000 -5.4385 -5.4240
v  0.0612 -5.4320 -5.4179
v  0.0616 -5.4355 -5.4240
v  0.0612 -5.4320 -5.4109
v  0.1364 -5.4960 -5.4699
v  0.1374 -5.5009 -5.4650
v  0.1351 -5.4891 -5.4699
v  0.1278 -5.4524 -5.4699
v  0.1291 -5.4593 -5.4699
v  0.1271 -5.4490 -5.4638
v  0.1219 -5.4230 -5.4179
v  0.1226 -5.4264 -5.4240
v  0.1219 -5.4230 -5.4109
v  0.2030 -5.4793 -5.4699
v  0.2045 -5.4841 -5.4650
v  0.2010 -5.4726 -5.4699
v  0.1901 -5.4368 -5.4699
v  0.1921 -5.4435 -5.4699
v  0.1891 -5.4334 -5.4638
v  0.1814 -5.4081 -5.4179
v  0.1824 -5.4114 -5.4240
v  0.1814 -5.4081 -5.4109
v  0.2676 -5.4562 -5.4699
v  0.2695 -5.4608 -5.4650
v  0.2650 -5.4497 -5.4699
v  0.2506 -5.4151 -5.4699
v  0.2533 -5.4216 -5.4699
v  0.2493 -5.4119 -5.4638
v  0.2391 -5.3874 -5.4179
v  0.2405 -5.3907 -5.4240
v  0.2391 -5.3874 -5.4109
v  0.3297 -5.4269 -5.4699
v  0.3320 -5.4312 -5.4650
v  0.3264 -5.4207 -5.4699
v  0.3087 -5.3877 -5.4699
v  0.3120 -5.3938 -5.4699
v  0.3071 -5.3846 -5.4638
v  0.2946 -5.3612 -5.4179
v  0.2962 -5.3643 -5.4240
v  0.2946 -5.3612 -5.4109
v  0.3886 -5.3916 -5.4699
v  0.3913 -5.3957 -5.4650
v  0.3847 -5.3858 -5.4699
v  0.3639 -5.3546 -5.4699
v  0.3678 -5.3604 -5.4699
v  0.3619 -5.3517 -5.4638
v  0.3472 -5.3297 -5.4179
v  0.3491 -5.3326 -5.4240
v  0.3472 -5.3297 -5.4109
v  0.4437 -5.3507 -5.4699
v  0.4468 -5.3545 -5.4650
v  0.4393 -5.3453 -5.4699
v  0.4155 -5.3163 -5.4699
v  0.4199 -5.3217 -5.4699
v  0.4133 -5.3136 -5.4638
v  0.3965 -5.2931 -5.4179
v  0.3987 -5.2958 -5.4240
v  0.3965 -5.2931 -5.4109
v  0.4946 -5.3046 -5.4699
v  0.4981 -5.3081 -5.4650
v  0.4896 -5.2996 -5.4699
v  0.4631 -5.2732 -5.4699
v  0.4681 -5.2781 -5.4699
v  0.4607 -5.2707 -5.4638
v  0.4419 -5.2519 -5.4179
v  0.4444 -5.2544 -5.4240
v  0.4419 -5.2519 -5.4109
v  0.5407 -5.2537 -5.4699
v  0.5445 -5.2569 -5.4650
v  0.5352 -5.2493 -5.4699
v  0.5063 -5.2255 -5.4699
v  0.5117 -5.2300 -5.4699
v  0.5036 -5.2233 -5.4638
v  0.4831 -5.2065 -5.4179
v  0.4858 -5.2087 -5.4240
v  0.4831 -5.2065 -5.4109
v  0.5815 -5.1986 -5.4699
v  0.5857 -5.2014 -5.4650
v  0.5757 -5.1947 -5.4699
v  0.5446 -5.1739 -5.4699
v  0.5504 -5.1778 -5.4699
v  0.5417 -5.1720 -5.4638
v  0.5196 -5.1572 -5.4179
v  0.5226 -5.1592 -5.4240
v  0.5196 -5.1572 -5.4109
v  0.6168 -5.1397 -5.4699
v  0.6212 -5.1421 -5.4650
v  0.6107 -5.1364 -5.4699
v  0.5776 -5.1188 -5.4699
v  0.5838 -5.1221 -5.4699
v  0.5745 -5.1171 -5.4638
v  0.5512 -5.1046 -5.4179
v  0.5543 -5.1063 -5.4240
v  0.5512 -5.1046 -5.4109
v  0.6462 -5.0777 -5.4699
v  0.6508 -5.0796 -5.4650
v  0.6397 -5.0750 -5.4699
v  0.6051 -5.0607 -5.4699
v  0.6116 -5.0633 -5.4699
v  0.6019 -5.0593 -5.4638
v  0.5774 -5.0492 -5.4179
v  0.5806 -5.0505 -5.4240
v  0.5774 -5.0492 -5.4109
v  0.6693 -5.0130 -5.4699
v  0.6741 -5.0145 -5.4650
v  0.6626 -5.0110 -5.4699
v  0.6268 -5.0001 -5.4699
v  0.6335 -5.0022 -5.4699
v  0.6234 -4.9991 -5.4638
v  0.5981 -4.9914 -5.4179
v  0.6014 -4.9924 -5.4240
v  0.5980 -4.9914 -5.4109
v  0.6860 -4.9465 -5.4699
v  0.6908 -4.9474 -5.4650
v  0.6791 -4.9451 -5.4699
v  0.6424 -4.9378 -5.4699
v  0.6493 -4.9392 -5.4699
v  0.6390 -4.9371 -5.4638
v  0.6130 -4.9319 -5.4179
v  0.6164 -4.9326 -5.4240
v  0.6129 -4.9319 -5.4109
v  0.6961 -4.8786 -5.4699
v  0.7010 -4.8790 -5.4650
v  0.6891 -4.8779 -5.4699
v  0.6518 -4.8742 -5.4699
v  0.6588 -4.8749 -5.4699
v  0.6483 -4.8739 -5.4638
v  0.6220 -4.8713 -5.4179
v  0.6254 -4.8716 -5.4240
v  0.6219 -4.8713 -5.4109
v  0.6994 -4.8100 -5.4699
v  0.7044 -4.8100 -5.4650
v  0.6924 -4.8100 -5.4699
v  0.6550 -4.8100 -5.4699
v  0.6620 -4.8100 -5.4699
v  0.6515 -4.8100 -5.4638
v  0.6250 -4.8100 -5.4179
v  0.6285 -4.8100 -5.4240
v  0.6250 -4.8100 -5.4109
v  0.6961 -4.7414 -5.4699
v  0.7010 -4.7410 -5.4650
v  0.6891 -4.7421 -5.4699
v  0.6518 -4.7458 -5.4699
v  0.6588 -4.7451 -5.4699
v  0.6483 -4.7461 -5.4638
v  0.6220 -4.7487 -5.4179
v  0.6254 -4.7484 -5.4240
v  0.6219 -4.7487 -5.4109
v  0.6860 -4.6735 -5.4699
v  0.6908 -4.6726 -5.4650
v  0.6791 -4.6749 -5.4699
v  0.6424 -4.6822 -5.4699
v  0.6493 -4.6809 -5.4699
v  0.6390 -4.6829 -5.4638
v  0.6130 -4.6881 -5.4179
v  0.6164 -4.6874 -5.4240
v  0.6130 -4.6881 -5.4109
v  0.6693 -4.6070 -5.4699
v  0.6741 -4.6055 -5.4650
v  0.6626 -4.6090 -5.4699
v  0.6268 -4.6199 -5.4699
v  0.6335 -4.6178 -5.4699
v  0.6234 -4.6209 -5.4638
v  0.5981 -4.6286 -5.4179
v  0.6014 -4.6276 -5.4240
v  0.5980 -4.6286 -5.4109
v  0.6462 -4.5423 -5.4699
v  0.6508 -4.5404 -5.4650
v  0.6397 -4.5450 -5.4699
v  0.6051 -4.5593 -5.4699
v  0.6116 -4.5567 -5.4699
v  0.6019 -4.5607 -5.4638
v  0.5774 -4.5708 -5.4179
v  0.5806 -4.5695 -5.4240
v  0.5774 -4.5708 -5.4109
v  0.6168 -4.4803 -5.4699
v  0.6212 -4.4779 -5.4650
v  0.6107 -4.4836 -5.4699
v  0.5776 -4.5012 -5.4699
v  0.5838 -4.4979 -5.4699
v  0.5745 -4.5029 -5.4638
v  0.5512 -4.5154 -5.4179
v  0.5543 -4.5137 -5.4240
v  0.5512 -4.5154 -5.4109
v  0.5815 -4.4214 -5.4699
v  0.5857 -4.4187 -5.4650
v  0.5757 -4.4253 -5.4699
v  0.5446 -4.4461 -5.4699
v  0.5504 -4.4422 -5.4699
v  0.5417 -4.4481 -5.4638
v  0.5196 -4.4628 -5.4179
v  0.5226 -4.4608 -5.4240
v  0.5196 -4.4628 -5.4109
v  0.5407 -4.3663 -5.4699
v  0.5445 -4.3631 -5.4650
v  0.5352 -4.3707 -5.4699
v  0.5063 -4.3945 -5.4699
v  0.5117 -4.3900 -5.4699
v  0.5036 -4.3967 -5.4638
v  0.4831 -4.4135 -5.4179
v  0.4858 -4.4113 -5.4240
v  0.4831 -4.4135 -5.4109
v  0.4946 -4.3154 -5.4699
v  0.4981 -4.3119 -5.4650
v  0.4896 -4.3204 -5.4699
v  0.4631 -4.3468 -5.4699
v  0.4681 -4.3419 -5.4699
v  0.4607 -4.3493 -5.4638
v  0.4419 -4.3681 -5.4179
v  0.4444 -4.3656 -5.4240
v  0.4419 -4.3681 -5.4109
v  0.4437 -4.2693 -5.4699
v  0.4468 -4.2655 -5.4650
v  0.4393 -4.2747 -5.4699
v  0.4155 -4.3037 -5.4699
v  0.4199 -4.2983 -5.4699
v  0.4133 -4.3064 -5.4638
v  0.3965 -4.3269 -5.4179
v  0.3987 -4.3242 -5.4240
v  0.3965 -4.3269 -5.4109
v  0.3886 -4.2284 -5.4699
v  0.3913 -4.2243 -5.4650
v  0.3847 -4.2343 -5.4699
v  0.3639 -4.2654 -5.4699
v  0.3678 -4.2596 -5.4699
v  0.3619 -4.2683 -5.4638
v  0.3472 -4.2903 -5.4179
v  0.3492 -4.2874 -5.4240
v  0.3472 -4.2903 -5.4109
v  0.3297 -4.1931 -5.4699
v  0.3320 -4.1888 -5.4650
v  0.3264 -4.1993 -5.4699
v  0.3087 -4.2323 -5.4699
v  0.3120 -4.2262 -5.4699
v  0.3071 -4.2354 -5.4638
v  0.2946 -4.2588 -5.4179
v  0.2962 -4.2557 -5.4240
v  0.2946 -4.2588 -5.4109
v  0.2676 -4.1638 -5.4699
v  0.2695 -4.1592 -5.4650
v  0.2650 -4.1703 -5.4699
v  0.2506 -4.2049 -5.4699
v  0.2533 -4.1984 -5.4699
v  0.2493 -4.2081 -5.4638
v  0.2392 -4.2326 -5.4179
v  0.2405 -4.2293 -5.4240
v  0.2391 -4.2326 -5.4109
v  0.2030 -4.1407 -5.4699
v  0.2045 -4.1359 -5.4650
v  0.2010 -4.1474 -5.4699
v  0.1901 -4.1832 -5.4699
v  0.1921 -4.1765 -5.4699
v  0.1891 -4.1866 -5.4638
v  0.1814 -4.2119 -5.4179
v  0.1824 -4.2086 -5.4240
v  0.1814 -4.2119 -5.4109
v  0.1364 -4.1240 -5.4699
v  0.1374 -4.1191 -5.4650
v  0.1351 -4.1309 -5.4699
v  0.1278 -4.1676 -5.4699
v  0.1291 -4.1607 -5.4699
v  0.1271 -4.1710 -5.4638
v  0.1219 -4.1970 -5.4179
v  0.1226 -4.1936 -5.4240
v  0.1219 -4.1970 -5.4109
v  0.0685 -4.1139 -5.4699
v  0.0690 -4.1090 -5.4650
v  0.0678 -4.1209 -5.4699
v  0.0642 -4.1582 -5.4699
v  0.0649 -4.1512 -5.4699
v  0.0638 -4.1616 -5.4638
v  0.0612 -4.1880 -5.4179
v  0.0616 -4.1845 -5.4240
v  0.0612 -4.1880 -5.4109
v  -0.0000 -4.1106 -5.4699
v  -0.0000 -4.1056 -5.4650
v  -0.0000 -4.1176 -5.4699
v  -0.0000 -4.1550 -5.4699
v  -0.0000 -4.1480 -5.4699
v  -0.0000 -4.1585 -5.4638
v  -0.0000 -4.1850 -5.4179
v  -0.0000 -4.1815 -5.4240
v  -0.0000 -4.1850 -5.4109
v  -0.0686 -4.1139 -5.4699
v  -0.0691 -4.1090 -5.4650
v  -0.0679 -4.1209 -5.4699
v  -0.0642 -4.1582 -5.4699
v  -0.0649 -4.1512 -5.4699
v  -0.0639 -4.1616 -5.4638
v  -0.0613 -4.1880 -5.4179
v  -0.0616 -4.1845 -5.4240
v  -0.0613 -4.1880 -5.4109
v  -0.1365 -4.1240 -5.4699
v  -0.1374 -4.1191 -5.4650
v  -0.1351 -4.1309 -5.4699
v  -0.1278 -4.1676 -5.4699
v  -0.1292 -4.1607 -5.4699
v  -0.1271 -4.1710 -5.4638
v  -0.1220 -4.1970 -5.4179
v  -0.1226 -4.1936 -5.4240
v  -0.1220 -4.1970 -5.4109
v  -0.2031 -4.1407 -5.4699
v  -0.2045 -4.1359 -5.4650
v  -0.2010 -4.1474 -5.4699
v  -0.1902 -4.1832 -5.4699
v  -0.1922 -4.1765 -5.4699
v  -0.1891 -4.1866 -5.4638
v  -0.1815 -4.2119 -5.4179
v  -0.1825 -4.2086 -5.4240
v  -0.1814 -4.2119 -5.4109
v  -0.2677 -4.1638 -5.4699
v  -0.2696 -4.1592 -5.4650
v  -0.2650 -4.1703 -5.4699
v  -0.2507 -4.2049 -5.4699
v  -0.2534 -4.1984 -5.4699
v  -0.2493 -4.2081 -5.4638
v  -0.2392 -4.2326 -5.4179
v  -0.2405 -4.2293 -5.4240
v  -0.2392 -4.2326 -5.4109
v  -0.3297 -4.1931 -5.4699
v  -0.3321 -4.1888 -5.4650
v  -0.3264 -4.1993 -5.4699
v  -0.3088 -4.2323 -5.4699
v  -0.3121 -4.2262 -5.4699
v  -0.3071 -4.2354 -5.4638
v  -0.2946 -4.2588 -5.4179
v  -0.2963 -4.2557 -5.4240
v  -0.2946 -4.2588 -5.4109
v  -0.3886 -4.2284 -5.4699
v  -0.3914 -4.2243 -5.4650
v  -0.3847 -4.2343 -5.4699
v  -0.3639 -4.2654 -5.4699
v  -0.3678 -4.2596 -5.4699
v  -0.3620 -4.2683 -5.4638
v  -0.3473 -4.2903 -5.4179
v  -0.3492 -4.2874 -5.4240
v  -0.3472 -4.2903 -5.4109
v  -0.4438 -4.2693 -5.4699
v  -0.4469 -4.2655 -5.4650
v  -0.4393 -4.2747 -5.4699
v  -0.4156 -4.3037 -5.4699
v  -0.4200 -4.2983 -5.4699
v  -0.4133 -4.3064 -5.4638
v  -0.3965 -4.3269 -5.4179
v  -0.3987 -4.3242 -5.4240
v  -0.3965 -4.3269 -5.4109
v  -0.4946 -4.3154 -5.4699
v  -0.4981 -4.3119 -5.4650
v  -0.4897 -4.3204 -5.4699
v  -0.4632 -4.3468 -5.4699
v  -0.4681 -4.3419 -5.4699
v  -0.4607 -4.3493 -5.4638
v  -0.4420 -4.3681 -5.4179
v  -0.4444 -4.3656 -5.4240
v  -0.4420 -4.3681 -5.4109
v  -0.5407 -4.3663 -5.4699
v  -0.5445 -4.3631 -5.4650
v  -0.5353 -4.3707 -5.4699
v  -0.5063 -4.3945 -5.4699
v  -0.5118 -4.3900 -5.4699
v  -0.5036 -4.3967 -5.4638
v  -0.4832 -4.4135 -5.4179
v  -0.4859 -4.4113 -5.4240
v  -0.4831 -4.4135 -5.4109
v  -0.5816 -4.4214 -5.4699
v  -0.5857 -4.4187 -5.4650
v  -0.5758 -4.4253 -5.4699
v  -0.5446 -4.4461 -5.4699
v  -0.5505 -4.4422 -5.4699
v  -0.5417 -4.4480 -5.4638
v  -0.5197 -4.4628 -5.4179
v  -0.5226 -4.4608 -5.4240
v  -0.5197 -4.4628 -5.4109
v  -0.6169 -4.4803 -5.4699
v  -0.6213 -4.4779 -5.4650
v  -0.6107 -4.4836 -5.4699
v  -0.5777 -4.5012 -5.4699
v  -0.5839 -4.4979 -5.4699
v  -0.5746 -4.5029 -5.4638
v  -0.5512 -4.5154 -5.4179
v  -0.5543 -4.5137 -5.4240
v  -0.5512 -4.5154 -5.4109
v  -0.6462 -4.5423 -5.4699
v  -0.6508 -4.5404 -5.4650
v  -0.6398 -4.5450 -5.4699
v  -0.6052 -4.5593 -5.4699
v  -0.6116 -4.5567 -5.4699
v  -0.6019 -4.5607 -5.4638
v  -0.5775 -4.5708 -5.4179
v  -0.5807 -4.5695 -5.4240
v  -0.5774 -4.5708 -5.4109
v  -0.6694 -4.6070 -5.4699
v  -0.6741 -4.6055 -5.4650
v  -0.6627 -4.6090 -5.4699
v  -0.6268 -4.6199 -5.4699
v  -0.6335 -4.6178 -5.4699
v  -0.6235 -4.6209 -5.4638
v  -0.5981 -4.6286 -5.4179
v  -0.6015 -4.6276 -5.4240
v  -0.5981 -4.6286 -5.4109
v  -0.6860 -4.6735 -5.4699
v  -0.6909 -4.6726 -5.4650
v  -0.6792 -4.6749 -5.4699
v  -0.6424 -4.6822 -5.4699
v  -0.6493 -4.6808 -5.4699
v  -0.6390 -4.6829 -5.4638
v  -0.6130 -4.6881 -5.4179
v  -0.6164 -4.6874 -5.4240
v  -0.6130 -4.6881 -5.4109
v  -0.6961 -4.7414 -5.4699
v  -0.7010 -4.7410 -5.4650
v  -0.6891 -4.7421 -5.4699
v  -0.6519 -4.7458 -5.4699
v  -0.6588 -4.7451 -5.4699
v  -0.6484 -4.7461 -5.4638
v  -0.6220 -4.7487 -5.4179
v  -0.6255 -4.7484 -5.4240
v  -0.6220 -4.7487 -5.4109
v  -0.6995 -4.8100 -5.4699
v  -0.7044 -4.8100 -5.4650
v  -0.6925 -4.8100 -5.4699
v  -0.6550 -4.8100 -5.4699
v  -0.6620 -4.8100 -5.4699
v  -0.6515 -4.8100 -5.4638
v  -0.6250 -4.8100 -5.4179
v  -0.6285 -4.8100 -5.4240
v  -0.6250 -4.8100 -5.4109
v  -0.6961 -4.8786 -5.4699
v  -0.7010 -4.8790 -5.4650
v  -0.6891 -4.8779 -5.4699
v  -0.6519 -4.8742 -5.4699
v  -0.6588 -4.8749 -5.4699
v  -0.6484 -4.8739 -5.4638
v  -0.6220 -4.8713 -5.4179
v  -0.6255 -4.8716 -5.4240
v  -0.6220 -4.8713 -5.4109
v  -0.6860 -4.9465 -5.4699
v  -0.6909 -4.9474 -5.4650
v  -0.6792 -4.9451 -5.4699
v  -0.6424 -4.9378 -5.4699
v  -0.6493 -4.9391 -5.4699
v  -0.6390 -4.9371 -5.4638
v  -0.6130 -4.9319 -5.4179
v  -0.6165 -4.9326 -5.4240
v  -0.6130 -4.9319 -5.4109
v  -0.6694 -5.0130 -5.4699
v  -0.6741 -5.0145 -5.4650
v  -0.6627 -5.0110 -5.4699
v  -0.6268 -5.0001 -5.4699
v  -0.6335 -5.0022 -5.4699
v  -0.6235 -4.9991 -5.4638
v  -0.5981 -4.9914 -5.4179
v  -0.6015 -4.9924 -5.4240
v  -0.5981 -4.9914 -5.4109
v  -0.6462 -5.0777 -5.4699
v  -0.6508 -5.0796 -5.4650
v  -0.6398 -5.0750 -5.4699
v  -0.6052 -5.0607 -5.4699
v  -0.6116 -5.0633 -5.4699
v  -0.6019 -5.0593 -5.4638
v  -0.5775 -5.0492 -5.4179
v  -0.5807 -5.0505 -5.4240
v  -0.5774 -5.0492 -5.4109
v  -0.6169 -5.1397 -5.4699
v  -0.6213 -5.1421 -5.4650
v  -0.6107 -5.1364 -5.4699
v  -0.5777 -5.1188 -5.4699
v  -0.5839 -5.1221 -5.4699
v  -0.5746 -5.1171 -5.4638
v  -0.5512 -5.1046 -5.4179
v  -0.5543 -5.1063 -5.4240
v  -0.5512 -5.1046 -5.4109
v  -0.5816 -5.1986 -5.4699
v  -0.5857 -5.2013 -5.4650
v  -0.5758 -5.1947 -5.4699
v  -0.5446 -5.1739 -5.4699
v  -0.5505 -5.1778 -5.4699
v  -0.5417 -5.1720 -5.4638
v  -0.5197 -5.1572 -5.4179
v  -0.5226 -5.1592 -5.4240
v  -0.5197 -5.1572 -5.4109
v  -0.5407 -5.2537 -5.4699
v  -0.5445 -5.2569 -5.4650
v  -0.5353 -5.2493 -5.4699
v  -0.5063 -5.2255 -5.4699
v  -0.5118 -5.2300 -5.4699
v  -0.5036 -5.2233 -5.4638
v  -0.4832 -5.2065 -5.4179
v  -0.4859 -5.2087 -5.4240
v  -0.4831 -5.2065 -5.4109
v  -0.4946 -5.3046 -5.4699
v  -0.4981 -5.3081 -5.4650
v  -0.4897 -5.2996 -5.4699
v  -0.4632 -5.2732 -5.4699
v  -0.4681 -5.2781 -5.4699
v  -0.4607 -5.2707 -5.4638
v  -0.4420 -5.2519 -5.4179
v  -0.4444 -5.2544 -5.4240
v  -0.4420 -5.2519 -5.4109
v  -0.4438 -5.3507 -5.4699
v  -0.4469 -5.3545 -5.4650
v  -0.4393 -5.3453 -5.4699
v  -0.4156 -5.3163 -5.4699
v  -0.4200 -5.3217 -5.4699
v  -0.4133 -5.3136 -5.4638
v  -0.3965 -5.2931 -5.4179
v  -0.3987 -5.2958 -5.4240
v  -0.3965 -5.2931 -5.4109
v  -0.3886 -5.3916 -5.4699
v  -0.3914 -5.3957 -5.4650
v  -0.3847 -5.3858 -5.4699
v  -0.3639 -5.3546 -5.4699
v  -0.3678 -5.3604 -5.4699
v  -0.3620 -5.3517 -5.4638
v  -0.3473 -5.3297 -5.4179
v  -0.3492 -5.3326 -5.4240
v  -0.3473 -5.3297 -5.4109
v  -0.3297 -5.4269 -5.4699
v  -0.3321 -5.4312 -5.4650
v  -0.3264 -5.4207 -5.4699
v  -0.3088 -5.3877 -5.4699
v  -0.3121 -5.3938 -5.4699
v  -0.3071 -5.3846 -5.4638
v  -0.2947 -5.3612 -5.4179
v  -0.2963 -5.3643 -5.4240
v  -0.2946 -5.3612 -5.4109
v  -0.2677 -5.4562 -5.4699
v  -0.2696 -5.4608 -5.4650
v  -0.2650 -5.4497 -5.4699
v  -0.2507 -5.4151 -5.4699
v  -0.2534 -5.4216 -5.4699
v  -0.2493 -5.4119 -5.4638
v  -0.2392 -5.3874 -5.4179
v  -0.2405 -5.3907 -5.4240
v  -0.2392 -5.3874 -5.4109
v  -0.2031 -5.4793 -5.4699
v  -0.2045 -5.4841 -5.4650
v  -0.2010 -5.4726 -5.4699
v  -0.1902 -5.4368 -5.4699
v  -0.1922 -5.4435 -5.4699
v  -0.1892 -5.4334 -5.4638
v  -0.1815 -5.4081 -5.4179
v  -0.1825 -5.4114 -5.4240
v  -0.1815 -5.4081 -5.4109
v  -0.1365 -5.4960 -5.4699
v  -0.1375 -5.5009 -5.4650
v  -0.1351 -5.4891 -5.4699
v  -0.1278 -5.4524 -5.4699
v  -0.1292 -5.4593 -5.4699
v  -0.1271 -5.4490 -5.4638
v  -0.1220 -5.4230 -5.4179
v  -0.1226 -5.4264 -5.4240
v  -0.1220 -5.4230 -5.4109
v  -0.0686 -5.5061 -5.4699
v  -0.0691 -5.5110 -5.4650
v  -0.0679 -5.4991 -5.4699
v  -0.0642 -5.4618 -5.4699
v  -0.0649 -5.4688 -5.4699
v  -0.0639 -5.4584 -5.4638
v  -0.0613 -5.4320 -5.4179
v  -0.0616 -5.4355 -5.4240
v  -0.0613 -5.4320 -5.4109
v  0.0734 -5.5559 -5.3100
v  -0.0000 -5.5595 -5.3100
v  -0.0735 -5.5559 -5.3099
v  -0.1463 -5.5451 -5.3099
v  -0.2176 -5.5272 -5.3099
v  -0.2869 -5.5025 -5.3099
v  -0.3533 -5.4710 -5.3099
v  -0.4164 -5.4332 -5.3099
v  -0.4755 -5.3894 -5.3099
v  -0.5300 -5.3400 -5.3099
v  -0.5794 -5.2855 -5.3099
v  -0.6232 -5.2264 -5.3099
v  -0.6610 -5.1633 -5.3099
v  -0.6925 -5.0968 -5.3099
v  -0.7173 -5.0276 -5.3099
v  -0.7351 -4.9562 -5.3099
v  -0.7459 -4.8835 -5.3099
v  -0.7495 -4.8100 -5.3099
v  -0.7459 -4.7365 -5.3099
v  -0.7351 -4.6638 -5.3099
v  -0.7173 -4.5924 -5.3099
v  -0.6925 -4.5232 -5.3099
v  -0.6610 -4.4567 -5.3099
v  -0.6232 -4.3936 -5.3099
v  -0.5794 -4.3345 -5.3100
v  -0.5300 -4.2800 -5.3100
v  -0.4755 -4.2306 -5.3099
v  -0.4164 -4.1868 -5.3099
v  -0.3533 -4.1490 -5.3100
v  -0.2869 -4.1175 -5.3100
v  -0.2176 -4.0928 -5.3099
v  -0.1462 -4.0749 -5.3100
v  -0.0735 -4.0641 -5.3100
v  -0.0000 -4.0605 -5.3100
v  0.0734 -4.0641 -5.3100
v  0.1462 -4.0749 -5.3100
v  0.2175 -4.0928 -5.3100
v  0.2868 -4.1175 -5.3100
v  0.3533 -4.1490 -5.3100
v  0.4164 -4.1868 -5.3100
v  0.4755 -4.2306 -5.3100
v  0.5300 -4.2800 -5.3100
v  0.5794 -4.3345 -5.3100
v  0.6232 -4.3936 -5.3100
v  0.6610 -4.4567 -5.3100
v  0.6924 -4.5232 -5.3100
v  0.7172 -4.5924 -5.3100
v  0.7351 -4.6638 -5.3100
v  0.7459 -4.7365 -5.3100
v  0.7495 -4.8100 -5.3099
v  0.7459 -4.8835 -5.3100
v  0.7351 -4.9562 -5.3100
v  0.7172 -5.0276 -5.3100
v  0.6924 -5.0968 -5.3100
v  0.6610 -5.1633 -5.3099
v  0.6232 -5.2264 -5.3099
v  0.5794 -5.2855 -5.3099
v  0.5300 -5.3400 -5.3099
v  0.4755 -5.3894 -5.3099
v  0.4164 -5.4332 -5.3099
v  0.3533 -5.4710 -5.3099
v  0.2868 -5.5025 -5.3099
v  0.2175 -5.5272 -5.3099
v  0.1462 -5.5451 -5.3100
v  -0.0000 -5.4934 -5.3100
v  0.0670 -5.4901 -5.3100
v  0.1333 -5.4802 -5.3100
v  0.1983 -5.4639 -5.3100
v  0.2615 -5.4414 -5.3100
v  0.3221 -5.4127 -5.3100
v  0.3796 -5.3782 -5.3100
v  0.4335 -5.3383 -5.3100
v  0.4832 -5.2932 -5.3100
v  0.5282 -5.2435 -5.3100
v  0.5682 -5.1897 -5.3100
v  0.6026 -5.1321 -5.3100
v  0.6313 -5.0715 -5.3100
v  0.6539 -5.0084 -5.3100
v  0.6702 -4.9433 -5.3100
v  0.6800 -4.8770 -5.3100
v  0.6833 -4.8100 -5.3100
v  0.6800 -4.7430 -5.3100
v  0.6702 -4.6767 -5.3100
v  0.6539 -4.6116 -5.3100
v  0.6313 -4.5485 -5.3100
v  0.6026 -4.4879 -5.3100
v  0.5682 -4.4303 -5.3100
v  0.5282 -4.3765 -5.3100
v  0.4832 -4.3268 -5.3100
v  0.4335 -4.2818 -5.3100
v  0.3796 -4.2418 -5.3100
v  0.3221 -4.2073 -5.3100
v  0.2615 -4.1787 -5.3100
v  0.1983 -4.1561 -5.3100
v  0.1333 -4.1398 -5.3100
v  0.0670 -4.1299 -5.3100
v  -0.0000 -4.1266 -5.3100
v  -0.0670 -4.1299 -5.3100
v  -0.1333 -4.1398 -5.3100
v  -0.1984 -4.1561 -5.3100
v  -0.2615 -4.1787 -5.3100
v  -0.3222 -4.2073 -5.3100
v  -0.3797 -4.2418 -5.3100
v  -0.4335 -4.2818 -5.3100
v  -0.4832 -4.3268 -5.3100
v  -0.5283 -4.3765 -5.3100
v  -0.5682 -4.4303 -5.3100
v  -0.6027 -4.4879 -5.3100
v  -0.6314 -4.5485 -5.3100
v  -0.6540 -4.6116 -5.3100
v  -0.6703 -4.6767 -5.3100
v  -0.6801 -4.7430 -5.3100
v  -0.6834 -4.8100 -5.3100
v  -0.6801 -4.8770 -5.3100
v  -0.6703 -4.9433 -5.3100
v  -0.6540 -5.0084 -5.3100
v  -0.6314 -5.0715 -5.3100
v  -0.6027 -5.1321 -5.3100
v  -0.5682 -5.1897 -5.3100
v  -0.5283 -5.2435 -5.3100
v  -0.4832 -5.2932 -5.3100
v  -0.4336 -5.3382 -5.3100
v  -0.3797 -5.3782 -5.3100
v  -0.3222 -5.4127 -5.3100
v  -0.2615 -5.4413 -5.3100
v  -0.1984 -5.4639 -5.3100
v  -0.1333 -5.4802 -5.3100
v  -0.0670 -5.4901 -5.3100
v  0.0653 -5.4732 -5.3268
v  -0.0000 -5.4765 -5.3268
v  -0.0653 -5.4732 -5.3268
v  -0.1300 -5.4635 -5.3268
v  -0.1934 -5.4476 -5.3268
v  -0.2550 -5.4256 -5.3268
v  -0.3141 -5.3976 -5.3268
v  -0.3704 -5.3642 -5.3268
v  -0.4229 -5.3253 -5.3268
v  -0.4714 -5.2813 -5.3268
v  -0.5153 -5.2329 -5.3268
v  -0.5543 -5.1803 -5.3268
v  -0.5879 -5.1242 -5.3268
v  -0.6159 -5.0651 -5.3268
v  -0.6379 -5.0035 -5.3268
v  -0.6538 -4.9400 -5.3268
v  -0.6633 -4.8753 -5.3268
v  -0.6664 -4.8100 -5.3268
v  -0.6631 -4.7447 -5.3268
v  -0.6538 -4.6800 -5.3268
v  -0.6379 -4.6165 -5.3268
v  -0.6159 -4.5549 -5.3268
v  -0.5879 -4.4958 -5.3268
v  -0.5540 -4.4398 -5.3268
v  -0.5151 -4.3873 -5.3268
v  -0.4712 -4.3388 -5.3268
v  -0.4227 -4.2949 -5.3268
v  -0.3703 -4.2559 -5.3268
v  -0.3141 -4.2224 -5.3268
v  -0.2550 -4.1944 -5.3268
v  -0.1934 -4.1724 -5.3268
v  -0.1300 -4.1565 -5.3268
v  -0.0653 -4.1468 -5.3268
v  -0.0000 -4.1435 -5.3268
v  0.0653 -4.1468 -5.3268
v  0.1300 -4.1564 -5.3268
v  0.1934 -4.1723 -5.3268
v  0.2550 -4.1944 -5.3268
v  0.3141 -4.2223 -5.3268
v  0.3702 -4.2559 -5.3268
v  0.4228 -4.2948 -5.3268
v  0.4713 -4.3387 -5.3268
v  0.5152 -4.3872 -5.3268
v  0.5541 -4.4397 -5.3268
v  0.5877 -4.4958 -5.3268
v  0.6157 -4.5550 -5.3268
v  0.6377 -4.6165 -5.3268
v  0.6536 -4.6800 -5.3268
v  0.6633 -4.7447 -5.3268
v  0.6665 -4.8100 -5.3268
v  0.6633 -4.8753 -5.3268
v  0.6536 -4.9400 -5.3268
v  0.6377 -5.0035 -5.3268
v  0.6157 -5.0650 -5.3268
v  0.5878 -5.1242 -5.3268
v  0.5541 -5.1803 -5.3268
v  0.5152 -5.2328 -5.3268
v  0.4713 -5.2814 -5.3268
v  0.4228 -5.3253 -5.3268
v  0.3703 -5.3642 -5.3268
v  0.3141 -5.3977 -5.3268
v  0.2550 -5.4256 -5.3268
v  0.1934 -5.4477 -5.3268
v  0.1300 -5.4636 -5.3268
v  -0.0000 -5.4766 -5.3959
v  0.0653 -5.4734 -5.3959
v  0.1300 -5.4638 -5.3959
v  0.1935 -5.4479 -5.3959
v  0.2551 -5.4259 -5.3959
v  0.3142 -5.3979 -5.3959
v  0.3703 -5.3643 -5.3959
v  0.4229 -5.3253 -5.3959
v  0.4713 -5.2814 -5.3959
v  0.5153 -5.2329 -5.3959
v  0.5542 -5.1803 -5.3959
v  0.5879 -5.1242 -5.3959
v  0.6158 -5.0651 -5.3959
v  0.6379 -5.0035 -5.3959
v  0.6538 -4.9401 -5.3959
v  0.6634 -4.8753 -5.3959
v  0.6666 -4.8100 -5.3959
v  0.6634 -4.7447 -5.3959
v  0.6538 -4.6800 -5.3959
v  0.6379 -4.6165 -5.3959
v  0.6158 -4.5549 -5.3959
v  0.5879 -4.4958 -5.3959
v  0.5542 -4.4397 -5.3959
v  0.5153 -4.3871 -5.3959
v  0.4713 -4.3386 -5.3959
v  0.4229 -4.2947 -5.3959
v  0.3703 -4.2557 -5.3959
v  0.3142 -4.2221 -5.3959
v  0.2551 -4.1941 -5.3959
v  0.1935 -4.1721 -5.3959
v  0.1300 -4.1562 -5.3959
v  0.0653 -4.1466 -5.3959
v  -0.0000 -4.1434 -5.3959
v  -0.0654 -4.1466 -5.3959
v  -0.1301 -4.1562 -5.3959
v  -0.1935 -4.1721 -5.3959
v  -0.2551 -4.1941 -5.3959
v  -0.3143 -4.2221 -5.3959
v  -0.3704 -4.2557 -5.3959
v  -0.4229 -4.2947 -5.3959
v  -0.4714 -4.3386 -5.3959
v  -0.5153 -4.3871 -5.3959
v  -0.5543 -4.4397 -5.3959
v  -0.5879 -4.4958 -5.3959
v  -0.6159 -4.5549 -5.3959
v  -0.6379 -4.6165 -5.3959
v  -0.6538 -4.6800 -5.3959
v  -0.6634 -4.7447 -5.3959
v  -0.6666 -4.8100 -5.3959
v  -0.6634 -4.8753 -5.3959
v  -0.6538 -4.9400 -5.3959
v  -0.6379 -5.0035 -5.3959
v  -0.6159 -5.0651 -5.3959
v  -0.5879 -5.1242 -5.3959
v  -0.5543 -5.1803 -5.3959
v  -0.5153 -5.2329 -5.3959
v  -0.4714 -5.2814 -5.3959
v  -0.4229 -5.3253 -5.3959
v  -0.3704 -5.3643 -5.3959
v  -0.3143 -5.3979 -5.3959
v  -0.2551 -5.4259 -5.3959
v  -0.1935 -5.4479 -5.3959
v  -0.1301 -5.4638 -5.3959
v  -0.0654 -5.4734 -5.3959
v  0.0547 -5.3653 -5.2700
v  -0.0000 -5.3680 -5.2700
v  -0.0547 -5.3653 -5.2700
v  -0.1089 -5.3573 -5.2700
v  -0.1620 -5.3440 -5.2702
v  -0.2136 -5.3255 -5.2709
v  -0.2631 -5.3021 -5.2700
v  -0.3100 -5.2740 -5.2700
v  -0.3540 -5.2413 -5.2700
v  -0.3946 -5.2046 -5.2700
v  -0.4314 -5.1640 -5.2700
v  -0.4640 -5.1200 -5.2700
v  -0.4921 -5.0730 -5.2700
v  -0.5156 -5.0235 -5.2700
v  -0.5340 -4.9720 -5.2700
v  -0.5473 -4.9189 -5.2700
v  -0.5553 -4.8647 -5.2700
v  -0.5580 -4.8100 -5.2700
v  -0.5553 -4.7553 -5.2700
v  -0.5473 -4.7011 -5.2700
v  -0.5340 -4.6480 -5.2700
v  -0.5156 -4.5965 -5.2700
v  -0.4921 -4.5470 -5.2700
v  -0.4640 -4.5000 -5.2709
v  -0.4314 -4.4560 -5.2700
v  -0.3946 -4.4154 -5.2700
v  -0.3540 -4.3787 -5.2700
v  -0.3100 -4.3460 -5.2700
v  -0.2631 -4.3179 -5.2700
v  -0.2136 -4.2945 -5.2700
v  -0.1620 -4.2760 -5.2700
v  -0.1089 -4.2627 -5.2700
v  -0.0547 -4.2547 -5.2700
v  -0.0000 -4.2520 -5.2700
v  0.0547 -4.2547 -5.2709
v  0.1088 -4.2627 -5.2709
v  0.1620 -4.2760 -5.2706
v  0.2135 -4.2945 -5.2700
v  0.2630 -4.3179 -5.2700
v  0.3100 -4.3460 -5.2700
v  0.3540 -4.3787 -5.2700
v  0.3945 -4.4154 -5.2700
v  0.4313 -4.4560 -5.2700
v  0.4639 -4.5000 -5.2700
v  0.4921 -4.5470 -5.2700
v  0.5155 -4.5965 -5.2700
v  0.5339 -4.6480 -5.2700
v  0.5473 -4.7011 -5.2700
v  0.5553 -4.7553 -5.2700
v  0.5580 -4.8100 -5.2700
v  0.5553 -4.8647 -5.2700
v  0.5473 -4.9189 -5.2700
v  0.5339 -4.9720 -5.2700
v  0.5155 -5.0235 -5.2709
v  0.4921 -5.0730 -5.2700
v  0.4639 -5.1200 -5.2700
v  0.4313 -5.1640 -5.2700
v  0.3945 -5.2046 -5.2700
v  0.3540 -5.2413 -5.2708
v  0.3100 -5.2740 -5.2700
v  0.2630 -5.3021 -5.2700
v  0.2135 -5.3255 -5.2700
v  0.1619 -5.3440 -5.2700
v  0.1088 -5.3573 -5.2700
v  0.0710 -5.5316 -5.4444
v  -0.0000 -5.5351 -5.4444
v  -0.0711 -5.5316 -5.4444
v  -0.1415 -5.5211 -5.4444
v  -0.2105 -5.5038 -5.4444
v  -0.2775 -5.4799 -5.4444
v  -0.3418 -5.4495 -5.4444
v  -0.4029 -5.4129 -5.4444
v  -0.4600 -5.3705 -5.4444
v  -0.5127 -5.3227 -5.4444
v  -0.5605 -5.2700 -5.4444
v  -0.6029 -5.2128 -5.4444
v  -0.6395 -5.1518 -5.4444
v  -0.6699 -5.0875 -5.4444
v  -0.6939 -5.0205 -5.4444
v  -0.7112 -4.9515 -5.4444
v  -0.7216 -4.8811 -5.4444
v  -0.7251 -4.8100 -5.4444
v  -0.7216 -4.7389 -5.4444
v  -0.7112 -4.6686 -5.4444
v  -0.6939 -4.5995 -5.4444
v  -0.6699 -4.5325 -5.4444
v  -0.6395 -4.4682 -5.4444
v  -0.6029 -4.4072 -5.4444
v  -0.5605 -4.3500 -5.4444
v  -0.5127 -4.2973 -5.4444
v  -0.4600 -4.2495 -5.4444
v  -0.4029 -4.2071 -5.4444
v  -0.3418 -4.1705 -5.4444
v  -0.2775 -4.1401 -5.4444
v  -0.2105 -4.1162 -5.4444
v  -0.1415 -4.0989 -5.4444
v  -0.0711 -4.0884 -5.4444
v  -0.0000 -4.0849 -5.4444
v  0.0710 -4.0884 -5.4444
v  0.1414 -4.0989 -5.4444
v  0.2104 -4.1162 -5.4444
v  0.2774 -4.1401 -5.4444
v  0.3418 -4.1705 -5.4444
v  0.4028 -4.2071 -5.4444
v  0.4600 -4.2495 -5.4444
v  0.5127 -4.2973 -5.4444
v  0.5605 -4.3500 -5.4444
v  0.6028 -4.4072 -5.4444
v  0.6394 -4.4682 -5.4444
v  0.6698 -4.5325 -5.4444
v  0.6938 -4.5995 -5.4444
v  0.7111 -4.6685 -5.4444
v  0.7215 -4.7389 -5.4444
v  0.7250 -4.8100 -5.4444
v  0.7216 -4.8811 -5.4444
v  0.7111 -4.9515 -5.4444
v  0.6938 -5.0205 -5.4444
v  0.6698 -5.0875 -5.4444
v  0.6394 -5.1518 -5.4444
v  0.6028 -5.2128 -5.4444
v  0.5605 -5.2700 -5.4444
v  0.5127 -5.3227 -5.4444
v  0.4600 -5.3705 -5.4444
v  0.4028 -5.4129 -5.4444
v  0.3418 -5.4495 -5.4444
v  0.2774 -5.4799 -5.4444
v  0.2105 -5.5038 -5.4444
v  0.1414 -5.5211 -5.4444
v  -0.0000 -5.5194 -5.4600
v  0.0695 -5.5160 -5.4600
v  0.1384 -5.5057 -5.4600
v  0.2059 -5.4888 -5.4600
v  0.2714 -5.4654 -5.4600
v  0.3344 -5.4356 -5.4600
v  0.3941 -5.3998 -5.4600
v  0.4500 -5.3584 -5.4600
v  0.5016 -5.3116 -5.4600
v  0.5483 -5.2600 -5.4600
v  0.5898 -5.2041 -5.4600
v  0.6256 -5.1444 -5.4600
v  0.6553 -5.0815 -5.4600
v  0.6788 -5.0159 -5.4600
v  0.6957 -4.9484 -5.4600
v  0.7059 -4.8795 -5.4600
v  0.7093 -4.8100 -5.4600
v  0.7059 -4.7405 -5.4600
v  0.6957 -4.6716 -5.4600
v  0.6788 -4.6041 -5.4600
v  0.6553 -4.5385 -5.4600
v  0.6256 -4.4756 -5.4600
v  0.5898 -4.4159 -5.4600
v  0.5483 -4.3600 -5.4600
v  0.5016 -4.3084 -5.4600
v  0.4500 -4.2617 -5.4600
v  0.3941 -4.2202 -5.4600
v  0.3344 -4.1844 -5.4600
v  0.2714 -4.1546 -5.4600
v  0.2059 -4.1312 -5.4600
v  0.1384 -4.1143 -5.4600
v  0.0695 -4.1040 -5.4600
v  -0.0000 -4.1006 -5.4600
v  -0.0696 -4.1040 -5.4600
v  -0.1384 -4.1143 -5.4600
v  -0.2059 -4.1312 -5.4600
v  -0.2715 -4.1546 -5.4600
v  -0.3344 -4.1844 -5.4600
v  -0.3941 -4.2202 -5.4600
v  -0.4500 -4.2616 -5.4600
v  -0.5016 -4.3084 -5.4600
v  -0.5484 -4.3600 -5.4600
v  -0.5898 -4.4159 -5.4600
v  -0.6256 -4.4756 -5.4600
v  -0.6554 -4.5385 -5.4600
v  -0.6789 -4.6041 -5.4600
v  -0.6958 -4.6716 -5.4600
v  -0.7060 -4.7405 -5.4600
v  -0.7094 -4.8100 -5.4600
v  -0.7060 -4.8795 -5.4600
v  -0.6958 -4.9484 -5.4600
v  -0.6789 -5.0159 -5.4600
v  -0.6554 -5.0815 -5.4600
v  -0.6256 -5.1444 -5.4600
v  -0.5898 -5.2041 -5.4600
v  -0.5484 -5.2600 -5.4600
v  -0.5016 -5.3116 -5.4600
v  -0.4500 -5.3584 -5.4600
v  -0.3941 -5.3998 -5.4600
v  -0.3344 -5.4356 -5.4600
v  -0.2715 -5.4654 -5.4600
v  -0.2059 -5.4888 -5.4600
v  -0.1384 -5.5057 -5.4600
v  -0.0696 -5.5160 -5.4600
v  -0.0003 -5.5350 -5.9699
v  -0.0003 -5.6203 -5.3954
v  -0.0003 -5.6235 -5.3760
v  -0.0003 -5.6397 -5.3537
v  -0.0003 -5.6584 -5.3427
v  -0.0003 -5.8534 -5.2678
v  -0.0003 -5.8637 -5.2611
v  -0.0003 -5.8704 -5.2509
v  -0.0003 -5.8725 -5.2399
v  -0.0003 -5.8704 -5.2289
v  -0.0003 -5.8637 -5.2187
v  -0.0003 -5.8535 -5.2120
v  -0.0003 -5.8047 -5.2149
v  -0.0003 -5.7177 -5.2423
v  -0.0003 -5.6519 -5.2807
v  -0.0003 -5.5945 -5.3323
v  -0.0003 -5.5390 -5.5395
v  -0.0003 -5.5355 -5.5456
v  -0.0003 -5.5298 -5.5497
v  -0.0003 -5.5600 -5.6199
v  -0.0003 -5.5600 -5.6799
v  0.0708 -5.5315 -5.9699
v  0.0789 -5.6140 -5.3951
v  0.0793 -5.6180 -5.3753
v  0.0809 -5.6348 -5.3528
v  0.0829 -5.6544 -5.3426
v  0.1020 -5.8484 -5.2678
v  0.1030 -5.8587 -5.2611
v  0.1036 -5.8653 -5.2509
v  0.1038 -5.8674 -5.2399
v  0.1036 -5.8653 -5.2289
v  0.1030 -5.8587 -5.2187
v  0.1020 -5.8485 -5.2120
v  0.0972 -5.7998 -5.2144
v  0.0887 -5.7133 -5.2422
v  0.0822 -5.6478 -5.2806
v  0.0764 -5.5888 -5.3311
v  0.0711 -5.5354 -5.5395
v  0.0708 -5.5321 -5.5456
v  0.0702 -5.5263 -5.5496
v  0.0732 -5.5564 -5.6199
v  0.0732 -5.5564 -5.6799
v  0.1411 -5.5211 -5.9699
v  0.1576 -5.6040 -5.3953
v  0.1585 -5.6086 -5.3763
v  0.1616 -5.6241 -5.3541
v  0.1652 -5.6422 -5.3427
v  0.2033 -5.8334 -5.2678
v  0.2053 -5.8435 -5.2611
v  0.2066 -5.8501 -5.2509
v  0.2070 -5.8521 -5.2399
v  0.2066 -5.8501 -5.2289
v  0.2053 -5.8435 -5.2187
v  0.2033 -5.8335 -5.2120
v  0.1937 -5.7856 -5.2148
v  0.1768 -5.7002 -5.2422
v  0.1640 -5.6357 -5.2806
v  0.1526 -5.5790 -5.3320
v  0.1419 -5.5249 -5.5395
v  0.1412 -5.5217 -5.5456
v  0.1401 -5.5160 -5.5497
v  0.1460 -5.5456 -5.6199
v  0.1460 -5.5456 -5.6799
v  0.2102 -5.5039 -5.9699
v  0.2348 -5.5849 -5.3953
v  0.2353 -5.5867 -5.3752
v  0.2402 -5.6030 -5.3526
v  0.2460 -5.6220 -5.3426
v  0.3026 -5.8086 -5.2678
v  0.3056 -5.8184 -5.2611
v  0.3075 -5.8248 -5.2509
v  0.3081 -5.8268 -5.2399
v  0.3075 -5.8248 -5.2289
v  0.3056 -5.8184 -5.2187
v  0.3026 -5.8087 -5.2120
v  0.2884 -5.7619 -5.2148
v  0.2632 -5.6786 -5.2422
v  0.2441 -5.6157 -5.2806
v  0.2268 -5.5587 -5.3310
v  0.2113 -5.5076 -5.5395
v  0.2103 -5.5044 -5.5457
v  0.2086 -5.4988 -5.5497
v  0.2174 -5.5278 -5.6199
v  0.2174 -5.5278 -5.6799
v  0.2772 -5.4799 -5.9699
v  0.3094 -5.5578 -5.3952
v  0.3113 -5.5624 -5.3764
v  0.3174 -5.5770 -5.3541
v  0.3244 -5.5940 -5.3427
v  0.3990 -5.7741 -5.2678
v  0.4030 -5.7836 -5.2611
v  0.4055 -5.7898 -5.2509
v  0.4063 -5.7917 -5.2399
v  0.4055 -5.7898 -5.2289
v  0.4030 -5.7836 -5.2187
v  0.3991 -5.7742 -5.2120
v  0.3803 -5.7291 -5.2148
v  0.3471 -5.6486 -5.2422
v  0.3219 -5.5879 -5.2806
v  0.2997 -5.5343 -5.3319
v  0.2786 -5.4835 -5.5395
v  0.2774 -5.4805 -5.5456
v  0.2752 -5.4751 -5.5497
v  0.2867 -5.5030 -5.6199
v  0.2867 -5.5030 -5.6799
v  0.3415 -5.4495 -5.9699
v  0.3800 -5.5216 -5.3949
v  0.3822 -5.5256 -5.3751
v  0.3903 -5.5408 -5.3524
v  0.3997 -5.5584 -5.3426
v  0.4916 -5.7303 -5.2678
v  0.4964 -5.7394 -5.2611
v  0.4996 -5.7453 -5.2509
v  0.5006 -5.7472 -5.2399
v  0.4996 -5.7453 -5.2289
v  0.4964 -5.7394 -5.2187
v  0.4916 -5.7305 -5.2120
v  0.4686 -5.6873 -5.2148
v  0.4276 -5.6106 -5.2422
v  0.3966 -5.5526 -5.2806
v  0.3684 -5.4999 -5.3308
v  0.3433 -5.4530 -5.5395
v  0.3418 -5.4500 -5.5456
v  0.3390 -5.4449 -5.5497
v  0.3533 -5.4716 -5.6199
v  0.3533 -5.4716 -5.6799
v  0.4025 -5.4130 -5.9699
v  0.4495 -5.4833 -5.3953
v  0.4519 -5.4869 -5.3762
v  0.4608 -5.5002 -5.3539
v  0.4711 -5.5156 -5.3427
v  0.5794 -5.6777 -5.2678
v  0.5852 -5.6863 -5.2611
v  0.5889 -5.6918 -5.2509
v  0.5900 -5.6936 -5.2399
v  0.5889 -5.6918 -5.2289
v  0.5852 -5.6863 -5.2187
v  0.5795 -5.6778 -5.2120
v  0.5523 -5.6372 -5.2149
v  0.5040 -5.5648 -5.2423
v  0.4675 -5.5101 -5.2806
v  0.4354 -5.4621 -5.3321
v  0.4047 -5.4162 -5.5395
v  0.4028 -5.4134 -5.5456
v  0.3996 -5.4086 -5.5497
v  0.4164 -5.4338 -5.6199
v  0.4164 -5.4338 -5.6799
v  0.4597 -5.3706 -5.9699
v  0.5114 -5.4336 -5.3949
v  0.5144 -5.4373 -5.3750
v  0.5253 -5.4506 -5.3524
v  0.5380 -5.4660 -5.3427
v  0.6617 -5.6167 -5.2678
v  0.6682 -5.6247 -5.2611
v  0.6725 -5.6299 -5.2509
v  0.6738 -5.6315 -5.2399
v  0.6725 -5.6299 -5.2289
v  0.6682 -5.6247 -5.2187
v  0.6618 -5.6169 -5.2120
v  0.6308 -5.5791 -5.2148
v  0.5756 -5.5118 -5.2423
v  0.5339 -5.4610 -5.2807
v  0.4958 -5.4147 -5.3308
v  0.4622 -5.3737 -5.5395
v  0.4600 -5.3710 -5.5456
v  0.4564 -5.3665 -5.5496
v  0.4756 -5.3899 -5.6199
v  0.4756 -5.3899 -5.6799
v  0.5124 -5.3229 -5.9699
v  0.5728 -5.3832 -5.3954
v  0.5749 -5.3853 -5.3760
v  0.5864 -5.3968 -5.3536
v  0.5997 -5.4101 -5.3426
v  0.7376 -5.5480 -5.2678
v  0.7449 -5.5553 -5.2611
v  0.7496 -5.5600 -5.2509
v  0.7511 -5.5615 -5.2399
v  0.7496 -5.5600 -5.2289
v  0.7449 -5.5553 -5.2187
v  0.7377 -5.5481 -5.2120
v  0.7031 -5.5135 -5.2149
v  0.6416 -5.4520 -5.2423
v  0.5951 -5.4055 -5.2807
v  0.5546 -5.3650 -5.3324
v  0.5153 -5.3257 -5.5395
v  0.5128 -5.3232 -5.5456
v  0.5087 -5.3191 -5.5496
v  0.5301 -5.3405 -5.6199
v  0.5301 -5.3405 -5.6799
v  0.5602 -5.2702 -5.9699
v  0.6263 -5.3244 -5.3954
v  0.6270 -5.3250 -5.3751
v  0.6402 -5.3358 -5.3525
v  0.6556 -5.3484 -5.3425
v  0.8064 -5.4722 -5.2679
v  0.8143 -5.4787 -5.2610
v  0.8195 -5.4829 -5.2509
v  0.8211 -5.4843 -5.2399
v  0.8195 -5.4829 -5.2289
v  0.8143 -5.4787 -5.2187
v  0.8064 -5.4722 -5.2122
v  0.7687 -5.4412 -5.2149
v  0.7014 -5.3860 -5.2423
v  0.6506 -5.3443 -5.2807
v  0.6043 -5.3063 -5.3308
v  0.5633 -5.2727 -5.5395
v  0.5607 -5.2705 -5.5456
v  0.5562 -5.2668 -5.5497
v  0.5796 -5.2860 -5.6199
v  0.5796 -5.2860 -5.6799
v  0.6026 -5.2130 -5.9699
v  0.6737 -5.2605 -5.3954
v  0.6770 -5.2627 -5.3764
v  0.6894 -5.2710 -5.3533
v  0.7052 -5.2815 -5.3425
v  0.8673 -5.3899 -5.2678
v  0.8758 -5.3956 -5.2609
v  0.8812 -5.3992 -5.2508
v  0.8829 -5.4003 -5.2399
v  0.8812 -5.3991 -5.2290
v  0.8757 -5.3955 -5.2190
v  0.8674 -5.3899 -5.2123
v  0.8268 -5.3628 -5.2149
v  0.7550 -5.3148 -5.2435
v  0.6998 -5.2779 -5.2807
v  0.6521 -5.2461 -5.3323
v  0.6059 -5.2152 -5.5395
v  0.6031 -5.2133 -5.5456
v  0.5983 -5.2101 -5.5497
v  0.6234 -5.2269 -5.6199
v  0.6234 -5.2269 -5.6799
v  0.6392 -5.1520 -5.9699
v  0.7146 -5.1923 -5.3954
v  0.7165 -5.1933 -5.3757
v  0.7307 -5.2009 -5.3526
v  0.7480 -5.2102 -5.3425
v  0.9200 -5.3021 -5.2677
v  0.9289 -5.3069 -5.2609
v  0.9346 -5.3099 -5.2508
v  0.9364 -5.3109 -5.2399
v  0.9346 -5.3099 -5.2291
v  0.9288 -5.3068 -5.2190
v  0.9201 -5.3021 -5.2123
v  0.8770 -5.2791 -5.2149
v  0.8003 -5.2381 -5.2423
v  0.7423 -5.2071 -5.2806
v  0.6896 -5.1790 -5.3309
v  0.6427 -5.1539 -5.5395
v  0.6398 -5.1523 -5.5457
v  0.6346 -5.1495 -5.5497
v  0.6613 -5.1638 -5.6199
v  0.6613 -5.1638 -5.6799
v  0.6697 -5.0877 -5.9699
v  0.7478 -5.1201 -5.3953
v  0.7507 -5.1213 -5.3757
v  0.7660 -5.1276 -5.3532
v  0.7836 -5.1349 -5.3425
v  0.9638 -5.2096 -5.2678
v  0.9734 -5.2135 -5.2611
v  0.9795 -5.2161 -5.2509
v  0.9815 -5.2169 -5.2399
v  0.9795 -5.2161 -5.2289
v  0.9734 -5.2135 -5.2187
v  0.9640 -5.2096 -5.2120
v  0.9188 -5.1909 -5.2148
v  0.8384 -5.1576 -5.2422
v  0.7777 -5.1324 -5.2806
v  0.7241 -5.1102 -5.3319
v  0.6733 -5.0892 -5.5395
v  0.6702 -5.0879 -5.5457
v  0.6648 -5.0857 -5.5497
v  0.6928 -5.0973 -5.6199
v  0.6928 -5.0973 -5.6799
v  0.6937 -5.0207 -5.9699
v  0.7721 -5.0445 -5.3949
v  0.7769 -5.0460 -5.3754
v  0.7931 -5.0509 -5.3528
v  0.8118 -5.0566 -5.3428
v  0.9983 -5.1131 -5.2677
v  1.0080 -5.1161 -5.2608
v  1.0142 -5.1179 -5.2507
v  1.0161 -5.1185 -5.2399
v  1.0141 -5.1179 -5.2291
v  1.0079 -5.1160 -5.2190
v  0.9984 -5.1132 -5.2123
v  0.9517 -5.0990 -5.2148
v  0.8685 -5.0737 -5.2423
v  0.8055 -5.0546 -5.2806
v  0.7486 -5.0374 -5.3310
v  0.6974 -5.0219 -5.5395
v  0.6943 -5.0209 -5.5457
v  0.6887 -5.0192 -5.5497
v  0.7176 -5.0280 -5.6199
v  0.7176 -5.0280 -5.6799
v  0.7110 -4.9517 -5.9699
v  0.7941 -4.9682 -5.3953
v  0.7972 -4.9689 -5.3758
v  0.8137 -4.9722 -5.3538
v  0.8321 -4.9758 -5.3428
v  1.0232 -5.0138 -5.2678
v  1.0332 -5.0158 -5.2609
v  1.0396 -5.0171 -5.2508
v  1.0415 -5.0175 -5.2399
v  1.0395 -5.0171 -5.2290
v  1.0331 -5.0158 -5.2190
v  1.0233 -5.0138 -5.2123
v  0.9755 -5.0043 -5.2149
v  0.8901 -4.9873 -5.2423
v  0.8256 -4.9745 -5.2807
v  0.7689 -4.9632 -5.3320
v  0.7149 -4.9525 -5.5395
v  0.7116 -4.9518 -5.5457
v  0.7059 -4.9507 -5.5497
v  0.7355 -4.9566 -5.6199
v  0.7355 -4.9566 -5.6799
v  0.7215 -4.8813 -5.9699
v  0.8034 -4.8894 -5.3950
v  0.8082 -4.8899 -5.3755
v  0.8249 -4.8915 -5.3529
v  0.8440 -4.8934 -5.3422
v  1.0375 -4.9125 -5.2662
v  1.0463 -4.9133 -5.2588
v  1.0514 -4.9138 -5.2494
v  1.0530 -4.9140 -5.2399
v  1.0514 -4.9138 -5.2304
v  1.0462 -4.9133 -5.2211
v  1.0377 -4.9125 -5.2139
v  0.9897 -4.9078 -5.2144
v  0.9032 -4.8992 -5.2423
v  0.8378 -4.8928 -5.2807
v  0.7788 -4.8870 -5.3311
v  0.7254 -4.8817 -5.5395
v  0.7220 -4.8814 -5.5457
v  0.7162 -4.8808 -5.5497
v  0.7463 -4.8838 -5.6199
v  0.7463 -4.8838 -5.6799
v  0.7250 -4.8103 -5.9699
v  0.8105 -4.8103 -5.3954
v  0.8135 -4.8103 -5.3761
v  0.8297 -4.8103 -5.3537
v  0.8482 -4.8103 -5.3424
v  1.0434 -4.8103 -5.2680
v  1.0538 -4.8103 -5.2612
v  1.0605 -4.8103 -5.2510
v  1.0626 -4.8103 -5.2399
v  1.0604 -4.8103 -5.2288
v  1.0537 -4.8103 -5.2187
v  1.0435 -4.8103 -5.2121
v  0.9946 -4.8103 -5.2149
v  0.9077 -4.8103 -5.2423
v  0.8419 -4.8103 -5.2807
v  0.7846 -4.8103 -5.3324
v  0.7291 -4.8103 -5.5396
v  0.7256 -4.8103 -5.5457
v  0.7197 -4.8103 -5.5497
v  0.7500 -4.8103 -5.6199
v  0.7500 -4.8103 -5.6799
v  0.7215 -4.7392 -5.9699
v  0.8035 -4.7311 -5.3950
v  0.8081 -4.7307 -5.3754
v  0.8249 -4.7290 -5.3528
v  0.8443 -4.7271 -5.3426
v  1.0375 -4.7081 -5.2662
v  1.0475 -4.7071 -5.2599
v  1.0551 -4.7064 -5.2508
v  1.0573 -4.7061 -5.2399
v  1.0551 -4.7064 -5.2289
v  1.0476 -4.7071 -5.2198
v  1.0378 -4.7081 -5.2139
v  0.9898 -4.7128 -5.2144
v  0.9033 -4.7213 -5.2423
v  0.8378 -4.7277 -5.2807
v  0.7788 -4.7336 -5.3311
v  0.7255 -4.7388 -5.5395
v  0.7221 -4.7392 -5.5457
v  0.7163 -4.7397 -5.5497
v  0.7464 -4.7368 -5.6199
v  0.7464 -4.7368 -5.6799
v  0.7111 -4.6688 -5.9699
v  0.7941 -4.6523 -5.3953
v  0.7986 -4.6514 -5.3764
v  0.8142 -4.6483 -5.3541
v  0.8322 -4.6448 -5.3427
v  1.0234 -4.6067 -5.2678
v  1.0335 -4.6047 -5.2611
v  1.0400 -4.6034 -5.2509
v  1.0421 -4.6030 -5.2399
v  1.0400 -4.6034 -5.2289
v  1.0335 -4.6047 -5.2187
v  1.0235 -4.6067 -5.2120
v  0.9756 -4.6162 -5.2149
v  0.8902 -4.6332 -5.2423
v  0.8257 -4.6460 -5.2807
v  0.7690 -4.6573 -5.3320
v  0.7150 -4.6681 -5.5395
v  0.7117 -4.6687 -5.5457
v  0.7060 -4.6699 -5.5497
v  0.7356 -4.6640 -5.6199
v  0.7356 -4.6640 -5.6799
v  0.6938 -4.5998 -5.9699
v  0.7724 -4.5760 -5.3950
v  0.7767 -4.5747 -5.3752
v  0.7930 -4.5697 -5.3526
v  0.8119 -4.5640 -5.3426
v  0.9985 -4.5074 -5.2678
v  1.0084 -4.5044 -5.2611
v  1.0148 -4.5025 -5.2509
v  1.0168 -4.5018 -5.2399
v  1.0148 -4.5025 -5.2289
v  1.0084 -4.5044 -5.2187
v  0.9987 -4.5073 -5.2120
v  0.9519 -4.5215 -5.2148
v  0.8686 -4.5468 -5.2423
v  0.8057 -4.5659 -5.2806
v  0.7487 -4.5832 -5.3310
v  0.6976 -4.5987 -5.5395
v  0.6944 -4.5996 -5.5457
v  0.6888 -4.6013 -5.5497
v  0.7178 -4.5926 -5.6199
v  0.7178 -4.5926 -5.6799
v  0.6699 -4.5328 -5.9699
v  0.7478 -4.5005 -5.3952
v  0.7525 -4.4986 -5.3764
v  0.7670 -4.4926 -5.3542
v  0.7840 -4.4856 -5.3427
v  0.9641 -4.4110 -5.2678
v  0.9736 -4.4070 -5.2611
v  0.9798 -4.4045 -5.2509
v  0.9817 -4.4037 -5.2399
v  0.9798 -4.4045 -5.2289
v  0.9736 -4.4070 -5.2187
v  0.9642 -4.4109 -5.2120
v  0.9190 -4.4296 -5.2148
v  0.8386 -4.4629 -5.2422
v  0.7779 -4.4881 -5.2806
v  0.7244 -4.5102 -5.3320
v  0.6735 -4.5313 -5.5395
v  0.6705 -4.5326 -5.5457
v  0.6651 -4.5348 -5.5497
v  0.6930 -4.5232 -5.6199
v  0.6930 -4.5232 -5.6799
v  0.6395 -4.4685 -5.9699
v  0.7116 -4.4299 -5.3949
v  0.7156 -4.4278 -5.3751
v  0.7308 -4.4197 -5.3524
v  0.7484 -4.4103 -5.3428
v  0.9203 -4.3184 -5.2678
v  0.9294 -4.3135 -5.2611
v  0.9353 -4.3104 -5.2509
v  0.9371 -4.3094 -5.2399
v  0.9353 -4.3104 -5.2289
v  0.9294 -4.3135 -5.2187
v  0.9204 -4.3183 -5.2120
v  0.8773 -4.3414 -5.2149
v  0.8006 -4.3824 -5.2423
v  0.7426 -4.4134 -5.2806
v  0.6901 -4.4414 -5.3310
v  0.6430 -4.4666 -5.5395
v  0.6400 -4.4682 -5.5457
v  0.6349 -4.4710 -5.5497
v  0.6615 -4.4567 -5.6199
v  0.6615 -4.4567 -5.6799
v  0.6029 -4.4074 -5.9699
v  0.6733 -4.3604 -5.3953
v  0.6769 -4.3580 -5.3763
v  0.6902 -4.3491 -5.3540
v  0.7056 -4.3389 -5.3428
v  0.8677 -4.2306 -5.2678
v  0.8763 -4.2248 -5.2611
v  0.8818 -4.2211 -5.2509
v  0.8836 -4.2199 -5.2399
v  0.8818 -4.2211 -5.2289
v  0.8763 -4.2248 -5.2187
v  0.8678 -4.2305 -5.2120
v  0.8272 -4.2576 -5.2149
v  0.7548 -4.3059 -5.2423
v  0.7001 -4.3425 -5.2807
v  0.6521 -4.3746 -5.3321
v  0.6062 -4.4052 -5.5395
v  0.6034 -4.4071 -5.5456
v  0.5986 -4.4104 -5.5497
v  0.6237 -4.3936 -5.6199
v  0.6237 -4.3936 -5.6799
v  0.5606 -4.3503 -5.9699
v  0.6236 -4.2986 -5.3949
v  0.6272 -4.2956 -5.3750
v  0.6405 -4.2847 -5.3524
v  0.6560 -4.2720 -5.3427
v  0.8067 -4.1483 -5.2678
v  0.8147 -4.1418 -5.2611
v  0.8198 -4.1375 -5.2509
v  0.8215 -4.1362 -5.2399
v  0.8198 -4.1375 -5.2289
v  0.8146 -4.1418 -5.2188
v  0.8068 -4.1482 -5.2121
v  0.7690 -4.1792 -5.2149
v  0.7018 -4.2344 -5.2423
v  0.6509 -4.2761 -5.2807
v  0.6066 -4.3126 -5.3325
v  0.5637 -4.3477 -5.5395
v  0.5610 -4.3499 -5.5456
v  0.5565 -4.3536 -5.5497
v  0.5799 -4.3344 -5.6199
v  0.5799 -4.3344 -5.6799
v  0.5128 -4.2975 -5.9699
v  0.5733 -4.2371 -5.3954
v  0.5761 -4.2343 -5.3765
v  0.5871 -4.2233 -5.3541
v  0.6001 -4.2103 -5.3427
v  0.7380 -4.0724 -5.2679
v  0.7453 -4.0651 -5.2611
v  0.7500 -4.0604 -5.2509
v  0.7515 -4.0589 -5.2399
v  0.7500 -4.0604 -5.2288
v  0.7452 -4.0651 -5.2187
v  0.7381 -4.0723 -5.2121
v  0.7035 -4.1069 -5.2149
v  0.6420 -4.1684 -5.2423
v  0.5955 -4.2148 -5.2807
v  0.5550 -4.2554 -5.3324
v  0.5157 -4.2947 -5.5395
v  0.5132 -4.2971 -5.5456
v  0.5091 -4.3013 -5.5496
v  0.5305 -4.2799 -5.6199
v  0.5305 -4.2799 -5.6799
v  0.4601 -4.2497 -5.9699
v  0.5144 -4.1836 -5.3954
v  0.5149 -4.1830 -5.3751
v  0.5258 -4.1697 -5.3525
v  0.5384 -4.1543 -5.3427
v  0.6621 -4.0036 -5.2679
v  0.6687 -3.9956 -5.2611
v  0.6729 -3.9905 -5.2509
v  0.6742 -3.9889 -5.2399
v  0.6728 -3.9905 -5.2289
v  0.6686 -3.9957 -5.2188
v  0.6622 -4.0035 -5.2121
v  0.6312 -4.0413 -5.2149
v  0.5760 -4.1085 -5.2423
v  0.5343 -4.1594 -5.2807
v  0.4971 -4.2047 -5.3317
v  0.4626 -4.2466 -5.5395
v  0.4606 -4.2492 -5.5455
v  0.4569 -4.2537 -5.5496
v  0.4760 -4.2304 -5.6199
v  0.4760 -4.2304 -5.6799
v  0.4030 -4.2073 -5.9699
v  0.4502 -4.1366 -5.3953
v  0.4518 -4.1343 -5.3758
v  0.4610 -4.1206 -5.3533
v  0.4716 -4.1047 -5.3427
v  0.5799 -3.9426 -5.2679
v  0.5856 -3.9341 -5.2611
v  0.5893 -3.9286 -5.2509
v  0.5904 -3.9269 -5.2399
v  0.5892 -3.9286 -5.2289
v  0.5855 -3.9341 -5.2188
v  0.5799 -3.9425 -5.2121
v  0.5528 -3.9831 -5.2149
v  0.5044 -4.0555 -5.2423
v  0.4679 -4.1101 -5.2806
v  0.4358 -4.1582 -5.3321
v  0.4052 -4.2041 -5.5395
v  0.4033 -4.2069 -5.5456
v  0.4001 -4.2117 -5.5496
v  0.4169 -4.1866 -5.6199
v  0.4169 -4.1866 -5.6799
v  0.3420 -4.1707 -5.9699
v  0.3805 -4.0988 -5.3949
v  0.3828 -4.0943 -5.3752
v  0.3909 -4.0793 -5.3526
v  0.4002 -4.0619 -5.3427
v  0.4921 -3.8899 -5.2679
v  0.4969 -3.8809 -5.2610
v  0.5000 -3.8751 -5.2509
v  0.5010 -3.8733 -5.2399
v  0.5000 -3.8751 -5.2289
v  0.4969 -3.8810 -5.2188
v  0.4921 -3.8899 -5.2122
v  0.4691 -3.9329 -5.2149
v  0.4281 -4.0097 -5.2422
v  0.3970 -4.0677 -5.2806
v  0.3690 -4.1201 -5.3310
v  0.3423 -4.1701 -5.5382
v  0.3413 -4.1721 -5.5438
v  0.3392 -4.1760 -5.5483
v  0.3538 -4.1487 -5.6199
v  0.3538 -4.1487 -5.6799
v  0.2777 -4.1403 -5.9699
v  0.3101 -4.0619 -5.3953
v  0.3119 -4.0576 -5.3765
v  0.3179 -4.0432 -5.3542
v  0.3249 -4.0263 -5.3427
v  0.3995 -3.8461 -5.2679
v  0.4034 -3.8367 -5.2610
v  0.4060 -3.8306 -5.2509
v  0.4067 -3.8287 -5.2399
v  0.4059 -3.8307 -5.2289
v  0.4034 -3.8368 -5.2189
v  0.3996 -3.8461 -5.2122
v  0.3809 -3.8912 -5.2149
v  0.3475 -3.9716 -5.2422
v  0.3224 -4.0323 -5.2806
v  0.3004 -4.0854 -5.3323
v  0.2789 -4.1375 -5.5391
v  0.2778 -4.1401 -5.5454
v  0.2756 -4.1452 -5.5495
v  0.2872 -4.1172 -5.6199
v  0.2872 -4.1172 -5.6799
v  0.2107 -4.1163 -5.9699
v  0.2345 -4.0377 -5.3950
v  0.2367 -4.0307 -5.3765
v  0.2412 -4.0158 -5.3542
v  0.2465 -3.9982 -5.3427
v  0.3031 -3.8116 -5.2679
v  0.3061 -3.8018 -5.2610
v  0.3080 -3.7955 -5.2509
v  0.3086 -3.7936 -5.2399
v  0.3080 -3.7956 -5.2290
v  0.3061 -3.8019 -5.2189
v  0.3031 -3.8115 -5.2122
v  0.2890 -3.8582 -5.2149
v  0.2637 -3.9415 -5.2422
v  0.2446 -4.0045 -5.2806
v  0.2279 -4.0595 -5.3324
v  0.2110 -4.1153 -5.5383
v  0.2103 -4.1176 -5.5439
v  0.2090 -4.1220 -5.5484
v  0.2180 -4.0924 -5.6199
v  0.2180 -4.0924 -5.6799
v  0.1417 -4.0990 -5.9699
v  0.1583 -4.0153 -5.3954
v  0.1592 -4.0112 -5.3765
v  0.1622 -3.9959 -5.3541
v  0.1658 -3.9779 -5.3427
v  0.2038 -3.7867 -5.2678
v  0.2058 -3.7766 -5.2611
v  0.2071 -3.7700 -5.2509
v  0.2075 -3.7680 -5.2399
v  0.2071 -3.7700 -5.2289
v  0.2058 -3.7768 -5.2188
v  0.2038 -3.7866 -5.2122
v  0.1943 -3.8345 -5.2149
v  0.1773 -3.9199 -5.2422
v  0.1645 -3.9844 -5.2806
v  0.1533 -4.0407 -5.3323
v  0.1424 -4.0953 -5.5394
v  0.1418 -4.0985 -5.5456
v  0.1407 -4.1042 -5.5496
v  0.1466 -4.0745 -5.6199
v  0.1466 -4.0745 -5.6799
v  0.0713 -4.0885 -5.9699
v  0.0797 -4.0035 -5.3954
v  0.0801 -3.9995 -5.3765
v  0.0816 -3.9839 -5.3541
v  0.0834 -3.9657 -5.3427
v  0.1025 -3.7717 -5.2678
v  0.1035 -3.7614 -5.2611
v  0.1042 -3.7547 -5.2509
v  0.1044 -3.7526 -5.2399
v  0.1042 -3.7547 -5.2289
v  0.1035 -3.7614 -5.2187
v  0.1025 -3.7715 -5.2120
v  0.0977 -3.8202 -5.2149
v  0.0892 -3.9067 -5.2422
v  0.0827 -3.9722 -5.2806
v  0.0771 -4.0293 -5.3323
v  0.0717 -4.0848 -5.5394
v  0.0714 -4.0880 -5.5456
v  0.0708 -4.0938 -5.5496
v  0.0738 -4.0636 -5.6199
v  0.0738 -4.0636 -5.6799
v  0.0003 -4.0850 -5.9699
v  0.0003 -3.9995 -5.3954
v  0.0003 -3.9956 -5.3765
v  0.0003 -3.9799 -5.3541
v  0.0003 -3.9616 -5.3427
v  0.0003 -3.7666 -5.2678
v  0.0003 -3.7563 -5.2611
v  0.0003 -3.7496 -5.2509
v  0.0003 -3.7475 -5.2399
v  0.0003 -3.7497 -5.2289
v  0.0003 -3.7563 -5.2187
v  0.0003 -3.7665 -5.2121
v  0.0003 -3.8153 -5.2149
v  0.0002 -3.9023 -5.2423
v  0.0002 -3.9681 -5.2807
v  0.0003 -4.0254 -5.3323
v  0.0003 -4.0812 -5.5394
v  0.0003 -4.0845 -5.5456
v  0.0003 -4.0903 -5.5496
v  0.0003 -4.0600 -5.6199
v  0.0003 -4.0600 -5.6799
v  -0.0708 -4.0885 -5.9699
v  -0.0792 -4.0034 -5.3954
v  -0.0796 -3.9995 -5.3764
v  -0.0811 -3.9837 -5.3544
v  -0.0829 -3.9656 -5.3427
v  -0.1020 -3.7716 -5.2679
v  -0.1030 -3.7614 -5.2611
v  -0.1037 -3.7548 -5.2509
v  -0.1039 -3.7528 -5.2399
v  -0.1037 -3.7549 -5.2289
v  -0.1030 -3.7615 -5.2188
v  -0.1020 -3.7715 -5.2122
v  -0.0972 -3.8201 -5.2149
v  -0.0887 -3.9067 -5.2422
v  -0.0823 -3.9722 -5.2806
v  -0.0766 -4.0293 -5.3323
v  -0.0712 -4.0847 -5.5394
v  -0.0709 -4.0880 -5.5456
v  -0.0703 -4.0937 -5.5496
v  -0.0733 -4.0636 -5.6199
v  -0.0733 -4.0636 -5.6799
v  -0.1412 -4.0989 -5.9699
v  -0.1579 -4.0151 -5.3954
v  -0.1586 -4.0112 -5.3764
v  -0.1617 -3.9958 -5.3541
v  -0.1653 -3.9778 -5.3427
v  -0.2033 -3.7866 -5.2678
v  -0.2053 -3.7766 -5.2610
v  -0.2066 -3.7701 -5.2509
v  -0.2070 -3.7681 -5.2399
v  -0.2066 -3.7702 -5.2290
v  -0.2053 -3.7767 -5.2189
v  -0.2033 -3.7865 -5.2122
v  -0.1938 -3.8344 -5.2149
v  -0.1769 -3.9198 -5.2422
v  -0.1640 -3.9843 -5.2806
v  -0.1528 -4.0406 -5.3323
v  -0.1419 -4.0952 -5.5394
v  -0.1413 -4.0984 -5.5456
v  -0.1402 -4.1041 -5.5496
v  -0.1461 -4.0744 -5.6199
v  -0.1461 -4.0744 -5.6799
v  -0.2102 -4.1161 -5.9699
v  -0.2350 -4.0344 -5.3954
v  -0.2362 -4.0306 -5.3764
v  -0.2407 -4.0156 -5.3541
v  -0.2461 -3.9980 -5.3427
v  -0.3026 -3.8115 -5.2678
v  -0.3056 -3.8017 -5.2610
v  -0.3075 -3.7954 -5.2508
v  -0.3082 -3.7932 -5.2399
v  -0.3076 -3.7952 -5.2289
v  -0.3056 -3.8016 -5.2187
v  -0.3027 -3.8113 -5.2120
v  -0.2885 -3.8581 -5.2148
v  -0.2633 -3.9414 -5.2422
v  -0.2441 -4.0044 -5.2806
v  -0.2275 -4.0593 -5.3322
v  -0.2113 -4.1125 -5.5394
v  -0.2104 -4.1157 -5.5456
v  -0.2087 -4.1212 -5.5496
v  -0.2175 -4.0922 -5.6199
v  -0.2175 -4.0922 -5.6799
v  -0.2772 -4.1401 -5.9699
v  -0.3099 -4.0611 -5.3954
v  -0.3114 -4.0575 -5.3764
v  -0.3174 -4.0430 -5.3541
v  -0.3245 -4.0260 -5.3427
v  -0.3991 -3.8459 -5.2678
v  -0.4030 -3.8364 -5.2611
v  -0.4056 -3.8302 -5.2509
v  -0.4064 -3.8283 -5.2399
v  -0.4056 -3.8302 -5.2289
v  -0.4030 -3.8364 -5.2187
v  -0.3991 -3.8458 -5.2120
v  -0.3804 -3.8910 -5.2148
v  -0.3471 -3.9714 -5.2422
v  -0.3219 -4.0322 -5.2806
v  -0.2999 -4.0852 -5.3322
v  -0.2787 -4.1366 -5.5394
v  -0.2774 -4.1396 -5.5456
v  -0.2752 -4.1450 -5.5496
v  -0.2868 -4.1170 -5.6199
v  -0.2868 -4.1170 -5.6799
v  -0.3415 -4.1705 -5.9699
v  -0.3818 -4.0951 -5.3954
v  -0.3837 -4.0916 -5.3764
v  -0.3911 -4.0778 -5.3541
v  -0.3997 -4.0616 -5.3427
v  -0.4916 -3.8897 -5.2678
v  -0.4965 -3.8806 -5.2611
v  -0.4996 -3.8747 -5.2509
v  -0.5006 -3.8728 -5.2399
v  -0.4996 -3.8747 -5.2289
v  -0.4965 -3.8806 -5.2187
v  -0.4917 -3.8895 -5.2120
v  -0.4687 -3.9327 -5.2148
v  -0.4277 -4.0094 -5.2422
v  -0.3966 -4.0675 -5.2806
v  -0.3695 -4.1181 -5.3322
v  -0.3433 -4.1672 -5.5394
v  -0.3418 -4.1701 -5.5456
v  -0.3390 -4.1751 -5.5496
v  -0.3533 -4.1484 -5.6199
v  -0.3533 -4.1484 -5.6799
v  -0.4026 -4.2070 -5.9699
v  -0.4501 -4.1360 -5.3954
v  -0.4523 -4.1327 -5.3764
v  -0.4609 -4.1197 -5.3541
v  -0.4712 -4.1044 -5.3427
v  -0.5795 -3.9423 -5.2678
v  -0.5852 -3.9337 -5.2611
v  -0.5889 -3.9282 -5.2509
v  -0.5901 -3.9264 -5.2399
v  -0.5889 -3.9282 -5.2289
v  -0.5852 -3.9337 -5.2187
v  -0.5796 -3.9422 -5.2120
v  -0.5524 -3.9828 -5.2148
v  -0.5041 -4.0552 -5.2422
v  -0.4675 -4.1099 -5.2806
v  -0.4356 -4.1576 -5.3323
v  -0.4047 -4.2039 -5.5394
v  -0.4028 -4.2066 -5.5456
v  -0.3996 -4.2114 -5.5496
v  -0.4165 -4.1862 -5.6199
v  -0.4165 -4.1862 -5.6799
v  -0.4597 -4.2494 -5.9699
v  -0.5138 -4.1835 -5.3954
v  -0.5164 -4.1803 -5.3764
v  -0.5264 -4.1682 -5.3541
v  -0.5380 -4.1540 -5.3427
v  -0.6617 -4.0033 -5.2678
v  -0.6683 -3.9953 -5.2611
v  -0.6725 -3.9901 -5.2509
v  -0.6739 -3.9885 -5.2399
v  -0.6725 -3.9901 -5.2289
v  -0.6683 -3.9953 -5.2187
v  -0.6618 -4.0032 -5.2120
v  -0.6308 -4.0410 -5.2148
v  -0.5756 -4.1082 -5.2422
v  -0.5339 -4.1591 -5.2806
v  -0.4975 -4.2034 -5.3323
v  -0.4621 -4.2465 -5.5394
v  -0.4600 -4.2490 -5.5456
v  -0.4564 -4.2535 -5.5496
v  -0.4756 -4.2301 -5.6199
v  -0.4756 -4.2301 -5.6799
v  -0.5125 -4.2972 -5.9699
v  -0.5728 -4.2368 -5.3954
v  -0.5756 -4.2340 -5.3764
v  -0.5867 -4.2229 -5.3540
v  -0.5997 -4.2099 -5.3427
v  -0.7376 -4.0720 -5.2678
v  -0.7449 -4.0647 -5.2611
v  -0.7496 -4.0600 -5.2509
v  -0.7511 -4.0585 -5.2399
v  -0.7496 -4.0600 -5.2289
v  -0.7449 -4.0647 -5.2187
v  -0.7377 -4.0719 -5.2120
v  -0.7032 -4.1065 -5.2149
v  -0.6417 -4.1680 -5.2423
v  -0.5951 -4.2145 -5.2807
v  -0.5546 -4.2551 -5.3323
v  -0.5151 -4.2945 -5.5394
v  -0.5128 -4.2968 -5.5456
v  -0.5087 -4.3009 -5.5496
v  -0.5302 -4.2795 -5.6199
v  -0.5302 -4.2795 -5.6799
v  -0.5603 -4.3498 -5.9699
v  -0.6263 -4.2957 -5.3954
v  -0.6293 -4.2932 -5.3764
v  -0.6414 -4.2832 -5.3540
v  -0.6557 -4.2716 -5.3427
v  -0.8064 -4.1479 -5.2679
v  -0.8143 -4.1414 -5.2610
v  -0.8195 -4.1371 -5.2509
v  -0.8212 -4.1357 -5.2399
v  -0.8195 -4.1371 -5.2289
v  -0.8142 -4.1414 -5.2189
v  -0.8065 -4.1478 -5.2122
v  -0.7687 -4.1788 -5.2149
v  -0.7015 -4.2340 -5.2422
v  -0.6506 -4.2758 -5.2806
v  -0.6062 -4.3121 -5.3323
v  -0.5632 -4.3475 -5.5394
v  -0.5606 -4.3495 -5.5456
v  -0.5562 -4.3532 -5.5496
v  -0.5796 -4.3340 -5.6199
v  -0.5796 -4.3340 -5.6799
v  -0.6027 -4.4070 -5.9699
v  -0.6737 -4.3595 -5.3954
v  -0.6770 -4.3573 -5.3764
v  -0.6900 -4.3486 -5.3540
v  -0.7053 -4.3384 -5.3427
v  -0.8674 -4.2301 -5.2678
v  -0.8759 -4.2244 -5.2610
v  -0.8813 -4.2208 -5.2508
v  -0.8830 -4.2197 -5.2399
v  -0.8813 -4.2208 -5.2290
v  -0.8758 -4.2245 -5.2189
v  -0.8675 -4.2301 -5.2122
v  -0.8269 -4.2572 -5.2149
v  -0.7545 -4.3055 -5.2422
v  -0.6998 -4.3421 -5.2806
v  -0.6521 -4.3740 -5.3322
v  -0.6058 -4.4049 -5.5394
v  -0.6031 -4.4067 -5.5456
v  -0.5983 -4.4099 -5.5496
v  -0.6235 -4.3931 -5.6199
v  -0.6235 -4.3931 -5.6799
v  -0.6393 -4.4680 -5.9699
v  -0.7144 -4.4278 -5.3954
v  -0.7181 -4.4259 -5.3764
v  -0.7319 -4.4185 -5.3540
v  -0.7481 -4.4098 -5.3427
v  -0.9201 -4.3179 -5.2678
v  -0.9291 -4.3131 -5.2610
v  -0.9348 -4.3100 -5.2508
v  -0.9366 -4.3091 -5.2399
v  -0.9348 -4.3101 -5.2290
v  -0.9290 -4.3132 -5.2189
v  -0.9201 -4.3179 -5.2122
v  -0.8771 -4.3409 -5.2149
v  -0.8004 -4.3819 -5.2422
v  -0.7423 -4.4130 -5.2805
v  -0.6916 -4.4400 -5.3322
v  -0.6426 -4.4662 -5.5394
v  -0.6397 -4.4678 -5.5456
v  -0.6346 -4.4705 -5.5496
v  -0.6613 -4.4562 -5.6199
v  -0.6613 -4.4562 -5.6799
v  -0.6697 -4.5323 -5.9699
v  -0.7484 -4.4997 -5.3953
v  -0.7523 -4.4981 -5.3764
v  -0.7667 -4.4921 -5.3541
v  -0.7838 -4.4851 -5.3427
v  -0.9639 -4.4105 -5.2678
v  -0.9733 -4.4066 -5.2609
v  -0.9793 -4.4041 -5.2508
v  -0.9812 -4.4033 -5.2399
v  -0.9792 -4.4041 -5.2290
v  -0.9732 -4.4066 -5.2189
v  -0.9639 -4.4104 -5.2122
v  -0.9189 -4.4291 -5.2149
v  -0.8384 -4.4624 -5.2422
v  -0.7776 -4.4876 -5.2805
v  -0.7246 -4.5096 -5.3322
v  -0.6732 -4.5309 -5.5394
v  -0.6702 -4.5321 -5.5456
v  -0.6649 -4.5343 -5.5496
v  -0.6928 -4.5227 -5.6199
v  -0.6928 -4.5227 -5.6799
v  -0.6937 -4.5993 -5.9699
v  -0.7728 -4.5753 -5.3950
v  -0.7792 -4.5733 -5.3764
v  -0.7942 -4.5688 -5.3541
v  -0.8118 -4.5635 -5.3427
v  -0.9984 -4.5069 -5.2678
v  -1.0081 -4.5039 -5.2609
v  -1.0144 -4.5020 -5.2508
v  -1.0163 -4.5014 -5.2399
v  -1.0143 -4.5020 -5.2290
v  -1.0080 -4.5039 -5.2189
v  -0.9985 -4.5068 -5.2122
v  -0.9518 -4.5210 -5.2149
v  -0.8685 -4.5463 -5.2422
v  -0.8055 -4.5654 -5.2805
v  -0.7504 -4.5821 -5.3323
v  -0.6973 -4.5982 -5.5394
v  -0.6942 -4.5991 -5.5456
v  -0.6887 -4.6008 -5.5496
v  -0.7176 -4.5920 -5.6199
v  -0.7176 -4.5920 -5.6799
v  -0.7110 -4.6683 -5.9699
v  -0.7939 -4.6518 -5.3953
v  -0.7987 -4.6509 -5.3764
v  -0.8140 -4.6478 -5.3541
v  -0.8321 -4.6442 -5.3427
v  -1.0233 -4.6062 -5.2678
v  -1.0333 -4.6042 -5.2610
v  -1.0399 -4.6029 -5.2509
v  -1.0421 -4.6024 -5.2399
v  -1.0399 -4.6029 -5.2289
v  -1.0332 -4.6042 -5.2189
v  -1.0234 -4.6062 -5.2122
v  -0.9755 -4.6157 -5.2149
v  -0.8901 -4.6327 -5.2422
v  -0.8256 -4.6455 -5.2805
v  -0.7692 -4.6567 -5.3322
v  -0.7147 -4.6676 -5.5394
v  -0.7115 -4.6682 -5.5456
v  -0.7059 -4.6693 -5.5496
v  -0.7353 -4.6635 -5.6202
v  -0.7356 -4.6634 -5.6799
v  -0.7215 -4.7387 -5.9699
v  -0.8032 -4.7306 -5.3950
v  -0.8081 -4.7301 -5.3754
v  -0.8260 -4.7284 -5.3541
v  -0.8443 -4.7266 -5.3427
v  -1.0384 -4.7075 -5.2678
v  -1.0485 -4.7064 -5.2610
v  -1.0551 -4.7058 -5.2508
v  -1.0571 -4.7056 -5.2399
v  -1.0550 -4.7058 -5.2290
v  -1.0484 -4.7065 -5.2189
v  -1.0384 -4.7074 -5.2122
v  -0.9899 -4.7122 -5.2149
v  -0.9033 -4.7208 -5.2422
v  -0.8377 -4.7272 -5.2806
v  -0.7805 -4.7328 -5.3323
v  -0.7253 -4.7383 -5.5394
v  -0.7220 -4.7386 -5.5455
v  -0.7163 -4.7392 -5.5496
v  -0.7461 -4.7362 -5.6201
v  -0.7464 -4.7362 -5.6799
v  -0.7250 -4.8097 -5.9699
v  -0.8103 -4.8097 -5.3954
v  -0.8134 -4.8097 -5.3760
v  -0.8296 -4.8097 -5.3536
v  -0.8484 -4.8097 -5.3427
v  -1.0434 -4.8097 -5.2679
v  -1.0537 -4.8097 -5.2611
v  -1.0603 -4.8097 -5.2509
v  -1.0624 -4.8097 -5.2399
v  -1.0603 -4.8097 -5.2289
v  -1.0536 -4.8097 -5.2188
v  -1.0435 -4.8097 -5.2121
v  -0.9947 -4.8097 -5.2149
v  -0.9077 -4.8097 -5.2422
v  -0.8419 -4.8097 -5.2806
v  -0.7845 -4.8097 -5.3323
v  -0.7289 -4.8097 -5.5395
v  -0.7255 -4.8097 -5.5455
v  -0.7197 -4.8097 -5.5496
v  -0.7499 -4.8097 -5.6200
v  -0.7500 -4.8097 -5.6799
v  -0.7216 -4.8808 -5.9699
v  -0.8033 -4.8888 -5.3950
v  -0.8079 -4.8893 -5.3753
v  -0.8248 -4.8910 -5.3527
v  -0.8444 -4.8929 -5.3426
v  -1.0375 -4.9119 -5.2661
v  -1.0463 -4.9128 -5.2587
v  -1.0513 -4.9133 -5.2493
v  -1.0535 -4.9135 -5.2399
v  -1.0513 -4.9133 -5.2305
v  -1.0462 -4.9128 -5.2212
v  -1.0378 -4.9119 -5.2140
v  -0.9898 -4.9072 -5.2144
v  -0.9033 -4.8987 -5.2422
v  -0.8378 -4.8923 -5.2806
v  -0.7787 -4.8864 -5.3310
v  -0.7253 -4.8812 -5.5394
v  -0.7220 -4.8808 -5.5456
v  -0.7163 -4.8803 -5.5496
v  -0.7462 -4.8832 -5.6201
v  -0.7464 -4.8832 -5.6799
v  -0.7112 -4.9512 -5.9699
v  -0.7939 -4.9676 -5.3952
v  -0.7985 -4.9685 -5.3763
v  -0.8141 -4.9716 -5.3540
v  -0.8322 -4.9752 -5.3427
v  -1.0233 -5.0133 -5.2677
v  -1.0332 -5.0152 -5.2608
v  -1.0395 -5.0165 -5.2507
v  -1.0415 -5.0169 -5.2399
v  -1.0395 -5.0165 -5.2291
v  -1.0331 -5.0152 -5.2191
v  -1.0234 -5.0133 -5.2124
v  -0.9756 -5.0038 -5.2149
v  -0.8902 -4.9868 -5.2422
v  -0.8257 -4.9740 -5.2805
v  -0.7690 -4.9627 -5.3320
v  -0.7148 -4.9519 -5.5394
v  -0.7116 -4.9513 -5.5456
v  -0.7060 -4.9501 -5.5496
v  -0.7357 -4.9560 -5.6199
v  -0.7357 -4.9560 -5.6799
v  -0.6939 -5.0202 -5.9699
v  -0.7722 -5.0440 -5.3949
v  -0.7766 -5.0453 -5.3751
v  -0.7944 -5.0507 -5.3542
v  -0.8120 -5.0560 -5.3427
v  -0.9986 -5.1126 -5.2678
v  -1.0083 -5.1156 -5.2609
v  -1.0145 -5.1175 -5.2508
v  -1.0165 -5.1180 -5.2399
v  -1.0145 -5.1174 -5.2290
v  -1.0082 -5.1155 -5.2189
v  -0.9986 -5.1126 -5.2123
v  -0.9519 -5.0985 -5.2149
v  -0.8686 -5.0732 -5.2422
v  -0.8056 -5.0541 -5.2805
v  -0.7506 -5.0374 -5.3323
v  -0.6975 -5.0213 -5.5394
v  -0.6943 -5.0203 -5.5456
v  -0.6888 -5.0187 -5.5496
v  -0.7178 -5.0274 -5.6199
v  -0.7178 -5.0274 -5.6799
v  -0.6699 -5.0872 -5.9699
v  -0.7477 -5.1194 -5.3952
v  -0.7523 -5.1213 -5.3763
v  -0.7670 -5.1274 -5.3541
v  -0.7840 -5.1344 -5.3427
v  -0.9640 -5.2090 -5.2676
v  -0.9733 -5.2128 -5.2607
v  -0.9792 -5.2153 -5.2507
v  -0.9810 -5.2160 -5.2399
v  -0.9791 -5.2152 -5.2292
v  -0.9732 -5.2128 -5.2192
v  -0.9641 -5.2090 -5.2124
v  -0.9191 -5.1904 -5.2149
v  -0.8386 -5.1571 -5.2422
v  -0.7778 -5.1319 -5.2805
v  -0.7243 -5.1097 -5.3319
v  -0.6734 -5.0886 -5.5394
v  -0.6704 -5.0874 -5.5456
v  -0.6651 -5.0852 -5.5496
v  -0.6928 -5.0966 -5.6202
v  -0.6930 -5.0968 -5.6799
v  -0.6396 -5.1515 -5.9699
v  -0.7115 -5.1900 -5.3949
v  -0.7155 -5.1921 -5.3750
v  -0.7307 -5.2003 -5.3523
v  -0.7484 -5.2097 -5.3426
v  -0.9203 -5.3016 -5.2678
v  -0.9293 -5.3064 -5.2610
v  -0.9351 -5.3095 -5.2508
v  -0.9369 -5.3104 -5.2399
v  -0.9350 -5.3095 -5.2290
v  -0.9292 -5.3064 -5.2189
v  -0.9204 -5.3016 -5.2122
v  -0.8774 -5.2786 -5.2149
v  -0.8006 -5.2376 -5.2422
v  -0.7425 -5.2066 -5.2805
v  -0.6901 -5.1785 -5.3309
v  -0.6429 -5.1533 -5.5394
v  -0.6400 -5.1517 -5.5456
v  -0.6349 -5.1490 -5.5496
v  -0.6613 -5.1632 -5.6202
v  -0.6616 -5.1633 -5.6799
v  -0.6030 -5.2126 -5.9699
v  -0.6732 -5.2595 -5.3953
v  -0.6768 -5.2619 -5.3762
v  -0.6902 -5.2708 -5.3539
v  -0.7056 -5.2811 -5.3427
v  -0.8677 -5.3894 -5.2678
v  -0.8762 -5.3951 -5.2610
v  -0.8817 -5.3988 -5.2508
v  -0.8833 -5.3999 -5.2399
v  -0.8816 -5.3987 -5.2290
v  -0.8761 -5.3951 -5.2189
v  -0.8678 -5.3895 -5.2122
v  -0.8272 -5.3624 -5.2149
v  -0.7548 -5.3140 -5.2422
v  -0.7001 -5.2775 -5.2806
v  -0.6521 -5.2454 -5.3321
v  -0.6062 -5.2147 -5.5394
v  -0.6034 -5.2128 -5.5455
v  -0.5986 -5.2096 -5.5496
v  -0.6238 -5.2264 -5.6199
v  -0.6238 -5.2264 -5.6799
v  -0.5606 -5.2697 -5.9699
v  -0.6235 -5.3213 -5.3949
v  -0.6272 -5.3243 -5.3750
v  -0.6405 -5.3353 -5.3523
v  -0.6560 -5.3480 -5.3426
v  -0.8067 -5.4717 -5.2678
v  -0.8146 -5.4782 -5.2610
v  -0.8199 -5.4825 -5.2509
v  -0.8215 -5.4838 -5.2399
v  -0.8199 -5.4825 -5.2289
v  -0.8145 -5.4781 -5.2189
v  -0.8068 -5.4717 -5.2122
v  -0.7691 -5.4408 -5.2149
v  -0.7018 -5.3856 -5.2422
v  -0.6509 -5.3439 -5.2806
v  -0.6048 -5.3060 -5.3309
v  -0.5637 -5.2722 -5.5395
v  -0.5610 -5.2700 -5.5455
v  -0.5566 -5.2664 -5.5496
v  -0.5800 -5.2856 -5.6199
v  -0.5800 -5.2856 -5.6799
v  -0.5129 -5.3225 -5.9699
v  -0.5731 -5.3827 -5.3954
v  -0.5753 -5.3848 -5.3759
v  -0.5868 -5.3964 -5.3535
v  -0.6001 -5.4097 -5.3425
v  -0.7380 -5.5476 -5.2679
v  -0.7453 -5.5549 -5.2611
v  -0.7500 -5.5596 -5.2509
v  -0.7514 -5.5610 -5.2399
v  -0.7499 -5.5595 -5.2289
v  -0.7452 -5.5548 -5.2188
v  -0.7381 -5.5477 -5.2121
v  -0.7036 -5.5131 -5.2149
v  -0.6420 -5.4516 -5.2423
v  -0.5955 -5.4051 -5.2806
v  -0.5549 -5.3645 -5.3323
v  -0.5156 -5.3252 -5.5395
v  -0.5132 -5.3228 -5.5455
v  -0.5091 -5.3187 -5.5496
v  -0.5305 -5.3401 -5.6200
v  -0.5306 -5.3401 -5.6799
v  -0.4602 -5.3703 -5.9699
v  -0.5117 -5.4331 -5.3948
v  -0.5149 -5.4369 -5.3750
v  -0.5258 -5.4502 -5.3524
v  -0.5384 -5.4656 -5.3425
v  -0.6622 -5.6164 -5.2678
v  -0.6686 -5.6242 -5.2609
v  -0.6728 -5.6293 -5.2508
v  -0.6740 -5.6308 -5.2399
v  -0.6727 -5.6292 -5.2290
v  -0.6686 -5.6242 -5.2189
v  -0.6622 -5.6164 -5.2123
v  -0.6312 -5.5787 -5.2149
v  -0.5760 -5.5114 -5.2422
v  -0.5343 -5.4606 -5.2806
v  -0.4964 -5.4145 -5.3309
v  -0.4626 -5.3732 -5.5394
v  -0.4605 -5.3706 -5.5455
v  -0.4568 -5.3662 -5.5496
v  -0.4759 -5.3894 -5.6201
v  -0.4760 -5.3896 -5.6799
v  -0.4030 -5.4127 -5.9699
v  -0.4502 -5.4832 -5.3953
v  -0.4518 -5.4856 -5.3757
v  -0.4610 -5.4993 -5.3532
v  -0.4716 -5.5152 -5.3424
v  -0.5799 -5.6773 -5.2677
v  -0.5855 -5.6858 -5.2608
v  -0.5891 -5.6911 -5.2507
v  -0.5902 -5.6928 -5.2399
v  -0.5891 -5.6911 -5.2291
v  -0.5855 -5.6857 -5.2190
v  -0.5800 -5.6774 -5.2123
v  -0.5529 -5.6369 -5.2148
v  -0.5045 -5.5645 -5.2422
v  -0.4679 -5.5098 -5.2806
v  -0.4359 -5.4618 -5.3320
v  -0.4051 -5.4158 -5.5394
v  -0.4033 -5.4131 -5.5456
v  -0.4001 -5.4083 -5.5496
v  -0.4168 -5.4333 -5.6201
v  -0.4169 -5.4334 -5.6799
v  -0.3420 -5.4493 -5.9699
v  -0.3805 -5.5211 -5.3949
v  -0.3828 -5.5256 -5.3752
v  -0.3909 -5.5406 -5.3526
v  -0.4002 -5.5580 -5.3424
v  -0.4921 -5.7300 -5.2677
v  -0.4968 -5.7389 -5.2608
v  -0.4999 -5.7445 -5.2507
v  -0.5008 -5.7463 -5.2399
v  -0.4998 -5.7445 -5.2291
v  -0.4968 -5.7388 -5.2191
v  -0.4921 -5.7301 -5.2124
v  -0.4692 -5.6871 -5.2148
v  -0.4281 -5.6103 -5.2422
v  -0.3971 -5.5523 -5.2806
v  -0.3690 -5.4998 -5.3310
v  -0.3438 -5.4526 -5.5394
v  -0.3423 -5.4497 -5.5456
v  -0.3396 -5.4446 -5.5496
v  -0.3538 -5.4713 -5.6199
v  -0.3538 -5.4713 -5.6799
v  -0.2777 -5.4797 -5.9699
v  -0.3100 -5.5577 -5.3953
v  -0.3112 -5.5606 -5.3756
v  -0.3176 -5.5759 -5.3531
v  -0.3249 -5.5936 -5.3424
v  -0.3995 -5.7738 -5.2676
v  -0.4034 -5.7831 -5.2607
v  -0.4058 -5.7890 -5.2507
v  -0.4066 -5.7908 -5.2399
v  -0.4058 -5.7889 -5.2291
v  -0.4033 -5.7830 -5.2192
v  -0.3996 -5.7739 -5.2124
v  -0.3809 -5.7288 -5.2148
v  -0.3476 -5.6484 -5.2422
v  -0.3224 -5.5876 -5.2806
v  -0.3003 -5.5341 -5.3319
v  -0.2792 -5.4832 -5.5394
v  -0.2779 -5.4802 -5.5456
v  -0.2757 -5.4748 -5.5496
v  -0.2873 -5.5028 -5.6199
v  -0.2873 -5.5028 -5.6799
v  -0.2108 -5.5037 -5.9699
v  -0.2345 -5.5820 -5.3949
v  -0.2360 -5.5868 -5.3753
v  -0.2409 -5.6030 -5.3528
v  -0.2465 -5.6217 -5.3425
v  -0.3031 -5.8083 -5.2676
v  -0.3062 -5.8183 -5.2611
v  -0.3081 -5.8247 -5.2509
v  -0.3087 -5.8267 -5.2399
v  -0.3081 -5.8247 -5.2289
v  -0.3062 -5.8183 -5.2187
v  -0.3032 -5.8084 -5.2123
v  -0.2890 -5.7617 -5.2148
v  -0.2637 -5.6785 -5.2422
v  -0.2446 -5.6155 -5.2806
v  -0.2274 -5.5587 -5.3311
v  -0.2119 -5.5073 -5.5394
v  -0.2109 -5.5042 -5.5456
v  -0.2092 -5.4987 -5.5496
v  -0.2180 -5.5276 -5.6199
v  -0.2180 -5.5276 -5.6799
v  -0.1417 -5.5210 -5.9699
v  -0.1582 -5.6040 -5.3953
v  -0.1589 -5.6071 -5.3757
v  -0.1621 -5.6233 -5.3533
v  -0.1658 -5.6420 -5.3425
v  -0.2038 -5.8332 -5.2677
v  -0.2059 -5.8434 -5.2611
v  -0.2072 -5.8500 -5.2509
v  -0.2076 -5.8520 -5.2399
v  -0.2072 -5.8500 -5.2289
v  -0.2059 -5.8434 -5.2187
v  -0.2039 -5.8334 -5.2120
v  -0.1944 -5.7855 -5.2148
v  -0.1774 -5.7001 -5.2422
v  -0.1646 -5.6359 -5.2810
v  -0.1533 -5.5789 -5.3320
v  -0.1425 -5.5248 -5.5394
v  -0.1418 -5.5215 -5.5456
v  -0.1407 -5.5159 -5.5496
v  -0.1466 -5.5455 -5.6199
v  -0.1466 -5.5455 -5.6799
v  -0.0714 -5.5315 -5.9699
v  -0.0794 -5.6133 -5.3950
v  -0.0799 -5.6181 -5.3754
v  -0.0816 -5.6349 -5.3529
v  -0.0834 -5.6539 -5.3419
v  -0.1026 -5.8483 -5.2678
v  -0.1036 -5.8586 -5.2611
v  -0.1042 -5.8653 -5.2509
v  -0.1045 -5.8674 -5.2399
v  -0.1042 -5.8653 -5.2289
v  -0.1036 -5.8586 -5.2187
v  -0.1026 -5.8485 -5.2120
v  -0.0978 -5.7997 -5.2144
v  -0.0892 -5.7133 -5.2422
v  -0.0828 -5.6478 -5.2806
v  -0.0770 -5.5887 -5.3311
v  -0.0717 -5.5353 -5.5395
v  -0.0714 -5.5320 -5.5456
v  -0.0709 -5.5262 -5.5496
v  -0.0738 -5.5564 -5.6199
v  -0.0738 -5.5564 -5.6799
v  -0.0003 -5.5927 -5.3391
v  0.0761 -5.5860 -5.3383
v  0.1522 -5.5769 -5.3388
v  0.2259 -5.5559 -5.3382
v  0.2989 -5.5323 -5.3388
v  0.3670 -5.4972 -5.3381
v  0.4342 -5.4604 -5.3389
v  0.4939 -5.4123 -5.3380
v  0.5533 -5.3637 -5.3391
v  0.6019 -5.3044 -5.3381
v  0.6506 -5.2451 -5.3391
v  0.6870 -5.1775 -5.3381
v  0.7221 -5.1094 -5.3388
v  0.7458 -5.0365 -5.3382
v  0.7668 -4.9628 -5.3389
v  0.7760 -4.8867 -5.3383
v  0.7828 -4.8103 -5.3391
v  0.7760 -4.7338 -5.3383
v  0.7670 -4.6577 -5.3389
v  0.7460 -4.5840 -5.3382
v  0.7223 -4.5111 -5.3388
v  0.6873 -4.4430 -5.3381
v  0.6504 -4.3757 -5.3389
v  0.6052 -4.3137 -5.3392
v  0.5537 -4.2567 -5.3391
v  0.4944 -4.2080 -5.3381
v  0.4347 -4.1599 -5.3389
v  0.3675 -4.1230 -5.3381
v  0.2997 -4.0871 -5.3391
v  0.2274 -4.0613 -5.3392
v  0.1529 -4.0425 -5.3390
v  0.0770 -4.0312 -5.3390
v  0.0003 -4.0273 -5.3391
v  -0.0765 -4.0311 -5.3391
v  -0.1524 -4.0425 -5.3390
v  -0.2269 -4.0611 -5.3390
v  -0.2992 -4.0870 -5.3390
v  -0.3686 -4.1198 -5.3390
v  -0.4345 -4.1592 -5.3390
v  -0.4963 -4.2049 -5.3390
v  -0.5532 -4.2564 -5.3390
v  -0.6048 -4.3134 -5.3390
v  -0.6505 -4.3751 -5.3390
v  -0.6899 -4.4409 -5.3390
v  -0.7228 -4.5103 -5.3390
v  -0.7486 -4.5826 -5.3391
v  -0.7674 -4.6571 -5.3390
v  -0.7787 -4.7330 -5.3391
v  -0.7826 -4.8097 -5.3390
v  -0.7759 -4.8861 -5.3382
v  -0.7668 -4.9622 -5.3388
v  -0.7488 -5.0368 -5.3391
v  -0.7222 -5.1088 -5.3388
v  -0.6871 -5.1769 -5.3381
v  -0.6503 -5.2442 -5.3389
v  -0.6022 -5.3038 -5.3380
v  -0.5536 -5.3632 -5.3390
v  -0.4943 -5.4118 -5.3380
v  -0.4347 -5.4600 -5.3389
v  -0.3675 -5.4969 -5.3381
v  -0.2994 -5.5320 -5.3388
v  -0.2265 -5.5557 -5.3382
v  -0.1528 -5.5767 -5.3388
v  -0.0767 -5.5859 -5.3383
v  0.0713 -5.5372 -5.5327
v  -0.0003 -5.5408 -5.5327
v  -0.0719 -5.5372 -5.5327
v  -0.1428 -5.5265 -5.5327
v  -0.2124 -5.5091 -5.5327
v  -0.2799 -5.4849 -5.5327
v  -0.3447 -5.4542 -5.5327
v  -0.4062 -5.4173 -5.5326
v  -0.4637 -5.3746 -5.5327
v  -0.5169 -5.3265 -5.5327
v  -0.5651 -5.2733 -5.5327
v  -0.6077 -5.2157 -5.5327
v  -0.6445 -5.1541 -5.5327
v  -0.6751 -5.0893 -5.5327
v  -0.6992 -5.0218 -5.5327
v  -0.7166 -4.9523 -5.5327
v  -0.7271 -4.8813 -5.5327
v  -0.7307 -4.8097 -5.5327
v  -0.7271 -4.7381 -5.5327
v  -0.7165 -4.6672 -5.5327
v  -0.6990 -4.5977 -5.5326
v  -0.6748 -4.5302 -5.5326
v  -0.6442 -4.4654 -5.5326
v  -0.6073 -4.4039 -5.5327
v  -0.5646 -4.3463 -5.5327
v  -0.5164 -4.2932 -5.5327
v  -0.4633 -4.2451 -5.5327
v  -0.4057 -4.2024 -5.5327
v  -0.3442 -4.1656 -5.5327
v  -0.2793 -4.1349 -5.5327
v  -0.2118 -4.1108 -5.5327
v  -0.1423 -4.0934 -5.5327
v  -0.0714 -4.0829 -5.5327
v  0.0003 -4.0794 -5.5327
v  0.0719 -4.0830 -5.5327
v  0.1428 -4.0935 -5.5327
v  0.2115 -4.1137 -5.5319
v  0.2795 -4.1358 -5.5325
v  0.3431 -4.1686 -5.5318
v  0.4062 -4.2026 -5.5327
v  0.4638 -4.2452 -5.5327
v  0.5170 -4.2934 -5.5327
v  0.5651 -4.3466 -5.5327
v  0.6078 -4.4042 -5.5327
v  0.6446 -4.4658 -5.5327
v  0.6752 -4.5306 -5.5327
v  0.6994 -4.5981 -5.5327
v  0.7168 -4.6677 -5.5327
v  0.7273 -4.7386 -5.5327
v  0.7309 -4.8103 -5.5328
v  0.7273 -4.8819 -5.5327
v  0.7167 -4.9528 -5.5327
v  0.6992 -5.0224 -5.5327
v  0.6750 -5.0899 -5.5327
v  0.6443 -5.1547 -5.5327
v  0.6074 -5.2162 -5.5327
v  0.5647 -5.2738 -5.5327
v  0.5166 -5.3270 -5.5327
v  0.4634 -5.3751 -5.5327
v  0.4057 -5.4178 -5.5327
v  0.3442 -5.4546 -5.5327
v  0.2793 -5.4852 -5.5327
v  0.2118 -5.5093 -5.5327
v  0.1422 -5.5267 -5.5327
v  0.0610 -5.4320 -5.5849
v  0.0610 -5.4320 -5.5919
v  0.0616 -5.4385 -5.5824
v  -0.0003 -5.4350 -5.5849
v  -0.0003 -5.4416 -5.5824
v  -0.0003 -5.4350 -5.5919
v  0.0610 -5.4320 -5.6199
v  0.0616 -5.4390 -5.6199
v  0.0610 -5.4320 -5.6129
v  -0.0003 -5.4350 -5.6199
v  -0.0003 -5.4350 -5.6129
v  -0.0003 -5.4420 -5.6199
v  0.1216 -5.4230 -5.5849
v  0.1216 -5.4230 -5.5919
v  0.1229 -5.4295 -5.5824
v  0.1216 -5.4230 -5.6199
v  0.1230 -5.4299 -5.6199
v  0.1216 -5.4230 -5.6129
v  0.1811 -5.4082 -5.5849
v  0.1811 -5.4082 -5.5919
v  0.1830 -5.4144 -5.5824
v  0.1811 -5.4082 -5.6199
v  0.1832 -5.4149 -5.6199
v  0.1811 -5.4082 -5.6129
v  0.2389 -5.3875 -5.5849
v  0.2389 -5.3875 -5.5919
v  0.2414 -5.3936 -5.5824
v  0.2389 -5.3875 -5.6199
v  0.2416 -5.3940 -5.6199
v  0.2389 -5.3875 -5.6129
v  0.2943 -5.3613 -5.5849
v  0.2943 -5.3613 -5.5919
v  0.2974 -5.3671 -5.5824
v  0.2943 -5.3613 -5.6199
v  0.2976 -5.3675 -5.6199
v  0.2943 -5.3613 -5.6129
v  0.3470 -5.3298 -5.5849
v  0.3470 -5.3298 -5.5919
v  0.3506 -5.3353 -5.5824
v  0.3470 -5.3298 -5.6199
v  0.3509 -5.3356 -5.6199
v  0.3470 -5.3298 -5.6129
v  0.3963 -5.2933 -5.5849
v  0.3963 -5.2933 -5.5919
v  0.4004 -5.2984 -5.5824
v  0.3963 -5.2933 -5.6199
v  0.4007 -5.2987 -5.6199
v  0.3963 -5.2933 -5.6129
v  0.4417 -5.2521 -5.5849
v  0.4417 -5.2521 -5.5919
v  0.4464 -5.2568 -5.5824
v  0.4417 -5.2521 -5.6199
v  0.4467 -5.2571 -5.6199
v  0.4417 -5.2521 -5.6129
v  0.4829 -5.2067 -5.5849
v  0.4829 -5.2067 -5.5919
v  0.4880 -5.2109 -5.5824
v  0.4829 -5.2067 -5.6199
v  0.4883 -5.2112 -5.6199
v  0.4829 -5.2067 -5.6129
v  0.5195 -5.1575 -5.5849
v  0.5195 -5.1575 -5.5919
v  0.5249 -5.1611 -5.5824
v  0.5195 -5.1575 -5.6199
v  0.5253 -5.1614 -5.6199
v  0.5195 -5.1575 -5.6129
v  0.5510 -5.1049 -5.5849
v  0.5510 -5.1049 -5.5919
v  0.5568 -5.1080 -5.5824
v  0.5510 -5.1049 -5.6199
v  0.5572 -5.1082 -5.6199
v  0.5510 -5.1049 -5.6129
v  0.5773 -5.0494 -5.5849
v  0.5773 -5.0494 -5.5919
v  0.5833 -5.0519 -5.5824
v  0.5773 -5.0494 -5.6199
v  0.5838 -5.0521 -5.6199
v  0.5773 -5.0494 -5.6129
v  0.5980 -4.9917 -5.5849
v  0.5980 -4.9917 -5.5919
v  0.6043 -4.9936 -5.5824
v  0.5980 -4.9917 -5.6199
v  0.6047 -4.9937 -5.6199
v  0.5980 -4.9917 -5.6129
v  0.6129 -4.9322 -5.5849
v  0.6129 -4.9322 -5.5919
v  0.6193 -4.9335 -5.5824
v  0.6129 -4.9322 -5.6199
v  0.6198 -4.9336 -5.6199
v  0.6129 -4.9322 -5.6129
v  0.6219 -4.8715 -5.5849
v  0.6219 -4.8715 -5.5919
v  0.6285 -4.8722 -5.5824
v  0.6219 -4.8715 -5.6199
v  0.6289 -4.8722 -5.6199
v  0.6219 -4.8715 -5.6129
v  0.6250 -4.8103 -5.5849
v  0.6250 -4.8103 -5.5919
v  0.6315 -4.8103 -5.5824
v  0.6250 -4.8103 -5.6199
v  0.6320 -4.8103 -5.6199
v  0.6250 -4.8103 -5.6129
v  0.6220 -4.7490 -5.5849
v  0.6220 -4.7490 -5.5919
v  0.6285 -4.7484 -5.5824
v  0.6220 -4.7490 -5.6199
v  0.6290 -4.7483 -5.6199
v  0.6220 -4.7490 -5.6129
v  0.6130 -4.6883 -5.5849
v  0.6130 -4.6883 -5.5919
v  0.6195 -4.6871 -5.5824
v  0.6130 -4.6883 -5.6199
v  0.6199 -4.6870 -5.6199
v  0.6130 -4.6883 -5.6129
v  0.5981 -4.6288 -5.5849
v  0.5981 -4.6288 -5.5919
v  0.6044 -4.6269 -5.5824
v  0.5981 -4.6288 -5.6199
v  0.6048 -4.6268 -5.6199
v  0.5981 -4.6288 -5.6129
v  0.5775 -4.5711 -5.5849
v  0.5775 -4.5711 -5.5919
v  0.5836 -4.5686 -5.5824
v  0.5775 -4.5711 -5.6199
v  0.5840 -4.5684 -5.6199
v  0.5775 -4.5711 -5.6129
v  0.5513 -4.5156 -5.5849
v  0.5513 -4.5156 -5.5919
v  0.5571 -4.5125 -5.5824
v  0.5513 -4.5156 -5.6199
v  0.5575 -4.5123 -5.6199
v  0.5513 -4.5156 -5.6129
v  0.5198 -4.4630 -5.5849
v  0.5198 -4.4630 -5.5919
v  0.5253 -4.4594 -5.5824
v  0.5198 -4.4630 -5.6199
v  0.5256 -4.4591 -5.6199
v  0.5198 -4.4630 -5.6129
v  0.4833 -4.4137 -5.5849
v  0.4833 -4.4137 -5.5919
v  0.4884 -4.4096 -5.5824
v  0.4833 -4.4137 -5.6199
v  0.4887 -4.4093 -5.6199
v  0.4833 -4.4137 -5.6129
v  0.4421 -4.3683 -5.5849
v  0.4421 -4.3683 -5.5919
v  0.4468 -4.3636 -5.5824
v  0.4421 -4.3683 -5.6199
v  0.4471 -4.3633 -5.6199
v  0.4421 -4.3683 -5.6129
v  0.3967 -4.3270 -5.5849
v  0.3967 -4.3270 -5.5919
v  0.4008 -4.3220 -5.5824
v  0.3967 -4.3270 -5.6199
v  0.4011 -4.3216 -5.6199
v  0.3967 -4.3270 -5.6129
v  0.3474 -4.2905 -5.5849
v  0.3474 -4.2905 -5.5919
v  0.3511 -4.2850 -5.5824
v  0.3474 -4.2905 -5.6199
v  0.3513 -4.2847 -5.6199
v  0.3474 -4.2905 -5.6129
v  0.2948 -4.2589 -5.5849
v  0.2948 -4.2589 -5.5919
v  0.2979 -4.2531 -5.5824
v  0.2948 -4.2589 -5.6199
v  0.2981 -4.2528 -5.6199
v  0.2948 -4.2589 -5.6129
v  0.2394 -4.2327 -5.5849
v  0.2394 -4.2327 -5.5919
v  0.2419 -4.2266 -5.5824
v  0.2394 -4.2327 -5.6199
v  0.2421 -4.2262 -5.6199
v  0.2394 -4.2327 -5.6129
v  0.1817 -4.2120 -5.5849
v  0.1817 -4.2120 -5.5919
v  0.1836 -4.2057 -5.5824
v  0.1817 -4.2120 -5.6199
v  0.1837 -4.2053 -5.6199
v  0.1817 -4.2120 -5.6129
v  0.1222 -4.1971 -5.5849
v  0.1222 -4.1971 -5.5919
v  0.1235 -4.1906 -5.5824
v  0.1222 -4.1971 -5.6199
v  0.1235 -4.1902 -5.6199
v  0.1222 -4.1971 -5.6129
v  0.0615 -4.1880 -5.5849
v  0.0615 -4.1880 -5.5919
v  0.0622 -4.1815 -5.5824
v  0.0615 -4.1880 -5.6199
v  0.0622 -4.1811 -5.6199
v  0.0615 -4.1880 -5.6129
v  0.0003 -4.1850 -5.5849
v  0.0003 -4.1850 -5.5919
v  0.0003 -4.1784 -5.5824
v  0.0003 -4.1850 -5.6199
v  0.0003 -4.1780 -5.6199
v  0.0003 -4.1850 -5.6129
v  -0.0610 -4.1880 -5.5849
v  -0.0610 -4.1880 -5.5919
v  -0.0616 -4.1815 -5.5824
v  -0.0610 -4.1880 -5.6199
v  -0.0617 -4.1810 -5.6199
v  -0.0610 -4.1880 -5.6129
v  -0.1217 -4.1970 -5.5849
v  -0.1217 -4.1970 -5.5919
v  -0.1230 -4.1905 -5.5824
v  -0.1217 -4.1970 -5.6199
v  -0.1230 -4.1901 -5.6199
v  -0.1217 -4.1970 -5.6129
v  -0.1812 -4.2118 -5.5849
v  -0.1812 -4.2118 -5.5919
v  -0.1831 -4.2056 -5.5824
v  -0.1812 -4.2118 -5.6199
v  -0.1832 -4.2051 -5.6199
v  -0.1812 -4.2118 -5.6129
v  -0.2389 -4.2325 -5.5849
v  -0.2389 -4.2325 -5.5919
v  -0.2415 -4.2264 -5.5824
v  -0.2389 -4.2325 -5.6199
v  -0.2416 -4.2260 -5.6199
v  -0.2389 -4.2325 -5.6129
v  -0.2944 -4.2587 -5.5849
v  -0.2944 -4.2587 -5.5919
v  -0.2975 -4.2529 -5.5824
v  -0.2944 -4.2587 -5.6199
v  -0.2977 -4.2525 -5.6199
v  -0.2944 -4.2587 -5.6129
v  -0.3470 -4.2902 -5.5849
v  -0.3470 -4.2902 -5.5919
v  -0.3507 -4.2847 -5.5824
v  -0.3470 -4.2902 -5.6199
v  -0.3509 -4.2844 -5.6199
v  -0.3470 -4.2902 -5.6129
v  -0.3963 -4.3267 -5.5849
v  -0.3963 -4.3267 -5.5919
v  -0.4005 -4.3216 -5.5824
v  -0.3963 -4.3267 -5.6199
v  -0.4007 -4.3213 -5.6199
v  -0.3963 -4.3267 -5.6129
v  -0.4418 -4.3679 -5.5849
v  -0.4418 -4.3679 -5.5919
v  -0.4464 -4.3632 -5.5824
v  -0.4418 -4.3679 -5.6199
v  -0.4467 -4.3629 -5.6199
v  -0.4418 -4.3679 -5.6129
v  -0.4830 -4.4133 -5.5849
v  -0.4830 -4.4133 -5.5919
v  -0.4880 -4.4091 -5.5824
v  -0.4830 -4.4133 -5.6199
v  -0.4884 -4.4088 -5.6199
v  -0.4830 -4.4133 -5.6129
v  -0.5195 -4.4625 -5.5849
v  -0.5195 -4.4625 -5.5919
v  -0.5250 -4.4589 -5.5824
v  -0.5195 -4.4625 -5.6199
v  -0.5254 -4.4586 -5.6199
v  -0.5195 -4.4625 -5.6129
v  -0.5511 -4.5151 -5.5849
v  -0.5511 -4.5151 -5.5919
v  -0.5569 -4.5120 -5.5824
v  -0.5511 -4.5151 -5.6199
v  -0.5573 -4.5118 -5.6199
v  -0.5511 -4.5151 -5.6129
v  -0.5773 -4.5706 -5.5849
v  -0.5773 -4.5706 -5.5919
v  -0.5834 -4.5681 -5.5824
v  -0.5773 -4.5706 -5.6199
v  -0.5838 -4.5679 -5.6199
v  -0.5773 -4.5706 -5.6129
v  -0.5980 -4.6283 -5.5849
v  -0.5980 -4.6283 -5.5919
v  -0.6043 -4.6264 -5.5824
v  -0.5980 -4.6283 -5.6199
v  -0.6047 -4.6263 -5.6199
v  -0.5980 -4.6283 -5.6129
v  -0.6130 -4.6878 -5.5849
v  -0.6129 -4.6878 -5.5919
v  -0.6194 -4.6865 -5.5825
v  -0.6130 -4.6878 -5.6199
v  -0.6198 -4.6864 -5.6199
v  -0.6130 -4.6878 -5.6129
v  -0.6220 -4.7485 -5.5849
v  -0.6218 -4.7485 -5.5919
v  -0.6285 -4.7478 -5.5825
v  -0.6219 -4.7485 -5.6200
v  -0.6290 -4.7478 -5.6200
v  -0.6218 -4.7485 -5.6129
v  -0.6251 -4.8097 -5.5849
v  -0.6249 -4.8097 -5.5919
v  -0.6316 -4.8097 -5.5825
v  -0.6249 -4.8097 -5.6200
v  -0.6320 -4.8097 -5.6200
v  -0.6249 -4.8097 -5.6129
v  -0.6221 -4.8710 -5.5849
v  -0.6218 -4.8710 -5.5919
v  -0.6286 -4.8716 -5.5825
v  -0.6219 -4.8710 -5.6200
v  -0.6290 -4.8717 -5.6200
v  -0.6218 -4.8710 -5.6129
v  -0.6131 -4.9317 -5.5849
v  -0.6128 -4.9316 -5.5919
v  -0.6195 -4.9329 -5.5825
v  -0.6130 -4.9316 -5.6200
v  -0.6199 -4.9330 -5.6200
v  -0.6128 -4.9316 -5.6129
v  -0.5982 -4.9912 -5.5849
v  -0.5982 -4.9912 -5.5919
v  -0.6045 -4.9931 -5.5824
v  -0.5982 -4.9912 -5.6199
v  -0.6049 -4.9932 -5.6199
v  -0.5982 -4.9912 -5.6129
v  -0.5776 -5.0489 -5.5849
v  -0.5773 -5.0488 -5.5919
v  -0.5836 -5.0514 -5.5825
v  -0.5775 -5.0489 -5.6200
v  -0.5840 -5.0516 -5.6200
v  -0.5773 -5.0488 -5.6129
v  -0.5514 -5.1044 -5.5849
v  -0.5511 -5.1042 -5.5919
v  -0.5571 -5.1075 -5.5825
v  -0.5513 -5.1043 -5.6200
v  -0.5575 -5.1077 -5.6200
v  -0.5511 -5.1043 -5.6129
v  -0.5199 -5.1570 -5.5849
v  -0.5197 -5.1569 -5.5919
v  -0.5253 -5.1606 -5.5825
v  -0.5199 -5.1570 -5.6199
v  -0.5257 -5.1609 -5.6199
v  -0.5199 -5.1570 -5.6129
v  -0.4833 -5.2063 -5.5849
v  -0.4833 -5.2063 -5.5919
v  -0.4884 -5.2104 -5.5824
v  -0.4833 -5.2063 -5.6199
v  -0.4887 -5.2107 -5.6199
v  -0.4833 -5.2063 -5.6129
v  -0.4422 -5.2518 -5.5849
v  -0.4422 -5.2517 -5.5919
v  -0.4468 -5.2564 -5.5825
v  -0.4422 -5.2517 -5.6199
v  -0.4471 -5.2567 -5.6199
v  -0.4422 -5.2517 -5.6129
v  -0.3967 -5.2930 -5.5849
v  -0.3967 -5.2930 -5.5919
v  -0.4009 -5.2980 -5.5825
v  -0.3967 -5.2930 -5.6199
v  -0.4012 -5.2984 -5.6199
v  -0.3967 -5.2930 -5.6129
v  -0.3475 -5.3295 -5.5849
v  -0.3475 -5.3295 -5.5919
v  -0.3511 -5.3350 -5.5824
v  -0.3475 -5.3295 -5.6199
v  -0.3514 -5.3353 -5.6199
v  -0.3475 -5.3295 -5.6129
v  -0.2949 -5.3611 -5.5849
v  -0.2949 -5.3611 -5.5919
v  -0.2980 -5.3669 -5.5824
v  -0.2949 -5.3611 -5.6199
v  -0.2982 -5.3672 -5.6199
v  -0.2949 -5.3611 -5.6129
v  -0.2395 -5.3873 -5.5849
v  -0.2395 -5.3873 -5.5919
v  -0.2420 -5.3934 -5.5824
v  -0.2395 -5.3873 -5.6199
v  -0.2421 -5.3938 -5.6199
v  -0.2395 -5.3873 -5.6129
v  -0.1817 -5.4080 -5.5849
v  -0.1817 -5.4080 -5.5919
v  -0.1836 -5.4143 -5.5824
v  -0.1817 -5.4080 -5.6199
v  -0.1838 -5.4147 -5.6199
v  -0.1817 -5.4080 -5.6129
v  -0.1222 -5.4229 -5.5849
v  -0.1222 -5.4229 -5.5919
v  -0.1235 -5.4294 -5.5824
v  -0.1222 -5.4229 -5.6199
v  -0.1236 -5.4298 -5.6199
v  -0.1222 -5.4229 -5.6129
v  -0.0616 -5.4320 -5.5849
v  -0.0616 -5.4320 -5.5919
v  -0.0622 -5.4385 -5.5824
v  -0.0616 -5.4320 -5.6199
v  -0.0623 -5.4389 -5.6199
v  -0.0616 -5.4320 -5.6129
v  0.0762 -5.5866 -5.9699
v  0.0762 -5.5870 -5.9629
v  0.0755 -5.5797 -5.9699
v  -0.0003 -5.5904 -5.9699
v  -0.0003 -5.5834 -5.9699
v  -0.0003 -5.5907 -5.9629
v  0.0678 -5.5012 -5.7354
v  0.0678 -5.5012 -5.7424
v  0.0683 -5.5061 -5.7304
v  -0.0003 -5.5045 -5.7354
v  -0.0003 -5.5095 -5.7304
v  -0.0003 -5.5045 -5.7424
v  0.1519 -5.5754 -5.9699
v  0.1520 -5.5758 -5.9629
v  0.1506 -5.5685 -5.9699
v  0.1352 -5.4912 -5.7354
v  0.1352 -5.4912 -5.7424
v  0.1362 -5.4961 -5.7304
v  0.2262 -5.5568 -5.9699
v  0.2263 -5.5572 -5.9629
v  0.2242 -5.5501 -5.9699
v  0.2013 -5.4747 -5.7354
v  0.2013 -5.4747 -5.7424
v  0.2027 -5.4794 -5.7304
v  0.2983 -5.5311 -5.9699
v  0.2985 -5.5314 -5.9629
v  0.2957 -5.5246 -5.9699
v  0.2655 -5.4517 -5.7354
v  0.2655 -5.4517 -5.7424
v  0.2674 -5.4563 -5.7304
v  0.3676 -5.4983 -5.9699
v  0.3678 -5.4987 -5.9629
v  0.3643 -5.4922 -5.9699
v  0.3271 -5.4226 -5.7354
v  0.3271 -5.4226 -5.7424
v  0.3294 -5.4270 -5.7304
v  0.4333 -5.4590 -5.9699
v  0.4335 -5.4593 -5.9629
v  0.4294 -5.4532 -5.9699
v  0.3856 -5.3876 -5.7354
v  0.3856 -5.3876 -5.7424
v  0.3883 -5.3917 -5.7304
v  0.4948 -5.4134 -5.9699
v  0.4950 -5.4137 -5.9629
v  0.4904 -5.4080 -5.9699
v  0.4403 -5.3470 -5.7354
v  0.4403 -5.3470 -5.7424
v  0.4435 -5.3509 -5.7304
v  0.5516 -5.3620 -5.9699
v  0.5518 -5.3623 -5.9629
v  0.5466 -5.3570 -5.9699
v  0.4909 -5.3013 -5.7354
v  0.4909 -5.3013 -5.7424
v  0.4944 -5.3048 -5.7304
v  0.6030 -5.3053 -5.9699
v  0.6033 -5.3055 -5.9629
v  0.5976 -5.3008 -5.9699
v  0.5367 -5.2508 -5.7354
v  0.5367 -5.2508 -5.7424
v  0.5405 -5.2539 -5.7304
v  0.6487 -5.2438 -5.9699
v  0.6490 -5.2440 -5.9629
v  0.6428 -5.2399 -5.9699
v  0.5773 -5.1961 -5.7354
v  0.5773 -5.1961 -5.7424
v  0.5814 -5.1988 -5.7304
v  0.6880 -5.1781 -5.9699
v  0.6884 -5.1783 -5.9629
v  0.6819 -5.1748 -5.9699
v  0.6123 -5.1376 -5.7354
v  0.6123 -5.1376 -5.7424
v  0.6167 -5.1400 -5.7304
v  0.7208 -5.1089 -5.9699
v  0.7212 -5.1090 -5.9629
v  0.7143 -5.1062 -5.9699
v  0.6415 -5.0760 -5.7354
v  0.6415 -5.0760 -5.7424
v  0.6461 -5.0779 -5.7304
v  0.7466 -5.0368 -5.9699
v  0.7470 -5.0369 -5.9629
v  0.7399 -5.0348 -5.9699
v  0.6645 -5.0119 -5.7354
v  0.6645 -5.0119 -5.7424
v  0.6692 -5.0133 -5.7304
v  0.7653 -4.9625 -5.9699
v  0.7656 -4.9626 -5.9629
v  0.7584 -4.9612 -5.9699
v  0.6811 -4.9458 -5.7354
v  0.6811 -4.9458 -5.7424
v  0.6859 -4.9467 -5.7304
v  0.7765 -4.8868 -5.9699
v  0.7769 -4.8868 -5.9629
v  0.7696 -4.8861 -5.9699
v  0.6911 -4.8784 -5.7354
v  0.6911 -4.8784 -5.7424
v  0.6960 -4.8788 -5.7304
v  0.7803 -4.8103 -5.9699
v  0.7807 -4.8103 -5.9629
v  0.7733 -4.8103 -5.9699
v  0.6945 -4.8103 -5.7354
v  0.6945 -4.8103 -5.7424
v  0.6994 -4.8103 -5.7304
v  0.7766 -4.7338 -5.9699
v  0.7770 -4.7338 -5.9629
v  0.7696 -4.7345 -5.9699
v  0.6912 -4.7422 -5.7354
v  0.6912 -4.7422 -5.7424
v  0.6961 -4.7417 -5.7304
v  0.7654 -4.6580 -5.9699
v  0.7657 -4.6580 -5.9629
v  0.7585 -4.6594 -5.9699
v  0.6812 -4.6748 -5.7354
v  0.6812 -4.6748 -5.7424
v  0.6860 -4.6738 -5.7304
v  0.7468 -4.5837 -5.9699
v  0.7472 -4.5836 -5.9629
v  0.7401 -4.5858 -5.9699
v  0.6646 -4.6087 -5.7354
v  0.6646 -4.6087 -5.7424
v  0.6694 -4.6072 -5.7304
v  0.7210 -4.5116 -5.9699
v  0.7214 -4.5115 -5.9629
v  0.7146 -4.5143 -5.9699
v  0.6417 -4.5445 -5.7354
v  0.6417 -4.5445 -5.7424
v  0.6463 -4.5426 -5.7304
v  0.6883 -4.4424 -5.9699
v  0.6886 -4.4422 -5.9629
v  0.6821 -4.4457 -5.9699
v  0.6126 -4.4829 -5.7354
v  0.6126 -4.4829 -5.7424
v  0.6170 -4.4805 -5.7304
v  0.6490 -4.3767 -5.9699
v  0.6493 -4.3765 -5.9629
v  0.6431 -4.3806 -5.9699
v  0.5776 -4.4244 -5.7354
v  0.5776 -4.4244 -5.7424
v  0.5817 -4.4216 -5.7304
v  0.6034 -4.3152 -5.9699
v  0.6037 -4.3149 -5.9629
v  0.5980 -4.3196 -5.9699
v  0.5370 -4.3696 -5.7354
v  0.5370 -4.3696 -5.7424
v  0.5408 -4.3665 -5.7304
v  0.5520 -4.2584 -5.9699
v  0.5522 -4.2581 -5.9629
v  0.5470 -4.2634 -5.9699
v  0.4913 -4.3191 -5.7354
v  0.4913 -4.3191 -5.7424
v  0.4948 -4.3156 -5.7304
v  0.4952 -4.2070 -5.9699
v  0.4955 -4.2067 -5.9629
v  0.4908 -4.2124 -5.9699
v  0.4408 -4.2733 -5.7354
v  0.4408 -4.2733 -5.7424
v  0.4439 -4.2695 -5.7304
v  0.4337 -4.1613 -5.9699
v  0.4339 -4.1610 -5.9629
v  0.4299 -4.1671 -5.9699
v  0.3861 -4.2327 -5.7354
v  0.3861 -4.2327 -5.7424
v  0.3888 -4.2286 -5.7304
v  0.3681 -4.1219 -5.9699
v  0.3682 -4.1216 -5.9629
v  0.3648 -4.1281 -5.9699
v  0.3276 -4.1976 -5.7354
v  0.3276 -4.1976 -5.7424
v  0.3299 -4.1933 -5.7304
v  0.2989 -4.0892 -5.9699
v  0.2990 -4.0888 -5.9629
v  0.2962 -4.0956 -5.9699
v  0.2660 -4.1685 -5.7354
v  0.2660 -4.1685 -5.7424
v  0.2679 -4.1639 -5.7304
v  0.2268 -4.0633 -5.9699
v  0.2269 -4.0630 -5.9629
v  0.2247 -4.0700 -5.9699
v  0.2018 -4.1455 -5.7354
v  0.2018 -4.1455 -5.7424
v  0.2033 -4.1408 -5.7304
v  0.1525 -4.0447 -5.9699
v  0.1526 -4.0443 -5.9629
v  0.1511 -4.0516 -5.9699
v  0.1357 -4.1289 -5.7354
v  0.1357 -4.1289 -5.7424
v  0.1367 -4.1240 -5.7304
v  0.0767 -4.0334 -5.9699
v  0.0768 -4.0331 -5.9629
v  0.0761 -4.0404 -5.9699
v  0.0683 -4.1189 -5.7354
v  0.0683 -4.1189 -5.7424
v  0.0688 -4.1139 -5.7304
v  0.0003 -4.0296 -5.9699
v  0.0003 -4.0293 -5.9629
v  0.0003 -4.0367 -5.9699
v  0.0003 -4.1155 -5.7354
v  0.0003 -4.1155 -5.7424
v  0.0003 -4.1106 -5.7304
v  -0.0762 -4.0334 -5.9699
v  -0.0763 -4.0330 -5.9629
v  -0.0755 -4.0403 -5.9699
v  -0.0678 -4.1188 -5.7354
v  -0.0678 -4.1188 -5.7424
v  -0.0683 -4.1139 -5.7304
v  -0.1520 -4.0446 -5.9699
v  -0.1521 -4.0442 -5.9629
v  -0.1506 -4.0515 -5.9699
v  -0.1352 -4.1288 -5.7354
v  -0.1352 -4.1288 -5.7424
v  -0.1362 -4.1239 -5.7304
v  -0.2263 -4.0632 -5.9699
v  -0.2264 -4.0628 -5.9629
v  -0.2243 -4.0699 -5.9699
v  -0.2014 -4.1453 -5.7354
v  -0.2014 -4.1453 -5.7424
v  -0.2028 -4.1406 -5.7304
v  -0.2984 -4.0889 -5.9699
v  -0.2985 -4.0886 -5.9629
v  -0.2957 -4.0954 -5.9699
v  -0.2655 -4.1683 -5.7354
v  -0.2655 -4.1683 -5.7424
v  -0.2674 -4.1637 -5.7304
v  -0.3676 -4.1217 -5.9699
v  -0.3678 -4.1213 -5.9629
v  -0.3643 -4.1278 -5.9699
v  -0.3272 -4.1974 -5.7354
v  -0.3272 -4.1974 -5.7424
v  -0.3295 -4.1930 -5.7304
v  -0.4333 -4.1610 -5.9699
v  -0.4335 -4.1607 -5.9629
v  -0.4294 -4.1668 -5.9699
v  -0.3856 -4.2324 -5.7354
v  -0.3856 -4.2324 -5.7424
v  -0.3884 -4.2283 -5.7304
v  -0.4949 -4.2066 -5.9699
v  -0.4951 -4.2063 -5.9629
v  -0.4904 -4.2120 -5.9699
v  -0.4404 -4.2730 -5.7354
v  -0.4404 -4.2730 -5.7424
v  -0.4435 -4.2691 -5.7304
v  -0.5516 -4.2580 -5.9699
v  -0.5519 -4.2578 -5.9629
v  -0.5467 -4.2630 -5.9699
v  -0.4909 -4.3187 -5.7354
v  -0.4909 -4.3187 -5.7424
v  -0.4944 -4.3152 -5.7304
v  -0.6031 -4.3147 -5.9699
v  -0.6034 -4.3145 -5.9629
v  -0.5977 -4.3192 -5.9699
v  -0.5367 -4.3692 -5.7354
v  -0.5367 -4.3692 -5.7424
v  -0.5405 -4.3661 -5.7304
v  -0.6487 -4.3762 -5.9699
v  -0.6490 -4.3760 -5.9629
v  -0.6429 -4.3801 -5.9699
v  -0.5773 -4.4239 -5.7354
v  -0.5773 -4.4239 -5.7424
v  -0.5814 -4.4212 -5.7304
v  -0.6881 -4.4419 -5.9699
v  -0.6884 -4.4417 -5.9629
v  -0.6819 -4.4452 -5.9699
v  -0.6124 -4.4824 -5.7354
v  -0.6124 -4.4824 -5.7424
v  -0.6168 -4.4800 -5.7304
v  -0.7209 -4.5111 -5.9699
v  -0.7212 -4.5110 -5.9629
v  -0.7144 -4.5138 -5.9699
v  -0.6416 -4.5440 -5.7354
v  -0.6416 -4.5440 -5.7424
v  -0.6461 -4.5421 -5.7304
v  -0.7467 -4.5832 -5.9699
v  -0.7470 -4.5831 -5.9629
v  -0.7400 -4.5852 -5.9699
v  -0.6645 -4.6081 -5.7354
v  -0.6645 -4.6081 -5.7424
v  -0.6693 -4.6067 -5.7304
v  -0.7653 -4.6575 -5.9699
v  -0.7657 -4.6574 -5.9629
v  -0.7585 -4.6589 -5.9699
v  -0.6811 -4.6742 -5.7354
v  -0.6811 -4.6742 -5.7424
v  -0.6860 -4.6733 -5.7304
v  -0.7766 -4.7332 -5.9699
v  -0.7770 -4.7332 -5.9629
v  -0.7696 -4.7339 -5.9699
v  -0.6912 -4.7416 -5.7354
v  -0.6912 -4.7416 -5.7424
v  -0.6961 -4.7412 -5.7304
v  -0.7804 -4.8097 -5.9699
v  -0.7807 -4.8097 -5.9629
v  -0.7734 -4.8097 -5.9699
v  -0.6945 -4.8097 -5.7354
v  -0.6945 -4.8097 -5.7424
v  -0.6995 -4.8097 -5.7304
v  -0.7766 -4.8862 -5.9699
v  -0.7770 -4.8862 -5.9629
v  -0.7697 -4.8855 -5.9699
v  -0.6912 -4.8778 -5.7354
v  -0.6912 -4.8778 -5.7424
v  -0.6961 -4.8783 -5.7304
v  -0.7654 -4.9620 -5.9699
v  -0.7658 -4.9620 -5.9629
v  -0.7586 -4.9606 -5.9699
v  -0.6812 -4.9452 -5.7354
v  -0.6812 -4.9452 -5.7424
v  -0.6861 -4.9462 -5.7304
v  -0.7469 -5.0363 -5.9699
v  -0.7472 -5.0364 -5.9629
v  -0.7402 -5.0342 -5.9699
v  -0.6647 -5.0113 -5.7354
v  -0.6647 -5.0113 -5.7424
v  -0.6694 -5.0128 -5.7304
v  -0.7211 -5.1084 -5.9699
v  -0.7214 -5.1085 -5.9629
v  -0.7146 -5.1057 -5.9699
v  -0.6418 -5.0755 -5.7354
v  -0.6418 -5.0755 -5.7424
v  -0.6463 -5.0774 -5.7304
v  -0.6884 -5.1776 -5.9699
v  -0.6887 -5.1778 -5.9629
v  -0.6822 -5.1743 -5.9699
v  -0.6127 -5.1371 -5.7354
v  -0.6127 -5.1371 -5.7424
v  -0.6170 -5.1395 -5.7304
v  -0.6490 -5.2433 -5.9699
v  -0.6493 -5.2435 -5.9629
v  -0.6432 -5.2394 -5.9699
v  -0.5776 -5.1956 -5.7354
v  -0.5776 -5.1956 -5.7424
v  -0.5818 -5.1984 -5.7304
v  -0.6034 -5.3048 -5.9699
v  -0.6037 -5.3051 -5.9629
v  -0.5980 -5.3004 -5.9699
v  -0.5371 -5.2504 -5.7354
v  -0.5371 -5.2504 -5.7424
v  -0.5409 -5.2535 -5.7304
v  -0.5520 -5.3616 -5.9699
v  -0.5523 -5.3619 -5.9629
v  -0.5471 -5.3566 -5.9699
v  -0.4913 -5.3009 -5.7354
v  -0.4913 -5.3009 -5.7424
v  -0.4948 -5.3044 -5.7304
v  -0.4953 -5.4130 -5.9699
v  -0.4955 -5.4133 -5.9629
v  -0.4909 -5.4076 -5.9699
v  -0.4408 -5.3467 -5.7354
v  -0.4408 -5.3467 -5.7424
v  -0.4440 -5.3505 -5.7304
v  -0.4338 -5.4587 -5.9699
v  -0.4340 -5.4590 -5.9629
v  -0.4299 -5.4529 -5.9699
v  -0.3861 -5.3873 -5.7354
v  -0.3861 -5.3873 -5.7424
v  -0.3889 -5.3914 -5.7304
v  -0.3681 -5.4981 -5.9699
v  -0.3683 -5.4984 -5.9629
v  -0.3648 -5.4919 -5.9699
v  -0.3277 -5.4224 -5.7354
v  -0.3277 -5.4224 -5.7424
v  -0.3300 -5.4267 -5.7304
v  -0.2989 -5.5308 -5.9699
v  -0.2991 -5.5312 -5.9629
v  -0.2962 -5.5244 -5.9699
v  -0.2661 -5.4515 -5.7354
v  -0.2661 -5.4515 -5.7424
v  -0.2680 -5.4561 -5.7304
v  -0.2268 -5.5567 -5.9699
v  -0.2269 -5.5570 -5.9629
v  -0.2248 -5.5500 -5.9699
v  -0.2019 -5.4745 -5.7354
v  -0.2019 -5.4745 -5.7424
v  -0.2033 -5.4793 -5.7304
v  -0.1525 -5.5753 -5.9699
v  -0.1526 -5.5757 -5.9629
v  -0.1512 -5.5684 -5.9699
v  -0.1358 -5.4911 -5.7354
v  -0.1358 -5.4911 -5.7424
v  -0.1368 -5.4960 -5.7304
v  -0.0768 -5.5866 -5.9699
v  -0.0768 -5.5869 -5.9629
v  -0.0761 -5.5796 -5.9699
v  -0.0684 -5.5011 -5.7354
v  -0.0684 -5.5011 -5.7424
v  -0.0689 -5.5061 -5.7304
v  0.0678 -5.5012 -5.9394
v  0.0683 -5.5061 -5.9443
v  0.0678 -5.5012 -5.9324
v  -0.0003 -5.5045 -5.9394
v  -0.0003 -5.5045 -5.9324
v  -0.0003 -5.5095 -5.9443
v  0.1352 -5.4912 -5.9394
v  0.1362 -5.4961 -5.9443
v  0.1352 -5.4912 -5.9324
v  0.2013 -5.4747 -5.9394
v  0.2027 -5.4794 -5.9443
v  0.2013 -5.4747 -5.9324
v  0.2655 -5.4517 -5.9394
v  0.2674 -5.4563 -5.9443
v  0.2655 -5.4517 -5.9324
v  0.3271 -5.4226 -5.9394
v  0.3294 -5.4270 -5.9443
v  0.3271 -5.4226 -5.9324
v  0.3856 -5.3876 -5.9394
v  0.3883 -5.3917 -5.9443
v  0.3856 -5.3876 -5.9324
v  0.4403 -5.3470 -5.9394
v  0.4435 -5.3509 -5.9443
v  0.4403 -5.3470 -5.9324
v  0.4909 -5.3013 -5.9394
v  0.4944 -5.3048 -5.9443
v  0.4909 -5.3013 -5.9324
v  0.5367 -5.2508 -5.9394
v  0.5405 -5.2539 -5.9443
v  0.5367 -5.2508 -5.9324
v  0.5773 -5.1961 -5.9394
v  0.5814 -5.1988 -5.9443
v  0.5773 -5.1961 -5.9324
v  0.6123 -5.1376 -5.9394
v  0.6167 -5.1400 -5.9443
v  0.6123 -5.1376 -5.9324
v  0.6415 -5.0760 -5.9394
v  0.6461 -5.0779 -5.9443
v  0.6415 -5.0760 -5.9324
v  0.6645 -5.0119 -5.9394
v  0.6692 -5.0133 -5.9443
v  0.6645 -5.0119 -5.9324
v  0.6811 -4.9458 -5.9394
v  0.6859 -4.9467 -5.9443
v  0.6811 -4.9458 -5.9324
v  0.6911 -4.8784 -5.9394
v  0.6960 -4.8788 -5.9443
v  0.6911 -4.8784 -5.9324
v  0.6945 -4.8103 -5.9394
v  0.6994 -4.8103 -5.9443
v  0.6945 -4.8103 -5.9324
v  0.6912 -4.7422 -5.9394
v  0.6961 -4.7417 -5.9443
v  0.6912 -4.7422 -5.9324
v  0.6812 -4.6748 -5.9394
v  0.6860 -4.6738 -5.9443
v  0.6812 -4.6748 -5.9324
v  0.6646 -4.6087 -5.9394
v  0.6694 -4.6072 -5.9443
v  0.6646 -4.6087 -5.9324
v  0.6417 -4.5445 -5.9394
v  0.6463 -4.5426 -5.9443
v  0.6417 -4.5445 -5.9324
v  0.6126 -4.4829 -5.9394
v  0.6170 -4.4805 -5.9443
v  0.6126 -4.4829 -5.9324
v  0.5776 -4.4244 -5.9394
v  0.5817 -4.4216 -5.9443
v  0.5776 -4.4244 -5.9324
v  0.5370 -4.3696 -5.9394
v  0.5408 -4.3665 -5.9443
v  0.5370 -4.3696 -5.9324
v  0.4913 -4.3191 -5.9394
v  0.4948 -4.3156 -5.9443
v  0.4913 -4.3191 -5.9324
v  0.4408 -4.2733 -5.9394
v  0.4439 -4.2695 -5.9443
v  0.4408 -4.2733 -5.9324
v  0.3861 -4.2327 -5.9394
v  0.3888 -4.2286 -5.9443
v  0.3861 -4.2327 -5.9324
v  0.3276 -4.1976 -5.9394
v  0.3299 -4.1933 -5.9443
v  0.3276 -4.1976 -5.9324
v  0.2660 -4.1685 -5.9394
v  0.2679 -4.1639 -5.9443
v  0.2660 -4.1685 -5.9324
v  0.2018 -4.1455 -5.9394
v  0.2033 -4.1408 -5.9443
v  0.2018 -4.1455 -5.9324
v  0.1357 -4.1289 -5.9394
v  0.1367 -4.1240 -5.9443
v  0.1357 -4.1289 -5.9324
v  0.0683 -4.1189 -5.9394
v  0.0688 -4.1139 -5.9443
v  0.0683 -4.1189 -5.9324
v  0.0003 -4.1155 -5.9394
v  0.0003 -4.1106 -5.9443
v  0.0003 -4.1155 -5.9324
v  -0.0678 -4.1188 -5.9394
v  -0.0683 -4.1139 -5.9443
v  -0.0678 -4.1188 -5.9324
v  -0.1352 -4.1288 -5.9394
v  -0.1362 -4.1239 -5.9443
v  -0.1352 -4.1288 -5.9324
v  -0.2014 -4.1453 -5.9394
v  -0.2028 -4.1406 -5.9443
v  -0.2014 -4.1453 -5.9324
v  -0.2655 -4.1683 -5.9394
v  -0.2674 -4.1637 -5.9443
v  -0.2655 -4.1683 -5.9324
v  -0.3272 -4.1974 -5.9394
v  -0.3295 -4.1930 -5.9443
v  -0.3272 -4.1974 -5.9324
v  -0.3856 -4.2324 -5.9394
v  -0.3884 -4.2283 -5.9443
v  -0.3856 -4.2324 -5.9324
v  -0.4404 -4.2730 -5.9394
v  -0.4435 -4.2691 -5.9443
v  -0.4404 -4.2730 -5.9324
v  -0.4909 -4.3187 -5.9394
v  -0.4944 -4.3152 -5.9443
v  -0.4909 -4.3187 -5.9324
v  -0.5367 -4.3692 -5.9394
v  -0.5405 -4.3661 -5.9443
v  -0.5367 -4.3692 -5.9324
v  -0.5773 -4.4239 -5.9394
v  -0.5814 -4.4212 -5.9443
v  -0.5773 -4.4239 -5.9324
v  -0.6124 -4.4824 -5.9394
v  -0.6168 -4.4800 -5.9443
v  -0.6124 -4.4824 -5.9324
v  -0.6416 -4.5440 -5.9394
v  -0.6461 -4.5421 -5.9443
v  -0.6416 -4.5440 -5.9324
v  -0.6645 -4.6081 -5.9394
v  -0.6693 -4.6067 -5.9443
v  -0.6645 -4.6081 -5.9324
v  -0.6811 -4.6742 -5.9394
v  -0.6860 -4.6733 -5.9443
v  -0.6811 -4.6742 -5.9324
v  -0.6912 -4.7416 -5.9394
v  -0.6961 -4.7412 -5.9443
v  -0.6912 -4.7416 -5.9324
v  -0.6945 -4.8097 -5.9394
v  -0.6995 -4.8097 -5.9443
v  -0.6945 -4.8097 -5.9324
v  -0.6912 -4.8778 -5.9394
v  -0.6961 -4.8783 -5.9443
v  -0.6912 -4.8778 -5.9324
v  -0.6812 -4.9452 -5.9394
v  -0.6861 -4.9462 -5.9443
v  -0.6812 -4.9452 -5.9324
v  -0.6647 -5.0113 -5.9394
v  -0.6694 -5.0128 -5.9443
v  -0.6647 -5.0113 -5.9324
v  -0.6418 -5.0755 -5.9394
v  -0.6463 -5.0774 -5.9443
v  -0.6418 -5.0755 -5.9324
v  -0.6127 -5.1371 -5.9394
v  -0.6170 -5.1395 -5.9443
v  -0.6127 -5.1371 -5.9324
v  -0.5776 -5.1956 -5.9394
v  -0.5818 -5.1984 -5.9443
v  -0.5776 -5.1956 -5.9324
v  -0.5371 -5.2504 -5.9394
v  -0.5409 -5.2535 -5.9443
v  -0.5371 -5.2504 -5.9324
v  -0.4913 -5.3009 -5.9394
v  -0.4948 -5.3044 -5.9443
v  -0.4913 -5.3009 -5.9324
v  -0.4408 -5.3467 -5.9394
v  -0.4440 -5.3505 -5.9443
v  -0.4408 -5.3467 -5.9324
v  -0.3861 -5.3873 -5.9394
v  -0.3889 -5.3914 -5.9443
v  -0.3861 -5.3873 -5.9324
v  -0.3277 -5.4224 -5.9394
v  -0.3300 -5.4267 -5.9443
v  -0.3277 -5.4224 -5.9324
v  -0.2661 -5.4515 -5.9394
v  -0.2680 -5.4561 -5.9443
v  -0.2661 -5.4515 -5.9324
v  -0.2019 -5.4745 -5.9394
v  -0.2033 -5.4793 -5.9443
v  -0.2019 -5.4745 -5.9324
v  -0.1358 -5.4911 -5.9394
v  -0.1368 -5.4960 -5.9443
v  -0.1358 -5.4911 -5.9324
v  -0.0684 -5.5011 -5.9394
v  -0.0689 -5.5061 -5.9443
v  -0.0684 -5.5011 -5.9324
v  0.1006 -5.8349 -5.2100
v  0.1000 -5.8280 -5.2110
v  0.1013 -5.8418 -5.2110
v  -0.0003 -5.8399 -5.2100
v  -0.0003 -5.8468 -5.2110
v  -0.0003 -5.8329 -5.2110
v  0.2006 -5.8201 -5.2100
v  0.1993 -5.8133 -5.2110
v  0.2020 -5.8269 -5.2110
v  0.2987 -5.7956 -5.2100
v  0.2966 -5.7890 -5.2110
v  0.3007 -5.8022 -5.2110
v  0.3938 -5.7616 -5.2100
v  0.3912 -5.7552 -5.2110
v  0.3965 -5.7680 -5.2110
v  0.4852 -5.7184 -5.2100
v  0.4819 -5.7123 -5.2110
v  0.4885 -5.7245 -5.2110
v  0.5719 -5.6665 -5.2100
v  0.5680 -5.6607 -5.2110
v  0.5757 -5.6722 -5.2110
v  0.6531 -5.6063 -5.2100
v  0.6487 -5.6009 -5.2110
v  0.6575 -5.6116 -5.2110
v  0.7280 -5.5384 -5.2100
v  0.7231 -5.5335 -5.2110
v  0.7329 -5.5433 -5.2110
v  0.7959 -5.4636 -5.2101
v  0.7905 -5.4592 -5.2110
v  0.8013 -5.4680 -5.2104
v  0.8561 -5.3824 -5.2101
v  0.8504 -5.3785 -5.2110
v  0.8619 -5.3863 -5.2104
v  0.9081 -5.2957 -5.2101
v  0.9020 -5.2925 -5.2110
v  0.9143 -5.2990 -5.2104
v  0.9513 -5.2044 -5.2101
v  0.9449 -5.2017 -5.2110
v  0.9578 -5.2071 -5.2105
v  0.9854 -5.1092 -5.2101
v  0.9788 -5.1072 -5.2110
v  0.9921 -5.1113 -5.2105
v  1.0100 -5.0112 -5.2101
v  1.0032 -5.0098 -5.2110
v  1.0169 -5.0126 -5.2104
v  1.0248 -4.9112 -5.2101
v  1.0179 -4.9105 -5.2105
v  1.0317 -4.9119 -5.2114
v  1.0298 -4.8103 -5.2101
v  1.0229 -4.8103 -5.2111
v  1.0368 -4.8103 -5.2104
v  1.0249 -4.7093 -5.2101
v  1.0179 -4.7100 -5.2105
v  1.0317 -4.7087 -5.2114
v  1.0101 -4.6094 -5.2100
v  1.0033 -4.6107 -5.2110
v  1.0169 -4.6080 -5.2110
v  0.9856 -4.5113 -5.2100
v  0.9789 -4.5133 -5.2110
v  0.9922 -4.5093 -5.2110
v  0.9515 -4.4162 -5.2100
v  0.9451 -4.4188 -5.2110
v  0.9579 -4.4135 -5.2110
v  0.9084 -4.3248 -5.2100
v  0.9022 -4.3280 -5.2110
v  0.9145 -4.3215 -5.2110
v  0.8564 -4.2381 -5.2101
v  0.8507 -4.2419 -5.2110
v  0.8623 -4.2342 -5.2104
v  0.7962 -4.1569 -5.2101
v  0.7909 -4.1613 -5.2110
v  0.8017 -4.1524 -5.2104
v  0.7284 -4.0820 -5.2101
v  0.7235 -4.0869 -5.2110
v  0.7334 -4.0770 -5.2103
v  0.6535 -4.0141 -5.2101
v  0.6491 -4.0194 -5.2110
v  0.6580 -4.0087 -5.2104
v  0.5724 -3.9539 -5.2101
v  0.5685 -3.9596 -5.2110
v  0.5763 -3.9480 -5.2104
v  0.4857 -3.9019 -5.2101
v  0.4824 -3.9080 -5.2110
v  0.4890 -3.8957 -5.2104
v  0.3943 -3.8586 -5.2101
v  0.3917 -3.8650 -5.2110
v  0.3970 -3.8522 -5.2104
v  0.2992 -3.8246 -5.2101
v  0.2972 -3.8312 -5.2110
v  0.3012 -3.8179 -5.2104
v  0.2012 -3.8000 -5.2101
v  0.1998 -3.8068 -5.2110
v  0.2025 -3.7931 -5.2104
v  0.1012 -3.7851 -5.2100
v  0.1005 -3.7920 -5.2110
v  0.1019 -3.7782 -5.2110
v  0.0003 -3.7801 -5.2101
v  0.0003 -3.7871 -5.2110
v  0.0003 -3.7731 -5.2104
v  -0.1007 -3.7851 -5.2101
v  -0.1000 -3.7920 -5.2110
v  -0.1014 -3.7781 -5.2104
v  -0.2007 -3.7999 -5.2101
v  -0.1993 -3.8067 -5.2110
v  -0.2020 -3.7930 -5.2104
v  -0.2987 -3.8244 -5.2100
v  -0.2967 -3.8310 -5.2110
v  -0.3007 -3.8178 -5.2110
v  -0.3939 -3.8584 -5.2100
v  -0.3912 -3.8648 -5.2110
v  -0.3965 -3.8520 -5.2110
v  -0.4853 -3.9016 -5.2100
v  -0.4820 -3.9077 -5.2110
v  -0.4885 -3.8955 -5.2110
v  -0.5720 -3.9535 -5.2100
v  -0.5681 -3.9593 -5.2110
v  -0.5758 -3.9478 -5.2110
v  -0.6531 -4.0137 -5.2100
v  -0.6487 -4.0191 -5.2110
v  -0.6575 -4.0084 -5.2110
v  -0.7280 -4.0816 -5.2101
v  -0.7231 -4.0865 -5.2110
v  -0.7329 -4.0767 -5.2110
v  -0.7959 -4.1564 -5.2101
v  -0.7906 -4.1608 -5.2110
v  -0.8014 -4.1520 -5.2104
v  -0.8562 -4.2376 -5.2101
v  -0.8504 -4.2415 -5.2110
v  -0.8620 -4.2337 -5.2104
v  -0.9081 -4.3243 -5.2101
v  -0.9020 -4.3275 -5.2110
v  -0.9143 -4.3210 -5.2104
v  -0.9514 -4.4156 -5.2101
v  -0.9450 -4.4183 -5.2110
v  -0.9579 -4.4129 -5.2104
v  -0.9855 -4.5108 -5.2101
v  -0.9788 -4.5128 -5.2110
v  -0.9922 -4.5087 -5.2104
v  -1.0100 -4.6088 -5.2101
v  -1.0032 -4.6102 -5.2110
v  -1.0169 -4.6074 -5.2104
v  -1.0249 -4.7088 -5.2101
v  -1.0180 -4.7095 -5.2110
v  -1.0319 -4.7081 -5.2104
v  -1.0299 -4.8097 -5.2101
v  -1.0230 -4.8097 -5.2110
v  -1.0369 -4.8097 -5.2104
v  -1.0250 -4.9107 -5.2102
v  -1.0180 -4.9100 -5.2105
v  -1.0318 -4.9113 -5.2114
v  -1.0102 -5.0106 -5.2101
v  -1.0034 -5.0093 -5.2110
v  -1.0170 -5.0120 -5.2105
v  -0.9856 -5.1087 -5.2101
v  -0.9790 -5.1067 -5.2110
v  -0.9923 -5.1107 -5.2104
v  -0.9516 -5.2039 -5.2101
v  -0.9452 -5.2012 -5.2110
v  -0.9581 -5.2065 -5.2105
v  -0.9084 -5.2952 -5.2101
v  -0.9023 -5.2920 -5.2110
v  -0.9146 -5.2985 -5.2104
v  -0.8565 -5.3819 -5.2101
v  -0.8507 -5.3781 -5.2110
v  -0.8623 -5.3858 -5.2104
v  -0.7963 -5.4631 -5.2101
v  -0.7909 -5.4587 -5.2110
v  -0.8017 -5.4676 -5.2104
v  -0.7284 -5.5380 -5.2101
v  -0.7236 -5.5331 -5.2110
v  -0.7334 -5.5430 -5.2104
v  -0.6536 -5.6059 -5.2101
v  -0.6492 -5.6006 -5.2110
v  -0.6580 -5.6113 -5.2104
v  -0.5724 -5.6661 -5.2101
v  -0.5686 -5.6604 -5.2110
v  -0.5763 -5.6720 -5.2105
v  -0.4857 -5.7181 -5.2101
v  -0.4825 -5.7120 -5.2110
v  -0.4890 -5.7243 -5.2105
v  -0.3944 -5.7614 -5.2101
v  -0.3917 -5.7550 -5.2110
v  -0.3971 -5.7678 -5.2105
v  -0.2992 -5.7954 -5.2101
v  -0.2972 -5.7888 -5.2110
v  -0.3013 -5.8021 -5.2105
v  -0.2012 -5.8200 -5.2101
v  -0.1999 -5.8132 -5.2110
v  -0.2026 -5.8269 -5.2105
v  -0.1012 -5.8349 -5.2100
v  -0.1006 -5.8280 -5.2110
v  -0.1019 -5.8418 -5.2110
# 10380 vertices

o 14008T_PD
g 14008T_PD
s 1
f 40 43 42 41 
f 43 45 44 42 
f 45 47 46 44 
f 47 49 48 46 
f 49 51 50 48 
f 51 53 52 50 
f 53 55 54 52 
f 55 57 56 54 
f 57 59 58 56 
f 59 61 60 58 
f 61 63 62 60 
f 63 65 64 62 
f 65 67 66 64 
f 67 69 68 66 
f 70 73 72 71 
f 74 70 71 75 
f 76 74 75 77 
f 78 76 77 79 
f 80 78 79 81 
f 82 80 81 83 
f 84 82 83 85 
f 86 84 85 87 
f 88 86 87 89 
f 90 88 89 91 
f 92 90 91 93 
f 94 96 95 
f 69 2462 2463 68 
f 73 40 41 72 
f 43 40 98 97 
f 45 43 97 99 
f 47 45 99 100 
f 49 47 100 101 
f 51 49 101 102 
f 53 51 102 103 
f 55 53 103 104 
f 57 55 104 105 
f 59 57 105 106 
f 61 59 106 107 
f 63 61 107 108 
f 65 63 108 109 
f 67 65 109 110 
f 69 67 110 111 
f 70 113 112 73 
f 74 114 113 70 
f 76 115 114 74 
f 78 116 115 76 
f 80 117 116 78 
f 82 118 117 80 
f 84 119 118 82 
f 86 120 119 84 
f 88 121 120 86 
f 90 122 121 88 
f 90 92 123 122 
f 2462 69 111 23 
f 73 112 98 40 
f 124 127 126 125 
f 128 127 130 129 
f 131 134 133 132 
f 135 136 134 131 
f 137 138 136 135 
f 139 142 141 140 
f 143 145 141 144 
f 146 147 145 143 
f 148 149 147 146 
f 129 130 149 148 
f 150 153 152 151 
f 154 155 153 150 
f 156 157 155 154 
f 158 159 157 156 
f 160 161 159 158 
f 162 163 161 160 
f 164 165 163 162 
f 166 167 165 164 
f 168 169 167 166 
f 170 171 169 168 
f 172 173 171 170 
f 174 175 173 172 
f 176 177 175 174 
f 151 152 179 178 
f 178 182 181 180 
f 182 184 183 181 
f 184 186 185 183 
f 186 188 187 185 
f 188 190 189 187 
f 190 192 191 189 
f 192 194 193 191 
f 194 137 195 193 
f 137 135 196 195 
f 135 131 197 196 
f 131 132 198 197 
f 132 200 199 198 
f 200 202 201 199 
f 202 204 203 201 
f 113 206 205 112 
f 114 207 206 113 
f 115 208 207 114 
f 116 209 208 115 
f 117 210 209 116 
f 118 211 210 117 
f 119 212 211 118 
f 120 213 212 119 
f 121 214 213 120 
f 122 215 214 121 
f 123 216 215 122 
f 217 218 216 123 
f 219 220 218 217 
f 204 221 24 203 
f 112 205 180 98 
f 182 178 179 128 
f 184 182 128 129 
f 186 184 129 148 
f 188 186 148 146 
f 190 188 146 143 
f 192 190 143 144 
f 194 192 144 222 
f 137 194 222 138 
f 200 132 133 223 
f 202 200 223 224 
f 204 202 224 225 
f 204 225 2592 221 
f 226 229 228 227 
f 230 231 229 226 
f 232 235 234 233 
f 236 232 233 237 
f 238 236 237 239 
f 240 238 239 241 
f 242 240 241 243 
f 242 243 245 244 
f 244 245 247 246 
f 246 247 231 230 
f 227 228 249 248 
f 248 249 251 250 
f 252 255 254 253 
f 253 254 257 256 
f 256 257 259 258 
f 258 259 261 260 
f 260 261 263 262 
f 262 263 265 264 
f 264 265 267 266 
f 266 267 269 268 
f 268 269 271 270 
f 270 271 273 272 
f 274 277 276 275 
f 250 251 255 252 
f 278 2646 2647 279 
f 280 279 282 281 
f 281 282 284 283 
f 285 25 2655 286 
f 287 290 289 288 
f 291 294 293 292 
f 295 298 297 296 
f 299 302 301 300 
f 295 304 303 298 
f 305 308 307 306 
f 295 296 309 306 
f 310 313 312 311 
f 314 317 316 315 
f 318 321 320 319 
f 322 325 324 323 
f 326 329 328 327 
f 330 333 332 331 
f 334 337 336 335 
f 338 322 323 339 
f 340 338 339 341 
f 342 343 313 310 
f 344 345 321 318 
f 341 344 318 340 
f 346 347 329 326 
f 315 346 326 314 
f 315 316 349 348 
f 316 351 350 349 
f 341 353 352 
f 323 324 355 354 
f 332 347 357 356 
f 323 354 358 
f 359 362 361 360 
f 339 323 364 363 
f 341 365 353 
f 341 339 363 365 
f 323 358 364 
f 330 367 366 333 
f 368 371 370 369 
f 372 375 374 373 
f 376 379 378 377 
f 380 383 382 381 
f 384 387 386 385 
f 388 391 390 389 
f 392 395 394 393 
f 396 399 398 397 
f 400 403 402 401 
f 404 407 406 405 
f 408 411 410 409 
f 412 415 414 413 
f 416 419 418 417 
f 420 423 422 421 
f 424 427 426 425 
f 428 431 430 429 
f 432 435 434 433 
f 436 439 438 437 
f 388 441 440 391 
f 399 396 443 442 
f 404 445 444 407 
f 412 447 446 415 
f 448 451 450 449 
f 452 455 454 453 
f 455 452 457 456 
f 458 460 459 450 
f 461 464 463 462 
f 465 468 467 466 
f 469 472 471 470 
f 473 476 475 474 
f 477 480 479 478 
f 485 488 487 486 
f 486 487 490 489 
f 491 494 493 492 
f 495 498 497 496 
f 499 502 501 500 
f 503 506 505 504 
f 507 510 509 508 
f 508 509 512 511 
f 513 516 515 514 
f 517 520 519 518 
f 521 524 523 522 
f 503 526 525 506 
f 527 2894 529 528 
f 530 2 2897 531 
f 532 534 533 425 
f 535 538 537 536 
f 532 541 540 539 
f 542 545 544 543 
f 546 549 548 547 
f 550 553 552 551 
f 554 557 556 555 
f 558 561 560 559 
f 562 565 564 563 
f 557 567 566 556 
f 568 571 570 569 
f 572 575 574 573 
f 576 579 578 577 
f 580 583 582 581 
f 584 587 586 585 
f 588 591 590 589 
f 592 595 594 593 
f 596 599 598 597 
f 600 602 601 
f 603 606 605 604 
f 2974 609 608 607 
f 607 608 611 610 
f 610 611 613 612 
f 612 613 615 614 
f 616 619 618 617 
f 614 615 619 616 
f 620 621 2989 2990 
f 622 624 623 
f 625 627 626 606 
f 617 618 629 628 
f 628 629 627 625 
f 630 633 632 631 
f 634 606 636 635 
f 636 606 626 
f 637 640 639 638 
f 641 644 643 642 
f 645 648 647 646 
f 649 652 651 650 
f 3022 3023 654 653 
f 655 658 657 656 
f 659 662 661 660 
f 663 664 662 659 
f 665 668 667 666 
f 660 661 670 669 
f 671 673 672 3 
f 674 677 676 675 
f 678 681 680 679 
f 682 683 428 429 
f 684 687 686 685 
f 643 689 688 642 
f 639 648 645 638 
f 651 644 641 650 
f 647 668 665 646 
f 657 690 3060 656 
f 654 664 663 653 
f 691 694 693 692 
f 694 658 655 693 
f 670 652 649 669 
f 667 691 692 666 
f 3065 633 630 3066 
f 695 698 697 696 
f 696 697 700 699 
f 699 700 702 701 
f 703 701 702 704 
f 703 704 706 705 
f 705 706 708 707 
f 707 708 710 709 
f 709 710 712 711 
f 711 712 714 713 
f 715 716 713 714 
f 716 715 718 717 
f 717 718 720 719 
f 719 720 722 721 
f 721 722 724 723 
f 723 724 3097 39 
f 725 726 698 695 
f 726 725 728 727 
f 729 730 727 728 
f 730 729 732 731 
f 733 734 731 732 
f 735 736 734 733 
f 737 738 736 735 
f 739 740 738 737 
f 741 742 740 739 
f 743 744 742 741 
f 745 746 744 743 
f 746 745 748 747 
f 747 748 750 749 
f 751 752 749 750 
f 753 754 752 751 
f 755 752 754 5 
f 3127 3097 724 756 
f 757 758 697 698 
f 759 762 761 760 
f 763 764 759 760 
f 765 764 763 766 
f 767 765 766 768 
f 769 767 768 770 
f 771 772 769 770 
f 773 772 771 774 
f 775 773 774 776 
f 777 775 776 778 
f 779 777 778 780 
f 781 779 780 782 
f 783 781 782 784 
f 785 786 783 784 
f 787 786 785 788 
f 789 792 791 790 
f 792 794 793 791 
f 794 796 795 793 
f 796 798 797 795 
f 798 800 799 797 
f 800 802 801 799 
f 802 804 803 801 
f 804 806 805 803 
f 806 808 807 805 
f 808 810 809 807 
f 810 812 811 809 
f 812 814 813 811 
f 813 814 816 815 
f 817 6 818 788 
f 3190 3191 819 815 
f 820 821 761 790 
f 822 821 757 823 
f 824 825 822 823 
f 826 825 824 827 
f 828 826 827 829 
f 830 828 829 831 
f 832 833 830 831 
f 834 833 832 835 
f 836 834 835 837 
f 838 836 837 839 
f 840 838 839 841 
f 842 840 841 843 
f 844 842 843 845 
f 846 847 844 845 
f 817 847 846 755 
f 820 849 848 758 
f 849 851 850 848 
f 851 853 852 850 
f 853 855 854 852 
f 855 857 856 854 
f 857 859 858 856 
f 859 861 860 858 
f 861 863 862 860 
f 863 865 864 862 
f 865 867 866 864 
f 867 869 868 866 
f 869 871 870 868 
f 871 819 756 870 
f 755 5 6 817 
f 3127 756 819 3191 
f 758 757 821 820 
f 760 761 821 822 
f 825 763 760 822 
f 766 763 825 826 
f 768 766 826 828 
f 770 768 828 830 
f 833 771 770 830 
f 774 771 833 834 
f 776 774 834 836 
f 778 776 836 838 
f 780 778 838 840 
f 782 780 840 842 
f 784 782 842 844 
f 847 785 784 844 
f 788 785 847 817 
f 790 791 849 820 
f 791 793 851 849 
f 793 795 853 851 
f 795 797 855 853 
f 797 799 857 855 
f 799 801 859 857 
f 801 803 861 859 
f 803 805 863 861 
f 805 807 865 863 
f 807 809 867 865 
f 809 811 869 867 
f 811 813 871 869 
f 871 813 815 819 
f 788 818 3245 787 
f 872 3190 815 816 
f 790 761 762 789 
f 823 757 698 726 
f 727 824 823 726 
f 827 824 727 730 
f 829 827 730 731 
f 831 829 731 734 
f 832 831 734 736 
f 835 832 736 738 
f 837 835 738 740 
f 839 837 740 742 
f 841 839 742 744 
f 843 841 744 746 
f 845 843 746 747 
f 749 846 845 747 
f 755 846 749 752 
f 758 848 700 697 
f 848 850 702 700 
f 850 852 704 702 
f 852 854 706 704 
f 854 856 708 706 
f 856 858 710 708 
f 858 860 712 710 
f 860 862 714 712 
f 862 864 715 714 
f 864 866 718 715 
f 866 868 720 718 
f 868 870 722 720 
f 870 756 724 722 
f 873 876 875 874 
f 874 875 878 877 
f 877 878 880 879 
f 879 880 882 881 
f 881 882 884 883 
f 883 884 886 885 
f 885 886 888 887 
f 887 888 890 889 
f 889 890 892 891 
f 891 892 894 893 
f 893 894 896 895 
f 895 896 898 897 
f 897 898 900 899 
f 899 900 902 901 
f 901 902 4 7 
f 903 904 876 873 
f 905 906 904 903 
f 907 908 906 905 
f 909 910 908 907 
f 911 912 910 909 
f 913 914 912 911 
f 915 916 914 913 
f 917 918 916 915 
f 919 920 918 917 
f 921 922 920 919 
f 923 924 922 921 
f 925 926 924 923 
f 927 928 926 925 
f 929 930 928 927 
f 3304 931 930 929 
f 932 935 934 933 
f 935 937 936 934 
f 937 939 938 936 
f 939 941 940 938 
f 941 943 942 940 
f 943 945 944 942 
f 945 947 946 944 
f 947 949 948 946 
f 949 951 950 948 
f 951 953 952 950 
f 953 955 954 952 
f 955 957 956 954 
f 957 959 958 956 
f 959 2401 958 
f 961 962 3336 960 
f 963 932 933 964 
f 965 963 964 966 
f 967 965 966 968 
f 969 967 968 970 
f 971 969 970 972 
f 973 971 972 974 
f 975 973 974 976 
f 977 975 976 978 
f 979 977 978 980 
f 981 979 980 982 
f 983 981 982 984 
f 985 983 984 986 
f 987 985 986 988 
f 989 987 988 990 
f 8 989 990 991 
f 992 993 935 932 
f 993 994 937 935 
f 994 995 939 937 
f 995 996 941 939 
f 996 997 943 941 
f 997 998 945 943 
f 998 999 947 945 
f 999 1000 949 947 
f 1000 1001 951 949 
f 1001 1002 953 951 
f 1002 1003 955 953 
f 1003 1004 957 955 
f 1004 1005 959 957 
f 1005 1006 961 959 
f 1006 3380 962 961 
f 1007 992 932 963 
f 1008 1007 963 965 
f 1009 1008 965 967 
f 1010 1009 967 969 
f 1011 1010 969 971 
f 1012 1011 971 973 
f 1013 1012 973 975 
f 1014 1013 975 977 
f 1015 1014 977 979 
f 1016 1015 979 981 
f 1017 1016 981 983 
f 1018 1017 983 985 
f 1019 1018 985 987 
f 1020 1019 987 989 
f 3395 1020 989 8 
f 1021 1020 3395 9 
f 1022 1019 1020 1021 
f 1023 1018 1019 1022 
f 1024 1017 1018 1023 
f 1025 1016 1017 1024 
f 1026 1015 1016 1025 
f 1027 1014 1015 1026 
f 1028 1013 1014 1027 
f 1029 1012 1013 1028 
f 1030 1011 1012 1029 
f 1031 1010 1011 1030 
f 1032 1009 1010 1031 
f 1033 1008 1009 1032 
f 1034 1007 1008 1033 
f 1035 992 1007 1034 
f 1036 993 992 1035 
f 1037 994 993 1036 
f 1038 995 994 1037 
f 1039 996 995 1038 
f 1040 997 996 1039 
f 1041 998 997 1040 
f 1042 999 998 1041 
f 1043 1000 999 1042 
f 1044 1001 1000 1043 
f 1045 1002 1001 1044 
f 1046 1003 1002 1045 
f 1047 1004 1003 1046 
f 1048 1005 1004 1047 
f 1049 1006 1005 1048 
f 3425 3380 1006 1049 
f 873 874 1051 1050 
f 874 877 1052 1051 
f 877 879 1053 1052 
f 879 881 1054 1053 
f 881 883 1055 1054 
f 883 885 1056 1055 
f 885 887 1057 1056 
f 887 889 1058 1057 
f 889 891 1059 1058 
f 891 893 1060 1059 
f 893 895 1061 1060 
f 895 897 1062 1061 
f 897 899 1063 1062 
f 899 901 1064 1063 
f 901 7 3441 1064 
f 903 873 1050 1065 
f 905 903 1065 1066 
f 907 905 1066 1067 
f 909 907 1067 1068 
f 911 909 1068 1069 
f 913 911 1069 1070 
f 915 913 1070 1071 
f 917 915 1071 1072 
f 919 917 1072 1073 
f 921 919 1073 1074 
f 923 921 1074 1075 
f 925 923 1075 1076 
f 927 925 1076 1077 
f 929 927 1077 1078 
f 3304 929 1078 1079 
f 1021 9 1079 1078 
f 1022 1021 1078 1077 
f 1023 1022 1077 1076 
f 1024 1023 1076 1075 
f 1025 1024 1075 1074 
f 1026 1025 1074 1073 
f 1027 1026 1073 1072 
f 1028 1027 1072 1071 
f 1029 1028 1071 1070 
f 1030 1029 1070 1069 
f 1031 1030 1069 1068 
f 1032 1031 1068 1067 
f 1033 1032 1067 1066 
f 1034 1033 1066 1065 
f 1035 1034 1065 1050 
f 1036 1035 1050 1051 
f 1037 1036 1051 1052 
f 1038 1037 1052 1053 
f 1039 1038 1053 1054 
f 1040 1039 1054 1055 
f 1041 1040 1055 1056 
f 1042 1041 1056 1057 
f 1043 1042 1057 1058 
f 1044 1043 1058 1059 
f 1045 1044 1059 1060 
f 1046 1045 1060 1061 
f 1047 1046 1061 1062 
f 1048 1047 1062 1063 
f 1049 1048 1063 1064 
f 3425 1049 1064 3441 
f 1080 933 934 1081 
f 1081 934 936 1082 
f 1082 936 938 1083 
f 1083 938 940 1084 
f 1084 940 942 1085 
f 1085 942 944 1086 
f 1086 944 946 1087 
f 1087 946 948 1088 
f 1088 948 950 1089 
f 1089 950 952 1090 
f 1090 952 954 1091 
f 1091 954 956 1092 
f 1092 956 958 1093 
f 960 1094 2402 2401 
f 1094 960 3336 3472 
f 1095 964 933 1080 
f 1096 966 964 1095 
f 1096 1097 968 966 
f 1097 1098 970 968 
f 1098 1099 972 970 
f 1100 974 972 1099 
f 1100 1101 976 974 
f 1101 1102 978 976 
f 1102 1103 980 978 
f 1103 1104 982 980 
f 1104 1105 984 982 
f 1106 986 984 1105 
f 1107 988 986 1106 
f 1108 990 988 1107 
f 3487 991 990 1108 
f 1109 1112 1111 1110 
f 1112 1114 1113 1111 
f 1114 1116 1115 1113 
f 1116 1118 1117 1115 
f 1118 1120 1119 1117 
f 1120 1122 1121 1119 
f 1122 1124 1123 1121 
f 1124 1126 1125 1123 
f 1126 1128 1127 1125 
f 1128 1130 1129 1127 
f 1130 1132 1131 1129 
f 1131 1132 1134 1133 
f 1134 1136 1135 1133 
f 1136 2404 2403 1135 
f 1138 10 1139 1137 
f 1140 1109 1110 1141 
f 1142 1140 1141 1143 
f 1144 1142 1143 1145 
f 1146 1144 1145 1147 
f 1148 1146 1147 1149 
f 1150 1148 1149 1151 
f 1152 1150 1151 1153 
f 1154 1152 1153 1155 
f 1156 1154 1155 1157 
f 1158 1156 1157 1159 
f 1160 1158 1159 1161 
f 1162 1160 1161 1163 
f 1164 1162 1163 1165 
f 1166 1164 1165 1167 
f 11 1166 1167 1168 
f 1080 1081 1112 1109 
f 1081 1082 1114 1112 
f 1082 1083 1116 1114 
f 1083 1084 1118 1116 
f 1084 1085 1120 1118 
f 1085 1086 1122 1120 
f 1086 1087 1124 1122 
f 1087 1088 1126 1124 
f 1088 1089 1128 1126 
f 1089 1090 1130 1128 
f 1090 1091 1132 1130 
f 1091 1092 1134 1132 
f 1092 1093 1136 1134 
f 1093 2402 2404 1136 
f 1094 3472 10 1138 
f 1095 1080 1109 1140 
f 1096 1095 1140 1142 
f 1097 1096 1142 1144 
f 1098 1097 1144 1146 
f 1099 1098 1146 1148 
f 1100 1099 1148 1150 
f 1101 1100 1150 1152 
f 1102 1101 1152 1154 
f 1103 1102 1154 1156 
f 1104 1103 1156 1158 
f 1105 1104 1158 1160 
f 1106 1105 1160 1162 
f 1107 1106 1162 1164 
f 1108 1107 1164 1166 
f 3487 1108 1166 11 
f 1110 1111 1170 1169 
f 1111 1113 1171 1170 
f 1113 1115 1172 1171 
f 1115 1117 1173 1172 
f 1117 1119 1174 1173 
f 1119 1121 1175 1174 
f 1121 1123 1176 1175 
f 1123 1125 1177 1176 
f 1125 1127 1178 1177 
f 1127 1129 1179 1178 
f 1129 1131 1180 1179 
f 1180 1131 1133 1181 
f 1133 1135 484 1181 
f 1135 2403 2400 484 
f 1137 1139 1183 1182 
f 1141 1110 1169 1184 
f 1143 1141 1184 1185 
f 1145 1143 1185 1186 
f 1147 1145 1186 1187 
f 1149 1147 1187 1188 
f 1151 1149 1188 1189 
f 1153 1151 1189 1190 
f 1155 1153 1190 1191 
f 1157 1155 1191 1192 
f 1159 1157 1192 1193 
f 1161 1159 1193 1194 
f 1163 1161 1194 1195 
f 1165 1163 1195 1196 
f 1167 1165 1196 1197 
f 1168 1167 1197 3578 
f 1198 1201 1200 1199 
f 1202 1203 1198 1199 
f 1204 1205 1203 1202 
f 1206 1207 1205 1204 
f 1208 1209 1207 1206 
f 1210 1211 1209 1208 
f 1212 1213 1211 1210 
f 1212 1215 1214 1213 
f 1215 1217 1216 1214 
f 1218 1219 1216 1217 
f 1220 1221 1219 1218 
f 1222 1223 1221 1220 
f 1224 1225 1223 1222 
f 1200 1201 1227 1226 
f 1228 1226 1227 1229 
f 1229 1231 1230 1228 
f 1232 1230 1231 1233 
f 1233 1235 1234 1232 
f 1235 1237 1236 1234 
f 1237 1239 1238 1236 
f 1238 1239 1241 1240 
f 1240 1241 1243 1242 
f 1243 1245 1244 1242 
f 1245 1247 1246 1244 
f 1248 1246 1247 1249 
f 1250 1248 1249 1251 
f 1251 1253 1252 1250 
f 1253 26 1254 1252 
f 1255 1169 1170 1256 
f 1256 1170 1171 1257 
f 1172 1258 1257 1171 
f 1173 1259 1258 1172 
f 1260 1259 1173 1174 
f 1261 1260 1174 1175 
f 1262 1261 1175 1176 
f 1263 1262 1176 1177 
f 1177 1178 1264 1263 
f 1179 1265 1264 1178 
f 1180 1266 1265 1179 
f 1181 1267 1266 1180 
f 1267 1181 484 1268 
f 1255 1269 1184 1169 
f 1269 1270 1185 1184 
f 1270 1271 1186 1185 
f 1271 1272 1187 1186 
f 1187 1272 1273 1188 
f 1188 1273 1274 1189 
f 1189 1274 1275 1190 
f 1190 1275 1276 1191 
f 1191 1276 1277 1192 
f 1277 1278 1193 1192 
f 1278 1279 1194 1193 
f 1279 1280 1195 1194 
f 1281 1196 1195 1280 
f 1197 1196 1281 1282 
f 12 3578 1197 1282 
f 1199 1200 1255 1256 
f 1257 1202 1199 1256 
f 1258 1204 1202 1257 
f 1259 1206 1204 1258 
f 1260 1208 1206 1259 
f 1261 1210 1208 1260 
f 1262 1212 1210 1261 
f 1215 1212 1262 1263 
f 1217 1215 1263 1264 
f 1265 1218 1217 1264 
f 1266 1220 1218 1265 
f 1267 1222 1220 1266 
f 1268 1224 1222 1267 
f 1200 1226 1269 1255 
f 1226 1228 1270 1269 
f 1228 1230 1271 1270 
f 1230 1232 1272 1271 
f 1232 1234 1273 1272 
f 1234 1236 1274 1273 
f 1236 1238 1275 1274 
f 1275 1238 1240 1276 
f 1276 1240 1242 1277 
f 1242 1244 1278 1277 
f 1244 1246 1279 1278 
f 1246 1248 1280 1279 
f 1248 1250 1281 1280 
f 1250 1252 1282 1281 
f 1252 1254 12 1282 
f 1283 1286 1285 1284 
f 1284 1285 1288 1287 
f 1287 1288 1290 1289 
f 1289 1290 1292 1291 
f 1291 1292 1294 1293 
f 1293 1294 1296 1295 
f 1295 1296 1298 1297 
f 1297 1298 1300 1299 
f 1299 1300 1302 1301 
f 1301 1302 1304 1303 
f 1303 1304 1306 1305 
f 1305 1306 1308 1307 
f 1307 1308 1310 1309 
f 1309 1310 1312 1311 
f 1313 1316 1315 1314 
f 1317 1318 1316 1313 
f 1319 1320 1318 1317 
f 1321 1322 1320 1319 
f 1323 1324 1322 1321 
f 1325 1326 1324 1323 
f 1327 1328 1326 1325 
f 1329 1330 1328 1327 
f 1331 1332 1330 1329 
f 1333 1334 1332 1331 
f 1335 1336 1334 1333 
f 1337 1338 1336 1335 
f 1339 1340 1337 
f 1311 1312 1341 3721 
f 1314 1315 1286 1283 
f 1284 1343 1342 1283 
f 1287 1344 1343 1284 
f 1289 1345 1344 1287 
f 1291 1346 1345 1289 
f 1293 1347 1346 1291 
f 1295 1348 1347 1293 
f 1297 1349 1348 1295 
f 1299 1350 1349 1297 
f 1301 1351 1350 1299 
f 1303 1352 1351 1301 
f 1305 1353 1352 1303 
f 1307 1354 1353 1305 
f 1309 1355 1354 1307 
f 1311 1356 1355 1309 
f 1313 1314 1358 1357 
f 1317 1313 1357 1359 
f 1319 1317 1359 1360 
f 1321 1319 1360 1361 
f 1323 1321 1361 1362 
f 1325 1323 1362 1363 
f 1327 1325 1363 1364 
f 1329 1327 1364 1365 
f 1331 1329 1365 1366 
f 1333 1331 1366 1367 
f 1335 1333 1367 1368 
f 1337 1335 1368 1369 
f 1339 1337 1369 1370 
f 1311 3721 1371 1356 
f 1314 1283 1342 1358 
f 1372 1375 1374 1373 
f 1376 1378 1373 1377 
f 1379 1382 1381 1380 
f 1383 1384 1378 1376 
f 1385 3765 3766 1386 
f 1387 1390 1389 1388 
f 1391 1387 1388 1392 
f 1393 1391 1392 1394 
f 1395 1393 1394 1396 
f 1397 1395 1396 1398 
f 1399 1397 1398 1400 
f 1401 1399 1400 1402 
f 1403 1401 1402 1404 
f 1405 1403 1404 1406 
f 1407 1405 1406 1408 
f 1409 1407 1408 1410 
f 1390 1379 1380 1389 
f 1411 1414 1413 1412 
f 1412 1413 1416 1415 
f 1415 1416 1418 1417 
f 1417 1418 1420 1419 
f 1419 1420 1422 1421 
f 1421 1422 1424 1423 
f 1423 1424 1426 1425 
f 1425 1426 1428 1427 
f 1427 1428 1384 1383 
f 1429 1432 1431 1430 
f 1433 1435 1434 
f 1436 4823 4881 1437 
f 1435 1438 1434 
f 1439 1433 1434 
f 1432 1441 1440 1431 
f 1442 4824 4823 1436 
f 1438 1444 1434 
f 1445 3827 3828 1446 
f 1447 1448 1434 
f 1449 1452 1451 1450 
f 1453 1447 1434 
f 1452 1455 1454 1451 
f 1456 1453 1434 
f 1455 1458 1457 1454 
f 1459 1456 1434 
f 1458 1461 1460 1457 
f 1462 1459 1434 
f 1461 1464 1463 1460 
f 1465 1462 1434 
f 1464 1467 1466 1463 
f 1468 1465 1434 
f 1467 1470 1469 1466 
f 1471 1468 1434 
f 1470 1473 1472 1469 
f 1474 1471 1434 
f 1473 1476 1475 1472 
f 1477 1474 1434 
f 1476 1479 1478 1475 
f 1480 1477 1434 
f 1479 1445 1446 1478 
f 1448 1439 1434 
f 1441 1449 1450 1440 
f 1481 1482 1434 
f 1483 1481 1434 
f 1484 1483 1434 
f 1485 1487 1876 1486 
f 1488 1484 1434 
f 1486 1876 1877 1489 
f 1490 1488 1434 
f 1489 1877 1878 1491 
f 1492 1490 1434 
f 1491 1878 4825 1493 
f 1495 1492 1434 
f 1493 4825 4826 1496 
f 1498 1495 1434 
f 1496 4826 4827 1499 
f 1501 1498 1434 
f 1499 4827 4828 1502 
f 1504 1501 1434 
f 1502 4828 4829 1505 
f 1444 1504 1434 
f 1505 4829 4824 1442 
f 1507 1510 1509 1508 
f 1511 1507 1508 1512 
f 1513 1511 1512 1514 
f 1515 1513 1514 1516 
f 1517 1515 1516 1518 
f 1519 1517 1518 1520 
f 1521 1519 1520 1522 
f 1523 1521 1522 1524 
f 1525 1523 1524 1526 
f 1527 1525 1526 1528 
f 1529 1527 1528 1530 
f 1531 1529 1530 1532 
f 1533 1531 1532 1534 
f 3921 1533 1534 3922 
f 1510 1535 1437 1509 
f 1481 1537 1536 1482 
f 27 1482 1536 28 
f 1538 1541 1540 1539 
f 1542 1545 1544 1543 
f 3934 3935 1547 1546 
f 1546 1547 1549 1548 
f 1548 1549 1551 1550 
f 1550 1551 1553 1552 
f 1554 1556 1555 1563 
f 1552 1553 1556 1554 
f 1543 1544 1558 1557 
f 1539 1540 1560 1559 
f 1557 1558 1541 1538 
f 1561 1562 1545 1542 
f 1563 1555 1565 1564 
f 1564 1565 1562 1561 
f 1566 1569 1568 1567 
f 1570 1573 1572 1571 
f 3962 1576 1575 1574 
f 1574 1575 1578 1577 
f 1577 1578 1580 1579 
f 1579 1580 1582 1581 
f 1583 1586 1585 1584 
f 1581 1582 1586 1583 
f 1571 1572 1588 1587 
f 1567 1568 3977 13 
f 1587 1588 1569 1566 
f 1589 1590 1573 1570 
f 1584 1585 1592 1591 
f 1591 1592 1590 1589 
f 1593 1596 1595 1594 
f 1597 1600 1599 1598 
f 1601 1604 1603 1602 
f 1602 1603 1606 1605 
f 1605 1606 1608 1607 
f 1609 1612 1611 1610 
f 1607 1608 1612 1609 
f 1598 1599 1614 1613 
f 1613 1614 1596 1593 
f 1615 1616 1600 1597 
f 1610 1611 1618 1617 
f 1617 1618 1616 1615 
f 1437 4881 4887 1509 
f 1509 4887 4888 1508 
f 1534 4918 4928 3922 
f 1512 4919 4889 1514 
f 1514 4889 4890 1516 
f 1516 4890 4891 1518 
f 1518 4891 4892 1520 
f 1520 4892 4893 1522 
f 1522 4893 4894 1524 
f 1524 4894 4895 1526 
f 1526 4895 4896 1528 
f 1528 4896 4897 1530 
f 1530 4897 4898 1532 
f 1532 4898 4918 1534 
f 1508 4888 4919 1512 
f 1619 1382 1432 1429 
f 1377 1381 1382 1619 
f 1375 1372 1621 1620 
f 1622 1623 1619 1429 
f 1623 1376 1377 1619 
f 1435 1621 1624 1438 
f 1625 1375 1620 1626 
f 1380 1381 1374 1627 
f 1382 1379 1441 1432 
f 1628 1629 1623 1622 
f 1629 1383 1376 1623 
f 1438 1624 1630 1444 
f 1409 4020 3827 1445 
f 1410 29 4020 1409 
f 3765 1385 1631 22 
f 1632 1635 1634 1633 
f 1388 1389 1637 1636 
f 1390 1387 1452 1449 
f 1638 1632 1633 1639 
f 1392 1388 1636 1640 
f 1387 1391 1455 1452 
f 1641 1638 1639 1642 
f 1394 1392 1640 1643 
f 1391 1393 1458 1455 
f 1644 1641 1642 1645 
f 1396 1394 1643 1646 
f 1393 1395 1461 1458 
f 1647 1644 1645 1648 
f 1398 1396 1646 1649 
f 1395 1397 1464 1461 
f 1650 1647 1648 1651 
f 1400 1398 1649 1652 
f 1397 1399 1467 1464 
f 1653 1650 1651 1654 
f 1402 1400 1652 1655 
f 1399 1401 1470 1467 
f 1656 1653 1654 1657 
f 1404 1402 1655 1658 
f 1401 1403 1473 1470 
f 1659 1656 1657 1660 
f 1406 1404 1658 1661 
f 1403 1405 1476 1473 
f 1662 1659 1660 1663 
f 1408 1406 1661 1664 
f 1405 1407 1479 1476 
f 1385 1662 1663 1631 
f 1410 1408 1664 1386 
f 1407 1409 1445 1479 
f 1635 1625 1626 1634 
f 1389 1380 1627 1637 
f 1379 1390 1449 1441 
f 1665 1668 1667 1666 
f 1668 1411 1412 1667 
f 1484 1670 1669 1483 
f 1666 1667 1672 1671 
f 1667 1412 1415 1672 
f 1488 1673 1670 1484 
f 1671 1672 1675 1674 
f 1672 1415 1417 1675 
f 1490 1676 1673 1488 
f 1674 1675 1678 1677 
f 1675 1417 1419 1678 
f 1492 1679 1676 1490 
f 1677 1678 1681 1680 
f 1678 1419 1421 1681 
f 1495 1682 1679 1492 
f 1680 1681 1684 1683 
f 1681 1421 1423 1684 
f 1498 1685 1682 1495 
f 1683 1684 1687 1686 
f 1684 1423 1425 1687 
f 1501 1688 1685 1498 
f 1686 1687 1690 1689 
f 1687 1425 1427 1690 
f 1504 1691 1688 1501 
f 1689 1690 1629 1628 
f 1690 1427 1383 1629 
f 1444 1630 1691 1504 
f 1692 1693 1537 1669 
f 1429 1430 1694 1622 
f 1622 1694 1695 1628 
f 1666 1697 1696 1665 
f 1698 1697 1666 1671 
f 1674 1699 1698 1671 
f 1677 1700 1699 1674 
f 1680 1701 1700 1677 
f 1683 1702 1701 1680 
f 1686 1703 1702 1683 
f 1689 1704 1703 1686 
f 1628 1695 1704 1689 
f 1535 1342 1343 1705 
f 1705 1343 1344 1706 
f 1706 1344 1345 1707 
f 1707 1345 1346 1708 
f 1708 1346 1347 1709 
f 1709 1347 1348 1710 
f 1710 1348 1349 1711 
f 1711 1349 1350 1712 
f 1712 1350 1351 1713 
f 1713 1351 1352 1714 
f 1714 1352 1353 1715 
f 1715 1353 1354 1716 
f 1716 1354 1355 1717 
f 1717 1355 1356 1718 
f 1357 1358 1510 1507 
f 1359 1357 1507 1511 
f 1360 1359 1511 1513 
f 1361 1360 1513 1515 
f 1362 1361 1515 1517 
f 1363 1362 1517 1519 
f 1364 1363 1519 1521 
f 1365 1364 1521 1523 
f 1366 1365 1523 1525 
f 1367 1366 1525 1527 
f 1368 1367 1527 1529 
f 1369 1368 1529 1531 
f 1370 1369 1531 1533 
f 1718 1356 1371 4109 
f 1358 1342 1535 1510 
f 1705 1436 1437 1535 
f 1706 1442 1436 1705 
f 1707 1505 1442 1706 
f 1708 1502 1505 1707 
f 1709 1499 1502 1708 
f 1710 1496 1499 1709 
f 1711 1493 1496 1710 
f 1712 1491 1493 1711 
f 1713 1489 1491 1712 
f 1714 1486 1489 1713 
f 1715 1485 1486 1714 
f 1716 1719 1485 1715 
f 1717 1720 1719 1716 
f 1718 1721 1720 1717 
f 30 1721 1718 4109 
f 1722 14 1723 
f 4114 1724 4116 
f 3921 14 1370 1533 
f 14 1726 1725 1370 
f 1339 1728 1727 1340 
f 4114 1729 1724 
f 1730 1731 1729 4114 
f 1730 1732 1731 
f 1730 1733 1732 
f 1730 1340 1734 1733 
f 1339 1735 1728 
f 1370 1737 1736 
f 1370 1736 1735 1339 
f 1370 1738 1737 
f 1726 14 1722 
s 2
f 31 4131 1740 1739 
f 1739 1740 1742 1741 
f 1743 1746 1745 1744 
f 1747 1748 1746 1743 
f 1744 1745 1750 1749 
f 1749 1750 1752 1751 
f 1751 1752 1754 1753 
f 1753 1754 1756 1755 
f 1755 1756 1758 1757 
f 1757 1758 4152 15 
f 1759 1762 1761 1760 
f 1763 1764 1762 1759 
f 1741 1742 1764 1763 
f 1760 1761 1766 1765 
f 1765 1766 1768 1767 
f 1767 1768 1748 1747 
s 1
f 4163 1770 1769 
f 1769 1770 1771 
f 1772 1770 1773 
f 1774 1770 1772 
f 1773 1770 1775 
f 1775 1770 1776 
f 1776 1770 1777 
f 1777 1770 1778 
f 1778 1770 1779 
f 1779 1770 1780 
f 1781 1770 1782 
f 1783 1770 1781 
f 1771 1770 1783 
f 1782 1770 1784 
f 1784 1770 1785 
f 1785 1770 1774 
f 1721 30 4179 1879 
f 1721 1879 1880 1720 
f 1720 1880 1881 1719 
f 1786 2370 1787 1696 
f 1788 1789 32 4188 
f 1693 1790 1789 1788 
f 1411 1791 1790 1414 
f 1668 1793 1792 1411 
f 1411 1792 1791 
f 1668 1794 1793 
f 1665 1795 1794 1668 
f 1696 1787 1795 1665 
f 1719 1881 1487 1485 
f 1796 1799 1798 1797 
f 1799 1801 1800 1798 
f 1802 1805 1804 1803 
f 1806 1802 1803 1807 
f 1808 1806 1807 1809 
f 1810 1808 1809 1811 
f 1812 1810 1811 1813 
f 1814 1812 1813 1815 
f 1816 1814 1815 1817 
f 1818 1816 1817 1819 
f 1801 1818 1819 1800 
f 1820 1796 1797 1821 
f 1822 1820 1821 1823 
f 4223 1825 1824 4226 
f 1826 1829 1828 1827 
f 1830 1826 1827 1831 
f 1832 1830 1831 1833 
f 1834 1832 1833 1835 
f 1836 1834 1835 1837 
f 1838 1836 1837 1839 
f 1840 1838 1839 1841 
f 1842 1840 1841 1843 
f 1844 1842 1843 1845 
f 1846 1844 1845 1847 
f 1825 1846 1847 1824 
f 1829 1822 1823 1828 
f 1848 16 4250 1849 
f 1850 1848 1849 1851 
f 1852 1850 1851 1853 
f 1805 1852 1853 1804 
f 4823 1443 4838 4837 
f 1854 1882 1805 1802 
f 1855 1854 1802 1806 
f 1856 1855 1806 1808 
f 1494 1886 1856 4839 
f 1497 1494 4839 4840 
f 1500 1497 4840 4841 
f 1503 1500 4841 4842 
f 1506 1503 4842 4843 
f 1443 1506 4843 4838 
f 1857 4261 16 1848 
f 1858 1857 1848 1850 
f 1859 1858 1850 1852 
f 1805 1882 1859 1852 
f 1797 1798 1694 1430 
f 1798 1800 1695 1694 
f 1803 1804 1861 1860 
f 1807 1803 1860 1862 
f 1809 1807 1862 1863 
f 1811 1809 1863 1700 
f 1813 1811 1700 1701 
f 1815 1813 1701 1702 
f 1817 1815 1702 1703 
f 1819 1817 1703 1704 
f 1800 1819 1704 1695 
f 1821 1797 1430 1431 
f 1823 1821 1431 1440 
f 4226 1824 1446 3828 
f 1827 1828 1450 1451 
f 1831 1827 1451 1454 
f 1833 1831 1454 1457 
f 1835 1833 1457 1460 
f 1837 1835 1460 1463 
f 1839 1837 1463 1466 
f 1841 1839 1466 1469 
f 1843 1841 1469 1472 
f 1845 1843 1472 1475 
f 1847 1845 1475 1478 
f 1824 1847 1478 1446 
f 1828 1823 1440 1450 
f 1864 33 4269 1865 
f 1866 1864 1865 1867 
f 1868 1866 1867 1869 
f 1870 1868 1869 1871 
f 1872 1870 1871 
f 1696 1697 1873 1786 
f 1697 1698 1874 1873 
f 1698 1699 1875 1874 
f 1699 1700 1875 
f 1861 1786 1873 1860 
f 1860 1873 1874 1862 
f 1862 1874 1875 1863 
f 1863 1875 1700 
f 1337 1340 1730 1338 
f 1340 1727 1734 
f 1370 1725 1738 
f 1487 4900 4899 1876 
f 1876 4899 4901 1877 
f 1877 4901 4902 1878 
f 1879 4179 4913 4903 
f 1879 4903 4904 1880 
f 1880 4904 4905 1881 
f 1881 4905 4900 1487 
f 1854 1883 1884 1882 
f 1855 1885 1883 1854 
f 1856 1886 1885 1855 
f 1857 1887 4285 4261 
f 1858 1888 1887 1857 
f 1859 1889 1888 1858 
f 1882 1884 1889 1859 
f 1723 17 1890 1722 
f 1724 1891 4291 4116 
f 1726 1893 1892 1725 
f 1728 1895 1894 1727 
f 1729 1896 1891 1724 
f 1731 1897 1896 1729 
f 1732 1898 1897 1731 
f 1733 1899 1898 1732 
f 1734 1900 1899 1733 
f 1735 1901 1895 1728 
f 1737 1903 1902 1736 
f 1736 1902 1901 1735 
f 1738 1904 1903 1737 
f 1722 1890 1893 1726 
s 2
f 1739 1890 17 31 
f 1741 1893 1890 1739 
f 1744 1900 1894 1743 
f 1743 1894 1895 1747 
f 1749 1899 1900 1744 
f 1751 1898 1899 1749 
f 1753 1897 1898 1751 
f 1755 1896 1897 1753 
f 1757 1891 1896 1755 
f 15 4291 1891 1757 
f 1760 1903 1904 1759 
f 1759 1904 1892 1763 
f 1763 1892 1893 1741 
f 1765 1902 1903 1760 
f 1767 1901 1902 1765 
f 1747 1895 1901 1767 
s 1
f 1727 1894 1900 1734 
f 1725 1892 1904 1738 
s 2
f 4131 34 1905 1740 
f 1740 1905 1906 1742 
f 1746 1908 1907 1745 
f 1748 1909 1908 1746 
f 1745 1907 1910 1750 
f 1750 1910 1911 1752 
f 1752 1911 1912 1754 
f 1754 1912 1913 1756 
f 1756 1913 1914 1758 
f 1758 1914 4315 4152 
f 1762 1916 1915 1761 
f 1764 1917 1916 1762 
f 1742 1906 1917 1764 
f 1761 1915 1918 1766 
f 1766 1918 1919 1768 
f 1768 1919 1909 1748 
s 1
f 1769 1905 34 4163 
f 1771 1906 1905 1769 
f 1773 1907 1908 1772 
f 1772 1908 1909 1774 
f 1775 1910 1907 1773 
f 1776 1911 1910 1775 
f 1777 1912 1911 1776 
f 1778 1913 1912 1777 
f 1779 1914 1913 1778 
f 1780 4315 1914 1779 
f 1782 1915 1916 1781 
f 1781 1916 1917 1783 
f 1783 1917 1906 1771 
f 1784 1918 1915 1782 
f 1785 1919 1918 1784 
f 1774 1909 1919 1785 
f 1920 1923 1922 1921 
f 1924 1927 1926 1925 
f 1928 4330 4331 1929 
f 1930 1928 1929 1931 
f 1932 1930 1931 1933 
f 1934 1932 1933 1935 
f 1936 1939 1938 1937 
f 1939 1934 1935 1938 
f 1940 1924 1925 1941 
f 4345 1920 1921 4346 
f 1923 1940 1941 1922 
f 1927 1943 1942 1926 
f 1944 1936 1937 1945 
f 1943 1944 1945 1942 
f 1540 1541 1923 1920 
f 1544 1545 1927 1924 
f 1547 3935 4330 1928 
f 1549 1547 1928 1930 
f 1551 1549 1930 1932 
f 1553 1551 1932 1934 
f 1555 1556 1939 1936 
f 1556 1553 1934 1939 
f 1558 1544 1924 1940 
f 1560 1540 1920 4345 
f 1541 1558 1940 1923 
f 1545 1562 1943 1927 
f 1565 1555 1936 1944 
f 1562 1565 1944 1943 
f 1921 1922 1566 1567 
f 1925 1926 1570 1571 
f 1929 4331 3962 1574 
f 1931 1929 1574 1577 
f 1933 1931 1577 1579 
f 1935 1933 1579 1581 
f 1937 1938 1583 1584 
f 1938 1935 1581 1583 
f 1941 1925 1571 1587 
f 4346 1921 1567 13 
f 1922 1941 1587 1566 
f 1926 1942 1589 1570 
f 1945 1937 1584 1591 
f 1942 1945 1591 1589 
s 2
f 1946 1949 1948 1947 
f 1950 1953 1952 1951 
f 1954 1957 1956 1955 
f 1955 1956 1959 1958 
f 1958 1959 1961 1960 
f 1962 1965 1964 1963 
f 1960 1961 1965 1962 
f 1951 1952 1967 1966 
f 1947 1948 4373 4374 
f 1966 1967 1949 1946 
f 1968 1969 1953 1950 
f 1963 1964 1971 1970 
f 1970 1971 1969 1968 
s 1
f 1972 1975 1974 1973 
f 1268 1976 1974 1224 
f 4384 1977 483 
f 484 2400 1978 1268 
f 1981 1983 1982 551 
f 1984 4392 35 1985 
f 1 524 1987 1986 
f 95 96 219 217 
f 474 475 472 469 
f 575 505 500 568 
f 521 525 1987 524 
f 1988 574 569 1989 
f 1986 1987 1990 4398 
f 1991 584 585 1992 
f 591 1994 1993 590 
f 595 1996 1995 594 
f 597 598 1998 1997 
f 633 2000 1999 632 
f 640 2002 2001 639 
f 644 2003 2001 643 
f 648 2003 2004 647 
f 652 2005 2004 651 
f 3023 4414 2006 654 
f 658 2007 2006 657 
f 662 2009 2008 661 
f 664 2007 2009 662 
f 668 2005 2010 667 
f 661 2008 2010 670 
f 673 2000 36 672 
f 1992 2012 2011 1991 
f 674 2013 1993 677 
f 678 1994 1995 681 
f 682 1997 1998 683 
f 684 1996 1999 687 
f 643 2001 2002 689 
f 639 2001 2003 648 
f 651 2004 2003 644 
f 647 2004 2005 668 
f 657 2006 4414 690 
f 654 2006 2007 664 
f 691 2008 2009 694 
f 694 2009 2007 658 
f 670 2010 2005 652 
f 667 2010 2008 691 
f 3065 36 2000 633 
f 2014 2011 2012 2015 
f 2016 2019 2018 2017 
f 2020 2023 2022 2021 
f 2024 2027 2026 2025 
f 2028 2024 2025 2029 
f 2030 2032 2031 478 
f 2030 2035 2034 2033 
f 2036 553 2038 2037 
f 2039 2042 2041 2040 
f 2042 4452 4453 2041 
f 1973 2031 2043 1972 
f 1972 2043 2045 2044 
f 2046 2049 2048 2047 
f 417 386 2050 416 
f 387 390 2052 2051 
f 417 418 2054 2053 
f 2055 2058 2057 2056 
f 391 440 2060 2059 
f 450 451 2061 458 
f 450 459 2062 449 
f 451 2064 2063 2061 
f 2065 2068 2067 2066 
f 468 471 2070 2069 
f 475 476 2072 2071 
f 478 479 2035 2030 
f 551 552 2073 1981 
f 598 599 688 689 
f 428 683 640 637 
f 551 1982 2074 550 
f 1985 35 2076 2075 
f 472 475 2071 2077 
f 1998 598 689 2002 
f 683 1998 2002 640 
f 478 2031 1973 477 
f 2043 2031 2032 2078 
f 476 2080 2079 2072 
f 133 134 2082 2081 
f 134 136 2083 2082 
f 136 138 2084 2083 
f 223 133 2081 2085 
f 224 223 2085 2086 
f 225 224 2086 286 
f 466 467 2067 2087 
f 496 497 2089 2088 
f 518 519 2091 2090 
f 2092 2095 2094 2093 
f 2096 2097 2020 2021 
f 2098 467 468 2069 
f 130 127 124 2099 
f 141 145 2100 140 
f 145 147 2101 2100 
f 147 149 2102 2101 
f 149 130 2099 2102 
f 2081 2082 2104 2103 
f 2082 2083 2105 2104 
f 2083 2084 2106 2105 
f 2085 2108 2107 
f 2086 2085 2107 2109 
f 286 2086 2109 285 
f 2087 2067 2068 2110 
f 2088 2089 2112 2111 
f 2090 2091 2114 2113 
f 126 127 128 179 
f 142 2084 138 222 
f 141 142 222 144 
f 2115 126 179 152 
f 2116 2115 152 153 
f 2117 2118 155 157 
f 2119 2117 157 159 
f 2120 2119 159 161 
f 2121 2120 161 163 
f 2122 2121 163 165 
f 2123 2122 165 167 
f 2124 2123 167 169 
f 2125 2124 169 171 
f 2126 2125 171 173 
f 276 2126 173 175 
f 275 276 175 177 
f 2118 2116 153 155 
f 286 2655 2592 225 
f 563 564 2095 2092 
f 2017 2018 2097 2096 
f 2066 2067 467 2098 
f 139 2106 2084 142 
f 2127 125 126 2115 
f 2128 2127 2115 2116 
f 2129 2130 2118 2117 
f 2131 2129 2117 2119 
f 2132 2131 2119 2120 
f 2133 2132 2120 2121 
f 2134 2133 2121 2122 
f 2135 2134 2122 2123 
f 2136 2135 2123 2124 
f 2137 2136 2124 2125 
f 2138 2137 2125 2126 
f 277 2138 2126 276 
f 2130 2128 2116 2118 
f 277 274 273 
f 2110 2068 464 461 
f 2068 2065 2139 464 
f 2019 2016 580 581 
f 2111 2112 494 491 
f 2140 565 2142 2141 
f 2113 2114 516 513 
f 270 272 2144 2143 
f 268 270 2143 2145 
f 266 268 2145 2146 
f 264 266 2146 2147 
f 262 264 2147 2148 
f 226 227 2150 2149 
f 246 230 2152 2151 
f 227 248 2153 2150 
f 244 246 2151 2154 
f 242 244 2154 2155 
f 2156 242 2157 
f 2158 2156 2157 2159 
f 2160 2158 2159 2161 
f 462 463 2064 2162 
f 492 493 2164 2163 
f 514 515 2166 2165 
f 2167 2169 2142 2168 
f 582 583 2171 2170 
f 2172 463 464 2139 
f 576 2174 2173 579 
f 228 229 124 125 
f 229 231 2099 124 
f 2103 2176 2175 2108 
f 233 234 2104 2105 
f 237 233 2105 2106 
f 239 237 2106 139 
f 241 239 139 140 
f 243 241 140 2100 
f 245 243 2100 2101 
f 247 245 2101 2102 
f 231 247 2102 2099 
f 249 228 125 2127 
f 251 249 2127 2128 
f 254 255 2130 2129 
f 257 254 2129 2131 
f 259 257 2131 2132 
f 261 259 2132 2133 
f 263 261 2133 2134 
f 265 263 2134 2135 
f 267 265 2135 2136 
f 269 267 2136 2137 
f 271 269 2137 2138 
f 273 271 2138 277 
f 255 251 2128 2130 
f 2177 2178 285 2109 
f 2179 2177 2109 2107 
f 2178 4590 25 285 
f 2180 2183 2182 2181 
f 314 2185 2184 317 
f 2186 2187 371 368 
f 2188 2189 375 372 
f 377 378 2191 2190 
f 381 382 2193 2192 
f 318 319 373 340 
f 317 2184 2195 2194 
f 338 374 369 322 
f 311 312 308 305 
f 319 320 2196 2188 
f 2185 327 379 376 
f 328 366 383 380 
f 369 370 325 322 
f 373 374 338 340 
f 433 434 2198 2197 
f 545 438 2200 2199 
f 456 457 2202 2201 
f 459 460 2204 2203 
f 489 490 2206 2205 
f 511 512 2208 2207 
f 2209 544 2211 2210 
f 2212 560 555 2213 
f 2062 459 2203 2214 
f 2215 2057 2217 2216 
f 2057 2058 2218 2217 
f 2181 2182 294 291 
f 2184 2185 376 377 
f 373 319 2188 372 
f 2182 2195 2190 294 
f 292 293 2220 2219 
f 378 379 380 381 
f 418 419 2216 2217 
f 421 422 435 432 
f 541 426 437 542 
f 2221 528 530 2222 
f 2223 540 543 2224 
f 2054 418 2217 2218 
f 293 2191 2192 2220 
f 379 327 328 380 
f 326 327 2185 314 
f 306 307 304 295 
f 306 309 2196 305 
f 440 441 2214 2203 
f 442 443 2201 2202 
f 549 444 2206 558 
f 2225 446 2208 4636 
f 2226 548 559 2227 
f 2060 440 2203 2204 
f 375 2189 2186 368 
f 374 375 368 369 
f 2187 297 2229 2228 
f 300 301 2219 2220 
f 298 303 302 299 
f 333 366 328 329 
f 370 371 2230 367 
f 382 383 2230 2228 
f 385 386 417 2053 
f 389 390 387 384 
f 393 394 423 420 
f 397 398 395 392 
f 401 402 539 2231 
f 405 406 403 400 
f 409 410 527 2232 
f 413 414 411 408 
f 2233 533 536 2234 
f 2235 537 547 2236 
f 2050 386 387 2051 
f 2052 390 391 2059 
f 371 2187 2228 2230 
f 300 2193 2229 299 
f 383 366 367 2230 
f 325 370 367 330 
f 324 325 330 331 
f 332 333 329 347 
f 2237 531 2239 2238 
f 278 279 280 
f 2176 2241 2240 2175 
f 2161 2243 2242 2160 
f 2243 2245 2244 2242 
f 2148 2246 260 262 
f 2247 2153 248 250 
f 2149 2152 230 226 
f 2248 2247 250 252 
f 2249 2250 253 256 
f 2246 2251 258 260 
f 2251 2249 256 258 
f 2250 2248 252 253 
f 2252 566 2169 2167 
f 2063 2064 463 2172 
f 2143 2144 343 2253 
f 2145 2143 2253 2254 
f 2146 2145 2254 2255 
f 2147 2146 2255 2256 
f 2148 2147 2256 352 
f 2149 2150 2257 356 
f 2151 2152 357 2258 
f 2150 2153 355 2257 
f 2154 2151 2258 2259 
f 2155 2154 2259 2260 
f 2261 2155 2260 2262 
f 2263 2261 2262 2264 
f 2265 2263 2264 348 
f 2162 2064 451 448 
f 2163 2164 488 485 
f 2165 2166 510 507 
f 2170 2171 453 454 
f 2108 2085 2081 2103 
f 2108 2175 2179 2107 
f 2175 2240 284 2179 
f 279 2647 4590 2178 
f 282 279 2178 2177 
f 284 282 2177 2179 
f 284 2240 577 283 
f 41 42 2267 2266 
f 42 44 2268 2267 
f 44 46 2269 2268 
f 46 48 2270 2269 
f 48 50 2271 2270 
f 50 52 2272 2271 
f 52 54 2273 2272 
f 54 56 2274 2273 
f 56 58 2275 2274 
f 58 60 2276 2275 
f 60 62 2277 2276 
f 62 64 2278 2277 
f 64 66 2279 2278 
f 66 68 2280 2279 
f 71 72 2282 2281 
f 75 71 2281 2283 
f 77 75 2283 2284 
f 79 77 2284 2285 
f 81 79 2285 2286 
f 83 81 2286 2287 
f 85 83 2287 2288 
f 87 85 2288 2289 
f 89 87 2289 2290 
f 91 89 2290 2291 
f 93 91 2291 2292 
f 289 93 2292 288 
f 68 2463 21 2280 
f 72 41 2266 2282 
f 289 290 94 95 
f 2293 2080 476 473 
f 2079 2080 2045 2294 
f 2295 2297 573 2296 
f 2298 2299 504 572 
f 2300 2301 1990 526 
f 2301 37 4398 1990 
f 2302 2303 2026 2027 
f 180 181 97 98 
f 181 183 99 97 
f 183 185 100 99 
f 185 187 101 100 
f 187 189 102 101 
f 189 191 103 102 
f 191 193 104 103 
f 193 195 105 104 
f 195 196 106 105 
f 196 197 107 106 
f 197 198 108 107 
f 198 199 109 108 
f 199 201 110 109 
f 201 203 111 110 
f 205 206 150 151 
f 206 207 154 150 
f 207 208 156 154 
f 208 209 158 156 
f 209 210 160 158 
f 210 211 162 160 
f 211 212 164 162 
f 212 213 166 164 
f 213 214 168 166 
f 214 215 170 168 
f 215 216 172 170 
f 216 218 174 172 
f 218 220 176 174 
f 203 24 23 111 
f 180 205 151 178 
f 470 471 468 465 
f 571 501 2094 2304 
f 522 523 520 517 
f 2305 570 498 495 
f 2022 2023 2028 2029 
f 2070 471 472 2077 
f 2306 2056 2057 2215 
f 2197 2198 2308 2307 
f 2199 2200 2310 2309 
f 2210 2211 2312 2311 
f 2313 431 428 637 
f 410 411 4725 4726 
f 414 415 4727 4728 
f 415 446 2225 4727 
f 509 510 2314 4729 
f 512 509 4729 2315 
f 515 516 4730 4731 
f 519 520 2316 4732 
f 523 524 1 2317 
f 527 528 2221 2232 
f 530 531 2237 2222 
f 2091 519 4732 2318 
f 2114 2091 2318 4733 
f 516 2114 4733 4730 
f 2166 515 4731 2319 
f 2208 512 2315 4636 
f 530 528 529 2 
f 2208 446 447 2207 
f 527 410 4726 2894 
f 411 414 4728 4725 
f 510 2166 2319 2314 
f 520 523 2317 2316 
f 4734 2239 531 2897 
f 1594 1595 2320 38 
f 4735 4736 1604 1601 
s 2
f 4737 4738 1957 1954 
s 1
f 620 2322 2321 600 
f 603 2324 2323 606 
f 607 2325 18 2974 
f 610 2326 2325 607 
f 612 2327 2326 610 
f 614 2328 2327 612 
f 617 2330 2329 616 
f 616 2329 2328 614 
f 622 2331 2324 603 
f 2990 19 2322 620 
f 600 2321 2331 622 
f 606 2323 2332 625 
f 628 2333 2330 617 
f 625 2332 2333 628 
f 1596 2335 2334 1595 
f 1600 2337 2336 1599 
f 1604 2339 2338 1603 
f 1603 2338 2340 1606 
f 1606 2340 2341 1608 
f 1612 2343 2342 1611 
f 1608 2341 2343 1612 
f 1599 2336 2344 1614 
f 1614 2344 2335 1596 
f 1616 2345 2337 1600 
f 1611 2342 2346 1618 
f 1618 2346 2345 1616 
s 2
f 1947 2334 2335 1946 
f 1949 2321 2322 1948 
f 1951 2336 2337 1950 
f 1953 2323 2324 1952 
f 1955 2338 2339 1954 
f 1957 2325 2326 1956 
f 1958 2340 2338 1955 
f 1956 2326 2327 1959 
f 1960 2341 2340 1958 
f 1959 2327 2328 1961 
f 1963 2342 2343 1962 
f 1965 2329 2330 1964 
f 1962 2343 2341 1960 
f 1961 2328 2329 1965 
f 1966 2344 2336 1951 
f 1952 2324 2331 1967 
f 4374 20 2334 1947 
f 1948 2322 19 4373 
f 1946 2335 2344 1966 
f 1967 2331 2321 1949 
f 1950 2337 2345 1968 
f 1969 2332 2323 1953 
f 1970 2346 2342 1963 
f 1964 2330 2333 1971 
f 1968 2345 2346 1970 
f 1971 2333 2332 1969 
s 1
f 1595 2334 20 2320 
f 4736 2347 2339 1604 
s 2
f 1954 2339 2347 4737 
f 4738 18 2325 1957 
s 1
f 596 634 635 599 
f 599 635 636 688 
f 688 636 626 642 
f 642 626 627 641 
f 641 627 629 650 
f 650 629 618 649 
f 649 618 619 669 
f 669 619 615 660 
f 660 615 613 659 
f 659 613 611 663 
f 663 611 608 653 
f 653 608 609 3022 
f 3 2989 621 671 
f 671 621 601 686 
f 685 602 623 680 
f 679 624 604 676 
f 2015 2348 634 2014 
f 2349 2350 2297 2295 
f 2351 2352 2299 2298 
f 2040 2041 2301 2300 
f 2041 4453 37 2301 
f 2046 2047 2353 
f 2051 392 393 2050 
f 2050 393 420 416 
f 416 420 421 419 
f 419 421 432 2216 
f 2216 432 433 2215 
f 2215 433 2197 2306 
f 2306 2197 2307 430 
f 2210 2198 434 2209 
f 2209 434 435 2224 
f 2224 435 422 2223 
f 2223 422 423 2231 
f 2231 423 394 401 
f 401 394 395 400 
f 400 395 398 405 
f 405 398 399 404 
f 404 399 442 445 
f 445 442 2202 2205 
f 2205 2202 457 489 
f 489 457 452 486 
f 486 452 453 485 
f 485 453 2171 2163 
f 2163 2171 583 492 
f 492 583 580 491 
f 491 580 2016 2111 
f 2111 2016 2017 2088 
f 2088 2017 2096 496 
f 496 2096 2021 495 
f 495 2021 2022 2305 
f 2305 2022 2029 1989 
f 1989 2029 2025 1988 
f 1988 2025 2026 2296 
f 2296 2026 2303 2295 
f 2295 2303 2047 2349 
f 2349 2047 2048 2033 
f 2030 2048 2049 2032 
f 2032 2049 2046 2078 
f 2078 2046 2353 2294 
f 2079 2302 2027 2072 
f 2072 2027 2024 2071 
f 2071 2024 2028 2077 
f 2077 2028 2023 2070 
f 2070 2023 2020 2069 
f 2069 2020 2097 2098 
f 2098 2097 2018 2066 
f 2066 2018 2019 2065 
f 2065 2019 581 2139 
f 2139 581 582 2172 
f 2172 582 2170 2063 
f 2063 2170 454 2061 
f 2061 454 455 458 
f 458 455 456 460 
f 460 456 2201 2204 
f 2204 2201 443 2060 
f 2060 443 396 2059 
f 2059 396 397 2052 
f 2052 397 392 2051 
f 2309 2310 593 588 
f 2311 2312 589 2354 
f 2311 2308 2198 2210 
f 430 431 2056 2306 
f 430 2307 587 429 
f 585 586 2354 2355 
f 587 584 682 429 
f 1992 585 2355 2013 
f 584 1991 1997 682 
f 1991 2011 597 1997 
f 2012 1992 2013 674 
f 2015 2012 674 675 
f 2011 2014 596 597 
f 2014 634 596 
f 2348 2015 675 605 
f 586 2308 2311 2354 
f 587 2307 2308 586 
f 2348 606 634 
f 2356 2357 631 592 
f 2358 2359 3066 630 
f 576 577 2240 
f 578 579 359 360 
f 579 2173 2360 359 
f 2245 2243 2362 2361 
f 2243 2161 2265 2362 
f 2161 2159 2263 2265 
f 2159 2157 2261 2263 
f 2157 242 2155 2261 
f 2240 2241 2174 576 
f 235 232 2242 2244 
f 232 236 2160 2242 
f 236 238 2158 2160 
f 238 240 2156 2158 
f 240 242 2156 
f 2183 2363 351 2194 
f 2363 2364 350 351 
f 2360 2173 2245 2361 
f 2173 2174 2244 2245 
f 2174 2241 235 2244 
f 2241 2176 234 235 
f 2176 2103 2104 234 
f 431 2313 2055 2056 
f 337 2183 2180 
f 337 334 2363 2183 
f 334 362 2364 2363 
f 348 349 2362 2265 
f 349 350 2361 2362 
f 352 353 2246 2148 
f 354 355 2153 2247 
f 356 357 2152 2149 
f 358 354 2247 2248 
f 363 364 2250 2249 
f 353 365 2251 2246 
f 365 363 2249 2251 
f 364 358 2248 2250 
f 2254 2253 342 345 
f 2256 2255 344 
f 352 2256 344 341 
f 356 2257 331 332 
f 2258 357 347 346 
f 2257 355 324 331 
f 2259 2258 346 
f 2260 2259 346 
f 2262 2260 346 315 
f 2264 2262 315 
f 348 2264 315 
f 350 2364 2360 2361 
f 2364 362 359 2360 
f 361 362 334 335 
f 2253 343 342 
f 296 297 2187 2186 
f 309 296 2186 2189 
f 320 321 310 311 
f 321 345 342 310 
f 2190 2191 293 294 
f 2192 2193 300 2220 
f 2194 2195 2182 2183 
f 2196 320 311 305 
f 2190 2195 2184 377 
f 2192 2191 378 381 
f 2196 309 2189 2188 
f 2229 297 298 299 
f 2229 2193 382 2228 
f 2194 351 316 317 
f 2254 345 344 2255 
f 2234 408 409 2233 
f 2233 409 2232 424 
f 424 2232 2221 427 
f 427 2221 2222 436 
f 436 2222 2237 439 
f 439 2237 2238 2365 
f 2365 2238 2357 2356 
f 2358 2239 4734 2359 
f 525 521 499 506 
f 499 521 522 502 
f 502 522 517 2093 
f 2093 517 518 2092 
f 2092 518 2090 563 
f 563 2090 2113 562 
f 562 2113 513 2168 
f 2168 513 514 2167 
f 2167 514 2165 2252 
f 2252 2165 507 2366 
f 2366 507 508 2213 
f 2213 508 511 2212 
f 2212 511 2207 2227 
f 2227 2207 447 2226 
f 2226 447 412 2236 
f 2236 412 413 2235 
f 2235 413 408 2234 
f 4452 2042 2075 2076 
f 2075 2042 2039 2074 
f 2367 2040 2300 2368 
f 2368 2300 526 503 
f 525 526 1990 1987 
f 2033 2034 2350 2349 
f 2037 2038 2352 2351 
f 2369 2039 2040 2367 
f 2033 2048 2030 
f 95 92 93 289 
f 92 95 217 123 
f 631 632 595 592 
f 686 687 673 671 
f 632 1999 1996 595 
f 687 1999 2000 673 
f 686 601 602 685 
f 631 2357 2358 630 
f 2357 2238 2239 2358 
f 600 601 621 620 
f 1480 1434 4786 
f 27 1434 1482 
f 474 96 94 473 
f 473 94 290 2293 
f 2293 290 287 2044 
f 1225 288 2292 1223 
f 1223 2292 2291 1221 
f 1221 2291 2290 1219 
f 1219 2290 2289 1216 
f 1216 2289 2288 1214 
f 1214 2288 2287 1213 
f 1213 2287 2286 1211 
f 1211 2286 2285 1209 
f 1209 2285 2284 1207 
f 1207 2284 2283 1205 
f 1205 2283 2281 1203 
f 1203 2281 2282 1198 
f 1198 2282 2266 1201 
f 1201 2266 2267 1227 
f 1227 2267 2268 1229 
f 1229 2268 2269 1231 
f 1231 2269 2270 1233 
f 1233 2270 2271 1235 
f 1235 2271 2272 1237 
f 1237 2272 2273 1239 
f 1239 2273 2274 1241 
f 1241 2274 2275 1243 
f 1243 2275 2276 1245 
f 1245 2276 2277 1247 
f 1247 2277 2278 1249 
f 1249 2278 2279 1251 
f 1251 2279 2280 1253 
f 1253 2280 21 26 
f 2646 278 656 3060 
f 656 278 280 655 
f 655 280 281 693 
f 693 281 283 692 
f 692 283 577 666 
f 666 577 578 665 
f 665 578 360 646 
f 646 360 361 645 
f 645 361 335 638 
f 638 335 336 637 
f 637 336 337 2313 
f 2313 337 2180 2055 
f 2055 2180 2181 2058 
f 2058 2181 291 2218 
f 2218 291 292 2054 
f 2054 292 2219 2053 
f 2053 2219 301 385 
f 385 301 302 384 
f 384 302 303 389 
f 389 303 304 388 
f 388 304 307 441 
f 441 307 308 2214 
f 2214 308 312 2062 
f 2062 312 313 449 
f 449 313 343 448 
f 448 343 2144 2162 
f 2162 2144 272 462 
f 462 272 273 461 
f 461 273 274 2110 
f 2110 274 275 2087 
f 2087 275 177 466 
f 466 177 176 465 
f 465 176 220 470 
f 470 220 219 469 
f 469 219 96 474 
f 2044 2045 2080 2293 
f 2294 2045 2043 2078 
f 2353 2047 2303 2302 
f 2294 2353 2302 2079 
f 2044 287 1975 1972 
f 1974 1975 1225 1224 
f 1974 1976 477 1973 
f 1975 287 288 1225 
f 1982 1983 1984 1985 
f 2074 1982 1985 2075 
f 2074 2039 2369 550 
f 482 483 1977 
f 33 1864 1849 4250 
f 1866 1868 1851 1849 
f 1868 1870 1853 1851 
f 1870 1861 1804 1853 
f 1786 1861 2370 
f 759 1285 1286 762 
f 762 1286 1315 789 
f 789 1315 1316 792 
f 792 1316 1318 794 
f 794 1318 1320 796 
f 796 1320 1322 798 
f 798 1322 1324 800 
f 800 1324 1326 802 
f 802 1326 1328 804 
f 804 1328 1330 806 
f 806 1330 1332 808 
f 808 1332 1334 810 
f 810 1334 1336 812 
f 812 1336 1338 814 
f 814 1338 1730 816 
f 816 1730 4114 872 
f 1559 4788 2371 1539 
f 1539 2371 1791 1538 
f 1538 1791 1792 1557 
f 1557 1792 1793 1543 
f 1543 1793 1794 1542 
f 1542 1794 1795 1561 
f 1561 1795 1787 1564 
f 1564 1787 2370 1563 
f 1563 2370 1872 1554 
f 1554 1872 1871 1552 
f 1552 1871 1869 1550 
f 1550 1869 1867 1548 
f 1548 1867 1865 1546 
f 1546 1865 4269 3934 
f 1341 1312 787 3245 
f 787 1312 1310 786 
f 786 1310 1308 783 
f 783 1308 1306 781 
f 781 1306 1304 779 
f 779 1304 1302 777 
f 777 1302 1300 775 
f 775 1300 1298 773 
f 773 1298 1296 772 
f 772 1296 1294 769 
f 769 1294 1292 767 
f 767 1292 1290 765 
f 765 1290 1288 764 
f 764 1288 1285 759 
f 1849 1864 1866 
f 1373 1374 1381 1377 
f 1373 1378 2372 1372 
f 1378 1384 2373 2372 
f 1386 3766 29 1410 
f 1413 1414 1692 2374 
f 1416 1413 2374 2375 
f 1418 1416 2375 2376 
f 1420 1418 2376 2377 
f 1422 1420 2377 2378 
f 1424 1422 2378 2379 
f 1426 1424 2379 2380 
f 1428 1426 2380 2381 
f 1384 1428 2381 2373 
f 1627 1374 1375 1625 
f 1636 1637 1635 1632 
f 1640 1636 1632 1638 
f 1643 1640 1638 1641 
f 1646 1643 1641 1644 
f 1649 1646 1644 1647 
f 1652 1649 1647 1650 
f 1655 1652 1650 1653 
f 1658 1655 1653 1656 
f 1661 1658 1656 1659 
f 1664 1661 1659 1662 
f 1386 1664 1662 1385 
f 1637 1627 1625 1635 
f 32 1789 2371 4788 
f 1789 1790 1791 2371 
f 1414 1790 1693 1692 
f 1536 1537 1693 1788 
f 28 1536 1788 4188 
f 1620 1621 1435 1433 
f 1624 1621 1372 2372 
f 1626 1620 1433 1439 
f 1630 1624 2372 2373 
f 22 1631 1480 4786 
f 1633 1634 1448 1447 
f 1639 1633 1447 1453 
f 1642 1639 1453 1456 
f 1645 1642 1456 1459 
f 1648 1645 1459 1462 
f 1651 1648 1462 1465 
f 1654 1651 1465 1468 
f 1657 1654 1468 1471 
f 1660 1657 1471 1474 
f 1663 1660 1474 1477 
f 1631 1663 1477 1480 
f 1634 1626 1439 1448 
f 1669 1670 2374 1692 
f 1670 1673 2375 2374 
f 1673 1676 2376 2375 
f 1676 1679 2377 2376 
f 1679 1682 2378 2377 
f 1682 1685 2379 2378 
f 1685 1688 2380 2379 
f 1688 1691 2381 2380 
f 1691 1630 2373 2381 
f 1669 1537 1481 1483 
f 1569 2383 2382 1568 
f 1573 2385 2384 1572 
f 1576 4804 2386 1575 
f 1575 2386 2387 1578 
f 1578 2387 2388 1580 
f 1580 2388 2389 1582 
f 1586 2391 2390 1585 
f 1582 2389 2391 1586 
f 1572 2384 2392 1588 
f 1568 2382 4812 3977 
f 1588 2392 2383 1569 
f 1590 2393 2385 1573 
f 1585 2390 2394 1592 
f 1592 2394 2393 1590 
f 1594 2382 2383 1593 
f 1598 2384 2385 1597 
f 1602 2387 2386 1601 
f 1605 2388 2387 1602 
f 1607 2389 2388 1605 
f 1610 2390 2391 1609 
f 1609 2391 2389 1607 
f 1613 2392 2384 1598 
f 1593 2383 2392 1613 
f 1597 2385 2393 1615 
f 1617 2394 2390 1610 
f 1615 2393 2394 1617 
f 38 4812 2382 1594 
f 1601 2386 4804 4735 
f 876 695 696 875 
f 875 696 699 878 
f 878 699 701 880 
f 880 701 703 882 
f 882 703 705 884 
f 884 705 707 886 
f 886 707 709 888 
f 888 709 711 890 
f 890 711 713 892 
f 892 713 716 894 
f 894 716 717 896 
f 896 717 719 898 
f 898 719 721 900 
f 900 721 723 902 
f 902 723 39 4 
f 931 753 751 930 
f 930 751 750 928 
f 928 750 748 926 
f 926 748 745 924 
f 924 745 743 922 
f 922 743 741 920 
f 920 741 739 918 
f 918 739 737 916 
f 916 737 735 914 
f 914 735 733 912 
f 912 733 732 910 
f 910 732 729 908 
f 908 729 728 906 
f 906 728 725 904 
f 904 725 695 876 
f 402 403 535 534 
f 406 407 546 538 
f 407 444 549 546 
f 479 480 2396 2395 
f 487 488 557 554 
f 490 487 554 561 
f 493 494 2141 2397 
f 497 498 2304 2398 
f 539 540 2223 2231 
f 543 544 2209 2224 
f 569 570 2305 1989 
f 573 574 1988 2296 
f 589 590 2355 2354 
f 676 677 678 679 
f 569 574 575 568 
f 590 1993 2013 2355 
f 677 1993 1994 678 
f 2034 2035 2036 2037 
f 2035 479 2395 2036 
f 2089 497 2398 2399 
f 2112 2089 2399 2140 
f 494 2112 2140 2141 
f 2164 493 2397 567 
f 2206 490 561 558 
f 2211 544 545 2199 
f 543 540 541 542 
f 2206 444 445 2205 
f 539 402 534 532 
f 403 406 538 535 
f 488 2164 567 557 
f 573 2297 2298 572 
f 498 570 571 2304 
f 2312 2211 2199 2309 
f 676 604 605 675 
f 2297 2350 2351 2298 
f 589 2312 2309 588 
f 2350 2034 2037 2351 
f 603 604 624 622 
f 605 606 2348 
f 425 426 541 532 
f 437 438 545 542 
f 500 501 571 568 
f 504 505 575 572 
f 425 533 2233 424 
f 536 537 2235 2234 
f 547 548 2226 2236 
f 552 553 2036 2395 
f 555 556 2366 2213 
f 559 560 2212 2227 
f 564 565 2140 2399 
f 556 566 2252 2366 
f 593 594 591 588 
f 680 681 684 685 
f 500 505 506 499 
f 594 1995 1994 591 
f 681 1995 1996 684 
f 2038 553 550 2369 
f 2073 552 2395 2396 
f 2094 2095 2398 2304 
f 2095 564 2399 2398 
f 2142 565 562 2168 
f 2142 2169 2397 2141 
f 2200 438 439 2365 
f 555 560 561 554 
f 437 426 427 436 
f 559 548 549 558 
f 536 533 534 535 
f 547 537 538 546 
f 2169 566 567 2397 
f 504 2299 2368 503 
f 2094 501 502 2093 
f 2310 2200 2365 2356 
f 680 623 624 679 
f 2299 2352 2367 2368 
f 593 2310 2356 592 
f 2352 2038 2369 2367 
f 622 623 602 600 
f 480 1978 1979 2396 
f 2396 1979 1980 2073 
f 2073 1980 481 1981 
f 1981 481 482 1983 
f 1983 482 1977 1984 
f 1984 1977 4384 4392 
f 1183 4384 483 1182 
f 1182 483 2400 
f 477 1976 1978 480 
f 1872 2370 1861 1870 
f 2402 1093 958 2401 
f 2404 1138 1137 2403 
f 2402 1094 1138 2404 
f 2403 1137 1182 2400 
f 2400 1979 1978 
f 2400 1980 1979 
f 2400 481 1980 
f 2400 483 482 481 
f 1978 1976 1268 
f 2405 2408 2407 2406 
f 2406 2407 2410 2409 
f 2409 2410 2412 2411 
f 2411 2412 2414 2413 
f 2413 2414 2416 2415 
f 2415 2416 2418 2417 
f 2417 2418 2420 2419 
f 2419 2420 2422 2421 
f 2421 2422 2424 2423 
f 2423 2424 2426 2425 
f 2425 2426 2428 2427 
f 2427 2428 2430 2429 
f 2429 2430 2432 2431 
f 2431 2432 2434 2433 
f 2435 2438 2437 2436 
f 2439 2440 2438 2435 
f 2441 2442 2440 2439 
f 2443 2444 2442 2441 
f 2445 2446 2444 2443 
f 2447 2448 2446 2445 
f 2449 2450 2448 2447 
f 2451 2452 2450 2449 
f 2453 2454 2452 2451 
f 2455 2456 2454 2453 
f 2457 2458 2456 2455 
f 2459 2461 2460 
f 2433 2434 2463 2462 
f 2436 2437 2408 2405 
f 2406 2465 2464 2405 
f 2409 2466 2465 2406 
f 2411 2467 2466 2409 
f 2413 2468 2467 2411 
f 2415 2469 2468 2413 
f 2417 2470 2469 2415 
f 2419 2471 2470 2417 
f 2421 2472 2471 2419 
f 2423 2473 2472 2421 
f 2425 2474 2473 2423 
f 2427 2475 2474 2425 
f 2429 2476 2475 2427 
f 2431 2477 2476 2429 
f 2433 2478 2477 2431 
f 2435 2436 2480 2479 
f 2439 2435 2479 2481 
f 2441 2439 2481 2482 
f 2443 2441 2482 2483 
f 2445 2443 2483 2484 
f 2447 2445 2484 2485 
f 2449 2447 2485 2486 
f 2451 2449 2486 2487 
f 2453 2451 2487 2488 
f 2455 2453 2488 2489 
f 2455 2489 2490 2457 
f 2462 23 2478 2433 
f 2436 2405 2464 2480 
f 2491 2494 2493 2492 
f 2495 2497 2496 2492 
f 2498 2501 2500 2499 
f 2502 2498 2499 2503 
f 2504 2502 2503 2505 
f 2506 2509 2508 2507 
f 2510 2512 2508 2511 
f 2513 2510 2511 2514 
f 2515 2513 2514 2516 
f 2497 2515 2516 2496 
f 2517 2520 2519 2518 
f 2521 2517 2518 2522 
f 2523 2521 2522 2524 
f 2525 2523 2524 2526 
f 2527 2525 2526 2528 
f 2529 2527 2528 2530 
f 2531 2529 2530 2532 
f 2533 2531 2532 2534 
f 2535 2533 2534 2536 
f 2537 2535 2536 2538 
f 2539 2537 2538 2540 
f 2541 2539 2540 2542 
f 2543 2541 2542 2544 
f 2520 2546 2545 2519 
f 2546 2549 2548 2547 
f 2547 2548 2551 2550 
f 2550 2551 2553 2552 
f 2552 2553 2555 2554 
f 2554 2555 2557 2556 
f 2556 2557 2559 2558 
f 2558 2559 2561 2560 
f 2560 2561 2562 2504 
f 2504 2562 2563 2502 
f 2502 2563 2564 2498 
f 2498 2564 2565 2501 
f 2501 2565 2567 2566 
f 2566 2567 2569 2568 
f 2568 2569 2571 2570 
f 2479 2480 2573 2572 
f 2481 2479 2572 2574 
f 2482 2481 2574 2575 
f 2483 2482 2575 2576 
f 2484 2483 2576 2577 
f 2485 2484 2577 2578 
f 2486 2485 2578 2579 
f 2487 2486 2579 2580 
f 2488 2487 2580 2581 
f 2489 2488 2581 2582 
f 2490 2489 2582 2583 
f 2584 2490 2583 2585 
f 2586 2584 2585 2587 
f 2570 2571 24 221 
f 2480 2464 2549 2573 
f 2547 2495 2545 2546 
f 2550 2497 2495 2547 
f 2552 2515 2497 2550 
f 2554 2513 2515 2552 
f 2556 2510 2513 2554 
f 2558 2512 2510 2556 
f 2560 2588 2512 2558 
f 2504 2505 2588 2560 
f 2566 2589 2500 2501 
f 2568 2590 2589 2566 
f 2570 2591 2590 2568 
f 2570 221 2592 2591 
f 2593 2596 2595 2594 
f 2597 2593 2594 2598 
f 2599 2602 2601 2600 
f 2603 2604 2602 2599 
f 2605 2606 2604 2603 
f 2607 2608 2606 2605 
f 2609 2610 2608 2607 
f 2609 2612 2611 2610 
f 2612 2614 2613 2611 
f 2614 2597 2598 2613 
f 2596 2616 2615 2595 
f 2616 2618 2617 2615 
f 2619 2622 2621 2620 
f 2622 2624 2623 2621 
f 2624 2626 2625 2623 
f 2626 2628 2627 2625 
f 2628 2630 2629 2627 
f 2630 2632 2631 2629 
f 2632 2634 2633 2631 
f 2634 2636 2635 2633 
f 2636 2638 2637 2635 
f 2638 2640 2639 2637 
f 2641 2644 2643 2642 
f 2618 2619 2620 2617 
f 2645 2648 2647 2646 
f 2649 2651 2650 2648 
f 2651 2653 2652 2650 
f 2654 2656 2655 25 
f 2657 2660 2659 2658 
f 2661 2664 2663 2662 
f 2665 2668 2667 2666 
f 2669 2672 2671 2670 
f 2665 2666 2674 2673 
f 2675 2678 2677 2676 
f 2665 2678 2679 2668 
f 2680 2683 2682 2681 
f 2684 2687 2686 2685 
f 2688 2691 2690 2689 
f 2692 2695 2694 2693 
f 2696 2699 2698 2697 
f 2700 2703 2702 2701 
f 2704 2707 2706 2705 
f 2708 2709 2695 2692 
f 2710 2711 2709 2708 
f 2712 2680 2681 2713 
f 2714 2688 2689 2715 
f 2711 2710 2688 2714 
f 2716 2696 2697 2717 
f 2687 2684 2696 2716 
f 2687 2719 2718 2686 
f 2686 2718 2721 2720 
f 2711 2723 2722 
f 2695 2725 2724 2694 
f 2702 2727 2726 2717 
f 2695 2728 2725 
f 2729 2732 2731 2730 
f 2709 2734 2733 2695 
f 2711 2722 2735 
f 2711 2735 2734 2709 
f 2695 2733 2728 
f 2700 2701 2737 2736 
f 2738 2741 2740 2739 
f 2742 2745 2744 2743 
f 2746 2749 2748 2747 
f 2750 2753 2752 2751 
f 2754 2757 2756 2755 
f 2758 2761 2760 2759 
f 2762 2765 2764 2763 
f 2766 2769 2768 2767 
f 2770 2773 2772 2771 
f 2774 2777 2776 2775 
f 2778 2781 2780 2779 
f 2782 2785 2784 2783 
f 2786 2789 2788 2787 
f 2790 2793 2792 2791 
f 2794 2797 2796 2795 
f 2798 2801 2800 2799 
f 2802 2805 2804 2803 
f 2806 2809 2808 2807 
f 2758 2759 2811 2810 
f 2767 2813 2812 2766 
f 2774 2775 2815 2814 
f 2782 2783 2817 2816 
f 2818 2821 2820 2819 
f 2822 2825 2824 2823 
f 2823 2827 2826 2822 
f 2828 2820 2830 2829 
f 2831 2834 2833 2832 
f 2835 2838 2837 2836 
f 2839 2842 2841 2840 
f 2843 2846 2845 2844 
f 2847 2850 2849 2848 
f 2851 2854 2853 2852 
f 2854 2856 2855 2853 
f 2857 2860 2859 2858 
f 2861 2864 2863 2862 
f 2865 2868 2867 2866 
f 2869 2872 2871 2870 
f 2873 2876 2875 2874 
f 2876 2878 2877 2875 
f 2879 2882 2881 2880 
f 2883 2886 2885 2884 
f 2887 2890 2889 2888 
f 2869 2870 2892 2891 
f 2893 2895 529 2894 
f 2896 2898 2897 2 
f 2899 2797 2901 2900 
f 2902 2905 2904 2903 
f 2899 2908 2907 2906 
f 2909 2912 2911 2910 
f 2913 2916 2915 2914 
f 2917 2920 2919 2918 
f 2921 2924 2923 2922 
f 2925 2928 2927 2926 
f 2929 2932 2931 2930 
f 2922 2923 2934 2933 
f 2935 2938 2937 2936 
f 2939 2942 2941 2940 
f 2943 2946 2945 2944 
f 2947 2950 2949 2948 
f 2951 2954 2953 2952 
f 2955 2958 2957 2956 
f 2959 2962 2961 2960 
f 2963 2966 2965 2964 
f 2967 2969 2968 
f 2970 2973 2972 2971 
f 2974 2976 2975 609 
f 2976 2978 2977 2975 
f 2978 2980 2979 2977 
f 2980 2982 2981 2979 
f 2983 2986 2985 2984 
f 2982 2983 2984 2981 
f 2987 2990 2989 2988 
f 2991 2993 2992 
f 2994 2971 2996 2995 
f 2986 2998 2997 2985 
f 2998 2994 2995 2997 
f 2999 3002 3001 3000 
f 3003 3005 3004 2971 
f 3004 2996 2971 
f 3006 3009 3008 3007 
f 3010 3013 3012 3011 
f 3014 3017 3016 3015 
f 3018 3021 3020 3019 
f 3022 3025 3024 3023 
f 3026 3029 3028 3027 
f 3030 3033 3032 3031 
f 3034 3030 3031 3035 
f 3036 3039 3038 3037 
f 3033 3041 3040 3032 
f 3042 3 672 3043 
f 3044 3047 3046 3045 
f 3048 3051 3050 3049 
f 3052 2801 2798 3053 
f 3054 3057 3056 3055 
f 3012 3013 3059 3058 
f 3008 3009 3014 3015 
f 3020 3021 3010 3011 
f 3016 3017 3036 3037 
f 3028 3029 3060 690 
f 3024 3025 3034 3035 
f 3061 3064 3063 3062 
f 3062 3063 3026 3027 
f 3040 3041 3018 3019 
f 3038 3039 3064 3061 
f 3065 3066 2999 3000 
f 3067 3070 3069 3068 
f 3070 3072 3071 3069 
f 3072 3074 3073 3071 
f 3075 3076 3073 3074 
f 3075 3078 3077 3076 
f 3078 3080 3079 3077 
f 3080 3082 3081 3079 
f 3082 3084 3083 3081 
f 3084 3086 3085 3083 
f 3087 3085 3086 3088 
f 3088 3090 3089 3087 
f 3090 3092 3091 3089 
f 3092 3094 3093 3091 
f 3094 3096 3095 3093 
f 3096 39 3097 3095 
f 3098 3067 3068 3099 
f 3099 3101 3100 3098 
f 3102 3100 3101 3103 
f 3103 3105 3104 3102 
f 3106 3104 3105 3107 
f 3108 3106 3107 3109 
f 3110 3108 3109 3111 
f 3112 3110 3111 3113 
f 3114 3112 3113 3115 
f 3116 3114 3115 3117 
f 3118 3116 3117 3119 
f 3119 3121 3120 3118 
f 3121 3123 3122 3120 
f 3124 3122 3123 3125 
f 753 3124 3125 754 
f 3126 5 754 3125 
f 3127 3128 3095 3097 
f 3129 3068 3069 3130 
f 3131 3134 3133 3132 
f 3135 3134 3131 3136 
f 3137 3138 3135 3136 
f 3139 3140 3138 3137 
f 3141 3142 3140 3139 
f 3143 3142 3141 3144 
f 3145 3146 3143 3144 
f 3147 3148 3146 3145 
f 3149 3150 3148 3147 
f 3151 3152 3150 3149 
f 3153 3154 3152 3151 
f 3155 3156 3154 3153 
f 3157 3156 3155 3158 
f 3159 3160 3157 3158 
f 3161 3164 3163 3162 
f 3162 3163 3166 3165 
f 3165 3166 3168 3167 
f 3167 3168 3170 3169 
f 3169 3170 3172 3171 
f 3171 3172 3174 3173 
f 3173 3174 3176 3175 
f 3175 3176 3178 3177 
f 3177 3178 3180 3179 
f 3179 3180 3182 3181 
f 3181 3182 3184 3183 
f 3183 3184 3186 3185 
f 3186 3188 3187 3185 
f 3189 3160 818 6 
f 3190 3188 3192 3191 
f 3193 3164 3133 3194 
f 3195 3196 3129 3194 
f 3197 3196 3195 3198 
f 3199 3200 3197 3198 
f 3201 3202 3200 3199 
f 3203 3204 3202 3201 
f 3205 3204 3203 3206 
f 3207 3208 3205 3206 
f 3209 3210 3208 3207 
f 3211 3212 3210 3209 
f 3213 3214 3212 3211 
f 3215 3216 3214 3213 
f 3217 3218 3216 3215 
f 3219 3218 3217 3220 
f 3189 3126 3219 3220 
f 3193 3130 3222 3221 
f 3221 3222 3224 3223 
f 3223 3224 3226 3225 
f 3225 3226 3228 3227 
f 3227 3228 3230 3229 
f 3229 3230 3232 3231 
f 3231 3232 3234 3233 
f 3233 3234 3236 3235 
f 3235 3236 3238 3237 
f 3237 3238 3240 3239 
f 3239 3240 3242 3241 
f 3241 3242 3244 3243 
f 3243 3244 3128 3192 
f 3126 3189 6 5 
f 3127 3191 3192 3128 
f 3130 3193 3194 3129 
f 3134 3195 3194 3133 
f 3198 3195 3134 3135 
f 3138 3199 3198 3135 
f 3140 3201 3199 3138 
f 3142 3203 3201 3140 
f 3206 3203 3142 3143 
f 3146 3207 3206 3143 
f 3148 3209 3207 3146 
f 3150 3211 3209 3148 
f 3152 3213 3211 3150 
f 3154 3215 3213 3152 
f 3156 3217 3215 3154 
f 3220 3217 3156 3157 
f 3160 3189 3220 3157 
f 3164 3193 3221 3163 
f 3163 3221 3223 3166 
f 3166 3223 3225 3168 
f 3168 3225 3227 3170 
f 3170 3227 3229 3172 
f 3172 3229 3231 3174 
f 3174 3231 3233 3176 
f 3176 3233 3235 3178 
f 3178 3235 3237 3180 
f 3180 3237 3239 3182 
f 3182 3239 3241 3184 
f 3184 3241 3243 3186 
f 3243 3192 3188 3186 
f 3160 3159 3245 818 
f 872 3187 3188 3190 
f 3164 3161 3132 3133 
f 3196 3099 3068 3129 
f 3101 3099 3196 3197 
f 3200 3103 3101 3197 
f 3202 3105 3103 3200 
f 3204 3107 3105 3202 
f 3205 3109 3107 3204 
f 3208 3111 3109 3205 
f 3210 3113 3111 3208 
f 3212 3115 3113 3210 
f 3214 3117 3115 3212 
f 3216 3119 3117 3214 
f 3218 3121 3119 3216 
f 3123 3121 3218 3219 
f 3126 3125 3123 3219 
f 3130 3069 3071 3222 
f 3222 3071 3073 3224 
f 3224 3073 3076 3226 
f 3226 3076 3077 3228 
f 3228 3077 3079 3230 
f 3230 3079 3081 3232 
f 3232 3081 3083 3234 
f 3234 3083 3085 3236 
f 3236 3085 3087 3238 
f 3238 3087 3089 3240 
f 3240 3089 3091 3242 
f 3242 3091 3093 3244 
f 3244 3093 3095 3128 
f 3246 3249 3248 3247 
f 3249 3251 3250 3248 
f 3251 3253 3252 3250 
f 3253 3255 3254 3252 
f 3255 3257 3256 3254 
f 3257 3259 3258 3256 
f 3259 3261 3260 3258 
f 3261 3263 3262 3260 
f 3263 3265 3264 3262 
f 3265 3267 3266 3264 
f 3267 3269 3268 3266 
f 3269 3271 3270 3268 
f 3271 3273 3272 3270 
f 3273 3275 3274 3272 
f 3275 7 4 3274 
f 3276 3246 3247 3277 
f 3278 3276 3277 3279 
f 3280 3278 3279 3281 
f 3282 3280 3281 3283 
f 3284 3282 3283 3285 
f 3286 3284 3285 3287 
f 3288 3286 3287 3289 
f 3290 3288 3289 3291 
f 3292 3290 3291 3293 
f 3294 3292 3293 3295 
f 3296 3294 3295 3297 
f 3298 3296 3297 3299 
f 3300 3298 3299 3301 
f 3302 3300 3301 3303 
f 3304 3302 3303 931 
f 3305 3308 3307 3306 
f 3306 3307 3310 3309 
f 3309 3310 3312 3311 
f 3311 3312 3314 3313 
f 3313 3314 3316 3315 
f 3315 3316 3318 3317 
f 3317 3318 3320 3319 
f 3319 3320 3322 3321 
f 3321 3322 3324 3323 
f 3323 3324 3326 3325 
f 3325 3326 3328 3327 
f 3327 3328 3330 3329 
f 3329 3330 3332 3331 
f 3331 3335 3334 3333 
f 3333 3334 3336 962 
f 3337 3338 3308 3305 
f 3339 3340 3338 3337 
f 3341 3342 3340 3339 
f 3343 3344 3342 3341 
f 3345 3346 3344 3343 
f 3347 3348 3346 3345 
f 3349 3350 3348 3347 
f 3351 3352 3350 3349 
f 3353 3354 3352 3351 
f 3355 3356 3354 3353 
f 3357 3358 3356 3355 
f 3359 3360 3358 3357 
f 3361 3362 3360 3359 
f 3363 3364 3362 3361 
f 8 991 3364 3363 
f 3365 3305 3306 3366 
f 3366 3306 3309 3367 
f 3367 3309 3311 3368 
f 3368 3311 3313 3369 
f 3369 3313 3315 3370 
f 3370 3315 3317 3371 
f 3371 3317 3319 3372 
f 3372 3319 3321 3373 
f 3373 3321 3323 3374 
f 3374 3323 3325 3375 
f 3375 3325 3327 3376 
f 3376 3327 3329 3377 
f 3377 3329 3331 3378 
f 3378 3331 3333 3379 
f 3379 3333 962 3380 
f 3381 3337 3305 3365 
f 3382 3339 3337 3381 
f 3383 3341 3339 3382 
f 3384 3343 3341 3383 
f 3385 3345 3343 3384 
f 3386 3347 3345 3385 
f 3387 3349 3347 3386 
f 3388 3351 3349 3387 
f 3389 3353 3351 3388 
f 3390 3355 3353 3389 
f 3391 3357 3355 3390 
f 3392 3359 3357 3391 
f 3393 3361 3359 3392 
f 3394 3363 3361 3393 
f 3395 8 3363 3394 
f 3396 9 3395 3394 
f 3397 3396 3394 3393 
f 3398 3397 3393 3392 
f 3399 3398 3392 3391 
f 3400 3399 3391 3390 
f 3401 3400 3390 3389 
f 3402 3401 3389 3388 
f 3403 3402 3388 3387 
f 3404 3403 3387 3386 
f 3405 3404 3386 3385 
f 3406 3405 3385 3384 
f 3407 3406 3384 3383 
f 3408 3407 3383 3382 
f 3409 3408 3382 3381 
f 3410 3409 3381 3365 
f 3411 3410 3365 3366 
f 3412 3411 3366 3367 
f 3413 3412 3367 3368 
f 3414 3413 3368 3369 
f 3415 3414 3369 3370 
f 3416 3415 3370 3371 
f 3417 3416 3371 3372 
f 3418 3417 3372 3373 
f 3419 3418 3373 3374 
f 3420 3419 3374 3375 
f 3421 3420 3375 3376 
f 3422 3421 3376 3377 
f 3423 3422 3377 3378 
f 3424 3423 3378 3379 
f 3425 3424 3379 3380 
f 3246 3427 3426 3249 
f 3249 3426 3428 3251 
f 3251 3428 3429 3253 
f 3253 3429 3430 3255 
f 3255 3430 3431 3257 
f 3257 3431 3432 3259 
f 3259 3432 3433 3261 
f 3261 3433 3434 3263 
f 3263 3434 3435 3265 
f 3265 3435 3436 3267 
f 3267 3436 3437 3269 
f 3269 3437 3438 3271 
f 3271 3438 3439 3273 
f 3273 3439 3440 3275 
f 3275 3440 3441 7 
f 3276 3442 3427 3246 
f 3278 3443 3442 3276 
f 3280 3444 3443 3278 
f 3282 3445 3444 3280 
f 3284 3446 3445 3282 
f 3286 3447 3446 3284 
f 3288 3448 3447 3286 
f 3290 3449 3448 3288 
f 3292 3450 3449 3290 
f 3294 3451 3450 3292 
f 3296 3452 3451 3294 
f 3298 3453 3452 3296 
f 3300 3454 3453 3298 
f 3302 3455 3454 3300 
f 3304 1079 3455 3302 
f 3396 3455 1079 9 
f 3397 3454 3455 3396 
f 3398 3453 3454 3397 
f 3399 3452 3453 3398 
f 3400 3451 3452 3399 
f 3401 3450 3451 3400 
f 3402 3449 3450 3401 
f 3403 3448 3449 3402 
f 3404 3447 3448 3403 
f 3405 3446 3447 3404 
f 3406 3445 3446 3405 
f 3407 3444 3445 3406 
f 3408 3443 3444 3407 
f 3409 3442 3443 3408 
f 3410 3427 3442 3409 
f 3411 3426 3427 3410 
f 3412 3428 3426 3411 
f 3413 3429 3428 3412 
f 3414 3430 3429 3413 
f 3415 3431 3430 3414 
f 3416 3432 3431 3415 
f 3417 3433 3432 3416 
f 3418 3434 3433 3417 
f 3419 3435 3434 3418 
f 3420 3436 3435 3419 
f 3421 3437 3436 3420 
f 3422 3438 3437 3421 
f 3423 3439 3438 3422 
f 3424 3440 3439 3423 
f 3425 3441 3440 3424 
f 3456 3457 3307 3308 
f 3457 3458 3310 3307 
f 3458 3459 3312 3310 
f 3459 3460 3314 3312 
f 3460 3461 3316 3314 
f 3461 3462 3318 3316 
f 3462 3463 3320 3318 
f 3463 3464 3322 3320 
f 3464 3465 3324 3322 
f 3465 3466 3326 3324 
f 3466 3467 3328 3326 
f 3467 3468 3330 3328 
f 3468 3469 3332 3330 
f 3334 3335 3471 3470 
f 3470 3472 3336 3334 
f 3473 3456 3308 3338 
f 3474 3473 3338 3340 
f 3474 3340 3342 3475 
f 3475 3342 3344 3476 
f 3476 3344 3346 3477 
f 3478 3477 3346 3348 
f 3478 3348 3350 3479 
f 3479 3350 3352 3480 
f 3480 3352 3354 3481 
f 3481 3354 3356 3482 
f 3482 3356 3358 3483 
f 3484 3483 3358 3360 
f 3485 3484 3360 3362 
f 3486 3485 3362 3364 
f 3487 3486 3364 991 
f 3488 3491 3490 3489 
f 3489 3490 3493 3492 
f 3492 3493 3495 3494 
f 3494 3495 3497 3496 
f 3496 3497 3499 3498 
f 3498 3499 3501 3500 
f 3500 3501 3503 3502 
f 3502 3503 3505 3504 
f 3504 3505 3507 3506 
f 3506 3507 3509 3508 
f 3508 3509 3511 3510 
f 3511 3513 3512 3510 
f 3512 3513 3515 3514 
f 3514 3515 3517 3516 
f 3518 3519 1139 10 
f 3520 3521 3491 3488 
f 3522 3523 3521 3520 
f 3524 3525 3523 3522 
f 3526 3527 3525 3524 
f 3528 3529 3527 3526 
f 3530 3531 3529 3528 
f 3532 3533 3531 3530 
f 3534 3535 3533 3532 
f 3536 3537 3535 3534 
f 3538 3539 3537 3536 
f 3540 3541 3539 3538 
f 3542 3543 3541 3540 
f 3544 3545 3543 3542 
f 3546 3547 3545 3544 
f 11 1168 3547 3546 
f 3456 3488 3489 3457 
f 3457 3489 3492 3458 
f 3458 3492 3494 3459 
f 3459 3494 3496 3460 
f 3460 3496 3498 3461 
f 3461 3498 3500 3462 
f 3462 3500 3502 3463 
f 3463 3502 3504 3464 
f 3464 3504 3506 3465 
f 3465 3506 3508 3466 
f 3466 3508 3510 3467 
f 3467 3510 3512 3468 
f 3468 3512 3514 3469 
f 3469 3514 3516 3471 
f 3470 3518 10 3472 
f 3473 3520 3488 3456 
f 3474 3522 3520 3473 
f 3475 3524 3522 3474 
f 3476 3526 3524 3475 
f 3477 3528 3526 3476 
f 3478 3530 3528 3477 
f 3479 3532 3530 3478 
f 3480 3534 3532 3479 
f 3481 3536 3534 3480 
f 3482 3538 3536 3481 
f 3483 3540 3538 3482 
f 3484 3542 3540 3483 
f 3485 3544 3542 3484 
f 3486 3546 3544 3485 
f 3487 11 3546 3486 
f 3491 3549 3548 3490 
f 3490 3548 3550 3493 
f 3493 3550 3551 3495 
f 3495 3551 3552 3497 
f 3497 3552 3553 3499 
f 3499 3553 3554 3501 
f 3501 3554 3555 3503 
f 3503 3555 3556 3505 
f 3505 3556 3557 3507 
f 3507 3557 3558 3509 
f 3509 3558 3559 3511 
f 3559 3560 3513 3511 
f 3513 3560 3561 3515 
f 3515 3561 3562 3517 
f 3519 3563 1183 1139 
f 3521 3564 3549 3491 
f 3523 3565 3564 3521 
f 3525 3566 3565 3523 
f 3527 3567 3566 3525 
f 3529 3568 3567 3527 
f 3531 3569 3568 3529 
f 3533 3570 3569 3531 
f 3535 3571 3570 3533 
f 3537 3572 3571 3535 
f 3539 3573 3572 3537 
f 3541 3574 3573 3539 
f 3543 3575 3574 3541 
f 3545 3576 3575 3543 
f 3547 3577 3576 3545 
f 1168 3578 3577 3547 
f 3579 3582 3581 3580 
f 3583 3582 3579 3584 
f 3585 3583 3584 3586 
f 3587 3585 3586 3588 
f 3589 3587 3588 3590 
f 3591 3589 3590 3592 
f 3593 3591 3592 3594 
f 3593 3594 3596 3595 
f 3595 3596 3598 3597 
f 3599 3597 3598 3600 
f 3601 3599 3600 3602 
f 3603 3601 3602 3604 
f 3605 3603 3604 3606 
f 3581 3608 3607 3580 
f 3609 3610 3607 3608 
f 3610 3609 3612 3611 
f 3613 3614 3611 3612 
f 3614 3613 3616 3615 
f 3615 3616 3618 3617 
f 3617 3618 3620 3619 
f 3620 3622 3621 3619 
f 3622 3624 3623 3621 
f 3623 3624 3626 3625 
f 3625 3626 3628 3627 
f 3629 3630 3627 3628 
f 3631 3632 3630 3629 
f 3632 3631 3634 3633 
f 3633 3634 1254 26 
f 3635 3636 3548 3549 
f 3636 3637 3550 3548 
f 3551 3550 3637 3638 
f 3552 3551 3638 3639 
f 3640 3553 3552 3639 
f 3641 3554 3553 3640 
f 3642 3555 3554 3641 
f 3643 3556 3555 3642 
f 3556 3643 3644 3557 
f 3558 3557 3644 3645 
f 3559 3558 3645 3646 
f 3560 3559 3646 3647 
f 3647 3648 3561 3560 
f 3635 3549 3564 3649 
f 3649 3564 3565 3650 
f 3650 3565 3566 3651 
f 3651 3566 3567 3652 
f 3567 3568 3653 3652 
f 3568 3569 3654 3653 
f 3569 3570 3655 3654 
f 3570 3571 3656 3655 
f 3571 3572 3657 3656 
f 3657 3572 3573 3658 
f 3658 3573 3574 3659 
f 3659 3574 3575 3660 
f 3661 3660 3575 3576 
f 3577 3662 3661 3576 
f 12 3662 3577 3578 
f 3582 3636 3635 3581 
f 3637 3636 3582 3583 
f 3638 3637 3583 3585 
f 3639 3638 3585 3587 
f 3640 3639 3587 3589 
f 3641 3640 3589 3591 
f 3642 3641 3591 3593 
f 3595 3643 3642 3593 
f 3597 3644 3643 3595 
f 3645 3644 3597 3599 
f 3646 3645 3599 3601 
f 3647 3646 3601 3603 
f 3648 3647 3603 3605 
f 3581 3635 3649 3608 
f 3608 3649 3650 3609 
f 3609 3650 3651 3612 
f 3612 3651 3652 3613 
f 3613 3652 3653 3616 
f 3616 3653 3654 3618 
f 3618 3654 3655 3620 
f 3655 3656 3622 3620 
f 3656 3657 3624 3622 
f 3624 3657 3658 3626 
f 3626 3658 3659 3628 
f 3628 3659 3660 3629 
f 3629 3660 3661 3631 
f 3631 3661 3662 3634 
f 3634 3662 12 1254 
f 3663 3666 3665 3664 
f 3666 3668 3667 3665 
f 3668 3670 3669 3667 
f 3670 3672 3671 3669 
f 3672 3674 3673 3671 
f 3674 3676 3675 3673 
f 3676 3678 3677 3675 
f 3678 3680 3679 3677 
f 3680 3682 3681 3679 
f 3682 3684 3683 3681 
f 3684 3686 3685 3683 
f 3686 3688 3687 3685 
f 3688 3690 3689 3687 
f 3690 3692 3691 3689 
f 3693 3696 3695 3694 
f 3697 3693 3694 3698 
f 3699 3697 3698 3700 
f 3701 3699 3700 3702 
f 3703 3701 3702 3704 
f 3705 3703 3704 3706 
f 3707 3705 3706 3708 
f 3709 3707 3708 3710 
f 3711 3709 3710 3712 
f 3713 3711 3712 3714 
f 3715 3713 3714 3716 
f 3717 3715 3716 3718 
f 3719 3717 3720 
f 3692 3721 1341 3691 
f 3696 3663 3664 3695 
f 3666 3663 3723 3722 
f 3668 3666 3722 3724 
f 3670 3668 3724 3725 
f 3672 3670 3725 3726 
f 3674 3672 3726 3727 
f 3676 3674 3727 3728 
f 3678 3676 3728 3729 
f 3680 3678 3729 3730 
f 3682 3680 3730 3731 
f 3684 3682 3731 3732 
f 3686 3684 3732 3733 
f 3688 3686 3733 3734 
f 3690 3688 3734 3735 
f 3692 3690 3735 3736 
f 3693 3738 3737 3696 
f 3697 3739 3738 3693 
f 3699 3740 3739 3697 
f 3701 3741 3740 3699 
f 3703 3742 3741 3701 
f 3705 3743 3742 3703 
f 3707 3744 3743 3705 
f 3709 3745 3744 3707 
f 3711 3746 3745 3709 
f 3713 3747 3746 3711 
f 3715 3748 3747 3713 
f 3717 3749 3748 3715 
f 3719 3750 3749 3717 
f 3692 3736 1371 3721 
f 3696 3737 3723 3663 
f 3751 3754 3753 3752 
f 3755 3757 3754 3756 
f 3758 3761 3760 3759 
f 3762 3755 3756 3763 
f 3764 3767 3766 3765 
f 3768 3771 3770 3769 
f 3772 3773 3771 3768 
f 3774 3775 3773 3772 
f 3776 3777 3775 3774 
f 3778 3779 3777 3776 
f 3780 3781 3779 3778 
f 3782 3783 3781 3780 
f 3784 3785 3783 3782 
f 3786 3787 3785 3784 
f 3788 3789 3787 3786 
f 3790 3791 3789 3788 
f 3769 3770 3761 3758 
f 3792 3795 3794 3793 
f 3795 3797 3796 3794 
f 3797 3799 3798 3796 
f 3799 3801 3800 3798 
f 3801 3803 3802 3800 
f 3803 3805 3804 3802 
f 3805 3807 3806 3804 
f 3807 3809 3808 3806 
f 3809 3762 3763 3808 
f 3810 3813 3812 3811 
f 3814 1434 3815 
f 3816 3818 4920 3817 
f 3815 1434 3819 
f 3820 1434 3814 
f 3811 3812 3822 3821 
f 3823 3816 3817 4830 
f 3819 1434 3825 
f 3826 3829 3828 3827 
f 3830 1434 3831 
f 3832 3835 3834 3833 
f 3836 1434 3830 
f 3833 3834 3838 3837 
f 3839 1434 3836 
f 3837 3838 3841 3840 
f 3842 1434 3839 
f 3840 3841 3844 3843 
f 3845 1434 3842 
f 3843 3844 3847 3846 
f 3848 1434 3845 
f 3846 3847 3850 3849 
f 3851 1434 3848 
f 3849 3850 3853 3852 
f 3854 1434 3851 
f 3852 3853 3856 3855 
f 3857 1434 3854 
f 3855 3856 3859 3858 
f 3860 1434 3857 
f 3858 3859 3862 3861 
f 3863 1434 3860 
f 3861 3862 3829 3826 
f 3831 1434 3820 
f 3821 3822 3835 3832 
f 3864 1434 3865 
f 3866 1434 3864 
f 3867 1434 3866 
f 3868 3871 3870 3869 
f 3872 1434 3867 
f 3871 3874 3873 3870 
f 3875 1434 3872 
f 3874 3877 3876 3873 
f 3878 1434 3875 
f 3877 3880 4831 3876 
f 3881 1434 3878 
f 3880 3883 4832 4831 
f 3884 1434 3881 
f 3883 3886 4833 4832 
f 3887 1434 3884 
f 3886 3889 4834 4833 
f 3890 1434 3887 
f 3889 3892 4835 4834 
f 3825 1434 3890 
f 3892 3823 4830 4835 
f 3893 3896 3895 3894 
f 3897 3898 3896 3893 
f 3899 3900 3898 3897 
f 3901 3902 3900 3899 
f 3903 3904 3902 3901 
f 3905 3906 3904 3903 
f 3907 3908 3906 3905 
f 3909 3910 3908 3907 
f 3911 3912 3910 3909 
f 3913 3914 3912 3911 
f 3915 3916 3914 3913 
f 3917 3918 3916 3915 
f 3919 3920 3918 3917 
f 3921 3922 3920 3919 
f 3894 3895 3818 3923 
f 3864 3865 3925 3924 
f 27 28 3925 3865 
f 3926 3929 3928 3927 
f 3930 3933 3932 3931 
f 3934 3937 3936 3935 
f 3937 3939 3938 3936 
f 3939 3941 3940 3938 
f 3941 3943 3942 3940 
f 3944 3946 3951 3945 
f 3943 3944 3945 3942 
f 3933 3948 3947 3932 
f 3929 1559 1560 3928 
f 3948 3926 3927 3947 
f 3949 3930 3931 3950 
f 3946 3953 3952 3951 
f 3953 3949 3950 3952 
f 3954 3957 3956 3955 
f 3958 3961 3960 3959 
f 3962 3964 3963 1576 
f 3964 3966 3965 3963 
f 3966 3968 3967 3965 
f 3968 3970 3969 3967 
f 3971 3974 3973 3972 
f 3970 3971 3972 3969 
f 3961 3976 3975 3960 
f 3957 13 3977 3956 
f 3976 3954 3955 3975 
f 3978 3958 3959 3979 
f 3974 3981 3980 3973 
f 3981 3978 3979 3980 
f 3982 3985 3984 3983 
f 3986 3989 3988 3987 
f 3990 3993 3992 3991 
f 3993 3995 3994 3992 
f 3995 3997 3996 3994 
f 3998 4001 4000 3999 
f 3997 3998 3999 3996 
f 3989 4003 4002 3988 
f 4003 3982 3983 4002 
f 4004 3986 3987 4005 
f 4001 4007 4006 4000 
f 4007 4004 4005 4006 
f 3818 3895 4926 4920 
f 3895 3896 4927 4926 
f 3920 3922 4928 4907 
f 3898 3900 4929 4908 
f 3900 3902 4930 4929 
f 3902 3904 4931 4930 
f 3904 3906 4932 4931 
f 3906 3908 4933 4932 
f 3908 3910 4934 4933 
f 3910 3912 4935 4934 
f 3912 3914 4936 4935 
f 3914 3916 4937 4936 
f 3916 3918 4938 4937 
f 3918 3920 4907 4938 
f 3896 3898 4908 4927 
f 4008 3810 3811 3759 
f 3757 4008 3759 3760 
f 3752 4010 4009 3751 
f 4011 3810 4008 4012 
f 4012 4008 3757 3755 
f 3815 3819 4013 4009 
f 4014 4015 4010 3752 
f 3761 4016 3753 3760 
f 3759 3811 3821 3758 
f 4017 4011 4012 4018 
f 4018 4012 3755 3762 
f 3819 3825 4019 4013 
f 3790 3826 3827 4020 
f 3791 3790 4020 29 
f 3765 22 4021 3764 
f 4022 4025 4024 4023 
f 3771 4027 4026 3770 
f 3769 3832 3833 3768 
f 4028 4029 4025 4022 
f 3773 4030 4027 3771 
f 3768 3833 3837 3772 
f 4031 4032 4029 4028 
f 3775 4033 4030 3773 
f 3772 3837 3840 3774 
f 4034 4035 4032 4031 
f 3777 4036 4033 3775 
f 3774 3840 3843 3776 
f 4037 4038 4035 4034 
f 3779 4039 4036 3777 
f 3776 3843 3846 3778 
f 4040 4041 4038 4037 
f 3781 4042 4039 3779 
f 3778 3846 3849 3780 
f 4043 4044 4041 4040 
f 3783 4045 4042 3781 
f 3780 3849 3852 3782 
f 4046 4047 4044 4043 
f 3785 4048 4045 3783 
f 3782 3852 3855 3784 
f 4049 4050 4047 4046 
f 3787 4051 4048 3785 
f 3784 3855 3858 3786 
f 4052 4053 4050 4049 
f 3789 4054 4051 3787 
f 3786 3858 3861 3788 
f 3764 4021 4053 4052 
f 3791 3767 4054 3789 
f 3788 3861 3826 3790 
f 4023 4024 4015 4014 
f 3770 4026 4016 3761 
f 3758 3821 3832 3769 
f 4055 4058 4057 4056 
f 4056 4057 3795 3792 
f 3867 3866 4060 4059 
f 4058 4062 4061 4057 
f 4057 4061 3797 3795 
f 3872 3867 4059 4063 
f 4062 4065 4064 4061 
f 4061 4064 3799 3797 
f 3875 3872 4063 4066 
f 4065 4068 4067 4064 
f 4064 4067 3801 3799 
f 3878 3875 4066 4069 
f 4068 4071 4070 4067 
f 4067 4070 3803 3801 
f 3881 3878 4069 4072 
f 4071 4074 4073 4070 
f 4070 4073 3805 3803 
f 3884 3881 4072 4075 
f 4074 4077 4076 4073 
f 4073 4076 3807 3805 
f 3887 3884 4075 4078 
f 4077 4080 4079 4076 
f 4076 4079 3809 3807 
f 3890 3887 4078 4081 
f 4080 4017 4018 4079 
f 4079 4018 3762 3809 
f 3825 3890 4081 4019 
f 4082 4060 3924 4083 
f 3810 4011 4084 3813 
f 4011 4017 4085 4084 
f 4058 4055 4087 4086 
f 4088 4062 4058 4086 
f 4065 4062 4088 4089 
f 4068 4065 4089 4090 
f 4071 4068 4090 4091 
f 4074 4071 4091 4092 
f 4077 4074 4092 4093 
f 4080 4077 4093 4094 
f 4017 4080 4094 4085 
f 3923 4095 3722 3723 
f 4095 4096 3724 3722 
f 4096 4097 3725 3724 
f 4097 4098 3726 3725 
f 4098 4099 3727 3726 
f 4099 4100 3728 3727 
f 4100 4101 3729 3728 
f 4101 4102 3730 3729 
f 4102 4103 3731 3730 
f 4103 4104 3732 3731 
f 4104 4105 3733 3732 
f 4105 4106 3734 3733 
f 4106 4107 3735 3734 
f 4107 4108 3736 3735 
f 3738 3893 3894 3737 
f 3739 3897 3893 3738 
f 3740 3899 3897 3739 
f 3741 3901 3899 3740 
f 3742 3903 3901 3741 
f 3743 3905 3903 3742 
f 3744 3907 3905 3743 
f 3745 3909 3907 3744 
f 3746 3911 3909 3745 
f 3747 3913 3911 3746 
f 3748 3915 3913 3747 
f 3749 3917 3915 3748 
f 3750 3919 3917 3749 
f 4108 4109 1371 3736 
f 3737 3894 3923 3723 
f 4095 3923 3818 3816 
f 4096 4095 3816 3823 
f 4097 4096 3823 3892 
f 4098 4097 3892 3889 
f 4099 4098 3889 3886 
f 4100 4099 3886 3883 
f 4101 4100 3883 3880 
f 4102 4101 3880 3877 
f 4103 4102 3877 3874 
f 4104 4103 3874 3871 
f 4105 4104 3871 3868 
f 4106 4105 3868 4110 
f 4107 4106 4110 4111 
f 4108 4107 4111 4112 
f 30 4109 4108 4112 
f 4113 1723 14 
f 4114 4116 4115 
f 3921 3919 3750 14 
f 14 3750 4118 4117 
f 3719 3720 4120 4119 
f 4114 4115 4121 
f 4122 4114 4121 4123 
f 4122 4123 4124 
f 4122 4124 4125 
f 4122 4125 4126 3720 
f 3719 4119 4127 
f 3750 4129 4128 
f 3750 3719 4127 4129 
f 3750 4128 4130 
f 4117 4113 14 
s 2
f 31 4133 4132 4131 
f 4133 4135 4134 4132 
f 4136 4139 4138 4137 
f 4140 4136 4137 4141 
f 4139 4143 4142 4138 
f 4143 4145 4144 4142 
f 4145 4147 4146 4144 
f 4147 4149 4148 4146 
f 4149 4151 4150 4148 
f 4151 15 4152 4150 
f 4153 4156 4155 4154 
f 4157 4153 4154 4158 
f 4135 4157 4158 4134 
f 4156 4160 4159 4155 
f 4160 4162 4161 4159 
f 4162 4140 4141 4161 
s 1
f 4163 4164 1770 
f 4164 4165 1770 
f 4166 4167 1770 
f 4168 4166 1770 
f 4167 4169 1770 
f 4169 4170 1770 
f 4170 4171 1770 
f 4171 4172 1770 
f 4172 4173 1770 
f 4173 1780 1770 
f 4174 4175 1770 
f 4176 4174 1770 
f 4165 4176 1770 
f 4175 4177 1770 
f 4177 4178 1770 
f 4178 4168 1770 
f 4112 4180 4179 30 
f 4112 4111 4181 4180 
f 4111 4110 4182 4181 
f 4183 4087 4185 4184 
f 4186 4188 32 4187 
f 4083 4186 4187 4189 
f 3792 3793 4189 4190 
f 4056 3792 4192 4191 
f 3792 4190 4192 
f 4056 4191 4193 
f 4055 4056 4193 4194 
f 4087 4055 4194 4185 
f 4110 3868 3869 4182 
f 4195 4198 4197 4196 
f 4196 4197 4200 4199 
f 4201 4204 4203 4202 
f 4205 4206 4204 4201 
f 4207 4208 4206 4205 
f 4209 4210 4208 4207 
f 4211 4212 4210 4209 
f 4213 4214 4212 4211 
f 4215 4216 4214 4213 
f 4217 4218 4216 4215 
f 4199 4200 4218 4217 
f 4219 4220 4198 4195 
f 4221 4222 4220 4219 
f 4223 4226 4225 4224 
f 4227 4230 4229 4228 
f 4231 4232 4230 4227 
f 4233 4234 4232 4231 
f 4235 4236 4234 4233 
f 4237 4238 4236 4235 
f 4239 4240 4238 4237 
f 4241 4242 4240 4239 
f 4243 4244 4242 4241 
f 4245 4246 4244 4243 
f 4247 4248 4246 4245 
f 4224 4225 4248 4247 
f 4228 4229 4222 4221 
f 4249 4251 4250 16 
f 4252 4253 4251 4249 
f 4254 4255 4253 4252 
f 4202 4203 4255 4254 
f 3817 4858 4860 3824 
f 4256 4201 4202 4257 
f 4258 4205 4201 4256 
f 4259 4207 4205 4258 
f 3879 4861 4259 4284 
f 3882 4862 4861 3879 
f 3885 4863 4862 3882 
f 3888 4864 4863 3885 
f 3891 4865 4864 3888 
f 3824 4860 4865 3891 
f 4260 4249 16 4261 
f 4262 4252 4249 4260 
f 4263 4254 4252 4262 
f 4202 4254 4263 4257 
f 4198 3813 4084 4197 
f 4197 4084 4085 4200 
f 4204 4265 4264 4203 
f 4206 4266 4265 4204 
f 4208 4267 4266 4206 
f 4210 4090 4267 4208 
f 4212 4091 4090 4210 
f 4214 4092 4091 4212 
f 4216 4093 4092 4214 
f 4218 4094 4093 4216 
f 4200 4085 4094 4218 
f 4220 3812 3813 4198 
f 4222 3822 3812 4220 
f 4226 3828 3829 4225 
f 4230 3834 3835 4229 
f 4232 3838 3834 4230 
f 4234 3841 3838 4232 
f 4236 3844 3841 4234 
f 4238 3847 3844 4236 
f 4240 3850 3847 4238 
f 4242 3853 3850 4240 
f 4244 3856 3853 4242 
f 4246 3859 3856 4244 
f 4248 3862 3859 4246 
f 4225 3829 3862 4248 
f 4229 3835 3822 4222 
f 4268 4270 4269 33 
f 4271 4272 4270 4268 
f 4273 4274 4272 4271 
f 4275 4276 4274 4273 
f 4277 4276 4275 
f 4087 4183 4278 4086 
f 4086 4278 4279 4088 
f 4088 4279 4280 4089 
f 4089 4280 4090 
f 4264 4265 4278 4183 
f 4265 4266 4279 4278 
f 4266 4267 4280 4279 
f 4267 4090 4280 
f 3717 3718 4122 3720 
f 3720 4126 4120 
f 3750 4130 4118 
f 3869 3870 4910 4909 
f 3870 3873 4911 4910 
f 3873 3876 4912 4911 
f 4180 4914 4913 4179 
f 4180 4181 4915 4914 
f 4181 4182 4916 4915 
f 4182 3869 4909 4916 
f 4256 4257 4281 4282 
f 4258 4256 4282 4283 
f 4259 4258 4283 4284 
f 4260 4261 4285 4286 
f 4262 4260 4286 4287 
f 4263 4262 4287 4288 
f 4257 4263 4288 4281 
f 1723 4113 4289 17 
f 4115 4116 4291 4290 
f 4117 4118 4293 4292 
f 4119 4120 4295 4294 
f 4121 4115 4290 4296 
f 4123 4121 4296 4297 
f 4124 4123 4297 4298 
f 4125 4124 4298 4299 
f 4126 4125 4299 4300 
f 4127 4119 4294 4301 
f 4128 4129 4303 4302 
f 4129 4127 4301 4303 
f 4130 4128 4302 4304 
f 4113 4117 4292 4289 
s 2
f 4133 31 17 4289 
f 4135 4133 4289 4292 
f 4139 4136 4295 4300 
f 4136 4140 4294 4295 
f 4143 4139 4300 4299 
f 4145 4143 4299 4298 
f 4147 4145 4298 4297 
f 4149 4147 4297 4296 
f 4151 4149 4296 4290 
f 15 4151 4290 4291 
f 4156 4153 4304 4302 
f 4153 4157 4293 4304 
f 4157 4135 4292 4293 
f 4160 4156 4302 4303 
f 4162 4160 4303 4301 
f 4140 4162 4301 4294 
s 1
f 4120 4126 4300 4295 
f 4118 4130 4304 4293 
s 2
f 4131 4132 4305 34 
f 4132 4134 4306 4305 
f 4137 4138 4308 4307 
f 4141 4137 4307 4309 
f 4138 4142 4310 4308 
f 4142 4144 4311 4310 
f 4144 4146 4312 4311 
f 4146 4148 4313 4312 
f 4148 4150 4314 4313 
f 4150 4152 4315 4314 
f 4154 4155 4317 4316 
f 4158 4154 4316 4318 
f 4134 4158 4318 4306 
f 4155 4159 4319 4317 
f 4159 4161 4320 4319 
f 4161 4141 4309 4320 
s 1
f 4164 4163 34 4305 
f 4165 4164 4305 4306 
f 4167 4166 4307 4308 
f 4166 4168 4309 4307 
f 4169 4167 4308 4310 
f 4170 4169 4310 4311 
f 4171 4170 4311 4312 
f 4172 4171 4312 4313 
f 4173 4172 4313 4314 
f 1780 4173 4314 4315 
f 4175 4174 4316 4317 
f 4174 4176 4318 4316 
f 4176 4165 4306 4318 
f 4177 4175 4317 4319 
f 4178 4177 4319 4320 
f 4168 4178 4320 4309 
f 4321 4324 4323 4322 
f 4325 4328 4327 4326 
f 4329 4332 4331 4330 
f 4333 4334 4332 4329 
f 4335 4336 4334 4333 
f 4337 4338 4336 4335 
f 4339 4342 4341 4340 
f 4340 4341 4338 4337 
f 4343 4344 4328 4325 
f 4345 4346 4324 4321 
f 4322 4323 4344 4343 
f 4326 4327 4348 4347 
f 4349 4350 4342 4339 
f 4347 4348 4350 4349 
f 3928 4321 4322 3927 
f 3932 4325 4326 3931 
f 3936 4329 4330 3935 
f 3938 4333 4329 3936 
f 3940 4335 4333 3938 
f 3942 4337 4335 3940 
f 3951 4339 4340 3945 
f 3945 4340 4337 3942 
f 3947 4343 4325 3932 
f 1560 4345 4321 3928 
f 3927 4322 4343 3947 
f 3931 4326 4347 3950 
f 3952 4349 4339 3951 
f 3950 4347 4349 3952 
f 4324 3957 3954 4323 
f 4328 3961 3958 4327 
f 4332 3964 3962 4331 
f 4334 3966 3964 4332 
f 4336 3968 3966 4334 
f 4338 3970 3968 4336 
f 4342 3974 3971 4341 
f 4341 3971 3970 4338 
f 4344 3976 3961 4328 
f 4346 13 3957 4324 
f 4323 3954 3976 4344 
f 4327 3958 3978 4348 
f 4350 3981 3974 4342 
f 4348 3978 3981 4350 
s 2
f 4351 4354 4353 4352 
f 4355 4358 4357 4356 
f 4359 4362 4361 4360 
f 4362 4364 4363 4361 
f 4364 4366 4365 4363 
f 4367 4370 4369 4368 
f 4366 4367 4368 4365 
f 4358 4372 4371 4357 
f 4354 4374 4373 4353 
f 4372 4351 4352 4371 
f 4375 4355 4356 4376 
f 4370 4378 4377 4369 
f 4378 4375 4376 4377 
s 1
f 4379 4382 4381 4380 
f 3648 3605 4381 4383 
f 4384 4386 4385 
f 3561 3648 4387 3562 
f 4388 2920 4390 4389 
f 4391 4393 35 4392 
f 1 1986 4394 2888 
f 2461 2584 2586 2460 
f 2846 2839 2840 2845 
f 2940 2935 2868 2871 
f 2887 2888 4394 2892 
f 4395 4396 2938 2941 
f 1986 4398 4397 4394 
f 4399 4400 2954 2951 
f 2956 2957 4402 4401 
f 2960 2961 4404 4403 
f 2966 4406 4405 2965 
f 3000 3001 4408 4407 
f 3007 3008 4410 4409 
f 3011 3012 4410 4411 
f 3015 3016 4412 4411 
f 3019 3020 4412 4413 
f 3023 3024 4415 4414 
f 3027 3028 4415 4416 
f 3031 3032 4418 4417 
f 3035 3031 4417 4416 
f 3037 3038 4419 4413 
f 3032 3040 4419 4418 
f 3043 672 36 4407 
f 4400 4399 4421 4420 
f 3044 3045 4402 4422 
f 3048 3049 4404 4401 
f 3052 3053 4405 4406 
f 3054 3055 4408 4403 
f 3012 3058 4409 4410 
f 3008 3015 4411 4410 
f 3020 3011 4411 4412 
f 3016 3037 4413 4412 
f 3028 690 4414 4415 
f 3024 3035 4416 4415 
f 3061 3062 4417 4418 
f 3062 3027 4416 4417 
f 3040 3019 4413 4419 
f 3038 3061 4418 4419 
f 3065 3000 4407 36 
f 4423 4424 4420 4421 
f 4425 4428 4427 4426 
f 4429 4432 4431 4430 
f 4433 4436 4435 4434 
f 4437 4438 4436 4433 
f 4439 2850 4441 4440 
f 4439 4444 4443 4442 
f 4445 4447 4446 2918 
f 4448 4451 4450 4449 
f 4449 4450 4453 4452 
f 4382 4379 4454 4441 
f 4379 4456 4455 4454 
f 4457 4460 4459 4458 
f 2789 2786 4461 2756 
f 2755 4463 4462 2760 
f 2789 4465 4464 2788 
f 4466 4469 4468 4467 
f 2759 4471 4470 2811 
f 2820 2828 4472 2819 
f 2820 2821 4473 2830 
f 2819 4472 4475 4474 
f 4476 4479 4478 4477 
f 2836 4481 4480 2841 
f 2845 4483 4482 2844 
f 2850 4439 4442 2849 
f 2920 4388 4484 2919 
f 2965 3058 3059 2964 
f 2798 3006 3007 3053 
f 2920 2917 4485 4390 
f 4393 4486 2076 35 
f 2840 4487 4483 2845 
f 4405 4409 3058 2965 
f 3053 3007 4409 4405 
f 2850 2847 4382 4441 
f 4454 4488 4440 4441 
f 2844 4482 4490 4489 
f 2500 4492 4491 2499 
f 2499 4491 4493 2503 
f 2503 4493 4494 2505 
f 2589 4495 4492 2500 
f 2590 4496 4495 2589 
f 2591 2656 4496 2590 
f 2838 4497 4478 2837 
f 2864 4499 4498 2863 
f 2886 4501 4500 2885 
f 4502 4505 4504 4503 
f 4506 4432 4429 4507 
f 4508 4481 2836 2837 
f 2496 4509 2491 2492 
f 2508 2509 4510 2511 
f 2511 4510 4511 2514 
f 2514 4511 4512 2516 
f 2516 4512 4509 2496 
f 4492 4514 4513 4491 
f 4491 4513 4515 4493 
f 4493 4515 4516 4494 
f 4495 4518 4517 
f 4496 4519 4518 4495 
f 2656 2654 4519 4496 
f 4497 4520 4477 4478 
f 4499 4522 4521 4498 
f 4501 4524 4523 4500 
f 2493 2545 2495 2492 
f 2507 2588 2505 4494 
f 2508 2512 2588 2507 
f 4525 2519 2545 2493 
f 4526 2518 2519 4525 
f 4527 2524 2522 4528 
f 4529 2526 2524 4527 
f 4530 2528 2526 4529 
f 4531 2530 2528 4530 
f 4532 2532 2530 4531 
f 4533 2534 2532 4532 
f 4534 2536 2534 4533 
f 4535 2538 2536 4534 
f 4536 2540 2538 4535 
f 2643 2542 2540 4536 
f 2644 2544 2542 2643 
f 4528 2522 2518 4526 
f 2656 2591 2592 2655 
f 2932 4502 4503 2931 
f 4428 4506 4507 4427 
f 4479 4508 2837 4478 
f 2506 2507 4494 4516 
f 4537 4525 2493 2494 
f 4538 4526 4525 4537 
f 4539 4527 4528 4540 
f 4541 4529 4527 4539 
f 4542 4530 4529 4541 
f 4543 4531 4530 4542 
f 4544 4532 4531 4543 
f 4545 4533 4532 4544 
f 4546 4534 4533 4545 
f 4547 4535 4534 4546 
f 4548 4536 4535 4547 
f 2642 2643 4536 4548 
f 4540 4528 4526 4538 
f 2642 2639 2641 
f 4520 2831 2832 4477 
f 4477 2832 4549 4476 
f 4426 2950 2947 4425 
f 4522 2857 2858 4521 
f 4550 4552 4551 2930 
f 4524 2879 2880 4523 
f 2638 4554 4553 2640 
f 2636 4555 4554 2638 
f 2634 4556 4555 2636 
f 2632 4557 4556 2634 
f 2630 4558 4557 2632 
f 2593 4560 4559 2596 
f 2614 4562 4561 2597 
f 2596 4559 4563 2616 
f 2612 4564 4562 2614 
f 2609 4565 4564 2612 
f 4566 4567 2609 
f 4568 4569 4567 4566 
f 4570 4571 4569 4568 
f 2834 4572 4474 2833 
f 2860 4574 4573 2859 
f 2882 4576 4575 2881 
f 4577 4579 4551 4578 
f 2949 4581 4580 2948 
f 4582 4549 2832 2833 
f 2943 2944 4584 4583 
f 2595 2494 2491 2594 
f 2594 2491 4509 2598 
f 4514 4517 4586 4585 
f 2602 4515 4513 2601 
f 2604 4516 4515 2602 
f 2606 2506 4516 2604 
f 2608 2509 2506 2606 
f 2610 4510 2509 2608 
f 2611 4511 4510 2610 
f 2613 4512 4511 2611 
f 2598 4509 4512 2613 
f 2615 4537 2494 2595 
f 2617 4538 4537 2615 
f 2621 4539 4540 2620 
f 2623 4541 4539 2621 
f 2625 4542 4541 2623 
f 2627 4543 4542 2625 
f 2629 4544 4543 2627 
f 2631 4545 4544 2629 
f 2633 4546 4545 2631 
f 2635 4547 4546 2633 
f 2637 4548 4547 2635 
f 2639 2642 4548 2637 
f 2620 4540 4538 2617 
f 4587 4519 2654 4588 
f 4589 4518 4519 4587 
f 4588 2654 25 4590 
f 4591 4594 4593 4592 
f 2684 2685 4596 4595 
f 4597 2738 2739 4598 
f 4599 2742 2743 4600 
f 2749 4602 4601 2748 
f 2753 4604 4603 2752 
f 2688 2710 2745 2691 
f 2685 4606 4605 4596 
f 2708 2692 2741 2744 
f 2683 2675 2676 2682 
f 2691 4599 4607 2690 
f 4595 2746 2747 2699 
f 2698 2750 2751 2737 
f 2741 2692 2693 2740 
f 2745 2710 2708 2744 
f 2805 4609 4608 2804 
f 2910 4611 4610 2808 
f 2827 4613 4612 2826 
f 2830 4615 4614 2829 
f 2856 4617 4616 2855 
f 2878 4619 4618 2877 
f 4620 4622 4621 2911 
f 4623 4624 2924 2927 
f 4473 4625 4615 2830 
f 4626 4628 4627 4468 
f 4468 4627 4629 4467 
f 4594 2661 2662 4593 
f 4596 2749 2746 4595 
f 2745 2742 4599 2691 
f 4593 2662 4602 4605 
f 2664 4631 4630 2663 
f 2748 2753 2750 2747 
f 2788 4627 4628 2787 
f 2793 2802 2803 2792 
f 2906 2909 2809 2796 
f 4632 4633 2896 2895 
f 4634 4635 2912 2907 
f 4464 4629 4627 2788 
f 2663 4630 4604 4601 
f 2747 2750 2698 2699 
f 2696 2684 4595 2699 
f 2678 2665 2673 2677 
f 2678 2675 4607 2679 
f 2811 4615 4625 2810 
f 2813 4612 4613 2812 
f 2914 2925 4616 2815 
f 2225 4636 4618 2817 
f 4637 4638 2928 2915 
f 4470 4614 4615 2811 
f 2743 2738 4597 4600 
f 2744 2741 2738 2743 
f 4598 4640 4639 2667 
f 2672 4630 4631 2671 
f 2666 2669 2670 2674 
f 2701 2697 2698 2737 
f 2740 2736 4641 2739 
f 2752 4640 4641 2751 
f 2757 4465 2789 2756 
f 2761 2754 2755 2760 
f 2765 2790 2791 2764 
f 2769 2762 2763 2768 
f 2773 4642 2908 2772 
f 2777 2770 2771 2776 
f 2781 4643 2893 2780 
f 2785 2778 2779 2784 
f 4644 4645 2905 2901 
f 4646 4647 2916 2904 
f 4461 4463 2755 2756 
f 4462 4471 2759 2760 
f 2739 4641 4640 4598 
f 2672 2669 4639 4603 
f 2751 4641 2736 2737 
f 2693 2700 2736 2740 
f 2694 2703 2700 2693 
f 2702 2717 2697 2701 
f 4648 4650 4649 2898 
f 2645 2649 2648 
f 4585 4586 4652 4651 
f 4571 4570 4654 4653 
f 4653 4654 4656 4655 
f 4558 2630 2628 4657 
f 4658 2618 2616 4563 
f 4560 2593 2597 4561 
f 4659 2619 2618 4658 
f 4660 2624 2622 4661 
f 4657 2628 2626 4662 
f 4662 2626 2624 4660 
f 4661 2622 2619 4659 
f 4663 4577 4578 2934 
f 4475 4582 2833 4474 
f 4554 4664 2713 4553 
f 4555 4665 4664 4554 
f 4556 4666 4665 4555 
f 4557 4667 4666 4556 
f 4558 2723 4667 4557 
f 4560 2727 4668 4559 
f 4562 4669 2726 4561 
f 4559 4668 2724 4563 
f 4564 4670 4669 4562 
f 4565 4671 4670 4564 
f 4672 4673 4671 4565 
f 4674 4675 4673 4672 
f 4676 2719 4675 4674 
f 4572 2818 2819 4474 
f 4574 2851 2852 4573 
f 4576 2873 2874 4575 
f 4581 2824 2825 4580 
f 4517 4514 4492 4495 
f 4517 4518 4589 4586 
f 4586 4589 2652 4652 
f 2648 4588 4590 2647 
f 2650 4587 4588 2648 
f 2652 4589 4587 2650 
f 2652 2653 2946 4652 
f 2408 4678 4677 2407 
f 2407 4677 4679 2410 
f 2410 4679 4680 2412 
f 2412 4680 4681 2414 
f 2414 4681 4682 2416 
f 2416 4682 4683 2418 
f 2418 4683 4684 2420 
f 2420 4684 4685 2422 
f 2422 4685 4686 2424 
f 2424 4686 4687 2426 
f 2426 4687 4688 2428 
f 2428 4688 4689 2430 
f 2430 4689 4690 2432 
f 2432 4690 4691 2434 
f 2438 4693 4692 2437 
f 2440 4694 4693 2438 
f 2442 4695 4694 2440 
f 2444 4696 4695 2442 
f 2446 4697 4696 2444 
f 2448 4698 4697 2446 
f 2450 4699 4698 2448 
f 2452 4700 4699 2450 
f 2454 4701 4700 2452 
f 2456 4702 4701 2454 
f 2458 4703 4702 2456 
f 2659 2660 4703 2458 
f 2434 4691 21 2463 
f 2437 4692 4678 2408 
f 2659 2461 2459 2658 
f 4704 2843 2844 4489 
f 4490 4705 4455 4489 
f 4706 4708 2942 4707 
f 4709 2939 2872 4710 
f 4711 2891 4397 4712 
f 4712 4397 4398 37 
f 4713 4434 4435 4714 
f 2549 2464 2465 2548 
f 2548 2465 2466 2551 
f 2551 2466 2467 2553 
f 2553 2467 2468 2555 
f 2555 2468 2469 2557 
f 2557 2469 2470 2559 
f 2559 2470 2471 2561 
f 2561 2471 2472 2562 
f 2562 2472 2473 2563 
f 2563 2473 2474 2564 
f 2564 2474 2475 2565 
f 2565 2475 2476 2567 
f 2567 2476 2477 2569 
f 2569 2477 2478 2571 
f 2573 2520 2517 2572 
f 2572 2517 2521 2574 
f 2574 2521 2523 2575 
f 2575 2523 2525 2576 
f 2576 2525 2527 2577 
f 2577 2527 2529 2578 
f 2578 2529 2531 2579 
f 2579 2531 2533 2580 
f 2580 2533 2535 2581 
f 2581 2535 2537 2582 
f 2582 2537 2539 2583 
f 2583 2539 2541 2585 
f 2585 2541 2543 2587 
f 2571 2478 23 24 
f 2549 2546 2520 2573 
f 2842 2835 2836 2841 
f 2936 4715 4504 2867 
f 2890 2883 2884 2889 
f 4716 2861 2862 2937 
f 4431 4438 4437 4430 
f 4480 4487 2840 2841 
f 4717 4626 4468 4469 
f 4609 4719 4718 4608 
f 4611 4721 4720 4610 
f 4622 4723 4722 4621 
f 4724 3006 2798 2799 
f 2780 4726 4725 2779 
f 2784 4728 4727 2783 
f 2783 4727 2225 2817 
f 2875 4729 2314 2874 
f 2877 2315 4729 2875 
f 2881 4731 4730 2880 
f 2885 4732 2316 2884 
f 2889 2317 1 2888 
f 2893 4643 4632 2895 
f 2896 4633 4648 2898 
f 4500 2318 4732 2885 
f 4523 4733 2318 4500 
f 2880 4730 4733 4523 
f 4575 2319 4731 2881 
f 4618 4636 2315 2877 
f 2896 2 529 2895 
f 4618 4619 2816 2817 
f 2893 2894 4726 2780 
f 2779 4725 4728 2784 
f 2874 2314 2319 4575 
f 2884 2316 2317 2889 
f 4734 2897 2898 4649 
f 3985 38 2320 3984 
f 4735 3990 3991 4736 
s 2
f 4737 4359 4360 4738 
s 1
f 2987 2967 4740 4739 
f 2970 2971 4742 4741 
f 2976 2974 18 4743 
f 2978 2976 4743 4744 
f 2980 2978 4744 4745 
f 2982 2980 4745 4746 
f 2986 2983 4748 4747 
f 2983 2982 4746 4748 
f 2991 2970 4741 4749 
f 2990 2987 4739 19 
f 2967 2991 4749 4740 
f 2971 2994 4750 4742 
f 2998 2986 4747 4751 
f 2994 2998 4751 4750 
f 3983 3984 4753 4752 
f 3987 3988 4755 4754 
f 3991 3992 4757 4756 
f 3992 3994 4758 4757 
f 3994 3996 4759 4758 
f 3999 4000 4761 4760 
f 3996 3999 4760 4759 
f 3988 4002 4762 4755 
f 4002 3983 4752 4762 
f 4005 3987 4754 4763 
f 4000 4006 4764 4761 
f 4006 4005 4763 4764 
s 2
f 4354 4351 4752 4753 
f 4352 4353 4739 4740 
f 4358 4355 4754 4755 
f 4356 4357 4741 4742 
f 4362 4359 4756 4757 
f 4360 4361 4744 4743 
f 4364 4362 4757 4758 
f 4361 4363 4745 4744 
f 4366 4364 4758 4759 
f 4363 4365 4746 4745 
f 4370 4367 4760 4761 
f 4368 4369 4747 4748 
f 4367 4366 4759 4760 
f 4365 4368 4748 4746 
f 4372 4358 4755 4762 
f 4357 4371 4749 4741 
f 4374 4354 4753 20 
f 4353 4373 19 4739 
f 4351 4372 4762 4752 
f 4371 4352 4740 4749 
f 4355 4375 4763 4754 
f 4376 4356 4742 4750 
f 4378 4370 4761 4764 
f 4369 4377 4751 4747 
f 4375 4378 4764 4763 
f 4377 4376 4750 4751 
s 1
f 3984 2320 20 4753 
f 4736 3991 4756 2347 
s 2
f 4359 4737 2347 4756 
f 4738 4360 4743 18 
s 1
f 2963 2964 3005 3003 
f 2964 3059 3004 3005 
f 3059 3013 2996 3004 
f 3013 3010 2995 2996 
f 3010 3021 2997 2995 
f 3021 3018 2985 2997 
f 3018 3041 2984 2985 
f 3041 3033 2981 2984 
f 3033 3030 2979 2981 
f 3030 3034 2977 2979 
f 3034 3025 2975 2977 
f 3025 3022 609 2975 
f 3 3042 2988 2989 
f 3042 3056 2969 2988 
f 3057 3050 2993 2968 
f 3051 3046 2973 2992 
f 4424 4423 3003 4765 
f 4766 4706 4707 4767 
f 4768 4709 4710 4769 
f 4451 4711 4712 4450 
f 4450 4712 37 4453 
f 4457 4770 4460 
f 4463 4461 2765 2762 
f 4461 2786 2790 2765 
f 2786 2787 2793 2790 
f 2787 4628 2802 2793 
f 4628 4626 2805 2802 
f 4626 4717 4609 2805 
f 4717 2800 4719 4609 
f 4622 4620 2804 4608 
f 4620 4635 2803 2804 
f 4635 4634 2792 2803 
f 4634 4642 2791 2792 
f 4642 2773 2764 2791 
f 2773 2770 2763 2764 
f 2770 2777 2768 2763 
f 2777 2774 2767 2768 
f 2774 2814 2813 2767 
f 2814 4617 4612 2813 
f 4617 2856 2826 4612 
f 2856 2854 2822 2826 
f 2854 2851 2825 2822 
f 2851 4574 4580 2825 
f 4574 2860 2948 4580 
f 2860 2857 2947 2948 
f 2857 4522 4425 2947 
f 4522 4499 4428 4425 
f 4499 2864 4506 4428 
f 2864 2861 4432 4506 
f 2861 4716 4431 4432 
f 4716 4396 4438 4431 
f 4396 4395 4436 4438 
f 4395 4708 4435 4436 
f 4708 4706 4714 4435 
f 4706 4766 4460 4714 
f 4766 4444 4459 4460 
f 4439 4440 4458 4459 
f 4440 4488 4457 4458 
f 4488 4705 4770 4457 
f 4490 4482 4434 4713 
f 4482 4483 4433 4434 
f 4483 4487 4437 4433 
f 4487 4480 4430 4437 
f 4480 4481 4429 4430 
f 4481 4508 4507 4429 
f 4508 4479 4427 4507 
f 4479 4476 4426 4427 
f 4476 4549 2950 4426 
f 4549 4582 2949 2950 
f 4582 4475 4581 2949 
f 4475 4472 2824 4581 
f 4472 2828 2823 2824 
f 2828 2829 2827 2823 
f 2829 4614 4613 2827 
f 4614 4470 2812 4613 
f 4470 4471 2766 2812 
f 4471 4462 2769 2766 
f 4462 4463 2762 2769 
f 4721 2955 2962 4720 
f 4723 4771 2958 4722 
f 4723 4622 4608 4718 
f 2800 4717 4469 2799 
f 2800 2801 2952 4719 
f 2954 4772 4771 2953 
f 2952 2801 3052 2951 
f 4400 4422 4772 2954 
f 2951 3052 4406 4399 
f 4399 4406 2966 4421 
f 4420 3044 4422 4400 
f 4424 3047 3044 4420 
f 4421 2966 2963 4423 
f 4423 2963 3003 
f 4765 2972 3047 4424 
f 2953 4771 4723 4718 
f 2952 2953 4718 4719 
f 4765 3003 2971 
f 4773 2959 3002 4774 
f 4775 2999 3066 2359 
f 2943 4652 2946 
f 2945 2732 2729 2944 
f 2944 2729 4776 4584 
f 4655 4778 4777 4653 
f 4653 4777 4676 4571 
f 4571 4676 4674 4569 
f 4569 4674 4672 4567 
f 4567 4672 4565 2609 
f 4652 2943 4583 4651 
f 2600 4656 4654 2599 
f 2599 4654 4570 2603 
f 2603 4570 4568 2605 
f 2605 4568 4566 2607 
f 2607 4566 2609 
f 4592 4606 2720 4779 
f 4779 2720 2721 4780 
f 4776 4778 4655 4584 
f 4584 4655 4656 4583 
f 4583 4656 2600 4651 
f 4651 2600 2601 4585 
f 4585 2601 4513 4514 
f 2799 4469 4466 4724 
f 2705 4591 4592 
f 2705 4592 4779 2704 
f 2704 4779 4780 2730 
f 2719 4676 4777 2718 
f 2718 4777 4778 2721 
f 2723 4558 4657 2722 
f 2725 4658 4563 2724 
f 2727 4560 4561 2726 
f 2728 4659 4658 2725 
f 2734 4660 4661 2733 
f 2722 4657 4662 2735 
f 2735 4662 4660 2734 
f 2733 4661 4659 2728 
f 4665 2715 2712 4664 
f 4667 2714 4666 
f 2723 2711 2714 4667 
f 2727 2702 2703 4668 
f 4669 2716 2717 2726 
f 4668 2703 2694 2724 
f 4670 2716 4669 
f 4671 2716 4670 
f 4673 2687 2716 4671 
f 4675 2687 4673 
f 2719 2687 4675 
f 2721 4778 4776 4780 
f 4780 4776 2729 2730 
f 2731 2707 2704 2730 
f 4664 2712 2713 
f 2668 4597 4598 2667 
f 2679 4600 4597 2668 
f 2690 2683 2680 2689 
f 2689 2680 2712 2715 
f 4602 2662 2663 4601 
f 4604 4630 2672 4603 
f 4606 4592 4593 4605 
f 4607 2675 2683 2690 
f 4602 2749 4596 4605 
f 4604 2753 2748 4601 
f 4607 4599 4600 2679 
f 4639 2669 2666 2667 
f 4639 4640 2752 4603 
f 4606 2685 2686 2720 
f 4665 4666 2714 2715 
f 4645 4644 2781 2778 
f 4644 2794 4643 2781 
f 2794 2795 4632 4643 
f 2795 2806 4633 4632 
f 2806 2807 4648 4633 
f 2807 4781 4650 4648 
f 4781 4773 4774 4650 
f 4775 2359 4734 4649 
f 2892 2870 2865 2887 
f 2865 2866 2890 2887 
f 2866 4505 2883 2890 
f 4505 4502 2886 2883 
f 4502 2932 4501 2886 
f 2932 2929 4524 4501 
f 2929 4579 2879 4524 
f 4579 4577 2882 2879 
f 4577 4663 4576 2882 
f 4663 4782 2873 4576 
f 4782 4624 2876 2873 
f 4624 4623 2878 2876 
f 4623 4638 4619 2878 
f 4638 4637 2816 4619 
f 4637 4647 2782 2816 
f 4647 4646 2785 2782 
f 4646 4645 2778 2785 
f 4452 2076 4486 4449 
f 4486 4485 4448 4449 
f 4783 4784 4711 4451 
f 4784 2869 2891 4711 
f 2892 4394 4397 2891 
f 4444 4766 4767 4443 
f 4447 4768 4769 4446 
f 4785 4783 4451 4448 
f 4444 4439 4459 
f 2461 2659 2458 2457 
f 2457 2490 2584 2461 
f 3002 2959 2960 3001 
f 3056 3042 3043 3055 
f 3001 2960 4403 4408 
f 3055 3043 4407 4408 
f 3056 3057 2968 2969 
f 3002 2999 4775 4774 
f 4774 4775 4649 4650 
f 2967 2987 2988 2969 
f 3863 4786 1434 
f 27 3865 1434 
f 2846 2843 2459 2460 
f 2843 4704 2658 2459 
f 4704 4456 2657 2658 
f 3606 3604 4703 2660 
f 3604 3602 4702 4703 
f 3602 3600 4701 4702 
f 3600 3598 4700 4701 
f 3598 3596 4699 4700 
f 3596 3594 4698 4699 
f 3594 3592 4697 4698 
f 3592 3590 4696 4697 
f 3590 3588 4695 4696 
f 3588 3586 4694 4695 
f 3586 3584 4693 4694 
f 3584 3579 4692 4693 
f 3579 3580 4678 4692 
f 3580 3607 4677 4678 
f 3607 3610 4679 4677 
f 3610 3611 4680 4679 
f 3611 3614 4681 4680 
f 3614 3615 4682 4681 
f 3615 3617 4683 4682 
f 3617 3619 4684 4683 
f 3619 3621 4685 4684 
f 3621 3623 4686 4685 
f 3623 3625 4687 4686 
f 3625 3627 4688 4687 
f 3627 3630 4689 4688 
f 3630 3632 4690 4689 
f 3632 3633 4691 4690 
f 3633 26 21 4691 
f 2646 3060 3029 2645 
f 3029 3026 2649 2645 
f 3026 3063 2651 2649 
f 3063 3064 2653 2651 
f 3064 3039 2946 2653 
f 3039 3036 2945 2946 
f 3036 3017 2732 2945 
f 3017 3014 2731 2732 
f 3014 3009 2707 2731 
f 3009 3006 2706 2707 
f 3006 4724 2705 2706 
f 4724 4466 4591 2705 
f 4466 4467 4594 4591 
f 4467 4629 2661 4594 
f 4629 4464 2664 2661 
f 4464 4465 4631 2664 
f 4465 2757 2671 4631 
f 2757 2754 2670 2671 
f 2754 2761 2674 2670 
f 2761 2758 2673 2674 
f 2758 2810 2677 2673 
f 2810 4625 2676 2677 
f 4625 4473 2682 2676 
f 4473 2821 2681 2682 
f 2821 2818 2713 2681 
f 2818 4572 4553 2713 
f 4572 2834 2640 4553 
f 2834 2831 2639 2640 
f 2831 4520 2641 2639 
f 4520 4497 2644 2641 
f 4497 2838 2544 2644 
f 2838 2835 2543 2544 
f 2835 2842 2587 2543 
f 2842 2839 2586 2587 
f 2839 2846 2460 2586 
f 4456 4704 4489 4455 
f 4705 4488 4454 4455 
f 4770 4713 4714 4460 
f 4705 4490 4713 4770 
f 4456 4379 4380 2657 
f 4381 3605 3606 4380 
f 4381 4382 2847 4383 
f 4380 3606 2660 2657 
f 4390 4393 4391 4389 
f 4485 4486 4393 4390 
f 4485 2917 4785 4448 
f 4787 4385 4386 
f 33 4250 4251 4268 
f 4271 4251 4253 4273 
f 4273 4253 4255 4275 
f 4275 4255 4203 4264 
f 4183 4184 4264 
f 3131 3132 3664 3665 
f 3132 3161 3695 3664 
f 3161 3162 3694 3695 
f 3162 3165 3698 3694 
f 3165 3167 3700 3698 
f 3167 3169 3702 3700 
f 3169 3171 3704 3702 
f 3171 3173 3706 3704 
f 3173 3175 3708 3706 
f 3175 3177 3710 3708 
f 3177 3179 3712 3710 
f 3179 3181 3714 3712 
f 3181 3183 3716 3714 
f 3183 3185 3718 3716 
f 3185 3187 4122 3718 
f 3187 872 4114 4122 
f 1559 3929 4789 4788 
f 3929 3926 4190 4789 
f 3926 3948 4192 4190 
f 3948 3933 4191 4192 
f 3933 3930 4193 4191 
f 3930 3949 4194 4193 
f 3949 3953 4185 4194 
f 3953 3946 4184 4185 
f 3946 3944 4277 4184 
f 3944 3943 4276 4277 
f 3943 3941 4274 4276 
f 3941 3939 4272 4274 
f 3939 3937 4270 4272 
f 3937 3934 4269 4270 
f 1341 3245 3159 3691 
f 3159 3158 3689 3691 
f 3158 3155 3687 3689 
f 3155 3153 3685 3687 
f 3153 3151 3683 3685 
f 3151 3149 3681 3683 
f 3149 3147 3679 3681 
f 3147 3145 3677 3679 
f 3145 3144 3675 3677 
f 3144 3141 3673 3675 
f 3141 3139 3671 3673 
f 3139 3137 3669 3671 
f 3137 3136 3667 3669 
f 3136 3131 3665 3667 
f 4251 4271 4268 
f 3754 3757 3760 3753 
f 3754 3751 4790 3756 
f 3756 4790 4791 3763 
f 3767 3791 29 3766 
f 3794 4792 4082 3793 
f 3796 4793 4792 3794 
f 3798 4794 4793 3796 
f 3800 4795 4794 3798 
f 3802 4796 4795 3800 
f 3804 4797 4796 3802 
f 3806 4798 4797 3804 
f 3808 4799 4798 3806 
f 3763 4791 4799 3808 
f 4016 4014 3752 3753 
f 4027 4022 4023 4026 
f 4030 4028 4022 4027 
f 4033 4031 4028 4030 
f 4036 4034 4031 4033 
f 4039 4037 4034 4036 
f 4042 4040 4037 4039 
f 4045 4043 4040 4042 
f 4048 4046 4043 4045 
f 4051 4049 4046 4048 
f 4054 4052 4049 4051 
f 3767 3764 4052 4054 
f 4026 4023 4014 4016 
f 32 4788 4789 4187 
f 4187 4789 4190 4189 
f 3793 4082 4083 4189 
f 3925 4186 4083 3924 
f 28 4188 4186 3925 
f 4010 3814 3815 4009 
f 4013 4790 3751 4009 
f 4015 3820 3814 4010 
f 4019 4791 4790 4013 
f 22 4786 3863 4021 
f 4025 3830 3831 4024 
f 4029 3836 3830 4025 
f 4032 3839 3836 4029 
f 4035 3842 3839 4032 
f 4038 3845 3842 4035 
f 4041 3848 3845 4038 
f 4044 3851 3848 4041 
f 4047 3854 3851 4044 
f 4050 3857 3854 4047 
f 4053 3860 3857 4050 
f 4021 3863 3860 4053 
f 4024 3831 3820 4015 
f 4060 4082 4792 4059 
f 4059 4792 4793 4063 
f 4063 4793 4794 4066 
f 4066 4794 4795 4069 
f 4069 4795 4796 4072 
f 4072 4796 4797 4075 
f 4075 4797 4798 4078 
f 4078 4798 4799 4081 
f 4081 4799 4791 4019 
f 4060 3866 3864 3924 
f 3955 3956 4801 4800 
f 3959 3960 4803 4802 
f 1576 3963 4805 4804 
f 3963 3965 4806 4805 
f 3965 3967 4807 4806 
f 3967 3969 4808 4807 
f 3972 3973 4810 4809 
f 3969 3972 4809 4808 
f 3960 3975 4811 4803 
f 3956 3977 4812 4801 
f 3975 3955 4800 4811 
f 3979 3959 4802 4813 
f 3973 3980 4814 4810 
f 3980 3979 4813 4814 
f 3985 3982 4800 4801 
f 3989 3986 4802 4803 
f 3993 3990 4805 4806 
f 3995 3993 4806 4807 
f 3997 3995 4807 4808 
f 4001 3998 4809 4810 
f 3998 3997 4808 4809 
f 4003 3989 4803 4811 
f 3982 4003 4811 4800 
f 3986 4004 4813 4802 
f 4007 4001 4810 4814 
f 4004 4007 4814 4813 
f 38 3985 4801 4812 
f 3990 4735 4804 4805 
f 3247 3248 3070 3067 
f 3248 3250 3072 3070 
f 3250 3252 3074 3072 
f 3252 3254 3075 3074 
f 3254 3256 3078 3075 
f 3256 3258 3080 3078 
f 3258 3260 3082 3080 
f 3260 3262 3084 3082 
f 3262 3264 3086 3084 
f 3264 3266 3088 3086 
f 3266 3268 3090 3088 
f 3268 3270 3092 3090 
f 3270 3272 3094 3092 
f 3272 3274 3096 3094 
f 3274 4 39 3096 
f 931 3303 3124 753 
f 3303 3301 3122 3124 
f 3301 3299 3120 3122 
f 3299 3297 3118 3120 
f 3297 3295 3116 3118 
f 3295 3293 3114 3116 
f 3293 3291 3112 3114 
f 3291 3289 3110 3112 
f 3289 3287 3108 3110 
f 3287 3285 3106 3108 
f 3285 3283 3104 3106 
f 3283 3281 3102 3104 
f 3281 3279 3100 3102 
f 3279 3277 3098 3100 
f 3277 3247 3067 3098 
f 2772 2900 2902 2771 
f 2776 2903 2913 2775 
f 2775 2913 2914 2815 
f 2849 4816 4815 2848 
f 2853 2921 2922 2852 
f 2855 2926 2921 2853 
f 2859 4817 4552 2858 
f 2863 4818 4715 2862 
f 2908 4642 4634 2907 
f 2912 4635 4620 2911 
f 2938 4396 4716 2937 
f 2942 4708 4395 2941 
f 2958 4771 4772 2957 
f 3046 3051 3048 3045 
f 2938 2935 2940 2941 
f 2957 4772 4422 4402 
f 3045 3048 4401 4402 
f 4443 4447 4445 4442 
f 4442 4445 4816 2849 
f 4498 4819 4818 2863 
f 4521 4550 4819 4498 
f 2858 4552 4550 4521 
f 4573 2933 4817 2859 
f 4616 2925 2926 2855 
f 4621 4611 2910 2911 
f 2912 2909 2906 2907 
f 4616 4617 2814 2815 
f 2908 2899 2900 2772 
f 2771 2902 2903 2776 
f 2852 2922 2933 4573 
f 2942 2939 4709 4707 
f 2862 4715 2936 2937 
f 4722 4721 4611 4621 
f 3046 3047 2972 2973 
f 4707 4709 4768 4767 
f 2958 2955 4721 4722 
f 4767 4768 4447 4443 
f 2970 2991 2992 2973 
f 2972 4765 2971 
f 2797 2899 2906 2796 
f 2809 2909 2910 2808 
f 2868 2935 2936 2867 
f 2872 2939 2940 2871 
f 2797 2794 4644 2901 
f 2905 4645 4646 2904 
f 2916 4647 4637 2915 
f 2919 4816 4445 2918 
f 2924 4624 4782 2923 
f 2928 4638 4623 2927 
f 2931 4819 4550 2930 
f 2923 4782 4663 2934 
f 2962 2955 2956 2961 
f 3050 3057 3054 3049 
f 2868 2865 2870 2871 
f 2961 2956 4401 4404 
f 3049 3054 4403 4404 
f 4446 4785 2917 2918 
f 4484 4815 4816 2919 
f 4504 4715 4818 4503 
f 4503 4818 4819 2931 
f 4551 4579 2929 2930 
f 4551 4552 4817 4578 
f 4610 4781 2807 2808 
f 2924 2921 2926 2927 
f 2809 2806 2795 2796 
f 2928 2925 2914 2915 
f 2905 2902 2900 2901 
f 2916 2913 2903 2904 
f 4578 4817 2933 2934 
f 2872 2869 4784 4710 
f 4504 4505 2866 2867 
f 4720 4773 4781 4610 
f 3050 3051 2992 2993 
f 4710 4784 4783 4769 
f 2962 2959 4773 4720 
f 4769 4783 4785 4446 
f 2991 2967 2968 2993 
f 2848 4815 4820 4387 
f 4815 4484 4821 4820 
f 4484 4388 4822 4821 
f 4388 4389 4787 4822 
f 4389 4391 4385 4787 
f 4391 4392 4384 4385 
f 1183 3563 4386 4384 
f 3563 3562 4386 
f 2847 2848 4387 4383 
f 4277 4275 4264 4184 
f 3471 3335 3332 3469 
f 3516 3517 3519 3518 
f 3471 3516 3518 3470 
f 3517 3562 3563 3519 
f 3562 4387 4820 
f 3562 4820 4821 
f 3562 4821 4822 
f 3562 4822 4787 4386 
f 4387 3648 4383 
f 959 961 960 2401 
f 3331 3332 3335 
f 4824 4917 4823 
f 4825 4882 4883 4826 
f 4826 4883 4884 4827 
f 4827 4884 4885 4828 
f 4828 4885 4886 4829 
f 4829 4886 4917 4824 
f 3817 4906 4830 
f 4832 4922 4921 4831 
f 4833 4923 4922 4832 
f 4834 4924 4923 4833 
f 4835 4925 4924 4834 
f 4830 4906 4925 4835 
f 4837 1799 1796 4836 
f 4838 1801 1799 4837 
f 4839 1810 1812 4840 
f 4840 1812 1814 4841 
f 4841 1814 1816 4842 
f 4842 1816 1818 4843 
f 4843 1818 1801 4838 
f 4836 1796 1820 4844 
f 4844 1820 1822 4845 
f 4846 1825 4223 4869 
f 4848 1829 1826 4847 
f 4847 1826 1830 4849 
f 4849 1830 1832 4850 
f 4850 1832 1834 4851 
f 4851 1834 1836 4852 
f 4852 1836 1838 4853 
f 4853 1838 1840 4854 
f 4854 1840 1842 4855 
f 4855 1842 1844 4856 
f 4856 1844 1846 4857 
f 4857 1846 1825 4846 
f 4845 1822 1829 4848 
f 4859 4195 4196 4858 
f 4858 4196 4199 4860 
f 4862 4211 4209 4861 
f 4863 4213 4211 4862 
f 4864 4215 4213 4863 
f 4865 4217 4215 4864 
f 4860 4199 4217 4865 
f 4866 4219 4195 4859 
f 4867 4221 4219 4866 
f 4869 4223 4224 4868 
f 4871 4227 4228 4870 
f 4872 4231 4227 4871 
f 4873 4233 4231 4872 
f 4874 4235 4233 4873 
f 4875 4237 4235 4874 
f 4876 4239 4237 4875 
f 4877 4241 4239 4876 
f 4878 4243 4241 4877 
f 4879 4245 4243 4878 
f 4880 4247 4245 4879 
f 4868 4224 4247 4880 
f 4870 4228 4221 4867 
f 1856 1808 1810 4839 
f 1878 4902 4882 4825 
f 4831 4921 4912 3876 
f 4861 4209 4207 4259 
f 4900 1884 1883 4899 
f 4899 1883 1885 4901 
f 4901 1885 1886 4902 
f 4913 4285 1887 4903 
f 4903 1887 1888 4904 
f 4904 1888 1889 4905 
f 4905 1889 1884 4900 
f 4910 4282 4281 4909 
f 4911 4283 4282 4910 
f 4912 4284 4283 4911 
f 4914 4286 4285 4913 
f 4915 4287 4286 4914 
f 4916 4288 4287 4915 
f 4909 4281 4288 4916 
f 4823 4837 4836 4881 
f 4917 1443 4823 
f 4882 1494 1497 4883 
f 4883 1497 1500 4884 
f 4884 1500 1503 4885 
f 4885 1503 1506 4886 
f 4886 1506 1443 4917 
f 4881 4836 4844 4887 
f 4887 4844 4845 4888 
f 4918 4846 4869 4928 
f 4919 4848 4847 4889 
f 4889 4847 4849 4890 
f 4890 4849 4850 4891 
f 4891 4850 4851 4892 
f 4892 4851 4852 4893 
f 4893 4852 4853 4894 
f 4894 4853 4854 4895 
f 4895 4854 4855 4896 
f 4896 4855 4856 4897 
f 4897 4856 4857 4898 
f 4898 4857 4846 4918 
f 4888 4845 4848 4919 
f 4920 4859 4858 3817 
f 3817 3824 4906 
f 4922 3882 3879 4921 
f 4923 3885 3882 4922 
f 4924 3888 3885 4923 
f 4925 3891 3888 4924 
f 4906 3824 3891 4925 
f 4926 4866 4859 4920 
f 4927 4867 4866 4926 
f 4928 4869 4868 4907 
f 4929 4871 4870 4908 
f 4930 4872 4871 4929 
f 4931 4873 4872 4930 
f 4932 4874 4873 4931 
f 4933 4875 4874 4932 
f 4934 4876 4875 4933 
f 4935 4877 4876 4934 
f 4936 4878 4877 4935 
f 4937 4879 4878 4936 
f 4938 4880 4879 4937 
f 4907 4868 4880 4938 
f 4908 4870 4867 4927 
f 4902 1886 1494 4882 
f 4921 3879 4284 4912 
f 6031 4939 4967 
f 4939 4940 4968 4967 
f 4940 4941 4969 4968 
f 4941 4942 4970 4969 
f 4942 4943 4971 4970 
f 4943 4944 4972 4971 
f 4944 4945 4973 4972 
f 4945 4946 4974 4973 
f 4946 4947 4975 4974 
f 4947 4948 4976 4975 
f 4948 4949 4977 4976 
f 4949 4950 4978 4977 
f 7310 7373 7374 7309 
f 4951 4952 4980 4979 
f 4952 4953 4981 4980 
f 7438 7501 7502 7437 
f 4954 4955 4983 4982 
f 4955 4956 4984 4983 
f 4956 4957 4985 4984 
f 4957 4958 4986 4985 
f 4958 4959 4987 4986 
s 2
f 4959 4960 4988 4987 
f 4960 4961 4989 4988 
f 7630 7693 7694 7629 
f 6734 6741 6743 6738 
s 1
f 6740 6747 6749 6744 
f 6746 4962 4990 6750 
f 4962 4963 4991 4990 
f 4963 4964 4992 4991 
f 4964 4965 4993 4992 
f 4965 4966 4994 4993 
f 4967 4995 6031 
f 4967 4968 4996 4995 
f 4968 4969 4997 4996 
f 4969 4970 4998 4997 
f 4970 4971 4999 4998 
f 4971 4972 5000 4999 
f 4972 4973 5001 5000 
f 4973 4974 5002 5001 
f 4974 4975 5003 5002 
f 4975 4976 5004 5003 
f 4976 4977 5005 5004 
f 4977 4978 5006 5005 
f 7309 7374 7375 7372 
f 4979 4980 5008 5007 
f 4980 4981 5009 5008 
f 7437 7502 7503 7500 
f 4982 4983 5011 5010 
f 4983 4984 5012 5011 
f 4984 4985 5013 5012 
f 4985 4986 5014 5013 
f 4986 4987 5015 5014 
s 2
f 4987 4988 5016 5015 
f 4988 4989 5017 5016 
f 7629 7694 7695 7692 
f 6738 6743 6755 6753 
s 1
f 6744 6749 6758 6756 
f 6750 4990 5018 6759 
f 4990 4991 5019 5018 
f 4991 4992 5020 5019 
f 4992 4993 5021 5020 
f 4993 4994 5022 5021 
f 6031 4995 5023 
f 4995 4996 5024 5023 
f 4996 4997 5025 5024 
f 4997 4998 5026 5025 
f 4998 4999 5027 5026 
f 4999 5000 5028 5027 
f 5000 5001 5029 5028 
f 5001 5002 5030 5029 
f 5002 5003 5031 5030 
f 5003 5004 5032 5031 
f 5004 5005 5033 5032 
f 5005 5006 5034 5033 
f 7372 7375 7376 7371 
f 5007 5008 5036 5035 
f 5008 5009 5037 5036 
f 7500 7503 7504 7499 
f 5010 5011 5039 5038 
f 5011 5012 5040 5039 
f 5012 5013 5041 5040 
f 5013 5014 5042 5041 
f 5014 5015 5043 5042 
s 2
f 5015 5016 5044 5043 
f 5016 5017 5045 5044 
f 7692 7695 7696 7691 
f 6753 6755 6764 6762 
s 1
f 6756 6758 6767 6765 
f 6759 5018 5046 6768 
f 5018 5019 5047 5046 
f 5019 5020 5048 5047 
f 5020 5021 5049 5048 
f 5021 5022 5050 5049 
f 5023 5051 6031 
f 5023 5024 5052 5051 
f 5024 5025 5053 5052 
f 5025 5026 5054 5053 
f 5026 5027 5055 5054 
f 5027 5028 5056 5055 
f 5028 5029 5057 5056 
f 5029 5030 5058 5057 
f 5030 5031 5059 5058 
f 5031 5032 5060 5059 
f 5032 5033 5061 5060 
f 5033 5034 5062 5061 
f 7371 7376 7377 7370 
f 5035 5036 5064 5063 
f 5036 5037 5065 5064 
f 7499 7504 7505 7498 
f 5038 5039 5067 5066 
f 5039 5040 5068 5067 
f 5040 5041 5069 5068 
f 5041 5042 5070 5069 
f 5042 5043 5071 5070 
s 2
f 5043 5044 5072 5071 
f 5044 5045 5073 5072 
f 7691 7696 7697 7690 
f 6762 6764 6773 6771 
s 1
f 6765 6767 6776 6774 
f 6768 5046 5074 6777 
f 5046 5047 5075 5074 
f 5047 5048 5076 5075 
f 5048 5049 5077 5076 
f 5049 5050 5078 5077 
f 6031 5051 5079 
f 5051 5052 5080 5079 
f 5052 5053 5081 5080 
f 5053 5054 5082 5081 
f 5054 5055 5083 5082 
f 5055 5056 5084 5083 
f 5056 5057 5085 5084 
f 5057 5058 5086 5085 
f 5058 5059 5087 5086 
f 5059 5060 5088 5087 
f 5060 5061 5089 5088 
f 5061 5062 5090 5089 
f 7370 7377 7378 7369 
f 5063 5064 5092 5091 
f 5064 5065 5093 5092 
f 7498 7505 7506 7497 
f 5066 5067 5095 5094 
f 5067 5068 5096 5095 
f 5068 5069 5097 5096 
f 5069 5070 5098 5097 
f 5070 5071 5099 5098 
s 2
f 5071 5072 5100 5099 
f 5072 5073 5101 5100 
f 7690 7697 7698 7689 
f 6771 6773 6782 6780 
s 1
f 6774 6776 6785 6783 
f 6777 5074 5102 6786 
f 5074 5075 5103 5102 
f 5075 5076 5104 5103 
f 5076 5077 5105 5104 
f 5077 5078 5106 5105 
f 5079 5107 6031 
f 5079 5080 5108 5107 
f 5080 5081 5109 5108 
f 5081 5082 5110 5109 
f 5082 5083 5111 5110 
f 5083 5084 5112 5111 
f 5084 5085 5113 5112 
f 5085 5086 5114 5113 
f 5086 5087 5115 5114 
f 5087 5088 5116 5115 
f 5088 5089 5117 5116 
f 5089 5090 5118 5117 
f 7369 7378 7379 7368 
f 5091 5092 5120 5119 
f 5092 5093 5121 5120 
f 7497 7506 7507 7496 
f 5094 5095 5123 5122 
f 5095 5096 5124 5123 
f 5096 5097 5125 5124 
f 5097 5098 5126 5125 
f 5098 5099 5127 5126 
s 2
f 5099 5100 5128 5127 
f 5100 5101 5129 5128 
f 7689 7698 7699 7688 
f 6780 6782 6791 6789 
s 1
f 6783 6785 6794 6792 
f 6786 5102 5130 6795 
f 5102 5103 5131 5130 
f 5103 5104 5132 5131 
f 5104 5105 5133 5132 
f 5105 5106 5134 5133 
f 5107 5135 6031 
f 5107 5108 5136 5135 
f 5108 5109 5137 5136 
f 5109 5110 5138 5137 
f 5110 5111 5139 5138 
f 5111 5112 5140 5139 
f 5112 5113 5141 5140 
f 5113 5114 5142 5141 
f 5114 5115 5143 5142 
f 5115 5116 5144 5143 
f 5116 5117 5145 5144 
f 5117 5118 5146 5145 
f 7368 7379 7380 7367 
f 5119 5120 5148 5147 
f 5120 5121 5149 5148 
f 7496 7507 7508 7495 
f 5122 5123 5151 5150 
f 5123 5124 5152 5151 
f 5124 5125 5153 5152 
f 5125 5126 5154 5153 
f 5126 5127 5155 5154 
s 2
f 5127 5128 5156 5155 
f 5128 5129 5157 5156 
f 7688 7699 7700 7687 
f 6789 6791 6800 6798 
s 1
f 6792 6794 6803 6801 
f 6795 5130 5158 6804 
f 5130 5131 5159 5158 
f 5131 5132 5160 5159 
f 5132 5133 5161 5160 
f 5133 5134 5162 5161 
f 6031 5135 5163 
f 5135 5136 5164 5163 
f 5136 5137 5165 5164 
f 5137 5138 5166 5165 
f 5138 5139 5167 5166 
f 5139 5140 5168 5167 
f 5140 5141 5169 5168 
f 5141 5142 5170 5169 
f 5142 5143 5171 5170 
f 5143 5144 5172 5171 
f 5144 5145 5173 5172 
f 5145 5146 5174 5173 
f 7367 7380 7381 7366 
f 5147 5148 5176 5175 
f 5148 5149 5177 5176 
f 7495 7508 7509 7494 
f 5150 5151 5179 5178 
f 5151 5152 5180 5179 
f 5152 5153 5181 5180 
f 5153 5154 5182 5181 
f 5154 5155 5183 5182 
s 2
f 5155 5156 5184 5183 
f 5156 5157 5185 5184 
f 7687 7700 7701 7686 
f 6798 6800 6809 6807 
s 1
f 6801 6803 6812 6810 
f 6804 5158 5186 6813 
f 5158 5159 5187 5186 
f 5159 5160 5188 5187 
f 5160 5161 5189 5188 
f 5161 5162 5190 5189 
f 5163 5191 6031 
f 5163 5164 5192 5191 
f 5164 5165 5193 5192 
f 5165 5166 5194 5193 
f 5166 5167 5195 5194 
f 5167 5168 5196 5195 
f 5168 5169 5197 5196 
f 5169 5170 5198 5197 
f 5170 5171 5199 5198 
f 5171 5172 5200 5199 
f 5172 5173 5201 5200 
f 5173 5174 5202 5201 
f 7366 7381 7382 7365 
f 5175 5176 5204 5203 
f 5176 5177 5205 5204 
f 7494 7509 7510 7493 
f 5178 5179 5207 5206 
f 5179 5180 5208 5207 
f 5180 5181 5209 5208 
f 5181 5182 5210 5209 
f 5182 5183 5211 5210 
s 2
f 5183 5184 5212 5211 
f 5184 5185 5213 5212 
f 7686 7701 7702 7685 
f 6807 6809 6818 6816 
s 1
f 6810 6812 6821 6819 
f 6813 5186 5214 6822 
f 5186 5187 5215 5214 
f 5187 5188 5216 5215 
f 5188 5189 5217 5216 
f 5189 5190 5218 5217 
f 6031 5191 5219 
f 5191 5192 5220 5219 
f 5192 5193 5221 5220 
f 5193 5194 5222 5221 
f 5194 5195 5223 5222 
f 5195 5196 5224 5223 
f 5196 5197 5225 5224 
f 5197 5198 5226 5225 
f 5198 5199 5227 5226 
f 5199 5200 5228 5227 
f 5200 5201 5229 5228 
f 5201 5202 5230 5229 
f 7365 7382 7383 7364 
f 5203 5204 5232 5231 
f 5204 5205 5233 5232 
f 7493 7510 7511 7492 
f 5206 5207 5235 5234 
f 5207 5208 5236 5235 
f 5208 5209 5237 5236 
f 5209 5210 5238 5237 
f 5210 5211 5239 5238 
s 2
f 5211 5212 5240 5239 
f 5212 5213 5241 5240 
f 7685 7702 7703 7684 
f 6816 6818 6827 6825 
s 1
f 6819 6821 6830 6828 
f 6822 5214 5242 6831 
f 5214 5215 5243 5242 
f 5215 5216 5244 5243 
f 5216 5217 5245 5244 
f 5217 5218 5246 5245 
f 5219 5247 6031 
f 5219 5220 5248 5247 
f 5220 5221 5249 5248 
f 5221 5222 5250 5249 
f 5222 5223 5251 5250 
f 5223 5224 5252 5251 
f 5224 5225 5253 5252 
f 5225 5226 5254 5253 
f 5226 5227 5255 5254 
f 5227 5228 5256 5255 
f 5228 5229 5257 5256 
f 5229 5230 5258 5257 
f 7364 7383 7384 7363 
f 5231 5232 5260 5259 
f 5232 5233 5261 5260 
f 7492 7511 7512 7491 
f 5234 5235 5263 5262 
f 5235 5236 5264 5263 
f 5236 5237 5265 5264 
f 5237 5238 5266 5265 
f 5238 5239 5267 5266 
s 2
f 5239 5240 5268 5267 
f 5240 5241 5269 5268 
f 7684 7703 7704 7683 
f 6825 6827 6836 6834 
s 1
f 6828 6830 6839 6837 
f 6831 5242 5270 6840 
f 5242 5243 5271 5270 
f 5243 5244 5272 5271 
f 5244 5245 5273 5272 
f 5245 5246 5274 5273 
f 6031 5247 5275 
f 5247 5248 5276 5275 
f 5248 5249 5277 5276 
f 5249 5250 5278 5277 
f 5250 5251 5279 5278 
f 5251 5252 5280 5279 
f 5252 5253 5281 5280 
f 5253 5254 5282 5281 
f 5254 5255 5283 5282 
f 5255 5256 5284 5283 
f 5256 5257 5285 5284 
f 5257 5258 5286 5285 
f 7363 7384 7385 7362 
f 5259 5260 5288 5287 
f 5260 5261 5289 5288 
f 7491 7512 7513 7490 
f 5262 5263 5291 5290 
f 5263 5264 5292 5291 
f 5264 5265 5293 5292 
f 5265 5266 5294 5293 
f 5266 5267 5295 5294 
s 2
f 5267 5268 5296 5295 
f 5268 5269 5297 5296 
f 7683 7704 7705 7682 
f 6834 6836 6845 6843 
s 1
f 6837 6839 6848 6846 
f 6840 5270 5298 6849 
f 5270 5271 5299 5298 
f 5271 5272 5300 5299 
f 5272 5273 5301 5300 
f 5273 5274 5302 5301 
f 5275 5303 6031 
f 5275 5276 5304 5303 
f 5276 5277 5305 5304 
f 5277 5278 5306 5305 
f 5278 5279 5307 5306 
f 5279 5280 5308 5307 
f 5280 5281 5309 5308 
f 5281 5282 5310 5309 
f 5282 5283 5311 5310 
f 5283 5284 5312 5311 
f 5284 5285 5313 5312 
f 5285 5286 5314 5313 
f 7362 7385 7386 7361 
f 5287 5288 5316 5315 
f 5288 5289 5317 5316 
f 7490 7513 7514 7489 
f 5290 5291 5319 5318 
f 5291 5292 5320 5319 
f 5292 5293 5321 5320 
f 5293 5294 5322 5321 
f 5294 5295 5323 5322 
s 2
f 5295 5296 5324 5323 
f 5296 5297 5325 5324 
f 7682 7705 7706 7681 
f 6843 6845 6854 6852 
s 1
f 6846 6848 6857 6855 
f 6849 5298 5326 6858 
f 5298 5299 5327 5326 
f 5299 5300 5328 5327 
f 5300 5301 5329 5328 
f 5301 5302 5330 5329 
f 6031 5303 5331 
f 5303 5304 5332 5331 
f 5304 5305 5333 5332 
f 5305 5306 5334 5333 
f 5306 5307 5335 5334 
f 5307 5308 5336 5335 
f 5308 5309 5337 5336 
f 5309 5310 5338 5337 
f 5310 5311 5339 5338 
f 5311 5312 5340 5339 
f 5312 5313 5341 5340 
f 5313 5314 5342 5341 
f 7361 7386 7387 7360 
f 5315 5316 5344 5343 
f 5316 5317 5345 5344 
f 7489 7514 7515 7488 
f 5318 5319 5347 5346 
f 5319 5320 5348 5347 
f 5320 5321 5349 5348 
f 5321 5322 5350 5349 
f 5322 5323 5351 5350 
s 2
f 5323 5324 5352 5351 
f 5324 5325 5353 5352 
f 7681 7706 7707 7680 
f 6852 6854 6863 6861 
s 1
f 6855 6857 6866 6864 
f 6858 5326 5354 6867 
f 5326 5327 5355 5354 
f 5327 5328 5356 5355 
f 5328 5329 5357 5356 
f 5329 5330 5358 5357 
f 5331 5359 6031 
f 5331 5332 5360 5359 
f 5332 5333 5361 5360 
f 5333 5334 5362 5361 
f 5334 5335 5363 5362 
f 5335 5336 5364 5363 
f 5336 5337 5365 5364 
f 5337 5338 5366 5365 
f 5338 5339 5367 5366 
f 5339 5340 5368 5367 
f 5340 5341 5369 5368 
f 5341 5342 5370 5369 
f 7360 7387 7388 7359 
f 5343 5344 5372 5371 
f 5344 5345 5373 5372 
f 7488 7515 7516 7487 
f 5346 5347 5375 5374 
f 5347 5348 5376 5375 
f 5348 5349 5377 5376 
f 5349 5350 5378 5377 
f 5350 5351 5379 5378 
s 2
f 5351 5352 5380 5379 
f 5352 5353 5381 5380 
f 7680 7707 7708 7679 
f 6861 6863 6872 6870 
s 1
f 6864 6866 6875 6873 
f 6867 5354 5382 6876 
f 5354 5355 5383 5382 
f 5355 5356 5384 5383 
f 5356 5357 5385 5384 
f 5357 5358 5386 5385 
f 6031 5359 5387 
f 5359 5360 5388 5387 
f 5360 5361 5389 5388 
f 5361 5362 5390 5389 
f 5362 5363 5391 5390 
f 5363 5364 5392 5391 
f 5364 5365 5393 5392 
f 5365 5366 5394 5393 
f 5366 5367 5395 5394 
f 5367 5368 5396 5395 
f 5368 5369 5397 5396 
f 5369 5370 5398 5397 
f 7359 7388 7389 7358 
f 5371 5372 5400 5399 
f 5372 5373 5401 5400 
f 7487 7516 7517 7486 
f 5374 5375 5403 5402 
f 5375 5376 5404 5403 
f 5376 5377 5405 5404 
f 5377 5378 5406 5405 
f 5378 5379 5407 5406 
s 2
f 5379 5380 5408 5407 
f 5380 5381 5409 5408 
f 7679 7708 7709 7678 
f 6870 6872 6881 6879 
s 1
f 6873 6875 6884 6882 
f 6876 5382 5410 6885 
f 5382 5383 5411 5410 
f 5383 5384 5412 5411 
f 5384 5385 5413 5412 
f 5385 5386 5414 5413 
f 5387 5415 6031 
f 5387 5388 5416 5415 
f 5388 5389 5417 5416 
f 5389 5390 5418 5417 
f 5390 5391 5419 5418 
f 5391 5392 5420 5419 
f 5392 5393 5421 5420 
f 5393 5394 5422 5421 
f 5394 5395 5423 5422 
f 5395 5396 5424 5423 
f 5396 5397 5425 5424 
f 5397 5398 5426 5425 
f 7358 7389 7390 7357 
f 5399 5400 5428 5427 
f 5400 5401 5429 5428 
f 7486 7517 7518 7485 
f 5402 5403 5431 5430 
f 5403 5404 5432 5431 
f 5404 5405 5433 5432 
f 5405 5406 5434 5433 
f 5406 5407 5435 5434 
s 2
f 5407 5408 5436 5435 
f 5408 5409 5437 5436 
f 7678 7709 7710 7677 
f 6879 6881 6890 6888 
s 1
f 6882 6884 6893 6891 
f 6885 5410 5438 6894 
f 5410 5411 5439 5438 
f 5411 5412 5440 5439 
f 5412 5413 5441 5440 
f 5413 5414 5442 5441 
f 6031 5415 5443 
f 5415 5416 5444 5443 
f 5416 5417 5445 5444 
f 5417 5418 5446 5445 
f 5418 5419 5447 5446 
f 5419 5420 5448 5447 
f 5420 5421 5449 5448 
f 5421 5422 5450 5449 
f 5422 5423 5451 5450 
f 5423 5424 5452 5451 
f 5424 5425 5453 5452 
f 5425 5426 5454 5453 
f 7357 7390 7391 7356 
f 5427 5428 5456 5455 
f 5428 5429 5457 5456 
f 7485 7518 7519 7484 
f 5430 5431 5459 5458 
f 5431 5432 5460 5459 
f 5432 5433 5461 5460 
f 5433 5434 5462 5461 
f 5434 5435 5463 5462 
s 2
f 5435 5436 5464 5463 
f 5436 5437 5465 5464 
f 7677 7710 7711 7676 
f 6888 6890 6899 6897 
s 1
f 6891 6893 6902 6900 
f 6894 5438 5466 6903 
f 5438 5439 5467 5466 
f 5439 5440 5468 5467 
f 5440 5441 5469 5468 
f 5441 5442 5470 5469 
f 5443 5471 6031 
f 5443 5444 5472 5471 
f 5444 5445 5473 5472 
f 5445 5446 5474 5473 
f 5446 5447 5475 5474 
f 5447 5448 5476 5475 
f 5448 5449 5477 5476 
f 5449 5450 5478 5477 
f 5450 5451 5479 5478 
f 5451 5452 5480 5479 
f 5452 5453 5481 5480 
f 5453 5454 5482 5481 
f 7356 7391 7392 7355 
f 5455 5456 5484 5483 
f 5456 5457 5485 5484 
f 7484 7519 7520 7483 
f 5458 5459 5487 5486 
f 5459 5460 5488 5487 
f 5460 5461 5489 5488 
f 5461 5462 5490 5489 
f 5462 5463 5491 5490 
s 2
f 5463 5464 5492 5491 
f 5464 5465 5493 5492 
f 7676 7711 7712 7675 
f 6897 6899 6908 6906 
s 1
f 6900 6902 6911 6909 
f 6903 5466 5494 6912 
f 5466 5467 5495 5494 
f 5467 5468 5496 5495 
f 5468 5469 5497 5496 
f 5469 5470 5498 5497 
f 6031 5471 5499 
f 5471 5472 5500 5499 
f 5472 5473 5501 5500 
f 5473 5474 5502 5501 
f 5474 5475 5503 5502 
f 5475 5476 5504 5503 
f 5476 5477 5505 5504 
f 5477 5478 5506 5505 
f 5478 5479 5507 5506 
f 5479 5480 5508 5507 
f 5480 5481 5509 5508 
f 5481 5482 5510 5509 
f 7355 7392 7393 7354 
f 5483 5484 5512 5511 
f 5484 5485 5513 5512 
f 7483 7520 7521 7482 
f 5486 5487 5515 5514 
f 5487 5488 5516 5515 
f 5488 5489 5517 5516 
f 5489 5490 5518 5517 
f 5490 5491 5519 5518 
s 2
f 5491 5492 5520 5519 
f 5492 5493 5521 5520 
f 7675 7712 7713 7674 
f 6906 6908 6917 6915 
s 1
f 6909 6911 6920 6918 
f 6912 5494 5522 6921 
f 5494 5495 5523 5522 
f 5495 5496 5524 5523 
f 5496 5497 5525 5524 
f 5497 5498 5526 5525 
f 5499 5527 6031 
f 5499 5500 5528 5527 
f 5500 5501 5529 5528 
f 5501 5502 5530 5529 
f 5502 5503 5531 5530 
f 5503 5504 5532 5531 
f 5504 5505 5533 5532 
f 5505 5506 5534 5533 
f 5506 5507 5535 5534 
f 5507 5508 5536 5535 
f 5508 5509 5537 5536 
f 5509 5510 5538 5537 
f 7354 7393 7394 7353 
f 5511 5512 5540 5539 
f 5512 5513 5541 5540 
f 7482 7521 7522 7481 
f 5514 5515 5543 5542 
f 5515 5516 5544 5543 
f 5516 5517 5545 5544 
f 5517 5518 5546 5545 
f 5518 5519 5547 5546 
s 2
f 5519 5520 5548 5547 
f 5520 5521 5549 5548 
f 7674 7713 7714 7673 
f 6915 6917 6926 6924 
s 1
f 6918 6920 6929 6927 
f 6921 5522 5550 6930 
f 5522 5523 5551 5550 
f 5523 5524 5552 5551 
f 5524 5525 5553 5552 
f 5525 5526 5554 5553 
f 6031 5527 5555 
f 5527 5528 5556 5555 
f 5528 5529 5557 5556 
f 5529 5530 5558 5557 
f 5530 5531 5559 5558 
f 5531 5532 5560 5559 
f 5532 5533 5561 5560 
f 5533 5534 5562 5561 
f 5534 5535 5563 5562 
f 5535 5536 5564 5563 
f 5536 5537 5565 5564 
f 5537 5538 5566 5565 
f 7353 7394 7395 7352 
f 5539 5540 5568 5567 
f 5540 5541 5569 5568 
f 7481 7522 7523 7480 
f 5542 5543 5571 5570 
f 5543 5544 5572 5571 
f 5544 5545 5573 5572 
f 5545 5546 5574 5573 
f 5546 5547 5575 5574 
s 2
f 5547 5548 5576 5575 
f 5548 5549 5577 5576 
f 7673 7714 7715 7672 
f 6924 6926 6935 6933 
s 1
f 6927 6929 6938 6936 
f 6930 5550 5578 6939 
f 5550 5551 5579 5578 
f 5551 5552 5580 5579 
f 5552 5553 5581 5580 
f 5553 5554 5582 5581 
f 5555 5583 6031 
f 5555 5556 5584 5583 
f 5556 5557 5585 5584 
f 5557 5558 5586 5585 
f 5558 5559 5587 5586 
f 5559 5560 5588 5587 
f 5560 5561 5589 5588 
f 5561 5562 5590 5589 
f 5562 5563 5591 5590 
f 5563 5564 5592 5591 
f 5564 5565 5593 5592 
f 5565 5566 5594 5593 
f 7352 7395 7396 7351 
f 5567 5568 5596 5595 
f 5568 5569 5597 5596 
f 7480 7523 7524 7479 
f 5570 5571 5599 5598 
f 5571 5572 5600 5599 
f 5572 5573 5601 5600 
f 5573 5574 5602 5601 
f 5574 5575 5603 5602 
s 2
f 5575 5576 5604 5603 
f 5576 5577 5605 5604 
f 7672 7715 7716 7671 
f 6933 6935 6944 6942 
s 1
f 6936 6938 6947 6945 
f 6939 5578 5606 6948 
f 5578 5579 5607 5606 
f 5579 5580 5608 5607 
f 5580 5581 5609 5608 
f 5581 5582 5610 5609 
f 6031 5583 5611 
f 5583 5584 5612 5611 
f 5584 5585 5613 5612 
f 5585 5586 5614 5613 
f 5586 5587 5615 5614 
f 5587 5588 5616 5615 
f 5588 5589 5617 5616 
f 5589 5590 5618 5617 
f 5590 5591 5619 5618 
f 5591 5592 5620 5619 
f 5592 5593 5621 5620 
f 5593 5594 5622 5621 
f 7351 7396 7397 7350 
f 5595 5596 5624 5623 
f 5596 5597 5625 5624 
f 7479 7524 7525 7478 
f 5598 5599 5627 5626 
f 5599 5600 5628 5627 
f 5600 5601 5629 5628 
f 5601 5602 5630 5629 
f 5602 5603 5631 5630 
s 2
f 5603 5604 5632 5631 
f 5604 5605 5633 5632 
f 7671 7716 7717 7670 
f 6942 6944 6953 6951 
s 1
f 6945 6947 6956 6954 
f 6948 5606 5634 6957 
f 5606 5607 5635 5634 
f 5607 5608 5636 5635 
f 5608 5609 5637 5636 
f 5609 5610 5638 5637 
f 5611 5639 6031 
f 5611 5612 5640 5639 
f 5612 5613 5641 5640 
f 5613 5614 5642 5641 
f 5614 5615 5643 5642 
f 5615 5616 5644 5643 
f 5616 5617 5645 5644 
f 5617 5618 5646 5645 
f 5618 5619 5647 5646 
f 5619 5620 5648 5647 
f 5620 5621 5649 5648 
f 5621 5622 5650 5649 
f 7350 7397 7398 7349 
f 5623 5624 5652 5651 
f 5624 5625 5653 5652 
f 7478 7525 7526 7477 
f 5626 5627 5655 5654 
f 5627 5628 5656 5655 
f 5628 5629 5657 5656 
f 5629 5630 5658 5657 
f 5630 5631 5659 5658 
s 2
f 5631 5632 5660 5659 
f 5632 5633 5661 5660 
f 7670 7717 7718 7669 
f 6951 6953 6962 6960 
s 1
f 6954 6956 6965 6963 
f 6957 5634 5662 6966 
f 5634 5635 5663 5662 
f 5635 5636 5664 5663 
f 5636 5637 5665 5664 
f 5637 5638 5666 5665 
f 6031 5639 5667 
f 5639 5640 5668 5667 
f 5640 5641 5669 5668 
f 5641 5642 5670 5669 
f 5642 5643 5671 5670 
f 5643 5644 5672 5671 
f 5644 5645 5673 5672 
f 5645 5646 5674 5673 
f 5646 5647 5675 5674 
f 5647 5648 5676 5675 
f 5648 5649 5677 5676 
f 5649 5650 5678 5677 
f 7349 7398 7399 7348 
f 5651 5652 5680 5679 
f 5652 5653 5681 5680 
f 7477 7526 7527 7476 
f 5654 5655 5683 5682 
f 5655 5656 5684 5683 
f 5656 5657 5685 5684 
f 5657 5658 5686 5685 
f 5658 5659 5687 5686 
s 2
f 5659 5660 5688 5687 
f 5660 5661 5689 5688 
f 7669 7718 7719 7668 
f 6960 6962 6971 6969 
s 1
f 6963 6965 6974 6972 
f 6966 5662 5690 6975 
f 5662 5663 5691 5690 
f 5663 5664 5692 5691 
f 5664 5665 5693 5692 
f 5665 5666 5694 5693 
f 5667 5695 6031 
f 5667 5668 5696 5695 
f 5668 5669 5697 5696 
f 5669 5670 5698 5697 
f 5670 5671 5699 5698 
f 5671 5672 5700 5699 
f 5672 5673 5701 5700 
f 5673 5674 5702 5701 
f 5674 5675 5703 5702 
f 5675 5676 5704 5703 
f 5676 5677 5705 5704 
f 5677 5678 5706 5705 
f 7348 7399 7400 7347 
f 5679 5680 5708 5707 
f 5680 5681 5709 5708 
f 7476 7527 7528 7475 
f 5682 5683 5711 5710 
f 5683 5684 5712 5711 
f 5684 5685 5713 5712 
f 5685 5686 5714 5713 
f 5686 5687 5715 5714 
s 2
f 5687 5688 5716 5715 
f 5688 5689 5717 5716 
f 7668 7719 7720 7667 
f 6969 6971 6980 6978 
s 1
f 6972 6974 6983 6981 
f 6975 5690 5718 6984 
f 5690 5691 5719 5718 
f 5691 5692 5720 5719 
f 5692 5693 5721 5720 
f 5693 5694 5722 5721 
f 6031 5695 5723 
f 5695 5696 5724 5723 
f 5696 5697 5725 5724 
f 5697 5698 5726 5725 
f 5698 5699 5727 5726 
f 5699 5700 5728 5727 
f 5700 5701 5729 5728 
f 5701 5702 5730 5729 
f 5702 5703 5731 5730 
f 5703 5704 5732 5731 
f 5704 5705 5733 5732 
f 5705 5706 5734 5733 
f 7347 7400 7401 7346 
f 5707 5708 5736 5735 
f 5708 5709 5737 5736 
f 7475 7528 7529 7474 
f 5710 5711 5739 5738 
f 5711 5712 5740 5739 
f 5712 5713 5741 5740 
f 5713 5714 5742 5741 
f 5714 5715 5743 5742 
s 2
f 5715 5716 5744 5743 
f 5716 5717 5745 5744 
f 7667 7720 7721 7666 
f 6978 6980 6989 6987 
s 1
f 6981 6983 6992 6990 
f 6984 5718 5746 6993 
f 5718 5719 5747 5746 
f 5719 5720 5748 5747 
f 5720 5721 5749 5748 
f 5721 5722 5750 5749 
f 5723 5751 6031 
f 5723 5724 5752 5751 
f 5724 5725 5753 5752 
f 5725 5726 5754 5753 
f 5726 5727 5755 5754 
f 5727 5728 5756 5755 
f 5728 5729 5757 5756 
f 5729 5730 5758 5757 
f 5730 5731 5759 5758 
f 5731 5732 5760 5759 
f 5732 5733 5761 5760 
f 5733 5734 5762 5761 
f 7346 7401 7402 7345 
f 5735 5736 5764 5763 
f 5736 5737 5765 5764 
f 7474 7529 7530 7473 
f 5738 5739 5767 5766 
f 5739 5740 5768 5767 
f 5740 5741 5769 5768 
f 5741 5742 5770 5769 
f 5742 5743 5771 5770 
s 2
f 5743 5744 5772 5771 
f 5744 5745 5773 5772 
f 7666 7721 7722 7665 
f 6987 6989 6998 6996 
s 1
f 6990 6992 7001 6999 
f 6993 5746 5774 7002 
f 5746 5747 5775 5774 
f 5747 5748 5776 5775 
f 5748 5749 5777 5776 
f 5749 5750 5778 5777 
f 6031 5751 5779 
f 5751 5752 5780 5779 
f 5752 5753 5781 5780 
f 5753 5754 5782 5781 
f 5754 5755 5783 5782 
f 5755 5756 5784 5783 
f 5756 5757 5785 5784 
f 5757 5758 5786 5785 
f 5758 5759 5787 5786 
f 5759 5760 5788 5787 
f 5760 5761 5789 5788 
f 5761 5762 5790 5789 
f 7345 7402 7403 7344 
f 5763 5764 5792 5791 
f 5764 5765 5793 5792 
f 7473 7530 7531 7472 
f 5766 5767 5795 5794 
f 5767 5768 5796 5795 
f 5768 5769 5797 5796 
f 5769 5770 5798 5797 
f 5770 5771 5799 5798 
s 2
f 5771 5772 5800 5799 
f 5772 5773 5801 5800 
f 7665 7722 7723 7664 
f 6996 6998 7007 7005 
s 1
f 6999 7001 7010 7008 
f 7002 5774 5802 7011 
f 5774 5775 5803 5802 
f 5775 5776 5804 5803 
f 5776 5777 5805 5804 
f 5777 5778 5806 5805 
f 5779 5807 6031 
f 5779 5780 5808 5807 
f 5780 5781 5809 5808 
f 5781 5782 5810 5809 
f 5782 5783 5811 5810 
f 5783 5784 5812 5811 
f 5784 5785 5813 5812 
f 5785 5786 5814 5813 
f 5786 5787 5815 5814 
f 5787 5788 5816 5815 
f 5788 5789 5817 5816 
f 5789 5790 5818 5817 
f 7344 7403 7404 7343 
f 5791 5792 5820 5819 
f 5792 5793 5821 5820 
f 7472 7531 7532 7471 
f 5794 5795 5823 5822 
f 5795 5796 5824 5823 
f 5796 5797 5825 5824 
f 5797 5798 5826 5825 
f 5798 5799 5827 5826 
s 2
f 5799 5800 5828 5827 
f 5800 5801 5829 5828 
f 7664 7723 7724 7663 
f 7005 7007 7016 7014 
s 1
f 7008 7010 7019 7017 
f 7011 5802 5830 7020 
f 5802 5803 5831 5830 
f 5803 5804 5832 5831 
f 5804 5805 5833 5832 
f 5805 5806 5834 5833 
f 6031 5807 5835 
f 5807 5808 5836 5835 
f 5808 5809 5837 5836 
f 5809 5810 5838 5837 
f 5810 5811 5839 5838 
f 5811 5812 5840 5839 
f 5812 5813 5841 5840 
f 5813 5814 5842 5841 
f 5814 5815 5843 5842 
f 5815 5816 5844 5843 
f 5816 5817 5845 5844 
f 5817 5818 5846 5845 
f 7343 7404 7405 7342 
f 5819 5820 5848 5847 
f 5820 5821 5849 5848 
f 7471 7532 7533 7470 
f 5822 5823 5851 5850 
f 5823 5824 5852 5851 
f 5824 5825 5853 5852 
f 5825 5826 5854 5853 
f 5826 5827 5855 5854 
s 2
f 5827 5828 5856 5855 
f 5828 5829 5857 5856 
f 7663 7724 7725 7662 
f 7014 7016 7025 7023 
s 1
f 7017 7019 7028 7026 
f 7020 5830 5858 7029 
f 5830 5831 5859 5858 
f 5831 5832 5860 5859 
f 5832 5833 5861 5860 
f 5833 5834 5862 5861 
f 5835 5863 6031 
f 5835 5836 5864 5863 
f 5836 5837 5865 5864 
f 5837 5838 5866 5865 
f 5838 5839 5867 5866 
f 5839 5840 5868 5867 
f 5840 5841 5869 5868 
f 5841 5842 5870 5869 
f 5842 5843 5871 5870 
f 5843 5844 5872 5871 
f 5844 5845 5873 5872 
f 5845 5846 5874 5873 
f 7342 7405 7406 7341 
f 5847 5848 5876 5875 
f 5848 5849 5877 5876 
f 7470 7533 7534 7469 
f 5850 5851 5879 5878 
f 5851 5852 5880 5879 
f 5852 5853 5881 5880 
f 5853 5854 5882 5881 
f 5854 5855 5883 5882 
s 2
f 5855 5856 5884 5883 
f 5856 5857 5885 5884 
f 7662 7725 7726 7661 
f 7023 7025 7034 7032 
s 1
f 7026 7028 7037 7035 
f 7029 5858 5886 7038 
f 5858 5859 5887 5886 
f 5859 5860 5888 5887 
f 5860 5861 5889 5888 
f 5861 5862 5890 5889 
f 6031 5863 5891 
f 5863 5864 5892 5891 
f 5864 5865 5893 5892 
f 5865 5866 5894 5893 
f 5866 5867 5895 5894 
f 5867 5868 5896 5895 
f 5868 5869 5897 5896 
f 5869 5870 5898 5897 
f 5870 5871 5899 5898 
f 5871 5872 5900 5899 
f 5872 5873 5901 5900 
f 5873 5874 5902 5901 
f 7341 7406 7407 7340 
f 5875 5876 5904 5903 
f 5876 5877 5905 5904 
f 7469 7534 7535 7468 
f 5878 5879 5907 5906 
f 5879 5880 5908 5907 
f 5880 5881 5909 5908 
f 5881 5882 5910 5909 
f 5882 5883 5911 5910 
s 2
f 5883 5884 5912 5911 
f 5884 5885 5913 5912 
f 7661 7726 7727 7660 
f 7032 7034 7043 7041 
s 1
f 7035 7037 7046 7044 
f 7038 5886 5914 7047 
f 5886 5887 5915 5914 
f 5887 5888 5916 5915 
f 5888 5889 5917 5916 
f 5889 5890 5918 5917 
f 5891 5919 6031 
f 5891 5892 5920 5919 
f 5892 5893 5921 5920 
f 5893 5894 5922 5921 
f 5894 5895 5923 5922 
f 5895 5896 5924 5923 
f 5896 5897 5925 5924 
f 5897 5898 5926 5925 
f 5898 5899 5927 5926 
f 5899 5900 5928 5927 
f 5900 5901 5929 5928 
f 5901 5902 5930 5929 
f 7340 7407 7408 7339 
f 5903 5904 5932 5931 
f 5904 5905 5933 5932 
f 7468 7535 7536 7467 
f 5906 5907 5935 5934 
f 5907 5908 5936 5935 
f 5908 5909 5937 5936 
f 5909 5910 5938 5937 
f 5910 5911 5939 5938 
s 2
f 5911 5912 5940 5939 
f 5912 5913 5941 5940 
f 7660 7727 7728 7659 
f 7041 7043 7052 7050 
s 1
f 7044 7046 7055 7053 
f 7047 5914 5942 7056 
f 5914 5915 5943 5942 
f 5915 5916 5944 5943 
f 5916 5917 5945 5944 
f 5917 5918 5946 5945 
f 6031 5919 5947 
f 5919 5920 5948 5947 
f 5920 5921 5949 5948 
f 5921 5922 5950 5949 
f 5922 5923 5951 5950 
f 5923 5924 5952 5951 
f 5924 5925 5953 5952 
f 5925 5926 5954 5953 
f 5926 5927 5955 5954 
f 5927 5928 5956 5955 
f 5928 5929 5957 5956 
f 5929 5930 5958 5957 
f 7339 7408 7409 7338 
f 5931 5932 5960 5959 
f 5932 5933 5961 5960 
f 7467 7536 7537 7466 
f 5934 5935 5963 5962 
f 5935 5936 5964 5963 
f 5936 5937 5965 5964 
f 5937 5938 5966 5965 
f 5938 5939 5967 5966 
s 2
f 5939 5940 5968 5967 
f 5940 5941 5969 5968 
f 7659 7728 7729 7658 
f 7050 7052 7061 7059 
s 1
f 7053 7055 7064 7062 
f 7056 5942 5970 7065 
f 5942 5943 5971 5970 
f 5943 5944 5972 5971 
f 5944 5945 5973 5972 
f 5945 5946 5974 5973 
f 5947 5975 6031 
f 5947 5948 5976 5975 
f 5948 5949 5977 5976 
f 5949 5950 5978 5977 
f 5950 5951 5979 5978 
f 5951 5952 5980 5979 
f 5952 5953 5981 5980 
f 5953 5954 5982 5981 
f 5954 5955 5983 5982 
f 5955 5956 5984 5983 
f 5956 5957 5985 5984 
f 5957 5958 5986 5985 
f 7338 7409 7410 7337 
f 5959 5960 5988 5987 
f 5960 5961 5989 5988 
f 7466 7537 7538 7465 
f 5962 5963 5991 5990 
f 5963 5964 5992 5991 
f 5964 5965 5993 5992 
f 5965 5966 5994 5993 
f 5966 5967 5995 5994 
s 2
f 5967 5968 5996 5995 
f 5968 5969 5997 5996 
f 7658 7729 7730 7657 
f 7059 7061 7070 7068 
s 1
f 7062 7064 7073 7071 
f 7065 5970 5998 7074 
f 5970 5971 5999 5998 
f 5971 5972 6000 5999 
f 5972 5973 6001 6000 
f 5973 5974 6002 6001 
f 6031 5975 6003 
f 5975 5976 6004 6003 
f 5976 5977 6005 6004 
f 5977 5978 6006 6005 
f 5978 5979 6007 6006 
f 5979 5980 6008 6007 
f 5980 5981 6009 6008 
f 5981 5982 6010 6009 
f 5982 5983 6011 6010 
f 5983 5984 6012 6011 
f 5984 5985 6013 6012 
f 5985 5986 6014 6013 
f 7337 7410 7411 7336 
f 5987 5988 6016 6015 
f 5988 5989 6017 6016 
f 7465 7538 7539 7464 
f 5990 5991 6019 6018 
f 5991 5992 6020 6019 
f 5992 5993 6021 6020 
f 5993 5994 6022 6021 
f 5994 5995 6023 6022 
s 2
f 5995 5996 6024 6023 
f 5996 5997 6025 6024 
f 7657 7730 7731 7656 
f 7068 7070 7079 7077 
s 1
f 7071 7073 7082 7080 
f 7074 5998 6026 7083 
f 5998 5999 6027 6026 
f 5999 6000 6028 6027 
f 6000 6001 6029 6028 
f 6001 6002 6030 6029 
f 6003 6032 6031 
f 6003 6004 6033 6032 
f 6004 6005 6034 6033 
f 6005 6006 6035 6034 
f 6006 6007 6036 6035 
f 6007 6008 6037 6036 
f 6008 6009 6038 6037 
f 6009 6010 6039 6038 
f 6010 6011 6040 6039 
f 6011 6012 6041 6040 
f 6012 6013 6042 6041 
f 6013 6014 6043 6042 
f 7336 7411 7412 7335 
f 6015 6016 6045 6044 
f 6016 6017 6046 6045 
f 7464 7539 7540 7463 
f 6018 6019 6048 6047 
f 6019 6020 6049 6048 
f 6020 6021 6050 6049 
f 6021 6022 6051 6050 
f 6022 6023 6052 6051 
s 2
f 6023 6024 6053 6052 
f 6024 6025 6054 6053 
f 7656 7731 7732 7655 
f 7077 7079 7088 7086 
s 1
f 7080 7082 7091 7089 
f 7083 6026 6055 7092 
f 6026 6027 6056 6055 
f 6027 6028 6057 6056 
f 6028 6029 6058 6057 
f 6029 6030 6059 6058 
f 6031 6032 6060 
f 6032 6033 6061 6060 
f 6033 6034 6062 6061 
f 6034 6035 6063 6062 
f 6035 6036 6064 6063 
f 6036 6037 6065 6064 
f 6037 6038 6066 6065 
f 6038 6039 6067 6066 
f 6039 6040 6068 6067 
f 6040 6041 6069 6068 
f 6041 6042 6070 6069 
f 6042 6043 6071 6070 
f 7335 7412 7413 7334 
f 6044 6045 6073 6072 
f 6045 6046 6074 6073 
f 7463 7540 7541 7462 
f 6047 6048 6076 6075 
f 6048 6049 6077 6076 
f 6049 6050 6078 6077 
f 6050 6051 6079 6078 
f 6051 6052 6080 6079 
s 2
f 6052 6053 6081 6080 
f 6053 6054 6082 6081 
f 7655 7732 7733 7654 
f 7086 7088 7097 7095 
s 1
f 7089 7091 7100 7098 
f 7092 6055 6083 7101 
f 6055 6056 6084 6083 
f 6056 6057 6085 6084 
f 6057 6058 6086 6085 
f 6058 6059 6087 6086 
f 6031 6060 6088 
f 6060 6061 6089 6088 
f 6061 6062 6090 6089 
f 6062 6063 6091 6090 
f 6063 6064 6092 6091 
f 6064 6065 6093 6092 
f 6065 6066 6094 6093 
f 6066 6067 6095 6094 
f 6067 6068 6096 6095 
f 6068 6069 6097 6096 
f 6069 6070 6098 6097 
f 6070 6071 6099 6098 
f 7334 7413 7414 7333 
f 6072 6073 6101 6100 
f 6073 6074 6102 6101 
f 7462 7541 7542 7461 
f 6075 6076 6104 6103 
f 6076 6077 6105 6104 
f 6077 6078 6106 6105 
f 6078 6079 6107 6106 
f 6079 6080 6108 6107 
s 2
f 6080 6081 6109 6108 
f 6081 6082 6110 6109 
f 7654 7733 7734 7653 
f 7095 7097 7106 7104 
s 1
f 7098 7100 7109 7107 
f 7101 6083 6111 7110 
f 6083 6084 6112 6111 
f 6084 6085 6113 6112 
f 6085 6086 6114 6113 
f 6086 6087 6115 6114 
f 6088 6116 6031 
f 6088 6089 6117 6116 
f 6089 6090 6118 6117 
f 6090 6091 6119 6118 
f 6091 6092 6120 6119 
f 6092 6093 6121 6120 
f 6093 6094 6122 6121 
f 6094 6095 6123 6122 
f 6095 6096 6124 6123 
f 6096 6097 6125 6124 
f 6097 6098 6126 6125 
f 6098 6099 6127 6126 
f 7333 7414 7415 7332 
f 6100 6101 6129 6128 
f 6101 6102 6130 6129 
f 7461 7542 7543 7460 
f 6103 6104 6132 6131 
f 6104 6105 6133 6132 
f 6105 6106 6134 6133 
f 6106 6107 6135 6134 
f 6107 6108 6136 6135 
s 2
f 6108 6109 6137 6136 
f 6109 6110 6138 6137 
f 7653 7734 7735 7652 
f 7104 7106 7115 7113 
s 1
f 7107 7109 7118 7116 
f 7110 6111 6139 7119 
f 6111 6112 6140 6139 
f 6112 6113 6141 6140 
f 6113 6114 6142 6141 
f 6114 6115 6143 6142 
f 6031 6116 6144 
f 6116 6117 6145 6144 
f 6117 6118 6146 6145 
f 6118 6119 6147 6146 
f 6119 6120 6148 6147 
f 6120 6121 6149 6148 
f 6121 6122 6150 6149 
f 6122 6123 6151 6150 
f 6123 6124 6152 6151 
f 6124 6125 6153 6152 
f 6125 6126 6154 6153 
f 6126 6127 6155 6154 
f 7332 7415 7416 7331 
f 6128 6129 6157 6156 
f 6129 6130 6158 6157 
f 7460 7543 7544 7459 
f 6131 6132 6160 6159 
f 6132 6133 6161 6160 
f 6133 6134 6162 6161 
f 6134 6135 6163 6162 
f 6135 6136 6164 6163 
s 2
f 6136 6137 6165 6164 
f 6137 6138 6166 6165 
f 7652 7735 7736 7651 
f 7113 7115 7124 7122 
s 1
f 7116 7118 7127 7125 
f 7119 6139 6167 7128 
f 6139 6140 6168 6167 
f 6140 6141 6169 6168 
f 6141 6142 6170 6169 
f 6142 6143 6171 6170 
f 6144 6172 6031 
f 6144 6145 6173 6172 
f 6145 6146 6174 6173 
f 6146 6147 6175 6174 
f 6147 6148 6176 6175 
f 6148 6149 6177 6176 
f 6149 6150 6178 6177 
f 6150 6151 6179 6178 
f 6151 6152 6180 6179 
f 6152 6153 6181 6180 
f 6153 6154 6182 6181 
f 6154 6155 6183 6182 
f 7331 7416 7417 7330 
f 6156 6157 6185 6184 
f 6157 6158 6186 6185 
f 7459 7544 7545 7458 
f 6159 6160 6188 6187 
f 6160 6161 6189 6188 
f 6161 6162 6190 6189 
f 6162 6163 6191 6190 
f 6163 6164 6192 6191 
s 2
f 6164 6165 6193 6192 
f 6165 6166 6194 6193 
f 7651 7736 7737 7650 
f 7122 7124 7133 7131 
s 1
f 7125 7127 7136 7134 
f 7128 6167 6195 7137 
f 6167 6168 6196 6195 
f 6168 6169 6197 6196 
f 6169 6170 6198 6197 
f 6170 6171 6199 6198 
f 6031 6172 6200 
f 6172 6173 6201 6200 
f 6173 6174 6202 6201 
f 6174 6175 6203 6202 
f 6175 6176 6204 6203 
f 6176 6177 6205 6204 
f 6177 6178 6206 6205 
f 6178 6179 6207 6206 
f 6179 6180 6208 6207 
f 6180 6181 6209 6208 
f 6181 6182 6210 6209 
f 6182 6183 6211 6210 
f 7330 7417 7418 7329 
f 6184 6185 6213 6212 
f 6185 6186 6214 6213 
f 7458 7545 7546 7457 
f 6187 6188 6216 6215 
f 6188 6189 6217 6216 
f 6189 6190 6218 6217 
f 6190 6191 6219 6218 
f 6191 6192 6220 6219 
s 2
f 6192 6193 6221 6220 
f 6193 6194 6222 6221 
f 7650 7737 7738 7649 
f 7131 7133 7142 7140 
s 1
f 7134 7136 7145 7143 
f 7137 6195 6223 7146 
f 6195 6196 6224 6223 
f 6196 6197 6225 6224 
f 6197 6198 6226 6225 
f 6198 6199 6227 6226 
f 6200 6228 6031 
f 6200 6201 6229 6228 
f 6201 6202 6230 6229 
f 6202 6203 6231 6230 
f 6203 6204 6232 6231 
f 6204 6205 6233 6232 
f 6205 6206 6234 6233 
f 6206 6207 6235 6234 
f 6207 6208 6236 6235 
f 6208 6209 6237 6236 
f 6209 6210 6238 6237 
f 6210 6211 6239 6238 
f 7329 7418 7419 7328 
f 6212 6213 6241 6240 
f 6213 6214 6242 6241 
f 7457 7546 7547 7456 
f 6215 6216 6244 6243 
f 6216 6217 6245 6244 
f 6217 6218 6246 6245 
f 6218 6219 6247 6246 
f 6219 6220 6248 6247 
s 2
f 6220 6221 6249 6248 
f 6221 6222 6250 6249 
f 7649 7738 7739 7648 
f 7140 7142 7151 7149 
s 1
f 7143 7145 7154 7152 
f 7146 6223 6251 7155 
f 6223 6224 6252 6251 
f 6224 6225 6253 6252 
f 6225 6226 6254 6253 
f 6226 6227 6255 6254 
f 6031 6228 6256 
f 6228 6229 6257 6256 
f 6229 6230 6258 6257 
f 6230 6231 6259 6258 
f 6231 6232 6260 6259 
f 6232 6233 6261 6260 
f 6233 6234 6262 6261 
f 6234 6235 6263 6262 
f 6235 6236 6264 6263 
f 6236 6237 6265 6264 
f 6237 6238 6266 6265 
f 6238 6239 6267 6266 
f 7328 7419 7420 7327 
f 6240 6241 6269 6268 
f 6241 6242 6270 6269 
f 7456 7547 7548 7455 
f 6243 6244 6272 6271 
f 6244 6245 6273 6272 
f 6245 6246 6274 6273 
f 6246 6247 6275 6274 
f 6247 6248 6276 6275 
s 2
f 6248 6249 6277 6276 
f 6249 6250 6278 6277 
f 7648 7739 7740 7647 
f 7149 7151 7160 7158 
s 1
f 7152 7154 7163 7161 
f 7155 6251 6279 7164 
f 6251 6252 6280 6279 
f 6252 6253 6281 6280 
f 6253 6254 6282 6281 
f 6254 6255 6283 6282 
f 6256 6284 6031 
f 6256 6257 6285 6284 
f 6257 6258 6286 6285 
f 6258 6259 6287 6286 
f 6259 6260 6288 6287 
f 6260 6261 6289 6288 
f 6261 6262 6290 6289 
f 6262 6263 6291 6290 
f 6263 6264 6292 6291 
f 6264 6265 6293 6292 
f 6265 6266 6294 6293 
f 6266 6267 6295 6294 
f 7327 7420 7421 7326 
f 6268 6269 6297 6296 
f 6269 6270 6298 6297 
f 7455 7548 7549 7454 
f 6271 6272 6300 6299 
f 6272 6273 6301 6300 
f 6273 6274 6302 6301 
f 6274 6275 6303 6302 
f 6275 6276 6304 6303 
s 2
f 6276 6277 6305 6304 
f 6277 6278 6306 6305 
f 7647 7740 7741 7646 
f 7158 7160 7169 7167 
s 1
f 7161 7163 7172 7170 
f 7164 6279 6307 7173 
f 6279 6280 6308 6307 
f 6280 6281 6309 6308 
f 6281 6282 6310 6309 
f 6282 6283 6311 6310 
f 6031 6284 6312 
f 6284 6285 6313 6312 
f 6285 6286 6314 6313 
f 6286 6287 6315 6314 
f 6287 6288 6316 6315 
f 6288 6289 6317 6316 
f 6289 6290 6318 6317 
f 6290 6291 6319 6318 
f 6291 6292 6320 6319 
f 6292 6293 6321 6320 
f 6293 6294 6322 6321 
f 6294 6295 6323 6322 
f 7326 7421 7422 7325 
f 6296 6297 6325 6324 
f 6297 6298 6326 6325 
f 7454 7549 7550 7453 
f 6299 6300 6328 6327 
f 6300 6301 6329 6328 
f 6301 6302 6330 6329 
f 6302 6303 6331 6330 
f 6303 6304 6332 6331 
s 2
f 6304 6305 6333 6332 
f 6305 6306 6334 6333 
f 7646 7741 7742 7645 
f 7167 7169 7178 7176 
s 1
f 7170 7172 7181 7179 
f 7173 6307 6335 7182 
f 6307 6308 6336 6335 
f 6308 6309 6337 6336 
f 6309 6310 6338 6337 
f 6310 6311 6339 6338 
f 6312 6340 6031 
f 6312 6313 6341 6340 
f 6313 6314 6342 6341 
f 6314 6315 6343 6342 
f 6315 6316 6344 6343 
f 6316 6317 6345 6344 
f 6317 6318 6346 6345 
f 6318 6319 6347 6346 
f 6319 6320 6348 6347 
f 6320 6321 6349 6348 
f 6321 6322 6350 6349 
f 6322 6323 6351 6350 
f 7325 7422 7423 7324 
f 6324 6325 6353 6352 
f 6325 6326 6354 6353 
f 7453 7550 7551 7452 
f 6327 6328 6356 6355 
f 6328 6329 6357 6356 
f 6329 6330 6358 6357 
f 6330 6331 6359 6358 
f 6331 6332 6360 6359 
s 2
f 6332 6333 6361 6360 
f 6333 6334 6362 6361 
f 7645 7742 7743 7644 
f 7176 7178 7187 7185 
s 1
f 7179 7181 7190 7188 
f 7182 6335 6363 7191 
f 6335 6336 6364 6363 
f 6336 6337 6365 6364 
f 6337 6338 6366 6365 
f 6338 6339 6367 6366 
f 6031 6340 6368 
f 6340 6341 6369 6368 
f 6341 6342 6370 6369 
f 6342 6343 6371 6370 
f 6343 6344 6372 6371 
f 6344 6345 6373 6372 
f 6345 6346 6374 6373 
f 6346 6347 6375 6374 
f 6347 6348 6376 6375 
f 6348 6349 6377 6376 
f 6349 6350 6378 6377 
f 6350 6351 6379 6378 
f 7324 7423 7424 7323 
f 6352 6353 6381 6380 
f 6353 6354 6382 6381 
f 7452 7551 7552 7451 
f 6355 6356 6384 6383 
f 6356 6357 6385 6384 
f 6357 6358 6386 6385 
f 6358 6359 6387 6386 
f 6359 6360 6388 6387 
s 2
f 6360 6361 6389 6388 
f 6361 6362 6390 6389 
f 7644 7743 7744 7643 
f 7185 7187 7196 7194 
s 1
f 7188 7190 7199 7197 
f 7191 6363 6391 7200 
f 6363 6364 6392 6391 
f 6364 6365 6393 6392 
f 6365 6366 6394 6393 
f 6366 6367 6395 6394 
f 6368 6396 6031 
f 6368 6369 6397 6396 
f 6369 6370 6398 6397 
f 6370 6371 6399 6398 
f 6371 6372 6400 6399 
f 6372 6373 6401 6400 
f 6373 6374 6402 6401 
f 6374 6375 6403 6402 
f 6375 6376 6404 6403 
f 6376 6377 6405 6404 
f 6377 6378 6406 6405 
f 6378 6379 6407 6406 
f 7323 7424 7425 7322 
f 6380 6381 6409 6408 
f 6381 6382 6410 6409 
f 7451 7552 7553 7450 
f 6383 6384 6412 6411 
f 6384 6385 6413 6412 
f 6385 6386 6414 6413 
f 6386 6387 6415 6414 
f 6387 6388 6416 6415 
s 2
f 6388 6389 6417 6416 
f 6389 6390 6418 6417 
f 7643 7744 7745 7642 
f 7194 7196 7205 7203 
s 1
f 7197 7199 7208 7206 
f 7200 6391 6419 7209 
f 6391 6392 6420 6419 
f 6392 6393 6421 6420 
f 6393 6394 6422 6421 
f 6394 6395 6423 6422 
f 6031 6396 6424 
f 6396 6397 6425 6424 
f 6397 6398 6426 6425 
f 6398 6399 6427 6426 
f 6399 6400 6428 6427 
f 6400 6401 6429 6428 
f 6401 6402 6430 6429 
f 6402 6403 6431 6430 
f 6403 6404 6432 6431 
f 6404 6405 6433 6432 
f 6405 6406 6434 6433 
f 6406 6407 6435 6434 
f 7322 7425 7426 7321 
f 6408 6409 6437 6436 
f 6409 6410 6438 6437 
f 7450 7553 7554 7449 
f 6411 6412 6440 6439 
f 6412 6413 6441 6440 
f 6413 6414 6442 6441 
f 6414 6415 6443 6442 
f 6415 6416 6444 6443 
s 2
f 6416 6417 6445 6444 
f 6417 6418 6446 6445 
f 7642 7745 7746 7641 
f 7203 7205 7214 7212 
s 1
f 7206 7208 7217 7215 
f 7209 6419 6447 7218 
f 6419 6420 6448 6447 
f 6420 6421 6449 6448 
f 6421 6422 6450 6449 
f 6422 6423 6451 6450 
f 6424 6452 6031 
f 6424 6425 6453 6452 
f 6425 6426 6454 6453 
f 6426 6427 6455 6454 
f 6427 6428 6456 6455 
f 6428 6429 6457 6456 
f 6429 6430 6458 6457 
f 6430 6431 6459 6458 
f 6431 6432 6460 6459 
f 6432 6433 6461 6460 
f 6433 6434 6462 6461 
f 6434 6435 6463 6462 
f 7321 7426 7427 7320 
f 6436 6437 6465 6464 
f 6437 6438 6466 6465 
f 7449 7554 7555 7448 
f 6439 6440 6468 6467 
f 6440 6441 6469 6468 
f 6441 6442 6470 6469 
f 6442 6443 6471 6470 
f 6443 6444 6472 6471 
s 2
f 6444 6445 6473 6472 
f 6445 6446 6474 6473 
f 7641 7746 7747 7640 
f 7212 7214 7223 7221 
s 1
f 7215 7217 7226 7224 
f 7218 6447 6475 7227 
f 6447 6448 6476 6475 
f 6448 6449 6477 6476 
f 6449 6450 6478 6477 
f 6450 6451 6479 6478 
f 6031 6452 6480 
f 6452 6453 6481 6480 
f 6453 6454 6482 6481 
f 6454 6455 6483 6482 
f 6455 6456 6484 6483 
f 6456 6457 6485 6484 
f 6457 6458 6486 6485 
f 6458 6459 6487 6486 
f 6459 6460 6488 6487 
f 6460 6461 6489 6488 
f 6461 6462 6490 6489 
f 6462 6463 6491 6490 
f 7320 7427 7428 7319 
f 6464 6465 6493 6492 
f 6465 6466 6494 6493 
f 7448 7555 7556 7447 
f 6467 6468 6496 6495 
f 6468 6469 6497 6496 
f 6469 6470 6498 6497 
f 6470 6471 6499 6498 
f 6471 6472 6500 6499 
s 2
f 6472 6473 6501 6500 
f 6473 6474 6502 6501 
f 7640 7747 7748 7639 
f 7221 7223 7232 7230 
s 1
f 7224 7226 7235 7233 
f 7227 6475 6503 7236 
f 6475 6476 6504 6503 
f 6476 6477 6505 6504 
f 6477 6478 6506 6505 
f 6478 6479 6507 6506 
f 6480 6508 6031 
f 6480 6481 6509 6508 
f 6481 6482 6510 6509 
f 6482 6483 6511 6510 
f 6483 6484 6512 6511 
f 6484 6485 6513 6512 
f 6485 6486 6514 6513 
f 6486 6487 6515 6514 
f 6487 6488 6516 6515 
f 6488 6489 6517 6516 
f 6489 6490 6518 6517 
f 6490 6491 6519 6518 
f 7319 7428 7429 7318 
f 6492 6493 6521 6520 
f 6493 6494 6522 6521 
f 7447 7556 7557 7446 
f 6495 6496 6524 6523 
f 6496 6497 6525 6524 
f 6497 6498 6526 6525 
f 6498 6499 6527 6526 
f 6499 6500 6528 6527 
s 2
f 6500 6501 6529 6528 
f 6501 6502 6530 6529 
f 7639 7748 7749 7638 
f 7230 7232 7241 7239 
s 1
f 7233 7235 7244 7242 
f 7236 6503 6531 7245 
f 6503 6504 6532 6531 
f 6504 6505 6533 6532 
f 6505 6506 6534 6533 
f 6506 6507 6535 6534 
f 6031 6508 6536 
f 6508 6509 6537 6536 
f 6509 6510 6538 6537 
f 6510 6511 6539 6538 
f 6511 6512 6540 6539 
f 6512 6513 6541 6540 
f 6513 6514 6542 6541 
f 6514 6515 6543 6542 
f 6515 6516 6544 6543 
f 6516 6517 6545 6544 
f 6517 6518 6546 6545 
f 6518 6519 6547 6546 
f 7318 7429 7430 7317 
f 6520 6521 6549 6548 
f 6521 6522 6550 6549 
f 7446 7557 7558 7445 
f 6523 6524 6552 6551 
f 6524 6525 6553 6552 
f 6525 6526 6554 6553 
f 6526 6527 6555 6554 
f 6527 6528 6556 6555 
s 2
f 6528 6529 6557 6556 
f 6529 6530 6558 6557 
f 7638 7749 7750 7637 
f 7239 7241 7250 7248 
s 1
f 7242 7244 7253 7251 
f 7245 6531 6559 7254 
f 6531 6532 6560 6559 
f 6532 6533 6561 6560 
f 6533 6534 6562 6561 
f 6534 6535 6563 6562 
f 6536 6564 6031 
f 6536 6537 6565 6564 
f 6537 6538 6566 6565 
f 6538 6539 6567 6566 
f 6539 6540 6568 6567 
f 6540 6541 6569 6568 
f 6541 6542 6570 6569 
f 6542 6543 6571 6570 
f 6543 6544 6572 6571 
f 6544 6545 6573 6572 
f 6545 6546 6574 6573 
f 6546 6547 6575 6574 
f 7317 7430 7431 7316 
f 6548 6549 6577 6576 
f 6549 6550 6578 6577 
f 7445 7558 7559 7444 
f 6551 6552 6580 6579 
f 6552 6553 6581 6580 
f 6553 6554 6582 6581 
f 6554 6555 6583 6582 
f 6555 6556 6584 6583 
s 2
f 6556 6557 6585 6584 
f 6557 6558 6586 6585 
f 7637 7750 7751 7636 
f 7248 7250 7259 7257 
s 1
f 7251 7253 7262 7260 
f 7254 6559 6587 7263 
f 6559 6560 6588 6587 
f 6560 6561 6589 6588 
f 6561 6562 6590 6589 
f 6562 6563 6591 6590 
f 6031 6564 6592 
f 6564 6565 6593 6592 
f 6565 6566 6594 6593 
f 6566 6567 6595 6594 
f 6567 6568 6596 6595 
f 6568 6569 6597 6596 
f 6569 6570 6598 6597 
f 6570 6571 6599 6598 
f 6571 6572 6600 6599 
f 6572 6573 6601 6600 
f 6573 6574 6602 6601 
f 6574 6575 6603 6602 
f 7316 7431 7432 7315 
f 6576 6577 6605 6604 
f 6577 6578 6606 6605 
f 7444 7559 7560 7443 
f 6579 6580 6608 6607 
f 6580 6581 6609 6608 
f 6581 6582 6610 6609 
f 6582 6583 6611 6610 
f 6583 6584 6612 6611 
s 2
f 6584 6585 6613 6612 
f 6585 6586 6614 6613 
f 7636 7751 7752 7635 
f 7257 7259 7268 7266 
s 1
f 7260 7262 7271 7269 
f 7263 6587 6615 7272 
f 6587 6588 6616 6615 
f 6588 6589 6617 6616 
f 6589 6590 6618 6617 
f 6590 6591 6619 6618 
f 6592 6620 6031 
f 6592 6593 6621 6620 
f 6593 6594 6622 6621 
f 6594 6595 6623 6622 
f 6595 6596 6624 6623 
f 6596 6597 6625 6624 
f 6597 6598 6626 6625 
f 6598 6599 6627 6626 
f 6599 6600 6628 6627 
f 6600 6601 6629 6628 
f 6601 6602 6630 6629 
f 6602 6603 6631 6630 
f 7315 7432 7433 7314 
f 6604 6605 6633 6632 
f 6605 6606 6634 6633 
f 7443 7560 7561 7442 
f 6607 6608 6636 6635 
f 6608 6609 6637 6636 
f 6609 6610 6638 6637 
f 6610 6611 6639 6638 
f 6611 6612 6640 6639 
s 2
f 6612 6613 6641 6640 
f 6613 6614 6642 6641 
f 7635 7752 7753 7634 
f 7266 7268 7277 7275 
s 1
f 7269 7271 7280 7278 
f 7272 6615 6643 7281 
f 6615 6616 6644 6643 
f 6616 6617 6645 6644 
f 6617 6618 6646 6645 
f 6618 6619 6647 6646 
f 6031 6620 6648 
f 6620 6621 6649 6648 
f 6621 6622 6650 6649 
f 6622 6623 6651 6650 
f 6623 6624 6652 6651 
f 6624 6625 6653 6652 
f 6625 6626 6654 6653 
f 6626 6627 6655 6654 
f 6627 6628 6656 6655 
f 6628 6629 6657 6656 
f 6629 6630 6658 6657 
f 6630 6631 6659 6658 
f 7314 7433 7434 7313 
f 6632 6633 6661 6660 
f 6633 6634 6662 6661 
f 7442 7561 7562 7441 
f 6635 6636 6664 6663 
f 6636 6637 6665 6664 
f 6637 6638 6666 6665 
f 6638 6639 6667 6666 
f 6639 6640 6668 6667 
s 2
f 6640 6641 6669 6668 
f 6641 6642 6670 6669 
f 7634 7753 7754 7633 
f 7275 7277 7286 7284 
s 1
f 7278 7280 7289 7287 
f 7281 6643 6671 7290 
f 6643 6644 6672 6671 
f 6644 6645 6673 6672 
f 6645 6646 6674 6673 
f 6646 6647 6675 6674 
f 6648 6676 6031 
f 6648 6649 6677 6676 
f 6649 6650 6678 6677 
f 6650 6651 6679 6678 
f 6651 6652 6680 6679 
f 6652 6653 6681 6680 
f 6653 6654 6682 6681 
f 6654 6655 6683 6682 
f 6655 6656 6684 6683 
f 6656 6657 6685 6684 
f 6657 6658 6686 6685 
f 6658 6659 6687 6686 
f 7313 7434 7435 7312 
f 6660 6661 6689 6688 
f 6661 6662 6690 6689 
f 7441 7562 7563 7440 
f 6663 6664 6692 6691 
f 6664 6665 6693 6692 
f 6665 6666 6694 6693 
f 6666 6667 6695 6694 
f 6667 6668 6696 6695 
s 2
f 6668 6669 6697 6696 
f 6669 6670 6698 6697 
f 7633 7754 7755 7632 
f 7284 7286 7295 7293 
s 1
f 7287 7289 7298 7296 
f 7290 6671 6699 7299 
f 6671 6672 6700 6699 
f 6672 6673 6701 6700 
f 6673 6674 6702 6701 
f 6674 6675 6703 6702 
f 6031 6676 6704 
f 6676 6677 6705 6704 
f 6677 6678 6706 6705 
f 6678 6679 6707 6706 
f 6679 6680 6708 6707 
f 6680 6681 6709 6708 
f 6681 6682 6710 6709 
f 6682 6683 6711 6710 
f 6683 6684 6712 6711 
f 6684 6685 6713 6712 
f 6685 6686 6714 6713 
f 6686 6687 6715 6714 
f 7312 7435 7436 7311 
f 6688 6689 6717 6716 
f 6689 6690 6718 6717 
f 7440 7563 7564 7439 
f 6691 6692 6720 6719 
f 6692 6693 6721 6720 
f 6693 6694 6722 6721 
f 6694 6695 6723 6722 
f 6695 6696 6724 6723 
s 2
f 6696 6697 6725 6724 
f 6697 6698 6726 6725 
f 7632 7755 7756 7631 
f 7293 7295 7304 7302 
s 1
f 7296 7298 7307 7305 
f 7299 6699 6727 7308 
f 6699 6700 6728 6727 
f 6700 6701 6729 6728 
f 6701 6702 6730 6729 
f 6702 6703 6731 6730 
f 6704 4939 6031 
f 6704 6705 4940 4939 
f 6705 6706 4941 4940 
f 6706 6707 4942 4941 
f 6707 6708 4943 4942 
f 6708 6709 4944 4943 
f 6709 6710 4945 4944 
f 6710 6711 4946 4945 
f 6711 6712 4947 4946 
f 6712 6713 4948 4947 
f 6713 6714 4949 4948 
f 6714 6715 4950 4949 
f 7311 7436 7373 7310 
f 6716 6717 4952 4951 
f 6717 6718 4953 4952 
f 7439 7564 7501 7438 
f 6719 6720 4955 4954 
f 6720 6721 4956 4955 
f 6721 6722 4957 4956 
f 6722 6723 4958 4957 
f 6723 6724 4959 4958 
s 2
f 6724 6725 4960 4959 
f 6725 6726 4961 4960 
f 7631 7756 7693 7630 
f 7302 7304 6741 6734 
s 1
f 7305 7307 6747 6740 
f 7308 6727 4962 6746 
f 6727 6728 4963 4962 
f 6728 6729 4964 4963 
f 6729 6730 4965 4964 
f 6730 6731 4966 4965 
f 7565 7566 6732 
f 7628 7565 6732 
f 7627 7628 6732 
f 7626 7627 6732 
f 7625 7626 6732 
f 7624 7625 6732 
f 7623 7624 6732 
f 7622 7623 6732 
f 7621 7622 6732 
f 7620 7621 6732 
f 7619 7620 6732 
f 7618 7619 6732 
f 7617 7618 6732 
f 7616 7617 6732 
f 7615 7616 6732 
f 7614 7615 6732 
f 7613 7614 6732 
f 7612 7613 6732 
f 7611 7612 6732 
f 7610 7611 6732 
f 7609 7610 6732 
f 7608 7609 6732 
f 7607 7608 6732 
f 7606 7607 6732 
f 7605 7606 6732 
f 7604 7605 6732 
f 7603 7604 6732 
f 7602 7603 6732 
f 7601 7602 6732 
f 7600 7601 6732 
f 7599 7600 6732 
f 7598 7599 6732 
f 7597 7598 6732 
f 7596 7597 6732 
f 7595 7596 6732 
f 7594 7595 6732 
f 7593 7594 6732 
f 7592 7593 6732 
f 7591 7592 6732 
f 7590 7591 6732 
f 7589 7590 6732 
f 7588 7589 6732 
f 7587 7588 6732 
f 7586 7587 6732 
f 7585 7586 6732 
f 7584 7585 6732 
f 7583 7584 6732 
f 7582 7583 6732 
f 7581 7582 6732 
f 7580 7581 6732 
f 7579 7580 6732 
f 7578 7579 6732 
f 7577 7578 6732 
f 7576 7577 6732 
f 7575 7576 6732 
f 7574 7575 6732 
f 7573 7574 6732 
f 7572 7573 6732 
f 7571 7572 6732 
f 7570 7571 6732 
f 7569 7570 6732 
f 7568 7569 6732 
f 7567 7568 6732 
f 7566 7567 6732 
s 2
f 6737 6735 6733 6736 
f 6743 6741 6739 6742 
f 6734 6738 6736 6733 
s 1
f 6749 6747 6745 6748 
f 6740 6744 6742 6739 
f 6746 6750 6748 6745 
s 2
f 6752 6737 6736 6751 
f 6755 6743 6742 6754 
f 6738 6753 6751 6736 
s 1
f 6758 6749 6748 6757 
f 6744 6756 6754 6742 
f 6750 6759 6757 6748 
s 2
f 6761 6752 6751 6760 
f 6764 6755 6754 6763 
f 6753 6762 6760 6751 
s 1
f 6767 6758 6757 6766 
f 6756 6765 6763 6754 
f 6759 6768 6766 6757 
s 2
f 6770 6761 6760 6769 
f 6773 6764 6763 6772 
f 6762 6771 6769 6760 
s 1
f 6776 6767 6766 6775 
f 6765 6774 6772 6763 
f 6768 6777 6775 6766 
s 2
f 6779 6770 6769 6778 
f 6782 6773 6772 6781 
f 6771 6780 6778 6769 
s 1
f 6785 6776 6775 6784 
f 6774 6783 6781 6772 
f 6777 6786 6784 6775 
s 2
f 6788 6779 6778 6787 
f 6791 6782 6781 6790 
f 6780 6789 6787 6778 
s 1
f 6794 6785 6784 6793 
f 6783 6792 6790 6781 
f 6786 6795 6793 6784 
s 2
f 6797 6788 6787 6796 
f 6800 6791 6790 6799 
f 6789 6798 6796 6787 
s 1
f 6803 6794 6793 6802 
f 6792 6801 6799 6790 
f 6795 6804 6802 6793 
s 2
f 6806 6797 6796 6805 
f 6809 6800 6799 6808 
f 6798 6807 6805 6796 
s 1
f 6812 6803 6802 6811 
f 6801 6810 6808 6799 
f 6804 6813 6811 6802 
s 2
f 6815 6806 6805 6814 
f 6818 6809 6808 6817 
f 6807 6816 6814 6805 
s 1
f 6821 6812 6811 6820 
f 6810 6819 6817 6808 
f 6813 6822 6820 6811 
s 2
f 6824 6815 6814 6823 
f 6827 6818 6817 6826 
f 6816 6825 6823 6814 
s 1
f 6830 6821 6820 6829 
f 6819 6828 6826 6817 
f 6822 6831 6829 6820 
s 2
f 6833 6824 6823 6832 
f 6836 6827 6826 6835 
f 6825 6834 6832 6823 
s 1
f 6839 6830 6829 6838 
f 6828 6837 6835 6826 
f 6831 6840 6838 6829 
s 2
f 6842 6833 6832 6841 
f 6845 6836 6835 6844 
f 6834 6843 6841 6832 
s 1
f 6848 6839 6838 6847 
f 6837 6846 6844 6835 
f 6840 6849 6847 6838 
s 2
f 6851 6842 6841 6850 
f 6854 6845 6844 6853 
f 6843 6852 6850 6841 
s 1
f 6857 6848 6847 6856 
f 6846 6855 6853 6844 
f 6849 6858 6856 6847 
s 2
f 6860 6851 6850 6859 
f 6863 6854 6853 6862 
f 6852 6861 6859 6850 
s 1
f 6866 6857 6856 6865 
f 6855 6864 6862 6853 
f 6858 6867 6865 6856 
s 2
f 6869 6860 6859 6868 
f 6872 6863 6862 6871 
f 6861 6870 6868 6859 
s 1
f 6875 6866 6865 6874 
f 6864 6873 6871 6862 
f 6867 6876 6874 6865 
s 2
f 6878 6869 6868 6877 
f 6881 6872 6871 6880 
f 6870 6879 6877 6868 
s 1
f 6884 6875 6874 6883 
f 6873 6882 6880 6871 
f 6876 6885 6883 6874 
s 2
f 6887 6878 6877 6886 
f 6890 6881 6880 6889 
f 6879 6888 6886 6877 
s 1
f 6893 6884 6883 6892 
f 6882 6891 6889 6880 
f 6885 6894 6892 6883 
s 2
f 6896 6887 6886 6895 
f 6899 6890 6889 6898 
f 6888 6897 6895 6886 
s 1
f 6902 6893 6892 6901 
f 6891 6900 6898 6889 
f 6894 6903 6901 6892 
s 2
f 6905 6896 6895 6904 
f 6908 6899 6898 6907 
f 6897 6906 6904 6895 
s 1
f 6911 6902 6901 6910 
f 6900 6909 6907 6898 
f 6903 6912 6910 6901 
s 2
f 6914 6905 6904 6913 
f 6917 6908 6907 6916 
f 6906 6915 6913 6904 
s 1
f 6920 6911 6910 6919 
f 6909 6918 6916 6907 
f 6912 6921 6919 6910 
s 2
f 6923 6914 6913 6922 
f 6926 6917 6916 6925 
f 6915 6924 6922 6913 
s 1
f 6929 6920 6919 6928 
f 6918 6927 6925 6916 
f 6921 6930 6928 6919 
s 2
f 6932 6923 6922 6931 
f 6935 6926 6925 6934 
f 6924 6933 6931 6922 
s 1
f 6938 6929 6928 6937 
f 6927 6936 6934 6925 
f 6930 6939 6937 6928 
s 2
f 6941 6932 6931 6940 
f 6944 6935 6934 6943 
f 6933 6942 6940 6931 
s 1
f 6947 6938 6937 6946 
f 6936 6945 6943 6934 
f 6939 6948 6946 6937 
s 2
f 6950 6941 6940 6949 
f 6953 6944 6943 6952 
f 6942 6951 6949 6940 
s 1
f 6956 6947 6946 6955 
f 6945 6954 6952 6943 
f 6948 6957 6955 6946 
s 2
f 6959 6950 6949 6958 
f 6962 6953 6952 6961 
f 6951 6960 6958 6949 
s 1
f 6965 6956 6955 6964 
f 6954 6963 6961 6952 
f 6957 6966 6964 6955 
s 2
f 6968 6959 6958 6967 
f 6971 6962 6961 6970 
f 6960 6969 6967 6958 
s 1
f 6974 6965 6964 6973 
f 6963 6972 6970 6961 
f 6966 6975 6973 6964 
s 2
f 6977 6968 6967 6976 
f 6980 6971 6970 6979 
f 6969 6978 6976 6967 
s 1
f 6983 6974 6973 6982 
f 6972 6981 6979 6970 
f 6975 6984 6982 6973 
s 2
f 6986 6977 6976 6985 
f 6989 6980 6979 6988 
f 6978 6987 6985 6976 
s 1
f 6992 6983 6982 6991 
f 6981 6990 6988 6979 
f 6984 6993 6991 6982 
s 2
f 6995 6986 6985 6994 
f 6998 6989 6988 6997 
f 6987 6996 6994 6985 
s 1
f 7001 6992 6991 7000 
f 6990 6999 6997 6988 
f 6993 7002 7000 6991 
s 2
f 7004 6995 6994 7003 
f 7007 6998 6997 7006 
f 6996 7005 7003 6994 
s 1
f 7010 7001 7000 7009 
f 6999 7008 7006 6997 
f 7002 7011 7009 7000 
s 2
f 7013 7004 7003 7012 
f 7016 7007 7006 7015 
f 7005 7014 7012 7003 
s 1
f 7019 7010 7009 7018 
f 7008 7017 7015 7006 
f 7011 7020 7018 7009 
s 2
f 7022 7013 7012 7021 
f 7025 7016 7015 7024 
f 7014 7023 7021 7012 
s 1
f 7028 7019 7018 7027 
f 7017 7026 7024 7015 
f 7020 7029 7027 7018 
s 2
f 7031 7022 7021 7030 
f 7034 7025 7024 7033 
f 7023 7032 7030 7021 
s 1
f 7037 7028 7027 7036 
f 7026 7035 7033 7024 
f 7029 7038 7036 7027 
s 2
f 7040 7031 7030 7039 
f 7043 7034 7033 7042 
f 7032 7041 7039 7030 
s 1
f 7046 7037 7036 7045 
f 7035 7044 7042 7033 
f 7038 7047 7045 7036 
s 2
f 7049 7040 7039 7048 
f 7052 7043 7042 7051 
f 7041 7050 7048 7039 
s 1
f 7055 7046 7045 7054 
f 7044 7053 7051 7042 
f 7047 7056 7054 7045 
s 2
f 7058 7049 7048 7057 
f 7061 7052 7051 7060 
f 7050 7059 7057 7048 
s 1
f 7064 7055 7054 7063 
f 7053 7062 7060 7051 
f 7056 7065 7063 7054 
s 2
f 7067 7058 7057 7066 
f 7070 7061 7060 7069 
f 7059 7068 7066 7057 
s 1
f 7073 7064 7063 7072 
f 7062 7071 7069 7060 
f 7065 7074 7072 7063 
s 2
f 7076 7067 7066 7075 
f 7079 7070 7069 7078 
f 7068 7077 7075 7066 
s 1
f 7082 7073 7072 7081 
f 7071 7080 7078 7069 
f 7074 7083 7081 7072 
s 2
f 7085 7076 7075 7084 
f 7088 7079 7078 7087 
f 7077 7086 7084 7075 
s 1
f 7091 7082 7081 7090 
f 7080 7089 7087 7078 
f 7083 7092 7090 7081 
s 2
f 7094 7085 7084 7093 
f 7097 7088 7087 7096 
f 7086 7095 7093 7084 
s 1
f 7100 7091 7090 7099 
f 7089 7098 7096 7087 
f 7092 7101 7099 7090 
s 2
f 7103 7094 7093 7102 
f 7106 7097 7096 7105 
f 7095 7104 7102 7093 
s 1
f 7109 7100 7099 7108 
f 7098 7107 7105 7096 
f 7101 7110 7108 7099 
s 2
f 7112 7103 7102 7111 
f 7115 7106 7105 7114 
f 7104 7113 7111 7102 
s 1
f 7118 7109 7108 7117 
f 7107 7116 7114 7105 
f 7110 7119 7117 7108 
s 2
f 7121 7112 7111 7120 
f 7124 7115 7114 7123 
f 7113 7122 7120 7111 
s 1
f 7127 7118 7117 7126 
f 7116 7125 7123 7114 
f 7119 7128 7126 7117 
s 2
f 7130 7121 7120 7129 
f 7133 7124 7123 7132 
f 7122 7131 7129 7120 
s 1
f 7136 7127 7126 7135 
f 7125 7134 7132 7123 
f 7128 7137 7135 7126 
s 2
f 7139 7130 7129 7138 
f 7142 7133 7132 7141 
f 7131 7140 7138 7129 
s 1
f 7145 7136 7135 7144 
f 7134 7143 7141 7132 
f 7137 7146 7144 7135 
s 2
f 7148 7139 7138 7147 
f 7151 7142 7141 7150 
f 7140 7149 7147 7138 
s 1
f 7154 7145 7144 7153 
f 7143 7152 7150 7141 
f 7146 7155 7153 7144 
s 2
f 7157 7148 7147 7156 
f 7160 7151 7150 7159 
f 7149 7158 7156 7147 
s 1
f 7163 7154 7153 7162 
f 7152 7161 7159 7150 
f 7155 7164 7162 7153 
s 2
f 7166 7157 7156 7165 
f 7169 7160 7159 7168 
f 7158 7167 7165 7156 
s 1
f 7172 7163 7162 7171 
f 7161 7170 7168 7159 
f 7164 7173 7171 7162 
s 2
f 7175 7166 7165 7174 
f 7178 7169 7168 7177 
f 7167 7176 7174 7165 
s 1
f 7181 7172 7171 7180 
f 7170 7179 7177 7168 
f 7173 7182 7180 7171 
s 2
f 7184 7175 7174 7183 
f 7187 7178 7177 7186 
f 7176 7185 7183 7174 
s 1
f 7190 7181 7180 7189 
f 7179 7188 7186 7177 
f 7182 7191 7189 7180 
s 2
f 7193 7184 7183 7192 
f 7196 7187 7186 7195 
f 7185 7194 7192 7183 
s 1
f 7199 7190 7189 7198 
f 7188 7197 7195 7186 
f 7191 7200 7198 7189 
s 2
f 7202 7193 7192 7201 
f 7205 7196 7195 7204 
f 7194 7203 7201 7192 
s 1
f 7208 7199 7198 7207 
f 7197 7206 7204 7195 
f 7200 7209 7207 7198 
s 2
f 7211 7202 7201 7210 
f 7214 7205 7204 7213 
f 7203 7212 7210 7201 
s 1
f 7217 7208 7207 7216 
f 7206 7215 7213 7204 
f 7209 7218 7216 7207 
s 2
f 7220 7211 7210 7219 
f 7223 7214 7213 7222 
f 7212 7221 7219 7210 
s 1
f 7226 7217 7216 7225 
f 7215 7224 7222 7213 
f 7218 7227 7225 7216 
s 2
f 7229 7220 7219 7228 
f 7232 7223 7222 7231 
f 7221 7230 7228 7219 
s 1
f 7235 7226 7225 7234 
f 7224 7233 7231 7222 
f 7227 7236 7234 7225 
s 2
f 7238 7229 7228 7237 
f 7241 7232 7231 7240 
f 7230 7239 7237 7228 
s 1
f 7244 7235 7234 7243 
f 7233 7242 7240 7231 
f 7236 7245 7243 7234 
s 2
f 7247 7238 7237 7246 
f 7250 7241 7240 7249 
f 7239 7248 7246 7237 
s 1
f 7253 7244 7243 7252 
f 7242 7251 7249 7240 
f 7245 7254 7252 7243 
s 2
f 7256 7247 7246 7255 
f 7259 7250 7249 7258 
f 7248 7257 7255 7246 
s 1
f 7262 7253 7252 7261 
f 7251 7260 7258 7249 
f 7254 7263 7261 7252 
s 2
f 7265 7256 7255 7264 
f 7268 7259 7258 7267 
f 7257 7266 7264 7255 
s 1
f 7271 7262 7261 7270 
f 7260 7269 7267 7258 
f 7263 7272 7270 7261 
s 2
f 7274 7265 7264 7273 
f 7277 7268 7267 7276 
f 7266 7275 7273 7264 
s 1
f 7280 7271 7270 7279 
f 7269 7278 7276 7267 
f 7272 7281 7279 7270 
s 2
f 7283 7274 7273 7282 
f 7286 7277 7276 7285 
f 7275 7284 7282 7273 
s 1
f 7289 7280 7279 7288 
f 7278 7287 7285 7276 
f 7281 7290 7288 7279 
s 2
f 7292 7283 7282 7291 
f 7295 7286 7285 7294 
f 7284 7293 7291 7282 
s 1
f 7298 7289 7288 7297 
f 7287 7296 7294 7285 
f 7290 7299 7297 7288 
s 2
f 7301 7292 7291 7300 
f 7304 7295 7294 7303 
f 7293 7302 7300 7291 
s 1
f 7307 7298 7297 7306 
f 7296 7305 7303 7294 
f 7299 7308 7306 7297 
s 2
f 6735 7301 7300 6733 
f 6741 7304 7303 6739 
f 7302 6734 6733 7300 
s 1
f 6747 7307 7306 6745 
f 7305 6740 6739 7303 
f 7308 6746 6745 7306 
f 4978 4950 7310 7309 
f 4950 6715 7311 7310 
f 6715 6687 7312 7311 
f 6687 6659 7313 7312 
f 6659 6631 7314 7313 
f 6631 6603 7315 7314 
f 6603 6575 7316 7315 
f 6575 6547 7317 7316 
f 6547 6519 7318 7317 
f 6519 6491 7319 7318 
f 6491 6463 7320 7319 
f 6463 6435 7321 7320 
f 6435 6407 7322 7321 
f 6407 6379 7323 7322 
f 6379 6351 7324 7323 
f 6351 6323 7325 7324 
f 6323 6295 7326 7325 
f 6295 6267 7327 7326 
f 6267 6239 7328 7327 
f 6239 6211 7329 7328 
f 6211 6183 7330 7329 
f 6183 6155 7331 7330 
f 6155 6127 7332 7331 
f 6127 6099 7333 7332 
f 6099 6071 7334 7333 
f 6071 6043 7335 7334 
f 6043 6014 7336 7335 
f 6014 5986 7337 7336 
f 5986 5958 7338 7337 
f 5958 5930 7339 7338 
f 5930 5902 7340 7339 
f 5902 5874 7341 7340 
f 5874 5846 7342 7341 
f 5846 5818 7343 7342 
f 5818 5790 7344 7343 
f 5790 5762 7345 7344 
f 5762 5734 7346 7345 
f 5734 5706 7347 7346 
f 5706 5678 7348 7347 
f 5678 5650 7349 7348 
f 5650 5622 7350 7349 
f 5622 5594 7351 7350 
f 5594 5566 7352 7351 
f 5566 5538 7353 7352 
f 5538 5510 7354 7353 
f 5510 5482 7355 7354 
f 5482 5454 7356 7355 
f 5454 5426 7357 7356 
f 5426 5398 7358 7357 
f 5398 5370 7359 7358 
f 5370 5342 7360 7359 
f 5342 5314 7361 7360 
f 5314 5286 7362 7361 
f 5286 5258 7363 7362 
f 5258 5230 7364 7363 
f 5230 5202 7365 7364 
f 5202 5174 7366 7365 
f 5174 5146 7367 7366 
f 5146 5118 7368 7367 
f 5118 5090 7369 7368 
f 5090 5062 7370 7369 
f 5062 5034 7371 7370 
f 5034 5006 7372 7371 
f 5006 4978 7309 7372 
f 4951 4979 7374 7373 
f 4979 5007 7375 7374 
f 5007 5035 7376 7375 
f 5035 5063 7377 7376 
f 5063 5091 7378 7377 
f 5091 5119 7379 7378 
f 5119 5147 7380 7379 
f 5147 5175 7381 7380 
f 5175 5203 7382 7381 
f 5203 5231 7383 7382 
f 5231 5259 7384 7383 
f 5259 5287 7385 7384 
f 5287 5315 7386 7385 
f 5315 5343 7387 7386 
f 5343 5371 7388 7387 
f 5371 5399 7389 7388 
f 5399 5427 7390 7389 
f 5427 5455 7391 7390 
f 5455 5483 7392 7391 
f 5483 5511 7393 7392 
f 5511 5539 7394 7393 
f 5539 5567 7395 7394 
f 5567 5595 7396 7395 
f 5595 5623 7397 7396 
f 5623 5651 7398 7397 
f 5651 5679 7399 7398 
f 5679 5707 7400 7399 
f 5707 5735 7401 7400 
f 5735 5763 7402 7401 
f 5763 5791 7403 7402 
f 5791 5819 7404 7403 
f 5819 5847 7405 7404 
f 5847 5875 7406 7405 
f 5875 5903 7407 7406 
f 5903 5931 7408 7407 
f 5931 5959 7409 7408 
f 5959 5987 7410 7409 
f 5987 6015 7411 7410 
f 6015 6044 7412 7411 
f 6044 6072 7413 7412 
f 6072 6100 7414 7413 
f 6100 6128 7415 7414 
f 6128 6156 7416 7415 
f 6156 6184 7417 7416 
f 6184 6212 7418 7417 
f 6212 6240 7419 7418 
f 6240 6268 7420 7419 
f 6268 6296 7421 7420 
f 6296 6324 7422 7421 
f 6324 6352 7423 7422 
f 6352 6380 7424 7423 
f 6380 6408 7425 7424 
f 6408 6436 7426 7425 
f 6436 6464 7427 7426 
f 6464 6492 7428 7427 
f 6492 6520 7429 7428 
f 6520 6548 7430 7429 
f 6548 6576 7431 7430 
f 6576 6604 7432 7431 
f 6604 6632 7433 7432 
f 6632 6660 7434 7433 
f 6660 6688 7435 7434 
f 6688 6716 7436 7435 
f 6716 4951 7373 7436 
f 4981 4953 7438 7437 
f 4953 6718 7439 7438 
f 6718 6690 7440 7439 
f 6690 6662 7441 7440 
f 6662 6634 7442 7441 
f 6634 6606 7443 7442 
f 6606 6578 7444 7443 
f 6578 6550 7445 7444 
f 6550 6522 7446 7445 
f 6522 6494 7447 7446 
f 6494 6466 7448 7447 
f 6466 6438 7449 7448 
f 6438 6410 7450 7449 
f 6410 6382 7451 7450 
f 6382 6354 7452 7451 
f 6354 6326 7453 7452 
f 6326 6298 7454 7453 
f 6298 6270 7455 7454 
f 6270 6242 7456 7455 
f 6242 6214 7457 7456 
f 6214 6186 7458 7457 
f 6186 6158 7459 7458 
f 6158 6130 7460 7459 
f 6130 6102 7461 7460 
f 6102 6074 7462 7461 
f 6074 6046 7463 7462 
f 6046 6017 7464 7463 
f 6017 5989 7465 7464 
f 5989 5961 7466 7465 
f 5961 5933 7467 7466 
f 5933 5905 7468 7467 
f 5905 5877 7469 7468 
f 5877 5849 7470 7469 
f 5849 5821 7471 7470 
f 5821 5793 7472 7471 
f 5793 5765 7473 7472 
f 5765 5737 7474 7473 
f 5737 5709 7475 7474 
f 5709 5681 7476 7475 
f 5681 5653 7477 7476 
f 5653 5625 7478 7477 
f 5625 5597 7479 7478 
f 5597 5569 7480 7479 
f 5569 5541 7481 7480 
f 5541 5513 7482 7481 
f 5513 5485 7483 7482 
f 5485 5457 7484 7483 
f 5457 5429 7485 7484 
f 5429 5401 7486 7485 
f 5401 5373 7487 7486 
f 5373 5345 7488 7487 
f 5345 5317 7489 7488 
f 5317 5289 7490 7489 
f 5289 5261 7491 7490 
f 5261 5233 7492 7491 
f 5233 5205 7493 7492 
f 5205 5177 7494 7493 
f 5177 5149 7495 7494 
f 5149 5121 7496 7495 
f 5121 5093 7497 7496 
f 5093 5065 7498 7497 
f 5065 5037 7499 7498 
f 5037 5009 7500 7499 
f 5009 4981 7437 7500 
f 4954 4982 7502 7501 
f 4982 5010 7503 7502 
f 5010 5038 7504 7503 
f 5038 5066 7505 7504 
f 5066 5094 7506 7505 
f 5094 5122 7507 7506 
f 5122 5150 7508 7507 
f 5150 5178 7509 7508 
f 5178 5206 7510 7509 
f 5206 5234 7511 7510 
f 5234 5262 7512 7511 
f 5262 5290 7513 7512 
f 5290 5318 7514 7513 
f 5318 5346 7515 7514 
f 5346 5374 7516 7515 
f 5374 5402 7517 7516 
f 5402 5430 7518 7517 
f 5430 5458 7519 7518 
f 5458 5486 7520 7519 
f 5486 5514 7521 7520 
f 5514 5542 7522 7521 
f 5542 5570 7523 7522 
f 5570 5598 7524 7523 
f 5598 5626 7525 7524 
f 5626 5654 7526 7525 
f 5654 5682 7527 7526 
f 5682 5710 7528 7527 
f 5710 5738 7529 7528 
f 5738 5766 7530 7529 
f 5766 5794 7531 7530 
f 5794 5822 7532 7531 
f 5822 5850 7533 7532 
f 5850 5878 7534 7533 
f 5878 5906 7535 7534 
f 5906 5934 7536 7535 
f 5934 5962 7537 7536 
f 5962 5990 7538 7537 
f 5990 6018 7539 7538 
f 6018 6047 7540 7539 
f 6047 6075 7541 7540 
f 6075 6103 7542 7541 
f 6103 6131 7543 7542 
f 6131 6159 7544 7543 
f 6159 6187 7545 7544 
f 6187 6215 7546 7545 
f 6215 6243 7547 7546 
f 6243 6271 7548 7547 
f 6271 6299 7549 7548 
f 6299 6327 7550 7549 
f 6327 6355 7551 7550 
f 6355 6383 7552 7551 
f 6383 6411 7553 7552 
f 6411 6439 7554 7553 
f 6439 6467 7555 7554 
f 6467 6495 7556 7555 
f 6495 6523 7557 7556 
f 6523 6551 7558 7557 
f 6551 6579 7559 7558 
f 6579 6607 7560 7559 
f 6607 6635 7561 7560 
f 6635 6663 7562 7561 
f 6663 6691 7563 7562 
f 6691 6719 7564 7563 
f 6719 4954 7501 7564 
f 4994 4966 7566 7565 
f 4966 6731 7567 7566 
f 6731 6703 7568 7567 
f 6703 6675 7569 7568 
f 6675 6647 7570 7569 
f 6647 6619 7571 7570 
f 6619 6591 7572 7571 
f 6591 6563 7573 7572 
f 6563 6535 7574 7573 
f 6535 6507 7575 7574 
f 6507 6479 7576 7575 
f 6479 6451 7577 7576 
f 6451 6423 7578 7577 
f 6423 6395 7579 7578 
f 6395 6367 7580 7579 
f 6367 6339 7581 7580 
f 6339 6311 7582 7581 
f 6311 6283 7583 7582 
f 6283 6255 7584 7583 
f 6255 6227 7585 7584 
f 6227 6199 7586 7585 
f 6199 6171 7587 7586 
f 6171 6143 7588 7587 
f 6143 6115 7589 7588 
f 6115 6087 7590 7589 
f 6087 6059 7591 7590 
f 6059 6030 7592 7591 
f 6030 6002 7593 7592 
f 6002 5974 7594 7593 
f 5974 5946 7595 7594 
f 5946 5918 7596 7595 
f 5918 5890 7597 7596 
f 5890 5862 7598 7597 
f 5862 5834 7599 7598 
f 5834 5806 7600 7599 
f 5806 5778 7601 7600 
f 5778 5750 7602 7601 
f 5750 5722 7603 7602 
f 5722 5694 7604 7603 
f 5694 5666 7605 7604 
f 5666 5638 7606 7605 
f 5638 5610 7607 7606 
f 5610 5582 7608 7607 
f 5582 5554 7609 7608 
f 5554 5526 7610 7609 
f 5526 5498 7611 7610 
f 5498 5470 7612 7611 
f 5470 5442 7613 7612 
f 5442 5414 7614 7613 
f 5414 5386 7615 7614 
f 5386 5358 7616 7615 
f 5358 5330 7617 7616 
f 5330 5302 7618 7617 
f 5302 5274 7619 7618 
f 5274 5246 7620 7619 
f 5246 5218 7621 7620 
f 5218 5190 7622 7621 
f 5190 5162 7623 7622 
f 5162 5134 7624 7623 
f 5134 5106 7625 7624 
f 5106 5078 7626 7625 
f 5078 5050 7627 7626 
f 5050 5022 7628 7627 
f 5022 4994 7565 7628 
s 2
f 4989 4961 7630 7629 
f 4961 6726 7631 7630 
f 6726 6698 7632 7631 
f 6698 6670 7633 7632 
f 6670 6642 7634 7633 
f 6642 6614 7635 7634 
f 6614 6586 7636 7635 
f 6586 6558 7637 7636 
f 6558 6530 7638 7637 
f 6530 6502 7639 7638 
f 6502 6474 7640 7639 
f 6474 6446 7641 7640 
f 6446 6418 7642 7641 
f 6418 6390 7643 7642 
f 6390 6362 7644 7643 
f 6362 6334 7645 7644 
f 6334 6306 7646 7645 
f 6306 6278 7647 7646 
f 6278 6250 7648 7647 
f 6250 6222 7649 7648 
f 6222 6194 7650 7649 
f 6194 6166 7651 7650 
f 6166 6138 7652 7651 
f 6138 6110 7653 7652 
f 6110 6082 7654 7653 
f 6082 6054 7655 7654 
f 6054 6025 7656 7655 
f 6025 5997 7657 7656 
f 5997 5969 7658 7657 
f 5969 5941 7659 7658 
f 5941 5913 7660 7659 
f 5913 5885 7661 7660 
f 5885 5857 7662 7661 
f 5857 5829 7663 7662 
f 5829 5801 7664 7663 
f 5801 5773 7665 7664 
f 5773 5745 7666 7665 
f 5745 5717 7667 7666 
f 5717 5689 7668 7667 
f 5689 5661 7669 7668 
f 5661 5633 7670 7669 
f 5633 5605 7671 7670 
f 5605 5577 7672 7671 
f 5577 5549 7673 7672 
f 5549 5521 7674 7673 
f 5521 5493 7675 7674 
f 5493 5465 7676 7675 
f 5465 5437 7677 7676 
f 5437 5409 7678 7677 
f 5409 5381 7679 7678 
f 5381 5353 7680 7679 
f 5353 5325 7681 7680 
f 5325 5297 7682 7681 
f 5297 5269 7683 7682 
f 5269 5241 7684 7683 
f 5241 5213 7685 7684 
f 5213 5185 7686 7685 
f 5185 5157 7687 7686 
f 5157 5129 7688 7687 
f 5129 5101 7689 7688 
f 5101 5073 7690 7689 
f 5073 5045 7691 7690 
f 5045 5017 7692 7691 
f 5017 4989 7629 7692 
f 6735 6737 7694 7693 
f 6737 6752 7695 7694 
f 6752 6761 7696 7695 
f 6761 6770 7697 7696 
f 6770 6779 7698 7697 
f 6779 6788 7699 7698 
f 6788 6797 7700 7699 
f 6797 6806 7701 7700 
f 6806 6815 7702 7701 
f 6815 6824 7703 7702 
f 6824 6833 7704 7703 
f 6833 6842 7705 7704 
f 6842 6851 7706 7705 
f 6851 6860 7707 7706 
f 6860 6869 7708 7707 
f 6869 6878 7709 7708 
f 6878 6887 7710 7709 
f 6887 6896 7711 7710 
f 6896 6905 7712 7711 
f 6905 6914 7713 7712 
f 6914 6923 7714 7713 
f 6923 6932 7715 7714 
f 6932 6941 7716 7715 
f 6941 6950 7717 7716 
f 6950 6959 7718 7717 
f 6959 6968 7719 7718 
f 6968 6977 7720 7719 
f 6977 6986 7721 7720 
f 6986 6995 7722 7721 
f 6995 7004 7723 7722 
f 7004 7013 7724 7723 
f 7013 7022 7725 7724 
f 7022 7031 7726 7725 
f 7031 7040 7727 7726 
f 7040 7049 7728 7727 
f 7049 7058 7729 7728 
f 7058 7067 7730 7729 
f 7067 7076 7731 7730 
f 7076 7085 7732 7731 
f 7085 7094 7733 7732 
f 7094 7103 7734 7733 
f 7103 7112 7735 7734 
f 7112 7121 7736 7735 
f 7121 7130 7737 7736 
f 7130 7139 7738 7737 
f 7139 7148 7739 7738 
f 7148 7157 7740 7739 
f 7157 7166 7741 7740 
f 7166 7175 7742 7741 
f 7175 7184 7743 7742 
f 7184 7193 7744 7743 
f 7193 7202 7745 7744 
f 7202 7211 7746 7745 
f 7211 7220 7747 7746 
f 7220 7229 7748 7747 
f 7229 7238 7749 7748 
f 7238 7247 7750 7749 
f 7247 7256 7751 7750 
f 7256 7265 7752 7751 
f 7265 7274 7753 7752 
f 7274 7283 7754 7753 
f 7283 7292 7755 7754 
f 7292 7301 7756 7755 
f 7301 6735 7693 7756 
s 1
f 7757 7778 9615 9617 
f 9618 9614 7779 7758 
f 7758 7779 7780 7759 
f 7759 7780 7781 7760 
f 7760 7781 7782 7761 
f 7761 7782 7783 7762 
f 7762 7783 7784 7763 
f 7763 7784 7785 7764 
f 7764 7785 7786 7765 
f 7765 7786 7787 7766 
f 7766 7787 7788 7767 
f 7767 7788 7789 7768 
f 7768 7789 10191 10193 
f 10194 10190 7790 7769 
f 7769 7790 7791 7770 
f 7770 7791 7792 7771 
f 7771 7792 7793 7772 
f 9101 9102 9165 9166 
f 7773 7794 7795 7774 
f 7774 7795 7796 7775 
f 7775 7796 9231 9233 
f 9234 9230 9237 9239 
f 9240 9236 7797 7776 
f 7776 7797 7798 7777 
f 7777 7798 9621 9623 
f 9624 9620 9999 10001 
f 10002 9998 7778 7757 
f 7778 7799 9627 9615 
f 9614 9626 7800 7779 
f 7779 7800 7801 7780 
f 7780 7801 7802 7781 
f 7781 7802 7803 7782 
f 7782 7803 7804 7783 
f 7783 7804 7805 7784 
f 7784 7805 7806 7785 
f 7785 7806 7807 7786 
f 7786 7807 7808 7787 
f 7787 7808 7809 7788 
f 7788 7809 7810 7789 
f 7789 7810 10197 10191 
f 10190 10196 7811 7790 
f 7790 7811 7812 7791 
f 7791 7812 7813 7792 
f 7792 7813 7814 7793 
f 9102 9103 9228 9165 
f 7794 7815 7816 7795 
f 7795 7816 7817 7796 
f 7796 7817 9243 9231 
f 9230 9242 9246 9237 
f 9236 9245 7818 7797 
f 7797 7818 7819 7798 
f 7798 7819 9630 9621 
f 9620 9629 10005 9999 
f 9998 10004 7799 7778 
f 7799 7820 9633 9627 
f 9626 9632 7821 7800 
f 7800 7821 7822 7801 
f 7801 7822 7823 7802 
f 7802 7823 7824 7803 
f 7803 7824 7825 7804 
f 7804 7825 7826 7805 
f 7805 7826 7827 7806 
f 7806 7827 7828 7807 
f 7807 7828 7829 7808 
f 7808 7829 7830 7809 
f 7809 7830 7831 7810 
f 7810 7831 10200 10197 
f 10196 10199 7832 7811 
f 7811 7832 7833 7812 
f 7812 7833 7834 7813 
f 7813 7834 7835 7814 
f 9103 9104 9227 9228 
f 7815 7836 7837 7816 
f 7816 7837 7838 7817 
f 7817 7838 9249 9243 
f 9242 9248 9252 9246 
f 9245 9251 7839 7818 
f 7818 7839 7840 7819 
f 7819 7840 9636 9630 
f 9629 9635 10008 10005 
f 10004 10007 7820 7799 
f 7820 7841 9639 9633 
f 9632 9638 7842 7821 
f 7821 7842 7843 7822 
f 7822 7843 7844 7823 
f 7823 7844 7845 7824 
f 7824 7845 7846 7825 
f 7825 7846 7847 7826 
f 7826 7847 7848 7827 
f 7827 7848 7849 7828 
f 7828 7849 7850 7829 
f 7829 7850 7851 7830 
f 7830 7851 7852 7831 
f 7831 7852 10203 10200 
f 10199 10202 7853 7832 
f 7832 7853 7854 7833 
f 7833 7854 7855 7834 
f 7834 7855 7856 7835 
f 9104 9105 9226 9227 
f 7836 7857 7858 7837 
f 7837 7858 7859 7838 
f 7838 7859 9255 9249 
f 9248 9254 9258 9252 
f 9251 9257 7860 7839 
f 7839 7860 7861 7840 
f 7840 7861 9642 9636 
f 9635 9641 10011 10008 
f 10007 10010 7841 7820 
f 7841 7862 9645 9639 
f 9638 9644 7863 7842 
f 7842 7863 7864 7843 
f 7843 7864 7865 7844 
f 7844 7865 7866 7845 
f 7845 7866 7867 7846 
f 7846 7867 7868 7847 
f 7847 7868 7869 7848 
f 7848 7869 7870 7849 
f 7849 7870 7871 7850 
f 7850 7871 7872 7851 
f 7851 7872 7873 7852 
f 7852 7873 10206 10203 
f 10202 10205 7874 7853 
f 7853 7874 7875 7854 
f 7854 7875 7876 7855 
f 7855 7876 7877 7856 
f 9105 9106 9225 9226 
f 7857 7878 7879 7858 
f 7858 7879 7880 7859 
f 7859 7880 9261 9255 
f 9254 9260 9264 9258 
f 9257 9263 7881 7860 
f 7860 7881 7882 7861 
f 7861 7882 9648 9642 
f 9641 9647 10014 10011 
f 10010 10013 7862 7841 
f 7862 7883 9651 9645 
f 9644 9650 7884 7863 
f 7863 7884 7885 7864 
f 7864 7885 7886 7865 
f 7865 7886 7887 7866 
f 7866 7887 7888 7867 
f 7867 7888 7889 7868 
f 7868 7889 7890 7869 
f 7869 7890 7891 7870 
f 7870 7891 7892 7871 
f 7871 7892 7893 7872 
f 7872 7893 7894 7873 
f 7873 7894 10209 10206 
f 10205 10208 7895 7874 
f 7874 7895 7896 7875 
f 7875 7896 7897 7876 
f 7876 7897 7898 7877 
f 9106 9107 9224 9225 
f 7878 7899 7900 7879 
f 7879 7900 7901 7880 
f 7880 7901 9267 9261 
f 9260 9266 9270 9264 
f 9263 9269 7902 7881 
f 7881 7902 7903 7882 
f 7882 7903 9654 9648 
f 9647 9653 10017 10014 
f 10013 10016 7883 7862 
f 7883 7904 9657 9651 
f 9650 9656 7905 7884 
f 7884 7905 7906 7885 
f 7885 7906 7907 7886 
f 7886 7907 7908 7887 
f 7887 7908 7909 7888 
f 7888 7909 7910 7889 
f 7889 7910 7911 7890 
f 7890 7911 7912 7891 
f 7891 7912 7913 7892 
f 7892 7913 7914 7893 
f 7893 7914 7915 7894 
f 7894 7915 10212 10209 
f 10208 10211 7916 7895 
f 7895 7916 7917 7896 
f 7896 7917 7918 7897 
f 7897 7918 7919 7898 
f 9107 9108 9223 9224 
f 7899 7920 7921 7900 
f 7900 7921 7922 7901 
f 7901 7922 9273 9267 
f 9266 9272 9276 9270 
f 9269 9275 7923 7902 
f 7902 7923 7924 7903 
f 7903 7924 9660 9654 
f 9653 9659 10020 10017 
f 10016 10019 7904 7883 
f 7904 7925 9663 9657 
f 9656 9662 7926 7905 
f 7905 7926 7927 7906 
f 7906 7927 7928 7907 
f 7907 7928 7929 7908 
f 7908 7929 7930 7909 
f 7909 7930 7931 7910 
f 7910 7931 7932 7911 
f 7911 7932 7933 7912 
f 7912 7933 7934 7913 
f 7913 7934 7935 7914 
f 7914 7935 7936 7915 
f 7915 7936 10215 10212 
f 10211 10214 7937 7916 
f 7916 7937 7938 7917 
f 7917 7938 7939 7918 
f 7918 7939 7940 7919 
f 9108 9109 9222 9223 
f 7920 7941 7942 7921 
f 7921 7942 7943 7922 
f 7922 7943 9279 9273 
f 9272 9278 9282 9276 
f 9275 9281 7944 7923 
f 7923 7944 7945 7924 
f 7924 7945 9666 9660 
f 9659 9665 10023 10020 
f 10019 10022 7925 7904 
f 7925 7946 9669 9663 
f 9662 9668 7947 7926 
f 7926 7947 7948 7927 
f 7927 7948 7949 7928 
f 7928 7949 7950 7929 
f 7929 7950 7951 7930 
f 7930 7951 7952 7931 
f 7931 7952 7953 7932 
f 7932 7953 7954 7933 
f 7933 7954 7955 7934 
f 7934 7955 7956 7935 
f 7935 7956 7957 7936 
f 7936 7957 10218 10215 
f 10214 10217 7958 7937 
f 7937 7958 7959 7938 
f 7938 7959 7960 7939 
f 7939 7960 7961 7940 
f 9109 9110 9221 9222 
f 7941 7962 7963 7942 
f 7942 7963 7964 7943 
f 7943 7964 9285 9279 
f 9278 9284 9288 9282 
f 9281 9287 7965 7944 
f 7944 7965 7966 7945 
f 7945 7966 9672 9666 
f 9665 9671 10026 10023 
f 10022 10025 7946 7925 
f 7946 7967 9675 9669 
f 9668 9674 7968 7947 
f 7947 7968 7969 7948 
f 7948 7969 7970 7949 
f 7949 7970 7971 7950 
f 7950 7971 7972 7951 
f 7951 7972 7973 7952 
f 7952 7973 7974 7953 
f 7953 7974 7975 7954 
f 7954 7975 7976 7955 
f 7955 7976 7977 7956 
f 7956 7977 7978 7957 
f 7957 7978 10221 10218 
f 10217 10220 7979 7958 
f 7958 7979 7980 7959 
f 7959 7980 7981 7960 
f 7960 7981 7982 7961 
f 9110 9111 9220 9221 
f 7962 7983 7984 7963 
f 7963 7984 7985 7964 
f 7964 7985 9291 9285 
f 9284 9290 9294 9288 
f 9287 9293 7986 7965 
f 7965 7986 7987 7966 
f 7966 7987 9678 9672 
f 9671 9677 10029 10026 
f 10025 10028 7967 7946 
f 7967 7988 9681 9675 
f 9674 9680 7989 7968 
f 7968 7989 7990 7969 
f 7969 7990 7991 7970 
f 7970 7991 7992 7971 
f 7971 7992 7993 7972 
f 7972 7993 7994 7973 
f 7973 7994 7995 7974 
f 7974 7995 7996 7975 
f 7975 7996 7997 7976 
f 7976 7997 7998 7977 
f 7977 7998 7999 7978 
f 7978 7999 10224 10221 
f 10220 10223 8000 7979 
f 7979 8000 8001 7980 
f 7980 8001 8002 7981 
f 7981 8002 8003 7982 
f 9111 9112 9219 9220 
f 7983 8004 8005 7984 
f 7984 8005 8006 7985 
f 7985 8006 9297 9291 
f 9290 9296 9300 9294 
f 9293 9299 8007 7986 
f 7986 8007 8008 7987 
f 7987 8008 9684 9678 
f 9677 9683 10032 10029 
f 10028 10031 7988 7967 
f 7988 8009 9687 9681 
f 9680 9686 8010 7989 
f 7989 8010 8011 7990 
f 7990 8011 8012 7991 
f 7991 8012 8013 7992 
f 7992 8013 8014 7993 
f 7993 8014 8015 7994 
f 7994 8015 8016 7995 
f 7995 8016 8017 7996 
f 7996 8017 8018 7997 
f 7997 8018 8019 7998 
f 7998 8019 8020 7999 
f 7999 8020 10227 10224 
f 10223 10226 8021 8000 
f 8000 8021 8022 8001 
f 8001 8022 8023 8002 
f 8002 8023 8024 8003 
f 9112 9113 9218 9219 
f 8004 8025 8026 8005 
f 8005 8026 8027 8006 
f 8006 8027 9303 9297 
f 9296 9302 9306 9300 
f 9299 9305 8028 8007 
f 8007 8028 8029 8008 
f 8008 8029 9690 9684 
f 9683 9689 10035 10032 
f 10031 10034 8009 7988 
f 8009 8030 9693 9687 
f 9686 9692 8031 8010 
f 8010 8031 8032 8011 
f 8011 8032 8033 8012 
f 8012 8033 8034 8013 
f 8013 8034 8035 8014 
f 8014 8035 8036 8015 
f 8015 8036 8037 8016 
f 8016 8037 8038 8017 
f 8017 8038 8039 8018 
f 8018 8039 8040 8019 
f 8019 8040 8041 8020 
f 8020 8041 10230 10227 
f 10226 10229 8042 8021 
f 8021 8042 8043 8022 
f 8022 8043 8044 8023 
f 8023 8044 8045 8024 
f 9113 9114 9217 9218 
f 8025 8046 8047 8026 
f 8026 8047 8048 8027 
f 8027 8048 9309 9303 
f 9302 9308 9312 9306 
f 9305 9311 8049 8028 
f 8028 8049 8050 8029 
f 8029 8050 9696 9690 
f 9689 9695 10038 10035 
f 10034 10037 8030 8009 
f 8030 8051 9699 9693 
f 9692 9698 8052 8031 
f 8031 8052 8053 8032 
f 8032 8053 8054 8033 
f 8033 8054 8055 8034 
f 8034 8055 8056 8035 
f 8035 8056 8057 8036 
f 8036 8057 8058 8037 
f 8037 8058 8059 8038 
f 8038 8059 8060 8039 
f 8039 8060 8061 8040 
f 8040 8061 8062 8041 
f 8041 8062 10233 10230 
f 10229 10232 8063 8042 
f 8042 8063 8064 8043 
f 8043 8064 8065 8044 
f 8044 8065 8066 8045 
f 9114 9115 9216 9217 
f 8046 8067 8068 8047 
f 8047 8068 8069 8048 
f 8048 8069 9315 9309 
f 9308 9314 9318 9312 
f 9311 9317 8070 8049 
f 8049 8070 8071 8050 
f 8050 8071 9702 9696 
f 9695 9701 10041 10038 
f 10037 10040 8051 8030 
f 8051 8072 9705 9699 
f 9698 9704 8073 8052 
f 8052 8073 8074 8053 
f 8053 8074 8075 8054 
f 8054 8075 8076 8055 
f 8055 8076 8077 8056 
f 8056 8077 8078 8057 
f 8057 8078 8079 8058 
f 8058 8079 8080 8059 
f 8059 8080 8081 8060 
f 8060 8081 8082 8061 
f 8061 8082 8083 8062 
f 8062 8083 10236 10233 
f 10232 10235 8084 8063 
f 8063 8084 8085 8064 
f 8064 8085 8086 8065 
f 8065 8086 8087 8066 
f 9115 9116 9215 9216 
f 8067 8088 8089 8068 
f 8068 8089 8090 8069 
f 8069 8090 9321 9315 
f 9314 9320 9324 9318 
f 9317 9323 8091 8070 
f 8070 8091 8092 8071 
f 8071 8092 9708 9702 
f 9701 9707 10044 10041 
f 10040 10043 8072 8051 
f 8072 8093 9711 9705 
f 9704 9710 8094 8073 
f 8073 8094 8095 8074 
f 8074 8095 8096 8075 
f 8075 8096 8097 8076 
f 8076 8097 8098 8077 
f 8077 8098 8099 8078 
f 8078 8099 8100 8079 
f 8079 8100 8101 8080 
f 8080 8101 8102 8081 
f 8081 8102 8103 8082 
f 8082 8103 8104 8083 
f 8083 8104 10239 10236 
f 10235 10238 8105 8084 
f 8084 8105 8106 8085 
f 8085 8106 8107 8086 
f 8086 8107 8108 8087 
f 9116 9117 9214 9215 
f 8088 8109 8110 8089 
f 8089 8110 8111 8090 
f 8090 8111 9327 9321 
f 9320 9326 9330 9324 
f 9323 9329 8112 8091 
f 8091 8112 8113 8092 
f 8092 8113 9714 9708 
f 9707 9713 10047 10044 
f 10043 10046 8093 8072 
f 8093 8114 9717 9711 
f 9710 9716 8115 8094 
f 8094 8115 8116 8095 
f 8095 8116 8117 8096 
f 8096 8117 8118 8097 
f 8097 8118 8119 8098 
f 8098 8119 8120 8099 
f 8099 8120 8121 8100 
f 8100 8121 8122 8101 
f 8101 8122 8123 8102 
f 8102 8123 8124 8103 
f 8103 8124 8125 8104 
f 8104 8125 10242 10239 
f 10238 10241 8126 8105 
f 8105 8126 8127 8106 
f 8106 8127 8128 8107 
f 8107 8128 8129 8108 
f 9117 9118 9213 9214 
f 8109 8130 8131 8110 
f 8110 8131 8132 8111 
f 8111 8132 9333 9327 
f 9326 9332 9336 9330 
f 9329 9335 8133 8112 
f 8112 8133 8134 8113 
f 8113 8134 9720 9714 
f 9713 9719 10050 10047 
f 10046 10049 8114 8093 
f 8114 8135 9723 9717 
f 9716 9722 8136 8115 
f 8115 8136 8137 8116 
f 8116 8137 8138 8117 
f 8117 8138 8139 8118 
f 8118 8139 8140 8119 
f 8119 8140 8141 8120 
f 8120 8141 8142 8121 
f 8121 8142 8143 8122 
f 8122 8143 8144 8123 
f 8123 8144 8145 8124 
f 8124 8145 8146 8125 
f 8125 8146 10245 10242 
f 10241 10244 8147 8126 
f 8126 8147 8148 8127 
f 8127 8148 8149 8128 
f 8128 8149 8150 8129 
f 9118 9119 9212 9213 
f 8130 8151 8152 8131 
f 8131 8152 8153 8132 
f 8132 8153 9339 9333 
f 9332 9338 9342 9336 
f 9335 9341 8154 8133 
f 8133 8154 8155 8134 
f 8134 8155 9726 9720 
f 9719 9725 10053 10050 
f 10049 10052 8135 8114 
f 8135 8156 9729 9723 
f 9722 9728 8157 8136 
f 8136 8157 8158 8137 
f 8137 8158 8159 8138 
f 8138 8159 8160 8139 
f 8139 8160 8161 8140 
f 8140 8161 8162 8141 
f 8141 8162 8163 8142 
f 8142 8163 8164 8143 
f 8143 8164 8165 8144 
f 8144 8165 8166 8145 
f 8145 8166 8167 8146 
f 8146 8167 10248 10245 
f 10244 10247 8168 8147 
f 8147 8168 8169 8148 
f 8148 8169 8170 8149 
f 8149 8170 8171 8150 
f 9119 9120 9211 9212 
f 8151 8172 8173 8152 
f 8152 8173 8174 8153 
f 8153 8174 9345 9339 
f 9338 9344 9348 9342 
f 9341 9347 8175 8154 
f 8154 8175 8176 8155 
f 8155 8176 9732 9726 
f 9725 9731 10056 10053 
f 10052 10055 8156 8135 
f 8156 8177 9735 9729 
f 9728 9734 8178 8157 
f 8157 8178 8179 8158 
f 8158 8179 8180 8159 
f 8159 8180 8181 8160 
f 8160 8181 8182 8161 
f 8161 8182 8183 8162 
f 8162 8183 8184 8163 
f 8163 8184 8185 8164 
f 8164 8185 8186 8165 
f 8165 8186 8187 8166 
f 8166 8187 8188 8167 
f 8167 8188 10251 10248 
f 10247 10250 8189 8168 
f 8168 8189 8190 8169 
f 8169 8190 8191 8170 
f 8170 8191 8192 8171 
f 9120 9121 9210 9211 
f 8172 8193 8194 8173 
f 8173 8194 8195 8174 
f 8174 8195 9351 9345 
f 9344 9350 9354 9348 
f 9347 9353 8196 8175 
f 8175 8196 8197 8176 
f 8176 8197 9738 9732 
f 9731 9737 10059 10056 
f 10055 10058 8177 8156 
f 8177 8198 9741 9735 
f 9734 9740 8199 8178 
f 8178 8199 8200 8179 
f 8179 8200 8201 8180 
f 8180 8201 8202 8181 
f 8181 8202 8203 8182 
f 8182 8203 8204 8183 
f 8183 8204 8205 8184 
f 8184 8205 8206 8185 
f 8185 8206 8207 8186 
f 8186 8207 8208 8187 
f 8187 8208 8209 8188 
f 8188 8209 10254 10251 
f 10250 10253 8210 8189 
f 8189 8210 8211 8190 
f 8190 8211 8212 8191 
f 8191 8212 8213 8192 
f 9121 9122 9209 9210 
f 8193 8214 8215 8194 
f 8194 8215 8216 8195 
f 8195 8216 9357 9351 
f 9350 9356 9360 9354 
f 9353 9359 8217 8196 
f 8196 8217 8218 8197 
f 8197 8218 9744 9738 
f 9737 9743 10062 10059 
f 10058 10061 8198 8177 
f 8198 8219 9747 9741 
f 9740 9746 8220 8199 
f 8199 8220 8221 8200 
f 8200 8221 8222 8201 
f 8201 8222 8223 8202 
f 8202 8223 8224 8203 
f 8203 8224 8225 8204 
f 8204 8225 8226 8205 
f 8205 8226 8227 8206 
f 8206 8227 8228 8207 
f 8207 8228 8229 8208 
f 8208 8229 8230 8209 
f 8209 8230 10257 10254 
f 10253 10256 8231 8210 
f 8210 8231 8232 8211 
f 8211 8232 8233 8212 
f 8212 8233 8234 8213 
f 9122 9123 9208 9209 
f 8214 8235 8236 8215 
f 8215 8236 8237 8216 
f 8216 8237 9363 9357 
f 9356 9362 9366 9360 
f 9359 9365 8238 8217 
f 8217 8238 8239 8218 
f 8218 8239 9750 9744 
f 9743 9749 10065 10062 
f 10061 10064 8219 8198 
f 8219 8240 9753 9747 
f 9746 9752 8241 8220 
f 8220 8241 8242 8221 
f 8221 8242 8243 8222 
f 8222 8243 8244 8223 
f 8223 8244 8245 8224 
f 8224 8245 8246 8225 
f 8225 8246 8247 8226 
f 8226 8247 8248 8227 
f 8227 8248 8249 8228 
f 8228 8249 8250 8229 
f 8229 8250 8251 8230 
f 8230 8251 10260 10257 
f 10256 10259 8252 8231 
f 8231 8252 8253 8232 
f 8232 8253 8254 8233 
f 8233 8254 8255 8234 
f 9123 9124 9207 9208 
f 8235 8256 8257 8236 
f 8236 8257 8258 8237 
f 8237 8258 9369 9363 
f 9362 9368 9372 9366 
f 9365 9371 8259 8238 
f 8238 8259 8260 8239 
f 8239 8260 9756 9750 
f 9749 9755 10068 10065 
f 10064 10067 8240 8219 
f 8240 8261 9759 9753 
f 9752 9758 8262 8241 
f 8241 8262 8263 8242 
f 8242 8263 8264 8243 
f 8243 8264 8265 8244 
f 8244 8265 8266 8245 
f 8245 8266 8267 8246 
f 8246 8267 8268 8247 
f 8247 8268 8269 8248 
f 8248 8269 8270 8249 
f 8249 8270 8271 8250 
f 8250 8271 8272 8251 
f 8251 8272 10263 10260 
f 10259 10262 8273 8252 
f 8252 8273 8274 8253 
f 8253 8274 8275 8254 
f 8254 8275 8276 8255 
f 9124 9125 9206 9207 
f 8256 8277 8278 8257 
f 8257 8278 8279 8258 
f 8258 8279 9375 9369 
f 9368 9374 9378 9372 
f 9371 9377 8280 8259 
f 8259 8280 8281 8260 
f 8260 8281 9762 9756 
f 9755 9761 10071 10068 
f 10067 10070 8261 8240 
f 8261 8282 9765 9759 
f 9758 9764 8283 8262 
f 8262 8283 8284 8263 
f 8263 8284 8285 8264 
f 8264 8285 8286 8265 
f 8265 8286 8287 8266 
f 8266 8287 8288 8267 
f 8267 8288 8289 8268 
f 8268 8289 8290 8269 
f 8269 8290 8291 8270 
f 8270 8291 8292 8271 
f 8271 8292 8293 8272 
f 8272 8293 10266 10263 
f 10262 10265 8294 8273 
f 8273 8294 8295 8274 
f 8274 8295 8296 8275 
f 8275 8296 8297 8276 
f 9125 9126 9205 9206 
f 8277 8298 8299 8278 
f 8278 8299 8300 8279 
f 8279 8300 9381 9375 
f 9374 9380 9384 9378 
f 9377 9383 8301 8280 
f 8280 8301 8302 8281 
f 8281 8302 9768 9762 
f 9761 9767 10074 10071 
f 10070 10073 8282 8261 
f 8282 8303 9771 9765 
f 9764 9770 8304 8283 
f 8283 8304 8305 8284 
f 8284 8305 8306 8285 
f 8285 8306 8307 8286 
f 8286 8307 8308 8287 
f 8287 8308 8309 8288 
f 8288 8309 8310 8289 
f 8289 8310 8311 8290 
f 8290 8311 8312 8291 
f 8291 8312 8313 8292 
f 8292 8313 8314 8293 
f 8293 8314 10269 10266 
f 10265 10268 8315 8294 
f 8294 8315 8316 8295 
f 8295 8316 8317 8296 
f 8296 8317 8318 8297 
f 9126 9127 9204 9205 
f 8298 8319 8320 8299 
f 8299 8320 8321 8300 
f 8300 8321 9387 9381 
f 9380 9386 9390 9384 
f 9383 9389 8322 8301 
f 8301 8322 8323 8302 
f 8302 8323 9774 9768 
f 9767 9773 10077 10074 
f 10073 10076 8303 8282 
f 8303 8324 9777 9771 
f 9770 9776 8325 8304 
f 8304 8325 8326 8305 
f 8305 8326 8327 8306 
f 8306 8327 8328 8307 
f 8307 8328 8329 8308 
f 8308 8329 8330 8309 
f 8309 8330 8331 8310 
f 8310 8331 8332 8311 
f 8311 8332 8333 8312 
f 8312 8333 8334 8313 
f 8313 8334 8335 8314 
f 8314 8335 10272 10269 
f 10268 10271 8336 8315 
f 8315 8336 8337 8316 
f 8316 8337 8338 8317 
f 8317 8338 8339 8318 
f 9127 9128 9203 9204 
f 8319 8340 8341 8320 
f 8320 8341 8342 8321 
f 8321 8342 9393 9387 
f 9386 9392 9396 9390 
f 9389 9395 8343 8322 
f 8322 8343 8344 8323 
f 8323 8344 9780 9774 
f 9773 9779 10080 10077 
f 10076 10079 8324 8303 
f 8324 8345 9783 9777 
f 9776 9782 8346 8325 
f 8325 8346 8347 8326 
f 8326 8347 8348 8327 
f 8327 8348 8349 8328 
f 8328 8349 8350 8329 
f 8329 8350 8351 8330 
f 8330 8351 8352 8331 
f 8331 8352 8353 8332 
f 8332 8353 8354 8333 
f 8333 8354 8355 8334 
f 8334 8355 8356 8335 
f 8335 8356 10275 10272 
f 10271 10274 8357 8336 
f 8336 8357 8358 8337 
f 8337 8358 8359 8338 
f 8338 8359 8360 8339 
f 9128 9129 9202 9203 
f 8340 8361 8362 8341 
f 8341 8362 8363 8342 
f 8342 8363 9399 9393 
f 9392 9398 9402 9396 
f 9395 9401 8364 8343 
f 8343 8364 8365 8344 
f 8344 8365 9786 9780 
f 9779 9785 10083 10080 
f 10079 10082 8345 8324 
f 8345 8366 9789 9783 
f 9782 9788 8367 8346 
f 8346 8367 8368 8347 
f 8347 8368 8369 8348 
f 8348 8369 8370 8349 
f 8349 8370 8371 8350 
f 8350 8371 8372 8351 
f 8351 8372 8373 8352 
f 8352 8373 8374 8353 
f 8353 8374 8375 8354 
f 8354 8375 8376 8355 
f 8355 8376 8377 8356 
f 8356 8377 10278 10275 
f 10274 10277 8378 8357 
f 8357 8378 8379 8358 
f 8358 8379 8380 8359 
f 8359 8380 8381 8360 
f 9129 9130 9201 9202 
f 8361 8382 8383 8362 
f 8362 8383 8384 8363 
f 8363 8384 9405 9399 
f 9398 9404 9408 9402 
f 9401 9407 8385 8364 
f 8364 8385 8386 8365 
f 8365 8386 9792 9786 
f 9785 9791 10086 10083 
f 10082 10085 8366 8345 
f 8366 8387 9795 9789 
f 9788 9794 8388 8367 
f 8367 8388 8389 8368 
f 8368 8389 8390 8369 
f 8369 8390 8391 8370 
f 8370 8391 8392 8371 
f 8371 8392 8393 8372 
f 8372 8393 8394 8373 
f 8373 8394 8395 8374 
f 8374 8395 8396 8375 
f 8375 8396 8397 8376 
f 8376 8397 8398 8377 
f 8377 8398 10281 10278 
f 10277 10280 8399 8378 
f 8378 8399 8400 8379 
f 8379 8400 8401 8380 
f 8380 8401 8402 8381 
f 9130 9131 9200 9201 
f 8382 8403 8404 8383 
f 8383 8404 8405 8384 
f 8384 8405 9411 9405 
f 9404 9410 9414 9408 
f 9407 9413 8406 8385 
f 8385 8406 8407 8386 
f 8386 8407 9798 9792 
f 9791 9797 10089 10086 
f 10085 10088 8387 8366 
f 8387 8408 9801 9795 
f 9794 9800 8409 8388 
f 8388 8409 8410 8389 
f 8389 8410 8411 8390 
f 8390 8411 8412 8391 
f 8391 8412 8413 8392 
f 8392 8413 8414 8393 
f 8393 8414 8415 8394 
f 8394 8415 8416 8395 
f 8395 8416 8417 8396 
f 8396 8417 8418 8397 
f 8397 8418 8419 8398 
f 8398 8419 10284 10281 
f 10280 10283 8420 8399 
f 8399 8420 8421 8400 
f 8400 8421 8422 8401 
f 8401 8422 8423 8402 
f 9131 9132 9199 9200 
f 8403 8424 8425 8404 
f 8404 8425 8426 8405 
f 8405 8426 9417 9411 
f 9410 9416 9420 9414 
f 9413 9419 8427 8406 
f 8406 8427 8428 8407 
f 8407 8428 9804 9798 
f 9797 9803 10092 10089 
f 10088 10091 8408 8387 
f 8408 8429 9807 9801 
f 9800 9806 8430 8409 
f 8409 8430 8431 8410 
f 8410 8431 8432 8411 
f 8411 8432 8433 8412 
f 8412 8433 8434 8413 
f 8413 8434 8435 8414 
f 8414 8435 8436 8415 
f 8415 8436 8437 8416 
f 8416 8437 8438 8417 
f 8417 8438 8439 8418 
f 8418 8439 8440 8419 
f 8419 8440 10287 10284 
f 10283 10286 8441 8420 
f 8420 8441 8442 8421 
f 8421 8442 8443 8422 
f 8422 8443 8444 8423 
f 9132 9133 9198 9199 
f 8424 8445 8446 8425 
f 8425 8446 8447 8426 
f 8426 8447 9423 9417 
f 9416 9422 9426 9420 
f 9419 9425 8448 8427 
f 8427 8448 8449 8428 
f 8428 8449 9810 9804 
f 9803 9809 10095 10092 
f 10091 10094 8429 8408 
f 8429 8450 9813 9807 
f 9806 9812 8451 8430 
f 8430 8451 8452 8431 
f 8431 8452 8453 8432 
f 8432 8453 8454 8433 
f 8433 8454 8455 8434 
f 8434 8455 8456 8435 
f 8435 8456 8457 8436 
f 8436 8457 8458 8437 
f 8437 8458 8459 8438 
f 8438 8459 8460 8439 
f 8439 8460 8461 8440 
f 8440 8461 10290 10287 
f 10286 10289 8462 8441 
f 8441 8462 8463 8442 
f 8442 8463 8464 8443 
f 8443 8464 8465 8444 
f 9133 9134 9197 9198 
f 8445 8466 8467 8446 
f 8446 8467 8468 8447 
f 8447 8468 9429 9423 
f 9422 9428 9432 9426 
f 9425 9431 8469 8448 
f 8448 8469 8470 8449 
f 8449 8470 9816 9810 
f 9809 9815 10098 10095 
f 10094 10097 8450 8429 
f 8450 8471 9819 9813 
f 9812 9818 8472 8451 
f 8451 8472 8473 8452 
f 8452 8473 8474 8453 
f 8453 8474 8475 8454 
f 8454 8475 8476 8455 
f 8455 8476 8477 8456 
f 8456 8477 8478 8457 
f 8457 8478 8479 8458 
f 8458 8479 8480 8459 
f 8459 8480 8481 8460 
f 8460 8481 8482 8461 
f 8461 8482 10293 10290 
f 10289 10292 8483 8462 
f 8462 8483 8484 8463 
f 8463 8484 8485 8464 
f 8464 8485 8486 8465 
f 9134 9135 9196 9197 
f 8466 8487 8488 8467 
f 8467 8488 8489 8468 
f 8468 8489 9435 9429 
f 9428 9434 9438 9432 
f 9431 9437 8490 8469 
f 8469 8490 8491 8470 
f 8470 8491 9822 9816 
f 9815 9821 10101 10098 
f 10097 10100 8471 8450 
f 8471 8492 9825 9819 
f 9818 9824 8493 8472 
f 8472 8493 8494 8473 
f 8473 8494 8495 8474 
f 8474 8495 8496 8475 
f 8475 8496 8497 8476 
f 8476 8497 8498 8477 
f 8477 8498 8499 8478 
f 8478 8499 8500 8479 
f 8479 8500 8501 8480 
f 8480 8501 8502 8481 
f 8481 8502 8503 8482 
f 8482 8503 10296 10293 
f 10292 10295 8504 8483 
f 8483 8504 8505 8484 
f 8484 8505 8506 8485 
f 8485 8506 8507 8486 
f 9135 9136 9195 9196 
f 8487 8508 8509 8488 
f 8488 8509 8510 8489 
f 8489 8510 9441 9435 
f 9434 9440 9444 9438 
f 9437 9443 8511 8490 
f 8490 8511 8512 8491 
f 8491 8512 9828 9822 
f 9821 9827 10104 10101 
f 10100 10103 8492 8471 
f 8492 8513 9831 9825 
f 9824 9830 8514 8493 
f 8493 8514 8515 8494 
f 8494 8515 8516 8495 
f 8495 8516 8517 8496 
f 8496 8517 8518 8497 
f 8497 8518 8519 8498 
f 8498 8519 8520 8499 
f 8499 8520 8521 8500 
f 8500 8521 8522 8501 
f 8501 8522 8523 8502 
f 8502 8523 8524 8503 
f 8503 8524 10299 10296 
f 10295 10298 8525 8504 
f 8504 8525 8526 8505 
f 8505 8526 8527 8506 
f 8506 8527 8528 8507 
f 9136 9137 9194 9195 
f 8508 8529 8530 8509 
f 8509 8530 8531 8510 
f 8510 8531 9447 9441 
f 9440 9446 9450 9444 
f 9443 9449 8532 8511 
f 8511 8532 8533 8512 
f 8512 8533 9834 9828 
f 9827 9833 10107 10104 
f 10103 10106 8513 8492 
f 8513 8534 9837 9831 
f 9830 9836 8535 8514 
f 8514 8535 8536 8515 
f 8515 8536 8537 8516 
f 8516 8537 8538 8517 
f 8517 8538 8539 8518 
f 8518 8539 8540 8519 
f 8519 8540 8541 8520 
f 8520 8541 8542 8521 
f 8521 8542 8543 8522 
f 8522 8543 8544 8523 
f 8523 8544 8545 8524 
f 8524 8545 10302 10299 
f 10298 10301 8546 8525 
f 8525 8546 8547 8526 
f 8526 8547 8548 8527 
f 8527 8548 8549 8528 
f 9137 9138 9193 9194 
f 8529 8550 8551 8530 
f 8530 8551 8552 8531 
f 8531 8552 9453 9447 
f 9446 9452 9456 9450 
f 9449 9455 8553 8532 
f 8532 8553 8554 8533 
f 8533 8554 9840 9834 
f 9833 9839 10110 10107 
f 10106 10109 8534 8513 
f 8534 8555 9843 9837 
f 9836 9842 8556 8535 
f 8535 8556 8557 8536 
f 8536 8557 8558 8537 
f 8537 8558 8559 8538 
f 8538 8559 8560 8539 
f 8539 8560 8561 8540 
f 8540 8561 8562 8541 
f 8541 8562 8563 8542 
f 8542 8563 8564 8543 
f 8543 8564 8565 8544 
f 8544 8565 8566 8545 
f 8545 8566 10305 10302 
f 10301 10304 8567 8546 
f 8546 8567 8568 8547 
f 8547 8568 8569 8548 
f 8548 8569 8570 8549 
f 9138 9139 9192 9193 
f 8550 8571 8572 8551 
f 8551 8572 8573 8552 
f 8552 8573 9459 9453 
f 9452 9458 9462 9456 
f 9455 9461 8574 8553 
f 8553 8574 8575 8554 
f 8554 8575 9846 9840 
f 9839 9845 10113 10110 
f 10109 10112 8555 8534 
f 8555 8576 9849 9843 
f 9842 9848 8577 8556 
f 8556 8577 8578 8557 
f 8557 8578 8579 8558 
f 8558 8579 8580 8559 
f 8559 8580 8581 8560 
f 8560 8581 8582 8561 
f 8561 8582 8583 8562 
f 8562 8583 8584 8563 
f 8563 8584 8585 8564 
f 8564 8585 8586 8565 
f 8565 8586 8587 8566 
f 8566 8587 10308 10305 
f 10304 10307 8588 8567 
f 8567 8588 8589 8568 
f 8568 8589 8590 8569 
f 8569 8590 8591 8570 
f 9139 9140 9191 9192 
f 8571 8592 8593 8572 
f 8572 8593 8594 8573 
f 8573 8594 9465 9459 
f 9458 9464 9468 9462 
f 9461 9467 8595 8574 
f 8574 8595 8596 8575 
f 8575 8596 9852 9846 
f 9845 9851 10116 10113 
f 10112 10115 8576 8555 
f 8576 8597 9855 9849 
f 9848 9854 8598 8577 
f 8577 8598 8599 8578 
f 8578 8599 8600 8579 
f 8579 8600 8601 8580 
f 8580 8601 8602 8581 
f 8581 8602 8603 8582 
f 8582 8603 8604 8583 
f 8583 8604 8605 8584 
f 8584 8605 8606 8585 
f 8585 8606 8607 8586 
f 8586 8607 8608 8587 
f 8587 8608 10311 10308 
f 10307 10310 8609 8588 
f 8588 8609 8610 8589 
f 8589 8610 8611 8590 
f 8590 8611 8612 8591 
f 9140 9141 9190 9191 
f 8592 8613 8614 8593 
f 8593 8614 8615 8594 
f 8594 8615 9471 9465 
f 9464 9470 9474 9468 
f 9467 9473 8616 8595 
f 8595 8616 8617 8596 
f 8596 8617 9858 9852 
f 9851 9857 10119 10116 
f 10115 10118 8597 8576 
f 8597 8618 9861 9855 
f 9854 9860 8619 8598 
f 8598 8619 8620 8599 
f 8599 8620 8621 8600 
f 8600 8621 8622 8601 
f 8601 8622 8623 8602 
f 8602 8623 8624 8603 
f 8603 8624 8625 8604 
f 8604 8625 8626 8605 
f 8605 8626 8627 8606 
f 8606 8627 8628 8607 
f 8607 8628 8629 8608 
f 8608 8629 10314 10311 
f 10310 10313 8630 8609 
f 8609 8630 8631 8610 
f 8610 8631 8632 8611 
f 8611 8632 8633 8612 
f 9141 9142 9189 9190 
f 8613 8634 8635 8614 
f 8614 8635 8636 8615 
f 8615 8636 9477 9471 
f 9470 9476 9480 9474 
f 9473 9479 8637 8616 
f 8616 8637 8638 8617 
f 8617 8638 9864 9858 
f 9857 9863 10122 10119 
f 10118 10121 8618 8597 
f 8618 8639 9867 9861 
f 9860 9866 8640 8619 
f 8619 8640 8641 8620 
f 8620 8641 8642 8621 
f 8621 8642 8643 8622 
f 8622 8643 8644 8623 
f 8623 8644 8645 8624 
f 8624 8645 8646 8625 
f 8625 8646 8647 8626 
f 8626 8647 8648 8627 
f 8627 8648 8649 8628 
f 8628 8649 8650 8629 
f 8629 8650 10317 10314 
f 10313 10316 8651 8630 
f 8630 8651 8652 8631 
f 8631 8652 8653 8632 
f 8632 8653 8654 8633 
f 9142 9143 9188 9189 
f 8634 8655 8656 8635 
f 8635 8656 8657 8636 
f 8636 8657 9483 9477 
f 9476 9482 9486 9480 
f 9479 9485 8658 8637 
f 8637 8658 8659 8638 
f 8638 8659 9870 9864 
f 9863 9869 10125 10122 
f 10121 10124 8639 8618 
f 8639 8660 9873 9867 
f 9866 9872 8661 8640 
f 8640 8661 8662 8641 
f 8641 8662 8663 8642 
f 8642 8663 8664 8643 
f 8643 8664 8665 8644 
f 8644 8665 8666 8645 
f 8645 8666 8667 8646 
f 8646 8667 8668 8647 
f 8647 8668 8669 8648 
f 8648 8669 8670 8649 
f 8649 8670 8671 8650 
f 8650 8671 10320 10317 
f 10316 10319 8672 8651 
f 8651 8672 8673 8652 
f 8652 8673 8674 8653 
f 8653 8674 8675 8654 
f 9143 9144 9187 9188 
f 8655 8676 8677 8656 
f 8656 8677 8678 8657 
f 8657 8678 9489 9483 
f 9482 9488 9492 9486 
f 9485 9491 8679 8658 
f 8658 8679 8680 8659 
f 8659 8680 9876 9870 
f 9869 9875 10128 10125 
f 10124 10127 8660 8639 
f 8660 8681 9879 9873 
f 9872 9878 8682 8661 
f 8661 8682 8683 8662 
f 8662 8683 8684 8663 
f 8663 8684 8685 8664 
f 8664 8685 8686 8665 
f 8665 8686 8687 8666 
f 8666 8687 8688 8667 
f 8667 8688 8689 8668 
f 8668 8689 8690 8669 
f 8669 8690 8691 8670 
f 8670 8691 8692 8671 
f 8671 8692 10323 10320 
f 10319 10322 8693 8672 
f 8672 8693 8694 8673 
f 8673 8694 8695 8674 
f 8674 8695 8696 8675 
f 9144 9145 9186 9187 
f 8676 8697 8698 8677 
f 8677 8698 8699 8678 
f 8678 8699 9495 9489 
f 9488 9494 9498 9492 
f 9491 9497 8700 8679 
f 8679 8700 8701 8680 
f 8680 8701 9882 9876 
f 9875 9881 10131 10128 
f 10127 10130 8681 8660 
f 8681 8702 9885 9879 
f 9878 9884 8703 8682 
f 8682 8703 8704 8683 
f 8683 8704 8705 8684 
f 8684 8705 8706 8685 
f 8685 8706 8707 8686 
f 8686 8707 8708 8687 
f 8687 8708 8709 8688 
f 8688 8709 8710 8689 
f 8689 8710 8711 8690 
f 8690 8711 8712 8691 
f 8691 8712 8713 8692 
f 8692 8713 10326 10323 
f 10322 10325 8714 8693 
f 8693 8714 8715 8694 
f 8694 8715 8716 8695 
f 8695 8716 8717 8696 
f 9145 9146 9185 9186 
f 8697 8718 8719 8698 
f 8698 8719 8720 8699 
f 8699 8720 9501 9495 
f 9494 9500 9504 9498 
f 9497 9503 8721 8700 
f 8700 8721 8722 8701 
f 8701 8722 9888 9882 
f 9881 9887 10134 10131 
f 10130 10133 8702 8681 
f 8702 8723 9891 9885 
f 9884 9890 8724 8703 
f 8703 8724 8725 8704 
f 8704 8725 8726 8705 
f 8705 8726 8727 8706 
f 8706 8727 8728 8707 
f 8707 8728 8729 8708 
f 8708 8729 8730 8709 
f 8709 8730 8731 8710 
f 8710 8731 8732 8711 
f 8711 8732 8733 8712 
f 8712 8733 8734 8713 
f 8713 8734 10329 10326 
f 10325 10328 8735 8714 
f 8714 8735 8736 8715 
f 8715 8736 8737 8716 
f 8716 8737 8738 8717 
f 9146 9147 9184 9185 
f 8718 8739 8740 8719 
f 8719 8740 8741 8720 
f 8720 8741 9507 9501 
f 9500 9506 9510 9504 
f 9503 9509 8742 8721 
f 8721 8742 8743 8722 
f 8722 8743 9894 9888 
f 9887 9893 10137 10134 
f 10133 10136 8723 8702 
f 8723 8744 9897 9891 
f 9890 9896 8745 8724 
f 8724 8745 8746 8725 
f 8725 8746 8747 8726 
f 8726 8747 8748 8727 
f 8727 8748 8749 8728 
f 8728 8749 8750 8729 
f 8729 8750 8751 8730 
f 8730 8751 8752 8731 
f 8731 8752 8753 8732 
f 8732 8753 8754 8733 
f 8733 8754 8755 8734 
f 8734 8755 10332 10329 
f 10328 10331 8756 8735 
f 8735 8756 8757 8736 
f 8736 8757 8758 8737 
f 8737 8758 8759 8738 
f 9147 9148 9183 9184 
f 8739 8760 8761 8740 
f 8740 8761 8762 8741 
f 8741 8762 9513 9507 
f 9506 9512 9516 9510 
f 9509 9515 8763 8742 
f 8742 8763 8764 8743 
f 8743 8764 9900 9894 
f 9893 9899 10140 10137 
f 10136 10139 8744 8723 
f 8744 8765 9903 9897 
f 9896 9902 8766 8745 
f 8745 8766 8767 8746 
f 8746 8767 8768 8747 
f 8747 8768 8769 8748 
f 8748 8769 8770 8749 
f 8749 8770 8771 8750 
f 8750 8771 8772 8751 
f 8751 8772 8773 8752 
f 8752 8773 8774 8753 
f 8753 8774 8775 8754 
f 8754 8775 8776 8755 
f 8755 8776 10335 10332 
f 10331 10334 8777 8756 
f 8756 8777 8778 8757 
f 8757 8778 8779 8758 
f 8758 8779 8780 8759 
f 9148 9149 9182 9183 
f 8760 8781 8782 8761 
f 8761 8782 8783 8762 
f 8762 8783 9519 9513 
f 9512 9518 9522 9516 
f 9515 9521 8784 8763 
f 8763 8784 8785 8764 
f 8764 8785 9906 9900 
f 9899 9905 10143 10140 
f 10139 10142 8765 8744 
f 8765 8786 9909 9903 
f 9902 9908 8787 8766 
f 8766 8787 8788 8767 
f 8767 8788 8789 8768 
f 8768 8789 8790 8769 
f 8769 8790 8791 8770 
f 8770 8791 8792 8771 
f 8771 8792 8793 8772 
f 8772 8793 8794 8773 
f 8773 8794 8795 8774 
f 8774 8795 8796 8775 
f 8775 8796 8797 8776 
f 8776 8797 10338 10335 
f 10334 10337 8798 8777 
f 8777 8798 8799 8778 
f 8778 8799 8800 8779 
f 8779 8800 8801 8780 
f 9149 9150 9181 9182 
f 8781 8802 8803 8782 
f 8782 8803 8804 8783 
f 8783 8804 9525 9519 
f 9518 9524 9528 9522 
f 9521 9527 8805 8784 
f 8784 8805 8806 8785 
f 8785 8806 9912 9906 
f 9905 9911 10146 10143 
f 10142 10145 8786 8765 
f 8786 8807 9915 9909 
f 9908 9914 8808 8787 
f 8787 8808 8809 8788 
f 8788 8809 8810 8789 
f 8789 8810 8811 8790 
f 8790 8811 8812 8791 
f 8791 8812 8813 8792 
f 8792 8813 8814 8793 
f 8793 8814 8815 8794 
f 8794 8815 8816 8795 
f 8795 8816 8817 8796 
f 8796 8817 8818 8797 
f 8797 8818 10341 10338 
f 10337 10340 8819 8798 
f 8798 8819 8820 8799 
f 8799 8820 8821 8800 
f 8800 8821 8822 8801 
f 9150 9151 9180 9181 
f 8802 8823 8824 8803 
f 8803 8824 8825 8804 
f 8804 8825 9531 9525 
f 9524 9530 9534 9528 
f 9527 9533 8826 8805 
f 8805 8826 8827 8806 
f 8806 8827 9918 9912 
f 9911 9917 10149 10146 
f 10145 10148 8807 8786 
f 8807 8828 9921 9915 
f 9914 9920 8829 8808 
f 8808 8829 8830 8809 
f 8809 8830 8831 8810 
f 8810 8831 8832 8811 
f 8811 8832 8833 8812 
f 8812 8833 8834 8813 
f 8813 8834 8835 8814 
f 8814 8835 8836 8815 
f 8815 8836 8837 8816 
f 8816 8837 8838 8817 
f 8817 8838 8839 8818 
f 8818 8839 10344 10341 
f 10340 10343 8840 8819 
f 8819 8840 8841 8820 
f 8820 8841 8842 8821 
f 8821 8842 8843 8822 
f 9151 9152 9179 9180 
f 8823 8844 8845 8824 
f 8824 8845 8846 8825 
f 8825 8846 9537 9531 
f 9530 9536 9540 9534 
f 9533 9539 8847 8826 
f 8826 8847 8848 8827 
f 8827 8848 9924 9918 
f 9917 9923 10152 10149 
f 10148 10151 8828 8807 
f 8828 8849 9927 9921 
f 9920 9926 8850 8829 
f 8829 8850 8851 8830 
f 8830 8851 8852 8831 
f 8831 8852 8853 8832 
f 8832 8853 8854 8833 
f 8833 8854 8855 8834 
f 8834 8855 8856 8835 
f 8835 8856 8857 8836 
f 8836 8857 8858 8837 
f 8837 8858 8859 8838 
f 8838 8859 8860 8839 
f 8839 8860 10347 10344 
f 10343 10346 8861 8840 
f 8840 8861 8862 8841 
f 8841 8862 8863 8842 
f 8842 8863 8864 8843 
f 9152 9153 9178 9179 
f 8844 8865 8866 8845 
f 8845 8866 8867 8846 
f 8846 8867 9543 9537 
f 9536 9542 9546 9540 
f 9539 9545 8868 8847 
f 8847 8868 8869 8848 
f 8848 8869 9930 9924 
f 9923 9929 10155 10152 
f 10151 10154 8849 8828 
f 8849 8870 9933 9927 
f 9926 9932 8871 8850 
f 8850 8871 8872 8851 
f 8851 8872 8873 8852 
f 8852 8873 8874 8853 
f 8853 8874 8875 8854 
f 8854 8875 8876 8855 
f 8855 8876 8877 8856 
f 8856 8877 8878 8857 
f 8857 8878 8879 8858 
f 8858 8879 8880 8859 
f 8859 8880 8881 8860 
f 8860 8881 10350 10347 
f 10346 10349 8882 8861 
f 8861 8882 8883 8862 
f 8862 8883 8884 8863 
f 8863 8884 8885 8864 
f 9153 9154 9177 9178 
f 8865 8886 8887 8866 
f 8866 8887 8888 8867 
f 8867 8888 9549 9543 
f 9542 9548 9552 9546 
f 9545 9551 8889 8868 
f 8868 8889 8890 8869 
f 8869 8890 9936 9930 
f 9929 9935 10158 10155 
f 10154 10157 8870 8849 
f 8870 8891 9939 9933 
f 9932 9938 8892 8871 
f 8871 8892 8893 8872 
f 8872 8893 8894 8873 
f 8873 8894 8895 8874 
f 8874 8895 8896 8875 
f 8875 8896 8897 8876 
f 8876 8897 8898 8877 
f 8877 8898 8899 8878 
f 8878 8899 8900 8879 
f 8879 8900 8901 8880 
f 8880 8901 8902 8881 
f 8881 8902 10353 10350 
f 10349 10352 8903 8882 
f 8882 8903 8904 8883 
f 8883 8904 8905 8884 
f 8884 8905 8906 8885 
f 9154 9155 9176 9177 
f 8886 8907 8908 8887 
f 8887 8908 8909 8888 
f 8888 8909 9555 9549 
f 9548 9554 9558 9552 
f 9551 9557 8910 8889 
f 8889 8910 8911 8890 
f 8890 8911 9942 9936 
f 9935 9941 10161 10158 
f 10157 10160 8891 8870 
f 8891 8912 9945 9939 
f 9938 9944 8913 8892 
f 8892 8913 8914 8893 
f 8893 8914 8915 8894 
f 8894 8915 8916 8895 
f 8895 8916 8917 8896 
f 8896 8917 8918 8897 
f 8897 8918 8919 8898 
f 8898 8919 8920 8899 
f 8899 8920 8921 8900 
f 8900 8921 8922 8901 
f 8901 8922 8923 8902 
f 8902 8923 10356 10353 
f 10352 10355 8924 8903 
f 8903 8924 8925 8904 
f 8904 8925 8926 8905 
f 8905 8926 8927 8906 
f 9155 9156 9175 9176 
f 8907 8928 8929 8908 
f 8908 8929 8930 8909 
f 8909 8930 9561 9555 
f 9554 9560 9564 9558 
f 9557 9563 8931 8910 
f 8910 8931 8932 8911 
f 8911 8932 9948 9942 
f 9941 9947 10164 10161 
f 10160 10163 8912 8891 
f 8912 8933 9951 9945 
f 9944 9950 8934 8913 
f 8913 8934 8935 8914 
f 8914 8935 8936 8915 
f 8915 8936 8937 8916 
f 8916 8937 8938 8917 
f 8917 8938 8939 8918 
f 8918 8939 8940 8919 
f 8919 8940 8941 8920 
f 8920 8941 8942 8921 
f 8921 8942 8943 8922 
f 8922 8943 8944 8923 
f 8923 8944 10359 10356 
f 10355 10358 8945 8924 
f 8924 8945 8946 8925 
f 8925 8946 8947 8926 
f 8926 8947 8948 8927 
f 9156 9157 9174 9175 
f 8928 8949 8950 8929 
f 8929 8950 8951 8930 
f 8930 8951 9567 9561 
f 9560 9566 9570 9564 
f 9563 9569 8952 8931 
f 8931 8952 8953 8932 
f 8932 8953 9954 9948 
f 9947 9953 10167 10164 
f 10163 10166 8933 8912 
f 8933 8954 9957 9951 
f 9950 9956 8955 8934 
f 8934 8955 8956 8935 
f 8935 8956 8957 8936 
f 8936 8957 8958 8937 
f 8937 8958 8959 8938 
f 8938 8959 8960 8939 
f 8939 8960 8961 8940 
f 8940 8961 8962 8941 
f 8941 8962 8963 8942 
f 8942 8963 8964 8943 
f 8943 8964 8965 8944 
f 8944 8965 10362 10359 
f 10358 10361 8966 8945 
f 8945 8966 8967 8946 
f 8946 8967 8968 8947 
f 8947 8968 8969 8948 
f 9157 9158 9173 9174 
f 8949 8970 8971 8950 
f 8950 8971 8972 8951 
f 8951 8972 9573 9567 
f 9566 9572 9576 9570 
f 9569 9575 8973 8952 
f 8952 8973 8974 8953 
f 8953 8974 9960 9954 
f 9953 9959 10170 10167 
f 10166 10169 8954 8933 
f 8954 8975 9963 9957 
f 9956 9962 8976 8955 
f 8955 8976 8977 8956 
f 8956 8977 8978 8957 
f 8957 8978 8979 8958 
f 8958 8979 8980 8959 
f 8959 8980 8981 8960 
f 8960 8981 8982 8961 
f 8961 8982 8983 8962 
f 8962 8983 8984 8963 
f 8963 8984 8985 8964 
f 8964 8985 8986 8965 
f 8965 8986 10365 10362 
f 10361 10364 8987 8966 
f 8966 8987 8988 8967 
f 8967 8988 8989 8968 
f 8968 8989 8990 8969 
f 9158 9159 9172 9173 
f 8970 8991 8992 8971 
f 8971 8992 8993 8972 
f 8972 8993 9579 9573 
f 9572 9578 9582 9576 
f 9575 9581 8994 8973 
f 8973 8994 8995 8974 
f 8974 8995 9966 9960 
f 9959 9965 10173 10170 
f 10169 10172 8975 8954 
f 8975 8996 9969 9963 
f 9962 9968 8997 8976 
f 8976 8997 8998 8977 
f 8977 8998 8999 8978 
f 8978 8999 9000 8979 
f 8979 9000 9001 8980 
f 8980 9001 9002 8981 
f 8981 9002 9003 8982 
f 8982 9003 9004 8983 
f 8983 9004 9005 8984 
f 8984 9005 9006 8985 
f 8985 9006 9007 8986 
f 8986 9007 10368 10365 
f 10364 10367 9008 8987 
f 8987 9008 9009 8988 
f 8988 9009 9010 8989 
f 8989 9010 9011 8990 
f 9159 9160 9171 9172 
f 8991 9012 9013 8992 
f 8992 9013 9014 8993 
f 8993 9014 9585 9579 
f 9578 9584 9588 9582 
f 9581 9587 9015 8994 
f 8994 9015 9016 8995 
f 8995 9016 9972 9966 
f 9965 9971 10176 10173 
f 10172 10175 8996 8975 
f 8996 9017 9975 9969 
f 9968 9974 9018 8997 
f 8997 9018 9019 8998 
f 8998 9019 9020 8999 
f 8999 9020 9021 9000 
f 9000 9021 9022 9001 
f 9001 9022 9023 9002 
f 9002 9023 9024 9003 
f 9003 9024 9025 9004 
f 9004 9025 9026 9005 
f 9005 9026 9027 9006 
f 9006 9027 9028 9007 
f 9007 9028 10371 10368 
f 10367 10370 9029 9008 
f 9008 9029 9030 9009 
f 9009 9030 9031 9010 
f 9010 9031 9032 9011 
f 9160 9161 9170 9171 
f 9012 9033 9034 9013 
f 9013 9034 9035 9014 
f 9014 9035 9591 9585 
f 9584 9590 9594 9588 
f 9587 9593 9036 9015 
f 9015 9036 9037 9016 
f 9016 9037 9978 9972 
f 9971 9977 10179 10176 
f 10175 10178 9017 8996 
f 9017 9038 9981 9975 
f 9974 9980 9039 9018 
f 9018 9039 9040 9019 
f 9019 9040 9041 9020 
f 9020 9041 9042 9021 
f 9021 9042 9043 9022 
f 9022 9043 9044 9023 
f 9023 9044 9045 9024 
f 9024 9045 9046 9025 
f 9025 9046 9047 9026 
f 9026 9047 9048 9027 
f 9027 9048 9049 9028 
f 9028 9049 10374 10371 
f 10370 10373 9050 9029 
f 9029 9050 9051 9030 
f 9030 9051 9052 9031 
f 9031 9052 9053 9032 
f 9161 9162 9169 9170 
f 9033 9054 9055 9034 
f 9034 9055 9056 9035 
f 9035 9056 9597 9591 
f 9590 9596 9600 9594 
f 9593 9599 9057 9036 
f 9036 9057 9058 9037 
f 9037 9058 9984 9978 
f 9977 9983 10182 10179 
f 10178 10181 9038 9017 
f 9038 9059 9987 9981 
f 9980 9986 9060 9039 
f 9039 9060 9061 9040 
f 9040 9061 9062 9041 
f 9041 9062 9063 9042 
f 9042 9063 9064 9043 
f 9043 9064 9065 9044 
f 9044 9065 9066 9045 
f 9045 9066 9067 9046 
f 9046 9067 9068 9047 
f 9047 9068 9069 9048 
f 9048 9069 9070 9049 
f 9049 9070 10377 10374 
f 10373 10376 9071 9050 
f 9050 9071 9072 9051 
f 9051 9072 9073 9052 
f 9052 9073 9074 9053 
f 9162 9163 9168 9169 
f 9054 9075 9076 9055 
f 9055 9076 9077 9056 
f 9056 9077 9603 9597 
f 9596 9602 9606 9600 
f 9599 9605 9078 9057 
f 9057 9078 9079 9058 
f 9058 9079 9990 9984 
f 9983 9989 10185 10182 
f 10181 10184 9059 9038 
f 9059 9080 9993 9987 
f 9986 9992 9081 9060 
f 9060 9081 9082 9061 
f 9061 9082 9083 9062 
f 9062 9083 9084 9063 
f 9063 9084 9085 9064 
f 9064 9085 9086 9065 
f 9065 9086 9087 9066 
f 9066 9087 9088 9067 
f 9067 9088 9089 9068 
f 9068 9089 9090 9069 
f 9069 9090 9091 9070 
f 9070 9091 10380 10377 
f 10376 10379 9092 9071 
f 9071 9092 9093 9072 
f 9072 9093 9094 9073 
f 9073 9094 9095 9074 
f 9163 9164 9167 9168 
f 9075 9096 9097 9076 
f 9076 9097 9098 9077 
f 9077 9098 9609 9603 
f 9602 9608 9612 9606 
f 9605 9611 9099 9078 
f 9078 9099 9100 9079 
f 9079 9100 9996 9990 
f 9989 9995 10188 10185 
f 10184 10187 9080 9059 
f 9080 7757 9617 9993 
f 9992 9618 7758 9081 
f 9081 7758 7759 9082 
f 9082 7759 7760 9083 
f 9083 7760 7761 9084 
f 9084 7761 7762 9085 
f 9085 7762 7763 9086 
f 9086 7763 7764 9087 
f 9087 7764 7765 9088 
f 9088 7765 7766 9089 
f 9089 7766 7767 9090 
f 9090 7767 7768 9091 
f 9091 7768 10193 10380 
f 10379 10194 7769 9092 
f 9092 7769 7770 9093 
f 9093 7770 7771 9094 
f 9094 7771 7772 9095 
f 9164 9101 9166 9167 
f 9096 7773 7774 9097 
f 9097 7774 7775 9098 
f 9098 7775 9233 9609 
f 9608 9234 9239 9612 
f 9611 9240 7776 9099 
f 9099 7776 7777 9100 
f 9100 7777 9623 9996 
f 9995 9624 10001 10188 
f 10187 10002 7757 9080 
f 7772 7793 9102 9101 
f 7793 7814 9103 9102 
f 7814 7835 9104 9103 
f 7835 7856 9105 9104 
f 7856 7877 9106 9105 
f 7877 7898 9107 9106 
f 7898 7919 9108 9107 
f 7919 7940 9109 9108 
f 7940 7961 9110 9109 
f 7961 7982 9111 9110 
f 7982 8003 9112 9111 
f 8003 8024 9113 9112 
f 8024 8045 9114 9113 
f 8045 8066 9115 9114 
f 8066 8087 9116 9115 
f 8087 8108 9117 9116 
f 8108 8129 9118 9117 
f 8129 8150 9119 9118 
f 8150 8171 9120 9119 
f 8171 8192 9121 9120 
f 8192 8213 9122 9121 
f 8213 8234 9123 9122 
f 8234 8255 9124 9123 
f 8255 8276 9125 9124 
f 8276 8297 9126 9125 
f 8297 8318 9127 9126 
f 8318 8339 9128 9127 
f 8339 8360 9129 9128 
f 8360 8381 9130 9129 
f 8381 8402 9131 9130 
f 8402 8423 9132 9131 
f 8423 8444 9133 9132 
f 8444 8465 9134 9133 
f 8465 8486 9135 9134 
f 8486 8507 9136 9135 
f 8507 8528 9137 9136 
f 8528 8549 9138 9137 
f 8549 8570 9139 9138 
f 8570 8591 9140 9139 
f 8591 8612 9141 9140 
f 8612 8633 9142 9141 
f 8633 8654 9143 9142 
f 8654 8675 9144 9143 
f 8675 8696 9145 9144 
f 8696 8717 9146 9145 
f 8717 8738 9147 9146 
f 8738 8759 9148 9147 
f 8759 8780 9149 9148 
f 8780 8801 9150 9149 
f 8801 8822 9151 9150 
f 8822 8843 9152 9151 
f 8843 8864 9153 9152 
f 8864 8885 9154 9153 
f 8885 8906 9155 9154 
f 8906 8927 9156 9155 
f 8927 8948 9157 9156 
f 8948 8969 9158 9157 
f 8969 8990 9159 9158 
f 8990 9011 9160 9159 
f 9011 9032 9161 9160 
f 9032 9053 9162 9161 
f 9053 9074 9163 9162 
f 9074 9095 9164 9163 
f 9095 7772 9101 9164 
f 7794 7773 9166 9165 
f 7773 9096 9167 9166 
f 9096 9075 9168 9167 
f 9075 9054 9169 9168 
f 9054 9033 9170 9169 
f 9033 9012 9171 9170 
f 9012 8991 9172 9171 
f 8991 8970 9173 9172 
f 8970 8949 9174 9173 
f 8949 8928 9175 9174 
f 8928 8907 9176 9175 
f 8907 8886 9177 9176 
f 8886 8865 9178 9177 
f 8865 8844 9179 9178 
f 8844 8823 9180 9179 
f 8823 8802 9181 9180 
f 8802 8781 9182 9181 
f 8781 8760 9183 9182 
f 8760 8739 9184 9183 
f 8739 8718 9185 9184 
f 8718 8697 9186 9185 
f 8697 8676 9187 9186 
f 8676 8655 9188 9187 
f 8655 8634 9189 9188 
f 8634 8613 9190 9189 
f 8613 8592 9191 9190 
f 8592 8571 9192 9191 
f 8571 8550 9193 9192 
f 8550 8529 9194 9193 
f 8529 8508 9195 9194 
f 8508 8487 9196 9195 
f 8487 8466 9197 9196 
f 8466 8445 9198 9197 
f 8445 8424 9199 9198 
f 8424 8403 9200 9199 
f 8403 8382 9201 9200 
f 8382 8361 9202 9201 
f 8361 8340 9203 9202 
f 8340 8319 9204 9203 
f 8319 8298 9205 9204 
f 8298 8277 9206 9205 
f 8277 8256 9207 9206 
f 8256 8235 9208 9207 
f 8235 8214 9209 9208 
f 8214 8193 9210 9209 
f 8193 8172 9211 9210 
f 8172 8151 9212 9211 
f 8151 8130 9213 9212 
f 8130 8109 9214 9213 
f 8109 8088 9215 9214 
f 8088 8067 9216 9215 
f 8067 8046 9217 9216 
f 8046 8025 9218 9217 
f 8025 8004 9219 9218 
f 8004 7983 9220 9219 
f 7983 7962 9221 9220 
f 7962 7941 9222 9221 
f 7941 7920 9223 9222 
f 7920 7899 9224 9223 
f 7899 7878 9225 9224 
f 7878 7857 9226 9225 
f 7857 7836 9227 9226 
f 7836 7815 9228 9227 
f 7815 7794 9165 9228 
f 9233 9231 9229 9232 
f 9230 9234 9232 9229 
f 9239 9237 9235 9238 
f 9236 9240 9238 9235 
f 9231 9243 9241 9229 
f 9242 9230 9229 9241 
f 9237 9246 9244 9235 
f 9245 9236 9235 9244 
f 9243 9249 9247 9241 
f 9248 9242 9241 9247 
f 9246 9252 9250 9244 
f 9251 9245 9244 9250 
f 9249 9255 9253 9247 
f 9254 9248 9247 9253 
f 9252 9258 9256 9250 
f 9257 9251 9250 9256 
f 9255 9261 9259 9253 
f 9260 9254 9253 9259 
f 9258 9264 9262 9256 
f 9263 9257 9256 9262 
f 9261 9267 9265 9259 
f 9266 9260 9259 9265 
f 9264 9270 9268 9262 
f 9269 9263 9262 9268 
f 9267 9273 9271 9265 
f 9272 9266 9265 9271 
f 9270 9276 9274 9268 
f 9275 9269 9268 9274 
f 9273 9279 9277 9271 
f 9278 9272 9271 9277 
f 9276 9282 9280 9274 
f 9281 9275 9274 9280 
f 9279 9285 9283 9277 
f 9284 9278 9277 9283 
f 9282 9288 9286 9280 
f 9287 9281 9280 9286 
f 9285 9291 9289 9283 
f 9290 9284 9283 9289 
f 9288 9294 9292 9286 
f 9293 9287 9286 9292 
f 9291 9297 9295 9289 
f 9296 9290 9289 9295 
f 9294 9300 9298 9292 
f 9299 9293 9292 9298 
f 9297 9303 9301 9295 
f 9302 9296 9295 9301 
f 9300 9306 9304 9298 
f 9305 9299 9298 9304 
f 9303 9309 9307 9301 
f 9308 9302 9301 9307 
f 9306 9312 9310 9304 
f 9311 9305 9304 9310 
f 9309 9315 9313 9307 
f 9314 9308 9307 9313 
f 9312 9318 9316 9310 
f 9317 9311 9310 9316 
f 9315 9321 9319 9313 
f 9320 9314 9313 9319 
f 9318 9324 9322 9316 
f 9323 9317 9316 9322 
f 9321 9327 9325 9319 
f 9326 9320 9319 9325 
f 9324 9330 9328 9322 
f 9329 9323 9322 9328 
f 9327 9333 9331 9325 
f 9332 9326 9325 9331 
f 9330 9336 9334 9328 
f 9335 9329 9328 9334 
f 9333 9339 9337 9331 
f 9338 9332 9331 9337 
f 9336 9342 9340 9334 
f 9341 9335 9334 9340 
f 9339 9345 9343 9337 
f 9344 9338 9337 9343 
f 9342 9348 9346 9340 
f 9347 9341 9340 9346 
f 9345 9351 9349 9343 
f 9350 9344 9343 9349 
f 9348 9354 9352 9346 
f 9353 9347 9346 9352 
f 9351 9357 9355 9349 
f 9356 9350 9349 9355 
f 9354 9360 9358 9352 
f 9359 9353 9352 9358 
f 9357 9363 9361 9355 
f 9362 9356 9355 9361 
f 9360 9366 9364 9358 
f 9365 9359 9358 9364 
f 9363 9369 9367 9361 
f 9368 9362 9361 9367 
f 9366 9372 9370 9364 
f 9371 9365 9364 9370 
f 9369 9375 9373 9367 
f 9374 9368 9367 9373 
f 9372 9378 9376 9370 
f 9377 9371 9370 9376 
f 9375 9381 9379 9373 
f 9380 9374 9373 9379 
f 9378 9384 9382 9376 
f 9383 9377 9376 9382 
f 9381 9387 9385 9379 
f 9386 9380 9379 9385 
f 9384 9390 9388 9382 
f 9389 9383 9382 9388 
f 9387 9393 9391 9385 
f 9392 9386 9385 9391 
f 9390 9396 9394 9388 
f 9395 9389 9388 9394 
f 9393 9399 9397 9391 
f 9398 9392 9391 9397 
f 9396 9402 9400 9394 
f 9401 9395 9394 9400 
f 9399 9405 9403 9397 
f 9404 9398 9397 9403 
f 9402 9408 9406 9400 
f 9407 9401 9400 9406 
f 9405 9411 9409 9403 
f 9410 9404 9403 9409 
f 9408 9414 9412 9406 
f 9413 9407 9406 9412 
f 9411 9417 9415 9409 
f 9416 9410 9409 9415 
f 9414 9420 9418 9412 
f 9419 9413 9412 9418 
f 9417 9423 9421 9415 
f 9422 9416 9415 9421 
f 9420 9426 9424 9418 
f 9425 9419 9418 9424 
f 9423 9429 9427 9421 
f 9428 9422 9421 9427 
f 9426 9432 9430 9424 
f 9431 9425 9424 9430 
f 9429 9435 9433 9427 
f 9434 9428 9427 9433 
f 9432 9438 9436 9430 
f 9437 9431 9430 9436 
f 9435 9441 9439 9433 
f 9440 9434 9433 9439 
f 9438 9444 9442 9436 
f 9443 9437 9436 9442 
f 9441 9447 9445 9439 
f 9446 9440 9439 9445 
f 9444 9450 9448 9442 
f 9449 9443 9442 9448 
f 9447 9453 9451 9445 
f 9452 9446 9445 9451 
f 9450 9456 9454 9448 
f 9455 9449 9448 9454 
f 9453 9459 9457 9451 
f 9458 9452 9451 9457 
f 9456 9462 9460 9454 
f 9461 9455 9454 9460 
f 9459 9465 9463 9457 
f 9464 9458 9457 9463 
f 9462 9468 9466 9460 
f 9467 9461 9460 9466 
f 9465 9471 9469 9463 
f 9470 9464 9463 9469 
f 9468 9474 9472 9466 
f 9473 9467 9466 9472 
f 9471 9477 9475 9469 
f 9476 9470 9469 9475 
f 9474 9480 9478 9472 
f 9479 9473 9472 9478 
f 9477 9483 9481 9475 
f 9482 9476 9475 9481 
f 9480 9486 9484 9478 
f 9485 9479 9478 9484 
f 9483 9489 9487 9481 
f 9488 9482 9481 9487 
f 9486 9492 9490 9484 
f 9491 9485 9484 9490 
f 9489 9495 9493 9487 
f 9494 9488 9487 9493 
f 9492 9498 9496 9490 
f 9497 9491 9490 9496 
f 9495 9501 9499 9493 
f 9500 9494 9493 9499 
f 9498 9504 9502 9496 
f 9503 9497 9496 9502 
f 9501 9507 9505 9499 
f 9506 9500 9499 9505 
f 9504 9510 9508 9502 
f 9509 9503 9502 9508 
f 9507 9513 9511 9505 
f 9512 9506 9505 9511 
f 9510 9516 9514 9508 
f 9515 9509 9508 9514 
f 9513 9519 9517 9511 
f 9518 9512 9511 9517 
f 9516 9522 9520 9514 
f 9521 9515 9514 9520 
f 9519 9525 9523 9517 
f 9524 9518 9517 9523 
f 9522 9528 9526 9520 
f 9527 9521 9520 9526 
f 9525 9531 9529 9523 
f 9530 9524 9523 9529 
f 9528 9534 9532 9526 
f 9533 9527 9526 9532 
f 9531 9537 9535 9529 
f 9536 9530 9529 9535 
f 9534 9540 9538 9532 
f 9539 9533 9532 9538 
f 9537 9543 9541 9535 
f 9542 9536 9535 9541 
f 9540 9546 9544 9538 
f 9545 9539 9538 9544 
f 9543 9549 9547 9541 
f 9548 9542 9541 9547 
f 9546 9552 9550 9544 
f 9551 9545 9544 9550 
f 9549 9555 9553 9547 
f 9554 9548 9547 9553 
f 9552 9558 9556 9550 
f 9557 9551 9550 9556 
f 9555 9561 9559 9553 
f 9560 9554 9553 9559 
f 9558 9564 9562 9556 
f 9563 9557 9556 9562 
f 9561 9567 9565 9559 
f 9566 9560 9559 9565 
f 9564 9570 9568 9562 
f 9569 9563 9562 9568 
f 9567 9573 9571 9565 
f 9572 9566 9565 9571 
f 9570 9576 9574 9568 
f 9575 9569 9568 9574 
f 9573 9579 9577 9571 
f 9578 9572 9571 9577 
f 9576 9582 9580 9574 
f 9581 9575 9574 9580 
f 9579 9585 9583 9577 
f 9584 9578 9577 9583 
f 9582 9588 9586 9580 
f 9587 9581 9580 9586 
f 9585 9591 9589 9583 
f 9590 9584 9583 9589 
f 9588 9594 9592 9586 
f 9593 9587 9586 9592 
f 9591 9597 9595 9589 
f 9596 9590 9589 9595 
f 9594 9600 9598 9592 
f 9599 9593 9592 9598 
f 9597 9603 9601 9595 
f 9602 9596 9595 9601 
f 9600 9606 9604 9598 
f 9605 9599 9598 9604 
f 9603 9609 9607 9601 
f 9608 9602 9601 9607 
f 9606 9612 9610 9604 
f 9611 9605 9604 9610 
f 9609 9233 9232 9607 
f 9234 9608 9607 9232 
f 9612 9239 9238 9610 
f 9240 9611 9610 9238 
f 9617 9615 9613 9616 
f 9614 9618 9616 9613 
f 9623 9621 9619 9622 
f 9620 9624 9622 9619 
f 9615 9627 9625 9613 
f 9626 9614 9613 9625 
f 9621 9630 9628 9619 
f 9629 9620 9619 9628 
f 9627 9633 9631 9625 
f 9632 9626 9625 9631 
f 9630 9636 9634 9628 
f 9635 9629 9628 9634 
f 9633 9639 9637 9631 
f 9638 9632 9631 9637 
f 9636 9642 9640 9634 
f 9641 9635 9634 9640 
f 9639 9645 9643 9637 
f 9644 9638 9637 9643 
f 9642 9648 9646 9640 
f 9647 9641 9640 9646 
f 9645 9651 9649 9643 
f 9650 9644 9643 9649 
f 9648 9654 9652 9646 
f 9653 9647 9646 9652 
f 9651 9657 9655 9649 
f 9656 9650 9649 9655 
f 9654 9660 9658 9652 
f 9659 9653 9652 9658 
f 9657 9663 9661 9655 
f 9662 9656 9655 9661 
f 9660 9666 9664 9658 
f 9665 9659 9658 9664 
f 9663 9669 9667 9661 
f 9668 9662 9661 9667 
f 9666 9672 9670 9664 
f 9671 9665 9664 9670 
f 9669 9675 9673 9667 
f 9674 9668 9667 9673 
f 9672 9678 9676 9670 
f 9677 9671 9670 9676 
f 9675 9681 9679 9673 
f 9680 9674 9673 9679 
f 9678 9684 9682 9676 
f 9683 9677 9676 9682 
f 9681 9687 9685 9679 
f 9686 9680 9679 9685 
f 9684 9690 9688 9682 
f 9689 9683 9682 9688 
f 9687 9693 9691 9685 
f 9692 9686 9685 9691 
f 9690 9696 9694 9688 
f 9695 9689 9688 9694 
f 9693 9699 9697 9691 
f 9698 9692 9691 9697 
f 9696 9702 9700 9694 
f 9701 9695 9694 9700 
f 9699 9705 9703 9697 
f 9704 9698 9697 9703 
f 9702 9708 9706 9700 
f 9707 9701 9700 9706 
f 9705 9711 9709 9703 
f 9710 9704 9703 9709 
f 9708 9714 9712 9706 
f 9713 9707 9706 9712 
f 9711 9717 9715 9709 
f 9716 9710 9709 9715 
f 9714 9720 9718 9712 
f 9719 9713 9712 9718 
f 9717 9723 9721 9715 
f 9722 9716 9715 9721 
f 9720 9726 9724 9718 
f 9725 9719 9718 9724 
f 9723 9729 9727 9721 
f 9728 9722 9721 9727 
f 9726 9732 9730 9724 
f 9731 9725 9724 9730 
f 9729 9735 9733 9727 
f 9734 9728 9727 9733 
f 9732 9738 9736 9730 
f 9737 9731 9730 9736 
f 9735 9741 9739 9733 
f 9740 9734 9733 9739 
f 9738 9744 9742 9736 
f 9743 9737 9736 9742 
f 9741 9747 9745 9739 
f 9746 9740 9739 9745 
f 9744 9750 9748 9742 
f 9749 9743 9742 9748 
f 9747 9753 9751 9745 
f 9752 9746 9745 9751 
f 9750 9756 9754 9748 
f 9755 9749 9748 9754 
f 9753 9759 9757 9751 
f 9758 9752 9751 9757 
f 9756 9762 9760 9754 
f 9761 9755 9754 9760 
f 9759 9765 9763 9757 
f 9764 9758 9757 9763 
f 9762 9768 9766 9760 
f 9767 9761 9760 9766 
f 9765 9771 9769 9763 
f 9770 9764 9763 9769 
f 9768 9774 9772 9766 
f 9773 9767 9766 9772 
f 9771 9777 9775 9769 
f 9776 9770 9769 9775 
f 9774 9780 9778 9772 
f 9779 9773 9772 9778 
f 9777 9783 9781 9775 
f 9782 9776 9775 9781 
f 9780 9786 9784 9778 
f 9785 9779 9778 9784 
f 9783 9789 9787 9781 
f 9788 9782 9781 9787 
f 9786 9792 9790 9784 
f 9791 9785 9784 9790 
f 9789 9795 9793 9787 
f 9794 9788 9787 9793 
f 9792 9798 9796 9790 
f 9797 9791 9790 9796 
f 9795 9801 9799 9793 
f 9800 9794 9793 9799 
f 9798 9804 9802 9796 
f 9803 9797 9796 9802 
f 9801 9807 9805 9799 
f 9806 9800 9799 9805 
f 9804 9810 9808 9802 
f 9809 9803 9802 9808 
f 9807 9813 9811 9805 
f 9812 9806 9805 9811 
f 9810 9816 9814 9808 
f 9815 9809 9808 9814 
f 9813 9819 9817 9811 
f 9818 9812 9811 9817 
f 9816 9822 9820 9814 
f 9821 9815 9814 9820 
f 9819 9825 9823 9817 
f 9824 9818 9817 9823 
f 9822 9828 9826 9820 
f 9827 9821 9820 9826 
f 9825 9831 9829 9823 
f 9830 9824 9823 9829 
f 9828 9834 9832 9826 
f 9833 9827 9826 9832 
f 9831 9837 9835 9829 
f 9836 9830 9829 9835 
f 9834 9840 9838 9832 
f 9839 9833 9832 9838 
f 9837 9843 9841 9835 
f 9842 9836 9835 9841 
f 9840 9846 9844 9838 
f 9845 9839 9838 9844 
f 9843 9849 9847 9841 
f 9848 9842 9841 9847 
f 9846 9852 9850 9844 
f 9851 9845 9844 9850 
f 9849 9855 9853 9847 
f 9854 9848 9847 9853 
f 9852 9858 9856 9850 
f 9857 9851 9850 9856 
f 9855 9861 9859 9853 
f 9860 9854 9853 9859 
f 9858 9864 9862 9856 
f 9863 9857 9856 9862 
f 9861 9867 9865 9859 
f 9866 9860 9859 9865 
f 9864 9870 9868 9862 
f 9869 9863 9862 9868 
f 9867 9873 9871 9865 
f 9872 9866 9865 9871 
f 9870 9876 9874 9868 
f 9875 9869 9868 9874 
f 9873 9879 9877 9871 
f 9878 9872 9871 9877 
f 9876 9882 9880 9874 
f 9881 9875 9874 9880 
f 9879 9885 9883 9877 
f 9884 9878 9877 9883 
f 9882 9888 9886 9880 
f 9887 9881 9880 9886 
f 9885 9891 9889 9883 
f 9890 9884 9883 9889 
f 9888 9894 9892 9886 
f 9893 9887 9886 9892 
f 9891 9897 9895 9889 
f 9896 9890 9889 9895 
f 9894 9900 9898 9892 
f 9899 9893 9892 9898 
f 9897 9903 9901 9895 
f 9902 9896 9895 9901 
f 9900 9906 9904 9898 
f 9905 9899 9898 9904 
f 9903 9909 9907 9901 
f 9908 9902 9901 9907 
f 9906 9912 9910 9904 
f 9911 9905 9904 9910 
f 9909 9915 9913 9907 
f 9914 9908 9907 9913 
f 9912 9918 9916 9910 
f 9917 9911 9910 9916 
f 9915 9921 9919 9913 
f 9920 9914 9913 9919 
f 9918 9924 9922 9916 
f 9923 9917 9916 9922 
f 9921 9927 9925 9919 
f 9926 9920 9919 9925 
f 9924 9930 9928 9922 
f 9929 9923 9922 9928 
f 9927 9933 9931 9925 
f 9932 9926 9925 9931 
f 9930 9936 9934 9928 
f 9935 9929 9928 9934 
f 9933 9939 9937 9931 
f 9938 9932 9931 9937 
f 9936 9942 9940 9934 
f 9941 9935 9934 9940 
f 9939 9945 9943 9937 
f 9944 9938 9937 9943 
f 9942 9948 9946 9940 
f 9947 9941 9940 9946 
f 9945 9951 9949 9943 
f 9950 9944 9943 9949 
f 9948 9954 9952 9946 
f 9953 9947 9946 9952 
f 9951 9957 9955 9949 
f 9956 9950 9949 9955 
f 9954 9960 9958 9952 
f 9959 9953 9952 9958 
f 9957 9963 9961 9955 
f 9962 9956 9955 9961 
f 9960 9966 9964 9958 
f 9965 9959 9958 9964 
f 9963 9969 9967 9961 
f 9968 9962 9961 9967 
f 9966 9972 9970 9964 
f 9971 9965 9964 9970 
f 9969 9975 9973 9967 
f 9974 9968 9967 9973 
f 9972 9978 9976 9970 
f 9977 9971 9970 9976 
f 9975 9981 9979 9973 
f 9980 9974 9973 9979 
f 9978 9984 9982 9976 
f 9983 9977 9976 9982 
f 9981 9987 9985 9979 
f 9986 9980 9979 9985 
f 9984 9990 9988 9982 
f 9989 9983 9982 9988 
f 9987 9993 9991 9985 
f 9992 9986 9985 9991 
f 9990 9996 9994 9988 
f 9995 9989 9988 9994 
f 9993 9617 9616 9991 
f 9618 9992 9991 9616 
f 9996 9623 9622 9994 
f 9624 9995 9994 9622 
f 10001 9999 9997 10000 
f 9998 10002 10000 9997 
f 9999 10005 10003 9997 
f 10004 9998 9997 10003 
f 10005 10008 10006 10003 
f 10007 10004 10003 10006 
f 10008 10011 10009 10006 
f 10010 10007 10006 10009 
f 10011 10014 10012 10009 
f 10013 10010 10009 10012 
f 10014 10017 10015 10012 
f 10016 10013 10012 10015 
f 10017 10020 10018 10015 
f 10019 10016 10015 10018 
f 10020 10023 10021 10018 
f 10022 10019 10018 10021 
f 10023 10026 10024 10021 
f 10025 10022 10021 10024 
f 10026 10029 10027 10024 
f 10028 10025 10024 10027 
f 10029 10032 10030 10027 
f 10031 10028 10027 10030 
f 10032 10035 10033 10030 
f 10034 10031 10030 10033 
f 10035 10038 10036 10033 
f 10037 10034 10033 10036 
f 10038 10041 10039 10036 
f 10040 10037 10036 10039 
f 10041 10044 10042 10039 
f 10043 10040 10039 10042 
f 10044 10047 10045 10042 
f 10046 10043 10042 10045 
f 10047 10050 10048 10045 
f 10049 10046 10045 10048 
f 10050 10053 10051 10048 
f 10052 10049 10048 10051 
f 10053 10056 10054 10051 
f 10055 10052 10051 10054 
f 10056 10059 10057 10054 
f 10058 10055 10054 10057 
f 10059 10062 10060 10057 
f 10061 10058 10057 10060 
f 10062 10065 10063 10060 
f 10064 10061 10060 10063 
f 10065 10068 10066 10063 
f 10067 10064 10063 10066 
f 10068 10071 10069 10066 
f 10070 10067 10066 10069 
f 10071 10074 10072 10069 
f 10073 10070 10069 10072 
f 10074 10077 10075 10072 
f 10076 10073 10072 10075 
f 10077 10080 10078 10075 
f 10079 10076 10075 10078 
f 10080 10083 10081 10078 
f 10082 10079 10078 10081 
f 10083 10086 10084 10081 
f 10085 10082 10081 10084 
f 10086 10089 10087 10084 
f 10088 10085 10084 10087 
f 10089 10092 10090 10087 
f 10091 10088 10087 10090 
f 10092 10095 10093 10090 
f 10094 10091 10090 10093 
f 10095 10098 10096 10093 
f 10097 10094 10093 10096 
f 10098 10101 10099 10096 
f 10100 10097 10096 10099 
f 10101 10104 10102 10099 
f 10103 10100 10099 10102 
f 10104 10107 10105 10102 
f 10106 10103 10102 10105 
f 10107 10110 10108 10105 
f 10109 10106 10105 10108 
f 10110 10113 10111 10108 
f 10112 10109 10108 10111 
f 10113 10116 10114 10111 
f 10115 10112 10111 10114 
f 10116 10119 10117 10114 
f 10118 10115 10114 10117 
f 10119 10122 10120 10117 
f 10121 10118 10117 10120 
f 10122 10125 10123 10120 
f 10124 10121 10120 10123 
f 10125 10128 10126 10123 
f 10127 10124 10123 10126 
f 10128 10131 10129 10126 
f 10130 10127 10126 10129 
f 10131 10134 10132 10129 
f 10133 10130 10129 10132 
f 10134 10137 10135 10132 
f 10136 10133 10132 10135 
f 10137 10140 10138 10135 
f 10139 10136 10135 10138 
f 10140 10143 10141 10138 
f 10142 10139 10138 10141 
f 10143 10146 10144 10141 
f 10145 10142 10141 10144 
f 10146 10149 10147 10144 
f 10148 10145 10144 10147 
f 10149 10152 10150 10147 
f 10151 10148 10147 10150 
f 10152 10155 10153 10150 
f 10154 10151 10150 10153 
f 10155 10158 10156 10153 
f 10157 10154 10153 10156 
f 10158 10161 10159 10156 
f 10160 10157 10156 10159 
f 10161 10164 10162 10159 
f 10163 10160 10159 10162 
f 10164 10167 10165 10162 
f 10166 10163 10162 10165 
f 10167 10170 10168 10165 
f 10169 10166 10165 10168 
f 10170 10173 10171 10168 
f 10172 10169 10168 10171 
f 10173 10176 10174 10171 
f 10175 10172 10171 10174 
f 10176 10179 10177 10174 
f 10178 10175 10174 10177 
f 10179 10182 10180 10177 
f 10181 10178 10177 10180 
f 10182 10185 10183 10180 
f 10184 10181 10180 10183 
f 10185 10188 10186 10183 
f 10187 10184 10183 10186 
f 10188 10001 10000 10186 
f 10002 10187 10186 10000 
f 10193 10191 10189 10192 
f 10190 10194 10192 10189 
f 10191 10197 10195 10189 
f 10196 10190 10189 10195 
f 10197 10200 10198 10195 
f 10199 10196 10195 10198 
f 10200 10203 10201 10198 
f 10202 10199 10198 10201 
f 10203 10206 10204 10201 
f 10205 10202 10201 10204 
f 10206 10209 10207 10204 
f 10208 10205 10204 10207 
f 10209 10212 10210 10207 
f 10211 10208 10207 10210 
f 10212 10215 10213 10210 
f 10214 10211 10210 10213 
f 10215 10218 10216 10213 
f 10217 10214 10213 10216 
f 10218 10221 10219 10216 
f 10220 10217 10216 10219 
f 10221 10224 10222 10219 
f 10223 10220 10219 10222 
f 10224 10227 10225 10222 
f 10226 10223 10222 10225 
f 10227 10230 10228 10225 
f 10229 10226 10225 10228 
f 10230 10233 10231 10228 
f 10232 10229 10228 10231 
f 10233 10236 10234 10231 
f 10235 10232 10231 10234 
f 10236 10239 10237 10234 
f 10238 10235 10234 10237 
f 10239 10242 10240 10237 
f 10241 10238 10237 10240 
f 10242 10245 10243 10240 
f 10244 10241 10240 10243 
f 10245 10248 10246 10243 
f 10247 10244 10243 10246 
f 10248 10251 10249 10246 
f 10250 10247 10246 10249 
f 10251 10254 10252 10249 
f 10253 10250 10249 10252 
f 10254 10257 10255 10252 
f 10256 10253 10252 10255 
f 10257 10260 10258 10255 
f 10259 10256 10255 10258 
f 10260 10263 10261 10258 
f 10262 10259 10258 10261 
f 10263 10266 10264 10261 
f 10265 10262 10261 10264 
f 10266 10269 10267 10264 
f 10268 10265 10264 10267 
f 10269 10272 10270 10267 
f 10271 10268 10267 10270 
f 10272 10275 10273 10270 
f 10274 10271 10270 10273 
f 10275 10278 10276 10273 
f 10277 10274 10273 10276 
f 10278 10281 10279 10276 
f 10280 10277 10276 10279 
f 10281 10284 10282 10279 
f 10283 10280 10279 10282 
f 10284 10287 10285 10282 
f 10286 10283 10282 10285 
f 10287 10290 10288 10285 
f 10289 10286 10285 10288 
f 10290 10293 10291 10288 
f 10292 10289 10288 10291 
f 10293 10296 10294 10291 
f 10295 10292 10291 10294 
f 10296 10299 10297 10294 
f 10298 10295 10294 10297 
f 10299 10302 10300 10297 
f 10301 10298 10297 10300 
f 10302 10305 10303 10300 
f 10304 10301 10300 10303 
f 10305 10308 10306 10303 
f 10307 10304 10303 10306 
f 10308 10311 10309 10306 
f 10310 10307 10306 10309 
f 10311 10314 10312 10309 
f 10313 10310 10309 10312 
f 10314 10317 10315 10312 
f 10316 10313 10312 10315 
f 10317 10320 10318 10315 
f 10319 10316 10315 10318 
f 10320 10323 10321 10318 
f 10322 10319 10318 10321 
f 10323 10326 10324 10321 
f 10325 10322 10321 10324 
f 10326 10329 10327 10324 
f 10328 10325 10324 10327 
f 10329 10332 10330 10327 
f 10331 10328 10327 10330 
f 10332 10335 10333 10330 
f 10334 10331 10330 10333 
f 10335 10338 10336 10333 
f 10337 10334 10333 10336 
f 10338 10341 10339 10336 
f 10340 10337 10336 10339 
f 10341 10344 10342 10339 
f 10343 10340 10339 10342 
f 10344 10347 10345 10342 
f 10346 10343 10342 10345 
f 10347 10350 10348 10345 
f 10349 10346 10345 10348 
f 10350 10353 10351 10348 
f 10352 10349 10348 10351 
f 10353 10356 10354 10351 
f 10355 10352 10351 10354 
f 10356 10359 10357 10354 
f 10358 10355 10354 10357 
f 10359 10362 10360 10357 
f 10361 10358 10357 10360 
f 10362 10365 10363 10360 
f 10364 10361 10360 10363 
f 10365 10368 10366 10363 
f 10367 10364 10363 10366 
f 10368 10371 10369 10366 
f 10370 10367 10366 10369 
f 10371 10374 10372 10369 
f 10373 10370 10369 10372 
f 10374 10377 10375 10372 
f 10376 10373 10372 10375 
f 10377 10380 10378 10375 
f 10379 10376 10375 10378 
f 10380 10193 10192 10378 
f 10194 10379 10378 10192 
# 10214 polygons - 328 triangles

