# 3ds Max Wavefront OBJ Exporter v0.99 - (c)2007 guruware
# File Created: 04.07.2022 17:14:46

#
# object 98930X_1
#

v  0.4331 4.5221 0.3682
v  0.4331 4.5142 0.3709
v  -0.4331 4.5142 0.3709
v  -0.4331 4.5221 0.3682
v  0.4528 4.5285 0.3868
v  0.4528 4.5207 0.3895
v  0.4403 4.5225 0.3695
v  0.4403 4.5147 0.3722
v  0.4470 4.5240 0.3736
v  0.4470 4.5161 0.3763
v  0.4514 4.5262 0.3799
v  0.4514 4.5183 0.3826
v  0.4528 4.5659 0.5196
v  0.4528 4.5738 0.5169
v  0.4331 4.5802 0.5355
v  0.4331 4.5724 0.5382
v  0.4403 4.5719 0.5369
v  0.4403 4.5798 0.5342
v  0.4470 4.5705 0.5328
v  0.4470 4.5783 0.5301
v  0.4514 4.5683 0.5265
v  0.4514 4.5761 0.5238
v  -0.4331 4.5802 0.5355
v  -0.4331 4.5724 0.5382
v  -0.4403 4.5798 0.5342
v  -0.4403 4.5719 0.5369
v  -0.4528 4.5738 0.5169
v  -0.4528 4.5659 0.5196
v  -0.4514 4.5683 0.5265
v  -0.4514 4.5761 0.5238
v  -0.4470 4.5705 0.5328
v  -0.4470 4.5783 0.5301
v  -0.4528 4.5285 0.3868
v  -0.4528 4.5207 0.3895
v  -0.4403 4.5147 0.3722
v  -0.4403 4.5225 0.3695
v  -0.4470 4.5161 0.3763
v  -0.4470 4.5240 0.3736
v  -0.4514 4.5183 0.3826
v  -0.4514 4.5262 0.3799
v  -0.4331 4.5067 0.3735
v  0.4331 4.5067 0.3735
v  0.4396 4.5110 0.3859
v  0.4403 4.5071 0.3748
v  0.4470 4.5086 0.3790
v  0.4514 4.5108 0.3853
v  0.4528 4.5132 0.3921
v  0.4528 4.5584 0.5223
v  0.4514 4.5608 0.5291
v  0.4470 4.5629 0.5354
v  0.4403 4.5644 0.5396
v  0.4331 4.5648 0.5409
v  -0.4331 4.5648 0.5409
v  -0.4403 4.5644 0.5396
v  -0.4470 4.5629 0.5354
v  -0.4514 4.5608 0.5291
v  -0.4528 4.5584 0.5223
v  -0.4528 4.5132 0.3921
v  -0.4514 4.5108 0.3853
v  -0.4470 4.5086 0.3790
v  -0.4403 4.5071 0.3748
v  0.2780 4.5529 0.5066
v  0.2780 4.5385 0.4652
v  0.3297 4.5577 0.5204
v  0.3326 4.5529 0.5066
v  0.3441 4.5568 0.5176
v  0.3412 4.5520 0.5038
v  0.3556 4.5539 0.5093
v  0.3469 4.5500 0.4983
v  0.3498 4.5471 0.4899
v  0.3670 4.5471 0.4899
v  0.3670 4.5433 0.4789
v  0.3498 4.5443 0.4816
v  0.3642 4.5404 0.4706
v  0.3469 4.5414 0.4733
v  0.3556 4.5366 0.4595
v  0.3412 4.5394 0.4678
v  0.3326 4.5385 0.4650
v  -0.2502 4.5423 0.4761
v  -0.2502 4.5279 0.4346
v  -0.2674 4.5279 0.4346
v  -0.2674 4.5423 0.4761
v  -0.2645 4.5231 0.4207
v  -0.2473 4.5241 0.4235
v  -0.2588 4.5192 0.4096
v  -0.2416 4.5212 0.4152
v  -0.2473 4.5154 0.3986
v  -0.2329 4.5192 0.4096
v  -0.2358 4.5135 0.3930
v  -0.2645 4.5471 0.4899
v  -0.2473 4.5462 0.4872
v  -0.2588 4.5510 0.5010
v  -0.2416 4.5491 0.4955
v  -0.2473 4.5548 0.5121
v  -0.2329 4.5510 0.5010
v  -0.2358 4.5568 0.5176
v  -0.2215 4.5520 0.5038
v  -0.2215 4.5577 0.5204
v  -0.2215 4.5183 0.4069
v  -0.2215 4.5125 0.3902
v  -0.1985 4.5183 0.4069
v  -0.1985 4.5125 0.3902
v  -0.1841 4.5135 0.3930
v  -0.1870 4.5192 0.4096
v  -0.1727 4.5154 0.3986
v  -0.1784 4.5212 0.4152
v  -0.1612 4.5192 0.4096
v  -0.1727 4.5241 0.4235
v  -0.1554 4.5231 0.4207
v  -0.1698 4.5279 0.4346
v  -0.1526 4.5279 0.4346
v  -0.1698 4.5423 0.4761
v  -0.1526 4.5423 0.4761
v  -0.1554 4.5471 0.4899
v  -0.1727 4.5462 0.4872
v  -0.1612 4.5510 0.5010
v  -0.1784 4.5491 0.4955
v  -0.1727 4.5548 0.5121
v  -0.1870 4.5510 0.5010
v  -0.1841 4.5568 0.5176
v  -0.1985 4.5520 0.5038
v  -0.1985 4.5577 0.5204
v  0.2780 4.5608 0.5038
v  0.2780 4.5465 0.4624
v  0.3297 4.5657 0.5177
v  0.3326 4.5608 0.5038
v  0.3441 4.5647 0.5149
v  0.3412 4.5599 0.5010
v  0.3556 4.5618 0.5066
v  0.3469 4.5580 0.4955
v  0.3498 4.5551 0.4872
v  0.3670 4.5551 0.4872
v  0.3670 4.5512 0.4761
v  0.3498 4.5522 0.4789
v  0.3642 4.5483 0.4678
v  0.3469 4.5493 0.4706
v  0.3556 4.5445 0.4567
v  0.3412 4.5474 0.4650
v  0.3326 4.5464 0.4623
v  0.2379 4.5204 0.3875
v  -0.2502 4.5503 0.4733
v  -0.2502 4.5358 0.4318
v  -0.2677 4.5369 0.4306
v  -0.2678 4.5513 0.4721
v  -0.2648 4.5322 0.4170
v  -0.2473 4.5320 0.4207
v  -0.2592 4.5284 0.4062
v  -0.2416 4.5291 0.4124
v  -0.2479 4.5246 0.3952
v  -0.2329 4.5272 0.4069
v  -0.2367 4.5227 0.3897
v  -0.2651 4.5561 0.4858
v  -0.2473 4.5541 0.4844
v  -0.2597 4.5599 0.4969
v  -0.2416 4.5570 0.4927
v  -0.2484 4.5638 0.5081
v  -0.2329 4.5589 0.4983
v  -0.2370 4.5658 0.5139
v  -0.2215 4.5599 0.5010
v  -0.2226 4.5668 0.5169
v  -0.2215 4.5262 0.4041
v  -0.2225 4.5217 0.3868
v  -0.1985 4.5262 0.4041
v  -0.1997 4.5216 0.3867
v  -0.1853 4.5225 0.3893
v  -0.1870 4.5272 0.4069
v  -0.1738 4.5244 0.3946
v  -0.1784 4.5291 0.4124
v  -0.1621 4.5282 0.4055
v  -0.1727 4.5320 0.4207
v  -0.1561 4.5320 0.4166
v  -0.1698 4.5358 0.4318
v  -0.1530 4.5369 0.4306
v  -0.1698 4.5503 0.4733
v  -0.1529 4.5513 0.4722
v  -0.1557 4.5562 0.4862
v  -0.1727 4.5541 0.4844
v  -0.1616 4.5602 0.4976
v  -0.1784 4.5570 0.4927
v  -0.1733 4.5641 0.5088
v  -0.1870 4.5589 0.4983
v  -0.1850 4.5660 0.5143
v  -0.1985 4.5599 0.5010
v  -0.1996 4.5669 0.5170
v  0.4328 4.5083 0.3782
v  0.4385 4.5087 0.3792
v  0.4434 4.5098 0.3823
v  0.4467 4.5114 0.3870
v  0.4478 4.5583 0.5221
v  0.4467 4.5601 0.5274
v  0.4434 4.5618 0.5321
v  0.4385 4.5629 0.5351
v  0.4328 4.5632 0.5361
v  -0.4328 4.5632 0.5361
v  -0.4385 4.5629 0.5351
v  -0.4434 4.5618 0.5321
v  -0.4467 4.5601 0.5274
v  -0.4478 4.5583 0.5221
v  -0.4478 4.5132 0.3923
v  -0.4467 4.5114 0.3870
v  -0.4434 4.5098 0.3823
v  -0.4385 4.5087 0.3792
v  -0.4328 4.5083 0.3782
v  0.3302 4.5594 0.5251
v  0.3462 4.5583 0.5221
v  0.3592 4.5550 0.5127
v  0.3720 4.5474 0.4907
v  0.3720 4.5430 0.4781
v  0.3687 4.5397 0.4684
v  0.3598 4.5357 0.4570
v  -0.1476 4.5425 0.4766
v  -0.1476 4.5277 0.4341
v  -0.1507 4.5226 0.4192
v  -0.1570 4.5183 0.4069
v  -0.1697 4.5141 0.3947
v  -0.1825 4.5119 0.3885
v  -0.1980 4.5109 0.3855
v  -0.2220 4.5109 0.3855
v  -0.2375 4.5119 0.3885
v  -0.2503 4.5141 0.3947
v  -0.2629 4.5183 0.4069
v  -0.2693 4.5226 0.4192
v  -0.2724 4.5277 0.4341
v  -0.2724 4.5425 0.4766
v  -0.2693 4.5477 0.4915
v  -0.2629 4.5520 0.5038
v  -0.2503 4.5562 0.5160
v  -0.2375 4.5583 0.5221
v  -0.2220 4.5594 0.5251
v  -0.1980 4.5594 0.5251
v  -0.1825 4.5583 0.5221
v  -0.1697 4.5562 0.5160
v  -0.1570 4.5520 0.5038
v  -0.1507 4.5477 0.4915
v  -0.3709 4.5724 0.5382
v  -0.2773 4.5724 0.5382
v  -0.2221 4.5724 0.5382
v  -0.1181 4.5724 0.5382
v  -0.0370 4.5724 0.5382
v  0.0394 4.5724 0.5382
v  0.1181 4.5724 0.5382
v  0.2506 4.5724 0.5382
v  0.3543 4.5724 0.5382
v  0.3543 4.5802 0.5355
v  0.2506 4.5802 0.5355
v  0.1181 4.5802 0.5355
v  0.0394 4.5802 0.5355
v  -0.0370 4.5802 0.5355
v  -0.1181 4.5802 0.5355
v  -0.2221 4.5802 0.5355
v  -0.2773 4.5802 0.5355
v  -0.3709 4.5802 0.5355
v  0.3543 4.5648 0.5409
v  0.2506 4.5648 0.5409
v  0.0394 4.5648 0.5409
v  -0.0370 4.5648 0.5409
v  -0.1181 4.5648 0.5409
v  -0.2221 4.5648 0.5409
v  -0.2773 4.5648 0.5409
v  -0.3709 4.5648 0.5409
v  0.3541 4.5632 0.5361
v  0.2505 4.5632 0.5361
v  0.0393 4.5632 0.5361
v  -0.0370 4.5632 0.5361
v  -0.1181 4.5632 0.5361
v  -0.2220 4.5632 0.5361
v  -0.2771 4.5632 0.5361
v  -0.3707 4.5632 0.5361
v  -0.3691 4.5221 0.3682
v  -0.3160 4.5221 0.3682
v  -0.2225 4.5221 0.3682
v  -0.1074 4.5221 0.3682
v  -0.0370 4.5221 0.3682
v  0.0032 4.5221 0.3682
v  0.1165 4.5221 0.3682
v  0.1295 4.5221 0.3682
v  0.3543 4.5221 0.3682
v  -0.3691 4.5142 0.3709
v  -0.3160 4.5142 0.3709
v  -0.2225 4.5142 0.3709
v  -0.1074 4.5142 0.3709
v  -0.0370 4.5142 0.3709
v  0.0032 4.5142 0.3709
v  0.1165 4.5142 0.3709
v  0.1295 4.5142 0.3709
v  0.3543 4.5142 0.3709
v  -0.3691 4.5067 0.3735
v  -0.3160 4.5067 0.3735
v  -0.2225 4.5067 0.3735
v  -0.1074 4.5067 0.3735
v  -0.0370 4.5067 0.3735
v  0.0032 4.5067 0.3735
v  0.1165 4.5067 0.3735
v  0.1295 4.5067 0.3735
v  0.3543 4.5067 0.3735
v  -0.3689 4.5083 0.3782
v  -0.3158 4.5083 0.3782
v  -0.2223 4.5083 0.3782
v  -0.1073 4.5083 0.3782
v  -0.0370 4.5083 0.3782
v  0.0032 4.5083 0.3782
v  0.1165 4.5083 0.3782
v  0.1294 4.5083 0.3782
v  0.3541 4.5083 0.3782
v  0.2839 4.5221 0.3682
v  0.2839 4.5142 0.3709
v  0.2839 4.5067 0.3735
v  0.2837 4.5083 0.3782
v  0.2563 4.5221 0.3682
v  0.2563 4.5142 0.3709
v  0.2563 4.5067 0.3735
v  0.2562 4.5083 0.3782
v  0.2429 4.5221 0.3682
v  0.2429 4.5142 0.3709
v  0.2429 4.5067 0.3735
v  0.2428 4.5083 0.3782
v  -0.1351 4.5221 0.3682
v  -0.1351 4.5142 0.3709
v  -0.1351 4.5067 0.3735
v  -0.1350 4.5083 0.3782
v  0.2608 4.5328 0.4488
v  0.2608 4.5403 0.4703
v  0.2608 4.5408 0.4460
v  0.2608 4.5482 0.4675
v  0.2558 4.5327 0.4483
v  0.2558 4.5407 0.4713
v  -0.2810 4.5221 0.3682
v  -0.2810 4.5142 0.3709
v  -0.2810 4.5067 0.3735
v  -0.2809 4.5083 0.3782
v  -0.3156 4.5724 0.5382
v  -0.3156 4.5802 0.5355
v  -0.3156 4.5648 0.5409
v  -0.3155 4.5632 0.5361
v  -0.1701 4.5724 0.5382
v  -0.1701 4.5802 0.5355
v  -0.1701 4.5648 0.5409
v  -0.1700 4.5632 0.5361
v  0.1295 4.5201 0.4122
v  0.1345 4.5202 0.4123
v  0.1345 4.5281 0.4095
v  -0.0035 4.5724 0.5382
v  -0.0035 4.5802 0.5355
v  -0.0035 4.5648 0.5409
v  -0.0035 4.5632 0.5361
v  -0.1296 4.5351 0.4553
v  -0.1296 4.5430 0.4526
v  -0.1346 4.5351 0.4553
v  0.3426 4.5492 0.4957
v  0.3385 4.5505 0.4997
v  0.3318 4.5513 0.5018
v  0.2830 4.5513 0.5018
v  0.2830 4.5402 0.4699
v  0.3318 4.5401 0.4697
v  0.3385 4.5409 0.4719
v  0.3426 4.5422 0.4758
v  0.3448 4.5445 0.4824
v  0.3448 4.5469 0.4892
v  -0.1891 4.5208 0.4140
v  -0.1820 4.5223 0.4185
v  -0.1773 4.5247 0.4254
v  -0.1748 4.5281 0.4351
v  -0.1748 4.5421 0.4755
v  -0.1773 4.5455 0.4853
v  -0.1820 4.5479 0.4921
v  -0.1891 4.5495 0.4967
v  -0.1991 4.5503 0.4991
v  -0.2208 4.5503 0.4991
v  -0.2309 4.5495 0.4967
v  -0.2379 4.5479 0.4921
v  -0.2426 4.5455 0.4853
v  -0.2452 4.5421 0.4755
v  -0.2452 4.5281 0.4351
v  -0.2426 4.5247 0.4254
v  -0.2379 4.5223 0.4185
v  -0.2309 4.5208 0.4140
v  -0.2208 4.5199 0.4116
v  -0.1991 4.5199 0.4116
v  0.3265 4.5457 0.4858
v  -0.2100 4.5351 0.4553
v  -0.4396 4.5678 0.5251
v  -0.4396 4.5183 0.3826
v  0.4396 4.5678 0.5251
v  0.4396 4.5183 0.3826
v  0.0542 -2.0399 -3.4638
v  0.0543 -2.0399 -3.2340
v  0.0546 -2.0427 -3.2271
v  0.0554 -2.0511 -3.2243
v  0.0688 -2.1872 -3.2469
v  0.0871 -2.3733 -3.2860
v  0.1054 -2.5591 -3.3348
v  0.1097 -2.6024 -3.3476
v  0.1102 -2.6080 -3.3485
v  0.1109 -2.6152 -3.3471
v  0.1116 -2.6219 -3.3427
v  0.1120 -2.6262 -3.3360
v  0.1121 -2.6276 -3.3288
v  0.1122 -2.6276 -3.2991
v  0.1108 -2.6136 -3.2803
v  0.1092 -2.5977 -3.2756
v  0.0884 -2.3867 -3.2195
v  0.0705 -2.2043 -3.1811
v  0.0526 -2.0230 -3.1519
v  0.0350 -1.8434 -3.1314
v  0.0175 -1.6660 -3.1194
v  0.1077 -2.0320 -3.4638
v  0.1078 -2.0319 -3.2340
v  0.1083 -2.0347 -3.2271
v  0.1100 -2.0430 -3.2243
v  0.1367 -2.1771 -3.2469
v  0.1731 -2.3605 -3.2860
v  0.2095 -2.5436 -3.3348
v  0.2180 -2.5863 -3.3476
v  0.2191 -2.5918 -3.3485
v  0.2205 -2.5990 -3.3471
v  0.2218 -2.6055 -3.3427
v  0.2227 -2.6098 -3.3360
v  0.2230 -2.6112 -3.3288
v  0.2230 -2.6112 -3.2991
v  0.2202 -2.5974 -3.2803
v  0.2171 -2.5817 -3.2756
v  0.1758 -2.3737 -3.2195
v  0.1400 -2.1939 -3.1811
v  0.1045 -2.0153 -3.1519
v  0.0693 -1.8383 -3.1314
v  0.0345 -1.6634 -3.1194
v  0.1602 -2.0188 -3.4638
v  0.1602 -2.0187 -3.2340
v  0.1611 -2.0215 -3.2271
v  0.1635 -2.0295 -3.2243
v  0.2032 -2.1604 -3.2469
v  0.2575 -2.3393 -3.2860
v  0.3117 -2.5180 -3.3348
v  0.3243 -2.5596 -3.3476
v  0.3259 -2.5651 -3.3485
v  0.3280 -2.5720 -3.3471
v  0.3300 -2.5784 -3.3427
v  0.3313 -2.5826 -3.3360
v  0.3317 -2.5839 -3.3288
v  0.3317 -2.5839 -3.2991
v  0.3276 -2.5705 -3.2803
v  0.3230 -2.5552 -3.2756
v  0.2614 -2.3522 -3.2195
v  0.2082 -2.1768 -3.1811
v  0.1553 -2.0025 -3.1519
v  0.1030 -1.8298 -3.1314
v  0.0512 -1.6592 -3.1194
v  0.2111 -2.0006 -3.4638
v  0.2112 -2.0005 -3.2340
v  0.2123 -2.0032 -3.2271
v  0.2155 -2.0109 -3.2243
v  0.2678 -2.1372 -3.2469
v  0.3393 -2.3100 -3.2860
v  0.4108 -2.4825 -3.3348
v  0.4274 -2.5227 -3.3476
v  0.4296 -2.5280 -3.3485
v  0.4324 -2.5346 -3.3471
v  0.4349 -2.5408 -3.3427
v  0.4366 -2.5449 -3.3360
v  0.4371 -2.5461 -3.3288
v  0.4371 -2.5461 -3.2991
v  0.4318 -2.5331 -3.2803
v  0.4257 -2.5184 -3.2756
v  0.3445 -2.3224 -3.2195
v  0.2744 -2.1531 -3.1811
v  0.2047 -1.9848 -3.1519
v  0.1356 -1.8181 -3.1314
v  0.0674 -1.6534 -3.1194
v  0.2600 -1.9774 -3.4638
v  0.2601 -1.9774 -3.2341
v  0.2614 -1.9799 -3.2271
v  0.2654 -1.9873 -3.2243
v  0.3298 -2.1079 -3.2469
v  0.4180 -2.2728 -3.2860
v  0.5060 -2.4375 -3.3348
v  0.5265 -2.4759 -3.3476
v  0.5291 -2.4809 -3.3485
v  0.5325 -2.4872 -3.3471
v  0.5357 -2.4931 -3.3427
v  0.5378 -2.4970 -3.3360
v  0.5384 -2.4982 -3.3288
v  0.5384 -2.4982 -3.2991
v  0.5318 -2.4858 -3.2803
v  0.5243 -2.4718 -3.2756
v  0.4243 -2.2847 -3.2195
v  0.3379 -2.1230 -3.1811
v  0.2521 -1.9624 -3.1519
v  0.1670 -1.8032 -3.1314
v  0.0830 -1.6460 -3.1194
v  0.3064 -1.9496 -3.4638
v  0.3064 -1.9495 -3.2341
v  0.3080 -1.9519 -3.2271
v  0.3127 -1.9589 -3.2243
v  0.3886 -2.0726 -3.2469
v  0.4925 -2.2281 -3.2860
v  0.5963 -2.3834 -3.3348
v  0.6204 -2.4195 -3.3477
v  0.6236 -2.4242 -3.3485
v  0.6276 -2.4302 -3.3471
v  0.6313 -2.4358 -3.3427
v  0.6337 -2.4394 -3.3361
v  0.6345 -2.4406 -3.3288
v  0.6345 -2.4406 -3.2992
v  0.6267 -2.4289 -3.2803
v  0.6179 -2.4157 -3.2757
v  0.5000 -2.2392 -3.2195
v  0.3982 -2.0869 -3.1811
v  0.2970 -1.9354 -3.1519
v  0.1968 -1.7853 -3.1314
v  0.0977 -1.6371 -3.1194
v  0.3498 -1.9174 -3.4638
v  0.3499 -1.9173 -3.2341
v  0.3517 -1.9195 -3.2271
v  0.3570 -1.9260 -3.2243
v  0.4437 -2.0317 -3.2469
v  0.5624 -2.1762 -3.2860
v  0.6808 -2.3206 -3.3349
v  0.7084 -2.3542 -3.3477
v  0.7120 -2.3586 -3.3485
v  0.7166 -2.3642 -3.3471
v  0.7208 -2.3694 -3.3427
v  0.7236 -2.3728 -3.3361
v  0.7245 -2.3738 -3.3288
v  0.7245 -2.3738 -3.2992
v  0.7156 -2.3630 -3.2803
v  0.7056 -2.3507 -3.2757
v  0.5709 -2.1866 -3.2196
v  0.4547 -2.0450 -3.1812
v  0.3391 -1.9042 -3.1519
v  0.2246 -1.7646 -3.1314
v  0.1116 -1.6268 -3.1194
v  0.3899 -1.8810 -3.4638
v  0.3899 -1.8809 -3.2341
v  0.3920 -1.8830 -3.2271
v  0.3979 -1.8889 -3.2243
v  0.4946 -1.9856 -3.2469
v  0.6268 -2.1178 -3.2860
v  0.7588 -2.2499 -3.3349
v  0.7896 -2.2806 -3.3477
v  0.7936 -2.2846 -3.3485
v  0.7987 -2.2898 -3.3471
v  0.8034 -2.2945 -3.3428
v  0.8065 -2.2976 -3.3361
v  0.8075 -2.2986 -3.3288
v  0.8075 -2.2986 -3.2992
v  0.7976 -2.2886 -3.2803
v  0.7864 -2.2775 -3.2757
v  0.6363 -2.1273 -3.2196
v  0.5068 -1.9977 -3.1812
v  0.3780 -1.8689 -3.1519
v  0.2503 -1.7413 -3.1314
v  0.1243 -1.6153 -3.1194
v  0.4262 -1.8409 -3.4638
v  0.4262 -1.8408 -3.2341
v  0.4285 -1.8427 -3.2271
v  0.4349 -1.8480 -3.2243
v  0.5406 -1.9347 -3.2469
v  0.6852 -2.0534 -3.2860
v  0.8295 -2.1719 -3.3349
v  0.8631 -2.1994 -3.3477
v  0.8675 -2.2030 -3.3485
v  0.8731 -2.2076 -3.3472
v  0.8783 -2.2119 -3.3428
v  0.8816 -2.2147 -3.3361
v  0.8827 -2.2155 -3.3289
v  0.8827 -2.2155 -3.2992
v  0.8719 -2.2066 -3.2804
v  0.8598 -2.1967 -3.2758
v  0.6956 -2.0619 -3.2196
v  0.5540 -1.9456 -3.1812
v  0.4131 -1.8301 -3.1519
v  0.2736 -1.7156 -3.1314
v  0.1359 -1.6025 -3.1195
v  0.4584 -1.7975 -3.4638
v  0.4584 -1.7974 -3.2341
v  0.4608 -1.7990 -3.2271
v  0.4678 -1.8036 -3.2244
v  0.5815 -1.8796 -3.2469
v  0.7369 -1.9835 -3.2861
v  0.8922 -2.0873 -3.3349
v  0.9284 -2.1114 -3.3477
v  0.9331 -2.1146 -3.3486
v  0.9391 -2.1186 -3.3472
v  0.9446 -2.1223 -3.3428
v  0.9483 -2.1248 -3.3361
v  0.9494 -2.1255 -3.3289
v  0.9495 -2.1255 -3.2992
v  0.9378 -2.1177 -3.2804
v  0.9248 -2.1090 -3.2758
v  0.7482 -1.9910 -3.2196
v  0.5958 -1.8892 -3.1812
v  0.4444 -1.7879 -3.1519
v  0.2943 -1.6877 -3.1314
v  0.1461 -1.5886 -3.1195
v  0.4862 -1.7511 -3.4638
v  0.4862 -1.7510 -3.2341
v  0.4888 -1.7523 -3.2271
v  0.4962 -1.7563 -3.2244
v  0.6167 -1.8207 -3.2469
v  0.7816 -1.9089 -3.2861
v  0.9463 -1.9970 -3.3349
v  0.9847 -2.0175 -3.3478
v  0.9897 -2.0201 -3.3486
v  0.9960 -2.0235 -3.3472
v  1.0019 -2.0267 -3.3428
v  1.0058 -2.0288 -3.3362
v  1.0070 -2.0294 -3.3289
v  1.0070 -2.0294 -3.2993
v  0.9946 -2.0228 -3.2804
v  0.9810 -2.0154 -3.2759
v  0.7935 -1.9152 -3.2196
v  0.6319 -1.8288 -3.1812
v  0.4713 -1.7430 -3.1519
v  0.3121 -1.6579 -3.1315
v  0.1549 -1.5738 -3.1195
v  0.5093 -1.7022 -3.4638
v  0.5093 -1.7021 -3.2341
v  0.5120 -1.7032 -3.2272
v  0.5197 -1.7064 -3.2244
v  0.6460 -1.7587 -3.2470
v  0.8188 -1.8303 -3.2861
v  0.9913 -1.9018 -3.3350
v  1.0315 -1.9184 -3.3478
v  1.0367 -1.9206 -3.3486
v  1.0434 -1.9234 -3.3472
v  1.0496 -1.9259 -3.3428
v  1.0536 -1.9276 -3.3362
v  1.0549 -1.9281 -3.3289
v  1.0549 -1.9281 -3.2993
v  1.0419 -1.9227 -3.2804
v  1.0277 -1.9168 -3.2759
v  0.8312 -1.8354 -3.2196
v  0.6620 -1.7653 -3.1812
v  0.4937 -1.6955 -3.1519
v  0.3269 -1.6265 -3.1315
v  0.1623 -1.5583 -3.1195
v  0.5275 -1.6512 -3.4638
v  0.5275 -1.6511 -3.2341
v  0.5303 -1.6520 -3.2272
v  0.5383 -1.6544 -3.2244
v  0.6691 -1.6941 -3.2470
v  0.8481 -1.7484 -3.2861
v  1.0268 -1.8026 -3.3350
v  1.0684 -1.8153 -3.3478
v  1.0738 -1.8169 -3.3486
v  1.0807 -1.8190 -3.3473
v  1.0871 -1.8209 -3.3429
v  1.0913 -1.8222 -3.3362
v  1.0926 -1.8226 -3.3290
v  1.0926 -1.8226 -3.2993
v  1.0792 -1.8185 -3.2804
v  1.0645 -1.8140 -3.2760
v  0.8610 -1.7523 -3.2197
v  0.6856 -1.6991 -3.1812
v  0.5113 -1.6462 -3.1519
v  0.3386 -1.5938 -3.1315
v  0.1680 -1.5420 -3.1195
v  0.5406 -1.5988 -3.4639
v  0.5406 -1.5987 -3.2341
v  0.5435 -1.5992 -3.2272
v  0.5517 -1.6009 -3.2244
v  0.6858 -1.6275 -3.2470
v  0.8692 -1.6640 -3.2861
v  1.0523 -1.7005 -3.3350
v  1.0950 -1.7090 -3.3478
v  1.1005 -1.7101 -3.3487
v  1.1076 -1.7115 -3.3473
v  1.1142 -1.7128 -3.3429
v  1.1185 -1.7136 -3.3362
v  1.1198 -1.7139 -3.3290
v  1.1198 -1.7139 -3.2993
v  1.1061 -1.7112 -3.2805
v  1.0911 -1.7082 -3.2760
v  0.8824 -1.6666 -3.2197
v  0.7027 -1.6309 -3.1813
v  0.5240 -1.5953 -3.1520
v  0.3470 -1.5601 -3.1315
v  0.1722 -1.5253 -3.1195
v  0.5485 -1.5453 -3.4639
v  0.5485 -1.5451 -3.2342
v  0.5514 -1.5454 -3.2272
v  0.5598 -1.5462 -3.2244
v  0.6958 -1.5597 -3.2470
v  0.8819 -1.5780 -3.2862
v  1.0677 -1.5963 -3.3350
v  1.1110 -1.6006 -3.3479
v  1.1167 -1.6012 -3.3487
v  1.1239 -1.6019 -3.3473
v  1.1305 -1.6025 -3.3429
v  1.1349 -1.6029 -3.3363
v  1.1363 -1.6031 -3.3290
v  1.1363 -1.6031 -3.2994
v  1.1223 -1.6017 -3.2805
v  1.1072 -1.6002 -3.2761
v  0.8953 -1.5793 -3.2197
v  0.7130 -1.5613 -3.1813
v  0.5317 -1.5434 -3.1520
v  0.3521 -1.5258 -3.1315
v  0.1747 -1.5083 -3.1195
v  0.5512 -1.4912 -3.4639
v  0.5512 -1.4911 -3.2342
v  0.5540 -1.4911 -3.2272
v  0.5624 -1.4911 -3.2244
v  0.6992 -1.4911 -3.2470
v  0.8862 -1.4911 -3.2862
v  1.0729 -1.4912 -3.3351
v  1.1164 -1.4912 -3.3479
v  1.1220 -1.4912 -3.3487
v  1.1293 -1.4912 -3.3473
v  1.1360 -1.4912 -3.3430
v  1.1403 -1.4912 -3.3363
v  1.1417 -1.4912 -3.3290
v  1.1417 -1.4912 -3.2994
v  1.1277 -1.4911 -3.2805
v  1.1126 -1.4911 -3.2761
v  0.8996 -1.4911 -3.2197
v  0.7164 -1.4911 -3.1813
v  0.5342 -1.4911 -3.1520
v  0.3538 -1.4911 -3.1315
v  0.1755 -1.4911 -3.1195
v  0.5485 -1.4372 -3.4639
v  0.5485 -1.4371 -3.2342
v  0.5514 -1.4368 -3.2272
v  0.5597 -1.4360 -3.2244
v  0.6958 -1.4226 -3.2470
v  0.8819 -1.4043 -3.2862
v  1.0677 -1.3860 -3.3351
v  1.1110 -1.3818 -3.3479
v  1.1166 -1.3812 -3.3487
v  1.1238 -1.3805 -3.3474
v  1.1305 -1.3798 -3.3430
v  1.1348 -1.3794 -3.3363
v  1.1362 -1.3793 -3.3291
v  1.1362 -1.3792 -3.2994
v  1.1222 -1.3806 -3.2806
v  1.1073 -1.3821 -3.2762
v  0.8953 -1.4029 -3.2197
v  0.7129 -1.4209 -3.1813
v  0.5316 -1.4387 -3.1520
v  0.3520 -1.4564 -3.1315
v  0.1746 -1.4739 -3.1195
v  0.5405 -1.3837 -3.4639
v  0.5405 -1.3836 -3.2342
v  0.5434 -1.3830 -3.2272
v  0.5516 -1.3814 -3.2245
v  0.6857 -1.3547 -3.2471
v  0.8691 -1.3183 -3.2862
v  1.0522 -1.2819 -3.3351
v  1.0949 -1.2734 -3.3479
v  1.1004 -1.2723 -3.3488
v  1.1075 -1.2709 -3.3474
v  1.1141 -1.2696 -3.3430
v  1.1184 -1.2687 -3.3363
v  1.1197 -1.2684 -3.3291
v  1.1197 -1.2684 -3.2994
v  1.1060 -1.2712 -3.2806
v  1.0913 -1.2741 -3.2762
v  0.8823 -1.3156 -3.2198
v  0.7026 -1.3513 -3.1813
v  0.5239 -1.3869 -3.1520
v  0.3469 -1.4221 -3.1315
v  0.1721 -1.4568 -3.1195
v  0.5274 -1.3313 -3.4639
v  0.5274 -1.3311 -3.2342
v  0.5301 -1.3303 -3.2272
v  0.5381 -1.3279 -3.2245
v  0.6690 -1.2882 -3.2471
v  0.8479 -1.2339 -3.2862
v  1.0266 -1.1797 -3.3351
v  1.0682 -1.1671 -3.3480
v  1.0736 -1.1655 -3.3488
v  1.0806 -1.1634 -3.3474
v  1.0870 -1.1614 -3.3430
v  1.0912 -1.1602 -3.3364
v  1.0925 -1.1598 -3.3291
v  1.0925 -1.1597 -3.2995
v  1.0791 -1.1638 -3.2806
v  1.0648 -1.1681 -3.2763
v  0.8608 -1.2300 -3.2198
v  0.6855 -1.2832 -3.1813
v  0.5111 -1.3360 -3.1520
v  0.3384 -1.3884 -3.1315
v  0.1679 -1.4401 -3.1195
v  0.5091 -1.2803 -3.4639
v  0.5091 -1.2802 -3.2342
v  0.5118 -1.2791 -3.2273
v  0.5195 -1.2759 -3.2245
v  0.6458 -1.2236 -3.2471
v  0.8186 -1.1521 -3.2863
v  0.9911 -1.0806 -3.3352
v  1.0313 -1.0640 -3.3480
v  1.0365 -1.0618 -3.3488
v  1.0432 -1.0590 -3.3474
v  1.0494 -1.0565 -3.3431
v  1.0534 -1.0548 -3.3364
v  1.0547 -1.0543 -3.3291
v  1.0547 -1.0543 -3.2995
v  1.0417 -1.0596 -3.2806
v  1.0281 -1.0653 -3.2763
v  0.8310 -1.1469 -3.2198
v  0.6617 -1.2170 -3.1814
v  0.4935 -1.2867 -3.1520
v  0.3267 -1.3557 -3.1315
v  0.1620 -1.4239 -3.1195
v  0.4860 -1.2314 -3.4639
v  0.4860 -1.2313 -3.2342
v  0.4885 -1.2300 -3.2273
v  0.4959 -1.2260 -3.2245
v  0.6165 -1.1616 -3.2471
v  0.7814 -1.0734 -3.2863
v  0.9461 -0.9854 -3.3352
v  0.9844 -0.9650 -3.3480
v  0.9894 -0.9623 -3.3488
v  0.9958 -0.9589 -3.3475
v  1.0017 -0.9557 -3.3431
v  1.0056 -0.9536 -3.3364
v  1.0068 -0.9530 -3.3292
v  1.0068 -0.9530 -3.2995
v  0.9944 -0.9596 -3.2807
v  0.9814 -0.9665 -3.2763
v  0.7933 -1.0671 -3.2198
v  0.6317 -1.1534 -3.1814
v  0.4710 -1.2393 -3.1520
v  0.3118 -1.3243 -3.1315
v  0.1546 -1.4084 -3.1195
v  0.4581 -1.1851 -3.4640
v  0.4581 -1.1850 -3.2342
v  0.4605 -1.1833 -3.2273
v  0.4675 -1.1787 -3.2245
v  0.5812 -1.1027 -3.2471
v  0.7367 -0.9989 -3.2863
v  0.8919 -0.8951 -3.3352
v  0.9281 -0.8710 -3.3480
v  0.9328 -0.8678 -3.3489
v  0.9388 -0.8638 -3.3475
v  0.9444 -0.8601 -3.3431
v  0.9480 -0.8577 -3.3364
v  0.9492 -0.8569 -3.3292
v  0.9492 -0.8569 -3.2995
v  0.9375 -0.8647 -3.2807
v  0.9253 -0.8728 -3.2764
v  0.7479 -0.9914 -3.2198
v  0.5955 -1.0931 -3.1814
v  0.4440 -1.1943 -3.1521
v  0.2940 -1.2946 -3.1315
v  0.1458 -1.3936 -3.1195
v  0.4259 -1.1416 -3.4640
v  0.4259 -1.1415 -3.2343
v  0.4281 -1.1397 -3.2273
v  0.4346 -1.1344 -3.2245
v  0.5403 -1.0477 -3.2471
v  0.6848 -0.9290 -3.2863
v  0.8292 -0.8106 -3.3352
v  0.8628 -0.7830 -3.3480
v  0.8672 -0.7794 -3.3489
v  0.8728 -0.7748 -3.3475
v  0.8780 -0.7706 -3.3431
v  0.8813 -0.7678 -3.3365
v  0.8824 -0.7669 -3.3292
v  0.8824 -0.7669 -3.2996
v  0.8715 -0.7758 -3.2807
v  0.8603 -0.7850 -3.2764
v  0.6952 -0.9205 -3.2199
v  0.5536 -1.0367 -3.1814
v  0.4128 -1.1522 -3.1521
v  0.2733 -1.2667 -3.1315
v  0.1355 -1.3798 -3.1195
v  0.3896 -1.1016 -3.4640
v  0.3895 -1.1015 -3.2343
v  0.3916 -1.0994 -3.2273
v  0.3975 -1.0935 -3.2245
v  0.4942 -0.9968 -3.2471
v  0.6264 -0.8646 -3.2863
v  0.7585 -0.7326 -3.3352
v  0.7892 -0.7019 -3.3481
v  0.7932 -0.6978 -3.3489
v  0.7984 -0.6927 -3.3475
v  0.8031 -0.6880 -3.3431
v  0.8062 -0.6849 -3.3365
v  0.8072 -0.6839 -3.3292
v  0.8071 -0.6839 -3.2996
v  0.7972 -0.6938 -3.2807
v  0.7870 -0.7041 -3.2765
v  0.6359 -0.8551 -3.2199
v  0.5064 -0.9846 -3.1814
v  0.3776 -1.1134 -3.1521
v  0.2499 -1.2410 -3.1316
v  0.1239 -1.3670 -3.1195
v  0.3495 -1.0653 -3.4640
v  0.3495 -1.0652 -3.2343
v  0.3513 -1.0629 -3.2273
v  0.3566 -1.0564 -3.2245
v  0.4433 -0.9508 -3.2472
v  0.5620 -0.8062 -3.2863
v  0.6804 -0.6619 -3.3353
v  0.7080 -0.6283 -3.3481
v  0.7116 -0.6239 -3.3489
v  0.7162 -0.6183 -3.3475
v  0.7205 -0.6132 -3.3432
v  0.7232 -0.6098 -3.3365
v  0.7241 -0.6087 -3.3292
v  0.7241 -0.6087 -3.2996
v  0.7152 -0.6195 -3.2807
v  0.7060 -0.6307 -3.2765
v  0.5705 -0.7958 -3.2199
v  0.4543 -0.9374 -3.1814
v  0.3387 -1.0782 -3.1521
v  0.2242 -1.2177 -3.1316
v  0.1111 -1.3555 -3.1195
v  0.3060 -1.0331 -3.4640
v  0.3060 -1.0330 -3.2343
v  0.3076 -1.0306 -3.2273
v  0.3123 -1.0236 -3.2245
v  0.3882 -0.9099 -3.2472
v  0.4921 -0.7544 -3.2864
v  0.5959 -0.5992 -3.3353
v  0.6200 -0.5631 -3.3481
v  0.6232 -0.5583 -3.3489
v  0.6272 -0.5523 -3.3476
v  0.6309 -0.5468 -3.3432
v  0.6333 -0.5431 -3.3365
v  0.6341 -0.5420 -3.3293
v  0.6341 -0.5419 -3.2996
v  0.6263 -0.5536 -3.2807
v  0.6183 -0.5656 -3.2765
v  0.4996 -0.7432 -3.2199
v  0.3978 -0.8956 -3.1814
v  0.2966 -1.0470 -3.1521
v  0.1963 -1.1971 -3.1316
v  0.0973 -1.3453 -3.1195
v  0.2596 -1.0053 -3.4640
v  0.2596 -1.0052 -3.2343
v  0.2609 -1.0026 -3.2273
v  0.2649 -0.9952 -3.2245
v  0.3293 -0.8747 -3.2472
v  0.4175 -0.7098 -3.2864
v  0.5055 -0.5451 -3.3353
v  0.5260 -0.5068 -3.3481
v  0.5287 -0.5018 -3.3490
v  0.5321 -0.4954 -3.3476
v  0.5353 -0.4895 -3.3432
v  0.5373 -0.4856 -3.3365
v  0.5380 -0.4844 -3.3293
v  0.5380 -0.4844 -3.2996
v  0.5314 -0.4967 -3.2808
v  0.5246 -0.5094 -3.2766
v  0.4238 -0.6979 -3.2199
v  0.3375 -0.8594 -3.1814
v  0.2516 -1.0201 -3.1521
v  0.1665 -1.1792 -3.1316
v  0.0825 -1.3364 -3.1195
v  0.2107 -0.9822 -3.4640
v  0.2107 -0.9821 -3.2343
v  0.2118 -0.9794 -3.2273
v  0.2150 -0.9717 -3.2246
v  0.2673 -0.8454 -3.2472
v  0.3389 -0.6726 -3.2864
v  0.4104 -0.5001 -3.3353
v  0.4270 -0.4599 -3.3481
v  0.4292 -0.4547 -3.3490
v  0.4319 -0.4480 -3.3476
v  0.4345 -0.4418 -3.3432
v  0.4362 -0.4378 -3.3365
v  0.4367 -0.4365 -3.3293
v  0.4367 -0.4365 -3.2996
v  0.4313 -0.4495 -3.2808
v  0.4258 -0.4627 -3.2766
v  0.3440 -0.6601 -3.2199
v  0.2739 -0.8294 -3.1815
v  0.2042 -0.9977 -3.1521
v  0.1351 -1.1644 -3.1316
v  0.0669 -1.3291 -3.1195
v  0.1598 -0.9640 -3.4640
v  0.1597 -0.9639 -3.2343
v  0.1606 -0.9611 -3.2273
v  0.1630 -0.9531 -3.2246
v  0.2027 -0.8223 -3.2472
v  0.2570 -0.6433 -3.2864
v  0.3112 -0.4646 -3.3353
v  0.3238 -0.4230 -3.3481
v  0.3255 -0.4176 -3.3490
v  0.3276 -0.4107 -3.3476
v  0.3295 -0.4043 -3.3432
v  0.3308 -0.4001 -3.3365
v  0.3312 -0.3988 -3.3293
v  0.3312 -0.3988 -3.2996
v  0.3271 -0.4122 -3.2808
v  0.3230 -0.4259 -3.2766
v  0.2609 -0.6304 -3.2199
v  0.2077 -0.8058 -3.1815
v  0.1548 -0.9801 -3.1521
v  0.1024 -1.1528 -3.1316
v  0.0507 -1.3233 -3.1195
v  0.1073 -0.9508 -3.4640
v  0.1073 -0.9508 -3.2343
v  0.1078 -0.9479 -3.2273
v  0.1095 -0.9397 -3.2246
v  0.1361 -0.8056 -3.2472
v  0.1726 -0.6222 -3.2864
v  0.2091 -0.4391 -3.3353
v  0.2176 -0.3965 -3.3481
v  0.2187 -0.3909 -3.3490
v  0.2201 -0.3838 -3.3476
v  0.2214 -0.3772 -3.3432
v  0.2222 -0.3729 -3.3365
v  0.2225 -0.3716 -3.3293
v  0.2225 -0.3716 -3.2997
v  0.2197 -0.3853 -3.2808
v  0.2170 -0.3993 -3.2766
v  0.1752 -0.6090 -3.2199
v  0.1395 -0.7887 -3.1815
v  0.1039 -0.9673 -3.1521
v  0.0687 -1.1443 -3.1316
v  0.0340 -1.3192 -3.1195
v  0.0538 -0.9429 -3.4640
v  0.0538 -0.9428 -3.2343
v  0.0540 -0.9400 -3.2273
v  0.0549 -0.9316 -3.2246
v  0.0683 -0.7956 -3.2472
v  0.0866 -0.6095 -3.2864
v  0.1049 -0.4237 -3.3353
v  0.1092 -0.3804 -3.3481
v  0.1097 -0.3748 -3.3490
v  0.1104 -0.3675 -3.3476
v  0.1111 -0.3609 -3.3432
v  0.1115 -0.3565 -3.3366
v  0.1117 -0.3552 -3.3293
v  0.1117 -0.3551 -3.2997
v  0.1103 -0.3691 -3.2808
v  0.1089 -0.3833 -3.2766
v  0.0879 -0.5961 -3.2199
v  0.0699 -0.7784 -3.1815
v  0.0521 -0.9597 -3.1521
v  0.0344 -1.1393 -3.1316
v  0.0169 -1.3167 -3.1195
v  -0.0000 -2.0454 -3.2271
v  -0.0000 -2.0538 -3.2243
v  -0.0000 -2.1905 -3.2469
v  -0.0000 -2.3775 -3.2860
v  -0.0000 -2.6078 -3.3476
v  -0.0000 -2.6134 -3.3484
v  -0.0000 -2.6207 -3.3471
v  -0.0000 -2.6331 -3.2991
v  -0.0000 -2.6191 -3.2803
v  -0.0000 -2.2078 -3.1811
v  -0.0000 -2.0256 -3.1519
v  -0.0000 -0.9403 -3.4640
v  -0.0000 -0.9373 -3.2273
v  -0.0000 -0.7923 -3.2472
v  -0.0000 -0.6053 -3.2864
v  -0.0000 -0.4185 -3.3353
v  -0.0000 -0.3751 -3.3481
v  -0.0000 -0.3511 -3.3366
v  -0.0000 -0.3497 -3.3293
v  -0.0000 -0.3497 -3.2997
v  -0.0000 -0.3637 -3.2808
v  -0.0000 -0.5918 -3.2199
v  -0.0001 -2.0426 -3.4638
v  -0.0542 -2.0399 -3.4638
v  -0.0543 -2.0399 -3.2340
v  -0.0546 -2.0427 -3.2271
v  -0.0554 -2.0511 -3.2243
v  -0.0688 -2.1872 -3.2469
v  -0.0871 -2.3733 -3.2860
v  -0.1054 -2.5591 -3.3348
v  -0.1097 -2.6024 -3.3476
v  -0.1102 -2.6080 -3.3485
v  -0.1109 -2.6152 -3.3471
v  -0.1116 -2.6219 -3.3427
v  -0.1120 -2.6262 -3.3360
v  -0.1122 -2.6276 -3.3288
v  -0.1122 -2.6276 -3.2991
v  -0.1108 -2.6136 -3.2803
v  -0.1092 -2.5977 -3.2756
v  -0.0884 -2.3867 -3.2195
v  -0.0705 -2.2043 -3.1811
v  -0.0526 -2.0230 -3.1519
v  -0.0350 -1.8434 -3.1314
v  -0.0175 -1.6660 -3.1194
v  -0.0000 -1.4914 -3.1156
v  -0.1077 -2.0320 -3.4638
v  -0.1078 -2.0319 -3.2340
v  -0.1084 -2.0347 -3.2271
v  -0.1100 -2.0430 -3.2243
v  -0.1367 -2.1771 -3.2469
v  -0.1731 -2.3605 -3.2860
v  -0.2095 -2.5436 -3.3348
v  -0.2180 -2.5863 -3.3476
v  -0.2191 -2.5918 -3.3485
v  -0.2205 -2.5990 -3.3471
v  -0.2218 -2.6055 -3.3427
v  -0.2227 -2.6098 -3.3360
v  -0.2230 -2.6112 -3.3288
v  -0.2230 -2.6111 -3.2991
v  -0.2203 -2.5974 -3.2803
v  -0.2171 -2.5817 -3.2756
v  -0.1758 -2.3737 -3.2195
v  -0.1400 -2.1939 -3.1811
v  -0.1045 -2.0153 -3.1519
v  -0.0693 -1.8383 -3.1314
v  -0.0345 -1.6634 -3.1194
v  -0.1602 -2.0188 -3.4638
v  -0.1603 -2.0187 -3.2340
v  -0.1611 -2.0215 -3.2271
v  -0.1635 -2.0295 -3.2243
v  -0.2032 -2.1604 -3.2469
v  -0.2575 -2.3393 -3.2860
v  -0.3117 -2.5180 -3.3348
v  -0.3243 -2.5596 -3.3476
v  -0.3259 -2.5651 -3.3485
v  -0.3280 -2.5720 -3.3471
v  -0.3300 -2.5784 -3.3427
v  -0.3313 -2.5826 -3.3360
v  -0.3317 -2.5839 -3.3288
v  -0.3317 -2.5839 -3.2991
v  -0.3276 -2.5705 -3.2803
v  -0.3230 -2.5552 -3.2756
v  -0.2614 -2.3522 -3.2195
v  -0.2082 -2.1768 -3.1811
v  -0.1554 -2.0025 -3.1519
v  -0.1030 -1.8298 -3.1314
v  -0.0512 -1.6592 -3.1194
v  -0.2111 -2.0006 -3.4638
v  -0.2112 -2.0005 -3.2340
v  -0.2123 -2.0032 -3.2271
v  -0.2155 -2.0109 -3.2243
v  -0.2678 -2.1372 -3.2469
v  -0.3394 -2.3100 -3.2860
v  -0.4108 -2.4825 -3.3348
v  -0.4274 -2.5227 -3.3476
v  -0.4296 -2.5280 -3.3485
v  -0.4324 -2.5346 -3.3471
v  -0.4349 -2.5408 -3.3427
v  -0.4366 -2.5449 -3.3360
v  -0.4371 -2.5461 -3.3288
v  -0.4372 -2.5461 -3.2991
v  -0.4318 -2.5331 -3.2803
v  -0.4257 -2.5184 -3.2756
v  -0.3445 -2.3224 -3.2195
v  -0.2744 -2.1531 -3.1811
v  -0.2047 -1.9848 -3.1519
v  -0.1356 -1.8181 -3.1314
v  -0.0674 -1.6534 -3.1194
v  -0.2600 -1.9774 -3.4638
v  -0.2601 -1.9774 -3.2341
v  -0.2614 -1.9799 -3.2271
v  -0.2654 -1.9873 -3.2243
v  -0.3298 -2.1079 -3.2469
v  -0.4180 -2.2728 -3.2860
v  -0.5060 -2.4375 -3.3348
v  -0.5265 -2.4759 -3.3476
v  -0.5291 -2.4809 -3.3485
v  -0.5326 -2.4872 -3.3471
v  -0.5357 -2.4931 -3.3427
v  -0.5378 -2.4970 -3.3360
v  -0.5384 -2.4982 -3.3288
v  -0.5384 -2.4982 -3.2991
v  -0.5318 -2.4858 -3.2803
v  -0.5243 -2.4718 -3.2756
v  -0.4243 -2.2847 -3.2195
v  -0.3380 -2.1230 -3.1811
v  -0.2521 -1.9624 -3.1519
v  -0.1670 -1.8032 -3.1314
v  -0.0830 -1.6460 -3.1194
v  -0.3064 -1.9496 -3.4638
v  -0.3064 -1.9495 -3.2341
v  -0.3080 -1.9519 -3.2271
v  -0.3127 -1.9589 -3.2243
v  -0.3886 -2.0726 -3.2469
v  -0.4925 -2.2281 -3.2860
v  -0.5963 -2.3834 -3.3348
v  -0.6204 -2.4195 -3.3477
v  -0.6236 -2.4242 -3.3485
v  -0.6276 -2.4302 -3.3471
v  -0.6313 -2.4358 -3.3427
v  -0.6337 -2.4394 -3.3361
v  -0.6345 -2.4406 -3.3288
v  -0.6345 -2.4406 -3.2992
v  -0.6267 -2.4289 -3.2803
v  -0.6179 -2.4157 -3.2757
v  -0.5000 -2.2392 -3.2195
v  -0.3982 -2.0869 -3.1811
v  -0.2970 -1.9354 -3.1519
v  -0.1968 -1.7853 -3.1314
v  -0.0978 -1.6371 -3.1194
v  -0.3498 -1.9174 -3.4638
v  -0.3499 -1.9173 -3.2341
v  -0.3517 -1.9195 -3.2271
v  -0.3570 -1.9260 -3.2243
v  -0.4437 -2.0317 -3.2469
v  -0.5624 -2.1762 -3.2860
v  -0.6808 -2.3206 -3.3349
v  -0.7084 -2.3542 -3.3477
v  -0.7120 -2.3586 -3.3485
v  -0.7166 -2.3642 -3.3471
v  -0.7208 -2.3694 -3.3427
v  -0.7236 -2.3728 -3.3361
v  -0.7245 -2.3738 -3.3288
v  -0.7245 -2.3738 -3.2992
v  -0.7156 -2.3630 -3.2803
v  -0.7056 -2.3507 -3.2757
v  -0.5709 -2.1866 -3.2196
v  -0.4547 -2.0450 -3.1812
v  -0.3391 -1.9042 -3.1519
v  -0.2246 -1.7646 -3.1314
v  -0.1116 -1.6268 -3.1194
v  -0.3899 -1.8810 -3.4638
v  -0.3899 -1.8809 -3.2341
v  -0.3920 -1.8830 -3.2271
v  -0.3979 -1.8889 -3.2243
v  -0.4946 -1.9856 -3.2469
v  -0.6268 -2.1178 -3.2860
v  -0.7588 -2.2499 -3.3349
v  -0.7896 -2.2806 -3.3477
v  -0.7936 -2.2846 -3.3485
v  -0.7987 -2.2898 -3.3471
v  -0.8034 -2.2945 -3.3428
v  -0.8065 -2.2976 -3.3361
v  -0.8075 -2.2986 -3.3288
v  -0.8075 -2.2986 -3.2992
v  -0.7976 -2.2886 -3.2803
v  -0.7864 -2.2775 -3.2757
v  -0.6363 -2.1273 -3.2196
v  -0.5068 -1.9977 -3.1812
v  -0.3780 -1.8689 -3.1519
v  -0.2504 -1.7413 -3.1314
v  -0.1243 -1.6153 -3.1194
v  -0.4262 -1.8409 -3.4638
v  -0.4262 -1.8408 -3.2341
v  -0.4285 -1.8427 -3.2271
v  -0.4349 -1.8480 -3.2243
v  -0.5406 -1.9347 -3.2469
v  -0.6852 -2.0534 -3.2860
v  -0.8295 -2.1719 -3.3349
v  -0.8631 -2.1994 -3.3477
v  -0.8675 -2.2030 -3.3485
v  -0.8731 -2.2076 -3.3472
v  -0.8783 -2.2119 -3.3428
v  -0.8816 -2.2147 -3.3361
v  -0.8827 -2.2155 -3.3289
v  -0.8827 -2.2155 -3.2992
v  -0.8719 -2.2066 -3.2804
v  -0.8598 -2.1967 -3.2758
v  -0.6956 -2.0619 -3.2196
v  -0.5540 -1.9456 -3.1812
v  -0.4132 -1.8301 -3.1519
v  -0.2736 -1.7156 -3.1314
v  -0.1359 -1.6025 -3.1195
v  -0.4584 -1.7975 -3.4638
v  -0.4584 -1.7974 -3.2341
v  -0.4608 -1.7990 -3.2271
v  -0.4678 -1.8036 -3.2244
v  -0.5815 -1.8796 -3.2469
v  -0.7370 -1.9835 -3.2861
v  -0.8922 -2.0873 -3.3349
v  -0.9284 -2.1114 -3.3477
v  -0.9331 -2.1146 -3.3486
v  -0.9391 -2.1186 -3.3472
v  -0.9446 -2.1223 -3.3428
v  -0.9483 -2.1248 -3.3361
v  -0.9495 -2.1255 -3.3289
v  -0.9495 -2.1255 -3.2992
v  -0.9378 -2.1177 -3.2804
v  -0.9248 -2.1090 -3.2758
v  -0.7482 -1.9910 -3.2196
v  -0.5958 -1.8892 -3.1812
v  -0.4444 -1.7879 -3.1519
v  -0.2943 -1.6877 -3.1314
v  -0.1461 -1.5886 -3.1195
v  -0.4862 -1.7511 -3.4638
v  -0.4862 -1.7510 -3.2341
v  -0.4888 -1.7523 -3.2271
v  -0.4962 -1.7563 -3.2244
v  -0.6167 -1.8207 -3.2469
v  -0.7816 -1.9089 -3.2861
v  -0.9463 -1.9970 -3.3349
v  -0.9847 -2.0175 -3.3478
v  -0.9897 -2.0201 -3.3486
v  -0.9961 -2.0235 -3.3472
v  -1.0019 -2.0267 -3.3428
v  -1.0058 -2.0288 -3.3361
v  -1.0070 -2.0294 -3.3289
v  -1.0070 -2.0294 -3.2993
v  -0.9947 -2.0228 -3.2804
v  -0.9810 -2.0154 -3.2759
v  -0.7935 -1.9152 -3.2196
v  -0.6319 -1.8288 -3.1812
v  -0.4713 -1.7430 -3.1519
v  -0.3121 -1.6579 -3.1315
v  -0.1549 -1.5738 -3.1195
v  -0.5093 -1.7022 -3.4638
v  -0.5093 -1.7021 -3.2341
v  -0.5120 -1.7032 -3.2272
v  -0.5197 -1.7064 -3.2244
v  -0.6460 -1.7587 -3.2470
v  -0.8188 -1.8303 -3.2861
v  -0.9913 -1.9018 -3.3350
v  -1.0315 -1.9184 -3.3478
v  -1.0367 -1.9206 -3.3486
v  -1.0434 -1.9234 -3.3472
v  -1.0496 -1.9259 -3.3428
v  -1.0536 -1.9276 -3.3362
v  -1.0549 -1.9281 -3.3289
v  -1.0549 -1.9281 -3.2993
v  -1.0419 -1.9227 -3.2804
v  -1.0277 -1.9168 -3.2759
v  -0.8313 -1.8354 -3.2196
v  -0.6620 -1.7653 -3.1812
v  -0.4937 -1.6955 -3.1519
v  -0.3269 -1.6265 -3.1315
v  -0.1623 -1.5583 -3.1195
v  -0.5275 -1.6512 -3.4638
v  -0.5275 -1.6511 -3.2341
v  -0.5303 -1.6520 -3.2272
v  -0.5383 -1.6544 -3.2244
v  -0.6691 -1.6941 -3.2470
v  -0.8481 -1.7484 -3.2861
v  -1.0268 -1.8026 -3.3350
v  -1.0684 -1.8153 -3.3478
v  -1.0738 -1.8169 -3.3486
v  -1.0807 -1.8190 -3.3473
v  -1.0871 -1.8209 -3.3429
v  -1.0913 -1.8222 -3.3362
v  -1.0926 -1.8226 -3.3290
v  -1.0926 -1.8226 -3.2993
v  -1.0792 -1.8185 -3.2804
v  -1.0645 -1.8140 -3.2759
v  -0.8610 -1.7523 -3.2197
v  -0.6856 -1.6991 -3.1812
v  -0.5113 -1.6462 -3.1519
v  -0.3386 -1.5938 -3.1315
v  -0.1680 -1.5420 -3.1195
v  -0.5406 -1.5988 -3.4639
v  -0.5406 -1.5987 -3.2341
v  -0.5435 -1.5992 -3.2272
v  -0.5517 -1.6009 -3.2244
v  -0.6858 -1.6275 -3.2470
v  -0.8692 -1.6640 -3.2861
v  -1.0523 -1.7005 -3.3350
v  -1.0950 -1.7090 -3.3478
v  -1.1005 -1.7101 -3.3487
v  -1.1076 -1.7115 -3.3473
v  -1.1142 -1.7128 -3.3429
v  -1.1185 -1.7136 -3.3362
v  -1.1198 -1.7139 -3.3290
v  -1.1198 -1.7139 -3.2993
v  -1.1061 -1.7112 -3.2805
v  -1.0911 -1.7082 -3.2760
v  -0.8824 -1.6666 -3.2197
v  -0.7027 -1.6309 -3.1813
v  -0.5240 -1.5953 -3.1520
v  -0.3470 -1.5601 -3.1315
v  -0.1722 -1.5253 -3.1195
v  -0.5485 -1.5453 -3.4639
v  -0.5485 -1.5452 -3.2342
v  -0.5514 -1.5454 -3.2272
v  -0.5598 -1.5463 -3.2244
v  -0.6958 -1.5597 -3.2470
v  -0.8819 -1.5780 -3.2862
v  -1.0678 -1.5963 -3.3350
v  -1.1110 -1.6006 -3.3479
v  -1.1167 -1.6012 -3.3487
v  -1.1239 -1.6019 -3.3473
v  -1.1305 -1.6025 -3.3429
v  -1.1349 -1.6029 -3.3363
v  -1.1363 -1.6031 -3.3290
v  -1.1363 -1.6031 -3.2994
v  -1.1223 -1.6017 -3.2805
v  -1.1072 -1.6002 -3.2761
v  -0.8953 -1.5793 -3.2197
v  -0.7130 -1.5613 -3.1813
v  -0.5317 -1.5435 -3.1520
v  -0.3521 -1.5258 -3.1315
v  -0.1747 -1.5083 -3.1195
v  -0.5512 -1.4912 -3.4639
v  -0.5512 -1.4911 -3.2342
v  -0.5541 -1.4911 -3.2272
v  -0.5624 -1.4911 -3.2244
v  -0.6992 -1.4911 -3.2470
v  -0.8862 -1.4912 -3.2862
v  -1.0729 -1.4912 -3.3351
v  -1.1164 -1.4912 -3.3479
v  -1.1220 -1.4912 -3.3487
v  -1.1293 -1.4912 -3.3473
v  -1.1360 -1.4912 -3.3430
v  -1.1403 -1.4912 -3.3363
v  -1.1417 -1.4912 -3.3290
v  -1.1417 -1.4912 -3.2994
v  -1.1277 -1.4911 -3.2805
v  -1.1126 -1.4911 -3.2761
v  -0.8996 -1.4911 -3.2197
v  -0.7164 -1.4911 -3.1813
v  -0.5342 -1.4911 -3.1520
v  -0.3538 -1.4911 -3.1315
v  -0.1755 -1.4911 -3.1195
v  -0.5485 -1.4372 -3.4639
v  -0.5485 -1.4371 -3.2342
v  -0.5514 -1.4368 -3.2272
v  -0.5597 -1.4360 -3.2244
v  -0.6958 -1.4226 -3.2470
v  -0.8819 -1.4043 -3.2862
v  -1.0677 -1.3860 -3.3351
v  -1.1110 -1.3818 -3.3479
v  -1.1166 -1.3812 -3.3487
v  -1.1238 -1.3805 -3.3474
v  -1.1305 -1.3798 -3.3430
v  -1.1348 -1.3794 -3.3363
v  -1.1362 -1.3793 -3.3291
v  -1.1362 -1.3792 -3.2994
v  -1.1222 -1.3806 -3.2805
v  -1.1073 -1.3821 -3.2762
v  -0.8953 -1.4029 -3.2197
v  -0.7129 -1.4209 -3.1813
v  -0.5316 -1.4387 -3.1520
v  -0.3520 -1.4564 -3.1315
v  -0.1746 -1.4739 -3.1195
v  -0.5405 -1.3837 -3.4639
v  -0.5405 -1.3836 -3.2342
v  -0.5434 -1.3830 -3.2272
v  -0.5516 -1.3814 -3.2245
v  -0.6857 -1.3547 -3.2471
v  -0.8691 -1.3183 -3.2862
v  -1.0522 -1.2819 -3.3351
v  -1.0949 -1.2734 -3.3479
v  -1.1004 -1.2723 -3.3488
v  -1.1075 -1.2709 -3.3474
v  -1.1141 -1.2696 -3.3430
v  -1.1184 -1.2687 -3.3363
v  -1.1198 -1.2684 -3.3291
v  -1.1197 -1.2684 -3.2994
v  -1.1060 -1.2712 -3.2806
v  -1.0913 -1.2741 -3.2762
v  -0.8823 -1.3156 -3.2198
v  -0.7026 -1.3513 -3.1813
v  -0.5239 -1.3869 -3.1520
v  -0.3469 -1.4221 -3.1315
v  -0.1721 -1.4568 -3.1195
v  -0.5274 -1.3313 -3.4639
v  -0.5274 -1.3311 -3.2342
v  -0.5301 -1.3303 -3.2272
v  -0.5382 -1.3279 -3.2245
v  -0.6690 -1.2882 -3.2471
v  -0.8479 -1.2339 -3.2862
v  -1.0266 -1.1797 -3.3351
v  -1.0682 -1.1671 -3.3480
v  -1.0737 -1.1655 -3.3488
v  -1.0806 -1.1634 -3.3474
v  -1.0870 -1.1614 -3.3430
v  -1.0912 -1.1602 -3.3364
v  -1.0925 -1.1598 -3.3291
v  -1.0925 -1.1597 -3.2995
v  -1.0791 -1.1638 -3.2806
v  -1.0648 -1.1681 -3.2763
v  -0.8608 -1.2300 -3.2198
v  -0.6855 -1.2832 -3.1813
v  -0.5112 -1.3360 -3.1520
v  -0.3384 -1.3884 -3.1315
v  -0.1679 -1.4401 -3.1195
v  -0.5091 -1.2803 -3.4639
v  -0.5091 -1.2802 -3.2342
v  -0.5118 -1.2791 -3.2273
v  -0.5195 -1.2759 -3.2245
v  -0.6458 -1.2236 -3.2471
v  -0.8186 -1.1521 -3.2863
v  -0.9911 -1.0806 -3.3352
v  -1.0313 -1.0640 -3.3480
v  -1.0365 -1.0618 -3.3488
v  -1.0432 -1.0590 -3.3474
v  -1.0494 -1.0565 -3.3431
v  -1.0534 -1.0548 -3.3364
v  -1.0547 -1.0543 -3.3291
v  -1.0547 -1.0543 -3.2995
v  -1.0418 -1.0596 -3.2806
v  -1.0281 -1.0653 -3.2763
v  -0.8310 -1.1469 -3.2198
v  -0.6618 -1.2170 -3.1814
v  -0.4935 -1.2867 -3.1520
v  -0.3267 -1.3557 -3.1315
v  -0.1620 -1.4239 -3.1195
v  -0.4860 -1.2314 -3.4639
v  -0.4860 -1.2313 -3.2342
v  -0.4885 -1.2300 -3.2273
v  -0.4959 -1.2260 -3.2245
v  -0.6165 -1.1616 -3.2471
v  -0.7814 -1.0734 -3.2863
v  -0.9461 -0.9854 -3.3352
v  -0.9844 -0.9650 -3.3480
v  -0.9894 -0.9623 -3.3488
v  -0.9958 -0.9589 -3.3475
v  -1.0017 -0.9557 -3.3431
v  -1.0056 -0.9536 -3.3364
v  -1.0068 -0.9530 -3.3292
v  -1.0068 -0.9530 -3.2995
v  -0.9944 -0.9596 -3.2806
v  -0.9814 -0.9665 -3.2763
v  -0.7933 -1.0671 -3.2198
v  -0.6317 -1.1534 -3.1814
v  -0.4710 -1.2393 -3.1520
v  -0.3119 -1.3243 -3.1315
v  -0.1547 -1.4084 -3.1195
v  -0.4582 -1.1851 -3.4640
v  -0.4581 -1.1850 -3.2342
v  -0.4605 -1.1834 -3.2273
v  -0.4675 -1.1787 -3.2245
v  -0.5812 -1.1027 -3.2471
v  -0.7367 -0.9989 -3.2863
v  -0.8919 -0.8951 -3.3352
v  -0.9281 -0.8710 -3.3480
v  -0.9328 -0.8679 -3.3489
v  -0.9388 -0.8638 -3.3475
v  -0.9444 -0.8601 -3.3431
v  -0.9480 -0.8577 -3.3364
v  -0.9492 -0.8569 -3.3292
v  -0.9492 -0.8569 -3.2995
v  -0.9375 -0.8647 -3.2807
v  -0.9253 -0.8728 -3.2764
v  -0.7479 -0.9914 -3.2198
v  -0.5955 -1.0931 -3.1814
v  -0.4440 -1.1943 -3.1521
v  -0.2940 -1.2946 -3.1315
v  -0.1458 -1.3936 -3.1195
v  -0.4259 -1.1416 -3.4640
v  -0.4259 -1.1415 -3.2343
v  -0.4281 -1.1397 -3.2273
v  -0.4346 -1.1344 -3.2245
v  -0.5403 -1.0477 -3.2471
v  -0.6849 -0.9290 -3.2863
v  -0.8292 -0.8106 -3.3352
v  -0.8628 -0.7830 -3.3480
v  -0.8672 -0.7794 -3.3489
v  -0.8728 -0.7748 -3.3475
v  -0.8780 -0.7706 -3.3431
v  -0.8813 -0.7678 -3.3365
v  -0.8824 -0.7669 -3.3292
v  -0.8824 -0.7669 -3.2996
v  -0.8716 -0.7758 -3.2807
v  -0.8603 -0.7850 -3.2764
v  -0.6953 -0.9205 -3.2199
v  -0.5536 -1.0367 -3.1814
v  -0.4128 -1.1522 -3.1521
v  -0.2733 -1.2667 -3.1315
v  -0.1355 -1.3798 -3.1195
v  -0.3896 -1.1016 -3.4640
v  -0.3896 -1.1015 -3.2343
v  -0.3916 -1.0994 -3.2273
v  -0.3975 -1.0935 -3.2245
v  -0.4942 -0.9968 -3.2471
v  -0.6264 -0.8646 -3.2863
v  -0.7585 -0.7326 -3.3352
v  -0.7892 -0.7019 -3.3481
v  -0.7932 -0.6979 -3.3489
v  -0.7984 -0.6927 -3.3475
v  -0.8031 -0.6880 -3.3431
v  -0.8062 -0.6849 -3.3365
v  -0.8072 -0.6839 -3.3292
v  -0.8072 -0.6839 -3.2996
v  -0.7972 -0.6938 -3.2807
v  -0.7870 -0.7041 -3.2765
v  -0.6359 -0.8551 -3.2199
v  -0.5064 -0.9846 -3.1814
v  -0.3776 -1.1134 -3.1521
v  -0.2499 -1.2410 -3.1315
v  -0.1239 -1.3670 -3.1195
v  -0.3495 -1.0653 -3.4640
v  -0.3495 -1.0652 -3.2343
v  -0.3513 -1.0629 -3.2273
v  -0.3566 -1.0564 -3.2245
v  -0.4433 -0.9508 -3.2472
v  -0.5620 -0.8062 -3.2863
v  -0.6805 -0.6619 -3.3353
v  -0.7080 -0.6283 -3.3481
v  -0.7116 -0.6239 -3.3489
v  -0.7162 -0.6183 -3.3475
v  -0.7205 -0.6132 -3.3432
v  -0.7232 -0.6098 -3.3365
v  -0.7241 -0.6087 -3.3292
v  -0.7241 -0.6087 -3.2996
v  -0.7152 -0.6195 -3.2807
v  -0.7060 -0.6307 -3.2765
v  -0.5705 -0.7958 -3.2199
v  -0.4543 -0.9374 -3.1814
v  -0.3387 -1.0782 -3.1521
v  -0.2242 -1.2177 -3.1316
v  -0.1111 -1.3555 -3.1195
v  -0.3060 -1.0331 -3.4640
v  -0.3060 -1.0330 -3.2343
v  -0.3076 -1.0306 -3.2273
v  -0.3123 -1.0236 -3.2245
v  -0.3882 -0.9099 -3.2472
v  -0.4921 -0.7545 -3.2863
v  -0.5959 -0.5992 -3.3353
v  -0.6200 -0.5631 -3.3481
v  -0.6232 -0.5583 -3.3489
v  -0.6272 -0.5523 -3.3476
v  -0.6309 -0.5468 -3.3432
v  -0.6333 -0.5431 -3.3365
v  -0.6341 -0.5420 -3.3293
v  -0.6341 -0.5420 -3.2996
v  -0.6263 -0.5536 -3.2807
v  -0.6183 -0.5656 -3.2765
v  -0.4996 -0.7432 -3.2199
v  -0.3978 -0.8956 -3.1814
v  -0.2966 -1.0470 -3.1521
v  -0.1963 -1.1971 -3.1316
v  -0.0973 -1.3453 -3.1195
v  -0.2596 -1.0053 -3.4640
v  -0.2596 -1.0052 -3.2343
v  -0.2609 -1.0026 -3.2273
v  -0.2649 -0.9952 -3.2245
v  -0.3294 -0.8747 -3.2472
v  -0.4175 -0.7098 -3.2864
v  -0.5056 -0.5451 -3.3353
v  -0.5260 -0.5068 -3.3481
v  -0.5287 -0.5018 -3.3490
v  -0.5321 -0.4954 -3.3476
v  -0.5353 -0.4895 -3.3432
v  -0.5373 -0.4856 -3.3365
v  -0.5380 -0.4844 -3.3293
v  -0.5380 -0.4844 -3.2996
v  -0.5314 -0.4968 -3.2808
v  -0.5246 -0.5094 -3.2766
v  -0.4238 -0.6979 -3.2199
v  -0.3375 -0.8594 -3.1814
v  -0.2516 -1.0201 -3.1521
v  -0.1665 -1.1792 -3.1316
v  -0.0825 -1.3364 -3.1195
v  -0.2107 -0.9822 -3.4640
v  -0.2107 -0.9821 -3.2343
v  -0.2118 -0.9794 -3.2273
v  -0.2150 -0.9717 -3.2246
v  -0.2673 -0.8454 -3.2472
v  -0.3389 -0.6726 -3.2864
v  -0.4104 -0.5001 -3.3353
v  -0.4270 -0.4599 -3.3481
v  -0.4292 -0.4547 -3.3490
v  -0.4319 -0.4480 -3.3476
v  -0.4345 -0.4418 -3.3432
v  -0.4362 -0.4378 -3.3365
v  -0.4367 -0.4365 -3.3293
v  -0.4367 -0.4365 -3.2996
v  -0.4313 -0.4495 -3.2808
v  -0.4258 -0.4627 -3.2766
v  -0.3440 -0.6601 -3.2199
v  -0.2739 -0.8294 -3.1815
v  -0.2042 -0.9977 -3.1521
v  -0.1351 -1.1644 -3.1316
v  -0.0669 -1.3291 -3.1195
v  -0.1598 -0.9640 -3.4640
v  -0.1597 -0.9639 -3.2343
v  -0.1606 -0.9611 -3.2273
v  -0.1630 -0.9531 -3.2246
v  -0.2027 -0.8223 -3.2472
v  -0.2570 -0.6433 -3.2864
v  -0.3112 -0.4646 -3.3353
v  -0.3238 -0.4230 -3.3481
v  -0.3255 -0.4176 -3.3490
v  -0.3276 -0.4107 -3.3476
v  -0.3295 -0.4043 -3.3432
v  -0.3308 -0.4001 -3.3365
v  -0.3312 -0.3988 -3.3293
v  -0.3312 -0.3988 -3.2996
v  -0.3271 -0.4122 -3.2808
v  -0.3230 -0.4259 -3.2766
v  -0.2609 -0.6304 -3.2199
v  -0.2077 -0.8058 -3.1815
v  -0.1548 -0.9801 -3.1521
v  -0.1024 -1.1528 -3.1316
v  -0.0507 -1.3233 -3.1195
v  -0.1073 -0.9508 -3.4640
v  -0.1073 -0.9508 -3.2343
v  -0.1078 -0.9479 -3.2273
v  -0.1095 -0.9397 -3.2246
v  -0.1361 -0.8056 -3.2472
v  -0.1726 -0.6222 -3.2864
v  -0.2091 -0.4391 -3.3353
v  -0.2176 -0.3965 -3.3481
v  -0.2187 -0.3909 -3.3490
v  -0.2201 -0.3838 -3.3476
v  -0.2214 -0.3772 -3.3432
v  -0.2222 -0.3729 -3.3365
v  -0.2225 -0.3716 -3.3293
v  -0.2225 -0.3716 -3.2997
v  -0.2198 -0.3853 -3.2808
v  -0.2170 -0.3993 -3.2766
v  -0.1752 -0.6090 -3.2199
v  -0.1395 -0.7887 -3.1815
v  -0.1039 -0.9673 -3.1521
v  -0.0687 -1.1443 -3.1316
v  -0.0340 -1.3192 -3.1195
v  -0.0538 -0.9429 -3.4640
v  -0.0538 -0.9428 -3.2343
v  -0.0540 -0.9400 -3.2273
v  -0.0549 -0.9316 -3.2246
v  -0.0683 -0.7956 -3.2472
v  -0.0866 -0.6095 -3.2864
v  -0.1049 -0.4237 -3.3353
v  -0.1092 -0.3804 -3.3481
v  -0.1097 -0.3748 -3.3490
v  -0.1105 -0.3675 -3.3476
v  -0.1111 -0.3609 -3.3432
v  -0.1115 -0.3565 -3.3366
v  -0.1117 -0.3552 -3.3293
v  -0.1117 -0.3551 -3.2997
v  -0.1103 -0.3691 -3.2808
v  -0.1089 -0.3833 -3.2766
v  -0.0879 -0.5961 -3.2199
v  -0.0699 -0.7784 -3.1815
v  -0.0521 -0.9597 -3.1521
v  -0.0344 -1.1393 -3.1316
v  -0.0169 -1.3167 -3.1195
v  -0.0000 -0.9402 -3.2343
v  -0.0000 -0.9290 -3.2246
v  -0.0000 -0.3694 -3.3490
v  -0.0000 -0.3621 -3.3476
v  -0.0000 -0.3555 -3.3432
v  -0.0000 -0.3780 -3.2766
v  -0.0000 -0.7750 -3.1815
v  -0.0000 -0.9571 -3.1521
v  -0.0000 -1.1376 -3.1316
v  -0.0000 -1.3159 -3.1195
v  -0.0000 -2.0425 -3.2340
v  -0.0000 -2.5643 -3.3348
v  -0.0000 -2.6274 -3.3427
v  -0.0000 -2.6317 -3.3360
v  -0.0000 -2.6331 -3.3288
v  -0.0000 -2.6031 -3.2756
v  -0.0000 -2.3910 -3.2195
v  -0.0000 -1.8451 -3.1314
v  -0.0000 -1.6669 -3.1194
v  0.3629 4.5508 0.5004
v  0.3629 4.5587 0.4976
v  0.3669 4.5512 0.5017
v  -0.2904 4.5577 0.5204
v  -0.2963 4.5577 0.5204
v  -0.2942 4.5564 0.5165
v  -0.2904 4.5657 0.5177
v  -0.2963 4.5657 0.5177
v  -0.2942 4.5643 0.5137
v  -0.3420 4.5394 0.4678
v  -0.3386 4.5407 0.4713
v  -0.3394 4.5381 0.4638
v  -0.3420 4.5474 0.4650
v  -0.3386 4.5486 0.4685
v  -0.3394 4.5460 0.4610
v  -0.3133 4.5577 0.5204
v  -0.3167 4.5565 0.5170
v  -0.3083 4.5577 0.5204
v  -0.3133 4.5657 0.5177
v  -0.3167 4.5645 0.5142
v  -0.3083 4.5657 0.5177
v  -0.3765 4.5356 0.4567
v  -0.3765 4.5376 0.4624
v  -0.3723 4.5371 0.4610
v  -0.3765 4.5435 0.4540
v  -0.3765 4.5455 0.4596
v  -0.3723 4.5450 0.4582
v  -0.2904 4.5125 0.3902
v  -0.2930 4.5139 0.3942
v  -0.2954 4.5125 0.3902
v  -0.2904 4.5204 0.3875
v  -0.2930 4.5218 0.3915
v  -0.2954 4.5204 0.3875
v  -0.3133 4.5125 0.3902
v  -0.3083 4.5125 0.3902
v  -0.3160 4.5139 0.3942
v  -0.3133 4.5204 0.3875
v  -0.3083 4.5204 0.3875
v  -0.3160 4.5218 0.3915
v  -0.3564 4.5346 0.4539
v  -0.3537 4.5333 0.4500
v  -0.3599 4.5335 0.4506
v  -0.3564 4.5426 0.4512
v  -0.3537 4.5412 0.4472
v  -0.3599 4.5414 0.4478
v  -0.3765 4.5279 0.4346
v  -0.3730 4.5291 0.4379
v  -0.3765 4.5263 0.4298
v  -0.3765 4.5358 0.4318
v  -0.3730 4.5370 0.4352
v  -0.3765 4.5342 0.4271
v  -0.3765 4.5577 0.5204
v  -0.3815 4.5577 0.5204
v  -0.3765 4.5561 0.5157
v  -0.3765 4.5657 0.5177
v  -0.3815 4.5657 0.5177
v  -0.3765 4.5640 0.5129
v  -0.3937 4.5577 0.5204
v  -0.3937 4.5561 0.5157
v  -0.3887 4.5577 0.5204
v  -0.3937 4.5657 0.5177
v  -0.3937 4.5640 0.5129
v  -0.3887 4.5657 0.5177
v  -0.3937 4.5125 0.3902
v  -0.3887 4.5125 0.3902
v  -0.3937 4.5141 0.3950
v  -0.3937 4.5204 0.3875
v  -0.3887 4.5204 0.3875
v  -0.3937 4.5221 0.3922
v  -0.3765 4.5125 0.3902
v  -0.3765 4.5141 0.3950
v  -0.3815 4.5125 0.3902
v  -0.3765 4.5204 0.3875
v  -0.3765 4.5221 0.3922
v  -0.3815 4.5204 0.3875
v  -0.3715 4.5594 0.5251
v  -0.3715 4.5398 0.4687
v  -0.3155 4.5594 0.5251
v  -0.2789 4.5594 0.5251
v  -0.3358 4.5393 0.4672
v  -0.2813 4.5109 0.3855
v  -0.3161 4.5109 0.3855
v  -0.3572 4.5320 0.4464
v  -0.3715 4.5272 0.4326
v  -0.3715 4.5109 0.3855
v  -0.3987 4.5109 0.3855
v  -0.3987 4.5594 0.5251
v  -0.0320 4.5125 0.3902
v  -0.0270 4.5125 0.3902
v  -0.0320 4.5141 0.3950
v  -0.0320 4.5204 0.3875
v  -0.0270 4.5204 0.3875
v  -0.0320 4.5221 0.3922
v  -0.0320 4.5416 0.4484
v  -0.0320 4.5399 0.4436
v  -0.0370 4.5416 0.4484
v  -0.0320 4.5337 0.4511
v  -0.0320 4.5320 0.4464
v  -0.0370 4.5337 0.4511
v  -0.0148 4.5125 0.3902
v  -0.0148 4.5141 0.3950
v  -0.0198 4.5125 0.3902
v  -0.0148 4.5204 0.3875
v  -0.0148 4.5221 0.3922
v  -0.0198 4.5204 0.3875
v  -0.1124 4.5577 0.5204
v  -0.1174 4.5577 0.5204
v  -0.1124 4.5561 0.5157
v  -0.1124 4.5657 0.5177
v  -0.1174 4.5657 0.5177
v  -0.1124 4.5640 0.5129
v  -0.1124 4.5474 0.4651
v  -0.1124 4.5490 0.4698
v  -0.1074 4.5474 0.4651
v  -0.1124 4.5395 0.4678
v  -0.1124 4.5411 0.4726
v  -0.1074 4.5395 0.4678
v  -0.0320 4.5474 0.4651
v  -0.0370 4.5474 0.4651
v  -0.0320 4.5490 0.4698
v  -0.0320 4.5395 0.4678
v  -0.0370 4.5395 0.4678
v  -0.0320 4.5411 0.4726
v  -0.0320 4.5657 0.5177
v  -0.0320 4.5640 0.5129
v  -0.0270 4.5657 0.5177
v  -0.0320 4.5577 0.5204
v  -0.0320 4.5561 0.5157
v  -0.0270 4.5577 0.5204
v  -0.1124 4.5416 0.4484
v  -0.1074 4.5416 0.4484
v  -0.1124 4.5399 0.4436
v  -0.1124 4.5337 0.4511
v  -0.1074 4.5337 0.4511
v  -0.1124 4.5320 0.4464
v  -0.1124 4.5204 0.3875
v  -0.1124 4.5221 0.3922
v  -0.1174 4.5204 0.3875
v  -0.1124 4.5125 0.3902
v  -0.1124 4.5141 0.3950
v  -0.1174 4.5125 0.3902
v  -0.0148 4.5577 0.5204
v  -0.0198 4.5577 0.5204
v  -0.0148 4.5561 0.5157
v  -0.0148 4.5657 0.5177
v  -0.0198 4.5657 0.5177
v  -0.0148 4.5640 0.5129
v  -0.1296 4.5657 0.5177
v  -0.1296 4.5640 0.5129
v  -0.1246 4.5657 0.5177
v  -0.1296 4.5577 0.5204
v  -0.1296 4.5561 0.5157
v  -0.1246 4.5577 0.5204
v  -0.1296 4.5204 0.3875
v  -0.1246 4.5204 0.3875
v  -0.1296 4.5221 0.3922
v  -0.1296 4.5125 0.3902
v  -0.1246 4.5125 0.3902
v  -0.1296 4.5141 0.3950
v  -0.0370 4.5320 0.4464
v  -0.0370 4.5109 0.3855
v  -0.1074 4.5320 0.4464
v  -0.1074 4.5109 0.3855
v  -0.1346 4.5109 0.3855
v  -0.1074 4.5594 0.5251
v  -0.1346 4.5594 0.5251
v  -0.1074 4.5411 0.4726
v  -0.0370 4.5411 0.4726
v  -0.0370 4.5594 0.5251
v  -0.0098 4.5594 0.5251
v  -0.0098 4.5109 0.3855
v  0.0082 4.5125 0.3902
v  0.0132 4.5125 0.3902
v  0.0082 4.5141 0.3950
v  0.0082 4.5204 0.3875
v  0.0132 4.5204 0.3875
v  0.0082 4.5221 0.3922
v  0.0082 4.5657 0.5177
v  0.0082 4.5640 0.5129
v  0.0132 4.5657 0.5177
v  0.0082 4.5577 0.5204
v  0.0082 4.5561 0.5157
v  0.0132 4.5577 0.5204
v  0.1115 4.5183 0.4069
v  0.1065 4.5183 0.4069
v  0.1115 4.5166 0.4021
v  0.1115 4.5262 0.4041
v  0.1065 4.5262 0.4041
v  0.1115 4.5246 0.3994
v  0.1115 4.5204 0.3875
v  0.1115 4.5221 0.3922
v  0.1065 4.5204 0.3875
v  0.1115 4.5125 0.3902
v  0.1115 4.5141 0.3950
v  0.1065 4.5125 0.3902
v  0.0254 4.5577 0.5204
v  0.0204 4.5577 0.5204
v  0.0254 4.5561 0.5157
v  0.0254 4.5657 0.5177
v  0.0204 4.5657 0.5177
v  0.0254 4.5640 0.5129
v  0.0254 4.5262 0.4041
v  0.0254 4.5278 0.4088
v  0.0304 4.5262 0.4041
v  0.0254 4.5183 0.4069
v  0.0254 4.5199 0.4116
v  0.0304 4.5183 0.4069
v  0.0032 4.5594 0.5251
v  0.0032 4.5109 0.3855
v  0.0304 4.5594 0.5251
v  0.0304 4.5199 0.4116
v  0.1165 4.5199 0.4116
v  0.1165 4.5109 0.3855
v  0.2608 4.5577 0.5204
v  0.2608 4.5561 0.5157
v  0.2558 4.5594 0.5251
v  0.2658 4.5577 0.5204
v  0.2608 4.5657 0.5177
v  0.2608 4.5640 0.5129
v  0.2658 4.5657 0.5177
v  0.2780 4.5125 0.3902
v  0.2780 4.5141 0.3950
v  0.2730 4.5125 0.3902
v  0.2780 4.5204 0.3875
v  0.2780 4.5221 0.3922
v  0.2730 4.5204 0.3875
v  0.2608 4.5204 0.3875
v  0.2658 4.5204 0.3875
v  0.2608 4.5221 0.3922
v  0.2608 4.5125 0.3902
v  0.2658 4.5125 0.3902
v  0.2558 4.5109 0.3855
v  0.2608 4.5141 0.3950
v  0.2780 4.5328 0.4486
v  0.2830 4.5328 0.4486
v  0.2780 4.5311 0.4438
v  0.2780 4.5407 0.4458
v  0.2830 4.5407 0.4458
v  0.2780 4.5391 0.4411
v  0.1345 4.5577 0.5204
v  0.1345 4.5561 0.5157
v  0.1395 4.5577 0.5204
v  0.1345 4.5657 0.5177
v  0.1345 4.5640 0.5129
v  0.1395 4.5657 0.5177
v  0.2379 4.5657 0.5177
v  0.2329 4.5657 0.5177
v  0.2379 4.5640 0.5129
v  0.2379 4.5577 0.5204
v  0.2329 4.5577 0.5204
v  0.2379 4.5561 0.5157
v  0.2379 4.5599 0.5010
v  0.2379 4.5615 0.5058
v  0.2329 4.5599 0.5010
v  0.2379 4.5520 0.5038
v  0.2379 4.5536 0.5085
v  0.2329 4.5520 0.5038
v  0.3269 4.5328 0.4486
v  0.3286 4.5312 0.4441
v  0.3219 4.5328 0.4486
v  0.3269 4.5407 0.4458
v  0.3286 4.5392 0.4414
v  0.3219 4.5407 0.4458
v  0.3498 4.5125 0.3902
v  0.3548 4.5125 0.3902
v  0.3463 4.5109 0.3855
v  0.3481 4.5140 0.3947
v  0.3498 4.5204 0.3875
v  0.3548 4.5204 0.3875
v  0.3481 4.5220 0.3919
v  0.1517 4.5520 0.5038
v  0.1567 4.5520 0.5038
v  0.1517 4.5503 0.4991
v  0.1517 4.5599 0.5010
v  0.1567 4.5599 0.5010
v  0.1517 4.5582 0.4963
v  0.1517 4.5474 0.4650
v  0.1517 4.5490 0.4698
v  0.1567 4.5474 0.4650
v  0.1517 4.5394 0.4678
v  0.1517 4.5411 0.4725
v  0.1567 4.5394 0.4678
v  0.2264 4.5474 0.4650
v  0.2214 4.5474 0.4650
v  0.2264 4.5457 0.4603
v  0.2264 4.5394 0.4678
v  0.2214 4.5394 0.4678
v  0.2264 4.5378 0.4631
v  0.2264 4.5416 0.4484
v  0.2264 4.5432 0.4531
v  0.2214 4.5416 0.4484
v  0.2264 4.5337 0.4512
v  0.2264 4.5353 0.4559
v  0.2214 4.5337 0.4512
v  0.1517 4.5416 0.4484
v  0.1567 4.5416 0.4484
v  0.1517 4.5400 0.4437
v  0.1517 4.5337 0.4512
v  0.1567 4.5337 0.4512
v  0.1517 4.5320 0.4465
v  0.1517 4.5262 0.4041
v  0.1517 4.5278 0.4088
v  0.1567 4.5262 0.4041
v  0.1517 4.5183 0.4069
v  0.1517 4.5199 0.4116
v  0.1567 4.5183 0.4069
v  0.2379 4.5262 0.4041
v  0.2329 4.5262 0.4041
v  0.2379 4.5246 0.3994
v  0.2379 4.5183 0.4069
v  0.2329 4.5183 0.4069
v  0.2379 4.5166 0.4021
v  0.3441 4.5426 0.4512
v  0.3485 4.5433 0.4533
v  0.3459 4.5410 0.4468
v  0.3441 4.5346 0.4539
v  0.3485 4.5354 0.4561
v  0.3459 4.5331 0.4495
v  0.3699 4.5204 0.3875
v  0.3681 4.5220 0.3919
v  0.3649 4.5204 0.3875
v  0.3699 4.5125 0.3902
v  0.3681 4.5140 0.3947
v  0.3649 4.5125 0.3902
v  0.1345 4.5204 0.3875
v  0.1395 4.5204 0.3875
v  0.1345 4.5221 0.3922
v  0.1345 4.5125 0.3902
v  0.1395 4.5125 0.3902
v  0.1345 4.5141 0.3950
v  0.3504 4.5338 0.4517
v  0.3555 4.5347 0.4542
v  0.3528 4.5318 0.4457
v  0.3772 4.5109 0.3855
v  0.3234 4.5311 0.4438
v  0.2830 4.5311 0.4438
v  0.2414 4.5589 0.5237
v  0.1295 4.5594 0.5251
v  0.1591 4.5495 0.4968
v  0.2429 4.5503 0.4991
v  0.1591 4.5419 0.4747
v  0.2314 4.5411 0.4725
v  0.1567 4.5320 0.4465
v  0.2314 4.5320 0.4465
v  0.1567 4.5199 0.4116
v  0.2429 4.5199 0.4116
v  0.1295 4.5109 0.3855
v  0.2429 4.5109 0.3855
v  0.2379 4.5125 0.3902
v  0.2308 4.5125 0.3902
v  0.2379 4.5141 0.3950
v  0.4478 4.5132 0.3923
v  0.1180 4.5632 0.5361
v  0.1181 4.5648 0.5409
v  0.2830 4.5109 0.3855
v  0.0002 4.4336 0.0778
v  0.0002 4.4400 0.0737
v  0.0002 4.4420 0.1392
v  0.0002 4.8582 0.7619
v  0.0002 4.8572 0.7345
v  1.2997 4.8582 0.7619
v  1.3140 4.8578 0.7607
v  1.3140 4.7460 0.7995
v  1.2997 4.7464 0.8008
v  1.3287 4.7446 0.7956
v  1.3291 4.8564 0.7565
v  1.3428 4.7422 0.7887
v  1.3428 4.8540 0.7498
v  1.3554 4.7389 0.7790
v  1.3554 4.8507 0.7401
v  1.3656 4.7347 0.7671
v  1.3656 4.8465 0.7283
v  1.3729 4.7301 0.7538
v  1.3729 4.8419 0.7149
v  1.3771 4.7253 0.7399
v  1.3771 4.8371 0.7011
v  1.3777 4.8350 0.6951
v  1.3780 4.7235 0.7339
v  1.2997 4.7076 0.8143
v  0.0002 4.7076 0.8143
v  1.3636 4.4989 0.0879
v  1.3519 4.4947 0.0757
v  1.3519 4.4556 0.0893
v  1.3636 4.4599 0.1014
v  1.3257 4.4897 0.0612
v  1.3119 4.4886 0.0580
v  1.3119 4.4495 0.0714
v  1.3258 4.4506 0.0747
v  1.3387 4.4916 0.0668
v  1.3387 4.4525 0.0803
v  1.3718 4.4646 0.1150
v  1.3767 4.4697 0.1295
v  1.3767 4.5087 0.1160
v  1.3717 4.5037 0.1015
v  1.2997 4.4492 0.0705
v  1.2997 4.4883 0.0569
v  1.3140 4.7072 0.8130
v  1.3287 4.7058 0.8090
v  1.3428 4.7034 0.8021
v  1.3554 4.7001 0.7925
v  1.3656 4.6959 0.7806
v  1.3729 4.6913 0.7673
v  1.3771 4.6865 0.7534
v  1.3784 4.4750 0.1448
v  1.3784 4.5141 0.1313
v  1.3701 4.7262 0.7149
v  1.2997 4.7284 0.7237
v  1.3044 4.5206 0.1261
v  1.3708 4.5226 0.1285
v  1.3510 4.7359 0.7211
v  1.3704 4.7359 0.7211
v  1.3704 4.8324 0.6876
v  1.3510 4.8324 0.6876
v  1.2997 4.4984 0.0618
v  1.2990 4.8632 0.7518
v  1.3036 4.8568 0.7334
v  1.3036 4.8466 0.7284
v  0.0002 4.8470 0.7295
v  1.3036 4.7426 0.7646
v  1.3108 4.8464 0.7278
v  1.3107 4.7424 0.7640
v  1.3376 4.8402 0.7101
v  1.3315 4.8428 0.7176
v  1.3314 4.7388 0.7537
v  1.3376 4.7362 0.7463
v  1.3252 4.8445 0.7224
v  1.3181 4.8457 0.7259
v  1.3181 4.7417 0.7620
v  1.3251 4.7405 0.7585
v  1.3414 4.7332 0.7376
v  1.3431 4.7309 0.7302
v  1.3431 4.7394 0.7272
v  1.3415 4.8372 0.7013
v  1.3430 4.7284 0.7237
v  1.3430 4.7379 0.7204
v  1.3106 4.4987 0.0628
v  1.3231 4.4997 0.0658
v  1.3346 4.5014 0.0707
v  1.3465 4.5042 0.0788
v  1.3570 4.5080 0.0897
v  1.3643 4.5123 0.1019
v  1.3688 4.5168 0.1150
v  1.3771 4.6773 0.7566
v  1.3784 4.4659 0.1480
v  1.3766 4.4591 0.1513
v  1.3754 4.6699 0.7581
v  1.3767 4.4605 0.1327
v  1.3750 4.4538 0.1361
v  1.3718 4.4554 0.1182
v  1.3703 4.4488 0.1218
v  1.3636 4.4507 0.1046
v  1.3623 4.4441 0.1083
v  1.3519 4.4465 0.0925
v  1.3506 4.4399 0.0961
v  1.3387 4.4433 0.0835
v  1.3374 4.4368 0.0873
v  1.3258 4.4414 0.0779
v  1.3247 4.4349 0.0819
v  1.3119 4.4403 0.0746
v  1.3110 4.4338 0.0787
v  1.2997 4.4400 0.0737
v  1.2989 4.4336 0.0779
v  1.2992 4.6984 0.8175
v  1.2991 4.6908 0.8182
v  1.3140 4.6980 0.8162
v  1.3131 4.6904 0.8170
v  1.3287 4.6966 0.8122
v  1.3275 4.6891 0.8132
v  1.3428 4.6942 0.8053
v  1.3415 4.6868 0.8064
v  1.3554 4.6909 0.7957
v  1.3541 4.6835 0.7969
v  1.3656 4.6867 0.7838
v  1.3642 4.6793 0.7850
v  1.3729 4.6821 0.7705
v  1.3714 4.6747 0.7718
v  1.3725 4.4535 0.1542
v  1.3662 4.4495 0.1557
v  1.3652 4.6592 0.7595
v  1.3715 4.6636 0.7590
v  1.3711 4.4484 0.1395
v  1.3648 4.4448 0.1420
v  1.3667 4.4436 0.1258
v  1.3608 4.4404 0.1294
v  1.3591 4.4391 0.1128
v  1.3539 4.4363 0.1176
v  1.3479 4.4350 0.1010
v  1.3437 4.4326 0.1068
v  1.3352 4.4321 0.0925
v  1.3321 4.4299 0.0991
v  1.3229 4.4302 0.0874
v  1.3210 4.4283 0.0945
v  1.3097 4.4292 0.0845
v  1.3089 4.4273 0.0919
v  1.2981 4.4290 0.0837
v  1.2980 4.4271 0.0911
v  0.0002 4.4290 0.0836
v  1.2991 4.6835 0.8164
v  1.2991 4.6775 0.8117
v  1.3118 4.6832 0.8154
v  1.3108 4.6772 0.8108
v  1.3256 4.6820 0.8118
v  1.3234 4.6761 0.8076
v  1.3391 4.6798 0.8054
v  1.3357 4.6741 0.8018
v  1.3512 4.6767 0.7962
v  1.3468 4.6712 0.7934
v  1.3610 4.6726 0.7848
v  1.3557 4.6675 0.7830
v  1.3678 4.6682 0.7720
v  1.3618 4.6635 0.7713
v  1.3588 4.4476 0.1555
v  1.3578 4.6573 0.7597
v  1.3574 4.4433 0.1431
v  1.3537 4.4395 0.1321
v  1.3476 4.4360 0.1220
v  1.3388 4.4328 0.1128
v  1.3288 4.4304 0.1060
v  1.3193 4.4290 0.1020
v  1.3087 4.4282 0.0995
v  1.2988 4.4279 0.0986
v  1.2992 4.6734 0.8054
v  1.3104 4.6731 0.8044
v  1.3214 4.6720 0.8014
v  1.3320 4.6702 0.7962
v  1.3415 4.6677 0.7890
v  1.3491 4.6646 0.7800
v  1.3546 4.6611 0.7700
v  1.3087 4.4441 0.1453
v  1.3092 4.6571 0.7585
v  1.3345 4.4452 0.1509
v  1.3342 4.6565 0.7596
v  1.3338 4.4429 0.1443
v  1.3318 4.4410 0.1386
v  1.3286 4.4391 0.1334
v  1.3242 4.4375 0.1288
v  1.3192 4.4364 0.1254
v  1.3144 4.4356 0.1233
v  1.3088 4.4352 0.1220
v  1.3036 4.4350 0.1216
v  0.0002 4.4342 0.1191
v  1.3038 4.6647 0.7829
v  1.3100 4.6646 0.7824
v  1.3157 4.6641 0.7808
v  1.3211 4.6631 0.7781
v  1.3258 4.6618 0.7745
v  1.3297 4.6603 0.7700
v  1.3325 4.6585 0.7649
v  1.3261 4.8615 0.7468
v  1.3211 4.8557 0.7303
v  1.3296 4.8543 0.7261
v  1.3384 4.8594 0.7408
v  1.3125 4.8628 0.7506
v  1.3123 4.8565 0.7327
v  1.3372 4.8522 0.7203
v  1.3497 4.8564 0.7322
v  1.3446 4.8491 0.7114
v  1.3589 4.8527 0.7215
v  1.3492 4.8456 0.7012
v  1.3654 4.8485 0.7095
v  1.3512 4.8426 0.6925
v  1.3692 4.8442 0.6971
v  1.3697 4.8427 0.6924
v  1.3777 4.8426 0.6925
v  1.3784 4.8400 0.6849
v  1.3784 4.8324 0.6876
v  1.3704 4.7284 0.7237
v  1.3784 4.7284 0.7237
v  1.3784 4.7359 0.7211
v  1.3704 4.8400 0.6849
v  1.3510 4.8400 0.6849
v  1.3430 4.8400 0.6849
v  1.3430 4.8324 0.6876
v  1.3431 4.8350 0.6942
v  1.2997 4.8658 0.7593
v  1.3140 4.8654 0.7581
v  1.3291 4.8639 0.7539
v  1.3428 4.8616 0.7472
v  1.3554 4.8582 0.7375
v  1.3656 4.8541 0.7256
v  1.3729 4.8495 0.7123
v  1.3771 4.8447 0.6985
v  1.3635 4.5065 0.0853
v  1.3519 4.5023 0.0731
v  1.3257 4.4972 0.0586
v  1.3119 4.4961 0.0553
v  1.3387 4.4991 0.0641
v  1.3767 4.5163 0.1134
v  1.3717 4.5112 0.0988
v  1.2997 4.4958 0.0543
v  1.3784 4.5217 0.1287
v  1.3784 4.7258 0.7161
v  1.3515 4.7284 0.7237
v  1.3036 4.8542 0.7258
v  1.3108 4.8540 0.7252
v  1.3376 4.8478 0.7075
v  1.3315 4.8504 0.7149
v  1.3252 4.8521 0.7198
v  1.3181 4.8533 0.7232
v  1.3432 4.8425 0.6914
v  1.3415 4.8448 0.6989
v  0.0002 4.4492 0.0705
v  0.0002 4.4984 0.0619
v  0.0002 4.8632 0.7518
v  0.0002 4.7437 0.7642
v  0.0002 4.4271 0.0910
v  0.0002 4.6593 0.7648
v  0.0002 4.4958 0.0543
v  0.0002 4.8545 0.7269
v  -1.2992 4.8582 0.7619
v  -1.2992 4.7464 0.8008
v  -1.3140 4.7459 0.7993
v  -1.3142 4.8577 0.7604
v  -1.3282 4.7446 0.7956
v  -1.3286 4.8564 0.7565
v  -1.3423 4.7422 0.7887
v  -1.3423 4.8540 0.7498
v  -1.3549 4.7389 0.7790
v  -1.3549 4.8507 0.7401
v  -1.3651 4.7347 0.7671
v  -1.3651 4.8465 0.7283
v  -1.3724 4.7301 0.7538
v  -1.3724 4.8419 0.7149
v  -1.3766 4.7253 0.7399
v  -1.3766 4.8371 0.7011
v  -1.3772 4.8350 0.6951
v  -1.3775 4.7235 0.7339
v  -1.2992 4.7076 0.8143
v  0.0002 4.7464 0.8008
v  -1.3631 4.4989 0.0879
v  -1.3631 4.4599 0.1014
v  -1.3514 4.4556 0.0893
v  -1.3514 4.4947 0.0757
v  -1.3252 4.4897 0.0612
v  -1.3253 4.4506 0.0747
v  -1.3114 4.4495 0.0714
v  -1.3114 4.4886 0.0580
v  -1.3382 4.4916 0.0668
v  -1.3382 4.4525 0.0803
v  -1.3713 4.4646 0.1150
v  -1.3712 4.5037 0.1015
v  -1.3762 4.5087 0.1160
v  -1.3762 4.4697 0.1295
v  0.0002 4.4883 0.0569
v  -1.2992 4.4883 0.0569
v  -1.2992 4.4492 0.0705
v  -1.3140 4.7071 0.8128
v  -1.3282 4.7058 0.8090
v  -1.3423 4.7034 0.8021
v  -1.3549 4.7001 0.7925
v  -1.3651 4.6959 0.7806
v  -1.3724 4.6913 0.7673
v  -1.3766 4.6865 0.7534
v  -1.3779 4.5141 0.1313
v  -1.3780 4.4750 0.1448
v  -1.3696 4.7262 0.7149
v  -1.3703 4.5226 0.1285
v  -1.3039 4.5206 0.1261
v  -1.2992 4.7284 0.7237
v  -1.3505 4.7359 0.7211
v  -1.3505 4.8324 0.6876
v  -1.3700 4.8324 0.6876
v  -1.3700 4.7359 0.7211
v  0.0002 4.5213 0.1287
v  -1.2992 4.4984 0.0618
v  -1.2985 4.8632 0.7518
v  -1.3032 4.8568 0.7334
v  -1.3032 4.8466 0.7284
v  -1.3031 4.7426 0.7646
v  -1.3105 4.8464 0.7277
v  -1.3105 4.7423 0.7639
v  -1.3372 4.8402 0.7101
v  -1.3371 4.7362 0.7463
v  -1.3309 4.7388 0.7537
v  -1.3310 4.8428 0.7176
v  -1.3247 4.8445 0.7224
v  -1.3246 4.7405 0.7585
v  -1.3176 4.7417 0.7620
v  -1.3176 4.8457 0.7259
v  -1.3409 4.7332 0.7376
v  -1.3426 4.7394 0.7272
v  -1.3426 4.7309 0.7302
v  -1.3411 4.8372 0.7013
v  -1.3425 4.7379 0.7204
v  -1.3425 4.7284 0.7237
v  0.0002 4.7288 0.7248
v  -1.3101 4.4987 0.0628
v  -1.3226 4.4997 0.0658
v  -1.3342 4.5014 0.0707
v  -1.3460 4.5042 0.0788
v  -1.3565 4.5080 0.0897
v  -1.3638 4.5123 0.1019
v  -1.3683 4.5168 0.1150
v  -1.3766 4.6773 0.7566
v  -1.3749 4.6699 0.7581
v  -1.3761 4.4591 0.1513
v  -1.3780 4.4659 0.1480
v  -1.3745 4.4538 0.1361
v  -1.3762 4.4605 0.1327
v  -1.3698 4.4488 0.1218
v  -1.3713 4.4554 0.1182
v  -1.3618 4.4441 0.1083
v  -1.3631 4.4507 0.1046
v  -1.3501 4.4399 0.0961
v  -1.3514 4.4465 0.0925
v  -1.3370 4.4368 0.0873
v  -1.3382 4.4433 0.0835
v  -1.3242 4.4349 0.0819
v  -1.3253 4.4414 0.0779
v  -1.3105 4.4338 0.0787
v  -1.3114 4.4403 0.0746
v  -1.2984 4.4336 0.0779
v  -1.2992 4.4400 0.0737
v  0.0002 4.6984 0.8175
v  0.0002 4.6909 0.8182
v  -1.2992 4.6908 0.8182
v  -1.2992 4.6984 0.8175
v  -1.3134 4.6903 0.8167
v  -1.3140 4.6979 0.8160
v  -1.3270 4.6891 0.8132
v  -1.3282 4.6966 0.8122
v  -1.3410 4.6868 0.8064
v  -1.3423 4.6942 0.8053
v  -1.3536 4.6835 0.7969
v  -1.3549 4.6909 0.7957
v  -1.3637 4.6793 0.7850
v  -1.3651 4.6867 0.7838
v  -1.3709 4.6747 0.7718
v  -1.3724 4.6821 0.7705
v  -1.3721 4.4535 0.1542
v  -1.3710 4.6636 0.7590
v  -1.3647 4.6592 0.7595
v  -1.3657 4.4495 0.1557
v  -1.3706 4.4484 0.1395
v  -1.3644 4.4448 0.1420
v  -1.3662 4.4436 0.1258
v  -1.3603 4.4404 0.1294
v  -1.3586 4.4391 0.1128
v  -1.3534 4.4363 0.1176
v  -1.3474 4.4350 0.1010
v  -1.3432 4.4326 0.1068
v  -1.3347 4.4321 0.0925
v  -1.3316 4.4299 0.0991
v  -1.3224 4.4302 0.0874
v  -1.3205 4.4283 0.0945
v  -1.3092 4.4292 0.0845
v  -1.3084 4.4273 0.0919
v  -1.2976 4.4290 0.0837
v  -1.2975 4.4271 0.0911
v  -1.2991 4.6835 0.8164
v  0.0002 4.6837 0.8165
v  0.0002 4.6776 0.8119
v  -1.2990 4.6775 0.8117
v  -1.3124 4.6831 0.8151
v  -1.3112 4.6771 0.8106
v  -1.3251 4.6820 0.8118
v  -1.3229 4.6761 0.8076
v  -1.3386 4.6798 0.8054
v  -1.3352 4.6741 0.8018
v  -1.3508 4.6767 0.7962
v  -1.3463 4.6712 0.7934
v  -1.3605 4.6726 0.7848
v  -1.3552 4.6675 0.7830
v  -1.3673 4.6682 0.7720
v  -1.3613 4.6635 0.7713
v  -1.3573 4.6573 0.7597
v  -1.3584 4.4476 0.1555
v  -1.3569 4.4433 0.1431
v  -1.3532 4.4395 0.1321
v  -1.3471 4.4360 0.1220
v  -1.3383 4.4328 0.1128
v  -1.3283 4.4304 0.1060
v  -1.3188 4.4290 0.1020
v  -1.3082 4.4282 0.0995
v  -1.2983 4.4279 0.0986
v  0.0002 4.4279 0.0986
v  0.0002 4.6734 0.8054
v  -1.2992 4.6734 0.8054
v  -1.3103 4.6730 0.8042
v  -1.3209 4.6720 0.8014
v  -1.3315 4.6702 0.7962
v  -1.3410 4.6677 0.7890
v  -1.3486 4.6646 0.7800
v  -1.3541 4.6611 0.7700
v  -1.3082 4.4441 0.1453
v  -1.3087 4.6571 0.7585
v  -1.3338 4.6565 0.7596
v  -1.3340 4.4452 0.1509
v  -1.3333 4.4429 0.1443
v  -1.3313 4.4410 0.1386
v  -1.3282 4.4391 0.1334
v  -1.3237 4.4375 0.1288
v  -1.3187 4.4364 0.1254
v  -1.3139 4.4356 0.1233
v  -1.3083 4.4352 0.1220
v  -1.3031 4.4350 0.1216
v  0.0002 4.6657 0.7854
v  -1.3033 4.6647 0.7829
v  -1.3094 4.6646 0.7823
v  -1.3152 4.6641 0.7808
v  -1.3206 4.6631 0.7781
v  -1.3253 4.6618 0.7745
v  -1.3292 4.6603 0.7700
v  -1.3320 4.6585 0.7649
v  -1.3256 4.8615 0.7468
v  -1.3379 4.8594 0.7408
v  -1.3291 4.8543 0.7261
v  -1.3206 4.8557 0.7303
v  -1.3123 4.8627 0.7504
v  -1.3121 4.8565 0.7325
v  -1.3492 4.8564 0.7322
v  -1.3367 4.8522 0.7203
v  -1.3584 4.8527 0.7215
v  -1.3441 4.8491 0.7114
v  -1.3650 4.8485 0.7095
v  -1.3487 4.8456 0.7012
v  -1.3687 4.8442 0.6971
v  -1.3507 4.8426 0.6925
v  -1.3692 4.8427 0.6924
v  -1.3780 4.8324 0.6876
v  -1.3780 4.8400 0.6849
v  -1.3772 4.8426 0.6925
v  -1.3780 4.7359 0.7211
v  -1.3780 4.7284 0.7237
v  -1.3700 4.7284 0.7237
v  -1.3700 4.8400 0.6849
v  -1.3425 4.8324 0.6876
v  -1.3425 4.8400 0.6849
v  -1.3505 4.8400 0.6849
v  -1.3427 4.8350 0.6942
v  -1.3427 4.8425 0.6914
v  -1.3142 4.8653 0.7577
v  -1.2992 4.8658 0.7593
v  -1.3286 4.8639 0.7539
v  -1.3423 4.8616 0.7472
v  -1.3549 4.8582 0.7375
v  -1.3651 4.8541 0.7256
v  -1.3724 4.8495 0.7123
v  -1.3766 4.8447 0.6985
v  -1.3514 4.5023 0.0731
v  -1.3631 4.5065 0.0853
v  -1.3114 4.4961 0.0553
v  -1.3252 4.4972 0.0586
v  -1.3382 4.4991 0.0641
v  -1.3712 4.5112 0.0988
v  -1.3762 4.5163 0.1134
v  -1.2992 4.4958 0.0543
v  0.0002 4.8658 0.7593
v  -1.3780 4.5217 0.1287
v  -1.3780 4.7258 0.7161
v  -1.3510 4.7284 0.7237
v  -1.3032 4.8542 0.7258
v  -1.3105 4.8539 0.7251
v  -1.3310 4.8504 0.7149
v  -1.3372 4.8478 0.7075
v  -1.3176 4.8533 0.7232
v  -1.3247 4.8521 0.7198
v  -1.3410 4.8448 0.6989
v  -0.0000 0.0247 -3.1315
v  -0.2986 -0.0392 -3.1364
v  -0.3057 -0.0079 -3.1323
v  -0.5768 -0.1252 -3.1377
v  -0.5912 -0.0917 -3.1336
v  -0.8281 -0.2613 -3.1388
v  -0.8479 -0.2280 -3.1350
v  -1.0140 -0.4136 -3.1400
v  -1.0447 -0.3829 -3.1358
v  -1.1306 -0.5309 -3.1402
v  -1.1609 -0.5048 -3.1360
v  -1.2659 -0.6380 -3.1358
v  -1.2300 -0.6623 -3.1395
v  -1.3664 -0.9144 -3.1388
v  -1.4012 -0.8994 -3.1350
v  -1.4525 -1.1927 -3.1380
v  -1.4887 -1.1872 -3.1339
v  -1.4827 -1.4914 -3.1376
v  -1.5184 -1.4914 -3.1334
v  -1.4529 -1.7902 -3.1378
v  -1.4883 -1.7943 -3.1338
v  -1.3671 -2.0687 -3.1384
v  -1.4008 -2.0848 -3.1347
v  -1.2309 -2.3212 -3.1390
v  -1.2668 -2.3454 -3.1354
v  -1.1051 -2.4708 -3.1407
v  -1.1413 -2.5000 -3.1355
v  -1.0576 -2.5877 -3.1353
v  -1.0279 -2.5590 -3.1393
v  -0.8299 -2.7226 -3.1379
v  -0.8516 -2.7540 -3.1344
v  -0.5776 -2.8593 -3.1366
v  -0.5908 -2.8913 -3.1330
v  -0.2989 -2.9454 -3.1352
v  -0.3047 -2.9734 -3.1317
v  -0.0000 -0.2881 -3.3455
v  -0.2421 -0.3132 -3.3451
v  -0.2759 -0.1498 -3.1924
v  -0.4675 -0.3834 -3.3452
v  -0.5326 -0.2299 -3.1925
v  -0.6716 -0.4944 -3.3456
v  -0.7650 -0.3562 -3.1928
v  -0.8152 -0.6122 -3.3469
v  -0.9333 -0.4943 -3.1942
v  -0.9133 -0.7099 -3.3467
v  -1.0378 -0.6064 -3.1953
v  -1.1354 -0.7261 -3.1935
v  -0.9970 -0.8194 -3.3461
v  -1.1077 -1.0237 -3.3457
v  -1.2609 -0.9590 -3.1922
v  -1.1780 -1.2491 -3.3457
v  -1.3409 -1.2155 -3.1923
v  -1.2027 -1.4917 -3.3458
v  -1.3696 -1.4915 -3.1931
v  -1.1782 -1.7344 -3.3453
v  -1.3414 -1.7675 -3.1922
v  -1.1081 -1.9599 -3.3448
v  -1.2615 -2.0242 -3.1914
v  -0.9975 -2.1644 -3.3449
v  -1.1362 -2.2574 -3.1923
v  -0.9077 -2.2778 -3.3467
v  -1.0196 -2.3949 -3.1983
v  -0.9462 -2.4744 -3.1974
v  -0.8504 -2.3427 -3.3444
v  -0.6721 -2.4898 -3.3438
v  -0.7658 -2.6279 -3.1910
v  -0.4678 -2.6009 -3.3433
v  -0.5311 -2.7525 -3.1878
v  -0.2423 -2.6713 -3.3430
v  -0.2762 -2.8346 -3.1903
v  -0.2096 -0.4699 -3.4918
v  -0.0000 -0.6579 -3.5496
v  -0.1673 -0.6752 -3.5495
v  -0.4050 -0.5307 -3.4920
v  -0.3234 -0.7238 -3.5497
v  -0.5822 -0.6268 -3.4924
v  -0.4650 -0.8006 -3.5500
v  -0.7021 -0.7252 -3.4937
v  -0.5539 -0.8734 -3.5512
v  -0.8643 -0.9089 -3.4926
v  -0.7896 -0.8118 -3.4934
v  -0.6275 -0.9453 -3.5509
v  -0.6905 -1.0261 -3.5502
v  -0.9603 -1.0861 -3.4923
v  -0.7672 -1.1676 -3.5499
v  -1.0211 -1.2815 -3.4922
v  -0.8158 -1.3238 -3.5499
v  -1.0426 -1.4920 -3.4924
v  -0.8329 -1.4920 -3.5500
v  -1.0212 -1.7024 -3.4917
v  -0.8158 -1.6603 -3.5494
v  -0.9606 -1.8979 -3.4915
v  -0.7674 -1.8165 -3.5493
v  -0.8646 -2.0752 -3.4915
v  -0.6906 -1.9581 -3.5492
v  -0.7371 -2.2299 -3.4913
v  -0.7855 -2.1725 -3.4914
v  -0.6274 -2.0359 -3.5491
v  -0.5888 -2.0818 -3.5490
v  -0.5825 -2.3575 -3.4907
v  -0.4652 -2.1838 -3.5485
v  -0.4053 -2.4537 -3.4901
v  -0.3236 -2.2607 -3.5480
v  -0.2097 -2.5147 -3.4898
v  -0.1673 -2.3093 -3.5478
v  0.0000 -2.3266 -3.5479
v  -0.0000 -0.8843 -3.5715
v  -0.1217 -0.8967 -3.5718
v  -0.2354 -0.9320 -3.5720
v  -0.3385 -0.9881 -3.5722
v  -0.3940 -1.0333 -3.5732
v  -0.4527 -1.0894 -3.5730
v  -0.5030 -1.1525 -3.5723
v  -0.5590 -1.2556 -3.5722
v  -0.5943 -1.3693 -3.5721
v  -0.6067 -1.4921 -3.5720
v  -0.5943 -1.6148 -3.5718
v  -0.5590 -1.7286 -3.5715
v  -0.5030 -1.8317 -3.5712
v  -0.4568 -1.8883 -3.5710
v  -0.4286 -1.9218 -3.5709
v  -0.3385 -1.9961 -3.5706
v  -0.2354 -2.0521 -3.5702
v  -0.1217 -2.0875 -3.5699
v  -0.2903 -0.0795 -3.1482
v  -0.2827 -0.1168 -3.1672
v  -0.5608 -0.1632 -3.1492
v  -0.5458 -0.1986 -3.1678
v  -0.8058 -0.2960 -3.1500
v  -0.7842 -0.3279 -3.1683
v  -0.9848 -0.4428 -3.1519
v  -0.9576 -0.4700 -3.1703
v  -1.1957 -0.6854 -3.1507
v  -1.0985 -0.5573 -3.1513
v  -1.0689 -0.5817 -3.1700
v  -1.1637 -0.7070 -3.1690
v  -1.3282 -0.9305 -3.1501
v  -1.2924 -0.9456 -3.1678
v  -1.4121 -1.2010 -3.1496
v  -1.3739 -1.2088 -3.1668
v  -1.4416 -1.4914 -3.1494
v  -1.4034 -1.4914 -3.1682
v  -1.4125 -1.7820 -3.1493
v  -1.3743 -1.7742 -3.1664
v  -1.3289 -2.0526 -3.1496
v  -1.2931 -2.0375 -3.1671
v  -1.1966 -2.2981 -3.1500
v  -1.1645 -2.2765 -3.1681
v  -0.9989 -2.5281 -3.1512
v  -1.0742 -2.4430 -3.1524
v  -1.0469 -2.4185 -3.1716
v  -0.9732 -2.5008 -3.1695
v  -0.8067 -2.6882 -3.1488
v  -0.7850 -2.6563 -3.1669
v  -0.5615 -2.8212 -3.1478
v  -0.5464 -2.7858 -3.1661
v  -0.2907 -2.9051 -3.1467
v  -0.2830 -2.8676 -3.1654
v  -0.6563 -0.2963 -4.8494
v  -0.8183 -0.3970 -4.8156
v  -0.8181 -0.3985 -4.8316
v  -1.0054 -0.5670 -4.8209
v  -0.9033 -0.4668 -4.8208
v  -0.9143 -0.4721 -4.7829
v  -1.0031 -0.5470 -4.6882
v  -1.0771 -0.6510 -4.8215
v  -1.0876 -0.6133 -4.4562
v  -1.1786 -0.8005 -4.8216
v  -1.2047 -0.7844 -4.4703
v  -1.2595 -0.9621 -4.8216
v  -1.2871 -0.9492 -4.4703
v  -1.3184 -1.1329 -4.8215
v  -1.3475 -1.1237 -4.4703
v  -1.3542 -1.3099 -4.8214
v  -1.3845 -1.3046 -4.4702
v  -1.3664 -1.4918 -4.8214
v  -1.3971 -1.4906 -4.4702
v  -1.3433 -1.7417 -4.8214
v  -1.3734 -1.7461 -4.4702
v  -1.2677 -2.0010 -4.8213
v  -1.2973 -2.0117 -4.4702
v  -1.1431 -2.2403 -4.8213
v  -1.1693 -2.2562 -4.4702
v  -0.9656 -2.4584 -4.8213
v  -1.0600 -2.3539 -4.8219
v  -1.0785 -2.3677 -4.4702
v  -0.9876 -2.4793 -4.4701
v  -0.7473 -2.6357 -4.8210
v  -0.7644 -2.6606 -4.4701
v  -0.5026 -2.7623 -4.8212
v  -0.5143 -2.7905 -4.4701
v  -0.2485 -2.8354 -4.8212
v  -0.2543 -2.8654 -4.4701
v  -1.0910 -0.6138 -4.4288
v  -1.1660 -0.6277 -3.8507
v  -1.2512 -0.7570 -3.8498
v  -1.3369 -0.9287 -3.8476
v  -1.4000 -1.1097 -3.8441
v  -1.4388 -1.2974 -3.8440
v  -1.4519 -1.4913 -3.8441
v  -1.4267 -1.7562 -3.8441
v  -1.3470 -2.0313 -3.8432
v  -1.2151 -2.2859 -3.8439
v  -1.1257 -2.4061 -3.8472
v  -1.0257 -2.5177 -3.8439
v  -0.7939 -2.7058 -3.8438
v  -0.5342 -2.8412 -3.8438
v  -0.2641 -2.9196 -3.8384
v  -0.2943 -3.1387 -3.5952
v  0.0000 -3.1642 -3.5937
v  0.0000 -3.0814 -3.6158
v  -0.2831 -3.0557 -3.6173
v  -0.5811 -2.9795 -3.6176
v  -0.6130 -3.0554 -3.5989
v  -0.8929 -2.8145 -3.6222
v  -0.9497 -2.8812 -3.6037
v  -1.1179 -2.6363 -3.6239
v  -1.1739 -2.7037 -3.6063
v  -1.2328 -2.4984 -3.6274
v  -1.2971 -2.5525 -3.6074
v  -1.4197 -2.4009 -3.6063
v  -1.3435 -2.3589 -3.6242
v  -1.4866 -2.0866 -3.6207
v  -1.5631 -2.1202 -3.6038
v  -1.5680 -1.7927 -3.6200
v  -1.6536 -1.8139 -3.6009
v  -1.5947 -1.4913 -3.6198
v  -1.6804 -1.4910 -3.5998
v  -1.5771 -1.2630 -3.6212
v  -1.6608 -1.2432 -3.6008
v  -1.5418 -1.0630 -3.6198
v  -1.6204 -1.0352 -3.6024
v  -1.4726 -0.8604 -3.6208
v  -1.5519 -0.8348 -3.6044
v  -1.3837 -0.6854 -3.6231
v  -1.4522 -0.6399 -3.6063
v  -1.2856 -0.5391 -3.6247
v  -1.3465 -0.4753 -3.6073
v  -8.3243 7.5524 0.1480
v  -8.3047 7.5525 0.7093
v  -8.3047 6.1716 0.7102
v  -8.3243 6.1715 0.1482
v  -8.3125 7.7615 0.1479
v  -8.2930 7.7597 0.7092
v  -7.6915 8.9551 1.5057
v  -7.7119 8.9753 0.7083
v  -7.5718 9.1019 0.7080
v  -7.5535 9.0801 1.5054
v  -8.1136 8.3389 1.5063
v  -8.1383 8.3496 0.7089
v  -8.0541 8.5200 0.7083
v  -8.0307 8.5070 1.5057
v  -7.0786 9.3698 1.5064
v  -7.0896 9.3947 0.7088
v  -6.9010 9.4649 0.7089
v  -6.8924 9.4380 1.5065
v  -8.2333 7.9579 1.5064
v  -8.2612 7.9635 0.7091
v  -8.2096 8.1597 0.7090
v  -8.1828 8.1514 1.5063
v  -7.4044 9.1917 1.5055
v  -7.4201 9.2142 0.7080
v  -7.2592 9.3123 0.7083
v  -7.2459 9.2890 1.5058
v  -7.9320 8.6666 1.5054
v  -7.9549 8.6823 0.7080
v  -7.8404 8.8346 0.7080
v  -7.8185 8.8165 1.5054
v  -6.7007 9.4885 1.5067
v  -6.7063 9.5150 0.7090
v  -6.5044 9.5474 0.7091
v  -6.5015 9.5193 1.5068
v  -8.2650 7.7570 1.5065
v  -6.2994 9.5582 0.7092
v  -6.2992 9.5306 1.5069
v  -6.2994 -8.7564 -2.9947
v  -6.5675 -8.7373 -2.9952
v  -6.5538 -8.6386 -0.1515
v  -6.2992 -8.6564 -0.1516
v  -7.7610 -7.9486 1.5133
v  -7.7802 -7.9679 0.7085
v  -7.9395 -7.7695 0.7084
v  -7.9191 -7.7516 1.5134
v  -6.9933 -8.4698 1.5140
v  -7.0028 -8.4967 0.7087
v  -7.2153 -8.4036 0.7084
v  -7.2029 -8.3778 1.5134
v  -8.0510 -7.5360 1.5140
v  -8.0731 -7.5527 0.7088
v  -8.1787 -7.3110 0.7085
v  -8.1552 -7.2960 1.5138
v  -7.4009 -8.2622 1.5133
v  -7.4158 -8.2861 0.7086
v  -7.6081 -8.1380 0.7083
v  -7.5905 -8.1157 1.5129
v  -8.2292 -7.0436 1.5139
v  -8.2540 -7.0567 0.7085
v  -8.2900 -6.8465 0.7086
v  -8.2642 -6.8340 1.5140
v  -6.5496 -8.6086 0.7086
v  -6.2992 -8.6262 0.7086
v  -8.0985 -7.5706 -0.1550
v  -7.9641 -7.7906 -0.1554
v  -8.0466 -7.8589 -2.9981
v  -8.1812 -7.6285 -2.9976
v  -7.4317 -8.3105 -0.1531
v  -7.2289 -8.4304 -0.1526
v  -7.2736 -8.5207 -2.9974
v  -7.4854 -8.3946 -2.9978
v  -8.2832 -7.0708 -0.1516
v  -8.2075 -7.3272 -0.1546
v  -8.2966 -7.3802 -2.9971
v  -8.3743 -7.1160 -2.9965
v  -7.8040 -7.9917 -0.1544
v  -7.6276 -8.1620 -0.1540
v  -7.6937 -8.2446 -2.9983
v  -7.8741 -8.0626 -2.9983
v  -8.3206 -6.8541 -0.1458
v  -8.4152 -6.8977 -2.9958
v  -8.4335 -6.6749 -2.9952
v  -8.3344 -6.6210 -0.1375
v  -8.3358 -6.5152 -0.1744
v  -8.4333 -6.5616 -2.9954
v  -8.3049 -6.6207 0.7085
v  -6.5457 -8.5805 1.5144
v  -6.2992 -8.5979 1.5146
v  -8.3327 -6.5062 -0.0847
v  -8.3348 -6.5134 -0.1450
v  -8.3299 -6.4718 -0.0001
v  -8.3247 -6.2863 0.1405
v  -8.3257 -6.3574 0.1135
v  -8.3273 -6.4211 0.0656
v  -8.3243 3.5689 0.1488
v  -8.3047 3.5688 0.7119
v  -8.3047 1.3764 0.7126
v  -8.3243 1.3764 0.1497
v  -8.3243 -0.6501 0.1505
v  -8.3047 -1.4895 0.7128
v  -8.3243 -2.5034 0.1510
v  -8.2768 3.8033 1.5100
v  -8.2768 3.5689 1.5102
v  -8.2769 7.5525 1.5066
v  -7.7259 8.9891 0.1469
v  -7.5848 9.1172 0.1466
v  -8.1555 8.3570 0.1475
v  -8.0712 8.5296 0.1470
v  -7.0973 9.4117 0.1473
v  -6.9067 9.4826 0.1473
v  -8.2798 7.9671 0.1478
v  -8.2275 8.1652 0.1476
v  -7.4316 9.2305 0.1465
v  -7.2687 9.3290 0.1467
v  -7.9709 8.6934 0.1466
v  -7.8553 8.8470 0.1466
v  -6.7102 9.5340 0.1474
v  -6.5063 9.5661 0.1474
v  -6.2992 9.5777 0.1475
v  -8.2768 1.3764 1.5111
v  -8.2768 -1.4895 1.5121
v  -8.3048 -3.8239 0.7115
v  -8.2768 -3.8239 1.5128
v  -8.2767 -6.6204 1.5140
v  -4.1441 9.5583 0.7080
v  -4.1441 9.5306 1.5059
v  -8.2173 -6.3680 -0.1817
v  -8.2625 -6.3766 -0.1814
v  -8.3587 -6.4261 -3.0016
v  -8.3159 -6.4179 -3.0041
v  -8.2173 -6.3675 -0.1537
v  -8.2153 -6.3606 -0.1103
v  -8.2607 -6.3691 -0.1057
v  -8.2620 -6.3763 -0.1534
v  -8.2126 -6.3411 -0.0692
v  -8.2589 -6.3532 -0.0708
v  -8.2095 -6.3141 -0.0384
v  -8.2554 -6.3239 -0.0350
v  -8.2080 -6.2804 -0.0156
v  -8.2536 -6.2865 -0.0086
v  -8.2075 -6.2462 -0.0033
v  -8.2529 -6.2469 0.0058
v  -8.2076 -6.2096 0.0010
v  -8.2531 -6.2092 0.0103
v  -8.2074 -3.8239 0.0005
v  -8.2530 -3.8239 0.0097
v  -8.2074 -0.6501 -0.0003
v  -8.2076 1.3764 -0.0008
v  -8.2531 1.3764 0.0085
v  -8.2530 -0.6501 0.0089
v  -6.4963 9.4531 -0.0026
v  -6.2992 9.4607 -0.0027
v  -6.2993 9.5065 0.0067
v  -6.5002 9.4940 0.0067
v  -6.6919 9.4218 -0.0026
v  -6.6994 9.4643 0.0067
v  -6.8755 9.3717 -0.0027
v  -6.8881 9.4151 0.0067
v  -7.0447 9.3082 -0.0027
v  -7.0645 9.3490 0.0063
v  -7.2114 9.2286 -0.0026
v  -7.2344 9.2674 0.0064
v  -7.3667 9.1336 -0.0026
v  -7.3922 9.1709 0.0065
v  -7.5083 9.0241 -0.0026
v  -7.5384 9.0594 0.0060
v  -7.6424 8.9076 -0.0026
v  -7.6746 8.9389 0.0072
v  -7.7647 8.7726 -0.0026
v  -7.7999 8.8009 0.0070
v  -7.8765 8.6249 -0.0025
v  -7.9138 8.6499 0.0072
v  -7.9699 8.4748 -0.0024
v  -8.0091 8.4957 0.0075
v  -8.0505 8.3084 -0.0024
v  -8.0914 8.3267 0.0073
v  -8.1164 8.1310 -0.0024
v  -8.1593 8.1447 0.0072
v  -8.1664 7.9424 -0.0024
v  -8.2104 7.9518 0.0074
v  -8.1974 7.7505 -0.0023
v  -8.2420 7.7548 0.0077
v  -8.2069 7.5524 -0.0023
v  -8.2526 7.5525 0.0069
v  -8.3253 7.5524 0.1200
v  -8.3253 6.1715 0.1202
v  -8.3179 6.1715 0.0750
v  -8.3177 7.5527 0.0741
v  -8.3163 -6.5365 -3.1452
v  -8.3588 -6.5364 -3.1404
v  -8.3608 -6.5621 -3.1397
v  -8.3163 -6.5652 -3.1452
v  -8.2688 -7.0636 -3.1452
v  -8.3044 -6.8739 -3.1452
v  -8.3486 -6.8819 -3.1373
v  -8.3109 -7.0794 -3.1387
v  -8.0760 -7.5565 -3.1452
v  -8.1901 -7.3174 -3.1452
v  -8.2308 -7.3373 -3.1409
v  -8.1147 -7.5801 -3.1422
v  -7.7871 -7.9770 -3.1452
v  -7.9490 -7.7790 -3.1452
v  -7.9847 -7.8060 -3.1419
v  -7.8193 -8.0069 -3.1408
v  -7.4209 -8.2956 -3.1452
v  -7.6179 -8.1521 -3.1452
v  -7.6464 -8.1855 -3.1404
v  -7.4456 -8.3322 -3.1402
v  -7.0058 -8.5057 -3.1452
v  -7.2221 -8.4174 -3.1452
v  -7.2427 -8.4574 -3.1403
v  -7.0218 -8.5480 -3.1402
v  -6.2990 -8.6394 -3.1480
v  -6.5513 -8.6211 -3.1480
v  -6.5573 -8.6640 -3.1400
v  -6.3001 -8.6856 -3.1385
v  -8.3165 -6.5074 -3.1447
v  -8.3587 -6.5076 -3.1366
v  -8.4343 -6.5372 -3.0255
v  -8.4238 -6.4948 -3.0552
v  -8.4237 -6.4900 -3.0449
v  -8.3169 -6.4364 -3.0929
v  -8.2864 -6.4364 -3.0930
v  -8.2866 -6.4238 -3.0653
v  -8.3171 -6.4237 -3.0652
v  -8.2858 -6.5365 -3.1452
v  -8.2860 -6.5074 -3.1447
v  -7.8030 -6.4177 -2.9925
v  -7.8081 -6.4180 -3.0093
v  -7.7859 -6.4207 -3.0201
v  -7.7784 -6.4204 -2.9924
v  -7.7001 -6.4783 -2.9889
v  -7.7108 -6.4624 -2.9895
v  -7.7232 -6.4653 -3.0501
v  -7.7114 -6.4850 -3.0537
v  -7.7875 -6.4300 -3.0614
v  -7.8018 -6.4219 -3.0440
v  -7.8219 -6.4231 -3.0593
v  -7.8138 -6.4337 -3.0830
v  -7.7458 -6.4988 -3.1058
v  -7.7530 -6.4776 -3.0993
v  -7.7938 -6.4934 -3.1311
v  -7.7906 -6.5181 -3.1370
v  -8.1892 -6.3675 -0.1543
v  -7.9048 -6.3675 -0.1563
v  -7.9120 -6.3623 -0.1168
v  -8.1873 -6.3609 -0.1117
v  -7.9268 -6.3443 -0.0745
v  -8.1846 -6.3421 -0.0709
v  -7.9332 -6.3124 -0.0369
v  -8.1814 -6.3153 -0.0394
v  -7.9196 -6.2738 -0.0126
v  -8.1800 -6.2810 -0.0160
v  -7.9113 -6.2412 -0.0022
v  -8.1794 -6.2463 -0.0033
v  -7.9069 -6.2081 0.0010
v  -8.1796 -6.2095 0.0010
v  -7.8768 -6.3675 -0.1536
v  -7.8533 -6.3699 -0.1531
v  -7.8595 -6.3612 -0.1028
v  -7.8847 -6.3606 -0.1103
v  -7.8725 -6.3411 -0.0635
v  -7.8993 -6.3411 -0.0692
v  -7.8763 -6.3164 -0.0354
v  -7.9047 -6.3141 -0.0384
v  -7.8672 -6.2841 -0.0139
v  -7.8925 -6.2805 -0.0156
v  -7.8602 -6.2500 -0.0015
v  -7.8837 -6.2462 -0.0032
v  -7.8572 -6.2099 0.0030
v  -7.8789 -6.2100 0.0010
v  -7.8382 -6.3657 -0.0935
v  -7.8325 -6.3762 -0.1525
v  -7.8132 -6.3861 -0.1518
v  -7.8208 -6.3729 -0.0825
v  -7.8476 -6.3460 -0.0542
v  -7.8279 -6.3546 -0.0442
v  -7.8511 -6.3219 -0.0282
v  -7.8284 -6.3302 -0.0167
v  -7.8443 -6.2907 -0.0088
v  -7.8238 -6.2998 0.0003
v  -7.8390 -6.2562 0.0034
v  -7.8198 -6.2643 0.0120
v  -7.8371 -6.2098 0.0087
v  -7.8183 -6.2097 0.0178
v  -7.9068 -3.8239 0.0005
v  -8.1793 -3.8239 0.0005
v  -7.8370 -3.8239 0.0082
v  -7.8571 -3.8239 0.0025
v  -7.7760 -6.2110 0.0610
v  -7.7760 -3.8239 0.0604
v  -7.7875 -3.8239 0.0438
v  -7.7875 -6.2095 0.0444
v  -7.9068 -0.6501 -0.0003
v  -7.9067 1.3764 -0.0008
v  -8.1796 1.3764 -0.0008
v  -8.1793 -0.6501 -0.0003
v  -7.8369 -0.6501 0.0075
v  -7.8367 1.3764 0.0070
v  -7.8569 1.3764 0.0013
v  -7.8570 -0.6501 0.0017
v  -7.7759 -0.6501 0.0599
v  -7.7758 1.3764 0.0596
v  -7.7871 1.3764 0.0429
v  -7.7873 -0.6501 0.0432
v  -7.9066 3.5689 -0.0013
v  -7.9066 5.8302 -0.0019
v  -8.1792 5.8652 -0.0019
v  -8.1798 3.5689 -0.0013
v  -7.8362 3.5689 0.0067
v  -7.8318 5.8296 0.0081
v  -7.8522 5.8298 0.0013
v  -7.8565 3.5690 0.0009
v  -7.7757 3.5690 0.0592
v  -7.7764 5.8303 0.0575
v  -7.7855 5.8300 0.0440
v  -7.7869 3.5690 0.0428
v  -6.4746 9.2435 -0.0027
v  -6.2999 9.2524 -0.0027
v  -6.2987 9.4326 -0.0027
v  -6.4936 9.4252 -0.0026
v  -6.6542 9.2139 -0.0027
v  -6.6860 9.3943 -0.0026
v  -6.8172 9.1713 -0.0026
v  -6.8669 9.3449 -0.0027
v  -6.9562 9.1222 -0.0026
v  -7.0338 9.2823 -0.0027
v  -7.0979 9.0556 -0.0026
v  -7.1980 9.2039 -0.0026
v  -7.2483 8.9674 -0.0026
v  -7.3507 9.1105 -0.0026
v  -7.3684 8.8710 -0.0025
v  -7.4905 9.0024 -0.0026
v  -7.4915 8.7650 -0.0026
v  -7.6227 8.8875 -0.0026
v  -7.6001 8.6458 -0.0025
v  -7.7431 8.7547 -0.0026
v  -7.6965 8.5194 -0.0025
v  -7.8534 8.6090 -0.0025
v  -7.7865 8.3799 -0.0025
v  -7.9453 8.4612 -0.0024
v  -7.8618 8.2275 -0.0024
v  -8.0246 8.2973 -0.0024
v  -7.9230 8.0645 -0.0024
v  -8.0896 8.1225 -0.0024
v  -7.9647 7.8992 -0.0024
v  -8.1389 7.9365 -0.0024
v  -7.9927 7.7298 -0.0023
v  -8.1695 7.7475 -0.0023
v  -8.0013 7.5530 -0.0023
v  -8.1789 7.5517 -0.0023
v  -8.1794 6.1716 -0.0019
v  -7.9992 6.2695 -0.0020
v  -7.9502 5.9184 -0.0019
v  -7.9162 5.8807 -0.0019
v  -7.9793 5.9719 -0.0019
v  -7.9935 6.0214 -0.0019
v  -7.9990 6.0715 -0.0019
v  -7.9098 5.8732 -0.0019
v  -7.8529 6.0730 0.1121
v  -7.8575 6.0721 0.0845
v  -7.8540 6.0425 0.0845
v  -7.8488 6.0426 0.1105
v  -7.8377 6.0144 0.1083
v  -7.8427 6.0149 0.0845
v  -7.8235 5.9944 0.1074
v  -7.8284 5.9934 0.0845
v  -7.8152 5.9858 0.1071
v  -7.8185 5.9829 0.0845
v  -7.7846 5.9392 0.0830
v  -7.7968 5.9639 0.0967
v  -7.8041 5.9626 0.0740
v  -7.7920 5.9355 0.0626
v  -7.7776 5.9152 0.0734
v  -7.7860 5.9119 0.0552
v  -7.7764 5.8647 0.0575
v  -7.7855 5.8644 0.0440
v  -7.8039 -6.3846 -0.0684
v  -7.7975 -6.3981 -0.1514
v  -7.7839 -6.4128 -0.1508
v  -7.7924 -6.3970 -0.0552
v  -7.8088 -6.3685 -0.0298
v  -7.7954 -6.3855 -0.0152
v  -7.8103 -6.3405 -0.0019
v  -7.7965 -6.3532 0.0160
v  -7.8071 -6.3099 0.0127
v  -7.7935 -6.3208 0.0283
v  -7.8038 -6.2728 0.0235
v  -7.7902 -6.2817 0.0379
v  -7.8018 -6.2093 0.0297
v  -7.8018 -3.8239 0.0291
v  -7.8182 -3.8239 0.0173
v  -7.8016 -0.6501 0.0285
v  -7.8014 1.3764 0.0282
v  -7.8179 1.3764 0.0163
v  -7.8180 -0.6501 0.0166
v  -7.9013 6.0372 0.0179
v  -7.9044 6.0725 0.0188
v  -7.9321 6.0728 0.0048
v  -7.9286 6.0332 0.0047
v  -7.8923 6.0034 0.0170
v  -7.9185 5.9952 0.0043
v  -7.8717 5.9666 0.0159
v  -7.8950 5.9517 0.0037
v  -7.8530 5.9451 0.0159
v  -7.8717 5.9247 0.0034
v  -7.8352 5.9122 0.0123
v  -7.8421 5.9306 0.0148
v  -7.8618 5.9146 0.0035
v  -7.8558 5.9010 0.0028
v  -7.8329 5.8960 0.0100
v  -7.8543 5.8886 0.0020
v  -6.2992 9.1065 0.1110
v  -6.2991 9.1107 0.0845
v  -6.4627 9.1005 0.0845
v  -6.4627 9.0964 0.1110
v  -6.6296 9.0707 0.1110
v  -6.6302 9.0750 0.0845
v  -6.7733 9.0318 0.1110
v  -6.7746 9.0354 0.0845
v  -6.8944 8.9866 0.1110
v  -6.8962 8.9904 0.0845
v  -7.0187 8.9278 0.1110
v  -7.0211 8.9310 0.0845
v  -7.1531 8.8484 0.1110
v  -7.1562 8.8513 0.0845
v  -7.2739 8.7600 0.1110
v  -7.2765 8.7631 0.0845
v  -7.3858 8.6602 0.1110
v  -7.3887 8.6631 0.0845
v  -7.4830 8.5559 0.1110
v  -7.4864 8.5585 0.0845
v  -7.5753 8.4364 0.1110
v  -7.5790 8.4392 0.0845
v  -7.6553 8.3078 0.1110
v  -7.6592 8.3098 0.0845
v  -7.7246 8.1670 0.1110
v  -7.7285 8.1687 0.0845
v  -7.7793 8.0202 0.1110
v  -7.7833 8.0212 0.0845
v  -7.8184 7.8717 0.1110
v  -7.8227 7.8723 0.0845
v  -7.8427 7.7173 0.1110
v  -7.8470 7.7174 0.0845
v  -7.8531 7.5526 0.1110
v  -7.8574 7.5525 0.0845
v  -6.4660 9.1515 0.0159
v  -6.2990 9.1622 0.0159
v  -6.2991 9.1855 0.0040
v  -6.4681 9.1767 0.0036
v  -6.6376 9.1242 0.0159
v  -6.6419 9.1499 0.0035
v  -6.7903 9.0842 0.0159
v  -6.7976 9.1075 0.0038
v  -6.9176 9.0358 0.0159
v  -6.9293 9.0610 0.0030
v  -7.0490 8.9737 0.0159
v  -7.0636 8.9970 0.0030
v  -7.1899 8.8896 0.0159
v  -7.2080 8.9122 0.0027
v  -7.3097 8.8024 0.0159
v  -7.3253 8.8205 0.0040
v  -7.4250 8.6990 0.0159
v  -7.4436 8.7173 0.0034
v  -7.5274 8.5886 0.0159
v  -7.5481 8.6043 0.0035
v  -7.6197 8.4678 0.0159
v  -7.6421 8.4829 0.0033
v  -7.7033 8.3341 0.0159
v  -7.7278 8.3475 0.0030
v  -7.7751 8.1896 0.0159
v  -7.7994 8.2003 0.0033
v  -7.8323 8.0358 0.0159
v  -7.8581 8.0438 0.0032
v  -7.8732 7.8810 0.0159
v  -7.8981 7.8857 0.0037
v  -7.8981 7.7209 0.0159
v  -7.9246 7.7231 0.0033
v  -7.9089 7.5522 0.0159
v  -7.9335 7.5522 0.0040
v  -7.9100 6.2695 0.0159
v  -7.8811 6.2695 0.0395
v  -7.8846 7.5523 0.0360
v  -7.9733 7.5523 -0.0023
v  -7.9711 6.2695 -0.0020
v  -7.9322 6.2695 0.0047
v  -4.1441 9.1685 0.0158
v  -4.1441 9.2089 -0.0015
v  -4.1441 9.1069 0.1110
v  -4.1441 9.1106 0.0845
v  -7.4642 -6.4177 -2.9680
v  -7.5364 -6.2299 -0.1743
v  -7.5365 -6.3103 -0.1742
v  -7.5404 3.5689 -0.0296
v  -7.5349 3.5689 -0.1463
v  -7.5374 5.7499 -0.1467
v  -7.5404 5.7587 -0.0298
v  -7.5412 5.7889 -0.0018
v  -7.5497 5.7954 0.0403
v  -7.5498 5.7649 0.0405
v  -7.5412 5.7593 -0.0018
v  -7.5403 -0.6501 -0.0342
v  -7.5373 -0.6501 -0.1506
v  -7.5375 1.3765 -0.1486
v  -7.5403 1.3765 -0.0320
v  -8.3165 -6.4798 -3.1339
v  -8.2860 -6.4798 -3.1339
v  -8.2860 -6.4560 -3.1167
v  -8.3165 -6.4560 -3.1166
v  -7.7627 -6.4584 -3.0894
v  -7.7356 -6.4499 -3.0441
v  -7.7501 -6.4371 -3.0371
v  -7.7742 -6.4425 -3.0769
v  -7.8469 -6.4796 -3.1338
v  -7.7993 -6.4698 -3.1196
v  -7.8061 -6.4498 -3.1036
v  -7.8469 -6.4561 -3.1167
v  -8.1893 -6.3680 -0.1822
v  -8.2878 -6.4179 -3.0034
v  -7.8373 -6.4177 -2.9945
v  -7.9046 -6.3680 -0.1822
v  -7.8473 6.0423 0.1367
v  -7.8119 6.1154 1.1407
v  -7.8170 6.1506 1.1388
v  -7.8520 6.0751 0.1367
v  -6.4633 9.0954 0.1366
v  -6.4588 9.0609 1.1446
v  -6.2981 9.0704 1.1446
v  -6.2994 9.1054 0.1367
v  -6.6293 9.0693 0.1366
v  -6.6220 9.0348 1.1445
v  -6.7728 9.0307 0.1366
v  -6.7625 8.9980 1.1445
v  -6.8939 8.9855 0.1366
v  -6.8808 8.9543 1.1445
v  -7.0179 8.9270 0.1366
v  -7.0023 8.8969 1.1446
v  -7.1526 8.8476 0.1366
v  -7.1337 8.8190 1.1446
v  -7.2732 8.7593 0.1366
v  -7.2520 8.7329 1.1446
v  -7.3853 8.6595 0.1366
v  -7.3620 8.6359 1.1446
v  -7.4826 8.5548 0.1366
v  -7.4563 8.5334 1.1446
v  -7.5743 8.4356 0.1366
v  -7.5459 8.4161 1.1444
v  -7.6541 8.3079 0.1366
v  -7.6244 8.2905 1.1446
v  -7.7236 8.1670 0.1367
v  -7.6928 8.1533 1.1446
v  -7.7783 8.0200 0.1366
v  -7.7456 8.0095 1.1446
v  -7.8173 7.8716 0.1367
v  -7.7833 7.8643 1.1448
v  -7.8417 7.7172 0.1367
v  -7.8072 7.7133 1.1445
v  -7.8520 7.5526 0.1367
v  -7.8168 7.5514 1.1445
v  -7.8170 6.1725 1.1389
v  -7.8520 6.0969 0.1367
v  -4.1441 9.0704 1.1446
v  -4.1441 9.1054 0.1367
v  -7.7600 5.9537 0.1714
v  -7.7827 5.9727 0.1975
v  -7.4472 5.9587 0.1642
v  -7.5257 5.9633 0.2268
v  -7.5623 5.9384 0.1634
v  -7.5118 5.9324 0.1148
v  -7.3856 5.9457 -0.0098
v  -7.4042 5.9530 0.0832
v  -7.4716 5.9309 0.0557
v  -7.4492 5.9312 -0.0113
v  -7.7392 -6.4680 0.0042
v  -7.7420 -6.4385 0.0727
v  -7.7753 -6.4228 0.0301
v  -7.7691 -6.4385 0.0000
v  -7.7138 5.9439 0.1921
v  -7.7272 5.9656 0.2576
v  -7.5296 5.8428 -0.0369
v  -7.5304 5.8451 -0.0061
v  -7.5403 5.7865 -0.0345
v  -7.4635 5.5656 -2.9980
v  -7.4528 5.6224 -3.0005
v  -7.4535 5.6245 -2.9721
v  -7.4642 5.5678 -2.9696
v  -8.2862 -6.4184 -3.0314
v  -8.3169 -6.4184 -3.0313
v  -7.7673 -6.4271 -3.0290
v  -7.7585 -6.4265 -2.9921
v  -7.8471 -6.4241 -3.0665
v  -7.8315 -6.4184 -3.0301
v  -7.8455 -6.4185 -3.0331
v  -7.7786 -6.4200 -2.9644
v  -7.8526 -6.3703 -0.1811
v  -7.8765 -6.3680 -0.1817
v  -7.8040 -6.4173 -2.9708
v  -7.8788 -3.8239 0.0005
v  -7.8787 1.3764 -0.0008
v  -7.8787 -0.6501 -0.0003
v  -7.8786 5.8302 -0.0019
v  -7.8786 3.5689 -0.0013
v  -7.7599 -6.4258 -2.9619
v  -7.8319 -6.3766 -0.1805
v  -8.4242 -6.5109 -3.0706
v  -8.4240 -6.5022 -3.0640
v  -8.4237 -6.4877 -3.0270
v  -7.8476 -6.4368 -3.0935
v  -7.7411 -6.4354 -2.9633
v  -7.8126 -6.3865 -0.1798
v  -7.7255 -6.4471 -2.9623
v  -7.7969 -6.3985 -0.1794
v  -7.8469 -6.5072 -3.1447
v  -7.7116 -6.4618 -2.9615
v  -7.7831 -6.4134 -0.1788
v  -7.7735 -6.4284 -0.1499
v  -7.7823 -6.4142 -0.0383
v  -7.7870 -6.4035 -0.0022
v  -7.7874 -6.3672 0.0350
v  -7.7835 -6.3312 0.0459
v  -7.7797 -6.2901 0.0543
v  -7.7004 -6.4786 -2.9609
v  -7.7722 -6.4297 -0.1779
v  -8.4244 -6.5200 -3.0747
v  -7.8473 -6.5365 -3.1452
v  -7.8185 -6.4182 -3.0230
v  -7.7244 -6.4479 -2.9904
v  -7.7400 -6.4361 -2.9914
v  -7.8521 5.8643 0.0013
v  -7.8318 5.8641 0.0081
v  -7.9066 5.8613 -0.0019
v  -7.8630 6.0417 0.0619
v  -7.8661 6.0720 0.0619
v  -7.8811 6.0722 0.0395
v  -7.8785 6.0401 0.0385
v  -7.8523 6.0135 0.0619
v  -7.8698 6.0095 0.0367
v  -7.8368 5.9892 0.0619
v  -7.8525 5.9798 0.0356
v  -7.8259 5.9742 0.0566
v  -7.8372 5.9625 0.0352
v  -7.8029 5.9293 0.0428
v  -7.8134 5.9557 0.0513
v  -7.8252 5.9449 0.0318
v  -7.8167 5.9222 0.0268
v  -7.7986 5.9078 0.0373
v  -7.8137 5.9025 0.0229
v  -7.7981 5.8647 0.0301
v  -7.8129 5.8643 0.0184
v  -6.4632 9.1112 0.0585
v  -6.2990 9.1213 0.0585
v  -6.2990 9.1377 0.0360
v  -6.4642 9.1276 0.0360
v  -6.6316 9.0852 0.0584
v  -6.6339 9.1007 0.0360
v  -6.7779 9.0456 0.0585
v  -6.7830 9.0612 0.0360
v  -6.9007 8.9998 0.0584
v  -6.9076 9.0142 0.0360
v  -7.0271 8.9399 0.0585
v  -7.0361 8.9537 0.0360
v  -7.1636 8.8591 0.0585
v  -7.1745 8.8714 0.0360
v  -7.2834 8.7714 0.0585
v  -7.2940 8.7839 0.0360
v  -7.3963 8.6707 0.0585
v  -7.4080 8.6822 0.0360
v  -7.4949 8.5646 0.0585
v  -7.5081 8.5742 0.0360
v  -7.5873 8.4452 0.0584
v  -7.6002 8.4544 0.0360
v  -7.6684 8.3149 0.0584
v  -7.6824 8.3226 0.0360
v  -7.7382 8.1731 0.0585
v  -7.7533 8.1799 0.0360
v  -7.7937 8.0242 0.0585
v  -7.8094 8.0289 0.0360
v  -7.8332 7.8739 0.0585
v  -7.8495 7.8767 0.0360
v  -7.8577 7.7180 0.0585
v  -7.8742 7.7191 0.0360
v  -7.8682 7.5524 0.0585
v  -7.8661 6.2695 0.0619
v  -7.8575 6.2695 0.0845
v  -4.1441 9.1220 0.0584
v  -4.1441 9.1402 0.0359
v  -7.9709 6.0731 -0.0019
v  -7.9659 6.0269 -0.0019
v  -7.9532 5.9826 -0.0019
v  -7.9272 5.9347 -0.0019
v  -7.8955 5.8997 -0.0019
v  -7.8894 5.8931 -0.0019
v  -7.8844 5.8858 -0.0019
v  -7.8819 5.8784 -0.0019
v  -6.2992 9.2243 -0.0027
v  -6.4716 9.2156 -0.0027
v  -6.6484 9.1865 -0.0027
v  -6.8089 9.1444 -0.0026
v  -6.9456 9.0962 -0.0026
v  -7.0848 9.0308 -0.0026
v  -7.2323 8.9442 -0.0026
v  -7.3504 8.8495 -0.0025
v  -7.4719 8.7449 -0.0026
v  -7.5786 8.6278 -0.0025
v  -7.6736 8.5033 -0.0025
v  -7.7621 8.3660 -0.0025
v  -7.8361 8.2163 -0.0024
v  -7.8962 8.0561 -0.0024
v  -7.9372 7.8934 -0.0024
v  -7.9648 7.7268 -0.0023
v  -7.8786 5.8646 -0.0019
v  -7.8010 3.5690 0.0280
v  -7.7982 5.8303 0.0301
v  -7.8130 5.8298 0.0183
v  -7.8174 3.5690 0.0161
v  -7.8531 6.2695 0.1110
v  -7.5420 5.8961 0.0907
v  -7.5830 5.9014 0.1288
v  -7.5994 5.8477 0.1081
v  -7.5637 5.8448 0.0771
v  -7.4983 5.8960 -0.0101
v  -7.5124 5.8950 0.0438
v  -7.5405 5.8447 0.0386
v  -7.7046 5.9133 0.1565
v  -7.6975 5.8596 0.1260
v  -7.6419 5.8533 0.1249
v  -7.6325 5.9063 0.1510
v  -7.4208 5.6757 -2.9752
v  -7.3710 5.7108 -2.9769
v  -7.4444 5.9180 -0.1899
v  -7.4931 5.8836 -0.1847
v  -7.7405 5.9168 0.1366
v  -7.7385 5.8819 0.1124
v  -7.6246 5.9426 0.1912
v  -7.4969 5.8946 -0.0378
v  -7.6056 5.8059 0.1047
v  -7.5711 5.8022 0.0764
v  -7.6950 5.8100 0.1178
v  -7.6459 5.8087 0.1191
v  -7.4483 5.9289 -0.0433
v  -7.3849 5.9437 -0.0369
v  -7.3068 5.7247 -2.9773
v  -7.3810 5.9327 -0.1840
v  -7.7379 5.8223 0.0991
v  -6.2996 8.2718 1.2696
v  -6.2996 7.5473 1.2559
v  -4.1444 7.5516 1.2540
v  -4.1441 8.2529 1.2692
v  -1.6833 9.5306 1.5062
v  -1.6836 9.5583 0.7084
v  -0.8323 9.5582 0.7088
v  -0.8323 9.5306 1.5065
v  -1.6838 9.5778 0.1443
v  -4.1441 9.5776 0.1504
v  -1.6826 9.4621 -0.0027
v  -1.6831 9.5067 0.0067
v  -4.1441 9.5056 0.0067
v  -4.1441 9.4567 -0.0027
v  -1.6805 9.2524 -0.0027
v  -1.6823 9.4340 -0.0027
v  -4.1441 9.4286 -0.0027
v  -4.1441 9.2539 -0.0027
v  -1.6800 9.1986 0.0003
v  -1.6796 9.1634 0.0158
v  -0.8323 9.1620 0.0159
v  -0.8323 9.1939 0.0014
v  -1.6791 9.1106 0.0845
v  -1.6791 9.1068 0.1110
v  -0.8323 9.1066 0.1110
v  -0.8323 9.1106 0.0845
v  -1.6791 9.1054 0.1367
v  -1.6787 9.0703 1.1476
v  -0.8324 9.0703 1.1462
v  -0.8323 9.1054 0.1367
v  -1.6794 9.1389 0.0359
v  -1.6792 9.1216 0.0584
v  -0.8323 9.1211 0.0584
v  -0.8323 9.1376 0.0360
v  -1.6803 9.2244 -0.0027
v  -0.8323 9.2246 -0.0027
v  -1.6668 8.2539 1.2691
v  -1.6586 7.5520 1.2539
v  -0.8323 7.5519 1.2541
v  -0.8323 8.2543 1.2691
v  -4.5755 6.2697 1.2262
v  -4.1448 6.2697 1.2262
v  -1.6586 6.2694 1.2262
v  -7.0187 7.5524 1.2645
v  -6.9990 6.2701 1.2464
v  -6.3019 6.2700 1.2283
v  -7.8354 6.0144 0.1367
v  -7.7969 6.0839 1.1431
v  -7.8236 5.9979 0.1367
v  -7.7705 6.0561 1.1443
v  -7.7867 5.9764 0.2163
v  -7.7380 6.0385 1.1442
v  -7.6026 5.9694 0.3079
v  -7.6514 6.0317 1.1444
v  -7.6986 6.0319 1.1465
v  -7.7307 5.9690 0.3014
v  -7.4153 5.9616 0.2024
v  -7.3700 5.9539 0.0995
v  -7.0115 6.0296 1.1156
v  -1.5415 5.9428 0.5516
v  -0.7904 5.9431 0.5576
v  -0.8327 5.9756 1.0871
v  -1.6540 5.9753 1.0822
v  -1.6569 5.9770 1.1103
v  -1.6589 5.9873 1.1525
v  -4.1449 6.0405 1.1557
v  -4.1448 6.0295 1.1141
v  -6.3017 6.0294 1.1137
v  -6.3010 6.0407 1.1559
v  -7.0077 6.0411 1.1762
v  -7.0115 6.0309 1.1333
v  -7.8106 6.1163 1.1673
v  -7.8009 6.1185 1.2086
v  -7.8066 6.1506 1.2075
v  -7.8161 6.1517 1.1654
v  -7.8064 6.1689 1.2079
v  -7.8161 6.1709 1.1654
v  -7.8157 7.5512 1.1712
v  -7.8047 7.5518 1.2138
v  -7.7954 7.7127 1.2138
v  -7.8062 7.7132 1.1711
v  -7.7720 7.8620 1.2146
v  -7.7823 7.8641 1.1714
v  -7.7348 8.0071 1.2149
v  -7.7447 8.0092 1.1712
v  -7.6815 8.1493 1.2147
v  -7.6919 8.1529 1.1713
v  -7.6146 8.2849 1.2147
v  -7.6235 8.2900 1.1712
v  -7.5370 8.4099 1.2147
v  -7.5452 8.4156 1.1711
v  -7.4479 8.5265 1.2149
v  -7.4557 8.5328 1.1712
v  -7.3540 8.6280 1.2149
v  -7.3614 8.6353 1.1712
v  -7.2450 8.7242 1.2147
v  -7.2514 8.7322 1.1713
v  -7.1268 8.8102 1.2147
v  -7.1332 8.8182 1.1712
v  -6.9955 8.8877 1.2146
v  -7.0019 8.8960 1.1713
v  -6.8756 8.9438 1.2146
v  -6.8804 8.9534 1.1712
v  -6.7586 8.9873 1.2149
v  -6.7622 8.9970 1.1712
v  -6.6198 9.0237 1.2147
v  -6.6218 9.0339 1.1711
v  -6.4584 9.0495 1.2146
v  -6.4587 9.0599 1.1713
v  -6.2990 9.0591 1.2148
v  -6.2981 9.0694 1.1712
v  -4.1441 9.0524 1.2107
v  -4.1441 9.0694 1.1713
v  -1.6784 9.0523 1.2127
v  -1.6787 9.0692 1.1742
v  -0.8324 9.0526 1.2116
v  -0.8324 9.0693 1.1728
v  -7.7380 6.0408 1.1710
v  -7.7350 6.0510 1.2107
v  -7.7648 6.0677 1.2107
v  -7.7707 6.0589 1.1710
v  -7.7863 6.0901 1.2099
v  -7.7952 6.0849 1.1695
v  -1.6584 6.1158 1.2229
v  -4.1446 6.1656 1.2240
v  -6.2989 6.1669 1.2240
v  -6.9938 6.1677 1.2452
v  -7.6760 7.5515 1.2811
v  -7.0146 7.6315 1.2658
v  -7.6682 7.7011 1.2821
v  -7.0026 7.7004 1.2666
v  -7.6457 7.8357 1.2828
v  -6.9832 7.7737 1.2671
v  -7.6099 7.9712 1.2833
v  -6.9573 7.8412 1.2679
v  -7.5605 8.1006 1.2837
v  -6.9276 7.9022 1.2682
v  -7.5017 8.2218 1.2840
v  -6.8907 7.9623 1.2687
v  -7.4311 8.3366 1.2842
v  -6.8472 8.0187 1.2689
v  -7.3486 8.4436 1.2843
v  -6.8024 8.0667 1.2692
v  -7.2627 8.5361 1.2843
v  -6.7517 8.1118 1.2697
v  -7.1645 8.6238 1.2843
v  -6.6908 8.1559 1.2696
v  -7.0529 8.7045 1.2843
v  -6.6246 8.1950 1.2699
v  -6.9303 8.7774 1.2842
v  -6.5720 8.2181 1.2694
v  -6.8238 8.8254 1.2841
v  -6.5173 8.2376 1.2696
v  -6.7178 8.8639 1.2840
v  -6.4536 8.2546 1.2695
v  -6.5932 8.8969 1.2839
v  -6.3784 8.2674 1.2696
v  -6.4472 8.9210 1.2839
v  -6.2997 8.9297 1.2839
v  -4.1441 8.9287 1.2838
v  -1.6775 8.9305 1.2837
v  -0.8323 8.9310 1.2836
v  -6.9938 6.1477 1.2450
v  -7.6706 6.1520 1.2782
v  -7.6657 6.1055 1.2685
v  -6.9973 6.1042 1.2373
v  -7.9990 6.0963 -0.0019
v  -7.9044 6.0971 0.0188
v  -7.8811 6.0969 0.0395
v  -7.9709 6.0976 -0.0019
v  -7.9321 6.0974 0.0048
v  -7.8520 6.2695 0.1367
v  -7.8170 6.2701 1.1392
v  -7.8661 6.0967 0.0619
v  -7.8576 6.0968 0.0845
v  -7.8531 6.0974 0.1110
v  -7.8161 6.2700 1.1658
v  -7.8056 6.2699 1.2103
v  -7.6727 6.2700 1.2778
v  -7.6725 6.1720 1.2782
v  -7.6976 6.0336 1.1691
v  -6.3019 6.0275 1.0873
v  -4.5735 6.0273 1.0845
v  -4.5732 6.0294 1.1126
v  -4.1448 6.0273 1.0845
v  -0.8334 5.9771 1.1104
v  -7.4936 5.9669 0.2742
v  -7.6094 5.9662 0.2643
v  -8.3047 5.8652 0.7104
v  -8.3243 5.8651 0.1483
v  -8.2769 6.1716 1.5078
v  -8.2768 5.8653 1.5081
v  -8.2074 6.1716 -0.0019
v  -8.2547 6.1715 0.0081
v  -8.2546 5.8652 0.0082
v  -8.2073 5.8652 -0.0019
v  -8.2533 3.5689 0.0081
v  -8.2078 3.5689 -0.0013
v  -1.5029 5.9278 0.3075
v  -1.3549 5.8161 -0.6485
v  -0.6840 5.8155 -0.6525
v  -0.7705 5.9269 0.2934
v  -1.2139 5.5052 -1.5506
v  -1.1577 5.3107 -1.9092
v  -0.5558 5.3100 -1.9115
v  -0.5950 5.5043 -1.5531
v  -0.8781 3.2862 -3.8029
v  -0.4116 3.2934 -3.7987
v  -0.4180 3.6124 -3.6111
v  -0.9058 3.6096 -3.6127
v  -0.9376 3.9208 -3.4041
v  -0.4269 3.9196 -3.4051
v  -0.4405 4.2432 -3.1532
v  -0.9772 4.2459 -3.1508
v  -0.8324 9.5778 0.1452
v  -0.8323 9.4629 -0.0027
v  -0.8323 9.5063 0.0067
v  -0.8323 9.2527 -0.0027
v  -0.8323 9.4349 -0.0027
v  -0.0000 9.1618 0.0159
v  -0.0000 9.1106 0.0845
v  -0.0000 9.1054 0.1367
v  -0.0000 9.2244 -0.0027
v  -0.0000 8.2546 1.2691
v  -0.8323 6.2694 1.2262
v  -0.0000 5.9757 1.0884
v  -0.8336 5.9868 1.1515
v  -0.0000 9.0541 1.2099
v  -0.0000 9.0695 1.1704
v  -0.8324 6.1239 1.2230
v  -0.0000 5.3096 -1.9133
v  -0.3927 2.5158 -4.1569
v  -0.4013 2.9104 -3.9903
v  -0.8463 2.9075 -3.9915
v  -0.8196 2.5171 -4.1561
v  -0.3850 0.8747 -4.5678
v  -0.3838 1.3209 -4.4971
v  -0.7706 1.3206 -4.4972
v  -0.7636 0.8731 -4.5679
v  -0.0000 3.9207 -3.4045
v  -0.6396 5.6847 -1.1112
v  -1.2825 5.6938 -1.1105
v  -0.4614 4.5465 -2.8784
v  -0.4870 4.8296 -2.5770
v  -1.0619 4.8318 -2.5742
v  -1.0206 4.5505 -2.8744
v  -0.3850 1.7612 -4.3977
v  -0.3873 2.1421 -4.2884
v  -0.7984 2.1433 -4.2877
v  -0.7837 1.7620 -4.3972
v  -0.3850 0.0930 -4.6294
v  -0.3865 0.1560 -4.6276
v  -0.7583 0.0188 -4.6300
v  -0.7550 -0.0566 -4.6315
v  -1.5670 5.9409 0.5203
v  -1.6792 5.8818 0.3411
v  -1.5306 5.9275 0.3030
v  -1.3827 5.8152 -0.6526
v  -1.4686 5.7924 -0.6473
v  -1.3898 5.6725 -1.1075
v  -1.3102 5.6925 -1.1143
v  -1.1353 5.0842 -2.2544
v  -1.2188 5.0650 -2.2430
v  -1.1702 4.8135 -2.5641
v  -1.0889 4.8299 -2.5764
v  -0.7916 0.8727 -4.5679
v  -0.8697 0.8701 -4.5531
v  -0.8688 0.5526 -4.5853
v  -0.7886 0.5803 -4.5999
v  -0.8476 2.5156 -4.1566
v  -0.9263 2.5078 -4.1431
v  -0.9031 2.1363 -4.2760
v  -0.8260 2.1421 -4.2881
v  -0.9655 3.9187 -3.4056
v  -1.0435 3.9086 -3.3893
v  -1.0114 3.5990 -3.5994
v  -0.9330 3.6077 -3.6139
v  -1.6684 5.8791 0.2839
v  -1.2417 5.5034 -1.5540
v  -1.3242 5.4818 -1.5468
v  -1.2665 5.2919 -1.9048
v  -1.1842 5.3090 -1.9121
v  -0.8117 1.7611 -4.3974
v  -0.8896 1.7566 -4.3849
v  -0.8750 1.3165 -4.4845
v  -0.7985 1.3200 -4.4973
v  -0.9061 3.2844 -3.8039
v  -0.9868 3.2746 -3.7875
v  -0.9530 2.8976 -3.9785
v  -0.8738 2.9058 -3.9923
v  -1.0484 4.5485 -2.8764
v  -1.1283 4.5319 -2.8608
v  -1.0820 4.2320 -3.1380
v  -1.0043 4.2439 -3.1525
v  -1.7479 5.7728 0.2795
v  -1.7633 5.7800 0.3272
v  -1.7746 5.7352 0.3253
v  -1.7581 5.7350 0.2780
v  -1.3971 5.4488 -1.5349
v  -1.4745 5.6190 -1.1076
v  -1.5247 5.5720 -1.0734
v  -1.4564 5.3885 -1.5075
v  -1.1984 4.5059 -2.8357
v  -1.2400 4.7842 -2.5409
v  -1.2996 4.7356 -2.4995
v  -1.2577 4.4606 -2.7894
v  -0.9376 -0.3157 -4.5744
v  -0.9377 -0.2714 -4.5740
v  -0.9851 -0.3527 -4.5175
v  -0.9848 -0.3943 -4.5184
v  -0.9558 1.7452 -4.3531
v  -0.9682 2.1229 -4.2446
v  -1.0301 2.1012 -4.1909
v  -1.0166 1.7234 -4.2929
v  -1.0560 3.2572 -3.7545
v  -1.0784 3.5817 -3.5679
v  -1.1384 3.5523 -3.5135
v  -1.1145 3.2285 -3.6971
v  -1.5411 5.7501 -0.6358
v  -1.7394 5.7743 0.2373
v  -1.7516 5.7327 0.2376
v  -1.6001 5.6804 -0.6169
v  -1.2916 5.0339 -2.2234
v  -1.3366 5.2595 -1.8881
v  -1.3971 5.2054 -1.8571
v  -1.3519 4.9790 -2.1846
v  -0.9361 0.8650 -4.5175
v  -0.9397 1.3083 -4.4513
v  -1.0004 1.2943 -4.3933
v  -0.9915 0.8584 -4.4581
v  -0.9939 2.4920 -4.1115
v  -1.0203 2.8810 -3.9460
v  -1.0782 2.8557 -3.8925
v  -1.0522 2.4683 -4.0577
v  -1.1116 3.8909 -3.3594
v  -1.1490 4.2099 -3.1101
v  -1.2090 4.1726 -3.0610
v  -1.1725 3.8588 -3.3046
v  -4.2021 5.9864 0.5457
v  -1.0286 0.8434 -4.3526
v  -1.1201 0.7102 -3.7747
v  -1.1155 0.3643 -3.8038
v  -1.0235 0.4737 -4.3849
v  -1.7612 5.4715 0.2715
v  -1.7622 5.6638 0.2778
v  -1.7781 5.6634 0.3248
v  -1.7786 5.4710 0.3259
v  -1.7558 5.4590 0.2377
v  -1.7558 5.6591 0.2377
v  -1.6552 5.2232 -0.3976
v  -1.5893 5.0263 -0.8138
v  -1.5551 5.4562 -1.0292
v  -1.6264 5.5639 -0.5791
v  -1.5258 4.7977 -1.2144
v  -1.4818 4.6345 -1.4920
v  -1.4334 5.1070 -1.7980
v  -1.4873 5.2833 -1.4572
v  -1.4403 4.4481 -1.7539
v  -1.3980 4.2305 -2.0210
v  -1.3343 4.6491 -2.4232
v  -1.3834 4.8844 -2.1136
v  -1.3589 3.9887 -2.2680
v  -1.3210 3.7467 -2.5068
v  -1.2472 4.1033 -2.9734
v  -1.2895 4.3811 -2.7060
v  -1.2867 3.4850 -2.7237
v  -1.2546 3.2177 -2.9260
v  -1.1770 3.4965 -3.4163
v  -1.2097 3.7979 -3.2096
v  -1.2274 2.9302 -3.0979
v  -1.1980 2.5684 -3.2832
v  -1.1170 2.8098 -3.7949
v  -1.1486 3.1767 -3.5956
v  -1.1747 2.1881 -3.4306
v  -1.1566 1.8659 -3.5443
v  -1.0705 2.0638 -4.0882
v  -1.0909 2.4269 -3.9598
v  -1.1431 1.5348 -3.6299
v  -1.1289 1.1257 -3.7192
v  -1.0392 1.2697 -4.2860
v  -1.0553 1.6895 -4.1841
v  -0.8686 -0.2112 -4.6163
v  -0.8693 -0.1754 -4.6153
v  -1.7085 5.8339 0.2530
v  -1.7781 5.6914 0.3247
v  -1.7619 5.6919 0.2763
v  -1.5533 5.4831 -1.0378
v  -1.4854 5.3091 -1.4687
v  -1.3313 4.6706 -2.4411
v  -1.2864 4.4012 -2.7254
v  -1.0159 -0.4047 -4.4327
v  -1.0158 -0.4385 -4.4333
v  -1.0657 2.0724 -4.1145
v  -1.0510 1.6964 -4.2110
v  -1.1730 3.5118 -3.4396
v  -1.1447 3.1904 -3.6198
v  -1.7558 5.6874 0.2377
v  -1.6254 5.5914 -0.5849
v  -1.4307 5.1315 -1.8118
v  -1.3808 4.9073 -2.1297
v  -1.0345 1.2750 -4.3132
v  -1.0239 0.8471 -4.3801
v  -1.1126 2.8218 -3.8199
v  -1.0862 2.4372 -3.9855
v  -1.2435 4.1218 -2.9943
v  -1.2060 3.8147 -3.2318
v  -1.8078 5.7386 0.3682
v  -1.7941 5.7924 0.3690
v  -1.8400 5.8094 0.3987
v  -1.8556 5.7549 0.3988
v  -1.8123 5.4714 0.3687
v  -1.8107 5.6642 0.3672
v  -1.8597 5.6649 0.3980
v  -1.8593 5.4714 0.3979
v  -1.7592 5.8495 0.3817
v  -1.7909 5.8623 0.4065
v  -1.8569 5.7386 0.3983
v  -1.7155 5.8369 0.2972
v  -1.7325 5.8399 0.3445
v  -1.6914 5.8860 0.3808
v  -1.7101 5.8935 0.4112
v  -1.7291 5.9038 0.4345
v  -1.8923 5.8292 0.4091
v  -1.9131 5.7683 0.4091
v  -1.9472 5.6631 0.4091
v  -1.9416 5.4713 0.4091
v  -1.8285 5.8815 0.4225
v  -1.9147 5.7402 0.4091
v  -1.7530 5.9130 0.4479
v  -1.1245 0.7069 -3.7472
v  -1.1518 0.6845 -3.6691
v  -1.1480 0.3444 -3.6983
v  -1.1200 0.3618 -3.7762
v  -1.7619 5.4435 0.2763
v  -1.7869 5.3453 0.2932
v  -1.7818 5.3333 0.2597
v  -1.7563 5.4303 0.2409
v  -1.6569 5.1975 -0.3864
v  -1.6807 5.1100 -0.3494
v  -1.6164 4.9193 -0.7616
v  -1.5912 5.0012 -0.8012
v  -1.5281 4.7734 -1.2006
v  -1.5552 4.6957 -1.1576
v  -1.5091 4.5321 -1.4286
v  -1.4842 4.6110 -1.4767
v  -1.4430 4.4256 -1.7372
v  -1.4698 4.3475 -1.6865
v  -1.4279 4.1369 -1.9498
v  -1.4009 4.2092 -2.0028
v  -1.3623 3.9686 -2.2486
v  -1.3917 3.9040 -2.1946
v  -1.3528 3.6686 -2.4231
v  -1.3243 3.7278 -2.4862
v  -1.2901 3.4675 -2.7019
v  -1.3200 3.4146 -2.6314
v  -1.2854 3.1524 -2.8284
v  -1.2583 3.2021 -2.9029
v  -1.2312 2.9164 -3.0737
v  -1.2583 2.8716 -2.9981
v  -1.2278 2.5171 -3.1815
v  -1.2020 2.5564 -3.2580
v  -1.1788 2.1781 -3.4047
v  -1.2059 2.1446 -3.3289
v  -1.1864 1.8275 -3.4404
v  -1.1608 1.8575 -3.5178
v  -1.1473 1.5281 -3.6029
v  -1.1751 1.5018 -3.5257
v  -1.1600 1.0962 -3.6137
v  -1.1332 1.1207 -3.6918
v  -1.1898 -0.4750 -3.6686
v  -1.1900 -0.4566 -3.6682
v  -1.2595 -0.4568 -3.6246
v  -1.2592 -0.4751 -3.6249
v  -1.7354 5.0414 -0.3280
v  -1.8377 5.2624 0.2699
v  -1.9048 5.2223 0.2753
v  -1.8195 4.9915 -0.3198
v  -1.6112 4.6375 -1.1260
v  -1.6711 4.8557 -0.7349
v  -1.7563 4.8084 -0.7211
v  -1.6942 4.5965 -1.1075
v  -1.5264 4.2837 -1.6574
v  -1.5657 4.4698 -1.3974
v  -1.6501 4.4243 -1.3820
v  -1.6103 4.2357 -1.6463
v  -1.4466 3.8490 -2.1620
v  -1.4834 4.0764 -1.9181
v  -1.5657 4.0298 -1.9046
v  -1.5263 3.8064 -2.1481
v  -1.3781 3.3718 -2.5827
v  -1.4095 3.6189 -2.3815
v  -1.4921 3.5810 -2.3592
v  -1.4620 3.3405 -2.5539
v  -1.3123 2.8327 -2.9439
v  -1.3411 3.1103 -2.7750
v  -1.4230 3.0776 -2.7412
v  -1.3906 2.8016 -2.9093
v  -1.2597 2.1180 -3.2736
v  -1.2805 2.4833 -3.1247
v  -1.3583 2.4562 -3.0871
v  -1.3368 2.0972 -3.2374
v  -1.2267 1.4766 -3.4686
v  -1.2385 1.8011 -3.3825
v  -1.3150 1.7790 -3.3439
v  -1.3011 1.4540 -3.4302
v  -1.2017 0.6612 -3.6103
v  -1.2104 1.0717 -3.5549
v  -1.2841 1.0489 -3.5142
v  -1.2742 0.6383 -3.5694
v  -1.1417 -0.4744 -3.7290
v  -1.1419 -0.4559 -3.7285
v  -1.8635 4.7878 -0.7237
v  -1.7970 4.5812 -1.1059
v  -1.7548 4.4039 -1.3870
v  -1.7145 4.2113 -1.6581
v  -1.6670 4.0045 -1.9145
v  -1.6231 3.7811 -2.1564
v  -1.5913 3.5608 -2.3619
v  -1.5643 3.3247 -2.5499
v  -1.5323 3.0541 -2.7368
v  -1.5015 2.7720 -2.9059
v  -1.4635 2.4343 -3.0782
v  -1.4313 2.0849 -3.2264
v  -1.4083 1.7638 -3.3317
v  -1.3930 1.4364 -3.4184
v  -1.3757 1.0294 -3.5011
v  -1.3648 0.6175 -3.5564
v  -5.2592 5.7226 -3.0056
v  -5.2036 5.7109 -3.0179
v  -5.1969 5.7130 -2.9894
v  -5.2525 5.7247 -2.9773
v  -4.2014 5.9214 0.4228
v  -4.2008 5.9658 0.4637
v  -4.5019 5.9695 0.3096
v  -4.5735 6.0401 1.1548
v  -4.5755 6.1658 1.2240
v  -5.0995 5.5395 -3.0030
v  -5.0998 4.1707 -3.0041
v  -4.9158 3.9254 -2.2278
v  -4.8023 4.3444 -1.7491
v  -5.0997 2.7769 -3.0029
v  -5.0831 2.7940 -2.9328
v  -5.0145 3.4417 -2.6439
v  -5.0998 3.5715 -3.0034
v  -4.6640 4.7327 -1.1663
v  -4.4664 5.1434 -0.3331
v  -4.3943 5.7610 -0.0291
v  -4.1655 5.2073 0.3034
v  -4.2205 5.2258 0.3223
v  -4.3635 4.9896 -0.2869
v  -4.3081 4.9792 -0.2896
v  -4.6450 4.2002 -1.6693
v  -4.5042 4.5750 -1.1020
v  -4.5632 4.5887 -1.0981
v  -4.7026 4.2155 -1.6688
v  -4.8368 3.3264 -2.5353
v  -4.7577 3.7995 -2.1383
v  -4.7967 3.8067 -2.1379
v  -4.8735 3.3350 -2.5290
v  -4.8799 2.7557 -2.7926
v  -4.9499 2.7586 -2.7876
v  -4.8897 1.8381 -2.9297
v  -4.8948 2.3137 -2.8953
v  -4.9530 2.3133 -2.8860
v  -4.9611 1.8341 -2.9158
v  -5.0984 2.3085 -2.9994
v  -4.9109 3.9053 -2.2087
v  -4.8820 3.8572 -2.1672
v  -4.7823 4.2823 -1.7016
v  -4.7984 4.3218 -1.7328
v  -4.1976 5.7870 0.4091
v  -4.2366 5.7878 0.4022
v  -4.2351 5.3948 0.4028
v  -4.1969 5.3947 0.4092
v  -1.9949 5.3922 0.4092
v  -1.9675 5.4157 0.4092
v  -1.9427 5.7408 0.4091
v  -4.2020 5.8665 0.4091
v  -4.1970 5.8150 0.4091
v  -4.2004 5.9842 0.5178
v  -4.2679 5.3954 0.3854
v  -4.2698 5.7881 0.3839
v  -4.2948 5.7869 0.3570
v  -4.2945 5.3946 0.3575
v  -5.1466 5.6791 -2.9991
v  -5.1125 5.6289 -3.0028
v  -4.4074 5.8451 -0.0383
v  -4.4441 5.8990 -0.0399
v  -4.4938 5.9313 -0.0368
v  -5.0992 5.5677 -3.0016
v  -4.3951 5.7889 -0.0326
v  -4.3116 5.7870 0.3192
v  -4.3131 5.3947 0.3134
v  -4.2354 5.8748 0.4049
v  -4.2363 5.8159 0.4023
v  -4.2950 5.8150 0.3567
v  -4.3078 5.8718 0.3517
v  -4.3218 5.8714 0.3213
v  -4.3119 5.8150 0.3182
v  -4.2701 5.8162 0.3837
v  -4.2805 5.8710 0.3816
v  -4.2399 5.9243 0.4190
v  -4.2539 5.9683 0.4599
v  -4.3598 5.9254 0.3154
v  -4.3384 5.9266 0.3550
v  -4.3855 5.9625 0.3610
v  -4.4106 5.9571 0.3125
v  -4.3016 5.9266 0.3925
v  -4.3309 5.9663 0.4212
v  -4.2666 5.9844 0.5095
v  -4.4364 5.9743 0.3737
v  -4.4754 5.9688 0.2997
v  -4.3552 5.9812 0.4663
v  -4.2793 4.9768 -0.2954
v  -3.5997 4.9743 -0.3016
v  -4.1419 5.1974 0.2756
v  -4.1970 5.3666 0.4092
v  -4.1910 5.3140 0.4034
v  -2.0239 5.3192 0.4027
v  -2.0254 5.3642 0.4092
v  -4.4116 5.0199 -0.2907
v  -4.2665 5.2624 0.3313
v  -4.2981 5.3109 0.3294
v  -4.4468 5.0644 -0.3028
v  -4.7491 4.2438 -1.6796
v  -4.6105 4.6185 -1.1068
v  -4.6447 4.6606 -1.1259
v  -4.9403 3.3533 -2.5447
v  -4.8383 3.8239 -2.1449
v  -4.9843 3.3789 -2.5777
v  -5.0088 2.7670 -2.8097
v  -5.0532 2.7791 -2.8524
v  -5.0218 1.8374 -2.9307
v  -5.0006 2.3116 -2.8957
v  -5.0461 2.3096 -2.9219
v  -5.0712 1.8415 -2.9675
v  -4.3119 5.3666 0.3183
v  -4.4638 5.1176 -0.3224
v  -4.6609 4.7081 -1.1529
v  -5.0090 3.4262 -2.6207
v  -5.0768 2.7861 -2.9063
v  -5.0860 2.3086 -2.9699
v  -5.1059 1.8465 -3.0298
v  -2.0230 5.2802 0.3850
v  -4.1843 5.2695 0.3832
v  -4.1759 5.2331 0.3499
v  -2.0229 5.2418 0.3509
v  -2.0217 5.2150 0.3029
v  -1.7786 5.4429 0.3259
v  -1.8031 5.3627 0.3399
v  -1.9930 5.2419 0.3509
v  -1.9177 5.2595 0.3534
v  -1.9300 5.2965 0.3864
v  -1.9929 5.2804 0.3850
v  -1.9465 5.3302 0.4030
v  -1.9929 5.3192 0.4026
v  -1.9671 5.3680 0.4092
v  -1.9928 5.3642 0.4092
v  -1.8773 5.3271 0.3833
v  -1.8542 5.2989 0.3498
v  -1.8343 5.3809 0.3773
v  -1.9057 5.3552 0.4021
v  -1.8740 5.3964 0.4001
v  -1.9398 5.3866 0.4092
v  -1.9221 5.4124 0.4092
v  -1.8123 5.4433 0.3688
v  -1.8593 5.4434 0.3979
v  -1.9174 5.4433 0.4092
v  -1.8423 5.2730 0.3008
v  -1.9087 5.2327 0.3051
v  -1.9923 5.2151 0.3029
v  -4.2826 5.3142 0.3593
v  -4.2944 5.3665 0.3578
v  -4.1895 5.2319 0.3469
v  -4.2099 5.2680 0.3788
v  -4.2258 5.3135 0.3981
v  -4.2021 5.2301 0.3410
v  -4.2340 5.2665 0.3683
v  -4.2537 5.2657 0.3522
v  -4.2131 5.2286 0.3329
v  -4.2575 5.3138 0.3827
v  -4.2678 5.3673 0.3855
v  -4.2353 5.3668 0.4027
v  -3.6050 4.5709 -1.0997
v  -2.6431 4.5738 -1.1015
v  -2.6641 4.9728 -0.3152
v  -3.6089 4.2008 -1.6632
v  -2.6351 4.2044 -1.6593
v  -3.5592 3.7913 -2.1422
v  -2.5768 3.7863 -2.1493
v  -3.4200 3.3222 -2.5601
v  -2.4359 3.3220 -2.5529
v  -3.0900 2.7646 -2.9279
v  -2.2395 2.7708 -2.9214
v  -2.6850 2.1017 -3.2302
v  -2.0019 2.0925 -3.2263
v  -0.7590 0.2867 -4.6209
v  -0.3876 0.3666 -4.6164
v  -0.3864 0.6212 -4.5962
v  -0.7603 0.5807 -4.6000
v  -0.7871 0.2865 -4.6207
v  -0.8711 0.2333 -4.6037
v  -0.8710 0.1246 -4.6083
v  -0.7861 0.1904 -4.6260
v  -0.9889 0.1327 -4.5050
v  -0.9386 0.1736 -4.5649
v  -0.9354 0.5203 -4.5493
v  -0.9882 0.4966 -4.4906
v  -1.0217 0.1015 -4.3958
v  -1.1133 0.0165 -3.8173
v  -1.1125 -0.1061 -3.8227
v  -1.0210 -0.0335 -4.4001
v  -1.0173 0.1028 -4.4235
v  -1.0189 0.4762 -4.4125
v  -1.1181 0.0150 -3.7897
v  -1.1477 0.0026 -3.7131
v  -1.1464 -0.1171 -3.7184
v  -1.1172 -0.1072 -3.7951
v  -1.2671 -0.0206 -3.6149
v  -1.1972 -0.0093 -3.6554
v  -1.1974 0.3267 -3.6391
v  -1.2689 0.3095 -3.5973
v  -1.3551 -0.0300 -3.6003
v  -1.3601 0.2943 -3.5835
v  -2.2683 1.4232 -3.4241
v  -1.7744 1.4303 -3.4241
v  -1.7599 0.5987 -3.5554
v  -1.5061 0.6081 -3.5558
v  -1.3942 0.6167 -3.5555
v  -1.3884 0.3021 -3.5825
v  -4.8892 0.1635 -2.8997
v  -4.9541 0.1636 -2.8882
v  -4.9580 -0.6533 -2.8764
v  -4.8808 -0.6532 -2.8895
v  -4.9495 1.3997 -2.9084
v  -4.8823 1.4016 -2.9248
v  -4.9502 0.8579 -2.8994
v  -4.8853 0.8580 -2.9144
v  -5.0197 -0.6533 -2.8946
v  -5.0177 0.1636 -2.9042
v  -5.0686 0.1635 -2.9443
v  -5.0678 -0.6533 -2.9343
v  -5.0152 1.3968 -2.9213
v  -5.0682 1.3936 -2.9588
v  -5.0139 0.8580 -2.9128
v  -5.0664 0.8580 -2.9503
v  -5.1019 0.1635 -3.0114
v  -5.0997 -0.6533 -3.0020
v  -5.1061 1.3898 -3.0297
v  -5.1034 0.8580 -3.0187
v  -5.2592 5.5655 -3.1452
v  -5.2207 5.6100 -3.1399
v  -5.2363 5.6232 -3.1385
v  -5.2084 5.5931 -3.1404
v  -5.2598 5.7098 -3.0566
v  -5.2106 5.6959 -3.0674
v  -5.1193 5.6268 -3.0314
v  -5.1384 5.6223 -3.0769
v  -5.1279 5.5652 -3.0807
v  -5.1060 5.5656 -3.0303
v  -5.2195 5.6665 -3.1079
v  -5.1904 5.6432 -3.1120
v  -5.1684 5.6655 -3.0743
v  -5.1681 5.6120 -3.1134
v  -5.2605 5.6842 -3.0972
v  -5.2595 5.6348 -3.1351
v  -5.1626 5.5646 -3.1181
v  -5.2053 5.5657 -3.1417
v  -5.1534 5.6770 -3.0277
v  -5.1279 5.5354 -3.0807
v  -5.1060 5.5358 -3.0303
v  -5.2053 5.5359 -3.1417
v  -5.1626 5.5348 -3.1181
v  -5.2592 5.5358 -3.1452
v  -5.1279 4.1705 -3.0807
v  -5.1281 3.5713 -3.0806
v  -5.1063 3.5715 -3.0307
v  -5.1063 4.1707 -3.0314
v  -5.2053 4.1710 -3.1417
v  -5.2054 3.5718 -3.1413
v  -5.1629 3.5707 -3.1178
v  -5.1626 4.1699 -3.1181
v  -5.2592 4.1708 -3.1452
v  -5.2592 3.5716 -3.1452
v  -5.1282 2.7768 -3.0805
v  -5.1062 2.7769 -3.0302
v  -5.2055 2.7773 -3.1412
v  -5.1630 2.7762 -3.1177
v  -5.2593 2.7771 -3.1452
v  -5.1283 2.3085 -3.0805
v  -5.1061 2.3084 -3.0299
v  -5.2055 2.3084 -3.1411
v  -5.1630 2.3085 -3.1176
v  -5.2593 2.3084 -3.1452
v  -5.1283 1.8464 -3.0804
v  -5.1284 1.3898 -3.0804
v  -5.2056 1.8469 -3.1410
v  -5.2056 1.3899 -3.1409
v  -5.1631 1.3897 -3.1175
v  -5.1631 1.8458 -3.1176
v  -5.2593 1.8467 -3.1452
v  -5.2593 1.3898 -3.1452
v  -5.1284 0.8580 -3.0803
v  -5.2056 0.8580 -3.1408
v  -5.1632 0.8580 -3.1174
v  -5.2594 0.8580 -3.1452
v  -5.1285 0.1635 -3.0803
v  -5.2057 0.1635 -3.1407
v  -5.1633 0.1635 -3.1173
v  -5.2595 0.1635 -3.1452
v  -5.1286 -0.6533 -3.0802
v  -5.2057 -0.6533 -3.1405
v  -5.1634 -0.6533 -3.1172
v  -5.2595 -0.6533 -3.1452
v  -1.3846 -0.0309 -3.5999
v  -1.9430 0.5931 -3.5557
v  -2.0603 0.5217 -3.5602
v  -1.3800 -0.1422 -3.6027
v  -2.7060 1.4155 -3.4226
v  -2.8747 1.3057 -3.4404
v  -3.3118 2.1063 -3.2217
v  -3.5524 1.9825 -3.2551
v  -3.8842 2.7556 -2.9293
v  -4.3478 3.3199 -2.5638
v  -4.8077 3.3258 -2.5401
v  -4.1467 2.5542 -3.0135
v  -4.7285 3.7961 -2.1414
v  -4.3389 -0.6549 -3.1147
v  -4.3411 0.1637 -3.1297
v  -4.8623 0.1634 -2.9116
v  -4.8538 -0.6532 -2.9016
v  -4.3408 0.8581 -3.1426
v  -4.8584 0.8576 -2.9266
v  -4.3344 1.4702 -3.1548
v  -4.8555 1.4016 -2.9369
v  -4.8628 1.8389 -2.9420
v  -4.0508 1.6414 -3.2353
v  -4.6385 2.1048 -3.0144
v  -4.8671 2.3147 -2.9054
v  -0.7587 0.1048 -4.6283
v  -0.3876 0.2204 -4.6247
v  -0.3875 0.2968 -4.6203
v  -0.7588 0.1958 -4.6261
v  -0.9871 -0.1291 -4.5131
v  -0.9384 -0.0710 -4.5718
v  -0.9381 0.0514 -4.5690
v  -0.9874 0.0018 -4.5097
v  -0.8714 0.0159 -4.6119
v  -1.0163 -0.1685 -4.4297
v  -1.0167 -0.0328 -4.4278
v  -1.2631 -0.2486 -3.6207
v  -1.1932 -0.2431 -3.6629
v  -1.1952 -0.1262 -3.6598
v  -1.2651 -0.1346 -3.6186
v  -1.1447 -0.2369 -3.7222
v  -1.3466 -0.2522 -3.6054
v  -1.3506 -0.1411 -3.6034
v  -0.7849 0.0943 -4.6282
v  -0.8710 -0.0929 -4.6134
v  -0.7837 -0.0019 -4.6302
v  -1.0207 -0.1689 -4.4019
v  -1.1118 -0.2286 -3.8269
v  -1.1112 -0.3509 -3.8307
v  -1.0205 -0.3045 -4.4034
v  -1.1164 -0.2295 -3.7992
v  -1.1431 -0.3567 -3.7257
v  -1.1157 -0.3518 -3.8031
v  -1.3761 -0.2523 -3.6046
v  -2.1505 0.4249 -3.5637
v  -2.2813 0.2995 -3.5616
v  -1.3791 -0.3606 -3.6057
v  -3.0278 1.1522 -3.4503
v  -3.2113 1.0081 -3.4390
v  -3.7774 1.8068 -3.2673
v  -4.3865 2.3461 -3.0399
v  -4.9713 -1.4926 -2.8725
v  -4.8778 -1.4918 -2.8845
v  -5.0687 -1.4914 -2.9316
v  -5.0286 -1.4903 -2.8947
v  -5.0971 -1.4918 -2.9911
v  -5.1287 -1.4853 -3.0802
v  -5.2058 -1.4853 -3.1403
v  -5.1634 -1.4854 -3.1171
v  -5.2595 -1.4853 -3.1452
v  -4.8508 -1.4920 -2.8965
v  -4.3428 -1.4921 -3.1050
v  -5.2890 5.6348 -3.1352
v  -5.2887 5.5655 -3.1452
v  -5.2893 5.7098 -3.0566
v  -5.2900 5.6841 -3.0973
v  -5.2887 5.7226 -3.0054
v  -6.2191 5.5356 -3.1452
v  -6.2190 3.5671 -3.1452
v  -5.2892 4.1708 -3.1452
v  -5.2892 5.5355 -3.1452
v  -5.2892 3.5716 -3.1452
v  -5.2892 2.7771 -3.1452
v  -6.2190 1.3763 -3.1452
v  -5.2892 2.3084 -3.1452
v  -5.2892 1.8467 -3.1452
v  -5.2892 1.3898 -3.1452
v  -5.2893 0.8580 -3.1452
v  -5.2894 0.1635 -3.1452
v  -6.2190 -0.6501 -3.1452
v  -5.2895 -0.6533 -3.1452
v  -5.2895 -1.4853 -3.1452
v  -2.4154 0.1637 -3.5514
v  -1.4778 -0.6252 -3.6056
v  -1.3762 -0.4670 -3.6064
v  -2.4340 -0.7078 -3.5463
v  -1.6489 -1.0276 -3.6009
v  -1.5791 -0.8233 -3.6031
v  -3.4045 0.8581 -3.4077
v  -3.4368 0.1639 -3.3922
v  -3.4576 -0.6414 -3.3738
v  -3.4606 -1.4916 -3.3653
v  -2.4297 -1.4912 -3.5398
v  -7.3703 5.7087 -3.0053
v  -7.3664 5.6960 -3.0574
v  -7.3058 5.7092 -3.0580
v  -7.3061 5.7226 -3.0056
v  -7.4417 5.6181 -3.0540
v  -7.4115 5.6640 -3.0562
v  -7.4201 5.6736 -3.0035
v  -7.4516 5.5652 -3.0540
v  -7.3068 5.6775 -3.1046
v  -7.3555 5.6662 -3.1043
v  -7.3360 5.6219 -3.1377
v  -7.3046 5.6300 -3.1374
v  -7.3888 5.6422 -3.1035
v  -7.4116 5.6085 -3.1024
v  -7.3656 5.5917 -3.1371
v  -7.3535 5.6092 -3.1374
v  -7.4189 5.5653 -3.1036
v  -7.3741 5.5645 -3.1358
v  -7.3061 5.5655 -3.1452
v  -7.2761 5.7092 -3.0580
v  -7.2761 5.7226 -3.0054
v  -7.2761 5.6777 -3.1045
v  -7.2761 5.6301 -3.1374
v  -7.2761 5.5655 -3.1452
v  -7.2761 5.5356 -3.1452
v  -7.2761 3.5688 -3.1452
v  -7.2761 1.3763 -3.1452
v  -7.2761 -0.6501 -3.1452
v  -0.9859 -0.2601 -4.5155
v  -0.9379 -0.1933 -4.5732
v  -1.0161 -0.3042 -4.4311
v  -1.2611 -0.3627 -3.6229
v  -1.1914 -0.3601 -3.6659
v  -1.3496 -0.3606 -3.6065
v  -0.7825 -0.0980 -4.6322
v  -0.7829 -0.0694 -4.6316
v  -1.1108 -0.4502 -3.8335
v  -1.1107 -0.4726 -3.8342
v  -1.0205 -0.4400 -4.4035
v  -1.0205 -0.4127 -4.4035
v  -1.1150 -0.4741 -3.8065
v  -1.1154 -0.4520 -3.8048
v  -4.8515 2.7568 -2.8008
v  -4.9805 -2.5054 -2.8817
v  -4.8911 -2.5053 -2.8877
v  -5.0720 -2.5054 -2.9415
v  -5.0344 -2.5054 -2.9055
v  -5.0992 -2.5054 -2.9994
v  -5.1306 -2.5053 -3.0826
v  -5.2135 -2.5053 -3.1426
v  -5.1691 -2.5053 -3.1209
v  -5.2709 -2.5053 -3.1452
v  -6.2191 -2.5036 -3.1452
v  -5.3009 -2.5053 -3.1452
v  -7.2759 -2.5034 -3.1452
v  -8.3243 -3.8239 0.1511
v  -8.3243 -6.2120 0.1513
v  -8.3253 -3.8239 0.1230
v  -8.3178 -3.8239 0.0770
v  -8.3178 -2.5034 0.0768
v  -8.3253 -2.5034 0.1229
v  -7.9068 -2.5033 0.0001
v  -8.1792 -2.5033 0.0001
v  -7.8370 -2.5033 0.0079
v  -7.8571 -2.5033 0.0022
v  -7.7760 -2.5033 0.0601
v  -7.7874 -2.5033 0.0436
v  -7.8017 -2.5033 0.0289
v  -7.8182 -2.5033 0.0170
v  -7.7485 -3.8239 0.0931
v  -7.7449 -2.5033 0.0959
v  -7.5403 -3.8239 -0.0323
v  -7.5373 -3.8239 -0.1488
v  -7.5372 -2.5033 -0.1505
v  -7.5403 -2.5033 -0.0341
v  -7.8788 -2.5033 0.0001
v  -8.3253 1.3764 0.1217
v  -8.3178 1.3764 0.0758
v  -8.3177 3.5689 0.0751
v  -8.3253 3.5689 0.1208
v  -7.7451 1.3764 0.0949
v  -7.7480 3.5686 0.0919
v  -7.7448 -0.6501 0.0955
v  -7.3057 -0.6501 -3.1452
v  -7.3664 -0.6501 -3.1357
v  -7.3487 -2.5032 -3.1087
v  -7.3027 -2.5033 -3.1452
v  -7.3061 1.3763 -3.1452
v  -7.3623 1.3763 -3.1304
v  -7.3041 3.5688 -3.1452
v  -7.3520 3.5689 -3.1073
v  -7.3740 5.5346 -3.1358
v  -7.3061 5.5356 -3.1452
v  -7.3808 -3.8238 -3.0683
v  -7.3810 -2.5031 -3.0682
v  -7.3976 -2.5027 -3.0224
v  -7.3976 -3.8239 -3.0225
v  -7.4181 -0.6501 -3.1013
v  -7.4073 1.3763 -3.0920
v  -7.4460 1.3763 -3.0472
v  -7.4518 -0.6501 -3.0497
v  -7.3825 3.5689 -3.0667
v  -7.3979 3.5689 -3.0221
v  -7.4189 5.5353 -3.1035
v  -7.4516 5.5352 -3.0540
v  -7.3486 -3.8237 -3.1085
v  -7.4013 -2.5023 -2.9792
v  -7.4013 -3.8238 -2.9787
v  -7.4675 1.3763 -2.9925
v  -7.4632 -0.6501 -2.9905
v  -7.4012 3.5688 -2.9825
v  -7.4635 5.5357 -2.9979
v  -6.2190 -3.8236 -3.1452
v  -6.2190 -6.4178 -3.1452
v  -5.2638 -4.8647 -3.1452
v  -5.2896 -4.6098 -3.1452
v  -7.2760 -3.8237 -3.1452
v  -7.2756 -6.4209 -3.1452
v  -7.3643 -6.4178 -3.1373
v  -7.3056 -6.4177 -3.1452
v  -7.3033 -3.8237 -3.1452
v  -7.4511 -6.4179 -3.0524
v  -7.4157 -6.4178 -3.1041
v  -7.4634 -6.4171 -2.9960
v  -4.1572 -5.7500 -3.1452
v  -4.4022 -5.7287 -3.1452
v  -4.1559 -6.4560 -3.1452
v  -5.1825 -5.1107 -3.1452
v  -5.0180 -5.3679 -3.1452
v  -4.7585 -5.5863 -3.1452
v  -3.7424 -5.7500 -3.1452
v  -4.1559 -8.6564 -0.1516
v  -2.0780 -8.6564 -0.1515
v  -2.0780 -8.7564 -2.9947
v  -4.1559 -8.7564 -2.9947
v  -4.1559 -8.6262 0.7085
v  -4.1559 -8.5979 1.5145
v  -4.1559 -8.7574 -3.0228
v  -4.1559 -8.7493 -3.0724
v  -6.3000 -8.7495 -3.0725
v  -6.2994 -8.7574 -3.0228
v  -6.2975 -8.6092 -3.1480
v  -4.1558 -8.6098 -3.1452
v  -7.3120 -6.5539 -3.1452
v  -7.3917 -6.6563 -3.1452
v  -7.1339 -6.9732 -3.1452
v  -7.5324 -6.6872 -3.1481
v  -7.5447 -6.6326 -3.1345
v  -7.6547 -6.6323 -3.1368
v  -7.6699 -6.6892 -3.1485
v  -7.4110 -6.6325 -3.1483
v  -7.4476 -6.5890 -3.1361
v  -7.7419 -6.5839 -3.1375
v  -7.7760 -6.6323 -3.1452
v  -7.3391 -6.5375 -3.1452
v  -7.3904 -6.5135 -3.1356
v  -7.6425 -6.5817 -3.1031
v  -7.5565 -6.5854 -3.1015
v  -7.5665 -6.5534 -3.0526
v  -7.6353 -6.5474 -3.0520
v  -7.4804 -6.5519 -3.1038
v  -7.5053 -6.5279 -3.0548
v  -7.7082 -6.5448 -3.1043
v  -7.6830 -6.5199 -3.0529
v  -7.4348 -6.4934 -3.1027
v  -7.4662 -6.4807 -3.0530
v  -7.5718 -6.5423 -2.9959
v  -7.6349 -6.5351 -2.9927
v  -7.5154 -6.5195 -2.9982
v  -7.6705 -6.5141 -2.9904
v  -7.4777 -6.4760 -2.9972
v  -7.7961 -6.6555 -3.1452
v  -7.8624 -6.5665 -3.1452
v  -8.2864 -6.5665 -3.1452
v  -8.3164 -6.6799 -3.1452
v  -8.2864 -6.6780 -3.1452
v  -7.6779 -6.7192 -3.1452
v  -7.5214 -6.7020 -3.1485
v  -6.2191 5.5655 -3.1452
v  -5.2596 -4.6082 -3.1452
v  -5.2343 -4.8584 -3.1452
v  -5.1534 -5.0966 -3.1452
v  -4.9920 -5.3444 -3.1452
v  -4.7385 -5.5604 -3.1452
v  -4.3951 -5.6992 -3.1452
v  -4.1559 -5.7201 -3.1452
v  -3.7424 -5.7201 -3.1452
v  -4.1558 -8.6397 -3.1452
v  -6.5462 -8.5845 -3.1480
v  -6.9834 -8.4699 -3.1452
v  -7.1909 -8.3840 -3.1452
v  -7.3805 -8.2652 -3.1452
v  -7.5658 -8.1234 -3.1452
v  -7.7241 -7.9513 -3.1452
v  -7.9145 -7.7397 -3.1452
v  -8.0402 -7.5295 -3.1452
v  -8.1522 -7.2927 -3.1452
v  -8.2395 -7.0568 -3.1452
v  -8.2677 -6.8627 -3.1452
v  -7.6822 -6.9187 -3.1452
v  -8.3959 -6.4498 -3.0011
v  -8.3018 -6.4026 -0.1799
v  -8.3277 -6.4419 -0.1780
v  -8.4226 -6.4870 -2.9989
v  -8.3008 -6.4021 -0.1519
v  -8.3000 -6.3952 -0.0986
v  -8.3251 -6.4343 -0.0915
v  -8.3266 -6.4409 -0.1500
v  -8.2991 -6.3802 -0.0614
v  -8.3236 -6.4164 -0.0434
v  -8.2955 -6.3453 -0.0182
v  -8.3208 -6.3746 0.0094
v  -8.2932 -6.3010 0.0139
v  -8.3189 -6.3217 0.0484
v  -8.2923 -6.2528 0.0320
v  -8.3178 -6.2632 0.0708
v  -8.2923 -6.2091 0.0372
v  -8.3177 -6.2096 0.0774
v  -8.2923 -3.8239 0.0366
v  -8.2924 -0.6501 0.0360
v  -8.2924 1.3764 0.0355
v  -8.3178 -0.6501 0.0764
v  -0.8323 9.5457 0.0335
v  -0.8323 9.5708 0.0733
v  -6.5039 9.5339 0.0335
v  -6.2995 9.5456 0.0335
v  -6.2994 9.5709 0.0734
v  -6.5060 9.5595 0.0735
v  -6.7061 9.5034 0.0335
v  -6.7100 9.5287 0.0734
v  -6.8989 9.4526 0.0335
v  -6.9056 9.4772 0.0734
v  -7.0820 9.3844 0.0330
v  -7.0939 9.4071 0.0730
v  -7.2536 9.3015 0.0329
v  -7.2661 9.3239 0.0728
v  -7.4140 9.2035 0.0332
v  -7.4281 9.2248 0.0730
v  -7.5638 9.0905 0.0329
v  -7.5800 9.1106 0.0731
v  -7.7022 8.9660 0.0341
v  -7.7201 8.9835 0.0740
v  -7.8299 8.8256 0.0339
v  -7.8493 8.8417 0.0737
v  -7.9451 8.6726 0.0341
v  -7.9651 8.6879 0.0739
v  -8.0428 8.5140 0.0344
v  -8.0646 8.5259 0.0741
v  -8.1266 8.3428 0.0342
v  -8.1493 8.3536 0.0742
v  -8.1965 8.1562 0.0341
v  -8.2206 8.1634 0.0742
v  -8.2483 7.9601 0.0344
v  -8.2728 7.9655 0.0744
v  -8.2803 7.7586 0.0347
v  -8.3051 7.7609 0.0747
v  -8.2921 7.5527 0.0338
v  -8.2933 6.1715 0.0354
v  -8.4014 -6.6789 -3.1121
v  -8.3991 -6.5598 -3.1145
v  -8.4255 -6.5598 -3.0752
v  -8.4267 -6.6768 -3.0720
v  -8.3463 -7.0962 -3.1121
v  -8.3856 -6.8896 -3.1095
v  -8.4086 -6.8954 -3.0701
v  -8.3686 -7.1099 -3.0726
v  -8.1497 -7.6035 -3.1181
v  -8.2664 -7.3576 -3.1159
v  -8.2900 -7.3735 -3.0759
v  -8.1737 -7.6212 -3.0778
v  -7.8480 -8.0345 -3.1162
v  -8.0169 -7.8316 -3.1180
v  -8.0391 -7.8508 -3.0780
v  -7.8674 -8.0544 -3.0766
v  -7.4683 -8.3667 -3.1124
v  -7.6722 -8.2167 -3.1141
v  -7.6888 -8.2376 -3.0744
v  -7.4822 -8.3885 -3.0725
v  -7.0363 -8.5868 -3.1124
v  -7.2617 -8.4948 -3.1121
v  -7.2731 -8.5179 -3.0721
v  -7.0453 -8.6113 -3.0724
v  -6.3004 -8.7237 -3.1125
v  -6.5627 -8.7032 -3.1145
v  -6.5665 -8.7302 -3.0738
v  -8.3992 -6.5362 -3.1144
v  -8.3969 -6.5111 -3.1127
v  -8.4242 -6.5348 -3.0780
v  -8.3963 -6.4539 -3.0568
v  -8.3963 -6.4629 -3.0762
v  -8.3585 -6.4431 -3.0888
v  -8.3587 -6.4314 -3.0633
v  -8.3965 -6.4767 -3.0927
v  -8.3967 -6.4931 -3.1050
v  -8.3586 -6.4828 -3.1266
v  -8.3586 -6.4610 -3.1107
v  -8.3967 -6.4502 -3.0292
v  -8.3593 -6.4265 -3.0297
v  -4.1441 9.5455 0.0335
v  -1.6834 9.5454 0.0335
v  -1.6837 9.5706 0.0733
v  -4.1441 9.5707 0.0735
v  -8.2933 5.8651 0.0355
v  -8.3179 5.8651 0.0751
v  -8.2924 3.5689 0.0351
v  -8.2924 -2.5034 0.0364
v  -8.2530 -2.5034 0.0093
v  -4.1559 -8.7235 -3.1124
v  -4.1558 -8.6857 -3.1383
v  -8.3621 -6.6802 -3.1392
v  -8.3362 -6.4872 -0.1755
v  -8.4334 -6.5358 -2.9975
v  -8.3332 -6.4788 -0.0918
v  -8.3353 -6.4855 -0.1475
v  -8.3302 -6.4472 -0.0141
v  -8.3280 -6.4012 0.0455
v  -8.3265 -6.3437 0.0887
v  -8.3256 -6.2792 0.1132
v  -8.3253 -6.2100 0.1233
v  -8.3253 -0.6501 0.1225
v  -0.8323 9.5787 0.1171
v  -6.2992 9.5787 0.1195
v  -6.5064 9.5671 0.1194
v  -6.7104 9.5349 0.1194
v  -6.9070 9.4835 0.1192
v  -7.0976 9.4126 0.1192
v  -7.2691 9.3298 0.1187
v  -7.4322 9.2313 0.1185
v  -7.5854 9.1179 0.1185
v  -7.7266 8.9898 0.1189
v  -7.8561 8.8476 0.1186
v  -7.9718 8.6939 0.1186
v  -8.0721 8.5300 0.1189
v  -8.1563 8.3574 0.1195
v  -8.2284 8.1655 0.1196
v  -8.2807 7.9673 0.1197
v  -8.3134 7.7616 0.1198
v  -8.4344 -6.5621 -3.0261
v  -8.4345 -6.6750 -3.0232
v  -8.4161 -6.8978 -3.0226
v  -8.3752 -7.1162 -3.0246
v  -8.2975 -7.3806 -3.0264
v  -8.1819 -7.6289 -3.0274
v  -8.0467 -7.8587 -3.0278
v  -7.8738 -8.0622 -3.0276
v  -7.6939 -8.2450 -3.0272
v  -7.4862 -8.3957 -3.0266
v  -7.2741 -8.5215 -3.0256
v  -7.0484 -8.6206 -3.0253
v  -6.5676 -8.7383 -3.0234
v  -1.6838 9.5787 0.1163
v  -4.1441 9.5786 0.1223
v  -8.3253 5.8651 0.1203
v  -8.2073 -2.5033 0.0001
v  -0.6579 -5.6908 -3.1459
v  -1.7577 -5.6898 -3.1458
v  -1.7577 -5.7201 -3.1452
v  -0.6580 -5.7201 -3.1452
v  -4.1559 -5.6024 -3.0960
v  -4.3630 -5.5725 -3.0864
v  -4.3698 -5.5983 -3.1140
v  -4.1555 -5.6277 -3.1185
v  -4.6617 -5.4445 -3.0715
v  -4.6759 -5.4664 -3.1063
v  -4.8831 -5.2510 -3.0612
v  -4.9022 -5.2666 -3.1008
v  -5.0118 -5.0466 -3.0489
v  -5.0349 -5.0517 -3.0943
v  -5.0820 -4.8418 -3.0386
v  -5.1049 -4.8391 -3.0878
v  -5.1065 -4.6089 -3.0298
v  -5.1291 -4.6087 -3.0799
v  -4.1553 -5.6563 -3.1350
v  -3.7424 -5.6568 -3.1353
v  -3.7424 -5.6280 -3.1188
v  -4.3776 -5.6289 -3.1341
v  -4.3863 -5.6635 -3.1457
v  -4.1553 -5.6877 -3.1452
v  -4.6937 -5.4938 -3.1323
v  -4.7152 -5.5268 -3.1462
v  -4.9271 -5.2878 -3.1311
v  -4.9589 -5.3154 -3.1467
v  -5.0672 -5.0623 -3.1285
v  -5.1096 -5.0783 -3.1461
v  -5.1402 -4.8417 -3.1241
v  -5.1861 -4.8494 -3.1444
v  -5.1638 -4.6091 -3.1167
v  -5.2060 -4.6086 -3.1396
v  -3.7424 -5.6881 -3.1453
v  -3.7424 -5.6016 -3.0976
v  -4.1503 -5.5659 -3.0661
v  -4.3530 -5.5392 -3.0545
v  -4.6402 -5.4170 -3.0334
v  -4.8549 -5.2322 -3.0156
v  -4.9796 -5.0382 -2.9967
v  -5.0489 -4.8422 -2.9794
v  -5.0732 -4.6091 -2.9653
v  -4.3411 -5.4999 -3.0336
v  -4.1448 -5.5255 -3.0491
v  -4.1396 -5.4811 -3.0443
v  -4.3284 -5.4555 -3.0252
v  -4.6130 -5.3832 -3.0078
v  -4.5820 -5.3430 -2.9975
v  -4.8171 -5.2072 -2.9843
v  -4.7721 -5.1757 -2.9710
v  -4.9339 -5.0222 -2.9621
v  -4.8781 -4.9999 -2.9480
v  -4.9976 -4.8383 -2.9403
v  -4.9335 -4.8281 -2.9253
v  -5.0193 -4.6098 -2.9241
v  -4.9529 -4.6107 -2.9095
v  -4.1353 -5.4351 -3.0528
v  -4.3160 -5.4088 -3.0313
v  -4.5503 -5.2996 -3.0049
v  -4.7248 -5.1402 -2.9789
v  -4.8187 -4.9735 -2.9588
v  -4.8652 -4.8118 -2.9394
v  -4.8857 -4.6103 -2.9247
v  -3.7424 -5.4822 -3.0659
v  -3.7423 -5.4390 -3.0786
v  -3.7424 -5.5609 -3.0747
v  -3.7424 -5.5215 -3.0653
v  -2.8011 -5.7500 -3.1452
v  -1.7577 -5.7500 -3.1452
v  -2.8010 -5.7201 -3.1452
v  -2.8010 -5.6577 -3.1357
v  -1.7577 -5.6588 -3.1362
v  -1.7577 -5.6295 -3.1200
v  -2.8010 -5.6287 -3.1193
v  -2.8010 -5.6889 -3.1455
v  -1.7577 -5.6033 -3.0982
v  -2.8010 -5.6023 -3.0981
v  -2.8010 -5.4825 -3.0662
v  -1.7577 -5.4820 -3.0596
v  -1.7577 -5.4326 -3.0740
v  -2.8010 -5.4372 -3.0800
v  -2.8010 -5.5610 -3.0748
v  -1.7577 -5.5624 -3.0722
v  -1.7577 -5.5228 -3.0606
v  -2.8010 -5.5218 -3.0655
v  -0.6574 -5.2881 -3.1261
v  -1.6823 -5.2896 -3.1362
v  -1.7577 -5.4056 -3.0860
v  -0.6580 -5.4002 -3.0774
v  -2.1525 -4.4909 -3.4032
v  -1.3208 -4.4972 -3.3951
v  -0.9136 -3.6326 -3.5501
v  -1.5409 -3.6251 -3.5507
v  -2.7997 -5.2897 -3.1442
v  -0.6236 -3.0831 -3.5970
v  -0.9658 -2.9061 -3.6025
v  -2.0550 -3.6195 -3.5488
v  -2.1557 -3.5636 -3.5511
v  -3.0546 -4.3993 -3.4112
v  -2.8713 -4.4825 -3.4009
v  -3.8795 -5.1516 -3.1714
v  -3.5916 -5.2873 -3.1441
v  -1.1947 -2.7248 -3.6057
v  -4.3768 -4.3094 -3.1344
v  -4.8589 -4.6082 -2.9369
v  -4.8388 -4.8055 -2.9513
v  -4.3351 -4.4644 -3.1532
v  -3.2418 -4.2114 -3.4157
v  -2.2743 -3.4194 -3.5546
v  -2.3360 -3.2935 -3.5556
v  -3.3614 -4.0583 -3.4096
v  -4.1030 -4.9143 -3.1848
v  -4.2334 -4.6876 -3.1802
v  -1.3199 -2.5711 -3.6065
v  -3.4472 -3.8870 -3.3970
v  -2.3850 -3.1601 -3.5539
v  -2.4237 -3.0642 -3.5499
v  -3.4794 -3.7372 -3.3900
v  -1.4445 -2.4170 -3.6056
v  -4.1339 -5.4070 -3.0616
v  -3.7426 -5.4119 -3.0902
v  -4.7936 -4.9616 -2.9695
v  -4.7033 -5.1218 -2.9884
v  -4.5353 -5.2754 -3.0136
v  -4.3088 -5.3813 -3.0400
v  -0.6580 -5.7500 -3.1452
v  0.0000 -5.7500 -3.1452
v  -0.6579 -5.6599 -3.1367
v  -0.6579 -5.6304 -3.1206
v  0.0000 -5.6049 -3.0986
v  -0.6580 -5.6043 -3.0985
v  -0.6580 -5.4814 -3.0521
v  -0.6580 -5.4272 -3.0655
v  -0.6580 -5.5642 -3.0690
v  -0.6580 -5.5241 -3.0546
v  -2.8011 -5.4102 -3.0919
v  0.0000 -5.3977 -3.0746
v  0.0000 -5.2879 -3.1225
v  -0.5232 -4.5022 -3.3852
v  -0.3977 -3.6390 -3.5460
v  -0.2994 -3.1678 -3.5927
v  -1.1276 -2.4077 -3.8193
v  -1.2172 -2.2876 -3.8160
v  -1.2374 -2.2991 -3.7374
v  -1.1442 -2.4226 -3.7407
v  -2.4503 -2.0279 -3.5413
v  -1.6827 -1.8193 -3.5995
v  -1.7099 -1.4910 -3.5979
v  -3.4844 -2.2596 -3.3646
v  -4.3824 -2.4601 -3.1005
v  -4.8642 -2.5055 -2.8990
v  -4.9756 -3.6397 -2.8969
v  -4.9011 -3.6364 -2.9025
v  -5.0747 -3.6383 -2.9567
v  -5.0323 -3.6385 -2.9181
v  -5.1037 -3.6383 -3.0184
v  -5.1321 -3.6361 -3.0844
v  -5.2173 -3.6358 -3.1434
v  -5.1718 -3.6364 -3.1226
v  -5.2768 -3.6358 -3.1452
v  -5.3068 -3.6369 -3.1452
v  -7.4019 -2.5024 -2.9606
v  -7.4641 -0.6501 -2.9634
v  -7.5365 -0.6501 -0.1806
v  -7.5365 -2.5033 -0.1805
v  -7.5410 -2.5033 -0.0060
v  -7.5410 -0.6501 -0.0062
v  -7.5475 -0.6501 0.0359
v  -7.5474 -2.5033 0.0361
v  -2.4585 -2.5641 -3.5441
v  -1.5905 -2.1311 -3.6028
v  -3.4997 -3.0275 -3.3737
v  -4.4082 -3.4279 -3.1090
v  -4.8746 -3.6361 -2.9146
v  -1.6900 -1.2392 -3.5992
v  -0.2734 -2.9888 -3.6650
v  -0.2675 -2.9428 -3.7322
v  -0.5407 -2.8646 -3.7349
v  -0.5566 -2.9119 -3.6651
v  -0.8120 -2.7240 -3.7363
v  -0.8463 -2.7602 -3.6688
v  -1.0404 -2.5380 -3.7402
v  -1.0706 -2.5784 -3.6716
v  -1.1801 -2.4543 -3.6739
v  -1.2809 -2.3233 -3.6704
v  -1.3713 -2.0402 -3.7355
v  -1.4188 -2.0590 -3.6667
v  -1.4504 -1.7626 -3.7356
v  -1.4984 -1.7750 -3.6672
v  -1.4743 -1.4912 -3.7393
v  -1.5224 -1.4914 -3.6694
v  -1.4620 -1.2911 -3.7363
v  -1.5090 -1.2794 -3.6686
v  -1.4241 -1.1018 -3.7354
v  -1.4724 -1.0857 -3.6661
v  -1.3593 -0.9138 -3.7356
v  -1.4055 -0.8903 -3.6666
v  -1.2757 -0.7454 -3.7366
v  -1.3208 -0.7214 -3.6685
v  -1.1879 -0.6151 -3.7409
v  -1.2285 -0.5855 -3.6721
v  -0.2649 -2.9219 -3.8105
v  -0.5353 -2.8433 -3.8159
v  -0.7954 -2.7080 -3.8159
v  -1.0278 -2.5194 -3.8160
v  -1.3495 -2.0323 -3.8153
v  -1.4291 -1.7566 -3.8161
v  -1.4543 -1.4913 -3.8161
v  -1.4412 -1.2970 -3.8161
v  -1.4024 -1.1088 -3.8162
v  -1.3390 -0.9274 -3.8197
v  -1.2532 -0.7555 -3.8219
v  -1.1697 -0.6286 -3.8228
v  -1.1436 -0.5079 -3.7312
v  -1.1176 -0.5118 -3.8097
v  -1.2183 -0.5711 -3.6721
v  -1.1778 -0.6012 -3.7411
v  -1.1613 -0.5722 -3.7381
v  -1.2061 -0.5489 -3.6707
v  -1.2773 -0.5269 -3.6247
v  -1.2704 -0.5148 -3.6243
v  -1.2611 -0.4888 -3.6245
v  -1.1132 -0.5096 -3.8373
v  -1.0238 -0.4806 -4.4061
v  -1.0195 -0.4802 -4.4348
v  -0.9820 -0.4424 -4.5347
v  -0.9981 -0.5371 -4.6528
v  -0.9034 -0.4601 -4.7597
v  -0.9055 -0.4446 -4.6964
v  -0.9905 -0.5172 -4.6054
v  -0.8488 -0.2788 -4.6356
v  -0.7313 -0.1599 -4.6460
v  -0.9241 -0.3694 -4.5970
v  -0.3849 0.0574 -4.6303
v  -0.7502 -0.0818 -4.6320
v  -0.3794 -0.0223 -4.6452
v  -1.1502 -0.5408 -3.7341
v  -1.1405 -0.5837 -3.8191
v  -1.1261 -0.5487 -3.8141
v  -1.1919 -0.5003 -3.6689
v  -1.1977 -0.5250 -3.6693
v  -1.2653 -0.5019 -3.6242
v  -1.1216 -0.5465 -3.8417
v  -1.1362 -0.5823 -3.8468
v  -1.0501 -0.5563 -4.4153
v  -1.0336 -0.5192 -4.4101
v  -1.0296 -0.5187 -4.4382
v  -1.0454 -0.5543 -4.4442
v  -0.9830 -0.4832 -4.5663
v  -0.9111 -0.4116 -4.6409
v  -0.8288 -0.3339 -4.6812
v  -0.8204 -0.3765 -4.7424
v  -0.6706 -0.2737 -4.7575
v  -0.6939 -0.2271 -4.6913
v  -0.3624 -0.0966 -4.6911
v  -0.3489 -0.1478 -4.7606
v  -0.0000 -0.1019 -4.7572
v  -0.0000 -0.0502 -4.6901
v  -1.1605 -0.6159 -3.8228
v  -1.1576 -0.6162 -3.8507
v  -1.0731 -0.5908 -4.4238
v  -1.0692 -0.5896 -4.4496
v  -0.3384 -0.1719 -4.8509
v  -0.0000 -0.1273 -4.8430
v  -1.8262 4.5800 -1.1098
v  -1.8930 4.7882 -0.7282
v  -4.4753 4.5716 -1.1071
v  -1.7437 4.2095 -1.6615
v  -1.7843 4.4021 -1.3906
v  -4.6161 4.1960 -1.6732
v  -1.6523 3.7791 -2.1593
v  -1.6965 4.0032 -1.9182
v  -1.5937 3.3229 -2.5521
v  -1.6208 3.5582 -2.3636
v  -1.5309 2.7699 -2.9078
v  -1.5620 3.0521 -2.7389
v  -1.4607 2.0830 -3.2271
v  -1.4932 2.4326 -3.0805
v  -1.4225 1.4350 -3.4186
v  -1.4382 1.7620 -3.3320
v  -1.4053 1.0284 -3.5009
v  -1.9558 4.9705 -0.3325
v  -2.0190 5.2053 0.2750
v  -0.9016 -0.4688 -4.8488
v  -0.8179 -0.4002 -4.8491
v  -1.8104 5.6922 0.3670
v  -1.8598 5.6930 0.3980
v  -1.9174 5.6917 0.4091
v  0.0000 -2.9439 -3.8373
v  -0.2480 -2.8330 -4.8491
v  -0.5018 -2.7601 -4.8491
v  -0.7459 -2.6337 -4.8489
v  -0.9639 -2.4568 -4.8492
v  -1.0578 -2.3522 -4.8511
v  -1.1411 -2.2389 -4.8493
v  -1.2654 -2.0001 -4.8491
v  -1.3409 -1.7413 -4.8494
v  -1.3639 -1.4918 -4.8494
v  -1.3518 -1.3103 -4.8494
v  -1.3161 -1.1335 -4.8495
v  -1.2573 -0.9630 -4.8495
v  -1.1765 -0.8017 -4.8495
v  -1.0751 -0.6524 -4.8494
v  -1.0035 -0.5687 -4.8489
v  -7.3399 5.9448 -0.0205
v  -4.4597 5.9755 0.3896
v  -4.3726 5.9829 0.4889
v  -4.2747 5.9865 0.5366
v  -1.1074 5.0861 -2.2517
v  -0.0000 0.1017 -4.6293
v  -5.2814 5.7247 -2.9775
v  -7.6697 -6.5149 -2.9624
v  -7.6335 -6.5355 -2.9647
v  -7.5713 -6.5416 -2.9681
v  -7.5155 -6.5186 -2.9702
v  -7.4785 -6.4756 -2.9694
v  -7.4019 -3.8238 -2.9603
v  -7.4683 1.3763 -2.9645
v  -7.4018 3.5688 -2.9641
v  -7.4642 5.5357 -2.9699
v  -7.5411 3.5689 -0.0016
v  -7.5411 1.3764 -0.0040
v  -7.5410 -3.8239 -0.0042
v  -7.5411 -6.2270 0.0008
v  -7.5404 -6.2274 -0.0273
v  -7.2787 5.7247 -2.9774
v  -7.5373 5.7778 -0.1512
v  -7.5266 5.8341 -0.1536
v  -7.4939 5.8859 -0.1546
v  -7.3818 5.9350 -0.1538
v  -7.3375 5.9360 -0.1380
v  -7.6464 5.7761 0.1191
v  -7.6945 5.7789 0.1178
v  -7.5712 5.7711 0.0765
v  -7.6058 5.7739 0.1048
v  -7.7411 5.7969 0.0968
v  -7.5699 3.5682 0.0754
v  -7.5465 3.5688 0.0316
v  -0.8323 9.5296 1.5349
v  -1.6833 9.5296 1.5349
v  -4.1441 9.5296 1.5349
v  -6.2992 9.5296 1.5349
v  -6.5014 9.5183 1.5348
v  -6.7005 9.4876 1.5347
v  -6.8921 9.4370 1.5345
v  -7.0782 9.3689 1.5344
v  -7.2455 9.2881 1.5338
v  -7.4039 9.1910 1.5336
v  -7.5529 9.0793 1.5335
v  -7.6908 8.9544 1.5337
v  -7.8178 8.8158 1.5334
v  -7.9312 8.6660 1.5334
v  -8.0299 8.5066 1.5337
v  -8.1127 8.3385 1.5343
v  -8.1818 8.1511 1.5343
v  -8.2323 7.9577 1.5345
v  -8.2641 7.7569 1.5345
v  -8.2759 7.5525 1.5346
v  -8.2759 6.1716 1.5359
v  -8.2759 5.8653 1.5362
v  -8.2758 4.3581 1.5375
v  -8.2768 4.3565 1.5095
v  -8.2758 3.5689 1.5381
v  -8.2758 1.3764 1.5391
v  -8.2758 -1.4895 1.5401
v  -8.2758 -3.8239 1.5409
v  -8.2758 -6.6203 1.5420
v  -8.2632 -6.8339 1.5418
v  -8.2283 -7.0434 1.5419
v  -8.1543 -7.2955 1.5422
v  -8.0502 -7.5352 1.5433
v  -7.9185 -7.7509 1.5415
v  -7.7604 -7.9478 1.5419
v  -7.5897 -8.1151 1.5405
v  -7.3999 -8.2618 1.5416
v  -7.2019 -8.3772 1.5411
v  -6.9924 -8.4690 1.5426
v  -6.7727 -8.5368 1.5422
v  -6.7733 -8.5377 1.5141
v  -6.2992 -8.5969 1.5426
v  -4.1559 -8.5969 1.5425
v  -2.0780 -8.5969 1.5425
v  -2.0780 -8.5979 1.5145
v  -4.1441 9.2258 -0.0027
v  -0.0000 9.2524 -0.0027
v  -7.8739 -6.4368 -3.0934
v  -7.8735 -6.4240 -3.0664
v  -7.8736 -6.5365 -3.1452
v  -7.8733 -6.5072 -3.1447
v  -7.8732 -6.4796 -3.1338
v  -7.8733 -6.4561 -3.1167
v  -7.8719 -6.4184 -3.0330
v  -7.0480 -8.6197 -2.9964
v  -4.5536 5.9443 -0.0300
v  -4.5814 5.9446 -0.0260
v  -1.9265 4.9719 -0.3293
v  -1.9895 5.2056 0.2754
v  -2.0780 -8.6262 0.7087
v  -2.0779 -8.6400 -3.1452
v  -2.0779 -8.6853 -3.1383
v  -2.0780 -6.4560 -3.1452
v  -2.0779 -8.6101 -3.1452
v  -2.0780 -8.7232 -3.1124
v  -2.0780 -8.7492 -3.0724
v  -2.0780 -8.7574 -3.0228
v  0.0000 -8.5969 1.5426
v  -0.8088 -0.4127 -4.9103
v  -0.6473 -0.3088 -4.9117
v  -0.8909 -0.4796 -4.9103
v  -1.0626 -0.6607 -4.9106
v  -0.9917 -0.5781 -4.9104
v  -1.1624 -0.8085 -4.9105
v  -1.2429 -0.9677 -4.9107
v  -1.3015 -1.1361 -4.9108
v  -1.3364 -1.3110 -4.9107
v  -1.3499 -1.4904 -4.9110
v  -1.3273 -1.7374 -4.9110
v  -1.2527 -1.9936 -4.9111
v  -1.1299 -2.2302 -4.9111
v  -1.0474 -2.3423 -4.9125
v  -0.7388 -2.6214 -4.9110
v  -0.9545 -2.4460 -4.9111
v  -0.4970 -2.7465 -4.9111
v  -0.2457 -2.8188 -4.9111
v  0.0000 -2.8556 -4.8491
v  0.0000 -2.8415 -4.9108
v  -0.3335 -0.1853 -4.9120
v  -0.7900 -0.4356 -4.9662
v  -0.7619 -0.4703 -5.0136
v  -0.6095 -0.3735 -5.0145
v  -0.6306 -0.3351 -4.9690
v  -0.8702 -0.5008 -4.9663
v  -0.8394 -0.5330 -5.0136
v  -1.0378 -0.6777 -4.9670
v  -1.0013 -0.7037 -5.0141
v  -0.9348 -0.6261 -5.0137
v  -0.9688 -0.5970 -4.9664
v  -1.1356 -0.8221 -4.9668
v  -1.0958 -0.8429 -5.0141
v  -1.2142 -0.9775 -4.9672
v  -1.1718 -0.9928 -5.0143
v  -1.2716 -1.1420 -4.9675
v  -1.2276 -1.1515 -5.0146
v  -1.3060 -1.3128 -4.9673
v  -1.2610 -1.3164 -5.0144
v  -1.3190 -1.4881 -4.9681
v  -1.2736 -1.4855 -5.0149
v  -1.2972 -1.7296 -4.9683
v  -1.2530 -1.7189 -5.0151
v  -1.2247 -1.9801 -4.9685
v  -1.1835 -1.9611 -5.0152
v  -1.1048 -2.2114 -4.9686
v  -1.0677 -2.1846 -5.0154
v  -1.0228 -2.3200 -4.9720
v  -0.9883 -2.2896 -5.0174
v  -0.7226 -2.5944 -4.9688
v  -0.6985 -2.5550 -5.0152
v  -0.9021 -2.3890 -5.0151
v  -0.9335 -2.4228 -4.9688
v  -0.4862 -2.7169 -4.9691
v  -0.4699 -2.6735 -5.0153
v  -0.2404 -2.7877 -4.9692
v  -0.2323 -2.7420 -5.0153
v  -0.3253 -0.2155 -4.9694
v  -0.3143 -0.2582 -5.0149
v  -0.7065 -0.5383 -5.0682
v  -0.5670 -0.4490 -5.0682
v  -0.7787 -0.5964 -5.0682
v  -0.9289 -0.7547 -5.0682
v  -0.8676 -0.6830 -5.0682
v  -1.0169 -0.8840 -5.0682
v  -1.0875 -1.0231 -5.0682
v  -1.1395 -1.1703 -5.0682
v  -1.1708 -1.3232 -5.0682
v  -1.1826 -1.4800 -5.0682
v  -1.1640 -1.6970 -5.0682
v  -1.1000 -1.9223 -5.0682
v  -0.9908 -2.1291 -5.0682
v  -0.9161 -2.2255 -5.0682
v  -0.6481 -2.4728 -5.0682
v  -0.8370 -2.3183 -5.0682
v  -0.4360 -2.5828 -5.0682
v  -0.2155 -2.6464 -5.0682
v  -0.2920 -0.3428 -5.0682
v  -0.6938 -0.5559 -5.0682
v  -0.5574 -0.4684 -5.0682
v  -0.7643 -0.6126 -5.0682
v  -0.8517 -0.6978 -5.0682
v  -0.9116 -0.7679 -5.0682
v  -0.9982 -0.8950 -5.0682
v  -1.0675 -1.0316 -5.0682
v  -1.1185 -1.1761 -5.0682
v  -1.1492 -1.3262 -5.0682
v  -1.1606 -1.4798 -5.0682
v  -1.1419 -1.6929 -5.0682
v  -1.0791 -1.9140 -5.0682
v  -0.9733 -2.1178 -5.0682
v  -0.8998 -2.2124 -5.0682
v  -0.8228 -2.3040 -5.0682
v  -0.6371 -2.4560 -5.0682
v  -0.4286 -2.5641 -5.0682
v  -0.2118 -2.6267 -5.0682
v  -0.2863 -0.3639 -5.0682
v  -0.0000 -1.3929 -5.0682
v  -0.5198 5.0858 -2.2533
v  -0.0000 2.5163 -4.1569
v  -0.0000 1.3224 -4.4965
v  -0.0000 4.8297 -2.5770
v  -0.0000 1.7617 -4.3979
v  -0.0000 2.1424 -4.2880
v  -0.0000 5.0845 -2.2549
v  -0.0000 3.3027 -3.7934
v  -8.2646 -3.8239 1.6233
v  -8.2646 -6.6212 1.6238
v  -8.2645 -1.4896 1.6230
v  -8.2645 1.3760 1.6229
v  -8.2645 3.5710 1.6229
v  -4.1570 -8.5859 1.6228
v  -2.0780 -8.5859 1.6228
v  -6.2983 -8.5859 1.6227
v  -6.5456 -8.5795 1.5426
v  -6.5440 -8.5682 1.6228
v  -7.1961 -8.3682 1.6231
v  -6.9879 -8.4593 1.6226
v  -7.5813 -8.1076 1.6232
v  -7.3924 -8.2530 1.6236
v  -7.9084 -7.7455 1.6235
v  -7.7513 -7.9414 1.6228
v  -8.1437 -7.2927 1.6233
v  -8.0403 -7.5313 1.6242
v  -8.2514 -6.8321 1.6236
v  -8.2166 -7.0418 1.6238
v  -4.1441 9.5172 1.6226
v  -6.2998 9.5172 1.6226
v  -8.2496 7.7579 1.6226
v  -8.2619 7.5525 1.6226
v  -7.5417 9.0694 1.6226
v  -7.6798 8.9453 1.6226
v  -8.0166 8.5012 1.6226
v  -8.1002 8.3334 1.6226
v  -6.8876 9.4247 1.6226
v  -7.0724 9.3564 1.6226
v  -8.1685 8.1477 1.6226
v  -8.2185 7.9550 1.6226
v  -7.2383 9.2750 1.6226
v  -7.3952 9.1789 1.6226
v  -7.8049 8.8087 1.6226
v  -7.9190 8.6584 1.6226
v  -6.5006 9.5042 1.6226
v  -6.6982 9.4738 1.6226
v  -8.2758 3.8050 1.5379
v  -8.2758 4.0249 1.5377
v  -8.2643 4.0276 1.6228
v  -8.2644 3.8095 1.6228
v  -0.8323 9.5172 1.6226
v  -1.6832 9.5172 1.6226
v  -8.2624 6.1713 1.6226
v  -8.2628 5.8645 1.6226
v  -0.0000 9.5172 1.6226
v  -4.1441 9.3290 1.7650
v  -4.1440 7.6516 1.7287
v  -6.2626 7.6514 1.7288
v  -6.3020 9.3281 1.7650
v  -6.3009 9.4880 1.6960
v  -4.1441 9.4880 1.6960
v  -4.1441 9.4420 1.7440
v  -6.3021 9.4420 1.7440
v  -1.6828 9.4880 1.6960
v  -1.6822 9.4420 1.7440
v  -0.8324 9.4880 1.6960
v  -0.8324 9.4419 1.7440
v  -8.2325 5.8635 1.6960
v  -8.2315 6.1704 1.6960
v  -8.1877 6.1693 1.7448
v  -8.1871 5.8626 1.7459
v  -8.2302 7.5525 1.6960
v  -8.1868 7.5523 1.7438
v  -8.2175 7.7598 1.6960
v  -8.1736 7.7617 1.7442
v  -8.1874 7.9489 1.6960
v  -8.1466 7.9407 1.7431
v  -8.1378 8.1397 1.6960
v  -8.0970 8.1289 1.7435
v  -8.0710 8.3213 1.6960
v  -8.0300 8.3043 1.7449
v  -7.9873 8.4888 1.6960
v  -7.9484 8.4720 1.7435
v  -7.8923 8.6415 1.6960
v  -7.8586 8.6200 1.7422
v  -7.7769 8.7927 1.6960
v  -7.7427 8.7728 1.7413
v  -7.6552 8.9247 1.6960
v  -7.6227 8.8971 1.7436
v  -7.5178 9.0479 1.6960
v  -7.4890 9.0215 1.7410
v  -7.3767 9.1530 1.6960
v  -7.3532 9.1202 1.7421
v  -7.2228 9.2472 1.6960
v  -7.2023 9.2103 1.7433
v  -7.0590 9.3275 1.6960
v  -7.0417 9.2899 1.7426
v  -6.8771 9.3950 1.6960
v  -6.8630 9.3549 1.7435
v  -6.6928 9.4424 1.6960
v  -6.6856 9.4012 1.7416
v  -6.4988 9.4730 1.6960
v  -6.4964 9.4333 1.7419
v  -8.2360 -3.8239 1.6961
v  -8.1757 -3.8239 1.7584
v  -8.1703 -6.5892 1.7613
v  -8.2351 -6.6144 1.6962
v  -8.2363 -1.4897 1.6961
v  -8.1778 -1.4899 1.7566
v  -8.2366 1.3759 1.6961
v  -8.1795 1.3644 1.7525
v  -8.2367 3.5747 1.6960
v  -8.1825 3.5886 1.7527
v  -4.1589 -8.5592 1.6960
v  -4.1620 -8.5006 1.7574
v  -2.0776 -8.5018 1.7567
v  -2.0778 -8.5586 1.6960
v  -6.2978 -8.5593 1.6960
v  -6.3000 -8.5008 1.7572
v  -6.9773 -8.4342 1.6960
v  -6.9508 -8.3701 1.7625
v  -6.7451 -8.4381 1.7605
v  -6.7623 -8.5004 1.6960
v  -7.3752 -8.2306 1.6961
v  -7.3328 -8.1733 1.7636
v  -7.1492 -8.2857 1.7617
v  -7.1822 -8.3443 1.6961
v  -7.7286 -7.9241 1.6961
v  -7.6748 -7.8782 1.7634
v  -7.5137 -8.0381 1.7625
v  -7.5610 -8.0878 1.6961
v  -8.1874 -7.0370 1.6962
v  -8.1197 -7.0236 1.7632
v  -8.0472 -7.2612 1.7643
v  -8.1157 -7.2843 1.6961
v  -8.1568 -6.8172 1.7620
v  -8.2220 -6.8275 1.6962
v  0.0000 -8.5027 1.7562
v  0.0000 -8.5594 1.6960
v  -1.6817 9.3260 1.7648
v  -1.6648 7.6513 1.7286
v  -1.6473 5.8690 1.6901
v  -0.0000 5.4529 1.6810
v  -1.6563 5.4524 1.6810
v  -4.1440 5.8690 1.6899
v  -4.1441 5.4531 1.6809
v  -6.2225 5.8668 1.6902
v  -6.2058 5.4522 1.6808
v  -6.9004 5.7740 1.7093
v  -6.8955 5.3410 1.7071
v  -7.4020 5.6559 1.7403
v  -7.2244 5.1900 1.7330
v  -7.5299 4.9694 1.7557
v  -7.8078 5.3942 1.7629
v  -7.6111 5.5403 1.7535
v  -7.7837 4.6938 1.7670
v  -7.9200 5.2126 1.7666
v  -7.9675 4.3695 1.7699
v  -8.0779 4.3633 1.7701
v  -8.2768 4.0249 1.5098
v  -8.2642 4.3627 1.6227
v  -8.2364 4.0295 1.6960
v  -8.1844 4.0268 1.7511
v  -8.1835 3.8084 1.7519
v  -8.2366 3.8115 1.6960
v  -8.2361 4.3652 1.6960
v  -8.1852 4.3648 1.7501
v  -7.7124 -6.5652 1.4961
v  -7.7049 -6.7455 1.5073
v  -7.7601 -6.7568 1.6139
v  -7.7667 -6.5643 1.6061
v  -6.5215 -8.4042 1.7732
v  -6.5024 -8.2767 1.7512
v  -6.2860 -8.2939 1.7508
v  -6.2992 -8.4233 1.7732
v  -7.2845 -8.1082 1.7731
v  -7.2102 -8.0086 1.7526
v  -7.0469 -8.1043 1.7530
v  -7.1079 -8.2127 1.7732
v  -7.6119 -7.8245 1.7731
v  -7.5163 -7.7453 1.7526
v  -7.3712 -7.8873 1.7532
v  -7.4557 -7.9767 1.7731
v  -7.8724 -7.4512 1.7730
v  -7.7601 -7.3979 1.7522
v  -7.6490 -7.5811 1.7528
v  -7.7536 -7.6466 1.7730
v  -8.0381 -7.0078 1.7729
v  -7.9171 -6.9851 1.7528
v  -7.8524 -7.1971 1.7526
v  -7.9694 -7.2349 1.7729
v  -7.6960 -6.5666 1.4457
v  -7.4693 -6.4043 0.7914
v  -7.4581 -6.6060 0.7919
v  -7.6878 -6.7450 1.4572
v  -7.6572 -6.9214 1.4557
v  -7.4266 -6.8047 0.7907
v  -7.2768 -7.1714 0.7852
v  -7.6017 -7.1023 1.4547
v  -7.5230 -7.2742 1.4540
v  -7.4262 -7.4303 1.4530
v  -7.3101 -7.5736 1.4524
v  -7.0648 -7.4506 0.7849
v  -7.1885 -7.6897 1.4539
v  -7.0541 -7.7908 1.4511
v  -6.8041 -7.6518 0.7838
v  -6.9178 -7.8701 1.4503
v  -6.4663 -8.0136 1.4356
v  -6.2658 -7.8342 0.7829
v  -6.0357 -7.8482 0.7919
v  -6.2292 -8.0293 1.4260
v  -7.9307 4.3532 1.7698
v  -7.7511 4.6701 1.7665
v  -7.6482 4.6036 1.7473
v  -7.8191 4.2999 1.7504
v  -7.4288 4.4770 1.5018
v  -7.4787 4.5073 1.6096
v  -7.2764 4.7235 1.5929
v  -7.2367 4.6836 1.4851
v  -7.0242 4.9014 1.5693
v  -6.9941 4.8543 1.4625
v  -6.7604 5.0159 1.5451
v  -6.7405 4.9653 1.4386
v  -6.4495 5.0798 1.5113
v  -6.4455 5.0270 1.3990
v  -7.5778 4.1808 1.4521
v  -7.3515 4.0647 0.7909
v  -7.4275 3.8235 0.7899
v  -7.6572 3.9436 1.4539
v  -7.4156 4.4654 1.4517
v  -7.2075 4.3198 0.7909
v  -7.2278 4.6683 1.4352
v  -7.0189 4.5273 0.7909
v  -6.9891 4.8373 1.4125
v  -6.8173 4.6731 0.7909
v  -6.7407 4.9481 1.3885
v  -6.5406 4.7983 0.7912
v  -6.4482 5.0108 1.3487
v  -6.2709 4.8567 0.7915
v  -2.2905 0.1389 -3.0911
v  -2.3008 0.0756 -3.0899
v  -3.3203 0.7966 -2.9510
v  -3.3152 0.9017 -2.9534
v  -7.6742 3.9474 1.5039
v  -7.7034 3.7665 1.4998
v  -7.7585 3.7751 1.6089
v  -7.7293 3.9615 1.6114
v  -7.7113 -1.4893 1.4358
v  -7.5194 -1.4892 0.7902
v  -7.5039 -3.8238 0.7954
v  -7.7013 -3.8238 1.4229
v  -8.1016 -1.4900 1.7715
v  -7.9822 -1.4898 1.7524
v  -7.9727 -3.8239 1.7522
v  -8.0961 -3.8239 1.7721
v  -7.0410 -6.3651 -0.1357
v  -7.0094 -6.5824 -0.1403
v  -6.8923 -6.8837 -0.1456
v  -6.7147 -7.1316 -0.1499
v  -6.4791 -7.3245 -0.1522
v  -6.5456 -7.7652 0.7813
v  -6.2148 -7.4440 -0.1516
v  -5.9417 -7.5008 -0.1448
v  -5.7272 -7.5143 -0.1315
v  -6.9508 3.8072 -0.1447
v  -7.0094 3.6006 -0.1433
v  -6.8277 4.0358 -0.1461
v  -6.6505 4.2313 -0.1453
v  -6.4732 4.3574 -0.1454
v  -6.1986 4.4783 -0.1381
v  -5.9500 4.5255 -0.1343
v  -7.4566 3.6233 0.7850
v  -7.6862 3.7660 1.4498
v  -7.1073 -3.8174 -0.1190
v  -7.0563 -6.1442 -0.1358
v  -5.1599 2.3282 -2.2477
v  -5.1701 2.1305 -2.2452
v  -5.9103 2.6488 -1.6738
v  -5.8918 2.8717 -1.6765
v  -4.2733 -4.6310 -2.6785
v  -4.2870 -4.4771 -2.6723
v  -3.3422 -3.7930 -2.9402
v  -3.3331 -3.9015 -2.9433
v  -4.2082 -4.8120 -2.6843
v  -3.2800 -4.0512 -2.9470
v  -4.1049 -4.9594 -2.6877
v  -3.1972 -4.1740 -2.9494
v  -3.9660 -5.0742 -2.6886
v  -3.0862 -4.2724 -2.9505
v  -3.6541 -5.1831 -2.6838
v  -3.8117 -5.1457 -2.6872
v  -2.9640 -4.3371 -2.9506
v  -2.8395 -4.3743 -2.9500
v  -3.5212 -5.2013 -2.6803
v  -2.7354 -4.3922 -2.9486
v  -4.2621 1.6343 -2.6908
v  -4.2450 1.7328 -2.6919
v  -3.2940 0.9946 -2.9554
v  -4.1608 1.8997 -2.6973
v  -3.2214 1.1317 -2.9587
v  -4.0600 2.0182 -2.6981
v  -3.1387 1.2297 -2.9592
v  -3.9267 2.1198 -2.6956
v  -3.0337 1.3125 -2.9578
v  -3.7841 2.1855 -2.6914
v  -2.9219 1.3703 -2.9544
v  -3.6586 2.2068 -2.6881
v  -2.8367 1.3893 -2.9521
v  -4.2877 -4.3214 -2.6720
v  -4.3034 -2.9138 -2.6367
v  -3.3678 -2.5910 -2.9081
v  -3.3404 -3.6830 -2.9403
v  -6.5070 -6.2769 -0.9632
v  -6.5364 -6.0492 -0.9560
v  -5.9198 -5.6401 -1.6627
v  -5.8950 -5.8612 -1.6713
v  -6.4030 -6.5479 -0.9705
v  -5.8045 -6.1005 -1.6786
v  -6.2413 -6.7692 -0.9762
v  -5.6615 -6.2949 -1.6838
v  -6.0263 -6.9389 -0.9788
v  -5.4709 -6.4432 -1.6865
v  -5.5366 -7.0884 -0.9688
v  -5.7851 -7.0411 -0.9773
v  -5.2577 -6.5319 -1.6857
v  -5.0386 -6.5742 -1.6791
v  -5.3396 -7.1026 -0.9535
v  -4.8572 -6.5916 -1.6662
v  -6.5060 3.2914 -0.9673
v  -6.4679 3.4555 -0.9695
v  -5.8670 3.0016 -1.6772
v  -6.3579 3.6719 -0.9723
v  -5.7677 3.2053 -1.6818
v  -6.1981 3.8517 -0.9723
v  -5.6296 3.3637 -1.6825
v  -6.0274 3.9720 -0.9709
v  -5.4656 3.4810 -1.6807
v  -5.7773 4.0775 -0.9622
v  -5.2546 3.5707 -1.6752
v  -5.5473 4.1147 -0.9557
v  -5.0496 3.6028 -1.6683
v  -6.5517 -5.8187 -0.9564
v  -6.5954 -3.6546 -0.9324
v  -5.9554 -3.4533 -1.6365
v  -5.9306 -5.4165 -1.6636
v  -6.5305 3.0613 -0.9664
v  -7.0375 3.3813 -0.1449
v  -5.1848 -5.1239 -2.2339
v  -5.1679 -5.3215 -2.2405
v  -5.0914 -5.5332 -2.2464
v  -4.9674 -5.7049 -2.2506
v  -4.8006 -5.8360 -2.2529
v  -4.6141 -5.9142 -2.2526
v  -4.4229 -5.9516 -2.2491
v  -4.2608 -5.9681 -2.2427
v  -5.1433 2.4373 -2.2476
v  -5.0522 2.6276 -2.2527
v  -4.9336 2.7658 -2.2534
v  -4.7793 2.8783 -2.2511
v  -4.6038 2.9528 -2.2469
v  -4.4331 2.9795 -2.2429
v  -5.1826 -3.2068 -2.2097
v  -5.1872 -4.9241 -2.2363
v  -4.3158 -1.4896 -2.6102
v  -4.3144 0.0595 -2.6371
v  -3.3873 -0.3043 -2.9181
v  -3.3934 -1.4899 -2.8881
v  -7.9613 -6.5659 1.7515
v  -8.0883 -6.5665 1.7728
v  -7.7023 1.3781 1.4345
v  -7.4980 1.2774 0.7911
v  -7.1255 -1.4891 -0.1205
v  -5.9493 0.7324 -1.6447
v  -5.1858 0.4103 -2.2129
v  -5.1785 -1.4894 -2.1914
v  -5.9555 -1.4892 -1.6245
v  -2.4640 -1.4907 -3.0599
v  -2.4211 -2.2560 -3.0707
v  -6.6067 -1.4891 -0.9293
v  -7.0983 1.1462 -0.1269
v  -6.5862 0.9769 -0.9413
v  -4.2697 1.4826 -2.6865
v  -1.8186 -0.9029 -3.1200
v  -1.4291 -0.8881 -3.1342
v  -1.5183 -1.1813 -3.1328
v  -1.6455 -2.6564 -3.1274
v  -1.6596 -2.6206 -3.1267
v  -1.2921 -2.3618 -3.1349
v  -2.3126 -3.0651 -3.0883
v  -2.3002 -3.1296 -3.0896
v  -1.6072 -2.7267 -3.1281
v  -1.1623 -2.5191 -3.1352
v  -2.2559 -3.2341 -3.0913
v  -1.5628 -2.7877 -3.1282
v  -2.1956 -3.3212 -3.0920
v  -1.5106 -2.8422 -3.1281
v  -2.1186 -3.3944 -3.0917
v  -1.4000 -2.9248 -3.1276
v  -1.4557 -2.8873 -3.1279
v  -1.0781 -2.6097 -3.1348
v  -2.0356 -3.4482 -3.0906
v  -1.9511 -3.4862 -3.0889
v  -1.3586 -2.9492 -3.1270
v  -1.8842 -3.5093 -3.0877
v  -1.6416 -0.3291 -3.1282
v  -1.6103 -0.2747 -3.1282
v  -1.1836 -0.4851 -3.1356
v  -1.2912 -0.6217 -3.1354
v  -2.2613 0.2108 -3.0925
v  -1.5721 -0.2169 -3.1285
v  -2.2042 0.3062 -3.0936
v  -1.5306 -0.1674 -3.1285
v  -2.1450 0.3762 -3.0936
v  -1.4864 -0.1239 -3.1284
v  -2.0781 0.4338 -3.0930
v  -1.4400 -0.0867 -3.1281
v  -2.0063 0.4791 -3.0918
v  -1.3992 -0.0587 -3.1283
v  -1.0649 -0.3607 -3.1354
v  -1.9496 0.5025 -3.0901
v  -1.6684 -2.5788 -3.1273
v  -1.8176 -2.0457 -3.1198
v  -1.4288 -2.0961 -3.1339
v  -2.3185 -2.9986 -3.0870
v  -1.8729 -1.4915 -3.1159
v  -1.5486 -1.4914 -3.1319
v  -2.4274 -0.6746 -3.0714
v  -6.2285 -8.0431 1.4771
v  -4.1634 -8.0410 1.4717
v  -4.1640 -8.0959 1.5962
v  -6.2426 -8.0960 1.5966
v  -4.1595 -7.8534 0.8063
v  -4.1635 -8.0267 1.4207
v  -2.8698 -7.5444 -0.0793
v  -1.8390 -5.2802 -2.6334
v  -2.1494 -6.0149 -2.1963
v  -2.4438 -6.6402 -1.6076
v  -2.6806 -7.1441 -0.8937
v  -1.5002 -4.4830 -2.9160
v  -1.1392 -3.6652 -3.0701
v  -0.8682 -2.7792 -3.1335
v  -0.8831 -3.1394 -3.1196
v  -6.4843 5.3941 1.6835
v  -6.3401 5.4067 1.6803
v  -6.3383 5.2804 1.6566
v  -6.4706 5.2701 1.6598
v  -1.3817 -0.0474 -3.1276
v  -6.3284 5.0215 1.3399
v  -6.1523 4.8649 0.7903
v  -4.9658 3.6005 -1.6629
v  -4.3659 2.9763 -2.2372
v  -5.8406 4.5307 -0.1325
v  -5.4503 4.1153 -0.9520
v  -2.8005 1.3907 -2.9502
v  -1.9251 0.5100 -3.0898
v  -3.6083 2.2048 -2.6839
v  -3.3227 0.6908 -2.9492
v  -2.3088 0.0116 -3.0885
v  -7.6961 3.5828 1.4445
v  -7.4668 3.4213 0.7802
v  -5.9192 2.4246 -1.6761
v  -5.1730 1.9312 -2.2467
v  -7.0508 3.1598 -0.1486
v  -6.5422 2.8295 -0.9685
v  -4.2729 1.3291 -2.6848
v  -1.6555 -0.3663 -3.1274
v  -1.6683 -0.4064 -3.1278
v  -6.2065 5.0398 1.3861
v  -6.2091 5.0912 1.5019
v  -4.1440 5.0902 1.4998
v  -4.1440 5.0376 1.3827
v  -0.7457 0.1953 -3.1170
v  -0.6026 -0.0638 -3.1321
v  -0.8643 -0.2028 -3.1340
v  -6.0339 4.8683 0.7877
v  -6.2073 5.0257 1.3351
v  -4.1440 5.0234 1.3317
v  -4.1420 4.8672 0.7848
v  -4.2984 2.9722 -2.2347
v  -4.8819 3.5978 -1.6609
v  -2.4558 3.6190 -1.6340
v  -2.1690 2.9970 -2.2088
v  -5.3528 4.1147 -0.9513
v  -5.7310 4.5313 -0.1320
v  -2.8722 4.5458 -0.1141
v  -2.6868 4.1338 -0.9281
v  -1.9002 0.5158 -3.0893
v  -2.7639 1.3890 -2.9492
v  -1.4236 1.4784 -2.9187
v  -1.0037 0.7058 -3.0675
v  -3.5579 2.2008 -2.6818
v  -1.8193 2.2661 -2.6419
v  -6.9223 -8.2970 1.7732
v  -6.8746 -8.1799 1.7518
v  -6.6927 -8.2396 1.7520
v  -6.7251 -8.3635 1.7732
v  -6.7737 -7.9344 1.4452
v  -6.6223 -7.9824 1.4418
v  -6.3265 5.0365 1.3906
v  -6.3304 5.0879 1.5055
v  -1.3653 -0.0377 -3.1273
v  -8.0749 -6.8055 1.7728
v  -7.9513 -6.7897 1.7531
v  0.0000 -5.9993 -2.1803
v  0.0000 -6.6197 -1.6089
v  0.0000 -7.1334 -0.9080
v  0.0000 -3.7752 -3.0495
v  -0.2261 -3.2662 -3.1024
v  -0.6020 -2.9192 -3.1315
v  -0.3104 -3.0028 -3.1288
v  -0.3115 0.0216 -3.1304
v  -0.0000 4.5611 -0.1016
v  -0.0000 1.5388 -2.8905
v  -0.0000 2.3127 -2.6020
v  -7.8502 -6.5648 1.6924
v  -7.8429 -6.7736 1.6967
v  -6.4857 -8.1655 1.6906
v  -6.4734 -8.0818 1.6006
v  -6.2647 -8.1820 1.6900
v  -6.8313 -8.0779 1.6932
v  -6.9934 -8.0087 1.6967
v  -6.9516 -7.9349 1.6106
v  -6.7986 -8.0006 1.6063
v  -7.1457 -7.9201 1.6964
v  -7.2964 -7.8082 1.6981
v  -7.2381 -7.7456 1.6130
v  -7.0956 -7.8514 1.6107
v  -7.4309 -7.6769 1.6963
v  -7.5568 -7.5231 1.6973
v  -7.4853 -7.4763 1.6125
v  -7.3658 -7.6226 1.6112
v  -7.6606 -7.3519 1.6956
v  -7.7493 -7.1631 1.6972
v  -7.6693 -7.1341 1.6126
v  -7.5846 -7.3146 1.6105
v  -7.7215 4.2514 1.6953
v  -7.5546 4.5488 1.6934
v  -7.6448 4.2134 1.6109
v  -7.8115 3.9818 1.6952
v  -7.3391 4.7795 1.6775
v  -7.4174 4.8527 1.7335
v  -7.0735 4.9691 1.6533
v  -7.1363 5.0551 1.7096
v  -6.7967 5.0918 1.6273
v  -6.8387 5.1896 1.6839
v  -6.4603 5.1620 1.6000
v  -7.8424 3.7875 1.6939
v  -7.9512 3.7994 1.7502
v  -7.9169 4.0067 1.7504
v  -7.8650 -3.8239 1.6961
v  -7.8767 -1.4896 1.6995
v  -7.7836 -1.4895 1.6074
v  -7.7725 -3.8238 1.6002
v  -7.8668 1.3780 1.6979
v  -7.7744 1.3780 1.6058
v  -4.1649 -8.1866 1.6928
v  -4.1659 -8.2972 1.7521
v  -6.3371 5.1709 1.5959
v  -7.8514 3.5843 1.6909
v  -7.7676 3.5831 1.6048
v  -4.1441 5.1743 1.5931
v  -4.1441 5.2850 1.6558
v  -1.6564 5.2844 1.6554
v  -1.6565 5.1738 1.5924
v  -6.6619 -8.1317 1.6928
v  -6.6388 -8.0504 1.6046
v  -6.2116 5.1745 1.5934
v  -6.2082 5.2848 1.6557
v  -7.8107 -6.9630 1.6974
v  -7.7285 -6.9426 1.6134
v  -7.9737 1.3782 1.7518
v  -7.9588 3.5848 1.7481
v  -1.6565 5.0906 1.5001
v  -6.4670 -8.0287 1.4863
v  -6.9247 -7.8854 1.5008
v  -6.7784 -7.9500 1.4956
v  -7.1997 -7.7031 1.5041
v  -7.0630 -7.8051 1.5014
v  -7.4393 -7.4427 1.5037
v  -7.3230 -7.5856 1.5023
v  -7.6169 -7.1112 1.5044
v  -7.5360 -7.2858 1.5020
v  -7.5936 4.1881 1.5022
v  -7.5033 4.9393 1.7549
v  -7.2042 5.1552 1.7319
v  -6.8826 5.3029 1.7061
v  -7.7251 -1.4894 1.4870
v  -7.7161 -3.8238 1.4753
v  -7.7166 1.3780 1.4856
v  -4.1642 -8.4246 1.7732
v  -7.7128 3.5824 1.4947
v  -4.1441 5.4131 1.6800
v  -1.6563 5.4125 1.6801
v  -6.6249 -7.9977 1.4926
v  -6.2050 5.4123 1.6800
v  -7.6741 -6.9266 1.5056
v  -8.0772 4.0326 1.7702
v  -8.1179 4.3633 1.7701
v  -8.1180 4.0265 1.7702
v  -7.6925 6.1521 1.2793
v  -7.7125 6.1089 1.2704
v  -7.6933 6.1056 1.2698
v  -7.6529 6.0334 1.1667
v  -8.0749 -7.0145 1.7728
v  -8.1085 -6.8099 1.7728
v  -6.8119 -8.6918 -2.9959
v  -6.7877 -8.5955 -0.1517
v  -6.7802 -8.5663 0.7086
v  -6.7815 -8.5759 -3.1466
v  -6.7925 -8.6184 -3.1403
v  -6.7676 -8.5384 -3.1466
v  -6.8039 -8.6598 -3.1124
v  -6.8102 -8.6847 -3.0724
v  -6.8121 -8.6928 -3.0241
v  -6.7696 -8.5263 1.6227
v  -7.8833 -7.7310 1.6961
v  -7.8219 -7.6916 1.7643
v  -2.0770 -7.8576 0.8066
v  -2.0779 -8.0277 1.4204
v  -2.0780 -8.0414 1.4715
v  -2.0781 -8.0958 1.5960
v  -2.0780 -8.1864 1.6925
v  -2.0775 -8.2969 1.7520
v  -2.0774 -8.4244 1.7732
v  -6.5403 -8.5417 1.6960
v  -6.5317 -8.4800 1.7595
v  -0.0000 5.0954 1.5013
v  -0.0000 5.0419 1.3890
v  -1.6563 5.0393 1.3839
v  -1.6562 5.0254 1.3329
v  -0.0000 5.0281 1.3379
v  -0.0000 4.8558 0.7918
v  -1.6542 4.8627 0.7861
v  -6.2168 5.7247 -2.9774
v  -6.2191 5.7226 -3.0054
v  -6.2194 5.7095 -3.0573
v  -6.2198 5.6809 -3.1009
v  -6.2192 5.6324 -3.1363
v  -6.2314 5.9462 -0.0194
v  -4.5755 6.1458 1.2235
v  -6.2989 6.1473 1.2236
v  -6.2994 6.1048 1.2154
v  -4.5749 6.1033 1.2148
v  -0.8323 6.1019 1.2226
v  -0.0000 6.0982 1.2224
v  -0.0000 6.1196 1.2229
v  -0.8323 8.9510 1.2841
v  -1.6775 8.9505 1.2841
v  -4.1441 8.9487 1.2842
v  -6.3003 8.9497 1.2843
v  -6.4494 8.9409 1.2843
v  -6.5974 8.9165 1.2843
v  -6.7238 8.8830 1.2844
v  -6.8314 8.8440 1.2845
v  -6.9396 8.7952 1.2845
v  -7.0639 8.7212 1.2846
v  -7.1771 8.6394 1.2847
v  -7.2768 8.5504 1.2847
v  -7.3639 8.4566 1.2847
v  -7.4476 8.3480 1.2846
v  -7.5193 8.2314 1.2844
v  -7.5789 8.1085 1.2842
v  -7.6289 7.9773 1.2838
v  -7.6652 7.8399 1.2833
v  -7.6881 7.7033 1.2826
v  -7.6960 7.5520 1.2816
v  -7.6927 6.2700 1.2787
v  -7.6925 6.1708 1.2792
v  -4.1448 6.1457 1.2235
v  -1.6585 6.0951 1.2224
v  -1.6592 6.0130 1.1893
v  -1.6591 6.0508 1.2138
v  -4.1450 6.1034 1.2149
v  -4.1450 6.0663 1.1913
v  -6.3001 6.0671 1.1919
v  -7.0024 6.0668 1.2130
v  -7.7766 6.1245 1.2450
v  -7.7390 6.1354 1.2707
v  -7.7417 6.1512 1.2709
v  -7.7814 6.1505 1.2448
v  -7.7412 6.1687 1.2711
v  -7.7809 6.1680 1.2453
v  -7.7781 7.5521 1.2503
v  -7.7396 7.5523 1.2740
v  -7.7312 7.7073 1.2746
v  -7.7692 7.7106 1.2505
v  -7.7083 7.8490 1.2758
v  -7.7461 7.8567 1.2516
v  -7.6712 7.9898 1.2761
v  -7.7089 8.0004 1.2521
v  -7.6200 8.1254 1.2764
v  -7.6563 8.1398 1.2520
v  -7.5577 8.2528 1.2765
v  -7.5915 8.2718 1.2521
v  -7.4836 8.3728 1.2765
v  -7.5153 8.3948 1.2520
v  -7.3976 8.4847 1.2766
v  -7.4274 8.5095 1.2522
v  -7.3078 8.5817 1.2767
v  -7.3352 8.6093 1.2524
v  -7.2046 8.6737 1.2768
v  -7.2287 8.7037 1.2522
v  -7.0888 8.7574 1.2766
v  -7.1111 8.7889 1.2521
v  -6.9612 8.8329 1.2762
v  -6.9812 8.8656 1.2517
v  -6.8488 8.8844 1.2765
v  -6.8645 8.9198 1.2520
v  -6.7375 8.9251 1.2767
v  -6.7499 8.9621 1.2523
v  -6.6065 8.9597 1.2765
v  -6.6144 8.9977 1.2521
v  -6.4535 8.9846 1.2763
v  -6.4566 9.0232 1.2519
v  -6.3004 8.9938 1.2765
v  -6.2998 9.0325 1.2521
v  -4.1441 8.9892 1.2698
v  -4.1441 9.0230 1.2425
v  -1.6778 8.9902 1.2701
v  -1.6781 9.0234 1.2436
v  -0.8324 8.9907 1.2698
v  -0.8324 9.0238 1.2430
v  -7.7265 6.0741 1.2455
v  -7.7243 6.1159 1.2706
v  -7.7490 6.0869 1.2458
v  -7.7328 6.1245 1.2707
v  -7.7651 6.1035 1.2456
v  -7.6562 6.0435 1.2072
v  -7.6606 6.0680 1.2431
v  -7.7783 6.2697 1.2482
v  -7.7384 6.2699 1.2725
v  -0.8331 6.0131 1.1893
v  -0.8326 6.0534 1.2147
v  -0.0000 8.9937 1.2696
v  -0.0000 9.0265 1.2419
v  -4.5742 6.0659 1.1909
v  -7.6970 6.0437 1.2092
v  -7.6948 6.0680 1.2447
v  -0.0000 8.9515 1.2840
v  -7.7367 -6.3713 0.1028
v  -7.7363 -6.3146 0.1030
v  -7.7637 -6.2981 0.0785
v  -7.7640 -6.3545 0.0783
v  -7.7743 -6.3975 0.0541
v  -7.6370 -3.8239 0.1194
v  -7.5722 -3.8239 0.0799
v  -7.5766 -2.5032 0.0845
v  -7.6342 -2.5033 0.1185
v  -7.6352 1.3764 0.1178
v  -7.5775 1.3764 0.0844
v  -7.6317 3.5672 0.1162
v  -7.6342 -0.6501 0.1180
v  -7.5767 -0.6501 0.0841
v  -7.7053 -0.6501 0.1165
v  -7.7053 -2.5033 0.1169
v  -7.7134 3.5681 0.1126
v  -7.6527 -6.3724 0.1230
v  -7.5770 -6.3700 0.0859
v  -7.5769 -6.3133 0.0858
v  -7.6523 -6.3156 0.1229
v  -7.5464 -3.8239 0.0330
v  -7.5481 1.3764 0.0371
v  -7.5524 -6.3684 0.0496
v  -7.5523 -6.3117 0.0493
v  -7.7140 -3.8239 0.1138
v  -7.7060 1.3764 0.1157
v  -7.5792 -6.4547 0.0073
v  -7.5787 -6.4552 -0.0169
v  -7.5519 -6.4169 -0.0181
v  -7.5526 -6.4164 0.0060
v  -7.6580 -6.4902 0.0081
v  -7.5692 -6.4215 0.0560
v  -7.6530 -6.4553 0.0900
v  -7.5487 -6.3949 0.0303
v  -7.7384 -6.4686 -0.0196
v  -7.6573 -6.4906 -0.0160
v  -7.5412 -6.3646 0.0011
v  -7.5411 -6.3124 0.0010
v  -7.5521 -6.2247 0.0487
v  -7.5366 -6.3677 -0.1741
v  -7.5482 -6.4199 -0.1657
v  -7.7654 -6.4431 -0.0269
v  -7.5762 -6.4577 -0.1343
v  -7.5490 -6.4192 -0.1354
v  -7.7342 -6.4713 -0.1367
v  -7.6539 -6.4927 -0.1334
v  -7.7616 -6.4459 -0.1436
v  -7.5404 -6.3650 -0.0270
v  -7.5365 -3.8239 -0.1788
v  -7.5373 -6.2294 -0.1442
v  -7.5335 3.5689 -0.1764
v  -7.5366 5.7476 -0.1768
v  -7.5367 1.3765 -0.1786
v  -7.4452 5.9202 -0.1599
v  -7.5365 5.7756 -0.1813
v  -7.5258 5.8319 -0.1837
v  -7.3368 5.9338 -0.1683
v  -7.5374 -6.3671 -0.1439
v  -7.5755 -6.4584 -0.1645
v  -7.7331 -6.4720 -0.1668
v  -7.6530 -6.4932 -0.1636
v  -7.7606 -6.4467 -0.1736
v  0.0000 -2.8861 -4.4699
v  0.0000 -8.6262 0.7088
v  -0.0000 9.4633 -0.0027
v  0.0000 -8.6404 -3.1452
v  -0.0000 9.4353 -0.0027
v  -0.0000 5.9875 1.1532
v  -0.0000 0.3192 -4.6191
v  0.0000 -8.7491 -3.0724
v  0.0000 -2.8103 -4.9683
v  -0.0000 -0.3191 -5.0682
v  0.0000 -8.0962 1.5964
v  -0.0000 5.1750 1.5934
v  -0.0000 5.2853 1.6558
v  0.0000 -8.0432 1.4770
v  -0.0000 5.4129 1.6802
v  -0.0000 6.0125 1.1887
v  -6.3619 5.8470 1.6904
v  -6.3426 5.4465 1.6813
v  -6.4905 5.4337 1.6845
v  -6.4748 5.8325 1.6920
v  0.0000 -3.0364 -3.1278
v  0.0000 -3.2935 -3.1080
v  -8.0877 3.5851 1.7703
v  -8.0950 1.3779 1.7709
v  -8.0754 3.8070 1.7703
v  -8.0374 4.0289 1.7702
v  -8.1175 3.8070 1.7703
v  -8.0955 3.8070 1.7703
v  -8.1187 3.5854 1.7703
v  -0.7695 7.6376 1.7283
v  -0.6923 7.7808 1.7314
v  -0.8323 9.3258 1.7648
v  -0.3201 8.0856 1.7380
v  -0.4635 8.0089 1.7363
v  -0.8174 7.4826 1.7250
v  -0.8344 7.3180 1.7214
v  -0.1654 6.4974 1.7036
v  -0.0000 9.3283 1.7648
v  -0.1648 8.1330 1.7390
v  -0.5890 7.9060 1.7341
v  -0.3212 6.5451 1.7047
v  -0.4652 6.6225 1.7063
v  -0.5910 6.7262 1.7086
v  -0.6943 6.8523 1.7113
v  -0.7711 6.9965 1.7144
v  -0.8184 7.1525 1.7178
v  -0.6370 7.7436 1.7306
v  -0.7081 7.6118 1.7277
v  -0.7325 7.6221 1.7280
v  -0.6590 7.7584 1.7309
v  -0.7521 7.4692 1.7247
v  -0.7780 7.4745 1.7248
v  -0.7677 7.3177 1.7214
v  -0.7942 7.3178 1.7214
v  -0.7530 7.1655 1.7181
v  -0.7789 7.1603 1.7180
v  -0.7095 7.0219 1.7150
v  -0.7340 7.0118 1.7148
v  -0.6388 6.8893 1.7121
v  -0.6608 6.8746 1.7118
v  -0.5438 6.7732 1.7096
v  -0.5625 6.7546 1.7092
v  -0.4280 6.6778 1.7075
v  -0.4428 6.6559 1.7071
v  -0.2955 6.6066 1.7060
v  -0.3057 6.5822 1.7055
v  -0.1522 6.5627 1.7050
v  -0.1574 6.5368 1.7045
v  -0.0000 6.5475 1.7047
v  -0.0000 8.0829 1.7379
v  -0.1517 8.0677 1.7376
v  -0.1569 8.0936 1.7381
v  -0.0000 8.1093 1.7385
v  -0.2946 8.0241 1.7366
v  -0.3047 8.0485 1.7372
v  -0.4265 7.9535 1.7351
v  -0.4412 7.9755 1.7356
v  -0.5420 7.8588 1.7331
v  -0.5607 7.8775 1.7335
v  -0.6106 7.7256 1.7231
v  -0.5914 7.7126 1.7069
v  -0.6572 7.5902 1.7044
v  -0.6786 7.5992 1.7204
v  -0.5195 7.8360 1.7254
v  -0.5032 7.8196 1.7090
v  -0.4088 7.9267 1.7274
v  -0.3960 7.9074 1.7110
v  -0.2823 7.9943 1.7289
v  -0.2735 7.9729 1.7124
v  -0.1454 8.0360 1.7299
v  -0.1408 8.0133 1.7134
v  -0.0000 8.0506 1.7302
v  -0.1459 6.5938 1.6990
v  -0.1412 6.6168 1.6841
v  -0.0000 6.6025 1.6836
v  -0.2832 6.6358 1.6998
v  -0.2742 6.6574 1.6848
v  -0.4103 6.7040 1.7012
v  -0.3972 6.7234 1.6861
v  -0.5213 6.7954 1.7031
v  -0.5047 6.8119 1.6879
v  -0.6123 6.9066 1.7056
v  -0.5928 6.9196 1.6903
v  -0.6800 7.0338 1.7084
v  -0.6584 7.0427 1.6929
v  -0.7216 7.1714 1.7114
v  -0.6986 7.1759 1.6959
v  -0.7357 7.3174 1.7145
v  -0.7125 7.3173 1.6987
v  -0.7207 7.4626 1.7176
v  -0.6979 7.4579 1.7018
v  -0.6359 7.5820 1.6250
v  -0.5722 7.7004 1.6273
v  -0.5726 7.6998 1.3605
v  -0.6362 7.5812 1.3582
v  -0.4870 7.8040 1.6292
v  -0.4874 7.8036 1.3625
v  -0.3832 7.8891 1.6311
v  -0.3837 7.8888 1.3642
v  -0.2648 7.9527 1.6322
v  -0.2651 7.9526 1.3654
v  -0.1364 7.9919 1.6329
v  -0.1365 7.9919 1.3662
v  -0.0000 6.6275 1.6061
v  -0.1364 6.6416 1.6067
v  -0.1362 6.6415 1.3400
v  -0.0000 6.6275 1.3394
v  -0.2648 6.6807 1.6074
v  -0.2645 6.6805 1.3406
v  -0.3836 6.7444 1.6086
v  -0.3832 6.7441 1.3418
v  -0.4875 6.8297 1.6102
v  -0.4870 6.8293 1.3434
v  -0.5726 6.9338 1.6124
v  -0.5722 6.9331 1.3456
v  -0.6362 7.0526 1.6147
v  -0.6359 7.0518 1.3479
v  -0.6753 7.1812 1.6173
v  -0.6751 7.1803 1.3505
v  -0.6890 7.3179 1.6197
v  -0.6890 7.3170 1.3530
v  -0.6751 7.4540 1.6225
v  -0.6753 7.4531 1.3557
v  -0.6360 7.5816 1.3341
v  -0.5724 7.7001 1.3365
v  -0.5523 7.6867 1.3362
v  -0.6137 7.5723 1.3340
v  -0.4872 7.8038 1.3384
v  -0.4701 7.7867 1.3381
v  -0.3834 7.8890 1.3402
v  -0.3700 7.8689 1.3398
v  -0.2649 7.9526 1.3413
v  -0.2556 7.9304 1.3409
v  -0.1365 7.9919 1.3421
v  -0.1317 7.9683 1.3417
v  -0.1363 6.6415 1.3159
v  -0.1315 6.6652 1.3164
v  -0.2646 6.6806 1.3166
v  -0.2554 6.7029 1.3170
v  -0.3834 6.7442 1.3178
v  -0.3699 6.7643 1.3182
v  -0.4872 6.8295 1.3194
v  -0.4702 6.8466 1.3197
v  -0.5724 6.9334 1.3216
v  -0.5523 6.9468 1.3219
v  -0.6360 7.0522 1.3239
v  -0.6138 7.0615 1.3241
v  -0.6752 7.1808 1.3265
v  -0.6516 7.1855 1.3266
v  -0.6890 7.3175 1.3289
v  -0.6648 7.3174 1.3289
v  -0.6752 7.4535 1.3317
v  -0.6515 7.4488 1.3316
v  -0.0000 7.3168 1.3290
v  -0.5781 7.7037 1.6836
v  -0.5724 7.7001 1.6513
v  -0.6360 7.5816 1.6490
v  -0.6424 7.5841 1.6812
v  -0.4920 7.8084 1.6856
v  -0.4872 7.8038 1.6533
v  -0.3871 7.8943 1.6876
v  -0.3834 7.8890 1.6551
v  -0.2674 7.9584 1.6889
v  -0.2649 7.9526 1.6562
v  -0.1377 7.9979 1.6897
v  -0.1365 7.9919 1.6570
v  -0.0000 8.0120 1.6898
v  -0.0000 8.0057 1.6572
v  -0.1379 6.6333 1.6620
v  -0.1363 6.6415 1.6307
v  -0.0000 6.6275 1.6301
v  -0.2677 6.6729 1.6627
v  -0.2646 6.6806 1.6314
v  -0.3878 6.7374 1.6639
v  -0.3834 6.7442 1.6326
v  -0.4929 6.8237 1.6656
v  -0.4872 6.8295 1.6342
v  -0.5789 6.9289 1.6679
v  -0.5724 6.9334 1.6364
v  -0.6431 7.0491 1.6704
v  -0.6360 7.0522 1.6387
v  -0.6826 7.1791 1.6731
v  -0.6752 7.1808 1.6413
v  -0.6963 7.3173 1.6757
v  -0.6890 7.3175 1.6438
v  -0.6821 7.4547 1.6787
v  -0.6752 7.4535 1.6465
v  -8.1140 5.8619 1.7679
v  -8.0739 5.8618 1.7673
v  -8.1139 6.1682 1.7672
v  -8.0739 6.1681 1.7666
v  -8.1123 7.5510 1.7652
v  -8.0723 7.5496 1.7642
v  -8.0987 7.7599 1.7656
v  -8.0589 7.7558 1.7646
v  -8.0750 7.9262 1.7657
v  -8.0358 7.9182 1.7649
v  -8.0264 8.1082 1.7659
v  -7.9883 8.0957 1.7651
v  -7.9604 8.2748 1.7660
v  -7.9237 8.2589 1.7651
v  -7.8821 8.4400 1.7660
v  -7.8468 8.4212 1.7653
v  -7.7983 8.5804 1.7659
v  -7.7650 8.5581 1.7653
v  -7.6845 8.7321 1.7657
v  -7.6543 8.7057 1.7654
v  -7.5681 8.8467 1.7660
v  -7.5402 8.8180 1.7652
v  -7.4401 8.9706 1.7656
v  -7.4146 8.9397 1.7653
v  -7.3122 9.0605 1.7657
v  -7.2905 9.0268 1.7651
v  -7.1666 9.1456 1.7658
v  -7.1474 9.1104 1.7650
v  -7.0122 9.2238 1.7658
v  -6.9964 9.1870 1.7650
v  -6.8397 9.2852 1.7657
v  -6.8278 9.2470 1.7649
v  -6.6719 9.3304 1.7657
v  -6.6632 9.2913 1.7650
v  -6.4906 9.3624 1.7657
v  -6.4865 9.3225 1.7651
v  -6.3026 9.3681 1.7659
v  -4.1440 9.3690 1.7658
v  -1.6817 9.3660 1.7657
v  -0.8324 9.3658 1.7657
v  -7.7355 -6.2274 0.1034
v  -7.7632 -6.2141 0.0790
v  -7.5768 -6.2262 0.0856
v  -7.6518 -6.2284 0.1228
v  -7.5404 -6.3120 -0.0271
v  -7.5373 -6.3106 -0.1440
v  -1.5179 -1.8001 -3.1326
v  -2.0031 -0.1928 -3.1115
v  -2.1458 -0.7828 -3.0985
v  -2.0011 -2.8470 -3.1112
v  -1.9839 -2.9033 -3.1121
v  -1.9414 -2.9909 -3.1132
v  -1.6838 -3.2185 -3.1116
v  -1.6282 -3.2431 -3.1106
v  -1.9491 -0.0242 -3.1141
v  -1.9803 -0.0890 -3.1131
v  -1.9000 0.0544 -3.1148
v  -1.8485 0.1155 -3.1147
v  -1.7921 0.1668 -3.1144
v  -1.7320 0.2089 -3.1137
v  -1.6828 0.2348 -3.1126
v  -2.1421 -2.1566 -3.0981
v  -2.0111 -2.7879 -3.1105
v  -2.1841 -1.4911 -3.0908
v  -1.0209 -3.4228 -3.0973
v  -1.6615 0.2444 -3.1123
v  -1.9927 -0.1405 -3.1124
v  -0.8813 0.4721 -3.0927
v  -1.6396 0.2528 -3.1109
v  -0.1255 -3.5327 -3.0827
v  -0.0000 0.5647 -3.0804
v  0.0000 -3.5331 -3.0817
v  -7.0141 -8.5266 -0.1519
v  -8.0130 -7.5195 1.6962
v  -7.9422 -7.4854 1.7671
v  -7.7868 -7.6677 1.7729
v  -7.9085 -7.4698 1.7729
v  -1.8887 -3.0655 -3.1136
v  -1.8240 -3.1300 -3.1135
v  -1.7546 -3.1801 -3.1127
v  -8.1190 -3.8226 1.7720
v  -8.1181 -6.5662 1.7728
v  -8.1190 -1.4730 1.7714
v  -8.1184 1.3771 1.7708
v  -4.1633 -8.4398 1.7732
v  -2.0775 -8.4395 1.7732
v  -6.2991 -8.4407 1.7732
v  -6.9328 -8.3247 1.7731
v  -6.7303 -8.3877 1.7731
v  -7.3061 -8.1359 1.7731
v  -7.1242 -8.2412 1.7731
v  -7.6401 -7.8497 1.7729
v  -7.4806 -8.0032 1.7730
v  -8.0075 -7.2476 1.7727
v  -6.5245 -8.4252 1.7732
v  -8.2726 -3.8239 1.5826
v  -8.2727 -6.6214 1.5835
v  -8.2726 -1.4895 1.5821
v  -8.2726 1.3762 1.5815
v  -8.2725 3.5696 1.5810
v  -4.1563 -8.5936 1.5831
v  -2.0780 -8.5936 1.5831
v  -6.2988 -8.5936 1.5831
v  -6.5451 -8.5760 1.5831
v  -7.2000 -8.3748 1.5826
v  -6.9908 -8.4662 1.5831
v  -7.5872 -8.1130 1.5823
v  -7.3975 -8.2593 1.5831
v  -7.9156 -7.7493 1.5830
v  -7.7578 -7.9460 1.5828
v  -8.1514 -7.2948 1.5833
v  -8.0475 -7.5342 1.5843
v  -8.2598 -6.8334 1.5832
v  -8.2249 -7.0430 1.5834
v  -4.1441 9.5260 1.5793
v  -6.2994 9.5260 1.5793
v  -8.2597 7.7572 1.5792
v  -8.2717 7.5525 1.5792
v  -7.5494 9.0763 1.5787
v  -7.6875 8.9516 1.5788
v  -8.0259 8.5050 1.5788
v  -8.1091 8.3371 1.5791
v  -6.8908 9.4335 1.5792
v  -7.0765 9.3652 1.5792
v  -8.1779 8.1501 1.5791
v  -8.2282 7.9569 1.5792
v  -7.2433 9.2840 1.5789
v  -7.4013 9.1873 1.5787
v  -7.8139 8.8137 1.5787
v  -7.9275 8.6637 1.5786
v  -6.5012 9.5140 1.5793
v  -6.6999 9.4835 1.5793
v  -8.2725 4.0261 1.5807
v  -8.2725 3.8075 1.5809
v  -0.8323 9.5260 1.5793
v  -1.6833 9.5260 1.5793
v  -8.2718 6.1715 1.5798
v  -8.2720 5.8650 1.5800
v  -8.2724 4.3606 1.5806
v  -6.7717 -8.5337 1.5829
v  0.0000 -8.5936 1.5831
v  -8.2538 4.0291 1.6611
v  -8.2535 4.3644 1.6611
v  -8.2540 3.5719 1.6613
v  -8.2539 3.8111 1.6612
v  -7.1909 -8.3594 1.6615
v  -7.3859 -8.2447 1.6618
v  -7.5736 -8.1004 1.6616
v  -7.7427 -7.9352 1.6614
v  -7.8988 -7.7403 1.6618
v  -8.0299 -7.5271 1.6623
v  -8.1332 -7.2898 1.6617
v  -8.2055 -7.0402 1.6619
v  -6.7669 -8.5167 1.6613
v  -6.9840 -8.4502 1.6613
v  -8.2538 -3.8239 1.6615
v  -8.2532 -6.6196 1.6620
v  -8.2539 -1.4896 1.6614
v  -8.2541 1.3769 1.6615
v  -4.1578 -8.5760 1.6612
v  -2.0779 -8.5756 1.6611
v  -6.2978 -8.5760 1.6611
v  -6.5426 -8.5583 1.6612
v  -8.2401 -6.8304 1.6618
v  -4.1441 9.5060 1.6611
v  -6.3002 9.5060 1.6611
v  -8.2367 7.7588 1.6610
v  -8.2492 7.5525 1.6609
v  -7.5319 9.0607 1.6608
v  -7.6699 8.9370 1.6609
v  -8.0048 8.4963 1.6609
v  -8.0886 8.3286 1.6610
v  -6.8834 9.4128 1.6609
v  -7.0670 9.3448 1.6609
v  -8.1562 8.1445 1.6609
v  -8.2060 7.9525 1.6609
v  -7.2320 9.2638 1.6609
v  -7.3877 9.1684 1.6608
v  -7.7935 8.8022 1.6608
v  -7.9082 8.6516 1.6608
v  -6.4999 9.4916 1.6608
v  -6.6961 9.4612 1.6610
v  -0.8323 9.5060 1.6611
v  -1.6830 9.5060 1.6611
v  -8.2501 6.1709 1.6609
v  -8.2509 5.8640 1.6610
v  0.0000 -8.5761 1.6611
v  -4.1441 9.4679 1.7235
v  -6.3015 9.4679 1.7235
v  -1.6825 9.4679 1.7236
v  -0.8324 9.4679 1.7236
v  -8.2124 6.1698 1.7238
v  -8.2127 5.8630 1.7245
v  -8.2112 7.5525 1.7233
v  -8.1983 7.7610 1.7235
v  -8.1696 7.9453 1.7227
v  -8.1200 8.1351 1.7230
v  -8.0530 8.3139 1.7240
v  -7.9702 8.4817 1.7230
v  -7.8776 8.6322 1.7221
v  -7.7617 8.7844 1.7216
v  -7.6409 8.9128 1.7231
v  -7.5050 9.0365 1.7213
v  -7.3663 9.1387 1.7221
v  -7.2138 9.2311 1.7229
v  -7.0514 9.3111 1.7225
v  -6.8708 9.3775 1.7231
v  -6.6898 9.4243 1.7219
v  -6.4978 9.4557 1.7219
v  -8.2098 -3.8241 1.7322
v  -8.2063 -6.6040 1.7344
v  -8.2106 -1.4918 1.7312
v  -8.2115 1.3686 1.7286
v  -8.2132 3.5825 1.7288
v  -4.1605 -8.5339 1.7315
v  -2.0777 -8.5340 1.7310
v  -6.2990 -8.5340 1.7314
v  -6.9656 -8.4063 1.7350
v  -6.7549 -8.4733 1.7336
v  -7.3565 -8.2057 1.7358
v  -7.1678 -8.3188 1.7344
v  -7.7051 -7.9040 1.7355
v  -7.5403 -8.0662 1.7349
v  -8.1577 -7.0313 1.7353
v  -8.0856 -7.2743 1.7362
v  -8.1935 -6.8229 1.7345
v  -8.2138 4.0282 1.7277
v  -8.2136 3.8102 1.7282
v  -8.2140 4.3653 1.7270
v  -7.8562 -7.7140 1.7362
v  -6.5365 -8.5150 1.7329
v  -7.9818 -7.5045 1.7383
v  -8.1524 4.0255 1.7645
v  -8.1529 4.3640 1.7639
v  -4.1441 9.4069 1.7592
v  -6.3026 9.4065 1.7593
v  -1.6819 9.4055 1.7593
v  -0.8324 9.4054 1.7593
v  -0.0000 9.4066 1.7591
v  -8.1524 6.1686 1.7605
v  -8.1521 5.8622 1.7613
v  -8.1511 7.5518 1.7591
v  -8.1377 7.7617 1.7594
v  -8.1124 7.9338 1.7589
v  -8.0632 8.1194 1.7592
v  -7.9966 8.2902 1.7600
v  -7.9165 8.4571 1.7593
v  -7.8298 8.6012 1.7586
v  -7.7143 8.7542 1.7580
v  -7.5963 8.8734 1.7594
v  -7.4652 8.9977 1.7577
v  -7.3334 9.0919 1.7584
v  -7.1852 9.1794 1.7591
v  -7.0275 9.2584 1.7587
v  -6.8517 9.3216 1.7591
v  -6.6793 9.3673 1.7580
v  -6.4938 9.3995 1.7583
v  -8.1484 -3.8229 1.7683
v  -8.1454 -6.5760 1.7700
v  -8.1480 -1.4773 1.7674
v  -8.1501 1.3700 1.7651
v  -8.1519 3.5879 1.7651
v  -4.1626 -8.4713 1.7687
v  -2.0776 -8.4719 1.7685
v  -6.2996 -8.4719 1.7685
v  -6.9420 -8.3482 1.7703
v  -6.7376 -8.4139 1.7696
v  -7.3200 -8.1551 1.7707
v  -7.1371 -8.2642 1.7701
v  -7.6580 -7.8644 1.7704
v  -7.4977 -8.0212 1.7703
v  -8.0981 -7.0192 1.7703
v  -8.0280 -7.2546 1.7706
v  -8.1335 -6.8136 1.7700
v  0.0000 -8.4724 1.7682
v  -8.1518 3.8075 1.7648
v  -7.8050 -7.6800 1.7708
v  -6.5283 -8.4536 1.7693
v  -7.9258 -7.4780 1.7718
v  0.3057 -0.0079 -3.1323
v  0.2986 -0.0392 -3.1364
v  -0.0000 -0.0090 -3.1360
v  0.5912 -0.0917 -3.1336
v  0.5768 -0.1252 -3.1377
v  0.8479 -0.2280 -3.1350
v  0.8281 -0.2613 -3.1388
v  1.0447 -0.3829 -3.1358
v  1.0140 -0.4136 -3.1401
v  1.1609 -0.5048 -3.1360
v  1.1306 -0.5308 -3.1402
v  1.2659 -0.6380 -3.1358
v  1.4012 -0.8994 -3.1350
v  1.3664 -0.9144 -3.1388
v  1.2300 -0.6623 -3.1395
v  1.4887 -1.1872 -3.1339
v  1.4525 -1.1927 -3.1380
v  1.5184 -1.4914 -3.1334
v  1.4827 -1.4914 -3.1376
v  1.4883 -1.7942 -3.1338
v  1.4529 -1.7902 -3.1378
v  1.4008 -2.0848 -3.1347
v  1.3671 -2.0687 -3.1384
v  1.2668 -2.3454 -3.1354
v  1.2309 -2.3212 -3.1390
v  1.1413 -2.5000 -3.1355
v  1.1051 -2.4708 -3.1407
v  1.0576 -2.5877 -3.1353
v  0.8516 -2.7540 -3.1344
v  0.8299 -2.7226 -3.1379
v  1.0280 -2.5590 -3.1393
v  0.5908 -2.8913 -3.1330
v  0.5776 -2.8593 -3.1366
v  0.3047 -2.9734 -3.1317
v  0.2990 -2.9454 -3.1352
v  0.0000 -3.0064 -3.1309
v  0.0000 -2.9757 -3.1350
v  -0.0000 -0.1212 -3.1927
v  0.2759 -0.1498 -3.1924
v  0.2421 -0.3132 -3.3451
v  0.5326 -0.2299 -3.1925
v  0.4675 -0.3834 -3.3452
v  0.7650 -0.3562 -3.1928
v  0.6716 -0.4944 -3.3456
v  0.9333 -0.4943 -3.1942
v  0.8152 -0.6122 -3.3469
v  1.0378 -0.6064 -3.1953
v  0.9133 -0.7099 -3.3467
v  1.1354 -0.7261 -3.1935
v  1.2609 -0.9590 -3.1922
v  1.1077 -1.0237 -3.3457
v  0.9970 -0.8194 -3.3461
v  1.3409 -1.2155 -3.1924
v  1.1780 -1.2491 -3.3457
v  1.3696 -1.4915 -3.1931
v  1.2027 -1.4917 -3.3458
v  1.3414 -1.7675 -3.1922
v  1.1782 -1.7344 -3.3453
v  1.2615 -2.0242 -3.1914
v  1.1081 -1.9599 -3.3448
v  1.1362 -2.2574 -3.1923
v  0.9975 -2.1644 -3.3449
v  1.0196 -2.3949 -3.1983
v  0.9077 -2.2778 -3.3467
v  0.9462 -2.4744 -3.1974
v  0.7658 -2.6279 -3.1910
v  0.6722 -2.4898 -3.3438
v  0.8505 -2.3427 -3.3444
v  0.5311 -2.7525 -3.1878
v  0.4679 -2.6009 -3.3433
v  0.2762 -2.8346 -3.1903
v  0.2423 -2.6713 -3.3430
v  0.0000 -2.8633 -3.1906
v  0.0000 -2.6965 -3.3433
v  0.2096 -0.4699 -3.4918
v  0.1673 -0.6752 -3.5495
v  -0.0000 -0.4482 -3.4921
v  0.4050 -0.5307 -3.4920
v  0.3234 -0.7238 -3.5497
v  0.5822 -0.6268 -3.4924
v  0.4650 -0.8006 -3.5500
v  0.7021 -0.7252 -3.4937
v  0.5539 -0.8734 -3.5512
v  0.8643 -0.9089 -3.4926
v  0.6905 -1.0261 -3.5502
v  0.6275 -0.9453 -3.5509
v  0.7896 -0.8118 -3.4934
v  0.9603 -1.0861 -3.4923
v  0.7672 -1.1676 -3.5499
v  1.0211 -1.2815 -3.4922
v  0.8158 -1.3238 -3.5499
v  1.0426 -1.4920 -3.4924
v  0.8329 -1.4920 -3.5500
v  1.0212 -1.7024 -3.4917
v  0.8158 -1.6603 -3.5494
v  0.9606 -1.8979 -3.4915
v  0.7674 -1.8165 -3.5493
v  0.8646 -2.0752 -3.4915
v  0.6906 -1.9581 -3.5492
v  0.7371 -2.2299 -3.4913
v  0.5888 -2.0818 -3.5490
v  0.6274 -2.0359 -3.5491
v  0.7855 -2.1725 -3.4914
v  0.5825 -2.3575 -3.4907
v  0.4652 -2.1838 -3.5485
v  0.4053 -2.4537 -3.4901
v  0.3236 -2.2607 -3.5480
v  0.2097 -2.5147 -3.4898
v  0.1673 -2.3093 -3.5478
v  0.0000 -2.5363 -3.4901
v  0.1217 -0.8967 -3.5718
v  0.2354 -0.9320 -3.5720
v  0.3385 -0.9881 -3.5722
v  0.3940 -1.0333 -3.5732
v  0.5030 -1.1525 -3.5723
v  0.4527 -1.0894 -3.5730
v  0.5590 -1.2556 -3.5722
v  0.5943 -1.3693 -3.5721
v  0.6067 -1.4921 -3.5720
v  0.5943 -1.6148 -3.5718
v  0.5590 -1.7286 -3.5715
v  0.5030 -1.8317 -3.5712
v  0.4286 -1.9218 -3.5709
v  0.4568 -1.8883 -3.5710
v  0.3385 -1.9961 -3.5706
v  0.2354 -2.0521 -3.5702
v  0.1217 -2.0875 -3.5699
v  0.0000 -2.0998 -3.5696
v  0.2903 -0.0795 -3.1482
v  0.2827 -0.1168 -3.1672
v  -0.0000 -0.0877 -3.1674
v  -0.0000 -0.0498 -3.1482
v  0.5608 -0.1632 -3.1492
v  0.5458 -0.1986 -3.1678
v  0.8058 -0.2959 -3.1500
v  0.7842 -0.3279 -3.1683
v  0.9848 -0.4428 -3.1519
v  0.9576 -0.4700 -3.1703
v  1.1957 -0.6854 -3.1507
v  1.1637 -0.7070 -3.1690
v  1.0689 -0.5817 -3.1700
v  1.0985 -0.5573 -3.1513
v  1.3282 -0.9305 -3.1501
v  1.2924 -0.9456 -3.1678
v  1.4121 -1.2010 -3.1496
v  1.3739 -1.2088 -3.1668
v  1.4416 -1.4914 -3.1494
v  1.4034 -1.4914 -3.1682
v  1.4125 -1.7820 -3.1493
v  1.3743 -1.7742 -3.1664
v  1.3289 -2.0526 -3.1496
v  1.2931 -2.0375 -3.1671
v  1.1966 -2.2981 -3.1500
v  1.1645 -2.2765 -3.1681
v  0.9989 -2.5281 -3.1512
v  0.9732 -2.5008 -3.1695
v  1.0469 -2.4185 -3.1716
v  1.0742 -2.4430 -3.1524
v  0.8067 -2.6882 -3.1488
v  0.7850 -2.6563 -3.1669
v  0.5615 -2.8212 -3.1478
v  0.5464 -2.7858 -3.1661
v  0.2907 -2.9051 -3.1467
v  0.2830 -2.8676 -3.1654
v  0.0000 -2.9347 -3.1468
v  0.0000 -2.8966 -3.1658
v  0.6563 -0.2963 -4.8494
v  0.8181 -0.3985 -4.8316
v  0.8183 -0.3970 -4.8156
v  1.0054 -0.5670 -4.8209
v  1.0031 -0.5470 -4.6882
v  0.9143 -0.4721 -4.7829
v  0.9033 -0.4668 -4.8208
v  1.0771 -0.6510 -4.8215
v  1.0876 -0.6133 -4.4562
v  1.1786 -0.8005 -4.8216
v  1.2047 -0.7844 -4.4703
v  1.2595 -0.9620 -4.8216
v  1.2871 -0.9492 -4.4703
v  1.3184 -1.1329 -4.8215
v  1.3475 -1.1237 -4.4703
v  1.3542 -1.3099 -4.8214
v  1.3845 -1.3046 -4.4702
v  1.3664 -1.4918 -4.8214
v  1.3971 -1.4906 -4.4702
v  1.3433 -1.7417 -4.8214
v  1.3734 -1.7461 -4.4702
v  1.2677 -2.0010 -4.8213
v  1.2973 -2.0117 -4.4702
v  1.1431 -2.2403 -4.8213
v  1.1693 -2.2562 -4.4702
v  0.9656 -2.4584 -4.8213
v  0.9876 -2.4793 -4.4701
v  1.0785 -2.3677 -4.4702
v  1.0600 -2.3539 -4.8219
v  0.7473 -2.6357 -4.8210
v  0.7644 -2.6606 -4.4701
v  0.5026 -2.7623 -4.8212
v  0.5143 -2.7905 -4.4701
v  0.2485 -2.8354 -4.8212
v  0.2543 -2.8654 -4.4701
v  1.2512 -0.7570 -3.8498
v  1.1660 -0.6277 -3.8507
v  1.0910 -0.6138 -4.4288
v  1.3369 -0.9287 -3.8476
v  1.4000 -1.1097 -3.8441
v  1.4388 -1.2974 -3.8440
v  1.4519 -1.4913 -3.8441
v  1.4267 -1.7562 -3.8441
v  1.3470 -2.0313 -3.8432
v  1.2151 -2.2859 -3.8439
v  1.0257 -2.5177 -3.8439
v  1.1257 -2.4061 -3.8472
v  0.7939 -2.7058 -3.8438
v  0.5342 -2.8412 -3.8438
v  0.2641 -2.9196 -3.8384
v  0.2943 -3.1387 -3.5952
v  0.2831 -3.0557 -3.6173
v  0.6130 -3.0554 -3.5989
v  0.5811 -2.9795 -3.6176
v  0.9497 -2.8812 -3.6037
v  0.8929 -2.8145 -3.6222
v  1.1739 -2.7037 -3.6063
v  1.1179 -2.6363 -3.6239
v  1.2971 -2.5525 -3.6074
v  1.2328 -2.4984 -3.6274
v  1.4197 -2.4009 -3.6063
v  1.5631 -2.1202 -3.6038
v  1.4866 -2.0866 -3.6207
v  1.3435 -2.3588 -3.6242
v  1.6536 -1.8139 -3.6009
v  1.5680 -1.7927 -3.6201
v  1.6804 -1.4910 -3.5998
v  1.5947 -1.4913 -3.6198
v  1.6608 -1.2432 -3.6008
v  1.5771 -1.2630 -3.6212
v  1.6204 -1.0352 -3.6024
v  1.5418 -1.0630 -3.6198
v  1.5519 -0.8348 -3.6044
v  1.4726 -0.8604 -3.6208
v  1.4522 -0.6399 -3.6063
v  1.3837 -0.6854 -3.6231
v  1.3465 -0.4753 -3.6073
v  1.2856 -0.5391 -3.6247
v  8.3243 7.5524 0.1480
v  8.3243 6.1715 0.1482
v  8.3047 6.1716 0.7102
v  8.3047 7.5525 0.7093
v  8.2930 7.7597 0.7092
v  8.3125 7.7615 0.1479
v  7.6915 8.9551 1.5057
v  7.5535 9.0801 1.5054
v  7.5718 9.1019 0.7080
v  7.7119 8.9753 0.7083
v  8.1136 8.3389 1.5063
v  8.0307 8.5070 1.5057
v  8.0541 8.5200 0.7083
v  8.1383 8.3496 0.7089
v  7.0786 9.3698 1.5064
v  6.8924 9.4380 1.5065
v  6.9010 9.4649 0.7089
v  7.0896 9.3947 0.7088
v  8.2332 7.9579 1.5064
v  8.1828 8.1514 1.5063
v  8.2096 8.1597 0.7090
v  8.2611 7.9635 0.7091
v  7.4044 9.1918 1.5055
v  7.2459 9.2890 1.5058
v  7.2591 9.3123 0.7083
v  7.4201 9.2142 0.7080
v  7.9320 8.6666 1.5054
v  7.8185 8.8165 1.5054
v  7.8404 8.8347 0.7080
v  7.9549 8.6823 0.7080
v  6.7007 9.4885 1.5067
v  6.5015 9.5194 1.5068
v  6.5044 9.5474 0.7091
v  6.7062 9.5150 0.7090
v  8.2650 7.7570 1.5064
v  6.2992 9.5306 1.5069
v  6.2993 9.5582 0.7092
v  6.2994 -8.7564 -2.9947
v  6.2992 -8.6564 -0.1516
v  6.5538 -8.6386 -0.1515
v  6.5675 -8.7373 -2.9952
v  7.7610 -7.9486 1.5133
v  7.9191 -7.7516 1.5134
v  7.9395 -7.7695 0.7084
v  7.7802 -7.9679 0.7085
v  6.9934 -8.4697 1.5140
v  7.2029 -8.3778 1.5134
v  7.2153 -8.4036 0.7084
v  7.0029 -8.4967 0.7087
v  8.0510 -7.5359 1.5140
v  8.1552 -7.2960 1.5138
v  8.1787 -7.3110 0.7085
v  8.0731 -7.5527 0.7088
v  7.4009 -8.2622 1.5133
v  7.5905 -8.1156 1.5129
v  7.6081 -8.1379 0.7083
v  7.4158 -8.2860 0.7085
v  8.2293 -7.0435 1.5139
v  8.2642 -6.8340 1.5140
v  8.2900 -6.8465 0.7086
v  8.2540 -7.0567 0.7085
v  6.2992 -8.6262 0.7086
v  6.5496 -8.6086 0.7086
v  8.0986 -7.5706 -0.1550
v  8.1812 -7.6285 -2.9976
v  8.0466 -7.8589 -2.9981
v  7.9641 -7.7905 -0.1554
v  7.4317 -8.3104 -0.1531
v  7.4854 -8.3946 -2.9978
v  7.2736 -8.5207 -2.9974
v  7.2290 -8.4304 -0.1526
v  8.2832 -7.0708 -0.1516
v  8.3743 -7.1160 -2.9965
v  8.2966 -7.3802 -2.9971
v  8.2075 -7.3272 -0.1546
v  7.8040 -7.9917 -0.1545
v  7.8741 -8.0626 -2.9983
v  7.6937 -8.2446 -2.9983
v  7.6276 -8.1620 -0.1540
v  8.3206 -6.8541 -0.1459
v  8.3344 -6.6210 -0.1376
v  8.4335 -6.6749 -2.9952
v  8.4152 -6.8977 -2.9958
v  8.3358 -6.5152 -0.1744
v  8.4333 -6.5616 -2.9954
v  8.3049 -6.6207 0.7085
v  6.2993 -8.5979 1.5145
v  6.5457 -8.5805 1.5144
v  8.3328 -6.5062 -0.0847
v  8.3348 -6.5134 -0.1450
v  8.3299 -6.4718 -0.0001
v  8.3247 -6.2863 0.1405
v  8.3257 -6.3574 0.1134
v  8.3273 -6.4211 0.0656
v  8.3243 3.5689 0.1488
v  8.3243 1.3764 0.1497
v  8.3047 1.3764 0.7125
v  8.3047 3.5689 0.7119
v  8.3243 -0.6501 0.1505
v  8.3243 -2.5033 0.1510
v  8.3047 -1.4895 0.7128
v  8.2768 3.5689 1.5102
v  8.2768 3.8033 1.5100
v  8.2769 7.5525 1.5065
v  7.5848 9.1172 0.1466
v  7.7259 8.9891 0.1469
v  8.0712 8.5296 0.1469
v  8.1554 8.3570 0.1475
v  6.9067 9.4826 0.1472
v  7.0972 9.4118 0.1473
v  8.2275 8.1652 0.1476
v  8.2798 7.9671 0.1478
v  7.2687 9.3290 0.1467
v  7.4316 9.2305 0.1465
v  7.8553 8.8470 0.1466
v  7.9709 8.6934 0.1466
v  6.5063 9.5661 0.1474
v  6.7102 9.5340 0.1474
v  6.2992 9.5777 0.1475
v  8.2768 -1.4895 1.5121
v  8.2768 1.3764 1.5111
v  8.3048 -3.8239 0.7115
v  8.2767 -6.6204 1.5140
v  8.2768 -3.8239 1.5128
v  4.1441 9.5306 1.5059
v  4.1441 9.5583 0.7080
v  8.2173 -6.3680 -0.1817
v  8.3159 -6.4179 -3.0041
v  8.3587 -6.4261 -3.0016
v  8.2625 -6.3766 -0.1814
v  8.2173 -6.3675 -0.1537
v  8.2620 -6.3763 -0.1534
v  8.2607 -6.3691 -0.1057
v  8.2153 -6.3606 -0.1103
v  8.2589 -6.3531 -0.0708
v  8.2126 -6.3411 -0.0692
v  8.2554 -6.3239 -0.0350
v  8.2095 -6.3141 -0.0384
v  8.2537 -6.2865 -0.0086
v  8.2080 -6.2804 -0.0157
v  8.2530 -6.2469 0.0058
v  8.2075 -6.2462 -0.0033
v  8.2531 -6.2091 0.0103
v  8.2076 -6.2095 0.0010
v  8.2530 -3.8239 0.0096
v  8.2074 -3.8239 0.0004
v  8.2074 -0.6501 -0.0003
v  8.2530 -0.6501 0.0089
v  8.2531 1.3764 0.0085
v  8.2076 1.3764 -0.0008
v  6.4963 9.4531 -0.0026
v  6.5002 9.4940 0.0067
v  6.2993 9.5065 0.0067
v  6.2992 9.4607 -0.0027
v  6.6919 9.4218 -0.0026
v  6.6994 9.4643 0.0067
v  6.8755 9.3717 -0.0027
v  6.8881 9.4151 0.0067
v  7.0447 9.3082 -0.0027
v  7.0645 9.3490 0.0063
v  7.2114 9.2286 -0.0026
v  7.2344 9.2674 0.0064
v  7.3667 9.1336 -0.0027
v  7.3922 9.1709 0.0065
v  7.5083 9.0241 -0.0026
v  7.5384 9.0595 0.0060
v  7.6424 8.9076 -0.0026
v  7.6746 8.9389 0.0072
v  7.7647 8.7726 -0.0026
v  7.7999 8.8009 0.0070
v  7.8765 8.6249 -0.0025
v  7.9138 8.6499 0.0072
v  7.9698 8.4748 -0.0025
v  8.0091 8.4958 0.0075
v  8.0504 8.3084 -0.0024
v  8.0914 8.3267 0.0073
v  8.1164 8.1310 -0.0024
v  8.1593 8.1447 0.0072
v  8.1664 7.9424 -0.0024
v  8.2104 7.9518 0.0073
v  8.1974 7.7505 -0.0023
v  8.2419 7.7549 0.0077
v  8.2069 7.5524 -0.0023
v  8.2526 7.5525 0.0069
v  8.3253 7.5525 0.1200
v  8.3177 7.5527 0.0741
v  8.3179 6.1715 0.0750
v  8.3253 6.1715 0.1202
v  8.3163 -6.5365 -3.1452
v  8.3164 -6.5652 -3.1452
v  8.3608 -6.5621 -3.1397
v  8.3588 -6.5364 -3.1405
v  8.2689 -7.0636 -3.1452
v  8.3109 -7.0794 -3.1387
v  8.3486 -6.8819 -3.1373
v  8.3044 -6.8738 -3.1452
v  8.0760 -7.5565 -3.1452
v  8.1148 -7.5801 -3.1422
v  8.2308 -7.3373 -3.1409
v  8.1901 -7.3174 -3.1452
v  7.7871 -7.9770 -3.1452
v  7.8194 -8.0069 -3.1408
v  7.9847 -7.8059 -3.1419
v  7.9490 -7.7790 -3.1452
v  7.4209 -8.2956 -3.1452
v  7.4456 -8.3322 -3.1402
v  7.6464 -8.1855 -3.1404
v  7.6179 -8.1521 -3.1452
v  7.0058 -8.5057 -3.1452
v  7.0218 -8.5480 -3.1402
v  7.2427 -8.4574 -3.1403
v  7.2221 -8.4174 -3.1452
v  6.2990 -8.6394 -3.1480
v  6.3001 -8.6856 -3.1385
v  6.5573 -8.6639 -3.1400
v  6.5513 -8.6210 -3.1480
v  8.3587 -6.5076 -3.1366
v  8.3166 -6.5074 -3.1447
v  8.4344 -6.5372 -3.0255
v  8.4237 -6.4900 -3.0449
v  8.4238 -6.4948 -3.0552
v  8.3169 -6.4364 -3.0929
v  8.3171 -6.4237 -3.0652
v  8.2866 -6.4237 -3.0653
v  8.2864 -6.4364 -3.0930
v  8.2860 -6.5074 -3.1448
v  8.2858 -6.5365 -3.1452
v  7.8030 -6.4177 -2.9925
v  7.7784 -6.4204 -2.9924
v  7.7859 -6.4207 -3.0201
v  7.8081 -6.4180 -3.0093
v  7.7001 -6.4783 -2.9889
v  7.7114 -6.4850 -3.0537
v  7.7232 -6.4653 -3.0501
v  7.7108 -6.4624 -2.9895
v  7.7875 -6.4300 -3.0614
v  7.8138 -6.4337 -3.0830
v  7.8219 -6.4231 -3.0593
v  7.8018 -6.4219 -3.0440
v  7.7458 -6.4988 -3.1058
v  7.7907 -6.5181 -3.1370
v  7.7938 -6.4934 -3.1311
v  7.7530 -6.4776 -3.0993
v  8.1892 -6.3675 -0.1543
v  8.1873 -6.3609 -0.1117
v  7.9120 -6.3623 -0.1168
v  7.9049 -6.3675 -0.1563
v  8.1846 -6.3421 -0.0709
v  7.9268 -6.3442 -0.0745
v  8.1815 -6.3153 -0.0394
v  7.9333 -6.3124 -0.0369
v  8.1800 -6.2810 -0.0160
v  7.9197 -6.2738 -0.0126
v  8.1795 -6.2463 -0.0033
v  7.9113 -6.2412 -0.0022
v  8.1796 -6.2095 0.0010
v  7.9069 -6.2081 0.0010
v  7.8768 -6.3675 -0.1537
v  7.8847 -6.3605 -0.1103
v  7.8595 -6.3611 -0.1028
v  7.8533 -6.3698 -0.1531
v  7.8993 -6.3411 -0.0692
v  7.8725 -6.3411 -0.0635
v  7.9047 -6.3141 -0.0384
v  7.8764 -6.3164 -0.0354
v  7.8925 -6.2804 -0.0156
v  7.8672 -6.2841 -0.0139
v  7.8837 -6.2462 -0.0032
v  7.8602 -6.2499 -0.0015
v  7.8789 -6.2100 0.0010
v  7.8572 -6.2099 0.0030
v  7.8382 -6.3657 -0.0935
v  7.8208 -6.3729 -0.0825
v  7.8132 -6.3861 -0.1518
v  7.8325 -6.3761 -0.1525
v  7.8476 -6.3460 -0.0542
v  7.8279 -6.3546 -0.0442
v  7.8511 -6.3218 -0.0282
v  7.8284 -6.3302 -0.0167
v  7.8444 -6.2907 -0.0088
v  7.8238 -6.2998 0.0003
v  7.8391 -6.2562 0.0034
v  7.8198 -6.2643 0.0120
v  7.8371 -6.2098 0.0087
v  7.8183 -6.2096 0.0178
v  8.1793 -3.8239 0.0004
v  7.9068 -3.8239 0.0004
v  7.8571 -3.8239 0.0025
v  7.8370 -3.8239 0.0082
v  7.7760 -6.2110 0.0610
v  7.7875 -6.2095 0.0444
v  7.7875 -3.8239 0.0438
v  7.7760 -3.8239 0.0604
v  7.9068 -0.6501 -0.0003
v  8.1793 -0.6501 -0.0003
v  8.1796 1.3764 -0.0008
v  7.9067 1.3764 -0.0008
v  7.8369 -0.6501 0.0075
v  7.8570 -0.6501 0.0017
v  7.8569 1.3764 0.0013
v  7.8367 1.3764 0.0070
v  7.7759 -0.6501 0.0599
v  7.7873 -0.6501 0.0432
v  7.7871 1.3764 0.0429
v  7.7758 1.3764 0.0596
v  7.9066 3.5689 -0.0013
v  8.1798 3.5689 -0.0013
v  8.1792 5.8653 -0.0019
v  7.9066 5.8302 -0.0019
v  7.8362 3.5689 0.0067
v  7.8565 3.5690 0.0009
v  7.8522 5.8298 0.0013
v  7.8318 5.8297 0.0080
v  7.7757 3.5690 0.0592
v  7.7869 3.5690 0.0427
v  7.7855 5.8300 0.0440
v  7.7764 5.8303 0.0575
v  6.4746 9.2436 -0.0027
v  6.4935 9.4252 -0.0026
v  6.2987 9.4326 -0.0027
v  6.2999 9.2524 -0.0027
v  6.6542 9.2140 -0.0027
v  6.6860 9.3943 -0.0026
v  6.8171 9.1713 -0.0027
v  6.8669 9.3449 -0.0027
v  6.9562 9.1222 -0.0026
v  7.0337 9.2823 -0.0027
v  7.0979 9.0556 -0.0026
v  7.1980 9.2039 -0.0026
v  7.2483 8.9674 -0.0026
v  7.3507 9.1105 -0.0026
v  7.3684 8.8711 -0.0025
v  7.4905 9.0024 -0.0026
v  7.4915 8.7650 -0.0026
v  7.6227 8.8875 -0.0026
v  7.6001 8.6458 -0.0025
v  7.7431 8.7547 -0.0026
v  7.6965 8.5194 -0.0025
v  7.8534 8.6090 -0.0025
v  7.7865 8.3799 -0.0025
v  7.9453 8.4612 -0.0025
v  7.8618 8.2275 -0.0024
v  8.0246 8.2974 -0.0024
v  7.9230 8.0645 -0.0024
v  8.0896 8.1225 -0.0024
v  7.9647 7.8992 -0.0024
v  8.1389 7.9365 -0.0024
v  7.9927 7.7298 -0.0023
v  8.1695 7.7476 -0.0023
v  8.0013 7.5530 -0.0023
v  8.1788 7.5517 -0.0023
v  7.9991 6.2695 -0.0020
v  8.1793 6.1716 -0.0019
v  7.9502 5.9184 -0.0019
v  7.9162 5.8808 -0.0019
v  7.9793 5.9719 -0.0019
v  7.9935 6.0214 -0.0019
v  7.9989 6.0716 -0.0019
v  7.9098 5.8732 -0.0019
v  7.8529 6.0730 0.1121
v  7.8488 6.0426 0.1105
v  7.8540 6.0425 0.0845
v  7.8575 6.0721 0.0845
v  7.8377 6.0145 0.1083
v  7.8427 6.0150 0.0845
v  7.8235 5.9944 0.1074
v  7.8284 5.9934 0.0845
v  7.8151 5.9858 0.1071
v  7.8185 5.9830 0.0845
v  7.7845 5.9392 0.0830
v  7.7920 5.9355 0.0625
v  7.8040 5.9626 0.0740
v  7.7968 5.9639 0.0967
v  7.7775 5.9152 0.0734
v  7.7860 5.9119 0.0552
v  7.7764 5.8648 0.0575
v  7.7854 5.8645 0.0440
v  7.8039 -6.3845 -0.0684
v  7.7924 -6.3969 -0.0552
v  7.7839 -6.4127 -0.1508
v  7.7975 -6.3981 -0.1514
v  7.8088 -6.3685 -0.0298
v  7.7954 -6.3855 -0.0152
v  7.8103 -6.3405 -0.0019
v  7.7965 -6.3532 0.0160
v  7.8071 -6.3099 0.0127
v  7.7935 -6.3208 0.0282
v  7.8038 -6.2728 0.0235
v  7.7902 -6.2817 0.0379
v  7.8018 -6.2093 0.0297
v  7.8182 -3.8239 0.0173
v  7.8018 -3.8239 0.0291
v  7.8016 -0.6501 0.0285
v  7.8180 -0.6501 0.0166
v  7.8179 1.3764 0.0163
v  7.8014 1.3764 0.0282
v  7.9013 6.0372 0.0179
v  7.9286 6.0332 0.0047
v  7.9321 6.0728 0.0048
v  7.9043 6.0725 0.0187
v  7.8923 6.0034 0.0170
v  7.9185 5.9952 0.0043
v  7.8717 5.9666 0.0159
v  7.8950 5.9517 0.0037
v  7.8530 5.9452 0.0159
v  7.8716 5.9248 0.0034
v  7.8352 5.9122 0.0123
v  7.8558 5.9010 0.0028
v  7.8618 5.9147 0.0035
v  7.8421 5.9306 0.0148
v  7.8329 5.8960 0.0100
v  7.8543 5.8886 0.0020
v  6.2992 9.1065 0.1110
v  6.4626 9.0964 0.1110
v  6.4627 9.1005 0.0845
v  6.2991 9.1107 0.0845
v  6.6296 9.0708 0.1110
v  6.6302 9.0750 0.0845
v  6.7733 9.0318 0.1110
v  6.7746 9.0354 0.0845
v  6.8944 8.9867 0.1110
v  6.8962 8.9905 0.0845
v  7.0187 8.9278 0.1110
v  7.0210 8.9310 0.0845
v  7.1531 8.8484 0.1110
v  7.1561 8.8514 0.0845
v  7.2739 8.7600 0.1110
v  7.2765 8.7631 0.0845
v  7.3858 8.6603 0.1110
v  7.3887 8.6632 0.0845
v  7.4830 8.5559 0.1110
v  7.4864 8.5585 0.0845
v  7.5753 8.4364 0.1110
v  7.5789 8.4392 0.0845
v  7.6553 8.3078 0.1110
v  7.6592 8.3098 0.0845
v  7.7246 8.1670 0.1110
v  7.7285 8.1687 0.0845
v  7.7793 8.0202 0.1110
v  7.7833 8.0213 0.0845
v  7.8184 7.8717 0.1110
v  7.8226 7.8723 0.0845
v  7.8427 7.7173 0.1110
v  7.8470 7.7174 0.0845
v  7.8531 7.5526 0.1110
v  7.8574 7.5525 0.0845
v  6.4660 9.1515 0.0159
v  6.4681 9.1767 0.0036
v  6.2991 9.1855 0.0040
v  6.2990 9.1622 0.0159
v  6.6376 9.1242 0.0159
v  6.6419 9.1499 0.0035
v  6.7903 9.0842 0.0159
v  6.7976 9.1075 0.0038
v  6.9176 9.0358 0.0159
v  6.9293 9.0610 0.0030
v  7.0489 8.9737 0.0159
v  7.0636 8.9970 0.0030
v  7.1899 8.8897 0.0159
v  7.2079 8.9122 0.0026
v  7.3097 8.8024 0.0159
v  7.3253 8.8205 0.0040
v  7.4250 8.6990 0.0159
v  7.4436 8.7173 0.0034
v  7.5274 8.5886 0.0159
v  7.5480 8.6043 0.0035
v  7.6197 8.4678 0.0159
v  7.6421 8.4829 0.0033
v  7.7033 8.3341 0.0159
v  7.7278 8.3475 0.0030
v  7.7751 8.1896 0.0159
v  7.7994 8.2003 0.0033
v  7.8323 8.0358 0.0159
v  7.8581 8.0439 0.0032
v  7.8732 7.8810 0.0159
v  7.8981 7.8857 0.0037
v  7.8981 7.7209 0.0159
v  7.9246 7.7231 0.0033
v  7.9089 7.5522 0.0159
v  7.9335 7.5522 0.0040
v  7.8846 7.5523 0.0360
v  7.8811 6.2695 0.0395
v  7.9100 6.2695 0.0159
v  7.9732 7.5523 -0.0023
v  7.9322 6.2695 0.0047
v  7.9711 6.2695 -0.0020
v  4.1441 9.2089 -0.0015
v  4.1441 9.1685 0.0158
v  4.1441 9.1106 0.0845
v  4.1441 9.1069 0.1110
v  7.4642 -6.4177 -2.9680
v  7.5365 -6.3103 -0.1742
v  7.5364 -6.2299 -0.1743
v  7.5404 3.5689 -0.0297
v  7.5404 5.7588 -0.0298
v  7.5374 5.7499 -0.1467
v  7.5349 3.5689 -0.1463
v  7.5411 5.7889 -0.0018
v  7.5411 5.7594 -0.0018
v  7.5498 5.7649 0.0405
v  7.5497 5.7954 0.0403
v  7.5403 -0.6500 -0.0342
v  7.5403 1.3765 -0.0320
v  7.5375 1.3765 -0.1486
v  7.5373 -0.6501 -0.1506
v  8.3165 -6.4798 -3.1339
v  8.3165 -6.4560 -3.1167
v  8.2860 -6.4560 -3.1167
v  8.2860 -6.4798 -3.1339
v  7.7627 -6.4584 -3.0895
v  7.7742 -6.4425 -3.0769
v  7.7501 -6.4371 -3.0371
v  7.7356 -6.4499 -3.0441
v  7.8469 -6.4796 -3.1338
v  7.8470 -6.4560 -3.1167
v  7.8061 -6.4498 -3.1036
v  7.7994 -6.4697 -3.1196
v  8.1893 -6.3680 -0.1822
v  7.9046 -6.3680 -0.1822
v  7.8373 -6.4177 -2.9945
v  8.2878 -6.4179 -3.0034
v  7.8473 6.0423 0.1367
v  7.8520 6.0751 0.1367
v  7.8170 6.1506 1.1388
v  7.8119 6.1154 1.1407
v  6.4633 9.0954 0.1366
v  6.2994 9.1054 0.1367
v  6.2981 9.0704 1.1446
v  6.4588 9.0609 1.1445
v  6.6293 9.0693 0.1366
v  6.6220 9.0348 1.1445
v  6.7728 9.0307 0.1366
v  6.7625 8.9980 1.1445
v  6.8939 8.9855 0.1366
v  6.8807 8.9543 1.1445
v  7.0179 8.9270 0.1366
v  7.0023 8.8969 1.1446
v  7.1526 8.8476 0.1366
v  7.1337 8.8190 1.1446
v  7.2732 8.7593 0.1366
v  7.2520 8.7329 1.1446
v  7.3853 8.6595 0.1366
v  7.3620 8.6360 1.1446
v  7.4826 8.5548 0.1366
v  7.4563 8.5334 1.1446
v  7.5743 8.4356 0.1366
v  7.5459 8.4161 1.1444
v  7.6541 8.3079 0.1366
v  7.6243 8.2905 1.1446
v  7.7236 8.1670 0.1366
v  7.6928 8.1533 1.1446
v  7.7783 8.0200 0.1366
v  7.7456 8.0095 1.1445
v  7.8173 7.8716 0.1367
v  7.7833 7.8643 1.1448
v  7.8417 7.7172 0.1367
v  7.8072 7.7133 1.1444
v  7.8520 7.5526 0.1367
v  7.8168 7.5514 1.1445
v  7.8520 6.0969 0.1367
v  7.8170 6.1725 1.1389
v  4.1441 9.1054 0.1367
v  4.1441 9.0704 1.1446
v  7.7827 5.9727 0.1975
v  7.7600 5.9537 0.1714
v  7.4472 5.9587 0.1642
v  7.5118 5.9324 0.1148
v  7.5623 5.9384 0.1634
v  7.5257 5.9633 0.2268
v  7.3856 5.9457 -0.0098
v  7.4491 5.9312 -0.0113
v  7.4716 5.9310 0.0557
v  7.4042 5.9530 0.0832
v  7.7392 -6.4680 0.0042
v  7.7691 -6.4385 0.0000
v  7.7753 -6.4228 0.0301
v  7.7420 -6.4385 0.0726
v  7.7271 5.9656 0.2576
v  7.7138 5.9439 0.1921
v  7.5296 5.8428 -0.0370
v  7.5403 5.7865 -0.0346
v  7.5304 5.8451 -0.0061
v  7.4635 5.5657 -2.9980
v  7.4642 5.5678 -2.9696
v  7.4535 5.6245 -2.9721
v  7.4527 5.6224 -3.0005
v  8.3169 -6.4184 -3.0313
v  8.2862 -6.4184 -3.0314
v  7.7585 -6.4265 -2.9921
v  7.7673 -6.4271 -3.0290
v  7.8472 -6.4241 -3.0665
v  7.8455 -6.4184 -3.0331
v  7.8315 -6.4184 -3.0301
v  7.7786 -6.4200 -2.9644
v  7.8041 -6.4173 -2.9708
v  7.8765 -6.3680 -0.1817
v  7.8526 -6.3703 -0.1812
v  7.8788 -3.8239 0.0004
v  7.8787 -0.6501 -0.0003
v  7.8787 1.3764 -0.0008
v  7.8786 3.5689 -0.0013
v  7.8786 5.8302 -0.0019
v  7.8319 -6.3766 -0.1805
v  7.7599 -6.4258 -2.9619
v  8.4240 -6.5022 -3.0640
v  8.4242 -6.5109 -3.0706
v  8.4237 -6.4877 -3.0270
v  7.8476 -6.4368 -3.0935
v  7.7411 -6.4354 -2.9633
v  7.8126 -6.3865 -0.1798
v  7.7969 -6.3985 -0.1794
v  7.7255 -6.4471 -2.9623
v  7.8470 -6.5072 -3.1447
v  7.7116 -6.4618 -2.9615
v  7.7831 -6.4134 -0.1788
v  7.7823 -6.4142 -0.0383
v  7.7735 -6.4283 -0.1499
v  7.7870 -6.4035 -0.0022
v  7.7875 -6.3672 0.0350
v  7.7835 -6.3312 0.0459
v  7.7797 -6.2901 0.0543
v  7.7723 -6.4297 -0.1779
v  7.7004 -6.4786 -2.9609
v  8.4244 -6.5200 -3.0747
v  7.8473 -6.5365 -3.1452
v  7.8185 -6.4182 -3.0230
v  7.7400 -6.4361 -2.9914
v  7.7244 -6.4479 -2.9904
v  7.8318 5.8641 0.0081
v  7.8521 5.8643 0.0013
v  7.9066 5.8613 -0.0019
v  7.8630 6.0417 0.0619
v  7.8785 6.0401 0.0385
v  7.8811 6.0722 0.0395
v  7.8661 6.0721 0.0619
v  7.8523 6.0135 0.0619
v  7.8698 6.0095 0.0367
v  7.8368 5.9893 0.0619
v  7.8525 5.9798 0.0356
v  7.8259 5.9742 0.0566
v  7.8371 5.9626 0.0352
v  7.8029 5.9293 0.0428
v  7.8167 5.9222 0.0268
v  7.8252 5.9449 0.0318
v  7.8134 5.9557 0.0513
v  7.7985 5.9078 0.0373
v  7.8137 5.9025 0.0228
v  7.7981 5.8648 0.0301
v  7.8129 5.8643 0.0183
v  6.4632 9.1112 0.0585
v  6.4642 9.1276 0.0360
v  6.2990 9.1377 0.0360
v  6.2990 9.1213 0.0585
v  6.6316 9.0852 0.0584
v  6.6339 9.1007 0.0360
v  6.7779 9.0456 0.0585
v  6.7830 9.0612 0.0360
v  6.9007 8.9999 0.0584
v  6.9075 9.0142 0.0360
v  7.0271 8.9399 0.0585
v  7.0361 8.9537 0.0360
v  7.1635 8.8591 0.0584
v  7.1745 8.8714 0.0360
v  7.2834 8.7714 0.0585
v  7.2940 8.7840 0.0360
v  7.3963 8.6707 0.0585
v  7.4080 8.6822 0.0360
v  7.4949 8.5646 0.0584
v  7.5081 8.5743 0.0360
v  7.5873 8.4453 0.0584
v  7.6002 8.4544 0.0360
v  7.6684 8.3149 0.0584
v  7.6824 8.3226 0.0360
v  7.7382 8.1731 0.0585
v  7.7532 8.1799 0.0360
v  7.7936 8.0242 0.0585
v  7.8094 8.0289 0.0360
v  7.8332 7.8739 0.0585
v  7.8495 7.8767 0.0360
v  7.8577 7.7181 0.0585
v  7.8742 7.7191 0.0360
v  7.8682 7.5524 0.0585
v  7.8575 6.2695 0.0845
v  7.8661 6.2695 0.0619
v  4.1441 9.1402 0.0359
v  4.1441 9.1220 0.0584
v  7.9659 6.0269 -0.0019
v  7.9709 6.0731 -0.0019
v  7.9532 5.9826 -0.0019
v  7.9272 5.9348 -0.0019
v  7.8955 5.8997 -0.0019
v  7.8844 5.8858 -0.0019
v  7.8893 5.8931 -0.0019
v  7.8819 5.8784 -0.0019
v  6.4716 9.2156 -0.0027
v  6.2992 9.2243 -0.0027
v  6.6483 9.1865 -0.0027
v  6.8089 9.1444 -0.0027
v  6.9456 9.0962 -0.0026
v  7.0848 9.0308 -0.0026
v  7.2323 8.9442 -0.0026
v  7.3504 8.8495 -0.0025
v  7.4719 8.7449 -0.0026
v  7.5786 8.6278 -0.0025
v  7.6735 8.5033 -0.0025
v  7.7620 8.3660 -0.0025
v  7.8360 8.2163 -0.0024
v  7.8962 8.0561 -0.0024
v  7.9372 7.8935 -0.0024
v  7.9648 7.7268 -0.0023
v  7.8786 5.8646 -0.0019
v  7.8010 3.5690 0.0280
v  7.8174 3.5690 0.0161
v  7.8130 5.8298 0.0183
v  7.7982 5.8303 0.0301
v  7.8531 6.2695 0.1110
v  7.5420 5.8961 0.0907
v  7.5637 5.8448 0.0771
v  7.5994 5.8477 0.1081
v  7.5829 5.9014 0.1288
v  7.4982 5.8960 -0.0101
v  7.5405 5.8447 0.0386
v  7.5124 5.8950 0.0438
v  7.7046 5.9133 0.1564
v  7.6325 5.9063 0.1510
v  7.6419 5.8533 0.1248
v  7.6975 5.8597 0.1260
v  7.4208 5.6757 -2.9752
v  7.4931 5.8837 -0.1847
v  7.4444 5.9180 -0.1899
v  7.3710 5.7108 -2.9769
v  7.7405 5.9168 0.1366
v  7.7385 5.8819 0.1124
v  7.6246 5.9427 0.1912
v  7.4969 5.8946 -0.0378
v  7.5711 5.8022 0.0764
v  7.6056 5.8059 0.1046
v  7.6459 5.8087 0.1191
v  7.6950 5.8100 0.1178
v  7.3849 5.9437 -0.0369
v  7.4483 5.9289 -0.0433
v  7.3810 5.9328 -0.1840
v  7.3068 5.7247 -2.9773
v  7.7379 5.8223 0.0991
v  6.2996 8.2718 1.2696
v  4.1441 8.2529 1.2692
v  4.1444 7.5516 1.2540
v  6.2996 7.5473 1.2559
v  1.6833 9.5306 1.5062
v  0.8323 9.5306 1.5065
v  0.8323 9.5582 0.7088
v  1.6835 9.5583 0.7084
v  1.6838 9.5778 0.1443
v  4.1441 9.5776 0.1504
v  1.6826 9.4621 -0.0027
v  4.1441 9.4567 -0.0027
v  4.1441 9.5056 0.0067
v  1.6831 9.5067 0.0067
v  1.6805 9.2524 -0.0027
v  4.1441 9.2539 -0.0027
v  4.1441 9.4286 -0.0027
v  1.6823 9.4340 -0.0027
v  1.6800 9.1986 0.0003
v  0.8323 9.1939 0.0014
v  0.8323 9.1620 0.0159
v  1.6796 9.1634 0.0158
v  1.6791 9.1106 0.0845
v  0.8323 9.1106 0.0845
v  0.8323 9.1066 0.1110
v  1.6791 9.1068 0.1110
v  1.6791 9.1054 0.1367
v  0.8323 9.1054 0.1367
v  0.8324 9.0703 1.1462
v  1.6787 9.0703 1.1476
v  1.6794 9.1389 0.0359
v  0.8323 9.1376 0.0360
v  0.8323 9.1211 0.0584
v  1.6792 9.1216 0.0584
v  1.6802 9.2244 -0.0027
v  0.8323 9.2246 -0.0027
v  1.6668 8.2539 1.2691
v  0.8323 8.2543 1.2691
v  0.8323 7.5519 1.2541
v  1.6585 7.5520 1.2539
v  4.1448 6.2697 1.2262
v  4.5755 6.2697 1.2262
v  1.6585 6.2694 1.2262
v  6.3019 6.2700 1.2283
v  6.9990 6.2701 1.2464
v  7.0186 7.5524 1.2645
v  7.8354 6.0144 0.1367
v  7.7969 6.0839 1.1431
v  7.8236 5.9979 0.1367
v  7.7705 6.0561 1.1443
v  7.7867 5.9764 0.2163
v  7.7380 6.0385 1.1442
v  7.6026 5.9694 0.3079
v  7.7307 5.9690 0.3013
v  7.6986 6.0319 1.1465
v  7.6514 6.0317 1.1444
v  7.4153 5.9616 0.2024
v  7.0114 6.0296 1.1155
v  7.3700 5.9539 0.0994
v  1.5415 5.9428 0.5516
v  1.6540 5.9753 1.0822
v  0.8327 5.9756 1.0871
v  0.7904 5.9431 0.5576
v  1.6569 5.9770 1.1103
v  4.1448 6.0295 1.1141
v  4.1449 6.0405 1.1557
v  1.6589 5.9873 1.1525
v  6.3017 6.0294 1.1137
v  7.0114 6.0309 1.1333
v  7.0077 6.0411 1.1762
v  6.3010 6.0407 1.1559
v  7.8106 6.1163 1.1673
v  7.8161 6.1517 1.1654
v  7.8066 6.1506 1.2075
v  7.8009 6.1185 1.2086
v  7.8161 6.1709 1.1654
v  7.8064 6.1689 1.2079
v  7.8157 7.5512 1.1712
v  7.8062 7.7132 1.1711
v  7.7954 7.7127 1.2138
v  7.8047 7.5518 1.2138
v  7.7823 7.8641 1.1714
v  7.7720 7.8621 1.2146
v  7.7447 8.0093 1.1712
v  7.7347 8.0071 1.2149
v  7.6918 8.1529 1.1712
v  7.6815 8.1493 1.2147
v  7.6235 8.2901 1.1712
v  7.6145 8.2849 1.2147
v  7.5452 8.4156 1.1711
v  7.5370 8.4099 1.2147
v  7.4557 8.5328 1.1712
v  7.4479 8.5265 1.2149
v  7.3613 8.6353 1.1712
v  7.3540 8.6281 1.2149
v  7.2514 8.7323 1.1713
v  7.2450 8.7242 1.2147
v  7.1332 8.8182 1.1712
v  7.1267 8.8102 1.2147
v  7.0019 8.8960 1.1713
v  6.9955 8.8877 1.2145
v  6.8804 8.9534 1.1711
v  6.8756 8.9438 1.2146
v  6.7622 8.9970 1.1712
v  6.7586 8.9873 1.2149
v  6.6218 9.0339 1.1711
v  6.6197 9.0237 1.2147
v  6.4587 9.0599 1.1713
v  6.4584 9.0495 1.2146
v  6.2981 9.0694 1.1712
v  6.2990 9.0591 1.2148
v  4.1441 9.0694 1.1713
v  4.1441 9.0524 1.2107
v  1.6787 9.0692 1.1742
v  1.6784 9.0523 1.2127
v  0.8324 9.0693 1.1728
v  0.8323 9.0526 1.2116
v  7.7380 6.0408 1.1710
v  7.7707 6.0590 1.1710
v  7.7648 6.0677 1.2107
v  7.7350 6.0510 1.2107
v  7.7952 6.0849 1.1695
v  7.7863 6.0902 1.2099
v  1.6584 6.1158 1.2229
v  4.1446 6.1656 1.2240
v  6.2989 6.1670 1.2240
v  6.9938 6.1677 1.2452
v  7.6760 7.5515 1.2811
v  7.6682 7.7011 1.2821
v  7.0146 7.6315 1.2658
v  7.6456 7.8357 1.2828
v  7.0026 7.7005 1.2666
v  7.6099 7.9712 1.2833
v  6.9832 7.7737 1.2671
v  7.5605 8.1006 1.2837
v  6.9573 7.8412 1.2679
v  7.5017 8.2218 1.2840
v  6.9276 7.9022 1.2682
v  7.4311 8.3366 1.2842
v  6.8907 7.9623 1.2687
v  7.3486 8.4437 1.2843
v  6.8472 8.0187 1.2689
v  7.2627 8.5361 1.2843
v  6.8024 8.0667 1.2692
v  7.1645 8.6238 1.2843
v  6.7517 8.1118 1.2696
v  7.0529 8.7045 1.2843
v  6.6908 8.1559 1.2696
v  6.9303 8.7774 1.2842
v  6.6246 8.1950 1.2699
v  6.8238 8.8254 1.2841
v  6.5720 8.2181 1.2694
v  6.7178 8.8639 1.2840
v  6.5173 8.2376 1.2696
v  6.5931 8.8969 1.2839
v  6.4536 8.2546 1.2695
v  6.4472 8.9210 1.2839
v  6.3784 8.2674 1.2696
v  6.2997 8.9297 1.2839
v  4.1441 8.9287 1.2838
v  1.6775 8.9305 1.2837
v  0.8323 8.9310 1.2836
v  6.9938 6.1477 1.2450
v  6.9973 6.1043 1.2373
v  7.6657 6.1055 1.2685
v  7.6706 6.1520 1.2782
v  7.9990 6.0963 -0.0019
v  7.8811 6.0969 0.0395
v  7.9044 6.0971 0.0187
v  7.9321 6.0974 0.0048
v  7.9709 6.0977 -0.0019
v  7.8520 6.2695 0.1367
v  7.8170 6.2701 1.1392
v  7.8575 6.0968 0.0845
v  7.8661 6.0967 0.0619
v  7.8531 6.0975 0.1110
v  7.8161 6.2701 1.1658
v  7.8056 6.2699 1.2103
v  7.6727 6.2701 1.2778
v  7.6725 6.1720 1.2782
v  7.6976 6.0336 1.1690
v  4.5731 6.0294 1.1126
v  4.5735 6.0273 1.0845
v  6.3019 6.0275 1.0873
v  4.1448 6.0273 1.0845
v  0.8334 5.9771 1.1104
v  7.4935 5.9669 0.2742
v  7.6094 5.9662 0.2643
v  8.3243 5.8652 0.1483
v  8.3047 5.8652 0.7104
v  8.2768 6.1716 1.5078
v  8.2768 5.8653 1.5081
v  8.2074 6.1716 -0.0019
v  8.2072 5.8653 -0.0019
v  8.2546 5.8652 0.0082
v  8.2547 6.1715 0.0081
v  8.2078 3.5689 -0.0013
v  8.2533 3.5689 0.0081
v  1.5029 5.9278 0.3075
v  0.7704 5.9270 0.2934
v  0.6840 5.8155 -0.6525
v  1.3549 5.8161 -0.6485
v  1.2139 5.5052 -1.5506
v  0.5950 5.5043 -1.5531
v  0.5558 5.3100 -1.9115
v  1.1577 5.3107 -1.9092
v  0.8781 3.2862 -3.8029
v  0.9058 3.6096 -3.6127
v  0.4180 3.6124 -3.6111
v  0.4116 3.2934 -3.7987
v  0.9376 3.9208 -3.4041
v  0.9772 4.2459 -3.1508
v  0.4405 4.2432 -3.1532
v  0.4269 3.9196 -3.4051
v  0.8324 9.5778 0.1452
v  0.8323 9.4629 -0.0027
v  0.8323 9.5063 0.0067
v  0.8323 9.2527 -0.0027
v  0.8323 9.4349 -0.0027
v  -0.0000 9.5306 1.5069
v  -0.0000 9.5582 0.7093
v  -0.0000 9.1881 0.0032
v  -0.0000 9.1065 0.1110
v  -0.0000 9.0704 1.1438
v  -0.0000 9.1377 0.0360
v  -0.0000 9.1213 0.0585
v  -0.0000 7.5519 1.2543
v  0.8323 6.2694 1.2262
v  -0.0000 5.9421 0.5408
v  0.8336 5.9868 1.1515
v  0.8324 6.1239 1.2230
v  -0.0000 8.9315 1.2836
v  -0.0000 5.9775 1.1150
v  -0.0000 5.9264 0.2835
v  -0.0000 5.8158 -0.6529
v  -0.0000 5.5036 -1.5542
v  0.3926 2.5158 -4.1569
v  0.8196 2.5171 -4.1561
v  0.8463 2.9075 -3.9915
v  0.4013 2.9104 -3.9903
v  0.3850 0.8747 -4.5678
v  0.7636 0.8731 -4.5679
v  0.7706 1.3206 -4.4972
v  0.3838 1.3209 -4.4971
v  -0.0000 3.6174 -3.6079
v  1.2825 5.6938 -1.1105
v  0.6396 5.6847 -1.1112
v  0.4614 4.5465 -2.8784
v  1.0205 4.5505 -2.8744
v  1.0619 4.8318 -2.5742
v  0.4870 4.8296 -2.5770
v  0.3850 1.7612 -4.3977
v  0.7837 1.7620 -4.3972
v  0.7984 2.1433 -4.2877
v  0.3873 2.1421 -4.2884
v  0.3850 0.0930 -4.6294
v  0.7550 -0.0566 -4.6315
v  0.7583 0.0188 -4.6300
v  0.3865 0.1560 -4.6276
v  -0.0000 4.5480 -2.8763
v  -0.0000 4.2446 -3.1522
v  1.5670 5.9409 0.5203
v  1.5306 5.9275 0.3030
v  1.6792 5.8818 0.3411
v  1.3826 5.8152 -0.6526
v  1.3102 5.6925 -1.1143
v  1.3898 5.6725 -1.1075
v  1.4686 5.7924 -0.6474
v  1.1353 5.0842 -2.2544
v  1.0889 4.8299 -2.5764
v  1.1702 4.8135 -2.5641
v  1.2187 5.0650 -2.2431
v  0.7916 0.8727 -4.5679
v  0.7886 0.5803 -4.5999
v  0.8688 0.5526 -4.5853
v  0.8697 0.8701 -4.5531
v  0.8476 2.5156 -4.1566
v  0.8260 2.1421 -4.2881
v  0.9030 2.1363 -4.2760
v  0.9263 2.5078 -4.1431
v  0.9655 3.9187 -3.4056
v  0.9330 3.6077 -3.6139
v  1.0114 3.5990 -3.5994
v  1.0435 3.9086 -3.3893
v  1.6684 5.8791 0.2839
v  1.2417 5.5034 -1.5540
v  1.1842 5.3090 -1.9121
v  1.2664 5.2919 -1.9048
v  1.3242 5.4818 -1.5468
v  0.8117 1.7611 -4.3974
v  0.7985 1.3200 -4.4973
v  0.8750 1.3165 -4.4845
v  0.8896 1.7566 -4.3849
v  0.9061 3.2844 -3.8039
v  0.8738 2.9059 -3.9923
v  0.9530 2.8976 -3.9785
v  0.9868 3.2746 -3.7875
v  1.0484 4.5485 -2.8764
v  1.0043 4.2439 -3.1525
v  1.0820 4.2320 -3.1380
v  1.1283 4.5319 -2.8608
v  1.7479 5.7728 0.2795
v  1.7581 5.7350 0.2780
v  1.7745 5.7352 0.3253
v  1.7633 5.7800 0.3272
v  1.3971 5.4488 -1.5349
v  1.4564 5.3885 -1.5075
v  1.5247 5.5720 -1.0734
v  1.4745 5.6190 -1.1076
v  1.1984 4.5059 -2.8357
v  1.2577 4.4606 -2.7894
v  1.2996 4.7356 -2.4995
v  1.2400 4.7842 -2.5409
v  0.9376 -0.3157 -4.5744
v  0.9848 -0.3943 -4.5184
v  0.9851 -0.3527 -4.5175
v  0.9377 -0.2714 -4.5740
v  0.9558 1.7452 -4.3531
v  1.0166 1.7234 -4.2929
v  1.0301 2.1012 -4.1909
v  0.9682 2.1229 -4.2446
v  1.0559 3.2572 -3.7545
v  1.1145 3.2285 -3.6971
v  1.1384 3.5524 -3.5135
v  1.0784 3.5817 -3.5679
v  1.5411 5.7501 -0.6358
v  1.6001 5.6804 -0.6169
v  1.7516 5.7327 0.2376
v  1.7394 5.7743 0.2373
v  1.2916 5.0339 -2.2234
v  1.3519 4.9790 -2.1846
v  1.3971 5.2054 -1.8571
v  1.3366 5.2595 -1.8881
v  0.9360 0.8650 -4.5175
v  0.9915 0.8584 -4.4581
v  1.0004 1.2943 -4.3933
v  0.9397 1.3083 -4.4513
v  0.9939 2.4920 -4.1115
v  1.0522 2.4683 -4.0577
v  1.0782 2.8557 -3.8925
v  1.0203 2.8810 -3.9460
v  1.1116 3.8909 -3.3594
v  1.1725 3.8588 -3.3046
v  1.2090 4.1726 -3.0610
v  1.1490 4.2099 -3.1101
v  4.2021 5.9864 0.5457
v  1.0286 0.8434 -4.3526
v  1.0235 0.4737 -4.3849
v  1.1155 0.3643 -3.8038
v  1.1201 0.7102 -3.7747
v  1.7611 5.4715 0.2715
v  1.7786 5.4710 0.3259
v  1.7781 5.6634 0.3248
v  1.7622 5.6638 0.2778
v  1.7558 5.6591 0.2377
v  1.7558 5.4590 0.2377
v  1.6552 5.2232 -0.3976
v  1.6264 5.5639 -0.5791
v  1.5551 5.4562 -1.0292
v  1.5892 5.0263 -0.8138
v  1.5258 4.7977 -1.2144
v  1.4873 5.2833 -1.4572
v  1.4334 5.1070 -1.7980
v  1.4818 4.6345 -1.4920
v  1.4403 4.4481 -1.7540
v  1.3834 4.8844 -2.1136
v  1.3343 4.6491 -2.4232
v  1.3980 4.2305 -2.0210
v  1.3589 3.9887 -2.2680
v  1.2895 4.3811 -2.7060
v  1.2471 4.1033 -2.9734
v  1.3210 3.7467 -2.5068
v  1.2867 3.4850 -2.7237
v  1.2097 3.7979 -3.2096
v  1.1770 3.4965 -3.4163
v  1.2546 3.2177 -2.9260
v  1.2274 2.9302 -3.0979
v  1.1486 3.1767 -3.5956
v  1.1170 2.8098 -3.7949
v  1.1980 2.5684 -3.2832
v  1.1747 2.1881 -3.4306
v  1.0909 2.4269 -3.9598
v  1.0705 2.0638 -4.0882
v  1.1566 1.8659 -3.5443
v  1.1431 1.5348 -3.6299
v  1.0553 1.6895 -4.1841
v  1.0392 1.2697 -4.2860
v  1.1289 1.1257 -3.7192
v  0.8686 -0.2112 -4.6163
v  0.8693 -0.1754 -4.6153
v  1.7085 5.8339 0.2530
v  1.7619 5.6919 0.2763
v  1.7781 5.6914 0.3247
v  1.4853 5.3091 -1.4687
v  1.5533 5.4831 -1.0378
v  1.2864 4.4012 -2.7254
v  1.3313 4.6706 -2.4411
v  1.0158 -0.4385 -4.4333
v  1.0158 -0.4047 -4.4327
v  1.0510 1.6964 -4.2110
v  1.0657 2.0724 -4.1145
v  1.1447 3.1904 -3.6198
v  1.1730 3.5118 -3.4396
v  1.6254 5.5914 -0.5849
v  1.7558 5.6874 0.2377
v  1.3808 4.9073 -2.1297
v  1.4307 5.1315 -1.8118
v  1.0239 0.8471 -4.3801
v  1.0345 1.2750 -4.3132
v  1.0862 2.4372 -3.9855
v  1.1126 2.8218 -3.8199
v  1.2060 3.8147 -3.2318
v  1.2435 4.1218 -2.9943
v  1.8078 5.7386 0.3682
v  1.8556 5.7549 0.3988
v  1.8400 5.8094 0.3987
v  1.7941 5.7924 0.3690
v  1.8122 5.4714 0.3687
v  1.8593 5.4714 0.3979
v  1.8597 5.6649 0.3980
v  1.8107 5.6642 0.3672
v  1.7909 5.8623 0.4065
v  1.7592 5.8495 0.3817
v  1.8569 5.7386 0.3983
v  1.7325 5.8399 0.3445
v  1.7155 5.8369 0.2972
v  1.6914 5.8860 0.3808
v  1.7101 5.8935 0.4112
v  1.7291 5.9038 0.4345
v  1.9131 5.7683 0.4091
v  1.8923 5.8292 0.4091
v  1.9416 5.4713 0.4091
v  1.9472 5.6631 0.4091
v  1.8285 5.8815 0.4225
v  1.9147 5.7402 0.4091
v  1.7530 5.9130 0.4479
v  1.1245 0.7069 -3.7472
v  1.1200 0.3618 -3.7762
v  1.1480 0.3444 -3.6983
v  1.1518 0.6845 -3.6691
v  1.7619 5.4435 0.2763
v  1.7563 5.4303 0.2409
v  1.7818 5.3333 0.2597
v  1.7869 5.3453 0.2932
v  1.6569 5.1975 -0.3864
v  1.5912 5.0012 -0.8012
v  1.6164 4.9193 -0.7616
v  1.6807 5.1100 -0.3494
v  1.5281 4.7734 -1.2006
v  1.4842 4.6110 -1.4767
v  1.5091 4.5321 -1.4286
v  1.5551 4.6957 -1.1576
v  1.4429 4.4257 -1.7372
v  1.4009 4.2092 -2.0028
v  1.4279 4.1370 -1.9498
v  1.4698 4.3475 -1.6865
v  1.3623 3.9686 -2.2486
v  1.3243 3.7278 -2.4862
v  1.3528 3.6686 -2.4231
v  1.3917 3.9040 -2.1946
v  1.2901 3.4675 -2.7019
v  1.2583 3.2021 -2.9029
v  1.2854 3.1524 -2.8284
v  1.3200 3.4146 -2.6314
v  1.2312 2.9164 -3.0737
v  1.2020 2.5564 -3.2580
v  1.2278 2.5171 -3.1815
v  1.2583 2.8716 -2.9981
v  1.1788 2.1781 -3.4047
v  1.1608 1.8576 -3.5178
v  1.1864 1.8275 -3.4404
v  1.2059 2.1446 -3.3289
v  1.1473 1.5281 -3.6029
v  1.1332 1.1207 -3.6918
v  1.1600 1.0962 -3.6137
v  1.1751 1.5018 -3.5257
v  1.1898 -0.4750 -3.6686
v  1.2592 -0.4751 -3.6249
v  1.2595 -0.4568 -3.6246
v  1.1900 -0.4566 -3.6682
v  1.7354 5.0414 -0.3280
v  1.8195 4.9915 -0.3198
v  1.9048 5.2223 0.2753
v  1.8377 5.2624 0.2699
v  1.6112 4.6375 -1.1260
v  1.6942 4.5965 -1.1075
v  1.7563 4.8084 -0.7211
v  1.6711 4.8557 -0.7349
v  1.5264 4.2837 -1.6574
v  1.6103 4.2357 -1.6463
v  1.6501 4.4243 -1.3820
v  1.5656 4.4698 -1.3974
v  1.4466 3.8490 -2.1620
v  1.5263 3.8064 -2.1481
v  1.5657 4.0298 -1.9046
v  1.4834 4.0764 -1.9181
v  1.3781 3.3718 -2.5827
v  1.4620 3.3405 -2.5539
v  1.4921 3.5810 -2.3592
v  1.4095 3.6189 -2.3815
v  1.3123 2.8327 -2.9439
v  1.3906 2.8016 -2.9093
v  1.4229 3.0776 -2.7412
v  1.3411 3.1103 -2.7750
v  1.2597 2.1180 -3.2736
v  1.3367 2.0972 -3.2374
v  1.3583 2.4562 -3.0871
v  1.2805 2.4833 -3.1247
v  1.2267 1.4766 -3.4686
v  1.3011 1.4540 -3.4302
v  1.3150 1.7790 -3.3439
v  1.2385 1.8011 -3.3825
v  1.2017 0.6612 -3.6103
v  1.2742 0.6383 -3.5694
v  1.2841 1.0489 -3.5142
v  1.2104 1.0717 -3.5549
v  1.1417 -0.4744 -3.7290
v  1.1419 -0.4559 -3.7285
v  1.7970 4.5812 -1.1059
v  1.8635 4.7878 -0.7237
v  1.7145 4.2113 -1.6581
v  1.7548 4.4039 -1.3870
v  1.6231 3.7811 -2.1564
v  1.6670 4.0045 -1.9145
v  1.5643 3.3247 -2.5499
v  1.5913 3.5608 -2.3619
v  1.5015 2.7720 -2.9059
v  1.5323 3.0541 -2.7368
v  1.4313 2.0849 -3.2264
v  1.4635 2.4343 -3.0782
v  1.3930 1.4364 -3.4184
v  1.4083 1.7638 -3.3317
v  1.3648 0.6175 -3.5564
v  1.3757 1.0294 -3.5011
v  5.2592 5.7226 -3.0056
v  5.2525 5.7247 -2.9773
v  5.1968 5.7130 -2.9894
v  5.2036 5.7109 -3.0179
v  4.2014 5.9214 0.4228
v  4.2008 5.9658 0.4637
v  4.5019 5.9696 0.3096
v  4.5735 6.0401 1.1548
v  4.5754 6.1658 1.2240
v  5.0995 5.5395 -3.0030
v  4.8022 4.3444 -1.7491
v  4.9158 3.9254 -2.2278
v  5.0998 4.1707 -3.0041
v  5.0997 2.7769 -3.0029
v  5.0998 3.5715 -3.0034
v  5.0145 3.4417 -2.6440
v  5.0831 2.7940 -2.9328
v  4.3942 5.7610 -0.0291
v  4.4664 5.1435 -0.3331
v  4.6640 4.7327 -1.1663
v  4.1655 5.2073 0.3034
v  4.3081 4.9792 -0.2896
v  4.3635 4.9896 -0.2869
v  4.2205 5.2258 0.3223
v  4.6450 4.2002 -1.6693
v  4.7026 4.2155 -1.6688
v  4.5632 4.5887 -1.0981
v  4.5042 4.5750 -1.1020
v  4.8368 3.3265 -2.5353
v  4.8735 3.3350 -2.5290
v  4.7967 3.8067 -2.1379
v  4.7577 3.7995 -2.1383
v  4.8798 2.7557 -2.7926
v  4.9499 2.7586 -2.7876
v  4.8897 1.8381 -2.9297
v  4.9611 1.8342 -2.9158
v  4.9530 2.3133 -2.8860
v  4.8948 2.3137 -2.8953
v  5.0984 2.3085 -2.9995
v  4.9109 3.9053 -2.2087
v  4.7984 4.3218 -1.7328
v  4.7823 4.2823 -1.7016
v  4.8820 3.8572 -2.1672
v  4.1976 5.7870 0.4091
v  4.1969 5.3947 0.4092
v  4.2351 5.3949 0.4028
v  4.2366 5.7878 0.4022
v  1.9675 5.4158 0.4092
v  1.9949 5.3922 0.4092
v  1.9427 5.7408 0.4091
v  4.1970 5.8150 0.4091
v  4.2020 5.8665 0.4091
v  4.2004 5.9842 0.5178
v  4.2679 5.3954 0.3854
v  4.2945 5.3946 0.3575
v  4.2948 5.7869 0.3570
v  4.2698 5.7881 0.3839
v  5.1466 5.6791 -2.9991
v  4.4441 5.8990 -0.0399
v  4.4074 5.8451 -0.0383
v  5.1125 5.6289 -3.0028
v  4.4937 5.9313 -0.0368
v  4.3951 5.7889 -0.0326
v  5.0992 5.5677 -3.0016
v  4.3131 5.3947 0.3134
v  4.3116 5.7870 0.3192
v  4.2362 5.8159 0.4023
v  4.2354 5.8748 0.4049
v  4.2950 5.8150 0.3567
v  4.3119 5.8150 0.3182
v  4.3218 5.8714 0.3213
v  4.3078 5.8719 0.3517
v  4.2701 5.8162 0.3837
v  4.2805 5.8710 0.3816
v  4.2399 5.9243 0.4190
v  4.2539 5.9683 0.4599
v  4.3598 5.9254 0.3154
v  4.4106 5.9571 0.3125
v  4.3855 5.9626 0.3610
v  4.3384 5.9266 0.3550
v  4.3309 5.9663 0.4212
v  4.3016 5.9266 0.3925
v  4.2665 5.9844 0.5095
v  4.4754 5.9688 0.2997
v  4.4364 5.9743 0.3737
v  4.3552 5.9812 0.4663
v  4.2793 4.9768 -0.2954
v  4.1419 5.1974 0.2756
v  3.5997 4.9743 -0.3016
v  4.1970 5.3666 0.4092
v  2.0254 5.3642 0.4092
v  2.0238 5.3192 0.4027
v  4.1910 5.3140 0.4034
v  4.4116 5.0199 -0.2907
v  4.4468 5.0644 -0.3028
v  4.2980 5.3109 0.3294
v  4.2665 5.2624 0.3313
v  4.7491 4.2438 -1.6796
v  4.6447 4.6606 -1.1259
v  4.6105 4.6185 -1.1068
v  4.9403 3.3533 -2.5447
v  4.9843 3.3789 -2.5777
v  4.8383 3.8239 -2.1449
v  5.0088 2.7670 -2.8097
v  5.0532 2.7791 -2.8524
v  5.0218 1.8374 -2.9307
v  5.0712 1.8415 -2.9675
v  5.0461 2.3096 -2.9219
v  5.0006 2.3116 -2.8957
v  4.4638 5.1176 -0.3224
v  4.3119 5.3666 0.3183
v  4.6608 4.7081 -1.1529
v  5.0090 3.4262 -2.6207
v  5.0768 2.7861 -2.9063
v  5.1059 1.8465 -3.0298
v  5.0860 2.3086 -2.9699
v  2.0230 5.2802 0.3850
v  2.0229 5.2418 0.3509
v  4.1759 5.2331 0.3499
v  4.1843 5.2695 0.3832
v  2.0217 5.2150 0.3029
v  1.8031 5.3627 0.3399
v  1.7786 5.4429 0.3259
v  1.9930 5.2419 0.3509
v  1.9929 5.2804 0.3850
v  1.9300 5.2965 0.3864
v  1.9177 5.2595 0.3534
v  1.9929 5.3193 0.4026
v  1.9465 5.3302 0.4030
v  1.9928 5.3642 0.4092
v  1.9671 5.3680 0.4092
v  1.8773 5.3271 0.3833
v  1.8343 5.3809 0.3773
v  1.8542 5.2989 0.3498
v  1.9056 5.3552 0.4021
v  1.8739 5.3964 0.4001
v  1.9398 5.3866 0.4092
v  1.9221 5.4124 0.4092
v  1.8123 5.4433 0.3688
v  1.8593 5.4434 0.3979
v  1.9174 5.4433 0.4092
v  1.8423 5.2730 0.3008
v  1.9087 5.2327 0.3051
v  1.9923 5.2151 0.3029
v  4.2944 5.3665 0.3578
v  4.2826 5.3142 0.3593
v  4.1895 5.2319 0.3469
v  4.2099 5.2680 0.3788
v  4.2258 5.3135 0.3981
v  4.2021 5.2301 0.3410
v  4.2130 5.2286 0.3329
v  4.2537 5.2658 0.3522
v  4.2340 5.2665 0.3682
v  4.2575 5.3138 0.3827
v  4.2678 5.3673 0.3855
v  4.2353 5.3668 0.4027
v  3.6050 4.5709 -1.0997
v  2.6641 4.9728 -0.3152
v  2.6431 4.5738 -1.1015
v  3.6089 4.2008 -1.6632
v  2.6351 4.2044 -1.6593
v  3.5592 3.7913 -2.1422
v  2.5768 3.7863 -2.1493
v  3.4199 3.3222 -2.5601
v  2.4359 3.3220 -2.5529
v  3.0900 2.7646 -2.9279
v  2.2395 2.7708 -2.9214
v  2.6850 2.1018 -3.2302
v  2.0019 2.0925 -3.2263
v  0.7590 0.2867 -4.6209
v  0.7603 0.5807 -4.6000
v  0.3864 0.6212 -4.5962
v  0.3876 0.3666 -4.6164
v  0.7871 0.2865 -4.6207
v  0.7861 0.1904 -4.6260
v  0.8710 0.1246 -4.6083
v  0.8711 0.2333 -4.6037
v  0.9889 0.1327 -4.5050
v  0.9882 0.4966 -4.4906
v  0.9354 0.5203 -4.5493
v  0.9386 0.1736 -4.5649
v  1.0217 0.1015 -4.3958
v  1.0210 -0.0335 -4.4001
v  1.1125 -0.1061 -3.8227
v  1.1133 0.0165 -3.8173
v  1.0173 0.1028 -4.4235
v  1.0189 0.4762 -4.4125
v  1.1181 0.0150 -3.7897
v  1.1172 -0.1072 -3.7951
v  1.1464 -0.1171 -3.7184
v  1.1477 0.0026 -3.7131
v  1.2671 -0.0206 -3.6149
v  1.2689 0.3095 -3.5973
v  1.1974 0.3267 -3.6391
v  1.1972 -0.0093 -3.6554
v  1.3551 -0.0300 -3.6003
v  1.3601 0.2943 -3.5835
v  1.7744 1.4303 -3.4241
v  2.2683 1.4232 -3.4241
v  1.5061 0.6081 -3.5558
v  1.7599 0.5987 -3.5554
v  1.3942 0.6167 -3.5555
v  1.3884 0.3021 -3.5825
v  4.8892 0.1635 -2.8997
v  4.8808 -0.6532 -2.8895
v  4.9580 -0.6533 -2.8764
v  4.9541 0.1636 -2.8882
v  4.8823 1.4016 -2.9248
v  4.9495 1.3997 -2.9084
v  4.8853 0.8580 -2.9144
v  4.9502 0.8579 -2.8994
v  5.0197 -0.6533 -2.8946
v  5.0678 -0.6533 -2.9343
v  5.0686 0.1636 -2.9443
v  5.0177 0.1636 -2.9042
v  5.0152 1.3968 -2.9213
v  5.0682 1.3936 -2.9588
v  5.0139 0.8580 -2.9128
v  5.0664 0.8580 -2.9503
v  5.0997 -0.6533 -3.0020
v  5.1019 0.1636 -3.0114
v  5.1061 1.3899 -3.0297
v  5.1034 0.8580 -3.0187
v  5.2592 5.5655 -3.1452
v  5.2363 5.6232 -3.1385
v  5.2207 5.6100 -3.1399
v  5.2084 5.5931 -3.1404
v  5.2106 5.6959 -3.0674
v  5.2598 5.7098 -3.0566
v  5.1193 5.6269 -3.0314
v  5.1060 5.5656 -3.0303
v  5.1279 5.5652 -3.0807
v  5.1383 5.6223 -3.0769
v  5.2195 5.6665 -3.1079
v  5.1684 5.6655 -3.0743
v  5.1904 5.6432 -3.1120
v  5.1680 5.6120 -3.1134
v  5.2595 5.6348 -3.1352
v  5.2605 5.6842 -3.0972
v  5.1626 5.5646 -3.1181
v  5.2053 5.5657 -3.1417
v  5.1534 5.6770 -3.0277
v  5.1060 5.5358 -3.0303
v  5.1279 5.5354 -3.0807
v  5.1626 5.5348 -3.1181
v  5.2053 5.5359 -3.1417
v  5.2592 5.5358 -3.1452
v  5.1279 4.1705 -3.0807
v  5.1063 4.1707 -3.0314
v  5.1062 3.5715 -3.0307
v  5.1281 3.5714 -3.0806
v  5.2053 4.1710 -3.1417
v  5.1626 4.1699 -3.1181
v  5.1629 3.5707 -3.1178
v  5.2054 3.5718 -3.1413
v  5.2592 4.1708 -3.1452
v  5.2592 3.5717 -3.1452
v  5.1062 2.7769 -3.0302
v  5.1282 2.7768 -3.0805
v  5.1630 2.7762 -3.1177
v  5.2055 2.7773 -3.1412
v  5.2593 2.7771 -3.1452
v  5.1061 2.3084 -3.0299
v  5.1283 2.3085 -3.0805
v  5.1630 2.3085 -3.1176
v  5.2055 2.3084 -3.1411
v  5.2593 2.3084 -3.1452
v  5.1283 1.8465 -3.0804
v  5.1284 1.3898 -3.0804
v  5.2056 1.8469 -3.1410
v  5.1631 1.8458 -3.1176
v  5.1631 1.3898 -3.1175
v  5.2056 1.3899 -3.1409
v  5.2593 1.8467 -3.1452
v  5.2593 1.3899 -3.1452
v  5.1284 0.8580 -3.0804
v  5.1632 0.8580 -3.1174
v  5.2056 0.8580 -3.1408
v  5.2594 0.8580 -3.1452
v  5.1285 0.1635 -3.0803
v  5.1633 0.1636 -3.1173
v  5.2057 0.1635 -3.1407
v  5.2595 0.1635 -3.1452
v  5.1286 -0.6533 -3.0802
v  5.1634 -0.6533 -3.1172
v  5.2057 -0.6533 -3.1405
v  5.2595 -0.6533 -3.1452
v  1.3846 -0.0309 -3.5999
v  1.3800 -0.1422 -3.6027
v  2.0603 0.5217 -3.5602
v  1.9430 0.5931 -3.5557
v  2.8747 1.3057 -3.4404
v  2.7060 1.4155 -3.4226
v  3.5524 1.9826 -3.2551
v  3.3118 2.1063 -3.2217
v  3.8842 2.7556 -2.9293
v  4.1467 2.5542 -3.0135
v  4.8077 3.3258 -2.5401
v  4.3477 3.3199 -2.5638
v  4.7285 3.7961 -2.1414
v  4.3389 -0.6549 -3.1147
v  4.8538 -0.6531 -2.9016
v  4.8623 0.1634 -2.9116
v  4.3411 0.1637 -3.1297
v  4.8584 0.8576 -2.9266
v  4.3408 0.8581 -3.1426
v  4.8555 1.4016 -2.9369
v  4.3344 1.4702 -3.1548
v  4.8628 1.8389 -2.9420
v  4.6385 2.1048 -3.0144
v  4.0508 1.6414 -3.2353
v  4.8671 2.3147 -2.9054
v  0.7587 0.1048 -4.6283
v  0.7588 0.1958 -4.6261
v  0.3875 0.2968 -4.6203
v  0.3876 0.2204 -4.6247
v  0.9871 -0.1291 -4.5131
v  0.9874 0.0018 -4.5097
v  0.9381 0.0514 -4.5690
v  0.9384 -0.0710 -4.5718
v  0.8714 0.0159 -4.6119
v  1.0163 -0.1685 -4.4297
v  1.0166 -0.0328 -4.4278
v  1.2631 -0.2486 -3.6207
v  1.2651 -0.1346 -3.6186
v  1.1952 -0.1262 -3.6598
v  1.1932 -0.2431 -3.6629
v  1.1446 -0.2369 -3.7222
v  1.3466 -0.2522 -3.6054
v  1.3506 -0.1411 -3.6034
v  0.7849 0.0943 -4.6282
v  0.7837 -0.0019 -4.6302
v  0.8710 -0.0929 -4.6134
v  1.0207 -0.1689 -4.4019
v  1.0205 -0.3045 -4.4034
v  1.1112 -0.3509 -3.8307
v  1.1118 -0.2286 -3.8269
v  1.1164 -0.2295 -3.7992
v  1.1157 -0.3518 -3.8031
v  1.1431 -0.3567 -3.7257
v  1.3761 -0.2523 -3.6046
v  1.3791 -0.3606 -3.6057
v  2.2813 0.2995 -3.5616
v  2.1505 0.4249 -3.5637
v  3.2113 1.0081 -3.4390
v  3.0278 1.1522 -3.4503
v  3.7774 1.8068 -3.2673
v  4.3865 2.3461 -3.0399
v  4.8778 -1.4918 -2.8845
v  4.9713 -1.4926 -2.8726
v  5.0286 -1.4903 -2.8947
v  5.0687 -1.4914 -2.9316
v  5.0971 -1.4918 -2.9911
v  5.1287 -1.4853 -3.0802
v  5.1634 -1.4854 -3.1171
v  5.2058 -1.4853 -3.1403
v  5.2595 -1.4853 -3.1452
v  4.3428 -1.4921 -3.1050
v  4.8508 -1.4919 -2.8965
v  5.2887 5.5655 -3.1452
v  5.2889 5.6348 -3.1352
v  5.2900 5.6841 -3.0973
v  5.2893 5.7098 -3.0566
v  5.2887 5.7226 -3.0054
v  6.2191 5.5356 -3.1452
v  5.2892 5.5356 -3.1452
v  5.2892 4.1708 -3.1452
v  6.2190 3.5671 -3.1452
v  5.2892 3.5717 -3.1452
v  5.2892 2.7771 -3.1452
v  5.2892 2.3084 -3.1452
v  6.2190 1.3763 -3.1452
v  5.2892 1.8467 -3.1452
v  5.2892 1.3899 -3.1452
v  5.2893 0.8580 -3.1452
v  5.2894 0.1635 -3.1452
v  5.2895 -0.6533 -3.1452
v  6.2190 -0.6501 -3.1452
v  5.2895 -1.4853 -3.1452
v  2.4154 0.1637 -3.5514
v  1.3762 -0.4670 -3.6065
v  1.4778 -0.6252 -3.6056
v  2.4340 -0.7078 -3.5463
v  1.5791 -0.8233 -3.6031
v  1.6489 -1.0276 -3.6009
v  3.4045 0.8581 -3.4077
v  3.4368 0.1639 -3.3922
v  3.4576 -0.6414 -3.3738
v  2.4297 -1.4912 -3.5398
v  3.4606 -1.4916 -3.3653
v  7.3703 5.7087 -3.0053
v  7.3060 5.7226 -3.0056
v  7.3058 5.7092 -3.0580
v  7.3664 5.6960 -3.0574
v  7.4201 5.6736 -3.0036
v  7.4115 5.6641 -3.0562
v  7.4416 5.6181 -3.0540
v  7.4516 5.5652 -3.0540
v  7.3068 5.6775 -3.1046
v  7.3045 5.6300 -3.1374
v  7.3360 5.6219 -3.1377
v  7.3555 5.6662 -3.1043
v  7.3888 5.6422 -3.1035
v  7.3535 5.6092 -3.1374
v  7.3656 5.5917 -3.1371
v  7.4116 5.6085 -3.1024
v  7.3741 5.5645 -3.1358
v  7.4189 5.5653 -3.1036
v  7.3061 5.5655 -3.1452
v  7.2761 5.7226 -3.0054
v  7.2761 5.7093 -3.0580
v  7.2761 5.6777 -3.1045
v  7.2761 5.6301 -3.1374
v  7.2761 5.5655 -3.1452
v  7.2761 3.5688 -3.1452
v  7.2761 5.5356 -3.1452
v  7.2761 1.3763 -3.1452
v  7.2761 -0.6501 -3.1452
v  0.9859 -0.2601 -4.5155
v  0.9379 -0.1933 -4.5733
v  1.0161 -0.3042 -4.4311
v  1.2611 -0.3627 -3.6229
v  1.1914 -0.3601 -3.6659
v  1.3496 -0.3606 -3.6065
v  0.7829 -0.0694 -4.6316
v  0.7825 -0.0980 -4.6322
v  1.1108 -0.4501 -3.8335
v  1.0205 -0.4127 -4.4035
v  1.0205 -0.4400 -4.4035
v  1.1107 -0.4726 -3.8342
v  1.1154 -0.4520 -3.8048
v  1.1150 -0.4741 -3.8065
v  4.8515 2.7568 -2.8008
v  4.8911 -2.5053 -2.8877
v  4.9805 -2.5054 -2.8817
v  5.0344 -2.5054 -2.9055
v  5.0720 -2.5054 -2.9415
v  5.0992 -2.5054 -2.9994
v  5.1306 -2.5053 -3.0826
v  5.1691 -2.5053 -3.1209
v  5.2135 -2.5053 -3.1426
v  5.2709 -2.5053 -3.1452
v  5.3009 -2.5053 -3.1452
v  6.2191 -2.5035 -3.1452
v  7.2759 -2.5034 -3.1452
v  8.3243 -3.8239 0.1510
v  8.3244 -6.2120 0.1513
v  8.3253 -3.8239 0.1230
v  8.3253 -2.5033 0.1229
v  8.3178 -2.5033 0.0768
v  8.3178 -3.8239 0.0770
v  8.1793 -2.5033 0.0001
v  7.9068 -2.5033 0.0001
v  7.8571 -2.5033 0.0022
v  7.8370 -2.5033 0.0079
v  7.7874 -2.5033 0.0436
v  7.7760 -2.5033 0.0601
v  7.8182 -2.5033 0.0170
v  7.8017 -2.5033 0.0289
v  7.7449 -2.5033 0.0959
v  7.7486 -3.8239 0.0931
v  7.5403 -3.8239 -0.0323
v  7.5403 -2.5033 -0.0341
v  7.5373 -2.5033 -0.1505
v  7.5373 -3.8239 -0.1488
v  7.8788 -2.5033 0.0001
v  8.3253 1.3764 0.1217
v  8.3253 3.5689 0.1208
v  8.3177 3.5689 0.0751
v  8.3178 1.3764 0.0758
v  7.7480 3.5686 0.0919
v  7.7451 1.3764 0.0948
v  7.7448 -0.6501 0.0955
v  7.3057 -0.6501 -3.1452
v  7.3027 -2.5033 -3.1452
v  7.3487 -2.5032 -3.1087
v  7.3664 -0.6501 -3.1357
v  7.3061 1.3763 -3.1452
v  7.3623 1.3763 -3.1305
v  7.3041 3.5688 -3.1452
v  7.3520 3.5689 -3.1073
v  7.3061 5.5356 -3.1452
v  7.3740 5.5346 -3.1358
v  7.3808 -3.8238 -3.0683
v  7.3976 -3.8239 -3.0225
v  7.3977 -2.5027 -3.0224
v  7.3810 -2.5030 -3.0682
v  7.4181 -0.6501 -3.1013
v  7.4518 -0.6501 -3.0497
v  7.4460 1.3763 -3.0472
v  7.4073 1.3763 -3.0920
v  7.3979 3.5689 -3.0222
v  7.3825 3.5690 -3.0667
v  7.4516 5.5352 -3.0540
v  7.4189 5.5353 -3.1036
v  7.3486 -3.8237 -3.1085
v  7.4013 -3.8238 -2.9787
v  7.4013 -2.5023 -2.9792
v  7.4632 -0.6501 -2.9906
v  7.4675 1.3763 -2.9925
v  7.4012 3.5688 -2.9825
v  7.4635 5.5357 -2.9979
v  6.2190 -3.8236 -3.1452
v  5.2896 -4.6098 -3.1452
v  5.2638 -4.8647 -3.1452
v  6.2190 -6.4178 -3.1452
v  7.2760 -3.8236 -3.1452
v  7.2756 -6.4209 -3.1452
v  7.3034 -3.8237 -3.1452
v  7.3056 -6.4177 -3.1452
v  7.3643 -6.4178 -3.1373
v  7.4157 -6.4178 -3.1041
v  7.4511 -6.4178 -3.0524
v  7.4634 -6.4171 -2.9960
v  4.1572 -5.7500 -3.1452
v  4.1559 -6.4560 -3.1452
v  4.4022 -5.7287 -3.1452
v  5.1825 -5.1106 -3.1452
v  5.0180 -5.3679 -3.1452
v  4.7585 -5.5863 -3.1452
v  3.7424 -5.7500 -3.1452
v  4.1559 -8.6564 -0.1516
v  4.1559 -8.7564 -2.9948
v  2.0780 -8.7564 -2.9948
v  2.0780 -8.6564 -0.1515
v  4.1560 -8.6262 0.7085
v  4.1560 -8.5979 1.5145
v  4.1559 -8.7574 -3.0228
v  6.2994 -8.7574 -3.0228
v  6.3000 -8.7495 -3.0725
v  4.1559 -8.7493 -3.0724
v  4.1558 -8.6098 -3.1452
v  6.2975 -8.6092 -3.1480
v  7.3120 -6.5539 -3.1452
v  7.1340 -6.9732 -3.1452
v  7.3917 -6.6563 -3.1452
v  7.5324 -6.6872 -3.1481
v  7.6699 -6.6892 -3.1485
v  7.6547 -6.6322 -3.1368
v  7.5448 -6.6326 -3.1345
v  7.4110 -6.6325 -3.1483
v  7.4476 -6.5890 -3.1361
v  7.7760 -6.6323 -3.1452
v  7.7419 -6.5839 -3.1375
v  7.3391 -6.5375 -3.1452
v  7.3904 -6.5135 -3.1356
v  7.6425 -6.5817 -3.1031
v  7.6353 -6.5473 -3.0520
v  7.5665 -6.5533 -3.0526
v  7.5565 -6.5853 -3.1015
v  7.5054 -6.5279 -3.0549
v  7.4805 -6.5519 -3.1038
v  7.7082 -6.5448 -3.1043
v  7.6831 -6.5199 -3.0529
v  7.4662 -6.4807 -3.0530
v  7.4349 -6.4934 -3.1027
v  7.6349 -6.5351 -2.9927
v  7.5718 -6.5423 -2.9959
v  7.5154 -6.5195 -2.9982
v  7.6705 -6.5141 -2.9904
v  7.4777 -6.4760 -2.9972
v  7.7961 -6.6555 -3.1452
v  8.2864 -6.5665 -3.1452
v  7.8624 -6.5665 -3.1452
v  8.3164 -6.6799 -3.1452
v  8.2864 -6.6780 -3.1452
v  7.6779 -6.7192 -3.1452
v  7.5214 -6.7019 -3.1485
v  6.2191 5.5655 -3.1452
v  5.2596 -4.6082 -3.1452
v  5.2343 -4.8584 -3.1452
v  5.1534 -5.0966 -3.1452
v  4.9920 -5.3444 -3.1452
v  4.7385 -5.5604 -3.1452
v  4.3951 -5.6992 -3.1452
v  4.1559 -5.7200 -3.1452
v  3.7424 -5.7200 -3.1452
v  4.1558 -8.6397 -3.1452
v  6.5462 -8.5845 -3.1480
v  7.1909 -8.3839 -3.1452
v  6.9834 -8.4698 -3.1452
v  7.5658 -8.1234 -3.1452
v  7.3805 -8.2652 -3.1452
v  7.9145 -7.7397 -3.1452
v  7.7242 -7.9513 -3.1452
v  8.1522 -7.2927 -3.1452
v  8.0403 -7.5295 -3.1452
v  8.2677 -6.8627 -3.1452
v  8.2395 -7.0568 -3.1452
v  7.6822 -6.9187 -3.1452
v  8.3959 -6.4498 -3.0011
v  8.4226 -6.4870 -2.9989
v  8.3278 -6.4419 -0.1780
v  8.3018 -6.4026 -0.1800
v  8.3009 -6.4021 -0.1519
v  8.3266 -6.4409 -0.1500
v  8.3251 -6.4343 -0.0915
v  8.3000 -6.3952 -0.0986
v  8.3236 -6.4163 -0.0434
v  8.2992 -6.3802 -0.0614
v  8.3208 -6.3746 0.0094
v  8.2955 -6.3453 -0.0182
v  8.3189 -6.3217 0.0484
v  8.2932 -6.3010 0.0139
v  8.3178 -6.2632 0.0708
v  8.2924 -6.2528 0.0320
v  8.3178 -6.2096 0.0774
v  8.2924 -6.2091 0.0372
v  8.2923 -3.8239 0.0366
v  8.2924 -0.6501 0.0360
v  8.3178 -0.6501 0.0764
v  8.2924 1.3764 0.0355
v  0.8323 9.5457 0.0335
v  0.8323 9.5708 0.0733
v  -0.0000 9.5709 0.0735
v  -0.0000 9.5454 0.0335
v  6.5039 9.5340 0.0335
v  6.5060 9.5595 0.0735
v  6.2994 9.5709 0.0734
v  6.2995 9.5456 0.0335
v  6.7061 9.5034 0.0335
v  6.7100 9.5287 0.0734
v  6.8989 9.4527 0.0335
v  6.9056 9.4772 0.0734
v  7.0819 9.3844 0.0330
v  7.0939 9.4072 0.0730
v  7.2536 9.3015 0.0329
v  7.2661 9.3240 0.0727
v  7.4140 9.2035 0.0332
v  7.4281 9.2248 0.0730
v  7.5638 9.0905 0.0329
v  7.5799 9.1106 0.0731
v  7.7022 8.9660 0.0341
v  7.7201 8.9835 0.0740
v  7.8299 8.8257 0.0338
v  7.8492 8.8417 0.0737
v  7.9451 8.6727 0.0341
v  7.9650 8.6879 0.0738
v  8.0428 8.5141 0.0344
v  8.0646 8.5259 0.0741
v  8.1266 8.3429 0.0342
v  8.1493 8.3536 0.0742
v  8.1964 8.1562 0.0341
v  8.2206 8.1634 0.0742
v  8.2483 7.9601 0.0343
v  8.2728 7.9655 0.0744
v  8.2803 7.7586 0.0347
v  8.3051 7.7609 0.0747
v  8.2921 7.5527 0.0338
v  8.2933 6.1715 0.0354
v  8.4014 -6.6789 -3.1122
v  8.4267 -6.6768 -3.0721
v  8.4255 -6.5598 -3.0752
v  8.3991 -6.5598 -3.1145
v  8.3463 -7.0962 -3.1121
v  8.3686 -7.1099 -3.0726
v  8.4086 -6.8954 -3.0701
v  8.3856 -6.8896 -3.1095
v  8.1497 -7.6035 -3.1181
v  8.1737 -7.6212 -3.0778
v  8.2900 -7.3735 -3.0759
v  8.2664 -7.3576 -3.1159
v  7.8480 -8.0345 -3.1162
v  7.8674 -8.0544 -3.0766
v  8.0391 -7.8508 -3.0780
v  8.0169 -7.8316 -3.1180
v  7.4684 -8.3667 -3.1124
v  7.4822 -8.3884 -3.0725
v  7.6888 -8.2376 -3.0745
v  7.6722 -8.2167 -3.1141
v  7.0363 -8.5868 -3.1124
v  7.0453 -8.6113 -3.0725
v  7.2731 -8.5179 -3.0721
v  7.2617 -8.4947 -3.1121
v  6.3004 -8.7237 -3.1125
v  6.5665 -8.7302 -3.0738
v  6.5628 -8.7032 -3.1145
v  8.3992 -6.5362 -3.1144
v  8.4242 -6.5347 -3.0780
v  8.3969 -6.5110 -3.1127
v  8.3964 -6.4539 -3.0568
v  8.3587 -6.4313 -3.0633
v  8.3585 -6.4431 -3.0888
v  8.3963 -6.4629 -3.0762
v  8.3965 -6.4766 -3.0927
v  8.3586 -6.4610 -3.1107
v  8.3586 -6.4828 -3.1266
v  8.3968 -6.4931 -3.1050
v  8.3967 -6.4502 -3.0292
v  8.3593 -6.4265 -3.0297
v  4.1441 9.5455 0.0335
v  4.1441 9.5708 0.0735
v  1.6837 9.5706 0.0733
v  1.6834 9.5454 0.0335
v  8.2933 5.8652 0.0355
v  8.3179 5.8652 0.0751
v  8.2924 3.5689 0.0351
v  8.2530 -2.5033 0.0093
v  8.2924 -2.5033 0.0364
v  4.1559 -8.6857 -3.1383
v  4.1559 -8.7235 -3.1124
v  -0.0000 9.5057 0.0067
v  8.3621 -6.6802 -3.1392
v  8.4334 -6.5357 -2.9975
v  8.3363 -6.4872 -0.1755
v  8.3353 -6.4855 -0.1475
v  8.3332 -6.4788 -0.0918
v  8.3303 -6.4472 -0.0142
v  8.3280 -6.4012 0.0454
v  8.3265 -6.3437 0.0887
v  8.3256 -6.2792 0.1132
v  8.3253 -6.2099 0.1233
v  8.3253 -0.6501 0.1225
v  0.8323 9.5787 0.1171
v  -0.0000 9.5787 0.1195
v  6.5064 9.5671 0.1194
v  6.2992 9.5787 0.1195
v  6.7104 9.5349 0.1194
v  6.9070 9.4835 0.1192
v  7.0976 9.4126 0.1192
v  7.2691 9.3298 0.1187
v  7.4321 9.2313 0.1185
v  7.5854 9.1179 0.1185
v  7.7266 8.9898 0.1188
v  7.8561 8.8476 0.1185
v  7.9717 8.6939 0.1186
v  8.0721 8.5300 0.1189
v  8.1563 8.3574 0.1195
v  8.2284 8.1655 0.1196
v  8.2807 7.9673 0.1197
v  8.3134 7.7616 0.1198
v  8.4345 -6.6750 -3.0233
v  8.4344 -6.5621 -3.0261
v  8.3752 -7.1162 -3.0246
v  8.4161 -6.8978 -3.0226
v  8.1819 -7.6288 -3.0274
v  8.2976 -7.3805 -3.0264
v  7.8738 -8.0622 -3.0276
v  8.0467 -7.8587 -3.0278
v  7.4862 -8.3957 -3.0266
v  7.6939 -8.2450 -3.0272
v  7.0485 -8.6206 -3.0253
v  7.2741 -8.5215 -3.0256
v  6.5676 -8.7383 -3.0234
v  4.1441 9.5786 0.1223
v  1.6838 9.5787 0.1162
v  8.3253 5.8651 0.1203
v  8.2073 -2.5033 0.0001
v  0.6579 -5.6908 -3.1459
v  0.6580 -5.7200 -3.1452
v  1.7577 -5.7200 -3.1452
v  1.7577 -5.6898 -3.1458
v  4.1559 -5.6024 -3.0960
v  4.1555 -5.6276 -3.1185
v  4.3698 -5.5983 -3.1140
v  4.3630 -5.5725 -3.0864
v  4.6759 -5.4664 -3.1063
v  4.6617 -5.4445 -3.0715
v  4.9022 -5.2666 -3.1008
v  4.8831 -5.2510 -3.0612
v  5.0349 -5.0517 -3.0943
v  5.0118 -5.0466 -3.0489
v  5.1049 -4.8391 -3.0878
v  5.0820 -4.8418 -3.0386
v  5.1291 -4.6087 -3.0800
v  5.1065 -4.6089 -3.0298
v  4.1553 -5.6563 -3.1351
v  3.7424 -5.6280 -3.1188
v  3.7424 -5.6568 -3.1353
v  4.1553 -5.6877 -3.1452
v  4.3863 -5.6635 -3.1457
v  4.3776 -5.6289 -3.1341
v  4.7152 -5.5268 -3.1462
v  4.6937 -5.4938 -3.1323
v  4.9589 -5.3154 -3.1467
v  4.9271 -5.2878 -3.1311
v  5.1096 -5.0783 -3.1461
v  5.0673 -5.0623 -3.1285
v  5.1861 -4.8494 -3.1444
v  5.1402 -4.8417 -3.1241
v  5.2060 -4.6086 -3.1396
v  5.1638 -4.6091 -3.1167
v  3.7424 -5.6881 -3.1453
v  3.7424 -5.6016 -3.0976
v  4.3530 -5.5392 -3.0545
v  4.1503 -5.5659 -3.0661
v  4.6402 -5.4170 -3.0334
v  4.8549 -5.2322 -3.0156
v  4.9796 -5.0382 -2.9967
v  5.0489 -4.8422 -2.9794
v  5.0733 -4.6091 -2.9653
v  4.3412 -5.4999 -3.0336
v  4.3284 -5.4555 -3.0252
v  4.1396 -5.4811 -3.0443
v  4.1449 -5.5254 -3.0491
v  4.6130 -5.3832 -3.0078
v  4.5820 -5.3430 -2.9975
v  4.8171 -5.2072 -2.9843
v  4.7721 -5.1757 -2.9710
v  4.9339 -5.0222 -2.9621
v  4.8781 -4.9999 -2.9480
v  4.9976 -4.8383 -2.9403
v  4.9335 -4.8281 -2.9253
v  5.0193 -4.6098 -2.9241
v  4.9529 -4.6107 -2.9095
v  4.3160 -5.4087 -3.0313
v  4.1353 -5.4351 -3.0528
v  4.5503 -5.2996 -3.0049
v  4.7248 -5.1402 -2.9789
v  4.8187 -4.9735 -2.9589
v  4.8652 -4.8118 -2.9394
v  4.8857 -4.6103 -2.9247
v  3.7424 -5.4390 -3.0786
v  3.7424 -5.4821 -3.0659
v  3.7424 -5.5215 -3.0653
v  3.7424 -5.5608 -3.0747
v  2.8011 -5.7500 -3.1452
v  2.8010 -5.7200 -3.1452
v  1.7577 -5.7500 -3.1452
v  2.8010 -5.6577 -3.1357
v  2.8010 -5.6287 -3.1193
v  1.7577 -5.6295 -3.1200
v  1.7577 -5.6587 -3.1362
v  2.8010 -5.6889 -3.1455
v  2.8010 -5.6022 -3.0981
v  1.7577 -5.6033 -3.0982
v  2.8010 -5.4825 -3.0662
v  2.8010 -5.4372 -3.0800
v  1.7577 -5.4326 -3.0740
v  1.7577 -5.4819 -3.0596
v  2.8010 -5.5610 -3.0748
v  2.8010 -5.5218 -3.0655
v  1.7577 -5.5228 -3.0606
v  1.7577 -5.5624 -3.0723
v  0.6574 -5.2881 -3.1261
v  0.6580 -5.4002 -3.0774
v  1.7577 -5.4056 -3.0860
v  1.6823 -5.2895 -3.1362
v  2.1525 -4.4909 -3.4032
v  1.5409 -3.6251 -3.5507
v  0.9136 -3.6326 -3.5501
v  1.3208 -4.4972 -3.3951
v  2.7997 -5.2897 -3.1442
v  0.9658 -2.9061 -3.6025
v  0.6236 -3.0831 -3.5970
v  2.0550 -3.6195 -3.5488
v  2.8714 -4.4825 -3.4009
v  3.0546 -4.3993 -3.4112
v  2.1557 -3.5636 -3.5511
v  3.5916 -5.2872 -3.1441
v  3.8795 -5.1515 -3.1714
v  1.1947 -2.7248 -3.6057
v  4.3768 -4.3094 -3.1344
v  4.3351 -4.4644 -3.1532
v  4.8388 -4.8055 -2.9513
v  4.8589 -4.6082 -2.9369
v  3.2418 -4.2114 -3.4157
v  3.3614 -4.0583 -3.4096
v  2.3361 -3.2935 -3.5556
v  2.2743 -3.4194 -3.5546
v  4.1030 -4.9143 -3.1848
v  4.2334 -4.6876 -3.1802
v  1.3199 -2.5711 -3.6065
v  3.4472 -3.8870 -3.3970
v  3.4794 -3.7372 -3.3900
v  2.4237 -3.0642 -3.5499
v  2.3850 -3.1601 -3.5539
v  1.4445 -2.4170 -3.6056
v  3.7426 -5.4119 -3.0902
v  4.1339 -5.4070 -3.0617
v  4.7936 -4.9616 -2.9695
v  4.5353 -5.2754 -3.0136
v  4.7033 -5.1218 -2.9884
v  4.3088 -5.3812 -3.0400
v  0.0000 -5.6914 -3.1461
v  0.0000 -5.7201 -3.1452
v  0.6580 -5.7500 -3.1452
v  0.6579 -5.6599 -3.1367
v  0.6579 -5.6304 -3.1206
v  0.0000 -5.6309 -3.1210
v  0.0000 -5.6605 -3.1369
v  0.6580 -5.6043 -3.0985
v  0.6580 -5.4814 -3.0521
v  0.6580 -5.4272 -3.0655
v  0.0000 -5.4247 -3.0628
v  0.0000 -5.4813 -3.0495
v  0.6580 -5.5642 -3.0690
v  0.6580 -5.5241 -3.0546
v  0.0000 -5.5245 -3.0529
v  0.0000 -5.5648 -3.0679
v  2.8011 -5.4102 -3.0919
v  0.5232 -4.5022 -3.3852
v  0.3977 -3.6390 -3.5460
v  0.0000 -3.6442 -3.5441
v  0.0000 -4.5061 -3.3813
v  0.2994 -3.1678 -3.5927
v  0.0000 -3.1937 -3.5910
v  1.1277 -2.4077 -3.8193
v  1.1442 -2.4226 -3.7407
v  1.2374 -2.2991 -3.7374
v  1.2172 -2.2876 -3.8160
v  1.7099 -1.4910 -3.5979
v  1.6827 -1.8193 -3.5995
v  2.4503 -2.0279 -3.5413
v  3.4844 -2.2596 -3.3646
v  4.3824 -2.4601 -3.1005
v  4.8642 -2.5055 -2.8990
v  4.9011 -3.6364 -2.9025
v  4.9756 -3.6397 -2.8969
v  5.0323 -3.6384 -2.9181
v  5.0747 -3.6383 -2.9567
v  5.1037 -3.6383 -3.0184
v  5.1321 -3.6361 -3.0844
v  5.1718 -3.6364 -3.1226
v  5.2173 -3.6358 -3.1434
v  5.2768 -3.6358 -3.1452
v  5.3068 -3.6369 -3.1452
v  7.4019 -2.5023 -2.9606
v  7.5365 -2.5033 -0.1806
v  7.5365 -0.6501 -0.1806
v  7.4641 -0.6501 -2.9634
v  7.5410 -2.5033 -0.0061
v  7.5474 -2.5033 0.0361
v  7.5475 -0.6501 0.0359
v  7.5410 -0.6501 -0.0062
v  1.5906 -2.1311 -3.6028
v  2.4585 -2.5641 -3.5441
v  3.4997 -3.0274 -3.3737
v  4.4082 -3.4279 -3.1090
v  4.8746 -3.6361 -2.9146
v  1.6900 -1.2392 -3.5992
v  0.2734 -2.9888 -3.6650
v  0.5566 -2.9119 -3.6651
v  0.5407 -2.8646 -3.7349
v  0.2675 -2.9428 -3.7322
v  0.8464 -2.7602 -3.6688
v  0.8120 -2.7240 -3.7363
v  1.0706 -2.5784 -3.6716
v  1.0404 -2.5380 -3.7402
v  1.1801 -2.4543 -3.6739
v  1.2809 -2.3233 -3.6704
v  1.4188 -2.0589 -3.6667
v  1.3713 -2.0402 -3.7355
v  1.4984 -1.7750 -3.6672
v  1.4504 -1.7626 -3.7356
v  1.5224 -1.4914 -3.6694
v  1.4743 -1.4912 -3.7393
v  1.5090 -1.2794 -3.6686
v  1.4620 -1.2911 -3.7363
v  1.4724 -1.0857 -3.6661
v  1.4241 -1.1018 -3.7354
v  1.4055 -0.8903 -3.6666
v  1.3593 -0.9138 -3.7356
v  1.3208 -0.7214 -3.6685
v  1.2757 -0.7454 -3.7366
v  1.2285 -0.5855 -3.6721
v  1.1879 -0.6151 -3.7409
v  0.5353 -2.8433 -3.8159
v  0.2649 -2.9219 -3.8105
v  0.7954 -2.7080 -3.8159
v  1.0278 -2.5194 -3.8160
v  1.3495 -2.0323 -3.8153
v  1.4291 -1.7566 -3.8161
v  1.4543 -1.4913 -3.8161
v  1.4412 -1.2970 -3.8161
v  1.4024 -1.1088 -3.8162
v  1.3390 -0.9274 -3.8197
v  1.2532 -0.7555 -3.8219
v  1.1697 -0.6286 -3.8228
v  1.1176 -0.5118 -3.8097
v  1.1436 -0.5079 -3.7312
v  1.2183 -0.5711 -3.6721
v  1.2061 -0.5489 -3.6707
v  1.1613 -0.5722 -3.7381
v  1.1778 -0.6012 -3.7411
v  1.2773 -0.5269 -3.6247
v  1.2704 -0.5148 -3.6243
v  1.2611 -0.4888 -3.6245
v  1.0238 -0.4806 -4.4061
v  1.1132 -0.5096 -3.8373
v  0.9820 -0.4424 -4.5347
v  1.0195 -0.4802 -4.4348
v  0.9981 -0.5371 -4.6528
v  0.9905 -0.5172 -4.6054
v  0.9055 -0.4446 -4.6964
v  0.9034 -0.4601 -4.7597
v  0.7313 -0.1599 -4.6460
v  0.8488 -0.2788 -4.6356
v  0.9241 -0.3694 -4.5970
v  0.3849 0.0574 -4.6303
v  0.3794 -0.0223 -4.6452
v  0.7502 -0.0818 -4.6320
v  1.1502 -0.5408 -3.7341
v  1.1261 -0.5487 -3.8141
v  1.1405 -0.5837 -3.8192
v  1.1977 -0.5250 -3.6693
v  1.1919 -0.5003 -3.6689
v  1.2653 -0.5019 -3.6242
v  1.1216 -0.5465 -3.8417
v  1.0336 -0.5192 -4.4101
v  1.0501 -0.5563 -4.4153
v  1.1362 -0.5823 -3.8468
v  1.0296 -0.5187 -4.4382
v  0.9830 -0.4832 -4.5663
v  1.0454 -0.5543 -4.4442
v  0.9111 -0.4116 -4.6409
v  0.8288 -0.3339 -4.6812
v  0.6939 -0.2271 -4.6913
v  0.6706 -0.2737 -4.7575
v  0.8204 -0.3764 -4.7424
v  0.3624 -0.0966 -4.6911
v  0.3489 -0.1478 -4.7606
v  -0.0000 0.0220 -4.6454
v  1.1605 -0.6159 -3.8228
v  1.0731 -0.5908 -4.4238
v  1.1576 -0.6162 -3.8507
v  1.0692 -0.5896 -4.4496
v  0.3384 -0.1719 -4.8509
v  1.8930 4.7883 -0.7282
v  1.8262 4.5800 -1.1098
v  4.4753 4.5716 -1.1071
v  1.7843 4.4021 -1.3906
v  1.7437 4.2095 -1.6615
v  4.6161 4.1960 -1.6732
v  1.6965 4.0032 -1.9182
v  1.6523 3.7791 -2.1593
v  1.6208 3.5582 -2.3636
v  1.5937 3.3229 -2.5521
v  1.5620 3.0521 -2.7389
v  1.5308 2.7699 -2.9078
v  1.4932 2.4326 -3.0805
v  1.4607 2.0830 -3.2271
v  1.4382 1.7620 -3.3320
v  1.4225 1.4350 -3.4186
v  1.4053 1.0284 -3.5009
v  2.0190 5.2053 0.2750
v  1.9558 4.9705 -0.3325
v  0.9016 -0.4688 -4.8488
v  0.8179 -0.4002 -4.8491
v  1.8104 5.6922 0.3670
v  1.8598 5.6930 0.3980
v  1.9174 5.6917 0.4091
v  0.0000 -2.9463 -3.8089
v  0.2480 -2.8330 -4.8491
v  0.5018 -2.7601 -4.8491
v  0.7459 -2.6337 -4.8489
v  0.9639 -2.4568 -4.8492
v  1.0578 -2.3522 -4.8511
v  1.1411 -2.2389 -4.8493
v  1.2654 -2.0001 -4.8491
v  1.3409 -1.7413 -4.8494
v  1.3639 -1.4918 -4.8494
v  1.3518 -1.3103 -4.8494
v  1.3161 -1.1335 -4.8495
v  1.2573 -0.9630 -4.8495
v  1.1765 -0.8017 -4.8495
v  1.0751 -0.6524 -4.8494
v  1.0035 -0.5687 -4.8489
v  7.3399 5.9448 -0.0205
v  4.4597 5.9755 0.3896
v  4.3726 5.9829 0.4889
v  4.2747 5.9865 0.5366
v  1.1074 5.0861 -2.2517
v  -0.0000 0.1271 -4.6284
v  5.2814 5.7247 -2.9775
v  7.6697 -6.5149 -2.9624
v  7.6335 -6.5354 -2.9647
v  7.5713 -6.5416 -2.9681
v  7.5156 -6.5186 -2.9702
v  7.4785 -6.4756 -2.9694
v  7.4019 -3.8238 -2.9604
v  7.4683 1.3763 -2.9645
v  7.4018 3.5688 -2.9642
v  7.4642 5.5357 -2.9699
v  7.5411 3.5689 -0.0016
v  7.5411 1.3764 -0.0040
v  7.5410 -3.8239 -0.0042
v  7.5404 -6.2274 -0.0273
v  7.5412 -6.2270 0.0008
v  7.2787 5.7247 -2.9774
v  7.5373 5.7778 -0.1512
v  7.5266 5.8341 -0.1536
v  7.4938 5.8859 -0.1546
v  7.3375 5.9360 -0.1380
v  7.3818 5.9350 -0.1538
v  7.6464 5.7761 0.1191
v  7.6945 5.7789 0.1178
v  7.5712 5.7711 0.0765
v  7.6058 5.7739 0.1048
v  7.7411 5.7969 0.0968
v  7.5465 3.5688 0.0316
v  7.5699 3.5682 0.0754
v  -0.0000 9.5777 0.1475
v  0.8323 9.5296 1.5349
v  1.6833 9.5296 1.5349
v  4.1441 9.5296 1.5349
v  6.2992 9.5296 1.5349
v  6.5014 9.5184 1.5348
v  6.7005 9.4876 1.5347
v  6.8921 9.4370 1.5345
v  7.0782 9.3689 1.5344
v  7.2455 9.2881 1.5338
v  7.4039 9.1910 1.5336
v  7.5528 9.0793 1.5335
v  7.6908 8.9544 1.5337
v  7.8178 8.8158 1.5334
v  7.9312 8.6661 1.5334
v  8.0299 8.5066 1.5337
v  8.1127 8.3386 1.5343
v  8.1818 8.1511 1.5343
v  8.2323 7.9577 1.5344
v  8.2640 7.7569 1.5345
v  8.2759 7.5525 1.5346
v  8.2759 6.1716 1.5359
v  8.2759 5.8653 1.5362
v  8.2768 4.3565 1.5095
v  8.2758 4.3581 1.5375
v  8.2758 3.5689 1.5381
v  8.2758 1.3764 1.5391
v  8.2758 -1.4895 1.5401
v  8.2758 -3.8239 1.5408
v  8.2758 -6.6203 1.5420
v  8.2633 -6.8339 1.5418
v  8.2283 -7.0433 1.5419
v  8.1543 -7.2955 1.5422
v  8.0502 -7.5352 1.5433
v  7.9185 -7.7509 1.5415
v  7.7605 -7.9477 1.5419
v  7.5897 -8.1151 1.5404
v  7.3999 -8.2617 1.5416
v  7.2019 -8.3772 1.5411
v  6.9924 -8.4690 1.5426
v  6.7733 -8.5377 1.5141
v  6.7728 -8.5368 1.5422
v  6.2992 -8.5969 1.5426
v  4.1559 -8.5969 1.5425
v  2.0780 -8.5979 1.5145
v  2.0780 -8.5969 1.5425
v  4.1441 9.2258 -0.0027
v  7.8735 -6.4240 -3.0665
v  7.8739 -6.4368 -3.0935
v  7.8733 -6.5072 -3.1447
v  7.8736 -6.5365 -3.1452
v  7.8733 -6.4560 -3.1167
v  7.8732 -6.4796 -3.1338
v  7.8720 -6.4184 -3.0330
v  7.0480 -8.6197 -2.9964
v  4.5535 5.9443 -0.0300
v  4.5814 5.9446 -0.0260
v  1.9265 4.9719 -0.3293
v  1.9895 5.2056 0.2754
v  2.0780 -8.6262 0.7087
v  2.0779 -8.6400 -3.1452
v  2.0780 -8.6853 -3.1383
v  2.0780 -6.4560 -3.1452
v  2.0779 -8.6101 -3.1452
v  2.0780 -8.7232 -3.1124
v  2.0780 -8.7492 -3.0724
v  2.0780 -8.7574 -3.0228
v  0.0000 -8.5979 1.5145
v  0.0000 -6.4553 -3.1452
v  0.6473 -0.3088 -4.9117
v  0.8088 -0.4127 -4.9103
v  0.8909 -0.4796 -4.9103
v  0.9917 -0.5781 -4.9104
v  1.0626 -0.6607 -4.9106
v  1.1624 -0.8085 -4.9105
v  1.2429 -0.9677 -4.9107
v  1.3015 -1.1361 -4.9108
v  1.3364 -1.3110 -4.9107
v  1.3499 -1.4904 -4.9110
v  1.3273 -1.7374 -4.9110
v  1.2527 -1.9936 -4.9111
v  1.1299 -2.2302 -4.9111
v  1.0474 -2.3423 -4.9125
v  0.9545 -2.4460 -4.9111
v  0.7388 -2.6213 -4.9110
v  0.4970 -2.7465 -4.9111
v  0.2457 -2.8188 -4.9111
v  0.3335 -0.1853 -4.9120
v  0.7900 -0.4356 -4.9662
v  0.6306 -0.3351 -4.9690
v  0.6095 -0.3735 -5.0145
v  0.7619 -0.4703 -5.0136
v  0.8702 -0.5008 -4.9663
v  0.8394 -0.5330 -5.0136
v  1.0378 -0.6777 -4.9670
v  0.9688 -0.5970 -4.9664
v  0.9348 -0.6261 -5.0137
v  1.0013 -0.7037 -5.0141
v  1.1356 -0.8221 -4.9668
v  1.0958 -0.8429 -5.0141
v  1.2142 -0.9775 -4.9672
v  1.1718 -0.9928 -5.0143
v  1.2716 -1.1420 -4.9675
v  1.2276 -1.1515 -5.0146
v  1.3060 -1.3128 -4.9673
v  1.2610 -1.3164 -5.0144
v  1.3190 -1.4881 -4.9681
v  1.2736 -1.4855 -5.0149
v  1.2972 -1.7296 -4.9683
v  1.2530 -1.7189 -5.0151
v  1.2247 -1.9801 -4.9685
v  1.1835 -1.9611 -5.0152
v  1.1048 -2.2114 -4.9686
v  1.0677 -2.1846 -5.0154
v  1.0228 -2.3200 -4.9720
v  0.9883 -2.2896 -5.0174
v  0.7226 -2.5944 -4.9688
v  0.9335 -2.4228 -4.9688
v  0.9021 -2.3890 -5.0151
v  0.6985 -2.5550 -5.0152
v  0.4862 -2.7169 -4.9691
v  0.4699 -2.6735 -5.0153
v  0.2404 -2.7877 -4.9692
v  0.2323 -2.7420 -5.0153
v  0.3253 -0.2155 -4.9694
v  -0.0000 -0.1692 -4.9633
v  -0.0000 -0.2130 -5.0111
v  0.3143 -0.2582 -5.0149
v  -0.0000 -0.1414 -4.9091
v  0.5670 -0.4490 -5.0682
v  0.7065 -0.5383 -5.0682
v  0.7787 -0.5964 -5.0682
v  0.8676 -0.6830 -5.0682
v  0.9289 -0.7547 -5.0682
v  1.0169 -0.8840 -5.0682
v  1.0875 -1.0231 -5.0682
v  1.1395 -1.1703 -5.0682
v  1.1708 -1.3232 -5.0682
v  1.1826 -1.4800 -5.0682
v  1.1640 -1.6970 -5.0682
v  1.1000 -1.9223 -5.0682
v  0.9908 -2.1291 -5.0682
v  0.9161 -2.2255 -5.0682
v  0.8370 -2.3183 -5.0682
v  0.6481 -2.4728 -5.0682
v  0.4360 -2.5828 -5.0682
v  0.2155 -2.6464 -5.0682
v  -0.0000 -0.2975 -5.0682
v  0.2920 -0.3428 -5.0682
v  0.5574 -0.4684 -5.0682
v  0.6938 -0.5559 -5.0682
v  0.7643 -0.6126 -5.0682
v  0.8517 -0.6978 -5.0682
v  0.9116 -0.7679 -5.0682
v  0.9982 -0.8950 -5.0682
v  1.0675 -1.0316 -5.0682
v  1.1185 -1.1761 -5.0682
v  1.1492 -1.3262 -5.0682
v  1.1606 -1.4798 -5.0682
v  1.1419 -1.6929 -5.0682
v  1.0791 -1.9140 -5.0682
v  0.9733 -2.1178 -5.0682
v  0.8998 -2.2124 -5.0682
v  0.8228 -2.3040 -5.0682
v  0.6371 -2.4560 -5.0682
v  0.4286 -2.5641 -5.0682
v  0.2118 -2.6267 -5.0682
v  0.0000 -2.6460 -5.0682
v  0.0000 -2.6661 -5.0682
v  0.2863 -0.3639 -5.0682
v  0.5198 5.0858 -2.2533
v  -0.0000 2.9155 -3.9880
v  -0.0000 0.8774 -4.5676
v  -0.0000 5.6850 -1.1121
v  -0.0000 0.6335 -4.5950
v  -0.0000 0.3886 -4.6151
v  8.2727 -6.6214 1.5835
v  8.2726 -3.8239 1.5825
v  8.2726 -1.4895 1.5821
v  8.2726 1.3762 1.5815
v  8.2725 3.5696 1.5810
v  2.0780 -8.5936 1.5831
v  4.1563 -8.5936 1.5831
v  6.2988 -8.5935 1.5831
v  6.5451 -8.5760 1.5831
v  6.5456 -8.5795 1.5426
v  6.9909 -8.4662 1.5830
v  7.2000 -8.3747 1.5826
v  7.3975 -8.2593 1.5830
v  7.5872 -8.1130 1.5823
v  7.7578 -7.9459 1.5828
v  7.9156 -7.7493 1.5830
v  8.0476 -7.5342 1.5843
v  8.1514 -7.2948 1.5832
v  8.2249 -7.0430 1.5834
v  8.2598 -6.8334 1.5832
v  6.2993 9.5260 1.5793
v  4.1441 9.5260 1.5793
v  8.2717 7.5525 1.5792
v  8.2597 7.7572 1.5792
v  7.6875 8.9516 1.5788
v  7.5494 9.0763 1.5787
v  8.1090 8.3371 1.5791
v  8.0259 8.5050 1.5788
v  7.0765 9.3652 1.5792
v  6.8908 9.4335 1.5792
v  8.2282 7.9569 1.5792
v  8.1779 8.1501 1.5791
v  7.4013 9.1873 1.5787
v  7.2433 9.2841 1.5788
v  7.9275 8.6638 1.5786
v  7.8139 8.8137 1.5787
v  6.6999 9.4835 1.5793
v  6.5012 9.5140 1.5793
v  8.2758 3.8050 1.5379
v  8.2725 3.8075 1.5808
v  8.2725 4.0261 1.5807
v  8.2758 4.0250 1.5377
v  1.6833 9.5260 1.5793
v  0.8323 9.5260 1.5793
v  8.2718 6.1716 1.5798
v  8.2720 5.8650 1.5800
v  -0.0000 9.5260 1.5793
v  -0.0000 9.5296 1.5349
v  4.1440 9.3290 1.7650
v  6.3020 9.3281 1.7650
v  6.2626 7.6514 1.7288
v  4.1440 7.6516 1.7287
v  6.3009 9.4880 1.6960
v  6.3015 9.4679 1.7235
v  4.1441 9.4679 1.7235
v  4.1441 9.4880 1.6960
v  1.6825 9.4679 1.7236
v  1.6828 9.4880 1.6960
v  0.8324 9.4679 1.7236
v  0.8323 9.4880 1.6960
v  -0.0000 9.4679 1.7236
v  -0.0000 9.4880 1.6960
v  8.2325 5.8635 1.6960
v  8.2127 5.8630 1.7245
v  8.2124 6.1699 1.7238
v  8.2315 6.1704 1.6960
v  8.2112 7.5525 1.7233
v  8.2302 7.5525 1.6960
v  8.1983 7.7611 1.7235
v  8.2175 7.7598 1.6960
v  8.1696 7.9453 1.7227
v  8.1874 7.9489 1.6960
v  8.1199 8.1351 1.7230
v  8.1378 8.1397 1.6960
v  8.0530 8.3139 1.7240
v  8.0710 8.3213 1.6960
v  7.9702 8.4817 1.7230
v  7.9873 8.4889 1.6960
v  7.8776 8.6322 1.7221
v  7.8923 8.6415 1.6960
v  7.7617 8.7844 1.7216
v  7.7769 8.7927 1.6960
v  7.6409 8.9129 1.7231
v  7.6552 8.9247 1.6960
v  7.5050 9.0365 1.7213
v  7.5178 9.0479 1.6960
v  7.3663 9.1388 1.7221
v  7.3767 9.1530 1.6960
v  7.2138 9.2311 1.7229
v  7.2228 9.2472 1.6960
v  7.0513 9.3111 1.7225
v  7.0590 9.3275 1.6960
v  6.8708 9.3775 1.7231
v  6.8771 9.3950 1.6960
v  6.6897 9.4243 1.7218
v  6.6928 9.4424 1.6960
v  6.4978 9.4557 1.7219
v  6.4988 9.4730 1.6960
v  8.2360 -3.8239 1.6961
v  8.2351 -6.6144 1.6962
v  8.2063 -6.6040 1.7344
v  8.2098 -3.8240 1.7322
v  8.2363 -1.4897 1.6961
v  8.2106 -1.4918 1.7312
v  8.2366 1.3759 1.6960
v  8.2115 1.3686 1.7286
v  8.2367 3.5748 1.6960
v  8.2132 3.5825 1.7287
v  4.1589 -8.5592 1.6960
v  2.0779 -8.5586 1.6960
v  2.0778 -8.5340 1.7310
v  4.1605 -8.5339 1.7315
v  6.2978 -8.5593 1.6960
v  6.2990 -8.5340 1.7314
v  6.9773 -8.4342 1.6960
v  6.7623 -8.5004 1.6960
v  6.7549 -8.4733 1.7336
v  6.9656 -8.4063 1.7350
v  7.3752 -8.2306 1.6961
v  7.1823 -8.3443 1.6960
v  7.1678 -8.3188 1.7344
v  7.3565 -8.2057 1.7358
v  7.7286 -7.9241 1.6961
v  7.5611 -8.0878 1.6961
v  7.5403 -8.0662 1.7349
v  7.7051 -7.9040 1.7355
v  8.1874 -7.0370 1.6961
v  8.1157 -7.2843 1.6961
v  8.0857 -7.2743 1.7362
v  8.1578 -7.0313 1.7353
v  8.2220 -6.8275 1.6962
v  8.1935 -6.8229 1.7345
v  0.0000 -8.5349 1.7308
v  1.6648 7.6514 1.7286
v  1.6817 9.3260 1.7648
v  1.6473 5.8690 1.6901
v  1.6563 5.4524 1.6810
v  -0.0000 5.8669 1.6900
v  4.1440 5.8690 1.6899
v  4.1441 5.4531 1.6809
v  6.2225 5.8668 1.6902
v  6.2058 5.4522 1.6808
v  6.9004 5.7740 1.7093
v  7.4020 5.6559 1.7403
v  6.8955 5.3410 1.7071
v  7.2243 5.1900 1.7330
v  7.6111 5.5403 1.7535
v  7.8078 5.3943 1.7629
v  7.5299 4.9694 1.7557
v  7.9200 5.2126 1.7666
v  7.7837 4.6939 1.7670
v  8.0779 4.3633 1.7701
v  7.9675 4.3695 1.7698
v  8.2768 4.0250 1.5098
v  8.2724 4.3606 1.5806
v  8.2364 4.0296 1.6960
v  8.2366 3.8115 1.6960
v  8.2136 3.8102 1.7282
v  8.2138 4.0283 1.7277
v  8.2361 4.3653 1.6960
v  8.2140 4.3653 1.7270
v  7.7124 -6.5652 1.4961
v  7.7667 -6.5642 1.6061
v  7.7601 -6.7568 1.6138
v  7.7050 -6.7455 1.5073
v  6.5215 -8.4042 1.7732
v  6.2993 -8.4233 1.7732
v  6.2861 -8.2939 1.7508
v  6.5024 -8.2767 1.7512
v  7.2845 -8.1082 1.7731
v  7.1079 -8.2127 1.7732
v  7.0469 -8.1042 1.7530
v  7.2102 -8.0086 1.7526
v  7.6119 -7.8244 1.7731
v  7.4557 -7.9767 1.7731
v  7.3712 -7.8873 1.7532
v  7.5163 -7.7453 1.7526
v  7.8724 -7.4512 1.7730
v  7.7536 -7.6466 1.7730
v  7.6490 -7.5811 1.7528
v  7.7601 -7.3979 1.7522
v  8.0381 -7.0078 1.7729
v  7.9694 -7.2349 1.7729
v  7.8525 -7.1971 1.7526
v  7.9171 -6.9850 1.7528
v  7.6960 -6.5666 1.4457
v  7.6878 -6.7450 1.4572
v  7.4581 -6.6060 0.7919
v  7.4693 -6.4043 0.7914
v  7.6572 -6.9214 1.4556
v  7.6017 -7.1023 1.4547
v  7.2768 -7.1714 0.7852
v  7.4266 -6.8047 0.7907
v  7.5230 -7.2741 1.4540
v  7.4262 -7.4303 1.4530
v  7.3101 -7.5736 1.4523
v  7.1885 -7.6897 1.4539
v  7.0648 -7.4506 0.7849
v  7.0541 -7.7908 1.4511
v  6.9178 -7.8701 1.4502
v  6.8041 -7.6518 0.7838
v  6.4663 -8.0136 1.4356
v  6.2292 -8.0293 1.4260
v  6.0358 -7.8482 0.7919
v  6.2658 -7.8342 0.7829
v  7.9307 4.3532 1.7698
v  7.8191 4.3000 1.7504
v  7.6482 4.6037 1.7473
v  7.7511 4.6701 1.7665
v  7.4288 4.4770 1.5018
v  7.2367 4.6836 1.4851
v  7.2763 4.7235 1.5929
v  7.4787 4.5073 1.6096
v  6.9941 4.8543 1.4625
v  7.0242 4.9015 1.5693
v  6.7405 4.9653 1.4386
v  6.7604 5.0159 1.5451
v  6.4455 5.0270 1.3990
v  6.4495 5.0798 1.5113
v  7.5778 4.1808 1.4521
v  7.6572 3.9436 1.4539
v  7.4275 3.8236 0.7898
v  7.3515 4.0647 0.7909
v  7.4156 4.4654 1.4517
v  7.2075 4.3198 0.7909
v  7.2278 4.6683 1.4352
v  7.0189 4.5273 0.7908
v  6.9891 4.8373 1.4125
v  6.8172 4.6731 0.7909
v  6.7407 4.9481 1.3885
v  6.5406 4.7983 0.7912
v  6.4482 5.0108 1.3487
v  6.2709 4.8567 0.7915
v  2.2905 0.1389 -3.0911
v  3.3152 0.9017 -2.9534
v  3.3203 0.7966 -2.9510
v  2.3008 0.0756 -3.0899
v  7.6742 3.9474 1.5039
v  7.7293 3.9615 1.6114
v  7.7585 3.7751 1.6089
v  7.7034 3.7666 1.4998
v  7.7113 -1.4893 1.4358
v  7.7014 -3.8238 1.4229
v  7.5039 -3.8238 0.7954
v  7.5194 -1.4892 0.7902
v  8.1016 -1.4899 1.7715
v  8.0962 -3.8239 1.7721
v  7.9728 -3.8239 1.7522
v  7.9822 -1.4898 1.7524
v  7.0094 -6.5824 -0.1403
v  7.0410 -6.3651 -0.1357
v  6.8923 -6.8837 -0.1456
v  6.7147 -7.1315 -0.1499
v  6.4791 -7.3245 -0.1522
v  5.9417 -7.5008 -0.1449
v  6.2148 -7.4440 -0.1516
v  6.5456 -7.7652 0.7813
v  5.7272 -7.5143 -0.1315
v  7.0094 3.6006 -0.1433
v  6.9508 3.8072 -0.1447
v  6.8277 4.0359 -0.1461
v  6.6505 4.2313 -0.1453
v  6.4732 4.3574 -0.1454
v  6.1986 4.4783 -0.1381
v  5.9500 4.5255 -0.1343
v  7.6862 3.7660 1.4498
v  7.4566 3.6233 0.7850
v  7.0563 -6.1442 -0.1358
v  7.1073 -3.8174 -0.1190
v  5.1599 2.3282 -2.2477
v  5.8918 2.8717 -1.6765
v  5.9103 2.6488 -1.6738
v  5.1701 2.1305 -2.2452
v  4.2733 -4.6310 -2.6786
v  3.3331 -3.9015 -2.9433
v  3.3422 -3.7930 -2.9402
v  4.2871 -4.4771 -2.6723
v  4.2082 -4.8120 -2.6844
v  3.2800 -4.0512 -2.9470
v  4.1049 -4.9594 -2.6877
v  3.1972 -4.1740 -2.9494
v  3.9660 -5.0742 -2.6886
v  3.0862 -4.2724 -2.9505
v  3.6541 -5.1831 -2.6838
v  2.8395 -4.3743 -2.9500
v  2.9640 -4.3371 -2.9506
v  3.8117 -5.1457 -2.6872
v  3.5212 -5.2013 -2.6803
v  2.7354 -4.3922 -2.9486
v  4.2621 1.6344 -2.6908
v  3.2940 0.9946 -2.9554
v  4.2450 1.7328 -2.6919
v  3.2214 1.1317 -2.9587
v  4.1608 1.8997 -2.6973
v  3.1387 1.2297 -2.9592
v  4.0600 2.0182 -2.6981
v  3.0337 1.3125 -2.9578
v  3.9267 2.1198 -2.6956
v  2.9219 1.3703 -2.9544
v  3.7841 2.1855 -2.6914
v  2.8367 1.3894 -2.9521
v  3.6586 2.2068 -2.6881
v  4.2877 -4.3214 -2.6720
v  3.3404 -3.6830 -2.9403
v  3.3678 -2.5910 -2.9081
v  4.3034 -2.9138 -2.6367
v  6.5071 -6.2769 -0.9632
v  5.8950 -5.8612 -1.6713
v  5.9198 -5.6401 -1.6627
v  6.5365 -6.0492 -0.9560
v  6.4030 -6.5479 -0.9705
v  5.8045 -6.1005 -1.6786
v  6.2413 -6.7692 -0.9762
v  5.6615 -6.2949 -1.6839
v  6.0263 -6.9389 -0.9788
v  5.4710 -6.4432 -1.6865
v  5.5366 -7.0883 -0.9688
v  5.0386 -6.5742 -1.6791
v  5.2577 -6.5319 -1.6858
v  5.7851 -7.0411 -0.9773
v  5.3396 -7.1026 -0.9535
v  4.8572 -6.5916 -1.6662
v  6.5060 3.2914 -0.9673
v  5.8670 3.0016 -1.6772
v  6.4679 3.4555 -0.9695
v  5.7677 3.2053 -1.6818
v  6.3579 3.6719 -0.9723
v  5.6296 3.3637 -1.6825
v  6.1981 3.8517 -0.9723
v  5.4656 3.4810 -1.6807
v  6.0274 3.9720 -0.9710
v  5.2546 3.5707 -1.6752
v  5.7773 4.0775 -0.9622
v  5.0496 3.6028 -1.6684
v  5.5473 4.1147 -0.9557
v  6.5517 -5.8186 -0.9564
v  5.9307 -5.4164 -1.6636
v  5.9554 -3.4532 -1.6365
v  6.5954 -3.6546 -0.9324
v  7.0375 3.3813 -0.1449
v  6.5305 3.0613 -0.9664
v  5.1679 -5.3215 -2.2405
v  5.1849 -5.1239 -2.2339
v  5.0914 -5.5332 -2.2464
v  4.9674 -5.7049 -2.2506
v  4.8006 -5.8360 -2.2529
v  4.4229 -5.9516 -2.2491
v  4.6141 -5.9142 -2.2526
v  4.2609 -5.9681 -2.2427
v  5.1433 2.4373 -2.2476
v  5.0522 2.6276 -2.2527
v  4.9336 2.7658 -2.2534
v  4.7793 2.8783 -2.2511
v  4.6038 2.9528 -2.2469
v  4.4331 2.9795 -2.2429
v  5.1872 -4.9241 -2.2363
v  5.1826 -3.2068 -2.2097
v  4.3158 -1.4896 -2.6102
v  3.3934 -1.4899 -2.8881
v  3.3873 -0.3043 -2.9181
v  4.3144 0.0595 -2.6371
v  8.0883 -6.5665 1.7728
v  7.9613 -6.5659 1.7515
v  7.7023 1.3781 1.4345
v  7.4980 1.2774 0.7911
v  7.1255 -1.4891 -0.1205
v  5.9493 0.7324 -1.6447
v  5.9555 -1.4892 -1.6246
v  5.1785 -1.4894 -2.1914
v  5.1858 0.4104 -2.2129
v  2.4640 -1.4907 -3.0599
v  2.4211 -2.2560 -3.0707
v  6.6067 -1.4891 -0.9293
v  7.0983 1.1462 -0.1269
v  6.5862 0.9769 -0.9414
v  4.2697 1.4826 -2.6865
v  1.8186 -0.9029 -3.1200
v  1.5183 -1.1813 -3.1328
v  1.4291 -0.8881 -3.1342
v  1.6455 -2.6564 -3.1274
v  1.2921 -2.3618 -3.1349
v  1.6596 -2.6206 -3.1267
v  2.3002 -3.1296 -3.0896
v  2.3126 -3.0651 -3.0883
v  1.6072 -2.7267 -3.1281
v  1.1623 -2.5191 -3.1352
v  2.2560 -3.2341 -3.0913
v  1.5628 -2.7877 -3.1282
v  2.1956 -3.3212 -3.0920
v  1.5106 -2.8422 -3.1281
v  2.1186 -3.3944 -3.0917
v  1.4000 -2.9248 -3.1276
v  1.0781 -2.6097 -3.1348
v  1.4557 -2.8873 -3.1279
v  1.9511 -3.4862 -3.0889
v  2.0356 -3.4482 -3.0906
v  1.3586 -2.9491 -3.1270
v  1.8842 -3.5093 -3.0877
v  1.6416 -0.3291 -3.1282
v  1.2912 -0.6217 -3.1354
v  1.1836 -0.4851 -3.1356
v  1.6103 -0.2747 -3.1282
v  2.2613 0.2108 -3.0925
v  1.5721 -0.2169 -3.1285
v  2.2042 0.3062 -3.0937
v  1.5306 -0.1674 -3.1285
v  2.1450 0.3762 -3.0936
v  1.4864 -0.1239 -3.1284
v  2.0781 0.4338 -3.0930
v  1.4400 -0.0867 -3.1281
v  2.0063 0.4791 -3.0919
v  1.0649 -0.3607 -3.1354
v  1.3992 -0.0587 -3.1283
v  1.9496 0.5026 -3.0901
v  1.6684 -2.5788 -3.1273
v  1.4288 -2.0961 -3.1339
v  1.8176 -2.0457 -3.1198
v  2.3185 -2.9986 -3.0870
v  1.8729 -1.4915 -3.1159
v  1.5486 -1.4914 -3.1319
v  2.4274 -0.6746 -3.0714
v  6.2285 -8.0431 1.4770
v  6.2427 -8.0960 1.5966
v  4.1640 -8.0959 1.5962
v  4.1634 -8.0410 1.4717
v  4.1635 -8.0267 1.4207
v  4.1595 -7.8534 0.8063
v  2.8698 -7.5444 -0.0793
v  2.1494 -6.0149 -2.1963
v  1.8391 -5.2802 -2.6334
v  2.6807 -7.1441 -0.8937
v  2.4438 -6.6402 -1.6076
v  1.5002 -4.4830 -2.9160
v  1.1392 -3.6652 -3.0701
v  0.8831 -3.1394 -3.1196
v  0.8682 -2.7792 -3.1335
v  6.4843 5.3941 1.6835
v  6.4706 5.2702 1.6598
v  6.3383 5.2804 1.6566
v  6.3401 5.4067 1.6803
v  1.3817 -0.0474 -3.1276
v  6.1523 4.8649 0.7903
v  6.3284 5.0215 1.3399
v  4.3659 2.9763 -2.2372
v  4.9658 3.6005 -1.6629
v  5.4503 4.1153 -0.9520
v  5.8406 4.5307 -0.1325
v  1.9251 0.5100 -3.0898
v  2.8005 1.3907 -2.9502
v  3.6083 2.2048 -2.6839
v  3.3227 0.6909 -2.9492
v  2.3088 0.0116 -3.0885
v  7.6961 3.5828 1.4444
v  7.4668 3.4213 0.7802
v  5.9192 2.4246 -1.6761
v  5.1730 1.9312 -2.2467
v  7.0508 3.1598 -0.1486
v  6.5422 2.8295 -0.9685
v  4.2729 1.3291 -2.6848
v  1.6555 -0.3663 -3.1274
v  1.6683 -0.4064 -3.1278
v  6.2065 5.0398 1.3861
v  4.1440 5.0376 1.3827
v  4.1440 5.0903 1.4998
v  6.2091 5.0912 1.5019
v  0.7457 0.1953 -3.1170
v  0.8643 -0.2028 -3.1340
v  0.6026 -0.0638 -3.1321
v  6.0339 4.8683 0.7877
v  4.1420 4.8672 0.7848
v  4.1440 5.0234 1.3317
v  6.2073 5.0257 1.3351
v  4.2984 2.9722 -2.2347
v  2.1690 2.9970 -2.2088
v  2.4558 3.6190 -1.6340
v  4.8819 3.5979 -1.6609
v  5.3528 4.1147 -0.9513
v  2.6868 4.1338 -0.9281
v  2.8722 4.5458 -0.1141
v  5.7310 4.5314 -0.1320
v  1.9002 0.5158 -3.0893
v  1.0037 0.7058 -3.0675
v  1.4236 1.4784 -2.9187
v  2.7639 1.3890 -2.9492
v  1.8193 2.2661 -2.6419
v  3.5579 2.2008 -2.6818
v  6.9223 -8.2970 1.7732
v  6.7251 -8.3635 1.7732
v  6.6928 -8.2396 1.7520
v  6.8746 -8.1799 1.7518
v  6.7737 -7.9344 1.4452
v  6.6223 -7.9824 1.4418
v  6.3265 5.0365 1.3906
v  6.3304 5.0879 1.5055
v  1.3653 -0.0377 -3.1273
v  8.0749 -6.8055 1.7728
v  7.9513 -6.7897 1.7531
v  0.0000 -5.2963 -2.6018
v  0.0000 -7.5433 -0.0976
v  0.0000 -4.5243 -2.8876
v  0.2261 -3.2662 -3.1024
v  0.3104 -3.0028 -3.1288
v  0.6020 -2.9192 -3.1315
v  -0.0000 0.3084 -3.1089
v  0.3115 0.0216 -3.1304
v  -0.0000 0.0548 -3.1291
v  -0.0000 3.0182 -2.1820
v  -0.0000 3.6391 -1.6113
v  -0.0000 4.1518 -0.9120
v  -0.0000 0.7899 -3.0505
v  7.8503 -6.5648 1.6924
v  7.8429 -6.7736 1.6967
v  6.4857 -8.1655 1.6906
v  6.2647 -8.1820 1.6900
v  6.4734 -8.0818 1.6006
v  6.8314 -8.0779 1.6932
v  6.7986 -8.0006 1.6063
v  6.9516 -7.9348 1.6106
v  6.9934 -8.0087 1.6967
v  7.1457 -7.9201 1.6964
v  7.0956 -7.8514 1.6107
v  7.2382 -7.7456 1.6130
v  7.2964 -7.8081 1.6981
v  7.4310 -7.6769 1.6963
v  7.3658 -7.6225 1.6112
v  7.4853 -7.4763 1.6125
v  7.5568 -7.5231 1.6973
v  7.6606 -7.3519 1.6956
v  7.5846 -7.3146 1.6105
v  7.6693 -7.1340 1.6126
v  7.7493 -7.1631 1.6972
v  7.7214 4.2514 1.6953
v  7.6448 4.2134 1.6109
v  7.5546 4.5488 1.6934
v  7.8115 3.9818 1.6952
v  7.3391 4.7795 1.6775
v  7.4174 4.8527 1.7335
v  7.0735 4.9691 1.6533
v  7.1363 5.0551 1.7096
v  6.7966 5.0919 1.6273
v  6.8387 5.1896 1.6839
v  6.4603 5.1620 1.6000
v  7.9169 4.0067 1.7503
v  7.9512 3.7994 1.7501
v  7.8424 3.7876 1.6939
v  7.8650 -3.8239 1.6961
v  7.7725 -3.8238 1.6002
v  7.7836 -1.4895 1.6074
v  7.8767 -1.4896 1.6995
v  7.7744 1.3780 1.6058
v  7.8668 1.3780 1.6979
v  4.1660 -8.2972 1.7521
v  4.1649 -8.1866 1.6928
v  6.3371 5.1709 1.5959
v  7.7676 3.5831 1.6048
v  7.8514 3.5843 1.6909
v  4.1441 5.1743 1.5930
v  1.6565 5.1738 1.5924
v  1.6564 5.2844 1.6554
v  4.1441 5.2850 1.6558
v  6.6388 -8.0504 1.6046
v  6.6619 -8.1317 1.6928
v  6.2116 5.1746 1.5934
v  6.2082 5.2848 1.6557
v  7.8107 -6.9630 1.6974
v  7.7285 -6.9425 1.6134
v  7.9737 1.3782 1.7518
v  7.9587 3.5849 1.7481
v  1.6565 5.0906 1.5001
v  6.4670 -8.0287 1.4863
v  6.7784 -7.9500 1.4956
v  6.9247 -7.8854 1.5008
v  7.0630 -7.8051 1.5013
v  7.1997 -7.7031 1.5041
v  7.3230 -7.5856 1.5023
v  7.4393 -7.4427 1.5037
v  7.5360 -7.2858 1.5020
v  7.6169 -7.1112 1.5044
v  7.5935 4.1881 1.5022
v  7.5033 4.9393 1.7549
v  7.2042 5.1552 1.7319
v  6.8826 5.3029 1.7061
v  7.7161 -3.8238 1.4753
v  7.7251 -1.4894 1.4870
v  7.7166 1.3781 1.4856
v  4.1642 -8.4245 1.7732
v  7.7128 3.5824 1.4947
v  1.6563 5.4125 1.6801
v  4.1441 5.4131 1.6800
v  6.6249 -7.9977 1.4926
v  6.2050 5.4123 1.6800
v  7.6741 -6.9266 1.5056
v  8.0772 4.0326 1.7702
v  8.1179 4.3633 1.7701
v  8.1529 4.3640 1.7639
v  8.1524 4.0255 1.7644
v  8.1180 4.0266 1.7702
v  8.2535 4.3644 1.6611
v  8.2537 4.0291 1.6611
v  7.6925 6.1521 1.2793
v  7.6933 6.1056 1.2698
v  7.7125 6.1089 1.2704
v  7.6529 6.0334 1.1667
v  8.1085 -6.8099 1.7728
v  8.0749 -7.0145 1.7728
v  6.7877 -8.5955 -0.1517
v  6.8119 -8.6918 -2.9959
v  6.7803 -8.5663 0.7086
v  6.7926 -8.6184 -3.1403
v  6.7815 -8.5759 -3.1466
v  6.7677 -8.5384 -3.1466
v  6.8102 -8.6847 -3.0724
v  6.8039 -8.6598 -3.1124
v  6.8121 -8.6927 -3.0241
v  6.7717 -8.5336 1.5829
v  7.8562 -7.7140 1.7362
v  7.8833 -7.7310 1.6961
v  2.0770 -7.8576 0.8066
v  2.0779 -8.0276 1.4204
v  0.0000 -8.0298 1.4258
v  0.0000 -7.8559 0.7894
v  2.0781 -8.0958 1.5960
v  2.0780 -8.0414 1.4715
v  2.0775 -8.2969 1.7520
v  2.0780 -8.1863 1.6925
v  2.0774 -8.4244 1.7732
v  0.0000 -8.4246 1.7732
v  0.0000 -8.2950 1.7513
v  6.5365 -8.5149 1.7329
v  6.5403 -8.5417 1.6960
v  1.6563 5.0393 1.3839
v  1.6562 5.0254 1.3329
v  1.6542 4.8627 0.7861
v  6.2191 5.7226 -3.0054
v  6.2168 5.7247 -2.9774
v  6.2194 5.7095 -3.0573
v  6.2198 5.6809 -3.1009
v  6.2192 5.6324 -3.1363
v  6.2314 5.9462 -0.0194
v  4.5755 6.1458 1.2235
v  4.5749 6.1033 1.2148
v  6.2994 6.1048 1.2154
v  6.2989 6.1473 1.2236
v  0.8323 6.1019 1.2226
v  0.8323 8.9510 1.2841
v  1.6775 8.9505 1.2841
v  4.1441 8.9487 1.2842
v  6.3002 8.9497 1.2843
v  6.4494 8.9410 1.2843
v  6.5973 8.9165 1.2843
v  6.7238 8.8830 1.2844
v  6.8313 8.8440 1.2845
v  6.9395 8.7952 1.2845
v  7.0638 8.7213 1.2846
v  7.1771 8.6394 1.2847
v  7.2767 8.5504 1.2847
v  7.3639 8.4566 1.2846
v  7.4476 8.3480 1.2846
v  7.5192 8.2314 1.2844
v  7.5789 8.1086 1.2842
v  7.6289 7.9773 1.2838
v  7.6652 7.8399 1.2833
v  7.6881 7.7033 1.2826
v  7.6960 7.5520 1.2816
v  7.6927 6.2700 1.2787
v  7.6925 6.1709 1.2792
v  4.1448 6.1457 1.2235
v  1.6585 6.0951 1.2224
v  1.6592 6.0130 1.1893
v  4.1450 6.0663 1.1913
v  4.1450 6.1034 1.2149
v  1.6590 6.0508 1.2138
v  6.3001 6.0671 1.1919
v  7.0024 6.0668 1.2130
v  7.7766 6.1245 1.2450
v  7.7814 6.1505 1.2448
v  7.7416 6.1513 1.2709
v  7.7390 6.1355 1.2707
v  7.7809 6.1681 1.2453
v  7.7412 6.1687 1.2711
v  7.7781 7.5521 1.2503
v  7.7692 7.7106 1.2505
v  7.7312 7.7073 1.2746
v  7.7396 7.5523 1.2740
v  7.7461 7.8568 1.2516
v  7.7082 7.8490 1.2758
v  7.7089 8.0004 1.2521
v  7.6712 7.9898 1.2761
v  7.6563 8.1398 1.2520
v  7.6200 8.1254 1.2764
v  7.5914 8.2718 1.2520
v  7.5577 8.2528 1.2765
v  7.5152 8.3948 1.2520
v  7.4836 8.3729 1.2765
v  7.4273 8.5095 1.2522
v  7.3975 8.4848 1.2766
v  7.3352 8.6093 1.2523
v  7.3078 8.5817 1.2767
v  7.2287 8.7037 1.2522
v  7.2046 8.6737 1.2768
v  7.1111 8.7889 1.2521
v  7.0888 8.7574 1.2766
v  6.9812 8.8656 1.2517
v  6.9612 8.8329 1.2762
v  6.8645 8.9198 1.2520
v  6.8487 8.8845 1.2765
v  6.7499 8.9621 1.2522
v  6.7375 8.9251 1.2767
v  6.6144 8.9977 1.2520
v  6.6064 8.9597 1.2765
v  6.4566 9.0232 1.2519
v  6.4534 8.9846 1.2763
v  6.2998 9.0325 1.2521
v  6.3004 8.9938 1.2765
v  4.1441 9.0230 1.2425
v  4.1441 8.9892 1.2698
v  1.6781 9.0234 1.2436
v  1.6777 8.9902 1.2701
v  0.8323 9.0238 1.2430
v  0.8323 8.9907 1.2698
v  7.7265 6.0741 1.2455
v  7.7490 6.0869 1.2458
v  7.7243 6.1159 1.2706
v  7.7651 6.1035 1.2456
v  7.7328 6.1245 1.2707
v  7.6562 6.0435 1.2072
v  7.6606 6.0680 1.2431
v  7.7782 6.2698 1.2482
v  7.7383 6.2699 1.2725
v  0.8331 6.0131 1.1893
v  0.8326 6.0534 1.2147
v  4.5742 6.0659 1.1909
v  7.6948 6.0680 1.2446
v  7.6970 6.0437 1.2092
v  7.7367 -6.3713 0.1028
v  7.7640 -6.3544 0.0782
v  7.7637 -6.2981 0.0785
v  7.7363 -6.3145 0.1030
v  7.7743 -6.3975 0.0541
v  7.6370 -3.8239 0.1194
v  7.6342 -2.5032 0.1185
v  7.5766 -2.5032 0.0845
v  7.5722 -3.8239 0.0799
v  7.6352 1.3764 0.1178
v  7.6317 3.5672 0.1162
v  7.5775 1.3764 0.0844
v  7.6342 -0.6501 0.1180
v  7.5767 -0.6501 0.0841
v  7.7053 -2.5033 0.1169
v  7.7053 -0.6501 0.1165
v  7.7134 3.5681 0.1126
v  7.6527 -6.3724 0.1229
v  7.6524 -6.3156 0.1229
v  7.5769 -6.3133 0.0858
v  7.5770 -6.3700 0.0859
v  7.5464 -3.8239 0.0330
v  7.5481 1.3764 0.0371
v  7.5523 -6.3117 0.0493
v  7.5524 -6.3684 0.0496
v  7.7140 -3.8239 0.1138
v  7.7060 1.3764 0.1157
v  7.5792 -6.4547 0.0072
v  7.5526 -6.4164 0.0059
v  7.5519 -6.4169 -0.0181
v  7.5787 -6.4552 -0.0169
v  7.6580 -6.4902 0.0081
v  7.6530 -6.4553 0.0900
v  7.5692 -6.4214 0.0560
v  7.5487 -6.3948 0.0303
v  7.6573 -6.4906 -0.0160
v  7.7384 -6.4686 -0.0196
v  7.5412 -6.3646 0.0011
v  7.5412 -6.3124 0.0010
v  7.5521 -6.2246 0.0487
v  7.5483 -6.4198 -0.1657
v  7.5366 -6.3677 -0.1741
v  7.7654 -6.4431 -0.0269
v  7.5490 -6.4192 -0.1354
v  7.5762 -6.4577 -0.1343
v  7.6539 -6.4927 -0.1334
v  7.7342 -6.4713 -0.1367
v  7.7616 -6.4459 -0.1436
v  7.5404 -6.3650 -0.0270
v  7.5365 -3.8239 -0.1788
v  7.5373 -6.2294 -0.1442
v  7.5335 3.5689 -0.1764
v  7.5366 5.7476 -0.1768
v  7.5367 1.3765 -0.1786
v  7.4452 5.9202 -0.1599
v  7.5365 5.7756 -0.1813
v  7.5258 5.8319 -0.1837
v  7.3368 5.9338 -0.1683
v  7.5374 -6.3671 -0.1439
v  7.5756 -6.4584 -0.1646
v  7.7331 -6.4719 -0.1669
v  7.6530 -6.4932 -0.1636
v  7.7606 -6.4466 -0.1737
v  0.0000 -2.8580 -4.8213
v  0.0000 -8.6564 -0.1513
v  0.0000 -8.7564 -2.9947
v  0.0000 -8.6833 -3.1383
v  -0.0000 6.2694 1.2262
v  -0.0000 0.2500 -4.6230
v  -0.0000 0.1830 -4.6267
v  0.0000 -8.6104 -3.1452
v  0.0000 -8.7227 -3.1124
v  0.0000 -8.7574 -3.0228
v  0.0000 -2.9660 -3.7340
v  0.0000 -3.0119 -3.6654
v  0.0000 -2.7636 -5.0152
v  0.0000 -8.1827 1.6901
v  -0.0000 6.0506 1.2136
v  6.3619 5.8470 1.6904
v  6.4748 5.8325 1.6920
v  6.4905 5.4337 1.6845
v  6.3426 5.4465 1.6812
v  8.0877 3.5852 1.7703
v  8.0950 1.3779 1.7709
v  8.0754 3.8070 1.7703
v  8.0374 4.0289 1.7702
v  8.1175 3.8070 1.7703
v  8.1187 3.5854 1.7703
v  8.0955 3.8070 1.7703
v  8.2539 3.8111 1.6612
v  8.2540 3.5719 1.6613
v  0.7695 7.6376 1.7283
v  0.6923 7.7808 1.7314
v  0.8323 9.3258 1.7648
v  0.4635 8.0089 1.7363
v  0.3201 8.0856 1.7380
v  0.8174 7.4826 1.7250
v  0.8344 7.3180 1.7214
v  0.1654 6.4974 1.7036
v  -0.0000 6.4808 1.7033
v  0.1648 8.1330 1.7390
v  -0.0000 8.1495 1.7394
v  0.5890 7.9060 1.7341
v  0.3212 6.5451 1.7047
v  0.4652 6.6225 1.7063
v  0.5910 6.7262 1.7086
v  0.6942 6.8523 1.7113
v  0.7711 6.9965 1.7144
v  0.8184 7.1525 1.7178
v  0.6370 7.7436 1.7306
v  0.6590 7.7584 1.7309
v  0.7325 7.6221 1.7280
v  0.7081 7.6118 1.7277
v  0.7780 7.4745 1.7248
v  0.7521 7.4692 1.7247
v  0.7942 7.3178 1.7214
v  0.7677 7.3177 1.7214
v  0.7789 7.1603 1.7180
v  0.7530 7.1655 1.7181
v  0.7340 7.0118 1.7148
v  0.7095 7.0220 1.7150
v  0.6608 6.8746 1.7118
v  0.6388 6.8893 1.7121
v  0.5625 6.7546 1.7092
v  0.5438 6.7732 1.7096
v  0.4427 6.6559 1.7071
v  0.4280 6.6778 1.7075
v  0.3057 6.5822 1.7055
v  0.2955 6.6066 1.7060
v  0.1574 6.5368 1.7045
v  0.1522 6.5627 1.7050
v  -0.0000 6.5210 1.7041
v  0.1569 8.0936 1.7381
v  0.1517 8.0677 1.7376
v  0.3047 8.0485 1.7372
v  0.2946 8.0241 1.7366
v  0.4412 7.9755 1.7356
v  0.4265 7.9535 1.7351
v  0.5606 7.8775 1.7335
v  0.5420 7.8588 1.7331
v  0.6106 7.7256 1.7231
v  0.6786 7.5992 1.7204
v  0.6572 7.5902 1.7044
v  0.5913 7.7126 1.7069
v  0.5195 7.8360 1.7254
v  0.5032 7.8196 1.7090
v  0.4088 7.9267 1.7274
v  0.3960 7.9074 1.7110
v  0.2823 7.9943 1.7289
v  0.2734 7.9729 1.7124
v  0.1454 8.0360 1.7299
v  0.1408 8.0133 1.7134
v  -0.0000 8.0276 1.7135
v  0.1459 6.5938 1.6990
v  -0.0000 6.5792 1.6987
v  0.1412 6.6168 1.6841
v  0.2832 6.6358 1.6998
v  0.2742 6.6574 1.6848
v  0.4102 6.7040 1.7012
v  0.3972 6.7234 1.6861
v  0.5213 6.7954 1.7031
v  0.5047 6.8119 1.6879
v  0.6123 6.9067 1.7056
v  0.5928 6.9196 1.6903
v  0.6800 7.0338 1.7084
v  0.6584 7.0427 1.6929
v  0.7216 7.1714 1.7114
v  0.6986 7.1759 1.6959
v  0.7357 7.3174 1.7145
v  0.7125 7.3173 1.6987
v  0.7207 7.4626 1.7176
v  0.6979 7.4579 1.7018
v  0.6358 7.5820 1.6249
v  0.6362 7.5812 1.3582
v  0.5726 7.6998 1.3605
v  0.5722 7.7004 1.6273
v  0.4874 7.8036 1.3624
v  0.4870 7.8040 1.6292
v  0.3836 7.8888 1.3642
v  0.3832 7.8891 1.6311
v  0.2651 7.9526 1.3654
v  0.2648 7.9527 1.6322
v  0.1365 7.9919 1.3662
v  0.1364 7.9919 1.6329
v  -0.0000 8.0057 1.3663
v  -0.0000 8.0057 1.6331
v  0.1362 6.6415 1.3400
v  0.1364 6.6416 1.6067
v  0.2645 6.6805 1.3406
v  0.2648 6.6807 1.6074
v  0.3832 6.7441 1.3418
v  0.3836 6.7444 1.6086
v  0.4870 6.8293 1.3434
v  0.4875 6.8297 1.6102
v  0.5722 6.9331 1.3456
v  0.5726 6.9338 1.6124
v  0.6359 7.0518 1.3479
v  0.6362 7.0526 1.6147
v  0.6751 7.1803 1.3505
v  0.6753 7.1812 1.6173
v  0.6890 7.3170 1.3530
v  0.6890 7.3179 1.6197
v  0.6753 7.4531 1.3557
v  0.6751 7.4540 1.6225
v  0.6360 7.5816 1.3341
v  0.6137 7.5723 1.3340
v  0.5523 7.6867 1.3362
v  0.5724 7.7001 1.3365
v  0.4701 7.7867 1.3381
v  0.4872 7.8038 1.3384
v  0.3700 7.8689 1.3398
v  0.3834 7.8890 1.3402
v  0.2556 7.9304 1.3409
v  0.2649 7.9526 1.3413
v  0.1317 7.9683 1.3417
v  0.1364 7.9919 1.3421
v  -0.0000 7.9816 1.3418
v  -0.0000 8.0057 1.3423
v  -0.0000 6.6275 1.3153
v  -0.0000 6.6517 1.3158
v  0.1315 6.6652 1.3164
v  0.1363 6.6415 1.3159
v  0.2553 6.7029 1.3170
v  0.2646 6.6806 1.3166
v  0.3699 6.7643 1.3182
v  0.3834 6.7442 1.3178
v  0.4701 6.8466 1.3197
v  0.4872 6.8295 1.3194
v  0.5523 6.9468 1.3219
v  0.5724 6.9334 1.3216
v  0.6137 7.0615 1.3241
v  0.6360 7.0522 1.3239
v  0.6515 7.1855 1.3266
v  0.6752 7.1808 1.3265
v  0.6648 7.3174 1.3289
v  0.6890 7.3175 1.3289
v  0.6515 7.4488 1.3316
v  0.6752 7.4535 1.3317
v  0.5781 7.7037 1.6836
v  0.6424 7.5841 1.6812
v  0.6360 7.5816 1.6490
v  0.5724 7.7001 1.6513
v  0.4920 7.8084 1.6856
v  0.4872 7.8038 1.6533
v  0.3871 7.8943 1.6876
v  0.3834 7.8890 1.6551
v  0.2674 7.9584 1.6889
v  0.2649 7.9526 1.6562
v  0.1377 7.9979 1.6897
v  0.1365 7.9919 1.6570
v  0.1379 6.6333 1.6620
v  -0.0000 6.6192 1.6614
v  0.1363 6.6415 1.6307
v  0.2677 6.6729 1.6627
v  0.2646 6.6806 1.6314
v  0.3878 6.7374 1.6639
v  0.3834 6.7442 1.6326
v  0.4929 6.8237 1.6656
v  0.4872 6.8295 1.6342
v  0.5789 6.9289 1.6679
v  0.5724 6.9334 1.6364
v  0.6431 7.0491 1.6704
v  0.6360 7.0522 1.6387
v  0.6825 7.1791 1.6731
v  0.6752 7.1808 1.6413
v  0.6963 7.3173 1.6757
v  0.6890 7.3175 1.6438
v  0.6821 7.4547 1.6787
v  0.6752 7.4535 1.6465
v  8.0739 5.8618 1.7673
v  8.1139 5.8619 1.7679
v  8.0739 6.1682 1.7665
v  8.1139 6.1682 1.7672
v  8.0723 7.5496 1.7642
v  8.1123 7.5510 1.7652
v  8.0589 7.7558 1.7646
v  8.0987 7.7599 1.7656
v  8.0358 7.9182 1.7649
v  8.0750 7.9262 1.7657
v  7.9883 8.0957 1.7650
v  8.0264 8.1083 1.7659
v  7.9237 8.2589 1.7651
v  7.9604 8.2748 1.7660
v  7.8468 8.4212 1.7653
v  7.8821 8.4401 1.7660
v  7.7650 8.5581 1.7653
v  7.7983 8.5804 1.7659
v  7.6543 8.7057 1.7654
v  7.6845 8.7321 1.7657
v  7.5402 8.8181 1.7652
v  7.5681 8.8467 1.7660
v  7.4146 8.9397 1.7653
v  7.4401 8.9706 1.7656
v  7.2905 9.0268 1.7651
v  7.3122 9.0605 1.7657
v  7.1474 9.1105 1.7650
v  7.1666 9.1456 1.7658
v  6.9964 9.1870 1.7650
v  7.0122 9.2238 1.7658
v  6.8278 9.2470 1.7649
v  6.8397 9.2852 1.7657
v  6.6632 9.2913 1.7650
v  6.6719 9.3304 1.7656
v  6.4865 9.3226 1.7651
v  6.4906 9.3624 1.7657
v  6.3026 9.3681 1.7659
v  4.1440 9.3690 1.7658
v  1.6816 9.3660 1.7657
v  0.8324 9.3658 1.7657
v  -0.0000 9.3683 1.7657
v  7.7632 -6.2141 0.0790
v  7.7355 -6.2274 0.1034
v  7.6518 -6.2284 0.1228
v  7.5768 -6.2262 0.0856
v  7.5404 -6.3120 -0.0271
v  7.5373 -6.3106 -0.1440
v  1.5179 -1.8001 -3.1326
v  2.0031 -0.1928 -3.1115
v  2.1458 -0.7828 -3.0985
v  2.0011 -2.8470 -3.1112
v  1.9839 -2.9033 -3.1121
v  1.9414 -2.9909 -3.1132
v  1.6838 -3.2185 -3.1116
v  1.6282 -3.2431 -3.1106
v  1.9491 -0.0242 -3.1141
v  1.9803 -0.0890 -3.1131
v  1.9000 0.0544 -3.1148
v  1.8485 0.1155 -3.1147
v  1.7921 0.1668 -3.1144
v  1.7320 0.2089 -3.1137
v  1.6828 0.2348 -3.1126
v  2.1421 -2.1566 -3.0981
v  2.0111 -2.7879 -3.1105
v  2.1841 -1.4911 -3.0908
v  1.0209 -3.4228 -3.0973
v  1.6615 0.2444 -3.1123
v  1.9927 -0.1405 -3.1124
v  0.8813 0.4721 -3.0927
v  1.6396 0.2528 -3.1109
v  0.1255 -3.5327 -3.0827
v  7.0141 -8.5265 -0.1519
v  7.3859 -8.2447 1.6618
v  7.1909 -8.3594 1.6615
v  7.7427 -7.9352 1.6614
v  7.5736 -8.1003 1.6616
v  8.0130 -7.5195 1.6962
v  8.0300 -7.5271 1.6623
v  7.8989 -7.7403 1.6618
v  8.2055 -7.0402 1.6619
v  8.1332 -7.2898 1.6617
v  7.9818 -7.5045 1.7383
v  6.9840 -8.4501 1.6613
v  6.7669 -8.5167 1.6612
v  7.9086 -7.4698 1.7729
v  7.7869 -7.6677 1.7729
v  1.8887 -3.0655 -3.1136
v  1.8240 -3.1300 -3.1135
v  1.7546 -3.1801 -3.1127
v  8.2647 -6.6212 1.6238
v  8.2532 -6.6196 1.6620
v  8.2538 -3.8239 1.6615
v  8.2646 -3.8239 1.6233
v  8.2539 -1.4896 1.6613
v  8.2645 -1.4896 1.6230
v  8.2541 1.3769 1.6614
v  8.2645 1.3760 1.6229
v  8.2645 3.5710 1.6229
v  2.0780 -8.5859 1.6228
v  2.0779 -8.5756 1.6611
v  4.1578 -8.5760 1.6612
v  4.1570 -8.5859 1.6228
v  6.2978 -8.5760 1.6611
v  6.2983 -8.5859 1.6227
v  6.5426 -8.5583 1.6612
v  6.5441 -8.5681 1.6228
v  6.9879 -8.4593 1.6226
v  7.1961 -8.3682 1.6231
v  7.3924 -8.2530 1.6236
v  7.5813 -8.1076 1.6232
v  7.7513 -7.9414 1.6228
v  7.9084 -7.7454 1.6235
v  8.0403 -7.5313 1.6242
v  8.1437 -7.2927 1.6233
v  8.2167 -7.0418 1.6238
v  8.2401 -6.8303 1.6617
v  8.2514 -6.8321 1.6236
v  6.2997 9.5172 1.6226
v  6.3002 9.5060 1.6611
v  4.1441 9.5060 1.6611
v  4.1441 9.5172 1.6226
v  8.2619 7.5526 1.6226
v  8.2492 7.5525 1.6609
v  8.2367 7.7588 1.6610
v  8.2496 7.7579 1.6226
v  7.6797 8.9453 1.6226
v  7.6698 8.9370 1.6609
v  7.5319 9.0607 1.6608
v  7.5417 9.0694 1.6226
v  8.1002 8.3334 1.6226
v  8.0885 8.3286 1.6610
v  8.0048 8.4963 1.6609
v  8.0166 8.5012 1.6226
v  7.0724 9.3564 1.6226
v  7.0670 9.3448 1.6609
v  6.8834 9.4129 1.6609
v  6.8876 9.4247 1.6226
v  8.2185 7.9550 1.6226
v  8.2060 7.9526 1.6609
v  8.1562 8.1445 1.6609
v  8.1685 8.1477 1.6226
v  7.3952 9.1789 1.6226
v  7.3877 9.1684 1.6608
v  7.2320 9.2638 1.6609
v  7.2383 9.2750 1.6226
v  7.9190 8.6584 1.6226
v  7.9082 8.6516 1.6608
v  7.7935 8.8022 1.6608
v  7.8049 8.8087 1.6226
v  6.6982 9.4738 1.6226
v  6.6961 9.4612 1.6610
v  6.4999 9.4916 1.6608
v  6.5006 9.5042 1.6226
v  8.2644 3.8095 1.6228
v  8.2643 4.0276 1.6228
v  1.6832 9.5172 1.6226
v  1.6830 9.5060 1.6611
v  0.8323 9.5060 1.6611
v  0.8323 9.5172 1.6226
v  8.2624 6.1713 1.6226
v  8.2501 6.1709 1.6609
v  8.2628 5.8646 1.6226
v  8.2509 5.8640 1.6610
v  -0.0000 9.5060 1.6611
v  8.2642 4.3627 1.6227
v  6.7696 -8.5262 1.6227
v  0.0000 -8.5860 1.6228
v  6.3021 9.4420 1.7440
v  6.3025 9.4065 1.7593
v  4.1440 9.4069 1.7592
v  4.1440 9.4420 1.7440
v  1.6819 9.4055 1.7593
v  1.6822 9.4420 1.7440
v  0.8324 9.4054 1.7593
v  0.8324 9.4420 1.7440
v  -0.0000 9.4420 1.7440
v  8.1871 5.8626 1.7459
v  8.1521 5.8622 1.7612
v  8.1524 6.1686 1.7605
v  8.1877 6.1693 1.7448
v  8.1511 7.5518 1.7590
v  8.1868 7.5523 1.7438
v  8.1377 7.7617 1.7594
v  8.1736 7.7617 1.7441
v  8.1124 7.9338 1.7589
v  8.1466 7.9407 1.7430
v  8.0632 8.1194 1.7592
v  8.0970 8.1289 1.7435
v  7.9966 8.2903 1.7600
v  8.0300 8.3043 1.7449
v  7.9165 8.4571 1.7593
v  7.9484 8.4720 1.7435
v  7.8298 8.6012 1.7586
v  7.8586 8.6200 1.7422
v  7.7143 8.7542 1.7580
v  7.7427 8.7728 1.7413
v  7.5962 8.8734 1.7593
v  7.6227 8.8971 1.7436
v  7.4652 8.9977 1.7577
v  7.4890 9.0215 1.7409
v  7.3334 9.0919 1.7584
v  7.3532 9.1203 1.7421
v  7.1852 9.1794 1.7591
v  7.2023 9.2103 1.7433
v  7.0274 9.2584 1.7587
v  7.0417 9.2899 1.7426
v  6.8516 9.3217 1.7591
v  6.8630 9.3550 1.7435
v  6.6793 9.3673 1.7580
v  6.6856 9.4012 1.7416
v  6.4938 9.3995 1.7583
v  6.4963 9.4333 1.7419
v  8.1703 -6.5892 1.7613
v  8.1454 -6.5760 1.7699
v  8.1484 -3.8229 1.7683
v  8.1757 -3.8239 1.7584
v  8.1480 -1.4773 1.7674
v  8.1778 -1.4899 1.7566
v  8.1501 1.3700 1.7650
v  8.1795 1.3644 1.7525
v  8.1519 3.5880 1.7650
v  8.1825 3.5886 1.7527
v  2.0777 -8.5018 1.7567
v  2.0776 -8.4719 1.7685
v  4.1626 -8.4713 1.7687
v  4.1621 -8.5006 1.7574
v  6.2996 -8.4719 1.7685
v  6.3000 -8.5008 1.7572
v  6.7451 -8.4381 1.7605
v  6.7376 -8.4139 1.7696
v  6.9420 -8.3482 1.7703
v  6.9508 -8.3701 1.7625
v  7.1492 -8.2857 1.7617
v  7.1371 -8.2642 1.7701
v  7.3200 -8.1551 1.7707
v  7.3328 -8.1733 1.7636
v  7.5138 -8.0381 1.7625
v  7.4977 -8.0212 1.7702
v  7.6580 -7.8644 1.7704
v  7.6748 -7.8781 1.7633
v  8.0472 -7.2612 1.7643
v  8.0280 -7.2546 1.7706
v  8.0981 -7.0192 1.7703
v  8.1198 -7.0236 1.7631
v  8.1568 -6.8172 1.7620
v  8.1335 -6.8136 1.7700
v  8.1835 3.8085 1.7519
v  8.1518 3.8075 1.7648
v  8.1844 4.0268 1.7511
v  8.1852 4.3648 1.7501
v  7.8050 -7.6799 1.7707
v  7.8219 -7.6916 1.7643
v  6.5283 -8.4536 1.7693
v  6.5317 -8.4799 1.7595
v  7.9422 -7.4854 1.7671
v  7.9258 -7.4779 1.7718
v  8.1181 -6.5661 1.7728
v  8.1191 -3.8226 1.7720
v  8.1190 -1.4730 1.7714
v  8.1184 1.3771 1.7708
v  2.0775 -8.4395 1.7732
v  4.1634 -8.4398 1.7732
v  6.2991 -8.4407 1.7732
v  6.7303 -8.3877 1.7731
v  6.9329 -8.3247 1.7731
v  7.1242 -8.2412 1.7731
v  7.3062 -8.1359 1.7731
v  7.4806 -8.0032 1.7730
v  7.6401 -7.8496 1.7729
v  8.0075 -7.2476 1.7727
v  6.5246 -8.4252 1.7732
v  0.0000 -8.4397 1.7732
v  -6.5118 -8.3391 1.7677
v  -6.2947 -8.3571 1.7675
v  -7.2463 -8.0577 1.7679
v  -7.0767 -8.1575 1.7681
v  -7.5635 -7.7837 1.7679
v  -7.4127 -7.9312 1.7681
v  -7.8153 -7.4236 1.7677
v  -7.7003 -7.6132 1.7679
v  -7.9764 -6.9965 1.7678
v  -7.9098 -7.2156 1.7678
v  -7.6993 4.6354 1.7616
v  -7.8736 4.3265 1.7650
v  -8.0438 -1.4973 1.7667
v  -8.0332 -3.8245 1.7672
v  -8.0235 -6.5664 1.7674
v  -6.3386 5.3422 1.6736
v  -6.4766 5.3308 1.6767
v  -6.8983 -8.2371 1.7678
v  -6.7093 -8.3001 1.7679
v  -8.0118 -6.7976 1.7680
v  -7.4602 4.8944 1.7490
v  -7.1705 5.1035 1.7255
v  -6.8609 5.2448 1.6998
v  -4.1658 -8.3596 1.7680
v  -4.1441 5.3476 1.6733
v  -1.6564 5.3469 1.6732
v  -6.2060 5.3471 1.6732
v  -2.0773 -8.3593 1.7680
v  -0.0000 5.3477 1.6734
v  -8.0202 3.5850 1.7646
v  -8.0332 1.3784 1.7662
v  -8.0120 3.8043 1.7653
v  -7.9758 4.0190 1.7652
v  6.2947 -8.3571 1.7675
v  6.5118 -8.3391 1.7676
v  7.0767 -8.1575 1.7681
v  7.2463 -8.0576 1.7679
v  7.4127 -7.9311 1.7681
v  7.5635 -7.7837 1.7679
v  7.7004 -7.6132 1.7679
v  7.8153 -7.4236 1.7677
v  7.9098 -7.2156 1.7678
v  7.9764 -6.9965 1.7678
v  7.8736 4.3265 1.7650
v  7.6993 4.6354 1.7616
v  8.0332 -3.8245 1.7672
v  8.0438 -1.4973 1.7667
v  8.0235 -6.5664 1.7674
v  6.4766 5.3308 1.6767
v  6.3386 5.3422 1.6736
v  6.7093 -8.3001 1.7679
v  6.8983 -8.2371 1.7678
v  8.0118 -6.7976 1.7680
v  7.4602 4.8944 1.7490
v  7.1705 5.1035 1.7255
v  6.8609 5.2448 1.6998
v  4.1658 -8.3596 1.7680
v  1.6564 5.3469 1.6732
v  4.1441 5.3476 1.6733
v  6.2060 5.3471 1.6732
v  2.0773 -8.3593 1.7680
v  0.0000 -8.3584 1.7677
v  8.0332 1.3784 1.7662
v  8.0202 3.5850 1.7646
v  8.0120 3.8043 1.7652
v  7.9758 4.0190 1.7652
v  -7.8942 -6.7819 1.7299
v  -7.9028 -6.5653 1.7271
v  -7.5993 4.5744 1.7252
v  -7.3765 4.8139 1.7104
v  -7.1034 5.0098 1.6862
v  -6.8171 5.1381 1.6602
v  -6.4654 5.2130 1.6349
v  -7.8939 3.7937 1.7271
v  -7.8614 3.9940 1.7277
v  -4.1655 -8.2388 1.7278
v  -6.2758 -8.2347 1.7257
v  -4.1441 5.2264 1.6297
v  -1.6565 5.2258 1.6292
v  -6.3383 5.2225 1.6314
v  -6.2105 5.2264 1.6298
v  -6.4936 -8.2180 1.7262
v  -7.0188 -8.0539 1.7299
v  -6.8518 -8.1261 1.7277
v  -7.3318 -7.8457 1.7306
v  -7.1762 -7.9621 1.7295
v  -7.6005 -7.5508 1.7300
v  -7.4713 -7.7094 1.7295
v  -7.7981 -7.1796 1.7298
v  -7.7077 -7.3738 1.7289
v  -7.7677 4.2745 1.7279
v  -7.9268 -1.4885 1.7309
v  -7.9159 -3.8238 1.7292
v  -7.9175 1.3780 1.7298
v  -7.9022 3.5847 1.7244
v  -6.6766 -8.1826 1.7277
v  -7.8611 -6.9739 1.7300
v  -2.0778 -8.2385 1.7275
v  -0.0000 5.2267 1.6300
v  7.9028 -6.5653 1.7271
v  7.8942 -6.7818 1.7299
v  7.3765 4.8139 1.7104
v  7.5993 4.5744 1.7252
v  7.1034 5.0098 1.6861
v  6.8171 5.1381 1.6602
v  6.4654 5.2130 1.6349
v  7.8614 3.9940 1.7277
v  7.8939 3.7938 1.7270
v  6.2759 -8.2347 1.7257
v  4.1655 -8.2388 1.7278
v  1.6565 5.2258 1.6292
v  4.1441 5.2264 1.6297
v  6.2105 5.2265 1.6298
v  6.3383 5.2225 1.6314
v  6.4936 -8.2180 1.7262
v  6.8519 -8.1261 1.7277
v  7.0188 -8.0539 1.7299
v  7.1762 -7.9621 1.7295
v  7.3318 -7.8457 1.7306
v  7.4714 -7.7094 1.7295
v  7.6005 -7.5507 1.7300
v  7.7077 -7.3738 1.7289
v  7.7981 -7.1795 1.7298
v  7.7677 4.2745 1.7279
v  7.9159 -3.8238 1.7292
v  7.9268 -1.4885 1.7309
v  7.9175 1.3781 1.7298
v  7.9022 3.5847 1.7244
v  6.6766 -8.1826 1.7277
v  7.8611 -6.9739 1.7300
v  2.0778 -8.2385 1.7275
v  0.0000 -8.2356 1.7261
v  -6.4788 -8.1193 1.6494
v  -6.2530 -8.1343 1.6473
v  -6.9704 -7.9683 1.6574
v  -6.8132 -8.0355 1.6534
v  -7.2644 -7.7740 1.6593
v  -7.1182 -7.8825 1.6573
v  -7.5175 -7.4978 1.6586
v  -7.3951 -7.6473 1.6574
v  -7.7053 -7.1477 1.6585
v  -7.6188 -7.3320 1.6567
v  -7.5131 4.5262 1.6552
v  -7.6795 4.2306 1.6568
v  -7.7665 3.9708 1.6570
v  -7.8255 -1.4898 1.6577
v  -7.8137 -3.8239 1.6524
v  -7.8159 1.3779 1.6561
v  -7.8044 -6.5644 1.6529
v  -6.3339 5.1249 1.5545
v  -6.4544 5.1167 1.5593
v  -7.8054 3.5837 1.6515
v  -6.6491 -8.0870 1.6525
v  -7.7964 3.7810 1.6551
v  -7.7976 -6.7648 1.6589
v  -7.7657 -6.9523 1.6590
v  -7.3047 4.7490 1.6388
v  -7.0463 4.9323 1.6148
v  -6.7768 5.0503 1.5897
v  -4.1644 -8.1363 1.6487
v  -4.1441 5.1278 1.5501
v  -1.6565 5.1277 1.5499
v  -6.2108 5.1284 1.5514
v  -2.0781 -8.1361 1.6484
v  -0.0000 5.1311 1.5508
v  6.2530 -8.1343 1.6473
v  6.4788 -8.1193 1.6494
v  6.8133 -8.0355 1.6534
v  6.9705 -7.9682 1.6573
v  7.1183 -7.8825 1.6572
v  7.2645 -7.7740 1.6593
v  7.3951 -7.6473 1.6574
v  7.5175 -7.4978 1.6586
v  7.6188 -7.3320 1.6567
v  7.7054 -7.1477 1.6585
v  7.6795 4.2306 1.6568
v  7.5131 4.5262 1.6552
v  7.7665 3.9708 1.6570
v  7.8138 -3.8239 1.6524
v  7.8255 -1.4898 1.6577
v  7.8159 1.3780 1.6561
v  7.8044 -6.5643 1.6529
v  6.4544 5.1167 1.5593
v  6.3339 5.1249 1.5544
v  7.8054 3.5837 1.6515
v  6.6491 -8.0870 1.6525
v  7.7964 3.7810 1.6551
v  7.7657 -6.9523 1.6590
v  7.7976 -6.7648 1.6588
v  7.3047 4.7490 1.6388
v  7.0463 4.9324 1.6148
v  6.7768 5.0504 1.5897
v  4.1644 -8.1363 1.6487
v  1.6565 5.1277 1.5499
v  4.1441 5.1278 1.5501
v  6.2108 5.1284 1.5513
v  2.0781 -8.1361 1.6484
v  0.0000 -8.1347 1.6472
v  -7.7292 -6.7498 1.5625
v  -7.7361 -6.5644 1.5529
v  -7.4503 4.4911 1.5577
v  -7.2533 4.7021 1.5409
v  -7.0062 4.8757 1.5178
v  -6.7475 4.9878 1.4938
v  -6.4460 5.0501 1.4569
v  -7.7277 3.7699 1.5563
v  -7.6985 3.9536 1.5596
v  -4.1636 -8.0643 1.5360
v  -6.2336 -8.0657 1.5389
v  -6.2073 5.0618 1.4458
v  -4.1440 5.0602 1.4430
v  -6.3274 5.0587 1.4499
v  -6.4694 -8.0517 1.5453
v  -6.9362 -7.9073 1.5576
v  -6.7868 -7.9723 1.5528
v  -7.2165 -7.7220 1.5605
v  -7.0771 -7.8256 1.5580
v  -7.4592 -7.4582 1.5600
v  -7.3418 -7.6021 1.5586
v  -7.6397 -7.1220 1.5604
v  -7.5569 -7.2996 1.5581
v  -7.6161 4.1991 1.5585
v  -7.7499 -1.4895 1.5495
v  -7.7401 -3.8238 1.5399
v  -7.7412 1.3780 1.5480
v  -7.7368 3.5826 1.5516
v  -6.6306 -8.0207 1.5505
v  -7.6981 -6.9339 1.5614
v  -2.0780 -8.0644 1.5358
v  -0.0000 5.0651 1.4468
v  -1.6564 5.0612 1.4438
v  0.0000 -8.0657 1.5386
v  7.7362 -6.5644 1.5529
v  7.7293 -6.7498 1.5625
v  7.2533 4.7021 1.5409
v  7.4503 4.4911 1.5577
v  7.0062 4.8757 1.5178
v  6.7475 4.9879 1.4938
v  6.4460 5.0501 1.4569
v  7.6985 3.9536 1.5596
v  7.7277 3.7699 1.5563
v  6.2336 -8.0657 1.5389
v  4.1636 -8.0643 1.5360
v  4.1440 5.0602 1.4430
v  6.2073 5.0618 1.4458
v  6.3274 5.0587 1.4499
v  6.4694 -8.0517 1.5453
v  6.7868 -7.9722 1.5528
v  6.9362 -7.9073 1.5576
v  7.0771 -7.8256 1.5579
v  7.2165 -7.7220 1.5605
v  7.3418 -7.6021 1.5586
v  7.4592 -7.4581 1.5600
v  7.5569 -7.2996 1.5581
v  7.6397 -7.1220 1.5604
v  7.6161 4.1992 1.5585
v  7.7401 -3.8238 1.5399
v  7.7499 -1.4895 1.5495
v  7.7412 1.3780 1.5479
v  7.7368 3.5826 1.5516
v  6.6306 -8.0207 1.5505
v  7.6981 -6.9339 1.5614
v  2.0781 -8.0644 1.5358
v  1.6564 5.0612 1.4438
v  -8.2406 -6.3701 -0.1816
v  -8.3379 -6.4200 -3.0030
v  -8.2387 -6.3626 -0.1084
v  -8.2403 -6.3697 -0.1535
v  -8.2365 -6.3447 -0.0706
v  -8.2332 -6.3170 -0.0380
v  -8.2315 -6.2821 -0.0140
v  -8.2309 -6.2460 -0.0009
v  -8.2311 -6.2094 0.0034
v  -8.2309 -3.8239 0.0028
v  -8.2311 1.3764 0.0016
v  -8.2309 -0.6501 0.0020
v  -6.2993 9.4843 -0.0003
v  -6.4984 9.4742 0.0000
v  -6.6959 9.4436 -0.0001
v  -6.8822 9.3940 -0.0003
v  -7.0547 9.3293 -0.0005
v  -7.2232 9.2486 -0.0004
v  -7.3799 9.1528 -0.0003
v  -7.5238 9.0423 -0.0006
v  -7.6590 8.9238 -0.0000
v  -7.7829 8.7872 -0.0001
v  -7.8958 8.6377 0.0000
v  -7.9901 8.4856 0.0002
v  -8.0716 8.3177 0.0001
v  -8.1385 8.1381 0.0001
v  -8.1891 7.9472 0.0002
v  -8.2204 7.7528 0.0004
v  -8.2305 7.5525 -0.0000
v  -8.3239 6.1715 0.0970
v  -8.3238 7.5525 0.0964
v  -8.3382 -6.5365 -3.1449
v  -8.3392 -6.5637 -3.1446
v  -8.3272 -6.8784 -3.1436
v  -8.2908 -7.0710 -3.1442
v  -8.2108 -7.3279 -3.1451
v  -8.0957 -7.5688 -3.1457
v  -7.9668 -7.7933 -3.1455
v  -7.8045 -7.9911 -3.1450
v  -7.6335 -8.1682 -3.1449
v  -7.4346 -8.3136 -3.1449
v  -7.2336 -8.4374 -3.1450
v  -7.0148 -8.5271 -3.1449
v  -6.5544 -8.6431 -3.1461
v  -6.2997 -8.6632 -3.1456
v  -8.3382 -6.5072 -3.1427
v  -8.4310 -6.5148 -3.0413
v  -8.4310 -6.5123 -3.0360
v  -8.4313 -6.5231 -3.0492
v  -8.4312 -6.5186 -3.0459
v  -8.4311 -6.5110 -3.0262
v  -8.4314 -6.5277 -3.0514
v  -1.6829 9.4851 -0.0003
v  -4.1441 9.4819 -0.0004
v  -8.2318 6.1716 0.0007
v  -8.2317 5.8652 0.0007
v  -8.2313 3.5689 0.0011
v  -0.8323 9.4853 -0.0002
v  -8.3239 -3.8239 0.0994
v  -8.3239 -2.5034 0.0993
v  -8.3239 1.3764 0.0981
v  -8.3238 3.5689 0.0973
v  -4.1559 -8.7559 -3.0483
v  -6.2997 -8.7560 -3.0484
v  -8.3175 -6.4205 -0.1791
v  -8.4118 -6.4667 -3.0001
v  -8.3152 -6.4129 -0.0944
v  -8.3163 -6.4198 -0.1510
v  -8.3141 -6.3976 -0.0544
v  -8.3109 -6.3594 -0.0063
v  -8.3088 -6.3107 0.0295
v  -8.3078 -6.2571 0.0498
v  -8.3078 -6.2093 0.0556
v  -8.3078 -3.8239 0.0551
v  -8.3078 1.3764 0.0539
v  -8.3079 -0.6501 0.0544
v  -0.8323 9.5609 0.0517
v  -6.2995 9.5610 0.0517
v  -6.5052 9.5495 0.0517
v  -6.7086 9.5189 0.0517
v  -6.9031 9.4676 0.0517
v  -7.0891 9.3984 0.0512
v  -7.2612 9.3152 0.0511
v  -7.4226 9.2164 0.0513
v  -7.5736 9.1026 0.0512
v  -7.7130 8.9765 0.0524
v  -7.8416 8.8353 0.0521
v  -7.9572 8.6817 0.0523
v  -8.0560 8.5212 0.0526
v  -8.1404 8.3493 0.0525
v  -8.2111 8.1606 0.0525
v  -8.2631 7.9633 0.0527
v  -8.2953 7.7600 0.0530
v  -8.3077 7.5527 0.0522
v  -8.2759 6.1715 0.0191
v  -8.2742 7.5526 0.0176
v  -8.4150 -6.5594 -3.0966
v  -8.4168 -6.6779 -3.0938
v  -8.3996 -6.8930 -3.0914
v  -8.3600 -7.1040 -3.0941
v  -8.2807 -7.3668 -3.0978
v  -8.1642 -7.6138 -3.1001
v  -8.0302 -7.8429 -3.1001
v  -7.8597 -8.0463 -3.0983
v  -7.6823 -8.2292 -3.0961
v  -7.4768 -8.3798 -3.0942
v  -7.2688 -8.5091 -3.0939
v  -7.0417 -8.6015 -3.0942
v  -6.5650 -8.7196 -3.0961
v  -6.3003 -8.7394 -3.0943
v  -8.4134 -6.5145 -3.0954
v  -8.4142 -6.5353 -3.0979
v  -8.3790 -6.4510 -3.0838
v  -8.3791 -6.4403 -3.0609
v  -8.3793 -6.4868 -3.1180
v  -8.3791 -6.4672 -3.1035
v  -8.3796 -6.4359 -3.0294
v  -8.3794 -6.5086 -3.1271
v  -1.6836 9.5606 0.0517
v  -4.1441 9.5609 0.0517
v  -8.3083 6.1715 0.0536
v  -8.3082 5.8651 0.0536
v  -8.3078 3.5689 0.0534
v  -8.2745 -2.5034 0.0201
v  -8.2746 -0.6501 0.0198
v  -8.2746 1.3764 0.0193
v  -8.2747 3.5689 0.0189
v  -4.1559 -8.7064 -3.1281
v  -6.3004 -8.7064 -3.1281
v  -8.2839 -6.3869 -0.1808
v  -8.3788 -6.4356 -3.0013
v  -8.2822 -6.3795 -0.1024
v  -8.2832 -6.3866 -0.1528
v  -8.2810 -6.3645 -0.0679
v  -8.2773 -6.3329 -0.0288
v  -8.2753 -6.2925 0.0003
v  -8.2745 -6.2490 0.0164
v  -8.2746 -6.2091 0.0211
v  -8.2745 -3.8239 0.0204
v  -0.8323 9.5278 0.0174
v  -6.2994 9.5279 0.0174
v  -6.5022 9.5158 0.0175
v  -6.7031 9.4856 0.0174
v  -6.8940 9.4356 0.0174
v  -7.0740 9.3684 0.0169
v  -7.2450 9.2860 0.0170
v  -7.4042 9.1887 0.0172
v  -7.5523 9.0763 0.0166
v  -7.6897 8.9537 0.0180
v  -7.8163 8.8144 0.0178
v  -7.9310 8.6622 0.0180
v  -8.0276 8.5057 0.0184
v  -8.1107 8.3354 0.0181
v  -8.1796 8.1511 0.0180
v  -8.2311 7.9563 0.0182
v  -8.2629 7.7569 0.0186
v  -8.3817 -6.5607 -3.1300
v  -8.3836 -6.6797 -3.1287
v  -8.3690 -6.8860 -3.1262
v  -8.3305 -7.0881 -3.1282
v  -8.2503 -7.3479 -3.1314
v  -8.1338 -7.5925 -3.1333
v  -8.0023 -7.8197 -3.1330
v  -7.8350 -8.0218 -3.1314
v  -7.6606 -8.2025 -3.1303
v  -7.4581 -8.3510 -3.1295
v  -7.2531 -8.4778 -3.1294
v  -7.0298 -8.5693 -3.1295
v  -6.5603 -8.6853 -3.1299
v  -8.3808 -6.5364 -3.1304
v  -8.4127 -6.4774 -3.0668
v  -8.4127 -6.4704 -3.0518
v  -8.4132 -6.5009 -3.0893
v  -8.4130 -6.4881 -3.0797
v  -8.4128 -6.4672 -3.0281
v  -1.6833 9.5279 0.0175
v  -4.1441 9.5274 0.0173
v  -8.2758 5.8651 0.0192
v  -8.3079 -2.5034 0.0548
v  -4.1559 -8.7392 -3.0942
v  -8.3343 -6.4639 -0.1767
v  -8.4305 -6.5106 -2.9984
v  -8.3313 -6.4560 -0.0920
v  -8.3332 -6.4626 -0.1489
v  -8.3289 -6.4314 -0.0292
v  -8.3266 -6.3876 0.0269
v  -8.3250 -6.3325 0.0679
v  -8.3240 -6.2711 0.0914
v  -8.3238 -6.2095 0.0997
v  -8.3239 -0.6501 0.0988
v  -0.8323 9.5770 0.0946
v  -6.2993 9.5771 0.0958
v  -6.5064 9.5656 0.0958
v  -6.7106 9.5341 0.0957
v  -6.9069 9.4826 0.0957
v  -7.0968 9.4120 0.0955
v  -7.2687 9.3289 0.0951
v  -7.4314 9.2300 0.0951
v  -7.5842 9.1161 0.0952
v  -7.7250 8.9882 0.0958
v  -7.8544 8.8461 0.0955
v  -7.9702 8.6923 0.0956
v  -8.0703 8.5290 0.0959
v  -8.1549 8.3565 0.0962
v  -8.2267 8.1651 0.0963
v  -8.2790 7.9669 0.0965
v  -8.3115 7.7615 0.0967
v  -8.4325 -6.5610 -3.0514
v  -8.4331 -6.6757 -3.0483
v  -8.4146 -6.8971 -3.0470
v  -8.3741 -7.1143 -3.0493
v  -8.2960 -7.3785 -3.0519
v  -8.1801 -7.6267 -3.0535
v  -8.0449 -7.8565 -3.0538
v  -7.8723 -8.0600 -3.0529
v  -7.6928 -8.2432 -3.0516
v  -7.4855 -8.3941 -3.0502
v  -7.2747 -8.5218 -3.0495
v  -7.0477 -8.6182 -3.0495
v  -6.5674 -8.7369 -3.0494
v  -8.4315 -6.5355 -3.0533
v  -8.3383 -6.4381 -3.0919
v  -8.3385 -6.4257 -3.0648
v  -8.3381 -6.4805 -3.1320
v  -8.3381 -6.4572 -3.1151
v  -8.3387 -6.4204 -3.0305
v  -1.6837 9.5768 0.0942
v  -4.1441 9.5771 0.0973
v  -8.3238 5.8651 0.0971
v  -8.2308 -2.5034 0.0024
v  -4.1558 -8.6634 -3.1441
v  -8.3400 -6.6804 -3.1445
v  -2.0779 -8.6634 -3.1440
v  -2.0780 -8.7390 -3.0942
v  -2.0780 -8.7060 -3.1281
v  -2.0780 -8.7559 -3.0483
v  -6.7875 -8.5976 -3.1456
v  -6.8078 -8.6749 -3.0942
v  -6.7988 -8.6410 -3.1295
v  -6.8117 -8.6911 -3.0489
v  -0.0000 9.4852 -0.0001
v  0.0000 -8.7387 -3.0942
v  0.0000 -8.7558 -3.0483
v  8.3379 -6.4200 -3.0030
v  8.2406 -6.3701 -0.1816
v  8.2403 -6.3697 -0.1536
v  8.2388 -6.3626 -0.1084
v  8.2365 -6.3447 -0.0706
v  8.2332 -6.3170 -0.0380
v  8.2315 -6.2821 -0.0140
v  8.2309 -6.2460 -0.0009
v  8.2311 -6.2094 0.0034
v  8.2309 -3.8239 0.0027
v  8.2309 -0.6501 0.0020
v  8.2311 1.3764 0.0016
v  6.4983 9.4742 0.0000
v  6.2993 9.4843 -0.0003
v  6.6959 9.4437 -0.0001
v  6.8821 9.3940 -0.0003
v  7.0547 9.3293 -0.0005
v  7.2232 9.2486 -0.0004
v  7.3799 9.1528 -0.0003
v  7.5238 9.0423 -0.0006
v  7.6589 8.9238 -0.0000
v  7.7828 8.7872 -0.0001
v  7.8958 8.6377 0.0000
v  7.9901 8.4856 0.0002
v  8.0716 8.3177 0.0001
v  8.1385 8.1381 0.0001
v  8.1891 7.9472 0.0002
v  8.2204 7.7528 0.0004
v  8.2304 7.5525 -0.0000
v  8.3238 7.5526 0.0964
v  8.3238 6.1715 0.0970
v  8.3392 -6.5637 -3.1446
v  8.3382 -6.5365 -3.1449
v  8.2908 -7.0710 -3.1442
v  8.3272 -6.8784 -3.1436
v  8.0957 -7.5688 -3.1457
v  8.2109 -7.3278 -3.1451
v  7.8045 -7.9911 -3.1450
v  7.9668 -7.7933 -3.1455
v  7.4346 -8.3135 -3.1449
v  7.6335 -8.1682 -3.1449
v  7.0148 -8.5271 -3.1449
v  7.2337 -8.4373 -3.1450
v  6.2998 -8.6632 -3.1456
v  6.5544 -8.6431 -3.1461
v  8.3382 -6.5072 -3.1427
v  8.4310 -6.5123 -3.0360
v  8.4311 -6.5148 -3.0413
v  8.4312 -6.5186 -3.0459
v  8.4313 -6.5231 -3.0492
v  8.4311 -6.5110 -3.0262
v  8.4314 -6.5277 -3.0514
v  4.1441 9.4819 -0.0004
v  1.6828 9.4851 -0.0003
v  8.2317 5.8652 0.0007
v  8.2318 6.1716 0.0007
v  8.2313 3.5689 0.0011
v  0.8323 9.4853 -0.0002
v  8.3239 -2.5033 0.0992
v  8.3239 -3.8239 0.0994
v  8.3238 3.5689 0.0973
v  8.3239 1.3764 0.0981
v  6.2997 -8.7560 -3.0484
v  4.1559 -8.7559 -3.0483
v  8.4118 -6.4667 -3.0001
v  8.3175 -6.4205 -0.1791
v  8.3163 -6.4197 -0.1510
v  8.3152 -6.4129 -0.0944
v  8.3141 -6.3976 -0.0545
v  8.3109 -6.3594 -0.0063
v  8.3088 -6.3107 0.0295
v  8.3078 -6.2570 0.0498
v  8.3078 -6.2093 0.0556
v  8.3078 -3.8239 0.0551
v  8.3079 -0.6501 0.0544
v  8.3078 1.3764 0.0539
v  0.8323 9.5609 0.0517
v  -0.0000 9.5609 0.0517
v  6.5052 9.5495 0.0517
v  6.2994 9.5610 0.0517
v  6.7086 9.5189 0.0516
v  6.9031 9.4676 0.0517
v  7.0891 9.3984 0.0512
v  7.2612 9.3152 0.0511
v  7.4226 9.2164 0.0513
v  7.5736 9.1026 0.0512
v  7.7130 8.9765 0.0524
v  7.8416 8.8353 0.0521
v  7.9572 8.6817 0.0523
v  8.0560 8.5212 0.0526
v  8.1404 8.3493 0.0525
v  8.2111 8.1606 0.0525
v  8.2631 7.9633 0.0527
v  8.2953 7.7600 0.0530
v  8.3077 7.5527 0.0522
v  8.2742 7.5526 0.0176
v  8.2759 6.1715 0.0191
v  8.4168 -6.6779 -3.0939
v  8.4150 -6.5594 -3.0966
v  8.3600 -7.1040 -3.0941
v  8.3996 -6.8930 -3.0914
v  8.1642 -7.6138 -3.1001
v  8.2808 -7.3668 -3.0978
v  7.8597 -8.0463 -3.0983
v  8.0303 -7.8429 -3.1001
v  7.4768 -8.3798 -3.0942
v  7.6823 -8.2292 -3.0961
v  7.0418 -8.6015 -3.0942
v  7.2688 -8.5091 -3.0939
v  6.3003 -8.7394 -3.0943
v  6.5650 -8.7196 -3.0961
v  8.4142 -6.5353 -3.0979
v  8.4134 -6.5145 -3.0954
v  8.3791 -6.4403 -3.0609
v  8.3790 -6.4509 -3.0838
v  8.3791 -6.4671 -3.1035
v  8.3793 -6.4867 -3.1180
v  8.3796 -6.4359 -3.0295
v  8.3794 -6.5086 -3.1271
v  4.1441 9.5609 0.0517
v  1.6836 9.5606 0.0517
v  8.3082 5.8652 0.0536
v  8.3083 6.1715 0.0536
v  8.3078 3.5689 0.0534
v  8.2746 -0.6501 0.0197
v  8.2745 -2.5033 0.0201
v  8.2747 3.5689 0.0189
v  8.2746 1.3764 0.0193
v  6.3004 -8.7064 -3.1281
v  4.1559 -8.7064 -3.1281
v  8.3788 -6.4356 -3.0013
v  8.2839 -6.3869 -0.1808
v  8.2832 -6.3866 -0.1528
v  8.2822 -6.3794 -0.1024
v  8.2810 -6.3644 -0.0679
v  8.2773 -6.3329 -0.0288
v  8.2753 -6.2925 0.0003
v  8.2745 -6.2490 0.0163
v  8.2746 -6.2090 0.0210
v  8.2745 -3.8239 0.0204
v  0.8323 9.5278 0.0174
v  -0.0000 9.5274 0.0175
v  6.5022 9.5158 0.0175
v  6.2994 9.5279 0.0174
v  6.7031 9.4856 0.0174
v  6.8940 9.4356 0.0174
v  7.0740 9.3684 0.0169
v  7.2450 9.2860 0.0170
v  7.4042 9.1887 0.0172
v  7.5523 9.0764 0.0166
v  7.6897 8.9537 0.0180
v  7.8163 8.8144 0.0178
v  7.9310 8.6622 0.0180
v  8.0275 8.5058 0.0184
v  8.1107 8.3355 0.0181
v  8.1796 8.1511 0.0180
v  8.2311 7.9563 0.0182
v  8.2629 7.7569 0.0186
v  8.3837 -6.6797 -3.1287
v  8.3817 -6.5607 -3.1300
v  8.3305 -7.0880 -3.1283
v  8.3690 -6.8860 -3.1262
v  8.1338 -7.5925 -3.1333
v  8.2503 -7.3479 -3.1314
v  7.8350 -8.0218 -3.1314
v  8.0023 -7.8197 -3.1330
v  7.4581 -8.3510 -3.1295
v  7.6606 -8.2025 -3.1303
v  7.0298 -8.5692 -3.1295
v  7.2531 -8.4778 -3.1294
v  6.5603 -8.6853 -3.1299
v  8.3808 -6.5364 -3.1304
v  8.4127 -6.4703 -3.0518
v  8.4128 -6.4773 -3.0668
v  8.4130 -6.4881 -3.0797
v  8.4132 -6.5009 -3.0893
v  8.4128 -6.4672 -3.0281
v  4.1441 9.5275 0.0173
v  1.6833 9.5279 0.0175
v  8.2758 5.8652 0.0192
v  8.3079 -2.5033 0.0548
v  4.1559 -8.7392 -3.0942
v  8.4306 -6.5106 -2.9984
v  8.3343 -6.4639 -0.1767
v  8.3332 -6.4625 -0.1489
v  8.3314 -6.4560 -0.0920
v  8.3289 -6.4314 -0.0292
v  8.3266 -6.3875 0.0269
v  8.3250 -6.3325 0.0679
v  8.3240 -6.2711 0.0914
v  8.3239 -6.2095 0.0997
v  8.3239 -0.6501 0.0988
v  0.8323 9.5770 0.0946
v  -0.0000 9.5771 0.0959
v  6.5064 9.5656 0.0958
v  6.2993 9.5771 0.0958
v  6.7105 9.5341 0.0957
v  6.9069 9.4826 0.0957
v  7.0968 9.4120 0.0955
v  7.2687 9.3289 0.0951
v  7.4314 9.2300 0.0951
v  7.5841 9.1161 0.0952
v  7.7250 8.9882 0.0958
v  7.8544 8.8461 0.0955
v  7.9702 8.6923 0.0956
v  8.0703 8.5290 0.0959
v  8.1549 8.3565 0.0962
v  8.2266 8.1651 0.0963
v  8.2790 7.9669 0.0965
v  8.3115 7.7615 0.0967
v  8.4331 -6.6757 -3.0483
v  8.4325 -6.5610 -3.0514
v  8.3741 -7.1143 -3.0493
v  8.4146 -6.8971 -3.0470
v  8.1801 -7.6267 -3.0535
v  8.2961 -7.3785 -3.0520
v  7.8723 -8.0600 -3.0529
v  8.0449 -7.8564 -3.0538
v  7.4856 -8.3941 -3.0502
v  7.6928 -8.2432 -3.0516
v  7.0477 -8.6182 -3.0495
v  7.2747 -8.5218 -3.0495
v  6.5674 -8.7369 -3.0494
v  8.4315 -6.5355 -3.0533
v  8.3385 -6.4256 -3.0648
v  8.3383 -6.4381 -3.0919
v  8.3381 -6.4572 -3.1152
v  8.3381 -6.4805 -3.1320
v  8.3387 -6.4204 -3.0305
v  4.1441 9.5771 0.0973
v  1.6837 9.5768 0.0942
v  8.3238 5.8651 0.0971
v  8.2309 -2.5033 0.0024
v  4.1558 -8.6634 -3.1441
v  8.3400 -6.6804 -3.1445
v  2.0779 -8.6634 -3.1440
v  2.0780 -8.7390 -3.0942
v  2.0780 -8.7060 -3.1281
v  2.0780 -8.7559 -3.0483
v  6.7875 -8.5976 -3.1456
v  6.8078 -8.6749 -3.0942
v  6.7988 -8.6410 -3.1295
v  6.8118 -8.6911 -3.0489
v  0.0000 -8.6625 -3.1439
v  0.0000 -8.7048 -3.1281
# 11450 vertices

o 98930X_1
g 98930X_1
s 1
f 283 282 273 274 
f 12 11 5 6 
f 7 8 2 1 
f 9 10 8 7 
f 11 12 10 9 
f 22 21 13 14 
f 17 18 15 16 
f 19 20 18 17 
f 21 22 20 19 
f 14 13 6 5 
f 247 343 342 240 
f 24 23 25 26 
f 29 30 27 28 
f 31 32 30 29 
f 26 25 32 31 
f 33 34 28 27 
f 40 39 34 33 
f 35 36 4 3 
f 37 38 36 35 
f 39 40 38 37 
s 2
f 188 2081 43 
s 1
f 292 291 282 283 
f 42 2 8 44 
f 44 8 10 45 
f 45 10 12 46 
f 46 12 6 47 
f 48 13 21 49 
f 51 17 16 52 
f 50 19 17 51 
f 49 21 19 50 
f 48 47 6 13 
f 256 344 342 239 
f 56 29 28 57 
f 55 31 29 56 
f 54 26 31 55 
f 53 24 26 54 
f 58 57 28 34 
f 58 34 39 59 
f 61 35 3 41 
f 60 37 35 61 
f 59 39 37 60 
f 64 1946 1949 125 
f 67 69 130 128 
f 65 67 128 126 
f 1960 1952 1955 1957 
s 4
f 1951 1965 1968 1954 
s 1
f 1979 1971 1974 1976 
f 1911 1903 1906 1908 
f 1827 1819 1822 1824 
s 4
f 1818 1831 1834 1821 
s 1
f 106 104 166 168 
f 108 106 168 170 
f 111 113 175 173 
f 1752 1783 1786 1755 
s 4
f 1782 1789 1792 1785 
s 1
f 1794 1801 1804 1797 
s 4
f 1746 1753 1756 1749 
s 1
f 1770 1765 1768 1773 
s 4
f 1776 1771 1774 1779 
f 1800 1777 1780 1803 
f 1764 1759 1762 1767 
s 8
f 1788 1795 1798 1791 
s 1
f 1734 1747 1750 1737 
f 1923 1915 1918 1920 
s 4
f 1970 340 341 1973 
f 1985 1980 1977 1982 
f 322 321 323 324 
s 1
f 1964 1989 1992 1967 
s 4
f 1988 1996 1999 1991 
s 1
f 2010 2002 2005 2007 
s 4
f 2016 2011 2008 2013 
s 8
f 2001 1986 1983 2004 
s 1
f 2022 2017 2014 2019 
s 4
f 2028 2023 2020 2025 
s 1
f 2034 2029 2026 2031 
s 4
f 2040 2035 2032 2037 
s 1
f 2080 2041 2038 140 
f 1845 1837 1840 1842 
s 4
f 1851 1846 1843 1848 
s 1
f 1857 1852 1849 1854 
s 4
f 1863 1828 1825 1860 
s 1
f 1869 1864 1861 1866 
f 1758 1741 1744 1761 
f 83 85 147 145 
f 81 83 145 143 
f 82 81 143 144 
s 4
f 1740 1735 1738 1743 
s 1
f 90 82 144 152 
f 92 90 152 154 
f 1935 1927 1930 1932 
s 4
f 1914 1936 1933 1917 
s 1
f 1830 1873 1876 1833 
f 114 116 178 176 
f 1881 346 347 1878 
f 113 114 176 175 
f 109 111 173 171 
f 107 109 171 169 
f 2046 76 137 2043 
s 4
f 2052 2047 2044 2049 
s 1
f 85 87 149 147 
f 105 107 169 167 
f 116 118 180 178 
f 94 92 154 156 
f 76 74 135 137 
f 118 120 182 180 
f 103 105 167 165 
f 87 89 151 149 
f 96 94 156 158 
f 74 72 133 135 
f 102 103 165 164 
f 98 96 158 160 
f 122 98 160 184 
f 89 100 162 151 
f 100 102 164 162 
s 4
f 1887 1870 1867 1884 
f 1902 1924 1921 1905 
s 8
f 2058 2079 140 2055 
s 1
f 1994 2053 2050 1998 
f 72 71 132 133 
f 71 1730 1731 132 
f 68 66 127 129 
f 66 64 125 127 
f 120 122 184 182 
s 4
f 1836 1882 1879 1839 
f 1872 1858 1855 1875 
f 1926 1912 1909 1929 
s 1
f 62 65 126 123 
s 2
f 63 62 123 124 
s 1
f 78 63 124 139 
f 77 78 139 138 
f 75 77 138 136 
f 73 75 136 134 
f 70 73 134 131 
f 69 70 131 130 
f 117 115 177 179 
f 119 117 179 181 
f 121 119 181 183 
f 115 112 174 177 
f 97 121 183 159 
f 112 110 172 174 
f 95 97 159 157 
f 93 95 157 155 
f 91 93 155 153 
f 79 91 153 141 
f 80 79 141 142 
f 84 80 142 146 
f 86 84 146 148 
f 88 86 148 150 
f 99 88 150 161 
f 101 99 161 163 
f 110 108 170 172 
f 104 101 163 166 
s 2
f 42 44 186 185 
f 44 45 187 186 
f 45 46 188 187 
f 46 47 2081 188 
f 47 48 189 2081 
f 48 49 190 189 
f 49 50 191 190 
f 50 51 192 191 
f 51 52 193 192 
f 255 344 345 263 
f 53 54 195 194 
f 54 55 196 195 
f 55 56 197 196 
f 56 57 198 197 
f 57 58 199 198 
f 58 59 200 199 
f 59 60 201 200 
f 60 61 202 201 
f 61 41 203 202 
f 291 292 301 300 
f 1946 64 204 1945 
f 64 66 205 204 
f 66 68 206 205 
f 68 1730 1732 206 
f 71 72 208 207 
f 72 74 209 208 
f 74 76 210 209 
f 76 2046 2061 210 
f 2047 2052 2063 2062 
f 2053 1994 1995 2063 
f 1996 1988 2064 1995 
f 1989 1964 2065 2064 
f 1965 1951 2084 2065 
f 1952 1960 1961 2084 
f 321 322 326 325 
f 1971 1979 2066 2067 
f 1986 2001 2068 2069 
f 2002 2010 2070 2068 
f 2011 2016 2071 2070 
f 2017 2022 2073 2071 
f 2023 2028 2072 2073 
f 2029 2034 2074 2072 
f 2035 2040 2075 2074 
f 2041 2080 2077 2075 
f 2079 2058 2076 2077 
f 2059 340 339 2076 
f 1903 1911 1937 1938 
f 1912 1926 1939 1937 
f 1927 1935 1940 1939 
f 1936 1914 1941 1940 
f 1915 1923 1942 1941 
f 1924 1902 1938 1942 
f 1819 1827 1889 1890 
f 1828 1863 1891 1889 
f 1864 1869 1892 1891 
f 1870 1887 1893 1892 
f 1888 346 348 1893 
f 1882 1836 1894 1895 
f 1837 1845 1896 1894 
f 1846 1851 1897 1896 
f 1852 1857 1898 1897 
f 1858 1872 1899 1898 
f 1873 1830 1900 1899 
f 1831 1818 1890 1900 
f 113 111 212 211 
f 111 109 213 212 
f 109 107 214 213 
f 107 105 215 214 
f 105 103 216 215 
f 103 102 217 216 
f 102 100 218 217 
f 100 89 219 218 
f 89 87 220 219 
f 87 85 221 220 
f 85 83 222 221 
f 83 81 223 222 
f 81 82 224 223 
f 82 90 225 224 
f 90 92 226 225 
f 92 94 227 226 
f 94 96 228 227 
f 96 98 229 228 
f 98 122 230 229 
f 122 120 231 230 
f 120 118 232 231 
f 118 116 233 232 
f 116 114 234 233 
f 114 113 211 234 
f 1783 1752 1806 1805 
f 1753 1746 1807 1806 
f 1747 1734 1808 1807 
f 1735 1740 1809 1808 
f 1741 1758 1810 1809 
f 1759 1764 1811 1810 
f 1765 1770 1812 1811 
f 1771 1776 1813 1812 
f 1777 1800 1814 1813 
f 1801 1794 1815 1814 
f 1795 1788 1816 1815 
f 1789 1782 1805 1816 
f 194 195 1816 
f 195 196 1816 
f 196 197 1816 
f 197 198 1816 
f 198 199 1815 1816 
f 203 296 1814 1815 
f 202 203 1815 
f 201 202 1815 
f 200 201 1815 
f 199 200 1815 
f 189 190 207 208 
f 190 191 1732 207 
s 1
f 252 23 24 235 
f 251 332 331 236 
f 250 251 236 237 
f 249 336 335 238 
f 248 249 238 239 
f 243 16 15 244 
f 242 243 244 245 
f 241 242 245 246 
f 240 241 246 247 
f 253 52 16 243 
f 254 253 243 242 
f 2083 254 242 241 
f 255 2083 241 240 
f 235 24 53 260 
f 236 331 333 259 
f 237 236 259 258 
f 238 335 337 257 
f 239 238 257 256 
s 2
f 260 53 194 268 
f 259 333 334 267 
f 258 259 267 266 
f 257 337 338 265 
f 256 257 265 264 
f 261 193 52 253 
f 262 261 253 254 
f 263 2082 2083 255 
s 1
f 278 3 4 269 
f 279 278 269 270 
f 280 328 327 271 
f 281 318 317 272 
f 282 281 272 273 
f 277 1 2 286 
f 276 313 314 285 
f 275 276 285 284 
f 274 275 284 283 
f 287 41 3 278 
f 288 287 278 279 
f 289 329 328 280 
f 290 319 318 281 
f 291 290 281 282 
f 286 2 42 295 
f 285 314 315 294 
f 284 285 294 293 
f 283 284 293 292 
s 2
f 295 42 185 304 
f 294 315 316 303 
f 293 294 303 302 
f 292 293 302 301 
f 296 203 41 287 
f 297 296 287 288 
f 298 330 329 289 
f 299 320 319 290 
f 300 299 290 291 
f 304 185 2063 1995 
f 185 43 2063 
f 185 186 43 
f 2081 2062 2063 
f 2081 2063 43 
f 186 187 43 
f 187 188 43 
s 1
f 305 277 286 306 
f 306 286 295 307 
s 2
f 307 295 304 308 
f 308 304 1995 2084 
s 1
f 309 305 306 310 
f 310 306 307 311 
s 2
f 311 307 308 312 
f 312 308 2084 1961 
s 1
f 313 309 310 314 
f 314 310 311 315 
s 2
f 315 311 312 316 
f 316 312 1961 2077 
f 1961 2075 2077 
f 303 316 2077 2076 
f 302 303 2076 1942 
f 301 302 1942 1938 
f 301 1938 1900 
f 1938 1937 1899 1900 
f 1937 345 1899 
f 300 301 1900 1890 
f 1890 1889 1891 1892 
f 299 300 1890 1892 
s 1
f 318 280 271 317 
f 319 289 280 318 
s 2
f 320 298 289 319 
f 320 299 1892 1893 
f 265 1895 1894 
f 264 265 1894 1898 
f 2069 2068 2070 2071 
f 2073 2072 2074 2075 
s 4
f 321 1962 1958 323 
f 324 1948 1944 322 
s 2
f 325 1961 1962 321 
f 326 2069 2071 
f 325 326 2071 2073 
f 1995 2064 2065 2084 
f 2066 1980 1985 2069 
f 2066 2069 326 1945 
f 326 322 1944 1945 
f 1961 325 2073 2075 
f 296 297 1811 1814 
f 297 330 1810 1811 
f 1811 1812 1813 1814 
s 1
f 328 279 270 327 
f 329 288 279 328 
s 2
f 330 297 288 329 
f 330 298 218 1810 
f 298 320 217 218 
f 267 334 1807 1808 
f 268 194 1816 1805 
s 1
f 332 252 235 331 
f 331 235 260 333 
s 2
f 333 260 268 334 
f 334 268 1805 1807 
f 1809 223 224 
f 1809 222 223 
f 1809 224 225 
f 1809 225 226 
f 1809 221 222 
f 1809 1810 220 221 
f 1808 1809 226 227 
f 1808 227 228 
f 1808 228 229 
f 1810 219 220 
f 1810 218 219 
f 266 267 1808 229 
s 1
f 336 250 237 335 
f 335 237 258 337 
s 2
f 337 258 266 338 
f 338 266 229 230 
f 1895 232 233 
f 1895 233 234 
f 231 338 230 
f 231 232 1895 338 
f 1895 265 338 
f 205 206 261 
f 206 193 261 
f 206 192 193 
f 206 191 192 
f 2067 2066 262 2082 
f 2066 1945 262 
f 1945 204 261 262 
f 1941 339 2067 2082 
s 4
f 340 2059 2056 341 
s 2
f 340 1970 2067 339 
f 1941 1942 2076 339 
f 1939 2082 263 
f 1939 1940 1941 2082 
s 1
f 343 248 239 342 
f 344 255 240 342 
s 2
f 344 256 264 345 
f 345 264 1898 1899 
f 1937 1939 263 345 
f 1894 1896 1897 1898 
f 320 216 217 
f 320 215 216 
f 320 214 215 
f 320 1893 214 
f 1893 213 214 
f 1893 348 212 213 
s 1
f 346 1888 1885 347 
s 2
f 346 1881 1895 348 
f 348 1895 234 211 
f 348 211 212 
f 1805 1806 1807 
s 4
f 69 67 350 349 
f 67 65 351 350 
f 65 62 352 351 
f 62 63 353 352 
f 63 78 354 353 
f 78 77 355 354 
f 77 75 356 355 
f 75 73 357 356 
f 73 70 358 357 
f 70 69 349 358 
s 2
f 104 106 360 359 
f 106 108 361 360 
f 108 110 362 361 
f 110 112 363 362 
f 112 115 364 363 
f 115 117 365 364 
f 117 119 366 365 
f 119 121 367 366 
f 121 97 368 367 
f 97 95 369 368 
f 95 93 370 369 
f 93 91 371 370 
f 91 79 372 371 
f 79 80 373 372 
f 80 84 374 373 
f 84 86 375 374 
f 86 88 376 375 
f 88 99 377 376 
f 99 101 378 377 
f 101 104 359 378 
s 4
f 349 350 379 
f 350 351 379 
f 351 352 379 
f 352 353 379 
f 353 354 379 
f 354 355 379 
f 355 356 379 
f 356 357 379 
f 357 358 379 
f 358 349 379 
s 2
f 359 360 380 
f 360 361 380 
f 361 362 380 
f 362 363 380 
f 363 364 380 
f 364 365 380 
f 365 366 380 
f 366 367 380 
f 367 368 380 
f 368 369 380 
f 369 370 380 
f 370 371 380 
f 371 372 380 
f 372 373 380 
f 373 374 380 
f 374 375 380 
f 375 376 380 
f 376 377 380 
f 377 378 380 
f 378 359 380 
s 1
f 383 381 382 384 
s 2
f 2081 210 2061 
f 2081 209 210 
f 2081 189 208 209 
f 204 205 261 
s 1
f 385 406 407 386 
f 386 407 408 387 
f 387 408 409 388 
f 388 409 410 389 
f 389 410 411 390 
f 390 411 412 391 
f 391 412 413 392 
f 392 413 414 393 
f 393 414 415 394 
f 394 415 416 395 
f 395 416 417 396 
f 396 417 418 397 
f 397 418 419 398 
f 398 419 420 399 
f 399 420 421 400 
f 400 421 422 401 
f 401 422 423 402 
f 402 423 424 403 
f 403 424 425 404 
f 404 425 426 405 
f 405 426 1080 
f 406 427 428 407 
f 407 428 429 408 
f 408 429 430 409 
f 409 430 431 410 
f 410 431 432 411 
f 411 432 433 412 
f 412 433 434 413 
f 413 434 435 414 
f 414 435 436 415 
f 415 436 437 416 
f 416 437 438 417 
f 417 438 439 418 
f 418 439 440 419 
f 419 440 441 420 
f 420 441 442 421 
f 421 442 443 422 
f 422 443 444 423 
f 423 444 445 424 
f 424 445 446 425 
f 425 446 447 426 
f 426 447 1080 
f 427 448 449 428 
f 428 449 450 429 
f 429 450 451 430 
f 430 451 452 431 
f 431 452 453 432 
f 432 453 454 433 
f 433 454 455 434 
f 434 455 456 435 
f 435 456 457 436 
f 436 457 458 437 
f 437 458 459 438 
f 438 459 460 439 
f 439 460 461 440 
f 440 461 462 441 
f 441 462 463 442 
f 442 463 464 443 
f 443 464 465 444 
f 444 465 466 445 
f 445 466 467 446 
f 446 467 468 447 
f 447 468 1080 
f 448 469 470 449 
f 449 470 471 450 
f 450 471 472 451 
f 451 472 473 452 
f 452 473 474 453 
f 453 474 475 454 
f 454 475 476 455 
f 455 476 477 456 
f 456 477 478 457 
f 457 478 479 458 
f 458 479 480 459 
f 459 480 481 460 
f 460 481 482 461 
f 461 482 483 462 
f 462 483 484 463 
f 463 484 485 464 
f 464 485 486 465 
f 465 486 487 466 
f 466 487 488 467 
f 467 488 489 468 
f 468 489 1080 
f 469 490 491 470 
f 470 491 492 471 
f 471 492 493 472 
f 472 493 494 473 
f 473 494 495 474 
f 474 495 496 475 
f 475 496 497 476 
f 476 497 498 477 
f 477 498 499 478 
f 478 499 500 479 
f 479 500 501 480 
f 480 501 502 481 
f 481 502 503 482 
f 482 503 504 483 
f 483 504 505 484 
f 484 505 506 485 
f 485 506 507 486 
f 486 507 508 487 
f 487 508 509 488 
f 488 509 510 489 
f 489 510 1080 
f 490 511 512 491 
f 491 512 513 492 
f 492 513 514 493 
f 493 514 515 494 
f 494 515 516 495 
f 495 516 517 496 
f 496 517 518 497 
f 497 518 519 498 
f 498 519 520 499 
f 499 520 521 500 
f 500 521 522 501 
f 501 522 523 502 
f 502 523 524 503 
f 503 524 525 504 
f 504 525 526 505 
f 505 526 527 506 
f 506 527 528 507 
f 507 528 529 508 
f 508 529 530 509 
f 509 530 531 510 
f 510 531 1080 
f 511 532 533 512 
f 512 533 534 513 
f 513 534 535 514 
f 514 535 536 515 
f 515 536 537 516 
f 516 537 538 517 
f 517 538 539 518 
f 518 539 540 519 
f 519 540 541 520 
f 520 541 542 521 
f 521 542 543 522 
f 522 543 544 523 
f 523 544 545 524 
f 524 545 546 525 
f 525 546 547 526 
f 526 547 548 527 
f 527 548 549 528 
f 528 549 550 529 
f 529 550 551 530 
f 530 551 552 531 
f 531 552 1080 
f 532 553 554 533 
f 533 554 555 534 
f 534 555 556 535 
f 535 556 557 536 
f 536 557 558 537 
f 537 558 559 538 
f 538 559 560 539 
f 539 560 561 540 
f 540 561 562 541 
f 541 562 563 542 
f 542 563 564 543 
f 543 564 565 544 
f 544 565 566 545 
f 545 566 567 546 
f 546 567 568 547 
f 547 568 569 548 
f 548 569 570 549 
f 549 570 571 550 
f 550 571 572 551 
f 551 572 573 552 
f 552 573 1080 
f 553 574 575 554 
f 554 575 576 555 
f 555 576 577 556 
f 556 577 578 557 
f 557 578 579 558 
f 558 579 580 559 
f 559 580 581 560 
f 560 581 582 561 
f 561 582 583 562 
f 562 583 584 563 
f 563 584 585 564 
f 564 585 586 565 
f 565 586 587 566 
f 566 587 588 567 
f 567 588 589 568 
f 568 589 590 569 
f 569 590 591 570 
f 570 591 592 571 
f 571 592 593 572 
f 572 593 594 573 
f 573 594 1080 
f 574 595 596 575 
f 575 596 597 576 
f 576 597 598 577 
f 577 598 599 578 
f 578 599 600 579 
f 579 600 601 580 
f 580 601 602 581 
f 581 602 603 582 
f 582 603 604 583 
f 583 604 605 584 
f 584 605 606 585 
f 585 606 607 586 
f 586 607 608 587 
f 587 608 609 588 
f 588 609 610 589 
f 589 610 611 590 
f 590 611 612 591 
f 591 612 613 592 
f 592 613 614 593 
f 593 614 615 594 
f 594 615 1080 
f 595 616 617 596 
f 596 617 618 597 
f 597 618 619 598 
f 598 619 620 599 
f 599 620 621 600 
f 600 621 622 601 
f 601 622 623 602 
f 602 623 624 603 
f 603 624 625 604 
f 604 625 626 605 
f 605 626 627 606 
f 606 627 628 607 
f 607 628 629 608 
f 608 629 630 609 
f 609 630 631 610 
f 610 631 632 611 
f 611 632 633 612 
f 612 633 634 613 
f 613 634 635 614 
f 614 635 636 615 
f 615 636 1080 
f 616 637 638 617 
f 617 638 639 618 
f 618 639 640 619 
f 619 640 641 620 
f 620 641 642 621 
f 621 642 643 622 
f 622 643 644 623 
f 623 644 645 624 
f 624 645 646 625 
f 625 646 647 626 
f 626 647 648 627 
f 627 648 649 628 
f 628 649 650 629 
f 629 650 651 630 
f 630 651 652 631 
f 631 652 653 632 
f 632 653 654 633 
f 633 654 655 634 
f 634 655 656 635 
f 635 656 657 636 
f 636 657 1080 
f 637 658 659 638 
f 638 659 660 639 
f 639 660 661 640 
f 640 661 662 641 
f 641 662 663 642 
f 642 663 664 643 
f 643 664 665 644 
f 644 665 666 645 
f 645 666 667 646 
f 646 667 668 647 
f 647 668 669 648 
f 648 669 670 649 
f 649 670 671 650 
f 650 671 672 651 
f 651 672 673 652 
f 652 673 674 653 
f 653 674 675 654 
f 654 675 676 655 
f 655 676 677 656 
f 656 677 678 657 
f 657 678 1080 
f 658 679 680 659 
f 659 680 681 660 
f 660 681 682 661 
f 661 682 683 662 
f 662 683 684 663 
f 663 684 685 664 
f 664 685 686 665 
f 665 686 687 666 
f 666 687 688 667 
f 667 688 689 668 
f 668 689 690 669 
f 669 690 691 670 
f 670 691 692 671 
f 671 692 693 672 
f 672 693 694 673 
f 673 694 695 674 
f 674 695 696 675 
f 675 696 697 676 
f 676 697 698 677 
f 677 698 699 678 
f 678 699 1080 
f 679 700 701 680 
f 680 701 702 681 
f 681 702 703 682 
f 682 703 704 683 
f 683 704 705 684 
f 684 705 706 685 
f 685 706 707 686 
f 686 707 708 687 
f 687 708 709 688 
f 688 709 710 689 
f 689 710 711 690 
f 690 711 712 691 
f 691 712 713 692 
f 692 713 714 693 
f 693 714 715 694 
f 694 715 716 695 
f 695 716 717 696 
f 696 717 718 697 
f 697 718 719 698 
f 698 719 720 699 
f 699 720 1080 
f 700 721 722 701 
f 701 722 723 702 
f 702 723 724 703 
f 703 724 725 704 
f 704 725 726 705 
f 705 726 727 706 
f 706 727 728 707 
f 707 728 729 708 
f 708 729 730 709 
f 709 730 731 710 
f 710 731 732 711 
f 711 732 733 712 
f 712 733 734 713 
f 713 734 735 714 
f 714 735 736 715 
f 715 736 737 716 
f 716 737 738 717 
f 717 738 739 718 
f 718 739 740 719 
f 719 740 741 720 
f 720 741 1080 
f 721 742 743 722 
f 722 743 744 723 
f 723 744 745 724 
f 724 745 746 725 
f 725 746 747 726 
f 726 747 748 727 
f 727 748 749 728 
f 728 749 750 729 
f 729 750 751 730 
f 730 751 752 731 
f 731 752 753 732 
f 732 753 754 733 
f 733 754 755 734 
f 734 755 756 735 
f 735 756 757 736 
f 736 757 758 737 
f 737 758 759 738 
f 738 759 760 739 
f 739 760 761 740 
f 740 761 762 741 
f 741 762 1080 
f 742 763 764 743 
f 743 764 765 744 
f 744 765 766 745 
f 745 766 767 746 
f 746 767 768 747 
f 747 768 769 748 
f 748 769 770 749 
f 749 770 771 750 
f 750 771 772 751 
f 751 772 773 752 
f 752 773 774 753 
f 753 774 775 754 
f 754 775 776 755 
f 755 776 777 756 
f 756 777 778 757 
f 757 778 779 758 
f 758 779 780 759 
f 759 780 781 760 
f 760 781 782 761 
f 761 782 783 762 
f 762 783 1080 
f 763 784 785 764 
f 764 785 786 765 
f 765 786 787 766 
f 766 787 788 767 
f 767 788 789 768 
f 768 789 790 769 
f 769 790 791 770 
f 770 791 792 771 
f 771 792 793 772 
f 772 793 794 773 
f 773 794 795 774 
f 774 795 796 775 
f 775 796 797 776 
f 776 797 798 777 
f 777 798 799 778 
f 778 799 800 779 
f 779 800 801 780 
f 780 801 802 781 
f 781 802 803 782 
f 782 803 804 783 
f 783 804 1080 
f 784 805 806 785 
f 785 806 807 786 
f 786 807 808 787 
f 787 808 809 788 
f 788 809 810 789 
f 789 810 811 790 
f 790 811 812 791 
f 791 812 813 792 
f 792 813 814 793 
f 793 814 815 794 
f 794 815 816 795 
f 795 816 817 796 
f 796 817 818 797 
f 797 818 819 798 
f 798 819 820 799 
f 799 820 821 800 
f 800 821 822 801 
f 801 822 823 802 
f 802 823 824 803 
f 803 824 825 804 
f 804 825 1080 
f 805 826 827 806 
f 806 827 828 807 
f 807 828 829 808 
f 808 829 830 809 
f 809 830 831 810 
f 810 831 832 811 
f 811 832 833 812 
f 812 833 834 813 
f 813 834 835 814 
f 814 835 836 815 
f 815 836 837 816 
f 816 837 838 817 
f 817 838 839 818 
f 818 839 840 819 
f 819 840 841 820 
f 820 841 842 821 
f 821 842 843 822 
f 822 843 844 823 
f 823 844 845 824 
f 824 845 846 825 
f 825 846 1080 
f 826 847 848 827 
f 827 848 849 828 
f 828 849 850 829 
f 829 850 851 830 
f 830 851 852 831 
f 831 852 853 832 
f 832 853 854 833 
f 833 854 855 834 
f 834 855 856 835 
f 835 856 857 836 
f 836 857 858 837 
f 837 858 859 838 
f 838 859 860 839 
f 839 860 861 840 
f 840 861 862 841 
f 841 862 863 842 
f 842 863 864 843 
f 843 864 865 844 
f 844 865 866 845 
f 845 866 867 846 
f 846 867 1080 
f 847 868 869 848 
f 848 869 870 849 
f 849 870 871 850 
f 850 871 872 851 
f 851 872 873 852 
f 852 873 874 853 
f 853 874 875 854 
f 854 875 876 855 
f 855 876 877 856 
f 856 877 878 857 
f 857 878 879 858 
f 858 879 880 859 
f 859 880 881 860 
f 860 881 882 861 
f 861 882 883 862 
f 862 883 884 863 
f 863 884 885 864 
f 864 885 886 865 
f 865 886 887 866 
f 866 887 888 867 
f 867 888 1080 
f 868 889 890 869 
f 869 890 891 870 
f 870 891 892 871 
f 871 892 893 872 
f 872 893 894 873 
f 873 894 895 874 
f 874 895 896 875 
f 875 896 897 876 
f 876 897 898 877 
f 877 898 899 878 
f 878 899 900 879 
f 879 900 901 880 
f 880 901 902 881 
f 881 902 903 882 
f 882 903 904 883 
f 883 904 905 884 
f 884 905 906 885 
f 885 906 907 886 
f 886 907 908 887 
f 887 908 909 888 
f 888 909 1080 
f 889 910 911 890 
f 890 911 912 891 
f 891 912 913 892 
f 892 913 914 893 
f 893 914 915 894 
f 894 915 916 895 
f 895 916 917 896 
f 896 917 918 897 
f 897 918 919 898 
f 898 919 920 899 
f 899 920 921 900 
f 900 921 922 901 
f 901 922 923 902 
f 902 923 924 903 
f 903 924 925 904 
f 904 925 926 905 
f 905 926 927 906 
f 906 927 928 907 
f 907 928 929 908 
f 908 929 930 909 
f 909 930 1080 
f 910 931 932 911 
f 911 932 933 912 
f 912 933 934 913 
f 913 934 935 914 
f 914 935 936 915 
f 915 936 937 916 
f 916 937 938 917 
f 917 938 939 918 
f 918 939 940 919 
f 919 940 941 920 
f 920 941 942 921 
f 921 942 943 922 
f 922 943 944 923 
f 923 944 945 924 
f 924 945 946 925 
f 925 946 947 926 
f 926 947 948 927 
f 927 948 949 928 
f 928 949 950 929 
f 929 950 951 930 
f 930 951 1080 
f 931 952 953 932 
f 932 953 954 933 
f 933 954 955 934 
f 934 955 956 935 
f 935 956 957 936 
f 936 957 958 937 
f 937 958 959 938 
f 938 959 960 939 
f 939 960 961 940 
f 940 961 962 941 
f 941 962 963 942 
f 942 963 964 943 
f 943 964 965 944 
f 944 965 966 945 
f 945 966 967 946 
f 946 967 968 947 
f 947 968 969 948 
f 948 969 970 949 
f 949 970 971 950 
f 950 971 972 951 
f 951 972 1080 
f 952 973 974 953 
f 953 974 975 954 
f 954 975 976 955 
f 955 976 977 956 
f 956 977 978 957 
f 957 978 979 958 
f 958 979 980 959 
f 959 980 981 960 
f 960 981 982 961 
f 961 982 983 962 
f 962 983 984 963 
f 963 984 985 964 
f 964 985 986 965 
f 965 986 987 966 
f 966 987 988 967 
f 967 988 989 968 
f 968 989 990 969 
f 969 990 991 970 
f 970 991 992 971 
f 971 992 993 972 
f 972 993 1080 
f 973 994 995 974 
f 974 995 996 975 
f 975 996 997 976 
f 976 997 998 977 
f 977 998 999 978 
f 978 999 1000 979 
f 979 1000 1001 980 
f 980 1001 1002 981 
f 981 1002 1003 982 
f 982 1003 1004 983 
f 983 1004 1005 984 
f 984 1005 1006 985 
f 985 1006 1007 986 
f 986 1007 1008 987 
f 987 1008 1009 988 
f 988 1009 1010 989 
f 989 1010 1011 990 
f 990 1011 1012 991 
f 991 1012 1013 992 
f 992 1013 1014 993 
f 993 1014 1080 
f 994 1015 1016 995 
f 995 1016 1017 996 
f 996 1017 1018 997 
f 997 1018 1019 998 
f 998 1019 1020 999 
f 999 1020 1021 1000 
f 1000 1021 1022 1001 
f 1001 1022 1023 1002 
f 1002 1023 1024 1003 
f 1003 1024 1025 1004 
f 1004 1025 1026 1005 
f 1005 1026 1027 1006 
f 1006 1027 1028 1007 
f 1007 1028 1029 1008 
f 1008 1029 1030 1009 
f 1009 1030 1031 1010 
f 1010 1031 1032 1011 
f 1011 1032 1033 1012 
f 1012 1033 1034 1013 
f 1013 1034 1035 1014 
f 1014 1035 1080 
f 1015 1047 1711 1016 
f 1016 1711 1048 1017 
f 1017 1048 1712 1018 
f 1018 1712 1049 1019 
f 1019 1049 1050 1020 
f 1020 1050 1051 1021 
f 1021 1051 1052 1022 
f 1022 1052 1713 1023 
f 1023 1713 1714 1024 
f 1024 1714 1715 1025 
f 1025 1715 1053 1026 
f 1026 1053 1054 1027 
f 1027 1054 1055 1028 
f 1028 1055 1056 1029 
f 1029 1056 1716 1030 
f 1030 1716 1057 1031 
f 1031 1057 1717 1032 
f 1032 1717 1718 1033 
f 1033 1718 1719 1034 
f 1034 1719 1720 1035 
f 1035 1720 1080 
f 1058 385 386 1721 
f 1721 386 387 1036 
f 1036 387 388 1037 
f 1037 388 389 1038 
f 1038 389 390 1039 
f 1039 390 391 1722 
f 1722 391 392 1040 
f 1040 392 393 1041 
f 1041 393 394 1042 
f 1042 394 395 1723 
f 1723 395 396 1724 
f 1724 396 397 1725 
f 1725 397 398 1043 
f 1043 398 399 1044 
f 1044 399 400 1726 
f 1726 400 401 1727 
f 1727 401 402 1045 
f 1045 402 403 1046 
f 1046 403 404 1728 
f 1728 404 405 1729 
f 1729 405 1080 
f 1059 1060 1082 1081 
f 1060 1061 1083 1082 
f 1061 1062 1084 1083 
f 1062 1063 1085 1084 
f 1063 1064 1086 1085 
f 1064 1065 1087 1086 
f 1065 1066 1088 1087 
f 1066 1067 1089 1088 
f 1067 1068 1090 1089 
f 1068 1069 1091 1090 
f 1069 1070 1092 1091 
f 1070 1071 1093 1092 
f 1071 1072 1094 1093 
f 1072 1073 1095 1094 
f 1073 1074 1096 1095 
f 1074 1075 1097 1096 
f 1075 1076 1098 1097 
f 1076 1077 1099 1098 
f 1077 1078 1100 1099 
f 1078 1079 1101 1100 
f 1079 1080 1101 
f 1081 1082 1103 1102 
f 1082 1083 1104 1103 
f 1083 1084 1105 1104 
f 1084 1085 1106 1105 
f 1085 1086 1107 1106 
f 1086 1087 1108 1107 
f 1087 1088 1109 1108 
f 1088 1089 1110 1109 
f 1089 1090 1111 1110 
f 1090 1091 1112 1111 
f 1091 1092 1113 1112 
f 1092 1093 1114 1113 
f 1093 1094 1115 1114 
f 1094 1095 1116 1115 
f 1095 1096 1117 1116 
f 1096 1097 1118 1117 
f 1097 1098 1119 1118 
f 1098 1099 1120 1119 
f 1099 1100 1121 1120 
f 1100 1101 1122 1121 
f 1101 1080 1122 
f 1102 1103 1124 1123 
f 1103 1104 1125 1124 
f 1104 1105 1126 1125 
f 1105 1106 1127 1126 
f 1106 1107 1128 1127 
f 1107 1108 1129 1128 
f 1108 1109 1130 1129 
f 1109 1110 1131 1130 
f 1110 1111 1132 1131 
f 1111 1112 1133 1132 
f 1112 1113 1134 1133 
f 1113 1114 1135 1134 
f 1114 1115 1136 1135 
f 1115 1116 1137 1136 
f 1116 1117 1138 1137 
f 1117 1118 1139 1138 
f 1118 1119 1140 1139 
f 1119 1120 1141 1140 
f 1120 1121 1142 1141 
f 1121 1122 1143 1142 
f 1122 1080 1143 
f 1123 1124 1145 1144 
f 1124 1125 1146 1145 
f 1125 1126 1147 1146 
f 1126 1127 1148 1147 
f 1127 1128 1149 1148 
f 1128 1129 1150 1149 
f 1129 1130 1151 1150 
f 1130 1131 1152 1151 
f 1131 1132 1153 1152 
f 1132 1133 1154 1153 
f 1133 1134 1155 1154 
f 1134 1135 1156 1155 
f 1135 1136 1157 1156 
f 1136 1137 1158 1157 
f 1137 1138 1159 1158 
f 1138 1139 1160 1159 
f 1139 1140 1161 1160 
f 1140 1141 1162 1161 
f 1141 1142 1163 1162 
f 1142 1143 1164 1163 
f 1143 1080 1164 
f 1144 1145 1166 1165 
f 1145 1146 1167 1166 
f 1146 1147 1168 1167 
f 1147 1148 1169 1168 
f 1148 1149 1170 1169 
f 1149 1150 1171 1170 
f 1150 1151 1172 1171 
f 1151 1152 1173 1172 
f 1152 1153 1174 1173 
f 1153 1154 1175 1174 
f 1154 1155 1176 1175 
f 1155 1156 1177 1176 
f 1156 1157 1178 1177 
f 1157 1158 1179 1178 
f 1158 1159 1180 1179 
f 1159 1160 1181 1180 
f 1160 1161 1182 1181 
f 1161 1162 1183 1182 
f 1162 1163 1184 1183 
f 1163 1164 1185 1184 
f 1164 1080 1185 
f 1165 1166 1187 1186 
f 1166 1167 1188 1187 
f 1167 1168 1189 1188 
f 1168 1169 1190 1189 
f 1169 1170 1191 1190 
f 1170 1171 1192 1191 
f 1171 1172 1193 1192 
f 1172 1173 1194 1193 
f 1173 1174 1195 1194 
f 1174 1175 1196 1195 
f 1175 1176 1197 1196 
f 1176 1177 1198 1197 
f 1177 1178 1199 1198 
f 1178 1179 1200 1199 
f 1179 1180 1201 1200 
f 1180 1181 1202 1201 
f 1181 1182 1203 1202 
f 1182 1183 1204 1203 
f 1183 1184 1205 1204 
f 1184 1185 1206 1205 
f 1185 1080 1206 
f 1186 1187 1208 1207 
f 1187 1188 1209 1208 
f 1188 1189 1210 1209 
f 1189 1190 1211 1210 
f 1190 1191 1212 1211 
f 1191 1192 1213 1212 
f 1192 1193 1214 1213 
f 1193 1194 1215 1214 
f 1194 1195 1216 1215 
f 1195 1196 1217 1216 
f 1196 1197 1218 1217 
f 1197 1198 1219 1218 
f 1198 1199 1220 1219 
f 1199 1200 1221 1220 
f 1200 1201 1222 1221 
f 1201 1202 1223 1222 
f 1202 1203 1224 1223 
f 1203 1204 1225 1224 
f 1204 1205 1226 1225 
f 1205 1206 1227 1226 
f 1206 1080 1227 
f 1207 1208 1229 1228 
f 1208 1209 1230 1229 
f 1209 1210 1231 1230 
f 1210 1211 1232 1231 
f 1211 1212 1233 1232 
f 1212 1213 1234 1233 
f 1213 1214 1235 1234 
f 1214 1215 1236 1235 
f 1215 1216 1237 1236 
f 1216 1217 1238 1237 
f 1217 1218 1239 1238 
f 1218 1219 1240 1239 
f 1219 1220 1241 1240 
f 1220 1221 1242 1241 
f 1221 1222 1243 1242 
f 1222 1223 1244 1243 
f 1223 1224 1245 1244 
f 1224 1225 1246 1245 
f 1225 1226 1247 1246 
f 1226 1227 1248 1247 
f 1227 1080 1248 
f 1228 1229 1250 1249 
f 1229 1230 1251 1250 
f 1230 1231 1252 1251 
f 1231 1232 1253 1252 
f 1232 1233 1254 1253 
f 1233 1234 1255 1254 
f 1234 1235 1256 1255 
f 1235 1236 1257 1256 
f 1236 1237 1258 1257 
f 1237 1238 1259 1258 
f 1238 1239 1260 1259 
f 1239 1240 1261 1260 
f 1240 1241 1262 1261 
f 1241 1242 1263 1262 
f 1242 1243 1264 1263 
f 1243 1244 1265 1264 
f 1244 1245 1266 1265 
f 1245 1246 1267 1266 
f 1246 1247 1268 1267 
f 1247 1248 1269 1268 
f 1248 1080 1269 
f 1249 1250 1271 1270 
f 1250 1251 1272 1271 
f 1251 1252 1273 1272 
f 1252 1253 1274 1273 
f 1253 1254 1275 1274 
f 1254 1255 1276 1275 
f 1255 1256 1277 1276 
f 1256 1257 1278 1277 
f 1257 1258 1279 1278 
f 1258 1259 1280 1279 
f 1259 1260 1281 1280 
f 1260 1261 1282 1281 
f 1261 1262 1283 1282 
f 1262 1263 1284 1283 
f 1263 1264 1285 1284 
f 1264 1265 1286 1285 
f 1265 1266 1287 1286 
f 1266 1267 1288 1287 
f 1267 1268 1289 1288 
f 1268 1269 1290 1289 
f 1269 1080 1290 
f 1270 1271 1292 1291 
f 1271 1272 1293 1292 
f 1272 1273 1294 1293 
f 1273 1274 1295 1294 
f 1274 1275 1296 1295 
f 1275 1276 1297 1296 
f 1276 1277 1298 1297 
f 1277 1278 1299 1298 
f 1278 1279 1300 1299 
f 1279 1280 1301 1300 
f 1280 1281 1302 1301 
f 1281 1282 1303 1302 
f 1282 1283 1304 1303 
f 1283 1284 1305 1304 
f 1284 1285 1306 1305 
f 1285 1286 1307 1306 
f 1286 1287 1308 1307 
f 1287 1288 1309 1308 
f 1288 1289 1310 1309 
f 1289 1290 1311 1310 
f 1290 1080 1311 
f 1291 1292 1313 1312 
f 1292 1293 1314 1313 
f 1293 1294 1315 1314 
f 1294 1295 1316 1315 
f 1295 1296 1317 1316 
f 1296 1297 1318 1317 
f 1297 1298 1319 1318 
f 1298 1299 1320 1319 
f 1299 1300 1321 1320 
f 1300 1301 1322 1321 
f 1301 1302 1323 1322 
f 1302 1303 1324 1323 
f 1303 1304 1325 1324 
f 1304 1305 1326 1325 
f 1305 1306 1327 1326 
f 1306 1307 1328 1327 
f 1307 1308 1329 1328 
f 1308 1309 1330 1329 
f 1309 1310 1331 1330 
f 1310 1311 1332 1331 
f 1311 1080 1332 
f 1312 1313 1334 1333 
f 1313 1314 1335 1334 
f 1314 1315 1336 1335 
f 1315 1316 1337 1336 
f 1316 1317 1338 1337 
f 1317 1318 1339 1338 
f 1318 1319 1340 1339 
f 1319 1320 1341 1340 
f 1320 1321 1342 1341 
f 1321 1322 1343 1342 
f 1322 1323 1344 1343 
f 1323 1324 1345 1344 
f 1324 1325 1346 1345 
f 1325 1326 1347 1346 
f 1326 1327 1348 1347 
f 1327 1328 1349 1348 
f 1328 1329 1350 1349 
f 1329 1330 1351 1350 
f 1330 1331 1352 1351 
f 1331 1332 1353 1352 
f 1332 1080 1353 
f 1333 1334 1355 1354 
f 1334 1335 1356 1355 
f 1335 1336 1357 1356 
f 1336 1337 1358 1357 
f 1337 1338 1359 1358 
f 1338 1339 1360 1359 
f 1339 1340 1361 1360 
f 1340 1341 1362 1361 
f 1341 1342 1363 1362 
f 1342 1343 1364 1363 
f 1343 1344 1365 1364 
f 1344 1345 1366 1365 
f 1345 1346 1367 1366 
f 1346 1347 1368 1367 
f 1347 1348 1369 1368 
f 1348 1349 1370 1369 
f 1349 1350 1371 1370 
f 1350 1351 1372 1371 
f 1351 1352 1373 1372 
f 1352 1353 1374 1373 
f 1353 1080 1374 
f 1354 1355 1376 1375 
f 1355 1356 1377 1376 
f 1356 1357 1378 1377 
f 1357 1358 1379 1378 
f 1358 1359 1380 1379 
f 1359 1360 1381 1380 
f 1360 1361 1382 1381 
f 1361 1362 1383 1382 
f 1362 1363 1384 1383 
f 1363 1364 1385 1384 
f 1364 1365 1386 1385 
f 1365 1366 1387 1386 
f 1366 1367 1388 1387 
f 1367 1368 1389 1388 
f 1368 1369 1390 1389 
f 1369 1370 1391 1390 
f 1370 1371 1392 1391 
f 1371 1372 1393 1392 
f 1372 1373 1394 1393 
f 1373 1374 1395 1394 
f 1374 1080 1395 
f 1375 1376 1397 1396 
f 1376 1377 1398 1397 
f 1377 1378 1399 1398 
f 1378 1379 1400 1399 
f 1379 1380 1401 1400 
f 1380 1381 1402 1401 
f 1381 1382 1403 1402 
f 1382 1383 1404 1403 
f 1383 1384 1405 1404 
f 1384 1385 1406 1405 
f 1385 1386 1407 1406 
f 1386 1387 1408 1407 
f 1387 1388 1409 1408 
f 1388 1389 1410 1409 
f 1389 1390 1411 1410 
f 1390 1391 1412 1411 
f 1391 1392 1413 1412 
f 1392 1393 1414 1413 
f 1393 1394 1415 1414 
f 1394 1395 1416 1415 
f 1395 1080 1416 
f 1396 1397 1418 1417 
f 1397 1398 1419 1418 
f 1398 1399 1420 1419 
f 1399 1400 1421 1420 
f 1400 1401 1422 1421 
f 1401 1402 1423 1422 
f 1402 1403 1424 1423 
f 1403 1404 1425 1424 
f 1404 1405 1426 1425 
f 1405 1406 1427 1426 
f 1406 1407 1428 1427 
f 1407 1408 1429 1428 
f 1408 1409 1430 1429 
f 1409 1410 1431 1430 
f 1410 1411 1432 1431 
f 1411 1412 1433 1432 
f 1412 1413 1434 1433 
f 1413 1414 1435 1434 
f 1414 1415 1436 1435 
f 1415 1416 1437 1436 
f 1416 1080 1437 
f 1417 1418 1439 1438 
f 1418 1419 1440 1439 
f 1419 1420 1441 1440 
f 1420 1421 1442 1441 
f 1421 1422 1443 1442 
f 1422 1423 1444 1443 
f 1423 1424 1445 1444 
f 1424 1425 1446 1445 
f 1425 1426 1447 1446 
f 1426 1427 1448 1447 
f 1427 1428 1449 1448 
f 1428 1429 1450 1449 
f 1429 1430 1451 1450 
f 1430 1431 1452 1451 
f 1431 1432 1453 1452 
f 1432 1433 1454 1453 
f 1433 1434 1455 1454 
f 1434 1435 1456 1455 
f 1435 1436 1457 1456 
f 1436 1437 1458 1457 
f 1437 1080 1458 
f 1438 1439 1460 1459 
f 1439 1440 1461 1460 
f 1440 1441 1462 1461 
f 1441 1442 1463 1462 
f 1442 1443 1464 1463 
f 1443 1444 1465 1464 
f 1444 1445 1466 1465 
f 1445 1446 1467 1466 
f 1446 1447 1468 1467 
f 1447 1448 1469 1468 
f 1448 1449 1470 1469 
f 1449 1450 1471 1470 
f 1450 1451 1472 1471 
f 1451 1452 1473 1472 
f 1452 1453 1474 1473 
f 1453 1454 1475 1474 
f 1454 1455 1476 1475 
f 1455 1456 1477 1476 
f 1456 1457 1478 1477 
f 1457 1458 1479 1478 
f 1458 1080 1479 
f 1459 1460 1481 1480 
f 1460 1461 1482 1481 
f 1461 1462 1483 1482 
f 1462 1463 1484 1483 
f 1463 1464 1485 1484 
f 1464 1465 1486 1485 
f 1465 1466 1487 1486 
f 1466 1467 1488 1487 
f 1467 1468 1489 1488 
f 1468 1469 1490 1489 
f 1469 1470 1491 1490 
f 1470 1471 1492 1491 
f 1471 1472 1493 1492 
f 1472 1473 1494 1493 
f 1473 1474 1495 1494 
f 1474 1475 1496 1495 
f 1475 1476 1497 1496 
f 1476 1477 1498 1497 
f 1477 1478 1499 1498 
f 1478 1479 1500 1499 
f 1479 1080 1500 
f 1480 1481 1502 1501 
f 1481 1482 1503 1502 
f 1482 1483 1504 1503 
f 1483 1484 1505 1504 
f 1484 1485 1506 1505 
f 1485 1486 1507 1506 
f 1486 1487 1508 1507 
f 1487 1488 1509 1508 
f 1488 1489 1510 1509 
f 1489 1490 1511 1510 
f 1490 1491 1512 1511 
f 1491 1492 1513 1512 
f 1492 1493 1514 1513 
f 1493 1494 1515 1514 
f 1494 1495 1516 1515 
f 1495 1496 1517 1516 
f 1496 1497 1518 1517 
f 1497 1498 1519 1518 
f 1498 1499 1520 1519 
f 1499 1500 1521 1520 
f 1500 1080 1521 
f 1501 1502 1523 1522 
f 1502 1503 1524 1523 
f 1503 1504 1525 1524 
f 1504 1505 1526 1525 
f 1505 1506 1527 1526 
f 1506 1507 1528 1527 
f 1507 1508 1529 1528 
f 1508 1509 1530 1529 
f 1509 1510 1531 1530 
f 1510 1511 1532 1531 
f 1511 1512 1533 1532 
f 1512 1513 1534 1533 
f 1513 1514 1535 1534 
f 1514 1515 1536 1535 
f 1515 1516 1537 1536 
f 1516 1517 1538 1537 
f 1517 1518 1539 1538 
f 1518 1519 1540 1539 
f 1519 1520 1541 1540 
f 1520 1521 1542 1541 
f 1521 1080 1542 
f 1522 1523 1544 1543 
f 1523 1524 1545 1544 
f 1524 1525 1546 1545 
f 1525 1526 1547 1546 
f 1526 1527 1548 1547 
f 1527 1528 1549 1548 
f 1528 1529 1550 1549 
f 1529 1530 1551 1550 
f 1530 1531 1552 1551 
f 1531 1532 1553 1552 
f 1532 1533 1554 1553 
f 1533 1534 1555 1554 
f 1534 1535 1556 1555 
f 1535 1536 1557 1556 
f 1536 1537 1558 1557 
f 1537 1538 1559 1558 
f 1538 1539 1560 1559 
f 1539 1540 1561 1560 
f 1540 1541 1562 1561 
f 1541 1542 1563 1562 
f 1542 1080 1563 
f 1543 1544 1565 1564 
f 1544 1545 1566 1565 
f 1545 1546 1567 1566 
f 1546 1547 1568 1567 
f 1547 1548 1569 1568 
f 1548 1549 1570 1569 
f 1549 1550 1571 1570 
f 1550 1551 1572 1571 
f 1551 1552 1573 1572 
f 1552 1553 1574 1573 
f 1553 1554 1575 1574 
f 1554 1555 1576 1575 
f 1555 1556 1577 1576 
f 1556 1557 1578 1577 
f 1557 1558 1579 1578 
f 1558 1559 1580 1579 
f 1559 1560 1581 1580 
f 1560 1561 1582 1581 
f 1561 1562 1583 1582 
f 1562 1563 1584 1583 
f 1563 1080 1584 
f 1564 1565 1586 1585 
f 1565 1566 1587 1586 
f 1566 1567 1588 1587 
f 1567 1568 1589 1588 
f 1568 1569 1590 1589 
f 1569 1570 1591 1590 
f 1570 1571 1592 1591 
f 1571 1572 1593 1592 
f 1572 1573 1594 1593 
f 1573 1574 1595 1594 
f 1574 1575 1596 1595 
f 1575 1576 1597 1596 
f 1576 1577 1598 1597 
f 1577 1578 1599 1598 
f 1578 1579 1600 1599 
f 1579 1580 1601 1600 
f 1580 1581 1602 1601 
f 1581 1582 1603 1602 
f 1582 1583 1604 1603 
f 1583 1584 1605 1604 
f 1584 1080 1605 
f 1585 1586 1607 1606 
f 1586 1587 1608 1607 
f 1587 1588 1609 1608 
f 1588 1589 1610 1609 
f 1589 1590 1611 1610 
f 1590 1591 1612 1611 
f 1591 1592 1613 1612 
f 1592 1593 1614 1613 
f 1593 1594 1615 1614 
f 1594 1595 1616 1615 
f 1595 1596 1617 1616 
f 1596 1597 1618 1617 
f 1597 1598 1619 1618 
f 1598 1599 1620 1619 
f 1599 1600 1621 1620 
f 1600 1601 1622 1621 
f 1601 1602 1623 1622 
f 1602 1603 1624 1623 
f 1603 1604 1625 1624 
f 1604 1605 1626 1625 
f 1605 1080 1626 
f 1606 1607 1628 1627 
f 1607 1608 1629 1628 
f 1608 1609 1630 1629 
f 1609 1610 1631 1630 
f 1610 1611 1632 1631 
f 1611 1612 1633 1632 
f 1612 1613 1634 1633 
f 1613 1614 1635 1634 
f 1614 1615 1636 1635 
f 1615 1616 1637 1636 
f 1616 1617 1638 1637 
f 1617 1618 1639 1638 
f 1618 1619 1640 1639 
f 1619 1620 1641 1640 
f 1620 1621 1642 1641 
f 1621 1622 1643 1642 
f 1622 1623 1644 1643 
f 1623 1624 1645 1644 
f 1624 1625 1646 1645 
f 1625 1626 1647 1646 
f 1626 1080 1647 
f 1627 1628 1649 1648 
f 1628 1629 1650 1649 
f 1629 1630 1651 1650 
f 1630 1631 1652 1651 
f 1631 1632 1653 1652 
f 1632 1633 1654 1653 
f 1633 1634 1655 1654 
f 1634 1635 1656 1655 
f 1635 1636 1657 1656 
f 1636 1637 1658 1657 
f 1637 1638 1659 1658 
f 1638 1639 1660 1659 
f 1639 1640 1661 1660 
f 1640 1641 1662 1661 
f 1641 1642 1663 1662 
f 1642 1643 1664 1663 
f 1643 1644 1665 1664 
f 1644 1645 1666 1665 
f 1645 1646 1667 1666 
f 1646 1647 1668 1667 
f 1647 1080 1668 
f 1648 1649 1670 1669 
f 1649 1650 1671 1670 
f 1650 1651 1672 1671 
f 1651 1652 1673 1672 
f 1652 1653 1674 1673 
f 1653 1654 1675 1674 
f 1654 1655 1676 1675 
f 1655 1656 1677 1676 
f 1656 1657 1678 1677 
f 1657 1658 1679 1678 
f 1658 1659 1680 1679 
f 1659 1660 1681 1680 
f 1660 1661 1682 1681 
f 1661 1662 1683 1682 
f 1662 1663 1684 1683 
f 1663 1664 1685 1684 
f 1664 1665 1686 1685 
f 1665 1666 1687 1686 
f 1666 1667 1688 1687 
f 1667 1668 1689 1688 
f 1668 1080 1689 
f 1669 1670 1691 1690 
f 1670 1671 1692 1691 
f 1671 1672 1693 1692 
f 1672 1673 1694 1693 
f 1673 1674 1695 1694 
f 1674 1675 1696 1695 
f 1675 1676 1697 1696 
f 1676 1677 1698 1697 
f 1677 1678 1699 1698 
f 1678 1679 1700 1699 
f 1679 1680 1701 1700 
f 1680 1681 1702 1701 
f 1681 1682 1703 1702 
f 1682 1683 1704 1703 
f 1683 1684 1705 1704 
f 1684 1685 1706 1705 
f 1685 1686 1707 1706 
f 1686 1687 1708 1707 
f 1687 1688 1709 1708 
f 1688 1689 1710 1709 
f 1689 1080 1710 
f 1690 1691 1711 1047 
f 1691 1692 1048 1711 
f 1692 1693 1712 1048 
f 1693 1694 1049 1712 
f 1694 1695 1050 1049 
f 1695 1696 1051 1050 
f 1696 1697 1052 1051 
f 1697 1698 1713 1052 
f 1698 1699 1714 1713 
f 1699 1700 1715 1714 
f 1700 1701 1053 1715 
f 1701 1702 1054 1053 
f 1702 1703 1055 1054 
f 1703 1704 1056 1055 
f 1704 1705 1716 1056 
f 1705 1706 1057 1716 
f 1706 1707 1717 1057 
f 1707 1708 1718 1717 
f 1708 1709 1719 1718 
f 1709 1710 1720 1719 
f 1710 1080 1720 
f 1721 1060 1059 1058 
f 1721 1036 1061 1060 
f 1036 1037 1062 1061 
f 1037 1038 1063 1062 
f 1038 1039 1064 1063 
f 1039 1722 1065 1064 
f 1722 1040 1066 1065 
f 1040 1041 1067 1066 
f 1041 1042 1068 1067 
f 1042 1723 1069 1068 
f 1723 1724 1070 1069 
f 1724 1725 1071 1070 
f 1725 1043 1072 1071 
f 1043 1044 1073 1072 
f 1044 1726 1074 1073 
f 1726 1727 1075 1074 
f 1727 1045 1076 1075 
f 1045 1046 1077 1076 
f 1046 1728 1078 1077 
f 1728 1729 1079 1078 
f 1729 1080 1079 
f 1730 68 129 1731 
s 2
f 1730 71 207 1732 
f 191 206 1732 
s 1
f 1786 1783 1781 1784 
f 1752 1755 1754 1751 
s 4
f 1792 1789 1787 1790 
f 1782 1785 1784 1781 
s 1
f 1804 1801 1799 1802 
f 1794 1797 1796 1793 
s 4
f 1756 1753 1751 1754 
f 1746 1749 1748 1745 
s 1
f 1768 1765 1763 1766 
f 1770 1773 1772 1769 
s 4
f 1774 1771 1769 1772 
f 1776 1779 1778 1775 
f 1780 1777 1775 1778 
f 1800 1803 1802 1799 
f 1762 1759 1757 1760 
f 1764 1767 1766 1763 
s 8
f 1798 1795 1793 1796 
f 1788 1791 1790 1787 
s 1
f 1750 1747 1745 1748 
f 1734 1737 1736 1733 
f 1744 1741 1739 1742 
f 1758 1761 1760 1757 
s 4
f 1738 1735 1733 1736 
f 1740 1743 1742 1739 
s 2
f 1806 1752 1751 
f 1783 1805 1781 
f 1807 1746 1745 
f 1753 1806 1751 
f 1808 1734 1733 
f 1747 1807 1745 
f 1809 1740 1739 
f 1735 1808 1733 
f 1810 1758 1757 
f 1741 1809 1739 
f 1811 1764 1763 
f 1759 1810 1757 
f 1812 1770 1769 
f 1765 1811 1763 
f 1813 1776 1775 
f 1771 1812 1769 
f 1814 1800 1799 
f 1777 1813 1775 
f 1815 1794 1793 
f 1801 1814 1799 
f 1816 1788 1787 
f 1795 1815 1793 
f 1805 1782 1781 
f 1789 1816 1787 
s 1
f 1822 1819 1817 1820 
f 1827 1824 1823 1826 
s 4
f 1834 1831 1829 1832 
f 1818 1821 1820 1817 
s 1
f 1840 1837 1835 1838 
f 1845 1842 1841 1844 
s 4
f 1843 1846 1844 1841 
f 1851 1848 1847 1850 
s 1
f 1849 1852 1850 1847 
f 1857 1854 1853 1856 
s 4
f 1825 1828 1826 1823 
f 1863 1860 1859 1862 
s 1
f 1861 1864 1862 1859 
f 1869 1866 1865 1868 
f 1876 1873 1871 1874 
f 1830 1833 1832 1829 
f 1881 1878 1877 1880 
s 4
f 1867 1870 1868 1865 
f 1887 1884 1883 1886 
f 1879 1882 1880 1877 
f 1836 1839 1838 1835 
f 1855 1858 1856 1853 
f 1872 1875 1874 1871 
s 2
f 1889 1827 1826 
f 1819 1890 1817 
f 1891 1863 1862 
f 1828 1889 1826 
f 1892 1869 1868 
f 1864 1891 1862 
f 1893 1887 1886 
f 1870 1892 1868 
f 1888 1893 1886 
f 1894 1836 1835 
f 1882 1895 1880 
f 1896 1845 1844 
f 1837 1894 1835 
f 1897 1851 1850 
f 1846 1896 1844 
f 1898 1857 1856 
f 1852 1897 1850 
f 1899 1872 1871 
f 1858 1898 1856 
f 1900 1830 1829 
f 1873 1899 1871 
f 1890 1818 1817 
f 1831 1900 1829 
s 1
f 1885 1888 1886 1883 
s 2
f 1895 1881 1880 
s 1
f 1906 1903 1901 1904 
f 1911 1908 1907 1910 
f 1918 1915 1913 1916 
f 1923 1920 1919 1922 
f 1930 1927 1925 1928 
f 1935 1932 1931 1934 
s 4
f 1933 1936 1934 1931 
f 1914 1917 1916 1913 
f 1921 1924 1922 1919 
f 1902 1905 1904 1901 
f 1909 1912 1910 1907 
f 1926 1929 1928 1925 
s 2
f 1937 1911 1910 
f 1903 1938 1901 
f 1939 1926 1925 
f 1912 1937 1910 
f 1940 1935 1934 
f 1927 1939 1925 
f 1941 1914 1913 
f 1936 1940 1934 
f 1942 1923 1922 
f 1915 1941 1913 
f 1938 1902 1901 
f 1924 1942 1922 
s 1
f 140 2078 2080 
s 8
f 2079 2078 140 
s 2
f 1960 1959 1961 
f 2080 2078 2077 
f 1961 1959 1962 
s 1
f 1949 1946 1943 1947 
f 1955 1952 1950 1953 
f 1960 1957 1956 1959 
s 4
f 1968 1965 1963 1966 
f 1951 1954 1953 1950 
s 1
f 1974 1971 1969 1972 
f 1979 1976 1975 1978 
s 4
f 1970 1973 1972 1969 
f 1977 1980 1978 1975 
f 1985 1982 1981 1984 
s 1
f 1992 1989 1987 1990 
f 1964 1967 1966 1963 
s 4
f 1999 1996 1993 1997 
f 1988 1991 1990 1987 
s 1
f 2005 2002 2000 2003 
f 2010 2007 2006 2009 
s 4
f 2008 2011 2009 2006 
f 2016 2013 2012 2015 
s 8
f 1983 1986 1984 1981 
f 2001 2004 2003 2000 
s 1
f 2022 2019 2018 2021 
s 4
f 2020 2023 2021 2018 
f 2028 2025 2024 2027 
s 1
f 2026 2029 2027 2024 
f 2034 2031 2030 2033 
s 4
f 2032 2035 2033 2030 
f 2040 2037 2036 2039 
s 1
f 2038 2041 2039 2036 
f 2046 2043 2042 2045 
s 4
f 2044 2047 2045 2042 
f 2052 2049 2048 2051 
s 8
f 2058 2055 2054 2057 
s 1
f 2050 2053 2051 2048 
f 1994 1998 1997 1993 
s 2
f 2061 2046 2045 2060 
f 2063 2052 2051 
f 2047 2062 2060 2045 
f 2053 2063 2051 
f 2064 1988 1987 
f 2065 1964 1963 
f 1989 2064 1987 
f 1965 2065 1963 
f 1971 2067 1969 
f 2068 2001 2000 
f 1986 2069 1984 
f 2070 2010 2009 
f 2002 2068 2000 
f 2071 2016 2015 
f 2011 2070 2009 
f 2017 2071 2015 
f 2072 2028 2027 
f 2023 2073 2021 
f 2074 2034 2033 
f 2029 2072 2027 
f 2075 2040 2039 
f 2035 2074 2033 
f 2041 2075 2039 
f 2076 2058 2057 
f 2079 2077 2078 
f 2059 2076 2057 
f 2062 2081 2060 
s 4
f 1958 1962 1959 1956 
f 1944 1948 1947 1943 
s 1
f 2014 2017 2015 2012 
s 2
f 2073 2022 2021 
f 2069 1985 1984 
s 4
f 2056 2059 2057 2054 
s 2
f 2067 1970 1969 
f 2061 2060 2081 
f 1979 1978 2066 
f 1952 2084 1950 
f 2066 1978 1980 
f 1995 1993 1996 
f 1951 1950 2084 
f 1994 1993 1995 
f 1946 1945 1943 
f 1944 1943 1945 
f 2083 2082 262 254 
s 1
f 2090 2093 2092 2091 
f 2094 2095 2091 2092 
f 2096 2097 2095 2094 
f 2098 2099 2097 2096 
f 2100 2101 2099 2098 
f 2102 2103 2101 2100 
f 2104 2105 2103 2102 
f 2106 2105 2104 2107 
f 2108 2093 2358 2109 
f 2110 2113 2112 2111 
f 2114 2117 2116 2115 
f 2118 2119 2117 2114 
f 2111 2112 2119 2118 
f 2120 2123 2122 2121 
f 2113 2110 2123 2120 
f 2331 2373 2125 2124 
f 2092 2093 2108 2126 
f 2094 2092 2126 2127 
f 2096 2094 2127 2128 
f 2098 2096 2128 2129 
f 2100 2098 2129 2130 
f 2102 2100 2130 2131 
f 2104 2102 2131 2132 
f 2358 2093 2090 2088 
f 2121 2122 2134 2133 
f 2115 2116 2124 2125 
s 2
f 2135 2138 2137 2136 
s 4
f 2139 2142 2141 2140 
s 2
f 2332 2393 2137 2143 
f 2144 2145 2089 2333 
s 1
f 2146 2148 2334 2147 
f 2149 2150 2148 2146 
f 2151 2154 2153 2152 
f 2155 2158 2157 2156 
f 2156 2157 2150 2149 
f 2152 2153 2158 2155 
f 2159 2161 2160 
f 2162 2159 2154 2151 
f 2161 2164 2163 2160 
s 2
f 2148 2136 2415 2334 
f 2136 2137 2393 2415 
f 2143 2137 2165 
f 2165 2137 2166 
f 2166 2137 2167 
f 2167 2137 2168 
f 2168 2137 2169 
f 2169 2137 2170 
f 2170 2137 2171 
f 2171 2137 2138 
f 2163 2136 2160 
f 2160 2136 2159 
f 2159 2136 2154 
f 2154 2136 2153 
f 2153 2136 2158 
f 2158 2136 2157 
f 2157 2136 2150 
f 2150 2136 2148 
s 1
f 2172 2175 2174 2173 
f 2173 2174 2177 2176 
f 2176 2177 2179 2178 
f 2178 2179 2181 2180 
f 2180 2181 2183 2182 
f 2182 2183 2185 2184 
f 2184 2185 2187 2186 
f 2186 2187 2189 2188 
f 2188 2189 2191 2190 
f 2190 2191 2085 2086 
f 2443 2444 2193 2192 
f 2192 2193 2195 2194 
f 2194 2195 2197 2196 
f 2196 2197 2199 2198 
f 2198 2199 2201 2200 
f 2200 2201 2203 2202 
f 2202 2203 2205 2204 
f 2204 2205 2175 2172 
f 2206 2209 2208 2207 
f 2210 2206 2207 2211 
f 2212 2210 2211 2213 
f 2214 2212 2213 2215 
f 2216 2214 2215 2217 
f 2218 2216 2217 2219 
f 2220 2218 2219 2221 
f 2222 2220 2221 2223 
f 2224 2222 2223 2225 
f 2226 2224 2225 2335 
f 2227 2480 2481 2228 
f 2229 2227 2228 2230 
f 2231 2229 2230 2232 
f 2233 2231 2232 2234 
f 2235 2233 2234 2236 
f 2237 2235 2236 2238 
f 2239 2237 2238 2240 
f 2209 2239 2240 2208 
f 2174 2175 2209 2206 
f 2177 2174 2206 2210 
f 2179 2177 2210 2212 
f 2181 2179 2212 2214 
f 2183 2181 2214 2216 
f 2185 2183 2216 2218 
f 2187 2185 2218 2220 
f 2189 2187 2220 2222 
f 2191 2189 2222 2224 
f 2085 2191 2224 2226 
f 2193 2444 2480 2227 
f 2195 2193 2227 2229 
f 2197 2195 2229 2231 
f 2199 2197 2231 2233 
f 2201 2199 2233 2235 
f 2203 2201 2235 2237 
f 2205 2203 2237 2239 
f 2175 2205 2239 2209 
f 2207 2208 2242 2241 
f 2211 2207 2241 2243 
f 2213 2211 2243 2244 
f 2215 2213 2244 2245 
f 2217 2215 2245 2246 
f 2219 2217 2246 2247 
f 2221 2219 2247 2248 
f 2223 2221 2248 2249 
f 2225 2223 2249 2250 
f 2335 2225 2250 2505 
f 2228 2481 2506 2251 
f 2230 2228 2251 2252 
f 2232 2230 2252 2253 
f 2234 2232 2253 2254 
f 2236 2234 2254 2255 
f 2238 2236 2255 2256 
f 2240 2238 2256 2257 
f 2208 2240 2257 2242 
f 2258 2259 2336 2087 
f 2242 2261 2260 2241 
f 2241 2260 2262 2243 
f 2243 2262 2263 2244 
f 2244 2263 2264 2245 
f 2245 2264 2265 2246 
f 2246 2265 2266 2247 
f 2247 2266 2267 2248 
f 2248 2267 2268 2249 
f 2249 2268 2269 2250 
f 2250 2269 2270 2505 
f 2506 2526 2271 2251 
f 2251 2271 2272 2252 
f 2252 2272 2273 2253 
f 2253 2273 2274 2254 
f 2254 2274 2275 2255 
f 2255 2275 2276 2256 
f 2256 2276 2277 2257 
f 2257 2277 2261 2242 
f 2261 2259 2258 2260 
f 2260 2258 2262 
f 2262 2258 2263 
f 2263 2258 2264 
f 2264 2258 2265 
f 2265 2258 2266 
f 2266 2258 2267 
f 2267 2258 2268 
f 2268 2258 2269 
f 2269 2258 2087 2270 
f 2526 2336 2259 2271 
f 2271 2259 2272 
f 2272 2259 2273 
f 2273 2259 2274 
f 2274 2259 2275 
f 2275 2259 2276 
f 2276 2259 2277 
f 2277 2259 2261 
f 2172 2132 2131 2204 
f 2204 2131 2130 2202 
f 2202 2130 2129 2200 
f 2200 2129 2128 2198 
f 2198 2128 2127 2196 
f 2196 2127 2126 2194 
f 2194 2126 2108 2192 
f 2192 2108 2109 2443 
f 2086 2331 2124 2190 
f 2190 2124 2116 2188 
f 2188 2116 2117 2186 
f 2186 2117 2119 2184 
f 2184 2119 2112 2182 
f 2182 2112 2113 2180 
f 2180 2113 2120 2178 
f 2178 2120 2121 2176 
f 2176 2121 2133 2173 
f 2173 2133 2132 2172 
s 2
f 2278 2281 2280 2279 
f 2282 2283 2145 2144 
f 2278 2279 2283 2282 
f 2280 2281 2285 2284 
f 2284 2285 2287 2286 
f 2286 2287 2289 2288 
f 2288 2289 2291 2290 
f 2290 2291 2292 
s 1
f 2107 2104 2132 
f 2106 2295 2294 2293 
s 4
f 2140 2298 2297 2296 
f 2141 2299 2294 2295 
f 2142 2302 2301 2300 
s 1
f 2303 2329 2301 2302 
s 2
f 2290 2300 2301 2329 
f 2292 2293 2294 2299 
s 1
f 2091 2305 2304 2090 
f 2095 2306 2305 2091 
f 2097 2307 2306 2095 
f 2099 2308 2307 2097 
f 2101 2309 2308 2099 
f 2103 2310 2309 2101 
f 2105 2311 2310 2103 
f 2107 2298 2295 2106 
f 2106 2293 2311 2105 
f 2111 2313 2312 2110 
f 2115 2315 2314 2114 
f 2114 2314 2316 2118 
f 2118 2316 2313 2111 
f 2123 2318 2317 2122 
f 2110 2312 2318 2123 
f 2373 2337 2319 2125 
f 2090 2304 2577 2088 
f 2122 2317 2320 2134 
f 2125 2319 2315 2115 
s 2
f 2135 2321 2320 2138 
s 4
f 2140 2296 2322 2139 
f 2141 2295 2298 2140 
f 2142 2300 2299 2141 
s 2
f 2143 2319 2337 2332 
f 2333 2577 2304 2144 
f 2145 2323 2338 2089 
s 1
f 2147 2338 2323 2146 
f 2146 2323 2324 2149 
f 2152 2326 2325 2151 
f 2156 2328 2327 2155 
f 2149 2324 2328 2156 
f 2155 2327 2326 2152 
f 2162 2330 2329 2303 
f 2151 2325 2330 2162 
s 2
f 2165 2315 2319 2143 
f 2166 2314 2315 2165 
f 2167 2316 2314 2166 
f 2168 2313 2316 2167 
f 2169 2312 2313 2168 
f 2170 2318 2312 2169 
f 2171 2317 2318 2170 
f 2138 2320 2317 2171 
f 2280 2327 2328 2279 
f 2278 2306 2307 2281 
f 2144 2304 2305 2282 
f 2283 2324 2323 2145 
f 2282 2305 2306 2278 
f 2279 2328 2324 2283 
f 2284 2326 2327 2280 
f 2281 2307 2308 2285 
f 2286 2325 2326 2284 
f 2285 2308 2309 2287 
f 2288 2330 2325 2286 
f 2287 2309 2310 2289 
f 2290 2329 2330 2288 
f 2289 2310 2311 2291 
f 2292 2299 2300 2290 
f 2291 2311 2293 2292 
s 1
f 2134 2320 2321 2107 
f 2107 2321 2297 
s 2
f 2135 2296 2297 2321 
s 1
f 2107 2297 2298 
f 2107 2132 2133 2134 
s 2
f 2135 2322 2296 
s 4
f 2139 2322 2163 2164 
s 2
f 2163 2322 2135 2136 
s 4
f 2139 2164 2302 2142 
s 1
f 2164 2161 2303 2302 
f 2161 2159 2162 2303 
f 2339 2342 2341 2340 
f 2343 2341 2342 2344 
f 2345 2343 2344 2346 
f 2347 2345 2346 2348 
f 2349 2347 2348 2350 
f 2351 2349 2350 2352 
f 2353 2351 2352 2354 
f 2355 2356 2353 2354 
f 2357 2109 2358 2340 
f 2359 2362 2361 2360 
f 2363 2366 2365 2364 
f 2367 2363 2364 2368 
f 2362 2367 2368 2361 
f 2369 2372 2371 2370 
f 2360 2369 2370 2359 
f 2331 2375 2374 2373 
f 2341 2376 2357 2340 
f 2343 2377 2376 2341 
f 2345 2378 2377 2343 
f 2347 2379 2378 2345 
f 2349 2380 2379 2347 
f 2351 2381 2380 2349 
f 2353 2382 2381 2351 
f 2358 2088 2339 2340 
f 2372 2384 2383 2371 
f 2366 2374 2375 2365 
s 2
f 2385 2388 2387 2386 
s 4
f 2389 2392 2391 2390 
s 2
f 2332 2394 2387 2393 
f 2395 2333 2089 2396 
s 1
f 2397 2147 2334 2398 
f 2399 2397 2398 2400 
f 2401 2404 2403 2402 
f 2405 2408 2407 2406 
f 2408 2399 2400 2407 
f 2404 2405 2406 2403 
f 2409 2411 2410 
f 2412 2401 2402 2409 
f 2410 2411 2414 2413 
s 2
f 2398 2334 2415 2388 
f 2388 2415 2393 2387 
f 2394 2416 2387 
f 2416 2417 2387 
f 2417 2418 2387 
f 2418 2419 2387 
f 2419 2420 2387 
f 2420 2421 2387 
f 2421 2422 2387 
f 2422 2386 2387 
f 2414 2411 2388 
f 2411 2409 2388 
f 2409 2402 2388 
f 2402 2403 2388 
f 2403 2406 2388 
f 2406 2407 2388 
f 2407 2400 2388 
f 2400 2398 2388 
s 1
f 2423 2426 2425 2424 
f 2426 2428 2427 2425 
f 2428 2430 2429 2427 
f 2430 2432 2431 2429 
f 2432 2434 2433 2431 
f 2434 2436 2435 2433 
f 2436 2438 2437 2435 
f 2438 2440 2439 2437 
f 2440 2442 2441 2439 
f 2442 2086 2085 2441 
f 2443 2446 2445 2444 
f 2446 2448 2447 2445 
f 2448 2450 2449 2447 
f 2450 2452 2451 2449 
f 2452 2454 2453 2451 
f 2454 2456 2455 2453 
f 2456 2458 2457 2455 
f 2458 2423 2424 2457 
f 2459 2462 2461 2460 
f 2463 2464 2462 2459 
f 2465 2466 2464 2463 
f 2467 2468 2466 2465 
f 2469 2470 2468 2467 
f 2471 2472 2470 2469 
f 2473 2474 2472 2471 
f 2475 2476 2474 2473 
f 2477 2478 2476 2475 
f 2226 2335 2478 2477 
f 2479 2482 2481 2480 
f 2483 2484 2482 2479 
f 2485 2486 2484 2483 
f 2487 2488 2486 2485 
f 2489 2490 2488 2487 
f 2491 2492 2490 2489 
f 2493 2494 2492 2491 
f 2460 2461 2494 2493 
f 2425 2459 2460 2424 
f 2427 2463 2459 2425 
f 2429 2465 2463 2427 
f 2431 2467 2465 2429 
f 2433 2469 2467 2431 
f 2435 2471 2469 2433 
f 2437 2473 2471 2435 
f 2439 2475 2473 2437 
f 2441 2477 2475 2439 
f 2085 2226 2477 2441 
f 2445 2479 2480 2444 
f 2447 2483 2479 2445 
f 2449 2485 2483 2447 
f 2451 2487 2485 2449 
f 2453 2489 2487 2451 
f 2455 2491 2489 2453 
f 2457 2493 2491 2455 
f 2424 2460 2493 2457 
f 2462 2496 2495 2461 
f 2464 2497 2496 2462 
f 2466 2498 2497 2464 
f 2468 2499 2498 2466 
f 2470 2500 2499 2468 
f 2472 2501 2500 2470 
f 2474 2502 2501 2472 
f 2476 2503 2502 2474 
f 2478 2504 2503 2476 
f 2335 2505 2504 2478 
f 2482 2507 2506 2481 
f 2484 2508 2507 2482 
f 2486 2509 2508 2484 
f 2488 2510 2509 2486 
f 2490 2511 2510 2488 
f 2492 2512 2511 2490 
f 2494 2513 2512 2492 
f 2461 2495 2513 2494 
f 2514 2087 2336 2515 
f 2495 2496 2517 2516 
f 2496 2497 2518 2517 
f 2497 2498 2519 2518 
f 2498 2499 2520 2519 
f 2499 2500 2521 2520 
f 2500 2501 2522 2521 
f 2501 2502 2523 2522 
f 2502 2503 2524 2523 
f 2503 2504 2525 2524 
f 2504 2505 2270 2525 
f 2506 2507 2527 2526 
f 2507 2508 2528 2527 
f 2508 2509 2529 2528 
f 2509 2510 2530 2529 
f 2510 2511 2531 2530 
f 2511 2512 2532 2531 
f 2512 2513 2533 2532 
f 2513 2495 2516 2533 
f 2516 2517 2514 2515 
f 2517 2518 2514 
f 2518 2519 2514 
f 2519 2520 2514 
f 2520 2521 2514 
f 2521 2522 2514 
f 2522 2523 2514 
f 2523 2524 2514 
f 2524 2525 2514 
f 2525 2270 2087 2514 
f 2526 2527 2515 2336 
f 2527 2528 2515 
f 2528 2529 2515 
f 2529 2530 2515 
f 2530 2531 2515 
f 2531 2532 2515 
f 2532 2533 2515 
f 2533 2516 2515 
f 2423 2458 2381 2382 
f 2458 2456 2380 2381 
f 2456 2454 2379 2380 
f 2454 2452 2378 2379 
f 2452 2450 2377 2378 
f 2450 2448 2376 2377 
f 2448 2446 2357 2376 
f 2446 2443 2109 2357 
f 2086 2442 2375 2331 
f 2442 2440 2365 2375 
f 2440 2438 2364 2365 
f 2438 2436 2368 2364 
f 2436 2434 2361 2368 
f 2434 2432 2360 2361 
f 2432 2430 2369 2360 
f 2430 2428 2372 2369 
f 2428 2426 2384 2372 
f 2426 2423 2382 2384 
s 2
f 2534 2537 2536 2535 
f 2538 2395 2396 2539 
f 2534 2538 2539 2537 
f 2536 2541 2540 2535 
f 2541 2543 2542 2540 
f 2543 2545 2544 2542 
f 2545 2547 2546 2544 
f 2547 2548 2546 
s 1
f 2356 2382 2353 
f 2355 2551 2550 2549 
s 4
f 2392 2554 2553 2552 
f 2391 2549 2550 2555 
f 2390 2558 2557 2556 
s 1
f 2559 2556 2557 2560 
s 2
f 2547 2560 2557 2558 
f 2548 2555 2550 2551 
s 1
f 2342 2339 2562 2561 
f 2344 2342 2561 2563 
f 2346 2344 2563 2564 
f 2348 2346 2564 2565 
f 2350 2348 2565 2566 
f 2352 2350 2566 2567 
f 2354 2352 2567 2568 
f 2356 2355 2549 2552 
f 2355 2354 2568 2551 
f 2362 2359 2570 2569 
f 2366 2363 2572 2571 
f 2363 2367 2573 2572 
f 2367 2362 2569 2573 
f 2370 2371 2575 2574 
f 2359 2370 2574 2570 
f 2373 2374 2576 2337 
f 2339 2088 2577 2562 
f 2371 2383 2578 2575 
f 2374 2366 2571 2576 
s 2
f 2385 2386 2578 2579 
s 4
f 2392 2389 2580 2554 
f 2391 2392 2552 2549 
f 2390 2391 2555 2558 
s 2
f 2394 2332 2337 2576 
f 2333 2395 2562 2577 
f 2396 2089 2338 2581 
s 1
f 2147 2397 2581 2338 
f 2397 2399 2582 2581 
f 2404 2401 2584 2583 
f 2408 2405 2586 2585 
f 2399 2408 2585 2582 
f 2405 2404 2583 2586 
f 2412 2559 2560 2587 
f 2401 2412 2587 2584 
s 2
f 2416 2394 2576 2571 
f 2417 2416 2571 2572 
f 2418 2417 2572 2573 
f 2419 2418 2573 2569 
f 2420 2419 2569 2570 
f 2421 2420 2570 2574 
f 2422 2421 2574 2575 
f 2386 2422 2575 2578 
f 2536 2537 2585 2586 
f 2534 2535 2564 2563 
f 2395 2538 2561 2562 
f 2539 2396 2581 2582 
f 2538 2534 2563 2561 
f 2537 2539 2582 2585 
f 2541 2536 2586 2583 
f 2535 2540 2565 2564 
f 2543 2541 2583 2584 
f 2540 2542 2566 2565 
f 2545 2543 2584 2587 
f 2542 2544 2567 2566 
f 2547 2545 2587 2560 
f 2544 2546 2568 2567 
f 2548 2547 2558 2555 
f 2546 2548 2551 2568 
s 1
f 2383 2356 2579 2578 
f 2356 2553 2579 
s 2
f 2385 2579 2553 2554 
s 1
f 2356 2552 2553 
f 2356 2383 2384 2382 
s 2
f 2385 2554 2580 
s 4
f 2389 2413 2414 2580 
s 2
f 2414 2388 2385 2580 
s 4
f 2389 2390 2556 2413 
s 1
f 2413 2556 2559 2410 
f 2410 2559 2412 2409 
f 2588 2590 2589 6636 
f 2590 2592 2591 2589 
f 2592 2594 2593 2591 
f 2594 2596 2595 2593 
f 2596 2598 2597 2595 
f 2599 2602 2601 2600 
f 2602 2604 2603 2601 
f 2604 2606 2605 2603 
f 2606 2608 2607 2605 
f 2608 2610 2609 2607 
f 2610 2612 2611 2609 
f 2612 2614 2613 2611 
f 2615 2618 2617 2616 
f 2618 2620 2619 2617 
f 2620 2622 2621 2619 
f 2622 6669 6670 2621 
f 6671 2625 2624 2623 
f 2625 2627 2626 2624 
f 2627 2629 2628 2626 
f 2629 2631 2630 2628 
f 2631 2633 2632 2630 
f 2634 2637 2636 2635 
f 2637 2639 2638 2636 
f 2639 2641 2640 2638 
f 2641 2643 2642 2640 
f 2643 2645 2644 2642 
f 2645 2647 2646 2644 
f 2647 2649 2648 2646 
f 2650 2653 2652 2651 
f 2653 2655 2654 2652 
f 2655 2657 2656 2654 
f 2657 6706 6707 2656 
f 2658 2660 2659 6710 
f 2661 2662 2660 2658 
f 2663 2664 2662 2661 
f 2665 2666 2664 2663 
f 2667 2670 2669 2668 
f 2671 2672 2670 2667 
f 2673 2674 2672 2671 
f 2675 2676 2674 2673 
f 2677 2678 2676 2675 
f 2679 2680 2678 2677 
f 2681 2682 2680 2679 
f 2683 2686 2685 2684 
f 2687 2688 2686 2683 
f 2689 2690 2688 2687 
f 2691 2692 2690 2689 
f 6743 2693 2692 2691 
f 2624 2658 6710 2623 
f 2626 2661 2658 2624 
f 2628 2663 2661 2626 
f 2630 2665 2663 2628 
f 2635 2667 2668 2632 
f 2636 2671 2667 2635 
f 2638 2673 2671 2636 
f 2640 2675 2673 2638 
f 2642 2677 2675 2640 
f 2644 2679 2677 2642 
f 2646 2681 2679 2644 
f 2651 2683 2684 2648 
f 2652 2687 2683 2651 
f 2654 2689 2687 2652 
f 2656 2691 2689 2654 
f 6707 6743 2691 2656 
f 2660 2695 2694 2659 
f 2662 2696 2695 2660 
f 2664 2697 2696 2662 
f 2666 2698 2697 2664 
f 2670 2700 2699 2669 
f 2672 2701 2700 2670 
f 2674 2702 2701 2672 
f 2676 2703 2702 2674 
f 2678 2704 2703 2676 
f 2680 2705 2704 2678 
f 2682 2706 2705 2680 
f 2686 2708 2707 2685 
f 2688 2709 2708 2686 
f 2690 2710 2709 2688 
f 2692 2711 2710 2690 
f 2693 6761 2711 2692 
f 2712 2713 6764 6765 
f 2714 2715 2713 2712 
f 2716 2717 2715 2714 
f 2718 2719 2717 2716 
f 2720 2723 2722 2721 
f 2724 2725 2723 2720 
f 2726 2727 2725 2724 
f 2728 2729 2727 2726 
f 2730 2731 2729 2728 
f 2732 2733 2731 2730 
f 2734 2735 2733 2732 
f 2736 2739 2738 2737 
f 2740 2741 2739 2736 
f 2742 2743 2741 2740 
f 2744 2745 2743 2742 
f 6798 6799 2745 2744 
f 2589 2712 6765 6636 
f 2591 2714 2712 2589 
f 2593 2716 2714 2591 
f 2595 2718 2716 2593 
f 2600 2720 2721 2597 
f 2601 2724 2720 2600 
f 2603 2726 2724 2601 
f 2605 2728 2726 2603 
f 2607 2730 2728 2605 
f 2609 2732 2730 2607 
f 2611 2734 2732 2609 
f 2616 2736 2737 2613 
f 2617 2740 2736 2616 
f 2619 2742 2740 2617 
f 2621 2744 2742 2619 
f 6670 6798 2744 2621 
f 2713 2625 6671 6764 
f 2715 2627 2625 2713 
f 2717 2629 2627 2715 
f 2719 2631 2629 2717 
f 2723 2634 2633 2722 
f 2725 2637 2634 2723 
f 2727 2639 2637 2725 
f 2729 2641 2639 2727 
f 2731 2643 2641 2729 
f 2733 2645 2643 2731 
f 2735 2647 2645 2733 
f 2739 2650 2649 2738 
f 2741 2653 2650 2739 
f 2743 2655 2653 2741 
f 2745 2657 2655 2743 
f 6799 6706 2657 2745 
f 2746 2748 2747 
f 2749 2752 2751 2750 
f 2753 2754 2752 2749 
f 2755 2756 2754 2753 
f 2757 2758 2756 2755 
f 2759 2760 2758 2757 
f 2761 2762 2760 2759 
f 2763 2764 2762 2761 
f 2765 2766 2764 2763 
f 2767 2768 2766 2765 
f 2769 2770 2768 2767 
f 2771 2774 2773 2772 
f 2775 2776 2774 2771 
f 2777 2778 2776 2775 
f 2779 2780 2778 2777 
f 2756 2783 2782 2781 
f 2758 2784 2783 2756 
f 2760 2785 2784 2758 
f 2762 2786 2785 2760 
f 2764 2787 2786 2762 
f 2766 2788 2787 2764 
f 2768 2789 2788 2766 
f 2770 2790 2789 2768 
f 2774 2792 2791 2773 
f 2776 2793 2792 2774 
f 2778 2794 2793 2776 
f 2780 2795 2794 2778 
f 2796 2799 2798 2797 
f 2796 2801 2800 2799 
f 2801 2803 2802 2800 
f 2803 2805 2804 2802 
f 2805 2807 2806 2804 
f 2808 2811 2810 2809 
f 2811 2813 2812 2810 
f 2813 2815 2814 2812 
f 2815 2817 2816 2814 
f 2817 2819 2818 2816 
f 2819 2821 2820 2818 
f 2821 2823 2822 2820 
f 2823 2825 2824 2822 
f 2826 2829 2828 2827 
f 2826 2827 2831 2830 
f 2832 2835 2834 2833 
f 2836 2839 2838 2837 
f 2840 2843 2842 2841 
f 2844 2847 2846 2845 
f 2848 2851 2850 2849 
f 2852 2855 2854 2853 
f 2856 2859 2858 2857 
f 2860 2844 2845 2831 
f 2835 2848 2849 2834 
f 2839 2852 2853 2838 
f 2843 2856 2857 2842 
f 2847 2836 2837 2846 
f 2851 2840 2841 2850 
f 2855 2832 2833 2854 
f 2859 2862 2861 2858 
f 2863 2866 2865 2864 
f 2867 2870 2869 2868 
f 2871 2874 2873 2872 
f 2875 2878 2877 2876 
f 2879 2882 2881 2880 
f 2883 2886 2885 2884 
f 2866 2888 2887 2865 
f 2889 2892 2891 2890 
f 2893 2896 2895 2894 
f 2897 2900 2899 2898 
f 2901 2904 2903 2902 
f 2905 2908 2907 2906 
f 2909 2910 2907 2908 
f 2876 2889 2890 2869 
f 2880 2893 2894 2873 
f 2884 2897 2898 2877 
f 2868 2901 2902 2881 
f 2911 2908 2905 2885 
f 2888 2913 2912 2887 
f 2914 2915 2908 
f 2916 2914 2908 2911 
f 2917 2918 2911 
f 2918 2919 2911 
f 2919 2916 2911 
f 2920 2923 2922 2921 
f 2924 2926 2925 
f 2921 2928 2927 
f 2827 2929 2860 2831 
f 2834 2931 2930 2833 
f 2838 2933 2932 2837 
f 2842 2935 2934 2841 
f 2846 2937 2936 2845 
f 2850 2939 2938 2849 
f 2854 2941 2940 2853 
f 2858 2943 2942 2857 
f 2845 2936 2830 2831 
f 2849 2938 2931 2834 
f 2853 2940 2933 2838 
f 2857 2942 2935 2842 
f 2837 2932 2937 2846 
f 2841 2934 2939 2850 
f 2833 2930 2941 2854 
f 2861 2944 2943 2858 
f 2925 2946 2945 2922 
f 2947 2911 2949 2948 
f 2861 2862 2951 2950 
f 2952 2955 10964 10963 
f 2956 10966 10965 2957 
f 2957 10965 10967 2960 
f 2960 10967 10968 2962 
f 2962 10968 10969 2964 
f 2964 10969 10970 2966 
f 2966 10970 10971 2968 
f 2968 10971 10972 2970 
f 2972 10974 10973 2973 
f 2976 10976 10975 2977 
f 2980 10977 10976 2976 
f 2982 10978 10977 2980 
f 2984 10979 10978 2982 
f 2986 10980 10979 2984 
f 2988 10981 10980 2986 
f 2990 10982 10981 2988 
f 2992 10983 10982 2990 
f 2994 10984 10983 2992 
f 2996 10985 10984 2994 
f 2998 10986 10985 2996 
f 3000 10987 10986 2998 
f 3002 10988 10987 3000 
f 3004 10989 10988 3002 
f 3006 10990 10989 3004 
f 3008 10991 10990 3006 
f 3010 10993 10992 3011 
f 3014 3017 10995 10994 
f 3018 10997 10996 3019 
f 3022 10999 10998 3023 
f 3026 11001 11000 3027 
f 3030 11003 11002 3031 
f 3034 11005 11004 3035 
f 3038 11007 11006 3039 
f 3014 10994 11008 3042 
f 3044 11010 11009 
f 3047 3050 3049 3048 
f 3014 3042 3052 3051 
f 3053 3056 3055 3054 
f 3057 3060 3059 3058 
f 3061 3064 3063 3062 
f 3065 3068 3067 3066 
f 3069 3072 3071 3070 
f 3072 3074 3073 3071 
f 3074 3076 3075 3073 
f 3076 3078 3077 3075 
f 3078 3080 3079 3077 
f 3080 3082 3081 3079 
f 3083 3086 3085 3084 
f 3086 3088 3087 3085 
f 3088 3090 3089 3087 
f 3090 3092 3091 3089 
f 3092 3094 3093 3091 
f 3094 3096 3095 3093 
f 3097 3100 3099 3098 
f 3101 3102 3100 3097 
f 3103 3104 3102 3101 
f 3105 3106 3104 3103 
f 3107 3108 3106 3105 
f 3109 3110 3108 3107 
f 3081 3082 3112 3111 
f 3109 3095 3114 3113 
f 3115 3118 3117 3116 
f 3119 3122 3121 3120 
f 3123 3126 3125 3124 
f 3127 3130 3129 3128 
f 3131 3134 3133 3132 
f 3135 3138 3137 3136 
f 3139 3142 3141 3140 
f 3143 3146 3145 3144 
f 3147 3148 3146 3143 
f 3149 3150 3148 3147 
f 3151 3152 3150 3149 
f 3153 3154 3152 3151 
f 3155 3156 3154 3153 
f 3157 3158 3156 3155 
f 3159 3160 3158 3157 
f 3161 3162 3160 3159 
f 3163 3164 3162 3161 
f 3165 3166 3164 3163 
f 3167 3168 3166 3165 
f 3169 3170 3168 3167 
f 3171 3172 3170 3169 
f 3173 3174 3172 3171 
f 3175 3176 3174 3173 
f 3176 3175 3178 3177 
f 3179 3180 3133 
f 3181 3179 3133 
f 3182 3181 3133 
f 3182 3133 3177 3183 
f 3184 3133 3180 
f 3185 3188 3187 3186 
f 3189 3190 3187 3188 
f 3191 3192 3190 3189 
f 3193 3194 3192 3191 
f 3195 3198 3197 3196 
f 3199 3200 3198 3195 
f 3201 3202 3200 3199 
f 3203 3206 3205 3204 
f 3207 3208 3206 3203 
f 3209 3210 3208 3207 
f 3211 3212 3210 3209 
f 3213 3214 3212 3211 
f 3215 3118 3214 3213 
f 3215 3110 3217 3216 
f 3218 3221 3220 3219 
f 3222 3225 3224 3223 
f 3226 3227 3225 3222 
f 3228 3229 3227 3226 
f 3230 3231 3229 3228 
f 3232 3235 3234 3233 
f 3236 3237 3235 3232 
f 3238 3241 3240 3239 
f 3242 3243 3240 3241 
f 3244 3245 3243 3242 
f 3246 3247 3245 3244 
f 3248 3249 3247 3246 
f 3250 3251 3249 3248 
f 3252 3253 3251 3250 
f 3254 3255 3253 3252 
f 3256 3257 3255 3254 
f 3258 3259 3257 3256 
f 3260 3261 3259 3258 
f 3262 3263 3261 3260 
f 3264 3265 3263 3262 
f 3266 3267 3265 3264 
f 3268 3269 3267 3266 
f 3270 3271 3269 3268 
f 3272 3275 3274 3273 
f 3276 3277 3275 3272 
f 3278 3279 3277 3276 
f 3280 3281 3279 3278 
f 3282 3283 3281 3280 
f 3284 3285 3283 3282 
f 3286 3287 3285 3284 
f 3288 3289 3287 3286 
f 3290 3291 3289 3288 
f 3292 3293 3291 3290 
f 3294 3295 3293 3292 
f 3296 3297 3295 3294 
f 3298 3299 3297 3296 
f 3300 3301 3299 3298 
f 3302 3303 3301 3300 
f 3304 3305 3303 3302 
f 3304 3308 3307 3306 
f 3309 3305 3311 3310 
f 3273 3274 3313 3312 
f 3238 3239 3315 3314 
f 3316 3318 3317 
f 3319 3322 3321 3320 
f 3323 3326 3325 3324 
f 3327 3330 3329 3328 
f 3331 3334 3333 3332 
f 3335 3338 3337 3336 
f 3339 3342 3341 3340 
f 3343 3346 3345 3344 
f 3347 3350 3349 3348 
f 3351 3354 3353 3352 
f 3355 3351 3352 3356 
f 3357 3355 3356 3358 
f 3359 3357 3358 3360 
f 3361 3359 3360 3362 
f 3363 3361 3362 3364 
f 3365 3363 3364 3366 
f 3367 3365 3366 3368 
f 3369 3367 3368 3370 
f 3371 3369 3370 3372 
f 3373 3371 3372 3374 
f 3375 3373 3374 3376 
f 3377 3375 3376 3378 
f 3379 3377 3378 3380 
f 3381 3379 3380 3382 
f 3383 3381 3382 3384 
f 3350 3386 3385 3349 
f 3354 3388 3387 3353 
f 3193 3390 3389 3196 
f 3391 3394 3393 3392 
f 3395 3398 3397 3396 
f 3399 3402 3401 3400 
f 3390 3404 3403 3389 
f 3405 3407 3323 3406 
f 3408 3411 3410 3409 
f 3050 3413 3412 3049 
f 3056 3415 3414 3055 
f 3416 3418 3417 3063 
f 3419 3422 3421 3420 
f 3085 3097 3098 3084 
f 3087 3101 3097 3085 
f 3089 3103 3101 3087 
f 3091 3105 3103 3089 
f 3093 3107 3105 3091 
f 3095 3109 3107 3093 
f 3095 3096 3423 3114 
f 3126 3425 3424 3125 
f 3138 3427 3426 3137 
f 3420 3429 3428 3419 
f 3044 11012 11011 
f 3044 11013 11010 
f 3100 3203 3204 3099 
f 3102 3207 3203 3100 
f 3104 3209 3207 3102 
f 3106 3211 3209 3104 
f 3108 3213 3211 3106 
f 3110 3215 3213 3108 
f 3110 3109 3113 3217 
f 3221 3123 3124 3220 
f 3334 3047 3048 3333 
f 3338 3061 3414 3337 
f 3342 3433 3064 3341 
f 3434 3428 3429 3435 
f 3435 3437 3436 3434 
f 3042 3331 3332 3052 
f 3066 3335 3336 3059 
f 3438 3339 3340 3067 
f 3439 3436 3437 3440 
f 3118 3215 3216 3117 
f 3130 3218 3219 3129 
f 3206 3442 3441 3205 
f 3208 3443 3442 3206 
f 3210 3444 3443 3208 
f 3212 3445 3444 3210 
f 3214 3446 3445 3212 
f 3118 3115 3446 3214 
f 3440 3448 3447 3439 
f 3044 11011 11014 
f 3044 11009 11012 
f 3064 3433 3416 3063 
f 3068 3450 3438 3067 
f 3341 3338 3335 3340 
f 3417 3451 3062 3063 
f 3064 3061 3338 3341 
f 3340 3335 3066 3067 
f 3055 3062 3451 3054 
f 3060 3065 3066 3059 
f 3337 3453 3452 3336 
f 3414 3061 3062 3055 
f 3414 3415 3453 3337 
f 3336 3452 3058 3059 
f 3236 3455 3454 3237 
f 3184 3456 3133 
f 3457 3460 3459 3458 
f 3461 3462 3460 3457 
f 3463 3464 3462 3461 
f 3465 3466 3464 3463 
f 3467 3470 3469 3468 
f 3471 3472 3470 3467 
f 3473 3474 3472 3471 
f 3475 3478 3477 3476 
f 3479 3480 3478 3475 
f 3481 3482 3480 3479 
f 3483 3484 3482 3481 
f 3485 3486 3484 3483 
f 3487 3488 3486 3485 
f 3489 3490 3488 3487 
f 3491 3492 3490 3489 
f 3493 3494 3492 3491 
f 3495 3496 3494 3493 
f 3497 3498 3496 3495 
f 3499 3500 3498 3497 
f 3501 3502 3500 3499 
f 3503 3504 3502 3501 
f 3505 3506 3504 3503 
f 3507 3308 3506 3505 
f 3507 3271 3509 3508 
f 3476 3477 3511 3510 
f 3225 3513 3512 3224 
f 3227 3514 3513 3225 
f 3229 3515 3514 3227 
f 3231 3516 3515 3229 
f 3235 3518 3517 3234 
f 3237 3519 3518 3235 
f 3275 3521 3520 3274 
f 3277 3522 3521 3275 
f 3279 3523 3522 3277 
f 3281 3524 3523 3279 
f 3283 3525 3524 3281 
f 3285 3526 3525 3283 
f 3287 3527 3526 3285 
f 3289 3528 3527 3287 
f 3291 3529 3528 3289 
f 3293 3530 3529 3291 
f 3295 3531 3530 3293 
f 3297 3532 3531 3295 
f 3299 3533 3532 3297 
f 3301 3534 3533 3299 
f 3303 3535 3534 3301 
f 3305 3309 3535 3303 
f 3305 3304 3306 3311 
f 3454 3536 3519 3237 
f 3537 3540 3539 3538 
f 3187 3457 3458 3186 
f 3190 3461 3457 3187 
f 3192 3463 3461 3190 
f 3194 3465 3463 3192 
f 3198 3467 3468 3197 
f 3200 3471 3467 3198 
f 3202 3473 3471 3200 
f 3240 3475 3476 3239 
f 3243 3479 3475 3240 
f 3245 3481 3479 3243 
f 3247 3483 3481 3245 
f 3249 3485 3483 3247 
f 3251 3487 3485 3249 
f 3253 3489 3487 3251 
f 3255 3491 3489 3253 
f 3257 3493 3491 3255 
f 3259 3495 3493 3257 
f 3261 3497 3495 3259 
f 3263 3499 3497 3261 
f 3265 3501 3499 3263 
f 3267 3503 3501 3265 
f 3269 3505 3503 3267 
f 3271 3507 3505 3269 
f 3308 3507 3508 3307 
f 3239 3476 3510 3315 
f 3460 3222 3223 3459 
f 3462 3226 3222 3460 
f 3464 3228 3226 3462 
f 3466 3230 3228 3464 
f 3470 3232 3233 3469 
f 3472 3236 3232 3470 
f 3474 3455 3236 3472 
f 3478 3272 3273 3477 
f 3480 3276 3272 3478 
f 3482 3278 3276 3480 
f 3484 3280 3278 3482 
f 3486 3282 3280 3484 
f 3488 3284 3282 3486 
f 3490 3286 3284 3488 
f 3492 3288 3286 3490 
f 3494 3290 3288 3492 
f 3496 3292 3290 3494 
f 3498 3294 3292 3496 
f 3500 3296 3294 3498 
f 3502 3298 3296 3500 
f 3504 3300 3298 3502 
f 3506 3302 3300 3504 
f 3308 3304 3302 3506 
f 3271 3270 3541 3509 
f 3477 3273 3312 3511 
f 3540 3135 3136 3539 
f 3142 3537 3538 3141 
f 3542 3545 3544 3543 
f 3546 3406 3548 3547 
f 3549 3552 3551 3550 
f 3553 3556 3555 3554 
f 3557 3558 3199 3195 
f 3197 3194 3193 3196 
f 3234 3231 3230 3233 
f 3389 3557 3195 3196 
f 3394 3542 3543 3393 
f 3398 3546 3547 3397 
f 3403 3559 3552 3549 
f 3406 3546 3560 3405 
f 3469 3466 3465 3468 
f 3517 3516 3231 3234 
f 3468 3465 3194 3197 
f 3233 3230 3466 3469 
f 3545 3562 3561 3544 
f 3406 3323 3324 3548 
f 3550 3551 3564 3563 
f 3398 3395 3566 3565 
f 3554 3555 3568 3567 
f 3558 3569 3201 3199 
f 3570 3573 3572 3571 
f 3574 3577 3576 3575 
f 3578 3579 2950 3575 
f 3580 3583 11016 11015 
f 3584 3587 3586 3585 
f 3588 3591 3590 3589 
f 3592 3595 3594 3593 
f 3596 3599 3598 3597 
f 3600 3603 3602 3601 
f 3604 3605 3591 3588 
f 3601 3602 3595 3592 
f 3589 3590 3603 3600 
f 3606 3609 3608 3607 
f 2951 3574 3575 2950 
f 3312 3313 3588 3589 
f 3315 3592 3593 3314 
f 3388 3596 3597 3387 
f 3511 3600 3601 3510 
f 3510 3601 3592 3315 
f 3312 3589 3600 3511 
f 3573 3606 3607 3572 
f 3579 2944 2861 2950 
f 3583 2977 10975 11016 
f 3587 3144 3145 3586 
f 3572 3611 3610 
f 3607 3612 3611 3572 
f 3571 3615 3614 3613 
f 3616 3347 3348 3617 
f 3618 3616 3617 3619 
f 3620 3618 3619 3621 
f 3622 3625 3624 3623 
f 3626 3628 3627 
f 3629 3632 3631 3630 
f 3633 3636 3635 3634 
f 3637 3640 3639 3638 
f 3641 3644 3643 3642 
f 3644 3646 3645 3643 
f 3647 3650 3649 3648 
f 3650 3652 3651 3649 
f 3652 3654 3653 3651 
f 3654 3656 3655 3653 
f 3656 3658 3657 3655 
f 3658 3660 3659 3657 
f 3660 3662 3661 3659 
f 3662 3664 3663 3661 
f 3664 3666 3665 3663 
f 3666 3668 3667 3665 
f 3668 3670 3669 3667 
f 3670 3672 3671 3669 
f 3672 3674 3673 3671 
f 3674 3676 3675 3673 
f 3676 3678 3677 3675 
f 3678 3680 3679 3677 
f 3680 3682 3681 3679 
f 3682 3684 3683 3681 
f 3684 3686 3685 3683 
f 3687 3690 3689 3688 
f 3690 3692 3691 3689 
f 3692 3641 3642 3691 
f 3693 3694 3611 3612 
f 3695 3696 3614 3615 
f 3697 3699 3698 3613 
f 3699 3701 3700 3698 
f 3701 3703 3702 3700 
f 3703 3705 3704 3702 
f 3705 3707 3706 3704 
f 3707 3709 3708 3706 
f 3709 3711 3710 3708 
f 3711 3713 3712 3710 
f 3713 3715 3714 3712 
f 3715 3717 3716 3714 
f 3717 3719 3718 3716 
f 3719 3721 3720 3718 
f 3721 3723 3722 3720 
f 3723 3725 3724 3722 
f 3725 3727 3726 3724 
f 3727 3728 3570 3726 
f 3728 3729 3573 3570 
f 3729 3730 3606 3573 
f 3730 3731 3609 3606 
f 3613 3698 3571 
f 3698 3700 3571 
f 3700 3702 3571 
f 3702 3704 3571 
f 3704 3706 3571 
f 3706 3708 3571 
f 3708 3710 3571 
f 3710 3712 3571 
f 3712 3714 3571 
f 3714 3716 3571 
f 3716 3718 3571 
f 3718 3720 3571 
f 3720 3722 3571 
f 3722 3724 3571 
f 3724 3726 3571 
f 3726 3570 3571 
f 3732 3735 3734 3733 
f 3178 3736 3177 
f 3307 3738 3737 3306 
f 3311 3740 3739 3310 
f 3741 3383 3384 3742 
f 3509 3744 3743 3508 
f 3306 3737 3740 3311 
f 3508 3743 3738 3307 
f 3541 3745 3744 3509 
f 3746 3647 3648 3747 
f 3748 3697 3613 3614 
f 3696 3749 3748 3614 
f 3188 3185 3350 3347 
f 3185 3745 3386 3350 
f 3541 3270 3383 3741 
f 3270 3268 3381 3383 
f 3268 3266 3379 3381 
f 3266 3264 3377 3379 
f 3264 3262 3375 3377 
f 3262 3260 3373 3375 
f 3260 3258 3371 3373 
f 3258 3256 3369 3371 
f 3256 3254 3367 3369 
f 3254 3252 3365 3367 
f 3252 3250 3363 3365 
f 3250 3248 3361 3363 
f 3248 3246 3359 3361 
f 3246 3244 3357 3359 
f 3244 3242 3355 3357 
f 3242 3241 3351 3355 
f 3241 3238 3354 3351 
f 3238 3314 3388 3354 
f 3314 3593 3596 3388 
f 3593 3594 3599 3596 
f 3684 3682 3387 3597 
f 3682 3680 3353 3387 
f 3680 3678 3352 3353 
f 3678 3676 3356 3352 
f 3676 3674 3358 3356 
f 3674 3672 3360 3358 
f 3672 3670 3362 3360 
f 3670 3668 3364 3362 
f 3668 3666 3366 3364 
f 3666 3664 3368 3366 
f 3664 3662 3370 3368 
f 3662 3660 3372 3370 
f 3660 3658 3374 3372 
f 3658 3656 3376 3374 
f 3656 3654 3378 3376 
f 3654 3652 3380 3378 
f 3652 3650 3382 3380 
f 3650 3647 3384 3382 
f 3647 3746 3742 3384 
f 3385 3646 3644 3349 
f 3644 3641 3348 3349 
f 3641 3692 3617 3348 
f 3692 3690 3619 3617 
f 3690 3687 3621 3619 
f 3687 3750 3624 3621 
f 3637 3753 3752 3751 
f 3636 3633 3632 3754 
f 3633 3755 3631 3632 
f 3391 3392 3756 3626 
f 3757 3404 3625 3622 
f 3390 3193 3618 3620 
f 3193 3191 3618 
f 3191 3189 3616 3618 
f 3189 3188 3347 3616 
f 2829 3759 3758 2828 
f 3760 2929 2827 2828 
f 3761 3760 2828 3758 
f 3759 2920 2921 3758 
f 3762 3765 11018 11017 
f 3765 3767 11019 11018 
f 3768 3771 3770 3769 
f 3772 3775 3774 3773 
f 3776 3779 3778 3777 
f 3780 3783 3782 3781 
f 3784 3578 3575 3576 
f 3785 3580 11015 11020 
f 3787 3584 3585 3788 
f 3577 7841 7842 3576 
f 3591 7843 3789 3590 
f 3595 3790 7844 3594 
f 3599 3791 7845 3598 
f 3603 7846 7847 3602 
f 3605 3792 7843 3591 
f 3602 7847 3790 3595 
f 3590 3789 7846 3603 
f 3609 3793 7848 3608 
f 3794 3612 3607 3608 
f 3631 3795 7850 3630 
f 3755 3633 3634 3796 
f 3686 3798 3797 3685 
f 3799 3693 3612 3794 
f 3731 7853 3793 3609 
f 3594 7844 3791 3599 
f 3686 3684 3597 3598 
f 3755 7854 3795 3631 
f 3771 3768 3629 3630 
f 3771 7855 7856 3770 
f 3775 7857 3800 3774 
f 3801 3804 3803 3802 
f 3805 3808 3807 3806 
f 3781 3809 7866 3778 
f 3775 3772 3811 3810 
f 3812 3815 3814 3813 
f 3816 3819 3818 3817 
f 3820 3823 3822 3821 
f 3812 7881 7882 3782 
f 3824 3826 3825 
f 3827 3830 3829 3828 
f 3831 3834 3833 3832 
f 3835 3838 3837 3836 
f 3839 3842 3841 3840 
f 3843 3846 3845 3844 
f 3826 3827 3828 3847 
f 3848 3851 3850 3849 
f 3852 3855 3854 3853 
f 3856 3859 3858 3857 
f 3860 3863 3862 3861 
f 3864 3867 3866 3865 
f 3868 3871 3870 3869 
f 3872 3875 3874 3873 
f 3876 3879 3878 3877 
f 3880 3883 3882 3881 
f 3884 3887 3886 3885 
f 3888 3891 3890 3889 
f 3892 3895 3894 3893 
f 3896 3899 3898 3897 
f 3900 3903 3902 3901 
f 3904 3907 3906 3905 
f 3908 3754 3632 3629 
f 3909 3912 3911 3910 
f 3913 3916 3915 3914 
f 3913 3914 3918 3917 
f 3919 3922 3921 3920 
f 3923 3926 3925 3924 
f 3927 3930 3929 3928 
f 3931 3934 3933 3932 
f 3935 3938 3937 3936 
f 3939 3942 3941 3940 
f 3943 3946 3945 3944 
f 3947 3950 3949 3948 
f 3849 3868 3869 3829 
f 3861 3872 3873 3833 
f 3951 3876 3877 3952 
f 3853 3880 3881 3841 
f 3857 3884 3885 3845 
f 3888 3889 3953 
f 3832 3892 3893 3850 
f 3836 3896 3897 3854 
f 3840 3900 3901 3858 
f 3844 3904 3905 3862 
f 3867 3955 3954 3866 
f 3871 3957 3956 3870 
f 3875 3959 3958 3874 
f 3879 3961 3960 3878 
f 3883 3963 3962 3882 
f 3887 3965 3964 3886 
f 3891 3967 3966 3890 
f 3895 3969 3968 3894 
f 3899 3971 3970 3898 
f 3903 3973 3972 3902 
f 3907 3975 3974 3906 
f 3976 3979 3978 3977 
f 3980 3983 3982 3981 
f 3977 3978 3985 3984 
f 3976 3986 3979 
f 3864 3865 3988 3987 
f 3825 3989 3824 
f 3990 3991 3824 
f 3866 3976 3977 3865 
f 3916 3980 3981 3915 
f 3979 3993 3992 3978 
f 3983 3995 3994 3982 
f 3978 3992 3996 3985 
f 3986 3997 3993 3979 
f 3865 3977 3984 3988 
f 3989 3990 3824 
f 3991 3998 3824 
f 3985 3991 3990 3984 
f 3988 3989 3825 3987 
f 3996 3998 3991 3985 
f 3984 3990 3989 3988 
f 3987 3825 3847 3953 
f 3999 4002 4001 4000 
f 4003 4006 4005 4004 
f 4007 4010 4009 4008 
f 4011 4014 4013 4012 
f 4015 4018 4017 4016 
f 4019 4022 4021 4020 
f 4023 4026 4025 4024 
f 4027 4030 4029 4028 
f 4031 4034 4033 4032 
f 4035 4038 4037 4036 
f 4039 4042 4041 4040 
f 4043 4046 4045 4044 
f 4047 4050 4049 4048 
f 4051 4054 4053 4052 
f 4055 4058 4057 4056 
f 4059 4062 4061 4060 
f 4063 4066 4065 4064 
f 4067 4070 4069 4068 
f 4071 4074 4073 4072 
f 4075 4078 4077 4076 
f 4079 4039 4040 4080 
f 4008 4043 4044 4005 
f 4012 4047 4048 4009 
f 4016 4051 4052 4013 
f 4020 4055 4056 4017 
f 4024 4059 4060 4021 
f 4028 4063 4064 4025 
f 4032 4067 4068 4029 
f 4036 4071 4072 4033 
f 4000 4075 4076 4037 
f 4042 2825 4041 
f 4050 4082 4081 4049 
f 4054 4084 4083 4053 
f 4058 4086 4085 4057 
f 4062 4088 4087 4061 
f 4066 4090 4089 4065 
f 4070 4092 4091 4069 
f 4074 4094 4093 4073 
f 4078 4096 4095 4077 
f 4097 4100 4099 4098 
f 4101 4102 3998 3996 
f 3751 3752 4103 
f 3636 3753 4104 3635 
f 3694 4105 3610 3611 
f 4106 4109 4108 4107 
f 4110 4113 4112 4111 
f 4106 4116 4115 4114 
f 4117 4120 4119 4118 
f 4121 4124 4123 4122 
f 4125 4128 4127 4126 
f 4129 4130 4128 4125 
f 4131 4134 4133 4132 
f 4111 4135 4110 
f 4136 4139 4138 4137 
f 4113 4107 4108 4112 
f 4120 4122 4123 4119 
f 4140 4143 4142 4141 
f 4143 4140 4145 4144 
f 4146 3994 4140 
f 3992 3993 4148 4147 
f 4102 4149 3824 3998 
f 3996 3992 4147 4101 
f 4150 4153 4152 4151 
f 4154 4157 4156 4155 
f 4099 4158 4157 4154 
f 4155 4156 4160 4159 
f 4142 4150 4151 4141 
f 4153 4162 4161 4152 
f 4148 4164 4163 4147 
f 4165 4168 4167 4166 
f 4169 4165 4166 4170 
f 4164 4169 4170 4163 
f 4171 4172 4102 4101 
f 4173 4176 4175 4174 
f 4174 4175 4178 4177 
f 4177 4178 4172 4171 
f 4163 4171 4101 4147 
f 4167 4173 4174 4166 
f 4166 4174 4177 4170 
f 4170 4177 4171 4163 
f 4172 4179 4149 4102 
f 4176 4181 4180 4175 
f 4175 4180 4182 4178 
f 4178 4182 4179 4172 
f 4183 4185 4184 
f 4186 4189 4188 4187 
f 4190 4193 4192 4191 
f 4194 4138 4196 4195 
f 4197 4199 4137 4198 
f 4200 4201 4199 4197 
f 4202 4205 4204 4203 
f 4194 4124 4127 4198 
f 4195 4196 4193 4190 
f 4119 4190 4191 4118 
f 4124 4194 4195 4123 
f 4128 4197 4198 4127 
f 4130 4200 4197 4128 
f 4134 4202 4203 4133 
f 4138 4194 4198 4137 
f 4123 4195 4190 4119 
f 4193 4207 4206 4192 
f 4138 4139 4208 4196 
f 4199 4209 4136 4137 
f 4201 4210 4209 4199 
f 4205 4212 4211 4204 
f 4124 4121 4126 4127 
f 4196 4208 4207 4193 
f 4213 4216 4215 4214 
f 4188 4213 4214 4187 
f 4216 4217 4117 4215 
f 4003 4004 4219 4218 
f 4220 4223 4222 4221 
f 4223 4225 4224 4222 
f 4225 4227 4226 4224 
f 4228 4230 4219 4229 
f 4231 4232 4230 4228 
f 4233 4234 4232 4231 
f 4230 4235 4218 4219 
f 4232 4236 4235 4230 
f 4222 4228 4229 4221 
f 4224 4231 4228 4222 
f 4234 4237 4236 4232 
f 4226 4233 4231 4224 
f 4238 4239 4221 4229 
f 4239 4240 4220 4221 
f 4004 4238 4229 4219 
f 4206 4242 4241 4192 
f 4215 4117 4243 
f 4214 4215 4243 4244 
f 4187 4214 4244 4245 
f 4246 4249 4248 4247 
f 4247 4248 4241 4250 
f 4117 4249 4246 
f 4249 4118 4191 4248 
f 4248 4191 4192 4241 
f 4243 4246 4247 4244 
f 4244 4247 4250 4245 
f 4117 4118 4249 
f 4117 4246 4243 
f 4242 4251 4250 4241 
f 4252 4186 4187 4245 
f 4251 4252 4245 4250 
f 4140 3994 3995 4145 
f 4253 4184 4255 4254 
f 4256 4253 4254 4257 
f 4258 4256 4257 4259 
f 4260 4258 4259 4261 
f 4262 4260 4261 4263 
f 4264 4262 4263 4265 
f 4266 4269 4268 4267 
f 4270 4273 4272 4271 
f 4274 4277 4276 4275 
f 4278 4281 4280 4279 
f 4275 4276 3837 4271 
f 4282 4283 4277 4274 
f 4284 4287 4286 4285 
f 4288 4291 4290 4289 
f 4289 4290 4001 4285 
f 4292 4293 4291 4288 
f 4264 4265 4295 4294 
f 4294 4295 4297 4296 
f 4298 4299 4297 
f 4300 4303 4302 4301 
f 4131 4305 4304 4134 
f 4305 4307 4306 4304 
f 4307 4300 4301 4306 
f 4308 4311 4310 4309 
f 4312 4313 4205 4202 
f 4314 4315 4313 4312 
f 4309 4310 4315 4314 
f 4311 4317 4316 4310 
f 4313 4318 4212 4205 
f 4315 4319 4318 4313 
f 4310 4316 4319 4315 
f 4302 4308 4309 4301 
f 4304 4312 4202 4134 
f 4306 4314 4312 4304 
f 4301 4309 4314 4306 
f 4320 4322 4321 
f 4320 4321 4323 
f 4097 4098 4325 4324 
f 4326 4329 4328 4327 
f 4330 4325 4332 4331 
f 4331 4332 4327 4333 
f 4330 4322 4335 4334 
f 4336 4337 4323 4333 
f 4322 4330 4331 4321 
f 4321 4331 4333 4323 
f 4322 4320 4335 
f 4337 4320 4323 
f 4325 4330 4334 4324 
f 4328 4336 4333 4327 
f 4325 4098 4338 4332 
f 4332 4338 4326 4327 
f 4328 4329 4340 4339 
f 4337 4336 4342 4341 
f 4320 4337 4341 4343 
f 4336 4328 4339 4342 
f 4344 4347 4346 4345 
f 4348 4351 4350 4349 
f 4352 4348 4349 4353 
f 4351 4344 4345 4350 
f 4345 4346 4355 4354 
f 4349 4350 4357 4356 
f 4353 4349 4356 4358 
f 4350 4345 4354 4357 
f 4354 4355 4360 4359 
f 4356 4357 4362 4361 
f 4358 4356 4361 4363 
f 4357 4354 4359 4362 
f 4364 4212 4318 4365 
f 4366 4369 4368 4367 
f 4370 4366 4367 4371 
f 4369 4364 4365 4368 
f 4365 4318 4319 4372 
f 4367 4368 4374 4373 
f 4371 4367 4373 4375 
f 4368 4365 4372 4374 
f 4372 4319 4316 4376 
f 4373 4374 4378 4377 
f 4375 4373 4377 4379 
f 4374 4372 4376 4378 
f 4376 4316 4317 4380 
f 4377 4378 4382 4381 
f 4379 4377 4381 4383 
f 4378 4376 4380 4382 
f 4384 4387 4386 4385 
f 4385 4386 4389 4388 
f 4388 4389 4391 4390 
f 4392 4395 4394 4393 
f 4393 4394 4396 
f 4397 4400 4399 4398 
f 4398 4399 4402 4401 
f 4401 4402 4404 4403 
f 4403 4404 4405 
f 4403 4405 4407 4406 
f 4405 4408 4407 
f 4409 4412 4411 4410 
f 4413 4416 4415 4414 
f 4414 4415 4272 4417 
f 4418 4419 4416 4413 
f 4420 4423 4422 4421 
f 4421 4422 4286 4424 
f 4425 4426 4423 4420 
f 4427 4429 4428 4417 
f 4430 4433 4432 4431 
f 4434 4436 4435 4424 
f 4437 4440 4439 4438 
f 4438 4439 4442 4441 
f 4441 4442 4406 4443 
f 4444 4395 4391 4443 
f 4302 4303 4446 4445 
f 4311 4308 4448 4447 
f 4317 4311 4447 4449 
f 4308 4302 4445 4448 
f 4380 4317 4449 4450 
f 4381 4382 4452 4451 
f 4383 4381 4451 4453 
f 4382 4380 4450 4452 
f 4400 4397 4455 4454 
f 4335 4320 4457 4456 
f 4324 4334 4459 4458 
f 4334 4335 4456 4459 
f 4097 4324 4458 4460 
f 4461 4464 4463 4462 
f 4463 4465 4462 
f 4465 4466 4462 
f 4462 4466 4468 4467 
f 4469 4470 4467 
f 4470 4471 4467 
f 4471 4472 4467 
f 4467 4472 4474 4473 
f 4474 4475 4473 
f 4476 4478 4477 
f 4479 4481 4480 
f 4482 4476 4483 
f 4483 4476 4479 4484 
f 4484 4479 4486 4485 
f 4403 4482 4401 
f 4401 4482 4483 4398 
f 4398 4483 4484 4397 
f 4397 4484 4485 4455 
f 4487 4490 4489 4488 
f 3409 4493 4492 4491 
f 4493 4487 4488 4492 
f 3408 3409 4491 4494 
f 4495 4498 4497 4496 
f 4499 4502 4501 4500 
f 4496 4497 4502 4499 
f 4500 4501 4504 4503 
f 4489 4495 4496 4488 
f 4492 4499 4500 4491 
f 4488 4496 4499 4492 
f 4491 4500 4503 4494 
f 4498 4505 4497 
f 4502 4505 4501 
f 4497 4505 4502 
f 4501 4505 4504 
f 4489 4490 4507 4506 
f 4495 4489 4506 4508 
f 4498 4495 4508 4509 
f 4505 4498 4509 4510 
f 4461 4462 4512 4511 
f 4462 4467 4513 4512 
f 4467 4473 4514 4513 
f 3822 4409 4410 3821 
f 4515 4413 4414 4516 
f 4516 4414 4417 4428 
f 4517 4418 4413 4515 
f 4518 4420 4421 4519 
f 4519 4421 4424 4435 
f 4520 4425 4420 4518 
f 4273 4427 4417 4272 
f 4281 4430 4431 4280 
f 4287 4434 4424 4286 
f 4387 4437 4438 4386 
f 4386 4438 4441 4389 
f 4389 4441 4443 4391 
f 4407 4444 4443 4406 
f 4412 4266 4267 4411 
f 4416 4274 4275 4415 
f 4415 4275 4271 4272 
f 4419 4282 4274 4416 
f 4423 4288 4289 4422 
f 4422 4289 4285 4286 
f 4426 4292 4288 4423 
f 3952 4522 4521 3951 
f 4523 4526 4525 4524 
f 4080 4528 4527 4079 
f 4440 4478 4476 4439 
f 4439 4476 4482 4442 
f 4442 4482 4403 4406 
f 4395 4392 4390 4391 
f 4395 4444 4529 4394 
f 4133 4130 4129 4132 
f 4211 4212 4135 
f 4204 4201 4200 4203 
f 4203 4200 4130 4133 
f 4211 4210 4201 4204 
f 4360 4212 4364 4359 
f 4362 4369 4366 4361 
f 4361 4366 4370 4363 
f 4359 4364 4369 4362 
f 4408 4529 4444 4407 
f 4468 4469 4467 
f 4446 4531 4530 4445 
f 4448 4533 4532 4447 
f 4447 4532 4534 4449 
f 4445 4530 4533 4448 
f 4449 4534 4535 4450 
f 4452 4537 4536 4451 
f 4451 4536 4538 4453 
f 4450 4535 4537 4452 
f 4475 4540 4539 4473 
f 4473 4539 4541 4514 
f 4542 4543 2911 2947 
f 2948 2946 2925 2947 
f 4544 4547 11022 11021 
f 3112 4549 4548 3111 
f 3114 4551 4550 3113 
f 3117 4553 4552 3116 
f 3217 4555 4554 3216 
f 3116 4552 4557 4556 
f 4558 4561 4560 4559 
f 3423 4562 4551 3114 
f 3113 4550 4555 3217 
f 3216 4554 4553 3117 
f 2923 2924 2925 2922 
f 2945 2928 2921 2922 
f 4563 4566 11024 11023 
f 3121 3134 3131 3120 
f 3125 3138 3135 3124 
f 3129 3142 3139 3128 
f 3220 3540 3537 3219 
f 3330 3319 3320 3329 
f 3128 3139 4568 4567 
f 3128 4567 4569 3127 
f 3424 3427 3138 3125 
f 3124 3135 3540 3220 
f 3219 3537 3142 3129 
f 4570 4573 4572 4571 
f 4574 4570 4571 4575 
f 4576 4574 4575 4577 
f 4505 4579 4578 4504 
f 4580 4583 4582 4581 
f 4584 4587 4586 4585 
f 4585 4586 4589 4588 
f 4588 4589 4591 4590 
f 4592 4580 4581 4572 
f 4571 4584 4585 4575 
f 4575 4585 4588 4577 
f 4577 4588 4590 4578 
f 4583 4594 4593 4582 
f 4587 4596 4595 4586 
f 4586 4595 4597 4589 
f 4589 4597 4598 4591 
f 4599 4602 4601 4600 
f 4603 4599 4600 4604 
f 4592 4607 4606 4605 
f 4583 4580 4609 4608 
f 4580 4592 4605 4609 
f 4594 4583 4608 4610 
f 4611 4613 4600 4612 
f 4614 4615 4600 
f 4601 4614 4600 
f 4600 4615 4616 
f 4600 4616 4612 
f 4613 4611 4617 
f 4618 4621 4620 4619 
f 4622 2888 2866 4618 
f 4618 2866 2863 4621 
f 4623 2913 2888 4622 
f 4624 4627 11026 11025 
f 4600 4613 4629 4628 
f 4630 4632 4631 
f 4633 4636 4635 4634 
f 4637 4633 4634 4638 
f 4636 4640 4639 4635 
f 4641 4637 4638 4642 
f 4643 4646 4645 4644 
f 4644 4645 4648 4647 
f 4649 4650 4646 4643 
f 4647 4648 4652 4651 
f 4635 4643 4644 4634 
f 4634 4644 4647 4638 
f 4639 4649 4643 4635 
f 4638 4647 4651 4642 
f 4646 4654 4653 4645 
f 4645 4653 4655 4648 
f 4650 4656 4654 4646 
f 4648 4655 4657 4652 
f 4656 4650 3060 3057 
f 4650 4649 3065 3060 
f 4649 4639 3068 3065 
f 4639 4640 3450 3068 
f 4641 4642 4605 4606 
f 4642 4651 4609 4605 
f 4651 4652 4608 4609 
f 4610 4608 4652 4657 
f 4658 4660 4659 
f 4661 3017 4660 4662 
f 3450 4640 4658 4659 
f 4640 4636 4663 4658 
f 4636 4633 4664 4663 
f 4633 4637 4631 4664 
f 4637 4641 4630 4631 
f 4641 4606 4604 4630 
f 4606 4607 4603 4604 
f 4607 4573 4541 4603 
f 4570 4574 4513 4514 
f 4574 4576 4512 4513 
f 4576 4579 4511 4512 
f 4665 4457 4464 4461 
f 4320 4343 4464 
f 4352 4353 4465 4463 
f 4353 4358 4466 4465 
f 4358 4363 4468 4466 
f 4363 4370 4469 4468 
f 4370 4371 4470 4469 
f 4371 4375 4471 4470 
f 4375 4379 4472 4471 
f 4379 4383 4474 4472 
f 4383 4453 4475 4474 
f 4453 4538 4540 4475 
f 4666 4667 4601 4602 
f 4667 4668 4614 4601 
f 4668 4669 4615 4614 
f 4669 4670 4616 4615 
f 4670 4671 4612 4616 
f 4671 4672 4611 4612 
f 4672 4673 4617 4611 
f 4674 3038 4628 4629 
f 3038 3039 4675 4628 
f 3034 3035 4677 4676 
f 3030 3031 4679 4678 
f 3026 3027 4681 4680 
f 3022 3023 4683 4682 
f 3018 3019 4685 4684 
f 4680 4681 4686 
f 4682 4683 4686 
f 4684 4663 4686 
f 4663 4664 4686 
f 4630 4604 4600 4632 
f 4600 4628 4632 
f 4628 4675 4632 
f 4676 4677 4632 
f 4678 4679 4686 4632 
f 4632 4686 4664 4631 
f 4684 4685 4663 
f 4662 4660 4658 
f 4687 11028 11027 4688 
f 4691 11030 11029 4692 
f 4692 11029 11031 4695 
f 4695 11031 11032 4697 
f 4697 11032 11033 4699 
f 4699 11033 11034 4701 
f 4701 11034 11035 4703 
f 4703 11035 11036 4705 
f 4706 11038 11037 4707 
f 4709 11039 11283 8771 
f 4711 11041 11040 4712 
f 4715 11042 11041 4711 
f 4717 11043 11042 4715 
f 4719 11044 11043 4717 
f 4721 11045 11044 4719 
f 4723 11046 11045 4721 
f 4725 11047 11046 4723 
f 4727 11048 11047 4725 
f 4729 11049 11048 4727 
f 4731 11050 11049 4729 
f 4733 11051 11050 4731 
f 4735 11052 11051 4733 
f 4737 11053 11052 4735 
f 4739 11054 11053 4737 
f 4741 11055 11054 4739 
f 4743 11056 11055 4741 
f 4743 11058 11057 4744 
f 4745 11060 11059 4746 
f 4749 11062 11061 4750 
f 4753 11064 11063 4754 
f 4757 11066 11065 4758 
f 4761 11068 11067 4762 
f 4765 11070 11069 4766 
f 4769 11072 11071 4770 
f 4772 11074 11073 4773 
f 4775 11076 11075 4776 
f 4779 11078 11077 4780 
f 4783 11079 11076 4775 
f 4780 11077 11080 4773 
f 4776 11075 11078 4779 
f 4785 11082 11081 4786 
f 4712 11040 11082 4785 
f 4789 11084 11083 4744 
f 4791 11085 11084 4789 
f 4786 11081 11039 4709 
f 4706 11087 11086 4792 
f 4791 11089 11088 4707 
f 4769 11091 11090 4794 
f 2954 11093 11092 2953 
f 2959 11095 11094 2958 
f 2958 11094 11096 2961 
f 2961 11096 11097 2963 
f 2963 11097 11098 2965 
f 2965 11098 11099 2967 
f 2967 11099 11100 2969 
f 2969 11100 11101 2971 
f 2975 11087 11088 2974 
f 3786 11102 11347 8857 
f 2979 11104 11103 2978 
f 2981 11105 11104 2979 
f 2983 11106 11105 2981 
f 2985 11107 11106 2983 
f 2987 11108 11107 2985 
f 2989 11109 11108 2987 
f 2991 11110 11109 2989 
f 2993 11111 11110 2991 
f 2995 11112 11111 2993 
f 2997 11113 11112 2995 
f 2999 11114 11113 2997 
f 3001 11115 11114 2999 
f 3003 11116 11115 3001 
f 3005 11117 11116 3003 
f 3007 11118 11117 3005 
f 3009 11058 11118 3007 
f 3013 11056 11083 3012 
f 4796 11120 11119 3016 
f 3021 11122 11121 3020 
f 3025 11124 11123 3024 
f 3029 11126 11125 3028 
f 3033 11128 11127 3032 
f 3037 11130 11129 3036 
f 3041 11091 11131 3040 
f 3015 11132 11080 3043 
f 3046 11134 11133 3045 
f 3431 11136 11135 3430 
f 3432 11137 11134 3046 
f 3430 11135 11073 3449 
f 3045 11133 11136 3431 
f 3582 11139 11138 3581 
f 2978 11103 11139 3582 
f 3764 11140 11057 3763 
f 3766 11089 11140 3764 
f 3581 11138 11102 3786 
f 4708 11038 11141 4546 
f 4565 11085 11037 4564 
f 4626 11072 11142 4625 
f 4690 11144 11143 4689 
f 4694 11146 11145 4693 
f 4693 11145 11147 4696 
f 4696 11147 11148 4698 
f 4698 11148 11149 4700 
f 4700 11149 11150 4702 
f 4702 11150 11151 4704 
f 4704 11151 11021 4545 
f 4708 11152 11023 4564 
f 4710 11153 11399 8770 
f 4714 11155 11154 4713 
f 4716 11156 11155 4714 
f 4718 11157 11156 4716 
f 4720 11158 11157 4718 
f 4722 11159 11158 4720 
f 4724 11160 11159 4722 
f 4726 11161 11160 4724 
f 4728 11162 11161 4726 
f 4730 11163 11162 4728 
f 4732 11164 11163 4730 
f 4734 11165 11164 4732 
f 4736 11166 11165 4734 
f 4738 11167 11166 4736 
f 4740 11168 11167 4738 
f 4742 11169 11168 4740 
f 3013 10993 11169 4742 
f 3009 10991 11017 3763 
f 4748 11171 11170 4747 
f 4752 11173 11172 4751 
f 4756 11175 11174 4755 
f 4760 11177 11176 4759 
f 4764 11179 11178 4763 
f 4768 11181 11180 4767 
f 4626 11026 11182 4771 
f 4774 11183 11014 3449 
f 4778 11185 11184 4777 
f 4782 11187 11186 4781 
f 4784 11188 11185 4778 
f 4781 11186 11008 3043 
f 4777 11184 11187 4782 
f 4788 11190 11189 4787 
f 4713 11154 11190 4788 
f 4790 11191 10992 3012 
f 4565 11024 11191 4790 
f 4787 11189 11153 4710 
f 2975 10974 11192 4793 
f 3766 11019 10973 2974 
f 3041 11007 11193 4795 
f 4841 4844 4843 4842 
f 4845 4848 4847 4846 
f 4846 4847 4850 4849 
f 4849 4850 4852 4851 
f 4851 4852 4854 4853 
f 4853 4854 4856 4855 
f 4855 4856 4858 4857 
f 4859 4848 4861 4860 
f 4859 4864 4863 4862 
f 4862 4863 4866 4865 
f 4865 4866 4868 4867 
f 4867 4868 4870 4869 
f 4869 4870 4872 4871 
f 4871 4872 4874 4873 
f 4864 4859 4860 4875 
f 4848 4859 4862 4847 
f 4847 4862 4865 4850 
f 4850 4865 4867 4852 
f 4852 4867 4869 4854 
f 4854 4869 4871 4856 
f 4856 4871 4873 4858 
f 4848 4845 4876 4861 
f 4864 4672 4671 4863 
f 4863 4671 4670 4866 
f 4866 4670 4669 4868 
f 4868 4669 4668 4870 
f 4870 4668 4667 4872 
f 4872 4667 4666 4874 
f 4845 4846 4878 4877 
f 4846 4849 4879 4878 
f 4849 4851 4880 4879 
f 4851 4853 4881 4880 
f 4853 4855 4882 4881 
f 4855 4857 4883 4882 
f 4884 4887 4886 4885 
f 4888 4889 4887 4884 
f 4890 4891 4889 4888 
f 4892 4893 4891 4890 
f 4894 4895 4893 4892 
f 4896 4897 4895 4894 
f 4878 4884 4885 4877 
f 4879 4888 4884 4878 
f 4880 4890 4888 4879 
f 4881 4892 4890 4880 
f 4882 4894 4892 4881 
f 4883 4896 4894 4882 
f 4887 4899 4898 4886 
f 4889 4900 4899 4887 
f 4891 4901 4900 4889 
f 4893 4902 4901 4891 
f 4895 4903 4902 4893 
f 4897 4904 4903 4895 
f 4886 4898 4906 4905 
f 4877 4885 4908 4907 
f 4885 4886 4905 4908 
f 4845 4877 4907 4876 
f 4909 4911 4843 4910 
f 4673 4672 4864 4875 
f 4912 4915 4914 4913 
f 4916 4912 4913 4842 
f 4915 4918 4917 4914 
f 4919 4922 4921 4920 
f 4923 4926 4925 4924 
f 4926 4919 4920 4925 
f 4918 4923 4924 4917 
f 4927 4930 4929 4928 
f 4931 4934 4933 4932 
f 4935 4931 4932 4928 
f 4934 4937 4936 4933 
f 4938 4941 4940 4939 
f 4941 4943 4942 4940 
f 4944 4938 4939 
f 4945 4948 4947 4946 
f 4949 4952 4951 4950 
f 4953 4954 4952 4949 
f 4950 4951 4955 
f 4940 4949 4950 4939 
f 4942 4953 4949 4940 
f 4939 4950 4955 4944 
f 4956 4959 4958 4957 
f 4948 4945 4959 4956 
f 4957 4958 4960 
f 4942 4943 4962 4961 
f 4948 4954 4963 4947 
f 4953 4965 4964 
f 4953 4966 4965 
f 4953 4942 4961 4966 
f 4952 4956 4957 4951 
f 4954 4948 4956 4952 
f 4951 4957 4960 4955 
f 4954 4953 4964 4963 
f 4916 4911 4673 4875 
f 4842 4843 4911 4916 
f 4844 4841 9030 9031 
f 4967 4844 9031 4968 
f 4910 4843 4844 4967 
f 4911 4909 4617 4673 
f 4969 4970 9035 9036 
f 4913 4914 4970 4969 
f 4915 4912 4860 4861 
f 4841 4969 9036 9030 
f 4842 4913 4969 4841 
f 4912 4916 4875 4860 
f 4970 4972 4971 9035 
f 4914 4917 4972 4970 
f 4918 4915 4861 4876 
f 4973 4974 9040 9041 
f 4920 4921 4974 4973 
f 4922 4919 4905 4906 
f 4975 4976 9044 9045 
f 4924 4925 4976 4975 
f 4926 4923 4907 4908 
f 4976 4973 9041 9044 
f 4925 4920 4973 4976 
f 4919 4926 4908 4905 
f 4972 4975 9045 4971 
f 4917 4924 4975 4972 
f 4923 4918 4876 4907 
f 4935 4977 4962 4943 
f 4928 4929 4977 4935 
f 4930 4927 4979 4978 
f 4980 4981 9049 9050 
f 4932 4933 4981 4980 
f 4934 4931 4941 4938 
f 4927 4980 9050 4979 
f 4928 4932 4980 4927 
f 4931 4935 4943 4941 
f 4981 4982 9052 9049 
f 4933 4936 4982 4981 
f 4937 4934 4938 4944 
f 2772 2773 2770 2769 
f 2773 2791 2790 2770 
f 4983 4986 4985 4984 
f 4486 4989 4988 4987 
f 4485 4486 4987 4990 
f 4455 4485 4990 4991 
f 4454 4455 4991 4992 
f 4530 4531 4994 4993 
f 4532 4533 4996 4995 
f 4534 4532 4995 4997 
f 4533 4530 4993 4996 
f 4535 4534 4997 4998 
f 4536 4537 5000 4999 
f 4538 4536 4999 5001 
f 4537 4535 4998 5000 
f 4539 4540 5002 
f 4546 11022 11152 4708 
f 4548 4549 3122 3119 
f 4550 4551 3126 3123 
f 4552 4553 3130 3127 
f 4554 4555 3221 3218 
f 5003 5006 5005 5004 
f 5007 5010 5009 5008 
f 4551 4562 3425 3126 
f 4555 4550 3123 3221 
f 4553 4554 3218 3130 
f 4581 4582 4587 4584 
f 4572 4581 4584 4571 
f 4582 4593 4596 4587 
f 4541 4573 4570 4514 
f 4540 4538 5001 5002 
f 4987 4988 5012 5011 
f 4990 4987 5011 5013 
f 4991 4990 5013 5014 
f 4992 4991 5014 5015 
f 4476 4477 4481 4479 
f 4479 5016 4989 4486 
f 4479 4480 5016 
f 2925 2926 4542 2947 
f 4993 4994 4904 4897 
f 4995 4996 4896 4883 
f 4997 4995 4883 4857 
f 4996 4993 4897 4896 
f 4998 4997 4857 4858 
f 4999 5000 4873 4874 
f 5001 4999 4874 4666 
f 5000 4998 4858 4873 
f 4539 5002 4602 4599 
f 4541 4539 4599 4603 
f 4572 4573 4607 4592 
f 5002 5001 4666 4602 
f 4792 11086 11101 4705 
f 4546 11141 11036 4545 
f 4793 11192 10972 2971 
f 5011 5012 4960 4958 
f 5013 5011 4958 4959 
f 5014 5013 4959 4945 
f 5015 5014 4945 4946 
f 5017 5020 5019 5018 
f 5020 5022 5021 5019 
f 5022 5024 5023 5021 
f 5024 5025 4986 5023 
f 5026 5028 5027 4985 
f 5028 5030 5029 5027 
f 5030 5032 5031 5029 
f 5032 5034 5033 5031 
f 5034 5036 5035 5033 
f 5036 5038 5037 5035 
f 5038 5040 5039 5037 
f 5040 5042 5041 5039 
f 5026 5025 2806 2809 
f 2799 2800 5020 5017 
f 2800 2802 5022 5020 
f 2802 2804 5024 5022 
f 2804 2806 5025 5024 
f 2809 2810 5028 5026 
f 2810 2812 5030 5028 
f 2812 2814 5032 5030 
f 2814 2816 5034 5032 
f 2816 2818 5036 5034 
f 2818 2820 5038 5036 
f 2820 2822 5040 5038 
f 2822 2824 5042 5040 
f 4985 4986 5025 5026 
f 5018 5019 5044 5043 
f 5019 5021 5045 5044 
f 5021 5023 5046 5045 
f 5023 4986 4983 5046 
f 4985 5027 5047 4984 
f 5027 5029 5048 5047 
f 5029 5031 5049 5048 
f 5031 5033 5050 5049 
f 5033 5035 5051 5050 
f 5035 5037 5052 5051 
f 5037 5039 5053 5052 
f 5039 5041 5054 5053 
f 2809 2806 2807 2808 
f 4527 5056 5055 4079 
f 5057 5060 5059 5058 
f 5061 5062 5060 5057 
f 2825 4042 5063 
f 4525 5065 5064 4524 
f 2750 2751 2748 
f 3879 5067 5066 3961 
f 5068 5071 5070 5069 
f 4521 5073 5072 3951 
f 3951 5072 5074 3876 
f 5075 5077 5073 5076 
f 5078 5080 5079 5059 
f 5078 5082 5081 5055 
f 5082 5083 5063 5081 
f 5084 5087 5086 5085 
f 5088 5090 5071 5089 
f 5091 5090 5067 5074 
f 5092 5095 5094 5093 
f 5091 5092 5093 5070 
f 5096 5099 5098 5097 
f 5094 5095 5096 5097 
f 2825 5083 5062 
f 5055 5056 5080 5078 
f 5059 5060 5082 5078 
f 5060 5062 5083 5082 
f 5064 5065 5087 5084 
f 5066 5067 5090 5088 
f 5070 5071 5090 5091 
f 5072 5073 5095 5092 
f 5074 5072 5092 5091 
f 5077 9168 5099 5096 
f 5095 5073 5077 5096 
f 5059 5079 5100 5058 
f 5055 5081 4039 4079 
f 5081 5063 4042 4039 
f 5085 5086 5102 5101 
f 5089 5071 5068 5103 
f 5074 5067 3879 3876 
f 5093 5094 2746 2747 
f 5070 5093 2747 5069 
f 5097 5098 5105 5104 
f 2746 5094 5097 5104 
f 2825 5063 5083 
f 2825 5062 5061 
f 4254 5107 5106 
f 4184 4253 5108 4183 
f 4257 4254 5110 5109 
f 4253 4256 5111 5108 
f 4259 4257 5113 5112 
f 4256 4258 4396 5111 
f 4261 4259 5115 5114 
f 4258 4260 4393 4396 
f 4263 4261 5117 5116 
f 4260 4262 4392 4393 
f 4265 4263 5119 5118 
f 4262 4264 4390 4392 
f 4264 4294 4388 4390 
f 4295 4265 5121 5120 
f 4294 4296 4385 4388 
f 4297 4295 5122 4298 
f 4296 4384 4385 
f 4297 4384 4296 
f 4255 5124 5123 
f 4184 4185 5124 4255 
f 5125 2750 2748 5126 
f 2747 2748 2751 5069 
f 5069 2751 2752 5068 
f 5068 2752 2754 5103 
f 5103 5102 5086 5089 
f 5089 5086 5087 5088 
f 5088 5087 5065 5066 
f 5066 5065 4525 3961 
f 3961 4525 4526 3960 
f 4517 4433 4430 4418 
f 4418 4430 4281 4419 
f 4419 4281 4278 4282 
f 4282 4278 3912 4283 
f 3971 3909 3949 3970 
f 3963 3950 3945 3962 
f 3973 3946 3941 3972 
f 3965 3942 3937 3964 
f 3975 3938 3933 3974 
f 3959 3934 3929 3958 
f 3969 3930 3925 3968 
f 3957 3926 3921 3956 
f 3967 3922 3918 3966 
f 3955 3914 3915 3954 
f 3954 3915 3981 5127 
f 5127 3981 3982 5128 
f 5128 3982 3994 5129 
f 3997 4146 3993 
f 3993 4146 4140 4148 
f 4148 4140 4141 4164 
f 4164 4141 4151 4169 
f 4169 4151 4152 4165 
f 4165 4152 4161 4168 
f 4168 4161 4116 4160 
f 4347 4107 4113 4346 
f 4346 4113 4110 4355 
f 4355 4110 4135 4360 
f 4211 4135 4111 4210 
f 4210 4111 4112 4209 
f 4209 4112 4108 4136 
f 4136 4108 4109 4139 
f 4139 4109 4114 4208 
f 4208 4114 4115 4207 
f 4207 4115 4162 4206 
f 4206 4162 4153 4242 
f 4242 4153 4150 4251 
f 4251 4150 4142 4252 
f 4252 4142 4143 4186 
f 4186 4143 4144 4189 
f 4227 4144 4145 4226 
f 4226 4145 4233 
f 4233 4145 4234 
f 4234 4145 3995 4237 
f 4237 3995 3983 4236 
f 4236 3983 3980 4235 
f 4235 3980 3916 4218 
f 4218 3916 3913 4003 
f 4003 3913 3917 4006 
f 4007 3919 3920 4010 
f 4011 3923 3924 4014 
f 4015 3927 3928 4018 
f 4019 3931 3932 4022 
f 4023 3935 3936 4026 
f 4027 3939 3940 4030 
f 4031 3943 3944 4034 
f 4035 3947 3948 4038 
f 3999 3910 3911 4002 
f 4284 4279 4280 4287 
f 4287 4280 4431 4434 
f 4434 4431 4432 4436 
f 4528 4523 4524 4527 
f 4527 4524 5064 5056 
f 5056 5064 5084 5080 
f 5080 5084 5085 5079 
f 5079 5085 5101 5100 
f 5054 2782 2783 5053 
f 5053 2783 2784 5052 
f 5052 2784 2785 5051 
f 5051 2785 2786 5050 
f 5050 2786 2787 5049 
f 5049 2787 2788 5048 
f 5048 2788 2789 5047 
f 5047 2789 2790 4984 
f 4984 2790 2791 4983 
f 4983 2791 2792 5046 
f 5046 2792 2793 5045 
f 5045 2793 2794 5044 
f 5044 2794 2795 5043 
f 5043 2795 5130 9198 
f 5131 2779 2777 5132 
f 5132 2777 2775 5133 
f 5133 2775 2771 5134 
f 5134 2771 2772 5135 
f 5135 2772 2769 5136 
f 5136 2769 2767 5137 
f 5137 2767 2765 5138 
f 5138 2765 2763 5139 
f 5139 2763 2761 5140 
f 5140 2761 2759 5141 
f 5141 2759 2757 5142 
f 5142 2757 2755 5143 
f 5143 2755 2753 5144 
f 5144 2753 2749 5145 
f 5145 2749 2750 5125 
f 4135 4212 4360 
f 4146 3997 5129 3994 
f 3997 3986 5128 5129 
f 3986 3976 5127 5128 
f 3976 3866 3954 5127 
f 2748 2746 5126 
f 2754 2756 2781 
f 2754 2781 5102 5103 
f 2781 2782 5101 5102 
f 2782 5054 5100 5101 
f 5054 5041 5058 5100 
f 5041 5042 5057 5058 
f 5042 2824 5061 5057 
f 2824 2825 5061 
f 3391 3626 3627 3396 
f 3395 5146 3566 
f 4181 4103 5147 4180 
f 4180 5147 5148 4182 
f 4182 5148 5149 4179 
f 4179 5149 3908 4149 
f 4149 3908 3629 3824 
f 3824 3629 3768 3826 
f 3826 3768 3769 3827 
f 3827 3769 3811 3830 
f 3848 3772 3773 3851 
f 3831 5150 3814 3834 
f 3860 3815 3783 3863 
f 3843 3780 3779 3846 
f 3856 3776 3803 3859 
f 3839 3804 3818 3842 
f 3852 3819 3807 3855 
f 3835 3808 4269 3838 
f 4270 4266 4412 4273 
f 4273 4412 4409 4427 
f 4427 4409 3822 4429 
f 4522 3823 5076 4521 
f 5076 3823 3820 5075 
f 5075 3820 9219 5151 
f 5076 5073 4521 
f 3823 4522 4429 3822 
f 4522 3952 4428 4429 
f 3952 3877 4516 4428 
f 3877 3878 4515 4516 
f 3878 3960 4517 4515 
f 3960 4526 4433 4517 
f 4526 4523 4432 4433 
f 4523 4528 4436 4432 
f 4528 4080 4435 4436 
f 4080 4040 4519 4435 
f 4040 4041 4518 4519 
f 4041 2825 4520 4518 
f 4511 4510 4665 4461 
f 4464 4457 4320 
f 4460 5152 4100 4097 
f 3056 3419 3428 3415 
f 3415 3428 3434 3453 
f 3453 3434 3436 3452 
f 3452 3436 3439 3058 
f 3058 3439 3447 3057 
f 3057 3447 5153 4656 
f 4656 5153 5154 4654 
f 4654 5154 5155 4653 
f 4653 5155 5156 4655 
f 4655 5156 5157 4657 
f 4657 5157 3316 4610 
f 4610 3316 5158 4594 
f 4594 5158 5003 4593 
f 4593 5003 5004 4596 
f 4596 5004 5159 4595 
f 4595 5159 5160 4597 
f 4597 5160 5161 4598 
f 3407 3322 3326 3323 
f 5162 3319 3330 5163 
f 5163 3330 3327 5008 
f 5008 3327 4561 5007 
f 5007 4561 4558 5164 
f 5164 4558 5166 5165 
f 3441 3448 3440 3205 
f 3205 3440 3437 3204 
f 3204 3437 3435 3099 
f 3099 3435 3429 3098 
f 3098 3429 3420 3084 
f 3084 3420 3421 3083 
f 3070 3346 3343 3069 
f 2956 2952 10963 10966 
f 2959 2953 11092 11095 
f 4691 4688 11027 11030 
f 4694 4689 11143 11146 
f 2915 2909 2908 
f 3553 3554 4487 4493 
f 3410 3553 4493 3409 
f 3554 3567 4490 4487 
f 3567 5167 4507 4490 
f 4578 4579 4576 4577 
f 4590 4591 4494 4503 
f 4578 4590 4503 4504 
f 4591 4598 3408 4494 
f 4598 5161 3411 3408 
f 4511 4579 4505 4510 
f 3322 3407 5168 3321 
f 3407 3405 5169 5168 
f 3405 3560 5170 5169 
f 3566 5146 5172 5171 
f 3136 3137 3454 3455 
f 3140 3141 3202 3201 
f 5173 5174 3563 3564 
f 5175 5176 3561 3562 
f 5177 3140 3201 3569 
f 3137 3426 3536 3454 
f 3538 3539 3474 3473 
f 3539 3136 3455 3474 
f 3141 3538 3473 3202 
f 5175 3325 5179 5178 
f 3326 3322 3319 5162 
f 3132 3133 3456 
f 4797 2909 2915 4800 
f 4800 2915 2914 4799 
f 4799 2914 2916 4801 
f 4801 2916 2919 4802 
f 4802 2919 2918 4803 
f 4803 2918 2917 4804 
f 4804 2917 4543 4805 
f 4805 4543 4542 4544 
f 4544 4542 2926 4547 
f 4547 2926 2924 4806 
f 4806 2924 2923 4563 
f 4563 2923 2920 4566 
f 4566 2920 3759 4839 
f 4839 3759 2829 3011 
f 3011 2829 2826 3010 
f 3010 2826 2830 4823 
f 4823 2830 2936 4822 
f 4822 2936 2937 4821 
f 4821 2937 2932 4820 
f 4820 2932 2933 4819 
f 4819 2933 2940 4818 
f 4818 2940 2941 4817 
f 4817 2941 2930 4816 
f 4816 2930 2931 4815 
f 4815 2931 2938 4814 
f 4814 2938 2939 4813 
f 4813 2939 2934 4812 
f 4812 2934 2935 4811 
f 4811 2935 2942 4810 
f 4810 2942 2943 4809 
f 4809 2943 2944 4808 
f 4808 2944 3579 4838 
f 4838 3579 3578 4837 
f 4837 3578 3784 4807 
f 4807 3784 9248 8870 
f 5180 3577 3574 5181 
f 5181 3574 2951 5182 
f 5182 2951 2862 5183 
f 5183 2862 2859 5184 
f 5184 2859 2856 5185 
f 5185 2856 2843 5186 
f 5186 2843 2840 5187 
f 5187 2840 2851 5188 
f 5188 2851 2848 5189 
f 5189 2848 2835 5190 
f 5190 2835 2832 5191 
f 5191 2832 2855 5192 
f 5192 2855 2852 5193 
f 5193 2852 2839 5194 
f 5194 2839 2836 5195 
f 5195 2836 2847 5196 
f 5196 2847 2844 5197 
f 5197 2844 2860 5198 
f 5198 2860 2929 5199 
f 5199 2929 3760 5200 
f 5200 3760 3761 5201 
f 5201 3761 5203 5202 
f 5204 2928 2945 5205 
f 5205 2945 2946 5206 
f 5206 2946 2948 5207 
f 5207 2948 2949 5208 
f 5208 2949 2886 5209 
f 5210 2883 2878 5211 
f 5212 2875 2870 5213 
f 5214 2867 2882 5215 
f 5216 2879 2874 5217 
f 5218 2871 5220 5219 
f 5221 2913 4623 5222 
f 5222 4623 5224 5223 
f 3016 10995 11194 4796 
f 4746 11059 11074 4772 
f 3016 11119 11132 3015 
f 4747 11170 11183 4774 
f 2910 2909 4797 4798 
f 4660 3017 3014 3051 
f 3313 3274 3520 5225 
f 3588 3313 5225 3604 
f 3053 3422 3419 3056 
f 2952 3343 3344 2955 
f 3418 3345 3417 
f 3417 3345 3451 
f 3451 3345 3054 
f 3054 3345 3053 
f 3053 3345 3422 
f 3422 3345 3346 3421 
f 3421 3346 3070 3083 
f 3083 3070 3071 3086 
f 3086 3071 3073 3088 
f 3088 3073 3075 3090 
f 3090 3075 3077 3092 
f 3092 3077 3079 3094 
f 3094 3079 3081 3096 
f 3096 3081 3111 3423 
f 3423 3111 4548 4562 
f 4562 4548 3119 3425 
f 3425 3119 3120 3424 
f 3424 3120 3131 3427 
f 3427 3131 3132 3426 
f 3426 3132 3456 3536 
f 3536 3456 3184 3519 
f 3519 3184 3518 
f 3518 3184 3517 
f 3517 3184 3180 3516 
f 3516 3180 3179 3515 
f 3515 3179 3181 3514 
f 3514 3181 3182 3513 
f 3513 3182 3183 3512 
f 3512 3183 3736 3739 
f 3310 3178 3175 3309 
f 3309 3175 3173 3535 
f 3535 3173 3171 3534 
f 3534 3171 3169 3533 
f 3533 3169 3167 3532 
f 3532 3167 3165 3531 
f 3531 3165 3163 3530 
f 3530 3163 3161 3529 
f 3529 3161 3159 3528 
f 3528 3159 3157 3527 
f 3527 3157 3155 3526 
f 3526 3155 3153 3525 
f 3525 3153 3151 3524 
f 3524 3151 3149 3523 
f 3523 3149 3147 3522 
f 3522 3147 3143 3521 
f 3521 3143 3144 3520 
f 3520 3144 3587 5225 
f 5225 3587 3584 3604 
f 3604 3584 3787 3605 
f 3605 3787 5226 3792 
f 3785 3788 3585 3580 
f 3580 3585 3586 3583 
f 3583 3586 3145 2977 
f 2977 3145 3146 2976 
f 2976 3146 3148 2980 
f 2980 3148 3150 2982 
f 2982 3150 3152 2984 
f 2984 3152 3154 2986 
f 2986 3154 3156 2988 
f 2988 3156 3158 2990 
f 2990 3158 3160 2992 
f 2992 3160 3162 2994 
f 2994 3162 3164 2996 
f 2996 3164 3166 2998 
f 2998 3166 3168 3000 
f 3000 3168 3170 3002 
f 3002 3170 3172 3004 
f 3004 3172 3174 3006 
f 3006 3174 3176 3008 
f 3008 3176 3177 3762 
f 3762 3177 3133 3765 
f 3765 3133 3134 3767 
f 3767 3134 3121 2973 
f 2973 3121 3122 2972 
f 2972 3122 4549 4840 
f 4840 4549 3112 2970 
f 2970 3112 3082 2968 
f 2968 3082 3080 2966 
f 2966 3080 3078 2964 
f 2964 3078 3076 2962 
f 2962 3076 3074 2960 
f 2960 3074 3072 2957 
f 2957 3072 3069 2956 
f 2956 3069 3343 2952 
f 3048 3049 5228 5227 
f 3051 3052 5230 5229 
f 3332 3333 5232 5231 
f 3049 3412 5233 5228 
f 3333 3048 5227 5232 
f 3052 3332 5231 5230 
f 4660 3051 5229 4659 
f 3412 3344 3345 5233 
f 5227 5228 3416 3433 
f 5229 5230 3438 3450 
f 5231 5232 3342 3339 
f 5228 5233 3418 3416 
f 5232 5227 3433 3342 
f 5230 5231 3339 3438 
f 4659 5229 3450 
f 5233 3345 3418 
f 4624 4621 2863 4627 
f 4627 2863 2864 4836 
f 4835 5234 2895 4834 
f 4833 2896 2903 4832 
f 4831 2904 2891 4830 
f 4829 2892 2899 4828 
f 4827 2900 2906 4826 
f 4825 2907 2910 4824 
f 4824 2910 4798 3044 
f 3044 4798 11144 11013 
f 3432 4690 11028 11137 
f 4783 4687 11093 11079 
f 4784 2954 10964 11188 
f 2955 3344 3412 3413 
f 4339 4340 4347 4344 
f 4341 4342 4351 4348 
f 4343 4341 4348 4352 
f 4342 4339 4344 4351 
f 4464 4343 4352 4463 
f 4340 4106 4107 4347 
f 4099 4100 5235 4158 
f 4154 4155 4326 4338 
f 4099 4154 4338 4098 
f 4155 4159 4329 4326 
f 4159 4106 4340 4329 
f 4100 5152 5236 5235 
f 2796 4982 4936 2801 
f 2801 4936 4937 2803 
f 2803 4937 4944 2805 
f 2805 4944 4955 2807 
f 2807 4955 4960 2808 
f 2808 4960 5012 2811 
f 2811 5012 4988 2813 
f 2813 4988 4989 2815 
f 2815 4989 5016 2817 
f 2817 5016 4480 2819 
f 2819 4480 4481 2821 
f 2821 4481 4477 2823 
f 2823 4477 4478 2825 
f 2825 4478 4440 4520 
f 4520 4440 4437 4425 
f 4425 4437 4387 4426 
f 4426 4387 4384 4292 
f 4292 4384 4299 4293 
f 4096 4298 5122 4095 
f 4094 5120 5121 4093 
f 4092 5118 5119 4091 
f 4090 5116 5117 4089 
f 4088 5114 5115 4087 
f 4086 5112 5113 4085 
f 4084 5109 5110 4083 
f 4082 5106 5107 4081 
f 5237 5123 5124 5238 
f 4217 5124 4185 4117 
f 4117 4185 4183 4120 
f 4120 4183 5108 4122 
f 4122 5108 5111 4121 
f 4121 5111 4396 4126 
f 4126 4396 4394 4125 
f 4125 4394 4529 4129 
f 4129 4529 4408 4132 
f 4132 4408 4405 4131 
f 4131 4405 4404 4305 
f 4305 4404 4402 4307 
f 4307 4402 4399 4300 
f 4300 4399 4400 4303 
f 4303 4400 4454 4446 
f 4446 4454 4992 4531 
f 4531 4992 5015 4994 
f 4994 5015 4946 4904 
f 4904 4946 4947 4903 
f 4903 4947 4963 4902 
f 4902 4963 4964 4901 
f 4901 4964 4965 4900 
f 4900 4965 4966 4899 
f 4899 4966 4961 4898 
f 4898 4961 4962 4906 
f 4906 4962 4977 4922 
f 4922 4977 4929 4921 
f 4921 4929 4930 4974 
f 4974 4930 4978 9040 
f 4217 4216 4220 4240 
f 4216 4213 4223 4220 
f 4213 4188 4225 4223 
f 4188 4189 4227 4225 
f 4189 4144 4227 
f 3889 3890 3867 3864 
f 3917 3918 3922 3919 
f 3953 3889 3864 3987 
f 3890 3966 3955 3867 
f 3953 3847 3828 3888 
f 4005 4006 4007 4008 
f 4044 4045 4239 4238 
f 4005 4044 4238 4004 
f 3966 3918 3914 3955 
f 4006 3917 3919 4007 
f 5238 5124 4217 4240 
f 3826 3847 3825 
f 4619 5239 4622 4618 
f 5239 5224 4623 4622 
f 5240 11195 11193 4674 
f 5242 5243 4629 4613 
f 5243 5240 4674 4629 
f 5244 11196 11142 4794 
f 5241 11197 11090 4795 
f 5245 11198 11025 4625 
f 5223 5224 9315 5247 
f 5246 4620 4621 4624 
f 5242 4909 4910 
f 5242 4910 4967 9316 
f 4613 4617 4909 5242 
f 2746 5249 5248 5126 
f 5126 5248 5250 5125 
f 5145 5252 5251 5144 
f 5144 5251 5253 5143 
f 5143 5253 5254 5142 
f 5142 5254 5255 5141 
f 5141 5255 5256 5140 
f 5140 5256 5257 5139 
f 5139 5257 5258 5138 
f 5138 5258 5259 5137 
f 5137 5259 5260 5136 
f 5136 5260 5261 5135 
f 5134 5263 5262 5133 
f 5133 5262 5264 5132 
f 5132 5264 5265 5131 
f 5131 5265 5267 5266 
f 5135 5261 5263 5134 
f 5125 5250 5252 5145 
f 5104 5268 5249 2746 
f 5269 5272 5271 5270 
f 5273 5269 5270 5274 
f 5275 5278 5277 5276 
f 5279 5275 5276 5280 
f 5281 5279 5280 5282 
f 5283 5281 5282 5284 
f 5285 5283 5284 5286 
f 5287 5285 5286 5288 
f 5289 5287 5288 5290 
f 5291 5289 5290 5292 
f 5293 5291 5292 5294 
f 5295 5293 5294 5296 
f 5297 5300 5299 5298 
f 5301 5297 5298 5302 
f 5303 5301 5302 5304 
f 5300 5295 5296 5299 
f 5278 5273 5274 5277 
f 5305 9373 9374 5306 
f 5272 5305 5306 5271 
f 5248 5249 5272 5269 
f 5250 5248 5269 5273 
f 5251 5252 5278 5275 
f 5253 5251 5275 5279 
f 5254 5253 5279 5281 
f 5255 5254 5281 5283 
f 5256 5255 5283 5285 
f 5257 5256 5285 5287 
f 5258 5257 5287 5289 
f 5259 5258 5289 5291 
f 5260 5259 5291 5293 
f 5261 5260 5293 5295 
f 5262 5263 5300 5297 
f 5264 5262 5297 5301 
f 5265 5264 5301 5303 
f 5263 5261 5295 5300 
f 5252 5250 5273 5278 
f 5268 9376 9373 5305 
f 5249 5268 5305 5272 
f 5270 5271 5308 5307 
f 5274 5270 5307 5309 
f 5276 5277 5311 5310 
f 5280 5276 5310 5312 
f 5282 5280 5312 5313 
f 5284 5282 5313 5314 
f 5286 5284 5314 5315 
f 5288 5286 5315 5316 
f 5290 5288 5316 5317 
f 5292 5290 5317 5318 
f 5294 5292 5318 5319 
f 5296 5294 5319 5320 
f 5298 5299 5322 5321 
f 5302 5298 5321 5323 
f 5304 5302 5323 5324 
f 5299 5296 5320 5322 
f 5277 5274 5309 5311 
f 5306 9374 9395 5325 
f 5271 5306 5325 5308 
f 5308 5327 5326 5307 
f 5307 5326 5328 5309 
f 5309 5328 5329 5311 
f 5311 5329 5330 5310 
f 5310 5330 5331 5312 
f 5312 5331 5332 5313 
f 5313 5332 5333 5314 
f 5314 5333 5334 5315 
f 5315 5334 5335 5316 
f 5316 5335 5336 5317 
f 5317 5336 5337 5318 
f 5318 5337 5338 5319 
f 5319 5338 5339 5320 
f 5320 5339 5340 5322 
f 5322 5340 5341 5321 
f 5321 5341 5342 5323 
f 5323 5342 5343 5324 
f 5324 5343 9415 9416 
f 5325 5344 5327 5308 
f 5327 5345 5326 
f 5326 5345 5328 
f 5328 5345 5329 
f 5329 5345 5330 
f 5330 5345 5331 
f 5331 5345 5332 
f 5332 5345 5333 
f 5333 5345 5334 
f 5334 5345 5335 
f 5335 5345 5336 
f 5336 5345 5337 
f 5337 5345 5338 
f 5338 5345 5339 
f 5339 5345 5340 
f 5340 5345 5341 
f 5341 5345 5342 
f 5342 5345 5343 
f 5343 5345 9415 
f 5344 5345 5327 
f 3773 3774 5346 5150 
f 3802 9419 5347 3801 
f 3806 5348 9420 3805 
f 3778 3779 3780 3781 
f 3810 9421 7857 3775 
f 3813 5349 7881 3812 
f 3817 5351 5350 3816 
f 4268 9422 9423 4267 
f 3782 3783 3815 3812 
f 3774 3800 5352 5346 
f 3802 3803 3776 3777 
f 3806 3807 3819 3816 
f 3778 7866 5353 3777 
f 3810 3811 3769 3770 
f 3813 3814 5150 5346 
f 3817 3818 3804 3801 
f 3782 7882 3809 3781 
f 3829 3830 3848 3849 
f 3833 3834 3860 3861 
f 3837 3838 4270 4271 
f 3841 3842 3852 3853 
f 3845 3846 3856 3857 
f 3850 3851 3831 3832 
f 3854 3855 3835 3836 
f 3858 3859 3839 3840 
f 3862 3863 3843 3844 
f 3869 3870 3891 3888 
f 3873 3874 3895 3892 
f 3881 3882 3903 3900 
f 3885 3886 3907 3904 
f 3893 3894 3871 3868 
f 3897 3898 3883 3880 
f 3901 3902 3887 3884 
f 3905 3906 3875 3872 
f 3911 3912 4278 4279 
f 3920 3921 3926 3923 
f 3924 3925 3930 3927 
f 3928 3929 3934 3931 
f 3932 3933 3938 3935 
f 3936 3937 3942 3939 
f 3940 3941 3946 3943 
f 3944 3945 3950 3947 
f 3948 3949 3909 3910 
f 3829 3869 3888 3828 
f 3833 3873 3892 3832 
f 3841 3881 3900 3840 
f 3845 3885 3904 3844 
f 3850 3893 3868 3849 
f 3854 3897 3880 3853 
f 3858 3901 3884 3857 
f 3862 3905 3872 3861 
f 3870 3956 3967 3891 
f 3874 3958 3969 3895 
f 3882 3962 3973 3903 
f 3886 3964 3975 3907 
f 3894 3968 3957 3871 
f 3898 3970 3963 3883 
f 3902 3972 3965 3887 
f 3906 3974 3959 3875 
f 4001 4002 4284 4285 
f 4009 4010 4011 4012 
f 4013 4014 4015 4016 
f 4017 4018 4019 4020 
f 4021 4022 4023 4024 
f 4025 4026 4027 4028 
f 4029 4030 4031 4032 
f 4033 4034 4035 4036 
f 4037 4038 3999 4000 
f 4048 4049 4046 4043 
f 4052 4053 4050 4047 
f 4056 4057 4054 4051 
f 4060 4061 4058 4055 
f 4064 4065 4062 4059 
f 4068 4069 4066 4063 
f 4072 4073 4070 4067 
f 4076 4077 4074 4071 
f 4009 4048 4043 4008 
f 4013 4052 4047 4012 
f 4017 4056 4051 4016 
f 4021 4060 4055 4020 
f 4025 4064 4059 4024 
f 4029 4068 4063 4028 
f 4033 4072 4067 4032 
f 4037 4076 4071 4036 
f 4049 4081 5237 4046 
f 4053 4083 4082 4050 
f 4057 4085 4084 4054 
f 4061 4087 4086 4058 
f 4065 4089 4088 4062 
f 4069 4091 4090 4066 
f 4073 4093 4092 4070 
f 4077 4095 4094 4074 
f 4268 4269 3808 3805 
f 4276 4277 3899 3896 
f 3837 4276 3896 3836 
f 4277 4283 3971 3899 
f 4290 4291 4078 4075 
f 4001 4290 4075 4000 
f 4291 4293 4096 4078 
f 5107 4254 4255 5123 
f 5110 4254 5106 
f 5113 4257 5109 
f 5115 4259 5112 
f 5117 4261 5114 
f 5119 4263 5116 
f 5121 4265 5118 
f 5122 4295 5120 
f 4283 3912 3909 3971 
f 3970 3949 3950 3963 
f 3962 3945 3946 3973 
f 3972 3941 3942 3965 
f 3964 3937 3938 3975 
f 3974 3933 3934 3959 
f 3958 3929 3930 3969 
f 3968 3925 3926 3957 
f 3956 3921 3922 3967 
f 4010 3920 3923 4011 
f 4014 3924 3927 4015 
f 4018 3928 3931 4019 
f 4022 3932 3935 4023 
f 4026 3936 3939 4027 
f 4030 3940 3943 4031 
f 4034 3944 3947 4035 
f 4038 3948 3910 3999 
f 4002 3911 4279 4284 
f 3830 3811 3772 3848 
f 3851 3773 5150 3831 
f 3834 3814 3815 3860 
f 3863 3783 3780 3843 
f 3846 3779 3776 3856 
f 3859 3803 3804 3839 
f 3842 3818 3819 3852 
f 3855 3807 3808 3835 
f 3838 4269 4266 4270 
f 4293 4299 4298 4096 
f 4095 5122 5120 4094 
f 4093 5121 5118 4092 
f 4091 5119 5116 4090 
f 4089 5117 5114 4088 
f 4087 5115 5112 4086 
f 4085 5113 5109 4084 
f 4083 5110 5106 4082 
f 4081 5107 5123 5237 
f 4297 4299 4384 
f 5208 6451 6450 5207 
f 5207 6450 6452 5206 
f 5206 6452 6453 5205 
f 5205 6453 6454 5204 
f 5223 6456 6455 5222 
f 5222 6455 6457 5221 
f 5221 6457 6458 5362 
f 5218 6460 6459 5217 
f 5216 6462 6461 5215 
f 5214 6464 6463 5213 
f 5212 6466 6465 5211 
f 5210 6468 6467 5209 
f 2911 4543 2917 
f 5183 6470 6469 5182 
f 5199 6472 6471 5198 
f 5191 6474 6473 5190 
f 5195 6476 6475 5194 
f 5187 6478 6477 5186 
f 5197 6480 6479 5196 
f 5189 6482 6481 5188 
f 5193 6484 6483 5192 
f 5185 6486 6485 5184 
f 5198 6471 6480 5197 
f 5190 6473 6482 5189 
f 5194 6475 6484 5193 
f 5186 6477 6486 5185 
f 5196 6479 6476 5195 
f 5188 6481 6478 5187 
f 5192 6483 6474 5191 
f 5184 6485 6470 5183 
f 5392 6488 6487 5393 
f 5181 6490 6489 5180 
f 5182 6469 6490 5181 
f 5200 6491 6472 5199 
f 5201 6492 6491 5200 
f 5180 6489 9470 9471 
f 5401 5404 5403 5402 
f 5405 6543 6542 5406 
f 5406 6542 6544 5409 
f 5409 6544 6545 5411 
f 5411 6545 9484 9485 
f 5413 6547 6546 5414 
f 5414 6546 6548 5417 
f 5417 6548 6549 5419 
f 5419 6549 6550 5421 
f 5421 6550 6551 5423 
f 5423 6551 6552 5425 
f 5425 6552 6553 5427 
f 5427 6553 6554 5429 
f 5429 6554 6555 5431 
f 5431 6555 6556 5433 
f 5433 6556 6557 5435 
f 5435 6557 6558 5437 
f 5437 6558 6559 5439 
f 5439 6559 6560 5441 
f 5441 6560 6561 5443 
f 5443 6561 6562 5445 
f 5445 6562 6563 5447 
f 5447 6563 6543 5405 
f 5449 5452 6565 6564 
f 5453 5449 6564 6566 
f 5455 5453 6566 6567 
f 5457 5455 6567 6568 
f 5459 5462 6570 6569 
f 5463 5459 6569 6571 
f 5465 5468 6573 6572 
f 5469 5472 6575 6574 
f 5473 5476 6577 6576 
f 5477 5480 6579 6578 
f 5452 5482 6580 6565 
f 5462 5484 9556 6570 
f 5401 5402 5486 5485 
f 5487 5489 5488 9561 
f 5490 5491 5489 5487 
f 5492 5493 5491 5490 
f 5494 5496 5495 
f 5497 5500 5499 5498 
f 5498 5499 5502 5501 
f 5501 5502 5504 5503 
f 5402 5403 5492 5490 
f 5486 5402 5490 5487 
f 5393 5505 2927 5392 
f 5202 6493 6492 5201 
f 5507 5510 6582 6581 
f 5511 6583 6547 5413 
f 5513 10898 10897 5514 
f 5517 5520 10700 10699 
f 5521 5524 10702 10701 
f 5525 5528 10704 10703 
f 5529 5532 10706 10705 
f 5533 5536 10708 10707 
f 5537 5540 5539 5538 
f 5541 5544 5543 5542 
f 5545 5546 5543 
f 5547 5549 5548 
f 5550 5552 5551 
f 5553 5556 5555 5554 
f 5557 10710 10709 5558 
f 5561 5564 10900 10899 
f 5564 5566 10901 10900 
f 5566 5568 10902 10901 
f 5568 5570 10903 10902 
f 5571 5574 5573 5572 
f 5575 5571 5572 5576 
f 5577 5575 5576 5578 
f 5579 5577 5578 5580 
f 5581 5579 5580 5582 
f 5583 5581 5582 5584 
f 5585 5588 5587 5586 
f 5589 10905 10904 5590 
f 5593 5596 5595 5594 
f 5597 5600 10712 10711 
f 5542 5602 5601 5539 
f 5543 5603 5602 5542 
f 5548 5604 5603 5543 
f 5551 5605 5604 5548 
f 5554 5608 5607 5606 
f 5555 5609 5608 5554 
f 5573 5611 5610 5572 
f 5572 5610 5612 5576 
f 5576 5612 5613 5578 
f 5578 5613 5614 5580 
f 5580 5614 5615 5582 
f 5582 5615 5616 5584 
f 5573 5574 5618 5617 
f 5538 5620 5619 5595 
f 5621 5624 5623 5622 
f 5625 5628 5627 5626 
f 5629 5630 5628 5625 
f 5631 5632 5630 5629 
f 5633 5634 5632 5631 
f 5635 5638 5637 5636 
f 5639 5640 5638 5635 
f 5641 5588 5643 5642 
f 5642 5643 5645 5644 
f 5644 5645 5647 5646 
f 5646 5647 5649 5648 
f 5648 5649 5651 5650 
f 5650 5651 5653 5652 
f 5654 5657 5656 5655 
f 5658 5661 5660 5659 
f 5662 5663 5661 5658 
f 5664 5665 5663 5662 
f 5666 5667 5665 5664 
f 5668 5671 5670 5669 
f 5672 5673 5671 5668 
f 5674 5624 5676 5675 
f 5675 5676 5678 5677 
f 5677 5678 5680 5679 
f 5679 5680 5682 5681 
f 5681 5682 5684 5683 
f 5683 5684 5686 5685 
f 5687 5690 5689 5688 
f 5674 5611 5692 5691 
f 5602 5658 5659 5601 
f 5603 5662 5658 5602 
f 5604 5664 5662 5603 
f 5605 5666 5664 5604 
f 5608 5668 5669 5607 
f 5609 5672 5668 5608 
f 5611 5674 5675 5610 
f 5610 5675 5677 5612 
f 5612 5677 5679 5613 
f 5613 5679 5681 5614 
f 5614 5681 5683 5615 
f 5615 5683 5685 5616 
f 5620 5687 5688 5619 
f 5611 5573 5617 5692 
f 5624 5674 5691 5623 
f 5661 5694 5693 5660 
f 5663 5695 5694 5661 
f 5665 5696 5695 5663 
f 5667 5697 5696 5665 
f 5671 5699 5698 5670 
f 5673 5700 5699 5671 
f 5624 5621 5701 5676 
f 5676 5701 5702 5678 
f 5678 5702 5703 5680 
f 5680 5703 5704 5682 
f 5682 5704 5705 5684 
f 5684 5705 5706 5686 
f 5690 5708 5707 5689 
f 5709 5712 5711 5710 
f 5596 5537 5538 5595 
f 5600 5714 10713 10712 
f 5715 5593 5594 5716 
f 5619 5717 5594 5595 
f 5718 5721 5720 5719 
f 5722 5712 5656 5723 
f 5689 5721 5724 5688 
f 5725 5717 5724 5726 
f 5688 5724 5717 5619 
f 5716 5594 5717 5725 
f 5726 5724 5721 5718 
f 5707 5720 5721 5689 
f 5641 5621 5622 5727 
f 5588 5641 5727 5587 
f 5728 5730 5729 
f 5731 5733 5732 
f 5628 5735 5734 5627 
f 5654 5708 5693 5626 
f 5736 5737 5733 5731 
f 5630 5738 5735 5628 
f 5625 5694 5695 5629 
f 5739 5737 5736 
f 5632 5740 5738 5630 
f 5741 5737 5739 
f 5634 5742 5740 5632 
f 5743 5745 5744 
f 5638 5747 5746 5637 
f 5748 5745 5743 
f 5640 5749 5747 5638 
f 5635 5699 5700 5639 
f 5750 5753 5752 5751 
f 5588 5585 5754 5643 
f 5642 5701 5621 5641 
f 5751 5752 5755 
f 5643 5754 5756 5645 
f 5644 5702 5701 5642 
f 5755 5752 5757 
f 5645 5756 5758 5647 
f 5646 5703 5702 5644 
f 5757 5752 5759 
f 5647 5758 5760 5649 
f 5648 5704 5703 5646 
f 5759 5752 5761 
f 5649 5760 5762 5651 
f 5650 5705 5704 5648 
f 5761 5752 5764 5763 
f 5651 5762 5765 5653 
f 5652 5706 5705 5650 
f 5766 5733 5768 5767 
f 5657 5769 5723 5656 
f 5655 5707 5708 5654 
f 5770 5771 5730 5728 
f 5712 5722 5772 5711 
f 5710 5719 5720 5709 
f 5709 5720 5707 5655 
f 5712 5709 5655 5656 
f 5773 10907 10906 5774 
f 5555 5556 5778 5777 
f 5609 5555 5777 5779 
f 5639 5700 5781 5780 
f 5673 5672 5783 5782 
f 5672 5609 5779 5783 
f 5700 5673 5782 5781 
f 5640 5639 5780 5784 
f 5749 5640 5784 5785 
f 5748 5787 5786 5745 
f 5788 10715 10714 5789 
f 5763 5764 5792 
f 5583 5584 5794 5793 
f 5686 5706 5796 5795 
f 5616 5685 5798 5797 
f 5584 5616 5797 5794 
f 5685 5686 5795 5798 
f 5653 5765 5800 5799 
f 5652 5653 5799 5801 
f 5706 5652 5801 5796 
f 5802 5711 5772 5803 
f 5804 5715 5716 5805 
f 5806 5718 5719 5807 
f 5808 5725 5726 5809 
f 5805 5716 5725 5808 
f 5809 5726 5718 5806 
f 5807 5719 5710 5810 
f 5810 5710 5711 5802 
f 5811 5812 5753 
f 5813 5816 10909 10908 
f 5817 5819 5818 
f 5820 5823 5822 5821 
f 5824 5827 5826 5825 
f 5828 5831 5830 5829 
f 5829 5830 5823 5820 
f 5832 5835 5834 5833 
f 5833 5834 5837 5836 
f 5836 5837 5827 5824 
f 5838 5841 10717 10716 
f 5607 5605 5551 5606 
f 5637 5634 5633 5636 
f 5670 5667 5666 5669 
f 5669 5666 5605 5607 
f 5698 5697 5667 5670 
f 5746 5742 5634 5637 
f 5842 5843 5606 
f 5587 5802 5803 5586 
f 5618 5804 5805 5617 
f 5623 5806 5807 5622 
f 5692 5808 5809 5691 
f 5617 5805 5808 5692 
f 5691 5809 5806 5623 
f 5622 5807 5810 5727 
f 5727 5810 5802 5587 
f 5750 5811 5753 
f 5844 5813 10908 10910 
f 5846 5792 5764 
f 5794 5820 5821 5793 
f 5796 5824 5825 5795 
f 5798 5828 5829 5797 
f 5797 5829 5820 5794 
f 5795 5825 5828 5798 
f 5800 5832 5833 5799 
f 5799 5833 5836 5801 
f 5801 5836 5824 5796 
f 5847 5533 10707 10718 
f 5540 5541 5542 5539 
f 5601 5620 5538 5539 
f 5627 5657 5654 5626 
f 5660 5690 5687 5659 
f 5659 5687 5620 5601 
f 5693 5708 5690 5660 
f 5766 5732 5733 
f 5734 5769 5657 5627 
f 5693 5694 5625 5626 
f 5781 5849 9921 5780 
f 5783 5851 5850 5782 
f 5779 9922 5851 5783 
f 5782 5850 5849 5781 
f 5780 9921 9923 5784 
f 5784 9923 5852 5785 
f 5853 5855 5854 5787 
f 9927 5817 5856 9929 
f 5827 9930 9931 5826 
f 5831 9932 5857 5830 
f 5826 9931 9932 5831 
f 5835 9933 5858 5834 
f 5834 5858 5859 5837 
f 5837 5859 9930 5827 
f 5860 10766 10765 5861 
f 5862 5864 10832 10831 
f 5865 10834 10833 5866 
f 5869 10836 10835 5870 
f 5873 10838 10837 5874 
f 5877 10840 10839 5878 
f 5881 10842 10841 5882 
f 5884 10843 10842 5881 
f 5885 10768 10767 5882 
f 5887 10769 10768 5885 
f 5889 10770 10769 5887 
f 5891 10771 10770 5889 
f 5884 10773 10772 5892 
f 5895 10845 10844 5896 
f 5896 10844 10846 5899 
f 5860 10847 10845 5895 
f 5864 10775 10774 5901 
f 5891 10849 10848 5903 
f 5899 10846 10850 5904 
f 5906 5909 10777 10776 
f 5862 10831 10851 5910 
f 5904 10850 10852 5892 
f 5912 10779 10778 5903 
f 5914 10854 10853 5861 
f 5516 10847 10853 5515 
f 5518 5519 10775 10780 
f 5839 10782 10781 5523 
f 5522 10784 10783 5527 
f 5526 10786 10785 5531 
f 5530 10788 10787 5535 
f 5560 10789 10767 5559 
f 5894 10773 10789 5560 
f 5563 10855 10841 5562 
f 5565 10856 10855 5563 
f 5567 10857 10856 5565 
f 5569 10849 10857 5567 
f 5592 10843 10852 5591 
f 5599 10791 10790 5598 
f 5598 10790 10792 5916 
f 5713 10766 10791 5599 
f 5776 10832 10858 5775 
f 5791 10771 10778 5790 
f 5916 10792 10793 5917 
f 5815 5918 10860 10859 
f 5518 10780 10794 5840 
f 5917 10793 10772 5893 
f 5814 10861 10848 5845 
f 5534 10795 10765 5848 
f 5713 10713 10718 5848 
f 5863 5776 10907 10911 
f 5868 10913 10912 5867 
f 5872 10915 10914 5871 
f 5876 10917 10916 5875 
f 5880 10919 10918 5879 
f 5883 10920 10899 5562 
f 5592 10905 10920 5883 
f 5886 10719 10709 5559 
f 5888 10720 10719 5886 
f 5890 10721 10720 5888 
f 5791 10715 10721 5890 
f 5898 10922 10921 5897 
f 5897 10921 10923 5900 
f 5516 10898 10922 5898 
f 5519 10700 10722 5902 
f 5569 10903 10910 5845 
f 5900 10923 10924 5905 
f 5907 5908 10724 10723 
f 5863 10911 10925 5911 
f 5905 10924 10904 5591 
f 5913 10725 10714 5790 
f 5915 10926 10897 5515 
f 5495 5496 5500 5497 
f 5503 5504 5942 
f 5943 6588 6587 5944 
f 5511 6497 6496 5507 
f 5202 5203 5505 5393 
f 2885 2886 2949 2911 
f 2885 2905 2897 2884 
f 3019 10996 11194 4661 
f 3403 3404 3757 3559 
f 3549 3550 3558 3557 
f 3403 3549 3557 3389 
f 3550 3563 3569 3558 
f 3624 3625 3620 3621 
f 5945 5947 5946 
f 3623 5948 3640 3628 
f 3625 3404 3390 3620 
f 4685 3019 4661 4662 
f 4663 4685 4662 4658 
f 4750 11061 11060 4745 
f 3020 11121 11120 4796 
f 4751 11172 11171 4748 
f 3563 5174 5177 3569 
f 5209 2886 2883 5210 
f 4826 2906 2907 4825 
f 5209 6467 6451 5208 
f 5847 5950 5949 5533 
f 2905 2906 2900 2897 
f 2864 2865 5952 5951 
f 2865 2887 5953 5952 
f 2887 2912 5220 5953 
f 3039 11006 11199 5954 
f 4675 3039 5954 5956 
f 4770 11071 11200 5957 
f 3040 11131 11201 5955 
f 4771 11182 11202 5958 
f 5362 2912 2913 5221 
f 4836 2864 5951 5959 
f 5362 6458 6494 5219 
f 4632 5956 4676 
f 5473 6576 6584 5961 
f 5963 5964 10043 10044 
f 5774 10906 10927 5965 
f 5777 5778 5964 5963 
f 5901 10774 10796 5967 
f 5775 10858 10862 5966 
f 5902 10722 10726 5968 
f 5968 10726 10760 10051 
f 5779 5963 10044 9922 
f 5779 5777 5963 
f 5463 6571 6585 5970 
f 5918 10929 10928 5972 
f 5975 5978 5977 5976 
f 5815 10909 10929 5918 
f 5822 5823 5978 5975 
f 5906 10776 10779 5912 
f 5815 10859 10861 5814 
f 5907 10723 10725 5913 
f 5823 5830 5978 
f 5978 5830 5857 5977 
f 3392 3393 3559 3757 
f 3543 3544 3551 3552 
f 3393 3543 3552 3559 
f 3544 3561 3564 3551 
f 3628 3640 3637 3751 
f 3756 3392 3757 3622 
f 3561 5176 5173 3564 
f 4460 5980 5979 5152 
f 4458 5981 5980 4460 
f 4459 5982 5981 4458 
f 4456 5983 5982 4459 
f 4457 4665 5983 4456 
f 5979 5980 4507 5167 
f 5980 5981 4506 4507 
f 5981 5982 4508 4506 
f 5982 5983 4509 4508 
f 5983 4665 4510 4509 
f 3546 3398 3565 3560 
f 3622 3623 3628 3756 
f 5146 3628 3751 5984 
f 3628 3626 3756 
f 3752 3753 3636 3754 
f 5985 5988 5987 5986 
f 3610 4105 3695 3615 
f 5984 5236 5152 5979 
f 4156 4157 4173 4167 
f 4157 4158 4176 4173 
f 4160 4156 4167 4168 
f 4160 4116 4106 4159 
f 4158 5235 4181 4176 
f 5235 5236 4103 4181 
f 5146 5984 5172 
f 4115 4116 4161 4162 
f 4106 4114 4109 
f 3572 3610 3615 3571 
f 5989 3799 5991 5990 
f 5992 3731 3730 5993 
f 5993 3730 3729 5994 
f 5994 3729 3728 5995 
f 5995 3728 3727 5996 
f 5996 3727 3725 5997 
f 5997 3725 3723 5998 
f 5998 3723 3721 5999 
f 5999 3721 3719 6000 
f 6000 3719 3717 6001 
f 6001 3717 3715 6002 
f 6002 3715 3713 6003 
f 6003 3713 3711 6004 
f 6004 3711 3709 6005 
f 6005 3709 3707 6006 
f 6006 3707 3705 6007 
f 6007 3705 3703 6008 
f 6008 3703 3701 6009 
f 6009 3701 3699 6010 
f 6010 3699 3697 6011 
f 6011 3697 3748 6012 
f 6013 3749 5945 
f 3733 3749 3696 3732 
f 3732 3696 3695 5986 
f 5986 3695 4105 5985 
f 5985 4105 3694 6014 
f 6014 3694 3693 6015 
f 6015 3693 3799 5989 
f 6016 6019 6018 6017 
f 6020 6021 3735 5987 
f 6022 6025 6024 6023 
f 6025 6027 6026 6024 
f 6028 6031 6030 6029 
f 6031 6033 6032 6030 
f 6033 6035 6034 6032 
f 6035 6037 6036 6034 
f 6037 6039 6038 6036 
f 6039 6041 6040 6038 
f 6041 6043 6042 6040 
f 6043 6045 6044 6042 
f 6045 6047 6046 6044 
f 6047 6049 6048 6046 
f 6049 6051 6050 6048 
f 6051 6053 6052 6050 
f 6053 6055 6054 6052 
f 6055 6057 6056 6054 
f 6057 6059 6058 6056 
f 6059 6061 6060 6058 
f 6061 6063 6062 6060 
f 6063 6065 6064 6062 
f 6065 6067 6066 6064 
f 6068 6070 6069 5946 
f 6070 6072 6071 6069 
f 6072 6022 6023 6071 
f 6073 6074 6021 3639 
f 6075 6028 6029 6076 
f 6077 6016 6017 6078 
f 6067 6080 6079 6066 
f 6019 6081 5988 6018 
f 6068 6083 6082 3688 
f 6020 6081 4104 3638 
f 3634 3635 6019 6016 
f 3638 3639 6021 6020 
f 3642 3643 6025 6022 
f 3643 3645 6027 6025 
f 3648 3649 6031 6028 
f 3649 3651 6033 6031 
f 3651 3653 6035 6033 
f 3653 3655 6037 6035 
f 3655 3657 6039 6037 
f 3657 3659 6041 6039 
f 3659 3661 6043 6041 
f 3661 3663 6045 6043 
f 3663 3665 6047 6045 
f 3665 3667 6049 6047 
f 3667 3669 6051 6049 
f 3669 3671 6053 6051 
f 3671 3673 6055 6053 
f 3673 3675 6057 6055 
f 3675 3677 6059 6057 
f 3677 3679 6061 6059 
f 3679 3681 6063 6061 
f 3681 3683 6065 6063 
f 3683 3685 6067 6065 
f 3688 3689 6070 6068 
f 3689 3691 6072 6070 
f 3691 3642 6022 6072 
f 6074 3734 3735 6021 
f 3747 3648 6028 6075 
f 3796 3634 6016 6077 
f 3685 3797 6080 6067 
f 3635 4104 6081 6019 
f 5946 5947 6083 6068 
f 5987 5988 6081 6020 
f 6017 6018 6014 6015 
f 5987 3735 3732 5986 
f 6023 6024 5945 
f 6024 6026 6013 5945 
f 6029 6030 6010 6011 
f 6030 6032 6009 6010 
f 6032 6034 6008 6009 
f 6034 6036 6007 6008 
f 6036 6038 6006 6007 
f 6038 6040 6005 6006 
f 6040 6042 6004 6005 
f 6042 6044 6003 6004 
f 6044 6046 6002 6003 
f 6046 6048 6001 6002 
f 6048 6050 6000 6001 
f 6050 6052 5999 6000 
f 6052 6054 5998 5999 
f 6054 6056 5997 5998 
f 6056 6058 5996 5997 
f 6058 6060 5995 5996 
f 6060 6062 5994 5995 
f 6062 6064 5993 5994 
f 6064 6066 5992 5993 
f 5946 6069 5945 
f 6069 6071 5945 
f 6071 6023 5945 
f 5948 6073 3639 3640 
f 6076 6029 6011 6012 
f 6078 6017 6015 5989 
f 6066 6079 6084 5992 
f 6018 5988 5985 6014 
f 3688 6082 3750 3687 
f 3638 4104 3753 3637 
f 3749 6013 6012 3748 
f 6013 6026 6076 6012 
f 6026 6027 6075 6076 
f 6027 3645 3747 6075 
f 3645 3646 3746 3747 
f 3646 3385 3742 3746 
f 3385 3386 3741 3742 
f 3749 3733 5945 
f 3733 3734 5947 5945 
f 3734 6074 6083 5947 
f 6074 6073 6082 6083 
f 6073 5948 3750 6082 
f 5948 3623 3624 3750 
f 6085 6088 6087 6086 
f 3445 6088 6089 3444 
f 6090 6093 6092 6091 
f 6094 6096 5178 6095 
f 6097 6094 6095 6098 
f 6097 6093 6100 6099 
f 5176 6096 6101 5173 
f 6102 6105 6104 6103 
f 6098 6092 6093 6097 
f 6091 6092 5010 6106 
f 6095 5178 5179 6107 
f 6098 6095 6107 5009 
f 6103 6104 6109 6108 
f 5175 5178 6096 5176 
f 6110 6100 6093 6090 
f 6111 6101 6096 6094 
f 6099 6111 6094 6097 
f 6099 6100 4557 4569 
f 5173 6101 4568 5174 
f 6085 6086 6105 6102 
f 6112 6115 6114 6113 
f 6116 6118 6117 6112 
f 3399 3400 6118 6116 
f 6112 6117 6119 6115 
f 6116 6121 6120 3399 
f 6117 6118 6102 6103 
f 6118 3400 6085 6102 
f 3400 3401 6089 
f 6122 6119 6108 
f 3324 3325 5175 3562 
f 3396 3397 3394 3391 
f 3401 3402 3442 3443 
f 3547 3548 3545 3542 
f 3397 3547 3542 3394 
f 3548 3324 3562 3545 
f 5009 5010 6092 6098 
f 3396 3627 5146 3395 
f 5179 3325 3326 5162 
f 6089 6088 6085 3400 
f 6106 5010 5007 5164 
f 6107 5179 5162 5163 
f 5009 6107 5163 5008 
f 6123 6109 6124 5165 
f 6115 6119 6122 
f 6089 3401 3443 3444 
f 6108 6119 6117 6103 
f 6112 6113 6121 6116 
f 5157 6126 6125 3316 
f 3402 6127 3442 
f 3399 6120 6127 3402 
f 4556 4557 6100 6110 
f 4567 4568 6101 6111 
f 4569 4567 6111 6099 
f 4569 4557 4552 3127 
f 5174 4568 5177 
f 5177 4568 3139 3140 
f 6113 6114 6129 6128 
f 6120 6121 6131 6130 
f 6121 6113 6128 6131 
f 6127 6120 6130 6132 
f 6133 6114 6115 6122 
f 3442 6127 6132 3441 
f 6134 3317 6135 4559 
f 6136 6137 5161 5160 
f 5005 6138 5159 5004 
f 3555 3556 5170 6139 
f 3568 3555 6139 5171 
f 6134 5006 5003 5158 
f 6138 6136 5160 5159 
f 5005 5006 4560 3328 
f 6137 6140 3411 5161 
f 6140 6141 3410 3411 
f 6141 3556 3553 3410 
f 3568 6142 5167 3567 
f 6125 6126 6129 6143 
f 6144 6126 5157 5156 
f 6145 6146 5155 5154 
f 6146 6144 5156 5155 
f 6147 6145 5154 5153 
f 3448 6147 5153 3447 
f 3320 3321 6137 6136 
f 3328 3329 6138 5005 
f 4559 4560 5006 6134 
f 3329 3320 6136 6138 
f 3321 5168 6140 6137 
f 5168 5169 6141 6140 
f 5169 5170 3556 6141 
f 5171 5172 6142 3568 
f 6128 6129 6126 6144 
f 6130 6131 6146 6145 
f 6131 6128 6144 6146 
f 6132 6130 6145 6147 
f 4559 6135 5166 4558 
f 6139 5170 3560 3565 
f 5171 6139 3565 3566 
f 3328 4560 4561 3327 
f 6143 6129 6114 6133 
f 3441 6132 6147 3448 
f 5172 5984 6142 
f 6142 5984 5979 5167 
f 5831 5828 5825 5826 
f 10221 6148 2780 2779 
f 6148 5130 2795 2780 
f 7842 9248 3784 3576 
f 10222 6149 5239 4619 
f 10223 10222 4619 4620 
f 6149 9315 5224 5239 
f 8857 11203 11020 3786 
f 6151 11449 11195 5240 
f 6152 5226 3787 3788 
f 7848 10225 3794 3608 
f 6153 7854 3755 3796 
f 10225 5991 3799 3794 
f 7845 3798 3686 3598 
f 7850 7855 3771 3630 
f 5353 9419 3802 3777 
f 5350 5348 3806 3816 
f 7856 9421 3810 3770 
f 5352 5349 3813 5346 
f 5347 5351 3817 3801 
f 9420 9422 4268 3805 
f 9423 6154 4411 4267 
f 10226 10227 3821 4410 
f 6154 10226 4410 4411 
f 10227 9219 3820 3821 
f 9316 10228 5243 5242 
f 10228 6151 5240 5243 
f 10229 11204 11196 5244 
f 10224 11450 11197 5241 
f 6155 11205 11198 5245 
f 10231 10232 5017 5018 
f 10232 2798 2799 5017 
f 9198 10231 5018 5043 
f 5151 9168 5077 5075 
f 5266 10221 2779 5131 
f 9471 7841 3577 5180 
f 6150 6152 3788 3785 
f 10230 10223 4620 5246 
f 2797 9052 4982 2796 
f 4968 9316 4967 
f 5105 9376 5268 5104 
f 10233 6156 5303 5304 
f 6156 5267 5265 5303 
f 9416 10233 5304 5324 
f 9395 6157 5344 5325 
f 6157 5345 5344 
f 5247 6495 6456 5223 
f 10234 10896 10862 5967 
f 6159 10797 10777 5909 
f 10051 10830 10796 5968 
f 5972 10863 10860 5918 
f 6158 10930 10927 5966 
f 6160 10727 10724 5908 
f 6084 7853 3731 5992 
f 10235 6163 6077 6078 
f 6163 6153 3796 6077 
f 5990 10235 6078 5989 
f 6164 6167 6166 6165 
f 3737 3738 3459 3223 
f 3739 3740 3224 3512 
f 3743 3744 3186 3458 
f 3740 3737 3223 3224 
f 3738 3743 3458 3459 
f 3744 3745 3185 3186 
f 3739 3736 3178 3310 
f 3386 3745 3541 3741 
f 3177 3736 3183 
f 5853 6169 6168 5855 
f 5941 5541 5540 5514 
f 5514 5540 5537 5513 
f 5513 5537 5596 5933 
f 5933 5596 5593 5932 
f 5932 5593 5715 5934 
f 5934 5715 5804 5936 
f 5936 5804 5618 5590 
f 5590 5618 5574 5589 
f 5589 5574 5571 5928 
f 5928 5571 5575 5561 
f 5561 5575 5577 5564 
f 5564 5577 5579 5566 
f 5566 5579 5581 5568 
f 5568 5581 5583 5570 
f 5570 5583 5793 5844 
f 5844 5793 5821 5813 
f 5813 5821 5822 5816 
f 5816 5822 5975 5974 
f 5974 5975 5976 5973 
f 6161 10043 5964 5965 
f 5965 5964 5778 5774 
f 5774 5778 5556 5773 
f 5773 5556 5553 5919 
f 5919 5553 5843 5939 
f 5921 5842 5552 5920 
f 5923 5550 5549 5922 
f 5925 5547 5546 5924 
f 5927 5545 5544 5926 
f 6170 6171 10729 10728 
f 5916 10729 10711 5598 
f 6170 10728 10730 6172 
f 6172 10730 10731 6173 
f 6173 10731 10710 5557 
f 6174 6176 6170 6175 
f 5510 6499 6498 5457 
f 5392 2927 2928 5204 
f 2921 2927 5505 
f 2921 5505 5203 
f 2921 5203 3761 3758 
f 6177 6178 5485 5486 
f 6179 6181 6180 
f 6182 5486 6183 
f 6184 9561 10257 
f 6185 6186 10259 
f 6179 6180 6186 6185 
f 6181 6179 6187 
f 6188 5487 9561 6184 
f 6189 5487 6188 
f 6190 5487 6189 
f 6191 5487 6190 
f 6192 5487 6191 
f 6193 5487 6192 
f 6183 5486 5487 6193 
f 5486 6182 6177 
f 5485 6178 6187 6179 
f 6194 6197 6196 6195 
f 6195 6196 6199 6198 
f 6198 6199 6201 6200 
f 6200 6201 6203 6202 
f 6202 6203 6205 6204 
f 6204 6205 6207 6206 
f 6206 6207 6209 6208 
f 6208 6209 6211 6210 
f 6210 6211 6213 6212 
f 6212 6213 6215 6214 
f 6214 6215 10289 6216 
f 6217 6220 6219 6218 
f 6218 6219 6222 6221 
f 6221 6222 6224 6223 
f 6223 6224 6226 6225 
f 6225 6226 6197 6194 
f 6227 6230 6229 6228 
f 6231 6227 6228 6232 
f 6233 6231 6232 6234 
f 6235 6233 6234 6236 
f 6237 6235 6236 6238 
f 6239 6237 6238 10310 
f 6240 10312 6242 6241 
f 6243 6240 6241 6244 
f 6245 6243 6244 6246 
f 6247 6245 6246 6248 
f 6249 6247 6248 6250 
f 6251 6249 6250 6252 
f 6253 6251 6252 6254 
f 6255 6253 6254 6256 
f 6257 6255 6256 6258 
f 6230 6257 6258 6229 
f 6259 6262 6261 6260 
f 6260 6261 6264 6263 
f 6263 6264 6266 6265 
f 6265 6266 6268 6267 
f 6267 6268 6270 6269 
f 6269 6270 10342 10343 
f 6271 6274 6273 6272 
f 6272 6273 6276 6275 
f 6275 6276 6278 6277 
f 6277 6278 6280 6279 
f 6279 6280 6282 6281 
f 6281 6282 6284 6283 
f 6283 6284 6286 6285 
f 6285 6286 6288 6287 
f 6287 6288 6290 6289 
f 6289 6290 6262 6259 
s 2
f 6291 6294 6293 6292 
f 6292 6293 6296 6295 
f 6295 6296 6298 6297 
f 6297 6298 6300 6299 
f 6299 6300 6302 6301 
f 6301 6302 10374 10375 
f 10376 10377 6304 6303 
f 6303 6304 6306 6305 
f 6305 6306 6308 6307 
f 6307 6308 6310 6309 
f 6309 6310 6312 6311 
f 6311 6312 6314 6313 
f 6313 6314 6316 6315 
f 6315 6316 6318 6317 
f 6317 6318 6320 6319 
f 6319 6320 6294 6291 
f 6294 6321 6293 
f 6293 6321 6296 
f 6296 6321 6298 
f 6298 6321 6300 
f 6300 6321 6302 
f 6302 6321 10374 
f 10377 6321 6304 
f 6304 6321 6306 
f 6306 6321 6308 
f 6308 6321 6310 
f 6310 6321 6312 
f 6312 6321 6314 
f 6314 6321 6316 
f 6316 6321 6318 
f 6318 6321 6320 
f 6320 6321 6294 
s 1
f 6322 6325 6324 6323 
f 6228 6229 6325 6322 
f 6230 6227 6194 6195 
f 6326 6322 6323 6327 
f 6232 6228 6322 6326 
f 6227 6231 6225 6194 
f 6328 6326 6327 6329 
f 6234 6232 6326 6328 
f 6231 6233 6223 6225 
f 6330 6328 6329 6331 
f 6236 6234 6328 6330 
f 6233 6235 6221 6223 
f 6332 6330 6331 6333 
f 6238 6236 6330 6332 
f 6235 6237 6218 6221 
f 6334 6332 6333 6335 
f 10310 6238 6332 6334 
f 6237 6239 6217 6218 
f 6336 10409 6338 6337 
f 6241 6242 10409 6336 
f 10312 6240 6214 6216 
f 6339 6336 6337 6340 
f 6244 6241 6336 6339 
f 6240 6243 6212 6214 
f 6341 6339 6340 6342 
f 6246 6244 6339 6341 
f 6243 6245 6210 6212 
f 6343 6341 6342 6344 
f 6248 6246 6341 6343 
f 6245 6247 6208 6210 
f 6345 6343 6344 6346 
f 6250 6248 6343 6345 
f 6247 6249 6206 6208 
f 6347 6345 6346 6348 
f 6252 6250 6345 6347 
f 6249 6251 6204 6206 
f 6349 6347 6348 6350 
f 6254 6252 6347 6349 
f 6251 6253 6202 6204 
f 6351 6349 6350 6352 
f 6256 6254 6349 6351 
f 6253 6255 6200 6202 
f 6353 6351 6352 6354 
f 6258 6256 6351 6353 
f 6255 6257 6198 6200 
f 6325 6353 6354 6324 
f 6229 6258 6353 6325 
f 6257 6230 6195 6198 
f 6324 6259 6260 6323 
f 6323 6260 6263 6327 
f 6327 6263 6265 6329 
f 6329 6265 6267 6331 
f 6331 6267 6269 6333 
f 6333 6269 10343 6335 
f 6338 6271 6272 6337 
f 6337 6272 6275 6340 
f 6340 6275 6277 6342 
f 6342 6277 6279 6344 
f 6344 6279 6281 6346 
f 6346 6281 6283 6348 
f 6348 6283 6285 6350 
f 6350 6285 6287 6352 
f 6352 6287 6289 6354 
f 6354 6289 6259 6324 
f 6292 6261 6262 6291 
f 6291 6262 6290 6319 
f 6319 6290 6288 6317 
f 6317 6288 6286 6315 
f 6315 6286 6284 6313 
f 6313 6284 6282 6311 
f 6311 6282 6280 6309 
f 6309 6280 6278 6307 
f 6307 6278 6276 6305 
f 6305 6276 6273 6303 
f 6303 6273 6274 10376 
f 10375 10342 6270 6301 
f 6301 6270 6268 6299 
f 6299 6268 6266 6297 
f 6297 6266 6264 6295 
f 6295 6264 6261 6292 
f 4239 4045 5238 4240 
f 5237 5238 4045 4046 
f 5929 5498 5501 5558 
f 5558 5501 5503 5557 
f 5557 5503 5942 6173 
f 6173 5942 6175 6172 
f 6172 6175 6170 
f 6174 6175 5942 5944 
f 5944 5942 5504 5943 
f 5943 5504 6356 6355 
f 6355 6356 6358 6357 
f 6357 6358 6360 6359 
f 6359 6360 6362 6361 
f 6361 6362 6364 6363 
f 6363 6364 6366 6365 
f 6365 6366 6368 6367 
f 6367 6368 6370 6369 
f 6369 6370 6372 6371 
f 6371 6372 6374 6373 
f 6373 6374 6376 6375 
f 6375 6376 6378 6377 
f 6377 6378 6380 6379 
f 6379 6380 6382 6381 
f 6381 6382 6384 6383 
f 6383 6384 6386 6385 
f 6385 6386 6388 6387 
f 6387 6388 6390 6389 
f 6389 6390 5404 6391 
f 6391 5404 5401 6392 
f 6392 5401 5485 6393 
f 6393 5485 6179 6394 
f 6394 6179 6185 10467 
f 6162 5488 5489 5938 
f 5938 5489 5491 5937 
f 5937 5491 5493 5940 
f 5940 5493 6165 5789 
f 5789 6165 6166 5788 
f 5788 6166 5495 5931 
f 5931 5495 5497 5930 
f 5930 5497 5498 5929 
f 6197 6178 6177 6196 
f 6196 6177 6182 6199 
f 6199 6182 6183 6201 
f 6201 6183 6193 6203 
f 6203 6193 6192 6205 
f 6205 6192 6191 6207 
f 6207 6191 6190 6209 
f 6209 6190 6189 6211 
f 6211 6189 6188 6213 
f 6213 6188 6184 6215 
f 6215 6184 10257 10289 
f 6220 10259 6186 6219 
f 6219 6186 6180 6222 
f 6222 6180 6181 6224 
f 6224 6181 6187 6226 
f 6226 6187 6178 6197 
f 3754 3908 5149 3752 
f 5148 3752 5149 
f 3752 5148 5147 
f 3752 5147 4103 
f 3751 4103 5236 5984 
f 6360 5403 6362 
f 6362 5403 6364 
f 6364 5403 6366 
f 6366 5403 6368 
f 6368 5403 6370 
f 6370 5403 6372 
f 6372 5403 6374 
f 6374 5403 6376 
f 6376 5403 6378 
f 6378 5403 6380 
f 6380 5403 6382 
f 6382 5403 6384 
f 6384 5403 6386 
f 6386 5403 6388 
f 6388 5403 6390 
f 6390 5403 5404 
f 3445 3446 6087 6088 
f 6086 6087 6396 6395 
f 6104 6105 6398 6397 
f 6109 6104 6397 6124 
f 6105 6086 6395 6398 
f 6087 3446 3115 6396 
f 5165 5166 6399 6123 
f 5165 6124 6106 5164 
f 6135 3317 3318 6400 
f 5166 6135 6400 6399 
f 6395 6396 4556 6110 
f 6397 6398 6090 6091 
f 6124 6397 6091 6106 
f 6398 6395 6110 6090 
f 6396 3115 3116 4556 
f 6109 6123 6122 6108 
f 6123 6399 6133 6122 
f 6399 6400 6143 6133 
f 6400 3318 6125 6143 
f 3316 3317 6134 5158 
f 3318 3316 6125 
f 2598 2599 2600 2597 
f 2633 2634 2635 2632 
f 2669 2666 2665 2668 
f 2668 2665 2630 2632 
f 2699 2698 2666 2669 
f 2722 2719 2718 2721 
f 2721 2718 2595 2597 
f 2633 2631 2719 2722 
f 5817 5846 5764 5819 
f 5729 5753 5812 5728 
f 6401 5771 5770 5767 
f 5768 6401 5767 
f 2685 2682 2681 2684 
f 2684 2681 2646 2648 
f 2707 2706 2682 2685 
f 2738 2735 2734 2737 
f 2737 2734 2611 2613 
f 2649 2647 2735 2738 
f 5787 5854 5786 
f 5817 5818 5856 
f 6402 5803 5772 6403 
f 6404 5734 5735 6405 
f 6405 5735 5738 6406 
f 6407 5747 5749 6408 
f 6409 5754 5585 6410 
f 6411 5756 5754 6409 
f 6412 5758 5756 6411 
f 6413 5760 5758 6412 
f 6414 5762 5760 6413 
f 6415 5765 5762 6414 
f 6416 5723 5769 6417 
f 6403 5772 5722 6418 
f 6418 5722 5723 6416 
f 6408 5749 5785 6419 
f 6420 5800 5765 6415 
f 6421 5586 5803 6402 
f 6422 5835 5832 6423 
f 6410 5585 5586 6421 
f 6423 5832 5800 6420 
f 6417 5769 5734 6404 
f 6419 5785 5852 6424 
f 6425 9933 5835 6422 
f 2614 2612 5733 5737 
f 2612 2610 5768 5733 
f 2610 2608 6401 5768 
f 2608 2606 5771 6401 
f 2606 2604 5730 5771 
f 2604 2602 5729 5730 
f 2602 2599 5753 5729 
f 2599 2598 5752 5753 
f 2598 2596 5764 5752 
f 2596 2594 5819 5764 
f 2594 2592 5818 5819 
f 2592 2590 5856 5818 
f 2590 2588 9929 5856 
f 6669 2622 5855 6168 
f 2622 2620 5854 5855 
f 2620 2618 5786 5854 
f 2618 2615 5745 5786 
f 2615 2614 5737 5745 
f 6402 6403 5728 5812 
f 6403 6418 5770 5728 
f 6418 6416 5767 5770 
f 6416 6417 5766 5767 
f 6417 6404 5732 5766 
f 6404 6405 5731 5732 
f 6405 6406 5736 5731 
f 6407 6408 5748 5743 
f 6408 6419 5787 5748 
f 6419 6424 5853 5787 
f 6424 5852 6426 
f 6425 6422 5817 9927 
f 6422 6423 5846 5817 
f 6423 6420 5792 5846 
f 6420 6415 5763 5792 
f 6415 6414 5761 5763 
f 6414 6413 5759 5761 
f 6413 6412 5757 5759 
f 6412 6411 5755 5757 
f 6411 6409 5751 5755 
f 6409 6410 5750 5751 
f 6410 6421 5811 5750 
f 6421 6402 5812 5811 
f 6426 6169 5853 6424 
f 2870 2875 2876 2869 
f 2874 2879 2880 2873 
f 2878 2883 2884 2877 
f 2882 2867 2868 2881 
f 2891 2904 2901 2890 
f 2895 5234 6427 2894 
f 2899 2892 2889 2898 
f 2903 2896 2893 2902 
f 2890 2901 2868 2869 
f 2894 6427 2872 2873 
f 2898 2889 2876 2877 
f 2902 2893 2880 2881 
f 3024 3021 10997 10998 
f 3028 3025 10999 11000 
f 3032 3029 11001 11002 
f 3036 3033 11003 11004 
f 3035 3030 4678 4677 
f 3031 3026 4680 4679 
f 3027 3022 4682 4681 
f 3023 3018 4684 4683 
f 4677 4678 4632 
f 4679 4680 4686 
f 4755 4752 11062 11063 
f 4759 4756 11064 11065 
f 4763 4760 11066 11067 
f 4767 4764 11068 11069 
f 4754 4749 11122 11123 
f 4758 4753 11124 11125 
f 4762 4757 11126 11127 
f 4766 4761 11128 11129 
f 4828 4827 11173 11174 
f 4830 4829 11175 11176 
f 4832 4831 11177 11178 
f 4834 4833 11179 11180 
f 2878 2875 5212 5211 
f 2870 2867 5214 5213 
f 2882 2879 5216 5215 
f 2874 2871 5218 5217 
f 5220 2912 5362 5219 
f 2895 2896 4833 4834 
f 2903 2904 4831 4832 
f 2891 2892 4829 4830 
f 2899 2900 4827 4828 
f 5472 5469 6501 6500 
f 5476 5473 6503 6502 
f 5961 6428 6505 6504 
f 5480 5477 6507 6506 
f 5468 5970 6585 6573 
f 5472 5465 6572 6575 
f 5476 5469 6574 6577 
f 5480 6428 6586 6579 
f 5524 5838 10716 10702 
f 5528 5521 10701 10704 
f 5532 5525 10703 10706 
f 5536 5529 10705 10708 
f 5544 5545 5543 
f 5546 5547 5548 5543 
f 5549 5550 5551 5548 
f 5552 5842 5606 5551 
f 5695 5696 5631 5629 
f 5696 5697 5633 5631 
f 5697 5698 5636 5633 
f 5841 5517 10699 10717 
f 5741 5744 5745 5737 
f 5698 5699 5635 5636 
f 5843 5553 5554 5606 
f 5867 5872 10836 10833 
f 5871 5876 10838 10835 
f 5875 5880 10840 10837 
f 5879 5915 10854 10839 
f 5911 5868 10834 10851 
f 5866 5869 10784 10781 
f 5870 5873 10786 10783 
f 5874 5877 10788 10785 
f 5878 5914 10795 10787 
f 5910 5865 10782 10794 
f 5920 5923 10915 10912 
f 5922 5925 10917 10914 
f 5924 5927 10919 10916 
f 5926 5941 10926 10918 
f 5939 5921 10913 10925 
f 5952 6427 5234 5951 
f 5953 2872 6427 5952 
f 5220 2871 2872 5953 
f 5958 4768 11070 11200 
f 5959 4835 11181 11202 
f 5951 5234 4835 5959 
f 5468 5465 6509 6508 
f 5532 5529 6431 6430 
f 5843 5842 5921 5939 
f 5552 5550 5923 5920 
f 5549 5547 5925 5922 
f 5546 5545 5927 5924 
f 5544 5541 5941 5926 
f 2614 2615 2616 2613 
f 2649 2650 2651 2648 
f 5738 5740 6432 6406 
f 5740 5742 6433 6432 
f 5746 5747 6407 6434 
f 5742 5746 6434 6433 
f 6406 6432 5739 5736 
f 6432 6433 5741 5739 
f 6433 6434 5744 5741 
f 6434 6407 5743 5744 
f 5355 6511 6510 5354 
f 5354 6510 6512 5356 
f 5356 6512 6513 5357 
f 5357 6513 6498 5358 
f 5360 6515 6514 5359 
f 5359 6514 6516 5361 
f 5361 6516 6517 5363 
f 5365 6509 6500 5364 
f 5367 6501 6502 5366 
f 5369 6503 6504 5368 
f 5371 6505 6506 5370 
f 5373 6507 6518 5372 
f 5375 6520 6519 5374 
f 5377 6522 6521 5376 
f 5379 6524 6523 5378 
f 5381 6526 6525 5380 
f 5383 6528 6527 5382 
f 5385 6530 6529 5384 
f 5387 6532 6531 5386 
f 5389 6534 6533 5388 
f 5391 6536 6535 5390 
f 5376 6521 6530 5385 
f 5378 6523 6532 5387 
f 5380 6525 6534 5389 
f 5382 6527 6536 5391 
f 5384 6529 6526 5381 
f 5386 6531 6528 5383 
f 5388 6533 6524 5379 
f 5390 6535 6520 5375 
f 5395 6499 6496 5394 
f 5397 6538 6537 5396 
f 5374 6519 6538 5397 
f 5398 6539 6522 5377 
f 5399 6540 6539 5398 
f 5396 6537 10590 5400 
f 5506 6497 6540 5399 
f 5506 6493 6487 5394 
f 5372 6518 6511 5355 
f 5363 6517 6508 5960 
f 10593 6541 6515 5360 
f 5395 6488 6454 5358 
f 5367 6462 6459 5364 
f 5369 6464 6461 5366 
f 5371 6466 6463 5368 
f 5373 6468 6465 5370 
f 5365 6460 6494 5960 
f 5408 6590 6589 5407 
f 5407 6589 6591 5410 
f 5410 6591 6592 5412 
f 5412 6592 6593 10602 
f 5416 6595 6594 5415 
f 5415 6594 6596 5418 
f 5418 6596 6597 5420 
f 5420 6597 6598 5422 
f 5422 6598 6599 5424 
f 5424 6599 6600 5426 
f 5426 6600 6601 5428 
f 5428 6601 6602 5430 
f 5430 6602 6603 5432 
f 5432 6603 6604 5434 
f 5434 6604 6605 5436 
f 5436 6605 6606 5438 
f 5438 6606 6607 5440 
f 5440 6607 6608 5442 
f 5442 6608 6609 5444 
f 5444 6609 6610 5446 
f 5446 6610 6611 5448 
f 5448 6611 6590 5408 
f 5451 6613 6612 5450 
f 5450 6612 6614 5454 
f 5454 6614 6615 5456 
f 5456 6615 6616 5458 
f 5461 6618 6617 5460 
f 5460 6617 6619 5464 
f 5467 6621 6620 5466 
f 5471 6623 6622 5470 
f 5475 6625 6624 5474 
f 5479 6627 6626 5478 
f 5481 6628 6613 5451 
f 5483 6629 6618 5461 
f 5509 6630 6587 5508 
f 5512 6588 6595 5416 
f 5512 6583 6581 5508 
f 5481 6580 6578 5478 
f 5474 6624 6631 5962 
f 5464 6619 6632 5971 
f 5509 6582 6568 5458 
f 5971 6632 6621 5467 
f 5466 6620 6623 5471 
f 5470 6622 6625 5475 
f 6429 6633 6627 5479 
f 6429 6586 6584 5962 
f 4683 4684 4686 
f 4681 4682 4686 
f 5955 3037 11005 11199 
f 5954 3034 4676 5956 
f 5957 4765 11130 11201 
f 4632 4675 5956 
f 5950 6628 6626 5949 
f 6431 6633 6631 6430 
f 6436 5714 5600 6435 
f 6435 5600 5597 6437 
f 6437 5597 6171 6438 
f 6438 6171 6170 6176 
f 6440 5969 5935 6439 
f 6439 5935 5520 6441 
f 6443 5841 5838 6442 
f 6445 5524 5521 6444 
f 6447 5528 5525 6446 
f 6448 5536 5533 5949 
f 5950 5847 5714 6436 
f 6446 5525 5532 6430 
f 6441 5520 5517 6449 
f 6449 5517 5841 6443 
f 6442 5838 5524 6445 
f 6444 5521 5528 6447 
f 6431 5529 5536 6448 
f 6174 6630 6616 6176 
s 2
f 6440 10698 10050 5969 
s 1
f 5494 5403 6360 5496 
f 5500 6356 5499 
f 5499 6356 5502 
f 5502 6356 5504 
f 5495 6166 6167 5494 
f 5494 6167 5403 
f 6360 6358 5496 
f 6358 6356 5500 5496 
f 6167 6164 5403 
f 6165 5493 5492 6164 
f 6164 5492 5403 
f 3627 3628 5146 
f 6451 5355 5354 6450 
f 6450 5354 5356 6452 
f 6452 5356 5357 6453 
f 6453 5357 5358 6454 
f 6456 5360 5359 6455 
f 6455 5359 5361 6457 
f 6457 5361 5363 6458 
f 6460 5365 5364 6459 
f 6462 5367 5366 6461 
f 6464 5369 5368 6463 
f 6466 5371 5370 6465 
f 6468 5373 5372 6467 
f 6470 5375 5374 6469 
f 6472 5377 5376 6471 
f 6474 5379 5378 6473 
f 6476 5381 5380 6475 
f 6478 5383 5382 6477 
f 6480 5385 5384 6479 
f 6482 5387 5386 6481 
f 6484 5389 5388 6483 
f 6486 5391 5390 6485 
f 6471 5376 5385 6480 
f 6473 5378 5387 6482 
f 6475 5380 5389 6484 
f 6477 5382 5391 6486 
f 6479 5384 5381 6476 
f 6481 5386 5383 6478 
f 6483 5388 5379 6474 
f 6485 5390 5375 6470 
f 6488 5395 5394 6487 
f 6490 5397 5396 6489 
f 6469 5374 5397 6490 
f 6491 5398 5377 6472 
f 6492 5399 5398 6491 
f 6489 5396 5400 9470 
f 6493 5506 5399 6492 
f 6467 5372 5355 6451 
f 6458 5363 5960 6494 
f 6495 10593 5360 6456 
f 6493 5202 5393 6487 
f 6488 5392 5204 6454 
f 6462 5216 5217 6459 
f 6464 5214 5215 6461 
f 6466 5212 5213 6463 
f 6468 5210 5211 6465 
f 6460 5218 5219 6494 
f 6497 5506 5394 6496 
f 6499 5395 5358 6498 
f 6501 5367 5364 6500 
f 6503 5369 5366 6502 
f 6505 5371 5368 6504 
f 6507 5373 5370 6506 
f 6509 5365 5960 6508 
f 6511 5452 5449 6510 
f 6510 5449 5453 6512 
f 6512 5453 5455 6513 
f 6513 5455 5457 6498 
f 6515 5462 5459 6514 
f 6514 5459 5463 6516 
f 6516 5463 5970 6517 
f 6509 5465 5472 6500 
f 6501 5469 5476 6502 
f 6503 5473 5961 6504 
f 6505 6428 5480 6506 
f 6507 5477 5482 6518 
f 6520 5405 5406 6519 
f 6522 5417 5419 6521 
f 6524 5433 5435 6523 
f 6526 5425 5427 6525 
f 6528 5441 5443 6527 
f 6530 5421 5423 6529 
f 6532 5437 5439 6531 
f 6534 5429 5431 6533 
f 6536 5445 5447 6535 
f 6521 5419 5421 6530 
f 6523 5435 5437 6532 
f 6525 5427 5429 6534 
f 6527 5443 5445 6536 
f 6529 5423 5425 6526 
f 6531 5439 5441 6528 
f 6533 5431 5433 6524 
f 6535 5447 5405 6520 
f 6499 5510 5507 6496 
f 6538 5409 5411 6537 
f 6519 5406 5409 6538 
f 6539 5414 5417 6522 
f 6540 5413 5414 6539 
f 6537 5411 9485 10590 
f 6497 5511 5413 6540 
f 6518 5482 5452 6511 
f 6517 5970 5468 6508 
f 6541 5484 5462 6515 
f 6543 5408 5407 6542 
f 6542 5407 5410 6544 
f 6544 5410 5412 6545 
f 6545 5412 10602 9484 
f 6547 5416 5415 6546 
f 6546 5415 5418 6548 
f 6548 5418 5420 6549 
f 6549 5420 5422 6550 
f 6550 5422 5424 6551 
f 6551 5424 5426 6552 
f 6552 5426 5428 6553 
f 6553 5428 5430 6554 
f 6554 5430 5432 6555 
f 6555 5432 5434 6556 
f 6556 5434 5436 6557 
f 6557 5436 5438 6558 
f 6558 5438 5440 6559 
f 6559 5440 5442 6560 
f 6560 5442 5444 6561 
f 6561 5444 5446 6562 
f 6562 5446 5448 6563 
f 6563 5448 5408 6543 
f 6565 5451 5450 6564 
f 6564 5450 5454 6566 
f 6566 5454 5456 6567 
f 6567 5456 5458 6568 
f 6570 5461 5460 6569 
f 6569 5460 5464 6571 
f 6573 5467 5466 6572 
f 6575 5471 5470 6574 
f 6577 5475 5474 6576 
f 6579 5479 5478 6578 
f 6580 5481 5451 6565 
f 9556 5483 5461 6570 
f 6582 5509 5508 6581 
f 6583 5512 5416 6547 
f 6576 5474 5962 6584 
f 6571 5464 5971 6585 
f 6585 5971 5467 6573 
f 6572 5466 5471 6575 
f 6574 5470 5475 6577 
f 6586 6429 5479 6579 
f 6583 5511 5507 6581 
f 6580 5482 5477 6578 
f 6582 5510 5457 6568 
f 6586 6428 5961 6584 
f 6588 5512 5508 6587 
f 6590 6391 6392 6589 
f 6589 6392 6393 6591 
f 6591 6393 6394 6592 
f 6592 6394 10467 6593 
f 6595 6355 6357 6594 
f 6594 6357 6359 6596 
f 6596 6359 6361 6597 
f 6597 6361 6363 6598 
f 6598 6363 6365 6599 
f 6599 6365 6367 6600 
f 6600 6367 6369 6601 
f 6601 6369 6371 6602 
f 6602 6371 6373 6603 
f 6603 6373 6375 6604 
f 6604 6375 6377 6605 
f 6605 6377 6379 6606 
f 6606 6379 6381 6607 
f 6607 6381 6383 6608 
f 6608 6383 6385 6609 
f 6609 6385 6387 6610 
f 6610 6387 6389 6611 
f 6611 6389 6391 6590 
f 6613 6436 6435 6612 
f 6612 6435 6437 6614 
f 6614 6437 6438 6615 
f 6615 6438 6176 6616 
f 6618 6440 6439 6617 
f 6617 6439 6441 6619 
f 6621 6443 6442 6620 
f 6623 6445 6444 6622 
f 6625 6447 6446 6624 
f 6627 6448 5949 6626 
f 6628 5950 6436 6613 
f 6629 10698 6440 6618 
f 6630 6174 5944 6587 
f 6588 5943 6355 6595 
f 6624 6446 6430 6631 
f 6619 6441 6449 6632 
f 6632 6449 6443 6621 
f 6620 6442 6445 6623 
f 6622 6444 6447 6625 
f 6633 6431 6448 6627 
f 6628 5481 5478 6626 
f 6633 6429 5962 6631 
f 6630 5509 5458 6616 
f 2588 6636 6635 6634 
f 6634 6635 6638 6637 
f 6637 6638 6640 6639 
f 6639 6640 6642 6641 
f 6641 6642 6644 6643 
f 6645 6648 6647 6646 
f 6646 6647 6650 6649 
f 6649 6650 6652 6651 
f 6651 6652 6654 6653 
f 6653 6654 6656 6655 
f 6655 6656 6658 6657 
f 6657 6658 6660 6659 
f 6661 6664 6663 6662 
f 6662 6663 6666 6665 
f 6665 6666 6668 6667 
f 6667 6668 6670 6669 
f 6671 2623 6673 6672 
f 6672 6673 6675 6674 
f 6674 6675 6677 6676 
f 6676 6677 6679 6678 
f 6678 6679 6681 6680 
f 6682 6685 6684 6683 
f 6683 6684 6687 6686 
f 6686 6687 6689 6688 
f 6688 6689 6691 6690 
f 6690 6691 6693 6692 
f 6692 6693 6695 6694 
f 6694 6695 6697 6696 
f 6698 6701 6700 6699 
f 6699 6700 6703 6702 
f 6702 6703 6705 6704 
f 6704 6705 6707 6706 
f 6708 6710 2659 6709 
f 6711 6708 6709 6712 
f 6713 6711 6712 6714 
f 6715 6713 6714 6716 
f 6717 6720 6719 6718 
f 6721 6717 6718 6722 
f 6723 6721 6722 6724 
f 6725 6723 6724 6726 
f 6727 6725 6726 6728 
f 6729 6727 6728 6730 
f 6731 6729 6730 6732 
f 6733 6736 6735 6734 
f 6737 6733 6734 6738 
f 6739 6737 6738 6740 
f 6741 6739 6740 6742 
f 6743 6741 6742 2693 
f 6673 2623 6710 6708 
f 6675 6673 6708 6711 
f 6677 6675 6711 6713 
f 6679 6677 6713 6715 
f 6685 6681 6720 6717 
f 6684 6685 6717 6721 
f 6687 6684 6721 6723 
f 6689 6687 6723 6725 
f 6691 6689 6725 6727 
f 6693 6691 6727 6729 
f 6695 6693 6729 6731 
f 6701 6697 6736 6733 
f 6700 6701 6733 6737 
f 6703 6700 6737 6739 
f 6705 6703 6739 6741 
f 6707 6705 6741 6743 
f 6709 2659 2694 6744 
f 6712 6709 6744 6745 
f 6714 6712 6745 6746 
f 6716 6714 6746 6747 
f 6718 6719 6749 6748 
f 6722 6718 6748 6750 
f 6724 6722 6750 6751 
f 6726 6724 6751 6752 
f 6728 6726 6752 6753 
f 6730 6728 6753 6754 
f 6732 6730 6754 6755 
f 6734 6735 6757 6756 
f 6738 6734 6756 6758 
f 6740 6738 6758 6759 
f 6742 6740 6759 6760 
f 2693 6742 6760 6761 
f 6762 6765 6764 6763 
f 6766 6762 6763 6767 
f 6768 6766 6767 6769 
f 6770 6768 6769 6771 
f 6772 6775 6774 6773 
f 6776 6772 6773 6777 
f 6778 6776 6777 6779 
f 6780 6778 6779 6781 
f 6782 6780 6781 6783 
f 6784 6782 6783 6785 
f 6786 6784 6785 6787 
f 6788 6791 6790 6789 
f 6792 6788 6789 6793 
f 6794 6792 6793 6795 
f 6796 6794 6795 6797 
f 6798 6796 6797 6799 
f 6635 6636 6765 6762 
f 6638 6635 6762 6766 
f 6640 6638 6766 6768 
f 6642 6640 6768 6770 
f 6648 6644 6775 6772 
f 6647 6648 6772 6776 
f 6650 6647 6776 6778 
f 6652 6650 6778 6780 
f 6654 6652 6780 6782 
f 6656 6654 6782 6784 
f 6658 6656 6784 6786 
f 6664 6660 6791 6788 
f 6663 6664 6788 6792 
f 6666 6663 6792 6794 
f 6668 6666 6794 6796 
f 6670 6668 6796 6798 
f 6763 6764 6671 6672 
f 6767 6763 6672 6674 
f 6769 6767 6674 6676 
f 6771 6769 6676 6678 
f 6773 6774 6680 6682 
f 6777 6773 6682 6683 
f 6779 6777 6683 6686 
f 6781 6779 6686 6688 
f 6783 6781 6688 6690 
f 6785 6783 6690 6692 
f 6787 6785 6692 6694 
f 6789 6790 6696 6698 
f 6793 6789 6698 6699 
f 6795 6793 6699 6702 
f 6797 6795 6702 6704 
f 6799 6797 6704 6706 
f 6800 6802 6801 
f 6803 6806 6805 6804 
f 6807 6803 6804 6808 
f 6809 6807 6808 6810 
f 6811 6809 6810 6812 
f 6813 6811 6812 6814 
f 6815 6813 6814 6816 
f 6817 6815 6816 6818 
f 6819 6817 6818 6820 
f 6821 6819 6820 6822 
f 6823 6821 6822 6824 
f 6825 6828 6827 6826 
f 6829 6825 6826 6830 
f 6831 6829 6830 6832 
f 6833 6831 6832 6834 
f 6810 6837 6836 6835 
f 6812 6810 6835 6838 
f 6814 6812 6838 6839 
f 6816 6814 6839 6840 
f 6818 6816 6840 6841 
f 6820 6818 6841 6842 
f 6822 6820 6842 6843 
f 6824 6822 6843 6844 
f 6826 6827 6846 6845 
f 6830 6826 6845 6847 
f 6832 6830 6847 6848 
f 6834 6832 6848 6849 
f 6850 2797 2798 6851 
f 6850 6851 6853 6852 
f 6852 6853 6855 6854 
f 6854 6855 6857 6856 
f 6856 6857 6859 6858 
f 6860 6863 6862 6861 
f 6861 6862 6865 6864 
f 6864 6865 6867 6866 
f 6866 6867 6869 6868 
f 6868 6869 6871 6870 
f 6870 6871 6873 6872 
f 6872 6873 6875 6874 
f 6874 6875 6877 6876 
f 6878 6881 6880 6879 
f 6878 6883 6882 6881 
f 6884 6887 6886 6885 
f 6888 6891 6890 6889 
f 6892 6895 6894 6893 
f 6896 6899 6898 6897 
f 6900 6903 6902 6901 
f 6904 6907 6906 6905 
f 6908 6911 6910 6909 
f 6912 6882 6899 6896 
f 6885 6886 6903 6900 
f 6889 6890 6907 6904 
f 6893 6894 6911 6908 
f 6897 6898 6891 6888 
f 6901 6902 6895 6892 
f 6905 6906 6887 6884 
f 6909 6910 6914 6913 
f 6915 6918 6917 6916 
f 6919 6922 6921 6920 
f 6923 6926 6925 6924 
f 6927 6930 6929 6928 
f 6931 6934 6933 6932 
f 6935 6938 6937 6936 
f 6916 6917 6940 6939 
f 6941 6944 6943 6942 
f 6945 6948 6947 6946 
f 6949 6952 6951 6950 
f 6953 6956 6955 6954 
f 6957 6960 6959 6958 
f 6961 6958 6959 6962 
f 6930 6921 6944 6941 
f 6934 6925 6948 6945 
f 6938 6929 6952 6949 
f 6922 6933 6956 6953 
f 6963 6937 6957 6958 
f 6939 6940 6965 6964 
f 6966 6958 6967 
f 6968 6963 6958 6966 
f 6969 6963 6970 
f 6970 6963 6971 
f 6971 6963 6968 
f 6972 6975 6974 6973 
f 6976 6978 6977 
f 6975 6980 6979 
f 6881 6882 6912 6981 
f 6886 6887 6983 6982 
f 6890 6891 6985 6984 
f 6894 6895 6987 6986 
f 6898 6899 6989 6988 
f 6902 6903 6991 6990 
f 6906 6907 6993 6992 
f 6910 6911 6995 6994 
f 6899 6882 6883 6989 
f 6903 6886 6982 6991 
f 6907 6890 6984 6993 
f 6911 6894 6986 6995 
f 6891 6898 6988 6985 
f 6895 6902 6990 6987 
f 6887 6906 6992 6983 
f 6914 6910 6994 6996 
f 6978 6974 6998 6997 
f 6999 7001 7000 6963 
f 6914 7003 7002 6913 
f 7004 11207 11206 7005 
f 7008 7011 11209 11208 
f 7011 7013 11210 11209 
f 7013 7015 11211 11210 
f 7015 7017 11212 11211 
f 7017 7019 11213 11212 
f 7019 7021 11214 11213 
f 7021 7023 11215 11214 
f 7024 7027 11217 11216 
f 7028 7031 11219 11218 
f 7032 7028 11218 11220 
f 7034 7032 11220 11221 
f 7036 7034 11221 11222 
f 7038 7036 11222 11223 
f 7040 7038 11223 11224 
f 7042 7040 11224 11225 
f 7044 7042 11225 11226 
f 7046 7044 11226 11227 
f 7048 7046 11227 11228 
f 7050 7048 11228 11229 
f 7052 7050 11229 11230 
f 7054 7052 11230 11231 
f 7056 7054 11231 11232 
f 7058 7056 11232 11233 
f 7060 7058 11233 11234 
f 7062 7065 11236 11235 
f 7066 11238 11237 7067 
f 7070 7073 11240 11239 
f 7074 7077 11242 11241 
f 7078 7081 11244 11243 
f 7082 7085 11246 11245 
f 7086 7089 11248 11247 
f 7090 7093 11250 11249 
f 7066 7095 11251 11238 
f 7096 11253 11252 
f 7099 7102 7101 7100 
f 7066 7104 7103 7095 
f 7105 7108 7107 7106 
f 7109 7112 7111 7110 
f 7113 7116 7115 7114 
f 7117 7120 7119 7118 
f 7121 7124 7123 7122 
f 7122 7123 7126 7125 
f 7125 7126 7128 7127 
f 7127 7128 7130 7129 
f 7129 7130 7132 7131 
f 7131 7132 7134 7133 
f 7135 7138 7137 7136 
f 7136 7137 7140 7139 
f 7139 7140 7142 7141 
f 7141 7142 7144 7143 
f 7143 7144 7146 7145 
f 7145 7146 7148 7147 
f 7149 7152 7151 7150 
f 7153 7149 7150 7154 
f 7155 7153 7154 7156 
f 7157 7155 7156 7158 
f 7159 7157 7158 7160 
f 7161 7159 7160 7162 
f 7134 7164 7163 7133 
f 7161 7166 7165 7148 
f 7167 7170 7169 7168 
f 7171 7174 7173 7172 
f 7175 7178 7177 7176 
f 7179 7182 7181 7180 
f 7183 7186 7185 7184 
f 7187 7190 7189 7188 
f 7191 7194 7193 7192 
f 7195 7198 7197 7196 
f 7199 7195 7196 7200 
f 7201 7199 7200 7202 
f 7203 7201 7202 7204 
f 7205 7203 7204 7206 
f 7207 7205 7206 7208 
f 7209 7207 7208 7210 
f 7211 7209 7210 7212 
f 7213 7211 7212 7214 
f 7215 7213 7214 7216 
f 7217 7215 7216 7218 
f 7219 7217 7218 7220 
f 7221 7219 7220 7222 
f 7223 7221 7222 7224 
f 7225 7223 7224 7226 
f 7227 7225 7226 7228 
f 7228 7230 7229 7227 
f 7231 7185 7232 
f 7233 7185 7231 
f 7234 7185 7233 
f 7234 7235 7230 7185 
f 7236 7232 7185 
f 7237 7240 7239 7238 
f 7241 7238 7239 7242 
f 7243 7241 7242 7244 
f 7245 7243 7244 7246 
f 7247 7250 7249 7248 
f 7251 7247 7248 7252 
f 7253 7251 7252 7254 
f 7255 7258 7257 7256 
f 7259 7255 7256 7260 
f 7261 7259 7260 7262 
f 7263 7261 7262 7264 
f 7265 7263 7264 7266 
f 7267 7265 7266 7168 
f 7267 7269 7268 7162 
f 7270 7273 7272 7271 
f 7274 7277 7276 7275 
f 7278 7274 7275 7279 
f 7280 7278 7279 7281 
f 7282 7280 7281 7283 
f 7284 7287 7286 7285 
f 7288 7284 7285 7289 
f 7290 7293 7292 7291 
f 7294 7291 7292 7295 
f 7296 7294 7295 7297 
f 7298 7296 7297 7299 
f 7300 7298 7299 7301 
f 7302 7300 7301 7303 
f 7304 7302 7303 7305 
f 7306 7304 7305 7307 
f 7308 7306 7307 7309 
f 7310 7308 7309 7311 
f 7312 7310 7311 7313 
f 7314 7312 7313 7315 
f 7316 7314 7315 7317 
f 7318 7316 7317 7319 
f 7320 7318 7319 7321 
f 7322 7320 7321 7323 
f 7324 7327 7326 7325 
f 7328 7324 7325 7329 
f 7330 7328 7329 7331 
f 7332 7330 7331 7333 
f 7334 7332 7333 7335 
f 7336 7334 7335 7337 
f 7338 7336 7337 7339 
f 7340 7338 7339 7341 
f 7342 7340 7341 7343 
f 7344 7342 7343 7345 
f 7346 7344 7345 7347 
f 7348 7346 7347 7349 
f 7350 7348 7349 7351 
f 7352 7350 7351 7353 
f 7354 7352 7353 7355 
f 7356 7354 7355 7357 
f 7356 7360 7359 7358 
f 7361 7363 7362 7357 
f 7327 7365 7364 7326 
f 7290 7367 7366 7293 
f 7368 7370 7369 
f 7371 7374 7373 7372 
f 7375 7378 7377 7376 
f 7379 7382 7381 7380 
f 7383 7386 7385 7384 
f 7387 7390 7389 7388 
f 7391 7394 7393 7392 
f 7395 7398 7397 7396 
f 7399 7402 7401 7400 
f 7403 7406 7405 7404 
f 7407 7408 7406 7403 
f 7409 7410 7408 7407 
f 7411 7412 7410 7409 
f 7413 7414 7412 7411 
f 7415 7416 7414 7413 
f 7417 7418 7416 7415 
f 7419 7420 7418 7417 
f 7421 7422 7420 7419 
f 7423 7424 7422 7421 
f 7425 7426 7424 7423 
f 7427 7428 7426 7425 
f 7429 7430 7428 7427 
f 7431 7432 7430 7429 
f 7433 7434 7432 7431 
f 7435 7436 7434 7433 
f 7400 7401 7438 7437 
f 7404 7405 7440 7439 
f 7245 7250 7442 7441 
f 7443 7446 7445 7444 
f 7447 7450 7449 7448 
f 7451 7454 7453 7452 
f 7441 7442 7456 7455 
f 7457 7459 7375 7458 
f 7460 7463 7462 7461 
f 7100 7101 7465 7464 
f 7106 7107 7467 7466 
f 7468 7115 7470 7469 
f 7471 7474 7473 7472 
f 7137 7138 7152 7149 
f 7140 7137 7149 7153 
f 7142 7140 7153 7155 
f 7144 7142 7155 7157 
f 7146 7144 7157 7159 
f 7148 7146 7159 7161 
f 7148 7165 7475 7147 
f 7176 7177 7477 7476 
f 7188 7189 7479 7478 
f 7474 7471 7481 7480 
f 7096 11255 11254 
f 7096 11252 11256 
f 7150 7151 7258 7255 
f 7154 7150 7255 7259 
f 7156 7154 7259 7261 
f 7158 7156 7261 7263 
f 7160 7158 7263 7265 
f 7162 7160 7265 7267 
f 7162 7268 7166 7161 
f 7271 7272 7178 7175 
f 7384 7385 7102 7099 
f 7388 7389 7467 7113 
f 7392 7393 7114 7485 
f 7486 7487 7480 7481 
f 7487 7486 7489 7488 
f 7095 7103 7386 7383 
f 7120 7111 7390 7387 
f 7490 7119 7394 7391 
f 7491 7492 7488 7489 
f 7168 7169 7269 7267 
f 7180 7181 7273 7270 
f 7256 7257 7494 7493 
f 7260 7256 7493 7495 
f 7262 7260 7495 7496 
f 7264 7262 7496 7497 
f 7266 7264 7497 7498 
f 7168 7266 7498 7167 
f 7492 7491 7500 7499 
f 7096 11257 11255 
f 7096 11254 11253 
f 7114 7115 7468 7485 
f 7118 7119 7490 7502 
f 7393 7394 7387 7388 
f 7470 7115 7116 7503 
f 7114 7393 7388 7113 
f 7394 7119 7120 7387 
f 7107 7108 7503 7116 
f 7110 7111 7120 7117 
f 7389 7390 7505 7504 
f 7467 7107 7116 7113 
f 7467 7389 7504 7466 
f 7390 7111 7112 7505 
f 7288 7289 7507 7506 
f 7236 7185 7508 
f 7509 7512 7511 7510 
f 7513 7509 7510 7514 
f 7515 7513 7514 7516 
f 7517 7515 7516 7518 
f 7519 7522 7521 7520 
f 7523 7519 7520 7524 
f 7525 7523 7524 7526 
f 7527 7530 7529 7528 
f 7531 7527 7528 7532 
f 7533 7531 7532 7534 
f 7535 7533 7534 7536 
f 7537 7535 7536 7538 
f 7539 7537 7538 7540 
f 7541 7539 7540 7542 
f 7543 7541 7542 7544 
f 7545 7543 7544 7546 
f 7547 7545 7546 7548 
f 7549 7547 7548 7550 
f 7551 7549 7550 7552 
f 7553 7551 7552 7554 
f 7555 7553 7554 7556 
f 7557 7555 7556 7558 
f 7559 7557 7558 7358 
f 7559 7561 7560 7323 
f 7530 7563 7562 7529 
f 7275 7276 7565 7564 
f 7279 7275 7564 7566 
f 7281 7279 7566 7567 
f 7283 7281 7567 7568 
f 7285 7286 7570 7569 
f 7289 7285 7569 7571 
f 7325 7326 7573 7572 
f 7329 7325 7572 7574 
f 7331 7329 7574 7575 
f 7333 7331 7575 7576 
f 7335 7333 7576 7577 
f 7337 7335 7577 7578 
f 7339 7337 7578 7579 
f 7341 7339 7579 7580 
f 7343 7341 7580 7581 
f 7345 7343 7581 7582 
f 7347 7345 7582 7583 
f 7349 7347 7583 7584 
f 7351 7349 7584 7585 
f 7353 7351 7585 7586 
f 7355 7353 7586 7587 
f 7357 7355 7587 7361 
f 7357 7362 7360 7356 
f 7507 7289 7571 7588 
f 7589 7592 7591 7590 
f 7239 7240 7512 7509 
f 7242 7239 7509 7513 
f 7244 7242 7513 7515 
f 7246 7244 7515 7517 
f 7248 7249 7522 7519 
f 7252 7248 7519 7523 
f 7254 7252 7523 7525 
f 7292 7293 7530 7527 
f 7295 7292 7527 7531 
f 7297 7295 7531 7533 
f 7299 7297 7533 7535 
f 7301 7299 7535 7537 
f 7303 7301 7537 7539 
f 7305 7303 7539 7541 
f 7307 7305 7541 7543 
f 7309 7307 7543 7545 
f 7311 7309 7545 7547 
f 7313 7311 7547 7549 
f 7315 7313 7549 7551 
f 7317 7315 7551 7553 
f 7319 7317 7553 7555 
f 7321 7319 7555 7557 
f 7323 7321 7557 7559 
f 7358 7359 7561 7559 
f 7293 7366 7563 7530 
f 7510 7511 7277 7274 
f 7514 7510 7274 7278 
f 7516 7514 7278 7280 
f 7518 7516 7280 7282 
f 7520 7521 7287 7284 
f 7524 7520 7284 7288 
f 7526 7524 7288 7506 
f 7528 7529 7327 7324 
f 7532 7528 7324 7328 
f 7534 7532 7328 7330 
f 7536 7534 7330 7332 
f 7538 7536 7332 7334 
f 7540 7538 7334 7336 
f 7542 7540 7336 7338 
f 7544 7542 7338 7340 
f 7546 7544 7340 7342 
f 7548 7546 7342 7344 
f 7550 7548 7344 7346 
f 7552 7550 7346 7348 
f 7554 7552 7348 7350 
f 7556 7554 7350 7352 
f 7558 7556 7352 7354 
f 7358 7558 7354 7356 
f 7323 7560 7593 7322 
f 7529 7562 7365 7327 
f 7590 7591 7190 7187 
f 7192 7193 7592 7589 
f 7594 7597 7596 7595 
f 7598 7600 7599 7459 
f 7601 7604 7603 7602 
f 7605 7608 7607 7606 
f 7609 7247 7251 7610 
f 7249 7250 7245 7246 
f 7286 7287 7282 7283 
f 7442 7250 7247 7609 
f 7444 7445 7597 7594 
f 7448 7449 7600 7598 
f 7456 7601 7602 7611 
f 7459 7457 7612 7598 
f 7521 7522 7517 7518 
f 7570 7286 7283 7568 
f 7522 7249 7246 7517 
f 7287 7521 7518 7282 
f 7595 7596 7614 7613 
f 7459 7599 7378 7375 
f 7604 7616 7615 7603 
f 7448 7618 7617 7447 
f 7608 7620 7619 7607 
f 7610 7251 7253 7621 
f 7622 7625 7624 7623 
f 7626 7629 7628 7627 
f 7630 7629 7003 7631 
f 7632 11259 11258 7633 
f 7636 7639 7638 7637 
f 7640 7643 7642 7641 
f 7644 7647 7646 7645 
f 7648 7651 7650 7649 
f 7652 7655 7654 7653 
f 7656 7640 7641 7657 
f 7655 7644 7645 7654 
f 7643 7652 7653 7642 
f 7658 7661 7660 7659 
f 7002 7003 7629 7626 
f 7365 7643 7640 7364 
f 7366 7367 7647 7644 
f 7439 7440 7651 7648 
f 7562 7563 7655 7652 
f 7563 7366 7644 7655 
f 7365 7562 7652 7643 
f 7623 7624 7661 7658 
f 7631 7003 6914 6996 
f 7633 11258 11219 7031 
f 7637 7638 7197 7198 
f 7624 7663 7662 
f 7661 7624 7662 7664 
f 7625 7667 7666 7665 
f 7668 7669 7402 7399 
f 7670 7671 7669 7668 
f 7672 7673 7671 7670 
f 7674 7677 7676 7675 
f 7678 7680 7679 
f 7681 7684 7683 7682 
f 7685 7688 7687 7686 
f 7689 7692 7691 7690 
f 7693 7696 7695 7694 
f 7694 7695 7698 7697 
f 7699 7702 7701 7700 
f 7700 7701 7704 7703 
f 7703 7704 7706 7705 
f 7705 7706 7708 7707 
f 7707 7708 7710 7709 
f 7709 7710 7712 7711 
f 7711 7712 7714 7713 
f 7713 7714 7716 7715 
f 7715 7716 7718 7717 
f 7717 7718 7720 7719 
f 7719 7720 7722 7721 
f 7721 7722 7724 7723 
f 7723 7724 7726 7725 
f 7725 7726 7728 7727 
f 7727 7728 7730 7729 
f 7729 7730 7732 7731 
f 7731 7732 7734 7733 
f 7733 7734 7736 7735 
f 7735 7736 7738 7737 
f 7739 7742 7741 7740 
f 7740 7741 7744 7743 
f 7743 7744 7696 7693 
f 7745 7664 7662 7746 
f 7747 7665 7666 7748 
f 7749 7667 7751 7750 
f 7750 7751 7753 7752 
f 7752 7753 7755 7754 
f 7754 7755 7757 7756 
f 7756 7757 7759 7758 
f 7758 7759 7761 7760 
f 7760 7761 7763 7762 
f 7762 7763 7765 7764 
f 7764 7765 7767 7766 
f 7766 7767 7769 7768 
f 7768 7769 7771 7770 
f 7770 7771 7773 7772 
f 7772 7773 7775 7774 
f 7774 7775 7777 7776 
f 7776 7777 7779 7778 
f 7778 7779 7622 7780 
f 7780 7622 7623 7781 
f 7781 7623 7658 7782 
f 7782 7658 7659 7783 
f 7667 7625 7751 
f 7751 7625 7753 
f 7753 7625 7755 
f 7755 7625 7757 
f 7757 7625 7759 
f 7759 7625 7761 
f 7761 7625 7763 
f 7763 7625 7765 
f 7765 7625 7767 
f 7767 7625 7769 
f 7769 7625 7771 
f 7771 7625 7773 
f 7773 7625 7775 
f 7775 7625 7777 
f 7777 7625 7779 
f 7779 7625 7622 
f 7784 7787 7786 7785 
f 7229 7230 7788 
f 7359 7360 7790 7789 
f 7362 7363 7792 7791 
f 7793 7794 7436 7435 
f 7560 7561 7796 7795 
f 7360 7362 7791 7790 
f 7561 7359 7789 7796 
f 7593 7560 7795 7797 
f 7798 7799 7702 7699 
f 7800 7666 7667 7749 
f 7748 7666 7800 7801 
f 7238 7399 7400 7237 
f 7237 7400 7437 7797 
f 7593 7793 7435 7322 
f 7322 7435 7433 7320 
f 7320 7433 7431 7318 
f 7318 7431 7429 7316 
f 7316 7429 7427 7314 
f 7314 7427 7425 7312 
f 7312 7425 7423 7310 
f 7310 7423 7421 7308 
f 7308 7421 7419 7306 
f 7306 7419 7417 7304 
f 7304 7417 7415 7302 
f 7302 7415 7413 7300 
f 7300 7413 7411 7298 
f 7298 7411 7409 7296 
f 7296 7409 7407 7294 
f 7294 7407 7403 7291 
f 7291 7403 7404 7290 
f 7290 7404 7439 7367 
f 7367 7439 7648 7647 
f 7647 7648 7649 7646 
f 7735 7651 7440 7733 
f 7733 7440 7405 7731 
f 7731 7405 7406 7729 
f 7729 7406 7408 7727 
f 7727 7408 7410 7725 
f 7725 7410 7412 7723 
f 7723 7412 7414 7721 
f 7721 7414 7416 7719 
f 7719 7416 7418 7717 
f 7717 7418 7420 7715 
f 7715 7420 7422 7713 
f 7713 7422 7424 7711 
f 7711 7424 7426 7709 
f 7709 7426 7428 7707 
f 7707 7428 7430 7705 
f 7705 7430 7432 7703 
f 7703 7432 7434 7700 
f 7700 7434 7436 7699 
f 7699 7436 7794 7798 
f 7438 7401 7694 7697 
f 7694 7401 7402 7693 
f 7693 7402 7669 7743 
f 7743 7669 7671 7740 
f 7740 7671 7673 7739 
f 7739 7673 7676 7802 
f 7689 7805 7804 7803 
f 7686 7806 7682 7685 
f 7685 7682 7683 7807 
f 7443 7678 7808 7446 
f 7809 7674 7675 7455 
f 7441 7672 7670 7245 
f 7245 7670 7243 
f 7243 7670 7668 7241 
f 7241 7668 7399 7238 
f 6879 6880 7811 7810 
f 7812 6880 6881 6981 
f 7813 7811 6880 7812 
f 7810 7811 6975 6972 
f 7814 11261 11260 7815 
f 7815 11260 11262 7818 
f 7820 7823 7822 7821 
f 7824 7827 7826 7825 
f 7828 7831 7830 7829 
f 7832 7835 7834 7833 
f 7836 7628 7629 7630 
f 7837 11263 11259 7632 
f 7839 7840 7639 7636 
f 7627 7628 7842 7841 
f 7641 7642 3789 7843 
f 7645 7646 7844 3790 
f 7649 7650 7845 3791 
f 7653 7654 7847 7846 
f 7657 7641 7843 3792 
f 7654 7645 3790 7847 
f 7642 7653 7846 3789 
f 7659 7660 7848 3793 
f 7849 7660 7661 7664 
f 7683 7684 7850 3795 
f 7807 7851 7688 7685 
f 7737 7738 3797 3798 
f 7852 7849 7664 7745 
f 7783 7659 3793 7853 
f 7646 7649 3791 7844 
f 7737 7650 7651 7735 
f 7807 7683 3795 7854 
f 7821 7684 7681 7820 
f 7821 7822 7856 7855 
f 7825 7826 3800 7857 
f 7858 7861 7860 7859 
f 7862 7865 7864 7863 
f 7835 7830 7866 3809 
f 7825 7868 7867 7824 
f 7869 7872 7871 7870 
f 7873 7876 7875 7874 
f 7877 7880 7879 7878 
f 7869 7834 7882 7881 
f 7883 7885 7884 
f 7886 7889 7888 7887 
f 7890 7893 7892 7891 
f 7894 7897 7896 7895 
f 7898 7901 7900 7899 
f 7902 7905 7904 7903 
f 7884 7906 7889 7886 
f 7907 7910 7909 7908 
f 7911 7914 7913 7912 
f 7915 7918 7917 7916 
f 7919 7922 7921 7920 
f 7923 7926 7925 7924 
f 7927 7930 7929 7928 
f 7931 7934 7933 7932 
f 7935 7938 7937 7936 
f 7939 7942 7941 7940 
f 7943 7946 7945 7944 
f 7947 7950 7949 7948 
f 7951 7954 7953 7952 
f 7955 7958 7957 7956 
f 7959 7962 7961 7960 
f 7963 7966 7965 7964 
f 7967 7681 7682 7806 
f 7968 7971 7970 7969 
f 7972 7975 7974 7973 
f 7972 7977 7976 7975 
f 7978 7981 7980 7979 
f 7982 7985 7984 7983 
f 7986 7989 7988 7987 
f 7990 7993 7992 7991 
f 7994 7997 7996 7995 
f 7998 8001 8000 7999 
f 8002 8005 8004 8003 
f 8006 8009 8008 8007 
f 7910 7888 7930 7927 
f 7922 7892 7934 7931 
f 8010 8011 7938 7935 
f 7914 7900 7942 7939 
f 7918 7904 7946 7943 
f 7947 8012 7950 
f 7893 7909 7954 7951 
f 7897 7913 7958 7955 
f 7901 7917 7962 7959 
f 7905 7921 7966 7963 
f 7924 7925 8014 8013 
f 7928 7929 8016 8015 
f 7932 7933 8018 8017 
f 7936 7937 8020 8019 
f 7940 7941 8022 8021 
f 7944 7945 8024 8023 
f 7948 7949 8026 8025 
f 7952 7953 8028 8027 
f 7956 7957 8030 8029 
f 7960 7961 8032 8031 
f 7964 7965 8034 8033 
f 8035 8038 8037 8036 
f 8039 8042 8041 8040 
f 8038 8044 8043 8037 
f 8035 8036 8045 
f 7923 8047 8046 7926 
f 7885 7883 8048 
f 8049 7883 8050 
f 7925 7926 8038 8035 
f 7973 7974 8042 8039 
f 8036 8037 8052 8051 
f 8040 8041 8054 8053 
f 8037 8043 8055 8052 
f 8045 8036 8051 8056 
f 7926 8046 8044 8038 
f 8048 7883 8049 
f 8050 7883 8057 
f 8043 8044 8049 8050 
f 8046 8047 7885 8048 
f 8055 8043 8050 8057 
f 8044 8046 8048 8049 
f 8047 8012 7906 7885 
f 8058 8061 8060 8059 
f 8062 8065 8064 8063 
f 8066 8069 8068 8067 
f 8070 8073 8072 8071 
f 8074 8077 8076 8075 
f 8078 8081 8080 8079 
f 8082 8085 8084 8083 
f 8086 8089 8088 8087 
f 8090 8093 8092 8091 
f 8094 8097 8096 8095 
f 8098 8101 8100 8099 
f 8102 8105 8104 8103 
f 8106 8109 8108 8107 
f 8110 8113 8112 8111 
f 8114 8117 8116 8115 
f 8118 8121 8120 8119 
f 8122 8125 8124 8123 
f 8126 8129 8128 8127 
f 8130 8133 8132 8131 
f 8134 8137 8136 8135 
f 8138 8139 8101 8098 
f 8069 8064 8105 8102 
f 8073 8068 8109 8106 
f 8077 8072 8113 8110 
f 8081 8076 8117 8114 
f 8085 8080 8121 8118 
f 8089 8084 8125 8122 
f 8093 8088 8129 8126 
f 8097 8092 8133 8130 
f 8061 8096 8137 8134 
f 8099 8100 6876 
f 8107 8108 8141 8140 
f 8111 8112 8143 8142 
f 8115 8116 8145 8144 
f 8119 8120 8147 8146 
f 8123 8124 8149 8148 
f 8127 8128 8151 8150 
f 8131 8132 8153 8152 
f 8135 8136 8155 8154 
f 8156 8159 8158 8157 
f 8160 8055 8057 8161 
f 7805 8162 7804 
f 7686 7687 8163 7803 
f 7746 7662 7663 8164 
f 8165 8168 8167 8166 
f 8169 8172 8171 8170 
f 8165 8175 8174 8173 
f 8176 8179 8178 8177 
f 8180 8183 8182 8181 
f 8184 8187 8186 8185 
f 8188 8184 8185 8189 
f 8190 8193 8192 8191 
f 8172 8169 8194 
f 8195 8198 8197 8196 
f 8170 8171 8167 8168 
f 8177 8178 8182 8183 
f 8199 8202 8201 8200 
f 8200 8204 8203 8199 
f 8205 8199 8054 
f 8052 8207 8206 8051 
f 8161 8057 7883 8208 
f 8055 8160 8207 8052 
f 8209 8212 8211 8210 
f 8213 8216 8215 8214 
f 8158 8213 8214 8217 
f 8216 8219 8218 8215 
f 8201 8202 8212 8209 
f 8210 8211 8221 8220 
f 8206 8207 8223 8222 
f 8224 8227 8226 8225 
f 8228 8229 8227 8224 
f 8222 8223 8229 8228 
f 8230 8160 8161 8231 
f 8232 8235 8234 8233 
f 8235 8237 8236 8234 
f 8237 8230 8231 8236 
f 8223 8207 8160 8230 
f 8226 8227 8235 8232 
f 8227 8229 8237 8235 
f 8229 8223 8230 8237 
f 8231 8161 8208 8238 
f 8233 8234 8240 8239 
f 8234 8236 8241 8240 
f 8236 8231 8238 8241 
f 8242 8244 8243 
f 8245 8248 8247 8246 
f 8249 8252 8251 8250 
f 8253 8255 8254 8197 
f 8256 8258 8198 8257 
f 8259 8256 8257 8260 
f 8261 8264 8263 8262 
f 8253 8258 8186 8181 
f 8255 8249 8250 8254 
f 8178 8179 8252 8249 
f 8181 8182 8255 8253 
f 8185 8186 8258 8256 
f 8189 8185 8256 8259 
f 8191 8192 8264 8261 
f 8197 8198 8258 8253 
f 8182 8178 8249 8255 
f 8250 8251 8266 8265 
f 8197 8254 8267 8196 
f 8257 8198 8195 8268 
f 8260 8257 8268 8269 
f 8262 8263 8271 8270 
f 8181 8186 8187 8180 
f 8254 8250 8265 8267 
f 8272 8275 8274 8273 
f 8247 8248 8275 8272 
f 8273 8274 8176 8276 
f 8062 8278 8277 8065 
f 8279 8282 8281 8280 
f 8280 8281 8284 8283 
f 8283 8284 8286 8285 
f 8287 8289 8277 8288 
f 8290 8287 8288 8291 
f 8292 8290 8291 8293 
f 8288 8277 8278 8294 
f 8291 8288 8294 8295 
f 8281 8282 8289 8287 
f 8284 8281 8287 8290 
f 8293 8291 8295 8296 
f 8286 8284 8290 8292 
f 8297 8289 8282 8298 
f 8298 8282 8279 8299 
f 8065 8277 8289 8297 
f 8266 8251 8301 8300 
f 8274 8302 8176 
f 8275 8303 8302 8274 
f 8248 8304 8303 8275 
f 8305 8308 8307 8306 
f 8308 8309 8301 8307 
f 8176 8305 8306 
f 8306 8307 8252 8179 
f 8307 8301 8251 8252 
f 8302 8303 8308 8305 
f 8303 8304 8309 8308 
f 8176 8306 8179 
f 8176 8302 8305 
f 8300 8301 8309 8310 
f 8311 8304 8248 8245 
f 8310 8309 8304 8311 
f 8199 8203 8053 8054 
f 8312 8314 8313 8244 
f 8315 8316 8314 8312 
f 8317 8318 8316 8315 
f 8319 8320 8318 8317 
f 8321 8322 8320 8319 
f 8323 8324 8322 8321 
f 8325 8328 8327 8326 
f 8329 8332 8331 8330 
f 8333 8336 8335 8334 
f 8337 8340 8339 8338 
f 8336 8332 7896 8335 
f 8341 8333 8334 8342 
f 8343 8346 8345 8344 
f 8347 8350 8349 8348 
f 8350 8346 8060 8349 
f 8351 8347 8348 8352 
f 8323 8354 8353 8324 
f 8354 8356 8355 8353 
f 8357 8355 8358 
f 8359 8362 8361 8360 
f 8190 8191 8364 8363 
f 8363 8364 8366 8365 
f 8365 8366 8362 8359 
f 8367 8370 8369 8368 
f 8371 8261 8262 8372 
f 8373 8371 8372 8374 
f 8370 8373 8374 8369 
f 8368 8369 8376 8375 
f 8372 8262 8270 8377 
f 8374 8372 8377 8378 
f 8369 8374 8378 8376 
f 8361 8362 8370 8367 
f 8364 8191 8261 8371 
f 8366 8364 8371 8373 
f 8362 8366 8373 8370 
f 8379 8381 8380 
f 8379 8382 8381 
f 8156 8384 8383 8159 
f 8385 8388 8387 8386 
f 8389 8391 8390 8383 
f 8391 8392 8388 8390 
f 8389 8394 8393 8380 
f 8395 8392 8382 8396 
f 8380 8381 8391 8389 
f 8381 8382 8392 8391 
f 8380 8393 8379 
f 8396 8382 8379 
f 8383 8384 8394 8389 
f 8387 8388 8392 8395 
f 8383 8390 8397 8159 
f 8390 8388 8385 8397 
f 8387 8399 8398 8386 
f 8396 8401 8400 8395 
f 8379 8402 8401 8396 
f 8395 8400 8399 8387 
f 8403 8406 8405 8404 
f 8407 8410 8409 8408 
f 8411 8412 8410 8407 
f 8408 8409 8406 8403 
f 8406 8414 8413 8405 
f 8410 8416 8415 8409 
f 8412 8417 8416 8410 
f 8409 8415 8414 8406 
f 8414 8419 8418 8413 
f 8416 8421 8420 8415 
f 8417 8422 8421 8416 
f 8415 8420 8419 8414 
f 8423 8424 8377 8270 
f 8425 8428 8427 8426 
f 8429 8430 8428 8425 
f 8426 8427 8424 8423 
f 8424 8431 8378 8377 
f 8428 8433 8432 8427 
f 8430 8434 8433 8428 
f 8427 8432 8431 8424 
f 8431 8435 8376 8378 
f 8433 8437 8436 8432 
f 8434 8438 8437 8433 
f 8432 8436 8435 8431 
f 8435 8439 8375 8376 
f 8437 8441 8440 8436 
f 8438 8442 8441 8437 
f 8436 8440 8439 8435 
f 8443 8446 8445 8444 
f 8446 8448 8447 8445 
f 8448 8450 8449 8447 
f 8451 8454 8453 8452 
f 8454 8455 8453 
f 8456 8459 8458 8457 
f 8459 8461 8460 8458 
f 8461 8463 8462 8460 
f 8463 8464 8462 
f 8463 8466 8465 8464 
f 8464 8465 8467 
f 8468 8471 8470 8469 
f 8472 8475 8474 8473 
f 8475 8476 8331 8474 
f 8477 8472 8473 8478 
f 8479 8482 8481 8480 
f 8482 8483 8345 8481 
f 8484 8479 8480 8485 
f 8486 8476 8488 8487 
f 8489 8492 8491 8490 
f 8493 8483 8495 8494 
f 8496 8499 8498 8497 
f 8499 8501 8500 8498 
f 8501 8502 8466 8500 
f 8503 8502 8449 8452 
f 8361 8505 8504 8360 
f 8368 8507 8506 8367 
f 8375 8508 8507 8368 
f 8367 8506 8505 8361 
f 8439 8509 8508 8375 
f 8441 8511 8510 8440 
f 8442 8512 8511 8441 
f 8440 8510 8509 8439 
f 8457 8514 8513 8456 
f 8393 8516 8515 8379 
f 8384 8518 8517 8394 
f 8394 8517 8516 8393 
f 8156 8519 8518 8384 
f 8520 8523 8522 8521 
f 8522 8523 8524 
f 8524 8523 8525 
f 8523 8527 8526 8525 
f 8528 8527 8529 
f 8529 8527 8530 
f 8530 8527 8531 
f 8527 8533 8532 8531 
f 8532 8533 8534 
f 8535 8537 8536 
f 8538 8540 8539 
f 8541 8542 8535 
f 8542 8543 8538 8535 
f 8543 8545 8544 8538 
f 8463 8461 8541 
f 8461 8459 8542 8541 
f 8459 8456 8543 8542 
f 8456 8513 8545 8543 
f 8546 8549 8548 8547 
f 7463 8552 8551 8550 
f 8550 8551 8549 8546 
f 7460 8553 8552 7463 
f 8554 8557 8556 8555 
f 8558 8561 8560 8559 
f 8557 8558 8559 8556 
f 8561 8563 8562 8560 
f 8548 8549 8557 8554 
f 8551 8552 8561 8558 
f 8549 8551 8558 8557 
f 8552 8553 8563 8561 
f 8555 8556 8564 
f 8559 8560 8564 
f 8556 8559 8564 
f 8560 8562 8564 
f 8548 8566 8565 8547 
f 8554 8567 8566 8548 
f 8555 8568 8567 8554 
f 8564 8569 8568 8555 
f 8520 8571 8570 8523 
f 8523 8570 8572 8527 
f 8527 8572 8573 8533 
f 7879 7880 8471 8468 
f 8574 8575 8475 8472 
f 8575 8488 8476 8475 
f 8576 8574 8472 8477 
f 8577 8578 8482 8479 
f 8578 8495 8483 8482 
f 8579 8577 8479 8484 
f 8330 8331 8476 8486 
f 8338 8339 8492 8489 
f 8344 8345 8483 8493 
f 8444 8445 8499 8496 
f 8445 8447 8501 8499 
f 8447 8449 8502 8501 
f 8465 8466 8502 8503 
f 8469 8470 8328 8325 
f 8473 8474 8336 8333 
f 8474 8331 8332 8336 
f 8478 8473 8333 8341 
f 8480 8481 8350 8347 
f 8481 8345 8346 8350 
f 8485 8480 8347 8351 
f 8011 8010 8581 8580 
f 8582 8585 8584 8583 
f 8139 8138 8587 8586 
f 8497 8498 8535 8536 
f 8498 8500 8541 8535 
f 8500 8466 8463 8541 
f 8452 8449 8450 8451 
f 8452 8453 8588 8503 
f 8192 8193 8188 8189 
f 8271 8194 8270 
f 8263 8264 8259 8260 
f 8264 8192 8189 8259 
f 8271 8263 8260 8269 
f 8418 8419 8423 8270 
f 8420 8421 8425 8426 
f 8421 8422 8429 8425 
f 8419 8420 8426 8423 
f 8467 8465 8503 8588 
f 8526 8527 8528 
f 8504 8505 8590 8589 
f 8506 8507 8592 8591 
f 8507 8508 8593 8592 
f 8505 8506 8591 8590 
f 8508 8509 8594 8593 
f 8510 8511 8596 8595 
f 8511 8512 8597 8596 
f 8509 8510 8595 8594 
f 8534 8533 8599 8598 
f 8533 8573 8600 8599 
f 8601 6999 6963 8602 
f 7001 6999 6978 6997 
f 8603 11265 11264 8604 
f 7163 7164 8608 8607 
f 7165 7166 8610 8609 
f 7169 7170 8612 8611 
f 7268 7269 8614 8613 
f 7170 8616 8615 8612 
f 8617 8620 8619 8618 
f 7475 7165 8609 8621 
f 7166 7268 8613 8610 
f 7269 7169 8611 8614 
f 6973 6974 6978 6976 
f 6998 6974 6975 6979 
f 8622 11267 11266 8623 
f 7173 7174 7183 7184 
f 7177 7178 7187 7188 
f 7181 7182 7191 7192 
f 7272 7273 7589 7590 
f 7380 7381 7374 7371 
f 7182 8627 8626 7191 
f 7182 7179 8628 8627 
f 7477 7177 7188 7478 
f 7178 7272 7590 7187 
f 7273 7181 7192 7589 
f 8629 8632 8631 8630 
f 8633 8634 8632 8629 
f 8635 8636 8634 8633 
f 8564 8562 8638 8637 
f 8639 8642 8641 8640 
f 8643 8646 8645 8644 
f 8646 8648 8647 8645 
f 8648 8650 8649 8647 
f 8651 8631 8642 8639 
f 8632 8634 8646 8643 
f 8634 8636 8648 8646 
f 8636 8638 8650 8648 
f 8640 8641 8653 8652 
f 8644 8645 8655 8654 
f 8645 8647 8656 8655 
f 8647 8649 8657 8656 
f 8658 8661 8660 8659 
f 8662 8663 8661 8658 
f 8651 8666 8665 8664 
f 8640 8668 8667 8639 
f 8639 8667 8666 8651 
f 8652 8669 8668 8640 
f 8670 8672 8661 8671 
f 8673 8661 8674 
f 8660 8661 8673 
f 8661 8675 8674 
f 8661 8672 8675 
f 8671 8676 8670 
f 8677 8680 8679 8678 
f 8681 8677 6916 6939 
f 8677 8678 6915 6916 
f 8682 8681 6939 6964 
f 8683 11269 11268 8684 
f 8661 8688 8687 8671 
f 8689 8691 8690 
f 8692 8695 8694 8693 
f 8696 8697 8695 8692 
f 8693 8694 8699 8698 
f 8700 8701 8697 8696 
f 8702 8705 8704 8703 
f 8705 8707 8706 8704 
f 8708 8702 8703 8709 
f 8707 8711 8710 8706 
f 8694 8695 8705 8702 
f 8695 8697 8707 8705 
f 8699 8694 8702 8708 
f 8697 8701 8711 8707 
f 8703 8704 8713 8712 
f 8704 8706 8714 8713 
f 8709 8703 8712 8715 
f 8706 8710 8716 8714 
f 8715 7109 7110 8709 
f 8709 7110 7117 8708 
f 8708 7117 7118 8699 
f 8699 7118 7502 8698 
f 8700 8665 8666 8701 
f 8701 8666 8667 8711 
f 8711 8667 8668 8710 
f 8669 8716 8710 8668 
f 8717 8719 8718 
f 8720 8721 8718 7067 
f 7502 8719 8717 8698 
f 8698 8717 8722 8693 
f 8693 8722 8723 8692 
f 8692 8723 8691 8696 
f 8696 8691 8689 8700 
f 8700 8689 8663 8665 
f 8665 8663 8662 8664 
f 8664 8662 8600 8630 
f 8629 8573 8572 8633 
f 8633 8572 8570 8635 
f 8635 8570 8571 8637 
f 8724 8520 8521 8515 
f 8379 8521 8402 
f 8411 8522 8524 8412 
f 8412 8524 8525 8417 
f 8417 8525 8526 8422 
f 8422 8526 8528 8429 
f 8429 8528 8529 8430 
f 8430 8529 8530 8434 
f 8434 8530 8531 8438 
f 8438 8531 8532 8442 
f 8442 8532 8534 8512 
f 8512 8534 8598 8597 
f 8725 8659 8660 8726 
f 8726 8660 8673 8727 
f 8727 8673 8674 8728 
f 8728 8674 8675 8729 
f 8729 8675 8672 8730 
f 8730 8672 8670 8731 
f 8731 8670 8676 8732 
f 8733 8687 8688 7090 
f 7090 8688 8734 7093 
f 7086 8736 8735 7089 
f 7082 8738 8737 7085 
f 7078 8740 8739 7081 
f 7074 8742 8741 7077 
f 7070 8744 8743 7073 
f 8740 8745 8739 
f 8742 8745 8741 
f 8744 8745 8722 
f 8722 8745 8723 
f 8689 8690 8661 8663 
f 8661 8690 8688 
f 8688 8690 8734 
f 8736 8690 8735 
f 8738 8690 8745 8737 
f 8690 8691 8723 8745 
f 8744 8722 8743 
f 8721 8717 8718 
f 8746 8749 11271 11270 
f 8750 8753 11273 11272 
f 8753 8755 11274 11273 
f 8755 8757 11275 11274 
f 8757 8759 11276 11275 
f 8759 8761 11277 11276 
f 8761 8763 11278 11277 
f 8763 8764 11279 11278 
f 8765 8767 11281 11280 
f 8768 8771 11283 11282 
f 8772 8775 11285 11284 
f 8776 8772 11284 11286 
f 8778 8776 11286 11287 
f 8780 8778 11287 11288 
f 8782 8780 11288 11289 
f 8784 8782 11289 11290 
f 8786 8784 11290 11291 
f 8788 8786 11291 11292 
f 8790 8788 11292 11293 
f 8792 8790 11293 11294 
f 8794 8792 11294 11295 
f 8796 8794 11295 11296 
f 8798 8796 11296 11297 
f 8800 8798 11297 11298 
f 8802 8800 11298 11299 
f 8804 8802 11299 11300 
f 8804 8805 11302 11301 
f 8806 8809 11304 11303 
f 8810 8813 11306 11305 
f 8814 8817 11308 11307 
f 8818 8821 11310 11309 
f 8822 8825 11312 11311 
f 8826 8829 11314 11313 
f 8830 8832 11316 11315 
f 8833 8835 11318 11317 
f 8836 8839 11320 11319 
f 8840 8843 11322 11321 
f 8844 8836 11319 11323 
f 8843 8835 11324 11322 
f 8839 8840 11321 11320 
f 8846 8849 11326 11325 
f 8775 8846 11325 11285 
f 8850 8805 11328 11327 
f 8852 8850 11327 11329 
f 8849 8768 11282 11326 
f 8765 8854 11331 11330 
f 8852 8767 11333 11332 
f 8830 8856 11335 11334 
f 7006 7007 11337 11336 
f 7009 7010 11339 11338 
f 7010 7012 11340 11339 
f 7012 7014 11341 11340 
f 7014 7016 11342 11341 
f 7016 7018 11343 11342 
f 7018 7020 11344 11343 
f 7020 7022 11345 11344 
f 7025 7026 11333 11330 
f 7838 8857 11347 11346 
f 7029 7030 11349 11348 
f 7033 7029 11348 11350 
f 7035 7033 11350 11351 
f 7037 7035 11351 11352 
f 7039 7037 11352 11353 
f 7041 7039 11353 11354 
f 7043 7041 11354 11355 
f 7045 7043 11355 11356 
f 7047 7045 11356 11357 
f 7049 7047 11357 11358 
f 7051 7049 11358 11359 
f 7053 7051 11359 11360 
f 7055 7053 11360 11361 
f 7057 7055 11361 11362 
f 7059 7057 11362 11363 
f 7061 7059 11363 11301 
f 7063 7064 11328 11300 
f 8858 7068 11365 11364 
f 7071 7072 11367 11366 
f 7075 7076 11369 11368 
f 7079 7080 11371 11370 
f 7083 7084 11373 11372 
f 7087 7088 11375 11374 
f 7091 7092 11376 11334 
f 7069 7094 11324 11377 
f 7097 7098 11379 11378 
f 7482 7483 11381 11380 
f 7484 7097 11378 11382 
f 7483 7501 11318 11381 
f 7098 7482 11380 11379 
f 7634 7635 11384 11383 
f 7030 7634 11383 11349 
f 7816 7817 11302 11385 
f 7819 7816 11385 11332 
f 7635 7838 11346 11384 
f 8766 8605 11386 11280 
f 8624 8625 11281 11329 
f 8685 8686 11387 11315 
f 8747 8748 11389 11388 
f 8751 8752 11391 11390 
f 8752 8754 11392 11391 
f 8754 8756 11393 11392 
f 8756 8758 11394 11393 
f 8758 8760 11395 11394 
f 8760 8762 11396 11395 
f 8762 8606 11265 11396 
f 8766 8625 11267 11397 
f 8769 8770 11399 11398 
f 8773 8774 11401 11400 
f 8777 8773 11400 11402 
f 8779 8777 11402 11403 
f 8781 8779 11403 11404 
f 8783 8781 11404 11405 
f 8785 8783 11405 11406 
f 8787 8785 11406 11407 
f 8789 8787 11407 11408 
f 8791 8789 11408 11409 
f 8793 8791 11409 11410 
f 8795 8793 11410 11411 
f 8797 8795 11411 11412 
f 8799 8797 11412 11413 
f 8801 8799 11413 11414 
f 8803 8801 11414 11415 
f 7063 8803 11415 11235 
f 7061 7817 11261 11234 
f 8807 8808 11417 11416 
f 8811 8812 11419 11418 
f 8815 8816 11421 11420 
f 8819 8820 11423 11422 
f 8823 8824 11425 11424 
f 8827 8828 11427 11426 
f 8685 8831 11428 11268 
f 8834 7501 11257 11429 
f 8837 8838 11431 11430 
f 8841 8842 11433 11432 
f 8845 8837 11430 11434 
f 8842 7094 11251 11433 
f 8838 8841 11432 11431 
f 8847 8848 11436 11435 
f 8774 8847 11435 11401 
f 8851 7064 11236 11437 
f 8624 8851 11437 11266 
f 8848 8769 11398 11436 
f 7025 8853 11438 11216 
f 7819 7026 11217 11262 
f 7091 8855 11439 11249 
f 8904 8907 8906 8905 
f 8908 8911 8910 8909 
f 8911 8913 8912 8910 
f 8913 8915 8914 8912 
f 8915 8917 8916 8914 
f 8917 8919 8918 8916 
f 8919 8921 8920 8918 
f 8922 8924 8923 8909 
f 8922 8927 8926 8925 
f 8927 8929 8928 8926 
f 8929 8931 8930 8928 
f 8931 8933 8932 8930 
f 8933 8935 8934 8932 
f 8935 8937 8936 8934 
f 8925 8938 8924 8922 
f 8909 8910 8927 8922 
f 8910 8912 8929 8927 
f 8912 8914 8931 8929 
f 8914 8916 8933 8931 
f 8916 8918 8935 8933 
f 8918 8920 8937 8935 
f 8909 8923 8939 8908 
f 8925 8926 8730 8731 
f 8926 8928 8729 8730 
f 8928 8930 8728 8729 
f 8930 8932 8727 8728 
f 8932 8934 8726 8727 
f 8934 8936 8725 8726 
f 8908 8941 8940 8911 
f 8911 8940 8942 8913 
f 8913 8942 8943 8915 
f 8915 8943 8944 8917 
f 8917 8944 8945 8919 
f 8919 8945 8946 8921 
f 8947 8950 8949 8948 
f 8951 8947 8948 8952 
f 8953 8951 8952 8954 
f 8955 8953 8954 8956 
f 8957 8955 8956 8958 
f 8959 8957 8958 8960 
f 8940 8941 8950 8947 
f 8942 8940 8947 8951 
f 8943 8942 8951 8953 
f 8944 8943 8953 8955 
f 8945 8944 8955 8957 
f 8946 8945 8957 8959 
f 8948 8949 8962 8961 
f 8952 8948 8961 8963 
f 8954 8952 8963 8964 
f 8956 8954 8964 8965 
f 8958 8956 8965 8966 
f 8960 8958 8966 8967 
f 8949 8969 8968 8962 
f 8941 8971 8970 8950 
f 8950 8970 8969 8949 
f 8908 8939 8971 8941 
f 8972 8974 8906 8973 
f 8732 8938 8925 8731 
f 8975 8978 8977 8976 
f 8979 8907 8978 8975 
f 8976 8977 8981 8980 
f 8982 8985 8984 8983 
f 8986 8989 8988 8987 
f 8987 8988 8985 8982 
f 8980 8981 8989 8986 
f 8990 8993 8992 8991 
f 8994 8997 8996 8995 
f 8998 8993 8997 8994 
f 8995 8996 9000 8999 
f 9001 9004 9003 9002 
f 9002 9003 9006 9005 
f 9007 9004 9001 
f 9008 9011 9010 9009 
f 9012 9015 9014 9013 
f 9016 9012 9013 9017 
f 9015 9018 9014 
f 9003 9004 9015 9012 
f 9006 9003 9012 9016 
f 9004 9007 9018 9015 
f 9019 9022 9021 9020 
f 9009 9019 9020 9008 
f 9022 9023 9021 
f 9006 9025 9024 9005 
f 9009 9010 9026 9017 
f 9016 9028 9027 
f 9016 9027 9029 
f 9016 9029 9025 9006 
f 9013 9014 9022 9019 
f 9017 9013 9019 9009 
f 9014 9018 9023 9022 
f 9017 9026 9028 9016 
f 8979 8938 8732 8973 
f 8907 8979 8973 8906 
f 8905 9031 9030 8904 
f 9032 4968 9031 8905 
f 8974 9032 8905 8906 
f 8973 8732 8676 8972 
f 9033 9036 9035 9034 
f 8978 9033 9034 8977 
f 8976 8923 8924 8975 
f 8904 9030 9036 9033 
f 8907 8904 9033 8978 
f 8975 8924 8938 8979 
f 9034 9035 4971 9037 
f 8977 9034 9037 8981 
f 8980 8939 8923 8976 
f 9038 9041 9040 9039 
f 8985 9038 9039 8984 
f 8983 8968 8969 8982 
f 9042 9045 9044 9043 
f 8989 9042 9043 8988 
f 8987 8970 8971 8986 
f 9043 9044 9041 9038 
f 8988 9043 9038 8985 
f 8982 8969 8970 8987 
f 9037 4971 9045 9042 
f 8981 9037 9042 8989 
f 8986 8971 8939 8980 
f 8998 9005 9024 9046 
f 8993 8998 9046 8992 
f 8991 4978 4979 8990 
f 9047 9050 9049 9048 
f 8997 9047 9048 8996 
f 8995 9001 9002 8994 
f 8990 4979 9050 9047 
f 8993 8990 9047 8997 
f 8994 9002 9005 8998 
f 9048 9049 9052 9051 
f 8996 9048 9051 9000 
f 8999 9007 9001 8995 
f 6828 6823 6824 6827 
f 6827 6824 6844 6846 
f 9053 9056 9055 9054 
f 8544 9059 9058 9057 
f 8545 9060 9059 8544 
f 8513 9061 9060 8545 
f 8514 9062 9061 8513 
f 8590 9064 9063 8589 
f 8592 9066 9065 8591 
f 8593 9067 9066 8592 
f 8591 9065 9064 8590 
f 8594 9068 9067 8593 
f 8596 9070 9069 8595 
f 8597 9071 9070 8596 
f 8595 9069 9068 8594 
f 8599 9072 8598 
f 8605 8766 11397 11264 
f 8608 7171 7172 8607 
f 8610 7175 7176 8609 
f 8612 7179 7180 8611 
f 8614 7270 7271 8613 
f 9073 9076 9075 9074 
f 9077 9080 9079 9078 
f 8609 7176 7476 8621 
f 8613 7271 7175 8610 
f 8611 7180 7270 8614 
f 8642 8643 8644 8641 
f 8631 8632 8643 8642 
f 8641 8644 8654 8653 
f 8600 8573 8629 8630 
f 8598 9072 9071 8597 
f 9059 9082 9081 9058 
f 9060 9083 9082 9059 
f 9061 9084 9083 9060 
f 9062 9085 9084 9061 
f 8535 8538 8539 8537 
f 8538 8544 9057 9086 
f 8538 9086 8540 
f 6978 6999 8601 6977 
f 9064 8960 8967 9063 
f 9066 8946 8959 9065 
f 9067 8921 8946 9066 
f 9065 8959 8960 9064 
f 9068 8920 8921 9067 
f 9070 8936 8937 9069 
f 9071 8725 8936 9070 
f 9069 8937 8920 9068 
f 8599 8658 8659 9072 
f 8600 8662 8658 8599 
f 8631 8651 8664 8630 
f 9072 8659 8725 9071 
f 8854 8764 11345 11331 
f 8605 8606 11279 11386 
f 8853 7022 11215 11438 
f 9082 9021 9023 9081 
f 9083 9020 9021 9082 
f 9084 9008 9020 9083 
f 9085 9011 9008 9084 
f 9087 9090 9089 9088 
f 9088 9089 9092 9091 
f 9091 9092 9094 9093 
f 9093 9094 9054 9095 
f 9096 9055 9098 9097 
f 9097 9098 9100 9099 
f 9099 9100 9102 9101 
f 9101 9102 9104 9103 
f 9103 9104 9106 9105 
f 9105 9106 9108 9107 
f 9107 9108 9110 9109 
f 9109 9110 9112 9111 
f 9096 6863 6859 9095 
f 6851 9087 9088 6853 
f 6853 9088 9091 6855 
f 6855 9091 9093 6857 
f 6857 9093 9095 6859 
f 6863 9096 9097 6862 
f 6862 9097 9099 6865 
f 6865 9099 9101 6867 
f 6867 9101 9103 6869 
f 6869 9103 9105 6871 
f 6871 9105 9107 6873 
f 6873 9107 9109 6875 
f 6875 9109 9111 6877 
f 9055 9096 9095 9054 
f 9090 9114 9113 9089 
f 9089 9113 9115 9092 
f 9092 9115 9116 9094 
f 9094 9116 9053 9054 
f 9055 9056 9117 9098 
f 9098 9117 9118 9100 
f 9100 9118 9119 9102 
f 9102 9119 9120 9104 
f 9104 9120 9121 9106 
f 9106 9121 9122 9108 
f 9108 9122 9123 9110 
f 9110 9123 9124 9112 
f 6863 6860 6858 6859 
f 8587 8138 9126 9125 
f 9127 9130 9129 9128 
f 9131 9127 9128 9132 
f 6876 9133 8099 
f 8584 8585 9135 9134 
f 6806 6801 6805 
f 7936 8019 9137 9136 
f 9138 9141 9140 9139 
f 8581 8010 9143 9142 
f 8010 7935 9144 9143 
f 9145 9147 9142 9146 
f 9148 9129 9150 9149 
f 9148 9126 9152 9151 
f 9151 9152 9133 9153 
f 9154 9157 9156 9155 
f 9158 9160 9139 9159 
f 9161 9144 9136 9159 
f 9162 9165 9164 9163 
f 9161 9140 9165 9162 
f 9166 9167 5098 5099 
f 9164 9167 9166 9163 
f 6876 9132 9153 
f 9126 9148 9149 9125 
f 9129 9148 9151 9128 
f 9128 9151 9153 9132 
f 9135 9154 9155 9134 
f 9137 9158 9159 9136 
f 9140 9161 9159 9139 
f 9143 9162 9163 9142 
f 9144 9161 9162 9143 
f 9146 9166 5099 9168 
f 9163 9166 9146 9142 
f 9129 9130 9169 9150 
f 9126 8138 8098 9152 
f 9152 8098 8099 9133 
f 9157 9171 9170 9156 
f 9160 9172 9138 9139 
f 9144 7935 7936 9136 
f 9165 6802 6800 9164 
f 9140 9141 6802 9165 
f 9167 9173 5105 5098 
f 6800 9173 9167 9164 
f 6876 9153 9133 
f 6876 9131 9132 
f 8314 9175 9174 
f 8244 8242 9176 8312 
f 8316 9178 9177 8314 
f 8312 9176 9179 8315 
f 8318 9181 9180 8316 
f 8315 9179 8455 8317 
f 8320 9183 9182 8318 
f 8317 8455 8454 8319 
f 8322 9185 9184 8320 
f 8319 8454 8451 8321 
f 8324 9187 9186 8322 
f 8321 8451 8450 8323 
f 8323 8450 8448 8354 
f 8353 9189 9188 8324 
f 8354 8448 8446 8356 
f 8355 8357 9190 8353 
f 8356 8446 8443 
f 8355 8356 8443 
f 8313 9192 9191 
f 8244 8313 9191 8243 
f 9193 9194 6801 6806 
f 6802 9141 6805 6801 
f 9141 9138 6804 6805 
f 9138 9172 6808 6804 
f 9172 9160 9156 9170 
f 9160 9158 9155 9156 
f 9158 9137 9134 9155 
f 9137 8019 8584 9134 
f 8019 8020 8583 8584 
f 8576 8477 8489 8490 
f 8477 8478 8338 8489 
f 8478 8341 8337 8338 
f 8341 8342 7969 8337 
f 8029 8030 8008 7968 
f 8021 8022 8004 8007 
f 8031 8032 8000 8003 
f 8023 8024 7996 7999 
f 8033 8034 7992 7995 
f 8017 8018 7988 7991 
f 8027 8028 7984 7987 
f 8015 8016 7980 7983 
f 8025 8026 7976 7979 
f 8013 8014 7974 7975 
f 8014 9195 8042 7974 
f 9195 9196 8041 8042 
f 9196 9197 8054 8041 
f 8056 8051 8205 
f 8051 8206 8199 8205 
f 8206 8222 8202 8199 
f 8222 8228 8212 8202 
f 8228 8224 8211 8212 
f 8224 8225 8221 8211 
f 8225 8218 8173 8221 
f 8404 8405 8170 8168 
f 8405 8413 8169 8170 
f 8413 8418 8194 8169 
f 8271 8269 8172 8194 
f 8269 8268 8171 8172 
f 8268 8195 8167 8171 
f 8195 8196 8166 8167 
f 8196 8267 8175 8166 
f 8267 8265 8174 8175 
f 8265 8266 8220 8174 
f 8266 8300 8210 8220 
f 8300 8310 8209 8210 
f 8310 8311 8201 8209 
f 8311 8245 8200 8201 
f 8245 8246 8204 8200 
f 8285 8286 8203 8204 
f 8286 8292 8203 
f 8292 8293 8203 
f 8293 8296 8053 8203 
f 8296 8295 8040 8053 
f 8295 8294 8039 8040 
f 8294 8278 7973 8039 
f 8278 8062 7972 7973 
f 8062 8063 7977 7972 
f 8066 8067 7981 7978 
f 8070 8071 7985 7982 
f 8074 8075 7989 7986 
f 8078 8079 7993 7990 
f 8082 8083 7997 7994 
f 8086 8087 8001 7998 
f 8090 8091 8005 8002 
f 8094 8095 8009 8006 
f 8058 8059 7970 7971 
f 8343 8344 8339 8340 
f 8344 8493 8492 8339 
f 8493 8494 8491 8492 
f 8586 8587 8585 8582 
f 8587 9125 9135 8585 
f 9125 9149 9154 9135 
f 9149 9150 9157 9154 
f 9150 9169 9171 9157 
f 9124 9123 6835 6836 
f 9123 9122 6838 6835 
f 9122 9121 6839 6838 
f 9121 9120 6840 6839 
f 9120 9119 6841 6840 
f 9119 9118 6842 6841 
f 9118 9117 6843 6842 
f 9117 9056 6844 6843 
f 9056 9053 6846 6844 
f 9053 9116 6845 6846 
f 9116 9115 6847 6845 
f 9115 9113 6848 6847 
f 9113 9114 6849 6848 
f 9114 9198 5130 6849 
f 9199 9200 6831 6833 
f 9200 9201 6829 6831 
f 9201 9202 6825 6829 
f 9202 9203 6828 6825 
f 9203 9204 6823 6828 
f 9204 9205 6821 6823 
f 9205 9206 6819 6821 
f 9206 9207 6817 6819 
f 9207 9208 6815 6817 
f 9208 9209 6813 6815 
f 9209 9210 6811 6813 
f 9210 9211 6809 6811 
f 9211 9212 6807 6809 
f 9212 9213 6803 6807 
f 9213 9193 6806 6803 
f 8194 8418 8270 
f 8205 8054 9197 8056 
f 8056 9197 9196 8045 
f 8045 9196 9195 8035 
f 8035 9195 8014 7925 
f 6801 9194 6800 
f 6808 6837 6810 
f 6808 9172 9170 6837 
f 6837 9170 9171 6836 
f 6836 9171 9169 9124 
f 9124 9169 9130 9112 
f 9112 9130 9127 9111 
f 9111 9127 9131 6877 
f 6877 9131 6876 
f 7443 7450 7680 7678 
f 7447 7617 9214 
f 8239 8240 9215 8162 
f 8240 8241 9216 9215 
f 8241 8238 9217 9216 
f 8238 8208 7967 9217 
f 8208 7883 7681 7967 
f 7883 7884 7820 7681 
f 7884 7886 7823 7820 
f 7886 7887 7867 7823 
f 7907 7908 7827 7824 
f 7890 7891 7871 9218 
f 7919 7920 7833 7870 
f 7902 7903 7829 7832 
f 7915 7916 7860 7828 
f 7898 7899 7875 7859 
f 7911 7912 7864 7874 
f 7894 7895 8326 7863 
f 8329 8330 8469 8325 
f 8330 8486 8468 8469 
f 8486 8487 7879 8468 
f 8580 8581 9147 7878 
f 9147 9145 7877 7878 
f 9145 5151 9219 7877 
f 9147 8581 9142 
f 7878 7879 8487 8580 
f 8580 8487 8488 8011 
f 8011 8488 8575 7938 
f 7938 8575 8574 7937 
f 7937 8574 8576 8020 
f 8020 8576 8490 8583 
f 8583 8490 8491 8582 
f 8582 8491 8494 8586 
f 8586 8494 8495 8139 
f 8139 8495 8578 8101 
f 8101 8578 8577 8100 
f 8100 8577 8579 6876 
f 8571 8520 8724 8569 
f 8521 8379 8515 
f 8519 8156 8157 9220 
f 7106 7466 7481 7471 
f 7466 7504 7486 7481 
f 7504 7505 7489 7486 
f 7505 7112 7491 7489 
f 7112 7109 7500 7491 
f 7109 8715 9221 7500 
f 8715 8712 9222 9221 
f 8712 8713 9223 9222 
f 8713 8714 9224 9223 
f 8714 8716 9225 9224 
f 8716 8669 7368 9225 
f 8669 8652 9226 7368 
f 8652 8653 9073 9226 
f 8653 8654 9076 9073 
f 8654 8655 9227 9076 
f 8655 8656 9228 9227 
f 8656 8657 9229 9228 
f 7458 7375 7376 7372 
f 9230 9231 7380 7371 
f 9231 9080 7379 7380 
f 9080 9077 8618 7379 
f 9077 9232 8617 8618 
f 9232 9234 9233 8617 
f 7494 7257 7492 7499 
f 7257 7258 7488 7492 
f 7258 7151 7487 7488 
f 7151 7152 7480 7487 
f 7152 7138 7474 7480 
f 7138 7135 7473 7474 
f 7124 7121 7395 7396 
f 7008 11208 11207 7004 
f 7009 11338 11337 7007 
f 8750 11272 11271 8749 
f 8751 11390 11389 8748 
f 6967 6958 6961 
f 7605 8550 8546 7608 
f 7462 7463 8550 7605 
f 7608 8546 8547 7620 
f 7620 8547 8565 9235 
f 8638 8636 8635 8637 
f 8650 8563 8553 8649 
f 8638 8562 8563 8650 
f 8649 8553 7460 8657 
f 8657 7460 7461 9229 
f 8571 8569 8564 8637 
f 7372 7373 9236 7458 
f 7458 9236 9237 7457 
f 7457 9237 9238 7612 
f 7617 9240 9239 9214 
f 7190 7506 7507 7189 
f 7194 7253 7254 7193 
f 9241 7615 7616 9242 
f 9243 7613 7614 9244 
f 9245 7621 7253 7194 
f 7189 7507 7588 7479 
f 7592 7525 7526 7591 
f 7591 7526 7506 7190 
f 7193 7254 7525 7592 
f 9243 9247 9246 7377 
f 7376 9230 7371 7372 
f 7186 7508 7185 
f 8860 8861 6967 6961 
f 8861 8862 6966 6967 
f 8862 8863 6968 6966 
f 8863 8864 6971 6968 
f 8864 8865 6970 6971 
f 8865 8866 6969 6970 
f 8866 8867 8602 6969 
f 8867 8603 8601 8602 
f 8603 8604 6977 8601 
f 8604 8868 6976 6977 
f 8868 8622 6973 6976 
f 8622 8623 6972 6973 
f 8623 8902 7810 6972 
f 8902 7065 6879 7810 
f 7065 7062 6878 6879 
f 7062 8886 6883 6878 
f 8886 8885 6989 6883 
f 8885 8884 6988 6989 
f 8884 8883 6985 6988 
f 8883 8882 6984 6985 
f 8882 8881 6993 6984 
f 8881 8880 6992 6993 
f 8880 8879 6983 6992 
f 8879 8878 6982 6983 
f 8878 8877 6991 6982 
f 8877 8876 6990 6991 
f 8876 8875 6987 6990 
f 8875 8874 6986 6987 
f 8874 8873 6995 6986 
f 8873 8871 6994 6995 
f 8871 8872 6996 6994 
f 8872 8900 7631 6996 
f 8900 8901 7630 7631 
f 8901 8869 7836 7630 
f 8869 8870 9248 7836 
f 9249 9250 7626 7627 
f 9250 9251 7002 7626 
f 9251 9252 6913 7002 
f 9252 9253 6909 6913 
f 9253 9254 6908 6909 
f 9254 9255 6893 6908 
f 9255 9256 6892 6893 
f 9256 9257 6901 6892 
f 9257 9258 6900 6901 
f 9258 9259 6885 6900 
f 9259 9260 6884 6885 
f 9260 9261 6905 6884 
f 9261 9262 6904 6905 
f 9262 9263 6889 6904 
f 9263 9264 6888 6889 
f 9264 9265 6897 6888 
f 9265 9266 6896 6897 
f 9266 9267 6912 6896 
f 9267 9268 6981 6912 
f 9268 9269 7812 6981 
f 9269 9270 7813 7812 
f 9270 9272 9271 7813 
f 9273 9274 6998 6979 
f 9274 9275 6997 6998 
f 9275 9276 7001 6997 
f 9276 9277 7000 7001 
f 9277 9278 6936 7000 
f 9279 9280 6928 6935 
f 9281 9282 6920 6927 
f 9283 9284 6932 6919 
f 9285 9286 6924 6931 
f 9287 9289 9288 6923 
f 9290 9291 8682 6964 
f 9291 9293 9292 8682 
f 7068 8858 11440 11237 
f 8809 8833 11317 11304 
f 7068 7069 11377 11365 
f 8808 8834 11429 11417 
f 6962 8859 8860 6961 
f 8718 7104 7066 7067 
f 7364 9294 7573 7326 
f 7640 7656 9294 7364 
f 7105 7106 7471 7472 
f 7004 7005 7398 7395 
f 7469 7470 7397 
f 7470 7503 7397 
f 7503 7108 7397 
f 7108 7105 7397 
f 7105 7472 7397 
f 7472 7473 7396 7397 
f 7473 7135 7124 7396 
f 7135 7136 7123 7124 
f 7136 7139 7126 7123 
f 7139 7141 7128 7126 
f 7141 7143 7130 7128 
f 7143 7145 7132 7130 
f 7145 7147 7134 7132 
f 7147 7475 7164 7134 
f 7475 8621 8608 7164 
f 8621 7476 7171 8608 
f 7476 7477 7174 7171 
f 7477 7478 7183 7174 
f 7478 7479 7186 7183 
f 7479 7588 7508 7186 
f 7588 7571 7236 7508 
f 7571 7569 7236 
f 7569 7570 7236 
f 7570 7568 7232 7236 
f 7568 7567 7231 7232 
f 7567 7566 7233 7231 
f 7566 7564 7234 7233 
f 7564 7565 7235 7234 
f 7565 7792 7788 7235 
f 7363 7361 7227 7229 
f 7361 7587 7225 7227 
f 7587 7586 7223 7225 
f 7586 7585 7221 7223 
f 7585 7584 7219 7221 
f 7584 7583 7217 7219 
f 7583 7582 7215 7217 
f 7582 7581 7213 7215 
f 7581 7580 7211 7213 
f 7580 7579 7209 7211 
f 7579 7578 7207 7209 
f 7578 7577 7205 7207 
f 7577 7576 7203 7205 
f 7576 7575 7201 7203 
f 7575 7574 7199 7201 
f 7574 7572 7195 7199 
f 7572 7573 7198 7195 
f 7573 9294 7637 7198 
f 9294 7656 7636 7637 
f 7656 7657 7839 7636 
f 7657 3792 5226 7839 
f 7837 7632 7639 7840 
f 7632 7633 7638 7639 
f 7633 7031 7197 7638 
f 7031 7028 7196 7197 
f 7028 7032 7200 7196 
f 7032 7034 7202 7200 
f 7034 7036 7204 7202 
f 7036 7038 7206 7204 
f 7038 7040 7208 7206 
f 7040 7042 7210 7208 
f 7042 7044 7212 7210 
f 7044 7046 7214 7212 
f 7046 7048 7216 7214 
f 7048 7050 7218 7216 
f 7050 7052 7220 7218 
f 7052 7054 7222 7220 
f 7054 7056 7224 7222 
f 7056 7058 7226 7224 
f 7058 7060 7228 7226 
f 7060 7814 7230 7228 
f 7814 7815 7185 7230 
f 7815 7818 7184 7185 
f 7818 7027 7173 7184 
f 7027 7024 7172 7173 
f 7024 8903 8607 7172 
f 8903 7023 7163 8607 
f 7023 7021 7133 7163 
f 7021 7019 7131 7133 
f 7019 7017 7129 7131 
f 7017 7015 7127 7129 
f 7015 7013 7125 7127 
f 7013 7011 7122 7125 
f 7011 7008 7121 7122 
f 7008 7004 7395 7121 
f 7102 9296 9295 7101 
f 7104 9298 9297 7103 
f 7386 9300 9299 7385 
f 7101 9295 9301 7465 
f 7385 9299 9296 7102 
f 7103 9297 9300 7386 
f 8718 8719 9298 7104 
f 7465 9301 7397 7398 
f 9296 7485 7468 9295 
f 9298 7502 7490 9297 
f 9300 7391 7392 9299 
f 9295 7468 7469 9301 
f 9299 7392 7485 9296 
f 9297 7490 7391 9300 
f 8719 7502 9298 
f 9301 7469 7397 
f 8683 8684 6915 8678 
f 8684 8899 6918 6915 
f 8897 8898 6947 9302 
f 8895 8896 6955 6946 
f 8893 8894 6943 6954 
f 8891 8892 6951 6942 
f 8889 8890 6960 6950 
f 8887 8888 6962 6959 
f 8888 7096 8859 6962 
f 7096 11256 11388 8859 
f 7484 11382 11270 8747 
f 8844 11323 11336 8746 
f 8845 11434 11206 7006 
f 7005 7464 7465 7398 
f 8399 8403 8404 8398 
f 8401 8407 8408 8400 
f 8402 8411 8407 8401 
f 8400 8408 8403 8399 
f 8521 8522 8411 8402 
f 8398 8404 8168 8165 
f 8158 8217 9303 8157 
f 8213 8397 8385 8216 
f 8158 8159 8397 8213 
f 8216 8385 8386 8219 
f 8219 8386 8398 8165 
f 8157 9303 9304 9220 
f 6850 6852 9000 9051 
f 6852 6854 8999 9000 
f 6854 6856 9007 8999 
f 6856 6858 9018 9007 
f 6858 6860 9023 9018 
f 6860 6861 9081 9023 
f 6861 6864 9058 9081 
f 6864 6866 9057 9058 
f 6866 6868 9086 9057 
f 6868 6870 8540 9086 
f 6870 6872 8539 8540 
f 6872 6874 8537 8539 
f 6874 6876 8536 8537 
f 6876 8579 8497 8536 
f 8579 8484 8496 8497 
f 8484 8485 8444 8496 
f 8485 8351 8443 8444 
f 8351 8352 8358 8443 
f 8154 8155 9190 8357 
f 8152 8153 9188 9189 
f 8150 8151 9186 9187 
f 8148 8149 9184 9185 
f 8146 8147 9182 9183 
f 8144 8145 9180 9181 
f 8142 8143 9177 9178 
f 8140 8141 9174 9175 
f 9305 9306 9191 9192 
f 8276 8176 8243 9191 
f 8176 8177 8242 8243 
f 8177 8183 9176 8242 
f 8183 8180 9179 9176 
f 8180 8187 8455 9179 
f 8187 8184 8453 8455 
f 8184 8188 8588 8453 
f 8188 8193 8467 8588 
f 8193 8190 8464 8467 
f 8190 8363 8462 8464 
f 8363 8365 8460 8462 
f 8365 8359 8458 8460 
f 8359 8360 8457 8458 
f 8360 8504 8514 8457 
f 8504 8589 9062 8514 
f 8589 9063 9085 9062 
f 9063 8967 9011 9085 
f 8967 8966 9010 9011 
f 8966 8965 9026 9010 
f 8965 8964 9028 9026 
f 8964 8963 9027 9028 
f 8963 8961 9029 9027 
f 8961 8962 9025 9029 
f 8962 8968 9024 9025 
f 8968 8983 9046 9024 
f 8983 8984 8992 9046 
f 8984 9039 8991 8992 
f 9039 9040 4978 8991 
f 8276 8299 8279 8273 
f 8273 8279 8280 8272 
f 8272 8280 8283 8247 
f 8247 8283 8285 8246 
f 8246 8285 8204 
f 7950 7923 7924 7949 
f 7977 7978 7979 7976 
f 8012 8047 7923 7950 
f 7949 7924 8013 8026 
f 8012 7947 7889 7906 
f 8064 8069 8066 8063 
f 8105 8297 8298 8104 
f 8064 8065 8297 8105 
f 8026 8013 7975 7976 
f 8063 8066 7978 7977 
f 9306 8299 8276 9191 
f 7884 7885 7906 
f 8680 8677 8681 9307 
f 9307 8681 8682 9292 
f 9308 8733 11439 11441 
f 9310 8671 8687 9311 
f 9311 8687 8733 9308 
f 9312 8856 11387 11442 
f 9309 8855 11335 11443 
f 9313 8686 11269 11444 
f 9293 5247 9315 9292 
f 9314 8683 8678 8679 
f 9310 8974 8972 
f 9310 9316 9032 8974 
f 8671 9310 8972 8676 
f 6800 9194 9318 9317 
f 9194 9193 9319 9318 
f 9213 9212 9321 9320 
f 9212 9211 9322 9321 
f 9211 9210 9323 9322 
f 9210 9209 9324 9323 
f 9209 9208 9325 9324 
f 9208 9207 9326 9325 
f 9207 9206 9327 9326 
f 9206 9205 9328 9327 
f 9205 9204 9329 9328 
f 9204 9203 9330 9329 
f 9202 9201 9332 9331 
f 9201 9200 9333 9332 
f 9200 9199 9334 9333 
f 9199 5266 5267 9334 
f 9203 9202 9331 9330 
f 9193 9213 9320 9319 
f 9173 6800 9317 9335 
f 9336 9339 9338 9337 
f 9340 9341 9339 9336 
f 9342 9345 9344 9343 
f 9346 9347 9345 9342 
f 9348 9349 9347 9346 
f 9350 9351 9349 9348 
f 9352 9353 9351 9350 
f 9354 9355 9353 9352 
f 9356 9357 9355 9354 
f 9358 9359 9357 9356 
f 9360 9361 9359 9358 
f 9362 9363 9361 9360 
f 9364 9367 9366 9365 
f 9368 9369 9367 9364 
f 9370 9371 9369 9368 
f 9365 9366 9363 9362 
f 9343 9344 9341 9340 
f 9372 9375 9374 9373 
f 9337 9338 9375 9372 
f 9318 9336 9337 9317 
f 9319 9340 9336 9318 
f 9321 9342 9343 9320 
f 9322 9346 9342 9321 
f 9323 9348 9346 9322 
f 9324 9350 9348 9323 
f 9325 9352 9350 9324 
f 9326 9354 9352 9325 
f 9327 9356 9354 9326 
f 9328 9358 9356 9327 
f 9329 9360 9358 9328 
f 9330 9362 9360 9329 
f 9332 9364 9365 9331 
f 9333 9368 9364 9332 
f 9334 9370 9368 9333 
f 9331 9365 9362 9330 
f 9320 9343 9340 9319 
f 9335 9372 9373 9376 
f 9317 9337 9372 9335 
f 9339 9378 9377 9338 
f 9341 9379 9378 9339 
f 9345 9381 9380 9344 
f 9347 9382 9381 9345 
f 9349 9383 9382 9347 
f 9351 9384 9383 9349 
f 9353 9385 9384 9351 
f 9355 9386 9385 9353 
f 9357 9387 9386 9355 
f 9359 9388 9387 9357 
f 9361 9389 9388 9359 
f 9363 9390 9389 9361 
f 9367 9392 9391 9366 
f 9369 9393 9392 9367 
f 9371 9394 9393 9369 
f 9366 9391 9390 9363 
f 9344 9380 9379 9341 
f 9375 9396 9395 9374 
f 9338 9377 9396 9375 
f 9377 9378 9398 9397 
f 9378 9379 9399 9398 
f 9379 9380 9400 9399 
f 9380 9381 9401 9400 
f 9381 9382 9402 9401 
f 9382 9383 9403 9402 
f 9383 9384 9404 9403 
f 9384 9385 9405 9404 
f 9385 9386 9406 9405 
f 9386 9387 9407 9406 
f 9387 9388 9408 9407 
f 9388 9389 9409 9408 
f 9389 9390 9410 9409 
f 9390 9391 9411 9410 
f 9391 9392 9412 9411 
f 9392 9393 9413 9412 
f 9393 9394 9414 9413 
f 9394 9416 9415 9414 
f 9396 9377 9397 9417 
f 9397 9398 5345 
f 9398 9399 5345 
f 9399 9400 5345 
f 9400 9401 5345 
f 9401 9402 5345 
f 9402 9403 5345 
f 9403 9404 5345 
f 9404 9405 5345 
f 9405 9406 5345 
f 9406 9407 5345 
f 9407 9408 5345 
f 9408 9409 5345 
f 9409 9410 5345 
f 9410 9411 5345 
f 9411 9412 5345 
f 9412 9413 5345 
f 9413 9414 5345 
f 9414 9415 5345 
f 9417 9397 5345 
f 7827 9218 9418 7826 
f 7861 7858 5347 9419 
f 7865 7862 9420 5348 
f 7830 7835 7832 7829 
f 7868 7825 7857 9421 
f 7872 7869 7881 5349 
f 7876 7873 5350 5351 
f 8327 8328 9423 9422 
f 7834 7869 7870 7833 
f 7826 9418 5352 3800 
f 7861 7831 7828 7860 
f 7865 7873 7874 7864 
f 7830 7831 5353 7866 
f 7868 7822 7823 7867 
f 7872 9418 9218 7871 
f 7876 7858 7859 7875 
f 7834 7835 3809 7882 
f 7888 7910 7907 7887 
f 7892 7922 7919 7891 
f 7896 8332 8329 7895 
f 7900 7914 7911 7899 
f 7904 7918 7915 7903 
f 7909 7893 7890 7908 
f 7913 7897 7894 7912 
f 7917 7901 7898 7916 
f 7921 7905 7902 7920 
f 7930 7947 7948 7929 
f 7934 7951 7952 7933 
f 7942 7959 7960 7941 
f 7946 7963 7964 7945 
f 7954 7927 7928 7953 
f 7958 7939 7940 7957 
f 7962 7943 7944 7961 
f 7966 7931 7932 7965 
f 7970 8340 8337 7969 
f 7981 7982 7983 7980 
f 7985 7986 7987 7984 
f 7989 7990 7991 7988 
f 7993 7994 7995 7992 
f 7997 7998 7999 7996 
f 8001 8002 8003 8000 
f 8005 8006 8007 8004 
f 8009 7971 7968 8008 
f 7888 7889 7947 7930 
f 7892 7893 7951 7934 
f 7900 7901 7959 7942 
f 7904 7905 7963 7946 
f 7909 7910 7927 7954 
f 7913 7914 7939 7958 
f 7917 7918 7943 7962 
f 7921 7922 7931 7966 
f 7929 7948 8025 8016 
f 7933 7952 8027 8018 
f 7941 7960 8031 8022 
f 7945 7964 8033 8024 
f 7953 7928 8015 8028 
f 7957 7940 8021 8030 
f 7961 7944 8023 8032 
f 7965 7932 8017 8034 
f 8060 8346 8343 8059 
f 8068 8073 8070 8067 
f 8072 8077 8074 8071 
f 8076 8081 8078 8075 
f 8080 8085 8082 8079 
f 8084 8089 8086 8083 
f 8088 8093 8090 8087 
f 8092 8097 8094 8091 
f 8096 8061 8058 8095 
f 8109 8102 8103 8108 
f 8113 8106 8107 8112 
f 8117 8110 8111 8116 
f 8121 8114 8115 8120 
f 8125 8118 8119 8124 
f 8129 8122 8123 8128 
f 8133 8126 8127 8132 
f 8137 8130 8131 8136 
f 8068 8069 8102 8109 
f 8072 8073 8106 8113 
f 8076 8077 8110 8117 
f 8080 8081 8114 8121 
f 8084 8085 8118 8125 
f 8088 8089 8122 8129 
f 8092 8093 8126 8133 
f 8096 8097 8130 8137 
f 8108 8103 9305 8141 
f 8112 8107 8140 8143 
f 8116 8111 8142 8145 
f 8120 8115 8144 8147 
f 8124 8119 8146 8149 
f 8128 8123 8148 8151 
f 8132 8127 8150 8153 
f 8136 8131 8152 8155 
f 8327 7862 7863 8326 
f 8335 7955 7956 8334 
f 7896 7897 7955 8335 
f 8334 7956 8029 8342 
f 8349 8134 8135 8348 
f 8060 8061 8134 8349 
f 8348 8135 8154 8352 
f 9174 9192 8313 8314 
f 9177 9175 8314 
f 9180 9178 8316 
f 9182 9181 8318 
f 9184 9183 8320 
f 9186 9185 8322 
f 9188 9187 8324 
f 9190 9189 8353 
f 8342 8029 7968 7969 
f 8030 8021 8007 8008 
f 8022 8031 8003 8004 
f 8032 8023 7999 8000 
f 8024 8033 7995 7996 
f 8034 8017 7991 7992 
f 8018 8027 7987 7988 
f 8028 8015 7983 7984 
f 8016 8025 7979 7980 
f 8067 8070 7982 7981 
f 8071 8074 7986 7985 
f 8075 8078 7990 7989 
f 8079 8082 7994 7993 
f 8083 8086 7998 7997 
f 8087 8090 8002 8001 
f 8091 8094 8006 8005 
f 8095 8058 7971 8009 
f 8059 8343 8340 7970 
f 7887 7907 7824 7867 
f 7908 7890 9218 7827 
f 7891 7919 7870 7871 
f 7920 7902 7832 7833 
f 7903 7915 7828 7829 
f 7916 7898 7859 7860 
f 7899 7911 7874 7875 
f 7912 7894 7863 7864 
f 7895 8329 8325 8326 
f 8352 8154 8357 8358 
f 8155 8152 9189 9190 
f 8153 8150 9187 9188 
f 8151 8148 9185 9186 
f 8149 8146 9183 9184 
f 8147 8144 9181 9182 
f 8145 8142 9178 9180 
f 8143 8140 9175 9177 
f 8141 9305 9192 9174 
f 8355 8443 8358 
f 9277 9276 9425 9424 
f 9276 9275 9426 9425 
f 9275 9274 9427 9426 
f 9274 9273 9428 9427 
f 9293 9291 9430 9429 
f 9291 9290 9431 9430 
f 9290 9433 9432 9431 
f 9287 9286 9435 9434 
f 9285 9284 9437 9436 
f 9283 9282 9439 9438 
f 9281 9280 9441 9440 
f 9279 9278 9443 9442 
f 6963 6969 8602 
f 9252 9251 9445 9444 
f 9268 9267 9447 9446 
f 9260 9259 9449 9448 
f 9264 9263 9451 9450 
f 9256 9255 9453 9452 
f 9266 9265 9455 9454 
f 9258 9257 9457 9456 
f 9262 9261 9459 9458 
f 9254 9253 9461 9460 
f 9267 9266 9454 9447 
f 9259 9258 9456 9449 
f 9263 9262 9458 9451 
f 9255 9254 9460 9453 
f 9265 9264 9450 9455 
f 9257 9256 9452 9457 
f 9261 9260 9448 9459 
f 9253 9252 9444 9461 
f 9462 9465 9464 9463 
f 9250 9249 9467 9466 
f 9251 9250 9466 9445 
f 9269 9268 9446 9468 
f 9270 9269 9468 9469 
f 9249 9471 9470 9467 
f 9472 9475 9474 9473 
f 9476 9479 9478 9477 
f 9479 9481 9480 9478 
f 9481 9483 9482 9480 
f 9483 9485 9484 9482 
f 9486 9489 9488 9487 
f 9489 9491 9490 9488 
f 9491 9493 9492 9490 
f 9493 9495 9494 9492 
f 9495 9497 9496 9494 
f 9497 9499 9498 9496 
f 9499 9501 9500 9498 
f 9501 9503 9502 9500 
f 9503 9505 9504 9502 
f 9505 9507 9506 9504 
f 9507 9509 9508 9506 
f 9509 9511 9510 9508 
f 9511 9513 9512 9510 
f 9513 9515 9514 9512 
f 9515 9517 9516 9514 
f 9517 9519 9518 9516 
f 9519 9521 9520 9518 
f 9521 9476 9477 9520 
f 9522 9525 9524 9523 
f 9526 9527 9525 9522 
f 9528 9529 9527 9526 
f 9530 9531 9529 9528 
f 9532 9535 9534 9533 
f 9536 9537 9535 9532 
f 9538 9541 9540 9539 
f 9542 9545 9544 9543 
f 9546 9549 9548 9547 
f 9550 9553 9552 9551 
f 9523 9524 9555 9554 
f 9533 9534 9556 5484 
f 9472 9558 9557 9475 
f 9559 9561 5488 9560 
f 9562 9559 9560 9563 
f 9564 9562 9563 9565 
f 9566 9568 9567 
f 9569 9572 9571 9570 
f 9572 9574 9573 9571 
f 9574 9576 9575 9573 
f 9475 9562 9564 9474 
f 9557 9559 9562 9475 
f 9465 9462 6980 9577 
f 9272 9270 9469 9578 
f 9579 9582 9581 9580 
f 9583 9486 9487 9584 
f 9585 9588 10932 10931 
f 9589 10733 10732 9590 
f 9593 10735 10734 9594 
f 9597 10737 10736 9598 
f 9601 10739 10738 9602 
f 9605 10741 10740 9606 
f 9609 9612 9611 9610 
f 9613 9616 9615 9614 
f 9617 9615 9618 
f 9619 9621 9620 
f 9622 9624 9623 
f 9625 9628 9627 9626 
f 9629 9632 10743 10742 
f 9633 10934 10933 9634 
f 9634 10933 10935 9637 
f 9637 10935 10936 9639 
f 9639 10936 10937 9641 
f 9643 9646 9645 9644 
f 9647 9648 9646 9643 
f 9649 9650 9648 9647 
f 9651 9652 9650 9649 
f 9653 9654 9652 9651 
f 9655 9656 9654 9653 
f 9657 9660 9659 9658 
f 9661 9664 10939 10938 
f 9665 9668 9667 9666 
f 9669 10745 10744 9670 
f 9616 9611 9674 9673 
f 9615 9616 9673 9675 
f 9621 9615 9675 9676 
f 9624 9621 9676 9677 
f 9628 9680 9679 9678 
f 9627 9628 9678 9681 
f 9645 9646 9683 9682 
f 9646 9648 9684 9683 
f 9648 9650 9685 9684 
f 9650 9652 9686 9685 
f 9652 9654 9687 9686 
f 9654 9656 9688 9687 
f 9645 9690 9689 9644 
f 9612 9667 9692 9691 
f 9693 9696 9695 9694 
f 9697 9700 9699 9698 
f 9701 9697 9698 9702 
f 9703 9701 9702 9704 
f 9705 9703 9704 9706 
f 9707 9710 9709 9708 
f 9711 9707 9708 9712 
f 9713 9715 9714 9658 
f 9715 9717 9716 9714 
f 9717 9719 9718 9716 
f 9719 9721 9720 9718 
f 9721 9723 9722 9720 
f 9723 9725 9724 9722 
f 9726 9729 9728 9727 
f 9730 9733 9732 9731 
f 9734 9730 9731 9735 
f 9736 9734 9735 9737 
f 9738 9736 9737 9739 
f 9740 9743 9742 9741 
f 9744 9740 9741 9745 
f 9746 9748 9747 9694 
f 9748 9750 9749 9747 
f 9750 9752 9751 9749 
f 9752 9754 9753 9751 
f 9754 9756 9755 9753 
f 9756 9758 9757 9755 
f 9759 9762 9761 9760 
f 9746 9764 9763 9682 
f 9673 9674 9733 9730 
f 9675 9673 9730 9734 
f 9676 9675 9734 9736 
f 9677 9676 9736 9738 
f 9678 9679 9743 9740 
f 9681 9678 9740 9744 
f 9682 9683 9748 9746 
f 9683 9684 9750 9748 
f 9684 9685 9752 9750 
f 9685 9686 9754 9752 
f 9686 9687 9756 9754 
f 9687 9688 9758 9756 
f 9691 9692 9762 9759 
f 9682 9763 9690 9645 
f 9694 9695 9764 9746 
f 9731 9732 9766 9765 
f 9735 9731 9765 9767 
f 9737 9735 9767 9768 
f 9739 9737 9768 9769 
f 9741 9742 9771 9770 
f 9745 9741 9770 9772 
f 9694 9747 9773 9693 
f 9747 9749 9774 9773 
f 9749 9751 9775 9774 
f 9751 9753 9776 9775 
f 9753 9755 9777 9776 
f 9755 9757 9778 9777 
f 9760 9761 9780 9779 
f 9781 9784 9783 9782 
f 9666 9667 9612 9609 
f 9670 10744 10746 9785 
f 9787 9788 9668 9665 
f 9692 9667 9668 9789 
f 9790 9793 9792 9791 
f 9794 9795 9728 9782 
f 9761 9762 9796 9791 
f 9797 9798 9796 9789 
f 9762 9692 9789 9796 
f 9788 9797 9789 9668 
f 9798 9790 9791 9796 
f 9780 9761 9791 9792 
f 9713 9799 9696 9693 
f 9658 9659 9799 9713 
f 9800 9802 9801 
f 9803 9805 9804 
f 9698 9699 9807 9806 
f 9726 9700 9766 9779 
f 9808 9803 9804 9809 
f 9702 9698 9806 9810 
f 9697 9701 9767 9765 
f 9811 9808 9809 
f 9704 9702 9810 9812 
f 9813 9811 9809 
f 9706 9704 9812 9814 
f 9815 9817 9816 
f 9708 9709 9819 9818 
f 9820 9815 9816 
f 9712 9708 9818 9821 
f 9707 9711 9772 9770 
f 9822 9825 9824 9823 
f 9658 9714 9826 9657 
f 9715 9713 9693 9773 
f 9825 9827 9824 
f 9714 9716 9828 9826 
f 9717 9715 9773 9774 
f 9827 9829 9824 
f 9716 9718 9830 9828 
f 9719 9717 9774 9775 
f 9829 9831 9824 
f 9718 9720 9832 9830 
f 9721 9719 9775 9776 
f 9831 9833 9824 
f 9720 9722 9834 9832 
f 9723 9721 9776 9777 
f 9833 9836 9835 9824 
f 9722 9724 9837 9834 
f 9725 9723 9777 9778 
f 9838 9840 9839 9804 
f 9727 9728 9795 9841 
f 9729 9726 9779 9780 
f 9842 9800 9801 9843 
f 9782 9783 9844 9794 
f 9784 9781 9792 9793 
f 9781 9729 9780 9792 
f 9782 9728 9729 9781 
f 9845 9848 10941 10940 
f 9627 9850 9849 9626 
f 9681 9851 9850 9627 
f 9711 9853 9852 9772 
f 9745 9855 9854 9744 
f 9744 9854 9851 9681 
f 9772 9852 9855 9745 
f 9712 9856 9853 9711 
f 9821 9857 9856 9712 
f 9820 9816 9859 9858 
f 9860 9863 10748 10747 
f 9836 9864 9835 
f 9655 9866 9865 9656 
f 9757 9868 9867 9778 
f 9688 9870 9869 9758 
f 9656 9865 9870 9688 
f 9758 9869 9868 9757 
f 9724 9872 9871 9837 
f 9725 9873 9872 9724 
f 9778 9867 9873 9725 
f 9874 9875 9844 9783 
f 9876 9877 9788 9787 
f 9878 9879 9793 9790 
f 9880 9881 9798 9797 
f 9877 9880 9797 9788 
f 9881 9878 9790 9798 
f 9879 9882 9784 9793 
f 9882 9874 9783 9784 
f 9883 9823 9884 
f 9885 10943 10942 9886 
f 9889 9891 9890 
f 9892 9895 9894 9893 
f 9896 9899 9898 9897 
f 9900 9903 9902 9901 
f 9903 9892 9893 9902 
f 9904 9907 9906 9905 
f 9907 9909 9908 9906 
f 9909 9896 9897 9908 
f 9910 10750 10749 9911 
f 9679 9680 9624 9677 
f 9709 9710 9705 9706 
f 9742 9743 9738 9739 
f 9743 9679 9677 9738 
f 9771 9742 9739 9769 
f 9819 9709 9706 9814 
f 9914 9680 9915 
f 9659 9660 9875 9874 
f 9689 9690 9877 9876 
f 9695 9696 9879 9878 
f 9763 9764 9881 9880 
f 9690 9763 9880 9877 
f 9764 9695 9878 9881 
f 9696 9799 9882 9879 
f 9799 9659 9874 9882 
f 9822 9823 9883 
f 9916 10944 10943 9885 
f 9918 9835 9864 
f 9865 9866 9895 9892 
f 9867 9868 9899 9896 
f 9869 9870 9903 9900 
f 9870 9865 9892 9903 
f 9868 9869 9900 9899 
f 9871 9872 9907 9904 
f 9872 9873 9909 9907 
f 9873 9867 9896 9909 
f 9919 10751 10741 9605 
f 9610 9611 9616 9613 
f 9674 9611 9612 9691 
f 9699 9700 9726 9727 
f 9732 9733 9759 9760 
f 9733 9674 9691 9759 
f 9766 9732 9760 9779 
f 9838 9804 9805 
f 9807 9699 9727 9841 
f 9766 9700 9697 9765 
f 9852 9853 9921 5849 
f 9854 9855 5850 5851 
f 9851 9854 5851 9922 
f 9855 9852 5849 5850 
f 9853 9856 9923 9921 
f 9856 9857 5852 9923 
f 9924 9858 9926 9925 
f 9927 9929 9928 9889 
f 9897 9898 9931 9930 
f 9901 9902 5857 9932 
f 9898 9901 9932 9931 
f 9905 9906 5858 9933 
f 9906 9908 5859 5858 
f 9908 9897 9930 5859 
f 9934 9935 10799 10798 
f 9936 10865 10864 9937 
f 9939 9942 10867 10866 
f 9943 9946 10869 10868 
f 9947 9950 10871 10870 
f 9951 9954 10873 10872 
f 9955 9957 10875 10874 
f 9958 9955 10874 10876 
f 9959 9957 10801 10800 
f 9961 9959 10800 10802 
f 9963 9961 10802 10803 
f 9965 9963 10803 10804 
f 9958 9968 10806 10805 
f 9969 9972 10878 10877 
f 9972 9974 10879 10878 
f 9934 9969 10877 10880 
f 9937 9976 10808 10807 
f 9965 9977 10882 10881 
f 9974 9979 10883 10879 
f 9980 10810 10809 9981 
f 9936 9985 10884 10865 
f 9979 9968 10885 10883 
f 9986 9977 10812 10811 
f 9988 9935 10887 10886 
f 9586 9587 10887 10880 
f 9592 10813 10807 9591 
f 9913 9595 10815 10814 
f 9596 9599 10817 10816 
f 9600 9603 10819 10818 
f 9604 9607 10821 10820 
f 9630 9631 10801 10822 
f 9966 9630 10822 10805 
f 9635 9636 10875 10888 
f 9638 9635 10888 10889 
f 9640 9638 10889 10890 
f 9642 9640 10890 10881 
f 9662 9663 10885 10876 
f 9671 9672 10824 10823 
f 9672 9990 10825 10824 
f 9786 9671 10823 10798 
f 9846 9847 10891 10864 
f 9861 9862 10812 10804 
f 9990 9991 10826 10825 
f 9887 10893 10892 9992 
f 9592 9912 10827 10813 
f 9991 9967 10806 10826 
f 9888 9917 10882 10894 
f 9608 9920 10799 10828 
f 9786 9920 10751 10746 
f 9938 10945 10940 9846 
f 9940 9941 10947 10946 
f 9944 9945 10949 10948 
f 9948 9949 10951 10950 
f 9952 9953 10953 10952 
f 9956 9636 10934 10954 
f 9662 9956 10954 10938 
f 9960 9631 10743 10752 
f 9962 9960 10752 10753 
f 9964 9962 10753 10754 
f 9861 9964 10754 10747 
f 9970 9971 10956 10955 
f 9971 9973 10957 10956 
f 9586 9970 10955 10931 
f 9591 9975 10755 10732 
f 9642 9917 10944 10937 
f 9973 9978 10958 10957 
f 9983 10757 10756 9982 
f 9938 9984 10959 10945 
f 9978 9663 10939 10958 
f 9987 9862 10748 10758 
f 9989 9587 10932 10960 
f 9568 9569 9570 9567 
f 9576 10016 9575 
f 10017 10020 10019 10018 
f 9583 9579 10022 10021 
f 9272 9465 9577 9271 
f 6937 6963 7000 6936 
f 6937 6938 6949 6957 
f 7073 8720 11440 11240 
f 7456 7611 7809 7455 
f 7601 7609 7610 7604 
f 7456 7442 7609 7601 
f 7604 7610 7621 7616 
f 7676 7673 7672 7675 
f 10023 10025 10024 
f 7677 7679 7690 10026 
f 7675 7672 7441 7455 
f 8743 8721 8720 7073 
f 8722 8717 8721 8743 
f 8813 8806 11303 11306 
f 7072 8858 11364 11367 
f 8812 8807 11416 11419 
f 7616 7621 9245 9242 
f 9278 9279 6935 6936 
f 8890 8887 6959 6960 
f 9278 9277 9424 9443 
f 9919 9605 10028 10027 
f 6957 6949 6950 6960 
f 6918 10030 10029 6917 
f 6917 10029 10031 6940 
f 6940 10031 9288 6965 
f 7093 10033 11445 11250 
f 8734 10034 10033 7093 
f 8832 10036 11446 11316 
f 7092 10032 11447 11376 
f 8831 10035 11448 11428 
f 9433 9290 6964 6965 
f 8899 10037 10030 6918 
f 9433 9289 10038 9432 
f 8690 8736 10034 
f 9546 10040 10039 9549 
f 10041 10044 10043 10042 
f 9848 10046 10961 10941 
f 9850 10041 10042 9849 
f 9976 10048 10829 10808 
f 9847 10045 10895 10891 
f 9975 10047 10759 10755 
f 10047 10051 10760 10759 
f 9851 9922 10044 10041 
f 9851 10041 9850 
f 9536 10053 10052 9537 
f 9992 5972 10928 10962 
f 10055 5976 5977 10056 
f 9887 9992 10962 10942 
f 9894 10055 10056 9893 
f 9980 9986 10811 10810 
f 9887 9888 10894 10893 
f 9983 9987 10758 10757 
f 9893 10056 9902 
f 10056 5977 5857 9902 
f 7446 7809 7611 7445 
f 7597 7602 7603 7596 
f 7445 7611 7602 7597 
f 7596 7603 7615 7614 
f 7679 7805 7689 7690 
f 7808 7674 7809 7446 
f 7614 7615 9241 9244 
f 8519 9220 10058 10057 
f 8518 8519 10057 10059 
f 8517 8518 10059 10060 
f 8516 8517 10060 10061 
f 8515 8516 10061 8724 
f 10058 9235 8565 10057 
f 10057 8565 8566 10059 
f 10059 8566 8567 10060 
f 10060 8567 8568 10061 
f 10061 8568 8569 8724 
f 7598 7612 7618 7448 
f 7674 7808 7679 7677 
f 9214 10062 7805 7679 
f 7679 7808 7678 
f 7804 7806 7686 7803 
f 10063 10066 10065 10064 
f 7663 7665 7747 8164 
f 10062 10058 9220 9304 
f 8215 8226 8232 8214 
f 8214 8232 8233 8217 
f 8218 8225 8226 8215 
f 8218 8219 8165 8173 
f 8217 8233 8239 9303 
f 9303 8239 8162 9304 
f 9214 9239 10062 
f 8174 8220 8221 8173 
f 8165 8166 8175 
f 7624 7625 7665 7663 
f 10067 5990 5991 7852 
f 10068 10069 7782 7783 
f 10069 10070 7781 7782 
f 10070 10071 7780 7781 
f 10071 10072 7778 7780 
f 10072 10073 7776 7778 
f 10073 10074 7774 7776 
f 10074 10075 7772 7774 
f 10075 10076 7770 7772 
f 10076 10077 7768 7770 
f 10077 10078 7766 7768 
f 10078 10079 7764 7766 
f 10079 10080 7762 7764 
f 10080 10081 7760 7762 
f 10081 10082 7758 7760 
f 10082 10083 7756 7758 
f 10083 10084 7754 7756 
f 10084 10085 7752 7754 
f 10085 10086 7750 7752 
f 10086 10087 7749 7750 
f 10087 10088 7800 7749 
f 10089 10023 7801 
f 7787 7784 7748 7801 
f 7784 10066 7747 7748 
f 10066 10063 8164 7747 
f 10063 10090 7746 8164 
f 10090 10091 7745 7746 
f 10091 10067 7852 7745 
f 10092 10095 10094 10093 
f 10096 10065 7785 10097 
f 10098 10101 10100 10099 
f 10099 10100 10103 10102 
f 10104 10107 10106 10105 
f 10105 10106 10109 10108 
f 10108 10109 10111 10110 
f 10110 10111 10113 10112 
f 10112 10113 10115 10114 
f 10114 10115 10117 10116 
f 10116 10117 10119 10118 
f 10118 10119 10121 10120 
f 10120 10121 10123 10122 
f 10122 10123 10125 10124 
f 10124 10125 10127 10126 
f 10126 10127 10129 10128 
f 10128 10129 10131 10130 
f 10130 10131 10133 10132 
f 10132 10133 10135 10134 
f 10134 10135 10137 10136 
f 10136 10137 10139 10138 
f 10138 10139 10141 10140 
f 10140 10141 10143 10142 
f 10144 10025 10146 10145 
f 10145 10146 10148 10147 
f 10147 10148 10101 10098 
f 10149 7691 10097 10150 
f 10151 10152 10107 10104 
f 10153 10154 10095 10092 
f 10142 10143 6079 6080 
f 10093 10094 10064 10155 
f 10144 7742 10157 10156 
f 10096 7692 8163 10155 
f 7688 10092 10093 7687 
f 7692 10096 10097 7691 
f 7696 10098 10099 7695 
f 7695 10099 10102 7698 
f 7702 10104 10105 7701 
f 7701 10105 10108 7704 
f 7704 10108 10110 7706 
f 7706 10110 10112 7708 
f 7708 10112 10114 7710 
f 7710 10114 10116 7712 
f 7712 10116 10118 7714 
f 7714 10118 10120 7716 
f 7716 10120 10122 7718 
f 7718 10122 10124 7720 
f 7720 10124 10126 7722 
f 7722 10126 10128 7724 
f 7724 10128 10130 7726 
f 7726 10130 10132 7728 
f 7728 10132 10134 7730 
f 7730 10134 10136 7732 
f 7732 10136 10138 7734 
f 7734 10138 10140 7736 
f 7736 10140 10142 7738 
f 7742 10144 10145 7741 
f 7741 10145 10147 7744 
f 7744 10147 10098 7696 
f 10150 10097 7785 7786 
f 7799 10151 10104 7702 
f 7851 10153 10092 7688 
f 7738 10142 6080 3797 
f 7687 10093 10155 8163 
f 10025 10144 10156 10024 
f 10065 10096 10155 10064 
f 10095 10091 10090 10094 
f 10065 10066 7784 7785 
f 10101 10023 10100 
f 10100 10023 10089 10103 
f 10107 10087 10086 10106 
f 10106 10086 10085 10109 
f 10109 10085 10084 10111 
f 10111 10084 10083 10113 
f 10113 10083 10082 10115 
f 10115 10082 10081 10117 
f 10117 10081 10080 10119 
f 10119 10080 10079 10121 
f 10121 10079 10078 10123 
f 10123 10078 10077 10125 
f 10125 10077 10076 10127 
f 10127 10076 10075 10129 
f 10129 10075 10074 10131 
f 10131 10074 10073 10133 
f 10133 10073 10072 10135 
f 10135 10072 10071 10137 
f 10137 10071 10070 10139 
f 10139 10070 10069 10141 
f 10141 10069 10068 10143 
f 10025 10023 10146 
f 10146 10023 10148 
f 10148 10023 10101 
f 10026 7690 7691 10149 
f 10152 10088 10087 10107 
f 10154 10067 10091 10095 
f 10143 10068 6084 6079 
f 10094 10090 10063 10064 
f 7742 7739 7802 10157 
f 7692 7689 7803 8163 
f 7801 7800 10088 10089 
f 10089 10088 10152 10103 
f 10103 10152 10151 10102 
f 10102 10151 7799 7698 
f 7698 7799 7798 7697 
f 7697 7798 7794 7438 
f 7438 7794 7793 7437 
f 7801 10023 7787 
f 7787 10023 10024 7786 
f 7786 10024 10156 10150 
f 10150 10156 10157 10149 
f 10149 10157 7802 10026 
f 10026 7802 7676 7677 
f 10158 10161 10160 10159 
f 7497 7496 10162 10159 
f 10163 10166 10165 10164 
f 10167 10169 9247 10168 
f 10170 10171 10169 10167 
f 10170 10173 10172 10164 
f 9244 9241 10174 10168 
f 10175 10178 10177 10176 
f 10171 10170 10164 10165 
f 10166 10179 9078 10165 
f 10169 10180 9246 9247 
f 10171 9079 10180 10169 
f 10178 10182 10181 10177 
f 9243 9244 10168 9247 
f 10183 10163 10164 10172 
f 10184 10167 10168 10174 
f 10173 10170 10167 10184 
f 10173 8628 8615 10172 
f 9241 9242 8626 10174 
f 10158 10175 10176 10161 
f 10185 10188 10187 10186 
f 10189 10185 10191 10190 
f 7451 10189 10190 7454 
f 10185 10186 10192 10191 
f 10189 7451 10194 10193 
f 10191 10178 10175 10190 
f 10190 10175 10158 7454 
f 7454 10162 7453 
f 10195 10182 10192 
f 7378 7613 9243 7377 
f 7450 7443 7444 7449 
f 7453 7495 7493 7452 
f 7600 7594 7595 7599 
f 7449 7444 7594 7600 
f 7599 7595 7613 7378 
f 9079 10171 10165 9078 
f 7450 7447 9214 7680 
f 9246 9230 7376 7377 
f 10162 7454 10158 10159 
f 10179 9232 9077 9078 
f 10180 9231 9230 9246 
f 9079 9080 9231 10180 
f 10196 9234 10197 10181 
f 10186 10195 10192 
f 10162 7496 7495 7453 
f 10182 10178 10191 10192 
f 10185 10189 10193 10188 
f 9225 7368 10199 10198 
f 7452 7493 10200 
f 7451 7452 10200 10194 
f 8616 10183 10172 8615 
f 8627 10184 10174 8626 
f 8628 10173 10184 8627 
f 8628 7179 8612 8615 
f 9242 9245 8626 
f 9245 7194 7191 8626 
f 10188 10202 10201 10187 
f 10194 10204 10203 10193 
f 10193 10203 10202 10188 
f 10200 10205 10204 10194 
f 10206 10195 10186 10187 
f 7493 7494 10205 10200 
f 10207 8620 10208 7370 
f 10209 9228 9229 10210 
f 9075 9076 9227 10211 
f 7607 10212 9238 7606 
f 7619 9240 10212 7607 
f 10207 9226 9073 9074 
f 10211 9227 9228 10209 
f 9075 7382 8619 9074 
f 10210 9229 7461 10213 
f 10213 7461 7462 10214 
f 10214 7462 7605 7606 
f 7619 7620 9235 10215 
f 10199 10216 10201 10198 
f 10217 9224 9225 10198 
f 10218 9222 9223 10219 
f 10219 9223 9224 10217 
f 10220 9221 9222 10218 
f 7499 7500 9221 10220 
f 7374 10209 10210 7373 
f 7382 9075 10211 7381 
f 8620 10207 9074 8619 
f 7381 10211 10209 7374 
f 7373 10210 10213 9236 
f 9236 10213 10214 9237 
f 9237 10214 7606 9238 
f 9240 7619 10215 9239 
f 10202 10217 10198 10201 
f 10204 10218 10219 10203 
f 10203 10219 10217 10202 
f 10205 10220 10218 10204 
f 8620 8617 9233 10208 
f 10212 7618 7612 9238 
f 9240 7617 7618 10212 
f 7382 7379 8618 8619 
f 10216 10206 10187 10201 
f 7494 7499 10220 10205 
f 9239 10215 10062 
f 10215 9235 10058 10062 
f 9901 9898 9899 9900 
f 10221 6833 6834 6148 
f 6148 6834 6849 5130 
f 7842 7628 7836 9248 
f 10222 8680 9307 6149 
f 10223 8679 8680 10222 
f 6149 9307 9292 9315 
f 8857 7838 11263 11203 
f 6151 9308 11441 11449 
f 6152 7840 7839 5226 
f 7848 7660 7849 10225 
f 6153 7851 7807 7854 
f 10225 7849 7852 5991 
f 7845 7650 7737 3798 
f 7850 7684 7821 7855 
f 5353 7831 7861 9419 
f 5350 7873 7865 5348 
f 7856 7822 7868 9421 
f 5352 9418 7872 5349 
f 5347 7858 7876 5351 
f 9420 7862 8327 9422 
f 9423 8328 8470 6154 
f 10226 8471 7880 10227 
f 6154 8470 8471 10226 
f 10227 7880 7877 9219 
f 9316 9310 9311 10228 
f 10228 9311 9308 6151 
f 10229 9312 11442 11204 
f 10224 9309 11443 11450 
f 6155 9313 11444 11205 
f 10231 9090 9087 10232 
f 10232 9087 6851 2798 
f 9198 9114 9090 10231 
f 5151 9145 9146 9168 
f 5266 9199 6833 10221 
f 9471 9249 7627 7841 
f 6150 7837 7840 6152 
f 10230 9314 8679 10223 
f 2797 6850 9051 9052 
f 4968 9032 9316 
f 5105 9173 9335 9376 
f 10233 9371 9370 6156 
f 6156 9370 9334 5267 
f 9416 9394 9371 10233 
f 9395 9396 9417 6157 
f 6157 9417 5345 
f 5247 9293 9429 6495 
f 10234 10048 10895 10896 
f 6159 9981 10809 10797 
f 10051 10047 10829 10830 
f 5972 9992 10892 10863 
f 6158 10045 10961 10930 
f 6160 9982 10756 10727 
f 6084 10068 7783 7853 
f 10235 10154 10153 6163 
f 6163 10153 7851 6153 
f 5990 10067 10154 10235 
f 10236 10239 10238 10237 
f 7790 7277 7511 7789 
f 7792 7565 7276 7791 
f 7796 7512 7240 7795 
f 7791 7276 7277 7790 
f 7789 7511 7512 7796 
f 7795 7240 7237 7797 
f 7792 7363 7229 7788 
f 7437 7793 7593 7797 
f 7230 7235 7788 
f 9924 9925 6168 6169 
f 10015 9588 9610 9613 
f 9588 9585 9609 9610 
f 9585 10006 9666 9609 
f 10006 10007 9665 9666 
f 10007 10008 9787 9665 
f 10008 10010 9876 9787 
f 10010 9664 9689 9876 
f 9664 9661 9644 9689 
f 9661 10002 9643 9644 
f 10002 9633 9647 9643 
f 9633 9634 9649 9647 
f 9634 9637 9651 9649 
f 9637 9639 9653 9651 
f 9639 9641 9655 9653 
f 9641 9916 9866 9655 
f 9916 9885 9895 9866 
f 9885 9886 9894 9895 
f 9886 10054 10055 9894 
f 10054 5973 5976 10055 
f 6161 10046 10042 10043 
f 10046 9848 9849 10042 
f 9848 9845 9626 9849 
f 9845 9993 9625 9626 
f 9993 10013 9915 9625 
f 9994 9995 9623 9914 
f 9996 9997 9620 9622 
f 9998 9999 9618 9619 
f 10000 10001 9614 9617 
f 10240 10762 10761 10241 
f 9990 9672 10745 10761 
f 10240 10242 10763 10762 
f 10242 10243 10764 10763 
f 10243 9629 10742 10764 
f 10244 10246 10240 10245 
f 9580 9530 10248 10247 
f 9462 9273 6979 6980 
f 6975 9577 6980 
f 6975 9271 9577 
f 6975 7811 7813 9271 
f 10249 9557 9558 10250 
f 10251 10253 10252 
f 10254 10255 9557 
f 10256 10257 9561 
f 6185 10259 10258 
f 10251 6185 10258 10253 
f 10252 10260 10251 
f 10261 10256 9561 9559 
f 10262 10261 9559 
f 10263 10262 9559 
f 10264 10263 9559 
f 10265 10264 9559 
f 10266 10265 9559 
f 10255 10266 9559 9557 
f 9557 10249 10254 
f 9558 10251 10260 10250 
f 10267 10270 10269 10268 
f 10270 10272 10271 10269 
f 10272 10274 10273 10271 
f 10274 10276 10275 10273 
f 10276 10278 10277 10275 
f 10278 10280 10279 10277 
f 10280 10282 10281 10279 
f 10282 10284 10283 10281 
f 10284 10286 10285 10283 
f 10286 10288 10287 10285 
f 10288 6216 10289 10287 
f 6217 10291 10290 6220 
f 10291 10293 10292 10290 
f 10293 10295 10294 10292 
f 10295 10297 10296 10294 
f 10297 10267 10268 10296 
f 10298 10301 10300 10299 
f 10302 10303 10301 10298 
f 10304 10305 10303 10302 
f 10306 10307 10305 10304 
f 10308 10309 10307 10306 
f 6239 10310 10309 10308 
f 10311 10313 6242 10312 
f 10314 10315 10313 10311 
f 10316 10317 10315 10314 
f 10318 10319 10317 10316 
f 10320 10321 10319 10318 
f 10322 10323 10321 10320 
f 10324 10325 10323 10322 
f 10326 10327 10325 10324 
f 10328 10329 10327 10326 
f 10299 10300 10329 10328 
f 10330 10333 10332 10331 
f 10333 10335 10334 10332 
f 10335 10337 10336 10334 
f 10337 10339 10338 10336 
f 10339 10341 10340 10338 
f 10341 10343 10342 10340 
f 6271 10345 10344 6274 
f 10345 10347 10346 10344 
f 10347 10349 10348 10346 
f 10349 10351 10350 10348 
f 10351 10353 10352 10350 
f 10353 10355 10354 10352 
f 10355 10357 10356 10354 
f 10357 10359 10358 10356 
f 10359 10361 10360 10358 
f 10361 10330 10331 10360 
s 2
f 10362 10365 10364 10363 
f 10365 10367 10366 10364 
f 10367 10369 10368 10366 
f 10369 10371 10370 10368 
f 10371 10373 10372 10370 
f 10373 10375 10374 10372 
f 10376 10379 10378 10377 
f 10379 10381 10380 10378 
f 10381 10383 10382 10380 
f 10383 10385 10384 10382 
f 10385 10387 10386 10384 
f 10387 10389 10388 10386 
f 10389 10391 10390 10388 
f 10391 10393 10392 10390 
f 10393 10395 10394 10392 
f 10395 10362 10363 10394 
f 10363 10364 6321 
f 10364 10366 6321 
f 10366 10368 6321 
f 10368 10370 6321 
f 10370 10372 6321 
f 10372 10374 6321 
f 10377 10378 6321 
f 10378 10380 6321 
f 10380 10382 6321 
f 10382 10384 6321 
f 10384 10386 6321 
f 10386 10388 6321 
f 10388 10390 6321 
f 10390 10392 6321 
f 10392 10394 6321 
f 10394 10363 6321 
s 1
f 10396 10399 10398 10397 
f 10301 10396 10397 10300 
f 10299 10270 10267 10298 
f 10400 10401 10399 10396 
f 10303 10400 10396 10301 
f 10298 10267 10297 10302 
f 10402 10403 10401 10400 
f 10305 10402 10400 10303 
f 10302 10297 10295 10304 
f 10404 10405 10403 10402 
f 10307 10404 10402 10305 
f 10304 10295 10293 10306 
f 10406 10407 10405 10404 
f 10309 10406 10404 10307 
f 10306 10293 10291 10308 
f 6334 6335 10407 10406 
f 10310 6334 10406 10309 
f 10308 10291 6217 6239 
f 10408 10410 6338 10409 
f 10313 10408 10409 6242 
f 10312 6216 10288 10311 
f 10411 10412 10410 10408 
f 10315 10411 10408 10313 
f 10311 10288 10286 10314 
f 10413 10414 10412 10411 
f 10317 10413 10411 10315 
f 10314 10286 10284 10316 
f 10415 10416 10414 10413 
f 10319 10415 10413 10317 
f 10316 10284 10282 10318 
f 10417 10418 10416 10415 
f 10321 10417 10415 10319 
f 10318 10282 10280 10320 
f 10419 10420 10418 10417 
f 10323 10419 10417 10321 
f 10320 10280 10278 10322 
f 10421 10422 10420 10419 
f 10325 10421 10419 10323 
f 10322 10278 10276 10324 
f 10423 10424 10422 10421 
f 10327 10423 10421 10325 
f 10324 10276 10274 10326 
f 10425 10426 10424 10423 
f 10329 10425 10423 10327 
f 10326 10274 10272 10328 
f 10397 10398 10426 10425 
f 10300 10397 10425 10329 
f 10328 10272 10270 10299 
f 10398 10399 10333 10330 
f 10399 10401 10335 10333 
f 10401 10403 10337 10335 
f 10403 10405 10339 10337 
f 10405 10407 10341 10339 
f 10407 6335 10343 10341 
f 6338 10410 10345 6271 
f 10410 10412 10347 10345 
f 10412 10414 10349 10347 
f 10414 10416 10351 10349 
f 10416 10418 10353 10351 
f 10418 10420 10355 10353 
f 10420 10422 10357 10355 
f 10422 10424 10359 10357 
f 10424 10426 10361 10359 
f 10426 10398 10330 10361 
f 10365 10362 10331 10332 
f 10362 10395 10360 10331 
f 10395 10393 10358 10360 
f 10393 10391 10356 10358 
f 10391 10389 10354 10356 
f 10389 10387 10352 10354 
f 10387 10385 10350 10352 
f 10385 10383 10348 10350 
f 10383 10381 10346 10348 
f 10381 10379 10344 10346 
f 10379 10376 6274 10344 
f 10375 10373 10340 10342 
f 10373 10371 10338 10340 
f 10371 10369 10336 10338 
f 10369 10367 10334 10336 
f 10367 10365 10332 10334 
f 8298 8299 9306 8104 
f 9305 8103 8104 9306 
f 10003 9632 9574 9572 
f 9632 9629 9576 9574 
f 9629 10243 10016 9576 
f 10243 10242 10246 10016 
f 10242 10240 10246 
f 10244 10020 10016 10246 
f 10020 10017 9575 10016 
f 10017 10428 10427 9575 
f 10428 10430 10429 10427 
f 10430 10432 10431 10429 
f 10432 10434 10433 10431 
f 10434 10436 10435 10433 
f 10436 10438 10437 10435 
f 10438 10440 10439 10437 
f 10440 10442 10441 10439 
f 10442 10444 10443 10441 
f 10444 10446 10445 10443 
f 10446 10448 10447 10445 
f 10448 10450 10449 10447 
f 10450 10452 10451 10449 
f 10452 10454 10453 10451 
f 10454 10456 10455 10453 
f 10456 10458 10457 10455 
f 10458 10460 10459 10457 
f 10460 10462 10461 10459 
f 10462 10463 9473 10461 
f 10463 10464 9472 9473 
f 10464 10465 9558 9472 
f 10465 10466 10251 9558 
f 10466 10467 6185 10251 
f 6162 10011 9560 5488 
f 10011 10012 9563 9560 
f 10012 10014 9565 9563 
f 10014 9863 10239 9565 
f 9863 9860 10238 10239 
f 9860 10005 9568 10238 
f 10005 10004 9569 9568 
f 10004 10003 9572 9569 
f 10268 10269 10249 10250 
f 10269 10271 10254 10249 
f 10271 10273 10255 10254 
f 10273 10275 10266 10255 
f 10275 10277 10265 10266 
f 10277 10279 10264 10265 
f 10279 10281 10263 10264 
f 10281 10283 10262 10263 
f 10283 10285 10261 10262 
f 10285 10287 10256 10261 
f 10287 10289 10257 10256 
f 6220 10290 10258 10259 
f 10290 10292 10253 10258 
f 10292 10294 10252 10253 
f 10294 10296 10260 10252 
f 10296 10268 10250 10260 
f 7806 7804 9217 7967 
f 9216 9217 7804 
f 7804 9215 9216 
f 7804 8162 9215 
f 7805 10062 9304 8162 
f 10431 10433 9474 
f 10433 10435 9474 
f 10435 10437 9474 
f 10437 10439 9474 
f 10439 10441 9474 
f 10441 10443 9474 
f 10443 10445 9474 
f 10445 10447 9474 
f 10447 10449 9474 
f 10449 10451 9474 
f 10451 10453 9474 
f 10453 10455 9474 
f 10455 10457 9474 
f 10457 10459 9474 
f 10459 10461 9474 
f 10461 9473 9474 
f 7497 10159 10160 7498 
f 10161 10469 10468 10160 
f 10177 10471 10470 10176 
f 10181 10197 10471 10177 
f 10176 10470 10469 10161 
f 10160 10468 7167 7498 
f 9234 10196 10472 9233 
f 9234 9232 10179 10197 
f 10208 10473 7369 7370 
f 9233 10472 10473 10208 
f 10469 10183 8616 10468 
f 10471 10166 10163 10470 
f 10197 10179 10166 10471 
f 10470 10163 10183 10469 
f 10468 8616 7170 7167 
f 10181 10182 10195 10196 
f 10196 10195 10206 10472 
f 10472 10206 10216 10473 
f 10473 10216 10199 7369 
f 7368 9226 10207 7370 
f 7369 10199 7368 
f 6643 6644 6648 6645 
f 6680 6681 6685 6682 
f 6719 6720 6715 6716 
f 6720 6681 6679 6715 
f 6749 6719 6716 6747 
f 6774 6775 6770 6771 
f 6775 6644 6642 6770 
f 6680 6774 6771 6678 
f 9889 9890 9835 9918 
f 9802 9800 9884 9823 
f 10474 9840 9842 9843 
f 9839 9840 10474 
f 6735 6736 6731 6732 
f 6736 6697 6695 6731 
f 6757 6735 6732 6755 
f 6790 6791 6786 6787 
f 6791 6660 6658 6786 
f 6696 6790 6787 6694 
f 9858 9859 9926 
f 9889 9928 9891 
f 10475 10476 9844 9875 
f 10477 10478 9806 9807 
f 10478 10479 9810 9806 
f 10480 10481 9821 9818 
f 10482 10483 9657 9826 
f 10484 10482 9826 9828 
f 10485 10484 9828 9830 
f 10486 10485 9830 9832 
f 10487 10486 9832 9834 
f 10488 10487 9834 9837 
f 10489 10490 9841 9795 
f 10476 10491 9794 9844 
f 10491 10489 9795 9794 
f 10481 10492 9857 9821 
f 10493 10488 9837 9871 
f 10494 10475 9875 9660 
f 10495 10496 9904 9905 
f 10483 10494 9660 9657 
f 10496 10493 9871 9904 
f 10490 10477 9807 9841 
f 10492 10497 5852 9857 
f 6425 10495 9905 9933 
f 6659 9809 9804 6657 
f 6657 9804 9839 6655 
f 6655 9839 10474 6653 
f 6653 10474 9843 6651 
f 6651 9843 9801 6649 
f 6649 9801 9802 6646 
f 6646 9802 9823 6645 
f 6645 9823 9824 6643 
f 6643 9824 9835 6641 
f 6641 9835 9890 6639 
f 6639 9890 9891 6637 
f 6637 9891 9928 6634 
f 6634 9928 9929 2588 
f 6669 6168 9925 6667 
f 6667 9925 9926 6665 
f 6665 9926 9859 6662 
f 6662 9859 9816 6661 
f 6661 9816 9809 6659 
f 10475 9884 9800 10476 
f 10476 9800 9842 10491 
f 10491 9842 9840 10489 
f 10489 9840 9838 10490 
f 10490 9838 9805 10477 
f 10477 9805 9803 10478 
f 10478 9803 9808 10479 
f 10480 9815 9820 10481 
f 10481 9820 9858 10492 
f 10492 9858 9924 10497 
f 10497 6426 5852 
f 6425 9927 9889 10495 
f 10495 9889 9918 10496 
f 10496 9918 9864 10493 
f 10493 9864 9836 10488 
f 10488 9836 9833 10487 
f 10487 9833 9831 10486 
f 10486 9831 9829 10485 
f 10485 9829 9827 10484 
f 10484 9827 9825 10482 
f 10482 9825 9822 10483 
f 10483 9822 9883 10494 
f 10494 9883 9884 10475 
f 6426 10497 9924 6169 
f 6920 6921 6930 6927 
f 6924 6925 6934 6931 
f 6928 6929 6938 6935 
f 6932 6933 6922 6919 
f 6943 6944 6953 6954 
f 6947 6948 10498 9302 
f 6951 6952 6941 6942 
f 6955 6956 6945 6946 
f 6944 6921 6922 6953 
f 6948 6925 6926 10498 
f 6952 6929 6930 6941 
f 6956 6933 6934 6945 
f 7076 11242 11239 7071 
f 7080 11244 11241 7075 
f 7084 11246 11243 7079 
f 7088 11248 11245 7083 
f 7089 8735 8738 7082 
f 7085 8737 8740 7078 
f 7081 8739 8742 7074 
f 7077 8741 8744 7070 
f 8735 8690 8738 
f 8737 8745 8740 
f 8816 11308 11305 8811 
f 8820 11310 11307 8815 
f 8824 11312 11309 8819 
f 8828 11314 11311 8823 
f 8817 11369 11366 8810 
f 8821 11371 11368 8814 
f 8825 11373 11370 8818 
f 8829 11375 11372 8822 
f 8892 11421 11418 8889 
f 8894 11423 11420 8891 
f 8896 11425 11422 8893 
f 8898 11427 11424 8895 
f 6928 9280 9281 6927 
f 6920 9282 9283 6919 
f 6932 9284 9285 6931 
f 6924 9286 9287 6923 
f 9288 9289 9433 6965 
f 6947 8898 8895 6946 
f 6955 8896 8893 6954 
f 6943 8894 8891 6942 
f 6951 8892 8889 6950 
f 9543 10500 10499 9542 
f 9547 10502 10501 9546 
f 10040 10505 10504 10503 
f 9551 10507 10506 9550 
f 9539 9540 10052 10053 
f 9543 9544 9541 9538 
f 9547 9548 9545 9542 
f 9551 9552 10508 10503 
f 9594 10734 10750 9910 
f 9598 10736 10735 9593 
f 9602 10738 10737 9597 
f 9606 10740 10739 9601 
f 9614 9615 9617 
f 9618 9615 9621 9619 
f 9620 9621 9624 9622 
f 9623 9624 9680 9914 
f 9767 9701 9703 9768 
f 9768 9703 9705 9769 
f 9769 9705 9710 9771 
f 9911 10749 10733 9589 
f 9813 9809 9816 9817 
f 9771 9710 9707 9770 
f 9915 9680 9628 9625 
f 9941 10867 10868 9944 
f 9945 10869 10870 9948 
f 9949 10871 10872 9952 
f 9953 10873 10886 9989 
f 9984 10884 10866 9940 
f 9942 10815 10816 9943 
f 9946 10817 10818 9947 
f 9950 10819 10820 9951 
f 9954 10821 10828 9988 
f 9985 10827 10814 9939 
f 9995 10947 10948 9996 
f 9997 10949 10950 9998 
f 9999 10951 10952 10000 
f 10001 10953 10960 10015 
f 10013 10959 10946 9994 
f 10029 10030 9302 10498 
f 10031 10029 10498 6926 
f 9288 10031 6926 6923 
f 10035 11446 11313 8827 
f 10037 11448 11426 8897 
f 10030 10037 8897 9302 
f 9539 10510 10509 9538 
f 9602 10512 10511 9601 
f 9915 10013 9994 9914 
f 9623 9995 9996 9622 
f 9620 9997 9998 9619 
f 9618 9999 10000 9617 
f 9614 10001 10015 9613 
f 6659 6660 6664 6661 
f 6696 6697 6701 6698 
f 9810 10479 10513 9812 
f 9812 10513 10514 9814 
f 9819 10515 10480 9818 
f 9814 10514 10515 9819 
f 10479 9808 9811 10513 
f 10513 9811 9813 10514 
f 10514 9813 9817 10515 
f 10515 9817 9815 10480 
f 10516 10519 10518 10517 
f 10519 10521 10520 10518 
f 10521 10523 10522 10520 
f 10523 10524 10248 10522 
f 10525 10528 10527 10526 
f 10528 10530 10529 10527 
f 10530 10532 10531 10529 
f 10533 10534 10500 10509 
f 10535 10536 10502 10499 
f 10537 10538 10505 10501 
f 10539 10540 10507 10504 
f 10541 10543 10542 10506 
f 10544 10547 10546 10545 
f 10548 10551 10550 10549 
f 10552 10555 10554 10553 
f 10556 10559 10558 10557 
f 10560 10563 10562 10561 
f 10564 10567 10566 10565 
f 10568 10571 10570 10569 
f 10572 10575 10574 10573 
f 10576 10579 10578 10577 
f 10551 10564 10565 10550 
f 10555 10568 10569 10554 
f 10559 10572 10573 10558 
f 10563 10576 10577 10562 
f 10567 10556 10557 10566 
f 10571 10560 10561 10570 
f 10575 10552 10553 10574 
f 10579 10544 10545 10578 
f 10580 10581 10022 10247 
f 10582 10585 10584 10583 
f 10547 10582 10583 10546 
f 10586 10548 10549 10587 
f 10588 10586 10587 10589 
f 10585 5400 10590 10584 
f 10591 10588 10589 10021 
f 10591 10581 9464 9578 
f 10543 10516 10517 10542 
f 10532 10592 10510 10531 
f 10593 10525 10526 6541 
f 10580 10524 9428 9463 
f 10535 10534 9435 9436 
f 10537 10536 9437 9438 
f 10539 10538 9439 9440 
f 10541 10540 9441 9442 
f 10533 10592 10038 9434 
f 10594 10597 10596 10595 
f 10597 10599 10598 10596 
f 10599 10601 10600 10598 
f 10601 10602 6593 10600 
f 10603 10606 10605 10604 
f 10606 10608 10607 10605 
f 10608 10610 10609 10607 
f 10610 10612 10611 10609 
f 10612 10614 10613 10611 
f 10614 10616 10615 10613 
f 10616 10618 10617 10615 
f 10618 10620 10619 10617 
f 10620 10622 10621 10619 
f 10622 10624 10623 10621 
f 10624 10626 10625 10623 
f 10626 10628 10627 10625 
f 10628 10630 10629 10627 
f 10630 10632 10631 10629 
f 10632 10634 10633 10631 
f 10634 10636 10635 10633 
f 10636 10638 10637 10635 
f 10638 10594 10595 10637 
f 10639 10642 10641 10640 
f 10642 10644 10643 10641 
f 10644 10646 10645 10643 
f 10646 10648 10647 10645 
f 10649 10652 10651 10650 
f 10652 10654 10653 10651 
f 10655 10658 10657 10656 
f 10659 10662 10661 10660 
f 10663 10666 10665 10664 
f 10667 10670 10669 10668 
f 10671 10639 10640 10672 
f 5483 10649 10650 6629 
f 10673 10675 10019 10674 
f 10676 10603 10604 10018 
f 10676 10675 9582 9584 
f 10671 10670 9553 9555 
f 10666 10678 10677 10665 
f 10654 10680 10679 10653 
f 10673 10648 9531 9581 
f 10680 10655 10656 10679 
f 10658 10659 10660 10657 
f 10662 10663 10664 10661 
f 10681 10667 10668 10682 
f 10681 10678 10039 10508 
f 8741 8745 8744 
f 8739 8745 8742 
f 10032 11445 11247 7087 
f 10033 10034 8736 7086 
f 10036 11447 11374 8826 
f 8690 10034 8734 
f 10027 10028 10669 10672 
f 10511 10512 10677 10682 
f 10683 10684 9670 9785 
f 10684 10685 9669 9670 
f 10685 10686 10241 9669 
f 10686 10245 10240 10241 
f 10687 10688 10009 10049 
f 10688 10689 9590 10009 
f 10690 10691 9910 9911 
f 10692 10693 9593 9594 
f 10694 10695 9597 9598 
f 10696 10028 9605 9606 
f 10027 10683 9785 9919 
f 10695 10512 9602 9597 
f 10689 10697 9589 9590 
f 10697 10690 9911 9589 
f 10691 10692 9594 9910 
f 10693 10694 9598 9593 
f 10511 10696 9606 9601 
f 10244 10245 10647 10674 
s 2
f 10687 10049 10050 10698 
s 1
f 9566 9567 10431 9474 
f 9570 9571 10427 
f 9571 9573 10427 
f 9573 9575 10427 
f 9568 9566 10237 10238 
f 9566 9474 10237 
f 10431 9567 10429 
f 10429 9567 9570 10427 
f 10237 9474 10236 
f 10239 10236 9564 9565 
f 10236 9474 9564 
f 7680 9214 7679 
f 9424 9425 10519 10516 
f 9425 9426 10521 10519 
f 9426 9427 10523 10521 
f 9427 9428 10524 10523 
f 9429 9430 10528 10525 
f 9430 9431 10530 10528 
f 9431 9432 10532 10530 
f 9434 9435 10534 10533 
f 9436 9437 10536 10535 
f 9438 9439 10538 10537 
f 9440 9441 10540 10539 
f 9442 9443 10543 10541 
f 9444 9445 10547 10544 
f 9446 9447 10551 10548 
f 9448 9449 10555 10552 
f 9450 9451 10559 10556 
f 9452 9453 10563 10560 
f 9454 9455 10567 10564 
f 9456 9457 10571 10568 
f 9458 9459 10575 10572 
f 9460 9461 10579 10576 
f 9447 9454 10564 10551 
f 9449 9456 10568 10555 
f 9451 9458 10572 10559 
f 9453 9460 10576 10563 
f 9455 9450 10556 10567 
f 9457 9452 10560 10571 
f 9459 9448 10552 10575 
f 9461 9444 10544 10579 
f 9463 9464 10581 10580 
f 9466 9467 10585 10582 
f 9445 9466 10582 10547 
f 9468 9446 10548 10586 
f 9469 9468 10586 10588 
f 9467 9470 5400 10585 
f 9578 9469 10588 10591 
f 9443 9424 10516 10543 
f 9432 10038 10592 10532 
f 6495 9429 10525 10593 
f 9578 9464 9465 9272 
f 9463 9428 9273 9462 
f 9436 9435 9286 9285 
f 9438 9437 9284 9283 
f 9440 9439 9282 9281 
f 9442 9441 9280 9279 
f 9434 10038 9289 9287 
f 10021 10022 10581 10591 
f 10247 10248 10524 10580 
f 10499 10500 10534 10535 
f 10501 10502 10536 10537 
f 10504 10505 10538 10539 
f 10506 10507 10540 10541 
f 10509 10510 10592 10533 
f 10517 10518 9522 9523 
f 10518 10520 9526 9522 
f 10520 10522 9528 9526 
f 10522 10248 9530 9528 
f 10526 10527 9532 9533 
f 10527 10529 9536 9532 
f 10529 10531 10053 9536 
f 10509 10500 9543 9538 
f 10499 10502 9547 9542 
f 10501 10505 10040 9546 
f 10504 10507 9551 10503 
f 10506 10542 9554 9550 
f 10545 10546 9479 9476 
f 10549 10550 9493 9491 
f 10553 10554 9509 9507 
f 10557 10558 9501 9499 
f 10561 10562 9517 9515 
f 10565 10566 9497 9495 
f 10569 10570 9513 9511 
f 10573 10574 9505 9503 
f 10577 10578 9521 9519 
f 10550 10565 9495 9493 
f 10554 10569 9511 9509 
f 10558 10573 9503 9501 
f 10562 10577 9519 9517 
f 10566 10557 9499 9497 
f 10570 10561 9515 9513 
f 10574 10553 9507 9505 
f 10578 10545 9476 9521 
f 10247 10022 9579 9580 
f 10583 10584 9483 9481 
f 10546 10583 9481 9479 
f 10587 10549 9491 9489 
f 10589 10587 9489 9486 
f 10584 10590 9485 9483 
f 10021 10589 9486 9583 
f 10542 10517 9523 9554 
f 10531 10510 9539 10053 
f 6541 10526 9533 5484 
f 9477 9478 10597 10594 
f 9478 9480 10599 10597 
f 9480 9482 10601 10599 
f 9482 9484 10602 10601 
f 9487 9488 10606 10603 
f 9488 9490 10608 10606 
f 9490 9492 10610 10608 
f 9492 9494 10612 10610 
f 9494 9496 10614 10612 
f 9496 9498 10616 10614 
f 9498 9500 10618 10616 
f 9500 9502 10620 10618 
f 9502 9504 10622 10620 
f 9504 9506 10624 10622 
f 9506 9508 10626 10624 
f 9508 9510 10628 10626 
f 9510 9512 10630 10628 
f 9512 9514 10632 10630 
f 9514 9516 10634 10632 
f 9516 9518 10636 10634 
f 9518 9520 10638 10636 
f 9520 9477 10594 10638 
f 9524 9525 10642 10639 
f 9525 9527 10644 10642 
f 9527 9529 10646 10644 
f 9529 9531 10648 10646 
f 9534 9535 10652 10649 
f 9535 9537 10654 10652 
f 9540 9541 10658 10655 
f 9544 9545 10662 10659 
f 9548 9549 10666 10663 
f 9552 9553 10670 10667 
f 9555 9524 10639 10671 
f 9556 9534 10649 5483 
f 9581 9582 10675 10673 
f 9584 9487 10603 10676 
f 9549 10039 10678 10666 
f 9537 10052 10680 10654 
f 10052 9540 10655 10680 
f 9541 9544 10659 10658 
f 9545 9548 10663 10662 
f 10508 9552 10667 10681 
f 9584 9582 9579 9583 
f 9555 9553 9550 9554 
f 9581 9531 9530 9580 
f 10508 10039 10040 10503 
f 10018 10019 10675 10676 
f 10595 10596 10464 10463 
f 10596 10598 10465 10464 
f 10598 10600 10466 10465 
f 10600 6593 10467 10466 
f 10604 10605 10430 10428 
f 10605 10607 10432 10430 
f 10607 10609 10434 10432 
f 10609 10611 10436 10434 
f 10611 10613 10438 10436 
f 10613 10615 10440 10438 
f 10615 10617 10442 10440 
f 10617 10619 10444 10442 
f 10619 10621 10446 10444 
f 10621 10623 10448 10446 
f 10623 10625 10450 10448 
f 10625 10627 10452 10450 
f 10627 10629 10454 10452 
f 10629 10631 10456 10454 
f 10631 10633 10458 10456 
f 10633 10635 10460 10458 
f 10635 10637 10462 10460 
f 10637 10595 10463 10462 
f 10640 10641 10684 10683 
f 10641 10643 10685 10684 
f 10643 10645 10686 10685 
f 10645 10647 10245 10686 
f 10650 10651 10688 10687 
f 10651 10653 10689 10688 
f 10656 10657 10691 10690 
f 10660 10661 10693 10692 
f 10664 10665 10695 10694 
f 10668 10669 10028 10696 
f 10672 10640 10683 10027 
f 6629 10650 10687 10698 
f 10674 10019 10020 10244 
f 10018 10604 10428 10017 
f 10665 10677 10512 10695 
f 10653 10679 10697 10689 
f 10679 10656 10690 10697 
f 10657 10660 10692 10691 
f 10661 10664 10694 10693 
f 10682 10668 10696 10511 
f 10672 10669 10670 10671 
f 10682 10677 10678 10681 
f 10674 10647 10648 10673 
f 10700 5519 5518 10699 
f 10702 5523 5522 10701 
f 10704 5527 5526 10703 
f 10706 5531 5530 10705 
f 10708 5535 5534 10707 
f 10710 5560 5559 10709 
f 10712 5599 5598 10711 
f 10713 5713 5599 10712 
f 10715 5791 5790 10714 
f 10717 5840 5839 10716 
f 10707 5534 5848 10718 
f 10713 5714 5847 10718 
f 10719 5929 5558 10709 
f 10720 5930 5929 10719 
f 10721 5931 5930 10720 
f 10715 5788 5931 10721 
f 10700 5520 5935 10722 
f 10724 5938 5937 10723 
f 10725 5940 5789 10714 
f 10722 5935 5969 10726 
f 10726 5969 10050 10760 
f 10723 5937 5940 10725 
f 10727 6162 5938 10724 
f 10729 5916 5917 10728 
f 10729 6171 5597 10711 
f 10728 5917 5893 10730 
f 10730 5893 5894 10731 
f 10731 5894 5560 10710 
f 10716 5839 5523 10702 
f 10701 5522 5527 10704 
f 10703 5526 5531 10706 
f 10705 5530 5535 10708 
f 10699 5518 5840 10717 
f 10733 9592 9591 10732 
f 10735 9596 9595 10734 
f 10737 9600 9599 10736 
f 10739 9604 9603 10738 
f 10741 9608 9607 10740 
f 10743 9631 9630 10742 
f 10745 9672 9671 10744 
f 10744 9671 9786 10746 
f 10748 9862 9861 10747 
f 10750 9913 9912 10749 
f 10751 9920 9608 10741 
f 10751 9919 9785 10746 
f 10743 9632 10003 10752 
f 10752 10003 10004 10753 
f 10753 10004 10005 10754 
f 10754 10005 9860 10747 
f 10755 10009 9590 10732 
f 10757 10012 10011 10756 
f 10748 9863 10014 10758 
f 10759 10049 10009 10755 
f 10760 10050 10049 10759 
f 10758 10014 10012 10757 
f 10756 10011 6162 10727 
f 10762 9991 9990 10761 
f 10745 9669 10241 10761 
f 10763 9967 9991 10762 
f 10764 9966 9967 10763 
f 10742 9630 9966 10764 
f 10734 9595 9913 10750 
f 10736 9599 9596 10735 
f 10738 9603 9600 10737 
f 10740 9607 9604 10739 
f 10749 9912 9592 10733 
f 10766 5713 5848 10765 
f 10768 5886 5559 10767 
f 10769 5888 5886 10768 
f 10770 5890 5888 10769 
f 10771 5791 5890 10770 
f 10773 5894 5893 10772 
f 10775 5519 5902 10774 
f 10777 5908 5907 10776 
f 10779 5913 5790 10778 
f 10775 5864 5862 10780 
f 10782 5865 5866 10781 
f 10784 5869 5870 10783 
f 10786 5873 5874 10785 
f 10788 5877 5878 10787 
f 10789 5881 5882 10767 
f 10773 5884 5881 10789 
f 10791 5895 5896 10790 
f 10790 5896 5899 10792 
f 10766 5860 5895 10791 
f 10771 5891 5903 10778 
f 10792 5899 5904 10793 
f 10780 5862 5910 10794 
f 10793 5904 5892 10772 
f 10795 5914 5861 10765 
f 10774 5902 5968 10796 
f 10776 5907 5913 10779 
f 10797 6160 5908 10777 
f 10830 10234 5967 10796 
f 10784 5522 5523 10781 
f 10786 5526 5527 10783 
f 10788 5530 5531 10785 
f 10795 5534 5535 10787 
f 10782 5839 5840 10794 
f 10799 9920 9786 10798 
f 10801 9631 9960 10800 
f 10800 9960 9962 10802 
f 10802 9962 9964 10803 
f 10803 9964 9861 10804 
f 10806 9967 9966 10805 
f 10808 9975 9591 10807 
f 10810 9983 9982 10809 
f 10812 9862 9987 10811 
f 10813 9936 9937 10807 
f 10815 9942 9939 10814 
f 10817 9946 9943 10816 
f 10819 9950 9947 10818 
f 10821 9954 9951 10820 
f 10801 9957 9955 10822 
f 10822 9955 9958 10805 
f 10824 9972 9969 10823 
f 10825 9974 9972 10824 
f 10823 9969 9934 10798 
f 10812 9977 9965 10804 
f 10826 9979 9974 10825 
f 10827 9985 9936 10813 
f 10806 9968 9979 10826 
f 10799 9935 9988 10828 
f 10829 10047 9975 10808 
f 10811 9987 9983 10810 
f 10809 9982 6160 10797 
f 10829 10048 10234 10830 
f 10815 9595 9596 10816 
f 10817 9599 9600 10818 
f 10819 9603 9604 10820 
f 10821 9607 9608 10828 
f 10827 9912 9913 10814 
f 10832 5776 5863 10831 
f 10834 5868 5867 10833 
f 10836 5872 5871 10835 
f 10838 5876 5875 10837 
f 10840 5880 5879 10839 
f 10842 5883 5562 10841 
f 10843 5592 5883 10842 
f 10845 5898 5897 10844 
f 10844 5897 5900 10846 
f 10847 5516 5898 10845 
f 10849 5569 5845 10848 
f 10846 5900 5905 10850 
f 10831 5863 5911 10851 
f 10850 5905 5591 10852 
f 10854 5915 5515 10853 
f 10847 5860 5861 10853 
f 10855 5885 5882 10841 
f 10856 5887 5885 10855 
f 10857 5889 5887 10856 
f 10849 5891 5889 10857 
f 10843 5884 5892 10852 
f 10832 5864 5901 10858 
f 10860 5909 5906 10859 
f 10861 5912 5903 10848 
f 10858 5901 5967 10862 
f 10859 5906 5912 10861 
f 10896 6158 5966 10862 
f 10863 6159 5909 10860 
f 10836 5869 5866 10833 
f 10838 5873 5870 10835 
f 10840 5877 5874 10837 
f 10854 5914 5878 10839 
f 10834 5865 5910 10851 
f 10865 9938 9846 10864 
f 10867 9941 9940 10866 
f 10869 9945 9944 10868 
f 10871 9949 9948 10870 
f 10873 9953 9952 10872 
f 10875 9636 9956 10874 
f 10874 9956 9662 10876 
f 10878 9971 9970 10877 
f 10879 9973 9971 10878 
f 10877 9970 9586 10880 
f 10882 9917 9642 10881 
f 10883 9978 9973 10879 
f 10884 9984 9938 10865 
f 10885 9663 9978 10883 
f 10887 9587 9989 10886 
f 10887 9935 9934 10880 
f 10875 9957 9959 10888 
f 10888 9959 9961 10889 
f 10889 9961 9963 10890 
f 10890 9963 9965 10881 
f 10885 9968 9958 10876 
f 10891 9976 9937 10864 
f 10893 9980 9981 10892 
f 10882 9977 9986 10894 
f 10895 10048 9976 10891 
f 10894 9986 9980 10893 
f 10895 10045 6158 10896 
f 10892 9981 6159 10863 
f 10867 9942 9943 10868 
f 10869 9946 9947 10870 
f 10871 9950 9951 10872 
f 10873 9954 9988 10886 
f 10884 9985 9939 10866 
f 10898 5516 5515 10897 
f 10900 5563 5562 10899 
f 10901 5565 5563 10900 
f 10902 5567 5565 10901 
f 10903 5569 5567 10902 
f 10905 5592 5591 10904 
f 10907 5776 5775 10906 
f 10909 5815 5814 10908 
f 10908 5814 5845 10910 
f 10907 5773 5919 10911 
f 10913 5921 5920 10912 
f 10915 5923 5922 10914 
f 10917 5925 5924 10916 
f 10919 5927 5926 10918 
f 10920 5928 5561 10899 
f 10905 5589 5928 10920 
f 10922 5933 5932 10921 
f 10921 5932 5934 10923 
f 10898 5513 5933 10922 
f 10903 5570 5844 10910 
f 10923 5934 5936 10924 
f 10911 5919 5939 10925 
f 10924 5936 5590 10904 
f 10926 5941 5514 10897 
f 10906 5775 5966 10927 
f 10929 5974 5973 10928 
f 10909 5816 5974 10929 
f 10930 6161 5965 10927 
f 10915 5872 5867 10912 
f 10917 5876 5871 10914 
f 10919 5880 5875 10916 
f 10926 5915 5879 10918 
f 10913 5868 5911 10925 
f 10932 9587 9586 10931 
f 10934 9636 9635 10933 
f 10933 9635 9638 10935 
f 10935 9638 9640 10936 
f 10936 9640 9642 10937 
f 10939 9663 9662 10938 
f 10941 9847 9846 10940 
f 10943 9888 9887 10942 
f 10944 9917 9888 10943 
f 10945 9993 9845 10940 
f 10947 9995 9994 10946 
f 10949 9997 9996 10948 
f 10951 9999 9998 10950 
f 10953 10001 10000 10952 
f 10934 9633 10002 10954 
f 10954 10002 9661 10938 
f 10956 10007 10006 10955 
f 10957 10008 10007 10956 
f 10955 10006 9585 10931 
f 10944 9916 9641 10937 
f 10958 10010 10008 10957 
f 10959 10013 9993 10945 
f 10939 9664 10010 10958 
f 10932 9588 10015 10960 
f 10961 10045 9847 10941 
f 10928 5973 10054 10962 
f 10962 10054 9886 10942 
f 10961 10046 6161 10930 
f 10947 9941 9944 10948 
f 10949 9945 9948 10950 
f 10951 9949 9952 10952 
f 10953 9953 9989 10960 
f 10959 9984 9940 10946 
f 10964 2954 2953 10963 
f 10966 2959 2958 10965 
f 10965 2958 2961 10967 
f 10967 2961 2963 10968 
f 10968 2963 2965 10969 
f 10969 2965 2967 10970 
f 10970 2967 2969 10971 
f 10971 2969 2971 10972 
f 10974 2975 2974 10973 
f 10976 2979 2978 10975 
f 10977 2981 2979 10976 
f 10978 2983 2981 10977 
f 10979 2985 2983 10978 
f 10980 2987 2985 10979 
f 10981 2989 2987 10980 
f 10982 2991 2989 10981 
f 10983 2993 2991 10982 
f 10984 2995 2993 10983 
f 10985 2997 2995 10984 
f 10986 2999 2997 10985 
f 10987 3001 2999 10986 
f 10988 3003 3001 10987 
f 10989 3005 3003 10988 
f 10990 3007 3005 10989 
f 10991 3009 3007 10990 
f 10993 3013 3012 10992 
f 10995 3016 3015 10994 
f 10997 3021 3020 10996 
f 10999 3025 3024 10998 
f 11001 3029 3028 11000 
f 11003 3033 3032 11002 
f 11005 3037 3036 11004 
f 11007 3041 3040 11006 
f 10994 3015 3043 11008 
f 11010 3046 3045 11009 
f 11012 3431 3430 11011 
f 11013 3432 3046 11010 
f 11011 3430 3449 11014 
f 11009 3045 3431 11012 
f 11016 3582 3581 11015 
f 10975 2978 3582 11016 
f 11018 3764 3763 11017 
f 11019 3766 3764 11018 
f 11015 3581 3786 11020 
f 11022 4546 4545 11021 
f 11024 4565 4564 11023 
f 11026 4626 4625 11025 
f 11028 4690 4689 11027 
f 11030 4694 4693 11029 
f 11029 4693 4696 11031 
f 11031 4696 4698 11032 
f 11032 4698 4700 11033 
f 11033 4700 4702 11034 
f 11034 4702 4704 11035 
f 11035 4704 4545 11036 
f 11038 4708 4564 11037 
f 11039 4710 8770 11283 
f 11041 4714 4713 11040 
f 11042 4716 4714 11041 
f 11043 4718 4716 11042 
f 11044 4720 4718 11043 
f 11045 4722 4720 11044 
f 11046 4724 4722 11045 
f 11047 4726 4724 11046 
f 11048 4728 4726 11047 
f 11049 4730 4728 11048 
f 11050 4732 4730 11049 
f 11051 4734 4732 11050 
f 11052 4736 4734 11051 
f 11053 4738 4736 11052 
f 11054 4740 4738 11053 
f 11055 4742 4740 11054 
f 11056 3013 4742 11055 
f 11058 3009 3763 11057 
f 11060 4748 4747 11059 
f 11062 4752 4751 11061 
f 11064 4756 4755 11063 
f 11066 4760 4759 11065 
f 11068 4764 4763 11067 
f 11070 4768 4767 11069 
f 11072 4626 4771 11071 
f 11074 4774 3449 11073 
f 11076 4778 4777 11075 
f 11078 4782 4781 11077 
f 11079 4784 4778 11076 
f 11077 4781 3043 11080 
f 11075 4777 4782 11078 
f 11082 4788 4787 11081 
f 11040 4713 4788 11082 
f 11084 4790 3012 11083 
f 11085 4565 4790 11084 
f 11081 4787 4710 11039 
f 11087 2975 4793 11086 
f 11089 3766 2974 11088 
f 11091 3041 4795 11090 
f 11093 4687 4688 11092 
f 11095 4691 4692 11094 
f 11094 4692 4695 11096 
f 11096 4695 4697 11097 
f 11097 4697 4699 11098 
f 11098 4699 4701 11099 
f 11099 4701 4703 11100 
f 11100 4703 4705 11101 
f 11087 4706 4707 11088 
f 11102 4709 8771 11347 
f 11104 4711 4712 11103 
f 11105 4715 4711 11104 
f 11106 4717 4715 11105 
f 11107 4719 4717 11106 
f 11108 4721 4719 11107 
f 11109 4723 4721 11108 
f 11110 4725 4723 11109 
f 11111 4727 4725 11110 
f 11112 4729 4727 11111 
f 11113 4731 4729 11112 
f 11114 4733 4731 11113 
f 11115 4735 4733 11114 
f 11116 4737 4735 11115 
f 11117 4739 4737 11116 
f 11118 4741 4739 11117 
f 11058 4743 4741 11118 
f 11056 4743 4744 11083 
f 11120 4745 4746 11119 
f 11122 4749 4750 11121 
f 11124 4753 4754 11123 
f 11126 4757 4758 11125 
f 11128 4761 4762 11127 
f 11130 4765 4766 11129 
f 11091 4769 4770 11131 
f 11132 4772 4773 11080 
f 11134 4775 4776 11133 
f 11136 4779 4780 11135 
f 11137 4783 4775 11134 
f 11135 4780 4773 11073 
f 11133 4776 4779 11136 
f 11139 4785 4786 11138 
f 11103 4712 4785 11139 
f 11140 4789 4744 11057 
f 11089 4791 4789 11140 
f 11138 4786 4709 11102 
f 11038 4706 4792 11141 
f 11085 4791 4707 11037 
f 11072 4769 4794 11142 
f 11144 4798 4797 11143 
f 11146 4800 4799 11145 
f 11145 4799 4801 11147 
f 11147 4801 4802 11148 
f 11148 4802 4803 11149 
f 11149 4803 4804 11150 
f 11150 4804 4805 11151 
f 11151 4805 4544 11021 
f 11152 4806 4563 11023 
f 11153 4807 8870 11399 
f 11155 4809 4808 11154 
f 11156 4810 4809 11155 
f 11157 4811 4810 11156 
f 11158 4812 4811 11157 
f 11159 4813 4812 11158 
f 11160 4814 4813 11159 
f 11161 4815 4814 11160 
f 11162 4816 4815 11161 
f 11163 4817 4816 11162 
f 11164 4818 4817 11163 
f 11165 4819 4818 11164 
f 11166 4820 4819 11165 
f 11167 4821 4820 11166 
f 11168 4822 4821 11167 
f 11169 4823 4822 11168 
f 10993 3010 4823 11169 
f 10991 3008 3762 11017 
f 11171 4825 4824 11170 
f 11173 4827 4826 11172 
f 11175 4829 4828 11174 
f 11177 4831 4830 11176 
f 11179 4833 4832 11178 
f 11181 4835 4834 11180 
f 11026 4627 4836 11182 
f 11183 3044 11014 
f 11185 3050 3047 11184 
f 11187 3334 3331 11186 
f 11188 3413 3050 11185 
f 11186 3331 3042 11008 
f 11184 3047 3334 11187 
f 11190 4838 4837 11189 
f 11154 4808 4838 11190 
f 11191 4839 3011 10992 
f 11024 4566 4839 11191 
f 11189 4837 4807 11153 
f 10974 2972 4840 11192 
f 11019 3767 2973 10973 
f 11007 3038 4674 11193 
f 11022 4547 4806 11152 
f 11086 4793 2971 11101 
f 11141 4792 4705 11036 
f 11192 4840 2970 10972 
f 10963 2953 2959 10966 
f 11092 4688 4691 11095 
f 11027 4689 4694 11030 
f 11143 4797 4800 11146 
f 10995 3017 4661 11194 
f 11059 4747 4774 11074 
f 11119 4746 4772 11132 
f 11170 4824 3044 11183 
f 11144 4690 3432 11013 
f 11028 4687 4783 11137 
f 11093 2954 4784 11079 
f 10964 2955 3413 11188 
f 11195 5241 4795 11193 
f 11196 5245 4625 11142 
f 11197 5244 4794 11090 
f 11198 5246 4624 11025 
f 10996 3020 4796 11194 
f 11061 4751 4748 11060 
f 11121 4750 4745 11120 
f 11172 4826 4825 11171 
f 11006 3040 5955 11199 
f 11071 4771 5958 11200 
f 11131 4770 5957 11201 
f 11182 4836 5959 11202 
f 11203 6150 3785 11020 
f 11449 10224 5241 11195 
f 11204 6155 5245 11196 
f 11450 10229 5244 11197 
f 11205 10230 5246 11198 
f 10997 3018 3023 10998 
f 10999 3022 3027 11000 
f 11001 3026 3031 11002 
f 11003 3030 3035 11004 
f 11062 4749 4754 11063 
f 11064 4753 4758 11065 
f 11066 4757 4762 11067 
f 11068 4761 4766 11069 
f 11122 3021 3024 11123 
f 11124 3025 3028 11125 
f 11126 3029 3032 11127 
f 11128 3033 3036 11129 
f 11173 4752 4755 11174 
f 11175 4756 4759 11176 
f 11177 4760 4763 11178 
f 11179 4764 4767 11180 
f 11070 4765 5957 11200 
f 11181 4768 5958 11202 
f 11005 3034 5954 11199 
f 11130 3037 5955 11201 
f 11207 7007 7006 11206 
f 11209 7010 7009 11208 
f 11210 7012 7010 11209 
f 11211 7014 7012 11210 
f 11212 7016 7014 11211 
f 11213 7018 7016 11212 
f 11214 7020 7018 11213 
f 11215 7022 7020 11214 
f 11217 7026 7025 11216 
f 11219 7030 7029 11218 
f 11218 7029 7033 11220 
f 11220 7033 7035 11221 
f 11221 7035 7037 11222 
f 11222 7037 7039 11223 
f 11223 7039 7041 11224 
f 11224 7041 7043 11225 
f 11225 7043 7045 11226 
f 11226 7045 7047 11227 
f 11227 7047 7049 11228 
f 11228 7049 7051 11229 
f 11229 7051 7053 11230 
f 11230 7053 7055 11231 
f 11231 7055 7057 11232 
f 11232 7057 7059 11233 
f 11233 7059 7061 11234 
f 11236 7064 7063 11235 
f 11238 7069 7068 11237 
f 11240 7072 7071 11239 
f 11242 7076 7075 11241 
f 11244 7080 7079 11243 
f 11246 7084 7083 11245 
f 11248 7088 7087 11247 
f 11250 7092 7091 11249 
f 11251 7094 7069 11238 
f 11253 7098 7097 11252 
f 11255 7483 7482 11254 
f 11252 7097 7484 11256 
f 11257 7501 7483 11255 
f 11254 7482 7098 11253 
f 11259 7635 7634 11258 
f 11258 7634 7030 11219 
f 11261 7817 7816 11260 
f 11260 7816 7819 11262 
f 11263 7838 7635 11259 
f 11265 8606 8605 11264 
f 11267 8625 8624 11266 
f 11269 8686 8685 11268 
f 11271 8748 8747 11270 
f 11273 8752 8751 11272 
f 11274 8754 8752 11273 
f 11275 8756 8754 11274 
f 11276 8758 8756 11275 
f 11277 8760 8758 11276 
f 11278 8762 8760 11277 
f 11279 8606 8762 11278 
f 11281 8625 8766 11280 
f 11283 8770 8769 11282 
f 11285 8774 8773 11284 
f 11284 8773 8777 11286 
f 11286 8777 8779 11287 
f 11287 8779 8781 11288 
f 11288 8781 8783 11289 
f 11289 8783 8785 11290 
f 11290 8785 8787 11291 
f 11291 8787 8789 11292 
f 11292 8789 8791 11293 
f 11293 8791 8793 11294 
f 11294 8793 8795 11295 
f 11295 8795 8797 11296 
f 11296 8797 8799 11297 
f 11297 8799 8801 11298 
f 11298 8801 8803 11299 
f 11299 8803 7063 11300 
f 11302 7817 7061 11301 
f 11304 8808 8807 11303 
f 11306 8812 8811 11305 
f 11308 8816 8815 11307 
f 11310 8820 8819 11309 
f 11312 8824 8823 11311 
f 11314 8828 8827 11313 
f 11316 8831 8685 11315 
f 11318 7501 8834 11317 
f 11320 8838 8837 11319 
f 11322 8842 8841 11321 
f 11319 8837 8845 11323 
f 11324 7094 8842 11322 
f 11321 8841 8838 11320 
f 11326 8848 8847 11325 
f 11325 8847 8774 11285 
f 11328 7064 8851 11327 
f 11327 8851 8624 11329 
f 11282 8769 8848 11326 
f 11331 8853 7025 11330 
f 11333 7026 7819 11332 
f 11335 8855 7091 11334 
f 11337 8749 8746 11336 
f 11339 8753 8750 11338 
f 11340 8755 8753 11339 
f 11341 8757 8755 11340 
f 11342 8759 8757 11341 
f 11343 8761 8759 11342 
f 11344 8763 8761 11343 
f 11345 8764 8763 11344 
f 11333 8767 8765 11330 
f 11347 8771 8768 11346 
f 11349 8775 8772 11348 
f 11348 8772 8776 11350 
f 11350 8776 8778 11351 
f 11351 8778 8780 11352 
f 11352 8780 8782 11353 
f 11353 8782 8784 11354 
f 11354 8784 8786 11355 
f 11355 8786 8788 11356 
f 11356 8788 8790 11357 
f 11357 8790 8792 11358 
f 11358 8792 8794 11359 
f 11359 8794 8796 11360 
f 11360 8796 8798 11361 
f 11361 8798 8800 11362 
f 11362 8800 8802 11363 
f 11363 8802 8804 11301 
f 11328 8805 8804 11300 
f 11365 8809 8806 11364 
f 11367 8813 8810 11366 
f 11369 8817 8814 11368 
f 11371 8821 8818 11370 
f 11373 8825 8822 11372 
f 11375 8829 8826 11374 
f 11376 8832 8830 11334 
f 11324 8835 8833 11377 
f 11379 8839 8836 11378 
f 11381 8843 8840 11380 
f 11378 8836 8844 11382 
f 11318 8835 8843 11381 
f 11380 8840 8839 11379 
f 11384 8849 8846 11383 
f 11383 8846 8775 11349 
f 11302 8805 8850 11385 
f 11385 8850 8852 11332 
f 11346 8768 8849 11384 
f 11386 8854 8765 11280 
f 11281 8767 8852 11329 
f 11387 8856 8830 11315 
f 11389 8860 8859 11388 
f 11391 8862 8861 11390 
f 11392 8863 8862 11391 
f 11393 8864 8863 11392 
f 11394 8865 8864 11393 
f 11395 8866 8865 11394 
f 11396 8867 8866 11395 
f 11265 8603 8867 11396 
f 11267 8622 8868 11397 
f 11399 8870 8869 11398 
f 11401 8872 8871 11400 
f 11400 8871 8873 11402 
f 11402 8873 8874 11403 
f 11403 8874 8875 11404 
f 11404 8875 8876 11405 
f 11405 8876 8877 11406 
f 11406 8877 8878 11407 
f 11407 8878 8879 11408 
f 11408 8879 8880 11409 
f 11409 8880 8881 11410 
f 11410 8881 8882 11411 
f 11411 8882 8883 11412 
f 11412 8883 8884 11413 
f 11413 8884 8885 11414 
f 11414 8885 8886 11415 
f 11415 8886 7062 11235 
f 11261 7814 7060 11234 
f 11417 8888 8887 11416 
f 11419 8890 8889 11418 
f 11421 8892 8891 11420 
f 11423 8894 8893 11422 
f 11425 8896 8895 11424 
f 11427 8898 8897 11426 
f 11428 8899 8684 11268 
f 11257 7096 11429 
f 11431 7099 7100 11430 
f 11433 7383 7384 11432 
f 11430 7100 7464 11434 
f 11251 7095 7383 11433 
f 11432 7384 7099 11431 
f 11436 8901 8900 11435 
f 11435 8900 8872 11401 
f 11236 7065 8902 11437 
f 11437 8902 8623 11266 
f 11398 8869 8901 11436 
f 11438 8903 7024 11216 
f 11217 7027 7818 11262 
f 11439 8733 7090 11249 
f 11397 8868 8604 11264 
f 11345 7022 8853 11331 
f 11279 8764 8854 11386 
f 11215 7023 8903 11438 
f 11208 7009 7007 11207 
f 11338 8750 8749 11337 
f 11272 8751 8748 11271 
f 11390 8861 8860 11389 
f 11440 8720 7067 11237 
f 11317 8834 8808 11304 
f 11377 8833 8809 11365 
f 11429 7096 8888 11417 
f 11256 7484 8747 11388 
f 11382 8844 8746 11270 
f 11323 8845 7006 11336 
f 11434 7464 7005 11206 
f 11439 8855 9309 11441 
f 11387 8686 9313 11442 
f 11335 8856 9312 11443 
f 11269 8683 9314 11444 
f 11440 8858 7072 11240 
f 11303 8807 8812 11306 
f 11364 8806 8813 11367 
f 11416 8887 8890 11419 
f 11445 10032 7092 11250 
f 11446 10035 8831 11316 
f 11447 10036 8832 11376 
f 11448 10037 8899 11428 
f 11263 7837 6150 11203 
f 11441 9309 10224 11449 
f 11442 9313 6155 11204 
f 11443 9312 10229 11450 
f 11444 9314 10230 11205 
f 11242 7077 7070 11239 
f 11244 7081 7074 11241 
f 11246 7085 7078 11243 
f 11248 7089 7082 11245 
f 11308 8817 8810 11305 
f 11310 8821 8814 11307 
f 11312 8825 8818 11309 
f 11314 8829 8822 11311 
f 11369 7076 7071 11366 
f 11371 7080 7075 11368 
f 11373 7084 7079 11370 
f 11375 7088 7083 11372 
f 11421 8816 8811 11418 
f 11423 8820 8815 11420 
f 11425 8824 8819 11422 
f 11427 8828 8823 11424 
f 11446 10036 8826 11313 
f 11448 10035 8827 11426 
f 11445 10033 7086 11247 
f 11447 10032 7087 11374 
# 10830 polygons - 872 triangles

