# 3ds Max Wavefront OBJ Exporter v0.99 - (c)2007 guruware
# File Created: 26.07.2024 18:18:02

#
# object 20071IN_4
#

v  -0.3545 -4.9793 8.7818
v  -0.0351 -4.6491 8.6576
v  -0.0695 -4.6539 8.6594
v  -0.1032 -4.6618 8.6624
v  -0.1360 -4.6728 8.6665
v  -0.1674 -4.6867 8.6718
v  -0.1972 -4.7035 8.6781
v  -0.2251 -4.7229 8.6854
v  -0.2509 -4.7448 8.6936
v  -0.2742 -4.7689 8.7026
v  -0.2949 -4.7950 8.7125
v  -0.3128 -4.8230 8.7230
v  -0.3276 -4.8524 8.7340
v  -0.3393 -4.8831 8.7456
v  -0.3477 -4.9146 8.7574
v  -0.3528 -4.9468 8.7695
v  -0.2935 -5.0349 8.6338
v  -0.2270 -4.8607 8.5683
v  -0.2441 -4.8823 8.5765
v  -0.2589 -4.9055 8.5852
v  -0.2712 -4.9298 8.5943
v  -0.2809 -4.9552 8.6039
v  -0.2879 -4.9813 8.6137
v  -0.2921 -5.0080 8.6237
v  -0.0004 -4.6832 8.5618
v  -0.0004 -4.6811 8.5674
v  -0.0004 -4.6892 8.5608
v  -0.0351 -4.6849 8.5624
v  -0.0351 -4.6827 8.5680
v  -0.0346 -4.6907 8.5614
v  -0.0322 -4.7184 8.5568
v  -0.0327 -4.7125 8.5578
v  -0.0322 -4.7205 8.5512
v  -0.0004 -4.7169 8.5562
v  -0.0004 -4.7190 8.5506
v  -0.0004 -4.7671 8.5120
v  -0.0291 -4.7685 8.5125
v  -0.0291 -4.7664 8.5182
v  -0.0285 -4.7741 8.5146
v  -0.0695 -4.6896 8.5642
v  -0.0695 -4.6875 8.5698
v  -0.0685 -4.6955 8.5632
v  -0.0637 -4.7228 8.5584
v  -0.0648 -4.7169 8.5595
v  -0.0637 -4.7249 8.5528
v  -0.0576 -4.7724 8.5140
v  -0.0576 -4.7703 8.5197
v  -0.0564 -4.7780 8.5161
v  -0.1032 -4.6976 8.5672
v  -0.1032 -4.6955 8.5728
v  -0.1017 -4.7033 8.5661
v  -0.0946 -4.7300 8.5612
v  -0.0962 -4.7243 8.5622
v  -0.0946 -4.7321 8.5556
v  -0.0855 -4.7790 8.5165
v  -0.0855 -4.7769 8.5221
v  -0.0837 -4.7844 8.5185
v  -0.1360 -4.7086 8.5713
v  -0.1360 -4.7065 8.5769
v  -0.1340 -4.7141 8.5702
v  -0.1247 -4.7401 8.5650
v  -0.1266 -4.7345 8.5661
v  -0.1247 -4.7422 8.5594
v  -0.1126 -4.7881 8.5199
v  -0.1126 -4.7860 8.5255
v  -0.1103 -4.7933 8.5219
v  -0.1674 -4.7225 8.5766
v  -0.1674 -4.7204 8.5822
v  -0.1649 -4.7278 8.5754
v  -0.1535 -4.7529 8.5698
v  -0.1559 -4.7475 8.5710
v  -0.1535 -4.7550 8.5642
v  -0.1386 -4.7996 8.5243
v  -0.1386 -4.7975 8.5299
v  -0.1358 -4.8046 8.5261
v  -0.1972 -4.7393 8.5829
v  -0.1972 -4.7371 8.5885
v  -0.1943 -4.7444 8.5816
v  -0.1808 -4.7682 8.5755
v  -0.1837 -4.7631 8.5768
v  -0.1808 -4.7703 8.5699
v  -0.1633 -4.8135 8.5295
v  -0.1633 -4.8114 8.5351
v  -0.1599 -4.8182 8.5312
v  -0.2251 -4.7587 8.5902
v  -0.2251 -4.7566 8.5958
v  -0.2218 -4.7635 8.5888
v  -0.2064 -4.7860 8.5822
v  -0.2097 -4.7812 8.5836
v  -0.2064 -4.7881 8.5766
v  -0.1864 -4.8296 8.5355
v  -0.1864 -4.8275 8.5411
v  -0.1826 -4.8339 8.5371
v  -0.2509 -4.7805 8.5984
v  -0.2509 -4.7784 8.6040
v  -0.2472 -4.7850 8.5969
v  -0.2300 -4.8061 8.5898
v  -0.2255 -4.8023 8.5883
v  -0.2337 -4.8016 8.5913
v  -0.2340 -4.8102 8.5913
v  -0.2257 -4.8100 8.5913
v  -0.2300 -4.8082 8.5841
v  -0.2077 -4.8269 8.5976
v  -0.2119 -4.8229 8.5961
v  -0.2117 -4.8311 8.5992
v  -0.2077 -4.8290 8.5920
v  -0.2077 -4.8477 8.5423
v  -0.2077 -4.8456 8.5479
v  -0.2034 -4.8516 8.5438
v  -0.2742 -4.8047 8.6075
v  -0.2742 -4.8026 8.6131
v  -0.2702 -4.8088 8.6058
v  -0.2514 -4.8282 8.5981
v  -0.2554 -4.8240 8.5997
v  -0.2467 -4.8317 8.5994
v  -0.2270 -4.8469 8.6051
v  -0.2317 -4.8433 8.6038
v  -0.2270 -4.8490 8.5995
v  -0.2270 -4.8677 8.5498
v  -0.2270 -4.8655 8.5554
v  -0.2224 -4.8712 8.5512
v  -0.2949 -4.8308 8.6173
v  -0.2949 -4.8287 8.6229
v  -0.2906 -4.8346 8.6155
v  -0.2703 -4.8522 8.6071
v  -0.2747 -4.8484 8.6089
v  -0.2653 -4.8553 8.6083
v  -0.2441 -4.8685 8.6132
v  -0.2491 -4.8654 8.6121
v  -0.2441 -4.8706 8.6076
v  -0.2441 -4.8893 8.5580
v  -0.2441 -4.8872 8.5636
v  -0.2391 -4.8924 8.5591
v  -0.3128 -4.8588 8.6278
v  -0.3128 -4.8566 8.6334
v  -0.3082 -4.8621 8.6258
v  -0.2867 -4.8778 8.6167
v  -0.2913 -4.8744 8.6187
v  -0.2814 -4.8804 8.6177
v  -0.2589 -4.8916 8.6219
v  -0.2642 -4.8890 8.6209
v  -0.2589 -4.8938 8.6163
v  -0.2589 -4.9124 8.5667
v  -0.2589 -4.9103 8.5723
v  -0.2536 -4.9151 8.5676
v  -0.3276 -4.8882 8.6388
v  -0.3276 -4.8861 8.6445
v  -0.3228 -4.8911 8.6367
v  -0.3003 -4.9047 8.6269
v  -0.3051 -4.9018 8.6290
v  -0.2948 -4.9069 8.6277
v  -0.2712 -4.9160 8.6311
v  -0.2768 -4.9139 8.6303
v  -0.2712 -4.9181 8.6255
v  -0.2712 -4.9368 8.5758
v  -0.2712 -4.9347 8.5814
v  -0.2657 -4.9389 8.5766
v  -0.3393 -4.9188 8.6504
v  -0.3393 -4.9167 8.6560
v  -0.3343 -4.9213 8.6481
v  -0.3110 -4.9328 8.6374
v  -0.3160 -4.9304 8.6397
v  -0.3053 -4.9345 8.6380
v  -0.2809 -4.9414 8.6406
v  -0.2866 -4.9398 8.6400
v  -0.2809 -4.9435 8.6350
v  -0.2809 -4.9622 8.5854
v  -0.2809 -4.9601 8.5910
v  -0.2751 -4.9638 8.5860
v  -0.3477 -4.9504 8.6622
v  -0.3477 -4.9483 8.6679
v  -0.3426 -4.9524 8.6598
v  -0.3188 -4.9618 8.6483
v  -0.3239 -4.9598 8.6508
v  -0.3129 -4.9629 8.6487
v  -0.2879 -4.9675 8.6505
v  -0.2938 -4.9664 8.6500
v  -0.2879 -4.9696 8.6448
v  -0.2879 -4.9883 8.5952
v  -0.2879 -4.9862 8.6008
v  -0.2820 -4.9894 8.5956
v  -0.3528 -4.9826 8.6743
v  -0.3528 -4.9805 8.6800
v  -0.3476 -4.9841 8.6717
v  -0.3234 -4.9913 8.6594
v  -0.3286 -4.9898 8.6620
v  -0.3174 -4.9919 8.6596
v  -0.2921 -4.9942 8.6605
v  -0.2980 -4.9936 8.6603
v  -0.2921 -4.9963 8.6549
v  -0.2921 -5.0150 8.6052
v  -0.2921 -5.0128 8.6108
v  -0.2861 -5.0155 8.6054
v  -0.3545 -5.0151 8.6866
v  -0.3493 -5.0162 8.6838
v  -0.3250 -5.0211 8.6706
v  -0.3190 -5.0211 8.6706
v  -0.3302 -5.0201 8.6734
v  -0.2935 -5.0211 8.6706
v  -0.2935 -5.0232 8.6650
v  -0.2995 -5.0211 8.6706
v  -0.2935 -5.0419 8.6153
v  -0.2875 -5.0419 8.6153
v  -0.2935 -5.0398 8.6209
v  -0.0004 -4.7546 8.5284
v  -0.0291 -4.7615 8.5310
v  -0.0297 -4.7560 8.5289
v  -0.0291 -4.7637 8.5254
v  -0.0576 -4.7655 8.5325
v  -0.0587 -4.7600 8.5304
v  -0.0576 -4.7676 8.5269
v  -0.0855 -4.7721 8.5349
v  -0.0872 -4.7667 8.5329
v  -0.0855 -4.7742 8.5293
v  -0.1126 -4.7812 8.5384
v  -0.1149 -4.7760 8.5364
v  -0.1126 -4.7833 8.5327
v  -0.1386 -4.7927 8.5427
v  -0.1414 -4.7878 8.5408
v  -0.1386 -4.7948 8.5371
v  -0.1633 -4.8066 8.5479
v  -0.1666 -4.8019 8.5461
v  -0.1633 -4.8087 8.5423
v  -0.1864 -4.8226 8.5540
v  -0.1902 -4.8183 8.5523
v  -0.1864 -4.8247 8.5483
v  -0.2077 -4.8407 8.5608
v  -0.2033 -4.8370 8.5593
v  -0.2119 -4.8368 8.5592
v  -0.2077 -4.8386 8.5664
v  -0.2117 -4.8470 8.5567
v  -0.2300 -4.8199 8.5528
v  -0.2257 -4.8239 8.5544
v  -0.2255 -4.8162 8.5514
v  -0.2300 -4.8178 8.5585
v  -0.2064 -4.7999 8.5453
v  -0.2026 -4.8042 8.5470
v  -0.2064 -4.7978 8.5509
v  -0.1808 -4.7821 8.5386
v  -0.1775 -4.7868 8.5404
v  -0.1808 -4.7800 8.5442
v  -0.1535 -4.7667 8.5328
v  -0.1506 -4.7717 8.5347
v  -0.1535 -4.7646 8.5385
v  -0.1247 -4.7540 8.5280
v  -0.1224 -4.7592 8.5300
v  -0.1247 -4.7519 8.5337
v  -0.0946 -4.7439 8.5243
v  -0.0929 -4.7493 8.5263
v  -0.0946 -4.7418 8.5299
v  -0.0637 -4.7366 8.5215
v  -0.0626 -4.7421 8.5236
v  -0.0637 -4.7345 8.5271
v  -0.0322 -4.7322 8.5199
v  -0.0316 -4.7378 8.5220
v  -0.0322 -4.7301 8.5255
v  -0.0004 -4.7286 8.5249
v  -0.2075 -4.8330 8.5578
v  -0.2213 -4.8201 8.5529
v  -0.2298 -4.8142 8.5928
v  -0.2160 -4.8271 8.5977
v  -0.2117 -4.8332 8.5935
v  -0.2119 -4.8250 8.5905
v  -0.2257 -4.8121 8.5856
v  -0.2257 -4.8218 8.5600
v  -0.2119 -4.8347 8.5649
v  -0.2255 -4.8044 8.5827
v  -0.2255 -4.8141 8.5570
v  -0.0003 -4.7816 8.5239
v  -0.0274 -4.7850 8.5188
v  -0.0279 -4.7794 8.5166
v  -0.0274 -4.7829 8.5244
v  -0.0541 -4.7887 8.5202
v  -0.0553 -4.7832 8.5181
v  -0.0541 -4.7866 8.5258
v  -0.0803 -4.7949 8.5225
v  -0.0821 -4.7895 8.5205
v  -0.0803 -4.7928 8.5281
v  -0.1058 -4.8034 8.5257
v  -0.1081 -4.7982 8.5237
v  -0.1058 -4.8013 8.5313
v  -0.1302 -4.8143 8.5298
v  -0.1331 -4.8093 8.5279
v  -0.1302 -4.8121 8.5354
v  -0.1534 -4.8273 8.5347
v  -0.1568 -4.8226 8.5329
v  -0.1534 -4.8252 8.5403
v  -0.1751 -4.8424 8.5403
v  -0.1789 -4.8380 8.5387
v  -0.1751 -4.8403 8.5459
v  -0.1952 -4.8594 8.5467
v  -0.1994 -4.8554 8.5452
v  -0.1952 -4.8573 8.5523
v  -0.2133 -4.8782 8.5538
v  -0.2179 -4.8746 8.5524
v  -0.2133 -4.8761 8.5594
v  -0.2294 -4.8985 8.5614
v  -0.2344 -4.8954 8.5603
v  -0.2294 -4.8964 8.5670
v  -0.2433 -4.9202 8.5696
v  -0.2486 -4.9176 8.5686
v  -0.2433 -4.9181 8.5752
v  -0.2548 -4.9431 8.5782
v  -0.2604 -4.9410 8.5774
v  -0.2548 -4.9410 8.5838
v  -0.2639 -4.9670 8.5872
v  -0.2697 -4.9653 8.5865
v  -0.2639 -4.9649 8.5928
v  -0.2705 -4.9915 8.5964
v  -0.2764 -4.9904 8.5960
v  -0.2705 -4.9894 8.6020
v  -0.2744 -5.0166 8.6058
v  -0.2804 -5.0160 8.6056
v  -0.2744 -5.0145 8.6114
v  -0.2757 -5.0419 8.6153
v  -0.2817 -5.0419 8.6153
v  0.0001 -5.3108 8.9063
v  0.0001 -5.3445 8.8168
v  -0.0346 -5.3429 8.8162
v  -0.0347 -5.3092 8.9058
v  0.0001 -5.3287 8.7894
v  -0.0323 -5.3273 8.7889
v  -0.0341 -5.3412 8.8059
v  0.0001 -5.3332 8.7458
v  0.0000 -5.3149 8.7390
v  -0.0293 -5.3136 8.7385
v  -0.0312 -5.3318 8.7453
v  0.0000 -5.3053 8.7143
v  -0.0276 -5.3040 8.7139
v  -0.0281 -5.3093 8.7159
v  -0.0690 -5.3381 8.8144
v  -0.0690 -5.3045 8.9040
v  -0.0643 -5.3228 8.7872
v  -0.0680 -5.3365 8.8042
v  -0.0584 -5.3096 8.7370
v  -0.0621 -5.3275 8.7437
v  -0.0549 -5.3002 8.7124
v  -0.0560 -5.3055 8.7144
v  -0.1028 -5.3302 8.8114
v  -0.1028 -5.2966 8.9010
v  -0.0957 -5.3155 8.7845
v  -0.1013 -5.3288 8.8013
v  -0.0868 -5.3029 8.7345
v  -0.0925 -5.3204 8.7410
v  -0.0817 -5.2940 8.7101
v  -0.0834 -5.2991 8.7120
v  -0.1355 -5.3193 8.8073
v  -0.1355 -5.2856 8.8969
v  -0.1262 -5.3053 8.7806
v  -0.1335 -5.3180 8.7972
v  -0.1145 -5.2937 8.7310
v  -0.1220 -5.3106 8.7373
v  -0.1077 -5.2853 8.7068
v  -0.1099 -5.2902 8.7087
v  -0.1670 -5.3054 8.8021
v  -0.1670 -5.2717 8.8917
v  -0.1555 -5.2924 8.7758
v  -0.1645 -5.3043 8.7921
v  -0.1411 -5.2819 8.7266
v  -0.1502 -5.2981 8.7326
v  -0.1327 -5.2742 8.7027
v  -0.1354 -5.2789 8.7044
v  -0.1968 -5.2887 8.7958
v  -0.1968 -5.2550 8.8854
v  -0.1833 -5.2768 8.7699
v  -0.1939 -5.2878 8.7859
v  -0.1663 -5.2678 8.7213
v  -0.1771 -5.2830 8.7269
v  -0.1564 -5.2609 8.6977
v  -0.1596 -5.2654 8.6993
v  -0.2248 -5.2693 8.7885
v  -0.2248 -5.2357 8.8781
v  -0.2093 -5.2588 8.7631
v  -0.2215 -5.2687 8.7787
v  -0.1899 -5.2514 8.7151
v  -0.2022 -5.2656 8.7204
v  -0.1786 -5.2455 8.6919
v  -0.1823 -5.2497 8.6934
v  -0.2505 -5.2475 8.7803
v  -0.2505 -5.2138 8.8699
v  -0.2333 -5.2384 8.7555
v  -0.2469 -5.2472 8.7706
v  -0.2072 -5.2368 8.7096
v  -0.2210 -5.2497 8.7144
v  -0.1991 -5.2282 8.6854
v  -0.2032 -5.2320 8.6868
v  -0.2739 -5.2234 8.7713
v  -0.2739 -5.1897 8.8608
v  -0.2551 -5.2160 8.7471
v  -0.2699 -5.2235 8.7617
v  -0.2295 -5.2279 8.7483
v  -0.2157 -5.2150 8.7435
v  -0.2314 -5.1988 8.7374
v  -0.2465 -5.2104 8.7417
v  -0.2114 -5.2131 8.7364
v  -0.2114 -5.2270 8.6995
v  -0.2268 -5.2090 8.6993
v  -0.2268 -5.1973 8.7304
v  -0.2177 -5.2090 8.6782
v  -0.2221 -5.2124 8.6794
v  -0.2946 -5.1972 8.7614
v  -0.2946 -5.1636 8.8510
v  -0.2744 -5.1916 8.7379
v  -0.2903 -5.1977 8.7520
v  -0.2489 -5.1767 8.7291
v  -0.2651 -5.1869 8.7329
v  -0.2439 -5.1874 8.6912
v  -0.2439 -5.1757 8.7223
v  -0.2342 -5.1883 8.6703
v  -0.2389 -5.1912 8.6715
v  -0.3125 -5.1693 8.7509
v  -0.3125 -5.1357 8.8405
v  -0.2911 -5.1656 8.7281
v  -0.3080 -5.1702 8.7417
v  -0.2640 -5.1531 8.7202
v  -0.2812 -5.1618 8.7235
v  -0.2587 -5.1643 8.6825
v  -0.2587 -5.1526 8.7136
v  -0.2484 -5.1661 8.6620
v  -0.2534 -5.1686 8.6630
v  -0.3274 -5.1399 8.7399
v  -0.3274 -5.1063 8.8295
v  -0.3050 -5.1382 8.7178
v  -0.3226 -5.1412 8.7308
v  -0.2766 -5.1283 8.7109
v  -0.2946 -5.1353 8.7135
v  -0.2711 -5.1400 8.6733
v  -0.2711 -5.1283 8.7045
v  -0.2602 -5.1427 8.6532
v  -0.2655 -5.1448 8.6540
v  -0.3392 -5.1093 8.7284
v  -0.3392 -5.0756 8.8179
v  -0.3159 -5.1097 8.7071
v  -0.3342 -5.1110 8.7194
v  -0.2865 -5.1024 8.7012
v  -0.3052 -5.1077 8.7032
v  -0.2808 -5.1146 8.6638
v  -0.2808 -5.1029 8.6949
v  -0.2696 -5.1184 8.6441
v  -0.2750 -5.1199 8.6447
v  -0.3476 -5.0777 8.7165
v  -0.3476 -5.0440 8.8061
v  -0.3238 -5.0803 8.6961
v  -0.3425 -5.0799 8.7077
v  -0.2937 -5.0757 8.6911
v  -0.3128 -5.0793 8.6925
v  -0.2878 -5.0885 8.6540
v  -0.2878 -5.0768 8.6851
v  -0.2763 -5.0933 8.6346
v  -0.2819 -5.0943 8.6350
v  -0.3528 -5.0455 8.7044
v  -0.3528 -5.0119 8.7940
v  -0.3285 -5.0503 8.6848
v  -0.3476 -5.0482 8.6958
v  -0.2980 -5.0486 8.6809
v  -0.3174 -5.0504 8.6816
v  -0.2920 -5.0618 8.6439
v  -0.2920 -5.0501 8.6751
v  -0.2804 -5.0677 8.6250
v  -0.2861 -5.0682 8.6252
v  -0.3545 -5.0130 8.6922
v  0.0000 -5.3141 8.7241
v  -0.0287 -5.3128 8.7236
v  -0.0287 -5.3101 8.7308
v  -0.0572 -5.3089 8.7221
v  -0.0572 -5.3062 8.7293
v  -0.0851 -5.3024 8.7196
v  -0.0851 -5.2996 8.7268
v  -0.1122 -5.2933 8.7162
v  -0.1122 -5.2906 8.7234
v  -0.1382 -5.2818 8.7119
v  -0.1382 -5.2791 8.7191
v  -0.1629 -5.2680 8.7067
v  -0.1629 -5.2652 8.7139
v  -0.1861 -5.2519 8.7007
v  -0.1861 -5.2492 8.7079
v  -0.2074 -5.2338 8.6939
v  -0.2268 -5.2139 8.6864
v  -0.2439 -5.1923 8.6783
v  -0.2587 -5.1692 8.6696
v  -0.2711 -5.1448 8.6604
v  -0.2808 -5.1194 8.6509
v  -0.2878 -5.0933 8.6411
v  -0.2920 -5.0667 8.6310
v  0.0001 -5.3388 8.7479
v  0.0001 -5.3367 8.7535
v  -0.2117 -5.2213 8.7394
v  -0.2254 -5.2342 8.7443
v  -0.2254 -5.2438 8.7186
v  -0.2117 -5.2309 8.7138
v  -0.2252 -5.2419 8.7472
v  -0.2060 -5.2582 8.7533
v  -0.2060 -5.2678 8.7276
v  -0.2252 -5.2516 8.7215
v  -0.1804 -5.2759 8.7600
v  -0.1804 -5.2856 8.7343
v  -0.1531 -5.2912 8.7657
v  -0.1531 -5.3009 8.7400
v  -0.1243 -5.3040 8.7705
v  -0.1243 -5.3136 8.7448
v  -0.0942 -5.3140 8.7743
v  -0.0942 -5.3237 8.7486
v  -0.0633 -5.3212 8.7770
v  -0.0633 -5.3309 8.7513
v  -0.0318 -5.3256 8.7787
v  -0.0318 -5.3353 8.7530
v  -0.2030 -5.2328 8.7081
v  -0.2074 -5.2290 8.7067
v  -0.2117 -5.2330 8.7082
v  -0.2254 -5.2459 8.7130
v  -0.2297 -5.2499 8.7145
v  -0.2252 -5.2537 8.7159
v  -0.2337 -5.2319 8.7498
v  -0.2297 -5.2360 8.7514
v  -0.2254 -5.2321 8.7499
v  -0.2117 -5.2191 8.7450
v  -0.2074 -5.2152 8.7435
v  -0.2114 -5.2110 8.7420
v  -0.2074 -5.2173 8.7379
v  -0.2297 -5.2381 8.7458
v  -0.2297 -5.2478 8.7201
v  -0.2074 -5.2269 8.7123
v  -0.2252 -5.2398 8.7528
v  0.0001 -5.3466 8.8112
v  -0.0346 -5.3450 8.8106
v  -0.0318 -5.3235 8.7843
v  -0.0287 -5.3080 8.7364
v  -0.0318 -5.3374 8.7473
v  -0.0287 -5.3149 8.7180
v  -0.0690 -5.3402 8.8088
v  -0.0633 -5.3191 8.7826
v  -0.0572 -5.3041 8.7349
v  -0.0633 -5.3330 8.7457
v  -0.0572 -5.3110 8.7165
v  -0.1028 -5.3324 8.8058
v  -0.0942 -5.3119 8.7799
v  -0.0851 -5.2975 8.7325
v  -0.0942 -5.3258 8.7430
v  -0.0851 -5.3045 8.7140
v  -0.1355 -5.3214 8.8017
v  -0.1243 -5.3019 8.7761
v  -0.1122 -5.2885 8.7291
v  -0.1243 -5.3157 8.7392
v  -0.1122 -5.2954 8.7106
v  -0.1670 -5.3075 8.7965
v  -0.1531 -5.2891 8.7714
v  -0.1382 -5.2770 8.7247
v  -0.1531 -5.3030 8.7344
v  -0.1382 -5.2839 8.7063
v  -0.1968 -5.2908 8.7902
v  -0.1804 -5.2738 8.7656
v  -0.1629 -5.2631 8.7195
v  -0.1804 -5.2877 8.7287
v  -0.1629 -5.2701 8.7011
v  -0.2248 -5.2714 8.7829
v  -0.2060 -5.2561 8.7589
v  -0.1861 -5.2471 8.7135
v  -0.2060 -5.2699 8.7220
v  -0.1861 -5.2540 8.6951
v  -0.2505 -5.2496 8.7747
v  -0.2074 -5.2359 8.6883
v  -0.2739 -5.2255 8.7656
v  -0.2511 -5.2139 8.7431
v  -0.2268 -5.1952 8.7360
v  -0.2268 -5.2160 8.6808
v  -0.2946 -5.1994 8.7558
v  -0.2701 -5.1900 8.7341
v  -0.2439 -5.1736 8.7279
v  -0.2439 -5.1944 8.6726
v  -0.3125 -5.1715 8.7453
v  -0.2865 -5.1644 8.7245
v  -0.2587 -5.1505 8.7192
v  -0.2587 -5.1713 8.6640
v  -0.3274 -5.1420 8.7343
v  -0.3002 -5.1374 8.7143
v  -0.2711 -5.1261 8.7101
v  -0.2711 -5.1469 8.6548
v  -0.3392 -5.1114 8.7228
v  -0.3109 -5.1094 8.7038
v  -0.2808 -5.1008 8.7005
v  -0.2808 -5.1216 8.6453
v  -0.3476 -5.0798 8.7109
v  -0.3187 -5.0804 8.6929
v  -0.2878 -5.0746 8.6907
v  -0.2878 -5.0954 8.6354
v  -0.3528 -5.0476 8.6988
v  -0.3234 -5.0509 8.6818
v  -0.2920 -5.0480 8.6807
v  -0.2920 -5.0688 8.6254
v  -0.0270 -5.2963 8.7174
v  0.0000 -5.2975 8.7178
v  -0.0537 -5.2926 8.7160
v  -0.0800 -5.2865 8.7137
v  -0.1054 -5.2780 8.7105
v  -0.1299 -5.2672 8.7064
v  -0.1531 -5.2542 8.7015
v  -0.1748 -5.2391 8.6959
v  -0.1949 -5.2221 8.6895
v  -0.2131 -5.2034 8.6824
v  -0.2292 -5.1830 8.6748
v  -0.2431 -5.1613 8.6666
v  -0.2547 -5.1385 8.6580
v  -0.2638 -5.1146 8.6491
v  -0.2704 -5.0901 8.6398
v  -0.2744 -5.0650 8.6304
v  -0.2757 -5.0397 8.6209
v  0.0000 -5.2996 8.7122
v  -0.0270 -5.2984 8.7118
v  -0.0537 -5.2947 8.7104
v  -0.0800 -5.2886 8.7081
v  -0.1054 -5.2801 8.7049
v  -0.1299 -5.2693 8.7008
v  -0.1531 -5.2563 8.6959
v  -0.1748 -5.2412 8.6902
v  -0.1949 -5.2242 8.6839
v  -0.2131 -5.2055 8.6768
v  -0.2292 -5.1851 8.6692
v  -0.2431 -5.1634 8.6610
v  -0.2547 -5.1406 8.6524
v  -0.2638 -5.1167 8.6435
v  -0.2704 -5.0922 8.6342
v  -0.2744 -5.0671 8.6248
v  -0.0004 -4.6475 8.6570
v  0.0343 -4.6827 8.5680
v  0.0343 -4.6490 8.6576
v  -0.0004 -4.7110 8.5572
v  0.0320 -4.7124 8.5578
v  0.0338 -4.6907 8.5614
v  -0.0004 -4.7364 8.5214
v  0.0290 -4.7559 8.5289
v  0.0309 -4.7378 8.5220
v  -0.0003 -4.7727 8.5142
v  -0.0003 -4.7781 8.5162
v  0.0273 -4.7794 8.5166
v  0.0278 -4.7740 8.5146
v  0.0687 -4.6875 8.5698
v  0.0687 -4.6538 8.6594
v  0.0640 -4.7168 8.5594
v  0.0677 -4.6954 8.5632
v  0.0580 -4.7599 8.5304
v  0.0618 -4.7421 8.5236
v  0.0546 -4.7831 8.5181
v  0.0557 -4.7779 8.5161
v  0.1025 -4.6953 8.5728
v  0.1025 -4.6617 8.6623
v  0.0954 -4.7242 8.5622
v  0.1010 -4.7032 8.5661
v  0.0865 -4.7666 8.5329
v  0.0922 -4.7492 8.5263
v  0.0814 -4.7894 8.5204
v  0.0831 -4.7843 8.5185
v  0.1352 -4.7063 8.5769
v  0.1352 -4.6726 8.6665
v  0.1259 -4.7344 8.5660
v  0.1332 -4.7139 8.5701
v  0.1142 -4.7758 8.5363
v  0.1216 -4.7590 8.5300
v  0.1074 -4.7981 8.5237
v  0.1096 -4.7932 8.5218
v  0.1667 -4.7202 8.5821
v  0.1667 -4.6865 8.6717
v  0.1552 -4.7473 8.5709
v  0.1642 -4.7276 8.5753
v  0.1408 -4.7876 8.5408
v  0.1499 -4.7715 8.5347
v  0.1324 -4.8091 8.5278
v  0.1351 -4.8044 8.5261
v  0.1965 -4.7369 8.5884
v  0.1965 -4.7032 8.6780
v  0.1830 -4.7629 8.5767
v  0.1936 -4.7441 8.5815
v  0.1660 -4.8017 8.5461
v  0.1768 -4.7865 8.5403
v  0.1561 -4.8224 8.5328
v  0.1593 -4.8180 8.5312
v  0.2244 -4.7563 8.5957
v  0.2244 -4.7226 8.6852
v  0.2090 -4.7809 8.5835
v  0.2212 -4.7632 8.5887
v  0.1896 -4.8181 8.5522
v  0.2019 -4.8040 8.5469
v  0.1783 -4.8378 8.5386
v  0.1820 -4.8337 8.5371
v  0.2502 -4.7781 8.6039
v  0.2502 -4.7444 8.6935
v  0.2330 -4.8013 8.5912
v  0.2466 -4.7847 8.5968
v  0.2069 -4.8327 8.5577
v  0.2207 -4.8199 8.5528
v  0.1988 -4.8552 8.5451
v  0.2029 -4.8514 8.5437
v  0.2736 -4.8022 8.6129
v  0.2736 -4.7685 8.7025
v  0.2548 -4.8237 8.5996
v  0.2696 -4.8085 8.6057
v  0.2292 -4.8139 8.5927
v  0.2154 -4.8268 8.5976
v  0.2311 -4.8430 8.6037
v  0.2461 -4.8314 8.5993
v  0.2111 -4.8329 8.5934
v  0.2111 -4.8467 8.5566
v  0.2264 -4.8604 8.5682
v  0.2264 -4.8487 8.5994
v  0.2174 -4.8743 8.5523
v  0.2218 -4.8709 8.5511
v  0.2943 -4.8283 8.6228
v  0.2943 -4.7947 8.7123
v  0.2741 -4.8481 8.6088
v  0.2900 -4.8342 8.6154
v  0.2486 -4.8651 8.6120
v  0.2648 -4.8549 8.6081
v  0.2436 -4.8820 8.5764
v  0.2436 -4.8703 8.6075
v  0.2339 -4.8951 8.5601
v  0.2386 -4.8921 8.5590
v  0.3122 -4.8562 8.6333
v  0.3122 -4.8226 8.7228
v  0.2908 -4.8741 8.6185
v  0.3076 -4.8617 8.6257
v  0.2637 -4.8887 8.6208
v  0.2809 -4.8801 8.6176
v  0.2584 -4.9051 8.5851
v  0.2584 -4.8934 8.6162
v  0.2481 -4.9173 8.5685
v  0.2531 -4.9147 8.5675
v  0.3271 -4.8857 8.6443
v  0.3271 -4.8520 8.7339
v  0.3046 -4.9014 8.6288
v  0.3223 -4.8907 8.6366
v  0.2763 -4.9135 8.6302
v  0.2943 -4.9065 8.6275
v  0.2707 -4.9295 8.5942
v  0.2707 -4.9178 8.6254
v  0.2599 -4.9406 8.5773
v  0.2652 -4.9386 8.5765
v  0.3388 -4.9163 8.6558
v  0.3388 -4.8826 8.7454
v  0.3156 -4.9300 8.6396
v  0.3339 -4.9209 8.6479
v  0.2862 -4.9394 8.6399
v  0.3049 -4.9341 8.6379
v  0.2805 -4.9548 8.6037
v  0.2805 -4.9431 8.6349
v  0.2693 -4.9650 8.5864
v  0.2747 -4.9634 8.5858
v  0.3473 -4.9479 8.6677
v  0.3473 -4.9142 8.7573
v  0.3235 -4.9594 8.6506
v  0.3422 -4.9520 8.6596
v  0.2934 -4.9661 8.6499
v  0.3125 -4.9625 8.6486
v  0.2875 -4.9810 8.6136
v  0.2875 -4.9693 8.6447
v  0.2760 -4.9901 8.5959
v  0.2816 -4.9890 8.5955
v  0.3524 -4.9801 8.6798
v  0.3524 -4.9464 8.7694
v  0.3282 -4.9894 8.6619
v  0.3473 -4.9837 8.6716
v  0.2977 -4.9933 8.6601
v  0.3171 -4.9915 8.6595
v  0.2917 -5.0076 8.6236
v  0.2917 -4.9959 8.6547
v  0.2801 -5.0157 8.6055
v  0.2857 -5.0151 8.6053
v  0.3542 -5.0126 8.6920
v  0.3542 -4.9789 8.7816
v  0.3298 -5.0196 8.6733
v  0.3490 -5.0157 8.6836
v  0.2992 -5.0207 8.6705
v  0.3186 -5.0207 8.6705
v  0.2932 -5.0345 8.6337
v  0.2932 -5.0228 8.6648
v  0.2814 -5.0415 8.6152
v  0.2872 -5.0415 8.6152
v  -0.0004 -4.7623 8.5249
v  -0.0004 -4.7650 8.5177
v  0.0284 -4.7663 8.5181
v  0.0284 -4.7636 8.5254
v  0.0569 -4.7703 8.5196
v  0.0569 -4.7676 8.5268
v  0.0848 -4.7768 8.5221
v  0.0848 -4.7741 8.5293
v  0.1119 -4.7858 8.5255
v  0.1119 -4.7831 8.5327
v  0.1379 -4.7974 8.5298
v  0.1379 -4.7946 8.5370
v  0.1626 -4.8112 8.5350
v  0.1626 -4.8085 8.5422
v  0.1858 -4.8272 8.5410
v  0.1858 -4.8245 8.5482
v  0.2071 -4.8453 8.5478
v  0.2264 -4.8653 8.5553
v  0.2436 -4.8869 8.5635
v  0.2584 -4.9100 8.5722
v  0.2707 -4.9343 8.5813
v  0.2805 -4.9597 8.5908
v  0.2875 -4.9858 8.6007
v  0.2917 -5.0125 8.6107
v  0.2932 -5.0394 8.6208
v  0.2113 -4.8248 8.5904
v  0.2251 -4.8119 8.5855
v  0.2251 -4.8215 8.5599
v  0.2113 -4.8344 8.5648
v  0.2249 -4.8041 8.5826
v  0.2057 -4.7879 8.5765
v  0.2057 -4.7975 8.5508
v  0.2249 -4.8138 8.5569
v  0.1801 -4.7701 8.5698
v  0.1801 -4.7798 8.5442
v  0.1528 -4.7548 8.5641
v  0.1528 -4.7644 8.5384
v  0.1239 -4.7420 8.5593
v  0.1239 -4.7517 8.5336
v  0.0939 -4.7320 8.5555
v  0.0939 -4.7417 8.5298
v  0.0630 -4.7248 8.5528
v  0.0630 -4.7344 8.5271
v  0.0315 -4.7204 8.5512
v  0.0315 -4.7301 8.5255
v  0.2027 -4.8367 8.5592
v  0.2071 -4.8405 8.5607
v  0.2113 -4.8365 8.5592
v  0.2251 -4.8236 8.5542
v  0.2294 -4.8197 8.5527
v  0.2249 -4.8159 8.5513
v  0.2334 -4.8099 8.5912
v  0.2294 -4.8058 8.5897
v  0.2251 -4.8097 8.5912
v  0.2113 -4.8227 8.5960
v  0.2071 -4.8266 8.5975
v  0.2111 -4.8308 8.5991
v  0.2071 -4.8287 8.5919
v  0.2294 -4.8079 8.5840
v  0.2294 -4.8175 8.5584
v  0.2071 -4.8384 8.5663
v  0.2249 -4.8020 8.5882
v  0.0343 -4.6848 8.5624
v  0.0315 -4.7183 8.5568
v  -0.0004 -4.7602 8.5305
v  0.0284 -4.7615 8.5310
v  0.0315 -4.7322 8.5199
v  -0.0004 -4.7307 8.5193
v  0.0284 -4.7684 8.5125
v  0.0687 -4.6896 8.5642
v  0.0630 -4.7227 8.5584
v  0.0569 -4.7654 8.5325
v  0.0630 -4.7366 8.5215
v  0.0569 -4.7724 8.5140
v  0.1025 -4.6974 8.5672
v  0.0939 -4.7299 8.5611
v  0.0848 -4.7720 8.5349
v  0.0939 -4.7438 8.5242
v  0.0848 -4.7789 8.5165
v  0.1352 -4.7084 8.5713
v  0.1239 -4.7399 8.5649
v  0.1119 -4.7810 8.5383
v  0.1239 -4.7538 8.5280
v  0.1119 -4.7880 8.5199
v  0.1667 -4.7223 8.5765
v  0.1528 -4.7527 8.5697
v  0.1379 -4.7925 8.5426
v  0.1528 -4.7666 8.5328
v  0.1379 -4.7995 8.5242
v  0.1965 -4.7390 8.5828
v  0.1801 -4.7680 8.5755
v  0.1626 -4.8064 8.5478
v  0.1801 -4.7819 8.5385
v  0.1626 -4.8133 8.5294
v  0.2244 -4.7584 8.5901
v  0.2057 -4.7858 8.5821
v  0.1858 -4.8224 8.5539
v  0.2057 -4.7996 8.5452
v  0.1858 -4.8293 8.5354
v  0.2502 -4.7802 8.5983
v  0.2071 -4.8474 8.5422
v  0.2736 -4.8043 8.6073
v  0.2508 -4.8279 8.5980
v  0.2264 -4.8466 8.6050
v  0.2264 -4.8674 8.5497
v  0.2943 -4.8305 8.6171
v  0.2698 -4.8518 8.6070
v  0.2436 -4.8682 8.6131
v  0.2436 -4.8890 8.5579
v  0.3122 -4.8584 8.6276
v  0.2862 -4.8774 8.6166
v  0.2584 -4.8913 8.6218
v  0.2584 -4.9121 8.5665
v  0.3271 -4.8878 8.6387
v  0.2998 -4.9044 8.6267
v  0.2707 -4.9157 8.6310
v  0.2707 -4.9364 8.5757
v  0.3388 -4.9184 8.6502
v  0.3106 -4.9325 8.6373
v  0.2805 -4.9410 8.6405
v  0.2805 -4.9618 8.5852
v  0.3473 -4.9500 8.6621
v  0.3184 -4.9614 8.6482
v  0.2875 -4.9672 8.6503
v  0.2875 -4.9879 8.5950
v  0.3524 -4.9822 8.6742
v  0.3231 -4.9909 8.6592
v  0.2917 -4.9938 8.6603
v  0.2917 -5.0146 8.6051
v  0.3542 -5.0147 8.6864
v  0.3246 -5.0207 8.6705
v  0.2932 -5.0207 8.6705
v  0.2932 -5.0415 8.6152
v  0.0267 -4.7828 8.5244
v  0.0534 -4.7865 8.5257
v  0.0797 -4.7927 8.5280
v  0.1051 -4.8012 8.5313
v  0.1296 -4.8120 8.5353
v  0.1528 -4.8250 8.5402
v  0.1745 -4.8401 8.5459
v  0.1946 -4.8570 8.5522
v  0.2128 -4.8758 8.5593
v  0.2289 -4.8961 8.5669
v  0.2428 -4.9178 8.5751
v  0.2544 -4.9407 8.5837
v  0.2635 -4.9645 8.5927
v  0.2701 -4.9891 8.6019
v  0.2741 -5.0141 8.6113
v  0.2754 -5.0394 8.6208
v  -0.0003 -4.7837 8.5183
v  0.0267 -4.7849 8.5187
v  0.0534 -4.7886 8.5201
v  0.0797 -4.7948 8.5224
v  0.1051 -4.8033 8.5256
v  0.1296 -4.8141 8.5297
v  0.1528 -4.8271 8.5346
v  0.1745 -4.8422 8.5402
v  0.1946 -4.8591 8.5466
v  0.2128 -4.8779 8.5537
v  0.2289 -4.8982 8.5613
v  0.2428 -4.9199 8.5695
v  0.2544 -4.9428 8.5781
v  0.2635 -4.9666 8.5870
v  0.2701 -4.9912 8.5963
v  0.2741 -5.0162 8.6057
v  0.2754 -5.0415 8.6152
v  0.0348 -5.3092 8.9057
v  0.0348 -5.3428 8.8162
v  0.0001 -5.3428 8.8065
v  0.0343 -5.3412 8.8059
v  0.0324 -5.3272 8.7889
v  0.0313 -5.3317 8.7452
v  0.0294 -5.3136 8.7385
v  0.0000 -5.3106 8.7163
v  0.0282 -5.3093 8.7158
v  0.0276 -5.3040 8.7138
v  0.0692 -5.3044 8.9039
v  0.0692 -5.3380 8.8144
v  0.0682 -5.3364 8.8041
v  0.0644 -5.3228 8.7872
v  0.0623 -5.3274 8.7436
v  0.0584 -5.3095 8.7369
v  0.0561 -5.3054 8.7144
v  0.0550 -5.3002 8.7124
v  0.1029 -5.2964 8.9010
v  0.1029 -5.3301 8.8114
v  0.1014 -5.3286 8.8012
v  0.0959 -5.3154 8.7844
v  0.0926 -5.3203 8.7409
v  0.0869 -5.3028 8.7344
v  0.0834 -5.2990 8.7120
v  0.0818 -5.2939 8.7100
v  0.1357 -5.2855 8.8968
v  0.1357 -5.3191 8.8073
v  0.1337 -5.3178 8.7971
v  0.1263 -5.3052 8.7806
v  0.1220 -5.3104 8.7372
v  0.1146 -5.2935 8.7309
v  0.1100 -5.2901 8.7086
v  0.1078 -5.2851 8.7068
v  0.1671 -5.2715 8.8916
v  0.1671 -5.3052 8.8020
v  0.1646 -5.3041 8.7920
v  0.1556 -5.2922 8.7757
v  0.1503 -5.2979 8.7325
v  0.1411 -5.2818 8.7265
v  0.1355 -5.2788 8.7044
v  0.1328 -5.2741 8.7026
v  0.1969 -5.2548 8.8853
v  0.1969 -5.2884 8.7957
v  0.1940 -5.2876 8.7858
v  0.1834 -5.2766 8.7698
v  0.1771 -5.2828 8.7268
v  0.1663 -5.2676 8.7212
v  0.1596 -5.2652 8.6993
v  0.1564 -5.2607 8.6976
v  0.2248 -5.2354 8.8780
v  0.2248 -5.2690 8.7884
v  0.2215 -5.2684 8.7786
v  0.2094 -5.2585 8.7630
v  0.2023 -5.2653 8.7203
v  0.1899 -5.2512 8.7150
v  0.1823 -5.2495 8.6933
v  0.1786 -5.2453 8.6918
v  0.2506 -5.2135 8.8698
v  0.2506 -5.2472 8.7802
v  0.2469 -5.2469 8.7705
v  0.2333 -5.2381 8.7554
v  0.2210 -5.2494 8.7143
v  0.2072 -5.2365 8.7095
v  0.2031 -5.2317 8.6867
v  0.1991 -5.2279 8.6853
v  0.2739 -5.1894 8.8607
v  0.2739 -5.2230 8.7711
v  0.2699 -5.2231 8.7615
v  0.2551 -5.2156 8.7469
v  0.2294 -5.2276 8.7482
v  0.2464 -5.2101 8.7416
v  0.2313 -5.1985 8.7373
v  0.2157 -5.2147 8.7434
v  0.2114 -5.2129 8.7363
v  0.2267 -5.1970 8.7303
v  0.2267 -5.2088 8.6992
v  0.2114 -5.2267 8.6994
v  0.2221 -5.2122 8.6793
v  0.2176 -5.2088 8.6781
v  0.2946 -5.1632 8.8509
v  0.2946 -5.1969 8.7613
v  0.2903 -5.1973 8.7519
v  0.2744 -5.1913 8.7378
v  0.2650 -5.1865 8.7328
v  0.2488 -5.1764 8.7290
v  0.2438 -5.1754 8.7222
v  0.2438 -5.1871 8.6910
v  0.2388 -5.1909 8.6714
v  0.2341 -5.1880 8.6702
v  0.3124 -5.1353 8.8404
v  0.3124 -5.1689 8.7508
v  0.3079 -5.1698 8.7415
v  0.2910 -5.1653 8.7280
v  0.2811 -5.1614 8.7233
v  0.2639 -5.1528 8.7201
v  0.2586 -5.1523 8.7135
v  0.2586 -5.1640 8.6824
v  0.2533 -5.1683 8.6628
v  0.2483 -5.1658 8.6619
v  0.3273 -5.1058 8.8293
v  0.3273 -5.1395 8.7397
v  0.3225 -5.1408 8.7306
v  0.3048 -5.1379 8.7177
v  0.2945 -5.1349 8.7134
v  0.2764 -5.1279 8.7108
v  0.2709 -5.1279 8.7043
v  0.2709 -5.1396 8.6732
v  0.2654 -5.1444 8.6539
v  0.2601 -5.1424 8.6531
v  0.3390 -5.0752 8.8178
v  0.3390 -5.1089 8.7282
v  0.3340 -5.1106 8.7193
v  0.3157 -5.1093 8.7070
v  0.3050 -5.1073 8.7030
v  0.2863 -5.1021 8.7010
v  0.2806 -5.1025 8.6948
v  0.2806 -5.1142 8.6637
v  0.2748 -5.1196 8.6445
v  0.2694 -5.1180 8.6439
v  0.3474 -5.0436 8.8059
v  0.3474 -5.0773 8.7163
v  0.3423 -5.0795 8.7076
v  0.3235 -5.0799 8.6959
v  0.3126 -5.0789 8.6923
v  0.2934 -5.0754 8.6910
v  0.2876 -5.0764 8.6850
v  0.2876 -5.0881 8.6538
v  0.2817 -5.0940 8.6349
v  0.2761 -5.0929 8.6345
v  0.3525 -5.0114 8.7938
v  0.3525 -5.0451 8.7042
v  0.3473 -5.0478 8.6956
v  0.3283 -5.0499 8.6846
v  0.3171 -5.0500 8.6814
v  0.2977 -5.0482 8.6808
v  0.2918 -5.0497 8.6750
v  0.2918 -5.0614 8.6438
v  0.2858 -5.0679 8.6251
v  0.2801 -5.0673 8.6249
v  0.0000 -5.3114 8.7313
v  0.0288 -5.3101 8.7308
v  0.0288 -5.3128 8.7236
v  0.0573 -5.3061 8.7293
v  0.0573 -5.3088 8.7221
v  0.0852 -5.2995 8.7268
v  0.0852 -5.3022 8.7196
v  0.1123 -5.2904 8.7234
v  0.1123 -5.2932 8.7162
v  0.1383 -5.2789 8.7191
v  0.1383 -5.2816 8.7118
v  0.1630 -5.2650 8.7138
v  0.1630 -5.2677 8.7066
v  0.1861 -5.2490 8.7078
v  0.1861 -5.2517 8.7006
v  0.2074 -5.2336 8.6938
v  0.2267 -5.2136 8.6863
v  0.2438 -5.1919 8.6781
v  0.2586 -5.1688 8.6695
v  0.2709 -5.1445 8.6603
v  0.2806 -5.1191 8.6508
v  0.2876 -5.0930 8.6409
v  0.2918 -5.0663 8.6309
v  0.2116 -5.2210 8.7393
v  0.2116 -5.2306 8.7137
v  0.2254 -5.2435 8.7185
v  0.2254 -5.2339 8.7442
v  0.2252 -5.2416 8.7471
v  0.2252 -5.2513 8.7214
v  0.2061 -5.2676 8.7275
v  0.2061 -5.2579 8.7532
v  0.1805 -5.2854 8.7342
v  0.1805 -5.2757 8.7599
v  0.1531 -5.3007 8.7400
v  0.1531 -5.2911 8.7657
v  0.1243 -5.3135 8.7448
v  0.1243 -5.3038 8.7705
v  0.0943 -5.3236 8.7486
v  0.0943 -5.3139 8.7743
v  0.0634 -5.3308 8.7513
v  0.0634 -5.3212 8.7770
v  0.0319 -5.3352 8.7529
v  0.0319 -5.3256 8.7786
v  0.0001 -5.3270 8.7792
v  0.2116 -5.2327 8.7081
v  0.2074 -5.2288 8.7066
v  0.2029 -5.2325 8.7080
v  0.2252 -5.2534 8.7158
v  0.2297 -5.2496 8.7144
v  0.2254 -5.2456 8.7129
v  0.2254 -5.2318 8.7498
v  0.2297 -5.2357 8.7513
v  0.2337 -5.2316 8.7497
v  0.2114 -5.2107 8.7419
v  0.2074 -5.2149 8.7435
v  0.2116 -5.2189 8.7449
v  0.2074 -5.2170 8.7378
v  0.2297 -5.2379 8.7457
v  0.2297 -5.2475 8.7200
v  0.2074 -5.2266 8.7122
v  0.2252 -5.2395 8.7527
v  0.0348 -5.3450 8.8105
v  0.0319 -5.3235 8.7843
v  0.0001 -5.3249 8.7848
v  0.0288 -5.3080 8.7364
v  0.0000 -5.3093 8.7369
v  0.0319 -5.3373 8.7473
v  0.0000 -5.3162 8.7184
v  0.0288 -5.3149 8.7179
v  0.0692 -5.3402 8.8087
v  0.0634 -5.3191 8.7826
v  0.0573 -5.3040 8.7349
v  0.0634 -5.3329 8.7457
v  0.0573 -5.3109 8.7165
v  0.1029 -5.3322 8.8058
v  0.0943 -5.3118 8.7799
v  0.0852 -5.2974 8.7324
v  0.0943 -5.3257 8.7429
v  0.0852 -5.3044 8.7140
v  0.1357 -5.3212 8.8016
v  0.1243 -5.3017 8.7761
v  0.1123 -5.2883 8.7290
v  0.1243 -5.3156 8.7392
v  0.1123 -5.2953 8.7106
v  0.1671 -5.3073 8.7964
v  0.1531 -5.2889 8.7713
v  0.1383 -5.2768 8.7247
v  0.1531 -5.3028 8.7344
v  0.1383 -5.2837 8.7062
v  0.1969 -5.2906 8.7901
v  0.1805 -5.2736 8.7655
v  0.1630 -5.2629 8.7195
v  0.1805 -5.2875 8.7286
v  0.1630 -5.2699 8.7010
v  0.2248 -5.2711 8.7828
v  0.2061 -5.2558 8.7588
v  0.1861 -5.2469 8.7134
v  0.2061 -5.2697 8.7219
v  0.1861 -5.2538 8.6950
v  0.2506 -5.2493 8.7746
v  0.2074 -5.2357 8.6882
v  0.2739 -5.2251 8.7655
v  0.2511 -5.2136 8.7430
v  0.2267 -5.1949 8.7359
v  0.2267 -5.2157 8.6807
v  0.2946 -5.1990 8.7557
v  0.2700 -5.1896 8.7340
v  0.2438 -5.1733 8.7278
v  0.2438 -5.1941 8.6725
v  0.3124 -5.1711 8.7452
v  0.2864 -5.1640 8.7243
v  0.2586 -5.1502 8.7191
v  0.2586 -5.1709 8.6638
v  0.3273 -5.1416 8.7341
v  0.3000 -5.1371 8.7142
v  0.2709 -5.1258 8.7100
v  0.2709 -5.1466 8.6547
v  0.3390 -5.1110 8.7226
v  0.3107 -5.1090 8.7036
v  0.2806 -5.1004 8.7004
v  0.2806 -5.1212 8.6451
v  0.3474 -5.0794 8.7107
v  0.3184 -5.0800 8.6927
v  0.2876 -5.0743 8.6906
v  0.2876 -5.0951 8.6353
v  0.3525 -5.0472 8.6986
v  0.3231 -5.0505 8.6817
v  0.2918 -5.0476 8.6806
v  0.2918 -5.0684 8.6253
v  0.0270 -5.2963 8.7174
v  0.0538 -5.2925 8.7160
v  0.0800 -5.2864 8.7136
v  0.1055 -5.2778 8.7104
v  0.1299 -5.2670 8.7064
v  0.1531 -5.2540 8.7015
v  0.1748 -5.2389 8.6958
v  0.1948 -5.2219 8.6894
v  0.2130 -5.2031 8.6823
v  0.2291 -5.1827 8.6747
v  0.2430 -5.1610 8.6665
v  0.2545 -5.1381 8.6579
v  0.2636 -5.1143 8.6490
v  0.2702 -5.0897 8.6397
v  0.2741 -5.0647 8.6303
v  0.0270 -5.2984 8.7117
v  0.0538 -5.2947 8.7103
v  0.0800 -5.2885 8.7080
v  0.1055 -5.2799 8.7048
v  0.1299 -5.2691 8.7007
v  0.1531 -5.2561 8.6958
v  0.1748 -5.2410 8.6902
v  0.1948 -5.2240 8.6838
v  0.2130 -5.2052 8.6767
v  0.2291 -5.1849 8.6691
v  0.2430 -5.1631 8.6609
v  0.2545 -5.1402 8.6523
v  0.2636 -5.1164 8.6433
v  0.2702 -5.0918 8.6341
v  0.2741 -5.0668 8.6247
v  -0.0002 -5.0241 8.6619
v  -0.0003 -4.7662 8.5650
v  -0.0003 -4.7718 8.5671
v  -0.0003 -4.7683 8.5593
v  -0.0274 -4.7674 8.5654
v  -0.0274 -4.7695 8.5598
v  -0.0268 -4.7730 8.5675
v  -0.0541 -4.7712 8.5668
v  -0.0541 -4.7733 8.5612
v  -0.0529 -4.7767 8.5689
v  -0.0803 -4.7773 8.5691
v  -0.0803 -4.7794 8.5635
v  -0.0786 -4.7827 8.5712
v  -0.1058 -4.7859 8.5724
v  -0.1058 -4.7880 8.5667
v  -0.1035 -4.7911 8.5743
v  -0.1302 -4.7967 8.5764
v  -0.1302 -4.7988 8.5708
v  -0.1274 -4.8017 8.5783
v  -0.1534 -4.8097 8.5813
v  -0.1534 -4.8119 8.5757
v  -0.1501 -4.8144 8.5831
v  -0.1751 -4.8248 8.5870
v  -0.1751 -4.8269 8.5814
v  -0.1713 -4.8292 8.5886
v  -0.1952 -4.8418 8.5934
v  -0.1952 -4.8440 8.5878
v  -0.1909 -4.8458 8.5949
v  -0.2133 -4.8606 8.6005
v  -0.2133 -4.8627 8.5948
v  -0.2087 -4.8642 8.6018
v  -0.2294 -4.8810 8.6081
v  -0.2294 -4.8831 8.6025
v  -0.2244 -4.8841 8.6093
v  -0.2433 -4.9027 8.6163
v  -0.2433 -4.9048 8.6107
v  -0.2380 -4.9053 8.6173
v  -0.2548 -4.9256 8.6249
v  -0.2548 -4.9277 8.6193
v  -0.2493 -4.9277 8.6257
v  -0.2639 -4.9494 8.6338
v  -0.2639 -4.9515 8.6282
v  -0.2582 -4.9510 8.6344
v  -0.2705 -4.9740 8.6431
v  -0.2705 -4.9761 8.6375
v  -0.2646 -4.9751 8.6435
v  -0.2744 -4.9990 8.6525
v  -0.2744 -5.0011 8.6469
v  -0.2685 -4.9996 8.6527
v  -0.2757 -5.0243 8.6620
v  -0.2757 -5.0264 8.6564
v  -0.2697 -5.0243 8.6620
v  -0.0270 -5.2809 8.7584
v  -0.0264 -5.2753 8.7563
v  -0.0270 -5.2830 8.7528
v  0.0000 -5.2821 8.7589
v  0.0000 -5.2842 8.7533
v  0.0000 -5.2765 8.7568
v  -0.0537 -5.2772 8.7570
v  -0.0526 -5.2717 8.7550
v  -0.0537 -5.2793 8.7514
v  -0.0800 -5.2710 8.7547
v  -0.0782 -5.2657 8.7527
v  -0.0800 -5.2732 8.7491
v  -0.1054 -5.2625 8.7515
v  -0.1032 -5.2573 8.7496
v  -0.1054 -5.2646 8.7459
v  -0.1299 -5.2517 8.7475
v  -0.1271 -5.2468 8.7456
v  -0.1299 -5.2538 8.7419
v  -0.1531 -5.2387 8.7426
v  -0.1498 -5.2341 8.7408
v  -0.1531 -5.2408 8.7370
v  -0.1748 -5.2237 8.7369
v  -0.1710 -5.2193 8.7353
v  -0.1748 -5.2258 8.7313
v  -0.1949 -5.2067 8.7305
v  -0.1907 -5.2027 8.7290
v  -0.1949 -5.2088 8.7249
v  -0.2131 -5.1879 8.7235
v  -0.2084 -5.1844 8.7222
v  -0.2131 -5.1900 8.7179
v  -0.2292 -5.1676 8.7159
v  -0.2242 -5.1645 8.7147
v  -0.2292 -5.1697 8.7102
v  -0.2431 -5.1459 8.7077
v  -0.2378 -5.1432 8.7067
v  -0.2431 -5.1480 8.7021
v  -0.2547 -5.1230 8.6991
v  -0.2492 -5.1209 8.6983
v  -0.2547 -5.1251 8.6935
v  -0.2638 -5.0992 8.6901
v  -0.2581 -5.0976 8.6895
v  -0.2638 -5.1013 8.6845
v  -0.2704 -5.0746 8.6809
v  -0.2645 -5.0735 8.6805
v  -0.2704 -5.0767 8.6753
v  -0.2744 -5.0496 8.6715
v  -0.2684 -5.0490 8.6713
v  -0.2744 -5.0517 8.6659
v  0.0267 -4.7674 8.5654
v  0.0261 -4.7730 8.5675
v  0.0267 -4.7695 8.5598
v  0.0534 -4.7711 8.5668
v  0.0523 -4.7766 8.5689
v  0.0534 -4.7732 8.5612
v  0.0797 -4.7772 8.5691
v  0.0779 -4.7826 8.5711
v  0.0797 -4.7793 8.5635
v  0.1051 -4.7857 8.5723
v  0.1028 -4.7909 8.5743
v  0.1051 -4.7879 8.5667
v  0.1296 -4.7965 8.5764
v  0.1268 -4.8015 8.5782
v  0.1296 -4.7987 8.5708
v  0.1528 -4.8095 8.5813
v  0.1495 -4.8142 8.5830
v  0.1528 -4.8117 8.5756
v  0.1745 -4.8246 8.5869
v  0.1707 -4.8290 8.5886
v  0.1745 -4.8267 8.5813
v  0.1946 -4.8416 8.5933
v  0.1903 -4.8456 8.5948
v  0.1946 -4.8437 8.5877
v  0.2128 -4.8603 8.6004
v  0.2081 -4.8639 8.6017
v  0.2128 -4.8625 8.5947
v  0.2289 -4.8807 8.6080
v  0.2239 -4.8838 8.6092
v  0.2289 -4.8828 8.6024
v  0.2428 -4.9024 8.6162
v  0.2375 -4.9050 8.6172
v  0.2428 -4.9045 8.6105
v  0.2544 -4.9253 8.6248
v  0.2488 -4.9274 8.6256
v  0.2544 -4.9274 8.6191
v  0.2635 -4.9491 8.6337
v  0.2578 -4.9507 8.6343
v  0.2635 -4.9512 8.6281
v  0.2701 -4.9736 8.6429
v  0.2642 -4.9747 8.6434
v  0.2701 -4.9757 8.6373
v  0.2741 -4.9987 8.6524
v  0.2681 -4.9992 8.6526
v  0.2741 -5.0008 8.6467
v  0.2754 -5.0240 8.6619
v  0.2694 -5.0240 8.6619
v  0.2754 -5.0261 8.6562
v  0.0270 -5.2808 8.7584
v  0.0270 -5.2830 8.7528
v  0.0264 -5.2753 8.7563
v  0.0538 -5.2771 8.7570
v  0.0538 -5.2792 8.7514
v  0.0526 -5.2716 8.7549
v  0.0800 -5.2709 8.7547
v  0.0800 -5.2731 8.7491
v  0.0783 -5.2656 8.7527
v  0.1055 -5.2624 8.7515
v  0.1055 -5.2645 8.7459
v  0.1032 -5.2572 8.7495
v  0.1299 -5.2516 8.7474
v  0.1299 -5.2537 8.7418
v  0.1271 -5.2466 8.7456
v  0.1531 -5.2385 8.7425
v  0.1531 -5.2406 8.7369
v  0.1498 -5.2339 8.7408
v  0.1748 -5.2234 8.7368
v  0.1748 -5.2255 8.7312
v  0.1710 -5.2191 8.7352
v  0.1948 -5.2064 8.7304
v  0.1948 -5.2085 8.7248
v  0.1906 -5.2025 8.7290
v  0.2130 -5.1877 8.7234
v  0.2130 -5.1898 8.7178
v  0.2084 -5.1841 8.7221
v  0.2291 -5.1673 8.7157
v  0.2291 -5.1694 8.7101
v  0.2241 -5.1642 8.7146
v  0.2430 -5.1456 8.7076
v  0.2430 -5.1477 8.7020
v  0.2377 -5.1429 8.7066
v  0.2545 -5.1227 8.6990
v  0.2545 -5.1248 8.6934
v  0.2490 -5.1205 8.6982
v  0.2636 -5.0989 8.6900
v  0.2636 -5.1010 8.6844
v  0.2579 -5.0972 8.6894
v  0.2702 -5.0743 8.6808
v  0.2702 -5.0764 8.6752
v  0.2643 -5.0732 8.6804
v  0.2741 -5.0492 8.6714
v  0.2741 -5.0514 8.6658
v  0.2682 -5.0487 8.6712
v  -0.1651 -4.8166 8.5526
v  -0.1144 -5.2797 8.7247
v  -0.1163 -4.8000 8.5455
v  -0.1245 -5.2560 8.7169
v  -0.1157 -4.7927 8.5436
v  -0.0904 -5.2744 8.7238
v  -0.0861 -5.2861 8.7271
v  -0.0993 -4.8000 8.5455
v  -0.1160 -5.2699 8.7221
v  -0.2704 -4.9377 8.5981
v  -0.2638 -4.9233 8.5927
v  -0.2525 -5.1317 8.6702
v  -0.2637 -5.1419 8.6749
v  -0.0137 -5.2882 8.7290
v  -0.2356 -4.9106 8.5871
v  -0.2556 -4.9082 8.5871
v  -0.2447 -5.1738 8.6869
v  -0.2555 -5.1570 8.6806
v  -0.0141 -4.7815 8.5385
v  -0.0222 -5.2744 8.7238
v  -0.0567 -4.7953 8.5437
v  -0.0684 -4.7796 8.5387
v  -0.0657 -5.2906 8.7288
v  -0.0139 -5.0671 8.6459
v  -0.0140 -4.9197 8.5905
v  -0.0481 -4.7999 8.5455
v  -0.0311 -4.7999 8.5454
v  -0.1248 -4.8691 8.5714
v  -0.1248 -4.8507 8.5645
v  -0.0566 -4.8506 8.5645
v  -0.0566 -4.8690 8.5714
v  -0.0481 -4.8737 8.5732
v  -0.0651 -4.8829 8.5766
v  -0.1248 -4.9059 8.5853
v  -0.1248 -4.8875 8.5784
v  -0.0481 -4.9105 8.5870
v  -0.0651 -4.9197 8.5905
v  -0.1163 -4.9105 8.5870
v  -0.1333 -4.9198 8.5905
v  -0.0651 -4.9566 8.6043
v  -0.0480 -4.9474 8.6009
v  -0.1248 -4.8322 8.5576
v  -0.1248 -4.8138 8.5507
v  -0.2271 -4.9244 8.5922
v  -0.2271 -4.9060 8.5853
v  -0.2186 -4.8922 8.5801
v  -0.2449 -4.8914 8.5807
v  -0.2015 -4.8922 8.5801
v  -0.1928 -5.0902 8.6546
v  -0.1929 -5.0718 8.6476
v  -0.1332 -4.9935 8.6182
v  -0.1162 -4.9843 8.6147
v  -0.0565 -4.9980 8.6199
v  -0.0565 -5.0165 8.6268
v  -0.0480 -5.0211 8.6286
v  -0.0650 -5.0303 8.6320
v  -0.1247 -4.9981 8.6199
v  -0.1247 -5.0165 8.6269
v  -0.1162 -5.0211 8.6286
v  -0.1332 -5.0303 8.6321
v  -0.1246 -5.0902 8.6546
v  -0.1247 -5.0718 8.6476
v  -0.0565 -5.0902 8.6545
v  -0.0565 -5.0717 8.6476
v  -0.0564 -5.1086 8.6615
v  -0.0564 -5.1270 8.6684
v  -0.0479 -5.1316 8.6701
v  -0.0649 -5.1408 8.6736
v  -0.2355 -5.0857 8.6529
v  -0.2184 -5.0764 8.6494
v  -0.2269 -5.0718 8.6477
v  -0.2270 -5.0534 8.6407
v  -0.2355 -5.0488 8.6390
v  -0.2184 -5.0396 8.6355
v  -0.2270 -5.0350 8.6338
v  -0.2270 -5.0166 8.6269
v  -0.2355 -5.0120 8.6251
v  -0.2185 -5.0027 8.6217
v  -0.2270 -4.9981 8.6200
v  -0.2270 -4.9797 8.6130
v  -0.2355 -4.9751 8.6113
v  -0.2185 -4.9659 8.6078
v  -0.2270 -4.9613 8.6061
v  -0.2270 -4.9429 8.5992
v  -0.2356 -4.9383 8.5974
v  -0.2185 -4.9290 8.5940
v  -0.2269 -5.1455 8.6754
v  -0.2269 -5.1271 8.6684
v  -0.2354 -5.1225 8.6667
v  -0.2184 -5.1133 8.6632
v  -0.2354 -5.1594 8.6806
v  -0.2184 -5.1502 8.6771
v  -0.2269 -5.1640 8.6823
v  -0.2065 -5.2202 8.7024
v  -0.2183 -5.1778 8.6875
v  -0.0564 -5.1823 8.6892
v  -0.0564 -5.2007 8.6961
v  -0.0479 -5.2053 8.6978
v  -0.0649 -5.2145 8.7013
v  -0.0478 -5.2422 8.7117
v  -0.0649 -5.2514 8.7152
v  -0.1331 -5.2146 8.7013
v  -0.1160 -5.2054 8.6978
v  -0.1160 -5.2422 8.7117
v  -0.1331 -5.2514 8.7152
v  -0.0137 -5.2514 8.7151
v  -0.0139 -5.0303 8.6320
v  -0.0139 -4.9565 8.6043
v  -0.0140 -4.8828 8.5766
v  -0.0226 -4.7953 8.5437
v  -0.0226 -4.8137 8.5506
v  -0.0311 -4.8276 8.5558
v  -0.0140 -4.8184 8.5524
v  -0.0140 -4.8091 8.5489
v  -0.0140 -4.8460 8.5628
v  -0.0888 -4.7842 8.5404
v  -0.0908 -4.8138 8.5507
v  -0.0993 -4.8276 8.5559
v  -0.0822 -4.8184 8.5524
v  -0.0822 -4.8092 8.5489
v  -0.0652 -4.8184 8.5524
v  -0.0567 -4.8138 8.5506
v  -0.0566 -4.8322 8.5576
v  -0.1504 -4.8461 8.5628
v  -0.1333 -4.8553 8.5662
v  -0.1163 -4.8368 8.5593
v  -0.1333 -4.8461 8.5628
v  -0.0992 -4.8645 8.5697
v  -0.0822 -4.8552 8.5662
v  -0.0481 -4.8644 8.5697
v  -0.0310 -4.8736 8.5732
v  -0.1163 -4.8276 8.5559
v  -0.0993 -4.8368 8.5593
v  -0.1504 -4.8829 8.5766
v  -0.1333 -4.8921 8.5801
v  -0.1163 -4.8737 8.5732
v  -0.1333 -4.8829 8.5766
v  -0.0992 -4.9013 8.5836
v  -0.0822 -4.8921 8.5801
v  -0.1163 -4.9013 8.5836
v  -0.0992 -4.9105 8.5870
v  -0.0139 -4.9934 8.6182
v  -0.0907 -4.8322 8.5576
v  -0.0907 -4.8506 8.5645
v  -0.1163 -4.8645 8.5697
v  -0.0992 -4.8737 8.5732
v  -0.0907 -4.9059 8.5853
v  -0.0907 -4.9243 8.5922
v  -0.0992 -4.9382 8.5974
v  -0.0821 -4.9289 8.5939
v  -0.0822 -4.8460 8.5628
v  -0.0651 -4.8552 8.5662
v  -0.0481 -4.8368 8.5593
v  -0.0652 -4.8460 8.5628
v  -0.0907 -4.8691 8.5714
v  -0.0907 -4.8875 8.5784
v  -0.0822 -4.9197 8.5905
v  -0.0651 -4.9289 8.5939
v  -0.0566 -4.9243 8.5922
v  -0.0566 -4.9428 8.5991
v  -0.0907 -4.9428 8.5991
v  -0.0906 -4.9612 8.6061
v  -0.0992 -4.9474 8.6009
v  -0.1162 -4.9382 8.5974
v  -0.0481 -4.8276 8.5558
v  -0.0311 -4.8368 8.5593
v  -0.0822 -4.8829 8.5766
v  -0.0651 -4.8921 8.5801
v  -0.0566 -4.8875 8.5784
v  -0.0566 -4.9059 8.5853
v  -0.0480 -4.9381 8.5974
v  -0.0310 -4.9473 8.6009
v  -0.1503 -4.9198 8.5905
v  -0.1333 -4.9290 8.5940
v  -0.1248 -4.9244 8.5922
v  -0.1248 -4.9428 8.5991
v  -0.1333 -4.9566 8.6043
v  -0.1162 -4.9474 8.6009
v  -0.1588 -4.9612 8.6061
v  -0.1588 -4.9428 8.5992
v  -0.0225 -4.8322 8.5576
v  -0.0225 -4.8506 8.5645
v  -0.0140 -4.8552 8.5662
v  -0.0310 -4.8644 8.5697
v  -0.0481 -4.9013 8.5835
v  -0.0310 -4.9105 8.5870
v  -0.1503 -4.9290 8.5940
v  -0.1674 -4.9382 8.5974
v  -0.1589 -4.9244 8.5922
v  -0.1589 -4.9060 8.5853
v  -0.1504 -4.8921 8.5801
v  -0.1674 -4.9014 8.5836
v  -0.0225 -4.8690 8.5714
v  -0.0225 -4.8875 8.5783
v  -0.0140 -4.8921 8.5801
v  -0.0310 -4.9013 8.5835
v  -0.1674 -4.9474 8.6009
v  -0.1844 -4.9382 8.5974
v  -0.1674 -4.9106 8.5870
v  -0.1845 -4.9014 8.5836
v  -0.1589 -4.8875 8.5784
v  -0.1589 -4.8691 8.5715
v  -0.1504 -4.8553 8.5663
v  -0.1674 -4.8645 8.5697
v  -0.0225 -4.9059 8.5853
v  -0.0225 -4.9243 8.5922
v  -0.0140 -4.9289 8.5939
v  -0.0310 -4.9381 8.5974
v  -0.1674 -4.8737 8.5732
v  -0.1845 -4.8645 8.5697
v  -0.1589 -4.8507 8.5645
v  -0.1589 -4.8323 8.5576
v  -0.2185 -4.9198 8.5905
v  -0.2015 -4.9290 8.5940
v  -0.2185 -4.9567 8.6044
v  -0.2015 -4.9659 8.6078
v  -0.0225 -4.9427 8.5991
v  -0.0225 -4.9612 8.6061
v  -0.0139 -4.9658 8.6078
v  -0.0310 -4.9750 8.6112
v  -0.2185 -4.9935 8.6182
v  -0.2014 -5.0027 8.6217
v  -0.2185 -5.0304 8.6321
v  -0.2014 -5.0396 8.6355
v  -0.2184 -5.0672 8.6459
v  -0.2014 -5.0764 8.6494
v  -0.1843 -5.0580 8.6425
v  -0.2014 -5.0672 8.6459
v  -0.1588 -5.0718 8.6476
v  -0.1588 -5.0534 8.6407
v  -0.1503 -5.0396 8.6355
v  -0.1673 -5.0488 8.6390
v  -0.1588 -5.0349 8.6338
v  -0.1588 -5.0165 8.6269
v  -0.1503 -5.0027 8.6217
v  -0.1673 -5.0119 8.6251
v  -0.1332 -5.0027 8.6217
v  -0.1503 -4.9935 8.6182
v  -0.0906 -4.9796 8.6130
v  -0.0906 -4.9981 8.6199
v  -0.1673 -5.0580 8.6424
v  -0.1843 -5.0488 8.6390
v  -0.1929 -5.0534 8.6407
v  -0.1929 -5.0350 8.6338
v  -0.1844 -5.0211 8.6286
v  -0.2014 -5.0304 8.6321
v  -0.1673 -5.0211 8.6286
v  -0.1844 -5.0119 8.6251
v  -0.1929 -5.0165 8.6269
v  -0.1929 -4.9981 8.6199
v  -0.1844 -4.9843 8.6147
v  -0.2014 -4.9935 8.6182
v  -0.1588 -4.9981 8.6199
v  -0.1588 -4.9797 8.6130
v  -0.0991 -5.0119 8.6251
v  -0.0821 -5.0027 8.6216
v  -0.0480 -5.0118 8.6251
v  -0.0309 -5.0210 8.6286
v  -0.0821 -4.9934 8.6182
v  -0.0650 -5.0026 8.6216
v  -0.0480 -4.9842 8.6147
v  -0.0651 -4.9934 8.6182
v  -0.1162 -5.0119 8.6251
v  -0.0991 -5.0211 8.6286
v  -0.1503 -5.0303 8.6321
v  -0.1332 -5.0395 8.6355
v  -0.1247 -5.0349 8.6338
v  -0.1247 -5.0534 8.6407
v  -0.1502 -5.0672 8.6459
v  -0.1332 -5.0764 8.6494
v  -0.1161 -5.0580 8.6424
v  -0.1332 -5.0672 8.6459
v  -0.0906 -5.0533 8.6407
v  -0.0906 -5.0718 8.6476
v  -0.0906 -5.0165 8.6268
v  -0.0906 -5.0349 8.6338
v  -0.1162 -5.0487 8.6390
v  -0.0991 -5.0579 8.6424
v  -0.0991 -5.0856 8.6528
v  -0.0820 -5.0764 8.6494
v  -0.0906 -5.0902 8.6546
v  -0.0905 -5.1086 8.6615
v  -0.0991 -5.1224 8.6667
v  -0.0820 -5.1132 8.6632
v  -0.0991 -5.0487 8.6390
v  -0.0821 -5.0395 8.6355
v  -0.0820 -5.0671 8.6459
v  -0.0650 -5.0763 8.6494
v  -0.0480 -5.0579 8.6424
v  -0.0650 -5.0671 8.6459
v  -0.0820 -5.1040 8.6597
v  -0.0650 -5.1132 8.6632
v  -0.0479 -5.0948 8.6563
v  -0.0650 -5.1040 8.6597
v  -0.0309 -5.1224 8.6667
v  -0.0138 -5.1132 8.6632
v  -0.0479 -5.1224 8.6667
v  -0.0309 -5.1316 8.6701
v  -0.0821 -5.0303 8.6320
v  -0.0650 -5.0395 8.6355
v  -0.0565 -5.0349 8.6338
v  -0.0565 -5.0533 8.6407
v  -0.0479 -5.0856 8.6528
v  -0.0309 -5.0948 8.6563
v  -0.0223 -5.1270 8.6684
v  -0.0223 -5.1454 8.6753
v  -0.0905 -5.1270 8.6684
v  -0.0905 -5.1455 8.6753
v  -0.0990 -5.1316 8.6701
v  -0.1161 -5.1224 8.6667
v  -0.0480 -5.0487 8.6390
v  -0.0309 -5.0579 8.6424
v  -0.0991 -5.0948 8.6563
v  -0.1161 -5.0856 8.6528
v  -0.1332 -5.1040 8.6598
v  -0.1161 -5.0948 8.6563
v  -0.1502 -5.0764 8.6494
v  -0.1673 -5.0856 8.6528
v  -0.2355 -5.0580 8.6425
v  -0.2525 -5.0488 8.6390
v  -0.2355 -5.0212 8.6286
v  -0.2526 -5.0120 8.6252
v  -0.2355 -4.9843 8.6148
v  -0.2526 -4.9751 8.6113
v  -0.2356 -4.9475 8.6009
v  -0.2526 -4.9383 8.5974
v  -0.2851 -4.9857 8.6162
v  -0.2526 -4.9475 8.6009
v  -0.2611 -4.9613 8.6061
v  -0.2526 -4.9843 8.6148
v  -0.2897 -5.0326 8.6338
v  -0.2611 -4.9982 8.6200
v  -0.2526 -5.0212 8.6286
v  -0.2851 -5.0796 8.6515
v  -0.2611 -5.0350 8.6338
v  -0.2525 -5.0580 8.6425
v  -0.2354 -5.1317 8.6702
v  -0.2525 -5.1225 8.6667
v  -0.2703 -5.1276 8.6695
v  -0.2610 -5.1087 8.6615
v  -0.2525 -5.0949 8.6563
v  -0.2610 -5.0719 8.6477
v  -0.2184 -5.1409 8.6736
v  -0.2013 -5.1501 8.6771
v  -0.1501 -5.2238 8.7048
v  -0.1672 -5.2330 8.7082
v  -0.2525 -5.0857 8.6529
v  -0.2355 -5.0949 8.6563
v  -0.2269 -5.0903 8.6546
v  -0.2269 -5.1087 8.6615
v  -0.1587 -5.2192 8.7031
v  -0.1587 -5.2008 8.6961
v  -0.1501 -5.1870 8.6909
v  -0.1672 -5.1962 8.6944
v  -0.1587 -5.1824 8.6892
v  -0.1587 -5.1639 8.6823
v  -0.1502 -5.1501 8.6771
v  -0.1672 -5.1593 8.6805
v  -0.2184 -5.1041 8.6598
v  -0.2013 -5.1133 8.6632
v  -0.1672 -5.2054 8.6979
v  -0.1842 -5.1962 8.6944
v  -0.1672 -5.1685 8.6840
v  -0.1843 -5.1593 8.6805
v  -0.1587 -5.1455 8.6753
v  -0.1587 -5.1271 8.6684
v  -0.1502 -5.1133 8.6632
v  -0.1672 -5.1225 8.6667
v  -0.1672 -5.1317 8.6702
v  -0.1843 -5.1225 8.6667
v  -0.1502 -5.1409 8.6736
v  -0.1331 -5.1501 8.6771
v  -0.1502 -5.1777 8.6875
v  -0.1331 -5.1869 8.6909
v  -0.0990 -5.2054 8.6978
v  -0.1160 -5.1962 8.6944
v  -0.1246 -5.2008 8.6961
v  -0.1246 -5.1823 8.6892
v  -0.1161 -5.1685 8.6840
v  -0.1331 -5.1777 8.6875
v  -0.0905 -5.1639 8.6823
v  -0.0905 -5.1823 8.6892
v  -0.0990 -5.1961 8.6944
v  -0.0820 -5.1869 8.6909
v  -0.0479 -5.1961 8.6944
v  -0.0308 -5.2053 8.6978
v  -0.0905 -5.2007 8.6961
v  -0.0905 -5.2192 8.7030
v  -0.0990 -5.2330 8.7082
v  -0.0819 -5.2238 8.7048
v  -0.1501 -5.2146 8.7013
v  -0.1331 -5.2238 8.7048
v  -0.1246 -5.2192 8.7030
v  -0.1245 -5.2376 8.7100
v  -0.0820 -5.1777 8.6874
v  -0.0649 -5.1869 8.6909
v  -0.0479 -5.1685 8.6840
v  -0.0649 -5.1777 8.6874
v  -0.0819 -5.2146 8.7013
v  -0.0649 -5.2238 8.7048
v  -0.0564 -5.2191 8.7030
v  -0.0564 -5.2376 8.7100
v  -0.1160 -5.2330 8.7082
v  -0.0990 -5.2422 8.7117
v  -0.0989 -5.2698 8.7221
v  -0.0819 -5.2606 8.7186
v  -0.0137 -5.2145 8.7013
v  -0.0478 -5.2330 8.7082
v  -0.0308 -5.2422 8.7117
v  -0.0904 -5.2376 8.7100
v  -0.0904 -5.2560 8.7169
v  -0.0138 -5.1777 8.6874
v  -0.0819 -5.2514 8.7152
v  -0.0649 -5.2606 8.7186
v  -0.0563 -5.2560 8.7169
v  -0.0563 -5.2744 8.7238
v  -0.0478 -5.2698 8.7221
v  -0.0308 -5.2698 8.7221
v  -0.0137 -5.2606 8.7186
v  -0.0223 -5.2376 8.7099
v  -0.0222 -5.2560 8.7169
v  -0.0308 -5.2330 8.7082
v  -0.0137 -5.2237 8.7048
v  -0.0223 -5.2007 8.6961
v  -0.0223 -5.2191 8.7030
v  -0.0308 -5.1961 8.6944
v  -0.0138 -5.1869 8.6909
v  -0.0223 -5.1638 8.6822
v  -0.0223 -5.1823 8.6892
v  -0.0138 -5.1040 8.6597
v  -0.0138 -5.0763 8.6493
v  -0.0139 -5.0395 8.6355
v  -0.0139 -5.0026 8.6216
v  -0.0480 -4.9750 8.6113
v  -0.0821 -4.9566 8.6043
v  -0.1503 -4.9566 8.6043
v  -0.1504 -4.8184 8.5524
v  -0.1674 -4.8369 8.5593
v  -0.1334 -4.8184 8.5524
v  -0.2091 -4.8502 8.5652
v  -0.1887 -4.8346 8.5594
v  -0.1930 -4.8507 8.5645
v  -0.1845 -4.8737 8.5732
v  -0.1930 -4.8876 8.5784
v  -0.1930 -4.9060 8.5853
v  -0.2015 -4.9198 8.5905
v  -0.1844 -4.9106 8.5870
v  -0.1930 -4.9244 8.5922
v  -0.1929 -4.9428 8.5992
v  -0.2015 -4.9567 8.6044
v  -0.1844 -4.9474 8.6009
v  -0.1929 -4.9613 8.6061
v  -0.1929 -4.9797 8.6130
v  -0.1844 -4.9751 8.6113
v  -0.1673 -4.9843 8.6147
v  -0.1673 -4.9751 8.6113
v  -0.1503 -4.9658 8.6078
v  -0.1333 -4.9658 8.6078
v  -0.1247 -4.9612 8.6061
v  -0.1247 -4.9796 8.6130
v  -0.1162 -4.9750 8.6113
v  -0.0992 -4.9842 8.6147
v  -0.0992 -4.9750 8.6113
v  -0.0821 -4.9658 8.6078
v  -0.0651 -4.9658 8.6078
v  -0.0565 -4.9612 8.6061
v  -0.0565 -4.9796 8.6130
v  -0.0310 -4.9842 8.6147
v  -0.0224 -4.9796 8.6130
v  -0.0224 -4.9980 8.6199
v  -0.0309 -5.0118 8.6251
v  -0.0224 -5.0164 8.6268
v  -0.0224 -5.0349 8.6338
v  -0.0309 -5.0487 8.6390
v  -0.0224 -5.0533 8.6407
v  -0.0224 -5.0717 8.6476
v  -0.0309 -5.0855 8.6528
v  -0.0224 -5.0901 8.6545
v  -0.0223 -5.1086 8.6615
v  -0.0308 -5.1592 8.6805
v  -0.0820 -5.1409 8.6736
v  -0.0138 -5.1408 8.6736
v  -0.1502 -5.1040 8.6598
v  -0.1587 -5.0902 8.6546
v  -0.1843 -5.0856 8.6528
v  -0.1501 -5.2515 8.7152
v  -0.1586 -5.2376 8.7100
v  -0.1856 -5.2360 8.7083
v  -0.1624 -5.2537 8.7150
v  -0.1927 -5.2192 8.7031
v  -0.1842 -5.2054 8.6979
v  -0.1928 -5.1824 8.6892
v  -0.1843 -5.1686 8.6840
v  -0.2013 -5.1778 8.6875
v  -0.1928 -5.1640 8.6823
v  -0.1928 -5.1455 8.6754
v  -0.1843 -5.1317 8.6702
v  -0.2013 -5.1409 8.6736
v  -0.1928 -5.1271 8.6684
v  -0.1928 -5.1087 8.6615
v  -0.1843 -5.0949 8.6563
v  -0.2014 -5.1041 8.6598
v  -0.1673 -5.0948 8.6563
v  -0.1587 -5.1087 8.6615
v  -0.1332 -5.1132 8.6632
v  -0.1246 -5.1086 8.6615
v  -0.1246 -5.1271 8.6684
v  -0.1331 -5.1409 8.6736
v  -0.1161 -5.1317 8.6701
v  -0.1246 -5.1455 8.6753
v  -0.1246 -5.1639 8.6823
v  -0.1161 -5.1593 8.6805
v  -0.0990 -5.1685 8.6840
v  -0.0990 -5.1593 8.6805
v  -0.0820 -5.1501 8.6771
v  -0.0649 -5.1501 8.6771
v  -0.0564 -5.1454 8.6753
v  -0.0564 -5.1639 8.6822
v  -0.0479 -5.1593 8.6805
v  -0.0308 -5.1685 8.6840
v  -0.0138 -5.1500 8.6770
v  -0.0340 -5.2958 8.7308
v  -0.1377 -5.2656 8.7194
v  -0.0357 -4.7745 8.5368
v  0.1053 -4.7998 8.5454
v  0.1030 -4.7940 8.5436
v  0.0882 -4.7999 8.5454
v  0.0797 -4.7953 8.5437
v  0.0759 -4.7853 8.5404
v  0.1055 -5.2797 8.7247
v  0.0886 -5.2697 8.7220
v  0.0801 -5.2743 8.7238
v  0.0772 -5.2868 8.7271
v  0.0030 -4.7815 8.5385
v  0.0176 -4.7745 8.5368
v  -0.0090 -4.7732 8.5363
v  -0.0055 -4.7815 8.5385
v  0.2418 -4.9380 8.5973
v  0.2418 -4.9472 8.6008
v  0.2591 -4.9397 8.5980
v  0.2533 -4.9247 8.5926
v  0.2593 -5.1296 8.6694
v  0.2419 -5.1222 8.6666
v  0.2419 -5.1314 8.6701
v  0.2527 -5.1440 8.6748
v  0.2321 -4.8931 8.5806
v  0.2247 -4.9103 8.5869
v  0.2435 -4.9097 8.5869
v  0.2249 -5.1591 8.6805
v  0.2333 -5.1788 8.6868
v  0.2441 -5.1620 8.6804
v  0.0115 -4.7953 8.5437
v  0.0456 -4.7953 8.5437
v  0.0504 -4.7780 8.5387
v  0.1394 -4.8459 8.5627
v  0.1394 -4.8551 8.5662
v  0.1479 -4.8505 8.5645
v  0.1394 -4.8827 8.5766
v  0.1395 -4.8920 8.5800
v  0.1480 -4.8873 8.5783
v  0.0883 -4.9473 8.6008
v  0.0883 -4.9381 8.5974
v  0.0798 -4.9427 8.5991
v  0.1395 -4.9196 8.5904
v  0.1395 -4.9288 8.5939
v  0.1480 -4.9242 8.5922
v  0.2077 -4.9196 8.5904
v  0.2077 -4.9288 8.5939
v  0.2162 -4.9242 8.5921
v  0.2077 -4.9564 8.6043
v  0.2077 -4.9656 8.6077
v  0.2162 -4.9610 8.6060
v  0.2077 -4.9933 8.6181
v  0.2077 -5.0025 8.6216
v  0.2162 -4.9979 8.6198
v  0.2077 -5.0301 8.6320
v  0.2077 -5.0393 8.6354
v  0.2163 -5.0347 8.6337
v  0.2078 -5.0670 8.6458
v  0.2078 -5.0762 8.6493
v  0.2163 -5.0716 8.6476
v  0.1395 -5.0302 8.6320
v  0.1396 -5.0394 8.6355
v  0.1481 -5.0348 8.6337
v  0.1396 -5.0670 8.6458
v  0.1396 -5.0762 8.6493
v  0.1481 -5.0716 8.6476
v  0.0885 -5.1315 8.6701
v  0.0885 -5.1223 8.6666
v  0.0800 -5.1269 8.6684
v  0.0885 -5.0947 8.6562
v  0.0884 -5.0855 8.6528
v  0.0799 -5.0901 8.6545
v  0.2078 -5.1407 8.6735
v  0.2078 -5.1499 8.6770
v  0.2163 -5.1453 8.6753
v  0.1396 -5.1407 8.6735
v  0.1396 -5.1499 8.6770
v  0.1482 -5.1453 8.6753
v  0.1397 -5.1776 8.6874
v  0.1397 -5.1868 8.6909
v  0.1482 -5.1822 8.6891
v  0.0885 -5.2052 8.6978
v  0.0885 -5.1960 8.6943
v  0.0800 -5.2006 8.6961
v  0.1397 -5.2144 8.7013
v  0.1397 -5.2236 8.7047
v  0.1482 -5.2190 8.7030
v  0.0460 -5.2744 8.7238
v  0.0214 -5.2957 8.7308
v  0.0533 -5.2911 8.7288
v  0.0542 -4.8091 8.5489
v  0.0371 -4.7999 8.5454
v  0.0456 -4.8137 8.5506
v  0.0201 -4.7999 8.5454
v  0.1224 -4.8551 8.5662
v  0.1138 -4.8505 8.5645
v  0.1053 -4.8643 8.5697
v  0.1139 -4.8689 8.5714
v  0.0371 -4.8644 8.5697
v  0.0457 -4.8690 8.5714
v  0.0542 -4.8552 8.5662
v  0.0457 -4.8506 8.5645
v  0.0542 -4.8828 8.5766
v  0.0372 -4.8736 8.5731
v  0.0457 -4.8874 8.5783
v  0.1224 -4.8920 8.5800
v  0.1139 -4.8874 8.5783
v  0.1054 -4.9012 8.5835
v  0.1139 -4.9058 8.5852
v  0.0542 -4.9197 8.5904
v  0.0457 -4.9058 8.5853
v  0.0372 -4.9104 8.5870
v  0.0457 -4.9243 8.5922
v  0.1224 -4.9196 8.5904
v  0.1054 -4.9104 8.5870
v  0.1139 -4.9242 8.5922
v  0.0372 -4.9473 8.6008
v  0.0457 -4.9611 8.6060
v  0.0543 -4.9565 8.6043
v  0.0457 -4.9427 8.5991
v  0.1224 -4.8183 8.5523
v  0.1138 -4.8137 8.5506
v  0.1053 -4.8275 8.5558
v  0.1138 -4.8321 8.5575
v  0.2162 -4.9057 8.5852
v  0.2076 -4.8919 8.5800
v  0.1964 -4.8514 8.5651
v  0.1820 -4.8505 8.5644
v  0.1907 -5.0762 8.6493
v  0.1822 -5.0716 8.6476
v  0.1737 -5.0854 8.6528
v  0.1822 -5.0900 8.6545
v  0.1054 -4.9841 8.6147
v  0.1140 -4.9979 8.6199
v  0.1225 -4.9933 8.6181
v  0.1139 -4.9795 8.6129
v  0.1225 -5.0025 8.6216
v  0.0373 -5.0118 8.6251
v  0.0458 -5.0164 8.6268
v  0.0543 -5.0026 8.6216
v  0.0458 -4.9980 8.6199
v  0.0543 -5.0302 8.6320
v  0.0373 -5.0210 8.6285
v  0.0458 -5.0348 8.6337
v  0.1054 -5.0118 8.6251
v  0.1140 -5.0164 8.6268
v  0.1225 -5.0302 8.6320
v  0.1054 -5.0210 8.6285
v  0.1140 -5.0348 8.6337
v  0.1225 -5.0762 8.6493
v  0.1140 -5.0716 8.6476
v  0.1055 -5.0855 8.6528
v  0.1140 -5.0901 8.6545
v  0.0543 -5.0763 8.6493
v  0.0458 -5.0717 8.6476
v  0.0373 -5.0855 8.6528
v  0.0458 -5.0901 8.6545
v  0.0373 -5.1224 8.6666
v  0.0459 -5.1270 8.6684
v  0.0544 -5.1131 8.6632
v  0.0458 -5.1085 8.6614
v  0.0544 -5.1408 8.6736
v  0.0373 -5.1316 8.6701
v  0.0459 -5.1454 8.6753
v  0.2163 -5.0900 8.6545
v  0.2248 -5.0854 8.6527
v  0.2248 -5.0577 8.6424
v  0.2163 -5.0531 8.6406
v  0.2248 -5.0485 8.6389
v  0.2248 -5.0209 8.6285
v  0.2163 -5.0163 8.6268
v  0.2248 -5.0117 8.6250
v  0.2248 -4.9840 8.6147
v  0.2162 -4.9794 8.6129
v  0.2247 -4.9748 8.6112
v  0.2247 -4.9472 8.6008
v  0.2162 -4.9426 8.5991
v  0.2247 -4.9380 8.5973
v  0.2249 -5.1314 8.6701
v  0.2163 -5.1268 8.6683
v  0.2078 -5.1130 8.6631
v  0.2249 -5.1222 8.6666
v  0.2163 -5.1084 8.6614
v  0.2164 -5.1637 8.6822
v  0.2078 -5.1775 8.6874
v  0.1975 -5.2201 8.7023
v  0.0374 -5.1961 8.6943
v  0.0459 -5.2007 8.6961
v  0.0544 -5.1868 8.6909
v  0.0459 -5.1822 8.6892
v  0.0544 -5.2145 8.7013
v  0.0374 -5.2053 8.6978
v  0.0459 -5.2191 8.7030
v  0.0545 -5.2513 8.7151
v  0.0459 -5.2375 8.7099
v  0.0374 -5.2421 8.7117
v  0.0459 -5.2559 8.7169
v  0.1056 -5.2052 8.6978
v  0.1141 -5.2190 8.7030
v  0.1226 -5.2144 8.7013
v  0.1141 -5.2006 8.6961
v  0.1227 -5.2513 8.7151
v  0.1141 -5.2375 8.7099
v  0.1056 -5.2421 8.7116
v  0.1141 -5.2559 8.7168
v  0.0030 -4.8091 8.5489
v  0.0115 -4.8137 8.5506
v  0.0030 -4.8183 8.5524
v  0.0115 -4.8322 8.5576
v  0.0201 -4.8275 8.5558
v  0.0712 -4.8091 8.5489
v  0.0797 -4.8137 8.5506
v  0.0712 -4.8183 8.5523
v  0.0797 -4.8321 8.5575
v  0.0883 -4.8275 8.5558
v  0.0542 -4.8183 8.5524
v  0.0371 -4.8275 8.5558
v  0.0456 -4.8321 8.5576
v  0.1224 -4.8459 8.5627
v  0.1053 -4.8367 8.5593
v  0.0798 -4.8505 8.5645
v  0.0712 -4.8551 8.5662
v  0.0798 -4.8690 8.5714
v  0.0883 -4.8644 8.5697
v  0.0201 -4.8644 8.5697
v  0.0201 -4.8736 8.5731
v  0.0883 -4.8367 8.5593
v  0.1224 -4.8828 8.5766
v  0.1053 -4.8736 8.5731
v  0.0798 -4.8874 8.5783
v  0.0713 -4.8920 8.5801
v  0.0798 -4.9058 8.5852
v  0.0883 -4.9012 8.5835
v  0.0883 -4.9104 8.5870
v  0.0712 -4.8459 8.5627
v  0.0883 -4.8736 8.5731
v  0.0713 -4.9196 8.5904
v  0.0798 -4.9242 8.5922
v  0.0713 -4.9289 8.5939
v  0.0542 -4.8459 8.5627
v  0.0371 -4.8367 8.5593
v  0.0713 -4.8828 8.5766
v  0.0542 -4.9289 8.5939
v  0.0372 -4.9381 8.5974
v  0.0713 -4.9565 8.6043
v  0.0798 -4.9611 8.6060
v  0.1054 -4.9473 8.6008
v  0.1054 -4.9380 8.5974
v  0.0201 -4.8368 8.5593
v  0.0542 -4.8920 8.5801
v  0.0372 -4.9012 8.5835
v  0.0201 -4.9381 8.5974
v  0.0202 -4.9473 8.6008
v  0.1224 -4.9288 8.5939
v  0.1139 -4.9426 8.5991
v  0.1139 -4.9611 8.6060
v  0.1224 -4.9565 8.6043
v  0.1565 -4.9472 8.6008
v  0.1480 -4.9426 8.5991
v  0.1395 -4.9564 8.6043
v  0.1480 -4.9611 8.6060
v  0.0030 -4.8460 8.5628
v  0.0116 -4.8506 8.5645
v  0.0030 -4.8552 8.5662
v  0.0116 -4.8690 8.5714
v  0.0201 -4.9012 8.5835
v  0.0201 -4.9105 8.5870
v  0.1565 -4.9380 8.5974
v  0.1565 -4.9104 8.5870
v  0.1480 -4.9058 8.5852
v  0.1565 -4.9012 8.5835
v  0.0031 -4.8828 8.5766
v  0.0116 -4.8874 8.5783
v  0.0031 -4.8920 8.5801
v  0.0116 -4.9059 8.5853
v  0.1736 -4.9472 8.6008
v  0.1736 -4.9380 8.5973
v  0.1736 -4.9104 8.5870
v  0.1736 -4.9011 8.5835
v  0.1565 -4.8735 8.5731
v  0.1480 -4.8689 8.5714
v  0.1565 -4.8643 8.5696
v  0.0031 -4.9197 8.5905
v  0.0116 -4.9243 8.5922
v  0.0031 -4.9289 8.5939
v  0.0116 -4.9427 8.5991
v  0.1735 -4.8735 8.5731
v  0.1735 -4.8643 8.5696
v  0.1565 -4.8367 8.5593
v  0.1479 -4.8321 8.5575
v  0.1906 -4.9196 8.5904
v  0.1906 -4.9288 8.5939
v  0.1906 -4.9564 8.6043
v  0.1906 -4.9656 8.6077
v  0.0031 -4.9565 8.6043
v  0.0116 -4.9611 8.6060
v  0.0031 -4.9657 8.6078
v  0.0117 -4.9796 8.6130
v  0.0202 -4.9750 8.6112
v  0.1907 -4.9933 8.6181
v  0.1907 -5.0025 8.6216
v  0.1907 -5.0301 8.6320
v  0.1907 -5.0393 8.6354
v  0.1907 -5.0670 8.6458
v  0.1822 -5.0532 8.6406
v  0.1737 -5.0578 8.6424
v  0.1566 -5.0578 8.6424
v  0.1481 -5.0532 8.6406
v  0.1566 -5.0486 8.6389
v  0.1566 -5.0209 8.6285
v  0.1481 -5.0163 8.6268
v  0.1566 -5.0117 8.6251
v  0.1481 -4.9979 8.6199
v  0.1395 -5.0025 8.6216
v  0.1395 -4.9933 8.6181
v  0.0713 -4.9933 8.6182
v  0.0799 -4.9979 8.6199
v  0.0884 -4.9841 8.6147
v  0.0798 -4.9795 8.6130
v  0.1737 -5.0486 8.6389
v  0.1822 -5.0347 8.6337
v  0.1822 -5.0163 8.6268
v  0.1736 -5.0209 8.6285
v  0.1736 -5.0117 8.6251
v  0.1821 -4.9979 8.6199
v  0.1821 -4.9795 8.6129
v  0.1736 -4.9841 8.6147
v  0.1566 -4.9841 8.6147
v  0.1480 -4.9795 8.6129
v  0.0713 -5.0026 8.6216
v  0.0799 -5.0164 8.6268
v  0.0884 -5.0118 8.6251
v  0.0202 -5.0118 8.6251
v  0.0202 -5.0210 8.6286
v  0.0543 -4.9934 8.6182
v  0.0458 -4.9795 8.6130
v  0.0372 -4.9842 8.6147
v  0.0884 -5.0210 8.6285
v  0.1225 -5.0394 8.6355
v  0.1055 -5.0486 8.6389
v  0.1140 -5.0532 8.6407
v  0.1225 -5.0670 8.6458
v  0.1055 -5.0578 8.6424
v  0.0714 -5.0670 8.6459
v  0.0799 -5.0717 8.6476
v  0.0884 -5.0578 8.6424
v  0.0799 -5.0532 8.6407
v  0.0714 -5.0302 8.6320
v  0.0799 -5.0348 8.6337
v  0.0884 -5.0486 8.6389
v  0.0714 -5.0763 8.6493
v  0.0714 -5.1039 8.6597
v  0.0799 -5.1085 8.6614
v  0.0714 -5.1131 8.6632
v  0.0714 -5.0394 8.6355
v  0.0543 -5.0671 8.6459
v  0.0458 -5.0532 8.6407
v  0.0373 -5.0579 8.6424
v  0.0544 -5.1039 8.6597
v  0.0373 -5.0947 8.6563
v  0.0117 -5.1085 8.6615
v  0.0032 -5.1132 8.6632
v  0.0118 -5.1270 8.6684
v  0.0203 -5.1224 8.6666
v  0.0203 -5.1316 8.6701
v  0.0543 -5.0394 8.6355
v  0.0373 -5.0486 8.6389
v  0.0203 -5.0855 8.6528
v  0.0203 -5.0947 8.6563
v  0.0032 -5.1408 8.6736
v  0.0118 -5.1454 8.6753
v  0.0714 -5.1408 8.6736
v  0.0800 -5.1454 8.6753
v  0.1055 -5.1315 8.6701
v  0.1055 -5.1223 8.6666
v  0.0202 -5.0487 8.6389
v  0.0202 -5.0579 8.6424
v  0.1055 -5.0947 8.6562
v  0.1140 -5.1085 8.6614
v  0.1226 -5.1039 8.6597
v  0.1481 -5.0900 8.6545
v  0.1566 -5.0854 8.6528
v  0.2419 -5.0577 8.6424
v  0.2418 -5.0485 8.6389
v  0.2418 -5.0209 8.6285
v  0.2418 -5.0117 8.6250
v  0.2418 -4.9840 8.6146
v  0.2418 -4.9748 8.6112
v  0.2503 -4.9610 8.6060
v  0.2739 -4.9877 8.6160
v  0.2503 -4.9978 8.6198
v  0.2786 -5.0347 8.6337
v  0.2504 -5.0347 8.6337
v  0.2740 -5.0816 8.6513
v  0.2504 -5.0715 8.6475
v  0.2504 -5.1084 8.6614
v  0.2419 -5.0946 8.6562
v  0.2419 -5.0854 8.6527
v  0.1908 -5.1407 8.6735
v  0.1908 -5.1499 8.6770
v  0.1482 -5.2374 8.7099
v  0.1567 -5.2328 8.7082
v  0.2248 -5.0946 8.6562
v  0.2078 -5.1038 8.6597
v  0.1567 -5.2052 8.6978
v  0.1482 -5.2006 8.6961
v  0.1567 -5.1960 8.6943
v  0.1567 -5.1683 8.6839
v  0.1482 -5.1637 8.6822
v  0.1567 -5.1591 8.6805
v  0.1907 -5.1038 8.6597
v  0.1908 -5.1130 8.6631
v  0.1738 -5.2052 8.6978
v  0.1738 -5.1960 8.6943
v  0.1737 -5.1683 8.6839
v  0.1737 -5.1591 8.6805
v  0.1567 -5.1315 8.6701
v  0.1481 -5.1269 8.6683
v  0.1567 -5.1223 8.6666
v  0.1481 -5.1085 8.6614
v  0.1396 -5.1131 8.6632
v  0.1737 -5.1315 8.6701
v  0.1737 -5.1223 8.6666
v  0.1226 -5.1407 8.6735
v  0.1226 -5.1499 8.6770
v  0.1226 -5.1776 8.6874
v  0.1226 -5.1868 8.6909
v  0.1056 -5.1960 8.6943
v  0.1141 -5.1822 8.6891
v  0.1141 -5.1638 8.6822
v  0.1056 -5.1684 8.6839
v  0.0715 -5.1776 8.6874
v  0.0800 -5.1822 8.6891
v  0.0885 -5.1684 8.6839
v  0.0800 -5.1638 8.6822
v  0.0715 -5.1868 8.6909
v  0.0203 -5.1961 8.6944
v  0.0203 -5.2053 8.6978
v  0.0715 -5.2145 8.7013
v  0.0800 -5.2191 8.7030
v  0.0715 -5.2237 8.7047
v  0.0800 -5.2375 8.7099
v  0.0886 -5.2329 8.7082
v  0.1226 -5.2236 8.7047
v  0.1056 -5.2329 8.7082
v  0.0544 -5.1776 8.6874
v  0.0459 -5.1638 8.6822
v  0.0374 -5.1684 8.6840
v  0.0544 -5.2237 8.7047
v  0.0374 -5.2329 8.7082
v  0.0886 -5.2421 8.7117
v  0.0800 -5.2559 8.7169
v  0.0715 -5.2605 8.7186
v  0.0204 -5.2329 8.7082
v  0.0204 -5.2421 8.7117
v  0.0715 -5.2513 8.7151
v  0.0545 -5.2605 8.7186
v  0.0374 -5.2698 8.7221
v  0.0204 -5.2698 8.7221
v  0.0119 -5.2744 8.7238
v  0.0119 -5.2560 8.7169
v  0.0033 -5.2606 8.7186
v  0.0033 -5.2514 8.7151
v  0.0118 -5.2375 8.7099
v  0.0118 -5.2191 8.7030
v  0.0033 -5.2237 8.7047
v  0.0033 -5.2145 8.7013
v  0.0118 -5.2007 8.6961
v  0.0118 -5.1823 8.6892
v  0.0033 -5.1869 8.6909
v  0.0033 -5.1777 8.6874
v  0.0203 -5.1684 8.6840
v  0.0118 -5.1638 8.6822
v  0.0117 -5.0901 8.6545
v  0.0117 -5.0717 8.6476
v  0.0032 -5.0763 8.6493
v  0.0117 -5.0533 8.6407
v  0.0117 -5.0348 8.6337
v  0.0032 -5.0395 8.6355
v  0.0117 -5.0164 8.6268
v  0.0117 -4.9980 8.6199
v  0.0031 -5.0026 8.6216
v  0.0202 -4.9842 8.6147
v  0.0543 -4.9657 8.6078
v  0.1225 -4.9657 8.6077
v  0.1524 -4.8174 8.5526
v  0.1394 -4.8183 8.5523
v  0.1821 -4.8873 8.5783
v  0.1906 -4.8919 8.5800
v  0.1821 -4.9058 8.5852
v  0.1821 -4.9242 8.5922
v  0.1821 -4.9426 8.5991
v  0.1821 -4.9610 8.6060
v  0.1736 -4.9749 8.6112
v  0.1566 -4.9749 8.6112
v  0.1395 -4.9657 8.6077
v  0.1054 -4.9749 8.6112
v  0.0884 -4.9749 8.6112
v  0.0713 -4.9657 8.6078
v  0.0372 -4.9749 8.6112
v  0.0031 -4.9934 8.6182
v  0.0032 -5.0302 8.6320
v  0.0032 -5.0671 8.6459
v  0.0032 -5.1039 8.6597
v  0.0033 -5.1500 8.6770
v  0.0544 -5.1500 8.6770
v  0.1226 -5.1131 8.6632
v  0.1396 -5.1039 8.6597
v  0.1566 -5.0946 8.6562
v  0.1737 -5.0946 8.6562
v  0.1288 -5.2656 8.7194
v  0.1535 -5.2536 8.7149
v  0.1397 -5.2513 8.7151
v  0.1767 -5.2359 8.7082
v  0.1823 -5.2190 8.7030
v  0.1908 -5.1775 8.6874
v  0.1823 -5.1821 8.6891
v  0.1823 -5.1637 8.6822
v  0.1823 -5.1453 8.6753
v  0.1822 -5.1269 8.6683
v  0.1822 -5.1084 8.6614
v  0.1140 -5.1269 8.6684
v  0.1141 -5.1453 8.6753
v  0.1055 -5.1592 8.6805
v  0.0885 -5.1592 8.6805
v  0.0714 -5.1500 8.6770
v  0.0374 -5.1592 8.6805
v  0.0203 -5.1592 8.6805
v  -0.0053 -5.0763 8.6493
v  -0.0053 -5.0671 8.6459
v  -0.0054 -4.9289 8.5939
v  -0.0054 -4.9197 8.5905
v  -0.0052 -5.2606 8.7186
v  -0.0052 -5.2514 8.7151
v  -0.0053 -5.0395 8.6355
v  -0.0054 -5.0302 8.6320
v  -0.0054 -4.9658 8.6078
v  -0.0054 -4.9565 8.6043
v  -0.0055 -4.8920 8.5801
v  -0.0055 -4.8828 8.5766
v  -0.0055 -4.8183 8.5524
v  -0.0055 -4.8091 8.5489
v  -0.0055 -4.8552 8.5662
v  -0.0055 -4.8460 8.5628
v  -0.0054 -5.0026 8.6216
v  -0.0054 -4.9934 8.6182
v  -0.0052 -5.2237 8.7047
v  -0.0052 -5.2145 8.7013
v  -0.0052 -5.1869 8.6909
v  -0.0053 -5.1777 8.6874
v  -0.0053 -5.1132 8.6632
v  -0.0053 -5.1040 8.6597
v  -0.0053 -5.1500 8.6770
v  -0.0053 -5.1408 8.6736
v  0.0034 -5.2882 8.7290
v  -0.0052 -5.2882 8.7290
v  -0.0063 -5.2964 8.7310
v  0.1056 -5.2697 8.7220
v  0.1759 -4.8359 8.5593
v  -0.1887 -4.8346 8.5594
v  -0.1856 -5.2360 8.7083
v  0.1767 -5.2359 8.7082
v  0.1759 -4.8359 8.5593
v  -0.1163 -4.7871 8.5796
v  -0.1245 -5.2432 8.7511
v  -0.0993 -4.7871 8.5796
v  -0.1160 -5.2570 8.7563
v  -0.0137 -5.2754 8.7632
v  -0.0141 -4.7687 8.5727
v  -0.0222 -5.2616 8.7580
v  -0.0139 -5.0543 8.6800
v  -0.0140 -4.9069 8.6246
v  -0.0481 -4.7871 8.5796
v  -0.0311 -4.7871 8.5796
v  -0.1248 -4.8562 8.6056
v  -0.1248 -4.8378 8.5987
v  -0.0566 -4.8378 8.5987
v  -0.0566 -4.8562 8.6056
v  -0.0481 -4.8608 8.6073
v  -0.0651 -4.8700 8.6108
v  -0.1248 -4.8931 8.6195
v  -0.1248 -4.8747 8.6125
v  -0.0481 -4.8977 8.6212
v  -0.0651 -4.9069 8.6246
v  -0.1163 -4.8977 8.6212
v  -0.1333 -4.9069 8.6247
v  -0.0651 -4.9437 8.6385
v  -0.0480 -4.9345 8.6350
v  -0.1248 -4.8194 8.5918
v  -0.1248 -4.8010 8.5848
v  -0.2271 -4.8932 8.6195
v  -0.2186 -4.8793 8.6143
v  -0.2015 -4.8793 8.6143
v  -0.1928 -5.0774 8.6887
v  -0.1929 -5.0590 8.6818
v  -0.1332 -4.9806 8.6524
v  -0.1162 -4.9714 8.6489
v  -0.0565 -4.9852 8.6541
v  -0.0565 -5.0036 8.6610
v  -0.0480 -5.0082 8.6627
v  -0.0650 -5.0174 8.6662
v  -0.1247 -4.9852 8.6541
v  -0.1247 -5.0037 8.6610
v  -0.1162 -5.0083 8.6627
v  -0.1332 -5.0175 8.6662
v  -0.1246 -5.0774 8.6887
v  -0.1247 -5.0589 8.6818
v  -0.0565 -5.0773 8.6887
v  -0.0565 -5.0589 8.6818
v  -0.0564 -5.0957 8.6956
v  -0.0564 -5.1142 8.7026
v  -0.0479 -5.1188 8.7043
v  -0.0649 -5.1280 8.7078
v  -0.2355 -5.0728 8.6870
v  -0.2184 -5.0636 8.6836
v  -0.2269 -5.0590 8.6818
v  -0.2270 -5.0406 8.6749
v  -0.2355 -5.0360 8.6732
v  -0.2184 -5.0268 8.6697
v  -0.2270 -5.0222 8.6680
v  -0.2270 -5.0037 8.6610
v  -0.2355 -4.9991 8.6593
v  -0.2185 -4.9899 8.6558
v  -0.2270 -4.9853 8.6541
v  -0.2270 -4.9669 8.6472
v  -0.2355 -4.9623 8.6455
v  -0.2185 -4.9530 8.6420
v  -0.2270 -4.9484 8.6403
v  -0.2270 -4.9300 8.6333
v  -0.2185 -4.9162 8.6281
v  -0.2269 -5.1143 8.7026
v  -0.2354 -5.1097 8.7009
v  -0.2184 -5.1005 8.6974
v  -0.2184 -5.1373 8.7113
v  -0.2269 -5.1511 8.7165
v  -0.2183 -5.1649 8.7216
v  -0.0564 -5.1695 8.7233
v  -0.0564 -5.1879 8.7303
v  -0.0479 -5.1925 8.7320
v  -0.0649 -5.2017 8.7355
v  -0.0478 -5.2293 8.7458
v  -0.0649 -5.2386 8.7493
v  -0.1331 -5.2017 8.7355
v  -0.1160 -5.1925 8.7320
v  -0.1160 -5.2294 8.7459
v  -0.1331 -5.2386 8.7493
v  -0.0137 -5.2385 8.7493
v  -0.0139 -5.0174 8.6662
v  -0.0139 -4.9437 8.6385
v  -0.0140 -4.8700 8.6108
v  -0.0226 -4.7825 8.5779
v  -0.0226 -4.8009 8.5848
v  -0.0311 -4.8147 8.5900
v  -0.0140 -4.8055 8.5865
v  -0.0140 -4.7963 8.5831
v  -0.0140 -4.8331 8.5969
v  -0.0908 -4.8009 8.5848
v  -0.0993 -4.8148 8.5900
v  -0.0822 -4.8056 8.5865
v  -0.0652 -4.8055 8.5865
v  -0.0567 -4.8009 8.5848
v  -0.0566 -4.8194 8.5917
v  -0.1504 -4.8332 8.5970
v  -0.1333 -4.8424 8.6004
v  -0.1163 -4.8240 8.5935
v  -0.1333 -4.8332 8.5970
v  -0.0992 -4.8516 8.6039
v  -0.0822 -4.8424 8.6004
v  -0.0481 -4.8516 8.6039
v  -0.0310 -4.8608 8.6073
v  -0.1163 -4.8148 8.5900
v  -0.0993 -4.8240 8.5935
v  -0.1504 -4.8701 8.6108
v  -0.1333 -4.8793 8.6143
v  -0.1163 -4.8609 8.6073
v  -0.1333 -4.8701 8.6108
v  -0.0992 -4.8885 8.6177
v  -0.0822 -4.8793 8.6143
v  -0.1163 -4.8885 8.6177
v  -0.0992 -4.8977 8.6212
v  -0.0139 -4.9806 8.6523
v  -0.0907 -4.8194 8.5917
v  -0.0907 -4.8378 8.5987
v  -0.1163 -4.8516 8.6039
v  -0.0992 -4.8608 8.6073
v  -0.0907 -4.8931 8.6195
v  -0.0907 -4.9115 8.6264
v  -0.0992 -4.9253 8.6316
v  -0.0821 -4.9161 8.6281
v  -0.0822 -4.8332 8.5969
v  -0.0651 -4.8424 8.6004
v  -0.0481 -4.8240 8.5935
v  -0.0652 -4.8332 8.5969
v  -0.0907 -4.8562 8.6056
v  -0.0907 -4.8747 8.6125
v  -0.0822 -4.9069 8.6246
v  -0.0651 -4.9161 8.6281
v  -0.0566 -4.9115 8.6264
v  -0.0566 -4.9299 8.6333
v  -0.0907 -4.9299 8.6333
v  -0.0906 -4.9484 8.6402
v  -0.0992 -4.9345 8.6350
v  -0.1162 -4.9253 8.6316
v  -0.0481 -4.8147 8.5900
v  -0.0311 -4.8239 8.5935
v  -0.0822 -4.8700 8.6108
v  -0.0651 -4.8792 8.6143
v  -0.0566 -4.8746 8.6125
v  -0.0566 -4.8931 8.6194
v  -0.0480 -4.9253 8.6316
v  -0.0310 -4.9345 8.6350
v  -0.1503 -4.9069 8.6247
v  -0.1333 -4.9161 8.6281
v  -0.1248 -4.9115 8.6264
v  -0.1248 -4.9300 8.6333
v  -0.1333 -4.9438 8.6385
v  -0.1162 -4.9346 8.6350
v  -0.1588 -4.9484 8.6402
v  -0.1588 -4.9300 8.6333
v  -0.0225 -4.8193 8.5917
v  -0.0225 -4.8378 8.5987
v  -0.0140 -4.8424 8.6004
v  -0.0310 -4.8516 8.6039
v  -0.0481 -4.8884 8.6177
v  -0.0310 -4.8976 8.6212
v  -0.1503 -4.9162 8.6281
v  -0.1674 -4.9254 8.6316
v  -0.1589 -4.9115 8.6264
v  -0.1589 -4.8931 8.6195
v  -0.1504 -4.8793 8.6143
v  -0.1674 -4.8885 8.6177
v  -0.0225 -4.8562 8.6056
v  -0.0225 -4.8746 8.6125
v  -0.0140 -4.8792 8.6142
v  -0.0310 -4.8884 8.6177
v  -0.1674 -4.9346 8.6351
v  -0.1844 -4.9254 8.6316
v  -0.1674 -4.8977 8.6212
v  -0.1845 -4.8885 8.6177
v  -0.1589 -4.8747 8.6125
v  -0.1589 -4.8563 8.6056
v  -0.1504 -4.8424 8.6004
v  -0.1674 -4.8517 8.6039
v  -0.0225 -4.8930 8.6194
v  -0.0225 -4.9115 8.6264
v  -0.0140 -4.9161 8.6281
v  -0.0310 -4.9253 8.6316
v  -0.1674 -4.8609 8.6073
v  -0.1845 -4.8517 8.6039
v  -0.1589 -4.8378 8.5987
v  -0.1589 -4.8194 8.5918
v  -0.2185 -4.9070 8.6247
v  -0.2015 -4.9162 8.6281
v  -0.2185 -4.9438 8.6385
v  -0.2015 -4.9530 8.6420
v  -0.0225 -4.9299 8.6333
v  -0.0225 -4.9483 8.6402
v  -0.0139 -4.9529 8.6419
v  -0.0310 -4.9621 8.6454
v  -0.2185 -4.9807 8.6524
v  -0.2014 -4.9899 8.6558
v  -0.2185 -5.0175 8.6662
v  -0.2014 -5.0267 8.6697
v  -0.2184 -5.0544 8.6801
v  -0.2014 -5.0636 8.6835
v  -0.1843 -5.0452 8.6766
v  -0.2014 -5.0544 8.6801
v  -0.1588 -5.0590 8.6818
v  -0.1588 -5.0405 8.6749
v  -0.1503 -5.0267 8.6697
v  -0.1673 -5.0359 8.6731
v  -0.1588 -5.0221 8.6680
v  -0.1588 -5.0037 8.6610
v  -0.1503 -4.9899 8.6558
v  -0.1673 -4.9991 8.6593
v  -0.1332 -4.9898 8.6558
v  -0.1503 -4.9806 8.6524
v  -0.0906 -4.9668 8.6472
v  -0.0906 -4.9852 8.6541
v  -0.1673 -5.0451 8.6766
v  -0.1843 -5.0359 8.6732
v  -0.1929 -5.0406 8.6749
v  -0.1929 -5.0221 8.6680
v  -0.1844 -5.0083 8.6628
v  -0.2014 -5.0175 8.6662
v  -0.1673 -5.0083 8.6628
v  -0.1844 -4.9991 8.6593
v  -0.1929 -5.0037 8.6610
v  -0.1929 -4.9853 8.6541
v  -0.1844 -4.9715 8.6489
v  -0.2014 -4.9807 8.6524
v  -0.1588 -4.9853 8.6541
v  -0.1588 -4.9668 8.6472
v  -0.0991 -4.9990 8.6593
v  -0.0821 -4.9898 8.6558
v  -0.0480 -4.9990 8.6593
v  -0.0309 -5.0082 8.6627
v  -0.0821 -4.9806 8.6524
v  -0.0650 -4.9898 8.6558
v  -0.0480 -4.9714 8.6489
v  -0.0651 -4.9806 8.6523
v  -0.1162 -4.9990 8.6593
v  -0.0991 -5.0082 8.6627
v  -0.1503 -5.0175 8.6662
v  -0.1332 -5.0267 8.6697
v  -0.1247 -5.0221 8.6679
v  -0.1247 -5.0405 8.6749
v  -0.1502 -5.0543 8.6801
v  -0.1332 -5.0635 8.6835
v  -0.1161 -5.0451 8.6766
v  -0.1332 -5.0543 8.6801
v  -0.0906 -5.0405 8.6749
v  -0.0906 -5.0589 8.6818
v  -0.0906 -5.0036 8.6610
v  -0.0906 -5.0221 8.6679
v  -0.1162 -5.0359 8.6731
v  -0.0991 -5.0451 8.6766
v  -0.0991 -5.0727 8.6870
v  -0.0820 -5.0635 8.6835
v  -0.0906 -5.0773 8.6887
v  -0.0905 -5.0958 8.6956
v  -0.0991 -5.1096 8.7008
v  -0.0820 -5.1004 8.6974
v  -0.0991 -5.0359 8.6731
v  -0.0821 -5.0267 8.6697
v  -0.0820 -5.0543 8.6801
v  -0.0650 -5.0635 8.6835
v  -0.0480 -5.0451 8.6766
v  -0.0650 -5.0543 8.6801
v  -0.0820 -5.0912 8.6939
v  -0.0650 -5.1004 8.6974
v  -0.0479 -5.0819 8.6904
v  -0.0650 -5.0911 8.6939
v  -0.0309 -5.1096 8.7008
v  -0.0138 -5.1003 8.6974
v  -0.0479 -5.1096 8.7008
v  -0.0309 -5.1188 8.7043
v  -0.0821 -5.0175 8.6662
v  -0.0650 -5.0267 8.6697
v  -0.0565 -5.0220 8.6679
v  -0.0565 -5.0405 8.6749
v  -0.0479 -5.0727 8.6870
v  -0.0309 -5.0819 8.6904
v  -0.0223 -5.1142 8.7026
v  -0.0223 -5.1326 8.7095
v  -0.0905 -5.1142 8.7026
v  -0.0905 -5.1326 8.7095
v  -0.0990 -5.1188 8.7043
v  -0.1161 -5.1096 8.7008
v  -0.0480 -5.0359 8.6731
v  -0.0309 -5.0451 8.6766
v  -0.0991 -5.0820 8.6904
v  -0.1161 -5.0728 8.6870
v  -0.1332 -5.0912 8.6939
v  -0.1161 -5.0820 8.6905
v  -0.1502 -5.0636 8.6835
v  -0.1673 -5.0728 8.6870
v  -0.2355 -5.0452 8.6766
v  -0.2525 -5.0360 8.6732
v  -0.2355 -5.0083 8.6628
v  -0.2526 -4.9991 8.6593
v  -0.2355 -4.9715 8.6489
v  -0.2526 -4.9623 8.6455
v  -0.2356 -4.9346 8.6351
v  -0.2526 -4.9346 8.6351
v  -0.2611 -4.9485 8.6403
v  -0.2526 -4.9715 8.6489
v  -0.2611 -4.9853 8.6541
v  -0.2526 -5.0083 8.6628
v  -0.2611 -5.0222 8.6680
v  -0.2525 -5.0452 8.6766
v  -0.2525 -5.1097 8.7009
v  -0.2610 -5.0959 8.6957
v  -0.2525 -5.0821 8.6905
v  -0.2610 -5.0590 8.6818
v  -0.2184 -5.1281 8.7078
v  -0.2013 -5.1373 8.7113
v  -0.1501 -5.2110 8.7389
v  -0.1672 -5.2202 8.7424
v  -0.2525 -5.0728 8.6870
v  -0.2355 -5.0820 8.6905
v  -0.2269 -5.0774 8.6887
v  -0.2269 -5.0959 8.6957
v  -0.1587 -5.2064 8.7372
v  -0.1587 -5.1879 8.7303
v  -0.1502 -5.1741 8.7251
v  -0.1672 -5.1833 8.7286
v  -0.1587 -5.1695 8.7234
v  -0.1587 -5.1511 8.7164
v  -0.1502 -5.1373 8.7112
v  -0.1672 -5.1465 8.7147
v  -0.2184 -5.0912 8.6939
v  -0.2013 -5.1004 8.6974
v  -0.1672 -5.1926 8.7320
v  -0.1842 -5.1834 8.7286
v  -0.1672 -5.1557 8.7182
v  -0.1843 -5.1465 8.7147
v  -0.1587 -5.1327 8.7095
v  -0.1587 -5.1142 8.7026
v  -0.1502 -5.1004 8.6974
v  -0.1672 -5.1096 8.7009
v  -0.1672 -5.1188 8.7043
v  -0.1843 -5.1096 8.7009
v  -0.1502 -5.1281 8.7078
v  -0.1331 -5.1373 8.7112
v  -0.1502 -5.1649 8.7216
v  -0.1331 -5.1741 8.7251
v  -0.0990 -5.1925 8.7320
v  -0.1160 -5.1833 8.7285
v  -0.1246 -5.1879 8.7303
v  -0.1246 -5.1695 8.7234
v  -0.1161 -5.1557 8.7182
v  -0.1331 -5.1649 8.7216
v  -0.0905 -5.1510 8.7164
v  -0.0905 -5.1695 8.7233
v  -0.0990 -5.1833 8.7285
v  -0.0820 -5.1741 8.7251
v  -0.0479 -5.1833 8.7285
v  -0.0308 -5.1925 8.7320
v  -0.0905 -5.1879 8.7303
v  -0.0905 -5.2063 8.7372
v  -0.0990 -5.2202 8.7424
v  -0.0819 -5.2109 8.7389
v  -0.1501 -5.2018 8.7355
v  -0.1331 -5.2110 8.7389
v  -0.1246 -5.2063 8.7372
v  -0.1245 -5.2248 8.7441
v  -0.0820 -5.1649 8.7216
v  -0.0649 -5.1741 8.7251
v  -0.0479 -5.1556 8.7181
v  -0.0649 -5.1649 8.7216
v  -0.0819 -5.2017 8.7355
v  -0.0649 -5.2109 8.7389
v  -0.0564 -5.2063 8.7372
v  -0.0564 -5.2247 8.7441
v  -0.1160 -5.2202 8.7424
v  -0.0990 -5.2294 8.7459
v  -0.0989 -5.2570 8.7563
v  -0.0137 -5.2017 8.7355
v  -0.0478 -5.2201 8.7424
v  -0.0308 -5.2293 8.7458
v  -0.0904 -5.2248 8.7441
v  -0.0904 -5.2432 8.7511
v  -0.0138 -5.1648 8.7216
v  -0.0819 -5.2386 8.7493
v  -0.0563 -5.2432 8.7510
v  -0.0478 -5.2570 8.7562
v  -0.0308 -5.2570 8.7562
v  -0.0137 -5.2477 8.7528
v  -0.0223 -5.2247 8.7441
v  -0.0222 -5.2431 8.7510
v  -0.0308 -5.2201 8.7424
v  -0.0137 -5.2109 8.7389
v  -0.0223 -5.1879 8.7303
v  -0.0223 -5.2063 8.7372
v  -0.0308 -5.1833 8.7285
v  -0.0138 -5.1740 8.7251
v  -0.0223 -5.1510 8.7164
v  -0.0223 -5.1694 8.7233
v  -0.0138 -5.0911 8.6939
v  -0.0138 -5.0635 8.6835
v  -0.0139 -5.0266 8.6697
v  -0.0139 -4.9898 8.6558
v  -0.0480 -4.9622 8.6454
v  -0.0821 -4.9437 8.6385
v  -0.1503 -4.9438 8.6385
v  -0.1504 -4.8056 8.5866
v  -0.1674 -4.8240 8.5935
v  -0.1334 -4.8056 8.5866
v  -0.1852 -4.8242 8.5935
v  -0.1930 -4.8379 8.5987
v  -0.1845 -4.8609 8.6074
v  -0.1930 -4.8747 8.6125
v  -0.1930 -4.8931 8.6195
v  -0.2015 -4.9070 8.6247
v  -0.1844 -4.8977 8.6212
v  -0.1930 -4.9116 8.6264
v  -0.1929 -4.9300 8.6333
v  -0.2015 -4.9438 8.6385
v  -0.1844 -4.9346 8.6351
v  -0.1929 -4.9484 8.6403
v  -0.1929 -4.9668 8.6472
v  -0.1844 -4.9622 8.6454
v  -0.1673 -4.9714 8.6489
v  -0.1673 -4.9622 8.6454
v  -0.1503 -4.9530 8.6420
v  -0.1333 -4.9530 8.6420
v  -0.1247 -4.9484 8.6402
v  -0.1247 -4.9668 8.6472
v  -0.1162 -4.9622 8.6454
v  -0.0992 -4.9714 8.6489
v  -0.0992 -4.9622 8.6454
v  -0.0821 -4.9530 8.6420
v  -0.0651 -4.9530 8.6420
v  -0.0565 -4.9483 8.6402
v  -0.0565 -4.9668 8.6472
v  -0.0310 -4.9714 8.6489
v  -0.0224 -4.9667 8.6471
v  -0.0224 -4.9852 8.6541
v  -0.0309 -4.9990 8.6593
v  -0.0224 -5.0036 8.6610
v  -0.0224 -5.0220 8.6679
v  -0.0309 -5.0358 8.6731
v  -0.0224 -5.0404 8.6748
v  -0.0224 -5.0589 8.6818
v  -0.0309 -5.0727 8.6870
v  -0.0224 -5.0773 8.6887
v  -0.0223 -5.0957 8.6956
v  -0.0308 -5.1464 8.7147
v  -0.0820 -5.1280 8.7078
v  -0.0138 -5.1280 8.7077
v  -0.1502 -5.0912 8.6939
v  -0.1587 -5.0774 8.6887
v  -0.1843 -5.0728 8.6870
v  -0.1501 -5.2386 8.7493
v  -0.1586 -5.2248 8.7441
v  -0.1845 -5.2204 8.7425
v  -0.1927 -5.2064 8.7372
v  -0.1842 -5.1926 8.7320
v  -0.1928 -5.1695 8.7234
v  -0.1843 -5.1557 8.7182
v  -0.2013 -5.1649 8.7216
v  -0.1928 -5.1511 8.7164
v  -0.1928 -5.1327 8.7095
v  -0.1843 -5.1189 8.7043
v  -0.2013 -5.1281 8.7078
v  -0.1928 -5.1143 8.7026
v  -0.1928 -5.0958 8.6957
v  -0.1843 -5.0820 8.6905
v  -0.2014 -5.0912 8.6939
v  -0.1673 -5.0820 8.6905
v  -0.1587 -5.0958 8.6957
v  -0.1332 -5.1004 8.6974
v  -0.1246 -5.0958 8.6957
v  -0.1246 -5.1142 8.7026
v  -0.1331 -5.1280 8.7078
v  -0.1161 -5.1188 8.7043
v  -0.1246 -5.1326 8.7095
v  -0.1246 -5.1511 8.7164
v  -0.1161 -5.1465 8.7147
v  -0.0990 -5.1557 8.7182
v  -0.0990 -5.1464 8.7147
v  -0.0820 -5.1372 8.7112
v  -0.0649 -5.1372 8.7112
v  -0.0564 -5.1326 8.7095
v  -0.0564 -5.1510 8.7164
v  -0.0479 -5.1464 8.7147
v  -0.0308 -5.1556 8.7181
v  -0.0138 -5.1372 8.7112
v  0.1053 -4.7870 8.5796
v  0.0882 -4.7870 8.5796
v  0.0797 -4.7824 8.5779
v  0.0743 -4.7729 8.5745
v  0.0886 -5.2569 8.7562
v  0.0801 -5.2615 8.7579
v  0.0746 -5.2710 8.7613
v  0.0030 -4.7686 8.5727
v  -0.0055 -4.7686 8.5727
v  0.2418 -4.9251 8.6315
v  0.2418 -4.9343 8.6350
v  0.2502 -4.9118 8.6268
v  0.2419 -5.1094 8.7008
v  0.2419 -5.1186 8.7042
v  0.2496 -5.1311 8.7089
v  0.2247 -4.8975 8.6211
v  0.2419 -4.8972 8.6211
v  0.2249 -5.1462 8.7146
v  0.2415 -5.1462 8.7146
v  0.0115 -4.7825 8.5779
v  0.0456 -4.7824 8.5779
v  0.0539 -4.7676 8.5728
v  0.1394 -4.8331 8.5969
v  0.1394 -4.8423 8.6004
v  0.1479 -4.8377 8.5986
v  0.1394 -4.8699 8.6107
v  0.1395 -4.8791 8.6142
v  0.1480 -4.8745 8.6125
v  0.0883 -4.9344 8.6350
v  0.0883 -4.9252 8.6315
v  0.0798 -4.9298 8.6333
v  0.1395 -4.9068 8.6246
v  0.1395 -4.9160 8.6281
v  0.1480 -4.9114 8.6263
v  0.2077 -4.9067 8.6246
v  0.2077 -4.9159 8.6280
v  0.2162 -4.9113 8.6263
v  0.2077 -4.9436 8.6384
v  0.2077 -4.9528 8.6419
v  0.2162 -4.9482 8.6402
v  0.2077 -4.9804 8.6523
v  0.2077 -4.9896 8.6557
v  0.2162 -4.9850 8.6540
v  0.2077 -5.0173 8.6661
v  0.2077 -5.0265 8.6696
v  0.2163 -5.0219 8.6679
v  0.2078 -5.0541 8.6800
v  0.2078 -5.0633 8.6835
v  0.2163 -5.0587 8.6817
v  0.1395 -5.0173 8.6662
v  0.1396 -5.0265 8.6696
v  0.1481 -5.0219 8.6679
v  0.1396 -5.0542 8.6800
v  0.1396 -5.0634 8.6835
v  0.1481 -5.0588 8.6817
v  0.0885 -5.1187 8.7043
v  0.0885 -5.1095 8.7008
v  0.0800 -5.1141 8.7025
v  0.0885 -5.0818 8.6904
v  0.0884 -5.0726 8.6869
v  0.0799 -5.0772 8.6887
v  0.2078 -5.1278 8.7077
v  0.2078 -5.1370 8.7112
v  0.2163 -5.1324 8.7094
v  0.1396 -5.1279 8.7077
v  0.1396 -5.1371 8.7112
v  0.1482 -5.1325 8.7094
v  0.1397 -5.1647 8.7216
v  0.1397 -5.1739 8.7250
v  0.1482 -5.1693 8.7233
v  0.0885 -5.1924 8.7320
v  0.0885 -5.1832 8.7285
v  0.0800 -5.1878 8.7302
v  0.1397 -5.2016 8.7354
v  0.1397 -5.2108 8.7389
v  0.1482 -5.2062 8.7371
v  0.0460 -5.2615 8.7579
v  0.0544 -5.2754 8.7630
v  0.0542 -4.7963 8.5831
v  0.0371 -4.7870 8.5796
v  0.0456 -4.8009 8.5848
v  0.0201 -4.7871 8.5796
v  0.1224 -4.8423 8.6004
v  0.1138 -4.8377 8.5986
v  0.1053 -4.8515 8.6038
v  0.1139 -4.8561 8.6056
v  0.0371 -4.8515 8.6038
v  0.0457 -4.8561 8.6056
v  0.0542 -4.8423 8.6004
v  0.0457 -4.8377 8.5986
v  0.0542 -4.8700 8.6108
v  0.0372 -4.8608 8.6073
v  0.0457 -4.8746 8.6125
v  0.1224 -4.8791 8.6142
v  0.1139 -4.8745 8.6125
v  0.1054 -4.8884 8.6177
v  0.1139 -4.8930 8.6194
v  0.0542 -4.9068 8.6246
v  0.0457 -4.8930 8.6194
v  0.0372 -4.8976 8.6212
v  0.0457 -4.9114 8.6263
v  0.1224 -4.9068 8.6246
v  0.1054 -4.8976 8.6211
v  0.1139 -4.9114 8.6263
v  0.0372 -4.9345 8.6350
v  0.0457 -4.9483 8.6402
v  0.0543 -4.9437 8.6385
v  0.0457 -4.9298 8.6333
v  0.1223 -4.8054 8.5865
v  0.1138 -4.8008 8.5848
v  0.1053 -4.8146 8.5900
v  0.1138 -4.8192 8.5917
v  0.2162 -4.8929 8.6194
v  0.2076 -4.8791 8.6142
v  0.1820 -4.8376 8.5986
v  0.1907 -5.0633 8.6835
v  0.1822 -5.0587 8.6817
v  0.1737 -5.0726 8.6869
v  0.1822 -5.0772 8.6887
v  0.1054 -4.9713 8.6488
v  0.1140 -4.9851 8.6540
v  0.1225 -4.9805 8.6523
v  0.1139 -4.9667 8.6471
v  0.1225 -4.9897 8.6558
v  0.0372 -4.9990 8.6592
v  0.0458 -5.0036 8.6610
v  0.0543 -4.9897 8.6558
v  0.0458 -4.9851 8.6541
v  0.0543 -5.0174 8.6662
v  0.0373 -5.0082 8.6627
v  0.0458 -5.0220 8.6679
v  0.1054 -4.9989 8.6592
v  0.1140 -5.0035 8.6610
v  0.1225 -5.0173 8.6662
v  0.1054 -5.0081 8.6627
v  0.1140 -5.0219 8.6679
v  0.1225 -5.0634 8.6835
v  0.1140 -5.0588 8.6817
v  0.1055 -5.0726 8.6869
v  0.1140 -5.0772 8.6887
v  0.0543 -5.0634 8.6835
v  0.0458 -5.0588 8.6818
v  0.0373 -5.0727 8.6870
v  0.0458 -5.0773 8.6887
v  0.0373 -5.1095 8.7008
v  0.0459 -5.1141 8.7025
v  0.0544 -5.1003 8.6973
v  0.0458 -5.0957 8.6956
v  0.0544 -5.1279 8.7077
v  0.0373 -5.1187 8.7043
v  0.0459 -5.1325 8.7095
v  0.2163 -5.0771 8.6886
v  0.2248 -5.0725 8.6869
v  0.2248 -5.0449 8.6765
v  0.2163 -5.0403 8.6748
v  0.2248 -5.0357 8.6731
v  0.2248 -5.0080 8.6627
v  0.2163 -5.0034 8.6609
v  0.2248 -4.9988 8.6592
v  0.2248 -4.9712 8.6488
v  0.2162 -4.9666 8.6471
v  0.2247 -4.9620 8.6454
v  0.2247 -4.9343 8.6350
v  0.2162 -4.9297 8.6332
v  0.2247 -4.9251 8.6315
v  0.2249 -5.1186 8.7042
v  0.2163 -5.1140 8.7025
v  0.2078 -5.1002 8.6973
v  0.2249 -5.1094 8.7008
v  0.2163 -5.0956 8.6956
v  0.2164 -5.1509 8.7164
v  0.2078 -5.1647 8.7215
v  0.0374 -5.1832 8.7285
v  0.0459 -5.1878 8.7302
v  0.0544 -5.1740 8.7250
v  0.0459 -5.1694 8.7233
v  0.0544 -5.2016 8.7354
v  0.0374 -5.1924 8.7320
v  0.0459 -5.2062 8.7372
v  0.0545 -5.2385 8.7493
v  0.0459 -5.2247 8.7441
v  0.0374 -5.2293 8.7458
v  0.0459 -5.2431 8.7510
v  0.1056 -5.1924 8.7320
v  0.1141 -5.2062 8.7372
v  0.1226 -5.2016 8.7354
v  0.1141 -5.1878 8.7302
v  0.1227 -5.2384 8.7493
v  0.1141 -5.2246 8.7441
v  0.1056 -5.2292 8.7458
v  0.1141 -5.2430 8.7510
v  0.0030 -4.7963 8.5831
v  0.0115 -4.8009 8.5848
v  0.0030 -4.8055 8.5865
v  0.0115 -4.8193 8.5917
v  0.0201 -4.8147 8.5900
v  0.0712 -4.7962 8.5831
v  0.0797 -4.8008 8.5848
v  0.0712 -4.8055 8.5865
v  0.0797 -4.8193 8.5917
v  0.0883 -4.8147 8.5900
v  0.0542 -4.8055 8.5865
v  0.0371 -4.8147 8.5900
v  0.0456 -4.8193 8.5917
v  0.1224 -4.8331 8.5969
v  0.1053 -4.8239 8.5934
v  0.0798 -4.8377 8.5986
v  0.0712 -4.8423 8.6004
v  0.0798 -4.8561 8.6056
v  0.0883 -4.8515 8.6038
v  0.0201 -4.8516 8.6038
v  0.0201 -4.8608 8.6073
v  0.0883 -4.8239 8.5934
v  0.1224 -4.8699 8.6107
v  0.1053 -4.8607 8.6073
v  0.0798 -4.8745 8.6125
v  0.0713 -4.8792 8.6142
v  0.0798 -4.8930 8.6194
v  0.0883 -4.8884 8.6177
v  0.0883 -4.8976 8.6211
v  0.0712 -4.8331 8.5969
v  0.0883 -4.8607 8.6073
v  0.0713 -4.9068 8.6246
v  0.0798 -4.9114 8.6263
v  0.0713 -4.9160 8.6281
v  0.0542 -4.8331 8.5969
v  0.0371 -4.8239 8.5934
v  0.0713 -4.8699 8.6108
v  0.0542 -4.9160 8.6281
v  0.0372 -4.9252 8.6315
v  0.0713 -4.9437 8.6385
v  0.0798 -4.9483 8.6402
v  0.1054 -4.9344 8.6350
v  0.1054 -4.9252 8.6315
v  0.0201 -4.8239 8.5935
v  0.0542 -4.8792 8.6142
v  0.0372 -4.8884 8.6177
v  0.0201 -4.9253 8.6315
v  0.0202 -4.9345 8.6350
v  0.1224 -4.9160 8.6281
v  0.1139 -4.9298 8.6333
v  0.1139 -4.9482 8.6402
v  0.1224 -4.9436 8.6385
v  0.1565 -4.9344 8.6350
v  0.1480 -4.9298 8.6333
v  0.1395 -4.9436 8.6384
v  0.1480 -4.9482 8.6402
v  0.0030 -4.8331 8.5969
v  0.0116 -4.8377 8.5986
v  0.0030 -4.8423 8.6004
v  0.0116 -4.8562 8.6056
v  0.0201 -4.8884 8.6177
v  0.0201 -4.8976 8.6212
v  0.1565 -4.9252 8.6315
v  0.1565 -4.8975 8.6211
v  0.1480 -4.8929 8.6194
v  0.1565 -4.8883 8.6177
v  0.0031 -4.8700 8.6108
v  0.0116 -4.8746 8.6125
v  0.0031 -4.8792 8.6142
v  0.0116 -4.8930 8.6194
v  0.1736 -4.9344 8.6350
v  0.1736 -4.9252 8.6315
v  0.1736 -4.8975 8.6211
v  0.1736 -4.8883 8.6177
v  0.1565 -4.8607 8.6073
v  0.1480 -4.8561 8.6055
v  0.1565 -4.8515 8.6038
v  0.0031 -4.9068 8.6246
v  0.0116 -4.9114 8.6264
v  0.0031 -4.9161 8.6281
v  0.0116 -4.9299 8.6333
v  0.1735 -4.8607 8.6073
v  0.1735 -4.8515 8.6038
v  0.1565 -4.8238 8.5934
v  0.1479 -4.8192 8.5917
v  0.1906 -4.9067 8.6246
v  0.1906 -4.9159 8.6280
v  0.1906 -4.9436 8.6384
v  0.1906 -4.9528 8.6419
v  0.0031 -4.9437 8.6385
v  0.0116 -4.9483 8.6402
v  0.0031 -4.9529 8.6419
v  0.0117 -4.9667 8.6471
v  0.0202 -4.9621 8.6454
v  0.1907 -4.9804 8.6523
v  0.1907 -4.9896 8.6558
v  0.1907 -5.0173 8.6661
v  0.1907 -5.0265 8.6696
v  0.1907 -5.0541 8.6800
v  0.1822 -5.0403 8.6748
v  0.1737 -5.0449 8.6765
v  0.1566 -5.0449 8.6765
v  0.1481 -5.0403 8.6748
v  0.1566 -5.0357 8.6731
v  0.1566 -5.0081 8.6627
v  0.1481 -5.0035 8.6610
v  0.1566 -4.9989 8.6592
v  0.1481 -4.9851 8.6540
v  0.1395 -4.9897 8.6558
v  0.1395 -4.9805 8.6523
v  0.0713 -4.9805 8.6523
v  0.0799 -4.9851 8.6540
v  0.0884 -4.9713 8.6488
v  0.0798 -4.9667 8.6471
v  0.1737 -5.0357 8.6731
v  0.1822 -5.0219 8.6679
v  0.1822 -5.0035 8.6609
v  0.1736 -5.0081 8.6627
v  0.1736 -4.9989 8.6592
v  0.1821 -4.9850 8.6540
v  0.1821 -4.9666 8.6471
v  0.1736 -4.9712 8.6488
v  0.1566 -4.9712 8.6488
v  0.1480 -4.9666 8.6471
v  0.0713 -4.9897 8.6558
v  0.0799 -5.0035 8.6610
v  0.0884 -4.9989 8.6592
v  0.0202 -4.9990 8.6593
v  0.0202 -5.0082 8.6627
v  0.0543 -4.9805 8.6523
v  0.0458 -4.9667 8.6471
v  0.0372 -4.9713 8.6489
v  0.0884 -5.0081 8.6627
v  0.1225 -5.0265 8.6696
v  0.1055 -5.0358 8.6731
v  0.1140 -5.0404 8.6748
v  0.1225 -5.0542 8.6800
v  0.1055 -5.0450 8.6765
v  0.0714 -5.0542 8.6800
v  0.0799 -5.0588 8.6818
v  0.0884 -5.0450 8.6766
v  0.0799 -5.0404 8.6748
v  0.0714 -5.0174 8.6662
v  0.0799 -5.0220 8.6679
v  0.0884 -5.0358 8.6731
v  0.0714 -5.0634 8.6835
v  0.0714 -5.0911 8.6939
v  0.0799 -5.0957 8.6956
v  0.0714 -5.1003 8.6973
v  0.0714 -5.0266 8.6696
v  0.0543 -5.0542 8.6800
v  0.0458 -5.0404 8.6748
v  0.0373 -5.0450 8.6766
v  0.0544 -5.0911 8.6939
v  0.0373 -5.0819 8.6904
v  0.0117 -5.0957 8.6956
v  0.0032 -5.1003 8.6974
v  0.0118 -5.1141 8.7025
v  0.0203 -5.1095 8.7008
v  0.0203 -5.1187 8.7043
v  0.0543 -5.0266 8.6696
v  0.0373 -5.0358 8.6731
v  0.0203 -5.0727 8.6870
v  0.0203 -5.0819 8.6904
v  0.0032 -5.1280 8.7077
v  0.0118 -5.1326 8.7095
v  0.0714 -5.1279 8.7077
v  0.0800 -5.1325 8.7095
v  0.1055 -5.1187 8.7043
v  0.1055 -5.1095 8.7008
v  0.0202 -5.0358 8.6731
v  0.0202 -5.0450 8.6766
v  0.1055 -5.0818 8.6904
v  0.1140 -5.0956 8.6956
v  0.1226 -5.0910 8.6939
v  0.1481 -5.0772 8.6887
v  0.1566 -5.0726 8.6869
v  0.2419 -5.0449 8.6765
v  0.2418 -5.0357 8.6731
v  0.2418 -5.0080 8.6627
v  0.2418 -4.9988 8.6592
v  0.2418 -4.9712 8.6488
v  0.2418 -4.9620 8.6453
v  0.2503 -4.9481 8.6402
v  0.2503 -4.9850 8.6540
v  0.2504 -5.0218 8.6679
v  0.2504 -5.0587 8.6817
v  0.2504 -5.0956 8.6956
v  0.2419 -5.0817 8.6904
v  0.2419 -5.0725 8.6869
v  0.1908 -5.1278 8.7077
v  0.1908 -5.1371 8.7112
v  0.1482 -5.2246 8.7441
v  0.1567 -5.2200 8.7423
v  0.2248 -5.0817 8.6904
v  0.2078 -5.0910 8.6938
v  0.1567 -5.1924 8.7319
v  0.1482 -5.1877 8.7302
v  0.1567 -5.1831 8.7285
v  0.1567 -5.1555 8.7181
v  0.1482 -5.1509 8.7164
v  0.1567 -5.1463 8.7146
v  0.1907 -5.0910 8.6938
v  0.1908 -5.1002 8.6973
v  0.1738 -5.1923 8.7319
v  0.1738 -5.1831 8.7285
v  0.1737 -5.1555 8.7181
v  0.1737 -5.1463 8.7146
v  0.1567 -5.1186 8.7042
v  0.1481 -5.1140 8.7025
v  0.1567 -5.1094 8.7008
v  0.1481 -5.0956 8.6956
v  0.1396 -5.1002 8.6973
v  0.1737 -5.1186 8.7042
v  0.1737 -5.1094 8.7008
v  0.1226 -5.1279 8.7077
v  0.1226 -5.1371 8.7112
v  0.1226 -5.1647 8.7216
v  0.1226 -5.1739 8.7250
v  0.1056 -5.1832 8.7285
v  0.1141 -5.1693 8.7233
v  0.1141 -5.1509 8.7164
v  0.1056 -5.1555 8.7181
v  0.0715 -5.1648 8.7216
v  0.0800 -5.1694 8.7233
v  0.0885 -5.1555 8.7181
v  0.0800 -5.1509 8.7164
v  0.0715 -5.1740 8.7250
v  0.0203 -5.1832 8.7285
v  0.0203 -5.1924 8.7320
v  0.0715 -5.2016 8.7354
v  0.0800 -5.2062 8.7372
v  0.0715 -5.2108 8.7389
v  0.0800 -5.2246 8.7441
v  0.0886 -5.2200 8.7424
v  0.1226 -5.2108 8.7389
v  0.1056 -5.2200 8.7424
v  0.0544 -5.1648 8.7216
v  0.0459 -5.1510 8.7164
v  0.0374 -5.1556 8.7181
v  0.0544 -5.2108 8.7389
v  0.0374 -5.2201 8.7424
v  0.0886 -5.2292 8.7458
v  0.0800 -5.2431 8.7510
v  0.0715 -5.2477 8.7527
v  0.0204 -5.2201 8.7424
v  0.0204 -5.2293 8.7458
v  0.0715 -5.2385 8.7493
v  0.0545 -5.2477 8.7528
v  0.0374 -5.2569 8.7562
v  0.0204 -5.2569 8.7562
v  0.0119 -5.2615 8.7580
v  0.0119 -5.2431 8.7510
v  0.0033 -5.2477 8.7528
v  0.0033 -5.2385 8.7493
v  0.0118 -5.2247 8.7441
v  0.0118 -5.2063 8.7372
v  0.0033 -5.2109 8.7389
v  0.0033 -5.2017 8.7354
v  0.0118 -5.1878 8.7303
v  0.0118 -5.1694 8.7233
v  0.0033 -5.1740 8.7251
v  0.0033 -5.1648 8.7216
v  0.0203 -5.1556 8.7181
v  0.0118 -5.1510 8.7164
v  0.0117 -5.0773 8.6887
v  0.0117 -5.0589 8.6818
v  0.0032 -5.0635 8.6835
v  0.0117 -5.0404 8.6748
v  0.0117 -5.0220 8.6679
v  0.0032 -5.0266 8.6696
v  0.0117 -5.0036 8.6610
v  0.0117 -4.9851 8.6541
v  0.0031 -4.9898 8.6558
v  0.0202 -4.9713 8.6489
v  0.0543 -4.9529 8.6419
v  0.1225 -4.9528 8.6419
v  0.1394 -4.8054 8.5865
v  0.1821 -4.8745 8.6125
v  0.1906 -4.8791 8.6142
v  0.1821 -4.8929 8.6194
v  0.1821 -4.9113 8.6263
v  0.1821 -4.9298 8.6332
v  0.1821 -4.9482 8.6402
v  0.1736 -4.9620 8.6454
v  0.1566 -4.9620 8.6454
v  0.1395 -4.9528 8.6419
v  0.1054 -4.9621 8.6454
v  0.0884 -4.9621 8.6454
v  0.0713 -4.9529 8.6419
v  0.0372 -4.9621 8.6454
v  0.0031 -4.9805 8.6523
v  0.0032 -5.0174 8.6662
v  0.0032 -5.0543 8.6800
v  0.0032 -5.0911 8.6939
v  0.0033 -5.1372 8.7112
v  0.0544 -5.1371 8.7112
v  0.1226 -5.1002 8.6973
v  0.1396 -5.0910 8.6939
v  0.1566 -5.0818 8.6904
v  0.1737 -5.0818 8.6904
v  0.1397 -5.2384 8.7493
v  0.1741 -5.2202 8.7424
v  0.1823 -5.2062 8.7371
v  0.1908 -5.1647 8.7216
v  0.1823 -5.1693 8.7233
v  0.1823 -5.1509 8.7164
v  0.1823 -5.1324 8.7094
v  0.1822 -5.1140 8.7025
v  0.1822 -5.0956 8.6956
v  0.1140 -5.1141 8.7025
v  0.1141 -5.1325 8.7094
v  0.1055 -5.1463 8.7146
v  0.0885 -5.1463 8.7146
v  0.0714 -5.1371 8.7112
v  0.0374 -5.1464 8.7147
v  0.0203 -5.1464 8.7147
v  -0.0053 -5.0635 8.6835
v  -0.0053 -5.0543 8.6800
v  -0.0054 -4.9161 8.6281
v  -0.0054 -4.9068 8.6246
v  -0.0052 -5.2477 8.7528
v  -0.0052 -5.2385 8.7493
v  -0.0053 -5.0266 8.6696
v  -0.0054 -5.0174 8.6662
v  -0.0054 -4.9529 8.6419
v  -0.0054 -4.9437 8.6385
v  -0.0055 -4.8792 8.6142
v  -0.0055 -4.8700 8.6108
v  -0.0055 -4.8055 8.5865
v  -0.0055 -4.7963 8.5831
v  -0.0055 -4.8424 8.6004
v  -0.0055 -4.8331 8.5969
v  -0.0054 -4.9898 8.6558
v  -0.0054 -4.9806 8.6523
v  -0.0052 -5.2109 8.7389
v  -0.0052 -5.2017 8.7354
v  -0.0052 -5.1740 8.7251
v  -0.0053 -5.1648 8.7216
v  -0.0053 -5.1003 8.6974
v  -0.0053 -5.0911 8.6939
v  -0.0053 -5.1372 8.7112
v  -0.0053 -5.1280 8.7077
v  0.0034 -5.2754 8.7632
v  -0.0052 -5.2754 8.7632
v  0.1056 -5.2569 8.7562
v  0.1742 -4.8239 8.5935
v  -0.1852 -4.8242 8.5935
v  -0.1845 -5.2204 8.7425
v  0.1741 -5.2202 8.7424
v  0.1742 -4.8239 8.5935
v  -0.0831 0.6253 10.6119
v  -0.2136 0.6112 10.6103
v  -0.3349 0.5802 10.6080
v  -0.3756 0.5543 10.6071
v  -0.4100 0.5151 10.6064
v  -0.4268 0.4756 10.6062
v  -0.4379 0.4186 10.6065
v  -0.4429 0.3601 10.6070
v  -0.4443 0.3013 10.6077
v  -0.4456 0.2424 10.6083
v  -0.4421 0.0065 10.6114
v  -0.4325 -0.2888 10.6153
v  -0.4188 -0.5705 10.6192
v  -0.3924 -1.1748 10.6274
v  -0.3627 -1.7655 10.6355
v  -0.3305 -2.3570 10.6436
v  -0.3238 -2.4435 10.6448
v  -0.3182 -2.4861 10.6455
v  -0.3142 -2.5068 10.6458
v  -0.3090 -2.5272 10.6462
v  -0.3016 -2.5470 10.6466
v  -0.2923 -2.5659 10.6471
v  -0.2813 -2.5809 10.6476
v  -0.2686 -2.5945 10.6480
v  -0.2548 -2.6070 10.6485
v  -0.2396 -2.6178 10.6489
v  -0.2232 -2.6269 10.6494
v  -0.2059 -2.6339 10.6498
v  -0.1768 -2.6391 10.6502
v  -0.1393 -2.6434 10.6507
v  -0.1069 -2.6469 10.6511
v  -0.0746 -2.6492 10.6515
v  -0.0422 -2.6508 10.6516
v  -0.0195 -2.6516 10.6517
v  -0.0832 0.6460 10.5931
v  -0.2167 0.6322 10.5907
v  -0.3434 0.5962 10.5887
v  -0.3885 0.5678 10.5880
v  -0.4252 0.5237 10.5870
v  -0.4428 0.4808 10.5866
v  -0.4547 0.4209 10.5870
v  -0.4598 0.3610 10.5875
v  -0.4618 0.3017 10.5881
v  -0.4625 0.2424 10.5888
v  -0.4600 0.0061 10.5917
v  -0.4497 -0.2895 10.5954
v  -0.4382 -0.5713 10.6000
v  -0.4116 -1.1757 10.6077
v  -0.3818 -1.7665 10.6160
v  -0.3497 -2.3570 10.6239
v  -0.3428 -2.4454 10.6252
v  -0.3374 -2.4889 10.6257
v  -0.3335 -2.5109 10.6261
v  -0.3280 -2.5332 10.6264
v  -0.3204 -2.5549 10.6270
v  -0.3097 -2.5761 10.6275
v  -0.2972 -2.5937 10.6280
v  -0.2832 -2.6093 10.6285
v  -0.2673 -2.6230 10.6287
v  -0.2501 -2.6350 10.6290
v  -0.2315 -2.6449 10.6296
v  -0.2113 -2.6530 10.6301
v  -0.1800 -2.6607 10.6307
v  -0.1417 -2.6658 10.6313
v  -0.1089 -2.6684 10.6315
v  -0.0758 -2.6700 10.6318
v  -0.0431 -2.6710 10.6321
v  -0.0199 -2.6715 10.6320
v  -0.0832 0.6460 10.5503
v  -0.2167 0.6322 10.5486
v  -0.3434 0.5962 10.5464
v  -0.3885 0.5678 10.5454
v  -0.4252 0.5237 10.5448
v  -0.4429 0.4809 10.5446
v  -0.4547 0.4209 10.5450
v  -0.4598 0.3610 10.5455
v  -0.4618 0.3017 10.5462
v  -0.4625 0.2424 10.5468
v  -0.4600 0.0061 10.5497
v  -0.4497 -0.2895 10.5534
v  -0.4382 -0.5713 10.5578
v  -0.4116 -1.1757 10.5661
v  -0.3819 -1.7665 10.5753
v  -0.3428 -2.4454 10.5853
v  -0.3374 -2.4889 10.5858
v  -0.3332 -2.5109 10.5859
v  -0.3277 -2.5331 10.5863
v  -0.3202 -2.5548 10.5868
v  -0.3096 -2.5760 10.5873
v  -0.2973 -2.5938 10.5874
v  -0.2831 -2.6093 10.5877
v  -0.2672 -2.6229 10.5879
v  -0.2500 -2.6349 10.5882
v  -0.2315 -2.6449 10.5882
v  -0.2113 -2.6529 10.5883
v  -0.1800 -2.6606 10.5885
v  -0.1417 -2.6658 10.5887
v  -0.1089 -2.6684 10.5885
v  -0.0758 -2.6700 10.5885
v  -0.0431 -2.6710 10.5886
v  -0.0199 -2.6715 10.5887
v  -0.0832 0.6461 9.8446
v  -0.2167 0.6321 9.8446
v  -0.3434 0.5963 9.8446
v  -0.3884 0.5677 9.8446
v  -0.4252 0.5237 9.8446
v  -0.4429 0.4809 9.8446
v  -0.4547 0.4209 9.8446
v  -0.4598 0.3610 9.8446
v  -0.4618 0.3017 9.8446
v  -0.4625 0.2424 9.8446
v  -0.4600 0.0061 9.8446
v  -0.4497 -0.2895 9.8446
v  -0.4479 -0.3343 9.8446
v  -0.4477 -0.3405 10.0270
v  -0.4470 -0.3587 10.1486
v  -0.4451 -0.4038 10.2889
v  -0.4427 -0.4634 10.3862
v  -0.4383 -0.5710 10.4789
v  -0.4338 -0.6790 10.5253
v  -0.4274 -0.8277 10.5518
v  -0.4221 -0.9462 10.5600
v  -0.0832 0.6461 10.0270
v  -0.2167 0.6322 10.0270
v  -0.3434 0.5963 10.0270
v  -0.3885 0.5678 10.0270
v  -0.4253 0.5237 10.0270
v  -0.4429 0.4809 10.0270
v  -0.4548 0.4209 10.0270
v  -0.4598 0.3610 10.0270
v  -0.4618 0.3017 10.0270
v  -0.4626 0.2424 10.0270
v  -0.4600 0.0061 10.0270
v  -0.4497 -0.2895 10.0270
v  -0.3828 -1.1817 10.5295
v  -0.4304 -0.4755 9.8448
v  -0.4241 -0.4925 10.0215
v  -0.4224 -0.5075 10.1321
v  -0.4197 -0.5439 10.2545
v  -0.4174 -0.5909 10.3445
v  -0.4118 -0.6934 10.4417
v  -0.4064 -0.7791 10.4831
v  -0.3984 -0.9254 10.5157
v  -0.3938 -1.0094 10.5233
v  -0.2531 -1.2188 10.4928
v  -0.3037 -0.6078 9.8444
v  -0.2992 -0.6108 10.0010
v  -0.2970 -0.6244 10.1030
v  -0.2937 -0.6598 10.2191
v  -0.2909 -0.7046 10.3010
v  -0.2848 -0.7943 10.3924
v  -0.2792 -0.8701 10.4356
v  -0.2698 -0.9993 10.4726
v  -0.2647 -1.0732 10.4827
v  -0.1371 -1.2252 10.4797
v  -0.1679 -0.6381 9.8434
v  -0.1662 -0.6427 9.9985
v  -0.1648 -0.6577 10.0982
v  -0.1627 -0.6937 10.2081
v  -0.1612 -0.7382 10.2860
v  -0.1575 -0.8240 10.3743
v  -0.1535 -0.8945 10.4167
v  -0.1475 -1.0159 10.4557
v  -0.1444 -1.0877 10.4674
v  -0.3296 -1.1994 10.5086
v  -0.3903 -0.5529 9.8447
v  -0.3827 -0.5601 10.0114
v  -0.3803 -0.5740 10.1170
v  -0.3766 -0.6091 10.2352
v  -0.3736 -0.6545 10.3206
v  -0.3668 -0.7503 10.4158
v  -0.3601 -0.8301 10.4579
v  -0.3506 -0.9686 10.4934
v  -0.3443 -1.0464 10.5016
v  -0.2451 -0.6248 9.8439
v  -0.2428 -0.6283 9.9985
v  -0.2409 -0.6424 10.0993
v  -0.2381 -0.6782 10.2131
v  -0.2357 -0.7230 10.2931
v  -0.2306 -0.8104 10.3827
v  -0.2260 -0.8839 10.4259
v  -0.2178 -1.0090 10.4638
v  -0.2138 -1.0816 10.4747
v  -0.2045 -1.2239 10.4861
v  -0.0688 -1.2255 10.4759
v  -0.0842 -0.6458 9.8438
v  -0.0836 -0.6513 9.9997
v  -0.0828 -0.6670 10.0987
v  -0.0817 -0.7029 10.2049
v  -0.0811 -0.7470 10.2812
v  -0.0794 -0.8315 10.3685
v  -0.0767 -0.8993 10.4104
v  -0.0740 -1.0175 10.4503
v  -0.0725 -1.0892 10.4627
v  -0.3005 -1.2088 10.5014
v  -0.3577 -0.5812 9.8447
v  -0.3517 -0.5852 10.0061
v  -0.3492 -0.5987 10.1099
v  -0.3454 -0.6337 10.2274
v  -0.3422 -0.6788 10.3112
v  -0.3355 -0.7716 10.4048
v  -0.3294 -0.8493 10.4478
v  -0.3197 -0.9837 10.4838
v  -0.3139 -1.0594 10.4929
v  -0.4146 -0.5164 9.8448
v  -0.4070 -0.5284 10.0171
v  -0.4049 -0.5428 10.1251
v  -0.4016 -0.5785 10.2447
v  -0.3990 -0.6247 10.3323
v  -0.3927 -0.7243 10.4291
v  -0.3864 -0.8068 10.4703
v  -0.3779 -0.9498 10.5044
v  -0.3716 -1.0302 10.5120
v  -0.3572 -1.1896 10.5177
v  -0.4018 -1.1791 10.5446
v  -0.4432 -0.4055 9.8447
v  -0.4413 -0.4173 10.0242
v  -0.4402 -0.4340 10.1402
v  -0.4380 -0.4748 10.2714
v  -0.4355 -0.5281 10.3648
v  -0.4305 -0.6331 10.4593
v  -0.4253 -0.7298 10.5025
v  -0.4178 -0.8771 10.5314
v  -0.4124 -0.9781 10.5388
v  -0.3994 -1.4163 10.5699
v  -0.3708 -1.4222 10.5339
v  -0.2409 -1.4592 10.4999
v  -0.1251 -1.4656 10.4884
v  -0.3174 -1.4399 10.5145
v  -0.1923 -1.4643 10.4939
v  -0.0569 -1.4659 10.4853
v  -0.2883 -1.4493 10.5079
v  -0.3450 -1.4301 10.5229
v  -0.3900 -1.4196 10.5484
v  -0.3534 -1.7725 10.5385
v  -0.2229 -1.8095 10.5054
v  -0.1070 -1.8158 10.4952
v  -0.2996 -1.7902 10.5192
v  -0.1743 -1.8146 10.4999
v  -0.0389 -1.8161 10.4928
v  -0.2704 -1.7996 10.5128
v  -0.3274 -1.7803 10.5273
v  -0.3727 -1.7699 10.5533
v  -0.3599 -2.1812 10.5814
v  -0.3328 -2.1812 10.5420
v  -0.2011 -2.1812 10.5072
v  -0.0852 -2.1812 10.4985
v  -0.2787 -2.1812 10.5210
v  -0.1527 -2.1812 10.5024
v  -0.0169 -2.1812 10.4970
v  -0.2493 -2.1812 10.5145
v  -0.3067 -2.1812 10.5297
v  -0.3519 -2.1812 10.5584
v  -0.3401 -2.1811 10.6412
v  -0.3599 -2.1812 10.6218
v  -0.3497 -2.3570 10.5840
v  -0.1874 -2.3570 10.5117
v  -0.0785 -2.3570 10.5024
v  -0.2676 -2.3570 10.5271
v  -0.1359 -2.3570 10.5056
v  -0.2385 -2.3570 10.5203
v  -0.2951 -2.3570 10.5359
v  -0.2795 -2.4355 10.5363
v  -0.2666 -2.4783 10.5370
v  -0.2518 -2.5108 10.5373
v  -0.2346 -2.5393 10.5375
v  -0.2185 -2.5614 10.5377
v  -0.2005 -2.5798 10.5379
v  -0.1832 -2.5921 10.5381
v  -0.1605 -2.6032 10.5385
v  -0.1297 -2.6115 10.5387
v  -0.0971 -2.6162 10.5387
v  -0.0653 -2.6203 10.5392
v  -0.0301 -2.6224 10.5394
v  -0.3380 -2.3570 10.5612
v  -0.3190 -2.3570 10.5468
v  -0.3272 -2.4430 10.5617
v  -0.3048 -2.4397 10.5471
v  -0.3197 -2.4837 10.5624
v  -0.2959 -2.4775 10.5478
v  -0.3144 -2.5040 10.5628
v  -0.2901 -2.4957 10.5482
v  -0.3077 -2.5244 10.5635
v  -0.2829 -2.5140 10.5487
v  -0.2990 -2.5444 10.5648
v  -0.2741 -2.5323 10.5493
v  -0.2886 -2.5633 10.5655
v  -0.2646 -2.5486 10.5497
v  -0.2773 -2.5796 10.5661
v  -0.2547 -2.5633 10.5502
v  -0.2649 -2.5940 10.5662
v  -0.2444 -2.5761 10.5502
v  -0.2518 -2.6065 10.5661
v  -0.2341 -2.5869 10.5503
v  -0.2371 -2.6180 10.5662
v  -0.2221 -2.5977 10.5500
v  -0.2214 -2.6282 10.5659
v  -0.2094 -2.6073 10.5499
v  -0.2035 -2.6370 10.5655
v  -0.1941 -2.6158 10.5498
v  -0.1747 -2.6466 10.5655
v  -0.1682 -2.6265 10.5500
v  -0.1385 -2.6535 10.5655
v  -0.1345 -2.6343 10.5500
v  -0.1055 -2.6573 10.5652
v  -0.1016 -2.6387 10.5499
v  -0.0727 -2.6600 10.5654
v  -0.0692 -2.6421 10.5503
v  -0.0306 -2.6441 10.5501
v  -0.0311 -2.6619 10.5651
v  -0.0274 -2.6000 10.5316
v  -0.0246 -2.5773 10.5257
v  -0.0190 -2.5318 10.5171
v  -0.0135 -2.4858 10.5110
v  -0.0079 -2.4398 10.5064
v  -0.0593 -2.5980 10.5314
v  -0.0533 -2.5755 10.5254
v  -0.0414 -2.5304 10.5169
v  -0.0294 -2.4848 10.5112
v  -0.0883 -2.5943 10.5309
v  -0.0794 -2.5722 10.5250
v  -0.0617 -2.5278 10.5167
v  -0.0440 -2.4829 10.5113
v  -0.0218 -2.4386 10.5065
v  -0.1320 -2.5863 10.5305
v  -0.1188 -2.5649 10.5246
v  -0.0925 -2.5221 10.5163
v  -0.0660 -2.4788 10.5111
v  -0.0395 -2.4356 10.5065
v  -0.1746 -2.5666 10.5298
v  -0.1573 -2.5473 10.5237
v  -0.1225 -2.5083 10.5155
v  -0.0875 -2.4689 10.5105
v  -0.2062 -2.5342 10.5293
v  -0.1859 -2.5180 10.5228
v  -0.1450 -2.4854 10.5142
v  -0.1036 -2.4525 10.5094
v  -0.0574 -2.4245 10.5060
v  -0.2360 -2.4834 10.5294
v  -0.2126 -2.4722 10.5230
v  -0.1659 -2.4497 10.5133
v  -0.1187 -2.4270 10.5079
v  -0.2547 -2.4300 10.5288
v  -0.2296 -2.4247 10.5226
v  -0.1789 -2.4141 10.5130
v  -0.1277 -2.4034 10.5070
v  -0.0739 -2.3984 10.5047
v  -0.1531 0.6200 10.6112
v  -0.1546 0.6405 10.5920
v  -0.1546 0.6406 10.5496
v  -0.1546 0.6405 9.8446
v  -0.1546 0.6405 10.0270
v  -0.2889 0.5971 10.6090
v  -0.2924 0.6152 10.5894
v  -0.2924 0.6153 10.5474
v  -0.2924 0.6153 9.8446
v  -0.2924 0.6153 10.0270
v  -0.2473 0.6065 10.6099
v  -0.2510 0.6257 10.5904
v  -0.2510 0.6257 10.5481
v  -0.2510 0.6256 9.8446
v  -0.2510 0.6256 10.0270
v  -0.0000 -1.2253 10.4742
v  0.0000 -0.6483 9.8446
v  -0.1498 -2.1812 10.6450
v  -0.1593 -1.7655 10.6399
v  -0.1728 -1.1748 10.6326
v  -0.1866 -0.5704 10.6250
v  -0.1930 -0.2888 10.6215
v  -0.1998 0.0066 10.6179
v  -0.2052 0.2424 10.6149
v  -0.1458 -2.3570 10.6471
v  -0.1438 -2.4435 10.6482
v  -0.2650 -2.1812 10.6429
v  -0.2749 -1.7655 10.6377
v  -0.2890 -1.1748 10.6303
v  -0.3035 -0.5704 10.6226
v  -0.3102 -0.2888 10.6190
v  -0.3172 0.0066 10.6152
v  -0.3229 0.2424 10.6122
v  -0.2608 -2.3570 10.6451
v  -0.2587 -2.4435 10.6462
v  -0.0758 -2.1812 10.6458
v  -0.0769 -1.7655 10.6408
v  -0.0784 -1.1748 10.6337
v  -0.0800 -0.5704 10.6263
v  -0.0808 -0.2888 10.6229
v  -0.0815 0.0066 10.6194
v  -0.0822 0.2424 10.6165
v  -0.0753 -2.3570 10.6480
v  -0.0751 -2.4435 10.6490
v  -0.2092 0.4186 10.6127
v  -0.3271 0.4186 10.6100
v  -0.0826 0.4186 10.6144
v  -0.4439 0.1245 10.6099
v  -0.4622 0.1243 10.5906
v  -0.4622 0.1243 10.5483
v  -0.4621 0.1243 9.8446
v  -0.4621 0.1243 10.0270
v  -0.2025 0.1245 10.6164
v  -0.3201 0.1245 10.6137
v  -0.0819 0.1245 10.6179
v  -0.4373 -0.1411 10.6133
v  -0.4553 -0.1417 10.5938
v  -0.4553 -0.1417 10.5516
v  -0.4554 -0.1417 9.8446
v  -0.4554 -0.1417 10.0270
v  -0.1964 -0.1411 10.6197
v  -0.3137 -0.1411 10.6171
v  -0.0812 -0.1411 10.6211
v  -0.0000 -2.4435 10.6491
v  -0.0000 -2.6718 10.6315
v  0.0000 0.6284 10.6121
v  -0.0000 -2.6718 10.5886
v  -0.0000 -1.0886 10.4608
v  -0.0000 -2.6630 10.5648
v  -0.0000 -2.6232 10.5393
v  -0.0000 -2.5323 10.5170
v  -0.0000 -1.7655 10.6409
v  0.0000 0.1245 10.6182
v  -0.0834 0.6358 10.6095
v  -0.0834 0.6427 10.6032
v  -0.2148 0.6222 10.6079
v  -0.2161 0.6291 10.6013
v  -0.3393 0.5887 10.6047
v  -0.3421 0.5940 10.5982
v  -0.3821 0.5614 10.6039
v  -0.3864 0.5658 10.5975
v  -0.4353 0.4783 10.6026
v  -0.4407 0.4801 10.5961
v  -0.4468 0.4198 10.6029
v  -0.4524 0.4206 10.5964
v  -0.4518 0.3606 10.6034
v  -0.4574 0.3609 10.5969
v  -0.4535 0.3015 10.6042
v  -0.4593 0.3016 10.5977
v  -0.4546 0.2425 10.6047
v  -0.4602 0.2425 10.5982
v  -0.4515 0.0064 10.6080
v  -0.4575 0.0062 10.6014
v  -0.4416 -0.2891 10.6117
v  -0.4473 -0.2893 10.6051
v  -0.4288 -0.5709 10.6163
v  -0.4353 -0.5711 10.6098
v  -0.4023 -1.1753 10.6244
v  -0.4087 -1.1756 10.6178
v  -0.3725 -1.7660 10.6324
v  -0.3789 -1.7663 10.6259
v  -0.3405 -2.3572 10.6406
v  -0.3469 -2.3572 10.6341
v  -0.3337 -2.4445 10.6417
v  -0.3400 -2.4451 10.6352
v  -0.3282 -2.4875 10.6425
v  -0.3346 -2.4885 10.6359
v  -0.3243 -2.5089 10.6429
v  -0.3307 -2.5103 10.6364
v  -0.3189 -2.5302 10.6434
v  -0.3253 -2.5322 10.6368
v  -0.3114 -2.5510 10.6440
v  -0.3177 -2.5537 10.6374
v  -0.3013 -2.5711 10.6444
v  -0.3071 -2.5745 10.6378
v  -0.2895 -2.5874 10.6449
v  -0.2949 -2.5917 10.6384
v  -0.2761 -2.6020 10.6454
v  -0.2809 -2.6069 10.6388
v  -0.2613 -2.6152 10.6457
v  -0.2654 -2.6205 10.6391
v  -0.2451 -2.6267 10.6460
v  -0.2485 -2.6323 10.6393
v  -0.2276 -2.6361 10.6464
v  -0.2304 -2.6421 10.6398
v  -0.2088 -2.6436 10.6468
v  -0.2106 -2.6499 10.6402
v  -0.1786 -2.6502 10.6480
v  -0.1797 -2.6574 10.6415
v  -0.1406 -2.6549 10.6488
v  -0.1414 -2.6623 10.6422
v  -0.1079 -2.6579 10.6489
v  -0.1085 -2.6651 10.6424
v  -0.0752 -2.6598 10.6488
v  -0.0756 -2.6666 10.6421
v  -0.0426 -2.6611 10.6488
v  -0.0429 -2.6678 10.6423
v  -0.0197 -2.6620 10.6489
v  -0.0198 -2.6686 10.6423
v  -0.3503 -2.1813 10.6383
v  -0.3569 -2.1813 10.6319
v  -0.4179 0.5197 10.6030
v  -0.4230 0.5225 10.5965
v  -0.1540 0.6304 10.6086
v  -0.1545 0.6371 10.6022
v  -0.2907 0.6066 10.6057
v  -0.2919 0.6126 10.5992
v  -0.2492 0.6164 10.6070
v  -0.2504 0.6228 10.6005
v  -0.4534 0.1244 10.6067
v  -0.4594 0.1243 10.6003
v  -0.4468 -0.1414 10.6100
v  -0.4527 -0.1416 10.6035
v  -0.0000 -2.6622 10.6489
v  0.0000 0.6387 10.6094
v  -0.0867 0.6518 9.5733
v  -0.2175 0.6359 9.5733
v  -0.3420 0.5973 9.5733
v  -0.3878 0.5678 9.5733
v  -0.4260 0.5258 9.5732
v  -0.4478 0.4823 9.5732
v  -0.4658 0.4229 9.5732
v  -0.4768 0.3608 9.5733
v  -0.4831 0.3017 9.5733
v  -0.4871 0.2425 9.5733
v  -0.4878 0.0059 9.5733
v  -0.4726 -0.2897 9.5733
v  -0.4673 -0.3391 9.5733
v  -0.4390 -0.4800 9.5732
v  -0.3156 -0.6118 9.5728
v  -0.1753 -0.6445 9.5733
v  -0.4012 -0.5513 9.5733
v  -0.2559 -0.6302 9.5733
v  -0.0878 -0.6518 9.5733
v  -0.3694 -0.5821 9.5733
v  -0.4237 -0.5166 9.5733
v  -0.4576 -0.4071 9.5733
v  -0.1611 0.6448 9.5733
v  -0.2930 0.6170 9.5733
v  -0.2516 0.6285 9.5733
v  0.0000 -0.6537 9.5733
v  -0.4895 0.1242 9.5733
v  -0.4832 -0.1421 9.5733
v  -0.0848 0.6467 9.7087
v  -0.2168 0.6326 9.7087
v  -0.3434 0.5964 9.7087
v  -0.3882 0.5678 9.7087
v  -0.4250 0.5245 9.7087
v  -0.4435 0.4803 9.7087
v  -0.4565 0.4197 9.7087
v  -0.4623 0.3604 9.7087
v  -0.4646 0.3013 9.7087
v  -0.4657 0.2422 9.7087
v  -0.4634 0.0062 9.7087
v  -0.4527 -0.2891 9.7087
v  -0.4506 -0.3337 9.7087
v  -0.4336 -0.4739 9.7087
v  -0.3103 -0.6097 9.7087
v  -0.1714 -0.6397 9.7087
v  -0.3964 -0.5516 9.7087
v  -0.2503 -0.6266 9.7087
v  -0.0859 -0.6468 9.7087
v  -0.3649 -0.5815 9.7087
v  -0.4192 -0.5146 9.7087
v  -0.4458 -0.4045 9.7087
v  -0.1576 0.6408 9.7087
v  -0.2925 0.6155 9.7087
v  -0.2511 0.6260 9.7087
v  -0.4655 0.1243 9.7087
v  -0.4588 -0.1414 9.7087
v  0.0000 0.6491 9.7087
v  -0.0889 0.6658 9.4332
v  -0.2191 0.6441 9.4332
v  -0.3397 0.5990 9.4332
v  -0.3867 0.5687 9.4332
v  -0.4290 0.5296 9.4332
v  -0.4602 0.4880 9.4333
v  -0.4917 0.4334 9.4334
v  -0.5178 0.3735 9.4331
v  -0.5370 0.3124 9.4331
v  -0.5506 0.2502 9.4332
v  -0.5658 0.0033 9.4329
v  -0.5313 -0.2997 9.4340
v  -0.5167 -0.3520 9.4333
v  -0.4513 -0.4937 9.4331
v  -0.3147 -0.6143 9.4332
v  -0.1745 -0.6551 9.4332
v  -0.4019 -0.5552 9.4332
v  -0.2566 -0.6361 9.4332
v  -0.0852 -0.6661 9.4332
v  -0.3683 -0.5836 9.4332
v  -0.4274 -0.5270 9.4332
v  -0.4924 -0.4169 9.4336
v  -0.1622 0.6562 9.4332
v  -0.2939 0.6202 9.4332
v  -0.2528 0.6345 9.4332
v  0.0000 -0.6686 9.4332
v  -0.5649 0.1268 9.4334
v  -0.5599 -0.1438 9.4328
v  -0.0879 0.6793 9.3509
v  -0.2174 0.6517 9.3510
v  -0.3371 0.6007 9.3512
v  -0.3868 0.5697 9.3513
v  -0.4333 0.5333 9.3513
v  -0.4730 0.4955 9.3511
v  -0.5180 0.4432 9.3504
v  -0.5579 0.3870 9.3489
v  -0.5961 0.3203 9.3467
v  -0.6228 0.2603 9.3454
v  -0.6734 0.0008 9.3411
v  -0.5969 -0.3146 9.3469
v  -0.5679 -0.3682 9.3481
v  -0.4639 -0.5032 9.3513
v  -0.3097 -0.6159 9.3513
v  -0.1742 -0.6640 9.3513
v  -0.3997 -0.5602 9.3509
v  -0.2524 -0.6405 9.3510
v  -0.0835 -0.6797 9.3516
v  -0.3616 -0.5868 9.3510
v  -0.4307 -0.5347 9.3513
v  -0.5243 -0.4323 9.3501
v  -0.1632 0.6663 9.3511
v  -0.2945 0.6222 9.3515
v  -0.2540 0.6392 9.3513
v  0.0000 -0.6846 9.3506
v  -0.6607 0.1300 9.3429
v  -0.6550 -0.1528 9.3433
v  0.0000 0.6848 9.3507
v  -0.0832 0.6460 10.2886
v  -0.2167 0.6322 10.2878
v  -0.3434 0.5963 10.2867
v  -0.3885 0.5678 10.2862
v  -0.4429 0.4809 10.2858
v  -0.4547 0.4209 10.2860
v  -0.4598 0.3610 10.2862
v  -0.4618 0.3017 10.2866
v  -0.4626 0.2424 10.2869
v  -0.4600 0.0061 10.2884
v  -0.4497 -0.2895 10.2902
v  -0.4479 -0.3345 10.2901
v  -0.4252 0.5237 10.2859
v  -0.1546 0.6405 10.2883
v  -0.2924 0.6153 10.2872
v  -0.2510 0.6257 10.2875
v  -0.4622 0.1243 10.2876
v  -0.4554 -0.1417 10.2893
v  -0.0889 0.6832 9.3118
v  -0.2174 0.6538 9.3120
v  -0.3368 0.6010 9.3118
v  -0.3874 0.5695 9.3117
v  -0.4348 0.5344 9.3116
v  -0.4759 0.4982 9.3121
v  -0.5247 0.4463 9.3121
v  -0.5669 0.3914 9.3117
v  -0.6087 0.3227 9.3121
v  -0.6365 0.2634 9.3117
v  -0.6890 -0.0000 9.3111
v  -0.6110 -0.3182 9.3115
v  -0.5783 -0.3744 9.3120
v  -0.4680 -0.5056 9.3118
v  -0.3094 -0.6156 9.3120
v  -0.1746 -0.6663 9.3119
v  -0.4002 -0.5608 9.3118
v  -0.2517 -0.6413 9.3118
v  -0.0832 -0.6838 9.3118
v  -0.3606 -0.5869 9.3117
v  -0.4321 -0.5364 9.3120
v  -0.5332 -0.4362 9.3120
v  -0.1635 0.6691 9.3118
v  -0.2940 0.6231 9.3118
v  -0.2535 0.6405 9.3119
v  0.0000 -0.6893 9.3118
v  -0.6771 0.1272 9.3117
v  -0.6707 -0.1572 9.3114
v  -0.0889 0.6831 9.2322
v  -0.2174 0.6537 9.2322
v  -0.3368 0.6010 9.2322
v  -0.3874 0.5696 9.2322
v  -0.4347 0.5343 9.2322
v  -0.4758 0.4981 9.2322
v  -0.5246 0.4463 9.2322
v  -0.5668 0.3913 9.2322
v  -0.6086 0.3227 9.2322
v  -0.6365 0.2634 9.2322
v  -0.6890 -0.0000 9.2322
v  -0.6109 -0.3182 9.2322
v  -0.5783 -0.3744 9.2322
v  -0.4679 -0.5055 9.2322
v  -0.3093 -0.6155 9.2322
v  -0.1746 -0.6663 9.2322
v  -0.4001 -0.5607 9.2322
v  -0.2517 -0.6412 9.2322
v  -0.0832 -0.6839 9.2322
v  -0.3606 -0.5869 9.2322
v  -0.4322 -0.5365 9.2322
v  -0.5332 -0.4362 9.2322
v  -0.1635 0.6691 9.2322
v  -0.2939 0.6229 9.2322
v  -0.2535 0.6405 9.2322
v  0.0000 -0.6893 9.2322
v  -0.6770 0.1272 9.2322
v  -0.6706 -0.1572 9.2322
v  0.0000 0.6893 9.2322
v  -0.0884 0.6814 9.3380
v  -0.0887 0.6828 9.3249
v  -0.2175 0.6528 9.3380
v  -0.2175 0.6534 9.3250
v  -0.3369 0.6007 9.3380
v  -0.3369 0.6009 9.3249
v  -0.3869 0.5695 9.3381
v  -0.3872 0.5696 9.3249
v  -0.4340 0.5339 9.3381
v  -0.4345 0.5343 9.3249
v  -0.4745 0.4969 9.3382
v  -0.4755 0.4978 9.3252
v  -0.5214 0.4452 9.3379
v  -0.5237 0.4463 9.3251
v  -0.5626 0.3895 9.3371
v  -0.5656 0.3910 9.3247
v  -0.6026 0.3223 9.3361
v  -0.6068 0.3231 9.3246
v  -0.6301 0.2624 9.3354
v  -0.6346 0.2634 9.3242
v  -0.6817 0.0005 9.3328
v  -0.6869 0.0002 9.3228
v  -0.6042 -0.3170 9.3363
v  -0.6089 -0.3182 9.3245
v  -0.5734 -0.3715 9.3368
v  -0.5770 -0.3737 9.3249
v  -0.4659 -0.5046 9.3383
v  -0.4673 -0.5055 9.3251
v  -0.3096 -0.6158 9.3382
v  -0.3095 -0.6157 9.3251
v  -0.1745 -0.6654 9.3382
v  -0.1746 -0.6661 9.3251
v  -0.4000 -0.5606 9.3378
v  -0.4001 -0.5606 9.3248
v  -0.2522 -0.6409 9.3379
v  -0.2520 -0.6411 9.3249
v  -0.0835 -0.6818 9.3384
v  -0.0834 -0.6832 9.3251
v  -0.3612 -0.5869 9.3379
v  -0.3609 -0.5868 9.3248
v  -0.4314 -0.5355 9.3382
v  -0.4319 -0.5362 9.3251
v  -0.5287 -0.4347 9.3378
v  -0.5316 -0.4360 9.3251
v  -0.1634 0.6678 9.3380
v  -0.1635 0.6687 9.3250
v  -0.2944 0.6226 9.3382
v  -0.2942 0.6229 9.3250
v  -0.2539 0.6398 9.3381
v  -0.2537 0.6402 9.3250
v  0.0000 -0.6869 9.3378
v  0.0000 -0.6885 9.3248
v  -0.6693 0.1296 9.3340
v  -0.6747 0.1287 9.3236
v  -0.6635 -0.1550 9.3343
v  -0.6687 -0.1565 9.3236
v  -0.0887 0.6671 9.4238
v  -0.0880 0.6776 9.3603
v  -0.2188 0.6448 9.4238
v  -0.2175 0.6507 9.3603
v  -0.3394 0.5992 9.4238
v  -0.3374 0.6005 9.3605
v  -0.3867 0.5688 9.4239
v  -0.3868 0.5696 9.3606
v  -0.4294 0.5299 9.4239
v  -0.4328 0.5329 9.3606
v  -0.4616 0.4888 9.4239
v  -0.4713 0.4944 9.3604
v  -0.4945 0.4344 9.4239
v  -0.5147 0.4419 9.3598
v  -0.5220 0.3749 9.4233
v  -0.5530 0.3853 9.3583
v  -0.5428 0.3130 9.4226
v  -0.5890 0.3193 9.3563
v  -0.5579 0.2512 9.4223
v  -0.6141 0.2590 9.3550
v  -0.5768 0.0031 9.4211
v  -0.6601 0.0011 9.3504
v  -0.5383 -0.3013 9.4237
v  -0.5887 -0.3127 9.3562
v  -0.5218 -0.3536 9.4231
v  -0.5618 -0.3662 9.3576
v  -0.4525 -0.4947 9.4238
v  -0.4623 -0.5020 9.3606
v  -0.3142 -0.6146 9.4239
v  -0.3103 -0.6158 9.3607
v  -0.1745 -0.6560 9.4239
v  -0.1743 -0.6632 9.3607
v  -0.4017 -0.5558 9.4238
v  -0.3999 -0.5596 9.3602
v  -0.2561 -0.6366 9.4238
v  -0.2529 -0.6400 9.3604
v  -0.0850 -0.6674 9.4239
v  -0.0837 -0.6780 9.3609
v  -0.3676 -0.5840 9.4238
v  -0.3623 -0.5865 9.3604
v  -0.4278 -0.5279 9.4238
v  -0.4302 -0.5338 9.3606
v  -0.4957 -0.4185 9.4239
v  -0.5202 -0.4302 9.3593
v  -0.1623 0.6572 9.4238
v  -0.1631 0.6651 9.3604
v  -0.2939 0.6204 9.4239
v  -0.2944 0.6219 9.3608
v  -0.2529 0.6350 9.4239
v  -0.2538 0.6387 9.3606
v  -0.5744 0.1271 9.4217
v  -0.6487 0.1295 9.3521
v  -0.5694 -0.1446 9.4212
v  -0.6432 -0.1515 9.3524
v  0.0000 0.6710 9.4237
v  -0.0000 -2.6690 10.6422
v  0.0000 0.6483 10.5505
v  0.0000 -0.6545 10.0016
v  -0.0000 -0.9006 10.4075
v  -0.0000 -2.6447 10.5497
v  -0.0000 -2.3982 10.5033
v  0.0000 -0.2888 10.6232
v  0.0000 -0.1411 10.6214
v  -0.0000 -2.3570 10.6480
v  -0.6656 -0.0762 9.3439
v  -0.6432 0.1955 9.3456
v  -0.6681 0.0655 9.3433
v  -0.6283 -0.2345 9.3475
v  -0.6843 -0.0791 9.3116
v  -0.6603 0.1964 9.3120
v  -0.6859 0.0639 9.3117
v  -0.6459 -0.2396 9.3119
v  -0.6841 -0.0790 9.2322
v  -0.6604 0.1964 9.2322
v  -0.6860 0.0639 9.2322
v  -0.6459 -0.2396 9.2322
v  -0.6815 -0.0786 9.3244
v  -0.6752 -0.0775 9.3354
v  -0.6579 0.1970 9.3249
v  -0.6520 0.1967 9.3362
v  -0.6835 0.0647 9.3241
v  -0.6774 0.0652 9.3348
v  -0.6435 -0.2391 9.3256
v  -0.6373 -0.2373 9.3376
v  -0.6542 -0.0755 9.3523
v  -0.6338 0.1948 9.3542
v  -0.6560 0.0654 9.3520
v  -0.6188 -0.2330 9.3562
v  -0.5783 -0.3745 9.3020
v  -0.6110 -0.3182 9.3015
v  -0.6459 -0.2396 9.3019
v  -0.6707 -0.1572 9.3014
v  -0.6843 -0.0792 9.3016
v  -0.6890 -0.0000 9.3011
v  -0.6859 0.0639 9.3017
v  -0.6771 0.1272 9.3017
v  -0.6603 0.1964 9.3020
v  -0.6365 0.2634 9.3017
v  -0.6087 0.3227 9.3021
v  -0.5669 0.3914 9.3017
v  -0.5247 0.4463 9.3021
v  -0.4760 0.4981 9.3021
v  -0.4348 0.5344 9.3016
v  -0.3874 0.5696 9.3017
v  -0.3368 0.6010 9.3018
v  -0.2940 0.6231 9.3018
v  -0.2535 0.6405 9.3019
v  -0.2174 0.6538 9.3020
v  -0.1635 0.6691 9.3018
v  -0.0889 0.6832 9.3018
v  0.0000 0.6893 9.3018
v  -0.0832 -0.6839 9.3018
v  -0.1746 -0.6664 9.3019
v  -0.2517 -0.6413 9.3018
v  -0.3093 -0.6155 9.3020
v  -0.3606 -0.5869 9.3017
v  -0.4002 -0.5607 9.3018
v  -0.4321 -0.5364 9.3020
v  -0.4679 -0.5055 9.3018
v  -0.5332 -0.4362 9.3020
v  -0.6109 -0.3182 9.2422
v  -0.5783 -0.3744 9.2422
v  -0.5332 -0.4362 9.2422
v  -0.4679 -0.5055 9.2422
v  -0.4322 -0.5365 9.2422
v  -0.4001 -0.5607 9.2422
v  -0.3606 -0.5869 9.2422
v  -0.3093 -0.6155 9.2422
v  -0.2517 -0.6412 9.2422
v  -0.1746 -0.6663 9.2422
v  -0.0832 -0.6839 9.2422
v  0.0000 -0.6893 9.2422
v  0.0000 0.6893 9.2422
v  -0.0889 0.6831 9.2422
v  -0.1635 0.6691 9.2422
v  -0.2174 0.6537 9.2422
v  -0.2535 0.6405 9.2422
v  -0.2939 0.6229 9.2422
v  -0.3368 0.6010 9.2422
v  -0.3874 0.5696 9.2422
v  -0.4347 0.5343 9.2422
v  -0.4758 0.4981 9.2422
v  -0.5246 0.4463 9.2422
v  -0.5668 0.3913 9.2422
v  -0.6086 0.3227 9.2422
v  -0.6365 0.2634 9.2422
v  -0.6604 0.1964 9.2422
v  -0.6770 0.1272 9.2422
v  -0.6860 0.0639 9.2422
v  -0.6890 -0.0000 9.2422
v  -0.6842 -0.0791 9.2422
v  -0.6706 -0.1572 9.2422
v  -0.6459 -0.2396 9.2420
v  0.0195 -2.6516 10.6517
v  0.0422 -2.6508 10.6516
v  0.0197 -2.6620 10.6489
v  0.0198 -2.6686 10.6423
v  0.0426 -2.6611 10.6488
v  0.0429 -2.6678 10.6423
v  0.0752 -2.6598 10.6488
v  0.0756 -2.6666 10.6421
v  0.1079 -2.6579 10.6489
v  0.1085 -2.6651 10.6424
v  0.1406 -2.6549 10.6488
v  0.1414 -2.6623 10.6422
v  0.1786 -2.6502 10.6480
v  0.1797 -2.6574 10.6415
v  0.2088 -2.6436 10.6468
v  0.2106 -2.6499 10.6402
v  0.2276 -2.6361 10.6464
v  0.2304 -2.6421 10.6398
v  0.2451 -2.6267 10.6460
v  0.2485 -2.6323 10.6393
v  0.2613 -2.6152 10.6457
v  0.2654 -2.6205 10.6391
v  0.2761 -2.6020 10.6454
v  0.2809 -2.6069 10.6388
v  0.2895 -2.5874 10.6449
v  0.2949 -2.5917 10.6384
v  0.3013 -2.5711 10.6444
v  0.3071 -2.5745 10.6378
v  0.3114 -2.5510 10.6440
v  0.3177 -2.5537 10.6374
v  0.3189 -2.5302 10.6434
v  0.3253 -2.5322 10.6368
v  0.3243 -2.5089 10.6429
v  0.3307 -2.5103 10.6364
v  0.3282 -2.4875 10.6425
v  0.3346 -2.4885 10.6359
v  0.3337 -2.4445 10.6417
v  0.3400 -2.4451 10.6352
v  0.3405 -2.3572 10.6406
v  0.3469 -2.3572 10.6341
v  0.3503 -2.1813 10.6383
v  0.3569 -2.1813 10.6319
v  0.4023 -1.1753 10.6244
v  0.4087 -1.1756 10.6178
v  0.3789 -1.7663 10.6259
v  0.3725 -1.7660 10.6324
v  0.4288 -0.5709 10.6163
v  0.4353 -0.5711 10.6098
v  0.4416 -0.2891 10.6117
v  0.4473 -0.2893 10.6051
v  0.4468 -0.1414 10.6100
v  0.4527 -0.1416 10.6035
v  0.4534 0.1244 10.6067
v  0.4594 0.1243 10.6003
v  0.4575 0.0062 10.6014
v  0.4515 0.0064 10.6080
v  0.0000 0.6453 10.6029
v  0.0834 0.6427 10.6032
v  0.0834 0.6358 10.6095
v  0.4535 0.3015 10.6042
v  0.4593 0.3016 10.5977
v  0.4602 0.2425 10.5982
v  0.4546 0.2425 10.6047
v  0.4518 0.3606 10.6034
v  0.4574 0.3609 10.5969
v  0.1540 0.6304 10.6086
v  0.1545 0.6371 10.6022
v  0.2161 0.6291 10.6013
v  0.2148 0.6222 10.6079
v  0.4468 0.4198 10.6029
v  0.4524 0.4206 10.5964
v  0.4353 0.4783 10.6026
v  0.4407 0.4801 10.5961
v  0.2907 0.6066 10.6057
v  0.2919 0.6126 10.5992
v  0.3421 0.5940 10.5982
v  0.3393 0.5887 10.6047
v  0.4179 0.5197 10.6030
v  0.4230 0.5225 10.5965
v  0.3821 0.5614 10.6039
v  0.3864 0.5658 10.5975
v  0.0199 -2.6715 10.6320
v  0.0199 -2.6715 10.5887
v  0.0431 -2.6710 10.6321
v  0.0431 -2.6710 10.5886
v  0.0758 -2.6700 10.6318
v  0.0758 -2.6700 10.5885
v  0.1089 -2.6684 10.6315
v  0.1089 -2.6684 10.5885
v  0.1417 -2.6658 10.6313
v  0.1417 -2.6658 10.5887
v  0.1800 -2.6607 10.6307
v  0.1800 -2.6606 10.5885
v  0.2113 -2.6530 10.6301
v  0.2113 -2.6529 10.5883
v  0.2315 -2.6449 10.6296
v  0.2315 -2.6449 10.5882
v  0.2501 -2.6350 10.6290
v  0.2500 -2.6349 10.5882
v  0.2673 -2.6230 10.6287
v  0.2672 -2.6229 10.5879
v  0.2832 -2.6093 10.6285
v  0.2831 -2.6093 10.5877
v  0.2972 -2.5937 10.6280
v  0.2973 -2.5938 10.5874
v  0.3097 -2.5761 10.6275
v  0.3096 -2.5760 10.5873
v  0.3204 -2.5549 10.6270
v  0.3202 -2.5548 10.5868
v  0.3280 -2.5332 10.6264
v  0.3277 -2.5331 10.5863
v  0.3335 -2.5109 10.6261
v  0.3332 -2.5109 10.5859
v  0.3374 -2.4889 10.6257
v  0.3374 -2.4889 10.5858
v  0.3428 -2.4454 10.6252
v  0.3428 -2.4454 10.5853
v  0.3497 -2.3570 10.6239
v  0.3599 -2.1812 10.6218
v  0.3818 -1.7665 10.6160
v  0.4116 -1.1757 10.6077
v  0.4116 -1.1757 10.5661
v  0.4382 -0.5713 10.6000
v  0.4382 -0.5713 10.5578
v  0.4497 -0.2895 10.5954
v  0.4497 -0.2895 10.5534
v  0.4553 -0.1417 10.5938
v  0.4553 -0.1417 10.5516
v  0.4600 0.0061 10.5917
v  0.4622 0.1243 10.5906
v  0.4622 0.1243 10.5483
v  0.4600 0.0061 10.5497
v  0.0832 0.6460 10.5931
v  0.0000 0.6483 10.5925
v  0.0832 0.6460 10.5503
v  0.4625 0.2424 10.5888
v  0.4618 0.3017 10.5881
v  0.4618 0.3017 10.5462
v  0.4625 0.2424 10.5468
v  0.4598 0.3610 10.5875
v  0.4598 0.3610 10.5455
v  0.2167 0.6322 10.5907
v  0.1546 0.6405 10.5920
v  0.1546 0.6406 10.5496
v  0.2167 0.6322 10.5486
v  0.4547 0.4209 10.5870
v  0.4547 0.4209 10.5450
v  0.4428 0.4808 10.5866
v  0.4429 0.4809 10.5446
v  0.3434 0.5962 10.5887
v  0.2924 0.6152 10.5894
v  0.2924 0.6153 10.5474
v  0.3434 0.5962 10.5464
v  0.4252 0.5237 10.5870
v  0.4252 0.5237 10.5448
v  0.3885 0.5678 10.5880
v  0.3885 0.5678 10.5454
v  0.4338 -0.6790 10.5253
v  0.4383 -0.5710 10.4789
v  0.4554 -0.1417 10.2893
v  0.4497 -0.2895 10.2902
v  0.4622 0.1243 10.2876
v  0.4600 0.0061 10.2884
v  0.0000 0.6483 10.2887
v  0.0832 0.6460 10.2886
v  0.4618 0.3017 10.2866
v  0.4626 0.2424 10.2869
v  0.4598 0.3610 10.2862
v  0.1546 0.6405 10.2883
v  0.2167 0.6322 10.2878
v  0.4547 0.4209 10.2860
v  0.4429 0.4809 10.2858
v  0.2924 0.6153 10.2872
v  0.3434 0.5963 10.2867
v  0.4252 0.5237 10.2859
v  0.3885 0.5678 10.2862
v  0.4427 -0.4634 10.3862
v  0.4274 -0.8277 10.5518
v  0.4221 -0.9462 10.5600
v  0.4451 -0.4038 10.2889
v  0.4479 -0.3345 10.2901
v  0.4600 0.0061 10.0270
v  0.4600 0.0061 9.8446
v  0.4554 -0.1417 9.8446
v  0.4554 -0.1417 10.0270
v  0.4626 0.2424 10.0270
v  0.4625 0.2424 9.8446
v  0.4621 0.1243 9.8446
v  0.4621 0.1243 10.0270
v  0.4618 0.3017 10.0270
v  0.4618 0.3017 9.8446
v  0.4598 0.3610 10.0270
v  0.4598 0.3610 9.8446
v  0.0832 0.6461 10.0270
v  0.0832 0.6461 9.8446
v  0.1546 0.6405 9.8446
v  0.1546 0.6405 10.0270
v  0.4548 0.4209 10.0270
v  0.4547 0.4209 9.8446
v  0.4429 0.4809 10.0270
v  0.4429 0.4809 9.8446
v  0.2167 0.6322 10.0270
v  0.2167 0.6321 9.8446
v  0.2510 0.6256 9.8446
v  0.2510 0.6256 10.0270
v  0.3885 0.5678 10.0270
v  0.3884 0.5677 9.8446
v  0.4252 0.5237 9.8446
v  0.4253 0.5237 10.0270
v  0.3434 0.5963 10.0270
v  0.3434 0.5963 9.8446
v  0.4497 -0.2895 10.0270
v  0.4497 -0.2895 9.8446
v  0.4479 -0.3343 9.8446
v  0.4477 -0.3405 10.0270
v  0.4470 -0.3587 10.1486
v  0.4432 -0.4055 9.8447
v  0.4413 -0.4173 10.0242
v  0.4402 -0.4340 10.1402
v  0.4380 -0.4748 10.2714
v  0.4355 -0.5281 10.3648
v  0.4305 -0.6331 10.4593
v  0.4253 -0.7298 10.5025
v  0.4178 -0.8771 10.5314
v  0.4124 -0.9781 10.5388
v  0.4018 -1.1791 10.5446
v  0.4241 -0.4925 10.0215
v  0.4304 -0.4755 9.8448
v  0.4146 -0.5164 9.8448
v  0.4070 -0.5284 10.0171
v  0.4224 -0.5075 10.1321
v  0.4049 -0.5428 10.1251
v  0.4197 -0.5439 10.2545
v  0.4016 -0.5785 10.2447
v  0.4174 -0.5909 10.3445
v  0.3990 -0.6247 10.3323
v  0.4118 -0.6934 10.4417
v  0.3927 -0.7243 10.4291
v  0.4064 -0.7791 10.4831
v  0.3864 -0.8068 10.4703
v  0.3984 -0.9254 10.5157
v  0.3779 -0.9498 10.5044
v  0.3938 -1.0094 10.5233
v  0.3716 -1.0302 10.5120
v  0.3828 -1.1817 10.5295
v  0.3572 -1.1896 10.5177
v  0.2992 -0.6108 10.0010
v  0.3037 -0.6078 9.8444
v  0.2451 -0.6248 9.8439
v  0.2428 -0.6283 9.9985
v  0.2970 -0.6244 10.1030
v  0.2409 -0.6424 10.0993
v  0.2937 -0.6598 10.2191
v  0.2381 -0.6782 10.2131
v  0.2909 -0.7046 10.3010
v  0.2357 -0.7230 10.2931
v  0.2848 -0.7943 10.3924
v  0.2306 -0.8104 10.3827
v  0.2792 -0.8701 10.4356
v  0.2260 -0.8839 10.4259
v  0.2698 -0.9993 10.4726
v  0.2178 -1.0090 10.4638
v  0.2647 -1.0732 10.4827
v  0.2138 -1.0816 10.4747
v  0.2531 -1.2188 10.4928
v  0.2045 -1.2239 10.4861
v  0.1679 -0.6381 9.8434
v  0.0842 -0.6458 9.8438
v  0.0836 -0.6513 9.9997
v  0.1662 -0.6427 9.9985
v  0.0828 -0.6670 10.0987
v  0.1648 -0.6577 10.0982
v  0.0817 -0.7029 10.2049
v  0.1627 -0.6937 10.2081
v  0.0811 -0.7470 10.2812
v  0.1612 -0.7382 10.2860
v  0.0794 -0.8315 10.3685
v  0.1575 -0.8240 10.3743
v  0.0767 -0.8993 10.4104
v  0.1535 -0.8945 10.4167
v  0.0740 -1.0175 10.4503
v  0.1475 -1.0159 10.4557
v  0.0725 -1.0892 10.4627
v  0.1444 -1.0877 10.4674
v  0.0688 -1.2255 10.4759
v  0.1371 -1.2252 10.4797
v  0.3903 -0.5529 9.8447
v  0.3577 -0.5812 9.8447
v  0.3517 -0.5852 10.0061
v  0.3827 -0.5601 10.0114
v  0.3492 -0.5987 10.1099
v  0.3803 -0.5740 10.1170
v  0.3454 -0.6337 10.2274
v  0.3766 -0.6091 10.2352
v  0.3422 -0.6788 10.3112
v  0.3736 -0.6545 10.3206
v  0.3355 -0.7716 10.4048
v  0.3668 -0.7503 10.4158
v  0.3294 -0.8493 10.4478
v  0.3601 -0.8301 10.4579
v  0.3197 -0.9837 10.4838
v  0.3506 -0.9686 10.4934
v  0.3139 -1.0594 10.4929
v  0.3443 -1.0464 10.5016
v  0.3005 -1.2088 10.5014
v  0.3296 -1.1994 10.5086
v  0.0000 -0.6704 10.1006
v  0.0000 -0.7061 10.2038
v  0.0000 -0.7501 10.2795
v  -0.0000 -0.8344 10.3663
v  -0.0000 -1.0165 10.4478
v  0.3708 -1.4222 10.5339
v  0.3900 -1.4196 10.5484
v  0.2409 -1.4592 10.4999
v  0.2883 -1.4493 10.5079
v  -0.0000 -1.4657 10.4842
v  0.0569 -1.4659 10.4853
v  0.1251 -1.4656 10.4884
v  0.1923 -1.4643 10.4939
v  0.3174 -1.4399 10.5145
v  0.3450 -1.4301 10.5229
v  0.3995 -1.4163 10.5698
v  0.3534 -1.7725 10.5385
v  0.3727 -1.7699 10.5533
v  0.2229 -1.8095 10.5054
v  0.2704 -1.7996 10.5128
v  -0.0000 -1.8159 10.4925
v  0.0389 -1.8161 10.4928
v  0.1070 -1.8158 10.4952
v  0.1743 -1.8146 10.4999
v  0.2996 -1.7902 10.5192
v  0.3274 -1.7803 10.5273
v  0.3819 -1.7665 10.5753
v  0.3328 -2.1812 10.5420
v  0.3519 -2.1812 10.5584
v  0.2011 -2.1812 10.5072
v  0.2493 -2.1812 10.5145
v  -0.0000 -2.1812 10.4968
v  0.0169 -2.1812 10.4970
v  0.0852 -2.1812 10.4985
v  0.1527 -2.1812 10.5024
v  0.2787 -2.1812 10.5210
v  0.3067 -2.1812 10.5297
v  0.3599 -2.1812 10.5814
v  0.3190 -2.3570 10.5468
v  0.3380 -2.3570 10.5612
v  0.1874 -2.3570 10.5117
v  0.2385 -2.3570 10.5203
v  -0.0000 -2.3570 10.5011
v  0.0785 -2.3570 10.5024
v  0.1359 -2.3570 10.5056
v  0.2676 -2.3570 10.5271
v  0.2951 -2.3570 10.5359
v  0.3497 -2.3570 10.5840
v  0.0311 -2.6619 10.5651
v  0.0306 -2.6441 10.5501
v  0.0727 -2.6600 10.5654
v  0.0692 -2.6421 10.5503
v  0.1055 -2.6573 10.5652
v  0.1016 -2.6387 10.5499
v  0.1385 -2.6535 10.5655
v  0.1345 -2.6343 10.5500
v  0.1747 -2.6466 10.5655
v  0.1682 -2.6265 10.5500
v  0.2035 -2.6370 10.5655
v  0.1941 -2.6158 10.5498
v  0.2214 -2.6282 10.5659
v  0.2094 -2.6073 10.5499
v  0.2371 -2.6180 10.5662
v  0.2221 -2.5977 10.5500
v  0.2518 -2.6065 10.5661
v  0.2341 -2.5869 10.5503
v  0.2649 -2.5940 10.5662
v  0.2444 -2.5761 10.5502
v  0.2773 -2.5796 10.5661
v  0.2547 -2.5633 10.5502
v  0.2886 -2.5633 10.5655
v  0.2646 -2.5486 10.5497
v  0.2990 -2.5444 10.5648
v  0.2741 -2.5323 10.5493
v  0.3077 -2.5244 10.5635
v  0.2829 -2.5140 10.5487
v  0.3144 -2.5040 10.5628
v  0.2901 -2.4957 10.5482
v  0.3197 -2.4837 10.5624
v  0.2959 -2.4775 10.5478
v  0.3272 -2.4430 10.5617
v  0.3048 -2.4397 10.5471
v  0.0301 -2.6224 10.5394
v  0.0653 -2.6203 10.5392
v  0.0971 -2.6162 10.5387
v  0.1297 -2.6115 10.5387
v  0.1605 -2.6032 10.5385
v  0.1832 -2.5921 10.5381
v  0.2005 -2.5798 10.5379
v  0.2185 -2.5614 10.5377
v  0.2346 -2.5393 10.5375
v  0.2518 -2.5108 10.5373
v  0.2666 -2.4783 10.5370
v  0.2795 -2.4355 10.5363
v  0.0135 -2.4858 10.5110
v  -0.0000 -2.4862 10.5110
v  0.0190 -2.5318 10.5171
v  0.0294 -2.4848 10.5112
v  0.0414 -2.5304 10.5169
v  0.0440 -2.4829 10.5113
v  0.0617 -2.5278 10.5167
v  0.0660 -2.4788 10.5111
v  0.0925 -2.5221 10.5163
v  0.0875 -2.4689 10.5105
v  0.1225 -2.5083 10.5155
v  0.1036 -2.4525 10.5094
v  0.1450 -2.4854 10.5142
v  0.1187 -2.4270 10.5079
v  0.1659 -2.4497 10.5133
v  0.1277 -2.4034 10.5070
v  0.1789 -2.4141 10.5130
v  0.2547 -2.4300 10.5288
v  0.0079 -2.4398 10.5064
v  -0.0000 -2.4400 10.5064
v  -0.0000 -2.6006 10.5318
v  0.0274 -2.6000 10.5316
v  -0.0000 -2.5779 10.5259
v  0.0246 -2.5773 10.5257
v  0.0218 -2.4386 10.5065
v  0.0593 -2.5980 10.5314
v  0.0533 -2.5755 10.5254
v  0.0883 -2.5943 10.5309
v  0.0794 -2.5722 10.5250
v  0.0395 -2.4356 10.5065
v  0.1320 -2.5863 10.5305
v  0.1188 -2.5649 10.5246
v  0.0574 -2.4245 10.5060
v  0.1746 -2.5666 10.5298
v  0.1573 -2.5473 10.5237
v  0.2062 -2.5342 10.5293
v  0.1859 -2.5180 10.5228
v  0.0739 -2.3984 10.5047
v  0.2360 -2.4834 10.5294
v  0.2126 -2.4722 10.5230
v  0.2296 -2.4247 10.5226
v  -0.0000 -2.1812 10.6459
v  0.0769 -1.7655 10.6408
v  0.0758 -2.1812 10.6458
v  0.2492 0.6164 10.6070
v  0.2504 0.6228 10.6005
v  0.2510 0.6257 10.5904
v  0.2510 0.6257 10.5481
v  0.2510 0.6257 10.2875
v  0.2924 0.6153 9.8446
v  0.2924 0.6153 10.0270
v  0.0000 0.6483 9.8446
v  0.0000 0.6483 10.0270
v  -0.0000 -1.1748 10.6338
v  0.0784 -1.1748 10.6337
v  0.0000 -0.5705 10.6266
v  0.0800 -0.5704 10.6263
v  0.0808 -0.2888 10.6229
v  0.0812 -0.1411 10.6211
v  0.0000 0.0065 10.6196
v  0.0819 0.1245 10.6179
v  0.0815 0.0066 10.6194
v  0.0000 0.2424 10.6168
v  0.0000 0.4186 10.6147
v  0.0826 0.4186 10.6144
v  0.0822 0.2424 10.6165
v  0.0753 -2.3570 10.6480
v  0.0751 -2.4435 10.6490
v  0.1438 -2.4435 10.6482
v  0.1768 -2.6391 10.6502
v  0.1393 -2.6434 10.6507
v  0.1593 -1.7655 10.6399
v  0.2749 -1.7655 10.6377
v  0.2650 -2.1812 10.6429
v  0.1498 -2.1812 10.6450
v  0.1728 -1.1748 10.6326
v  0.2890 -1.1748 10.6303
v  0.1866 -0.5704 10.6250
v  0.3035 -0.5704 10.6226
v  0.1930 -0.2888 10.6215
v  0.3102 -0.2888 10.6190
v  0.1998 0.0066 10.6179
v  0.3172 0.0066 10.6152
v  0.3137 -0.1411 10.6171
v  0.1964 -0.1411 10.6197
v  0.2052 0.2424 10.6149
v  0.3229 0.2424 10.6122
v  0.3201 0.1245 10.6137
v  0.2025 0.1245 10.6164
v  0.2136 0.6112 10.6103
v  0.2473 0.6065 10.6099
v  0.2092 0.4186 10.6127
v  0.2608 -2.3570 10.6451
v  0.1458 -2.3570 10.6471
v  0.2587 -2.4435 10.6462
v  0.2686 -2.5945 10.6480
v  0.2548 -2.6070 10.6485
v  0.3627 -1.7655 10.6355
v  0.3401 -2.1811 10.6412
v  0.3924 -1.1748 10.6274
v  0.4188 -0.5705 10.6192
v  0.4325 -0.2888 10.6153
v  0.4421 0.0065 10.6114
v  0.4373 -0.1411 10.6133
v  0.4456 0.2424 10.6083
v  0.4439 0.1245 10.6099
v  0.3349 0.5802 10.6080
v  0.3756 0.5543 10.6071
v  0.3271 0.4186 10.6100
v  0.3305 -2.3570 10.6436
v  0.3238 -2.4435 10.6448
v  0.1069 -2.6469 10.6511
v  0.0746 -2.6492 10.6515
v  0.0831 0.6253 10.6119
v  0.1531 0.6200 10.6112
v  0.4379 0.4186 10.6065
v  0.4429 0.3601 10.6070
v  0.4443 0.3013 10.6077
v  0.4268 0.4756 10.6062
v  0.4100 0.5151 10.6064
v  0.2889 0.5971 10.6090
v  0.3182 -2.4861 10.6455
v  0.3142 -2.5068 10.6458
v  0.3090 -2.5272 10.6462
v  0.3016 -2.5470 10.6466
v  0.2923 -2.5659 10.6471
v  0.2813 -2.5809 10.6476
v  0.2396 -2.6178 10.6489
v  0.2232 -2.6269 10.6494
v  0.2059 -2.6339 10.6498
v  -0.0000 -2.6516 10.6517
v  0.4527 -0.2891 9.7087
v  0.4506 -0.3337 9.7087
v  0.4634 0.0062 9.7087
v  0.4588 -0.1414 9.7087
v  0.4657 0.2422 9.7087
v  0.4655 0.1243 9.7087
v  0.4646 0.3013 9.7087
v  0.0848 0.6467 9.7087
v  0.1576 0.6408 9.7087
v  0.4623 0.3604 9.7087
v  0.4566 0.4197 9.7087
v  0.2168 0.6326 9.7087
v  0.2510 0.6259 9.7087
v  0.4436 0.4803 9.7087
v  0.3882 0.5679 9.7087
v  0.4250 0.5245 9.7087
v  0.3434 0.5964 9.7087
v  0.4458 -0.4045 9.7087
v  0.4335 -0.4739 9.7087
v  0.4192 -0.5145 9.7087
v  0.3103 -0.6097 9.7087
v  0.2503 -0.6266 9.7087
v  0.1714 -0.6397 9.7087
v  0.0859 -0.6468 9.7087
v  0.3964 -0.5516 9.7087
v  0.3649 -0.5815 9.7087
v  0.0000 -0.6488 9.7087
v  0.2925 0.6155 9.7087
v  0.4726 -0.2897 9.5733
v  0.4673 -0.3391 9.5733
v  0.4878 0.0059 9.5733
v  0.4832 -0.1421 9.5733
v  0.4873 0.2425 9.5734
v  0.4896 0.1242 9.5734
v  0.4831 0.3017 9.5733
v  0.0867 0.6517 9.5732
v  0.1611 0.6447 9.5732
v  0.4769 0.3609 9.5733
v  0.4659 0.4229 9.5732
v  0.2174 0.6357 9.5732
v  0.2515 0.6283 9.5732
v  0.4478 0.4823 9.5732
v  0.3879 0.5679 9.5733
v  0.4260 0.5258 9.5732
v  0.3420 0.5973 9.5733
v  0.4575 -0.4071 9.5732
v  0.4390 -0.4800 9.5732
v  0.4236 -0.5165 9.5732
v  0.3156 -0.6119 9.5728
v  0.2559 -0.6303 9.5733
v  0.1753 -0.6445 9.5733
v  0.0878 -0.6518 9.5733
v  0.4010 -0.5512 9.5732
v  0.3693 -0.5820 9.5733
v  0.2930 0.6170 9.5733
v  0.0000 0.6546 9.5733
v  0.5313 -0.2997 9.4340
v  0.5167 -0.3520 9.4333
v  0.5658 0.0033 9.4329
v  0.5597 -0.1438 9.4327
v  0.5507 0.2503 9.4332
v  0.5651 0.1268 9.4335
v  0.5370 0.3124 9.4331
v  0.0888 0.6656 9.4331
v  0.1622 0.6562 9.4332
v  0.5179 0.3735 9.4331
v  0.4920 0.4335 9.4335
v  0.2190 0.6437 9.4331
v  0.2527 0.6343 9.4332
v  0.4607 0.4883 9.4334
v  0.3869 0.5689 9.4332
v  0.4290 0.5296 9.4332
v  0.3397 0.5990 9.4332
v  0.4918 -0.4167 9.4334
v  0.4512 -0.4936 9.4331
v  0.4272 -0.5268 9.4331
v  0.3148 -0.6144 9.4332
v  0.2566 -0.6362 9.4332
v  0.1746 -0.6553 9.4332
v  0.0852 -0.6661 9.4332
v  0.4019 -0.5551 9.4332
v  0.3682 -0.5834 9.4332
v  0.2938 0.6200 9.4332
v  0.0000 0.6695 9.4332
v  0.5379 -0.3012 9.4233
v  0.5887 -0.3127 9.3562
v  0.5618 -0.3662 9.3576
v  0.5218 -0.3536 9.4231
v  0.5768 0.0031 9.4211
v  0.6601 0.0011 9.3504
v  0.6542 -0.0755 9.3523
v  0.5693 -0.1446 9.4212
v  0.5583 0.2513 9.4227
v  0.6141 0.2590 9.3550
v  0.6338 0.1948 9.3542
v  0.5744 0.1271 9.4217
v  0.5428 0.3130 9.4226
v  0.5890 0.3193 9.3563
v  0.0887 0.6669 9.4237
v  0.0880 0.6776 9.3603
v  0.1631 0.6651 9.3604
v  0.1623 0.6572 9.4238
v  0.5220 0.3749 9.4233
v  0.5530 0.3853 9.3583
v  0.4948 0.4345 9.4240
v  0.5147 0.4419 9.3598
v  0.2188 0.6445 9.4238
v  0.2176 0.6508 9.3603
v  0.2538 0.6387 9.3606
v  0.2529 0.6347 9.4238
v  0.4620 0.4891 9.4240
v  0.4713 0.4944 9.3604
v  0.3868 0.5690 9.4239
v  0.3868 0.5696 9.3606
v  0.4328 0.5329 9.3606
v  0.4294 0.5299 9.4239
v  0.3394 0.5992 9.4238
v  0.3374 0.6005 9.3605
v  0.5202 -0.4302 9.3593
v  0.4950 -0.4181 9.4236
v  0.4525 -0.4946 9.4238
v  0.4623 -0.5020 9.3606
v  0.4302 -0.5338 9.3606
v  0.4275 -0.5276 9.4238
v  0.3142 -0.6146 9.4239
v  0.3103 -0.6158 9.3607
v  0.2529 -0.6400 9.3604
v  0.2561 -0.6367 9.4238
v  0.1745 -0.6563 9.4239
v  0.1743 -0.6632 9.3607
v  0.0837 -0.6780 9.3609
v  0.0850 -0.6674 9.4239
v  0.4016 -0.5557 9.4238
v  0.3999 -0.5596 9.3602
v  0.3623 -0.5865 9.3604
v  0.3675 -0.5839 9.4238
v  0.0000 -0.6826 9.3600
v  0.0000 -0.6702 9.4237
v  0.2939 0.6202 9.4239
v  0.2945 0.6220 9.3608
v  0.0000 0.6829 9.3600
v  0.6487 0.1295 9.3521
v  0.6560 0.0654 9.3520
v  0.6432 -0.1515 9.3524
v  0.6188 -0.2330 9.3562
v  0.6042 -0.3170 9.3363
v  0.6089 -0.3182 9.3245
v  0.5770 -0.3737 9.3249
v  0.5734 -0.3715 9.3369
v  0.6817 0.0005 9.3328
v  0.6869 0.0002 9.3228
v  0.6815 -0.0786 9.3244
v  0.6752 -0.0775 9.3354
v  0.6301 0.2624 9.3354
v  0.6346 0.2634 9.3242
v  0.6579 0.1970 9.3249
v  0.6520 0.1967 9.3362
v  0.6026 0.3223 9.3361
v  0.6068 0.3231 9.3246
v  0.0884 0.6814 9.3380
v  0.0887 0.6828 9.3249
v  0.1635 0.6687 9.3250
v  0.1634 0.6678 9.3380
v  0.5626 0.3895 9.3371
v  0.5656 0.3910 9.3247
v  0.5214 0.4452 9.3379
v  0.5237 0.4463 9.3251
v  0.2175 0.6528 9.3380
v  0.2175 0.6534 9.3250
v  0.2537 0.6402 9.3250
v  0.2539 0.6398 9.3381
v  0.4745 0.4969 9.3382
v  0.4755 0.4978 9.3252
v  0.3869 0.5695 9.3381
v  0.3873 0.5697 9.3249
v  0.4345 0.5344 9.3249
v  0.4340 0.5339 9.3381
v  0.3369 0.6007 9.3380
v  0.3369 0.6009 9.3249
v  0.5317 -0.4360 9.3251
v  0.5288 -0.4348 9.3378
v  0.4659 -0.5046 9.3383
v  0.4673 -0.5055 9.3251
v  0.4319 -0.5362 9.3251
v  0.4314 -0.5356 9.3382
v  0.3095 -0.6157 9.3382
v  0.3094 -0.6156 9.3251
v  0.2520 -0.6411 9.3249
v  0.2522 -0.6409 9.3379
v  0.1745 -0.6654 9.3382
v  0.1746 -0.6661 9.3251
v  0.0834 -0.6832 9.3251
v  0.0835 -0.6819 9.3384
v  0.4000 -0.5606 9.3378
v  0.4001 -0.5606 9.3248
v  0.3610 -0.5870 9.3248
v  0.3613 -0.5869 9.3379
v  0.2944 0.6226 9.3382
v  0.2942 0.6229 9.3250
v  0.0000 0.6869 9.3378
v  0.0000 0.6886 9.3248
v  0.6693 0.1296 9.3340
v  0.6747 0.1287 9.3236
v  0.6835 0.0647 9.3241
v  0.6774 0.0652 9.3348
v  0.6635 -0.1550 9.3343
v  0.6687 -0.1565 9.3236
v  0.6435 -0.2391 9.3256
v  0.6373 -0.2373 9.3376
v  0.5783 -0.3745 9.3020
v  0.6110 -0.3182 9.3015
v  0.6109 -0.3182 9.2422
v  0.5783 -0.3744 9.2422
v  0.6707 -0.1572 9.3014
v  0.6843 -0.0792 9.3016
v  0.6842 -0.0791 9.2422
v  0.6706 -0.1572 9.2422
v  0.6771 0.1272 9.3017
v  0.6603 0.1964 9.3020
v  0.6604 0.1964 9.2422
v  0.6770 0.1272 9.2422
v  0.6365 0.2634 9.3017
v  0.6087 0.3227 9.3021
v  0.6086 0.3227 9.2422
v  0.6365 0.2634 9.2422
v  0.1635 0.6692 9.3018
v  0.0889 0.6831 9.3018
v  0.0889 0.6831 9.2422
v  0.1635 0.6691 9.2422
v  0.5668 0.3913 9.3017
v  0.5668 0.3913 9.2422
v  0.5247 0.4464 9.3021
v  0.5246 0.4463 9.2422
v  0.2535 0.6405 9.3019
v  0.2174 0.6537 9.3020
v  0.2174 0.6537 9.2422
v  0.2535 0.6405 9.2422
v  0.4760 0.4981 9.3021
v  0.4758 0.4981 9.2422
v  0.4348 0.5343 9.3016
v  0.3874 0.5696 9.3017
v  0.3874 0.5696 9.2422
v  0.4347 0.5343 9.2422
v  0.3368 0.6010 9.3018
v  0.3368 0.6010 9.2422
v  0.5332 -0.4362 9.3020
v  0.5332 -0.4362 9.2422
v  0.4322 -0.5365 9.3020
v  0.4679 -0.5055 9.3018
v  0.4679 -0.5055 9.2422
v  0.4322 -0.5365 9.2422
v  0.2517 -0.6413 9.3018
v  0.3093 -0.6155 9.3020
v  0.3093 -0.6155 9.2422
v  0.2517 -0.6412 9.2422
v  0.0832 -0.6838 9.3018
v  0.1746 -0.6664 9.3019
v  0.1746 -0.6663 9.2422
v  0.0832 -0.6839 9.2422
v  0.3606 -0.5870 9.3017
v  0.4002 -0.5607 9.3018
v  0.4001 -0.5607 9.2422
v  0.3606 -0.5869 9.2422
v  0.0000 -0.6893 9.3018
v  0.2940 0.6231 9.3018
v  0.2939 0.6229 9.2422
v  0.6890 -0.0000 9.3011
v  0.6859 0.0639 9.3017
v  0.6860 0.0639 9.2422
v  0.6890 -0.0000 9.2422
v  0.6459 -0.2396 9.3019
v  0.6459 -0.2396 9.2420
v  0.6110 -0.3182 9.3115
v  0.5783 -0.3744 9.3120
v  0.5679 -0.3682 9.3481
v  0.5969 -0.3146 9.3469
v  0.6890 -0.0000 9.3111
v  0.6843 -0.0791 9.3116
v  0.6550 -0.1528 9.3433
v  0.6656 -0.0762 9.3439
v  0.6364 0.2634 9.3117
v  0.6603 0.1964 9.3120
v  0.6607 0.1300 9.3429
v  0.6432 0.1955 9.3456
v  0.6087 0.3227 9.3121
v  0.6228 0.2603 9.3454
v  0.5961 0.3203 9.3467
v  0.0889 0.6831 9.3118
v  0.1635 0.6692 9.3118
v  0.1632 0.6663 9.3511
v  0.0879 0.6793 9.3509
v  0.5668 0.3913 9.3117
v  0.5579 0.3870 9.3489
v  0.5247 0.4463 9.3121
v  0.5180 0.4432 9.3504
v  0.2174 0.6537 9.3120
v  0.2535 0.6405 9.3119
v  0.2540 0.6392 9.3513
v  0.2174 0.6517 9.3510
v  0.4759 0.4981 9.3121
v  0.4730 0.4955 9.3511
v  0.3874 0.5695 9.3117
v  0.4348 0.5344 9.3116
v  0.4333 0.5333 9.3513
v  0.3868 0.5697 9.3513
v  0.3368 0.6010 9.3118
v  0.3371 0.6007 9.3512
v  0.5332 -0.4362 9.3120
v  0.5243 -0.4323 9.3501
v  0.4680 -0.5056 9.3118
v  0.4322 -0.5365 9.3120
v  0.4307 -0.5347 9.3513
v  0.4639 -0.5032 9.3513
v  0.3093 -0.6155 9.3120
v  0.2517 -0.6413 9.3118
v  0.2524 -0.6405 9.3510
v  0.3097 -0.6159 9.3513
v  0.1746 -0.6663 9.3119
v  0.0832 -0.6838 9.3118
v  0.0835 -0.6797 9.3516
v  0.1742 -0.6640 9.3513
v  0.4002 -0.5607 9.3118
v  0.3607 -0.5870 9.3117
v  0.3616 -0.5868 9.3510
v  0.3997 -0.5602 9.3509
v  0.2940 0.6231 9.3118
v  0.2945 0.6222 9.3515
v  0.0000 0.6893 9.3118
v  0.6771 0.1272 9.3117
v  0.6859 0.0639 9.3117
v  0.6734 0.0008 9.3411
v  0.6681 0.0655 9.3433
v  0.6707 -0.1572 9.3114
v  0.6459 -0.2396 9.3119
v  0.6283 -0.2345 9.3475
v  0.6109 -0.3182 9.2322
v  0.5783 -0.3744 9.2322
v  0.5332 -0.4362 9.2322
v  0.4679 -0.5055 9.2322
v  0.4322 -0.5365 9.2322
v  0.4001 -0.5607 9.2322
v  0.3606 -0.5869 9.2322
v  0.3093 -0.6155 9.2322
v  0.2517 -0.6412 9.2322
v  0.1746 -0.6663 9.2322
v  0.0832 -0.6839 9.2322
v  0.0889 0.6831 9.2322
v  0.1635 0.6691 9.2322
v  0.2174 0.6537 9.2322
v  0.2535 0.6405 9.2322
v  0.2939 0.6229 9.2322
v  0.3368 0.6010 9.2322
v  0.3874 0.5696 9.2322
v  0.4347 0.5343 9.2322
v  0.4758 0.4981 9.2322
v  0.5246 0.4463 9.2322
v  0.5668 0.3913 9.2322
v  0.6086 0.3227 9.2322
v  0.6365 0.2634 9.2322
v  0.6604 0.1964 9.2322
v  0.6770 0.1272 9.2322
v  0.6860 0.0639 9.2322
v  0.6890 -0.0000 9.2322
v  0.6841 -0.0790 9.2322
v  0.6706 -0.1572 9.2322
v  0.6459 -0.2396 9.2322
v  -0.0000 -2.6718 10.6255
v  -0.0200 -2.6715 10.6260
v  -0.0431 -2.6710 10.6261
v  -0.0758 -2.6700 10.6258
v  -0.1088 -2.6684 10.6255
v  -0.1417 -2.6658 10.6253
v  -0.1799 -2.6607 10.6247
v  -0.2112 -2.6530 10.6241
v  -0.2314 -2.6449 10.6236
v  -0.2500 -2.6351 10.6230
v  -0.2672 -2.6231 10.6227
v  -0.2831 -2.6094 10.6225
v  -0.2971 -2.5938 10.6220
v  -0.3096 -2.5762 10.6215
v  -0.3203 -2.5550 10.6210
v  -0.3279 -2.5333 10.6204
v  -0.3334 -2.5110 10.6201
v  -0.3374 -2.4890 10.6197
v  -0.3428 -2.4455 10.6192
v  -0.3497 -2.3571 10.6179
v  -0.3599 -2.1812 10.6158
v  -0.3818 -1.7666 10.6100
v  -0.4116 -1.1758 10.6017
v  -0.4382 -0.5714 10.5940
v  -0.4497 -0.2896 10.5894
v  -0.4553 -0.1418 10.5878
v  -0.4600 0.0060 10.5857
v  -0.4622 0.1242 10.5846
v  -0.4625 0.2424 10.5828
v  -0.4618 0.3016 10.5821
v  -0.4598 0.3609 10.5815
v  -0.4547 0.4208 10.5810
v  -0.4428 0.4809 10.5806
v  -0.4252 0.5237 10.5810
v  -0.3884 0.5679 10.5820
v  -0.3433 0.5963 10.5827
v  -0.2923 0.6153 10.5834
v  -0.2509 0.6257 10.5844
v  -0.2166 0.6322 10.5847
v  -0.1545 0.6405 10.5860
v  -0.0832 0.6460 10.5871
v  0.0000 0.6483 10.5865
v  0.0832 0.6460 10.5871
v  0.1545 0.6405 10.5860
v  0.2166 0.6322 10.5847
v  0.2509 0.6257 10.5844
v  0.2923 0.6153 10.5834
v  0.3433 0.5963 10.5827
v  0.3884 0.5679 10.5820
v  0.4252 0.5237 10.5810
v  0.4428 0.4809 10.5806
v  0.4547 0.4208 10.5810
v  0.4598 0.3609 10.5815
v  0.4618 0.3016 10.5821
v  0.4625 0.2424 10.5828
v  0.4622 0.1242 10.5846
v  0.4600 0.0060 10.5857
v  0.4553 -0.1418 10.5878
v  0.4497 -0.2896 10.5894
v  0.4382 -0.5714 10.5940
v  0.4116 -1.1758 10.6017
v  0.3818 -1.7666 10.6100
v  0.3599 -2.1812 10.6158
v  0.3497 -2.3571 10.6179
v  0.3428 -2.4455 10.6192
v  0.3374 -2.4890 10.6197
v  0.3334 -2.5110 10.6201
v  0.3279 -2.5333 10.6204
v  0.3203 -2.5550 10.6210
v  0.3096 -2.5762 10.6215
v  0.2971 -2.5938 10.6220
v  0.2831 -2.6094 10.6225
v  0.2672 -2.6231 10.6227
v  0.2500 -2.6351 10.6230
v  0.2314 -2.6449 10.6236
v  0.2112 -2.6530 10.6241
v  0.1799 -2.6607 10.6247
v  0.1417 -2.6658 10.6253
v  0.1088 -2.6684 10.6255
v  0.0758 -2.6700 10.6258
v  0.0431 -2.6710 10.6261
v  0.0200 -2.6715 10.6260
v  -0.0877 0.6574 9.5031
v  -0.2181 0.6394 9.5032
v  -0.3408 0.5981 9.5032
v  -0.3872 0.5681 9.5032
v  -0.4271 0.5273 9.5032
v  -0.4526 0.4845 9.5031
v  -0.4762 0.4272 9.5028
v  -0.4935 0.3662 9.5020
v  -0.5052 0.3062 9.5013
v  -0.5132 0.2457 9.5006
v  -0.5195 0.0048 9.4991
v  -0.4965 -0.2938 9.5012
v  -0.4874 -0.3445 9.5016
v  -0.4440 -0.4863 9.5030
v  -0.3153 -0.6134 9.5030
v  -0.1748 -0.6491 9.5032
v  -0.4016 -0.5533 9.5032
v  -0.2562 -0.6331 9.5032
v  -0.0864 -0.6575 9.5031
v  -0.3691 -0.5832 9.5032
v  -0.4252 -0.5215 9.5032
v  -0.4716 -0.4109 9.5025
v  -0.1615 0.6495 9.5031
v  -0.2934 0.6184 9.5032
v  -0.2521 0.6311 9.5032
v  0.0000 -0.6594 9.5030
v  -0.5200 0.1253 9.4996
v  -0.5145 -0.1424 9.4994
v  0.4965 -0.2938 9.5012
v  0.4874 -0.3445 9.5016
v  0.5195 0.0048 9.4991
v  0.5145 -0.1424 9.4994
v  0.5134 0.2458 9.5007
v  0.5206 0.1253 9.4999
v  0.5052 0.3062 9.5013
v  0.0877 0.6573 9.5031
v  0.1615 0.6494 9.5031
v  0.4936 0.3662 9.5020
v  0.4765 0.4273 9.5028
v  0.2181 0.6390 9.5032
v  0.2520 0.6308 9.5032
v  0.4529 0.4846 9.5031
v  0.3873 0.5683 9.5032
v  0.4271 0.5273 9.5032
v  0.3408 0.5981 9.5032
v  0.4713 -0.4108 9.5025
v  0.4440 -0.4863 9.5030
v  0.4249 -0.5214 9.5032
v  0.3153 -0.6135 9.5030
v  0.2562 -0.6332 9.5032
v  0.1748 -0.6491 9.5032
v  0.0864 -0.6576 9.5031
v  0.4014 -0.5531 9.5032
v  0.3690 -0.5830 9.5032
v  0.2933 0.6183 9.5032
v  0.0000 0.6605 9.5030
v  -0.0840 0.6463 9.7766
v  -0.2168 0.6323 9.7766
v  -0.3434 0.5964 9.7766
v  -0.3883 0.5678 9.7766
v  -0.4250 0.5240 9.7766
v  -0.4428 0.4805 9.7766
v  -0.4551 0.4202 9.7766
v  -0.4602 0.3606 9.7766
v  -0.4623 0.3014 9.7766
v  -0.4630 0.2423 9.7766
v  -0.4605 0.0062 9.7766
v  -0.4502 -0.2892 9.7766
v  -0.4484 -0.3340 9.7766
v  -0.4317 -0.4746 9.7767
v  -0.3070 -0.6088 9.7765
v  -0.1696 -0.6389 9.7761
v  -0.3935 -0.5524 9.7767
v  -0.2477 -0.6256 9.7763
v  -0.0850 -0.6462 9.7762
v  -0.3613 -0.5813 9.7767
v  -0.4169 -0.5155 9.7767
v  -0.4438 -0.4049 9.7767
v  -0.1561 0.6406 9.7766
v  -0.2924 0.6153 9.7766
v  -0.2510 0.6257 9.7766
v  0.0000 -0.6484 9.7766
v  -0.4626 0.1243 9.7766
v  -0.4560 -0.1415 9.7766
v  -0.0857 0.6485 9.6409
v  -0.2171 0.6337 9.6410
v  -0.3427 0.5969 9.6410
v  -0.3880 0.5678 9.6410
v  -0.4253 0.5250 9.6410
v  -0.4449 0.4810 9.6409
v  -0.4596 0.4210 9.6408
v  -0.4672 0.3604 9.6407
v  -0.4709 0.3013 9.6406
v  -0.4730 0.2423 9.6404
v  -0.4716 0.0061 9.6403
v  -0.4597 -0.2892 9.6405
v  -0.4563 -0.3362 9.6406
v  -0.4355 -0.4767 9.6409
v  -0.3130 -0.6108 9.6407
v  -0.1732 -0.6416 9.6409
v  -0.3988 -0.5515 9.6410
v  -0.2531 -0.6283 9.6410
v  -0.0868 -0.6485 9.6409
v  -0.3672 -0.5819 9.6410
v  -0.4212 -0.5154 9.6410
v  -0.4498 -0.4055 9.6408
v  -0.1593 0.6422 9.6409
v  -0.2927 0.6161 9.6410
v  -0.2512 0.6269 9.6410
v  -0.4736 0.1242 9.6403
v  -0.4670 -0.1416 9.6403
v  -0.0000 0.6509 9.6409
v  0.4502 -0.2892 9.7766
v  0.4484 -0.3340 9.7766
v  0.4605 0.0062 9.7766
v  0.4560 -0.1415 9.7766
v  0.4630 0.2423 9.7766
v  0.4626 0.1243 9.7766
v  0.4623 0.3014 9.7766
v  0.0840 0.6463 9.7766
v  0.1561 0.6406 9.7766
v  0.4602 0.3606 9.7766
v  0.4551 0.4202 9.7766
v  0.2168 0.6323 9.7766
v  0.2510 0.6257 9.7766
v  0.4429 0.4805 9.7766
v  0.3883 0.5678 9.7766
v  0.4250 0.5240 9.7766
v  0.3434 0.5964 9.7766
v  0.4438 -0.4049 9.7767
v  0.4317 -0.4746 9.7767
v  0.4169 -0.5155 9.7767
v  0.3070 -0.6088 9.7765
v  0.2477 -0.6256 9.7763
v  0.1696 -0.6389 9.7761
v  0.0850 -0.6462 9.7762
v  0.3935 -0.5524 9.7767
v  0.3613 -0.5813 9.7767
v  0.2924 0.6153 9.7766
v  0.0000 0.6485 9.7766
v  0.4597 -0.2892 9.6405
v  0.4563 -0.3362 9.6406
v  0.4716 0.0062 9.6403
v  0.4670 -0.1416 9.6403
v  0.4730 0.2423 9.6405
v  0.4737 0.1242 9.6404
v  0.4709 0.3013 9.6406
v  0.0857 0.6484 9.6409
v  0.1593 0.6421 9.6409
v  0.4672 0.3604 9.6407
v  0.4597 0.4210 9.6408
v  0.2171 0.6337 9.6410
v  0.2512 0.6268 9.6410
v  0.4450 0.4811 9.6409
v  0.3880 0.5679 9.6410
v  0.4253 0.5250 9.6410
v  0.3427 0.5968 9.6410
v  0.4498 -0.4055 9.6408
v  0.4355 -0.4767 9.6409
v  0.4211 -0.5154 9.6410
v  0.3130 -0.6108 9.6407
v  0.2530 -0.6283 9.6410
v  0.1732 -0.6416 9.6409
v  0.0868 -0.6485 9.6409
v  0.3988 -0.5514 9.6410
v  0.3672 -0.5819 9.6410
v  0.0000 -0.6504 9.6409
v  0.2927 0.6161 9.6410
v  -0.0194 -2.6446 10.6517
v  -0.0000 -2.6446 10.6517
v  0.0194 -2.6446 10.6517
v  0.0419 -2.6438 10.6515
v  0.0741 -2.6422 10.6514
v  0.1063 -2.6399 10.6510
v  0.1385 -2.6365 10.6506
v  0.1758 -2.6322 10.6501
v  0.2039 -2.6272 10.6497
v  0.2202 -2.6205 10.6493
v  0.2359 -2.6119 10.6489
v  0.2504 -2.6016 10.6485
v  0.2637 -2.5895 10.6480
v  0.2759 -2.5764 10.6476
v  0.2863 -2.5622 10.6472
v  0.2952 -2.5442 10.6467
v  0.3023 -2.5251 10.6463
v  0.3074 -2.5053 10.6460
v  0.3112 -2.4849 10.6456
v  0.3169 -2.4428 10.6450
v  0.3236 -2.3565 10.6437
v  0.3332 -2.1808 10.6413
v  0.3557 -1.7652 10.6357
v  0.3854 -1.1745 10.6276
v  0.4118 -0.5701 10.6194
v  0.4255 -0.2885 10.6155
v  0.4303 -0.1409 10.6136
v  0.4351 0.0067 10.6116
v  0.4369 0.1246 10.6101
v  0.4386 0.2424 10.6086
v  0.4373 0.3011 10.6079
v  0.4359 0.3597 10.6072
v  0.4310 0.4176 10.6067
v  0.4201 0.4736 10.6065
v  0.4040 0.5113 10.6066
v  0.3710 0.5490 10.6073
v  0.3318 0.5739 10.6081
v  0.2869 0.5904 10.6091
v  0.2460 0.5996 10.6100
v  0.2126 0.6043 10.6104
v  0.1523 0.6131 10.6113
v  0.0828 0.6183 10.6120
v  0.0000 0.6213 10.6122
v  -0.0828 0.6183 10.6120
v  -0.1523 0.6131 10.6113
v  -0.2126 0.6043 10.6104
v  -0.2460 0.5996 10.6100
v  -0.2869 0.5904 10.6091
v  -0.3318 0.5739 10.6081
v  -0.3710 0.5490 10.6073
v  -0.4040 0.5113 10.6066
v  -0.4201 0.4736 10.6065
v  -0.4310 0.4176 10.6067
v  -0.4359 0.3597 10.6072
v  -0.4373 0.3011 10.6079
v  -0.4386 0.2424 10.6086
v  -0.4369 0.1246 10.6101
v  -0.4351 0.0067 10.6116
v  -0.4303 -0.1409 10.6136
v  -0.4255 -0.2885 10.6155
v  -0.4118 -0.5701 10.6194
v  -0.3854 -1.1745 10.6276
v  -0.3557 -1.7652 10.6357
v  -0.3332 -2.1808 10.6413
v  -0.3236 -2.3565 10.6437
v  -0.3169 -2.4428 10.6450
v  -0.3112 -2.4849 10.6456
v  -0.3074 -2.5053 10.6460
v  -0.3023 -2.5251 10.6463
v  -0.2952 -2.5442 10.6467
v  -0.2863 -2.5622 10.6472
v  -0.2759 -2.5764 10.6476
v  -0.2637 -2.5895 10.6480
v  -0.2504 -2.6016 10.6485
v  -0.2359 -2.6119 10.6489
v  -0.2202 -2.6205 10.6493
v  -0.2039 -2.6272 10.6497
v  -0.1758 -2.6322 10.6501
v  -0.1385 -2.6365 10.6506
v  -0.1063 -2.6399 10.6510
v  -0.0741 -2.6422 10.6514
v  -0.0419 -2.6438 10.6515
v  -0.5724 -0.3706 9.2322
v  -0.6047 -0.3150 9.2322
v  -0.6393 -0.2371 9.2322
v  -0.6637 -0.1556 9.2322
v  -0.6771 -0.0782 9.2322
v  -0.6820 0.0000 9.2322
v  -0.6790 0.0632 9.2322
v  -0.6701 0.1259 9.2322
v  -0.6537 0.1944 9.2322
v  -0.6300 0.2608 9.2322
v  -0.6025 0.3194 9.2322
v  -0.5610 0.3874 9.2322
v  -0.5193 0.4417 9.2322
v  -0.4710 0.4930 9.2322
v  -0.4303 0.5288 9.2322
v  -0.3834 0.5638 9.2322
v  -0.3334 0.5949 9.2322
v  -0.2909 0.6166 9.2322
v  -0.2509 0.6340 9.2322
v  -0.2152 0.6471 9.2322
v  -0.1619 0.6623 9.2322
v  -0.0880 0.6762 9.2322
v  0.0000 0.6822 9.2322
v  0.0880 0.6762 9.2322
v  0.1619 0.6623 9.2322
v  0.2152 0.6471 9.2322
v  0.2509 0.6340 9.2322
v  0.2909 0.6166 9.2322
v  0.3334 0.5949 9.2322
v  0.3834 0.5638 9.2322
v  0.4303 0.5288 9.2322
v  0.4710 0.4930 9.2322
v  0.5193 0.4417 9.2322
v  0.5610 0.3874 9.2322
v  0.6025 0.3194 9.2322
v  0.6300 0.2608 9.2322
v  0.6537 0.1944 9.2322
v  0.6701 0.1259 9.2322
v  0.6790 0.0632 9.2322
v  0.6820 0.0000 9.2322
v  0.6771 -0.0782 9.2322
v  0.6637 -0.1556 9.2322
v  0.6393 -0.2371 9.2322
v  0.6047 -0.3150 9.2322
v  0.5724 -0.3706 9.2322
v  0.5278 -0.4317 9.2322
v  0.4631 -0.5004 9.2322
v  0.4278 -0.5310 9.2322
v  0.3961 -0.5550 9.2322
v  0.3570 -0.5809 9.2322
v  0.3062 -0.6092 9.2322
v  0.2491 -0.6347 9.2322
v  0.1728 -0.6595 9.2322
v  0.0823 -0.6769 9.2322
v  0.0000 -0.6822 9.2322
v  -0.0823 -0.6769 9.2322
v  -0.1728 -0.6595 9.2322
v  -0.2491 -0.6347 9.2322
v  -0.3062 -0.6092 9.2322
v  -0.3570 -0.5809 9.2322
v  -0.3961 -0.5550 9.2322
v  -0.4278 -0.5310 9.2322
v  -0.4631 -0.5004 9.2322
v  -0.5278 -0.4317 9.2322
v  0.0000 0.0270 9.2322
v  -0.1219 0.6576 9.2322
v  -0.0603 0.6663 9.2322
v  -0.1129 -5.5811 9.2322
v  -0.1876 -5.5730 9.2322
v  -0.2609 -5.5562 9.2322
v  -0.3317 -5.5309 9.2322
v  -0.3997 -5.4848 9.2322
v  -0.4523 -5.4216 9.2322
v  -0.4852 -5.3463 9.2322
v  -0.4997 -5.2805 9.2322
v  -0.5095 -5.2139 9.2322
v  -0.5228 -5.0799 9.2322
v  -0.5328 -4.9455 9.2322
v  -0.5457 -4.7708 9.2322
v  -0.5556 -4.5584 9.2322
v  -0.5929 -3.4767 9.2322
v  -0.6494 -1.2285 9.2322
v  -0.6591 -0.8693 9.2322
v  -0.6664 -0.4347 9.2322
v  -0.6693 -0.0000 9.2322
v  -0.6664 0.0604 9.2322
v  -0.6579 0.1218 9.2322
v  -0.6432 0.1842 9.2322
v  -0.6220 0.2461 9.2322
v  -0.5942 0.3072 9.2322
v  -0.5600 0.3661 9.2322
v  -0.5195 0.4217 9.2322
v  -0.4732 0.4732 9.2322
v  -0.4222 0.5193 9.2322
v  -0.3662 0.5601 9.2322
v  -0.3074 0.5941 9.2322
v  -0.2464 0.6218 9.2322
v  -0.1842 0.6429 9.2322
v  -0.1256 0.6771 9.2120
v  -0.0622 0.6860 9.2120
v  -0.1141 -5.6002 9.2082
v  -0.1907 -5.5916 9.2080
v  -0.2665 -5.5753 9.2090
v  -0.3405 -5.5482 9.2095
v  -0.4127 -5.4991 9.2093
v  -0.4691 -5.4320 9.2097
v  -0.5037 -5.3523 9.2100
v  -0.5189 -5.2841 9.2105
v  -0.5290 -5.2163 9.2118
v  -0.5422 -5.0815 9.2116
v  -0.5524 -4.9470 9.2118
v  -0.5653 -4.7721 9.2118
v  -0.5766 -4.5593 9.2124
v  -0.6126 -3.4773 9.2118
v  -0.6703 -1.2290 9.2119
v  -0.6788 -0.8697 9.2118
v  -0.6860 -0.4349 9.2118
v  -0.6890 0.0004 9.2118
v  -0.6860 0.0622 9.2118
v  -0.6771 0.1254 9.2117
v  -0.6619 0.1896 9.2117
v  -0.6402 0.2534 9.2118
v  -0.6116 0.3162 9.2118
v  -0.5764 0.3768 9.2118
v  -0.5348 0.4341 9.2119
v  -0.4872 0.4871 9.2120
v  -0.4345 0.5345 9.2116
v  -0.3768 0.5764 9.2116
v  -0.3164 0.6115 9.2118
v  -0.2537 0.6401 9.2119
v  -0.1896 0.6619 9.2119
v  -0.1251 0.6772 8.8772
v  -0.0983 -5.5494 9.0089
v  -0.1765 -5.5416 9.0109
v  -0.2517 -5.5239 9.0104
v  -0.3165 -5.4991 9.0111
v  -0.3769 -5.4593 9.0104
v  -0.4326 -5.4002 9.0106
v  -0.4708 -5.3311 9.0097
v  -0.4910 -5.2763 9.0103
v  -0.5100 -5.2088 9.0102
v  -0.5324 -5.0879 9.0106
v  -0.5502 -4.9497 9.0107
v  -0.5654 -4.7708 9.0110
v  -0.5759 -4.5664 9.0105
v  -0.6126 -3.4773 9.0113
v  -0.6709 -1.2292 9.0089
v  -0.6778 -0.9205 8.9946
v  -0.6860 -0.4401 8.8800
v  -0.6890 0.0004 8.8770
v  -0.6771 0.1255 8.8769
v  -0.6402 0.2535 8.8769
v  -0.5763 0.3770 8.8769
v  -0.4870 0.4874 8.8771
v  -0.3765 0.5766 8.8768
v  -0.2533 0.6403 8.8770
v  -0.6888 -0.0862 8.3582
v  -0.6882 -0.2219 8.6862
v  -0.6874 -0.3153 8.7953
v  -0.6838 -0.5935 8.9398
v  -0.6811 -0.7493 8.9743
v  -0.6889 -0.0496 8.1690
v  -0.6890 -0.0276 7.9735
v  -0.6890 -0.0048 7.6396
v  -0.6886 -0.1477 8.5490
v  -0.1251 0.6772 7.6396
v  -0.6771 0.1255 7.6396
v  -0.6402 0.2535 7.6396
v  -0.5763 0.3770 7.6396
v  -0.4870 0.4873 7.6396
v  -0.3765 0.5766 7.6396
v  -0.2533 0.6403 7.6396
v  -0.1251 0.6773 7.0994
v  -0.6771 0.1255 7.0991
v  -0.6402 0.2536 7.0992
v  -0.5763 0.3770 7.0992
v  -0.4870 0.4873 7.0993
v  -0.3766 0.5767 7.0990
v  -0.2533 0.6404 7.0992
v  -0.1251 0.6772 8.2584
v  -0.6890 0.0004 8.2583
v  -0.6771 0.1255 8.2583
v  -0.6402 0.2535 8.2583
v  -0.5763 0.3770 8.2583
v  -0.4870 0.4873 8.2584
v  -0.3765 0.5766 8.2582
v  -0.2533 0.6403 8.2583
v  -0.6071 -3.0124 9.2321
v  -0.6212 -2.5469 9.2318
v  -0.6248 -3.0129 9.2110
v  -0.6370 -2.5473 9.2102
v  -0.6250 -3.0129 9.0101
v  -0.6370 -2.5466 9.0115
v  -0.0582 -1.4464 8.4791
v  -0.0588 -1.2837 8.4578
v  -0.0632 -0.9783 8.3358
v  -0.0639 -0.7478 7.9363
v  -0.0616 -0.8347 8.1660
v  -0.0632 -0.9026 8.2638
v  -0.0604 -1.0586 8.3863
v  -0.0600 -1.1641 8.4291
v  -0.0657 -0.7259 7.8267
v  -0.0656 -0.7067 7.6863
v  -0.0643 -0.6908 7.4584
v  -0.0624 -0.7852 8.0587
v  -0.0585 -0.6864 7.1013
v  -0.3741 -4.6339 8.6558
v  -0.3787 -3.5321 8.6872
v  -0.4327 -1.3889 8.6194
v  -0.4408 -1.1932 8.5998
v  -0.4526 -0.8453 8.4823
v  -0.4648 -0.5676 8.0430
v  -0.4607 -0.6666 8.2983
v  -0.4574 -0.7524 8.4095
v  -0.4503 -0.9422 8.5349
v  -0.4458 -1.0654 8.5751
v  -0.4688 -0.5398 7.9111
v  -0.4712 -0.5203 7.7748
v  -0.4774 -0.4990 7.5367
v  -0.4624 -0.6108 8.1815
v  -0.3862 -3.0696 8.6772
v  -0.4002 -2.6067 8.6689
v  -0.4887 -0.4855 7.1012
v  -0.5743 -4.0363 9.2322
v  -0.5957 -4.0371 9.2126
v  -0.5950 -4.0562 9.0106
v  -0.3650 -4.1247 8.6847
v  -0.4480 -4.6123 8.7599
v  -0.5473 -3.4953 8.8943
v  -0.4712 -3.5130 8.7849
v  -0.6214 -1.2828 8.8747
v  -0.5495 -1.3337 8.7465
v  -0.6309 -1.0243 8.8596
v  -0.5573 -1.1256 8.7283
v  -0.6437 -0.6066 8.7551
v  -0.5717 -0.7290 8.6136
v  -0.6515 -0.2611 8.2408
v  -0.5827 -0.4180 8.1381
v  -0.6488 -0.3819 8.5539
v  -0.5797 -0.5252 8.4188
v  -0.6462 -0.4814 8.6690
v  -0.5756 -0.6180 8.5308
v  -0.6399 -0.7350 8.8053
v  -0.5668 -0.8584 8.6716
v  -0.6349 -0.8772 8.8373
v  -0.5632 -0.9858 8.7070
v  -0.6537 -0.2264 8.0660
v  -0.5846 -0.3902 7.9895
v  -0.6551 -0.2083 7.9059
v  -0.5847 -0.3735 7.8397
v  -0.6572 -0.1927 7.6240
v  -0.5891 -0.3527 7.5763
v  -0.6496 -0.3140 8.4110
v  -0.5785 -0.4692 8.2918
v  -0.5604 -3.0336 8.8895
v  -0.4825 -3.0526 8.7767
v  -0.5749 -2.5682 8.8859
v  -0.4976 -2.5888 8.7703
v  -0.5975 -0.3412 7.1008
v  -0.6648 -0.1794 7.0999
v  -0.4548 -4.1037 8.7844
v  -0.5292 -4.0808 8.8944
v  -0.2176 -0.6529 7.1006
v  -0.3610 -0.5860 7.1006
v  -0.2651 -4.6540 8.5574
v  -0.1393 -4.6660 8.4985
v  -0.2656 -3.5447 8.6119
v  -0.1413 -3.5523 8.5673
v  -0.3185 -1.4106 8.5454
v  -0.1933 -1.4297 8.4996
v  -0.3251 -1.2282 8.5243
v  -0.1974 -1.2584 8.4778
v  -0.3388 -0.9080 8.4076
v  -0.2091 -0.9531 8.3590
v  -0.3471 -0.6586 7.9998
v  -0.2136 -0.7189 7.9642
v  -0.3452 -0.7511 8.2373
v  -0.2124 -0.8076 8.1932
v  -0.3434 -0.8266 8.3385
v  -0.2121 -0.8772 8.2902
v  -0.3352 -0.9944 8.4568
v  -0.2052 -1.0336 8.4078
v  -0.3303 -1.1066 8.4977
v  -0.2014 -1.1398 8.4498
v  -0.3497 -0.6327 7.8779
v  -0.2154 -0.6948 7.8497
v  -0.3510 -0.6133 7.7421
v  -0.2158 -0.6755 7.7126
v  -0.3546 -0.5943 7.5091
v  -0.2168 -0.6583 7.4830
v  -0.3460 -0.6995 8.1289
v  -0.2128 -0.7580 8.0880
v  -0.2705 -3.0820 8.6035
v  -0.1441 -3.0889 8.5604
v  -0.2877 -2.6189 8.5965
v  -0.1648 -2.6269 8.5524
v  -0.1276 -4.1514 8.5604
v  -0.2531 -4.1413 8.6056
v  -0.6352 -1.9009 9.2322
v  -0.6539 -1.9013 9.2112
v  -0.6539 -1.9011 9.0102
v  -0.0435 -2.0507 8.5147
v  -0.4128 -2.0097 8.6486
v  -0.5200 -1.9736 8.7609
v  -0.5956 -1.9383 8.8814
v  -0.1771 -2.0399 8.5333
v  -0.3000 -2.0265 8.5769
v  -0.0879 -5.5056 8.8984
v  -0.1669 -5.4943 8.8969
v  -0.2322 -5.4772 8.8963
v  -0.2833 -5.4552 8.8930
v  -0.3336 -5.4236 8.8910
v  -0.3827 -5.3756 8.8877
v  -0.4155 -5.3210 8.8828
v  -0.4399 -5.2675 8.8813
v  -0.4601 -5.2030 8.8792
v  -0.4839 -5.0931 8.8779
v  -0.5010 -4.9598 8.8776
v  -0.5144 -4.7880 8.8785
v  -0.5168 -4.5836 8.8841
v  -0.0777 -5.4554 8.7944
v  -0.1510 -5.4423 8.7926
v  -0.2077 -5.4228 8.7871
v  -0.2536 -5.4010 8.7824
v  -0.2917 -5.3771 8.7796
v  -0.3296 -5.3435 8.7761
v  -0.3586 -5.3029 8.7713
v  -0.3848 -5.2526 8.7633
v  -0.4054 -5.1995 8.7575
v  -0.4280 -5.1004 8.7457
v  -0.4422 -4.9824 8.7384
v  -0.4536 -4.8082 8.7426
v  -0.0702 -5.4202 8.7321
v  -0.1379 -5.4040 8.7261
v  -0.1916 -5.3817 8.7177
v  -0.2296 -5.3594 8.7094
v  -0.2558 -5.3388 8.7016
v  -0.2823 -5.3125 8.6917
v  -0.3073 -5.2805 8.6797
v  -0.3296 -5.2403 8.6647
v  -0.3478 -5.1959 8.6480
v  -0.3814 -5.1008 8.6414
v  -0.3968 -4.8286 8.6343
v  -0.3948 -4.9997 8.6361
v  -0.3665 -5.0089 8.5779
v  -0.3677 -5.1017 8.6127
v  -0.3543 -4.9372 8.5510
v  -0.3983 -4.9143 8.6339
v  -0.2957 -4.7533 8.5365
v  -0.1449 -4.7264 8.4722
v  -0.5506 -4.6646 9.2322
v  -0.5713 -4.6657 9.2123
v  -0.5712 -4.6686 9.0106
v  -0.5175 -4.6858 8.8804
v  -0.4536 -4.7100 8.7496
v  -0.3880 -4.7307 8.6430
v  -0.3196 -4.8553 8.5204
v  -0.2437 -4.7759 8.4910
v  -0.2349 -4.7277 8.5083
v  -0.2163 -2.5472 9.2322
v  -0.1974 -4.5540 9.2322
v  -0.2225 -1.9009 9.2322
v  -0.2289 -1.2285 9.2322
v  -0.2322 -0.8719 9.2322
v  -0.2364 -0.4347 9.2322
v  -0.2405 -0.0000 9.2322
v  -0.2420 0.1531 9.2322
v  -0.2434 0.3072 9.2322
v  -0.4360 -2.5471 9.2322
v  -0.4439 -1.9009 9.2322
v  -0.4522 -1.2285 9.2322
v  -0.4566 -0.8706 9.2322
v  -0.4620 -0.4347 9.2322
v  -0.4674 -0.0000 9.2322
v  -0.4693 0.1531 9.2322
v  -0.4712 0.3072 9.2322
v  -0.4112 -4.5540 9.2322
v  -0.1923 -5.0799 9.2322
v  -0.4047 -5.0799 9.2322
v  -0.1952 -4.7708 9.2322
v  -0.4085 -4.7708 9.2322
v  -0.1962 -4.6646 9.2322
v  -0.4099 -4.6646 9.2322
v  -0.2022 -4.0363 9.2322
v  -0.4176 -4.0363 9.2322
v  -0.2075 -3.4767 9.2322
v  -0.4245 -3.4767 9.2322
v  -0.2119 -3.0124 9.2322
v  -0.4302 -3.0124 9.2322
v  -0.1936 -4.9455 9.2322
v  -0.4064 -4.9455 9.2322
v  -0.1910 -5.2139 9.2322
v  -0.4031 -5.2139 9.2322
v  -0.1075 -5.5778 9.1042
v  -0.1846 -5.5696 9.1042
v  -0.2600 -5.5529 9.1042
v  -0.3297 -5.5263 9.1044
v  -0.3966 -5.4812 9.1044
v  -0.4528 -5.4180 9.1042
v  -0.4887 -5.3430 9.1041
v  -0.5065 -5.2807 9.1040
v  -0.5204 -5.2131 9.1039
v  -0.5382 -5.0830 9.1038
v  -0.5512 -4.9463 9.1038
v  -0.5656 -4.7668 9.1038
v  -0.5763 -4.5622 9.1038
v  -0.6126 -3.4773 9.1038
v  -0.6704 -1.2290 9.1038
v  -0.6784 -0.8907 9.1038
v  -0.6860 -0.4371 9.1038
v  -0.6890 0.0004 9.1038
v  -0.6402 0.2534 9.1038
v  -0.4872 0.4872 9.1038
v  -0.2535 0.6402 9.1038
v  -0.6797 -0.8201 9.1038
v  -0.6851 -0.5004 9.1038
v  -0.6248 -3.0128 9.1038
v  -0.6370 -2.5470 9.1038
v  -0.5954 -4.0450 9.1038
v  -0.6539 -1.9012 9.1038
v  -0.6771 0.1259 9.1038
v  -0.5763 0.3770 9.1038
v  -0.3769 0.5763 9.1038
v  -0.1443 0.6732 9.1038
v  -0.5715 -4.6669 9.1038
v  -0.1245 0.6717 9.2265
v  -0.0631 0.6805 9.2262
v  -0.1146 -5.5963 9.2248
v  -0.1897 -5.5880 9.2247
v  -0.2650 -5.5712 9.2252
v  -0.3384 -5.5444 9.2252
v  -0.4082 -5.4969 9.2254
v  -0.4639 -5.4310 9.2258
v  -0.4985 -5.3525 9.2258
v  -0.5137 -5.2842 9.2258
v  -0.5236 -5.2154 9.2261
v  -0.5369 -5.0809 9.2262
v  -0.5469 -4.9464 9.2262
v  -0.5597 -4.7716 9.2263
v  -0.5704 -4.5590 9.2267
v  -0.6071 -3.4771 9.2262
v  -0.6644 -1.2288 9.2266
v  -0.6730 -0.8696 9.2264
v  -0.6803 -0.4348 9.2264
v  -0.6834 0.0002 9.2262
v  -0.6808 0.0602 9.2260
v  -0.6719 0.1240 9.2264
v  -0.6569 0.1887 9.2262
v  -0.6355 0.2505 9.2265
v  -0.6081 0.3116 9.2263
v  -0.5719 0.3739 9.2264
v  -0.5289 0.4326 9.2262
v  -0.4817 0.4841 9.2266
v  -0.4323 0.5296 9.2259
v  -0.3737 0.5721 9.2263
v  -0.3123 0.6078 9.2262
v  -0.2508 0.6354 9.2265
v  -0.1881 0.6567 9.2265
v  -0.6200 -3.0127 9.2253
v  -0.6329 -2.5472 9.2245
v  -0.5886 -4.0366 9.2260
v  -0.6470 -1.9011 9.2242
v  -0.5654 -4.6652 9.2267
v  -0.0629 -5.3824 8.7179
v  -0.1215 -5.3676 8.7123
v  -0.1720 -5.3463 8.7044
v  -0.2053 -5.3271 8.6972
v  -0.2302 -5.3095 8.6906
v  -0.2566 -5.2869 8.6821
v  -0.2830 -5.2593 8.6717
v  -0.3069 -5.2268 8.6596
v  -0.3284 -5.1891 8.6454
v  -0.3576 -5.0102 8.5784
v  -0.3560 -5.0992 8.6119
v  -0.3409 -4.9420 8.5528
v  -0.1409 -4.7398 8.4771
v  -0.3017 -4.8655 8.5242
v  -0.2309 -4.7913 8.4966
v  -0.5649 -4.2974 9.2322
v  -0.5862 -4.2982 9.2125
v  -0.5859 -4.3113 9.0104
v  -0.3613 -4.3799 8.6787
v  -0.5204 -4.3322 8.8907
v  -0.4458 -4.3581 8.7761
v  -0.1279 -4.4112 8.5499
v  -0.2503 -4.3992 8.5966
v  -0.1998 -4.2952 9.2322
v  -0.4144 -4.2952 9.2322
v  -0.5861 -4.3036 9.1038
v  -0.5795 -4.2978 9.2264
v  -0.5603 -4.4279 9.2322
v  -0.5814 -4.4288 9.2124
v  -0.5811 -4.4388 9.0104
v  -0.3637 -4.5075 8.6712
v  -0.4442 -4.4854 8.7699
v  -0.1311 -4.5406 8.5339
v  -0.1986 -4.4246 9.2322
v  -0.4128 -4.4246 9.2322
v  -0.5814 -4.4329 9.1038
v  -0.5750 -4.4284 9.2266
v  -0.5175 -4.4579 8.8880
v  -0.2537 -4.5279 8.5839
v  -0.3618 -4.9729 8.5645
v  -0.3693 -5.0555 8.5954
v  -0.3597 -5.1488 8.6304
v  -0.3508 -4.9750 8.5652
v  -0.3600 -5.0554 8.5953
v  -0.3456 -5.1458 8.6292
v  -0.3403 -4.8952 8.5355
v  -0.2859 -4.8127 8.5044
v  -0.3234 -4.9017 8.5377
v  -0.2689 -4.8258 8.5093
v  -0.1969 -4.7480 8.4802
v  -0.1885 -4.7628 8.4857
v  -0.0756 -4.7087 8.4654
v  -0.0724 -4.7197 8.4695
v  -0.4680 -5.4312 9.2028
v  -0.4117 -5.4980 9.2024
v  -0.3398 -5.5468 9.2027
v  -0.2661 -5.5738 9.2022
v  -0.1905 -5.5901 9.2011
v  -0.1140 -5.5987 9.2014
v  -0.0622 0.6859 9.2050
v  -0.1255 0.6770 9.2050
v  -0.1896 0.6619 9.2049
v  -0.2536 0.6400 9.2049
v  -0.3164 0.6115 9.2048
v  -0.3768 0.5764 9.2046
v  -0.4345 0.5344 9.2046
v  -0.4871 0.4870 9.2050
v  -0.5347 0.4340 9.2049
v  -0.5764 0.3768 9.2048
v  -0.6116 0.3162 9.2048
v  -0.6401 0.2533 9.2048
v  -0.6619 0.1895 9.2047
v  -0.6771 0.1254 9.2047
v  -0.6859 0.0622 9.2048
v  -0.6889 0.0004 9.2048
v  -0.6861 -0.4349 9.2048
v  -0.6788 -0.8697 9.2048
v  -0.6703 -1.2290 9.2049
v  -0.6539 -1.9013 9.2042
v  -0.6370 -2.5473 9.2032
v  -0.6248 -3.0130 9.2040
v  -0.6126 -3.4773 9.2048
v  -0.5957 -4.0371 9.2056
v  -0.5862 -4.2982 9.2055
v  -0.5814 -4.4288 9.2054
v  -0.5766 -4.5593 9.2054
v  -0.5713 -4.6657 9.2053
v  -0.5653 -4.7721 9.2048
v  -0.5523 -4.9470 9.2048
v  -0.5419 -5.0815 9.2046
v  -0.5285 -5.2162 9.2048
v  -0.5181 -5.2838 9.2036
v  -0.5027 -5.3519 9.2030
v  -0.2595 -5.3410 8.7072
v  -0.2864 -5.3140 8.6972
v  -0.3116 -5.2812 8.6853
v  -0.3336 -5.2400 8.6704
v  -0.3516 -5.1950 8.6539
v  -0.3631 -5.1473 8.6364
v  -0.3712 -5.0999 8.6186
v  -0.3724 -5.0533 8.6012
v  -0.3695 -5.0064 8.5838
v  -0.3647 -4.9702 8.5703
v  -0.3574 -4.9342 8.5566
v  -0.3436 -4.8918 8.5407
v  -0.3227 -4.8514 8.5252
v  -0.2890 -4.8082 8.5087
v  -0.2464 -4.7707 8.4948
v  -0.1991 -4.7424 8.4838
v  -0.1465 -4.7203 8.4754
v  -0.0765 -4.7024 8.4683
v  -0.0711 -5.4236 8.7382
v  -0.1397 -5.4072 8.7321
v  -0.1942 -5.3847 8.7234
v  -0.2327 -5.3620 8.7151
v  -0.3950 -5.4796 9.2322
v  -0.4463 -5.4179 9.2322
v  -0.4785 -5.3441 9.2322
v  -0.4928 -5.2793 9.2322
v  -0.5025 -5.2131 9.2322
v  -0.5158 -5.0793 9.2322
v  -0.5258 -4.9450 9.2322
v  -0.5387 -4.7704 9.2322
v  -0.5436 -4.6643 9.2322
v  -0.5486 -4.5581 9.2322
v  -0.5533 -4.4276 9.2322
v  -0.5579 -4.2971 9.2322
v  -0.5673 -4.0361 9.2322
v  -0.5860 -3.4765 9.2322
v  -0.6001 -3.0122 9.2321
v  -0.6142 -2.5467 9.2318
v  -0.6282 -1.9007 9.2322
v  -0.6424 -1.2283 9.2322
v  -0.6521 -0.8692 9.2322
v  -0.6594 -0.4346 9.2322
v  -0.6623 -0.0001 9.2322
v  -0.6594 0.0598 9.2322
v  -0.6510 0.1205 9.2322
v  -0.6364 0.1822 9.2322
v  -0.6154 0.2435 9.2322
v  -0.5880 0.3040 9.2322
v  -0.5541 0.3623 9.2322
v  -0.5140 0.4173 9.2322
v  -0.4682 0.4682 9.2322
v  -0.4178 0.5139 9.2322
v  -0.3624 0.5542 9.2322
v  -0.3042 0.5878 9.2322
v  -0.2438 0.6153 9.2322
v  -0.1823 0.6362 9.2322
v  -0.1206 0.6507 9.2322
v  -0.0597 0.6593 9.2322
v  -0.1124 -5.5741 9.2322
v  -0.1865 -5.5661 9.2322
v  -0.2589 -5.5495 9.2322
v  -0.3285 -5.5246 9.2322
v  -0.1251 0.6773 0.1968
v  -0.6773 0.1255 0.1967
v  -0.6404 0.2536 0.1967
v  -0.5764 0.3771 0.1967
v  -0.4869 0.4872 0.1969
v  -0.3766 0.5767 0.1968
v  -0.2534 0.6405 0.1967
v  -0.0585 -0.6862 0.1969
v  -0.4887 -0.4855 0.1968
v  -0.5975 -0.3412 0.1968
v  -0.6649 -0.1795 0.1967
v  -0.2176 -0.6529 0.1968
v  -0.3609 -0.5859 0.1968
v  -0.1232 0.6671 0.1645
v  -0.1179 0.6393 0.1422
v  -0.6667 0.1242 0.1642
v  -0.6382 0.1197 0.1421
v  -0.6303 0.2502 0.1642
v  -0.6033 0.2403 0.1421
v  -0.5673 0.3717 0.1643
v  -0.5430 0.3566 0.1421
v  -0.4792 0.4801 0.1645
v  -0.4588 0.4604 0.1422
v  -0.3706 0.5682 0.1644
v  -0.3547 0.5446 0.1422
v  -0.2494 0.6309 0.1644
v  -0.2386 0.6046 0.1422
v  -0.0578 -0.6754 0.1640
v  -0.0553 -0.6463 0.1420
v  -0.4813 -0.4775 0.1640
v  -0.4609 -0.4565 0.1419
v  -0.5884 -0.3355 0.1641
v  -0.5635 -0.3204 0.1420
v  -0.6547 -0.1761 0.1641
v  -0.6268 -0.1678 0.1420
v  -0.2143 -0.6425 0.1639
v  -0.2052 -0.6145 0.1419
v  -0.3555 -0.5766 0.1640
v  -0.3405 -0.5514 0.1419
v  0.0000 0.6786 0.1645
v  -0.6773 0.1255 0.2037
v  -0.6404 0.2536 0.2037
v  -0.5764 0.3771 0.2037
v  -0.4869 0.4872 0.2039
v  -0.3766 0.5767 0.2038
v  -0.2534 0.6405 0.2037
v  -0.1251 0.6773 0.2038
v  -0.0584 -0.6862 0.2039
v  -0.2176 -0.6529 0.2038
v  -0.3609 -0.5859 0.2038
v  -0.4887 -0.4855 0.2038
v  -0.5975 -0.3412 0.2038
v  -0.6649 -0.1795 0.2037
v  -0.0629 -5.3701 8.7492
v  -0.1215 -5.3555 8.7434
v  -0.1721 -5.3344 8.7353
v  -0.2053 -5.3150 8.7283
v  -0.2303 -5.2975 8.7217
v  -0.2567 -5.2748 8.7133
v  -0.2827 -5.2470 8.7027
v  -0.3067 -5.2146 8.6906
v  -0.3280 -5.1767 8.6765
v  -0.3573 -4.9981 8.6094
v  -0.3558 -5.0889 8.6435
v  -0.3408 -4.9304 8.5837
v  -0.1415 -4.7285 8.5083
v  -0.3015 -4.8538 8.5554
v  -0.2303 -4.7793 8.5271
v  -0.3507 -4.9629 8.5963
v  -0.3600 -5.0433 8.6265
v  -0.3454 -5.1337 8.6602
v  -0.3231 -4.8898 8.5688
v  -0.2683 -4.8139 8.5403
v  -0.1885 -4.7514 8.5166
v  -0.0725 -4.7082 8.5006
v  -0.0581 -5.3379 8.7642
v  -0.1115 -5.3247 8.7591
v  -0.1595 -5.3046 8.7517
v  -0.1901 -5.2869 8.7451
v  -0.2134 -5.2706 8.7390
v  -0.2387 -5.2489 8.7308
v  -0.2632 -5.2228 8.7210
v  -0.2855 -5.1924 8.7096
v  -0.3049 -5.1576 8.6967
v  -0.3317 -4.9905 8.6345
v  -0.3307 -5.0751 8.6657
v  -0.3169 -4.9298 8.6116
v  -0.1309 -4.7412 8.5408
v  -0.2792 -4.8567 8.5840
v  -0.2136 -4.7882 8.5581
v  -0.3261 -4.9592 8.6220
v  -0.3344 -5.0352 8.6508
v  -0.3209 -5.1183 8.6818
v  -0.3000 -4.8910 8.5968
v  -0.2491 -4.8206 8.5703
v  -0.1761 -4.7631 8.5487
v  -0.0672 -4.7226 8.5336
v  -0.0586 -5.2699 8.9452
v  -0.1121 -5.2564 8.9400
v  -0.1603 -5.2362 8.9326
v  -0.1909 -5.2184 8.9259
v  -0.2141 -5.2020 8.9198
v  -0.2394 -5.1801 8.9116
v  -0.2638 -5.1539 8.9017
v  -0.2860 -5.1235 8.8903
v  -0.3054 -5.0886 8.8774
v  -0.3316 -4.9215 8.8151
v  -0.3309 -5.0060 8.8464
v  -0.3166 -4.8610 8.7923
v  -0.1308 -4.6733 8.7219
v  -0.2787 -4.7881 8.7648
v  -0.2131 -4.7200 8.7391
v  -0.3255 -4.8903 8.8027
v  -0.3344 -4.9662 8.8314
v  -0.3212 -5.0492 8.8624
v  -0.2996 -4.8224 8.7776
v  -0.2486 -4.7523 8.7513
v  -0.1757 -4.6952 8.7298
v  -0.0673 -4.6547 8.7147
v  0.0000 -5.2746 8.9476
v  -0.2531 -5.2698 8.7167
v  -0.2271 -5.2922 8.7251
v  -0.2025 -5.3095 8.7315
v  -0.1698 -5.3286 8.7384
v  -0.1198 -5.3494 8.7465
v  -0.0620 -5.3638 8.7522
v  -0.0715 -4.7110 8.5070
v  -0.1396 -4.7310 8.5146
v  -0.1859 -4.7535 8.5228
v  -0.2271 -4.7810 8.5331
v  -0.2646 -4.8152 8.5461
v  -0.2974 -4.8546 8.5610
v  -0.3187 -4.8901 8.5742
v  -0.3362 -4.9302 8.5889
v  -0.3459 -4.9622 8.6013
v  -0.3524 -4.9969 8.6143
v  -0.3551 -5.0415 8.6311
v  -0.3509 -5.0864 8.6479
v  -0.3407 -5.1307 8.6644
v  -0.3235 -5.1731 8.6804
v  -0.3025 -5.2105 8.6943
v  -0.2789 -5.2425 8.7063
v  -0.2165 -5.2759 8.7357
v  -0.2422 -5.2538 8.7274
v  -0.2671 -5.2274 8.7174
v  -0.2897 -5.1965 8.7058
v  -0.3094 -5.1612 8.6928
v  -0.3257 -5.1214 8.6776
v  -0.3356 -5.0775 8.6613
v  -0.3393 -5.0370 8.6462
v  -0.3366 -4.9918 8.6296
v  -0.3308 -4.9599 8.6169
v  -0.3216 -4.9301 8.6063
v  -0.3045 -4.8908 8.5914
v  -0.2833 -4.8558 8.5784
v  -0.2528 -4.8193 8.5645
v  -0.2167 -4.7864 8.5521
v  -0.1787 -4.7610 8.5426
v  -0.1328 -4.7387 8.5345
v  -0.0682 -4.7198 8.5273
v  -0.0589 -5.3442 8.7612
v  -0.1131 -5.3308 8.7560
v  -0.1618 -5.3104 8.7486
v  -0.1929 -5.2925 8.7418
v  -0.2565 -5.2844 8.6886
v  -0.2302 -5.3070 8.6971
v  -0.2053 -5.3246 8.7037
v  -0.1720 -5.3438 8.7109
v  -0.1214 -5.3651 8.7189
v  -0.0629 -5.3799 8.7244
v  -0.0724 -4.7173 8.4761
v  -0.1409 -4.7374 8.4836
v  -0.1885 -4.7604 8.4922
v  -0.2309 -4.7889 8.5031
v  -0.2688 -4.8234 8.5159
v  -0.3017 -4.8631 8.5307
v  -0.3233 -4.8993 8.5443
v  -0.3409 -4.9396 8.5594
v  -0.3508 -4.9725 8.5717
v  -0.3575 -5.0077 8.5849
v  -0.3600 -5.0529 8.6019
v  -0.3560 -5.0968 8.6184
v  -0.3456 -5.1434 8.6358
v  -0.3283 -5.1866 8.6520
v  -0.3068 -5.2243 8.6661
v  -0.2829 -5.2567 8.6783
v  -0.2303 -5.3000 8.7152
v  -0.2567 -5.2773 8.7067
v  -0.2828 -5.2496 8.6961
v  -0.3068 -5.2171 8.6840
v  -0.3281 -5.1792 8.6699
v  -0.3455 -5.1362 8.6537
v  -0.3558 -5.0913 8.6370
v  -0.3600 -5.0458 8.6199
v  -0.3573 -5.0006 8.6029
v  -0.3507 -4.9654 8.5897
v  -0.3408 -4.9329 8.5771
v  -0.3231 -4.8922 8.5622
v  -0.3016 -4.8562 8.5488
v  -0.2683 -4.8164 8.5338
v  -0.2303 -4.7818 8.5206
v  -0.1885 -4.7538 8.5101
v  -0.1415 -4.7309 8.5018
v  -0.0725 -4.7107 8.4941
v  -0.0629 -5.3727 8.7427
v  -0.1215 -5.3581 8.7369
v  -0.1721 -5.3369 8.7287
v  -0.2054 -5.3175 8.7218
v  -0.2387 -5.2464 8.7374
v  -0.2134 -5.2682 8.7455
v  -0.1901 -5.2845 8.7516
v  -0.1595 -5.3021 8.7583
v  -0.1115 -5.3223 8.7656
v  -0.0581 -5.3354 8.7707
v  -0.0586 -5.2724 8.9387
v  -0.1121 -5.2589 8.9334
v  -0.1603 -5.2387 8.9261
v  -0.1909 -5.2209 8.9194
v  -0.2141 -5.2045 8.9133
v  -0.2394 -5.1826 8.9050
v  -0.2638 -5.1564 8.8951
v  -0.2860 -5.1259 8.8837
v  -0.3054 -5.0911 8.8708
v  -0.3212 -5.0517 8.8559
v  -0.3309 -5.0085 8.8398
v  -0.3344 -4.9686 8.8249
v  -0.3316 -4.9240 8.8086
v  -0.3255 -4.8928 8.7962
v  -0.3166 -4.8634 8.7858
v  -0.2996 -4.8248 8.7710
v  -0.2787 -4.7906 8.7583
v  -0.2486 -4.7548 8.7447
v  -0.2131 -4.7225 8.7325
v  -0.1757 -4.6976 8.7232
v  -0.1308 -4.6757 8.7153
v  -0.0673 -4.6572 8.7082
v  -0.0672 -4.7201 8.5402
v  -0.1309 -4.7388 8.5474
v  -0.1761 -4.7607 8.5553
v  -0.2136 -4.7857 8.5646
v  -0.2491 -4.8182 8.5769
v  -0.2792 -4.8542 8.5905
v  -0.3000 -4.8886 8.6033
v  -0.3170 -4.9274 8.6182
v  -0.3261 -4.9567 8.6285
v  -0.3317 -4.9880 8.6410
v  -0.3344 -5.0328 8.6574
v  -0.3307 -5.0726 8.6723
v  -0.3209 -5.1158 8.6883
v  -0.3049 -5.1551 8.7033
v  -0.2855 -5.1899 8.7162
v  -0.2632 -5.2203 8.7275
v  -0.2769 -5.3083 8.6901
v  -0.2510 -5.3341 8.6998
v  -0.2254 -5.3541 8.7074
v  -0.1883 -5.3759 8.7155
v  -0.1356 -5.3978 8.7238
v  -0.0690 -5.4137 8.7296
v  -0.0741 -4.7142 8.4675
v  -0.1431 -4.7331 8.4747
v  -0.1929 -4.7555 8.4830
v  -0.2374 -4.7837 8.4938
v  -0.2774 -4.8193 8.5068
v  -0.3106 -4.8603 8.5222
v  -0.3317 -4.8982 8.5365
v  -0.3475 -4.9393 8.5518
v  -0.3563 -4.9737 8.5648
v  -0.3620 -5.0094 8.5781
v  -0.3646 -5.0555 8.5954
v  -0.3618 -5.1006 8.6124
v  -0.3526 -5.1476 8.6299
v  -0.3379 -5.1929 8.6469
v  -0.3232 -5.2376 8.6636
v  -0.3014 -5.2770 8.6784
v  -0.2347 -5.3146 8.6925
v  -0.2616 -5.2915 8.6838
v  -0.2885 -5.2633 8.6733
v  -0.3129 -5.2302 8.6609
v  -0.0641 -5.3889 8.7203
v  -0.1238 -5.3738 8.7147
v  -0.1753 -5.3521 8.7065
v  -0.2093 -5.3325 8.6992
v  -0.1246 0.6743 0.1800
v  -0.6741 0.1252 0.1798
v  -0.6374 0.2526 0.1798
v  -0.5737 0.3755 0.1799
v  -0.4846 0.4851 0.1800
v  -0.3748 0.5742 0.1800
v  -0.2522 0.6376 0.1799
v  -0.0584 -0.6830 0.1798
v  -0.4865 -0.4831 0.1797
v  -0.5948 -0.3395 0.1798
v  -0.6619 -0.1784 0.1797
v  -0.2166 -0.6498 0.1796
v  -0.3593 -0.5831 0.1797
v  -0.1209 0.6554 0.1515
v  -0.6546 0.1224 0.1512
v  -0.6188 0.2461 0.1512
v  -0.5570 0.3654 0.1513
v  -0.4705 0.4719 0.1515
v  -0.3639 0.5582 0.1514
v  -0.2448 0.6197 0.1514
v  -0.0568 -0.6630 0.1510
v  -0.4727 -0.4685 0.1510
v  -0.5779 -0.3290 0.1511
v  -0.6428 -0.1725 0.1511
v  -0.2105 -0.6306 0.1509
v  -0.3492 -0.5658 0.1510
v  -0.3782 -5.4608 9.0171
v  -0.4341 -5.4013 9.0173
v  -0.4722 -5.3318 9.0166
v  -0.4921 -5.2767 9.0172
v  -0.5108 -5.2090 9.0172
v  -0.5328 -5.0879 9.0176
v  -0.5503 -4.9497 9.0177
v  -0.5654 -4.7708 9.0180
v  -0.5712 -4.6686 9.0176
v  -0.5759 -4.5663 9.0175
v  -0.5811 -4.4388 9.0174
v  -0.5859 -4.3113 9.0174
v  -0.5950 -4.0562 9.0176
v  -0.6126 -3.4773 9.0183
v  -0.6249 -3.0129 9.0171
v  -0.6370 -2.5466 9.0185
v  -0.6539 -1.9010 9.0172
v  -0.6709 -1.2290 9.0159
v  -0.6778 -0.9199 9.0016
v  -0.6811 -0.7482 8.9812
v  -0.6838 -0.5915 8.9465
v  -0.6860 -0.4368 8.8862
v  -0.6874 -0.3106 8.8006
v  -0.6882 -0.2160 8.6902
v  -0.6886 -0.1412 8.5517
v  -0.6889 -0.0794 8.3600
v  -0.6889 -0.0426 8.1700
v  -0.6890 -0.0206 7.9741
v  -0.0984 -5.5514 9.0156
v  -0.1768 -5.5436 9.0176
v  -0.2523 -5.5259 9.0171
v  -0.3175 -5.5010 9.0177
v  -0.6884 0.0020 7.6396
v  0.0000 -5.2772 8.9407
v  0.6001 -3.0122 9.2321
v  0.4302 -3.0124 9.2322
v  0.4245 -3.4767 9.2322
v  0.5860 -3.4765 9.2322
v  0.4523 -5.4216 9.2322
v  0.3997 -5.4848 9.2322
v  0.4082 -5.4969 9.2254
v  0.4639 -5.4310 9.2258
v  0.4852 -5.3463 9.2322
v  0.4985 -5.3525 9.2258
v  0.3317 -5.5309 9.2322
v  0.3384 -5.5444 9.2252
v  0.2609 -5.5562 9.2322
v  0.2650 -5.5712 9.2252
v  0.4997 -5.2805 9.2322
v  0.5137 -5.2842 9.2258
v  0.1876 -5.5730 9.2322
v  0.1897 -5.5880 9.2247
v  0.5095 -5.2139 9.2322
v  0.5236 -5.2154 9.2261
v  0.1129 -5.5811 9.2322
v  0.1146 -5.5963 9.2248
v  0.5228 -5.0799 9.2322
v  0.5369 -5.0809 9.2262
v  0.0000 -5.5837 9.2322
v  0.0000 -5.5990 9.2248
v  0.5328 -4.9455 9.2322
v  0.5469 -4.9464 9.2262
v  0.5457 -4.7708 9.2322
v  0.5597 -4.7716 9.2263
v  0.5556 -4.5584 9.2322
v  0.5506 -4.6646 9.2322
v  0.5654 -4.6652 9.2267
v  0.5704 -4.5590 9.2267
v  0.5930 -3.4767 9.2322
v  0.5743 -4.0363 9.2322
v  0.5886 -4.0366 9.2260
v  0.6071 -3.4771 9.2262
v  0.6212 -2.5469 9.2318
v  0.6071 -3.0124 9.2321
v  0.6200 -3.0127 9.2253
v  0.6329 -2.5472 9.2245
v  0.6494 -1.2285 9.2322
v  0.6352 -1.9009 9.2322
v  0.6470 -1.9011 9.2242
v  0.6644 -1.2288 9.2266
v  0.6591 -0.8693 9.2322
v  0.6731 -0.8696 9.2264
v  0.6664 -0.4347 9.2322
v  0.6803 -0.4348 9.2264
v  0.6693 -0.0000 9.2322
v  0.6834 0.0002 9.2262
v  0.6664 0.0604 9.2322
v  0.6808 0.0602 9.2260
v  0.6579 0.1218 9.2322
v  0.6719 0.1240 9.2264
v  0.6432 0.1842 9.2322
v  0.6569 0.1887 9.2262
v  0.6220 0.2461 9.2322
v  0.6355 0.2505 9.2265
v  0.5942 0.3072 9.2322
v  0.6081 0.3116 9.2263
v  0.5600 0.3661 9.2322
v  0.5719 0.3739 9.2264
v  0.5195 0.4217 9.2322
v  0.5289 0.4326 9.2262
v  0.4732 0.4732 9.2322
v  0.4817 0.4841 9.2266
v  0.4222 0.5193 9.2322
v  0.4323 0.5296 9.2259
v  0.3662 0.5601 9.2322
v  0.3737 0.5721 9.2263
v  0.3074 0.5941 9.2322
v  0.3123 0.6078 9.2262
v  0.2464 0.6218 9.2322
v  0.2508 0.6354 9.2265
v  0.1842 0.6429 9.2322
v  0.1881 0.6567 9.2265
v  0.1219 0.6576 9.2322
v  0.1245 0.6717 9.2265
v  0.0603 0.6663 9.2322
v  0.0631 0.6805 9.2262
v  0.4680 -5.4312 9.2028
v  0.4117 -5.4980 9.2024
v  0.3966 -5.4812 9.1044
v  0.4528 -5.4180 9.1042
v  0.5027 -5.3519 9.2030
v  0.4887 -5.3430 9.1041
v  0.3398 -5.5468 9.2027
v  0.3297 -5.5263 9.1044
v  0.2661 -5.5738 9.2022
v  0.2600 -5.5529 9.1042
v  0.5181 -5.2838 9.2036
v  0.5065 -5.2807 9.1040
v  0.1905 -5.5901 9.2011
v  0.1847 -5.5696 9.1042
v  0.5285 -5.2162 9.2048
v  0.5204 -5.2131 9.1039
v  0.1140 -5.5987 9.2014
v  0.1075 -5.5778 9.1042
v  0.5419 -5.0815 9.2046
v  0.5382 -5.0830 9.1038
v  0.0000 -5.6013 9.2012
v  0.0000 -5.5804 9.1043
v  0.5523 -4.9470 9.2048
v  0.5512 -4.9463 9.1038
v  0.5653 -4.7721 9.2048
v  0.5656 -4.7668 9.1038
v  0.5766 -4.5593 9.2054
v  0.5713 -4.6657 9.2053
v  0.5715 -4.6669 9.1038
v  0.5763 -4.5622 9.1038
v  0.6126 -3.4773 9.2048
v  0.5957 -4.0371 9.2056
v  0.5954 -4.0450 9.1038
v  0.6126 -3.4773 9.1038
v  0.6370 -2.5473 9.2032
v  0.6248 -3.0130 9.2040
v  0.6248 -3.0128 9.1038
v  0.6370 -2.5470 9.1038
v  0.6703 -1.2290 9.2049
v  0.6539 -1.9013 9.2042
v  0.6539 -1.9012 9.1038
v  0.6704 -1.2290 9.1038
v  0.6788 -0.8697 9.2048
v  0.6784 -0.8907 9.1038
v  0.6861 -0.4349 9.2048
v  0.6851 -0.5004 9.1038
v  0.6860 -0.4371 9.1038
v  0.6889 0.0004 9.2048
v  0.6890 0.0004 9.1038
v  0.6771 0.1254 9.2047
v  0.6859 0.0622 9.2048
v  0.6771 0.1259 9.1038
v  0.6401 0.2533 9.2048
v  0.6619 0.1895 9.2047
v  0.6402 0.2534 9.1038
v  0.5764 0.3768 9.2048
v  0.6116 0.3162 9.2048
v  0.5763 0.3770 9.1038
v  0.4871 0.4870 9.2050
v  0.5347 0.4340 9.2049
v  0.4872 0.4872 9.1038
v  0.3768 0.5764 9.2046
v  0.4345 0.5344 9.2046
v  0.3769 0.5763 9.1038
v  0.2536 0.6400 9.2049
v  0.3164 0.6115 9.2048
v  0.2535 0.6402 9.1038
v  0.1255 0.6770 9.2050
v  0.1896 0.6619 9.2049
v  0.1443 0.6732 9.1038
v  0.6889 -0.0794 8.3600
v  0.6890 0.0004 8.2583
v  0.6890 0.0004 8.8770
v  0.6886 -0.1412 8.5517
v  0.6860 -0.4368 8.8862
v  0.6874 -0.3106 8.8006
v  0.6882 -0.2160 8.6902
v  0.6797 -0.8201 9.1038
v  0.6771 0.1255 8.2583
v  0.6771 0.1255 8.8769
v  0.6402 0.2535 8.8769
v  0.6402 0.2535 8.2583
v  0.5763 0.3770 8.8769
v  0.5763 0.3770 8.2583
v  0.4870 0.4874 8.8771
v  0.4870 0.4873 8.2584
v  0.3765 0.5766 8.8768
v  0.3765 0.5766 8.2582
v  0.2533 0.6403 8.8770
v  0.2533 0.6403 8.2583
v  0.1251 0.6772 8.8772
v  0.1251 0.6772 8.2584
v  0.6771 0.1255 7.6396
v  0.6884 0.0020 7.6396
v  0.6890 0.0004 7.0993
v  0.6771 0.1255 7.0991
v  0.6402 0.2535 7.6396
v  0.6402 0.2536 7.0992
v  0.5763 0.3770 7.6396
v  0.5763 0.3770 7.0992
v  0.4870 0.4873 7.6396
v  0.4870 0.4873 7.0993
v  0.3765 0.5766 7.6396
v  0.3766 0.5767 7.0990
v  0.2533 0.6403 7.6396
v  0.2533 0.6404 7.0992
v  0.1251 0.6772 7.6396
v  0.1251 0.6773 7.0994
v  0.6890 -0.0206 7.9741
v  0.0000 0.6890 7.6396
v  0.0000 0.6890 8.2583
v  0.6889 -0.0426 8.1700
v  0.6142 -2.5467 9.2318
v  0.6282 -1.9007 9.2322
v  0.4439 -1.9009 9.2322
v  0.4360 -2.5471 9.2322
v  0.4548 -4.1037 8.7844
v  0.5292 -4.0808 8.8944
v  0.5205 -4.3322 8.8907
v  0.4458 -4.3581 8.7761
v  0.4825 -3.0526 8.7767
v  0.5604 -3.0336 8.8895
v  0.5473 -3.4953 8.8943
v  0.4712 -3.5130 8.7849
v  0.5495 -1.3337 8.7465
v  0.6214 -1.2828 8.8747
v  0.5956 -1.9383 8.8814
v  0.5200 -1.9736 8.7609
v  0.5573 -1.1256 8.7283
v  0.6309 -1.0243 8.8596
v  0.5632 -0.9858 8.7070
v  0.6349 -0.8772 8.8373
v  0.5756 -0.6180 8.5308
v  0.6463 -0.4814 8.6690
v  0.6437 -0.6066 8.7551
v  0.5717 -0.7290 8.6136
v  0.5846 -0.3902 7.9895
v  0.6537 -0.2264 8.0660
v  0.6515 -0.2611 8.2408
v  0.5827 -0.4180 8.1381
v  0.5785 -0.4692 8.2918
v  0.6496 -0.3140 8.4110
v  0.6488 -0.3819 8.5539
v  0.5797 -0.5252 8.4188
v  0.6399 -0.7350 8.8053
v  0.5668 -0.8584 8.6716
v  0.5847 -0.3735 7.8397
v  0.6551 -0.2083 7.9059
v  0.5891 -0.3527 7.5763
v  0.6572 -0.1927 7.6240
v  0.5975 -0.3412 7.1008
v  0.6648 -0.1794 7.0999
v  0.4976 -2.5888 8.7703
v  0.5749 -2.5682 8.8859
v  0.2651 -4.6540 8.5574
v  0.1393 -4.6660 8.4985
v  0.1311 -4.5406 8.5339
v  0.2537 -4.5279 8.5839
v  0.2656 -3.5447 8.6119
v  0.1413 -3.5523 8.5673
v  0.1441 -3.0889 8.5604
v  0.2705 -3.0820 8.6035
v  0.2877 -2.6189 8.5965
v  0.1648 -2.6269 8.5524
v  0.1771 -2.0399 8.5333
v  0.3000 -2.0265 8.5769
v  0.3185 -1.4106 8.5454
v  0.1933 -1.4297 8.4996
v  0.1975 -1.2584 8.4778
v  0.3251 -1.2282 8.5243
v  0.2015 -1.1398 8.4498
v  0.3303 -1.1066 8.4977
v  0.3388 -0.9080 8.4076
v  0.2091 -0.9531 8.3590
v  0.2121 -0.8772 8.2902
v  0.3434 -0.8266 8.3385
v  0.3471 -0.6586 7.9998
v  0.2136 -0.7189 7.9642
v  0.2154 -0.6948 7.8497
v  0.3497 -0.6327 7.8779
v  0.3452 -0.7511 8.2373
v  0.2124 -0.8076 8.1932
v  0.2128 -0.7580 8.0880
v  0.3460 -0.6995 8.1289
v  0.3352 -0.9944 8.4568
v  0.2052 -1.0336 8.4078
v  0.2158 -0.6755 7.7126
v  0.3510 -0.6133 7.7421
v  0.2168 -0.6583 7.4830
v  0.3546 -0.5943 7.5091
v  0.2176 -0.6529 7.1006
v  0.3610 -0.5860 7.1006
v  0.5649 -4.2974 9.2322
v  0.5795 -4.2978 9.2264
v  0.5862 -4.2982 9.2055
v  0.5861 -4.3036 9.1038
v  0.2531 -4.1413 8.6056
v  0.1276 -4.1514 8.5604
v  0.5950 -4.0562 9.0106
v  0.5859 -4.3113 9.0104
v  0.4480 -4.6123 8.7599
v  0.3741 -4.6339 8.6558
v  0.3637 -4.5075 8.6712
v  0.4442 -4.4854 8.7699
v  0.6250 -3.0129 9.0101
v  0.6126 -3.4773 9.0113
v  0.3787 -3.5321 8.6872
v  0.3862 -3.0696 8.6772
v  0.6709 -1.2292 9.0089
v  0.6539 -1.9011 9.0102
v  0.4002 -2.6067 8.6689
v  0.4128 -2.0097 8.6486
v  0.6778 -0.9205 8.9946
v  0.4327 -1.3889 8.6194
v  0.4408 -1.1932 8.5998
v  0.6811 -0.7493 8.9743
v  0.4458 -1.0654 8.5751
v  0.6874 -0.3153 8.7953
v  0.6860 -0.4401 8.8800
v  0.4526 -0.8453 8.4823
v  0.4574 -0.7524 8.4095
v  0.6889 -0.0496 8.1690
v  0.6889 -0.0862 8.3582
v  0.4648 -0.5676 8.0430
v  0.4688 -0.5398 7.9111
v  0.6886 -0.1477 8.5490
v  0.6882 -0.2219 8.6862
v  0.4607 -0.6666 8.2983
v  0.4625 -0.6108 8.1815
v  0.6838 -0.5935 8.9398
v  0.4503 -0.9422 8.5349
v  0.6890 -0.0276 7.9735
v  0.4712 -0.5203 7.7748
v  0.6890 -0.0048 7.6396
v  0.4774 -0.4990 7.5367
v  0.4887 -0.4855 7.1012
v  0.6370 -2.5466 9.0115
v  0.3650 -4.1247 8.6847
v  0.0000 -4.6714 8.4756
v  0.0000 -4.5446 8.5161
v  0.3613 -4.3799 8.6787
v  0.2503 -4.3992 8.5966
v  0.0000 -3.5555 8.5508
v  0.0000 -3.0959 8.5449
v  0.0000 -2.6321 8.5345
v  0.0435 -2.0507 8.5147
v  0.0582 -1.4464 8.4791
v  0.0588 -1.2837 8.4578
v  0.0600 -1.1641 8.4291
v  0.0632 -0.9783 8.3358
v  0.0632 -0.9026 8.2638
v  0.0640 -0.7478 7.9363
v  0.0657 -0.7259 7.8267
v  0.0616 -0.8347 8.1660
v  0.0624 -0.7852 8.0587
v  0.0604 -1.0586 8.3863
v  0.0656 -0.7067 7.6863
v  0.0643 -0.6908 7.4584
v  0.0585 -0.6864 7.1013
v  0.0000 -4.1486 8.5449
v  0.0622 0.6859 9.2050
v  0.0000 0.6890 9.1038
v  0.4326 -5.4002 9.0106
v  0.3769 -5.4593 9.0104
v  0.3336 -5.4236 8.8910
v  0.3827 -5.3756 8.8877
v  0.4708 -5.3311 9.0097
v  0.4155 -5.3210 8.8828
v  0.3165 -5.4991 9.0111
v  0.2833 -5.4552 8.8930
v  0.2517 -5.5239 9.0104
v  0.2322 -5.4772 8.8963
v  0.4910 -5.2763 9.0103
v  0.4399 -5.2675 8.8813
v  0.1765 -5.5416 9.0109
v  0.1669 -5.4943 8.8969
v  0.5100 -5.2088 9.0102
v  0.4601 -5.2030 8.8792
v  0.0983 -5.5494 9.0089
v  0.0879 -5.5056 8.8984
v  0.5324 -5.0879 9.0106
v  0.4839 -5.0931 8.8779
v  0.0000 -5.5527 9.0105
v  0.0000 -5.5081 8.8973
v  0.5502 -4.9497 9.0107
v  0.5010 -4.9598 8.8776
v  0.5654 -4.7708 9.0110
v  0.5144 -4.7880 8.8785
v  0.5759 -4.5664 9.0105
v  0.5712 -4.6686 9.0106
v  0.5175 -4.6858 8.8804
v  0.5168 -4.5836 8.8841
v  0.2917 -5.3771 8.7796
v  0.3296 -5.3435 8.7761
v  0.3586 -5.3029 8.7713
v  0.2536 -5.4010 8.7824
v  0.2077 -5.4228 8.7871
v  0.3848 -5.2526 8.7633
v  0.1510 -5.4423 8.7926
v  0.4054 -5.1995 8.7575
v  0.0777 -5.4554 8.7944
v  0.4280 -5.1004 8.7457
v  0.0000 -5.4606 8.7970
v  0.4422 -4.9824 8.7384
v  0.4536 -4.8082 8.7426
v  0.4536 -4.7100 8.7496
v  0.2595 -5.3410 8.7072
v  0.2864 -5.3140 8.6972
v  0.3116 -5.2812 8.6853
v  0.2327 -5.3620 8.7151
v  0.1942 -5.3847 8.7234
v  0.3336 -5.2400 8.6704
v  0.1397 -5.4072 8.7321
v  0.3516 -5.1950 8.6539
v  0.0711 -5.4236 8.7382
v  0.3814 -5.1008 8.6414
v  0.0000 -5.4292 8.7403
v  0.3948 -4.9997 8.6361
v  0.3983 -4.9143 8.6339
v  0.3968 -4.8286 8.6343
v  0.3880 -4.7307 8.6430
v  0.2957 -4.7533 8.5365
v  0.3227 -4.8514 8.5252
v  0.3436 -4.8918 8.5407
v  0.3724 -5.0533 8.6012
v  0.3695 -5.0064 8.5838
v  0.3631 -5.1473 8.6364
v  0.3712 -5.0999 8.6186
v  0.3647 -4.9702 8.5703
v  0.3574 -4.9342 8.5566
v  0.2349 -4.7277 8.5083
v  0.1465 -4.7203 8.4754
v  0.0765 -4.7024 8.4683
v  0.0000 -4.6948 8.4658
v  0.1991 -4.7424 8.4838
v  0.0000 0.6693 9.2322
v  0.0000 0.6834 9.2262
v  0.0000 0.6890 9.2048
v  0.0000 0.6890 8.8774
v  0.0000 0.6890 7.0992
v  0.0000 -4.5540 9.2322
v  0.1974 -4.5540 9.2322
v  0.1986 -4.4246 9.2322
v  0.0000 -4.4246 9.2322
v  0.0000 -5.5766 9.2322
v  0.1124 -5.5741 9.2322
v  0.0000 -5.2139 9.2322
v  0.6424 -1.2283 9.2322
v  0.4522 -1.2285 9.2322
v  0.6521 -0.8692 9.2322
v  0.4566 -0.8706 9.2322
v  0.6594 -0.4346 9.2322
v  0.4620 -0.4347 9.2322
v  0.6623 -0.0001 9.2322
v  0.4674 -0.0000 9.2322
v  0.6594 0.0598 9.2322
v  0.4693 0.1531 9.2322
v  0.6510 0.1205 9.2322
v  0.6364 0.1822 9.2322
v  0.6154 0.2435 9.2322
v  0.5880 0.3040 9.2322
v  0.4712 0.3072 9.2322
v  0.5541 0.3623 9.2322
v  0.2163 -2.5472 9.2322
v  0.0000 -2.5474 9.2322
v  0.0000 -3.0124 9.2322
v  0.2119 -3.0124 9.2322
v  0.2225 -1.9009 9.2322
v  0.0000 -1.9009 9.2322
v  0.4112 -4.5540 9.2322
v  0.4128 -4.4246 9.2322
v  0.1865 -5.5661 9.2322
v  0.2589 -5.5495 9.2322
v  0.1910 -5.2139 9.2322
v  0.2289 -1.2285 9.2322
v  0.0000 -1.2285 9.2322
v  0.2322 -0.8719 9.2322
v  0.0000 -0.8733 9.2322
v  0.2364 -0.4347 9.2322
v  0.0000 -0.4347 9.2322
v  0.2405 -0.0000 9.2322
v  0.0000 -0.0000 9.2322
v  0.2420 0.1531 9.2322
v  0.0000 0.1531 9.2322
v  0.2434 0.3072 9.2322
v  0.0000 0.3072 9.2322
v  0.2438 0.6153 9.2322
v  0.1823 0.6362 9.2322
v  0.4682 0.4682 9.2322
v  0.4178 0.5139 9.2322
v  0.5486 -4.5581 9.2322
v  0.5533 -4.4276 9.2322
v  0.3950 -5.4796 9.2322
v  0.4463 -5.4179 9.2322
v  0.4031 -5.2139 9.2322
v  0.1923 -5.0799 9.2322
v  0.1936 -4.9455 9.2322
v  0.0000 -4.9455 9.2322
v  0.0000 -5.0799 9.2322
v  0.4047 -5.0799 9.2322
v  0.4064 -4.9455 9.2322
v  0.5158 -5.0793 9.2322
v  0.5258 -4.9450 9.2322
v  0.1952 -4.7708 9.2322
v  0.1963 -4.6646 9.2322
v  0.0000 -4.6646 9.2322
v  0.0000 -4.7708 9.2322
v  0.4085 -4.7708 9.2322
v  0.4099 -4.6646 9.2322
v  0.5387 -4.7704 9.2322
v  0.5436 -4.6643 9.2322
v  0.2022 -4.0363 9.2322
v  0.2075 -3.4767 9.2322
v  0.0000 -3.4767 9.2322
v  0.0000 -4.0363 9.2322
v  0.4176 -4.0363 9.2322
v  0.5673 -4.0361 9.2322
v  0.5026 -5.2131 9.2322
v  0.4928 -5.2793 9.2322
v  0.4785 -5.3441 9.2322
v  0.3285 -5.5246 9.2322
v  0.5140 0.4173 9.2322
v  0.3624 0.5542 9.2322
v  0.3042 0.5878 9.2322
v  0.1206 0.6507 9.2322
v  0.0597 0.6593 9.2322
v  0.0000 0.6623 9.2322
v  0.3782 -5.4608 9.0171
v  0.4341 -5.4013 9.0173
v  0.4722 -5.3318 9.0166
v  0.3175 -5.5010 9.0177
v  0.2523 -5.5259 9.0171
v  0.4921 -5.2767 9.0172
v  0.1768 -5.5436 9.0176
v  0.5108 -5.2090 9.0172
v  0.0984 -5.5514 9.0156
v  0.5328 -5.0879 9.0176
v  0.0000 -5.5547 9.0172
v  0.5503 -4.9497 9.0177
v  0.5654 -4.7708 9.0180
v  0.5712 -4.6686 9.0176
v  0.5759 -4.5663 9.0175
v  0.5950 -4.0562 9.0176
v  0.6126 -3.4773 9.0183
v  0.6250 -3.0129 9.0171
v  0.6370 -2.5466 9.0185
v  0.6539 -1.9010 9.0172
v  0.6709 -1.2290 9.0159
v  0.6778 -0.9199 9.0016
v  0.6838 -0.5915 8.9465
v  0.6812 -0.7482 8.9812
v  0.5811 -4.4388 9.0174
v  0.5814 -4.4329 9.1038
v  0.4127 -5.4991 9.2093
v  0.4691 -5.4320 9.2097
v  0.5037 -5.3523 9.2100
v  0.3405 -5.5482 9.2095
v  0.2665 -5.5753 9.2090
v  0.5189 -5.2841 9.2105
v  0.1907 -5.5916 9.2080
v  0.5290 -5.2163 9.2118
v  0.1141 -5.6002 9.2082
v  0.5422 -5.0815 9.2116
v  0.0000 -5.6028 9.2080
v  0.5524 -4.9470 9.2118
v  0.5653 -4.7721 9.2118
v  0.5713 -4.6657 9.2123
v  0.5766 -4.5593 9.2124
v  0.5957 -4.0371 9.2126
v  0.6126 -3.4773 9.2118
v  0.6248 -3.0129 9.2110
v  0.6370 -2.5473 9.2102
v  0.6539 -1.9013 9.2112
v  0.6703 -1.2290 9.2119
v  0.6788 -0.8697 9.2118
v  0.6861 -0.4349 9.2118
v  0.6890 0.0004 9.2118
v  0.6860 0.0622 9.2118
v  0.6771 0.1254 9.2117
v  0.6620 0.1896 9.2117
v  0.6402 0.2534 9.2118
v  0.6116 0.3162 9.2118
v  0.5764 0.3768 9.2118
v  0.5348 0.4341 9.2119
v  0.4872 0.4871 9.2120
v  0.4345 0.5345 9.2116
v  0.3768 0.5764 9.2116
v  0.3164 0.6115 9.2118
v  0.2537 0.6401 9.2119
v  0.1896 0.6619 9.2119
v  0.1256 0.6771 9.2120
v  0.0622 0.6860 9.2120
v  0.5814 -4.4288 9.2124
v  0.5750 -4.4284 9.2266
v  0.0000 0.6890 9.2118
v  0.2769 -5.3083 8.6901
v  0.2510 -5.3341 8.6998
v  0.2347 -5.3146 8.6925
v  0.2616 -5.2915 8.6838
v  0.3014 -5.2770 8.6784
v  0.2885 -5.2633 8.6733
v  0.2254 -5.3541 8.7074
v  0.2093 -5.3325 8.6992
v  0.1883 -5.3759 8.7155
v  0.1753 -5.3521 8.7065
v  0.3232 -5.2376 8.6636
v  0.3129 -5.2302 8.6609
v  0.1356 -5.3978 8.7238
v  0.1238 -5.3738 8.7147
v  0.3379 -5.1929 8.6469
v  0.0690 -5.4137 8.7296
v  0.0641 -5.3889 8.7203
v  0.0000 -5.4192 8.7317
v  0.0000 -5.3939 8.7224
v  0.5175 -4.4579 8.8880
v  0.1279 -4.4112 8.5499
v  0.5603 -4.4279 9.2322
v  0.5814 -4.4288 9.2054
v  0.5811 -4.4388 9.0104
v  0.0000 -4.4131 8.5347
v  0.1998 -4.2952 9.2322
v  0.0000 -4.2952 9.2322
v  0.4144 -4.2952 9.2322
v  0.5579 -4.2971 9.2322
v  0.5859 -4.3113 9.0174
v  0.5862 -4.2982 9.2125
v  0.2890 -4.8082 8.5087
v  0.2464 -4.7707 8.4948
v  0.2558 -5.3388 8.7016
v  0.2823 -5.3125 8.6917
v  0.3073 -5.2805 8.6797
v  0.3296 -5.2403 8.6647
v  0.3478 -5.1959 8.6480
v  0.3597 -5.1488 8.6304
v  0.3677 -5.1017 8.6127
v  0.3693 -5.0555 8.5954
v  0.3665 -5.0089 8.5779
v  0.3618 -4.9729 8.5645
v  0.3543 -4.9372 8.5510
v  0.3403 -4.8952 8.5355
v  0.3196 -4.8553 8.5204
v  0.2859 -4.8127 8.5044
v  0.2437 -4.7759 8.4910
v  0.1969 -4.7480 8.4802
v  0.1449 -4.7264 8.4722
v  0.0756 -4.7087 8.4654
v  0.0000 -4.7019 8.4629
v  0.0000 -5.4258 8.7342
v  0.0702 -5.4202 8.7321
v  0.1379 -5.4040 8.7261
v  0.1916 -5.3817 8.7177
v  0.2296 -5.3594 8.7094
v  0.6888 0.0004 0.2039
v  0.6773 0.1255 0.2037
v  0.6404 0.2536 0.2037
v  0.5764 0.3771 0.2037
v  0.4869 0.4872 0.2039
v  0.3766 0.5767 0.2038
v  0.2534 0.6405 0.2037
v  0.1251 0.6773 0.2038
v  0.0000 0.6890 0.2038
v  0.0585 -0.6862 0.2039
v  0.2176 -0.6529 0.2038
v  0.4887 -0.4855 0.2038
v  0.5975 -0.3412 0.2038
v  0.6649 -0.1795 0.2037
v  0.3609 -0.5859 0.2038
v  0.6782 0.0008 0.1643
v  0.6660 0.0013 0.1512
v  0.6546 0.1224 0.1512
v  0.6667 0.1242 0.1642
v  0.6188 0.2461 0.1512
v  0.6303 0.2502 0.1642
v  0.5570 0.3654 0.1513
v  0.5673 0.3717 0.1643
v  0.4705 0.4719 0.1515
v  0.4792 0.4801 0.1645
v  0.3639 0.5582 0.1514
v  0.3706 0.5682 0.1644
v  0.2448 0.6197 0.1514
v  0.2494 0.6309 0.1644
v  0.1209 0.6554 0.1515
v  0.1232 0.6671 0.1645
v  0.0000 0.6666 0.1515
v  0.0578 -0.6754 0.1640
v  0.0568 -0.6630 0.1510
v  0.2105 -0.6306 0.1509
v  0.2143 -0.6425 0.1639
v  0.4813 -0.4775 0.1640
v  0.4727 -0.4685 0.1510
v  0.5779 -0.3290 0.1511
v  0.5884 -0.3355 0.1641
v  0.6428 -0.1725 0.1511
v  0.6547 -0.1761 0.1641
v  0.3492 -0.5658 0.1510
v  0.3555 -0.5766 0.1640
v  0.0000 -0.0354 0.1378
v  0.6494 0.0017 0.1421
v  0.6382 0.1197 0.1421
v  0.6741 0.1252 0.1798
v  0.6857 0.0005 0.1799
v  0.6033 0.2403 0.1421
v  0.6374 0.2526 0.1798
v  0.5430 0.3566 0.1421
v  0.5737 0.3755 0.1799
v  0.4588 0.4604 0.1422
v  0.4846 0.4851 0.1800
v  0.3547 0.5446 0.1422
v  0.3748 0.5742 0.1800
v  0.2386 0.6046 0.1422
v  0.2522 0.6376 0.1799
v  0.1179 0.6393 0.1422
v  0.1246 0.6743 0.1800
v  0.0000 0.6503 0.1422
v  0.0000 0.6859 0.1800
v  0.0553 -0.6463 0.1420
v  0.2052 -0.6145 0.1419
v  0.2166 -0.6498 0.1796
v  0.0584 -0.6830 0.1798
v  0.4609 -0.4565 0.1419
v  0.5635 -0.3204 0.1420
v  0.5948 -0.3395 0.1798
v  0.4865 -0.4831 0.1797
v  0.6268 -0.1678 0.1420
v  0.6619 -0.1784 0.1797
v  0.3405 -0.5514 0.1419
v  0.3593 -0.5831 0.1797
v  0.6888 0.0004 0.1969
v  0.6773 0.1255 0.1967
v  0.6404 0.2536 0.1967
v  0.5764 0.3771 0.1967
v  0.4869 0.4872 0.1969
v  0.3766 0.5767 0.1968
v  0.2534 0.6405 0.1967
v  0.1251 0.6773 0.1968
v  0.0000 0.6890 0.1968
v  0.0585 -0.6862 0.1969
v  0.2176 -0.6529 0.1968
v  0.3609 -0.5859 0.1968
v  0.4887 -0.4855 0.1968
v  0.5975 -0.3412 0.1968
v  0.6649 -0.1795 0.1967
v  0.2565 -5.2844 8.6886
v  0.2302 -5.3070 8.6971
v  0.2303 -5.3000 8.7152
v  0.2567 -5.2773 8.7067
v  0.2829 -5.2567 8.6783
v  0.2828 -5.2496 8.6961
v  0.2053 -5.3246 8.7037
v  0.2054 -5.3175 8.7218
v  0.1720 -5.3438 8.7109
v  0.1721 -5.3369 8.7287
v  0.3068 -5.2243 8.6661
v  0.3068 -5.2171 8.6840
v  0.1214 -5.3651 8.7189
v  0.1215 -5.3581 8.7369
v  0.3283 -5.1866 8.6520
v  0.3281 -5.1792 8.6699
v  0.0629 -5.3799 8.7244
v  0.0629 -5.3727 8.7427
v  0.3508 -4.9725 8.5717
v  0.3575 -5.0077 8.5849
v  0.3573 -5.0006 8.6029
v  0.3507 -4.9654 8.5897
v  0.3600 -5.0529 8.6019
v  0.3560 -5.0968 8.6184
v  0.3558 -5.0913 8.6370
v  0.3600 -5.0458 8.6199
v  0.3456 -5.1434 8.6358
v  0.3455 -5.1362 8.6537
v  0.3233 -4.8993 8.5443
v  0.3409 -4.9396 8.5594
v  0.3408 -4.9329 8.5771
v  0.3231 -4.8922 8.5622
v  0.0724 -4.7173 8.4761
v  0.1409 -4.7374 8.4836
v  0.1415 -4.7309 8.5018
v  0.0725 -4.7107 8.4941
v  0.1885 -4.7604 8.4922
v  0.2309 -4.7889 8.5031
v  0.2303 -4.7818 8.5206
v  0.1885 -4.7538 8.5101
v  0.2688 -4.8234 8.5159
v  0.3017 -4.8631 8.5307
v  0.3016 -4.8562 8.5488
v  0.2683 -4.8164 8.5338
v  0.0000 -5.3848 8.7265
v  0.0000 -5.3782 8.7444
v  0.0000 -4.7103 8.4735
v  0.0000 -4.7034 8.4918
v  0.2531 -5.2698 8.7167
v  0.2271 -5.2922 8.7251
v  0.2165 -5.2759 8.7357
v  0.2422 -5.2538 8.7274
v  0.2789 -5.2425 8.7063
v  0.2671 -5.2274 8.7174
v  0.2025 -5.3095 8.7315
v  0.1929 -5.2925 8.7418
v  0.1698 -5.3286 8.7384
v  0.1618 -5.3104 8.7486
v  0.3025 -5.2105 8.6943
v  0.2897 -5.1965 8.7058
v  0.1198 -5.3494 8.7465
v  0.1131 -5.3308 8.7560
v  0.3235 -5.1731 8.6804
v  0.3094 -5.1612 8.6928
v  0.0620 -5.3638 8.7522
v  0.0589 -5.3442 8.7612
v  0.3459 -4.9622 8.6013
v  0.3524 -4.9969 8.6143
v  0.3366 -4.9918 8.6296
v  0.3308 -4.9599 8.6169
v  0.3551 -5.0415 8.6311
v  0.3509 -5.0864 8.6479
v  0.3356 -5.0775 8.6613
v  0.3393 -5.0370 8.6462
v  0.3407 -5.1307 8.6644
v  0.3257 -5.1214 8.6776
v  0.3187 -4.8901 8.5742
v  0.3362 -4.9302 8.5889
v  0.3216 -4.9301 8.6063
v  0.3045 -4.8908 8.5914
v  0.0715 -4.7110 8.5070
v  0.1396 -4.7310 8.5146
v  0.1328 -4.7387 8.5345
v  0.0682 -4.7198 8.5273
v  0.1859 -4.7535 8.5228
v  0.2271 -4.7810 8.5331
v  0.2167 -4.7864 8.5521
v  0.1787 -4.7610 8.5426
v  0.2646 -4.8152 8.5461
v  0.2974 -4.8546 8.5610
v  0.2833 -4.8558 8.5784
v  0.2528 -4.8193 8.5645
v  0.0000 -5.3693 8.7539
v  0.0000 -5.3488 8.7636
v  0.2387 -5.2464 8.7374
v  0.2134 -5.2682 8.7455
v  0.2141 -5.2045 8.9133
v  0.2394 -5.1826 8.9050
v  0.2632 -5.2203 8.7275
v  0.2638 -5.1564 8.8951
v  0.1901 -5.2845 8.7516
v  0.1909 -5.2209 8.9194
v  0.1595 -5.3021 8.7583
v  0.1603 -5.2387 8.9261
v  0.2855 -5.1899 8.7162
v  0.2860 -5.1259 8.8837
v  0.1115 -5.3223 8.7656
v  0.1121 -5.2589 8.9334
v  0.3049 -5.1551 8.7033
v  0.3054 -5.0911 8.8708
v  0.0581 -5.3354 8.7707
v  0.0586 -5.2724 8.9387
v  0.3261 -4.9567 8.6285
v  0.3317 -4.9880 8.6410
v  0.3316 -4.9240 8.8086
v  0.3255 -4.8928 8.7962
v  0.3344 -5.0328 8.6574
v  0.3307 -5.0726 8.6723
v  0.3309 -5.0085 8.8398
v  0.3344 -4.9686 8.8249
v  0.3209 -5.1158 8.6883
v  0.3212 -5.0517 8.8559
v  0.3000 -4.8886 8.6033
v  0.3170 -4.9274 8.6182
v  0.3166 -4.8634 8.7858
v  0.2996 -4.8248 8.7710
v  0.0672 -4.7201 8.5402
v  0.1309 -4.7388 8.5474
v  0.1308 -4.6757 8.7153
v  0.0673 -4.6572 8.7082
v  0.1761 -4.7607 8.5553
v  0.2136 -4.7857 8.5646
v  0.2131 -4.7225 8.7325
v  0.1757 -4.6976 8.7232
v  0.2491 -4.8182 8.5769
v  0.2792 -4.8542 8.5905
v  0.2787 -4.7906 8.7583
v  0.2486 -4.7548 8.7447
v  0.0000 -5.3400 8.7731
v  0.0000 -4.7039 8.5047
v  0.0000 -4.7131 8.5247
v  0.0000 -4.7135 8.5377
v  0.0000 -4.6506 8.7057
v  0.2567 -5.2748 8.7133
v  0.2303 -5.2975 8.7217
v  0.2053 -5.3150 8.7283
v  0.1721 -5.3344 8.7353
v  0.1215 -5.3555 8.7434
v  0.0629 -5.3701 8.7492
v  0.0000 -5.3757 8.7509
v  0.0000 -4.7010 8.4983
v  0.0725 -4.7082 8.5006
v  0.1415 -4.7285 8.5083
v  0.1885 -4.7514 8.5166
v  0.2303 -4.7793 8.5271
v  0.2683 -4.8139 8.5403
v  0.3015 -4.8538 8.5554
v  0.3231 -4.8898 8.5688
v  0.3408 -4.9304 8.5837
v  0.3507 -4.9629 8.5963
v  0.3573 -4.9981 8.6094
v  0.3600 -5.0433 8.6265
v  0.3558 -5.0889 8.6435
v  0.3454 -5.1337 8.6602
v  0.3280 -5.1767 8.6765
v  0.3067 -5.2146 8.6906
v  0.2827 -5.2470 8.7027
v  0.2134 -5.2706 8.7390
v  0.2387 -5.2489 8.7308
v  0.2632 -5.2228 8.7210
v  0.2855 -5.1924 8.7096
v  0.3049 -5.1576 8.6967
v  0.3209 -5.1183 8.6818
v  0.3307 -5.0751 8.6657
v  0.3344 -5.0352 8.6508
v  0.3317 -4.9905 8.6345
v  0.3261 -4.9592 8.6220
v  0.3169 -4.9298 8.6116
v  0.3000 -4.8910 8.5968
v  0.2792 -4.8567 8.5840
v  0.2491 -4.8206 8.5703
v  0.2136 -4.7882 8.5581
v  0.1761 -4.7631 8.5487
v  0.1309 -4.7412 8.5408
v  0.0672 -4.7226 8.5336
v  0.0000 -4.7160 8.5311
v  0.0000 -5.3425 8.7665
v  0.0581 -5.3379 8.7642
v  0.1115 -5.3247 8.7591
v  0.1595 -5.3046 8.7517
v  0.1901 -5.2869 8.7451
v  0.2566 -5.2869 8.6821
v  0.2302 -5.3095 8.6906
v  0.2053 -5.3271 8.6972
v  0.1720 -5.3463 8.7044
v  0.1215 -5.3676 8.7123
v  0.0629 -5.3824 8.7179
v  0.0000 -5.3873 8.7199
v  0.0000 -4.7127 8.4669
v  0.0724 -4.7197 8.4695
v  0.1409 -4.7398 8.4771
v  0.1885 -4.7628 8.4857
v  0.2309 -4.7913 8.4966
v  0.2689 -4.8258 8.5093
v  0.3017 -4.8655 8.5242
v  0.3234 -4.9017 8.5377
v  0.3409 -4.9420 8.5528
v  0.3508 -4.9750 8.5652
v  0.3576 -5.0102 8.5784
v  0.3600 -5.0554 8.5953
v  0.3560 -5.0992 8.6119
v  0.3456 -5.1458 8.6292
v  0.3284 -5.1891 8.6454
v  0.3069 -5.2268 8.6596
v  0.2830 -5.2593 8.6717
v  0.0586 -5.2699 8.9452
v  0.1121 -5.2564 8.9400
v  0.1603 -5.2362 8.9326
v  0.1909 -5.2184 8.9259
v  0.2141 -5.2020 8.9198
v  0.2394 -5.1801 8.9116
v  0.2638 -5.1539 8.9017
v  0.2860 -5.1235 8.8903
v  0.3054 -5.0886 8.8774
v  0.3212 -5.0492 8.8624
v  0.3309 -5.0060 8.8464
v  0.3344 -4.9662 8.8314
v  0.3316 -4.9215 8.8151
v  0.3255 -4.8903 8.8027
v  0.3166 -4.8610 8.7923
v  0.2996 -4.8224 8.7776
v  0.2787 -4.7881 8.7648
v  0.2486 -4.7523 8.7513
v  0.2131 -4.7200 8.7391
v  0.1757 -4.6952 8.7298
v  0.1308 -4.6733 8.7219
v  0.0673 -4.6547 8.7147
v  0.0000 -4.6481 8.7122
v  0.0741 -4.7142 8.4675
v  0.0000 -4.7073 8.4649
v  0.1431 -4.7331 8.4747
v  0.1929 -4.7555 8.4830
v  0.2374 -4.7837 8.4938
v  0.2774 -4.8193 8.5068
v  0.3106 -4.8603 8.5222
v  0.3317 -4.8982 8.5365
v  0.3475 -4.9393 8.5518
v  0.3563 -4.9737 8.5648
v  0.3620 -5.0094 8.5781
v  0.3646 -5.0555 8.5954
v  0.3618 -5.1006 8.6124
v  0.3526 -5.1476 8.6299
v  -0.8858 0.0000 0.1184
v  -0.8845 0.0000 0.1253
v  -0.8801 0.0000 0.1320
v  -0.8734 0.0000 0.1364
v  -0.8661 0.0000 0.1378
v  -0.8814 -0.0868 0.1184
v  -0.8801 -0.0867 0.1252
v  -0.8758 -0.0863 0.1319
v  -0.8692 -0.0856 0.1363
v  -0.8619 -0.0849 0.1378
v  -0.8686 -0.1728 0.1184
v  -0.8673 -0.1725 0.1252
v  -0.8631 -0.1717 0.1319
v  -0.8566 -0.1704 0.1363
v  -0.8494 -0.1690 0.1378
v  -0.8475 -0.2571 0.1184
v  -0.8462 -0.2567 0.1252
v  -0.8421 -0.2554 0.1318
v  -0.8358 -0.2535 0.1363
v  -0.8288 -0.2514 0.1378
v  -0.8182 -0.3389 0.1184
v  -0.8170 -0.3384 0.1252
v  -0.8130 -0.3368 0.1318
v  -0.8069 -0.3342 0.1363
v  -0.8002 -0.3314 0.1378
v  -0.7810 -0.4175 0.1184
v  -0.7799 -0.4168 0.1252
v  -0.7761 -0.4148 0.1318
v  -0.7702 -0.4117 0.1363
v  -0.7638 -0.4083 0.1378
v  -0.7364 -0.4920 0.1184
v  -0.7353 -0.4913 0.1252
v  -0.7317 -0.4889 0.1319
v  -0.7262 -0.4852 0.1363
v  -0.7201 -0.4812 0.1378
v  -0.6847 -0.5619 0.1184
v  -0.6836 -0.5610 0.1252
v  -0.6803 -0.5583 0.1319
v  -0.6751 -0.5541 0.1364
v  -0.6695 -0.5494 0.1378
v  -0.6264 -0.6264 0.1184
v  -0.6254 -0.6254 0.1253
v  -0.6223 -0.6223 0.1320
v  -0.6176 -0.6176 0.1364
v  -0.6124 -0.6124 0.1378
v  -0.5619 -0.6847 0.1184
v  -0.5610 -0.6836 0.1252
v  -0.5583 -0.6803 0.1319
v  -0.5541 -0.6751 0.1364
v  -0.5494 -0.6695 0.1378
v  -0.4920 -0.7364 0.1184
v  -0.4913 -0.7353 0.1252
v  -0.4889 -0.7317 0.1319
v  -0.4852 -0.7262 0.1363
v  -0.4812 -0.7201 0.1378
v  -0.4175 -0.7810 0.1184
v  -0.4168 -0.7799 0.1252
v  -0.4148 -0.7761 0.1318
v  -0.4117 -0.7702 0.1363
v  -0.4083 -0.7638 0.1378
v  -0.3389 -0.8182 0.1184
v  -0.3384 -0.8170 0.1252
v  -0.3368 -0.8130 0.1318
v  -0.3342 -0.8069 0.1363
v  -0.3314 -0.8002 0.1378
v  -0.2571 -0.8475 0.1184
v  -0.2567 -0.8462 0.1252
v  -0.2554 -0.8421 0.1318
v  -0.2535 -0.8358 0.1363
v  -0.2514 -0.8288 0.1378
v  -0.1728 -0.8686 0.1184
v  -0.1725 -0.8673 0.1252
v  -0.1717 -0.8631 0.1319
v  -0.1704 -0.8566 0.1363
v  -0.1690 -0.8494 0.1378
v  -0.0868 -0.8814 0.1184
v  -0.0867 -0.8801 0.1252
v  -0.0863 -0.8758 0.1319
v  -0.0856 -0.8692 0.1363
v  -0.0849 -0.8619 0.1378
v  0.0000 -0.8858 0.1184
v  0.0000 -0.8845 0.1253
v  0.0000 -0.8801 0.1320
v  0.0000 -0.8734 0.1364
v  0.0000 -0.8661 0.1378
v  0.0868 -0.8814 0.1184
v  0.0867 -0.8801 0.1252
v  0.0863 -0.8758 0.1319
v  0.0856 -0.8692 0.1363
v  0.0849 -0.8619 0.1378
v  0.1728 -0.8686 0.1184
v  0.1725 -0.8673 0.1252
v  0.1717 -0.8631 0.1319
v  0.1704 -0.8566 0.1363
v  0.1690 -0.8494 0.1378
v  0.2571 -0.8475 0.1184
v  0.2567 -0.8462 0.1252
v  0.2554 -0.8421 0.1318
v  0.2535 -0.8358 0.1363
v  0.2514 -0.8288 0.1378
v  0.3389 -0.8182 0.1184
v  0.3384 -0.8170 0.1252
v  0.3368 -0.8130 0.1318
v  0.3342 -0.8069 0.1363
v  0.3314 -0.8002 0.1378
v  0.4175 -0.7810 0.1184
v  0.4168 -0.7799 0.1252
v  0.4148 -0.7761 0.1318
v  0.4117 -0.7702 0.1363
v  0.4083 -0.7638 0.1378
v  0.4920 -0.7364 0.1184
v  0.4913 -0.7353 0.1252
v  0.4889 -0.7317 0.1319
v  0.4852 -0.7262 0.1363
v  0.4812 -0.7201 0.1378
v  0.5619 -0.6847 0.1184
v  0.5610 -0.6836 0.1252
v  0.5583 -0.6803 0.1319
v  0.5541 -0.6751 0.1364
v  0.5494 -0.6695 0.1378
v  0.6264 -0.6264 0.1184
v  0.6254 -0.6254 0.1253
v  0.6223 -0.6223 0.1320
v  0.6176 -0.6176 0.1364
v  0.6124 -0.6124 0.1378
v  0.6847 -0.5619 0.1184
v  0.6836 -0.5610 0.1252
v  0.6803 -0.5583 0.1319
v  0.6751 -0.5541 0.1364
v  0.6695 -0.5494 0.1378
v  0.7364 -0.4920 0.1184
v  0.7353 -0.4913 0.1252
v  0.7317 -0.4889 0.1319
v  0.7262 -0.4852 0.1363
v  0.7201 -0.4812 0.1378
v  0.7810 -0.4175 0.1184
v  0.7799 -0.4168 0.1252
v  0.7761 -0.4148 0.1318
v  0.7702 -0.4117 0.1363
v  0.7638 -0.4083 0.1378
v  0.8182 -0.3389 0.1184
v  0.8170 -0.3384 0.1252
v  0.8130 -0.3368 0.1318
v  0.8069 -0.3342 0.1363
v  0.8002 -0.3314 0.1378
v  0.8475 -0.2571 0.1184
v  0.8462 -0.2567 0.1252
v  0.8421 -0.2554 0.1318
v  0.8358 -0.2535 0.1363
v  0.8288 -0.2514 0.1378
v  0.8686 -0.1728 0.1184
v  0.8673 -0.1725 0.1252
v  0.8631 -0.1717 0.1319
v  0.8566 -0.1704 0.1363
v  0.8494 -0.1690 0.1378
v  0.8814 -0.0868 0.1184
v  0.8801 -0.0867 0.1252
v  0.8758 -0.0863 0.1319
v  0.8692 -0.0856 0.1363
v  0.8619 -0.0849 0.1378
v  0.8858 0.0000 0.1184
v  0.8845 0.0000 0.1253
v  0.8801 0.0000 0.1320
v  0.8734 0.0000 0.1364
v  0.8661 0.0000 0.1378
v  0.8814 0.0868 0.1184
v  0.8801 0.0867 0.1252
v  0.8758 0.0863 0.1319
v  0.8692 0.0856 0.1363
v  0.8619 0.0849 0.1378
v  0.8686 0.1728 0.1184
v  0.8673 0.1725 0.1252
v  0.8631 0.1717 0.1319
v  0.8566 0.1704 0.1363
v  0.8494 0.1690 0.1378
v  0.8475 0.2571 0.1184
v  0.8462 0.2567 0.1252
v  0.8421 0.2554 0.1318
v  0.8358 0.2535 0.1363
v  0.8288 0.2514 0.1378
v  0.8182 0.3389 0.1184
v  0.8170 0.3384 0.1252
v  0.8130 0.3368 0.1318
v  0.8069 0.3342 0.1363
v  0.8002 0.3314 0.1378
v  0.7810 0.4175 0.1184
v  0.7799 0.4168 0.1252
v  0.7761 0.4148 0.1318
v  0.7702 0.4117 0.1363
v  0.7638 0.4083 0.1378
v  0.7364 0.4920 0.1184
v  0.7353 0.4913 0.1252
v  0.7317 0.4889 0.1319
v  0.7262 0.4852 0.1363
v  0.7201 0.4812 0.1378
v  0.6847 0.5619 0.1184
v  0.6836 0.5610 0.1252
v  0.6803 0.5583 0.1319
v  0.6751 0.5541 0.1364
v  0.6695 0.5494 0.1378
v  0.6264 0.6264 0.1184
v  0.6254 0.6254 0.1253
v  0.6223 0.6223 0.1320
v  0.6176 0.6176 0.1364
v  0.6124 0.6124 0.1378
v  0.5619 0.6847 0.1184
v  0.5610 0.6836 0.1252
v  0.5583 0.6803 0.1319
v  0.5541 0.6751 0.1364
v  0.5494 0.6695 0.1378
v  0.4920 0.7364 0.1184
v  0.4913 0.7353 0.1252
v  0.4889 0.7317 0.1319
v  0.4852 0.7262 0.1363
v  0.4812 0.7201 0.1378
v  0.4177 0.7814 0.1184
v  0.4168 0.7799 0.1252
v  0.4148 0.7761 0.1318
v  0.4117 0.7702 0.1363
v  0.4083 0.7638 0.1378
v  0.3389 0.8182 0.1184
v  0.3384 0.8170 0.1252
v  0.3368 0.8130 0.1318
v  0.3342 0.8069 0.1363
v  0.3314 0.8002 0.1378
v  0.2571 0.8475 0.1184
v  0.2567 0.8462 0.1252
v  0.2554 0.8421 0.1318
v  0.2535 0.8358 0.1363
v  0.2514 0.8288 0.1378
v  0.1728 0.8686 0.1184
v  0.1725 0.8673 0.1252
v  0.1717 0.8631 0.1319
v  0.1704 0.8566 0.1363
v  0.1690 0.8494 0.1378
v  0.0868 0.8814 0.1184
v  0.0867 0.8801 0.1252
v  0.0863 0.8758 0.1319
v  0.0856 0.8692 0.1363
v  0.0849 0.8619 0.1378
v  0.0000 0.8858 0.1184
v  0.0000 0.8845 0.1253
v  0.0000 0.8801 0.1320
v  0.0000 0.8734 0.1364
v  0.0000 0.8661 0.1378
v  -0.0868 0.8814 0.1184
v  -0.0867 0.8801 0.1252
v  -0.0863 0.8758 0.1319
v  -0.0856 0.8692 0.1363
v  -0.0849 0.8619 0.1378
v  -0.1728 0.8686 0.1184
v  -0.1725 0.8673 0.1252
v  -0.1717 0.8631 0.1319
v  -0.1704 0.8566 0.1363
v  -0.1690 0.8494 0.1378
v  -0.2571 0.8475 0.1184
v  -0.2567 0.8462 0.1252
v  -0.2554 0.8421 0.1318
v  -0.2535 0.8358 0.1363
v  -0.2514 0.8288 0.1378
v  -0.3389 0.8182 0.1184
v  -0.3384 0.8170 0.1252
v  -0.3368 0.8130 0.1318
v  -0.3342 0.8069 0.1363
v  -0.3314 0.8002 0.1378
v  -0.4175 0.7810 0.1184
v  -0.4168 0.7799 0.1252
v  -0.4148 0.7761 0.1318
v  -0.4117 0.7702 0.1363
v  -0.4083 0.7638 0.1378
v  -0.4920 0.7364 0.1184
v  -0.4913 0.7353 0.1252
v  -0.4889 0.7317 0.1319
v  -0.4852 0.7262 0.1363
v  -0.4812 0.7201 0.1378
v  -0.5619 0.6847 0.1184
v  -0.5610 0.6836 0.1252
v  -0.5583 0.6803 0.1319
v  -0.5541 0.6751 0.1364
v  -0.5494 0.6695 0.1378
v  -0.6264 0.6264 0.1184
v  -0.6254 0.6254 0.1253
v  -0.6223 0.6223 0.1320
v  -0.6176 0.6176 0.1364
v  -0.6124 0.6124 0.1378
v  -0.6847 0.5619 0.1184
v  -0.6836 0.5610 0.1252
v  -0.6803 0.5583 0.1319
v  -0.6751 0.5541 0.1364
v  -0.6695 0.5494 0.1378
v  -0.7364 0.4920 0.1184
v  -0.7353 0.4913 0.1252
v  -0.7317 0.4889 0.1319
v  -0.7262 0.4852 0.1363
v  -0.7201 0.4812 0.1378
v  -0.7810 0.4175 0.1184
v  -0.7799 0.4168 0.1252
v  -0.7761 0.4148 0.1318
v  -0.7702 0.4117 0.1363
v  -0.7638 0.4083 0.1378
v  -0.8182 0.3389 0.1184
v  -0.8170 0.3384 0.1252
v  -0.8130 0.3368 0.1318
v  -0.8069 0.3342 0.1363
v  -0.8002 0.3314 0.1378
v  -0.8475 0.2571 0.1184
v  -0.8462 0.2567 0.1252
v  -0.8421 0.2554 0.1318
v  -0.8358 0.2535 0.1363
v  -0.8288 0.2514 0.1378
v  -0.8686 0.1728 0.1184
v  -0.8673 0.1725 0.1252
v  -0.8631 0.1717 0.1319
v  -0.8566 0.1704 0.1363
v  -0.8494 0.1690 0.1378
v  0.0000 0.0000 0.1378
v  -0.8814 0.0868 0.1184
v  -0.8801 0.0867 0.1252
v  -0.8758 0.0863 0.1319
v  -0.8692 0.0856 0.1363
v  -0.8619 0.0849 0.1378
v  -0.8815 -0.0868 0.1114
v  -0.8859 0.0000 0.1114
v  -0.8815 0.0868 0.1114
v  -0.8687 0.1728 0.1114
v  -0.8476 0.2571 0.1114
v  -0.8183 0.3389 0.1114
v  -0.7811 0.4175 0.1114
v  -0.7365 0.4921 0.1114
v  -0.6848 0.5620 0.1114
v  -0.6265 0.6265 0.1114
v  -0.5620 0.6848 0.1114
v  -0.4921 0.7365 0.1114
v  -0.4175 0.7811 0.1114
v  -0.3389 0.8183 0.1114
v  -0.2571 0.8476 0.1114
v  -0.1728 0.8687 0.1114
v  -0.0868 0.8815 0.1114
v  0.0000 0.8859 0.1114
v  0.0868 0.8815 0.1114
v  0.1728 0.8687 0.1114
v  0.2571 0.8476 0.1114
v  0.3391 0.8186 0.1114
v  0.4177 0.7815 0.1114
v  0.4921 0.7365 0.1114
v  0.5620 0.6848 0.1114
v  0.6265 0.6265 0.1114
v  0.6848 0.5620 0.1114
v  0.7365 0.4921 0.1114
v  0.7811 0.4175 0.1114
v  0.8183 0.3389 0.1114
v  0.8476 0.2571 0.1114
v  0.8687 0.1728 0.1114
v  0.8815 0.0868 0.1114
v  0.8859 0.0000 0.1114
v  0.8815 -0.0868 0.1114
v  0.8687 -0.1728 0.1114
v  0.8476 -0.2571 0.1114
v  0.8183 -0.3389 0.1114
v  0.7811 -0.4175 0.1114
v  0.7365 -0.4921 0.1114
v  0.6848 -0.5620 0.1114
v  0.6265 -0.6265 0.1114
v  0.5620 -0.6848 0.1114
v  0.4921 -0.7365 0.1114
v  0.4175 -0.7811 0.1114
v  0.3389 -0.8183 0.1114
v  0.2571 -0.8476 0.1114
v  0.1728 -0.8687 0.1114
v  0.0868 -0.8815 0.1114
v  0.0000 -0.8859 0.1114
v  -0.0868 -0.8815 0.1114
v  -0.1728 -0.8687 0.1114
v  -0.2571 -0.8476 0.1114
v  -0.3389 -0.8183 0.1114
v  -0.4175 -0.7811 0.1114
v  -0.4921 -0.7365 0.1114
v  -0.5620 -0.6848 0.1114
v  -0.6265 -0.6265 0.1114
v  -0.6848 -0.5620 0.1114
v  -0.7365 -0.4921 0.1114
v  -0.7811 -0.4175 0.1114
v  -0.8183 -0.3389 0.1114
v  -0.8476 -0.2571 0.1114
v  -0.8687 -0.1728 0.1114
v  -0.8590 0.0000 0.1378
v  -0.8549 -0.0842 0.1378
v  -0.8425 -0.1676 0.1378
v  -0.8221 -0.2494 0.1378
v  -0.7937 -0.3287 0.1378
v  -0.7576 -0.4050 0.1378
v  -0.7143 -0.4773 0.1378
v  -0.6641 -0.5450 0.1378
v  -0.6074 -0.6074 0.1378
v  -0.5450 -0.6641 0.1378
v  -0.4773 -0.7143 0.1378
v  -0.4050 -0.7576 0.1378
v  -0.3287 -0.7937 0.1378
v  -0.2494 -0.8221 0.1378
v  -0.1676 -0.8425 0.1378
v  -0.0842 -0.8549 0.1378
v  0.0000 -0.8590 0.1378
v  0.0842 -0.8549 0.1378
v  0.1676 -0.8425 0.1378
v  0.2494 -0.8221 0.1378
v  0.3287 -0.7937 0.1378
v  0.4050 -0.7576 0.1378
v  0.4773 -0.7143 0.1378
v  0.5450 -0.6641 0.1378
v  0.6074 -0.6074 0.1378
v  0.6641 -0.5450 0.1378
v  0.7143 -0.4773 0.1378
v  0.7576 -0.4050 0.1378
v  0.7937 -0.3287 0.1378
v  0.8221 -0.2494 0.1378
v  0.8425 -0.1676 0.1378
v  0.8549 -0.0842 0.1378
v  0.8590 0.0000 0.1378
v  0.8549 0.0842 0.1378
v  0.8425 0.1676 0.1378
v  0.8221 0.2494 0.1378
v  0.7937 0.3287 0.1378
v  0.7576 0.4050 0.1378
v  0.7143 0.4773 0.1378
v  0.6641 0.5450 0.1378
v  0.6074 0.6074 0.1378
v  0.5450 0.6641 0.1378
v  0.4773 0.7143 0.1378
v  0.4050 0.7576 0.1378
v  0.3287 0.7937 0.1378
v  0.2494 0.8221 0.1378
v  0.1676 0.8425 0.1378
v  0.0842 0.8549 0.1378
v  0.0000 0.8590 0.1378
v  -0.0842 0.8549 0.1378
v  -0.1676 0.8425 0.1378
v  -0.2494 0.8221 0.1378
v  -0.3287 0.7937 0.1378
v  -0.4050 0.7576 0.1378
v  -0.4773 0.7143 0.1378
v  -0.5450 0.6641 0.1378
v  -0.6074 0.6074 0.1378
v  -0.6641 0.5450 0.1378
v  -0.7143 0.4773 0.1378
v  -0.7576 0.4050 0.1378
v  -0.7937 0.3287 0.1378
v  -0.8221 0.2494 0.1378
v  -0.8425 0.1676 0.1378
v  -0.8549 0.0842 0.1378
v  -0.6199 0.1161 0.1378
v  -0.6120 0.1146 0.1378
v  -0.5861 0.2333 0.1378
v  -0.5786 0.2303 0.1378
v  -0.5275 0.3463 0.1378
v  -0.5208 0.3419 0.1378
v  -0.4458 0.4473 0.1378
v  -0.4401 0.4416 0.1378
v  -0.3447 0.5291 0.1378
v  -0.3403 0.5223 0.1378
v  -0.2319 0.5874 0.1378
v  -0.2289 0.5799 0.1378
v  -0.1145 0.6211 0.1378
v  -0.1131 0.6133 0.1378
v  0.0000 0.6318 0.1378
v  0.0000 0.6238 0.1378
v  -0.1992 -0.5965 0.1377
v  -0.1966 -0.5889 0.1377
v  -0.0536 -0.6274 0.1377
v  -0.0527 -0.6195 0.1377
v  -0.5470 -0.3112 0.1377
v  -0.5400 -0.3072 0.1377
v  -0.4474 -0.4433 0.1377
v  -0.4416 -0.4376 0.1377
v  -0.6086 -0.1631 0.1377
v  -0.6008 -0.1610 0.1377
v  -0.3305 -0.5353 0.1377
v  -0.3262 -0.5284 0.1377
v  0.6307 0.0015 0.1378
v  0.6226 0.0017 0.1378
v  0.6199 0.1161 0.1378
v  0.6120 0.1146 0.1378
v  0.5861 0.2333 0.1378
v  0.5786 0.2303 0.1378
v  0.5275 0.3463 0.1378
v  0.5208 0.3419 0.1378
v  0.4458 0.4473 0.1378
v  0.4401 0.4416 0.1378
v  0.3447 0.5291 0.1378
v  0.3403 0.5223 0.1378
v  0.2319 0.5874 0.1378
v  0.2289 0.5799 0.1378
v  0.1146 0.6211 0.1378
v  0.1131 0.6133 0.1378
v  0.4474 -0.4433 0.1377
v  0.4416 -0.4376 0.1377
v  0.5470 -0.3112 0.1377
v  0.5400 -0.3072 0.1377
v  0.6086 -0.1631 0.1377
v  0.6008 -0.1610 0.1377
v  0.1992 -0.5965 0.1377
v  0.1966 -0.5889 0.1377
v  0.3305 -0.5353 0.1377
v  0.3262 -0.5284 0.1377
v  0.0537 -0.6274 0.1377
v  0.0527 -0.6195 0.1377
v  -0.0652 -4.8092 8.5489
v  -0.3902 -1.4163 10.6277
v  -0.3966 -1.4163 10.6211
v  -0.3995 -1.4163 10.6051
v  -0.0778 -1.4163 10.6366
v  -0.0000 -1.4163 10.6367
v  -0.1673 -1.4163 10.6356
v  -0.2833 -1.4163 10.6333
v  -0.3732 -1.4163 10.6309
v  -0.3995 -1.4163 10.6111
v  -0.3802 -1.4163 10.6307
v  0.3966 -1.4163 10.6211
v  0.3902 -1.4163 10.6277
v  0.3995 -1.4163 10.6051
v  0.0778 -1.4163 10.6366
v  0.2833 -1.4163 10.6333
v  0.1673 -1.4163 10.6356
v  0.3732 -1.4163 10.6309
v  0.3995 -1.4163 10.6111
v  0.3802 -1.4163 10.6307
v  -0.6209 -0.0109 0.1378
v  -0.6290 -0.0112 0.1378
v  -0.6476 -0.0115 0.1421
v  -0.6642 -0.0122 0.1512
v  -0.6764 -0.0129 0.1643
v  -0.6838 -0.0134 0.1799
v  -0.6870 -0.0136 0.1968
v  -0.6870 -0.0136 0.2038
v  -0.6890 0.0004 7.0993
v  -0.6865 -0.0193 7.6384
v  -0.6863 -0.0416 7.9682
v  -0.6862 -0.0633 8.1610
v  -0.6859 -0.0998 8.3491
v  -0.6856 -0.1606 8.5382
v  -0.6851 -0.2343 8.6760
v  -0.6842 -0.3282 8.7855
v  -0.6827 -0.4530 8.8703
v  -0.6804 -0.6045 8.9294
v  -0.6775 -0.7593 8.9637
v  -0.6741 -0.9285 8.9842
v  -0.6670 -1.2333 8.9985
v  -0.6493 -1.9039 9.0002
v  -0.6322 -2.5483 9.0018
v  -0.6199 -3.0145 9.0007
v  -0.6076 -3.4787 9.0022
v  -0.5899 -4.0581 9.0015
v  -0.5809 -4.3129 9.0011
v  -0.5761 -4.4403 9.0009
v  -0.5713 -4.5677 9.0007
v  -0.5671 -4.6699 9.0005
v  -0.5614 -4.7721 9.0007
v  -0.5464 -4.9505 9.0003
v  -0.5287 -5.0883 9.0003
v  -0.5061 -5.2083 9.0000
v  -0.4871 -5.2756 9.0003
v  -0.4665 -5.3303 8.9999
v  -0.4287 -5.3983 9.0010
v  -0.3736 -5.4565 9.0011
v  -0.3139 -5.4957 9.0019
v  -0.2502 -5.5202 9.0015
v  -0.1757 -5.5379 9.0021
v  -0.0975 -5.5460 9.0003
v  0.0000 -5.5492 9.0017
v  0.0975 -5.5460 9.0003
v  0.1758 -5.5379 9.0021
v  0.2502 -5.5202 9.0015
v  0.3139 -5.4957 9.0019
v  0.3736 -5.4565 9.0011
v  0.4287 -5.3983 9.0010
v  0.4665 -5.3303 8.9999
v  0.4871 -5.2756 9.0003
v  0.5061 -5.2083 9.0000
v  0.5287 -5.0883 9.0003
v  0.5464 -4.9505 9.0003
v  0.5614 -4.7721 9.0007
v  0.5671 -4.6699 9.0005
v  0.5713 -4.5677 9.0007
v  0.5761 -4.4403 9.0009
v  0.5809 -4.3129 9.0011
v  0.5899 -4.0581 9.0015
v  0.6076 -3.4787 9.0022
v  0.6199 -3.0145 9.0007
v  0.6322 -2.5483 9.0018
v  0.6493 -1.9039 9.0002
v  0.6670 -1.2333 8.9985
v  0.6741 -0.9285 8.9842
v  0.6775 -0.7593 8.9637
v  0.6804 -0.6045 8.9294
v  0.6827 -0.4530 8.8703
v  0.6842 -0.3282 8.7855
v  0.6851 -0.2343 8.6760
v  0.6856 -0.1606 8.5382
v  0.6860 -0.0998 8.3491
v  0.6862 -0.0633 8.1610
v  0.6863 -0.0416 7.9682
v  0.6865 -0.0193 7.6384
v  0.0000 0.0000 -0.0001
v  -0.8832 -0.0870 -0.0000
v  -0.8752 -0.0866 -0.0000
v  -0.8831 -0.0870 0.0080
v  -0.8876 0.0000 -0.0000
v  -0.8875 0.0000 0.0080
v  -0.8796 0.0000 -0.0000
v  -0.8832 0.0870 -0.0000
v  -0.8831 0.0870 0.0080
v  -0.8753 0.0858 -0.0000
v  -0.8704 0.1731 -0.0000
v  -0.8703 0.1731 0.0079
v  -0.8626 0.1712 -0.0000
v  -0.8492 0.2576 -0.0000
v  -0.8491 0.2576 0.0079
v  -0.8417 0.2549 -0.0000
v  -0.8198 0.3396 -0.0000
v  -0.8197 0.3395 0.0079
v  -0.8126 0.3362 -0.0000
v  -0.7826 0.4183 -0.0001
v  -0.7825 0.4183 0.0079
v  -0.7758 0.4142 -0.0001
v  -0.7379 0.4930 -0.0000
v  -0.7378 0.4930 0.0079
v  -0.7315 0.4883 -0.0000
v  -0.6861 0.5630 -0.0000
v  -0.6860 0.5630 0.0080
v  -0.6801 0.5577 -0.0000
v  -0.6277 0.6277 -0.0000
v  -0.6276 0.6276 0.0080
v  -0.6220 0.6220 -0.0000
v  -0.5630 0.6861 -0.0000
v  -0.5630 0.6860 0.0080
v  -0.5583 0.6796 -0.0000
v  -0.4930 0.7379 -0.0000
v  -0.4930 0.7378 0.0079
v  -0.4889 0.7310 -0.0000
v  -0.4183 0.7826 -0.0000
v  -0.4183 0.7825 0.0079
v  -0.4149 0.7754 -0.0000
v  -0.3396 0.8198 -0.0001
v  -0.3395 0.8197 0.0079
v  -0.3369 0.8123 -0.0001
v  -0.2576 0.8492 -0.0000
v  -0.2576 0.8491 0.0079
v  -0.2557 0.8414 -0.0000
v  -0.1731 0.8704 -0.0000
v  -0.1731 0.8703 0.0079
v  -0.1719 0.8625 -0.0000
v  -0.0870 0.8832 -0.0000
v  -0.0870 0.8831 0.0079
v  -0.0866 0.8752 -0.0000
v  0.0000 0.8876 -0.0000
v  0.0000 0.8875 0.0080
v  0.0000 0.8796 -0.0000
v  0.0870 0.8832 -0.0000
v  0.0870 0.8831 0.0079
v  0.0858 0.8753 -0.0000
v  0.1731 0.8704 -0.0000
v  0.1731 0.8703 0.0079
v  0.1712 0.8626 -0.0000
v  0.2576 0.8492 -0.0000
v  0.2576 0.8491 0.0079
v  0.2549 0.8416 -0.0000
v  0.3397 0.8202 -0.0000
v  0.3397 0.8201 0.0080
v  0.3367 0.8128 -0.0000
v  0.4185 0.7829 -0.0000
v  0.4184 0.7828 0.0080
v  0.4147 0.7759 -0.0000
v  0.4930 0.7379 -0.0000
v  0.4930 0.7378 0.0079
v  0.4883 0.7315 -0.0000
v  0.5630 0.6861 -0.0000
v  0.5630 0.6860 0.0080
v  0.5577 0.6801 -0.0000
v  0.6277 0.6277 -0.0000
v  0.6276 0.6276 0.0080
v  0.6220 0.6220 -0.0000
v  0.6861 0.5630 -0.0000
v  0.6860 0.5630 0.0080
v  0.6796 0.5583 -0.0000
v  0.7379 0.4930 -0.0000
v  0.7378 0.4930 0.0079
v  0.7310 0.4889 -0.0000
v  0.7826 0.4183 -0.0000
v  0.7825 0.4183 0.0079
v  0.7754 0.4149 -0.0000
v  0.8198 0.3396 -0.0001
v  0.8197 0.3395 0.0079
v  0.8123 0.3369 -0.0001
v  0.8492 0.2576 -0.0001
v  0.8491 0.2576 0.0079
v  0.8414 0.2557 -0.0001
v  0.8704 0.1731 -0.0000
v  0.8703 0.1731 0.0079
v  0.8625 0.1719 -0.0000
v  0.8832 0.0870 -0.0000
v  0.8831 0.0870 0.0079
v  0.8752 0.0866 -0.0000
v  0.8876 0.0000 -0.0000
v  0.8875 -0.0000 0.0080
v  0.8796 0.0000 -0.0000
v  0.8832 -0.0870 -0.0000
v  0.8831 -0.0870 0.0079
v  0.8753 -0.0858 -0.0000
v  0.8704 -0.1731 -0.0000
v  0.8703 -0.1731 0.0079
v  0.8626 -0.1712 -0.0000
v  0.8492 -0.2576 -0.0001
v  0.8491 -0.2576 0.0079
v  0.8417 -0.2549 -0.0001
v  0.8198 -0.3396 -0.0001
v  0.8197 -0.3395 0.0079
v  0.8126 -0.3362 -0.0001
v  0.7826 -0.4183 -0.0000
v  0.7825 -0.4183 0.0079
v  0.7758 -0.4142 -0.0000
v  0.7379 -0.4930 -0.0000
v  0.7378 -0.4930 0.0079
v  0.7315 -0.4883 -0.0000
v  0.6861 -0.5630 -0.0000
v  0.6860 -0.5630 0.0079
v  0.6801 -0.5577 -0.0000
v  0.6277 -0.6277 -0.0000
v  0.6276 -0.6276 0.0080
v  0.6220 -0.6220 -0.0000
v  0.5630 -0.6861 -0.0000
v  0.5630 -0.6860 0.0080
v  0.5583 -0.6796 -0.0000
v  0.4930 -0.7379 -0.0000
v  0.4930 -0.7378 0.0079
v  0.4889 -0.7310 -0.0000
v  0.4183 -0.7826 -0.0000
v  0.4183 -0.7825 0.0079
v  0.4149 -0.7754 -0.0000
v  0.3396 -0.8198 -0.0001
v  0.3395 -0.8197 0.0079
v  0.3369 -0.8123 -0.0001
v  0.2576 -0.8492 -0.0000
v  0.2576 -0.8491 0.0079
v  0.2557 -0.8414 -0.0000
v  0.1731 -0.8704 -0.0000
v  0.1731 -0.8703 0.0079
v  0.1719 -0.8625 -0.0000
v  0.0870 -0.8832 -0.0000
v  0.0870 -0.8831 0.0079
v  0.0866 -0.8752 -0.0000
v  0.0000 -0.8876 -0.0000
v  -0.0000 -0.8875 0.0080
v  0.0000 -0.8796 -0.0000
v  -0.0870 -0.8832 -0.0000
v  -0.0870 -0.8831 0.0079
v  -0.0858 -0.8753 -0.0000
v  -0.1731 -0.8704 -0.0000
v  -0.1731 -0.8703 0.0079
v  -0.1712 -0.8626 -0.0000
v  -0.2576 -0.8492 -0.0000
v  -0.2576 -0.8491 0.0079
v  -0.2549 -0.8417 -0.0000
v  -0.3396 -0.8198 -0.0001
v  -0.3395 -0.8197 0.0079
v  -0.3362 -0.8126 -0.0001
v  -0.4183 -0.7826 -0.0000
v  -0.4183 -0.7825 0.0079
v  -0.4142 -0.7758 -0.0000
v  -0.4930 -0.7379 -0.0000
v  -0.4930 -0.7378 0.0079
v  -0.4883 -0.7315 -0.0000
v  -0.5630 -0.6861 -0.0000
v  -0.5630 -0.6860 0.0080
v  -0.5577 -0.6801 -0.0000
v  -0.6277 -0.6277 -0.0000
v  -0.6276 -0.6276 0.0080
v  -0.6220 -0.6220 -0.0000
v  -0.6861 -0.5630 -0.0000
v  -0.6860 -0.5630 0.0080
v  -0.6796 -0.5583 -0.0000
v  -0.7379 -0.4930 -0.0000
v  -0.7378 -0.4930 0.0079
v  -0.7310 -0.4889 -0.0000
v  -0.7826 -0.4183 -0.0000
v  -0.7825 -0.4183 0.0079
v  -0.7754 -0.4149 -0.0000
v  -0.8198 -0.3396 -0.0000
v  -0.8197 -0.3395 0.0079
v  -0.8123 -0.3369 -0.0000
v  -0.8492 -0.2576 -0.0000
v  -0.8491 -0.2576 0.0079
v  -0.8414 -0.2557 -0.0000
v  -0.8704 -0.1731 -0.0000
v  -0.8703 -0.1731 0.0079
v  -0.8625 -0.1719 -0.0000
v  -0.4116 -1.1758 10.5762
v  -0.3994 -1.4163 10.5798
v  -0.3819 -1.7666 10.5851
v  -0.3599 -2.1812 10.5911
v  -0.3497 -2.3571 10.5936
v  -0.3428 -2.4454 10.5949
v  -0.3374 -2.4889 10.5954
v  -0.3333 -2.5109 10.5956
v  -0.3278 -2.5332 10.5959
v  -0.3202 -2.5549 10.5965
v  -0.3096 -2.5760 10.5970
v  -0.2973 -2.5938 10.5972
v  -0.2831 -2.6093 10.5975
v  -0.2672 -2.6230 10.5978
v  -0.2500 -2.6350 10.5981
v  -0.2315 -2.6449 10.5982
v  -0.2113 -2.6530 10.5985
v  -0.1800 -2.6607 10.5987
v  -0.1417 -2.6658 10.5990
v  -0.1089 -2.6684 10.5990
v  -0.0758 -2.6700 10.5991
v  -0.0431 -2.6710 10.5992
v  -0.0199 -2.6715 10.5993
v  -0.0000 -2.6718 10.5991
v  0.0199 -2.6715 10.5993
v  0.0431 -2.6710 10.5992
v  0.0758 -2.6700 10.5991
v  0.1089 -2.6684 10.5990
v  0.1417 -2.6658 10.5990
v  0.1800 -2.6607 10.5987
v  0.2113 -2.6530 10.5985
v  0.2315 -2.6449 10.5982
v  0.2500 -2.6350 10.5981
v  0.2672 -2.6230 10.5978
v  0.2831 -2.6093 10.5975
v  0.2973 -2.5938 10.5972
v  0.3096 -2.5760 10.5970
v  0.3202 -2.5549 10.5965
v  0.3278 -2.5332 10.5959
v  0.3333 -2.5109 10.5956
v  0.3374 -2.4889 10.5954
v  0.3428 -2.4454 10.5949
v  0.3497 -2.3571 10.5936
v  0.3599 -2.1812 10.5911
v  0.3819 -1.7666 10.5851
v  0.3995 -1.4163 10.5798
v  0.4116 -1.1758 10.5762
v  -0.4382 -0.5714 10.5696
v  0.4218 -0.9462 10.5691
v  -0.4217 -0.9462 10.5737
# 8453 vertices

o 20071IN_4
g 20071IN_4
s 1
f 623 26 29 2 
s 2
f 27 626 32 30 
s 1
f 629 205 207 255 
f 632 633 271 39 
f 2 29 41 3 
s 2
f 30 32 44 42 
s 1
f 255 207 210 252 
f 39 271 274 48 
f 3 41 50 4 
s 2
f 42 44 53 51 
s 1
f 252 210 213 249 
f 48 274 277 57 
f 4 50 59 5 
s 2
f 51 53 62 60 
s 1
f 249 213 216 246 
f 57 277 280 66 
f 5 59 68 6 
s 2
f 60 62 71 69 
s 1
f 246 216 219 243 
f 66 280 283 75 
f 6 68 77 7 
s 2
f 69 71 80 78 
s 1
f 243 219 222 240 
f 75 283 286 84 
f 7 77 86 8 
s 2
f 78 80 89 87 
s 1
f 240 222 225 237 
f 84 286 289 93 
f 8 86 95 9 
s 2
f 87 89 99 96 
s 1
f 237 225 258 259 
f 93 289 292 109 
f 9 95 111 10 
s 2
f 96 99 114 112 
f 260 261 117 115 
s 4
f 262 231 18 118 
s 1
f 109 292 295 121 
f 10 111 123 11 
s 2
f 112 114 126 124 
f 115 117 129 127 
s 4
f 118 18 19 130 
s 1
f 121 295 298 133 
f 11 123 135 12 
s 2
f 124 126 138 136 
f 127 129 141 139 
s 4
f 130 19 20 142 
s 1
f 133 298 301 145 
f 12 135 147 13 
s 2
f 136 138 150 148 
f 139 141 153 151 
s 4
f 142 20 21 154 
s 1
f 145 301 304 157 
f 13 147 159 14 
s 2
f 148 150 162 160 
f 151 153 165 163 
s 4
f 154 21 22 166 
s 1
f 157 304 307 169 
f 14 159 171 15 
s 2
f 160 162 174 172 
f 163 165 177 175 
s 4
f 166 22 23 178 
s 1
f 169 307 310 181 
f 15 171 183 16 
s 2
f 172 174 186 184 
f 175 177 189 187 
s 4
f 178 23 24 190 
s 1
f 181 310 313 193 
f 16 183 461 1 
s 2
f 184 186 198 195 
f 187 189 201 197 
s 4
f 190 24 17 200 
s 1
f 193 313 316 203 
s 4
f 776 777 38 208 
f 208 38 47 211 
f 211 47 56 214 
f 214 56 65 217 
f 217 65 74 220 
f 220 74 83 223 
f 223 83 92 226 
f 226 92 108 231 
f 231 108 120 18 
f 18 120 132 19 
f 19 132 144 20 
f 20 144 156 21 
f 21 156 168 22 
f 22 168 180 23 
f 23 180 192 24 
f 24 192 204 17 
s 8
f 263 264 265 266 
s 4
f 267 90 238 268 
f 90 81 241 238 
f 81 72 244 241 
f 72 63 247 244 
f 63 54 250 247 
f 54 45 253 250 
f 45 33 256 253 
f 33 35 257 256 
s 1
f 258 228 227 229 
f 259 233 232 234 
s 2
f 260 100 97 101 
f 261 104 103 105 
s 4
f 262 105 103 106 
s 8
f 263 106 103 104 
f 264 101 97 102 
f 265 235 232 233 
f 266 229 227 230 
s 4
f 267 102 97 98 
f 268 234 232 235 
s 1
f 29 26 25 28 
s 2
f 32 626 34 31 
f 27 30 28 25 
s 1
f 207 205 840 206 
f 629 255 254 843 
f 632 39 37 36 
f 41 29 28 40 
s 2
f 44 32 31 43 
f 30 42 40 28 
s 1
f 210 207 206 209 
f 255 252 251 254 
f 39 48 46 37 
f 50 41 40 49 
s 2
f 53 44 43 52 
f 42 51 49 40 
s 1
f 213 210 209 212 
f 252 249 248 251 
f 48 57 55 46 
f 59 50 49 58 
s 2
f 62 53 52 61 
f 51 60 58 49 
s 1
f 216 213 212 215 
f 249 246 245 248 
f 57 66 64 55 
f 68 59 58 67 
s 2
f 71 62 61 70 
f 60 69 67 58 
s 1
f 219 216 215 218 
f 246 243 242 245 
f 66 75 73 64 
f 77 68 67 76 
s 2
f 80 71 70 79 
f 69 78 76 67 
s 1
f 222 219 218 221 
f 243 240 239 242 
f 75 84 82 73 
f 86 77 76 85 
s 2
f 89 80 79 88 
f 78 87 85 76 
s 1
f 225 222 221 224 
f 240 237 236 239 
f 84 93 91 82 
f 95 86 85 94 
s 2
f 99 89 88 98 
f 87 96 94 85 
s 1
f 258 225 224 228 
f 259 258 229 233 
f 237 259 234 236 
f 93 109 107 91 
f 111 95 94 110 
s 2
f 114 99 100 113 
f 96 112 110 94 
f 261 260 101 104 
f 117 261 105 116 
f 260 115 113 100 
s 4
f 231 262 106 230 
f 262 118 116 105 
s 1
f 109 121 119 107 
f 123 111 110 122 
s 2
f 126 114 113 125 
f 112 124 122 110 
f 129 117 116 128 
f 115 127 125 113 
s 4
f 118 130 128 116 
s 1
f 121 133 131 119 
f 135 123 122 134 
s 2
f 138 126 125 137 
f 124 136 134 122 
f 141 129 128 140 
f 127 139 137 125 
s 4
f 130 142 140 128 
s 1
f 133 145 143 131 
f 147 135 134 146 
s 2
f 150 138 137 149 
f 136 148 146 134 
f 153 141 140 152 
f 139 151 149 137 
s 4
f 142 154 152 140 
s 1
f 145 157 155 143 
f 159 147 146 158 
s 2
f 162 150 149 161 
f 148 160 158 146 
f 165 153 152 164 
f 151 163 161 149 
s 4
f 154 166 164 152 
s 1
f 157 169 167 155 
f 171 159 158 170 
s 2
f 174 162 161 173 
f 160 172 170 158 
f 177 165 164 176 
f 163 175 173 161 
s 4
f 166 178 176 164 
s 1
f 169 181 179 167 
f 183 171 170 182 
s 2
f 186 174 173 185 
f 172 184 182 170 
f 189 177 176 188 
f 175 187 185 173 
s 4
f 178 190 188 176 
s 1
f 181 193 191 179 
f 461 183 182 194 
s 2
f 198 186 185 196 
f 184 195 194 182 
f 201 189 188 199 
f 187 197 196 185 
s 4
f 190 200 199 188 
s 1
f 193 203 202 191 
s 4
f 38 777 36 37 
f 776 208 206 840 
f 47 38 37 46 
f 208 211 209 206 
f 56 47 46 55 
f 211 214 212 209 
f 65 56 55 64 
f 214 217 215 212 
f 74 65 64 73 
f 217 220 218 215 
f 83 74 73 82 
f 220 223 221 218 
f 92 83 82 91 
f 223 226 224 221 
f 108 92 91 107 
f 226 231 228 224 
f 120 108 107 119 
f 132 120 119 131 
f 144 132 131 143 
f 156 144 143 155 
f 168 156 155 167 
f 180 168 167 179 
f 192 180 179 191 
f 204 192 191 202 
s 8
f 264 263 104 101 
f 265 264 102 235 
f 266 265 233 229 
f 263 266 230 106 
s 4
f 90 267 98 88 
f 268 238 236 234 
f 267 268 235 102 
f 81 90 88 79 
f 238 241 239 236 
f 72 81 79 70 
f 241 244 242 239 
f 63 72 70 61 
f 244 247 245 242 
f 54 63 61 52 
f 247 250 248 245 
f 45 54 52 43 
f 250 253 251 248 
f 33 45 43 31 
f 253 256 254 251 
f 35 33 31 34 
f 256 257 843 254 
s 2
f 99 98 97 100 
s 4
f 231 230 227 228 
s 2
f 272 269 1244 1246 
f 275 272 1246 1249 
f 278 275 1249 1252 
f 281 278 1252 1255 
f 284 281 1255 1258 
f 287 284 1258 1261 
f 290 287 1261 1264 
f 293 290 1264 1267 
f 296 293 1267 1270 
f 299 296 1270 1273 
f 302 299 1273 1276 
f 305 302 1276 1279 
f 308 305 1279 1282 
f 311 308 1282 1285 
f 314 311 1285 1288 
f 606 314 1288 1291 
s 1
f 271 633 925 270 
f 274 271 270 273 
f 277 274 273 276 
f 280 277 276 279 
f 283 280 279 282 
f 286 283 282 285 
f 289 286 285 288 
f 292 289 288 291 
f 295 292 291 294 
f 298 295 294 297 
f 301 298 297 300 
f 304 301 300 303 
f 307 304 303 306 
f 310 307 306 309 
f 313 310 309 312 
f 316 313 312 315 
s 2
f 269 272 270 925 
f 272 275 273 270 
f 275 278 276 273 
f 278 281 279 276 
f 281 284 282 279 
f 284 287 285 282 
f 287 290 288 285 
f 290 293 291 288 
f 293 296 294 291 
f 296 299 297 294 
f 299 302 300 297 
f 302 305 303 300 
f 305 308 306 303 
f 308 311 309 306 
f 311 314 312 309 
f 314 606 315 312 
s 1
f 317 320 319 318 
s 2
f 944 323 322 321 
s 1
f 324 327 326 325 
f 949 330 329 328 
f 320 332 331 319 
s 2
f 323 334 333 322 
s 1
f 327 336 335 326 
f 330 338 337 329 
f 332 340 339 331 
s 2
f 334 342 341 333 
s 1
f 336 344 343 335 
f 338 346 345 337 
f 340 348 347 339 
s 2
f 342 350 349 341 
s 1
f 344 352 351 343 
f 346 354 353 345 
f 348 356 355 347 
s 2
f 350 358 357 349 
s 1
f 352 360 359 351 
f 354 362 361 353 
f 356 364 363 355 
s 2
f 358 366 365 357 
s 1
f 360 368 367 359 
f 362 370 369 361 
f 364 372 371 363 
s 2
f 366 374 373 365 
s 1
f 368 376 375 367 
f 370 378 377 369 
f 372 380 379 371 
s 2
f 374 382 381 373 
s 1
f 376 384 383 375 
f 378 386 385 377 
f 380 388 387 379 
s 2
f 382 390 389 381 
f 391 394 393 392 
s 4
f 395 398 397 396 
s 1
f 386 400 399 385 
f 388 402 401 387 
s 2
f 390 404 403 389 
f 394 406 405 393 
s 4
f 398 408 407 397 
s 1
f 400 410 409 399 
f 402 412 411 401 
s 2
f 404 414 413 403 
f 406 416 415 405 
s 4
f 408 418 417 407 
s 1
f 410 420 419 409 
f 412 422 421 411 
s 2
f 414 424 423 413 
f 416 426 425 415 
s 4
f 418 428 427 417 
s 1
f 420 430 429 419 
f 422 432 431 421 
s 2
f 424 434 433 423 
f 426 436 435 425 
s 4
f 428 438 437 427 
s 1
f 430 440 439 429 
f 432 442 441 431 
s 2
f 434 444 443 433 
f 436 446 445 435 
s 4
f 438 448 447 437 
s 1
f 440 450 449 439 
f 442 452 451 441 
s 2
f 444 454 453 443 
f 446 456 455 445 
s 4
f 448 458 457 447 
s 1
f 450 460 459 449 
f 452 1 461 451 
s 2
f 454 195 198 453 
f 456 197 201 455 
s 4
f 458 200 17 457 
s 1
f 460 203 316 459 
s 4
f 1082 464 463 462 
f 464 466 465 463 
f 466 468 467 465 
f 468 470 469 467 
f 470 472 471 469 
f 472 474 473 471 
f 474 476 475 473 
f 476 396 477 475 
f 396 397 478 477 
f 397 407 479 478 
f 407 417 480 479 
f 417 427 481 480 
f 427 437 482 481 
f 437 447 483 482 
f 447 457 484 483 
f 457 17 204 484 
s 8
f 487 490 489 488 
s 4
f 491 494 493 492 
f 492 493 496 495 
f 495 496 498 497 
f 497 498 500 499 
f 499 500 502 501 
f 501 502 504 503 
f 503 504 506 505 
f 505 506 486 1125 
s 1
f 383 509 508 507 
f 384 512 511 510 
s 2
f 391 515 514 513 
f 392 518 517 516 
s 4
f 395 519 517 518 
s 8
f 487 516 517 519 
f 488 520 514 515 
f 489 510 511 521 
f 490 522 508 509 
s 4
f 491 523 514 520 
f 494 521 511 512 
s 1
f 319 525 524 318 
s 2
f 322 526 1145 321 
f 944 524 525 323 
s 1
f 326 527 1147 325 
f 324 485 528 327 
f 949 1149 529 330 
f 331 530 525 319 
s 2
f 333 531 526 322 
f 323 525 530 334 
s 1
f 335 532 527 326 
f 327 528 533 336 
f 330 529 534 338 
f 339 535 530 331 
s 2
f 341 536 531 333 
f 334 530 535 342 
s 1
f 343 537 532 335 
f 336 533 538 344 
f 338 534 539 346 
f 347 540 535 339 
s 2
f 349 541 536 341 
f 342 535 540 350 
s 1
f 351 542 537 343 
f 344 538 543 352 
f 346 539 544 354 
f 355 545 540 347 
s 2
f 357 546 541 349 
f 350 540 545 358 
s 1
f 359 547 542 351 
f 352 543 548 360 
f 354 544 549 362 
f 363 550 545 355 
s 2
f 365 551 546 357 
f 358 545 550 366 
s 1
f 367 552 547 359 
f 360 548 553 368 
f 362 549 554 370 
f 371 555 550 363 
s 2
f 373 556 551 365 
f 366 550 555 374 
s 1
f 375 557 552 367 
f 368 553 558 376 
f 370 554 559 378 
f 379 560 555 371 
s 2
f 381 523 556 373 
f 374 555 560 382 
s 1
f 383 507 557 375 
f 384 510 509 383 
f 376 558 512 384 
f 378 559 561 386 
f 387 562 560 379 
s 2
f 389 563 513 381 
f 382 560 562 390 
f 392 516 515 391 
f 393 564 518 392 
f 391 513 563 394 
s 4
f 396 522 519 395 
f 395 518 564 398 
s 1
f 386 561 565 400 
f 401 566 562 387 
s 2
f 403 567 563 389 
f 390 562 566 404 
f 405 568 564 393 
f 394 563 567 406 
s 4
f 398 564 568 408 
s 1
f 400 565 569 410 
f 411 570 566 401 
s 2
f 413 571 567 403 
f 404 566 570 414 
f 415 572 568 405 
f 406 567 571 416 
s 4
f 408 568 572 418 
s 1
f 410 569 573 420 
f 421 574 570 411 
s 2
f 423 575 571 413 
f 414 570 574 424 
f 425 576 572 415 
f 416 571 575 426 
s 4
f 418 572 576 428 
s 1
f 420 573 577 430 
f 431 578 574 421 
s 2
f 433 579 575 423 
f 424 574 578 434 
f 435 580 576 425 
f 426 575 579 436 
s 4
f 428 576 580 438 
s 1
f 430 577 581 440 
f 441 582 578 431 
s 2
f 443 583 579 433 
f 434 578 582 444 
f 445 584 580 435 
f 436 579 583 446 
s 4
f 438 580 584 448 
s 1
f 440 581 585 450 
f 451 586 582 441 
s 2
f 453 587 583 443 
f 444 582 586 454 
f 455 588 584 445 
f 446 583 587 456 
s 4
f 448 584 588 458 
s 1
f 450 585 589 460 
f 461 194 586 451 
s 2
f 198 196 587 453 
f 454 586 194 195 
f 201 199 588 455 
f 456 587 196 197 
s 4
f 458 588 199 200 
s 1
f 460 589 202 203 
s 4
f 463 529 1149 462 
f 1082 1147 527 464 
f 465 534 529 463 
f 464 527 532 466 
f 467 539 534 465 
f 466 532 537 468 
f 469 544 539 467 
f 468 537 542 470 
f 471 549 544 469 
f 470 542 547 472 
f 473 554 549 471 
f 472 547 552 474 
f 475 559 554 473 
f 474 552 557 476 
f 477 561 559 475 
f 476 557 507 396 
f 478 565 561 477 
f 479 569 565 478 
f 480 573 569 479 
f 481 577 573 480 
f 482 581 577 481 
f 483 585 581 482 
f 484 589 585 483 
f 204 202 589 484 
s 8
f 488 515 516 487 
f 489 521 520 488 
f 490 509 510 489 
f 487 519 522 490 
s 4
f 492 556 523 491 
f 494 512 558 493 
f 491 520 521 494 
f 495 551 556 492 
f 493 558 553 496 
f 497 546 551 495 
f 496 553 548 498 
f 499 541 546 497 
f 498 548 543 500 
f 501 536 541 499 
f 500 543 538 502 
f 503 531 536 501 
f 502 538 533 504 
f 505 526 531 503 
f 504 533 528 506 
f 1125 1145 526 505 
f 506 528 485 486 
s 2
f 381 513 514 523 
s 4
f 396 507 508 522 
s 2
f 590 1295 1297 591 
f 592 1301 1295 590 
f 593 1304 1301 592 
f 594 1307 1304 593 
f 595 1310 1307 594 
f 596 1313 1310 595 
f 597 1316 1313 596 
f 598 1319 1316 597 
f 599 1322 1319 598 
f 600 1325 1322 599 
f 601 1328 1325 600 
f 602 1331 1328 601 
f 603 1334 1331 602 
f 604 1337 1334 603 
f 605 1340 1337 604 
f 606 1291 1340 605 
s 1
f 329 608 607 328 
f 337 609 608 329 
f 345 610 609 337 
f 353 611 610 345 
f 361 612 611 353 
f 369 613 612 361 
f 377 614 613 369 
f 385 615 614 377 
f 399 616 615 385 
f 409 617 616 399 
f 419 618 617 409 
f 429 619 618 419 
f 439 620 619 429 
f 449 621 620 439 
f 459 622 621 449 
f 316 315 622 459 
s 2
f 591 607 608 590 
f 590 608 609 592 
f 592 609 610 593 
f 593 610 611 594 
f 594 611 612 595 
f 595 612 613 596 
f 596 613 614 597 
f 597 614 615 598 
f 598 615 616 599 
f 599 616 617 600 
f 600 617 618 601 
f 601 618 619 602 
f 602 619 620 603 
f 603 620 621 604 
f 604 621 622 605 
f 605 622 315 606 
s 1
f 623 625 624 26 
s 2
f 27 628 627 626 
s 1
f 629 631 630 205 
f 632 635 634 633 
f 625 637 636 624 
s 2
f 628 639 638 627 
s 1
f 631 641 640 630 
f 635 643 642 634 
f 637 645 644 636 
s 2
f 639 647 646 638 
s 1
f 641 649 648 640 
f 643 651 650 642 
f 645 653 652 644 
s 2
f 647 655 654 646 
s 1
f 649 657 656 648 
f 651 659 658 650 
f 653 661 660 652 
s 2
f 655 663 662 654 
s 1
f 657 665 664 656 
f 659 667 666 658 
f 661 669 668 660 
s 2
f 663 671 670 662 
s 1
f 665 673 672 664 
f 667 675 674 666 
f 669 677 676 668 
s 2
f 671 679 678 670 
s 1
f 673 681 680 672 
f 675 683 682 674 
f 677 685 684 676 
s 2
f 679 687 686 678 
s 1
f 681 689 688 680 
f 683 691 690 682 
f 685 693 692 684 
s 2
f 687 695 694 686 
f 696 699 698 697 
s 4
f 700 703 702 701 
s 1
f 691 705 704 690 
f 693 707 706 692 
s 2
f 695 709 708 694 
f 699 711 710 698 
s 4
f 703 713 712 702 
s 1
f 705 715 714 704 
f 707 717 716 706 
s 2
f 709 719 718 708 
f 711 721 720 710 
s 4
f 713 723 722 712 
s 1
f 715 725 724 714 
f 717 727 726 716 
s 2
f 719 729 728 718 
f 721 731 730 720 
s 4
f 723 733 732 722 
s 1
f 725 735 734 724 
f 727 737 736 726 
s 2
f 729 739 738 728 
f 731 741 740 730 
s 4
f 733 743 742 732 
s 1
f 735 745 744 734 
f 737 747 746 736 
s 2
f 739 749 748 738 
f 741 751 750 740 
s 4
f 743 753 752 742 
s 1
f 745 755 754 744 
f 747 757 756 746 
s 2
f 749 759 758 748 
f 751 761 760 750 
s 4
f 753 763 762 752 
s 1
f 755 765 764 754 
f 757 767 766 756 
s 2
f 759 769 768 758 
f 761 771 770 760 
s 4
f 763 773 772 762 
s 1
f 765 775 774 764 
s 4
f 776 779 778 777 
f 779 781 780 778 
f 781 783 782 780 
f 783 785 784 782 
f 785 787 786 784 
f 787 789 788 786 
f 789 791 790 788 
f 791 701 792 790 
f 701 702 793 792 
f 702 712 794 793 
f 712 722 795 794 
f 722 732 796 795 
f 732 742 797 796 
f 742 752 798 797 
f 752 762 799 798 
f 762 772 800 799 
s 8
f 801 804 803 802 
s 4
f 805 808 807 806 
f 806 807 810 809 
f 809 810 812 811 
f 811 812 814 813 
f 813 814 816 815 
f 815 816 818 817 
f 817 818 820 819 
f 819 820 257 35 
s 1
f 688 823 822 821 
f 689 826 825 824 
s 2
f 696 829 828 827 
f 697 832 831 830 
s 4
f 700 833 831 832 
s 8
f 801 830 831 833 
f 802 834 828 829 
f 803 824 825 835 
f 804 836 822 823 
s 4
f 805 837 828 834 
f 808 835 825 826 
s 1
f 624 838 25 26 
s 2
f 627 839 34 626 
f 27 25 838 628 
s 1
f 630 841 840 205 
f 629 843 842 631 
f 632 36 844 635 
f 636 845 838 624 
s 2
f 638 846 839 627 
f 628 838 845 639 
s 1
f 640 847 841 630 
f 631 842 848 641 
f 635 844 849 643 
f 644 850 845 636 
s 2
f 646 851 846 638 
f 639 845 850 647 
s 1
f 648 852 847 640 
f 641 848 853 649 
f 643 849 854 651 
f 652 855 850 644 
s 2
f 654 856 851 646 
f 647 850 855 655 
s 1
f 656 857 852 648 
f 649 853 858 657 
f 651 854 859 659 
f 660 860 855 652 
s 2
f 662 861 856 654 
f 655 855 860 663 
s 1
f 664 862 857 656 
f 657 858 863 665 
f 659 859 864 667 
f 668 865 860 660 
s 2
f 670 866 861 662 
f 663 860 865 671 
s 1
f 672 867 862 664 
f 665 863 868 673 
f 667 864 869 675 
f 676 870 865 668 
s 2
f 678 871 866 670 
f 671 865 870 679 
s 1
f 680 872 867 672 
f 673 868 873 681 
f 675 869 874 683 
f 684 875 870 676 
s 2
f 686 837 871 678 
f 679 870 875 687 
s 1
f 688 821 872 680 
f 689 824 823 688 
f 681 873 826 689 
f 683 874 876 691 
f 692 877 875 684 
s 2
f 694 878 827 686 
f 687 875 877 695 
f 697 830 829 696 
f 698 879 832 697 
f 696 827 878 699 
s 4
f 701 836 833 700 
f 700 832 879 703 
s 1
f 691 876 880 705 
f 706 881 877 692 
s 2
f 708 882 878 694 
f 695 877 881 709 
f 710 883 879 698 
f 699 878 882 711 
s 4
f 703 879 883 713 
s 1
f 705 880 884 715 
f 716 885 881 706 
s 2
f 718 886 882 708 
f 709 881 885 719 
f 720 887 883 710 
f 711 882 886 721 
s 4
f 713 883 887 723 
s 1
f 715 884 888 725 
f 726 889 885 716 
s 2
f 728 890 886 718 
f 719 885 889 729 
f 730 891 887 720 
f 721 886 890 731 
s 4
f 723 887 891 733 
s 1
f 725 888 892 735 
f 736 893 889 726 
s 2
f 738 894 890 728 
f 729 889 893 739 
f 740 895 891 730 
f 731 890 894 741 
s 4
f 733 891 895 743 
s 1
f 735 892 896 745 
f 746 897 893 736 
s 2
f 748 898 894 738 
f 739 893 897 749 
f 750 899 895 740 
f 741 894 898 751 
s 4
f 743 895 899 753 
s 1
f 745 896 900 755 
f 756 901 897 746 
s 2
f 758 902 898 748 
f 749 897 901 759 
f 760 903 899 750 
f 751 898 902 761 
s 4
f 753 899 903 763 
s 1
f 755 900 904 765 
f 766 905 901 756 
s 2
f 768 906 902 758 
f 759 901 905 769 
f 770 907 903 760 
f 761 902 906 771 
s 4
f 763 903 907 773 
s 1
f 765 904 908 775 
s 4
f 778 844 36 777 
f 776 840 841 779 
f 780 849 844 778 
f 779 841 847 781 
f 782 854 849 780 
f 781 847 852 783 
f 784 859 854 782 
f 783 852 857 785 
f 786 864 859 784 
f 785 857 862 787 
f 788 869 864 786 
f 787 862 867 789 
f 790 874 869 788 
f 789 867 872 791 
f 792 876 874 790 
f 791 872 821 701 
f 793 880 876 792 
f 794 884 880 793 
f 795 888 884 794 
f 796 892 888 795 
f 797 896 892 796 
f 798 900 896 797 
f 799 904 900 798 
f 800 908 904 799 
s 8
f 802 829 830 801 
f 803 835 834 802 
f 804 823 824 803 
f 801 833 836 804 
s 4
f 806 871 837 805 
f 808 826 873 807 
f 805 834 835 808 
f 809 866 871 806 
f 807 873 868 810 
f 811 861 866 809 
f 810 868 863 812 
f 813 856 861 811 
f 812 863 858 814 
f 815 851 856 813 
f 814 858 853 816 
f 817 846 851 815 
f 816 853 848 818 
f 819 839 846 817 
f 818 848 842 820 
f 35 34 839 819 
f 820 842 843 257 
s 2
f 686 827 828 837 
s 4
f 701 821 822 836 
s 2
f 909 1343 1244 269 
f 910 1346 1343 909 
f 911 1349 1346 910 
f 912 1352 1349 911 
f 913 1355 1352 912 
f 914 1358 1355 913 
f 915 1361 1358 914 
f 916 1364 1361 915 
f 917 1367 1364 916 
f 918 1370 1367 917 
f 919 1373 1370 918 
f 920 1376 1373 919 
f 921 1379 1376 920 
f 922 1382 1379 921 
f 923 1385 1382 922 
f 924 1388 1385 923 
s 1
f 634 926 925 633 
f 642 927 926 634 
f 650 928 927 642 
f 658 929 928 650 
f 666 930 929 658 
f 674 931 930 666 
f 682 932 931 674 
f 690 933 932 682 
f 704 934 933 690 
f 714 935 934 704 
f 724 936 935 714 
f 734 937 936 724 
f 744 938 937 734 
f 754 939 938 744 
f 764 940 939 754 
f 774 941 940 764 
s 2
f 269 925 926 909 
f 909 926 927 910 
f 910 927 928 911 
f 911 928 929 912 
f 912 929 930 913 
f 913 930 931 914 
f 914 931 932 915 
f 915 932 933 916 
f 916 933 934 917 
f 917 934 935 918 
f 918 935 936 919 
f 919 936 937 920 
f 920 937 938 921 
f 921 938 939 922 
f 922 939 940 923 
f 923 940 941 924 
s 1
f 317 318 943 942 
s 2
f 944 321 946 945 
s 1
f 324 325 948 947 
f 949 328 951 950 
f 942 943 953 952 
s 2
f 945 946 955 954 
s 1
f 947 948 957 956 
f 950 951 959 958 
f 952 953 961 960 
s 2
f 954 955 963 962 
s 1
f 956 957 965 964 
f 958 959 967 966 
f 960 961 969 968 
s 2
f 962 963 971 970 
s 1
f 964 965 973 972 
f 966 967 975 974 
f 968 969 977 976 
s 2
f 970 971 979 978 
s 1
f 972 973 981 980 
f 974 975 983 982 
f 976 977 985 984 
s 2
f 978 979 987 986 
s 1
f 980 981 989 988 
f 982 983 991 990 
f 984 985 993 992 
s 2
f 986 987 995 994 
s 1
f 988 989 997 996 
f 990 991 999 998 
f 992 993 1001 1000 
s 2
f 994 995 1003 1002 
s 1
f 996 997 1005 1004 
f 998 999 1007 1006 
f 1000 1001 1009 1008 
s 2
f 1002 1003 1011 1010 
f 1012 1015 1014 1013 
s 4
f 1016 1019 1018 1017 
s 1
f 1006 1007 1021 1020 
f 1008 1009 1023 1022 
s 2
f 1010 1011 1025 1024 
f 1013 1014 1027 1026 
s 4
f 1017 1018 1029 1028 
s 1
f 1020 1021 1031 1030 
f 1022 1023 1033 1032 
s 2
f 1024 1025 1035 1034 
f 1026 1027 1037 1036 
s 4
f 1028 1029 1039 1038 
s 1
f 1030 1031 1041 1040 
f 1032 1033 1043 1042 
s 2
f 1034 1035 1045 1044 
f 1036 1037 1047 1046 
s 4
f 1038 1039 1049 1048 
s 1
f 1040 1041 1051 1050 
f 1042 1043 1053 1052 
s 2
f 1044 1045 1055 1054 
f 1046 1047 1057 1056 
s 4
f 1048 1049 1059 1058 
s 1
f 1050 1051 1061 1060 
f 1052 1053 1063 1062 
s 2
f 1054 1055 1065 1064 
f 1056 1057 1067 1066 
s 4
f 1058 1059 1069 1068 
s 1
f 1060 1061 1071 1070 
f 1062 1063 1073 1072 
s 2
f 1064 1065 1075 1074 
f 1066 1067 1077 1076 
s 4
f 1068 1069 1079 1078 
s 1
f 1070 1071 1081 1080 
f 1072 1073 766 767 
s 2
f 1074 1075 768 769 
f 1076 1077 770 771 
s 4
f 1078 1079 772 773 
s 1
f 1080 1081 774 775 
s 4
f 1082 462 1084 1083 
f 1083 1084 1086 1085 
f 1085 1086 1088 1087 
f 1087 1088 1090 1089 
f 1089 1090 1092 1091 
f 1091 1092 1094 1093 
f 1093 1094 1096 1095 
f 1095 1096 1097 1019 
f 1019 1097 1098 1018 
f 1018 1098 1099 1029 
f 1029 1099 1100 1039 
f 1039 1100 1101 1049 
f 1049 1101 1102 1059 
f 1059 1102 1103 1069 
f 1069 1103 1104 1079 
f 1079 1104 800 772 
s 8
f 1105 1108 1107 1106 
s 4
f 1109 1112 1111 1110 
f 1112 1114 1113 1111 
f 1114 1116 1115 1113 
f 1116 1118 1117 1115 
f 1118 1120 1119 1117 
f 1120 1122 1121 1119 
f 1122 1124 1123 1121 
f 1124 1125 486 1123 
s 1
f 1005 1128 1127 1126 
f 1004 1131 1130 1129 
s 2
f 1012 1134 1133 1132 
f 1015 1137 1136 1135 
s 4
f 1016 1135 1136 1138 
s 8
f 1105 1138 1136 1137 
f 1108 1132 1133 1139 
f 1107 1140 1130 1131 
f 1106 1126 1127 1141 
s 4
f 1109 1139 1133 1142 
f 1110 1129 1130 1140 
s 1
f 943 318 524 1143 
s 2
f 946 321 1145 1144 
f 944 945 1143 524 
s 1
f 948 325 1147 1146 
f 324 947 1148 485 
f 949 950 1150 1149 
f 953 943 1143 1151 
s 2
f 955 946 1144 1152 
f 945 954 1151 1143 
s 1
f 957 948 1146 1153 
f 947 956 1154 1148 
f 950 958 1155 1150 
f 961 953 1151 1156 
s 2
f 963 955 1152 1157 
f 954 962 1156 1151 
s 1
f 965 957 1153 1158 
f 956 964 1159 1154 
f 958 966 1160 1155 
f 969 961 1156 1161 
s 2
f 971 963 1157 1162 
f 962 970 1161 1156 
s 1
f 973 965 1158 1163 
f 964 972 1164 1159 
f 966 974 1165 1160 
f 977 969 1161 1166 
s 2
f 979 971 1162 1167 
f 970 978 1166 1161 
s 1
f 981 973 1163 1168 
f 972 980 1169 1164 
f 974 982 1170 1165 
f 985 977 1166 1171 
s 2
f 987 979 1167 1172 
f 978 986 1171 1166 
s 1
f 989 981 1168 1173 
f 980 988 1174 1169 
f 982 990 1175 1170 
f 993 985 1171 1176 
s 2
f 995 987 1172 1177 
f 986 994 1176 1171 
s 1
f 997 989 1173 1178 
f 988 996 1179 1174 
f 990 998 1180 1175 
f 1001 993 1176 1181 
s 2
f 1003 995 1177 1142 
f 994 1002 1181 1176 
s 1
f 1005 997 1178 1128 
f 1004 1005 1126 1131 
f 996 1004 1129 1179 
f 998 1006 1182 1180 
f 1009 1001 1181 1183 
s 2
f 1011 1003 1134 1184 
f 1002 1010 1183 1181 
f 1015 1012 1132 1137 
f 1014 1015 1135 1185 
f 1012 1013 1184 1134 
s 4
f 1019 1016 1138 1141 
f 1016 1017 1185 1135 
s 1
f 1006 1020 1186 1182 
f 1023 1009 1183 1187 
s 2
f 1025 1011 1184 1188 
f 1010 1024 1187 1183 
f 1027 1014 1185 1189 
f 1013 1026 1188 1184 
s 4
f 1017 1028 1189 1185 
s 1
f 1020 1030 1190 1186 
f 1033 1023 1187 1191 
s 2
f 1035 1025 1188 1192 
f 1024 1034 1191 1187 
f 1037 1027 1189 1193 
f 1026 1036 1192 1188 
s 4
f 1028 1038 1193 1189 
s 1
f 1030 1040 1194 1190 
f 1043 1033 1191 1195 
s 2
f 1045 1035 1192 1196 
f 1034 1044 1195 1191 
f 1047 1037 1193 1197 
f 1036 1046 1196 1192 
s 4
f 1038 1048 1197 1193 
s 1
f 1040 1050 1198 1194 
f 1053 1043 1195 1199 
s 2
f 1055 1045 1196 1200 
f 1044 1054 1199 1195 
f 1057 1047 1197 1201 
f 1046 1056 1200 1196 
s 4
f 1048 1058 1201 1197 
s 1
f 1050 1060 1202 1198 
f 1063 1053 1199 1203 
s 2
f 1065 1055 1200 1204 
f 1054 1064 1203 1199 
f 1067 1057 1201 1205 
f 1056 1066 1204 1200 
s 4
f 1058 1068 1205 1201 
s 1
f 1060 1070 1206 1202 
f 1073 1063 1203 1207 
s 2
f 1075 1065 1204 1208 
f 1064 1074 1207 1203 
f 1077 1067 1205 1209 
f 1066 1076 1208 1204 
s 4
f 1068 1078 1209 1205 
s 1
f 1070 1080 1210 1206 
f 766 1073 1207 905 
s 2
f 768 1075 1208 906 
f 1074 769 905 1207 
f 770 1077 1209 907 
f 1076 771 906 1208 
s 4
f 1078 773 907 1209 
s 1
f 1080 775 908 1210 
s 4
f 1084 462 1149 1150 
f 1082 1083 1146 1147 
f 1086 1084 1150 1155 
f 1083 1085 1153 1146 
f 1088 1086 1155 1160 
f 1085 1087 1158 1153 
f 1090 1088 1160 1165 
f 1087 1089 1163 1158 
f 1092 1090 1165 1170 
f 1089 1091 1168 1163 
f 1094 1092 1170 1175 
f 1091 1093 1173 1168 
f 1096 1094 1175 1180 
f 1093 1095 1178 1173 
f 1097 1096 1180 1182 
f 1095 1019 1128 1178 
f 1098 1097 1182 1186 
f 1099 1098 1186 1190 
f 1100 1099 1190 1194 
f 1101 1100 1194 1198 
f 1102 1101 1198 1202 
f 1103 1102 1202 1206 
f 1104 1103 1206 1210 
f 800 1104 1210 908 
s 8
f 1108 1105 1137 1132 
f 1107 1108 1139 1140 
f 1106 1107 1131 1126 
f 1105 1106 1141 1138 
s 4
f 1112 1109 1142 1177 
f 1110 1111 1179 1129 
f 1109 1110 1140 1139 
f 1114 1112 1177 1172 
f 1111 1113 1174 1179 
f 1116 1114 1172 1167 
f 1113 1115 1169 1174 
f 1118 1116 1167 1162 
f 1115 1117 1164 1169 
f 1120 1118 1162 1157 
f 1117 1119 1159 1164 
f 1122 1120 1157 1152 
f 1119 1121 1154 1159 
f 1124 1122 1152 1144 
f 1121 1123 1148 1154 
f 1125 1124 1144 1145 
f 1123 486 485 1148 
s 2
f 1003 1142 1133 1134 
s 4
f 1019 1141 1127 1128 
s 2
f 1211 591 1297 1390 
f 1212 1211 1390 1393 
f 1213 1212 1393 1396 
f 1214 1213 1396 1399 
f 1215 1214 1399 1402 
f 1216 1215 1402 1405 
f 1217 1216 1405 1408 
f 1218 1217 1408 1411 
f 1219 1218 1411 1414 
f 1220 1219 1414 1417 
f 1221 1220 1417 1420 
f 1222 1221 1420 1423 
f 1223 1222 1423 1426 
f 1224 1223 1426 1429 
f 1225 1224 1429 1432 
f 924 1225 1432 1388 
s 1
f 951 328 607 1226 
f 959 951 1226 1227 
f 967 959 1227 1228 
f 975 967 1228 1229 
f 983 975 1229 1230 
f 991 983 1230 1231 
f 999 991 1231 1232 
f 1007 999 1232 1233 
f 1021 1007 1233 1234 
f 1031 1021 1234 1235 
f 1041 1031 1235 1236 
f 1051 1041 1236 1237 
f 1061 1051 1237 1238 
f 1071 1061 1238 1239 
f 1081 1071 1239 1240 
f 774 1081 1240 941 
s 2
f 591 1211 1226 607 
f 1211 1212 1227 1226 
f 1212 1213 1228 1227 
f 1213 1214 1229 1228 
f 1214 1215 1230 1229 
f 1215 1216 1231 1230 
f 1216 1217 1232 1231 
f 1217 1218 1233 1232 
f 1218 1219 1234 1233 
f 1219 1220 1235 1234 
f 1220 1221 1236 1235 
f 1221 1222 1237 1236 
f 1222 1223 1238 1237 
f 1223 1224 1239 1238 
f 1224 1225 1240 1239 
f 1225 924 941 1240 
s 1
f 1247 1243 1241 
f 1250 1247 1241 
f 1253 1250 1241 
f 1256 1253 1241 
f 1259 1256 1241 
f 1262 1259 1241 
f 1265 1262 1241 
f 1268 1265 1241 
f 1271 1268 1241 
f 1274 1271 1241 
f 1277 1274 1241 
f 1280 1277 1241 
f 1283 1280 1241 
f 1286 1283 1241 
f 1289 1286 1241 
f 1292 1289 1241 
f 1298 1294 1241 
f 1294 1300 1241 
f 1300 1303 1241 
f 1303 1306 1241 
f 1306 1309 1241 
f 1309 1312 1241 
f 1312 1315 1241 
f 1315 1318 1241 
f 1318 1321 1241 
f 1321 1324 1241 
f 1324 1327 1241 
f 1327 1330 1241 
f 1330 1333 1241 
f 1333 1336 1241 
f 1336 1339 1241 
f 1339 1292 1241 
f 1243 1342 1241 
f 1342 1345 1241 
f 1345 1348 1241 
f 1348 1351 1241 
f 1351 1354 1241 
f 1354 1357 1241 
f 1357 1360 1241 
f 1360 1363 1241 
f 1363 1366 1241 
f 1366 1369 1241 
f 1369 1372 1241 
f 1372 1375 1241 
f 1375 1378 1241 
f 1378 1381 1241 
f 1381 1384 1241 
f 1384 1387 1241 
f 1391 1298 1241 
f 1394 1391 1241 
f 1397 1394 1241 
f 1400 1397 1241 
f 1403 1400 1241 
f 1406 1403 1241 
f 1409 1406 1241 
f 1412 1409 1241 
f 1415 1412 1241 
f 1418 1415 1241 
f 1421 1418 1241 
f 1424 1421 1241 
f 1427 1424 1241 
f 1430 1427 1241 
f 1433 1430 1241 
f 1387 1433 1241 
s 2
f 1246 1244 1242 1245 
f 1249 1246 1245 1248 
f 1252 1249 1248 1251 
f 1255 1252 1251 1254 
f 1258 1255 1254 1257 
f 1261 1258 1257 1260 
f 1264 1261 1260 1263 
f 1267 1264 1263 1266 
f 1270 1267 1266 1269 
f 1273 1270 1269 1272 
f 1276 1273 1272 1275 
f 1279 1276 1275 1278 
f 1282 1279 1278 1281 
f 1285 1282 1281 1284 
f 1288 1285 1284 1287 
f 1291 1288 1287 1290 
f 1297 1295 1293 1296 
f 1295 1301 1299 1293 
f 1301 1304 1302 1299 
f 1304 1307 1305 1302 
f 1307 1310 1308 1305 
f 1310 1313 1311 1308 
f 1313 1316 1314 1311 
f 1316 1319 1317 1314 
f 1319 1322 1320 1317 
f 1322 1325 1323 1320 
f 1325 1328 1326 1323 
f 1328 1331 1329 1326 
f 1331 1334 1332 1329 
f 1334 1337 1335 1332 
f 1337 1340 1338 1335 
f 1340 1291 1290 1338 
f 1244 1343 1341 1242 
f 1343 1346 1344 1341 
f 1346 1349 1347 1344 
f 1349 1352 1350 1347 
f 1352 1355 1353 1350 
f 1355 1358 1356 1353 
f 1358 1361 1359 1356 
f 1361 1364 1362 1359 
f 1364 1367 1365 1362 
f 1367 1370 1368 1365 
f 1370 1373 1371 1368 
f 1373 1376 1374 1371 
f 1376 1379 1377 1374 
f 1379 1382 1380 1377 
f 1382 1385 1383 1380 
f 1385 1388 1386 1383 
f 1390 1297 1296 1389 
f 1393 1390 1389 1392 
f 1396 1393 1392 1395 
f 1399 1396 1395 1398 
f 1402 1399 1398 1401 
f 1405 1402 1401 1404 
f 1408 1405 1404 1407 
f 1411 1408 1407 1410 
f 1414 1411 1410 1413 
f 1417 1414 1413 1416 
f 1420 1417 1416 1419 
f 1423 1420 1419 1422 
f 1426 1423 1422 1425 
f 1429 1426 1425 1428 
f 1432 1429 1428 1431 
f 1388 1432 1431 1386 
s 1
f 1243 1247 1245 1242 
f 1247 1250 1248 1245 
f 1250 1253 1251 1248 
f 1253 1256 1254 1251 
f 1256 1259 1257 1254 
f 1259 1262 1260 1257 
f 1262 1265 1263 1260 
f 1265 1268 1266 1263 
f 1268 1271 1269 1266 
f 1271 1274 1272 1269 
f 1274 1277 1275 1272 
f 1277 1280 1278 1275 
f 1280 1283 1281 1278 
f 1283 1286 1284 1281 
f 1286 1289 1287 1284 
f 1289 1292 1290 1287 
f 1294 1298 1296 1293 
f 1300 1294 1293 1299 
f 1303 1300 1299 1302 
f 1306 1303 1302 1305 
f 1309 1306 1305 1308 
f 1312 1309 1308 1311 
f 1315 1312 1311 1314 
f 1318 1315 1314 1317 
f 1321 1318 1317 1320 
f 1324 1321 1320 1323 
f 1327 1324 1323 1326 
f 1330 1327 1326 1329 
f 1333 1330 1329 1332 
f 1336 1333 1332 1335 
f 1339 1336 1335 1338 
f 1292 1339 1338 1290 
f 1342 1243 1242 1341 
f 1345 1342 1341 1344 
f 1348 1345 1344 1347 
f 1351 1348 1347 1350 
f 1354 1351 1350 1353 
f 1357 1354 1353 1356 
f 1360 1357 1356 1359 
f 1363 1360 1359 1362 
f 1366 1363 1362 1365 
f 1369 1366 1365 1368 
f 1372 1369 1368 1371 
f 1375 1372 1371 1374 
f 1378 1375 1374 1377 
f 1381 1378 1377 1380 
f 1384 1381 1380 1383 
f 1387 1384 1383 1386 
f 1298 1391 1389 1296 
f 1391 1394 1392 1389 
f 1394 1397 1395 1392 
f 1397 1400 1398 1395 
f 1400 1403 1401 1398 
f 1403 1406 1404 1401 
f 1406 1409 1407 1404 
f 1409 1412 1410 1407 
f 1412 1415 1413 1410 
f 1415 1418 1416 1413 
f 1418 1421 1419 1416 
f 1421 1424 1422 1419 
f 1424 1427 1425 1422 
f 1427 1430 1428 1425 
f 1430 1433 1431 1428 
f 1433 1387 1386 1431 
f 1436 1438 1441 
f 1549 1441 1438 
f 1435 1838 1439 1440 
f 1452 1957 1969 1970 
f 1759 1761 1443 1444 
f 1772 1771 1445 1446 
f 1480 1448 1449 
f 1524 1450 1451 
f 1543 1454 1455 1452 
f 1557 1636 1644 
f 1567 1624 1634 
f 1596 1582 1594 
f 1606 1620 1622 
f 1646 1519 1477 
f 1648 1515 1516 
f 1654 1511 1512 
f 1656 1507 1508 
f 1658 1503 1504 
f 1698 1664 1666 
f 1702 1750 1662 
f 1742 1716 1740 
f 1746 1712 1714 
f 1776 1525 1520 
f 1804 1790 1798 
f 1806 1786 1788 
f 1808 1816 1820 
f 1824 1778 1784 
f 1849 1955 1456 
f 8115 1454 1459 1555 
f 1543 1460 1459 1454 
f 1558 1462 1578 1461 
f 1563 1464 1585 1463 
f 1466 1464 1465 1602 
f 1563 1465 1464 
f 1568 1468 1573 1467 
f 1470 1603 1469 1592 
f 1472 1467 1471 1608 
f 1573 1471 1467 
f 1474 1899 1473 1593 
f 1872 1476 1565 1475 
f 1448 1478 1646 1477 
f 1480 1479 1478 1448 
f 1873 1875 1479 1480 
f 1659 1483 1918 1482 
f 1485 1490 1484 1893 
f 1670 1484 1490 
f 1690 1487 1693 1486 
f 1489 1487 1488 1734 
f 1690 1488 1487 
f 1696 1491 1670 1490 
f 1493 1491 1492 1700 
f 1696 1492 1491 
f 1703 1495 1747 1494 
f 1721 1497 1736 1496 
f 1730 1499 1725 1498 
f 1501 1499 1500 1950 
f 1730 1500 1499 
f 1503 1782 1502 1504 
f 1752 1505 1658 1504 
f 1507 1505 1506 1508 
f 1752 1506 1505 
f 1754 1509 1656 1508 
f 1511 1509 1510 1512 
f 1754 1510 1509 
f 1756 1513 1654 1512 
f 1515 1513 1514 1516 
f 1756 1514 1513 
f 1758 1517 1648 1516 
f 1519 1517 1518 1477 
f 1758 1518 1517 
f 1770 1521 1776 1520 
f 1523 1521 1522 1783 
f 1770 1522 1521 
f 1525 1526 1524 1520 
f 1526 1528 1450 1524 
f 1528 1527 1450 
f 1818 1530 1829 1529 
f 1532 1530 1531 1834 
f 1818 1531 1530 
f 1534 1835 1533 1848 
f 1536 1826 1535 1810 
f 1538 1827 1537 1437 
f 1547 1544 1460 1543 
f 1544 1546 1614 1545 
f 1547 1546 1544 
f 1553 1550 1441 1549 
f 1550 1552 1576 1551 
f 1553 1552 1550 
f 8115 1554 1552 1553 
f 1555 1554 8115 
f 1598 1556 1554 1555 
f 1560 1558 1636 1557 
f 1560 1462 1558 
f 1560 1475 1559 1462 
f 1565 1559 1475 
f 1577 1562 1588 1561 
f 1617 1564 1465 1563 
f 1551 1566 1559 1565 
f 1576 1566 1551 
f 1570 1568 1624 1567 
f 1570 1468 1568 
f 1570 1461 1569 1468 
f 1578 1569 1461 
f 1589 1572 1580 1571 
f 1571 1574 1471 1573 
f 1580 1574 1571 
f 1584 1577 1566 1576 
f 1584 1562 1577 
f 1561 1579 1569 1578 
f 1588 1579 1561 
f 1590 1581 1574 1580 
f 1581 1583 1594 1582 
f 1590 1583 1581 
f 1587 1585 1562 1584 
f 1587 1463 1585 
f 1587 1556 1586 1463 
f 1598 1586 1556 
f 1600 1589 1579 1588 
f 1600 1572 1589 
f 1470 1591 1583 1590 
f 1592 1591 1470 
f 1604 1593 1591 1592 
f 1604 1474 1593 
f 1868 1595 1596 1594 
f 1611 1597 1582 1596 
f 1545 1599 1586 1598 
f 1614 1599 1545 
f 1466 1601 1572 1600 
f 1602 1601 1466 
f 1618 1603 1601 1602 
f 1618 1469 1603 
f 1641 1605 1474 1604 
f 1472 1607 1620 1606 
f 1608 1607 1472 
f 1597 1609 1607 1608 
f 1611 1609 1597 
f 1611 1892 1610 1609 
f 1630 1613 1869 1612 
f 1548 1615 1599 1614 
f 1616 1615 1548 
f 1626 1617 1615 1616 
f 1626 1564 1617 
f 1629 1619 1469 1618 
f 1613 1621 1622 1620 
f 1630 1621 1613 
f 1632 1623 1606 1622 
f 1623 1625 1634 1624 
f 1632 1625 1623 
f 1542 1627 1564 1626 
f 1628 1627 1542 
f 1638 1629 1627 1628 
f 1638 1619 1629 
f 1884 1631 1621 1630 
f 1880 1633 1625 1632 
f 1642 1635 1567 1634 
f 1635 1637 1644 1636 
f 1642 1637 1635 
f 1458 1639 1619 1638 
f 1640 1639 1458 
f 1650 1641 1639 1640 
f 1650 1605 1641 
f 1876 1643 1637 1642 
f 1871 1645 1557 1644 
f 1879 1647 1519 1646 
f 1883 1649 1515 1648 
f 1541 1651 1605 1650 
f 1652 1651 1541 
f 1902 1653 1651 1652 
f 1685 1655 1511 1654 
f 1679 1657 1507 1656 
f 1661 1659 1503 1658 
f 1661 1483 1659 
f 1661 1676 1660 1483 
f 1674 1663 1702 1662 
f 1663 1665 1666 1664 
f 1674 1665 1663 
f 1680 1667 1698 1666 
f 1667 1669 1686 1668 
f 1680 1669 1667 
f 1668 1671 1484 1670 
f 1686 1671 1668 
f 1692 1673 1895 1672 
f 1660 1675 1665 1674 
f 1676 1675 1660 
f 1657 1677 1675 1676 
f 1679 1677 1657 
f 1679 1682 1678 1677 
f 1678 1681 1669 1680 
f 1682 1681 1678 
f 1655 1683 1681 1682 
f 1685 1683 1655 
f 1685 1886 1684 1683 
f 1888 1687 1671 1686 
f 1673 1689 1708 1688 
f 1692 1689 1673 
f 1904 1691 1488 1690 
f 1695 1693 1689 1692 
f 1695 1486 1693 
f 1695 1900 1694 1486 
f 1688 1697 1492 1696 
f 1708 1697 1688 
f 1493 1699 1664 1698 
f 1700 1699 1493 
f 1710 1701 1699 1700 
f 1705 1703 1750 1702 
f 1705 1495 1703 
f 1705 1701 1704 1495 
f 1710 1704 1701 
f 1720 1707 1711 1706 
f 1732 1709 1697 1708 
f 1718 1711 1704 1710 
f 1718 1706 1711 
f 1707 1713 1714 1712 
f 1720 1713 1707 
f 1724 1715 1746 1714 
f 1715 1717 1740 1716 
f 1724 1717 1715 
f 1709 1719 1706 1718 
f 1732 1719 1709 
f 1723 1721 1713 1720 
f 1723 1497 1721 
f 1723 1735 1722 1497 
f 1727 1725 1717 1724 
f 1727 1498 1725 
f 1727 1496 1726 1498 
f 1736 1726 1496 
f 1912 1729 1738 1728 
f 1728 1731 1500 1730 
f 1738 1731 1728 
f 1489 1733 1719 1732 
f 1734 1733 1489 
f 1744 1735 1733 1734 
f 1744 1722 1735 
f 1910 1737 1726 1736 
f 1915 1739 1731 1738 
f 1914 1741 1742 1740 
f 1942 1743 1716 1742 
f 1907 1745 1722 1744 
f 1749 1747 1712 1746 
f 1749 1494 1747 
f 1749 1939 1748 1494 
f 1917 1751 1662 1750 
f 1769 1753 1506 1752 
f 1766 1755 1510 1754 
f 1763 1757 1514 1756 
f 1761 1759 1518 1758 
f 1761 1762 1443 
f 1757 1760 1762 
f 1763 1760 1757 
f 1765 1755 1764 1760 
f 1768 1753 1767 1764 
f 1769 1775 1767 1753 
f 1445 1771 1522 1770 
f 1767 1773 1772 
f 1767 1774 1773 
f 1775 1780 1774 1767 
f 1931 1777 1525 1776 
f 1920 1779 1784 1778 
f 1502 1781 1774 1780 
f 1782 1781 1502 
f 1792 1783 1781 1782 
f 1792 1523 1783 
f 1794 1785 1824 1784 
f 1785 1787 1788 1786 
f 1794 1787 1785 
f 1796 1789 1806 1788 
f 1789 1791 1798 1790 
f 1796 1791 1789 
f 1935 1793 1523 1792 
f 1924 1795 1787 1794 
f 1926 1797 1791 1796 
f 1802 1799 1804 1798 
f 1799 1801 1937 1800 
f 1802 1801 1799 
f 1930 1803 1801 1802 
f 1941 1805 1790 1804 
f 1813 1807 1786 1806 
f 1536 1809 1816 1808 
f 1810 1809 1536 
f 1807 1811 1809 1810 
f 1813 1811 1807 
f 1813 1944 1812 1811 
f 1828 1815 1946 1814 
f 1815 1817 1820 1816 
f 1828 1817 1815 
f 1859 1819 1531 1818 
f 1832 1821 1808 1820 
f 1821 1823 1843 1822 
f 1832 1823 1821 
f 1535 1825 1778 1824 
f 1826 1825 1535 
f 1836 1827 1825 1826 
f 1836 1537 1827 
f 1831 1829 1817 1828 
f 1831 1529 1829 
f 1831 1951 1830 1529 
f 1532 1833 1823 1832 
f 1834 1833 1532 
f 1841 1835 1833 1834 
f 1841 1533 1835 
f 1822 1837 1537 1836 
f 1843 1837 1822 
f 1844 1839 1439 1838 
f 1855 1842 1533 1841 
f 1846 1844 1837 1843 
f 1846 1839 1844 
f 1534 1847 1839 1846 
f 1848 1847 1534 
f 1850 1849 1847 1848 
f 1850 1851 1453 1849 
f 1854 1852 1453 1851 
f 1854 1539 1852 
f 1854 1842 1853 1539 
f 1855 1853 1842 
f 1858 1856 1853 1855 
f 1858 1840 1856 
f 1858 1819 1857 1840 
f 1859 1857 1819 
f 1862 1860 1857 1859 
f 1862 1845 1860 
f 1862 1953 1861 1845 
f 1911 1909 1864 
f 1908 1906 1865 
f 1905 1904 1903 1866 
f 1902 1901 1653 
f 1899 1898 1473 
f 1892 1891 1610 
f 1871 1434 1870 1645 
f 1870 1436 1476 1872 
f 1876 1877 1481 1643 
f 1633 1878 1481 1877 
f 1880 1878 1633 
f 1880 1881 1879 1878 
f 1881 1647 1879 
f 1631 1882 1647 1881 
f 1884 1882 1631 
f 1884 1885 1883 1882 
f 1885 1649 1883 
f 1887 1886 1649 1885 
f 1887 1684 1886 
f 1889 1888 1684 1887 
f 1889 1687 1888 
f 1612 1890 1687 1889 
f 1894 1893 1891 1892 
f 1894 1485 1893 
f 1896 1895 1485 1894 
f 1896 1672 1895 
f 1595 1897 1672 1896 
f 1867 1900 1898 1899 
f 1867 1694 1900 
f 1575 1903 1901 1902 
f 1540 1906 1691 1905 
f 1908 1907 1906 
f 1457 1909 1745 1908 
f 1911 1910 1909 
f 1863 1912 1737 1911 
f 1863 1729 1912 
f 1915 1954 1739 
f 1950 1949 1501 
f 1939 1938 1748 
f 1916 1937 1936 1917 
f 1751 1936 1934 1918 
f 1437 1956 1538 
f 1922 1920 1919 
f 1922 1921 1779 1920 
f 1527 1923 2515 
f 1927 1924 1923 1527 
f 1927 1925 1795 1924 
f 1927 1928 1926 1925 
f 1928 1797 1926 
f 1777 1929 1797 1928 
f 1931 1929 1777 
f 1931 1932 1930 1929 
f 1932 1803 1930 
f 1793 1933 1803 1932 
f 1935 1933 1793 
f 1935 1482 1934 1933 
f 1743 1940 1938 1939 
f 1942 1940 1743 
f 1942 1943 1941 1940 
f 1943 1805 1941 
f 1945 1944 1805 1943 
f 1945 1812 1944 
f 1947 1946 1812 1945 
f 1947 1814 1946 
f 1741 1948 1814 1947 
f 1952 1951 1949 1950 
f 1952 1830 1951 
f 1913 1953 1830 1952 
f 1913 1861 1953 
f 2483 1864 1457 2484 
f 2485 1640 1458 2486 
f 2487 1852 1539 2488 
f 2489 1865 1540 2490 
f 2491 1652 1541 2492 
f 2493 1628 1542 2494 
f 2495 1546 1547 2496 
f 2497 1616 1548 2498 
f 2499 1866 1575 2500 
f 2501 1856 1840 2502 
f 2503 1860 1845 2504 
f 2505 1729 1863 2506 
f 2507 1954 1915 2508 
f 1447 2510 2511 1955 
f 1442 1838 1435 
f 1891 1890 1869 1610 
f 1890 1612 1869 
f 1897 1595 1868 
f 1898 1897 1868 1473 
f 1901 1694 1867 1653 
f 1903 1575 1866 
f 1905 1691 1904 
f 1906 1540 1865 
f 1908 1745 1907 
f 1909 1457 1864 
f 1911 1737 1910 
f 1528 1927 1527 
f 1452 1455 1957 
f 1436 1870 1434 1438 
f 1874 1875 1873 
f 1871 2514 1434 
f 1875 1643 1481 1479 
f 1762 1760 1443 
f 1763 1765 1760 
f 1755 1766 1764 
f 1766 1768 1764 
f 1773 1771 1772 
f 1437 1442 1435 1956 
f 1956 1919 1538 
f 1956 1922 1919 
f 1849 1453 1955 
f 1453 1447 1955 
f 1936 1751 1917 
f 1916 1800 1937 
f 1934 1482 1918 
f 1948 1741 1914 
f 1949 1948 1914 1501 
f 1938 1800 1916 1748 
f 1954 1861 1913 1739 
f 1958 1960 1959 
f 1961 1962 1959 1960 
f 1963 1966 1965 1964 
f 1967 1970 1969 1968 
f 1971 1974 1973 1972 
f 1975 1978 1977 1976 
f 1979 1981 1980 
f 1982 1984 1983 
f 1985 1967 1987 1986 
f 1988 1990 1989 
f 1991 1993 1992 
f 1994 1996 1995 
f 1997 1999 1998 
f 2000 2002 2001 
f 2003 2005 2004 
f 2006 2008 2007 
f 2009 2011 2010 
f 2012 2014 2013 
f 2015 2017 2016 
f 2018 2020 2019 
f 2021 2023 2022 
f 2024 2026 2025 
f 2027 2029 2028 
f 2030 2032 2031 
f 2033 2035 2034 
f 2036 2038 2037 
f 2039 2041 2040 
f 2042 2044 2043 
f 2045 2047 2046 1986 
f 1985 1986 2046 2048 
f 2049 2052 2051 2050 
f 2053 2056 2055 2054 
f 2057 2059 2058 2054 
f 2053 2054 2058 
f 2060 2063 2062 2061 
f 2064 2067 2066 2065 
f 2068 2070 2069 2063 
f 2062 2063 2069 
f 2071 2074 2073 2072 
f 2075 2078 2077 2076 
f 1980 2002 2000 2079 
f 1979 1980 2079 2080 
f 2081 1979 2080 2082 
f 2083 2086 2085 2084 
f 2087 2090 2089 2088 
f 2091 2088 2089 
f 2092 2095 2094 2093 
f 2096 2098 2097 2093 
f 2092 2093 2097 
f 2099 2088 2091 2100 
f 2101 2103 2102 2100 
f 2099 2100 2102 
f 2104 2107 2106 2105 
f 2108 2111 2110 2109 
f 2112 2115 2114 2113 
f 2116 2118 2117 2113 
f 2112 2113 2117 
f 2013 2014 2120 2119 
f 2121 2014 2012 2122 
f 2010 2011 2123 2122 
f 2121 2122 2123 
f 2124 2011 2009 2125 
f 2007 2008 2126 2125 
f 2124 2125 2126 
f 2127 2008 2006 2128 
f 2004 2005 2129 2128 
f 2127 2128 2129 
f 2130 2005 2003 2131 
f 2001 2002 2132 2131 
f 2130 2131 2132 
f 2133 2029 2027 2134 
f 2135 2137 2136 2134 
f 2133 2134 2136 
f 2028 2029 1982 2138 
f 2138 1982 1983 2139 
f 2139 1983 2140 
f 2141 2144 2143 2142 
f 2145 2147 2146 2142 
f 2141 2142 2146 
f 2148 2151 2150 2149 
f 2152 2155 2154 2153 
f 2156 2159 2158 2157 
f 2160 1985 2048 2161 
f 2161 2164 2163 2162 
f 2160 2161 2162 
f 2165 1961 1960 2166 
f 2166 2169 2168 2167 
f 2165 2166 2167 
f 2045 2165 2167 2170 
f 2047 2045 2170 
f 2171 2047 2170 2172 
f 2173 1988 1989 2049 
f 2173 2049 2050 
f 2173 2050 2174 2078 
f 2077 2078 2174 
f 2175 2178 2177 2176 
f 2179 2053 2058 2180 
f 2169 2077 2174 2181 
f 2168 2169 2181 
f 2182 1991 1992 2060 
f 2182 2060 2061 
f 2182 2061 2183 2052 
f 2051 2052 2183 
f 2184 2187 2186 2185 
f 2187 2062 2069 2188 
f 2186 2187 2188 
f 2189 2168 2181 2175 
f 2189 2175 2176 
f 2178 2051 2183 2190 
f 2177 2178 2190 
f 2191 2186 2188 2192 
f 2192 1995 1996 2193 
f 2191 2192 2193 
f 2194 2189 2176 2055 
f 2194 2055 2056 
f 2194 2056 2195 2172 
f 2171 2172 2195 
f 2196 2177 2190 2184 
f 2196 2184 2185 
f 2064 2191 2193 2197 
f 2067 2064 2197 
f 2198 2067 2197 2074 
f 2198 2074 2071 
f 2199 1996 1994 2200 
f 2201 1994 1995 2202 
f 2164 2171 2195 2203 
f 2163 2164 2203 
f 2057 2196 2185 2204 
f 2059 2057 2204 
f 2205 2059 2204 2065 
f 2205 2065 2066 
f 2206 2198 2071 2207 
f 2068 1997 1998 2208 
f 2070 2068 2208 
f 2202 2070 2208 2209 
f 2201 2202 2209 
f 2201 2209 2211 2210 
f 2212 2215 2214 2213 
f 2216 2163 2203 2217 
f 2218 2216 2217 
f 2219 2218 2217 2179 
f 2219 2179 2180 
f 2220 2205 2066 2221 
f 2213 1998 1999 2222 
f 2212 2213 2222 
f 2223 1999 1997 2224 
f 2224 1992 1993 2225 
f 2223 2224 2225 
f 2226 2219 2180 2227 
f 2228 2226 2227 
f 2229 2228 2227 2220 
f 2229 2220 2221 
f 2230 2212 2222 2231 
f 2232 2223 2225 2233 
f 2234 1993 1991 2235 
f 2235 1989 1990 2236 
f 2234 2235 2236 
f 2237 2229 2221 2238 
f 2239 2237 2238 
f 2240 2239 2238 2206 
f 2240 2206 2207 
f 2241 2234 2236 2242 
f 2243 1990 1988 2244 
f 2245 2000 2001 2246 
f 2247 2003 2004 2248 
f 2249 2240 2207 2250 
f 2251 2249 2250 
f 2252 2251 2250 2253 
f 2254 2006 2007 2255 
f 2256 2009 2010 2257 
f 2258 2012 2013 2083 
f 2258 2083 2084 
f 2258 2084 2260 2259 
f 2261 2020 2018 2262 
f 2262 2016 2017 2263 
f 2261 2262 2263 
f 2264 2017 2015 2265 
f 2265 2268 2267 2266 
f 2264 2265 2266 
f 2268 2091 2089 2269 
f 2267 2268 2269 
f 2270 2273 2272 2271 
f 2260 2261 2263 2274 
f 2259 2260 2274 
f 2257 2259 2274 2275 
f 2256 2257 2275 
f 2256 2275 2277 2276 
f 2277 2264 2266 2278 
f 2276 2277 2278 
f 2255 2276 2278 2279 
f 2254 2255 2279 
f 2254 2279 2281 2280 
f 2282 2267 2269 2283 
f 2271 2286 2285 2284 
f 2270 2271 2284 
f 2287 2092 2097 2288 
f 2289 2270 2284 2094 
f 2289 2094 2095 
f 2289 2095 2291 2290 
f 2286 2099 2102 2292 
f 2285 2286 2292 
f 2101 2015 2016 2293 
f 2103 2101 2293 
f 2294 2103 2293 2295 
f 2296 2018 2019 2104 
f 2296 2104 2105 
f 2296 2105 2297 2295 
f 2294 2295 2297 
f 2298 2301 2300 2299 
f 2302 2285 2292 2303 
f 2304 2294 2297 2300 
f 2304 2300 2301 
f 2299 2025 2026 2305 
f 2298 2299 2305 
f 2306 2026 2024 2307 
f 2307 2022 2023 2308 
f 2306 2307 2308 
f 2303 2304 2301 2309 
f 2302 2303 2309 
f 2310 2298 2305 2108 
f 2310 2108 2109 
f 2310 2109 2312 2311 
f 2313 2306 2308 2114 
f 2313 2114 2115 
f 2313 2115 2314 2111 
f 2110 2111 2314 
f 2315 2318 2317 2316 
f 2318 2112 2117 2319 
f 2317 2318 2319 
f 2096 2302 2309 2320 
f 2098 2096 2320 
f 2321 2098 2320 2311 
f 2321 2311 2312 
f 2322 2110 2314 2323 
f 2324 2317 2319 2325 
f 2326 2023 2021 2327 
f 2328 2021 2022 2329 
f 2330 2321 2312 2331 
f 2332 2024 2025 2106 
f 2332 2106 2107 
f 2332 2107 2334 2333 
f 2335 2019 2020 2336 
f 2337 2121 2123 2338 
f 2339 2124 2126 2340 
f 2341 2127 2129 2342 
f 1972 2130 2132 1971 
f 1972 1973 2343 
f 2342 2343 2344 
f 2341 2342 2344 
f 2345 2344 2346 2340 
f 2347 2346 2348 2338 
f 2337 2338 2348 2349 
f 1977 2133 2136 1976 
f 2348 1975 2350 
f 2348 2350 2351 
f 2349 2348 2351 2352 
f 2353 2027 2028 2354 
f 2355 2040 2041 2356 
f 2120 2352 2351 2357 
f 2119 2120 2357 
f 2358 2119 2357 2137 
f 2358 2137 2135 
f 2359 2041 2039 2360 
f 2360 2034 2035 2361 
f 2359 2360 2361 
f 2362 2035 2033 2363 
f 2363 2031 2032 2364 
f 2362 2363 2364 
f 2365 2358 2135 2366 
f 2367 2359 2361 2368 
f 2369 2362 2364 2370 
f 2371 2032 2030 2372 
f 2372 2375 2374 2373 
f 2371 2372 2373 
f 2376 2371 2373 2377 
f 2378 2030 2031 2379 
f 2380 2033 2034 2381 
f 2152 2036 2037 2382 
f 2155 2152 2382 
f 2381 2155 2382 2383 
f 2380 2381 2383 
f 2380 2383 2385 2384 
f 2386 2389 2388 2387 
f 2387 2037 2038 2390 
f 2386 2387 2390 
f 2391 2141 2146 2392 
f 2393 2038 2036 2394 
f 2394 2397 2396 2395 
f 2393 2394 2395 
f 2154 2039 2040 2398 
f 2153 2154 2398 
f 2399 2153 2398 2157 
f 2399 2157 2158 
f 2400 2386 2390 2143 
f 2400 2143 2144 
f 2400 2144 2402 2401 
f 2145 2393 2395 2403 
f 2147 2145 2403 
f 2404 2147 2403 2149 
f 2404 2149 2150 
f 2397 2399 2158 2405 
f 2396 2397 2405 
f 2406 1964 1965 2407 
f 2408 2404 2150 2409 
f 2410 2396 2405 2406 
f 2410 2406 2407 
f 2148 2410 2407 2411 
f 2151 2148 2411 
f 2412 2151 2411 2042 
f 2412 2042 2414 2413 
f 2415 2413 2414 2416 
f 2415 2416 2417 
f 2415 2417 2418 2409 
f 2408 2409 2418 
f 2419 2408 2418 2420 
f 2419 2420 2421 
f 2419 2421 2422 2392 
f 2391 2392 2422 
f 2423 2391 2422 2424 
f 2423 2424 2425 
f 2423 2425 2427 2426 
f 2428 2430 2429 
f 2431 2433 2432 
f 2434 2436 2435 2287 
f 2252 2253 2437 
f 2072 2073 2438 
f 2210 2211 2439 
f 2243 2244 2441 2440 
f 2441 2075 2076 1958 
f 2241 2242 2443 2442 
f 2233 2442 2443 2444 
f 2232 2233 2444 
f 2232 2444 2245 2445 
f 2445 2245 2246 
f 2231 2445 2246 2446 
f 2230 2231 2446 
f 2230 2446 2247 2447 
f 2447 2247 2248 
f 2448 2447 2248 2280 
f 2448 2280 2281 
f 2449 2448 2281 2282 
f 2449 2282 2283 
f 2215 2449 2283 2450 
f 2451 2210 2439 2090 
f 2451 2090 2087 
f 2452 2451 2087 2272 
f 2452 2272 2273 
f 2200 2452 2273 2453 
f 2454 2072 2438 2290 
f 2454 2290 2291 
f 2455 2252 2437 2435 
f 2456 2434 2288 2432 
f 2431 2432 2330 
f 2457 2431 2331 2429 
f 2428 2429 2322 
f 2458 2428 2323 2315 
f 2458 2315 2316 
f 2324 2325 2459 
f 2118 2116 2460 
f 2333 2334 2461 
f 2462 2335 2463 2374 
f 2336 2085 2464 2463 
f 2159 2156 2465 
f 2466 2467 2355 
f 2466 2355 2356 2516 
f 2140 2468 2469 
f 2470 2140 2469 2367 
f 2470 2367 2368 2471 
f 2470 2471 2369 2472 
f 2472 2369 2370 
f 2354 2472 2370 2473 
f 2353 2354 2473 
f 2353 2473 2376 2474 
f 2474 2376 2377 
f 2366 2474 2377 2475 
f 2365 2366 2475 
f 2365 2475 2464 2086 
f 2329 2333 2461 2476 
f 2328 2329 2476 
f 2328 2476 2378 2477 
f 2477 2378 2379 
f 2478 2477 2379 2384 
f 2478 2384 2385 
f 2479 2478 2385 2388 
f 2479 2388 2389 
f 2327 2479 2389 2480 
f 2481 2118 2460 2401 
f 2481 2401 2402 
f 2482 2481 2402 2426 
f 2482 2426 2427 
f 2483 2484 2457 2430 
f 2485 2486 2237 2239 
f 2487 2488 2417 2416 
f 2489 2490 2456 2433 
f 2491 2492 2249 2251 
f 2493 2494 2226 2228 
f 2495 2496 2160 2162 
f 2497 2498 2216 2218 
f 2499 2500 2455 2436 
f 2501 2502 2421 2420 
f 2503 2504 2425 2424 
f 2505 2506 2458 2316 
f 2507 2508 2324 2459 
f 2509 2043 2511 2510 
f 2512 1963 1964 
f 2439 2211 2214 2450 
f 2450 2214 2215 
f 2453 2199 2200 
f 2438 2073 2199 2453 
f 2437 2253 2454 2291 
f 2435 2436 2455 
f 2434 2287 2288 
f 2432 2433 2456 
f 2431 2330 2331 
f 2429 2430 2457 
f 2428 2322 2323 
f 2139 2140 2470 
f 1967 1968 1987 
f 1958 1959 2440 2441 
f 2517 2081 2082 
f 2243 2440 2513 
f 2082 2080 2443 2242 
f 2343 1973 2344 
f 2341 2344 2345 
f 2340 2346 2339 
f 2339 2346 2347 
f 2350 1975 1976 
f 2159 2465 1963 2512 
f 2465 2156 2467 
f 2465 2467 2466 
f 2042 2043 2414 
f 2414 2043 2509 
f 2463 2335 2336 
f 2462 2374 2375 
f 2464 2085 2086 
f 2480 2326 2327 
f 2460 2116 2326 2480 
f 2461 2334 2462 2375 
f 2459 2325 2482 2427 
s 2
f 1476 1436 2518 2544 
f 1442 1437 2519 2521 
s 4
f 1436 1441 2520 2518 
f 1838 1442 2521 2892 
s 2
f 2510 1447 2522 3539 
f 1543 1452 2523 2605 
s 4
f 1447 1453 2524 2522 
s 2
f 2484 1457 2525 3513 
f 2486 1458 2526 3515 
f 1555 1459 2527 2615 
s 4
f 1459 1460 2528 2527 
s 2
f 1558 1461 2529 2618 
f 1578 1462 2530 2638 
f 1563 1463 2531 2623 
f 1585 1464 2532 2645 
f 1602 1465 2533 2662 
s 4
f 1464 1466 2534 2532 
s 2
f 1568 1467 2535 2628 
f 1573 1468 2536 2633 
f 1592 1469 2537 2652 
f 1603 1470 2538 2663 
f 1608 1471 2539 2668 
s 4
f 1467 1472 2540 2535 
s 2
f 1593 1473 2541 2653 
f 1899 1474 2542 2949 
f 1872 1475 2543 2923 
s 4
f 1565 1476 2544 2625 
s 2
f 1646 1478 2545 2706 
s 4
f 1478 1479 2546 2545 
s 2
f 1479 1481 2547 2546 
f 1659 1482 2548 2719 
f 1918 1483 2549 2968 
f 1893 1484 2550 2943 
f 1490 1485 2551 2556 
f 1690 1486 2552 2750 
f 1693 1487 2553 2753 
f 1734 1488 2554 2794 
s 4
f 1487 1489 2555 2553 
f 1696 1490 2556 2756 
s 2
f 1670 1491 2557 2730 
f 1700 1492 2558 2760 
s 4
f 1491 1493 2559 2557 
s 2
f 1703 1494 2560 2763 
f 1747 1495 2561 2807 
f 1721 1496 2562 2781 
f 1736 1497 2563 2796 
f 1730 1498 2564 2790 
f 1725 1499 2565 2785 
f 1950 1500 2566 2999 
s 4
f 1499 1501 2567 2565 
s 2
f 1504 1502 2568 2570 
f 1782 1503 2569 2836 
s 4
f 1752 1504 2570 2812 
s 2
f 1658 1505 2571 2718 
f 1508 1506 2572 2574 
s 4
f 1505 1507 2573 2571 
f 1754 1508 2574 2814 
s 2
f 1656 1509 2575 2716 
f 1512 1510 2576 2578 
s 4
f 1509 1511 2577 2575 
f 1756 1512 2578 2816 
s 2
f 1654 1513 2579 2714 
f 1516 1514 2580 2582 
s 4
f 1513 1515 2581 2579 
f 1758 1516 2582 2818 
s 2
f 1648 1517 2583 2708 
s 4
f 1517 1519 2584 2583 
s 2
f 1776 1521 2585 2830 
f 1783 1522 2586 2837 
s 4
f 1521 1523 2587 2585 
s 2
f 1526 1525 2588 2589 
s 4
f 1528 1526 2589 2590 
s 2
f 1927 1528 2590 2976 
f 1818 1529 2591 2872 
f 1829 1530 2592 2883 
f 1834 1531 2593 2888 
s 4
f 1530 1532 2594 2592 
s 2
f 1848 1533 2595 2900 
f 1835 1534 2596 2889 
f 1810 1535 2597 2864 
f 1826 1536 2598 2880 
s 4
f 1437 1537 2599 2519 
s 2
f 1827 1538 2600 2881 
f 2488 1539 2601 3517 
f 2490 1540 2602 3519 
f 2492 1541 2603 3521 
f 2494 1542 2604 3523 
s 4
f 1547 1543 2605 2609 
s 2
f 1460 1544 2606 2528 
s 4
f 1544 1545 2607 2606 
s 2
f 1614 1546 2608 2674 
f 2496 1547 2609 3525 
f 2498 1548 2610 3527 
f 1441 1550 2611 2520 
s 4
f 1550 1551 2612 2611 
s 2
f 1576 1552 2613 2636 
s 4
f 1552 1554 2614 2613 
f 1598 1555 2615 2658 
s 2
f 1554 1556 2616 2614 
f 1560 1557 2617 2620 
s 4
f 1636 1558 2618 2696 
f 1462 1559 2619 2530 
f 1475 1560 2620 2543 
s 2
f 1577 1561 2621 2637 
f 1588 1562 2622 2648 
s 4
f 1617 1563 2623 2677 
f 1465 1564 2624 2533 
s 2
f 1551 1565 2625 2612 
f 1559 1566 2626 2619 
f 1570 1567 2627 2630 
s 4
f 1624 1568 2628 2684 
f 1468 1569 2629 2536 
f 1461 1570 2630 2529 
s 2
f 1589 1571 2631 2649 
f 1580 1572 2632 2640 
s 4
f 1571 1573 2633 2631 
f 1471 1574 2634 2539 
s 2
f 2500 1575 2635 3529 
s 4
f 1584 1576 2636 2644 
f 1566 1577 2637 2626 
f 1561 1578 2638 2621 
s 2
f 1569 1579 2639 2629 
s 4
f 1590 1580 2640 2650 
s 2
f 1574 1581 2641 2634 
s 4
f 1581 1582 2642 2641 
s 2
f 1594 1583 2643 2654 
f 1587 1584 2644 2647 
s 4
f 1562 1585 2645 2622 
f 1463 1586 2646 2531 
f 1556 1587 2647 2616 
f 1600 1588 2648 2660 
f 1579 1589 2649 2639 
s 8
f 1470 1590 2650 2538 
s 4
f 1583 1591 2651 2643 
f 1604 1592 2652 2664 
s 8
f 1591 1593 2653 2651 
s 4
f 1868 1594 2654 2919 
s 2
f 1596 1595 2655 2656 
s 4
f 1611 1596 2656 2671 
s 2
f 1582 1597 2657 2642 
f 1545 1598 2658 2607 
f 1586 1599 2659 2646 
f 1466 1600 2660 2534 
s 4
f 1572 1601 2661 2632 
f 1618 1602 2662 2678 
s 8
f 1601 1603 2663 2661 
s 2
f 1641 1604 2664 2701 
s 4
f 1474 1605 2665 2542 
s 2
f 1472 1606 2666 2540 
f 1620 1607 2667 2680 
s 4
f 1597 1608 2668 2657 
f 1607 1609 2669 2667 
s 2
f 1609 1610 2670 2669 
f 1892 1611 2671 2942 
f 1630 1612 2672 2690 
f 1869 1613 2673 2920 
s 4
f 1548 1614 2674 2610 
f 1599 1615 2675 2659 
s 2
f 1626 1616 2676 2686 
f 1615 1617 2677 2675 
f 1629 1618 2678 2689 
s 4
f 1469 1619 2679 2537 
f 1613 1620 2680 2673 
s 2
f 1622 1621 2681 2682 
s 4
f 1632 1622 2682 2692 
f 1606 1623 2683 2666 
s 2
f 1623 1624 2684 2683 
f 1634 1625 2685 2694 
s 4
f 1542 1626 2686 2604 
s 2
f 1564 1627 2687 2624 
f 1638 1628 2688 2698 
s 4
f 1627 1629 2689 2687 
f 1884 1630 2690 2934 
f 1621 1631 2691 2681 
s 2
f 1880 1632 2692 2930 
s 4
f 1625 1633 2693 2685 
f 1642 1634 2694 2702 
f 1567 1635 2695 2627 
s 2
f 1635 1636 2696 2695 
f 1644 1637 2697 2704 
s 4
f 1458 1638 2698 2526 
s 2
f 1619 1639 2699 2679 
f 1650 1640 2700 2710 
s 4
f 1639 1641 2701 2699 
s 2
f 1876 1642 2702 2926 
s 4
f 1637 1643 2703 2697 
f 1871 1644 2704 2922 
f 1557 1645 2705 2617 
f 1879 1646 2706 2929 
s 2
f 1519 1647 2707 2584 
s 4
f 1883 1648 2708 2933 
s 2
f 1515 1649 2709 2581 
s 4
f 1541 1650 2710 2603 
s 2
f 1605 1651 2711 2665 
f 1902 1652 2712 2952 
s 4
f 1651 1653 2713 2711 
f 1685 1654 2714 2745 
s 2
f 1511 1655 2715 2577 
s 4
f 1679 1656 2716 2739 
s 2
f 1507 1657 2717 2573 
s 4
f 1661 1658 2718 2721 
f 1503 1659 2719 2569 
f 1483 1660 2720 2549 
s 2
f 1676 1661 2721 2736 
f 1674 1662 2722 2734 
f 1702 1663 2723 2762 
s 4
f 1663 1664 2724 2723 
s 2
f 1666 1665 2725 2726 
s 4
f 1680 1666 2726 2740 
s 2
f 1698 1667 2727 2758 
s 4
f 1667 1668 2728 2727 
s 2
f 1686 1669 2729 2746 
s 8
f 1668 1670 2730 2728 
s 4
f 1484 1671 2731 2550 
s 2
f 1692 1672 2732 2752 
f 1895 1673 2733 2945 
s 8
f 1660 1674 2734 2720 
s 4
f 1665 1675 2735 2725 
f 1657 1676 2736 2717 
s 2
f 1675 1677 2737 2735 
s 4
f 1677 1678 2738 2737 
s 2
f 1682 1679 2739 2742 
f 1678 1680 2740 2738 
s 4
f 1669 1681 2741 2729 
f 1655 1682 2742 2715 
s 2
f 1681 1683 2743 2741 
s 4
f 1683 1684 2744 2743 
s 2
f 1886 1685 2745 2936 
s 4
f 1888 1686 2746 2938 
s 2
f 1671 1687 2747 2731 
s 4
f 1673 1688 2748 2733 
s 2
f 1708 1689 2749 2768 
s 4
f 1904 1690 2750 2954 
f 1488 1691 2751 2554 
f 1695 1692 2752 2755 
f 1689 1693 2753 2749 
f 1486 1694 2754 2552 
s 2
f 1900 1695 2755 2950 
f 1688 1696 2756 2748 
s 4
f 1492 1697 2757 2558 
s 8
f 1493 1698 2758 2559 
s 2
f 1664 1699 2759 2724 
s 4
f 1710 1700 2760 2770 
f 1699 1701 2761 2759 
f 1705 1702 2762 2765 
f 1750 1703 2763 2810 
f 1495 1704 2764 2561 
s 2
f 1701 1705 2765 2761 
f 1720 1706 2766 2780 
f 1711 1707 2767 2771 
s 4
f 1732 1708 2768 2792 
s 2
f 1697 1709 2769 2757 
f 1718 1710 2770 2778 
s 8
f 1704 1711 2771 2764 
s 4
f 1707 1712 2772 2767 
s 2
f 1714 1713 2773 2774 
s 4
f 1724 1714 2774 2784 
s 2
f 1746 1715 2775 2806 
s 4
f 1715 1716 2776 2775 
s 2
f 1740 1717 2777 2800 
s 4
f 1709 1718 2778 2769 
f 1706 1719 2779 2766 
f 1723 1720 2780 2783 
f 1713 1721 2781 2773 
f 1497 1722 2782 2563 
s 2
f 1735 1723 2783 2795 
f 1727 1724 2784 2787 
s 4
f 1717 1725 2785 2777 
f 1498 1726 2786 2564 
f 1496 1727 2787 2562 
s 2
f 1912 1728 2788 2962 
f 1738 1729 2789 2798 
s 4
f 1728 1730 2790 2788 
f 1500 1731 2791 2566 
s 2
f 1489 1732 2792 2555 
f 1719 1733 2793 2779 
s 4
f 1744 1734 2794 2804 
f 1733 1735 2795 2793 
f 1910 1736 2796 2960 
s 2
f 1726 1737 2797 2786 
s 4
f 1915 1738 2798 2965 
s 2
f 1731 1739 2799 2791 
s 4
f 1914 1740 2800 2964 
s 2
f 1742 1741 2801 2802 
s 4
f 1942 1742 2802 2991 
s 2
f 1716 1743 2803 2776 
f 1907 1744 2804 2957 
f 1722 1745 2805 2782 
s 4
f 1749 1746 2806 2809 
s 8
f 1712 1747 2807 2772 
s 4
f 1494 1748 2808 2560 
s 2
f 1939 1749 2809 2988 
f 1917 1750 2810 2967 
s 4
f 1662 1751 2811 2722 
s 2
f 1769 1752 2812 2825 
s 4
f 1506 1753 2813 2572 
s 2
f 1766 1754 2814 2823 
s 4
f 1510 1755 2815 2576 
s 2
f 1763 1756 2816 2821 
s 4
f 1514 1757 2817 2580 
s 2
f 1761 1758 2818 2819 
s 4
f 1762 1761 2819 2820 
s 2
f 1757 1762 2820 2817 
s 4
f 1765 1763 2821 2822 
s 2
f 1755 1765 2822 2815 
s 4
f 1768 1766 2823 2824 
s 2
f 1753 1768 2824 2813 
s 4
f 1775 1769 2825 2829 
f 1522 1771 2826 2586 
s 2
f 1771 1773 2827 2826 
s 4
f 1773 1774 2828 2827 
s 2
f 1780 1775 2829 2834 
s 4
f 1931 1776 2830 2980 
f 1525 1777 2831 2588 
s 2
f 1920 1778 2832 2970 
f 1784 1779 2833 2838 
s 4
f 1502 1780 2834 2568 
s 2
f 1774 1781 2835 2828 
s 4
f 1792 1782 2836 2846 
f 1781 1783 2837 2835 
f 1794 1784 2838 2848 
s 2
f 1824 1785 2839 2878 
s 4
f 1785 1786 2840 2839 
s 2
f 1788 1787 2841 2842 
s 4
f 1796 1788 2842 2850 
s 2
f 1806 1789 2843 2860 
s 4
f 1789 1790 2844 2843 
s 2
f 1798 1791 2845 2852 
f 1935 1792 2846 2984 
f 1523 1793 2847 2587 
f 1924 1794 2848 2973 
s 4
f 1787 1795 2849 2841 
s 2
f 1926 1796 2850 2975 
s 4
f 1791 1797 2851 2845 
f 1802 1798 2852 2856 
s 2
f 1804 1799 2853 2858 
s 4
f 1799 1800 2854 2853 
s 2
f 1937 1801 2855 2986 
f 1930 1802 2856 2979 
s 4
f 1801 1803 2857 2855 
f 1941 1804 2858 2990 
s 2
f 1790 1805 2859 2844 
s 4
f 1813 1806 2860 2867 
s 2
f 1786 1807 2861 2840 
s 4
f 1536 1808 2862 2598 
s 2
f 1816 1809 2863 2870 
s 4
f 1807 1810 2864 2861 
f 1809 1811 2865 2863 
s 2
f 1811 1812 2866 2865 
f 1944 1813 2867 2993 
f 1828 1814 2868 2882 
f 1946 1815 2869 2995 
s 4
f 1815 1816 2870 2869 
s 2
f 1820 1817 2871 2874 
s 4
f 1859 1818 2872 2910 
f 1531 1819 2873 2593 
f 1832 1820 2874 2886 
s 2
f 1808 1821 2875 2862 
s 4
f 1821 1822 2876 2875 
s 2
f 1843 1823 2877 2896 
s 4
f 1535 1824 2878 2597 
f 1778 1825 2879 2832 
f 1836 1826 2880 2890 
s 8
f 1825 1827 2881 2879 
s 4
f 1831 1828 2882 2885 
f 1817 1829 2883 2871 
f 1529 1830 2884 2591 
s 2
f 1951 1831 2885 3000 
f 1532 1832 2886 2594 
s 4
f 1823 1833 2887 2877 
f 1841 1834 2888 2894 
s 8
f 1833 1835 2889 2887 
s 2
f 1822 1836 2890 2876 
f 1537 1837 2891 2599 
f 1844 1838 2892 2897 
f 2502 1840 2893 3531 
f 1855 1841 2894 2906 
s 4
f 1533 1842 2895 2595 
f 1846 1843 2896 2899 
f 1837 1844 2897 2891 
s 2
f 2504 1845 2898 3533 
s 8
f 1534 1846 2899 2596 
s 4
f 1850 1848 2900 2901 
s 2
f 1851 1850 2901 2902 
s 4
f 1854 1851 2902 2905 
s 2
f 1453 1852 2903 2524 
s 4
f 1539 1853 2904 2601 
s 2
f 1842 1854 2905 2895 
s 4
f 1858 1855 2906 2909 
s 2
f 1853 1856 2907 2904 
s 4
f 1840 1857 2908 2893 
s 2
f 1819 1858 2909 2873 
f 1862 1859 2910 2913 
f 1857 1860 2911 2908 
s 4
f 1845 1861 2912 2898 
f 1953 1862 2913 3002 
s 2
f 2506 1863 2914 3535 
f 1911 1864 2915 2961 
f 1908 1865 2916 2958 
f 1905 1866 2917 2955 
f 1653 1867 2918 2713 
s 8
f 1473 1868 2919 2541 
s 4
f 1610 1869 2920 2670 
s 2
f 1645 1870 2921 2705 
f 2514 1871 2922 3542 
s 4
f 1870 1872 2923 2921 
s 2
f 1875 1874 2924 2925 
s 8
f 1643 1875 2925 2703 
s 4
f 1877 1876 2926 2927 
s 2
f 1633 1877 2927 2693 
s 4
f 1481 1878 2928 2547 
s 2
f 1878 1879 2929 2928 
s 4
f 1881 1880 2930 2931 
s 2
f 1631 1881 2931 2691 
s 4
f 1647 1882 2932 2707 
s 2
f 1882 1883 2933 2932 
f 1885 1884 2934 2935 
s 4
f 1887 1885 2935 2937 
f 1649 1886 2936 2709 
s 2
f 1889 1887 2937 2939 
f 1684 1888 2938 2744 
s 4
f 1612 1889 2939 2672 
f 1687 1890 2940 2747 
s 2
f 1890 1891 2941 2940 
s 4
f 1894 1892 2942 2944 
f 1891 1893 2943 2941 
s 2
f 1896 1894 2944 2946 
s 4
f 1485 1895 2945 2551 
f 1595 1896 2946 2655 
f 1672 1897 2947 2732 
s 2
f 1897 1898 2948 2947 
s 4
f 1867 1899 2949 2918 
f 1898 1900 2950 2948 
s 2
f 1694 1901 2951 2754 
s 4
f 1575 1902 2952 2635 
f 1901 1903 2953 2951 
s 2
f 1903 1904 2954 2953 
s 4
f 1540 1905 2955 2602 
s 2
f 1691 1906 2956 2751 
s 4
f 1906 1907 2957 2956 
f 1457 1908 2958 2525 
f 1745 1909 2959 2805 
s 2
f 1909 1910 2960 2959 
s 4
f 1863 1911 2961 2914 
f 1737 1912 2962 2797 
f 1739 1913 2963 2799 
s 2
f 1501 1914 2964 2567 
f 2508 1915 2965 3537 
f 1748 1916 2966 2808 
s 4
f 1916 1917 2967 2966 
s 8
f 1751 1918 2968 2811 
s 4
f 1538 1919 2969 2600 
s 8
f 1919 1920 2970 2969 
s 4
f 1779 1921 2971 2833 
s 2
f 2515 1923 2972 3543 
s 4
f 1923 1924 2973 2972 
s 2
f 1795 1925 2974 2849 
s 4
f 1925 1926 2975 2974 
f 1928 1927 2976 2977 
s 2
f 1777 1928 2977 2831 
f 1797 1929 2978 2851 
s 4
f 1929 1930 2979 2978 
s 2
f 1932 1931 2980 2981 
s 4
f 1793 1932 2981 2847 
s 2
f 1803 1933 2982 2857 
s 4
f 1933 1934 2983 2982 
f 1482 1935 2984 2548 
s 2
f 1934 1936 2985 2983 
s 4
f 1936 1937 2986 2985 
s 2
f 1800 1938 2987 2854 
s 4
f 1743 1939 2988 2803 
f 1938 1940 2989 2987 
s 2
f 1940 1941 2990 2989 
f 1943 1942 2991 2992 
s 4
f 1945 1943 2992 2994 
f 1805 1944 2993 2859 
s 2
f 1947 1945 2994 2996 
s 4
f 1812 1946 2995 2866 
f 1741 1947 2996 2801 
f 1814 1948 2997 2868 
s 2
f 1948 1949 2998 2997 
s 4
f 1952 1950 2999 3001 
f 1949 1951 3000 2998 
s 2
f 1913 1952 3001 2963 
f 1830 1953 3002 2884 
f 1861 1954 3003 2912 
s 4
f 1452 1970 3012 2523 
f 1864 2483 3512 2915 
f 1640 2485 3514 2700 
f 1852 2487 3516 2903 
f 1865 2489 3518 2916 
f 1652 2491 3520 2712 
f 1628 2493 3522 2688 
f 1546 2495 3524 2608 
f 1616 2497 3526 2676 
f 1866 2499 3528 2917 
f 1856 2501 3530 2907 
f 1860 2503 3532 2911 
f 1729 2505 3534 2789 
f 1954 2507 3536 3003 
s 2
f 1960 1958 3004 3005 
f 1962 1961 3006 3007 
f 1965 1966 3010 3009 
s 4
f 1970 1967 3011 3012 
s 2
f 1974 1971 3013 3015 
f 1977 1978 3018 3017 
f 1980 1981 3020 3019 
f 1984 1982 3021 3022 
f 1986 1987 3025 3024 
f 1967 1985 3023 3011 
f 2044 2042 3080 3081 
s 4
f 2045 1986 3024 3082 
s 2
f 2046 2047 3084 3083 
s 4
f 2048 2046 3083 3085 
s 2
f 2050 2051 3088 3087 
f 2052 2049 3086 3089 
f 2054 2055 3092 3091 
f 2056 2053 3090 3093 
s 4
f 2057 2054 3091 3094 
s 2
f 2058 2059 3096 3095 
f 2061 2062 3099 3098 
f 2063 2060 3097 3100 
f 2064 2065 3102 3101 
f 2066 2067 3104 3103 
s 4
f 2068 2063 3100 3105 
s 2
f 2069 2070 3107 3106 
f 2071 2072 3109 3108 
f 2073 2074 3111 3110 
f 2076 2077 3114 3113 
f 2078 2075 3112 3115 
f 2079 2000 3038 3116 
s 4
f 2002 1980 3019 3040 
f 2080 2079 3116 3117 
s 2
f 2084 2085 3121 3120 
f 2086 2083 3119 3122 
f 2087 2088 3124 3123 
f 2089 2090 3126 3125 
f 2093 2094 3130 3129 
f 2095 2092 3128 3131 
s 4
f 2096 2093 3129 3132 
s 2
f 2097 2098 3134 3133 
f 2100 2091 3127 3136 
s 4
f 2088 2099 3135 3124 
f 2101 2100 3136 3137 
s 2
f 2102 2103 3139 3138 
f 2105 2106 3142 3141 
f 2107 2104 3140 3143 
f 2109 2110 3146 3145 
f 2111 2108 3144 3147 
f 2113 2114 3150 3149 
f 2115 2112 3148 3151 
s 4
f 2116 2113 3149 3152 
s 2
f 2117 2118 3154 3153 
f 2013 2119 3155 3051 
f 2120 2014 3052 3156 
f 2122 2012 3050 3158 
s 4
f 2014 2121 3157 3052 
f 2010 2122 3158 3048 
s 2
f 2123 2011 3049 3159 
f 2125 2009 3047 3161 
s 4
f 2011 2124 3160 3049 
f 2007 2125 3161 3045 
s 2
f 2126 2008 3046 3162 
f 2128 2006 3044 3164 
s 4
f 2008 2127 3163 3046 
f 2004 2128 3164 3042 
s 2
f 2129 2005 3043 3165 
f 2131 2003 3041 3167 
s 4
f 2005 2130 3166 3043 
f 2001 2131 3167 3039 
s 2
f 2132 2002 3040 3168 
f 2134 2027 3065 3170 
f 2029 2133 3169 3067 
s 4
f 2135 2134 3170 3171 
s 2
f 2136 2137 3173 3172 
f 2028 2138 3174 3066 
s 4
f 1982 2029 3067 3021 
f 2138 2139 3175 3174 
s 2
f 2142 2143 3178 3177 
f 2144 2141 3176 3179 
s 4
f 2145 2142 3177 3180 
s 2
f 2146 2147 3182 3181 
f 2148 2149 3184 3183 
f 2150 2151 3186 3185 
f 2152 2153 3188 3187 
f 2154 2155 3190 3189 
f 2156 2157 3192 3191 
f 2158 2159 3194 3193 
f 2161 2048 3085 3196 
s 4
f 1985 2160 3195 3023 
s 2
f 2162 2163 3198 3197 
s 4
f 2164 2161 3196 3199 
f 2166 1960 3005 3201 
f 1961 2165 3200 3006 
s 2
f 2167 2168 3203 3202 
f 2169 2166 3201 3204 
s 4
f 2170 2167 3202 3205 
s 2
f 2165 2045 3082 3200 
f 2172 2170 3205 3207 
s 4
f 2047 2171 3206 3084 
f 2049 1989 3027 3086 
s 2
f 1988 2173 3208 3026 
s 4
f 2173 2078 3115 3208 
f 2174 2050 3087 3209 
s 2
f 2176 2177 3212 3211 
f 2178 2175 3210 3213 
s 4
f 2180 2058 3095 3215 
f 2053 2179 3214 3090 
s 2
f 2181 2174 3209 3216 
s 4
f 2077 2169 3204 3114 
f 2060 1992 3030 3097 
s 2
f 1991 2182 3217 3029 
s 4
f 2182 2052 3089 3217 
f 2183 2061 3098 3218 
s 2
f 2185 2186 3221 3220 
f 2187 2184 3219 3222 
s 4
f 2188 2069 3106 3223 
f 2062 2187 3222 3099 
f 2175 2181 3216 3210 
f 2168 2189 3224 3203 
s 2
f 2190 2183 3218 3225 
s 4
f 2051 2178 3213 3088 
s 2
f 2192 2188 3223 3227 
s 4
f 2186 2191 3226 3221 
s 2
f 2193 1996 3034 3228 
s 4
f 1995 2192 3227 3033 
f 2055 2176 3211 3092 
s 2
f 2189 2194 3229 3224 
s 4
f 2194 2172 3207 3229 
f 2195 2056 3093 3230 
f 2184 2190 3225 3219 
f 2177 2196 3231 3212 
f 2197 2193 3228 3232 
s 8
f 2191 2064 3101 3226 
f 2074 2197 3232 3111 
s 4
f 2067 2198 3233 3104 
s 2
f 2200 1994 3032 3235 
s 4
f 1996 2199 3234 3034 
s 2
f 2202 1995 3033 3237 
s 4
f 1994 2201 3236 3032 
s 2
f 2203 2195 3230 3238 
f 2171 2164 3199 3206 
s 4
f 2204 2185 3220 3239 
s 2
f 2196 2057 3094 3231 
s 8
f 2065 2204 3239 3102 
s 4
f 2059 2205 3240 3096 
f 2207 2071 3108 3242 
s 2
f 2198 2206 3241 3233 
f 2208 1998 3036 3243 
f 1997 2068 3105 3035 
s 4
f 2209 2208 3243 3244 
f 2070 2202 3237 3107 
s 2
f 2201 2210 3245 3236 
f 2211 2209 3244 3246 
f 2213 2214 3249 3248 
f 2215 2212 3247 3250 
s 4
f 2217 2203 3238 3252 
f 2163 2216 3251 3198 
s 2
f 2179 2217 3252 3214 
f 2218 2219 3254 3253 
s 4
f 2221 2066 3103 3256 
s 2
f 2205 2220 3255 3240 
f 2222 1999 3037 3257 
s 4
f 1998 2213 3248 3036 
f 2224 1997 3035 3259 
f 1999 2223 3258 3037 
s 2
f 2225 1993 3031 3260 
f 1992 2224 3259 3030 
f 2227 2180 3215 3262 
s 4
f 2219 2226 3261 3254 
f 2220 2227 3262 3255 
s 2
f 2228 2229 3264 3263 
s 4
f 2231 2222 3257 3266 
f 2212 2230 3265 3247 
f 2233 2225 3260 3268 
s 2
f 2223 2232 3267 3258 
s 4
f 2235 1991 3029 3270 
f 1993 2234 3269 3031 
s 2
f 2236 1990 3028 3271 
f 1989 2235 3270 3027 
f 2238 2221 3256 3273 
s 4
f 2229 2237 3272 3264 
f 2206 2238 3273 3241 
s 2
f 2239 2240 3275 3274 
s 4
f 2242 2236 3271 3277 
s 2
f 2234 2241 3276 3269 
s 4
f 2244 1988 3026 3279 
f 1990 2243 3278 3028 
s 2
f 2246 2001 3039 3281 
s 4
f 2000 2245 3280 3038 
s 2
f 2248 2004 3042 3283 
s 4
f 2003 2247 3282 3041 
s 2
f 2250 2207 3242 3285 
s 4
f 2240 2249 3284 3275 
f 2253 2250 3285 3288 
s 2
f 2251 2252 3287 3286 
f 2255 2007 3045 3290 
s 4
f 2006 2254 3289 3044 
s 2
f 2257 2010 3048 3292 
s 4
f 2009 2256 3291 3047 
f 2083 2013 3051 3119 
f 2012 2258 3293 3050 
s 2
f 2258 2259 3294 3293 
s 4
f 2260 2084 3120 3295 
s 2
f 2262 2018 3056 3297 
f 2020 2261 3296 3058 
f 2263 2017 3055 3298 
s 4
f 2016 2262 3297 3054 
s 2
f 2265 2015 3053 3300 
s 4
f 2017 2264 3299 3055 
s 2
f 2266 2267 3302 3301 
s 4
f 2268 2265 3300 3303 
f 2269 2089 3125 3304 
s 8
f 2091 2268 3303 3127 
s 2
f 2271 2272 3307 3306 
f 2273 2270 3305 3308 
s 4
f 2274 2263 3298 3309 
s 8
f 2261 2260 3295 3296 
s 2
f 2275 2274 3309 3310 
s 4
f 2259 2257 3292 3294 
s 2
f 2256 2276 3311 3291 
s 4
f 2277 2275 3310 3312 
f 2278 2266 3301 3313 
s 2
f 2264 2277 3312 3299 
f 2279 2278 3313 3314 
s 4
f 2276 2255 3290 3311 
s 2
f 2254 2280 3315 3289 
s 4
f 2281 2279 3314 3316 
s 2
f 2283 2269 3304 3318 
s 4
f 2267 2282 3317 3302 
s 2
f 2284 2285 3320 3319 
s 4
f 2286 2271 3306 3321 
f 2288 2097 3133 3323 
f 2092 2287 3322 3128 
f 2094 2284 3319 3130 
f 2270 2289 3324 3305 
s 2
f 2289 2290 3325 3324 
s 4
f 2291 2095 3131 3326 
f 2292 2102 3138 3327 
s 2
f 2099 2286 3321 3135 
f 2293 2016 3054 3328 
s 8
f 2015 2101 3137 3053 
s 4
f 2295 2293 3328 3330 
f 2103 2294 3329 3139 
f 2104 2019 3057 3140 
f 2018 2296 3331 3056 
s 2
f 2296 2295 3330 3331 
s 4
f 2297 2105 3141 3332 
s 2
f 2299 2300 3335 3334 
f 2301 2298 3333 3336 
f 2303 2292 3327 3338 
s 4
f 2285 2302 3337 3320 
s 8
f 2300 2297 3332 3335 
s 2
f 2294 2304 3339 3329 
f 2305 2026 3064 3340 
s 4
f 2025 2299 3334 3063 
s 2
f 2307 2024 3062 3342 
s 4
f 2026 2306 3341 3064 
s 2
f 2308 2023 3061 3343 
s 4
f 2022 2307 3342 3060 
f 2309 2301 3336 3344 
f 2304 2303 3338 3339 
f 2108 2305 3340 3144 
f 2298 2310 3345 3333 
s 2
f 2310 2311 3346 3345 
s 4
f 2312 2109 3145 3347 
f 2114 2308 3343 3150 
s 2
f 2306 2313 3348 3341 
s 4
f 2313 2111 3147 3348 
f 2314 2115 3151 3349 
s 2
f 2316 2317 3352 3351 
f 2318 2315 3350 3353 
s 4
f 2319 2117 3153 3354 
f 2112 2318 3353 3148 
s 2
f 2320 2309 3344 3355 
f 2302 2096 3132 3337 
s 4
f 2311 2320 3355 3346 
f 2098 2321 3356 3134 
s 2
f 2323 2314 3349 3358 
s 4
f 2110 2322 3357 3146 
s 2
f 2325 2319 3354 3360 
s 4
f 2317 2324 3359 3352 
s 2
f 2327 2021 3059 3362 
s 4
f 2023 2326 3361 3061 
s 2
f 2329 2022 3060 3364 
s 4
f 2021 2328 3363 3059 
s 2
f 2331 2312 3347 3366 
f 2321 2330 3365 3356 
s 8
f 2106 2025 3063 3142 
s 4
f 2024 2332 3367 3062 
s 2
f 2332 2333 3368 3367 
s 4
f 2334 2107 3143 3369 
f 2336 2020 3058 3371 
s 2
f 2019 2335 3370 3057 
s 4
f 2338 2123 3159 3373 
s 2
f 2121 2337 3372 3157 
s 4
f 2340 2126 3162 3375 
s 2
f 2124 2339 3374 3160 
s 4
f 2342 2129 3165 3377 
s 2
f 2127 2341 3376 3163 
s 4
f 1971 2132 3168 3013 
s 2
f 2130 1972 3014 3166 
s 4
f 1972 2343 3378 3014 
s 2
f 2343 2342 3377 3378 
f 2345 2340 3375 3379 
f 2347 2338 3373 3380 
s 4
f 2337 2349 3381 3372 
f 1976 2136 3172 3016 
f 2133 1977 3017 3169 
s 2
f 2351 2350 3382 3383 
f 2349 2352 3384 3381 
s 4
f 2354 2028 3066 3386 
f 2027 2353 3385 3065 
s 2
f 2356 2041 3079 3388 
f 2040 2355 3387 3078 
s 4
f 2357 2351 3383 3389 
f 2352 2120 3156 3384 
s 8
f 2137 2357 3389 3173 
s 4
f 2119 2358 3390 3155 
s 2
f 2360 2039 3077 3392 
s 4
f 2041 2359 3391 3079 
s 2
f 2361 2035 3073 3393 
s 4
f 2034 2360 3392 3072 
s 2
f 2363 2033 3071 3395 
s 4
f 2035 2362 3394 3073 
s 2
f 2364 2032 3070 3396 
s 4
f 2031 2363 3395 3069 
s 2
f 2366 2135 3171 3398 
f 2358 2365 3397 3390 
s 4
f 2368 2361 3393 3400 
s 2
f 2359 2367 3399 3391 
s 4
f 2370 2364 3396 3402 
s 2
f 2362 2369 3401 3394 
f 2372 2030 3068 3404 
s 4
f 2032 2371 3403 3070 
s 2
f 2373 2374 3406 3405 
s 4
f 2375 2372 3404 3407 
f 2377 2373 3405 3409 
s 2
f 2371 2376 3408 3403 
f 2379 2031 3069 3411 
s 4
f 2030 2378 3410 3068 
s 2
f 2381 2034 3072 3413 
s 4
f 2033 2380 3412 3071 
s 2
f 2382 2037 3075 3414 
s 4
f 2036 2152 3187 3074 
f 2383 2382 3414 3415 
f 2155 2381 3413 3190 
s 2
f 2380 2384 3416 3412 
f 2385 2383 3415 3417 
f 2387 2388 3420 3419 
f 2389 2386 3418 3421 
f 2390 2038 3076 3422 
s 4
f 2037 2387 3419 3075 
f 2392 2146 3181 3424 
f 2141 2391 3423 3176 
s 2
f 2394 2036 3074 3426 
s 4
f 2038 2393 3425 3076 
s 2
f 2395 2396 3428 3427 
s 4
f 2397 2394 3426 3429 
f 2398 2040 3078 3430 
f 2039 2154 3189 3077 
s 8
f 2157 2398 3430 3192 
s 4
f 2153 2399 3431 3188 
f 2143 2390 3422 3178 
f 2386 2400 3432 3418 
s 2
f 2400 2401 3433 3432 
s 4
f 2402 2144 3179 3434 
f 2403 2395 3427 3435 
s 2
f 2393 2145 3180 3425 
s 8
f 2149 2403 3435 3184 
s 4
f 2147 2404 3436 3182 
f 2405 2158 3193 3437 
s 2
f 2399 2397 3429 3431 
s 4
f 2407 1965 3009 3439 
s 2
f 1964 2406 3438 3008 
s 4
f 2409 2150 3185 3441 
s 2
f 2404 2408 3440 3436 
s 8
f 2406 2405 3437 3438 
s 4
f 2396 2410 3442 3428 
s 2
f 2411 2407 3439 3443 
s 8
f 2410 2148 3183 3442 
s 4
f 2042 2411 3443 3080 
f 2151 2412 3444 3186 
s 2
f 2412 2413 3445 3444 
f 2416 2414 3446 3448 
s 4
f 2413 2415 3447 3445 
s 2
f 2415 2409 3441 3447 
s 4
f 2418 2417 3449 3450 
s 2
f 2420 2418 3450 3452 
s 4
f 2408 2419 3451 3440 
s 2
f 2419 2392 3424 3451 
s 4
f 2422 2421 3453 3454 
s 2
f 2424 2422 3454 3456 
f 2391 2423 3455 3423 
s 4
f 2423 2426 3458 3455 
f 2427 2425 3457 3459 
s 2
f 2430 2428 3460 3462 
f 2433 2431 3463 3465 
f 2287 2435 3467 3322 
f 2436 2434 3466 3468 
f 2441 2244 3279 3472 
s 4
f 1958 2076 3113 3004 
f 2075 2441 3472 3112 
f 2241 2442 3473 3276 
s 2
f 2444 2443 3474 3475 
f 2442 2233 3268 3473 
s 4
f 2232 2445 3476 3267 
s 8
f 2245 2444 3475 3280 
s 4
f 2446 2246 3281 3477 
s 2
f 2445 2231 3266 3476 
f 2230 2447 3478 3265 
f 2247 2446 3477 3282 
s 4
f 2280 2248 3283 3315 
f 2447 2448 3479 3478 
s 2
f 2282 2281 3316 3317 
f 2448 2449 3480 3479 
s 4
f 2450 2283 3318 3481 
f 2449 2215 3250 3480 
f 2090 2439 3471 3126 
f 2210 2451 3482 3245 
f 2272 2087 3123 3307 
s 2
f 2451 2452 3483 3482 
s 4
f 2453 2273 3308 3484 
f 2452 2200 3235 3483 
f 2290 2438 3470 3325 
f 2072 2454 3485 3109 
f 2435 2437 3469 3467 
f 2252 2455 3486 3287 
s 2
f 2432 2288 3323 3464 
s 4
f 2434 2456 3487 3466 
f 2330 2432 3464 3365 
f 2429 2331 3366 3461 
f 2431 2457 3488 3463 
s 2
f 2322 2429 3461 3357 
s 4
f 2315 2323 3358 3350 
f 2428 2458 3489 3460 
f 2374 2463 3494 3406 
f 2335 2462 3493 3370 
s 2
f 2463 2464 3495 3494 
s 8
f 2085 2336 3371 3121 
s 4
f 2355 2467 3496 3387 
f 2516 2356 3388 3544 
s 2
f 2469 2468 3497 3498 
s 4
f 2367 2469 3498 3399 
s 2
f 2471 2368 3400 3500 
f 2470 2472 3501 3499 
s 4
f 2369 2471 3500 3401 
s 2
f 2473 2370 3402 3502 
s 8
f 2472 2354 3386 3501 
s 2
f 2353 2474 3503 3385 
s 4
f 2376 2473 3502 3408 
s 2
f 2475 2377 3409 3504 
s 4
f 2474 2366 3398 3503 
f 2365 2086 3122 3397 
f 2464 2475 3504 3495 
s 2
f 2476 2461 3492 3505 
s 4
f 2333 2329 3364 3368 
s 2
f 2328 2477 3506 3363 
s 8
f 2378 2476 3505 3410 
s 4
f 2384 2379 3411 3416 
f 2477 2478 3507 3506 
f 2388 2385 3417 3420 
s 2
f 2478 2479 3508 3507 
s 4
f 2480 2389 3421 3509 
f 2479 2327 3362 3508 
f 2401 2460 3491 3433 
f 2118 2481 3510 3154 
s 2
f 2426 2402 3434 3458 
f 2481 2482 3511 3510 
s 4
f 2483 2430 3462 3512 
s 2
f 2457 2484 3513 3488 
s 4
f 2485 2239 3274 3514 
s 2
f 2237 2486 3515 3272 
s 4
f 2487 2416 3448 3516 
s 2
f 2417 2488 3517 3449 
s 4
f 2489 2433 3465 3518 
s 2
f 2456 2490 3519 3487 
s 4
f 2491 2251 3286 3520 
s 2
f 2249 2492 3521 3284 
s 4
f 2493 2228 3263 3522 
s 2
f 2226 2494 3523 3261 
s 4
f 2495 2162 3197 3524 
s 2
f 2160 2496 3525 3195 
s 4
f 2497 2218 3253 3526 
s 2
f 2216 2498 3527 3251 
s 4
f 2499 2436 3468 3528 
s 2
f 2455 2500 3529 3486 
s 4
f 2501 2420 3452 3530 
s 2
f 2421 2502 3531 3453 
s 4
f 2503 2424 3456 3532 
s 2
f 2425 2504 3533 3457 
s 4
f 2505 2316 3351 3534 
s 2
f 2458 2506 3535 3489 
s 4
f 2507 2459 3490 3536 
s 2
f 2324 2508 3537 3359 
f 2509 2510 3539 3538 
s 4
f 2512 1964 3008 3540 
s 2
f 2439 2450 3481 3471 
s 4
f 2214 2211 3246 3249 
s 2
f 2438 2453 3484 3470 
s 8
f 2199 2073 3110 3234 
s 2
f 2437 2291 3326 3469 
f 2454 2253 3288 3485 
s 8
f 2139 2470 3499 3175 
s 2
f 2517 2082 3118 3545 
f 2243 2513 3541 3278 
s 8
f 2082 2242 3277 3118 
f 2443 2080 3117 3474 
s 4
f 2341 2345 3379 3376 
f 2339 2347 3380 3374 
s 8
f 2350 1976 3016 3382 
f 2159 2512 3540 3194 
f 2467 2156 3191 3496 
s 4
f 2414 2509 3538 3446 
s 2
f 2460 2480 3509 3491 
f 2326 2116 3152 3361 
s 8
f 2461 2375 3407 3492 
s 2
f 2462 2334 3369 3493 
f 2459 2427 3459 3490 
s 4
f 2482 2325 3360 3511 
s 1
f 5592 3956 5673 
f 4030 4031 4347 4046 
f 4028 4029 4031 4030 
f 4026 4027 4029 4028 
f 4024 4025 4027 4026 
f 4022 4023 4025 4024 
f 4020 4021 4023 4022 
f 4018 4019 4021 4020 
f 4016 4017 4019 4018 
f 4014 4015 4017 4016 
f 4012 4013 4015 4014 
f 4010 4011 4013 4012 
f 4008 4009 4011 4010 
f 4006 4007 4009 4008 
f 4004 4005 4007 4006 
f 4002 4003 4005 4004 
f 4000 4001 4003 4002 
f 3998 3999 4001 4000 
f 3996 3997 3999 3998 
f 3994 3995 3997 3996 
f 4032 4033 3995 3994 
f 3990 3991 8117 8116 
f 3988 3989 3991 3990 
f 3986 3987 3989 3988 
f 4044 4045 3987 3986 
f 4042 4043 3985 3984 
f 4047 4501 3967 3966 
f 3980 3981 3983 3982 
f 3978 3979 3981 3980 
f 4036 4037 3969 3968 
f 3976 3977 3979 3978 
f 3974 3975 3977 3976 
f 4038 4039 3971 3970 
f 4034 4035 3975 3974 
f 3972 3973 4035 4034 
f 3970 3971 3973 3972 
f 5342 5343 8426 8427 
f 5343 5344 8425 8426 
f 5344 5345 8424 8425 
f 5345 5346 8423 8424 
f 5346 5347 8422 8423 
f 5347 5348 8421 8422 
f 5348 5349 8420 8421 
f 5349 5350 8419 8420 
f 5350 5351 8418 8419 
f 5351 5352 8417 8418 
f 5352 5353 8416 8417 
f 5353 5354 8415 8416 
f 5354 5355 8414 8415 
f 5355 5356 8413 8414 
f 5356 5357 8412 8413 
f 5357 5358 8411 8412 
f 5358 5359 8410 8411 
f 5359 5360 8409 8410 
f 5360 5361 8408 8409 
f 5361 5362 8407 8408 
f 5363 8118 8405 8406 
f 5364 5365 8451 8453 
f 5365 5366 3625 8451 
f 5366 5367 3950 3625 
f 5368 5369 3942 3624 
f 5382 5383 4348 3614 
f 5370 5371 3622 3623 
f 5371 5372 3621 3622 
f 5380 5381 3895 3615 
f 5372 5373 3620 3621 
f 5373 5374 3619 3620 
f 5377 5378 3900 3616 
f 5374 5375 3618 3619 
f 5375 5376 3617 3618 
f 5376 5377 3616 3617 
f 3665 3626 3664 
f 3625 3950 4178 4171 
f 3624 3942 4177 4170 
f 3614 4348 4608 4161 
f 3623 3622 4168 4169 
f 3622 3621 4167 4168 
f 3615 3895 4174 4162 
f 3621 3620 4166 4167 
f 3620 3619 4165 4166 
f 3616 3900 4175 4163 
f 3619 3618 4173 4165 
f 3618 3617 4164 4173 
f 3617 3616 4163 4164 
f 3664 3626 3625 3663 
f 3665 3666 3626 
f 3625 3662 3663 
f 3625 4172 3662 
f 3625 4171 4172 
f 3678 3657 3951 3952 
f 3677 3656 3943 3944 
f 3676 3655 3656 3677 
f 3675 3654 3655 3676 
f 3668 3647 3896 3897 
f 3674 3653 3654 3675 
f 3673 3652 3653 3674 
f 3669 3648 3906 3907 
f 3671 3650 3651 3672 
f 3670 3649 3650 3671 
f 3679 3658 3659 3660 
f 3679 3660 3661 
f 3660 3659 3761 3762 
f 3661 3660 3762 3763 
f 3662 3661 3763 3764 
f 3663 3662 3764 3765 
f 3664 3663 3765 3766 
f 3665 3664 3766 3767 
f 3666 3665 3767 3768 
f 3667 3666 3768 3769 
f 3627 3667 3769 3760 
f 3682 3681 3750 3751 
f 3683 3682 3751 3752 
f 3684 3683 3752 3753 
f 3685 3684 3753 3754 
f 3686 3685 3754 3755 
f 3687 3686 3755 3756 
f 3688 3687 3756 3757 
f 3689 3688 3757 3758 
f 3680 3689 3758 3759 
f 3692 3691 3720 3721 
f 3693 3692 3721 3722 
f 3694 3693 3722 3723 
f 3695 3694 3723 3724 
f 3696 3695 3724 3725 
f 3697 3696 3725 3726 
f 3698 3697 3726 3727 
f 3699 3698 3727 3728 
f 3690 3699 3728 3729 
f 3701 3731 3732 3702 
f 3702 3732 3733 3703 
f 3703 3733 3734 3704 
f 3704 3734 3735 3705 
f 3705 3735 3736 3706 
f 3706 3736 3737 3707 
f 3707 3737 3738 3708 
f 3708 3738 3739 3709 
f 3709 3739 3730 3700 
f 3711 3741 3742 3712 
f 3712 3742 3743 3713 
f 3713 3743 3744 3714 
f 3714 3744 3745 3715 
f 3715 3745 3746 3716 
f 3716 3746 3747 3717 
f 3717 3747 3748 3718 
f 3718 3748 3749 3719 
f 3719 3749 3740 3710 
f 3720 3701 3702 3721 
f 3721 3702 3703 3722 
f 3722 3703 3704 3723 
f 3723 3704 3705 3724 
f 3724 3705 3706 3725 
f 3725 3706 3707 3726 
f 3726 3707 3708 3727 
f 3727 3708 3709 3728 
f 3728 3709 3700 3729 
f 3731 3909 4349 3732 
f 3732 4349 4751 3733 
f 3733 4751 4752 3734 
f 3734 4752 4753 3735 
f 3735 4753 4754 3736 
f 3736 4754 4350 3737 
f 3737 4350 4755 3738 
f 3738 4755 3960 3739 
f 3739 3960 3908 3730 
f 3741 3691 3692 3742 
f 3742 3692 3693 3743 
f 3743 3693 3694 3744 
f 3744 3694 3695 3745 
f 3745 3695 3696 3746 
f 3746 3696 3697 3747 
f 3747 3697 3698 3748 
f 3748 3698 3699 3749 
f 3749 3699 3690 3740 
f 3750 3711 3712 3751 
f 3751 3712 3713 3752 
f 3752 3713 3714 3753 
f 3753 3714 3715 3754 
f 3754 3715 3716 3755 
f 3755 3716 3717 3756 
f 3756 3717 3718 3757 
f 3757 3718 3719 3758 
f 3758 3719 3710 3759 
f 3761 3681 3682 3762 
f 3762 3682 3683 3763 
f 3763 3683 3684 3764 
f 3764 3684 3685 3765 
f 3765 3685 3686 3766 
f 3766 3686 3687 3767 
f 3767 3687 3688 3768 
f 3768 3688 3689 3769 
f 3769 3689 3680 3760 
f 3760 3680 3771 3779 
f 3740 3690 3772 3777 
f 3730 3908 4760 3776 
f 3729 3700 3773 3775 
f 3759 3710 3774 3778 
f 3690 3729 3775 3772 
f 3700 3730 3776 3773 
f 3710 3740 3777 3774 
f 3680 3759 3778 3771 
f 3627 3760 3779 3770 
f 3779 3771 3780 3788 
f 3777 3772 3781 3786 
f 3776 4760 4771 3785 
f 3775 3773 3782 3784 
f 3778 3774 3783 3787 
f 3772 3775 3784 3781 
f 3773 3776 3785 3782 
f 3774 3777 3786 3783 
f 3771 3778 3787 3780 
f 3770 3779 3788 3628 
f 3788 3780 3790 3798 
f 3786 3781 3791 3796 
f 3785 4771 4782 3795 
f 3784 3782 3792 3794 
f 3787 3783 3793 3797 
f 3781 3784 3794 3791 
f 3782 3785 3795 3792 
f 3783 3786 3796 3793 
f 3780 3787 3797 3790 
f 3628 3788 3798 3789 
f 3992 3993 4033 4032 
f 5362 5363 8406 8407 
f 3798 3790 3821 3820 
f 3796 3791 3802 3806 
f 3795 4782 4793 
f 3794 3792 3803 3805 
f 3797 3793 3804 3807 
f 3791 3794 3805 3802 
f 3792 3795 4793 3803 
f 3793 3796 3806 3804 
f 3790 3797 3807 3821 
f 3789 3798 3820 3801 
f 3855 3854 4351 3961 
f 3852 3853 3854 3855 
f 3850 3851 3853 3852 
f 3848 3849 3851 3850 
f 3846 3847 3849 3848 
f 3844 3845 3847 3846 
f 3842 3843 3845 3844 
f 3840 3841 3843 3842 
f 3838 3839 3841 3840 
f 3836 3837 3839 3838 
f 3834 3835 3837 3836 
f 3832 3833 3835 3834 
f 3830 3831 3833 3832 
f 3828 3829 3831 3830 
f 3826 3827 3829 3828 
f 3824 3825 3827 3826 
f 3822 3823 3825 3824 
f 3820 3821 3823 3822 
f 3854 3819 3962 4351 
f 3961 3959 3646 3855 
f 3855 3646 3645 
f 3853 3818 3819 3854 
f 3855 3645 3644 3852 
f 3851 3817 3818 3853 
f 3852 3644 3643 3850 
f 3849 3816 3817 3851 
f 3850 3643 3642 3848 
f 3847 3815 3816 3849 
f 3848 3642 3641 3846 
f 3845 3814 3815 3847 
f 3846 3641 3640 3844 
f 3843 3813 3814 3845 
f 3844 3640 3639 3842 
f 3841 3813 3843 
f 3842 3639 3638 3840 
f 3839 3812 3813 3841 
f 3840 3638 3637 3838 
f 3837 3812 3839 
f 3838 3637 3636 3836 
f 3835 3811 3812 3837 
f 3836 3636 3635 3834 
f 3833 3811 3835 
f 3834 3635 3634 3832 
f 3831 3810 3811 3833 
f 3832 3634 3633 3830 
f 3829 3810 3831 
f 3830 3633 3632 3828 
f 3827 3809 3810 3829 
f 3828 3632 3631 3826 
f 3825 3809 3827 
f 3826 3631 3630 3824 
f 3823 3808 3809 3825 
f 3824 3630 3629 3822 
f 3821 3807 3808 3823 
f 3822 3629 3801 3820 
f 3859 4846 3963 3858 
f 3864 3859 3858 3863 
f 3868 3864 3863 3867 
f 3873 3868 3867 3872 
f 3878 3873 3872 3877 
f 3882 3878 3877 3881 
f 3887 3882 3881 3886 
f 3891 3887 3886 3890 
f 3808 3807 3804 3888 
f 3860 4352 4864 
f 3859 3860 4864 4846 
f 4865 3962 3819 3856 
f 4867 4865 3856 3857 
f 3963 4867 3857 3858 
f 3869 4352 3860 
f 3864 3869 3860 3859 
f 3856 3819 3818 3861 
f 3857 3856 3861 3862 
f 3858 3857 3862 3863 
f 3868 3869 3864 
f 3861 3818 3817 3865 
f 3862 3861 3865 3866 
f 3863 3862 3866 3867 
f 3874 4352 3869 
f 3873 3874 3869 3868 
f 3865 3817 3816 3870 
f 3866 3865 3870 3871 
f 3867 3866 3871 3872 
f 3870 3816 3815 
f 3883 4352 3874 
f 3878 3883 3874 3873 
f 3870 3815 3814 3875 
f 3871 3870 3875 3876 
f 3872 3871 3876 3877 
f 3875 3814 3813 
f 3882 3883 3878 
f 3875 3813 3812 3879 
f 3876 3875 3879 3880 
f 3877 3876 3880 3881 
f 3879 3812 3811 
f 3892 4352 3883 
f 3887 3892 3883 3882 
f 3879 3811 3810 3884 
f 3880 3879 3884 3885 
f 3881 3880 3885 3886 
f 3884 3810 3809 
f 3891 3892 3887 
f 3884 3809 3808 3888 
f 3885 3884 3888 3889 
f 3886 3885 3889 3890 
f 3803 4793 4352 3892 
f 3805 3803 3892 3891 
f 3802 3805 3891 3890 
f 3806 3802 3890 3889 
f 3804 3806 3889 3888 
f 4886 3964 3929 3928 
f 3651 3652 3673 3672 
f 3966 3967 4037 4036 
f 5381 5382 3614 3895 
f 3895 3614 4161 4174 
f 3896 3648 3669 3897 
f 4040 4041 4039 4038 
f 5378 5379 3905 3900 
f 3900 3905 4176 4175 
f 3901 3649 3670 3902 
f 3906 3901 3902 3907 
f 3968 3969 4041 4040 
f 5379 5380 3615 3905 
f 3905 3615 4162 4176 
f 4896 3647 3668 4897 
f 3964 8120 8119 3929 
f 4898 4900 3931 3930 
f 4900 4353 3932 3931 
f 4353 4354 3955 3932 
f 4904 3965 3947 3933 
f 4907 4908 3939 3934 
f 4355 4886 3928 3935 
f 3956 4355 3935 3936 
f 3918 5669 5670 
f 3911 3920 3919 3910 
f 3912 3921 8122 8121 
f 3913 3922 3921 3912 
f 3914 3923 3922 3913 
f 3915 3924 3954 3953 
f 3916 3925 3946 3945 
f 5637 5638 3937 
f 3910 3919 3926 3917 
f 3917 3926 3927 3918 
f 3927 5664 5665 
f 3920 5654 5655 3919 
f 3921 5653 8123 8122 
f 3922 5652 5653 3921 
f 3923 5651 5652 3922 
f 3924 5649 5650 3954 
f 3925 5647 5648 3946 
f 5640 5641 3938 
f 3919 5655 5656 3926 
f 3926 5656 5657 3927 
f 3936 5671 5672 
f 3929 3911 3910 3928 
f 3930 3912 8121 8119 
f 3931 3913 3912 3930 
f 3932 3914 3913 3931 
f 3933 3915 3953 3955 
f 3934 3916 3945 3947 
f 5635 5636 3937 3939 
f 3928 3910 3917 3935 
f 3935 3917 3918 3936 
f 4908 5634 5635 3939 
f 3938 3925 3916 3937 
f 5644 5645 3938 
f 3937 3916 3934 3939 
f 5645 5646 3925 3938 
f 5646 5647 3925 
f 5643 5644 3938 
f 5642 5643 3938 
f 5641 5642 3938 
f 5639 5640 3938 
f 5638 5639 3938 3937 
f 5636 5637 3937 
f 3927 5657 5658 
f 3927 5658 5659 
f 3927 5659 5660 
f 3927 5660 5661 
f 3927 5661 5662 
f 3927 5662 5663 
f 3927 5663 5664 
f 3918 3927 5665 5666 
f 3918 5666 5667 
f 3918 5667 5668 
f 3918 5668 5669 
f 3936 3918 5670 5671 
f 3956 3936 5672 5673 
f 5592 5593 3956 
f 3982 3983 4043 4042 
f 5369 5370 3623 3942 
f 3942 3623 4169 4177 
f 3943 3657 3678 3944 
f 3965 4907 3934 3947 
f 3946 3924 3915 3945 
f 5648 5649 3924 3946 
f 3945 3915 3933 3947 
f 3984 3985 4045 4044 
f 5367 5368 3624 3950 
f 3950 3624 4170 4178 
f 3951 3658 3679 3952 
f 4354 4904 3933 3955 
f 3954 3923 3914 3953 
f 5650 5651 3923 3954 
f 3953 3914 3932 3955 
f 4031 3613 3957 4347 
f 4046 4975 3579 4030 
f 4029 3612 3613 4031 
f 4030 3579 3578 4028 
f 4027 3611 3612 4029 
f 4028 3578 3577 4026 
f 4025 3610 3611 4027 
f 4026 3577 3576 4024 
f 4023 3609 3610 4025 
f 4024 3576 3575 4022 
f 4021 3608 3609 4023 
f 4022 3575 3574 4020 
f 4019 3607 3608 4021 
f 4020 3574 3573 4018 
f 4017 3606 3607 4019 
f 4018 3573 3572 4016 
f 4015 3605 3606 4017 
f 4016 3572 3571 4014 
f 4013 3604 3605 4015 
f 4014 3571 3570 4012 
f 4011 3603 3604 4013 
f 4012 3570 3569 4010 
f 4009 3602 3603 4011 
f 4010 3569 3568 4008 
f 4007 3601 3602 4009 
f 4008 3568 3567 4006 
f 4005 3600 3601 4007 
f 4006 3567 3566 4004 
f 4003 3599 3600 4005 
f 4004 3566 3565 4002 
f 4001 3598 3599 4003 
f 4002 3565 3564 4000 
f 3999 3597 3598 4001 
f 4000 3564 3563 3998 
f 3997 3596 3597 3999 
f 3998 3563 3562 3996 
f 3995 3595 3596 3997 
f 3996 3562 3561 3994 
f 4033 3800 3595 3995 
f 3994 3561 3799 4032 
f 3991 3593 8124 8117 
f 3992 3560 8125 8116 
f 3989 3592 3593 3991 
f 3990 3559 3558 3988 
f 3987 3591 3592 3989 
f 3988 3558 3557 3986 
f 4045 3949 3591 3987 
f 3986 3557 3948 4044 
f 4043 3941 3590 3985 
f 3984 3556 3940 4042 
f 4501 4578 3580 3967 
f 3966 3546 3958 4047 
f 3981 3588 3589 3983 
f 3982 3555 3554 3980 
f 3979 3587 3588 3981 
f 3980 3554 3553 3978 
f 4037 3894 3581 3969 
f 3968 3547 3893 4036 
f 3977 3586 3587 3979 
f 3978 3553 3552 3976 
f 3975 3585 3586 3977 
f 3976 3552 3551 3974 
f 4039 3899 3582 3971 
f 3970 3548 3898 4038 
f 4035 3584 3585 3975 
f 3974 3551 3550 4034 
f 3973 3583 3584 4035 
f 4034 3550 3549 3972 
f 3971 3582 3583 3973 
f 3972 3549 3548 3970 
f 3993 3594 3800 4033 
f 4032 3799 3560 3992 
f 3967 3580 3894 4037 
f 4036 3893 3546 3966 
f 4041 3904 3899 4039 
f 4038 3898 3903 4040 
f 3969 3581 3904 4041 
f 4040 3903 3547 3968 
f 3983 3589 3941 4043 
f 4042 3940 3555 3982 
f 3985 3590 3949 4045 
f 4044 3948 3556 3984 
f 3659 3658 5491 5492 
f 3951 3657 5490 5507 
f 3943 3656 5489 5506 
f 3656 3655 5488 5489 
f 3896 3647 5480 5502 
f 3655 3654 5487 5488 
f 3654 3653 5486 5487 
f 3906 3648 5481 5504 
f 3653 3652 5485 5486 
f 3651 3650 5483 5484 
f 3650 3649 5482 5483 
f 3761 3659 5492 5501 
f 3750 3681 5493 5500 
f 3720 3691 5494 5497 
f 3731 3701 5495 5498 
f 3741 3711 5496 5499 
f 3701 3720 5497 5495 
f 3909 3731 5498 5505 
f 3691 3741 5499 5494 
f 3711 3750 5500 5496 
f 3681 3761 5501 5493 
f 3652 3651 5484 5485 
f 3648 3896 5502 5481 
f 3649 3901 5503 5482 
f 3901 3906 5504 5503 
f 3647 4896 5563 5480 
f 3657 3943 5506 5490 
f 3658 3951 5507 5491 
f 4087 5519 5520 4088 
f 4086 5518 5534 4102 
f 4085 5517 5533 4101 
f 4084 5516 5517 4085 
f 4076 5508 5530 4098 
f 4083 5515 5516 4084 
f 4082 5514 5515 4083 
f 4077 5509 5532 4100 
f 4081 5513 5514 4082 
f 4079 5511 5512 4080 
f 4078 5510 5511 4079 
f 4088 5520 5529 4097 
f 4089 5521 5528 4096 
f 4090 5522 5525 4093 
f 4091 5523 5526 4094 
f 4092 5524 5527 4095 
f 4093 5525 5523 4091 
f 4094 5526 5590 5002 
f 4095 5527 5522 4090 
f 4096 5528 5524 4092 
f 4097 5529 5521 4089 
f 4080 5512 5513 4081 
f 4098 5530 5509 4077 
f 4099 5531 5510 4078 
f 4100 5532 5531 4099 
f 4103 5535 5508 4076 
f 4101 5533 5518 4086 
f 4102 5534 5519 4087 
f 4060 4059 5435 5436 
f 4075 4058 5434 5451 
f 4074 4057 5433 5450 
f 4057 4056 5432 5433 
f 4070 4048 5424 5446 
f 4056 4055 5431 5432 
f 4055 4054 5430 5431 
f 4072 4049 5425 5448 
f 4054 4053 5429 5430 
f 4052 4051 5427 5428 
f 4051 4050 5426 5427 
f 4069 4060 5436 5445 
f 4068 4061 5437 5444 
f 4065 4062 5438 5441 
f 4066 4063 5439 5442 
f 4067 4064 5440 5443 
f 4063 4065 5441 5439 
f 4073 4066 5442 5449 
f 4062 4067 5443 5438 
f 4064 4068 5444 5440 
f 4061 4069 5445 5437 
f 4053 4052 5428 5429 
f 4049 4070 5446 5425 
f 4050 4071 5447 5426 
f 4071 4072 5448 5447 
f 4048 5031 5479 5424 
f 4058 4074 5450 5434 
f 4059 4075 5451 5435 
f 4314 4315 4317 4316 
f 4312 4313 4376 4344 
f 4310 4311 4377 4342 
f 4308 4309 4311 4310 
f 4292 4293 4337 4336 
f 4306 4307 4309 4308 
f 4304 4305 4307 4306 
f 4294 4295 4341 4340 
f 4302 4303 4305 4304 
f 4298 4299 4301 4300 
f 4296 4297 4299 4298 
f 4316 4317 4335 4334 
f 4318 4319 4333 4332 
f 4320 4321 4327 4326 
f 4322 4323 4329 4328 
f 4324 4325 4331 4330 
f 4326 4327 4323 4322 
f 4328 4329 5112 5113 
f 4330 4331 4321 4320 
f 4332 4333 4325 4324 
f 4334 4335 4319 4318 
f 4300 4301 4303 4302 
f 4336 4337 4295 4294 
f 4338 4339 4297 4296 
f 4340 4341 4339 4338 
f 4346 5116 4293 4292 
f 4342 4343 4378 4312 
f 4344 4345 4379 4314 
f 4178 3952 3679 4171 
f 4177 3944 3678 4170 
f 4608 4897 3668 4161 
f 4168 3676 3677 4169 
f 4167 3675 3676 4168 
f 4174 3897 3669 4162 
f 4166 3674 3675 4167 
f 4165 3673 3674 4166 
f 4175 3902 3670 4163 
f 4173 3672 3673 4165 
f 4164 3671 3672 4173 
f 4163 3670 3671 4164 
f 4171 3679 3661 4172 
f 4161 3668 3897 4174 
f 4176 3907 3902 4175 
f 4162 3669 3907 4176 
f 4169 3677 3944 4177 
f 4170 3678 3952 4178 
f 4172 3661 3662 
f 4258 4259 4261 4260 
f 4256 4257 4368 4369 
f 4254 4255 4370 4371 
f 4252 4253 4255 4254 
f 4236 4237 4281 4280 
f 4250 4251 4253 4252 
f 4248 4249 4251 4250 
f 4238 4239 4285 4284 
f 4246 4247 4249 4248 
f 4242 4243 4245 4244 
f 4240 4241 4243 4242 
f 4260 4261 4279 4278 
f 4262 4263 4277 4276 
f 4264 4265 4271 4270 
f 4266 4267 4273 4272 
f 4268 4269 4275 4274 
f 4270 4271 4267 4266 
f 4272 4273 4287 4286 
f 4274 4275 4265 4264 
f 4276 4277 4269 4268 
f 4278 4279 4263 4262 
f 4244 4245 4247 4246 
f 4280 4281 4239 4238 
f 4282 4283 4241 4240 
f 4284 4285 4283 4282 
f 5175 5176 4237 4236 
f 4288 4289 4372 4373 
f 4290 4291 4374 4375 
f 4380 4381 4412 4413 
f 4383 4384 4442 4443 
f 4387 4388 4438 4439 
f 4389 4390 4436 4437 
f 4400 4401 4425 4426 
f 4390 4391 4435 4436 
f 4391 4392 4434 4435 
f 4398 4399 4427 4428 
f 4392 4393 4433 4434 
f 4394 4395 4431 4432 
f 4395 4396 4430 4431 
f 4411 4380 4413 4414 
f 4409 4410 4415 4416 
f 4405 4406 4419 4420 
f 4403 4404 4421 4422 
f 4407 4408 4417 4418 
f 4404 4405 4420 4421 
f 5239 4403 4422 4423 
f 4406 4407 4418 4419 
f 4408 4409 4416 4417 
f 4410 4411 4414 4415 
f 4393 4394 4432 4433 
f 4399 4400 4426 4427 
f 4396 4397 4429 4430 
f 4397 4398 4428 4429 
f 4401 4402 4424 4425 
f 4385 4386 4440 4441 
f 4381 4382 4444 4412 
f 4259 4190 4191 4261 
f 4260 4144 4143 4258 
f 4257 4189 4360 4368 
f 4290 4159 4356 4369 
f 4255 4188 4361 4370 
f 4288 4158 4357 4371 
f 4253 4187 4188 4255 
f 4254 4141 4140 4252 
f 4237 4179 4201 4281 
f 4280 4154 4132 4236 
f 4251 4186 4187 4253 
f 4252 4140 4139 4250 
f 4249 4185 4186 4251 
f 4250 4139 4138 4248 
f 4239 4180 4203 4285 
f 4284 4156 4133 4238 
f 4247 4184 4185 4249 
f 4248 4138 4137 4246 
f 4243 4182 4183 4245 
f 4244 4136 4135 4242 
f 4241 4181 4182 4243 
f 4242 4135 4134 4240 
f 4261 4191 4200 4279 
f 4278 4153 4144 4260 
f 4263 4192 4199 4277 
f 4276 4152 4145 4262 
f 4265 4193 4196 4271 
f 4270 4149 4146 4264 
f 4267 4194 4197 4273 
f 4272 4150 4147 4266 
f 4269 4195 4198 4275 
f 4274 4151 4148 4268 
f 4271 4196 4194 4267 
f 4266 4147 4149 4270 
f 4273 4197 4204 4287 
f 4286 4157 4150 4272 
f 4275 4198 4193 4265 
f 4264 4146 4151 4274 
f 4277 4199 4195 4269 
f 4268 4148 4152 4276 
f 4279 4200 4192 4263 
f 4262 4145 4153 4278 
f 4245 4183 4184 4247 
f 4246 4137 4136 4244 
f 4281 4201 4180 4239 
f 4238 4133 4154 4280 
f 4283 4202 4181 4241 
f 4240 4134 4155 4282 
f 4285 4203 4202 4283 
f 4282 4155 4156 4284 
f 5176 5303 4179 4237 
f 4236 4132 4160 5175 
f 4289 4205 4362 4372 
f 4256 4142 4358 4373 
f 4291 4206 4363 4374 
f 4258 4143 4359 4375 
f 4315 4143 4144 4317 
f 4316 4116 4115 4314 
f 4313 4142 4356 4376 
f 4344 4131 4114 4312 
f 4311 4141 4357 4377 
f 4342 4130 4113 4310 
f 4309 4140 4141 4311 
f 4310 4113 4112 4308 
f 4293 4132 4154 4337 
f 4336 4126 4104 4292 
f 4307 4139 4140 4309 
f 4308 4112 4111 4306 
f 4305 4138 4139 4307 
f 4306 4111 4110 4304 
f 4295 4133 4156 4341 
f 4340 4128 4105 4294 
f 4303 4137 4138 4305 
f 4304 4110 4109 4302 
f 4299 4135 4136 4301 
f 4300 4108 4107 4298 
f 4297 4134 4135 4299 
f 4298 4107 4106 4296 
f 4317 4144 4153 4335 
f 4334 4125 4116 4316 
f 4319 4145 4152 4333 
f 4332 4124 4117 4318 
f 4321 4146 4149 4327 
f 4326 4121 4118 4320 
f 4323 4147 4150 4329 
f 4328 4122 4119 4322 
f 4325 4148 4151 4331 
f 4330 4123 4120 4324 
f 4327 4149 4147 4323 
f 4322 4119 4121 4326 
f 4329 4150 4157 5112 
f 5113 4129 4122 4328 
f 4331 4151 4146 4321 
f 4320 4118 4123 4330 
f 4333 4152 4148 4325 
f 4324 4120 4124 4332 
f 4335 4153 4145 4319 
f 4318 4117 4125 4334 
f 4301 4136 4137 4303 
f 4302 4109 4108 4300 
f 4337 4154 4133 4295 
f 4294 4105 4126 4336 
f 4339 4155 4134 4297 
f 4296 4106 4127 4338 
f 4341 4156 4155 4339 
f 4338 4127 4128 4340 
f 5116 4160 4132 4293 
f 4292 4104 5059 4346 
f 4343 4158 4358 4378 
f 4312 4114 4130 4342 
f 4345 4159 4359 4379 
f 4314 4115 4131 4344 
f 4368 4291 4290 4369 
f 4370 4289 4288 4371 
f 4372 4257 4256 4373 
f 4374 4259 4258 4375 
f 4384 4385 4441 4442 
f 4388 4389 4437 4438 
f 4386 4387 4439 4440 
f 4382 4383 4443 4444 
f 4360 4206 4291 4368 
f 4356 4142 4256 4369 
f 4361 4205 4289 4370 
f 4357 4141 4254 4371 
f 4362 4189 4257 4372 
f 4358 4158 4288 4373 
f 4363 4190 4259 4374 
f 4359 4159 4290 4375 
f 4356 4159 4345 4376 
f 4357 4158 4343 4377 
f 4358 4142 4313 4378 
f 4359 4143 4315 4379 
f 4379 4315 4314 
f 4376 4345 4344 
f 4378 4313 4312 
f 4377 4343 4342 
f 4191 4190 4381 4380 
f 4190 4363 4382 4381 
f 4363 4206 4383 4382 
f 4206 4360 4384 4383 
f 4360 4189 4385 4384 
f 4189 4362 4386 4385 
f 4362 4205 4387 4386 
f 4205 4361 4388 4387 
f 4361 4188 4389 4388 
f 4188 4187 4390 4389 
f 4187 4186 4391 4390 
f 4186 4185 4392 4391 
f 4185 4184 4393 4392 
f 4184 4183 4394 4393 
f 4183 4182 4395 4394 
f 4182 4181 4396 4395 
f 4181 4202 4397 4396 
f 4202 4203 4398 4397 
f 4203 4180 4399 4398 
f 4180 4201 4400 4399 
f 4201 4179 4401 4400 
f 4179 5303 4402 4401 
f 4204 4197 4403 5239 
f 4197 4194 4404 4403 
f 4194 4196 4405 4404 
f 4196 4193 4406 4405 
f 4193 4198 4407 4406 
f 4198 4195 4408 4407 
f 4195 4199 4409 4408 
f 4199 4192 4410 4409 
f 4192 4200 4411 4410 
f 4200 4191 4380 4411 
f 4218 4219 4413 4412 
f 4219 4228 4414 4413 
f 4228 4220 4415 4414 
f 4220 4227 4416 4415 
f 4227 4223 4417 4416 
f 4223 4226 4418 4417 
f 4226 4221 4419 4418 
f 4221 4224 4420 4419 
f 4224 4222 4421 4420 
f 4222 4225 4422 4421 
f 4225 4232 4423 4422 
f 4235 4207 4425 4424 
f 4207 4229 4426 4425 
f 4229 4208 4427 4426 
f 4208 4231 4428 4427 
f 4231 4230 4429 4428 
f 4230 4209 4430 4429 
f 4209 4210 4431 4430 
f 4210 4211 4432 4431 
f 4211 4212 4433 4432 
f 4212 4213 4434 4433 
f 4213 4214 4435 4434 
f 4214 4215 4436 4435 
f 4215 4216 4437 4436 
f 4216 4365 4438 4437 
f 4365 4233 4439 4438 
f 4233 4366 4440 4439 
f 4366 4217 4441 4440 
f 4217 4364 4442 4441 
f 4364 4234 4443 4442 
f 4234 4367 4444 4443 
f 4367 4218 4412 4444 
f 5594 5595 3956 
f 4447 4046 4347 4448 
f 4449 4447 4448 4450 
f 4451 4449 4450 4452 
f 4453 4451 4452 4454 
f 4455 4453 4454 4456 
f 4457 4455 4456 4458 
f 4459 4457 4458 4460 
f 4461 4459 4460 4462 
f 4463 4461 4462 4464 
f 4465 4463 4464 4466 
f 4467 4465 4466 4468 
f 4469 4467 4468 4470 
f 4471 4469 4470 4472 
f 4473 4471 4472 4474 
f 4475 4473 4474 4476 
f 4477 4475 4476 4478 
f 4479 4477 4478 4480 
f 4481 4479 4480 4482 
f 4483 4481 4482 4484 
f 4485 4483 4484 4486 
f 4487 8127 8126 4488 
f 4491 4487 4488 4492 
f 4493 4491 4492 4494 
f 4495 4493 4494 4496 
f 4497 4500 4499 4498 
f 4047 4503 4502 4501 
f 4504 4507 4506 4505 
f 4508 4504 4505 4509 
f 4510 4513 4512 4511 
f 4514 4508 4509 4515 
f 4516 4514 4515 4517 
f 4518 4521 4520 4519 
f 4522 4516 4517 4523 
f 4524 4522 4523 4525 
f 4521 4524 4525 4520 
f 5342 8427 8428 5423 
f 5423 8428 8429 5422 
f 5422 8429 8430 5421 
f 5421 8430 8431 5420 
f 5420 8431 8432 5419 
f 5419 8432 8433 5418 
f 5418 8433 8434 5417 
f 5417 8434 8435 5416 
f 5416 8435 8436 5415 
f 5415 8436 8437 5414 
f 5414 8437 8438 5413 
f 5413 8438 8439 5412 
f 5412 8439 8440 5411 
f 5411 8440 8441 5410 
f 5410 8441 8442 5409 
f 5409 8442 8443 5408 
f 5408 8443 8444 5407 
f 5407 8444 8445 5406 
f 5406 8445 8446 5405 
f 5405 8446 8447 5404 
f 5403 8448 8449 8128 
f 5402 8450 8452 
f 5401 4568 4570 5400 
f 5400 4570 4572 5399 
f 5398 4576 4575 5397 
f 5384 4579 4348 5383 
f 5396 4583 4582 5395 
f 5395 4582 4585 5394 
f 5386 4589 4588 5385 
f 5394 4585 4591 5393 
f 5393 4591 4593 5392 
f 5389 4597 4596 5388 
f 5392 4593 4599 5391 
f 5391 4599 4601 5390 
f 5390 4601 4597 5389 
f 4602 4603 4568 
f 4570 4605 4604 4572 
f 4576 4607 4606 4575 
f 4579 4609 4608 4348 
f 4583 4611 4610 4582 
f 4582 4610 4612 4585 
f 4589 4614 4613 4588 
f 4585 4612 4615 4591 
f 4591 4615 4616 4593 
f 4597 4618 4617 4596 
f 4593 4616 4619 4599 
f 4599 4619 4620 4601 
f 4601 4620 4618 4597 
f 4603 4621 4570 4568 
f 4602 4568 4622 
f 4570 4621 4624 
f 4570 4624 4625 
f 4570 4625 4605 
f 4626 4629 4628 4627 
f 4630 4633 4632 4631 
f 4634 4630 4631 4635 
f 4636 4634 4635 4637 
f 4638 4641 4640 4639 
f 4642 4636 4637 4643 
f 4644 4642 4643 4645 
f 4646 4649 4648 4647 
f 4650 4653 4652 4651 
f 4654 4650 4651 4655 
f 4656 4659 4658 4657 
f 4656 4660 4659 
f 4659 4662 4661 4658 
f 4660 4663 4662 4659 
f 4624 4664 4663 4660 
f 4621 4665 4664 4624 
f 4603 4666 4665 4621 
f 4602 4667 4666 4603 
f 4622 4668 4667 4602 
f 4623 4669 4668 4622 
f 4566 4670 4669 4623 
f 4671 4674 4673 4672 
f 4675 4676 4674 4671 
f 4677 4678 4676 4675 
f 4679 4680 4678 4677 
f 4681 4682 4680 4679 
f 4683 4684 4682 4681 
f 4685 4686 4684 4683 
f 4687 4688 4686 4685 
f 4689 4690 4688 4687 
f 4691 4694 4693 4692 
f 4695 4696 4694 4691 
f 4697 4698 4696 4695 
f 4699 4700 4698 4697 
f 4701 4702 4700 4699 
f 4703 4704 4702 4701 
f 4705 4706 4704 4703 
f 4707 4708 4706 4705 
f 4709 4710 4708 4707 
f 4711 4714 4713 4712 
f 4714 4716 4715 4713 
f 4716 4718 4717 4715 
f 4718 4720 4719 4717 
f 4720 4722 4721 4719 
f 4722 4724 4723 4721 
f 4724 4726 4725 4723 
f 4726 4728 4727 4725 
f 4728 4730 4729 4727 
f 4731 4734 4733 4732 
f 4734 4736 4735 4733 
f 4736 4738 4737 4735 
f 4738 4740 4739 4737 
f 4740 4742 4741 4739 
f 4742 4744 4743 4741 
f 4744 4746 4745 4743 
f 4746 4748 4747 4745 
f 4748 4750 4749 4747 
f 4693 4694 4714 4711 
f 4694 4696 4716 4714 
f 4696 4698 4718 4716 
f 4698 4700 4720 4718 
f 4700 4702 4722 4720 
f 4702 4704 4724 4722 
f 4704 4706 4726 4724 
f 4706 4708 4728 4726 
f 4708 4710 4730 4728 
f 4712 4713 4349 3909 
f 4713 4715 4751 4349 
f 4715 4717 4752 4751 
f 4717 4719 4753 4752 
f 4719 4721 4754 4753 
f 4721 4723 4350 4754 
f 4723 4725 4755 4350 
f 4725 4727 3960 4755 
f 4727 4729 3908 3960 
f 4732 4733 4691 4692 
f 4733 4735 4695 4691 
f 4735 4737 4697 4695 
f 4737 4739 4699 4697 
f 4739 4741 4701 4699 
f 4741 4743 4703 4701 
f 4743 4745 4705 4703 
f 4745 4747 4707 4705 
f 4747 4749 4709 4707 
f 4673 4674 4734 4731 
f 4674 4676 4736 4734 
f 4676 4678 4738 4736 
f 4678 4680 4740 4738 
f 4680 4682 4742 4740 
f 4682 4684 4744 4742 
f 4684 4686 4746 4744 
f 4686 4688 4748 4746 
f 4688 4690 4750 4748 
f 4661 4662 4671 4672 
f 4662 4663 4675 4671 
f 4663 4664 4677 4675 
f 4664 4665 4679 4677 
f 4665 4666 4681 4679 
f 4666 4667 4683 4681 
f 4667 4668 4685 4683 
f 4668 4669 4687 4685 
f 4669 4670 4689 4687 
f 4670 4757 4756 4689 
f 4749 4759 4758 4709 
f 4729 4761 4760 3908 
f 4710 4763 4762 4730 
f 4690 4765 4764 4750 
f 4709 4758 4763 4710 
f 4730 4762 4761 4729 
f 4750 4764 4759 4749 
f 4689 4756 4765 4690 
f 4566 4766 4757 4670 
f 4757 4768 4767 4756 
f 4759 4770 4769 4758 
f 4761 4772 4771 4760 
f 4763 4774 4773 4762 
f 4765 4776 4775 4764 
f 4758 4769 4774 4763 
f 4762 4773 4772 4761 
f 4764 4775 4770 4759 
f 4756 4767 4776 4765 
f 4766 4777 4768 4757 
f 4768 4779 4778 4767 
f 4770 4781 4780 4769 
f 4772 4783 4782 4771 
f 4774 4785 4784 4773 
f 4776 4787 4786 4775 
f 4769 4780 4785 4774 
f 4773 4784 4783 4772 
f 4775 4786 4781 4770 
f 4767 4778 4787 4776 
f 4777 4788 4779 4768 
f 4490 4485 4486 4489 
f 5404 8447 8448 5403 
f 4779 4790 4789 4778 
f 4781 4792 4791 4780 
f 4783 4793 4782 
f 4785 4795 4794 4784 
f 4787 4797 4796 4786 
f 4780 4791 4795 4785 
f 4784 4794 4793 4783 
f 4786 4796 4792 4781 
f 4778 4789 4797 4787 
f 4788 4798 4790 4779 
f 4799 3961 4351 4800 
f 4801 4799 4800 4802 
f 4803 4801 4802 4804 
f 4805 4803 4804 4806 
f 4807 4805 4806 4808 
f 4809 4807 4808 4810 
f 4811 4809 4810 4812 
f 4813 4811 4812 4814 
f 4815 4813 4814 4816 
f 4817 4815 4816 4818 
f 4819 4817 4818 4820 
f 4821 4819 4820 4822 
f 4823 4821 4822 4824 
f 4825 4823 4824 4826 
f 4827 4825 4826 4828 
f 4829 4827 4828 4830 
f 4831 4829 4830 4832 
f 4790 4831 4832 4789 
f 4800 4351 3962 4833 
f 3961 4799 4527 3959 
f 4799 4529 4527 
f 4802 4800 4833 4834 
f 4799 4801 4531 4529 
f 4804 4802 4834 4835 
f 4801 4803 4533 4531 
f 4806 4804 4835 4836 
f 4803 4805 4535 4533 
f 4808 4806 4836 4837 
f 4805 4807 4537 4535 
f 4810 4808 4837 4838 
f 4807 4809 4539 4537 
f 4812 4810 4838 4839 
f 4809 4811 4541 4539 
f 4814 4812 4839 
f 4811 4813 4543 4541 
f 4816 4814 4839 4840 
f 4813 4815 4545 4543 
f 4818 4816 4840 
f 4815 4817 4547 4545 
f 4820 4818 4840 4841 
f 4817 4819 4549 4547 
f 4822 4820 4841 
f 4819 4821 4551 4549 
f 4824 4822 4841 4842 
f 4821 4823 4553 4551 
f 4826 4824 4842 
f 4823 4825 4555 4553 
f 4828 4826 4842 4843 
f 4825 4827 4557 4555 
f 4830 4828 4843 
f 4827 4829 4559 4557 
f 4832 4830 4843 4844 
f 4829 4831 4561 4559 
f 4789 4832 4844 4797 
f 4831 4790 4798 4561 
f 4845 4847 3963 4846 
f 4848 4849 4847 4845 
f 4850 4851 4849 4848 
f 4852 4853 4851 4850 
f 4854 4855 4853 4852 
f 4856 4857 4855 4854 
f 4858 4859 4857 4856 
f 4860 4861 4859 4858 
f 4844 4862 4796 4797 
f 4863 4864 4352 
f 4845 4846 4864 4863 
f 4865 4866 4833 3962 
f 4867 4868 4866 4865 
f 3963 4847 4868 4867 
f 4869 4863 4352 
f 4848 4845 4863 4869 
f 4866 4870 4834 4833 
f 4868 4871 4870 4866 
f 4847 4849 4871 4868 
f 4850 4848 4869 
f 4870 4872 4835 4834 
f 4871 4873 4872 4870 
f 4849 4851 4873 4871 
f 4874 4869 4352 
f 4852 4850 4869 4874 
f 4872 4875 4836 4835 
f 4873 4876 4875 4872 
f 4851 4853 4876 4873 
f 4875 4837 4836 
f 4877 4874 4352 
f 4854 4852 4874 4877 
f 4875 4878 4838 4837 
f 4876 4879 4878 4875 
f 4853 4855 4879 4876 
f 4878 4839 4838 
f 4856 4854 4877 
f 4878 4880 4840 4839 
f 4879 4881 4880 4878 
f 4855 4857 4881 4879 
f 4880 4841 4840 
f 4882 4877 4352 
f 4858 4856 4877 4882 
f 4880 4883 4842 4841 
f 4881 4884 4883 4880 
f 4857 4859 4884 4881 
f 4883 4843 4842 
f 4860 4858 4882 
f 4883 4862 4844 4843 
f 4884 4885 4862 4883 
f 4859 4861 4885 4884 
f 4794 4882 4352 4793 
f 4795 4860 4882 4794 
f 4791 4861 4860 4795 
f 4792 4885 4861 4791 
f 4796 4862 4885 4792 
f 4886 4888 4887 3964 
f 4652 4653 4644 4645 
f 4503 4510 4511 4502 
f 5385 4588 4579 5384 
f 4588 4613 4609 4579 
f 4640 4641 4646 4647 
f 4889 4518 4519 4890 
f 5388 4596 4892 5387 
f 4596 4617 4893 4892 
f 4894 4895 4654 4655 
f 4648 4649 4895 4894 
f 4513 4889 4890 4512 
f 5387 4892 4589 5386 
f 4892 4893 4614 4589 
f 4896 4897 4638 4639 
f 3964 4887 8129 8120 
f 4898 4899 4901 4900 
f 4900 4901 4902 4353 
f 4353 4902 4903 4354 
f 4904 4906 4905 3965 
f 4907 4910 4909 4908 
f 4355 4911 4888 4886 
f 3956 4912 4911 4355 
f 4913 5598 5599 
f 4916 4919 4918 4917 
f 4920 8131 8130 4921 
f 4922 4920 4921 4923 
f 4924 4922 4923 4925 
f 4926 4929 4928 4927 
f 4930 4933 4932 4931 
f 5631 4936 5630 
f 4919 4938 4937 4918 
f 4938 4913 4939 4937 
f 4939 5603 5604 
f 4917 4918 5613 5614 
f 4921 8130 8132 5615 
f 4923 4921 5615 5616 
f 4925 4923 5616 5617 
f 4927 4928 5618 5619 
f 4931 4932 5620 5621 
f 5628 4953 5627 
f 4918 4937 5612 5613 
f 4937 4939 5611 5612 
f 4912 5596 5597 
f 4887 4888 4919 4916 
f 4899 8129 8131 4920 
f 4901 4899 4920 4922 
f 4902 4901 4922 4924 
f 4906 4903 4929 4926 
f 4910 4905 4933 4930 
f 5633 4909 4936 5632 
f 4888 4911 4938 4919 
f 4911 4912 4913 4938 
f 4908 4909 5633 5634 
f 4953 4936 4930 4931 
f 5624 4953 5623 
f 4936 4909 4910 4930 
f 5623 4953 4931 5622 
f 5622 4931 5621 
f 5625 4953 5624 
f 5626 4953 5625 
f 5627 4953 5626 
f 5629 4953 5628 
f 5630 4936 4953 5629 
f 5632 4936 5631 
f 4939 5610 5611 
f 4939 5609 5610 
f 4939 5608 5609 
f 4939 5607 5608 
f 4939 5606 5607 
f 4939 5605 5606 
f 4939 5604 5605 
f 4913 5602 5603 4939 
f 4913 5601 5602 
f 4913 5600 5601 
f 4913 5599 5600 
f 4912 5597 5598 4913 
f 3956 5595 5596 4912 
f 5594 3956 5593 
f 4507 4497 4498 4506 
f 5397 4575 4583 5396 
f 4575 4606 4611 4583 
f 4632 4633 4626 4627 
f 3965 4905 4910 4907 
f 4932 4933 4926 4927 
f 5620 4932 4927 5619 
f 4933 4905 4906 4926 
f 4500 4495 4496 4499 
f 5399 4572 4576 5398 
f 4572 4604 4607 4576 
f 4628 4629 4656 4657 
f 4354 4903 4906 4904 
f 4928 4929 4924 4925 
f 5618 4928 4925 5617 
f 4929 4903 4902 4924 
f 4448 4347 3957 4526 
f 4046 4447 4445 4975 
f 4450 4448 4526 4528 
f 4447 4449 4446 4445 
f 4452 4450 4528 4530 
f 4449 4451 4957 4446 
f 4454 4452 4530 4532 
f 4451 4453 4956 4957 
f 4456 4454 4532 4534 
f 4453 4455 4915 4956 
f 4458 4456 4534 4536 
f 4455 4457 4914 4915 
f 4460 4458 4536 4538 
f 4457 4459 4974 4914 
f 4462 4460 4538 4540 
f 4459 4461 4973 4974 
f 4464 4462 4540 4542 
f 4461 4463 4972 4973 
f 4466 4464 4542 4544 
f 4463 4465 4941 4972 
f 4468 4466 4544 4546 
f 4465 4467 4940 4941 
f 4470 4468 4546 4548 
f 4467 4469 4971 4940 
f 4472 4470 4548 4550 
f 4469 4471 4970 4971 
f 4474 4472 4550 4552 
f 4471 4473 4969 4970 
f 4476 4474 4552 4554 
f 4473 4475 4968 4969 
f 4478 4476 4554 4556 
f 4475 4477 4967 4968 
f 4480 4478 4556 4558 
f 4477 4479 4966 4967 
f 4482 4480 4558 4560 
f 4479 4481 4955 4966 
f 4484 4482 4560 4562 
f 4481 4483 4954 4955 
f 4486 4484 4562 4563 
f 4483 4485 4943 4954 
f 4488 8126 8133 4565 
f 4490 8127 8134 4942 
f 4492 4488 4565 4567 
f 4487 4491 4945 4944 
f 4494 4492 4567 4569 
f 4491 4493 4946 4945 
f 4496 4494 4569 4571 
f 4493 4495 4948 4946 
f 4498 4499 4573 4574 
f 4500 4497 4950 4947 
f 4501 4502 4577 4578 
f 4503 4047 3958 4958 
f 4505 4506 4580 4581 
f 4507 4504 4962 4949 
f 4509 4505 4581 4584 
f 4504 4508 4961 4962 
f 4511 4512 4586 4587 
f 4513 4510 4959 4934 
f 4515 4509 4584 4590 
f 4508 4514 4960 4961 
f 4517 4515 4590 4592 
f 4514 4516 4963 4960 
f 4519 4520 4594 4595 
f 4521 4518 4965 4951 
f 4523 4517 4592 4598 
f 4516 4522 4964 4963 
f 4525 4523 4598 4600 
f 4522 4524 4952 4964 
f 4520 4525 4600 4594 
f 4524 4521 4951 4952 
f 4489 4486 4563 4564 
f 4485 4490 4942 4943 
f 4502 4511 4587 4577 
f 4510 4503 4958 4959 
f 4890 4519 4595 4891 
f 4518 4889 4935 4965 
f 4512 4890 4891 4586 
f 4889 4513 4934 4935 
f 4506 4498 4574 4580 
f 4497 4507 4949 4950 
f 4499 4496 4571 4573 
f 4495 4500 4947 4948 
f 4658 5537 5536 4657 
f 4628 5539 5538 4627 
f 4632 5541 5540 4631 
f 4631 5540 5542 4635 
f 4640 5544 5543 4639 
f 4635 5542 5545 4637 
f 4637 5545 5546 4643 
f 4648 5548 5547 4647 
f 4643 5546 5549 4645 
f 4652 5551 5550 4651 
f 4651 5550 5552 4655 
f 4661 5553 5537 4658 
f 4673 5555 5554 4672 
f 4693 5557 5556 4692 
f 4712 5559 5558 4711 
f 4732 5561 5560 4731 
f 4711 5558 5557 4693 
f 3909 5505 5559 4712 
f 4692 5556 5561 4732 
f 4731 5560 5555 4673 
f 4672 5554 5553 4661 
f 4645 5549 5551 4652 
f 4647 5547 5544 4640 
f 4655 5552 5562 4894 
f 4894 5562 5548 4648 
f 4639 5543 5563 4896 
f 4627 5538 5541 4632 
f 4657 5536 5539 4628 
f 4976 4977 5565 5564 
f 4978 4979 5567 5566 
f 4980 4981 5569 5568 
f 4982 4980 5568 5570 
f 4983 4984 5572 5571 
f 4985 4982 5570 5573 
f 4986 4985 5573 5574 
f 4987 4988 5576 5575 
f 4989 4986 5574 5577 
f 4990 4991 5579 5578 
f 4992 4990 5578 5580 
f 4977 4993 5581 5565 
f 4994 4995 5583 5582 
f 4996 4997 5585 5584 
f 4998 4999 5587 5586 
f 5000 5001 5589 5588 
f 4997 4998 5586 5585 
f 4999 5002 5590 5587 
f 5001 4996 5584 5589 
f 4995 5000 5588 5583 
f 4993 4994 5582 5581 
f 4991 4989 5577 5579 
f 4984 4987 5575 5572 
f 5003 4992 5580 5591 
f 4988 5003 5591 5576 
f 4103 4983 5571 5535 
f 4981 4978 5566 5569 
f 4979 4976 5564 5567 
f 5005 5453 5452 5004 
f 5007 5455 5454 5006 
f 5009 5457 5456 5008 
f 5008 5456 5458 5010 
f 5012 5460 5459 5011 
f 5010 5458 5461 5013 
f 5013 5461 5462 5014 
f 5016 5464 5463 5015 
f 5014 5462 5465 5017 
f 5019 5467 5466 5018 
f 5018 5466 5468 5020 
f 5021 5469 5453 5005 
f 5023 5471 5470 5022 
f 5025 5473 5472 5024 
f 5027 5475 5474 5026 
f 5029 5477 5476 5028 
f 5026 5474 5473 5025 
f 4073 5449 5475 5027 
f 5024 5472 5477 5029 
f 5028 5476 5471 5023 
f 5022 5470 5469 5021 
f 5017 5465 5467 5019 
f 5015 5463 5460 5012 
f 5020 5468 5478 5030 
f 5030 5478 5464 5016 
f 5011 5459 5479 5031 
f 5006 5454 5457 5009 
f 5004 5452 5455 5007 
f 5060 5063 5062 5061 
f 5064 5067 5066 5065 
f 5068 5071 5070 5069 
f 5072 5068 5069 5073 
f 5074 5077 5076 5075 
f 5078 5072 5073 5079 
f 5080 5078 5079 5081 
f 5082 5085 5084 5083 
f 5086 5080 5081 5087 
f 5088 5091 5090 5089 
f 5092 5088 5089 5093 
f 5063 5095 5094 5062 
f 5096 5099 5098 5097 
f 5100 5103 5102 5101 
f 5104 5107 5106 5105 
f 5108 5111 5110 5109 
f 5103 5104 5105 5102 
f 5107 5113 5112 5106 
f 5111 5100 5101 5110 
f 5099 5108 5109 5098 
f 5095 5096 5097 5094 
f 5091 5086 5087 5090 
f 5077 5082 5083 5076 
f 5114 5092 5093 5115 
f 5085 5114 5115 5084 
f 4346 5074 5075 5116 
f 5071 5064 5118 5117 
f 5067 5060 5120 5119 
f 4604 4605 4656 4629 
f 4606 4607 4626 4633 
f 4608 4609 4638 4897 
f 4610 4611 4630 4634 
f 4612 4610 4634 4636 
f 4613 4614 4646 4641 
f 4615 4612 4636 4642 
f 4616 4615 4642 4644 
f 4617 4618 4654 4895 
f 4619 4616 4644 4653 
f 4620 4619 4653 4650 
f 4618 4620 4650 4654 
f 4605 4625 4660 4656 
f 4609 4613 4641 4638 
f 4893 4617 4895 4649 
f 4614 4893 4649 4646 
f 4611 4606 4633 4630 
f 4607 4604 4629 4626 
f 4625 4624 4660 
f 5121 5124 5123 5122 
f 5125 5128 5127 5126 
f 5129 5132 5131 5130 
f 5133 5129 5130 5134 
f 5135 5138 5137 5136 
f 5139 5133 5134 5140 
f 5141 5139 5140 5142 
f 5143 5146 5145 5144 
f 5147 5141 5142 5148 
f 5149 5152 5151 5150 
f 5153 5149 5150 5154 
f 5124 5156 5155 5123 
f 5157 5160 5159 5158 
f 5161 5164 5163 5162 
f 5165 5168 5167 5166 
f 5169 5172 5171 5170 
f 5164 5165 5166 5163 
f 5168 4286 4287 5167 
f 5172 5161 5162 5171 
f 5160 5169 5170 5159 
f 5156 5157 5158 5155 
f 5152 5147 5148 5151 
f 5138 5143 5144 5137 
f 5173 5153 5154 5174 
f 5146 5173 5174 5145 
f 5175 5135 5136 5176 
f 5177 5180 5179 5178 
f 5181 5184 5183 5182 
f 5185 5188 5187 5186 
f 5189 5192 5191 5190 
f 5193 5196 5195 5194 
f 5197 5200 5199 5198 
f 5201 5204 5203 5202 
f 5198 5199 5206 5205 
f 5205 5206 5208 5207 
f 5209 5212 5211 5210 
f 5207 5208 5214 5213 
f 5215 5218 5217 5216 
f 5216 5217 5220 5219 
f 5221 5222 5188 5185 
f 5223 5226 5225 5224 
f 5227 5230 5229 5228 
f 5231 5234 5233 5232 
f 5235 5238 5237 5236 
f 5232 5233 5230 5227 
f 5239 4423 5234 5231 
f 5228 5229 5238 5235 
f 5236 5237 5226 5223 
f 5224 5225 5222 5221 
f 5213 5214 5218 5215 
f 5210 5211 5204 5201 
f 5219 5220 5241 5240 
f 5240 5241 5212 5209 
f 5202 5203 4424 4402 
f 5242 5245 5244 5243 
f 5186 5187 5247 5246 
f 5122 5123 5249 5248 
f 5124 5121 5251 5250 
f 5126 5127 5253 5252 
f 5181 5128 5255 5254 
f 5130 5131 5257 5256 
f 5177 5132 5259 5258 
f 5134 5130 5256 5260 
f 5129 5133 5262 5261 
f 5136 5137 5264 5263 
f 5138 5135 5266 5265 
f 5140 5134 5260 5267 
f 5133 5139 5268 5262 
f 5142 5140 5267 5269 
f 5139 5141 5270 5268 
f 5144 5145 5272 5271 
f 5146 5143 5274 5273 
f 5148 5142 5269 5275 
f 5141 5147 5276 5270 
f 5150 5151 5278 5277 
f 5152 5149 5280 5279 
f 5154 5150 5277 5281 
f 5149 5153 5282 5280 
f 5123 5155 5283 5249 
f 5156 5124 5250 5284 
f 5158 5159 5286 5285 
f 5160 5157 5288 5287 
f 5162 5163 5290 5289 
f 5164 5161 5292 5291 
f 5166 5167 5294 5293 
f 5168 5165 5296 5295 
f 5170 5171 5298 5297 
f 5172 5169 5300 5299 
f 5163 5166 5293 5290 
f 5165 5164 5291 5296 
f 5167 4287 4204 5294 
f 4286 5168 5295 4157 
f 5171 5162 5289 5298 
f 5161 5172 5299 5292 
f 5159 5170 5297 5286 
f 5169 5160 5287 5300 
f 5155 5158 5285 5283 
f 5157 5156 5284 5288 
f 5151 5148 5275 5278 
f 5147 5152 5279 5276 
f 5137 5144 5271 5264 
f 5143 5138 5265 5274 
f 5174 5154 5281 5301 
f 5153 5173 5302 5282 
f 5145 5174 5301 5272 
f 5173 5146 5273 5302 
f 5176 5136 5263 5303 
f 5135 5175 4160 5266 
f 5178 5179 5305 5304 
f 5125 5180 5307 5306 
f 5182 5183 5309 5308 
f 5121 5184 5310 5251 
f 5061 5062 5250 5251 
f 5063 5060 5032 5033 
f 5065 5066 5255 5306 
f 5067 5064 5034 5035 
f 5069 5070 5259 5261 
f 5071 5068 5036 5037 
f 5073 5069 5261 5262 
f 5068 5072 5038 5036 
f 5075 5076 5265 5266 
f 5077 5074 5039 5040 
f 5079 5073 5262 5268 
f 5072 5078 5041 5038 
f 5081 5079 5268 5270 
f 5078 5080 5042 5041 
f 5083 5084 5273 5274 
f 5085 5082 5043 5044 
f 5087 5081 5270 5276 
f 5080 5086 5045 5042 
f 5089 5090 5279 5280 
f 5091 5088 5046 5047 
f 5093 5089 5280 5282 
f 5088 5092 5048 5046 
f 5062 5094 5284 5250 
f 5095 5063 5033 5049 
f 5097 5098 5287 5288 
f 5099 5096 5050 5051 
f 5101 5102 5291 5292 
f 5103 5100 5052 5053 
f 5105 5106 5295 5296 
f 5107 5104 5054 5055 
f 5109 5110 5299 5300 
f 5111 5108 5056 5057 
f 5102 5105 5296 5291 
f 5104 5103 5053 5054 
f 5106 5112 4157 5295 
f 5113 5107 5055 4129 
f 5110 5101 5292 5299 
f 5100 5111 5057 5052 
f 5098 5109 5300 5287 
f 5108 5099 5051 5056 
f 5094 5097 5288 5284 
f 5096 5095 5049 5050 
f 5090 5087 5276 5279 
f 5086 5091 5047 5045 
f 5076 5083 5274 5265 
f 5082 5077 5040 5043 
f 5115 5093 5282 5302 
f 5092 5114 5058 5048 
f 5084 5115 5302 5273 
f 5114 5085 5044 5058 
f 5116 5075 5266 4160 
f 5074 4346 5059 5039 
f 5117 5118 5307 5258 
f 5064 5071 5037 5034 
f 5119 5120 5310 5254 
f 5060 5067 5035 5032 
f 5127 5128 5181 5182 
f 5131 5132 5177 5178 
f 5179 5180 5125 5126 
f 5183 5184 5121 5122 
f 5190 5191 5245 5242 
f 5194 5195 5200 5197 
f 5243 5244 5196 5193 
f 5246 5247 5192 5189 
f 5253 5127 5182 5308 
f 5255 5128 5125 5306 
f 5257 5131 5178 5304 
f 5259 5132 5129 5261 
f 5305 5179 5126 5252 
f 5307 5180 5177 5258 
f 5309 5183 5122 5248 
f 5310 5184 5181 5254 
f 5255 5066 5119 5254 
f 5259 5070 5117 5258 
f 5307 5118 5065 5306 
f 5310 5120 5061 5251 
f 5120 5060 5061 
f 5066 5067 5119 
f 5118 5064 5065 
f 5070 5071 5117 
f 5249 5185 5186 5248 
f 5248 5186 5246 5309 
f 5309 5246 5189 5308 
f 5308 5189 5190 5253 
f 5253 5190 5242 5252 
f 5252 5242 5243 5305 
f 5305 5243 5193 5304 
f 5304 5193 5194 5257 
f 5257 5194 5197 5256 
f 5256 5197 5198 5260 
f 5260 5198 5205 5267 
f 5267 5205 5207 5269 
f 5269 5207 5213 5275 
f 5275 5213 5215 5278 
f 5278 5215 5216 5277 
f 5277 5216 5219 5281 
f 5281 5219 5240 5301 
f 5301 5240 5209 5272 
f 5272 5209 5210 5271 
f 5271 5210 5201 5264 
f 5264 5201 5202 5263 
f 5263 5202 4402 5303 
f 4204 5239 5231 5294 
f 5294 5231 5232 5293 
f 5293 5232 5227 5290 
f 5290 5227 5228 5289 
f 5289 5228 5235 5298 
f 5298 5235 5236 5297 
f 5297 5236 5223 5286 
f 5286 5223 5224 5285 
f 5285 5224 5221 5283 
f 5283 5221 5185 5249 
f 5311 5187 5188 5312 
f 5312 5188 5222 5313 
f 5313 5222 5225 5314 
f 5314 5225 5226 5315 
f 5315 5226 5237 5316 
f 5316 5237 5238 5317 
f 5317 5238 5229 5318 
f 5318 5229 5230 5319 
f 5319 5230 5233 5320 
f 5320 5233 5234 5321 
f 5321 5234 4423 4232 
f 4235 4424 5203 5322 
f 5322 5203 5204 5323 
f 5323 5204 5211 5324 
f 5324 5211 5212 5325 
f 5325 5212 5241 5326 
f 5326 5241 5220 5327 
f 5327 5220 5217 5328 
f 5328 5217 5218 5329 
f 5329 5218 5214 5330 
f 5330 5214 5208 5331 
f 5331 5208 5206 5332 
f 5332 5206 5199 5333 
f 5333 5199 5200 5334 
f 5334 5200 5195 5335 
f 5335 5195 5196 5336 
f 5336 5196 5244 5337 
f 5337 5244 5245 5338 
f 5338 5245 5191 5339 
f 5339 5191 5192 5340 
f 5340 5192 5247 5341 
f 5341 5247 5187 5311 
f 3957 3613 5343 5342 
f 3613 3612 5344 5343 
f 3612 3611 5345 5344 
f 3611 3610 5346 5345 
f 3610 3609 5347 5346 
f 3609 3608 5348 5347 
f 3608 3607 5349 5348 
f 3607 3606 5350 5349 
f 3606 3605 5351 5350 
f 3605 3604 5352 5351 
f 3604 3603 5353 5352 
f 3603 3602 5354 5353 
f 3602 3601 5355 5354 
f 3601 3600 5356 5355 
f 3600 3599 5357 5356 
f 3599 3598 5358 5357 
f 3598 3597 5359 5358 
f 3597 3596 5360 5359 
f 3596 3595 5361 5360 
f 3595 3800 5362 5361 
f 3800 3594 5363 5362 
f 3594 8124 8118 5363 
f 3593 3592 5365 5364 
f 3592 3591 5366 5365 
f 3591 3949 5367 5366 
f 3949 3590 5368 5367 
f 3590 3941 5369 5368 
f 3941 3589 5370 5369 
f 3589 3588 5371 5370 
f 3588 3587 5372 5371 
f 3587 3586 5373 5372 
f 3586 3585 5374 5373 
f 3585 3584 5375 5374 
f 3584 3583 5376 5375 
f 3583 3582 5377 5376 
f 3582 3899 5378 5377 
f 3899 3904 5379 5378 
f 3904 3581 5380 5379 
f 3581 3894 5381 5380 
f 3894 3580 5382 5381 
f 3580 4578 5383 5382 
f 4578 4577 5384 5383 
f 4577 4587 5385 5384 
f 4587 4586 5386 5385 
f 4586 4891 5387 5386 
f 4891 4595 5388 5387 
f 4595 4594 5389 5388 
f 4594 4600 5390 5389 
f 4600 4598 5391 5390 
f 4598 4592 5392 5391 
f 4592 4590 5393 5392 
f 4590 4584 5394 5393 
f 4584 4581 5395 5394 
f 4581 4580 5396 5395 
f 4580 4574 5397 5396 
f 4574 4573 5398 5397 
f 4573 4571 5399 5398 
f 4571 4569 5400 5399 
f 4569 4567 5401 5400 
f 4567 4565 5402 5401 
f 4565 8133 8128 5402 
f 4564 4563 5404 5403 
f 4563 4562 5405 5404 
f 4562 4560 5406 5405 
f 4560 4558 5407 5406 
f 4558 4556 5408 5407 
f 4556 4554 5409 5408 
f 4554 4552 5410 5409 
f 4552 4550 5411 5410 
f 4550 4548 5412 5411 
f 4548 4546 5413 5412 
f 4546 4544 5414 5413 
f 4544 4542 5415 5414 
f 4542 4540 5416 5415 
f 4540 4538 5417 5416 
f 4538 4536 5418 5417 
f 4536 4534 5419 5418 
f 4534 4532 5420 5419 
f 4532 4530 5421 5420 
f 4530 4528 5422 5421 
f 4528 4526 5423 5422 
f 4526 3957 5342 5423 
f 5435 4115 4116 5436 
f 5434 4114 4131 5451 
f 5433 4113 4130 5450 
f 5432 4112 4113 5433 
f 5424 4104 4126 5446 
f 5431 4111 4112 5432 
f 5430 4110 4111 5431 
f 5425 4105 4128 5448 
f 5429 4109 4110 5430 
f 5427 4107 4108 5428 
f 5426 4106 4107 5427 
f 5436 4116 4125 5445 
f 5437 4117 4124 5444 
f 5438 4118 4121 5441 
f 5439 4119 4122 5442 
f 5440 4120 4123 5443 
f 5441 4121 4119 5439 
f 5442 4122 4129 5449 
f 5443 4123 4118 5438 
f 5444 4124 4120 5440 
f 5445 4125 4117 5437 
f 5428 4108 4109 5429 
f 5446 4126 4105 5425 
f 5447 4127 4106 5426 
f 5448 4128 4127 5447 
f 5479 5059 4104 5424 
f 5450 4130 4114 5434 
f 5451 4131 4115 5435 
f 5453 5033 5032 5452 
f 5455 5035 5034 5454 
f 5457 5037 5036 5456 
f 5456 5036 5038 5458 
f 5460 5040 5039 5459 
f 5458 5038 5041 5461 
f 5461 5041 5042 5462 
f 5464 5044 5043 5463 
f 5462 5042 5045 5465 
f 5467 5047 5046 5466 
f 5466 5046 5048 5468 
f 5469 5049 5033 5453 
f 5471 5051 5050 5470 
f 5473 5053 5052 5472 
f 5475 5055 5054 5474 
f 5477 5057 5056 5476 
f 5474 5054 5053 5473 
f 5449 4129 5055 5475 
f 5472 5052 5057 5477 
f 5476 5056 5051 5471 
f 5470 5050 5049 5469 
f 5465 5045 5047 5467 
f 5463 5043 5040 5460 
f 5468 5048 5058 5478 
f 5478 5058 5044 5464 
f 5459 5039 5059 5479 
f 5454 5034 5037 5457 
f 5452 5032 5035 5455 
f 5491 4087 4088 5492 
f 5490 4086 4102 5507 
f 5489 4085 4101 5506 
f 5488 4084 4085 5489 
f 5480 4076 4098 5502 
f 5487 4083 4084 5488 
f 5486 4082 4083 5487 
f 5481 4077 4100 5504 
f 5485 4081 4082 5486 
f 5483 4079 4080 5484 
f 5482 4078 4079 5483 
f 5492 4088 4097 5501 
f 5493 4089 4096 5500 
f 5494 4090 4093 5497 
f 5495 4091 4094 5498 
f 5496 4092 4095 5499 
f 5497 4093 4091 5495 
f 5498 4094 5002 5505 
f 5499 4095 4090 5494 
f 5500 4096 4092 5496 
f 5501 4097 4089 5493 
f 5484 4080 4081 5485 
f 5502 4098 4077 5481 
f 5503 4099 4078 5482 
f 5504 4100 4099 5503 
f 5563 4103 4076 5480 
f 5506 4101 4086 5490 
f 5507 4102 4087 5491 
f 5519 4059 4060 5520 
f 5518 4058 4075 5534 
f 5517 4057 4074 5533 
f 5516 4056 4057 5517 
f 5508 4048 4070 5530 
f 5515 4055 4056 5516 
f 5514 4054 4055 5515 
f 5509 4049 4072 5532 
f 5513 4053 4054 5514 
f 5511 4051 4052 5512 
f 5510 4050 4051 5511 
f 5520 4060 4069 5529 
f 5521 4061 4068 5528 
f 5522 4062 4065 5525 
f 5523 4063 4066 5526 
f 5524 4064 4067 5527 
f 5525 4065 4063 5523 
f 5526 4066 4073 5590 
f 5527 4067 4062 5522 
f 5528 4068 4064 5524 
f 5529 4069 4061 5521 
f 5512 4052 4053 5513 
f 5530 4070 4049 5509 
f 5531 4071 4050 5510 
f 5532 4072 4071 5531 
f 5535 5031 4048 5508 
f 5533 4074 4058 5518 
f 5534 4075 4059 5519 
f 5537 4977 4976 5536 
f 5539 4979 4978 5538 
f 5541 4981 4980 5540 
f 5540 4980 4982 5542 
f 5544 4984 4983 5543 
f 5542 4982 4985 5545 
f 5545 4985 4986 5546 
f 5548 4988 4987 5547 
f 5546 4986 4989 5549 
f 5551 4991 4990 5550 
f 5550 4990 4992 5552 
f 5553 4993 4977 5537 
f 5555 4995 4994 5554 
f 5557 4997 4996 5556 
f 5559 4999 4998 5558 
f 5561 5001 5000 5560 
f 5558 4998 4997 5557 
f 5505 5002 4999 5559 
f 5556 4996 5001 5561 
f 5560 5000 4995 5555 
f 5554 4994 4993 5553 
f 5549 4989 4991 5551 
f 5547 4987 4984 5544 
f 5552 4992 5003 5562 
f 5562 5003 4988 5548 
f 5543 4983 4103 5563 
f 5538 4978 4981 5541 
f 5536 4976 4979 5539 
f 5565 5005 5004 5564 
f 5567 5007 5006 5566 
f 5569 5009 5008 5568 
f 5568 5008 5010 5570 
f 5572 5012 5011 5571 
f 5570 5010 5013 5573 
f 5573 5013 5014 5574 
f 5576 5016 5015 5575 
f 5574 5014 5017 5577 
f 5579 5019 5018 5578 
f 5578 5018 5020 5580 
f 5581 5021 5005 5565 
f 5583 5023 5022 5582 
f 5585 5025 5024 5584 
f 5587 5027 5026 5586 
f 5589 5029 5028 5588 
f 5586 5026 5025 5585 
f 5590 4073 5027 5587 
f 5584 5024 5029 5589 
f 5588 5028 5023 5583 
f 5582 5022 5021 5581 
f 5577 5017 5019 5579 
f 5575 5015 5012 5572 
f 5580 5020 5030 5591 
f 5591 5030 5016 5576 
f 5571 5011 5031 5535 
f 5566 5006 5009 5569 
f 5564 5004 5007 5567 
f 3579 4975 5593 5592 
f 4975 4445 5594 5593 
f 4445 4446 5595 5594 
f 4446 4957 5596 5595 
f 4957 4956 5597 5596 
f 4956 4915 5598 5597 
f 4915 4914 5599 5598 
f 4914 4974 5600 5599 
f 4974 4973 5601 5600 
f 4973 4972 5602 5601 
f 4972 4941 5603 5602 
f 4941 4940 5604 5603 
f 4940 4971 5605 5604 
f 4971 4970 5606 5605 
f 4970 4969 5607 5606 
f 4969 4968 5608 5607 
f 4968 4967 5609 5608 
f 4967 4966 5610 5609 
f 4966 4955 5611 5610 
f 4955 4954 5612 5611 
f 4954 4943 5613 5612 
f 4943 4942 5614 5613 
f 4942 8134 8132 5614 
f 4944 4945 5616 5615 
f 4945 4946 5617 5616 
f 4946 4948 5618 5617 
f 4948 4947 5619 5618 
f 4947 4950 5620 5619 
f 4950 4949 5621 5620 
f 4949 4962 5622 5621 
f 4962 4961 5623 5622 
f 4961 4960 5624 5623 
f 4960 4963 5625 5624 
f 4963 4964 5626 5625 
f 4964 4952 5627 5626 
f 4952 4951 5628 5627 
f 4951 4965 5629 5628 
f 4965 4935 5630 5629 
f 4935 4934 5631 5630 
f 4934 4959 5632 5631 
f 4959 4958 5633 5632 
f 4958 3958 5634 5633 
f 3958 3546 5635 5634 
f 3546 3893 5636 5635 
f 3893 3547 5637 5636 
f 3547 3903 5638 5637 
f 3903 3898 5639 5638 
f 3898 3548 5640 5639 
f 3548 3549 5641 5640 
f 3549 3550 5642 5641 
f 3550 3551 5643 5642 
f 3551 3552 5644 5643 
f 3552 3553 5645 5644 
f 3553 3554 5646 5645 
f 3554 3555 5647 5646 
f 3555 3940 5648 5647 
f 3940 3556 5649 5648 
f 3556 3948 5650 5649 
f 3948 3557 5651 5650 
f 3557 3558 5652 5651 
f 3558 3559 5653 5652 
f 3559 8125 8123 5653 
f 3560 3799 5655 5654 
f 3799 3561 5656 5655 
f 3561 3562 5657 5656 
f 3562 3563 5658 5657 
f 3563 3564 5659 5658 
f 3564 3565 5660 5659 
f 3565 3566 5661 5660 
f 3566 3567 5662 5661 
f 3567 3568 5663 5662 
f 3568 3569 5664 5663 
f 3569 3570 5665 5664 
f 3570 3571 5666 5665 
f 3571 3572 5667 5666 
f 3572 3573 5668 5667 
f 3573 3574 5669 5668 
f 3574 3575 5670 5669 
f 3575 3576 5671 5670 
f 3576 3577 5672 5671 
f 3577 3578 5673 5672 
f 3578 3579 5592 5673 
s 2
f 4219 4218 5675 5674 
f 4218 4367 5676 5675 
f 4367 4234 5677 5676 
f 4234 4364 5678 5677 
f 4364 4217 5679 5678 
f 4217 4366 5680 5679 
f 4366 4233 5681 5680 
f 4233 4365 5682 5681 
f 4365 4216 5683 5682 
f 4216 4215 5684 5683 
f 4215 4214 5685 5684 
f 4214 4213 5686 5685 
f 4213 4212 5687 5686 
f 4212 4211 5688 5687 
f 4211 4210 5689 5688 
f 4210 4209 5690 5689 
f 4209 4230 5691 5690 
f 4230 4231 5692 5691 
f 4231 4208 5693 5692 
f 4208 4229 5694 5693 
f 4229 4207 5695 5694 
f 4207 4235 5696 5695 
f 4235 5322 5697 5696 
f 5322 5323 5698 5697 
f 5323 5324 5699 5698 
f 5324 5325 5700 5699 
f 5325 5326 5701 5700 
f 5326 5327 5702 5701 
f 5327 5328 5703 5702 
f 5328 5329 5704 5703 
f 5329 5330 5705 5704 
f 5330 5331 5706 5705 
f 5331 5332 5707 5706 
f 5332 5333 5708 5707 
f 5333 5334 5709 5708 
f 5334 5335 5710 5709 
f 5335 5336 5711 5710 
f 5336 5337 5712 5711 
f 5337 5338 5713 5712 
f 5338 5339 5714 5713 
f 5339 5340 5715 5714 
f 5340 5341 5716 5715 
f 5341 5311 5717 5716 
f 5311 5312 5718 5717 
f 5312 5313 5719 5718 
f 5313 5314 5720 5719 
f 5314 5315 5721 5720 
f 5315 5316 5722 5721 
f 5316 5317 5723 5722 
f 5317 5318 5724 5723 
f 5318 5319 5725 5724 
f 5319 5320 5726 5725 
f 5320 5321 5727 5726 
f 5321 4232 5728 5727 
f 4232 4225 5729 5728 
f 4225 4222 5730 5729 
f 4222 4224 5731 5730 
f 4224 4221 5732 5731 
f 4221 4226 5733 5732 
f 4226 4223 5734 5733 
f 4223 4227 5735 5734 
f 4227 4220 5736 5735 
f 4220 4228 5737 5736 
f 4228 4219 5674 5737 
f 5674 5675 5738 
f 5675 5676 5738 
f 5676 5677 5738 
f 5677 5678 5738 
f 5678 5679 5738 
f 5679 5680 5738 
f 5680 5681 5738 
f 5681 5682 5738 
f 5682 5683 5738 
f 5683 5684 5738 
f 5684 5685 5738 
f 5685 5686 5738 
f 5686 5687 5738 
f 5687 5688 5738 
f 5688 5689 5738 
f 5689 5690 5738 
f 5690 5691 5738 
f 5691 5692 5738 
f 5692 5693 5738 
f 5693 5694 5738 
f 5694 5695 5738 
f 5695 5696 5738 
f 5696 5697 5738 
f 5697 5698 5738 
f 5698 5699 5738 
f 5699 5700 5738 
f 5700 5701 5738 
f 5701 5702 5738 
f 5702 5703 5738 
f 5703 5704 5738 
f 5704 5705 5738 
f 5705 5706 5738 
f 5706 5707 5738 
f 5707 5708 5738 
f 5708 5709 5738 
f 5709 5710 5738 
f 5710 5711 5738 
f 5711 5712 5738 
f 5712 5713 5738 
f 5713 5714 5738 
f 5714 5715 5738 
f 5715 5716 5738 
f 5716 5717 5738 
f 5717 5718 5738 
f 5718 5719 5738 
f 5719 5720 5738 
f 5720 5721 5738 
f 5721 5722 5738 
f 5722 5723 5738 
f 5723 5724 5738 
f 5724 5725 5738 
f 5725 5726 5738 
f 5726 5727 5738 
f 5727 5728 5738 
f 5728 5729 5738 
f 5729 5730 5738 
f 5730 5731 5738 
f 5731 5732 5738 
f 5732 5733 5738 
f 5733 5734 5738 
f 5734 5735 5738 
f 5735 5736 5738 
f 5736 5737 5738 
f 5737 5674 5738 
s 1
f 6266 6265 6060 6062 
f 5746 6106 6105 5745 
f 5747 6107 6106 5746 
f 5745 6105 6104 5744 
f 5744 6104 6103 5743 
f 5748 6108 6107 5747 
f 5743 6103 6102 5742 
f 5749 6109 6108 5748 
f 5742 6102 6101 5741 
f 5750 6110 6109 5749 
f 5741 6101 6659 6658 
f 5751 6111 6110 5750 
f 5752 6112 6111 5751 
f 5753 6113 6136 6024 
f 5754 6114 6134 5897 
f 5862 6133 6132 5861 
f 5755 6115 6135 5972 
f 5756 6116 6115 5755 
f 5757 6117 6116 5756 
f 5758 6118 6117 5757 
f 5759 6119 6118 5758 
f 5760 6120 6119 5759 
f 5761 6121 6120 5760 
f 5762 6122 6121 5761 
f 5763 6123 6122 5762 
f 5764 6124 6123 5763 
f 5765 6125 6124 5764 
f 5766 6126 6125 5765 
f 5767 6127 6126 5766 
f 5768 6128 6127 5767 
f 5769 6129 6128 5768 
f 5770 6130 6129 5769 
f 5771 6131 6130 5770 
f 5739 6099 6131 5771 
f 5740 6100 6099 5739 
f 6190 6072 6071 6191 
f 6229 6073 6072 6190 
f 6191 6071 6070 6192 
f 6192 6070 6069 6193 
f 6228 6074 6073 6229 
f 6193 6069 6068 6194 
f 6227 6075 6074 6228 
f 6194 6068 6067 6195 
f 6226 6076 6075 6227 
f 6195 6067 6737 6736 
f 6225 6077 6076 6226 
f 6224 6078 6077 6225 
f 6222 6079 6098 6223 
f 6218 6080 6092 6219 
f 6216 6091 6090 6217 
f 6214 6081 6093 6215 
f 6213 6082 6081 6214 
f 6212 6083 6089 
f 6211 6084 6083 6212 
f 6209 6094 6210 
f 6207 6085 6094 6208 
f 6205 6095 6206 
f 6203 6086 6095 6204 
f 6201 6096 6202 
f 6199 6087 6096 6200 
f 6197 6097 6198 
f 6625 5823 5854 
s 129
f 5823 6625 6624 
s 5
f 5823 6622 6621 
s 65
f 5823 6623 6622 
s 9
f 5823 6624 6623 
s 1
f 6213 6088 6082 
f 6212 6089 6088 6213 
f 5823 5824 5855 5854 
f 5825 5856 5855 5824 
f 5826 5857 5856 5825 
f 5827 5858 5857 5826 
f 5828 5859 5858 5827 
f 5829 5860 5859 5828 
f 5805 5853 5860 5829 
s 33
f 5840 5847 8143 6632 
s 1
f 5841 5848 5847 5840 
f 5842 5849 5848 5841 
f 5843 5850 5849 5842 
f 5844 5851 5850 5843 
f 5845 5852 5851 5844 
f 5839 5846 5852 5845 
s 9
f 6627 5854 6632 
s 1
f 5854 5855 5840 6632 
f 5855 5856 5841 5840 
f 5856 5857 5842 5841 
f 5857 5858 5843 5842 
f 5858 5859 5844 5843 
f 5859 5860 5845 5844 
f 5860 5853 5839 5845 
f 5853 6826 6825 5839 
s 65
f 6626 5854 6627 
s 5
f 6625 5854 6626 
s 1
f 6267 6042 6043 6268 
f 5861 6132 6114 5754 
f 6217 6090 6080 6218 
f 5934 6157 6156 5935 
f 5929 5903 5902 5928 
f 5905 5977 5978 5904 
f 5907 5905 5904 5906 
f 5919 5907 5906 5918 
f 5915 5909 5908 5914 
f 5921 5911 5910 5920 
f 5927 5913 5912 5926 
f 5913 5915 5914 5912 
f 5909 5917 5916 5908 
f 5917 5919 5918 5916 
f 5923 5921 5920 5922 
f 5925 5923 5922 5924 
f 5911 5927 5926 5910 
f 5932 5925 5924 5933 
f 5931 5929 5928 5930 
f 5938 6175 6169 5939 
f 5940 5966 5967 5941 
f 5968 5980 5979 5969 
f 5942 5944 5945 5943 
f 5944 5956 5957 5945 
f 5946 5952 5953 5947 
f 5948 5958 5959 5949 
f 5950 5964 5965 5951 
f 5952 5950 5951 5953 
f 5954 5946 5947 5955 
f 5956 5954 5955 5957 
f 5958 5960 5961 5959 
f 5960 5962 5963 5961 
f 5964 5948 5949 5965 
f 5962 5937 5936 5963 
f 5966 5968 5969 5967 
f 5897 6134 6163 6152 
f 6219 6092 6162 6220 
f 5903 5934 5935 5902 
f 5941 5970 5971 5940 
s 8193
f 5935 6156 8161 8160 
s 1
f 5901 6168 6167 5880 
s 1025
f 5928 5902 8159 8158 
s 1
f 5903 5929 5894 5881 
s 8193
f 5904 5978 8156 8155 
s 1
f 5931 5977 5976 5895 
s 17
f 5906 5904 8155 8154 
s 1
f 5905 5907 5883 5882 
s 257
f 5918 5906 8154 8153 
s 1
f 5907 5919 5889 5883 
s 17
f 5914 5908 8151 8150 
s 1
f 5909 5915 5887 5884 
s 17
f 5920 5910 8147 8146 
s 1
f 5911 5921 5890 5885 
s 17
f 5926 5912 8149 8148 
s 1
f 5913 5927 5893 5886 
s 257
f 5912 5914 8150 8149 
s 1
f 5915 5913 5886 5887 
s 257
f 5908 5916 8152 8151 
s 1
f 5917 5909 5884 5888 
s 17
f 5916 5918 8153 8152 
s 1
f 5919 5917 5888 5889 
s 257
f 5922 5920 8146 8145 
s 1
f 5921 5923 5891 5890 
s 17
f 5924 5922 8145 8144 
s 1
f 5923 5925 5892 5891 
s 257
f 5910 5926 8148 8147 
s 1
f 5927 5911 5885 5893 
s 65
f 5933 5924 8144 8143 
s 1
f 5925 5932 5896 5892 
s 65537
f 5930 5928 8158 8157 
s 1
f 5929 5931 5895 5894 
s 33
f 5902 5935 8160 8159 
s 1
f 5934 5903 5881 5900 
f 5939 6169 6955 6954 
f 5971 6159 6155 5900 
f 5941 5967 6959 6958 
f 5966 5940 5881 5894 
f 5969 5979 5975 6960 
f 5942 5980 5976 5882 
f 5943 5945 5868 5867 
f 5944 5942 5882 5883 
f 5945 5957 5874 5868 
f 5956 5944 5883 5889 
f 5947 5953 5872 5869 
f 5952 5946 5884 5887 
f 5949 5959 5875 5870 
f 5958 5948 5885 5890 
f 5951 5965 5878 5871 
f 5964 5950 5886 5893 
f 5953 5951 5871 5872 
f 5950 5952 5887 5886 
f 5955 5947 5869 5873 
f 5946 5954 5888 5884 
f 5957 5955 5873 5874 
f 5954 5956 5889 5888 
f 5959 5961 5876 5875 
f 5960 5958 5890 5891 
f 5961 5963 5877 5876 
f 5962 5960 5891 5892 
f 5965 5949 5870 5878 
f 5948 5964 5893 5885 
f 5963 5936 5879 5877 
f 5937 5962 5892 5896 
f 5967 5969 6960 6959 
f 5968 5966 5894 5895 
f 5940 5971 5900 5881 
f 5970 5941 6958 6975 
f 5972 6135 6133 5862 
f 6215 6093 6091 6216 
f 5978 5977 5931 5930 
f 5979 5980 5942 5943 
s 18446
f 5974 8156 8157 5866 
s 1
f 5976 5977 5905 5882 
f 5975 5979 5943 5867 
f 5976 5980 5968 5895 
f 6210 6094 6084 6211 
f 6208 6094 6209 
f 6206 6095 6085 6207 
f 6204 6095 6205 
f 6202 6096 6086 6203 
f 6200 6096 6201 
f 6198 6097 6087 6199 
f 6196 6977 6097 6197 
s 8334
f 5811 8171 8172 5810 
s 33664
f 5812 8170 8171 5811 
s 41728
f 5810 8172 8173 5809 
s 32902
f 5809 8173 8174 5808 
s 32806
f 5813 8169 8170 5812 
s 1248
f 5808 8174 8175 5807 
f 5814 8168 8169 5813 
s 9222
f 5807 8175 8176 5806 
s 5126
f 5815 8167 8168 5814 
s 73824
f 5806 8176 8177 6998 
s 4704
f 5816 8166 8167 5815 
s 1542
f 5817 8165 8166 5816 
s 12338
f 5818 8163 8164 6026 
s 1
f 5986 5999 5998 5985 
f 5987 6000 5999 5986 
f 5985 5998 5997 5984 
f 5984 5997 5996 5983 
f 5988 6001 6000 5987 
f 5983 5996 5995 5982 
f 5989 6002 6001 5988 
f 5982 5995 5994 5981 
f 5990 6003 6002 5989 
f 5981 5994 7018 6999 
f 5991 6004 6003 5990 
f 5992 6005 6004 5991 
f 5993 5901 6028 6027 
s 5
f 5999 6231 6230 5998 
s 257
f 6000 6232 6231 5999 
s 4097
f 5998 6230 6251 5997 
s 65
f 5997 6251 6250 5996 
s 5
f 6001 6233 6232 6000 
f 5996 6250 6249 5995 
s 65
f 6002 6234 6233 6001 
s 257
f 5995 6249 6248 5994 
s 1
f 6003 6015 6234 6002 
s 5
f 5994 6248 7032 7018 
s 1
f 6004 6017 6015 6003 
f 6005 6016 6021 
f 5901 5880 6029 6028 
f 5938 6022 6029 5880 
s 65
f 6242 6241 6016 
f 6017 6238 6237 
f 6015 6236 6235 
f 6021 6240 6239 
s 1
f 6005 6021 6017 6004 
f 5939 6246 6032 5938 
s 65
f 6954 7049 6247 5939 
s 1
f 6024 6136 6112 5752 
f 6223 6098 6078 6224 
s 7168
f 6026 8164 8165 5817 
s 1
f 6027 6028 6005 5992 
f 6028 6029 6016 6005 
f 6029 6022 6242 6016 
s 129
f 6246 6245 6032 
s 1
f 5938 6032 6022 
f 7051 7052 6100 5740 
f 7053 6977 6196 
f 7054 6826 5853 5805 
f 6825 7055 5846 5839 
f 7056 7059 6170 6034 
f 7060 7062 6288 
f 6268 6043 6044 6269 
f 6269 6044 6045 6270 
f 6270 6045 6046 6271 
f 6271 6046 6047 6272 
f 6272 6047 6048 6273 
f 6273 6048 6274 
f 6274 6048 6275 
f 6275 6048 6276 
f 6276 6048 6049 6277 
f 6277 6049 6278 
f 6033 6061 7081 7080 
f 6035 6033 7080 7084 
f 6034 6170 6171 6050 
f 6289 6065 6290 
f 6036 6035 7084 7091 
f 6037 6036 7091 7093 
f 6038 6037 7093 7095 
f 6039 6038 7095 7097 
f 6040 6039 7097 7099 
f 6041 6040 7099 7101 
f 6284 6041 6285 
f 6042 6062 6061 6033 
f 6043 6042 6033 6035 
f 6044 6043 6035 6036 
f 6045 6044 6036 6037 
f 6046 6045 6037 6038 
f 6047 6046 6038 6039 
f 6048 6047 6039 6040 
f 6049 6048 6040 6041 
f 6280 6049 6041 6281 
f 6050 6171 6262 6261 
f 6252 6066 6253 
f 6051 7114 7113 6063 
f 6052 6051 6063 6064 
f 6257 6052 6064 6258 
f 6053 7122 7121 6055 
f 6054 6053 6055 6056 
f 6259 6054 6056 6260 
f 6055 7121 7056 6034 
f 6056 6055 6034 6050 
f 6260 6056 6050 6261 
f 6057 7130 7129 6059 
f 6058 6057 6059 6060 
f 6264 6058 6060 6265 
f 6266 6062 6042 6267 
f 7081 6061 6059 7129 
f 6061 6062 6060 6059 
f 6063 7113 7122 6053 
f 6064 6063 6053 6054 
f 6258 6064 6054 6259 
f 6065 7062 7114 6051 
f 6066 6065 6051 6052 
f 6256 6066 6052 6257 
f 6255 6066 6256 
f 6254 6066 6255 
f 6253 6066 6254 
f 6291 6065 6066 6252 
f 6290 6065 6291 
f 6288 7062 6065 6289 
f 6278 6049 6279 
f 6279 6049 6280 
f 6281 6041 6282 
f 6282 6041 6283 
f 6283 6041 6284 
f 6285 6041 7101 6286 
f 6286 7101 6287 
f 6287 7101 7142 
f 5867 5868 6963 6962 
f 5867 6962 6961 5975 
f 5879 6974 6973 5877 
f 5877 6973 6972 5876 
f 5876 6972 6968 5875 
f 5875 6968 6967 5870 
f 5870 6967 6970 5878 
f 5871 6969 6966 5872 
f 5872 6966 6965 5869 
f 5869 6965 6971 5873 
f 5873 6971 6964 5874 
f 5874 6964 6963 5868 
f 5878 6970 6969 5871 
f 6960 5975 6961 
s 33
f 6600 6071 6072 6601 
s 2049
f 6601 6072 6073 6602 
s 1025
f 6631 6070 6071 6600 
s 9
f 6630 6069 6070 6631 
s 17
f 6602 6073 6074 6603 
s 257
f 6629 6068 6069 6630 
s 513
f 6603 6074 6075 6604 
s 9
f 6628 6067 6068 6629 
s 17
f 6604 6075 6076 6605 
s 129
f 7153 6737 6067 6628 
s 257
f 6605 6076 6077 6606 
s 17
f 6606 6077 6078 6607 
s 129
f 6608 6098 6079 6609 
s 3
f 6612 6092 6080 6613 
s 8193
f 6614 6090 6091 6615 
s 257
f 6616 6093 6081 6617 
s 5
f 6617 6081 6082 6618 
s 65
f 6620 6089 6083 6621 
s 1
f 6621 6083 6084 5823 
f 6094 6085 5825 5824 
f 6095 6086 5827 5826 
f 6096 6087 5829 5828 
s 65
f 6618 6082 6088 6619 
s 5
f 6619 6088 6089 6620 
s 17
f 6613 6080 6090 6614 
s 65537
f 6609 6079 6172 6610 
s 33
f 6615 6091 6093 6616 
s 1
f 5823 6084 6094 5824 
f 6085 6095 5826 5825 
f 6086 6096 5828 5827 
f 6087 6097 5805 5829 
f 6097 6977 7054 5805 
s 32769
f 6607 6078 6098 6608 
s 1
f 6105 6106 5779 5778 
f 6106 6107 5780 5779 
f 6104 6105 5778 5777 
f 6103 6104 5777 5776 
f 6107 6108 5781 5780 
f 6102 6103 5776 5775 
f 6108 6109 5782 5781 
f 6101 6102 5775 5774 
f 6109 6110 5783 5782 
f 6659 6101 5774 7179 
f 6110 6111 5784 5783 
f 6111 6112 5785 5784 
f 6136 6113 5786 6025 
f 6134 6114 5787 5898 
f 6132 6133 5864 5863 
f 6135 6115 5788 5973 
f 6115 6116 5789 5788 
f 6116 6117 5790 5789 
f 6117 6118 5791 5790 
f 6118 6119 5792 5791 
f 6119 6120 5793 5792 
f 6120 6121 5794 5793 
f 6121 6122 5795 5794 
f 6122 6123 5796 5795 
f 6123 6124 5797 5796 
f 6124 6125 5798 5797 
f 6125 6126 5799 5798 
f 6126 6127 5800 5799 
f 6127 6128 5801 5800 
f 6128 6129 5802 5801 
f 6129 6130 5803 5802 
f 6130 6131 5804 5803 
f 6131 6099 5772 5804 
f 6099 6100 5773 5772 
f 6114 6132 5863 5787 
f 6113 6173 6165 5786 
f 6133 6135 5973 5864 
f 6112 6136 6025 5785 
f 6100 7052 7210 5773 
s 33
f 6544 6567 6566 6545 
s 2049
f 6565 6568 6567 6544 
s 8193
f 6545 6566 6573 6546 
s 257
f 6546 6573 6572 6547 
s 9
f 6564 6569 6568 6565 
f 6547 6572 6571 6548 
s 129
f 6563 6569 6564 
s 2049
f 6548 6571 6570 6549 
s 33
f 6549 6570 7229 7228 
s 1
f 6156 6157 6168 6174 
f 6158 6159 5971 5970 
f 6152 6163 6173 6164 
f 6220 6162 6172 6221 
s 6158
f 6154 8161 8162 6166 
s 1
f 6155 6157 5934 5900 
f 7235 6158 5970 6975 
f 6155 6159 6175 6167 
f 6160 7237 7130 6057 
f 6161 6160 6057 6058 
f 6263 6161 6058 6264 
s 65
f 6611 6162 6092 6612 
s 1
f 6153 6163 6134 5898 
f 6169 6175 6159 6158 
f 6167 6168 6157 6155 
f 6955 6169 6158 7235 
f 6170 7059 7237 6160 
f 6171 6170 6160 6161 
f 6262 6171 6161 6263 
s 129
f 6610 6172 6162 6611 
s 1
f 6165 6173 6163 6153 
f 6174 6168 5901 5993 
f 6164 6173 6113 5753 
f 6221 6172 6079 6222 
s 11264
f 6166 8162 8163 5818 
s 1
f 6167 6175 5938 5880 
s 5
f 6021 6239 6238 6017 
s 9
f 6017 6237 6236 6015 
s 5
f 6015 6235 6234 
f 6022 6243 6242 
s 9
f 6016 6241 6240 6021 
s 5
f 6032 6245 6244 
s 65
f 6032 6244 6243 6022 
s 5
f 5939 6247 6246 
s 1
f 5779 6190 6191 5778 
f 5778 6191 6192 5777 
f 5777 6192 6193 5776 
f 5776 6193 6194 5775 
f 5775 6194 6195 5774 
f 5774 6195 6736 7179 
f 7210 7053 6196 5773 
f 5773 6196 6197 5772 
f 5772 6197 6198 5804 
f 5804 6198 6199 5803 
f 5803 6199 6200 5802 
f 5802 6200 6201 5801 
f 5801 6201 6202 5800 
f 5800 6202 6203 5799 
f 5799 6203 6204 5798 
f 5798 6204 6205 5797 
f 5797 6205 6206 5796 
f 5796 6206 6207 5795 
f 5795 6207 6208 5794 
f 5794 6208 6209 5793 
f 5793 6209 6210 5792 
f 5792 6210 6211 5791 
f 5791 6211 6212 5790 
f 5790 6212 6213 5789 
f 5789 6213 6214 5788 
f 5788 6214 6215 5973 
f 5973 6215 6216 5864 
f 5864 6216 6217 5863 
f 5863 6217 6218 5787 
f 5787 6218 6219 5898 
f 5898 6219 6220 6153 
f 6153 6220 6221 6165 
f 6165 6221 6222 5786 
f 5786 6222 6223 6025 
f 6025 6223 6224 5785 
f 5785 6224 6225 5784 
f 5784 6225 6226 5783 
f 5783 6226 6227 5782 
f 5782 6227 6228 5781 
f 5781 6228 6229 5780 
f 5780 6229 6190 5779 
s 131598
f 6010 6230 6231 6011 
s 9088
f 6011 6231 6232 6012 
s 40966
f 6012 6232 6233 6013 
s 33376
f 6013 6233 6234 6014 
s 2566
f 6014 6234 6235 6178 
s 10336
f 6178 6235 6236 6019 
s 8714
f 6019 6236 6237 6177 
s 2656
f 6177 6237 6238 6018 
s 10246
f 6018 6238 6239 6176 
s 8800
f 6176 6239 6240 6020 
s 2570
f 6020 6240 6241 6182 
s 10336
f 6182 6241 6242 6030 
s 8710
f 6030 6242 6243 6183 
s 2656
f 6183 6243 6244 6031 
s 10246
f 6031 6244 6245 6186 
s 8864
f 6186 6245 6246 6023 
s 2566
f 6023 6246 6247 6188 
s 18528
f 6188 6247 7049 7262 
s 33294
f 7263 7032 6248 6006 
s 9088
f 6006 6248 6249 6007 
s 40966
f 6007 6249 6250 6008 
s 295104
f 6008 6250 6251 6009 
s 397312
f 6009 6251 6230 6010 
s 1
f 5745 6252 6253 5746 
f 5746 6253 6254 5747 
f 5747 6254 6255 5748 
f 5748 6255 6256 5749 
f 5749 6256 6257 5750 
f 5750 6257 6258 5751 
f 5751 6258 6259 5752 
f 5752 6259 6260 6024 
f 6024 6260 6261 5753 
f 5753 6261 6262 6164 
f 6164 6262 6263 6152 
f 6152 6263 6264 5897 
f 5897 6264 6265 5754 
f 5754 6265 6266 5861 
f 5861 6266 6267 5862 
f 5862 6267 6268 5972 
f 5972 6268 6269 5755 
f 5755 6269 6270 5756 
f 5756 6270 6271 5757 
f 5757 6271 6272 5758 
f 5758 6272 6273 5759 
f 5759 6273 6274 5760 
f 5760 6274 6275 5761 
f 5761 6275 6276 5762 
f 5762 6276 6277 5763 
f 5763 6277 6278 5764 
f 5764 6278 6279 5765 
f 5765 6279 6280 5766 
f 5766 6280 6281 5767 
f 5767 6281 6282 5768 
f 5768 6282 6283 5769 
f 5769 6283 6284 5770 
f 5770 6284 6285 5771 
f 5771 6285 6286 5739 
f 5739 6286 6287 5740 
f 5740 6287 7142 7051 
f 6658 7060 6288 5741 
f 5741 6288 6289 5742 
f 5742 6289 6290 5743 
f 5743 6290 6291 5744 
f 5744 6291 6252 5745 
f 5847 6332 8142 8143 
f 5848 6333 6332 5847 
f 5849 6334 6333 5848 
f 5850 6335 6334 5849 
f 5851 6336 6335 5850 
f 5852 6337 6336 5851 
f 5846 6338 6337 5852 
f 7055 7276 6338 5846 
f 5936 6340 6339 5879 
f 5932 6343 6342 5896 
f 5933 6344 6343 5932 
f 5937 6341 6340 5936 
f 5896 6342 6341 5937 
f 5879 6339 7277 6974 
f 8139 6307 6588 8138 
f 6307 6309 6589 6588 
f 6309 6311 6590 6589 
f 6311 6313 6591 6590 
f 6313 6315 6592 6591 
f 6315 6317 6593 6592 
f 6317 6305 6587 6593 
f 6305 6331 7299 6587 
f 6319 6327 6598 6594 
f 6321 6323 6596 6595 
f 6323 6325 6597 6596 
f 6325 8139 8138 6597 
f 6327 6329 6599 6598 
f 6329 6321 6595 6599 
f 7300 6319 6594 7301 
f 8060 7312 8084 8135 
f 8062 7312 8060 
f 8064 7312 8062 
f 8066 7312 8064 
f 8068 7312 8066 
f 8070 7312 8068 
f 8072 7312 8070 
f 8080 7312 8082 
f 8084 7312 8080 
f 8086 7312 8076 
f 8082 7312 8086 
f 8137 6308 8059 8136 
f 6307 8139 8140 6575 
f 6308 6310 8061 8059 
f 6309 6307 6575 6576 
f 6310 6312 8063 8061 
f 6311 6309 6576 6577 
f 6312 6314 8065 8063 
f 6313 6311 6577 6578 
f 6314 6316 8067 8065 
f 6315 6313 6578 6579 
f 6316 6318 8069 8067 
f 6317 6315 6579 6580 
f 6318 6306 8071 8069 
f 6305 6317 6580 6574 
f 6306 7329 8073 8071 
f 6331 6305 6574 7330 
f 6320 6328 8075 8077 
f 6327 6319 6581 6585 
f 6322 6324 8079 8081 
f 6323 6321 6582 6583 
f 6324 6326 8083 8079 
f 6325 6323 6583 6584 
f 6326 8137 8136 8083 
f 6328 6330 8085 8075 
f 6329 6327 6585 6586 
f 6330 6322 8081 8085 
f 6321 6329 6586 6582 
f 7331 6320 8077 8113 
f 6319 7300 7334 6581 
f 6293 8141 8142 6332 
f 6293 6332 6333 6294 
f 6294 6333 6334 6295 
f 6295 6334 6335 6296 
f 6296 6335 6336 6297 
f 6297 6336 6337 6298 
f 6298 6337 6338 6292 
f 6292 6338 7276 7351 
f 6299 7352 7277 6339 
f 6299 6339 6340 6303 
f 6303 6340 6341 6304 
f 6304 6341 6342 6300 
f 6300 6342 6343 6301 
f 6301 6343 6344 6302 
f 6302 6344 8142 8141 
f 8076 7312 8078 
f 8078 7312 8114 
s 2
f 6456 6479 6478 6457 
f 6477 6480 6479 6456 
f 6457 6478 6499 6458 
f 6458 6499 6498 6459 
f 6476 6481 6480 6477 
f 6459 6498 6497 6460 
f 6475 6482 6481 6476 
f 6460 6497 6496 6461 
f 6470 6487 6486 6471 
f 6472 6485 6484 6473 
f 6474 6483 6482 6475 
f 6468 6489 6488 6469 
f 6462 6495 6494 6463 
f 6464 6493 6492 6465 
f 6466 6491 6490 6467 
f 6461 6496 7403 7402 
f 6469 6488 6487 6470 
f 6471 6486 6485 6472 
f 6473 6484 6483 6474 
f 6467 6490 6489 6468 
f 6465 6492 6491 6466 
f 6463 6494 6493 6464 
f 7404 7405 6495 6462 
s 1
f 6412 6435 6434 6413 
f 6433 6436 6435 6412 
f 6413 6434 6455 6414 
f 6414 6455 6454 6415 
f 6432 6437 6436 6433 
f 6415 6454 6453 6416 
f 6431 6438 6437 6432 
f 6416 6453 6452 6417 
f 6426 6443 6442 6427 
f 6428 6441 6440 6429 
f 6430 6439 6438 6431 
f 6424 6445 6444 6425 
f 6418 6451 6450 6419 
f 6420 6449 6448 6421 
f 6422 6447 6446 6423 
f 6417 6452 7451 7450 
f 6425 6444 6443 6426 
f 6427 6442 6441 6428 
f 6429 6440 6439 6430 
f 6423 6446 6445 6424 
f 6421 6448 6447 6422 
f 6419 6450 6449 6420 
s 2
f 6500 6511 6510 6501 
f 6543 6512 6511 6500 
f 6501 6510 6509 6502 
f 6502 6509 6508 6503 
f 6542 6513 6512 6543 
f 6503 6508 6507 6504 
f 6541 6514 6513 6542 
f 6504 6507 6506 6505 
f 6536 6519 6518 6537 
f 6538 6517 6516 6539 
f 6540 6515 6514 6541 
f 6534 6521 6520 6535 
f 6528 6527 6526 6529 
f 6530 6525 6524 6531 
f 6532 6523 6522 6533 
f 6505 6506 6633 7496 
f 6535 6520 6519 6536 
f 6537 6518 6517 6538 
f 6539 6516 6515 6540 
f 6533 6522 6521 6534 
f 6531 6524 6523 6532 
f 6529 6526 6525 6530 
s 1
f 8074 7312 8072 
f 7497 7498 6451 6418 
s 2
f 7499 7500 6527 6528 
s 1
f 6350 6412 6413 6349 
f 6349 6413 6414 6348 
f 6348 6414 6415 6347 
f 6347 6415 6416 6346 
f 6346 6416 6417 6345 
f 6345 6417 7450 7507 
f 7508 7497 6418 6366 
f 6366 6418 6419 6357 
f 6357 6419 6420 6365 
f 6365 6420 6421 6359 
f 6359 6421 6422 6364 
f 6364 6422 6423 6358 
f 6358 6423 6424 6363 
f 6363 6424 6425 6356 
f 6356 6425 6426 6360 
f 6360 6426 6427 6354 
f 6354 6427 6428 6361 
f 6361 6428 6429 6355 
f 6355 6429 6430 6362 
f 6362 6430 6431 6353 
f 6353 6431 6432 6352 
f 6352 6432 6433 6351 
f 6351 6433 6412 6350 
f 6371 6434 6435 6372 
f 6372 6435 6436 6373 
f 6373 6436 6437 6374 
f 6374 6437 6438 6375 
f 6375 6438 6439 6384 
f 6384 6439 6440 6377 
f 6377 6440 6441 6383 
f 6383 6441 6442 6376 
f 6376 6442 6443 6382 
f 6382 6443 6444 6378 
f 6378 6444 6445 6385 
f 6385 6445 6446 6380 
f 6380 6446 6447 6386 
f 6386 6447 6448 6381 
f 6381 6448 6449 6387 
f 6387 6449 6450 6379 
f 6379 6450 6451 6388 
f 6388 6451 7498 7543 
f 7544 7451 6452 6367 
f 6367 6452 6453 6368 
f 6368 6453 6454 6369 
f 6369 6454 6455 6370 
f 6370 6455 6434 6371 
s 2
f 6142 6456 6457 6141 
f 6141 6457 6458 6140 
f 6140 6458 6459 6139 
f 6139 6459 6460 6138 
f 6138 6460 6461 6137 
f 6137 6461 7402 7555 
f 7556 7404 6462 6189 
f 6189 6462 6463 6149 
f 6149 6463 6464 6187 
f 6187 6464 6465 6151 
f 6151 6465 6466 6185 
f 6185 6466 6467 6150 
f 6150 6467 6468 6184 
f 6184 6468 6469 6148 
f 6148 6469 6470 6179 
f 6179 6470 6471 6146 
f 6146 6471 6472 6180 
f 6180 6472 6473 6147 
f 6147 6473 6474 6181 
f 6181 6474 6475 6145 
f 6145 6475 6476 6144 
f 6144 6476 6477 6143 
f 6143 6477 6456 6142 
f 6349 6478 6479 6350 
f 6350 6479 6480 6351 
f 6351 6480 6481 6352 
f 6352 6481 6482 6353 
f 6353 6482 6483 6362 
f 6362 6483 6484 6355 
f 6355 6484 6485 6361 
f 6361 6485 6486 6354 
f 6354 6486 6487 6360 
f 6360 6487 6488 6356 
f 6356 6488 6489 6363 
f 6363 6489 6490 6358 
f 6358 6490 6491 6364 
f 6364 6491 6492 6359 
f 6359 6492 6493 6365 
f 6365 6493 6494 6357 
f 6357 6494 6495 6366 
f 6366 6495 7405 7508 
f 7507 7403 6496 6345 
f 6345 6496 6497 6346 
f 6346 6497 6498 6347 
f 6347 6498 6499 6348 
f 6348 6499 6478 6349 
f 6372 6500 6501 6371 
f 6371 6501 6502 6370 
f 6370 6502 6503 6369 
f 6369 6503 6504 6368 
f 6368 6504 6505 6367 
f 6367 6505 7496 7544 
f 6389 6506 6507 6390 
f 6390 6507 6508 6391 
f 6391 6508 6509 6392 
f 6392 6509 6510 6393 
f 6393 6510 6511 6394 
f 6394 6511 6512 6395 
f 6395 6512 6513 6396 
f 6396 6513 6514 6397 
f 6397 6514 6515 6406 
f 6406 6515 6516 6399 
f 6399 6516 6517 6405 
f 6405 6517 6518 6398 
f 6398 6518 6519 6404 
f 6404 6519 6520 6400 
f 6400 6520 6521 6407 
f 6407 6521 6522 6402 
f 6402 6522 6523 6408 
f 6408 6523 6524 6403 
f 6403 6524 6525 6409 
f 6409 6525 6526 6401 
f 6401 6526 6527 6410 
f 6410 6527 7500 7595 
f 7543 7499 6528 6388 
f 6388 6528 6529 6379 
f 6379 6529 6530 6387 
f 6387 6530 6531 6381 
f 6381 6531 6532 6386 
f 6386 6532 6533 6380 
f 6380 6533 6534 6385 
f 6385 6534 6535 6378 
f 6378 6535 6536 6382 
f 6382 6536 6537 6376 
f 6376 6537 6538 6383 
f 6383 6538 6539 6377 
f 6377 6539 6540 6384 
f 6384 6540 6541 6375 
f 6375 6541 6542 6374 
f 6374 6542 6543 6373 
f 6373 6543 6500 6372 
s 1049712
f 6011 6544 6545 6010 
s 1581056
f 6010 6545 6546 6009 
s 592128
f 6009 6546 6547 6008 
s 81960
f 6008 6547 6548 6007 
s 23552
f 6007 6548 6549 6006 
s 66672
f 6006 6549 7228 7263 
s 70016
f 7262 7597 6550 6188 
s 5144
f 6188 6550 6551 6023 
s 17728
f 6023 6551 6552 6186 
s 20504
f 6186 6552 6553 6031 
s 5504
f 6031 6553 6554 6183 
s 17432
f 6183 6554 6555 6030 
s 20864
f 6030 6555 6556 6182 
s 5140
f 6182 6556 6557 6020 
s 17792
f 6020 6557 6558 6176 
s 20504
f 6176 6558 6559 6018 
s 5504
f 6018 6559 6560 6177 
s 17428
f 6177 6560 6561 6019 
s 20864
f 6019 6561 6562 6178 
s 5144
f 6178 6562 6563 6014 
s 66944
f 6014 6563 6564 6013 
s 81944
f 6013 6564 6565 6012 
s 23552
f 6012 6565 6544 6011 
s 1
f 6141 6566 6567 6142 
f 6142 6567 6568 6143 
f 6143 6568 6569 6144 
f 6144 6569 6563 6145 
s 9
f 6145 6563 6562 6181 
s 129
f 6181 6562 6561 6147 
s 5
f 6147 6561 6560 6180 
s 129
f 6180 6560 6559 6146 
s 9
f 6146 6559 6558 6179 
s 129
f 6179 6558 6557 6148 
s 5
f 6148 6557 6556 6184 
s 129
f 6184 6556 6555 6150 
s 9
f 6150 6555 6554 6185 
s 129
f 6185 6554 6553 6151 
s 9
f 6151 6553 6552 6187 
s 65
f 6187 6552 6551 6149 
s 9
f 6149 6551 6550 6189 
s 129
f 6189 6550 7597 7556 
s 1
f 7555 7229 6570 6137 
f 6137 6570 6571 6138 
f 6138 6571 6572 6139 
f 6139 6572 6573 6140 
f 6140 6573 6566 6141 
f 6575 8140 8141 6293 
f 6576 6575 6293 6294 
f 6577 6576 6294 6295 
f 6578 6577 6295 6296 
f 6579 6578 6296 6297 
f 6580 6579 6297 6298 
f 6574 6580 6298 6292 
f 7330 6574 6292 7351 
f 6585 6581 6299 6303 
f 6583 6582 6300 6301 
f 6584 6583 6301 6302 
f 6586 6585 6303 6304 
f 6582 6586 6304 6300 
f 6581 7334 7352 6299 
f 8138 6588 6308 8137 
f 6588 6589 6310 6308 
f 6589 6590 6312 6310 
f 6590 6591 6314 6312 
f 6591 6592 6316 6314 
f 6592 6593 6318 6316 
f 6593 6587 6306 6318 
f 6587 7299 7329 6306 
f 6594 6598 6328 6320 
f 6595 6596 6324 6322 
f 6596 6597 6326 6324 
f 6597 8138 8137 6326 
f 6598 6599 6330 6328 
f 6599 6595 6322 6330 
f 7301 6594 6320 7331 
s 20592
f 5810 6600 6601 5811 
s 72704
f 5811 6601 6602 5812 
s 73752
f 5812 6602 6603 5813 
s 11008
f 5813 6603 6604 5814 
s 18456
f 5814 6604 6605 5815 
s 24960
f 5815 6605 6606 5816 
s 73752
f 5816 6606 6607 5817 
s 114688
f 5817 6607 6608 6026 
s 147904
f 6026 6608 6609 5818 
s 229376
f 5818 6609 6610 6166 
s 33696
f 6166 6610 6611 6154 
s 16720
f 6154 6611 6612 5899 
s 16902
f 5899 6612 6613 5819 
s 33424
f 5819 6613 6614 5865 
s 45056
f 5865 6614 6615 5866 
s 4720
f 5866 6615 6616 5974 
s 33664
f 5974 6616 6617 5820 
s 36870
f 5820 6617 6618 5821 
s 4704
f 5821 6618 6619 5834 
s 2566
f 5834 6619 6620 5833 
s 6240
f 5833 6620 6621 5822 
s 4614
f 5822 6621 6622 5832 
s 2656
f 5832 6622 6623 5831 
s 6154
f 5831 6623 6624 5838 
s 4768
f 5838 6624 6625 5830 
s 2566
f 5830 6625 6626 5835 
s 6240
f 5835 6626 6627 5836 
s 4618
f 5836 6627 6632 5837 
s 147840
f 6998 7153 6628 5806 
s 18456
f 5806 6628 6629 5807 
s 6912
f 5807 6629 6630 5808 
s 69656
f 5808 6630 6631 5809 
s 84992
f 5809 6631 6600 5810 
s 544
f 6632 8143 5837 
s 2
f 6633 6506 6389 6411 
s 1
f 6634 6635 6636 6637 
f 6638 6639 6640 6641 
f 6642 6638 6641 6643 
f 6639 6644 6645 6640 
f 6644 6646 6647 6645 
f 6648 6642 6643 6649 
f 6646 6650 6651 6647 
f 6652 6648 6649 6653 
f 6650 6654 6655 6651 
f 6656 6652 6653 6657 
f 6654 6658 6659 6655 
f 6660 6656 6657 6661 
f 6662 6660 6661 6663 
f 6664 6665 6666 6667 
f 6668 6669 6670 6671 
f 6672 6673 6674 6675 
f 6676 6677 6678 6679 
f 6680 6676 6679 6681 
f 6682 6680 6681 6683 
f 6684 6682 6683 6685 
f 6686 6684 6685 6687 
f 6688 6686 6687 6689 
f 6690 6688 6689 6691 
f 6692 6690 6691 6693 
f 6694 6692 6693 6695 
f 6696 6694 6695 6697 
f 6698 6696 6697 6699 
f 6700 6698 6699 6701 
f 6702 6700 6701 6703 
f 6704 6702 6703 6705 
f 6706 6704 6705 6707 
f 6708 6706 6707 6709 
f 6710 6708 6709 6711 
f 6712 6710 6711 6713 
f 6714 6712 6713 6715 
f 6716 6717 6718 6719 
f 6720 6716 6719 6721 
f 6717 6722 6723 6718 
f 6722 6724 6725 6723 
f 6726 6720 6721 6727 
f 6724 6728 6729 6725 
f 6730 6726 6727 6731 
f 6728 6732 6733 6729 
f 6734 6730 6731 6735 
f 6732 6736 6737 6733 
f 6738 6734 6735 6739 
f 6740 6738 6739 6741 
f 6742 6743 6744 6745 
f 6746 6747 6748 6749 
f 6750 6751 6752 6753 
f 6754 6755 6756 6757 
f 6758 6754 6757 6759 
f 6760 6761 6762 
f 6763 6760 6762 6764 
f 6765 6766 6767 
f 6768 6769 6767 6770 
f 6771 6772 6773 
f 6774 6775 6773 6776 
f 6777 6778 6779 
f 6780 6781 6779 6782 
f 6783 6784 6785 
f 6786 6787 6788 
s 65
f 6788 6789 6786 
s 3
f 6788 6790 6791 
s 33
f 6788 6791 6792 
s 5
f 6788 6792 6789 
s 1
f 6758 6759 6793 
f 6760 6758 6793 6761 
f 6788 6787 6794 6795 
f 6796 6795 6794 6797 
f 6798 6796 6797 6799 
f 6800 6798 6799 6801 
f 6802 6800 6801 6803 
f 6804 6802 6803 6805 
f 6806 6804 6805 6807 
s 33
f 6808 6809 6810 6811 
s 1
f 6812 6808 6811 6813 
f 6814 6812 6813 6815 
f 6816 6814 6815 6817 
f 6818 6816 6817 6819 
f 6820 6818 6819 6821 
f 6822 6820 6821 6823 
s 5
f 6824 6809 6787 
s 1
f 6787 6809 6808 6794 
f 6794 6808 6812 6797 
f 6797 6812 6814 6799 
f 6799 6814 6816 6801 
f 6801 6816 6818 6803 
f 6803 6818 6820 6805 
f 6805 6820 6822 6807 
f 6807 6822 6825 6826 
s 33
f 6827 6824 6787 
s 3
f 6786 6827 6787 
s 1
f 6828 6829 6830 6831 
f 6673 6668 6671 6674 
f 6751 6746 6749 6752 
f 6832 6833 6834 6835 
f 6836 6837 6838 6839 
f 6840 6841 6842 6843 
f 6844 6845 6841 6840 
f 6846 6847 6845 6844 
f 6848 6849 6850 6851 
f 6852 6853 6854 6855 
f 6856 6857 6858 6859 
f 6859 6858 6849 6848 
f 6851 6850 6860 6861 
f 6861 6860 6847 6846 
f 6862 6863 6853 6852 
f 6864 6865 6863 6862 
f 6855 6854 6857 6856 
f 6866 6867 6865 6864 
f 6868 6869 6837 6836 
f 6870 6871 6872 6873 
f 6874 6875 6876 6877 
f 6878 6879 6880 6881 
f 6882 6883 6884 6885 
f 6885 6884 6886 6887 
f 6888 6889 6890 6891 
f 6892 6893 6894 6895 
f 6896 6897 6898 6899 
f 6891 6890 6897 6896 
f 6900 6901 6889 6888 
f 6887 6886 6901 6900 
f 6895 6894 6902 6903 
f 6903 6902 6904 6905 
f 6899 6898 6893 6892 
f 6905 6904 6906 6907 
f 6877 6876 6879 6878 
f 6669 6908 6909 6670 
f 6747 6910 6911 6748 
f 6839 6838 6833 6832 
f 6875 6874 6912 6913 
s 8193
f 6833 8194 8193 6834 
s 1
f 6916 6917 6918 6919 
s 513
f 6837 8196 8195 6838 
s 1
f 6839 6922 6923 6836 
s 4097
f 6841 8199 8198 6842 
s 1
f 6868 6926 6927 6843 
s 17
f 6845 8200 8199 6841 
s 1
f 6840 6929 6930 6844 
s 513
f 6847 8201 8200 6845 
s 1
f 6844 6930 6932 6846 
s 17
f 6849 8204 8203 6850 
s 1
f 6851 6935 6936 6848 
s 17
f 6853 8208 8207 6854 
s 1
f 6855 6939 6940 6852 
s 17
f 6857 8206 8205 6858 
s 1
f 6859 6943 6944 6856 
s 257
f 6858 8205 8204 6849 
s 1
f 6848 6936 6943 6859 
s 257
f 6850 8203 8202 6860 
s 1
f 6861 6946 6935 6851 
s 17
f 6860 8202 8201 6847 
s 1
f 6846 6932 6946 6861 
s 257
f 6863 8209 8208 6853 
s 1
f 6852 6940 6948 6862 
s 17
f 6865 8210 8209 6863 
s 1
f 6862 6948 6950 6864 
s 257
f 6854 8207 8206 6857 
s 1
f 6856 6944 6939 6855 
s 65
f 6867 6810 8210 6865 
s 1
f 6864 6950 6951 6866 
s 131073
f 6869 8197 8196 6837 
s 1
f 6836 6923 6926 6868 
s 9
f 6838 8195 8194 6833 
s 1
f 6832 6953 6922 6839 
f 6871 6954 6955 6872 
f 6912 6953 6956 6957 
f 6875 6958 6959 6876 
f 6877 6923 6922 6874 
f 6879 6960 6961 6880 
f 6882 6929 6927 6881 
f 6883 6962 6963 6884 
f 6885 6930 6929 6882 
f 6884 6963 6964 6886 
f 6887 6932 6930 6885 
f 6889 6965 6966 6890 
f 6891 6936 6935 6888 
f 6893 6967 6968 6894 
f 6895 6940 6939 6892 
f 6897 6969 6970 6898 
f 6899 6944 6943 6896 
f 6890 6966 6969 6897 
f 6896 6943 6936 6891 
f 6901 6971 6965 6889 
f 6888 6935 6946 6900 
f 6886 6964 6971 6901 
f 6900 6946 6932 6887 
f 6894 6968 6972 6902 
f 6903 6948 6940 6895 
f 6902 6972 6973 6904 
f 6905 6950 6948 6903 
f 6898 6970 6967 6893 
f 6892 6939 6944 6899 
f 6904 6973 6974 6906 
f 6907 6951 6950 6905 
f 6876 6959 6960 6879 
f 6878 6926 6923 6877 
f 6874 6922 6953 6912 
f 6913 6975 6958 6875 
f 6677 6672 6675 6678 
f 6755 6750 6753 6756 
f 6842 6869 6868 6843 
f 6880 6883 6882 6881 
s 33806
f 6925 6952 8197 8198 
s 1
f 6927 6929 6840 6843 
f 6961 6962 6883 6880 
f 6927 6926 6878 6881 
f 6766 6763 6764 6767 
f 6769 6765 6767 
f 6772 6768 6770 6773 
f 6775 6771 6773 
f 6778 6774 6776 6779 
f 6781 6777 6779 
f 6784 6780 6782 6785 
f 6976 6783 6785 6977 
s 8718
f 6978 6979 8182 8183 
s 33664
f 6982 6978 8183 8184 
s 41344
f 6979 6984 8181 8182 
s 32806
f 6984 6986 8180 8181 
s 40966
f 6988 6982 8184 8185 
s 2272
f 6986 6990 8179 8180 
s 8800
f 6992 6988 8185 8186 
s 34822
f 6990 6994 8178 8179 
s 2566
f 6996 6992 8186 8187 
s 98816
f 6994 6998 8177 8178 
s 10336
f 7000 6996 8187 8188 
s 40966
f 7002 7000 8188 8189 
s 16940
f 7004 7005 8190 8191 
s 1
f 6981 6980 7008 7009 
f 6983 6981 7009 7010 
f 6980 6985 7011 7008 
f 6985 6987 7012 7011 
f 6989 6983 7010 7013 
f 6987 6991 7014 7012 
f 6993 6989 7013 7015 
f 6991 6995 7016 7014 
f 6997 6993 7015 7017 
f 6995 6999 7018 7016 
f 7001 6997 7017 7019 
f 7003 7001 7019 7020 
f 7007 7006 7021 6916 
s 5
f 7009 7008 7022 7023 
s 257
f 7010 7009 7023 7024 
f 7008 7011 7025 7022 
s 5
f 7011 7012 7026 7025 
s 3
f 7013 7010 7024 7027 
s 65
f 7012 7014 7028 7026 
f 7015 7013 7027 7029 
s 3
f 7014 7016 7030 7028 
s 1
f 7017 7015 7029 7031 
s 129
f 7016 7018 7032 7030 
s 1
f 7019 7017 7031 7033 
f 7020 7034 7035 
f 6916 7021 7036 6917 
f 6870 6917 7036 7037 
s 33
f 7038 7035 7039 
f 7033 7040 7041 
f 7031 7042 7043 
f 7034 7044 7045 
s 1
f 7020 7019 7033 7034 
f 6871 6870 7046 7047 
s 513
f 6954 6871 7048 7049 
s 1
f 6665 6662 6663 6666 
f 6743 6740 6741 6744 
s 34304
f 7005 7002 8189 8190 
s 1
f 7006 7003 7020 7021 
f 7021 7020 7035 7036 
f 7036 7035 7038 7037 
s 65
f 7047 7046 7050 
s 1
f 6870 7037 7046 
f 7051 6714 6715 7052 
f 7053 6976 6977 
f 7054 6806 6807 6826 
f 6825 6822 6823 7055 
f 7056 7057 7058 7059 
f 7060 7061 7062 
f 6829 7063 7064 6830 
f 7063 7065 7066 7064 
f 7065 7067 7068 7066 
f 7067 7069 7070 7068 
f 7069 7071 7072 7070 
f 7071 7073 7072 
f 7073 7074 7072 
f 7074 7075 7072 
f 7075 7076 7077 7072 
f 7076 7078 7077 
f 7079 7080 7081 7082 
f 7083 7084 7080 7079 
f 7057 7085 7086 7058 
f 7087 7088 7089 
f 7090 7091 7084 7083 
f 7092 7093 7091 7090 
f 7094 7095 7093 7092 
f 7096 7097 7095 7094 
f 7098 7099 7097 7096 
f 7100 7101 7099 7098 
f 7102 7103 7100 
f 6831 7079 7082 6635 
f 6830 7083 7079 6831 
f 7064 7090 7083 6830 
f 7066 7092 7090 7064 
f 7068 7094 7092 7066 
f 7070 7096 7094 7068 
f 7072 7098 7096 7070 
f 7077 7100 7098 7072 
f 7104 7105 7100 7077 
f 7085 7106 7107 7086 
f 7108 7109 7110 
f 7111 7112 7113 7114 
f 7115 7116 7112 7111 
f 7117 7118 7116 7115 
f 7119 7120 7121 7122 
f 7123 7124 7120 7119 
f 7125 7126 7124 7123 
f 7120 7057 7056 7121 
f 7124 7085 7057 7120 
f 7126 7106 7085 7124 
f 7127 7128 7129 7130 
f 7131 6636 7128 7127 
f 7132 6637 6636 7131 
f 6634 6828 6831 6635 
f 7081 7129 7128 7082 
f 7082 7128 6636 6635 
f 7112 7119 7122 7113 
f 7116 7123 7119 7112 
f 7118 7125 7123 7116 
f 7089 7111 7114 7062 
f 7110 7115 7111 7089 
f 7133 7117 7115 7110 
f 7134 7133 7110 
f 7135 7134 7110 
f 7109 7135 7110 
f 7136 7108 7110 7089 
f 7088 7136 7089 
f 7061 7087 7089 7062 
f 7078 7137 7077 
f 7137 7104 7077 
f 7105 7138 7100 
f 7138 7139 7100 
f 7139 7102 7100 
f 7103 7140 7101 7100 
f 7140 7141 7101 
f 7141 7142 7101 
s 33
f 7143 7144 6719 6718 
s 2049
f 7144 7145 6721 6719 
s 4097
f 7146 7143 6718 6723 
s 17
f 7147 7146 6723 6725 
s 9
f 7145 7148 6727 6721 
s 257
f 7149 7147 6725 6729 
s 129
f 7148 7150 6731 6727 
s 17
f 7151 7149 6729 6733 
s 9
f 7150 7152 6735 6731 
s 1025
f 7153 7151 6733 6737 
s 129
f 7152 7154 6739 6735 
s 9
f 7154 7155 6741 6739 
s 129
f 7156 7157 6745 6744 
s 3
f 7158 7159 6749 6748 
s 8193
f 7160 7161 6753 6752 
s 257
f 7162 7163 6757 6756 
s 3
f 7163 7164 6759 6757 
s 33
f 7165 6790 6762 6761 
s 1
f 6790 6788 6764 6762 
f 6767 6795 6796 6770 
f 6773 6798 6800 6776 
f 6779 6802 6804 6782 
s 65
f 7164 7166 6793 6759 
s 3
f 7166 7165 6761 6793 
s 5
f 7159 7160 6752 6749 
s 32769
f 7157 7167 7168 6745 
s 33
f 7161 7162 6756 6753 
s 1
f 6788 6795 6767 6764 
f 6770 6796 6798 6773 
f 6776 6800 6802 6779 
f 6782 6804 6806 6785 
f 6785 6806 7054 6977 
s 2049
f 7155 7156 6744 6741 
s 1
f 6640 7169 7170 6641 
f 6641 7170 7171 6643 
f 6645 7172 7169 6640 
f 6647 7173 7172 6645 
f 6643 7171 7174 6649 
f 6651 7175 7173 6647 
f 6649 7174 7176 6653 
f 6655 7177 7175 6651 
f 6653 7176 7178 6657 
f 6659 7179 7177 6655 
f 6657 7178 7180 6661 
f 6661 7180 7181 6663 
f 6666 7182 7183 6667 
f 6670 7184 7185 6671 
f 6674 7186 7187 6675 
f 6678 7188 7189 6679 
f 6679 7189 7190 6681 
f 6681 7190 7191 6683 
f 6683 7191 7192 6685 
f 6685 7192 7193 6687 
f 6687 7193 7194 6689 
f 6689 7194 7195 6691 
f 6691 7195 7196 6693 
f 6693 7196 7197 6695 
f 6695 7197 7198 6697 
f 6697 7198 7199 6699 
f 6699 7199 7200 6701 
f 6701 7200 7201 6703 
f 6703 7201 7202 6705 
f 6705 7202 7203 6707 
f 6707 7203 7204 6709 
f 6709 7204 7205 6711 
f 6711 7205 7206 6713 
f 6713 7206 7207 6715 
f 6671 7185 7186 6674 
f 6667 7183 7208 7209 
f 6675 7187 7188 6678 
f 6663 7181 7182 6666 
f 6715 7207 7210 7052 
s 33
f 7211 7212 7213 7214 
s 2049
f 7215 7211 7214 7216 
s 513
f 7212 7217 7218 7213 
s 9
f 7217 7219 7220 7218 
s 17
f 7221 7215 7216 7222 
s 513
f 7219 7223 7224 7220 
f 7225 7221 7222 
s 17
f 7223 7226 7227 7224 
s 4097
f 7226 7228 7229 7227 
s 1
f 6834 7230 6919 6835 
f 7231 6913 6912 6957 
f 6908 7232 7209 6909 
f 6910 7233 7168 6911 
s 2586
f 6915 7234 8192 8193 
s 1
f 6956 6953 6832 6835 
f 7235 6975 6913 7231 
f 6956 6918 6873 6957 
f 7236 7127 7130 7237 
f 7238 7131 7127 7236 
f 7239 7132 7131 7238 
s 129
f 7240 7158 6748 6911 
s 1
f 7241 7184 6670 6909 
f 6872 7231 6957 6873 
f 6918 6956 6835 6919 
f 6955 7235 7231 6872 
f 7058 7236 7237 7059 
f 7086 7238 7236 7058 
f 7107 7239 7238 7086 
s 33
f 7167 7240 6911 7168 
s 1
f 7208 7241 6909 7209 
f 7230 7007 6916 6919 
f 7232 6664 6667 7209 
f 7233 6742 6745 7168 
s 26624
f 7234 7004 8191 8192 
s 1
f 6918 6917 6870 6873 
s 3
f 7034 7033 7041 7044 
s 5
f 7033 7031 7043 7040 
s 3
f 7031 7029 7042 
f 7037 7038 7242 
s 5
f 7035 7034 7045 7039 
s 3
f 7046 7243 7050 
s 33
f 7046 7037 7242 7243 
s 3
f 6871 7047 7048 
s 1
f 7170 7169 6717 6716 
f 7169 7172 6722 6717 
f 7172 7173 6724 6722 
f 7173 7175 6728 6724 
f 7175 7177 6732 6728 
f 7177 7179 6736 6732 
f 7210 7207 6976 7053 
f 7207 7206 6783 6976 
f 7206 7205 6784 6783 
f 7205 7204 6780 6784 
f 7204 7203 6781 6780 
f 7203 7202 6777 6781 
f 7202 7201 6778 6777 
f 7201 7200 6774 6778 
f 7200 7199 6775 6774 
f 7199 7198 6771 6775 
f 7198 7197 6772 6771 
f 7197 7196 6768 6772 
f 7196 7195 6769 6768 
f 7195 7194 6765 6769 
f 7194 7193 6766 6765 
f 7193 7192 6763 6766 
f 7192 7191 6760 6763 
f 7191 7190 6758 6760 
f 7190 7189 6754 6758 
f 7189 7188 6755 6754 
f 7188 7187 6750 6755 
f 7187 7186 6751 6750 
f 7186 7185 6746 6751 
f 7185 7184 6747 6746 
f 7184 7241 6910 6747 
f 7241 7208 7233 6910 
f 7208 7183 6742 7233 
f 7183 7182 6743 6742 
f 7182 7181 6740 6743 
f 7181 7180 6738 6740 
f 7180 7178 6734 6738 
f 7178 7176 6730 6734 
f 7176 7174 6726 6730 
f 7174 7171 6720 6726 
f 7171 7170 6716 6720 
s 65678
f 7244 7245 7023 7022 
s 9088
f 7245 7246 7024 7023 
s 8230
f 7246 7247 7027 7024 
s 1248
f 7247 7248 7029 7027 
s 5126
f 7248 7249 7042 7029 
s 4704
f 7249 7250 7043 7042 
s 1542
f 7250 7251 7040 7043 
s 5216
f 7251 7252 7041 7040 
s 4614
f 7252 7253 7044 7041 
s 1632
f 7253 7254 7045 7044 
s 5126
f 7254 7255 7039 7045 
s 4704
f 7255 7256 7038 7039 
s 1542
f 7256 7257 7242 7038 
s 5216
f 7257 7258 7243 7242 
s 4614
f 7258 7259 7050 7243 
s 2752
f 7259 7260 7047 7050 
s 10246
f 7260 7261 7048 7047 
s 25088
f 7261 7262 7049 7048 
s 41344
f 7263 7264 7030 7032 
s 8230
f 7264 7265 7028 7030 
s 2272
f 7265 7266 7026 7028 
s 43012
f 7266 7267 7025 7026 
s 98560
f 7267 7244 7022 7025 
s 1
f 6639 6638 7109 7108 
f 6638 6642 7135 7109 
f 6642 6648 7134 7135 
f 6648 6652 7133 7134 
f 6652 6656 7117 7133 
f 6656 6660 7118 7117 
f 6660 6662 7125 7118 
f 6662 6665 7126 7125 
f 6665 6664 7106 7126 
f 6664 7232 7107 7106 
f 7232 6908 7239 7107 
f 6908 6669 7132 7239 
f 6669 6668 6637 7132 
f 6668 6673 6634 6637 
f 6673 6672 6828 6634 
f 6672 6677 6829 6828 
f 6677 6676 7063 6829 
f 6676 6680 7065 7063 
f 6680 6682 7067 7065 
f 6682 6684 7069 7067 
f 6684 6686 7071 7069 
f 6686 6688 7073 7071 
f 6688 6690 7074 7073 
f 6690 6692 7075 7074 
f 6692 6694 7076 7075 
f 6694 6696 7078 7076 
f 6696 6698 7137 7078 
f 6698 6700 7104 7137 
f 6700 6702 7105 7104 
f 6702 6704 7138 7105 
f 6704 6706 7139 7138 
f 6706 6708 7102 7139 
f 6708 6710 7103 7102 
f 6710 6712 7140 7103 
f 6712 6714 7141 7140 
f 6714 7051 7142 7141 
f 6658 6654 7061 7060 
f 6654 6650 7087 7061 
f 6650 6646 7088 7087 
f 6646 6644 7136 7088 
f 6644 6639 7108 7136 
f 6811 6810 7268 7269 
f 6813 6811 7269 7270 
f 6815 6813 7270 7271 
f 6817 6815 7271 7272 
f 6819 6817 7272 7273 
f 6821 6819 7273 7274 
f 6823 6821 7274 7275 
f 7055 6823 7275 7276 
f 6906 6974 7277 7278 
f 6866 6951 7279 7280 
f 6867 6866 7280 7281 
f 6810 6867 7281 7268 
f 6907 6906 7278 7282 
f 6951 6907 7282 7279 
f 7283 7284 7285 7286 
f 7286 7285 7287 7288 
f 7288 7287 7289 7290 
f 7290 7289 7291 7292 
f 7292 7291 7293 7294 
f 7294 7293 7295 7296 
f 7296 7295 7297 7298 
f 7298 7297 7299 6331 
f 7300 7301 7302 7303 
f 7304 7305 7306 7307 
f 7307 7306 7308 7309 
f 7309 7308 7284 7283 
f 7303 7302 7310 7311 
f 7311 7310 7305 7304 
f 8090 8088 7312 
f 8092 8090 7312 
f 8094 8092 7312 
f 8096 8094 7312 
f 8098 8096 7312 
f 8100 8098 7312 
f 8102 8100 7312 
f 8106 8104 7312 
f 8108 8106 7312 
f 8088 8108 7312 
f 8112 8110 7312 
f 8104 8112 7312 
f 7313 8087 8089 7314 
f 7286 7315 7316 7283 
f 7314 8089 8091 7317 
f 7288 7318 7315 7286 
f 7317 8091 8093 7319 
f 7290 7320 7318 7288 
f 7319 8093 8095 7321 
f 7292 7322 7320 7290 
f 7321 8095 8097 7323 
f 7294 7324 7322 7292 
f 7323 8097 8099 7325 
f 7296 7326 7324 7294 
f 7325 8099 8101 7327 
f 7298 7328 7326 7296 
f 7327 8101 8073 7329 
f 6331 7330 7328 7298 
f 7331 8113 8109 7332 
f 7303 7333 7334 7300 
f 7335 8103 8105 7336 
f 7307 7337 7338 7304 
f 7336 8105 8107 7339 
f 7309 7340 7337 7307 
f 7339 8107 8087 7313 
f 7283 7316 7340 7309 
f 7332 8109 8111 7341 
f 7311 7342 7333 7303 
f 7341 8111 8103 7335 
f 7304 7338 7342 7311 
f 7343 7344 7269 7268 
f 7344 7345 7270 7269 
f 7345 7346 7271 7270 
f 7346 7347 7272 7271 
f 7347 7348 7273 7272 
f 7348 7349 7274 7273 
f 7349 7350 7275 7274 
f 7350 7351 7276 7275 
f 7352 7353 7278 7277 
f 7353 7354 7282 7278 
f 7354 7355 7279 7282 
f 7355 7356 7280 7279 
f 7356 7357 7281 7280 
f 7357 7343 7268 7281 
f 8110 8114 7312 
s 2
f 7358 7359 7360 7361 
f 7362 7358 7361 7363 
f 7359 7364 7365 7360 
f 7364 7366 7367 7365 
f 7368 7362 7363 7369 
f 7366 7370 7371 7367 
f 7372 7368 7369 7373 
f 7370 7374 7375 7371 
f 7376 7377 7378 7379 
f 7380 7381 7382 7383 
f 7384 7372 7373 7385 
f 7386 7387 7388 7389 
f 7390 7391 7392 7393 
f 7394 7395 7396 7397 
f 7398 7399 7400 7401 
f 7374 7402 7403 7375 
f 7387 7376 7379 7388 
f 7377 7380 7383 7378 
f 7381 7384 7385 7382 
f 7399 7386 7389 7400 
f 7395 7398 7401 7396 
f 7391 7394 7397 7392 
f 7404 7390 7393 7405 
s 1
f 7406 7407 7408 7409 
f 7410 7406 7409 7411 
f 7407 7412 7413 7408 
f 7412 7414 7415 7413 
f 7416 7410 7411 7417 
f 7414 7418 7419 7415 
f 7420 7416 7417 7421 
f 7418 7422 7423 7419 
f 7424 7425 7426 7427 
f 7428 7429 7430 7431 
f 7432 7420 7421 7433 
f 7434 7435 7436 7437 
f 7438 7439 7440 7441 
f 7442 7443 7444 7445 
f 7446 7447 7448 7449 
f 7422 7450 7451 7423 
f 7435 7424 7427 7436 
f 7425 7428 7431 7426 
f 7429 7432 7433 7430 
f 7447 7434 7437 7448 
f 7443 7446 7449 7444 
f 7439 7442 7445 7440 
s 2
f 7452 7453 7454 7455 
f 7456 7452 7455 7457 
f 7453 7458 7459 7454 
f 7458 7460 7461 7459 
f 7462 7456 7457 7463 
f 7460 7464 7465 7461 
f 7466 7462 7463 7467 
f 7464 7468 7469 7465 
f 7470 7471 7472 7473 
f 7474 7475 7476 7477 
f 7478 7466 7467 7479 
f 7480 7481 7482 7483 
f 7484 7485 7486 7487 
f 7488 7489 7490 7491 
f 7492 7493 7494 7495 
f 7468 7496 6633 7469 
f 7481 7470 7473 7482 
f 7471 7474 7477 7472 
f 7475 7478 7479 7476 
f 7493 7480 7483 7494 
f 7489 7492 7495 7490 
f 7485 7488 7491 7486 
s 1
f 8074 8102 7312 
f 7497 7438 7441 7498 
s 2
f 7499 7484 7487 7500 
s 1
f 7501 7502 7407 7406 
f 7502 7503 7412 7407 
f 7503 7504 7414 7412 
f 7504 7505 7418 7414 
f 7505 7506 7422 7418 
f 7506 7507 7450 7422 
f 7508 7509 7438 7497 
f 7509 7510 7439 7438 
f 7510 7511 7442 7439 
f 7511 7512 7443 7442 
f 7512 7513 7446 7443 
f 7513 7514 7447 7446 
f 7514 7515 7434 7447 
f 7515 7516 7435 7434 
f 7516 7517 7424 7435 
f 7517 7518 7425 7424 
f 7518 7519 7428 7425 
f 7519 7520 7429 7428 
f 7520 7521 7432 7429 
f 7521 7522 7420 7432 
f 7522 7523 7416 7420 
f 7523 7524 7410 7416 
f 7524 7501 7406 7410 
f 7525 7526 7409 7408 
f 7526 7527 7411 7409 
f 7527 7528 7417 7411 
f 7528 7529 7421 7417 
f 7529 7530 7433 7421 
f 7530 7531 7430 7433 
f 7531 7532 7431 7430 
f 7532 7533 7426 7431 
f 7533 7534 7427 7426 
f 7534 7535 7436 7427 
f 7535 7536 7437 7436 
f 7536 7537 7448 7437 
f 7537 7538 7449 7448 
f 7538 7539 7444 7449 
f 7539 7540 7445 7444 
f 7540 7541 7440 7445 
f 7541 7542 7441 7440 
f 7542 7543 7498 7441 
f 7544 7545 7423 7451 
f 7545 7546 7419 7423 
f 7546 7547 7415 7419 
f 7547 7548 7413 7415 
f 7548 7525 7408 7413 
s 2
f 7549 7550 7359 7358 
f 7550 7551 7364 7359 
f 7551 7552 7366 7364 
f 7552 7553 7370 7366 
f 7553 7554 7374 7370 
f 7554 7555 7402 7374 
f 7556 7557 7390 7404 
f 7557 7558 7391 7390 
f 7558 7559 7394 7391 
f 7559 7560 7395 7394 
f 7560 7561 7398 7395 
f 7561 7562 7399 7398 
f 7562 7563 7386 7399 
f 7563 7564 7387 7386 
f 7564 7565 7376 7387 
f 7565 7566 7377 7376 
f 7566 7567 7380 7377 
f 7567 7568 7381 7380 
f 7568 7569 7384 7381 
f 7569 7570 7372 7384 
f 7570 7571 7368 7372 
f 7571 7572 7362 7368 
f 7572 7549 7358 7362 
f 7502 7501 7361 7360 
f 7501 7524 7363 7361 
f 7524 7523 7369 7363 
f 7523 7522 7373 7369 
f 7522 7521 7385 7373 
f 7521 7520 7382 7385 
f 7520 7519 7383 7382 
f 7519 7518 7378 7383 
f 7518 7517 7379 7378 
f 7517 7516 7388 7379 
f 7516 7515 7389 7388 
f 7515 7514 7400 7389 
f 7514 7513 7401 7400 
f 7513 7512 7396 7401 
f 7512 7511 7397 7396 
f 7511 7510 7392 7397 
f 7510 7509 7393 7392 
f 7509 7508 7405 7393 
f 7507 7506 7375 7403 
f 7506 7505 7371 7375 
f 7505 7504 7367 7371 
f 7504 7503 7365 7367 
f 7503 7502 7360 7365 
f 7526 7525 7453 7452 
f 7525 7548 7458 7453 
f 7548 7547 7460 7458 
f 7547 7546 7464 7460 
f 7546 7545 7468 7464 
f 7545 7544 7496 7468 
f 7573 7574 7465 7469 
f 7574 7575 7461 7465 
f 7575 7576 7459 7461 
f 7576 7577 7454 7459 
f 7577 7578 7455 7454 
f 7578 7579 7457 7455 
f 7579 7580 7463 7457 
f 7580 7581 7467 7463 
f 7581 7582 7479 7467 
f 7582 7583 7476 7479 
f 7583 7584 7477 7476 
f 7584 7585 7472 7477 
f 7585 7586 7473 7472 
f 7586 7587 7482 7473 
f 7587 7588 7483 7482 
f 7588 7589 7494 7483 
f 7589 7590 7495 7494 
f 7590 7591 7490 7495 
f 7591 7592 7491 7490 
f 7592 7593 7486 7491 
f 7593 7594 7487 7486 
f 7594 7595 7500 7487 
f 7543 7542 7484 7499 
f 7542 7541 7485 7484 
f 7541 7540 7488 7485 
f 7540 7539 7489 7488 
f 7539 7538 7492 7489 
f 7538 7537 7493 7492 
f 7537 7536 7480 7493 
f 7536 7535 7481 7480 
f 7535 7534 7470 7481 
f 7534 7533 7471 7470 
f 7533 7532 7474 7471 
f 7532 7531 7475 7474 
f 7531 7530 7478 7475 
f 7530 7529 7466 7478 
f 7529 7528 7462 7466 
f 7528 7527 7456 7462 
f 7527 7526 7452 7456 
s 135280
f 7245 7244 7212 7211 
s 393728
f 7244 7267 7217 7212 
s 282632
f 7267 7266 7219 7217 
s 5888
f 7266 7265 7223 7219 
s 17432
f 7265 7264 7226 7223 
s 88064
f 7264 7263 7228 7226 
s 197632
f 7262 7261 7596 7597 
s 163864
f 7261 7260 7598 7596 
s 50208
f 7260 7259 7599 7598 
s 24600
f 7259 7258 7600 7599 
s 10624
f 7258 7257 7601 7600 
s 18456
f 7257 7256 7602 7601 
s 24960
f 7256 7255 7603 7602 
s 10264
f 7255 7254 7604 7603 
s 18816
f 7254 7253 7605 7604 
s 24600
f 7253 7252 7606 7605 
s 10624
f 7252 7251 7607 7606 
s 18456
f 7251 7250 7608 7607 
s 24960
f 7250 7249 7609 7608 
s 10264
f 7249 7248 7225 7609 
s 35584
f 7248 7247 7221 7225 
s 49176
f 7247 7246 7215 7221 
s 23552
f 7246 7245 7211 7215 
s 1
f 7550 7549 7214 7213 
f 7549 7572 7216 7214 
f 7572 7571 7222 7216 
f 7571 7570 7225 7222 
s 17
f 7570 7569 7609 7225 
s 257
f 7569 7568 7608 7609 
s 17
f 7568 7567 7607 7608 
s 257
f 7567 7566 7606 7607 
s 17
f 7566 7565 7605 7606 
s 257
f 7565 7564 7604 7605 
s 17
f 7564 7563 7603 7604 
s 257
f 7563 7562 7602 7603 
s 17
f 7562 7561 7601 7602 
s 257
f 7561 7560 7600 7601 
s 17
f 7560 7559 7599 7600 
s 33
f 7559 7558 7598 7599 
s 17
f 7558 7557 7596 7598 
s 1025
f 7557 7556 7597 7596 
s 1
f 7555 7554 7227 7229 
f 7554 7553 7224 7227 
f 7553 7552 7220 7224 
f 7552 7551 7218 7220 
f 7551 7550 7213 7218 
f 7315 7344 7343 7316 
f 7318 7345 7344 7315 
f 7320 7346 7345 7318 
f 7322 7347 7346 7320 
f 7324 7348 7347 7322 
f 7326 7349 7348 7324 
f 7328 7350 7349 7326 
f 7330 7351 7350 7328 
f 7333 7353 7352 7334 
f 7337 7356 7355 7338 
f 7340 7357 7356 7337 
f 7316 7343 7357 7340 
f 7342 7354 7353 7333 
f 7338 7355 7354 7342 
f 7284 7313 7314 7285 
f 7285 7314 7317 7287 
f 7287 7317 7319 7289 
f 7289 7319 7321 7291 
f 7291 7321 7323 7293 
f 7293 7323 7325 7295 
f 7295 7325 7327 7297 
f 7297 7327 7329 7299 
f 7301 7331 7332 7302 
f 7305 7335 7336 7306 
f 7306 7336 7339 7308 
f 7308 7339 7313 7284 
f 7302 7332 7341 7310 
f 7310 7341 7335 7305 
s 17520
f 6979 6978 7144 7143 
s 72704
f 6978 6982 7145 7144 
s 81944
f 6982 6988 7148 7145 
s 17792
f 6988 6992 7150 7148 
s 5144
f 6992 6996 7152 7150 
s 20864
f 6996 7000 7154 7152 
s 81944
f 7000 7002 7155 7154 
s 71680
f 7002 7005 7156 7155 
s 135616
f 7005 7004 7157 7156 
s 229376
f 7004 7234 7167 7157 
s 66660
f 7234 6915 7240 7167 
s 16772
f 6915 6914 7158 7240 
s 17442
f 6914 6921 7159 7158 
s 5252
f 6921 6920 7160 7159 
s 28672
f 6920 6952 7161 7160 
s 16624
f 6952 6925 7162 7161 
s 9088
f 6925 6924 7163 7162 
s 8230
f 6924 6928 7164 7163 
s 1248
f 6928 6931 7166 7164 
s 5126
f 6931 6945 7165 7166 
s 4704
f 6945 6934 6790 7165 
s 1542
f 6934 6933 6791 6790 
s 5216
f 6933 6942 6792 6791 
s 4614
f 6942 6941 6789 6792 
s 1632
f 6941 6938 6786 6789 
s 5126
f 6938 6937 6827 6786 
s 4704
f 6937 6947 6824 6827 
s 1542
f 6947 6949 6809 6824 
s 394240
f 6998 6994 7151 7153 
s 266264
f 6994 6990 7149 7151 
s 5888
f 6990 6986 7147 7149 
s 66584
f 6986 6984 7146 7147 
s 88064
f 6984 6979 7143 7146 
s 1056
f 6809 6949 6810 
s 2
f 6633 6411 7573 7469 
s 1
f 7610 7615 7616 7611 
f 7611 7616 7617 7612 
f 7612 7617 7618 7613 
f 7613 7618 7619 7614 
f 7995 7996 7925 
f 7615 7620 7621 7616 
f 7616 7621 7622 7617 
f 7617 7622 7623 7618 
f 7618 7623 7624 7619 
f 7996 7997 7925 
f 7620 7625 7626 7621 
f 7621 7626 7627 7622 
f 7622 7627 7628 7623 
f 7623 7628 7629 7624 
f 7997 7998 7925 
f 7625 7630 7631 7626 
f 7626 7631 7632 7627 
f 7627 7632 7633 7628 
f 7628 7633 7634 7629 
f 7998 7999 7925 
f 7630 7635 7636 7631 
f 7631 7636 7637 7632 
f 7632 7637 7638 7633 
f 7633 7638 7639 7634 
f 7999 8000 7925 
f 7635 7640 7641 7636 
f 7636 7641 7642 7637 
f 7637 7642 7643 7638 
f 7638 7643 7644 7639 
f 8000 8001 7925 
f 7640 7645 7646 7641 
f 7641 7646 7647 7642 
f 7642 7647 7648 7643 
f 7643 7648 7649 7644 
f 8001 8002 7925 
f 7645 7650 7651 7646 
f 7646 7651 7652 7647 
f 7647 7652 7653 7648 
f 7648 7653 7654 7649 
f 8002 8003 7925 
f 7650 7655 7656 7651 
f 7651 7656 7657 7652 
f 7652 7657 7658 7653 
f 7653 7658 7659 7654 
f 8003 8004 7925 
f 7655 7660 7661 7656 
f 7656 7661 7662 7657 
f 7657 7662 7663 7658 
f 7658 7663 7664 7659 
f 8004 8005 7925 
f 7660 7665 7666 7661 
f 7661 7666 7667 7662 
f 7662 7667 7668 7663 
f 7663 7668 7669 7664 
f 8005 8006 7925 
f 7665 7670 7671 7666 
f 7666 7671 7672 7667 
f 7667 7672 7673 7668 
f 7668 7673 7674 7669 
f 8006 8007 7925 
f 7670 7675 7676 7671 
f 7671 7676 7677 7672 
f 7672 7677 7678 7673 
f 7673 7678 7679 7674 
f 8007 8008 7925 
f 7675 7680 7681 7676 
f 7676 7681 7682 7677 
f 7677 7682 7683 7678 
f 7678 7683 7684 7679 
f 8008 8009 7925 
f 7680 7685 7686 7681 
f 7681 7686 7687 7682 
f 7682 7687 7688 7683 
f 7683 7688 7689 7684 
f 8009 8010 7925 
f 7685 7690 7691 7686 
f 7686 7691 7692 7687 
f 7687 7692 7693 7688 
f 7688 7693 7694 7689 
f 8010 8011 7925 
f 7690 7695 7696 7691 
f 7691 7696 7697 7692 
f 7692 7697 7698 7693 
f 7693 7698 7699 7694 
f 8011 8012 7925 
f 7695 7700 7701 7696 
f 7696 7701 7702 7697 
f 7697 7702 7703 7698 
f 7698 7703 7704 7699 
f 8012 8013 7925 
f 7700 7705 7706 7701 
f 7701 7706 7707 7702 
f 7702 7707 7708 7703 
f 7703 7708 7709 7704 
f 8013 8014 7925 
f 7705 7710 7711 7706 
f 7706 7711 7712 7707 
f 7707 7712 7713 7708 
f 7708 7713 7714 7709 
f 8014 8015 7925 
f 7710 7715 7716 7711 
f 7711 7716 7717 7712 
f 7712 7717 7718 7713 
f 7713 7718 7719 7714 
f 8015 8016 7925 
f 7715 7720 7721 7716 
f 7716 7721 7722 7717 
f 7717 7722 7723 7718 
f 7718 7723 7724 7719 
f 8016 8017 7925 
f 7720 7725 7726 7721 
f 7721 7726 7727 7722 
f 7722 7727 7728 7723 
f 7723 7728 7729 7724 
f 8017 8018 7925 
f 7725 7730 7731 7726 
f 7726 7731 7732 7727 
f 7727 7732 7733 7728 
f 7728 7733 7734 7729 
f 8018 8019 7925 
f 7730 7735 7736 7731 
f 7731 7736 7737 7732 
f 7732 7737 7738 7733 
f 7733 7738 7739 7734 
f 8019 8020 7925 
f 7735 7740 7741 7736 
f 7736 7741 7742 7737 
f 7737 7742 7743 7738 
f 7738 7743 7744 7739 
f 8020 8021 7925 
f 7740 7745 7746 7741 
f 7741 7746 7747 7742 
f 7742 7747 7748 7743 
f 7743 7748 7749 7744 
f 8021 8022 7925 
f 7745 7750 7751 7746 
f 7746 7751 7752 7747 
f 7747 7752 7753 7748 
f 7748 7753 7754 7749 
f 8022 8023 7925 
f 7750 7755 7756 7751 
f 7751 7756 7757 7752 
f 7752 7757 7758 7753 
f 7753 7758 7759 7754 
f 8023 8024 7925 
f 7755 7760 7761 7756 
f 7756 7761 7762 7757 
f 7757 7762 7763 7758 
f 7758 7763 7764 7759 
f 8024 8025 7925 
f 7760 7765 7766 7761 
f 7761 7766 7767 7762 
f 7762 7767 7768 7763 
f 7763 7768 7769 7764 
f 8025 8026 7925 
f 7765 7770 7771 7766 
f 7766 7771 7772 7767 
f 7767 7772 7773 7768 
f 7768 7773 7774 7769 
f 8026 8027 7925 
f 7770 7775 7776 7771 
f 7771 7776 7777 7772 
f 7772 7777 7778 7773 
f 7773 7778 7779 7774 
f 8027 8028 7925 
f 7775 7780 7781 7776 
f 7776 7781 7782 7777 
f 7777 7782 7783 7778 
f 7778 7783 7784 7779 
f 8028 8029 7925 
f 7780 7785 7786 7781 
f 7781 7786 7787 7782 
f 7782 7787 7788 7783 
f 7783 7788 7789 7784 
f 8029 8030 7925 
f 7785 7790 7791 7786 
f 7786 7791 7792 7787 
f 7787 7792 7793 7788 
f 7788 7793 7794 7789 
f 8030 8031 7925 
f 7790 7795 7796 7791 
f 7791 7796 7797 7792 
f 7792 7797 7798 7793 
f 7793 7798 7799 7794 
f 8031 8032 7925 
f 7795 7800 7801 7796 
f 7796 7801 7802 7797 
f 7797 7802 7803 7798 
f 7798 7803 7804 7799 
f 8032 8033 7925 
f 7800 7805 7806 7801 
f 7801 7806 7807 7802 
f 7802 7807 7808 7803 
f 7803 7808 7809 7804 
f 8033 8034 7925 
f 7805 7810 7811 7806 
f 7806 7811 7812 7807 
f 7807 7812 7813 7808 
f 7808 7813 7814 7809 
f 8034 8035 7925 
f 7810 7815 7816 7811 
f 7811 7816 7817 7812 
f 7812 7817 7818 7813 
f 7813 7818 7819 7814 
f 8035 8036 7925 
f 7815 7820 7821 7816 
f 7816 7821 7822 7817 
f 7817 7822 7823 7818 
f 7818 7823 7824 7819 
f 8036 8037 7925 
f 7820 7825 7826 7821 
f 7821 7826 7827 7822 
f 7822 7827 7828 7823 
f 7823 7828 7829 7824 
f 8037 8038 7925 
f 7825 7830 7831 7826 
f 7826 7831 7832 7827 
f 7827 7832 7833 7828 
f 7828 7833 7834 7829 
f 8038 8039 7925 
f 7830 7835 7836 7831 
f 7831 7836 7837 7832 
f 7832 7837 7838 7833 
f 7833 7838 7839 7834 
f 8039 8040 7925 
f 7835 7840 7841 7836 
f 7836 7841 7842 7837 
f 7837 7842 7843 7838 
f 7838 7843 7844 7839 
f 8040 8041 7925 
f 7840 7845 7846 7841 
f 7841 7846 7847 7842 
f 7842 7847 7848 7843 
f 7843 7848 7849 7844 
f 8041 8042 7925 
f 7845 7850 7851 7846 
f 7846 7851 7852 7847 
f 7847 7852 7853 7848 
f 7848 7853 7854 7849 
f 8042 8043 7925 
f 7850 7855 7856 7851 
f 7851 7856 7857 7852 
f 7852 7857 7858 7853 
f 7853 7858 7859 7854 
f 8043 8044 7925 
f 7855 7860 7861 7856 
f 7856 7861 7862 7857 
f 7857 7862 7863 7858 
f 7858 7863 7864 7859 
f 8044 8045 7925 
f 7860 7865 7866 7861 
f 7861 7866 7867 7862 
f 7862 7867 7868 7863 
f 7863 7868 7869 7864 
f 8045 8046 7925 
f 7865 7870 7871 7866 
f 7866 7871 7872 7867 
f 7867 7872 7873 7868 
f 7868 7873 7874 7869 
f 8046 8047 7925 
f 7870 7875 7876 7871 
f 7871 7876 7877 7872 
f 7872 7877 7878 7873 
f 7873 7878 7879 7874 
f 8047 8048 7925 
f 7875 7880 7881 7876 
f 7876 7881 7882 7877 
f 7877 7882 7883 7878 
f 7878 7883 7884 7879 
f 8048 8049 7925 
f 7880 7885 7886 7881 
f 7881 7886 7887 7882 
f 7882 7887 7888 7883 
f 7883 7888 7889 7884 
f 8049 8050 7925 
f 7885 7890 7891 7886 
f 7886 7891 7892 7887 
f 7887 7892 7893 7888 
f 7888 7893 7894 7889 
f 8050 8051 7925 
f 7890 7895 7896 7891 
f 7891 7896 7897 7892 
f 7892 7897 7898 7893 
f 7893 7898 7899 7894 
f 8051 8052 7925 
f 7895 7900 7901 7896 
f 7896 7901 7902 7897 
f 7897 7902 7903 7898 
f 7898 7903 7904 7899 
f 8052 8053 7925 
f 7900 7905 7906 7901 
f 7901 7906 7907 7902 
f 7902 7907 7908 7903 
f 7903 7908 7909 7904 
f 8053 8054 7925 
f 7905 7910 7911 7906 
f 7906 7911 7912 7907 
f 7907 7912 7913 7908 
f 7908 7913 7914 7909 
f 8054 8055 7925 
f 7910 7915 7916 7911 
f 7911 7916 7917 7912 
f 7912 7917 7918 7913 
f 7913 7918 7919 7914 
f 8055 8056 7925 
f 7915 7920 7921 7916 
f 7916 7921 7922 7917 
f 7917 7922 7923 7918 
f 7918 7923 7924 7919 
f 8056 8057 7925 
f 7920 7926 7927 7921 
f 7921 7927 7928 7922 
f 7922 7928 7929 7923 
f 7923 7929 7930 7924 
f 8057 8058 7925 
f 7926 7610 7611 7927 
f 7927 7611 7612 7928 
f 7928 7612 7613 7929 
f 7929 7613 7614 7930 
f 8058 7995 7925 
f 7615 7610 7932 7931 
f 7610 7926 7933 7932 
f 7926 7920 7934 7933 
f 7920 7915 7935 7934 
f 7915 7910 7936 7935 
f 7910 7905 7937 7936 
f 7905 7900 7938 7937 
f 7900 7895 7939 7938 
f 7895 7890 7940 7939 
f 7890 7885 7941 7940 
f 7885 7880 7942 7941 
f 7880 7875 7943 7942 
f 7875 7870 7944 7943 
f 7870 7865 7945 7944 
f 7865 7860 7946 7945 
f 7860 7855 7947 7946 
f 7855 7850 7948 7947 
f 7850 7845 7949 7948 
f 7845 7840 7950 7949 
f 7840 7835 7951 7950 
f 7835 7830 7952 7951 
f 7830 7825 7953 7952 
f 7825 7820 7954 7953 
f 7820 7815 7955 7954 
f 7815 7810 7956 7955 
f 7810 7805 7957 7956 
f 7805 7800 7958 7957 
f 7800 7795 7959 7958 
f 7795 7790 7960 7959 
f 7790 7785 7961 7960 
f 7785 7780 7962 7961 
f 7780 7775 7963 7962 
f 7775 7770 7964 7963 
f 7770 7765 7965 7964 
f 7765 7760 7966 7965 
f 7760 7755 7967 7966 
f 7755 7750 7968 7967 
f 7750 7745 7969 7968 
f 7745 7740 7970 7969 
f 7740 7735 7971 7970 
f 7735 7730 7972 7971 
f 7730 7725 7973 7972 
f 7725 7720 7974 7973 
f 7720 7715 7975 7974 
f 7715 7710 7976 7975 
f 7710 7705 7977 7976 
f 7705 7700 7978 7977 
f 7700 7695 7979 7978 
f 7695 7690 7980 7979 
f 7690 7685 7981 7980 
f 7685 7680 7982 7981 
f 7680 7675 7983 7982 
f 7675 7670 7984 7983 
f 7670 7665 7985 7984 
f 7665 7660 7986 7985 
f 7660 7655 7987 7986 
f 7655 7650 7988 7987 
f 7650 7645 7989 7988 
f 7645 7640 7990 7989 
f 7640 7635 7991 7990 
f 7635 7630 7992 7991 
f 7630 7625 7993 7992 
f 7625 7620 7994 7993 
f 7620 7615 7931 7994 
f 7614 7619 7996 7995 
f 7619 7624 7997 7996 
f 7624 7629 7998 7997 
f 7629 7634 7999 7998 
f 7634 7639 8000 7999 
f 7639 7644 8001 8000 
f 7644 7649 8002 8001 
f 7649 7654 8003 8002 
f 7654 7659 8004 8003 
f 7659 7664 8005 8004 
f 7664 7669 8006 8005 
f 7669 7674 8007 8006 
f 7674 7679 8008 8007 
f 7679 7684 8009 8008 
f 7684 7689 8010 8009 
f 7689 7694 8011 8010 
f 7694 7699 8012 8011 
f 7699 7704 8013 8012 
f 7704 7709 8014 8013 
f 7709 7714 8015 8014 
f 7714 7719 8016 8015 
f 7719 7724 8017 8016 
f 7724 7729 8018 8017 
f 7729 7734 8019 8018 
f 7734 7739 8020 8019 
f 7739 7744 8021 8020 
f 7744 7749 8022 8021 
f 7749 7754 8023 8022 
f 7754 7759 8024 8023 
f 7759 7764 8025 8024 
f 7764 7769 8026 8025 
f 7769 7774 8027 8026 
f 7774 7779 8028 8027 
f 7779 7784 8029 8028 
f 7784 7789 8030 8029 
f 7789 7794 8031 8030 
f 7794 7799 8032 8031 
f 7799 7804 8033 8032 
f 7804 7809 8034 8033 
f 7809 7814 8035 8034 
f 7814 7819 8036 8035 
f 7819 7824 8037 8036 
f 7824 7829 8038 8037 
f 7829 7834 8039 8038 
f 7834 7839 8040 8039 
f 7839 7844 8041 8040 
f 7844 7849 8042 8041 
f 7849 7854 8043 8042 
f 7854 7859 8044 8043 
f 7859 7864 8045 8044 
f 7864 7869 8046 8045 
f 7869 7874 8047 8046 
f 7874 7879 8048 8047 
f 7879 7884 8049 8048 
f 7884 7889 8050 8049 
f 7889 7894 8051 8050 
f 7894 7899 8052 8051 
f 7899 7904 8053 8052 
f 7904 7909 8054 8053 
f 7909 7914 8055 8054 
f 7914 7919 8056 8055 
f 7919 7924 8057 8056 
f 7924 7930 8058 8057 
f 7930 7614 7995 8058 
f 8060 8135 8136 8059 
f 8060 8059 8061 8062 
f 8062 8061 8063 8064 
f 8064 8063 8065 8066 
f 8066 8065 8067 8068 
f 8068 8067 8069 8070 
f 8070 8069 8071 8072 
f 8082 8081 8079 8080 
f 8080 8079 8083 8084 
f 8084 8083 8136 8135 
f 8076 8075 8085 8086 
f 8086 8085 8081 8082 
f 8078 8077 8075 8076 
f 8078 8114 8113 8077 
f 8072 8071 8073 8074 
f 8090 8089 8087 8088 
f 8092 8091 8089 8090 
f 8094 8093 8091 8092 
f 8096 8095 8093 8094 
f 8098 8097 8095 8096 
f 8100 8099 8097 8098 
f 8102 8101 8099 8100 
f 8106 8105 8103 8104 
f 8108 8107 8105 8106 
f 8088 8087 8107 8108 
f 8112 8111 8109 8110 
f 8104 8103 8111 8112 
f 8110 8109 8113 8114 
f 8074 8073 8101 8102 
s 4
f 1549 1455 1454 8115 
f 1549 8115 1553 
s 1
f 8116 8117 3993 3992 
f 8119 8120 4898 3930 
f 8121 8122 3920 3911 
f 8122 8123 5654 3920 
f 8119 8121 3911 3929 
f 8117 8124 3594 3993 
f 8116 8125 3559 3990 
f 8126 8127 4490 4489 
f 8128 8449 8450 5402 
f 8120 8129 4899 4898 
f 8130 8131 4916 4917 
f 8132 8130 4917 5614 
f 8131 8129 4887 4916 
f 8133 8126 4489 4564 
f 8134 8127 4487 4944 
f 8118 8124 3593 5364 
f 8128 8133 4564 5403 
f 8132 8134 4944 5615 
f 8123 8125 3560 5654 
f 3770 8405 8404 3627 
s 78848
f 8160 8161 6154 5899 
s 134400
f 8158 8159 5819 5865 
s 76800
f 8155 8156 5974 5820 
s 81944
f 8154 8155 5820 5821 
s 17792
f 8153 8154 5821 5834 
s 17432
f 8150 8151 5822 5832 
s 9240
f 8146 8147 5830 5835 
s 24596
f 8148 8149 5831 5838 
s 9600
f 8149 8150 5832 5831 
s 24960
f 8151 8152 5833 5822 
s 9240
f 8152 8153 5834 5833 
s 24960
f 8145 8146 5835 5836 
s 17428
f 8144 8145 5836 5837 
s 17728
f 8147 8148 5838 5830 
s 1088
f 8143 8144 5837 
s 212992
f 8157 8158 5865 5866 
s 67624
f 8159 8160 5899 5819 
s 5
f 8157 8156 5978 5930 
f 8172 8171 5986 5985 
s 257
f 8171 8170 5987 5986 
s 513
f 8173 8172 5985 5984 
s 5
f 8174 8173 5984 5983 
s 3
f 8170 8169 5988 5987 
s 65
f 8175 8174 5983 5982 
f 8169 8168 5989 5988 
s 5
f 8176 8175 5982 5981 
s 3
f 8168 8167 5990 5989 
s 65
f 8177 8176 5981 6999 
s 33
f 8167 8166 5991 5990 
s 3
f 8166 8165 5992 5991 
f 8164 8163 5993 6027 
s 2049
f 8165 8164 6027 5992 
s 3
f 8162 8161 6156 6174 
s 1025
f 8163 8162 6174 5993 
s 1
f 8143 8142 6344 5933 
f 8140 8139 6325 6584 
f 8141 8140 6584 6302 
s 45568
f 8193 8194 6914 6915 
s 68352
f 8195 8196 6920 6921 
s 72704
f 8198 8199 6924 6925 
s 81944
f 8199 8200 6928 6924 
s 19200
f 8200 8201 6931 6928 
s 18456
f 8203 8204 6933 6934 
s 10264
f 8207 8208 6937 6938 
s 24600
f 8205 8206 6941 6942 
s 10624
f 8204 8205 6942 6933 
s 24960
f 8202 8203 6934 6945 
s 10264
f 8201 8202 6945 6931 
s 24960
f 8208 8209 6947 6937 
s 18456
f 8209 8210 6949 6947 
s 18816
f 8206 8207 6938 6941 
s 2112
f 8210 6810 6949 
s 229376
f 8196 8197 6952 6920 
s 34888
f 8194 8195 6921 6914 
s 5
f 8198 8197 6869 6842 
f 8183 8182 6980 6981 
s 257
f 8184 8183 6981 6983 
s 129
f 8182 8181 6985 6980 
s 3
f 8181 8180 6987 6985 
s 5
f 8185 8184 6983 6989 
s 65
f 8180 8179 6991 6987 
f 8186 8185 6989 6993 
s 3
f 8179 8178 6995 6991 
s 5
f 8187 8186 6993 6997 
s 513
f 8178 8177 6999 6995 
s 65
f 8188 8187 6997 7001 
s 5
f 8189 8188 7001 7003 
s 9
f 8191 8190 7006 7007 
s 1025
f 8190 8189 7003 7006 
s 9
f 8193 8192 7230 6834 
s 8193
f 8192 8191 7007 7230 
s 1
f 7932 8216 8214 7931 
f 7933 8219 8216 7932 
f 7934 8222 8219 7933 
f 7935 8225 8222 7934 
f 7936 8228 8225 7935 
f 7937 8231 8228 7936 
f 7938 8234 8231 7937 
f 7939 8237 8234 7938 
f 7940 8240 8237 7939 
f 7941 8243 8240 7940 
f 7942 8246 8243 7941 
f 7943 8249 8246 7942 
f 7944 8252 8249 7943 
f 7945 8255 8252 7944 
f 7946 8258 8255 7945 
f 7947 8261 8258 7946 
f 7948 8264 8261 7947 
f 7949 8267 8264 7948 
f 7950 8270 8267 7949 
f 7951 8273 8270 7950 
f 7952 8276 8273 7951 
f 7953 8279 8276 7952 
f 7954 8282 8279 7953 
f 7955 8285 8282 7954 
f 7956 8288 8285 7955 
f 7957 8291 8288 7956 
f 7958 8294 8291 7957 
f 7959 8297 8294 7958 
f 7960 8300 8297 7959 
f 7961 8303 8300 7960 
f 7962 8306 8303 7961 
f 7963 8309 8306 7962 
f 7964 8312 8309 7963 
f 7965 8315 8312 7964 
f 7966 8318 8315 7965 
f 7967 8321 8318 7966 
f 7968 8324 8321 7967 
f 7969 8327 8324 7968 
f 7970 8330 8327 7969 
f 7971 8333 8330 7970 
f 7972 8336 8333 7971 
f 7973 8339 8336 7972 
f 7974 8342 8339 7973 
f 7975 8345 8342 7974 
f 7976 8348 8345 7975 
f 7977 8351 8348 7976 
f 7978 8354 8351 7977 
f 7979 8357 8354 7978 
f 7980 8360 8357 7979 
f 7981 8363 8360 7980 
f 7982 8366 8363 7981 
f 7983 8369 8366 7982 
f 7984 8372 8369 7983 
f 7985 8375 8372 7984 
f 7986 8378 8375 7985 
f 7987 8381 8378 7986 
f 7988 8384 8381 7987 
f 7989 8387 8384 7988 
f 7990 8390 8387 7989 
f 7991 8393 8390 7990 
f 7992 8396 8393 7991 
f 7993 8399 8396 7992 
f 7994 8402 8399 7993 
f 7931 8214 8402 7994 
s 2
f 8217 8211 8213 
f 8220 8211 8217 
f 8223 8211 8220 
f 8226 8211 8223 
f 8229 8211 8226 
f 8232 8211 8229 
f 8235 8211 8232 
f 8238 8211 8235 
f 8241 8211 8238 
f 8244 8211 8241 
f 8247 8211 8244 
f 8250 8211 8247 
f 8253 8211 8250 
f 8256 8211 8253 
f 8259 8211 8256 
f 8262 8211 8259 
f 8265 8211 8262 
f 8268 8211 8265 
f 8271 8211 8268 
f 8274 8211 8271 
f 8277 8211 8274 
f 8280 8211 8277 
f 8283 8211 8280 
f 8286 8211 8283 
f 8289 8211 8286 
f 8292 8211 8289 
f 8295 8211 8292 
f 8298 8211 8295 
f 8301 8211 8298 
f 8304 8211 8301 
f 8307 8211 8304 
f 8310 8211 8307 
f 8313 8211 8310 
f 8316 8211 8313 
f 8319 8211 8316 
f 8322 8211 8319 
f 8325 8211 8322 
f 8328 8211 8325 
f 8331 8211 8328 
f 8334 8211 8331 
f 8337 8211 8334 
f 8340 8211 8337 
f 8343 8211 8340 
f 8346 8211 8343 
f 8349 8211 8346 
f 8352 8211 8349 
f 8355 8211 8352 
f 8358 8211 8355 
f 8361 8211 8358 
f 8364 8211 8361 
f 8367 8211 8364 
f 8370 8211 8367 
f 8373 8211 8370 
f 8376 8211 8373 
f 8379 8211 8376 
f 8382 8211 8379 
f 8385 8211 8382 
f 8388 8211 8385 
f 8391 8211 8388 
f 8394 8211 8391 
f 8397 8211 8394 
f 8400 8211 8397 
f 8403 8211 8400 
f 8213 8211 8403 
s 1
f 8216 8215 8212 8214 
f 8219 8218 8215 8216 
f 8222 8221 8218 8219 
f 8225 8224 8221 8222 
f 8228 8227 8224 8225 
f 8231 8230 8227 8228 
f 8234 8233 8230 8231 
f 8237 8236 8233 8234 
f 8240 8239 8236 8237 
f 8243 8242 8239 8240 
f 8246 8245 8242 8243 
f 8249 8248 8245 8246 
f 8252 8251 8248 8249 
f 8255 8254 8251 8252 
f 8258 8257 8254 8255 
f 8261 8260 8257 8258 
f 8264 8263 8260 8261 
f 8267 8266 8263 8264 
f 8270 8269 8266 8267 
f 8273 8272 8269 8270 
f 8276 8275 8272 8273 
f 8279 8278 8275 8276 
f 8282 8281 8278 8279 
f 8285 8284 8281 8282 
f 8288 8287 8284 8285 
f 8291 8290 8287 8288 
f 8294 8293 8290 8291 
f 8297 8296 8293 8294 
f 8300 8299 8296 8297 
f 8303 8302 8299 8300 
f 8306 8305 8302 8303 
f 8309 8308 8305 8306 
f 8312 8311 8308 8309 
f 8315 8314 8311 8312 
f 8318 8317 8314 8315 
f 8321 8320 8317 8318 
f 8324 8323 8320 8321 
f 8327 8326 8323 8324 
f 8330 8329 8326 8327 
f 8333 8332 8329 8330 
f 8336 8335 8332 8333 
f 8339 8338 8335 8336 
f 8342 8341 8338 8339 
f 8345 8344 8341 8342 
f 8348 8347 8344 8345 
f 8351 8350 8347 8348 
f 8354 8353 8350 8351 
f 8357 8356 8353 8354 
f 8360 8359 8356 8357 
f 8363 8362 8359 8360 
f 8366 8365 8362 8363 
f 8369 8368 8365 8366 
f 8372 8371 8368 8369 
f 8375 8374 8371 8372 
f 8378 8377 8374 8375 
f 8381 8380 8377 8378 
f 8384 8383 8380 8381 
f 8387 8386 8383 8384 
f 8390 8389 8386 8387 
f 8393 8392 8389 8390 
f 8396 8395 8392 8393 
f 8399 8398 8395 8396 
f 8402 8401 8398 8399 
f 8214 8212 8401 8402 
s 2
f 8213 8212 8215 8217 
f 8217 8215 8218 8220 
f 8220 8218 8221 8223 
f 8223 8221 8224 8226 
f 8226 8224 8227 8229 
f 8229 8227 8230 8232 
f 8232 8230 8233 8235 
f 8235 8233 8236 8238 
f 8238 8236 8239 8241 
f 8241 8239 8242 8244 
f 8244 8242 8245 8247 
f 8247 8245 8248 8250 
f 8250 8248 8251 8253 
f 8253 8251 8254 8256 
f 8256 8254 8257 8259 
f 8259 8257 8260 8262 
f 8262 8260 8263 8265 
f 8265 8263 8266 8268 
f 8268 8266 8269 8271 
f 8271 8269 8272 8274 
f 8274 8272 8275 8277 
f 8277 8275 8278 8280 
f 8280 8278 8281 8283 
f 8283 8281 8284 8286 
f 8286 8284 8287 8289 
f 8289 8287 8290 8292 
f 8292 8290 8293 8295 
f 8295 8293 8296 8298 
f 8298 8296 8299 8301 
f 8301 8299 8302 8304 
f 8304 8302 8305 8307 
f 8307 8305 8308 8310 
f 8310 8308 8311 8313 
f 8313 8311 8314 8316 
f 8316 8314 8317 8319 
f 8319 8317 8320 8322 
f 8322 8320 8323 8325 
f 8325 8323 8326 8328 
f 8328 8326 8329 8331 
f 8331 8329 8332 8334 
f 8334 8332 8335 8337 
f 8337 8335 8338 8340 
f 8340 8338 8341 8343 
f 8343 8341 8344 8346 
f 8346 8344 8347 8349 
f 8349 8347 8350 8352 
f 8352 8350 8353 8355 
f 8355 8353 8356 8358 
f 8358 8356 8359 8361 
f 8361 8359 8362 8364 
f 8364 8362 8365 8367 
f 8367 8365 8368 8370 
f 8370 8368 8371 8373 
f 8373 8371 8374 8376 
f 8376 8374 8377 8379 
f 8379 8377 8380 8382 
f 8382 8380 8383 8385 
f 8385 8383 8386 8388 
f 8388 8386 8389 8391 
f 8391 8389 8392 8394 
f 8394 8392 8395 8397 
f 8397 8395 8398 8400 
f 8400 8398 8401 8403 
f 8403 8401 8212 8213 
f 1451 1446 1445 1524 
s off
f 1770 1520 1524 1445 
s 2
f 1448 1759 1444 1449 
s off
f 1448 1477 1518 1759 
s 2
f 1456 1440 1439 1849 
s off
f 1439 1839 1847 1849 
s 1
f 8427 8426 3646 3959 
f 8426 8425 3645 3646 
f 8425 8424 3644 3645 
f 8424 8423 3643 3644 
f 8423 8422 3642 3643 
f 8422 8421 3641 3642 
f 8421 8420 3640 3641 
f 8420 8419 3639 3640 
f 8419 8418 3638 3639 
f 8418 8417 3637 3638 
f 8417 8416 3636 3637 
f 8416 8415 3635 3636 
f 8415 8414 3634 3635 
f 8414 8413 3633 3634 
f 8413 8412 3632 3633 
f 8412 8411 3631 3632 
f 8411 8410 3630 3631 
f 8410 8409 3629 3630 
f 8409 8408 3801 3629 
f 8408 8407 3789 3801 
f 8406 8405 3770 3628 
f 8407 8406 3628 3789 
f 8428 8427 3959 4527 
f 8429 8428 4527 4529 
f 8430 8429 4529 4531 
f 8431 8430 4531 4533 
f 8432 8431 4533 4535 
f 8433 8432 4535 4537 
f 8434 8433 4537 4539 
f 8435 8434 4539 4541 
f 8436 8435 4541 4543 
f 8437 8436 4543 4545 
f 8438 8437 4545 4547 
f 8439 8438 4547 4549 
f 8440 8439 4549 4551 
f 8441 8440 4551 4553 
f 8442 8441 4553 4555 
f 8443 8442 4555 4557 
f 8444 8443 4557 4559 
f 8445 8444 4559 4561 
f 8446 8445 4561 4798 
f 8447 8446 4798 4788 
f 8449 8448 4777 4766 
f 8448 8447 4788 4777 
f 8450 8449 4766 4566 
f 8404 8405 8118 5364 
f 8404 8453 3667 3627 
f 8451 3625 3626 
f 4568 8452 4623 4622 
f 4623 8452 8450 4566 
f 5402 8452 4568 5401 
f 3667 8453 8451 3666 
f 5364 8453 8404 
f 3666 8451 3626 
# 7578 polygons - 856 triangles

