product_code,asset_type,file_format,asset_url,product_url
10385IN-CP,3D Model,OBJ,https://techcomm.kohler.com/techcomm/cad/10385IN.obj,https://www.kohler.co.in/p/complementary-bath-spout-without-diverter-flat-face-160mm-10385in?skuId=10385IN-CP
10385IN-CP,3D Model,SKP,https://techcomm.kohler.com/techcomm/cad/10385IN.skp,https://www.kohler.co.in/p/complementary-bath-spout-without-diverter-flat-face-160mm-10385in?skuId=10385IN-CP
10385IN-CP,3D Model,3DS,https://techcomm.kohler.com/techcomm/cad/10385IN.3ds,https://www.kohler.co.in/p/complementary-bath-spout-without-diverter-flat-face-160mm-10385in?skuId=10385IN-CP
10385IN-CP,3D Model,RFA,https://techcomm.kohler.com/techcomm/cad/Faucet-Wall_Mount-Bath_Spout-KOHLER-Complementary-K-10385IN.rfa,https://www.kohler.co.in/p/complementary-bath-spout-without-diverter-flat-face-160mm-10385in?skuId=10385IN-CP
10385IN-CP,CAD Drawing,DXF,https://techcomm.kohler.com/techcomm/cad/10385inpln.dxf,https://www.kohler.co.in/p/complementary-bath-spout-without-diverter-flat-face-160mm-10385in?skuId=10385IN-CP
10385IN-CP,CAD Drawing,DWG,https://techcomm.kohler.com/techcomm/cad/10385inpln.dwg,https://www.kohler.co.in/p/complementary-bath-spout-without-diverter-flat-face-160mm-10385in?skuId=10385IN-CP
10385IN-CP,CAD Drawing,DXF,https://techcomm.kohler.com/techcomm/cad/10385infrt.dxf,https://www.kohler.co.in/p/complementary-bath-spout-without-diverter-flat-face-160mm-10385in?skuId=10385IN-CP
10385IN-CP,CAD Drawing,DWG,https://techcomm.kohler.com/techcomm/cad/10385infrt.dwg,https://www.kohler.co.in/p/complementary-bath-spout-without-diverter-flat-face-160mm-10385in?skuId=10385IN-CP
10385IN-CP,CAD Drawing,DXF,https://techcomm.kohler.com/techcomm/cad/10385insde.dxf,https://www.kohler.co.in/p/complementary-bath-spout-without-diverter-flat-face-160mm-10385in?skuId=10385IN-CP
10385IN-CP,CAD Drawing,DWG,https://techcomm.kohler.com/techcomm/cad/10385insde.dwg,https://www.kohler.co.in/p/complementary-bath-spout-without-diverter-flat-face-160mm-10385in?skuId=10385IN-CP
10385IN-CP,CAD Drawing,DXF,https://techcomm.kohler.com/techcomm/cad/10385IN.dxf,https://www.kohler.co.in/p/complementary-bath-spout-without-diverter-flat-face-160mm-10385in?skuId=10385IN-CP
10385IN-CP,CAD Drawing,DWG,https://techcomm.kohler.com/techcomm/cad/10385IN.dwg,https://www.kohler.co.in/p/complementary-bath-spout-without-diverter-flat-face-160mm-10385in?skuId=10385IN-CP
10385IN-CP,Spec Sheet,PDF,https://techcomm.kohler.com/techcomm/pdf/K-10385IN_spec_IN_Kohler_en.pdf,https://www.kohler.co.in/p/complementary-bath-spout-without-diverter-flat-face-160mm-10385in?skuId=10385IN-CP
10385IN-CP,Installation,PDF,https://techcomm.kohler.com/techcomm/pdf/1617746-IN2.pdf,https://www.kohler.co.in/p/complementary-bath-spout-without-diverter-flat-face-160mm-10385in?skuId=10385IN-CP
10385IN-CP,Parts,PDF,https://techcomm.kohler.com/techcomm/pdf/1073960-IN8.pdf,https://www.kohler.co.in/p/complementary-bath-spout-without-diverter-flat-face-160mm-10385in?skuId=10385IN-CP
23973IN-AA-CP,3D Model,OBJ,https://techcomm.kohler.com/techcomm/cad/23973IN-AA.obj,https://www.kohler.co.in/p/bath-spout-without-diverter-in-rose-gold-23973in-aa?skuId=23973IN-AA-CP
23973IN-AA-CP,3D Model,SKP,https://techcomm.kohler.com/techcomm/cad/23973IN-AA.skp,https://www.kohler.co.in/p/bath-spout-without-diverter-in-rose-gold-23973in-aa?skuId=23973IN-AA-CP
23973IN-AA-CP,3D Model,3DS,https://techcomm.kohler.com/techcomm/cad/23973IN-AA.3ds,https://www.kohler.co.in/p/bath-spout-without-diverter-in-rose-gold-23973in-aa?skuId=23973IN-AA-CP
23973IN-AA-CP,3D Model,RFA,https://techcomm.kohler.com/techcomm/cad/Faucet-Wall_Mount-Bath_Spout-KOHLER-Vive-K-23973IN.zip,https://www.kohler.co.in/p/bath-spout-without-diverter-in-rose-gold-23973in-aa?skuId=23973IN-AA-CP
23973IN-AA-CP,CAD Drawing,DXF,https://techcomm.kohler.com/techcomm/cad/23973in_aapln.dxf,https://www.kohler.co.in/p/bath-spout-without-diverter-in-rose-gold-23973in-aa?skuId=23973IN-AA-CP
23973IN-AA-CP,CAD Drawing,DWG,https://techcomm.kohler.com/techcomm/cad/23973in_aapln.dwg,https://www.kohler.co.in/p/bath-spout-without-diverter-in-rose-gold-23973in-aa?skuId=23973IN-AA-CP
23973IN-AA-CP,CAD Drawing,DXF,https://techcomm.kohler.com/techcomm/cad/23973in_aafrt.dxf,https://www.kohler.co.in/p/bath-spout-without-diverter-in-rose-gold-23973in-aa?skuId=23973IN-AA-CP
23973IN-AA-CP,CAD Drawing,DWG,https://techcomm.kohler.com/techcomm/cad/23973in_aafrt.dwg,https://www.kohler.co.in/p/bath-spout-without-diverter-in-rose-gold-23973in-aa?skuId=23973IN-AA-CP
23973IN-AA-CP,CAD Drawing,DXF,https://techcomm.kohler.com/techcomm/cad/23973in_aasde.dxf,https://www.kohler.co.in/p/bath-spout-without-diverter-in-rose-gold-23973in-aa?skuId=23973IN-AA-CP
23973IN-AA-CP,CAD Drawing,DWG,https://techcomm.kohler.com/techcomm/cad/23973in_aasde.dwg,https://www.kohler.co.in/p/bath-spout-without-diverter-in-rose-gold-23973in-aa?skuId=23973IN-AA-CP
23973IN-AA-CP,CAD Drawing,DXF,https://techcomm.kohler.com/techcomm/cad/23973IN-AA.dxf,https://www.kohler.co.in/p/bath-spout-without-diverter-in-rose-gold-23973in-aa?skuId=23973IN-AA-CP
23973IN-AA-CP,CAD Drawing,DWG,https://techcomm.kohler.com/techcomm/cad/23973IN-AA.dwg,https://www.kohler.co.in/p/bath-spout-without-diverter-in-rose-gold-23973in-aa?skuId=23973IN-AA-CP
23973IN-AA-CP,Spec Sheet,PDF,https://techcomm.kohler.com/techcomm/pdf/K-23973IN-AA_spec_IN_Kohler_en.pdf,https://www.kohler.co.in/p/bath-spout-without-diverter-in-rose-gold-23973in-aa?skuId=23973IN-AA-CP
23973IN-AA-CP,Installation,PDF,https://techcomm.kohler.com/techcomm/pdf/1482706-IN2.pdf,https://www.kohler.co.in/p/bath-spout-without-diverter-in-rose-gold-23973in-aa?skuId=23973IN-AA-CP
99460IN-4-CP,3D Model,OBJ,https://techcomm.kohler.com/techcomm/cad/99460IN-4.obj,https://www.kohler.co.in/p/kumin-exposed-sc-b-s-faucet-99460in-4?skuId=99460IN-4-CP
99460IN-4-CP,3D Model,SKP,https://techcomm.kohler.com/techcomm/cad/99460IN-4.skp,https://www.kohler.co.in/p/kumin-exposed-sc-b-s-faucet-99460in-4?skuId=99460IN-4-CP
99460IN-4-CP,3D Model,3DS,https://techcomm.kohler.com/techcomm/cad/99460IN-4.3ds,https://www.kohler.co.in/p/kumin-exposed-sc-b-s-faucet-99460in-4?skuId=99460IN-4-CP
99460IN-4-CP,3D Model,RFA,https://techcomm.kohler.com/techcomm/cad/Shower-Handshower_Kit-KOHLER-KUMIN-K-99460IN.rfa,https://www.kohler.co.in/p/kumin-exposed-sc-b-s-faucet-99460in-4?skuId=99460IN-4-CP
99460IN-4-CP,CAD Drawing,DXF,https://techcomm.kohler.com/techcomm/cad/99460in_4pln.dxf,https://www.kohler.co.in/p/kumin-exposed-sc-b-s-faucet-99460in-4?skuId=99460IN-4-CP
99460IN-4-CP,CAD Drawing,DWG,https://techcomm.kohler.com/techcomm/cad/99460in_4pln.dwg,https://www.kohler.co.in/p/kumin-exposed-sc-b-s-faucet-99460in-4?skuId=99460IN-4-CP
99460IN-4-CP,CAD Drawing,DXF,https://techcomm.kohler.com/techcomm/cad/99460in_4frt.dxf,https://www.kohler.co.in/p/kumin-exposed-sc-b-s-faucet-99460in-4?skuId=99460IN-4-CP
99460IN-4-CP,CAD Drawing,DWG,https://techcomm.kohler.com/techcomm/cad/99460in_4frt.dwg,https://www.kohler.co.in/p/kumin-exposed-sc-b-s-faucet-99460in-4?skuId=99460IN-4-CP
99460IN-4-CP,CAD Drawing,DXF,https://techcomm.kohler.com/techcomm/cad/99460in_4sde.dxf,https://www.kohler.co.in/p/kumin-exposed-sc-b-s-faucet-99460in-4?skuId=99460IN-4-CP
99460IN-4-CP,CAD Drawing,DWG,https://techcomm.kohler.com/techcomm/cad/99460in_4sde.dwg,https://www.kohler.co.in/p/kumin-exposed-sc-b-s-faucet-99460in-4?skuId=99460IN-4-CP
99460IN-4-CP,CAD Drawing,DXF,https://techcomm.kohler.com/techcomm/cad/99460IN-4.dxf,https://www.kohler.co.in/p/kumin-exposed-sc-b-s-faucet-99460in-4?skuId=99460IN-4-CP
99460IN-4-CP,CAD Drawing,DWG,https://techcomm.kohler.com/techcomm/cad/99460IN-4.dwg,https://www.kohler.co.in/p/kumin-exposed-sc-b-s-faucet-99460in-4?skuId=99460IN-4-CP
27493IN-CP,3D Model,OBJ,https://techcomm.kohler.com/techcomm/cad/27493IN.obj,https://www.kohler.co.in/p/fore-bath-spout-with-diverter-27493in?skuId=27493IN-CP
27493IN-CP,3D Model,SKP,https://techcomm.kohler.com/techcomm/cad/27493IN.skp,https://www.kohler.co.in/p/fore-bath-spout-with-diverter-27493in?skuId=27493IN-CP
27493IN-CP,3D Model,3DS,https://techcomm.kohler.com/techcomm/cad/27493IN.3ds,https://www.kohler.co.in/p/fore-bath-spout-with-diverter-27493in?skuId=27493IN-CP
27493IN-CP,3D Model,RFA,https://techcomm.kohler.com/techcomm/cad/Faucet-Wall_Mount-Bath_Spout-KOHLER-Fore-K-27493IN.rfa,https://www.kohler.co.in/p/fore-bath-spout-with-diverter-27493in?skuId=27493IN-CP
27493IN-CP,CAD Drawing,DXF,https://techcomm.kohler.com/techcomm/cad/27493inpln.dxf,https://www.kohler.co.in/p/fore-bath-spout-with-diverter-27493in?skuId=27493IN-CP
27493IN-CP,CAD Drawing,DWG,https://techcomm.kohler.com/techcomm/cad/27493inpln.dwg,https://www.kohler.co.in/p/fore-bath-spout-with-diverter-27493in?skuId=27493IN-CP
27493IN-CP,CAD Drawing,DXF,https://techcomm.kohler.com/techcomm/cad/27493infrt.dxf,https://www.kohler.co.in/p/fore-bath-spout-with-diverter-27493in?skuId=27493IN-CP
27493IN-CP,CAD Drawing,DWG,https://techcomm.kohler.com/techcomm/cad/27493infrt.dwg,https://www.kohler.co.in/p/fore-bath-spout-with-diverter-27493in?skuId=27493IN-CP
27493IN-CP,CAD Drawing,DXF,https://techcomm.kohler.com/techcomm/cad/27493insde.dxf,https://www.kohler.co.in/p/fore-bath-spout-with-diverter-27493in?skuId=27493IN-CP
27493IN-CP,CAD Drawing,DWG,https://techcomm.kohler.com/techcomm/cad/27493insde.dwg,https://www.kohler.co.in/p/fore-bath-spout-with-diverter-27493in?skuId=27493IN-CP
27493IN-CP,CAD Drawing,DXF,https://techcomm.kohler.com/techcomm/cad/27493IN.dxf,https://www.kohler.co.in/p/fore-bath-spout-with-diverter-27493in?skuId=27493IN-CP
27493IN-CP,CAD Drawing,DWG,https://techcomm.kohler.com/techcomm/cad/27493IN.dwg,https://www.kohler.co.in/p/fore-bath-spout-with-diverter-27493in?skuId=27493IN-CP
27493IN-CP,Spec Sheet,PDF,https://techcomm.kohler.com/techcomm/pdf/K-27493IN_spec_IN_Kohler_en.pdf,https://www.kohler.co.in/p/fore-bath-spout-with-diverter-27493in?skuId=27493IN-CP
14428T-4-RGD,3D Model,OBJ,https://techcomm.kohler.com/techcomm/cad/14428T-4.obj,https://www.kohler.co.in/p/purist-bath-set-hob-mount-lever-handles-14428t-4?skuId=14428T-4-RGD
14428T-4-RGD,3D Model,SKP,https://techcomm.kohler.com/techcomm/cad/14428T-4.skp,https://www.kohler.co.in/p/purist-bath-set-hob-mount-lever-handles-14428t-4?skuId=14428T-4-RGD
14428T-4-RGD,3D Model,3DS,https://techcomm.kohler.com/techcomm/cad/14428T-4.3ds,https://www.kohler.co.in/p/purist-bath-set-hob-mount-lever-handles-14428t-4?skuId=14428T-4-RGD
14428T-4-RGD,3D Model,RFA,https://techcomm.kohler.com/techcomm/cad/Faucet-Deck_Mount-Bath-KOHLER-PURIST-K-14428T.zip,https://www.kohler.co.in/p/purist-bath-set-hob-mount-lever-handles-14428t-4?skuId=14428T-4-RGD
14428T-4-RGD,3D Model,RFA,https://techcomm.kohler.com/techcomm/cad/Faucet-Deck_Mount_Bath-KOHLER-PURIST-K-14428T.zip,https://www.kohler.co.in/p/purist-bath-set-hob-mount-lever-handles-14428t-4?skuId=14428T-4-RGD
14428T-4-RGD,CAD Drawing,DXF,https://techcomm.kohler.com/techcomm/cad/14428t_4pln.dxf,https://www.kohler.co.in/p/purist-bath-set-hob-mount-lever-handles-14428t-4?skuId=14428T-4-RGD
14428T-4-RGD,CAD Drawing,DWG,https://techcomm.kohler.com/techcomm/cad/14428t_4pln.dwg,https://www.kohler.co.in/p/purist-bath-set-hob-mount-lever-handles-14428t-4?skuId=14428T-4-RGD
14428T-4-RGD,CAD Drawing,DXF,https://techcomm.kohler.com/techcomm/cad/14428t_4frt.dxf,https://www.kohler.co.in/p/purist-bath-set-hob-mount-lever-handles-14428t-4?skuId=14428T-4-RGD
14428T-4-RGD,CAD Drawing,DWG,https://techcomm.kohler.com/techcomm/cad/14428t_4frt.dwg,https://www.kohler.co.in/p/purist-bath-set-hob-mount-lever-handles-14428t-4?skuId=14428T-4-RGD
14428T-4-RGD,CAD Drawing,DXF,https://techcomm.kohler.com/techcomm/cad/14428t_4sde.dxf,https://www.kohler.co.in/p/purist-bath-set-hob-mount-lever-handles-14428t-4?skuId=14428T-4-RGD
14428T-4-RGD,CAD Drawing,DWG,https://techcomm.kohler.com/techcomm/cad/14428t_4sde.dwg,https://www.kohler.co.in/p/purist-bath-set-hob-mount-lever-handles-14428t-4?skuId=14428T-4-RGD
14428T-4-RGD,CAD Drawing,DXF,https://techcomm.kohler.com/techcomm/cad/14428T-4.dxf,https://www.kohler.co.in/p/purist-bath-set-hob-mount-lever-handles-14428t-4?skuId=14428T-4-RGD
14428T-4-RGD,CAD Drawing,DWG,https://techcomm.kohler.com/techcomm/cad/14428T-4.dwg,https://www.kohler.co.in/p/purist-bath-set-hob-mount-lever-handles-14428t-4?skuId=14428T-4-RGD
14428T-4-RGD,Spec Sheet,PDF,https://techcomm.kohler.com/techcomm/pdf/1380095934_K-14428T(SS).pdf,https://www.kohler.co.in/p/purist-bath-set-hob-mount-lever-handles-14428t-4?skuId=14428T-4-RGD
14428T-4-RGD,Installation,PDF,https://techcomm.kohler.com/techcomm/pdf/1535707372560_14428T.pdf,https://www.kohler.co.in/p/purist-bath-set-hob-mount-lever-handles-14428t-4?skuId=14428T-4-RGD
33996IN-CP,3D Model,OBJ,https://techcomm.kohler.com/techcomm/cad/33996IN.obj,https://www.kohler.co.in/p/apt-wall-mount-bath-spout-with-diverter-33996in?skuId=33996IN-CP
33996IN-CP,3D Model,SKP,https://techcomm.kohler.com/techcomm/cad/33996IN.skp,https://www.kohler.co.in/p/apt-wall-mount-bath-spout-with-diverter-33996in?skuId=33996IN-CP
33996IN-CP,3D Model,3DS,https://techcomm.kohler.com/techcomm/cad/33996IN.3ds,https://www.kohler.co.in/p/apt-wall-mount-bath-spout-with-diverter-33996in?skuId=33996IN-CP
33996IN-CP,3D Model,RFA,https://techcomm.kohler.com/techcomm/cad/Faucet-Wall_Mount-Bath_Spout-KOHLER-APT-K-33996IN.rfa,https://www.kohler.co.in/p/apt-wall-mount-bath-spout-with-diverter-33996in?skuId=33996IN-CP
33996IN-CP,CAD Drawing,DXF,https://techcomm.kohler.com/techcomm/cad/33996inpln.dxf,https://www.kohler.co.in/p/apt-wall-mount-bath-spout-with-diverter-33996in?skuId=33996IN-CP
33996IN-CP,CAD Drawing,DWG,https://techcomm.kohler.com/techcomm/cad/33996inpln.dwg,https://www.kohler.co.in/p/apt-wall-mount-bath-spout-with-diverter-33996in?skuId=33996IN-CP
33996IN-CP,CAD Drawing,DXF,https://techcomm.kohler.com/techcomm/cad/33996infrt.dxf,https://www.kohler.co.in/p/apt-wall-mount-bath-spout-with-diverter-33996in?skuId=33996IN-CP
33996IN-CP,CAD Drawing,DWG,https://techcomm.kohler.com/techcomm/cad/33996infrt.dwg,https://www.kohler.co.in/p/apt-wall-mount-bath-spout-with-diverter-33996in?skuId=33996IN-CP
33996IN-CP,CAD Drawing,DXF,https://techcomm.kohler.com/techcomm/cad/33996insde.dxf,https://www.kohler.co.in/p/apt-wall-mount-bath-spout-with-diverter-33996in?skuId=33996IN-CP
33996IN-CP,CAD Drawing,DWG,https://techcomm.kohler.com/techcomm/cad/33996insde.dwg,https://www.kohler.co.in/p/apt-wall-mount-bath-spout-with-diverter-33996in?skuId=33996IN-CP
33996IN-CP,CAD Drawing,DXF,https://techcomm.kohler.com/techcomm/cad/33996IN.dxf,https://www.kohler.co.in/p/apt-wall-mount-bath-spout-with-diverter-33996in?skuId=33996IN-CP
33996IN-CP,CAD Drawing,DWG,https://techcomm.kohler.com/techcomm/cad/33996IN.dwg,https://www.kohler.co.in/p/apt-wall-mount-bath-spout-with-diverter-33996in?skuId=33996IN-CP
33996IN-CP,Spec Sheet,PDF,https://techcomm.kohler.com/techcomm/pdf/K-33996IN_spec_IN_Kohler_en.pdf,https://www.kohler.co.in/p/apt-wall-mount-bath-spout-with-diverter-33996in?skuId=33996IN-CP
33996IN-CP,Installation,PDF,https://techcomm.kohler.com/techcomm/pdf/1587906-IN2.pdf,https://www.kohler.co.in/p/apt-wall-mount-bath-spout-with-diverter-33996in?skuId=33996IN-CP
14426-2MB,3D Model,OBJ,https://techcomm.kohler.com/techcomm/cad/14426.obj,https://www.kohler.co.in/p/purist-wall-mount-non-diverter-bath-spout-35-degrees-14426?skuId=14426-2MB
14426-2MB,3D Model,SKP,https://techcomm.kohler.com/techcomm/cad/14426.skp,https://www.kohler.co.in/p/purist-wall-mount-non-diverter-bath-spout-35-degrees-14426?skuId=14426-2MB
14426-2MB,3D Model,3DS,https://techcomm.kohler.com/techcomm/cad/14426.3ds,https://www.kohler.co.in/p/purist-wall-mount-non-diverter-bath-spout-35-degrees-14426?skuId=14426-2MB
14426-2MB,3D Model,RFA,https://techcomm.kohler.com/techcomm/cad/Faucet-Wall_Mount-Bath_Spout-KOHLER-Purist-K-14426.zip,https://www.kohler.co.in/p/purist-wall-mount-non-diverter-bath-spout-35-degrees-14426?skuId=14426-2MB
14426-2MB,CAD Drawing,DXF,https://techcomm.kohler.com/techcomm/cad/14426pln.dxf,https://www.kohler.co.in/p/purist-wall-mount-non-diverter-bath-spout-35-degrees-14426?skuId=14426-2MB
14426-2MB,CAD Drawing,DWG,https://techcomm.kohler.com/techcomm/cad/14426pln.dwg,https://www.kohler.co.in/p/purist-wall-mount-non-diverter-bath-spout-35-degrees-14426?skuId=14426-2MB
14426-2MB,CAD Drawing,DXF,https://techcomm.kohler.com/techcomm/cad/14426frt.dxf,https://www.kohler.co.in/p/purist-wall-mount-non-diverter-bath-spout-35-degrees-14426?skuId=14426-2MB
14426-2MB,CAD Drawing,DWG,https://techcomm.kohler.com/techcomm/cad/14426frt.dwg,https://www.kohler.co.in/p/purist-wall-mount-non-diverter-bath-spout-35-degrees-14426?skuId=14426-2MB
14426-2MB,CAD Drawing,DXF,https://techcomm.kohler.com/techcomm/cad/14426sde.dxf,https://www.kohler.co.in/p/purist-wall-mount-non-diverter-bath-spout-35-degrees-14426?skuId=14426-2MB
14426-2MB,CAD Drawing,DWG,https://techcomm.kohler.com/techcomm/cad/14426sde.dwg,https://www.kohler.co.in/p/purist-wall-mount-non-diverter-bath-spout-35-degrees-14426?skuId=14426-2MB
14426-2MB,CAD Drawing,DXF,https://techcomm.kohler.com/techcomm/cad/14426.dxf,https://www.kohler.co.in/p/purist-wall-mount-non-diverter-bath-spout-35-degrees-14426?skuId=14426-2MB
14426-2MB,CAD Drawing,DWG,https://techcomm.kohler.com/techcomm/cad/14426.dwg,https://www.kohler.co.in/p/purist-wall-mount-non-diverter-bath-spout-35-degrees-14426?skuId=14426-2MB
14426-2MB,Spec Sheet,PDF,https://techcomm.kohler.com/techcomm/pdf/K-14426_spec_US-CA_Kohler_en.pdf,https://www.kohler.co.in/p/purist-wall-mount-non-diverter-bath-spout-35-degrees-14426?skuId=14426-2MB
14426-2MB,Spec Sheet,PDF,https://techcomm.kohler.com/techcomm/pdf/K-14426_spec_IN_Kohler_en.pdf,https://www.kohler.co.in/p/purist-wall-mount-non-diverter-bath-spout-35-degrees-14426?skuId=14426-2MB
14426-2MB,Spec Sheet,PDF,https://techcomm.kohler.com/techcomm/pdf/K-14426_spec_US-CA_Kohler_fr-ca.pdf,https://www.kohler.co.in/p/purist-wall-mount-non-diverter-bath-spout-35-degrees-14426?skuId=14426-2MB
14426-2MB,Spec Sheet,PDF,https://techcomm.kohler.com/techcomm/pdf/K-14426_spec_LM_Kohler_en.pdf,https://www.kohler.co.in/p/purist-wall-mount-non-diverter-bath-spout-35-degrees-14426?skuId=14426-2MB
14426-2MB,Homeowners Guide,PDF,https://techcomm.kohler.com/techcomm/pdf/1204908-5.pdf,https://www.kohler.co.in/p/purist-wall-mount-non-diverter-bath-spout-35-degrees-14426?skuId=14426-2MB
14426-2MB,Installation,PDF,https://techcomm.kohler.com/techcomm/pdf/1204915-2.pdf,https://www.kohler.co.in/p/purist-wall-mount-non-diverter-bath-spout-35-degrees-14426?skuId=14426-2MB
25764IN-CP,3D Model,OBJ,https://techcomm.kohler.com/techcomm/cad/25764IN.obj,https://www.kohler.co.in/p/modernlife-edge-wall-mount-bath-spout-with-diverter-25764in?skuId=25764IN-CP
25764IN-CP,3D Model,SKP,https://techcomm.kohler.com/techcomm/cad/25764IN.skp,https://www.kohler.co.in/p/modernlife-edge-wall-mount-bath-spout-with-diverter-25764in?skuId=25764IN-CP
25764IN-CP,3D Model,3DS,https://techcomm.kohler.com/techcomm/cad/25764IN.3ds,https://www.kohler.co.in/p/modernlife-edge-wall-mount-bath-spout-with-diverter-25764in?skuId=25764IN-CP
25764IN-CP,3D Model,RFA,https://techcomm.kohler.com/techcomm/cad/Faucet-Lavatory-KOHLER-Modernlife-K-25764IN.rfa,https://www.kohler.co.in/p/modernlife-edge-wall-mount-bath-spout-with-diverter-25764in?skuId=25764IN-CP
25764IN-CP,CAD Drawing,DXF,https://techcomm.kohler.com/techcomm/cad/25764inpln.dxf,https://www.kohler.co.in/p/modernlife-edge-wall-mount-bath-spout-with-diverter-25764in?skuId=25764IN-CP
25764IN-CP,CAD Drawing,DWG,https://techcomm.kohler.com/techcomm/cad/25764inpln.dwg,https://www.kohler.co.in/p/modernlife-edge-wall-mount-bath-spout-with-diverter-25764in?skuId=25764IN-CP
25764IN-CP,CAD Drawing,DXF,https://techcomm.kohler.com/techcomm/cad/25764infrt.dxf,https://www.kohler.co.in/p/modernlife-edge-wall-mount-bath-spout-with-diverter-25764in?skuId=25764IN-CP
25764IN-CP,CAD Drawing,DWG,https://techcomm.kohler.com/techcomm/cad/25764infrt.dwg,https://www.kohler.co.in/p/modernlife-edge-wall-mount-bath-spout-with-diverter-25764in?skuId=25764IN-CP
25764IN-CP,CAD Drawing,DXF,https://techcomm.kohler.com/techcomm/cad/25764insde.dxf,https://www.kohler.co.in/p/modernlife-edge-wall-mount-bath-spout-with-diverter-25764in?skuId=25764IN-CP
25764IN-CP,CAD Drawing,DWG,https://techcomm.kohler.com/techcomm/cad/25764insde.dwg,https://www.kohler.co.in/p/modernlife-edge-wall-mount-bath-spout-with-diverter-25764in?skuId=25764IN-CP
25764IN-CP,Spec Sheet,PDF,https://techcomm.kohler.com/techcomm/pdf/K-25764IN_spec_IN_Kohler_en.pdf,https://www.kohler.co.in/p/modernlife-edge-wall-mount-bath-spout-with-diverter-25764in?skuId=25764IN-CP
97904T-NA,3D Model,OBJ,https://techcomm.kohler.com/techcomm/cad/97904T.obj,https://www.kohler.co.in/p/floormount-bath-shower-fau-mounting-base-97904t?skuId=97904T-NA
97904T-NA,3D Model,SKP,https://techcomm.kohler.com/techcomm/cad/97904T.skp,https://www.kohler.co.in/p/floormount-bath-shower-fau-mounting-base-97904t?skuId=97904T-NA
97904T-NA,3D Model,3DS,https://techcomm.kohler.com/techcomm/cad/97904T.3ds,https://www.kohler.co.in/p/floormount-bath-shower-fau-mounting-base-97904t?skuId=97904T-NA
97904T-NA,CAD Drawing,DXF,https://techcomm.kohler.com/techcomm/cad/97904tpln.dxf,https://www.kohler.co.in/p/floormount-bath-shower-fau-mounting-base-97904t?skuId=97904T-NA
97904T-NA,CAD Drawing,DWG,https://techcomm.kohler.com/techcomm/cad/97904tpln.dwg,https://www.kohler.co.in/p/floormount-bath-shower-fau-mounting-base-97904t?skuId=97904T-NA
97904T-NA,CAD Drawing,DXF,https://techcomm.kohler.com/techcomm/cad/97904tfrt.dxf,https://www.kohler.co.in/p/floormount-bath-shower-fau-mounting-base-97904t?skuId=97904T-NA
97904T-NA,CAD Drawing,DWG,https://techcomm.kohler.com/techcomm/cad/97904tfrt.dwg,https://www.kohler.co.in/p/floormount-bath-shower-fau-mounting-base-97904t?skuId=97904T-NA
97904T-NA,CAD Drawing,DXF,https://techcomm.kohler.com/techcomm/cad/97904tsde.dxf,https://www.kohler.co.in/p/floormount-bath-shower-fau-mounting-base-97904t?skuId=97904T-NA
97904T-NA,CAD Drawing,DWG,https://techcomm.kohler.com/techcomm/cad/97904tsde.dwg,https://www.kohler.co.in/p/floormount-bath-shower-fau-mounting-base-97904t?skuId=97904T-NA
97904T-NA,CAD Drawing,DXF,https://techcomm.kohler.com/techcomm/cad/97904T.dxf,https://www.kohler.co.in/p/floormount-bath-shower-fau-mounting-base-97904t?skuId=97904T-NA
97904T-NA,CAD Drawing,DWG,https://techcomm.kohler.com/techcomm/cad/97904T.dwg,https://www.kohler.co.in/p/floormount-bath-shower-fau-mounting-base-97904t?skuId=97904T-NA
97904T-NA,Spec Sheet,PDF,https://techcomm.kohler.com/techcomm/pdf/1246361-X4_A1.pdf,https://www.kohler.co.in/p/floormount-bath-shower-fau-mounting-base-97904t?skuId=97904T-NA
97904T-NA,Installation,PDF,https://techcomm.kohler.com/techcomm/pdf/1246361-2A_B1_installation instructions.pdf,https://www.kohler.co.in/p/floormount-bath-shower-fau-mounting-base-97904t?skuId=97904T-NA
97904T-NA,Parts,PDF,https://techcomm.kohler.com/techcomm/pdf/1246361-X8_A1_service part.pdf,https://www.kohler.co.in/p/floormount-bath-shower-fau-mounting-base-97904t?skuId=97904T-NA
99060IN-CP,3D Model,OBJ,https://techcomm.kohler.com/techcomm/cad/99060IN.obj,https://www.kohler.co.in/p/july-bath-spout-without-diverter-in-polished-chrome-99060in?skuId=99060IN-CP
99060IN-CP,3D Model,SKP,https://techcomm.kohler.com/techcomm/cad/99060IN.skp,https://www.kohler.co.in/p/july-bath-spout-without-diverter-in-polished-chrome-99060in?skuId=99060IN-CP
99060IN-CP,3D Model,3DS,https://techcomm.kohler.com/techcomm/cad/99060IN.3ds,https://www.kohler.co.in/p/july-bath-spout-without-diverter-in-polished-chrome-99060in?skuId=99060IN-CP
99060IN-CP,3D Model,RFA,https://techcomm.kohler.com/techcomm/cad/Faucet-Wall_Mount-Bath_Spout-KOHLER-July-K-99060IN.rfa,https://www.kohler.co.in/p/july-bath-spout-without-diverter-in-polished-chrome-99060in?skuId=99060IN-CP
99060IN-CP,CAD Drawing,DXF,https://techcomm.kohler.com/techcomm/cad/99060inpln.dxf,https://www.kohler.co.in/p/july-bath-spout-without-diverter-in-polished-chrome-99060in?skuId=99060IN-CP
99060IN-CP,CAD Drawing,DWG,https://techcomm.kohler.com/techcomm/cad/99060inpln.dwg,https://www.kohler.co.in/p/july-bath-spout-without-diverter-in-polished-chrome-99060in?skuId=99060IN-CP
99060IN-CP,CAD Drawing,DXF,https://techcomm.kohler.com/techcomm/cad/99060infrt.dxf,https://www.kohler.co.in/p/july-bath-spout-without-diverter-in-polished-chrome-99060in?skuId=99060IN-CP
99060IN-CP,CAD Drawing,DWG,https://techcomm.kohler.com/techcomm/cad/99060infrt.dwg,https://www.kohler.co.in/p/july-bath-spout-without-diverter-in-polished-chrome-99060in?skuId=99060IN-CP
99060IN-CP,CAD Drawing,DXF,https://techcomm.kohler.com/techcomm/cad/99060insde.dxf,https://www.kohler.co.in/p/july-bath-spout-without-diverter-in-polished-chrome-99060in?skuId=99060IN-CP
99060IN-CP,CAD Drawing,DWG,https://techcomm.kohler.com/techcomm/cad/99060insde.dwg,https://www.kohler.co.in/p/july-bath-spout-without-diverter-in-polished-chrome-99060in?skuId=99060IN-CP
99060IN-CP,CAD Drawing,DXF,https://techcomm.kohler.com/techcomm/cad/99060IN.dxf,https://www.kohler.co.in/p/july-bath-spout-without-diverter-in-polished-chrome-99060in?skuId=99060IN-CP
99060IN-CP,CAD Drawing,DWG,https://techcomm.kohler.com/techcomm/cad/99060IN.dwg,https://www.kohler.co.in/p/july-bath-spout-without-diverter-in-polished-chrome-99060in?skuId=99060IN-CP
99060IN-CP,Spec Sheet,PDF,https://techcomm.kohler.com/techcomm/pdf/K-99060IN_spec_IN_Kohler_en.pdf,https://www.kohler.co.in/p/july-bath-spout-without-diverter-in-polished-chrome-99060in?skuId=99060IN-CP
5684IN-4ND-CP,3D Model,OBJ,https://techcomm.kohler.com/techcomm/cad/5684IN-4ND.obj,https://www.kohler.co.in/p/aleo-wall-mount-lavatory-faucet-trim-in-polished-chrome-5684in-4nd?skuId=5684IN-4ND-CP
5684IN-4ND-CP,3D Model,SKP,https://techcomm.kohler.com/techcomm/cad/5684IN-4ND.skp,https://www.kohler.co.in/p/aleo-wall-mount-lavatory-faucet-trim-in-polished-chrome-5684in-4nd?skuId=5684IN-4ND-CP
5684IN-4ND-CP,3D Model,3DS,https://techcomm.kohler.com/techcomm/cad/5684IN-4ND.3ds,https://www.kohler.co.in/p/aleo-wall-mount-lavatory-faucet-trim-in-polished-chrome-5684in-4nd?skuId=5684IN-4ND-CP
5684IN-4ND-CP,3D Model,RFA,https://techcomm.kohler.com/techcomm/cad/Faucet-Wall_Mount-Lavatory-KOHLER-Aleo-K-5684IN.rfa,https://www.kohler.co.in/p/aleo-wall-mount-lavatory-faucet-trim-in-polished-chrome-5684in-4nd?skuId=5684IN-4ND-CP
5684IN-4ND-CP,CAD Drawing,DXF,https://techcomm.kohler.com/techcomm/cad/5684in_4ndpln.dxf,https://www.kohler.co.in/p/aleo-wall-mount-lavatory-faucet-trim-in-polished-chrome-5684in-4nd?skuId=5684IN-4ND-CP
5684IN-4ND-CP,CAD Drawing,DWG,https://techcomm.kohler.com/techcomm/cad/5684in_4ndpln.dwg,https://www.kohler.co.in/p/aleo-wall-mount-lavatory-faucet-trim-in-polished-chrome-5684in-4nd?skuId=5684IN-4ND-CP
5684IN-4ND-CP,CAD Drawing,DXF,https://techcomm.kohler.com/techcomm/cad/5684in_4ndfrt.dxf,https://www.kohler.co.in/p/aleo-wall-mount-lavatory-faucet-trim-in-polished-chrome-5684in-4nd?skuId=5684IN-4ND-CP
5684IN-4ND-CP,CAD Drawing,DWG,https://techcomm.kohler.com/techcomm/cad/5684in_4ndfrt.dwg,https://www.kohler.co.in/p/aleo-wall-mount-lavatory-faucet-trim-in-polished-chrome-5684in-4nd?skuId=5684IN-4ND-CP
5684IN-4ND-CP,CAD Drawing,DXF,https://techcomm.kohler.com/techcomm/cad/5684in_4ndsde.dxf,https://www.kohler.co.in/p/aleo-wall-mount-lavatory-faucet-trim-in-polished-chrome-5684in-4nd?skuId=5684IN-4ND-CP
5684IN-4ND-CP,CAD Drawing,DWG,https://techcomm.kohler.com/techcomm/cad/5684in_4ndsde.dwg,https://www.kohler.co.in/p/aleo-wall-mount-lavatory-faucet-trim-in-polished-chrome-5684in-4nd?skuId=5684IN-4ND-CP
5684IN-4ND-CP,CAD Drawing,DXF,https://techcomm.kohler.com/techcomm/cad/5684IN-4ND.dxf,https://www.kohler.co.in/p/aleo-wall-mount-lavatory-faucet-trim-in-polished-chrome-5684in-4nd?skuId=5684IN-4ND-CP
5684IN-4ND-CP,CAD Drawing,DWG,https://techcomm.kohler.com/techcomm/cad/5684IN-4ND.dwg,https://www.kohler.co.in/p/aleo-wall-mount-lavatory-faucet-trim-in-polished-chrome-5684in-4nd?skuId=5684IN-4ND-CP
5684IN-4ND-CP,Spec Sheet,PDF,https://techcomm.kohler.com/techcomm/pdf/K-5684IN-4ND_spec_IN_Kohler_en.pdf,https://www.kohler.co.in/p/aleo-wall-mount-lavatory-faucet-trim-in-polished-chrome-5684in-4nd?skuId=5684IN-4ND-CP
5684IN-4ND-CP,Parts,PDF,https://techcomm.kohler.com/techcomm/pdf/1672256-IN8.pdf,https://www.kohler.co.in/p/aleo-wall-mount-lavatory-faucet-trim-in-polished-chrome-5684in-4nd?skuId=5684IN-4ND-CP
27477IN-4ND-CP,3D Model,OBJ,https://techcomm.kohler.com/techcomm/cad/27477IN-4ND.obj,https://www.kohler.co.in/p/fore-tri-single-control-lav-faucet-without-drain-27477in-4nd?skuId=27477IN-4ND-CP
27477IN-4ND-CP,3D Model,SKP,https://techcomm.kohler.com/techcomm/cad/27477IN-4ND.skp,https://www.kohler.co.in/p/fore-tri-single-control-lav-faucet-without-drain-27477in-4nd?skuId=27477IN-4ND-CP
27477IN-4ND-CP,3D Model,3DS,https://techcomm.kohler.com/techcomm/cad/27477IN-4ND.3ds,https://www.kohler.co.in/p/fore-tri-single-control-lav-faucet-without-drain-27477in-4nd?skuId=27477IN-4ND-CP
27477IN-4ND-CP,3D Model,RFA,https://techcomm.kohler.com/techcomm/cad/Faucet-Lavatory-KOHLER-Fore-K-27477IN.rfa,https://www.kohler.co.in/p/fore-tri-single-control-lav-faucet-without-drain-27477in-4nd?skuId=27477IN-4ND-CP
27477IN-4ND-CP,CAD Drawing,DXF,https://techcomm.kohler.com/techcomm/cad/27477in_4ndpln.dxf,https://www.kohler.co.in/p/fore-tri-single-control-lav-faucet-without-drain-27477in-4nd?skuId=27477IN-4ND-CP
27477IN-4ND-CP,CAD Drawing,DWG,https://techcomm.kohler.com/techcomm/cad/27477in_4ndpln.dwg,https://www.kohler.co.in/p/fore-tri-single-control-lav-faucet-without-drain-27477in-4nd?skuId=27477IN-4ND-CP
27477IN-4ND-CP,CAD Drawing,DXF,https://techcomm.kohler.com/techcomm/cad/27477in_4ndfrt.dxf,https://www.kohler.co.in/p/fore-tri-single-control-lav-faucet-without-drain-27477in-4nd?skuId=27477IN-4ND-CP
27477IN-4ND-CP,CAD Drawing,DWG,https://techcomm.kohler.com/techcomm/cad/27477in_4ndfrt.dwg,https://www.kohler.co.in/p/fore-tri-single-control-lav-faucet-without-drain-27477in-4nd?skuId=27477IN-4ND-CP
27477IN-4ND-CP,CAD Drawing,DXF,https://techcomm.kohler.com/techcomm/cad/27477in_4ndsde.dxf,https://www.kohler.co.in/p/fore-tri-single-control-lav-faucet-without-drain-27477in-4nd?skuId=27477IN-4ND-CP
27477IN-4ND-CP,CAD Drawing,DWG,https://techcomm.kohler.com/techcomm/cad/27477in_4ndsde.dwg,https://www.kohler.co.in/p/fore-tri-single-control-lav-faucet-without-drain-27477in-4nd?skuId=27477IN-4ND-CP
27477IN-4ND-CP,CAD Drawing,DXF,https://techcomm.kohler.com/techcomm/cad/27477IN-4ND.dxf,https://www.kohler.co.in/p/fore-tri-single-control-lav-faucet-without-drain-27477in-4nd?skuId=27477IN-4ND-CP
27477IN-4ND-CP,CAD Drawing,DWG,https://techcomm.kohler.com/techcomm/cad/27477IN-4ND.dwg,https://www.kohler.co.in/p/fore-tri-single-control-lav-faucet-without-drain-27477in-4nd?skuId=27477IN-4ND-CP
27477IN-4ND-CP,Spec Sheet,PDF,https://techcomm.kohler.com/techcomm/pdf/K-27477IN-4ND_spec_IN_Kohler_en.pdf,https://www.kohler.co.in/p/fore-tri-single-control-lav-faucet-without-drain-27477in-4nd?skuId=27477IN-4ND-CP
27477IN-4ND-CP,Installation,PDF,https://techcomm.kohler.com/techcomm/pdf/1460609-IN2.pdf,https://www.kohler.co.in/p/fore-tri-single-control-lav-faucet-without-drain-27477in-4nd?skuId=27477IN-4ND-CP
27477IN-4ND-CP,Parts,PDF,https://techcomm.kohler.com/techcomm/pdf/1112833-8_p01.pdf,https://www.kohler.co.in/p/fore-tri-single-control-lav-faucet-without-drain-27477in-4nd?skuId=27477IN-4ND-CP
77963-8A-BL,3D Model,OBJ,https://techcomm.kohler.com/techcomm/cad/77963-8A.obj,https://www.kohler.co.in/p/components-bathroom-sink-rocker-handle-77963-8a?skuId=77963-8A-BL
77963-8A-BL,3D Model,SKP,https://techcomm.kohler.com/techcomm/cad/77963-8A.skp,https://www.kohler.co.in/p/components-bathroom-sink-rocker-handle-77963-8a?skuId=77963-8A-BL
77963-8A-BL,3D Model,3DS,https://techcomm.kohler.com/techcomm/cad/77963-8A.3ds,https://www.kohler.co.in/p/components-bathroom-sink-rocker-handle-77963-8a?skuId=77963-8A-BL
77963-8A-BL,3D Model,RFA,https://techcomm.kohler.com/techcomm/cad/Faucet-Handle-KOHLER-Components-K-77963.rfa,https://www.kohler.co.in/p/components-bathroom-sink-rocker-handle-77963-8a?skuId=77963-8A-BL
77963-8A-BL,3D Model,RFA,https://techcomm.kohler.com/techcomm/cad/Faucet-Handle-KOHLER-Components-K-77963.zip,https://www.kohler.co.in/p/components-bathroom-sink-rocker-handle-77963-8a?skuId=77963-8A-BL
77963-8A-BL,CAD Drawing,DXF,https://techcomm.kohler.com/techcomm/cad/77963_8apln.dxf,https://www.kohler.co.in/p/components-bathroom-sink-rocker-handle-77963-8a?skuId=77963-8A-BL
77963-8A-BL,CAD Drawing,DWG,https://techcomm.kohler.com/techcomm/cad/77963_8apln.dwg,https://www.kohler.co.in/p/components-bathroom-sink-rocker-handle-77963-8a?skuId=77963-8A-BL
77963-8A-BL,CAD Drawing,DXF,https://techcomm.kohler.com/techcomm/cad/77963_8afrt.dxf,https://www.kohler.co.in/p/components-bathroom-sink-rocker-handle-77963-8a?skuId=77963-8A-BL
77963-8A-BL,CAD Drawing,DWG,https://techcomm.kohler.com/techcomm/cad/77963_8afrt.dwg,https://www.kohler.co.in/p/components-bathroom-sink-rocker-handle-77963-8a?skuId=77963-8A-BL
77963-8A-BL,CAD Drawing,DXF,https://techcomm.kohler.com/techcomm/cad/77963_8asde.dxf,https://www.kohler.co.in/p/components-bathroom-sink-rocker-handle-77963-8a?skuId=77963-8A-BL
77963-8A-BL,CAD Drawing,DWG,https://techcomm.kohler.com/techcomm/cad/77963_8asde.dwg,https://www.kohler.co.in/p/components-bathroom-sink-rocker-handle-77963-8a?skuId=77963-8A-BL
77963-8A-BL,CAD Drawing,DXF,https://techcomm.kohler.com/techcomm/cad/77963-8A.dxf,https://www.kohler.co.in/p/components-bathroom-sink-rocker-handle-77963-8a?skuId=77963-8A-BL
77963-8A-BL,CAD Drawing,DWG,https://techcomm.kohler.com/techcomm/cad/77963-8A.dwg,https://www.kohler.co.in/p/components-bathroom-sink-rocker-handle-77963-8a?skuId=77963-8A-BL
77963-8A-BL,Spec Sheet,PDF,https://techcomm.kohler.com/techcomm/pdf/K-77963-8A_spec_US-CA_Kohler_en.pdf,https://www.kohler.co.in/p/components-bathroom-sink-rocker-handle-77963-8a?skuId=77963-8A-BL
77963-8A-BL,Spec Sheet,PDF,https://techcomm.kohler.com/techcomm/pdf/K-77963-8A_spec_IN_Kohler_en.pdf,https://www.kohler.co.in/p/components-bathroom-sink-rocker-handle-77963-8a?skuId=77963-8A-BL
77963-8A-BL,Spec Sheet,PDF,https://techcomm.kohler.com/techcomm/pdf/K-77963-8A_spec_US-CA_Kohler_fr-ca.pdf,https://www.kohler.co.in/p/components-bathroom-sink-rocker-handle-77963-8a?skuId=77963-8A-BL
77963-8A-BL,Spec Sheet,PDF,https://techcomm.kohler.com/techcomm/pdf/K-77963-8A_spec_LM_Kohler_en.pdf,https://www.kohler.co.in/p/components-bathroom-sink-rocker-handle-77963-8a?skuId=77963-8A-BL
77963-8A-BL,Installation,PDF,https://techcomm.kohler.com/techcomm/pdf/1394850-2.pdf,https://www.kohler.co.in/p/components-bathroom-sink-rocker-handle-77963-8a?skuId=77963-8A-BL
73159IN-7-CP,3D Model,OBJ,https://techcomm.kohler.com/techcomm/cad/73159IN-7.obj,https://www.kohler.co.in/p/composed-single-control-side-mount-tall-lavatory-faucet-with-drain-73159in-7?skuId=73159IN-7-CP
73159IN-7-CP,3D Model,SKP,https://techcomm.kohler.com/techcomm/cad/73159IN-7.skp,https://www.kohler.co.in/p/composed-single-control-side-mount-tall-lavatory-faucet-with-drain-73159in-7?skuId=73159IN-7-CP
73159IN-7-CP,3D Model,3DS,https://techcomm.kohler.com/techcomm/cad/73159IN-7.3ds,https://www.kohler.co.in/p/composed-single-control-side-mount-tall-lavatory-faucet-with-drain-73159in-7?skuId=73159IN-7-CP
73159IN-7-CP,3D Model,RFA,https://techcomm.kohler.com/techcomm/cad/Faucet-Lavatory-KOHLER-Composed-K-73159IN.rfa,https://www.kohler.co.in/p/composed-single-control-side-mount-tall-lavatory-faucet-with-drain-73159in-7?skuId=73159IN-7-CP
73159IN-7-CP,CAD Drawing,DXF,https://techcomm.kohler.com/techcomm/cad/73159in_7pln.dxf,https://www.kohler.co.in/p/composed-single-control-side-mount-tall-lavatory-faucet-with-drain-73159in-7?skuId=73159IN-7-CP
73159IN-7-CP,CAD Drawing,DWG,https://techcomm.kohler.com/techcomm/cad/73159in_7pln.dwg,https://www.kohler.co.in/p/composed-single-control-side-mount-tall-lavatory-faucet-with-drain-73159in-7?skuId=73159IN-7-CP
73159IN-7-CP,CAD Drawing,DXF,https://techcomm.kohler.com/techcomm/cad/73159in_7frt.dxf,https://www.kohler.co.in/p/composed-single-control-side-mount-tall-lavatory-faucet-with-drain-73159in-7?skuId=73159IN-7-CP
73159IN-7-CP,CAD Drawing,DWG,https://techcomm.kohler.com/techcomm/cad/73159in_7frt.dwg,https://www.kohler.co.in/p/composed-single-control-side-mount-tall-lavatory-faucet-with-drain-73159in-7?skuId=73159IN-7-CP
73159IN-7-CP,CAD Drawing,DXF,https://techcomm.kohler.com/techcomm/cad/73159in_7sde.dxf,https://www.kohler.co.in/p/composed-single-control-side-mount-tall-lavatory-faucet-with-drain-73159in-7?skuId=73159IN-7-CP
73159IN-7-CP,CAD Drawing,DWG,https://techcomm.kohler.com/techcomm/cad/73159in_7sde.dwg,https://www.kohler.co.in/p/composed-single-control-side-mount-tall-lavatory-faucet-with-drain-73159in-7?skuId=73159IN-7-CP
73159IN-7-CP,CAD Drawing,DXF,https://techcomm.kohler.com/techcomm/cad/73159IN-7.dxf,https://www.kohler.co.in/p/composed-single-control-side-mount-tall-lavatory-faucet-with-drain-73159in-7?skuId=73159IN-7-CP
73159IN-7-CP,CAD Drawing,DWG,https://techcomm.kohler.com/techcomm/cad/73159IN-7.dwg,https://www.kohler.co.in/p/composed-single-control-side-mount-tall-lavatory-faucet-with-drain-73159in-7?skuId=73159IN-7-CP
73159IN-7-CP,Spec Sheet,PDF,https://techcomm.kohler.com/techcomm/pdf/K-73159IN-7_spec_IN_Kohler_en.pdf,https://www.kohler.co.in/p/composed-single-control-side-mount-tall-lavatory-faucet-with-drain-73159in-7?skuId=73159IN-7-CP
97347IN-4-CP,3D Model,OBJ,https://techcomm.kohler.com/techcomm/cad/97347IN-4.obj,https://www.kohler.co.in/p/avid-single-control-tall-lavatory-faucet-with-drain-in-polished-chrome-97347in-4?skuId=97347IN-4-CP
97347IN-4-CP,3D Model,SKP,https://techcomm.kohler.com/techcomm/cad/97347IN-4.skp,https://www.kohler.co.in/p/avid-single-control-tall-lavatory-faucet-with-drain-in-polished-chrome-97347in-4?skuId=97347IN-4-CP
97347IN-4-CP,3D Model,3DS,https://techcomm.kohler.com/techcomm/cad/97347IN-4.3ds,https://www.kohler.co.in/p/avid-single-control-tall-lavatory-faucet-with-drain-in-polished-chrome-97347in-4?skuId=97347IN-4-CP
97347IN-4-CP,3D Model,RFA,https://techcomm.kohler.com/techcomm/cad/Faucet-Lavatory-KOHLER-Avid-K-97347IN.rfa,https://www.kohler.co.in/p/avid-single-control-tall-lavatory-faucet-with-drain-in-polished-chrome-97347in-4?skuId=97347IN-4-CP
97347IN-4-CP,CAD Drawing,DXF,https://techcomm.kohler.com/techcomm/cad/97347in_4pln.dxf,https://www.kohler.co.in/p/avid-single-control-tall-lavatory-faucet-with-drain-in-polished-chrome-97347in-4?skuId=97347IN-4-CP
97347IN-4-CP,CAD Drawing,DWG,https://techcomm.kohler.com/techcomm/cad/97347in_4pln.dwg,https://www.kohler.co.in/p/avid-single-control-tall-lavatory-faucet-with-drain-in-polished-chrome-97347in-4?skuId=97347IN-4-CP
97347IN-4-CP,CAD Drawing,DXF,https://techcomm.kohler.com/techcomm/cad/97347in_4frt.dxf,https://www.kohler.co.in/p/avid-single-control-tall-lavatory-faucet-with-drain-in-polished-chrome-97347in-4?skuId=97347IN-4-CP
97347IN-4-CP,CAD Drawing,DWG,https://techcomm.kohler.com/techcomm/cad/97347in_4frt.dwg,https://www.kohler.co.in/p/avid-single-control-tall-lavatory-faucet-with-drain-in-polished-chrome-97347in-4?skuId=97347IN-4-CP
97347IN-4-CP,CAD Drawing,DXF,https://techcomm.kohler.com/techcomm/cad/97347in_4sde.dxf,https://www.kohler.co.in/p/avid-single-control-tall-lavatory-faucet-with-drain-in-polished-chrome-97347in-4?skuId=97347IN-4-CP
97347IN-4-CP,CAD Drawing,DWG,https://techcomm.kohler.com/techcomm/cad/97347in_4sde.dwg,https://www.kohler.co.in/p/avid-single-control-tall-lavatory-faucet-with-drain-in-polished-chrome-97347in-4?skuId=97347IN-4-CP
97347IN-4-CP,CAD Drawing,DXF,https://techcomm.kohler.com/techcomm/cad/97347IN-4.dxf,https://www.kohler.co.in/p/avid-single-control-tall-lavatory-faucet-with-drain-in-polished-chrome-97347in-4?skuId=97347IN-4-CP
97347IN-4-CP,CAD Drawing,DWG,https://techcomm.kohler.com/techcomm/cad/97347IN-4.dwg,https://www.kohler.co.in/p/avid-single-control-tall-lavatory-faucet-with-drain-in-polished-chrome-97347in-4?skuId=97347IN-4-CP
97358IN-4ND-CP,3D Model,OBJ,https://techcomm.kohler.com/techcomm/cad/97358IN-4ND.obj,https://www.kohler.co.in/p/avid-single-control-wall-mount-lavatory-faucet-without-drain-97358in-4nd?skuId=97358IN-4ND-CP
97358IN-4ND-CP,3D Model,SKP,https://techcomm.kohler.com/techcomm/cad/97358IN-4ND.skp,https://www.kohler.co.in/p/avid-single-control-wall-mount-lavatory-faucet-without-drain-97358in-4nd?skuId=97358IN-4ND-CP
97358IN-4ND-CP,3D Model,3DS,https://techcomm.kohler.com/techcomm/cad/97358IN-4ND.3ds,https://www.kohler.co.in/p/avid-single-control-wall-mount-lavatory-faucet-without-drain-97358in-4nd?skuId=97358IN-4ND-CP
97358IN-4ND-CP,3D Model,RFA,https://techcomm.kohler.com/techcomm/cad/Faucet-Wall_Mount-Lavatory-KOHLER-Avid-K-97358IN.rfa,https://www.kohler.co.in/p/avid-single-control-wall-mount-lavatory-faucet-without-drain-97358in-4nd?skuId=97358IN-4ND-CP
97358IN-4ND-CP,CAD Drawing,DXF,https://techcomm.kohler.com/techcomm/cad/97358in_4ndpln.dxf,https://www.kohler.co.in/p/avid-single-control-wall-mount-lavatory-faucet-without-drain-97358in-4nd?skuId=97358IN-4ND-CP
97358IN-4ND-CP,CAD Drawing,DWG,https://techcomm.kohler.com/techcomm/cad/97358in_4ndpln.dwg,https://www.kohler.co.in/p/avid-single-control-wall-mount-lavatory-faucet-without-drain-97358in-4nd?skuId=97358IN-4ND-CP
97358IN-4ND-CP,CAD Drawing,DXF,https://techcomm.kohler.com/techcomm/cad/97358in_4ndfrt.dxf,https://www.kohler.co.in/p/avid-single-control-wall-mount-lavatory-faucet-without-drain-97358in-4nd?skuId=97358IN-4ND-CP
97358IN-4ND-CP,CAD Drawing,DWG,https://techcomm.kohler.com/techcomm/cad/97358in_4ndfrt.dwg,https://www.kohler.co.in/p/avid-single-control-wall-mount-lavatory-faucet-without-drain-97358in-4nd?skuId=97358IN-4ND-CP
97358IN-4ND-CP,CAD Drawing,DXF,https://techcomm.kohler.com/techcomm/cad/97358in_4ndsde.dxf,https://www.kohler.co.in/p/avid-single-control-wall-mount-lavatory-faucet-without-drain-97358in-4nd?skuId=97358IN-4ND-CP
97358IN-4ND-CP,CAD Drawing,DWG,https://techcomm.kohler.com/techcomm/cad/97358in_4ndsde.dwg,https://www.kohler.co.in/p/avid-single-control-wall-mount-lavatory-faucet-without-drain-97358in-4nd?skuId=97358IN-4ND-CP
97358IN-4ND-CP,CAD Drawing,DXF,https://techcomm.kohler.com/techcomm/cad/97358IN-4ND.dxf,https://www.kohler.co.in/p/avid-single-control-wall-mount-lavatory-faucet-without-drain-97358in-4nd?skuId=97358IN-4ND-CP
97358IN-4ND-CP,CAD Drawing,DWG,https://techcomm.kohler.com/techcomm/cad/97358IN-4ND.dwg,https://www.kohler.co.in/p/avid-single-control-wall-mount-lavatory-faucet-without-drain-97358in-4nd?skuId=97358IN-4ND-CP
22534IN-4-CP,3D Model,OBJ,https://techcomm.kohler.com/techcomm/cad/22534IN-4.obj,https://www.kohler.co.in/p/hone-single-control-lav-faucet-with-drain-22534in-4?skuId=22534IN-4-CP
22534IN-4-CP,3D Model,SKP,https://techcomm.kohler.com/techcomm/cad/22534IN-4.skp,https://www.kohler.co.in/p/hone-single-control-lav-faucet-with-drain-22534in-4?skuId=22534IN-4-CP
22534IN-4-CP,3D Model,3DS,https://techcomm.kohler.com/techcomm/cad/22534IN-4.3ds,https://www.kohler.co.in/p/hone-single-control-lav-faucet-with-drain-22534in-4?skuId=22534IN-4-CP
22534IN-4-CP,3D Model,RFA,https://techcomm.kohler.com/techcomm/cad/Faucet-Lavatory-KOHLER-Hone-K-22534IN.rfa,https://www.kohler.co.in/p/hone-single-control-lav-faucet-with-drain-22534in-4?skuId=22534IN-4-CP
22534IN-4-CP,CAD Drawing,DXF,https://techcomm.kohler.com/techcomm/cad/22534in_4pln.dxf,https://www.kohler.co.in/p/hone-single-control-lav-faucet-with-drain-22534in-4?skuId=22534IN-4-CP
22534IN-4-CP,CAD Drawing,DWG,https://techcomm.kohler.com/techcomm/cad/22534in_4pln.dwg,https://www.kohler.co.in/p/hone-single-control-lav-faucet-with-drain-22534in-4?skuId=22534IN-4-CP
22534IN-4-CP,CAD Drawing,DXF,https://techcomm.kohler.com/techcomm/cad/22534in_4frt.dxf,https://www.kohler.co.in/p/hone-single-control-lav-faucet-with-drain-22534in-4?skuId=22534IN-4-CP
22534IN-4-CP,CAD Drawing,DWG,https://techcomm.kohler.com/techcomm/cad/22534in_4frt.dwg,https://www.kohler.co.in/p/hone-single-control-lav-faucet-with-drain-22534in-4?skuId=22534IN-4-CP
22534IN-4-CP,CAD Drawing,DXF,https://techcomm.kohler.com/techcomm/cad/22534in_4sde.dxf,https://www.kohler.co.in/p/hone-single-control-lav-faucet-with-drain-22534in-4?skuId=22534IN-4-CP
22534IN-4-CP,CAD Drawing,DWG,https://techcomm.kohler.com/techcomm/cad/22534in_4sde.dwg,https://www.kohler.co.in/p/hone-single-control-lav-faucet-with-drain-22534in-4?skuId=22534IN-4-CP
22534IN-4-CP,CAD Drawing,DXF,https://techcomm.kohler.com/techcomm/cad/22534IN-4.dxf,https://www.kohler.co.in/p/hone-single-control-lav-faucet-with-drain-22534in-4?skuId=22534IN-4-CP
22534IN-4-CP,CAD Drawing,DWG,https://techcomm.kohler.com/techcomm/cad/22534IN-4.dwg,https://www.kohler.co.in/p/hone-single-control-lav-faucet-with-drain-22534in-4?skuId=22534IN-4-CP
97347T-4-RGD,3D Model,OBJ,https://techcomm.kohler.com/techcomm/cad/97347T-4.obj,https://www.kohler.co.in/p/avid-tall-single-handle-bathroom-sink-faucet-97347t-4?skuId=97347T-4-RGD
97347T-4-RGD,3D Model,SKP,https://techcomm.kohler.com/techcomm/cad/97347T-4.skp,https://www.kohler.co.in/p/avid-tall-single-handle-bathroom-sink-faucet-97347t-4?skuId=97347T-4-RGD
97347T-4-RGD,3D Model,3DS,https://techcomm.kohler.com/techcomm/cad/97347T-4.3ds,https://www.kohler.co.in/p/avid-tall-single-handle-bathroom-sink-faucet-97347t-4?skuId=97347T-4-RGD
97347T-4-RGD,3D Model,RFA,https://techcomm.kohler.com/techcomm/cad/Faucet-Lavatory-KOHLER-AVID-K-97347T.rfa,https://www.kohler.co.in/p/avid-tall-single-handle-bathroom-sink-faucet-97347t-4?skuId=97347T-4-RGD
97347T-4-RGD,CAD Drawing,DXF,https://techcomm.kohler.com/techcomm/cad/97347t_4pln.dxf,https://www.kohler.co.in/p/avid-tall-single-handle-bathroom-sink-faucet-97347t-4?skuId=97347T-4-RGD
97347T-4-RGD,CAD Drawing,DWG,https://techcomm.kohler.com/techcomm/cad/97347t_4pln.dwg,https://www.kohler.co.in/p/avid-tall-single-handle-bathroom-sink-faucet-97347t-4?skuId=97347T-4-RGD
97347T-4-RGD,CAD Drawing,DXF,https://techcomm.kohler.com/techcomm/cad/97347t_4frt.dxf,https://www.kohler.co.in/p/avid-tall-single-handle-bathroom-sink-faucet-97347t-4?skuId=97347T-4-RGD
97347T-4-RGD,CAD Drawing,DWG,https://techcomm.kohler.com/techcomm/cad/97347t_4frt.dwg,https://www.kohler.co.in/p/avid-tall-single-handle-bathroom-sink-faucet-97347t-4?skuId=97347T-4-RGD
97347T-4-RGD,CAD Drawing,DXF,https://techcomm.kohler.com/techcomm/cad/97347t_4sde.dxf,https://www.kohler.co.in/p/avid-tall-single-handle-bathroom-sink-faucet-97347t-4?skuId=97347T-4-RGD
97347T-4-RGD,CAD Drawing,DWG,https://techcomm.kohler.com/techcomm/cad/97347t_4sde.dwg,https://www.kohler.co.in/p/avid-tall-single-handle-bathroom-sink-faucet-97347t-4?skuId=97347T-4-RGD
97347T-4-RGD,CAD Drawing,DXF,https://techcomm.kohler.com/techcomm/cad/97347T-4.dxf,https://www.kohler.co.in/p/avid-tall-single-handle-bathroom-sink-faucet-97347t-4?skuId=97347T-4-RGD
97347T-4-RGD,CAD Drawing,DWG,https://techcomm.kohler.com/techcomm/cad/97347T-4.dwg,https://www.kohler.co.in/p/avid-tall-single-handle-bathroom-sink-faucet-97347t-4?skuId=97347T-4-RGD
97347T-4-RGD,Spec Sheet,PDF,https://techcomm.kohler.com/techcomm/pdf/K-97347T-4_spec_GPS_Kohler_en.pdf,https://www.kohler.co.in/p/avid-tall-single-handle-bathroom-sink-faucet-97347t-4?skuId=97347T-4-RGD
97347T-4-RGD,Spec Sheet,PDF,https://techcomm.kohler.com/techcomm/pdf/K-97347T-4_spec_IN_Kohler_en.pdf,https://www.kohler.co.in/p/avid-tall-single-handle-bathroom-sink-faucet-97347t-4?skuId=97347T-4-RGD
73061T-7-BV,3D Model,OBJ,https://techcomm.kohler.com/techcomm/cad/73061T-7.obj,https://www.kohler.co.in/p/composed-wall-mount-lavatory-faucet-73061t-7?skuId=73061T-7-BV
73061T-7-BV,3D Model,SKP,https://techcomm.kohler.com/techcomm/cad/73061T-7.skp,https://www.kohler.co.in/p/composed-wall-mount-lavatory-faucet-73061t-7?skuId=73061T-7-BV
73061T-7-BV,3D Model,3DS,https://techcomm.kohler.com/techcomm/cad/73061T-7.3ds,https://www.kohler.co.in/p/composed-wall-mount-lavatory-faucet-73061t-7?skuId=73061T-7-BV
73061T-7-BV,3D Model,RFA,https://techcomm.kohler.com/techcomm/cad/Faucet-Wall_Mount-Lavatory-KOHLER-COMPOSED-K-73061T.zip,https://www.kohler.co.in/p/composed-wall-mount-lavatory-faucet-73061t-7?skuId=73061T-7-BV
73061T-7-BV,CAD Drawing,DXF,https://techcomm.kohler.com/techcomm/cad/73061t_7pln.dxf,https://www.kohler.co.in/p/composed-wall-mount-lavatory-faucet-73061t-7?skuId=73061T-7-BV
73061T-7-BV,CAD Drawing,DWG,https://techcomm.kohler.com/techcomm/cad/73061t_7pln.dwg,https://www.kohler.co.in/p/composed-wall-mount-lavatory-faucet-73061t-7?skuId=73061T-7-BV
73061T-7-BV,CAD Drawing,DXF,https://techcomm.kohler.com/techcomm/cad/73061t_7frt.dxf,https://www.kohler.co.in/p/composed-wall-mount-lavatory-faucet-73061t-7?skuId=73061T-7-BV
73061T-7-BV,CAD Drawing,DWG,https://techcomm.kohler.com/techcomm/cad/73061t_7frt.dwg,https://www.kohler.co.in/p/composed-wall-mount-lavatory-faucet-73061t-7?skuId=73061T-7-BV
73061T-7-BV,CAD Drawing,DXF,https://techcomm.kohler.com/techcomm/cad/73061t_7sde.dxf,https://www.kohler.co.in/p/composed-wall-mount-lavatory-faucet-73061t-7?skuId=73061T-7-BV
73061T-7-BV,CAD Drawing,DWG,https://techcomm.kohler.com/techcomm/cad/73061t_7sde.dwg,https://www.kohler.co.in/p/composed-wall-mount-lavatory-faucet-73061t-7?skuId=73061T-7-BV
73061T-7-BV,CAD Drawing,DXF,https://techcomm.kohler.com/techcomm/cad/73061T-7.dxf,https://www.kohler.co.in/p/composed-wall-mount-lavatory-faucet-73061t-7?skuId=73061T-7-BV
73061T-7-BV,CAD Drawing,DWG,https://techcomm.kohler.com/techcomm/cad/73061T-7.dwg,https://www.kohler.co.in/p/composed-wall-mount-lavatory-faucet-73061t-7?skuId=73061T-7-BV
73061T-7-BV,Spec Sheet,PDF,https://techcomm.kohler.com/techcomm/pdf/K-73061T-7_spec_TH_Kohler_en.pdf,https://www.kohler.co.in/p/composed-wall-mount-lavatory-faucet-73061t-7?skuId=73061T-7-BV
73061T-7-BV,Spec Sheet,PDF,https://techcomm.kohler.com/techcomm/pdf/K-73061T-7_spec_IN_Kohler_en.pdf,https://www.kohler.co.in/p/composed-wall-mount-lavatory-faucet-73061t-7?skuId=73061T-7-BV
73061T-7-BV,Installation,PDF,https://techcomm.kohler.com/techcomm/pdf/1247070-2A_A1.pdf,https://www.kohler.co.in/p/composed-wall-mount-lavatory-faucet-73061t-7?skuId=73061T-7-BV
74028IN-4-CP,3D Model,OBJ,https://techcomm.kohler.com/techcomm/cad/74028IN-4.obj,https://www.kohler.co.in/p/taut-pilar-tap-74028in-4?skuId=74028IN-4-CP
74028IN-4-CP,3D Model,SKP,https://techcomm.kohler.com/techcomm/cad/74028IN-4.skp,https://www.kohler.co.in/p/taut-pilar-tap-74028in-4?skuId=74028IN-4-CP
74028IN-4-CP,3D Model,3DS,https://techcomm.kohler.com/techcomm/cad/74028IN-4.3ds,https://www.kohler.co.in/p/taut-pilar-tap-74028in-4?skuId=74028IN-4-CP
74028IN-4-CP,3D Model,RFA,https://techcomm.kohler.com/techcomm/cad/Faucet-Lavatory-KOHLER-TAUT-K-74028IN.rfa,https://www.kohler.co.in/p/taut-pilar-tap-74028in-4?skuId=74028IN-4-CP
74028IN-4-CP,CAD Drawing,DXF,https://techcomm.kohler.com/techcomm/cad/74028in_4pln.dxf,https://www.kohler.co.in/p/taut-pilar-tap-74028in-4?skuId=74028IN-4-CP
74028IN-4-CP,CAD Drawing,DWG,https://techcomm.kohler.com/techcomm/cad/74028in_4pln.dwg,https://www.kohler.co.in/p/taut-pilar-tap-74028in-4?skuId=74028IN-4-CP
74028IN-4-CP,CAD Drawing,DXF,https://techcomm.kohler.com/techcomm/cad/74028in_4frt.dxf,https://www.kohler.co.in/p/taut-pilar-tap-74028in-4?skuId=74028IN-4-CP
74028IN-4-CP,CAD Drawing,DWG,https://techcomm.kohler.com/techcomm/cad/74028in_4frt.dwg,https://www.kohler.co.in/p/taut-pilar-tap-74028in-4?skuId=74028IN-4-CP
74028IN-4-CP,CAD Drawing,DXF,https://techcomm.kohler.com/techcomm/cad/74028in_4sde.dxf,https://www.kohler.co.in/p/taut-pilar-tap-74028in-4?skuId=74028IN-4-CP
74028IN-4-CP,CAD Drawing,DWG,https://techcomm.kohler.com/techcomm/cad/74028in_4sde.dwg,https://www.kohler.co.in/p/taut-pilar-tap-74028in-4?skuId=74028IN-4-CP
74028IN-4-CP,CAD Drawing,DXF,https://techcomm.kohler.com/techcomm/cad/74028IN-4.dxf,https://www.kohler.co.in/p/taut-pilar-tap-74028in-4?skuId=74028IN-4-CP
74028IN-4-CP,CAD Drawing,DWG,https://techcomm.kohler.com/techcomm/cad/74028IN-4.dwg,https://www.kohler.co.in/p/taut-pilar-tap-74028in-4?skuId=74028IN-4-CP
18343T-0,3D Model,OBJ,https://techcomm.kohler.com/techcomm/cad/18343T.obj,https://www.kohler.co.in/p/evok-1-6m-rectangular-freestanding-acrylic-bath-18343t?skuId=18343T-0
18343T-0,3D Model,SKP,https://techcomm.kohler.com/techcomm/cad/18343T.skp,https://www.kohler.co.in/p/evok-1-6m-rectangular-freestanding-acrylic-bath-18343t?skuId=18343T-0
18343T-0,3D Model,3DS,https://techcomm.kohler.com/techcomm/cad/18343T.3ds,https://www.kohler.co.in/p/evok-1-6m-rectangular-freestanding-acrylic-bath-18343t?skuId=18343T-0
18343T-0,3D Model,RFA,https://techcomm.kohler.com/techcomm/cad/Bath-Freestanding-KOHLER-EVOK-K-18343T.rfa,https://www.kohler.co.in/p/evok-1-6m-rectangular-freestanding-acrylic-bath-18343t?skuId=18343T-0
18343T-0,CAD Drawing,DXF,https://techcomm.kohler.com/techcomm/cad/18343tpln.dxf,https://www.kohler.co.in/p/evok-1-6m-rectangular-freestanding-acrylic-bath-18343t?skuId=18343T-0
18343T-0,CAD Drawing,DWG,https://techcomm.kohler.com/techcomm/cad/18343tpln.dwg,https://www.kohler.co.in/p/evok-1-6m-rectangular-freestanding-acrylic-bath-18343t?skuId=18343T-0
18343T-0,CAD Drawing,DXF,https://techcomm.kohler.com/techcomm/cad/18343tfrt.dxf,https://www.kohler.co.in/p/evok-1-6m-rectangular-freestanding-acrylic-bath-18343t?skuId=18343T-0
18343T-0,CAD Drawing,DWG,https://techcomm.kohler.com/techcomm/cad/18343tfrt.dwg,https://www.kohler.co.in/p/evok-1-6m-rectangular-freestanding-acrylic-bath-18343t?skuId=18343T-0
18343T-0,CAD Drawing,DXF,https://techcomm.kohler.com/techcomm/cad/18343tsde.dxf,https://www.kohler.co.in/p/evok-1-6m-rectangular-freestanding-acrylic-bath-18343t?skuId=18343T-0
18343T-0,CAD Drawing,DWG,https://techcomm.kohler.com/techcomm/cad/18343tsde.dwg,https://www.kohler.co.in/p/evok-1-6m-rectangular-freestanding-acrylic-bath-18343t?skuId=18343T-0
18343T-0,CAD Drawing,DXF,https://techcomm.kohler.com/techcomm/cad/18343T.dxf,https://www.kohler.co.in/p/evok-1-6m-rectangular-freestanding-acrylic-bath-18343t?skuId=18343T-0
18343T-0,CAD Drawing,DWG,https://techcomm.kohler.com/techcomm/cad/18343T.dwg,https://www.kohler.co.in/p/evok-1-6m-rectangular-freestanding-acrylic-bath-18343t?skuId=18343T-0
18343T-0,Spec Sheet,PDF,https://files.kohler.com.cn/pdfs/18343T_r.pdf,https://www.kohler.co.in/p/evok-1-6m-rectangular-freestanding-acrylic-bath-18343t?skuId=18343T-0
18343T-0,Spec Sheet,PDF,https://techcomm.kohler.com/techcomm/pdf/K-18343T_spec_CN_Kohler_en.pdf,https://www.kohler.co.in/p/evok-1-6m-rectangular-freestanding-acrylic-bath-18343t?skuId=18343T-0
18343T-0,Spec Sheet,PDF,https://techcomm.kohler.com/techcomm/pdf/K-18343T_spec_IN_Kohler_en.pdf,https://www.kohler.co.in/p/evok-1-6m-rectangular-freestanding-acrylic-bath-18343t?skuId=18343T-0
18343T-0,Installation,PDF,https://techcomm.kohler.com/techcomm/pdf/18343t_18347t_18353t.pdf,https://www.kohler.co.in/p/evok-1-6m-rectangular-freestanding-acrylic-bath-18343t?skuId=18343T-0
8331T-0,3D Model,OBJ,https://techcomm.kohler.com/techcomm/cad/8331T.obj,https://www.kohler.co.in/p/veil-freestanding-lithocast-bath-8331t?skuId=8331T-0
8331T-0,3D Model,SKP,https://techcomm.kohler.com/techcomm/cad/8331T.skp,https://www.kohler.co.in/p/veil-freestanding-lithocast-bath-8331t?skuId=8331T-0
8331T-0,3D Model,3DS,https://techcomm.kohler.com/techcomm/cad/8331T.3ds,https://www.kohler.co.in/p/veil-freestanding-lithocast-bath-8331t?skuId=8331T-0
8331T-0,3D Model,RFA,https://techcomm.kohler.com/techcomm/cad/Bath-Freestanding-KOHLER-Veil-K-8331T.rfa,https://www.kohler.co.in/p/veil-freestanding-lithocast-bath-8331t?skuId=8331T-0
8331T-0,CAD Drawing,DXF,https://techcomm.kohler.com/techcomm/cad/8331tpln.dxf,https://www.kohler.co.in/p/veil-freestanding-lithocast-bath-8331t?skuId=8331T-0
8331T-0,CAD Drawing,DWG,https://techcomm.kohler.com/techcomm/cad/8331tpln.dwg,https://www.kohler.co.in/p/veil-freestanding-lithocast-bath-8331t?skuId=8331T-0
8331T-0,CAD Drawing,DXF,https://techcomm.kohler.com/techcomm/cad/8331tfrt.dxf,https://www.kohler.co.in/p/veil-freestanding-lithocast-bath-8331t?skuId=8331T-0
8331T-0,CAD Drawing,DWG,https://techcomm.kohler.com/techcomm/cad/8331tfrt.dwg,https://www.kohler.co.in/p/veil-freestanding-lithocast-bath-8331t?skuId=8331T-0
8331T-0,CAD Drawing,DXF,https://techcomm.kohler.com/techcomm/cad/8331tsde.dxf,https://www.kohler.co.in/p/veil-freestanding-lithocast-bath-8331t?skuId=8331T-0
8331T-0,CAD Drawing,DWG,https://techcomm.kohler.com/techcomm/cad/8331tsde.dwg,https://www.kohler.co.in/p/veil-freestanding-lithocast-bath-8331t?skuId=8331T-0
8331T-0,CAD Drawing,DXF,https://techcomm.kohler.com/techcomm/cad/8331T.dxf,https://www.kohler.co.in/p/veil-freestanding-lithocast-bath-8331t?skuId=8331T-0
8331T-0,CAD Drawing,DWG,https://techcomm.kohler.com/techcomm/cad/8331T.dwg,https://www.kohler.co.in/p/veil-freestanding-lithocast-bath-8331t?skuId=8331T-0
8331T-0,Spec Sheet,PDF,https://techcomm.kohler.com/techcomm/pdf/170821_RI_K-8331T_final1.pdf,https://www.kohler.co.in/p/veil-freestanding-lithocast-bath-8331t?skuId=8331T-0
8331T-0,Spec Sheet,PDF,https://techcomm.kohler.com/techcomm/pdf/K-8331T_spec_IN_Kohler_en.pdf,https://www.kohler.co.in/p/veil-freestanding-lithocast-bath-8331t?skuId=8331T-0
8331T-0,Installation,PDF,https://techcomm.kohler.com/techcomm/pdf/1329949-T01_C2.pdf,https://www.kohler.co.in/p/veil-freestanding-lithocast-bath-8331t?skuId=8331T-0
11195T-0,3D Model,OBJ,https://techcomm.kohler.com/techcomm/cad/11195T.obj,https://www.kohler.co.in/p/cleo-1-7m-freestanding-cast-iron-bath-11195t?skuId=11195T-0
11195T-0,3D Model,SKP,https://techcomm.kohler.com/techcomm/cad/11195T.skp,https://www.kohler.co.in/p/cleo-1-7m-freestanding-cast-iron-bath-11195t?skuId=11195T-0
11195T-0,3D Model,3DS,https://techcomm.kohler.com/techcomm/cad/11195T.3ds,https://www.kohler.co.in/p/cleo-1-7m-freestanding-cast-iron-bath-11195t?skuId=11195T-0
11195T-0,3D Model,RFA,https://techcomm.kohler.com/techcomm/cad/Bath-Freestanding-KOHLER-CLEO-K-11195T.rfa,https://www.kohler.co.in/p/cleo-1-7m-freestanding-cast-iron-bath-11195t?skuId=11195T-0
11195T-0,CAD Drawing,DXF,https://techcomm.kohler.com/techcomm/cad/11195tpln.dxf,https://www.kohler.co.in/p/cleo-1-7m-freestanding-cast-iron-bath-11195t?skuId=11195T-0
11195T-0,CAD Drawing,DWG,https://techcomm.kohler.com/techcomm/cad/11195tpln.dwg,https://www.kohler.co.in/p/cleo-1-7m-freestanding-cast-iron-bath-11195t?skuId=11195T-0
11195T-0,CAD Drawing,DXF,https://techcomm.kohler.com/techcomm/cad/11195tfrt.dxf,https://www.kohler.co.in/p/cleo-1-7m-freestanding-cast-iron-bath-11195t?skuId=11195T-0
11195T-0,CAD Drawing,DWG,https://techcomm.kohler.com/techcomm/cad/11195tfrt.dwg,https://www.kohler.co.in/p/cleo-1-7m-freestanding-cast-iron-bath-11195t?skuId=11195T-0
11195T-0,CAD Drawing,DXF,https://techcomm.kohler.com/techcomm/cad/11195tsde.dxf,https://www.kohler.co.in/p/cleo-1-7m-freestanding-cast-iron-bath-11195t?skuId=11195T-0
11195T-0,CAD Drawing,DWG,https://techcomm.kohler.com/techcomm/cad/11195tsde.dwg,https://www.kohler.co.in/p/cleo-1-7m-freestanding-cast-iron-bath-11195t?skuId=11195T-0
11195T-0,CAD Drawing,DXF,https://techcomm.kohler.com/techcomm/cad/11195T.dxf,https://www.kohler.co.in/p/cleo-1-7m-freestanding-cast-iron-bath-11195t?skuId=11195T-0
11195T-0,CAD Drawing,DWG,https://techcomm.kohler.com/techcomm/cad/11195T.dwg,https://www.kohler.co.in/p/cleo-1-7m-freestanding-cast-iron-bath-11195t?skuId=11195T-0
11195T-0,Spec Sheet,PDF,https://techcomm.kohler.com/techcomm/pdf/K-11195T_spec_IN_Kohler_en.pdf,https://www.kohler.co.in/p/cleo-1-7m-freestanding-cast-iron-bath-11195t?skuId=11195T-0
11195T-0,Installation,PDF,https://techcomm.kohler.com/techcomm/pdf/k11195t_2901t.pdf,https://www.kohler.co.in/p/cleo-1-7m-freestanding-cast-iron-bath-11195t?skuId=11195T-0
1800T-0,3D Model,OBJ,https://techcomm.kohler.com/techcomm/cad/1800T.obj,https://www.kohler.co.in/p/abrazo-1-6m-freestanding-lithocast-bath-1800t?skuId=1800T-0
1800T-0,3D Model,SKP,https://techcomm.kohler.com/techcomm/cad/1800T.skp,https://www.kohler.co.in/p/abrazo-1-6m-freestanding-lithocast-bath-1800t?skuId=1800T-0
1800T-0,3D Model,3DS,https://techcomm.kohler.com/techcomm/cad/1800T.3ds,https://www.kohler.co.in/p/abrazo-1-6m-freestanding-lithocast-bath-1800t?skuId=1800T-0
1800T-0,3D Model,RFA,https://techcomm.kohler.com/techcomm/cad/Bath-Freestanding-KOHLER-ABRAZO-K-1800T.rfa,https://www.kohler.co.in/p/abrazo-1-6m-freestanding-lithocast-bath-1800t?skuId=1800T-0
1800T-0,CAD Drawing,DXF,https://techcomm.kohler.com/techcomm/cad/1800tpln.dxf,https://www.kohler.co.in/p/abrazo-1-6m-freestanding-lithocast-bath-1800t?skuId=1800T-0
1800T-0,CAD Drawing,DWG,https://techcomm.kohler.com/techcomm/cad/1800tpln.dwg,https://www.kohler.co.in/p/abrazo-1-6m-freestanding-lithocast-bath-1800t?skuId=1800T-0
1800T-0,CAD Drawing,DXF,https://techcomm.kohler.com/techcomm/cad/1800tfrt.dxf,https://www.kohler.co.in/p/abrazo-1-6m-freestanding-lithocast-bath-1800t?skuId=1800T-0
1800T-0,CAD Drawing,DWG,https://techcomm.kohler.com/techcomm/cad/1800tfrt.dwg,https://www.kohler.co.in/p/abrazo-1-6m-freestanding-lithocast-bath-1800t?skuId=1800T-0
1800T-0,CAD Drawing,DXF,https://techcomm.kohler.com/techcomm/cad/1800tsde.dxf,https://www.kohler.co.in/p/abrazo-1-6m-freestanding-lithocast-bath-1800t?skuId=1800T-0
1800T-0,CAD Drawing,DWG,https://techcomm.kohler.com/techcomm/cad/1800tsde.dwg,https://www.kohler.co.in/p/abrazo-1-6m-freestanding-lithocast-bath-1800t?skuId=1800T-0
1800T-0,CAD Drawing,DXF,https://techcomm.kohler.com/techcomm/cad/1800T.dxf,https://www.kohler.co.in/p/abrazo-1-6m-freestanding-lithocast-bath-1800t?skuId=1800T-0
1800T-0,CAD Drawing,DWG,https://techcomm.kohler.com/techcomm/cad/1800T.dwg,https://www.kohler.co.in/p/abrazo-1-6m-freestanding-lithocast-bath-1800t?skuId=1800T-0
1800T-0,Spec Sheet,PDF,https://techcomm.kohler.com/techcomm/pdf/K-1800T_spec_IN_Kohler_en.pdf,https://www.kohler.co.in/p/abrazo-1-6m-freestanding-lithocast-bath-1800t?skuId=1800T-0
1800T-0,Installation,PDF,https://techcomm.kohler.com/techcomm/pdf/1800t.pdf,https://www.kohler.co.in/p/abrazo-1-6m-freestanding-lithocast-bath-1800t?skuId=1800T-0
20249T-0,3D Model,OBJ,https://techcomm.kohler.com/techcomm/cad/20249T.obj,https://www.kohler.co.in/p/karing-1-8m-oval-lithocast-bath-20249t?skuId=20249T-0
20249T-0,3D Model,SKP,https://techcomm.kohler.com/techcomm/cad/20249T.skp,https://www.kohler.co.in/p/karing-1-8m-oval-lithocast-bath-20249t?skuId=20249T-0
20249T-0,3D Model,3DS,https://techcomm.kohler.com/techcomm/cad/20249T.3ds,https://www.kohler.co.in/p/karing-1-8m-oval-lithocast-bath-20249t?skuId=20249T-0
20249T-0,3D Model,RFA,https://techcomm.kohler.com/techcomm/cad/Bath-Freestanding-KOHLER-KARING-K-20249T.rfa,https://www.kohler.co.in/p/karing-1-8m-oval-lithocast-bath-20249t?skuId=20249T-0
20249T-0,CAD Drawing,DXF,https://techcomm.kohler.com/techcomm/cad/20249tpln.dxf,https://www.kohler.co.in/p/karing-1-8m-oval-lithocast-bath-20249t?skuId=20249T-0
20249T-0,CAD Drawing,DWG,https://techcomm.kohler.com/techcomm/cad/20249tpln.dwg,https://www.kohler.co.in/p/karing-1-8m-oval-lithocast-bath-20249t?skuId=20249T-0
20249T-0,CAD Drawing,DXF,https://techcomm.kohler.com/techcomm/cad/20249tfrt.dxf,https://www.kohler.co.in/p/karing-1-8m-oval-lithocast-bath-20249t?skuId=20249T-0
20249T-0,CAD Drawing,DWG,https://techcomm.kohler.com/techcomm/cad/20249tfrt.dwg,https://www.kohler.co.in/p/karing-1-8m-oval-lithocast-bath-20249t?skuId=20249T-0
20249T-0,CAD Drawing,DXF,https://techcomm.kohler.com/techcomm/cad/20249tsde.dxf,https://www.kohler.co.in/p/karing-1-8m-oval-lithocast-bath-20249t?skuId=20249T-0
20249T-0,CAD Drawing,DWG,https://techcomm.kohler.com/techcomm/cad/20249tsde.dwg,https://www.kohler.co.in/p/karing-1-8m-oval-lithocast-bath-20249t?skuId=20249T-0
20249T-0,CAD Drawing,DXF,https://techcomm.kohler.com/techcomm/cad/20249T.dxf,https://www.kohler.co.in/p/karing-1-8m-oval-lithocast-bath-20249t?skuId=20249T-0
20249T-0,CAD Drawing,DWG,https://techcomm.kohler.com/techcomm/cad/20249T.dwg,https://www.kohler.co.in/p/karing-1-8m-oval-lithocast-bath-20249t?skuId=20249T-0
20249T-0,Spec Sheet,PDF,https://techcomm.kohler.com/techcomm/pdf/K-20249T_spec_IN_Kohler_en.pdf,https://www.kohler.co.in/p/karing-1-8m-oval-lithocast-bath-20249t?skuId=20249T-0
27724IN-CP,3D Model,OBJ,https://techcomm.kohler.com/techcomm/cad/27724IN.obj,https://www.kohler.co.in/p/kohler-rain-duet-filter-shower-with-activated-charcoal-and-5-showering-modes-27724in?skuId=27724IN-CP
27724IN-CP,3D Model,SKP,https://techcomm.kohler.com/techcomm/cad/27724IN.skp,https://www.kohler.co.in/p/kohler-rain-duet-filter-shower-with-activated-charcoal-and-5-showering-modes-27724in?skuId=27724IN-CP
27724IN-CP,3D Model,3DS,https://techcomm.kohler.com/techcomm/cad/27724IN.3ds,https://www.kohler.co.in/p/kohler-rain-duet-filter-shower-with-activated-charcoal-and-5-showering-modes-27724in?skuId=27724IN-CP
27724IN-CP,3D Model,RFA,https://techcomm.kohler.com/techcomm/cad/Shower-Showerhead-KOHLER-Rainduet-K-27724IN.rfa,https://www.kohler.co.in/p/kohler-rain-duet-filter-shower-with-activated-charcoal-and-5-showering-modes-27724in?skuId=27724IN-CP
27724IN-CP,CAD Drawing,DXF,https://techcomm.kohler.com/techcomm/cad/27724inpln.dxf,https://www.kohler.co.in/p/kohler-rain-duet-filter-shower-with-activated-charcoal-and-5-showering-modes-27724in?skuId=27724IN-CP
27724IN-CP,CAD Drawing,DWG,https://techcomm.kohler.com/techcomm/cad/27724inpln.dwg,https://www.kohler.co.in/p/kohler-rain-duet-filter-shower-with-activated-charcoal-and-5-showering-modes-27724in?skuId=27724IN-CP
27724IN-CP,CAD Drawing,DXF,https://techcomm.kohler.com/techcomm/cad/27724infrt.dxf,https://www.kohler.co.in/p/kohler-rain-duet-filter-shower-with-activated-charcoal-and-5-showering-modes-27724in?skuId=27724IN-CP
27724IN-CP,CAD Drawing,DWG,https://techcomm.kohler.com/techcomm/cad/27724infrt.dwg,https://www.kohler.co.in/p/kohler-rain-duet-filter-shower-with-activated-charcoal-and-5-showering-modes-27724in?skuId=27724IN-CP
27724IN-CP,CAD Drawing,DXF,https://techcomm.kohler.com/techcomm/cad/27724insde.dxf,https://www.kohler.co.in/p/kohler-rain-duet-filter-shower-with-activated-charcoal-and-5-showering-modes-27724in?skuId=27724IN-CP
27724IN-CP,CAD Drawing,DWG,https://techcomm.kohler.com/techcomm/cad/27724insde.dwg,https://www.kohler.co.in/p/kohler-rain-duet-filter-shower-with-activated-charcoal-and-5-showering-modes-27724in?skuId=27724IN-CP
27724IN-CP,CAD Drawing,DXF,https://techcomm.kohler.com/techcomm/cad/27724IN.dxf,https://www.kohler.co.in/p/kohler-rain-duet-filter-shower-with-activated-charcoal-and-5-showering-modes-27724in?skuId=27724IN-CP
27724IN-CP,CAD Drawing,DWG,https://techcomm.kohler.com/techcomm/cad/27724IN.dwg,https://www.kohler.co.in/p/kohler-rain-duet-filter-shower-with-activated-charcoal-and-5-showering-modes-27724in?skuId=27724IN-CP
27724IN-CP,Spec Sheet,PDF,https://techcomm.kohler.com/techcomm/pdf/K-27724IN_spec_IN_Kohler_en.pdf,https://www.kohler.co.in/p/kohler-rain-duet-filter-shower-with-activated-charcoal-and-5-showering-modes-27724in?skuId=27724IN-CP
26290IN-CP,3D Model,OBJ,https://techcomm.kohler.com/techcomm/cad/26290IN.obj,https://www.kohler.co.in/p/statement-three-function-showerhead-9-5-lpm-26290in?skuId=26290IN-CP
26290IN-CP,3D Model,SKP,https://techcomm.kohler.com/techcomm/cad/26290IN.skp,https://www.kohler.co.in/p/statement-three-function-showerhead-9-5-lpm-26290in?skuId=26290IN-CP
26290IN-CP,3D Model,3DS,https://techcomm.kohler.com/techcomm/cad/26290IN.3ds,https://www.kohler.co.in/p/statement-three-function-showerhead-9-5-lpm-26290in?skuId=26290IN-CP
26290IN-CP,3D Model,RFA,https://techcomm.kohler.com/techcomm/cad/Shower-Showerhead-KOHLER-K-26290IN.rfa,https://www.kohler.co.in/p/statement-three-function-showerhead-9-5-lpm-26290in?skuId=26290IN-CP
26290IN-CP,CAD Drawing,DXF,https://techcomm.kohler.com/techcomm/cad/26290inpln.dxf,https://www.kohler.co.in/p/statement-three-function-showerhead-9-5-lpm-26290in?skuId=26290IN-CP
26290IN-CP,CAD Drawing,DWG,https://techcomm.kohler.com/techcomm/cad/26290inpln.dwg,https://www.kohler.co.in/p/statement-three-function-showerhead-9-5-lpm-26290in?skuId=26290IN-CP
26290IN-CP,CAD Drawing,DXF,https://techcomm.kohler.com/techcomm/cad/26290infrt.dxf,https://www.kohler.co.in/p/statement-three-function-showerhead-9-5-lpm-26290in?skuId=26290IN-CP
26290IN-CP,CAD Drawing,DWG,https://techcomm.kohler.com/techcomm/cad/26290infrt.dwg,https://www.kohler.co.in/p/statement-three-function-showerhead-9-5-lpm-26290in?skuId=26290IN-CP
26290IN-CP,CAD Drawing,DXF,https://techcomm.kohler.com/techcomm/cad/26290insde.dxf,https://www.kohler.co.in/p/statement-three-function-showerhead-9-5-lpm-26290in?skuId=26290IN-CP
26290IN-CP,CAD Drawing,DWG,https://techcomm.kohler.com/techcomm/cad/26290insde.dwg,https://www.kohler.co.in/p/statement-three-function-showerhead-9-5-lpm-26290in?skuId=26290IN-CP
26290IN-CP,CAD Drawing,DXF,https://techcomm.kohler.com/techcomm/cad/26290IN.dxf,https://www.kohler.co.in/p/statement-three-function-showerhead-9-5-lpm-26290in?skuId=26290IN-CP
26290IN-CP,CAD Drawing,DWG,https://techcomm.kohler.com/techcomm/cad/26290IN.dwg,https://www.kohler.co.in/p/statement-three-function-showerhead-9-5-lpm-26290in?skuId=26290IN-CP
26290IN-CP,Spec Sheet,PDF,https://techcomm.kohler.com/techcomm/pdf/K-26290IN_spec_IN_Kohler_en.pdf,https://www.kohler.co.in/p/statement-three-function-showerhead-9-5-lpm-26290in?skuId=26290IN-CP
26290IN-CP,Installation,PDF,https://techcomm.kohler.com/techcomm/pdf/1430509-IN2.pdf,https://www.kohler.co.in/p/statement-three-function-showerhead-9-5-lpm-26290in?skuId=26290IN-CP
26855IN-CP,3D Model,OBJ,https://techcomm.kohler.com/techcomm/cad/26855IN.obj,https://www.kohler.co.in/p/rain-max-square-254-mm-single-function-rainhead-22-lpm-26855in?skuId=26855IN-CP
26855IN-CP,3D Model,SKP,https://techcomm.kohler.com/techcomm/cad/26855IN.skp,https://www.kohler.co.in/p/rain-max-square-254-mm-single-function-rainhead-22-lpm-26855in?skuId=26855IN-CP
26855IN-CP,3D Model,3DS,https://techcomm.kohler.com/techcomm/cad/26855IN.3ds,https://www.kohler.co.in/p/rain-max-square-254-mm-single-function-rainhead-22-lpm-26855in?skuId=26855IN-CP
26855IN-CP,3D Model,RFA,https://techcomm.kohler.com/techcomm/cad/Shower-Showerhead-KOHLER-Dual_Core-K-26855IN.rfa,https://www.kohler.co.in/p/rain-max-square-254-mm-single-function-rainhead-22-lpm-26855in?skuId=26855IN-CP
26855IN-CP,CAD Drawing,DXF,https://techcomm.kohler.com/techcomm/cad/26855inpln.dxf,https://www.kohler.co.in/p/rain-max-square-254-mm-single-function-rainhead-22-lpm-26855in?skuId=26855IN-CP
26855IN-CP,CAD Drawing,DWG,https://techcomm.kohler.com/techcomm/cad/26855inpln.dwg,https://www.kohler.co.in/p/rain-max-square-254-mm-single-function-rainhead-22-lpm-26855in?skuId=26855IN-CP
26855IN-CP,CAD Drawing,DXF,https://techcomm.kohler.com/techcomm/cad/26855infrt.dxf,https://www.kohler.co.in/p/rain-max-square-254-mm-single-function-rainhead-22-lpm-26855in?skuId=26855IN-CP
26855IN-CP,CAD Drawing,DWG,https://techcomm.kohler.com/techcomm/cad/26855infrt.dwg,https://www.kohler.co.in/p/rain-max-square-254-mm-single-function-rainhead-22-lpm-26855in?skuId=26855IN-CP
26855IN-CP,CAD Drawing,DXF,https://techcomm.kohler.com/techcomm/cad/26855insde.dxf,https://www.kohler.co.in/p/rain-max-square-254-mm-single-function-rainhead-22-lpm-26855in?skuId=26855IN-CP
26855IN-CP,CAD Drawing,DWG,https://techcomm.kohler.com/techcomm/cad/26855insde.dwg,https://www.kohler.co.in/p/rain-max-square-254-mm-single-function-rainhead-22-lpm-26855in?skuId=26855IN-CP
26855IN-CP,CAD Drawing,DXF,https://techcomm.kohler.com/techcomm/cad/26855IN.dxf,https://www.kohler.co.in/p/rain-max-square-254-mm-single-function-rainhead-22-lpm-26855in?skuId=26855IN-CP
26855IN-CP,CAD Drawing,DWG,https://techcomm.kohler.com/techcomm/cad/26855IN.dwg,https://www.kohler.co.in/p/rain-max-square-254-mm-single-function-rainhead-22-lpm-26855in?skuId=26855IN-CP
26855IN-CP,Spec Sheet,PDF,https://techcomm.kohler.com/techcomm/pdf/K-26855IN_spec_IN_Kohler_en.pdf,https://www.kohler.co.in/p/rain-max-square-254-mm-single-function-rainhead-22-lpm-26855in?skuId=26855IN-CP
26855IN-CP,Installation,PDF,https://techcomm.kohler.com/techcomm/pdf/1508929-IN2.pdf,https://www.kohler.co.in/p/rain-max-square-254-mm-single-function-rainhead-22-lpm-26855in?skuId=26855IN-CP
73199IN-CP,3D Model,OBJ,https://techcomm.kohler.com/techcomm/cad/73199IN.obj,https://www.kohler.co.in/p/rainduet-contemporary-square-200-mm-single-function-rainhead-8-7-lpm-73199in?skuId=73199IN-CP
73199IN-CP,3D Model,SKP,https://techcomm.kohler.com/techcomm/cad/73199IN.skp,https://www.kohler.co.in/p/rainduet-contemporary-square-200-mm-single-function-rainhead-8-7-lpm-73199in?skuId=73199IN-CP
73199IN-CP,3D Model,3DS,https://techcomm.kohler.com/techcomm/cad/73199IN.3ds,https://www.kohler.co.in/p/rainduet-contemporary-square-200-mm-single-function-rainhead-8-7-lpm-73199in?skuId=73199IN-CP
73199IN-CP,3D Model,RFA,https://techcomm.kohler.com/techcomm/cad/Shower-Showerhead-KOHLER-Katalyst-K-73199IN.rfa,https://www.kohler.co.in/p/rainduet-contemporary-square-200-mm-single-function-rainhead-8-7-lpm-73199in?skuId=73199IN-CP
73199IN-CP,CAD Drawing,DXF,https://techcomm.kohler.com/techcomm/cad/73199inpln.dxf,https://www.kohler.co.in/p/rainduet-contemporary-square-200-mm-single-function-rainhead-8-7-lpm-73199in?skuId=73199IN-CP
73199IN-CP,CAD Drawing,DWG,https://techcomm.kohler.com/techcomm/cad/73199inpln.dwg,https://www.kohler.co.in/p/rainduet-contemporary-square-200-mm-single-function-rainhead-8-7-lpm-73199in?skuId=73199IN-CP
73199IN-CP,CAD Drawing,DXF,https://techcomm.kohler.com/techcomm/cad/73199infrt.dxf,https://www.kohler.co.in/p/rainduet-contemporary-square-200-mm-single-function-rainhead-8-7-lpm-73199in?skuId=73199IN-CP
73199IN-CP,CAD Drawing,DWG,https://techcomm.kohler.com/techcomm/cad/73199infrt.dwg,https://www.kohler.co.in/p/rainduet-contemporary-square-200-mm-single-function-rainhead-8-7-lpm-73199in?skuId=73199IN-CP
73199IN-CP,CAD Drawing,DXF,https://techcomm.kohler.com/techcomm/cad/73199insde.dxf,https://www.kohler.co.in/p/rainduet-contemporary-square-200-mm-single-function-rainhead-8-7-lpm-73199in?skuId=73199IN-CP
73199IN-CP,CAD Drawing,DWG,https://techcomm.kohler.com/techcomm/cad/73199insde.dwg,https://www.kohler.co.in/p/rainduet-contemporary-square-200-mm-single-function-rainhead-8-7-lpm-73199in?skuId=73199IN-CP
73199IN-CP,CAD Drawing,DXF,https://techcomm.kohler.com/techcomm/cad/73199IN.dxf,https://www.kohler.co.in/p/rainduet-contemporary-square-200-mm-single-function-rainhead-8-7-lpm-73199in?skuId=73199IN-CP
73199IN-CP,CAD Drawing,DWG,https://techcomm.kohler.com/techcomm/cad/73199IN.dwg,https://www.kohler.co.in/p/rainduet-contemporary-square-200-mm-single-function-rainhead-8-7-lpm-73199in?skuId=73199IN-CP
73199IN-CP,Spec Sheet,PDF,https://techcomm.kohler.com/techcomm/pdf/K-73199IN_spec_IN_Kohler_en.pdf,https://www.kohler.co.in/p/rainduet-contemporary-square-200-mm-single-function-rainhead-8-7-lpm-73199in?skuId=73199IN-CP
26856IN-CP,3D Model,OBJ,https://techcomm.kohler.com/techcomm/cad/26856IN.obj,https://www.kohler.co.in/p/rain-max-square-305-mm-single-function-rainhead-22-lpm-26856in?skuId=26856IN-CP
26856IN-CP,3D Model,SKP,https://techcomm.kohler.com/techcomm/cad/26856IN.skp,https://www.kohler.co.in/p/rain-max-square-305-mm-single-function-rainhead-22-lpm-26856in?skuId=26856IN-CP
26856IN-CP,3D Model,3DS,https://techcomm.kohler.com/techcomm/cad/26856IN.3ds,https://www.kohler.co.in/p/rain-max-square-305-mm-single-function-rainhead-22-lpm-26856in?skuId=26856IN-CP
26856IN-CP,3D Model,RFA,https://techcomm.kohler.com/techcomm/cad/Shower-Rainhead-KOHLER-Rain_Max-K-26856IN.rfa,https://www.kohler.co.in/p/rain-max-square-305-mm-single-function-rainhead-22-lpm-26856in?skuId=26856IN-CP
26856IN-CP,3D Model,RFA,https://techcomm.kohler.com/techcomm/cad/Shower-Showerhead-KOHLER-Dual_Core-K-26856IN.rfa,https://www.kohler.co.in/p/rain-max-square-305-mm-single-function-rainhead-22-lpm-26856in?skuId=26856IN-CP
26856IN-CP,CAD Drawing,DXF,https://techcomm.kohler.com/techcomm/cad/26856inpln.dxf,https://www.kohler.co.in/p/rain-max-square-305-mm-single-function-rainhead-22-lpm-26856in?skuId=26856IN-CP
26856IN-CP,CAD Drawing,DWG,https://techcomm.kohler.com/techcomm/cad/26856inpln.dwg,https://www.kohler.co.in/p/rain-max-square-305-mm-single-function-rainhead-22-lpm-26856in?skuId=26856IN-CP
26856IN-CP,CAD Drawing,DXF,https://techcomm.kohler.com/techcomm/cad/26856infrt.dxf,https://www.kohler.co.in/p/rain-max-square-305-mm-single-function-rainhead-22-lpm-26856in?skuId=26856IN-CP
26856IN-CP,CAD Drawing,DWG,https://techcomm.kohler.com/techcomm/cad/26856infrt.dwg,https://www.kohler.co.in/p/rain-max-square-305-mm-single-function-rainhead-22-lpm-26856in?skuId=26856IN-CP
26856IN-CP,CAD Drawing,DXF,https://techcomm.kohler.com/techcomm/cad/26856insde.dxf,https://www.kohler.co.in/p/rain-max-square-305-mm-single-function-rainhead-22-lpm-26856in?skuId=26856IN-CP
26856IN-CP,CAD Drawing,DWG,https://techcomm.kohler.com/techcomm/cad/26856insde.dwg,https://www.kohler.co.in/p/rain-max-square-305-mm-single-function-rainhead-22-lpm-26856in?skuId=26856IN-CP
26856IN-CP,CAD Drawing,DXF,https://techcomm.kohler.com/techcomm/cad/26856IN.dxf,https://www.kohler.co.in/p/rain-max-square-305-mm-single-function-rainhead-22-lpm-26856in?skuId=26856IN-CP
26856IN-CP,CAD Drawing,DWG,https://techcomm.kohler.com/techcomm/cad/26856IN.dwg,https://www.kohler.co.in/p/rain-max-square-305-mm-single-function-rainhead-22-lpm-26856in?skuId=26856IN-CP
26856IN-CP,Spec Sheet,PDF,https://techcomm.kohler.com/techcomm/pdf/K-26856IN_spec_IN_Kohler_en.pdf,https://www.kohler.co.in/p/rain-max-square-305-mm-single-function-rainhead-22-lpm-26856in?skuId=26856IN-CP
26856IN-CP,Installation,PDF,https://techcomm.kohler.com/techcomm/pdf/1508929-IN2.pdf,https://www.kohler.co.in/p/rain-max-square-305-mm-single-function-rainhead-22-lpm-26856in?skuId=26856IN-CP
26853IN-CP,3D Model,OBJ,https://techcomm.kohler.com/techcomm/cad/26853IN.obj,https://www.kohler.co.in/p/rainduet-five-function-showerhead-14-0-lpm-26853in?skuId=26853IN-CP
26853IN-CP,3D Model,SKP,https://techcomm.kohler.com/techcomm/cad/26853IN.skp,https://www.kohler.co.in/p/rainduet-five-function-showerhead-14-0-lpm-26853in?skuId=26853IN-CP
26853IN-CP,3D Model,3DS,https://techcomm.kohler.com/techcomm/cad/26853IN.3ds,https://www.kohler.co.in/p/rainduet-five-function-showerhead-14-0-lpm-26853in?skuId=26853IN-CP
26853IN-CP,3D Model,RFA,https://techcomm.kohler.com/techcomm/cad/Shower-Showerhead-KOHLER-RAIN_DUET-K-26853IN.rfa,https://www.kohler.co.in/p/rainduet-five-function-showerhead-14-0-lpm-26853in?skuId=26853IN-CP
26853IN-CP,CAD Drawing,DXF,https://techcomm.kohler.com/techcomm/cad/26853inpln.dxf,https://www.kohler.co.in/p/rainduet-five-function-showerhead-14-0-lpm-26853in?skuId=26853IN-CP
26853IN-CP,CAD Drawing,DWG,https://techcomm.kohler.com/techcomm/cad/26853inpln.dwg,https://www.kohler.co.in/p/rainduet-five-function-showerhead-14-0-lpm-26853in?skuId=26853IN-CP
26853IN-CP,CAD Drawing,DXF,https://techcomm.kohler.com/techcomm/cad/26853infrt.dxf,https://www.kohler.co.in/p/rainduet-five-function-showerhead-14-0-lpm-26853in?skuId=26853IN-CP
26853IN-CP,CAD Drawing,DWG,https://techcomm.kohler.com/techcomm/cad/26853infrt.dwg,https://www.kohler.co.in/p/rainduet-five-function-showerhead-14-0-lpm-26853in?skuId=26853IN-CP
26853IN-CP,CAD Drawing,DXF,https://techcomm.kohler.com/techcomm/cad/26853insde.dxf,https://www.kohler.co.in/p/rainduet-five-function-showerhead-14-0-lpm-26853in?skuId=26853IN-CP
26853IN-CP,CAD Drawing,DWG,https://techcomm.kohler.com/techcomm/cad/26853insde.dwg,https://www.kohler.co.in/p/rainduet-five-function-showerhead-14-0-lpm-26853in?skuId=26853IN-CP
26853IN-CP,CAD Drawing,DXF,https://techcomm.kohler.com/techcomm/cad/26853IN.dxf,https://www.kohler.co.in/p/rainduet-five-function-showerhead-14-0-lpm-26853in?skuId=26853IN-CP
26853IN-CP,CAD Drawing,DWG,https://techcomm.kohler.com/techcomm/cad/26853IN.dwg,https://www.kohler.co.in/p/rainduet-five-function-showerhead-14-0-lpm-26853in?skuId=26853IN-CP
26853IN-CP,Spec Sheet,PDF,https://techcomm.kohler.com/techcomm/pdf/K-26853IN_spec_IN_Kohler_en.pdf,https://www.kohler.co.in/p/rainduet-five-function-showerhead-14-0-lpm-26853in?skuId=26853IN-CP
24547IN-CP,3D Model,OBJ,https://techcomm.kohler.com/techcomm/cad/24547IN.obj,https://www.kohler.co.in/p/daisyfield-multifunction-showerhead-9-6-lpm-24547in?skuId=24547IN-CP
24547IN-CP,3D Model,SKP,https://techcomm.kohler.com/techcomm/cad/24547IN.skp,https://www.kohler.co.in/p/daisyfield-multifunction-showerhead-9-6-lpm-24547in?skuId=24547IN-CP
24547IN-CP,3D Model,3DS,https://techcomm.kohler.com/techcomm/cad/24547IN.3ds,https://www.kohler.co.in/p/daisyfield-multifunction-showerhead-9-6-lpm-24547in?skuId=24547IN-CP
24547IN-CP,3D Model,RFA,https://techcomm.kohler.com/techcomm/cad/Shower-Showerhead-KOHLER-Daisyfield-K-24547IN.rfa,https://www.kohler.co.in/p/daisyfield-multifunction-showerhead-9-6-lpm-24547in?skuId=24547IN-CP
24547IN-CP,CAD Drawing,DXF,https://techcomm.kohler.com/techcomm/cad/24547inpln.dxf,https://www.kohler.co.in/p/daisyfield-multifunction-showerhead-9-6-lpm-24547in?skuId=24547IN-CP
24547IN-CP,CAD Drawing,DWG,https://techcomm.kohler.com/techcomm/cad/24547inpln.dwg,https://www.kohler.co.in/p/daisyfield-multifunction-showerhead-9-6-lpm-24547in?skuId=24547IN-CP
24547IN-CP,CAD Drawing,DXF,https://techcomm.kohler.com/techcomm/cad/24547infrt.dxf,https://www.kohler.co.in/p/daisyfield-multifunction-showerhead-9-6-lpm-24547in?skuId=24547IN-CP
24547IN-CP,CAD Drawing,DWG,https://techcomm.kohler.com/techcomm/cad/24547infrt.dwg,https://www.kohler.co.in/p/daisyfield-multifunction-showerhead-9-6-lpm-24547in?skuId=24547IN-CP
24547IN-CP,CAD Drawing,DXF,https://techcomm.kohler.com/techcomm/cad/24547insde.dxf,https://www.kohler.co.in/p/daisyfield-multifunction-showerhead-9-6-lpm-24547in?skuId=24547IN-CP
24547IN-CP,CAD Drawing,DWG,https://techcomm.kohler.com/techcomm/cad/24547insde.dwg,https://www.kohler.co.in/p/daisyfield-multifunction-showerhead-9-6-lpm-24547in?skuId=24547IN-CP
24547IN-CP,CAD Drawing,DXF,https://techcomm.kohler.com/techcomm/cad/24547IN.dxf,https://www.kohler.co.in/p/daisyfield-multifunction-showerhead-9-6-lpm-24547in?skuId=24547IN-CP
24547IN-CP,CAD Drawing,DWG,https://techcomm.kohler.com/techcomm/cad/24547IN.dwg,https://www.kohler.co.in/p/daisyfield-multifunction-showerhead-9-6-lpm-24547in?skuId=24547IN-CP
24547IN-CP,Spec Sheet,PDF,https://techcomm.kohler.com/techcomm/pdf/K-24547IN_spec_IN_Kohler_en.pdf,https://www.kohler.co.in/p/daisyfield-multifunction-showerhead-9-6-lpm-24547in?skuId=24547IN-CP
73198IN-CP,3D Model,OBJ,https://techcomm.kohler.com/techcomm/cad/73198IN.obj,https://www.kohler.co.in/p/203mm-round-katalyst-tm-rainhead-73198in?skuId=73198IN-CP
73198IN-CP,3D Model,SKP,https://techcomm.kohler.com/techcomm/cad/73198IN.skp,https://www.kohler.co.in/p/203mm-round-katalyst-tm-rainhead-73198in?skuId=73198IN-CP
73198IN-CP,3D Model,3DS,https://techcomm.kohler.com/techcomm/cad/73198IN.3ds,https://www.kohler.co.in/p/203mm-round-katalyst-tm-rainhead-73198in?skuId=73198IN-CP
73198IN-CP,3D Model,RFA,https://techcomm.kohler.com/techcomm/cad/Shower-Showerhead-KOHLER-Katalyst-K-73198IN.rfa,https://www.kohler.co.in/p/203mm-round-katalyst-tm-rainhead-73198in?skuId=73198IN-CP
73198IN-CP,CAD Drawing,DXF,https://techcomm.kohler.com/techcomm/cad/73198inpln.dxf,https://www.kohler.co.in/p/203mm-round-katalyst-tm-rainhead-73198in?skuId=73198IN-CP
73198IN-CP,CAD Drawing,DWG,https://techcomm.kohler.com/techcomm/cad/73198inpln.dwg,https://www.kohler.co.in/p/203mm-round-katalyst-tm-rainhead-73198in?skuId=73198IN-CP
73198IN-CP,CAD Drawing,DXF,https://techcomm.kohler.com/techcomm/cad/73198infrt.dxf,https://www.kohler.co.in/p/203mm-round-katalyst-tm-rainhead-73198in?skuId=73198IN-CP
73198IN-CP,CAD Drawing,DWG,https://techcomm.kohler.com/techcomm/cad/73198infrt.dwg,https://www.kohler.co.in/p/203mm-round-katalyst-tm-rainhead-73198in?skuId=73198IN-CP
73198IN-CP,CAD Drawing,DXF,https://techcomm.kohler.com/techcomm/cad/73198insde.dxf,https://www.kohler.co.in/p/203mm-round-katalyst-tm-rainhead-73198in?skuId=73198IN-CP
73198IN-CP,CAD Drawing,DWG,https://techcomm.kohler.com/techcomm/cad/73198insde.dwg,https://www.kohler.co.in/p/203mm-round-katalyst-tm-rainhead-73198in?skuId=73198IN-CP
73198IN-CP,Spec Sheet,PDF,https://techcomm.kohler.com/techcomm/pdf/K-73198IN_spec_IN_Kohler_en.pdf,https://www.kohler.co.in/p/203mm-round-katalyst-tm-rainhead-73198in?skuId=73198IN-CP
22645IN-CP,3D Model,OBJ,https://techcomm.kohler.com/techcomm/cad/22645IN.obj,https://www.kohler.co.in/p/parallel-square-127-mm-single-function-showerhead-9-0-lpm-22645in?skuId=22645IN-CP
22645IN-CP,3D Model,SKP,https://techcomm.kohler.com/techcomm/cad/22645IN.skp,https://www.kohler.co.in/p/parallel-square-127-mm-single-function-showerhead-9-0-lpm-22645in?skuId=22645IN-CP
22645IN-CP,3D Model,3DS,https://techcomm.kohler.com/techcomm/cad/22645IN.3ds,https://www.kohler.co.in/p/parallel-square-127-mm-single-function-showerhead-9-0-lpm-22645in?skuId=22645IN-CP
22645IN-CP,3D Model,RFA,https://techcomm.kohler.com/techcomm/cad/Faucet-Lavatory-KOHLER-LOURE-K-28577T.rfa,https://www.kohler.co.in/p/parallel-square-127-mm-single-function-showerhead-9-0-lpm-22645in?skuId=22645IN-CP
22645IN-CP,CAD Drawing,DXF,https://techcomm.kohler.com/techcomm/cad/22645inpln.dxf,https://www.kohler.co.in/p/parallel-square-127-mm-single-function-showerhead-9-0-lpm-22645in?skuId=22645IN-CP
22645IN-CP,CAD Drawing,DWG,https://techcomm.kohler.com/techcomm/cad/22645inpln.dwg,https://www.kohler.co.in/p/parallel-square-127-mm-single-function-showerhead-9-0-lpm-22645in?skuId=22645IN-CP
22645IN-CP,CAD Drawing,DXF,https://techcomm.kohler.com/techcomm/cad/22645infrt.dxf,https://www.kohler.co.in/p/parallel-square-127-mm-single-function-showerhead-9-0-lpm-22645in?skuId=22645IN-CP
22645IN-CP,CAD Drawing,DWG,https://techcomm.kohler.com/techcomm/cad/22645infrt.dwg,https://www.kohler.co.in/p/parallel-square-127-mm-single-function-showerhead-9-0-lpm-22645in?skuId=22645IN-CP
22645IN-CP,CAD Drawing,DXF,https://techcomm.kohler.com/techcomm/cad/22645insde.dxf,https://www.kohler.co.in/p/parallel-square-127-mm-single-function-showerhead-9-0-lpm-22645in?skuId=22645IN-CP
22645IN-CP,CAD Drawing,DWG,https://techcomm.kohler.com/techcomm/cad/22645insde.dwg,https://www.kohler.co.in/p/parallel-square-127-mm-single-function-showerhead-9-0-lpm-22645in?skuId=22645IN-CP
22645IN-CP,CAD Drawing,DXF,https://techcomm.kohler.com/techcomm/cad/22645IN.dxf,https://www.kohler.co.in/p/parallel-square-127-mm-single-function-showerhead-9-0-lpm-22645in?skuId=22645IN-CP
22645IN-CP,CAD Drawing,DWG,https://techcomm.kohler.com/techcomm/cad/22645IN.dwg,https://www.kohler.co.in/p/parallel-square-127-mm-single-function-showerhead-9-0-lpm-22645in?skuId=22645IN-CP
22645IN-CP,Spec Sheet,PDF,https://techcomm.kohler.com/techcomm/pdf/K-22645IN_spec_IN_Kohler_en.pdf,https://www.kohler.co.in/p/parallel-square-127-mm-single-function-showerhead-9-0-lpm-22645in?skuId=22645IN-CP
16356IN-A-AF,3D Model,OBJ,https://techcomm.kohler.com/techcomm/cad/16356IN-A.obj,https://www.kohler.co.in/p/sf-showerhead-with-arm-escutcheon-16356in-a?skuId=16356IN-A-AF
16356IN-A-AF,3D Model,SKP,https://techcomm.kohler.com/techcomm/cad/16356IN-A.skp,https://www.kohler.co.in/p/sf-showerhead-with-arm-escutcheon-16356in-a?skuId=16356IN-A-AF
16356IN-A-AF,3D Model,3DS,https://techcomm.kohler.com/techcomm/cad/16356IN-A.3ds,https://www.kohler.co.in/p/sf-showerhead-with-arm-escutcheon-16356in-a?skuId=16356IN-A-AF
16356IN-A-AF,3D Model,RFA,https://techcomm.kohler.com/techcomm/cad/Shower-Showerhead_Kit-KOHLER-K-16356IN.rfa,https://www.kohler.co.in/p/sf-showerhead-with-arm-escutcheon-16356in-a?skuId=16356IN-A-AF
16356IN-A-AF,CAD Drawing,DXF,https://techcomm.kohler.com/techcomm/cad/16356in_apln.dxf,https://www.kohler.co.in/p/sf-showerhead-with-arm-escutcheon-16356in-a?skuId=16356IN-A-AF
16356IN-A-AF,CAD Drawing,DWG,https://techcomm.kohler.com/techcomm/cad/16356in_apln.dwg,https://www.kohler.co.in/p/sf-showerhead-with-arm-escutcheon-16356in-a?skuId=16356IN-A-AF
16356IN-A-AF,CAD Drawing,DXF,https://techcomm.kohler.com/techcomm/cad/16356in_afrt.dxf,https://www.kohler.co.in/p/sf-showerhead-with-arm-escutcheon-16356in-a?skuId=16356IN-A-AF
16356IN-A-AF,CAD Drawing,DWG,https://techcomm.kohler.com/techcomm/cad/16356in_afrt.dwg,https://www.kohler.co.in/p/sf-showerhead-with-arm-escutcheon-16356in-a?skuId=16356IN-A-AF
16356IN-A-AF,CAD Drawing,DXF,https://techcomm.kohler.com/techcomm/cad/16356in_asde.dxf,https://www.kohler.co.in/p/sf-showerhead-with-arm-escutcheon-16356in-a?skuId=16356IN-A-AF
16356IN-A-AF,CAD Drawing,DWG,https://techcomm.kohler.com/techcomm/cad/16356in_asde.dwg,https://www.kohler.co.in/p/sf-showerhead-with-arm-escutcheon-16356in-a?skuId=16356IN-A-AF
16356IN-A-AF,CAD Drawing,DXF,https://techcomm.kohler.com/techcomm/cad/16356IN-A.dxf,https://www.kohler.co.in/p/sf-showerhead-with-arm-escutcheon-16356in-a?skuId=16356IN-A-AF
16356IN-A-AF,CAD Drawing,DWG,https://techcomm.kohler.com/techcomm/cad/16356IN-A.dwg,https://www.kohler.co.in/p/sf-showerhead-with-arm-escutcheon-16356in-a?skuId=16356IN-A-AF
16356IN-A-AF,Spec Sheet,PDF,https://techcomm.kohler.com/techcomm/pdf/K-16356IN-A_spec_IN_Kohler_en.pdf,https://www.kohler.co.in/p/sf-showerhead-with-arm-escutcheon-16356in-a?skuId=16356IN-A-AF
16356IN-A-AF,Environmental Document,PDF,https://techcomm.kohler.com/techcomm/pdf/1667467-24.pdf,https://www.kohler.co.in/p/sf-showerhead-with-arm-escutcheon-16356in-a?skuId=16356IN-A-AF
28529IN-0,3D Model,OBJ,https://techcomm.kohler.com/techcomm/cad/28529IN.obj,https://www.kohler.co.in/p/leap-one-piece-round-front-smart-toilet-dual-flush-28529in?skuId=28529IN-0
28529IN-0,3D Model,SKP,https://techcomm.kohler.com/techcomm/cad/28529IN.skp,https://www.kohler.co.in/p/leap-one-piece-round-front-smart-toilet-dual-flush-28529in?skuId=28529IN-0
28529IN-0,3D Model,3DS,https://techcomm.kohler.com/techcomm/cad/28529IN.3ds,https://www.kohler.co.in/p/leap-one-piece-round-front-smart-toilet-dual-flush-28529in?skuId=28529IN-0
28529IN-0,3D Model,RFA,https://techcomm.kohler.com/techcomm/cad/Toilet-Floor_Mount-KOHLER-Leap-K-28529IN.rfa,https://www.kohler.co.in/p/leap-one-piece-round-front-smart-toilet-dual-flush-28529in?skuId=28529IN-0
28529IN-0,3D Model,RFA,https://techcomm.kohler.com/techcomm/cad/Toilet-Floor_Mount_Intelligent-KOHLER-Leap-K-28529IN.rfa,https://www.kohler.co.in/p/leap-one-piece-round-front-smart-toilet-dual-flush-28529in?skuId=28529IN-0
28529IN-0,CAD Drawing,DXF,https://techcomm.kohler.com/techcomm/cad/28529inpln.dxf,https://www.kohler.co.in/p/leap-one-piece-round-front-smart-toilet-dual-flush-28529in?skuId=28529IN-0
28529IN-0,CAD Drawing,DWG,https://techcomm.kohler.com/techcomm/cad/28529inpln.dwg,https://www.kohler.co.in/p/leap-one-piece-round-front-smart-toilet-dual-flush-28529in?skuId=28529IN-0
28529IN-0,CAD Drawing,DXF,https://techcomm.kohler.com/techcomm/cad/28529infrt.dxf,https://www.kohler.co.in/p/leap-one-piece-round-front-smart-toilet-dual-flush-28529in?skuId=28529IN-0
28529IN-0,CAD Drawing,DWG,https://techcomm.kohler.com/techcomm/cad/28529infrt.dwg,https://www.kohler.co.in/p/leap-one-piece-round-front-smart-toilet-dual-flush-28529in?skuId=28529IN-0
28529IN-0,CAD Drawing,DXF,https://techcomm.kohler.com/techcomm/cad/28529insde.dxf,https://www.kohler.co.in/p/leap-one-piece-round-front-smart-toilet-dual-flush-28529in?skuId=28529IN-0
28529IN-0,CAD Drawing,DWG,https://techcomm.kohler.com/techcomm/cad/28529insde.dwg,https://www.kohler.co.in/p/leap-one-piece-round-front-smart-toilet-dual-flush-28529in?skuId=28529IN-0
28529IN-0,CAD Drawing,DXF,https://techcomm.kohler.com/techcomm/cad/28529IN.dxf,https://www.kohler.co.in/p/leap-one-piece-round-front-smart-toilet-dual-flush-28529in?skuId=28529IN-0
28529IN-0,CAD Drawing,DWG,https://techcomm.kohler.com/techcomm/cad/28529IN.dwg,https://www.kohler.co.in/p/leap-one-piece-round-front-smart-toilet-dual-flush-28529in?skuId=28529IN-0
28529IN-0,Spec Sheet,PDF,https://techcomm.kohler.com/techcomm/pdf/K-28529IN_spec_IN_Kohler_en.pdf,https://www.kohler.co.in/p/leap-one-piece-round-front-smart-toilet-dual-flush-28529in?skuId=28529IN-0
28529IN-0,Homeowners Guide,PDF,https://techcomm.kohler.com/techcomm/pdf/1571558-IN5.pdf,https://www.kohler.co.in/p/leap-one-piece-round-front-smart-toilet-dual-flush-28529in?skuId=28529IN-0
28529IN-0,Installation,PDF,https://techcomm.kohler.com/techcomm/pdf/1571558-IN2.pdf,https://www.kohler.co.in/p/leap-one-piece-round-front-smart-toilet-dual-flush-28529in?skuId=28529IN-0
3983IN-S-0,3D Model,OBJ,https://techcomm.kohler.com/techcomm/cad/3983IN-S.obj,https://www.kohler.co.in/p/reach-one-piece-round-front-toilet-with-skirted-trapway-dual-flush-3983in-s?skuId=3983IN-S-0
3983IN-S-0,3D Model,SKP,https://techcomm.kohler.com/techcomm/cad/3983IN-S.skp,https://www.kohler.co.in/p/reach-one-piece-round-front-toilet-with-skirted-trapway-dual-flush-3983in-s?skuId=3983IN-S-0
3983IN-S-0,3D Model,3DS,https://techcomm.kohler.com/techcomm/cad/3983IN-S.3ds,https://www.kohler.co.in/p/reach-one-piece-round-front-toilet-with-skirted-trapway-dual-flush-3983in-s?skuId=3983IN-S-0
3983IN-S-0,3D Model,RFA,https://techcomm.kohler.com/techcomm/cad/Toilet-Floor_Mount-KOHLER-Reach-K-3983IN.rfa,https://www.kohler.co.in/p/reach-one-piece-round-front-toilet-with-skirted-trapway-dual-flush-3983in-s?skuId=3983IN-S-0
3983IN-S-0,CAD Drawing,DXF,https://techcomm.kohler.com/techcomm/cad/3983in_spln.dxf,https://www.kohler.co.in/p/reach-one-piece-round-front-toilet-with-skirted-trapway-dual-flush-3983in-s?skuId=3983IN-S-0
3983IN-S-0,CAD Drawing,DWG,https://techcomm.kohler.com/techcomm/cad/3983in_spln.dwg,https://www.kohler.co.in/p/reach-one-piece-round-front-toilet-with-skirted-trapway-dual-flush-3983in-s?skuId=3983IN-S-0
3983IN-S-0,CAD Drawing,DXF,https://techcomm.kohler.com/techcomm/cad/3983in_sfrt.dxf,https://www.kohler.co.in/p/reach-one-piece-round-front-toilet-with-skirted-trapway-dual-flush-3983in-s?skuId=3983IN-S-0
3983IN-S-0,CAD Drawing,DWG,https://techcomm.kohler.com/techcomm/cad/3983in_sfrt.dwg,https://www.kohler.co.in/p/reach-one-piece-round-front-toilet-with-skirted-trapway-dual-flush-3983in-s?skuId=3983IN-S-0
3983IN-S-0,CAD Drawing,DXF,https://techcomm.kohler.com/techcomm/cad/3983in_ssde.dxf,https://www.kohler.co.in/p/reach-one-piece-round-front-toilet-with-skirted-trapway-dual-flush-3983in-s?skuId=3983IN-S-0
3983IN-S-0,CAD Drawing,DWG,https://techcomm.kohler.com/techcomm/cad/3983in_ssde.dwg,https://www.kohler.co.in/p/reach-one-piece-round-front-toilet-with-skirted-trapway-dual-flush-3983in-s?skuId=3983IN-S-0
3983IN-S-0,CAD Drawing,DXF,https://techcomm.kohler.com/techcomm/cad/3983IN-S.dxf,https://www.kohler.co.in/p/reach-one-piece-round-front-toilet-with-skirted-trapway-dual-flush-3983in-s?skuId=3983IN-S-0
3983IN-S-0,CAD Drawing,DWG,https://techcomm.kohler.com/techcomm/cad/3983IN-S.dwg,https://www.kohler.co.in/p/reach-one-piece-round-front-toilet-with-skirted-trapway-dual-flush-3983in-s?skuId=3983IN-S-0
3983IN-S-0,Spec Sheet,PDF,https://techcomm.kohler.com/techcomm/pdf/K-3983IN-S_spec_IN_Kohler_en.pdf,https://www.kohler.co.in/p/reach-one-piece-round-front-toilet-with-skirted-trapway-dual-flush-3983in-s?skuId=3983IN-S-0
3983IN-S-0,Installation,PDF,http://techpubs.kohlerco.com/pdf/1203790-T2_A1.pdf,https://www.kohler.co.in/p/reach-one-piece-round-front-toilet-with-skirted-trapway-dual-flush-3983in-s?skuId=3983IN-S-0
1381T-S-0,3D Model,OBJ,https://techcomm.kohler.com/techcomm/cad/1381T-S.obj,https://www.kohler.co.in/p/veil-one-piece-elongated-toilet-with-skirted-trapway-dual-flush-1381t-s?skuId=1381T-S-0
1381T-S-0,3D Model,SKP,https://techcomm.kohler.com/techcomm/cad/1381T-S.skp,https://www.kohler.co.in/p/veil-one-piece-elongated-toilet-with-skirted-trapway-dual-flush-1381t-s?skuId=1381T-S-0
1381T-S-0,3D Model,3DS,https://techcomm.kohler.com/techcomm/cad/1381T-S.3ds,https://www.kohler.co.in/p/veil-one-piece-elongated-toilet-with-skirted-trapway-dual-flush-1381t-s?skuId=1381T-S-0
1381T-S-0,3D Model,RFA,https://techcomm.kohler.com/techcomm/cad/Toilet-Floor_Mount-KOHLER-VEIL-K-1381T.rfa,https://www.kohler.co.in/p/veil-one-piece-elongated-toilet-with-skirted-trapway-dual-flush-1381t-s?skuId=1381T-S-0
1381T-S-0,CAD Drawing,DXF,https://techcomm.kohler.com/techcomm/cad/1381t_spln.dxf,https://www.kohler.co.in/p/veil-one-piece-elongated-toilet-with-skirted-trapway-dual-flush-1381t-s?skuId=1381T-S-0
1381T-S-0,CAD Drawing,DWG,https://techcomm.kohler.com/techcomm/cad/1381t_spln.dwg,https://www.kohler.co.in/p/veil-one-piece-elongated-toilet-with-skirted-trapway-dual-flush-1381t-s?skuId=1381T-S-0
1381T-S-0,CAD Drawing,DXF,https://techcomm.kohler.com/techcomm/cad/1381t_sfrt.dxf,https://www.kohler.co.in/p/veil-one-piece-elongated-toilet-with-skirted-trapway-dual-flush-1381t-s?skuId=1381T-S-0
1381T-S-0,CAD Drawing,DWG,https://techcomm.kohler.com/techcomm/cad/1381t_sfrt.dwg,https://www.kohler.co.in/p/veil-one-piece-elongated-toilet-with-skirted-trapway-dual-flush-1381t-s?skuId=1381T-S-0
1381T-S-0,CAD Drawing,DXF,https://techcomm.kohler.com/techcomm/cad/1381t_ssde.dxf,https://www.kohler.co.in/p/veil-one-piece-elongated-toilet-with-skirted-trapway-dual-flush-1381t-s?skuId=1381T-S-0
1381T-S-0,CAD Drawing,DWG,https://techcomm.kohler.com/techcomm/cad/1381t_ssde.dwg,https://www.kohler.co.in/p/veil-one-piece-elongated-toilet-with-skirted-trapway-dual-flush-1381t-s?skuId=1381T-S-0
1381T-S-0,CAD Drawing,DXF,https://techcomm.kohler.com/techcomm/cad/1381T-S.dxf,https://www.kohler.co.in/p/veil-one-piece-elongated-toilet-with-skirted-trapway-dual-flush-1381t-s?skuId=1381T-S-0
1381T-S-0,CAD Drawing,DWG,https://techcomm.kohler.com/techcomm/cad/1381T-S.dwg,https://www.kohler.co.in/p/veil-one-piece-elongated-toilet-with-skirted-trapway-dual-flush-1381t-s?skuId=1381T-S-0
1381T-S-0,Spec Sheet,PDF,https://techcomm.kohler.com/techcomm/pdf/K-1381T-S_spec_CN_Kohler_en.pdf,https://www.kohler.co.in/p/veil-one-piece-elongated-toilet-with-skirted-trapway-dual-flush-1381t-s?skuId=1381T-S-0
1381T-S-0,Spec Sheet,PDF,https://techcomm.kohler.com/techcomm/pdf/K-1381T-S_spec_IN_Kohler_en.pdf,https://www.kohler.co.in/p/veil-one-piece-elongated-toilet-with-skirted-trapway-dual-flush-1381t-s?skuId=1381T-S-0
1381T-S-0,Environmental Document,PDF,https://techcomm.kohler.com/techcomm/pdf/1667519-24.pdf,https://www.kohler.co.in/p/veil-one-piece-elongated-toilet-with-skirted-trapway-dual-flush-1381t-s?skuId=1381T-S-0
1381T-S-0,Installation,PDF,https://techcomm.kohler.com/techcomm/pdf/1565677434451_K-1381T_K-1382T.pdf,https://www.kohler.co.in/p/veil-one-piece-elongated-toilet-with-skirted-trapway-dual-flush-1381t-s?skuId=1381T-S-0
1381T-S-0,Parts,PDF,https://techcomm.kohler.com/techcomm/pdf/Service part 1262233-T8-B(1381-1382)-2018-3-21.pdf,https://www.kohler.co.in/p/veil-one-piece-elongated-toilet-with-skirted-trapway-dual-flush-1381t-s?skuId=1381T-S-0
8688T-S-0,3D Model,OBJ,https://techcomm.kohler.com/techcomm/cad/8688T-S.obj,https://www.kohler.co.in/p/san-raphael-grande-one-piece-elongated-toilet-with-skirted-trapway-4-8-lpf-8688t-s?skuId=8688T-S-0
8688T-S-0,3D Model,SKP,https://techcomm.kohler.com/techcomm/cad/8688T-S.skp,https://www.kohler.co.in/p/san-raphael-grande-one-piece-elongated-toilet-with-skirted-trapway-4-8-lpf-8688t-s?skuId=8688T-S-0
8688T-S-0,3D Model,3DS,https://techcomm.kohler.com/techcomm/cad/8688T-S.3ds,https://www.kohler.co.in/p/san-raphael-grande-one-piece-elongated-toilet-with-skirted-trapway-4-8-lpf-8688t-s?skuId=8688T-S-0
8688T-S-0,3D Model,RFA,https://techcomm.kohler.com/techcomm/cad/Toilet-Floor_Mount-KOHLER-SAN_RAPHAEL-K-8688T.rfa,https://www.kohler.co.in/p/san-raphael-grande-one-piece-elongated-toilet-with-skirted-trapway-4-8-lpf-8688t-s?skuId=8688T-S-0
8688T-S-0,CAD Drawing,DXF,https://techcomm.kohler.com/techcomm/cad/8688t_spln.dxf,https://www.kohler.co.in/p/san-raphael-grande-one-piece-elongated-toilet-with-skirted-trapway-4-8-lpf-8688t-s?skuId=8688T-S-0
8688T-S-0,CAD Drawing,DWG,https://techcomm.kohler.com/techcomm/cad/8688t_spln.dwg,https://www.kohler.co.in/p/san-raphael-grande-one-piece-elongated-toilet-with-skirted-trapway-4-8-lpf-8688t-s?skuId=8688T-S-0
8688T-S-0,CAD Drawing,DXF,https://techcomm.kohler.com/techcomm/cad/8688t_sfrt.dxf,https://www.kohler.co.in/p/san-raphael-grande-one-piece-elongated-toilet-with-skirted-trapway-4-8-lpf-8688t-s?skuId=8688T-S-0
8688T-S-0,CAD Drawing,DWG,https://techcomm.kohler.com/techcomm/cad/8688t_sfrt.dwg,https://www.kohler.co.in/p/san-raphael-grande-one-piece-elongated-toilet-with-skirted-trapway-4-8-lpf-8688t-s?skuId=8688T-S-0
8688T-S-0,CAD Drawing,DXF,https://techcomm.kohler.com/techcomm/cad/8688t_ssde.dxf,https://www.kohler.co.in/p/san-raphael-grande-one-piece-elongated-toilet-with-skirted-trapway-4-8-lpf-8688t-s?skuId=8688T-S-0
8688T-S-0,CAD Drawing,DWG,https://techcomm.kohler.com/techcomm/cad/8688t_ssde.dwg,https://www.kohler.co.in/p/san-raphael-grande-one-piece-elongated-toilet-with-skirted-trapway-4-8-lpf-8688t-s?skuId=8688T-S-0
8688T-S-0,CAD Drawing,DXF,https://techcomm.kohler.com/techcomm/cad/8688T-S.dxf,https://www.kohler.co.in/p/san-raphael-grande-one-piece-elongated-toilet-with-skirted-trapway-4-8-lpf-8688t-s?skuId=8688T-S-0
8688T-S-0,CAD Drawing,DWG,https://techcomm.kohler.com/techcomm/cad/8688T-S.dwg,https://www.kohler.co.in/p/san-raphael-grande-one-piece-elongated-toilet-with-skirted-trapway-4-8-lpf-8688t-s?skuId=8688T-S-0
8688T-S-0,Spec Sheet,PDF,https://techcomm.kohler.com/techcomm/pdf/K-8688T-S_spec_IN_Kohler_en.pdf,https://www.kohler.co.in/p/san-raphael-grande-one-piece-elongated-toilet-with-skirted-trapway-4-8-lpf-8688t-s?skuId=8688T-S-0
8688T-S-0,Installation,PDF,https://techcomm.kohler.com/techcomm/pdf/k-8688T.pdf,https://www.kohler.co.in/p/san-raphael-grande-one-piece-elongated-toilet-with-skirted-trapway-4-8-lpf-8688t-s?skuId=8688T-S-0
8688T-S-0,Parts,PDF,https://techcomm.kohler.com/techcomm/pdf/8688T_s.pdf,https://www.kohler.co.in/p/san-raphael-grande-one-piece-elongated-toilet-with-skirted-trapway-4-8-lpf-8688t-s?skuId=8688T-S-0
29777IN-0,3D Model,OBJ,https://techcomm.kohler.com/techcomm/cad/29777IN.obj,https://www.kohler.co.in/p/innate-one-piece-elongated-smart-toilet-dual-flush-29777in?skuId=29777IN-0
29777IN-0,3D Model,SKP,https://techcomm.kohler.com/techcomm/cad/29777IN.skp,https://www.kohler.co.in/p/innate-one-piece-elongated-smart-toilet-dual-flush-29777in?skuId=29777IN-0
29777IN-0,3D Model,3DS,https://techcomm.kohler.com/techcomm/cad/29777IN.3ds,https://www.kohler.co.in/p/innate-one-piece-elongated-smart-toilet-dual-flush-29777in?skuId=29777IN-0
29777IN-0,3D Model,RFA,https://techcomm.kohler.com/techcomm/cad/Toilet-Floor_Mount-KOHLER-Innate-K-29777IN.rfa,https://www.kohler.co.in/p/innate-one-piece-elongated-smart-toilet-dual-flush-29777in?skuId=29777IN-0
29777IN-0,CAD Drawing,DXF,https://techcomm.kohler.com/techcomm/cad/29777inpln.dxf,https://www.kohler.co.in/p/innate-one-piece-elongated-smart-toilet-dual-flush-29777in?skuId=29777IN-0
29777IN-0,CAD Drawing,DWG,https://techcomm.kohler.com/techcomm/cad/29777inpln.dwg,https://www.kohler.co.in/p/innate-one-piece-elongated-smart-toilet-dual-flush-29777in?skuId=29777IN-0
29777IN-0,CAD Drawing,DXF,https://techcomm.kohler.com/techcomm/cad/29777infrt.dxf,https://www.kohler.co.in/p/innate-one-piece-elongated-smart-toilet-dual-flush-29777in?skuId=29777IN-0
29777IN-0,CAD Drawing,DWG,https://techcomm.kohler.com/techcomm/cad/29777infrt.dwg,https://www.kohler.co.in/p/innate-one-piece-elongated-smart-toilet-dual-flush-29777in?skuId=29777IN-0
29777IN-0,CAD Drawing,DXF,https://techcomm.kohler.com/techcomm/cad/29777insde.dxf,https://www.kohler.co.in/p/innate-one-piece-elongated-smart-toilet-dual-flush-29777in?skuId=29777IN-0
29777IN-0,CAD Drawing,DWG,https://techcomm.kohler.com/techcomm/cad/29777insde.dwg,https://www.kohler.co.in/p/innate-one-piece-elongated-smart-toilet-dual-flush-29777in?skuId=29777IN-0
29777IN-0,CAD Drawing,DXF,https://techcomm.kohler.com/techcomm/cad/29777IN.dxf,https://www.kohler.co.in/p/innate-one-piece-elongated-smart-toilet-dual-flush-29777in?skuId=29777IN-0
29777IN-0,CAD Drawing,DWG,https://techcomm.kohler.com/techcomm/cad/29777IN.dwg,https://www.kohler.co.in/p/innate-one-piece-elongated-smart-toilet-dual-flush-29777in?skuId=29777IN-0
29777IN-0,Spec Sheet,PDF,https://techcomm.kohler.com/techcomm/pdf/K-29777IN_spec_IN_Kohler_en.pdf,https://www.kohler.co.in/p/innate-one-piece-elongated-smart-toilet-dual-flush-29777in?skuId=29777IN-0
5401IN-0,3D Model,OBJ,https://techcomm.kohler.com/techcomm/cad/5401IN.obj,https://www.kohler.co.in/p/veil-smart-one-piece-toilet-5401in?skuId=5401IN-0
5401IN-0,3D Model,SKP,https://techcomm.kohler.com/techcomm/cad/5401IN.skp,https://www.kohler.co.in/p/veil-smart-one-piece-toilet-5401in?skuId=5401IN-0
5401IN-0,3D Model,3DS,https://techcomm.kohler.com/techcomm/cad/5401IN.3ds,https://www.kohler.co.in/p/veil-smart-one-piece-toilet-5401in?skuId=5401IN-0
5401IN-0,3D Model,RFA,https://techcomm.kohler.com/techcomm/cad/Toilet-Floor_Mount-KOHLER-VEIL-K-5401IN.rfa,https://www.kohler.co.in/p/veil-smart-one-piece-toilet-5401in?skuId=5401IN-0
5401IN-0,CAD Drawing,DXF,https://techcomm.kohler.com/techcomm/cad/5401inpln.dxf,https://www.kohler.co.in/p/veil-smart-one-piece-toilet-5401in?skuId=5401IN-0
5401IN-0,CAD Drawing,DWG,https://techcomm.kohler.com/techcomm/cad/5401inpln.dwg,https://www.kohler.co.in/p/veil-smart-one-piece-toilet-5401in?skuId=5401IN-0
5401IN-0,CAD Drawing,DXF,https://techcomm.kohler.com/techcomm/cad/5401infrt.dxf,https://www.kohler.co.in/p/veil-smart-one-piece-toilet-5401in?skuId=5401IN-0
5401IN-0,CAD Drawing,DWG,https://techcomm.kohler.com/techcomm/cad/5401infrt.dwg,https://www.kohler.co.in/p/veil-smart-one-piece-toilet-5401in?skuId=5401IN-0
5401IN-0,CAD Drawing,DXF,https://techcomm.kohler.com/techcomm/cad/5401insde.dxf,https://www.kohler.co.in/p/veil-smart-one-piece-toilet-5401in?skuId=5401IN-0
5401IN-0,CAD Drawing,DWG,https://techcomm.kohler.com/techcomm/cad/5401insde.dwg,https://www.kohler.co.in/p/veil-smart-one-piece-toilet-5401in?skuId=5401IN-0
5401IN-0,CAD Drawing,DXF,https://techcomm.kohler.com/techcomm/cad/5401IN.dxf,https://www.kohler.co.in/p/veil-smart-one-piece-toilet-5401in?skuId=5401IN-0
5401IN-0,CAD Drawing,DWG,https://techcomm.kohler.com/techcomm/cad/5401IN.dwg,https://www.kohler.co.in/p/veil-smart-one-piece-toilet-5401in?skuId=5401IN-0
5401IN-0,Installation,PDF,https://techcomm.kohler.com/techcomm/pdf/1373184-IN01_A1.pdf,https://www.kohler.co.in/p/veil-smart-one-piece-toilet-5401in?skuId=5401IN-0
5401IN-0,Parts,PDF,https://techcomm.kohler.com/techcomm/pdf/1112833-8_p01.pdf,https://www.kohler.co.in/p/veil-smart-one-piece-toilet-5401in?skuId=5401IN-0
17629T-NS-0,3D Model,OBJ,https://techcomm.kohler.com/techcomm/cad/17629T-NS.obj,https://www.kohler.co.in/p/ove-one-piece-round-front-toilet-with-skirted-trapway-dual-flush-17629t-ns?skuId=17629T-NS-0
17629T-NS-0,3D Model,SKP,https://techcomm.kohler.com/techcomm/cad/17629T-NS.skp,https://www.kohler.co.in/p/ove-one-piece-round-front-toilet-with-skirted-trapway-dual-flush-17629t-ns?skuId=17629T-NS-0
17629T-NS-0,3D Model,3DS,https://techcomm.kohler.com/techcomm/cad/17629T-NS.3ds,https://www.kohler.co.in/p/ove-one-piece-round-front-toilet-with-skirted-trapway-dual-flush-17629t-ns?skuId=17629T-NS-0
17629T-NS-0,3D Model,RFA,https://techcomm.kohler.com/techcomm/cad/Toilet-Floor_Mount-KOHLER-OVE-K-17629T.rfa,https://www.kohler.co.in/p/ove-one-piece-round-front-toilet-with-skirted-trapway-dual-flush-17629t-ns?skuId=17629T-NS-0
17629T-NS-0,CAD Drawing,DXF,https://techcomm.kohler.com/techcomm/cad/17629t_nspln.dxf,https://www.kohler.co.in/p/ove-one-piece-round-front-toilet-with-skirted-trapway-dual-flush-17629t-ns?skuId=17629T-NS-0
17629T-NS-0,CAD Drawing,DWG,https://techcomm.kohler.com/techcomm/cad/17629t_nspln.dwg,https://www.kohler.co.in/p/ove-one-piece-round-front-toilet-with-skirted-trapway-dual-flush-17629t-ns?skuId=17629T-NS-0
17629T-NS-0,CAD Drawing,DXF,https://techcomm.kohler.com/techcomm/cad/17629t_nsfrt.dxf,https://www.kohler.co.in/p/ove-one-piece-round-front-toilet-with-skirted-trapway-dual-flush-17629t-ns?skuId=17629T-NS-0
17629T-NS-0,CAD Drawing,DWG,https://techcomm.kohler.com/techcomm/cad/17629t_nsfrt.dwg,https://www.kohler.co.in/p/ove-one-piece-round-front-toilet-with-skirted-trapway-dual-flush-17629t-ns?skuId=17629T-NS-0
17629T-NS-0,CAD Drawing,DXF,https://techcomm.kohler.com/techcomm/cad/17629t_nssde.dxf,https://www.kohler.co.in/p/ove-one-piece-round-front-toilet-with-skirted-trapway-dual-flush-17629t-ns?skuId=17629T-NS-0
17629T-NS-0,CAD Drawing,DWG,https://techcomm.kohler.com/techcomm/cad/17629t_nssde.dwg,https://www.kohler.co.in/p/ove-one-piece-round-front-toilet-with-skirted-trapway-dual-flush-17629t-ns?skuId=17629T-NS-0
17629T-NS-0,CAD Drawing,DXF,https://techcomm.kohler.com/techcomm/cad/17629T-NS.dxf,https://www.kohler.co.in/p/ove-one-piece-round-front-toilet-with-skirted-trapway-dual-flush-17629t-ns?skuId=17629T-NS-0
17629T-NS-0,CAD Drawing,DWG,https://techcomm.kohler.com/techcomm/cad/17629T-NS.dwg,https://www.kohler.co.in/p/ove-one-piece-round-front-toilet-with-skirted-trapway-dual-flush-17629t-ns?skuId=17629T-NS-0
17629T-NS-0,Spec Sheet,PDF,https://techcomm.kohler.com/techcomm/pdf/K-17629T-NS_spec_CN_Kohler_en.pdf,https://www.kohler.co.in/p/ove-one-piece-round-front-toilet-with-skirted-trapway-dual-flush-17629t-ns?skuId=17629T-NS-0
17629T-NS-0,Spec Sheet,PDF,https://techcomm.kohler.com/techcomm/pdf/K-17629T-NS_spec_IN_Kohler_en.pdf,https://www.kohler.co.in/p/ove-one-piece-round-front-toilet-with-skirted-trapway-dual-flush-17629t-ns?skuId=17629T-NS-0
17629T-NS-0,Installation,PDF,http://techpubs.kohlerco.com/pdf/1089093-T2_B2.pdf,https://www.kohler.co.in/p/ove-one-piece-round-front-toilet-with-skirted-trapway-dual-flush-17629t-ns?skuId=17629T-NS-0
17663IN-0,Spec Sheet,PDF,https://techcomm.kohler.com/techcomm/pdf/K-17663IN_spec_IN_Kohler_en.pdf,https://www.kohler.co.in/p/odeon-two-piece-toilet-tank-dual-flush-17663in?skuId=17663IN-0
17663IN-0,Installation,PDF,https://techcomm.kohler.com/techcomm/pdf/1065282-IN2_K2.pdf,https://www.kohler.co.in/p/odeon-two-piece-toilet-tank-dual-flush-17663in?skuId=17663IN-0
1853IN-0,Spec Sheet,PDF,https://techcomm.kohler.com/techcomm/pdf/K-1853IN_spec_IN_Kohler_en.pdf,https://www.kohler.co.in/p/brive-compact-elongated-toilet-bowl-with-concealed-trapway-1853in?skuId=1853IN-0
1853IN-0,Installation,PDF,http://techpubs.kohlerco.com/pdf/fct/1210990-IN01_K1.pdf,https://www.kohler.co.in/p/brive-compact-elongated-toilet-bowl-with-concealed-trapway-1853in?skuId=1853IN-0
1855IN-0,Spec Sheet,PDF,https://techcomm.kohler.com/techcomm/pdf/K-1855IN_spec_IN_Kohler_en.pdf,https://www.kohler.co.in/p/brive-2pc-tank-only-1855in?skuId=1855IN-0
1851IN-0,3D Model,RFA,https://techcomm.kohler.com/techcomm/cad/Toilet-Floor_Mount-KOHLER-Brive-K-1851IN.rfa,https://www.kohler.co.in/p/brive-p-trap-2-pc-bowl-only-1851in?skuId=1851IN-0
1851IN-0,Spec Sheet,PDF,https://techcomm.kohler.com/techcomm/pdf/K-1851IN_spec_IN_Kohler_en.pdf,https://www.kohler.co.in/p/brive-p-trap-2-pc-bowl-only-1851in?skuId=1851IN-0
1851IN-0,Installation,PDF,http://techpubs.kohlerco.com/pdf/fct/1210990-IN01_K1.pdf,https://www.kohler.co.in/p/brive-p-trap-2-pc-bowl-only-1851in?skuId=1851IN-0
